VideoName,X,Y,Cluster
B6_D1,355,0,113,0,0
B10_D1,353,0,269,0,0
B6_D1,67,0,196,0,0
B10_D1,585,0,79,0,0
B6_D1,369,0,39,0,0
G1_D1,75,0,55,0,0
B6_D1,87,0,301,0,0
G1_D1,1016,0,208,0,0
B10_D1,269,0,14,0,0
B10_D1,109,0,84,0,0
B6_D1,213,0,70,0,0
B6_D1,934,0,494,0,0
G1_D1,157,0,17,0,0
B6_D1,942,0,32,0,0
B4_D1,5,0,362,0,0
B10_D1,560,0,75,0,0
B6_D1,814,0,101,0,0
B2_D1,711,0,44,0,0
B2_D1,966,0,3,0,0
B6_D1,830,0,392,0,0
G1_D1,218,0,51,0,0
B6_D1,680,0,415,0,0
B6_D1,155,0,267,0,0
G1_D1,994,0,178,0,0
B6_D1,621,0,241,0,0
B2_D1,466,0,168,0,0
B6_D1,960,0,424,0,0
B10_D1,199,0,434,0,0
B6_D1,497,0,27,0,0
B10_D1,614,0,133,0,0
B10_D1,351,0,275,0,0
G1_D1,303,0,91,0,0
B10_D1,35,0,98,0,0
B6_D1,789,0,73,0,0
B10_D1,46,0,511,0,0
B4_D1,1023,0,217,0,0
B10_D1,497,0,303,0,0
B6_D1,224,0,39,0,0
B10_D1,448,0,194,0,0
B10_D1,312,0,6,0,0
B8_D1,611,0,302,0,0
B2_D1,590,0,26,0,0
B6_D1,334,0,494,0,0
B4_D1,198,0,237,0,0
B4_D1,4,0,104,0,0
B10_D1,693,0,112,0,0
B10_D1,513,0,473,0,0
B6_D1,393,0,481,0,0
B10_D1,16,0,217,0,0
G1_D1,536,0,143,0,0
B6_D1,538,0,335,0,0
B10_D1,383,0,249,0,0
B6_D1,41,0,74,0,0
G1_D1,34,0,209,0,0
B10_D1,595,0,79,0,0
B6_D1,576,0,225,0,0
B6_D1,312,0,237,0,0
G1_D1,285,0,45,0,0
G1_D1,586,0,201,0,0
G1_D1,1007,0,210,0,0
B6_D1,448,0,69,0,0
B6_D1,1010,0,500,0,0
B6_D1,976,0,141,0,0
G1_D1,164,0,4,0,0
B10_D1,7,0,110,0,0
B6_D1,939,0,214,0,0
B2_D1,742,0,225,0,0
B6_D1,766,0,193,0,0
B6_D1,1017,0,71,0,0
B6_D1,35,0,500,0,0
B6_D1,733,0,189,0,0
B6_D1,103,0,97,0,0
B10_D1,227,0,158,0,0
G1_D1,18,0,274,0,0
B6_D1,962,0,37,0,0
B6_D1,312,0,7,0,0
B6_D1,415,0,390,0,0
B4_D1,668,0,202,0,0
B10_D1,257,0,235,0,0
B6_D1,145,0,45,0,0
B8_D1,140,0,69,0,0
G1_D1,135,0,511,0,0
B2_D1,278,0,36,0,0
G1_D1,63,0,49,0,0
B6_D1,879,0,306,0,0
B10_D1,314,0,8,0,0
B4_D1,500,0,282,0,0
B10_D1,657,0,275,0,0
B6_D1,47,0,239,0,0
B6_D1,188,0,38,0,0
B10_D1,456,0,506,0,0
G1_D1,2,0,447,0,0
B4_D1,643,0,225,0,0
B10_D1,203,0,41,0,0
B10_D1,818,0,311,0,0
B10_D1,830,0,91,0,0
B6_D1,431,0,389,0,0
B6_D1,774,0,14,0,0
B10_D1,163,0,503,0,0
B10_D1,457,0,339,0,0
B10_D1,473,0,482,0,0
G1_D1,211,0,19,0,0
B6_D1,609,0,509,0,0
B10_D1,488,0,56,0,0
G1_D1,244,0,408,0,0
B6_D1,83,0,508,0,0
B10_D1,20,0,33,0,0
B4_D1,473,0,128,0,0
B6_D1,208,0,508,0,0
B10_D1,165,0,441,0,0
B10_D1,191,0,36,0,0
B4_D1,0,0,208,0,0
B6_D1,942,0,86,0,0
B6_D1,441,0,358,0,0
B10_D1,19,0,21,0,0
B6_D1,927,0,27,0,0
B2_D1,1,0,153,0,0
B10_D1,287,0,304,0,0
B8_D1,126,0,211,0,0
B4_D1,882,0,242,0,0
B6_D1,123,0,405,0,0
G1_D1,479,0,232,0,0
B6_D1,712,0,482,0,0
G1_D1,599,0,221,0,0
G1_D1,680,0,22,0,0
B4_D1,234,0,34,0,0
B6_D1,850,0,500,0,0
B6_D1,613,0,18,0,0
G1_D1,877,0,48,0,0
B10_D1,558,0,107,0,0
G1_D1,556,0,213,0,0
B10_D1,824,0,415,0,0
B10_D1,602,0,124,0,0
G1_D1,683,0,197,0,0
B6_D1,773,0,56,0,0
B10_D1,115,0,126,0,0
B6_D1,606,0,359,0,0
B2_D1,782,0,225,0,0
G1_D1,206,0,57,0,0
G1_D1,992,0,171,0,0
B6_D1,776,0,511,0,0
G1_D1,24,0,308,0,0
B6_D1,932,0,437,0,0
G1_D1,969,0,23,0,0
B6_D1,660,0,500,0,0
B10_D1,286,0,317,0,0
B2_D1,129,0,430,0,0
B10_D1,300,0,177,0,0
G1_D1,823,0,162,0,0
B6_D1,226,0,158,0,0
B10_D1,419,0,133,0,0
B10_D1,410,0,219,0,0
G1_D1,24,0,61,0,0
B10_D1,290,0,253,0,0
B6_D1,758,0,338,0,0
B6_D1,66,0,91,0,0
G1_D1,836,0,315,0,0
B6_D1,140,0,0,0,0
B10_D1,856,0,378,0,0
B6_D1,938,0,245,0,0
B6_D1,762,0,47,0,0
B6_D1,138,0,312,0,0
B6_D1,437,0,12,0,0
B6_D1,565,0,287,0,0
B6_D1,349,0,433,0,0
B10_D1,215,0,57,0,0
B6_D1,20,0,15,0,0
G1_D1,32,0,306,0,0
B2_D1,854,0,247,0,0
G1_D1,980,0,110,0,0
B10_D1,364,0,49,0,0
G1_D1,304,0,11,0,0
B8_D1,99,0,105,0,0
B10_D1,820,0,271,0,0
B6_D1,1003,0,18,0,0
B10_D1,186,0,224,0,0
B10_D1,778,0,59,0,0
B10_D1,612,0,135,0,0
B10_D1,209,0,19,0,0
B6_D1,939,0,44,0,0
G1_D1,504,0,150,0,0
B6_D1,280,0,171,0,0
B10_D1,670,0,137,0,0
B6_D1,643,0,425,0,0
B6_D1,557,0,185,0,0
B6_D1,604,0,162,0,0
G1_D1,587,0,18,0,0
G1_D1,352,0,17,0,0
B2_D1,860,0,237,0,0
B6_D1,479,0,72,0,0
B2_D1,468,0,126,0,0
B10_D1,363,0,150,0,0
B10_D1,815,0,434,0,0
G1_D1,16,0,144,0,0
B2_D1,161,0,72,0,0
B10_D1,523,0,274,0,0
B2_D1,437,0,42,0,0
B10_D1,182,0,40,0,0
B10_D1,571,0,323,0,0
B6_D1,777,0,305,0,0
B10_D1,11,0,88,0,0
B8_D1,612,0,183,0,0
G1_D1,828,0,82,0,0
B6_D1,779,0,384,0,0
B6_D1,429,0,67,0,0
B10_D1,440,0,155,0,0
G1_D1,315,0,269,0,0
B10_D1,311,0,225,0,0
B10_D1,204,0,291,0,0
B6_D1,189,0,44,0,0
B10_D1,162,0,98,0,0
G1_D1,764,0,104,0,0
B6_D1,316,0,189,0,0
B2_D1,897,0,85,0,0
B10_D1,120,0,260,0,0
G1_D1,762,0,101,0,0
B10_D1,519,0,302,0,0
G1_D1,973,0,274,0,0
B4_D1,791,0,234,0,0
G1_D1,261,0,323,0,0
B10_D1,445,0,209,0,0
B6_D1,754,0,330,0,0
G1_D1,138,0,414,0,0
B10_D1,281,0,281,0,0
B10_D1,597,0,95,0,0
G1_D1,9,0,43,0,0
B10_D1,1011,0,483,0,0
B6_D1,743,0,28,0,0
B6_D1,912,0,403,0,0
G1_D1,464,0,89,0,0
B6_D1,302,0,343,0,0
B4_D1,742,0,322,0,0
G1_D1,292,0,180,0,0
B6_D1,228,0,453,0,0
G1_D1,995,0,152,0,0
B10_D1,364,0,139,0,0
G1_D1,997,0,132,0,0
B10_D1,13,0,54,0,0
B10_D1,300,0,264,0,0
B8_D1,38,0,270,0,0
B10_D1,709,0,35,0,0
B10_D1,392,0,256,0,0
G1_D1,490,0,74,0,0
B6_D1,960,0,0,0,0
B10_D1,805,0,454,0,0
B10_D1,500,0,146,0,0
B10_D1,122,0,231,0,0
G1_D1,302,0,17,0,0
B10_D1,620,0,31,0,0
G1_D1,1013,0,126,0,0
B10_D1,320,0,215,0,0
B6_D1,377,0,497,0,0
G1_D1,262,0,338,0,0
B10_D1,342,0,268,0,0
B2_D1,856,0,11,0,0
B6_D1,916,0,391,0,0
B6_D1,791,0,125,0,0
G1_D1,958,0,207,0,0
B6_D1,100,0,476,0,0
B6_D1,433,0,23,0,0
B10_D1,642,0,270,0,0
B4_D1,142,0,48,0,0
B10_D1,563,0,295,0,0
B10_D1,945,0,82,0,0
B6_D1,74,0,397,0,0
B10_D1,905,0,15,0,0
B10_D1,916,0,324,0,0
G1_D1,989,0,178,0,0
B8_D1,715,0,511,0,0
B4_D1,556,0,91,0,0
B10_D1,479,0,32,0,0
G1_D1,369,0,6,0,0
B6_D1,598,0,67,0,0
B6_D1,923,0,117,0,0
B10_D1,179,0,172,0,0
B6_D1,525,0,10,0,0
B10_D1,613,0,318,0,0
B6_D1,697,0,59,0,0
B6_D1,530,0,398,0,0
B4_D1,628,0,297,0,0
B6_D1,774,0,19,0,0
B6_D1,426,0,486,0,0
B10_D1,756,0,90,0,0
B6_D1,882,0,492,0,0
B6_D1,681,0,511,0,0
B6_D1,855,0,500,0,0
G1_D1,1020,0,145,0,0
B6_D1,282,0,502,0,0
B6_D1,103,0,98,0,0
B6_D1,413,0,172,0,0
B6_D1,974,0,29,0,0
G1_D1,589,0,74,0,0
B6_D1,180,0,130,0,0
B10_D1,932,0,81,0,0
B6_D1,962,0,352,0,-1
B8_D1,213,0,346,0,0
B10_D1,356,0,258,0,0
B10_D1,14,0,250,0,0
G1_D1,1005,0,165,0,0
G1_D1,614,0,5,0,0
G1_D1,399,0,9,0,0
B10_D1,688,0,300,0,0
B4_D1,58,0,16,0,0
G1_D1,937,0,294,0,0
G1_D1,209,0,265,0,0
B6_D1,888,0,13,0,0
B6_D1,882,0,143,0,0
B10_D1,704,0,446,0,0
B10_D1,742,0,270,0,0
B10_D1,699,0,60,0,0
G1_D1,531,0,15,0,0
B10_D1,145,0,49,0,0
B6_D1,60,0,121,0,0
B10_D1,227,0,177,0,0
G1_D1,721,0,1,0,0
B6_D1,70,0,45,0,0
B10_D1,507,0,217,0,0
B10_D1,212,0,6,0,0
B6_D1,529,0,184,0,0
B6_D1,378,0,481,0,0
B6_D1,458,0,13,0,0
B6_D1,700,0,452,0,0
B4_D1,289,0,231,0,0
G1_D1,197,0,263,0,0
B6_D1,33,0,53,0,0
G1_D1,991,0,144,0,0
B6_D1,247,0,507,0,0
B10_D1,380,0,7,0,0
G1_D1,585,0,171,0,0
G1_D1,799,0,5,0,0
B6_D1,827,0,17,0,0
B6_D1,627,0,27,0,0
B6_D1,65,0,357,0,-1
B6_D1,805,0,83,0,0
G1_D1,76,0,57,0,0
B2_D1,386,0,287,0,0
G1_D1,1014,0,3,0,0
B10_D1,155,0,105,0,0
B6_D1,205,0,5,0,0
B6_D1,94,0,145,0,0
B6_D1,781,0,400,0,0
B10_D1,138,0,89,0,0
B6_D1,606,0,284,0,0
B6_D1,721,0,411,0,0
B6_D1,132,0,115,0,0
B2_D1,294,0,491,0,0
B10_D1,459,0,464,0,0
B8_D1,399,0,193,0,0
G1_D1,143,0,382,0,0
B2_D1,545,0,161,0,0
G1_D1,81,0,146,0,0
B6_D1,117,0,193,0,0
B6_D1,551,0,478,0,0
B6_D1,974,0,9,0,0
B10_D1,162,0,232,0,0
B6_D1,62,0,148,0,0
B6_D1,160,0,233,0,0
G1_D1,799,0,6,0,0
B10_D1,683,0,176,0,0
B4_D1,789,0,260,0,0
G1_D1,983,0,48,0,0
B4_D1,714,0,62,0,0
B6_D1,769,0,201,0,0
B2_D1,372,0,160,0,0
B10_D1,581,0,52,0,0
G1_D1,188,0,41,0,0
B10_D1,978,0,469,0,0
B6_D1,800,0,0,0,0
B10_D1,134,0,127,0,0
G1_D1,604,0,5,0,0
B6_D1,823,0,480,0,0
B6_D1,769,0,263,0,0
G1_D1,544,0,275,0,0
B6_D1,63,0,89,0,0
B10_D1,171,0,190,0,0
B10_D1,235,0,252,0,0
B6_D1,70,0,202,0,0
B10_D1,272,0,32,0,0
B10_D1,748,0,160,0,0
B4_D1,640,0,302,0,0
B6_D1,820,0,373,0,0
B2_D1,249,0,397,0,0
B6_D1,187,0,507,0,0
B10_D1,231,0,278,0,0
B10_D1,157,0,329,0,0
B10_D1,302,0,50,0,0
G1_D1,326,0,87,0,0
B10_D1,192,0,177,0,0
B2_D1,954,0,257,0,0
B6_D1,161,0,306,0,0
B6_D1,391,0,332,0,0
G1_D1,1014,0,116,0,0
B6_D1,18,0,347,0,0
B8_D1,718,0,314,0,0
B10_D1,212,0,42,0,0
B6_D1,26,0,46,0,0
B10_D1,383,0,265,0,0
B6_D1,912,0,140,0,0
B10_D1,6,0,17,0,0
B6_D1,910,0,286,0,0
B10_D1,741,0,253,0,0
B10_D1,730,0,285,0,0
B10_D1,481,0,469,0,0
B10_D1,106,0,58,0,0
B10_D1,739,0,8,0,0
B10_D1,675,0,254,0,0
G1_D1,15,0,25,0,0
G1_D1,536,0,65,0,0
B4_D1,855,0,110,0,0
G1_D1,1013,0,501,0,0
G1_D1,211,0,144,0,0
B10_D1,124,0,498,0,0
B10_D1,540,0,506,0,0
B4_D1,825,0,47,0,0
B4_D1,217,0,353,0,0
B10_D1,13,0,195,0,0
B6_D1,883,0,13,0,0
B10_D1,210,0,32,0,0
G1_D1,856,0,15,0,0
G1_D1,3,0,463,0,0
B6_D1,30,0,35,0,0
G1_D1,864,0,12,0,0
B6_D1,10,0,505,0,0
B6_D1,181,0,86,0,0
B6_D1,869,0,205,0,0
G1_D1,879,0,241,0,0
B6_D1,831,0,357,0,0
B10_D1,135,0,501,0,0
B10_D1,129,0,171,0,0
B10_D1,125,0,123,0,0
B6_D1,1014,0,75,0,0
G1_D1,762,0,108,0,0
G1_D1,927,0,456,0,0
B2_D1,686,0,143,0,0
B10_D1,713,0,417,0,0
B6_D1,718,0,481,0,0
B10_D1,36,0,127,0,0
B6_D1,539,0,234,0,0
B4_D1,763,0,90,0,0
B6_D1,978,0,191,0,0
B10_D1,416,0,9,0,0
B10_D1,366,0,225,0,0
B10_D1,838,0,52,0,0
B6_D1,581,0,491,0,0
G1_D1,158,0,111,0,0
G1_D1,101,0,368,0,0
G1_D1,648,0,112,0,0
G1_D1,488,0,482,0,0
B6_D1,596,0,95,0,0
G1_D1,39,0,446,0,-1
B10_D1,443,0,312,0,0
B6_D1,879,0,131,0,0
B6_D1,762,0,507,0,0
B10_D1,907,0,273,0,0
B2_D1,411,0,287,0,0
B6_D1,917,0,317,0,0
B6_D1,668,0,380,0,0
B10_D1,893,0,237,0,0
B6_D1,680,0,315,0,0
G1_D1,212,0,17,0,0
B6_D1,546,0,285,0,0
G1_D1,730,0,458,0,0
B6_D1,495,0,344,0,0
B6_D1,689,0,211,0,0
B2_D1,507,0,28,0,0
B2_D1,795,0,12,0,0
B10_D1,285,0,18,0,0
B6_D1,206,0,451,0,0
B10_D1,797,0,90,0,0
B2_D1,543,0,155,0,0
B10_D1,236,0,59,0,0
B10_D1,162,0,427,0,-1
B10_D1,285,0,305,0,0
B2_D1,530,0,160,0,0
B2_D1,408,0,508,0,0
B6_D1,839,0,58,0,0
B6_D1,942,0,96,0,0
B10_D1,468,0,265,0,0
B10_D1,847,0,231,0,0
B6_D1,671,0,305,0,0
B6_D1,82,0,17,0,0
B6_D1,761,0,200,0,0
B4_D1,0,0,323,0,0
G1_D1,906,0,84,0,0
B6_D1,258,0,33,0,0
G1_D1,872,0,440,0,0
B10_D1,298,0,269,0,0
B2_D1,797,0,246,0,0
B10_D1,409,0,274,0,0
B10_D1,169,0,507,0,0
B6_D1,656,0,386,0,0
B10_D1,558,0,318,0,0
B6_D1,110,0,410,0,0
B6_D1,111,0,197,0,0
B10_D1,19,0,283,0,0
G1_D1,694,0,248,0,0
B10_D1,888,0,84,0,0
B6_D1,153,0,498,0,0
G1_D1,739,0,20,0,0
B6_D1,260,0,510,0,0
B10_D1,857,0,11,0,0
B6_D1,678,0,66,0,0
B4_D1,293,0,143,0,0
B2_D1,180,0,469,0,0
B6_D1,409,0,266,0,0
B2_D1,792,0,3,0,0
B10_D1,801,0,332,0,0
B10_D1,962,0,263,0,0
G1_D1,370,0,457,0,1
B6_D1,68,0,301,0,0
B6_D1,833,0,349,0,0
B6_D1,886,0,6,0,0
B10_D1,277,0,99,0,0
B6_D1,1000,0,20,0,0
B6_D1,739,0,334,0,0
B10_D1,337,0,181,0,0
B10_D1,785,0,426,0,0
B10_D1,805,0,38,0,0
B6_D1,741,0,291,0,0
B6_D1,221,0,239,0,0
B10_D1,158,0,250,0,0
B4_D1,124,0,37,0,0
B10_D1,908,0,131,0,0
B6_D1,601,0,501,0,0
B6_D1,780,0,485,0,0
B10_D1,378,0,280,0,0
B4_D1,548,0,83,0,0
B2_D1,830,0,23,0,0
B6_D1,926,0,6,0,0
B6_D1,504,0,162,0,0
B10_D1,192,0,117,0,0
G1_D1,641,0,92,0,0
B6_D1,159,0,161,0,0
B6_D1,630,0,50,0,0
B6_D1,329,0,384,0,0
B6_D1,379,0,368,0,0
B10_D1,429,0,121,0,0
B10_D1,29,0,271,0,0
B10_D1,674,0,301,0,0
B10_D1,13,0,133,0,0
B6_D1,58,0,92,0,0
G1_D1,988,0,154,0,0
B6_D1,180,0,63,0,0
B4_D1,41,0,117,0,0
B6_D1,363,0,23,0,0
B2_D1,798,0,8,0,0
B6_D1,3,0,338,0,0
G1_D1,70,0,442,0,0
B2_D1,791,0,82,0,0
G1_D1,719,0,7,0,0
B10_D1,762,0,407,0,0
B6_D1,509,0,509,0,0
B6_D1,325,0,505,0,0
G1_D1,694,0,440,0,0
G1_D1,196,0,342,0,0
G1_D1,274,0,4,0,0
B10_D1,664,0,314,0,0
G1_D1,573,0,157,0,0
B6_D1,478,0,378,0,0
G1_D1,844,0,35,0,0
G1_D1,1009,0,22,0,0
B10_D1,155,0,508,0,0
B4_D1,2,0,231,0,0
G1_D1,39,0,153,0,0
B10_D1,554,0,296,0,0
B2_D1,949,0,51,0,0
G1_D1,424,0,6,0,0
G1_D1,1001,0,14,0,0
B2_D1,572,0,221,0,0
G1_D1,39,0,256,0,0
B6_D1,96,0,26,0,0
B10_D1,670,0,111,0,0
B6_D1,761,0,227,0,0
B10_D1,884,0,354,0,0
B6_D1,117,0,12,0,0
G1_D1,741,0,200,0,0
B10_D1,513,0,61,0,0
B6_D1,598,0,387,0,0
B6_D1,722,0,110,0,0
B6_D1,102,0,319,0,0
G1_D1,254,0,35,0,0
B6_D1,702,0,459,0,0
B4_D1,186,0,138,0,0
B4_D1,769,0,215,0,0
B6_D1,234,0,504,0,0
G1_D1,68,0,165,0,0
G1_D1,534,0,4,0,0
B6_D1,564,0,177,0,0
B6_D1,276,0,199,0,0
G1_D1,897,0,337,0,0
B2_D1,338,0,494,0,0
B10_D1,681,0,44,0,0
B6_D1,41,0,58,0,0
B6_D1,342,0,68,0,0
B6_D1,39,0,14,0,0
G1_D1,603,0,286,0,0
B10_D1,68,0,164,0,0
B10_D1,145,0,294,0,0
B6_D1,662,0,7,0,0
B4_D1,281,0,145,0,0
G1_D1,877,0,266,0,0
B10_D1,743,0,356,0,0
B6_D1,903,0,342,0,0
G1_D1,999,0,4,0,0
B4_D1,246,0,408,0,0
B6_D1,986,0,506,0,0
B10_D1,364,0,115,0,0
G1_D1,612,0,30,0,0
G1_D1,94,0,502,0,0
B2_D1,628,0,479,0,0
B10_D1,878,0,292,0,0
B6_D1,347,0,22,0,0
B6_D1,710,0,286,0,0
B10_D1,904,0,393,0,0
B10_D1,627,0,481,0,0
B6_D1,215,0,490,0,0
B10_D1,33,0,395,0,0
G1_D1,8,0,197,0,0
B6_D1,651,0,305,0,0
B6_D1,900,0,30,0,0
B8_D1,94,0,140,0,0
B6_D1,827,0,116,0,0
B6_D1,564,0,162,0,0
B2_D1,234,0,70,0,0
G1_D1,164,0,13,0,0
B6_D1,1010,0,49,0,0
B6_D1,0,0,57,0,0
B2_D1,193,0,57,0,0
B10_D1,376,0,275,0,0
G1_D1,460,0,94,0,0
B10_D1,119,0,192,0,0
B6_D1,525,0,30,0,0
G1_D1,321,0,226,0,0
B2_D1,489,0,110,0,0
G1_D1,19,0,61,0,0
B6_D1,746,0,48,0,0
B4_D1,671,0,58,0,0
B6_D1,700,0,111,0,0
B10_D1,694,0,62,0,0
B10_D1,104,0,39,0,0
B6_D1,595,0,40,0,0
B6_D1,848,0,134,0,0
B10_D1,40,0,97,0,0
B10_D1,811,0,6,0,0
B6_D1,129,0,138,0,0
B6_D1,362,0,27,0,0
B6_D1,262,0,2,0,0
B6_D1,670,0,510,0,0
G1_D1,948,0,460,0,0
B6_D1,386,0,478,0,0
B6_D1,117,0,53,0,0
B10_D1,170,0,93,0,0
B10_D1,659,0,108,0,0
B10_D1,395,0,480,0,0
B6_D1,890,0,130,0,0
B6_D1,559,0,499,0,0
B6_D1,960,0,152,0,0
B4_D1,313,0,156,0,0
B6_D1,240,0,375,0,0
B6_D1,592,0,37,0,0
B8_D1,109,0,274,0,0
B4_D1,422,0,398,0,0
G1_D1,846,0,241,0,0
B2_D1,928,0,36,0,0
B2_D1,913,0,444,0,0
G1_D1,1003,0,68,0,0
B6_D1,207,0,75,0,0
B6_D1,561,0,376,0,0
B10_D1,768,0,421,0,0
B6_D1,33,0,97,0,0
B6_D1,927,0,12,0,0
B6_D1,243,0,3,0,0
B10_D1,19,0,256,0,0
B10_D1,215,0,61,0,0
B10_D1,585,0,210,0,0
B6_D1,626,0,371,0,0
B10_D1,147,0,166,0,0
G1_D1,392,0,494,0,0
B8_D1,787,0,228,0,0
B4_D1,748,0,14,0,0
B10_D1,764,0,317,0,0
B6_D1,748,0,290,0,0
B2_D1,178,0,244,0,0
B6_D1,566,0,21,0,0
G1_D1,132,0,287,0,0
B10_D1,722,0,461,0,0
B8_D1,86,0,276,0,0
B6_D1,84,0,126,0,0
B10_D1,98,0,326,0,0
G1_D1,721,0,309,0,0
B10_D1,287,0,337,0,0
G1_D1,799,0,14,0,0
G1_D1,303,0,89,0,0
B6_D1,922,0,162,0,-1
G1_D1,1013,0,118,0,0
B10_D1,1019,0,8,0,0
B6_D1,4,0,210,0,0
B6_D1,74,0,401,0,0
B10_D1,587,0,117,0,0
B8_D1,213,0,344,0,0
B6_D1,257,0,12,0,0
G1_D1,11,0,280,0,0
G1_D1,980,0,161,0,0
B6_D1,791,0,185,0,0
B2_D1,201,0,214,0,0
B10_D1,111,0,168,0,0
G1_D1,162,0,385,0,0
B2_D1,484,0,482,0,0
B4_D1,9,0,65,0,0
G1_D1,752,0,57,0,0
B10_D1,487,0,42,0,0
B6_D1,831,0,200,0,0
B10_D1,354,0,19,0,0
B10_D1,321,0,333,0,0
B6_D1,237,0,382,0,0
B6_D1,717,0,251,0,0
B4_D1,249,0,273,0,0
B6_D1,714,0,504,0,0
B10_D1,320,0,308,0,0
B10_D1,840,0,439,0,0
G1_D1,918,0,304,0,0
B6_D1,209,0,24,0,0
B10_D1,109,0,495,0,0
B6_D1,855,0,106,0,0
B6_D1,910,0,114,0,0
B6_D1,924,0,39,0,0
B6_D1,778,0,480,0,0
G1_D1,46,0,101,0,0
B6_D1,515,0,240,0,0
B4_D1,311,0,184,0,0
B6_D1,559,0,405,0,0
G1_D1,256,0,492,0,0
B10_D1,651,0,1,0,0
B6_D1,50,0,208,0,0
B10_D1,359,0,342,0,0
B10_D1,540,0,324,0,0
B2_D1,795,0,63,0,0
G1_D1,1004,0,129,0,0
G1_D1,1021,0,144,0,0
B6_D1,438,0,69,0,0
G1_D1,358,0,49,0,0
B6_D1,655,0,505,0,0
B6_D1,834,0,230,0,0
B6_D1,694,0,34,0,0
B10_D1,392,0,340,0,0
B10_D1,498,0,163,0,0
G1_D1,141,0,218,0,0
B6_D1,371,0,439,0,2
B6_D1,328,0,143,0,0
B4_D1,6,0,36,0,0
B10_D1,257,0,238,0,0
B2_D1,358,0,290,0,0
G1_D1,618,0,168,0,0
G1_D1,734,0,16,0,0
B6_D1,224,0,4,0,0
B6_D1,805,0,500,0,0
B6_D1,100,0,0,0,0
B10_D1,787,0,43,0,0
B10_D1,121,0,511,0,0
B6_D1,821,0,11,0,0
B2_D1,511,0,107,0,0
B10_D1,37,0,40,0,0
B2_D1,698,0,223,0,0
B6_D1,135,0,91,0,0
B10_D1,791,0,58,0,0
B10_D1,209,0,67,0,0
B6_D1,721,0,200,0,0
G1_D1,768,0,91,0,0
G1_D1,1018,0,61,0,0
B6_D1,178,0,18,0,0
B2_D1,1,0,284,0,0
G1_D1,33,0,201,0,0
B10_D1,90,0,148,0,0
B6_D1,478,0,43,0,0
B6_D1,71,0,395,0,0
B6_D1,737,0,55,0,0
B6_D1,164,0,287,0,0
B10_D1,366,0,1,0,0
G1_D1,554,0,73,0,0
B6_D1,735,0,30,0,0
B6_D1,444,0,24,0,0
G1_D1,150,0,103,0,0
G1_D1,1019,0,52,0,0
B4_D1,56,0,453,0,0
B10_D1,16,0,304,0,0
B4_D1,693,0,251,0,0
B6_D1,564,0,351,0,0
B4_D1,614,0,350,0,0
B10_D1,466,0,13,0,0
G1_D1,446,0,1,0,0
G1_D1,191,0,342,0,0
B10_D1,509,0,475,0,0
B6_D1,964,0,249,0,0
G1_D1,802,0,279,0,0
B4_D1,150,0,196,0,0
B4_D1,498,0,374,0,0
G1_D1,445,0,74,0,0
G1_D1,249,0,360,0,0
B6_D1,896,0,302,0,0
B6_D1,612,0,497,0,0
B10_D1,591,0,346,0,0
B6_D1,877,0,115,0,0
B10_D1,209,0,27,0,0
B6_D1,675,0,126,0,0
B6_D1,85,0,477,0,0
B6_D1,684,0,330,0,0
B6_D1,300,0,25,0,0
B10_D1,237,0,150,0,0
G1_D1,991,0,195,0,0
B10_D1,435,0,82,0,0
B10_D1,161,0,287,0,0
G1_D1,169,0,279,0,0
B6_D1,539,0,162,0,0
B6_D1,426,0,215,0,0
B2_D1,310,0,490,0,0
G1_D1,73,0,316,0,0
B6_D1,197,0,119,0,0
B10_D1,955,0,114,0,0
B4_D1,673,0,71,0,0
G1_D1,381,0,23,0,0
B8_D1,203,0,346,0,0
B6_D1,399,0,407,0,0
B10_D1,669,0,76,0,0
G1_D1,213,0,151,0,0
B6_D1,977,0,81,0,0
B10_D1,195,0,169,0,0
B10_D1,635,0,31,0,0
B10_D1,195,0,108,0,0
B10_D1,611,0,181,0,0
G1_D1,333,0,58,0,0
G1_D1,531,0,246,0,0
B6_D1,930,0,302,0,0
B4_D1,1,0,424,0,0
B6_D1,638,0,425,0,0
B10_D1,266,0,265,0,0
B6_D1,320,0,40,0,0
B6_D1,564,0,400,0,0
B6_D1,725,0,15,0,0
B6_D1,53,0,91,0,0
B2_D1,127,0,94,0,0
B6_D1,700,0,333,0,0
B10_D1,356,0,112,0,0
B4_D1,159,0,163,0,0
B10_D1,567,0,2,0,0
B10_D1,27,0,273,0,0
B10_D1,237,0,165,0,0
B6_D1,6,0,427,0,0
B8_D1,4,0,315,0,0
B8_D1,824,0,227,0,0
B10_D1,128,0,349,0,0
B10_D1,464,0,207,0,0
B10_D1,138,0,262,0,0
B10_D1,317,0,227,0,0
B10_D1,963,0,242,0,0
B10_D1,35,0,134,0,0
G1_D1,982,0,28,0,0
B6_D1,807,0,137,0,0
B6_D1,51,0,407,0,0
B6_D1,946,0,218,0,0
B6_D1,768,0,38,0,0
G1_D1,205,0,0,0,0
B6_D1,814,0,24,0,0
B2_D1,535,0,160,0,0
B6_D1,749,0,433,0,0
B10_D1,920,0,326,0,0
B10_D1,474,0,241,0,0
G1_D1,89,0,43,0,0
G1_D1,628,0,266,0,0
B6_D1,853,0,435,0,0
G1_D1,848,0,96,0,0
B6_D1,812,0,148,0,0
G1_D1,59,0,61,0,0
B10_D1,366,0,410,0,0
B10_D1,866,0,86,0,0
B6_D1,956,0,165,0,0
G1_D1,471,0,116,0,0
G1_D1,1006,0,296,0,0
B4_D1,960,0,39,0,0
B2_D1,880,0,40,0,0
B6_D1,731,0,342,0,0
B2_D1,915,0,432,0,0
B10_D1,175,0,29,0,0
G1_D1,154,0,410,0,0
B6_D1,321,0,262,0,0
B10_D1,156,0,217,0,0
B10_D1,502,0,298,0,0
B2_D1,953,0,74,0,0
B10_D1,306,0,95,0,0
G1_D1,787,0,131,0,0
G1_D1,112,0,25,0,0
B2_D1,845,0,76,0,0
B6_D1,242,0,88,0,0
B4_D1,726,0,15,0,0
B10_D1,695,0,292,0,0
B4_D1,700,0,305,0,0
B6_D1,149,0,4,0,0
B10_D1,787,0,41,0,0
B10_D1,104,0,315,0,0
B10_D1,312,0,176,0,0
G1_D1,887,0,44,0,0
B2_D1,752,0,54,0,0
B10_D1,484,0,502,0,0
B4_D1,446,0,187,0,0
B10_D1,995,0,280,0,0
G1_D1,404,0,128,0,0
B6_D1,508,0,161,0,0
B6_D1,509,0,184,0,0
B6_D1,744,0,19,0,0
G1_D1,608,0,318,0,0
B10_D1,420,0,165,0,0
G1_D1,952,0,127,0,0
B6_D1,979,0,311,0,0
B6_D1,570,0,465,0,0
B10_D1,481,0,313,0,0
B8_D1,91,0,191,0,0
B6_D1,329,0,29,0,0
B6_D1,996,0,213,0,0
B6_D1,632,0,487,0,0
G1_D1,449,0,364,0,0
G1_D1,39,0,61,0,0
B6_D1,143,0,503,0,0
G1_D1,823,0,237,0,0
B6_D1,552,0,58,0,0
B6_D1,461,0,486,0,0
B6_D1,654,0,398,0,0
B10_D1,15,0,123,0,0
B6_D1,282,0,459,0,3
B6_D1,213,0,369,0,0
B6_D1,174,0,231,0,0
B6_D1,910,0,139,0,0
B10_D1,5,0,322,0,0
G1_D1,26,0,57,0,0
B10_D1,785,0,376,0,0
B6_D1,578,0,161,0,0
B6_D1,165,0,20,0,0
B10_D1,439,0,456,0,0
B10_D1,360,0,162,0,0
B10_D1,333,0,65,0,0
B10_D1,733,0,160,0,0
G1_D1,390,0,297,0,0
G1_D1,25,0,205,0,0
B6_D1,602,0,7,0,0
B10_D1,423,0,88,0,0
B6_D1,1013,0,503,0,0
B4_D1,580,0,388,0,0
B10_D1,689,0,184,0,0
B6_D1,463,0,189,0,0
B6_D1,388,0,172,0,0
G1_D1,298,0,140,0,0
B6_D1,593,0,227,0,0
B6_D1,1021,0,417,0,0
B6_D1,199,0,34,0,0
B6_D1,732,0,382,0,0
B6_D1,718,0,262,0,0
G1_D1,972,0,254,0,0
B6_D1,186,0,474,0,0
B10_D1,897,0,87,0,0
B10_D1,945,0,11,0,0
G1_D1,897,0,255,0,0
B2_D1,491,0,38,0,0
B6_D1,575,0,375,0,0
B4_D1,366,0,221,0,0
G1_D1,1005,0,123,0,0
B10_D1,215,0,326,0,0
G1_D1,231,0,236,0,0
B8_D1,717,0,231,0,-1
B6_D1,886,0,11,0,0
B10_D1,726,0,422,0,0
B6_D1,80,0,204,0,0
B10_D1,617,0,237,0,0
G1_D1,290,0,29,0,0
B6_D1,66,0,173,0,0
B6_D1,456,0,106,0,0
B6_D1,111,0,149,0,0
B6_D1,311,0,218,0,0
B10_D1,328,0,312,0,0
B10_D1,603,0,186,0,0
B6_D1,204,0,371,0,0
B10_D1,56,0,97,0,0
B2_D1,388,0,492,0,0
B10_D1,693,0,109,0,0
B10_D1,662,0,93,0,0
G1_D1,991,0,156,0,0
B6_D1,408,0,361,0,-1
B10_D1,939,0,243,0,0
B8_D1,592,0,295,0,0
B6_D1,908,0,169,0,0
B6_D1,279,0,83,0,0
B6_D1,923,0,393,0,0
B10_D1,1021,0,135,0,0
B6_D1,218,0,148,0,0
B10_D1,139,0,263,0,0
B6_D1,240,0,80,0,0
B6_D1,444,0,9,0,0
B10_D1,688,0,62,0,0
G1_D1,731,0,62,0,0
B6_D1,714,0,188,0,0
G1_D1,62,0,400,0,0
B10_D1,484,0,181,0,0
B10_D1,322,0,227,0,0
G1_D1,947,0,33,0,0
B6_D1,854,0,484,0,0
B6_D1,212,0,364,0,0
B10_D1,377,0,230,0,0
B6_D1,255,0,495,0,0
B6_D1,288,0,43,0,0
B6_D1,959,0,90,0,0
B6_D1,393,0,422,0,0
B6_D1,143,0,3,0,0
B6_D1,291,0,142,0,0
B6_D1,840,0,219,0,0
B10_D1,104,0,13,0,0
B6_D1,784,0,121,0,0
B6_D1,563,0,3,0,0
B6_D1,157,0,27,0,0
B4_D1,744,0,323,0,0
B10_D1,107,0,187,0,0
B10_D1,482,0,339,0,0
B6_D1,69,0,377,0,0
B2_D1,967,0,2,0,0
B6_D1,187,0,7,0,0
B6_D1,994,0,421,0,0
G1_D1,271,0,1,0,0
B10_D1,232,0,158,0,0
G1_D1,876,0,76,0,0
B10_D1,605,0,338,0,0
B10_D1,77,0,213,0,0
B6_D1,523,0,166,0,0
B10_D1,81,0,206,0,0
B6_D1,261,0,337,0,0
B6_D1,710,0,441,0,0
B10_D1,452,0,338,0,0
B2_D1,236,0,279,0,0
B10_D1,360,0,289,0,0
B10_D1,654,0,202,0,0
B6_D1,971,0,346,0,-1
B6_D1,495,0,345,0,0
B6_D1,997,0,227,0,0
G1_D1,285,0,264,0,0
B6_D1,203,0,126,0,0
B10_D1,984,0,293,0,0
G1_D1,721,0,268,0,0
G1_D1,926,0,65,0,0
B10_D1,320,0,334,0,0
B2_D1,827,0,213,0,0
B10_D1,428,0,113,0,0
B10_D1,503,0,250,0,0
B2_D1,619,0,361,0,0
B10_D1,626,0,478,0,0
B4_D1,338,0,17,0,0
B2_D1,510,0,123,0,0
B2_D1,679,0,44,0,0
B10_D1,117,0,458,0,0
B10_D1,652,0,232,0,0
B10_D1,689,0,197,0,0
B10_D1,575,0,7,0,0
G1_D1,337,0,17,0,0
B6_D1,44,0,201,0,0
B6_D1,861,0,131,0,0
B6_D1,225,0,197,0,0
B6_D1,994,0,420,0,0
B10_D1,491,0,95,0,0
B2_D1,650,0,50,0,0
B6_D1,992,0,201,0,0
B10_D1,269,0,350,0,0
G1_D1,213,0,496,0,0
B6_D1,1018,0,317,0,0
B10_D1,189,0,162,0,0
B10_D1,371,0,3,0,0
G1_D1,32,0,36,0,0
G1_D1,260,0,301,0,0
B6_D1,902,0,441,0,0
G1_D1,292,0,456,0,3
B6_D1,289,0,24,0,0
B10_D1,124,0,497,0,0
G1_D1,89,0,10,0,0
B6_D1,521,0,386,0,0
B6_D1,499,0,65,0,0
B2_D1,587,0,43,0,0
B10_D1,210,0,123,0,0
B6_D1,336,0,179,0,0
B6_D1,776,0,363,0,0
B2_D1,485,0,29,0,0
G1_D1,191,0,184,0,0
B10_D1,642,0,305,0,0
B6_D1,161,0,246,0,0
B6_D1,944,0,509,0,0
B6_D1,275,0,452,0,3
B2_D1,237,0,199,0,0
B6_D1,6,0,36,0,0
B6_D1,3,0,193,0,0
B6_D1,591,0,506,0,0
B10_D1,125,0,224,0,0
B6_D1,647,0,291,0,0
B10_D1,222,0,293,0,0
B10_D1,867,0,88,0,0
B8_D1,196,0,194,0,0
B10_D1,121,0,264,0,0
B10_D1,849,0,342,0,0
B4_D1,299,0,65,0,0
B2_D1,151,0,103,0,0
G1_D1,691,0,1,0,0
G1_D1,598,0,242,0,0
B10_D1,358,0,95,0,0
B10_D1,841,0,3,0,0
B10_D1,607,0,109,0,0
B10_D1,255,0,32,0,0
B4_D1,2,0,55,0,0
B6_D1,347,0,482,0,0
B6_D1,534,0,19,0,0
B6_D1,621,0,314,0,0
B6_D1,859,0,159,0,0
B10_D1,340,0,162,0,0
B10_D1,194,0,171,0,0
B2_D1,594,0,511,0,0
B6_D1,699,0,187,0,0
B10_D1,428,0,4,0,0
B8_D1,551,0,291,0,0
B6_D1,713,0,23,0,0
B10_D1,340,0,99,0,0
G1_D1,582,0,230,0,0
G1_D1,35,0,88,0,0
B6_D1,88,0,399,0,0
B6_D1,320,0,74,0,0
B10_D1,765,0,307,0,0
G1_D1,872,0,266,0,0
B6_D1,60,0,485,0,0
G1_D1,852,0,84,0,0
B10_D1,423,0,269,0,0
B6_D1,41,0,21,0,0
B6_D1,930,0,443,0,0
B4_D1,66,0,27,0,0
B6_D1,730,0,495,0,0
B6_D1,323,0,49,0,0
B6_D1,721,0,346,0,0
B6_D1,132,0,487,0,0
G1_D1,31,0,170,0,0
G1_D1,640,0,301,0,0
B2_D1,169,0,472,0,0
B4_D1,681,0,72,0,0
B10_D1,484,0,72,0,0
B4_D1,461,0,206,0,0
B6_D1,334,0,172,0,0
G1_D1,1010,0,182,0,0
B6_D1,267,0,12,0,0
G1_D1,914,0,79,0,0
B6_D1,987,0,405,0,0
B10_D1,454,0,68,0,0
G1_D1,362,0,223,0,0
B10_D1,877,0,31,0,0
B2_D1,626,0,30,0,0
B10_D1,23,0,202,0,0
G1_D1,829,0,128,0,0
B6_D1,7,0,239,0,0
B6_D1,877,0,37,0,0
B10_D1,826,0,186,0,0
B4_D1,836,0,15,0,0
B10_D1,59,0,43,0,0
B6_D1,881,0,6,0,0
B6_D1,609,0,44,0,0
B6_D1,485,0,35,0,0
B6_D1,90,0,500,0,0
B6_D1,778,0,436,0,0
B2_D1,549,0,103,0,0
B6_D1,629,0,34,0,0
B10_D1,367,0,254,0,0
B6_D1,815,0,106,0,0
B10_D1,189,0,251,0,0
B6_D1,713,0,3,0,0
G1_D1,97,0,100,0,0
B6_D1,511,0,26,0,0
B6_D1,989,0,134,0,0
B4_D1,989,0,56,0,0
B6_D1,766,0,385,0,0
G1_D1,50,0,45,0,0
B4_D1,971,0,15,0,0
G1_D1,360,0,288,0,0
B4_D1,978,0,55,0,0
B6_D1,390,0,315,0,4
B6_D1,928,0,88,0,0
G1_D1,425,0,102,0,0
B2_D1,728,0,79,0,0
B10_D1,616,0,312,0,0
B6_D1,964,0,39,0,0
B6_D1,697,0,264,0,0
B4_D1,609,0,345,0,0
B10_D1,408,0,507,0,0
B6_D1,939,0,232,0,0
B6_D1,20,0,318,0,0
B10_D1,381,0,410,0,0
G1_D1,710,0,25,0,0
B10_D1,12,0,306,0,0
B6_D1,602,0,283,0,0
G1_D1,691,0,457,0,0
B6_D1,770,0,68,0,0
B6_D1,840,0,0,0,0
B2_D1,854,0,249,0,0
B10_D1,444,0,287,0,0
B6_D1,499,0,39,0,0
B4_D1,5,0,459,0,0
B2_D1,606,0,194,0,0
B10_D1,370,0,32,0,0
G1_D1,19,0,297,0,0
B6_D1,413,0,480,0,0
B10_D1,329,0,229,0,0
B10_D1,29,0,270,0,0
B10_D1,43,0,266,0,0
B6_D1,470,0,5,0,0
B10_D1,138,0,134,0,0
B4_D1,7,0,400,0,0
B10_D1,30,0,111,0,0
B6_D1,554,0,420,0,0
B6_D1,860,0,296,0,0
B6_D1,452,0,492,0,0
B10_D1,1002,0,17,0,0
B10_D1,886,0,296,0,0
B4_D1,930,0,20,0,0
B6_D1,852,0,146,0,0
B2_D1,636,0,510,0,0
B10_D1,313,0,414,0,0
B6_D1,676,0,506,0,0
B6_D1,311,0,6,0,0
B10_D1,437,0,338,0,0
B2_D1,762,0,212,0,0
B10_D1,131,0,374,0,0
B6_D1,279,0,179,0,0
B10_D1,998,0,300,0,0
B6_D1,559,0,181,0,0
B6_D1,357,0,190,0,0
B10_D1,404,0,252,0,0
B6_D1,162,0,502,0,0
B10_D1,270,0,263,0,0
B6_D1,701,0,405,0,0
B6_D1,956,0,36,0,0
G1_D1,874,0,198,0,0
G1_D1,1023,0,439,0,0
B10_D1,198,0,363,0,0
B10_D1,1016,0,68,0,0
B6_D1,585,0,187,0,0
B10_D1,436,0,64,0,0
B6_D1,688,0,43,0,0
B6_D1,419,0,123,0,0
B10_D1,699,0,190,0,0
G1_D1,254,0,16,0,0
B6_D1,802,0,82,0,0
B10_D1,431,0,231,0,0
G1_D1,954,0,6,0,0
B6_D1,232,0,71,0,0
B6_D1,603,0,508,0,0
B6_D1,452,0,266,0,0
B6_D1,19,0,136,0,0
B6_D1,657,0,62,0,0
G1_D1,949,0,32,0,0
B4_D1,131,0,88,0,0
B6_D1,772,0,482,0,0
G1_D1,19,0,143,0,0
B4_D1,391,0,398,0,0
B6_D1,732,0,194,0,0
G1_D1,699,0,12,0,0
B6_D1,78,0,318,0,0
G1_D1,170,0,155,0,0
B6_D1,605,0,490,0,0
G1_D1,1014,0,112,0,0
B6_D1,540,0,300,0,0
B10_D1,261,0,37,0,0
B6_D1,940,0,40,0,0
G1_D1,198,0,405,0,0
G1_D1,883,0,439,0,0
G1_D1,167,0,70,0,0
G1_D1,50,0,500,0,0
B10_D1,606,0,230,0,0
B6_D1,301,0,6,0,0
B2_D1,626,0,445,0,0
B10_D1,876,0,364,0,0
G1_D1,887,0,271,0,0
B6_D1,570,0,495,0,0
B4_D1,5,0,146,0,0
B6_D1,550,0,510,0,0
B10_D1,3,0,28,0,0
B10_D1,431,0,1,0,0
B8_D1,743,0,314,0,0
B10_D1,208,0,190,0,0
G1_D1,694,0,84,0,0
B10_D1,42,0,264,0,0
B10_D1,666,0,483,0,0
B10_D1,926,0,0,0,0
B10_D1,131,0,203,0,0
B10_D1,202,0,432,0,0
G1_D1,970,0,0,0,0
B2_D1,683,0,19,0,0
B6_D1,124,0,494,0,0
G1_D1,17,0,296,0,0
B6_D1,133,0,108,0,0
B6_D1,530,0,278,0,0
B10_D1,201,0,277,0,0
B6_D1,370,0,0,0,0
B6_D1,875,0,138,0,0
B6_D1,971,0,241,0,0
B10_D1,403,0,459,0,0
B6_D1,939,0,509,0,0
B10_D1,149,0,90,0,0
B6_D1,491,0,169,0,0
B6_D1,863,0,508,0,0
B6_D1,742,0,147,0,-1
B4_D1,756,0,15,0,0
B4_D1,783,0,232,0,0
B6_D1,174,0,112,0,0
B6_D1,1000,0,418,0,0
B6_D1,558,0,277,0,0
B6_D1,898,0,18,0,0
B10_D1,694,0,166,0,0
B6_D1,409,0,504,0,0
B4_D1,31,0,42,0,0
B10_D1,590,0,271,0,0
B2_D1,545,0,365,0,0
B10_D1,804,0,113,0,0
B4_D1,28,0,146,0,0
B4_D1,438,0,415,0,0
B10_D1,325,0,90,0,0
B10_D1,533,0,87,0,0
B2_D1,522,0,28,0,0
B6_D1,813,0,99,0,0
B4_D1,701,0,37,0,0
B10_D1,617,0,183,0,0
B6_D1,987,0,37,0,0
B6_D1,676,0,377,0,0
B6_D1,681,0,419,0,0
B6_D1,656,0,36,0,0
B4_D1,141,0,296,0,0
G1_D1,913,0,274,0,0
B4_D1,99,0,3,0,0
G1_D1,286,0,257,0,0
G1_D1,345,0,268,0,0
B10_D1,788,0,95,0,0
B10_D1,1005,0,480,0,0
B10_D1,430,0,481,0,0
B10_D1,71,0,170,0,0
B2_D1,164,0,307,0,0
B6_D1,741,0,6,0,0
B6_D1,739,0,341,0,0
B10_D1,732,0,460,0,0
B6_D1,622,0,364,0,0
B10_D1,525,0,166,0,0
B10_D1,891,0,31,0,0
B10_D1,243,0,122,0,0
B10_D1,264,0,425,0,0
G1_D1,1022,0,276,0,0
B6_D1,577,0,507,0,0
G1_D1,533,0,112,0,0
B6_D1,579,0,24,0,0
B6_D1,1010,0,495,0,0
G1_D1,55,0,164,0,0
G1_D1,604,0,7,0,0
B6_D1,785,0,104,0,0
G1_D1,15,0,136,0,0
B4_D1,258,0,297,0,0
G1_D1,340,0,48,0,0
B10_D1,102,0,6,0,0
B4_D1,882,0,265,0,0
B8_D1,252,0,332,0,0
B6_D1,810,0,138,0,0
B6_D1,922,0,482,0,0
B10_D1,483,0,94,0,0
B6_D1,595,0,495,0,0
B6_D1,53,0,354,0,-1
B6_D1,580,0,313,0,0
B2_D1,347,0,135,0,0
G1_D1,969,0,4,0,0
B10_D1,524,0,305,0,0
B6_D1,729,0,377,0,0
B2_D1,400,0,486,0,0
B6_D1,650,0,165,0,0
B2_D1,407,0,128,0,0
B10_D1,862,0,209,0,0
B10_D1,433,0,101,0,0
B10_D1,77,0,298,0,0
B6_D1,175,0,406,0,0
B10_D1,711,0,111,0,0
B10_D1,500,0,495,0,0
B10_D1,697,0,414,0,0
B10_D1,681,0,317,0,0
B10_D1,297,0,314,0,0
B6_D1,0,0,284,0,0
G1_D1,495,0,341,0,0
B6_D1,1014,0,436,0,0
B10_D1,159,0,272,0,0
G1_D1,178,0,48,0,0
B6_D1,42,0,507,0,0
B10_D1,423,0,365,0,0
B10_D1,202,0,249,0,0
G1_D1,316,0,201,0,0
B6_D1,150,0,278,0,0
B6_D1,258,0,374,0,0
B10_D1,73,0,266,0,0
B10_D1,96,0,96,0,0
G1_D1,737,0,277,0,0
B10_D1,336,0,59,0,0
B10_D1,314,0,207,0,0
B10_D1,551,0,477,0,0
G1_D1,807,0,44,0,0
B6_D1,595,0,418,0,0
B4_D1,282,0,28,0,0
B6_D1,540,0,326,0,0
B10_D1,670,0,271,0,0
B10_D1,823,0,356,0,0
B6_D1,909,0,24,0,0
B6_D1,96,0,197,0,0
B6_D1,155,0,130,0,0
B6_D1,521,0,46,0,0
B10_D1,539,0,507,0,0
B10_D1,707,0,261,0,0
B6_D1,921,0,31,0,0
G1_D1,140,0,211,0,0
B10_D1,398,0,162,0,0
B6_D1,719,0,494,0,0
B10_D1,306,0,96,0,0
B6_D1,168,0,110,0,0
B10_D1,202,0,256,0,0
G1_D1,604,0,19,0,0
G1_D1,998,0,230,0,0
B6_D1,869,0,377,0,0
B6_D1,363,0,101,0,0
B10_D1,14,0,148,0,0
B8_D1,1014,0,254,0,0
G1_D1,415,0,22,0,0
B2_D1,645,0,441,0,0
B2_D1,605,0,289,0,0
B4_D1,1005,0,82,0,0
B6_D1,895,0,45,0,0
G1_D1,995,0,47,0,0
B6_D1,971,0,363,0,-1
B6_D1,453,0,493,0,0
B6_D1,16,0,263,0,0
B10_D1,117,0,151,0,0
B10_D1,802,0,407,0,0
G1_D1,30,0,261,0,0
B6_D1,571,0,26,0,0
B2_D1,784,0,250,0,0
B6_D1,133,0,307,0,0
B10_D1,314,0,197,0,0
B8_D1,628,0,305,0,0
B10_D1,671,0,388,0,0
G1_D1,461,0,304,0,0
G1_D1,60,0,54,0,0
G1_D1,1022,0,183,0,0
B10_D1,137,0,121,0,0
B6_D1,866,0,259,0,0
B6_D1,512,0,448,0,10
B10_D1,553,0,205,0,0
G1_D1,50,0,152,0,0
G1_D1,9,0,14,0,0
G1_D1,812,0,93,0,0
G1_D1,570,0,289,0,0
B6_D1,140,0,270,0,0
B2_D1,808,0,223,0,0
B10_D1,202,0,166,0,0
B10_D1,72,0,322,0,0
B6_D1,785,0,0,0,0
G1_D1,171,0,153,0,0
B10_D1,405,0,481,0,0
B2_D1,205,0,37,0,0
G1_D1,160,0,219,0,0
B10_D1,239,0,306,0,0
B4_D1,479,0,16,0,0
B10_D1,227,0,92,0,0
G1_D1,864,0,17,0,0
B6_D1,325,0,30,0,0
B10_D1,620,0,241,0,0
B6_D1,537,0,225,0,0
B6_D1,528,0,13,0,0
B10_D1,447,0,339,0,0
B10_D1,524,0,331,0,0
B6_D1,61,0,93,0,0
B6_D1,72,0,207,0,0
G1_D1,870,0,272,0,0
B6_D1,264,0,185,0,0
B6_D1,241,0,151,0,0
B10_D1,596,0,105,0,0
B8_D1,812,0,228,0,0
B10_D1,45,0,42,0,0
B6_D1,862,0,218,0,0
G1_D1,332,0,25,0,0
B10_D1,691,0,163,0,0
B10_D1,490,0,308,0,0
B10_D1,928,0,255,0,0
B10_D1,704,0,60,0,0
G1_D1,1021,0,391,0,0
B8_D1,690,0,249,0,0
B6_D1,554,0,357,0,0
B4_D1,95,0,43,0,0
B6_D1,521,0,188,0,0
B6_D1,156,0,251,0,0
B10_D1,21,0,95,0,0
B6_D1,248,0,18,0,0
B6_D1,335,0,20,0,0
G1_D1,289,0,4,0,0
G1_D1,173,0,62,0,0
B2_D1,786,0,283,0,0
B6_D1,784,0,423,0,0
B6_D1,642,0,308,0,0
B6_D1,893,0,439,0,0
B10_D1,11,0,197,0,0
B6_D1,234,0,299,0,0
G1_D1,1017,0,383,0,-1
B6_D1,705,0,287,0,0
B6_D1,349,0,379,0,0
B6_D1,953,0,38,0,0
B2_D1,576,0,151,0,0
B6_D1,5,0,15,0,0
B6_D1,550,0,505,0,0
B10_D1,290,0,79,0,0
B6_D1,1020,0,139,0,0
B10_D1,404,0,67,0,0
B6_D1,160,0,406,0,0
B6_D1,253,0,85,0,0
B10_D1,185,0,73,0,0
B10_D1,369,0,10,0,0
B6_D1,918,0,273,0,0
G1_D1,871,0,70,0,0
B6_D1,827,0,453,0,0
B6_D1,173,0,479,0,0
B10_D1,372,0,107,0,0
B10_D1,397,0,462,0,0
B4_D1,591,0,108,0,0
B10_D1,420,0,264,0,0
B10_D1,603,0,295,0,0
B8_D1,711,0,189,0,0
B4_D1,43,0,402,0,0
B10_D1,92,0,293,0,0
B6_D1,1009,0,44,0,0
B6_D1,913,0,13,0,0
B4_D1,6,0,471,0,0
B6_D1,87,0,129,0,0
B10_D1,383,0,259,0,0
B6_D1,186,0,152,0,0
G1_D1,979,0,42,0,0
G1_D1,969,0,5,0,0
B6_D1,499,0,351,0,0
B6_D1,755,0,303,0,0
B2_D1,678,0,223,0,0
B6_D1,829,0,14,0,0
B4_D1,952,0,51,0,0
B10_D1,566,0,477,0,0
B6_D1,883,0,105,0,0
G1_D1,938,0,43,0,0
G1_D1,701,0,249,0,0
G1_D1,566,0,202,0,0
B6_D1,526,0,21,0,0
B4_D1,775,0,80,0,0
B6_D1,317,0,217,0,0
B4_D1,643,0,297,0,0
B10_D1,291,0,64,0,0
B6_D1,621,0,21,0,0
B10_D1,690,0,479,0,0
B10_D1,26,0,72,0,0
B10_D1,328,0,129,0,0
B10_D1,41,0,17,0,0
G1_D1,676,0,276,0,0
B10_D1,775,0,308,0,0
B6_D1,26,0,48,0,0
B10_D1,156,0,86,0,0
B10_D1,805,0,84,0,0
B6_D1,394,0,34,0,0
B10_D1,808,0,74,0,0
B10_D1,243,0,283,0,0
G1_D1,42,0,181,0,0
G1_D1,385,0,164,0,0
G1_D1,384,0,105,0,0
B4_D1,9,0,221,0,0
B10_D1,418,0,128,0,0
B10_D1,6,0,362,0,0
B2_D1,640,0,47,0,0
B6_D1,863,0,481,0,0
G1_D1,721,0,38,0,0
B10_D1,484,0,476,0,0
B6_D1,115,0,374,0,0
B6_D1,35,0,168,0,0
B6_D1,473,0,43,0,0
B6_D1,768,0,433,0,0
B2_D1,131,0,510,0,0
B4_D1,269,0,195,0,0
B4_D1,753,0,202,0,0
B6_D1,281,0,186,0,0
B10_D1,511,0,183,0,0
B4_D1,85,0,2,0,0
G1_D1,539,0,19,0,0
B6_D1,278,0,316,0,0
B10_D1,676,0,137,0,0
B6_D1,164,0,135,0,0
B10_D1,59,0,8,0,0
B6_D1,905,0,20,0,0
B10_D1,928,0,259,0,0
B6_D1,958,0,252,0,0
B10_D1,705,0,249,0,0
B10_D1,1020,0,88,0,0
B10_D1,509,0,216,0,0
B10_D1,1023,0,175,0,0
G1_D1,275,0,120,0,0
B6_D1,525,0,265,0,0
B6_D1,697,0,287,0,0
B4_D1,664,0,249,0,0
B4_D1,771,0,15,0,0
B10_D1,7,0,102,0,0
B6_D1,865,0,500,0,0
B6_D1,189,0,122,0,0
G1_D1,845,0,220,0,0
G1_D1,89,0,4,0,0
B4_D1,294,0,231,0,0
B2_D1,623,0,479,0,0
B10_D1,734,0,2,0,0
B10_D1,143,0,354,0,0
B2_D1,2,0,234,0,0
B4_D1,882,0,31,0,0
B10_D1,543,0,120,0,0
B6_D1,1019,0,24,0,0
B6_D1,145,0,20,0,0
B10_D1,337,0,486,0,0
B10_D1,861,0,378,0,0
B6_D1,917,0,482,0,0
B6_D1,189,0,99,0,0
B2_D1,953,0,270,0,0
B10_D1,108,0,14,0,0
B10_D1,594,0,226,0,0
B10_D1,92,0,179,0,0
B10_D1,1,0,362,0,0
G1_D1,747,0,239,0,0
B6_D1,6,0,156,0,0
B6_D1,140,0,367,0,0
G1_D1,579,0,11,0,0
B6_D1,342,0,382,0,0
G1_D1,40,0,204,0,0
B10_D1,187,0,451,0,0
B6_D1,338,0,372,0,0
B6_D1,407,0,249,0,0
B6_D1,937,0,12,0,0
B10_D1,708,0,311,0,0
B6_D1,804,0,239,0,0
B10_D1,751,0,6,0,0
G1_D1,458,0,485,0,0
B6_D1,544,0,273,0,0
B6_D1,336,0,189,0,0
B6_D1,91,0,102,0,0
B10_D1,86,0,25,0,0
B10_D1,387,0,493,0,0
B4_D1,4,0,411,0,0
B10_D1,310,0,133,0,0
G1_D1,892,0,256,0,0
B10_D1,974,0,60,0,0
B6_D1,683,0,70,0,0
B10_D1,333,0,414,0,0
B6_D1,599,0,163,0,0
B10_D1,648,0,209,0,0
B6_D1,623,0,508,0,0
B6_D1,822,0,145,0,0
B4_D1,306,0,215,0,0
G1_D1,198,0,169,0,0
G1_D1,410,0,22,0,0
G1_D1,362,0,224,0,0
B10_D1,130,0,433,0,0
B10_D1,387,0,119,0,0
G1_D1,562,0,149,0,0
B6_D1,655,0,418,0,0
B10_D1,452,0,411,0,0
G1_D1,164,0,334,0,0
B2_D1,716,0,140,0,0
G1_D1,34,0,102,0,0
B6_D1,166,0,6,0,0
B10_D1,523,0,210,0,0
G1_D1,604,0,247,0,0
B10_D1,345,0,121,0,0
B10_D1,273,0,48,0,0
B6_D1,1003,0,105,0,0
B2_D1,167,0,0,0,0
B6_D1,982,0,492,0,0
B6_D1,65,0,5,0,0
B6_D1,624,0,195,0,0
B2_D1,954,0,33,0,0
B6_D1,81,0,31,0,0
G1_D1,971,0,159,0,0
B10_D1,250,0,58,0,0
B6_D1,290,0,80,0,0
B10_D1,819,0,248,0,0
B10_D1,986,0,25,0,0
B10_D1,144,0,172,0,0
B10_D1,923,0,74,0,0
B10_D1,965,0,470,0,0
B10_D1,635,0,118,0,0
G1_D1,345,0,48,0,0
B6_D1,541,0,501,0,0
B6_D1,76,0,136,0,0
B6_D1,46,0,267,0,0
B6_D1,122,0,12,0,0
B2_D1,123,0,35,0,0
B10_D1,729,0,19,0,0
G1_D1,1022,0,228,0,0
B4_D1,806,0,66,0,0
B6_D1,292,0,2,0,0
B2_D1,798,0,68,0,0
B10_D1,55,0,303,0,0
B6_D1,43,0,164,0,0
G1_D1,331,0,27,0,0
B2_D1,990,0,108,0,0
B6_D1,50,0,30,0,0
G1_D1,686,0,60,0,0
G1_D1,959,0,208,0,0
B6_D1,14,0,484,0,0
G1_D1,579,0,12,0,0
B10_D1,28,0,115,0,0
B10_D1,676,0,388,0,0
B6_D1,957,0,471,0,0
G1_D1,31,0,101,0,0
G1_D1,954,0,251,0,0
B10_D1,627,0,315,0,0
B4_D1,110,0,197,0,0
G1_D1,521,0,49,0,0
B10_D1,676,0,483,0,0
B10_D1,1023,0,370,0,-1
B6_D1,942,0,12,0,0
B10_D1,921,0,76,0,0
B2_D1,260,0,503,0,0
B6_D1,62,0,497,0,0
B6_D1,181,0,182,0,0
G1_D1,674,0,17,0,0
B6_D1,634,0,374,0,0
B4_D1,986,0,69,0,0
B4_D1,1,0,350,0,0
B6_D1,1017,0,492,0,0
B6_D1,271,0,486,0,0
B4_D1,124,0,188,0,0
B10_D1,3,0,101,0,0
B6_D1,227,0,147,0,0
G1_D1,65,0,384,0,0
G1_D1,1010,0,97,0,0
B4_D1,83,0,3,0,0
B6_D1,165,0,273,0,0
G1_D1,653,0,26,0,0
B10_D1,3,0,397,0,0
B6_D1,657,0,110,0,0
B4_D1,114,0,3,0,0
G1_D1,641,0,306,0,0
B4_D1,872,0,238,0,0
B10_D1,596,0,282,0,0
B4_D1,1022,0,118,0,0
B6_D1,871,0,6,0,0
G1_D1,729,0,2,0,0
B10_D1,839,0,322,0,0
B10_D1,466,0,89,0,0
B6_D1,773,0,161,0,0
B10_D1,716,0,90,0,0
G1_D1,212,0,371,0,0
B6_D1,149,0,44,0,0
B4_D1,839,0,59,0,0
B6_D1,676,0,491,0,0
B6_D1,325,0,356,0,-1
B6_D1,702,0,455,0,0
G1_D1,389,0,280,0,0
B10_D1,588,0,143,0,0
G1_D1,545,0,233,0,0
G1_D1,13,0,362,0,0
B6_D1,305,0,390,0,0
B6_D1,238,0,23,0,0
B6_D1,729,0,341,0,0
B10_D1,419,0,482,0,0
B6_D1,552,0,37,0,0
B6_D1,788,0,488,0,0
B10_D1,100,0,126,0,0
B6_D1,908,0,341,0,0
G1_D1,12,0,192,0,0
B4_D1,239,0,210,0,0
B6_D1,736,0,351,0,0
B2_D1,2,0,216,0,0
G1_D1,607,0,196,0,0
B10_D1,852,0,351,0,0
G1_D1,807,0,81,0,0
B10_D1,541,0,266,0,0
B4_D1,268,0,18,0,0
B8_D1,331,0,305,0,0
G1_D1,20,0,402,0,0
G1_D1,985,0,108,0,0
B8_D1,755,0,206,0,0
B6_D1,268,0,49,0,0
B2_D1,0,0,500,0,0
B10_D1,647,0,46,0,0
G1_D1,409,0,130,0,0
B10_D1,428,0,367,0,0
G1_D1,237,0,158,0,0
G1_D1,197,0,38,0,0
B10_D1,890,0,47,0,0
B10_D1,108,0,271,0,0
B6_D1,3,0,493,0,0
G1_D1,22,0,80,0,0
G1_D1,698,0,55,0,0
B6_D1,148,0,319,0,0
G1_D1,52,0,91,0,0
B10_D1,278,0,98,0,0
G1_D1,372,0,302,0,0
G1_D1,143,0,436,0,0
B6_D1,570,0,5,0,0
B6_D1,767,0,259,0,0
B6_D1,346,0,380,0,0
B4_D1,360,0,369,0,0
B10_D1,421,0,377,0,0
B6_D1,766,0,78,0,0
B10_D1,329,0,223,0,0
B6_D1,877,0,116,0,0
B6_D1,66,0,141,0,0
B10_D1,666,0,63,0,0
B6_D1,995,0,45,0,0
B6_D1,123,0,459,0,0
B6_D1,838,0,308,0,0
G1_D1,290,0,269,0,0
G1_D1,593,0,241,0,0
B10_D1,735,0,332,0,0
B10_D1,166,0,47,0,0
B6_D1,180,0,505,0,0
B10_D1,583,0,220,0,0
B6_D1,560,0,165,0,0
B6_D1,630,0,280,0,0
B6_D1,988,0,445,0,-1
B10_D1,939,0,250,0,0
B8_D1,225,0,89,0,0
G1_D1,78,0,104,0,0
B8_D1,430,0,282,0,0
B6_D1,420,0,244,0,0
B10_D1,664,0,484,0,0
G1_D1,347,0,383,0,0
B6_D1,743,0,348,0,0
G1_D1,855,0,100,0,0
B6_D1,982,0,497,0,0
B10_D1,985,0,26,0,0
B10_D1,632,0,188,0,0
B4_D1,225,0,55,0,0
B6_D1,950,0,433,0,0
G1_D1,741,0,462,0,0
B10_D1,185,0,137,0,0
B6_D1,126,0,86,0,0
B10_D1,1022,0,99,0,0
B10_D1,512,0,334,0,0
B10_D1,912,0,444,0,0
B2_D1,351,0,511,0,0
B6_D1,786,0,128,0,0
B6_D1,498,0,23,0,0
B6_D1,650,0,35,0,0
G1_D1,685,0,203,0,0
B2_D1,240,0,48,0,0
G1_D1,804,0,12,0,0
B10_D1,146,0,289,0,0
B10_D1,451,0,511,0,0
B6_D1,623,0,444,0,0
B10_D1,371,0,420,0,0
B10_D1,349,0,247,0,0
B10_D1,565,0,324,0,0
B6_D1,887,0,379,0,0
B6_D1,656,0,26,0,0
G1_D1,451,0,510,0,0
B10_D1,71,0,167,0,0
B10_D1,432,0,237,0,0
B6_D1,662,0,12,0,0
G1_D1,673,0,244,0,0
G1_D1,711,0,15,0,0
B6_D1,59,0,429,0,0
G1_D1,218,0,325,0,0
B6_D1,618,0,483,0,0
B4_D1,283,0,27,0,0
B6_D1,699,0,489,0,0
B6_D1,223,0,333,0,0
B6_D1,655,0,35,0,0
B10_D1,421,0,388,0,0
G1_D1,18,0,103,0,0
B6_D1,14,0,34,0,0
B10_D1,501,0,60,0,0
G1_D1,411,0,510,0,0
B6_D1,220,0,5,0,0
B10_D1,907,0,79,0,0
B6_D1,39,0,4,0,0
G1_D1,83,0,427,0,0
B10_D1,4,0,39,0,0
B10_D1,357,0,173,0,0
B6_D1,301,0,426,0,0
B2_D1,404,0,130,0,0
G1_D1,546,0,34,0,0
G1_D1,643,0,112,0,0
G1_D1,35,0,85,0,0
B6_D1,774,0,366,0,0
G1_D1,746,0,315,0,0
B2_D1,757,0,78,0,0
G1_D1,710,0,0,0,0
B6_D1,861,0,259,0,0
G1_D1,193,0,174,0,0
B4_D1,1019,0,45,0,0
B10_D1,501,0,69,0,0
B10_D1,356,0,182,0,0
B6_D1,647,0,169,0,0
B10_D1,350,0,289,0,0
B6_D1,680,0,225,0,0
B10_D1,991,0,304,0,0
B10_D1,365,0,223,0,0
B6_D1,913,0,234,0,0
B6_D1,512,0,17,0,0
B6_D1,874,0,313,0,0
G1_D1,199,0,16,0,0
B6_D1,471,0,41,0,0
B6_D1,1006,0,511,0,0
B4_D1,328,0,218,0,0
B6_D1,826,0,511,0,0
B10_D1,499,0,489,0,0
B6_D1,280,0,397,0,0
B10_D1,659,0,383,0,0
B10_D1,1003,0,214,0,0
B10_D1,92,0,15,0,0
B10_D1,357,0,44,0,0
B10_D1,187,0,42,0,0
G1_D1,34,0,174,0,0
B10_D1,792,0,450,0,0
G1_D1,84,0,426,0,0
B2_D1,780,0,76,0,0
G1_D1,883,0,270,0,0
B10_D1,436,0,297,0,0
B6_D1,197,0,497,0,0
B6_D1,897,0,51,0,0
B10_D1,507,0,119,0,0
B6_D1,570,0,500,0,0
G1_D1,43,0,233,0,0
B10_D1,292,0,160,0,0
B6_D1,258,0,493,0,0
G1_D1,26,0,172,0,0
B10_D1,406,0,511,0,0
B6_D1,683,0,3,0,0
B6_D1,597,0,189,0,0
B10_D1,400,0,236,0,0
G1_D1,190,0,73,0,0
B6_D1,111,0,135,0,0
G1_D1,859,0,390,0,0
B2_D1,634,0,23,0,0
B10_D1,980,0,58,0,0
B2_D1,238,0,69,0,0
B10_D1,516,0,0,0,0
B2_D1,436,0,484,0,0
B2_D1,1,0,102,0,0
B6_D1,398,0,473,0,0
B6_D1,889,0,107,0,0
B10_D1,152,0,45,0,0
G1_D1,574,0,3,0,0
B6_D1,763,0,28,0,0
B10_D1,807,0,443,0,0
G1_D1,454,0,30,0,0
B6_D1,981,0,104,0,0
B6_D1,740,0,271,0,0
G1_D1,79,0,267,0,0
B6_D1,323,0,372,0,0
B2_D1,78,0,37,0,0
G1_D1,18,0,168,0,0
B10_D1,604,0,288,0,0
B10_D1,52,0,203,0,0
B6_D1,694,0,4,0,0
B10_D1,920,0,323,0,0
B10_D1,139,0,8,0,0
G1_D1,673,0,246,0,0
B6_D1,152,0,156,0,0
B6_D1,252,0,386,0,0
B2_D1,910,0,38,0,0
B10_D1,647,0,6,0,0
B2_D1,604,0,225,0,0
B6_D1,603,0,426,0,0
G1_D1,1002,0,202,0,0
B6_D1,705,0,182,0,0
B2_D1,163,0,15,0,0
B4_D1,868,0,92,0,0
B6_D1,892,0,145,0,0
B10_D1,62,0,6,0,0
B2_D1,149,0,135,0,0
G1_D1,257,0,17,0,0
G1_D1,105,0,165,0,0
B6_D1,400,0,383,0,0
B10_D1,621,0,144,0,0
B6_D1,233,0,68,0,0
G1_D1,8,0,375,0,0
B6_D1,646,0,217,0,0
B4_D1,207,0,68,0,0
B10_D1,677,0,416,0,0
B10_D1,896,0,0,0,0
B10_D1,85,0,31,0,0
B6_D1,136,0,360,0,0
B6_D1,752,0,110,0,0
B6_D1,395,0,57,0,0
B6_D1,98,0,149,0,0
B10_D1,983,0,41,0,0
B10_D1,33,0,104,0,0
B6_D1,572,0,492,0,0
B6_D1,798,0,448,0,0
B6_D1,671,0,131,0,0
B6_D1,676,0,370,0,0
G1_D1,18,0,165,0,0
B10_D1,506,0,9,0,0
B6_D1,955,0,295,0,0
G1_D1,569,0,6,0,0
B6_D1,779,0,460,0,0
G1_D1,719,0,40,0,0
B10_D1,7,0,182,0,0
B6_D1,345,0,96,0,0
B2_D1,169,0,125,0,0
B2_D1,100,0,128,0,0
G1_D1,823,0,41,0,0
B10_D1,271,0,207,0,0
B10_D1,784,0,248,0,0
B2_D1,714,0,474,0,0
B10_D1,238,0,319,0,0
B8_D1,1007,0,299,0,0
B10_D1,904,0,249,0,0
G1_D1,308,0,457,0,3
B6_D1,603,0,419,0,0
G1_D1,920,0,245,0,0
B6_D1,623,0,49,0,0
G1_D1,401,0,19,0,0
G1_D1,231,0,1,0,0
B10_D1,41,0,9,0,0
B6_D1,803,0,498,0,0
G1_D1,27,0,32,0,0
B10_D1,685,0,297,0,0
B10_D1,856,0,288,0,0
B10_D1,528,0,94,0,0
B6_D1,744,0,489,0,0
B6_D1,335,0,383,0,0
B6_D1,268,0,268,0,0
B10_D1,573,0,120,0,0
B4_D1,974,0,33,0,0
G1_D1,988,0,286,0,0
B10_D1,218,0,320,0,0
B6_D1,889,0,192,0,0
B10_D1,435,0,498,0,0
B10_D1,921,0,81,0,0
B10_D1,166,0,170,0,0
B6_D1,405,0,55,0,0
B8_D1,797,0,310,0,0
B6_D1,52,0,17,0,0
B6_D1,118,0,98,0,0
B6_D1,170,0,283,0,0
B10_D1,173,0,283,0,0
B6_D1,721,0,11,0,0
B10_D1,279,0,157,0,0
B10_D1,424,0,456,0,0
B10_D1,983,0,498,0,0
B6_D1,800,0,490,0,0
B10_D1,147,0,267,0,0
B4_D1,272,0,41,0,0
B6_D1,419,0,52,0,0
B10_D1,28,0,150,0,0
B6_D1,600,0,277,0,0
B6_D1,655,0,85,0,0
B10_D1,16,0,252,0,0
B6_D1,1001,0,206,0,0
B6_D1,114,0,509,0,0
B6_D1,276,0,478,0,0
B6_D1,198,0,287,0,0
B10_D1,381,0,478,0,0
G1_D1,1017,0,38,0,0
B6_D1,818,0,272,0,0
B6_D1,732,0,374,0,0
G1_D1,748,0,288,0,0
B6_D1,1018,0,476,0,0
G1_D1,427,0,108,0,0
B6_D1,657,0,469,0,0
B6_D1,112,0,487,0,0
B6_D1,940,0,396,0,0
G1_D1,739,0,251,0,0
B4_D1,558,0,169,0,0
B10_D1,735,0,466,0,0
B10_D1,120,0,180,0,0
G1_D1,14,0,102,0,0
B2_D1,681,0,510,0,0
B10_D1,184,0,507,0,0
B10_D1,279,0,183,0,0
B6_D1,866,0,21,0,0
B10_D1,925,0,376,0,0
B10_D1,441,0,0,0,0
B6_D1,23,0,220,0,0
B6_D1,778,0,99,0,0
B10_D1,571,0,303,0,0
B10_D1,814,0,257,0,0
B10_D1,387,0,6,0,0
B10_D1,430,0,100,0,0
B10_D1,480,0,304,0,0
B10_D1,144,0,187,0,0
B6_D1,138,0,458,0,0
B6_D1,397,0,462,0,0
B10_D1,669,0,29,0,0
B6_D1,1018,0,23,0,0
B6_D1,939,0,400,0,0
B10_D1,249,0,125,0,0
B6_D1,10,0,345,0,0
B10_D1,1,0,282,0,0
B6_D1,265,0,163,0,0
B10_D1,689,0,56,0,0
G1_D1,163,0,158,0,0
B8_D1,633,0,179,0,0
B10_D1,306,0,194,0,0
G1_D1,106,0,283,0,0
B10_D1,501,0,164,0,0
B10_D1,547,0,122,0,0
B6_D1,711,0,405,0,0
B6_D1,911,0,496,0,0
G1_D1,594,0,57,0,0
G1_D1,935,0,443,0,0
G1_D1,980,0,276,0,0
B10_D1,931,0,340,0,0
B10_D1,31,0,188,0,0
B10_D1,874,0,233,0,0
B10_D1,1,0,38,0,0
B2_D1,336,0,161,0,0
B6_D1,14,0,334,0,0
B10_D1,342,0,486,0,0
B6_D1,22,0,221,0,0
B10_D1,517,0,251,0,0
B2_D1,546,0,476,0,0
B2_D1,709,0,474,0,0
B2_D1,874,0,261,0,0
B6_D1,22,0,497,0,0
B6_D1,637,0,291,0,0
B10_D1,234,0,219,0,0
B6_D1,984,0,223,0,0
B2_D1,902,0,454,0,0
G1_D1,189,0,25,0,0
G1_D1,263,0,340,0,0
B6_D1,606,0,423,0,0
B6_D1,710,0,345,0,0
B2_D1,748,0,4,0,0
G1_D1,389,0,16,0,0
G1_D1,48,0,130,0,0
B10_D1,117,0,147,0,0
B6_D1,967,0,121,0,0
B10_D1,347,0,186,0,0
B6_D1,749,0,70,0,0
G1_D1,324,0,3,0,0
B2_D1,976,0,124,0,0
B2_D1,762,0,26,0,0
G1_D1,396,0,19,0,0
B10_D1,747,0,89,0,0
B10_D1,656,0,384,0,0
B10_D1,790,0,252,0,0
B6_D1,199,0,9,0,0
B6_D1,674,0,34,0,0
B6_D1,422,0,173,0,0
B4_D1,8,0,402,0,0
B10_D1,810,0,72,0,0
B6_D1,901,0,511,0,0
B10_D1,952,0,20,0,0
B6_D1,259,0,115,0,0
B4_D1,589,0,219,0,0
B2_D1,652,0,474,0,0
G1_D1,1004,0,6,0,0
G1_D1,967,0,26,0,0
B6_D1,540,0,490,0,0
B6_D1,869,0,509,0,0
B6_D1,827,0,391,0,0
B6_D1,445,0,331,0,0
B4_D1,227,0,174,0,0
B6_D1,259,0,494,0,0
B2_D1,943,0,24,0,0
B2_D1,173,0,306,0,0
B6_D1,801,0,64,0,0
B10_D1,60,0,400,0,0
B6_D1,922,0,32,0,0
B10_D1,134,0,168,0,0
G1_D1,492,0,311,0,0
B2_D1,273,0,42,0,0
B6_D1,92,0,17,0,0
B10_D1,1022,0,125,0,0
B2_D1,952,0,65,0,0
G1_D1,255,0,62,0,0
B4_D1,268,0,16,0,0
B6_D1,731,0,46,0,0
B6_D1,550,0,405,0,0
G1_D1,28,0,70,0,0
B6_D1,776,0,128,0,0
B2_D1,397,0,207,0,0
G1_D1,368,0,159,0,0
B10_D1,390,0,27,0,0
B8_D1,104,0,98,0,0
B4_D1,221,0,209,0,0
B10_D1,488,0,33,0,0
B2_D1,655,0,50,0,0
B4_D1,236,0,406,0,0
B6_D1,575,0,389,0,0
B10_D1,349,0,416,0,0
G1_D1,920,0,251,0,0
B6_D1,473,0,109,0,0
B6_D1,431,0,169,0,0
B6_D1,791,0,491,0,0
B2_D1,210,0,301,0,0
B6_D1,935,0,226,0,0
B6_D1,866,0,16,0,0
B2_D1,132,0,444,0,0
G1_D1,410,0,511,0,0
B4_D1,711,0,33,0,0
B10_D1,1019,0,112,0,0
B6_D1,360,0,490,0,0
G1_D1,747,0,80,0,0
G1_D1,791,0,267,0,0
B6_D1,985,0,303,0,0
B4_D1,761,0,60,0,0
B2_D1,714,0,58,0,0
B10_D1,12,0,229,0,0
B2_D1,819,0,277,0,0
B6_D1,703,0,150,0,0
B6_D1,579,0,407,0,0
G1_D1,16,0,224,0,0
B6_D1,895,0,40,0,0
G1_D1,83,0,97,0,0
B2_D1,1023,0,203,0,0
B4_D1,502,0,285,0,0
B10_D1,353,0,397,0,-1
B10_D1,824,0,492,0,0
B6_D1,817,0,17,0,0
B10_D1,849,0,188,0,0
B10_D1,958,0,267,0,0
B6_D1,659,0,329,0,-1
G1_D1,47,0,299,0,0
B6_D1,167,0,366,0,0
B4_D1,580,0,196,0,0
G1_D1,910,0,273,0,0
B4_D1,220,0,49,0,0
G1_D1,516,0,67,0,0
B6_D1,547,0,17,0,0
G1_D1,183,0,35,0,0
B10_D1,471,0,465,0,0
G1_D1,675,0,510,0,0
B6_D1,813,0,449,0,0
B10_D1,135,0,510,0,0
B10_D1,462,0,126,0,0
B4_D1,682,0,283,0,0
B10_D1,644,0,10,0,0
B2_D1,382,0,204,0,0
B6_D1,949,0,19,0,0
B6_D1,211,0,501,0,0
B6_D1,721,0,463,0,0
B10_D1,131,0,266,0,0
G1_D1,609,0,9,0,0
B6_D1,828,0,301,0,0
B4_D1,657,0,237,0,0
B6_D1,949,0,499,0,0
B6_D1,123,0,33,0,0
B10_D1,227,0,94,0,0
B10_D1,369,0,58,0,0
B10_D1,181,0,47,0,0
B6_D1,383,0,480,0,0
B10_D1,784,0,52,0,0
B8_D1,92,0,134,0,0
B10_D1,937,0,285,0,0
G1_D1,296,0,123,0,0
B6_D1,492,0,294,0,0
B10_D1,439,0,141,0,0
G1_D1,611,0,182,0,0
B6_D1,704,0,304,0,0
G1_D1,723,0,357,0,0
B6_D1,2,0,51,0,0
B10_D1,143,0,117,0,0
G1_D1,992,0,315,0,0
G1_D1,11,0,154,0,0
B10_D1,537,0,481,0,0
B6_D1,694,0,417,0,0
B6_D1,155,0,490,0,0
B2_D1,900,0,2,0,0
G1_D1,326,0,91,0,0
B10_D1,690,0,79,0,0
B10_D1,305,0,466,0,3
B6_D1,815,0,84,0,0
B6_D1,942,0,42,0,0
B6_D1,226,0,302,0,0
G1_D1,629,0,117,0,0
G1_D1,979,0,11,0,0
G1_D1,635,0,94,0,0
B10_D1,466,0,230,0,0
B4_D1,756,0,122,0,0
B2_D1,812,0,69,0,0
B2_D1,192,0,86,0,0
B10_D1,353,0,114,0,0
B6_D1,842,0,202,0,0
B6_D1,442,0,119,0,0
G1_D1,219,0,2,0,0
B6_D1,515,0,130,0,0
B6_D1,855,0,175,0,0
B6_D1,885,0,10,0,0
B6_D1,389,0,509,0,0
B6_D1,875,0,45,0,0
B10_D1,351,0,204,0,0
B6_D1,197,0,482,0,0
G1_D1,614,0,115,0,0
B10_D1,159,0,168,0,0
B6_D1,1017,0,299,0,0
B10_D1,229,0,290,0,0
B4_D1,70,0,26,0,0
G1_D1,578,0,270,0,0
B6_D1,201,0,481,0,0
B10_D1,383,0,229,0,0
B10_D1,526,0,135,0,0
B10_D1,60,0,23,0,0
B6_D1,235,0,20,0,0
G1_D1,358,0,40,0,0
B10_D1,992,0,52,0,0
B6_D1,784,0,452,0,0
B6_D1,876,0,345,0,0
B10_D1,37,0,268,0,0
B6_D1,812,0,70,0,0
B10_D1,688,0,77,0,0
G1_D1,449,0,11,0,0
B10_D1,192,0,223,0,0
B10_D1,622,0,237,0,0
G1_D1,599,0,10,0,0
B6_D1,119,0,259,0,0
B6_D1,208,0,353,0,0
B6_D1,592,0,487,0,0
B6_D1,458,0,55,0,0
B2_D1,683,0,285,0,0
G1_D1,868,0,438,0,0
B10_D1,42,0,154,0,0
B10_D1,714,0,425,0,0
B6_D1,221,0,310,0,0
B6_D1,770,0,303,0,0
G1_D1,39,0,305,0,0
B10_D1,476,0,83,0,0
G1_D1,984,0,6,0,0
G1_D1,389,0,7,0,0
B10_D1,870,0,251,0,0
B10_D1,318,0,184,0,0
B10_D1,151,0,82,0,0
B6_D1,544,0,494,0,0
B6_D1,141,0,174,0,0
B6_D1,15,0,345,0,0
G1_D1,350,0,268,0,0
G1_D1,30,0,0,0,0
B6_D1,938,0,328,0,0
B10_D1,312,0,113,0,0
B6_D1,981,0,294,0,0
G1_D1,755,0,447,0,0
B10_D1,198,0,160,0,0
B6_D1,807,0,507,0,0
B6_D1,958,0,157,0,0
B10_D1,834,0,328,0,0
B6_D1,377,0,409,0,0
B6_D1,601,0,279,0,0
B10_D1,766,0,88,0,0
B4_D1,591,0,303,0,0
G1_D1,242,0,39,0,0
B6_D1,988,0,312,0,0
G1_D1,263,0,333,0,0
B6_D1,164,0,108,0,0
B2_D1,308,0,122,0,0
G1_D1,24,0,207,0,0
G1_D1,861,0,15,0,0
B10_D1,595,0,37,0,0
B6_D1,636,0,363,0,0
B10_D1,797,0,407,0,0
B6_D1,253,0,68,0,0
B2_D1,442,0,128,0,0
G1_D1,954,0,220,0,0
B6_D1,614,0,204,0,0
B6_D1,652,0,286,0,0
B4_D1,4,0,157,0,0
B6_D1,151,0,501,0,0
B10_D1,386,0,83,0,0
B10_D1,752,0,510,0,0
B6_D1,810,0,296,0,0
B10_D1,253,0,300,0,0
B6_D1,629,0,195,0,0
B10_D1,63,0,4,0,0
B2_D1,261,0,486,0,0
B10_D1,921,0,65,0,0
G1_D1,1004,0,8,0,0
B10_D1,51,0,5,0,0
B6_D1,976,0,159,0,0
G1_D1,129,0,285,0,0
B10_D1,328,0,210,0,0
B6_D1,428,0,461,0,0
B10_D1,534,0,408,0,0
B6_D1,142,0,167,0,0
B2_D1,84,0,77,0,0
B6_D1,260,0,64,0,0
B6_D1,984,0,408,0,0
G1_D1,214,0,13,0,0
B10_D1,188,0,14,0,0
B6_D1,463,0,417,0,0
G1_D1,392,0,91,0,0
B2_D1,713,0,498,0,0
B10_D1,22,0,226,0,0
G1_D1,844,0,5,0,0
B4_D1,509,0,207,0,0
G1_D1,340,0,268,0,0
B10_D1,373,0,484,0,0
B6_D1,535,0,258,0,0
B8_D1,143,0,233,0,0
B10_D1,181,0,112,0,0
G1_D1,622,0,179,0,0
G1_D1,439,0,479,0,0
B4_D1,339,0,220,0,0
G1_D1,64,0,267,0,0
B6_D1,707,0,487,0,0
B2_D1,760,0,201,0,0
B2_D1,284,0,157,0,0
B10_D1,85,0,85,0,0
B10_D1,640,0,66,0,0
B6_D1,507,0,253,0,0
B10_D1,295,0,65,0,0
B10_D1,870,0,370,0,0
G1_D1,429,0,95,0,0
B6_D1,813,0,13,0,0
B6_D1,560,0,20,0,0
G1_D1,138,0,434,0,0
B4_D1,126,0,265,0,0
B10_D1,939,0,237,0,0
B6_D1,287,0,27,0,0
B10_D1,264,0,19,0,0
B4_D1,1022,0,69,0,0
B4_D1,695,0,194,0,0
B6_D1,991,0,109,0,0
B10_D1,19,0,205,0,0
B6_D1,916,0,26,0,0
B6_D1,76,0,428,0,0
B6_D1,864,0,240,0,0
B10_D1,626,0,282,0,0
B4_D1,41,0,270,0,0
G1_D1,779,0,8,0,0
G1_D1,244,0,85,0,0
B2_D1,783,0,59,0,0
B6_D1,290,0,54,0,0
B4_D1,308,0,45,0,0
G1_D1,19,0,183,0,0
B10_D1,265,0,194,0,0
G1_D1,665,0,510,0,0
B6_D1,572,0,482,0,0
B6_D1,775,0,15,0,0
B10_D1,524,0,279,0,0
B10_D1,366,0,43,0,0
B6_D1,219,0,499,0,0
B6_D1,321,0,222,0,0
B2_D1,692,0,224,0,0
B6_D1,201,0,152,0,0
B10_D1,800,0,307,0,0
B10_D1,494,0,28,0,0
B10_D1,405,0,136,0,0
B10_D1,460,0,417,0,0
G1_D1,73,0,49,0,0
B6_D1,285,0,30,0,0
B6_D1,111,0,323,0,0
B10_D1,645,0,279,0,0
G1_D1,453,0,88,0,0
B2_D1,641,0,115,0,0
B10_D1,473,0,109,0,0
B2_D1,776,0,510,0,0
B2_D1,662,0,91,0,0
B2_D1,4,0,134,0,0
B10_D1,396,0,314,0,4
B10_D1,713,0,7,0,0
G1_D1,553,0,244,0,0
B2_D1,480,0,166,0,0
B6_D1,14,0,362,0,0
B6_D1,751,0,277,0,0
B10_D1,260,0,186,0,0
B8_D1,699,0,312,0,0
B6_D1,601,0,491,0,0
B6_D1,640,0,421,0,0
G1_D1,600,0,228,0,0
B4_D1,3,0,347,0,0
G1_D1,725,0,313,0,0
B6_D1,278,0,268,0,0
B8_D1,687,0,183,0,0
B6_D1,90,0,202,0,0
B10_D1,907,0,342,0,0
B6_D1,391,0,350,0,0
B6_D1,93,0,3,0,0
B10_D1,1023,0,115,0,0
G1_D1,229,0,193,0,0
B10_D1,196,0,505,0,0
B10_D1,199,0,34,0,0
G1_D1,134,0,12,0,0
B6_D1,3,0,8,0,0
B10_D1,32,0,30,0,0
B6_D1,722,0,362,0,0
G1_D1,643,0,266,0,0
B2_D1,884,0,46,0,0
B6_D1,481,0,491,0,0
B6_D1,473,0,33,0,0
B10_D1,559,0,507,0,0
B6_D1,640,0,347,0,0
G1_D1,55,0,20,0,0
B10_D1,765,0,306,0,0
B10_D1,230,0,510,0,0
B10_D1,136,0,153,0,0
B10_D1,398,0,229,0,0
B6_D1,401,0,332,0,0
B6_D1,225,0,77,0,0
B6_D1,680,0,25,0,0
B6_D1,577,0,282,0,0
B10_D1,486,0,280,0,0
B6_D1,668,0,468,0,0
B10_D1,640,0,17,0,0
G1_D1,799,0,307,0,0
B6_D1,578,0,160,0,0
B4_D1,447,0,237,0,0
B10_D1,580,0,243,0,0
B10_D1,745,0,328,0,0
B10_D1,11,0,94,0,0
B4_D1,828,0,52,0,0
B10_D1,136,0,170,0,0
B10_D1,281,0,171,0,0
B10_D1,322,0,336,0,0
B6_D1,785,0,505,0,0
G1_D1,250,0,47,0,0
B2_D1,234,0,485,0,0
B2_D1,974,0,44,0,0
B6_D1,36,0,486,0,0
B10_D1,71,0,454,0,0
B10_D1,606,0,37,0,0
B6_D1,230,0,130,0,0
B2_D1,360,0,114,0,0
B6_D1,938,0,488,0,0
G1_D1,804,0,14,0,0
B6_D1,247,0,246,0,0
G1_D1,1018,0,79,0,0
B10_D1,171,0,47,0,0
B10_D1,510,0,285,0,0
B6_D1,592,0,331,0,0
G1_D1,81,0,462,0,0
B6_D1,810,0,79,0,0
G1_D1,943,0,219,0,0
B10_D1,662,0,270,0,0
B10_D1,19,0,300,0,0
B10_D1,594,0,80,0,0
B6_D1,303,0,143,0,0
G1_D1,395,0,205,0,0
G1_D1,154,0,293,0,0
G1_D1,454,0,13,0,0
B6_D1,19,0,147,0,0
B10_D1,1021,0,472,0,0
G1_D1,388,0,106,0,0
G1_D1,824,0,7,0,0
B6_D1,19,0,509,0,0
B6_D1,905,0,396,0,0
B10_D1,346,0,94,0,0
G1_D1,954,0,9,0,0
B10_D1,518,0,172,0,0
B4_D1,663,0,158,0,0
G1_D1,923,0,23,0,0
G1_D1,332,0,195,0,0
G1_D1,627,0,113,0,0
B10_D1,601,0,497,0,0
G1_D1,1005,0,40,0,0
G1_D1,184,0,180,0,0
B6_D1,654,0,29,0,0
B6_D1,301,0,344,0,0
B10_D1,409,0,343,0,0
G1_D1,872,0,116,0,0
G1_D1,271,0,489,0,0
G1_D1,13,0,106,0,0
B6_D1,453,0,433,0,0
B10_D1,379,0,315,0,4
B10_D1,281,0,318,0,0
B8_D1,590,0,202,0,0
B6_D1,934,0,127,0,0
B10_D1,955,0,31,0,0
B6_D1,254,0,29,0,0
B6_D1,818,0,151,0,0
B10_D1,608,0,209,0,0
B2_D1,476,0,511,0,0
B6_D1,862,0,153,0,0
B10_D1,261,0,255,0,0
B10_D1,420,0,460,0,0
B6_D1,144,0,29,0,0
G1_D1,975,0,272,0,0
G1_D1,1023,0,43,0,0
B6_D1,2,0,42,0,0
B10_D1,847,0,23,0,0
B10_D1,330,0,199,0,0
G1_D1,644,0,2,0,0
B6_D1,968,0,403,0,0
B10_D1,5,0,74,0,0
B10_D1,698,0,87,0,0
B10_D1,427,0,394,0,0
G1_D1,481,0,21,0,0
B4_D1,9,0,183,0,0
G1_D1,949,0,128,0,0
B10_D1,696,0,88,0,0
B8_D1,753,0,312,0,0
B4_D1,332,0,326,0,0
B6_D1,299,0,4,0,0
B6_D1,775,0,158,0,0
G1_D1,944,0,2,0,0
B4_D1,594,0,304,0,0
B2_D1,640,0,508,0,0
B6_D1,134,0,404,0,0
B6_D1,751,0,423,0,0
B10_D1,556,0,204,0,0
B10_D1,325,0,31,0,0
G1_D1,374,0,89,0,0
B6_D1,169,0,109,0,0
B6_D1,676,0,26,0,0
G1_D1,1013,0,86,0,0
B6_D1,320,0,477,0,0
B6_D1,564,0,19,0,0
B6_D1,225,0,20,0,0
B10_D1,935,0,220,0,0
G1_D1,508,0,147,0,0
B6_D1,937,0,327,0,0
B6_D1,290,0,5,0,0
B10_D1,160,0,254,0,0
B6_D1,1007,0,169,0,0
B10_D1,24,0,79,0,0
B10_D1,119,0,459,0,0
B6_D1,237,0,112,0,0
B6_D1,4,0,391,0,0
B10_D1,822,0,99,0,0
B10_D1,163,0,213,0,0
B6_D1,273,0,23,0,0
G1_D1,45,0,55,0,0
G1_D1,694,0,43,0,0
B6_D1,522,0,443,0,-1
G1_D1,1000,0,140,0,0
B6_D1,337,0,32,0,0
B6_D1,33,0,508,0,0
B6_D1,931,0,55,0,0
B4_D1,44,0,129,0,0
B4_D1,991,0,87,0,0
B10_D1,169,0,236,0,0
B4_D1,733,0,248,0,0
B2_D1,154,0,414,0,0
B4_D1,780,0,19,0,0
G1_D1,484,0,16,0,0
G1_D1,542,0,276,0,0
B10_D1,343,0,16,0,0
B6_D1,741,0,344,0,0
B10_D1,934,0,359,0,0
G1_D1,40,0,269,0,0
G1_D1,85,0,48,0,0
B10_D1,334,0,130,0,0
B10_D1,691,0,6,0,0
B6_D1,68,0,503,0,0
B8_D1,99,0,101,0,0
B6_D1,525,0,326,0,0
B6_D1,28,0,28,0,0
B10_D1,739,0,256,0,0
G1_D1,808,0,64,0,0
B6_D1,87,0,310,0,0
B2_D1,964,0,115,0,0
G1_D1,876,0,52,0,0
B10_D1,3,0,55,0,0
B6_D1,67,0,99,0,0
G1_D1,924,0,8,0,0
B4_D1,248,0,213,0,0
B6_D1,788,0,98,0,0
B6_D1,260,0,505,0,0
B6_D1,847,0,202,0,0
B4_D1,428,0,234,0,0
B6_D1,540,0,213,0,0
B10_D1,564,0,507,0,0
B6_D1,45,0,247,0,0
B10_D1,97,0,40,0,0
B10_D1,237,0,288,0,0
B10_D1,570,0,316,0,0
G1_D1,536,0,1,0,0
B8_D1,695,0,249,0,0
B4_D1,334,0,209,0,0
B4_D1,34,0,2,0,0
B10_D1,651,0,280,0,0
B6_D1,7,0,293,0,0
B10_D1,469,0,8,0,0
B6_D1,200,0,476,0,0
B6_D1,385,0,387,0,0
B6_D1,735,0,72,0,0
B10_D1,769,0,410,0,0
B4_D1,738,0,101,0,0
B6_D1,678,0,503,0,0
G1_D1,1003,0,79,0,0
B6_D1,38,0,417,0,0
B2_D1,129,0,422,0,0
G1_D1,198,0,58,0,0
B8_D1,113,0,328,0,0
B6_D1,674,0,69,0,0
G1_D1,43,0,70,0,0
B6_D1,668,0,198,0,0
G1_D1,804,0,10,0,0
B2_D1,239,0,398,0,0
B10_D1,171,0,287,0,0
B10_D1,624,0,28,0,0
B10_D1,330,0,213,0,0
B10_D1,346,0,240,0,0
B6_D1,181,0,107,0,0
B10_D1,511,0,140,0,0
B10_D1,411,0,311,0,-1
B4_D1,3,0,344,0,0
G1_D1,988,0,278,0,0
B10_D1,364,0,58,0,0
B10_D1,500,0,337,0,0
B6_D1,578,0,322,0,0
G1_D1,797,0,57,0,0
B10_D1,682,0,40,0,0
B4_D1,830,0,51,0,0
G1_D1,716,0,368,0,0
B6_D1,3,0,262,0,0
B10_D1,271,0,423,0,0
B10_D1,402,0,127,0,0
B10_D1,300,0,510,0,0
B10_D1,746,0,467,0,0
B10_D1,2,0,341,0,0
B10_D1,443,0,291,0,0
B10_D1,363,0,483,0,0
B10_D1,150,0,105,0,0
G1_D1,294,0,13,0,0
B6_D1,501,0,392,0,-1
B4_D1,162,0,70,0,0
B6_D1,968,0,18,0,0
B10_D1,177,0,55,0,0
B6_D1,501,0,329,0,0
B2_D1,912,0,446,0,0
B2_D1,609,0,361,0,0
B6_D1,550,0,264,0,0
B4_D1,899,0,235,0,0
B10_D1,628,0,318,0,0
B4_D1,38,0,165,0,0
B6_D1,618,0,508,0,0
G1_D1,23,0,499,0,0
B6_D1,740,0,436,0,0
G1_D1,474,0,152,0,0
B8_D1,34,0,325,0,0
B6_D1,871,0,137,0,0
B6_D1,996,0,141,0,0
B6_D1,779,0,423,0,0
G1_D1,509,0,283,0,0
B10_D1,730,0,45,0,0
B10_D1,600,0,67,0,0
G1_D1,884,0,242,0,0
G1_D1,564,0,11,0,0
B4_D1,20,0,131,0,0
B10_D1,330,0,80,0,0
G1_D1,36,0,52,0,0
B10_D1,425,0,479,0,0
G1_D1,363,0,43,0,0
B6_D1,616,0,315,0,0
B4_D1,598,0,189,0,0
B4_D1,664,0,316,0,0
B6_D1,279,0,173,0,0
B2_D1,560,0,363,0,0
G1_D1,1012,0,71,0,0
G1_D1,258,0,299,0,0
B6_D1,599,0,168,0,0
B6_D1,326,0,11,0,0
B10_D1,401,0,60,0,0
B6_D1,517,0,42,0,0
B10_D1,229,0,327,0,0
B6_D1,18,0,363,0,0
B10_D1,415,0,235,0,0
G1_D1,329,0,10,0,0
B2_D1,277,0,392,0,0
B10_D1,255,0,264,0,0
B4_D1,492,0,432,0,5
B6_D1,378,0,324,0,4
B6_D1,166,0,506,0,0
G1_D1,959,0,54,0,0
B10_D1,165,0,95,0,0
B6_D1,86,0,422,0,0
B6_D1,410,0,57,0,0
B6_D1,89,0,273,0,0
B10_D1,140,0,111,0,0
B4_D1,6,0,149,0,0
B4_D1,968,0,125,0,0
B6_D1,606,0,496,0,0
B10_D1,317,0,52,0,0
B6_D1,64,0,290,0,0
B8_D1,280,0,325,0,0
B6_D1,172,0,145,0,0
B10_D1,692,0,290,0,0
B2_D1,719,0,52,0,0
B10_D1,866,0,29,0,0
B6_D1,407,0,263,0,0
B10_D1,786,0,445,0,0
B6_D1,826,0,117,0,0
G1_D1,366,0,228,0,0
G1_D1,534,0,9,0,0
B4_D1,678,0,40,0,0
G1_D1,100,0,192,0,0
B6_D1,643,0,28,0,0
B2_D1,367,0,204,0,0
B10_D1,821,0,3,0,0
B10_D1,48,0,298,0,0
B6_D1,415,0,485,0,0
B6_D1,577,0,342,0,0
B6_D1,266,0,81,0,0
G1_D1,581,0,197,0,0
B4_D1,1019,0,81,0,0
B6_D1,976,0,71,0,0
B8_D1,569,0,217,0,0
G1_D1,817,0,220,0,0
B6_D1,903,0,304,0,0
G1_D1,557,0,235,0,0
B6_D1,594,0,34,0,0
B10_D1,497,0,247,0,0
B6_D1,431,0,11,0,0
B10_D1,138,0,297,0,0
B6_D1,458,0,493,0,0
B4_D1,923,0,218,0,0
G1_D1,979,0,13,0,0
B10_D1,544,0,475,0,0
B4_D1,435,0,409,0,0
B10_D1,422,0,340,0,0
B10_D1,236,0,144,0,0
B6_D1,657,0,279,0,0
B2_D1,0,0,272,0,0
B6_D1,771,0,501,0,0
B6_D1,449,0,494,0,0
B6_D1,957,0,465,0,0
B6_D1,346,0,142,0,0
B10_D1,678,0,391,0,0
B6_D1,576,0,346,0,0
G1_D1,851,0,301,0,0
B6_D1,707,0,380,0,0
G1_D1,749,0,384,0,-1
G1_D1,233,0,119,0,0
B10_D1,452,0,43,0,0
B2_D1,670,0,100,0,0
B6_D1,106,0,270,0,0
G1_D1,789,0,11,0,0
G1_D1,514,0,17,0,0
B6_D1,768,0,300,0,0
B6_D1,150,0,40,0,0
B6_D1,89,0,29,0,0
B6_D1,708,0,432,0,0
B6_D1,221,0,297,0,0
B4_D1,244,0,347,0,0
G1_D1,631,0,85,0,0
B6_D1,757,0,257,0,0
B6_D1,740,0,461,0,0
B6_D1,843,0,28,0,0
B10_D1,975,0,230,0,0
B10_D1,705,0,54,0,0
G1_D1,341,0,274,0,0
B10_D1,261,0,237,0,0
B2_D1,330,0,291,0,0
B10_D1,887,0,88,0,0
B6_D1,541,0,511,0,0
B6_D1,619,0,61,0,0
B6_D1,580,0,339,0,0
B10_D1,90,0,192,0,0
B8_D1,164,0,52,0,0
B10_D1,889,0,394,0,0
B6_D1,919,0,269,0,0
G1_D1,35,0,25,0,0
B4_D1,963,0,90,0,0
B10_D1,935,0,341,0,0
B10_D1,392,0,192,0,0
B6_D1,242,0,27,0,0
B6_D1,26,0,407,0,0
B6_D1,473,0,63,0,0
B6_D1,879,0,117,0,0
B6_D1,888,0,273,0,0
B2_D1,0,0,31,0,0
B10_D1,96,0,318,0,0
B10_D1,470,0,308,0,0
B10_D1,750,0,252,0,0
B4_D1,255,0,46,0,0
B6_D1,475,0,485,0,0
B6_D1,459,0,4,0,0
B6_D1,544,0,244,0,0
G1_D1,27,0,282,0,0
B10_D1,870,0,366,0,0
B10_D1,278,0,321,0,0
B10_D1,657,0,441,0,0
B10_D1,139,0,124,0,0
B4_D1,0,0,250,0,0
G1_D1,786,0,241,0,0
B6_D1,88,0,289,0,0
B4_D1,357,0,362,0,0
B2_D1,753,0,70,0,0
B6_D1,435,0,419,0,0
B6_D1,918,0,304,0,0
B4_D1,297,0,273,0,0
G1_D1,255,0,167,0,0
B6_D1,440,0,410,0,0
B10_D1,646,0,511,0,0
B10_D1,129,0,346,0,0
B6_D1,618,0,365,0,0
B10_D1,360,0,17,0,0
B2_D1,359,0,21,0,0
B10_D1,674,0,244,0,0
B6_D1,874,0,494,0,0
B6_D1,18,0,397,0,0
B6_D1,537,0,283,0,0
B10_D1,267,0,461,0,3
G1_D1,32,0,273,0,0
B10_D1,81,0,100,0,0
G1_D1,369,0,10,0,0
B2_D1,567,0,221,0,0
B6_D1,19,0,426,0,-1
B10_D1,742,0,52,0,0
B6_D1,144,0,169,0,0
B6_D1,238,0,60,0,0
B6_D1,387,0,17,0,0
B10_D1,164,0,99,0,0
B6_D1,412,0,151,0,0
B2_D1,510,0,511,0,0
B10_D1,109,0,459,0,0
B2_D1,353,0,288,0,0
B2_D1,514,0,220,0,0
B10_D1,0,0,314,0,0
B6_D1,0,0,444,0,0
B2_D1,850,0,35,0,0
B6_D1,12,0,475,0,0
B2_D1,869,0,461,0,0
B6_D1,141,0,330,0,0
B10_D1,844,0,185,0,0
B6_D1,12,0,63,0,0
B10_D1,481,0,506,0,0
B4_D1,430,0,406,0,0
B6_D1,953,0,18,0,0
B6_D1,593,0,326,0,0
B10_D1,231,0,315,0,0
B2_D1,861,0,510,0,0
B2_D1,241,0,63,0,0
B6_D1,612,0,117,0,0
B4_D1,243,0,17,0,0
B4_D1,81,0,4,0,0
B2_D1,830,0,6,0,0
B6_D1,781,0,26,0,0
B4_D1,266,0,28,0,0
B6_D1,601,0,337,0,0
B6_D1,496,0,31,0,0
B10_D1,266,0,315,0,0
G1_D1,161,0,411,0,0
G1_D1,1015,0,345,0,0
B8_D1,877,0,232,0,0
B6_D1,821,0,124,0,0
B10_D1,515,0,202,0,0
B10_D1,847,0,47,0,0
B10_D1,487,0,500,0,0
B6_D1,98,0,97,0,0
G1_D1,57,0,33,0,0
G1_D1,221,0,236,0,0
B6_D1,852,0,153,0,0
B6_D1,545,0,221,0,0
G1_D1,1000,0,30,0,0
G1_D1,20,0,22,0,0
G1_D1,859,0,391,0,0
B6_D1,835,0,361,0,0
B6_D1,425,0,146,0,0
B6_D1,337,0,261,0,0
G1_D1,776,0,99,0,0
B6_D1,917,0,474,0,0
G1_D1,154,0,182,0,0
G1_D1,157,0,167,0,0
G1_D1,444,0,10,0,0
G1_D1,367,0,412,0,0
B6_D1,137,0,49,0,0
B10_D1,779,0,4,0,0
B8_D1,757,0,242,0,0
B6_D1,586,0,360,0,-1
B10_D1,264,0,46,0,0
B6_D1,707,0,159,0,0
B6_D1,938,0,483,0,0
B6_D1,415,0,170,0,0
B6_D1,927,0,47,0,0
B10_D1,343,0,206,0,0
G1_D1,705,0,379,0,0
G1_D1,889,0,8,0,0
B10_D1,542,0,411,0,0
G1_D1,116,0,393,0,0
B10_D1,36,0,310,0,0
B4_D1,648,0,301,0,0
B4_D1,580,0,386,0,0
B6_D1,102,0,266,0,0
B4_D1,1,0,156,0,0
B6_D1,726,0,355,0,0
B10_D1,147,0,48,0,0
B6_D1,219,0,89,0,0
B6_D1,494,0,184,0,0
B10_D1,95,0,471,0,0
B10_D1,208,0,365,0,0
B10_D1,163,0,244,0,0
G1_D1,119,0,145,0,0
B10_D1,1001,0,297,0,0
B6_D1,137,0,2,0,0
B10_D1,419,0,21,0,0
G1_D1,36,0,64,0,0
B6_D1,158,0,166,0,0
G1_D1,824,0,128,0,0
B4_D1,1023,0,140,0,0
B8_D1,228,0,102,0,0
B6_D1,399,0,218,0,0
B6_D1,134,0,82,0,0
B10_D1,671,0,117,0,0
B6_D1,881,0,103,0,0
B10_D1,305,0,89,0,0
B6_D1,791,0,511,0,0
B6_D1,21,0,16,0,0
B6_D1,878,0,168,0,0
B6_D1,159,0,109,0,0
B6_D1,340,0,30,0,0
G1_D1,946,0,511,0,0
B2_D1,397,0,173,0,0
G1_D1,12,0,83,0,0
B4_D1,9,0,134,0,0
B6_D1,315,0,477,0,0
B6_D1,619,0,330,0,-1
B6_D1,900,0,510,0,0
B6_D1,940,0,407,0,0
B6_D1,774,0,484,0,0
B6_D1,36,0,61,0,0
B10_D1,652,0,109,0,0
B6_D1,488,0,43,0,0
B6_D1,807,0,32,0,0
B6_D1,59,0,149,0,0
G1_D1,160,0,192,0,0
B6_D1,481,0,167,0,0
B6_D1,824,0,484,0,0
G1_D1,75,0,135,0,0
B10_D1,491,0,231,0,0
G1_D1,684,0,199,0,0
G1_D1,108,0,397,0,0
B6_D1,329,0,239,0,0
B10_D1,228,0,199,0,0
B10_D1,796,0,392,0,0
G1_D1,729,0,164,0,0
B6_D1,616,0,16,0,0
G1_D1,911,0,307,0,0
B2_D1,218,0,137,0,0
B10_D1,97,0,291,0,0
G1_D1,288,0,394,0,0
B6_D1,455,0,97,0,0
B6_D1,143,0,483,0,0
G1_D1,514,0,11,0,0
B6_D1,152,0,42,0,0
G1_D1,183,0,235,0,0
B4_D1,577,0,138,0,0
B10_D1,96,0,93,0,0
B6_D1,597,0,328,0,0
B10_D1,886,0,31,0,0
B2_D1,1,0,10,0,0
B10_D1,318,0,239,0,0
B10_D1,531,0,410,0,0
B10_D1,249,0,135,0,0
B10_D1,18,0,209,0,0
B6_D1,493,0,28,0,0
B6_D1,961,0,148,0,0
B2_D1,628,0,50,0,0
B10_D1,589,0,170,0,0
B10_D1,441,0,33,0,0
B6_D1,826,0,232,0,0
B6_D1,219,0,73,0,0
G1_D1,991,0,205,0,0
G1_D1,30,0,129,0,0
B6_D1,475,0,65,0,0
B6_D1,891,0,67,0,0
B10_D1,618,0,311,0,0
B6_D1,606,0,167,0,0
B6_D1,723,0,259,0,0
B10_D1,12,0,274,0,0
B10_D1,316,0,9,0,0
G1_D1,792,0,484,0,0
G1_D1,31,0,208,0,0
B4_D1,598,0,368,0,0
B6_D1,595,0,319,0,0
G1_D1,273,0,233,0,0
B10_D1,87,0,269,0,0
G1_D1,169,0,169,0,0
B6_D1,56,0,392,0,0
B10_D1,622,0,64,0,0
B4_D1,598,0,299,0,0
B6_D1,69,0,432,0,0
B4_D1,120,0,159,0,0
B4_D1,698,0,267,0,0
G1_D1,977,0,17,0,0
B10_D1,662,0,315,0,0
B4_D1,275,0,192,0,0
G1_D1,251,0,277,0,0
G1_D1,35,0,45,0,0
B6_D1,552,0,283,0,0
B6_D1,375,0,69,0,0
B10_D1,527,0,123,0,0
B10_D1,551,0,32,0,0
B4_D1,752,0,91,0,0
B2_D1,711,0,283,0,0
G1_D1,116,0,19,0,0
B2_D1,660,0,20,0,0
B10_D1,656,0,88,0,0
G1_D1,19,0,337,0,0
B10_D1,327,0,502,0,0
G1_D1,989,0,42,0,0
B2_D1,832,0,49,0,0
B10_D1,536,0,149,0,0
B6_D1,447,0,282,0,0
B6_D1,344,0,14,0,0
B6_D1,4,0,458,0,0
G1_D1,269,0,286,0,0
B6_D1,533,0,383,0,0
G1_D1,187,0,38,0,0
B6_D1,711,0,26,0,0
B10_D1,866,0,218,0,0
B6_D1,995,0,265,0,0
B6_D1,257,0,27,0,0
B6_D1,491,0,16,0,0
B10_D1,782,0,416,0,0
B4_D1,434,0,236,0,0
B6_D1,561,0,393,0,0
B10_D1,489,0,116,0,0
B4_D1,887,0,31,0,0
B4_D1,923,0,130,0,0
B6_D1,591,0,360,0,0
B8_D1,218,0,76,0,0
B10_D1,671,0,44,0,0
B6_D1,136,0,86,0,0
B10_D1,500,0,166,0,0
G1_D1,303,0,64,0,0
B10_D1,580,0,271,0,0
B10_D1,431,0,35,0,0
B10_D1,126,0,132,0,0
B10_D1,780,0,424,0,0
B10_D1,969,0,90,0,0
B8_D1,36,0,327,0,0
B6_D1,388,0,157,0,0
B10_D1,274,0,351,0,0
B10_D1,176,0,261,0,0
B6_D1,508,0,230,0,0
G1_D1,216,0,233,0,0
B6_D1,135,0,371,0,0
B10_D1,290,0,241,0,0
B10_D1,1019,0,113,0,0
B6_D1,541,0,222,0,0
G1_D1,520,0,78,0,0
B6_D1,941,0,11,0,0
B6_D1,864,0,362,0,0
B10_D1,790,0,447,0,0
B6_D1,63,0,140,0,0
G1_D1,15,0,338,0,0
B6_D1,767,0,235,0,0
B6_D1,391,0,388,0,0
G1_D1,988,0,49,0,0
B6_D1,902,0,458,0,0
B10_D1,695,0,111,0,0
B6_D1,733,0,260,0,0
B10_D1,604,0,123,0,0
B6_D1,14,0,504,0,0
B6_D1,544,0,276,0,0
B2_D1,546,0,154,0,0
B10_D1,610,0,98,0,0
B10_D1,148,0,250,0,0
B2_D1,142,0,509,0,0
B6_D1,39,0,136,0,0
B6_D1,516,0,46,0,0
B2_D1,622,0,225,0,0
B6_D1,888,0,475,0,0
B4_D1,455,0,229,0,0
B6_D1,319,0,484,0,0
G1_D1,694,0,199,0,0
B6_D1,178,0,165,0,0
B6_D1,746,0,200,0,0
B6_D1,919,0,50,0,0
B4_D1,6,0,28,0,0
B4_D1,788,0,215,0,0
G1_D1,952,0,266,0,0
B10_D1,431,0,323,0,0
B8_D1,206,0,53,0,0
B10_D1,421,0,383,0,0
G1_D1,175,0,236,0,0
B6_D1,339,0,504,0,0
B6_D1,874,0,237,0,0
G1_D1,344,0,206,0,0
G1_D1,694,0,14,0,0
B6_D1,1004,0,254,0,0
G1_D1,778,0,78,0,0
B6_D1,857,0,344,0,0
G1_D1,56,0,19,0,0
B6_D1,759,0,264,0,0
G1_D1,165,0,227,0,0
B10_D1,17,0,263,0,0
B10_D1,232,0,235,0,0
B6_D1,979,0,489,0,0
G1_D1,961,0,114,0,0
B6_D1,604,0,181,0,0
B6_D1,979,0,214,0,0
G1_D1,845,0,314,0,0
B10_D1,448,0,277,0,0
B6_D1,156,0,385,0,0
B4_D1,562,0,198,0,0
G1_D1,308,0,43,0,0
B10_D1,259,0,316,0,0
B10_D1,1008,0,44,0,0
B10_D1,929,0,332,0,0
B6_D1,878,0,242,0,0
B6_D1,491,0,21,0,0
G1_D1,1009,0,11,0,0
B6_D1,913,0,217,0,0
B6_D1,752,0,247,0,0
G1_D1,386,0,69,0,0
G1_D1,52,0,298,0,0
G1_D1,949,0,14,0,0
B6_D1,290,0,476,0,0
G1_D1,262,0,322,0,0
B8_D1,98,0,138,0,0
B10_D1,803,0,325,0,0
B6_D1,966,0,238,0,0
B10_D1,89,0,165,0,0
B6_D1,948,0,290,0,0
B6_D1,87,0,91,0,0
B2_D1,596,0,159,0,0
B2_D1,105,0,316,0,0
B10_D1,564,0,413,0,0
G1_D1,798,0,389,0,0
G1_D1,177,0,171,0,0
B10_D1,200,0,76,0,0
B4_D1,101,0,149,0,0
B6_D1,395,0,296,0,0
B6_D1,106,0,149,0,0
G1_D1,158,0,386,0,0
B2_D1,517,0,485,0,0
G1_D1,143,0,413,0,0
B4_D1,921,0,90,0,0
B10_D1,530,0,216,0,0
B6_D1,844,0,44,0,0
B6_D1,94,0,201,0,0
B6_D1,697,0,440,0,0
B10_D1,262,0,24,0,0
B6_D1,403,0,287,0,0
B6_D1,645,0,418,0,0
B6_D1,792,0,353,0,0
B6_D1,849,0,107,0,0
B10_D1,469,0,246,0,0
G1_D1,184,0,25,0,0
B6_D1,984,0,134,0,0
B10_D1,220,0,119,0,0
B10_D1,58,0,271,0,0
B2_D1,594,0,86,0,0
B10_D1,612,0,235,0,0
B10_D1,821,0,385,0,0
B10_D1,573,0,205,0,0
B6_D1,356,0,16,0,0
G1_D1,1017,0,318,0,0
B4_D1,73,0,134,0,0
B10_D1,646,0,207,0,0
B6_D1,375,0,264,0,0
B6_D1,57,0,430,0,0
B4_D1,79,0,36,0,0
B10_D1,658,0,380,0,0
B10_D1,58,0,301,0,0
G1_D1,466,0,92,0,0
B10_D1,847,0,214,0,0
B6_D1,263,0,475,0,0
B4_D1,1022,0,42,0,0
B6_D1,655,0,361,0,0
B6_D1,873,0,380,0,0
B10_D1,303,0,222,0,0
B10_D1,810,0,212,0,0
G1_D1,1002,0,56,0,0
B10_D1,968,0,79,0,0
B6_D1,615,0,505,0,0
B10_D1,595,0,279,0,0
B10_D1,748,0,418,0,0
B6_D1,649,0,484,0,0
B2_D1,795,0,361,0,0
B10_D1,381,0,284,0,0
G1_D1,92,0,25,0,0
B10_D1,637,0,53,0,0
B10_D1,104,0,469,0,0
G1_D1,857,0,300,0,0
B10_D1,705,0,271,0,0
B2_D1,942,0,107,0,0
B2_D1,513,0,158,0,0
B6_D1,974,0,406,0,0
B10_D1,461,0,276,0,0
B10_D1,410,0,130,0,0
B10_D1,419,0,147,0,0
B2_D1,48,0,52,0,0
B6_D1,525,0,344,0,8
B10_D1,448,0,189,0,0
G1_D1,678,0,197,0,0
B10_D1,275,0,68,0,0
B10_D1,427,0,110,0,0
B6_D1,749,0,298,0,0
B10_D1,276,0,59,0,0
B6_D1,861,0,46,0,0
B6_D1,3,0,300,0,0
B10_D1,88,0,463,0,0
B10_D1,320,0,69,0,0
B10_D1,167,0,56,0,0
B10_D1,635,0,144,0,0
B10_D1,654,0,248,0,0
B4_D1,429,0,417,0,0
B10_D1,6,0,374,0,0
G1_D1,232,0,120,0,0
B4_D1,209,0,238,0,0
B6_D1,854,0,44,0,0
B6_D1,655,0,375,0,0
B2_D1,137,0,125,0,0
B6_D1,592,0,282,0,0
B6_D1,267,0,382,0,0
B6_D1,81,0,16,0,0
B6_D1,832,0,202,0,0
B6_D1,708,0,393,0,0
G1_D1,23,0,227,0,0
B6_D1,76,0,472,0,0
B10_D1,431,0,282,0,0
B2_D1,512,0,486,0,0
G1_D1,1006,0,367,0,-1
B10_D1,129,0,435,0,0
G1_D1,608,0,112,0,0
G1_D1,1018,0,493,0,0
B6_D1,980,0,20,0,0
B10_D1,508,0,90,0,0
B6_D1,861,0,268,0,0
B6_D1,723,0,262,0,0
B6_D1,187,0,147,0,0
B6_D1,825,0,495,0,0
B4_D1,867,0,39,0,0
B6_D1,62,0,162,0,0
G1_D1,149,0,278,0,0
B10_D1,766,0,269,0,0
B10_D1,581,0,146,0,0
B4_D1,614,0,154,0,0
B2_D1,504,0,483,0,0
G1_D1,658,0,28,0,0
B6_D1,196,0,486,0,0
B6_D1,968,0,125,0,0
B6_D1,971,0,308,0,0
B10_D1,685,0,54,0,0
B6_D1,731,0,16,0,0
B2_D1,206,0,132,0,0
B10_D1,831,0,334,0,0
B10_D1,368,0,192,0,0
B4_D1,0,0,315,0,0
B8_D1,131,0,130,0,0
B10_D1,788,0,67,0,0
B10_D1,614,0,260,0,0
B10_D1,185,0,15,0,0
B10_D1,384,0,288,0,0
B6_D1,64,0,147,0,0
B6_D1,662,0,50,0,0
G1_D1,301,0,88,0,0
B10_D1,796,0,332,0,0
B10_D1,902,0,79,0,0
B6_D1,399,0,14,0,0
B6_D1,782,0,102,0,0
B10_D1,935,0,351,0,0
B6_D1,956,0,115,0,0
B10_D1,513,0,33,0,0
B6_D1,864,0,29,0,0
B6_D1,50,0,411,0,0
B10_D1,263,0,188,0,0
B6_D1,150,0,277,0,0
G1_D1,842,0,127,0,0
B10_D1,689,0,188,0,0
B2_D1,813,0,445,0,0
B10_D1,489,0,30,0,0
B4_D1,579,0,205,0,0
B6_D1,61,0,327,0,0
B6_D1,102,0,479,0,0
B6_D1,946,0,31,0,0
B8_D1,74,0,511,0,0
B8_D1,930,0,237,0,0
G1_D1,820,0,254,0,0
G1_D1,389,0,230,0,0
B6_D1,320,0,227,0,0
G1_D1,719,0,328,0,0
B2_D1,758,0,88,0,0
B10_D1,759,0,95,0,0
B10_D1,111,0,170,0,0
G1_D1,201,0,40,0,0
B10_D1,558,0,308,0,0
B6_D1,36,0,26,0,0
B6_D1,183,0,479,0,0
B2_D1,526,0,122,0,0
B10_D1,578,0,209,0,0
B6_D1,685,0,392,0,0
B10_D1,19,0,250,0,0
B6_D1,382,0,27,0,0
B10_D1,399,0,470,0,0
B10_D1,7,0,156,0,0
B6_D1,208,0,503,0,0
G1_D1,137,0,96,0,0
G1_D1,444,0,300,0,0
B6_D1,969,0,214,0,0
G1_D1,176,0,497,0,0
G1_D1,58,0,38,0,0
B6_D1,758,0,348,0,0
B6_D1,900,0,5,0,0
B10_D1,406,0,465,0,0
B6_D1,954,0,428,0,0
B10_D1,1003,0,249,0,0
B10_D1,32,0,256,0,0
B10_D1,521,0,51,0,0
B6_D1,428,0,455,0,0
G1_D1,1007,0,104,0,0
G1_D1,1012,0,35,0,0
B10_D1,617,0,411,0,0
B10_D1,143,0,262,0,0
G1_D1,266,0,15,0,0
B6_D1,954,0,301,0,0
G1_D1,909,0,108,0,0
G1_D1,133,0,106,0,0
G1_D1,348,0,203,0,0
G1_D1,266,0,262,0,0
B4_D1,32,0,144,0,0
B2_D1,685,0,96,0,0
B6_D1,618,0,390,0,-1
B10_D1,652,0,6,0,0
B6_D1,795,0,100,0,0
B6_D1,0,0,490,0,0
B10_D1,505,0,166,0,0
G1_D1,520,0,96,0,0
B6_D1,463,0,277,0,0
B10_D1,314,0,135,0,0
B6_D1,243,0,374,0,0
B6_D1,664,0,186,0,0
B6_D1,243,0,28,0,0
B10_D1,715,0,254,0,0
B6_D1,701,0,370,0,0
B6_D1,715,0,286,0,0
B10_D1,37,0,262,0,0
B6_D1,623,0,460,0,0
B4_D1,46,0,7,0,0
B4_D1,541,0,379,0,0
B6_D1,231,0,126,0,0
B4_D1,146,0,19,0,0
B10_D1,511,0,282,0,0
B10_D1,210,0,443,0,0
B6_D1,655,0,495,0,0
B2_D1,737,0,136,0,0
B10_D1,382,0,256,0,0
G1_D1,102,0,273,0,0
B6_D1,146,0,481,0,0
B2_D1,446,0,511,0,0
B6_D1,37,0,507,0,0
B6_D1,569,0,329,0,0
B4_D1,738,0,282,0,0
B6_D1,3,0,269,0,0
B10_D1,422,0,394,0,0
G1_D1,501,0,119,0,0
B4_D1,387,0,394,0,0
B6_D1,545,0,405,0,0
G1_D1,593,0,237,0,0
B10_D1,720,0,139,0,0
G1_D1,316,0,233,0,0
B10_D1,672,0,414,0,0
B10_D1,868,0,338,0,0
G1_D1,936,0,281,0,0
G1_D1,762,0,49,0,0
B6_D1,772,0,2,0,0
B10_D1,822,0,88,0,0
G1_D1,384,0,39,0,0
B10_D1,484,0,116,0,0
B6_D1,860,0,138,0,0
B10_D1,571,0,1,0,0
B10_D1,788,0,53,0,0
B6_D1,299,0,19,0,0
B10_D1,441,0,89,0,0
B10_D1,285,0,61,0,0
B10_D1,292,0,198,0,0
B6_D1,809,0,80,0,0
B6_D1,179,0,75,0,0
G1_D1,169,0,11,0,0
B6_D1,702,0,340,0,0
B6_D1,681,0,386,0,0
B6_D1,536,0,279,0,0
G1_D1,922,0,491,0,0
B4_D1,748,0,98,0,0
B6_D1,210,0,327,0,0
B6_D1,6,0,1,0,0
B10_D1,822,0,36,0,0
B4_D1,692,0,287,0,0
G1_D1,616,0,86,0,0
B2_D1,403,0,172,0,0
B8_D1,872,0,232,0,0
B6_D1,137,0,497,0,0
B10_D1,816,0,3,0,0
G1_D1,52,0,26,0,0
B10_D1,327,0,78,0,0
B10_D1,387,0,192,0,0
G1_D1,444,0,91,0,0
G1_D1,283,0,28,0,0
B6_D1,609,0,34,0,0
B6_D1,702,0,487,0,0
B2_D1,801,0,486,0,0
B10_D1,158,0,249,0,0
B10_D1,22,0,156,0,0
B6_D1,266,0,511,0,0
B2_D1,681,0,143,0,0
B10_D1,817,0,120,0,0
B10_D1,599,0,357,0,0
B6_D1,902,0,7,0,0
B6_D1,731,0,52,0,0
B6_D1,459,0,494,0,0
B6_D1,944,0,251,0,0
B10_D1,1017,0,511,0,0
B2_D1,149,0,192,0,0
B6_D1,953,0,208,0,0
B6_D1,1013,0,209,0,0
B4_D1,838,0,205,0,0
B6_D1,167,0,47,0,0
B10_D1,640,0,35,0,0
B6_D1,649,0,44,0,0
B10_D1,489,0,246,0,0
G1_D1,464,0,2,0,0
B6_D1,836,0,11,0,0
B2_D1,475,0,286,0,0
B6_D1,218,0,374,0,0
G1_D1,806,0,80,0,0
B10_D1,994,0,285,0,0
G1_D1,917,0,388,0,0
B6_D1,803,0,354,0,0
B2_D1,555,0,286,0,0
B6_D1,187,0,273,0,0
B10_D1,583,0,54,0,0
G1_D1,314,0,419,0,0
G1_D1,967,0,28,0,0
B6_D1,742,0,252,0,0
B6_D1,386,0,31,0,0
G1_D1,334,0,435,0,0
B10_D1,46,0,114,0,0
B10_D1,157,0,55,0,0
G1_D1,745,0,448,0,0
B10_D1,484,0,38,0,0
B6_D1,231,0,481,0,0
B10_D1,37,0,110,0,0
B2_D1,626,0,27,0,0
B10_D1,852,0,35,0,0
B6_D1,186,0,506,0,0
G1_D1,951,0,269,0,0
B6_D1,681,0,414,0,0
G1_D1,406,0,127,0,0
B10_D1,472,0,260,0,0
B10_D1,475,0,225,0,0
B10_D1,508,0,222,0,0
G1_D1,967,0,310,0,0
B6_D1,510,0,165,0,0
G1_D1,306,0,90,0,0
B2_D1,345,0,387,0,0
B10_D1,183,0,343,0,0
B10_D1,313,0,109,0,0
B6_D1,150,0,456,0,0
B2_D1,847,0,37,0,0
B6_D1,448,0,493,0,0
B10_D1,483,0,33,0,0
B10_D1,1002,0,206,0,0
B10_D1,417,0,2,0,0
B10_D1,217,0,115,0,0
B6_D1,748,0,197,0,0
B4_D1,435,0,197,0,0
B10_D1,871,0,252,0,0
B4_D1,139,0,362,0,0
B10_D1,626,0,410,0,0
B6_D1,199,0,371,0,0
G1_D1,714,0,281,0,0
B6_D1,153,0,23,0,0
B6_D1,229,0,296,0,0
B6_D1,285,0,71,0,0
B6_D1,643,0,277,0,0
B10_D1,433,0,333,0,0
B6_D1,601,0,199,0,0
B6_D1,382,0,410,0,0
B6_D1,746,0,491,0,0
B10_D1,180,0,418,0,0
B10_D1,91,0,195,0,0
B6_D1,692,0,492,0,0
G1_D1,407,0,18,0,0
B6_D1,596,0,376,0,0
B6_D1,612,0,7,0,0
G1_D1,47,0,33,0,0
B10_D1,359,0,67,0,0
B10_D1,389,0,271,0,0
B2_D1,589,0,511,0,0
B6_D1,11,0,464,0,0
G1_D1,694,0,279,0,0
B6_D1,715,0,191,0,0
B6_D1,579,0,50,0,0
B6_D1,862,0,507,0,0
B10_D1,916,0,449,0,0
B6_D1,973,0,202,0,0
B8_D1,731,0,196,0,0
B6_D1,232,0,85,0,0
B6_D1,701,0,338,0,0
B10_D1,363,0,277,0,0
B10_D1,619,0,67,0,0
G1_D1,530,0,259,0,0
B6_D1,164,0,39,0,0
B6_D1,830,0,293,0,0
B6_D1,635,0,345,0,0
B2_D1,489,0,483,0,0
B6_D1,544,0,237,0,0
B6_D1,953,0,13,0,0
G1_D1,159,0,275,0,0
B10_D1,372,0,175,0,0
B10_D1,422,0,414,0,0
B4_D1,669,0,74,0,0
B10_D1,990,0,36,0,0
B6_D1,370,0,383,0,0
G1_D1,442,0,229,0,0
B4_D1,669,0,187,0,0
B10_D1,137,0,506,0,0
B10_D1,354,0,84,0,0
G1_D1,59,0,120,0,0
B6_D1,5,0,232,0,0
B6_D1,716,0,16,0,0
G1_D1,21,0,182,0,0
B2_D1,431,0,31,0,0
B2_D1,238,0,57,0,0
B6_D1,878,0,105,0,0
B6_D1,825,0,330,0,0
G1_D1,651,0,360,0,0
B6_D1,478,0,391,0,0
B4_D1,1021,0,23,0,0
B2_D1,919,0,511,0,0
B6_D1,761,0,193,0,0
G1_D1,798,0,80,0,0
B2_D1,419,0,477,0,0
B4_D1,253,0,270,0,0
B4_D1,993,0,27,0,0
B6_D1,521,0,486,0,0
B10_D1,138,0,349,0,0
G1_D1,1012,0,136,0,0
B6_D1,466,0,68,0,0
B10_D1,626,0,50,0,0
G1_D1,22,0,42,0,0
B6_D1,736,0,289,0,0
B6_D1,364,0,335,0,0
B2_D1,452,0,160,0,0
B6_D1,273,0,152,0,0
B6_D1,389,0,24,0,0
G1_D1,243,0,268,0,0
G1_D1,998,0,49,0,0
B6_D1,127,0,468,0,-1
B10_D1,624,0,413,0,0
B10_D1,323,0,269,0,0
G1_D1,491,0,71,0,0
B10_D1,629,0,244,0,0
B4_D1,3,0,501,0,0
B6_D1,804,0,257,0,0
G1_D1,729,0,6,0,0
B10_D1,20,0,294,0,0
B6_D1,314,0,264,0,0
B6_D1,572,0,328,0,0
B4_D1,849,0,17,0,0
B10_D1,985,0,488,0,0
G1_D1,772,0,116,0,0
B10_D1,11,0,293,0,0
B4_D1,889,0,235,0,0
B6_D1,957,0,482,0,0
B10_D1,646,0,150,0,0
B6_D1,750,0,421,0,0
B10_D1,308,0,20,0,0
B10_D1,310,0,305,0,0
B2_D1,406,0,159,0,0
B6_D1,333,0,13,0,0
B2_D1,939,0,511,0,0
B4_D1,1,0,42,0,0
B10_D1,757,0,414,0,0
B6_D1,854,0,356,0,0
B10_D1,413,0,110,0,0
B10_D1,358,0,479,0,0
G1_D1,216,0,139,0,0
B10_D1,423,0,379,0,0
G1_D1,160,0,249,0,0
G1_D1,391,0,135,0,0
B6_D1,702,0,507,0,0
G1_D1,943,0,101,0,0
G1_D1,1016,0,206,0,0
B6_D1,61,0,496,0,0
B10_D1,625,0,211,0,0
B4_D1,833,0,209,0,0
G1_D1,110,0,364,0,0
B6_D1,1002,0,395,0,-1
B6_D1,728,0,260,0,0
B10_D1,330,0,231,0,0
B10_D1,150,0,454,0,0
B10_D1,178,0,424,0,0
B6_D1,88,0,371,0,0
B6_D1,319,0,403,0,0
B4_D1,537,0,415,0,0
B4_D1,75,0,163,0,0
G1_D1,772,0,271,0,0
G1_D1,732,0,375,0,0
B6_D1,219,0,72,0,0
B10_D1,201,0,400,0,0
G1_D1,926,0,236,0,0
G1_D1,854,0,35,0,0
B4_D1,1,0,461,0,0
B4_D1,908,0,98,0,0
B2_D1,652,0,476,0,0
B4_D1,869,0,36,0,0
B2_D1,691,0,29,0,0
B6_D1,422,0,47,0,0
B4_D1,779,0,61,0,0
B6_D1,294,0,345,0,0
G1_D1,361,0,225,0,0
B2_D1,741,0,32,0,0
B6_D1,142,0,17,0,0
B6_D1,37,0,125,0,0
B6_D1,664,0,449,0,0
B10_D1,846,0,487,0,0
B4_D1,0,0,217,0,0
B6_D1,717,0,363,0,0
B6_D1,9,0,273,0,0
B6_D1,949,0,61,0,0
B6_D1,158,0,411,0,0
B6_D1,228,0,483,0,0
B6_D1,782,0,37,0,0
G1_D1,842,0,46,0,0
G1_D1,24,0,43,0,0
B6_D1,313,0,18,0,0
B10_D1,612,0,362,0,0
B10_D1,145,0,454,0,0
B10_D1,71,0,160,0,0
G1_D1,236,0,492,0,0
B6_D1,613,0,488,0,0
B6_D1,1007,0,97,0,0
B10_D1,581,0,268,0,0
B6_D1,413,0,479,0,0
B6_D1,1015,0,218,0,0
B6_D1,357,0,7,0,0
B6_D1,971,0,156,0,0
G1_D1,135,0,63,0,0
B4_D1,593,0,183,0,0
G1_D1,560,0,96,0,0
B10_D1,491,0,59,0,0
B2_D1,537,0,221,0,0
B4_D1,205,0,145,0,0
B6_D1,719,0,311,0,0
B10_D1,197,0,235,0,0
B4_D1,701,0,36,0,0
B2_D1,206,0,303,0,0
B6_D1,728,0,3,0,0
B4_D1,249,0,342,0,0
B4_D1,333,0,325,0,0
B8_D1,132,0,78,0,0
B2_D1,223,0,177,0,0
B6_D1,903,0,13,0,0
B6_D1,243,0,86,0,0
B10_D1,97,0,281,0,0
B10_D1,106,0,466,0,0
B6_D1,773,0,481,0,0
B10_D1,743,0,160,0,0
B6_D1,135,0,302,0,0
B10_D1,400,0,467,0,0
B6_D1,140,0,113,0,0
B6_D1,705,0,306,0,0
B6_D1,255,0,182,0,0
B10_D1,718,0,418,0,0
B4_D1,175,0,235,0,0
B6_D1,743,0,351,0,0
B2_D1,769,0,244,0,0
B4_D1,927,0,131,0,0
B10_D1,70,0,510,0,0
B6_D1,221,0,237,0,0
G1_D1,601,0,81,0,0
B6_D1,112,0,361,0,0
B6_D1,636,0,26,0,0
B2_D1,740,0,0,0,0
B2_D1,183,0,96,0,0
B10_D1,187,0,166,0,0
B2_D1,904,0,5,0,0
B6_D1,42,0,159,0,0
B4_D1,298,0,61,0,0
G1_D1,351,0,447,0,-1
G1_D1,728,0,92,0,0
G1_D1,916,0,59,0,0
B6_D1,175,0,490,0,0
B6_D1,712,0,454,0,0
G1_D1,953,0,259,0,0
B6_D1,174,0,168,0,0
G1_D1,267,0,251,0,0
B4_D1,173,0,128,0,0
B6_D1,40,0,35,0,0
B10_D1,214,0,315,0,0
B6_D1,972,0,149,0,0
B2_D1,471,0,471,0,0
B10_D1,740,0,249,0,0
B10_D1,300,0,60,0,0
B10_D1,165,0,15,0,0
B10_D1,232,0,48,0,0
G1_D1,1002,0,26,0,0
B10_D1,203,0,160,0,0
B10_D1,1016,0,208,0,0
B10_D1,430,0,491,0,0
B6_D1,863,0,424,0,-1
G1_D1,805,0,0,0,0
B4_D1,703,0,260,0,0
G1_D1,552,0,25,0,0
G1_D1,201,0,1,0,0
G1_D1,542,0,119,0,0
G1_D1,50,0,41,0,0
B6_D1,750,0,108,0,0
B10_D1,4,0,356,0,0
B4_D1,663,0,276,0,0
G1_D1,546,0,139,0,0
B10_D1,225,0,176,0,0
G1_D1,859,0,16,0,0
B2_D1,0,0,163,0,0
B6_D1,374,0,192,0,0
G1_D1,554,0,239,0,0
B6_D1,959,0,421,0,0
G1_D1,998,0,107,0,0
G1_D1,148,0,110,0,0
B10_D1,714,0,41,0,0
B10_D1,932,0,106,0,0
B6_D1,290,0,164,0,0
B6_D1,24,0,198,0,0
G1_D1,762,0,155,0,0
B6_D1,854,0,220,0,0
G1_D1,464,0,100,0,0
B8_D1,98,0,221,0,-1
B2_D1,439,0,374,0,0
B6_D1,750,0,45,0,0
B10_D1,10,0,183,0,0
B6_D1,993,0,477,0,0
B6_D1,812,0,300,0,0
G1_D1,809,0,50,0,0
B4_D1,929,0,85,0,0
B6_D1,661,0,511,0,0
B10_D1,948,0,81,0,0
B10_D1,608,0,311,0,0
B6_D1,850,0,30,0,0
B6_D1,872,0,94,0,0
B10_D1,209,0,230,0,0
B10_D1,324,0,222,0,0
B2_D1,425,0,8,0,0
B6_D1,869,0,423,0,-1
B6_D1,337,0,294,0,0
B6_D1,295,0,434,0,0
B6_D1,679,0,417,0,0
B6_D1,567,0,125,0,0
G1_D1,157,0,193,0,0
G1_D1,673,0,69,0,0
G1_D1,737,0,241,0,0
B6_D1,685,0,30,0,0
B10_D1,392,0,338,0,0
B4_D1,1,0,115,0,0
B6_D1,306,0,189,0,0
B6_D1,727,0,339,0,0
B10_D1,138,0,4,0,0
B6_D1,369,0,384,0,0
B10_D1,94,0,483,0,0
B6_D1,605,0,45,0,0
B4_D1,610,0,301,0,0
B6_D1,972,0,298,0,0
B10_D1,193,0,44,0,0
B6_D1,640,0,344,0,0
B10_D1,316,0,456,0,3
B6_D1,374,0,24,0,0
B10_D1,432,0,411,0,0
B10_D1,656,0,445,0,0
B6_D1,449,0,174,0,0
G1_D1,496,0,1,0,0
B10_D1,290,0,343,0,0
G1_D1,801,0,267,0,0
B2_D1,631,0,163,0,0
B10_D1,118,0,289,0,0
B10_D1,797,0,215,0,0
B6_D1,482,0,449,0,-1
G1_D1,742,0,47,0,0
B8_D1,174,0,114,0,0
G1_D1,775,0,101,0,0
B4_D1,448,0,374,0,0
B10_D1,19,0,135,0,0
B6_D1,138,0,18,0,0
B6_D1,73,0,95,0,0
B10_D1,177,0,199,0,0
B6_D1,845,0,150,0,0
B6_D1,630,0,5,0,0
B6_D1,850,0,35,0,0
B6_D1,982,0,215,0,0
B2_D1,454,0,127,0,0
B6_D1,484,0,504,0,0
B10_D1,833,0,60,0,0
B6_D1,760,0,495,0,0
G1_D1,828,0,52,0,0
B6_D1,137,0,22,0,0
B10_D1,722,0,62,0,0
B10_D1,718,0,43,0,0
B10_D1,455,0,65,0,0
B4_D1,949,0,13,0,0
B2_D1,302,0,158,0,0
B10_D1,293,0,309,0,0
B10_D1,683,0,295,0,0
B10_D1,791,0,70,0,0
B6_D1,745,0,30,0,0
B6_D1,924,0,19,0,0
B6_D1,985,0,485,0,0
B6_D1,549,0,384,0,0
G1_D1,163,0,333,0,0
B6_D1,687,0,285,0,0
G1_D1,1016,0,343,0,0
G1_D1,632,0,116,0,0
B8_D1,304,0,317,0,0
B10_D1,291,0,59,0,0
B10_D1,263,0,269,0,0
B6_D1,973,0,23,0,0
B6_D1,965,0,168,0,0
B6_D1,176,0,73,0,0
B10_D1,615,0,35,0,0
B10_D1,1010,0,27,0,0
B6_D1,1018,0,8,0,0
B6_D1,131,0,46,0,0
B6_D1,144,0,365,0,0
G1_D1,940,0,41,0,0
G1_D1,896,0,38,0,0
B6_D1,661,0,491,0,0
B10_D1,113,0,4,0,0
B6_D1,838,0,38,0,0
G1_D1,835,0,447,0,0
B6_D1,307,0,113,0,0
B4_D1,940,0,101,0,0
B6_D1,760,0,195,0,0
B10_D1,343,0,184,0,0
G1_D1,498,0,127,0,0
B6_D1,660,0,127,0,0
B6_D1,15,0,410,0,0
G1_D1,225,0,270,0,0
B8_D1,364,0,288,0,0
G1_D1,555,0,461,0,0
B10_D1,209,0,444,0,0
B2_D1,525,0,13,0,0
B10_D1,303,0,205,0,0
B10_D1,958,0,47,0,0
B4_D1,4,0,220,0,0
G1_D1,216,0,15,0,0
B2_D1,448,0,213,0,0
B6_D1,66,0,327,0,0
G1_D1,470,0,125,0,0
B8_D1,769,0,233,0,0
B6_D1,733,0,337,0,0
B6_D1,948,0,137,0,0
B6_D1,941,0,506,0,0
B4_D1,44,0,142,0,0
B6_D1,976,0,50,0,0
B6_D1,933,0,498,0,0
B6_D1,974,0,223,0,0
B10_D1,408,0,316,0,4
B10_D1,425,0,341,0,0
B6_D1,363,0,460,0,1
B10_D1,636,0,161,0,0
B10_D1,1018,0,6,0,0
B6_D1,11,0,290,0,0
B4_D1,191,0,51,0,0
B10_D1,240,0,217,0,0
G1_D1,711,0,308,0,0
B10_D1,670,0,62,0,0
B4_D1,283,0,16,0,0
B6_D1,770,0,490,0,0
B2_D1,1006,0,54,0,0
B10_D1,160,0,81,0,0
B2_D1,123,0,117,0,0
B10_D1,174,0,269,0,0
B10_D1,463,0,206,0,0
G1_D1,17,0,295,0,0
B10_D1,196,0,16,0,0
B10_D1,393,0,123,0,0
B10_D1,646,0,455,0,0
B10_D1,632,0,139,0,0
B6_D1,155,0,453,0,0
B6_D1,56,0,284,0,0
B6_D1,146,0,207,0,0
B6_D1,307,0,47,0,0
B10_D1,262,0,236,0,0
G1_D1,17,0,284,0,0
B6_D1,194,0,494,0,0
B6_D1,757,0,350,0,0
B10_D1,260,0,232,0,0
B2_D1,169,0,134,0,0
B6_D1,759,0,51,0,0
B6_D1,703,0,503,0,0
B6_D1,533,0,265,0,0
B6_D1,232,0,27,0,0
B2_D1,115,0,204,0,0
B10_D1,131,0,126,0,0
B10_D1,368,0,261,0,0
B2_D1,71,0,25,0,0
B6_D1,583,0,157,0,0
G1_D1,833,0,309,0,0
B10_D1,845,0,105,0,0
B6_D1,916,0,428,0,0
B10_D1,463,0,226,0,0
B6_D1,1005,0,98,0,0
B6_D1,503,0,43,0,0
B6_D1,89,0,499,0,0
B2_D1,674,0,511,0,0
G1_D1,152,0,17,0,0
B6_D1,955,0,127,0,0
B6_D1,36,0,31,0,0
G1_D1,635,0,510,0,0
B6_D1,638,0,331,0,-1
B6_D1,466,0,74,0,0
B10_D1,978,0,207,0,0
B6_D1,851,0,371,0,0
B6_D1,68,0,90,0,0
B4_D1,822,0,99,0,0
B6_D1,991,0,48,0,0
B6_D1,550,0,268,0,0
B4_D1,887,0,96,0,0
B4_D1,115,0,417,0,0
B6_D1,950,0,222,0,0
B10_D1,143,0,92,0,0
G1_D1,196,0,21,0,0
B6_D1,581,0,225,0,0
G1_D1,475,0,22,0,0
B10_D1,118,0,41,0,0
G1_D1,665,0,194,0,0
B2_D1,2,0,142,0,0
B6_D1,1023,0,59,0,0
B6_D1,682,0,465,0,0
B10_D1,638,0,209,0,0
B10_D1,624,0,8,0,0
B6_D1,465,0,281,0,0
B6_D1,19,0,494,0,0
B10_D1,957,0,46,0,0
B10_D1,724,0,8,0,0
B6_D1,960,0,168,0,0
B6_D1,404,0,118,0,0
B8_D1,562,0,292,0,0
B6_D1,473,0,480,0,0
B10_D1,184,0,27,0,0
B6_D1,513,0,172,0,0
B6_D1,284,0,290,0,0
B10_D1,141,0,3,0,0
G1_D1,58,0,74,0,0
B2_D1,283,0,59,0,0
B6_D1,980,0,184,0,0
B10_D1,589,0,113,0,0
B10_D1,364,0,222,0,0
B2_D1,847,0,218,0,0
B4_D1,719,0,298,0,0
B8_D1,686,0,248,0,0
B6_D1,437,0,190,0,0
G1_D1,310,0,197,0,0
G1_D1,53,0,292,0,0
B6_D1,832,0,497,0,0
B10_D1,200,0,433,0,0
B10_D1,323,0,171,0,0
B6_D1,328,0,357,0,-1
B4_D1,441,0,424,0,0
B6_D1,791,0,199,0,0
B6_D1,657,0,403,0,0
B4_D1,2,0,505,0,0
B10_D1,286,0,255,0,0
B6_D1,208,0,163,0,0
B6_D1,503,0,166,0,0
G1_D1,494,0,3,0,0
B2_D1,891,0,96,0,0
B4_D1,833,0,73,0,0
B10_D1,754,0,260,0,0
B6_D1,651,0,11,0,0
G1_D1,325,0,396,0,0
B6_D1,278,0,488,0,0
G1_D1,500,0,126,0,0
B10_D1,408,0,162,0,0
B10_D1,323,0,312,0,0
B6_D1,683,0,28,0,0
B10_D1,824,0,404,0,0
G1_D1,716,0,470,0,0
B4_D1,998,0,240,0,0
B10_D1,363,0,261,0,0
G1_D1,242,0,163,0,0
B6_D1,391,0,297,0,0
B10_D1,642,0,24,0,0
B6_D1,156,0,16,0,0
B6_D1,1020,0,500,0,0
B10_D1,113,0,40,0,0
B2_D1,572,0,224,0,0
B6_D1,767,0,217,0,0
B10_D1,432,0,320,0,0
B6_D1,594,0,330,0,0
B6_D1,964,0,9,0,0
G1_D1,403,0,116,0,0
G1_D1,1020,0,239,0,0
B10_D1,615,0,219,0,0
G1_D1,268,0,33,0,0
B6_D1,309,0,155,0,0
B6_D1,284,0,376,0,0
B8_D1,90,0,108,0,0
B2_D1,780,0,486,0,0
B6_D1,994,0,133,0,0
B10_D1,496,0,311,0,0
B10_D1,311,0,64,0,0
B6_D1,124,0,130,0,0
B6_D1,62,0,390,0,0
B10_D1,464,0,483,0,0
B10_D1,344,0,274,0,0
B10_D1,137,0,102,0,0
B10_D1,163,0,442,0,0
B10_D1,657,0,119,0,0
B6_D1,664,0,416,0,0
B6_D1,822,0,2,0,0
B10_D1,284,0,182,0,0
G1_D1,919,0,8,0,0
B10_D1,619,0,227,0,0
B4_D1,10,0,133,0,0
B10_D1,648,0,463,0,0
B10_D1,324,0,82,0,0
B6_D1,97,0,269,0,0
B10_D1,738,0,354,0,0
B4_D1,511,0,118,0,0
B2_D1,677,0,173,0,0
B6_D1,173,0,119,0,0
B6_D1,408,0,154,0,0
B10_D1,462,0,272,0,0
B6_D1,998,0,300,0,0
B6_D1,828,0,126,0,0
B6_D1,136,0,41,0,0
B8_D1,99,0,139,0,0
B6_D1,469,0,305,0,0
B4_D1,4,0,74,0,0
B6_D1,403,0,172,0,0
G1_D1,309,0,3,0,0
B6_D1,678,0,49,0,0
B6_D1,744,0,484,0,0
B10_D1,669,0,28,0,0
B4_D1,97,0,118,0,0
B6_D1,268,0,339,0,0
B6_D1,1,0,346,0,0
G1_D1,794,0,339,0,0
B10_D1,106,0,167,0,0
G1_D1,848,0,128,0,0
G1_D1,945,0,325,0,0
G1_D1,11,0,271,0,0
B10_D1,154,0,245,0,0
G1_D1,34,0,264,0,0
B10_D1,953,0,42,0,0
B6_D1,949,0,484,0,0
B2_D1,732,0,74,0,0
B10_D1,667,0,162,0,0
B6_D1,189,0,14,0,0
B6_D1,882,0,268,0,0
B6_D1,172,0,131,0,0
B6_D1,77,0,460,0,0
B10_D1,996,0,354,0,-1
B10_D1,2,0,12,0,0
B10_D1,290,0,260,0,0
G1_D1,637,0,141,0,0
B6_D1,105,0,397,0,0
B10_D1,449,0,93,0,0
B6_D1,98,0,106,0,0
B10_D1,690,0,278,0,0
B6_D1,168,0,493,0,0
B6_D1,808,0,483,0,0
B10_D1,696,0,186,0,0
B10_D1,604,0,62,0,0
B6_D1,535,0,326,0,0
B10_D1,840,0,187,0,0
B10_D1,464,0,101,0,0
B10_D1,560,0,245,0,0
G1_D1,853,0,21,0,0
G1_D1,760,0,231,0,0
B10_D1,9,0,303,0,0
B6_D1,359,0,155,0,0
B6_D1,10,0,495,0,0
B8_D1,759,0,207,0,0
G1_D1,51,0,68,0,0
B6_D1,886,0,171,0,0
B10_D1,384,0,408,0,0
B6_D1,871,0,264,0,0
B6_D1,409,0,166,0,0
B10_D1,720,0,310,0,0
B10_D1,208,0,364,0,0
B4_D1,162,0,272,0,0
B6_D1,77,0,156,0,0
B6_D1,552,0,377,0,0
B10_D1,25,0,510,0,0
B2_D1,578,0,153,0,0
B6_D1,264,0,44,0,0
B6_D1,877,0,160,0,0
B4_D1,716,0,38,0,0
B2_D1,526,0,121,0,0
B6_D1,523,0,380,0,0
B10_D1,977,0,82,0,0
B6_D1,592,0,186,0,0
B6_D1,522,0,37,0,0
B10_D1,480,0,471,0,0
B10_D1,872,0,225,0,0
G1_D1,1014,0,222,0,0
B4_D1,656,0,81,0,0
G1_D1,84,0,87,0,0
B4_D1,781,0,268,0,0
G1_D1,306,0,49,0,0
B6_D1,613,0,428,0,0
B6_D1,361,0,212,0,0
B2_D1,767,0,26,0,0
B2_D1,546,0,162,0,0
B6_D1,818,0,55,0,0
B6_D1,731,0,283,0,0
B6_D1,876,0,6,0,0
B4_D1,986,0,61,0,0
B10_D1,187,0,285,0,0
B4_D1,486,0,284,0,0
G1_D1,1018,0,164,0,0
B10_D1,451,0,228,0,0
B2_D1,728,0,38,0,0
B4_D1,45,0,3,0,0
B2_D1,421,0,26,0,0
B4_D1,185,0,357,0,0
B10_D1,419,0,19,0,0
B6_D1,344,0,155,0,0
B10_D1,499,0,335,0,0
B6_D1,378,0,290,0,0
B4_D1,151,0,193,0,0
B4_D1,298,0,16,0,0
G1_D1,662,0,193,0,0
B6_D1,879,0,74,0,0
B2_D1,938,0,20,0,0
B10_D1,850,0,238,0,0
B4_D1,1022,0,269,0,0
B6_D1,643,0,219,0,0
B4_D1,95,0,124,0,0
B6_D1,54,0,448,0,0
G1_D1,184,0,120,0,0
G1_D1,40,0,118,0,0
G1_D1,176,0,19,0,0
B6_D1,1,0,463,0,0
B4_D1,951,0,241,0,0
B6_D1,881,0,193,0,0
B10_D1,472,0,29,0,0
B4_D1,173,0,504,0,0
B10_D1,336,0,123,0,0
G1_D1,937,0,33,0,0
B10_D1,812,0,377,0,0
B10_D1,786,0,48,0,0
B10_D1,464,0,31,0,0
B6_D1,648,0,38,0,0
B6_D1,151,0,436,0,0
B6_D1,582,0,502,0,0
B6_D1,138,0,38,0,0
B6_D1,768,0,348,0,0
B4_D1,4,0,438,0,0
B4_D1,109,0,3,0,0
B6_D1,509,0,39,0,0
B10_D1,769,0,256,0,0
G1_D1,191,0,182,0,0
B10_D1,1022,0,178,0,0
B6_D1,143,0,74,0,0
B6_D1,557,0,342,0,0
B2_D1,378,0,492,0,0
B10_D1,106,0,410,0,0
G1_D1,662,0,24,0,0
B10_D1,144,0,133,0,0
B10_D1,499,0,497,0,0
G1_D1,911,0,293,0,0
B6_D1,17,0,32,0,0
G1_D1,381,0,228,0,0
B10_D1,393,0,231,0,0
G1_D1,619,0,284,0,0
B6_D1,482,0,455,0,-1
B10_D1,544,0,13,0,0
G1_D1,989,0,189,0,0
B8_D1,408,0,281,0,0
B6_D1,279,0,371,0,0
B6_D1,662,0,405,0,0
B6_D1,412,0,249,0,0
B6_D1,225,0,40,0,0
G1_D1,639,0,79,0,0
B10_D1,904,0,96,0,0
B6_D1,58,0,117,0,0
B6_D1,360,0,20,0,0
G1_D1,868,0,72,0,0
B6_D1,576,0,120,0,0
B10_D1,949,0,54,0,0
B10_D1,282,0,419,0,0
B6_D1,447,0,231,0,0
B6_D1,79,0,29,0,0
B10_D1,419,0,8,0,0
B6_D1,438,0,481,0,0
B10_D1,928,0,235,0,0
G1_D1,710,0,437,0,0
B6_D1,7,0,104,0,0
B6_D1,75,0,495,0,0
B6_D1,799,0,454,0,0
G1_D1,537,0,234,0,0
B6_D1,76,0,211,0,0
B10_D1,364,0,37,0,0
B4_D1,833,0,206,0,0
G1_D1,191,0,53,0,0
B6_D1,818,0,33,0,0
G1_D1,979,0,69,0,0
G1_D1,149,0,187,0,0
B10_D1,281,0,511,0,0
G1_D1,580,0,171,0,0
B6_D1,1003,0,13,0,0
B6_D1,981,0,404,0,0
B6_D1,593,0,503,0,0
B10_D1,718,0,97,0,0
B10_D1,282,0,250,0,0
B10_D1,287,0,250,0,0
B10_D1,606,0,293,0,0
B10_D1,10,0,232,0,0
B10_D1,331,0,123,0,0
B6_D1,939,0,460,0,0
G1_D1,155,0,511,0,0
B6_D1,551,0,386,0,0
B2_D1,101,0,511,0,0
G1_D1,967,0,35,0,0
B10_D1,236,0,118,0,0
B10_D1,825,0,429,0,0
B6_D1,968,0,345,0,-1
G1_D1,116,0,448,0,0
B6_D1,628,0,427,0,0
B6_D1,445,0,65,0,0
B2_D1,908,0,35,0,0
B10_D1,212,0,149,0,0
B10_D1,496,0,477,0,0
G1_D1,1016,0,451,0,0
B10_D1,531,0,294,0,0
B8_D1,774,0,230,0,0
B6_D1,361,0,48,0,0
B6_D1,286,0,1,0,0
B6_D1,616,0,456,0,0
G1_D1,486,0,21,0,0
B10_D1,162,0,11,0,0
B10_D1,203,0,292,0,0
B4_D1,932,0,83,0,0
G1_D1,374,0,440,0,2
G1_D1,441,0,19,0,0
B10_D1,792,0,393,0,0
B10_D1,823,0,414,0,0
B6_D1,234,0,24,0,0
B10_D1,91,0,290,0,0
B10_D1,287,0,19,0,0
B2_D1,792,0,11,0,0
B6_D1,230,0,87,0,0
B10_D1,517,0,278,0,0
G1_D1,145,0,457,0,0
G1_D1,20,0,31,0,0
B10_D1,144,0,109,0,0
B10_D1,531,0,3,0,0
G1_D1,625,0,93,0,0
B10_D1,583,0,283,0,0
G1_D1,1022,0,131,0,0
B6_D1,891,0,446,0,0
B10_D1,440,0,500,0,0
B10_D1,14,0,315,0,0
B4_D1,34,0,134,0,0
B6_D1,207,0,475,0,0
B4_D1,218,0,46,0,0
G1_D1,40,0,75,0,0
B6_D1,517,0,32,0,0
B10_D1,941,0,289,0,0
B6_D1,190,0,151,0,0
B6_D1,784,0,422,0,0
B6_D1,870,0,150,0,0
B6_D1,717,0,56,0,0
G1_D1,37,0,239,0,0
B6_D1,446,0,357,0,0
B10_D1,19,0,109,0,0
B6_D1,906,0,41,0,0
B6_D1,637,0,32,0,0
B10_D1,852,0,212,0,0
B10_D1,278,0,349,0,0
B6_D1,91,0,21,0,0
B6_D1,949,0,408,0,0
B10_D1,620,0,184,0,0
B4_D1,149,0,5,0,0
G1_D1,196,0,23,0,0
B10_D1,793,0,395,0,0
B6_D1,1018,0,508,0,0
B10_D1,492,0,298,0,0
B2_D1,175,0,194,0,0
B6_D1,995,0,20,0,0
B4_D1,92,0,131,0,0
B10_D1,344,0,191,0,0
B10_D1,39,0,24,0,0
B6_D1,501,0,454,0,10
B6_D1,671,0,379,0,0
B2_D1,2,0,11,0,0
B2_D1,281,0,488,0,0
B6_D1,599,0,386,0,0
B6_D1,569,0,348,0,0
B10_D1,225,0,61,0,0
B6_D1,870,0,331,0,0
B6_D1,338,0,88,0,0
B10_D1,865,0,91,0,0
G1_D1,1002,0,146,0,0
B6_D1,364,0,24,0,0
B4_D1,671,0,42,0,0
B6_D1,55,0,421,0,0
G1_D1,804,0,33,0,0
B4_D1,120,0,64,0,0
B6_D1,793,0,498,0,0
B10_D1,748,0,319,0,0
B10_D1,466,0,410,0,0
G1_D1,22,0,148,0,0
G1_D1,457,0,105,0,0
G1_D1,682,0,115,0,0
B4_D1,51,0,117,0,0
B6_D1,740,0,465,0,0
B6_D1,230,0,272,0,0
G1_D1,319,0,398,0,0
B10_D1,879,0,335,0,0
B10_D1,675,0,169,0,0
B10_D1,601,0,312,0,0
B6_D1,711,0,338,0,0
B4_D1,8,0,396,0,0
B4_D1,872,0,32,0,0
B10_D1,493,0,473,0,0
B10_D1,143,0,14,0,0
G1_D1,9,0,61,0,0
B6_D1,145,0,181,0,0
B10_D1,738,0,348,0,0
B10_D1,300,0,137,0,0
G1_D1,479,0,80,0,0
B6_D1,970,0,35,0,0
B6_D1,98,0,399,0,0
B10_D1,628,0,259,0,0
B10_D1,604,0,505,0,0
B2_D1,602,0,468,0,0
G1_D1,624,0,358,0,0
B6_D1,946,0,1,0,0
B10_D1,141,0,289,0,0
B6_D1,735,0,495,0,0
B10_D1,823,0,432,0,0
G1_D1,55,0,92,0,0
B10_D1,177,0,506,0,0
B2_D1,491,0,159,0,0
B10_D1,278,0,421,0,0
B10_D1,504,0,46,0,0
B10_D1,294,0,270,0,0
B6_D1,144,0,87,0,0
G1_D1,0,0,484,0,0
G1_D1,256,0,44,0,0
G1_D1,858,0,302,0,0
G1_D1,798,0,449,0,0
G1_D1,79,0,430,0,0
G1_D1,188,0,375,0,0
B6_D1,323,0,188,0,0
B6_D1,609,0,417,0,0
B4_D1,913,0,14,0,0
B10_D1,786,0,394,0,0
B4_D1,370,0,107,0,0
G1_D1,763,0,96,0,0
B6_D1,21,0,6,0,0
B10_D1,92,0,462,0,0
B10_D1,171,0,224,0,0
B10_D1,669,0,446,0,0
B4_D1,262,0,302,0,0
B10_D1,717,0,448,0,0
B10_D1,467,0,303,0,0
B6_D1,786,0,11,0,0
B6_D1,326,0,218,0,0
B6_D1,565,0,30,0,0
B2_D1,641,0,306,0,0
B6_D1,28,0,3,0,0
B6_D1,360,0,293,0,0
B6_D1,343,0,88,0,0
B6_D1,915,0,369,0,-1
B6_D1,86,0,282,0,0
B10_D1,433,0,501,0,0
B6_D1,932,0,299,0,0
B6_D1,856,0,271,0,0
B4_D1,517,0,373,0,0
B6_D1,165,0,151,0,0
B6_D1,869,0,381,0,0
B6_D1,555,0,510,0,0
B10_D1,240,0,312,0,0
B10_D1,733,0,351,0,0
B10_D1,431,0,118,0,0
B10_D1,428,0,483,0,0
B4_D1,39,0,142,0,0
B6_D1,623,0,427,0,0
B8_D1,94,0,192,0,0
B6_D1,24,0,326,0,0
B6_D1,435,0,323,0,0
G1_D1,946,0,233,0,0
B10_D1,609,0,82,0,0
B2_D1,278,0,42,0,0
G1_D1,280,0,118,0,0
B2_D1,462,0,30,0,0
B10_D1,669,0,381,0,0
B6_D1,586,0,11,0,0
B10_D1,25,0,158,0,0
B10_D1,487,0,306,0,0
B2_D1,162,0,1,0,0
B6_D1,359,0,29,0,0
B6_D1,714,0,19,0,0
B6_D1,138,0,498,0,0
B6_D1,9,0,272,0,0
B6_D1,731,0,414,0,0
B4_D1,487,0,229,0,0
G1_D1,928,0,104,0,0
B10_D1,481,0,87,0,0
B2_D1,410,0,379,0,0
G1_D1,28,0,482,0,0
B4_D1,472,0,246,0,0
B6_D1,351,0,144,0,0
B6_D1,928,0,315,0,0
B6_D1,5,0,302,0,0
B8_D1,852,0,37,0,0
B6_D1,755,0,313,0,0
G1_D1,240,0,24,0,0
B6_D1,913,0,393,0,0
B6_D1,479,0,305,0,0
B4_D1,820,0,212,0,0
B6_D1,605,0,0,0,0
B10_D1,241,0,118,0,0
G1_D1,846,0,301,0,0
B4_D1,918,0,136,0,0
B6_D1,245,0,5,0,0
G1_D1,644,0,7,0,0
B10_D1,295,0,91,0,0
B10_D1,1009,0,314,0,0
B6_D1,365,0,15,0,0
B6_D1,595,0,165,0,0
G1_D1,899,0,294,0,0
B2_D1,362,0,204,0,0
G1_D1,51,0,147,0,0
B10_D1,545,0,21,0,0
B10_D1,725,0,77,0,0
B6_D1,15,0,476,0,0
B6_D1,1021,0,58,0,0
B6_D1,652,0,169,0,0
B10_D1,4,0,236,0,0
B10_D1,241,0,27,0,0
B10_D1,435,0,256,0,0
B4_D1,111,0,315,0,0
B6_D1,800,0,63,0,0
G1_D1,652,0,511,0,0
B6_D1,689,0,365,0,0
G1_D1,256,0,80,0,0
B10_D1,676,0,55,0,0
B6_D1,909,0,34,0,0
B10_D1,199,0,31,0,0
B10_D1,814,0,181,0,0
B4_D1,644,0,98,0,0
G1_D1,218,0,235,0,0
B6_D1,19,0,372,0,0
B10_D1,237,0,158,0,0
B6_D1,983,0,396,0,0
G1_D1,126,0,19,0,0
G1_D1,674,0,20,0,0
B4_D1,644,0,292,0,0
B10_D1,783,0,263,0,0
B10_D1,805,0,247,0,0
B10_D1,598,0,220,0,0
B6_D1,510,0,447,0,10
B6_D1,637,0,57,0,0
B10_D1,642,0,240,0,0
B10_D1,126,0,45,0,0
G1_D1,79,0,28,0,0
B10_D1,415,0,17,0,0
B2_D1,264,0,41,0,0
B10_D1,814,0,50,0,0
B2_D1,3,0,203,0,0
B6_D1,70,0,485,0,0
B2_D1,845,0,35,0,0
B6_D1,872,0,340,0,0
G1_D1,344,0,36,0,0
G1_D1,814,0,390,0,0
B6_D1,693,0,210,0,0
B6_D1,416,0,41,0,0
B10_D1,591,0,196,0,0
G1_D1,15,0,125,0,0
G1_D1,882,0,18,0,0
B10_D1,298,0,4,0,0
B6_D1,722,0,17,0,0
B6_D1,93,0,38,0,0
B6_D1,50,0,35,0,0
B2_D1,344,0,289,0,0
B4_D1,5,0,273,0,0
B6_D1,62,0,191,0,0
B6_D1,895,0,144,0,0
B6_D1,230,0,20,0,0
B2_D1,149,0,414,0,0
B6_D1,577,0,492,0,0
B6_D1,864,0,192,0,0
B10_D1,599,0,62,0,0
B6_D1,148,0,117,0,0
B6_D1,911,0,466,0,0
B6_D1,1018,0,483,0,0
G1_D1,554,0,13,0,0
G1_D1,372,0,220,0,0
B4_D1,383,0,226,0,0
B6_D1,848,0,272,0,0
B6_D1,824,0,394,0,0
B6_D1,927,0,113,0,0
G1_D1,238,0,297,0,0
B6_D1,92,0,12,0,0
G1_D1,860,0,240,0,0
G1_D1,792,0,61,0,0
B6_D1,398,0,264,0,0
B6_D1,263,0,374,0,0
B10_D1,862,0,88,0,0
G1_D1,860,0,260,0,0
B10_D1,968,0,215,0,0
B2_D1,495,0,286,0,0
G1_D1,50,0,125,0,0
G1_D1,343,0,30,0,0
B10_D1,338,0,51,0,0
B4_D1,579,0,210,0,0
G1_D1,914,0,491,0,0
B10_D1,454,0,116,0,0
B8_D1,977,0,302,0,0
G1_D1,454,0,12,0,0
B6_D1,243,0,18,0,0
B6_D1,799,0,489,0,0
B10_D1,67,0,161,0,0
B10_D1,580,0,483,0,0
G1_D1,319,0,328,0,0
B6_D1,731,0,184,0,0
B6_D1,225,0,10,0,0
B4_D1,587,0,85,0,0
B6_D1,915,0,490,0,0
G1_D1,919,0,108,0,0
B10_D1,716,0,69,0,0
G1_D1,976,0,109,0,0
G1_D1,187,0,408,0,0
B6_D1,619,0,374,0,0
B6_D1,633,0,367,0,0
B8_D1,601,0,224,0,0
G1_D1,434,0,12,0,0
G1_D1,856,0,1,0,0
B6_D1,179,0,484,0,0
B10_D1,10,0,190,0,0
B6_D1,581,0,36,0,0
B2_D1,204,0,133,0,0
G1_D1,714,0,471,0,0
B8_D1,336,0,305,0,0
B6_D1,922,0,492,0,0
B6_D1,808,0,189,0,0
B2_D1,638,0,442,0,0
B6_D1,1002,0,487,0,0
B10_D1,803,0,373,0,0
B6_D1,958,0,420,0,0
G1_D1,123,0,455,0,0
B10_D1,517,0,303,0,0
B6_D1,539,0,29,0,0
B6_D1,554,0,384,0,0
B10_D1,46,0,310,0,0
G1_D1,695,0,86,0,0
G1_D1,86,0,23,0,0
B6_D1,374,0,484,0,0
B10_D1,705,0,120,0,0
B10_D1,455,0,77,0,0
B6_D1,774,0,196,0,0
B6_D1,271,0,101,0,0
B10_D1,3,0,133,0,0
B6_D1,611,0,506,0,0
B10_D1,134,0,178,0,0
B10_D1,593,0,118,0,0
B6_D1,205,0,454,0,0
B6_D1,579,0,310,0,0
B10_D1,285,0,177,0,0
G1_D1,225,0,132,0,0
B6_D1,697,0,300,0,0
B6_D1,860,0,221,0,0
B2_D1,457,0,371,0,0
B2_D1,392,0,207,0,0
B6_D1,503,0,33,0,0
B6_D1,882,0,190,0,0
B6_D1,62,0,50,0,0
B10_D1,279,0,348,0,0
B10_D1,152,0,166,0,0
B6_D1,685,0,111,0,0
B6_D1,523,0,411,0,0
B6_D1,766,0,314,0,0
B6_D1,123,0,229,0,0
G1_D1,239,0,6,0,0
B4_D1,704,0,198,0,0
B10_D1,561,0,510,0,0
B10_D1,126,0,450,0,0
G1_D1,38,0,151,0,0
B4_D1,869,0,33,0,0
G1_D1,389,0,266,0,0
B10_D1,95,0,510,0,0
B6_D1,686,0,302,0,0
B4_D1,31,0,11,0,0
G1_D1,219,0,266,0,0
B6_D1,985,0,136,0,0
B10_D1,19,0,37,0,0
B6_D1,452,0,7,0,0
B2_D1,810,0,452,0,0
B6_D1,676,0,16,0,0
B6_D1,832,0,328,0,0
B10_D1,3,0,354,0,0
B10_D1,772,0,50,0,0
B6_D1,500,0,477,0,0
B4_D1,3,0,196,0,0
B6_D1,554,0,363,0,0
B6_D1,275,0,490,0,0
B4_D1,1022,0,158,0,0
B10_D1,596,0,0,0,0
B10_D1,501,0,410,0,0
B10_D1,910,0,20,0,0
B10_D1,466,0,224,0,0
B2_D1,314,0,180,0,0
B6_D1,251,0,16,0,0
B10_D1,319,0,10,0,0
B10_D1,754,0,326,0,0
B6_D1,113,0,98,0,0
B6_D1,874,0,394,0,0
B4_D1,331,0,323,0,0
B6_D1,789,0,24,0,0
B6_D1,408,0,287,0,0
B10_D1,608,0,479,0,0
B6_D1,541,0,241,0,0
B10_D1,853,0,235,0,0
B10_D1,373,0,182,0,0
B4_D1,749,0,61,0,0
B10_D1,244,0,426,0,0
B6_D1,647,0,422,0,0
B4_D1,679,0,272,0,0
B6_D1,126,0,48,0,0
G1_D1,23,0,49,0,0
B10_D1,709,0,165,0,0
B10_D1,157,0,359,0,0
B10_D1,305,0,267,0,0
B6_D1,47,0,466,0,0
B6_D1,46,0,21,0,0
G1_D1,868,0,439,0,0
B4_D1,506,0,237,0,0
B6_D1,291,0,334,0,0
G1_D1,624,0,2,0,0
B6_D1,882,0,437,0,0
G1_D1,947,0,240,0,0
B10_D1,446,0,292,0,0
B6_D1,485,0,326,0,0
B2_D1,119,0,131,0,0
B6_D1,977,0,492,0,0
G1_D1,142,0,205,0,0
G1_D1,564,0,245,0,0
B2_D1,423,0,24,0,0
B10_D1,476,0,465,0,0
B10_D1,583,0,154,0,0
B4_D1,669,0,65,0,0
B10_D1,236,0,202,0,0
G1_D1,153,0,110,0,0
B10_D1,925,0,258,0,0
G1_D1,1019,0,486,0,0
G1_D1,616,0,166,0,0
B6_D1,150,0,20,0,0
B6_D1,522,0,131,0,0
B6_D1,397,0,171,0,0
B10_D1,696,0,3,0,0
B10_D1,391,0,419,0,0
B10_D1,618,0,125,0,0
B4_D1,398,0,16,0,0
B6_D1,601,0,284,0,0
B6_D1,449,0,241,0,0
G1_D1,96,0,23,0,0
G1_D1,800,0,118,0,0
B6_D1,373,0,371,0,0
B10_D1,413,0,87,0,0
B10_D1,213,0,509,0,0
B10_D1,192,0,249,0,0
B6_D1,852,0,203,0,0
B10_D1,743,0,428,0,0
B6_D1,281,0,6,0,0
B2_D1,647,0,66,0,0
B6_D1,835,0,49,0,0
B4_D1,510,0,244,0,0
G1_D1,255,0,164,0,0
B10_D1,987,0,52,0,0
B10_D1,217,0,42,0,0
B10_D1,1,0,95,0,0
G1_D1,249,0,6,0,0
G1_D1,385,0,174,0,0
B10_D1,894,0,395,0,0
B10_D1,348,0,16,0,0
B10_D1,880,0,241,0,0
B10_D1,986,0,45,0,0
B6_D1,801,0,424,0,0
G1_D1,197,0,61,0,0
B10_D1,534,0,15,0,0
B6_D1,557,0,436,0,-1
B4_D1,643,0,331,0,-1
G1_D1,896,0,272,0,0
B10_D1,92,0,482,0,0
B10_D1,232,0,89,0,0
B6_D1,198,0,8,0,0
B6_D1,555,0,89,0,0
B6_D1,664,0,130,0,0
B6_D1,131,0,481,0,0
B10_D1,653,0,459,0,0
B4_D1,982,0,52,0,0
B6_D1,420,0,285,0,0
B6_D1,772,0,186,0,0
B6_D1,197,0,288,0,0
B6_D1,247,0,497,0,0
B6_D1,644,0,29,0,0
B6_D1,211,0,511,0,0
G1_D1,402,0,210,0,0
B10_D1,321,0,254,0,-1
B6_D1,200,0,454,0,0
B10_D1,769,0,328,0,0
G1_D1,4,0,478,0,0
B8_D1,154,0,200,0,0
B10_D1,854,0,342,0,0
B2_D1,384,0,130,0,0
B4_D1,938,0,102,0,0
G1_D1,848,0,33,0,0
B6_D1,70,0,123,0,0
B2_D1,485,0,62,0,0
B10_D1,93,0,134,0,0
B8_D1,131,0,264,0,0
B6_D1,349,0,384,0,0
B2_D1,485,0,125,0,0
B10_D1,551,0,159,0,0
G1_D1,784,0,217,0,0
B6_D1,579,0,406,0,0
B10_D1,458,0,227,0,0
B6_D1,954,0,243,0,0
G1_D1,503,0,220,0,0
B2_D1,986,0,113,0,0
B10_D1,364,0,45,0,0
B4_D1,227,0,353,0,0
B4_D1,311,0,154,0,0
B6_D1,733,0,113,0,0
B10_D1,405,0,480,0,0
G1_D1,22,0,295,0,0
B6_D1,833,0,126,0,0
G1_D1,413,0,271,0,0
B10_D1,980,0,48,0,0
B10_D1,484,0,8,0,0
B10_D1,958,0,69,0,0
B6_D1,531,0,16,0,0
B6_D1,399,0,44,0,0
B6_D1,1023,0,452,0,0
B8_D1,107,0,195,0,0
B8_D1,93,0,275,0,0
G1_D1,563,0,95,0,0
B10_D1,682,0,6,0,0
B6_D1,688,0,51,0,0
B10_D1,590,0,137,0,0
B10_D1,576,0,282,0,0
B10_D1,602,0,411,0,0
B10_D1,197,0,11,0,0
G1_D1,54,0,67,0,0
B6_D1,989,0,254,0,0
B6_D1,849,0,386,0,0
G1_D1,472,0,129,0,0
B10_D1,836,0,511,0,0
G1_D1,71,0,98,0,0
B10_D1,126,0,264,0,0
G1_D1,297,0,18,0,0
B6_D1,269,0,504,0,0
B10_D1,591,0,342,0,0
B10_D1,784,0,409,0,0
B6_D1,874,0,123,0,0
G1_D1,842,0,212,0,0
B6_D1,466,0,167,0,0
G1_D1,953,0,387,0,-1
B10_D1,514,0,126,0,0
B6_D1,87,0,278,0,0
G1_D1,718,0,23,0,0
B6_D1,926,0,366,0,0
B4_D1,511,0,87,0,0
B6_D1,140,0,141,0,0
B6_D1,801,0,388,0,0
B10_D1,970,0,35,0,0
B2_D1,897,0,52,0,0
B6_D1,99,0,83,0,0
B4_D1,644,0,60,0,0
B10_D1,942,0,102,0,0
B6_D1,795,0,359,0,0
B10_D1,440,0,95,0,0
B6_D1,151,0,322,0,0
B10_D1,565,0,113,0,0
B10_D1,705,0,314,0,0
B6_D1,852,0,194,0,0
B6_D1,161,0,496,0,0
G1_D1,980,0,137,0,0
G1_D1,397,0,18,0,0
B6_D1,52,0,101,0,0
B2_D1,127,0,263,0,0
G1_D1,611,0,194,0,0
G1_D1,381,0,40,0,0
B10_D1,793,0,7,0,0
B10_D1,429,0,18,0,0
B6_D1,396,0,478,0,0
B6_D1,716,0,364,0,0
B6_D1,401,0,449,0,0
G1_D1,795,0,0,0,0
B10_D1,701,0,88,0,0
B10_D1,971,0,508,0,0
B6_D1,50,0,485,0,0
B10_D1,644,0,472,0,0
G1_D1,135,0,207,0,0
G1_D1,341,0,401,0,0
B6_D1,1010,0,167,0,0
B6_D1,360,0,10,0,0
B10_D1,41,0,88,0,0
G1_D1,18,0,258,0,0
B6_D1,841,0,224,0,0
B6_D1,4,0,78,0,0
B10_D1,142,0,506,0,0
B10_D1,119,0,452,0,0
G1_D1,483,0,74,0,0
B6_D1,922,0,317,0,0
B10_D1,137,0,150,0,0
B6_D1,703,0,428,0,0
G1_D1,147,0,105,0,0
B6_D1,266,0,255,0,0
B6_D1,399,0,155,0,0
G1_D1,786,0,51,0,0
B6_D1,780,0,59,0,0
B10_D1,754,0,27,0,0
B6_D1,436,0,26,0,0
B6_D1,71,0,443,0,0
B6_D1,553,0,286,0,0
G1_D1,988,0,75,0,0
G1_D1,651,0,36,0,0
B10_D1,393,0,143,0,0
G1_D1,1020,0,241,0,0
B6_D1,246,0,481,0,0
B4_D1,126,0,407,0,0
B10_D1,881,0,359,0,0
B10_D1,256,0,254,0,0
B6_D1,1022,0,412,0,0
B6_D1,625,0,510,0,0
B6_D1,424,0,351,0,0
B10_D1,444,0,31,0,0
B10_D1,336,0,313,0,0
B10_D1,366,0,505,0,0
B6_D1,466,0,390,0,0
B6_D1,867,0,2,0,0
G1_D1,264,0,286,0,0
B10_D1,602,0,199,0,0
B10_D1,454,0,158,0,0
B6_D1,800,0,84,0,0
B2_D1,695,0,429,0,0
B6_D1,20,0,293,0,0
B10_D1,206,0,36,0,0
B10_D1,150,0,46,0,0
G1_D1,457,0,141,0,0
B10_D1,154,0,59,0,0
B6_D1,68,0,470,0,0
B10_D1,46,0,46,0,0
G1_D1,546,0,68,0,0
B10_D1,341,0,243,0,0
B6_D1,631,0,491,0,0
G1_D1,680,0,190,0,0
B10_D1,867,0,90,0,0
B2_D1,0,0,43,0,0
B10_D1,506,0,140,0,0
G1_D1,200,0,29,0,0
G1_D1,134,0,264,0,0
G1_D1,564,0,17,0,0
B6_D1,608,0,332,0,0
B6_D1,584,0,9,0,0
B10_D1,103,0,134,0,0
B10_D1,622,0,284,0,0
B6_D1,852,0,180,0,0
G1_D1,141,0,265,0,0
G1_D1,148,0,32,0,0
B6_D1,765,0,500,0,0
B6_D1,170,0,25,0,0
B6_D1,806,0,383,0,0
B10_D1,318,0,171,0,0
G1_D1,199,0,8,0,0
B6_D1,33,0,164,0,0
B6_D1,202,0,7,0,0
G1_D1,846,0,271,0,0
B10_D1,58,0,327,0,0
B10_D1,302,0,157,0,0
B10_D1,581,0,1,0,0
B6_D1,777,0,355,0,0
B6_D1,896,0,128,0,0
G1_D1,781,0,51,0,0
B6_D1,865,0,379,0,0
B6_D1,880,0,154,0,0
B6_D1,448,0,417,0,0
G1_D1,840,0,313,0,0
B10_D1,615,0,480,0,0
G1_D1,935,0,245,0,0
B10_D1,786,0,309,0,0
B6_D1,628,0,183,0,0
B10_D1,637,0,270,0,0
G1_D1,707,0,18,0,0
B10_D1,433,0,344,0,0
B10_D1,741,0,83,0,0
B6_D1,18,0,138,0,0
B10_D1,510,0,62,0,0
B2_D1,820,0,58,0,0
B6_D1,43,0,503,0,0
B2_D1,216,0,484,0,0
B6_D1,615,0,5,0,0
B6_D1,141,0,296,0,0
G1_D1,86,0,455,0,0
B10_D1,35,0,97,0,0
B2_D1,680,0,18,0,0
G1_D1,474,0,9,0,0
G1_D1,321,0,60,0,0
B4_D1,593,0,60,0,0
B4_D1,715,0,195,0,0
B10_D1,295,0,76,0,0
B2_D1,966,0,9,0,0
B10_D1,333,0,273,0,0
G1_D1,341,0,225,0,0
B6_D1,934,0,509,0,0
B6_D1,617,0,507,0,0
G1_D1,936,0,454,0,0
G1_D1,360,0,365,0,0
G1_D1,11,0,248,0,0
B6_D1,599,0,499,0,0
B10_D1,880,0,298,0,0
B10_D1,955,0,70,0,0
B10_D1,1022,0,72,0,0
G1_D1,1018,0,439,0,0
G1_D1,240,0,84,0,0
B6_D1,641,0,77,0,0
B4_D1,564,0,82,0,0
B6_D1,282,0,37,0,0
B6_D1,810,0,297,0,0
B4_D1,172,0,40,0,0
B10_D1,821,0,327,0,0
B10_D1,37,0,257,0,0
B6_D1,290,0,505,0,0
G1_D1,864,0,236,0,0
B4_D1,746,0,196,0,0
G1_D1,449,0,65,0,0
G1_D1,764,0,19,0,0
G1_D1,150,0,24,0,0
B10_D1,561,0,98,0,0
B4_D1,191,0,358,0,0
G1_D1,905,0,314,0,0
G1_D1,1019,0,11,0,0
B6_D1,764,0,51,0,0
B6_D1,268,0,73,0,0
B10_D1,246,0,124,0,0
G1_D1,1005,0,224,0,0
B6_D1,320,0,45,0,0
B2_D1,811,0,77,0,0
B2_D1,714,0,41,0,0
B6_D1,726,0,511,0,0
B6_D1,349,0,9,0,0
B10_D1,123,0,503,0,0
B6_D1,68,0,113,0,0
B6_D1,435,0,383,0,0
B10_D1,774,0,231,0,0
B10_D1,816,0,331,0,0
B10_D1,392,0,25,0,0
G1_D1,39,0,216,0,0
B6_D1,145,0,270,0,0
B10_D1,736,0,511,0,0
B6_D1,782,0,392,0,0
B6_D1,775,0,411,0,0
B2_D1,391,0,45,0,0
B6_D1,173,0,503,0,0
G1_D1,627,0,55,0,0
B6_D1,909,0,102,0,0
G1_D1,121,0,448,0,0
B10_D1,594,0,126,0,0
G1_D1,981,0,265,0,0
B6_D1,862,0,497,0,0
B6_D1,105,0,147,0,0
B10_D1,358,0,199,0,0
B10_D1,359,0,37,0,0
G1_D1,232,0,39,0,0
B6_D1,659,0,475,0,0
B10_D1,702,0,266,0,0
B8_D1,155,0,3,0,0
B10_D1,526,0,0,0,0
B2_D1,141,0,310,0,0
B6_D1,245,0,456,0,0
B10_D1,99,0,268,0,0
B6_D1,155,0,255,0,0
B10_D1,186,0,78,0,0
B6_D1,417,0,275,0,0
B6_D1,560,0,505,0,0
B6_D1,873,0,23,0,0
B6_D1,390,0,227,0,0
G1_D1,403,0,478,0,0
B6_D1,518,0,33,0,0
B6_D1,280,0,421,0,0
B10_D1,946,0,294,0,0
B4_D1,943,0,129,0,0
G1_D1,25,0,118,0,0
B6_D1,475,0,477,0,0
B6_D1,266,0,197,0,0
G1_D1,325,0,424,0,0
B6_D1,818,0,456,0,0
G1_D1,434,0,300,0,0
B6_D1,1011,0,6,0,0
B4_D1,695,0,508,0,0
G1_D1,979,0,209,0,0
B6_D1,975,0,415,0,0
B6_D1,654,0,489,0,0
B6_D1,306,0,78,0,0
G1_D1,651,0,306,0,0
B4_D1,724,0,64,0,0
B6_D1,53,0,54,0,0
B8_D1,821,0,306,0,0
B4_D1,217,0,272,0,0
B10_D1,126,0,1,0,0
B6_D1,765,0,470,0,0
B10_D1,182,0,42,0,0
B6_D1,387,0,22,0,0
B10_D1,1022,0,227,0,0
G1_D1,363,0,474,0,0
G1_D1,886,0,15,0,0
G1_D1,892,0,240,0,0
G1_D1,43,0,107,0,0
B4_D1,593,0,368,0,0
B10_D1,1015,0,469,0,0
G1_D1,21,0,224,0,0
B6_D1,795,0,95,0,0
B6_D1,802,0,202,0,0
G1_D1,859,0,11,0,0
B6_D1,624,0,289,0,0
B4_D1,191,0,411,0,0
B10_D1,62,0,46,0,0
B10_D1,435,0,296,0,0
B6_D1,54,0,225,0,0
B10_D1,555,0,316,0,0
B10_D1,438,0,302,0,0
G1_D1,72,0,461,0,0
B10_D1,613,0,317,0,0
B6_D1,314,0,403,0,0
B6_D1,478,0,498,0,0
G1_D1,489,0,125,0,0
B6_D1,5,0,0,0,0
B10_D1,539,0,509,0,0
B6_D1,324,0,50,0,0
G1_D1,1000,0,19,0,0
B10_D1,33,0,151,0,0
B6_D1,423,0,247,0,0
B10_D1,866,0,339,0,0
B10_D1,134,0,189,0,0
B10_D1,368,0,500,0,0
B2_D1,728,0,223,0,-1
B6_D1,661,0,46,0,0
B6_D1,300,0,182,0,0
G1_D1,14,0,315,0,0
B10_D1,208,0,146,0,0
B6_D1,607,0,342,0,0
G1_D1,466,0,19,0,0
B6_D1,781,0,199,0,0
B6_D1,301,0,359,0,-1
B6_D1,6,0,408,0,0
B10_D1,299,0,123,0,0
B4_D1,17,0,503,0,0
B6_D1,269,0,373,0,0
B6_D1,785,0,63,0,0
G1_D1,148,0,382,0,0
B10_D1,636,0,178,0,0
G1_D1,506,0,123,0,0
B6_D1,842,0,223,0,0
B10_D1,245,0,232,0,0
B10_D1,247,0,50,0,0
G1_D1,142,0,188,0,0
B10_D1,829,0,244,0,0
B6_D1,555,0,490,0,0
G1_D1,519,0,10,0,0
B4_D1,124,0,3,0,0
B10_D1,839,0,4,0,0
G1_D1,541,0,139,0,0
B10_D1,238,0,343,0,0
B6_D1,749,0,29,0,0
B2_D1,815,0,58,0,0
B2_D1,640,0,22,0,0
G1_D1,298,0,39,0,0
B10_D1,341,0,43,0,0
B2_D1,701,0,509,0,0
B2_D1,748,0,27,0,0
B10_D1,415,0,267,0,0
B4_D1,745,0,212,0,0
B6_D1,64,0,29,0,0
B6_D1,799,0,4,0,0
B6_D1,571,0,266,0,0
G1_D1,315,0,0,0,0
B10_D1,996,0,489,0,0
B10_D1,159,0,58,0,0
B2_D1,261,0,510,0,0
B10_D1,483,0,474,0,0
B8_D1,214,0,60,0,0
B10_D1,571,0,94,0,0
B10_D1,840,0,357,0,0
B2_D1,841,0,99,0,0
B10_D1,290,0,308,0,0
B6_D1,548,0,310,0,0
B6_D1,959,0,116,0,0
G1_D1,260,0,75,0,0
G1_D1,24,0,292,0,0
B10_D1,18,0,115,0,0
G1_D1,609,0,14,0,0
G1_D1,322,0,17,0,0
B6_D1,658,0,480,0,0
B6_D1,549,0,177,0,0
B10_D1,486,0,297,0,0
B4_D1,688,0,253,0,0
G1_D1,249,0,14,0,0
G1_D1,1019,0,225,0,0
B4_D1,30,0,256,0,0
B10_D1,432,0,128,0,0
G1_D1,86,0,51,0,0
B6_D1,850,0,199,0,0
B4_D1,71,0,23,0,0
B4_D1,617,0,184,0,0
B4_D1,1,0,97,0,0
B2_D1,3,0,22,0,0
B10_D1,446,0,164,0,0
G1_D1,97,0,99,0,0
B2_D1,404,0,208,0,0
B10_D1,340,0,215,0,0
G1_D1,204,0,447,0,0
G1_D1,978,0,68,0,0
B6_D1,885,0,57,0,0
B6_D1,394,0,489,0,0
G1_D1,1010,0,123,0,0
B6_D1,962,0,2,0,0
B10_D1,605,0,136,0,0
B6_D1,719,0,298,0,0
G1_D1,55,0,41,0,0
B6_D1,611,0,433,0,0
B10_D1,492,0,63,0,0
G1_D1,643,0,26,0,0
B2_D1,961,0,510,0,0
B2_D1,531,0,510,0,0
B6_D1,955,0,53,0,0
G1_D1,1013,0,49,0,0
B6_D1,480,0,71,0,0
B6_D1,175,0,476,0,0
G1_D1,301,0,235,0,0
B10_D1,544,0,16,0,0
G1_D1,54,0,95,0,0
G1_D1,1010,0,271,0,0
B4_D1,110,0,412,0,0
B10_D1,127,0,230,0,0
B10_D1,333,0,237,0,0
B6_D1,650,0,381,0,0
B10_D1,564,0,300,0,0
G1_D1,305,0,55,0,0
B10_D1,952,0,39,0,0
B4_D1,267,0,307,0,0
B6_D1,824,0,39,0,0
B8_D1,139,0,335,0,0
B6_D1,709,0,489,0,0
G1_D1,946,0,39,0,0
B6_D1,499,0,499,0,0
B6_D1,210,0,409,0,0
B6_D1,393,0,172,0,0
B4_D1,941,0,41,0,0
B6_D1,798,0,28,0,0
B10_D1,128,0,500,0,0
G1_D1,145,0,281,0,0
B10_D1,191,0,345,0,0
G1_D1,44,0,150,0,0
B10_D1,520,0,53,0,0
B6_D1,692,0,482,0,0
G1_D1,348,0,242,0,0
B10_D1,309,0,306,0,0
B6_D1,33,0,113,0,0
B10_D1,397,0,464,0,0
B6_D1,211,0,11,0,0
G1_D1,45,0,152,0,0
B10_D1,819,0,131,0,0
G1_D1,64,0,117,0,0
B6_D1,73,0,199,0,0
B6_D1,840,0,154,0,0
B10_D1,501,0,53,0,0
B10_D1,289,0,126,0,0
B2_D1,159,0,307,0,0
B6_D1,636,0,112,0,0
B2_D1,701,0,64,0,0
G1_D1,578,0,276,0,0
G1_D1,816,0,214,0,0
B10_D1,208,0,116,0,0
G1_D1,320,0,0,0,0
B2_D1,249,0,483,0,0
G1_D1,1004,0,187,0,0
B6_D1,494,0,65,0,0
G1_D1,182,0,17,0,0
G1_D1,429,0,11,0,0
B4_D1,131,0,19,0,0
B6_D1,20,0,88,0,0
B2_D1,134,0,129,0,0
B2_D1,911,0,264,0,0
G1_D1,121,0,202,0,0
G1_D1,537,0,18,0,0
B6_D1,549,0,19,0,0
G1_D1,603,0,235,0,0
G1_D1,329,0,6,0,0
G1_D1,907,0,239,0,0
B2_D1,779,0,254,0,0
B6_D1,281,0,158,0,0
B10_D1,567,0,325,0,0
B10_D1,134,0,131,0,0
B6_D1,40,0,30,0,0
B10_D1,165,0,229,0,0
B6_D1,811,0,302,0,0
B4_D1,120,0,0,0,0
B10_D1,205,0,76,0,0
B2_D1,526,0,287,0,0
G1_D1,138,0,413,0,0
B6_D1,15,0,412,0,0
B6_D1,259,0,112,0,0
B6_D1,473,0,371,0,0
B10_D1,611,0,0,0,0
B6_D1,811,0,506,0,0
B6_D1,978,0,3,0,0
B10_D1,151,0,226,0,0
B6_D1,1,0,103,0,0
B10_D1,687,0,416,0,0
B10_D1,100,0,7,0,0
G1_D1,814,0,209,0,0
B4_D1,709,0,255,0,0
B6_D1,268,0,241,0,0
B10_D1,21,0,166,0,0
B10_D1,623,0,116,0,0
G1_D1,882,0,266,0,0
G1_D1,822,0,424,0,0
B10_D1,749,0,326,0,0
G1_D1,103,0,287,0,0
B6_D1,442,0,507,0,0
B6_D1,850,0,141,0,0
G1_D1,369,0,57,0,0
B4_D1,1019,0,199,0,0
B6_D1,756,0,31,0,0
B6_D1,129,0,39,0,0
B4_D1,659,0,293,0,0
B4_D1,228,0,208,0,0
B6_D1,686,0,41,0,0
B10_D1,885,0,90,0,0
B10_D1,469,0,509,0,0
B10_D1,306,0,34,0,0
B10_D1,611,0,312,0,0
B10_D1,19,0,221,0,0
B4_D1,650,0,231,0,0
B4_D1,580,0,182,0,0
G1_D1,565,0,510,0,0
B6_D1,993,0,291,0,0
B10_D1,201,0,9,0,0
G1_D1,1019,0,402,0,0
G1_D1,281,0,34,0,0
B10_D1,647,0,113,0,0
B10_D1,614,0,142,0,0
B6_D1,630,0,485,0,0
B6_D1,710,0,452,0,0
B6_D1,737,0,110,0,0
G1_D1,179,0,11,0,0
B6_D1,274,0,439,0,-1
B6_D1,326,0,336,0,0
B10_D1,177,0,285,0,0
B6_D1,487,0,282,0,0
G1_D1,354,0,50,0,0
B4_D1,587,0,50,0,0
B6_D1,607,0,502,0,0
G1_D1,274,0,35,0,0
B6_D1,991,0,402,0,0
G1_D1,500,0,485,0,0
B6_D1,918,0,33,0,0
B6_D1,953,0,348,0,-1
B6_D1,274,0,173,0,0
B6_D1,250,0,250,0,0
B10_D1,258,0,286,0,0
B10_D1,434,0,190,0,0
B10_D1,919,0,303,0,0
G1_D1,887,0,255,0,0
B10_D1,122,0,2,0,0
B10_D1,1008,0,477,0,0
B6_D1,309,0,509,0,0
B10_D1,386,0,477,0,0
B2_D1,663,0,90,0,0
G1_D1,917,0,133,0,0
B8_D1,135,0,220,0,0
B6_D1,477,0,22,0,0
B6_D1,21,0,501,0,0
B6_D1,958,0,18,0,0
G1_D1,587,0,50,0,0
G1_D1,193,0,193,0,0
B2_D1,513,0,288,0,0
B6_D1,559,0,400,0,0
B10_D1,464,0,90,0,0
B6_D1,121,0,31,0,0
G1_D1,13,0,375,0,0
B6_D1,840,0,45,0,0
B6_D1,284,0,105,0,0
B10_D1,617,0,287,0,0
B10_D1,665,0,92,0,0
B6_D1,871,0,164,0,0
G1_D1,701,0,202,0,0
B6_D1,526,0,189,0,0
B6_D1,436,0,496,0,0
B10_D1,741,0,269,0,0
B10_D1,666,0,388,0,0
B6_D1,923,0,273,0,0
B6_D1,578,0,483,0,0
B6_D1,803,0,279,0,0
B2_D1,837,0,123,0,0
B6_D1,41,0,200,0,0
G1_D1,721,0,314,0,0
B10_D1,209,0,331,0,0
B10_D1,1023,0,239,0,0
B10_D1,382,0,68,0,0
B2_D1,970,0,130,0,0
G1_D1,161,0,113,0,0
B8_D1,94,0,104,0,0
G1_D1,526,0,63,0,0
B10_D1,226,0,278,0,0
G1_D1,1019,0,7,0,0
B6_D1,1007,0,411,0,0
B6_D1,844,0,60,0,0
B10_D1,356,0,187,0,0
B4_D1,592,0,151,0,0
B10_D1,446,0,511,0,0
B8_D1,126,0,130,0,0
B10_D1,758,0,468,0,0
B4_D1,3,0,18,0,0
B6_D1,417,0,32,0,0
B10_D1,701,0,117,0,0
B10_D1,361,0,314,0,0
B6_D1,691,0,129,0,0
B6_D1,700,0,152,0,0
B8_D1,208,0,190,0,0
G1_D1,10,0,232,0,0
B6_D1,743,0,329,0,0
B10_D1,616,0,496,0,0
B10_D1,418,0,162,0,0
B6_D1,818,0,111,0,0
B10_D1,443,0,101,0,0
B10_D1,532,0,119,0,0
B10_D1,400,0,71,0,0
B4_D1,532,0,243,0,0
B6_D1,661,0,377,0,0
B10_D1,391,0,310,0,4
G1_D1,101,0,114,0,0
B6_D1,165,0,452,0,0
B6_D1,136,0,486,0,0
G1_D1,999,0,10,0,0
G1_D1,1004,0,115,0,0
B6_D1,181,0,16,0,0
B10_D1,954,0,54,0,0
B6_D1,139,0,328,0,0
B10_D1,265,0,189,0,0
B10_D1,200,0,7,0,0
G1_D1,135,0,131,0,0
B6_D1,274,0,178,0,0
B10_D1,687,0,419,0,0
B10_D1,828,0,27,0,0
B6_D1,647,0,373,0,0
B10_D1,770,0,37,0,0
B6_D1,483,0,8,0,0
B6_D1,500,0,134,0,0
B10_D1,864,0,34,0,0
G1_D1,1023,0,242,0,0
B2_D1,801,0,0,0,0
B4_D1,988,0,58,0,0
B6_D1,946,0,275,0,0
B6_D1,556,0,368,0,0
B10_D1,510,0,141,0,0
B6_D1,932,0,140,0,-1
B4_D1,287,0,311,0,0
B10_D1,267,0,307,0,0
G1_D1,16,0,263,0,0
B10_D1,630,0,7,0,0
B6_D1,1017,0,2,0,0
B10_D1,79,0,131,0,0
B10_D1,1020,0,217,0,0
B10_D1,724,0,57,0,0
B8_D1,284,0,321,0,0
B10_D1,631,0,83,0,0
G1_D1,708,0,253,0,0
B10_D1,399,0,201,0,0
B10_D1,194,0,172,0,0
B6_D1,259,0,57,0,0
B10_D1,585,0,141,0,0
B10_D1,427,0,339,0,0
G1_D1,309,0,149,0,0
B6_D1,457,0,275,0,0
B6_D1,650,0,505,0,0
B6_D1,627,0,487,0,0
B2_D1,761,0,0,0,0
B6_D1,204,0,167,0,0
B6_D1,710,0,15,0,0
B6_D1,5,0,390,0,0
B6_D1,609,0,4,0,0
B6_D1,756,0,294,0,0
B4_D1,9,0,241,0,0
G1_D1,501,0,1,0,0
B2_D1,508,0,158,0,0
B6_D1,740,0,30,0,0
B10_D1,611,0,340,0,0
B6_D1,339,0,214,0,0
B6_D1,885,0,141,0,0
B10_D1,982,0,295,0,0
B2_D1,123,0,15,0,0
G1_D1,619,0,445,0,0
B6_D1,647,0,286,0,0
B6_D1,511,0,255,0,0
B8_D1,866,0,305,0,0
B10_D1,731,0,269,0,0
B6_D1,1023,0,473,0,0
G1_D1,269,0,58,0,0
B2_D1,857,0,42,0,0
B10_D1,403,0,484,0,0
B10_D1,396,0,310,0,4
B6_D1,247,0,362,0,0
B6_D1,869,0,391,0,0
G1_D1,657,0,273,0,0
B2_D1,811,0,11,0,0
B10_D1,209,0,406,0,0
B6_D1,608,0,503,0,0
B10_D1,665,0,265,0,0
B6_D1,929,0,67,0,0
B10_D1,566,0,485,0,0
G1_D1,289,0,10,0,0
B10_D1,788,0,262,0,0
B4_D1,273,0,17,0,0
B6_D1,1021,0,511,0,0
G1_D1,720,0,458,0,0
B6_D1,956,0,21,0,0
B10_D1,402,0,278,0,0
G1_D1,468,0,111,0,0
B6_D1,751,0,333,0,0
B10_D1,282,0,6,0,0
B6_D1,67,0,497,0,0
B2_D1,246,0,53,0,0
B6_D1,284,0,44,0,0
G1_D1,939,0,277,0,0
B8_D1,760,0,313,0,0
G1_D1,1014,0,187,0,0
G1_D1,809,0,10,0,0
B10_D1,18,0,189,0,0
B10_D1,90,0,87,0,0
B4_D1,842,0,238,0,0
B4_D1,603,0,29,0,0
B6_D1,483,0,378,0,0
G1_D1,919,0,76,0,0
G1_D1,65,0,266,0,0
B10_D1,538,0,163,0,0
G1_D1,302,0,458,0,3
B10_D1,151,0,323,0,0
B6_D1,909,0,404,0,0
B6_D1,53,0,18,0,0
B6_D1,554,0,14,0,0
B10_D1,571,0,278,0,0
B6_D1,627,0,502,0,0
B10_D1,683,0,272,0,0
B4_D1,6,0,155,0,0
B2_D1,926,0,262,0,0
B2_D1,633,0,223,0,0
B8_D1,635,0,303,0,0
B6_D1,354,0,458,0,1
B6_D1,723,0,413,0,0
B6_D1,481,0,414,0,0
G1_D1,1016,0,268,0,0
G1_D1,366,0,268,0,0
B6_D1,511,0,281,0,0
B6_D1,68,0,488,0,0
B4_D1,597,0,217,0,0
B4_D1,770,0,239,0,0
B10_D1,858,0,406,0,0
B6_D1,351,0,476,0,0
B2_D1,858,0,12,0,0
B10_D1,143,0,503,0,0
B4_D1,33,0,17,0,0
B6_D1,214,0,276,0,0
G1_D1,894,0,391,0,0
B6_D1,697,0,497,0,0
B6_D1,461,0,26,0,0
B10_D1,51,0,146,0,0
B6_D1,236,0,16,0,0
G1_D1,365,0,208,0,0
G1_D1,966,0,218,0,0
B10_D1,766,0,253,0,0
B10_D1,91,0,270,0,0
B6_D1,887,0,311,0,0
B10_D1,656,0,258,0,0
B6_D1,139,0,29,0,0
G1_D1,134,0,3,0,0
G1_D1,820,0,101,0,0
G1_D1,221,0,15,0,0
B10_D1,616,0,50,0,0
G1_D1,64,0,10,0,0
B6_D1,57,0,22,0,0
B6_D1,826,0,365,0,0
B2_D1,525,0,365,0,6
B10_D1,94,0,10,0,0
B10_D1,753,0,360,0,0
B10_D1,643,0,259,0,0
B6_D1,599,0,118,0,0
B2_D1,409,0,211,0,0
G1_D1,999,0,218,0,0
B6_D1,472,0,283,0,0
B10_D1,422,0,75,0,0
B6_D1,454,0,34,0,0
G1_D1,529,0,4,0,0
B10_D1,763,0,164,0,0
B6_D1,968,0,395,0,0
B10_D1,864,0,68,0,0
G1_D1,67,0,94,0,0
B6_D1,922,0,222,0,0
G1_D1,463,0,86,0,0
G1_D1,184,0,451,0,0
B6_D1,642,0,456,0,0
G1_D1,433,0,120,0,0
B4_D1,869,0,123,0,0
B4_D1,765,0,208,0,0
G1_D1,1008,0,242,0,0
B10_D1,211,0,64,0,0
G1_D1,869,0,390,0,0
B6_D1,903,0,297,0,0
B10_D1,788,0,94,0,0
B6_D1,1023,0,252,0,0
B10_D1,666,0,158,0,0
B6_D1,57,0,479,0,0
G1_D1,327,0,135,0,0
B10_D1,613,0,495,0,0
G1_D1,1011,0,20,0,0
B6_D1,315,0,0,0,0
B2_D1,708,0,142,0,0
B10_D1,580,0,53,0,0
G1_D1,173,0,54,0,0
B6_D1,680,0,5,0,0
B10_D1,89,0,8,0,0
B10_D1,1023,0,465,0,0
G1_D1,627,0,359,0,0
G1_D1,682,0,243,0,0
B10_D1,315,0,191,0,0
G1_D1,484,0,150,0,0
B4_D1,682,0,273,0,0
B10_D1,529,0,476,0,0
B4_D1,409,0,291,0,0
G1_D1,182,0,503,0,0
B6_D1,787,0,22,0,0
B10_D1,168,0,49,0,0
G1_D1,101,0,98,0,0
B6_D1,153,0,480,0,0
B10_D1,141,0,202,0,0
B6_D1,909,0,9,0,0
B10_D1,262,0,258,0,0
B10_D1,699,0,323,0,0
B6_D1,737,0,507,0,0
B2_D1,857,0,45,0,0
B10_D1,222,0,329,0,0
B6_D1,4,0,260,0,0
B10_D1,418,0,488,0,0
B6_D1,168,0,344,0,0
B6_D1,851,0,54,0,0
B6_D1,908,0,293,0,0
B2_D1,837,0,42,0,0
B6_D1,928,0,117,0,0
B6_D1,127,0,298,0,0
B6_D1,957,0,138,0,0
B10_D1,440,0,300,0,0
B6_D1,905,0,144,0,0
G1_D1,152,0,25,0,0
B6_D1,981,0,185,0,0
B6_D1,952,0,22,0,0
B10_D1,249,0,67,0,0
B2_D1,1003,0,33,0,0
B10_D1,578,0,239,0,0
B6_D1,648,0,425,0,0
B6_D1,654,0,181,0,0
B10_D1,461,0,0,0,0
G1_D1,1002,0,131,0,0
B6_D1,764,0,484,0,0
G1_D1,1015,0,241,0,0
B6_D1,13,0,96,0,0
B6_D1,481,0,60,0,0
B10_D1,899,0,254,0,0
G1_D1,655,0,41,0,0
B6_D1,442,0,114,0,0
G1_D1,387,0,108,0,0
B10_D1,378,0,158,0,0
B6_D1,927,0,223,0,0
B8_D1,38,0,194,0,0
G1_D1,884,0,11,0,0
G1_D1,275,0,123,0,0
G1_D1,359,0,45,0,0
B10_D1,470,0,309,0,0
B6_D1,437,0,37,0,0
B6_D1,577,0,323,0,0
B4_D1,536,0,289,0,0
B10_D1,737,0,100,0,0
B6_D1,822,0,270,0,0
B10_D1,23,0,186,0,0
B4_D1,248,0,340,0,0
B4_D1,941,0,87,0,0
B6_D1,345,0,20,0,0
B6_D1,913,0,444,0,0
B10_D1,97,0,136,0,0
B6_D1,853,0,342,0,0
G1_D1,869,0,6,0,0
B4_D1,543,0,202,0,0
B8_D1,317,0,314,0,0
G1_D1,141,0,456,0,0
B10_D1,963,0,47,0,0
G1_D1,526,0,106,0,0
B6_D1,10,0,474,0,0
B6_D1,11,0,41,0,0
B6_D1,621,0,59,0,0
B10_D1,405,0,166,0,0
B4_D1,729,0,192,0,0
B10_D1,540,0,316,0,0
G1_D1,1014,0,22,0,0
B6_D1,504,0,489,0,0
B6_D1,178,0,450,0,0
B6_D1,248,0,33,0,0
B10_D1,475,0,412,0,0
G1_D1,178,0,241,0,0
B4_D1,152,0,49,0,0
B6_D1,218,0,198,0,0
B4_D1,800,0,40,0,0
G1_D1,938,0,302,0,0
B6_D1,842,0,145,0,0
B6_D1,229,0,82,0,0
G1_D1,824,0,6,0,0
B10_D1,178,0,509,0,0
B10_D1,519,0,126,0,0
B10_D1,91,0,98,0,0
B2_D1,628,0,465,0,0
B10_D1,813,0,378,0,0
B2_D1,854,0,509,0,0
B2_D1,526,0,38,0,0
B6_D1,631,0,363,0,0
B10_D1,661,0,388,0,0
B6_D1,184,0,348,0,0
B6_D1,587,0,51,0,0
B6_D1,721,0,283,0,0
B6_D1,97,0,64,0,0
B6_D1,601,0,360,0,0
B10_D1,531,0,253,0,0
B10_D1,388,0,484,0,0
G1_D1,59,0,94,0,0
B2_D1,251,0,505,0,0
B10_D1,40,0,36,0,0
B6_D1,702,0,397,0,0
G1_D1,939,0,129,0,0
B10_D1,459,0,125,0,0
B6_D1,539,0,177,0,0
G1_D1,236,0,72,0,0
G1_D1,639,0,14,0,0
B6_D1,870,0,138,0,0
B2_D1,880,0,385,0,0
B6_D1,167,0,32,0,0
B10_D1,930,0,48,0,0
B10_D1,702,0,448,0,0
G1_D1,852,0,511,0,0
B4_D1,8,0,329,0,0
B6_D1,987,0,502,0,0
B8_D1,845,0,230,0,0
G1_D1,629,0,17,0,0
G1_D1,19,0,193,0,0
B2_D1,585,0,44,0,0
B10_D1,959,0,471,0,0
B6_D1,440,0,419,0,0
B6_D1,68,0,193,0,0
B6_D1,344,0,86,0,0
B10_D1,122,0,121,0,0
B6_D1,580,0,316,0,0
B10_D1,217,0,430,0,0
B6_D1,870,0,165,0,0
B2_D1,126,0,511,0,0
B8_D1,180,0,343,0,0
B6_D1,406,0,11,0,0
B6_D1,64,0,80,0,0
B6_D1,284,0,4,0,0
B10_D1,428,0,162,0,0
B10_D1,400,0,16,0,0
B4_D1,639,0,100,0,0
B6_D1,382,0,293,0,0
B10_D1,9,0,367,0,0
B6_D1,628,0,114,0,0
G1_D1,371,0,290,0,0
B10_D1,167,0,432,0,0
B10_D1,420,0,233,0,0
G1_D1,761,0,1,0,0
B6_D1,246,0,387,0,0
B10_D1,725,0,138,0,0
B4_D1,787,0,20,0,0
B10_D1,891,0,69,0,0
B6_D1,108,0,503,0,0
B6_D1,218,0,452,0,0
B2_D1,745,0,10,0,0
G1_D1,382,0,243,0,0
B6_D1,468,0,38,0,0
B6_D1,503,0,325,0,0
B4_D1,114,0,38,0,0
B2_D1,506,0,218,0,0
B6_D1,819,0,149,0,0
B6_D1,363,0,166,0,0
G1_D1,649,0,14,0,0
B6_D1,76,0,160,0,0
G1_D1,1002,0,228,0,0
B6_D1,777,0,27,0,0
B6_D1,895,0,392,0,0
B6_D1,5,0,55,0,0
G1_D1,325,0,287,0,0
B4_D1,786,0,72,0,0
B10_D1,759,0,91,0,0
B10_D1,422,0,106,0,0
B2_D1,549,0,511,0,0
B4_D1,828,0,40,0,0
B6_D1,23,0,238,0,0
B10_D1,571,0,5,0,0
B10_D1,686,0,12,0,0
B6_D1,335,0,399,0,0
B2_D1,527,0,27,0,0
G1_D1,404,0,7,0,0
B10_D1,42,0,262,0,0
G1_D1,886,0,310,0,0
G1_D1,339,0,421,0,0
B10_D1,493,0,90,0,0
G1_D1,917,0,77,0,0
B10_D1,681,0,0,0,0
G1_D1,733,0,93,0,0
B4_D1,990,0,67,0,0
B6_D1,225,0,510,0,0
B10_D1,511,0,50,0,0
G1_D1,87,0,18,0,0
G1_D1,226,0,44,0,0
B10_D1,578,0,120,0,0
B6_D1,872,0,270,0,0
B10_D1,24,0,199,0,0
B10_D1,15,0,191,0,0
B10_D1,438,0,4,0,0
B10_D1,179,0,179,0,0
B4_D1,515,0,102,0,0
B10_D1,647,0,460,0,0
B10_D1,474,0,32,0,0
B6_D1,600,0,82,0,0
B10_D1,826,0,240,0,0
B10_D1,41,0,169,0,0
B6_D1,14,0,336,0,0
G1_D1,65,0,0,0,0
B6_D1,828,0,439,0,0
B10_D1,605,0,189,0,0
G1_D1,681,0,269,0,0
B10_D1,731,0,350,0,0
G1_D1,974,0,39,0,0
B4_D1,2,0,223,0,0
G1_D1,296,0,48,0,0
B10_D1,756,0,45,0,0
B6_D1,748,0,349,0,0
B4_D1,631,0,231,0,0
B6_D1,772,0,37,0,0
B10_D1,933,0,363,0,0
B2_D1,237,0,508,0,0
B6_D1,708,0,498,0,0
G1_D1,690,0,269,0,0
B10_D1,393,0,121,0,0
B8_D1,612,0,230,0,0
B10_D1,702,0,480,0,0
G1_D1,377,0,407,0,0
B6_D1,189,0,499,0,0
G1_D1,507,0,483,0,0
B10_D1,863,0,292,0,0
B10_D1,435,0,412,0,0
B10_D1,873,0,213,0,0
G1_D1,382,0,124,0,0
G1_D1,355,0,221,0,0
B10_D1,807,0,175,0,0
B6_D1,629,0,162,0,0
B6_D1,165,0,179,0,0
B10_D1,538,0,289,0,0
G1_D1,992,0,132,0,0
B10_D1,3,0,231,0,0
B6_D1,118,0,54,0,0
B4_D1,618,0,144,0,0
B6_D1,246,0,294,0,0
B6_D1,631,0,167,0,0
B4_D1,650,0,181,0,0
G1_D1,257,0,397,0,0
G1_D1,935,0,109,0,0
B6_D1,205,0,409,0,0
G1_D1,1017,0,171,0,0
B4_D1,301,0,225,0,0
G1_D1,794,0,11,0,0
G1_D1,102,0,113,0,0
B2_D1,556,0,119,0,0
G1_D1,628,0,137,0,0
B6_D1,108,0,13,0,0
B6_D1,859,0,394,0,0
G1_D1,772,0,327,0,0
G1_D1,119,0,10,0,0
B10_D1,291,0,332,0,0
G1_D1,186,0,46,0,0
B6_D1,664,0,348,0,-1
B6_D1,771,0,48,0,0
B8_D1,744,0,232,0,0
B6_D1,380,0,15,0,0
B10_D1,169,0,178,0,0
G1_D1,27,0,69,0,0
G1_D1,242,0,458,0,0
B6_D1,76,0,501,0,0
G1_D1,969,0,12,0,0
B10_D1,645,0,118,0,0
B6_D1,971,0,491,0,0
B10_D1,27,0,257,0,0
G1_D1,34,0,93,0,0
G1_D1,353,0,241,0,0
G1_D1,889,0,7,0,0
B10_D1,325,0,413,0,0
B10_D1,425,0,481,0,0
B4_D1,346,0,356,0,0
G1_D1,920,0,42,0,0
B6_D1,301,0,150,0,0
B10_D1,392,0,499,0,0
G1_D1,644,0,20,0,0
B10_D1,126,0,97,0,0
B4_D1,271,0,249,0,0
G1_D1,90,0,0,0,0
B6_D1,461,0,353,0,0
G1_D1,380,0,59,0,0
B6_D1,779,0,72,0,0
G1_D1,752,0,18,0,0
B10_D1,670,0,268,0,0
B6_D1,393,0,349,0,0
B6_D1,887,0,2,0,0
B10_D1,253,0,34,0,0
B6_D1,53,0,231,0,0
B6_D1,877,0,431,0,0
B10_D1,794,0,243,0,0
B6_D1,58,0,450,0,0
B10_D1,759,0,53,0,0
B2_D1,127,0,428,0,0
B10_D1,744,0,12,0,0
B10_D1,1,0,71,0,0
B6_D1,541,0,478,0,0
B6_D1,467,0,352,0,0
B6_D1,275,0,171,0,0
B10_D1,688,0,18,0,0
B6_D1,281,0,197,0,0
B10_D1,202,0,77,0,0
B10_D1,693,0,164,0,0
B6_D1,12,0,507,0,0
B10_D1,26,0,71,0,0
G1_D1,24,0,96,0,0
G1_D1,902,0,73,0,0
B2_D1,936,0,52,0,0
G1_D1,252,0,43,0,0
B6_D1,678,0,493,0,0
B6_D1,584,0,226,0,0
B10_D1,20,0,173,0,0
B10_D1,537,0,93,0,0
B4_D1,969,0,33,0,0
B6_D1,291,0,245,0,0
B4_D1,488,0,183,0,0
G1_D1,201,0,236,0,0
G1_D1,43,0,197,0,0
B4_D1,48,0,449,0,0
B6_D1,106,0,164,0,0
G1_D1,799,0,79,0,0
G1_D1,915,0,50,0,0
B6_D1,249,0,373,0,0
B4_D1,783,0,18,0,0
B10_D1,288,0,98,0,0
G1_D1,264,0,320,0,0
B10_D1,149,0,44,0,0
G1_D1,766,0,305,0,0
B6_D1,215,0,510,0,0
B10_D1,393,0,108,0,0
B10_D1,331,0,332,0,0
B6_D1,819,0,263,0,0
G1_D1,606,0,15,0,0
G1_D1,13,0,62,0,0
B6_D1,902,0,305,0,0
B4_D1,613,0,226,0,0
B6_D1,767,0,7,0,0
B10_D1,184,0,253,0,0
B10_D1,855,0,236,0,0
B6_D1,905,0,170,0,0
G1_D1,747,0,318,0,0
B2_D1,945,0,91,0,0
B6_D1,188,0,153,0,0
G1_D1,315,0,38,0,0
B6_D1,269,0,422,0,0
B2_D1,371,0,487,0,0
B6_D1,522,0,22,0,0
B6_D1,999,0,44,0,0
B10_D1,286,0,143,0,0
B6_D1,1011,0,36,0,0
G1_D1,879,0,242,0,0
B2_D1,923,0,75,0,0
B2_D1,419,0,377,0,0
B4_D1,151,0,273,0,0
B10_D1,911,0,252,0,0
B6_D1,206,0,390,0,0
B6_D1,199,0,29,0,0
B10_D1,707,0,121,0,0
B6_D1,95,0,474,0,0
B6_D1,1,0,383,0,0
B10_D1,594,0,40,0,0
B2_D1,742,0,359,0,0
B4_D1,293,0,230,0,0
B10_D1,425,0,412,0,0
B2_D1,530,0,157,0,0
G1_D1,12,0,185,0,0
B6_D1,646,0,349,0,0
B6_D1,397,0,156,0,0
B2_D1,778,0,59,0,0
G1_D1,84,0,133,0,0
B6_D1,709,0,235,0,0
B2_D1,698,0,504,0,0
B6_D1,719,0,80,0,0
B10_D1,380,0,133,0,0
G1_D1,999,0,22,0,0
G1_D1,780,0,42,0,0
G1_D1,28,0,130,0,0
B6_D1,677,0,63,0,0
B6_D1,975,0,127,0,0
B6_D1,379,0,319,0,4
B2_D1,721,0,283,0,0
B4_D1,82,0,5,0,0
B10_D1,332,0,38,0,0
B6_D1,204,0,393,0,0
B10_D1,692,0,288,0,0
B6_D1,59,0,283,0,0
B10_D1,670,0,277,0,0
B10_D1,260,0,146,0,0
G1_D1,34,0,146,0,0
B6_D1,824,0,58,0,0
B6_D1,227,0,37,0,0
B10_D1,708,0,442,0,0
B6_D1,1006,0,428,0,0
B6_D1,77,0,269,0,0
B2_D1,690,0,48,0,0
B10_D1,797,0,419,0,0
B10_D1,290,0,458,0,3
B10_D1,65,0,292,0,0
B2_D1,855,0,251,0,0
B10_D1,181,0,5,0,0
B6_D1,237,0,300,0,0
B6_D1,544,0,236,0,0
B8_D1,866,0,303,0,0
G1_D1,146,0,189,0,0
B2_D1,218,0,207,0,0
B10_D1,885,0,345,0,0
B10_D1,400,0,126,0,0
B10_D1,803,0,272,0,0
B6_D1,293,0,480,0,0
B6_D1,822,0,139,0,0
B6_D1,542,0,337,0,0
B10_D1,963,0,53,0,0
B10_D1,757,0,79,0,0
B10_D1,148,0,95,0,0
G1_D1,12,0,298,0,0
G1_D1,983,0,126,0,0
B2_D1,955,0,44,0,0
B6_D1,47,0,216,0,0
B10_D1,593,0,46,0,0
G1_D1,558,0,93,0,0
G1_D1,559,0,6,0,0
B4_D1,37,0,130,0,0
G1_D1,222,0,74,0,0
G1_D1,17,0,357,0,0
B6_D1,681,0,31,0,0
B6_D1,925,0,505,0,0
B6_D1,784,0,231,0,0
B10_D1,548,0,163,0,0
B6_D1,527,0,502,0,0
B4_D1,934,0,85,0,0
B2_D1,190,0,89,0,0
B6_D1,804,0,288,0,0
B10_D1,20,0,170,0,0
B6_D1,605,0,495,0,0
B8_D1,629,0,239,0,0
B10_D1,516,0,91,0,0
B6_D1,708,0,197,0,0
B6_D1,287,0,492,0,0
G1_D1,990,0,200,0,0
G1_D1,801,0,264,0,0
B10_D1,30,0,116,0,0
B6_D1,976,0,41,0,0
G1_D1,109,0,7,0,0
B6_D1,306,0,347,0,0
B10_D1,679,0,255,0,0
G1_D1,539,0,74,0,0
G1_D1,188,0,54,0,0
B6_D1,517,0,413,0,0
B8_D1,1008,0,248,0,0
B4_D1,51,0,20,0,0
B10_D1,732,0,336,0,0
G1_D1,855,0,234,0,0
B4_D1,217,0,69,0,0
B10_D1,129,0,101,0,0
B2_D1,113,0,107,0,0
G1_D1,965,0,480,0,0
B6_D1,491,0,392,0,0
B6_D1,1003,0,102,0,0
B4_D1,10,0,64,0,0
G1_D1,466,0,304,0,0
B2_D1,565,0,222,0,0
G1_D1,675,0,39,0,0
B6_D1,51,0,395,0,0
B6_D1,406,0,48,0,0
B8_D1,625,0,235,0,0
B10_D1,518,0,88,0,0
G1_D1,994,0,60,0,0
G1_D1,304,0,510,0,0
B6_D1,652,0,310,0,0
B10_D1,399,0,245,0,0
B6_D1,262,0,361,0,0
B6_D1,341,0,325,0,0
G1_D1,295,0,47,0,0
B6_D1,538,0,479,0,0
G1_D1,192,0,261,0,0
G1_D1,55,0,294,0,0
B6_D1,583,0,33,0,0
G1_D1,845,0,299,0,0
B2_D1,489,0,493,0,0
B10_D1,500,0,155,0,0
B10_D1,672,0,315,0,0
B4_D1,713,0,63,0,0
G1_D1,937,0,261,0,0
B10_D1,850,0,233,0,0
B6_D1,236,0,48,0,0
B4_D1,467,0,204,0,0
B8_D1,9,0,315,0,0
G1_D1,561,0,122,0,0
B10_D1,787,0,396,0,0
B4_D1,498,0,183,0,-1
G1_D1,641,0,271,0,0
G1_D1,542,0,43,0,0
B2_D1,281,0,295,0,0
B6_D1,880,0,363,0,0
B2_D1,264,0,487,0,0
B2_D1,153,0,88,0,0
B6_D1,905,0,100,0,0
B6_D1,320,0,220,0,0
G1_D1,639,0,8,0,0
G1_D1,1002,0,71,0,0
B6_D1,103,0,128,0,0
B10_D1,753,0,408,0,0
B10_D1,100,0,78,0,0
G1_D1,974,0,88,0,0
B10_D1,153,0,50,0,0
B2_D1,451,0,488,0,0
B6_D1,959,0,39,0,0
B4_D1,7,0,237,0,0
B10_D1,872,0,399,0,0
B6_D1,707,0,50,0,0
B6_D1,493,0,52,0,0
B10_D1,629,0,260,0,0
B10_D1,123,0,103,0,0
B10_D1,947,0,23,0,0
B4_D1,977,0,83,0,0
B6_D1,513,0,343,0,-1
B10_D1,605,0,210,0,0
B10_D1,370,0,510,0,0
B10_D1,961,0,91,0,0
B4_D1,781,0,252,0,0
B10_D1,196,0,407,0,0
B10_D1,837,0,336,0,0
B10_D1,662,0,470,0,0
B6_D1,57,0,347,0,0
B6_D1,457,0,382,0,0
B10_D1,498,0,250,0,0
B6_D1,534,0,384,0,0
B10_D1,843,0,376,0,0
B10_D1,96,0,169,0,0
B6_D1,588,0,3,0,0
B10_D1,885,0,352,0,0
B6_D1,683,0,183,0,0
G1_D1,34,0,67,0,0
B6_D1,46,0,100,0,0
G1_D1,455,0,224,0,0
G1_D1,539,0,280,0,0
B10_D1,722,0,432,0,0
B4_D1,735,0,66,0,0
B10_D1,126,0,53,0,0
G1_D1,317,0,57,0,0
B6_D1,743,0,82,0,0
B2_D1,1,0,1,0,0
B6_D1,418,0,43,0,0
B4_D1,587,0,378,0,0
G1_D1,342,0,383,0,0
B6_D1,259,0,196,0,0
B10_D1,588,0,120,0,0
B10_D1,179,0,51,0,0
G1_D1,189,0,259,0,0
B6_D1,858,0,38,0,0
B2_D1,871,0,29,0,0
B6_D1,311,0,511,0,0
B4_D1,736,0,319,0,0
B6_D1,306,0,496,0,0
B10_D1,838,0,208,0,0
B2_D1,940,0,61,0,0
G1_D1,840,0,0,0,0
B6_D1,585,0,344,0,0
G1_D1,34,0,267,0,0
B6_D1,290,0,244,0,0
G1_D1,994,0,4,0,0
B6_D1,585,0,323,0,0
G1_D1,187,0,172,0,0
B10_D1,341,0,45,0,0
B8_D1,272,0,327,0,0
B4_D1,197,0,195,0,0
B10_D1,584,0,111,0,0
B4_D1,246,0,37,0,0
G1_D1,544,0,469,0,0
G1_D1,814,0,213,0,0
B6_D1,464,0,14,0,0
B6_D1,756,0,302,0,0
G1_D1,984,0,134,0,0
G1_D1,941,0,273,0,0
G1_D1,15,0,336,0,0
B10_D1,114,0,13,0,0
G1_D1,729,0,281,0,0
G1_D1,286,0,56,0,0
B10_D1,115,0,66,0,0
B10_D1,166,0,191,0,0
B6_D1,769,0,494,0,0
B10_D1,523,0,163,0,0
B6_D1,38,0,129,0,0
B6_D1,727,0,270,0,0
B10_D1,866,0,24,0,0
B10_D1,920,0,248,0,0
B10_D1,346,0,3,0,0
B10_D1,118,0,460,0,0
B10_D1,824,0,93,0,0
B10_D1,441,0,109,0,0
G1_D1,822,0,42,0,0
B6_D1,471,0,1,0,0
B6_D1,88,0,180,0,0
B8_D1,1022,0,441,0,0
B6_D1,751,0,319,0,0
G1_D1,105,0,364,0,0
B2_D1,539,0,364,0,0
B6_D1,831,0,396,0,0
B10_D1,12,0,299,0,0
B6_D1,617,0,412,0,0
G1_D1,749,0,20,0,0
G1_D1,349,0,102,0,0
G1_D1,347,0,99,0,0
B10_D1,867,0,399,0,0
G1_D1,728,0,81,0,0
B6_D1,310,0,5,0,0
B6_D1,271,0,478,0,0
B10_D1,784,0,256,0,0
B10_D1,576,0,208,0,0
B6_D1,868,0,23,0,0
B6_D1,23,0,131,0,0
B6_D1,890,0,505,0,0
G1_D1,654,0,19,0,0
G1_D1,119,0,14,0,0
B10_D1,306,0,0,0,0
G1_D1,709,0,275,0,0
G1_D1,892,0,255,0,0
B10_D1,255,0,68,0,0
B2_D1,809,0,467,0,-1
B6_D1,534,0,494,0,0
G1_D1,27,0,257,0,0
B10_D1,903,0,52,0,0
B10_D1,621,0,478,0,0
B6_D1,32,0,159,0,0
B6_D1,764,0,494,0,0
B6_D1,781,0,385,0,0
B6_D1,592,0,12,0,0
B6_D1,450,0,381,0,0
G1_D1,639,0,4,0,0
B10_D1,605,0,412,0,0
G1_D1,1020,0,66,0,0
B10_D1,398,0,121,0,0
B6_D1,952,0,497,0,0
G1_D1,976,0,33,0,0
B6_D1,1010,0,15,0,0
B2_D1,818,0,37,0,0
B6_D1,923,0,8,0,0
B2_D1,144,0,86,0,0
B6_D1,720,0,434,0,0
B6_D1,315,0,510,0,0
B10_D1,409,0,8,0,0
B4_D1,18,0,16,0,0
B10_D1,31,0,215,0,0
B6_D1,519,0,489,0,0
B2_D1,403,0,485,0,0
B10_D1,541,0,1,0,0
G1_D1,91,0,423,0,0
B10_D1,67,0,283,0,0
G1_D1,556,0,68,0,0
B6_D1,866,0,31,0,0
B10_D1,1023,0,197,0,0
B6_D1,784,0,494,0,0
G1_D1,902,0,274,0,0
B10_D1,207,0,183,0,0
B10_D1,125,0,457,0,0
B6_D1,625,0,5,0,0
B10_D1,404,0,19,0,0
G1_D1,33,0,494,0,0
B2_D1,963,0,58,0,0
B4_D1,756,0,129,0,0
B10_D1,328,0,189,0,0
B10_D1,414,0,256,0,0
B10_D1,111,0,275,0,0
B8_D1,664,0,306,0,0
G1_D1,925,0,251,0,0
B6_D1,915,0,469,0,0
G1_D1,751,0,292,0,0
B6_D1,35,0,476,0,0
B2_D1,620,0,289,0,0
B6_D1,16,0,501,0,0
B2_D1,738,0,4,0,0
B6_D1,548,0,172,0,0
B2_D1,605,0,46,0,0
B6_D1,113,0,13,0,0
B10_D1,324,0,19,0,0
B10_D1,83,0,204,0,0
B4_D1,1020,0,125,0,0
B10_D1,658,0,170,0,0
B10_D1,944,0,21,0,0
B10_D1,711,0,437,0,0
B6_D1,542,0,436,0,-1
B4_D1,536,0,113,0,0
G1_D1,740,0,469,0,0
B2_D1,962,0,139,0,0
B6_D1,638,0,282,0,0
B10_D1,968,0,72,0,0
B10_D1,648,0,301,0,0
B10_D1,368,0,214,0,0
G1_D1,749,0,2,0,0
B10_D1,307,0,176,0,0
G1_D1,877,0,18,0,0
B10_D1,407,0,236,0,0
B6_D1,424,0,174,0,0
B6_D1,805,0,35,0,0
G1_D1,674,0,132,0,0
G1_D1,242,0,18,0,0
B6_D1,178,0,58,0,0
B4_D1,851,0,16,0,0
G1_D1,54,0,387,0,0
B2_D1,874,0,259,0,0
B10_D1,729,0,248,0,0
B6_D1,574,0,162,0,0
B10_D1,9,0,241,0,0
B10_D1,680,0,62,0,0
B10_D1,375,0,113,0,0
B10_D1,491,0,230,0,0
G1_D1,931,0,40,0,0
B6_D1,151,0,41,0,0
B2_D1,167,0,468,0,0
B6_D1,905,0,287,0,0
B6_D1,950,0,258,0,0
G1_D1,332,0,397,0,0
B10_D1,380,0,198,0,0
B6_D1,3,0,288,0,0
B10_D1,201,0,453,0,0
B10_D1,388,0,174,0,0
B4_D1,431,0,376,0,0
B6_D1,642,0,311,0,0
G1_D1,699,0,129,0,0
B6_D1,195,0,103,0,0
B8_D1,166,0,116,0,0
G1_D1,274,0,188,0,0
G1_D1,629,0,16,0,0
B6_D1,923,0,316,0,0
G1_D1,763,0,243,0,0
B10_D1,800,0,441,0,0
B10_D1,877,0,231,0,0
B10_D1,431,0,251,0,0
B10_D1,44,0,165,0,0
B6_D1,470,0,40,0,0
B6_D1,682,0,156,0,0
B4_D1,442,0,373,0,0
B2_D1,668,0,287,0,0
B10_D1,88,0,274,0,0
B4_D1,323,0,168,0,0
B6_D1,317,0,386,0,0
B8_D1,748,0,312,0,0
G1_D1,38,0,327,0,0
B6_D1,1010,0,419,0,0
B4_D1,645,0,182,0,0
B6_D1,633,0,58,0,0
B6_D1,994,0,24,0,0
B6_D1,654,0,164,0,0
B6_D1,745,0,275,0,0
B6_D1,786,0,48,0,0
B2_D1,474,0,108,0,0
G1_D1,602,0,35,0,0
G1_D1,916,0,53,0,0
G1_D1,988,0,208,0,0
B6_D1,387,0,410,0,0
G1_D1,995,0,179,0,0
G1_D1,992,0,56,0,0
B10_D1,401,0,164,0,0
B6_D1,590,0,5,0,0
G1_D1,144,0,7,0,0
B8_D1,105,0,271,0,0
B2_D1,377,0,500,0,0
G1_D1,210,0,504,0,0
B6_D1,938,0,165,0,-1
B10_D1,401,0,197,0,0
B6_D1,876,0,41,0,0
B4_D1,656,0,90,0,0
B10_D1,860,0,199,0,0
B4_D1,965,0,208,0,0
B10_D1,878,0,341,0,0
B6_D1,158,0,349,0,0
B6_D1,54,0,14,0,0
G1_D1,551,0,117,0,0
B6_D1,500,0,505,0,0
G1_D1,775,0,0,0,0
B4_D1,8,0,182,0,0
G1_D1,804,0,338,0,0
B4_D1,121,0,399,0,0
B10_D1,522,0,138,0,0
G1_D1,781,0,112,0,0
B10_D1,586,0,326,0,0
B6_D1,826,0,491,0,0
B2_D1,506,0,107,0,0
B10_D1,795,0,446,0,0
B6_D1,156,0,408,0,0
B8_D1,91,0,130,0,0
G1_D1,876,0,293,0,0
B6_D1,121,0,316,0,0
B10_D1,776,0,64,0,0
G1_D1,258,0,46,0,0
G1_D1,104,0,282,0,0
G1_D1,883,0,204,0,0
G1_D1,334,0,432,0,0
G1_D1,771,0,77,0,0
B4_D1,480,0,94,0,0
B10_D1,367,0,36,0,0
B10_D1,325,0,181,0,0
B6_D1,325,0,0,0,0
B10_D1,470,0,60,0,0
G1_D1,912,0,250,0,0
G1_D1,926,0,235,0,0
B6_D1,138,0,28,0,0
B2_D1,273,0,36,0,0
B6_D1,907,0,22,0,0
G1_D1,9,0,314,0,0
B6_D1,824,0,306,0,0
B6_D1,287,0,432,0,0
B8_D1,666,0,248,0,0
G1_D1,244,0,13,0,0
B10_D1,214,0,291,0,0
B10_D1,292,0,6,0,0
G1_D1,406,0,19,0,0
G1_D1,898,0,265,0,0
B6_D1,357,0,412,0,0
G1_D1,205,0,180,0,0
B10_D1,368,0,65,0,0
B6_D1,100,0,395,0,0
B6_D1,915,0,40,0,0
G1_D1,435,0,20,0,0
B10_D1,540,0,272,0,0
B4_D1,1022,0,193,0,0
B6_D1,721,0,184,0,0
G1_D1,109,0,9,0,0
G1_D1,709,0,279,0,0
B6_D1,454,0,407,0,0
B6_D1,281,0,501,0,0
G1_D1,67,0,96,0,0
B10_D1,809,0,375,0,0
B6_D1,549,0,494,0,0
G1_D1,80,0,93,0,0
G1_D1,791,0,306,0,0
B6_D1,63,0,394,0,0
B10_D1,430,0,460,0,0
B10_D1,124,0,109,0,0
B10_D1,181,0,155,0,0
G1_D1,136,0,183,0,0
B6_D1,57,0,487,0,0
B10_D1,538,0,281,0,0
B2_D1,912,0,19,0,0
G1_D1,55,0,500,0,0
G1_D1,765,0,58,0,0
B10_D1,30,0,394,0,0
B10_D1,678,0,66,0,0
B6_D1,325,0,238,0,0
B6_D1,415,0,100,0,0
G1_D1,393,0,274,0,0
G1_D1,303,0,34,0,0
G1_D1,201,0,505,0,0
B6_D1,213,0,488,0,0
B2_D1,2,0,20,0,0
G1_D1,64,0,144,0,0
G1_D1,577,0,36,0,0
G1_D1,247,0,72,0,0
B6_D1,980,0,10,0,0
B6_D1,165,0,45,0,0
B6_D1,528,0,387,0,0
B6_D1,94,0,284,0,0
B10_D1,212,0,12,0,0
B10_D1,761,0,457,0,0
B2_D1,1023,0,303,0,0
B10_D1,218,0,66,0,0
B2_D1,234,0,201,0,0
B6_D1,565,0,179,0,0
B10_D1,769,0,99,0,0
B4_D1,96,0,1,0,0
G1_D1,399,0,8,0,0
B2_D1,941,0,83,0,0
B10_D1,541,0,313,0,0
G1_D1,255,0,280,0,0
G1_D1,508,0,145,0,0
B6_D1,579,0,363,0,-1
B6_D1,394,0,509,0,0
B10_D1,26,0,146,0,0
G1_D1,229,0,16,0,0
B6_D1,475,0,346,0,0
G1_D1,825,0,312,0,0
B2_D1,811,0,510,0,0
B10_D1,402,0,503,0,0
B2_D1,210,0,152,0,0
B6_D1,429,0,452,0,0
B10_D1,894,0,68,0,0
G1_D1,8,0,363,0,0
B10_D1,8,0,99,0,0
B10_D1,54,0,294,0,0
B2_D1,676,0,462,0,0
B10_D1,597,0,482,0,0
B10_D1,219,0,240,0,0
G1_D1,150,0,51,0,0
B6_D1,324,0,29,0,0
G1_D1,757,0,271,0,0
G1_D1,224,0,13,0,0
B6_D1,992,0,81,0,0
B10_D1,812,0,175,0,0
B6_D1,2,0,135,0,0
B10_D1,283,0,105,0,0
B6_D1,207,0,12,0,0
B6_D1,619,0,34,0,0
B4_D1,245,0,280,0,0
B10_D1,402,0,486,0,0
B10_D1,23,0,99,0,0
B10_D1,4,0,126,0,0
B10_D1,72,0,72,0,0
B10_D1,516,0,98,0,0
G1_D1,794,0,10,0,0
G1_D1,541,0,106,0,0
G1_D1,164,0,73,0,0
B6_D1,191,0,107,0,0
B10_D1,889,0,70,0,0
B6_D1,872,0,487,0,0
B10_D1,55,0,124,0,0
G1_D1,1021,0,450,0,0
B6_D1,214,0,471,0,0
B4_D1,560,0,80,0,0
B10_D1,776,0,269,0,0
B10_D1,139,0,168,0,0
B10_D1,590,0,145,0,0
G1_D1,22,0,226,0,0
B6_D1,468,0,55,0,0
B2_D1,968,0,0,0,0
B6_D1,196,0,363,0,0
G1_D1,727,0,18,0,0
B10_D1,358,0,184,0,0
G1_D1,194,0,6,0,0
G1_D1,439,0,75,0,0
B4_D1,113,0,409,0,0
B10_D1,616,0,106,0,0
B2_D1,156,0,511,0,0
B6_D1,617,0,22,0,0
B10_D1,462,0,136,0,0
G1_D1,477,0,18,0,0
G1_D1,168,0,75,0,0
G1_D1,317,0,183,0,0
G1_D1,44,0,175,0,0
B6_D1,343,0,110,0,0
B6_D1,799,0,355,0,0
B6_D1,453,0,23,0,0
B10_D1,27,0,237,0,0
B6_D1,839,0,394,0,0
B6_D1,828,0,265,0,0
B4_D1,909,0,97,0,0
B6_D1,77,0,402,0,0
B10_D1,1,0,246,0,0
B10_D1,282,0,32,0,0
B6_D1,467,0,47,0,0
B10_D1,462,0,201,0,0
B6_D1,188,0,383,0,0
B10_D1,35,0,165,0,0
G1_D1,1020,0,303,0,0
B6_D1,896,0,161,0,0
B6_D1,478,0,285,0,0
G1_D1,713,0,101,0,0
B6_D1,566,0,439,0,-1
B6_D1,780,0,495,0,0
B6_D1,666,0,440,0,0
B6_D1,302,0,482,0,0
B6_D1,705,0,371,0,0
B6_D1,941,0,41,0,0
B10_D1,283,0,457,0,3
B6_D1,77,0,298,0,0
B6_D1,909,0,318,0,0
B6_D1,446,0,486,0,0
G1_D1,906,0,248,0,0
B6_D1,180,0,40,0,0
G1_D1,1020,0,311,0,0
B6_D1,78,0,388,0,0
B6_D1,299,0,345,0,0
B6_D1,982,0,119,0,0
G1_D1,847,0,257,0,0
B6_D1,286,0,501,0,0
G1_D1,937,0,49,0,0
B10_D1,941,0,367,0,0
G1_D1,995,0,66,0,0
B6_D1,731,0,491,0,0
B6_D1,772,0,32,0,0
B10_D1,159,0,281,0,0
B6_D1,566,0,285,0,0
G1_D1,376,0,229,0,0
B6_D1,944,0,229,0,0
B10_D1,3,0,32,0,0
B6_D1,269,0,29,0,0
B4_D1,121,0,43,0,0
B6_D1,629,0,4,0,0
B6_D1,949,0,29,0,0
B10_D1,1023,0,200,0,0
B6_D1,443,0,439,0,0
B10_D1,401,0,1,0,0
B4_D1,53,0,34,0,0
B6_D1,795,0,490,0,0
B6_D1,143,0,314,0,0
B10_D1,25,0,134,0,0
B6_D1,716,0,21,0,0
B6_D1,712,0,440,0,0
B6_D1,402,0,275,0,0
B10_D1,851,0,485,0,0
B6_D1,610,0,25,0,0
B6_D1,188,0,285,0,0
B10_D1,370,0,109,0,0
B2_D1,199,0,133,0,0
B6_D1,759,0,162,0,0
B2_D1,389,0,289,0,0
B6_D1,508,0,8,0,0
G1_D1,432,0,264,0,0
B10_D1,410,0,412,0,0
B6_D1,74,0,34,0,0
B6_D1,65,0,305,0,0
B10_D1,650,0,7,0,0
B6_D1,237,0,362,0,0
B6_D1,984,0,58,0,0
B10_D1,308,0,51,0,0
B8_D1,871,0,303,0,0
B6_D1,57,0,502,0,0
G1_D1,67,0,18,0,0
G1_D1,998,0,82,0,0
B10_D1,484,0,127,0,0
G1_D1,304,0,414,0,0
B6_D1,614,0,285,0,0
B6_D1,61,0,68,0,0
B10_D1,198,0,17,0,0
B10_D1,376,0,313,0,4
B10_D1,653,0,110,0,0
B6_D1,564,0,4,0,0
B2_D1,711,0,88,0,0
G1_D1,613,0,168,0,0
B6_D1,36,0,134,0,0
B6_D1,498,0,49,0,0
B10_D1,739,0,25,0,0
B6_D1,27,0,266,0,0
B6_D1,908,0,503,0,0
B2_D1,837,0,45,0,0
G1_D1,909,0,16,0,0
B6_D1,332,0,27,0,0
B6_D1,544,0,354,0,0
B6_D1,708,0,381,0,0
B4_D1,908,0,137,0,0
B10_D1,504,0,147,0,0
B6_D1,781,0,304,0,0
G1_D1,395,0,0,0,0
B6_D1,333,0,209,0,0
B10_D1,528,0,141,0,0
B6_D1,981,0,433,0,0
G1_D1,476,0,66,0,0
B10_D1,571,0,268,0,0
B10_D1,417,0,119,0,0
B6_D1,10,0,167,0,0
B10_D1,15,0,281,0,0
B10_D1,188,0,4,0,0
B2_D1,678,0,14,0,0
B6_D1,819,0,261,0,0
B6_D1,784,0,58,0,0
B6_D1,263,0,13,0,0
B6_D1,362,0,412,0,0
G1_D1,950,0,29,0,0
B10_D1,304,0,270,0,0
G1_D1,11,0,34,0,0
G1_D1,1001,0,20,0,0
G1_D1,913,0,309,0,0
B8_D1,1023,0,481,0,0
G1_D1,241,0,135,0,0
B4_D1,675,0,50,0,0
B4_D1,279,0,309,0,0
B6_D1,309,0,324,0,0
B6_D1,151,0,478,0,0
B10_D1,960,0,153,0,0
G1_D1,974,0,239,0,0
B6_D1,316,0,241,0,0
B6_D1,422,0,382,0,0
B6_D1,25,0,185,0,0
B6_D1,143,0,498,0,0
B10_D1,448,0,507,0,0
B2_D1,704,0,85,0,0
B6_D1,611,0,222,0,0
B6_D1,869,0,362,0,0
B10_D1,137,0,451,0,0
G1_D1,815,0,424,0,0
B10_D1,834,0,136,0,0
B6_D1,126,0,426,0,0
B4_D1,528,0,421,0,0
B6_D1,208,0,357,0,0
B10_D1,52,0,29,0,0
B6_D1,85,0,490,0,0
B10_D1,394,0,89,0,0
B10_D1,611,0,106,0,0
G1_D1,930,0,78,0,0
B4_D1,128,0,173,0,0
B10_D1,536,0,160,0,0
B10_D1,640,0,117,0,0
G1_D1,165,0,511,0,0
B10_D1,571,0,102,0,0
B10_D1,665,0,271,0,0
B6_D1,402,0,462,0,0
G1_D1,873,0,438,0,0
B6_D1,7,0,142,0,0
B4_D1,947,0,208,0,0
B6_D1,1021,0,1,0,0
B6_D1,260,0,15,0,0
B10_D1,15,0,254,0,0
G1_D1,949,0,220,0,0
B6_D1,150,0,173,0,0
B8_D1,319,0,311,0,0
B6_D1,363,0,224,0,0
G1_D1,48,0,168,0,0
B6_D1,502,0,17,0,0
B10_D1,314,0,96,0,0
G1_D1,921,0,21,0,0
B2_D1,386,0,159,0,0
B6_D1,672,0,369,0,0
B8_D1,8,0,216,0,0
B10_D1,486,0,159,0,0
B6_D1,473,0,38,0,0
G1_D1,659,0,7,0,0
B6_D1,226,0,239,0,0
B10_D1,51,0,270,0,0
B6_D1,606,0,31,0,0
B2_D1,461,0,370,0,0
B10_D1,94,0,171,0,0
B2_D1,84,0,71,0,0
B6_D1,511,0,16,0,0
G1_D1,79,0,501,0,0
B6_D1,331,0,292,0,0
G1_D1,1016,0,474,0,0
B10_D1,121,0,225,0,0
B6_D1,353,0,498,0,0
B6_D1,941,0,50,0,0
G1_D1,60,0,204,0,0
B6_D1,806,0,6,0,0
G1_D1,640,0,0,0,0
B6_D1,636,0,54,0,0
B8_D1,81,0,115,0,0
B10_D1,381,0,511,0,0
B10_D1,745,0,161,0,0
B2_D1,140,0,75,0,0
B6_D1,745,0,427,0,0
B10_D1,555,0,156,0,0
B6_D1,306,0,77,0,0
B6_D1,679,0,489,0,0
B6_D1,580,0,326,0,0
B6_D1,837,0,37,0,0
B6_D1,515,0,25,0,0
G1_D1,11,0,319,0,0
B6_D1,622,0,487,0,0
B10_D1,845,0,439,0,0
G1_D1,228,0,153,0,0
B2_D1,456,0,169,0,0
B6_D1,819,0,80,0,0
G1_D1,709,0,8,0,0
G1_D1,590,0,223,0,0
G1_D1,857,0,115,0,0
B6_D1,757,0,208,0,0
B10_D1,690,0,110,0,0
B6_D1,518,0,508,0,0
G1_D1,669,0,200,0,0
B6_D1,811,0,446,0,0
B6_D1,133,0,279,0,0
B10_D1,99,0,124,0,0
B6_D1,652,0,448,0,0
B6_D1,977,0,215,0,0
B6_D1,21,0,404,0,0
B8_D1,261,0,329,0,0
B6_D1,37,0,137,0,0
B6_D1,657,0,342,0,0
B6_D1,255,0,269,0,0
B10_D1,32,0,252,0,0
B6_D1,624,0,329,0,-1
B10_D1,781,0,428,0,0
G1_D1,54,0,120,0,0
G1_D1,708,0,270,0,0
B4_D1,126,0,174,0,0
B4_D1,0,0,285,0,0
B4_D1,203,0,28,0,0
B2_D1,163,0,55,0,0
B6_D1,324,0,499,0,0
B4_D1,549,0,201,0,0
B6_D1,880,0,165,0,0
B8_D1,692,0,231,0,0
B4_D1,106,0,63,0,0
B10_D1,514,0,413,0,0
B10_D1,896,0,11,0,0
G1_D1,669,0,55,0,0
G1_D1,161,0,336,0,0
B8_D1,189,0,108,0,0
B10_D1,11,0,206,0,0
B6_D1,823,0,99,0,0
B2_D1,373,0,131,0,0
B2_D1,143,0,416,0,0
B6_D1,479,0,24,0,0
B10_D1,105,0,33,0,0
B2_D1,704,0,180,0,0
B6_D1,198,0,383,0,0
B10_D1,972,0,50,0,0
B10_D1,357,0,265,0,0
B10_D1,467,0,233,0,0
B2_D1,439,0,127,0,0
B6_D1,798,0,459,0,0
B6_D1,664,0,330,0,-1
B10_D1,666,0,384,0,0
B10_D1,930,0,454,0,0
B10_D1,431,0,119,0,0
B6_D1,189,0,121,0,0
B6_D1,906,0,421,0,-1
B10_D1,953,0,52,0,0
B4_D1,320,0,295,0,0
B6_D1,129,0,114,0,0
B10_D1,28,0,279,0,0
B10_D1,986,0,70,0,0
B2_D1,461,0,31,0,0
G1_D1,900,0,245,0,0
G1_D1,319,0,114,0,0
B2_D1,702,0,35,0,0
B10_D1,828,0,316,0,0
B10_D1,609,0,40,0,0
B6_D1,727,0,78,0,0
B4_D1,785,0,39,0,0
B4_D1,22,0,307,0,0
B4_D1,767,0,40,0,0
B10_D1,435,0,284,0,0
B6_D1,150,0,270,0,0
B2_D1,738,0,82,0,0
G1_D1,997,0,186,0,0
G1_D1,455,0,20,0,0
B10_D1,202,0,137,0,0
G1_D1,724,0,26,0,0
B10_D1,687,0,266,0,0
B6_D1,109,0,95,0,0
B6_D1,834,0,358,0,0
G1_D1,362,0,475,0,0
B8_D1,626,0,302,0,0
G1_D1,1016,0,91,0,0
G1_D1,136,0,209,0,0
B10_D1,762,0,107,0,0
G1_D1,828,0,135,0,0
B4_D1,640,0,234,0,0
G1_D1,439,0,3,0,0
B6_D1,991,0,511,0,0
B10_D1,288,0,204,0,0
G1_D1,121,0,19,0,0
B10_D1,553,0,234,0,0
B6_D1,770,0,10,0,0
B10_D1,416,0,127,0,0
B6_D1,290,0,45,0,0
B10_D1,259,0,306,0,0
B6_D1,136,0,470,0,0
B10_D1,117,0,227,0,0
B10_D1,24,0,37,0,0
B10_D1,0,0,316,0,0
G1_D1,696,0,91,0,0
B10_D1,819,0,242,0,0
B10_D1,951,0,464,0,0
B6_D1,684,0,394,0,0
B10_D1,716,0,163,0,0
B6_D1,765,0,106,0,0
G1_D1,579,0,242,0,0
B6_D1,585,0,30,0,0
B10_D1,205,0,510,0,0
B10_D1,890,0,352,0,0
B10_D1,417,0,499,0,0
B6_D1,774,0,201,0,0
B10_D1,262,0,26,0,0
B6_D1,873,0,262,0,0
B10_D1,607,0,290,0,0
G1_D1,996,0,91,0,0
B6_D1,693,0,410,0,0
B4_D1,754,0,239,0,0
B6_D1,691,0,56,0,0
B2_D1,269,0,296,0,0
G1_D1,542,0,18,0,0
B2_D1,403,0,110,0,0
B10_D1,200,0,145,0,0
G1_D1,664,0,248,0,0
G1_D1,483,0,129,0,0
B10_D1,173,0,437,0,0
B10_D1,786,0,491,0,0
B4_D1,163,0,16,0,0
B10_D1,380,0,287,0,0
B10_D1,167,0,12,0,0
B6_D1,707,0,280,0,0
B10_D1,506,0,486,0,0
B6_D1,1017,0,37,0,0
G1_D1,971,0,87,0,0
B10_D1,539,0,413,0,0
B6_D1,892,0,207,0,0
B10_D1,368,0,507,0,0
B6_D1,77,0,479,0,0
B2_D1,743,0,494,0,0
B10_D1,524,0,99,0,0
B2_D1,808,0,74,0,0
G1_D1,263,0,142,0,0
B4_D1,202,0,272,0,0
B10_D1,266,0,9,0,0
B4_D1,496,0,284,0,0
B10_D1,55,0,26,0,0
B10_D1,334,0,274,0,0
G1_D1,226,0,402,0,0
B6_D1,520,0,45,0,0
G1_D1,733,0,33,0,0
B6_D1,838,0,151,0,0
G1_D1,601,0,15,0,0
G1_D1,575,0,0,0,0
B6_D1,147,0,49,0,0
G1_D1,1000,0,245,0,0
B10_D1,628,0,37,0,0
B10_D1,466,0,238,0,0
B10_D1,41,0,117,0,0
G1_D1,482,0,481,0,0
B6_D1,313,0,49,0,0
B10_D1,317,0,40,0,0
B6_D1,70,0,505,0,0
B4_D1,108,0,409,0,0
G1_D1,721,0,15,0,0
B6_D1,583,0,315,0,0
B4_D1,627,0,183,0,0
B4_D1,112,0,303,0,0
B10_D1,891,0,3,0,0
B6_D1,706,0,190,0,0
B6_D1,778,0,18,0,0
B6_D1,212,0,359,0,0
B4_D1,779,0,36,0,0
B6_D1,222,0,480,0,0
B10_D1,697,0,192,0,0
B10_D1,392,0,278,0,0
B10_D1,590,0,141,0,0
B6_D1,764,0,39,0,0
B2_D1,932,0,67,0,0
B4_D1,910,0,233,0,0
B6_D1,614,0,444,0,0
B6_D1,774,0,384,0,0
B6_D1,377,0,116,0,0
B10_D1,732,0,99,0,0
B6_D1,143,0,508,0,0
B10_D1,238,0,216,0,0
B4_D1,26,0,138,0,0
B10_D1,403,0,4,0,0
B10_D1,765,0,271,0,0
B6_D1,490,0,485,0,0
B10_D1,444,0,482,0,0
B6_D1,625,0,333,0,-1
G1_D1,1013,0,122,0,0
B6_D1,66,0,310,0,0
B4_D1,178,0,195,0,0
B6_D1,168,0,60,0,0
B6_D1,345,0,293,0,0
B8_D1,669,0,308,0,0
B10_D1,576,0,247,0,0
B10_D1,897,0,64,0,0
B6_D1,819,0,191,0,0
G1_D1,74,0,4,0,0
G1_D1,631,0,160,0,0
B4_D1,301,0,184,0,0
B6_D1,879,0,50,0,0
B10_D1,846,0,3,0,0
B6_D1,106,0,252,0,7
B6_D1,484,0,134,0,0
G1_D1,1018,0,49,0,0
G1_D1,265,0,75,0,0
B6_D1,910,0,141,0,0
B10_D1,517,0,205,0,0
B4_D1,505,0,239,0,0
B10_D1,260,0,313,0,0
B10_D1,402,0,338,0,0
B6_D1,601,0,11,0,0
B10_D1,145,0,252,0,0
B6_D1,836,0,51,0,0
B6_D1,142,0,216,0,0
B10_D1,96,0,285,0,0
B6_D1,209,0,34,0,0
B4_D1,26,0,38,0,0
B10_D1,277,0,258,0,0
B4_D1,680,0,57,0,0
B6_D1,409,0,276,0,0
G1_D1,218,0,48,0,0
B6_D1,548,0,479,0,0
B4_D1,115,0,286,0,0
B4_D1,502,0,431,0,5
B10_D1,554,0,475,0,0
B6_D1,436,0,277,0,0
B4_D1,193,0,55,0,0
B10_D1,378,0,312,0,4
B6_D1,201,0,239,0,0
B2_D1,821,0,364,0,0
B4_D1,227,0,173,0,0
G1_D1,105,0,305,0,0
B6_D1,628,0,43,0,0
B10_D1,412,0,157,0,0
B10_D1,184,0,58,0,0
B10_D1,279,0,133,0,0
B4_D1,645,0,113,0,0
B10_D1,831,0,3,0,0
B10_D1,562,0,80,0,0
B10_D1,397,0,194,0,0
B10_D1,648,0,380,0,0
B10_D1,40,0,405,0,0
B6_D1,513,0,133,0,0
G1_D1,153,0,260,0,0
B6_D1,656,0,450,0,0
B10_D1,201,0,244,0,0
G1_D1,238,0,289,0,0
B10_D1,595,0,188,0,0
B2_D1,764,0,467,0,0
B6_D1,843,0,71,0,0
G1_D1,651,0,420,0,0
B10_D1,79,0,23,0,0
B6_D1,790,0,119,0,0
B6_D1,147,0,331,0,0
B6_D1,159,0,342,0,0
B6_D1,133,0,483,0,0
B6_D1,70,0,421,0,0
B4_D1,530,0,86,0,0
B10_D1,608,0,205,0,0
G1_D1,764,0,7,0,0
B10_D1,395,0,154,0,0
B6_D1,835,0,64,0,0
B6_D1,238,0,241,0,0
G1_D1,700,0,269,0,0
B6_D1,604,0,170,0,0
B6_D1,904,0,484,0,0
B4_D1,927,0,95,0,0
B6_D1,607,0,37,0,0
G1_D1,650,0,0,0,0
G1_D1,162,0,70,0,0
B6_D1,378,0,18,0,0
G1_D1,152,0,252,0,0
G1_D1,444,0,4,0,0
B2_D1,209,0,136,0,0
B6_D1,695,0,66,0,0
B6_D1,235,0,171,0,0
B10_D1,580,0,156,0,0
B4_D1,498,0,224,0,0
B10_D1,375,0,191,0,0
B6_D1,460,0,477,0,0
G1_D1,878,0,270,0,0
B6_D1,559,0,34,0,0
B2_D1,436,0,168,0,0
B10_D1,1007,0,212,0,0
B10_D1,233,0,73,0,0
G1_D1,692,0,276,0,0
B6_D1,846,0,54,0,0
B10_D1,382,0,486,0,0
B6_D1,67,0,159,0,0
B4_D1,647,0,109,0,0
B6_D1,695,0,230,0,0
B10_D1,159,0,8,0,0
B6_D1,918,0,342,0,-1
B10_D1,18,0,195,0,0
B10_D1,616,0,85,0,0
B6_D1,479,0,67,0,0
B6_D1,572,0,320,0,0
B6_D1,749,0,60,0,0
G1_D1,287,0,410,0,0
G1_D1,304,0,197,0,0
B10_D1,510,0,221,0,0
B6_D1,195,0,104,0,0
B6_D1,85,0,462,0,0
G1_D1,264,0,69,0,0
B6_D1,596,0,225,0,0
B6_D1,141,0,511,0,0
B6_D1,338,0,93,0,0
B10_D1,7,0,93,0,0
B6_D1,166,0,114,0,0
B10_D1,11,0,234,0,0
B6_D1,370,0,154,0,0
G1_D1,654,0,29,0,0
G1_D1,989,0,150,0,0
B10_D1,210,0,7,0,0
G1_D1,354,0,7,0,0
B6_D1,307,0,211,0,0
B10_D1,476,0,506,0,0
G1_D1,151,0,268,0,0
B10_D1,511,0,9,0,0
G1_D1,914,0,8,0,0
B10_D1,106,0,168,0,0
B10_D1,571,0,15,0,0
G1_D1,1006,0,29,0,0
B6_D1,182,0,362,0,0
B6_D1,261,0,26,0,0
B6_D1,870,0,304,0,0
B6_D1,671,0,377,0,0
B2_D1,731,0,285,0,0
G1_D1,4,0,439,0,0
B6_D1,401,0,506,0,0
B6_D1,71,0,46,0,0
B6_D1,569,0,9,0,0
B6_D1,66,0,128,0,0
G1_D1,599,0,279,0,0
B10_D1,728,0,421,0,0
B10_D1,717,0,286,0,0
B2_D1,814,0,269,0,0
B6_D1,21,0,48,0,0
G1_D1,271,0,32,0,0
B2_D1,518,0,366,0,6
B6_D1,1005,0,303,0,0
B10_D1,837,0,58,0,0
G1_D1,33,0,44,0,0
B10_D1,600,0,276,0,0
B4_D1,788,0,220,0,0
B10_D1,617,0,240,0,0
B6_D1,471,0,459,0,0
G1_D1,202,0,67,0,0
B6_D1,394,0,219,0,0
B10_D1,263,0,66,0,0
B2_D1,173,0,193,0,0
B4_D1,261,0,258,0,0
B6_D1,114,0,78,0,0
G1_D1,258,0,179,0,0
B6_D1,650,0,361,0,0
B10_D1,285,0,324,0,0
B2_D1,539,0,105,0,0
B6_D1,286,0,332,0,0
B6_D1,371,0,491,0,0
G1_D1,145,0,223,0,0
B6_D1,522,0,482,0,0
B6_D1,931,0,26,0,0
B10_D1,970,0,43,0,0
B10_D1,285,0,263,0,0
B6_D1,66,0,267,0,0
B6_D1,49,0,406,0,0
B10_D1,724,0,256,0,0
B10_D1,711,0,0,0,0
B10_D1,27,0,276,0,0
B2_D1,856,0,110,0,0
B2_D1,674,0,464,0,0
B6_D1,355,0,329,0,0
B2_D1,807,0,280,0,0
B10_D1,3,0,247,0,0
B2_D1,714,0,85,0,0
G1_D1,900,0,60,0,0
B10_D1,317,0,2,0,0
B6_D1,655,0,389,0,0
B6_D1,58,0,175,0,0
G1_D1,26,0,147,0,0
B6_D1,727,0,429,0,0
B10_D1,8,0,22,0,0
B10_D1,113,0,413,0,0
B2_D1,635,0,289,0,0
G1_D1,833,0,135,0,0
B6_D1,715,0,192,0,0
B2_D1,71,0,511,0,0
B8_D1,106,0,197,0,0
B6_D1,261,0,1,0,0
B10_D1,462,0,218,0,0
G1_D1,1010,0,245,0,0
G1_D1,937,0,239,0,0
G1_D1,42,0,273,0,0
B6_D1,89,0,415,0,0
B10_D1,277,0,268,0,0
B8_D1,998,0,301,0,0
B6_D1,958,0,158,0,0
G1_D1,55,0,337,0,0
B6_D1,662,0,385,0,0
B6_D1,507,0,7,0,0
B10_D1,47,0,15,0,0
G1_D1,662,0,133,0,0
B6_D1,764,0,210,0,0
B10_D1,594,0,148,0,0
G1_D1,484,0,10,0,0
B10_D1,563,0,74,0,0
G1_D1,915,0,253,0,0
B2_D1,910,0,31,0,0
G1_D1,113,0,397,0,0
G1_D1,45,0,389,0,0
B6_D1,213,0,493,0,0
G1_D1,288,0,43,0,0
B6_D1,257,0,492,0,0
G1_D1,25,0,220,0,0
B6_D1,681,0,302,0,0
B6_D1,228,0,49,0,0
B6_D1,30,0,412,0,0
B10_D1,540,0,328,0,0
G1_D1,636,0,156,0,0
B6_D1,555,0,505,0,0
B6_D1,631,0,241,0,0
B10_D1,3,0,332,0,0
B6_D1,1023,0,305,0,0
B8_D1,512,0,206,0,0
G1_D1,261,0,15,0,0
B6_D1,550,0,10,0,0
B10_D1,298,0,191,0,0
G1_D1,330,0,424,0,0
B6_D1,296,0,334,0,0
B4_D1,175,0,6,0,0
G1_D1,613,0,169,0,0
B10_D1,629,0,494,0,0
B4_D1,787,0,261,0,0
B10_D1,485,0,337,0,0
B6_D1,628,0,60,0,0
G1_D1,340,0,22,0,0
B10_D1,590,0,108,0,0
B10_D1,503,0,86,0,0
B6_D1,759,0,263,0,0
B10_D1,795,0,247,0,0
B6_D1,685,0,442,0,0
G1_D1,160,0,337,0,0
G1_D1,372,0,276,0,0
B6_D1,757,0,7,0,0
B10_D1,277,0,51,0,0
G1_D1,158,0,317,0,0
G1_D1,725,0,0,0,0
B2_D1,819,0,11,0,0
B6_D1,65,0,187,0,0
B10_D1,39,0,70,0,0
B6_D1,324,0,377,0,0
G1_D1,35,0,41,0,0
B6_D1,392,0,37,0,0
B2_D1,833,0,22,0,0
G1_D1,927,0,18,0,0
B10_D1,325,0,190,0,0
B6_D1,719,0,384,0,0
B10_D1,615,0,157,0,0
B6_D1,610,0,347,0,0
B6_D1,127,0,17,0,0
B10_D1,646,0,297,0,0
B6_D1,858,0,178,0,0
B8_D1,62,0,328,0,0
B10_D1,506,0,206,0,0
B10_D1,603,0,321,0,0
G1_D1,540,0,467,0,0
B2_D1,791,0,282,0,0
B6_D1,729,0,273,0,0
G1_D1,946,0,279,0,0
B6_D1,690,0,20,0,0
B10_D1,697,0,235,0,0
B10_D1,35,0,139,0,0
B10_D1,816,0,28,0,0
B10_D1,775,0,235,0,0
B10_D1,593,0,171,0,0
B10_D1,390,0,409,0,0
G1_D1,1020,0,198,0,0
B10_D1,651,0,158,0,0
G1_D1,609,0,111,0,0
G1_D1,720,0,165,0,0
B2_D1,967,0,46,0,0
B10_D1,224,0,341,0,0
B4_D1,0,0,272,0,0
G1_D1,267,0,17,0,0
B10_D1,271,0,352,0,0
G1_D1,491,0,72,0,0
B2_D1,379,0,48,0,0
B6_D1,450,0,170,0,0
B10_D1,63,0,181,0,0
G1_D1,623,0,237,0,0
B4_D1,711,0,89,0,0
B6_D1,418,0,23,0,0
B6_D1,540,0,182,0,0
G1_D1,720,0,313,0,0
B6_D1,584,0,330,0,0
G1_D1,791,0,338,0,0
B6_D1,906,0,36,0,0
B6_D1,320,0,0,0,0
B6_D1,885,0,495,0,0
B10_D1,286,0,59,0,0
B6_D1,1009,0,34,0,0
B6_D1,61,0,16,0,0
G1_D1,307,0,190,0,0
B10_D1,465,0,231,0,0
B2_D1,563,0,102,0,0
G1_D1,234,0,38,0,0
B2_D1,990,0,56,0,0
B6_D1,755,0,103,0,0
B2_D1,425,0,486,0,0
B10_D1,489,0,502,0,0
G1_D1,189,0,120,0,0
B10_D1,267,0,184,0,0
G1_D1,855,0,237,0,0
B10_D1,122,0,197,0,0
G1_D1,997,0,408,0,0
B6_D1,823,0,33,0,0
B6_D1,868,0,242,0,0
B10_D1,479,0,302,0,0
B2_D1,653,0,111,0,0
B10_D1,206,0,136,0,0
B10_D1,520,0,93,0,0
G1_D1,980,0,94,0,0
B10_D1,547,0,309,0,0
G1_D1,894,0,12,0,0
B6_D1,156,0,86,0,0
B2_D1,959,0,142,0,0
B2_D1,821,0,42,0,0
B6_D1,822,0,453,0,0
G1_D1,556,0,27,0,0
B6_D1,1010,0,160,0,0
B6_D1,200,0,409,0,0
B10_D1,104,0,311,0,0
G1_D1,1016,0,237,0,0
B8_D1,128,0,81,0,0
B6_D1,623,0,430,0,0
B10_D1,998,0,277,0,0
G1_D1,1022,0,25,0,0
B6_D1,452,0,42,0,0
G1_D1,442,0,130,0,0
B4_D1,510,0,243,0,0
B6_D1,93,0,98,0,0
G1_D1,734,0,9,0,0
B10_D1,557,0,117,0,0
B10_D1,291,0,1,0,0
G1_D1,937,0,453,0,0
B4_D1,940,0,86,0,0
B4_D1,392,0,228,0,0
B6_D1,561,0,511,0,0
B6_D1,867,0,476,0,0
B6_D1,67,0,130,0,0
G1_D1,307,0,139,0,0
B6_D1,307,0,82,0,0
B10_D1,828,0,406,0,0
B6_D1,578,0,341,0,0
B6_D1,128,0,279,0,0
G1_D1,254,0,14,0,0
B6_D1,834,0,108,0,0
B10_D1,931,0,0,0,0
G1_D1,844,0,391,0,0
B6_D1,565,0,291,0,0
B4_D1,339,0,39,0,0
G1_D1,222,0,61,0,0
B10_D1,683,0,77,0,0
B10_D1,401,0,3,0,0
B10_D1,838,0,406,0,0
G1_D1,284,0,11,0,0
B6_D1,217,0,475,0,0
B10_D1,564,0,301,0,0
B10_D1,37,0,11,0,0
B4_D1,123,0,17,0,0
B10_D1,673,0,115,0,0
G1_D1,586,0,229,0,0
B10_D1,756,0,88,0,0
G1_D1,860,0,214,0,0
B6_D1,366,0,277,0,0
G1_D1,984,0,13,0,0
G1_D1,308,0,54,0,0
B6_D1,402,0,474,0,0
B6_D1,332,0,507,0,0
B6_D1,627,0,42,0,0
G1_D1,467,0,51,0,0
G1_D1,132,0,18,0,0
B2_D1,744,0,511,0,0
B6_D1,967,0,507,0,0
B10_D1,191,0,50,0,0
G1_D1,749,0,199,0,0
B10_D1,59,0,208,0,0
B6_D1,843,0,272,0,0
B10_D1,874,0,214,0,0
B10_D1,44,0,48,0,0
B10_D1,446,0,232,0,0
B10_D1,852,0,348,0,0
B6_D1,952,0,37,0,0
G1_D1,425,0,266,0,0
B4_D1,694,0,190,0,0
B10_D1,850,0,205,0,0
G1_D1,465,0,75,0,0
G1_D1,881,0,251,0,0
B4_D1,523,0,216,0,0
B10_D1,529,0,99,0,0
B6_D1,461,0,392,0,0
B10_D1,381,0,239,0,0
G1_D1,1002,0,32,0,0
B10_D1,794,0,409,0,0
B6_D1,93,0,90,0,0
G1_D1,498,0,484,0,0
B8_D1,207,0,107,0,0
B10_D1,87,0,6,0,0
B10_D1,767,0,105,0,0
B4_D1,199,0,144,0,0
B10_D1,269,0,65,0,0
B6_D1,661,0,496,0,0
B6_D1,451,0,389,0,0
G1_D1,996,0,33,0,0
B6_D1,229,0,484,0,0
B10_D1,958,0,45,0,0
B10_D1,125,0,200,0,0
B6_D1,920,0,30,0,0
G1_D1,602,0,18,0,0
B6_D1,698,0,18,0,0
B2_D1,329,0,388,0,0
B10_D1,521,0,124,0,0
B6_D1,227,0,192,0,0
G1_D1,404,0,10,0,0
B6_D1,710,0,158,0,0
B6_D1,831,0,6,0,0
G1_D1,52,0,329,0,0
B6_D1,395,0,15,0,0
B6_D1,557,0,171,0,0
B6_D1,318,0,202,0,0
G1_D1,20,0,345,0,0
B10_D1,483,0,281,0,0
B10_D1,287,0,176,0,0
B6_D1,793,0,295,0,0
B10_D1,575,0,121,0,0
B6_D1,401,0,334,0,0
B6_D1,279,0,14,0,0
B4_D1,5,0,181,0,0
B4_D1,178,0,26,0,0
B6_D1,963,0,403,0,0
G1_D1,760,0,313,0,0
B6_D1,775,0,81,0,0
B10_D1,156,0,113,0,0
B10_D1,570,0,121,0,0
B10_D1,212,0,128,0,0
B10_D1,140,0,300,0,0
B10_D1,562,0,84,0,0
B10_D1,430,0,413,0,0
B10_D1,623,0,370,0,0
G1_D1,540,0,151,0,0
B6_D1,605,0,420,0,0
B6_D1,726,0,346,0,0
B10_D1,14,0,153,0,0
B10_D1,429,0,358,0,0
G1_D1,990,0,59,0,0
B6_D1,832,0,307,0,0
B10_D1,793,0,421,0,0
G1_D1,1014,0,490,0,0
B10_D1,763,0,75,0,0
B6_D1,560,0,25,0,0
B2_D1,750,0,79,0,0
G1_D1,395,0,22,0,0
G1_D1,652,0,237,0,0
B6_D1,7,0,279,0,0
B10_D1,185,0,238,0,0
G1_D1,30,0,48,0,0
B6_D1,766,0,31,0,0
G1_D1,43,0,235,0,0
B6_D1,426,0,31,0,0
G1_D1,779,0,13,0,0
B10_D1,284,0,54,0,0
B10_D1,761,0,201,0,0
G1_D1,967,0,381,0,-1
B2_D1,658,0,90,0,0
B2_D1,986,0,510,0,0
B6_D1,575,0,182,0,0
B2_D1,709,0,2,0,0
B10_D1,45,0,206,0,0
B10_D1,639,0,202,0,0
G1_D1,306,0,93,0,0
G1_D1,99,0,502,0,0
B6_D1,6,0,346,0,0
B6_D1,175,0,324,0,-1
B6_D1,995,0,304,0,0
G1_D1,746,0,229,0,0
B4_D1,591,0,149,0,0
B10_D1,308,0,4,0,0
B4_D1,954,0,110,0,0
G1_D1,595,0,215,0,0
B10_D1,12,0,260,0,0
B10_D1,721,0,445,0,0
B6_D1,765,0,271,0,0
G1_D1,178,0,64,0,0
B2_D1,430,0,286,0,0
B10_D1,64,0,147,0,0
B6_D1,46,0,259,0,0
B6_D1,587,0,497,0,0
B10_D1,441,0,206,0,0
B10_D1,447,0,156,0,0
B6_D1,6,0,103,0,0
B6_D1,25,0,485,0,0
B6_D1,18,0,23,0,0
G1_D1,244,0,8,0,0
B6_D1,904,0,489,0,0
B6_D1,837,0,328,0,0
G1_D1,2,0,453,0,0
B2_D1,710,0,141,0,0
B10_D1,156,0,439,0,0
B10_D1,978,0,84,0,0
B10_D1,209,0,327,0,0
B6_D1,271,0,46,0,0
G1_D1,323,0,95,0,0
B2_D1,826,0,366,0,0
B10_D1,253,0,408,0,-1
B6_D1,19,0,39,0,0
B4_D1,874,0,31,0,0
B6_D1,967,0,422,0,0
B6_D1,990,0,485,0,0
B8_D1,620,0,303,0,0
B6_D1,316,0,230,0,0
B10_D1,5,0,7,0,0
B2_D1,967,0,79,0,0
B4_D1,280,0,192,0,0
B6_D1,518,0,493,0,0
B10_D1,795,0,168,0,0
B6_D1,885,0,130,0,0
B10_D1,292,0,82,0,0
B10_D1,683,0,22,0,0
B10_D1,1004,0,247,0,0
G1_D1,128,0,117,0,0
B6_D1,711,0,48,0,0
B4_D1,905,0,75,0,0
B10_D1,355,0,99,0,0
B8_D1,633,0,305,0,0
B6_D1,152,0,51,0,0
B6_D1,364,0,210,0,0
B6_D1,401,0,273,0,0
B10_D1,852,0,40,0,0
B6_D1,4,0,110,0,0
B4_D1,304,0,186,0,0
B6_D1,804,0,295,0,0
B10_D1,583,0,311,0,0
B6_D1,166,0,149,0,0
B6_D1,593,0,327,0,0
B6_D1,624,0,180,0,0
B10_D1,90,0,197,0,0
B10_D1,433,0,197,0,0
B2_D1,745,0,82,0,0
B10_D1,266,0,209,0,0
B4_D1,111,0,79,0,0
B10_D1,731,0,420,0,0
B10_D1,619,0,179,0,0
G1_D1,167,0,156,0,0
B4_D1,85,0,313,0,0
G1_D1,304,0,2,0,0
B4_D1,245,0,30,0,0
B6_D1,889,0,313,0,0
B10_D1,131,0,113,0,0
B10_D1,271,0,301,0,0
B6_D1,872,0,305,0,0
G1_D1,410,0,206,0,0
G1_D1,318,0,180,0,0
B10_D1,68,0,315,0,0
B10_D1,617,0,481,0,0
B6_D1,643,0,480,0,0
B6_D1,624,0,351,0,0
B6_D1,438,0,480,0,0
B10_D1,321,0,33,0,0
B10_D1,625,0,180,0,0
B2_D1,238,0,486,0,0
B6_D1,509,0,164,0,0
B6_D1,357,0,17,0,0
G1_D1,834,0,422,0,0
B2_D1,121,0,511,0,0
B10_D1,757,0,101,0,0
B10_D1,592,0,256,0,0
B6_D1,146,0,123,0,0
B10_D1,255,0,146,0,0
B10_D1,936,0,334,0,0
B6_D1,1010,0,418,0,0
B6_D1,540,0,347,0,0
B6_D1,270,0,130,0,0
B6_D1,781,0,110,0,0
B6_D1,321,0,219,0,0
B2_D1,363,0,386,0,0
B6_D1,597,0,265,0,0
B6_D1,423,0,248,0,0
B10_D1,462,0,28,0,0
B6_D1,112,0,192,0,0
B6_D1,103,0,358,0,0
G1_D1,19,0,99,0,0
B6_D1,685,0,25,0,0
B6_D1,695,0,286,0,0
G1_D1,541,0,77,0,0
B6_D1,960,0,40,0,0
G1_D1,95,0,359,0,0
G1_D1,646,0,241,0,0
B2_D1,595,0,160,0,0
G1_D1,73,0,285,0,0
B6_D1,951,0,459,0,0
B10_D1,631,0,478,0,0
B6_D1,943,0,28,0,0
B6_D1,806,0,1,0,0
B10_D1,717,0,39,0,0
G1_D1,102,0,96,0,0
B2_D1,958,0,45,0,0
B6_D1,287,0,430,0,0
B10_D1,496,0,235,0,0
G1_D1,989,0,13,0,0
B6_D1,411,0,16,0,0
B6_D1,36,0,6,0,0
B6_D1,781,0,11,0,0
B10_D1,653,0,417,0,0
B10_D1,256,0,242,0,0
B10_D1,102,0,127,0,0
B6_D1,790,0,20,0,0
B10_D1,550,0,483,0,0
B4_D1,670,0,64,0,0
B10_D1,1019,0,157,0,0
B10_D1,418,0,163,0,0
B6_D1,646,0,16,0,0
G1_D1,666,0,189,0,0
G1_D1,1017,0,28,0,0
G1_D1,14,0,174,0,0
B6_D1,393,0,157,0,0
G1_D1,821,0,95,0,0
G1_D1,261,0,254,0,0
B6_D1,997,0,287,0,0
G1_D1,42,0,29,0,0
B6_D1,922,0,60,0,0
B10_D1,181,0,70,0,0
G1_D1,30,0,479,0,0
B6_D1,165,0,133,0,0
B6_D1,125,0,280,0,0
B6_D1,976,0,308,0,0
B10_D1,484,0,302,0,0
B4_D1,660,0,277,0,0
B6_D1,18,0,314,0,0
B6_D1,975,0,15,0,0
B6_D1,519,0,154,0,0
B6_D1,684,0,44,0,0
B4_D1,220,0,207,0,0
B10_D1,66,0,313,0,0
B10_D1,424,0,51,0,0
B6_D1,743,0,148,0,-1
G1_D1,999,0,227,0,0
B6_D1,346,0,334,0,0
B4_D1,958,0,127,0,0
B10_D1,308,0,65,0,0
G1_D1,164,0,6,0,0
B2_D1,183,0,94,0,0
B10_D1,737,0,41,0,0
B6_D1,515,0,40,0,0
B6_D1,883,0,364,0,0
G1_D1,754,0,9,0,0
B6_D1,633,0,166,0,0
B10_D1,707,0,158,0,0
B6_D1,40,0,20,0,0
B10_D1,705,0,396,0,0
B10_D1,683,0,71,0,0
G1_D1,1020,0,499,0,0
B10_D1,768,0,406,0,0
B10_D1,463,0,107,0,0
B6_D1,242,0,71,0,0
B4_D1,196,0,48,0,0
B10_D1,562,0,222,0,0
B6_D1,384,0,267,0,0
B2_D1,799,0,467,0,-1
G1_D1,31,0,255,0,0
B6_D1,1,0,336,0,0
B10_D1,87,0,129,0,0
B10_D1,685,0,292,0,0
B10_D1,776,0,243,0,0
B6_D1,1019,0,310,0,0
B10_D1,29,0,45,0,0
B10_D1,475,0,488,0,0
G1_D1,132,0,104,0,0
B6_D1,600,0,25,0,0
B6_D1,675,0,20,0,0
B6_D1,807,0,12,0,0
B6_D1,133,0,189,0,0
B6_D1,727,0,461,0,0
B6_D1,127,0,419,0,0
G1_D1,137,0,104,0,0
B6_D1,907,0,91,0,0
G1_D1,453,0,121,0,0
B4_D1,228,0,274,0,0
B6_D1,317,0,12,0,0
B6_D1,854,0,206,0,0
G1_D1,1004,0,148,0,0
G1_D1,332,0,234,0,0
B6_D1,986,0,171,0,0
B10_D1,730,0,471,0,0
G1_D1,265,0,409,0,-1
B10_D1,676,0,96,0,0
B6_D1,86,0,87,0,0
B10_D1,347,0,415,0,0
B10_D1,770,0,479,0,0
B10_D1,120,0,223,0,0
G1_D1,699,0,20,0,0
B6_D1,533,0,275,0,0
G1_D1,260,0,64,0,0
B4_D1,148,0,131,0,0
G1_D1,24,0,82,0,0
B10_D1,392,0,407,0,0
B10_D1,733,0,417,0,0
B10_D1,203,0,109,0,0
G1_D1,44,0,93,0,0
B10_D1,815,0,38,0,0
B4_D1,5,0,138,0,0
G1_D1,536,0,66,0,0
G1_D1,38,0,201,0,0
B10_D1,633,0,182,0,0
B6_D1,228,0,341,0,0
B6_D1,315,0,15,0,0
B6_D1,420,0,271,0,0
B4_D1,154,0,5,0,0
B2_D1,437,0,128,0,0
B4_D1,533,0,416,0,0
G1_D1,642,0,78,0,0
B6_D1,758,0,373,0,0
G1_D1,796,0,204,0,0
B10_D1,502,0,218,0,0
B4_D1,835,0,31,0,0
B6_D1,286,0,491,0,0
B6_D1,304,0,239,0,0
B4_D1,793,0,249,0,0
B8_D1,647,0,243,0,0
B6_D1,188,0,3,0,0
B10_D1,945,0,16,0,0
B6_D1,714,0,372,0,0
B6_D1,548,0,380,0,0
B10_D1,830,0,332,0,0
B6_D1,880,0,500,0,0
B2_D1,246,0,62,0,0
B6_D1,19,0,332,0,0
B6_D1,493,0,170,0,0
B6_D1,946,0,59,0,0
B4_D1,7,0,150,0,0
B10_D1,171,0,439,0,0
B6_D1,12,0,295,0,0
G1_D1,919,0,19,0,0
B4_D1,122,0,40,0,0
B6_D1,58,0,13,0,0
G1_D1,980,0,0,0,0
B6_D1,470,0,331,0,0
B10_D1,482,0,136,0,0
B8_D1,457,0,202,0,0
G1_D1,98,0,62,0,0
B6_D1,82,0,129,0,0
B6_D1,394,0,77,0,0
B8_D1,400,0,284,0,0
B10_D1,130,0,199,0,0
B8_D1,530,0,210,0,0
B4_D1,582,0,381,0,0
B6_D1,946,0,254,0,0
B6_D1,573,0,13,0,0
B2_D1,712,0,40,0,0
B10_D1,221,0,179,0,0
B10_D1,14,0,203,0,0
G1_D1,273,0,490,0,0
G1_D1,23,0,242,0,0
B10_D1,785,0,247,0,0
G1_D1,668,0,246,0,0
B6_D1,867,0,53,0,0
B6_D1,700,0,403,0,0
B6_D1,559,0,351,0,0
B6_D1,785,0,59,0,0
B4_D1,5,0,448,0,0
B6_D1,499,0,494,0,0
B6_D1,952,0,435,0,0
B10_D1,829,0,45,0,0
B6_D1,920,0,490,0,0
G1_D1,159,0,7,0,0
B10_D1,679,0,484,0,0
B6_D1,1021,0,415,0,0
B10_D1,53,0,327,0,0
G1_D1,546,0,143,0,0
G1_D1,737,0,36,0,0
B10_D1,548,0,210,0,0
G1_D1,962,0,28,0,0
B6_D1,872,0,422,0,-1
B6_D1,31,0,511,0,0
G1_D1,791,0,388,0,0
G1_D1,649,0,12,0,0
B10_D1,523,0,88,0,0
B10_D1,116,0,215,0,0
B6_D1,609,0,335,0,0
B6_D1,990,0,398,0,0
B6_D1,858,0,71,0,0
B10_D1,596,0,44,0,0
B10_D1,536,0,510,0,0
B6_D1,469,0,50,0,0
B10_D1,297,0,268,0,0
G1_D1,166,0,192,0,0
B6_D1,870,0,119,0,0
B10_D1,790,0,170,0,0
B10_D1,411,0,196,0,0
B6_D1,254,0,499,0,0
B6_D1,511,0,379,0,0
B6_D1,354,0,348,0,0
B4_D1,468,0,183,0,0
B6_D1,688,0,33,0,0
B6_D1,279,0,29,0,0
B4_D1,733,0,267,0,0
B6_D1,460,0,500,0,0
B6_D1,218,0,334,0,0
B6_D1,288,0,374,0,-1
B4_D1,6,0,461,0,0
B10_D1,55,0,510,0,0
G1_D1,977,0,214,0,0
B6_D1,297,0,162,0,0
B6_D1,751,0,314,0,0
B6_D1,1000,0,415,0,0
B10_D1,843,0,486,0,0
B6_D1,283,0,278,0,0
B10_D1,995,0,231,0,0
B4_D1,261,0,230,0,0
B6_D1,720,0,435,0,0
B10_D1,729,0,324,0,0
B10_D1,1019,0,87,0,0
B4_D1,579,0,147,0,0
G1_D1,98,0,188,0,0
B10_D1,610,0,28,0,0
B10_D1,920,0,27,0,0
B4_D1,1021,0,236,0,0
B6_D1,8,0,268,0,0
B10_D1,738,0,319,0,0
B2_D1,772,0,52,0,0
B10_D1,156,0,161,0,0
B10_D1,278,0,57,0,0
B10_D1,261,0,241,0,0
B6_D1,1,0,11,0,0
B10_D1,613,0,70,0,0
B10_D1,178,0,57,0,0
G1_D1,536,0,15,0,0
G1_D1,743,0,27,0,0
B10_D1,170,0,7,0,0
B6_D1,225,0,500,0,0
G1_D1,493,0,329,0,0
G1_D1,20,0,328,0,0
B4_D1,162,0,281,0,0
B2_D1,271,0,486,0,0
B6_D1,11,0,506,0,0
B10_D1,227,0,54,0,0
B6_D1,147,0,2,0,0
B2_D1,989,0,92,0,0
B4_D1,762,0,155,0,0
G1_D1,749,0,13,0,0
B2_D1,879,0,89,0,0
B6_D1,268,0,257,0,0
B6_D1,774,0,155,0,0
B6_D1,556,0,41,0,0
B6_D1,232,0,487,0,0
B6_D1,116,0,511,0,0
G1_D1,400,0,117,0,0
B6_D1,937,0,482,0,0
B6_D1,194,0,24,0,0
B10_D1,565,0,169,0,0
B10_D1,322,0,173,0,0
B10_D1,77,0,53,0,0
B6_D1,379,0,509,0,0
B6_D1,528,0,442,0,-1
G1_D1,100,0,170,0,0
B10_D1,935,0,57,0,0
B6_D1,561,0,362,0,0
B10_D1,189,0,172,0,0
B10_D1,160,0,156,0,0
G1_D1,519,0,20,0,0
B6_D1,1015,0,302,0,0
B10_D1,811,0,47,0,0
G1_D1,44,0,160,0,0
B10_D1,550,0,21,0,0
B10_D1,567,0,119,0,0
B6_D1,67,0,389,0,0
G1_D1,69,0,163,0,0
G1_D1,44,0,448,0,0
G1_D1,263,0,237,0,0
B6_D1,949,0,34,0,0
G1_D1,520,0,110,0,0
B6_D1,524,0,274,0,0
B10_D1,387,0,29,0,0
B6_D1,323,0,28,0,0
G1_D1,1003,0,511,0,0
B6_D1,151,0,444,0,0
B10_D1,804,0,452,0,0
B10_D1,673,0,19,0,0
G1_D1,505,0,84,0,0
B10_D1,937,0,113,0,0
B10_D1,711,0,5,0,0
B10_D1,284,0,125,0,0
B10_D1,879,0,342,0,0
B6_D1,54,0,405,0,0
B6_D1,799,0,484,0,0
G1_D1,917,0,113,0,0
G1_D1,930,0,25,0,0
B6_D1,228,0,86,0,0
B10_D1,318,0,269,0,0
B4_D1,1023,0,162,0,0
B6_D1,56,0,271,0,0
G1_D1,181,0,15,0,0
B4_D1,728,0,38,0,0
G1_D1,964,0,3,0,0
B6_D1,198,0,488,0,0
B6_D1,644,0,504,0,0
B6_D1,538,0,323,0,0
B8_D1,665,0,246,0,0
B6_D1,832,0,62,0,0
B10_D1,167,0,176,0,0
B6_D1,639,0,9,0,0
B6_D1,244,0,44,0,0
B10_D1,703,0,77,0,0
G1_D1,10,0,0,0,0
G1_D1,173,0,67,0,0
B10_D1,3,0,242,0,0
B10_D1,17,0,6,0,0
B6_D1,727,0,457,0,0
G1_D1,734,0,350,0,0
G1_D1,689,0,17,0,0
B6_D1,456,0,287,0,0
B6_D1,313,0,136,0,0
B10_D1,736,0,420,0,0
B6_D1,11,0,486,0,0
B6_D1,859,0,295,0,0
B10_D1,110,0,392,0,0
B6_D1,337,0,17,0,0
B4_D1,70,0,318,0,0
B6_D1,203,0,493,0,0
B6_D1,131,0,90,0,0
B6_D1,287,0,37,0,0
G1_D1,739,0,9,0,0
B10_D1,572,0,309,0,0
B10_D1,189,0,8,0,0
G1_D1,151,0,377,0,0
B6_D1,362,0,213,0,0
B4_D1,767,0,47,0,0
G1_D1,692,0,160,0,0
B6_D1,899,0,210,0,0
G1_D1,175,0,0,0,0
G1_D1,757,0,159,0,0
B4_D1,49,0,296,0,0
B2_D1,152,0,270,0,0
B10_D1,312,0,186,0,0
G1_D1,700,0,456,0,0
B4_D1,83,0,317,0,0
G1_D1,709,0,7,0,0
B4_D1,653,0,324,0,-1
B10_D1,774,0,68,0,0
G1_D1,367,0,223,0,0
B10_D1,66,0,170,0,0
B6_D1,580,0,375,0,0
B10_D1,767,0,50,0,0
B6_D1,963,0,262,0,0
G1_D1,195,0,20,0,0
B10_D1,579,0,320,0,0
B6_D1,67,0,449,0,0
G1_D1,926,0,1,0,0
B6_D1,311,0,506,0,0
B8_D1,121,0,203,0,0
B6_D1,223,0,389,0,0
B4_D1,675,0,285,0,0
B10_D1,217,0,59,0,0
B10_D1,82,0,94,0,0
B10_D1,7,0,34,0,0
G1_D1,58,0,81,0,0
B6_D1,484,0,489,0,0
B6_D1,927,0,403,0,0
B10_D1,941,0,511,0,0
B10_D1,75,0,126,0,0
B10_D1,821,0,511,0,0
B10_D1,1000,0,58,0,0
B10_D1,786,0,0,0,0
B10_D1,413,0,220,0,0
B10_D1,475,0,60,0,0
B6_D1,278,0,198,0,0
B2_D1,72,0,39,0,0
B6_D1,270,0,20,0,0
B6_D1,1016,0,73,0,0
B2_D1,355,0,203,0,0
B10_D1,953,0,217,0,0
B10_D1,854,0,2,0,0
B6_D1,36,0,416,0,0
B6_D1,33,0,138,0,0
B6_D1,226,0,62,0,0
B6_D1,832,0,379,0,0
B10_D1,196,0,33,0,0
B6_D1,31,0,496,0,0
G1_D1,981,0,287,0,0
G1_D1,817,0,38,0,0
B6_D1,385,0,170,0,0
G1_D1,199,0,69,0,0
B4_D1,6,0,311,0,0
B4_D1,326,0,164,0,0
B10_D1,302,0,415,0,0
B6_D1,236,0,481,0,0
B10_D1,177,0,282,0,0
B6_D1,986,0,128,0,0
B6_D1,1008,0,104,0,0
B6_D1,886,0,21,0,0
B10_D1,641,0,455,0,0
G1_D1,944,0,128,0,0
B10_D1,611,0,496,0,0
B6_D1,716,0,199,0,0
B6_D1,991,0,80,0,0
B2_D1,241,0,297,0,0
B2_D1,161,0,54,0,0
B10_D1,372,0,503,0,0
B10_D1,597,0,302,0,0
B6_D1,88,0,23,0,0
B6_D1,6,0,296,0,0
G1_D1,146,0,19,0,0
B6_D1,289,0,39,0,0
B6_D1,709,0,484,0,0
B10_D1,678,0,110,0,0
B10_D1,81,0,214,0,0
B6_D1,36,0,130,0,0
B10_D1,587,0,411,0,0
B6_D1,623,0,488,0,0
B10_D1,907,0,304,0,0
B2_D1,247,0,154,0,0
B10_D1,77,0,208,0,0
G1_D1,723,0,121,0,0
G1_D1,750,0,77,0,0
G1_D1,977,0,16,0,0
G1_D1,574,0,17,0,0
G1_D1,449,0,236,0,0
B6_D1,978,0,179,0,0
G1_D1,552,0,242,0,0
B6_D1,797,0,275,0,0
B6_D1,550,0,347,0,0
B2_D1,708,0,473,0,0
B10_D1,368,0,189,0,0
B6_D1,212,0,380,0,0
B10_D1,402,0,68,0,0
B6_D1,896,0,86,0,0
G1_D1,987,0,104,0,0
B6_D1,817,0,202,0,0
B6_D1,663,0,213,0,0
B4_D1,695,0,16,0,0
B10_D1,295,0,159,0,0
B4_D1,944,0,13,0,0
B10_D1,747,0,261,0,0
B6_D1,64,0,186,0,0
B6_D1,957,0,215,0,0
B6_D1,586,0,36,0,0
B10_D1,899,0,256,0,0
B6_D1,875,0,229,0,0
B10_D1,573,0,308,0,0
B2_D1,553,0,223,0,0
G1_D1,1023,0,37,0,0
B6_D1,887,0,42,0,0
B6_D1,362,0,413,0,0
B6_D1,67,0,378,0,0
B4_D1,645,0,294,0,0
G1_D1,46,0,132,0,0
G1_D1,110,0,50,0,0
B6_D1,678,0,411,0,0
B2_D1,527,0,221,0,0
G1_D1,355,0,288,0,0
B6_D1,634,0,304,0,0
G1_D1,774,0,246,0,0
B6_D1,868,0,395,0,0
B6_D1,685,0,127,0,0
B8_D1,451,0,288,0,0
B6_D1,701,0,414,0,0
B6_D1,160,0,96,0,0
G1_D1,19,0,247,0,0
B2_D1,447,0,474,0,0
B10_D1,321,0,134,0,0
B6_D1,144,0,250,0,0
B6_D1,15,0,428,0,0
G1_D1,122,0,144,0,0
B4_D1,166,0,359,0,0
B4_D1,150,0,177,0,0
B2_D1,829,0,229,0,0
G1_D1,1022,0,233,0,0
B6_D1,96,0,506,0,0
B10_D1,283,0,34,0,0
G1_D1,1012,0,240,0,0
B4_D1,526,0,268,0,0
G1_D1,220,0,136,0,0
B10_D1,172,0,165,0,0
B6_D1,152,0,362,0,0
B6_D1,677,0,502,0,0
B6_D1,280,0,15,0,0
B6_D1,604,0,204,0,0
B10_D1,122,0,47,0,0
B10_D1,606,0,185,0,0
B10_D1,506,0,67,0,0
B6_D1,634,0,115,0,0
G1_D1,985,0,98,0,0
G1_D1,38,0,198,0,0
B10_D1,293,0,239,0,0
B6_D1,973,0,43,0,0
B6_D1,656,0,223,0,0
B6_D1,145,0,500,0,0
B10_D1,878,0,503,0,0
B6_D1,300,0,213,0,0
B6_D1,869,0,499,0,0
G1_D1,521,0,261,0,0
B6_D1,40,0,255,0,0
B10_D1,70,0,174,0,0
B6_D1,636,0,432,0,0
B10_D1,305,0,264,0,0
B10_D1,711,0,269,0,0
B6_D1,434,0,376,0,0
B10_D1,551,0,172,0,0
B6_D1,449,0,372,0,0
B10_D1,993,0,59,0,0
G1_D1,1013,0,336,0,0
B4_D1,875,0,125,0,0
B6_D1,595,0,187,0,0
B10_D1,10,0,91,0,0
B6_D1,403,0,481,0,0
B2_D1,206,0,474,0,0
B6_D1,818,0,57,0,0
B10_D1,177,0,451,0,0
B2_D1,815,0,57,0,0
B10_D1,907,0,41,0,0
G1_D1,832,0,244,0,0
B6_D1,642,0,497,0,0
B10_D1,548,0,104,0,0
B6_D1,502,0,507,0,0
B10_D1,619,0,262,0,0
B2_D1,707,0,182,0,0
G1_D1,312,0,467,0,3
B8_D1,433,0,199,0,0
B6_D1,268,0,457,0,3
B10_D1,961,0,269,0,0
B10_D1,100,0,467,0,0
B6_D1,990,0,303,0,0
B10_D1,420,0,102,0,0
B10_D1,874,0,77,0,0
B6_D1,539,0,348,0,0
B10_D1,976,0,509,0,0
B10_D1,494,0,8,0,0
B10_D1,446,0,70,0,0
B6_D1,1004,0,142,0,0
B6_D1,773,0,49,0,0
G1_D1,204,0,4,0,0
B6_D1,757,0,331,0,0
B6_D1,11,0,16,0,0
G1_D1,104,0,303,0,0
B4_D1,978,0,68,0,0
G1_D1,938,0,37,0,0
B6_D1,2,0,342,0,0
G1_D1,371,0,367,0,0
B10_D1,514,0,288,0,0
G1_D1,1006,0,51,0,0
B6_D1,679,0,313,0,0
B2_D1,332,0,37,0,0
B10_D1,799,0,410,0,0
B10_D1,27,0,102,0,0
B6_D1,43,0,204,0,0
B6_D1,441,0,121,0,0
B6_D1,512,0,12,0,0
B6_D1,84,0,145,0,0
B4_D1,789,0,264,0,0
B6_D1,427,0,246,0,0
B6_D1,648,0,243,0,0
B10_D1,904,0,231,0,0
B6_D1,998,0,337,0,0
B4_D1,3,0,431,0,0
B10_D1,456,0,85,0,0
B10_D1,887,0,212,0,0
B6_D1,132,0,47,0,0
B6_D1,40,0,0,0,0
B6_D1,148,0,333,0,0
B10_D1,656,0,235,0,0
G1_D1,770,0,237,0,0
B6_D1,556,0,230,0,0
B10_D1,269,0,316,0,0
G1_D1,170,0,20,0,0
B6_D1,326,0,31,0,0
G1_D1,430,0,511,0,0
G1_D1,671,0,247,0,0
B10_D1,773,0,246,0,0
B10_D1,629,0,468,0,0
B6_D1,560,0,406,0,0
B4_D1,842,0,217,0,0
B2_D1,691,0,54,0,0
B6_D1,601,0,376,0,0
G1_D1,84,0,14,0,0
G1_D1,28,0,84,0,0
G1_D1,19,0,109,0,0
B6_D1,93,0,288,0,0
B10_D1,630,0,465,0,0
B6_D1,844,0,137,0,0
B10_D1,396,0,450,0,0
B4_D1,50,0,400,0,0
G1_D1,909,0,17,0,0
G1_D1,5,0,492,0,0
B6_D1,563,0,23,0,0
B6_D1,964,0,91,0,0
G1_D1,512,0,205,0,0
G1_D1,851,0,271,0,0
B6_D1,0,0,55,0,0
B10_D1,227,0,37,0,0
B2_D1,727,0,359,0,0
B6_D1,336,0,36,0,0
B10_D1,942,0,47,0,0
B10_D1,912,0,259,0,0
B4_D1,6,0,510,0,0
G1_D1,1005,0,59,0,0
G1_D1,719,0,19,0,0
B10_D1,413,0,500,0,0
B4_D1,733,0,38,0,0
B4_D1,420,0,387,0,0
B4_D1,908,0,69,0,0
B10_D1,452,0,53,0,0
B10_D1,168,0,249,0,0
G1_D1,950,0,234,0,0
B10_D1,614,0,126,0,0
B10_D1,182,0,282,0,0
G1_D1,120,0,22,0,0
B6_D1,772,0,248,0,0
B2_D1,302,0,199,0,0
G1_D1,677,0,142,0,0
B10_D1,586,0,510,0,0
B6_D1,53,0,23,0,0
G1_D1,886,0,133,0,0
B10_D1,10,0,294,0,0
B10_D1,584,0,415,0,0
B4_D1,700,0,271,0,0
B6_D1,0,0,246,0,0
B4_D1,674,0,53,0,0
B8_D1,59,0,239,0,-1
B10_D1,486,0,189,0,0
B2_D1,757,0,40,0,0
B10_D1,106,0,285,0,0
B10_D1,638,0,38,0,0
B10_D1,1,0,217,0,0
B4_D1,676,0,191,0,0
B6_D1,236,0,79,0,0
B6_D1,972,0,355,0,-1
B6_D1,993,0,426,0,0
B10_D1,30,0,44,0,0
B4_D1,728,0,65,0,0
B6_D1,618,0,503,0,0
B10_D1,123,0,52,0,0
B4_D1,789,0,238,0,0
B10_D1,118,0,186,0,0
B10_D1,379,0,34,0,0
B6_D1,890,0,425,0,0
B10_D1,266,0,164,0,0
G1_D1,1014,0,9,0,0
B10_D1,740,0,118,0,0
B4_D1,355,0,360,0,0
B8_D1,123,0,204,0,0
B6_D1,299,0,34,0,0
B4_D1,984,0,37,0,0
B10_D1,0,0,389,0,0
B10_D1,688,0,115,0,0
B10_D1,632,0,113,0,0
B4_D1,194,0,206,0,0
B4_D1,641,0,116,0,0
B6_D1,696,0,496,0,0
B6_D1,173,0,278,0,0
G1_D1,355,0,0,0,0
B6_D1,987,0,427,0,0
B8_D1,16,0,204,0,0
G1_D1,44,0,3,0,0
B4_D1,2,0,299,0,0
B6_D1,1010,0,30,0,0
B10_D1,289,0,65,0,0
B2_D1,768,0,285,0,0
B6_D1,433,0,479,0,0
G1_D1,114,0,4,0,0
B10_D1,270,0,422,0,0
B10_D1,942,0,44,0,0
B6_D1,723,0,493,0,0
B10_D1,127,0,373,0,0
G1_D1,981,0,508,0,0
B6_D1,887,0,148,0,0
B10_D1,185,0,229,0,0
B6_D1,527,0,441,0,-1
B2_D1,284,0,487,0,0
B6_D1,754,0,29,0,0
B6_D1,740,0,20,0,0
B6_D1,900,0,266,0,0
G1_D1,896,0,49,0,0
G1_D1,358,0,485,0,0
B2_D1,664,0,362,0,0
B4_D1,348,0,358,0,0
G1_D1,713,0,125,0,0
B10_D1,236,0,308,0,0
B4_D1,324,0,308,0,0
G1_D1,434,0,369,0,0
B6_D1,241,0,127,0,0
B6_D1,694,0,39,0,0
G1_D1,849,0,121,0,0
B10_D1,647,0,243,0,0
G1_D1,501,0,19,0,0
B10_D1,516,0,3,0,0
B6_D1,35,0,485,0,0
B4_D1,8,0,81,0,0
B6_D1,471,0,290,0,0
B6_D1,930,0,500,0,0
B6_D1,1010,0,20,0,0
G1_D1,574,0,7,0,0
G1_D1,166,0,1,0,0
G1_D1,617,0,229,0,0
B2_D1,672,0,225,0,0
B6_D1,61,0,114,0,0
B6_D1,575,0,505,0,0
B10_D1,834,0,405,0,0
B6_D1,428,0,228,0,0
B6_D1,393,0,498,0,0
B10_D1,147,0,165,0,0
B10_D1,130,0,98,0,0
B10_D1,876,0,17,0,0
B10_D1,671,0,68,0,0
B10_D1,175,0,238,0,0
B6_D1,234,0,489,0,0
G1_D1,524,0,13,0,0
B10_D1,991,0,8,0,0
G1_D1,468,0,38,0,0
G1_D1,267,0,192,0,0
B10_D1,355,0,162,0,0
B6_D1,293,0,503,0,0
B6_D1,379,0,229,0,0
B2_D1,50,0,53,0,0
B10_D1,215,0,187,0,0
G1_D1,520,0,0,0,0
B6_D1,690,0,423,0,0
B10_D1,170,0,185,0,0
B4_D1,92,0,5,0,0
B6_D1,462,0,159,0,0
B6_D1,618,0,33,0,0
B6_D1,621,0,279,0,0
G1_D1,774,0,17,0,0
G1_D1,877,0,113,0,0
G1_D1,194,0,494,0,0
G1_D1,355,0,306,0,0
B6_D1,698,0,8,0,0
B6_D1,671,0,346,0,0
B6_D1,274,0,335,0,0
B6_D1,250,0,295,0,0
B6_D1,366,0,511,0,0
B6_D1,311,0,16,0,0
B10_D1,926,0,261,0,0
B6_D1,209,0,484,0,0
G1_D1,1000,0,179,0,0
B4_D1,161,0,276,0,0
B4_D1,57,0,119,0,0
B10_D1,923,0,383,0,0
B6_D1,788,0,329,0,0
G1_D1,543,0,36,0,0
B10_D1,334,0,224,0,0
G1_D1,215,0,234,0,0
B10_D1,711,0,88,0,0
B4_D1,857,0,93,0,0
B10_D1,628,0,370,0,0
B10_D1,870,0,504,0,0
B10_D1,70,0,45,0,0
B6_D1,251,0,435,0,0
G1_D1,1011,0,206,0,0
B2_D1,106,0,103,0,0
B10_D1,521,0,160,0,0
B6_D1,874,0,388,0,0
B10_D1,687,0,106,0,0
B6_D1,571,0,506,0,0
B6_D1,272,0,313,0,0
B10_D1,565,0,310,0,0
G1_D1,24,0,199,0,0
B10_D1,678,0,316,0,0
G1_D1,606,0,56,0,0
B6_D1,717,0,47,0,0
B6_D1,710,0,192,0,0
B6_D1,803,0,105,0,0
G1_D1,784,0,113,0,0
B2_D1,817,0,86,0,0
B10_D1,619,0,128,0,0
B4_D1,750,0,217,0,0
B6_D1,594,0,429,0,0
G1_D1,700,0,256,0,0
B6_D1,270,0,134,0,0
B10_D1,506,0,58,0,0
B10_D1,3,0,161,0,0
B6_D1,935,0,420,0,0
B10_D1,771,0,331,0,0
B6_D1,411,0,350,0,0
B10_D1,768,0,478,0,0
B6_D1,833,0,157,0,0
B6_D1,781,0,250,0,0
B6_D1,521,0,349,0,8
G1_D1,295,0,269,0,0
B6_D1,473,0,493,0,0
G1_D1,1022,0,146,0,0
B10_D1,42,0,15,0,0
B10_D1,357,0,181,0,0
B6_D1,114,0,370,0,0
B6_D1,6,0,189,0,0
B4_D1,101,0,2,0,0
B4_D1,256,0,206,0,0
B10_D1,321,0,36,0,0
B10_D1,693,0,250,0,0
B10_D1,574,0,262,0,0
B6_D1,118,0,33,0,0
B2_D1,835,0,73,0,0
G1_D1,9,0,285,0,0
B10_D1,320,0,153,0,0
G1_D1,1018,0,501,0,0
B10_D1,529,0,408,0,0
G1_D1,996,0,117,0,0
B6_D1,167,0,497,0,0
B10_D1,129,0,127,0,0
B4_D1,603,0,215,0,0
B6_D1,204,0,349,0,0
B6_D1,591,0,225,0,0
B6_D1,89,0,19,0,0
B10_D1,288,0,179,0,0
B4_D1,255,0,19,0,0
G1_D1,84,0,28,0,0
B6_D1,154,0,169,0,0
B4_D1,192,0,52,0,0
B2_D1,296,0,511,0,0
B6_D1,595,0,82,0,0
B6_D1,846,0,304,0,0
B6_D1,372,0,2,0,0
B4_D1,939,0,45,0,0
B4_D1,87,0,5,0,0
B6_D1,539,0,440,0,-1
B10_D1,833,0,510,0,0
B6_D1,276,0,486,0,0
B6_D1,950,0,15,0,0
B10_D1,460,0,110,0,0
B10_D1,659,0,381,0,0
G1_D1,415,0,118,0,0
G1_D1,967,0,157,0,0
B6_D1,371,0,486,0,0
B10_D1,118,0,500,0,0
B6_D1,482,0,47,0,0
G1_D1,1000,0,224,0,0
B10_D1,611,0,1,0,0
B2_D1,235,0,299,0,0
B6_D1,263,0,508,0,0
B6_D1,622,0,448,0,0
G1_D1,990,0,234,0,0
B10_D1,570,0,281,0,0
B4_D1,1019,0,137,0,0
B4_D1,123,0,1,0,0
B10_D1,131,0,446,0,0
G1_D1,202,0,42,0,0
G1_D1,884,0,390,0,0
G1_D1,301,0,1,0,0
B10_D1,806,0,171,0,0
B6_D1,7,0,47,0,0
B6_D1,195,0,345,0,0
G1_D1,343,0,362,0,0
B6_D1,570,0,40,0,0
B10_D1,236,0,46,0,0
G1_D1,598,0,187,0,0
G1_D1,547,0,511,0,0
B6_D1,105,0,96,0,0
B6_D1,803,0,99,0,0
B10_D1,21,0,252,0,0
B10_D1,338,0,188,0,0
B6_D1,370,0,170,0,0
B10_D1,232,0,304,0,0
B6_D1,449,0,19,0,0
B4_D1,668,0,107,0,0
B6_D1,923,0,38,0,0
B6_D1,957,0,298,0,0
B4_D1,168,0,288,0,0
B10_D1,330,0,69,0,0
G1_D1,731,0,15,0,0
B4_D1,375,0,198,0,0
B10_D1,815,0,447,0,0
B6_D1,998,0,493,0,0
B6_D1,466,0,57,0,0
G1_D1,56,0,343,0,0
G1_D1,228,0,243,0,0
B6_D1,869,0,14,0,0
B6_D1,10,0,99,0,0
G1_D1,32,0,83,0,0
B10_D1,190,0,227,0,0
G1_D1,236,0,177,0,0
G1_D1,771,0,493,0,0
B6_D1,991,0,216,0,0
G1_D1,1006,0,63,0,0
B6_D1,545,0,398,0,0
B2_D1,491,0,510,0,0
B10_D1,966,0,508,0,0
B10_D1,573,0,299,0,0
B6_D1,654,0,504,0,0
B6_D1,745,0,242,0,0
B6_D1,465,0,0,0,0
G1_D1,767,0,81,0,0
B10_D1,672,0,114,0,0
B2_D1,860,0,177,0,0
B10_D1,609,0,187,0,0
B8_D1,227,0,3,0,0
B10_D1,139,0,507,0,0
B10_D1,135,0,287,0,0
B10_D1,524,0,266,0,0
B8_D1,682,0,250,0,0
B6_D1,469,0,489,0,0
G1_D1,458,0,239,0,0
B6_D1,347,0,294,0,0
B6_D1,792,0,69,0,0
B2_D1,175,0,473,0,0
B10_D1,668,0,273,0,0
G1_D1,409,0,98,0,0
B10_D1,264,0,8,0,0
B10_D1,27,0,143,0,0
B6_D1,142,0,22,0,0
G1_D1,670,0,301,0,0
G1_D1,946,0,28,0,0
B10_D1,658,0,273,0,0
G1_D1,724,0,281,0,0
B10_D1,739,0,255,0,0
B6_D1,30,0,261,0,0
B10_D1,241,0,47,0,0
G1_D1,504,0,132,0,0
G1_D1,221,0,271,0,0
G1_D1,322,0,422,0,0
B4_D1,603,0,299,0,0
B4_D1,381,0,390,0,0
B6_D1,69,0,326,0,0
B10_D1,632,0,146,0,0
G1_D1,277,0,268,0,0
B10_D1,953,0,500,0,0
B6_D1,444,0,226,0,0
B10_D1,901,0,81,0,0
G1_D1,816,0,271,0,0
G1_D1,871,0,294,0,0
B10_D1,681,0,25,0,0
B2_D1,860,0,371,0,0
B6_D1,929,0,39,0,0
G1_D1,1009,0,52,0,0
G1_D1,728,0,63,0,0
B6_D1,726,0,342,0,0
B6_D1,992,0,70,0,0
B6_D1,74,0,377,0,0
B10_D1,503,0,73,0,0
B6_D1,318,0,493,0,0
B10_D1,663,0,66,0,0
B10_D1,626,0,293,0,0
G1_D1,400,0,22,0,0
B8_D1,193,0,344,0,0
B6_D1,685,0,371,0,0
B6_D1,193,0,341,0,0
B6_D1,604,0,413,0,0
B6_D1,148,0,425,0,0
B6_D1,125,0,270,0,0
B6_D1,120,0,267,0,0
B10_D1,59,0,309,0,0
G1_D1,7,0,325,0,0
B4_D1,60,0,0,0,0
B4_D1,206,0,149,0,0
B6_D1,59,0,153,0,0
B6_D1,746,0,423,0,0
G1_D1,874,0,10,0,0
B4_D1,1023,0,108,0,0
B10_D1,123,0,500,0,0
B6_D1,259,0,332,0,0
G1_D1,59,0,163,0,0
G1_D1,355,0,24,0,0
B10_D1,2,0,284,0,0
B10_D1,795,0,388,0,0
B10_D1,682,0,419,0,0
B6_D1,508,0,479,0,0
B10_D1,948,0,52,0,0
B6_D1,318,0,152,0,0
B10_D1,447,0,67,0,0
B10_D1,328,0,233,0,0
G1_D1,45,0,118,0,0
B6_D1,899,0,301,0,0
B6_D1,883,0,508,0,0
G1_D1,44,0,120,0,0
G1_D1,32,0,29,0,0
B10_D1,425,0,359,0,0
B6_D1,758,0,261,0,0
B6_D1,153,0,508,0,0
B6_D1,783,0,98,0,0
B6_D1,471,0,167,0,0
G1_D1,330,0,287,0,0
B10_D1,218,0,233,0,0
B10_D1,38,0,150,0,0
G1_D1,535,0,231,0,0
B6_D1,107,0,191,0,0
B10_D1,22,0,237,0,0
B2_D1,604,0,24,0,0
B10_D1,541,0,269,0,0
B10_D1,201,0,454,0,0
B10_D1,139,0,356,0,0
G1_D1,872,0,113,0,0
B10_D1,627,0,240,0,0
B6_D1,128,0,206,0,0
B6_D1,661,0,378,0,0
B6_D1,242,0,150,0,0
B6_D1,843,0,225,0,0
B4_D1,1,0,33,0,0
B2_D1,897,0,166,0,0
B10_D1,358,0,509,0,0
B10_D1,128,0,229,0,0
B2_D1,635,0,481,0,0
B10_D1,235,0,121,0,0
B6_D1,138,0,122,0,0
B4_D1,908,0,93,0,0
B4_D1,824,0,45,0,0
G1_D1,54,0,109,0,0
B2_D1,483,0,367,0,0
G1_D1,275,0,115,0,0
B8_D1,998,0,1,0,0
B6_D1,673,0,33,0,0
B6_D1,187,0,191,0,0
G1_D1,24,0,275,0,0
B6_D1,778,0,336,0,0
B10_D1,213,0,44,0,0
B10_D1,726,0,253,0,0
G1_D1,800,0,22,0,0
B4_D1,529,0,235,0,0
G1_D1,14,0,312,0,0
B6_D1,863,0,197,0,0
B10_D1,152,0,12,0,0
B6_D1,153,0,38,0,0
B10_D1,688,0,478,0,0
G1_D1,845,0,216,0,0
B10_D1,73,0,324,0,0
G1_D1,147,0,197,0,0
B6_D1,134,0,9,0,0
B6_D1,761,0,64,0,0
G1_D1,705,0,165,0,0
B10_D1,58,0,34,0,0
G1_D1,994,0,106,0,0
B10_D1,466,0,0,0,0
B8_D1,1012,0,297,0,0
B6_D1,468,0,252,0,0
G1_D1,365,0,122,0,0
B10_D1,736,0,462,0,0
B10_D1,470,0,488,0,0
B6_D1,431,0,68,0,0
B2_D1,427,0,490,0,0
B6_D1,435,0,505,0,0
B10_D1,410,0,267,0,0
B6_D1,722,0,78,0,0
B10_D1,29,0,37,0,0
B2_D1,726,0,140,0,0
B10_D1,695,0,310,0,0
B6_D1,346,0,138,0,0
G1_D1,428,0,129,0,0
B6_D1,891,0,66,0,0
B10_D1,492,0,62,0,0
B10_D1,516,0,313,0,0
G1_D1,167,0,76,0,0
B6_D1,887,0,153,0,0
B10_D1,591,0,228,0,0
B6_D1,959,0,349,0,-1
B6_D1,3,0,396,0,0
B10_D1,81,0,1,0,0
B2_D1,605,0,26,0,0
B6_D1,271,0,496,0,0
B10_D1,731,0,322,0,0
G1_D1,75,0,511,0,0
G1_D1,25,0,156,0,0
B10_D1,372,0,209,0,0
B6_D1,928,0,498,0,0
B10_D1,320,0,61,0,0
B6_D1,486,0,36,0,0
B6_D1,547,0,358,0,0
B10_D1,994,0,253,0,0
B8_D1,640,0,303,0,0
B8_D1,788,0,229,0,0
B2_D1,131,0,420,0,0
B10_D1,428,0,382,0,0
G1_D1,792,0,273,0,0
G1_D1,782,0,271,0,0
B10_D1,374,0,56,0,0
B10_D1,424,0,352,0,0
G1_D1,29,0,153,0,0
B6_D1,172,0,32,0,0
G1_D1,40,0,367,0,-1
G1_D1,19,0,60,0,0
B10_D1,589,0,123,0,0
B2_D1,574,0,361,0,0
B6_D1,739,0,44,0,0
B6_D1,13,0,28,0,0
G1_D1,701,0,280,0,0
B10_D1,400,0,20,0,0
B10_D1,950,0,41,0,0
B10_D1,338,0,434,0,0
B6_D1,805,0,292,0,0
B10_D1,391,0,505,0,0
B6_D1,1007,0,42,0,0
B8_D1,1022,0,15,0,0
B2_D1,800,0,61,0,0
B10_D1,227,0,134,0,0
B6_D1,786,0,273,0,0
B10_D1,459,0,8,0,0
B2_D1,744,0,46,0,0
B6_D1,172,0,7,0,0
B6_D1,755,0,104,0,0
B10_D1,678,0,87,0,0
B8_D1,558,0,290,0,0
B2_D1,895,0,25,0,0
B6_D1,112,0,311,0,0
B6_D1,111,0,1,0,0
B6_D1,9,0,97,0,0
B10_D1,221,0,9,0,0
B8_D1,984,0,243,0,0
B4_D1,51,0,452,0,0
B6_D1,276,0,1,0,0
B10_D1,717,0,105,0,0
G1_D1,277,0,180,0,0
B6_D1,885,0,5,0,0
B10_D1,886,0,498,0,0
G1_D1,699,0,7,0,0
G1_D1,325,0,35,0,0
B10_D1,320,0,181,0,0
B6_D1,763,0,370,0,0
B6_D1,626,0,370,0,0
B10_D1,503,0,491,0,0
B10_D1,251,0,124,0,0
B6_D1,237,0,487,0,0
B6_D1,706,0,201,0,0
G1_D1,186,0,505,0,0
B6_D1,863,0,23,0,0
G1_D1,942,0,265,0,0
B6_D1,753,0,469,0,0
G1_D1,354,0,11,0,0
G1_D1,788,0,214,0,0
B2_D1,305,0,140,0,0
B10_D1,418,0,483,0,0
B10_D1,732,0,29,0,0
B10_D1,25,0,272,0,0
B10_D1,538,0,311,0,0
B6_D1,706,0,199,0,0
B4_D1,156,0,359,0,0
B6_D1,404,0,245,0,0
G1_D1,253,0,46,0,0
G1_D1,33,0,140,0,0
B6_D1,420,0,148,0,0
B10_D1,626,0,178,0,0
G1_D1,1021,0,246,0,0
B10_D1,330,0,47,0,0
B10_D1,689,0,443,0,0
B4_D1,997,0,212,0,0
B8_D1,831,0,303,0,0
B6_D1,527,0,27,0,0
G1_D1,237,0,57,0,0
B6_D1,251,0,65,0,0
B2_D1,777,0,225,0,0
B6_D1,238,0,383,0,0
B6_D1,965,0,73,0,0
B6_D1,576,0,491,0,0
G1_D1,152,0,211,0,0
B10_D1,193,0,109,0,0
B10_D1,81,0,290,0,0
B6_D1,999,0,57,0,0
B6_D1,833,0,71,0,0
B6_D1,986,0,51,0,0
B10_D1,928,0,74,0,0
B4_D1,674,0,60,0,0
G1_D1,822,0,127,0,0
B6_D1,493,0,43,0,0
B6_D1,31,0,36,0,0
B10_D1,870,0,219,0,0
B6_D1,333,0,503,0,0
B6_D1,524,0,428,0,-1
B10_D1,768,0,113,0,0
B10_D1,621,0,156,0,0
G1_D1,1007,0,160,0,0
B6_D1,965,0,495,0,0
B10_D1,342,0,181,0,0
B6_D1,333,0,357,0,-1
B10_D1,712,0,270,0,0
B6_D1,304,0,509,0,0
B6_D1,730,0,345,0,0
G1_D1,1012,0,220,0,0
B10_D1,195,0,128,0,0
G1_D1,997,0,104,0,0
B6_D1,709,0,14,0,0
B6_D1,543,0,336,0,0
B6_D1,389,0,103,0,0
B4_D1,1007,0,212,0,0
B4_D1,4,0,356,0,0
B6_D1,283,0,267,0,0
B10_D1,735,0,98,0,0
B6_D1,187,0,401,0,0
B10_D1,363,0,255,0,0
B4_D1,485,0,89,0,0
B6_D1,978,0,200,0,0
B6_D1,184,0,24,0,0
B10_D1,212,0,122,0,0
B6_D1,704,0,341,0,0
B10_D1,358,0,42,0,0
B6_D1,87,0,450,0,0
B4_D1,248,0,16,0,0
B10_D1,292,0,12,0,0
B10_D1,433,0,4,0,0
B6_D1,3,0,435,0,0
B4_D1,1,0,301,0,0
B6_D1,630,0,421,0,0
B10_D1,979,0,4,0,0
G1_D1,578,0,283,0,0
B10_D1,453,0,162,0,0
B10_D1,618,0,102,0,0
G1_D1,990,0,165,0,0
B2_D1,320,0,291,0,0
B10_D1,210,0,76,0,0
B6_D1,906,0,391,0,0
B10_D1,244,0,62,0,0
B6_D1,548,0,445,0,-1
G1_D1,985,0,40,0,0
B10_D1,130,0,111,0,0
B8_D1,349,0,297,0,0
B6_D1,887,0,317,0,0
B6_D1,296,0,344,0,0
B8_D1,575,0,290,0,0
B6_D1,651,0,376,0,0
B10_D1,294,0,128,0,0
B6_D1,131,0,11,0,0
B6_D1,448,0,386,0,0
B10_D1,935,0,333,0,0
G1_D1,869,0,241,0,0
G1_D1,1005,0,239,0,0
B6_D1,31,0,491,0,0
B10_D1,459,0,140,0,0
G1_D1,747,0,241,0,0
B6_D1,897,0,70,0,0
B6_D1,315,0,293,0,0
B6_D1,178,0,43,0,0
G1_D1,940,0,286,0,0
B8_D1,25,0,321,0,0
B10_D1,674,0,446,0,0
B6_D1,64,0,469,0,0
G1_D1,914,0,16,0,0
G1_D1,970,0,123,0,0
G1_D1,551,0,123,0,0
B10_D1,457,0,462,0,0
B10_D1,681,0,238,0,0
B6_D1,923,0,478,0,0
G1_D1,1019,0,470,0,0
G1_D1,525,0,0,0,0
B6_D1,547,0,12,0,0
G1_D1,72,0,39,0,0
G1_D1,26,0,177,0,0
B10_D1,539,0,408,0,0
B6_D1,623,0,269,0,0
B6_D1,91,0,197,0,0
B6_D1,221,0,496,0,0
B6_D1,189,0,397,0,0
B10_D1,798,0,488,0,0
B6_D1,612,0,492,0,0
B6_D1,942,0,58,0,0
B10_D1,903,0,307,0,0
B10_D1,665,0,7,0,0
B6_D1,156,0,322,0,0
B2_D1,633,0,462,0,0
B6_D1,996,0,73,0,0
B2_D1,947,0,27,0,0
B10_D1,1013,0,71,0,0
B6_D1,161,0,134,0,0
B6_D1,741,0,281,0,0
B2_D1,845,0,241,0,0
B4_D1,156,0,361,0,0
B6_D1,1,0,152,0,0
B10_D1,820,0,314,0,0
B8_D1,216,0,67,0,0
B10_D1,341,0,505,0,0
B6_D1,995,0,0,0,0
B6_D1,752,0,497,0,0
B10_D1,578,0,296,0,0
B6_D1,781,0,93,0,0
B6_D1,573,0,488,0,0
B6_D1,382,0,482,0,0
G1_D1,464,0,13,0,0
B10_D1,423,0,395,0,0
B6_D1,878,0,71,0,0
G1_D1,312,0,400,0,0
B6_D1,106,0,323,0,0
B6_D1,466,0,290,0,0
B10_D1,774,0,4,0,0
B4_D1,972,0,35,0,0
B6_D1,452,0,27,0,0
B6_D1,439,0,50,0,0
B10_D1,207,0,42,0,0
B2_D1,685,0,52,0,0
B4_D1,549,0,386,0,0
B6_D1,430,0,168,0,0
B6_D1,262,0,482,0,0
G1_D1,999,0,148,0,0
B10_D1,668,0,110,0,0
G1_D1,778,0,389,0,0
B10_D1,454,0,482,0,0
B4_D1,304,0,222,0,0
G1_D1,129,0,288,0,0
B10_D1,938,0,371,0,0
B10_D1,283,0,29,0,0
B6_D1,19,0,29,0,0
G1_D1,19,0,281,0,0
B10_D1,668,0,380,0,0
B6_D1,37,0,116,0,0
B4_D1,992,0,42,0,0
B10_D1,97,0,121,0,0
B6_D1,853,0,298,0,0
B10_D1,612,0,104,0,0
B6_D1,754,0,107,0,0
G1_D1,965,0,21,0,0
B6_D1,5,0,328,0,0
B8_D1,998,0,246,0,0
G1_D1,202,0,18,0,0
B2_D1,556,0,39,0,0
B6_D1,907,0,218,0,0
G1_D1,91,0,510,0,0
B10_D1,272,0,138,0,0
B6_D1,46,0,273,0,0
B10_D1,775,0,252,0,0
B6_D1,426,0,59,0,0
G1_D1,569,0,200,0,0
B6_D1,334,0,223,0,0
B10_D1,592,0,331,0,0
G1_D1,294,0,7,0,0
G1_D1,549,0,20,0,0
B6_D1,71,0,36,0,0
B6_D1,829,0,258,0,0
G1_D1,1001,0,263,0,0
G1_D1,9,0,326,0,0
B6_D1,560,0,485,0,0
B10_D1,59,0,21,0,0
B6_D1,537,0,199,0,0
B6_D1,137,0,311,0,0
B6_D1,353,0,503,0,0
B4_D1,757,0,287,0,0
B6_D1,544,0,319,0,0
B10_D1,222,0,126,0,0
B6_D1,951,0,193,0,-1
B6_D1,354,0,50,0,0
G1_D1,776,0,385,0,0
B6_D1,303,0,202,0,0
B2_D1,831,0,0,0,0
B10_D1,119,0,178,0,0
B10_D1,404,0,122,0,0
B10_D1,823,0,418,0,0
G1_D1,373,0,442,0,2
B4_D1,338,0,219,0,0
B10_D1,229,0,306,0,0
B6_D1,505,0,366,0,-1
G1_D1,587,0,279,0,0
B2_D1,784,0,487,0,0
B10_D1,711,0,467,0,0
B2_D1,894,0,396,0,0
B4_D1,985,0,62,0,0
B4_D1,771,0,81,0,0
B6_D1,816,0,238,0,0
B10_D1,178,0,44,0,0
G1_D1,11,0,290,0,0
B10_D1,235,0,131,0,0
B2_D1,642,0,476,0,0
G1_D1,544,0,231,0,0
B6_D1,128,0,301,0,0
B10_D1,719,0,8,0,0
G1_D1,405,0,370,0,-1
B10_D1,675,0,239,0,0
G1_D1,24,0,8,0,0
B10_D1,780,0,170,0,0
B6_D1,5,0,186,0,0
B2_D1,50,0,271,0,0
G1_D1,846,0,238,0,0
B6_D1,505,0,30,0,0
G1_D1,847,0,32,0,0
G1_D1,300,0,413,0,0
G1_D1,464,0,3,0,0
G1_D1,1015,0,258,0,0
B6_D1,787,0,7,0,0
B10_D1,589,0,487,0,0
G1_D1,266,0,78,0,0
G1_D1,392,0,17,0,0
B10_D1,421,0,345,0,0
B6_D1,1013,0,314,0,0
B6_D1,75,0,448,0,0
B8_D1,91,0,276,0,0
B6_D1,17,0,452,0,0
G1_D1,801,0,447,0,0
B8_D1,189,0,345,0,0
B10_D1,998,0,493,0,0
G1_D1,991,0,84,0,0
B10_D1,77,0,161,0,0
B6_D1,678,0,18,0,0
B10_D1,545,0,85,0,0
B10_D1,954,0,271,0,0
B8_D1,1022,0,47,0,0
B10_D1,517,0,10,0,0
B6_D1,628,0,38,0,0
B10_D1,766,0,62,0,0
B4_D1,931,0,15,0,0
B10_D1,16,0,38,0,0
B6_D1,168,0,278,0,0
B6_D1,367,0,274,0,0
B6_D1,881,0,31,0,0
B4_D1,708,0,249,0,0
G1_D1,225,0,242,0,0
B10_D1,507,0,63,0,0
G1_D1,929,0,16,0,0
B4_D1,5,0,308,0,0
B6_D1,395,0,495,0,0
B10_D1,762,0,446,0,0
B6_D1,789,0,44,0,0
B2_D1,569,0,511,0,0
G1_D1,445,0,0,0,0
B6_D1,837,0,146,0,0
B2_D1,312,0,141,0,0
B10_D1,705,0,76,0,0
B10_D1,714,0,436,0,0
B6_D1,315,0,495,0,0
G1_D1,217,0,34,0,0
G1_D1,914,0,303,0,0
G1_D1,349,0,384,0,0
B6_D1,88,0,480,0,0
B10_D1,147,0,284,0,0
B6_D1,790,0,10,0,0
B4_D1,32,0,1,0,0
B6_D1,864,0,258,0,0
B6_D1,28,0,131,0,0
B6_D1,90,0,295,0,0
B10_D1,312,0,495,0,0
G1_D1,881,0,20,0,0
B10_D1,422,0,272,0,0
B10_D1,4,0,135,0,0
G1_D1,547,0,37,0,0
B4_D1,305,0,149,0,0
B10_D1,121,0,64,0,0
B10_D1,229,0,13,0,0
B6_D1,652,0,274,0,0
B4_D1,270,0,111,0,0
B6_D1,974,0,214,0,0
B10_D1,939,0,342,0,0
B6_D1,149,0,276,0,0
G1_D1,699,0,39,0,0
B10_D1,799,0,245,0,0
B6_D1,527,0,393,0,0
B10_D1,481,0,5,0,0
B6_D1,946,0,257,0,0
B6_D1,330,0,0,0,0
B6_D1,227,0,298,0,0
B10_D1,676,0,21,0,0
B6_D1,227,0,7,0,0
G1_D1,26,0,404,0,0
B6_D1,591,0,511,0,0
B6_D1,532,0,37,0,0
G1_D1,476,0,19,0,0
B10_D1,990,0,104,0,0
B6_D1,17,0,42,0,0
B10_D1,218,0,228,0,0
G1_D1,877,0,203,0,0
G1_D1,569,0,9,0,0
B6_D1,209,0,14,0,0
B6_D1,282,0,201,0,0
B10_D1,686,0,238,0,0
G1_D1,1002,0,233,0,0
B6_D1,718,0,393,0,0
B10_D1,605,0,84,0,0
B10_D1,781,0,333,0,0
B6_D1,515,0,490,0,0
B6_D1,529,0,160,0,0
B10_D1,832,0,407,0,0
B6_D1,399,0,475,0,0
B10_D1,468,0,105,0,0
B6_D1,635,0,389,0,0
G1_D1,592,0,278,0,0
B6_D1,854,0,9,0,0
B6_D1,474,0,301,0,0
B10_D1,796,0,33,0,0
B6_D1,510,0,0,0,0
B6_D1,796,0,199,0,0
B2_D1,377,0,204,0,0
B10_D1,434,0,461,0,0
B10_D1,670,0,169,0,0
B4_D1,602,0,30,0,0
B6_D1,537,0,12,0,0
G1_D1,666,0,32,0,0
B4_D1,1022,0,340,0,0
G1_D1,876,0,133,0,0
B6_D1,901,0,11,0,0
G1_D1,891,0,49,0,0
G1_D1,534,0,235,0,0
B4_D1,609,0,304,0,0
B6_D1,362,0,51,0,0
G1_D1,867,0,262,0,0
B6_D1,217,0,275,0,0
B6_D1,977,0,482,0,0
G1_D1,918,0,490,0,0
B10_D1,532,0,102,0,0
B6_D1,992,0,17,0,0
B10_D1,880,0,465,0,0
G1_D1,552,0,98,0,0
G1_D1,824,0,211,0,0
B10_D1,412,0,119,0,0
G1_D1,787,0,89,0,0
B10_D1,1023,0,138,0,0
B10_D1,460,0,480,0,0
B6_D1,205,0,490,0,0
B10_D1,257,0,142,0,0
B2_D1,350,0,227,0,0
B2_D1,791,0,283,0,0
B6_D1,473,0,49,0,0
G1_D1,389,0,161,0,0
B10_D1,793,0,406,0,0
B2_D1,701,0,265,0,0
B10_D1,316,0,511,0,0
G1_D1,670,0,109,0,0
B6_D1,26,0,511,0,0
B10_D1,733,0,23,0,0
B6_D1,998,0,75,0,0
B6_D1,261,0,481,0,0
B10_D1,112,0,402,0,0
G1_D1,293,0,182,0,0
B6_D1,811,0,142,0,0
B6_D1,40,0,87,0,0
B10_D1,649,0,8,0,0
B6_D1,215,0,370,0,0
B10_D1,681,0,3,0,0
B10_D1,629,0,145,0,0
G1_D1,54,0,35,0,0
B10_D1,542,0,18,0,0
B6_D1,357,0,104,0,0
B10_D1,138,0,503,0,0
B10_D1,405,0,134,0,0
B6_D1,218,0,8,0,0
B2_D1,599,0,97,0,0
B6_D1,640,0,165,0,0
B10_D1,521,0,329,0,0
B10_D1,141,0,86,0,0
G1_D1,534,0,14,0,0
B6_D1,898,0,98,0,0
B10_D1,494,0,317,0,0
B10_D1,589,0,503,0,0
B10_D1,384,0,396,0,0
B6_D1,81,0,41,0,0
G1_D1,57,0,344,0,0
B4_D1,39,0,139,0,0
B6_D1,432,0,275,0,0
B6_D1,216,0,134,0,0
B10_D1,517,0,100,0,0
B10_D1,693,0,477,0,0
B4_D1,755,0,197,0,0
B2_D1,522,0,484,0,0
B10_D1,139,0,10,0,0
B6_D1,917,0,142,0,0
B10_D1,296,0,406,0,0
G1_D1,926,0,21,0,0
B10_D1,254,0,245,0,0
B4_D1,546,0,148,0,0
B10_D1,599,0,35,0,0
B10_D1,696,0,67,0,0
B6_D1,522,0,47,0,0
B6_D1,64,0,24,0,0
G1_D1,481,0,82,0,0
B10_D1,228,0,216,0,0
B4_D1,912,0,96,0,0
B10_D1,264,0,306,0,0
B6_D1,827,0,447,0,0
B10_D1,804,0,410,0,0
G1_D1,902,0,439,0,0
B10_D1,469,0,42,0,0
B2_D1,746,0,471,0,0
B6_D1,863,0,68,0,0
G1_D1,113,0,419,0,0
B10_D1,409,0,221,0,0
B6_D1,777,0,497,0,0
B10_D1,907,0,91,0,0
B10_D1,206,0,346,0,0
B10_D1,78,0,164,0,0
B6_D1,633,0,318,0,0
G1_D1,619,0,7,0,0
B10_D1,397,0,407,0,0
B6_D1,15,0,261,0,0
B10_D1,285,0,336,0,0
B6_D1,648,0,503,0,0
B10_D1,993,0,271,0,0
G1_D1,116,0,133,0,0
B6_D1,646,0,371,0,0
B10_D1,1009,0,478,0,0
B6_D1,946,0,329,0,0
G1_D1,540,0,96,0,0
B8_D1,516,0,291,0,0
B10_D1,462,0,303,0,0
B10_D1,747,0,166,0,0
B2_D1,916,0,439,0,0
B4_D1,879,0,33,0,0
B10_D1,857,0,291,0,0
B6_D1,487,0,171,0,0
B10_D1,412,0,493,0,0
B8_D1,221,0,83,0,0
B10_D1,735,0,254,0,0
B6_D1,139,0,132,0,0
B10_D1,286,0,97,0,0
B4_D1,507,0,48,0,0
B10_D1,153,0,183,0,0
B10_D1,104,0,208,0,0
B4_D1,855,0,63,0,0
G1_D1,1018,0,336,0,0
B6_D1,981,0,357,0,-1
B10_D1,523,0,474,0,0
B10_D1,670,0,245,0,0
G1_D1,245,0,280,0,0
G1_D1,1010,0,173,0,0
B6_D1,122,0,82,0,0
B6_D1,935,0,510,0,0
B6_D1,507,0,256,0,0
B6_D1,79,0,423,0,0
B8_D1,42,0,273,0,0
B6_D1,955,0,178,0,0
B10_D1,882,0,353,0,0
B4_D1,829,0,211,0,0
B8_D1,851,0,303,0,0
B6_D1,83,0,179,0,0
B6_D1,334,0,34,0,0
G1_D1,921,0,234,0,0
B6_D1,60,0,421,0,0
B10_D1,537,0,277,0,0
B6_D1,610,0,375,0,-1
G1_D1,250,0,357,0,0
B6_D1,574,0,9,0,0
B10_D1,582,0,299,0,0
G1_D1,154,0,264,0,0
G1_D1,30,0,164,0,0
B10_D1,68,0,316,0,0
B10_D1,405,0,239,0,0
B10_D1,661,0,163,0,0
B6_D1,966,0,397,0,0
B6_D1,956,0,447,0,-1
B6_D1,508,0,493,0,0
B10_D1,518,0,163,0,0
B6_D1,841,0,54,0,0
G1_D1,11,0,221,0,0
B2_D1,213,0,75,0,0
B4_D1,173,0,119,0,0
B10_D1,201,0,208,0,0
B10_D1,931,0,435,0,0
B10_D1,464,0,315,0,0
B4_D1,780,0,223,0,0
B4_D1,268,0,250,0,0
B2_D1,283,0,126,0,0
G1_D1,913,0,111,0,0
B10_D1,726,0,322,0,0
B2_D1,277,0,141,0,0
B6_D1,952,0,42,0,0
G1_D1,1023,0,485,0,0
B6_D1,821,0,41,0,0
B4_D1,6,0,478,0,0
B6_D1,166,0,41,0,0
B6_D1,962,0,17,0,0
B10_D1,433,0,336,0,0
B6_D1,350,0,170,0,0
B10_D1,556,0,508,0,0
B10_D1,477,0,413,0,0
B6_D1,273,0,339,0,0
G1_D1,324,0,319,0,0
B6_D1,171,0,107,0,0
B6_D1,353,0,43,0,0
B10_D1,754,0,62,0,0
B6_D1,510,0,299,0,0
B10_D1,879,0,243,0,0
B10_D1,441,0,243,0,0
B6_D1,532,0,198,0,0
G1_D1,576,0,197,0,0
B10_D1,313,0,123,0,0
G1_D1,11,0,177,0,0
B10_D1,143,0,285,0,0
G1_D1,934,0,6,0,0
B6_D1,530,0,249,0,0
B10_D1,211,0,141,0,0
B8_D1,752,0,231,0,0
B6_D1,16,0,26,0,0
B6_D1,183,0,278,0,0
B6_D1,869,0,102,0,0
B6_D1,343,0,28,0,0
B6_D1,236,0,41,0,0
B10_D1,274,0,31,0,0
B4_D1,142,0,186,0,0
G1_D1,766,0,68,0,0
B10_D1,334,0,229,0,0
G1_D1,14,0,153,0,0
B6_D1,820,0,106,0,0
B6_D1,423,0,421,0,0
G1_D1,964,0,4,0,0
B10_D1,778,0,87,0,0
B6_D1,933,0,345,0,0
B4_D1,1017,0,24,0,0
G1_D1,207,0,38,0,0
B10_D1,230,0,231,0,0
G1_D1,31,0,114,0,0
G1_D1,396,0,21,0,0
B10_D1,915,0,29,0,0
G1_D1,105,0,116,0,0
B6_D1,639,0,184,0,0
B10_D1,399,0,61,0,0
B6_D1,135,0,173,0,0
B6_D1,985,0,120,0,0
B6_D1,808,0,60,0,0
B10_D1,887,0,504,0,0
G1_D1,1000,0,0,0,0
B6_D1,378,0,3,0,0
B10_D1,583,0,501,0,0
G1_D1,995,0,40,0,0
G1_D1,886,0,221,0,0
B10_D1,1001,0,489,0,0
G1_D1,990,0,285,0,0
B10_D1,803,0,298,0,0
B10_D1,596,0,48,0,0
B8_D1,358,0,294,0,0
B6_D1,831,0,501,0,0
B6_D1,26,0,195,0,0
B10_D1,535,0,265,0,0
B6_D1,821,0,215,0,0
B4_D1,1022,0,279,0,0
B6_D1,494,0,494,0,0
B2_D1,265,0,394,0,0
B6_D1,58,0,273,0,0
G1_D1,196,0,46,0,0
B10_D1,541,0,159,0,0
B6_D1,717,0,12,0,0
B10_D1,184,0,23,0,0
G1_D1,914,0,81,0,0
B10_D1,712,0,92,0,0
G1_D1,360,0,119,0,0
G1_D1,90,0,204,0,0
B2_D1,485,0,469,0,0
B2_D1,219,0,205,0,0
B10_D1,615,0,66,0,0
B10_D1,535,0,324,0,0
B6_D1,65,0,418,0,0
B10_D1,832,0,84,0,0
G1_D1,502,0,82,0,0
B6_D1,753,0,446,0,0
B6_D1,190,0,197,0,0
B2_D1,456,0,287,0,0
B6_D1,834,0,101,0,0
B6_D1,706,0,31,0,0
B2_D1,661,0,503,0,0
B8_D1,138,0,71,0,0
B2_D1,466,0,159,0,0
B6_D1,769,0,267,0,0
B6_D1,343,0,508,0,0
B6_D1,844,0,88,0,0
B6_D1,146,0,304,0,0
B10_D1,28,0,26,0,0
B6_D1,151,0,21,0,0
B6_D1,420,0,57,0,0
B4_D1,425,0,381,0,0
B10_D1,1006,0,335,0,0
B8_D1,142,0,232,0,0
B10_D1,625,0,136,0,0
B6_D1,490,0,306,0,0
B6_D1,619,0,489,0,0
G1_D1,19,0,260,0,0
B6_D1,848,0,508,0,0
B2_D1,95,0,94,0,0
B6_D1,469,0,416,0,0
B6_D1,56,0,178,0,0
B6_D1,162,0,2,0,0
B10_D1,824,0,25,0,0
B10_D1,41,0,71,0,0
B10_D1,409,0,61,0,0
B10_D1,386,0,1,0,0
B6_D1,140,0,208,0,0
G1_D1,964,0,255,0,0
B10_D1,476,0,56,0,0
B6_D1,181,0,474,0,0
B10_D1,409,0,104,0,0
B2_D1,910,0,162,0,0
B2_D1,623,0,480,0,0
B10_D1,392,0,198,0,0
B6_D1,325,0,141,0,0
B6_D1,473,0,369,0,0
B4_D1,190,0,113,0,0
B2_D1,798,0,36,0,0
B10_D1,294,0,95,0,0
B2_D1,772,0,42,0,0
B6_D1,704,0,112,0,0
B6_D1,872,0,507,0,0
B10_D1,934,0,4,0,0
B6_D1,175,0,238,0,0
B6_D1,813,0,376,0,0
B10_D1,434,0,249,0,0
G1_D1,323,0,320,0,0
B10_D1,320,0,196,0,0
B2_D1,971,0,3,0,0
B6_D1,982,0,427,0,0
B10_D1,224,0,62,0,0
B10_D1,673,0,319,0,0
B10_D1,835,0,284,0,0
B6_D1,979,0,76,0,0
B6_D1,864,0,245,0,0
B6_D1,1015,0,490,0,0
B6_D1,777,0,482,0,0
B4_D1,124,0,350,0,0
G1_D1,999,0,2,0,0
G1_D1,989,0,22,0,0
G1_D1,589,0,12,0,0
B10_D1,252,0,235,0,0
B6_D1,25,0,35,0,0
B6_D1,128,0,273,0,0
G1_D1,937,0,267,0,0
G1_D1,717,0,43,0,0
B10_D1,421,0,265,0,0
B10_D1,528,0,286,0,0
B6_D1,596,0,198,0,0
B10_D1,143,0,53,0,0
B6_D1,529,0,405,0,0
B10_D1,43,0,4,0,0
B6_D1,788,0,483,0,0
G1_D1,169,0,259,0,0
B4_D1,843,0,219,0,0
B10_D1,875,0,40,0,0
B10_D1,318,0,273,0,0
B10_D1,796,0,402,0,0
G1_D1,674,0,10,0,0
B10_D1,383,0,174,0,0
G1_D1,734,0,10,0,0
B6_D1,157,0,507,0,0
G1_D1,70,0,22,0,0
B6_D1,352,0,492,0,0
G1_D1,92,0,86,0,0
B6_D1,80,0,131,0,0
B6_D1,150,0,367,0,0
G1_D1,171,0,19,0,0
B10_D1,718,0,71,0,0
B10_D1,224,0,10,0,0
B4_D1,921,0,96,0,0
B6_D1,915,0,144,0,0
G1_D1,110,0,93,0,0
B6_D1,203,0,456,0,0
B4_D1,657,0,279,0,0
B6_D1,240,0,335,0,0
G1_D1,963,0,158,0,0
B6_D1,229,0,489,0,0
B6_D1,473,0,59,0,0
G1_D1,268,0,179,0,0
B10_D1,471,0,222,0,0
B10_D1,827,0,90,0,0
G1_D1,260,0,304,0,0
B6_D1,374,0,34,0,0
G1_D1,880,0,94,0,0
B6_D1,654,0,39,0,0
B8_D1,117,0,134,0,0
B6_D1,480,0,40,0,0
B10_D1,403,0,59,0,0
B2_D1,461,0,372,0,0
B6_D1,524,0,291,0,0
B6_D1,446,0,59,0,0
B10_D1,561,0,305,0,0
B2_D1,766,0,283,0,0
B10_D1,642,0,374,0,0
B10_D1,821,0,22,0,0
G1_D1,881,0,221,0,0
G1_D1,719,0,61,0,0
G1_D1,26,0,101,0,0
B6_D1,322,0,482,0,0
B10_D1,551,0,160,0,0
B6_D1,999,0,301,0,0
B10_D1,699,0,70,0,0
B10_D1,825,0,243,0,0
B10_D1,81,0,33,0,0
B10_D1,456,0,87,0,0
B6_D1,558,0,346,0,0
B6_D1,101,0,160,0,0
B6_D1,67,0,280,0,0
B10_D1,749,0,255,0,0
B6_D1,450,0,419,0,0
B6_D1,630,0,317,0,0
B6_D1,168,0,508,0,0
B8_D1,794,0,227,0,0
G1_D1,315,0,338,0,0
B10_D1,860,0,370,0,0
G1_D1,97,0,267,0,0
B10_D1,377,0,184,0,0
B10_D1,452,0,235,0,0
B4_D1,196,0,359,0,0
G1_D1,262,0,252,0,0
B6_D1,200,0,495,0,0
B4_D1,656,0,302,0,0
G1_D1,547,0,98,0,0
G1_D1,639,0,6,0,0
B10_D1,678,0,168,0,0
B10_D1,59,0,171,0,0
B6_D1,441,0,41,0,0
B6_D1,394,0,192,0,0
B6_D1,338,0,82,0,0
B4_D1,1,0,307,0,0
B10_D1,418,0,231,0,0
B6_D1,866,0,195,0,0
B6_D1,814,0,58,0,0
G1_D1,779,0,2,0,0
B6_D1,717,0,42,0,0
G1_D1,995,0,140,0,0
B10_D1,978,0,80,0,0
G1_D1,187,0,374,0,0
G1_D1,542,0,281,0,0
B6_D1,887,0,348,0,0
B4_D1,964,0,42,0,0
B4_D1,243,0,278,0,0
B8_D1,98,0,223,0,-1
B10_D1,423,0,316,0,0
G1_D1,70,0,0,0,0
B10_D1,388,0,344,0,0
B10_D1,266,0,241,0,0
G1_D1,5,0,491,0,0
B10_D1,358,0,18,0,0
B2_D1,683,0,56,0,0
B10_D1,702,0,419,0,0
B2_D1,133,0,206,0,0
B10_D1,796,0,442,0,0
B10_D1,72,0,12,0,0
B6_D1,136,0,213,0,0
B10_D1,595,0,304,0,0
B4_D1,110,0,48,0,0
G1_D1,630,0,93,0,0
B4_D1,887,0,81,0,0
B6_D1,990,0,510,0,0
B10_D1,627,0,477,0,0
B10_D1,104,0,51,0,0
B6_D1,740,0,192,0,0
B6_D1,246,0,239,0,0
B6_D1,489,0,34,0,0
B6_D1,105,0,80,0,0
B2_D1,332,0,160,0,0
B2_D1,455,0,286,0,0
B2_D1,688,0,53,0,0
B6_D1,471,0,188,0,0
G1_D1,1010,0,66,0,0
B4_D1,86,0,402,0,0
B10_D1,428,0,99,0,0
B6_D1,921,0,501,0,0
B10_D1,129,0,133,0,0
B6_D1,583,0,18,0,0
G1_D1,410,0,113,0,0
G1_D1,240,0,491,0,0
B10_D1,906,0,316,0,0
G1_D1,370,0,410,0,0
B6_D1,113,0,488,0,0
B10_D1,690,0,254,0,0
G1_D1,1017,0,270,0,0
G1_D1,973,0,158,0,0
B4_D1,626,0,30,0,0
B6_D1,434,0,351,0,0
B10_D1,867,0,337,0,0
B10_D1,125,0,44,0,0
G1_D1,214,0,344,0,0
B6_D1,831,0,21,0,0
B2_D1,476,0,39,0,0
B6_D1,294,0,19,0,0
B10_D1,430,0,33,0,0
G1_D1,934,0,287,0,0
B2_D1,577,0,454,0,9
B10_D1,23,0,177,0,0
B6_D1,392,0,173,0,0
B10_D1,236,0,115,0,0
B10_D1,249,0,168,0,0
B10_D1,125,0,260,0,0
B6_D1,520,0,40,0,0
B6_D1,642,0,380,0,0
B6_D1,139,0,83,0,0
B6_D1,128,0,33,0,0
B10_D1,1019,0,24,0,0
G1_D1,873,0,466,0,0
B4_D1,623,0,284,0,0
B6_D1,607,0,22,0,0
G1_D1,919,0,287,0,0
B6_D1,540,0,258,0,0
B6_D1,981,0,486,0,0
B6_D1,904,0,499,0,0
G1_D1,949,0,263,0,0
B10_D1,785,0,249,0,0
B10_D1,473,0,103,0,0
B10_D1,338,0,386,0,0
G1_D1,358,0,394,0,-1
B6_D1,659,0,39,0,0
B6_D1,652,0,2,0,0
B6_D1,554,0,370,0,0
B10_D1,308,0,404,0,0
G1_D1,925,0,247,0,0
G1_D1,28,0,168,0,0
B4_D1,63,0,292,0,0
G1_D1,1004,0,99,0,0
B10_D1,508,0,281,0,0
B10_D1,803,0,311,0,0
B10_D1,940,0,495,0,0
B10_D1,254,0,316,0,0
B10_D1,916,0,65,0,0
B4_D1,663,0,21,0,0
B10_D1,602,0,315,0,0
B6_D1,968,0,483,0,0
B10_D1,868,0,229,0,0
G1_D1,761,0,242,0,0
B10_D1,617,0,97,0,0
B10_D1,25,0,167,0,0
G1_D1,470,0,102,0,0
B10_D1,218,0,4,0,0
G1_D1,772,0,258,0,0
B6_D1,445,0,168,0,0
B10_D1,322,0,97,0,0
B6_D1,540,0,299,0,0
B6_D1,146,0,491,0,0
B6_D1,159,0,170,0,0
B4_D1,973,0,12,0,0
B10_D1,847,0,66,0,0
G1_D1,834,0,4,0,0
B6_D1,157,0,131,0,0
B10_D1,281,0,251,0,0
G1_D1,704,0,43,0,0
B10_D1,644,0,461,0,0
B6_D1,523,0,383,0,0
B6_D1,391,0,501,0,0
B6_D1,220,0,65,0,0
B6_D1,645,0,490,0,0
G1_D1,179,0,13,0,0
B10_D1,563,0,308,0,0
B10_D1,180,0,284,0,0
G1_D1,13,0,188,0,0
B6_D1,5,0,35,0,0
B6_D1,504,0,504,0,0
B6_D1,425,0,35,0,0
B10_D1,576,0,285,0,0
B6_D1,180,0,197,0,0
B6_D1,218,0,479,0,0
B10_D1,738,0,32,0,0
B10_D1,141,0,44,0,0
B10_D1,248,0,73,0,0
B10_D1,586,0,457,0,9
B2_D1,809,0,47,0,0
G1_D1,299,0,391,0,-1
B6_D1,974,0,143,0,0
B6_D1,915,0,429,0,0
B6_D1,449,0,376,0,0
B8_D1,84,0,112,0,0
B4_D1,376,0,386,0,0
B6_D1,942,0,276,0,0
B2_D1,306,0,497,0,0
B10_D1,725,0,122,0,0
B4_D1,847,0,34,0,0
B10_D1,540,0,412,0,0
B10_D1,420,0,71,0,0
B6_D1,633,0,503,0,0
G1_D1,29,0,395,0,0
B6_D1,577,0,17,0,0
B10_D1,516,0,330,0,0
B10_D1,204,0,230,0,0
B10_D1,669,0,108,0,0
B6_D1,911,0,161,0,0
B10_D1,261,0,161,0,0
B10_D1,668,0,319,0,0
G1_D1,557,0,242,0,0
B6_D1,1001,0,491,0,0
B10_D1,146,0,208,0,0
B6_D1,960,0,401,0,0
B2_D1,1,0,452,0,0
B4_D1,857,0,35,0,0
B6_D1,458,0,51,0,0
B6_D1,691,0,302,0,0
B6_D1,598,0,166,0,0
B10_D1,824,0,68,0,0
B10_D1,387,0,256,0,0
B6_D1,912,0,474,0,0
B6_D1,720,0,347,0,0
B4_D1,382,0,296,0,0
B6_D1,787,0,17,0,0
B4_D1,287,0,263,0,0
B6_D1,426,0,270,0,0
B10_D1,297,0,160,0,0
B2_D1,721,0,75,0,0
G1_D1,804,0,66,0,0
B6_D1,756,0,185,0,0
B10_D1,407,0,115,0,0
B6_D1,936,0,36,0,0
B10_D1,840,0,319,0,0
B6_D1,705,0,333,0,0
B6_D1,3,0,359,0,0
B10_D1,992,0,206,0,0
B6_D1,302,0,37,0,0
B6_D1,541,0,281,0,0
B6_D1,858,0,156,0,0
B6_D1,809,0,384,0,0
B10_D1,53,0,145,0,0
B4_D1,68,0,17,0,0
B2_D1,278,0,501,0,0
B6_D1,622,0,412,0,0
G1_D1,793,0,247,0,0
G1_D1,669,0,185,0,0
B6_D1,988,0,200,0,0
G1_D1,85,0,105,0,0
G1_D1,59,0,5,0,0
B6_D1,738,0,422,0,0
B10_D1,425,0,362,0,0
B10_D1,24,0,129,0,0
B6_D1,158,0,120,0,0
B10_D1,596,0,5,0,0
B10_D1,6,0,193,0,0
B10_D1,690,0,251,0,0
B6_D1,458,0,243,0,0
B10_D1,319,0,197,0,0
B10_D1,872,0,87,0,0
B6_D1,330,0,141,0,0
G1_D1,733,0,464,0,0
B2_D1,661,0,169,0,0
B6_D1,16,0,240,0,0
B6_D1,487,0,437,0,5
G1_D1,709,0,13,0,0
B10_D1,715,0,123,0,0
B6_D1,763,0,481,0,0
B4_D1,628,0,161,0,0
G1_D1,632,0,158,0,0
B6_D1,611,0,315,0,0
B10_D1,466,0,472,0,0
B10_D1,395,0,509,0,0
G1_D1,52,0,330,0,0
G1_D1,944,0,4,0,0
G1_D1,405,0,124,0,0
G1_D1,544,0,13,0,0
B10_D1,420,0,26,0,0
B4_D1,594,0,190,0,0
B10_D1,862,0,270,0,0
B2_D1,858,0,54,0,0
B4_D1,673,0,189,0,0
B2_D1,790,0,19,0,0
G1_D1,30,0,25,0,0
B6_D1,618,0,353,0,0
B8_D1,10,0,214,0,0
B10_D1,473,0,33,0,0
B10_D1,155,0,438,0,0
B10_D1,948,0,40,0,0
G1_D1,65,0,118,0,0
G1_D1,34,0,6,0,0
B6_D1,902,0,85,0,0
B2_D1,211,0,76,0,0
B10_D1,66,0,178,0,0
G1_D1,999,0,83,0,0
G1_D1,478,0,79,0,0
G1_D1,16,0,208,0,0
B10_D1,515,0,409,0,0
B6_D1,951,0,130,0,0
B6_D1,220,0,274,0,0
B6_D1,291,0,429,0,0
B2_D1,1,0,131,0,0
G1_D1,1010,0,152,0,0
B10_D1,146,0,270,0,0
B6_D1,839,0,351,0,0
B6_D1,741,0,102,0,0
B6_D1,213,0,184,0,0
B6_D1,332,0,7,0,0
B6_D1,43,0,122,0,0
B4_D1,906,0,254,0,0
B10_D1,751,0,274,0,0
B4_D1,688,0,106,0,0
B6_D1,739,0,39,0,0
G1_D1,763,0,244,0,0
B6_D1,397,0,173,0,0
G1_D1,47,0,304,0,0
B6_D1,358,0,38,0,0
B6_D1,616,0,41,0,0
B2_D1,886,0,71,0,0
B10_D1,172,0,241,0,0
B2_D1,766,0,492,0,0
B10_D1,147,0,333,0,0
B2_D1,669,0,508,0,0
B6_D1,869,0,386,0,0
B6_D1,382,0,156,0,0
G1_D1,516,0,33,0,0
B6_D1,794,0,423,0,0
G1_D1,339,0,311,0,0
G1_D1,889,0,11,0,0
B6_D1,778,0,43,0,0
B6_D1,569,0,504,0,0
G1_D1,969,0,151,0,0
B6_D1,740,0,345,0,0
G1_D1,36,0,65,0,0
B6_D1,146,0,90,0,0
B6_D1,838,0,55,0,0
B10_D1,525,0,241,0,0
B6_D1,83,0,299,0,0
B10_D1,675,0,84,0,0
B4_D1,665,0,15,0,0
B6_D1,882,0,311,0,0
B6_D1,782,0,259,0,0
B6_D1,485,0,30,0,0
B10_D1,231,0,25,0,0
G1_D1,943,0,74,0,0
B10_D1,929,0,338,0,0
B6_D1,774,0,72,0,0
B10_D1,619,0,48,0,0
B6_D1,435,0,20,0,0
B10_D1,923,0,16,0,0
B10_D1,420,0,266,0,0
B10_D1,38,0,115,0,0
G1_D1,1007,0,190,0,0
B6_D1,221,0,315,0,0
G1_D1,459,0,6,0,0
B6_D1,138,0,448,0,0
B10_D1,311,0,90,0,0
G1_D1,1001,0,144,0,0
B6_D1,680,0,495,0,0
B6_D1,858,0,13,0,0
B10_D1,413,0,257,0,0
B6_D1,99,0,375,0,0
B10_D1,737,0,464,0,0
B2_D1,888,0,90,0,0
B6_D1,794,0,451,0,0
G1_D1,563,0,69,0,0
G1_D1,316,0,155,0,0
B4_D1,282,0,260,0,0
B6_D1,281,0,151,0,0
G1_D1,9,0,16,0,0
G1_D1,508,0,66,0,0
B10_D1,537,0,243,0,0
B4_D1,780,0,206,0,0
B10_D1,235,0,313,0,0
B10_D1,302,0,243,0,0
G1_D1,724,0,279,0,0
B10_D1,94,0,275,0,0
G1_D1,972,0,28,0,0
B4_D1,949,0,251,0,0
B6_D1,829,0,484,0,0
B10_D1,818,0,182,0,0
B10_D1,376,0,156,0,0
G1_D1,283,0,265,0,0
B4_D1,617,0,349,0,0
B10_D1,658,0,242,0,0
B10_D1,539,0,186,0,0
B4_D1,537,0,417,0,0
B6_D1,829,0,190,0,0
B10_D1,877,0,349,0,0
B10_D1,203,0,287,0,0
B6_D1,464,0,241,0,0
B10_D1,624,0,195,0,0
B6_D1,253,0,118,0,0
B6_D1,660,0,65,0,0
B6_D1,7,0,163,0,0
G1_D1,362,0,18,0,0
B4_D1,179,0,63,0,0
G1_D1,167,0,225,0,0
B10_D1,533,0,97,0,0
B6_D1,1,0,115,0,0
B6_D1,370,0,369,0,0
B10_D1,786,0,333,0,0
B6_D1,11,0,481,0,0
G1_D1,604,0,11,0,0
B2_D1,216,0,151,0,0
B4_D1,688,0,160,0,0
B10_D1,20,0,183,0,0
G1_D1,35,0,173,0,0
B4_D1,453,0,216,0,0
B10_D1,603,0,311,0,0
B2_D1,949,0,147,0,0
B6_D1,594,0,318,0,0
B6_D1,442,0,111,0,0
G1_D1,797,0,273,0,0
B2_D1,726,0,7,0,0
B10_D1,190,0,48,0,0
G1_D1,307,0,191,0,0
B6_D1,665,0,74,0,0
B6_D1,391,0,41,0,0
B4_D1,610,0,356,0,0
B6_D1,36,0,407,0,0
B6_D1,883,0,170,0,0
B8_D1,1022,0,13,0,0
B10_D1,489,0,157,0,0
G1_D1,1001,0,156,0,0
B6_D1,733,0,8,0,0
B10_D1,750,0,312,0,0
B6_D1,978,0,28,0,0
B10_D1,637,0,120,0,0
B6_D1,399,0,50,0,0
B2_D1,501,0,218,0,0
B4_D1,833,0,76,0,0
B10_D1,698,0,509,0,0
B6_D1,888,0,498,0,0
B6_D1,611,0,284,0,0
B8_D1,349,0,296,0,0
B6_D1,913,0,503,0,0
B4_D1,236,0,65,0,0
B6_D1,209,0,509,0,0
G1_D1,624,0,357,0,0
B6_D1,746,0,31,0,0
B6_D1,914,0,425,0,0
B6_D1,380,0,252,0,0
B10_D1,243,0,286,0,0
G1_D1,924,0,294,0,0
B10_D1,776,0,452,0,0
B6_D1,449,0,44,0,0
B10_D1,795,0,172,0,0
B10_D1,546,0,1,0,0
B6_D1,221,0,41,0,0
B6_D1,439,0,436,0,0
B10_D1,243,0,281,0,0
G1_D1,504,0,154,0,0
B10_D1,523,0,189,0,0
B6_D1,855,0,211,0,0
B10_D1,4,0,8,0,0
B10_D1,229,0,338,0,0
B6_D1,370,0,329,0,0
B2_D1,676,0,460,0,0
B10_D1,771,0,115,0,0
G1_D1,322,0,321,0,0
B10_D1,16,0,105,0,0
B6_D1,498,0,3,0,0
B8_D1,717,0,192,0,0
B6_D1,128,0,97,0,0
B10_D1,280,0,305,0,0
B2_D1,901,0,406,0,0
B6_D1,1013,0,493,0,0
G1_D1,689,0,34,0,0
B2_D1,912,0,39,0,0
B10_D1,251,0,126,0,0
B6_D1,1014,0,231,0,0
B6_D1,204,0,44,0,0
G1_D1,1019,0,483,0,0
B10_D1,832,0,317,0,0
B10_D1,367,0,338,0,0
B10_D1,99,0,190,0,0
B6_D1,791,0,458,0,0
G1_D1,1016,0,205,0,0
B6_D1,848,0,301,0,0
G1_D1,394,0,89,0,0
B6_D1,992,0,492,0,0
B10_D1,656,0,1,0,0
G1_D1,402,0,66,0,0
G1_D1,909,0,64,0,0
B6_D1,1022,0,455,0,0
B10_D1,668,0,391,0,0
B6_D1,992,0,487,0,0
B6_D1,837,0,497,0,0
B4_D1,9,0,68,0,0
B10_D1,155,0,40,0,0
B10_D1,9,0,371,0,0
B6_D1,1005,0,207,0,0
G1_D1,754,0,457,0,0
G1_D1,851,0,97,0,0
B10_D1,763,0,408,0,0
B10_D1,234,0,251,0,0
B6_D1,46,0,237,0,0
B2_D1,383,0,34,0,0
B4_D1,312,0,217,0,0
B10_D1,577,0,287,0,0
B6_D1,769,0,196,0,0
G1_D1,975,0,123,0,0
G1_D1,757,0,386,0,-1
B6_D1,701,0,36,0,0
B8_D1,52,0,328,0,0
B6_D1,76,0,46,0,0
B10_D1,116,0,110,0,0
B10_D1,815,0,178,0,0
B10_D1,106,0,38,0,0
B6_D1,629,0,341,0,0
B10_D1,313,0,65,0,0
B10_D1,484,0,405,0,0
B10_D1,438,0,194,0,0
B4_D1,780,0,96,0,0
B10_D1,668,0,4,0,0
G1_D1,1023,0,154,0,0
G1_D1,154,0,11,0,0
G1_D1,810,0,320,0,0
B10_D1,786,0,81,0,0
B10_D1,513,0,474,0,0
G1_D1,684,0,248,0,0
G1_D1,744,0,20,0,0
B6_D1,944,0,90,0,0
B6_D1,946,0,21,0,0
G1_D1,194,0,13,0,0
G1_D1,338,0,440,0,0
G1_D1,657,0,70,0,0
B6_D1,418,0,8,0,0
B10_D1,242,0,166,0,0
G1_D1,264,0,3,0,0
B6_D1,544,0,9,0,0
G1_D1,534,0,74,0,0
B10_D1,13,0,22,0,0
B10_D1,757,0,41,0,0
B10_D1,828,0,430,0,0
B6_D1,652,0,32,0,0
G1_D1,344,0,273,0,0
G1_D1,995,0,155,0,0
B4_D1,726,0,35,0,0
B6_D1,763,0,464,0,0
B2_D1,859,0,4,0,0
B6_D1,470,0,297,0,0
B6_D1,405,0,510,0,0
B4_D1,28,0,125,0,0
G1_D1,174,0,3,0,0
B4_D1,4,0,31,0,0
B6_D1,822,0,502,0,0
B6_D1,35,0,15,0,0
B4_D1,199,0,194,0,0
B6_D1,520,0,315,0,0
B6_D1,191,0,486,0,0
B6_D1,850,0,135,0,0
B8_D1,1022,0,75,0,0
B6_D1,8,0,18,0,0
B10_D1,403,0,162,0,0
G1_D1,553,0,97,0,0
B6_D1,686,0,511,0,0
B10_D1,543,0,259,0,0
B10_D1,470,0,92,0,0
B6_D1,565,0,264,0,0
B10_D1,830,0,55,0,0
B6_D1,223,0,374,0,0
B6_D1,678,0,183,0,0
G1_D1,1020,0,95,0,0
G1_D1,88,0,90,0,0
B10_D1,337,0,415,0,0
B6_D1,772,0,497,0,0
B10_D1,312,0,53,0,0
B6_D1,578,0,479,0,0
B6_D1,522,0,185,0,0
B2_D1,356,0,134,0,0
B6_D1,288,0,187,0,0
B4_D1,864,0,211,0,0
B10_D1,868,0,341,0,0
B10_D1,49,0,37,0,0
B6_D1,165,0,55,0,0
G1_D1,50,0,25,0,0
B6_D1,376,0,31,0,0
B4_D1,482,0,373,0,0
B10_D1,644,0,274,0,0
B6_D1,920,0,15,0,0
B6_D1,211,0,506,0,0
B10_D1,359,0,274,0,0
B10_D1,871,0,64,0,0
B10_D1,951,0,3,0,0
B10_D1,152,0,291,0,0
B10_D1,129,0,191,0,0
G1_D1,614,0,16,0,0
B6_D1,658,0,372,0,0
B6_D1,344,0,9,0,0
B6_D1,368,0,481,0,0
B4_D1,740,0,324,0,0
B6_D1,561,0,293,0,0
B6_D1,86,0,48,0,0
B6_D1,591,0,284,0,0
B6_D1,108,0,465,0,0
B6_D1,342,0,378,0,0
B10_D1,682,0,266,0,0
G1_D1,192,0,495,0,0
G1_D1,751,0,35,0,0
G1_D1,285,0,280,0,0
B6_D1,907,0,370,0,-1
B4_D1,763,0,311,0,0
B10_D1,382,0,6,0,0
B10_D1,416,0,0,0,0
B10_D1,111,0,63,0,0
G1_D1,986,0,91,0,0
B2_D1,704,0,511,0,0
B8_D1,425,0,284,0,0
B8_D1,791,0,308,0,0
B10_D1,119,0,133,0,0
B10_D1,618,0,224,0,0
B6_D1,206,0,46,0,0
B6_D1,219,0,4,0,0
B6_D1,697,0,455,0,0
B2_D1,320,0,41,0,0
G1_D1,727,0,511,0,0
G1_D1,180,0,236,0,0
B10_D1,631,0,42,0,0
B4_D1,219,0,210,0,0
B10_D1,197,0,164,0,0
B10_D1,216,0,71,0,0
B8_D1,709,0,188,0,0
B6_D1,714,0,360,0,0
B10_D1,8,0,27,0,0
B10_D1,50,0,18,0,0
B8_D1,502,0,292,0,0
B10_D1,1021,0,21,0,0
G1_D1,714,0,255,0,0
B6_D1,501,0,16,0,0
B6_D1,437,0,47,0,0
B10_D1,782,0,107,0,0
B6_D1,48,0,508,0,0
B10_D1,180,0,73,0,0
B6_D1,488,0,325,0,0
B10_D1,321,0,276,0,0
B10_D1,748,0,37,0,0
B4_D1,359,0,200,0,0
B6_D1,191,0,336,0,0
B8_D1,766,0,217,0,0
B6_D1,616,0,190,0,0
G1_D1,1020,0,301,0,0
G1_D1,657,0,243,0,0
B6_D1,418,0,28,0,0
B10_D1,488,0,130,0,0
B2_D1,1,0,123,0,0
B10_D1,785,0,424,0,0
B10_D1,526,0,3,0,0
B10_D1,83,0,324,0,0
G1_D1,327,0,315,0,0
B6_D1,811,0,93,0,0
G1_D1,202,0,74,0,0
B10_D1,241,0,424,0,0
B10_D1,598,0,107,0,0
B6_D1,870,0,490,0,0
G1_D1,128,0,371,0,0
B10_D1,36,0,78,0,0
B10_D1,595,0,349,0,0
G1_D1,359,0,13,0,0
B4_D1,670,0,15,0,0
G1_D1,147,0,499,0,0
G1_D1,74,0,310,0,0
B6_D1,767,0,339,0,0
G1_D1,950,0,278,0,0
B10_D1,88,0,22,0,0
G1_D1,150,0,376,0,0
G1_D1,88,0,201,0,0
B6_D1,514,0,174,0,0
B6_D1,484,0,72,0,0
B6_D1,466,0,402,0,0
G1_D1,42,0,192,0,0
B10_D1,756,0,445,0,0
B10_D1,902,0,236,0,0
G1_D1,20,0,203,0,0
B4_D1,710,0,195,0,0
B6_D1,936,0,394,0,0
B10_D1,597,0,315,0,0
B10_D1,507,0,2,0,0
G1_D1,578,0,157,0,0
G1_D1,639,0,461,0,0
B6_D1,678,0,23,0,0
G1_D1,435,0,79,0,0
B6_D1,838,0,483,0,0
B6_D1,707,0,42,0,0
G1_D1,163,0,111,0,0
B10_D1,472,0,2,0,0
B2_D1,863,0,66,0,0
B2_D1,534,0,482,0,0
B4_D1,434,0,199,0,0
B4_D1,913,0,252,0,0
B10_D1,94,0,268,0,0
B4_D1,457,0,238,0,0
B6_D1,587,0,502,0,0
B6_D1,617,0,42,0,0
B6_D1,469,0,328,0,0
B6_D1,288,0,127,0,0
B6_D1,891,0,391,0,0
B10_D1,152,0,192,0,0
B6_D1,449,0,432,0,0
B6_D1,735,0,191,0,0
B10_D1,109,0,50,0,0
B6_D1,202,0,507,0,0
B8_D1,887,0,235,0,0
G1_D1,523,0,112,0,0
G1_D1,247,0,43,0,0
B2_D1,261,0,297,0,0
G1_D1,854,0,390,0,0
B6_D1,624,0,350,0,0
B10_D1,342,0,148,0,0
G1_D1,874,0,205,0,0
B10_D1,254,0,65,0,0
G1_D1,29,0,163,0,0
B10_D1,53,0,115,0,0
G1_D1,1020,0,119,0,0
B6_D1,992,0,7,0,0
G1_D1,225,0,22,0,0
B10_D1,241,0,297,0,0
B6_D1,994,0,435,0,0
B6_D1,174,0,174,0,0
B6_D1,539,0,484,0,0
B10_D1,25,0,111,0,0
B6_D1,930,0,94,0,0
B6_D1,704,0,67,0,0
B6_D1,88,0,275,0,0
B6_D1,545,0,268,0,0
B2_D1,248,0,395,0,0
G1_D1,209,0,113,0,0
G1_D1,1003,0,184,0,0
G1_D1,54,0,11,0,0
B6_D1,557,0,377,0,0
B6_D1,321,0,6,0,0
B4_D1,472,0,285,0,0
B6_D1,104,0,53,0,0
B6_D1,640,0,476,0,0
B6_D1,531,0,189,0,0
B10_D1,106,0,157,0,0
B6_D1,76,0,162,0,0
B10_D1,497,0,63,0,0
G1_D1,975,0,93,0,0
B6_D1,103,0,451,0,0
B10_D1,730,0,403,0,0
B10_D1,350,0,223,0,0
B10_D1,23,0,4,0,0
B2_D1,984,0,59,0,0
B8_D1,335,0,189,0,0
B6_D1,570,0,389,0,0
G1_D1,1006,0,50,0,0
B10_D1,413,0,277,0,0
B6_D1,31,0,48,0,0
B6_D1,391,0,1,0,0
B6_D1,747,0,247,0,0
G1_D1,5,0,487,0,0
G1_D1,289,0,238,0,0
B10_D1,703,0,159,0,0
B6_D1,519,0,177,0,0
B4_D1,878,0,14,0,0
G1_D1,374,0,273,0,0
B10_D1,538,0,297,0,0
B6_D1,127,0,112,0,0
B6_D1,551,0,461,0,0
B10_D1,226,0,20,0,0
G1_D1,719,0,8,0,0
B6_D1,1,0,278,0,0
B10_D1,341,0,159,0,0
B10_D1,912,0,304,0,0
B6_D1,245,0,20,0,0
B2_D1,792,0,225,0,0
B10_D1,654,0,166,0,0
B6_D1,894,0,44,0,0
B10_D1,95,0,486,0,0
B6_D1,853,0,43,0,0
B10_D1,816,0,455,0,0
B10_D1,278,0,331,0,0
B10_D1,298,0,138,0,0
B6_D1,260,0,161,0,0
B6_D1,320,0,170,0,0
B6_D1,67,0,475,0,0
B6_D1,987,0,32,0,0
B6_D1,104,0,139,0,0
B6_D1,635,0,464,0,0
B6_D1,143,0,93,0,0
B6_D1,627,0,274,0,0
G1_D1,609,0,191,0,0
B6_D1,273,0,59,0,0
B6_D1,812,0,305,0,0
B2_D1,712,0,359,0,0
B4_D1,1022,0,74,0,0
B10_D1,700,0,191,0,0
B10_D1,2,0,350,0,0
B10_D1,827,0,329,0,0
B4_D1,96,0,160,0,0
B6_D1,247,0,12,0,0
B10_D1,358,0,161,0,0
G1_D1,822,0,217,0,0
B2_D1,827,0,127,0,0
B10_D1,770,0,254,0,0
B10_D1,882,0,365,0,0
B6_D1,934,0,255,0,0
B6_D1,843,0,105,0,0
B10_D1,784,0,103,0,0
B6_D1,1021,0,64,0,0
B6_D1,782,0,47,0,0
G1_D1,569,0,3,0,0
B10_D1,448,0,238,0,0
G1_D1,746,0,1,0,0
B6_D1,126,0,90,0,0
B2_D1,442,0,30,0,0
B4_D1,642,0,307,0,0
B10_D1,8,0,391,0,0
G1_D1,594,0,145,0,0
G1_D1,420,0,370,0,0
B4_D1,271,0,39,0,0
B8_D1,568,0,290,0,0
B6_D1,431,0,243,0,0
B10_D1,291,0,174,0,0
B10_D1,109,0,217,0,0
B6_D1,913,0,508,0,0
B2_D1,287,0,158,0,0
B6_D1,320,0,15,0,0
B10_D1,761,0,458,0,0
B2_D1,676,0,359,0,0
B6_D1,887,0,457,0,0
B10_D1,40,0,123,0,0
B4_D1,215,0,41,0,0
B2_D1,84,0,72,0,0
G1_D1,34,0,249,0,0
G1_D1,409,0,479,0,0
B10_D1,511,0,51,0,0
B10_D1,384,0,157,0,0
G1_D1,1019,0,423,0,0
B2_D1,420,0,8,0,0
B10_D1,754,0,44,0,0
G1_D1,289,0,16,0,0
B10_D1,229,0,55,0,0
B10_D1,741,0,467,0,0
B4_D1,708,0,196,0,0
G1_D1,109,0,2,0,0
G1_D1,414,0,8,0,0
B10_D1,399,0,21,0,0
B6_D1,869,0,152,0,0
B6_D1,333,0,23,0,0
B10_D1,656,0,490,0,0
B10_D1,331,0,205,0,0
G1_D1,848,0,208,0,0
G1_D1,1003,0,49,0,0
B2_D1,254,0,296,0,0
G1_D1,969,0,10,0,0
B4_D1,323,0,160,0,0
B6_D1,287,0,201,0,0
B6_D1,941,0,82,0,0
B4_D1,0,0,144,0,0
B10_D1,803,0,176,0,0
B4_D1,0,0,138,0,0
B10_D1,81,0,124,0,0
G1_D1,668,0,311,0,0
B10_D1,303,0,278,0,0
B6_D1,255,0,70,0,0
G1_D1,642,0,135,0,0
B2_D1,590,0,44,0,0
B8_D1,601,0,184,0,0
B6_D1,768,0,49,0,0
B10_D1,19,0,259,0,0
B4_D1,924,0,219,0,0
B4_D1,63,0,288,0,0
B10_D1,518,0,4,0,0
B6_D1,956,0,26,0,0
B8_D1,227,0,97,0,0
B10_D1,558,0,65,0,0
G1_D1,503,0,43,0,0
G1_D1,39,0,183,0,0
G1_D1,776,0,96,0,0
B6_D1,34,0,169,0,0
B10_D1,666,0,68,0,0
B6_D1,1013,0,168,0,0
B10_D1,415,0,71,0,0
B6_D1,61,0,454,0,0
G1_D1,988,0,302,0,0
G1_D1,977,0,26,0,0
B4_D1,204,0,144,0,0
B6_D1,702,0,482,0,0
B6_D1,191,0,342,0,0
B6_D1,566,0,26,0,0
B6_D1,227,0,331,0,0
B10_D1,363,0,132,0,0
B10_D1,361,0,178,0,0
B6_D1,940,0,197,0,-1
B6_D1,1015,0,210,0,0
B4_D1,623,0,299,0,0
B10_D1,722,0,162,0,0
B6_D1,141,0,496,0,0
B10_D1,580,0,240,0,0
G1_D1,16,0,213,0,0
B6_D1,996,0,466,0,-1
B4_D1,920,0,119,0,0
B6_D1,246,0,124,0,0
B10_D1,783,0,92,0,0
B10_D1,895,0,308,0,0
B10_D1,902,0,14,0,0
B10_D1,730,0,424,0,0
B4_D1,338,0,208,0,0
B10_D1,1019,0,63,0,0
G1_D1,325,0,277,0,0
B4_D1,774,0,272,0,0
B2_D1,498,0,158,0,0
B6_D1,917,0,60,0,0
B6_D1,204,0,191,0,0
G1_D1,154,0,288,0,0
B10_D1,328,0,156,0,0
B6_D1,217,0,347,0,0
B6_D1,44,0,464,0,0
B6_D1,651,0,450,0,0
G1_D1,875,0,272,0,0
B6_D1,625,0,485,0,0
B6_D1,96,0,1,0,0
B6_D1,439,0,34,0,0
B6_D1,658,0,38,0,0
B6_D1,432,0,61,0,0
B10_D1,474,0,408,0,0
B6_D1,752,0,27,0,0
B10_D1,795,0,170,0,0
B10_D1,49,0,208,0,0
B6_D1,6,0,271,0,0
G1_D1,694,0,11,0,0
G1_D1,604,0,8,0,0
G1_D1,957,0,18,0,0
B6_D1,90,0,283,0,0
B6_D1,286,0,46,0,0
B6_D1,53,0,480,0,0
B6_D1,959,0,212,0,0
B6_D1,776,0,230,0,0
G1_D1,97,0,96,0,0
B2_D1,791,0,249,0,0
B6_D1,142,0,366,0,0
B2_D1,304,0,159,0,0
B6_D1,112,0,17,0,0
B10_D1,999,0,292,0,0
B6_D1,625,0,281,0,0
B6_D1,172,0,398,0,-1
B10_D1,624,0,494,0,0
B10_D1,392,0,474,0,0
G1_D1,1016,0,195,0,0
G1_D1,957,0,294,0,0
B6_D1,757,0,71,0,0
B6_D1,814,0,271,0,0
B6_D1,392,0,492,0,0
B6_D1,877,0,145,0,0
B6_D1,734,0,202,0,0
B10_D1,724,0,255,0,0
B10_D1,108,0,68,0,0
B6_D1,629,0,313,0,0
G1_D1,283,0,488,0,0
B10_D1,0,0,227,0,0
B6_D1,80,0,83,0,0
B10_D1,243,0,114,0,0
B4_D1,187,0,0,0,0
B6_D1,291,0,16,0,0
G1_D1,881,0,261,0,0
B10_D1,746,0,13,0,0
B4_D1,771,0,216,0,0
B6_D1,75,0,490,0,0
G1_D1,867,0,249,0,0
B10_D1,15,0,279,0,0
B6_D1,681,0,451,0,0
G1_D1,934,0,17,0,0
B2_D1,876,0,382,0,0
G1_D1,14,0,254,0,0
B6_D1,94,0,34,0,0
G1_D1,167,0,226,0,0
B10_D1,904,0,254,0,0
G1_D1,35,0,136,0,0
G1_D1,561,0,82,0,0
B10_D1,451,0,276,0,0
B10_D1,188,0,124,0,0
B6_D1,472,0,370,0,0
B10_D1,71,0,203,0,0
B4_D1,688,0,307,0,0
B6_D1,218,0,450,0,0
B10_D1,644,0,298,0,0
G1_D1,590,0,49,0,0
B8_D1,721,0,247,0,0
B6_D1,720,0,25,0,0
B6_D1,768,0,56,0,0
B6_D1,880,0,245,0,0
B6_D1,753,0,508,0,0
B6_D1,474,0,305,0,0
G1_D1,687,0,21,0,0
B6_D1,787,0,387,0,0
B10_D1,148,0,355,0,0
B4_D1,8,0,343,0,0
G1_D1,995,0,97,0,0
B6_D1,24,0,44,0,0
B2_D1,258,0,46,0,0
B6_D1,697,0,47,0,0
B10_D1,893,0,218,0,0
B10_D1,924,0,40,0,0
B10_D1,788,0,378,0,0
B10_D1,242,0,164,0,0
B10_D1,400,0,168,0,0
B6_D1,136,0,326,0,0
G1_D1,496,0,479,0,0
B10_D1,119,0,399,0,0
B10_D1,743,0,164,0,0
G1_D1,394,0,9,0,0
B10_D1,12,0,93,0,0
B6_D1,544,0,351,0,0
B4_D1,666,0,250,0,0
B10_D1,653,0,309,0,0
B2_D1,640,0,477,0,0
B4_D1,236,0,16,0,0
B6_D1,339,0,24,0,0
B6_D1,68,0,89,0,0
B6_D1,327,0,431,0,0
B6_D1,199,0,120,0,0
B6_D1,69,0,311,0,0
B4_D1,6,0,403,0,0
B10_D1,146,0,184,0,0
B10_D1,126,0,198,0,0
B6_D1,977,0,222,0,0
B10_D1,185,0,433,0,0
B10_D1,962,0,78,0,0
B10_D1,466,0,14,0,0
B6_D1,587,0,282,0,0
B10_D1,286,0,0,0,0
B6_D1,188,0,493,0,0
B10_D1,128,0,261,0,0
B10_D1,709,0,4,0,0
B6_D1,70,0,94,0,0
B6_D1,420,0,175,0,0
G1_D1,636,0,15,0,0
B4_D1,644,0,330,0,-1
G1_D1,796,0,253,0,0
B6_D1,895,0,420,0,0
B4_D1,506,0,51,0,0
B6_D1,2,0,32,0,0
B10_D1,615,0,79,0,0
B6_D1,798,0,18,0,0
B10_D1,324,0,223,0,0
B6_D1,917,0,91,0,0
B10_D1,619,0,297,0,0
B6_D1,731,0,1,0,0
B6_D1,409,0,155,0,0
B10_D1,973,0,45,0,0
B6_D1,167,0,482,0,0
B10_D1,605,0,279,0,0
G1_D1,32,0,491,0,0
B4_D1,305,0,214,0,0
G1_D1,18,0,190,0,0
B10_D1,23,0,35,0,0
B10_D1,612,0,134,0,0
B6_D1,805,0,40,0,0
B4_D1,877,0,46,0,0
B6_D1,28,0,460,0,0
B6_D1,871,0,133,0,0
B2_D1,112,0,197,0,0
B10_D1,523,0,311,0,0
B4_D1,696,0,193,0,0
B6_D1,698,0,49,0,0
B6_D1,892,0,85,0,0
B10_D1,549,0,413,0,0
B10_D1,279,0,73,0,0
B10_D1,1023,0,345,0,0
B6_D1,1022,0,27,0,0
B10_D1,421,0,268,0,0
B10_D1,196,0,20,0,0
B4_D1,272,0,26,0,0
B6_D1,577,0,185,0,0
G1_D1,149,0,38,0,0
B4_D1,130,0,153,0,0
B6_D1,401,0,242,0,0
G1_D1,344,0,441,0,0
B6_D1,730,0,373,0,0
B10_D1,120,0,200,0,0
B6_D1,957,0,172,0,0
B6_D1,796,0,449,0,0
G1_D1,324,0,288,0,0
B6_D1,520,0,10,0,0
B6_D1,948,0,282,0,0
B10_D1,859,0,405,0,0
B6_D1,423,0,508,0,0
B2_D1,770,0,28,0,0
B6_D1,605,0,201,0,0
B6_D1,197,0,147,0,0
B6_D1,525,0,399,0,0
B6_D1,929,0,198,0,-1
G1_D1,821,0,214,0,0
B6_D1,475,0,108,0,0
B6_D1,905,0,461,0,0
B10_D1,358,0,200,0,0
B6_D1,499,0,225,0,0
B4_D1,8,0,239,0,0
B6_D1,210,0,30,0,0
B6_D1,119,0,130,0,0
B10_D1,20,0,139,0,0
B10_D1,718,0,107,0,0
B10_D1,791,0,492,0,0
B6_D1,996,0,506,0,0
B6_D1,422,0,232,0,0
B6_D1,55,0,15,0,0
B10_D1,414,0,315,0,0
G1_D1,144,0,87,0,0
B10_D1,497,0,470,0,0
B10_D1,322,0,28,0,0
G1_D1,424,0,144,0,0
B6_D1,455,0,485,0,0
B6_D1,1017,0,211,0,0
B4_D1,974,0,103,0,0
B8_D1,297,0,185,0,0
B6_D1,297,0,459,0,3
B6_D1,999,0,96,0,0
G1_D1,333,0,237,0,0
B10_D1,107,0,193,0,0
B6_D1,915,0,118,0,0
B6_D1,674,0,29,0,0
B6_D1,675,0,161,0,0
B6_D1,602,0,487,0,0
B6_D1,827,0,331,0,0
B6_D1,336,0,381,0,0
B6_D1,463,0,498,0,0
G1_D1,956,0,241,0,0
G1_D1,133,0,414,0,0
B6_D1,29,0,29,0,0
B6_D1,164,0,124,0,0
B6_D1,87,0,32,0,0
B8_D1,537,0,292,0,0
B2_D1,559,0,474,0,0
B6_D1,9,0,451,0,0
B10_D1,443,0,82,0,0
B6_D1,316,0,426,0,0
B10_D1,324,0,337,0,0
B6_D1,833,0,438,0,0
B10_D1,239,0,157,0,0
B10_D1,149,0,173,0,0
B6_D1,907,0,17,0,0
B4_D1,648,0,327,0,-1
B10_D1,530,0,121,0,0
B6_D1,825,0,40,0,0
B10_D1,189,0,122,0,0
B6_D1,610,0,30,0,0
B6_D1,910,0,100,0,0
B6_D1,965,0,423,0,0
B6_D1,52,0,468,0,0
G1_D1,305,0,97,0,0
B6_D1,972,0,405,0,0
B10_D1,450,0,229,0,0
B6_D1,718,0,432,0,0
B6_D1,50,0,431,0,0
B6_D1,345,0,0,0,0
G1_D1,556,0,102,0,0
B6_D1,92,0,497,0,0
G1_D1,695,0,120,0,0
B4_D1,6,0,302,0,0
B2_D1,196,0,132,0,0
B6_D1,376,0,6,0,0
B10_D1,719,0,34,0,0
B6_D1,164,0,504,0,0
B10_D1,193,0,364,0,0
B4_D1,1019,0,191,0,0
B10_D1,156,0,1,0,0
B6_D1,562,0,233,0,0
B10_D1,775,0,83,0,0
B4_D1,68,0,7,0,0
G1_D1,356,0,225,0,0
B6_D1,507,0,257,0,0
G1_D1,1010,0,291,0,0
G1_D1,276,0,189,0,0
G1_D1,11,0,208,0,0
B10_D1,589,0,8,0,0
B6_D1,826,0,124,0,0
G1_D1,986,0,128,0,0
G1_D1,745,0,210,0,0
B2_D1,530,0,365,0,6
B10_D1,667,0,67,0,0
B10_D1,21,0,511,0,0
B6_D1,1015,0,272,0,0
B4_D1,125,0,5,0,0
B10_D1,857,0,35,0,0
B6_D1,704,0,44,0,0
B10_D1,597,0,199,0,0
G1_D1,480,0,0,0,0
B6_D1,752,0,312,0,0
G1_D1,536,0,27,0,0
G1_D1,380,0,397,0,0
G1_D1,401,0,132,0,0
B10_D1,464,0,502,0,0
B4_D1,0,0,492,0,0
B6_D1,237,0,380,0,0
B10_D1,234,0,69,0,0
B4_D1,153,0,92,0,0
B10_D1,590,0,273,0,0
B4_D1,139,0,187,0,0
B6_D1,164,0,484,0,0
B2_D1,898,0,35,0,0
B10_D1,64,0,191,0,0
B6_D1,465,0,135,0,0
B6_D1,775,0,20,0,0
B4_D1,182,0,38,0,0
G1_D1,934,0,461,0,0
G1_D1,32,0,178,0,0
B10_D1,667,0,440,0,0
B10_D1,300,0,417,0,0
B6_D1,637,0,492,0,0
B6_D1,420,0,170,0,0
G1_D1,204,0,344,0,0
G1_D1,616,0,119,0,0
G1_D1,985,0,282,0,0
B10_D1,747,0,121,0,0
B6_D1,876,0,164,0,0
B6_D1,991,0,36,0,0
B10_D1,897,0,302,0,0
B6_D1,781,0,424,0,0
B6_D1,672,0,362,0,0
B4_D1,262,0,45,0,0
B10_D1,870,0,505,0,0
B6_D1,39,0,504,0,0
B6_D1,263,0,38,0,0
G1_D1,738,0,27,0,0
B6_D1,502,0,502,0,0
B10_D1,43,0,86,0,0
B6_D1,121,0,314,0,0
B6_D1,191,0,310,0,-1
B10_D1,617,0,104,0,0
G1_D1,861,0,232,0,0
B4_D1,0,0,404,0,0
B10_D1,721,0,451,0,0
B6_D1,920,0,448,0,0
B6_D1,558,0,341,0,0
B10_D1,1019,0,177,0,0
B6_D1,71,0,176,0,0
B6_D1,119,0,14,0,0
B6_D1,323,0,8,0,0
B6_D1,898,0,456,0,0
G1_D1,344,0,92,0,0
B10_D1,278,0,203,0,0
B10_D1,1022,0,18,0,0
B10_D1,614,0,150,0,0
B10_D1,825,0,420,0,0
G1_D1,189,0,344,0,0
B6_D1,481,0,511,0,0
B6_D1,757,0,194,0,0
B6_D1,711,0,430,0,0
B10_D1,866,0,374,0,0
G1_D1,653,0,148,0,0
B2_D1,675,0,360,0,0
B2_D1,206,0,131,0,0
G1_D1,607,0,261,0,0
G1_D1,662,0,474,0,0
B6_D1,198,0,43,0,0
G1_D1,65,0,164,0,0
B6_D1,371,0,281,0,0
B6_D1,258,0,108,0,0
B4_D1,3,0,174,0,0
G1_D1,455,0,104,0,0
G1_D1,778,0,25,0,0
B6_D1,684,0,303,0,0
B6_D1,544,0,504,0,0
G1_D1,941,0,15,0,0
B6_D1,588,0,321,0,0
G1_D1,546,0,89,0,0
G1_D1,174,0,12,0,0
B6_D1,30,0,154,0,0
B6_D1,554,0,421,0,0
G1_D1,14,0,150,0,0
B10_D1,184,0,120,0,0
B10_D1,456,0,311,0,0
B6_D1,989,0,406,0,0
B10_D1,423,0,11,0,0
B6_D1,704,0,162,0,0
B6_D1,972,0,192,0,0
B10_D1,872,0,221,0,0
G1_D1,433,0,129,0,0
B6_D1,232,0,301,0,0
G1_D1,935,0,268,0,0
B6_D1,345,0,15,0,0
B6_D1,374,0,509,0,0
B6_D1,169,0,229,0,0
B6_D1,209,0,155,0,0
B2_D1,599,0,45,0,0
B6_D1,705,0,510,0,0
B6_D1,151,0,491,0,0
G1_D1,1004,0,2,0,0
B6_D1,556,0,31,0,0
G1_D1,129,0,4,0,0
B6_D1,304,0,50,0,0
B8_D1,70,0,274,0,0
B10_D1,276,0,243,0,0
B10_D1,269,0,249,0,0
B6_D1,936,0,366,0,0
B10_D1,4,0,372,0,0
B8_D1,691,0,248,0,0
B10_D1,872,0,61,0,0
B10_D1,619,0,230,0,0
B10_D1,763,0,370,0,0
B10_D1,403,0,132,0,0
B6_D1,676,0,132,0,0
B10_D1,180,0,362,0,0
B10_D1,470,0,77,0,0
B10_D1,191,0,280,0,0
B6_D1,708,0,467,0,0
B6_D1,251,0,116,0,0
G1_D1,994,0,235,0,0
G1_D1,34,0,464,0,0
G1_D1,847,0,303,0,0
B2_D1,303,0,200,0,0
G1_D1,178,0,168,0,0
B4_D1,582,0,117,0,0
B4_D1,683,0,18,0,0
B6_D1,305,0,212,0,0
B4_D1,1023,0,103,0,0
B6_D1,630,0,505,0,0
B2_D1,647,0,224,0,0
B6_D1,754,0,4,0,0
B10_D1,755,0,273,0,0
B10_D1,800,0,380,0,0
B6_D1,791,0,424,0,0
G1_D1,707,0,436,0,0
B6_D1,979,0,14,0,0
B6_D1,597,0,422,0,0
G1_D1,705,0,49,0,0
G1_D1,124,0,14,0,0
B2_D1,747,0,191,0,0
B10_D1,415,0,219,0,0
B6_D1,778,0,3,0,0
B6_D1,646,0,41,0,0
B6_D1,873,0,225,0,0
B2_D1,272,0,199,0,0
G1_D1,753,0,353,0,0
B10_D1,766,0,258,0,0
B10_D1,585,0,332,0,0
G1_D1,656,0,241,0,0
B6_D1,461,0,1,0,0
B6_D1,488,0,13,0,0
G1_D1,421,0,21,0,0
B10_D1,285,0,260,0,0
B6_D1,767,0,482,0,0
B6_D1,19,0,402,0,0
B10_D1,460,0,409,0,0
B4_D1,425,0,377,0,0
B6_D1,1007,0,497,0,0
B6_D1,67,0,213,0,0
G1_D1,33,0,100,0,0
B6_D1,899,0,34,0,0
G1_D1,320,0,220,0,0
B10_D1,865,0,476,0,0
B2_D1,954,0,249,0,0
B10_D1,632,0,44,0,0
B2_D1,391,0,487,0,0
B4_D1,727,0,199,0,0
B10_D1,286,0,45,0,0
B6_D1,464,0,44,0,0
B10_D1,616,0,89,0,0
B2_D1,993,0,98,0,0
B4_D1,631,0,202,0,0
B10_D1,444,0,233,0,0
G1_D1,154,0,313,0,0
B6_D1,910,0,490,0,0
G1_D1,737,0,18,0,0
B6_D1,679,0,499,0,0
B6_D1,966,0,11,0,0
B6_D1,88,0,285,0,0
B4_D1,997,0,76,0,0
G1_D1,318,0,29,0,0
B10_D1,743,0,34,0,0
B6_D1,530,0,294,0,0
G1_D1,254,0,10,0,0
B2_D1,960,0,40,0,0
G1_D1,109,0,11,0,0
B10_D1,211,0,188,0,0
G1_D1,25,0,301,0,0
B6_D1,953,0,93,0,0
G1_D1,561,0,123,0,0
B6_D1,447,0,111,0,0
G1_D1,1017,0,476,0,0
B10_D1,483,0,245,0,0
B10_D1,879,0,372,0,0
B6_D1,773,0,483,0,0
B8_D1,138,0,251,0,0
B10_D1,205,0,32,0,0
B6_D1,895,0,390,0,0
B10_D1,543,0,230,0,0
B10_D1,295,0,178,0,0
B10_D1,402,0,171,0,0
G1_D1,375,0,0,0,0
B10_D1,221,0,195,0,0
B6_D1,278,0,460,0,3
B6_D1,385,0,15,0,0
B10_D1,172,0,134,0,0
B10_D1,762,0,486,0,0
B6_D1,859,0,359,0,0
B10_D1,642,0,2,0,0
G1_D1,722,0,100,0,0
G1_D1,239,0,76,0,0
B10_D1,567,0,116,0,0
B6_D1,113,0,242,0,7
G1_D1,679,0,509,0,0
B10_D1,507,0,205,0,0
G1_D1,783,0,221,0,0
B6_D1,332,0,180,0,0
B10_D1,353,0,179,0,0
G1_D1,176,0,23,0,0
G1_D1,59,0,60,0,0
B10_D1,36,0,169,0,0
B6_D1,202,0,331,0,0
B10_D1,732,0,100,0,0
B6_D1,927,0,482,0,0
B6_D1,8,0,64,0,0
B6_D1,580,0,0,0,0
B6_D1,175,0,485,0,0
B6_D1,786,0,26,0,0
B10_D1,224,0,452,0,0
G1_D1,807,0,60,0,0
B2_D1,804,0,467,0,-1
B4_D1,176,0,0,0,0
B6_D1,1013,0,398,0,0
B10_D1,556,0,160,0,0
G1_D1,261,0,411,0,-1
B6_D1,298,0,483,0,0
B10_D1,28,0,228,0,0
B10_D1,674,0,40,0,0
G1_D1,556,0,209,0,0
B10_D1,808,0,373,0,0
B10_D1,876,0,5,0,0
B10_D1,194,0,230,0,0
B6_D1,185,0,106,0,0
B10_D1,763,0,195,0,0
B4_D1,967,0,218,0,0
B10_D1,602,0,284,0,0
G1_D1,300,0,0,0,0
G1_D1,1018,0,250,0,0
B4_D1,1,0,76,0,0
B6_D1,197,0,347,0,0
B6_D1,668,0,3,0,0
B10_D1,850,0,187,0,0
B10_D1,907,0,391,0,0
B10_D1,22,0,395,0,0
B6_D1,971,0,194,0,0
B6_D1,860,0,110,0,0
G1_D1,876,0,1,0,0
B4_D1,6,0,319,0,0
B6_D1,999,0,121,0,0
B6_D1,282,0,492,0,0
B10_D1,661,0,85,0,0
B10_D1,928,0,42,0,0
B10_D1,601,0,76,0,0
B6_D1,401,0,169,0,0
B6_D1,104,0,29,0,0
B2_D1,45,0,53,0,0
G1_D1,864,0,312,0,0
G1_D1,785,0,0,0,0
B6_D1,755,0,283,0,0
B4_D1,36,0,11,0,0
B10_D1,601,0,194,0,0
B10_D1,238,0,396,0,0
B4_D1,369,0,298,0,0
B10_D1,602,0,6,0,0
B6_D1,23,0,192,0,0
B10_D1,877,0,347,0,0
B6_D1,347,0,171,0,0
B10_D1,428,0,484,0,0
B6_D1,807,0,482,0,0
B6_D1,951,0,511,0,0
B6_D1,831,0,48,0,0
B6_D1,945,0,302,0,0
B6_D1,154,0,342,0,0
B6_D1,800,0,15,0,0
G1_D1,180,0,508,0,0
B10_D1,338,0,117,0,0
B6_D1,476,0,167,0,0
B2_D1,293,0,293,0,0
B4_D1,196,0,56,0,0
B10_D1,120,0,199,0,0
B6_D1,578,0,183,0,0
B6_D1,28,0,270,0,0
B10_D1,199,0,60,0,0
B6_D1,118,0,278,0,0
B10_D1,1009,0,232,0,0
B10_D1,65,0,126,0,0
B6_D1,404,0,260,0,0
B6_D1,6,0,263,0,0
B6_D1,1006,0,425,0,0
B10_D1,117,0,114,0,0
B6_D1,82,0,159,0,0
B10_D1,730,0,328,0,0
B6_D1,201,0,26,0,0
B8_D1,902,0,1,0,0
B6_D1,893,0,320,0,0
B10_D1,236,0,5,0,0
B10_D1,641,0,497,0,0
B10_D1,374,0,185,0,0
B10_D1,338,0,127,0,0
B10_D1,739,0,30,0,0
B6_D1,183,0,452,0,0
G1_D1,1009,0,295,0,0
G1_D1,432,0,481,0,0
B4_D1,650,0,187,0,0
G1_D1,869,0,2,0,0
B6_D1,281,0,102,0,0
B10_D1,727,0,454,0,0
B10_D1,590,0,188,0,0
B10_D1,301,0,188,0,0
B10_D1,433,0,163,0,0
B4_D1,1,0,467,0,0
B6_D1,1009,0,420,0,0
B6_D1,335,0,485,0,0
B10_D1,333,0,288,0,0
B10_D1,253,0,188,0,0
B2_D1,808,0,76,0,0
B10_D1,426,0,313,0,0
B4_D1,840,0,77,0,0
B10_D1,351,0,63,0,0
B6_D1,892,0,142,0,0
B6_D1,709,0,9,0,0
G1_D1,173,0,56,0,0
B6_D1,39,0,494,0,0
G1_D1,668,0,190,0,0
B10_D1,862,0,90,0,0
B6_D1,330,0,240,0,0
B4_D1,71,0,136,0,0
B10_D1,704,0,15,0,0
B10_D1,1019,0,110,0,0
G1_D1,20,0,204,0,0
B10_D1,111,0,122,0,0
G1_D1,699,0,48,0,0
G1_D1,697,0,24,0,0
G1_D1,993,0,82,0,0
B6_D1,809,0,454,0,0
B10_D1,31,0,138,0,0
B6_D1,43,0,97,0,0
B10_D1,93,0,164,0,0
G1_D1,784,0,485,0,0
B6_D1,807,0,70,0,0
B6_D1,777,0,215,0,0
B6_D1,998,0,291,0,0
B10_D1,671,0,83,0,0
B10_D1,673,0,170,0,0
G1_D1,491,0,21,0,0
G1_D1,789,0,6,0,0
B10_D1,763,0,417,0,0
B6_D1,7,0,17,0,0
B6_D1,118,0,189,0,0
B6_D1,679,0,34,0,0
B8_D1,212,0,104,0,0
B6_D1,800,0,100,0,0
B6_D1,914,0,426,0,0
G1_D1,55,0,166,0,0
G1_D1,775,0,21,0,0
B4_D1,454,0,418,0,0
G1_D1,889,0,57,0,0
B2_D1,827,0,69,0,0
B10_D1,107,0,411,0,0
B6_D1,704,0,443,0,0
G1_D1,92,0,18,0,0
B4_D1,143,0,4,0,0
B6_D1,522,0,2,0,0
B10_D1,645,0,268,0,0
B6_D1,418,0,49,0,0
B6_D1,104,0,509,0,0
B10_D1,165,0,508,0,0
G1_D1,355,0,418,0,0
B10_D1,165,0,248,0,0
G1_D1,798,0,202,0,0
B6_D1,943,0,38,0,0
B6_D1,760,0,218,0,0
B10_D1,492,0,306,0,0
G1_D1,674,0,5,0,0
G1_D1,246,0,236,0,0
B6_D1,531,0,428,0,-1
B10_D1,829,0,28,0,0
B10_D1,476,0,132,0,0
B4_D1,152,0,271,0,0
G1_D1,42,0,139,0,0
B10_D1,511,0,294,0,0
B10_D1,539,0,260,0,0
G1_D1,425,0,265,0,0
B10_D1,430,0,508,0,0
G1_D1,672,0,257,0,0
B10_D1,261,0,345,0,0
B6_D1,851,0,52,0,0
B6_D1,717,0,497,0,0
B6_D1,742,0,91,0,0
B6_D1,9,0,217,0,0
B10_D1,632,0,123,0,0
B10_D1,607,0,348,0,0
G1_D1,190,0,280,0,0
B8_D1,96,0,276,0,0
B6_D1,580,0,20,0,0
B6_D1,433,0,498,0,0
B6_D1,989,0,117,0,0
B6_D1,723,0,349,0,0
B6_D1,897,0,12,0,0
B6_D1,149,0,365,0,0
G1_D1,656,0,271,0,0
B10_D1,177,0,39,0,0
B6_D1,758,0,431,0,0
B8_D1,693,0,186,0,0
B4_D1,7,0,430,0,0
B10_D1,218,0,41,0,0
B10_D1,461,0,243,0,0
B8_D1,1016,0,295,0,0
B10_D1,835,0,17,0,0
B6_D1,473,0,243,0,0
G1_D1,809,0,4,0,0
B10_D1,601,0,106,0,0
B4_D1,137,0,272,0,0
B6_D1,117,0,453,0,0
B10_D1,623,0,115,0,0
B10_D1,796,0,309,0,0
B10_D1,285,0,414,0,0
B6_D1,242,0,7,0,0
B6_D1,915,0,495,0,0
B6_D1,227,0,295,0,0
B6_D1,171,0,511,0,0
B10_D1,496,0,91,0,0
B10_D1,120,0,274,0,0
G1_D1,251,0,15,0,0
B4_D1,106,0,305,0,0
G1_D1,644,0,17,0,0
B10_D1,569,0,297,0,0
G1_D1,844,0,171,0,-1
G1_D1,686,0,249,0,0
B10_D1,429,0,280,0,0
B10_D1,91,0,168,0,0
G1_D1,641,0,299,0,0
B10_D1,95,0,7,0,0
B6_D1,750,0,505,0,0
B10_D1,571,0,511,0,0
B4_D1,406,0,231,0,0
B6_D1,489,0,384,0,0
G1_D1,101,0,361,0,0
B10_D1,225,0,68,0,0
B10_D1,995,0,259,0,0
B10_D1,449,0,90,0,0
B10_D1,934,0,237,0,0
B4_D1,6,0,375,0,0
B6_D1,83,0,493,0,0
G1_D1,14,0,10,0,0
B6_D1,495,0,249,0,0
B10_D1,46,0,72,0,0
G1_D1,19,0,292,0,0
B6_D1,867,0,145,0,0
G1_D1,140,0,20,0,0
B10_D1,662,0,2,0,0
G1_D1,992,0,372,0,-1
B6_D1,955,0,423,0,0
G1_D1,1021,0,157,0,0
B10_D1,192,0,506,0,0
B10_D1,815,0,367,0,0
B8_D1,70,0,235,0,-1
B10_D1,734,0,165,0,0
B6_D1,879,0,39,0,0
B10_D1,977,0,256,0,0
G1_D1,43,0,265,0,0
B4_D1,659,0,242,0,0
B10_D1,305,0,7,0,0
B10_D1,701,0,40,0,0
B10_D1,114,0,178,0,0
G1_D1,937,0,38,0,0
B6_D1,943,0,235,0,0
B6_D1,745,0,192,0,0
B10_D1,969,0,92,0,0
B10_D1,196,0,226,0,0
B10_D1,578,0,311,0,0
G1_D1,760,0,95,0,0
B10_D1,499,0,314,0,0
B10_D1,115,0,44,0,0
B6_D1,498,0,452,0,10
B10_D1,342,0,217,0,0
B10_D1,918,0,219,0,0
B2_D1,918,0,25,0,0
G1_D1,159,0,410,0,0
B6_D1,4,0,120,0,0
B6_D1,690,0,128,0,0
B6_D1,757,0,371,0,0
G1_D1,971,0,29,0,0
B6_D1,280,0,248,0,0
B6_D1,542,0,185,0,0
B10_D1,540,0,156,0,0
B2_D1,805,0,445,0,0
B6_D1,866,0,133,0,0
B6_D1,557,0,441,0,-1
B2_D1,309,0,56,0,0
B6_D1,4,0,394,0,0
B10_D1,119,0,34,0,0
B10_D1,124,0,138,0,0
B10_D1,850,0,102,0,0
B6_D1,628,0,463,0,0
B6_D1,860,0,239,0,0
G1_D1,77,0,42,0,0
B6_D1,434,0,65,0,0
G1_D1,521,0,1,0,0
B6_D1,895,0,141,0,0
B6_D1,709,0,417,0,0
B10_D1,333,0,214,0,0
B6_D1,233,0,388,0,0
B10_D1,948,0,69,0,0
B8_D1,132,0,217,0,0
G1_D1,835,0,207,0,0
B10_D1,739,0,405,0,0
B10_D1,733,0,355,0,0
G1_D1,539,0,3,0,0
B4_D1,762,0,125,0,0
B8_D1,268,0,326,0,0
B2_D1,164,0,305,0,0
B10_D1,885,0,40,0,0
B10_D1,546,0,510,0,0
B10_D1,14,0,244,0,0
B10_D1,871,0,339,0,0
B6_D1,85,0,96,0,0
G1_D1,374,0,299,0,0
B10_D1,600,0,92,0,0
B10_D1,473,0,245,0,0
B2_D1,914,0,437,0,0
B4_D1,73,0,22,0,0
B10_D1,246,0,215,0,0
B6_D1,381,0,501,0,0
B6_D1,967,0,299,0,0
B10_D1,907,0,26,0,0
B2_D1,893,0,19,0,0
B10_D1,907,0,100,0,0
B6_D1,963,0,3,0,0
B6_D1,589,0,159,0,0
B6_D1,927,0,62,0,0
G1_D1,185,0,51,0,0
G1_D1,557,0,103,0,0
B6_D1,61,0,267,0,0
B2_D1,386,0,511,0,0
B6_D1,737,0,32,0,0
B4_D1,881,0,20,0,0
B10_D1,7,0,6,0,0
B10_D1,566,0,3,0,0
B10_D1,252,0,304,0,0
G1_D1,360,0,418,0,0
B10_D1,894,0,28,0,0
B6_D1,876,0,98,0,0
B6_D1,944,0,91,0,0
B6_D1,807,0,350,0,0
B10_D1,465,0,508,0,0
B10_D1,573,0,64,0,0
B10_D1,202,0,241,0,0
B2_D1,463,0,110,0,0
B6_D1,70,0,35,0,0
B6_D1,478,0,109,0,0
B6_D1,932,0,91,0,0
B2_D1,72,0,42,0,0
B6_D1,125,0,371,0,0
B8_D1,735,0,246,0,0
B10_D1,53,0,509,0,0
G1_D1,713,0,30,0,0
G1_D1,116,0,1,0,0
G1_D1,830,0,269,0,0
B6_D1,137,0,112,0,0
B10_D1,10,0,33,0,0
B10_D1,606,0,353,0,0
B10_D1,668,0,510,0,0
B6_D1,981,0,330,0,-1
B6_D1,316,0,6,0,0
B6_D1,222,0,492,0,0
B6_D1,742,0,194,0,0
B4_D1,351,0,300,0,0
G1_D1,985,0,127,0,0
B8_D1,107,0,328,0,0
B10_D1,0,0,307,0,0
B6_D1,765,0,505,0,0
B6_D1,844,0,359,0,0
B10_D1,221,0,0,0,0
B10_D1,783,0,406,0,0
B6_D1,732,0,42,0,0
G1_D1,754,0,6,0,0
B8_D1,832,0,304,0,0
B6_D1,987,0,441,0,-1
B10_D1,703,0,272,0,0
G1_D1,812,0,257,0,0
B10_D1,245,0,253,0,0
B6_D1,164,0,24,0,0
B2_D1,219,0,485,0,0
G1_D1,20,0,156,0,0
B10_D1,78,0,199,0,0
G1_D1,258,0,350,0,0
B6_D1,747,0,47,0,0
B6_D1,628,0,242,0,0
B6_D1,814,0,341,0,0
B10_D1,27,0,226,0,0
B10_D1,411,0,60,0,0
B10_D1,292,0,325,0,0
G1_D1,720,0,259,0,0
B10_D1,614,0,131,0,0
B6_D1,259,0,114,0,0
G1_D1,100,0,360,0,0
G1_D1,683,0,473,0,0
G1_D1,504,0,16,0,0
B10_D1,366,0,9,0,0
B10_D1,420,0,491,0,0
B6_D1,893,0,498,0,0
G1_D1,344,0,45,0,0
B10_D1,675,0,265,0,0
B10_D1,236,0,0,0,0
G1_D1,416,0,371,0,0
G1_D1,100,0,104,0,0
B6_D1,263,0,43,0,0
B10_D1,511,0,170,0,0
B10_D1,1004,0,46,0,0
G1_D1,153,0,195,0,0
B10_D1,626,0,232,0,0
B6_D1,468,0,51,0,0
B6_D1,952,0,169,0,0
B10_D1,426,0,260,0,0
B10_D1,826,0,0,0,0
B2_D1,674,0,456,0,0
B4_D1,4,0,305,0,0
B6_D1,499,0,354,0,-1
B2_D1,159,0,462,0,0
B10_D1,21,0,59,0,0
B10_D1,474,0,255,0,0
B2_D1,721,0,57,0,0
B6_D1,70,0,187,0,0
B6_D1,883,0,446,0,0
B6_D1,971,0,16,0,0
B10_D1,896,0,86,0,0
B6_D1,812,0,447,0,0
G1_D1,149,0,293,0,0
G1_D1,654,0,12,0,0
G1_D1,239,0,232,0,0
B2_D1,856,0,260,0,0
B10_D1,813,0,311,0,0
B10_D1,626,0,3,0,0
B6_D1,62,0,159,0,0
B6_D1,812,0,146,0,0
G1_D1,1022,0,32,0,0
B6_D1,4,0,69,0,0
B6_D1,995,0,293,0,0
G1_D1,882,0,256,0,0
B4_D1,720,0,36,0,0
B6_D1,250,0,335,0,0
B10_D1,465,0,337,0,0
B6_D1,906,0,128,0,0
B10_D1,5,0,33,0,0
B6_D1,217,0,22,0,0
B10_D1,901,0,250,0,0
B4_D1,341,0,301,0,0
B10_D1,296,0,511,0,0
B6_D1,862,0,12,0,0
B4_D1,614,0,353,0,0
G1_D1,410,0,269,0,0
B10_D1,1020,0,75,0,0
G1_D1,1006,0,53,0,0
G1_D1,669,0,14,0,0
G1_D1,951,0,28,0,0
B4_D1,93,0,125,0,0
B6_D1,537,0,301,0,0
B4_D1,239,0,347,0,0
B6_D1,967,0,411,0,0
G1_D1,451,0,302,0,0
B6_D1,648,0,28,0,0
G1_D1,123,0,395,0,0
B6_D1,400,0,10,0,0
B10_D1,419,0,130,0,0
B10_D1,816,0,5,0,0
B4_D1,54,0,159,0,0
B6_D1,17,0,17,0,0
B4_D1,2,0,123,0,0
B4_D1,112,0,330,0,0
B10_D1,192,0,436,0,0
B10_D1,15,0,301,0,0
B6_D1,592,0,47,0,0
B10_D1,735,0,109,0,0
B6_D1,416,0,486,0,0
B2_D1,902,0,41,0,0
B8_D1,496,0,291,0,0
B10_D1,402,0,116,0,0
B6_D1,804,0,397,0,0
B6_D1,866,0,67,0,0
G1_D1,323,0,354,0,-1
B10_D1,778,0,448,0,0
B6_D1,60,0,218,0,-1
B2_D1,668,0,437,0,0
B10_D1,744,0,2,0,0
B10_D1,12,0,506,0,0
B6_D1,873,0,13,0,0
B6_D1,511,0,396,0,-1
B6_D1,781,0,501,0,0
G1_D1,650,0,242,0,0
B6_D1,138,0,318,0,0
B10_D1,270,0,252,0,0
B6_D1,622,0,265,0,0
B2_D1,338,0,290,0,0
B4_D1,816,0,45,0,0
B10_D1,612,0,287,0,0
B6_D1,987,0,131,0,0
B4_D1,685,0,16,0,0
B10_D1,749,0,93,0,0
G1_D1,137,0,17,0,0
B4_D1,760,0,157,0,0
B10_D1,417,0,228,0,0
B6_D1,839,0,133,0,0
G1_D1,132,0,374,0,0
G1_D1,380,0,222,0,0
B6_D1,822,0,158,0,0
G1_D1,321,0,227,0,0
B4_D1,321,0,179,0,0
B10_D1,573,0,118,0,0
B10_D1,121,0,58,0,0
B6_D1,609,0,489,0,0
B10_D1,476,0,504,0,0
B4_D1,431,0,420,0,0
G1_D1,309,0,188,0,0
B6_D1,721,0,419,0,0
B8_D1,114,0,90,0,0
B10_D1,446,0,235,0,0
B6_D1,626,0,41,0,0
G1_D1,466,0,243,0,0
B6_D1,522,0,173,0,0
B6_D1,486,0,278,0,0
B6_D1,733,0,240,0,0
B2_D1,173,0,192,0,0
B6_D1,674,0,303,0,0
B2_D1,419,0,476,0,0
B6_D1,560,0,391,0,0
B10_D1,713,0,444,0,0
G1_D1,990,0,194,0,0
G1_D1,174,0,16,0,0
B10_D1,431,0,276,0,0
B10_D1,770,0,372,0,0
B8_D1,597,0,295,0,0
G1_D1,631,0,164,0,0
G1_D1,877,0,260,0,0
G1_D1,17,0,313,0,0
B10_D1,473,0,134,0,0
G1_D1,1012,0,186,0,0
B6_D1,644,0,330,0,-1
G1_D1,18,0,90,0,0
G1_D1,377,0,124,0,0
B6_D1,380,0,369,0,0
B6_D1,428,0,454,0,0
G1_D1,45,0,0,0,0
B10_D1,112,0,209,0,0
B6_D1,538,0,401,0,0
B10_D1,336,0,64,0,0
B6_D1,296,0,265,0,0
B4_D1,113,0,84,0,0
G1_D1,889,0,391,0,0
B10_D1,306,0,241,0,0
B4_D1,511,0,211,0,0
B6_D1,44,0,115,0,0
B4_D1,477,0,246,0,0
B10_D1,623,0,421,0,0
G1_D1,134,0,62,0,0
B10_D1,722,0,259,0,0
B2_D1,965,0,73,0,0
B2_D1,264,0,44,0,0
B6_D1,288,0,33,0,0
B6_D1,835,0,119,0,0
B10_D1,82,0,213,0,0
B10_D1,17,0,102,0,0
B6_D1,672,0,342,0,0
B10_D1,144,0,303,0,0
B10_D1,512,0,299,0,0
B10_D1,772,0,55,0,0
B6_D1,288,0,493,0,0
B6_D1,391,0,31,0,0
B10_D1,998,0,486,0,0
B6_D1,448,0,23,0,0
B6_D1,1023,0,219,0,0
G1_D1,138,0,97,0,0
B2_D1,817,0,421,0,0
B10_D1,925,0,30,0,0
B10_D1,267,0,32,0,0
G1_D1,61,0,146,0,0
B10_D1,200,0,32,0,0
G1_D1,886,0,272,0,0
B4_D1,711,0,101,0,0
G1_D1,431,0,1,0,0
B6_D1,78,0,133,0,0
B6_D1,73,0,33,0,0
B10_D1,815,0,267,0,0
G1_D1,778,0,239,0,0
B6_D1,159,0,224,0,0
B6_D1,367,0,459,0,1
B6_D1,608,0,33,0,0
B6_D1,547,0,42,0,0
B4_D1,896,0,256,0,0
B2_D1,400,0,507,0,0
B10_D1,142,0,256,0,0
B10_D1,151,0,453,0,0
B6_D1,735,0,280,0,0
G1_D1,888,0,53,0,0
B2_D1,662,0,145,0,0
G1_D1,471,0,100,0,0
G1_D1,624,0,4,0,0
G1_D1,164,0,16,0,0
B8_D1,400,0,282,0,0
B6_D1,904,0,19,0,0
B4_D1,7,0,39,0,0
B10_D1,1019,0,81,0,0
B2_D1,819,0,10,0,0
G1_D1,475,0,216,0,0
B10_D1,706,0,0,0,0
B6_D1,873,0,243,0,0
G1_D1,234,0,8,0,0
B10_D1,20,0,227,0,0
G1_D1,952,0,18,0,0
B4_D1,774,0,275,0,0
B6_D1,69,0,168,0,0
G1_D1,134,0,288,0,0
G1_D1,193,0,62,0,0
B4_D1,266,0,139,0,0
B6_D1,652,0,383,0,0
B10_D1,469,0,36,0,0
B6_D1,100,0,147,0,0
B6_D1,192,0,47,0,0
B6_D1,258,0,508,0,0
B10_D1,710,0,328,0,0
B8_D1,942,0,302,0,0
G1_D1,733,0,102,0,0
B8_D1,735,0,230,0,0
B6_D1,713,0,389,0,0
B6_D1,334,0,71,0,0
G1_D1,959,0,3,0,0
B6_D1,210,0,154,0,0
B10_D1,326,0,63,0,0
B4_D1,6,0,350,0,0
B2_D1,494,0,483,0,0
G1_D1,12,0,398,0,0
B10_D1,1,0,66,0,0
B6_D1,114,0,14,0,0
B6_D1,895,0,428,0,0
B10_D1,924,0,382,0,0
B10_D1,616,0,410,0,0
G1_D1,81,0,367,0,-1
B10_D1,157,0,284,0,0
B6_D1,438,0,98,0,0
B6_D1,601,0,36,0,0
G1_D1,72,0,136,0,0
B10_D1,226,0,356,0,0
B6_D1,126,0,454,0,0
B6_D1,712,0,391,0,0
B2_D1,242,0,155,0,0
B6_D1,246,0,64,0,0
B4_D1,210,0,207,0,0
B8_D1,1023,0,453,0,0
B8_D1,706,0,311,0,0
B6_D1,1002,0,84,0,0
B4_D1,478,0,183,0,0
B6_D1,597,0,487,0,0
B6_D1,430,0,124,0,0
G1_D1,682,0,108,0,0
G1_D1,986,0,96,0,0
G1_D1,26,0,191,0,0
B10_D1,34,0,109,0,0
B4_D1,68,0,126,0,0
B2_D1,907,0,39,0,0
B6_D1,112,0,289,0,0
G1_D1,782,0,131,0,0
B2_D1,457,0,474,0,0
B2_D1,1,0,241,0,0
B10_D1,703,0,510,0,0
B6_D1,867,0,492,0,0
B6_D1,893,0,433,0,0
B10_D1,267,0,28,0,0
B10_D1,245,0,116,0,0
B10_D1,877,0,28,0,0
B4_D1,586,0,194,0,0
B6_D1,749,0,466,0,0
B6_D1,499,0,9,0,0
G1_D1,1004,0,112,0,0
B10_D1,802,0,453,0,0
B10_D1,375,0,62,0,0
B8_D1,861,0,303,0,0
B10_D1,244,0,174,0,0
G1_D1,1022,0,282,0,0
B10_D1,547,0,102,0,0
B6_D1,875,0,234,0,0
G1_D1,190,0,49,0,0
B2_D1,153,0,461,0,0
G1_D1,426,0,81,0,0
B6_D1,215,0,94,0,0
B4_D1,760,0,232,0,0
B6_D1,978,0,426,0,0
B10_D1,967,0,232,0,0
B2_D1,103,0,24,0,0
B10_D1,7,0,337,0,0
B10_D1,888,0,13,0,0
G1_D1,450,0,152,0,0
G1_D1,9,0,199,0,0
B4_D1,171,0,358,0,0
B10_D1,446,0,81,0,0
G1_D1,74,0,501,0,0
B10_D1,170,0,268,0,0
B6_D1,95,0,25,0,0
G1_D1,206,0,277,0,0
B10_D1,366,0,275,0,0
B6_D1,314,0,204,0,0
B6_D1,352,0,242,0,0
B4_D1,21,0,3,0,0
B6_D1,574,0,163,0,0
B10_D1,590,0,7,0,0
B6_D1,190,0,193,0,0
B6_D1,524,0,164,0,0
B6_D1,809,0,109,0,0
B4_D1,894,0,216,0,0
B10_D1,444,0,140,0,0
G1_D1,405,0,139,0,0
G1_D1,184,0,14,0,0
G1_D1,29,0,35,0,0
B6_D1,133,0,299,0,0
B2_D1,525,0,29,0,0
G1_D1,19,0,276,0,0
B10_D1,190,0,170,0,0
B10_D1,622,0,167,0,0
B6_D1,110,0,477,0,0
G1_D1,971,0,124,0,0
B6_D1,949,0,301,0,0
G1_D1,977,0,70,0,0
B6_D1,422,0,466,0,0
B10_D1,271,0,420,0,0
G1_D1,823,0,267,0,0
B6_D1,630,0,182,0,0
B10_D1,781,0,58,0,0
B2_D1,806,0,510,0,0
B10_D1,14,0,126,0,0
G1_D1,43,0,200,0,0
B6_D1,621,0,52,0,0
B10_D1,663,0,203,0,0
B6_D1,778,0,97,0,0
B6_D1,426,0,16,0,0
B4_D1,686,0,48,0,0
B4_D1,9,0,210,0,0
G1_D1,414,0,98,0,0
B6_D1,457,0,2,0,0
B10_D1,67,0,91,0,0
B2_D1,397,0,491,0,0
G1_D1,878,0,118,0,0
G1_D1,799,0,263,0,0
G1_D1,824,0,259,0,0
B6_D1,209,0,276,0,0
B6_D1,45,0,40,0,0
B2_D1,648,0,480,0,0
G1_D1,86,0,58,0,0
B6_D1,770,0,100,0,0
G1_D1,510,0,146,0,0
B2_D1,895,0,100,0,0
B6_D1,618,0,479,0,0
B6_D1,819,0,484,0,0
B2_D1,337,0,487,0,0
B6_D1,975,0,10,0,0
G1_D1,13,0,242,0,0
G1_D1,494,0,9,0,0
B8_D1,363,0,188,0,0
G1_D1,729,0,250,0,0
B10_D1,201,0,226,0,0
G1_D1,398,0,480,0,0
B10_D1,413,0,231,0,0
B6_D1,355,0,495,0,0
B6_D1,518,0,483,0,0
B10_D1,385,0,267,0,0
B4_D1,657,0,22,0,0
B10_D1,269,0,354,0,0
B6_D1,1017,0,7,0,0
G1_D1,294,0,6,0,0
B10_D1,452,0,6,0,0
G1_D1,787,0,308,0,0
B10_D1,302,0,2,0,0
B10_D1,33,0,369,0,-1
B6_D1,541,0,320,0,0
B6_D1,90,0,131,0,0
G1_D1,261,0,319,0,0
B6_D1,421,0,511,0,0
B2_D1,554,0,41,0,0
B6_D1,992,0,475,0,0
B6_D1,1009,0,90,0,0
B2_D1,315,0,391,0,0
B10_D1,853,0,28,0,0
G1_D1,874,0,13,0,0
B6_D1,459,0,50,0,0
B10_D1,846,0,378,0,0
G1_D1,153,0,135,0,0
B6_D1,182,0,105,0,0
G1_D1,626,0,156,0,0
G1_D1,504,0,244,0,0
B2_D1,153,0,138,0,0
B2_D1,900,0,404,0,0
B2_D1,488,0,126,0,0
B6_D1,442,0,73,0,0
B6_D1,481,0,242,0,0
G1_D1,564,0,14,0,0
B10_D1,138,0,118,0,0
B6_D1,302,0,408,0,0
B8_D1,125,0,82,0,0
B10_D1,849,0,21,0,0
G1_D1,721,0,249,0,0
B10_D1,986,0,496,0,0
B10_D1,299,0,156,0,0
B6_D1,926,0,436,0,0
G1_D1,566,0,139,0,0
B6_D1,440,0,45,0,0
B10_D1,836,0,327,0,0
B6_D1,651,0,214,0,0
B8_D1,877,0,301,0,0
B6_D1,485,0,347,0,0
B2_D1,175,0,243,0,0
B6_D1,880,0,135,0,0
B10_D1,90,0,31,0,0
B4_D1,790,0,235,0,0
B6_D1,291,0,158,0,0
B4_D1,38,0,394,0,0
B6_D1,1,0,290,0,0
B10_D1,308,0,414,0,0
B6_D1,259,0,192,0,0
B6_D1,132,0,32,0,0
B10_D1,102,0,2,0,0
B4_D1,621,0,43,0,0
B10_D1,420,0,70,0,0
B6_D1,510,0,30,0,0
B6_D1,669,0,304,0,0
G1_D1,535,0,509,0,0
G1_D1,270,0,409,0,0
B10_D1,420,0,386,0,0
G1_D1,976,0,378,0,-1
G1_D1,741,0,42,0,0
B10_D1,31,0,166,0,0
G1_D1,38,0,49,0,0
B6_D1,661,0,440,0,0
B6_D1,69,0,34,0,0
B6_D1,830,0,510,0,0
B6_D1,978,0,488,0,0
B6_D1,797,0,27,0,0
B10_D1,244,0,203,0,0
B4_D1,45,0,125,0,0
B10_D1,199,0,162,0,0
G1_D1,663,0,246,0,0
G1_D1,40,0,112,0,0
B6_D1,727,0,147,0,0
B6_D1,580,0,285,0,0
B4_D1,843,0,69,0,0
B6_D1,99,0,129,0,0
B6_D1,645,0,389,0,0
B10_D1,793,0,276,0,0
B6_D1,728,0,503,0,0
B4_D1,258,0,224,0,0
B6_D1,33,0,172,0,0
B6_D1,899,0,99,0,0
B6_D1,263,0,458,0,3
B10_D1,591,0,294,0,0
G1_D1,393,0,296,0,0
B6_D1,867,0,136,0,0
B2_D1,1023,0,232,0,0
B10_D1,141,0,276,0,0
B6_D1,947,0,131,0,0
G1_D1,852,0,127,0,0
B10_D1,523,0,4,0,0
B10_D1,810,0,367,0,0
G1_D1,696,0,250,0,0
B10_D1,410,0,479,0,0
B10_D1,476,0,57,0,0
G1_D1,939,0,2,0,0
B6_D1,130,0,490,0,0
B10_D1,157,0,234,0,0
B10_D1,262,0,270,0,0
B10_D1,468,0,209,0,0
B6_D1,106,0,119,0,0
B4_D1,5,0,227,0,0
B2_D1,930,0,68,0,0
B6_D1,728,0,197,0,0
B10_D1,329,0,93,0,0
B6_D1,239,0,401,0,0
B4_D1,686,0,189,0,0
B10_D1,593,0,479,0,0
B6_D1,442,0,22,0,0
B2_D1,548,0,120,0,0
G1_D1,310,0,24,0,0
G1_D1,325,0,24,0,0
B10_D1,657,0,64,0,0
G1_D1,749,0,14,0,0
B10_D1,317,0,84,0,0
B6_D1,707,0,300,0,0
B6_D1,1020,0,30,0,0
B6_D1,823,0,483,0,0
B10_D1,141,0,93,0,0
B10_D1,752,0,425,0,0
B4_D1,944,0,75,0,0
B6_D1,863,0,13,0,0
G1_D1,1023,0,175,0,0
B6_D1,658,0,388,0,0
B6_D1,975,0,177,0,0
B6_D1,1004,0,317,0,0
B6_D1,908,0,28,0,0
G1_D1,794,0,12,0,0
B10_D1,241,0,397,0,0
B6_D1,430,0,64,0,0
B10_D1,290,0,261,0,0
B4_D1,3,0,390,0,0
B10_D1,565,0,70,0,0
B6_D1,333,0,374,0,0
B6_D1,792,0,210,0,0
B4_D1,242,0,345,0,0
B2_D1,131,0,438,0,0
B6_D1,719,0,9,0,0
G1_D1,24,0,93,0,0
G1_D1,995,0,98,0,0
B4_D1,840,0,71,0,0
B6_D1,756,0,304,0,0
B10_D1,870,0,71,0,0
B4_D1,469,0,424,0,0
B6_D1,249,0,423,0,0
B4_D1,705,0,192,0,0
G1_D1,588,0,225,0,0
B4_D1,775,0,79,0,0
B6_D1,200,0,69,0,0
B6_D1,723,0,469,0,0
B10_D1,109,0,8,0,0
B6_D1,613,0,353,0,0
B6_D1,56,0,478,0,0
G1_D1,177,0,125,0,0
B6_D1,663,0,43,0,0
G1_D1,572,0,18,0,0
B4_D1,404,0,407,0,0
B6_D1,1004,0,310,0,0
B10_D1,99,0,319,0,0
B4_D1,655,0,82,0,0
B10_D1,746,0,0,0,0
B6_D1,978,0,13,0,0
G1_D1,237,0,174,0,0
B6_D1,622,0,482,0,0
B10_D1,42,0,102,0,0
B6_D1,687,0,63,0,0
B2_D1,821,0,60,0,0
B2_D1,398,0,110,0,0
B6_D1,68,0,380,0,0
B10_D1,378,0,260,0,0
B6_D1,412,0,291,0,0
B6_D1,228,0,134,0,0
G1_D1,663,0,258,0,0
B6_D1,767,0,262,0,0
G1_D1,708,0,78,0,0
B6_D1,796,0,357,0,0
B6_D1,131,0,85,0,0
B10_D1,332,0,28,0,0
G1_D1,25,0,254,0,0
B2_D1,124,0,102,0,0
B8_D1,307,0,185,0,0
G1_D1,189,0,8,0,0
B2_D1,952,0,36,0,0
B8_D1,78,0,145,0,0
B6_D1,55,0,35,0,0
B10_D1,240,0,339,0,0
B10_D1,226,0,144,0,0
B10_D1,847,0,350,0,0
B4_D1,1022,0,206,0,0
B6_D1,362,0,438,0,2
B6_D1,856,0,186,0,0
B6_D1,142,0,482,0,0
B10_D1,1023,0,346,0,0
G1_D1,52,0,123,0,0
B2_D1,18,0,126,0,0
B6_D1,301,0,322,0,0
B10_D1,89,0,152,0,0
B6_D1,291,0,11,0,0
B6_D1,137,0,322,0,0
B6_D1,307,0,217,0,0
B10_D1,346,0,100,0,0
B6_D1,42,0,409,0,0
B6_D1,482,0,173,0,0
G1_D1,1009,0,260,0,0
B6_D1,203,0,392,0,0
B10_D1,880,0,40,0,0
G1_D1,26,0,245,0,0
B6_D1,456,0,1,0,0
B4_D1,898,0,79,0,0
B6_D1,611,0,376,0,0
G1_D1,546,0,109,0,0
B6_D1,666,0,491,0,0
B10_D1,170,0,238,0,0
G1_D1,553,0,70,0,0
B6_D1,132,0,81,0,0
G1_D1,736,0,130,0,0
B10_D1,187,0,436,0,0
B2_D1,84,0,32,0,0
G1_D1,235,0,234,0,0
B10_D1,763,0,129,0,-1
B6_D1,828,0,488,0,0
G1_D1,524,0,76,0,0
B6_D1,796,0,506,0,0
G1_D1,660,0,191,0,0
G1_D1,637,0,243,0,0
G1_D1,819,0,128,0,0
B6_D1,353,0,137,0,0
B10_D1,801,0,0,0,0
B10_D1,771,0,88,0,0
G1_D1,1019,0,341,0,0
B6_D1,616,0,52,0,0
B2_D1,653,0,103,0,0
B10_D1,384,0,315,0,4
B6_D1,516,0,353,0,8
B2_D1,764,0,39,0,0
B6_D1,471,0,506,0,0
B6_D1,78,0,140,0,0
B6_D1,701,0,451,0,0
B2_D1,963,0,137,0,0
G1_D1,590,0,34,0,0
B10_D1,129,0,50,0,0
B6_D1,228,0,60,0,0
B6_D1,240,0,476,0,0
B6_D1,839,0,107,0,0
B6_D1,381,0,511,0,0
B4_D1,151,0,95,0,0
B6_D1,774,0,312,0,0
B10_D1,695,0,263,0,0
B6_D1,138,0,186,0,0
B10_D1,42,0,249,0,0
B6_D1,473,0,52,0,0
B2_D1,261,0,45,0,0
B10_D1,735,0,16,0,0
G1_D1,693,0,246,0,0
B10_D1,3,0,222,0,0
B10_D1,308,0,327,0,0
B10_D1,38,0,142,0,0
B6_D1,705,0,427,0,0
B10_D1,660,0,263,0,0
B6_D1,842,0,53,0,0
B6_D1,1021,0,315,0,0
B6_D1,955,0,457,0,0
B6_D1,797,0,91,0,0
B2_D1,174,0,104,0,0
B6_D1,694,0,334,0,0
B10_D1,294,0,126,0,0
G1_D1,995,0,162,0,0
G1_D1,739,0,257,0,0
B10_D1,814,0,409,0,0
B8_D1,210,0,106,0,0
B6_D1,515,0,308,0,0
B6_D1,316,0,75,0,0
B10_D1,50,0,139,0,0
B6_D1,377,0,140,0,0
G1_D1,797,0,18,0,0
B10_D1,658,0,485,0,0
B10_D1,677,0,305,0,0
B10_D1,34,0,21,0,0
B10_D1,660,0,268,0,0
B10_D1,750,0,403,0,0
B6_D1,779,0,306,0,0
G1_D1,734,0,457,0,0
G1_D1,995,0,200,0,0
B6_D1,424,0,499,0,0
B6_D1,522,0,395,0,0
G1_D1,702,0,508,0,0
B6_D1,31,0,461,0,0
B10_D1,427,0,79,0,0
G1_D1,22,0,298,0,0
B6_D1,148,0,386,0,0
B10_D1,1010,0,43,0,0
B6_D1,55,0,505,0,0
B6_D1,946,0,368,0,0
B10_D1,447,0,202,0,0
B6_D1,330,0,10,0,0
B6_D1,186,0,511,0,0
G1_D1,29,0,134,0,0
B10_D1,500,0,30,0,0
B10_D1,136,0,446,0,0
B6_D1,675,0,341,0,0
B6_D1,843,0,438,0,0
B6_D1,312,0,226,0,0
B10_D1,785,0,273,0,0
B6_D1,428,0,287,0,0
B10_D1,841,0,114,0,0
B6_D1,930,0,10,0,0
B6_D1,200,0,505,0,0
B4_D1,291,0,266,0,0
G1_D1,1019,0,88,0,0
B10_D1,274,0,169,0,0
B2_D1,661,0,459,0,0
B4_D1,716,0,15,0,0
G1_D1,711,0,276,0,0
B6_D1,837,0,267,0,0
G1_D1,401,0,272,0,0
B6_D1,288,0,481,0,0
B6_D1,772,0,297,0,0
B6_D1,1016,0,46,0,0
G1_D1,74,0,324,0,0
B2_D1,188,0,117,0,0
B6_D1,708,0,469,0,0
B2_D1,465,0,286,0,0
B10_D1,30,0,263,0,0
B8_D1,161,0,199,0,0
B6_D1,231,0,46,0,0
B6_D1,308,0,38,0,0
B6_D1,859,0,499,0,0
B10_D1,731,0,327,0,0
B10_D1,693,0,48,0,0
B6_D1,782,0,413,0,0
B10_D1,243,0,394,0,0
G1_D1,1020,0,430,0,0
B6_D1,4,0,306,0,0
B10_D1,465,0,479,0,0
G1_D1,977,0,35,0,0
B2_D1,155,0,90,0,0
B6_D1,117,0,82,0,0
B6_D1,6,0,242,0,0
B4_D1,7,0,95,0,0
B6_D1,817,0,391,0,0
B10_D1,247,0,6,0,0
B6_D1,898,0,23,0,0
B10_D1,419,0,274,0,0
B6_D1,244,0,157,0,0
B6_D1,786,0,36,0,0
B6_D1,426,0,332,0,0
G1_D1,107,0,187,0,0
B4_D1,545,0,182,0,0
B2_D1,416,0,510,0,0
G1_D1,879,0,263,0,0
B10_D1,983,0,207,0,0
G1_D1,710,0,196,0,0
B10_D1,389,0,92,0,0
B4_D1,4,0,479,0,0
B10_D1,21,0,220,0,0
B10_D1,541,0,258,0,0
B10_D1,111,0,210,0,0
B10_D1,336,0,249,0,0
B10_D1,521,0,313,0,0
B10_D1,750,0,445,0,0
G1_D1,315,0,202,0,0
B6_D1,951,0,50,0,0
B10_D1,239,0,316,0,0
B6_D1,667,0,37,0,0
B4_D1,277,0,40,0,0
B6_D1,974,0,509,0,0
B4_D1,669,0,246,0,0
B10_D1,601,0,253,0,0
B10_D1,869,0,215,0,0
G1_D1,56,0,288,0,0
B6_D1,631,0,305,0,0
B8_D1,554,0,215,0,0
B6_D1,764,0,155,0,0
G1_D1,745,0,231,0,0
B6_D1,133,0,220,0,0
B10_D1,126,0,288,0,0
B10_D1,1,0,210,0,0
B6_D1,65,0,293,0,0
G1_D1,944,0,10,0,0
B6_D1,561,0,403,0,0
G1_D1,548,0,72,0,0
B6_D1,900,0,392,0,0
G1_D1,682,0,24,0,0
G1_D1,524,0,3,0,0
B6_D1,624,0,417,0,0
B6_D1,3,0,298,0,0
G1_D1,316,0,289,0,0
B6_D1,815,0,112,0,0
B10_D1,120,0,59,0,0
B10_D1,166,0,112,0,0
B10_D1,278,0,36,0,0
B10_D1,707,0,329,0,0
B2_D1,240,0,140,0,0
B6_D1,409,0,407,0,0
B10_D1,532,0,138,0,0
B10_D1,921,0,322,0,0
B2_D1,360,0,113,0,0
B10_D1,158,0,279,0,0
G1_D1,317,0,324,0,0
B6_D1,604,0,329,0,0
B6_D1,245,0,505,0,0
B6_D1,549,0,56,0,0
B2_D1,243,0,200,0,0
B6_D1,398,0,481,0,0
B4_D1,527,0,285,0,0
B2_D1,117,0,111,0,0
B10_D1,370,0,7,0,0
G1_D1,697,0,54,0,0
G1_D1,804,0,2,0,0
B6_D1,848,0,157,0,0
B10_D1,609,0,320,0,0
B6_D1,638,0,290,0,0
B10_D1,860,0,208,0,0
B6_D1,152,0,507,0,0
B6_D1,313,0,38,0,0
G1_D1,238,0,176,0,0
B6_D1,75,0,84,0,0
B10_D1,551,0,322,0,0
B10_D1,237,0,2,0,0
B10_D1,386,0,264,0,0
B6_D1,657,0,63,0,0
B6_D1,292,0,507,0,0
B8_D1,879,0,234,0,0
G1_D1,40,0,232,0,0
G1_D1,853,0,96,0,0
B6_D1,311,0,41,0,0
B6_D1,733,0,145,0,0
B6_D1,968,0,420,0,0
G1_D1,303,0,415,0,0
B10_D1,83,0,274,0,0
B2_D1,415,0,286,0,0
G1_D1,16,0,401,0,0
B4_D1,43,0,124,0,0
G1_D1,531,0,247,0,0
B6_D1,690,0,230,0,0
B2_D1,128,0,507,0,0
B10_D1,693,0,119,0,0
B6_D1,594,0,325,0,0
B6_D1,354,0,19,0,0
G1_D1,843,0,439,0,0
B6_D1,330,0,25,0,0
G1_D1,134,0,134,0,0
B8_D1,346,0,299,0,0
B6_D1,1012,0,212,0,0
B10_D1,367,0,272,0,0
G1_D1,70,0,48,0,0
B10_D1,304,0,54,0,0
G1_D1,54,0,23,0,0
B10_D1,103,0,82,0,0
B10_D1,406,0,259,0,0
B6_D1,96,0,11,0,0
B6_D1,121,0,46,0,0
B2_D1,862,0,376,0,0
G1_D1,70,0,41,0,0
B6_D1,510,0,149,0,0
B2_D1,894,0,395,0,0
B10_D1,7,0,377,0,0
G1_D1,169,0,9,0,0
B4_D1,314,0,291,0,0
B10_D1,628,0,174,0,0
B6_D1,165,0,485,0,0
B10_D1,474,0,66,0,0
B6_D1,552,0,158,0,0
B4_D1,348,0,17,0,0
G1_D1,840,0,272,0,0
B6_D1,319,0,34,0,0
B6_D1,309,0,52,0,0
B6_D1,26,0,396,0,0
G1_D1,839,0,3,0,0
G1_D1,758,0,481,0,0
B10_D1,629,0,20,0,0
B10_D1,992,0,248,0,0
G1_D1,9,0,388,0,0
B6_D1,152,0,47,0,0
B2_D1,538,0,480,0,0
B6_D1,924,0,9,0,0
B10_D1,606,0,280,0,0
G1_D1,434,0,244,0,0
B10_D1,172,0,111,0,0
B10_D1,128,0,454,0,0
B6_D1,225,0,477,0,0
B4_D1,231,0,20,0,0
G1_D1,614,0,285,0,0
B6_D1,913,0,98,0,0
B10_D1,420,0,161,0,0
G1_D1,439,0,11,0,0
B6_D1,444,0,50,0,0
B4_D1,748,0,290,0,0
B10_D1,142,0,443,0,0
B10_D1,99,0,153,0,0
G1_D1,497,0,322,0,0
B4_D1,321,0,304,0,0
B10_D1,264,0,65,0,0
B6_D1,695,0,25,0,0
B6_D1,848,0,435,0,0
B10_D1,153,0,47,0,0
B6_D1,322,0,47,0,0
G1_D1,649,0,17,0,0
B4_D1,88,0,400,0,0
B10_D1,1023,0,154,0,0
B2_D1,87,0,36,0,0
G1_D1,998,0,335,0,0
B10_D1,660,0,310,0,0
B10_D1,420,0,33,0,0
B6_D1,563,0,60,0,0
B6_D1,727,0,356,0,0
B4_D1,326,0,315,0,0
B6_D1,953,0,420,0,0
G1_D1,26,0,213,0,0
B10_D1,478,0,162,0,0
B4_D1,660,0,281,0,0
B6_D1,508,0,481,0,0
B6_D1,157,0,97,0,0
B6_D1,817,0,455,0,0
B6_D1,428,0,480,0,0
B10_D1,21,0,56,0,0
B10_D1,412,0,199,0,0
G1_D1,826,0,15,0,0
B10_D1,531,0,5,0,0
B6_D1,522,0,391,0,0
B8_D1,255,0,330,0,0
B10_D1,146,0,511,0,0
B8_D1,715,0,249,0,0
B6_D1,443,0,417,0,0
B10_D1,828,0,354,0,0
B6_D1,275,0,500,0,0
B6_D1,333,0,92,0,0
B6_D1,257,0,310,0,0
B6_D1,949,0,421,0,0
B10_D1,459,0,269,0,0
B10_D1,961,0,241,0,0
B6_D1,816,0,506,0,0
B6_D1,166,0,243,0,0
B10_D1,294,0,416,0,0
B8_D1,149,0,338,0,0
B8_D1,247,0,332,0,0
B10_D1,2,0,351,0,0
B4_D1,186,0,358,0,0
B6_D1,20,0,505,0,0
B6_D1,893,0,503,0,0
B6_D1,585,0,25,0,0
B6_D1,174,0,484,0,0
G1_D1,323,0,85,0,0
B10_D1,857,0,67,0,0
B6_D1,674,0,489,0,0
B2_D1,151,0,104,0,0
B6_D1,225,0,35,0,0
B4_D1,533,0,183,0,0
B6_D1,276,0,72,0,0
B6_D1,563,0,481,0,0
B8_D1,70,0,330,0,0
B6_D1,925,0,0,0,0
G1_D1,263,0,247,0,0
B6_D1,1019,0,75,0,0
B6_D1,1023,0,300,0,0
B10_D1,502,0,334,0,0
B6_D1,320,0,383,0,0
G1_D1,9,0,143,0,0
G1_D1,47,0,32,0,0
G1_D1,116,0,367,0,0
B10_D1,261,0,303,0,0
B6_D1,261,0,311,0,0
B10_D1,339,0,41,0,0
B10_D1,296,0,318,0,0
B6_D1,633,0,18,0,0
B6_D1,383,0,142,0,0
G1_D1,326,0,226,0,0
B6_D1,61,0,491,0,0
B2_D1,845,0,100,0,0
B6_D1,688,0,49,0,0
B6_D1,982,0,169,0,0
B10_D1,566,0,0,0,0
B10_D1,475,0,84,0,0
B10_D1,374,0,246,0,0
B6_D1,843,0,435,0,0
B10_D1,780,0,83,0,0
B10_D1,333,0,220,0,0
B10_D1,253,0,43,0,0
B2_D1,508,0,288,0,0
B6_D1,469,0,9,0,0
B6_D1,694,0,435,0,0
B2_D1,377,0,493,0,0
B6_D1,759,0,201,0,0
B2_D1,967,0,1,0,0
B2_D1,1003,0,56,0,0
B2_D1,499,0,219,0,0
B6_D1,532,0,395,0,0
B10_D1,140,0,105,0,0
B2_D1,348,0,386,0,0
G1_D1,1009,0,3,0,0
B10_D1,604,0,155,0,0
B10_D1,597,0,261,0,0
B4_D1,427,0,188,0,0
B10_D1,899,0,465,0,0
G1_D1,109,0,16,0,0
B6_D1,664,0,9,0,0
B10_D1,224,0,333,0,0
B6_D1,693,0,413,0,0
G1_D1,45,0,54,0,0
B10_D1,360,0,40,0,0
G1_D1,22,0,37,0,0
B10_D1,54,0,8,0,0
G1_D1,541,0,1,0,0
B6_D1,805,0,289,0,0
G1_D1,684,0,191,0,0
B6_D1,423,0,359,0,0
B10_D1,34,0,240,0,0
B6_D1,323,0,226,0,0
B4_D1,191,0,135,0,0
B6_D1,41,0,57,0,0
G1_D1,50,0,302,0,0
B10_D1,995,0,58,0,0
B6_D1,887,0,441,0,0
B6_D1,941,0,280,0,0
B8_D1,437,0,283,0,0
B10_D1,223,0,249,0,0
B10_D1,878,0,117,0,0
B10_D1,209,0,162,0,0
B2_D1,124,0,424,0,0
B10_D1,116,0,135,0,0
G1_D1,206,0,271,0,0
B6_D1,695,0,40,0,0
B10_D1,34,0,274,0,0
B6_D1,827,0,482,0,0
G1_D1,976,0,96,0,0
B6_D1,285,0,315,0,0
B2_D1,250,0,396,0,0
B10_D1,334,0,128,0,0
B6_D1,978,0,503,0,0
B6_D1,993,0,86,0,0
G1_D1,155,0,24,0,0
B10_D1,782,0,275,0,0
G1_D1,285,0,61,0,0
B6_D1,657,0,27,0,0
G1_D1,776,0,305,0,0
B6_D1,169,0,494,0,0
B10_D1,622,0,474,0,0
G1_D1,174,0,11,0,0
G1_D1,544,0,463,0,0
B8_D1,988,0,1,0,0
B10_D1,660,0,25,0,0
B10_D1,168,0,135,0,0
G1_D1,49,0,66,0,0
B6_D1,540,0,437,0,-1
B10_D1,526,0,159,0,0
B10_D1,889,0,96,0,0
B6_D1,550,0,25,0,0
B10_D1,598,0,347,0,0
B10_D1,408,0,63,0,0
B6_D1,136,0,212,0,0
B6_D1,421,0,270,0,0
G1_D1,293,0,52,0,0
B10_D1,25,0,74,0,0
B6_D1,220,0,197,0,0
G1_D1,308,0,195,0,0
B6_D1,796,0,237,0,0
B6_D1,132,0,12,0,0
G1_D1,779,0,71,0,0
B10_D1,159,0,339,0,0
B4_D1,660,0,278,0,0
B6_D1,996,0,78,0,0
B10_D1,770,0,293,0,0
B10_D1,551,0,3,0,0
G1_D1,993,0,37,0,0
B6_D1,117,0,414,0,0
B6_D1,965,0,40,0,0
B4_D1,338,0,16,0,0
B10_D1,435,0,65,0,0
B4_D1,239,0,350,0,0
G1_D1,672,0,21,0,0
B10_D1,556,0,207,0,0
B6_D1,748,0,300,0,0
B10_D1,679,0,173,0,0
G1_D1,509,0,13,0,0
G1_D1,379,0,89,0,-1
B4_D1,71,0,19,0,0
B10_D1,161,0,50,0,0
B6_D1,164,0,172,0,0
B6_D1,926,0,268,0,0
B6_D1,544,0,184,0,0
B6_D1,700,0,407,0,0
B6_D1,979,0,4,0,0
B6_D1,834,0,107,0,0
G1_D1,21,0,294,0,0
B4_D1,1021,0,222,0,0
B10_D1,359,0,222,0,0
G1_D1,507,0,81,0,0
G1_D1,852,0,204,0,0
B10_D1,877,0,209,0,0
B6_D1,418,0,316,0,0
B10_D1,221,0,325,0,0
B10_D1,875,0,298,0,0
G1_D1,45,0,323,0,0
B10_D1,392,0,492,0,0
G1_D1,521,0,53,0,0
B6_D1,804,0,423,0,0
B8_D1,159,0,200,0,0
G1_D1,168,0,409,0,0
G1_D1,10,0,171,0,0
G1_D1,918,0,111,0,0
B6_D1,276,0,135,0,0
B10_D1,14,0,48,0,0
G1_D1,60,0,166,0,0
B6_D1,3,0,356,0,0
B6_D1,541,0,1,0,0
B6_D1,495,0,251,0,0
B6_D1,293,0,114,0,0
B6_D1,626,0,52,0,0
B4_D1,374,0,25,0,0
B6_D1,988,0,75,0,0
B4_D1,682,0,19,0,0
B6_D1,485,0,490,0,0
B6_D1,332,0,200,0,0
B10_D1,299,0,118,0,0
B10_D1,234,0,296,0,0
G1_D1,668,0,295,0,0
G1_D1,105,0,511,0,0
B4_D1,1021,0,160,0,0
B6_D1,217,0,47,0,0
B6_D1,4,0,337,0,0
G1_D1,704,0,275,0,0
B10_D1,815,0,94,0,0
B6_D1,736,0,496,0,0
G1_D1,691,0,249,0,0
B10_D1,203,0,184,0,0
B8_D1,132,0,129,0,0
G1_D1,1016,0,396,0,0
B10_D1,285,0,119,0,0
G1_D1,847,0,423,0,0
G1_D1,679,0,191,0,0
G1_D1,893,0,51,0,0
B6_D1,221,0,330,0,0
B6_D1,170,0,0,0,0
B6_D1,143,0,80,0,0
B6_D1,974,0,70,0,0
B10_D1,176,0,222,0,0
B10_D1,80,0,90,0,0
B10_D1,321,0,5,0,0
G1_D1,907,0,306,0,0
B6_D1,319,0,377,0,0
B6_D1,164,0,307,0,0
B6_D1,162,0,281,0,0
B6_D1,171,0,481,0,0
B10_D1,949,0,283,0,0
B10_D1,38,0,327,0,0
B6_D1,1008,0,503,0,0
B10_D1,543,0,87,0,0
G1_D1,615,0,21,0,0
B6_D1,736,0,506,0,0
G1_D1,4,0,441,0,0
B6_D1,1023,0,33,0,0
B6_D1,95,0,378,0,0
G1_D1,1019,0,134,0,0
B10_D1,741,0,404,0,0
B6_D1,535,0,0,0,0
G1_D1,837,0,243,0,0
B4_D1,139,0,49,0,0
B10_D1,1023,0,49,0,0
B10_D1,557,0,6,0,0
B10_D1,77,0,12,0,0
G1_D1,70,0,20,0,0
B10_D1,123,0,62,0,0
B10_D1,189,0,59,0,0
B10_D1,638,0,201,0,0
B10_D1,165,0,67,0,0
B6_D1,362,0,425,0,0
G1_D1,206,0,240,0,0
B2_D1,77,0,59,0,0
G1_D1,979,0,102,0,0
B6_D1,983,0,416,0,0
B4_D1,2,0,107,0,0
B6_D1,232,0,12,0,0
B6_D1,861,0,193,0,0
G1_D1,224,0,181,0,0
B6_D1,767,0,194,0,0
B10_D1,310,0,178,0,0
G1_D1,1005,0,19,0,0
B6_D1,887,0,507,0,0
B2_D1,909,0,34,0,0
B6_D1,247,0,160,0,0
B10_D1,719,0,425,0,0
B10_D1,887,0,60,0,0
G1_D1,29,0,180,0,0
B6_D1,113,0,291,0,0
B6_D1,269,0,332,0,0
G1_D1,331,0,15,0,0
B10_D1,57,0,47,0,0
B6_D1,50,0,262,0,0
B10_D1,122,0,267,0,0
G1_D1,134,0,190,0,0
B6_D1,75,0,96,0,0
B10_D1,226,0,131,0,0
B4_D1,914,0,13,0,0
B10_D1,528,0,311,0,0
G1_D1,250,0,156,0,0
B2_D1,279,0,491,0,0
B6_D1,59,0,306,0,0
B10_D1,76,0,3,0,0
B6_D1,642,0,2,0,0
B6_D1,1003,0,314,0,0
B6_D1,76,0,271,0,0
G1_D1,335,0,100,0,0
B6_D1,434,0,484,0,0
B10_D1,871,0,51,0,0
B6_D1,802,0,305,0,0
B6_D1,6,0,496,0,0
B6_D1,872,0,90,0,0
G1_D1,881,0,222,0,0
B6_D1,156,0,174,0,0
B10_D1,472,0,407,0,0
B6_D1,525,0,270,0,0
B4_D1,45,0,164,0,0
B6_D1,112,0,202,0,0
G1_D1,816,0,83,0,0
B6_D1,905,0,344,0,0
G1_D1,1010,0,179,0,0
B6_D1,286,0,334,0,0
B10_D1,637,0,237,0,0
B6_D1,984,0,14,0,0
B10_D1,768,0,73,0,0
B4_D1,325,0,99,0,0
B6_D1,798,0,151,0,0
B4_D1,683,0,263,0,0
B6_D1,484,0,229,0,0
B6_D1,30,0,178,0,0
G1_D1,718,0,472,0,0
B6_D1,232,0,386,0,0
B10_D1,537,0,256,0,0
B4_D1,336,0,339,0,0
B10_D1,53,0,50,0,0
B10_D1,152,0,223,0,0
G1_D1,553,0,248,0,0
B2_D1,618,0,465,0,0
B6_D1,300,0,139,0,0
B10_D1,450,0,196,0,0
B10_D1,992,0,211,0,0
G1_D1,765,0,153,0,0
B10_D1,786,0,399,0,0
G1_D1,730,0,252,0,0
B6_D1,937,0,422,0,0
B10_D1,339,0,221,0,0
B2_D1,845,0,34,0,0
G1_D1,300,0,51,0,0
B10_D1,592,0,116,0,0
B10_D1,631,0,178,0,0
B6_D1,493,0,38,0,0
B6_D1,1,0,491,0,0
B6_D1,59,0,204,0,0
B6_D1,618,0,366,0,0
B6_D1,317,0,507,0,0
G1_D1,9,0,109,0,0
B10_D1,995,0,492,0,0
G1_D1,849,0,258,0,0
B10_D1,106,0,31,0,0
G1_D1,783,0,73,0,0
G1_D1,507,0,64,0,0
B10_D1,295,0,181,0,0
B6_D1,128,0,402,0,0
B10_D1,930,0,114,0,0
G1_D1,318,0,229,0,0
B2_D1,416,0,210,0,0
G1_D1,958,0,210,0,0
G1_D1,666,0,173,0,0
B10_D1,30,0,370,0,0
B10_D1,373,0,255,0,0
B6_D1,140,0,10,0,0
B4_D1,188,0,28,0,0
B2_D1,645,0,50,0,0
B10_D1,795,0,451,0,0
B6_D1,40,0,421,0,0
B4_D1,4,0,373,0,0
B10_D1,897,0,397,0,0
B6_D1,668,0,66,0,0
B10_D1,631,0,285,0,0
B4_D1,387,0,296,0,0
B10_D1,28,0,28,0,0
G1_D1,944,0,27,0,0
G1_D1,724,0,122,0,0
B8_D1,490,0,293,0,0
B2_D1,155,0,25,0,0
B4_D1,910,0,26,0,0
B6_D1,659,0,9,0,0
B10_D1,1013,0,73,0,0
B6_D1,884,0,504,0,0
B10_D1,212,0,164,0,0
B6_D1,798,0,55,0,0
B4_D1,292,0,189,0,0
B4_D1,569,0,201,0,0
G1_D1,580,0,233,0,0
B10_D1,526,0,133,0,0
B6_D1,593,0,183,0,0
B10_D1,293,0,4,0,0
G1_D1,951,0,273,0,0
B6_D1,127,0,49,0,0
B10_D1,791,0,5,0,0
G1_D1,626,0,86,0,0
B6_D1,591,0,31,0,0
G1_D1,989,0,209,0,0
B6_D1,747,0,12,0,0
B6_D1,689,0,509,0,0
B6_D1,15,0,349,0,0
B10_D1,816,0,61,0,0
B10_D1,925,0,111,0,0
B10_D1,211,0,23,0,0
B10_D1,136,0,114,0,0
B6_D1,467,0,379,0,0
G1_D1,900,0,111,0,0
B10_D1,592,0,284,0,0
B6_D1,200,0,77,0,0
B6_D1,354,0,384,0,0
B10_D1,570,0,70,0,0
B6_D1,94,0,19,0,0
G1_D1,882,0,257,0,0
B6_D1,445,0,347,0,0
B6_D1,600,0,317,0,0
B6_D1,64,0,146,0,0
B6_D1,892,0,218,0,0
B6_D1,562,0,332,0,0
B10_D1,995,0,268,0,0
B6_D1,543,0,272,0,0
B6_D1,668,0,493,0,0
B6_D1,931,0,128,0,0
B6_D1,75,0,442,0,0
B10_D1,186,0,5,0,0
B10_D1,706,0,5,0,0
B10_D1,140,0,324,0,0
G1_D1,20,0,164,0,0
B10_D1,461,0,113,0,0
B10_D1,295,0,253,0,0
B6_D1,245,0,0,0,0
G1_D1,59,0,116,0,0
B6_D1,12,0,89,0,0
B2_D1,859,0,56,0,0
B10_D1,944,0,243,0,0
G1_D1,936,0,24,0,0
B6_D1,151,0,235,0,0
B10_D1,437,0,278,0,0
G1_D1,50,0,136,0,0
B6_D1,222,0,2,0,0
B10_D1,218,0,364,0,0
B6_D1,1022,0,450,0,0
B10_D1,676,0,387,0,0
B6_D1,557,0,274,0,0
B10_D1,392,0,175,0,0
B6_D1,65,0,127,0,0
B6_D1,90,0,485,0,0
B10_D1,515,0,208,0,0
B6_D1,56,0,56,0,0
B6_D1,871,0,11,0,0
B6_D1,370,0,428,0,-1
B6_D1,949,0,428,0,0
B6_D1,701,0,41,0,0
B10_D1,400,0,96,0,0
B10_D1,107,0,300,0,0
G1_D1,380,0,240,0,0
B10_D1,629,0,372,0,0
B4_D1,266,0,309,0,0
B10_D1,337,0,197,0,0
B6_D1,385,0,485,0,0
B10_D1,67,0,46,0,0
B10_D1,404,0,243,0,0
B6_D1,998,0,106,0,0
B6_D1,407,0,293,0,0
B10_D1,332,0,198,0,0
G1_D1,10,0,59,0,0
B2_D1,370,0,490,0,0
B10_D1,445,0,37,0,0
B6_D1,537,0,47,0,0
B6_D1,619,0,408,0,0
B6_D1,882,0,317,0,0
B6_D1,171,0,68,0,0
B4_D1,595,0,220,0,0
B6_D1,830,0,0,0,0
B2_D1,350,0,26,0,0
B10_D1,524,0,314,0,0
B10_D1,336,0,167,0,0
B6_D1,200,0,425,0,0
G1_D1,701,0,457,0,0
B10_D1,137,0,267,0,0
B2_D1,742,0,30,0,0
G1_D1,204,0,111,0,0
B6_D1,977,0,193,0,0
G1_D1,476,0,243,0,0
B10_D1,830,0,243,0,0
B10_D1,262,0,2,0,0
G1_D1,7,0,135,0,0
B2_D1,910,0,163,0,0
B10_D1,908,0,401,0,0
B10_D1,718,0,32,0,0
B10_D1,460,0,95,0,0
B6_D1,180,0,495,0,0
B6_D1,821,0,303,0,0
G1_D1,187,0,18,0,0
B8_D1,121,0,87,0,0
B6_D1,656,0,501,0,0
B4_D1,867,0,263,0,0
B6_D1,430,0,477,0,0
B10_D1,734,0,326,0,0
B6_D1,901,0,193,0,-1
B6_D1,883,0,38,0,0
B6_D1,439,0,489,0,0
B6_D1,345,0,343,0,0
B6_D1,650,0,40,0,0
B6_D1,692,0,159,0,0
G1_D1,809,0,16,0,0
B4_D1,1,0,87,0,0
B6_D1,57,0,159,0,0
B2_D1,277,0,198,0,0
B10_D1,54,0,53,0,0
B10_D1,419,0,126,0,0
B10_D1,731,0,90,0,0
B6_D1,661,0,359,0,0
G1_D1,287,0,260,0,0
B10_D1,924,0,448,0,0
G1_D1,509,0,11,0,0
B2_D1,269,0,487,0,0
B6_D1,867,0,305,0,0
B6_D1,346,0,222,0,0
B6_D1,669,0,164,0,0
B10_D1,187,0,111,0,0
B10_D1,877,0,362,0,0
G1_D1,129,0,191,0,0
B6_D1,500,0,490,0,0
B6_D1,778,0,498,0,0
B8_D1,239,0,187,0,0
B6_D1,754,0,509,0,0
G1_D1,953,0,243,0,0
B10_D1,412,0,169,0,0
G1_D1,186,0,39,0,0
B10_D1,486,0,410,0,0
B6_D1,309,0,216,0,0
G1_D1,475,0,20,0,0
B6_D1,352,0,108,0,0
B6_D1,83,0,38,0,0
B6_D1,461,0,167,0,0
B10_D1,194,0,28,0,0
B10_D1,221,0,246,0,0
B10_D1,66,0,156,0,0
G1_D1,346,0,226,0,0
G1_D1,442,0,77,0,0
B6_D1,855,0,168,0,0
B2_D1,453,0,167,0,0
B6_D1,796,0,96,0,0
B10_D1,456,0,50,0,0
B4_D1,284,0,310,0,0
B10_D1,231,0,117,0,0
B6_D1,860,0,505,0,0
B2_D1,628,0,509,0,0
G1_D1,964,0,208,0,0
B2_D1,816,0,510,0,0
B6_D1,64,0,484,0,0
G1_D1,104,0,5,0,0
B2_D1,219,0,237,0,0
B10_D1,778,0,374,0,0
B6_D1,731,0,279,0,0
B6_D1,982,0,222,0,0
B6_D1,741,0,51,0,0
B10_D1,632,0,375,0,0
G1_D1,415,0,20,0,0
B8_D1,21,0,262,0,0
B10_D1,220,0,123,0,0
B10_D1,355,0,198,0,0
B6_D1,250,0,485,0,0
B2_D1,815,0,362,0,0
B6_D1,107,0,492,0,0
B10_D1,185,0,48,0,0
G1_D1,525,0,110,0,0
G1_D1,63,0,165,0,0
G1_D1,839,0,9,0,0
B4_D1,684,0,22,0,0
G1_D1,95,0,421,0,0
B6_D1,572,0,402,0,0
B6_D1,482,0,502,0,0
B6_D1,352,0,386,0,0
B4_D1,437,0,373,0,0
B6_D1,745,0,245,0,0
B4_D1,596,0,367,0,0
B10_D1,151,0,319,0,0
B10_D1,576,0,502,0,0
G1_D1,476,0,87,0,0
G1_D1,794,0,36,0,0
B10_D1,259,0,41,0,0
G1_D1,695,0,510,0,0
B6_D1,414,0,4,0,0
G1_D1,749,0,195,0,0
B10_D1,657,0,113,0,0
B10_D1,1019,0,111,0,0
B6_D1,690,0,25,0,0
B10_D1,726,0,269,0,0
G1_D1,540,0,113,0,0
B8_D1,484,0,295,0,0
B6_D1,73,0,444,0,0
B8_D1,51,0,327,0,0
B2_D1,619,0,148,0,0
B6_D1,43,0,99,0,0
B10_D1,420,0,17,0,0
B6_D1,110,0,81,0,0
B6_D1,217,0,75,0,0
G1_D1,118,0,382,0,-1
B6_D1,230,0,237,0,0
B6_D1,681,0,308,0,0
B10_D1,303,0,100,0,0
B6_D1,515,0,35,0,0
B6_D1,124,0,329,0,0
B2_D1,211,0,402,0,0
G1_D1,259,0,35,0,0
B10_D1,39,0,250,0,0
B2_D1,1001,0,251,0,0
B10_D1,877,0,371,0,0
B10_D1,879,0,271,0,0
B10_D1,631,0,177,0,0
B6_D1,899,0,499,0,0
B6_D1,233,0,374,0,0
B4_D1,602,0,50,0,0
G1_D1,308,0,34,0,0
G1_D1,793,0,300,0,0
B6_D1,71,0,511,0,0
B6_D1,134,0,328,0,0
B10_D1,826,0,62,0,0
B4_D1,166,0,19,0,0
B10_D1,978,0,107,0,0
B2_D1,919,0,18,0,0
B10_D1,562,0,241,0,0
B10_D1,28,0,99,0,0
B10_D1,365,0,99,0,0
B2_D1,671,0,459,0,0
B6_D1,434,0,223,0,0
B6_D1,149,0,509,0,0
B6_D1,356,0,380,0,0
B10_D1,94,0,125,0,0
B4_D1,409,0,230,0,0
B6_D1,19,0,425,0,-1
B6_D1,950,0,45,0,0
B4_D1,720,0,430,0,0
G1_D1,345,0,402,0,0
B10_D1,36,0,297,0,0
B10_D1,893,0,9,0,0
B10_D1,571,0,302,0,0
B6_D1,511,0,61,0,0
B6_D1,554,0,181,0,0
B6_D1,209,0,39,0,0
B6_D1,434,0,354,0,0
B6_D1,116,0,26,0,0
B4_D1,158,0,17,0,0
G1_D1,60,0,59,0,0
B10_D1,276,0,174,0,0
B10_D1,602,0,261,0,0
B6_D1,390,0,35,0,0
B6_D1,517,0,352,0,8
B4_D1,665,0,240,0,0
B6_D1,352,0,190,0,0
B6_D1,87,0,460,0,0
B10_D1,6,0,511,0,0
B2_D1,971,0,510,0,0
B10_D1,852,0,273,0,0
B10_D1,607,0,284,0,0
B2_D1,671,0,143,0,0
B10_D1,258,0,300,0,0
B6_D1,1000,0,495,0,0
B10_D1,281,0,56,0,0
B4_D1,424,0,236,0,0
G1_D1,712,0,124,0,0
G1_D1,40,0,229,0,0
B6_D1,556,0,316,0,0
B6_D1,31,0,258,0,0
B10_D1,644,0,313,0,0
B6_D1,146,0,46,0,0
B6_D1,674,0,188,0,0
B6_D1,671,0,501,0,0
B8_D1,1022,0,32,0,0
B2_D1,199,0,123,0,0
B6_D1,153,0,479,0,0
G1_D1,589,0,261,0,0
B2_D1,829,0,274,0,0
G1_D1,258,0,33,0,0
B10_D1,185,0,204,0,0
B6_D1,570,0,375,0,-1
B6_D1,246,0,330,0,0
B4_D1,655,0,243,0,0
B10_D1,639,0,372,0,0
B4_D1,269,0,243,0,0
B8_D1,702,0,231,0,0
G1_D1,143,0,203,0,0
B10_D1,588,0,347,0,0
B10_D1,339,0,21,0,0
G1_D1,770,0,50,0,0
G1_D1,771,0,112,0,0
B10_D1,125,0,287,0,0
B10_D1,146,0,505,0,0
B6_D1,852,0,12,0,0
G1_D1,259,0,289,0,0
B6_D1,31,0,6,0,0
B6_D1,495,0,30,0,0
B6_D1,293,0,436,0,0
B10_D1,727,0,158,0,0
G1_D1,79,0,314,0,0
G1_D1,449,0,4,0,0
B10_D1,553,0,308,0,0
B10_D1,327,0,415,0,0
B6_D1,72,0,402,0,0
B6_D1,900,0,344,0,0
B6_D1,215,0,150,0,0
G1_D1,184,0,284,0,0
B10_D1,363,0,18,0,0
B6_D1,433,0,483,0,0
B4_D1,23,0,118,0,0
G1_D1,25,0,186,0,0
G1_D1,470,0,98,0,0
B6_D1,357,0,459,0,1
B6_D1,688,0,488,0,0
B10_D1,189,0,281,0,0
B6_D1,809,0,261,0,0
B10_D1,159,0,103,0,0
B4_D1,658,0,235,0,0
B8_D1,183,0,346,0,0
B10_D1,214,0,426,0,0
G1_D1,686,0,52,0,0
B6_D1,419,0,268,0,0
B10_D1,186,0,16,0,0
B4_D1,116,0,46,0,0
B10_D1,369,0,242,0,0
B6_D1,816,0,31,0,0
B10_D1,369,0,45,0,0
B10_D1,649,0,456,0,0
B10_D1,128,0,136,0,0
G1_D1,421,0,15,0,0
G1_D1,96,0,278,0,0
G1_D1,666,0,49,0,0
B10_D1,466,0,313,0,0
B10_D1,809,0,265,0,0
B2_D1,364,0,383,0,0
B10_D1,239,0,168,0,0
G1_D1,514,0,480,0,0
B6_D1,491,0,491,0,0
B10_D1,315,0,413,0,0
B6_D1,810,0,106,0,0
B10_D1,32,0,276,0,0
G1_D1,347,0,361,0,0
B6_D1,1022,0,432,0,0
G1_D1,988,0,184,0,0
B6_D1,776,0,361,0,0
G1_D1,159,0,251,0,0
B6_D1,111,0,11,0,0
B6_D1,80,0,476,0,0
B6_D1,718,0,3,0,0
G1_D1,522,0,262,0,0
B6_D1,656,0,16,0,0
B10_D1,112,0,114,0,0
G1_D1,627,0,158,0,0
B6_D1,166,0,65,0,0
B6_D1,706,0,41,0,0
G1_D1,529,0,19,0,0
B10_D1,1022,0,12,0,0
B6_D1,717,0,361,0,0
G1_D1,879,0,206,0,0
G1_D1,209,0,10,0,0
B10_D1,442,0,237,0,0
B6_D1,195,0,477,0,0
G1_D1,1009,0,102,0,0
B6_D1,927,0,305,0,0
G1_D1,321,0,88,0,0
B6_D1,413,0,49,0,0
B6_D1,792,0,74,0,0
G1_D1,759,0,463,0,0
B6_D1,632,0,448,0,0
B10_D1,54,0,13,0,0
G1_D1,784,0,39,0,0
B4_D1,9,0,193,0,0
B10_D1,214,0,130,0,0
B10_D1,195,0,153,0,0
G1_D1,985,0,301,0,0
B6_D1,89,0,424,0,0
B10_D1,596,0,52,0,0
B10_D1,804,0,328,0,0
B6_D1,66,0,511,0,0
B10_D1,303,0,309,0,0
B6_D1,942,0,492,0,0
B4_D1,630,0,296,0,0
B10_D1,875,0,223,0,0
B10_D1,410,0,121,0,0
B6_D1,595,0,200,0,0
B6_D1,506,0,133,0,0
B6_D1,552,0,492,0,0
B6_D1,334,0,499,0,0
B2_D1,621,0,28,0,0
G1_D1,784,0,11,0,0
G1_D1,16,0,358,0,0
B10_D1,809,0,328,0,0
B4_D1,682,0,52,0,0
B2_D1,156,0,510,0,0
B6_D1,185,0,197,0,0
B6_D1,76,0,395,0,0
B6_D1,23,0,203,0,0
G1_D1,154,0,251,0,0
B8_D1,630,0,303,0,0
B8_D1,113,0,198,0,0
B2_D1,690,0,74,0,0
B6_D1,938,0,8,0,0
B6_D1,855,0,89,0,0
B8_D1,688,0,184,0,0
B6_D1,6,0,46,0,0
B6_D1,143,0,23,0,0
B10_D1,731,0,83,0,0
B6_D1,51,0,118,0,0
B10_D1,745,0,469,0,0
B10_D1,225,0,231,0,0
B6_D1,455,0,20,0,0
B6_D1,1012,0,229,0,0
G1_D1,487,0,231,0,0
B6_D1,756,0,496,0,0
B10_D1,1009,0,70,0,0
B2_D1,772,0,54,0,0
G1_D1,979,0,2,0,0
B6_D1,484,0,450,0,-1
B6_D1,277,0,27,0,0
G1_D1,978,0,271,0,0
B10_D1,541,0,160,0,0
G1_D1,1020,0,123,0,0
G1_D1,184,0,4,0,0
B6_D1,611,0,443,0,0
B6_D1,455,0,108,0,0
B10_D1,460,0,478,0,0
G1_D1,560,0,211,0,0
B10_D1,611,0,359,0,0
B2_D1,887,0,45,0,0
B10_D1,684,0,167,0,0
G1_D1,133,0,455,0,0
B6_D1,412,0,190,0,0
B6_D1,997,0,507,0,0
B6_D1,178,0,116,0,0
B10_D1,738,0,250,0,0
B10_D1,262,0,238,0,0
G1_D1,68,0,302,0,0
G1_D1,119,0,62,0,0
B6_D1,563,0,169,0,0
B10_D1,989,0,284,0,0
B2_D1,528,0,366,0,6
B10_D1,446,0,275,0,0
G1_D1,664,0,204,0,0
B4_D1,579,0,208,0,0
B10_D1,36,0,94,0,0
B6_D1,600,0,30,0,0
B10_D1,464,0,30,0,0
B6_D1,806,0,16,0,0
B10_D1,1006,0,22,0,0
B10_D1,767,0,323,0,0
B6_D1,348,0,209,0,0
G1_D1,435,0,110,0,0
G1_D1,866,0,211,0,0
B10_D1,254,0,135,0,0
B10_D1,769,0,93,0,0
B6_D1,436,0,486,0,0
B6_D1,355,0,510,0,0
B6_D1,529,0,61,0,0
G1_D1,984,0,11,0,0
B6_D1,94,0,278,0,0
B6_D1,714,0,112,0,0
B4_D1,348,0,355,0,0
B10_D1,565,0,96,0,0
B6_D1,251,0,481,0,0
B6_D1,150,0,124,0,0
B6_D1,832,0,203,0,0
B6_D1,325,0,152,0,0
B6_D1,71,0,128,0,0
B6_D1,17,0,507,0,0
G1_D1,438,0,482,0,0
B8_D1,960,0,240,0,0
G1_D1,255,0,56,0,0
G1_D1,829,0,51,0,0
B10_D1,642,0,41,0,0
G1_D1,13,0,347,0,0
B6_D1,638,0,81,0,0
B6_D1,599,0,411,0,0
B10_D1,731,0,163,0,0
G1_D1,57,0,18,0,0
B10_D1,929,0,272,0,0
B6_D1,215,0,462,0,0
B10_D1,542,0,6,0,0
G1_D1,419,0,2,0,0
B6_D1,800,0,67,0,0
B6_D1,60,0,20,0,0
G1_D1,1017,0,32,0,0
B10_D1,757,0,419,0,0
B6_D1,137,0,131,0,0
B10_D1,393,0,273,0,0
B6_D1,32,0,27,0,0
B2_D1,255,0,237,0,0
B10_D1,957,0,51,0,0
B8_D1,224,0,91,0,0
B6_D1,946,0,365,0,0
G1_D1,703,0,270,0,0
B6_D1,426,0,273,0,0
G1_D1,849,0,16,0,0
B6_D1,118,0,508,0,0
B6_D1,782,0,327,0,0
B10_D1,47,0,390,0,0
G1_D1,67,0,147,0,0
B6_D1,373,0,70,0,0
G1_D1,446,0,510,0,0
B6_D1,866,0,41,0,0
B6_D1,813,0,483,0,0
B6_D1,388,0,480,0,0
B10_D1,120,0,98,0,0
B6_D1,836,0,215,0,0
G1_D1,884,0,97,0,0
B6_D1,841,0,41,0,0
B6_D1,551,0,349,0,0
B6_D1,133,0,18,0,0
G1_D1,110,0,22,0,0
B6_D1,258,0,13,0,0
B4_D1,784,0,241,0,0
G1_D1,625,0,29,0,0
B10_D1,106,0,203,0,0
B2_D1,490,0,29,0,0
G1_D1,947,0,284,0,0
G1_D1,657,0,272,0,0
B4_D1,857,0,40,0,0
B10_D1,211,0,56,0,0
G1_D1,793,0,162,0,0
B10_D1,95,0,302,0,0
B10_D1,177,0,232,0,0
G1_D1,289,0,13,0,0
G1_D1,22,0,257,0,0
B6_D1,297,0,463,0,3
B2_D1,260,0,140,0,0
B6_D1,73,0,38,0,0
B10_D1,953,0,291,0,0
B10_D1,354,0,183,0,0
B4_D1,3,0,81,0,0
G1_D1,511,0,75,0,0
B6_D1,804,0,80,0,0
B6_D1,778,0,98,0,0
B10_D1,296,0,317,0,0
B2_D1,456,0,511,0,0
B4_D1,268,0,312,0,0
B10_D1,660,0,70,0,0
B6_D1,259,0,72,0,0
B4_D1,856,0,212,0,0
B6_D1,304,0,499,0,0
B6_D1,7,0,316,0,0
B6_D1,530,0,399,0,0
B6_D1,959,0,310,0,0
G1_D1,1020,0,59,0,0
B10_D1,169,0,150,0,0
G1_D1,32,0,285,0,0
B6_D1,543,0,49,0,0
B6_D1,324,0,264,0,0
B6_D1,808,0,99,0,0
B6_D1,143,0,59,0,0
B10_D1,1022,0,244,0,0
B6_D1,630,0,15,0,0
B10_D1,745,0,363,0,0
B10_D1,443,0,163,0,0
B10_D1,95,0,63,0,0
B2_D1,307,0,493,0,0
B6_D1,851,0,200,0,0
B2_D1,366,0,134,0,0
G1_D1,14,0,199,0,0
G1_D1,877,0,511,0,0
G1_D1,520,0,151,0,0
B10_D1,67,0,99,0,0
B2_D1,831,0,44,0,0
B10_D1,390,0,392,0,0
B10_D1,306,0,132,0,0
G1_D1,1012,0,64,0,0
B10_D1,10,0,355,0,0
G1_D1,949,0,283,0,0
B6_D1,591,0,36,0,0
B6_D1,285,0,25,0,0
B10_D1,108,0,118,0,0
B6_D1,217,0,307,0,0
B6_D1,118,0,233,0,0
B6_D1,535,0,5,0,0
G1_D1,298,0,52,0,0
G1_D1,704,0,271,0,0
B4_D1,325,0,170,0,0
B10_D1,331,0,187,0,0
B6_D1,120,0,368,0,0
B6_D1,543,0,343,0,0
B6_D1,42,0,2,0,0
G1_D1,938,0,387,0,0
B6_D1,261,0,442,0,-1
B6_D1,750,0,69,0,0
B6_D1,8,0,298,0,0
B6_D1,84,0,201,0,0
B2_D1,452,0,371,0,0
B6_D1,475,0,510,0,0
B6_D1,943,0,225,0,0
B2_D1,120,0,26,0,0
B6_D1,210,0,197,0,0
B2_D1,846,0,12,0,0
B6_D1,256,0,337,0,0
B6_D1,4,0,112,0,0
B4_D1,510,0,182,0,0
B6_D1,283,0,165,0,0
B10_D1,428,0,201,0,0
B10_D1,849,0,237,0,0
B6_D1,540,0,231,0,0
B6_D1,828,0,349,0,0
B6_D1,788,0,187,0,0
B4_D1,743,0,14,0,0
B10_D1,587,0,302,0,0
G1_D1,465,0,240,0,0
B6_D1,430,0,490,0,0
B6_D1,1018,0,215,0,0
B4_D1,924,0,94,0,0
G1_D1,389,0,163,0,0
G1_D1,997,0,103,0,0
B10_D1,476,0,1,0,0
B6_D1,16,0,242,0,0
B6_D1,38,0,18,0,0
B2_D1,412,0,209,0,0
B10_D1,3,0,330,0,0
B6_D1,759,0,72,0,0
G1_D1,710,0,115,0,0
G1_D1,230,0,20,0,0
G1_D1,1019,0,99,0,0
G1_D1,71,0,23,0,0
G1_D1,769,0,423,0,0
B6_D1,577,0,377,0,0
G1_D1,385,0,281,0,0
B6_D1,1021,0,48,0,0
B10_D1,5,0,339,0,0
B10_D1,465,0,488,0,0
B10_D1,663,0,238,0,0
B6_D1,324,0,228,0,0
B6_D1,599,0,50,0,0
G1_D1,4,0,502,0,0
G1_D1,175,0,154,0,0
B6_D1,289,0,19,0,0
G1_D1,801,0,95,0,0
B6_D1,610,0,505,0,0
B10_D1,1019,0,70,0,0
B6_D1,307,0,206,0,0
B6_D1,797,0,447,0,0
B6_D1,948,0,190,0,-1
G1_D1,829,0,7,0,0
G1_D1,794,0,8,0,0
G1_D1,962,0,309,0,0
B6_D1,469,0,39,0,0
B6_D1,521,0,6,0,0
B10_D1,232,0,194,0,0
B10_D1,0,0,128,0,0
B6_D1,930,0,505,0,0
B10_D1,798,0,7,0,0
B6_D1,426,0,388,0,0
B6_D1,27,0,7,0,0
B10_D1,978,0,503,0,0
B10_D1,256,0,247,0,0
G1_D1,1022,0,17,0,0
B10_D1,930,0,296,0,0
B6_D1,567,0,171,0,0
G1_D1,10,0,125,0,0
B4_D1,715,0,196,0,0
G1_D1,239,0,25,0,0
G1_D1,674,0,16,0,0
G1_D1,534,0,232,0,0
B6_D1,190,0,476,0,0
B4_D1,4,0,379,0,0
B10_D1,161,0,439,0,0
B10_D1,165,0,29,0,0
B6_D1,658,0,160,0,0
G1_D1,327,0,97,0,0
B6_D1,633,0,38,0,0
B10_D1,168,0,113,0,0
B10_D1,724,0,324,0,0
B6_D1,866,0,51,0,0
B10_D1,621,0,485,0,0
G1_D1,596,0,68,0,0
B6_D1,573,0,267,0,0
B4_D1,233,0,41,0,0
B6_D1,630,0,278,0,0
G1_D1,754,0,2,0,0
B4_D1,698,0,274,0,0
G1_D1,712,0,18,0,0
B10_D1,749,0,317,0,0
B6_D1,598,0,161,0,0
B6_D1,1009,0,413,0,0
B6_D1,475,0,35,0,0
G1_D1,709,0,4,0,0
B10_D1,688,0,325,0,0
B6_D1,481,0,506,0,0
B6_D1,414,0,174,0,0
B4_D1,53,0,387,0,0
G1_D1,883,0,98,0,0
B4_D1,333,0,16,0,0
G1_D1,1021,0,29,0,0
B4_D1,938,0,18,0,0
B8_D1,458,0,200,0,0
B10_D1,800,0,63,0,0
B10_D1,0,0,312,0,0
G1_D1,1018,0,272,0,0
B2_D1,346,0,511,0,0
B8_D1,24,0,199,0,0
G1_D1,316,0,345,0,0
G1_D1,820,0,0,0,0
B6_D1,84,0,423,0,0
B6_D1,217,0,380,0,0
B6_D1,37,0,22,0,0
G1_D1,369,0,300,0,0
B6_D1,288,0,38,0,0
B10_D1,193,0,363,0,0
B6_D1,253,0,503,0,0
B10_D1,349,0,10,0,0
B6_D1,345,0,154,0,0
B6_D1,30,0,462,0,0
B6_D1,780,0,112,0,0
G1_D1,9,0,116,0,0
B6_D1,750,0,245,0,0
G1_D1,156,0,268,0,0
B4_D1,507,0,261,0,0
B10_D1,319,0,25,0,0
B8_D1,348,0,187,0,0
B6_D1,772,0,215,0,0
B10_D1,65,0,116,0,0
B4_D1,900,0,218,0,0
B10_D1,779,0,324,0,0
B2_D1,780,0,51,0,0
B6_D1,717,0,502,0,0
B10_D1,274,0,62,0,0
B10_D1,303,0,331,0,0
B6_D1,581,0,48,0,0
G1_D1,995,0,94,0,0
G1_D1,1021,0,429,0,0
B2_D1,827,0,466,0,-1
B6_D1,772,0,270,0,0
B6_D1,6,0,73,0,0
G1_D1,301,0,136,0,0
B10_D1,310,0,92,0,0
B6_D1,179,0,382,0,0
B10_D1,307,0,418,0,0
B6_D1,458,0,276,0,0
B6_D1,978,0,399,0,0
G1_D1,756,0,242,0,0
B6_D1,823,0,131,0,0
B6_D1,743,0,488,0,0
B4_D1,938,0,46,0,0
B10_D1,51,0,511,0,0
B10_D1,725,0,9,0,0
B4_D1,720,0,297,0,0
B10_D1,889,0,393,0,0
B10_D1,770,0,110,0,0
B6_D1,436,0,478,0,0
G1_D1,387,0,145,0,0
B10_D1,713,0,434,0,0
B2_D1,213,0,454,0,0
B6_D1,101,0,26,0,0
B10_D1,777,0,373,0,0
B2_D1,827,0,215,0,0
B2_D1,318,0,494,0,0
B6_D1,221,0,345,0,0
B6_D1,522,0,27,0,0
B10_D1,641,0,176,0,0
G1_D1,559,0,7,0,0
B10_D1,677,0,414,0,0
B6_D1,880,0,239,0,0
B8_D1,777,0,228,0,0
B4_D1,813,0,264,0,0
B10_D1,358,0,414,0,0
B6_D1,784,0,29,0,0
B10_D1,411,0,242,0,0
B6_D1,57,0,482,0,0
G1_D1,56,0,78,0,0
B6_D1,885,0,396,0,0
B4_D1,499,0,222,0,0
B6_D1,281,0,486,0,0
G1_D1,605,0,34,0,0
B6_D1,926,0,444,0,0
B6_D1,938,0,234,0,0
B10_D1,300,0,253,0,0
B10_D1,268,0,421,0,0
B6_D1,735,0,25,0,0
B6_D1,582,0,265,0,0
B6_D1,358,0,488,0,0
B10_D1,154,0,88,0,0
G1_D1,51,0,78,0,0
B10_D1,972,0,32,0,0
B6_D1,576,0,478,0,0
B6_D1,529,0,365,0,6
B6_D1,841,0,161,0,0
B6_D1,699,0,65,0,0
B2_D1,254,0,130,0,0
G1_D1,132,0,25,0,0
B6_D1,356,0,424,0,0
B6_D1,207,0,386,0,0
B10_D1,156,0,186,0,0
B8_D1,726,0,311,0,0
G1_D1,372,0,44,0,0
B6_D1,911,0,480,0,0
B2_D1,954,0,511,0,0
B10_D1,314,0,218,0,0
B10_D1,580,0,241,0,0
G1_D1,505,0,59,0,0
B6_D1,407,0,173,0,0
G1_D1,864,0,5,0,0
B6_D1,2,0,265,0,0
B2_D1,191,0,229,0,0
B6_D1,130,0,422,0,0
B6_D1,335,0,398,0,0
B4_D1,606,0,192,0,0
B10_D1,338,0,27,0,0
B10_D1,601,0,511,0,0
B10_D1,285,0,181,0,0
B6_D1,700,0,286,0,0
B10_D1,322,0,219,0,0
G1_D1,810,0,215,0,0
B10_D1,30,0,510,0,0
G1_D1,707,0,376,0,0
B10_D1,860,0,236,0,0
B6_D1,949,0,494,0,0
B10_D1,277,0,23,0,0
B6_D1,745,0,451,0,0
B6_D1,92,0,507,0,0
B10_D1,54,0,65,0,0
B2_D1,552,0,40,0,0
B6_D1,314,0,205,0,0
B10_D1,537,0,217,0,0
B6_D1,541,0,257,0,0
B6_D1,842,0,70,0,0
G1_D1,276,0,104,0,0
B4_D1,316,0,216,0,0
B4_D1,945,0,209,0,0
G1_D1,632,0,90,0,0
B10_D1,625,0,254,0,0
G1_D1,637,0,179,0,0
B6_D1,283,0,457,0,3
B10_D1,743,0,7,0,0
B4_D1,8,0,330,0,0
G1_D1,749,0,7,0,0
B6_D1,858,0,300,0,0
B6_D1,338,0,49,0,0
B6_D1,436,0,243,0,0
B6_D1,626,0,363,0,0
B4_D1,958,0,112,0,0
G1_D1,884,0,134,0,0
B2_D1,362,0,135,0,0
B6_D1,537,0,502,0,0
G1_D1,433,0,111,0,0
B6_D1,390,0,175,0,0
G1_D1,364,0,120,0,0
G1_D1,654,0,72,0,0
B6_D1,298,0,481,0,0
B4_D1,107,0,4,0,0
B4_D1,263,0,37,0,0
G1_D1,751,0,15,0,0
G1_D1,340,0,478,0,0
B6_D1,5,0,410,0,0
B10_D1,870,0,262,0,0
B2_D1,870,0,27,0,0
G1_D1,912,0,388,0,0
B2_D1,582,0,27,0,0
B6_D1,61,0,422,0,0
B10_D1,274,0,249,0,0
B10_D1,458,0,82,0,0
G1_D1,532,0,18,0,0
B6_D1,227,0,75,0,0
B6_D1,420,0,286,0,0
B10_D1,9,0,251,0,0
B10_D1,45,0,173,0,0
B6_D1,599,0,34,0,0
B4_D1,82,0,34,0,0
B10_D1,622,0,120,0,0
G1_D1,372,0,223,0,0
B6_D1,161,0,438,0,0
B6_D1,424,0,223,0,0
B6_D1,138,0,292,0,0
B6_D1,717,0,17,0,0
B4_D1,981,0,67,0,0
G1_D1,936,0,511,0,0
G1_D1,29,0,89,0,0
B10_D1,28,0,177,0,0
G1_D1,115,0,22,0,0
B10_D1,447,0,298,0,0
G1_D1,596,0,188,0,0
G1_D1,232,0,74,0,0
B4_D1,160,0,166,0,0
B10_D1,649,0,247,0,0
B6_D1,890,0,490,0,0
B10_D1,921,0,449,0,0
B6_D1,995,0,401,0,0
G1_D1,38,0,141,0,0
B6_D1,1019,0,499,0,0
B10_D1,685,0,178,0,0
G1_D1,789,0,272,0,0
B10_D1,50,0,36,0,0
G1_D1,903,0,301,0,0
B6_D1,23,0,483,0,0
B10_D1,276,0,244,0,0
G1_D1,20,0,136,0,0
G1_D1,291,0,31,0,0
B10_D1,66,0,160,0,0
B10_D1,436,0,1,0,0
B10_D1,516,0,137,0,0
G1_D1,926,0,38,0,0
B6_D1,253,0,248,0,0
B6_D1,993,0,416,0,0
B6_D1,690,0,421,0,0
B6_D1,696,0,201,0,0
G1_D1,271,0,396,0,0
B2_D1,983,0,86,0,0
G1_D1,81,0,1,0,0
G1_D1,893,0,53,0,0
B2_D1,225,0,152,0,0
B8_D1,1018,0,8,0,0
B4_D1,747,0,204,0,0
B10_D1,21,0,218,0,0
B6_D1,657,0,422,0,0
G1_D1,31,0,159,0,0
B2_D1,537,0,27,0,0
B10_D1,413,0,66,0,0
B10_D1,112,0,2,0,0
B6_D1,897,0,85,0,0
B10_D1,25,0,7,0,0
G1_D1,992,0,125,0,0
B6_D1,411,0,449,0,0
B10_D1,173,0,250,0,0
B2_D1,263,0,60,0,0
B10_D1,187,0,282,0,0
B6_D1,743,0,253,0,0
B10_D1,37,0,273,0,0
B2_D1,602,0,115,0,0
B10_D1,1008,0,218,0,0
B6_D1,857,0,188,0,0
B10_D1,120,0,57,0,0
G1_D1,840,0,164,0,0
B10_D1,331,0,311,0,0
B4_D1,836,0,47,0,0
B6_D1,721,0,486,0,0
B6_D1,950,0,216,0,0
B10_D1,663,0,170,0,0
B6_D1,946,0,431,0,0
G1_D1,857,0,253,0,0
B6_D1,686,0,370,0,0
B6_D1,363,0,385,0,0
G1_D1,926,0,120,0,0
B10_D1,315,0,289,0,0
G1_D1,649,0,20,0,0
B10_D1,356,0,314,0,0
B6_D1,485,0,245,0,0
B6_D1,326,0,347,0,-1
B6_D1,729,0,63,0,0
B10_D1,218,0,116,0,0
B6_D1,738,0,488,0,0
B6_D1,274,0,499,0,0
B6_D1,816,0,486,0,0
B6_D1,996,0,16,0,0
B8_D1,26,0,259,0,0
B6_D1,812,0,214,0,0
B6_D1,453,0,321,0,-1
B4_D1,155,0,168,0,0
G1_D1,769,0,84,0,0
G1_D1,184,0,194,0,0
B6_D1,643,0,196,0,0
B6_D1,804,0,19,0,0
B10_D1,411,0,465,0,0
B10_D1,149,0,272,0,0
G1_D1,769,0,5,0,0
B6_D1,8,0,213,0,0
G1_D1,371,0,137,0,0
B10_D1,280,0,175,0,0
B6_D1,818,0,43,0,0
B10_D1,674,0,413,0,0
G1_D1,816,0,103,0,0
B6_D1,931,0,417,0,0
B6_D1,138,0,364,0,0
B10_D1,763,0,19,0,0
B6_D1,952,0,343,0,-1
B10_D1,850,0,39,0,0
G1_D1,1000,0,198,0,0
B8_D1,198,0,344,0,0
B4_D1,192,0,62,0,0
B6_D1,196,0,82,0,0
G1_D1,31,0,154,0,0
G1_D1,86,0,202,0,0
B2_D1,121,0,313,0,0
G1_D1,835,0,164,0,0
G1_D1,162,0,252,0,0
G1_D1,542,0,140,0,0
G1_D1,975,0,479,0,0
G1_D1,529,0,30,0,0
B6_D1,684,0,499,0,0
B6_D1,845,0,110,0,0
G1_D1,13,0,307,0,0
B6_D1,857,0,361,0,0
B10_D1,51,0,44,0,0
B6_D1,47,0,409,0,0
B6_D1,806,0,491,0,0
B4_D1,936,0,217,0,0
B6_D1,7,0,287,0,0
B6_D1,897,0,209,0,0
B6_D1,351,0,339,0,0
B10_D1,232,0,45,0,0
B8_D1,179,0,198,0,0
B4_D1,1021,0,123,0,0
B6_D1,805,0,67,0,0
B10_D1,737,0,329,0,0
B10_D1,732,0,342,0,0
B10_D1,417,0,338,0,0
G1_D1,989,0,6,0,0
B10_D1,368,0,230,0,0
B4_D1,209,0,42,0,0
B10_D1,96,0,157,0,0
B10_D1,202,0,142,0,0
B10_D1,1,0,338,0,0
B6_D1,497,0,132,0,0
B10_D1,1006,0,21,0,0
B2_D1,692,0,49,0,0
B6_D1,862,0,136,0,0
B6_D1,609,0,328,0,0
B6_D1,855,0,25,0,0
B10_D1,1023,0,105,0,0
B6_D1,239,0,34,0,0
B6_D1,809,0,65,0,0
B6_D1,584,0,180,0,0
G1_D1,186,0,21,0,0
G1_D1,704,0,279,0,0
B10_D1,222,0,48,0,0
G1_D1,94,0,12,0,0
B10_D1,113,0,509,0,0
B10_D1,610,0,361,0,0
B10_D1,821,0,360,0,0
B2_D1,547,0,104,0,0
B6_D1,701,0,200,0,0
B4_D1,510,0,219,0,0
B10_D1,615,0,355,0,0
B4_D1,890,0,237,0,0
B2_D1,521,0,38,0,0
B6_D1,36,0,55,0,0
B10_D1,929,0,337,0,0
B6_D1,1013,0,483,0,0
B6_D1,23,0,43,0,0
B2_D1,844,0,39,0,0
B6_D1,784,0,270,0,0
B10_D1,604,0,8,0,0
B10_D1,361,0,231,0,0
B10_D1,166,0,195,0,0
B10_D1,297,0,2,0,0
G1_D1,219,0,137,0,0
B6_D1,670,0,25,0,0
B6_D1,231,0,177,0,0
G1_D1,67,0,26,0,0
B10_D1,788,0,272,0,0
B6_D1,549,0,319,0,0
B6_D1,980,0,398,0,0
B6_D1,643,0,33,0,0
B10_D1,220,0,336,0,0
B6_D1,146,0,472,0,0
B4_D1,250,0,272,0,0
G1_D1,347,0,44,0,0
B6_D1,555,0,35,0,0
G1_D1,21,0,259,0,0
B10_D1,148,0,297,0,0
B6_D1,900,0,163,0,0
B6_D1,340,0,15,0,0
B6_D1,125,0,261,0,0
B6_D1,325,0,140,0,0
G1_D1,674,0,13,0,0
B10_D1,448,0,154,0,0
B10_D1,158,0,231,0,0
B10_D1,315,0,308,0,0
B10_D1,323,0,51,0,0
B6_D1,527,0,282,0,0
B6_D1,140,0,293,0,0
B6_D1,231,0,363,0,0
B2_D1,917,0,17,0,0
G1_D1,1018,0,234,0,0
B10_D1,200,0,247,0,0
B6_D1,704,0,39,0,0
B2_D1,600,0,481,0,0
B10_D1,153,0,283,0,0
B10_D1,861,0,103,0,0
B10_D1,862,0,67,0,0
G1_D1,55,0,73,0,0
B6_D1,966,0,82,0,0
G1_D1,247,0,51,0,0
B10_D1,351,0,504,0,0
B10_D1,239,0,13,0,0
B10_D1,788,0,250,0,0
B10_D1,227,0,88,0,0
B10_D1,349,0,19,0,0
B6_D1,480,0,495,0,0
B10_D1,138,0,423,0,0
B4_D1,76,0,19,0,0
B10_D1,153,0,101,0,0
B2_D1,247,0,160,0,0
B6_D1,408,0,488,0,0
B6_D1,1004,0,72,0,0
G1_D1,729,0,279,0,0
B10_D1,630,0,310,0,0
B2_D1,173,0,410,0,0
B4_D1,299,0,187,0,0
B6_D1,147,0,22,0,0
B10_D1,5,0,345,0,0
B2_D1,775,0,488,0,0
B8_D1,538,0,211,0,0
B6_D1,737,0,156,0,0
B6_D1,568,0,503,0,0
B10_D1,130,0,100,0,0
B10_D1,438,0,277,0,0
B10_D1,594,0,43,0,0
B10_D1,508,0,4,0,0
B6_D1,366,0,291,0,0
G1_D1,110,0,421,0,0
B6_D1,585,0,281,0,0
G1_D1,739,0,61,0,0
B6_D1,601,0,266,0,0
B8_D1,141,0,229,0,0
B10_D1,421,0,506,0,0
B6_D1,379,0,444,0,2
G1_D1,364,0,12,0,0
B6_D1,1,0,277,0,0
B10_D1,29,0,284,0,0
B8_D1,75,0,275,0,0
B10_D1,85,0,184,0,0
B10_D1,645,0,101,0,0
B10_D1,482,0,2,0,0
B6_D1,819,0,86,0,0
B4_D1,456,0,227,0,0
B6_D1,255,0,477,0,0
B6_D1,221,0,111,0,0
B10_D1,282,0,202,0,0
B10_D1,200,0,68,0,0
B10_D1,206,0,188,0,0
B6_D1,869,0,192,0,0
B6_D1,303,0,188,0,0
B6_D1,623,0,3,0,0
B10_D1,166,0,190,0,0
G1_D1,1000,0,333,0,0
B10_D1,426,0,50,0,0
B10_D1,153,0,221,0,0
B10_D1,266,0,352,0,0
B10_D1,310,0,191,0,0
G1_D1,1003,0,368,0,-1
B6_D1,774,0,73,0,0
B6_D1,420,0,288,0,0
G1_D1,187,0,60,0,0
B10_D1,879,0,507,0,0
G1_D1,471,0,128,0,0
B6_D1,612,0,447,0,0
G1_D1,580,0,281,0,0
B6_D1,551,0,404,0,0
B6_D1,816,0,11,0,0
B6_D1,179,0,112,0,0
G1_D1,4,0,467,0,0
B6_D1,861,0,468,0,0
G1_D1,726,0,323,0,0
B6_D1,815,0,136,0,0
B10_D1,1022,0,503,0,0
B6_D1,396,0,158,0,0
B2_D1,497,0,485,0,0
B4_D1,694,0,65,0,0
G1_D1,1020,0,65,0,0
B6_D1,51,0,107,0,0
B6_D1,366,0,167,0,0
B10_D1,472,0,247,0,0
B10_D1,495,0,7,0,0
B4_D1,650,0,294,0,0
B10_D1,61,0,170,0,0
B10_D1,740,0,328,0,0
B6_D1,107,0,248,0,7
B6_D1,271,0,100,0,0
B10_D1,862,0,66,0,0
B6_D1,977,0,42,0,0
B10_D1,98,0,188,0,0
B10_D1,29,0,121,0,0
B2_D1,898,0,114,0,0
G1_D1,913,0,308,0,0
B10_D1,673,0,300,0,0
B6_D1,371,0,1,0,0
B10_D1,483,0,4,0,0
B6_D1,922,0,91,0,0
B4_D1,221,0,192,0,0
B10_D1,565,0,412,0,0
B6_D1,553,0,28,0,0
B4_D1,353,0,16,0,0
B6_D1,323,0,43,0,0
B6_D1,44,0,196,0,0
B4_D1,660,0,108,0,0
B10_D1,529,0,131,0,0
B6_D1,916,0,496,0,0
B2_D1,801,0,282,0,0
B6_D1,17,0,337,0,0
B6_D1,703,0,197,0,0
B10_D1,789,0,409,0,0
G1_D1,508,0,285,0,0
B6_D1,155,0,500,0,0
B4_D1,46,0,290,0,0
B10_D1,84,0,13,0,0
B10_D1,852,0,98,0,0
B6_D1,129,0,509,0,0
B6_D1,683,0,301,0,0
B10_D1,400,0,412,0,0
B6_D1,816,0,97,0,0
B10_D1,51,0,17,0,0
B6_D1,585,0,0,0,0
G1_D1,29,0,160,0,0
G1_D1,35,0,266,0,0
B10_D1,591,0,293,0,0
B10_D1,339,0,210,0,0
B4_D1,7,0,223,0,0
B2_D1,979,0,34,0,0
B2_D1,203,0,403,0,0
B6_D1,53,0,122,0,0
B2_D1,130,0,119,0,0
B6_D1,471,0,31,0,0
B10_D1,81,0,291,0,0
B2_D1,91,0,28,0,0
B6_D1,802,0,27,0,0
B10_D1,501,0,481,0,0
B10_D1,198,0,233,0,0
B10_D1,346,0,410,0,0
B10_D1,298,0,278,0,0
B10_D1,47,0,389,0,0
G1_D1,884,0,3,0,0
B6_D1,969,0,509,0,0
B6_D1,1004,0,301,0,0
B6_D1,163,0,352,0,0
B8_D1,846,0,303,0,0
B4_D1,760,0,221,0,0
B6_D1,954,0,29,0,0
B10_D1,323,0,68,0,0
B4_D1,6,0,340,0,0
G1_D1,336,0,1,0,0
B10_D1,180,0,175,0,0
B10_D1,297,0,328,0,0
B10_D1,32,0,12,0,0
B10_D1,561,0,322,0,0
G1_D1,902,0,489,0,0
B10_D1,1006,0,483,0,0
B4_D1,908,0,14,0,0
B10_D1,440,0,208,0,0
B6_D1,612,0,283,0,0
B6_D1,476,0,26,0,0
G1_D1,812,0,79,0,0
B6_D1,1007,0,333,0,0
B10_D1,223,0,320,0,0
B6_D1,143,0,318,0,0
B10_D1,454,0,34,0,0
B4_D1,421,0,400,0,0
G1_D1,105,0,49,0,0
G1_D1,42,0,148,0,0
B4_D1,449,0,419,0,0
B6_D1,210,0,78,0,0
B6_D1,15,0,477,0,0
B6_D1,337,0,507,0,0
B4_D1,602,0,300,0,0
B10_D1,464,0,342,0,0
B10_D1,317,0,415,0,0
B2_D1,660,0,50,0,0
B6_D1,103,0,508,0,0
B6_D1,337,0,70,0,0
B10_D1,930,0,251,0,0
B10_D1,601,0,5,0,0
B6_D1,162,0,398,0,0
G1_D1,50,0,164,0,0
B2_D1,330,0,490,0,0
B6_D1,954,0,400,0,0
G1_D1,501,0,130,0,0
B4_D1,929,0,13,0,0
B10_D1,183,0,205,0,0
B10_D1,160,0,210,0,0
B6_D1,32,0,492,0,0
G1_D1,759,0,164,0,0
B4_D1,606,0,216,0,0
B6_D1,578,0,424,0,0
G1_D1,775,0,24,0,0
B10_D1,331,0,276,0,0
B6_D1,215,0,60,0,0
B10_D1,206,0,112,0,0
B10_D1,172,0,61,0,0
B10_D1,261,0,424,0,0
B6_D1,745,0,345,0,0
B10_D1,377,0,340,0,0
B10_D1,287,0,137,0,0
B6_D1,804,0,44,0,0
B6_D1,522,0,507,0,0
B10_D1,334,0,221,0,0
B10_D1,432,0,110,0,0
B10_D1,566,0,249,0,0
G1_D1,154,0,13,0,0
G1_D1,875,0,94,0,0
B4_D1,866,0,19,0,0
B4_D1,364,0,223,0,0
B4_D1,660,0,238,0,0
B6_D1,877,0,497,0,0
B2_D1,765,0,361,0,0
B10_D1,712,0,158,0,0
B6_D1,927,0,42,0,0
G1_D1,194,0,124,0,0
B10_D1,532,0,100,0,0
G1_D1,550,0,148,0,0
G1_D1,8,0,369,0,0
B10_D1,37,0,6,0,0
G1_D1,583,0,228,0,0
B10_D1,992,0,80,0,0
B6_D1,788,0,469,0,-1
B6_D1,491,0,46,0,0
B6_D1,332,0,461,0,-1
G1_D1,601,0,51,0,0
G1_D1,260,0,295,0,0
B8_D1,705,0,190,0,0
B6_D1,484,0,53,0,0
B2_D1,410,0,486,0,0
B6_D1,538,0,3,0,0
B4_D1,923,0,110,0,0
B6_D1,688,0,480,0,0
B10_D1,152,0,273,0,0
B6_D1,145,0,371,0,0
B10_D1,309,0,200,0,0
G1_D1,937,0,255,0,0
G1_D1,95,0,271,0,0
B10_D1,450,0,94,0,0
G1_D1,109,0,6,0,0
B10_D1,693,0,478,0,0
B2_D1,560,0,473,0,0
B10_D1,1008,0,40,0,0
B6_D1,886,0,443,0,0
B6_D1,291,0,77,0,0
B10_D1,660,0,26,0,0
B10_D1,737,0,158,0,0
B10_D1,479,0,62,0,0
B10_D1,813,0,412,0,0
B6_D1,77,0,311,0,0
B10_D1,190,0,68,0,0
B10_D1,496,0,148,0,0
B6_D1,607,0,424,0,0
B10_D1,677,0,172,0,0
G1_D1,236,0,37,0,0
G1_D1,56,0,63,0,0
B6_D1,691,0,419,0,0
B10_D1,859,0,204,0,0
B10_D1,288,0,49,0,0
B4_D1,923,0,57,0,0
B6_D1,130,0,218,0,0
B6_D1,647,0,448,0,0
B4_D1,554,0,78,0,0
B6_D1,326,0,16,0,0
G1_D1,175,0,155,0,0
B6_D1,167,0,131,0,0
B10_D1,542,0,291,0,0
B6_D1,113,0,28,0,0
G1_D1,868,0,69,0,0
G1_D1,836,0,15,0,0
B10_D1,255,0,263,0,0
B6_D1,242,0,170,0,0
B4_D1,162,0,271,0,0
G1_D1,351,0,112,0,0
B6_D1,252,0,32,0,0
B10_D1,426,0,286,0,0
B10_D1,756,0,5,0,0
G1_D1,343,0,428,0,0
B6_D1,875,0,49,0,0
B6_D1,324,0,155,0,0
B10_D1,415,0,224,0,0
B10_D1,119,0,191,0,0
B6_D1,857,0,17,0,0
B6_D1,300,0,435,0,0
B4_D1,531,0,418,0,0
B6_D1,59,0,110,0,0
B6_D1,408,0,498,0,0
B4_D1,1022,0,31,0,0
B6_D1,997,0,411,0,0
B4_D1,108,0,91,0,0
G1_D1,1018,0,277,0,0
B10_D1,146,0,1,0,0
B6_D1,763,0,483,0,0
B10_D1,753,0,113,0,0
G1_D1,894,0,64,0,0
B10_D1,333,0,292,0,0
B6_D1,337,0,208,0,0
B10_D1,22,0,51,0,0
B4_D1,666,0,20,0,0
B6_D1,90,0,45,0,0
B6_D1,629,0,509,0,0
B4_D1,706,0,43,0,0
B6_D1,1009,0,366,0,-1
B10_D1,722,0,158,0,0
B2_D1,738,0,47,0,0
B6_D1,289,0,290,0,0
B6_D1,758,0,458,0,0
B6_D1,766,0,159,0,0
G1_D1,276,0,55,0,0
B2_D1,291,0,498,0,0
B4_D1,411,0,409,0,0
B6_D1,340,0,510,0,0
B6_D1,714,0,298,0,0
B2_D1,23,0,34,0,0
B6_D1,543,0,129,0,0
B6_D1,909,0,101,0,0
B6_D1,441,0,496,0,0
B10_D1,755,0,259,0,0
B10_D1,146,0,446,0,0
B2_D1,3,0,140,0,0
B6_D1,613,0,341,0,0
B6_D1,125,0,137,0,0
G1_D1,1013,0,180,0,0
G1_D1,372,0,103,0,0
B2_D1,548,0,106,0,0
B10_D1,399,0,461,0,0
G1_D1,658,0,508,0,0
B6_D1,824,0,263,0,0
B6_D1,173,0,28,0,0
B2_D1,945,0,25,0,0
B10_D1,104,0,8,0,0
B2_D1,966,0,38,0,0
B6_D1,424,0,218,0,0
B6_D1,275,0,45,0,0
G1_D1,852,0,392,0,0
G1_D1,1016,0,406,0,0
B6_D1,130,0,302,0,0
B6_D1,314,0,291,0,0
B6_D1,846,0,48,0,0
G1_D1,191,0,23,0,0
B2_D1,862,0,373,0,0
B6_D1,475,0,5,0,0
B10_D1,491,0,96,0,0
B6_D1,18,0,245,0,0
B6_D1,812,0,47,0,0
B6_D1,461,0,11,0,0
B6_D1,977,0,192,0,0
B10_D1,197,0,42,0,0
B6_D1,1011,0,506,0,0
G1_D1,865,0,214,0,0
B6_D1,537,0,252,0,0
B2_D1,863,0,19,0,0
B2_D1,239,0,153,0,0
B10_D1,759,0,51,0,0
G1_D1,692,0,113,0,0
B6_D1,512,0,487,0,0
B2_D1,208,0,403,0,0
G1_D1,57,0,42,0,0
B6_D1,626,0,273,0,0
B6_D1,132,0,274,0,0
B10_D1,101,0,449,0,0
B10_D1,378,0,497,0,0
B4_D1,719,0,429,0,0
G1_D1,64,0,445,0,0
B6_D1,121,0,190,0,0
B6_D1,490,0,510,0,0
B10_D1,65,0,45,0,0
B10_D1,297,0,116,0,0
B6_D1,536,0,190,0,0
B6_D1,166,0,407,0,0
B6_D1,482,0,492,0,0
B6_D1,835,0,69,0,0
B2_D1,98,0,124,0,0
B10_D1,325,0,86,0,0
B6_D1,555,0,398,0,0
B6_D1,429,0,4,0,0
B10_D1,226,0,238,0,0
B10_D1,173,0,135,0,0
G1_D1,1005,0,149,0,0
B6_D1,568,0,49,0,0
B6_D1,491,0,48,0,0
B6_D1,264,0,9,0,0
G1_D1,859,0,471,0,0
G1_D1,743,0,64,0,0
B6_D1,719,0,372,0,0
B6_D1,33,0,131,0,0
B10_D1,323,0,489,0,0
B10_D1,6,0,152,0,0
B10_D1,337,0,175,0,0
G1_D1,642,0,179,0,0
B10_D1,311,0,310,0,0
B10_D1,89,0,149,0,0
B2_D1,285,0,391,0,0
B6_D1,384,0,44,0,0
B10_D1,483,0,277,0,0
G1_D1,1018,0,380,0,-1
B6_D1,361,0,325,0,0
B10_D1,349,0,41,0,0
B6_D1,275,0,269,0,0
G1_D1,813,0,43,0,0
G1_D1,422,0,481,0,0
B6_D1,909,0,127,0,0
B4_D1,735,0,247,0,0
B10_D1,372,0,169,0,0
B10_D1,651,0,5,0,0
G1_D1,659,0,10,0,0
B10_D1,330,0,202,0,0
B6_D1,204,0,34,0,0
B2_D1,257,0,198,0,0
B10_D1,705,0,440,0,0
B10_D1,141,0,315,0,0
B10_D1,720,0,441,0,0
B6_D1,171,0,235,0,0
G1_D1,1009,0,13,0,0
B10_D1,248,0,151,0,0
B6_D1,538,0,205,0,0
B10_D1,692,0,416,0,0
G1_D1,481,0,19,0,0
B10_D1,447,0,10,0,0
B2_D1,724,0,361,0,0
B6_D1,674,0,186,0,0
B2_D1,907,0,6,0,0
B10_D1,725,0,264,0,0
B6_D1,990,0,495,0,0
G1_D1,422,0,18,0,0
B6_D1,478,0,166,0,0
B10_D1,506,0,253,0,0
B6_D1,699,0,304,0,0
B10_D1,655,0,241,0,0
B10_D1,255,0,422,0,0
B10_D1,831,0,327,0,0
B6_D1,568,0,401,0,0
B6_D1,515,0,307,0,0
G1_D1,1008,0,75,0,0
G1_D1,714,0,13,0,0
G1_D1,943,0,259,0,0
B6_D1,564,0,489,0,0
B2_D1,740,0,33,0,0
B6_D1,300,0,5,0,0
B6_D1,41,0,259,0,0
B6_D1,319,0,418,0,0
B4_D1,45,0,289,0,0
B6_D1,480,0,485,0,0
G1_D1,1000,0,239,0,0
B10_D1,996,0,490,0,0
G1_D1,16,0,510,0,0
G1_D1,1003,0,247,0,0
B6_D1,675,0,127,0,0
G1_D1,851,0,230,0,0
G1_D1,434,0,479,0,0
G1_D1,43,0,155,0,0
B4_D1,130,0,209,0,0
B6_D1,539,0,174,0,0
G1_D1,15,0,75,0,0
B4_D1,397,0,101,0,0
B2_D1,715,0,141,0,0
G1_D1,998,0,76,0,0
B6_D1,306,0,336,0,0
B10_D1,994,0,491,0,0
B10_D1,628,0,371,0,0
B6_D1,741,0,409,0,0
B6_D1,432,0,283,0,0
B6_D1,934,0,460,0,0
B8_D1,198,0,346,0,0
B10_D1,461,0,164,0,0
G1_D1,1002,0,67,0,0
B6_D1,246,0,381,0,0
B2_D1,594,0,45,0,0
B2_D1,618,0,162,0,0
G1_D1,727,0,248,0,0
B6_D1,109,0,489,0,0
B6_D1,823,0,77,0,0
B6_D1,1,0,248,0,0
B6_D1,770,0,269,0,0
B10_D1,487,0,115,0,0
B10_D1,133,0,503,0,0
B10_D1,153,0,87,0,0
B10_D1,817,0,261,0,0
B10_D1,423,0,124,0,0
B6_D1,247,0,170,0,0
B10_D1,181,0,261,0,0
G1_D1,790,0,132,0,0
B6_D1,874,0,365,0,0
B6_D1,897,0,441,0,0
B6_D1,105,0,123,0,0
B6_D1,246,0,48,0,0
B10_D1,797,0,396,0,0
G1_D1,216,0,369,0,0
B10_D1,568,0,65,0,0
B6_D1,706,0,366,0,0
B10_D1,577,0,117,0,0
G1_D1,258,0,54,0,0
G1_D1,889,0,204,0,0
B6_D1,66,0,1,0,0
B6_D1,814,0,454,0,0
G1_D1,920,0,219,0,0
B10_D1,815,0,204,0,0
B10_D1,313,0,309,0,0
G1_D1,270,0,130,0,0
B10_D1,14,0,45,0,0
G1_D1,927,0,154,0,-1
B6_D1,97,0,182,0,0
B6_D1,638,0,483,0,0
B10_D1,320,0,23,0,0
B6_D1,437,0,482,0,0
G1_D1,704,0,168,0,0
B10_D1,686,0,83,0,0
B6_D1,141,0,78,0,0
B2_D1,0,0,490,0,0
B6_D1,47,0,73,0,0
B10_D1,481,0,311,0,0
G1_D1,42,0,36,0,0
B2_D1,819,0,51,0,0
B10_D1,620,0,316,0,0
B10_D1,911,0,315,0,0
B6_D1,806,0,154,0,0
B6_D1,11,0,496,0,0
B6_D1,978,0,252,0,0
B6_D1,445,0,457,0,0
G1_D1,187,0,43,0,0
B6_D1,534,0,162,0,0
G1_D1,736,0,278,0,0
B10_D1,929,0,308,0,0
B6_D1,838,0,503,0,0
B4_D1,948,0,12,0,0
B6_D1,138,0,108,0,0
B6_D1,679,0,394,0,0
B10_D1,87,0,173,0,0
B6_D1,547,0,372,0,0
B10_D1,58,0,298,0,0
B4_D1,323,0,301,0,0
B6_D1,231,0,297,0,0
B6_D1,240,0,183,0,0
G1_D1,438,0,221,0,0
B6_D1,524,0,34,0,0
B6_D1,425,0,387,0,0
B10_D1,135,0,269,0,0
B10_D1,311,0,0,0,0
B6_D1,778,0,349,0,0
G1_D1,628,0,237,0,0
B6_D1,615,0,418,0,0
B10_D1,372,0,253,0,0
B6_D1,341,0,16,0,0
B6_D1,838,0,481,0,0
B10_D1,334,0,19,0,0
G1_D1,499,0,244,0,0
G1_D1,770,0,318,0,0
B6_D1,100,0,131,0,0
B6_D1,590,0,182,0,0
B4_D1,1022,0,186,0,0
B10_D1,383,0,189,0,0
B4_D1,631,0,339,0,0
B10_D1,449,0,193,0,0
B6_D1,552,0,2,0,0
B6_D1,472,0,415,0,0
B4_D1,474,0,131,0,0
B10_D1,269,0,163,0,0
G1_D1,727,0,375,0,0
B6_D1,239,0,39,0,0
B10_D1,499,0,111,0,0
B6_D1,270,0,181,0,0
G1_D1,436,0,243,0,0
B10_D1,584,0,503,0,0
G1_D1,875,0,132,0,0
B10_D1,674,0,116,0,0
B10_D1,659,0,171,0,0
B6_D1,626,0,432,0,0
B10_D1,873,0,222,0,0
B10_D1,956,0,241,0,0
G1_D1,52,0,304,0,0
B6_D1,286,0,21,0,0
B2_D1,699,0,59,0,0
B10_D1,423,0,279,0,0
B10_D1,19,0,13,0,0
B2_D1,935,0,0,0,0
B8_D1,187,0,109,0,0
G1_D1,206,0,405,0,0
B10_D1,601,0,444,0,0
B6_D1,348,0,372,0,0
B6_D1,132,0,49,0,0
B6_D1,173,0,110,0,0
B6_D1,666,0,501,0,0
B10_D1,280,0,422,0,0
B6_D1,468,0,59,0,0
B6_D1,723,0,343,0,0
B10_D1,690,0,181,0,0
B2_D1,648,0,479,0,0
G1_D1,175,0,227,0,0
B10_D1,1020,0,101,0,0
B6_D1,416,0,450,0,0
B4_D1,39,0,405,0,0
B6_D1,791,0,241,0,0
B6_D1,965,0,258,0,0
B6_D1,359,0,4,0,0
B6_D1,83,0,503,0,0
G1_D1,903,0,113,0,0
B6_D1,954,0,397,0,0
G1_D1,45,0,277,0,0
G1_D1,372,0,467,0,1
B6_D1,136,0,481,0,0
B4_D1,940,0,17,0,0
B8_D1,631,0,302,0,0
B10_D1,153,0,159,0,0
B4_D1,296,0,225,0,0
B10_D1,724,0,455,0,0
B10_D1,231,0,147,0,0
B6_D1,998,0,314,0,0
G1_D1,164,0,510,0,0
B10_D1,209,0,62,0,0
B6_D1,1009,0,4,0,0
B6_D1,696,0,501,0,0
B10_D1,3,0,430,0,0
B2_D1,661,0,510,0,0
B6_D1,459,0,328,0,0
B6_D1,568,0,483,0,0
G1_D1,724,0,11,0,0
B8_D1,130,0,333,0,0
B6_D1,406,0,423,0,-1
B2_D1,309,0,38,0,0
B10_D1,455,0,409,0,0
B6_D1,843,0,57,0,0
B6_D1,304,0,210,0,0
B10_D1,617,0,61,0,0
G1_D1,306,0,48,0,0
B10_D1,39,0,121,0,0
B10_D1,601,0,196,0,0
B6_D1,0,0,25,0,0
B10_D1,543,0,479,0,0
B10_D1,438,0,79,0,0
B2_D1,325,0,492,0,0
G1_D1,718,0,102,0,0
B4_D1,82,0,319,0,0
B8_D1,70,0,188,0,0
B6_D1,736,0,333,0,0
B10_D1,251,0,315,0,0
B6_D1,42,0,63,0,0
G1_D1,603,0,242,0,0
B10_D1,231,0,9,0,0
B10_D1,714,0,455,0,0
B10_D1,423,0,262,0,0
G1_D1,279,0,101,0,0
B8_D1,43,0,245,0,0
B6_D1,266,0,6,0,0
B4_D1,502,0,432,0,5
B2_D1,226,0,203,0,0
B6_D1,177,0,105,0,0
B2_D1,490,0,125,0,0
B4_D1,594,0,218,0,0
B4_D1,1019,0,143,0,0
G1_D1,810,0,302,0,0
B8_D1,340,0,301,0,0
G1_D1,859,0,467,0,0
G1_D1,991,0,269,0,0
B10_D1,803,0,276,0,0
B10_D1,195,0,123,0,0
B10_D1,170,0,227,0,0
B6_D1,605,0,418,0,0
B6_D1,45,0,15,0,0
B4_D1,466,0,241,0,0
G1_D1,26,0,271,0,0
G1_D1,364,0,416,0,0
B6_D1,828,0,55,0,0
B2_D1,809,0,123,0,0
B6_D1,463,0,13,0,0
B6_D1,1,0,245,0,0
G1_D1,706,0,59,0,0
B6_D1,29,0,75,0,0
G1_D1,981,0,218,0,0
B6_D1,524,0,184,0,0
B6_D1,381,0,60,0,0
B6_D1,958,0,137,0,0
B6_D1,527,0,131,0,0
B6_D1,446,0,169,0,0
G1_D1,45,0,129,0,0
G1_D1,786,0,112,0,0
G1_D1,172,0,61,0,0
B6_D1,822,0,391,0,0
B10_D1,303,0,179,0,0
B2_D1,882,0,27,0,0
B6_D1,548,0,401,0,0
B10_D1,25,0,165,0,0
B10_D1,936,0,289,0,0
B6_D1,384,0,499,0,0
B10_D1,867,0,371,0,0
B4_D1,710,0,70,0,0
B6_D1,560,0,301,0,0
B6_D1,929,0,126,0,0
B10_D1,47,0,111,0,0
G1_D1,430,0,127,0,0
B6_D1,807,0,202,0,0
B6_D1,983,0,345,0,-1
B6_D1,215,0,190,0,0
B6_D1,42,0,165,0,0
B6_D1,736,0,11,0,0
B10_D1,505,0,41,0,0
G1_D1,176,0,1,0,0
B6_D1,209,0,76,0,0
B4_D1,617,0,168,0,0
G1_D1,875,0,311,0,0
B10_D1,784,0,96,0,0
B4_D1,647,0,78,0,0
B2_D1,858,0,6,0,0
B6_D1,15,0,485,0,0
B10_D1,301,0,195,0,0
B10_D1,165,0,185,0,0
B4_D1,459,0,287,0,0
B6_D1,672,0,50,0,0
B6_D1,152,0,218,0,0
B2_D1,156,0,465,0,0
B6_D1,435,0,139,0,0
B10_D1,203,0,4,0,0
G1_D1,423,0,124,0,0
B6_D1,219,0,83,0,0
B10_D1,820,0,434,0,0
B6_D1,596,0,284,0,0
G1_D1,504,0,10,0,0
B6_D1,72,0,309,0,0
B10_D1,563,0,4,0,0
B6_D1,405,0,88,0,0
B10_D1,488,0,169,0,0
B10_D1,832,0,282,0,0
B10_D1,711,0,67,0,0
B10_D1,230,0,111,0,0
B10_D1,761,0,0,0,0
B2_D1,874,0,85,0,0
G1_D1,289,0,14,0,0
B4_D1,993,0,75,0,0
B6_D1,715,0,371,0,0
G1_D1,592,0,192,0,0
B2_D1,479,0,108,0,0
B8_D1,827,0,304,0,0
B4_D1,1,0,244,0,0
G1_D1,777,0,98,0,0
B10_D1,343,0,199,0,0
B10_D1,404,0,461,0,0
B4_D1,182,0,112,0,0
B4_D1,595,0,57,0,0
B10_D1,531,0,313,0,0
B10_D1,148,0,50,0,0
B10_D1,20,0,140,0,0
B6_D1,754,0,86,0,0
G1_D1,38,0,497,0,0
G1_D1,324,0,7,0,0
G1_D1,898,0,96,0,0
B6_D1,680,0,35,0,0
B6_D1,937,0,239,0,0
B4_D1,2,0,39,0,0
G1_D1,919,0,2,0,0
B10_D1,336,0,385,0,0
B6_D1,99,0,138,0,0
B10_D1,588,0,319,0,0
B10_D1,432,0,407,0,0
B6_D1,555,0,500,0,0
G1_D1,269,0,4,0,0
B6_D1,913,0,300,0,0
B6_D1,182,0,168,0,0
B10_D1,870,0,43,0,0
B8_D1,20,0,322,0,0
G1_D1,497,0,188,0,0
B6_D1,388,0,73,0,0
G1_D1,261,0,70,0,0
B2_D1,434,0,505,0,0
G1_D1,474,0,14,0,0
B4_D1,197,0,272,0,0
B10_D1,549,0,16,0,0
B10_D1,10,0,61,0,0
G1_D1,218,0,496,0,0
B6_D1,24,0,24,0,0
G1_D1,1019,0,138,0,0
B6_D1,953,0,430,0,0
B4_D1,948,0,50,0,0
B6_D1,157,0,475,0,0
B4_D1,596,0,369,0,0
G1_D1,489,0,85,0,0
B6_D1,399,0,494,0,0
B6_D1,528,0,318,0,0
B6_D1,761,0,102,0,0
B6_D1,138,0,297,0,0
G1_D1,332,0,17,0,0
B6_D1,849,0,159,0,0
B10_D1,818,0,13,0,0
B4_D1,733,0,68,0,0
B10_D1,161,0,184,0,0
G1_D1,472,0,217,0,0
G1_D1,349,0,479,0,0
B4_D1,718,0,14,0,0
B6_D1,395,0,66,0,0
B6_D1,846,0,354,0,0
B6_D1,6,0,113,0,0
B2_D1,262,0,24,0,0
B10_D1,871,0,290,0,0
B6_D1,470,0,510,0,0
B10_D1,534,0,327,0,0
B4_D1,516,0,60,0,0
B10_D1,762,0,369,0,0
G1_D1,1017,0,46,0,0
B6_D1,260,0,370,0,0
G1_D1,544,0,11,0,0
B6_D1,1023,0,399,0,0
B10_D1,317,0,29,0,0
B6_D1,57,0,42,0,0
G1_D1,10,0,303,0,0
G1_D1,284,0,69,0,0
G1_D1,1010,0,133,0,0
B10_D1,478,0,130,0,0
B2_D1,273,0,43,0,0
B2_D1,234,0,487,0,0
B6_D1,216,0,158,0,0
B6_D1,463,0,391,0,0
G1_D1,41,0,404,0,0
B6_D1,48,0,91,0,0
G1_D1,88,0,50,0,0
B6_D1,443,0,240,0,0
G1_D1,478,0,355,0,0
B6_D1,971,0,26,0,0
B10_D1,4,0,269,0,0
G1_D1,776,0,109,0,0
B10_D1,837,0,241,0,0
G1_D1,299,0,5,0,0
B6_D1,761,0,11,0,0
G1_D1,771,0,305,0,0
B10_D1,108,0,307,0,0
B6_D1,428,0,172,0,0
B10_D1,123,0,54,0,0
G1_D1,223,0,506,0,0
B6_D1,970,0,505,0,0
G1_D1,104,0,101,0,0
B10_D1,715,0,471,0,0
B10_D1,626,0,234,0,0
G1_D1,665,0,66,0,0
B6_D1,123,0,98,0,0
G1_D1,298,0,103,0,0
B6_D1,388,0,283,0,0
B10_D1,584,0,289,0,0
B6_D1,634,0,113,0,0
G1_D1,511,0,15,0,0
B4_D1,811,0,122,0,0
G1_D1,1019,0,69,0,0
B10_D1,153,0,160,0,0
G1_D1,414,0,33,0,0
B10_D1,396,0,118,0,0
B2_D1,886,0,475,0,0
B6_D1,243,0,483,0,0
B6_D1,719,0,96,0,0
B2_D1,323,0,494,0,0
B10_D1,568,0,479,0,0
B6_D1,819,0,65,0,0
B6_D1,959,0,229,0,0
G1_D1,219,0,3,0,0
G1_D1,127,0,205,0,0
B6_D1,933,0,98,0,0
B6_D1,385,0,510,0,0
B4_D1,96,0,189,0,0
B10_D1,250,0,39,0,0
B6_D1,136,0,85,0,0
B4_D1,101,0,125,0,0
B10_D1,146,0,132,0,0
B6_D1,719,0,19,0,0
G1_D1,23,0,46,0,0
G1_D1,60,0,88,0,0
B10_D1,467,0,52,0,0
G1_D1,1018,0,89,0,0
G1_D1,966,0,27,0,0
G1_D1,687,0,56,0,0
B2_D1,832,0,466,0,-1
B2_D1,553,0,459,0,0
G1_D1,542,0,203,0,0
B6_D1,791,0,188,0,0
B10_D1,842,0,34,0,0
B10_D1,61,0,61,0,0
B6_D1,149,0,34,0,0
B6_D1,798,0,105,0,0
B6_D1,525,0,345,0,8
B10_D1,734,0,405,0,0
B10_D1,768,0,353,0,0
B4_D1,699,0,69,0,0
B6_D1,415,0,500,0,0
B6_D1,977,0,135,0,0
B6_D1,197,0,2,0,0
B10_D1,416,0,160,0,0
B6_D1,78,0,90,0,0
B6_D1,762,0,42,0,0
B2_D1,712,0,37,0,0
B6_D1,894,0,94,0,0
B6_D1,571,0,21,0,0
B10_D1,671,0,57,0,0
B10_D1,177,0,46,0,0
B6_D1,124,0,9,0,0
B10_D1,159,0,171,0,0
B6_D1,70,0,30,0,0
B2_D1,770,0,360,0,0
B6_D1,721,0,193,0,0
B6_D1,916,0,279,0,0
B10_D1,129,0,49,0,0
G1_D1,443,0,213,0,0
G1_D1,16,0,177,0,0
B6_D1,551,0,486,0,0
B6_D1,400,0,495,0,0
B10_D1,413,0,145,0,0
B10_D1,263,0,48,0,0
B10_D1,32,0,237,0,0
B2_D1,904,0,10,0,0
G1_D1,1013,0,287,0,0
G1_D1,802,0,54,0,0
B6_D1,643,0,18,0,0
G1_D1,264,0,4,0,0
B4_D1,768,0,69,0,0
G1_D1,370,0,237,0,0
B10_D1,919,0,22,0,0
G1_D1,837,0,257,0,0
B6_D1,511,0,6,0,0
B6_D1,841,0,48,0,0
B10_D1,368,0,316,0,0
B10_D1,140,0,167,0,0
G1_D1,454,0,7,0,0
B10_D1,821,0,358,0,0
G1_D1,190,0,75,0,0
B4_D1,97,0,4,0,0
B10_D1,175,0,508,0,0
B6_D1,771,0,205,0,0
B10_D1,614,0,86,0,0
B4_D1,737,0,69,0,0
B6_D1,610,0,182,0,0
B6_D1,324,0,484,0,0
B10_D1,310,0,196,0,0
G1_D1,100,0,22,0,0
B10_D1,459,0,68,0,0
G1_D1,796,0,203,0,0
B10_D1,471,0,63,0,0
B10_D1,396,0,1,0,0
G1_D1,888,0,270,0,0
B10_D1,727,0,60,0,0
B6_D1,160,0,20,0,0
B10_D1,664,0,97,0,0
G1_D1,26,0,34,0,0
B10_D1,831,0,313,0,0
B2_D1,173,0,129,0,0
B6_D1,817,0,254,0,0
B6_D1,313,0,8,0,0
B10_D1,770,0,168,0,0
B10_D1,734,0,10,0,0
B2_D1,798,0,18,0,0
B6_D1,531,0,26,0,0
B2_D1,841,0,236,0,0
G1_D1,337,0,44,0,0
B2_D1,780,0,360,0,0
B2_D1,637,0,476,0,0
B10_D1,938,0,1,0,0
G1_D1,861,0,70,0,0
B10_D1,107,0,209,0,0
G1_D1,621,0,1,0,0
B4_D1,359,0,97,0,0
G1_D1,61,0,51,0,0
B10_D1,34,0,253,0,0
B6_D1,115,0,40,0,0
B6_D1,34,0,170,0,0
B2_D1,138,0,60,0,0
B10_D1,115,0,200,0,0
B10_D1,547,0,206,0,0
B10_D1,771,0,452,0,0
B4_D1,110,0,296,0,0
B10_D1,101,0,93,0,0
B4_D1,671,0,57,0,0
G1_D1,766,0,103,0,0
B6_D1,508,0,33,0,0
B10_D1,527,0,278,0,0
B10_D1,937,0,87,0,0
B10_D1,626,0,121,0,0
B6_D1,410,0,313,0,4
B8_D1,1023,0,423,0,0
G1_D1,298,0,141,0,0
B6_D1,558,0,8,0,0
G1_D1,801,0,24,0,0
G1_D1,349,0,143,0,0
G1_D1,967,0,217,0,0
B4_D1,188,0,16,0,0
B4_D1,6,0,84,0,0
G1_D1,1020,0,161,0,0
B10_D1,503,0,307,0,0
B6_D1,659,0,494,0,0
B4_D1,515,0,232,0,0
B6_D1,718,0,43,0,0
B6_D1,906,0,54,0,0
B6_D1,647,0,412,0,0
G1_D1,32,0,69,0,0
G1_D1,624,0,14,0,0
G1_D1,940,0,463,0,0
G1_D1,1015,0,120,0,0
G1_D1,424,0,16,0,0
B6_D1,192,0,473,0,0
B10_D1,443,0,79,0,0
B10_D1,436,0,286,0,0
B4_D1,744,0,106,0,0
G1_D1,384,0,16,0,0
B10_D1,564,0,503,0,0
B10_D1,16,0,117,0,0
B10_D1,64,0,280,0,0
B6_D1,987,0,79,0,0
B10_D1,881,0,339,0,0
B8_D1,104,0,272,0,0
B10_D1,990,0,263,0,0
B6_D1,813,0,273,0,0
G1_D1,947,0,265,0,0
B6_D1,148,0,89,0,0
B10_D1,81,0,170,0,0
B6_D1,354,0,504,0,0
G1_D1,206,0,15,0,0
B10_D1,67,0,118,0,0
B4_D1,454,0,214,0,0
B10_D1,235,0,116,0,0
G1_D1,839,0,268,0,0
B4_D1,293,0,17,0,0
B2_D1,871,0,258,0,0
B6_D1,411,0,48,0,0
B6_D1,342,0,459,0,-1
B4_D1,110,0,20,0,0
B6_D1,863,0,337,0,0
G1_D1,785,0,321,0,0
B10_D1,8,0,164,0,0
B10_D1,440,0,213,0,0
B6_D1,623,0,416,0,0
B6_D1,8,0,275,0,0
B6_D1,44,0,139,0,0
B6_D1,751,0,464,0,0
B4_D1,300,0,147,0,0
B10_D1,208,0,504,0,0
G1_D1,247,0,157,0,0
B6_D1,420,0,5,0,0
B6_D1,822,0,260,0,0
B6_D1,919,0,400,0,0
B6_D1,552,0,12,0,0
B6_D1,1020,0,510,0,0
B6_D1,473,0,58,0,0
B10_D1,254,0,62,0,0
B6_D1,693,0,136,0,0
G1_D1,539,0,126,0,0
B6_D1,76,0,41,0,0
B6_D1,305,0,495,0,0
B6_D1,0,0,311,0,0
B10_D1,345,0,198,0,0
B4_D1,3,0,67,0,0
B10_D1,468,0,277,0,0
B6_D1,834,0,504,0,0
B10_D1,606,0,282,0,0
G1_D1,779,0,322,0,0
B4_D1,126,0,420,0,0
B6_D1,817,0,123,0,0
B6_D1,1012,0,482,0,0
B10_D1,5,0,294,0,0
B6_D1,169,0,4,0,0
B10_D1,875,0,49,0,0
B6_D1,113,0,201,0,0
B6_D1,554,0,315,0,0
B2_D1,629,0,362,0,0
B10_D1,570,0,324,0,0
G1_D1,27,0,148,0,0
G1_D1,802,0,454,0,0
B10_D1,207,0,241,0,0
B6_D1,136,0,61,0,0
B4_D1,874,0,38,0,0
B10_D1,155,0,43,0,0
B6_D1,672,0,17,0,0
B6_D1,86,0,314,0,0
B8_D1,71,0,144,0,0
G1_D1,896,0,133,0,0
B10_D1,834,0,100,0,0
B6_D1,770,0,53,0,0
B6_D1,445,0,419,0,0
B6_D1,528,0,253,0,0
B6_D1,851,0,336,0,0
B2_D1,150,0,98,0,0
B10_D1,172,0,432,0,0
B10_D1,451,0,463,0,0
B10_D1,579,0,314,0,0
B10_D1,836,0,358,0,0
B6_D1,246,0,116,0,0
B10_D1,767,0,373,0,0
B10_D1,766,0,5,0,0
B6_D1,70,0,25,0,0
B6_D1,536,0,248,0,0
B10_D1,293,0,172,0,0
B6_D1,240,0,272,0,0
B6_D1,284,0,335,0,0
B6_D1,112,0,195,0,0
G1_D1,649,0,9,0,0
B10_D1,912,0,469,0,0
B10_D1,326,0,185,0,0
B10_D1,457,0,457,0,0
G1_D1,46,0,63,0,0
G1_D1,853,0,439,0,0
B6_D1,276,0,334,0,0
G1_D1,876,0,251,0,0
B6_D1,203,0,28,0,0
G1_D1,1009,0,4,0,0
B10_D1,316,0,194,0,0
B2_D1,434,0,374,0,0
B6_D1,50,0,450,0,0
G1_D1,102,0,128,0,0
G1_D1,769,0,152,0,0
B10_D1,1016,0,34,0,0
B4_D1,127,0,186,0,0
B6_D1,778,0,13,0,0
G1_D1,1010,0,315,0,0
B4_D1,198,0,270,0,0
G1_D1,812,0,244,0,0
B6_D1,298,0,18,0,0
B6_D1,179,0,56,0,0
B6_D1,314,0,231,0,0
B2_D1,216,0,511,0,0
B4_D1,667,0,62,0,0
B4_D1,53,0,422,0,0
B10_D1,890,0,241,0,0
B4_D1,211,0,406,0,0
B2_D1,474,0,482,0,0
B6_D1,797,0,507,0,0
B6_D1,305,0,510,0,0
B6_D1,179,0,494,0,0
G1_D1,507,0,103,0,0
B6_D1,225,0,65,0,0
B6_D1,285,0,15,0,0
B6_D1,730,0,242,0,0
G1_D1,1019,0,438,0,0
B6_D1,495,0,495,0,0
B10_D1,809,0,244,0,0
G1_D1,11,0,161,0,0
B8_D1,140,0,249,0,0
B10_D1,882,0,265,0,0
G1_D1,274,0,16,0,0
B10_D1,3,0,380,0,0
B6_D1,0,0,495,0,0
B6_D1,510,0,227,0,0
B8_D1,19,0,264,0,0
B2_D1,688,0,144,0,0
G1_D1,844,0,4,0,0
B4_D1,465,0,405,0,0
G1_D1,13,0,329,0,0
B8_D1,747,0,245,0,0
G1_D1,930,0,108,0,0
B6_D1,717,0,385,0,0
B10_D1,544,0,273,0,0
B6_D1,505,0,510,0,0
B10_D1,264,0,33,0,0
B6_D1,114,0,369,0,0
B6_D1,494,0,9,0,0
G1_D1,69,0,9,0,0
B10_D1,131,0,234,0,0
B4_D1,5,0,488,0,0
B6_D1,974,0,123,0,0
B6_D1,632,0,291,0,0
B10_D1,826,0,270,0,0
B4_D1,7,0,292,0,0
B10_D1,946,0,43,0,0
B6_D1,220,0,142,0,0
B6_D1,166,0,449,0,0
G1_D1,443,0,223,0,0
G1_D1,746,0,157,0,0
B10_D1,249,0,57,0,0
G1_D1,121,0,369,0,0
B6_D1,921,0,11,0,0
B6_D1,443,0,287,0,0
B6_D1,443,0,43,0,0
B10_D1,19,0,120,0,0
B10_D1,694,0,116,0,0
G1_D1,113,0,302,0,0
B6_D1,136,0,1,0,0
B10_D1,158,0,213,0,0
B6_D1,605,0,345,0,0
B10_D1,889,0,116,0,0
G1_D1,840,0,40,0,0
B4_D1,484,0,430,0,5
B6_D1,1004,0,29,0,0
G1_D1,748,0,73,0,0
B6_D1,875,0,10,0,0
B10_D1,849,0,326,0,0
B6_D1,980,0,177,0,0
B10_D1,767,0,464,0,0
B10_D1,607,0,416,0,0
G1_D1,679,0,7,0,0
B4_D1,214,0,404,0,0
G1_D1,747,0,159,0,0
B6_D1,213,0,434,0,0
G1_D1,963,0,219,0,0
B6_D1,1008,0,209,0,0
B2_D1,767,0,23,0,0
B6_D1,210,0,45,0,0
B10_D1,870,0,40,0,0
B10_D1,960,0,6,0,0
B6_D1,787,0,274,0,0
B6_D1,130,0,317,0,0
B6_D1,879,0,509,0,0
G1_D1,355,0,48,0,0
B6_D1,997,0,274,0,0
B10_D1,592,0,414,0,0
B8_D1,16,0,260,0,0
G1_D1,1017,0,228,0,0
B6_D1,915,0,141,0,0
B6_D1,959,0,509,0,0
B10_D1,778,0,95,0,0
B10_D1,618,0,479,0,0
B6_D1,445,0,351,0,0
B6_D1,343,0,18,0,0
B10_D1,507,0,303,0,0
B6_D1,860,0,35,0,0
B6_D1,664,0,157,0,0
B2_D1,64,0,30,0,0
B6_D1,707,0,502,0,0
B2_D1,544,0,220,0,0
B6_D1,137,0,201,0,0
B6_D1,150,0,473,0,0
B6_D1,660,0,224,0,0
B6_D1,839,0,4,0,0
B6_D1,979,0,34,0,0
G1_D1,127,0,159,0,0
G1_D1,715,0,510,0,0
B10_D1,409,0,67,0,0
B4_D1,236,0,66,0,0
B2_D1,681,0,176,0,0
G1_D1,986,0,53,0,0
B6_D1,824,0,115,0,0
B6_D1,600,0,333,0,0
B10_D1,44,0,208,0,0
B6_D1,159,0,59,0,0
B10_D1,798,0,216,0,0
G1_D1,998,0,147,0,0
B10_D1,1013,0,66,0,0
G1_D1,148,0,78,0,0
B4_D1,249,0,96,0,0
B6_D1,401,0,229,0,0
B10_D1,453,0,242,0,0
G1_D1,28,0,265,0,0
G1_D1,1016,0,50,0,0
G1_D1,961,0,386,0,-1
B10_D1,450,0,478,0,0
B6_D1,797,0,276,0,0
B6_D1,376,0,486,0,0
B10_D1,185,0,7,0,0
B10_D1,24,0,221,0,0
B2_D1,636,0,46,0,0
B10_D1,911,0,218,0,0
B4_D1,4,0,221,0,0
B10_D1,104,0,492,0,0
B6_D1,146,0,200,0,0
B6_D1,493,0,383,0,0
G1_D1,9,0,244,0,0
B10_D1,805,0,173,0,0
B10_D1,148,0,244,0,0
B10_D1,57,0,292,0,0
B10_D1,611,0,498,0,0
B10_D1,461,0,114,0,0
B10_D1,279,0,8,0,0
G1_D1,71,0,270,0,0
G1_D1,216,0,505,0,0
B10_D1,255,0,260,0,0
B4_D1,655,0,284,0,0
B10_D1,836,0,334,0,0
B10_D1,13,0,115,0,0
B10_D1,39,0,120,0,0
G1_D1,127,0,17,0,0
B10_D1,301,0,26,0,0
G1_D1,20,0,338,0,0
B10_D1,925,0,333,0,0
B6_D1,147,0,492,0,0
B10_D1,864,0,210,0,0
B6_D1,405,0,286,0,0
B10_D1,593,0,220,0,0
B6_D1,72,0,507,0,0
B10_D1,492,0,299,0,0
B6_D1,6,0,115,0,0
B6_D1,267,0,74,0,0
B10_D1,262,0,50,0,0
B6_D1,729,0,489,0,0
G1_D1,98,0,422,0,0
B10_D1,452,0,74,0,0
B10_D1,40,0,206,0,0
B10_D1,729,0,10,0,0
B6_D1,679,0,475,0,0
B6_D1,157,0,32,0,0
B10_D1,932,0,191,0,-1
B6_D1,94,0,306,0,0
B10_D1,407,0,99,0,0
B10_D1,449,0,287,0,0
B10_D1,806,0,444,0,0
B10_D1,888,0,355,0,0
B6_D1,776,0,110,0,0
B10_D1,711,0,83,0,0
B6_D1,21,0,65,0,0
B10_D1,24,0,126,0,0
B10_D1,472,0,78,0,0
B10_D1,130,0,510,0,0
B4_D1,582,0,302,0,0
B10_D1,50,0,63,0,0
G1_D1,837,0,212,0,0
G1_D1,698,0,263,0,0
G1_D1,971,0,235,0,0
B10_D1,311,0,185,0,0
B10_D1,326,0,225,0,0
G1_D1,777,0,271,0,0
G1_D1,959,0,257,0,0
G1_D1,32,0,394,0,0
B6_D1,860,0,340,0,0
G1_D1,50,0,92,0,0
B10_D1,583,0,32,0,0
G1_D1,47,0,17,0,0
B10_D1,877,0,212,0,0
B10_D1,267,0,26,0,0
B2_D1,300,0,490,0,0
B6_D1,423,0,493,0,0
B10_D1,841,0,438,0,0
B10_D1,365,0,438,0,2
B10_D1,744,0,317,0,0
B4_D1,113,0,18,0,0
B10_D1,430,0,485,0,0
B10_D1,849,0,341,0,0
B6_D1,563,0,318,0,0
B10_D1,209,0,290,0,0
B10_D1,837,0,94,0,0
B10_D1,114,0,491,0,0
G1_D1,444,0,23,0,0
B4_D1,750,0,318,0,0
B6_D1,347,0,108,0,0
B6_D1,462,0,492,0,0
G1_D1,295,0,128,0,0
B2_D1,995,0,78,0,0
B6_D1,350,0,332,0,0
B6_D1,171,0,178,0,0
B10_D1,38,0,4,0,0
B6_D1,855,0,110,0,0
B6_D1,39,0,205,0,0
B6_D1,5,0,79,0,0
B10_D1,328,0,160,0,0
B10_D1,529,0,8,0,0
G1_D1,968,0,511,0,0
B10_D1,192,0,439,0,0
B10_D1,370,0,186,0,0
B4_D1,748,0,65,0,0
G1_D1,815,0,215,0,0
G1_D1,16,0,252,0,0
B10_D1,498,0,284,0,0
B2_D1,244,0,506,0,0
B6_D1,227,0,22,0,0
G1_D1,877,0,119,0,0
B6_D1,482,0,437,0,-1
B10_D1,114,0,36,0,0
B6_D1,852,0,335,0,0
B6_D1,88,0,98,0,0
B10_D1,895,0,234,0,0
B6_D1,36,0,1,0,0
B10_D1,206,0,220,0,0
G1_D1,867,0,304,0,0
B6_D1,212,0,475,0,0
B10_D1,48,0,43,0,0
B10_D1,30,0,238,0,0
B4_D1,154,0,164,0,0
B6_D1,280,0,40,0,0
B10_D1,629,0,314,0,0
B10_D1,812,0,75,0,0
B10_D1,378,0,500,0,0
B10_D1,257,0,164,0,0
G1_D1,764,0,3,0,0
B10_D1,167,0,239,0,0
B6_D1,891,0,128,0,0
B10_D1,1010,0,5,0,0
B6_D1,682,0,388,0,0
B4_D1,1022,0,16,0,0
B6_D1,998,0,447,0,-1
G1_D1,942,0,459,0,0
B10_D1,622,0,140,0,0
B2_D1,364,0,289,0,0
G1_D1,589,0,20,0,0
G1_D1,990,0,141,0,0
B10_D1,456,0,0,0,0
G1_D1,202,0,191,0,0
B4_D1,541,0,272,0,0
B10_D1,185,0,252,0,0
B6_D1,926,0,41,0,0
B6_D1,446,0,396,0,-1
B4_D1,9,0,361,0,0
B4_D1,2,0,110,0,0
G1_D1,84,0,11,0,0
B6_D1,328,0,483,0,0
G1_D1,904,0,389,0,0
B10_D1,109,0,165,0,0
B6_D1,707,0,339,0,0
B2_D1,696,0,359,0,0
G1_D1,545,0,96,0,0
B10_D1,71,0,169,0,0
B10_D1,141,0,51,0,0
B10_D1,86,0,97,0,0
B8_D1,478,0,294,0,0
B10_D1,631,0,143,0,0
B6_D1,1021,0,421,0,0
G1_D1,394,0,487,0,0
B6_D1,362,0,226,0,0
B6_D1,504,0,252,0,0
B6_D1,453,0,481,0,0
B6_D1,724,0,94,0,0
B10_D1,361,0,488,0,0
B6_D1,271,0,36,0,0
B6_D1,943,0,488,0,0
B6_D1,242,0,47,0,0
B10_D1,446,0,97,0,0
B2_D1,648,0,506,0,0
B10_D1,315,0,305,0,0
B10_D1,635,0,491,0,0
B6_D1,251,0,444,0,-1
G1_D1,718,0,101,0,0
B10_D1,416,0,501,0,0
B6_D1,550,0,406,0,0
B10_D1,396,0,506,0,0
B10_D1,773,0,480,0,0
B10_D1,731,0,88,0,0
B6_D1,826,0,294,0,0
B6_D1,17,0,475,0,0
B8_D1,688,0,186,0,0
B2_D1,733,0,83,0,0
B6_D1,117,0,361,0,0
B10_D1,410,0,266,0,0
G1_D1,453,0,115,0,0
G1_D1,436,0,119,0,0
B6_D1,880,0,20,0,0
G1_D1,981,0,50,0,0
G1_D1,704,0,88,0,0
B10_D1,487,0,339,0,0
B6_D1,297,0,482,0,0
B6_D1,1,0,156,0,0
B10_D1,300,0,391,0,-1
B6_D1,731,0,376,0,0
G1_D1,320,0,387,0,0
B2_D1,859,0,374,0,0
B10_D1,57,0,267,0,0
B10_D1,504,0,314,0,0
B6_D1,2,0,479,0,0
B2_D1,387,0,207,0,0
B6_D1,457,0,487,0,0
B10_D1,294,0,257,0,0
B10_D1,119,0,50,0,0
B10_D1,4,0,308,0,0
B6_D1,2,0,330,0,0
B10_D1,13,0,327,0,0
G1_D1,983,0,90,0,0
B10_D1,155,0,330,0,0
G1_D1,672,0,78,0,0
B10_D1,97,0,300,0,0
G1_D1,569,0,145,0,0
B4_D1,260,0,161,0,0
B6_D1,245,0,15,0,0
B4_D1,1013,0,75,0,0
B6_D1,63,0,38,0,0
B4_D1,520,0,34,0,0
B10_D1,427,0,378,0,0
B6_D1,747,0,156,0,0
B4_D1,6,0,180,0,0
B6_D1,175,0,0,0,0
B6_D1,713,0,336,0,0
G1_D1,163,0,119,0,0
B6_D1,569,0,236,0,0
B4_D1,110,0,143,0,0
B6_D1,653,0,397,0,0
B6_D1,819,0,446,0,0
B10_D1,155,0,210,0,0
B6_D1,887,0,321,0,0
B4_D1,589,0,205,0,0
B6_D1,613,0,161,0,0
G1_D1,8,0,74,0,0
B6_D1,174,0,489,0,0
G1_D1,634,0,91,0,0
B6_D1,151,0,6,0,0
B10_D1,832,0,183,0,0
B10_D1,712,0,100,0,0
B6_D1,810,0,119,0,0
B6_D1,563,0,18,0,0
G1_D1,985,0,95,0,0
B10_D1,165,0,277,0,0
B4_D1,511,0,284,0,0
B6_D1,182,0,331,0,0
B6_D1,142,0,148,0,0
G1_D1,918,0,93,0,0
B10_D1,158,0,504,0,0
B6_D1,110,0,45,0,0
B4_D1,1022,0,173,0,0
B6_D1,149,0,368,0,0
B6_D1,13,0,493,0,0
G1_D1,255,0,353,0,0
B4_D1,731,0,88,0,0
B10_D1,942,0,287,0,0
B10_D1,431,0,504,0,0
B6_D1,507,0,414,0,0
B6_D1,375,0,252,0,0
B10_D1,357,0,339,0,0
G1_D1,197,0,276,0,0
B6_D1,374,0,354,0,0
B4_D1,548,0,143,0,0
G1_D1,186,0,258,0,0
B2_D1,136,0,310,0,0
B6_D1,13,0,23,0,0
B2_D1,891,0,510,0,0
B6_D1,92,0,276,0,0
B6_D1,591,0,120,0,0
B6_D1,500,0,326,0,0
B10_D1,768,0,241,0,0
B6_D1,987,0,341,0,-1
B10_D1,521,0,170,0,0
G1_D1,28,0,472,0,0
G1_D1,512,0,102,0,0
B6_D1,388,0,38,0,0
B10_D1,338,0,273,0,0
B2_D1,795,0,58,0,0
B6_D1,567,0,55,0,0
G1_D1,675,0,193,0,0
B10_D1,53,0,311,0,0
B6_D1,729,0,29,0,0
B6_D1,245,0,375,0,0
B4_D1,255,0,48,0,0
B10_D1,511,0,312,0,0
B6_D1,54,0,196,0,0
B10_D1,467,0,339,0,0
B6_D1,471,0,187,0,0
B6_D1,688,0,431,0,0
B10_D1,11,0,291,0,0
B6_D1,460,0,10,0,0
B4_D1,244,0,36,0,0
G1_D1,1019,0,491,0,0
B10_D1,55,0,121,0,0
B6_D1,648,0,388,0,0
B10_D1,748,0,408,0,0
B8_D1,90,0,329,0,0
G1_D1,70,0,30,0,0
B2_D1,687,0,26,0,0
B8_D1,646,0,228,0,0
B6_D1,8,0,13,0,0
B10_D1,450,0,155,0,0
G1_D1,556,0,1,0,0
B6_D1,112,0,108,0,0
G1_D1,901,0,61,0,0
G1_D1,67,0,349,0,-1
B4_D1,223,0,208,0,0
B10_D1,135,0,193,0,0
B10_D1,586,0,286,0,0
G1_D1,343,0,404,0,0
B4_D1,262,0,44,0,0
B6_D1,996,0,26,0,0
B8_D1,6,0,242,0,0
B6_D1,410,0,387,0,0
B6_D1,782,0,186,0,0
G1_D1,787,0,237,0,0
B2_D1,20,0,510,0,0
B6_D1,1,0,241,0,0
B6_D1,101,0,418,0,0
B6_D1,709,0,368,0,0
G1_D1,879,0,13,0,0
B6_D1,940,0,485,0,0
B6_D1,182,0,12,0,0
B10_D1,785,0,168,0,0
B2_D1,109,0,47,0,0
B10_D1,866,0,5,0,0
B6_D1,160,0,266,0,0
G1_D1,10,0,137,0,0
G1_D1,829,0,206,0,0
G1_D1,1001,0,188,0,0
G1_D1,459,0,8,0,0
G1_D1,746,0,39,0,0
B10_D1,834,0,318,0,0
B10_D1,814,0,93,0,0
B6_D1,823,0,272,0,0
G1_D1,837,0,440,0,0
B6_D1,297,0,170,0,0
B6_D1,489,0,19,0,0
B10_D1,861,0,438,0,0
B10_D1,12,0,12,0,0
B4_D1,687,0,60,0,0
B6_D1,382,0,216,0,0
B6_D1,997,0,2,0,0
B2_D1,410,0,478,0,0
B10_D1,3,0,400,0,0
B6_D1,119,0,404,0,0
B4_D1,47,0,24,0,0
G1_D1,44,0,94,0,0
B6_D1,656,0,21,0,0
B6_D1,629,0,499,0,0
B10_D1,386,0,284,0,0
G1_D1,1006,0,91,0,0
B4_D1,788,0,249,0,0
G1_D1,1015,0,331,0,0
B6_D1,233,0,148,0,0
B6_D1,859,0,50,0,0
B2_D1,681,0,8,0,0
B6_D1,476,0,280,0,0
B10_D1,468,0,189,0,0
B6_D1,996,0,85,0,0
B6_D1,932,0,343,0,0
G1_D1,639,0,177,0,0
B10_D1,252,0,214,0,0
B6_D1,777,0,129,0,0
G1_D1,88,0,44,0,0
B10_D1,157,0,341,0,0
G1_D1,189,0,2,0,0
B6_D1,28,0,23,0,0
B2_D1,397,0,493,0,0
B6_D1,127,0,184,0,0
G1_D1,981,0,130,0,0
B10_D1,545,0,118,0,0
B6_D1,517,0,37,0,0
B10_D1,865,0,400,0,0
B10_D1,297,0,12,0,0
G1_D1,458,0,98,0,0
G1_D1,209,0,143,0,0
B10_D1,974,0,123,0,0
G1_D1,721,0,368,0,0
B10_D1,930,0,66,0,0
B6_D1,936,0,436,0,0
B10_D1,787,0,275,0,0
B6_D1,453,0,172,0,0
B10_D1,823,0,311,0,0
B10_D1,183,0,225,0,0
G1_D1,466,0,87,0,0
G1_D1,608,0,235,0,0
B10_D1,799,0,379,0,0
B6_D1,128,0,268,0,0
B10_D1,824,0,419,0,0
B2_D1,294,0,183,0,0
B10_D1,84,0,198,0,0
G1_D1,354,0,476,0,0
G1_D1,568,0,157,0,0
B6_D1,877,0,42,0,0
B4_D1,736,0,80,0,0
B6_D1,23,0,97,0,0
B10_D1,508,0,169,0,0
B10_D1,349,0,67,0,0
G1_D1,64,0,162,0,0
G1_D1,616,0,113,0,0
B4_D1,459,0,421,0,0
G1_D1,445,0,69,0,0
B10_D1,372,0,486,0,0
G1_D1,666,0,149,0,0
B10_D1,334,0,416,0,0
B10_D1,821,0,62,0,0
B6_D1,500,0,40,0,0
G1_D1,205,0,138,0,0
B6_D1,206,0,36,0,0
B10_D1,887,0,254,0,0
B2_D1,867,0,84,0,0
B6_D1,365,0,30,0,0
B6_D1,695,0,191,0,0
B6_D1,996,0,171,0,0
B4_D1,0,0,273,0,0
B6_D1,95,0,198,0,0
B6_D1,121,0,96,0,0
B10_D1,5,0,139,0,0
B10_D1,1023,0,1,0,0
G1_D1,53,0,81,0,0
G1_D1,185,0,507,0,0
B6_D1,652,0,342,0,0
B10_D1,691,0,88,0,0
B4_D1,508,0,260,0,0
B10_D1,116,0,156,0,0
B6_D1,419,0,448,0,0
B4_D1,7,0,177,0,0
B6_D1,928,0,89,0,0
B6_D1,531,0,486,0,0
B10_D1,480,0,110,0,0
B6_D1,891,0,208,0,0
B10_D1,306,0,255,0,0
B6_D1,66,0,412,0,0
B6_D1,767,0,241,0,0
B6_D1,582,0,507,0,0
G1_D1,541,0,66,0,0
B6_D1,895,0,157,0,0
B8_D1,636,0,226,0,0
B10_D1,838,0,354,0,0
B6_D1,797,0,502,0,0
B4_D1,174,0,139,0,0
G1_D1,970,0,481,0,0
B2_D1,792,0,359,0,0
G1_D1,345,0,478,0,0
B6_D1,603,0,8,0,0
B4_D1,602,0,45,0,0
B2_D1,676,0,510,0,0
B6_D1,795,0,50,0,0
G1_D1,69,0,267,0,0
B10_D1,725,0,287,0,0
G1_D1,480,0,125,0,0
B6_D1,115,0,134,0,0
B6_D1,423,0,49,0,0
G1_D1,205,0,507,0,0
G1_D1,171,0,15,0,0
B10_D1,926,0,442,0,0
B2_D1,522,0,485,0,0
G1_D1,279,0,11,0,0
B6_D1,682,0,497,0,0
G1_D1,722,0,124,0,0
B6_D1,94,0,99,0,0
B10_D1,846,0,240,0,0
B6_D1,19,0,24,0,0
B10_D1,140,0,502,0,0
B10_D1,173,0,92,0,0
B10_D1,435,0,287,0,0
B6_D1,995,0,268,0,0
B2_D1,330,0,387,0,0
B6_D1,288,0,317,0,0
B10_D1,927,0,384,0,0
B4_D1,895,0,387,0,0
B2_D1,523,0,366,0,6
B6_D1,322,0,2,0,0
G1_D1,79,0,502,0,0
B10_D1,651,0,207,0,0
B10_D1,620,0,119,0,0
B2_D1,298,0,57,0,0
B4_D1,3,0,270,0,0
B10_D1,151,0,343,0,0
G1_D1,385,0,509,0,0
B10_D1,310,0,239,0,0
B6_D1,213,0,334,0,0
B6_D1,358,0,479,0,0
B2_D1,428,0,492,0,0
G1_D1,111,0,67,0,0
B6_D1,257,0,251,0,0
B10_D1,680,0,310,0,0
B10_D1,510,0,471,0,0
B4_D1,610,0,344,0,0
B10_D1,302,0,52,0,0
B6_D1,958,0,54,0,0
B10_D1,395,0,119,0,0
B10_D1,3,0,209,0,0
B10_D1,479,0,233,0,0
B6_D1,423,0,488,0,0
B10_D1,475,0,37,0,0
B10_D1,794,0,92,0,0
B4_D1,520,0,282,0,0
B4_D1,323,0,210,0,0
B10_D1,629,0,195,0,0
B10_D1,450,0,84,0,0
B6_D1,3,0,96,0,0
B6_D1,157,0,12,0,0
B10_D1,313,0,4,0,0
B6_D1,15,0,495,0,0
B6_D1,120,0,500,0,0
G1_D1,353,0,96,0,0
B10_D1,706,0,62,0,0
B6_D1,128,0,299,0,0
B6_D1,695,0,472,0,0
B4_D1,740,0,30,0,0
B6_D1,33,0,54,0,0
B10_D1,178,0,504,0,0
B6_D1,791,0,6,0,0
G1_D1,942,0,388,0,-1
B4_D1,799,0,42,0,0
B6_D1,108,0,493,0,0
B6_D1,636,0,46,0,0
B10_D1,826,0,101,0,0
B6_D1,227,0,340,0,0
B4_D1,882,0,60,0,0
B6_D1,153,0,8,0,0
B6_D1,417,0,22,0,0
B10_D1,700,0,314,0,0
B6_D1,250,0,10,0,0
B2_D1,660,0,360,0,0
B4_D1,646,0,97,0,0
B10_D1,758,0,34,0,0
B10_D1,91,0,3,0,0
B4_D1,115,0,413,0,0
B4_D1,763,0,261,0,0
B4_D1,225,0,343,0,0
G1_D1,279,0,3,0,0
B6_D1,610,0,0,0,0
B10_D1,651,0,63,0,0
G1_D1,870,0,213,0,0
G1_D1,397,0,444,0,0
G1_D1,1003,0,154,0,0
G1_D1,157,0,384,0,0
B6_D1,200,0,40,0,0
B6_D1,208,0,51,0,0
G1_D1,154,0,425,0,-1
B6_D1,406,0,41,0,0
B10_D1,712,0,261,0,0
B6_D1,947,0,343,0,0
B10_D1,845,0,332,0,0
B6_D1,850,0,25,0,0
B10_D1,55,0,139,0,0
G1_D1,851,0,70,0,0
B6_D1,248,0,454,0,0
B6_D1,455,0,35,0,0
B6_D1,893,0,18,0,0
B4_D1,482,0,286,0,0
B6_D1,846,0,31,0,0
G1_D1,35,0,0,0,0
B6_D1,116,0,461,0,0
B6_D1,520,0,15,0,0
B2_D1,155,0,111,0,0
B6_D1,253,0,293,0,0
B6_D1,715,0,505,0,0
B6_D1,960,0,211,0,0
B10_D1,87,0,15,0,0
B10_D1,371,0,5,0,0
B10_D1,205,0,168,0,0
G1_D1,192,0,102,0,0
B6_D1,66,0,194,0,0
B10_D1,398,0,95,0,0
B10_D1,345,0,61,0,0
B2_D1,893,0,394,0,0
B6_D1,16,0,366,0,0
B10_D1,811,0,445,0,0
B8_D1,42,0,328,0,0
B6_D1,208,0,333,0,0
B6_D1,704,0,334,0,0
B6_D1,544,0,400,0,0
B6_D1,740,0,462,0,0
B6_D1,568,0,422,0,-1
B2_D1,554,0,482,0,0
G1_D1,116,0,23,0,0
B6_D1,416,0,1,0,0
B10_D1,59,0,13,0,0
B10_D1,78,0,141,0,0
B8_D1,165,0,342,0,0
B10_D1,570,0,412,0,0
B6_D1,55,0,208,0,0
B6_D1,934,0,57,0,0
B6_D1,103,0,133,0,0
B6_D1,214,0,174,0,0
B10_D1,181,0,286,0,0
B10_D1,619,0,510,0,0
B6_D1,860,0,448,0,0
B4_D1,804,0,36,0,0
B10_D1,387,0,487,0,0
B6_D1,772,0,492,0,0
B10_D1,38,0,298,0,0
B10_D1,921,0,3,0,0
B10_D1,693,0,444,0,0
B10_D1,406,0,313,0,4
B6_D1,652,0,373,0,0
B10_D1,78,0,311,0,0
B6_D1,148,0,199,0,0
B4_D1,614,0,355,0,0
G1_D1,573,0,198,0,0
B4_D1,331,0,316,0,0
B6_D1,319,0,205,0,0
G1_D1,286,0,195,0,0
G1_D1,615,0,139,0,0
B6_D1,550,0,182,0,0
B6_D1,456,0,228,0,0
B6_D1,842,0,507,0,0
B6_D1,691,0,200,0,0
B8_D1,209,0,192,0,0
B2_D1,746,0,469,0,0
B8_D1,663,0,247,0,0
G1_D1,886,0,27,0,0
G1_D1,445,0,389,0,0
B6_D1,1021,0,463,0,0
B6_D1,452,0,96,0,0
G1_D1,149,0,455,0,0
G1_D1,1004,0,269,0,0
B6_D1,989,0,76,0,0
B6_D1,420,0,30,0,0
G1_D1,462,0,244,0,0
B6_D1,988,0,38,0,0
G1_D1,248,0,246,0,0
G1_D1,210,0,270,0,0
B10_D1,182,0,203,0,0
G1_D1,30,0,212,0,0
B4_D1,322,0,165,0,0
B6_D1,911,0,253,0,0
B6_D1,641,0,477,0,0
B10_D1,471,0,487,0,0
B6_D1,183,0,115,0,0
B6_D1,962,0,425,0,0
B6_D1,65,0,450,0,0
B6_D1,482,0,161,0,0
G1_D1,199,0,344,0,0
B10_D1,93,0,188,0,0
B10_D1,315,0,39,0,0
G1_D1,492,0,18,0,0
B6_D1,35,0,288,0,0
G1_D1,159,0,259,0,0
G1_D1,159,0,68,0,0
G1_D1,937,0,52,0,0
G1_D1,156,0,113,0,0
B10_D1,386,0,258,0,0
B10_D1,843,0,98,0,0
B4_D1,625,0,296,0,0
B10_D1,159,0,345,0,0
G1_D1,44,0,124,0,0
B6_D1,222,0,192,0,0
G1_D1,122,0,138,0,0
B2_D1,759,0,207,0,0
B6_D1,133,0,503,0,0
B6_D1,729,0,65,0,0
B10_D1,231,0,20,0,0
B6_D1,373,0,493,0,0
B4_D1,528,0,251,0,0
B4_D1,501,0,375,0,0
B6_D1,1009,0,309,0,0
G1_D1,544,0,150,0,0
B10_D1,588,0,295,0,0
B10_D1,712,0,428,0,0
B6_D1,653,0,243,0,0
B10_D1,594,0,329,0,0
B6_D1,318,0,188,0,0
B4_D1,917,0,131,0,0
G1_D1,20,0,318,0,0
B10_D1,639,0,274,0,0
B10_D1,154,0,112,0,0
G1_D1,60,0,200,0,0
B6_D1,964,0,504,0,0
B8_D1,73,0,145,0,0
B6_D1,546,0,57,0,0
B6_D1,516,0,506,0,0
B6_D1,44,0,432,0,0
G1_D1,600,0,225,0,0
B10_D1,167,0,42,0,0
B10_D1,504,0,302,0,0
G1_D1,619,0,13,0,0
B6_D1,804,0,34,0,0
B6_D1,484,0,44,0,0
B10_D1,139,0,436,0,0
B10_D1,773,0,311,0,0
B2_D1,742,0,78,0,0
B10_D1,460,0,261,0,0
B6_D1,472,0,42,0,0
B6_D1,367,0,2,0,0
B2_D1,875,0,384,0,0
B2_D1,757,0,64,0,0
B10_D1,491,0,477,0,0
B4_D1,185,0,137,0,0
B10_D1,534,0,476,0,0
B10_D1,114,0,191,0,0
G1_D1,947,0,209,0,0
B6_D1,143,0,338,0,0
B4_D1,232,0,133,0,0
B4_D1,797,0,112,0,0
G1_D1,16,0,28,0,0
G1_D1,710,0,195,0,0
B10_D1,914,0,17,0,0
B6_D1,361,0,291,0,0
G1_D1,450,0,20,0,0
G1_D1,41,0,101,0,0
B6_D1,285,0,76,0,0
B6_D1,582,0,12,0,0
B6_D1,826,0,385,0,0
B10_D1,498,0,279,0,0
B10_D1,600,0,409,0,0
B10_D1,235,0,510,0,0
B6_D1,968,0,3,0,0
B6_D1,1011,0,26,0,0
B6_D1,784,0,155,0,0
G1_D1,774,0,5,0,0
B10_D1,852,0,129,0,0
B2_D1,6,0,307,0,0
B6_D1,759,0,155,0,0
B10_D1,352,0,101,0,0
B6_D1,416,0,250,0,0
B10_D1,784,0,231,0,0
G1_D1,102,0,280,0,0
B10_D1,180,0,238,0,0
B10_D1,811,0,385,0,0
B10_D1,196,0,435,0,0
B6_D1,976,0,182,0,0
B10_D1,639,0,413,0,0
B8_D1,227,0,339,0,0
B6_D1,149,0,424,0,0
G1_D1,1019,0,42,0,0
B6_D1,685,0,133,0,0
B2_D1,953,0,38,0,0
B6_D1,76,0,87,0,0
B4_D1,8,0,16,0,0
G1_D1,29,0,276,0,0
G1_D1,14,0,9,0,0
B10_D1,217,0,37,0,0
B10_D1,765,0,308,0,0
B10_D1,718,0,64,0,0
B10_D1,4,0,348,0,0
B6_D1,228,0,374,0,0
B10_D1,1011,0,0,0,0
B10_D1,47,0,199,0,0
B6_D1,994,0,471,0,0
B2_D1,678,0,144,0,0
G1_D1,487,0,102,0,0
B6_D1,351,0,496,0,0
B6_D1,583,0,503,0,0
G1_D1,97,0,461,0,0
G1_D1,39,0,121,0,0
B10_D1,502,0,62,0,0
B10_D1,663,0,272,0,0
B10_D1,123,0,426,0,0
B2_D1,724,0,139,0,0
B10_D1,3,0,321,0,0
B6_D1,307,0,487,0,0
B6_D1,229,0,34,0,0
B10_D1,283,0,53,0,0
G1_D1,295,0,22,0,0
B6_D1,825,0,15,0,0
B10_D1,657,0,315,0,0
B6_D1,719,0,107,0,0
G1_D1,148,0,95,0,0
B6_D1,788,0,117,0,0
B10_D1,722,0,419,0,0
B10_D1,735,0,346,0,0
B6_D1,829,0,310,0,0
B10_D1,201,0,37,0,0
B4_D1,343,0,348,0,0
G1_D1,260,0,22,0,0
G1_D1,1006,0,18,0,0
G1_D1,718,0,253,0,0
G1_D1,986,0,314,0,0
G1_D1,280,0,116,0,0
B10_D1,610,0,254,0,0
G1_D1,1018,0,400,0,0
B4_D1,34,0,133,0,0
B10_D1,94,0,44,0,0
B10_D1,829,0,47,0,0
B6_D1,974,0,44,0,0
G1_D1,946,0,237,0,0
G1_D1,787,0,262,0,0
B10_D1,305,0,94,0,0
B6_D1,89,0,201,0,0
B6_D1,147,0,151,0,0
B4_D1,173,0,4,0,0
B10_D1,251,0,175,0,0
B6_D1,1017,0,22,0,0
G1_D1,274,0,461,0,3
G1_D1,658,0,361,0,0
B6_D1,216,0,11,0,0
B4_D1,0,0,297,0,0
B10_D1,264,0,135,0,0
B10_D1,416,0,282,0,0
B6_D1,122,0,27,0,0
G1_D1,391,0,21,0,0
B2_D1,469,0,127,0,0
B10_D1,242,0,256,0,0
B10_D1,66,0,9,0,0
B10_D1,384,0,57,0,0
B6_D1,816,0,16,0,0
B6_D1,874,0,294,0,0
B6_D1,536,0,192,0,0
B10_D1,756,0,274,0,0
B10_D1,421,0,160,0,0
B4_D1,787,0,41,0,0
B8_D1,836,0,305,0,0
B10_D1,440,0,296,0,0
G1_D1,908,0,319,0,0
B10_D1,605,0,480,0,0
B8_D1,949,0,300,0,0
B10_D1,861,0,333,0,0
B6_D1,972,0,42,0,0
B6_D1,748,0,3,0,0
G1_D1,74,0,14,0,0
B8_D1,71,0,189,0,0
B6_D1,150,0,485,0,0
B10_D1,916,0,71,0,0
B2_D1,378,0,494,0,0
G1_D1,25,0,511,0,0
B6_D1,114,0,34,0,0
B6_D1,772,0,156,0,0
B10_D1,790,0,251,0,0
B10_D1,66,0,167,0,0
B10_D1,797,0,175,0,0
B10_D1,435,0,497,0,0
B10_D1,55,0,55,0,0
B2_D1,0,0,469,0,0
G1_D1,778,0,300,0,0
B6_D1,735,0,465,0,0
B8_D1,298,0,318,0,0
B6_D1,990,0,5,0,0
G1_D1,219,0,9,0,0
B10_D1,963,0,11,0,0
B6_D1,114,0,484,0,0
B6_D1,29,0,39,0,0
B6_D1,488,0,369,0,0
B6_D1,33,0,23,0,0
G1_D1,100,0,359,0,0
G1_D1,153,0,106,0,0
B6_D1,554,0,509,0,0
B2_D1,488,0,158,0,0
G1_D1,148,0,107,0,0
G1_D1,884,0,14,0,0
G1_D1,9,0,4,0,0
B4_D1,1018,0,30,0,0
B6_D1,1,0,506,0,0
G1_D1,136,0,101,0,0
G1_D1,181,0,239,0,0
B6_D1,653,0,242,0,0
B6_D1,858,0,481,0,0
B4_D1,316,0,306,0,0
G1_D1,149,0,9,0,0
G1_D1,56,0,34,0,0
G1_D1,163,0,107,0,0
B10_D1,96,0,290,0,0
B6_D1,724,0,484,0,0
B10_D1,926,0,381,0,0
B6_D1,189,0,399,0,0
B10_D1,25,0,67,0,0
B6_D1,1002,0,315,0,0
B6_D1,907,0,343,0,0
B6_D1,521,0,54,0,0
G1_D1,460,0,155,0,0
B8_D1,174,0,198,0,0
B2_D1,436,0,289,0,0
B6_D1,966,0,78,0,0
B6_D1,762,0,497,0,0
B10_D1,505,0,409,0,0
B6_D1,972,0,193,0,0
B6_D1,569,0,509,0,0
B6_D1,779,0,4,0,0
G1_D1,535,0,510,0,0
B10_D1,494,0,237,0,0
G1_D1,278,0,33,0,0
B6_D1,927,0,61,0,0
B10_D1,395,0,70,0,0
B2_D1,150,0,99,0,0
B10_D1,795,0,441,0,0
B6_D1,718,0,154,0,0
G1_D1,885,0,94,0,0
B10_D1,885,0,465,0,0
G1_D1,531,0,109,0,0
B4_D1,916,0,15,0,0
B6_D1,300,0,140,0,0
B10_D1,70,0,312,0,0
B6_D1,918,0,38,0,0
B6_D1,575,0,243,0,0
B6_D1,946,0,46,0,0
B6_D1,763,0,238,0,0
B4_D1,766,0,15,0,0
B6_D1,266,0,451,0,3
B6_D1,216,0,36,0,0
G1_D1,589,0,227,0,0
B10_D1,652,0,489,0,0
B10_D1,229,0,185,0,0
B10_D1,771,0,269,0,0
B10_D1,163,0,124,0,0
B2_D1,782,0,4,0,0
B10_D1,163,0,449,0,0
B10_D1,755,0,33,0,0
G1_D1,941,0,247,0,0
B4_D1,7,0,376,0,0
G1_D1,440,0,79,0,0
B10_D1,550,0,7,0,0
B10_D1,121,0,455,0,0
G1_D1,493,0,127,0,0
B6_D1,924,0,484,0,0
B2_D1,698,0,15,0,0
B4_D1,1023,0,319,0,0
B10_D1,291,0,0,0,0
G1_D1,9,0,160,0,0
B10_D1,18,0,186,0,0
B8_D1,722,0,192,0,0
B6_D1,494,0,29,0,0
B10_D1,763,0,1,0,0
B6_D1,711,0,419,0,0
B6_D1,654,0,424,0,0
B8_D1,208,0,344,0,0
B10_D1,654,0,494,0,0
G1_D1,709,0,20,0,0
B10_D1,141,0,164,0,0
B6_D1,398,0,172,0,0
B10_D1,917,0,260,0,0
B6_D1,127,0,262,0,0
B6_D1,682,0,502,0,0
B4_D1,782,0,248,0,0
B10_D1,40,0,134,0,0
G1_D1,18,0,140,0,0
B10_D1,637,0,284,0,0
G1_D1,260,0,162,0,0
G1_D1,189,0,137,0,0
B6_D1,541,0,11,0,0
B6_D1,170,0,282,0,0
B6_D1,833,0,55,0,0
B10_D1,434,0,244,0,0
G1_D1,754,0,3,0,0
B2_D1,733,0,223,0,0
G1_D1,985,0,139,0,0
B2_D1,787,0,113,0,0
B10_D1,107,0,292,0,0
B10_D1,92,0,202,0,0
B6_D1,28,0,179,0,0
G1_D1,719,0,4,0,0
B6_D1,533,0,38,0,0
B6_D1,331,0,6,0,0
B6_D1,795,0,150,0,0
G1_D1,788,0,193,0,0
G1_D1,461,0,15,0,0
B6_D1,683,0,498,0,0
B10_D1,340,0,31,0,0
B6_D1,69,0,295,0,0
G1_D1,948,0,276,0,0
B8_D1,178,0,113,0,0
B6_D1,39,0,197,0,0
B6_D1,691,0,491,0,0
B4_D1,780,0,224,0,0
B6_D1,803,0,3,0,0
B6_D1,896,0,427,0,0
B10_D1,988,0,217,0,0
B4_D1,291,0,126,0,0
B6_D1,497,0,449,0,10
B10_D1,797,0,30,0,0
B4_D1,622,0,35,0,0
B10_D1,1,0,293,0,0
B10_D1,124,0,165,0,0
B10_D1,725,0,403,0,0
B6_D1,874,0,191,0,0
B4_D1,461,0,221,0,0
B10_D1,804,0,98,0,0
B6_D1,734,0,96,0,0
G1_D1,410,0,140,0,0
B6_D1,402,0,293,0,0
B10_D1,97,0,289,0,0
B6_D1,512,0,2,0,0
B6_D1,207,0,507,0,0
G1_D1,9,0,292,0,0
B10_D1,2,0,16,0,0
B10_D1,256,0,420,0,0
B10_D1,156,0,157,0,0
B10_D1,178,0,240,0,0
G1_D1,94,0,40,0,0
G1_D1,52,0,77,0,0
G1_D1,985,0,120,0,0
B6_D1,807,0,91,0,0
B2_D1,460,0,286,0,0
B2_D1,999,0,212,0,0
B10_D1,0,0,423,0,0
B10_D1,204,0,231,0,0
B6_D1,3,0,53,0,0
B10_D1,21,0,66,0,0
G1_D1,45,0,189,0,0
B10_D1,145,0,330,0,0
G1_D1,619,0,115,0,0
B10_D1,143,0,352,0,0
B10_D1,93,0,4,0,0
G1_D1,752,0,248,0,0
B2_D1,757,0,225,0,0
B6_D1,990,0,45,0,0
B2_D1,560,0,481,0,0
B6_D1,359,0,210,0,0
B6_D1,182,0,502,0,0
G1_D1,375,0,237,0,0
B10_D1,156,0,9,0,0
B10_D1,368,0,229,0,0
B4_D1,443,0,16,0,0
B6_D1,907,0,113,0,0
G1_D1,764,0,5,0,0
G1_D1,1018,0,279,0,0
G1_D1,37,0,80,0,0
B10_D1,682,0,318,0,0
B10_D1,598,0,46,0,0
B10_D1,402,0,466,0,0
B2_D1,644,0,167,0,0
B10_D1,228,0,249,0,0
B10_D1,321,0,9,0,0
B6_D1,675,0,25,0,0
B6_D1,156,0,491,0,0
B6_D1,244,0,504,0,0
B10_D1,851,0,288,0,0
B10_D1,684,0,13,0,0
B6_D1,14,0,147,0,0
B4_D1,525,0,265,0,0
B6_D1,382,0,459,0,1
B6_D1,539,0,175,0,0
B2_D1,663,0,472,0,0
G1_D1,904,0,468,0,0
B10_D1,660,0,201,0,0
B6_D1,925,0,49,0,0
G1_D1,873,0,69,0,0
B10_D1,66,0,314,0,0
B8_D1,379,0,282,0,0
G1_D1,854,0,20,0,0
B10_D1,467,0,301,0,0
B10_D1,418,0,145,0,0
B10_D1,857,0,66,0,0
B10_D1,38,0,245,0,0
B6_D1,5,0,257,0,0
B6_D1,203,0,352,0,0
B6_D1,410,0,294,0,0
B10_D1,691,0,49,0,0
B10_D1,214,0,361,0,0
G1_D1,618,0,274,0,0
B6_D1,70,0,490,0,0
G1_D1,503,0,66,0,0
B6_D1,30,0,185,0,0
B10_D1,542,0,279,0,0
B6_D1,505,0,346,0,-1
B10_D1,328,0,489,0,0
G1_D1,662,0,202,0,0
B6_D1,163,0,53,0,0
B10_D1,83,0,509,0,0
B10_D1,0,0,64,0,0
G1_D1,328,0,96,0,0
B6_D1,214,0,423,0,0
B10_D1,211,0,511,0,0
G1_D1,539,0,8,0,0
B6_D1,515,0,394,0,0
B10_D1,901,0,310,0,0
B6_D1,485,0,40,0,0
B10_D1,157,0,165,0,0
B6_D1,351,0,338,0,0
B4_D1,303,0,46,0,0
B10_D1,25,0,179,0,0
B6_D1,533,0,232,0,0
B10_D1,571,0,510,0,0
G1_D1,372,0,105,0,0
B6_D1,412,0,293,0,0
B10_D1,332,0,272,0,0
B6_D1,379,0,214,0,0
B10_D1,326,0,226,0,0
B6_D1,291,0,26,0,0
B10_D1,753,0,92,0,0
B6_D1,784,0,65,0,0
G1_D1,399,0,10,0,0
B2_D1,219,0,74,0,0
B6_D1,507,0,32,0,0
B4_D1,756,0,194,0,0
B10_D1,457,0,22,0,0
B6_D1,404,0,504,0,0
B6_D1,10,0,229,0,0
B6_D1,884,0,192,0,0
G1_D1,20,0,55,0,0
B4_D1,468,0,184,0,0
B6_D1,219,0,295,0,0
G1_D1,979,0,88,0,0
G1_D1,196,0,78,0,0
B10_D1,745,0,264,0,0
G1_D1,317,0,179,0,0
G1_D1,246,0,34,0,0
G1_D1,1023,0,460,0,0
B10_D1,922,0,36,0,0
B10_D1,965,0,31,0,0
B6_D1,130,0,5,0,0
B10_D1,880,0,207,0,0
G1_D1,177,0,59,0,0
B6_D1,417,0,249,0,0
B10_D1,963,0,79,0,0
B6_D1,236,0,478,0,0
G1_D1,274,0,238,0,0
B6_D1,774,0,29,0,0
B6_D1,666,0,21,0,0
B2_D1,643,0,223,0,0
B6_D1,996,0,473,0,0
G1_D1,959,0,17,0,0
B6_D1,935,0,398,0,0
B2_D1,4,0,87,0,0
B10_D1,460,0,341,0,0
B4_D1,751,0,195,0,0
B6_D1,175,0,30,0,0
B10_D1,911,0,318,0,0
G1_D1,22,0,282,0,0
B6_D1,652,0,308,0,0
B6_D1,130,0,15,0,0
G1_D1,528,0,95,0,0
B4_D1,362,0,366,0,0
B6_D1,287,0,47,0,0
B4_D1,323,0,16,0,0
B6_D1,334,0,24,0,0
G1_D1,711,0,51,0,0
G1_D1,259,0,36,0,0
B4_D1,666,0,270,0,0
B10_D1,748,0,310,0,0
B6_D1,301,0,334,0,0
B6_D1,79,0,494,0,0
B6_D1,834,0,310,0,0
B10_D1,681,0,20,0,0
B4_D1,479,0,81,0,0
B10_D1,992,0,260,0,0
B6_D1,973,0,412,0,0
B6_D1,771,0,93,0,0
B6_D1,630,0,281,0,0
B2_D1,879,0,49,0,0
B4_D1,90,0,281,0,0
G1_D1,36,0,105,0,0
B10_D1,537,0,138,0,0
B10_D1,73,0,296,0,0
G1_D1,1015,0,213,0,0
B6_D1,191,0,398,0,0
B4_D1,438,0,186,0,0
B6_D1,317,0,237,0,0
B10_D1,198,0,159,0,0
B10_D1,970,0,49,0,0
B6_D1,535,0,178,0,0
G1_D1,28,0,179,0,0
G1_D1,495,0,486,0,0
B6_D1,170,0,236,0,0
B6_D1,949,0,24,0,0
G1_D1,994,0,83,0,0
B10_D1,811,0,3,0,0
B6_D1,376,0,381,0,0
B6_D1,651,0,26,0,0
B10_D1,10,0,74,0,0
G1_D1,238,0,122,0,0
B10_D1,887,0,362,0,0
B2_D1,298,0,390,0,-1
G1_D1,268,0,490,0,0
B6_D1,567,0,66,0,0
B4_D1,3,0,194,0,0
G1_D1,977,0,36,0,0
B10_D1,133,0,229,0,0
G1_D1,1015,0,24,0,0
B6_D1,433,0,459,0,0
B10_D1,856,0,255,0,0
B10_D1,168,0,160,0,0
G1_D1,309,0,13,0,0
B4_D1,946,0,291,0,0
B10_D1,671,0,136,0,0
B2_D1,826,0,126,0,0
B4_D1,130,0,64,0,0
B2_D1,98,0,129,0,0
B6_D1,976,0,80,0,0
B2_D1,151,0,281,0,0
B10_D1,181,0,222,0,0
B10_D1,124,0,171,0,0
B6_D1,625,0,15,0,0
G1_D1,321,0,116,0,0
G1_D1,963,0,308,0,0
B6_D1,134,0,433,0,0
B6_D1,908,0,473,0,0
B10_D1,418,0,100,0,0
B10_D1,187,0,196,0,0
B10_D1,758,0,46,0,0
B6_D1,180,0,189,0,0
B2_D1,339,0,201,0,0
B4_D1,799,0,272,0,0
B10_D1,830,0,423,0,0
B6_D1,351,0,169,0,0
B10_D1,485,0,41,0,0
B10_D1,188,0,264,0,0
B6_D1,767,0,12,0,0
B10_D1,523,0,297,0,0
B10_D1,369,0,482,0,0
B10_D1,615,0,278,0,0
B6_D1,672,0,476,0,0
B6_D1,772,0,355,0,0
B6_D1,470,0,10,0,0
B2_D1,254,0,63,0,0
B6_D1,297,0,112,0,0
G1_D1,406,0,15,0,0
B6_D1,678,0,410,0,0
G1_D1,433,0,122,0,0
B6_D1,478,0,302,0,0
B4_D1,7,0,127,0,0
B10_D1,870,0,400,0,0
B2_D1,550,0,222,0,0
B6_D1,322,0,22,0,0
B6_D1,107,0,324,0,0
G1_D1,472,0,101,0,0
B6_D1,695,0,344,0,0
B6_D1,796,0,486,0,0
G1_D1,464,0,126,0,0
B6_D1,729,0,19,0,0
B10_D1,897,0,71,0,0
B10_D1,293,0,48,0,0
B4_D1,156,0,104,0,0
G1_D1,9,0,306,0,0
B6_D1,345,0,477,0,0
G1_D1,144,0,201,0,0
B6_D1,3,0,162,0,0
B6_D1,296,0,428,0,0
B10_D1,850,0,105,0,0
B2_D1,494,0,219,0,0
G1_D1,869,0,10,0,0
B6_D1,780,0,233,0,0
B4_D1,800,0,120,0,0
B6_D1,805,0,510,0,0
B10_D1,514,0,476,0,0
G1_D1,4,0,494,0,0
B6_D1,396,0,501,0,0
B4_D1,854,0,210,0,0
B6_D1,17,0,335,0,0
B10_D1,648,0,242,0,0
B10_D1,42,0,199,0,0
G1_D1,590,0,198,0,0
B6_D1,473,0,13,0,0
B10_D1,440,0,491,0,0
B10_D1,382,0,498,0,0
B4_D1,771,0,303,0,0
B6_D1,895,0,118,0,0
B10_D1,818,0,316,0,0
B10_D1,667,0,6,0,0
G1_D1,1009,0,218,0,0
B6_D1,105,0,434,0,0
B10_D1,178,0,180,0,0
B10_D1,704,0,307,0,0
B10_D1,158,0,211,0,0
G1_D1,43,0,292,0,0
G1_D1,847,0,75,0,0
B10_D1,793,0,272,0,0
G1_D1,408,0,294,0,0
B4_D1,157,0,84,0,0
G1_D1,9,0,96,0,0
B6_D1,390,0,365,0,0
B4_D1,529,0,377,0,0
B6_D1,737,0,58,0,0
G1_D1,839,0,10,0,0
B10_D1,390,0,467,0,0
B10_D1,933,0,336,0,0
G1_D1,61,0,270,0,0
B6_D1,818,0,493,0,0
B10_D1,307,0,53,0,0
B6_D1,392,0,22,0,0
B6_D1,680,0,364,0,0
G1_D1,237,0,366,0,0
B6_D1,876,0,1,0,0
B10_D1,723,0,250,0,0
B6_D1,340,0,20,0,0
B6_D1,675,0,490,0,0
B6_D1,619,0,329,0,-1
B10_D1,187,0,40,0,0
B10_D1,521,0,151,0,0
B6_D1,551,0,41,0,0
B6_D1,199,0,471,0,0
B4_D1,145,0,43,0,0
B6_D1,821,0,31,0,0
B4_D1,1008,0,11,0,0
B6_D1,607,0,32,0,0
B2_D1,624,0,482,0,0
B10_D1,856,0,114,0,0
B10_D1,446,0,98,0,0
G1_D1,199,0,76,0,0
G1_D1,197,0,50,0,0
B6_D1,241,0,65,0,0
B10_D1,495,0,409,0,0
B6_D1,682,0,340,0,0
B6_D1,205,0,78,0,0
B10_D1,621,0,181,0,0
G1_D1,335,0,222,0,0
B2_D1,910,0,447,0,0
G1_D1,877,0,75,0,0
G1_D1,963,0,221,0,0
B6_D1,40,0,208,0,0
G1_D1,1006,0,263,0,0
B6_D1,503,0,493,0,0
B2_D1,563,0,223,0,0
B6_D1,603,0,480,0,0
B6_D1,302,0,459,0,3
B6_D1,267,0,310,0,0
G1_D1,865,0,36,0,0
B6_D1,533,0,388,0,0
B6_D1,783,0,23,0,0
B4_D1,689,0,71,0,0
B6_D1,842,0,42,0,0
B6_D1,918,0,341,0,-1
B10_D1,398,0,484,0,0
B6_D1,397,0,409,0,0
B10_D1,141,0,238,0,0
B6_D1,680,0,40,0,0
G1_D1,153,0,314,0,0
G1_D1,574,0,14,0,0
B6_D1,986,0,404,0,0
B10_D1,21,0,138,0,0
B6_D1,410,0,25,0,0
G1_D1,822,0,300,0,0
B10_D1,317,0,11,0,0
B10_D1,503,0,128,0,0
B10_D1,270,0,187,0,0
G1_D1,874,0,391,0,0
B10_D1,73,0,216,0,0
B4_D1,512,0,231,0,0
B10_D1,170,0,136,0,0
B10_D1,485,0,308,0,0
B6_D1,855,0,45,0,0
B4_D1,418,0,232,0,0
B6_D1,492,0,415,0,0
B6_D1,140,0,370,0,0
B6_D1,402,0,277,0,0
B4_D1,240,0,131,0,0
B6_D1,180,0,409,0,0
G1_D1,773,0,162,0,0
B6_D1,159,0,447,0,0
B6_D1,980,0,358,0,-1
B4_D1,496,0,247,0,0
B2_D1,558,0,153,0,0
B10_D1,627,0,256,0,0
B6_D1,674,0,442,0,0
B4_D1,987,0,43,0,0
B6_D1,1008,0,493,0,0
B10_D1,914,0,402,0,0
B10_D1,70,0,85,0,0
B10_D1,277,0,202,0,0
B4_D1,743,0,290,0,0
B10_D1,299,0,187,0,0
B10_D1,145,0,255,0,0
B10_D1,47,0,144,0,0
B6_D1,543,0,357,0,0
G1_D1,365,0,457,0,1
B10_D1,114,0,217,0,0
B4_D1,458,0,184,0,0
B10_D1,283,0,246,0,0
B10_D1,558,0,205,0,0
B6_D1,473,0,488,0,0
B4_D1,818,0,14,0,0
B6_D1,290,0,15,0,0
G1_D1,441,0,231,0,0
B6_D1,686,0,419,0,0
G1_D1,351,0,235,0,0
B10_D1,729,0,320,0,0
B2_D1,661,0,467,0,0
B6_D1,651,0,217,0,0
B6_D1,870,0,162,0,0
B10_D1,36,0,59,0,0
G1_D1,520,0,52,0,0
B2_D1,782,0,131,0,0
B10_D1,440,0,125,0,0
B2_D1,624,0,49,0,0
B10_D1,106,0,493,0,0
B10_D1,824,0,426,0,0
G1_D1,561,0,173,0,0
B10_D1,333,0,16,0,0
B6_D1,364,0,44,0,0
B10_D1,50,0,162,0,0
B6_D1,78,0,445,0,0
B6_D1,342,0,22,0,0
B6_D1,525,0,227,0,0
B10_D1,379,0,178,0,0
B10_D1,159,0,271,0,0
B6_D1,1019,0,4,0,0
B4_D1,516,0,375,0,0
B10_D1,182,0,72,0,0
B10_D1,570,0,306,0,0
B6_D1,300,0,221,0,0
B6_D1,497,0,2,0,0
B2_D1,137,0,61,0,0
B10_D1,377,0,172,0,0
B10_D1,606,0,497,0,0
B2_D1,119,0,31,0,0
B6_D1,166,0,230,0,0
B6_D1,486,0,454,0,-1
B6_D1,757,0,27,0,0
B4_D1,594,0,208,0,0
B10_D1,474,0,85,0,0
G1_D1,962,0,78,0,0
B6_D1,660,0,109,0,0
B6_D1,805,0,126,0,0
B6_D1,169,0,146,0,0
B10_D1,493,0,129,0,0
B4_D1,823,0,14,0,0
B6_D1,525,0,505,0,0
G1_D1,737,0,21,0,0
G1_D1,94,0,9,0,0
B6_D1,5,0,202,0,0
B2_D1,654,0,460,0,0
B6_D1,96,0,146,0,0
G1_D1,395,0,97,0,0
G1_D1,1016,0,310,0,0
G1_D1,182,0,60,0,0
B6_D1,687,0,487,0,0
B6_D1,456,0,332,0,0
B10_D1,985,0,54,0,0
B4_D1,363,0,367,0,0
B10_D1,748,0,74,0,0
B8_D1,157,0,202,0,0
B6_D1,962,0,138,0,0
G1_D1,1016,0,96,0,0
B10_D1,617,0,109,0,0
G1_D1,149,0,6,0,0
G1_D1,391,0,101,0,0
B10_D1,674,0,447,0,0
B10_D1,148,0,316,0,0
B10_D1,427,0,369,0,0
B6_D1,882,0,91,0,0
B6_D1,2,0,239,0,0
G1_D1,959,0,10,0,0
G1_D1,394,0,5,0,0
B6_D1,196,0,135,0,0
G1_D1,980,0,97,0,0
B10_D1,245,0,155,0,0
B10_D1,670,0,252,0,0
B4_D1,992,0,85,0,0
B10_D1,992,0,47,0,0
B6_D1,434,0,407,0,0
B6_D1,432,0,173,0,0
B6_D1,948,0,85,0,0
B10_D1,579,0,307,0,0
B10_D1,233,0,86,0,0
B6_D1,497,0,159,0,0
B2_D1,866,0,35,0,0
B10_D1,22,0,118,0,0
B2_D1,946,0,49,0,0
B4_D1,236,0,209,0,0
B6_D1,164,0,87,0,0
B10_D1,200,0,108,0,0
B6_D1,285,0,74,0,0
B6_D1,344,0,107,0,0
B2_D1,821,0,0,0,0
B10_D1,437,0,490,0,0
B4_D1,531,0,188,0,0
G1_D1,29,0,210,0,0
G1_D1,775,0,338,0,0
B10_D1,468,0,190,0,0
B6_D1,281,0,271,0,0
G1_D1,479,0,14,0,0
B4_D1,48,0,402,0,0
B10_D1,793,0,31,0,0
B6_D1,539,0,14,0,0
B6_D1,838,0,438,0,0
B10_D1,742,0,510,0,0
B6_D1,1008,0,208,0,0
B10_D1,770,0,18,0,0
B6_D1,131,0,194,0,0
B10_D1,435,0,161,0,0
G1_D1,280,0,0,0,0
B6_D1,63,0,503,0,0
B10_D1,323,0,26,0,0
B6_D1,335,0,505,0,0
B2_D1,492,0,40,0,0
G1_D1,69,0,7,0,0
G1_D1,104,0,276,0,0
B6_D1,755,0,10,0,0
B6_D1,233,0,503,0,0
G1_D1,705,0,377,0,0
B10_D1,176,0,112,0,0
B2_D1,787,0,190,0,0
B2_D1,206,0,53,0,0
B10_D1,209,0,65,0,0
B6_D1,555,0,465,0,0
B6_D1,994,0,301,0,0
B4_D1,199,0,136,0,0
B6_D1,396,0,167,0,0
B6_D1,573,0,172,0,0
B4_D1,613,0,215,0,0
B10_D1,774,0,469,0,0
B6_D1,192,0,347,0,0
G1_D1,1019,0,490,0,0
B10_D1,909,0,325,0,0
G1_D1,996,0,18,0,0
B10_D1,457,0,407,0,0
B6_D1,502,0,171,0,0
B6_D1,254,0,34,0,0
B2_D1,762,0,52,0,0
B10_D1,525,0,285,0,0
G1_D1,844,0,210,0,0
B6_D1,25,0,20,0,0
G1_D1,997,0,372,0,-1
G1_D1,22,0,509,0,0
B6_D1,851,0,6,0,0
B6_D1,137,0,269,0,0
G1_D1,985,0,377,0,-1
B6_D1,908,0,481,0,0
B6_D1,169,0,504,0,0
B10_D1,11,0,169,0,0
B6_D1,49,0,207,0,0
B6_D1,805,0,30,0,0
G1_D1,458,0,86,0,0
B6_D1,452,0,497,0,0
G1_D1,228,0,58,0,0
B6_D1,246,0,65,0,0
B6_D1,44,0,24,0,0
B8_D1,115,0,329,0,0
B2_D1,733,0,5,0,0
B10_D1,479,0,137,0,0
B6_D1,801,0,96,0,0
G1_D1,412,0,17,0,0
G1_D1,756,0,212,0,0
B10_D1,580,0,7,0,0
B10_D1,170,0,53,0,0
G1_D1,422,0,297,0,0
B10_D1,675,0,111,0,0
G1_D1,868,0,126,0,0
B8_D1,332,0,303,0,0
G1_D1,52,0,332,0,0
G1_D1,972,0,70,0,0
B6_D1,769,0,34,0,0
G1_D1,706,0,167,0,0
B6_D1,964,0,409,0,0
G1_D1,285,0,458,0,3
B6_D1,103,0,43,0,0
B6_D1,773,0,337,0,0
B2_D1,986,0,87,0,0
B10_D1,207,0,72,0,0
B6_D1,427,0,235,0,0
B6_D1,370,0,35,0,0
B6_D1,63,0,189,0,0
B4_D1,399,0,193,0,0
B6_D1,731,0,464,0,0
B4_D1,93,0,150,0,0
G1_D1,679,0,12,0,0
B6_D1,15,0,403,0,0
B6_D1,486,0,246,0,0
B6_D1,559,0,409,0,0
G1_D1,101,0,132,0,0
B10_D1,935,0,362,0,0
G1_D1,769,0,20,0,0
B6_D1,206,0,134,0,0
B6_D1,182,0,507,0,0
B6_D1,86,0,270,0,0
B6_D1,783,0,395,0,0
B6_D1,460,0,434,0,-1
B2_D1,441,0,230,0,0
B6_D1,816,0,496,0,0
B6_D1,16,0,408,0,0
B6_D1,586,0,31,0,0
B10_D1,516,0,140,0,0
B10_D1,881,0,54,0,0
B10_D1,117,0,181,0,0
B10_D1,734,0,93,0,0
B6_D1,625,0,10,0,0
B6_D1,930,0,49,0,0
B10_D1,327,0,97,0,0
B10_D1,503,0,223,0,0
G1_D1,433,0,257,0,0
B10_D1,305,0,175,0,0
B6_D1,670,0,40,0,0
G1_D1,704,0,13,0,0
G1_D1,614,0,62,0,0
B6_D1,336,0,325,0,0
G1_D1,802,0,35,0,0
B10_D1,192,0,142,0,0
B6_D1,471,0,74,0,0
B6_D1,137,0,291,0,0
B10_D1,689,0,248,0,0
B6_D1,560,0,279,0,0
B6_D1,402,0,59,0,0
B6_D1,754,0,316,0,0
B2_D1,234,0,480,0,0
B6_D1,370,0,290,0,0
B10_D1,690,0,396,0,0
G1_D1,360,0,287,0,0
G1_D1,521,0,62,0,0
B10_D1,49,0,171,0,0
B10_D1,375,0,485,0,0
G1_D1,987,0,131,0,0
B4_D1,370,0,222,0,0
B6_D1,827,0,260,0,0
B10_D1,13,0,278,0,0
B2_D1,619,0,362,0,0
B6_D1,335,0,415,0,0
B4_D1,630,0,181,0,0
B6_D1,738,0,49,0,0
B10_D1,857,0,13,0,0
B10_D1,644,0,244,0,0
B10_D1,478,0,312,0,0
B6_D1,376,0,496,0,0
B10_D1,16,0,235,0,0
B10_D1,984,0,102,0,0
B10_D1,333,0,42,0,0
G1_D1,729,0,257,0,0
B10_D1,824,0,364,0,0
B6_D1,738,0,43,0,0
G1_D1,1009,0,105,0,0
B10_D1,784,0,26,0,0
B6_D1,612,0,185,0,0
B4_D1,555,0,241,0,0
B10_D1,278,0,235,0,0
B10_D1,700,0,252,0,0
B4_D1,56,0,19,0,0
B2_D1,599,0,219,0,0
G1_D1,829,0,13,0,0
B6_D1,311,0,77,0,0
B6_D1,809,0,162,0,0
B10_D1,630,0,278,0,0
B6_D1,620,0,15,0,0
B10_D1,611,0,478,0,0
G1_D1,624,0,115,0,0
B4_D1,712,0,252,0,0
G1_D1,646,0,15,0,0
B10_D1,646,0,88,0,0
B10_D1,954,0,4,0,0
B6_D1,205,0,113,0,0
B8_D1,9,0,272,0,0
G1_D1,701,0,109,0,0
B10_D1,358,0,260,0,0
B10_D1,108,0,4,0,0
G1_D1,191,0,19,0,0
B10_D1,333,0,66,0,0
B6_D1,940,0,10,0,0
G1_D1,807,0,245,0,0
B6_D1,135,0,154,0,0
B6_D1,719,0,504,0,0
B2_D1,120,0,32,0,0
B2_D1,777,0,53,0,0
B10_D1,74,0,292,0,0
G1_D1,35,0,112,0,0
B4_D1,861,0,108,0,0
B10_D1,886,0,73,0,0
B10_D1,376,0,488,0,0
G1_D1,269,0,16,0,0
G1_D1,170,0,229,0,0
B4_D1,356,0,302,0,0
B6_D1,255,0,476,0,0
B10_D1,275,0,267,0,0
B6_D1,524,0,365,0,6
B2_D1,712,0,57,0,0
G1_D1,154,0,275,0,0
B8_D1,816,0,305,0,0
B4_D1,752,0,288,0,0
G1_D1,481,0,510,0,0
B10_D1,553,0,4,0,0
B6_D1,540,0,278,0,0
B6_D1,777,0,91,0,0
G1_D1,51,0,101,0,0
B6_D1,403,0,363,0,-1
B6_D1,771,0,425,0,0
G1_D1,240,0,118,0,0
B6_D1,38,0,56,0,0
B6_D1,420,0,490,0,0
B10_D1,740,0,49,0,0
G1_D1,670,0,268,0,0
B10_D1,31,0,259,0,0
B6_D1,854,0,494,0,0
B6_D1,935,0,279,0,0
B6_D1,209,0,458,0,0
G1_D1,865,0,0,0,0
G1_D1,185,0,508,0,0
B10_D1,216,0,511,0,0
B2_D1,889,0,511,0,0
B10_D1,665,0,276,0,0
G1_D1,519,0,104,0,0
B10_D1,225,0,163,0,0
B10_D1,208,0,109,0,0
B10_D1,214,0,333,0,0
B10_D1,118,0,120,0,0
G1_D1,911,0,1,0,0
B10_D1,996,0,496,0,0
B6_D1,841,0,63,0,0
B10_D1,617,0,362,0,0
B6_D1,361,0,506,0,0
B6_D1,685,0,500,0,0
B6_D1,599,0,162,0,0
B4_D1,155,0,199,0,0
B6_D1,156,0,41,0,0
B6_D1,815,0,485,0,0
G1_D1,24,0,79,0,0
B10_D1,734,0,12,0,0
B10_D1,960,0,470,0,0
B10_D1,919,0,217,0,0
B6_D1,631,0,496,0,0
B6_D1,509,0,160,0,0
B4_D1,790,0,85,0,0
B10_D1,86,0,24,0,0
B10_D1,232,0,234,0,0
B6_D1,74,0,494,0,0
B10_D1,211,0,342,0,0
B10_D1,702,0,400,0,0
B10_D1,17,0,390,0,0
B10_D1,504,0,475,0,0
B2_D1,619,0,163,0,0
B10_D1,524,0,12,0,0
B10_D1,525,0,219,0,0
B10_D1,29,0,122,0,0
G1_D1,56,0,104,0,0
B6_D1,238,0,452,0,0
B8_D1,553,0,290,0,0
B6_D1,67,0,386,0,0
G1_D1,10,0,241,0,0
G1_D1,765,0,231,0,0
B6_D1,307,0,263,0,0
B10_D1,637,0,476,0,0
B6_D1,495,0,394,0,0
G1_D1,561,0,121,0,0
B4_D1,492,0,248,0,0
B6_D1,28,0,269,0,0
B6_D1,262,0,170,0,0
B4_D1,494,0,372,0,0
B10_D1,177,0,223,0,0
B2_D1,142,0,177,0,0
B6_D1,44,0,34,0,0
G1_D1,1007,0,220,0,0
B6_D1,679,0,263,0,0
B6_D1,638,0,18,0,0
B2_D1,790,0,360,0,0
B6_D1,239,0,471,0,0
B2_D1,244,0,485,0,0
B10_D1,525,0,243,0,0
G1_D1,55,0,253,0,0
B6_D1,1008,0,398,0,0
G1_D1,201,0,237,0,0
B6_D1,843,0,8,0,0
G1_D1,734,0,250,0,0
B10_D1,617,0,21,0,0
B6_D1,811,0,56,0,0
B6_D1,181,0,83,0,0
B6_D1,505,0,326,0,0
B10_D1,375,0,7,0,0
G1_D1,194,0,344,0,0
G1_D1,181,0,26,0,0
G1_D1,434,0,16,0,0
B6_D1,778,0,435,0,0
G1_D1,36,0,510,0,0
B10_D1,515,0,285,0,0
G1_D1,784,0,10,0,0
B6_D1,827,0,142,0,0
G1_D1,720,0,310,0,0
B6_D1,80,0,485,0,0
B6_D1,395,0,505,0,0
B6_D1,699,0,453,0,0
G1_D1,380,0,24,0,0
B6_D1,373,0,8,0,0
B10_D1,186,0,261,0,0
B2_D1,421,0,158,0,0
G1_D1,751,0,55,0,0
B10_D1,874,0,263,0,0
G1_D1,425,0,370,0,0
B6_D1,46,0,46,0,0
G1_D1,604,0,143,0,0
B6_D1,352,0,2,0,0
B8_D1,821,0,305,0,0
B6_D1,874,0,310,0,0
B6_D1,439,0,499,0,0
B10_D1,600,0,480,0,0
B10_D1,583,0,92,0,0
B10_D1,639,0,298,0,0
B6_D1,205,0,74,0,0
B6_D1,145,0,278,0,0
B6_D1,748,0,324,0,0
B6_D1,866,0,11,0,0
B6_D1,599,0,391,0,0
B4_D1,462,0,422,0,0
G1_D1,59,0,267,0,0
B2_D1,546,0,121,0,0
G1_D1,1014,0,23,0,0
B10_D1,328,0,4,0,0
B2_D1,863,0,81,0,0
B6_D1,392,0,32,0,0
B6_D1,830,0,5,0,0
B10_D1,460,0,116,0,0
B2_D1,0,0,226,0,0
B10_D1,153,0,104,0,0
B4_D1,780,0,85,0,0
B10_D1,215,0,337,0,0
G1_D1,577,0,236,0,0
G1_D1,978,0,49,0,0
B6_D1,584,0,391,0,0
B10_D1,351,0,240,0,0
B6_D1,78,0,380,0,0
B10_D1,153,0,321,0,0
B6_D1,925,0,118,0,0
B8_D1,28,0,197,0,0
B10_D1,141,0,323,0,0
G1_D1,28,0,253,0,0
B4_D1,73,0,311,0,0
G1_D1,244,0,25,0,0
B10_D1,526,0,19,0,0
B6_D1,5,0,150,0,0
B10_D1,865,0,207,0,0
B6_D1,410,0,100,0,0
B6_D1,23,0,13,0,0
B6_D1,584,0,286,0,0
B6_D1,902,0,400,0,0
B6_D1,980,0,40,0,0
B4_D1,58,0,305,0,0
B2_D1,295,0,492,0,0
B6_D1,883,0,183,0,0
B4_D1,729,0,275,0,0
B6_D1,890,0,100,0,0
G1_D1,909,0,109,0,0
B10_D1,609,0,356,0,0
B10_D1,252,0,166,0,0
B6_D1,72,0,324,0,0
B6_D1,40,0,96,0,0
G1_D1,932,0,22,0,0
B6_D1,162,0,345,0,0
G1_D1,841,0,168,0,0
B4_D1,798,0,213,0,0
B10_D1,413,0,497,0,0
B10_D1,469,0,192,0,0
B10_D1,583,0,259,0,0
B6_D1,587,0,320,0,0
B4_D1,747,0,215,0,0
B10_D1,66,0,149,0,0
G1_D1,188,0,275,0,0
B10_D1,874,0,335,0,0
G1_D1,293,0,270,0,0
B6_D1,814,0,423,0,0
B6_D1,843,0,3,0,0
B6_D1,799,0,24,0,0
G1_D1,255,0,357,0,0
G1_D1,43,0,44,0,0
B6_D1,330,0,140,0,0
B4_D1,244,0,210,0,0
G1_D1,104,0,195,0,0
G1_D1,994,0,34,0,0
B10_D1,513,0,254,0,0
B10_D1,653,0,153,0,0
B2_D1,523,0,158,0,0
B10_D1,415,0,262,0,0
G1_D1,41,0,64,0,0
B4_D1,756,0,193,0,0
B10_D1,195,0,252,0,0
B10_D1,336,0,46,0,0
B6_D1,150,0,337,0,0
B10_D1,502,0,213,0,0
B8_D1,144,0,205,0,0
G1_D1,426,0,510,0,0
G1_D1,774,0,63,0,0
B2_D1,552,0,101,0,0
B6_D1,853,0,481,0,0
B10_D1,905,0,390,0,0
B4_D1,74,0,84,0,0
B6_D1,72,0,124,0,0
B6_D1,783,0,49,0,0
B6_D1,227,0,47,0,0
B6_D1,612,0,338,0,0
B2_D1,100,0,81,0,0
B4_D1,158,0,144,0,0
G1_D1,120,0,200,0,0
B4_D1,674,0,277,0,0
B6_D1,969,0,407,0,0
G1_D1,295,0,176,0,0
B6_D1,479,0,44,0,0
B2_D1,902,0,86,0,0
B10_D1,224,0,290,0,0
B4_D1,78,0,80,0,0
B6_D1,680,0,126,0,0
B10_D1,412,0,226,0,0
B10_D1,825,0,247,0,0
B8_D1,94,0,330,0,0
B6_D1,141,0,491,0,0
B10_D1,920,0,26,0,0
B2_D1,767,0,132,0,0
B6_D1,82,0,381,0,0
B6_D1,991,0,306,0,0
B10_D1,611,0,158,0,0
B10_D1,296,0,265,0,0
G1_D1,24,0,267,0,0
B6_D1,523,0,382,0,0
G1_D1,246,0,80,0,0
B6_D1,734,0,44,0,0
B2_D1,746,0,284,0,0
B10_D1,193,0,195,0,0
B6_D1,886,0,486,0,0
B6_D1,839,0,14,0,0
B6_D1,267,0,37,0,0
B6_D1,972,0,37,0,0
B6_D1,113,0,313,0,0
G1_D1,645,0,510,0,0
G1_D1,85,0,47,0,0
B6_D1,985,0,431,0,0
B6_D1,711,0,402,0,0
B2_D1,436,0,158,0,0
B6_D1,310,0,402,0,0
B6_D1,444,0,327,0,0
B6_D1,187,0,22,0,0
G1_D1,986,0,84,0,0
B10_D1,1023,0,97,0,0
B10_D1,320,0,90,0,0
B10_D1,330,0,86,0,0
B6_D1,121,0,149,0,0
G1_D1,633,0,60,0,0
G1_D1,933,0,54,0,0
B6_D1,758,0,465,0,0
B6_D1,739,0,241,0,0
B2_D1,762,0,78,0,0
B6_D1,71,0,327,0,0
B10_D1,211,0,121,0,0
B6_D1,795,0,25,0,0
B4_D1,1020,0,41,0,0
B10_D1,128,0,503,0,0
G1_D1,471,0,193,0,0
B10_D1,373,0,226,0,0
B10_D1,113,0,106,0,0
B4_D1,253,0,265,0,0
B6_D1,786,0,393,0,0
B10_D1,347,0,242,0,0
B10_D1,372,0,173,0,0
G1_D1,923,0,66,0,0
G1_D1,577,0,81,0,0
B6_D1,239,0,14,0,0
B6_D1,146,0,172,0,0
B10_D1,28,0,142,0,0
B10_D1,304,0,240,0,0
B6_D1,177,0,97,0,0
B4_D1,3,0,106,0,0
B6_D1,661,0,451,0,0
B6_D1,568,0,183,0,0
G1_D1,225,0,188,0,0
B10_D1,379,0,274,0,0
B6_D1,55,0,411,0,0
B6_D1,443,0,503,0,0
G1_D1,565,0,232,0,0
B10_D1,486,0,91,0,0
B6_D1,934,0,24,0,0
B8_D1,178,0,111,0,0
B4_D1,795,0,85,0,0
B6_D1,368,0,508,0,0
B6_D1,323,0,18,0,0
B10_D1,402,0,340,0,0
B10_D1,593,0,143,0,0
B6_D1,71,0,26,0,0
G1_D1,695,0,258,0,0
B6_D1,150,0,209,0,0
B6_D1,359,0,34,0,0
B6_D1,554,0,263,0,0
B10_D1,385,0,476,0,0
B10_D1,9,0,273,0,0
B10_D1,176,0,422,0,0
B10_D1,11,0,207,0,0
G1_D1,761,0,112,0,0
G1_D1,371,0,510,0,0
B10_D1,101,0,473,0,0
G1_D1,64,0,385,0,0
B10_D1,755,0,251,0,0
G1_D1,24,0,6,0,0
B2_D1,542,0,27,0,0
B10_D1,236,0,297,0,0
G1_D1,415,0,99,0,0
B6_D1,13,0,398,0,0
B10_D1,948,0,12,0,0
B10_D1,314,0,221,0,0
B10_D1,284,0,200,0,0
B6_D1,902,0,90,0,0
B10_D1,741,0,350,0,0
B6_D1,945,0,216,0,0
G1_D1,743,0,117,0,0
B2_D1,138,0,49,0,0
B10_D1,632,0,243,0,0
B10_D1,665,0,33,0,0
B10_D1,136,0,384,0,0
B10_D1,6,0,60,0,0
B10_D1,543,0,64,0,0
B6_D1,634,0,449,0,0
B10_D1,963,0,469,0,0
G1_D1,391,0,23,0,0
B10_D1,128,0,509,0,0
B10_D1,400,0,409,0,0
B10_D1,822,0,23,0,0
G1_D1,409,0,10,0,0
B4_D1,58,0,18,0,0
B10_D1,236,0,71,0,0
B6_D1,240,0,121,0,0
B8_D1,752,0,204,0,0
G1_D1,826,0,95,0,0
B6_D1,81,0,48,0,0
B6_D1,875,0,150,0,0
B6_D1,760,0,274,0,0
B6_D1,668,0,306,0,0
B2_D1,811,0,279,0,0
B4_D1,5,0,381,0,0
B10_D1,221,0,318,0,0
B6_D1,167,0,242,0,0
B6_D1,394,0,4,0,0
B6_D1,215,0,476,0,0
B2_D1,859,0,79,0,0
B6_D1,554,0,280,0,0
B10_D1,446,0,313,0,0
G1_D1,727,0,277,0,0
B6_D1,955,0,25,0,0
B10_D1,231,0,308,0,0
G1_D1,549,0,220,0,0
B6_D1,815,0,236,0,0
B2_D1,703,0,142,0,0
B10_D1,847,0,87,0,0
B6_D1,872,0,2,0,0
B10_D1,642,0,464,0,0
B6_D1,230,0,194,0,0
B6_D1,875,0,139,0,0
B10_D1,391,0,101,0,0
B10_D1,227,0,12,0,0
B4_D1,668,0,71,0,0
B10_D1,14,0,120,0,0
B6_D1,194,0,407,0,0
G1_D1,139,0,16,0,0
B10_D1,854,0,31,0,0
B10_D1,232,0,214,0,0
B6_D1,816,0,81,0,0
B6_D1,322,0,229,0,0
G1_D1,640,0,510,0,0
B10_D1,617,0,225,0,0
B8_D1,1022,0,397,0,0
B10_D1,505,0,96,0,0
B10_D1,39,0,260,0,0
B8_D1,160,0,55,0,0
B10_D1,524,0,144,0,0
B8_D1,158,0,57,0,0
B10_D1,689,0,281,0,0
G1_D1,17,0,185,0,0
G1_D1,922,0,290,0,0
B4_D1,890,0,252,0,0
B10_D1,869,0,335,0,0
B10_D1,352,0,27,0,0
B4_D1,559,0,392,0,0
B6_D1,453,0,276,0,0
B10_D1,405,0,200,0,0
B6_D1,414,0,255,0,0
B6_D1,137,0,309,0,0
B6_D1,379,0,155,0,0
B6_D1,140,0,284,0,0
B4_D1,581,0,214,0,0
B4_D1,413,0,232,0,0
B6_D1,516,0,268,0,0
B6_D1,721,0,357,0,0
B10_D1,903,0,1,0,0
B6_D1,142,0,290,0,0
B10_D1,309,0,54,0,0
B4_D1,251,0,207,0,0
B6_D1,842,0,203,0,0
B6_D1,634,0,312,0,0
B10_D1,622,0,256,0,0
B10_D1,540,0,17,0,0
G1_D1,403,0,200,0,0
G1_D1,16,0,319,0,0
G1_D1,721,0,46,0,0
B6_D1,678,0,159,0,0
B6_D1,469,0,499,0,0
G1_D1,888,0,66,0,0
B10_D1,620,0,180,0,0
B8_D1,1022,0,23,0,0
B4_D1,3,0,441,0,0
B6_D1,838,0,134,0,0
B6_D1,814,0,384,0,0
B4_D1,55,0,123,0,0
B4_D1,6,0,368,0,0
B6_D1,815,0,95,0,0
B4_D1,28,0,18,0,0
G1_D1,464,0,60,0,0
B6_D1,792,0,507,0,0
B8_D1,44,0,274,0,0
B6_D1,807,0,146,0,0
B2_D1,459,0,487,0,0
B6_D1,575,0,179,0,0
B8_D1,132,0,210,0,0
B2_D1,208,0,59,0,0
B6_D1,946,0,224,0,0
B4_D1,211,0,355,0,0
G1_D1,59,0,79,0,0
B10_D1,350,0,40,0,0
B6_D1,657,0,58,0,0
B10_D1,735,0,463,0,0
B10_D1,373,0,497,0,0
B10_D1,8,0,286,0,0
B10_D1,489,0,118,0,0
B10_D1,698,0,272,0,0
G1_D1,139,0,219,0,0
B6_D1,991,0,78,0,0
B6_D1,38,0,164,0,0
G1_D1,538,0,256,0,0
G1_D1,31,0,144,0,0
B10_D1,237,0,185,0,0
B4_D1,63,0,289,0,0
B10_D1,935,0,51,0,0
B2_D1,483,0,158,0,0
B6_D1,39,0,499,0,0
B10_D1,419,0,271,0,0
B6_D1,468,0,369,0,0
B6_D1,631,0,194,0,0
B6_D1,738,0,57,0,0
B2_D1,346,0,510,0,0
B6_D1,896,0,236,0,0
B4_D1,882,0,238,0,0
G1_D1,667,0,18,0,0
B6_D1,700,0,433,0,0
B10_D1,657,0,233,0,0
B10_D1,392,0,486,0,0
B10_D1,145,0,186,0,0
B2_D1,896,0,456,0,0
B10_D1,611,0,196,0,0
B10_D1,53,0,159,0,0
G1_D1,998,0,61,0,0
B6_D1,753,0,450,0,0
B6_D1,221,0,381,0,0
B2_D1,630,0,475,0,0
B6_D1,661,0,1,0,0
B10_D1,941,0,75,0,0
B6_D1,109,0,99,0,0
B10_D1,753,0,250,0,0
B6_D1,51,0,506,0,0
B6_D1,743,0,105,0,0
B6_D1,197,0,362,0,0
G1_D1,338,0,96,0,0
B6_D1,589,0,263,0,0
G1_D1,866,0,15,0,0
B6_D1,275,0,477,0,0
B4_D1,45,0,1,0,0
B6_D1,357,0,461,0,1
G1_D1,1019,0,115,0,0
B4_D1,121,0,30,0,0
B6_D1,3,0,285,0,0
B6_D1,823,0,456,0,0
B6_D1,213,0,194,0,0
B6_D1,28,0,191,0,0
B8_D1,80,0,230,0,-1
B6_D1,753,0,75,0,0
B10_D1,754,0,324,0,0
B10_D1,282,0,258,0,0
B10_D1,597,0,217,0,0
B6_D1,379,0,192,0,0
B4_D1,956,0,57,0,0
B10_D1,968,0,233,0,0
B6_D1,769,0,236,0,0
B6_D1,669,0,130,0,0
G1_D1,206,0,449,0,0
B6_D1,351,0,153,0,0
G1_D1,797,0,192,0,0
B6_D1,503,0,423,0,5
B6_D1,265,0,269,0,0
G1_D1,554,0,9,0,0
B6_D1,141,0,286,0,0
B10_D1,921,0,18,0,0
G1_D1,744,0,9,0,0
B10_D1,333,0,4,0,0
B10_D1,28,0,225,0,0
B4_D1,699,0,71,0,0
B2_D1,138,0,447,0,0
B4_D1,630,0,182,0,0
B6_D1,352,0,47,0,0
B10_D1,627,0,416,0,0
B6_D1,420,0,45,0,0
G1_D1,748,0,207,0,0
B2_D1,747,0,74,0,0
B6_D1,608,0,306,0,0
B10_D1,603,0,32,0,0
G1_D1,575,0,231,0,0
B4_D1,254,0,293,0,0
G1_D1,365,0,119,0,0
B6_D1,73,0,387,0,0
B4_D1,0,0,394,0,0
B10_D1,151,0,511,0,0
B10_D1,337,0,147,0,0
B6_D1,908,0,367,0,-1
G1_D1,372,0,18,0,0
B2_D1,732,0,72,0,0
G1_D1,757,0,73,0,0
B6_D1,502,0,173,0,0
G1_D1,38,0,130,0,0
B6_D1,709,0,188,0,0
B6_D1,972,0,138,0,0
B2_D1,996,0,289,0,0
B6_D1,490,0,393,0,0
B10_D1,612,0,284,0,0
B10_D1,85,0,87,0,0
G1_D1,55,0,335,0,0
B6_D1,113,0,393,0,0
B6_D1,54,0,176,0,0
B6_D1,4,0,216,0,0
B4_D1,502,0,246,0,0
B6_D1,1,0,153,0,0
G1_D1,844,0,34,0,0
B10_D1,596,0,196,0,0
B6_D1,135,0,490,0,0
B4_D1,635,0,234,0,0
B10_D1,565,0,87,0,0
B10_D1,371,0,28,0,0
B6_D1,475,0,110,0,0
B10_D1,289,0,197,0,0
G1_D1,312,0,468,0,3
B10_D1,885,0,236,0,0
B10_D1,327,0,30,0,0
B10_D1,448,0,230,0,0
B10_D1,135,0,274,0,0
B6_D1,18,0,480,0,0
G1_D1,297,0,60,0,0
B6_D1,245,0,35,0,0
G1_D1,344,0,150,0,0
G1_D1,769,0,17,0,0
B10_D1,161,0,83,0,0
G1_D1,471,0,243,0,0
B10_D1,278,0,302,0,0
B6_D1,685,0,430,0,0
G1_D1,203,0,177,0,0
G1_D1,246,0,68,0,0
G1_D1,276,0,396,0,0
B6_D1,55,0,221,0,0
B10_D1,1019,0,45,0,0
B6_D1,255,0,51,0,0
B10_D1,592,0,142,0,0
G1_D1,177,0,60,0,0
B6_D1,0,0,424,0,0
B6_D1,155,0,122,0,0
B2_D1,145,0,33,0,0
B6_D1,193,0,369,0,0
B6_D1,156,0,506,0,0
B10_D1,298,0,80,0,0
B10_D1,660,0,264,0,0
B6_D1,265,0,477,0,0
B6_D1,848,0,349,0,0
B2_D1,825,0,465,0,-1
B8_D1,681,0,251,0,0
B6_D1,314,0,39,0,0
B6_D1,605,0,202,0,0
B6_D1,98,0,126,0,0
G1_D1,418,0,114,0,0
B6_D1,112,0,422,0,0
B4_D1,7,0,380,0,0
G1_D1,207,0,114,0,0
B6_D1,343,0,357,0,0
B10_D1,400,0,69,0,0
B2_D1,287,0,199,0,0
B10_D1,330,0,218,0,0
B10_D1,161,0,208,0,0
B10_D1,317,0,6,0,0
B2_D1,552,0,28,0,0
B2_D1,643,0,288,0,0
B6_D1,491,0,478,0,0
B10_D1,994,0,251,0,0
B6_D1,983,0,399,0,0
B6_D1,962,0,32,0,0
B6_D1,103,0,23,0,0
B10_D1,638,0,495,0,0
G1_D1,59,0,399,0,0
B6_D1,229,0,127,0,0
B10_D1,259,0,210,0,0
B10_D1,451,0,83,0,0
B4_D1,638,0,305,0,0
G1_D1,376,0,278,0,0
G1_D1,20,0,112,0,0
G1_D1,627,0,458,0,0
G1_D1,543,0,97,0,0
B4_D1,726,0,205,0,0
B6_D1,563,0,304,0,0
B6_D1,884,0,149,0,0
B10_D1,74,0,123,0,0
B6_D1,900,0,505,0,0
B6_D1,769,0,14,0,0
B10_D1,381,0,0,0,0
B2_D1,714,0,511,0,0
B10_D1,286,0,244,0,0
B6_D1,867,0,47,0,0
B4_D1,7,0,288,0,0
B10_D1,999,0,353,0,-1
B10_D1,510,0,88,0,0
B10_D1,920,0,319,0,0
B2_D1,464,0,482,0,0
B6_D1,723,0,33,0,0
B6_D1,943,0,23,0,0
G1_D1,1006,0,168,0,0
G1_D1,901,0,247,0,0
B10_D1,270,0,55,0,0
B6_D1,428,0,322,0,0
B10_D1,89,0,10,0,0
B2_D1,240,0,67,0,0
B6_D1,942,0,343,0,0
B6_D1,862,0,335,0,0
B10_D1,333,0,83,0,0
B6_D1,556,0,11,0,0
B6_D1,110,0,30,0,0
B10_D1,997,0,245,0,0
G1_D1,208,0,454,0,0
B10_D1,465,0,309,0,0
B6_D1,272,0,179,0,0
B6_D1,118,0,373,0,0
B6_D1,824,0,191,0,0
B6_D1,118,0,8,0,0
G1_D1,781,0,306,0,0
B6_D1,431,0,357,0,0
B6_D1,636,0,41,0,0
B6_D1,807,0,260,0,0
B6_D1,360,0,30,0,0
B10_D1,525,0,409,0,0
B6_D1,21,0,263,0,0
B10_D1,410,0,129,0,0
G1_D1,13,0,44,0,0
B4_D1,411,0,193,0,0
B6_D1,254,0,39,0,0
B4_D1,549,0,385,0,0
G1_D1,865,0,124,0,0
G1_D1,421,0,19,0,0
B10_D1,328,0,235,0,0
B10_D1,708,0,421,0,0
B2_D1,775,0,51,0,0
B2_D1,699,0,85,0,0
B6_D1,1021,0,26,0,0
B10_D1,916,0,81,0,0
B6_D1,815,0,88,0,0
G1_D1,325,0,480,0,0
B10_D1,906,0,10,0,0
G1_D1,15,0,45,0,0
B10_D1,739,0,165,0,0
G1_D1,1007,0,300,0,0
B4_D1,785,0,83,0,0
B10_D1,242,0,2,0,0
G1_D1,871,0,212,0,0
G1_D1,195,0,33,0,0
B6_D1,655,0,510,0,0
B6_D1,971,0,126,0,0
B6_D1,419,0,19,0,0
B8_D1,847,0,304,0,0
B10_D1,71,0,142,0,0
B10_D1,136,0,113,0,0
B10_D1,321,0,79,0,0
G1_D1,455,0,123,0,0
B10_D1,739,0,313,0,0
G1_D1,1013,0,212,0,0
G1_D1,911,0,236,0,0
B10_D1,578,0,308,0,0
G1_D1,537,0,255,0,0
G1_D1,440,0,228,0,0
B6_D1,952,0,329,0,-1
B2_D1,623,0,223,0,0
B8_D1,209,0,345,0,0
B10_D1,742,0,464,0,0
B6_D1,434,0,29,0,0
B6_D1,676,0,450,0,0
B10_D1,636,0,64,0,0
B10_D1,727,0,336,0,0
B10_D1,515,0,471,0,0
B2_D1,233,0,202,0,0
B10_D1,349,0,82,0,0
B6_D1,847,0,348,0,0
B6_D1,432,0,502,0,0
B6_D1,603,0,229,0,0
B6_D1,130,0,300,0,0
B10_D1,872,0,464,0,0
B4_D1,3,0,268,0,0
B10_D1,467,0,299,0,0
B6_D1,870,0,110,0,0
B10_D1,730,0,97,0,0
G1_D1,1000,0,161,0,0
B6_D1,592,0,2,0,0
G1_D1,375,0,187,0,0
B6_D1,852,0,267,0,0
B10_D1,790,0,451,0,0
B10_D1,842,0,241,0,0
B6_D1,1012,0,211,0,0
B4_D1,852,0,34,0,0
B6_D1,241,0,496,0,0
G1_D1,503,0,484,0,0
B10_D1,967,0,75,0,0
B4_D1,5,0,509,0,0
B6_D1,533,0,166,0,0
B10_D1,825,0,428,0,0
B10_D1,575,0,478,0,0
B10_D1,688,0,418,0,0
B6_D1,319,0,509,0,0
B10_D1,398,0,231,0,0
B10_D1,917,0,317,0,0
B6_D1,422,0,482,0,0
B10_D1,386,0,505,0,0
B10_D1,717,0,315,0,0
B6_D1,309,0,494,0,0
B10_D1,671,0,107,0,0
B10_D1,545,0,63,0,0
B6_D1,894,0,52,0,0
G1_D1,675,0,172,0,0
B2_D1,149,0,301,0,0
B10_D1,318,0,27,0,0
B10_D1,325,0,80,0,0
B6_D1,542,0,66,0,0
G1_D1,831,0,15,0,0
B10_D1,169,0,58,0,0
B10_D1,983,0,22,0,0
B2_D1,951,0,62,0,0
B6_D1,1019,0,256,0,0
B10_D1,37,0,23,0,0
B10_D1,1,0,379,0,0
B2_D1,850,0,370,0,0
B6_D1,578,0,464,0,0
B2_D1,817,0,55,0,0
B6_D1,776,0,461,0,0
B10_D1,158,0,221,0,0
G1_D1,774,0,257,0,0
B10_D1,253,0,100,0,-1
B2_D1,338,0,178,0,0
B4_D1,819,0,58,0,0
G1_D1,741,0,87,0,0
B6_D1,30,0,176,0,0
B6_D1,882,0,340,0,0
B6_D1,6,0,389,0,0
B6_D1,73,0,3,0,0
B2_D1,377,0,280,0,0
B6_D1,693,0,43,0,0
B8_D1,408,0,194,0,0
B4_D1,6,0,413,0,0
G1_D1,632,0,297,0,0
B2_D1,512,0,484,0,0
B6_D1,999,0,134,0,0
G1_D1,681,0,60,0,0
B6_D1,864,0,24,0,0
B6_D1,902,0,209,0,0
B6_D1,459,0,34,0,0
G1_D1,379,0,7,0,0
B6_D1,875,0,141,0,0
B6_D1,301,0,41,0,0
B8_D1,435,0,198,0,0
B6_D1,434,0,324,0,0
B4_D1,404,0,191,0,0
B10_D1,695,0,328,0,0
B6_D1,852,0,27,0,0
B8_D1,76,0,189,0,0
B10_D1,470,0,495,0,0
B4_D1,169,0,204,0,0
B6_D1,886,0,412,0,-1
B10_D1,641,0,468,0,0
B6_D1,52,0,497,0,0
B6_D1,391,0,193,0,0
G1_D1,977,0,290,0,0
B6_D1,592,0,502,0,0
G1_D1,30,0,489,0,0
B4_D1,34,0,168,0,0
B10_D1,5,0,183,0,0
B6_D1,405,0,119,0,0
G1_D1,941,0,492,0,0
G1_D1,363,0,42,0,0
B10_D1,86,0,93,0,0
B10_D1,52,0,46,0,0
B6_D1,968,0,296,0,0
B6_D1,810,0,390,0,0
G1_D1,614,0,279,0,0
G1_D1,930,0,218,0,0
B10_D1,297,0,279,0,0
B10_D1,633,0,242,0,0
B2_D1,827,0,65,0,0
G1_D1,495,0,216,0,0
B6_D1,263,0,49,0,0
B6_D1,542,0,12,0,0
B6_D1,744,0,509,0,0
B6_D1,947,0,199,0,-1
B6_D1,71,0,472,0,0
B10_D1,783,0,449,0,0
B10_D1,595,0,483,0,0
B6_D1,638,0,365,0,0
B10_D1,64,0,135,0,0
B6_D1,681,0,491,0,0
B6_D1,670,0,35,0,0
G1_D1,39,0,262,0,0
B6_D1,271,0,381,0,0
B6_D1,196,0,237,0,0
B10_D1,446,0,111,0,0
B6_D1,600,0,344,0,0
B10_D1,534,0,99,0,0
G1_D1,174,0,7,0,0
B10_D1,223,0,400,0,0
B4_D1,733,0,14,0,0
G1_D1,31,0,133,0,0
B10_D1,236,0,342,0,0
B4_D1,102,0,1,0,0
B6_D1,960,0,167,0,0
B6_D1,7,0,93,0,0
B4_D1,1008,0,14,0,0
B6_D1,924,0,126,0,0
B6_D1,377,0,382,0,0
B6_D1,694,0,232,0,0
G1_D1,694,0,5,0,0
B6_D1,569,0,163,0,0
G1_D1,944,0,13,0,0
B6_D1,604,0,354,0,0
B10_D1,786,0,332,0,0
B10_D1,539,0,124,0,0
B10_D1,312,0,272,0,0
G1_D1,658,0,43,0,0
B6_D1,778,0,117,0,0
B6_D1,967,0,292,0,0
B4_D1,687,0,51,0,0
G1_D1,998,0,114,0,0
G1_D1,1007,0,64,0,0
B6_D1,770,0,88,0,0
B10_D1,610,0,349,0,0
B6_D1,979,0,29,0,0
B2_D1,741,0,283,0,0
B6_D1,893,0,264,0,0
B4_D1,542,0,412,0,0
B6_D1,925,0,266,0,0
B2_D1,785,0,360,0,0
B8_D1,373,0,287,0,0
B2_D1,927,0,44,0,0
B10_D1,194,0,64,0,0
B4_D1,335,0,343,0,0
B10_D1,1017,0,12,0,0
B6_D1,261,0,491,0,0
B4_D1,306,0,213,0,0
B6_D1,695,0,60,0,0
B6_D1,691,0,190,0,0
B6_D1,683,0,198,0,0
G1_D1,567,0,39,0,0
B10_D1,56,0,310,0,0
B10_D1,757,0,70,0,0
B6_D1,85,0,421,0,0
B6_D1,576,0,1,0,0
B6_D1,361,0,138,0,0
B10_D1,962,0,268,0,0
B8_D1,769,0,227,0,0
B6_D1,351,0,26,0,0
B10_D1,935,0,331,0,0
B6_D1,695,0,500,0,0
G1_D1,381,0,278,0,0
B10_D1,178,0,195,0,0
B10_D1,20,0,64,0,0
B10_D1,309,0,270,0,0
B6_D1,555,0,186,0,0
B6_D1,682,0,12,0,0
B6_D1,483,0,302,0,0
B2_D1,159,0,132,0,0
B6_D1,105,0,50,0,0
B10_D1,559,0,408,0,0
G1_D1,978,0,213,0,0
B10_D1,879,0,125,0,0
B6_D1,141,0,207,0,0
B4_D1,210,0,49,0,0
B10_D1,457,0,16,0,0
G1_D1,434,0,121,0,0
B2_D1,823,0,259,0,0
B10_D1,429,0,335,0,0
B6_D1,539,0,384,0,0
B6_D1,162,0,165,0,0
G1_D1,768,0,37,0,0
B2_D1,979,0,122,0,0
B10_D1,114,0,172,0,0
B2_D1,171,0,511,0,0
B6_D1,369,0,155,0,0
B10_D1,150,0,441,0,0
B6_D1,418,0,508,0,0
B6_D1,820,0,392,0,0
G1_D1,354,0,5,0,0
G1_D1,151,0,19,0,0
B10_D1,939,0,54,0,0
B4_D1,945,0,29,0,0
B10_D1,550,0,292,0,0
B10_D1,516,0,115,0,0
B6_D1,254,0,193,0,0
G1_D1,1011,0,274,0,0
G1_D1,311,0,31,0,0
B6_D1,475,0,281,0,0
B4_D1,882,0,149,0,0
G1_D1,953,0,270,0,0
G1_D1,896,0,15,0,0
G1_D1,133,0,382,0,0
B6_D1,551,0,26,0,0
G1_D1,617,0,474,0,0
B4_D1,5,0,464,0,0
B10_D1,903,0,40,0,0
G1_D1,824,0,10,0,0
B6_D1,393,0,70,0,0
B10_D1,368,0,170,0,0
B6_D1,421,0,388,0,0
B6_D1,454,0,4,0,0
B10_D1,410,0,103,0,0
B10_D1,285,0,199,0,0
B6_D1,16,0,411,0,0
B10_D1,482,0,334,0,0
B10_D1,773,0,478,0,0
G1_D1,883,0,116,0,0
B6_D1,155,0,510,0,0
B6_D1,744,0,267,0,0
B8_D1,669,0,309,0,0
B10_D1,339,0,97,0,0
B2_D1,296,0,488,0,0
B6_D1,542,0,295,0,0
G1_D1,466,0,1,0,0
B6_D1,885,0,425,0,0
G1_D1,632,0,474,0,0
G1_D1,497,0,217,0,0
B10_D1,601,0,322,0,0
G1_D1,3,0,451,0,0
B10_D1,611,0,499,0,0
B2_D1,771,0,233,0,0
B6_D1,910,0,429,0,0
G1_D1,530,0,202,0,0
B2_D1,731,0,137,0,0
B6_D1,479,0,484,0,0
B10_D1,717,0,261,0,0
B4_D1,630,0,151,0,0
B6_D1,572,0,294,0,0
B10_D1,336,0,275,0,0
G1_D1,711,0,109,0,0
B10_D1,143,0,320,0,0
G1_D1,436,0,367,0,0
B6_D1,879,0,388,0,0
B6_D1,69,0,195,0,0
B6_D1,102,0,144,0,0
B6_D1,34,0,489,0,0
B6_D1,123,0,97,0,0
B10_D1,251,0,301,0,0
G1_D1,492,0,315,0,0
B10_D1,606,0,194,0,0
B6_D1,447,0,487,0,0
B2_D1,321,0,139,0,0
B10_D1,216,0,28,0,0
G1_D1,775,0,268,0,0
B6_D1,650,0,170,0,0
B10_D1,986,0,216,0,0
B10_D1,588,0,169,0,0
G1_D1,975,0,66,0,0
B6_D1,975,0,137,0,0
B6_D1,930,0,216,0,0
B6_D1,3,0,127,0,0
G1_D1,339,0,102,0,0
G1_D1,985,0,119,0,0
B6_D1,619,0,9,0,0
B6_D1,792,0,47,0,0
B4_D1,618,0,297,0,0
G1_D1,506,0,143,0,0
B2_D1,970,0,95,0,0
B4_D1,161,0,203,0,0
B6_D1,765,0,57,0,0
G1_D1,730,0,259,0,0
G1_D1,598,0,32,0,0
B2_D1,279,0,500,0,0
B2_D1,802,0,22,0,0
G1_D1,259,0,12,0,0
B6_D1,405,0,160,0,0
B10_D1,389,0,268,0,0
B6_D1,202,0,75,0,0
G1_D1,445,0,228,0,0
B6_D1,985,0,62,0,0
B6_D1,1003,0,312,0,0
B2_D1,953,0,61,0,0
B8_D1,894,0,236,0,0
B6_D1,777,0,359,0,0
B6_D1,830,0,83,0,0
B6_D1,524,0,384,0,0
B10_D1,800,0,172,0,0
B2_D1,649,0,511,0,0
B10_D1,518,0,474,0,0
B6_D1,227,0,71,0,0
B4_D1,223,0,47,0,0
B6_D1,456,0,408,0,0
G1_D1,722,0,277,0,0
G1_D1,37,0,273,0,0
B6_D1,620,0,361,0,0
B6_D1,799,0,423,0,0
B6_D1,1017,0,111,0,0
B6_D1,20,0,212,0,0
B10_D1,869,0,293,0,0
B6_D1,481,0,46,0,0
B10_D1,537,0,482,0,0
B6_D1,286,0,381,0,0
B6_D1,873,0,481,0,0
B2_D1,785,0,361,0,0
B10_D1,363,0,95,0,0
G1_D1,664,0,19,0,0
G1_D1,16,0,147,0,0
B6_D1,456,0,242,0,0
B6_D1,747,0,27,0,0
G1_D1,739,0,264,0,0
G1_D1,39,0,275,0,0
B10_D1,438,0,99,0,0
B6_D1,544,0,271,0,0
B10_D1,348,0,269,0,0
B10_D1,199,0,65,0,0
G1_D1,326,0,227,0,0
B10_D1,386,0,64,0,0
B6_D1,1023,0,475,0,0
B6_D1,804,0,24,0,0
G1_D1,1005,0,0,0,0
B6_D1,328,0,224,0,0
G1_D1,869,0,205,0,0
B6_D1,745,0,293,0,0
B6_D1,257,0,487,0,0
G1_D1,589,0,217,0,0
G1_D1,280,0,102,0,0
B10_D1,296,0,254,0,0
B4_D1,999,0,235,0,0
B2_D1,129,0,264,0,0
B10_D1,243,0,398,0,0
B6_D1,599,0,336,0,0
B10_D1,650,0,457,0,0
B6_D1,321,0,478,0,0
B10_D1,223,0,357,0,0
B10_D1,793,0,230,0,0
B6_D1,602,0,22,0,0
B10_D1,434,0,18,0,0
B10_D1,115,0,336,0,0
G1_D1,166,0,190,0,0
B4_D1,63,0,126,0,0
B10_D1,6,0,392,0,0
G1_D1,778,0,490,0,0
B2_D1,424,0,4,0,0
B10_D1,636,0,471,0,0
B6_D1,16,0,31,0,0
B10_D1,849,0,234,0,0
B10_D1,2,0,441,0,0
B6_D1,572,0,233,0,0
B6_D1,611,0,445,0,0
B6_D1,946,0,241,0,0
B10_D1,200,0,15,0,0
G1_D1,32,0,39,0,0
B2_D1,118,0,40,0,0
B2_D1,637,0,93,0,0
B6_D1,218,0,93,0,0
B6_D1,804,0,445,0,0
B10_D1,641,0,254,0,0
B6_D1,953,0,43,0,0
G1_D1,36,0,284,0,0
B6_D1,161,0,26,0,0
B10_D1,757,0,167,0,0
B6_D1,201,0,235,0,0
G1_D1,64,0,4,0,0
B10_D1,398,0,249,0,0
B10_D1,281,0,45,0,0
B10_D1,802,0,416,0,0
B10_D1,256,0,308,0,0
G1_D1,7,0,504,0,0
B6_D1,870,0,59,0,0
B6_D1,564,0,163,0,0
B6_D1,196,0,346,0,0
B2_D1,441,0,510,0,0
B10_D1,427,0,237,0,0
B10_D1,613,0,319,0,0
B6_D1,624,0,9,0,0
B2_D1,684,0,361,0,0
B10_D1,40,0,258,0,0
B10_D1,834,0,85,0,0
B10_D1,597,0,504,0,0
G1_D1,23,0,197,0,0
B10_D1,107,0,468,0,0
B6_D1,96,0,360,0,0
B4_D1,1,0,302,0,0
B6_D1,300,0,35,0,0
G1_D1,709,0,37,0,0
B6_D1,761,0,496,0,0
B10_D1,494,0,476,0,0
B6_D1,553,0,232,0,0
B6_D1,398,0,508,0,0
B8_D1,423,0,281,0,0
B2_D1,548,0,288,0,0
B2_D1,771,0,236,0,0
B10_D1,367,0,171,0,0
B10_D1,540,0,480,0,0
B10_D1,888,0,61,0,0
B6_D1,179,0,135,0,0
G1_D1,978,0,286,0,0
B6_D1,544,0,499,0,0
B2_D1,444,0,127,0,0
B6_D1,134,0,44,0,0
B10_D1,839,0,321,0,0
B6_D1,716,0,48,0,0
G1_D1,238,0,493,0,0
B10_D1,103,0,460,0,0
B4_D1,15,0,289,0,0
B6_D1,999,0,76,0,0
B6_D1,894,0,9,0,0
B6_D1,331,0,176,0,0
B10_D1,144,0,112,0,0
B6_D1,404,0,177,0,0
B10_D1,485,0,52,0,0
G1_D1,534,0,7,0,0
G1_D1,17,0,139,0,0
B10_D1,148,0,290,0,0
B6_D1,160,0,367,0,0
B6_D1,564,0,350,0,0
B10_D1,638,0,301,0,0
B10_D1,177,0,203,0,0
B10_D1,115,0,496,0,0
B10_D1,540,0,287,0,0
G1_D1,1009,0,129,0,0
B10_D1,484,0,490,0,0
G1_D1,454,0,3,0,0
B2_D1,207,0,80,0,0
B8_D1,87,0,181,0,0
B6_D1,419,0,241,0,0
B6_D1,694,0,504,0,0
B4_D1,747,0,70,0,0
B10_D1,320,0,80,0,0
G1_D1,728,0,23,0,0
B4_D1,1013,0,11,0,0
B6_D1,410,0,300,0,0
B10_D1,430,0,91,0,0
B4_D1,656,0,84,0,0
B6_D1,283,0,160,0,0
B10_D1,814,0,264,0,0
B10_D1,36,0,81,0,0
B6_D1,1019,0,213,0,0
B10_D1,190,0,186,0,0
B10_D1,701,0,259,0,0
B6_D1,149,0,504,0,0
B10_D1,235,0,119,0,0
B6_D1,904,0,171,0,0
B10_D1,430,0,480,0,0
B10_D1,586,0,502,0,0
G1_D1,187,0,437,0,0
B4_D1,33,0,125,0,0
G1_D1,1006,0,284,0,0
B10_D1,176,0,191,0,0
G1_D1,639,0,27,0,0
B6_D1,703,0,508,0,0
B10_D1,158,0,332,0,0
B6_D1,794,0,201,0,0
B2_D1,686,0,50,0,0
B6_D1,449,0,39,0,0
B6_D1,349,0,335,0,0
B10_D1,490,0,41,0,0
B10_D1,449,0,482,0,0
B8_D1,463,0,289,0,0
B6_D1,530,0,5,0,0
B2_D1,775,0,89,0,0
B10_D1,197,0,115,0,0
B6_D1,641,0,359,0,0
B6_D1,798,0,349,0,0
B6_D1,64,0,300,0,0
B6_D1,292,0,430,0,0
G1_D1,660,0,150,0,0
B6_D1,459,0,372,0,0
G1_D1,913,0,329,0,0
G1_D1,160,0,376,0,0
B6_D1,657,0,412,0,0
B6_D1,823,0,255,0,0
B4_D1,158,0,18,0,0
G1_D1,984,0,115,0,0
B10_D1,26,0,59,0,0
B10_D1,533,0,4,0,0
B10_D1,502,0,10,0,0
B6_D1,420,0,458,0,0
B10_D1,347,0,11,0,0
B10_D1,356,0,39,0,0
B6_D1,7,0,323,0,0
B4_D1,771,0,233,0,0
B6_D1,760,0,219,0,0
G1_D1,39,0,116,0,0
B4_D1,70,0,312,0,0
B6_D1,161,0,330,0,0
B4_D1,780,0,111,0,0
G1_D1,321,0,208,0,0
B4_D1,792,0,255,0,0
B2_D1,786,0,2,0,0
B10_D1,764,0,99,0,0
B6_D1,233,0,168,0,0
B10_D1,89,0,84,0,0
B10_D1,622,0,486,0,0
B10_D1,876,0,51,0,0
B4_D1,4,0,266,0,0
B2_D1,327,0,119,0,0
B4_D1,302,0,279,0,0
G1_D1,308,0,509,0,0
B6_D1,770,0,35,0,0
B6_D1,974,0,484,0,0
B6_D1,293,0,23,0,0
B10_D1,835,0,53,0,0
B10_D1,93,0,307,0,0
B6_D1,231,0,178,0,0
B6_D1,176,0,481,0,0
B10_D1,752,0,261,0,0
B10_D1,179,0,8,0,0
B10_D1,701,0,5,0,0
B10_D1,755,0,118,0,0
B10_D1,595,0,18,0,0
B6_D1,549,0,317,0,0
B10_D1,88,0,181,0,0
B6_D1,68,0,86,0,0
B10_D1,626,0,285,0,0
B6_D1,90,0,490,0,0
G1_D1,575,0,232,0,0
B6_D1,52,0,479,0,0
B6_D1,531,0,349,0,0
B6_D1,836,0,56,0,0
B10_D1,427,0,397,0,0
B10_D1,1012,0,203,0,0
B6_D1,580,0,389,0,0
B10_D1,727,0,329,0,0
G1_D1,436,0,255,0,0
G1_D1,57,0,47,0,0
B6_D1,804,0,65,0,0
G1_D1,993,0,180,0,0
B10_D1,137,0,207,0,0
B6_D1,806,0,125,0,0
B10_D1,562,0,501,0,0
B6_D1,194,0,368,0,0
B6_D1,887,0,274,0,0
B6_D1,320,0,293,0,0
B10_D1,226,0,340,0,0
B6_D1,902,0,42,0,0
B6_D1,364,0,192,0,0
B6_D1,842,0,129,0,0
B10_D1,692,0,266,0,0
B10_D1,288,0,411,0,0
B10_D1,432,0,486,0,0
G1_D1,21,0,234,0,0
B4_D1,5,0,473,0,0
B4_D1,785,0,235,0,0
G1_D1,144,0,9,0,0
B6_D1,884,0,29,0,0
B6_D1,1020,0,449,0,0
B6_D1,857,0,109,0,0
B10_D1,484,0,118,0,0
B10_D1,976,0,91,0,0
G1_D1,672,0,201,0,0
G1_D1,981,0,378,0,-1
B10_D1,244,0,69,0,0
B6_D1,239,0,422,0,0
G1_D1,669,0,110,0,0
G1_D1,670,0,154,0,0
G1_D1,300,0,278,0,0
B6_D1,920,0,20,0,0
G1_D1,343,0,187,0,0
B2_D1,936,0,510,0,0
B10_D1,449,0,274,0,0
B4_D1,428,0,16,0,0
B6_D1,411,0,506,0,0
B2_D1,832,0,43,0,0
B6_D1,186,0,402,0,0
B10_D1,997,0,283,0,0
B10_D1,377,0,29,0,0
B10_D1,230,0,128,0,0
G1_D1,786,0,44,0,0
B10_D1,696,0,0,0,0
B6_D1,420,0,477,0,0
B10_D1,119,0,61,0,0
B4_D1,405,0,190,0,0
G1_D1,45,0,75,0,0
G1_D1,61,0,34,0,0
B10_D1,524,0,168,0,0
B6_D1,884,0,108,0,0
B10_D1,835,0,236,0,0
B10_D1,938,0,73,0,0
B2_D1,469,0,482,0,0
G1_D1,160,0,498,0,0
B4_D1,7,0,92,0,0
G1_D1,370,0,37,0,0
B10_D1,652,0,441,0,0
B10_D1,82,0,421,0,0
B2_D1,144,0,457,0,0
G1_D1,1007,0,211,0,0
B4_D1,4,0,277,0,0
B6_D1,659,0,504,0,0
B6_D1,70,0,20,0,0
B10_D1,267,0,2,0,0
B6_D1,374,0,279,0,0
B10_D1,379,0,187,0,0
B4_D1,810,0,55,0,0
B2_D1,427,0,170,0,0
B6_D1,790,0,59,0,0
B10_D1,244,0,306,0,0
B2_D1,843,0,182,0,0
G1_D1,878,0,73,0,0
B4_D1,660,0,318,0,0
B2_D1,122,0,200,0,0
B10_D1,669,0,90,0,0
B6_D1,872,0,42,0,0
B8_D1,166,0,201,0,0
B6_D1,438,0,439,0,0
B6_D1,649,0,195,0,0
B2_D1,902,0,39,0,0
B6_D1,603,0,43,0,0
B10_D1,476,0,313,0,0
G1_D1,574,0,4,0,0
B6_D1,653,0,392,0,0
B6_D1,150,0,490,0,0
B6_D1,327,0,22,0,0
B4_D1,529,0,270,0,0
B10_D1,761,0,5,0,0
B6_D1,690,0,505,0,0
B10_D1,608,0,29,0,0
B6_D1,543,0,224,0,0
B6_D1,993,0,283,0,0
G1_D1,196,0,57,0,0
B6_D1,887,0,267,0,0
G1_D1,643,0,305,0,0
B6_D1,70,0,40,0,0
B6_D1,15,0,339,0,0
B6_D1,545,0,308,0,0
B6_D1,669,0,4,0,0
G1_D1,761,0,476,0,0
G1_D1,121,0,372,0,0
B6_D1,484,0,509,0,0
B10_D1,557,0,284,0,0
B6_D1,331,0,447,0,-1
B6_D1,635,0,165,0,0
G1_D1,526,0,26,0,0
B10_D1,744,0,53,0,0
B4_D1,155,0,6,0,0
G1_D1,404,0,479,0,0
B8_D1,225,0,98,0,0
G1_D1,1004,0,283,0,0
B2_D1,914,0,436,0,0
B6_D1,586,0,346,0,0
B6_D1,710,0,109,0,0
B6_D1,87,0,479,0,0
B6_D1,671,0,223,0,0
B10_D1,140,0,186,0,0
B6_D1,724,0,39,0,0
B6_D1,467,0,308,0,0
G1_D1,38,0,107,0,0
B4_D1,798,0,214,0,0
B10_D1,976,0,289,0,0
B6_D1,7,0,98,0,0
G1_D1,651,0,39,0,0
B6_D1,894,0,313,0,0
B6_D1,985,0,398,0,0
B4_D1,0,0,367,0,0
G1_D1,979,0,12,0,0
G1_D1,844,0,422,0,0
B10_D1,342,0,202,0,0
G1_D1,368,0,368,0,0
B10_D1,444,0,509,0,0
B6_D1,744,0,268,0,0
G1_D1,249,0,169,0,0
B6_D1,859,0,19,0,0
B4_D1,663,0,70,0,0
B10_D1,491,0,229,0,0
B10_D1,588,0,185,0,0
B10_D1,56,0,304,0,0
B6_D1,259,0,484,0,0
G1_D1,833,0,441,0,0
G1_D1,851,0,232,0,0
B6_D1,6,0,160,0,0
B2_D1,511,0,156,0,0
G1_D1,57,0,80,0,0
B6_D1,421,0,191,0,0
B10_D1,406,0,264,0,0
G1_D1,141,0,21,0,0
B10_D1,414,0,240,0,0
B6_D1,335,0,490,0,0
G1_D1,234,0,9,0,0
G1_D1,1021,0,482,0,0
B10_D1,271,0,63,0,0
B4_D1,627,0,184,0,0
B10_D1,301,0,203,0,0
B10_D1,857,0,272,0,0
B10_D1,255,0,267,0,0
B6_D1,242,0,125,0,0
B10_D1,934,0,346,0,0
B10_D1,864,0,335,0,0
B6_D1,45,0,5,0,0
B2_D1,376,0,511,0,0
G1_D1,200,0,51,0,0
B4_D1,593,0,59,0,0
B10_D1,346,0,163,0,0
B2_D1,444,0,109,0,0
B6_D1,678,0,480,0,0
B6_D1,635,0,490,0,0
G1_D1,902,0,271,0,0
B4_D1,190,0,207,0,0
B10_D1,116,0,167,0,0
B2_D1,734,0,361,0,0
B10_D1,182,0,166,0,0
B10_D1,517,0,123,0,0
B2_D1,565,0,286,0,0
B10_D1,298,0,288,0,0
B10_D1,85,0,197,0,0
G1_D1,982,0,36,0,0
B10_D1,939,0,349,0,0
B4_D1,1019,0,112,0,0
B10_D1,406,0,501,0,0
B6_D1,663,0,380,0,0
G1_D1,655,0,298,0,0
G1_D1,290,0,511,0,0
B6_D1,663,0,307,0,0
B6_D1,1023,0,138,0,0
B10_D1,97,0,267,0,0
G1_D1,459,0,100,0,0
B10_D1,51,0,200,0,0
B10_D1,281,0,301,0,0
B6_D1,986,0,48,0,0
B2_D1,362,0,50,0,0
G1_D1,525,0,48,0,0
B6_D1,764,0,162,0,0
B6_D1,687,0,214,0,-1
B6_D1,764,0,330,0,0
G1_D1,599,0,143,0,0
B10_D1,599,0,487,0,0
B6_D1,1003,0,493,0,0
B10_D1,256,0,315,0,0
B4_D1,337,0,335,0,0
G1_D1,459,0,3,0,0
B10_D1,259,0,151,0,0
B10_D1,808,0,406,0,0
B4_D1,810,0,263,0,0
B6_D1,411,0,334,0,0
G1_D1,529,0,6,0,0
B10_D1,384,0,246,0,0
B6_D1,338,0,38,0,0
B6_D1,913,0,3,0,0
B6_D1,929,0,127,0,0
B6_D1,561,0,31,0,0
B6_D1,276,0,36,0,0
B10_D1,739,0,260,0,0
B10_D1,763,0,65,0,0
B10_D1,226,0,342,0,0
B4_D1,583,0,170,0,0
B2_D1,286,0,182,0,0
B10_D1,606,0,63,0,0
G1_D1,189,0,10,0,0
B6_D1,379,0,106,0,0
B6_D1,534,0,212,0,0
B10_D1,733,0,13,0,0
B10_D1,645,0,246,0,0
B6_D1,999,0,504,0,0
B6_D1,769,0,399,0,0
G1_D1,148,0,375,0,0
G1_D1,9,0,359,0,0
B4_D1,6,0,33,0,0
B6_D1,212,0,12,0,0
B2_D1,221,0,510,0,0
B6_D1,371,0,215,0,0
B4_D1,601,0,66,0,0
B2_D1,703,0,53,0,0
B10_D1,820,0,431,0,0
B6_D1,666,0,360,0,0
B8_D1,221,0,105,0,0
B10_D1,221,0,156,0,0
B10_D1,638,0,493,0,0
B2_D1,401,0,159,0,0
B10_D1,172,0,42,0,0
B6_D1,407,0,462,0,0
B2_D1,996,0,244,0,0
B10_D1,0,0,345,0,0
B6_D1,902,0,173,0,0
B8_D1,616,0,223,0,0
B10_D1,263,0,246,0,0
B6_D1,19,0,290,0,0
B6_D1,857,0,194,0,0
B6_D1,78,0,179,0,0
B10_D1,424,0,8,0,0
B8_D1,136,0,72,0,0
B6_D1,8,0,262,0,0
B2_D1,935,0,24,0,0
B6_D1,420,0,387,0,0
B2_D1,814,0,511,0,0
G1_D1,44,0,111,0,0
B10_D1,92,0,292,0,0
B6_D1,372,0,492,0,0
B6_D1,342,0,482,0,0
B2_D1,906,0,455,0,0
G1_D1,345,0,420,0,0
B6_D1,45,0,81,0,0
B6_D1,25,0,229,0,0
B10_D1,293,0,285,0,0
B10_D1,838,0,182,0,0
G1_D1,803,0,389,0,0
B10_D1,276,0,139,0,0
B6_D1,838,0,156,0,0
B10_D1,683,0,66,0,0
B4_D1,725,0,67,0,0
B6_D1,930,0,65,0,0
B6_D1,20,0,490,0,0
B10_D1,97,0,127,0,0
B6_D1,188,0,488,0,0
B6_D1,337,0,461,0,-1
B10_D1,152,0,31,0,0
B6_D1,910,0,266,0,0
B6_D1,501,0,511,0,0
B4_D1,246,0,62,0,0
B8_D1,380,0,284,0,0
B6_D1,878,0,13,0,0
B10_D1,461,0,238,0,0
B10_D1,451,0,5,0,0
B6_D1,695,0,109,0,0
B6_D1,31,0,501,0,0
B2_D1,764,0,20,0,0
B6_D1,116,0,256,0,0
B6_D1,597,0,65,0,0
B10_D1,419,0,227,0,0
B6_D1,146,0,16,0,0
B10_D1,13,0,142,0,0
B10_D1,22,0,175,0,0
B6_D1,231,0,26,0,0
B10_D1,821,0,85,0,0
B6_D1,1012,0,71,0,0
B10_D1,91,0,295,0,0
B6_D1,679,0,484,0,0
B10_D1,441,0,463,0,0
B10_D1,294,0,37,0,0
B6_D1,400,0,241,0,0
B6_D1,266,0,340,0,0
B6_D1,173,0,233,0,0
B6_D1,3,0,213,0,0
B10_D1,596,0,106,0,0
B10_D1,15,0,91,0,0
B10_D1,1005,0,54,0,0
B10_D1,588,0,115,0,0
B6_D1,727,0,337,0,0
B2_D1,33,0,43,0,0
B10_D1,132,0,451,0,0
G1_D1,145,0,150,0,0
B4_D1,343,0,18,0,0
B10_D1,237,0,149,0,0
B6_D1,989,0,143,0,0
B10_D1,110,0,304,0,0
B8_D1,213,0,191,0,0
G1_D1,281,0,74,0,0
B4_D1,63,0,32,0,0
B6_D1,584,0,318,0,0
B6_D1,590,0,40,0,0
B2_D1,708,0,498,0,0
B6_D1,511,0,176,0,0
B6_D1,1005,0,415,0,0
B10_D1,235,0,7,0,0
B6_D1,486,0,392,0,0
B2_D1,817,0,41,0,0
B8_D1,681,0,248,0,0
B6_D1,269,0,60,0,0
B6_D1,464,0,270,0,0
B6_D1,571,0,284,0,0
B2_D1,703,0,506,0,0
G1_D1,162,0,273,0,0
B6_D1,12,0,246,0,0
B10_D1,694,0,280,0,0
B2_D1,97,0,315,0,0
B4_D1,1,0,440,0,0
G1_D1,227,0,157,0,0
B6_D1,496,0,41,0,0
B4_D1,2,0,465,0,0
G1_D1,770,0,424,0,0
B10_D1,253,0,411,0,-1
B2_D1,504,0,490,0,0
B10_D1,495,0,84,0,0
B4_D1,512,0,271,0,0
G1_D1,10,0,212,0,0
B6_D1,689,0,68,0,0
B6_D1,252,0,480,0,0
G1_D1,21,0,28,0,0
B10_D1,568,0,4,0,0
G1_D1,973,0,68,0,0
B10_D1,357,0,216,0,0
B8_D1,89,0,156,0,0
B2_D1,645,0,22,0,0
B2_D1,843,0,10,0,0
B6_D1,485,0,510,0,0
B6_D1,5,0,452,0,0
B10_D1,442,0,139,0,0
B4_D1,3,0,90,0,0
B6_D1,186,0,363,0,0
B10_D1,141,0,97,0,0
B4_D1,588,0,96,0,0
G1_D1,94,0,203,0,0
B10_D1,767,0,455,0,0
G1_D1,899,0,215,0,0
B10_D1,363,0,42,0,0
B6_D1,879,0,163,0,0
B10_D1,636,0,5,0,0
G1_D1,612,0,41,0,0
B10_D1,486,0,9,0,0
B2_D1,273,0,502,0,0
B6_D1,471,0,293,0,0
G1_D1,404,0,5,0,0
B10_D1,338,0,49,0,0
B2_D1,605,0,455,0,0
B10_D1,13,0,187,0,0
B6_D1,813,0,493,0,0
B6_D1,957,0,405,0,0
B4_D1,612,0,183,0,0
G1_D1,17,0,325,0,0
B4_D1,966,0,92,0,0
B6_D1,971,0,501,0,0
B2_D1,612,0,47,0,0
B6_D1,54,0,4,0,0
B6_D1,595,0,333,0,0
B10_D1,203,0,44,0,0
G1_D1,992,0,25,0,0
B10_D1,3,0,87,0,0
B10_D1,897,0,65,0,0
B6_D1,642,0,507,0,0
B4_D1,642,0,235,0,0
G1_D1,692,0,21,0,0
B6_D1,146,0,496,0,0
G1_D1,376,0,1,0,0
B10_D1,254,0,251,0,0
B10_D1,153,0,4,0,0
B4_D1,234,0,40,0,0
B6_D1,238,0,13,0,0
G1_D1,110,0,296,0,0
B6_D1,797,0,82,0,0
B10_D1,998,0,484,0,0
B6_D1,410,0,168,0,0
B10_D1,342,0,173,0,0
B10_D1,340,0,69,0,0
B6_D1,164,0,66,0,0
G1_D1,17,0,299,0,0
G1_D1,525,0,472,0,0
B10_D1,783,0,311,0,0
B10_D1,59,0,155,0,0
B6_D1,888,0,508,0,0
B10_D1,13,0,222,0,0
B10_D1,407,0,94,0,0
B4_D1,256,0,264,0,0
B10_D1,437,0,307,0,0
B4_D1,952,0,128,0,0
B8_D1,659,0,308,0,0
B10_D1,343,0,239,0,0
B6_D1,448,0,172,0,0
B6_D1,275,0,476,0,0
B6_D1,188,0,28,0,0
B10_D1,282,0,2,0,0
B10_D1,775,0,259,0,0
B6_D1,952,0,187,0,-1
B6_D1,330,0,5,0,0
B6_D1,760,0,192,0,0
B10_D1,832,0,381,0,0
G1_D1,271,0,267,0,0
B10_D1,124,0,172,0,0
B6_D1,975,0,505,0,0
B6_D1,192,0,42,0,0
B10_D1,113,0,48,0,0
B6_D1,788,0,61,0,0
B2_D1,988,0,55,0,0
G1_D1,789,0,307,0,0
B4_D1,663,0,317,0,0
B10_D1,851,0,213,0,0
G1_D1,52,0,108,0,0
B4_D1,173,0,25,0,0
B6_D1,408,0,264,0,0
B6_D1,381,0,36,0,0
B10_D1,349,0,398,0,-1
B10_D1,613,0,212,0,0
B10_D1,561,0,142,0,0
B6_D1,843,0,308,0,0
G1_D1,17,0,17,0,0
B10_D1,961,0,272,0,0
B10_D1,331,0,9,0,0
B10_D1,441,0,235,0,0
B6_D1,639,0,24,0,0
G1_D1,470,0,242,0,0
B4_D1,552,0,384,0,0
B2_D1,497,0,486,0,0
B10_D1,647,0,32,0,0
B10_D1,690,0,284,0,0
B10_D1,24,0,122,0,0
B4_D1,775,0,16,0,0
B10_D1,650,0,276,0,0
B6_D1,299,0,436,0,0
B6_D1,917,0,162,0,0
B10_D1,395,0,485,0,0
B6_D1,361,0,281,0,0
G1_D1,850,0,83,0,0
B6_D1,23,0,269,0,0
B6_D1,963,0,200,0,0
G1_D1,332,0,94,0,0
B6_D1,942,0,497,0,0
G1_D1,575,0,38,0,0
B2_D1,933,0,261,0,0
B2_D1,489,0,163,0,0
B2_D1,634,0,24,0,0
B6_D1,689,0,474,0,0
B10_D1,1010,0,56,0,0
B6_D1,938,0,458,0,0
B6_D1,341,0,350,0,0
B10_D1,17,0,156,0,0
B10_D1,623,0,212,0,0
B6_D1,863,0,222,0,0
B8_D1,382,0,283,0,0
B8_D1,731,0,195,0,0
B2_D1,586,0,99,0,0
B6_D1,703,0,431,0,0
B6_D1,124,0,227,0,0
B2_D1,630,0,481,0,0
B2_D1,161,0,256,0,0
B10_D1,27,0,16,0,0
G1_D1,990,0,24,0,0
G1_D1,25,0,137,0,0
G1_D1,970,0,380,0,-1
B10_D1,767,0,56,0,0
B6_D1,553,0,267,0,0
B4_D1,2,0,480,0,0
B6_D1,651,0,75,0,0
B4_D1,793,0,214,0,0
B6_D1,23,0,134,0,0
G1_D1,66,0,458,0,0
G1_D1,932,0,49,0,0
G1_D1,15,0,31,0,0
G1_D1,159,0,114,0,0
B6_D1,209,0,187,0,0
B10_D1,500,0,496,0,0
B6_D1,626,0,36,0,0
G1_D1,659,0,205,0,0
B6_D1,780,0,126,0,0
B8_D1,403,0,194,0,0
G1_D1,519,0,4,0,0
B6_D1,116,0,401,0,0
B10_D1,170,0,229,0,0
B2_D1,202,0,216,0,0
B6_D1,722,0,27,0,0
B10_D1,814,0,375,0,0
B6_D1,127,0,37,0,0
B10_D1,483,0,163,0,0
B8_D1,167,0,197,0,0
B10_D1,6,0,206,0,0
G1_D1,827,0,134,0,0
B6_D1,625,0,165,0,0
B6_D1,884,0,107,0,0
B6_D1,718,0,503,0,0
B4_D1,115,0,0,0,0
B6_D1,611,0,393,0,-1
B6_D1,91,0,297,0,0
B10_D1,478,0,82,0,0
B6_D1,569,0,168,0,0
B6_D1,60,0,174,0,0
B6_D1,963,0,481,0,0
B10_D1,528,0,163,0,0
B10_D1,823,0,177,0,0
B10_D1,179,0,228,0,0
B8_D1,365,0,191,0,0
B6_D1,317,0,42,0,0
B10_D1,108,0,159,0,0
B10_D1,954,0,458,0,0
B10_D1,761,0,462,0,0
B10_D1,773,0,94,0,0
G1_D1,997,0,64,0,0
B6_D1,502,0,232,0,0
B6_D1,980,0,15,0,0
B4_D1,876,0,15,0,0
B10_D1,97,0,54,0,0
B6_D1,32,0,408,0,0
B6_D1,679,0,442,0,0
B6_D1,443,0,479,0,0
B10_D1,26,0,114,0,0
B6_D1,651,0,48,0,0
B2_D1,756,0,283,0,0
B2_D1,577,0,224,0,0
B6_D1,450,0,0,0,0
B10_D1,428,0,252,0,0
B10_D1,222,0,234,0,0
B6_D1,357,0,413,0,0
B2_D1,589,0,452,0,9
B2_D1,565,0,481,0,0
G1_D1,842,0,107,0,0
G1_D1,202,0,448,0,0
B2_D1,912,0,450,0,0
B2_D1,870,0,238,0,0
B6_D1,784,0,246,0,0
B10_D1,998,0,59,0,0
B6_D1,984,0,214,0,0
B10_D1,359,0,180,0,0
B10_D1,429,0,247,0,0
B6_D1,216,0,16,0,0
B10_D1,1023,0,265,0,0
B10_D1,239,0,10,0,0
G1_D1,909,0,246,0,0
B2_D1,186,0,239,0,0
B10_D1,415,0,172,0,0
B2_D1,515,0,286,0,0
G1_D1,138,0,416,0,0
B6_D1,913,0,18,0,0
B6_D1,893,0,225,0,0
B6_D1,1010,0,412,0,0
B8_D1,768,0,312,0,0
B2_D1,0,0,488,0,0
G1_D1,94,0,101,0,0
B6_D1,992,0,479,0,0
B10_D1,649,0,86,0,0
B6_D1,756,0,346,0,0
G1_D1,683,0,286,0,0
B10_D1,592,0,348,0,0
B10_D1,632,0,162,0,0
B6_D1,131,0,491,0,0
B10_D1,252,0,276,0,0
G1_D1,865,0,120,0,0
B6_D1,184,0,195,0,0
G1_D1,163,0,67,0,0
B10_D1,38,0,166,0,0
B4_D1,436,0,420,0,0
B2_D1,473,0,167,0,0
B6_D1,923,0,65,0,0
G1_D1,1009,0,298,0,0
B6_D1,773,0,351,0,0
B6_D1,883,0,69,0,0
B2_D1,125,0,312,0,0
G1_D1,0,0,473,0,0
B6_D1,326,0,506,0,0
B6_D1,310,0,220,0,0
B10_D1,652,0,464,0,0
G1_D1,887,0,28,0,0
B6_D1,45,0,75,0,0
B10_D1,359,0,164,0,0
B6_D1,407,0,297,0,0
G1_D1,813,0,40,0,0
B6_D1,220,0,322,0,0
G1_D1,869,0,4,0,0
B10_D1,792,0,329,0,0
B6_D1,693,0,493,0,0
B10_D1,187,0,203,0,0
B10_D1,17,0,20,0,0
B10_D1,636,0,143,0,0
B6_D1,498,0,415,0,0
B8_D1,97,0,328,0,0
B6_D1,976,0,501,0,0
G1_D1,490,0,509,0,0
B10_D1,36,0,146,0,0
B2_D1,842,0,47,0,0
B6_D1,567,0,434,0,-1
B6_D1,603,0,475,0,0
B10_D1,590,0,53,0,0
B10_D1,442,0,112,0,0
B10_D1,468,0,273,0,0
B10_D1,475,0,252,0,0
B6_D1,518,0,38,0,0
B10_D1,968,0,77,0,0
G1_D1,653,0,58,0,0
B10_D1,964,0,92,0,0
B10_D1,402,0,117,0,0
G1_D1,934,0,79,0,0
B10_D1,101,0,167,0,0
B6_D1,133,0,28,0,0
G1_D1,181,0,129,0,0
G1_D1,904,0,391,0,0
B10_D1,676,0,57,0,0
B2_D1,109,0,106,0,0
B10_D1,315,0,196,0,0
B10_D1,30,0,123,0,0
B6_D1,567,0,323,0,0
B6_D1,289,0,157,0,0
B10_D1,589,0,320,0,0
G1_D1,942,0,407,0,0
B6_D1,917,0,136,0,0
B6_D1,976,0,11,0,0
B6_D1,157,0,42,0,0
B10_D1,784,0,98,0,0
G1_D1,250,0,281,0,0
B6_D1,848,0,483,0,0
B6_D1,538,0,259,0,0
B2_D1,532,0,509,0,0
G1_D1,33,0,53,0,0
G1_D1,724,0,316,0,0
B10_D1,490,0,114,0,0
G1_D1,186,0,44,0,0
B10_D1,235,0,325,0,0
B10_D1,96,0,5,0,0
G1_D1,762,0,302,0,0
B2_D1,686,0,176,0,0
B10_D1,2,0,15,0,0
B6_D1,385,0,56,0,0
B10_D1,456,0,121,0,0
G1_D1,9,0,194,0,0
B6_D1,589,0,499,0,0
B6_D1,823,0,329,0,0
B10_D1,1022,0,89,0,0
B6_D1,7,0,27,0,0
B6_D1,945,0,20,0,0
B10_D1,541,0,510,0,0
B6_D1,342,0,386,0,0
B4_D1,254,0,205,0,0
B10_D1,74,0,303,0,0
B6_D1,258,0,73,0,0
B2_D1,236,0,511,0,0
B6_D1,48,0,276,0,0
B6_D1,434,0,110,0,0
B4_D1,619,0,298,0,0
B10_D1,454,0,122,0,0
B6_D1,204,0,146,0,0
B10_D1,49,0,13,0,0
B6_D1,949,0,407,0,0
B6_D1,906,0,51,0,0
G1_D1,444,0,49,0,0
B6_D1,68,0,161,0,0
B10_D1,171,0,194,0,0
B6_D1,132,0,197,0,0
B6_D1,410,0,170,0,0
B10_D1,412,0,149,0,0
B4_D1,716,0,37,0,0
B10_D1,668,0,417,0,0
G1_D1,489,0,13,0,0
G1_D1,354,0,289,0,0
B2_D1,739,0,14,0,0
B10_D1,1013,0,44,0,0
B6_D1,975,0,5,0,0
G1_D1,649,0,300,0,0
B2_D1,351,0,161,0,0
B10_D1,145,0,200,0,0
B10_D1,1000,0,303,0,0
B6_D1,858,0,195,0,0
G1_D1,897,0,392,0,0
B6_D1,851,0,268,0,0
B6_D1,681,0,36,0,0
B10_D1,78,0,34,0,0
B2_D1,846,0,464,0,-1
B6_D1,601,0,362,0,0
G1_D1,59,0,3,0,0
B6_D1,676,0,41,0,0
B6_D1,736,0,501,0,0
B10_D1,517,0,334,0,0
B6_D1,553,0,33,0,0
B10_D1,536,0,164,0,0
B2_D1,556,0,476,0,0
B4_D1,652,0,237,0,0
B10_D1,169,0,66,0,0
B10_D1,27,0,20,0,0
B6_D1,705,0,415,0,0
B10_D1,457,0,126,0,0
G1_D1,749,0,102,0,0
G1_D1,960,0,19,0,0
B10_D1,199,0,8,0,0
B6_D1,538,0,327,0,0
B6_D1,25,0,257,0,0
B2_D1,676,0,10,0,0
B10_D1,338,0,267,0,0
B6_D1,717,0,27,0,0
B6_D1,612,0,238,0,0
B10_D1,818,0,439,0,0
B10_D1,267,0,444,0,-1
B6_D1,376,0,46,0,0
B2_D1,408,0,172,0,0
G1_D1,79,0,2,0,0
B4_D1,630,0,222,0,0
B10_D1,180,0,68,0,0
G1_D1,349,0,204,0,0
G1_D1,674,0,6,0,0
B10_D1,179,0,507,0,0
B10_D1,246,0,318,0,0
B10_D1,352,0,336,0,0
B10_D1,834,0,278,0,0
B6_D1,74,0,426,0,0
B10_D1,624,0,484,0,0
B2_D1,541,0,29,0,0
B6_D1,635,0,174,0,0
B6_D1,459,0,39,0,0
B6_D1,199,0,166,0,0
B6_D1,512,0,507,0,0
B2_D1,405,0,286,0,0
G1_D1,933,0,455,0,0
G1_D1,260,0,164,0,0
B6_D1,775,0,434,0,0
B6_D1,640,0,485,0,0
B6_D1,700,0,35,0,0
G1_D1,551,0,27,0,0
G1_D1,560,0,38,0,0
B6_D1,313,0,28,0,0
B6_D1,818,0,189,0,0
B6_D1,599,0,329,0,0
G1_D1,109,0,282,0,0
B10_D1,628,0,495,0,0
G1_D1,140,0,0,0,0
B6_D1,83,0,420,0,0
B2_D1,270,0,239,0,0
B6_D1,47,0,120,0,0
G1_D1,451,0,21,0,0
G1_D1,813,0,41,0,0
B6_D1,947,0,492,0,0
B6_D1,379,0,174,0,0
B6_D1,431,0,491,0,0
B10_D1,186,0,450,0,0
B10_D1,686,0,277,0,0
B6_D1,151,0,50,0,0
B6_D1,528,0,186,0,0
B6_D1,683,0,331,0,0
B6_D1,1009,0,465,0,0
B6_D1,260,0,168,0,0
B10_D1,680,0,84,0,0
B6_D1,887,0,92,0,0
B6_D1,678,0,309,0,0
B6_D1,627,0,311,0,0
B6_D1,293,0,33,0,0
B6_D1,872,0,482,0,0
B4_D1,87,0,61,0,0
B6_D1,739,0,489,0,0
B6_D1,837,0,305,0,0
G1_D1,708,0,127,0,0
B6_D1,733,0,23,0,0
B4_D1,891,0,217,0,0
B6_D1,898,0,38,0,0
G1_D1,115,0,24,0,0
B10_D1,802,0,376,0,0
B6_D1,983,0,18,0,0
B2_D1,948,0,20,0,0
B6_D1,677,0,47,0,0
B10_D1,631,0,498,0,0
B6_D1,299,0,264,0,0
G1_D1,466,0,15,0,0
B6_D1,510,0,490,0,0
G1_D1,883,0,234,0,0
B4_D1,27,0,30,0,0
G1_D1,984,0,60,0,0
B10_D1,957,0,240,0,0
B10_D1,776,0,5,0,0
G1_D1,32,0,76,0,0
B4_D1,938,0,14,0,0
B2_D1,578,0,223,0,0
B6_D1,769,0,358,0,0
G1_D1,199,0,494,0,0
B6_D1,42,0,42,0,0
B10_D1,447,0,66,0,0
B2_D1,165,0,24,0,0
B10_D1,93,0,138,0,0
B6_D1,526,0,53,0,0
B6_D1,46,0,200,0,0
B6_D1,195,0,10,0,0
B6_D1,608,0,3,0,0
B6_D1,751,0,31,0,0
G1_D1,716,0,1,0,0
B6_D1,762,0,212,0,0
G1_D1,720,0,283,0,0
B10_D1,234,0,10,0,0
B6_D1,52,0,105,0,0
B2_D1,165,0,252,0,0
B6_D1,251,0,46,0,0
B10_D1,215,0,343,0,0
B10_D1,650,0,81,0,0
B2_D1,392,0,493,0,0
B4_D1,539,0,271,0,0
B10_D1,733,0,427,0,0
B6_D1,952,0,487,0,0
B10_D1,415,0,495,0,0
B6_D1,76,0,132,0,0
B10_D1,697,0,66,0,0
B10_D1,30,0,106,0,0
B6_D1,921,0,46,0,0
B10_D1,171,0,170,0,0
B10_D1,268,0,190,0,0
G1_D1,979,0,8,0,0
B10_D1,214,0,143,0,0
B10_D1,241,0,215,0,0
G1_D1,735,0,283,0,0
B6_D1,881,0,36,0,0
B6_D1,529,0,19,0,0
G1_D1,726,0,1,0,0
B6_D1,532,0,487,0,0
B6_D1,912,0,274,0,0
B4_D1,947,0,56,0,0
B10_D1,211,0,16,0,0
B6_D1,671,0,11,0,0
B10_D1,574,0,484,0,0
B10_D1,935,0,249,0,0
B10_D1,281,0,255,0,0
B4_D1,198,0,205,0,0
B10_D1,477,0,503,0,0
G1_D1,284,0,395,0,0
B10_D1,3,0,54,0,0
B6_D1,646,0,54,0,0
B6_D1,28,0,54,0,0
B4_D1,459,0,424,0,0
B10_D1,106,0,490,0,0
G1_D1,699,0,362,0,0
B10_D1,187,0,12,0,0
B10_D1,62,0,134,0,0
B10_D1,538,0,54,0,0
G1_D1,707,0,306,0,0
B8_D1,123,0,83,0,0
B10_D1,346,0,243,0,0
B4_D1,800,0,60,0,0
B6_D1,68,0,272,0,0
G1_D1,686,0,362,0,0
B10_D1,288,0,326,0,0
G1_D1,918,0,73,0,0
B6_D1,586,0,167,0,0
B4_D1,715,0,78,0,0
G1_D1,986,0,267,0,0
B6_D1,542,0,173,0,0
B6_D1,979,0,309,0,0
B2_D1,743,0,4,0,0
B6_D1,993,0,399,0,0
G1_D1,94,0,3,0,0
B2_D1,826,0,8,0,0
G1_D1,776,0,493,0,0
B10_D1,45,0,263,0,0
B6_D1,637,0,373,0,0
B6_D1,621,0,355,0,0
B10_D1,876,0,498,0,0
G1_D1,110,0,306,0,0
B6_D1,619,0,350,0,0
B10_D1,804,0,60,0,0
B10_D1,185,0,76,0,0
B6_D1,2,0,459,0,0
G1_D1,1015,0,479,0,0
G1_D1,807,0,79,0,0
G1_D1,898,0,93,0,0
B6_D1,444,0,418,0,0
B4_D1,1000,0,206,0,0
B4_D1,113,0,56,0,0
G1_D1,35,0,54,0,0
B6_D1,957,0,502,0,0
B6_D1,654,0,162,0,0
G1_D1,557,0,246,0,0
G1_D1,279,0,4,0,0
B6_D1,777,0,47,0,0
B6_D1,557,0,289,0,0
B4_D1,252,0,59,0,0
B4_D1,349,0,97,0,0
B6_D1,727,0,492,0,0
B6_D1,233,0,60,0,0
B10_D1,371,0,63,0,0
G1_D1,266,0,326,0,0
B6_D1,626,0,1,0,0
B6_D1,885,0,464,0,0
B6_D1,407,0,461,0,0
B10_D1,247,0,359,0,0
B2_D1,452,0,474,0,0
B6_D1,688,0,508,0,0
B6_D1,125,0,222,0,0
B6_D1,524,0,264,0,0
B10_D1,761,0,6,0,0
B4_D1,668,0,257,0,0
B10_D1,847,0,35,0,0
B10_D1,473,0,232,0,0
B10_D1,30,0,173,0,0
G1_D1,628,0,28,0,0
B4_D1,80,0,128,0,0
B6_D1,17,0,406,0,0
B6_D1,612,0,507,0,0
B4_D1,189,0,204,0,0
B6_D1,278,0,165,0,0
G1_D1,206,0,178,0,0
B6_D1,402,0,159,0,0
B6_D1,999,0,494,0,0
G1_D1,419,0,7,0,0
B8_D1,232,0,4,0,0
B4_D1,652,0,110,0,0
G1_D1,965,0,220,0,0
B6_D1,863,0,297,0,0
B6_D1,117,0,497,0,0
B6_D1,412,0,47,0,0
B6_D1,892,0,90,0,0
G1_D1,166,0,21,0,0
G1_D1,681,0,198,0,0
B6_D1,758,0,76,0,0
B10_D1,661,0,384,0,0
B2_D1,476,0,370,0,0
B10_D1,773,0,303,0,0
B6_D1,958,0,488,0,0
B2_D1,583,0,288,0,0
B6_D1,989,0,95,0,0
B6_D1,133,0,266,0,0
B10_D1,639,0,260,0,0
B10_D1,488,0,120,0,0
B10_D1,72,0,2,0,0
B10_D1,305,0,308,0,0
B6_D1,574,0,232,0,0
B6_D1,655,0,500,0,0
B4_D1,746,0,15,0,0
G1_D1,349,0,12,0,0
B10_D1,484,0,499,0,0
B10_D1,263,0,36,0,0
G1_D1,150,0,315,0,0
B6_D1,33,0,123,0,0
B6_D1,320,0,72,0,0
G1_D1,92,0,400,0,0
B6_D1,512,0,381,0,0
B6_D1,523,0,28,0,0
B10_D1,19,0,73,0,0
B6_D1,158,0,182,0,0
B4_D1,993,0,242,0,0
B10_D1,680,0,268,0,0
G1_D1,805,0,63,0,0
B2_D1,772,0,26,0,0
G1_D1,805,0,446,0,0
B10_D1,152,0,284,0,0
G1_D1,346,0,19,0,0
B6_D1,817,0,234,0,0
B10_D1,546,0,511,0,0
B6_D1,39,0,140,0,0
B2_D1,796,0,37,0,0
B6_D1,128,0,140,0,0
B6_D1,446,0,506,0,0
G1_D1,327,0,240,0,0
B6_D1,425,0,281,0,0
B10_D1,990,0,497,0,0
B10_D1,244,0,294,0,0
B4_D1,107,0,5,0,0
B6_D1,913,0,273,0,0
B6_D1,461,0,41,0,0
B10_D1,610,0,130,0,0
G1_D1,163,0,330,0,0
B10_D1,265,0,267,0,0
B6_D1,1022,0,22,0,0
B6_D1,121,0,360,0,0
B10_D1,693,0,285,0,0
G1_D1,767,0,248,0,0
G1_D1,556,0,122,0,0
B8_D1,991,0,245,0,0
B10_D1,329,0,271,0,0
G1_D1,678,0,158,0,0
B6_D1,138,0,411,0,0
B6_D1,23,0,247,0,0
G1_D1,774,0,16,0,0
B10_D1,545,0,109,0,0
B2_D1,985,0,60,0,0
B6_D1,325,0,477,0,0
B4_D1,496,0,203,0,0
B10_D1,33,0,43,0,0
B2_D1,893,0,30,0,0
B8_D1,487,0,201,0,-1
B10_D1,435,0,240,0,0
B10_D1,676,0,17,0,0
B6_D1,794,0,444,0,0
B4_D1,575,0,388,0,0
G1_D1,313,0,457,0,3
B2_D1,715,0,87,0,0
B10_D1,160,0,510,0,0
B10_D1,761,0,117,0,0
B4_D1,830,0,257,0,0
B10_D1,116,0,198,0,0
B10_D1,664,0,90,0,0
B4_D1,907,0,139,0,0
B2_D1,152,0,224,0,0
B2_D1,769,0,47,0,0
B10_D1,0,0,290,0,0
B2_D1,91,0,23,0,0
B10_D1,520,0,480,0,0
B6_D1,200,0,490,0,0
B2_D1,435,0,286,0,0
B10_D1,14,0,121,0,0
B6_D1,334,0,4,0,0
B10_D1,22,0,16,0,0
B10_D1,288,0,203,0,0
G1_D1,263,0,258,0,0
B10_D1,21,0,323,0,0
B6_D1,866,0,479,0,0
G1_D1,813,0,212,0,0
B10_D1,693,0,189,0,0
G1_D1,426,0,483,0,0
B4_D1,707,0,300,0,0
B10_D1,123,0,177,0,0
B10_D1,703,0,398,0,0
B10_D1,716,0,474,0,0
B6_D1,426,0,389,0,0
B10_D1,78,0,315,0,0
B6_D1,184,0,34,0,0
B6_D1,110,0,5,0,0
B6_D1,787,0,132,0,0
B8_D1,548,0,290,0,0
G1_D1,500,0,224,0,0
B6_D1,461,0,284,0,0
B4_D1,782,0,92,0,0
B4_D1,638,0,79,0,0
B10_D1,49,0,294,0,0
B6_D1,355,0,485,0,0
B10_D1,148,0,321,0,0
B6_D1,293,0,374,0,-1
B6_D1,826,0,303,0,0
B6_D1,397,0,447,0,0
B6_D1,678,0,311,0,0
B6_D1,949,0,220,0,0
B6_D1,366,0,334,0,0
B6_D1,519,0,364,0,6
B10_D1,196,0,238,0,0
B6_D1,885,0,45,0,0
B10_D1,149,0,13,0,0
G1_D1,997,0,100,0,0
G1_D1,971,0,58,0,0
B6_D1,853,0,28,0,0
B10_D1,226,0,221,0,0
B6_D1,653,0,43,0,0
G1_D1,345,0,93,0,0
B6_D1,933,0,8,0,0
G1_D1,801,0,15,0,0
B6_D1,642,0,358,0,0
B6_D1,92,0,305,0,0
B10_D1,14,0,236,0,0
B10_D1,818,0,456,0,0
G1_D1,25,0,212,0,0
B10_D1,720,0,403,0,0
B10_D1,228,0,300,0,0
B4_D1,423,0,397,0,0
B10_D1,109,0,111,0,0
G1_D1,279,0,286,0,0
G1_D1,779,0,292,0,0
B4_D1,670,0,314,0,0
B2_D1,43,0,51,0,0
B6_D1,162,0,362,0,0
G1_D1,843,0,33,0,0
B10_D1,221,0,3,0,0
B6_D1,485,0,344,0,0
B6_D1,274,0,243,0,0
G1_D1,295,0,511,0,0
B6_D1,457,0,171,0,0
B10_D1,226,0,458,0,0
B6_D1,67,0,129,0,0
B10_D1,522,0,411,0,0
B6_D1,570,0,485,0,0
B2_D1,750,0,37,0,0
B6_D1,291,0,153,0,0
B10_D1,638,0,173,0,0
B4_D1,622,0,165,0,0
B10_D1,265,0,68,0,0
B6_D1,827,0,487,0,0
G1_D1,1009,0,5,0,0
B6_D1,306,0,334,0,0
B4_D1,150,0,146,0,0
B6_D1,839,0,310,0,0
B6_D1,780,0,157,0,0
B10_D1,635,0,261,0,0
G1_D1,713,0,273,0,0
B4_D1,1022,0,89,0,0
G1_D1,367,0,454,0,1
B4_D1,798,0,215,0,0
G1_D1,890,0,43,0,0
B6_D1,722,0,361,0,0
B6_D1,502,0,64,0,0
G1_D1,439,0,14,0,0
B10_D1,0,0,429,0,0
B2_D1,347,0,50,0,0
B10_D1,1002,0,212,0,0
G1_D1,39,0,146,0,0
B6_D1,789,0,358,0,0
G1_D1,756,0,111,0,0
B4_D1,835,0,95,0,0
B6_D1,14,0,29,0,0
B8_D1,6,0,240,0,0
B10_D1,176,0,243,0,0
B6_D1,459,0,158,0,0
B6_D1,926,0,133,0,0
B6_D1,979,0,410,0,0
B6_D1,69,0,423,0,0
B10_D1,626,0,286,0,0
B6_D1,52,0,42,0,0
B6_D1,435,0,445,0,0
B8_D1,268,0,183,0,0
B10_D1,553,0,20,0,0
B2_D1,116,0,313,0,0
G1_D1,411,0,141,0,0
G1_D1,239,0,16,0,0
G1_D1,73,0,282,0,0
B6_D1,582,0,27,0,0
B6_D1,49,0,489,0,0
B10_D1,85,0,326,0,0
B10_D1,97,0,15,0,0
G1_D1,988,0,303,0,0
B6_D1,264,0,19,0,0
B6_D1,733,0,480,0,0
B10_D1,451,0,63,0,0
B10_D1,232,0,6,0,0
B6_D1,690,0,430,0,0
B10_D1,76,0,203,0,0
G1_D1,759,0,104,0,0
B8_D1,806,0,233,0,0
B10_D1,1023,0,502,0,0
G1_D1,217,0,43,0,0
G1_D1,322,0,224,0,0
G1_D1,430,0,240,0,0
B10_D1,773,0,23,0,0
B10_D1,293,0,326,0,0
B6_D1,714,0,464,0,0
B10_D1,489,0,475,0,0
B6_D1,615,0,421,0,0
B10_D1,500,0,88,0,0
B2_D1,798,0,191,0,0
B10_D1,172,0,132,0,0
B6_D1,248,0,248,0,0
B6_D1,161,0,48,0,0
B10_D1,187,0,46,0,0
B10_D1,507,0,142,0,0
G1_D1,612,0,219,0,0
G1_D1,447,0,229,0,0
B10_D1,567,0,6,0,0
B10_D1,993,0,246,0,0
B6_D1,355,0,505,0,0
B6_D1,63,0,289,0,0
B6_D1,654,0,390,0,0
B6_D1,624,0,411,0,0
B6_D1,97,0,196,0,0
B10_D1,644,0,453,0,0
B6_D1,195,0,133,0,0
B6_D1,698,0,202,0,0
B6_D1,887,0,47,0,0
B6_D1,500,0,20,0,0
B10_D1,129,0,61,0,0
B10_D1,649,0,421,0,0
B4_D1,246,0,216,0,0
B4_D1,604,0,304,0,0
B6_D1,672,0,62,0,0
B6_D1,302,0,113,0,0
G1_D1,633,0,457,0,0
B6_D1,514,0,175,0,0
B10_D1,36,0,154,0,0
G1_D1,504,0,5,0,0
B10_D1,608,0,321,0,0
B10_D1,206,0,138,0,0
B10_D1,231,0,156,0,0
G1_D1,850,0,252,0,0
B10_D1,690,0,324,0,0
B6_D1,606,0,346,0,0
B10_D1,914,0,64,0,0
G1_D1,414,0,23,0,0
B10_D1,851,0,256,0,0
B6_D1,510,0,394,0,-1
B4_D1,442,0,239,0,0
B10_D1,611,0,88,0,0
G1_D1,1001,0,62,0,0
B2_D1,670,0,52,0,0
G1_D1,240,0,73,0,0
G1_D1,366,0,21,0,0
B2_D1,432,0,170,0,0
G1_D1,63,0,302,0,0
B6_D1,486,0,70,0,0
B10_D1,636,0,0,0,0
B4_D1,25,0,127,0,0
B10_D1,241,0,356,0,0
G1_D1,736,0,249,0,0
B8_D1,171,0,199,0,0
G1_D1,154,0,231,0,0
B10_D1,106,0,214,0,0
B10_D1,150,0,94,0,0
B6_D1,808,0,255,0,0
B6_D1,418,0,421,0,0
B6_D1,85,0,390,0,0
B10_D1,641,0,462,0,0
B10_D1,975,0,476,0,0
B10_D1,683,0,417,0,0
G1_D1,154,0,7,0,0
B6_D1,525,0,15,0,0
B4_D1,277,0,252,0,0
B10_D1,391,0,250,0,0
B10_D1,207,0,150,0,0
B6_D1,37,0,158,0,0
B2_D1,482,0,30,0,0
B10_D1,383,0,260,0,0
B10_D1,152,0,376,0,0
B6_D1,858,0,374,0,0
B6_D1,787,0,353,0,0
B6_D1,152,0,331,0,0
G1_D1,742,0,100,0,0
B4_D1,438,0,32,0,0
B6_D1,12,0,335,0,0
B6_D1,108,0,483,0,0
B10_D1,236,0,187,0,0
B6_D1,156,0,48,0,0
B6_D1,348,0,72,0,0
B2_D1,797,0,190,0,0
B4_D1,739,0,99,0,0
G1_D1,718,0,192,0,0
G1_D1,744,0,319,0,0
B6_D1,442,0,437,0,0
B2_D1,480,0,495,0,0
B10_D1,498,0,101,0,0
G1_D1,42,0,27,0,0
B6_D1,577,0,42,0,0
B2_D1,443,0,243,0,0
B10_D1,864,0,70,0,0
B4_D1,131,0,63,0,0
B10_D1,147,0,206,0,0
B6_D1,979,0,143,0,0
B6_D1,77,0,143,0,0
B4_D1,759,0,264,0,0
B6_D1,641,0,466,0,0
B10_D1,251,0,247,0,0
B10_D1,927,0,373,0,0
B6_D1,750,0,269,0,0
B6_D1,19,0,308,0,0
G1_D1,30,0,58,0,0
B6_D1,1021,0,439,0,0
B4_D1,754,0,64,0,0
B6_D1,950,0,401,0,0
B10_D1,33,0,57,0,0
B10_D1,881,0,360,0,0
B10_D1,308,0,179,0,0
B6_D1,661,0,486,0,0
B10_D1,76,0,511,0,0
B10_D1,820,0,422,0,0
B4_D1,268,0,151,0,0
B10_D1,700,0,78,0,0
B6_D1,267,0,497,0,0
B10_D1,173,0,44,0,0
G1_D1,755,0,65,0,0
B6_D1,414,0,34,0,0
G1_D1,938,0,46,0,0
B10_D1,703,0,286,0,0
B10_D1,1023,0,187,0,0
B6_D1,126,0,253,0,0
B6_D1,409,0,177,0,0
B4_D1,481,0,83,0,0
B10_D1,270,0,60,0,0
B4_D1,648,0,239,0,0
B10_D1,680,0,254,0,0
B10_D1,325,0,218,0,0
G1_D1,468,0,139,0,0
B6_D1,1008,0,13,0,0
B2_D1,769,0,467,0,0
B6_D1,705,0,20,0,0
B10_D1,381,0,397,0,0
B4_D1,515,0,182,0,0
B6_D1,895,0,490,0,0
B6_D1,337,0,459,0,-1
B2_D1,558,0,223,0,0
B6_D1,918,0,439,0,0
B10_D1,1007,0,52,0,0
B6_D1,754,0,298,0,0
B2_D1,203,0,302,0,0
B4_D1,625,0,182,0,0
B10_D1,210,0,508,0,0
B6_D1,992,0,446,0,-1
B6_D1,924,0,198,0,-1
B10_D1,851,0,100,0,0
B6_D1,222,0,42,0,0
G1_D1,738,0,464,0,0
B10_D1,490,0,52,0,0
B6_D1,977,0,32,0,0
B10_D1,353,0,174,0,0
B8_D1,763,0,312,0,0
B6_D1,264,0,371,0,0
B6_D1,21,0,248,0,0
B10_D1,390,0,341,0,0
B8_D1,187,0,196,0,0
B10_D1,391,0,468,0,0
B8_D1,356,0,293,0,0
B6_D1,521,0,53,0,0
B10_D1,56,0,168,0,0
B10_D1,48,0,266,0,0
B10_D1,777,0,425,0,0
B4_D1,169,0,206,0,0
B6_D1,1007,0,365,0,-1
B10_D1,278,0,319,0,0
B10_D1,242,0,359,0,0
B6_D1,103,0,465,0,0
B4_D1,771,0,276,0,0
B6_D1,404,0,44,0,0
G1_D1,108,0,266,0,0
B10_D1,388,0,13,0,0
B10_D1,683,0,168,0,0
B6_D1,882,0,158,0,0
B10_D1,305,0,153,0,0
B2_D1,755,0,360,0,0
B6_D1,558,0,126,0,0
B10_D1,31,0,92,0,0
B10_D1,118,0,104,0,0
G1_D1,220,0,73,0,0
B4_D1,678,0,311,0,0
B6_D1,1023,0,498,0,0
B6_D1,278,0,479,0,0
B10_D1,631,0,258,0,0
B6_D1,575,0,436,0,-1
B6_D1,753,0,282,0,0
B6_D1,970,0,140,0,0
B10_D1,286,0,303,0,0
B6_D1,293,0,333,0,0
B6_D1,141,0,116,0,0
B4_D1,7,0,371,0,0
B10_D1,204,0,143,0,0
B10_D1,537,0,2,0,0
B6_D1,865,0,10,0,0
B6_D1,908,0,483,0,0
B10_D1,490,0,88,0,0
G1_D1,968,0,307,0,0
G1_D1,519,0,120,0,0
G1_D1,1006,0,246,0,0
B10_D1,659,0,97,0,0
B4_D1,58,0,127,0,0
B2_D1,0,0,450,0,0
B4_D1,748,0,248,0,0
B10_D1,10,0,179,0,0
G1_D1,684,0,5,0,0
G1_D1,433,0,260,0,0
B10_D1,329,0,70,0,0
B10_D1,468,0,108,0,0
B6_D1,611,0,31,0,0
G1_D1,1018,0,426,0,0
B10_D1,716,0,330,0,0
B10_D1,655,0,448,0,0
B10_D1,854,0,68,0,0
G1_D1,23,0,201,0,0
B10_D1,523,0,254,0,0
B10_D1,142,0,36,0,0
B10_D1,408,0,459,0,0
G1_D1,699,0,16,0,0
B10_D1,476,0,43,0,0
B10_D1,678,0,273,0,0
B6_D1,343,0,503,0,0
G1_D1,1009,0,8,0,0
B6_D1,65,0,30,0,0
G1_D1,192,0,177,0,0
B6_D1,922,0,502,0,0
B10_D1,216,0,56,0,0
B10_D1,297,0,250,0,0
B6_D1,850,0,334,0,0
B2_D1,402,0,209,0,0
B10_D1,879,0,32,0,0
B6_D1,400,0,57,0,0
G1_D1,933,0,219,0,0
G1_D1,990,0,293,0,0
B6_D1,888,0,38,0,0
B10_D1,1012,0,511,0,0
B10_D1,61,0,178,0,0
B10_D1,483,0,129,0,0
B10_D1,731,0,43,0,0
B10_D1,318,0,189,0,0
B10_D1,107,0,6,0,0
B2_D1,571,0,478,0,0
B10_D1,401,0,275,0,0
B6_D1,979,0,133,0,0
B6_D1,148,0,175,0,0
B4_D1,766,0,315,0,0
B6_D1,254,0,14,0,0
B10_D1,42,0,20,0,0
B10_D1,29,0,299,0,0
B2_D1,857,0,373,0,0
B6_D1,419,0,354,0,0
B10_D1,272,0,270,0,0
G1_D1,912,0,299,0,0
B6_D1,129,0,404,0,0
B10_D1,721,0,13,0,0
B6_D1,828,0,159,0,0
B6_D1,614,0,263,0,0
B6_D1,131,0,511,0,0
B4_D1,167,0,140,0,0
B2_D1,821,0,46,0,0
B4_D1,353,0,17,0,0
B10_D1,92,0,289,0,0
B6_D1,870,0,332,0,0
G1_D1,20,0,45,0,0
B4_D1,868,0,232,0,0
G1_D1,529,0,9,0,0
B10_D1,793,0,489,0,0
G1_D1,980,0,284,0,0
B6_D1,526,0,429,0,-1
B4_D1,19,0,169,0,0
B6_D1,988,0,60,0,0
B4_D1,39,0,134,0,0
B6_D1,535,0,485,0,0
B6_D1,937,0,294,0,0
G1_D1,962,0,293,0,0
G1_D1,173,0,64,0,0
B10_D1,147,0,291,0,0
B4_D1,507,0,432,0,5
B6_D1,794,0,306,0,0
B6_D1,47,0,159,0,0
B6_D1,120,0,371,0,0
B4_D1,795,0,193,0,0
B10_D1,721,0,67,0,0
B6_D1,268,0,483,0,0
B10_D1,715,0,120,0,0
B6_D1,816,0,6,0,0
B6_D1,717,0,156,0,0
B6_D1,435,0,124,0,0
B6_D1,693,0,113,0,0
B6_D1,513,0,503,0,0
B10_D1,850,0,91,0,0
B6_D1,711,0,383,0,0
B10_D1,313,0,331,0,0
G1_D1,916,0,63,0,0
B10_D1,195,0,433,0,0
B6_D1,736,0,467,0,0
B10_D1,268,0,34,0,0
B8_D1,212,0,55,0,0
B10_D1,754,0,25,0,0
B10_D1,479,0,40,0,0
B6_D1,711,0,395,0,0
G1_D1,9,0,210,0,0
G1_D1,10,0,118,0,0
B10_D1,446,0,288,0,0
B6_D1,739,0,24,0,0
B6_D1,990,0,136,0,0
B4_D1,287,0,38,0,0
B10_D1,11,0,253,0,0
B6_D1,728,0,240,0,0
G1_D1,375,0,409,0,0
B10_D1,241,0,44,0,0
B6_D1,562,0,321,0,0
B10_D1,467,0,29,0,0
B6_D1,816,0,302,0,0
G1_D1,839,0,233,0,0
B6_D1,603,0,427,0,0
G1_D1,31,0,63,0,0
B10_D1,75,0,304,0,0
B6_D1,327,0,200,0,0
G1_D1,716,0,362,0,0
B10_D1,701,0,13,0,0
B4_D1,0,0,405,0,0
B6_D1,91,0,398,0,0
B10_D1,94,0,149,0,0
G1_D1,11,0,132,0,0
B10_D1,538,0,103,0,0
B10_D1,559,0,484,0,0
B4_D1,742,0,213,0,0
B6_D1,114,0,494,0,0
G1_D1,401,0,268,0,0
G1_D1,976,0,279,0,0
B6_D1,95,0,462,0,0
B6_D1,797,0,386,0,0
G1_D1,262,0,336,0,0
G1_D1,258,0,253,0,0
B4_D1,702,0,259,0,0
G1_D1,288,0,54,0,0
B6_D1,135,0,106,0,0
G1_D1,199,0,7,0,0
B6_D1,589,0,163,0,0
B4_D1,918,0,53,0,0
B6_D1,812,0,82,0,0
B6_D1,937,0,62,0,0
B10_D1,287,0,47,0,0
G1_D1,864,0,3,0,0
B6_D1,893,0,23,0,0
B10_D1,409,0,150,0,0
B2_D1,850,0,26,0,0
G1_D1,446,0,21,0,0
B10_D1,511,0,148,0,0
B6_D1,775,0,495,0,0
B6_D1,128,0,28,0,0
B10_D1,269,0,140,0,0
B10_D1,931,0,75,0,0
B2_D1,558,0,120,0,0
B6_D1,482,0,7,0,0
B10_D1,43,0,22,0,0
B6_D1,402,0,178,0,0
B6_D1,578,0,481,0,0
B8_D1,542,0,292,0,0
B10_D1,146,0,170,0,0
B10_D1,77,0,6,0,0
B6_D1,353,0,488,0,0
B10_D1,412,0,338,0,0
G1_D1,21,0,280,0,0
B6_D1,365,0,329,0,0
B10_D1,774,0,375,0,0
B6_D1,407,0,290,0,0
G1_D1,455,0,0,0,0
B6_D1,769,0,499,0,0
B4_D1,263,0,18,0,0
B4_D1,5,0,117,0,0
B6_D1,662,0,222,0,0
B6_D1,570,0,35,0,0
B10_D1,333,0,32,0,0
B6_D1,728,0,33,0,0
B10_D1,154,0,378,0,0
B6_D1,466,0,406,0,0
B6_D1,339,0,509,0,0
B10_D1,864,0,25,0,0
B4_D1,751,0,63,0,0
B6_D1,498,0,250,0,0
B4_D1,799,0,36,0,0
B10_D1,1010,0,469,0,0
B6_D1,638,0,23,0,0
G1_D1,828,0,162,0,0
B6_D1,176,0,407,0,0
B10_D1,143,0,306,0,0
G1_D1,711,0,29,0,0
B10_D1,1021,0,26,0,0
G1_D1,458,0,362,0,0
B6_D1,686,0,190,0,0
G1_D1,714,0,338,0,0
B2_D1,601,0,290,0,0
G1_D1,180,0,49,0,0
B6_D1,578,0,166,0,0
B2_D1,703,0,68,0,0
B6_D1,7,0,131,0,0
B6_D1,515,0,15,0,0
B6_D1,661,0,21,0,0
G1_D1,573,0,284,0,0
B4_D1,635,0,181,0,0
B8_D1,848,0,229,0,0
B4_D1,661,0,185,0,0
B10_D1,495,0,478,0,0
B6_D1,376,0,350,0,0
G1_D1,584,0,227,0,0
B2_D1,485,0,369,0,0
B10_D1,254,0,351,0,0
G1_D1,594,0,455,0,9
G1_D1,12,0,509,0,0
B6_D1,704,0,303,0,0
B10_D1,271,0,310,0,0
B10_D1,934,0,2,0,0
B10_D1,453,0,36,0,0
G1_D1,91,0,45,0,0
B6_D1,990,0,344,0,-1
G1_D1,601,0,188,0,0
G1_D1,928,0,95,0,0
G1_D1,384,0,3,0,0
G1_D1,1012,0,70,0,0
B10_D1,483,0,130,0,0
G1_D1,15,0,205,0,0
B10_D1,439,0,116,0,0
B10_D1,643,0,371,0,0
G1_D1,433,0,299,0,0
B10_D1,83,0,282,0,0
G1_D1,255,0,283,0,0
B2_D1,281,0,511,0,0
G1_D1,1012,0,146,0,0
G1_D1,792,0,22,0,0
B6_D1,799,0,109,0,0
B6_D1,119,0,88,0,0
B6_D1,969,0,393,0,0
B10_D1,179,0,31,0,0
B10_D1,353,0,261,0,0
B4_D1,230,0,50,0,0
B6_D1,933,0,434,0,0
B2_D1,658,0,502,0,0
B10_D1,368,0,481,0,0
B6_D1,290,0,242,0,0
G1_D1,923,0,438,0,0
B10_D1,351,0,187,0,0
B2_D1,814,0,67,0,0
B6_D1,300,0,74,0,0
B10_D1,955,0,407,0,0
B6_D1,858,0,421,0,-1
B6_D1,521,0,277,0,0
B6_D1,10,0,500,0,0
G1_D1,31,0,393,0,0
B2_D1,815,0,365,0,0
G1_D1,516,0,123,0,0
G1_D1,184,0,179,0,0
B6_D1,445,0,458,0,0
B2_D1,613,0,48,0,0
B2_D1,870,0,50,0,0
B6_D1,140,0,211,0,0
G1_D1,322,0,397,0,0
G1_D1,467,0,481,0,0
B6_D1,371,0,53,0,0
B6_D1,148,0,160,0,0
B6_D1,182,0,7,0,0
B10_D1,956,0,5,0,0
G1_D1,252,0,157,0,0
B10_D1,971,0,64,0,0
B2_D1,162,0,412,0,0
B6_D1,548,0,157,0,0
G1_D1,68,0,460,0,0
B10_D1,108,0,299,0,0
B10_D1,261,0,277,0,0
B10_D1,196,0,244,0,0
G1_D1,991,0,62,0,0
B6_D1,28,0,196,0,0
B4_D1,575,0,20,0,0
B6_D1,569,0,333,0,0
B6_D1,35,0,414,0,0
B2_D1,986,0,57,0,0
B6_D1,403,0,282,0,0
B6_D1,286,0,395,0,0
B6_D1,276,0,274,0,0
B10_D1,802,0,88,0,0
B10_D1,271,0,56,0,0
B6_D1,609,0,115,0,0
B6_D1,287,0,497,0,0
B6_D1,179,0,34,0,0
B6_D1,695,0,30,0,0
G1_D1,109,0,275,0,0
B2_D1,441,0,159,0,0
G1_D1,303,0,158,0,0
B2_D1,649,0,168,0,0
B10_D1,115,0,60,0,0
B6_D1,120,0,292,0,0
B10_D1,369,0,67,0,0
B8_D1,161,0,341,0,0
B10_D1,680,0,276,0,0
B10_D1,551,0,410,0,0
B6_D1,279,0,376,0,0
B10_D1,114,0,124,0,0
B10_D1,588,0,218,0,0
G1_D1,44,0,35,0,0
B2_D1,758,0,466,0,0
B10_D1,143,0,136,0,0
B6_D1,911,0,241,0,0
B2_D1,307,0,141,0,0
B6_D1,712,0,339,0,0
B6_D1,557,0,125,0,0
G1_D1,883,0,53,0,0
G1_D1,549,0,6,0,0
B10_D1,394,0,343,0,0
B10_D1,520,0,292,0,0
B6_D1,834,0,19,0,0
B6_D1,944,0,499,0,0
G1_D1,883,0,246,0,0
B4_D1,968,0,12,0,0
B6_D1,686,0,451,0,0
B10_D1,5,0,342,0,0
G1_D1,47,0,108,0,0
B10_D1,688,0,417,0,0
B10_D1,373,0,203,0,0
B6_D1,616,0,36,0,0
B2_D1,627,0,224,0,0
G1_D1,795,0,210,0,0
G1_D1,1001,0,29,0,0
G1_D1,39,0,405,0,0
B6_D1,147,0,167,0,0
B10_D1,179,0,189,0,0
B4_D1,1,0,149,0,0
G1_D1,82,0,17,0,0
B2_D1,422,0,504,0,0
G1_D1,758,0,241,0,0
B8_D1,395,0,282,0,0
G1_D1,647,0,243,0,0
G1_D1,340,0,56,0,0
B6_D1,730,0,106,0,0
B10_D1,131,0,3,0,0
G1_D1,463,0,115,0,0
B2_D1,890,0,392,0,0
G1_D1,864,0,10,0,0
B10_D1,685,0,268,0,0
B2_D1,943,0,23,0,0
G1_D1,27,0,139,0,0
B6_D1,375,0,20,0,0
G1_D1,371,0,278,0,0
G1_D1,974,0,382,0,-1
B6_D1,644,0,195,0,0
B6_D1,941,0,417,0,0
B10_D1,497,0,301,0,0
G1_D1,311,0,42,0,0
B10_D1,732,0,416,0,0
B10_D1,1006,0,340,0,0
B10_D1,651,0,269,0,0
B6_D1,144,0,504,0,0
B10_D1,29,0,73,0,0
B10_D1,274,0,121,0,0
B10_D1,688,0,185,0,0
B6_D1,540,0,505,0,0
B6_D1,924,0,134,0,0
B6_D1,633,0,467,0,0
B10_D1,210,0,73,0,0
B4_D1,121,0,166,0,0
B6_D1,506,0,406,0,0
B6_D1,32,0,119,0,0
B10_D1,398,0,265,0,0
G1_D1,865,0,253,0,0
B10_D1,802,0,381,0,0
B10_D1,134,0,260,0,0
B8_D1,619,0,181,0,0
B10_D1,1,0,404,0,0
B4_D1,133,0,16,0,0
B6_D1,776,0,54,0,0
B6_D1,914,0,24,0,0
B4_D1,854,0,236,0,0
B6_D1,261,0,100,0,-1
B4_D1,631,0,221,0,0
B10_D1,616,0,285,0,0
B2_D1,858,0,122,0,0
B4_D1,795,0,192,0,0
B6_D1,880,0,49,0,0
B6_D1,364,0,435,0,2
B6_D1,716,0,6,0,0
B6_D1,54,0,355,0,-1
B4_D1,88,0,3,0,0
B10_D1,1020,0,131,0,0
B4_D1,829,0,13,0,0
B6_D1,17,0,49,0,0
B6_D1,315,0,141,0,0
B10_D1,763,0,427,0,0
B4_D1,203,0,16,0,0
G1_D1,647,0,78,0,0
B10_D1,420,0,263,0,0
G1_D1,759,0,13,0,0
G1_D1,1016,0,284,0,0
B10_D1,170,0,202,0,0
B2_D1,0,0,454,0,0
B6_D1,768,0,508,0,0
G1_D1,11,0,105,0,0
G1_D1,153,0,438,0,0
B6_D1,45,0,45,0,0
G1_D1,549,0,249,0,0
B2_D1,200,0,475,0,0
B10_D1,780,0,252,0,0
G1_D1,22,0,395,0,0
B6_D1,362,0,481,0,0
B10_D1,721,0,422,0,0
B6_D1,3,0,33,0,0
B6_D1,574,0,44,0,0
B10_D1,281,0,5,0,0
B6_D1,265,0,485,0,0
B2_D1,202,0,80,0,0
B10_D1,267,0,193,0,0
B6_D1,179,0,62,0,0
G1_D1,702,0,436,0,0
B10_D1,956,0,277,0,0
B10_D1,584,0,197,0,0
B2_D1,609,0,24,0,0
G1_D1,944,0,248,0,0
B10_D1,855,0,284,0,0
B6_D1,88,0,3,0,0
B6_D1,132,0,216,0,0
B4_D1,2,0,275,0,0
B6_D1,746,0,36,0,0
G1_D1,790,0,95,0,0
B2_D1,374,0,205,0,0
B10_D1,577,0,206,0,0
B6_D1,646,0,285,0,0
G1_D1,404,0,8,0,0
B2_D1,251,0,27,0,0
B10_D1,108,0,120,0,0
G1_D1,1010,0,94,0,0
G1_D1,193,0,126,0,0
G1_D1,720,0,324,0,0
B10_D1,72,0,302,0,0
B6_D1,638,0,480,0,0
G1_D1,24,0,216,0,0
B10_D1,851,0,375,0,0
B6_D1,377,0,459,0,1
B10_D1,42,0,89,0,0
B10_D1,226,0,1,0,0
B4_D1,6,0,87,0,0
B6_D1,834,0,122,0,0
B6_D1,143,0,192,0,0
B10_D1,672,0,27,0,0
B6_D1,948,0,13,0,0
B4_D1,946,0,57,0,0
B10_D1,616,0,1,0,0
B10_D1,410,0,341,0,0
G1_D1,630,0,268,0,0
B10_D1,790,0,172,0,0
G1_D1,367,0,411,0,0
G1_D1,480,0,216,0,0
B10_D1,275,0,510,0,0
G1_D1,913,0,490,0,0
B6_D1,360,0,170,0,0
B6_D1,331,0,26,0,0
B6_D1,906,0,16,0,0
B10_D1,231,0,148,0,0
G1_D1,228,0,77,0,0
G1_D1,893,0,244,0,0
G1_D1,489,0,480,0,0
B6_D1,676,0,419,0,0
B6_D1,536,0,46,0,0
B6_D1,914,0,494,0,0
B4_D1,624,0,163,0,0
B6_D1,849,0,88,0,0
B6_D1,210,0,485,0,0
B2_D1,702,0,67,0,0
B2_D1,926,0,510,0,0
G1_D1,585,0,21,0,0
B6_D1,861,0,336,0,0
B10_D1,10,0,340,0,0
B2_D1,680,0,52,0,0
B6_D1,966,0,6,0,0
B2_D1,817,0,225,0,0
B10_D1,341,0,118,0,0
B10_D1,154,0,169,0,0
B6_D1,3,0,61,0,0
B10_D1,894,0,393,0,0
B8_D1,851,0,305,0,0
B6_D1,587,0,171,0,0
B6_D1,321,0,336,0,0
B6_D1,499,0,29,0,0
G1_D1,374,0,57,0,0
G1_D1,311,0,23,0,0
B4_D1,649,0,207,0,0
B6_D1,710,0,352,0,0
B10_D1,939,0,345,0,0
B4_D1,791,0,247,0,0
B6_D1,944,0,127,0,0
B6_D1,4,0,315,0,0
G1_D1,865,0,272,0,0
B10_D1,854,0,377,0,0
G1_D1,990,0,30,0,0
G1_D1,323,0,148,0,0
B10_D1,828,0,325,0,0
B4_D1,474,0,244,0,0
G1_D1,931,0,65,0,0
B6_D1,816,0,154,0,0
B10_D1,486,0,0,0,0
B10_D1,630,0,483,0,0
B10_D1,268,0,204,0,0
G1_D1,772,0,18,0,0
B4_D1,265,0,323,0,0
B6_D1,689,0,187,0,0
G1_D1,22,0,317,0,0
B6_D1,215,0,500,0,0
B6_D1,956,0,402,0,0
B6_D1,791,0,127,0,0
B10_D1,492,0,107,0,0
B6_D1,350,0,398,0,-1
B6_D1,99,0,29,0,0
B6_D1,789,0,268,0,0
G1_D1,256,0,233,0,0
B10_D1,277,0,415,0,0
G1_D1,996,0,168,0,0
B6_D1,826,0,304,0,0
B6_D1,195,0,425,0,0
B6_D1,764,0,196,0,0
G1_D1,560,0,233,0,0
B6_D1,719,0,429,0,0
G1_D1,997,0,211,0,0
B6_D1,390,0,15,0,0
B6_D1,961,0,46,0,0
B6_D1,329,0,499,0,0
B2_D1,986,0,64,0,0
B10_D1,449,0,122,0,0
G1_D1,564,0,3,0,0
B6_D1,91,0,360,0,0
B6_D1,834,0,386,0,0
B10_D1,277,0,47,0,0
B6_D1,686,0,131,0,0
B6_D1,741,0,333,0,0
G1_D1,10,0,393,0,0
G1_D1,1018,0,464,0,0
B6_D1,611,0,501,0,0
B8_D1,602,0,297,0,0
B10_D1,734,0,113,0,0
B10_D1,992,0,262,0,0
B6_D1,142,0,127,0,0
B10_D1,572,0,506,0,0
B6_D1,1022,0,135,0,0
B10_D1,15,0,106,0,0
B6_D1,171,0,41,0,0
G1_D1,1004,0,281,0,0
B6_D1,869,0,360,0,0
G1_D1,938,0,67,0,0
B2_D1,432,0,160,0,0
B6_D1,803,0,153,0,0
B6_D1,779,0,44,0,0
G1_D1,710,0,27,0,0
B2_D1,324,0,495,0,0
G1_D1,112,0,96,0,0
B6_D1,928,0,8,0,0
B10_D1,205,0,428,0,0
B10_D1,107,0,11,0,0
B10_D1,173,0,503,0,0
B4_D1,760,0,229,0,0
B6_D1,616,0,48,0,0
B6_D1,864,0,9,0,0
B4_D1,991,0,41,0,0
B10_D1,398,0,55,0,0
B10_D1,134,0,61,0,0
G1_D1,133,0,381,0,0
B2_D1,924,0,74,0,0
B10_D1,334,0,159,0,0
B10_D1,522,0,86,0,0
B10_D1,72,0,462,0,0
G1_D1,913,0,94,0,0
B2_D1,863,0,5,0,0
B6_D1,620,0,191,0,0
B6_D1,80,0,474,0,0
B10_D1,173,0,264,0,0
B10_D1,370,0,59,0,0
B10_D1,620,0,289,0,0
B10_D1,806,0,19,0,0
B6_D1,880,0,299,0,0
G1_D1,807,0,87,0,0
B6_D1,835,0,485,0,0
B6_D1,698,0,23,0,0
B6_D1,648,0,33,0,0
B6_D1,191,0,449,0,0
B10_D1,227,0,58,0,0
B10_D1,244,0,311,0,0
B8_D1,28,0,323,0,0
B6_D1,702,0,425,0,0
B10_D1,664,0,89,0,0
B6_D1,879,0,60,0,0
B4_D1,272,0,247,0,0
G1_D1,554,0,462,0,0
G1_D1,372,0,461,0,1
B10_D1,982,0,505,0,0
B6_D1,830,0,500,0,0
B6_D1,77,0,487,0,0
G1_D1,162,0,222,0,0
B6_D1,48,0,503,0,0
G1_D1,63,0,455,0,0
G1_D1,980,0,44,0,0
B10_D1,671,0,0,0,0
B10_D1,225,0,337,0,0
B4_D1,948,0,99,0,0
B6_D1,458,0,318,0,0
G1_D1,750,0,428,0,0
G1_D1,880,0,22,0,0
B6_D1,151,0,194,0,0
B10_D1,560,0,113,0,0
G1_D1,745,0,53,0,0
B10_D1,603,0,501,0,0
G1_D1,709,0,271,0,0
B6_D1,6,0,264,0,0
B8_D1,36,0,3,0,0
B6_D1,214,0,71,0,0
B10_D1,240,0,78,0,0
B6_D1,286,0,48,0,0
G1_D1,725,0,259,0,0
B10_D1,592,0,292,0,0
B10_D1,210,0,57,0,0
B4_D1,960,0,219,0,0
B6_D1,482,0,132,0,0
B10_D1,92,0,136,0,0
B6_D1,587,0,22,0,0
B6_D1,1002,0,22,0,0
B4_D1,286,0,265,0,0
B2_D1,353,0,290,0,0
B6_D1,3,0,365,0,0
B2_D1,432,0,42,0,0
B10_D1,230,0,428,0,0
B6_D1,77,0,47,0,0
G1_D1,1017,0,202,0,0
B6_D1,307,0,17,0,0
B6_D1,843,0,446,0,0
B6_D1,481,0,48,0,0
B10_D1,283,0,319,0,0
B10_D1,497,0,244,0,0
B6_D1,752,0,12,0,0
B10_D1,902,0,66,0,0
B2_D1,863,0,121,0,0
B4_D1,618,0,299,0,0
B4_D1,536,0,379,0,0
B6_D1,176,0,506,0,0
G1_D1,878,0,248,0,0
B10_D1,568,0,115,0,0
G1_D1,36,0,126,0,0
B6_D1,727,0,497,0,0
B10_D1,745,0,359,0,0
B2_D1,953,0,63,0,0
G1_D1,554,0,3,0,0
B6_D1,375,0,40,0,0
B10_D1,456,0,3,0,0
G1_D1,259,0,76,0,0
B6_D1,540,0,485,0,0
G1_D1,939,0,16,0,0
G1_D1,130,0,24,0,0
B10_D1,617,0,52,0,0
G1_D1,366,0,226,0,0
B6_D1,228,0,329,0,0
B6_D1,348,0,98,0,0
B6_D1,641,0,217,0,0
G1_D1,729,0,14,0,0
B6_D1,698,0,480,0,0
B6_D1,247,0,131,0,0
B10_D1,204,0,67,0,0
B10_D1,804,0,258,0,0
B6_D1,864,0,152,0,0
B2_D1,727,0,224,0,-1
B10_D1,972,0,75,0,0
G1_D1,723,0,35,0,0
B6_D1,451,0,16,0,0
G1_D1,417,0,225,0,0
B6_D1,751,0,294,0,0
B2_D1,913,0,443,0,0
B6_D1,166,0,385,0,0
B6_D1,177,0,361,0,0
B10_D1,935,0,260,0,0
G1_D1,999,0,15,0,0
B10_D1,12,0,29,0,0
B6_D1,36,0,478,0,0
B6_D1,815,0,296,0,0
B10_D1,244,0,67,0,0
B6_D1,363,0,372,0,0
B10_D1,548,0,283,0,0
B6_D1,175,0,277,0,0
B4_D1,968,0,207,0,0
B10_D1,804,0,244,0,0
B10_D1,283,0,204,0,0
B10_D1,736,0,39,0,0
B6_D1,172,0,331,0,-1
B6_D1,440,0,65,0,0
B6_D1,852,0,72,0,0
B10_D1,673,0,38,0,0
B6_D1,933,0,367,0,0
G1_D1,44,0,199,0,0
B10_D1,549,0,475,0,0
G1_D1,266,0,23,0,0
B6_D1,770,0,485,0,0
B10_D1,915,0,387,0,0
B4_D1,863,0,209,0,0
B6_D1,994,0,311,0,0
B10_D1,493,0,162,0,0
B6_D1,98,0,23,0,0
B6_D1,344,0,355,0,0
B10_D1,615,0,54,0,0
B10_D1,925,0,301,0,0
B6_D1,755,0,500,0,0
B4_D1,166,0,115,0,0
G1_D1,217,0,53,0,0
B10_D1,241,0,144,0,0
B2_D1,986,0,90,0,0
B6_D1,928,0,419,0,0
B2_D1,717,0,185,0,0
B6_D1,872,0,348,0,0
B4_D1,842,0,35,0,0
B10_D1,332,0,250,0,-1
G1_D1,946,0,253,0,0
B4_D1,59,0,21,0,0
B8_D1,47,0,328,0,0
B10_D1,132,0,289,0,0
B10_D1,139,0,240,0,0
B6_D1,510,0,148,0,0
G1_D1,216,0,185,0,0
B6_D1,989,0,450,0,-1
B4_D1,4,0,409,0,0
B10_D1,823,0,433,0,0
B6_D1,966,0,346,0,-1
B6_D1,141,0,26,0,0
B6_D1,904,0,101,0,0
B6_D1,509,0,4,0,0
B6_D1,745,0,269,0,0
B10_D1,262,0,51,0,0
B6_D1,120,0,20,0,0
G1_D1,349,0,421,0,0
B10_D1,234,0,426,0,0
B10_D1,645,0,35,0,0
B6_D1,752,0,194,0,0
G1_D1,670,0,64,0,0
G1_D1,897,0,114,0,0
B2_D1,94,0,92,0,0
G1_D1,584,0,240,0,0
B10_D1,766,0,511,0,0
B10_D1,594,0,274,0,0
G1_D1,1014,0,12,0,0
B6_D1,475,0,331,0,0
G1_D1,581,0,1,0,0
B4_D1,666,0,185,0,0
G1_D1,941,0,40,0,0
B10_D1,324,0,130,0,0
B6_D1,179,0,129,0,0
G1_D1,1015,0,19,0,0
B6_D1,76,0,422,0,0
B6_D1,1013,0,28,0,0
B6_D1,895,0,485,0,0
B6_D1,3,0,211,0,0
B6_D1,861,0,216,0,0
B4_D1,78,0,16,0,0
B4_D1,306,0,218,0,0
B10_D1,479,0,502,0,0
G1_D1,67,0,99,0,0
B10_D1,794,0,410,0,0
B6_D1,219,0,423,0,0
B10_D1,726,0,335,0,0
G1_D1,975,0,24,0,0
B6_D1,17,0,22,0,0
G1_D1,805,0,494,0,0
B10_D1,855,0,238,0,0
B10_D1,385,0,7,0,0
B6_D1,261,0,360,0,0
B10_D1,933,0,74,0,0
B10_D1,765,0,251,0,0
B10_D1,930,0,326,0,0
B4_D1,102,0,188,0,0
B10_D1,229,0,38,0,0
B6_D1,702,0,332,0,0
B6_D1,262,0,160,0,0
B6_D1,375,0,193,0,0
B4_D1,120,0,401,0,0
B6_D1,725,0,192,0,0
B4_D1,94,0,161,0,0
B4_D1,525,0,392,0,0
B6_D1,598,0,481,0,0
G1_D1,768,0,85,0,0
B10_D1,1023,0,335,0,0
B8_D1,612,0,222,0,0
B6_D1,563,0,161,0,0
B6_D1,66,0,506,0,0
B2_D1,850,0,58,0,0
B6_D1,14,0,130,0,0
B10_D1,726,0,470,0,0
B10_D1,151,0,326,0,0
B6_D1,803,0,94,0,0
B4_D1,8,0,341,0,0
G1_D1,44,0,95,0,0
B6_D1,866,0,164,0,0
B6_D1,849,0,50,0,0
B10_D1,773,0,22,0,0
B6_D1,338,0,79,0,0
B10_D1,667,0,469,0,0
B4_D1,733,0,273,0,0
G1_D1,938,0,244,0,0
G1_D1,442,0,301,0,0
B6_D1,711,0,370,0,0
B4_D1,0,0,300,0,0
G1_D1,461,0,243,0,0
B6_D1,729,0,298,0,0
B4_D1,209,0,67,0,0
B6_D1,451,0,169,0,0
G1_D1,831,0,83,0,0
G1_D1,1014,0,308,0,0
B10_D1,314,0,71,0,0
B6_D1,312,0,459,0,3
B6_D1,793,0,349,0,0
B6_D1,998,0,481,0,0
B10_D1,621,0,49,0,0
B10_D1,33,0,242,0,0
G1_D1,891,0,232,0,0
G1_D1,571,0,243,0,0
B6_D1,36,0,263,0,0
B2_D1,873,0,31,0,0
B6_D1,268,0,68,0,0
B6_D1,127,0,100,0,0
G1_D1,164,0,259,0,0
G1_D1,65,0,20,0,0
B6_D1,651,0,349,0,0
B6_D1,24,0,136,0,0
B6_D1,783,0,3,0,0
B10_D1,425,0,508,0,0
B6_D1,297,0,507,0,0
B6_D1,2,0,258,0,0
B4_D1,485,0,90,0,0
B10_D1,285,0,329,0,0
B10_D1,775,0,57,0,0
B6_D1,171,0,78,0,0
B6_D1,997,0,446,0,-1
G1_D1,352,0,25,0,0
B6_D1,137,0,447,0,0
B4_D1,514,0,427,0,5
B6_D1,332,0,387,0,0
B10_D1,285,0,333,0,0
B10_D1,70,0,320,0,0
B4_D1,258,0,330,0,0
B6_D1,540,0,45,0,0
B10_D1,55,0,162,0,0
B6_D1,886,0,491,0,0
B10_D1,589,0,484,0,0
B10_D1,732,0,461,0,0
B6_D1,668,0,18,0,0
B10_D1,490,0,50,0,0
G1_D1,594,0,12,0,0
B6_D1,867,0,17,0,0
B6_D1,273,0,3,0,0
G1_D1,458,0,53,0,0
G1_D1,108,0,51,0,0
B10_D1,881,0,101,0,0
B10_D1,931,0,380,0,0
G1_D1,60,0,206,0,0
B6_D1,778,0,153,0,0
B10_D1,113,0,500,0,0
B6_D1,703,0,343,0,0
B10_D1,891,0,473,0,0
B6_D1,543,0,240,0,0
B10_D1,958,0,1,0,0
G1_D1,439,0,7,0,0
G1_D1,645,0,0,0,0
B4_D1,933,0,12,0,0
B6_D1,743,0,43,0,0
B10_D1,844,0,283,0,0
B6_D1,796,0,31,0,0
B6_D1,280,0,495,0,0
B10_D1,108,0,204,0,0
B4_D1,178,0,17,0,0
B8_D1,22,0,258,0,0
B10_D1,1014,0,65,0,0
B6_D1,32,0,298,0,0
B6_D1,778,0,395,0,0
B6_D1,451,0,1,0,0
B6_D1,553,0,480,0,0
B4_D1,872,0,253,0,0
B10_D1,76,0,55,0,0
B6_D1,142,0,27,0,0
B6_D1,856,0,385,0,0
B10_D1,447,0,78,0,0
B2_D1,376,0,487,0,0
B4_D1,37,0,9,0,0
B2_D1,878,0,47,0,0
B6_D1,429,0,50,0,0
B10_D1,582,0,214,0,0
G1_D1,794,0,4,0,0
B6_D1,683,0,410,0,0
B6_D1,209,0,279,0,0
B10_D1,2,0,40,0,0
B6_D1,718,0,498,0,0
B6_D1,6,0,336,0,0
G1_D1,917,0,488,0,0
B6_D1,281,0,16,0,0
B10_D1,6,0,388,0,0
G1_D1,450,0,124,0,0
B6_D1,596,0,423,0,0
G1_D1,910,0,251,0,0
G1_D1,269,0,510,0,0
G1_D1,35,0,169,0,0
G1_D1,248,0,41,0,0
B10_D1,229,0,316,0,0
B10_D1,1010,0,330,0,0
B6_D1,913,0,498,0,0
G1_D1,996,0,246,0,0
B10_D1,792,0,401,0,0
B4_D1,975,0,122,0,0
B10_D1,544,0,327,0,0
B10_D1,335,0,266,0,0
B10_D1,740,0,312,0,0
G1_D1,56,0,101,0,0
B10_D1,682,0,275,0,0
B2_D1,604,0,25,0,0
B10_D1,650,0,245,0,0
B6_D1,519,0,244,0,0
G1_D1,927,0,256,0,0
B10_D1,469,0,66,0,0
B6_D1,565,0,485,0,0
B6_D1,861,0,334,0,0
B6_D1,362,0,263,0,0
B10_D1,327,0,35,0,0
G1_D1,450,0,240,0,0
B10_D1,25,0,63,0,0
B10_D1,193,0,130,0,0
G1_D1,270,0,24,0,0
G1_D1,535,0,47,0,0
G1_D1,241,0,170,0,0
B6_D1,333,0,95,0,0
B10_D1,185,0,227,0,0
B10_D1,293,0,307,0,0
B4_D1,573,0,167,0,0
G1_D1,799,0,16,0,0
B10_D1,608,0,4,0,0
B6_D1,972,0,189,0,0
B6_D1,82,0,487,0,0
B2_D1,334,0,52,0,0
B6_D1,547,0,260,0,0
B2_D1,116,0,511,0,0
G1_D1,939,0,30,0,0
G1_D1,583,0,225,0,0
G1_D1,274,0,62,0,0
B6_D1,807,0,300,0,0
B10_D1,255,0,266,0,0
G1_D1,366,0,15,0,0
B10_D1,41,0,295,0,0
B6_D1,225,0,25,0,0
B2_D1,777,0,23,0,0
G1_D1,139,0,190,0,0
G1_D1,842,0,242,0,0
B2_D1,844,0,18,0,0
B6_D1,660,0,35,0,0
B2_D1,724,0,496,0,0
B4_D1,228,0,18,0,0
B6_D1,987,0,446,0,-1
B6_D1,25,0,474,0,0
G1_D1,28,0,320,0,0
G1_D1,458,0,115,0,0
B10_D1,866,0,216,0,0
B10_D1,761,0,420,0,0
G1_D1,723,0,253,0,0
B10_D1,87,0,325,0,0
B10_D1,41,0,259,0,0
B6_D1,607,0,63,0,0
B6_D1,227,0,88,0,0
G1_D1,903,0,95,0,0
B10_D1,8,0,52,0,0
B4_D1,769,0,238,0,0
B10_D1,736,0,125,0,0
G1_D1,208,0,108,0,0
B10_D1,481,0,43,0,0
B10_D1,1014,0,74,0,0
B6_D1,332,0,22,0,0
B10_D1,166,0,120,0,0
B10_D1,481,0,39,0,0
B10_D1,766,0,457,0,0
B6_D1,933,0,508,0,0
B10_D1,820,0,279,0,0
B6_D1,207,0,307,0,0
B2_D1,102,0,97,0,0
B6_D1,165,0,98,0,0
G1_D1,1015,0,142,0,0
B10_D1,852,0,82,0,0
G1_D1,734,0,6,0,0
B6_D1,962,0,27,0,0
B6_D1,578,0,315,0,0
B6_D1,434,0,39,0,0
G1_D1,655,0,45,0,0
B10_D1,401,0,234,0,0
B6_D1,150,0,255,0,0
G1_D1,804,0,307,0,0
B6_D1,934,0,116,0,0
G1_D1,227,0,60,0,0
B8_D1,239,0,189,0,0
B8_D1,207,0,104,0,0
B6_D1,269,0,196,0,0
B10_D1,241,0,243,0,0
B6_D1,49,0,205,0,0
G1_D1,36,0,71,0,0
B2_D1,87,0,277,0,0
G1_D1,981,0,376,0,-1
B6_D1,240,0,400,0,0
B6_D1,518,0,480,0,0
G1_D1,46,0,78,0,0
B6_D1,228,0,3,0,0
B10_D1,124,0,448,0,0
G1_D1,68,0,161,0,0
B10_D1,228,0,133,0,0
B6_D1,11,0,511,0,0
B10_D1,625,0,84,0,0
B10_D1,716,0,404,0,0
G1_D1,720,0,0,0,0
G1_D1,805,0,270,0,0
B6_D1,621,0,496,0,0
B6_D1,637,0,59,0,0
B6_D1,758,0,450,0,0
B10_D1,761,0,74,0,0
B4_D1,744,0,201,0,0
B6_D1,83,0,3,0,0
B6_D1,778,0,38,0,0
B6_D1,331,0,336,0,0
B6_D1,101,0,486,0,0
B6_D1,173,0,196,0,0
B6_D1,729,0,421,0,0
G1_D1,313,0,41,0,0
G1_D1,73,0,350,0,-1
B6_D1,787,0,74,0,0
B6_D1,100,0,390,0,0
B6_D1,765,0,10,0,0
B10_D1,114,0,337,0,0
B10_D1,854,0,404,0,0
G1_D1,367,0,469,0,0
B4_D1,129,0,182,0,0
B4_D1,6,0,420,0,0
G1_D1,197,0,43,0,0
G1_D1,1005,0,119,0,0
G1_D1,614,0,2,0,0
B6_D1,20,0,208,0,0
B10_D1,203,0,283,0,0
G1_D1,463,0,362,0,0
B10_D1,877,0,365,0,0
B10_D1,415,0,413,0,0
B6_D1,32,0,507,0,0
B6_D1,53,0,308,0,0
B10_D1,778,0,39,0,0
G1_D1,80,0,92,0,0
G1_D1,926,0,28,0,0
B6_D1,64,0,455,0,0
B10_D1,830,0,357,0,0
G1_D1,358,0,42,0,0
B10_D1,339,0,248,0,0
G1_D1,943,0,23,0,0
B6_D1,115,0,240,0,0
B6_D1,824,0,423,0,0
B6_D1,802,0,156,0,0
G1_D1,903,0,304,0,0
B2_D1,953,0,143,0,0
B6_D1,808,0,49,0,0
B2_D1,112,0,510,0,0
B6_D1,558,0,322,0,0
B10_D1,408,0,59,0,0
B4_D1,542,0,109,0,0
B6_D1,642,0,448,0,0
B6_D1,861,0,224,0,0
B4_D1,723,0,248,0,0
G1_D1,467,0,129,0,0
B6_D1,636,0,506,0,0
B6_D1,647,0,17,0,0
B10_D1,915,0,468,0,0
B10_D1,1021,0,208,0,0
B6_D1,820,0,490,0,0
G1_D1,769,0,10,0,0
B6_D1,784,0,509,0,0
G1_D1,620,0,29,0,0
B10_D1,33,0,275,0,0
B10_D1,151,0,9,0,0
B6_D1,33,0,3,0,0
B6_D1,47,0,192,0,0
G1_D1,409,0,112,0,0
B10_D1,225,0,451,0,0
B6_D1,880,0,194,0,0
B6_D1,375,0,251,0,0
B10_D1,37,0,2,0,0
G1_D1,286,0,173,0,0
B6_D1,633,0,8,0,0
B10_D1,592,0,504,0,0
G1_D1,295,0,55,0,0
B2_D1,446,0,510,0,0
B6_D1,769,0,207,0,0
G1_D1,1020,0,213,0,0
G1_D1,990,0,81,0,0
B10_D1,1023,0,108,0,0
B2_D1,1,0,242,0,0
B6_D1,203,0,193,0,0
B10_D1,60,0,312,0,0
B4_D1,784,0,259,0,0
B6_D1,216,0,41,0,0
B4_D1,928,0,102,0,0
G1_D1,1011,0,130,0,0
B6_D1,562,0,283,0,0
B6_D1,928,0,98,0,0
B10_D1,898,0,301,0,0
B6_D1,755,0,485,0,0
B6_D1,135,0,510,0,0
G1_D1,19,0,11,0,0
B4_D1,455,0,215,0,0
G1_D1,995,0,145,0,0
B10_D1,676,0,34,0,0
B6_D1,699,0,107,0,0
B10_D1,854,0,341,0,0
G1_D1,395,0,90,0,0
B6_D1,807,0,497,0,0
B8_D1,136,0,221,0,0
B10_D1,967,0,94,0,0
B6_D1,950,0,167,0,0
B6_D1,692,0,22,0,0
B10_D1,145,0,34,0,0
B6_D1,857,0,128,0,0
B10_D1,371,0,501,0,0
B6_D1,428,0,379,0,0
G1_D1,695,0,256,0,0
B6_D1,440,0,25,0,0
G1_D1,286,0,15,0,0
B6_D1,698,0,154,0,0
B10_D1,243,0,319,0,0
B10_D1,145,0,94,0,0
G1_D1,1013,0,90,0,0
B6_D1,176,0,46,0,0
B10_D1,872,0,67,0,0
B6_D1,122,0,103,0,0
B6_D1,258,0,43,0,0
G1_D1,20,0,0,0,0
G1_D1,873,0,98,0,0
B6_D1,737,0,497,0,0
B6_D1,786,0,127,0,0
G1_D1,936,0,42,0,0
G1_D1,742,0,160,0,0
B2_D1,915,0,427,0,0
B10_D1,448,0,273,0,0
B10_D1,846,0,222,0,0
B8_D1,917,0,300,0,0
B6_D1,1002,0,335,0,0
G1_D1,84,0,7,0,0
B6_D1,75,0,510,0,0
B10_D1,55,0,140,0,0
B10_D1,165,0,218,0,0
B6_D1,676,0,386,0,0
B10_D1,257,0,307,0,0
B6_D1,188,0,43,0,0
G1_D1,629,0,53,0,0
B4_D1,231,0,127,0,0
B6_D1,2,0,445,0,0
B4_D1,666,0,201,0,0
B6_D1,760,0,233,0,0
B6_D1,603,0,161,0,0
B6_D1,391,0,496,0,0
B10_D1,719,0,256,0,0
B4_D1,275,0,191,0,0
B6_D1,1,0,511,0,0
G1_D1,75,0,24,0,0
B6_D1,847,0,155,0,0
B4_D1,1021,0,187,0,0
B10_D1,846,0,435,0,0
B10_D1,56,0,272,0,0
B10_D1,806,0,332,0,0
B6_D1,973,0,508,0,0
G1_D1,817,0,245,0,0
B10_D1,767,0,85,0,0
B6_D1,411,0,262,0,0
B6_D1,912,0,507,0,0
B6_D1,843,0,329,0,0
B10_D1,26,0,166,0,0
B4_D1,733,0,35,0,0
B10_D1,634,0,510,0,0
B6_D1,911,0,436,0,0
B6_D1,224,0,305,0,0
B2_D1,438,0,22,0,0
B4_D1,870,0,68,0,0
B10_D1,260,0,251,0,0
B6_D1,820,0,485,0,0
B10_D1,414,0,147,0,0
B10_D1,503,0,286,0,0
B10_D1,392,0,466,0,0
B4_D1,111,0,302,0,0
G1_D1,151,0,383,0,0
B4_D1,494,0,86,0,0
G1_D1,239,0,56,0,0
B6_D1,883,0,3,0,0
B6_D1,689,0,9,0,0
G1_D1,825,0,270,0,0
B4_D1,559,0,388,0,0
G1_D1,49,0,24,0,0
G1_D1,714,0,360,0,0
B6_D1,966,0,459,0,0
B6_D1,884,0,388,0,0
B6_D1,746,0,99,0,0
B10_D1,716,0,13,0,0
G1_D1,16,0,243,0,0
B10_D1,840,0,92,0,0
B8_D1,769,0,234,0,0
G1_D1,504,0,11,0,0
B10_D1,633,0,417,0,0
B6_D1,713,0,196,0,0
B10_D1,639,0,179,0,0
B2_D1,688,0,196,0,0
B6_D1,827,0,305,0,0
B10_D1,23,0,58,0,0
G1_D1,148,0,260,0,0
B6_D1,896,0,68,0,0
B10_D1,954,0,25,0,0
B10_D1,509,0,72,0,0
B6_D1,475,0,30,0,0
B10_D1,584,0,96,0,0
B6_D1,129,0,329,0,0
G1_D1,225,0,269,0,0
B6_D1,65,0,15,0,0
B10_D1,257,0,162,0,0
B8_D1,23,0,323,0,0
B10_D1,508,0,297,0,0
B6_D1,267,0,341,0,0
B6_D1,63,0,215,0,0
B10_D1,882,0,399,0,0
B2_D1,245,0,396,0,0
B8_D1,664,0,180,0,0
B6_D1,598,0,341,0,0
B2_D1,749,0,25,0,0
G1_D1,39,0,120,0,0
G1_D1,761,0,311,0,0
B10_D1,603,0,107,0,0
B6_D1,568,0,172,0,0
G1_D1,201,0,72,0,0
G1_D1,157,0,133,0,0
G1_D1,879,0,9,0,0
B2_D1,678,0,43,0,0
G1_D1,44,0,121,0,0
G1_D1,208,0,184,0,0
B6_D1,972,0,79,0,0
B6_D1,53,0,493,0,0
B10_D1,395,0,341,0,0
B2_D1,238,0,130,0,0
B6_D1,416,0,267,0,0
B6_D1,857,0,37,0,0
G1_D1,779,0,20,0,0
B4_D1,933,0,104,0,0
B6_D1,785,0,62,0,0
G1_D1,685,0,193,0,0
G1_D1,899,0,2,0,0
B6_D1,506,0,281,0,0
B6_D1,484,0,9,0,0
B6_D1,822,0,17,0,0
B6_D1,632,0,364,0,0
B6_D1,440,0,60,0,0
B4_D1,834,0,72,0,0
B6_D1,72,0,12,0,0
B10_D1,291,0,180,0,0
B6_D1,95,0,393,0,0
B10_D1,475,0,494,0,0
G1_D1,217,0,57,0,0
B6_D1,504,0,231,0,0
B10_D1,991,0,53,0,0
G1_D1,74,0,7,0,0
G1_D1,901,0,63,0,0
B8_D1,440,0,198,0,0
B10_D1,47,0,329,0,0
G1_D1,516,0,150,0,0
B10_D1,602,0,235,0,0
B6_D1,643,0,166,0,0
G1_D1,398,0,138,0,0
B6_D1,729,0,44,0,0
B6_D1,388,0,488,0,0
B10_D1,745,0,122,0,0
G1_D1,943,0,75,0,0
B10_D1,26,0,324,0,0
B6_D1,715,0,433,0,0
G1_D1,1003,0,114,0,0
B10_D1,603,0,298,0,0
G1_D1,974,0,245,0,0
B10_D1,402,0,25,0,0
B6_D1,211,0,239,0,0
B2_D1,973,0,67,0,0
B6_D1,794,0,509,0,0
G1_D1,811,0,1,0,0
B6_D1,989,0,9,0,0
B10_D1,700,0,104,0,0
B6_D1,302,0,507,0,0
B10_D1,688,0,262,0,0
B10_D1,613,0,129,0,0
B10_D1,668,0,24,0,0
B10_D1,985,0,492,0,0
B4_D1,687,0,107,0,0
B2_D1,109,0,314,0,0
B10_D1,735,0,22,0,0
G1_D1,704,0,375,0,0
B10_D1,553,0,208,0,0
B10_D1,196,0,1,0,0
G1_D1,502,0,217,0,0
G1_D1,613,0,223,0,0
B4_D1,732,0,26,0,0
B10_D1,426,0,250,0,0
G1_D1,893,0,238,0,0
B6_D1,231,0,491,0,0
B10_D1,660,0,98,0,0
B10_D1,431,0,230,0,0
B10_D1,435,0,196,0,0
B10_D1,254,0,69,0,0
B10_D1,168,0,240,0,0
B10_D1,197,0,56,0,0
B8_D1,625,0,236,0,0
B2_D1,333,0,290,0,0
G1_D1,812,0,216,0,0
B6_D1,861,0,491,0,0
B6_D1,448,0,481,0,0
B10_D1,947,0,38,0,0
B6_D1,825,0,392,0,0
G1_D1,797,0,322,0,0
B4_D1,86,0,19,0,0
B6_D1,770,0,20,0,0
B10_D1,784,0,11,0,0
B6_D1,220,0,335,0,0
B6_D1,160,0,150,0,0
B6_D1,863,0,265,0,0
B6_D1,884,0,489,0,0
B10_D1,329,0,221,0,0
G1_D1,420,0,511,0,0
B6_D1,684,0,9,0,0
B4_D1,213,0,134,0,0
B4_D1,293,0,44,0,0
G1_D1,481,0,88,0,0
B10_D1,48,0,4,0,0
G1_D1,35,0,156,0,0
B10_D1,411,0,275,0,0
G1_D1,1004,0,15,0,0
G1_D1,26,0,159,0,0
B8_D1,126,0,206,0,0
B10_D1,487,0,244,0,0
G1_D1,471,0,52,0,0
B10_D1,926,0,43,0,0
G1_D1,849,0,7,0,0
B2_D1,920,0,78,0,0
B4_D1,2,0,83,0,0
B6_D1,805,0,15,0,0
B4_D1,129,0,157,0,0
B6_D1,627,0,12,0,0
B4_D1,924,0,311,0,0
B6_D1,582,0,47,0,0
G1_D1,71,0,293,0,0
B10_D1,764,0,326,0,0
B10_D1,159,0,182,0,0
B8_D1,822,0,304,0,0
B6_D1,734,0,504,0,0
G1_D1,246,0,272,0,0
B2_D1,1003,0,242,0,0
B6_D1,474,0,39,0,0
B10_D1,844,0,234,0,0
B10_D1,207,0,59,0,0
G1_D1,529,0,3,0,0
G1_D1,984,0,73,0,0
B6_D1,431,0,41,0,0
B6_D1,999,0,308,0,0
B10_D1,457,0,10,0,0
B10_D1,138,0,279,0,0
G1_D1,103,0,397,0,0
G1_D1,1014,0,329,0,0
B6_D1,835,0,59,0,0
B6_D1,88,0,483,0,0
B10_D1,385,0,190,0,0
G1_D1,706,0,202,0,0
B10_D1,456,0,505,0,0
B6_D1,22,0,482,0,0
G1_D1,406,0,126,0,0
B6_D1,512,0,132,0,0
B6_D1,345,0,490,0,0
B6_D1,218,0,369,0,0
B10_D1,274,0,65,0,0
B4_D1,457,0,286,0,0
B4_D1,108,0,199,0,0
B10_D1,65,0,7,0,0
B6_D1,384,0,103,0,0
B4_D1,0,0,147,0,0
B6_D1,545,0,227,0,0
B10_D1,624,0,27,0,0
B6_D1,534,0,160,0,0
B6_D1,754,0,85,0,0
B10_D1,368,0,483,0,0
B6_D1,294,0,9,0,0
B2_D1,446,0,484,0,0
G1_D1,913,0,48,0,0
B10_D1,130,0,205,0,0
G1_D1,858,0,250,0,0
B6_D1,24,0,124,0,0
B6_D1,792,0,275,0,0
B10_D1,843,0,193,0,0
G1_D1,30,0,211,0,0
B10_D1,136,0,5,0,0
B10_D1,921,0,325,0,0
B10_D1,123,0,407,0,0
B10_D1,950,0,17,0,0
B6_D1,565,0,15,0,0
G1_D1,53,0,115,0,0
B10_D1,252,0,410,0,-1
B10_D1,918,0,67,0,0
B10_D1,712,0,68,0,0
B6_D1,403,0,226,0,0
B6_D1,54,0,34,0,0
B10_D1,338,0,489,0,0
B2_D1,675,0,53,0,0
B6_D1,760,0,100,0,0
B6_D1,996,0,36,0,0
G1_D1,765,0,426,0,0
B10_D1,669,0,40,0,0
B6_D1,223,0,281,0,0
G1_D1,688,0,270,0,0
G1_D1,565,0,67,0,0
B10_D1,135,0,350,0,0
B6_D1,722,0,331,0,0
B10_D1,263,0,190,0,0
B4_D1,741,0,15,0,0
B10_D1,76,0,54,0,0
B4_D1,563,0,396,0,0
G1_D1,292,0,127,0,0
B6_D1,578,0,3,0,0
B6_D1,311,0,1,0,0
B6_D1,761,0,159,0,0
G1_D1,486,0,308,0,0
B6_D1,683,0,13,0,0
B6_D1,389,0,333,0,0
B4_D1,525,0,420,0,0
B6_D1,253,0,18,0,0
G1_D1,936,0,72,0,0
B10_D1,715,0,429,0,0
B6_D1,183,0,369,0,0
B6_D1,127,0,148,0,0
B6_D1,824,0,489,0,0
G1_D1,36,0,243,0,0
B10_D1,510,0,14,0,0
G1_D1,1011,0,263,0,0
B6_D1,851,0,112,0,0
B10_D1,463,0,106,0,0
B4_D1,72,0,320,0,0
G1_D1,696,0,202,0,0
B6_D1,351,0,71,0,0
B6_D1,660,0,30,0,0
B10_D1,391,0,477,0,0
B6_D1,434,0,244,0,0
B2_D1,240,0,457,0,0
B6_D1,78,0,389,0,0
B6_D1,789,0,423,0,0
B10_D1,809,0,324,0,0
B4_D1,505,0,245,0,0
B4_D1,345,0,352,0,0
B10_D1,735,0,9,0,0
B10_D1,925,0,251,0,0
G1_D1,511,0,73,0,0
B10_D1,305,0,36,0,0
B6_D1,772,0,259,0,0
G1_D1,24,0,315,0,0
B4_D1,582,0,17,0,0
B6_D1,582,0,432,0,0
B6_D1,251,0,387,0,0
B6_D1,865,0,396,0,0
B6_D1,164,0,183,0,0
B6_D1,210,0,5,0,0
B10_D1,133,0,89,0,0
G1_D1,159,0,506,0,0
G1_D1,548,0,224,0,0
G1_D1,718,0,125,0,0
B4_D1,499,0,372,0,0
G1_D1,134,0,8,0,0
G1_D1,737,0,91,0,0
B10_D1,194,0,178,0,0
B6_D1,912,0,343,0,0
G1_D1,78,0,29,0,0
B6_D1,774,0,410,0,0
B4_D1,652,0,305,0,0
B6_D1,748,0,18,0,0
G1_D1,641,0,1,0,0
B6_D1,797,0,17,0,0
B6_D1,30,0,115,0,0
B6_D1,129,0,29,0,0
B6_D1,970,0,293,0,0
B6_D1,709,0,248,0,0
B10_D1,155,0,248,0,0
B2_D1,566,0,81,0,0
B10_D1,755,0,307,0,0
B2_D1,990,0,52,0,0
B6_D1,355,0,100,0,0
B4_D1,536,0,228,0,0
B6_D1,881,0,133,0,0
G1_D1,78,0,352,0,-1
B2_D1,374,0,49,0,0
B6_D1,477,0,492,0,0
B10_D1,641,0,88,0,0
G1_D1,736,0,87,0,0
B6_D1,211,0,31,0,0
G1_D1,272,0,288,0,0
G1_D1,794,0,423,0,0
G1_D1,259,0,307,0,0
B2_D1,115,0,108,0,0
B10_D1,740,0,60,0,0
G1_D1,1019,0,22,0,0
B6_D1,528,0,411,0,0
B6_D1,142,0,475,0,0
B6_D1,322,0,459,0,-1
G1_D1,16,0,170,0,0
G1_D1,36,0,131,0,0
G1_D1,69,0,8,0,0
B6_D1,899,0,366,0,-1
B10_D1,278,0,290,0,0
B6_D1,876,0,382,0,0
B6_D1,703,0,480,0,0
B4_D1,183,0,17,0,0
B10_D1,13,0,189,0,0
G1_D1,770,0,58,0,0
B10_D1,302,0,182,0,0
B10_D1,532,0,217,0,0
B6_D1,306,0,190,0,0
B10_D1,915,0,253,0,0
B6_D1,36,0,135,0,0
B6_D1,76,0,511,0,0
B6_D1,903,0,98,0,0
B10_D1,276,0,256,0,0
G1_D1,1008,0,259,0,0
G1_D1,539,0,73,0,0
B6_D1,727,0,22,0,0
B10_D1,614,0,239,0,0
B10_D1,137,0,206,0,0
B10_D1,27,0,252,0,0
B10_D1,128,0,345,0,0
B10_D1,90,0,137,0,0
B6_D1,789,0,163,0,0
B2_D1,949,0,90,0,0
B2_D1,354,0,491,0,0
B10_D1,648,0,87,0,0
B10_D1,99,0,39,0,0
B6_D1,131,0,326,0,0
B10_D1,518,0,473,0,0
B10_D1,0,0,333,0,0
G1_D1,24,0,14,0,0
B6_D1,177,0,405,0,0
B6_D1,1003,0,3,0,0
B6_D1,529,0,39,0,0
B6_D1,143,0,425,0,0
B10_D1,811,0,435,0,0
B10_D1,336,0,238,0,0
B2_D1,92,0,275,0,0
B6_D1,636,0,11,0,0
G1_D1,812,0,511,0,0
B10_D1,127,0,227,0,0
B6_D1,297,0,289,0,0
B4_D1,444,0,289,0,0
B6_D1,602,0,265,0,0
G1_D1,669,0,245,0,0
G1_D1,324,0,4,0,0
B10_D1,174,0,228,0,0
B10_D1,710,0,265,0,0
B8_D1,665,0,181,0,0
B2_D1,374,0,489,0,0
B2_D1,640,0,107,0,0
B10_D1,377,0,68,0,0
B10_D1,806,0,18,0,0
B10_D1,479,0,76,0,0
B10_D1,39,0,69,0,0
B6_D1,902,0,53,0,0
B6_D1,616,0,446,0,0
B10_D1,791,0,392,0,0
B10_D1,149,0,309,0,0
G1_D1,19,0,268,0,0
G1_D1,659,0,204,0,0
B2_D1,571,0,159,0,0
B6_D1,1016,0,491,0,0
G1_D1,621,0,316,0,0
G1_D1,179,0,169,0,0
G1_D1,483,0,79,0,0
B4_D1,1020,0,121,0,0
B6_D1,117,0,191,0,0
B6_D1,18,0,28,0,0
B6_D1,819,0,306,0,0
B4_D1,2,0,225,0,0
B10_D1,455,0,336,0,0
B10_D1,491,0,511,0,0
B2_D1,788,0,20,0,0
B10_D1,127,0,185,0,0
B6_D1,162,0,32,0,0
B4_D1,519,0,281,0,0
B10_D1,838,0,57,0,0
B10_D1,364,0,342,0,0
B10_D1,504,0,158,0,0
B4_D1,788,0,66,0,0
B6_D1,1013,0,13,0,0
B10_D1,238,0,79,0,0
G1_D1,776,0,489,0,0
B10_D1,724,0,317,0,0
B10_D1,398,0,128,0,0
B6_D1,847,0,328,0,0
B6_D1,946,0,115,0,0
B6_D1,2,0,7,0,0
B6_D1,78,0,399,0,0
G1_D1,339,0,441,0,0
B2_D1,710,0,46,0,0
B6_D1,952,0,298,0,0
B4_D1,1022,0,241,0,0
B6_D1,508,0,28,0,0
G1_D1,771,0,57,0,0
B6_D1,618,0,425,0,0
G1_D1,935,0,272,0,0
G1_D1,188,0,260,0,0
G1_D1,21,0,288,0,0
B6_D1,288,0,498,0,0
B10_D1,528,0,85,0,0
B10_D1,330,0,412,0,0
B6_D1,830,0,100,0,0
G1_D1,471,0,215,0,0
B10_D1,138,0,25,0,0
G1_D1,347,0,121,0,0
B6_D1,787,0,210,0,0
B6_D1,673,0,413,0,0
B4_D1,587,0,302,0,0
B2_D1,218,0,75,0,0
G1_D1,392,0,92,0,0
B10_D1,696,0,163,0,0
B6_D1,671,0,112,0,0
B6_D1,887,0,268,0,0
B10_D1,120,0,145,0,0
G1_D1,329,0,61,0,0
G1_D1,6,0,460,0,0
B10_D1,890,0,71,0,0
B10_D1,148,0,298,0,0
B10_D1,346,0,508,0,0
G1_D1,87,0,320,0,0
B6_D1,989,0,14,0,0
G1_D1,231,0,23,0,0
G1_D1,744,0,2,0,0
G1_D1,339,0,422,0,0
B6_D1,448,0,498,0,0
B6_D1,422,0,2,0,0
G1_D1,469,0,96,0,0
B6_D1,372,0,22,0,0
B6_D1,827,0,270,0,0
B10_D1,390,0,180,0,0
B10_D1,352,0,242,0,0
G1_D1,308,0,50,0,0
B10_D1,695,0,79,0,0
B6_D1,420,0,40,0,0
B10_D1,857,0,270,0,0
G1_D1,384,0,180,0,0
B10_D1,434,0,322,0,0
G1_D1,634,0,358,0,0
B10_D1,230,0,21,0,0
B10_D1,601,0,63,0,0
B6_D1,817,0,87,0,0
B4_D1,242,0,133,0,0
B10_D1,128,0,62,0,0
G1_D1,213,0,71,0,0
B10_D1,122,0,406,0,0
B2_D1,153,0,109,0,0
G1_D1,509,0,5,0,0
G1_D1,291,0,15,0,0
B6_D1,757,0,487,0,0
B10_D1,356,0,311,0,0
B6_D1,44,0,504,0,0
G1_D1,261,0,331,0,0
G1_D1,237,0,458,0,0
B2_D1,1023,0,287,0,0
B6_D1,400,0,285,0,0
B10_D1,67,0,287,0,0
B6_D1,829,0,9,0,0
B10_D1,202,0,276,0,0
B2_D1,640,0,481,0,0
B6_D1,752,0,186,0,0
B6_D1,808,0,105,0,0
B6_D1,736,0,6,0,0
B10_D1,898,0,85,0,0
B6_D1,31,0,486,0,0
G1_D1,784,0,4,0,0
B6_D1,662,0,27,0,0
B6_D1,177,0,27,0,0
B6_D1,547,0,2,0,0
B6_D1,306,0,467,0,3
G1_D1,446,0,128,0,0
B10_D1,206,0,212,0,0
B10_D1,480,0,494,0,0
B6_D1,710,0,333,0,0
B4_D1,641,0,227,0,0
B10_D1,140,0,125,0,0
B6_D1,98,0,43,0,0
B4_D1,411,0,88,0,0
B2_D1,989,0,49,0,0
B6_D1,877,0,7,0,0
B10_D1,815,0,42,0,0
B10_D1,514,0,147,0,0
B6_D1,187,0,177,0,0
B4_D1,534,0,186,0,0
G1_D1,931,0,21,0,0
B10_D1,920,0,25,0,0
B4_D1,577,0,206,0,0
B6_D1,687,0,492,0,0
B10_D1,569,0,262,0,0
B6_D1,201,0,350,0,0
B6_D1,697,0,156,0,0
G1_D1,62,0,203,0,0
B10_D1,734,0,320,0,0
B10_D1,515,0,188,0,0
B6_D1,695,0,205,0,0
G1_D1,256,0,241,0,0
B6_D1,298,0,460,0,3
B6_D1,354,0,219,0,0
B4_D1,461,0,241,0,0
B4_D1,517,0,227,0,0
B6_D1,780,0,100,0,0
G1_D1,19,0,392,0,0
G1_D1,769,0,6,0,0
B10_D1,619,0,150,0,0
G1_D1,1005,0,245,0,0
B6_D1,539,0,244,0,0
B6_D1,158,0,28,0,0
B2_D1,929,0,34,0,0
B4_D1,511,0,265,0,0
B6_D1,50,0,423,0,0
G1_D1,45,0,145,0,0
B2_D1,589,0,361,0,0
B6_D1,864,0,39,0,0
G1_D1,197,0,127,0,0
B4_D1,509,0,267,0,0
B10_D1,745,0,259,0,0
G1_D1,302,0,135,0,0
B10_D1,463,0,279,0,0
B4_D1,508,0,184,0,0
B4_D1,938,0,286,0,0
G1_D1,191,0,118,0,0
G1_D1,128,0,289,0,0
B6_D1,310,0,133,0,0
B6_D1,288,0,18,0,0
B6_D1,908,0,393,0,0
B10_D1,264,0,169,0,0
B6_D1,218,0,388,0,0
B10_D1,301,0,252,0,0
B6_D1,815,0,155,0,0
B4_D1,1,0,20,0,0
B10_D1,317,0,272,0,0
B4_D1,273,0,251,0,0
B6_D1,792,0,115,0,0
B10_D1,794,0,98,0,0
B10_D1,317,0,88,0,0
B6_D1,803,0,483,0,0
B6_D1,199,0,167,0,0
B6_D1,917,0,222,0,0
B10_D1,521,0,73,0,0
B10_D1,395,0,495,0,0
G1_D1,393,0,35,0,0
B6_D1,605,0,25,0,0
B6_D1,166,0,56,0,0
B10_D1,715,0,328,0,0
B6_D1,733,0,183,0,0
B10_D1,275,0,345,0,0
B6_D1,867,0,66,0,0
B4_D1,491,0,60,0,0
B10_D1,877,0,211,0,0
B6_D1,239,0,164,0,0
G1_D1,133,0,97,0,0
B6_D1,428,0,43,0,0
B6_D1,577,0,158,0,0
B6_D1,994,0,424,0,0
B6_D1,818,0,105,0,0
B10_D1,339,0,506,0,0
B10_D1,700,0,284,0,0
B6_D1,952,0,186,0,-1
G1_D1,13,0,149,0,0
B6_D1,335,0,178,0,0
B10_D1,702,0,64,0,0
G1_D1,789,0,36,0,0
B10_D1,323,0,94,0,0
B10_D1,473,0,105,0,0
B6_D1,109,0,464,0,0
G1_D1,634,0,177,0,0
B6_D1,514,0,489,0,0
B10_D1,661,0,0,0,0
B10_D1,694,0,482,0,0
B6_D1,706,0,46,0,0
B10_D1,551,0,1,0,0
G1_D1,927,0,71,0,0
B6_D1,167,0,275,0,0
B6_D1,245,0,25,0,0
B6_D1,461,0,75,0,0
B6_D1,341,0,48,0,0
B8_D1,691,0,251,0,0
B10_D1,687,0,34,0,0
B10_D1,499,0,493,0,0
B10_D1,758,0,406,0,0
B10_D1,323,0,397,0,0
B8_D1,223,0,92,0,0
B10_D1,21,0,207,0,0
B10_D1,105,0,7,0,0
B6_D1,188,0,117,0,0
B6_D1,1017,0,17,0,0
G1_D1,741,0,229,0,0
G1_D1,745,0,259,0,0
B8_D1,872,0,304,0,0
B6_D1,425,0,226,0,0
B10_D1,177,0,166,0,0
B6_D1,329,0,4,0,0
B6_D1,441,0,353,0,0
G1_D1,497,0,318,0,0
B10_D1,587,0,219,0,0
G1_D1,57,0,108,0,0
B6_D1,96,0,501,0,0
B6_D1,728,0,381,0,0
B6_D1,794,0,4,0,0
B10_D1,127,0,207,0,0
G1_D1,816,0,80,0,0
B6_D1,573,0,122,0,0
B6_D1,851,0,216,0,0
B2_D1,876,0,60,0,0
B10_D1,454,0,39,0,0
B6_D1,465,0,477,0,0
B6_D1,752,0,487,0,0
B10_D1,373,0,270,0,0
B10_D1,477,0,299,0,0
B6_D1,126,0,41,0,0
B10_D1,285,0,413,0,0
B6_D1,769,0,65,0,0
G1_D1,51,0,510,0,0
G1_D1,616,0,182,0,0
G1_D1,999,0,8,0,0
G1_D1,49,0,98,0,0
G1_D1,983,0,213,0,0
B8_D1,177,0,197,0,0
G1_D1,809,0,3,0,0
B6_D1,281,0,435,0,0
B8_D1,153,0,204,0,0
B10_D1,805,0,243,0,0
B10_D1,756,0,462,0,0
G1_D1,544,0,124,0,0
B6_D1,106,0,247,0,7
G1_D1,762,0,240,0,0
B8_D1,430,0,198,0,0
G1_D1,473,0,482,0,0
B6_D1,457,0,190,0,0
B10_D1,691,0,456,0,0
B10_D1,268,0,192,0,0
B10_D1,423,0,277,0,0
B2_D1,274,0,487,0,0
B8_D1,715,0,313,0,0
B10_D1,414,0,141,0,0
G1_D1,390,0,104,0,0
B10_D1,189,0,434,0,0
B4_D1,219,0,50,0,0
B6_D1,751,0,11,0,0
B6_D1,230,0,40,0,0
B10_D1,559,0,106,0,0
G1_D1,904,0,9,0,0
G1_D1,906,0,96,0,0
B10_D1,743,0,355,0,0
B6_D1,929,0,63,0,0
G1_D1,996,0,54,0,0
B6_D1,149,0,144,0,0
B6_D1,320,0,419,0,0
B6_D1,663,0,196,0,0
G1_D1,677,0,93,0,0
B10_D1,323,0,67,0,0
B6_D1,530,0,45,0,0
B10_D1,647,0,305,0,0
G1_D1,580,0,232,0,0
B10_D1,381,0,313,0,4
B2_D1,620,0,160,0,0
B8_D1,407,0,195,0,0
B10_D1,826,0,3,0,0
G1_D1,163,0,341,0,0
B4_D1,175,0,74,0,0
B6_D1,416,0,113,0,0
G1_D1,154,0,200,0,0
B6_D1,877,0,311,0,0
B6_D1,852,0,223,0,0
B2_D1,562,0,101,0,0
B6_D1,113,0,480,0,0
B6_D1,692,0,459,0,0
G1_D1,964,0,111,0,0
B6_D1,126,0,421,0,0
B10_D1,681,0,45,0,0
B10_D1,882,0,37,0,0
G1_D1,539,0,29,0,0
B6_D1,510,0,477,0,0
B6_D1,984,0,509,0,0
G1_D1,36,0,499,0,0
B10_D1,977,0,78,0,0
B6_D1,705,0,344,0,0
G1_D1,797,0,497,0,0
B10_D1,399,0,342,0,0
B2_D1,674,0,458,0,0
G1_D1,986,0,163,0,0
B6_D1,545,0,178,0,0
B6_D1,430,0,70,0,0
B6_D1,295,0,30,0,0
B6_D1,711,0,414,0,0
G1_D1,549,0,19,0,0
G1_D1,775,0,240,0,0
B4_D1,1020,0,86,0,0
G1_D1,202,0,112,0,0
G1_D1,1012,0,181,0,0
B10_D1,148,0,183,0,0
B10_D1,149,0,171,0,0
G1_D1,1020,0,419,0,0
B6_D1,947,0,83,0,0
B2_D1,697,0,30,0,0
B10_D1,213,0,43,0,0
G1_D1,30,0,152,0,0
B6_D1,744,0,321,0,0
G1_D1,744,0,235,0,0
B8_D1,1022,0,86,0,0
B6_D1,895,0,369,0,-1
B10_D1,466,0,159,0,0
G1_D1,799,0,13,0,0
B10_D1,67,0,173,0,0
B4_D1,404,0,291,0,0
B6_D1,1004,0,318,0,0
B10_D1,31,0,72,0,0
B6_D1,712,0,160,0,0
B10_D1,478,0,86,0,0
B10_D1,1023,0,43,0,0
B10_D1,422,0,496,0,0
B6_D1,854,0,499,0,0
B10_D1,229,0,251,0,0
B6_D1,717,0,362,0,0
B10_D1,52,0,47,0,0
G1_D1,466,0,279,0,0
B6_D1,853,0,182,0,0
B6_D1,1000,0,302,0,0
B6_D1,182,0,147,0,0
B6_D1,256,0,472,0,0
B6_D1,630,0,30,0,0
G1_D1,951,0,237,0,0
B4_D1,756,0,211,0,0
B10_D1,457,0,6,0,0
B6_D1,496,0,56,0,0
B2_D1,830,0,232,0,0
G1_D1,19,0,113,0,0
B6_D1,428,0,359,0,0
G1_D1,264,0,30,0,0
B4_D1,630,0,49,0,0
B10_D1,805,0,306,0,0
B6_D1,227,0,2,0,0
B6_D1,867,0,260,0,0
B10_D1,368,0,270,0,0
B2_D1,914,0,431,0,0
B6_D1,5,0,261,0,0
B6_D1,788,0,256,0,0
B10_D1,765,0,247,0,0
B6_D1,183,0,23,0,0
G1_D1,835,0,258,0,0
B6_D1,872,0,497,0,0
B6_D1,737,0,100,0,0
B10_D1,229,0,295,0,0
B6_D1,565,0,389,0,0
B10_D1,273,0,307,0,0
B6_D1,896,0,26,0,0
B10_D1,614,0,223,0,0
G1_D1,539,0,7,0,0
B4_D1,450,0,17,0,0
B6_D1,162,0,308,0,0
B10_D1,97,0,324,0,0
B10_D1,229,0,285,0,0
G1_D1,859,0,68,0,0
B4_D1,288,0,45,0,0
B2_D1,831,0,510,0,0
B2_D1,696,0,24,0,0
B6_D1,302,0,320,0,0
G1_D1,334,0,5,0,0
B6_D1,772,0,7,0,0
G1_D1,766,0,269,0,0
G1_D1,889,0,14,0,0
B8_D1,1023,0,412,0,0
B10_D1,573,0,13,0,0
B6_D1,913,0,93,0,0
B2_D1,392,0,46,0,0
B10_D1,839,0,181,0,0
G1_D1,743,0,240,0,0
B10_D1,775,0,80,0,0
G1_D1,144,0,11,0,0
B10_D1,176,0,74,0,0
B10_D1,339,0,224,0,0
G1_D1,34,0,7,0,0
B4_D1,568,0,287,0,0
B6_D1,764,0,471,0,0
B2_D1,688,0,27,0,0
B10_D1,403,0,507,0,0
B10_D1,672,0,109,0,0
G1_D1,921,0,120,0,0
B6_D1,418,0,480,0,0
B6_D1,423,0,457,0,0
B10_D1,316,0,156,0,0
B10_D1,860,0,46,0,0
B6_D1,58,0,394,0,0
B10_D1,888,0,261,0,0
B6_D1,720,0,373,0,0
B4_D1,986,0,15,0,0
G1_D1,898,0,487,0,0
B10_D1,27,0,41,0,0
B6_D1,488,0,292,0,0
B10_D1,96,0,484,0,0
G1_D1,67,0,27,0,0
B4_D1,521,0,275,0,0
B6_D1,772,0,387,0,0
B2_D1,792,0,9,0,0
G1_D1,103,0,422,0,0
B6_D1,340,0,35,0,0
B6_D1,550,0,165,0,0
B4_D1,569,0,232,0,0
B10_D1,2,0,393,0,0
B10_D1,158,0,216,0,0
G1_D1,94,0,8,0,0
B6_D1,731,0,200,0,0
B6_D1,412,0,149,0,0
B10_D1,202,0,134,0,0
B10_D1,20,0,111,0,0
B10_D1,326,0,87,0,0
G1_D1,365,0,175,0,0
B10_D1,700,0,14,0,0
B10_D1,71,0,310,0,0
B6_D1,818,0,422,0,0
G1_D1,734,0,7,0,0
B6_D1,50,0,421,0,0
G1_D1,607,0,185,0,0
G1_D1,681,0,284,0,0
G1_D1,992,0,41,0,0
G1_D1,507,0,287,0,0
B10_D1,107,0,332,0,0
B6_D1,722,0,385,0,0
G1_D1,29,0,143,0,0
B6_D1,147,0,340,0,0
B10_D1,12,0,178,0,0
B10_D1,430,0,412,0,0
B6_D1,787,0,507,0,0
B10_D1,106,0,156,0,0
B4_D1,576,0,200,0,0
B10_D1,781,0,309,0,0
B6_D1,541,0,362,0,0
G1_D1,971,0,20,0,0
B6_D1,89,0,117,0,0
B6_D1,37,0,287,0,0
B8_D1,46,0,326,0,0
B4_D1,142,0,177,0,0
B6_D1,441,0,26,0,0
B10_D1,82,0,173,0,0
B10_D1,311,0,9,0,0
B6_D1,474,0,160,0,0
B6_D1,628,0,23,0,0
G1_D1,836,0,301,0,0
G1_D1,312,0,18,0,0
B10_D1,17,0,249,0,0
B10_D1,332,0,29,0,0
B10_D1,223,0,24,0,0
G1_D1,1005,0,200,0,0
B6_D1,683,0,185,0,0
G1_D1,33,0,286,0,0
G1_D1,644,0,38,0,0
B10_D1,776,0,322,0,0
B6_D1,490,0,275,0,0
G1_D1,533,0,31,0,0
B2_D1,732,0,68,0,0
G1_D1,23,0,70,0,0
B6_D1,62,0,42,0,0
B6_D1,51,0,275,0,0
B10_D1,334,0,85,0,0
B10_D1,167,0,359,0,0
B4_D1,373,0,378,0,0
B2_D1,55,0,271,0,0
G1_D1,355,0,365,0,0
B4_D1,318,0,156,0,0
B6_D1,255,0,462,0,0
B4_D1,883,0,264,0,0
B2_D1,968,0,111,0,0
B6_D1,313,0,114,0,0
B4_D1,311,0,215,0,0
B6_D1,252,0,125,0,0
B10_D1,176,0,288,0,0
G1_D1,834,0,8,0,0
B6_D1,872,0,228,0,0
B10_D1,325,0,417,0,0
B6_D1,75,0,131,0,0
B6_D1,190,0,480,0,0
B6_D1,627,0,482,0,0
B10_D1,573,0,110,0,0
B10_D1,476,0,311,0,0
B6_D1,443,0,69,0,0
B10_D1,1022,0,128,0,0
B6_D1,497,0,37,0,0
B10_D1,43,0,307,0,0
B6_D1,260,0,400,0,0
B8_D1,799,0,230,0,0
B4_D1,96,0,274,0,0
B6_D1,985,0,0,0,0
G1_D1,336,0,55,0,0
B8_D1,639,0,227,0,0
B6_D1,207,0,2,0,0
B6_D1,294,0,489,0,0
B10_D1,3,0,186,0,0
B2_D1,446,0,372,0,0
B6_D1,685,0,345,0,0
B6_D1,100,0,388,0,0
B10_D1,40,0,251,0,0
B6_D1,849,0,34,0,0
B10_D1,126,0,139,0,0
B2_D1,632,0,60,0,0
B10_D1,141,0,446,0,0
B10_D1,564,0,83,0,0
B6_D1,880,0,464,0,0
G1_D1,24,0,16,0,0
B4_D1,952,0,126,0,0
B10_D1,19,0,273,0,0
B4_D1,803,0,214,0,0
G1_D1,999,0,196,0,0
B10_D1,1022,0,508,0,0
B6_D1,375,0,45,0,0
B6_D1,904,0,126,0,0
G1_D1,750,0,233,0,0
B10_D1,395,0,96,0,0
B6_D1,854,0,173,0,0
B6_D1,113,0,389,0,0
B4_D1,942,0,27,0,0
B10_D1,724,0,436,0,0
B10_D1,499,0,276,0,0
B10_D1,62,0,262,0,0
B2_D1,843,0,46,0,0
B10_D1,380,0,27,0,0
B10_D1,106,0,132,0,0
B4_D1,148,0,178,0,0
B4_D1,75,0,326,0,0
B10_D1,999,0,10,0,0
G1_D1,875,0,0,0,0
B6_D1,665,0,111,0,0
B2_D1,580,0,222,0,0
B10_D1,354,0,238,0,0
B6_D1,507,0,237,0,0
B10_D1,593,0,192,0,0
B6_D1,988,0,224,0,0
B10_D1,318,0,288,0,0
B6_D1,114,0,29,0,0
G1_D1,469,0,8,0,0
B6_D1,926,0,511,0,0
B10_D1,21,0,215,0,0
B10_D1,212,0,22,0,0
B6_D1,97,0,507,0,0
B10_D1,703,0,478,0,0
B6_D1,933,0,341,0,0
B6_D1,144,0,39,0,0
G1_D1,1010,0,213,0,0
B10_D1,101,0,329,0,0
G1_D1,148,0,111,0,0
B6_D1,622,0,447,0,0
B10_D1,95,0,61,0,0
G1_D1,702,0,21,0,0
B4_D1,4,0,462,0,0
B6_D1,505,0,490,0,0
G1_D1,305,0,0,0,0
B10_D1,711,0,470,0,0
G1_D1,527,0,107,0,0
B10_D1,750,0,259,0,0
B6_D1,991,0,272,0,0
B6_D1,6,0,219,0,0
B10_D1,999,0,284,0,0
B6_D1,860,0,10,0,0
G1_D1,654,0,73,0,0
B6_D1,110,0,476,0,0
B6_D1,551,0,367,0,0
B6_D1,851,0,491,0,0
B6_D1,828,0,86,0,0
B10_D1,622,0,414,0,0
B4_D1,703,0,258,0,0
G1_D1,808,0,265,0,0
G1_D1,61,0,142,0,0
B6_D1,663,0,508,0,0
B4_D1,574,0,201,0,0
B10_D1,618,0,190,0,0
B4_D1,424,0,403,0,0
B6_D1,237,0,236,0,0
B10_D1,457,0,66,0,0
B2_D1,259,0,296,0,0
B6_D1,109,0,24,0,0
B10_D1,263,0,302,0,0
B6_D1,17,0,37,0,0
G1_D1,19,0,124,0,0
B10_D1,103,0,326,0,0
B10_D1,545,0,161,0,0
B6_D1,990,0,505,0,0
B10_D1,89,0,287,0,0
B6_D1,473,0,378,0,0
B6_D1,283,0,275,0,0
B4_D1,478,0,374,0,0
B10_D1,568,0,124,0,0
B10_D1,55,0,122,0,0
B2_D1,411,0,31,0,0
B10_D1,613,0,216,0,0
B6_D1,387,0,497,0,0
G1_D1,584,0,10,0,0
B10_D1,213,0,4,0,0
B10_D1,1,0,207,0,0
B6_D1,376,0,511,0,0
G1_D1,125,0,64,0,0
B6_D1,181,0,407,0,0
B6_D1,333,0,8,0,0
B8_D1,122,0,129,0,0
G1_D1,862,0,102,0,0
G1_D1,44,0,305,0,0
B6_D1,558,0,467,0,0
B10_D1,702,0,73,0,0
B6_D1,952,0,416,0,0
B6_D1,220,0,425,0,0
B10_D1,114,0,195,0,0
B4_D1,430,0,409,0,0
G1_D1,291,0,277,0,0
B10_D1,922,0,384,0,0
B6_D1,435,0,10,0,0
B10_D1,574,0,260,0,0
B10_D1,130,0,142,0,0
G1_D1,3,0,493,0,0
B8_D1,884,0,236,0,0
G1_D1,798,0,215,0,0
B6_D1,555,0,460,0,0
G1_D1,639,0,95,0,0
B10_D1,716,0,50,0,0
B6_D1,211,0,6,0,0
B6_D1,628,0,387,0,-1
B2_D1,907,0,451,0,0
B10_D1,988,0,501,0,0
G1_D1,594,0,10,0,0
B10_D1,119,0,49,0,0
B4_D1,862,0,263,0,0
B10_D1,947,0,106,0,0
B10_D1,760,0,254,0,0
B4_D1,609,0,355,0,0
B6_D1,270,0,187,0,0
B6_D1,291,0,319,0,0
B10_D1,631,0,38,0,0
B10_D1,953,0,243,0,0
B6_D1,782,0,330,0,0
B4_D1,938,0,24,0,0
B8_D1,633,0,240,0,0
G1_D1,982,0,315,0,0
B2_D1,117,0,315,0,0
B10_D1,205,0,79,0,0
G1_D1,794,0,6,0,0
B4_D1,441,0,187,0,0
G1_D1,31,0,177,0,0
B6_D1,680,0,505,0,0
B10_D1,157,0,6,0,0
B6_D1,633,0,419,0,0
B10_D1,205,0,45,0,0
B10_D1,335,0,223,0,0
G1_D1,949,0,232,0,0
B10_D1,153,0,357,0,0
B6_D1,602,0,27,0,0
B2_D1,2,0,207,0,0
G1_D1,123,0,136,0,0
G1_D1,1015,0,254,0,0
B6_D1,95,0,299,0,0
B6_D1,384,0,279,0,0
B10_D1,89,0,399,0,0
B6_D1,7,0,487,0,0
G1_D1,390,0,90,0,0
B2_D1,911,0,448,0,0
B10_D1,471,0,5,0,0
B6_D1,350,0,76,0,0
B10_D1,501,0,98,0,0
B6_D1,24,0,402,0,0
B10_D1,581,0,144,0,0
B2_D1,922,0,159,0,-1
B6_D1,403,0,28,0,0
G1_D1,32,0,492,0,0
B6_D1,80,0,393,0,0
B6_D1,446,0,389,0,0
B6_D1,105,0,485,0,0
B10_D1,533,0,273,0,0
B10_D1,309,0,222,0,0
B4_D1,674,0,20,0,0
B10_D1,489,0,248,0,0
B10_D1,435,0,480,0,0
B6_D1,410,0,381,0,0
B6_D1,155,0,223,0,0
B10_D1,343,0,49,0,0
G1_D1,140,0,224,0,0
B10_D1,478,0,69,0,0
B10_D1,611,0,154,0,0
B10_D1,173,0,386,0,0
B6_D1,72,0,381,0,0
B6_D1,474,0,72,0,0
B2_D1,525,0,286,0,0
G1_D1,879,0,19,0,0
B6_D1,75,0,142,0,0
B6_D1,413,0,468,0,0
G1_D1,19,0,93,0,0
B6_D1,713,0,479,0,0
G1_D1,286,0,486,0,0
B6_D1,531,0,511,0,0
B10_D1,460,0,336,0,0
B10_D1,157,0,2,0,0
B2_D1,455,0,41,0,0
G1_D1,459,0,7,0,0
B10_D1,394,0,408,0,0
B6_D1,125,0,209,0,0
B10_D1,751,0,269,0,0
B10_D1,730,0,20,0,0
B6_D1,55,0,10,0,0
B6_D1,275,0,15,0,0
G1_D1,403,0,138,0,0
G1_D1,568,0,287,0,0
G1_D1,617,0,446,0,0
B2_D1,412,0,44,0,0
B6_D1,892,0,7,0,0
B8_D1,811,0,235,0,0
B10_D1,270,0,13,0,0
B6_D1,232,0,238,0,0
G1_D1,89,0,3,0,0
G1_D1,831,0,213,0,0
B6_D1,104,0,129,0,0
B10_D1,673,0,168,0,0
B6_D1,919,0,404,0,0
B10_D1,735,0,424,0,0
G1_D1,500,0,221,0,0
B2_D1,466,0,471,0,0
B2_D1,787,0,50,0,0
G1_D1,915,0,51,0,0
B10_D1,216,0,147,0,0
B10_D1,0,0,339,0,0
B10_D1,945,0,242,0,0
B6_D1,796,0,496,0,0
B10_D1,365,0,510,0,0
B6_D1,709,0,499,0,0
B6_D1,169,0,112,0,0
B10_D1,968,0,480,0,0
B4_D1,534,0,212,0,0
B6_D1,494,0,309,0,0
B4_D1,948,0,127,0,0
G1_D1,1021,0,406,0,0
B10_D1,411,0,506,0,0
B6_D1,498,0,480,0,0
G1_D1,868,0,74,0,0
B8_D1,789,0,309,0,0
G1_D1,995,0,139,0,0
B6_D1,508,0,13,0,0
G1_D1,1017,0,504,0,0
B2_D1,928,0,93,0,0
B10_D1,226,0,40,0,0
B10_D1,650,0,98,0,0
B10_D1,244,0,245,0,0
B8_D1,804,0,227,0,0
B6_D1,609,0,164,0,0
B2_D1,239,0,480,0,0
G1_D1,176,0,69,0,0
G1_D1,501,0,479,0,0
B6_D1,541,0,211,0,0
B2_D1,719,0,285,0,0
B6_D1,42,0,430,0,0
B6_D1,45,0,495,0,0
B10_D1,715,0,118,0,0
G1_D1,67,0,100,0,0
B10_D1,240,0,231,0,0
B6_D1,559,0,263,0,0
B2_D1,805,0,452,0,0
B10_D1,632,0,164,0,0
B10_D1,121,0,167,0,0
B10_D1,432,0,75,0,0
B10_D1,89,0,49,0,0
G1_D1,306,0,236,0,0
B6_D1,771,0,21,0,0
B6_D1,298,0,202,0,0
B8_D1,422,0,283,0,0
B10_D1,481,0,243,0,0
B10_D1,589,0,314,0,0
G1_D1,559,0,4,0,0
B6_D1,800,0,35,0,0
B10_D1,234,0,338,0,0
B6_D1,479,0,19,0,0
B10_D1,631,0,176,0,0
B10_D1,548,0,115,0,0
B6_D1,953,0,503,0,0
B6_D1,845,0,106,0,0
B10_D1,603,0,212,0,0
B6_D1,884,0,117,0,0
B6_D1,639,0,19,0,0
G1_D1,384,0,277,0,0
B6_D1,406,0,496,0,0
G1_D1,629,0,7,0,0
B6_D1,662,0,77,0,0
G1_D1,558,0,200,0,0
B6_D1,35,0,477,0,0
B6_D1,900,0,35,0,0
B10_D1,453,0,197,0,0
B10_D1,293,0,334,0,0
B6_D1,439,0,494,0,0
B6_D1,971,0,159,0,0
B6_D1,739,0,19,0,0
B6_D1,930,0,118,0,0
B6_D1,520,0,344,0,8
B6_D1,161,0,360,0,0
B2_D1,991,0,106,0,0
B6_D1,847,0,309,0,0
B6_D1,123,0,23,0,0
B10_D1,883,0,89,0,0
B6_D1,786,0,16,0,0
B6_D1,6,0,289,0,0
B4_D1,185,0,149,0,0
B10_D1,8,0,224,0,0
B4_D1,127,0,276,0,0
B10_D1,857,0,403,0,0
G1_D1,418,0,296,0,0
B6_D1,50,0,238,0,0
B10_D1,194,0,202,0,0
B2_D1,989,0,101,0,0
B4_D1,133,0,17,0,0
B10_D1,361,0,225,0,0
B10_D1,589,0,270,0,0
B6_D1,783,0,99,0,0
G1_D1,945,0,278,0,0
B6_D1,25,0,205,0,0
B6_D1,141,0,11,0,0
B6_D1,468,0,73,0,0
G1_D1,174,0,13,0,0
B6_D1,968,0,488,0,0
B2_D1,919,0,66,0,0
B6_D1,521,0,281,0,0
B4_D1,518,0,374,0,0
B4_D1,1,0,259,0,0
G1_D1,832,0,245,0,0
B6_D1,607,0,42,0,0
G1_D1,995,0,81,0,0
B10_D1,609,0,357,0,0
B10_D1,498,0,153,0,0
B6_D1,163,0,43,0,0
B10_D1,36,0,112,0,0
B4_D1,930,0,221,0,0
B6_D1,409,0,269,0,0
B6_D1,205,0,433,0,0
B6_D1,454,0,14,0,0
G1_D1,18,0,53,0,0
B6_D1,216,0,478,0,0
B2_D1,894,0,511,0,0
B10_D1,77,0,196,0,0
G1_D1,66,0,348,0,-1
B10_D1,327,0,28,0,0
B6_D1,312,0,47,0,0
B6_D1,33,0,175,0,0
B6_D1,659,0,34,0,0
G1_D1,871,0,101,0,0
G1_D1,18,0,225,0,0
B10_D1,159,0,361,0,0
B2_D1,146,0,277,0,0
B10_D1,115,0,457,0,0
B10_D1,333,0,51,0,0
B6_D1,784,0,306,0,0
B2_D1,413,0,110,0,0
B6_D1,638,0,49,0,0
B6_D1,659,0,509,0,0
B10_D1,746,0,281,0,0
B6_D1,256,0,6,0,0
B6_D1,43,0,3,0,0
B10_D1,1015,0,25,0,0
B6_D1,205,0,328,0,0
B2_D1,77,0,272,0,0
B2_D1,841,0,183,0,0
B6_D1,392,0,497,0,0
B10_D1,670,0,251,0,0
G1_D1,217,0,268,0,0
B10_D1,205,0,445,0,0
B10_D1,2,0,159,0,0
G1_D1,787,0,79,0,0
B2_D1,717,0,55,0,0
B10_D1,0,0,63,0,0
G1_D1,999,0,60,0,0
G1_D1,740,0,165,0,0
B6_D1,212,0,347,0,0
G1_D1,239,0,4,0,0
B10_D1,494,0,158,0,0
B10_D1,6,0,197,0,0
G1_D1,684,0,7,0,0
B6_D1,391,0,46,0,0
G1_D1,863,0,104,0,0
G1_D1,927,0,64,0,0
B6_D1,53,0,226,0,0
B10_D1,587,0,6,0,0
B10_D1,424,0,406,0,0
B6_D1,157,0,22,0,0
B6_D1,30,0,163,0,0
G1_D1,884,0,9,0,0
B6_D1,744,0,60,0,0
B10_D1,727,0,450,0,0
G1_D1,778,0,82,0,0
B6_D1,750,0,192,0,0
B10_D1,543,0,297,0,0
B10_D1,695,0,251,0,0
B10_D1,770,0,263,0,0
B6_D1,831,0,26,0,0
B10_D1,592,0,117,0,0
B6_D1,669,0,449,0,0
B6_D1,903,0,438,0,0
B10_D1,557,0,83,0,0
B10_D1,38,0,174,0,0
B6_D1,102,0,502,0,0
B10_D1,764,0,165,0,0
B10_D1,1020,0,107,0,0
G1_D1,195,0,49,0,0
G1_D1,366,0,480,0,0
B10_D1,151,0,83,0,0
G1_D1,829,0,14,0,0
B4_D1,932,0,109,0,0
B6_D1,85,0,127,0,0
G1_D1,10,0,302,0,0
G1_D1,508,0,65,0,0
B10_D1,796,0,3,0,0
B10_D1,270,0,189,0,0
G1_D1,683,0,277,0,0
B6_D1,327,0,201,0,0
G1_D1,224,0,140,0,0
B6_D1,46,0,268,0,0
B6_D1,23,0,38,0,0
B6_D1,390,0,477,0,0
B6_D1,854,0,159,0,0
G1_D1,1023,0,484,0,0
G1_D1,277,0,72,0,0
B6_D1,719,0,359,0,0
B10_D1,837,0,407,0,0
B6_D1,110,0,433,0,0
B10_D1,694,0,313,0,0
B10_D1,497,0,488,0,0
B10_D1,167,0,162,0,0
G1_D1,148,0,106,0,0
B6_D1,758,0,337,0,0
B6_D1,677,0,32,0,0
B6_D1,520,0,275,0,0
B6_D1,126,0,26,0,0
B6_D1,1022,0,375,0,-1
B6_D1,942,0,292,0,0
B10_D1,841,0,378,0,0
B6_D1,569,0,14,0,0
B10_D1,597,0,411,0,0
B6_D1,74,0,417,0,0
G1_D1,40,0,30,0,0
B6_D1,484,0,231,0,0
B10_D1,415,0,481,0,0
B4_D1,629,0,51,0,0
B10_D1,551,0,143,0,0
B2_D1,475,0,40,0,0
B10_D1,8,0,225,0,0
B10_D1,703,0,87,0,0
B2_D1,493,0,217,0,0
B10_D1,201,0,138,0,0
G1_D1,533,0,144,0,0
B10_D1,870,0,46,0,0
B4_D1,150,0,197,0,0
B10_D1,15,0,33,0,0
B10_D1,566,0,98,0,0
B6_D1,586,0,425,0,0
B4_D1,181,0,359,0,0
B6_D1,174,0,39,0,0
B2_D1,659,0,458,0,0
G1_D1,158,0,119,0,0
B6_D1,524,0,158,0,0
B6_D1,49,0,115,0,0
B10_D1,631,0,280,0,0
B6_D1,264,0,24,0,0
B10_D1,357,0,235,0,0
B10_D1,305,0,305,0,0
B2_D1,625,0,481,0,0
B10_D1,139,0,309,0,0
B6_D1,762,0,216,0,0
B10_D1,815,0,76,0,0
B10_D1,762,0,162,0,0
B6_D1,266,0,501,0,0
B10_D1,117,0,2,0,0
B6_D1,474,0,24,0,0
B10_D1,324,0,21,0,0
B2_D1,417,0,170,0,0
G1_D1,10,0,305,0,0
G1_D1,794,0,19,0,0
B6_D1,977,0,22,0,0
G1_D1,977,0,294,0,0
B4_D1,65,0,304,0,0
B6_D1,962,0,411,0,0
B6_D1,68,0,388,0,0
G1_D1,754,0,463,0,0
B4_D1,695,0,74,0,0
B6_D1,234,0,61,0,0
B10_D1,190,0,137,0,0
G1_D1,945,0,238,0,0
B4_D1,555,0,83,0,0
B6_D1,949,0,409,0,0
B10_D1,609,0,217,0,0
B6_D1,719,0,341,0,0
B6_D1,362,0,507,0,0
B2_D1,64,0,27,0,0
B10_D1,159,0,215,0,0
G1_D1,377,0,396,0,0
B6_D1,445,0,5,0,0
G1_D1,195,0,0,0,0
B2_D1,855,0,7,0,0
G1_D1,954,0,467,0,0
B6_D1,858,0,325,0,0
B10_D1,760,0,252,0,0
G1_D1,785,0,240,0,0
B4_D1,831,0,15,0,0
B10_D1,953,0,235,0,0
B6_D1,754,0,204,0,0
B4_D1,946,0,52,0,0
B10_D1,433,0,145,0,0
B6_D1,387,0,42,0,0
B10_D1,685,0,287,0,0
B2_D1,308,0,39,0,0
B8_D1,358,0,188,0,0
G1_D1,17,0,387,0,0
B10_D1,799,0,326,0,0
G1_D1,659,0,20,0,0
B6_D1,440,0,457,0,0
B2_D1,624,0,148,0,0
B6_D1,710,0,191,0,0
B10_D1,30,0,91,0,0
B6_D1,693,0,483,0,0
B10_D1,30,0,167,0,0
B6_D1,559,0,509,0,0
B10_D1,997,0,211,0,0
B10_D1,113,0,188,0,0
B10_D1,778,0,92,0,0
B2_D1,935,0,46,0,0
B4_D1,841,0,68,0,0
B10_D1,203,0,289,0,0
B4_D1,94,0,3,0,0
G1_D1,359,0,14,0,0
B10_D1,555,0,148,0,0
G1_D1,766,0,1,0,0
B10_D1,318,0,20,0,0
B4_D1,768,0,14,0,0
B10_D1,149,0,145,0,0
G1_D1,719,0,20,0,0
B6_D1,477,0,27,0,0
B6_D1,570,0,165,0,0
B10_D1,358,0,273,0,0
B10_D1,853,0,345,0,0
B6_D1,87,0,381,0,0
B2_D1,806,0,279,0,0
B4_D1,507,0,249,0,0
B6_D1,1013,0,488,0,0
B6_D1,240,0,244,0,0
B2_D1,604,0,362,0,0
B10_D1,456,0,89,0,0
B10_D1,208,0,187,0,0
G1_D1,178,0,56,0,0
B4_D1,59,0,175,0,0
B10_D1,872,0,16,0,0
B10_D1,411,0,259,0,0
G1_D1,987,0,25,0,0
B10_D1,341,0,511,0,0
B10_D1,1009,0,473,0,0
B6_D1,228,0,38,0,0
B6_D1,742,0,326,0,0
B6_D1,438,0,172,0,0
B4_D1,502,0,249,0,0
B6_D1,231,0,511,0,0
B10_D1,692,0,279,0,0
G1_D1,59,0,95,0,0
G1_D1,244,0,395,0,0
B10_D1,874,0,50,0,0
B6_D1,296,0,511,0,0
B10_D1,479,0,85,0,0
B6_D1,839,0,504,0,0
G1_D1,186,0,497,0,0
B4_D1,166,0,3,0,0
G1_D1,31,0,161,0,0
B4_D1,864,0,102,0,0
B6_D1,752,0,17,0,0
B10_D1,760,0,49,0,0
B4_D1,611,0,189,0,0
B6_D1,947,0,502,0,0
B6_D1,46,0,395,0,0
B6_D1,330,0,396,0,0
B6_D1,1015,0,45,0,0
G1_D1,237,0,18,0,0
B2_D1,986,0,89,0,0
B6_D1,415,0,57,0,0
B4_D1,695,0,66,0,0
G1_D1,147,0,104,0,0
B6_D1,680,0,65,0,0
B10_D1,795,0,305,0,0
B6_D1,491,0,56,0,0
G1_D1,387,0,267,0,0
B6_D1,534,0,55,0,0
G1_D1,937,0,459,0,0
B10_D1,242,0,235,0,0
B10_D1,489,0,31,0,0
B6_D1,626,0,6,0,0
B6_D1,195,0,151,0,0
G1_D1,970,0,78,0,0
B10_D1,846,0,338,0,0
B6_D1,529,0,261,0,0
B2_D1,774,0,69,0,0
B6_D1,273,0,70,0,0
B10_D1,792,0,36,0,0
B6_D1,251,0,294,0,0
G1_D1,234,0,7,0,0
B6_D1,394,0,155,0,0
B6_D1,1014,0,319,0,0
B6_D1,76,0,327,0,0
B6_D1,654,0,374,0,0
G1_D1,178,0,161,0,0
G1_D1,628,0,190,0,0
B10_D1,103,0,128,0,0
B6_D1,711,0,401,0,0
B2_D1,480,0,286,0,0
B10_D1,535,0,118,0,0
B6_D1,538,0,480,0,0
B2_D1,696,0,29,0,0
B10_D1,319,0,73,0,0
B6_D1,125,0,370,0,0
B10_D1,658,0,155,0,0
B10_D1,105,0,194,0,0
B6_D1,707,0,455,0,0
B10_D1,516,0,73,0,0
B6_D1,874,0,489,0,0
B6_D1,38,0,8,0,0
G1_D1,801,0,116,0,0
G1_D1,1018,0,43,0,0
G1_D1,439,0,480,0,0
B6_D1,724,0,69,0,0
B6_D1,890,0,258,0,0
B6_D1,572,0,303,0,0
B4_D1,911,0,27,0,0
B10_D1,361,0,100,0,0
B10_D1,229,0,112,0,0
B10_D1,655,0,457,0,0
B10_D1,299,0,124,0,0
B6_D1,212,0,17,0,0
B6_D1,585,0,389,0,0
B10_D1,881,0,239,0,0
B6_D1,75,0,476,0,0
B10_D1,907,0,71,0,0
B10_D1,940,0,62,0,0
G1_D1,892,0,48,0,0
B6_D1,182,0,403,0,0
B10_D1,21,0,46,0,0
B10_D1,630,0,144,0,0
B10_D1,923,0,255,0,0
B6_D1,412,0,507,0,0
B10_D1,897,0,27,0,0
G1_D1,284,0,13,0,0
B6_D1,531,0,6,0,0
G1_D1,46,0,19,0,0
B6_D1,414,0,355,0,0
B2_D1,226,0,478,0,0
B6_D1,404,0,29,0,0
B10_D1,180,0,128,0,0
G1_D1,324,0,276,0,0
B6_D1,307,0,27,0,0
B2_D1,3,0,44,0,0
B6_D1,274,0,109,0,0
G1_D1,1017,0,498,0,0
B10_D1,588,0,205,0,0
B4_D1,530,0,146,0,0
B6_D1,379,0,489,0,0
B10_D1,859,0,404,0,0
G1_D1,1005,0,199,0,0
B6_D1,641,0,501,0,0
B4_D1,890,0,18,0,0
B10_D1,40,0,80,0,0
B6_D1,429,0,377,0,0
B6_D1,883,0,297,0,0
B6_D1,332,0,329,0,0
B10_D1,436,0,231,0,0
B6_D1,297,0,487,0,0
G1_D1,480,0,126,0,0
B6_D1,706,0,511,0,0
G1_D1,309,0,142,0,0
B6_D1,553,0,157,0,0
G1_D1,464,0,107,0,0
B10_D1,239,0,290,0,0
B8_D1,70,0,143,0,0
B10_D1,96,0,320,0,0
B6_D1,1002,0,137,0,0
B10_D1,572,0,257,0,0
B6_D1,870,0,312,0,0
B6_D1,375,0,285,0,0
G1_D1,755,0,64,0,0
B10_D1,119,0,196,0,0
B6_D1,733,0,503,0,0
B4_D1,87,0,401,0,0
B4_D1,3,0,242,0,0
B10_D1,167,0,267,0,0
B10_D1,956,0,0,0,0
B6_D1,703,0,493,0,0
B2_D1,382,0,46,0,0
B6_D1,665,0,165,0,0
B2_D1,529,0,220,0,0
B4_D1,621,0,44,0,0
B10_D1,0,0,276,0,0
B2_D1,623,0,48,0,0
B10_D1,831,0,359,0,0
B10_D1,446,0,205,0,0
B10_D1,519,0,307,0,0
B10_D1,554,0,413,0,0
G1_D1,293,0,237,0,0
B10_D1,378,0,309,0,4
B6_D1,865,0,299,0,0
B10_D1,953,0,47,0,0
B10_D1,556,0,0,0,0
B6_D1,178,0,115,0,0
B6_D1,317,0,32,0,0
B6_D1,178,0,369,0,0
B10_D1,317,0,168,0,0
B6_D1,997,0,84,0,0
B2_D1,378,0,131,0,0
B6_D1,943,0,481,0,0
B10_D1,771,0,422,0,0
B6_D1,573,0,157,0,0
B6_D1,1006,0,80,0,0
B10_D1,146,0,203,0,0
B10_D1,152,0,165,0,0
B6_D1,389,0,19,0,0
B4_D1,377,0,384,0,0
B4_D1,117,0,82,0,0
B10_D1,224,0,426,0,0
B2_D1,263,0,37,0,0
B10_D1,570,0,7,0,0
B10_D1,582,0,325,0,0
B6_D1,536,0,303,0,0
B2_D1,92,0,0,0,0
B4_D1,168,0,141,0,0
B6_D1,976,0,78,0,0
B6_D1,75,0,447,0,0
B6_D1,451,0,356,0,0
B10_D1,1016,0,470,0,0
B10_D1,37,0,20,0,0
G1_D1,579,0,17,0,0
B6_D1,985,0,139,0,0
B4_D1,888,0,29,0,0
B10_D1,254,0,229,0,0
B6_D1,79,0,19,0,0
B10_D1,813,0,433,0,0
B4_D1,427,0,201,0,0
B6_D1,332,0,97,0,0
B10_D1,781,0,6,0,0
B4_D1,759,0,285,0,0
B10_D1,590,0,121,0,0
B6_D1,31,0,1,0,0
B8_D1,80,0,329,0,0
B6_D1,874,0,95,0,0
B4_D1,284,0,190,0,0
B8_D1,22,0,202,0,0
B4_D1,2,0,333,0,0
B10_D1,616,0,88,0,0
B6_D1,64,0,423,0,0
B10_D1,831,0,330,0,0
B6_D1,646,0,305,0,0
B4_D1,281,0,212,0,0
G1_D1,670,0,76,0,0
G1_D1,934,0,47,0,0
G1_D1,23,0,149,0,0
B4_D1,248,0,341,0,0
B10_D1,774,0,165,0,0
B6_D1,873,0,68,0,0
B6_D1,107,0,289,0,0
G1_D1,94,0,199,0,0
B10_D1,670,0,392,0,0
B10_D1,287,0,346,0,0
B6_D1,643,0,343,0,0
G1_D1,640,0,30,0,0
B6_D1,183,0,240,0,0
B6_D1,519,0,350,0,8
B6_D1,301,0,21,0,0
B10_D1,54,0,387,0,0
G1_D1,148,0,185,0,0
B6_D1,411,0,1,0,0
B10_D1,962,0,240,0,0
B6_D1,951,0,36,0,0
B2_D1,181,0,471,0,0
B10_D1,182,0,436,0,0
B6_D1,200,0,15,0,0
G1_D1,484,0,6,0,0
B10_D1,17,0,226,0,0
B10_D1,197,0,236,0,0
B6_D1,833,0,65,0,0
G1_D1,816,0,447,0,0
G1_D1,595,0,457,0,9
G1_D1,462,0,509,0,0
B6_D1,184,0,108,0,0
B6_D1,5,0,312,0,0
G1_D1,774,0,52,0,0
B10_D1,47,0,203,0,0
G1_D1,894,0,214,0,0
B10_D1,31,0,59,0,0
G1_D1,909,0,13,0,0
B6_D1,780,0,295,0,0
B6_D1,860,0,376,0,0
B6_D1,625,0,490,0,0
B10_D1,296,0,420,0,0
B10_D1,631,0,51,0,0
G1_D1,8,0,140,0,0
G1_D1,725,0,283,0,0
B4_D1,77,0,314,0,0
G1_D1,172,0,226,0,0
B10_D1,360,0,20,0,0
B10_D1,417,0,411,0,0
G1_D1,229,0,5,0,0
B6_D1,586,0,16,0,0
B10_D1,364,0,508,0,0
B8_D1,643,0,305,0,0
B6_D1,953,0,493,0,0
B6_D1,865,0,144,0,0
B4_D1,8,0,119,0,0
B6_D1,948,0,498,0,0
B10_D1,133,0,306,0,0
B4_D1,753,0,71,0,0
B6_D1,243,0,488,0,0
B10_D1,24,0,73,0,0
B10_D1,38,0,107,0,0
B6_D1,72,0,32,0,0
B6_D1,663,0,61,0,0
B6_D1,926,0,224,0,0
B10_D1,673,0,24,0,0
B10_D1,27,0,96,0,0
G1_D1,332,0,224,0,0
B10_D1,797,0,32,0,0
B6_D1,774,0,360,0,0
B4_D1,208,0,270,0,0
B6_D1,568,0,68,0,0
G1_D1,674,0,12,0,0
B6_D1,5,0,340,0,0
G1_D1,496,0,339,0,0
B6_D1,958,0,348,0,-1
B6_D1,855,0,212,0,0
B6_D1,79,0,489,0,0
B4_D1,183,0,156,0,0
G1_D1,273,0,235,0,0
B6_D1,937,0,54,0,0
B6_D1,406,0,262,0,0
B6_D1,13,0,262,0,0
B10_D1,490,0,336,0,0
B6_D1,324,0,489,0,0
B4_D1,14,0,238,0,0
B10_D1,363,0,230,0,0
B10_D1,438,0,242,0,0
B6_D1,410,0,248,0,0
B6_D1,402,0,156,0,0
G1_D1,896,0,112,0,0
B10_D1,146,0,64,0,0
G1_D1,46,0,71,0,0
B10_D1,66,0,168,0,0
B10_D1,28,0,266,0,0
B10_D1,439,0,217,0,0
G1_D1,703,0,169,0,0
B10_D1,811,0,327,0,0
B4_D1,833,0,75,0,0
B6_D1,968,0,88,0,0
B6_D1,854,0,360,0,0
B2_D1,398,0,288,0,0
B4_D1,467,0,134,0,0
B10_D1,783,0,67,0,0
B10_D1,276,0,115,0,0
B6_D1,740,0,69,0,0
G1_D1,514,0,201,0,0
B6_D1,39,0,285,0,0
B4_D1,164,0,58,0,0
B6_D1,5,0,40,0,0
B2_D1,954,0,237,0,0
B10_D1,648,0,495,0,0
G1_D1,482,0,352,0,0
B6_D1,918,0,461,0,0
B6_D1,702,0,2,0,0
B6_D1,999,0,310,0,0
B6_D1,249,0,129,0,0
B10_D1,645,0,245,0,0
B10_D1,81,0,195,0,0
B10_D1,589,0,260,0,0
B10_D1,64,0,192,0,0
B10_D1,605,0,316,0,0
B10_D1,663,0,510,0,0
B10_D1,997,0,352,0,-1
B10_D1,141,0,310,0,0
B6_D1,818,0,483,0,0
B2_D1,0,0,41,0,0
B4_D1,944,0,34,0,0
B6_D1,510,0,10,0,0
B10_D1,438,0,14,0,0
B10_D1,862,0,403,0,0
B6_D1,468,0,49,0,0
B6_D1,902,0,140,0,0
G1_D1,1016,0,353,0,-1
B6_D1,237,0,170,0,0
B6_D1,710,0,367,0,0
B4_D1,916,0,101,0,0
G1_D1,987,0,136,0,0
B10_D1,269,0,10,0,0
B6_D1,854,0,387,0,0
B4_D1,933,0,130,0,0
B10_D1,450,0,188,0,0
B6_D1,908,0,168,0,0
B6_D1,354,0,39,0,0
B6_D1,356,0,327,0,0
B10_D1,11,0,379,0,0
B6_D1,14,0,332,0,0
B10_D1,811,0,371,0,0
G1_D1,257,0,288,0,0
G1_D1,106,0,15,0,0
B6_D1,213,0,329,0,0
G1_D1,140,0,50,0,0
B6_D1,44,0,54,0,0
B10_D1,152,0,267,0,0
B6_D1,750,0,306,0,0
B10_D1,637,0,275,0,0
B6_D1,841,0,258,0,0
B6_D1,930,0,240,0,0
G1_D1,739,0,19,0,0
B10_D1,591,0,455,0,9
B6_D1,674,0,390,0,0
B6_D1,462,0,12,0,0
G1_D1,619,0,3,0,0
B6_D1,791,0,441,0,0
B6_D1,480,0,108,0,0
B6_D1,228,0,28,0,0
B4_D1,951,0,217,0,0
G1_D1,596,0,240,0,0
B10_D1,166,0,157,0,0
B6_D1,901,0,454,0,0
B6_D1,216,0,363,0,0
B10_D1,934,0,108,0,0
B2_D1,568,0,153,0,0
G1_D1,1023,0,292,0,0
B2_D1,312,0,121,0,0
B6_D1,987,0,201,0,0
B6_D1,186,0,86,0,0
B6_D1,86,0,501,0,0
B6_D1,842,0,502,0,0
B4_D1,571,0,389,0,0
B10_D1,93,0,52,0,0
G1_D1,1006,0,20,0,0
G1_D1,729,0,13,0,0
B6_D1,402,0,391,0,0
B4_D1,3,0,415,0,0
B10_D1,543,0,163,0,0
B4_D1,655,0,59,0,0
B6_D1,305,0,505,0,0
B6_D1,616,0,422,0,0
B10_D1,379,0,58,0,0
B6_D1,404,0,219,0,0
B10_D1,585,0,7,0,0
B10_D1,444,0,461,0,0
B10_D1,505,0,304,0,0
B6_D1,770,0,5,0,0
B2_D1,814,0,47,0,0
B6_D1,675,0,0,0,0
G1_D1,1017,0,443,0,0
B10_D1,26,0,56,0,0
G1_D1,563,0,107,0,0
B4_D1,198,0,18,0,0
B4_D1,77,0,5,0,0
B10_D1,718,0,273,0,0
B10_D1,465,0,467,0,0
G1_D1,726,0,64,0,0
B2_D1,0,0,286,0,0
G1_D1,15,0,305,0,0
G1_D1,51,0,57,0,0
B10_D1,368,0,30,0,0
B10_D1,1016,0,22,0,0
B4_D1,203,0,134,0,0
B6_D1,891,0,506,0,0
G1_D1,754,0,14,0,0
B2_D1,772,0,53,0,0
B6_D1,428,0,493,0,0
B10_D1,839,0,242,0,0
B6_D1,163,0,100,0,0
B6_D1,391,0,295,0,0
B4_D1,321,0,216,0,0
B6_D1,60,0,5,0,0
B6_D1,852,0,90,0,0
B6_D1,13,0,166,0,0
B6_D1,538,0,310,0,0
G1_D1,691,0,201,0,0
G1_D1,769,0,102,0,0
B2_D1,240,0,10,0,0
B2_D1,751,0,283,0,0
B2_D1,780,0,285,0,0
B6_D1,778,0,433,0,0
B10_D1,410,0,239,0,0
B10_D1,370,0,191,0,0
B6_D1,729,0,241,0,0
B2_D1,210,0,16,0,0
B6_D1,442,0,482,0,0
G1_D1,10,0,25,0,0
B10_D1,661,0,34,0,0
B8_D1,121,0,266,0,0
B10_D1,959,0,293,0,0
B10_D1,7,0,12,0,0
B6_D1,616,0,31,0,0
B10_D1,385,0,248,0,0
B6_D1,1000,0,413,0,0
B10_D1,722,0,450,0,0
B10_D1,629,0,138,0,0
B4_D1,330,0,318,0,0
B10_D1,458,0,79,0,0
B6_D1,640,0,40,0,0
B2_D1,49,0,511,0,0
G1_D1,195,0,343,0,0
B6_D1,137,0,290,0,0
B10_D1,23,0,101,0,0
B6_D1,143,0,488,0,0
B6_D1,961,0,404,0,0
B6_D1,19,0,4,0,0
G1_D1,952,0,305,0,0
B10_D1,949,0,241,0,0
B6_D1,607,0,297,0,0
B10_D1,471,0,504,0,0
G1_D1,712,0,340,0,0
B6_D1,773,0,386,0,0
B10_D1,168,0,504,0,0
B10_D1,396,0,449,0,0
B6_D1,922,0,262,0,0
B6_D1,299,0,211,0,0
B6_D1,761,0,46,0,0
B4_D1,716,0,79,0,0
B2_D1,135,0,442,0,0
B6_D1,542,0,449,0,-1
B6_D1,45,0,25,0,0
B4_D1,271,0,140,0,0
B6_D1,366,0,427,0,-1
B6_D1,796,0,21,0,0
B4_D1,864,0,33,0,0
G1_D1,186,0,40,0,0
B6_D1,739,0,59,0,0
G1_D1,559,0,91,0,0
G1_D1,79,0,6,0,0
B10_D1,877,0,368,0,0
B6_D1,181,0,61,0,0
B6_D1,167,0,42,0,0
G1_D1,375,0,198,0,0
B10_D1,197,0,439,0,0
G1_D1,326,0,411,0,0
B10_D1,298,0,277,0,0
B10_D1,863,0,84,0,0
B6_D1,855,0,378,0,0
G1_D1,1021,0,509,0,0
B6_D1,79,0,414,0,0
G1_D1,860,0,117,0,0
B6_D1,562,0,492,0,0
B8_D1,726,0,194,0,0
G1_D1,1008,0,49,0,0
B4_D1,22,0,137,0,0
G1_D1,633,0,43,0,0
B4_D1,389,0,193,0,0
B6_D1,274,0,504,0,0
B6_D1,862,0,449,0,0
B10_D1,65,0,174,0,0
B6_D1,14,0,95,0,0
B2_D1,722,0,54,0,0
B10_D1,896,0,74,0,0
B6_D1,770,0,434,0,0
B6_D1,259,0,190,0,0
B10_D1,480,0,7,0,0
B10_D1,508,0,34,0,0
B10_D1,689,0,282,0,0
B6_D1,286,0,6,0,0
B10_D1,682,0,23,0,0
B10_D1,93,0,120,0,0
B2_D1,27,0,27,0,0
G1_D1,1015,0,78,0,0
B6_D1,44,0,404,0,0
B2_D1,758,0,1,0,0
B10_D1,871,0,47,0,0
B6_D1,11,0,263,0,0
B10_D1,646,0,34,0,0
B10_D1,409,0,106,0,0
B6_D1,684,0,504,0,0
B10_D1,658,0,66,0,0
B6_D1,535,0,179,0,0
B6_D1,891,0,384,0,0
G1_D1,546,0,1,0,0
B6_D1,460,0,398,0,0
B6_D1,786,0,96,0,0
B10_D1,717,0,158,0,0
G1_D1,55,0,118,0,0
B4_D1,130,0,50,0,0
G1_D1,231,0,271,0,0
B10_D1,621,0,207,0,0
B6_D1,22,0,306,0,0
B8_D1,763,0,236,0,0
B10_D1,859,0,2,0,0
B10_D1,701,0,16,0,0
B10_D1,587,0,119,0,0
B6_D1,586,0,496,0,0
B6_D1,182,0,103,0,0
G1_D1,739,0,235,0,0
B6_D1,901,0,496,0,0
B10_D1,235,0,155,0,0
G1_D1,579,0,13,0,0
B4_D1,553,0,183,0,0
B2_D1,313,0,43,0,0
B6_D1,122,0,502,0,0
G1_D1,744,0,463,0,0
B10_D1,7,0,89,0,0
G1_D1,18,0,329,0,0
G1_D1,779,0,11,0,0
B6_D1,848,0,337,0,0
B6_D1,747,0,2,0,0
B10_D1,133,0,179,0,0
B6_D1,855,0,64,0,0
B6_D1,904,0,366,0,-1
B10_D1,265,0,182,0,0
B10_D1,9,0,266,0,0
B10_D1,580,0,310,0,0
B2_D1,301,0,180,0,0
B2_D1,987,0,85,0,0
B6_D1,432,0,171,0,0
G1_D1,838,0,439,0,0
B6_D1,71,0,185,0,0
B10_D1,533,0,264,0,0
B10_D1,166,0,5,0,0
G1_D1,172,0,157,0,0
B10_D1,619,0,131,0,0
B6_D1,494,0,436,0,5
B6_D1,1018,0,300,0,0
B10_D1,276,0,318,0,0
B6_D1,309,0,214,0,0
B6_D1,637,0,42,0,0
B6_D1,480,0,291,0,0
B4_D1,458,0,243,0,0
B10_D1,4,0,241,0,0
G1_D1,192,0,50,0,0
G1_D1,847,0,392,0,0
B2_D1,333,0,494,0,0
B2_D1,904,0,4,0,0
B6_D1,739,0,272,0,0
B6_D1,631,0,446,0,0
B10_D1,669,0,53,0,0
B2_D1,672,0,436,0,0
B6_D1,486,0,11,0,0
B4_D1,790,0,218,0,0
B6_D1,985,0,20,0,0
G1_D1,795,0,118,0,0
B10_D1,608,0,295,0,0
B10_D1,751,0,3,0,0
G1_D1,764,0,307,0,0
B6_D1,773,0,478,0,0
B10_D1,841,0,487,0,0
B6_D1,532,0,492,0,0
G1_D1,336,0,235,0,0
B6_D1,272,0,480,0,0
B10_D1,678,0,4,0,0
B10_D1,391,0,290,0,0
B6_D1,211,0,390,0,0
G1_D1,986,0,50,0,0
B10_D1,537,0,119,0,0
B6_D1,1012,0,140,0,0
B4_D1,777,0,274,0,0
B10_D1,15,0,165,0,0
B10_D1,612,0,414,0,0
G1_D1,453,0,114,0,0
B10_D1,385,0,287,0,0
G1_D1,107,0,135,0,0
B6_D1,237,0,17,0,0
B6_D1,1,0,219,0,0
B6_D1,676,0,21,0,0
B10_D1,173,0,247,0,0
B2_D1,3,0,32,0,0
B6_D1,200,0,78,0,0
B10_D1,24,0,100,0,0
B6_D1,945,0,304,0,0
G1_D1,119,0,92,0,0
G1_D1,86,0,63,0,0
G1_D1,1013,0,48,0,0
B6_D1,90,0,293,0,0
B6_D1,878,0,384,0,0
G1_D1,675,0,66,0,0
B10_D1,690,0,72,0,0
B10_D1,310,0,47,0,0
G1_D1,918,0,326,0,0
B10_D1,56,0,313,0,0
B6_D1,99,0,4,0,0
B4_D1,123,0,102,0,0
G1_D1,97,0,398,0,0
B6_D1,227,0,27,0,0
G1_D1,979,0,208,0,0
B10_D1,101,0,484,0,0
G1_D1,21,0,144,0,0
B10_D1,717,0,100,0,0
B10_D1,337,0,338,0,0
B4_D1,108,0,304,0,0
B4_D1,833,0,14,0,0
B10_D1,558,0,249,0,0
B6_D1,979,0,174,0,0
B2_D1,334,0,489,0,0
B4_D1,974,0,13,0,0
B6_D1,790,0,130,0,0
B10_D1,152,0,220,0,0
B6_D1,555,0,10,0,0
G1_D1,729,0,12,0,0
B2_D1,824,0,229,0,0
G1_D1,562,0,118,0,0
B10_D1,182,0,196,0,0
B10_D1,672,0,321,0,0
G1_D1,317,0,212,0,0
B6_D1,46,0,465,0,0
G1_D1,904,0,83,0,0
B4_D1,782,0,93,0,0
G1_D1,937,0,64,0,0
G1_D1,761,0,330,0,0
B10_D1,522,0,278,0,0
G1_D1,626,0,160,0,0
B4_D1,334,0,334,0,0
B10_D1,346,0,276,0,0
B6_D1,415,0,285,0,0
B10_D1,286,0,256,0,0
B10_D1,476,0,138,0,0
B10_D1,304,0,58,0,0
B6_D1,480,0,30,0,0
G1_D1,74,0,133,0,0
G1_D1,39,0,82,0,0
B4_D1,877,0,127,0,0
B10_D1,106,0,272,0,0
B10_D1,888,0,301,0,0
B2_D1,663,0,288,0,0
B6_D1,428,0,33,0,0
B6_D1,206,0,114,0,0
B2_D1,827,0,228,0,0
B8_D1,807,0,226,0,0
B10_D1,232,0,188,0,0
G1_D1,976,0,55,0,0
B6_D1,352,0,42,0,0
B6_D1,846,0,1,0,0
G1_D1,435,0,246,0,0
B10_D1,763,0,367,0,0
B2_D1,651,0,510,0,0
B6_D1,260,0,270,0,0
B10_D1,709,0,475,0,0
B10_D1,336,0,192,0,0
B10_D1,733,0,262,0,0
B6_D1,807,0,90,0,0
B10_D1,93,0,199,0,0
B10_D1,617,0,231,0,0
G1_D1,707,0,83,0,0
G1_D1,321,0,481,0,0
B10_D1,320,0,72,0,0
B6_D1,32,0,141,0,0
G1_D1,534,0,30,0,0
G1_D1,21,0,158,0,0
B10_D1,949,0,25,0,0
B10_D1,208,0,66,0,0
B10_D1,953,0,72,0,0
B10_D1,410,0,69,0,0
G1_D1,326,0,86,0,0
B6_D1,848,0,8,0,0
G1_D1,397,0,91,0,0
B10_D1,879,0,2,0,0
B10_D1,161,0,68,0,0
B10_D1,490,0,11,0,0
B6_D1,302,0,27,0,0
B10_D1,468,0,242,0,0
B2_D1,125,0,109,0,0
B10_D1,666,0,312,0,0
B10_D1,201,0,286,0,0
G1_D1,976,0,63,0,0
B10_D1,323,0,292,0,0
B4_D1,227,0,147,0,0
G1_D1,779,0,14,0,0
B10_D1,800,0,247,0,0
B4_D1,433,0,149,0,0
B4_D1,528,0,284,0,0
B6_D1,569,0,162,0,0
B2_D1,864,0,23,0,0
B6_D1,483,0,3,0,0
B6_D1,1017,0,497,0,0
B6_D1,806,0,200,0,0
B10_D1,391,0,28,0,0
B10_D1,297,0,157,0,0
G1_D1,589,0,238,0,0
G1_D1,465,0,123,0,0
B4_D1,626,0,221,0,0
B6_D1,20,0,485,0,0
B10_D1,158,0,60,0,0
B6_D1,688,0,481,0,0
B6_D1,302,0,22,0,0
G1_D1,85,0,41,0,0
G1_D1,674,0,185,0,0
B10_D1,346,0,152,0,0
B10_D1,649,0,486,0,0
B10_D1,197,0,144,0,0
B6_D1,483,0,488,0,0
B10_D1,906,0,340,0,0
B2_D1,248,0,46,0,0
B6_D1,769,0,328,0,0
B10_D1,616,0,364,0,0
B6_D1,994,0,408,0,0
B6_D1,562,0,186,0,0
B10_D1,581,0,322,0,0
B2_D1,254,0,64,0,0
G1_D1,586,0,309,0,0
B10_D1,787,0,407,0,0
G1_D1,386,0,278,0,0
B10_D1,148,0,60,0,0
B6_D1,706,0,342,0,0
B6_D1,519,0,164,0,0
G1_D1,374,0,443,0,2
B4_D1,249,0,61,0,0
B6_D1,893,0,451,0,0
G1_D1,815,0,270,0,0
B6_D1,841,0,200,0,0
B6_D1,974,0,309,0,0
G1_D1,919,0,217,0,0
B10_D1,464,0,256,0,0
B6_D1,992,0,22,0,0
B10_D1,1003,0,2,0,0
B10_D1,738,0,406,0,0
B10_D1,187,0,201,0,0
B10_D1,830,0,53,0,0
G1_D1,1021,0,58,0,0
B2_D1,578,0,288,0,0
G1_D1,301,0,53,0,0
B10_D1,875,0,236,0,0
G1_D1,419,0,13,0,0
B10_D1,708,0,250,0,0
G1_D1,856,0,101,0,0
B6_D1,658,0,343,0,0
B6_D1,528,0,246,0,0
B6_D1,1,0,320,0,0
B10_D1,951,0,277,0,0
B6_D1,854,0,190,0,0
G1_D1,1023,0,86,0,0
B10_D1,448,0,242,0,0
B10_D1,189,0,95,0,0
B6_D1,640,0,174,0,0
B6_D1,842,0,17,0,0
G1_D1,50,0,204,0,0
B6_D1,706,0,1,0,0
B10_D1,1000,0,33,0,0
B4_D1,143,0,270,0,0
G1_D1,725,0,428,0,0
B6_D1,610,0,510,0,0
B2_D1,814,0,68,0,0
B6_D1,688,0,210,0,0
B6_D1,525,0,20,0,0
B6_D1,460,0,268,0,0
B4_D1,109,0,317,0,0
B10_D1,813,0,422,0,0
B6_D1,123,0,313,0,0
B2_D1,180,0,97,0,0
B6_D1,868,0,393,0,0
B10_D1,360,0,510,0,0
G1_D1,904,0,14,0,0
B8_D1,588,0,221,0,0
B4_D1,333,0,338,0,0
B6_D1,455,0,281,0,0
B6_D1,789,0,437,0,0
B4_D1,4,0,318,0,0
B6_D1,372,0,440,0,2
B6_D1,801,0,48,0,0
B10_D1,618,0,186,0,0
B10_D1,403,0,63,0,0
B6_D1,635,0,420,0,0
B10_D1,524,0,276,0,0
G1_D1,520,0,510,0,0
B2_D1,849,0,244,0,0
B6_D1,51,0,491,0,0
B6_D1,150,0,279,0,0
B6_D1,685,0,441,0,0
G1_D1,43,0,151,0,0
B10_D1,282,0,268,0,0
G1_D1,498,0,64,0,0
B10_D1,738,0,38,0,0
B6_D1,460,0,387,0,0
G1_D1,107,0,96,0,0
G1_D1,866,0,212,0,0
G1_D1,260,0,20,0,0
B10_D1,101,0,321,0,0
B6_D1,527,0,17,0,0
B6_D1,459,0,24,0,0
B6_D1,100,0,141,0,0
B10_D1,99,0,325,0,0
B6_D1,527,0,37,0,0
G1_D1,860,0,270,0,0
B8_D1,1020,0,292,0,0
B6_D1,655,0,111,0,0
B6_D1,563,0,8,0,0
B10_D1,852,0,83,0,0
B2_D1,912,0,438,0,0
G1_D1,202,0,125,0,0
B6_D1,710,0,344,0,0
B6_D1,364,0,93,0,0
B6_D1,550,0,120,0,0
G1_D1,16,0,234,0,0
B2_D1,397,0,380,0,0
B6_D1,291,0,36,0,0
B2_D1,782,0,132,0,0
B6_D1,997,0,37,0,0
G1_D1,944,0,280,0,0
B6_D1,592,0,171,0,0
B6_D1,370,0,10,0,0
B6_D1,772,0,208,0,0
B10_D1,227,0,45,0,0
B10_D1,468,0,258,0,0
B10_D1,679,0,395,0,0
B4_D1,166,0,112,0,0
B6_D1,343,0,3,0,0
B6_D1,766,0,246,0,0
B8_D1,199,0,108,0,0
B10_D1,149,0,112,0,0
B2_D1,805,0,360,0,0
B6_D1,827,0,22,0,0
B4_D1,681,0,309,0,0
B4_D1,1020,0,21,0,0
B10_D1,642,0,256,0,0
B6_D1,988,0,28,0,0
B2_D1,680,0,509,0,0
B6_D1,844,0,228,0,0
B6_D1,929,0,107,0,0
B10_D1,336,0,187,0,0
B10_D1,429,0,249,0,0
B4_D1,1012,0,212,0,0
B6_D1,82,0,479,0,0
G1_D1,38,0,38,0,0
B6_D1,513,0,8,0,0
B6_D1,208,0,43,0,0
B10_D1,797,0,79,0,0
G1_D1,429,0,480,0,0
B10_D1,177,0,200,0,0
B10_D1,170,0,29,0,0
G1_D1,747,0,238,0,0
B10_D1,354,0,33,0,0
B6_D1,878,0,297,0,0
B2_D1,815,0,36,0,0
B10_D1,603,0,347,0,0
B6_D1,728,0,348,0,0
B10_D1,608,0,351,0,0
G1_D1,978,0,79,0,0
B2_D1,647,0,225,0,0
B10_D1,42,0,256,0,0
B2_D1,172,0,468,0,0
G1_D1,502,0,62,0,0
B2_D1,848,0,77,0,0
B4_D1,235,0,49,0,0
B2_D1,867,0,262,0,0
G1_D1,514,0,5,0,0
B10_D1,320,0,47,0,0
B4_D1,121,0,90,0,0
B10_D1,829,0,4,0,0
B6_D1,798,0,153,0,0
B10_D1,801,0,420,0,0
G1_D1,84,0,16,0,0
B6_D1,859,0,108,0,0
B10_D1,814,0,404,0,0
B10_D1,636,0,177,0,0
B10_D1,282,0,99,0,0
B10_D1,20,0,238,0,0
B10_D1,4,0,19,0,0
B10_D1,336,0,242,0,0
B6_D1,610,0,45,0,0
G1_D1,69,0,310,0,0
G1_D1,679,0,2,0,0
B6_D1,124,0,204,0,0
B10_D1,681,0,445,0,0
B10_D1,427,0,192,0,0
B6_D1,866,0,511,0,0
B10_D1,14,0,39,0,0
G1_D1,269,0,2,0,0
B6_D1,478,0,23,0,0
B6_D1,128,0,266,0,0
B6_D1,914,0,307,0,0
B6_D1,594,0,391,0,0
B6_D1,5,0,67,0,0
B10_D1,1019,0,30,0,0
B6_D1,169,0,489,0,0
G1_D1,847,0,142,0,0
B6_D1,857,0,348,0,0
B6_D1,631,0,377,0,0
B6_D1,142,0,447,0,0
G1_D1,66,0,148,0,0
B6_D1,662,0,492,0,0
B6_D1,169,0,129,0,0
G1_D1,1018,0,412,0,0
B6_D1,81,0,141,0,0
B6_D1,452,0,399,0,0
B10_D1,105,0,66,0,0
G1_D1,49,0,121,0,0
B8_D1,768,0,229,0,0
B10_D1,678,0,24,0,0
B6_D1,307,0,388,0,0
G1_D1,46,0,167,0,0
B6_D1,940,0,112,0,0
B6_D1,308,0,202,0,0
B10_D1,460,0,94,0,0
B10_D1,362,0,59,0,0
B10_D1,341,0,314,0,0
B6_D1,856,0,224,0,0
G1_D1,284,0,238,0,0
B6_D1,886,0,175,0,0
G1_D1,108,0,362,0,0
G1_D1,257,0,346,0,0
B6_D1,483,0,49,0,0
G1_D1,599,0,16,0,0
B10_D1,501,0,3,0,0
G1_D1,264,0,132,0,0
B10_D1,553,0,295,0,0
B10_D1,182,0,61,0,0
B6_D1,315,0,383,0,0
B10_D1,480,0,61,0,0
B6_D1,865,0,65,0,0
G1_D1,464,0,14,0,0
B6_D1,705,0,5,0,0
B10_D1,323,0,135,0,0
G1_D1,22,0,366,0,0
B10_D1,189,0,31,0,0
B6_D1,938,0,43,0,0
B10_D1,731,0,451,0,0
G1_D1,1015,0,145,0,0
B2_D1,583,0,480,0,0
B10_D1,391,0,478,0,0
B6_D1,824,0,160,0,0
B6_D1,546,0,284,0,0
B10_D1,173,0,231,0,0
B10_D1,871,0,495,0,0
B6_D1,771,0,111,0,0
B10_D1,284,0,10,0,0
B4_D1,349,0,203,0,0
B10_D1,312,0,122,0,0
B6_D1,930,0,495,0,0
B10_D1,762,0,50,0,0
B10_D1,456,0,295,0,0
G1_D1,17,0,36,0,0
B6_D1,319,0,228,0,0
B10_D1,384,0,242,0,0
G1_D1,259,0,63,0,0
B6_D1,434,0,447,0,0
B6_D1,93,0,94,0,0
G1_D1,979,0,115,0,0
B6_D1,50,0,229,0,0
B6_D1,428,0,420,0,0
B10_D1,406,0,253,0,0
B6_D1,662,0,241,0,0
B6_D1,980,0,0,0,0
B4_D1,874,0,36,0,0
B6_D1,302,0,407,0,0
G1_D1,365,0,414,0,0
B6_D1,665,0,406,0,0
G1_D1,394,0,280,0,0
B6_D1,604,0,19,0,0
B10_D1,744,0,313,0,0
B6_D1,255,0,30,0,0
G1_D1,881,0,71,0,0
B4_D1,777,0,92,0,0
B4_D1,486,0,87,0,0
G1_D1,209,0,344,0,0
B6_D1,1000,0,433,0,0
B10_D1,211,0,0,0,0
B2_D1,192,0,227,0,0
B6_D1,975,0,431,0,0
G1_D1,211,0,277,0,0
G1_D1,898,0,244,0,0
B10_D1,580,0,327,0,0
B6_D1,439,0,327,0,0
B6_D1,653,0,49,0,0
B6_D1,441,0,332,0,0
B6_D1,479,0,160,0,0
B6_D1,715,0,434,0,0
B2_D1,883,0,169,0,0
B6_D1,373,0,385,0,0
B6_D1,829,0,228,0,0
B10_D1,488,0,473,0,0
G1_D1,521,0,475,0,0
B6_D1,675,0,434,0,0
B10_D1,711,0,253,0,0
G1_D1,262,0,346,0,0
B10_D1,446,0,110,0,0
G1_D1,315,0,193,0,0
B6_D1,392,0,12,0,0
G1_D1,91,0,200,0,0
B10_D1,735,0,263,0,0
G1_D1,404,0,14,0,0
B4_D1,784,0,65,0,0
B6_D1,119,0,136,0,0
B2_D1,386,0,510,0,0
G1_D1,30,0,136,0,0
B6_D1,174,0,56,0,0
B6_D1,36,0,121,0,0
B10_D1,794,0,405,0,0
G1_D1,776,0,112,0,0
B6_D1,729,0,14,0,0
B10_D1,671,0,39,0,0
B10_D1,407,0,140,0,0
G1_D1,688,0,23,0,0
B6_D1,215,0,328,0,0
B6_D1,555,0,344,0,0
B10_D1,992,0,300,0,0
B10_D1,767,0,329,0,0
G1_D1,351,0,228,0,0
G1_D1,699,0,11,0,0
B6_D1,150,0,77,0,0
B10_D1,676,0,117,0,0
B4_D1,614,0,208,0,0
G1_D1,338,0,34,0,0
B6_D1,199,0,382,0,0
B10_D1,548,0,308,0,0
B6_D1,257,0,22,0,0
B10_D1,529,0,288,0,0
G1_D1,23,0,138,0,0
B6_D1,51,0,496,0,0
B10_D1,783,0,241,0,0
B6_D1,4,0,364,0,0
G1_D1,54,0,86,0,0
B6_D1,433,0,69,0,0
B6_D1,614,0,489,0,0
B2_D1,795,0,219,0,0
G1_D1,231,0,195,0,0
B10_D1,310,0,401,0,0
B6_D1,1003,0,255,0,0
B2_D1,710,0,87,0,0
B10_D1,810,0,279,0,0
G1_D1,451,0,15,0,0
B6_D1,146,0,174,0,0
B10_D1,13,0,14,0,0
B10_D1,387,0,198,0,0
B2_D1,125,0,426,0,0
G1_D1,33,0,190,0,0
B6_D1,377,0,492,0,0
B4_D1,236,0,351,0,0
B6_D1,455,0,381,0,0
B4_D1,1021,0,91,0,0
B10_D1,429,0,144,0,0
B4_D1,718,0,210,0,0
B4_D1,916,0,232,0,0
G1_D1,935,0,262,0,0
B10_D1,336,0,225,0,0
B10_D1,395,0,11,0,0
B10_D1,579,0,335,0,0
B10_D1,702,0,416,0,0
B6_D1,424,0,192,0,0
B6_D1,873,0,3,0,0
B2_D1,639,0,23,0,0
B6_D1,451,0,496,0,0
B4_D1,646,0,134,0,-1
B10_D1,189,0,187,0,0
B6_D1,515,0,30,0,0
B10_D1,673,0,309,0,0
B10_D1,503,0,163,0,0
G1_D1,436,0,298,0,0
B8_D1,894,0,234,0,0
B4_D1,814,0,13,0,0
B2_D1,762,0,40,0,0
B4_D1,47,0,9,0,0
B10_D1,70,0,28,0,0
B6_D1,481,0,380,0,0
B6_D1,773,0,300,0,0
B10_D1,773,0,272,0,0
B6_D1,459,0,265,0,0
B6_D1,57,0,27,0,0
B6_D1,254,0,292,0,0
G1_D1,1019,0,83,0,0
B10_D1,737,0,42,0,0
B10_D1,514,0,249,0,0
B8_D1,191,0,347,0,0
B10_D1,425,0,20,0,0
B10_D1,363,0,226,0,0
B6_D1,739,0,273,0,0
B6_D1,165,0,77,0,0
B10_D1,560,0,324,0,0
G1_D1,981,0,1,0,0
B6_D1,986,0,402,0,0
B6_D1,348,0,49,0,0
B6_D1,957,0,81,0,0
G1_D1,41,0,147,0,0
G1_D1,311,0,270,0,0
B6_D1,60,0,495,0,0
B10_D1,268,0,172,0,0
B10_D1,26,0,217,0,0
B6_D1,375,0,15,0,0
B6_D1,753,0,348,0,0
G1_D1,834,0,233,0,0
B6_D1,551,0,48,0,0
G1_D1,740,0,233,0,0
B6_D1,606,0,190,0,0
B10_D1,369,0,155,0,0
B10_D1,616,0,156,0,0
B6_D1,303,0,28,0,0
B2_D1,759,0,87,0,0
B6_D1,0,0,82,0,0
B6_D1,584,0,69,0,0
B2_D1,495,0,157,0,0
G1_D1,21,0,68,0,0
B6_D1,267,0,110,0,0
G1_D1,325,0,387,0,0
B10_D1,557,0,291,0,0
B6_D1,169,0,307,0,0
B6_D1,449,0,397,0,0
B10_D1,724,0,124,0,0
B6_D1,0,0,121,0,0
B10_D1,590,0,344,0,0
B6_D1,291,0,151,0,0
G1_D1,78,0,49,0,0
B10_D1,48,0,311,0,0
B6_D1,446,0,46,0,0
G1_D1,533,0,70,0,0
B6_D1,573,0,183,0,0
B6_D1,627,0,22,0,0
G1_D1,756,0,245,0,0
B6_D1,717,0,382,0,0
B10_D1,359,0,337,0,0
B6_D1,957,0,7,0,0
B6_D1,116,0,165,0,0
G1_D1,369,0,54,0,0
G1_D1,1022,0,176,0,0
B6_D1,412,0,114,0,0
G1_D1,634,0,45,0,0
B6_D1,1018,0,33,0,0
B2_D1,376,0,161,0,0
B10_D1,625,0,31,0,0
B10_D1,11,0,188,0,0
G1_D1,11,0,401,0,0
B6_D1,778,0,227,0,0
B6_D1,309,0,404,0,0
G1_D1,24,0,244,0,0
B6_D1,275,0,375,0,0
B6_D1,772,0,17,0,0
B10_D1,249,0,351,0,0
B10_D1,975,0,43,0,0
G1_D1,377,0,270,0,0
B6_D1,565,0,326,0,0
B6_D1,86,0,478,0,0
G1_D1,157,0,385,0,0
B10_D1,1017,0,36,0,0
G1_D1,167,0,283,0,0
B10_D1,731,0,347,0,0
B2_D1,793,0,36,0,0
G1_D1,348,0,145,0,0
B10_D1,64,0,21,0,0
B10_D1,710,0,324,0,0
B6_D1,828,0,214,0,0
B10_D1,749,0,102,0,0
B6_D1,828,0,364,0,0
B6_D1,284,0,122,0,0
B10_D1,726,0,106,0,0
B4_D1,281,0,240,0,0
B2_D1,255,0,394,0,0
B10_D1,492,0,239,0,0
B6_D1,817,0,487,0,0
G1_D1,209,0,5,0,0
B10_D1,154,0,288,0,0
B6_D1,94,0,83,0,0
B6_D1,217,0,361,0,0
B10_D1,552,0,482,0,0
B6_D1,905,0,139,0,0
B10_D1,561,0,172,0,0
B10_D1,100,0,85,0,0
B6_D1,463,0,403,0,0
B6_D1,780,0,5,0,0
B8_D1,99,0,104,0,0
G1_D1,12,0,181,0,0
B8_D1,616,0,302,0,0
B6_D1,4,0,172,0,0
B2_D1,547,0,221,0,0
B10_D1,111,0,157,0,0
B6_D1,427,0,17,0,0
B10_D1,163,0,17,0,0
B6_D1,1006,0,6,0,0
B6_D1,450,0,30,0,0
G1_D1,75,0,272,0,0
B6_D1,116,0,46,0,0
B10_D1,822,0,106,0,0
B10_D1,312,0,227,0,0
B6_D1,321,0,400,0,0
B10_D1,136,0,203,0,0
B10_D1,844,0,402,0,0
B4_D1,714,0,60,0,0
B6_D1,289,0,141,0,0
B6_D1,371,0,48,0,0
B10_D1,339,0,270,0,0
B10_D1,945,0,282,0,0
B10_D1,918,0,82,0,0
B10_D1,741,0,266,0,0
B6_D1,273,0,18,0,0
G1_D1,493,0,64,0,0
B10_D1,785,0,27,0,0
G1_D1,649,0,3,0,0
B10_D1,310,0,36,0,0
G1_D1,569,0,22,0,0
B4_D1,769,0,207,0,0
B4_D1,859,0,236,0,0
B2_D1,918,0,14,0,0
B10_D1,585,0,33,0,0
B4_D1,778,0,270,0,0
B4_D1,282,0,237,0,0
B2_D1,101,0,37,0,0
B6_D1,600,0,495,0,0
B6_D1,22,0,223,0,0
G1_D1,936,0,297,0,0
B6_D1,421,0,53,0,0
B4_D1,1004,0,13,0,0
B4_D1,847,0,95,0,0
B4_D1,492,0,85,0,0
B2_D1,184,0,93,0,0
B6_D1,176,0,178,0,0
B10_D1,22,0,20,0,0
B6_D1,762,0,189,0,0
B10_D1,71,0,55,0,0
G1_D1,361,0,21,0,0
B6_D1,618,0,3,0,0
G1_D1,932,0,110,0,0
B6_D1,123,0,3,0,0
B6_D1,13,0,498,0,0
G1_D1,693,0,23,0,0
B10_D1,639,0,244,0,0
B2_D1,530,0,62,0,0
B10_D1,161,0,505,0,0
B6_D1,254,0,273,0,0
B10_D1,138,0,286,0,0
B6_D1,264,0,111,0,0
B10_D1,218,0,287,0,0
G1_D1,178,0,67,0,0
B6_D1,840,0,104,0,0
B10_D1,65,0,49,0,0
G1_D1,1019,0,397,0,0
B6_D1,521,0,16,0,0
G1_D1,993,0,191,0,0
B6_D1,169,0,484,0,0
B10_D1,449,0,34,0,0
G1_D1,779,0,3,0,0
B10_D1,153,0,106,0,0
B6_D1,560,0,398,0,0
B6_D1,880,0,485,0,0
B6_D1,872,0,338,0,0
B10_D1,286,0,145,0,0
B10_D1,987,0,265,0,0
B4_D1,91,0,28,0,0
B10_D1,381,0,488,0,0
B10_D1,405,0,145,0,0
B6_D1,673,0,488,0,0
B6_D1,469,0,67,0,0
B6_D1,82,0,492,0,0
B10_D1,341,0,204,0,0
B10_D1,475,0,337,0,0
B6_D1,432,0,507,0,0
B4_D1,926,0,90,0,0
B6_D1,83,0,488,0,0
B10_D1,770,0,459,0,0
G1_D1,690,0,456,0,0
B6_D1,307,0,229,0,0
B6_D1,583,0,422,0,0
G1_D1,127,0,160,0,0
B6_D1,261,0,54,0,0
B6_D1,524,0,50,0,0
B2_D1,392,0,380,0,0
B10_D1,412,0,263,0,0
G1_D1,684,0,509,0,0
B6_D1,269,0,376,0,0
B6_D1,900,0,455,0,0
B10_D1,546,0,286,0,0
B6_D1,380,0,251,0,0
B4_D1,781,0,66,0,0
G1_D1,401,0,228,0,0
B6_D1,8,0,61,0,0
B10_D1,563,0,126,0,0
G1_D1,250,0,24,0,0
B6_D1,497,0,294,0,0
B10_D1,632,0,200,0,0
B4_D1,515,0,169,0,0
B6_D1,542,0,381,0,0
B10_D1,304,0,125,0,0
B10_D1,306,0,456,0,3
B10_D1,99,0,115,0,0
B6_D1,840,0,500,0,0
G1_D1,768,0,36,0,0
G1_D1,450,0,123,0,0
B10_D1,143,0,211,0,0
B6_D1,717,0,492,0,0
B6_D1,414,0,52,0,0
B2_D1,327,0,54,0,0
B10_D1,861,0,327,0,0
G1_D1,996,0,158,0,0
G1_D1,360,0,163,0,0
B6_D1,160,0,500,0,0
B8_D1,1023,0,443,0,0
G1_D1,365,0,196,0,0
B6_D1,549,0,263,0,0
B10_D1,943,0,52,0,0
B6_D1,696,0,6,0,0
B6_D1,605,0,344,0,0
G1_D1,833,0,250,0,0
B6_D1,745,0,103,0,0
G1_D1,591,0,222,0,0
B6_D1,959,0,156,0,0
B6_D1,430,0,381,0,0
B6_D1,105,0,163,0,0
G1_D1,372,0,479,0,0
B6_D1,476,0,511,0,0
B10_D1,16,0,88,0,0
B6_D1,111,0,48,0,0
B10_D1,315,0,31,0,0
B6_D1,784,0,384,0,0
G1_D1,1012,0,285,0,0
B10_D1,417,0,230,0,0
B10_D1,526,0,112,0,0
B6_D1,218,0,33,0,0
B2_D1,600,0,448,0,0
B6_D1,987,0,114,0,0
B6_D1,589,0,14,0,0
B6_D1,477,0,296,0,0
B6_D1,824,0,356,0,0
B10_D1,149,0,58,0,0
G1_D1,879,0,205,0,0
G1_D1,31,0,321,0,0
G1_D1,211,0,236,0,0
B6_D1,413,0,264,0,0
G1_D1,410,0,390,0,0
B10_D1,921,0,324,0,0
B6_D1,922,0,343,0,0
G1_D1,63,0,44,0,0
G1_D1,162,0,450,0,0
B10_D1,38,0,311,0,0
B6_D1,159,0,135,0,0
B4_D1,511,0,62,0,0
B6_D1,456,0,496,0,0
B10_D1,372,0,26,0,0
G1_D1,814,0,12,0,0
B6_D1,66,0,132,0,0
B6_D1,721,0,267,0,0
B6_D1,817,0,82,0,0
B2_D1,428,0,213,0,0
B6_D1,250,0,45,0,0
B4_D1,412,0,233,0,0
B6_D1,910,0,469,0,0
B6_D1,709,0,310,0,0
B10_D1,13,0,209,0,0
B10_D1,480,0,88,0,0
B6_D1,770,0,495,0,0
B6_D1,386,0,215,0,0
B6_D1,915,0,45,0,0
G1_D1,24,0,35,0,0
B6_D1,46,0,486,0,0
B6_D1,224,0,464,0,0
G1_D1,655,0,35,0,0
B6_D1,758,0,351,0,0
B6_D1,647,0,76,0,0
B6_D1,371,0,353,0,0
B6_D1,383,0,8,0,0
B6_D1,383,0,33,0,0
B6_D1,55,0,40,0,0
B10_D1,783,0,164,0,0
B10_D1,589,0,413,0,0
B10_D1,459,0,49,0,0
B2_D1,616,0,446,0,0
B2_D1,845,0,58,0,0
B4_D1,928,0,51,0,0
B6_D1,410,0,55,0,0
G1_D1,43,0,498,0,0
B6_D1,507,0,507,0,0
B10_D1,317,0,48,0,0
G1_D1,689,0,129,0,0
B4_D1,78,0,41,0,0
B6_D1,812,0,66,0,0
B6_D1,275,0,164,0,0
G1_D1,1011,0,208,0,0
B10_D1,829,0,242,0,0
B10_D1,787,0,329,0,0
B6_D1,16,0,135,0,0
G1_D1,131,0,208,0,0
B4_D1,433,0,415,0,0
B6_D1,521,0,26,0,0
B10_D1,74,0,23,0,0
B6_D1,673,0,480,0,0
G1_D1,268,0,134,0,0
B6_D1,2,0,316,0,0
B6_D1,820,0,88,0,0
B6_D1,112,0,453,0,0
B10_D1,3,0,35,0,0
B6_D1,747,0,408,0,0
B6_D1,579,0,335,0,0
B10_D1,673,0,79,0,0
B6_D1,895,0,194,0,-1
B6_D1,885,0,106,0,0
G1_D1,782,0,323,0,0
G1_D1,470,0,216,0,0
B2_D1,89,0,25,0,0
B10_D1,137,0,290,0,0
G1_D1,705,0,510,0,0
B4_D1,101,0,129,0,0
B6_D1,869,0,226,0,0
B4_D1,543,0,410,0,0
B10_D1,10,0,307,0,0
B6_D1,294,0,509,0,0
B4_D1,108,0,196,0,0
B10_D1,535,0,161,0,0
B10_D1,775,0,249,0,0
G1_D1,155,0,308,0,0
B4_D1,912,0,319,0,0
G1_D1,128,0,137,0,0
B10_D1,217,0,234,0,0
G1_D1,1016,0,14,0,0
B6_D1,5,0,453,0,0
B6_D1,180,0,490,0,0
G1_D1,343,0,27,0,0
B6_D1,358,0,13,0,0
B6_D1,492,0,455,0,-1
G1_D1,312,0,455,0,3
B10_D1,164,0,175,0,0
B8_D1,587,0,199,0,0
B6_D1,235,0,45,0,0
B2_D1,558,0,480,0,0
B2_D1,636,0,44,0,0
B10_D1,15,0,238,0,0
B6_D1,578,0,508,0,0
B4_D1,6,0,283,0,0
B10_D1,481,0,132,0,0
B10_D1,140,0,277,0,0
B6_D1,841,0,354,0,0
B10_D1,408,0,100,0,0
G1_D1,314,0,10,0,0
B8_D1,764,0,230,0,0
B10_D1,754,0,2,0,0
B6_D1,1006,0,321,0,0
B6_D1,314,0,216,0,0
B6_D1,914,0,306,0,0
B6_D1,768,0,336,0,0
G1_D1,164,0,8,0,0
B6_D1,273,0,73,0,0
B6_D1,76,0,1,0,0
B10_D1,778,0,63,0,0
B6_D1,664,0,4,0,0
B6_D1,416,0,360,0,0
B10_D1,611,0,497,0,0
G1_D1,243,0,122,0,0
B6_D1,424,0,65,0,0
B6_D1,934,0,51,0,0
B10_D1,177,0,77,0,0
G1_D1,60,0,75,0,0
B6_D1,766,0,21,0,0
G1_D1,521,0,473,0,0
B6_D1,689,0,34,0,0
B10_D1,623,0,495,0,0
G1_D1,983,0,118,0,0
G1_D1,1006,0,170,0,0
B6_D1,494,0,175,0,0
B8_D1,206,0,105,0,0
B6_D1,817,0,331,0,0
B10_D1,573,0,73,0,0
B6_D1,914,0,395,0,0
B2_D1,2,0,116,0,0
B10_D1,272,0,235,0,0
B10_D1,384,0,274,0,0
B4_D1,533,0,244,0,0
B6_D1,306,0,153,0,0
G1_D1,16,0,221,0,0
B2_D1,208,0,78,0,0
B8_D1,937,0,301,0,0
G1_D1,186,0,53,0,0
B10_D1,872,0,48,0,0
B4_D1,591,0,110,0,0
B10_D1,786,0,422,0,0
B10_D1,511,0,115,0,0
B6_D1,276,0,186,0,0
G1_D1,179,0,12,0,0
B10_D1,830,0,50,0,0
B10_D1,995,0,54,0,0
B10_D1,771,0,106,0,0
G1_D1,899,0,264,0,0
B10_D1,227,0,150,0,0
B6_D1,971,0,31,0,0
B2_D1,655,0,20,0,0
B6_D1,808,0,493,0,0
G1_D1,86,0,200,0,0
B6_D1,585,0,510,0,0
B10_D1,358,0,174,0,0
G1_D1,66,0,397,0,0
G1_D1,19,0,330,0,0
B4_D1,1,0,368,0,0
B6_D1,877,0,92,0,0
B10_D1,521,0,410,0,0
G1_D1,44,0,207,0,0
B10_D1,963,0,80,0,0
G1_D1,163,0,161,0,0
B6_D1,111,0,41,0,0
B10_D1,708,0,160,0,0
G1_D1,50,0,58,0,0
B2_D1,61,0,70,0,0
B10_D1,264,0,271,0,0
B6_D1,167,0,12,0,0
B10_D1,842,0,47,0,0
B6_D1,651,0,511,0,0
G1_D1,194,0,195,0,0
B2_D1,938,0,153,0,-1
B6_D1,640,0,0,0,0
B10_D1,294,0,10,0,0
G1_D1,135,0,204,0,0
B6_D1,21,0,394,0,0
B6_D1,554,0,180,0,0
B2_D1,849,0,18,0,0
B2_D1,399,0,479,0,0
B10_D1,724,0,81,0,0
G1_D1,276,0,74,0,0
B6_D1,227,0,301,0,0
B6_D1,382,0,507,0,0
B4_D1,1,0,490,0,0
B2_D1,907,0,454,0,0
B10_D1,1006,0,338,0,0
B4_D1,509,0,427,0,5
B10_D1,168,0,233,0,0
B10_D1,365,0,213,0,0
B6_D1,833,0,151,0,0
B6_D1,324,0,14,0,0
B10_D1,703,0,418,0,0
G1_D1,618,0,232,0,0
B10_D1,52,0,11,0,0
B6_D1,423,0,28,0,0
B2_D1,368,0,288,0,0
B10_D1,635,0,22,0,0
G1_D1,156,0,46,0,0
B6_D1,216,0,21,0,0
B2_D1,644,0,361,0,0
B10_D1,126,0,228,0,0
B6_D1,807,0,448,0,0
G1_D1,320,0,22,0,0
B4_D1,17,0,502,0,0
B4_D1,280,0,191,0,0
B6_D1,789,0,399,0,0
B10_D1,426,0,348,0,0
B2_D1,13,0,53,0,0
G1_D1,345,0,20,0,0
B6_D1,702,0,468,0,0
B6_D1,137,0,427,0,0
B6_D1,731,0,11,0,0
G1_D1,821,0,224,0,0
B10_D1,152,0,443,0,0
B6_D1,100,0,142,0,0
B6_D1,785,0,490,0,0
B6_D1,318,0,3,0,0
B2_D1,283,0,200,0,0
B6_D1,248,0,479,0,0
G1_D1,356,0,229,0,0
B6_D1,877,0,140,0,0
B6_D1,678,0,431,0,0
G1_D1,266,0,100,0,0
B10_D1,15,0,314,0,0
B4_D1,934,0,290,0,0
B6_D1,677,0,332,0,0
B10_D1,491,0,472,0,0
B6_D1,887,0,167,0,0
B10_D1,229,0,44,0,0
G1_D1,439,0,230,0,0
B6_D1,598,0,479,0,0
G1_D1,734,0,164,0,0
B6_D1,916,0,472,0,0
B10_D1,271,0,159,0,0
B10_D1,431,0,348,0,0
G1_D1,186,0,57,0,0
B6_D1,319,0,29,0,0
G1_D1,43,0,190,0,0
G1_D1,604,0,16,0,0
B10_D1,268,0,66,0,0
B6_D1,559,0,350,0,0
B4_D1,553,0,406,0,0
B6_D1,916,0,501,0,0
B10_D1,797,0,112,0,0
B6_D1,687,0,284,0,0
B10_D1,460,0,237,0,0
B6_D1,998,0,18,0,0
B2_D1,492,0,486,0,0
B6_D1,991,0,41,0,0
G1_D1,194,0,68,0,0
B6_D1,834,0,231,0,0
B6_D1,907,0,482,0,0
B10_D1,13,0,328,0,0
B4_D1,299,0,186,0,0
G1_D1,15,0,365,0,0
G1_D1,917,0,243,0,0
B8_D1,792,0,228,0,0
B10_D1,366,0,100,0,0
B10_D1,437,0,320,0,0
B6_D1,135,0,184,0,0
B6_D1,884,0,176,0,0
B6_D1,731,0,21,0,0
B6_D1,553,0,365,0,0
B10_D1,351,0,182,0,0
B6_D1,394,0,54,0,0
G1_D1,501,0,21,0,0
B4_D1,811,0,265,0,0
B10_D1,519,0,314,0,0
B6_D1,118,0,268,0,0
B6_D1,911,0,511,0,0
B10_D1,668,0,66,0,0
B2_D1,599,0,218,0,0
B6_D1,1022,0,63,0,0
B10_D1,453,0,459,0,0
G1_D1,659,0,14,0,0
G1_D1,652,0,80,0,0
B6_D1,5,0,428,0,0
B10_D1,606,0,346,0,0
B10_D1,711,0,37,0,0
B6_D1,613,0,434,0,0
B2_D1,241,0,68,0,0
G1_D1,120,0,454,0,0
G1_D1,229,0,12,0,0
G1_D1,29,0,304,0,0
B10_D1,428,0,398,0,0
G1_D1,997,0,169,0,0
B6_D1,862,0,361,0,0
B6_D1,128,0,185,0,0
B8_D1,412,0,195,0,0
B2_D1,168,0,466,0,0
B10_D1,844,0,237,0,0
B8_D1,779,0,230,0,0
B8_D1,586,0,293,0,0
B10_D1,395,0,7,0,0
B10_D1,556,0,3,0,0
G1_D1,947,0,235,0,0
B6_D1,921,0,36,0,0
B10_D1,900,0,389,0,0
B6_D1,163,0,369,0,0
G1_D1,705,0,77,0,0
B2_D1,149,0,288,0,0
B6_D1,7,0,401,0,0
B10_D1,725,0,424,0,0
B6_D1,926,0,458,0,0
B10_D1,312,0,217,0,0
B6_D1,775,0,100,0,0
B10_D1,320,0,446,0,-1
G1_D1,135,0,500,0,0
B6_D1,422,0,246,0,0
B6_D1,1006,0,506,0,0
G1_D1,139,0,62,0,0
B6_D1,900,0,299,0,0
B10_D1,622,0,362,0,0
B6_D1,1004,0,24,0,0
B10_D1,659,0,446,0,0
B6_D1,342,0,507,0,0
B6_D1,454,0,19,0,0
B4_D1,721,0,269,0,0
B10_D1,423,0,167,0,0
B10_D1,880,0,348,0,0
B4_D1,698,0,45,0,0
B6_D1,767,0,327,0,0
B4_D1,663,0,247,0,0
B4_D1,93,0,453,0,0
B10_D1,177,0,12,0,0
B6_D1,282,0,82,0,0
G1_D1,394,0,369,0,-1
B10_D1,336,0,185,0,0
B10_D1,574,0,36,0,0
G1_D1,1023,0,287,0,0
B6_D1,0,0,373,0,0
B6_D1,322,0,502,0,0
G1_D1,573,0,248,0,0
B6_D1,674,0,130,0,0
B2_D1,299,0,123,0,0
B2_D1,692,0,286,0,0
B10_D1,515,0,66,0,0
B6_D1,181,0,235,0,0
B6_D1,102,0,487,0,0
G1_D1,570,0,199,0,0
B2_D1,502,0,486,0,0
B10_D1,15,0,36,0,0
B10_D1,362,0,227,0,0
G1_D1,914,0,4,0,0
B6_D1,56,0,327,0,0
G1_D1,740,0,247,0,0
G1_D1,983,0,86,0,0
B4_D1,710,0,46,0,0
G1_D1,654,0,300,0,0
B6_D1,9,0,122,0,0
B2_D1,654,0,167,0,0
B6_D1,30,0,255,0,0
G1_D1,889,0,42,0,0
G1_D1,33,0,151,0,0
B6_D1,751,0,432,0,0
B10_D1,874,0,295,0,0
B10_D1,759,0,447,0,0
B6_D1,771,0,302,0,0
B10_D1,379,0,271,0,0
B6_D1,731,0,48,0,0
B6_D1,179,0,195,0,0
B2_D1,531,0,483,0,0
B10_D1,501,0,159,0,0
G1_D1,1023,0,255,0,0
B4_D1,322,0,305,0,0
B6_D1,40,0,247,0,0
B6_D1,61,0,511,0,0
B6_D1,942,0,84,0,0
B6_D1,296,0,496,0,0
B6_D1,534,0,405,0,0
B10_D1,623,0,213,0,0
G1_D1,430,0,370,0,0
B6_D1,801,0,141,0,0
B10_D1,794,0,127,0,0
B6_D1,1001,0,36,0,0
B10_D1,296,0,0,0,0
G1_D1,894,0,11,0,0
B6_D1,211,0,355,0,0
B4_D1,447,0,373,0,0
G1_D1,832,0,300,0,0
B4_D1,813,0,111,0,0
G1_D1,825,0,299,0,0
B6_D1,283,0,503,0,0
B10_D1,952,0,280,0,0
B10_D1,570,0,108,0,0
B8_D1,233,0,336,0,0
G1_D1,213,0,186,0,0
B10_D1,342,0,30,0,0
B10_D1,143,0,298,0,0
B6_D1,372,0,156,0,0
B10_D1,192,0,189,0,0
G1_D1,1006,0,117,0,0
B6_D1,399,0,240,0,0
B6_D1,744,0,494,0,0
B8_D1,91,0,225,0,-1
B10_D1,261,0,159,0,0
B10_D1,731,0,330,0,0
B6_D1,207,0,7,0,0
G1_D1,657,0,18,0,0
B6_D1,902,0,12,0,0
B4_D1,207,0,33,0,0
B10_D1,772,0,79,0,0
B6_D1,849,0,201,0,0
B10_D1,431,0,495,0,0
B6_D1,381,0,334,0,0
B2_D1,370,0,492,0,0
B6_D1,852,0,42,0,0
G1_D1,766,0,387,0,0
B10_D1,18,0,107,0,0
B6_D1,832,0,269,0,0
G1_D1,539,0,124,0,0
B6_D1,949,0,309,0,0
B10_D1,864,0,293,0,0
B10_D1,809,0,248,0,0
B6_D1,4,0,34,0,0
B8_D1,5,0,232,0,0
B6_D1,568,0,298,0,0
B10_D1,1008,0,215,0,0
G1_D1,321,0,27,0,0
G1_D1,315,0,417,0,0
B10_D1,592,0,102,0,0
B6_D1,488,0,483,0,0
B10_D1,872,0,217,0,0
B10_D1,31,0,77,0,0
B4_D1,838,0,30,0,0
B4_D1,561,0,298,0,0
B6_D1,659,0,417,0,0
B6_D1,845,0,5,0,0
B10_D1,268,0,246,0,0
B10_D1,802,0,377,0,0
B6_D1,561,0,316,0,0
G1_D1,927,0,250,0,0
B4_D1,774,0,196,0,0
G1_D1,222,0,60,0,0
B4_D1,343,0,219,0,0
B10_D1,580,0,79,0,0
G1_D1,43,0,50,0,0
G1_D1,187,0,76,0,0
G1_D1,13,0,155,0,0
G1_D1,867,0,125,0,0
G1_D1,259,0,69,0,0
G1_D1,9,0,206,0,0
B6_D1,125,0,105,0,0
B10_D1,189,0,274,0,0
B6_D1,959,0,198,0,-1
B10_D1,218,0,43,0,0
G1_D1,369,0,273,0,0
B10_D1,255,0,7,0,0
B4_D1,686,0,28,0,0
B6_D1,584,0,494,0,0
B10_D1,23,0,28,0,0
B6_D1,160,0,476,0,0
B6_D1,481,0,36,0,0
B4_D1,122,0,279,0,0
B6_D1,660,0,0,0,0
G1_D1,40,0,125,0,0
B10_D1,690,0,187,0,0
B10_D1,718,0,59,0,0
B6_D1,0,0,390,0,0
B10_D1,191,0,213,0,0
B10_D1,619,0,295,0,0
B10_D1,142,0,288,0,0
B6_D1,59,0,151,0,0
B6_D1,887,0,209,0,0
B10_D1,279,0,350,0,0
B4_D1,733,0,73,0,0
G1_D1,543,0,31,0,0
B4_D1,318,0,298,0,0
G1_D1,519,0,16,0,0
B10_D1,421,0,195,0,0
B10_D1,6,0,194,0,0
G1_D1,411,0,1,0,0
B6_D1,967,0,232,0,0
B6_D1,501,0,501,0,0
B2_D1,689,0,194,0,0
G1_D1,41,0,170,0,0
G1_D1,572,0,147,0,0
G1_D1,441,0,73,0,0
B2_D1,691,0,94,0,0
B10_D1,322,0,75,0,0
B2_D1,731,0,270,0,0
B2_D1,331,0,511,0,0
B10_D1,254,0,240,0,0
B6_D1,632,0,412,0,0
G1_D1,305,0,94,0,0
B10_D1,345,0,262,0,0
G1_D1,49,0,308,0,0
B4_D1,510,0,213,0,0
G1_D1,915,0,44,0,0
B6_D1,827,0,60,0,0
B10_D1,798,0,39,0,0
B6_D1,257,0,497,0,0
B10_D1,910,0,387,0,0
G1_D1,994,0,225,0,0
G1_D1,1011,0,320,0,0
B6_D1,467,0,12,0,0
B6_D1,524,0,484,0,0
B6_D1,657,0,104,0,0
B6_D1,99,0,424,0,0
G1_D1,139,0,182,0,0
B10_D1,7,0,130,0,0
G1_D1,672,0,120,0,0
G1_D1,1021,0,503,0,0
B6_D1,33,0,76,0,0
B2_D1,375,0,229,0,0
B6_D1,819,0,122,0,0
B6_D1,747,0,497,0,0
B6_D1,43,0,43,0,0
G1_D1,980,0,47,0,0
B10_D1,485,0,175,0,0
G1_D1,49,0,82,0,0
B6_D1,965,0,20,0,0
B10_D1,118,0,40,0,0
B6_D1,608,0,428,0,0
B4_D1,83,0,127,0,0
B6_D1,82,0,7,0,0
G1_D1,444,0,6,0,0
G1_D1,787,0,74,0,0
B10_D1,574,0,503,0,0
G1_D1,534,0,5,0,0
B10_D1,680,0,70,0,0
B4_D1,943,0,116,0,0
B4_D1,150,0,160,0,0
B6_D1,433,0,359,0,0
B6_D1,922,0,17,0,0
B6_D1,724,0,360,0,0
B4_D1,770,0,296,0,0
B6_D1,659,0,499,0,0
B6_D1,709,0,494,0,0
B10_D1,394,0,150,0,0
B10_D1,695,0,284,0,0
G1_D1,193,0,140,0,0
G1_D1,734,0,11,0,0
B6_D1,201,0,390,0,0
B10_D1,138,0,99,0,0
B10_D1,888,0,89,0,0
B10_D1,965,0,114,0,0
B4_D1,780,0,80,0,0
B6_D1,805,0,10,0,0
B6_D1,983,0,200,0,0
G1_D1,3,0,481,0,0
B10_D1,501,0,148,0,0
B10_D1,753,0,319,0,0
G1_D1,747,0,289,0,0
B4_D1,23,0,269,0,0
B6_D1,705,0,441,0,0
G1_D1,73,0,434,0,0
B10_D1,321,0,311,0,0
B10_D1,133,0,235,0,0
B6_D1,922,0,437,0,0
B6_D1,229,0,499,0,0
B10_D1,5,0,227,0,0
B6_D1,765,0,233,0,0
B10_D1,52,0,267,0,0
B10_D1,192,0,285,0,0
B6_D1,199,0,332,0,0
G1_D1,748,0,209,0,0
G1_D1,263,0,179,0,0
G1_D1,551,0,116,0,0
B6_D1,761,0,199,0,0
B2_D1,678,0,31,0,0
B2_D1,769,0,60,0,0
G1_D1,272,0,410,0,0
B6_D1,97,0,280,0,0
G1_D1,979,0,116,0,0
B6_D1,651,0,399,0,0
B10_D1,636,0,282,0,0
G1_D1,790,0,240,0,0
B6_D1,118,0,13,0,0
B4_D1,995,0,206,0,0
B4_D1,703,0,14,0,0
B4_D1,286,0,139,0,0
B10_D1,481,0,83,0,0
B4_D1,288,0,142,0,0
B2_D1,391,0,33,0,0
G1_D1,866,0,497,0,0
B6_D1,1021,0,141,0,0
B10_D1,564,0,8,0,0
B2_D1,312,0,493,0,0
B6_D1,625,0,55,0,0
G1_D1,789,0,390,0,0
B10_D1,685,0,111,0,0
B10_D1,1013,0,466,0,0
G1_D1,627,0,116,0,0
B6_D1,903,0,120,0,0
B10_D1,743,0,272,0,0
B2_D1,542,0,28,0,0
B4_D1,112,0,332,0,0
B10_D1,156,0,280,0,0
B6_D1,180,0,476,0,0
B10_D1,934,0,360,0,0
B6_D1,27,0,323,0,0
B6_D1,331,0,173,0,0
B6_D1,979,0,343,0,-1
G1_D1,229,0,11,0,0
G1_D1,153,0,269,0,0
B6_D1,290,0,83,0,0
B10_D1,950,0,279,0,0
G1_D1,386,0,19,0,0
B10_D1,177,0,196,0,0
B2_D1,676,0,69,0,0
B10_D1,932,0,373,0,0
B6_D1,203,0,127,0,0
B8_D1,65,0,143,0,0
B4_D1,295,0,146,0,0
B6_D1,226,0,309,0,0
G1_D1,22,0,127,0,0
G1_D1,200,0,343,0,0
G1_D1,637,0,302,0,0
G1_D1,840,0,42,0,0
B6_D1,12,0,337,0,0
B6_D1,977,0,169,0,0
B6_D1,762,0,27,0,0
B6_D1,757,0,270,0,0
G1_D1,778,0,66,0,0
B6_D1,803,0,197,0,0
B10_D1,414,0,252,0,0
G1_D1,585,0,205,0,0
B6_D1,491,0,41,0,0
B10_D1,15,0,67,0,0
B6_D1,693,0,508,0,0
B6_D1,349,0,83,0,0
B6_D1,4,0,147,0,0
B4_D1,625,0,230,0,0
B6_D1,4,0,122,0,0
G1_D1,53,0,168,0,0
B6_D1,761,0,461,0,0
B4_D1,734,0,87,0,0
B6_D1,708,0,183,0,0
G1_D1,905,0,74,0,0
B6_D1,868,0,439,0,0
G1_D1,814,0,6,0,0
B6_D1,712,0,147,0,0
B10_D1,553,0,265,0,0
B10_D1,703,0,110,0,0
B4_D1,328,0,210,0,0
B10_D1,861,0,86,0,0
B10_D1,704,0,10,0,0
G1_D1,1022,0,461,0,0
B4_D1,369,0,297,0,0
B10_D1,32,0,156,0,0
B10_D1,492,0,247,0,0
B6_D1,175,0,452,0,0
B4_D1,701,0,38,0,0
B10_D1,594,0,413,0,0
B6_D1,870,0,329,0,0
B6_D1,807,0,278,0,0
B6_D1,808,0,3,0,0
B6_D1,2,0,52,0,0
B6_D1,666,0,11,0,0
G1_D1,750,0,45,0,0
B6_D1,223,0,193,0,0
B6_D1,496,0,26,0,0
B10_D1,775,0,376,0,0
B10_D1,261,0,244,0,0
B6_D1,829,0,98,0,0
G1_D1,966,0,1,0,0
B2_D1,666,0,459,0,0
G1_D1,179,0,407,0,0
B6_D1,199,0,121,0,0
G1_D1,64,0,67,0,0
B4_D1,1021,0,274,0,0
B6_D1,828,0,393,0,0
B10_D1,487,0,301,0,0
G1_D1,865,0,469,0,0
B6_D1,863,0,395,0,0
B6_D1,350,0,331,0,0
B2_D1,491,0,511,0,0
G1_D1,763,0,66,0,0
G1_D1,308,0,141,0,0
G1_D1,91,0,21,0,0
B6_D1,175,0,197,0,0
B6_D1,728,0,343,0,0
B6_D1,1009,0,504,0,0
G1_D1,541,0,65,0,0
B10_D1,681,0,192,0,0
G1_D1,231,0,369,0,0
B6_D1,753,0,483,0,0
B10_D1,705,0,268,0,0
B6_D1,354,0,433,0,-1
B10_D1,462,0,462,0,0
B6_D1,354,0,370,0,0
B6_D1,702,0,492,0,0
B6_D1,474,0,50,0,0
B4_D1,707,0,252,0,0
B10_D1,187,0,100,0,0
B6_D1,975,0,490,0,0
B6_D1,680,0,430,0,0
B10_D1,440,0,485,0,0
B6_D1,956,0,80,0,0
G1_D1,683,0,246,0,0
B10_D1,309,0,73,0,0
B10_D1,346,0,225,0,0
B6_D1,142,0,163,0,0
B10_D1,738,0,358,0,0
G1_D1,47,0,254,0,0
G1_D1,942,0,240,0,0
B6_D1,104,0,24,0,0
B10_D1,1011,0,472,0,0
B4_D1,26,0,32,0,0
B6_D1,5,0,184,0,0
B10_D1,803,0,1,0,0
B10_D1,184,0,122,0,0
B6_D1,735,0,53,0,0
B10_D1,690,0,32,0,0
B4_D1,911,0,66,0,0
G1_D1,37,0,18,0,0
G1_D1,221,0,127,0,0
B6_D1,987,0,42,0,0
B6_D1,416,0,273,0,0
B4_D1,616,0,189,0,0
B6_D1,682,0,342,0,0
B6_D1,776,0,31,0,0
B6_D1,985,0,296,0,0
B6_D1,97,0,17,0,0
G1_D1,210,0,138,0,0
B6_D1,190,0,20,0,0
B10_D1,856,0,435,0,0
G1_D1,395,0,224,0,0
B10_D1,747,0,315,0,0
B10_D1,859,0,52,0,0
B10_D1,497,0,411,0,0
B6_D1,702,0,461,0,0
B6_D1,725,0,45,0,0
B4_D1,497,0,373,0,0
B10_D1,373,0,18,0,0
B6_D1,933,0,419,0,0
B2_D1,490,0,157,0,0
B10_D1,668,0,112,0,0
B10_D1,588,0,278,0,0
B4_D1,6,0,252,0,0
B10_D1,370,0,409,0,0
B10_D1,100,0,63,0,0
B6_D1,91,0,36,0,0
B10_D1,415,0,233,0,0
B10_D1,376,0,5,0,0
G1_D1,794,0,272,0,0
B10_D1,477,0,407,0,0
B6_D1,867,0,497,0,0
B6_D1,303,0,483,0,0
G1_D1,529,0,16,0,0
B2_D1,705,0,32,0,0
B6_D1,645,0,437,0,0
B10_D1,147,0,220,0,0
B6_D1,669,0,162,0,0
B8_D1,141,0,238,0,0
G1_D1,1009,0,83,0,0
B6_D1,834,0,44,0,0
G1_D1,194,0,272,0,0
B10_D1,246,0,247,0,0
B6_D1,346,0,491,0,0
G1_D1,780,0,268,0,0
G1_D1,34,0,244,0,0
B6_D1,196,0,6,0,0
G1_D1,41,0,104,0,0
B10_D1,16,0,72,0,0
B10_D1,15,0,7,0,0
B6_D1,145,0,150,0,0
B10_D1,26,0,77,0,0
B10_D1,581,0,511,0,0
B10_D1,620,0,60,0,0
G1_D1,335,0,223,0,0
B6_D1,534,0,404,0,0
B6_D1,703,0,245,0,0
G1_D1,920,0,253,0,0
B6_D1,351,0,334,0,0
B10_D1,581,0,286,0,0
B6_D1,45,0,194,0,0
B6_D1,839,0,440,0,0
B6_D1,429,0,274,0,0
B2_D1,244,0,36,0,0
G1_D1,759,0,257,0,0
B2_D1,133,0,266,0,0
G1_D1,194,0,373,0,0
B6_D1,462,0,295,0,0
G1_D1,489,0,244,0,0
G1_D1,621,0,120,0,0
B6_D1,868,0,493,0,0
B6_D1,703,0,3,0,0
B6_D1,894,0,39,0,0
B6_D1,53,0,508,0,0
B6_D1,271,0,481,0,0
B6_D1,368,0,371,0,0
B6_D1,116,0,109,0,0
B8_D1,118,0,204,0,0
B10_D1,279,0,320,0,0
B4_D1,755,0,286,0,0
B10_D1,355,0,289,0,0
G1_D1,714,0,126,0,0
B4_D1,662,0,244,0,0
B6_D1,523,0,33,0,0
B6_D1,101,0,450,0,0
B10_D1,287,0,314,0,0
B10_D1,132,0,291,0,0
G1_D1,8,0,106,0,0
B6_D1,21,0,301,0,0
B6_D1,470,0,241,0,0
B6_D1,549,0,499,0,0
B6_D1,406,0,506,0,0
B2_D1,840,0,15,0,0
B10_D1,302,0,304,0,0
B6_D1,514,0,4,0,0
G1_D1,677,0,511,0,0
B8_D1,410,0,193,0,0
B10_D1,706,0,435,0,0
G1_D1,749,0,228,0,0
B10_D1,24,0,45,0,0
B10_D1,577,0,116,0,0
B10_D1,1023,0,250,0,0
B10_D1,287,0,51,0,0
B10_D1,877,0,88,0,0
B10_D1,802,0,389,0,0
G1_D1,634,0,4,0,0
B6_D1,1012,0,81,0,0
B6_D1,317,0,492,0,0
B6_D1,115,0,0,0,0
B6_D1,176,0,6,0,0
B6_D1,426,0,53,0,0
B8_D1,457,0,201,0,0
G1_D1,529,0,14,0,0
G1_D1,575,0,196,0,0
B10_D1,914,0,404,0,0
G1_D1,101,0,283,0,0
G1_D1,735,0,165,0,0
B6_D1,5,0,267,0,0
B6_D1,624,0,356,0,0
B6_D1,533,0,276,0,0
B10_D1,570,0,287,0,0
B6_D1,618,0,23,0,0
B6_D1,914,0,404,0,0
B10_D1,795,0,252,0,0
B10_D1,778,0,418,0,0
B6_D1,562,0,442,0,-1
B10_D1,362,0,6,0,0
B6_D1,556,0,362,0,0
B6_D1,56,0,41,0,0
B10_D1,226,0,161,0,0
B10_D1,608,0,182,0,0
G1_D1,553,0,72,0,0
B6_D1,639,0,484,0,0
B6_D1,837,0,451,0,0
B4_D1,250,0,219,0,0
B6_D1,824,0,257,0,0
B6_D1,363,0,49,0,0
B10_D1,131,0,170,0,0
B6_D1,87,0,144,0,0
B10_D1,202,0,362,0,0
B6_D1,512,0,427,0,5
G1_D1,543,0,138,0,0
B6_D1,261,0,46,0,0
B10_D1,207,0,235,0,0
B6_D1,559,0,363,0,0
B10_D1,582,0,481,0,0
B6_D1,127,0,191,0,0
G1_D1,819,0,6,0,0
B6_D1,659,0,221,0,0
B8_D1,298,0,184,0,0
B6_D1,456,0,58,0,0
B10_D1,580,0,89,0,0
G1_D1,1006,0,27,0,0
G1_D1,725,0,247,0,0
B4_D1,503,0,283,0,0
B10_D1,990,0,492,0,0
B10_D1,362,0,68,0,0
B6_D1,49,0,428,0,0
B10_D1,477,0,29,0,0
B10_D1,219,0,288,0,0
B6_D1,713,0,38,0,0
B10_D1,810,0,206,0,0
B10_D1,820,0,91,0,0
B2_D1,833,0,41,0,0
G1_D1,647,0,18,0,0
B4_D1,1023,0,64,0,0
B4_D1,761,0,236,0,0
B2_D1,414,0,111,0,0
G1_D1,919,0,444,0,0
B10_D1,278,0,4,0,0
G1_D1,1023,0,201,0,0
B6_D1,194,0,484,0,0
B6_D1,44,0,509,0,0
B4_D1,439,0,153,0,0
B6_D1,854,0,310,0,0
B2_D1,361,0,161,0,0
B10_D1,140,0,254,0,0
G1_D1,34,0,35,0,0
B10_D1,560,0,412,0,0
B10_D1,92,0,94,0,0
B6_D1,323,0,221,0,0
G1_D1,529,0,232,0,0
B6_D1,285,0,485,0,0
B10_D1,689,0,395,0,0
B6_D1,858,0,65,0,0
B10_D1,842,0,65,0,0
B6_D1,814,0,494,0,0
B10_D1,522,0,24,0,0
B4_D1,28,0,118,0,0
B6_D1,303,0,241,0,0
B10_D1,329,0,397,0,0
B4_D1,504,0,207,0,0
B10_D1,882,0,464,0,0
B6_D1,20,0,457,0,-1
G1_D1,1000,0,98,0,0
B10_D1,669,0,244,0,0
B10_D1,379,0,33,0,0
B6_D1,687,0,339,0,0
B4_D1,4,0,238,0,0
B4_D1,141,0,19,0,0
B6_D1,975,0,40,0,0
B6_D1,993,0,18,0,0
B10_D1,362,0,31,0,0
B10_D1,112,0,46,0,0
G1_D1,75,0,20,0,0
B6_D1,339,0,14,0,0
G1_D1,316,0,389,0,0
B6_D1,630,0,216,0,0
B6_D1,545,0,254,0,0
B10_D1,607,0,411,0,0
B6_D1,419,0,319,0,0
G1_D1,10,0,73,0,0
B6_D1,56,0,481,0,0
B10_D1,486,0,170,0,0
B6_D1,639,0,431,0,0
B10_D1,867,0,291,0,0
B6_D1,933,0,300,0,0
B10_D1,134,0,138,0,0
B6_D1,775,0,96,0,0
B4_D1,657,0,72,0,0
B6_D1,133,0,140,0,0
B4_D1,447,0,286,0,0
G1_D1,59,0,202,0,0
G1_D1,23,0,289,0,0
B6_D1,652,0,27,0,0
B6_D1,763,0,256,0,0
B4_D1,770,0,96,0,0
B6_D1,303,0,38,0,0
B4_D1,281,0,146,0,0
B6_D1,789,0,14,0,0
B10_D1,278,0,239,0,0
B6_D1,23,0,33,0,0
B10_D1,985,0,63,0,0
B10_D1,219,0,60,0,0
B6_D1,535,0,278,0,0
B10_D1,62,0,118,0,0
B10_D1,621,0,127,0,0
B6_D1,181,0,178,0,0
G1_D1,248,0,237,0,0
B6_D1,755,0,69,0,0
G1_D1,306,0,31,0,0
G1_D1,547,0,281,0,0
B6_D1,129,0,484,0,0
B6_D1,216,0,435,0,0
B6_D1,216,0,496,0,0
B10_D1,28,0,151,0,0
B10_D1,643,0,173,0,0
B6_D1,191,0,363,0,0
B10_D1,268,0,233,0,0
B6_D1,190,0,477,0,0
B2_D1,792,0,50,0,0
B10_D1,333,0,18,0,0
B4_D1,730,0,249,0,0
B6_D1,24,0,14,0,0
B2_D1,714,0,285,0,0
B4_D1,66,0,309,0,0
G1_D1,522,0,471,0,0
B2_D1,631,0,510,0,0
B4_D1,8,0,67,0,0
B6_D1,140,0,279,0,0
G1_D1,150,0,498,0,0
B6_D1,812,0,22,0,0
B6_D1,419,0,192,0,0
B6_D1,866,0,69,0,0
G1_D1,767,0,327,0,0
G1_D1,640,0,21,0,0
B6_D1,653,0,470,0,0
B6_D1,186,0,1,0,0
B6_D1,1019,0,313,0,0
B6_D1,463,0,43,0,0
B10_D1,725,0,328,0,0
B6_D1,880,0,510,0,0
B10_D1,35,0,173,0,0
G1_D1,510,0,86,0,0
B6_D1,50,0,418,0,0
B10_D1,485,0,145,0,0
B2_D1,174,0,288,0,0
B6_D1,759,0,164,0,0
B10_D1,41,0,114,0,0
B10_D1,968,0,33,0,0
G1_D1,951,0,15,0,0
B10_D1,589,0,49,0,0
G1_D1,1007,0,228,0,0
B10_D1,573,0,88,0,0
B6_D1,342,0,171,0,0
B10_D1,359,0,224,0,0
B10_D1,634,0,100,0,0
B2_D1,402,0,493,0,0
B10_D1,261,0,1,0,0
G1_D1,876,0,227,0,0
B6_D1,166,0,134,0,0
B10_D1,174,0,236,0,0
B6_D1,446,0,106,0,0
B10_D1,846,0,106,0,0
B6_D1,229,0,129,0,0
B6_D1,186,0,41,0,0
B10_D1,815,0,91,0,0
B4_D1,14,0,296,0,0
B10_D1,721,0,402,0,0
B4_D1,869,0,122,0,0
B10_D1,151,0,307,0,0
B4_D1,63,0,123,0,0
B10_D1,193,0,41,0,0
B6_D1,103,0,402,0,0
B10_D1,710,0,80,0,0
B10_D1,468,0,162,0,0
B10_D1,815,0,279,0,0
G1_D1,527,0,234,0,0
B10_D1,403,0,270,0,0
B2_D1,729,0,361,0,0
G1_D1,789,0,266,0,0
B2_D1,168,0,45,0,0
B6_D1,966,0,122,0,0
G1_D1,494,0,6,0,0
G1_D1,75,0,269,0,0
B6_D1,738,0,336,0,0
B6_D1,91,0,132,0,0
B10_D1,879,0,21,0,0
B4_D1,457,0,64,0,0
B4_D1,908,0,265,0,0
G1_D1,879,0,141,0,0
B10_D1,118,0,417,0,0
B10_D1,470,0,412,0,0
G1_D1,255,0,64,0,0
B10_D1,184,0,30,0,0
B6_D1,77,0,99,0,0
B6_D1,713,0,483,0,0
G1_D1,532,0,188,0,0
B6_D1,182,0,131,0,0
G1_D1,631,0,139,0,0
G1_D1,443,0,151,0,0
G1_D1,745,0,510,0,0
G1_D1,265,0,66,0,0
B10_D1,137,0,282,0,0
B6_D1,236,0,304,0,0
B10_D1,514,0,408,0,0
B10_D1,1003,0,40,0,0
G1_D1,442,0,80,0,0
B10_D1,467,0,119,0,0
B6_D1,237,0,480,0,0
B6_D1,411,0,11,0,0
G1_D1,236,0,116,0,0
B10_D1,105,0,470,0,0
G1_D1,341,0,481,0,0
G1_D1,703,0,119,0,0
B10_D1,694,0,282,0,0
G1_D1,147,0,373,0,0
B8_D1,464,0,290,0,0
B4_D1,107,0,188,0,0
B6_D1,584,0,50,0,0
G1_D1,276,0,31,0,0
G1_D1,990,0,108,0,0
B6_D1,298,0,420,0,0
G1_D1,284,0,35,0,0
B4_D1,60,0,401,0,0
G1_D1,35,0,97,0,0
G1_D1,209,0,6,0,0
B6_D1,804,0,389,0,0
B6_D1,195,0,30,0,0
G1_D1,1020,0,133,0,0
G1_D1,432,0,97,0,0
B10_D1,136,0,209,0,0
B10_D1,60,0,90,0,0
B4_D1,50,0,388,0,0
B10_D1,515,0,74,0,0
B10_D1,569,0,114,0,0
B10_D1,192,0,61,0,0
B10_D1,967,0,65,0,0
G1_D1,275,0,75,0,0
B8_D1,977,0,242,0,0
B6_D1,425,0,40,0,0
G1_D1,448,0,64,0,0
B6_D1,795,0,292,0,0
B6_D1,2,0,149,0,0
B6_D1,914,0,63,0,0
B6_D1,226,0,306,0,0
B6_D1,243,0,240,0,0
B6_D1,299,0,145,0,0
G1_D1,658,0,246,0,0
B4_D1,48,0,127,0,0
B6_D1,907,0,401,0,0
B6_D1,904,0,117,0,0
B6_D1,466,0,298,0,0
G1_D1,931,0,115,0,0
G1_D1,100,0,203,0,0
B10_D1,235,0,196,0,0
G1_D1,809,0,66,0,0
B10_D1,959,0,271,0,0
B10_D1,688,0,477,0,0
B10_D1,650,0,70,0,0
B6_D1,105,0,490,0,0
B6_D1,405,0,168,0,0
G1_D1,1014,0,283,0,0
B8_D1,18,0,205,0,0
B6_D1,167,0,475,0,0
B6_D1,441,0,501,0,0
B2_D1,792,0,190,0,0
B6_D1,935,0,407,0,0
B6_D1,478,0,51,0,0
B6_D1,890,0,299,0,0
G1_D1,570,0,38,0,0
B10_D1,460,0,65,0,0
B2_D1,901,0,1,0,0
B2_D1,845,0,17,0,0
B6_D1,815,0,79,0,0
B4_D1,23,0,120,0,0
B10_D1,898,0,272,0,0
B10_D1,368,0,46,0,0
B10_D1,210,0,61,0,0
B6_D1,918,0,280,0,0
B10_D1,998,0,302,0,0
G1_D1,399,0,450,0,0
B10_D1,502,0,306,0,0
B4_D1,123,0,16,0,0
B4_D1,754,0,61,0,0
B6_D1,411,0,486,0,0
B2_D1,860,0,40,0,0
B6_D1,170,0,225,0,0
B10_D1,833,0,52,0,0
B6_D1,336,0,26,0,0
G1_D1,324,0,10,0,0
B6_D1,116,0,111,0,0
B6_D1,48,0,161,0,0
G1_D1,840,0,131,0,0
B6_D1,271,0,72,0,0
B10_D1,258,0,246,0,0
B10_D1,212,0,236,0,0
B10_D1,251,0,156,0,0
B6_D1,780,0,130,0,0
B10_D1,819,0,181,0,0
B6_D1,634,0,4,0,0
G1_D1,641,0,34,0,0
B10_D1,585,0,53,0,0
B10_D1,275,0,20,0,0
B6_D1,40,0,85,0,0
B6_D1,797,0,274,0,0
B6_D1,42,0,475,0,0
B4_D1,943,0,14,0,0
B6_D1,242,0,382,0,0
B6_D1,649,0,29,0,0
B6_D1,809,0,201,0,0
B6_D1,820,0,505,0,0
B6_D1,245,0,384,0,0
G1_D1,257,0,43,0,0
G1_D1,989,0,5,0,0
B6_D1,668,0,160,0,0
B6_D1,216,0,149,0,0
B8_D1,621,0,180,0,0
B4_D1,582,0,212,0,0
B6_D1,660,0,406,0,0
B6_D1,406,0,261,0,0
B6_D1,359,0,19,0,0
B6_D1,280,0,25,0,0
G1_D1,798,0,133,0,0
B6_D1,677,0,50,0,0
B4_D1,523,0,263,0,0
B4_D1,728,0,104,0,0
B2_D1,850,0,40,0,0
B6_D1,1022,0,212,0,0
B10_D1,356,0,313,0,0
B6_D1,969,0,406,0,0
B8_D1,867,0,304,0,0
B6_D1,436,0,491,0,0
B10_D1,445,0,188,0,0
B10_D1,96,0,142,0,0
B10_D1,141,0,114,0,0
B6_D1,738,0,145,0,0
B6_D1,167,0,54,0,0
B10_D1,281,0,59,0,0
B8_D1,443,0,199,0,0
B6_D1,653,0,508,0,0
B4_D1,700,0,254,0,0
B4_D1,506,0,206,0,0
B10_D1,735,0,345,0,0
G1_D1,416,0,141,0,0
B10_D1,263,0,192,0,0
B6_D1,504,0,4,0,0
G1_D1,150,0,186,0,0
B6_D1,364,0,384,0,0
B10_D1,79,0,310,0,0
B6_D1,807,0,129,0,0
B6_D1,103,0,137,0,0
B6_D1,829,0,394,0,0
B10_D1,541,0,84,0,0
B2_D1,3,0,29,0,0
B10_D1,434,0,294,0,0
B6_D1,237,0,502,0,0
B2_D1,447,0,491,0,0
B6_D1,590,0,66,0,0
B10_D1,877,0,302,0,0
B2_D1,868,0,83,0,0
B10_D1,34,0,241,0,0
B10_D1,761,0,422,0,0
B8_D1,670,0,249,0,0
B6_D1,566,0,423,0,-1
B4_D1,49,0,160,0,0
B6_D1,883,0,438,0,0
B10_D1,592,0,114,0,0
G1_D1,1009,0,73,0,0
B4_D1,6,0,301,0,0
B10_D1,271,0,262,0,0
B6_D1,503,0,498,0,0
B6_D1,141,0,304,0,0
B2_D1,972,0,1,0,0
B2_D1,263,0,395,0,0
G1_D1,863,0,37,0,0
B4_D1,1021,0,257,0,0
B6_D1,862,0,27,0,0
B6_D1,902,0,164,0,0
B4_D1,566,0,155,0,0
B10_D1,5,0,165,0,0
B10_D1,793,0,66,0,0
B8_D1,602,0,222,0,0
B6_D1,824,0,149,0,0
B6_D1,446,0,11,0,0
B6_D1,185,0,495,0,0
B6_D1,938,0,38,0,0
B10_D1,841,0,192,0,0
B6_D1,769,0,155,0,0
B10_D1,755,0,268,0,0
B10_D1,207,0,52,0,0
G1_D1,53,0,290,0,0
B4_D1,632,0,183,0,0
B10_D1,138,0,115,0,0
B6_D1,561,0,399,0,0
B6_D1,620,0,347,0,0
B6_D1,217,0,69,0,0
G1_D1,501,0,223,0,0
B6_D1,563,0,488,0,0
B6_D1,404,0,509,0,0
B6_D1,604,0,504,0,0
B6_D1,504,0,9,0,0
B2_D1,130,0,10,0,0
B6_D1,529,0,44,0,0
B10_D1,27,0,40,0,0
G1_D1,461,0,302,0,0
G1_D1,209,0,3,0,0
B10_D1,812,0,407,0,0
B6_D1,46,0,78,0,0
B6_D1,146,0,249,0,0
B10_D1,154,0,345,0,0
B10_D1,641,0,207,0,0
G1_D1,1018,0,232,0,0
G1_D1,169,0,7,0,0
G1_D1,172,0,171,0,0
G1_D1,386,0,228,0,0
G1_D1,168,0,375,0,0
B6_D1,136,0,165,0,0
B6_D1,26,0,11,0,0
B6_D1,894,0,388,0,0
B6_D1,66,0,133,0,0
G1_D1,1001,0,27,0,0
B10_D1,291,0,56,0,0
B6_D1,135,0,285,0,0
B10_D1,191,0,37,0,0
B6_D1,478,0,503,0,0
B10_D1,440,0,508,0,0
B6_D1,960,0,150,0,0
B10_D1,907,0,133,0,0
B6_D1,412,0,32,0,0
G1_D1,31,0,51,0,0
B10_D1,701,0,194,0,0
B10_D1,776,0,331,0,0
B6_D1,80,0,84,0,0
B6_D1,315,0,76,0,0
B4_D1,56,0,33,0,0
G1_D1,976,0,62,0,0
B6_D1,938,0,432,0,0
B10_D1,443,0,238,0,0
B6_D1,355,0,15,0,0
B10_D1,438,0,273,0,0
B6_D1,53,0,277,0,0
B2_D1,145,0,302,0,0
B4_D1,616,0,110,0,0
B8_D1,633,0,241,0,0
B6_D1,882,0,160,0,0
B4_D1,1016,0,61,0,0
B6_D1,730,0,203,0,0
B4_D1,257,0,58,0,0
B6_D1,987,0,129,0,0
G1_D1,86,0,81,0,0
B6_D1,69,0,266,0,0
G1_D1,346,0,181,0,0
B6_D1,887,0,474,0,0
G1_D1,832,0,305,0,0
B10_D1,654,0,454,0,0
B10_D1,237,0,344,0,0
B6_D1,859,0,152,0,0
B10_D1,44,0,13,0,0
B6_D1,600,0,264,0,0
B10_D1,64,0,43,0,0
B6_D1,10,0,45,0,0
G1_D1,317,0,33,0,0
B4_D1,579,0,213,0,0
G1_D1,88,0,29,0,0
G1_D1,79,0,14,0,0
B6_D1,792,0,152,0,0
B6_D1,396,0,26,0,0
B10_D1,442,0,236,0,0
B10_D1,184,0,69,0,0
G1_D1,977,0,125,0,0
B6_D1,447,0,32,0,0
B6_D1,650,0,289,0,0
G1_D1,560,0,106,0,0
B10_D1,5,0,173,0,0
B2_D1,734,0,511,0,0
B10_D1,597,0,350,0,0
B10_D1,533,0,325,0,0
B6_D1,73,0,439,0,0
B4_D1,838,0,105,0,0
B2_D1,458,0,108,0,0
B10_D1,167,0,11,0,0
G1_D1,12,0,29,0,0
B10_D1,228,0,319,0,0
B10_D1,769,0,44,0,0
G1_D1,483,0,349,0,0
B6_D1,890,0,266,0,0
B10_D1,688,0,509,0,0
B4_D1,111,0,200,0,0
B6_D1,716,0,31,0,0
B4_D1,198,0,16,0,0
G1_D1,517,0,55,0,0
G1_D1,1016,0,117,0,0
B6_D1,929,0,44,0,0
B6_D1,40,0,510,0,0
B2_D1,786,0,37,0,0
B4_D1,412,0,413,0,0
B6_D1,542,0,27,0,0
B6_D1,209,0,471,0,0
B6_D1,11,0,56,0,0
G1_D1,960,0,481,0,0
B6_D1,823,0,488,0,0
B10_D1,16,0,297,0,0
G1_D1,8,0,300,0,0
B6_D1,813,0,43,0,0
B6_D1,87,0,7,0,0
B6_D1,215,0,277,0,0
B6_D1,648,0,481,0,0
B4_D1,729,0,206,0,0
B6_D1,534,0,364,0,0
B10_D1,485,0,84,0,0
B6_D1,921,0,496,0,0
B6_D1,85,0,35,0,0
B6_D1,18,0,312,0,0
B10_D1,106,0,329,0,0
B6_D1,225,0,505,0,0
B6_D1,741,0,36,0,0
B6_D1,555,0,40,0,0
B10_D1,568,0,64,0,0
B10_D1,844,0,355,0,0
G1_D1,824,0,3,0,0
B4_D1,817,0,209,0,0
G1_D1,935,0,78,0,0
B8_D1,8,0,215,0,0
B2_D1,362,0,482,0,0
B6_D1,29,0,405,0,0
B2_D1,681,0,21,0,0
G1_D1,914,0,2,0,0
B10_D1,582,0,206,0,0
B6_D1,325,0,154,0,0
B6_D1,560,0,270,0,0
B10_D1,768,0,370,0,0
B6_D1,990,0,40,0,0
G1_D1,21,0,290,0,0
B10_D1,604,0,82,0,0
G1_D1,839,0,14,0,0
B10_D1,422,0,89,0,0
B6_D1,396,0,46,0,0
B10_D1,301,0,97,0,0
B4_D1,4,0,276,0,0
B2_D1,456,0,484,0,0
B10_D1,725,0,43,0,0
B6_D1,564,0,504,0,0
B6_D1,164,0,4,0,0
B2_D1,692,0,430,0,0
B6_D1,464,0,372,0,0
B4_D1,230,0,54,0,0
B10_D1,729,0,317,0,0
B10_D1,499,0,33,0,0
B10_D1,206,0,244,0,0
B6_D1,753,0,105,0,0
G1_D1,569,0,11,0,0
B6_D1,1021,0,445,0,0
B6_D1,841,0,36,0,0
B6_D1,444,0,377,0,0
G1_D1,74,0,8,0,0
B6_D1,414,0,123,0,0
B6_D1,368,0,166,0,0
B6_D1,149,0,24,0,0
G1_D1,260,0,234,0,0
B6_D1,176,0,281,0,0
G1_D1,865,0,48,0,0
B6_D1,950,0,221,0,0
B4_D1,311,0,151,0,0
B6_D1,810,0,126,0,0
B2_D1,709,0,183,0,0
B6_D1,882,0,22,0,0
B6_D1,539,0,391,0,0
B6_D1,838,0,327,0,0
G1_D1,168,0,177,0,0
G1_D1,645,0,82,0,0
G1_D1,374,0,16,0,0
B6_D1,824,0,359,0,0
G1_D1,438,0,120,0,0
G1_D1,54,0,250,0,0
B6_D1,86,0,36,0,0
B10_D1,368,0,260,0,0
B10_D1,558,0,73,0,0
B6_D1,547,0,507,0,0
B8_D1,148,0,121,0,0
B4_D1,678,0,28,0,0
B10_D1,415,0,34,0,0
B8_D1,256,0,329,0,0
B10_D1,229,0,330,0,0
G1_D1,467,0,81,0,0
B6_D1,1015,0,25,0,0
B6_D1,221,0,90,0,0
B10_D1,398,0,414,0,0
B6_D1,714,0,162,0,0
B10_D1,738,0,357,0,0
B10_D1,176,0,50,0,0
B10_D1,220,0,337,0,0
B6_D1,831,0,511,0,0
G1_D1,94,0,14,0,0
B2_D1,578,0,479,0,0
B2_D1,877,0,119,0,0
B4_D1,736,0,246,0,0
B4_D1,938,0,218,0,0
B6_D1,846,0,36,0,0
B10_D1,574,0,507,0,0
G1_D1,882,0,32,0,0
B6_D1,812,0,74,0,0
B6_D1,940,0,429,0,0
B10_D1,168,0,231,0,0
B6_D1,192,0,119,0,0
G1_D1,21,0,167,0,0
G1_D1,326,0,33,0,0
B6_D1,101,0,511,0,0
B6_D1,618,0,166,0,0
G1_D1,984,0,102,0,0
B6_D1,563,0,38,0,0
G1_D1,400,0,238,0,0
G1_D1,804,0,6,0,0
B6_D1,439,0,376,0,0
B6_D1,603,0,503,0,0
G1_D1,8,0,100,0,0
G1_D1,816,0,205,0,0
B6_D1,561,0,506,0,0
B4_D1,789,0,38,0,0
B6_D1,686,0,228,0,0
G1_D1,718,0,357,0,0
B10_D1,187,0,56,0,0
G1_D1,914,0,310,0,0
B6_D1,665,0,225,0,0
B6_D1,232,0,112,0,0
B4_D1,251,0,338,0,0
B10_D1,605,0,211,0,0
B6_D1,386,0,68,0,0
B10_D1,446,0,85,0,0
B6_D1,115,0,292,0,0
G1_D1,486,0,243,0,0
B6_D1,429,0,484,0,0
B6_D1,488,0,49,0,0
B10_D1,693,0,325,0,0
G1_D1,504,0,41,0,0
B10_D1,637,0,414,0,0
B10_D1,533,0,63,0,0
B4_D1,759,0,201,0,0
B4_D1,820,0,208,0,0
B6_D1,611,0,239,0,0
B10_D1,692,0,59,0,0
B10_D1,115,0,213,0,0
B6_D1,978,0,125,0,0
G1_D1,267,0,252,0,0
B10_D1,11,0,81,0,0
G1_D1,14,0,113,0,0
B6_D1,393,0,503,0,0
B6_D1,142,0,49,0,0
B4_D1,921,0,107,0,0
G1_D1,544,0,4,0,0
B6_D1,541,0,402,0,0
G1_D1,9,0,356,0,0
B6_D1,189,0,494,0,0
B6_D1,1018,0,62,0,0
B6_D1,111,0,501,0,0
G1_D1,279,0,188,0,0
B10_D1,188,0,129,0,0
B4_D1,492,0,285,0,0
B6_D1,130,0,510,0,0
G1_D1,90,0,24,0,0
B4_D1,64,0,282,0,0
B6_D1,521,0,31,0,0
B10_D1,361,0,63,0,0
B6_D1,855,0,150,0,0
B6_D1,120,0,5,0,0
B10_D1,550,0,118,0,0
G1_D1,891,0,20,0,0
B2_D1,848,0,41,0,0
B10_D1,494,0,157,0,0
B6_D1,270,0,437,0,-1
B4_D1,996,0,252,0,0
B6_D1,832,0,118,0,0
G1_D1,54,0,144,0,0
B10_D1,397,0,116,0,0
G1_D1,624,0,11,0,0
G1_D1,165,0,189,0,0
G1_D1,696,0,44,0,0
G1_D1,100,0,511,0,0
B6_D1,24,0,278,0,0
G1_D1,871,0,209,0,0
B6_D1,920,0,10,0,0
B10_D1,623,0,259,0,0
B6_D1,193,0,153,0,0
B6_D1,895,0,196,0,-1
G1_D1,843,0,215,0,0
B6_D1,674,0,266,0,0
G1_D1,184,0,2,0,0
B2_D1,957,0,1,0,0
B6_D1,647,0,27,0,0
B10_D1,801,0,5,0,0
B10_D1,92,0,291,0,0
G1_D1,1001,0,248,0,0
G1_D1,365,0,365,0,0
B10_D1,246,0,211,0,0
B4_D1,1,0,310,0,0
B10_D1,721,0,85,0,0
B6_D1,879,0,95,0,0
B6_D1,870,0,378,0,0
B2_D1,591,0,510,0,0
B10_D1,17,0,184,0,0
B6_D1,209,0,292,0,0
B4_D1,732,0,102,0,0
G1_D1,333,0,410,0,0
G1_D1,780,0,50,0,0
G1_D1,570,0,233,0,0
G1_D1,192,0,109,0,0
B6_D1,226,0,330,0,0
B6_D1,679,0,187,0,0
B4_D1,7,0,48,0,0
B6_D1,224,0,72,0,0
B10_D1,476,0,49,0,0
B6_D1,771,0,16,0,0
B6_D1,688,0,498,0,0
B10_D1,472,0,126,0,0
B2_D1,732,0,18,0,0
B6_D1,309,0,323,0,0
B10_D1,864,0,404,0,0
B6_D1,812,0,128,0,0
G1_D1,988,0,180,0,0
G1_D1,748,0,158,0,0
B10_D1,501,0,58,0,0
B4_D1,374,0,223,0,0
B4_D1,0,0,464,0,0
B6_D1,764,0,263,0,0
B10_D1,437,0,503,0,0
B4_D1,6,0,348,0,0
G1_D1,494,0,218,0,0
B10_D1,322,0,398,0,0
B6_D1,291,0,358,0,-1
B6_D1,369,0,44,0,0
B4_D1,279,0,310,0,0
B6_D1,1002,0,12,0,0
B6_D1,856,0,372,0,0
B10_D1,430,0,166,0,0
G1_D1,24,0,312,0,0
B6_D1,702,0,7,0,0
G1_D1,5,0,0,0,0
B10_D1,461,0,275,0,0
B10_D1,47,0,16,0,0
G1_D1,92,0,463,0,0
B10_D1,336,0,45,0,0
B6_D1,256,0,197,0,0
B10_D1,775,0,240,0,0
B10_D1,815,0,243,0,0
B6_D1,225,0,0,0,0
B6_D1,381,0,332,0,0
B6_D1,719,0,29,0,0
B10_D1,465,0,111,0,0
B4_D1,509,0,430,0,5
G1_D1,857,0,445,0,0
B2_D1,814,0,63,0,0
G1_D1,231,0,179,0,0
B10_D1,57,0,144,0,0
B10_D1,232,0,177,0,0
G1_D1,553,0,219,0,0
B6_D1,461,0,64,0,0
B6_D1,565,0,297,0,0
B6_D1,723,0,422,0,0
G1_D1,1019,0,13,0,0
B10_D1,754,0,165,0,0
G1_D1,330,0,396,0,0
B2_D1,874,0,41,0,0
B6_D1,354,0,14,0,0
B10_D1,931,0,189,0,-1
B10_D1,382,0,230,0,0
G1_D1,991,0,297,0,0
G1_D1,774,0,20,0,0
B10_D1,680,0,265,0,0
B10_D1,450,0,510,0,0
G1_D1,1008,0,232,0,0
G1_D1,51,0,72,0,0
B10_D1,324,0,416,0,0
B10_D1,274,0,164,0,0
B10_D1,668,0,242,0,0
B6_D1,277,0,480,0,0
B4_D1,781,0,60,0,0
B6_D1,442,0,17,0,0
B10_D1,91,0,50,0,0
G1_D1,260,0,349,0,0
G1_D1,1022,0,498,0,0
B6_D1,988,0,423,0,0
G1_D1,34,0,260,0,0
B10_D1,295,0,175,0,0
B10_D1,157,0,12,0,0
B6_D1,345,0,5,0,0
B10_D1,167,0,282,0,0
B4_D1,31,0,32,0,0
B10_D1,790,0,481,0,0
B6_D1,844,0,191,0,0
B10_D1,641,0,208,0,0
B6_D1,387,0,47,0,0
B10_D1,201,0,20,0,0
B6_D1,233,0,454,0,0
B6_D1,4,0,229,0,0
B10_D1,413,0,248,0,0
B4_D1,3,0,422,0,0
B10_D1,644,0,205,0,0
B6_D1,684,0,29,0,0
B6_D1,363,0,172,0,0
B10_D1,619,0,103,0,0
B10_D1,103,0,276,0,0
B4_D1,824,0,43,0,0
B6_D1,111,0,46,0,0
B10_D1,769,0,485,0,0
B10_D1,735,0,120,0,0
G1_D1,357,0,89,0,0
B6_D1,629,0,113,0,0
B10_D1,50,0,296,0,0
B6_D1,506,0,61,0,0
B6_D1,170,0,10,0,0
B6_D1,529,0,250,0,0
B10_D1,151,0,1,0,0
B10_D1,585,0,340,0,0
G1_D1,201,0,192,0,0
B10_D1,799,0,99,0,0
B4_D1,686,0,250,0,0
B6_D1,698,0,38,0,0
B10_D1,371,0,505,0,0
B10_D1,216,0,332,0,0
G1_D1,999,0,189,0,0
B2_D1,896,0,1,0,0
B10_D1,75,0,312,0,0
B2_D1,830,0,272,0,0
G1_D1,731,0,98,0,0
B6_D1,804,0,306,0,0
B6_D1,115,0,162,0,0
B6_D1,86,0,268,0,0
B10_D1,271,0,5,0,0
B6_D1,961,0,346,0,-1
B10_D1,233,0,114,0,0
B2_D1,416,0,5,0,0
B8_D1,764,0,220,0,0
B2_D1,562,0,118,0,0
G1_D1,199,0,45,0,0
B6_D1,192,0,308,0,-1
B10_D1,319,0,183,0,0
G1_D1,153,0,210,0,0
G1_D1,304,0,12,0,0
G1_D1,55,0,97,0,0
G1_D1,878,0,40,0,0
G1_D1,839,0,2,0,0
G1_D1,55,0,200,0,0
G1_D1,695,0,25,0,0
B10_D1,553,0,290,0,0
G1_D1,1007,0,71,0,0
G1_D1,544,0,86,0,0
G1_D1,973,0,242,0,0
G1_D1,13,0,81,0,0
B6_D1,728,0,43,0,0
B10_D1,83,0,40,0,0
B2_D1,561,0,510,0,0
G1_D1,546,0,468,0,0
G1_D1,634,0,7,0,0
B10_D1,96,0,92,0,0
G1_D1,595,0,189,0,0
G1_D1,609,0,455,0,0
B10_D1,231,0,241,0,0
B6_D1,229,0,180,0,0
B6_D1,468,0,23,0,0
B10_D1,708,0,398,0,0
B10_D1,778,0,94,0,0
G1_D1,31,0,245,0,0
B10_D1,649,0,108,0,0
B6_D1,575,0,495,0,0
B8_D1,214,0,343,0,0
B10_D1,457,0,27,0,0
B2_D1,641,0,461,0,0
B10_D1,690,0,245,0,0
B2_D1,699,0,178,0,0
G1_D1,616,0,140,0,0
B2_D1,836,0,183,0,0
B10_D1,10,0,314,0,0
B10_D1,3,0,318,0,0
B2_D1,829,0,48,0,0
B6_D1,257,0,502,0,0
B6_D1,720,0,485,0,0
B4_D1,2,0,332,0,0
B6_D1,184,0,29,0,0
B2_D1,362,0,493,0,0
B4_D1,473,0,118,0,0
B10_D1,952,0,244,0,0
B6_D1,261,0,359,0,0
B6_D1,93,0,137,0,0
B6_D1,994,0,95,0,0
B4_D1,940,0,236,0,0
B6_D1,49,0,432,0,0
B6_D1,158,0,248,0,0
B6_D1,174,0,108,0,0
B8_D1,697,0,250,0,0
B10_D1,549,0,13,0,0
B6_D1,610,0,344,0,0
B6_D1,103,0,3,0,0
B10_D1,552,0,294,0,0
B10_D1,749,0,44,0,0
B10_D1,477,0,165,0,0
B10_D1,91,0,320,0,0
G1_D1,424,0,23,0,0
B6_D1,548,0,498,0,0
B6_D1,959,0,142,0,0
B10_D1,316,0,420,0,0
B6_D1,254,0,494,0,0
G1_D1,457,0,150,0,0
B10_D1,120,0,30,0,0
B10_D1,693,0,77,0,0
B6_D1,530,0,326,0,0
B10_D1,466,0,276,0,0
B10_D1,57,0,151,0,0
G1_D1,133,0,458,0,0
B6_D1,53,0,400,0,0
B4_D1,733,0,100,0,0
B6_D1,652,0,12,0,0
G1_D1,24,0,113,0,0
B6_D1,1007,0,487,0,0
B6_D1,574,0,336,0,0
B6_D1,1022,0,434,0,0
B6_D1,771,0,301,0,0
B6_D1,613,0,306,0,0
G1_D1,78,0,433,0,0
B10_D1,186,0,74,0,0
B2_D1,338,0,137,0,0
B10_D1,679,0,302,0,0
B10_D1,93,0,36,0,0
B10_D1,191,0,161,0,0
G1_D1,956,0,386,0,-1
B10_D1,567,0,482,0,0
B10_D1,822,0,183,0,0
B4_D1,1021,0,331,0,0
B10_D1,708,0,272,0,0
G1_D1,737,0,163,0,0
G1_D1,263,0,490,0,0
B2_D1,35,0,0,0,0
G1_D1,616,0,142,0,0
B4_D1,67,0,1,0,0
B6_D1,325,0,383,0,0
B6_D1,446,0,26,0,0
B2_D1,845,0,0,0,0
G1_D1,200,0,175,0,0
B10_D1,684,0,307,0,0
B8_D1,10,0,259,0,0
B6_D1,984,0,258,0,0
B2_D1,712,0,35,0,0
B10_D1,698,0,260,0,0
B6_D1,968,0,43,0,0
B10_D1,649,0,103,0,0
B6_D1,334,0,184,0,0
B4_D1,642,0,229,0,0
B10_D1,1019,0,16,0,0
B6_D1,626,0,349,0,0
B6_D1,633,0,306,0,0
B6_D1,361,0,478,0,0
G1_D1,619,0,239,0,0
B6_D1,401,0,46,0,0
B6_D1,19,0,130,0,0
G1_D1,91,0,83,0,0
B10_D1,602,0,290,0,0
G1_D1,877,0,208,0,0
B6_D1,41,0,486,0,0
B4_D1,119,0,416,0,0
B10_D1,392,0,472,0,0
B6_D1,360,0,510,0,0
B6_D1,196,0,435,0,0
B10_D1,210,0,182,0,0
G1_D1,666,0,33,0,0
B6_D1,5,0,246,0,0
B6_D1,828,0,68,0,0
B6_D1,602,0,47,0,0
B10_D1,24,0,148,0,0
B6_D1,631,0,1,0,0
B6_D1,131,0,95,0,0
B10_D1,714,0,443,0,0
G1_D1,982,0,38,0,0
B2_D1,831,0,124,0,0
G1_D1,52,0,32,0,0
B4_D1,529,0,395,0,0
B6_D1,878,0,475,0,0
G1_D1,1014,0,99,0,0
B6_D1,1002,0,47,0,0
B6_D1,563,0,479,0,0
G1_D1,242,0,172,0,0
B6_D1,120,0,477,0,0
B10_D1,411,0,505,0,0
G1_D1,465,0,22,0,0
G1_D1,1012,0,38,0,0
G1_D1,243,0,260,0,0
B10_D1,497,0,34,0,0
B10_D1,661,0,157,0,0
B10_D1,182,0,152,0,0
G1_D1,934,0,55,0,0
B6_D1,759,0,267,0,0
B4_D1,443,0,374,0,0
B4_D1,620,0,232,0,0
B4_D1,196,0,135,0,0
B6_D1,557,0,282,0,0
B4_D1,927,0,52,0,0
B10_D1,228,0,391,0,0
B6_D1,315,0,137,0,0
B10_D1,460,0,7,0,0
B6_D1,716,0,486,0,0
G1_D1,714,0,264,0,0
G1_D1,344,0,422,0,0
G1_D1,952,0,209,0,0
B10_D1,753,0,1,0,0
B6_D1,325,0,481,0,0
B6_D1,232,0,362,0,0
B6_D1,361,0,338,0,0
B4_D1,11,0,293,0,0
B10_D1,554,0,155,0,0
G1_D1,1001,0,170,0,0
G1_D1,690,0,0,0,0
B10_D1,144,0,107,0,0
B2_D1,901,0,407,0,0
B6_D1,223,0,343,0,0
B6_D1,460,0,381,0,0
B6_D1,143,0,38,0,0
B10_D1,490,0,232,0,0
G1_D1,272,0,17,0,0
B2_D1,890,0,40,0,0
B8_D1,588,0,204,0,0
B6_D1,861,0,241,0,0
B10_D1,433,0,242,0,0
B10_D1,283,0,203,0,0
B6_D1,17,0,12,0,0
B10_D1,294,0,118,0,0
B10_D1,386,0,419,0,-1
B6_D1,50,0,500,0,0
B6_D1,279,0,373,0,0
G1_D1,994,0,148,0,0
G1_D1,300,0,133,0,0
B4_D1,110,0,267,0,0
G1_D1,334,0,436,0,0
B10_D1,20,0,123,0,0
B10_D1,624,0,288,0,0
B6_D1,977,0,47,0,0
B6_D1,864,0,310,0,0
B6_D1,1006,0,41,0,0
B10_D1,868,0,202,0,0
B6_D1,343,0,23,0,0
B6_D1,970,0,428,0,0
B10_D1,537,0,262,0,0
G1_D1,55,0,141,0,0
B2_D1,466,0,370,0,0
G1_D1,82,0,18,0,0
B6_D1,636,0,360,0,0
G1_D1,739,0,456,0,0
B6_D1,553,0,445,0,-1
B4_D1,462,0,373,0,0
G1_D1,973,0,219,0,0
B6_D1,341,0,153,0,0
B6_D1,77,0,446,0,0
B10_D1,146,0,164,0,0
B10_D1,901,0,300,0,0
B6_D1,937,0,17,0,0
G1_D1,850,0,273,0,0
B2_D1,868,0,25,0,0
B10_D1,781,0,108,0,0
B6_D1,154,0,95,0,0
B6_D1,744,0,24,0,0
B6_D1,9,0,9,0,0
B6_D1,2,0,355,0,0
B10_D1,1022,0,246,0,0
B10_D1,906,0,65,0,0
B10_D1,135,0,447,0,0
G1_D1,134,0,95,0,0
B6_D1,750,0,495,0,0
B6_D1,527,0,22,0,0
B2_D1,727,0,36,0,0
B6_D1,756,0,154,0,0
B10_D1,230,0,325,0,0
B4_D1,262,0,33,0,0
B6_D1,280,0,272,0,0
B10_D1,338,0,170,0,0
B6_D1,357,0,263,0,0
G1_D1,619,0,88,0,0
B6_D1,141,0,426,0,0
B4_D1,245,0,214,0,0
B6_D1,502,0,47,0,0
B6_D1,977,0,121,0,0
B6_D1,819,0,264,0,0
B10_D1,831,0,186,0,0
B6_D1,229,0,406,0,0
B6_D1,29,0,369,0,0
B6_D1,950,0,226,0,0
B6_D1,644,0,44,0,0
G1_D1,105,0,271,0,0
B6_D1,589,0,168,0,0
B6_D1,541,0,307,0,0
B10_D1,980,0,254,0,0
B10_D1,875,0,219,0,0
B6_D1,308,0,43,0,0
B10_D1,675,0,7,0,0
B10_D1,561,0,410,0,0
B4_D1,213,0,208,0,0
G1_D1,1006,0,144,0,0
B4_D1,806,0,45,0,0
B2_D1,338,0,117,0,0
G1_D1,191,0,105,0,0
B10_D1,898,0,303,0,0
G1_D1,4,0,495,0,0
B6_D1,184,0,219,0,0
B6_D1,704,0,235,0,0
B2_D1,381,0,174,0,0
G1_D1,612,0,132,0,0
B6_D1,67,0,22,0,0
B6_D1,604,0,29,0,0
B6_D1,921,0,16,0,0
B10_D1,718,0,397,0,0
B6_D1,392,0,409,0,0
B10_D1,545,0,272,0,0
G1_D1,531,0,470,0,0
B4_D1,686,0,309,0,0
B10_D1,984,0,495,0,0
B6_D1,94,0,138,0,0
B6_D1,981,0,158,0,0
B6_D1,865,0,35,0,0
G1_D1,863,0,73,0,0
B6_D1,807,0,2,0,0
B4_D1,107,0,80,0,0
B6_D1,800,0,95,0,0
B10_D1,493,0,163,0,0
B10_D1,23,0,242,0,0
G1_D1,734,0,14,0,0
B10_D1,577,0,482,0,0
B6_D1,146,0,403,0,0
B6_D1,175,0,495,0,0
B10_D1,319,0,226,0,0
B10_D1,940,0,355,0,0
B10_D1,899,0,251,0,0
G1_D1,845,0,424,0,0
B10_D1,128,0,99,0,0
G1_D1,201,0,271,0,0
G1_D1,21,0,255,0,0
B6_D1,418,0,247,0,0
G1_D1,51,0,296,0,0
B6_D1,599,0,484,0,0
B10_D1,622,0,6,0,0
B6_D1,515,0,45,0,0
B6_D1,62,0,220,0,-1
B6_D1,366,0,1,0,0
G1_D1,87,0,96,0,0
B6_D1,371,0,68,0,0
B6_D1,665,0,25,0,0
B2_D1,484,0,493,0,0
B10_D1,450,0,7,0,0
B6_D1,147,0,502,0,0
B6_D1,84,0,484,0,0
B6_D1,782,0,7,0,0
B10_D1,756,0,63,0,0
B4_D1,190,0,36,0,0
B4_D1,486,0,230,0,0
B6_D1,730,0,510,0,0
B6_D1,282,0,2,0,0
B6_D1,617,0,423,0,0
B6_D1,859,0,44,0,0
B6_D1,24,0,287,0,0
B10_D1,873,0,292,0,0
B8_D1,905,0,300,0,0
B10_D1,1,0,405,0,0
G1_D1,870,0,49,0,0
G1_D1,708,0,76,0,0
B6_D1,15,0,99,0,0
B6_D1,412,0,37,0,0
B6_D1,859,0,360,0,0
B6_D1,432,0,222,0,0
B10_D1,430,0,71,0,0
G1_D1,160,0,438,0,0
B6_D1,879,0,240,0,0
B6_D1,552,0,390,0,0
G1_D1,766,0,15,0,0
B6_D1,1013,0,87,0,0
B2_D1,892,0,393,0,0
G1_D1,521,0,109,0,0
B10_D1,319,0,169,0,0
B10_D1,643,0,272,0,0
B6_D1,72,0,17,0,0
G1_D1,267,0,39,0,0
B2_D1,844,0,237,0,0
B10_D1,867,0,211,0,0
B10_D1,669,0,301,0,0
B6_D1,147,0,215,0,0
B2_D1,680,0,286,0,0
G1_D1,65,0,45,0,0
B10_D1,639,0,205,0,0
B6_D1,581,0,423,0,0
G1_D1,309,0,510,0,0
B6_D1,59,0,138,0,0
B10_D1,482,0,20,0,0
B10_D1,681,0,253,0,0
B10_D1,487,0,57,0,0
G1_D1,914,0,109,0,0
B6_D1,811,0,252,0,0
B4_D1,849,0,211,0,0
B10_D1,232,0,11,0,0
B6_D1,404,0,333,0,0
B6_D1,974,0,301,0,0
B10_D1,312,0,52,0,0
B10_D1,638,0,309,0,0
B4_D1,222,0,68,0,0
B10_D1,944,0,231,0,0
B10_D1,407,0,407,0,0
G1_D1,776,0,213,0,0
B6_D1,340,0,87,0,0
B10_D1,269,0,348,0,0
B4_D1,5,0,41,0,0
B10_D1,247,0,165,0,0
B6_D1,288,0,3,0,0
B6_D1,24,0,372,0,0
B2_D1,785,0,246,0,0
B6_D1,1006,0,106,0,0
B6_D1,214,0,371,0,0
B6_D1,110,0,147,0,0
B10_D1,280,0,417,0,0
G1_D1,1018,0,253,0,0
B10_D1,1002,0,343,0,0
G1_D1,525,0,78,0,0
B10_D1,632,0,114,0,0
B10_D1,8,0,14,0,0
B10_D1,420,0,284,0,0
B10_D1,58,0,288,0,0
B6_D1,397,0,382,0,0
B6_D1,198,0,369,0,0
B6_D1,589,0,39,0,0
B10_D1,16,0,368,0,0
G1_D1,834,0,11,0,0
B10_D1,15,0,170,0,0
B4_D1,507,0,231,0,0
G1_D1,23,0,140,0,0
B6_D1,988,0,503,0,0
B2_D1,259,0,483,0,0
B10_D1,525,0,480,0,0
B10_D1,248,0,343,0,0
B2_D1,512,0,488,0,0
B10_D1,236,0,211,0,0
G1_D1,980,0,101,0,0
B4_D1,754,0,205,0,0
B10_D1,871,0,401,0,0
B6_D1,618,0,377,0,0
B6_D1,24,0,264,0,0
B2_D1,330,0,492,0,0
B10_D1,307,0,91,0,0
B4_D1,200,0,207,0,0
B2_D1,684,0,69,0,0
B6_D1,967,0,405,0,0
B6_D1,123,0,198,0,0
B6_D1,820,0,144,0,0
G1_D1,151,0,80,0,0
B10_D1,866,0,331,0,0
B6_D1,727,0,380,0,0
B6_D1,874,0,341,0,0
B6_D1,804,0,198,0,0
B6_D1,822,0,371,0,0
B10_D1,138,0,15,0,0
B6_D1,816,0,141,0,0
B6_D1,933,0,393,0,0
B10_D1,29,0,243,0,0
B2_D1,832,0,125,0,0
B2_D1,623,0,108,0,0
G1_D1,211,0,370,0,0
B10_D1,568,0,308,0,0
G1_D1,380,0,20,0,0
G1_D1,44,0,180,0,0
B10_D1,406,0,505,0,0
B6_D1,409,0,333,0,0
B10_D1,320,0,60,0,0
B4_D1,255,0,129,0,0
G1_D1,42,0,254,0,0
B2_D1,698,0,475,0,0
G1_D1,748,0,211,0,0
G1_D1,970,0,47,0,0
B10_D1,412,0,12,0,0
G1_D1,855,0,447,0,0
B2_D1,334,0,388,0,0
B10_D1,567,0,309,0,0
G1_D1,182,0,340,0,0
B6_D1,944,0,395,0,0
B6_D1,682,0,379,0,0
G1_D1,17,0,250,0,0
G1_D1,402,0,94,0,0
G1_D1,284,0,4,0,0
B10_D1,627,0,243,0,0
B6_D1,598,0,388,0,0
G1_D1,273,0,413,0,0
G1_D1,855,0,183,0,0
B10_D1,977,0,44,0,0
G1_D1,405,0,449,0,0
B6_D1,972,0,502,0,0
B6_D1,263,0,257,0,0
B10_D1,818,0,312,0,0
B10_D1,214,0,431,0,0
B6_D1,631,0,279,0,0
B10_D1,518,0,54,0,0
G1_D1,624,0,19,0,0
B4_D1,786,0,62,0,0
B4_D1,6,0,281,0,0
G1_D1,709,0,89,0,0
B10_D1,672,0,318,0,0
G1_D1,595,0,223,0,0
B6_D1,765,0,293,0,0
B2_D1,180,0,242,0,0
B6_D1,420,0,146,0,0
B6_D1,144,0,275,0,0
B10_D1,571,0,125,0,0
B6_D1,879,0,191,0,0
B4_D1,186,0,148,0,0
G1_D1,24,0,309,0,0
G1_D1,136,0,1,0,0
B10_D1,332,0,486,0,0
B10_D1,359,0,33,0,0
B6_D1,400,0,387,0,0
G1_D1,317,0,17,0,0
B10_D1,771,0,108,0,0
B6_D1,668,0,387,0,0
G1_D1,932,0,284,0,0
B10_D1,879,0,344,0,0
G1_D1,676,0,70,0,0
G1_D1,141,0,189,0,0
G1_D1,952,0,240,0,0
B6_D1,342,0,27,0,0
G1_D1,454,0,364,0,0
B6_D1,69,0,14,0,0
B2_D1,703,0,69,0,0
B4_D1,364,0,371,0,0
B10_D1,893,0,26,0,0
B6_D1,734,0,107,0,0
B10_D1,91,0,282,0,0
B6_D1,745,0,198,0,0
B6_D1,916,0,16,0,0
B10_D1,840,0,337,0,0
B10_D1,871,0,63,0,0
B10_D1,522,0,102,0,0
B6_D1,817,0,7,0,0
B10_D1,516,0,46,0,0
B6_D1,115,0,462,0,0
B6_D1,958,0,246,0,0
B6_D1,244,0,489,0,0
B4_D1,3,0,489,0,0
B6_D1,302,0,497,0,0
B6_D1,455,0,500,0,0
B6_D1,561,0,360,0,0
B10_D1,497,0,71,0,0
B6_D1,968,0,144,0,0
B10_D1,599,0,338,0,0
B6_D1,66,0,453,0,0
B6_D1,880,0,0,0,0
B10_D1,840,0,189,0,0
G1_D1,149,0,94,0,0
B6_D1,894,0,504,0,0
B10_D1,522,0,309,0,0
B4_D1,591,0,157,0,0
B6_D1,328,0,397,0,0
B10_D1,721,0,125,0,0
B10_D1,12,0,119,0,0
B6_D1,366,0,326,0,0
B6_D1,594,0,195,0,0
B6_D1,855,0,219,0,0
B6_D1,365,0,331,0,0
B6_D1,808,0,8,0,0
G1_D1,271,0,31,0,0
B10_D1,321,0,24,0,0
B6_D1,835,0,20,0,0
B10_D1,734,0,96,0,0
B10_D1,661,0,387,0,0
B6_D1,12,0,42,0,0
G1_D1,551,0,109,0,0
G1_D1,955,0,306,0,0
B4_D1,203,0,270,0,0
G1_D1,75,0,384,0,0
B6_D1,971,0,21,0,0
B10_D1,345,0,109,0,0
G1_D1,14,0,175,0,0
B10_D1,562,0,504,0,0
B8_D1,997,0,244,0,0
B10_D1,1003,0,246,0,0
B6_D1,156,0,88,0,0
B10_D1,630,0,254,0,0
B6_D1,727,0,387,0,0
B10_D1,8,0,49,0,0
B6_D1,6,0,407,0,0
B6_D1,22,0,381,0,0
B10_D1,194,0,125,0,0
G1_D1,42,0,291,0,0
B10_D1,261,0,167,0,0
B2_D1,680,0,6,0,0
G1_D1,11,0,343,0,0
G1_D1,266,0,261,0,0
B6_D1,815,0,510,0,0
B6_D1,0,0,35,0,0
B2_D1,984,0,27,0,0
B10_D1,789,0,248,0,0
B6_D1,333,0,193,0,0
B4_D1,188,0,54,0,0
B6_D1,726,0,189,0,0
B6_D1,606,0,236,0,0
B6_D1,908,0,61,0,0
B6_D1,922,0,138,0,0
B10_D1,66,0,61,0,0
B6_D1,30,0,180,0,0
B4_D1,2,0,433,0,0
B4_D1,156,0,360,0,0
G1_D1,233,0,41,0,0
B6_D1,593,0,13,0,0
G1_D1,358,0,164,0,0
G1_D1,66,0,65,0,0
B6_D1,335,0,5,0,0
B10_D1,755,0,426,0,0
G1_D1,168,0,161,0,0
G1_D1,89,0,399,0,0
B4_D1,808,0,50,0,0
G1_D1,1000,0,308,0,0
B6_D1,99,0,53,0,0
B10_D1,987,0,206,0,0
B10_D1,32,0,326,0,0
G1_D1,995,0,110,0,0
B6_D1,285,0,510,0,0
G1_D1,41,0,63,0,0
B4_D1,716,0,200,0,0
B6_D1,529,0,9,0,0
G1_D1,937,0,285,0,0
B4_D1,153,0,17,0,0
B6_D1,321,0,230,0,0
B10_D1,520,0,409,0,0
B6_D1,701,0,274,0,0
B4_D1,895,0,18,0,0
B6_D1,62,0,389,0,0
B6_D1,834,0,359,0,0
B10_D1,369,0,33,0,0
B10_D1,896,0,250,0,0
B6_D1,291,0,478,0,0
B10_D1,385,0,27,0,0
B2_D1,612,0,16,0,0
B6_D1,634,0,181,0,0
G1_D1,567,0,147,0,0
B10_D1,116,0,511,0,0
G1_D1,694,0,42,0,0
G1_D1,144,0,3,0,0
B2_D1,329,0,201,0,0
B4_D1,69,0,167,0,0
G1_D1,61,0,449,0,0
B6_D1,339,0,484,0,0
B6_D1,447,0,428,0,0
B10_D1,209,0,13,0,0
B2_D1,690,0,177,0,0
B10_D1,338,0,292,0,0
B2_D1,3,0,65,0,0
B10_D1,421,0,5,0,0
B4_D1,647,0,74,0,0
G1_D1,933,0,387,0,0
B2_D1,806,0,122,0,0
B6_D1,77,0,42,0,0
B10_D1,1002,0,255,0,0
B10_D1,725,0,457,0,0
G1_D1,481,0,66,0,0
B2_D1,451,0,159,0,0
B8_D1,151,0,201,0,0
B6_D1,172,0,224,0,0
B6_D1,33,0,179,0,0
B6_D1,532,0,390,0,0
G1_D1,9,0,124,0,0
B6_D1,231,0,116,0,0
B6_D1,513,0,488,0,0
B6_D1,94,0,504,0,0
G1_D1,16,0,290,0,0
B10_D1,499,0,302,0,0
G1_D1,68,0,44,0,0
B6_D1,243,0,388,0,0
B10_D1,318,0,220,0,0
G1_D1,28,0,44,0,0
B10_D1,186,0,138,0,0
B6_D1,631,0,360,0,0
B6_D1,199,0,276,0,0
B10_D1,797,0,376,0,0
B6_D1,618,0,38,0,0
B6_D1,454,0,494,0,0
B2_D1,830,0,231,0,0
B6_D1,493,0,330,0,0
B10_D1,44,0,90,0,0
G1_D1,879,0,111,0,0
B4_D1,263,0,304,0,0
B2_D1,97,0,40,0,0
B10_D1,337,0,339,0,0
B6_D1,557,0,127,0,0
B6_D1,266,0,478,0,0
B10_D1,870,0,373,0,0
B6_D1,555,0,354,0,0
B2_D1,385,0,229,0,0
B10_D1,578,0,13,0,0
B10_D1,1023,0,229,0,0
B10_D1,545,0,156,0,0
B6_D1,506,0,409,0,0
B10_D1,507,0,334,0,0
B6_D1,679,0,494,0,0
B10_D1,271,0,30,0,0
B10_D1,1016,0,0,0,0
B10_D1,176,0,224,0,0
B6_D1,310,0,225,0,0
B2_D1,297,0,41,0,0
G1_D1,286,0,262,0,0
B4_D1,5,0,446,0,0
G1_D1,970,0,240,0,0
B6_D1,783,0,336,0,0
B10_D1,99,0,133,0,0
B10_D1,217,0,22,0,0
B10_D1,627,0,284,0,0
B6_D1,145,0,173,0,0
B10_D1,504,0,406,0,0
G1_D1,230,0,121,0,0
B6_D1,903,0,217,0,0
B8_D1,127,0,78,0,0
G1_D1,72,0,42,0,0
G1_D1,1021,0,434,0,0
B6_D1,710,0,189,0,0
G1_D1,215,0,504,0,0
B4_D1,464,0,244,0,0
B6_D1,992,0,460,0,-1
B6_D1,549,0,9,0,0
B6_D1,261,0,36,0,0
B6_D1,745,0,50,0,0
B6_D1,1000,0,118,0,0
G1_D1,239,0,64,0,0
B6_D1,1009,0,95,0,0
B10_D1,382,0,25,0,0
B6_D1,878,0,481,0,0
B4_D1,946,0,58,0,0
B10_D1,591,0,200,0,0
B6_D1,638,0,196,0,0
G1_D1,982,0,17,0,0
B6_D1,244,0,401,0,0
B6_D1,965,0,398,0,0
G1_D1,674,0,34,0,0
B2_D1,633,0,288,0,0
B4_D1,154,0,2,0,0
G1_D1,973,0,49,0,0
B10_D1,733,0,339,0,0
B6_D1,270,0,505,0,0
G1_D1,292,0,121,0,0
B10_D1,226,0,25,0,0
G1_D1,471,0,19,0,0
B10_D1,678,0,510,0,0
B10_D1,392,0,26,0,0
B10_D1,63,0,316,0,0
B6_D1,752,0,287,0,0
B6_D1,192,0,177,0,0
B6_D1,160,0,151,0,0
B6_D1,938,0,434,0,0
B2_D1,114,0,43,0,0
B6_D1,554,0,348,0,0
G1_D1,226,0,452,0,0
B6_D1,664,0,188,0,0
B10_D1,405,0,139,0,0
B2_D1,775,0,25,0,0
B6_D1,1007,0,135,0,0
B6_D1,933,0,131,0,0
B10_D1,6,0,95,0,0
G1_D1,24,0,297,0,0
B6_D1,634,0,195,0,0
G1_D1,314,0,61,0,0
G1_D1,232,0,57,0,0
B4_D1,560,0,199,0,0
B6_D1,436,0,36,0,0
B6_D1,973,0,445,0,-1
B6_D1,958,0,28,0,0
B10_D1,681,0,88,0,0
B8_D1,892,0,302,0,0
B6_D1,702,0,497,0,0
G1_D1,918,0,249,0,0
B2_D1,201,0,303,0,0
B10_D1,447,0,139,0,0
B10_D1,188,0,44,0,0
B6_D1,293,0,28,0,0
B6_D1,827,0,335,0,0
B4_D1,289,0,309,0,0
B6_D1,497,0,173,0,0
B10_D1,854,0,237,0,0
B10_D1,886,0,95,0,0
B4_D1,565,0,182,0,0
B6_D1,566,0,360,0,0
G1_D1,201,0,19,0,0
B10_D1,603,0,299,0,0
B6_D1,110,0,246,0,7
B6_D1,4,0,95,0,0
B6_D1,560,0,443,0,-1
B2_D1,494,0,109,0,0
B6_D1,554,0,400,0,0
B10_D1,940,0,29,0,0
B10_D1,3,0,164,0,0
G1_D1,458,0,482,0,0
B10_D1,432,0,490,0,0
G1_D1,1006,0,188,0,0
B6_D1,621,0,288,0,0
B6_D1,864,0,386,0,0
B6_D1,634,0,431,0,0
B6_D1,181,0,511,0,0
B10_D1,229,0,328,0,0
B10_D1,978,0,1,0,0
G1_D1,487,0,230,0,0
B10_D1,932,0,330,0,0
B2_D1,753,0,192,0,0
B10_D1,641,0,68,0,0
B6_D1,878,0,159,0,0
B6_D1,630,0,464,0,0
G1_D1,359,0,41,0,0
B6_D1,665,0,197,0,0
B6_D1,742,0,492,0,0
B6_D1,926,0,26,0,0
G1_D1,224,0,193,0,0
B6_D1,97,0,266,0,0
B4_D1,49,0,159,0,0
B4_D1,363,0,373,0,0
B6_D1,544,0,448,0,-1
B10_D1,744,0,460,0,0
B6_D1,809,0,122,0,0
G1_D1,779,0,7,0,0
B6_D1,8,0,130,0,0
G1_D1,862,0,251,0,0
B6_D1,813,0,55,0,0
G1_D1,1011,0,261,0,0
B10_D1,527,0,407,0,0
B6_D1,744,0,504,0,0
G1_D1,879,0,391,0,0
G1_D1,432,0,109,0,0
G1_D1,60,0,303,0,0
G1_D1,558,0,69,0,0
B4_D1,108,0,84,0,0
B6_D1,1021,0,411,0,0
B6_D1,730,0,239,0,0
B10_D1,1004,0,242,0,0
G1_D1,62,0,305,0,0
B6_D1,914,0,499,0,0
B6_D1,961,0,308,0,0
B10_D1,313,0,228,0,0
B10_D1,841,0,186,0,0
G1_D1,288,0,28,0,0
B4_D1,225,0,273,0,0
B6_D1,957,0,232,0,0
B6_D1,492,0,352,0,0
B6_D1,832,0,305,0,0
B10_D1,818,0,277,0,0
G1_D1,259,0,67,0,0
B10_D1,663,0,242,0,0
B6_D1,793,0,151,0,0
G1_D1,863,0,250,0,0
B6_D1,994,0,330,0,0
B6_D1,136,0,6,0,0
B4_D1,231,0,60,0,0
G1_D1,494,0,10,0,0
G1_D1,991,0,74,0,0
B10_D1,582,0,458,0,9
B6_D1,968,0,481,0,0
G1_D1,36,0,170,0,0
B10_D1,408,0,128,0,0
B6_D1,529,0,274,0,0
B2_D1,107,0,102,0,0
B10_D1,823,0,316,0,0
B2_D1,745,0,493,0,0
B10_D1,423,0,261,0,0
B6_D1,812,0,335,0,0
B10_D1,153,0,57,0,0
B2_D1,903,0,410,0,0
B10_D1,71,0,511,0,0
B6_D1,1000,0,510,0,0
G1_D1,703,0,127,0,0
B10_D1,4,0,148,0,0
G1_D1,414,0,88,0,0
B10_D1,29,0,129,0,0
G1_D1,35,0,92,0,0
G1_D1,149,0,275,0,0
B10_D1,213,0,360,0,0
G1_D1,282,0,184,0,0
G1_D1,1011,0,87,0,0
B10_D1,212,0,2,0,0
G1_D1,394,0,6,0,0
G1_D1,527,0,149,0,0
G1_D1,9,0,180,0,0
B6_D1,228,0,78,0,0
B10_D1,143,0,87,0,0
B4_D1,752,0,73,0,0
B10_D1,720,0,161,0,0
G1_D1,743,0,286,0,0
B6_D1,741,0,491,0,0
B6_D1,585,0,505,0,0
B10_D1,864,0,204,0,0
B10_D1,789,0,328,0,0
B6_D1,408,0,479,0,0
G1_D1,909,0,7,0,0
G1_D1,404,0,2,0,0
B10_D1,652,0,172,0,0
B10_D1,195,0,68,0,0
G1_D1,924,0,9,0,0
B6_D1,4,0,334,0,0
B10_D1,369,0,108,0,0
B4_D1,950,0,35,0,0
B10_D1,204,0,288,0,0
B4_D1,1022,0,329,0,0
G1_D1,840,0,216,0,0
G1_D1,249,0,11,0,0
B10_D1,486,0,235,0,0
B10_D1,470,0,91,0,0
B10_D1,386,0,410,0,0
G1_D1,451,0,365,0,0
B4_D1,590,0,109,0,0
G1_D1,46,0,177,0,0
B10_D1,160,0,255,0,0
B10_D1,74,0,171,0,0
B6_D1,965,0,446,0,-1
B10_D1,845,0,284,0,0
B6_D1,612,0,502,0,0
B6_D1,596,0,491,0,0
B8_D1,174,0,49,0,0
G1_D1,171,0,57,0,0
B6_D1,631,0,48,0,0
B10_D1,824,0,409,0,0
B6_D1,809,0,44,0,0
B6_D1,45,0,35,0,0
G1_D1,1004,0,83,0,0
G1_D1,901,0,293,0,0
B6_D1,291,0,501,0,0
B4_D1,439,0,375,0,0
G1_D1,595,0,260,0,0
G1_D1,610,0,236,0,0
B6_D1,58,0,493,0,0
G1_D1,857,0,119,0,0
B6_D1,82,0,27,0,0
B10_D1,335,0,510,0,0
B10_D1,176,0,1,0,0
B2_D1,790,0,69,0,0
B2_D1,647,0,476,0,0
G1_D1,26,0,294,0,0
B4_D1,252,0,135,0,0
B6_D1,732,0,492,0,0
G1_D1,971,0,63,0,0
B6_D1,813,0,159,0,0
G1_D1,191,0,277,0,0
B6_D1,716,0,491,0,0
B6_D1,645,0,292,0,0
B10_D1,631,0,294,0,0
B6_D1,1021,0,251,0,0
B10_D1,882,0,397,0,0
B10_D1,93,0,279,0,0
B6_D1,498,0,327,0,0
B4_D1,755,0,218,0,0
B10_D1,980,0,62,0,0
B2_D1,170,0,473,0,0
B4_D1,585,0,181,0,0
B4_D1,220,0,120,0,0
B10_D1,643,0,110,0,0
B4_D1,649,0,302,0,0
G1_D1,1008,0,122,0,0
G1_D1,511,0,478,0,0
B8_D1,687,0,310,0,0
B6_D1,415,0,331,0,0
B6_D1,241,0,92,0,0
B10_D1,468,0,213,0,0
B6_D1,707,0,425,0,0
B2_D1,132,0,120,0,0
G1_D1,244,0,67,0,0
B2_D1,348,0,36,0,0
B6_D1,938,0,342,0,0
B10_D1,204,0,19,0,0
B10_D1,715,0,435,0,0
B6_D1,957,0,228,0,0
B6_D1,156,0,330,0,0
B6_D1,341,0,338,0,0
B2_D1,824,0,277,0,0
B10_D1,407,0,169,0,0
G1_D1,1020,0,162,0,0
B2_D1,684,0,48,0,0
G1_D1,723,0,325,0,0
B4_D1,714,0,298,0,0
B6_D1,824,0,264,0,0
B6_D1,998,0,426,0,0
B6_D1,210,0,495,0,0
B6_D1,154,0,144,0,0
B4_D1,794,0,84,0,0
B2_D1,252,0,155,0,0
B10_D1,86,0,60,0,0
B6_D1,674,0,162,0,0
B6_D1,672,0,273,0,0
B10_D1,86,0,195,0,0
B6_D1,708,0,150,0,0
B4_D1,732,0,64,0,0
B10_D1,24,0,8,0,0
B6_D1,681,0,199,0,0
B6_D1,558,0,43,0,0
G1_D1,206,0,139,0,0
B6_D1,689,0,269,0,0
B8_D1,817,0,228,0,0
B10_D1,994,0,495,0,0
B6_D1,750,0,297,0,0
B6_D1,147,0,82,0,0
B10_D1,659,0,487,0,0
G1_D1,779,0,4,0,0
B4_D1,431,0,411,0,0
B6_D1,666,0,1,0,0
B6_D1,585,0,339,0,0
B10_D1,415,0,129,0,0
B6_D1,984,0,4,0,0
G1_D1,981,0,91,0,0
B2_D1,141,0,309,0,0
B6_D1,140,0,203,0,0
G1_D1,419,0,224,0,0
B8_D1,956,0,238,0,0
B10_D1,63,0,50,0,0
B10_D1,394,0,90,0,0
B2_D1,314,0,53,0,0
G1_D1,1003,0,147,0,0
B6_D1,302,0,461,0,3
B10_D1,201,0,124,0,0
B4_D1,868,0,47,0,0
B6_D1,911,0,48,0,0
G1_D1,618,0,286,0,0
G1_D1,883,0,438,0,0
B8_D1,448,0,199,0,0
G1_D1,461,0,1,0,0
B6_D1,968,0,200,0,0
B10_D1,389,0,10,0,0
G1_D1,424,0,480,0,0
B6_D1,197,0,507,0,0
B10_D1,537,0,143,0,0
B6_D1,397,0,59,0,0
B6_D1,385,0,25,0,0
G1_D1,484,0,14,0,0
B10_D1,768,0,295,0,0
B6_D1,236,0,65,0,0
B4_D1,663,0,137,0,0
B4_D1,93,0,91,0,0
G1_D1,988,0,122,0,0
B6_D1,642,0,383,0,0
B6_D1,162,0,12,0,0
G1_D1,733,0,318,0,0
B6_D1,496,0,48,0,0
B6_D1,814,0,53,0,0
B4_D1,615,0,167,0,0
G1_D1,94,0,379,0,0
B10_D1,279,0,201,0,0
B2_D1,558,0,475,0,0
B6_D1,29,0,273,0,0
G1_D1,805,0,53,0,0
B10_D1,192,0,282,0,0
B6_D1,725,0,373,0,0
B6_D1,909,0,99,0,0
G1_D1,778,0,161,0,0
B10_D1,273,0,300,0,0
B8_D1,602,0,183,0,0
B6_D1,274,0,292,0,0
B10_D1,643,0,170,0,0
G1_D1,268,0,77,0,0
G1_D1,762,0,261,0,0
B10_D1,397,0,472,0,0
B10_D1,284,0,169,0,0
B10_D1,69,0,165,0,0
G1_D1,735,0,118,0,0
B6_D1,721,0,496,0,0
B6_D1,487,0,2,0,0
B4_D1,461,0,68,0,0
B10_D1,327,0,396,0,0
B10_D1,148,0,268,0,0
B6_D1,655,0,421,0,0
B6_D1,994,0,509,0,0
B10_D1,532,0,106,0,0
B4_D1,587,0,94,0,0
G1_D1,946,0,218,0,0
B6_D1,657,0,37,0,0
B6_D1,654,0,449,0,0
B6_D1,768,0,18,0,0
G1_D1,780,0,216,0,0
B6_D1,249,0,494,0,0
B10_D1,476,0,135,0,0
B6_D1,575,0,510,0,0
B10_D1,466,0,44,0,0
B6_D1,199,0,14,0,0
B6_D1,975,0,446,0,-1
B10_D1,667,0,113,0,0
G1_D1,534,0,13,0,0
B4_D1,3,0,21,0,0
B6_D1,760,0,20,0,0
B6_D1,995,0,292,0,0
B2_D1,814,0,126,0,0
B10_D1,503,0,222,0,0
B2_D1,609,0,225,0,0
B6_D1,208,0,356,0,0
B6_D1,800,0,296,0,0
B6_D1,82,0,449,0,0
G1_D1,333,0,156,0,0
B10_D1,332,0,219,0,0
B10_D1,335,0,215,0,0
B6_D1,263,0,152,0,0
B10_D1,236,0,64,0,0
B10_D1,143,0,235,0,0
B4_D1,464,0,424,0,0
B10_D1,121,0,276,0,0
B6_D1,44,0,136,0,0
G1_D1,859,0,14,0,0
G1_D1,729,0,11,0,0
B2_D1,124,0,427,0,0
B6_D1,574,0,285,0,0
B10_D1,13,0,343,0,0
B10_D1,809,0,326,0,0
B4_D1,393,0,16,0,0
B8_D1,4,0,221,0,0
B6_D1,913,0,38,0,0
B6_D1,606,0,349,0,0
B6_D1,118,0,188,0,0
G1_D1,971,0,54,0,0
B6_D1,980,0,490,0,0
B10_D1,942,0,106,0,0
B10_D1,456,0,76,0,0
G1_D1,152,0,49,0,0
B6_D1,507,0,448,0,10
B8_D1,181,0,46,0,0
G1_D1,599,0,262,0,0
G1_D1,45,0,112,0,0
B6_D1,458,0,61,0,0
B4_D1,7,0,443,0,0
B6_D1,533,0,18,0,0
G1_D1,286,0,267,0,0
G1_D1,279,0,36,0,0
B10_D1,842,0,58,0,0
B10_D1,46,0,169,0,0
B10_D1,288,0,4,0,0
B6_D1,358,0,8,0,0
G1_D1,270,0,260,0,0
B10_D1,483,0,34,0,0
G1_D1,151,0,497,0,0
B6_D1,399,0,260,0,0
B10_D1,811,0,421,0,0
B10_D1,109,0,404,0,0
B6_D1,463,0,481,0,0
B6_D1,579,0,4,0,0
B6_D1,195,0,197,0,0
G1_D1,99,0,279,0,0
B4_D1,30,0,124,0,0
B10_D1,552,0,407,0,0
B6_D1,366,0,169,0,0
B6_D1,668,0,13,0,0
G1_D1,917,0,62,0,0
B6_D1,61,0,119,0,0
B6_D1,684,0,276,0,0
B6_D1,933,0,28,0,0
B2_D1,393,0,288,0,0
B6_D1,94,0,9,0,0
B6_D1,884,0,323,0,0
B6_D1,426,0,1,0,0
B10_D1,296,0,3,0,0
B6_D1,81,0,271,0,0
B10_D1,10,0,98,0,0
G1_D1,1014,0,297,0,0
B4_D1,449,0,16,0,0
B10_D1,974,0,477,0,0
B6_D1,667,0,300,0,0
B6_D1,82,0,144,0,0
B6_D1,2,0,406,0,0
G1_D1,30,0,110,0,0
G1_D1,51,0,65,0,0
G1_D1,30,0,229,0,0
B6_D1,147,0,125,0,0
B2_D1,206,0,510,0,0
G1_D1,90,0,85,0,0
B10_D1,527,0,293,0,0
G1_D1,631,0,156,0,0
B6_D1,789,0,243,0,0
G1_D1,886,0,34,0,0
B10_D1,772,0,102,0,0
G1_D1,431,0,298,0,0
B10_D1,757,0,166,0,0
B10_D1,424,0,156,0,0
B6_D1,862,0,145,0,0
G1_D1,836,0,298,0,0
G1_D1,14,0,6,0,0
B4_D1,1023,0,345,0,0
B10_D1,436,0,275,0,0
B6_D1,626,0,288,0,0
B2_D1,248,0,66,0,0
B6_D1,984,0,19,0,0
B10_D1,11,0,95,0,0
G1_D1,630,0,466,0,0
B10_D1,138,0,106,0,0
B10_D1,226,0,237,0,0
B10_D1,528,0,122,0,0
B10_D1,748,0,164,0,0
B10_D1,438,0,147,0,0
B10_D1,794,0,326,0,0
B2_D1,707,0,54,0,0
G1_D1,776,0,269,0,0
B2_D1,992,0,97,0,0
B6_D1,981,0,78,0,0
B6_D1,828,0,28,0,0
G1_D1,941,0,511,0,0
G1_D1,16,0,248,0,0
B6_D1,756,0,205,0,0
B10_D1,479,0,121,0,0
G1_D1,859,0,5,0,0
B10_D1,519,0,95,0,0
B10_D1,61,0,180,0,0
B6_D1,234,0,164,0,0
B10_D1,193,0,287,0,0
B4_D1,683,0,20,0,0
B6_D1,334,0,19,0,0
G1_D1,377,0,123,0,0
B10_D1,449,0,477,0,0
B10_D1,845,0,12,0,0
B10_D1,60,0,162,0,0
B4_D1,289,0,233,0,0
B6_D1,940,0,302,0,0
B6_D1,406,0,116,0,0
B10_D1,887,0,399,0,0
B10_D1,799,0,65,0,0
B10_D1,941,0,76,0,0
B6_D1,874,0,117,0,0
B10_D1,410,0,233,0,0
B6_D1,156,0,234,0,0
B6_D1,451,0,46,0,0
G1_D1,425,0,91,0,0
G1_D1,239,0,36,0,0
B2_D1,618,0,480,0,0
B8_D1,658,0,245,0,0
B6_D1,123,0,373,0,0
B4_D1,784,0,264,0,0
B10_D1,385,0,510,0,0
G1_D1,1020,0,194,0,0
G1_D1,530,0,388,0,0
B10_D1,7,0,159,0,0
G1_D1,1001,0,117,0,0
B10_D1,702,0,187,0,0
B6_D1,254,0,371,0,0
B6_D1,885,0,389,0,0
B10_D1,189,0,228,0,0
G1_D1,158,0,118,0,0
B10_D1,420,0,390,0,0
B6_D1,720,0,510,0,0
B6_D1,285,0,0,0,0
G1_D1,52,0,297,0,0
B10_D1,242,0,12,0,0
B6_D1,490,0,505,0,0
B2_D1,966,0,10,0,0
G1_D1,933,0,116,0,0
G1_D1,1015,0,133,0,0
B6_D1,633,0,43,0,0
B6_D1,462,0,296,0,0
B6_D1,676,0,451,0,0
B10_D1,18,0,99,0,0
B10_D1,504,0,476,0,0
B10_D1,731,0,76,0,0
B10_D1,765,0,60,0,0
G1_D1,232,0,157,0,0
B10_D1,211,0,237,0,0
G1_D1,37,0,235,0,0
B10_D1,546,0,305,0,0
B4_D1,97,0,452,0,0
B10_D1,182,0,232,0,0
B6_D1,499,0,504,0,0
B4_D1,63,0,306,0,0
B10_D1,191,0,226,0,0
B10_D1,962,0,264,0,0
G1_D1,148,0,228,0,0
B10_D1,21,0,112,0,0
B6_D1,991,0,501,0,0
B10_D1,632,0,257,0,0
B6_D1,431,0,388,0,0
G1_D1,228,0,194,0,0
B10_D1,63,0,318,0,0
B10_D1,764,0,320,0,0
B6_D1,945,0,45,0,0
B6_D1,279,0,44,0,0
B6_D1,644,0,181,0,0
B6_D1,1015,0,510,0,0
B6_D1,77,0,316,0,0
B6_D1,844,0,499,0,0
B6_D1,254,0,399,0,0
B4_D1,1,0,180,0,0
B6_D1,407,0,27,0,0
B10_D1,992,0,51,0,0
B4_D1,118,0,283,0,0
G1_D1,375,0,22,0,0
B6_D1,981,0,31,0,0
G1_D1,809,0,246,0,0
G1_D1,99,0,204,0,0
B6_D1,344,0,264,0,0
B4_D1,5,0,265,0,0
B10_D1,349,0,190,0,0
B6_D1,534,0,181,0,0
B10_D1,354,0,10,0,0
B6_D1,701,0,266,0,0
B4_D1,223,0,134,0,0
B4_D1,612,0,187,0,0
B8_D1,590,0,188,0,0
B4_D1,3,0,101,0,0
B10_D1,506,0,294,0,0
B10_D1,950,0,242,0,0
B6_D1,503,0,451,0,10
B2_D1,267,0,128,0,0
B6_D1,702,0,473,0,0
B6_D1,806,0,396,0,0
B6_D1,549,0,88,0,0
B6_D1,560,0,361,0,0
G1_D1,730,0,165,0,0
B6_D1,577,0,27,0,0
B10_D1,351,0,511,0,0
B6_D1,419,0,269,0,0
B10_D1,15,0,288,0,0
B6_D1,722,0,266,0,0
G1_D1,434,0,259,0,0
G1_D1,664,0,245,0,0
B6_D1,31,0,130,0,0
G1_D1,306,0,235,0,0
G1_D1,63,0,307,0,0
B10_D1,991,0,289,0,0
B4_D1,430,0,377,0,0
B6_D1,152,0,2,0,0
B10_D1,365,0,136,0,0
B2_D1,446,0,169,0,0
B10_D1,322,0,250,0,0
B6_D1,973,0,93,0,0
B10_D1,145,0,510,0,0
B6_D1,798,0,77,0,0
B4_D1,604,0,190,0,0
B6_D1,855,0,144,0,0
B8_D1,607,0,222,0,0
G1_D1,25,0,173,0,0
B6_D1,675,0,197,0,0
G1_D1,976,0,91,0,0
B6_D1,4,0,469,0,0
B10_D1,586,0,339,0,0
B6_D1,829,0,4,0,0
B6_D1,92,0,134,0,0
B10_D1,316,0,46,0,0
G1_D1,154,0,134,0,0
B4_D1,579,0,230,0,0
B6_D1,652,0,59,0,0
B4_D1,67,0,5,0,0
B6_D1,467,0,283,0,0
B10_D1,184,0,434,0,0
G1_D1,947,0,254,0,0
B10_D1,586,0,485,0,0
B10_D1,849,0,402,0,0
B10_D1,335,0,133,0,0
G1_D1,726,0,15,0,0
B2_D1,731,0,75,0,0
B6_D1,263,0,68,0,0
B10_D1,900,0,253,0,0
B10_D1,657,0,305,0,0
B6_D1,734,0,95,0,0
B6_D1,672,0,482,0,0
B10_D1,113,0,136,0,0
B8_D1,920,0,238,0,0
G1_D1,194,0,506,0,0
B6_D1,947,0,187,0,-1
B6_D1,27,0,22,0,0
B6_D1,705,0,495,0,0
B6_D1,247,0,60,0,0
B10_D1,239,0,153,0,0
B2_D1,392,0,199,0,0
B4_D1,831,0,77,0,0
B10_D1,53,0,205,0,0
B6_D1,74,0,186,0,0
B4_D1,1019,0,216,0,0
B6_D1,62,0,507,0,0
B6_D1,649,0,348,0,0
B10_D1,397,0,227,0,0
B10_D1,930,0,193,0,-1
B10_D1,215,0,193,0,0
G1_D1,321,0,356,0,-1
B10_D1,561,0,511,0,0
B6_D1,651,0,171,0,0
B10_D1,407,0,25,0,0
B6_D1,885,0,93,0,0
B6_D1,256,0,169,0,0
B10_D1,244,0,399,0,0
B10_D1,588,0,231,0,0
B4_D1,787,0,242,0,0
B6_D1,461,0,31,0,0
B6_D1,112,0,479,0,0
B10_D1,274,0,320,0,0
B6_D1,616,0,359,0,0
B6_D1,912,0,160,0,0
B10_D1,262,0,278,0,0
B10_D1,149,0,8,0,0
B10_D1,744,0,102,0,0
B6_D1,1009,0,14,0,0
B6_D1,962,0,264,0,0
B6_D1,343,0,166,0,0
B10_D1,261,0,209,0,0
G1_D1,222,0,141,0,0
B6_D1,164,0,9,0,0
B2_D1,774,0,133,0,0
B10_D1,717,0,56,0,0
G1_D1,752,0,71,0,0
B10_D1,396,0,478,0,0
G1_D1,298,0,41,0,0
B6_D1,828,0,43,0,0
B10_D1,246,0,356,0,0
G1_D1,179,0,14,0,0
B6_D1,802,0,2,0,0
B2_D1,428,0,376,0,0
B6_D1,841,0,262,0,0
B4_D1,197,0,62,0,0
B10_D1,800,0,249,0,0
B10_D1,912,0,436,0,0
B8_D1,1022,0,46,0,0
B6_D1,1010,0,485,0,0
B10_D1,494,0,499,0,0
B6_D1,233,0,83,0,0
G1_D1,915,0,443,0,0
B2_D1,811,0,265,0,0
G1_D1,220,0,234,0,0
B10_D1,985,0,292,0,0
B6_D1,796,0,154,0,0
B10_D1,431,0,9,0,0
B6_D1,623,0,425,0,0
B6_D1,139,0,24,0,0
B4_D1,38,0,16,0,0
B6_D1,496,0,368,0,0
B6_D1,633,0,23,0,0
B6_D1,776,0,298,0,0
B10_D1,181,0,220,0,0
B6_D1,611,0,305,0,0
B10_D1,664,0,415,0,0
G1_D1,181,0,122,0,0
B10_D1,320,0,236,0,0
B10_D1,32,0,29,0,0
B10_D1,713,0,418,0,0
B10_D1,463,0,109,0,0
B6_D1,70,0,5,0,0
B6_D1,522,0,502,0,0
B4_D1,483,0,200,0,-1
B2_D1,978,0,155,0,0
B2_D1,951,0,145,0,0
B10_D1,363,0,509,0,0
G1_D1,725,0,165,0,0
B2_D1,769,0,475,0,0
B6_D1,869,0,4,0,0
B10_D1,877,0,351,0,0
B6_D1,221,0,36,0,0
B6_D1,39,0,167,0,0
G1_D1,609,0,445,0,0
B6_D1,910,0,505,0,0
B6_D1,923,0,23,0,0
B6_D1,207,0,238,0,0
G1_D1,906,0,112,0,0
B6_D1,398,0,18,0,0
G1_D1,936,0,26,0,0
B6_D1,708,0,8,0,0
B6_D1,671,0,511,0,0
B6_D1,817,0,146,0,0
B2_D1,131,0,112,0,0
B2_D1,742,0,191,0,0
B10_D1,454,0,38,0,0
G1_D1,524,0,8,0,0
B10_D1,457,0,298,0,0
B10_D1,143,0,188,0,0
B10_D1,561,0,282,0,0
B4_D1,919,0,257,0,0
B6_D1,302,0,62,0,0
B6_D1,825,0,30,0,0
B6_D1,278,0,139,0,0
B8_D1,17,0,203,0,0
B6_D1,540,0,247,0,0
B6_D1,299,0,141,0,0
B6_D1,130,0,45,0,0
B6_D1,994,0,273,0,0
B6_D1,258,0,339,0,0
B2_D1,460,0,29,0,0
B10_D1,6,0,265,0,0
G1_D1,385,0,20,0,0
B4_D1,171,0,192,0,0
G1_D1,502,0,24,0,0
B6_D1,1010,0,136,0,0
G1_D1,626,0,140,0,0
B10_D1,109,0,498,0,0
B6_D1,1,0,389,0,0
B10_D1,193,0,192,0,0
B10_D1,495,0,227,0,0
G1_D1,25,0,218,0,0
B4_D1,892,0,251,0,0
B10_D1,782,0,270,0,0
G1_D1,909,0,303,0,0
B6_D1,108,0,133,0,0
G1_D1,635,0,470,0,0
B4_D1,248,0,18,0,0
B6_D1,482,0,17,0,0
B2_D1,826,0,12,0,0
B6_D1,463,0,63,0,0
B6_D1,645,0,283,0,0
B10_D1,631,0,88,0,0
B10_D1,754,0,313,0,0
B6_D1,748,0,450,0,0
B10_D1,445,0,32,0,0
B10_D1,44,0,39,0,0
B6_D1,133,0,80,0,0
B8_D1,607,0,297,0,0
B2_D1,913,0,428,0,0
B10_D1,215,0,119,0,0
B10_D1,856,0,0,0,0
B8_D1,5,0,223,0,0
B10_D1,337,0,503,0,0
B10_D1,411,0,502,0,0
G1_D1,367,0,275,0,0
G1_D1,826,0,240,0,0
B10_D1,692,0,106,0,0
B6_D1,438,0,23,0,0
B6_D1,250,0,456,0,0
B6_D1,398,0,3,0,0
B6_D1,69,0,273,0,0
B6_D1,690,0,127,0,0
G1_D1,556,0,100,0,0
B6_D1,83,0,391,0,0
B6_D1,792,0,440,0,0
B6_D1,97,0,305,0,0
G1_D1,994,0,80,0,0
G1_D1,719,0,271,0,0
B10_D1,95,0,470,0,0
B6_D1,641,0,470,0,0
B4_D1,0,0,446,0,0
B10_D1,133,0,115,0,0
B10_D1,716,0,402,0,0
B6_D1,25,0,267,0,0
G1_D1,88,0,304,0,0
B10_D1,163,0,357,0,0
B8_D1,628,0,179,0,0
B10_D1,746,0,511,0,0
G1_D1,996,0,185,0,0
B6_D1,362,0,17,0,0
B6_D1,744,0,59,0,0
B6_D1,1005,0,218,0,0
B10_D1,245,0,21,0,0
B10_D1,931,0,307,0,0
B10_D1,849,0,286,0,0
G1_D1,255,0,156,0,0
B6_D1,725,0,436,0,0
B10_D1,77,0,2,0,0
B6_D1,993,0,462,0,-1
B6_D1,57,0,396,0,0
B8_D1,96,0,141,0,0
B6_D1,680,0,490,0,0
B6_D1,448,0,189,0,0
G1_D1,314,0,13,0,0
B6_D1,358,0,245,0,0
G1_D1,598,0,112,0,0
B10_D1,307,0,50,0,0
B6_D1,992,0,258,0,0
B10_D1,864,0,405,0,0
B6_D1,651,0,395,0,0
B6_D1,794,0,34,0,0
B10_D1,719,0,446,0,0
B2_D1,997,0,256,0,0
B6_D1,636,0,6,0,0
B6_D1,911,0,66,0,0
B2_D1,681,0,508,0,0
B8_D1,992,0,244,0,0
B10_D1,966,0,64,0,0
B10_D1,513,0,90,0,0
B6_D1,624,0,312,0,0
B6_D1,848,0,132,0,0
B10_D1,698,0,262,0,0
B4_D1,679,0,187,0,0
B6_D1,705,0,70,0,0
G1_D1,418,0,268,0,0
B10_D1,262,0,166,0,0
B10_D1,768,0,20,0,0
B10_D1,616,0,498,0,0
B2_D1,941,0,510,0,0
B6_D1,141,0,191,0,0
B6_D1,172,0,132,0,0
B10_D1,6,0,405,0,0
B10_D1,6,0,59,0,0
G1_D1,775,0,424,0,0
B2_D1,328,0,200,0,0
B4_D1,685,0,161,0,0
B10_D1,767,0,419,0,0
B6_D1,958,0,369,0,-1
G1_D1,243,0,259,0,0
B6_D1,864,0,484,0,0
B2_D1,668,0,99,0,0
B10_D1,47,0,273,0,0
G1_D1,137,0,373,0,0
B6_D1,886,0,173,0,0
B4_D1,0,0,219,0,0
B6_D1,617,0,282,0,0
B2_D1,655,0,48,0,0
B8_D1,915,0,238,0,0
B6_D1,91,0,392,0,0
B2_D1,788,0,191,0,0
B10_D1,719,0,81,0,0
B10_D1,667,0,2,0,0
B10_D1,751,0,88,0,0
B10_D1,868,0,85,0,0
B10_D1,75,0,7,0,0
B4_D1,631,0,50,0,0
B10_D1,671,0,163,0,0
B6_D1,449,0,14,0,0
B10_D1,166,0,502,0,0
B10_D1,11,0,114,0,0
B10_D1,467,0,133,0,0
B8_D1,135,0,74,0,0
B10_D1,154,0,39,0,0
B6_D1,942,0,250,0,0
B8_D1,312,0,314,0,0
B10_D1,704,0,475,0,0
B10_D1,846,0,485,0,0
B2_D1,177,0,240,0,0
G1_D1,883,0,117,0,0
B10_D1,240,0,116,0,0
B2_D1,632,0,507,0,0
B10_D1,286,0,344,0,0
G1_D1,672,0,116,0,0
B10_D1,426,0,371,0,0
B10_D1,318,0,83,0,0
B6_D1,747,0,326,0,0
B6_D1,846,0,16,0,0
B6_D1,734,0,99,0,0
B10_D1,421,0,310,0,0
B4_D1,30,0,39,0,0
G1_D1,995,0,92,0,0
B6_D1,852,0,307,0,0
B6_D1,502,0,63,0,0
G1_D1,941,0,274,0,0
B6_D1,556,0,266,0,0
B10_D1,997,0,359,0,-1
G1_D1,222,0,186,0,0
G1_D1,464,0,82,0,0
B10_D1,284,0,257,0,0
B10_D1,49,0,147,0,0
B6_D1,475,0,299,0,0
B6_D1,101,0,396,0,0
B10_D1,475,0,67,0,0
B10_D1,385,0,154,0,0
G1_D1,1005,0,97,0,0
B10_D1,112,0,42,0,0
B2_D1,391,0,0,0,0
B6_D1,809,0,389,0,0
G1_D1,611,0,42,0,0
B10_D1,730,0,264,0,0
G1_D1,737,0,41,0,0
B8_D1,1014,0,250,0,0
B6_D1,600,0,505,0,0
B10_D1,282,0,136,0,0
G1_D1,449,0,16,0,0
B2_D1,307,0,54,0,0
G1_D1,479,0,10,0,0
B10_D1,62,0,99,0,0
B10_D1,273,0,89,0,-1
G1_D1,477,0,352,0,0
B10_D1,595,0,136,0,0
G1_D1,49,0,163,0,0
G1_D1,612,0,192,0,0
B6_D1,35,0,411,0,0
B6_D1,698,0,431,0,0
G1_D1,719,0,279,0,0
B10_D1,606,0,56,0,0
G1_D1,105,0,272,0,0
B6_D1,793,0,13,0,0
G1_D1,323,0,77,0,0
B2_D1,193,0,405,0,0
G1_D1,733,0,265,0,0
G1_D1,233,0,493,0,0
B6_D1,982,0,502,0,0
B6_D1,219,0,373,0,0
B10_D1,931,0,368,0,0
B10_D1,995,0,287,0,0
B10_D1,637,0,32,0,0
B10_D1,372,0,340,0,0
B10_D1,626,0,312,0,0
B6_D1,310,0,223,0,0
B10_D1,513,0,284,0,0
B2_D1,630,0,94,0,0
B10_D1,540,0,166,0,0
B6_D1,192,0,191,0,0
B4_D1,736,0,284,0,0
B4_D1,96,0,300,0,0
B6_D1,607,0,300,0,0
B10_D1,996,0,61,0,0
G1_D1,772,0,163,0,0
G1_D1,19,0,163,0,0
B10_D1,781,0,171,0,0
B10_D1,354,0,292,0,0
B10_D1,473,0,108,0,0
B10_D1,52,0,143,0,0
G1_D1,604,0,10,0,0
G1_D1,343,0,442,0,0
G1_D1,79,0,133,0,0
B6_D1,178,0,488,0,0
B6_D1,63,0,292,0,0
B6_D1,52,0,192,0,0
B10_D1,187,0,206,0,0
B6_D1,994,0,425,0,0
B6_D1,449,0,9,0,0
B6_D1,298,0,333,0,0
B4_D1,652,0,74,0,0
B6_D1,555,0,326,0,0
G1_D1,917,0,97,0,0
B6_D1,477,0,42,0,0
G1_D1,370,0,301,0,0
G1_D1,990,0,110,0,0
B6_D1,436,0,189,0,0
G1_D1,435,0,28,0,0
B6_D1,808,0,143,0,0
B6_D1,37,0,406,0,0
B10_D1,365,0,27,0,0
B6_D1,755,0,255,0,0
B2_D1,63,0,33,0,0
B10_D1,773,0,417,0,0
B10_D1,410,0,235,0,0
B6_D1,21,0,21,0,0
B6_D1,873,0,206,0,0
B2_D1,617,0,113,0,0
B10_D1,251,0,345,0,0
G1_D1,577,0,147,0,0
G1_D1,254,0,2,0,0
B10_D1,325,0,191,0,0
B6_D1,386,0,282,0,0
G1_D1,14,0,272,0,0
B10_D1,738,0,421,0,0
B6_D1,847,0,335,0,0
B6_D1,879,0,75,0,0
B10_D1,959,0,67,0,0
G1_D1,959,0,467,0,0
B6_D1,95,0,183,0,0
B6_D1,487,0,367,0,0
G1_D1,948,0,71,0,0
B4_D1,8,0,207,0,0
B6_D1,883,0,244,0,0
B4_D1,1,0,340,0,0
B6_D1,453,0,18,0,0
B10_D1,673,0,391,0,0
G1_D1,478,0,482,0,0
G1_D1,196,0,52,0,0
B6_D1,423,0,456,0,0
B10_D1,228,0,320,0,0
B4_D1,87,0,274,0,0
B6_D1,61,0,48,0,0
G1_D1,912,0,327,0,0
B10_D1,901,0,339,0,0
B10_D1,265,0,264,0,0
G1_D1,173,0,287,0,0
B6_D1,529,0,384,0,0
B6_D1,907,0,138,0,0
B10_D1,430,0,243,0,0
B10_D1,271,0,9,0,0
G1_D1,319,0,288,0,0
B4_D1,514,0,281,0,0
B6_D1,721,0,6,0,0
B6_D1,989,0,499,0,0
B6_D1,776,0,199,0,0
B10_D1,40,0,64,0,0
B6_D1,428,0,18,0,0
B10_D1,846,0,324,0,0
G1_D1,498,0,219,0,0
B10_D1,313,0,188,0,0
B4_D1,239,0,58,0,0
B4_D1,243,0,19,0,0
B8_D1,882,0,302,0,0
B6_D1,593,0,387,0,0
B10_D1,678,0,22,0,0
B10_D1,591,0,255,0,0
B6_D1,827,0,318,0,0
B6_D1,683,0,23,0,0
B6_D1,396,0,193,0,0
B6_D1,876,0,54,0,0
B6_D1,481,0,6,0,0
G1_D1,312,0,33,0,0
B10_D1,655,0,252,0,0
B6_D1,336,0,429,0,0
B10_D1,648,0,444,0,0
B10_D1,206,0,47,0,0
B2_D1,764,0,60,0,0
B6_D1,30,0,252,0,0
B10_D1,651,0,387,0,0
B6_D1,368,0,480,0,0
B6_D1,264,0,109,0,0
B6_D1,243,0,43,0,0
B6_D1,574,0,177,0,0
B6_D1,284,0,14,0,0
G1_D1,25,0,58,0,0
B10_D1,340,0,198,0,0
B6_D1,787,0,248,0,0
B10_D1,65,0,86,0,0
B2_D1,949,0,45,0,0
B10_D1,389,0,342,0,0
B10_D1,864,0,56,0,0
B6_D1,14,0,326,0,0
B6_D1,529,0,400,0,0
B6_D1,797,0,422,0,0
B10_D1,672,0,174,0,0
G1_D1,149,0,410,0,0
B4_D1,675,0,186,0,0
B10_D1,188,0,287,0,0
B10_D1,87,0,213,0,0
G1_D1,801,0,59,0,0
B6_D1,847,0,307,0,0
B6_D1,633,0,416,0,0
B6_D1,607,0,117,0,0
B6_D1,200,0,394,0,0
B6_D1,42,0,128,0,0
G1_D1,808,0,262,0,0
B10_D1,119,0,56,0,0
G1_D1,9,0,10,0,0
B4_D1,0,0,358,0,0
B6_D1,980,0,176,0,0
B10_D1,483,0,54,0,0
B4_D1,524,0,377,0,0
B10_D1,279,0,46,0,0
B4_D1,610,0,181,0,0
B6_D1,214,0,191,0,0
B10_D1,743,0,92,0,0
B10_D1,984,0,487,0,0
G1_D1,1017,0,16,0,0
G1_D1,45,0,58,0,0
G1_D1,860,0,120,0,0
B10_D1,876,0,42,0,0
B2_D1,663,0,206,0,0
B6_D1,946,0,16,0,0
B10_D1,636,0,1,0,0
B10_D1,560,0,108,0,0
B10_D1,141,0,113,0,0
B4_D1,426,0,416,0,0
B10_D1,660,0,306,0,0
B6_D1,596,0,346,0,0
B6_D1,878,0,206,0,0
B6_D1,851,0,372,0,0
B10_D1,922,0,66,0,0
B10_D1,441,0,98,0,0
B10_D1,646,0,308,0,0
G1_D1,280,0,22,0,0
B10_D1,228,0,343,0,0
B6_D1,98,0,394,0,0
B6_D1,108,0,466,0,0
B10_D1,267,0,6,0,0
B4_D1,0,0,339,0,0
B10_D1,601,0,346,0,0
B6_D1,127,0,47,0,0
B2_D1,156,0,263,0,0
B6_D1,720,0,182,0,0
B6_D1,856,0,160,0,0
G1_D1,206,0,19,0,0
B10_D1,577,0,284,0,0
B10_D1,777,0,257,0,0
G1_D1,754,0,199,0,0
B10_D1,58,0,125,0,0
B6_D1,681,0,1,0,0
B10_D1,545,0,412,0,0
G1_D1,58,0,165,0,0
B8_D1,13,0,268,0,0
B6_D1,633,0,343,0,0
B6_D1,97,0,130,0,0
B6_D1,883,0,483,0,0
B10_D1,211,0,138,0,0
G1_D1,176,0,44,0,0
B10_D1,692,0,54,0,0
G1_D1,207,0,18,0,0
B6_D1,382,0,321,0,4
B6_D1,984,0,425,0,0
B10_D1,100,0,314,0,0
B6_D1,581,0,425,0,0
B6_D1,411,0,191,0,0
B10_D1,842,0,403,0,0
G1_D1,954,0,11,0,0
B10_D1,689,0,40,0,0
G1_D1,559,0,8,0,0
B4_D1,238,0,278,0,0
G1_D1,709,0,5,0,0
B10_D1,797,0,443,0,0
B6_D1,536,0,349,0,0
B6_D1,922,0,113,0,0
B6_D1,987,0,305,0,0
B6_D1,548,0,480,0,0
G1_D1,804,0,11,0,0
B10_D1,447,0,407,0,0
B6_D1,7,0,439,0,0
B6_D1,870,0,456,0,0
B6_D1,501,0,453,0,10
B2_D1,496,0,38,0,0
B6_D1,747,0,194,0,0
B10_D1,483,0,56,0,0
B10_D1,768,0,236,0,0
G1_D1,104,0,92,0,0
B10_D1,134,0,216,0,0
B6_D1,417,0,238,0,0
B6_D1,641,0,16,0,0
B10_D1,5,0,361,0,0
B10_D1,669,0,86,0,0
B10_D1,385,0,46,0,0
G1_D1,566,0,102,0,0
G1_D1,402,0,134,0,0
G1_D1,699,0,2,0,0
B10_D1,800,0,446,0,0
G1_D1,1009,0,15,0,0
B6_D1,128,0,13,0,0
B10_D1,307,0,131,0,0
G1_D1,1013,0,37,0,0
G1_D1,926,0,26,0,0
B10_D1,334,0,234,0,0
B6_D1,400,0,61,0,0
B6_D1,980,0,293,0,0
B4_D1,972,0,38,0,0
G1_D1,746,0,87,0,0
B6_D1,418,0,157,0,0
B6_D1,673,0,481,0,0
B6_D1,603,0,38,0,0
G1_D1,84,0,315,0,0
G1_D1,539,0,6,0,0
G1_D1,234,0,40,0,0
G1_D1,614,0,8,0,0
B4_D1,719,0,271,0,0
B2_D1,398,0,129,0,0
B10_D1,647,0,149,0,0
B6_D1,230,0,314,0,0
B4_D1,470,0,185,0,0
B10_D1,620,0,278,0,0
B10_D1,194,0,207,0,0
B10_D1,1006,0,11,0,0
G1_D1,643,0,28,0,0
B6_D1,220,0,64,0,0
B2_D1,958,0,240,0,0
B4_D1,24,0,136,0,0
B2_D1,636,0,163,0,0
B6_D1,799,0,78,0,0
B6_D1,850,0,241,0,0
B6_D1,486,0,386,0,0
B6_D1,457,0,27,0,0
B6_D1,187,0,497,0,0
B6_D1,607,0,358,0,0
B10_D1,34,0,121,0,0
G1_D1,907,0,320,0,0
B6_D1,347,0,431,0,0
B10_D1,641,0,83,0,0
B6_D1,55,0,490,0,0
B6_D1,745,0,510,0,0
G1_D1,224,0,149,0,0
G1_D1,919,0,442,0,0
B10_D1,265,0,60,0,0
B10_D1,775,0,424,0,0
B2_D1,673,0,499,0,0
B10_D1,134,0,424,0,0
B6_D1,273,0,508,0,0
G1_D1,1021,0,62,0,0
B6_D1,159,0,34,0,0
G1_D1,964,0,34,0,0
G1_D1,74,0,16,0,0
B4_D1,271,0,194,0,0
B4_D1,999,0,158,0,0
G1_D1,818,0,161,0,0
B10_D1,112,0,222,0,0
B6_D1,351,0,46,0,0
B2_D1,157,0,74,0,0
B6_D1,746,0,409,0,0
B10_D1,353,0,42,0,0
G1_D1,907,0,489,0,0
B4_D1,662,0,241,0,0
B6_D1,700,0,191,0,0
B6_D1,242,0,195,0,0
B6_D1,836,0,383,0,0
B10_D1,815,0,362,0,0
B10_D1,45,0,204,0,0
B10_D1,303,0,49,0,0
G1_D1,545,0,510,0,0
G1_D1,584,0,145,0,0
B6_D1,68,0,3,0,0
B4_D1,705,0,40,0,0
G1_D1,629,0,2,0,0
B10_D1,254,0,299,0,0
B10_D1,138,0,317,0,0
B6_D1,890,0,428,0,0
B6_D1,484,0,305,0,0
B6_D1,423,0,287,0,0
B6_D1,82,0,42,0,0
G1_D1,19,0,249,0,0
B10_D1,963,0,290,0,0
B10_D1,694,0,443,0,0
G1_D1,206,0,70,0,0
B6_D1,780,0,20,0,0
B10_D1,862,0,225,0,0
B10_D1,337,0,2,0,0
B2_D1,747,0,54,0,0
B6_D1,766,0,213,0,0
B6_D1,962,0,215,0,0
B4_D1,912,0,223,0,0
G1_D1,684,0,12,0,0
B6_D1,784,0,196,0,0
B10_D1,521,0,5,0,0
B6_D1,324,0,376,0,0
B4_D1,9,0,211,0,0
B10_D1,189,0,80,0,0
B6_D1,173,0,38,0,0
B6_D1,776,0,304,0,0
G1_D1,998,0,154,0,0
B6_D1,304,0,405,0,0
B10_D1,232,0,2,0,0
G1_D1,336,0,21,0,0
B6_D1,997,0,169,0,0
B4_D1,6,0,262,0,0
G1_D1,920,0,46,0,0
B2_D1,333,0,200,0,0
B10_D1,664,0,28,0,0
G1_D1,259,0,293,0,0
B6_D1,74,0,473,0,0
B6_D1,558,0,389,0,0
B6_D1,195,0,395,0,0
B10_D1,548,0,11,0,0
B10_D1,578,0,9,0,0
B6_D1,899,0,126,0,0
G1_D1,273,0,179,0,0
B6_D1,146,0,96,0,0
B6_D1,892,0,474,0,0
B6_D1,388,0,290,0,0
B2_D1,155,0,269,0,0
B6_D1,817,0,102,0,0
B10_D1,783,0,310,0,0
B4_D1,420,0,415,0,0
B10_D1,179,0,162,0,0
B10_D1,25,0,18,0,0
B4_D1,571,0,200,0,0
G1_D1,553,0,238,0,0
G1_D1,167,0,157,0,0
B6_D1,640,0,10,0,0
B6_D1,666,0,386,0,0
B6_D1,912,0,17,0,0
B6_D1,782,0,215,0,0
B6_D1,918,0,315,0,0
B10_D1,927,0,246,0,0
B6_D1,514,0,9,0,0
B10_D1,867,0,232,0,0
B10_D1,125,0,499,0,0
B4_D1,629,0,61,0,0
B10_D1,758,0,319,0,0
B6_D1,430,0,485,0,0
B8_D1,521,0,291,0,0
B6_D1,831,0,496,0,0
G1_D1,687,0,160,0,0
B6_D1,689,0,29,0,0
B6_D1,793,0,240,0,0
B10_D1,324,0,274,0,0
B6_D1,601,0,298,0,0
B10_D1,445,0,510,0,0
G1_D1,1012,0,203,0,0
G1_D1,299,0,8,0,0
B2_D1,768,0,466,0,0
G1_D1,1009,0,39,0,0
B6_D1,460,0,60,0,0
G1_D1,935,0,29,0,0
B6_D1,539,0,236,0,0
B4_D1,505,0,147,0,0
B6_D1,730,0,505,0,0
B6_D1,64,0,266,0,0
B6_D1,986,0,294,0,0
G1_D1,589,0,17,0,0
B10_D1,605,0,137,0,0
B10_D1,8,0,136,0,0
B10_D1,11,0,152,0,0
B10_D1,739,0,326,0,0
B4_D1,449,0,418,0,0
B10_D1,371,0,102,0,0
B10_D1,322,0,174,0,0
B6_D1,593,0,479,0,0
G1_D1,457,0,130,0,0
B10_D1,270,0,15,0,0
G1_D1,172,0,65,0,0
G1_D1,68,0,53,0,0
B6_D1,414,0,192,0,0
G1_D1,889,0,109,0,0
B10_D1,805,0,273,0,0
B6_D1,965,0,304,0,0
B10_D1,488,0,86,0,0
B10_D1,647,0,154,0,0
B6_D1,642,0,487,0,0
B10_D1,698,0,164,0,0
B10_D1,488,0,73,0,0
B10_D1,775,0,372,0,0
B10_D1,640,0,56,0,0
B10_D1,628,0,493,0,0
B2_D1,424,0,476,0,0
B10_D1,758,0,262,0,0
B10_D1,790,0,173,0,0
B6_D1,970,0,415,0,0
B10_D1,967,0,295,0,0
G1_D1,480,0,77,0,0
B10_D1,938,0,257,0,0
B6_D1,241,0,478,0,0
B6_D1,989,0,253,0,0
G1_D1,546,0,35,0,0
G1_D1,709,0,372,0,0
B4_D1,35,0,7,0,0
B6_D1,509,0,350,0,-1
B10_D1,678,0,509,0,0
G1_D1,783,0,214,0,0
B10_D1,885,0,299,0,0
B10_D1,546,0,160,0,0
B2_D1,481,0,511,0,0
B10_D1,5,0,333,0,0
B10_D1,133,0,278,0,0
B10_D1,136,0,266,0,0
B2_D1,698,0,506,0,0
B6_D1,574,0,288,0,0
B4_D1,166,0,27,0,0
G1_D1,659,0,2,0,0
B6_D1,516,0,247,0,0
B10_D1,695,0,245,0,0
B10_D1,54,0,208,0,0
G1_D1,380,0,370,0,0
B8_D1,170,0,343,0,0
B6_D1,842,0,311,0,0
G1_D1,664,0,10,0,0
B10_D1,174,0,281,0,0
B6_D1,456,0,373,0,0
B10_D1,99,0,113,0,0
B6_D1,110,0,0,0,0
G1_D1,337,0,438,0,0
G1_D1,922,0,71,0,0
G1_D1,349,0,11,0,0
B10_D1,665,0,491,0,0
B6_D1,533,0,397,0,0
B6_D1,386,0,191,0,0
B10_D1,16,0,305,0,0
B10_D1,465,0,237,0,0
B10_D1,654,0,244,0,0
B6_D1,313,0,233,0,0
B4_D1,406,0,409,0,0
B6_D1,173,0,344,0,0
B6_D1,537,0,32,0,0
G1_D1,691,0,128,0,0
B10_D1,21,0,291,0,0
B6_D1,15,0,338,0,0
B6_D1,44,0,293,0,0
B6_D1,631,0,26,0,0
B6_D1,650,0,421,0,0
B10_D1,135,0,105,0,0
G1_D1,306,0,88,0,0
B6_D1,134,0,83,0,0
B10_D1,244,0,282,0,0
B10_D1,867,0,464,0,0
B6_D1,477,0,173,0,0
G1_D1,658,0,244,0,0
B4_D1,700,0,140,0,0
B10_D1,139,0,272,0,0
B6_D1,620,0,386,0,-1
B10_D1,126,0,91,0,0
B2_D1,762,0,224,0,0
G1_D1,84,0,4,0,0
G1_D1,985,0,152,0,0
B6_D1,939,0,230,0,0
B6_D1,82,0,158,0,0
G1_D1,972,0,217,0,0
B6_D1,171,0,491,0,0
B6_D1,565,0,0,0,0
B10_D1,482,0,187,0,0
G1_D1,71,0,453,0,0
B6_D1,4,0,327,0,0
B6_D1,799,0,65,0,0
G1_D1,128,0,450,0,0
B10_D1,434,0,499,0,0
G1_D1,558,0,28,0,0
G1_D1,1000,0,173,0,0
G1_D1,611,0,142,0,0
B10_D1,749,0,460,0,0
B2_D1,213,0,236,0,0
B10_D1,250,0,231,0,0
B4_D1,1017,0,57,0,0
B6_D1,276,0,6,0,0
B10_D1,541,0,0,0,0
B6_D1,819,0,295,0,0
G1_D1,634,0,162,0,0
G1_D1,1021,0,205,0,0
B6_D1,289,0,58,0,0
B6_D1,681,0,228,0,0
B4_D1,825,0,41,0,0
B6_D1,682,0,507,0,0
B6_D1,693,0,33,0,0
B10_D1,625,0,101,0,0
B6_D1,952,0,47,0,0
B8_D1,709,0,312,0,0
B6_D1,183,0,488,0,0
B6_D1,950,0,196,0,-1
B6_D1,490,0,456,0,-1
B6_D1,10,0,510,0,0
B6_D1,1007,0,91,0,0
G1_D1,733,0,74,0,0
B10_D1,760,0,403,0,0
G1_D1,864,0,14,0,0
G1_D1,715,0,195,0,0
G1_D1,584,0,195,0,0
G1_D1,670,0,191,0,0
B6_D1,506,0,21,0,0
B8_D1,2,0,312,0,0
B10_D1,850,0,189,0,0
B6_D1,102,0,245,0,7
B8_D1,707,0,250,0,0
B2_D1,869,0,39,0,0
B2_D1,719,0,496,0,0
G1_D1,289,0,510,0,0
B4_D1,215,0,49,0,0
G1_D1,808,0,161,0,0
B6_D1,890,0,429,0,0
B10_D1,0,0,434,0,0
B2_D1,855,0,370,0,0
B8_D1,952,0,302,0,0
B10_D1,270,0,27,0,0
B2_D1,664,0,478,0,0
B10_D1,179,0,27,0,0
G1_D1,446,0,125,0,0
B10_D1,722,0,270,0,0
B6_D1,225,0,173,0,0
B10_D1,412,0,499,0,0
B10_D1,5,0,288,0,0
B6_D1,865,0,392,0,0
B6_D1,196,0,310,0,-1
B10_D1,658,0,316,0,0
G1_D1,809,0,104,0,0
B10_D1,58,0,132,0,0
B6_D1,420,0,485,0,0
G1_D1,538,0,70,0,0
B10_D1,437,0,299,0,0
B6_D1,401,0,6,0,0
B10_D1,738,0,465,0,0
B10_D1,352,0,203,0,0
B6_D1,330,0,399,0,0
B10_D1,3,0,224,0,0
B10_D1,1022,0,211,0,0
B6_D1,794,0,14,0,0
B6_D1,168,0,479,0,0
B10_D1,490,0,70,0,0
B8_D1,509,0,205,0,0
B10_D1,421,0,282,0,0
B10_D1,81,0,168,0,0
B4_D1,321,0,41,0,0
B6_D1,425,0,5,0,0
B10_D1,867,0,209,0,0
B10_D1,559,0,111,0,0
B10_D1,782,0,419,0,0
B6_D1,614,0,169,0,0
B6_D1,747,0,186,0,0
B6_D1,435,0,25,0,0
B4_D1,767,0,278,0,0
B10_D1,121,0,161,0,0
B10_D1,56,0,511,0,0
B10_D1,239,0,311,0,0
B10_D1,673,0,444,0,0
B10_D1,872,0,35,0,0
G1_D1,645,0,242,0,0
B2_D1,528,0,464,0,0
B10_D1,586,0,34,0,0
B6_D1,13,0,18,0,0
B10_D1,1019,0,127,0,0
B2_D1,296,0,142,0,0
B6_D1,982,0,17,0,0
G1_D1,925,0,245,0,0
B10_D1,926,0,435,0,0
B6_D1,189,0,39,0,0
B6_D1,551,0,266,0,0
B6_D1,463,0,49,0,0
B6_D1,5,0,476,0,0
B6_D1,536,0,208,0,0
G1_D1,1010,0,141,0,0
B6_D1,416,0,31,0,0
B6_D1,663,0,49,0,0
B6_D1,809,0,78,0,0
B10_D1,616,0,220,0,0
B10_D1,635,0,27,0,0
B6_D1,707,0,12,0,0
B6_D1,835,0,345,0,0
B2_D1,608,0,288,0,0
G1_D1,783,0,41,0,0
B6_D1,158,0,498,0,0
B6_D1,513,0,382,0,0
B10_D1,709,0,248,0,0
B6_D1,253,0,8,0,0
B6_D1,724,0,163,0,0
B6_D1,975,0,20,0,0
B10_D1,436,0,504,0,0
B2_D1,851,0,13,0,0
B8_D1,819,0,227,0,0
B6_D1,721,0,46,0,0
B6_D1,894,0,494,0,0
B6_D1,186,0,31,0,0
B10_D1,893,0,83,0,0
G1_D1,47,0,87,0,0
G1_D1,1020,0,323,0,0
B6_D1,444,0,272,0,0
B2_D1,955,0,25,0,0
B6_D1,2,0,104,0,0
B6_D1,382,0,2,0,0
B6_D1,539,0,313,0,0
B10_D1,208,0,360,0,0
B10_D1,14,0,147,0,0
B6_D1,556,0,320,0,0
B10_D1,126,0,203,0,0
B6_D1,799,0,444,0,0
G1_D1,753,0,335,0,0
B2_D1,148,0,291,0,0
B8_D1,114,0,330,0,0
B6_D1,642,0,7,0,0
G1_D1,809,0,6,0,0
G1_D1,160,0,20,0,0
B2_D1,1,0,72,0,0
B10_D1,614,0,413,0,0
B10_D1,688,0,444,0,0
G1_D1,110,0,66,0,0
G1_D1,693,0,361,0,0
B6_D1,648,0,242,0,0
B10_D1,174,0,230,0,0
B10_D1,710,0,268,0,0
B4_D1,211,0,155,0,0
B6_D1,880,0,466,0,0
B6_D1,884,0,186,0,0
B10_D1,117,0,267,0,0
B10_D1,716,0,6,0,0
B2_D1,592,0,225,0,0
B10_D1,451,0,127,0,0
B10_D1,62,0,151,0,0
B6_D1,552,0,374,0,0
G1_D1,107,0,273,0,0
B6_D1,24,0,494,0,0
B4_D1,726,0,207,0,0
G1_D1,705,0,373,0,0
G1_D1,8,0,387,0,0
B10_D1,848,0,101,0,0
G1_D1,331,0,33,0,0
B6_D1,907,0,47,0,0
B10_D1,14,0,90,0,0
B6_D1,910,0,500,0,0
B6_D1,76,0,185,0,0
B6_D1,60,0,500,0,0
G1_D1,1017,0,67,0,0
B6_D1,105,0,35,0,0
G1_D1,80,0,135,0,0
G1_D1,56,0,459,0,0
B6_D1,5,0,500,0,0
B10_D1,129,0,112,0,0
G1_D1,22,0,87,0,0
B10_D1,723,0,426,0,0
B10_D1,779,0,103,0,0
G1_D1,359,0,449,0,1
B10_D1,553,0,170,0,0
B10_D1,17,0,93,0,0
B6_D1,641,0,220,0,0
B10_D1,520,0,43,0,0
B6_D1,237,0,56,0,0
G1_D1,685,0,456,0,0
B10_D1,470,0,55,0,0
B10_D1,451,0,9,0,0
B6_D1,563,0,341,0,0
B4_D1,282,0,209,0,0
B4_D1,764,0,207,0,0
B10_D1,112,0,273,0,0
B10_D1,730,0,95,0,0
B6_D1,289,0,171,0,0
B6_D1,126,0,50,0,0
B8_D1,993,0,511,0,0
B6_D1,669,0,469,0,0
B2_D1,981,0,121,0,0
B8_D1,82,0,328,0,0
B10_D1,477,0,278,0,0
G1_D1,781,0,1,0,0
G1_D1,205,0,270,0,0
G1_D1,342,0,18,0,0
B4_D1,721,0,330,0,0
G1_D1,658,0,473,0,0
B10_D1,98,0,128,0,0
G1_D1,693,0,30,0,0
B10_D1,920,0,468,0,0
B6_D1,543,0,8,0,0
B10_D1,330,0,212,0,0
B10_D1,349,0,221,0,0
B6_D1,590,0,408,0,0
B6_D1,679,0,211,0,-1
B6_D1,661,0,212,0,0
B6_D1,239,0,373,0,0
B10_D1,657,0,172,0,0
B6_D1,23,0,423,0,-1
G1_D1,579,0,273,0,0
B6_D1,544,0,217,0,0
B4_D1,734,0,72,0,0
B6_D1,174,0,87,0,0
B6_D1,419,0,407,0,0
G1_D1,23,0,258,0,0
G1_D1,316,0,190,0,0
B6_D1,580,0,319,0,0
B10_D1,259,0,309,0,0
B6_D1,93,0,309,0,0
G1_D1,904,0,7,0,0
B10_D1,731,0,422,0,0
B10_D1,749,0,73,0,0
G1_D1,379,0,16,0,0
B10_D1,515,0,221,0,0
G1_D1,299,0,13,0,0
G1_D1,18,0,44,0,0
B10_D1,690,0,75,0,0
G1_D1,139,0,2,0,0
B6_D1,666,0,408,0,0
B10_D1,852,0,66,0,0
B6_D1,857,0,203,0,0
B10_D1,816,0,6,0,0
G1_D1,101,0,23,0,0
B6_D1,633,0,508,0,0
B2_D1,444,0,373,0,0
B10_D1,420,0,101,0,0
B10_D1,313,0,312,0,0
B6_D1,489,0,9,0,0
G1_D1,543,0,144,0,0
B4_D1,55,0,120,0,0
B10_D1,385,0,407,0,0
B10_D1,727,0,423,0,0
B6_D1,974,0,163,0,0
B6_D1,968,0,8,0,0
B6_D1,12,0,344,0,0
B10_D1,310,0,175,0,0
B8_D1,634,0,225,0,0
B6_D1,992,0,298,0,0
B6_D1,379,0,499,0,0
G1_D1,917,0,112,0,0
B6_D1,167,0,398,0,-1
B10_D1,503,0,284,0,0
B4_D1,743,0,214,0,0
B6_D1,643,0,488,0,0
B10_D1,12,0,16,0,0
B6_D1,741,0,447,0,0
B6_D1,862,0,223,0,0
B4_D1,428,0,379,0,0
B6_D1,998,0,43,0,0
B6_D1,219,0,348,0,0
B6_D1,1009,0,424,0,0
B10_D1,706,0,422,0,0
B2_D1,181,0,511,0,0
B6_D1,264,0,422,0,0
G1_D1,832,0,304,0,0
B6_D1,762,0,372,0,0
G1_D1,164,0,506,0,0
G1_D1,67,0,47,0,0
B6_D1,91,0,496,0,0
B10_D1,97,0,187,0,0
B6_D1,486,0,501,0,0
G1_D1,451,0,142,0,0
B10_D1,331,0,275,0,0
B2_D1,913,0,16,0,0
B6_D1,293,0,267,0,0
G1_D1,346,0,180,0,0
B4_D1,498,0,283,0,0
B6_D1,465,0,346,0,0
B10_D1,407,0,486,0,0
G1_D1,691,0,130,0,0
B6_D1,775,0,432,0,0
B6_D1,569,0,499,0,0
B10_D1,527,0,90,0,0
B6_D1,2,0,108,0,0
B2_D1,618,0,479,0,0
B10_D1,602,0,219,0,0
G1_D1,38,0,190,0,0
B10_D1,556,0,141,0,0
B10_D1,195,0,168,0,0
G1_D1,331,0,481,0,0
B10_D1,442,0,22,0,0
B6_D1,912,0,326,0,0
B10_D1,102,0,197,0,0
B4_D1,818,0,55,0,0
G1_D1,913,0,330,0,0
B10_D1,826,0,383,0,0
B10_D1,159,0,344,0,0
B6_D1,906,0,290,0,0
B4_D1,669,0,190,0,0
B6_D1,520,0,227,0,0
B6_D1,47,0,234,0,0
B6_D1,200,0,101,0,0
B10_D1,215,0,184,0,0
B10_D1,379,0,185,0,0
B10_D1,357,0,177,0,0
B6_D1,551,0,409,0,0
B6_D1,30,0,101,0,0
B10_D1,528,0,29,0,0
B10_D1,919,0,17,0,0
G1_D1,714,0,307,0,0
G1_D1,723,0,192,0,0
B6_D1,737,0,42,0,0
G1_D1,822,0,257,0,0
B8_D1,219,0,80,0,0
B6_D1,66,0,286,0,0
B10_D1,491,0,189,0,0
B2_D1,541,0,510,0,0
B4_D1,809,0,211,0,0
B6_D1,92,0,226,0,-1
B6_D1,282,0,47,0,0
B10_D1,636,0,204,0,0
B6_D1,821,0,506,0,0
B8_D1,522,0,292,0,0
B6_D1,614,0,391,0,-1
B6_D1,516,0,406,0,0
B10_D1,669,0,247,0,0
B10_D1,336,0,511,0,0
B6_D1,649,0,221,0,0
B10_D1,66,0,289,0,0
B6_D1,185,0,45,0,0
B6_D1,267,0,69,0,0
B6_D1,841,0,506,0,0
B10_D1,188,0,195,0,0
B10_D1,150,0,447,0,0
B2_D1,992,0,93,0,0
B10_D1,717,0,121,0,0
B10_D1,464,0,241,0,0
B6_D1,447,0,482,0,0
B4_D1,926,0,96,0,0
B8_D1,987,0,244,0,0
G1_D1,167,0,18,0,0
B6_D1,609,0,351,0,0
B10_D1,551,0,305,0,0
B10_D1,785,0,40,0,0
B4_D1,141,0,46,0,0
B6_D1,568,0,43,0,0
B10_D1,699,0,62,0,0
B2_D1,2,0,88,0,0
B6_D1,640,0,381,0,0
G1_D1,511,0,20,0,0
B6_D1,145,0,473,0,0
B6_D1,360,0,25,0,0
B6_D1,557,0,42,0,0
B10_D1,654,0,446,0,0
B10_D1,51,0,92,0,0
B4_D1,651,0,286,0,0
B4_D1,4,0,408,0,0
B6_D1,973,0,430,0,0
B4_D1,996,0,208,0,0
B6_D1,444,0,269,0,0
G1_D1,161,0,497,0,0
B6_D1,995,0,35,0,0
B8_D1,40,0,248,0,0
B10_D1,685,0,53,0,0
G1_D1,820,0,239,0,0
B4_D1,47,0,161,0,0
B6_D1,484,0,499,0,0
G1_D1,402,0,17,0,0
B6_D1,94,0,377,0,0
G1_D1,15,0,310,0,0
G1_D1,939,0,263,0,0
B2_D1,684,0,22,0,0
B2_D1,642,0,108,0,0
B2_D1,194,0,56,0,0
G1_D1,114,0,16,0,0
G1_D1,73,0,433,0,0
B6_D1,743,0,336,0,0
B6_D1,582,0,42,0,0
G1_D1,938,0,104,0,0
G1_D1,532,0,81,0,0
B6_D1,283,0,483,0,0
G1_D1,982,0,281,0,0
B6_D1,15,0,474,0,0
B10_D1,86,0,14,0,0
B10_D1,682,0,480,0,0
G1_D1,870,0,240,0,0
G1_D1,484,0,75,0,0
B6_D1,533,0,297,0,0
B6_D1,649,0,449,0,0
B6_D1,756,0,74,0,0
B10_D1,249,0,255,0,0
B2_D1,858,0,31,0,0
B8_D1,445,0,197,0,0
B6_D1,853,0,178,0,0
B4_D1,560,0,399,0,0
B10_D1,152,0,325,0,0
B6_D1,214,0,95,0,0
G1_D1,633,0,35,0,0
B4_D1,3,0,130,0,0
B6_D1,644,0,186,0,0
B6_D1,124,0,102,0,0
B10_D1,740,0,9,0,0
B6_D1,771,0,213,0,0
B10_D1,570,0,298,0,0
B10_D1,337,0,335,0,0
G1_D1,24,0,238,0,0
B10_D1,3,0,107,0,0
G1_D1,755,0,53,0,0
G1_D1,577,0,18,0,0
B4_D1,0,0,450,0,0
B10_D1,381,0,222,0,0
G1_D1,147,0,96,0,0
B6_D1,646,0,167,0,0
B10_D1,892,0,27,0,0
B10_D1,340,0,17,0,0
B6_D1,922,0,136,0,0
B6_D1,805,0,216,0,0
G1_D1,358,0,207,0,0
B10_D1,426,0,137,0,0
B2_D1,850,0,17,0,0
B10_D1,600,0,340,0,0
G1_D1,252,0,51,0,0
B10_D1,14,0,212,0,0
B4_D1,377,0,296,0,0
G1_D1,52,0,400,0,0
B4_D1,219,0,67,0,0
B10_D1,956,0,251,0,0
B6_D1,544,0,288,0,0
G1_D1,884,0,8,0,0
B2_D1,197,0,481,0,0
B6_D1,552,0,32,0,0
B6_D1,873,0,493,0,0
G1_D1,521,0,150,0,0
G1_D1,959,0,9,0,0
G1_D1,842,0,300,0,0
B10_D1,528,0,287,0,0
B6_D1,546,0,501,0,0
B10_D1,132,0,102,0,0
B2_D1,573,0,288,0,0
G1_D1,703,0,116,0,0
B6_D1,838,0,380,0,0
B6_D1,566,0,349,0,0
B4_D1,200,0,145,0,0
B6_D1,49,0,230,0,0
B6_D1,35,0,20,0,0
B2_D1,151,0,129,0,0
B6_D1,853,0,480,0,0
B10_D1,658,0,311,0,0
B2_D1,796,0,66,0,0
B6_D1,841,0,366,0,0
B2_D1,424,0,111,0,0
B6_D1,31,0,16,0,0
B10_D1,735,0,328,0,0
B6_D1,307,0,468,0,3
B6_D1,150,0,500,0,0
B10_D1,270,0,459,0,3
B10_D1,107,0,273,0,0
B10_D1,508,0,223,0,0
G1_D1,385,0,222,0,0
B10_D1,121,0,139,0,0
G1_D1,874,0,9,0,0
G1_D1,276,0,56,0,0
B10_D1,413,0,249,0,0
B10_D1,298,0,407,0,0
G1_D1,702,0,71,0,0
B10_D1,609,0,43,0,0
B10_D1,274,0,210,0,0
B2_D1,273,0,60,0,0
G1_D1,832,0,440,0,0
B6_D1,864,0,494,0,0
B6_D1,600,0,45,0,0
G1_D1,872,0,309,0,0
B10_D1,368,0,174,0,0
B10_D1,543,0,228,0,0
B6_D1,28,0,483,0,0
B6_D1,187,0,347,0,0
G1_D1,1013,0,251,0,0
B6_D1,954,0,229,0,0
B6_D1,753,0,281,0,0
B10_D1,7,0,341,0,0
B10_D1,33,0,86,0,0
B4_D1,505,0,236,0,0
G1_D1,873,0,135,0,0
B6_D1,946,0,417,0,0
B6_D1,466,0,169,0,0
G1_D1,549,0,5,0,0
B6_D1,985,0,49,0,0
B6_D1,705,0,161,0,0
B10_D1,174,0,66,0,0
B4_D1,874,0,24,0,0
B10_D1,719,0,116,0,0
B10_D1,200,0,45,0,0
B4_D1,587,0,325,0,0
B10_D1,813,0,438,0,0
B10_D1,902,0,91,0,0
B4_D1,1014,0,216,0,0
B10_D1,406,0,56,0,0
B6_D1,466,0,188,0,0
B6_D1,675,0,495,0,0
B10_D1,321,0,99,0,0
B6_D1,988,0,508,0,0
B6_D1,933,0,88,0,0
G1_D1,430,0,0,0,0
B6_D1,586,0,48,0,0
B2_D1,516,0,162,0,0
G1_D1,993,0,207,0,0
B10_D1,47,0,6,0,0
B6_D1,580,0,10,0,0
B6_D1,121,0,231,0,0
B6_D1,834,0,84,0,0
B6_D1,330,0,485,0,0
B6_D1,1008,0,105,0,0
B4_D1,510,0,428,0,5
B6_D1,172,0,127,0,0
B2_D1,657,0,91,0,0
B2_D1,771,0,235,0,0
B6_D1,278,0,159,0,0
B6_D1,753,0,422,0,0
B6_D1,986,0,50,0,0
B10_D1,926,0,41,0,0
B2_D1,643,0,506,0,0
B10_D1,72,0,161,0,0
B2_D1,153,0,308,0,0
B4_D1,36,0,167,0,0
B6_D1,972,0,254,0,0
B10_D1,105,0,306,0,0
B10_D1,512,0,226,0,0
B4_D1,774,0,36,0,0
B6_D1,996,0,83,0,0
G1_D1,708,0,79,0,0
B6_D1,925,0,45,0,0
B10_D1,340,0,510,0,0
B6_D1,207,0,331,0,0
B10_D1,840,0,279,0,0
G1_D1,691,0,247,0,0
G1_D1,828,0,64,0,0
B6_D1,758,0,481,0,0
B10_D1,217,0,126,0,0
B10_D1,592,0,104,0,0
B6_D1,363,0,3,0,0
B6_D1,207,0,47,0,0
B10_D1,883,0,213,0,0
B10_D1,157,0,325,0,0
G1_D1,1011,0,364,0,-1
B6_D1,402,0,17,0,0
B2_D1,535,0,0,0,0
B6_D1,409,0,118,0,0
B10_D1,306,0,420,0,0
B2_D1,154,0,462,0,0
B6_D1,140,0,35,0,0
G1_D1,784,0,423,0,0
B10_D1,316,0,254,0,-1
B4_D1,540,0,277,0,0
B10_D1,197,0,111,0,0
G1_D1,56,0,65,0,0
G1_D1,695,0,283,0,0
G1_D1,650,0,41,0,0
B6_D1,223,0,313,0,0
G1_D1,1002,0,103,0,0
B10_D1,750,0,466,0,0
B4_D1,27,0,139,0,0
B10_D1,562,0,117,0,0
B6_D1,918,0,61,0,0
G1_D1,746,0,341,0,0
B6_D1,117,0,312,0,0
B10_D1,779,0,93,0,0
B6_D1,229,0,44,0,0
G1_D1,250,0,164,0,0
G1_D1,606,0,33,0,0
G1_D1,450,0,242,0,0
G1_D1,675,0,109,0,0
B6_D1,9,0,270,0,0
G1_D1,471,0,124,0,0
G1_D1,12,0,135,0,0
B10_D1,119,0,173,0,0
B10_D1,891,0,306,0,0
B6_D1,743,0,508,0,0
B6_D1,11,0,297,0,0
B2_D1,539,0,462,0,0
B10_D1,827,0,94,0,0
B6_D1,747,0,375,0,-1
B6_D1,383,0,481,0,0
B6_D1,756,0,246,0,0
G1_D1,642,0,175,0,0
B6_D1,716,0,392,0,0
B6_D1,793,0,503,0,0
B6_D1,113,0,425,0,0
B10_D1,534,0,301,0,0
G1_D1,197,0,372,0,0
B10_D1,344,0,271,0,0
B10_D1,246,0,424,0,0
G1_D1,493,0,482,0,0
B10_D1,716,0,117,0,0
B10_D1,754,0,99,0,0
B10_D1,532,0,31,0,0
B4_D1,278,0,37,0,0
B10_D1,204,0,218,0,0
B6_D1,938,0,23,0,0
G1_D1,475,0,74,0,0
B6_D1,993,0,281,0,0
G1_D1,328,0,129,0,0
G1_D1,1012,0,202,0,0
B2_D1,909,0,511,0,0
B6_D1,442,0,283,0,0
G1_D1,577,0,152,0,0
B10_D1,25,0,33,0,0
B6_D1,749,0,4,0,0
B6_D1,191,0,408,0,0
B6_D1,690,0,364,0,0
G1_D1,40,0,0,0,0
B10_D1,235,0,459,0,0
B10_D1,174,0,168,0,0
B10_D1,229,0,361,0,0
B6_D1,862,0,116,0,0
B6_D1,753,0,43,0,0
G1_D1,1003,0,191,0,0
B10_D1,562,0,291,0,0
B2_D1,728,0,60,0,0
G1_D1,855,0,446,0,0
G1_D1,1002,0,136,0,0
B4_D1,0,0,428,0,0
B10_D1,90,0,61,0,0
B6_D1,863,0,33,0,0
B4_D1,15,0,151,0,0
B10_D1,248,0,246,0,0
B6_D1,998,0,69,0,0
G1_D1,452,0,129,0,0
B8_D1,86,0,182,0,0
G1_D1,629,0,6,0,0
G1_D1,43,0,255,0,0
G1_D1,218,0,181,0,0
B6_D1,826,0,271,0,0
B10_D1,376,0,1,0,0
B8_D1,967,0,242,0,0
B10_D1,501,0,5,0,0
G1_D1,496,0,324,0,0
G1_D1,17,0,83,0,0
B4_D1,578,0,383,0,0
B10_D1,621,0,359,0,0
B10_D1,518,0,284,0,0
B6_D1,6,0,277,0,0
B6_D1,369,0,499,0,0
B6_D1,246,0,506,0,0
B6_D1,267,0,480,0,0
B10_D1,456,0,24,0,0
B10_D1,360,0,212,0,0
B6_D1,592,0,421,0,0
G1_D1,986,0,14,0,0
B6_D1,794,0,356,0,0
B6_D1,1006,0,46,0,0
B6_D1,314,0,509,0,0
G1_D1,472,0,136,0,0
B10_D1,867,0,368,0,0
B10_D1,968,0,80,0,0
B6_D1,743,0,13,0,0
G1_D1,104,0,12,0,0
B10_D1,17,0,178,0,0
B10_D1,785,0,293,0,0
B10_D1,483,0,473,0,0
B4_D1,3,0,71,0,0
B10_D1,133,0,31,0,0
B4_D1,620,0,229,0,0
B6_D1,677,0,339,0,0
B10_D1,667,0,65,0,0
B6_D1,125,0,452,0,0
B4_D1,426,0,187,0,0
G1_D1,517,0,102,0,0
G1_D1,889,0,60,0,0
B10_D1,180,0,419,0,0
B2_D1,987,0,93,0,0
G1_D1,734,0,427,0,0
B2_D1,193,0,228,0,0
B10_D1,352,0,411,0,0
G1_D1,707,0,508,0,0
G1_D1,913,0,88,0,0
B10_D1,141,0,170,0,0
G1_D1,647,0,80,0,0
B10_D1,669,0,443,0,0
B6_D1,61,0,26,0,0
B6_D1,301,0,151,0,0
B6_D1,482,0,37,0,0
B10_D1,646,0,60,0,0
B10_D1,981,0,216,0,0
B10_D1,5,0,123,0,0
B10_D1,147,0,443,0,0
B10_D1,628,0,311,0,0
B10_D1,833,0,182,0,0
G1_D1,469,0,13,0,0
B6_D1,350,0,93,0,0
B6_D1,314,0,427,0,0
G1_D1,337,0,99,0,0
B10_D1,182,0,285,0,0
B10_D1,236,0,391,0,0
B6_D1,528,0,183,0,0
B8_D1,753,0,205,0,0
B6_D1,103,0,106,0,0
B10_D1,771,0,30,0,0
B10_D1,952,0,276,0,0
G1_D1,135,0,266,0,0
B6_D1,661,0,346,0,-1
B2_D1,683,0,144,0,-1
G1_D1,1004,0,294,0,0
B6_D1,755,0,299,0,0
G1_D1,541,0,123,0,0
B10_D1,454,0,93,0,0
B10_D1,509,0,490,0,0
B2_D1,431,0,484,0,0
B10_D1,394,0,67,0,0
B6_D1,573,0,322,0,0
B10_D1,148,0,136,0,0
B10_D1,715,0,103,0,0
B10_D1,614,0,320,0,0
B6_D1,424,0,34,0,0
B4_D1,713,0,47,0,0
G1_D1,210,0,33,0,0
B2_D1,714,0,496,0,0
B6_D1,582,0,283,0,0
B6_D1,874,0,306,0,0
B6_D1,577,0,502,0,0
B10_D1,960,0,258,0,0
G1_D1,554,0,19,0,0
B10_D1,921,0,444,0,0
B10_D1,828,0,1,0,0
B4_D1,78,0,17,0,0
B10_D1,505,0,285,0,0
G1_D1,740,0,345,0,0
B10_D1,18,0,26,0,0
G1_D1,364,0,41,0,0
B10_D1,526,0,92,0,0
B10_D1,589,0,80,0,0
B10_D1,584,0,314,0,0
B6_D1,549,0,400,0,0
B4_D1,504,0,259,0,0
B6_D1,208,0,388,0,0
G1_D1,1019,0,187,0,0
G1_D1,262,0,45,0,0
B6_D1,810,0,500,0,0
B6_D1,1009,0,429,0,0
B10_D1,494,0,497,0,0
B4_D1,467,0,245,0,0
G1_D1,41,0,132,0,0
B6_D1,77,0,101,0,0
B10_D1,484,0,122,0,0
B6_D1,945,0,433,0,0
B6_D1,925,0,435,0,0
B2_D1,551,0,477,0,0
G1_D1,25,0,171,0,0
B2_D1,484,0,468,0,0
B10_D1,585,0,279,0,0
B10_D1,411,0,118,0,0
B6_D1,243,0,128,0,0
B4_D1,934,0,289,0,0
B6_D1,379,0,24,0,0
G1_D1,315,0,20,0,0
B6_D1,740,0,25,0,0
B4_D1,22,0,270,0,0
B10_D1,227,0,166,0,0
B10_D1,569,0,505,0,0
G1_D1,379,0,14,0,0
B6_D1,772,0,502,0,0
B6_D1,353,0,349,0,-1
B10_D1,703,0,444,0,0
B10_D1,701,0,0,0,0
B4_D1,159,0,143,0,0
B6_D1,904,0,306,0,0
B10_D1,173,0,233,0,0
B8_D1,5,0,249,0,0
B10_D1,314,0,223,0,0
B10_D1,869,0,210,0,0
B10_D1,518,0,222,0,0
B6_D1,799,0,306,0,0
B6_D1,595,0,5,0,0
G1_D1,830,0,164,0,0
B6_D1,636,0,349,0,0
B10_D1,25,0,25,0,0
B6_D1,261,0,116,0,0
B10_D1,676,0,298,0,0
G1_D1,977,0,103,0,0
B2_D1,499,0,468,0,0
B4_D1,805,0,224,0,0
B8_D1,862,0,232,0,0
B6_D1,339,0,335,0,0
B6_D1,459,0,499,0,0
B4_D1,71,0,25,0,0
B4_D1,861,0,46,0,0
B6_D1,836,0,506,0,0
B6_D1,897,0,2,0,0
B6_D1,224,0,299,0,0
B6_D1,985,0,15,0,0
B6_D1,560,0,35,0,0
G1_D1,718,0,60,0,0
B10_D1,34,0,45,0,0
G1_D1,165,0,498,0,0
B10_D1,56,0,146,0,0
G1_D1,454,0,23,0,0
G1_D1,600,0,218,0,0
B6_D1,928,0,43,0,0
G1_D1,976,0,14,0,0
B6_D1,24,0,243,0,0
B6_D1,454,0,67,0,0
B4_D1,136,0,63,0,0
B6_D1,594,0,162,0,0
G1_D1,439,0,300,0,0
B4_D1,331,0,329,0,0
B6_D1,426,0,6,0,0
B10_D1,351,0,88,0,0
B10_D1,700,0,61,0,0
B6_D1,468,0,391,0,0
B10_D1,131,0,449,0,0
G1_D1,1007,0,25,0,0
B6_D1,543,0,325,0,0
B8_D1,581,0,291,0,0
G1_D1,13,0,74,0,0
B6_D1,422,0,27,0,0
B6_D1,95,0,162,0,0
B10_D1,396,0,0,0,0
B10_D1,831,0,36,0,0
B10_D1,638,0,57,0,0
B10_D1,469,0,483,0,0
B6_D1,171,0,50,0,0
B6_D1,406,0,350,0,0
B6_D1,883,0,265,0,0
G1_D1,33,0,107,0,0
B6_D1,382,0,225,0,0
B4_D1,487,0,285,0,0
B2_D1,1,0,112,0,0
B10_D1,941,0,284,0,0
G1_D1,1021,0,431,0,0
B6_D1,143,0,204,0,0
B6_D1,956,0,501,0,0
G1_D1,941,0,269,0,0
B10_D1,526,0,5,0,0
G1_D1,688,0,286,0,0
B6_D1,729,0,264,0,0
G1_D1,852,0,440,0,0
G1_D1,1020,0,315,0,0
G1_D1,13,0,200,0,0
B10_D1,88,0,88,0,0
B6_D1,651,0,6,0,0
B10_D1,57,0,2,0,0
B10_D1,266,0,185,0,0
B6_D1,654,0,14,0,0
G1_D1,25,0,269,0,0
B10_D1,60,0,308,0,0
B10_D1,293,0,87,0,0
B4_D1,103,0,0,0,0
G1_D1,917,0,20,0,0
B2_D1,479,0,483,0,0
B6_D1,826,0,61,0,0
B6_D1,537,0,507,0,0
B4_D1,880,0,18,0,0
B6_D1,662,0,63,0,0
B10_D1,470,0,496,0,0
B10_D1,807,0,112,0,0
B8_D1,127,0,212,0,0
B10_D1,761,0,258,0,0
B6_D1,118,0,43,0,0
B6_D1,908,0,43,0,0
B4_D1,84,0,129,0,0
B6_D1,5,0,345,0,0
B10_D1,523,0,91,0,0
B6_D1,701,0,48,0,0
B6_D1,749,0,489,0,0
B10_D1,657,0,133,0,0
G1_D1,666,0,199,0,0
B6_D1,802,0,47,0,0
G1_D1,720,0,359,0,0
B6_D1,4,0,253,0,0
B6_D1,295,0,490,0,0
G1_D1,212,0,18,0,0
G1_D1,1022,0,447,0,0
B8_D1,312,0,185,0,0
B10_D1,622,0,233,0,0
G1_D1,524,0,11,0,0
B6_D1,21,0,511,0,0
G1_D1,201,0,37,0,0
B6_D1,39,0,484,0,0
B10_D1,436,0,410,0,0
G1_D1,142,0,130,0,0
B4_D1,676,0,250,0,0
G1_D1,980,0,40,0,0
B6_D1,518,0,43,0,0
B4_D1,353,0,202,0,0
B6_D1,574,0,437,0,-1
B10_D1,570,0,218,0,0
G1_D1,193,0,279,0,0
B6_D1,226,0,26,0,0
G1_D1,316,0,416,0,0
B2_D1,945,0,151,0,-1
B10_D1,573,0,283,0,0
B2_D1,233,0,49,0,0
B4_D1,228,0,138,0,0
B10_D1,591,0,0,0,0
B6_D1,455,0,45,0,0
B10_D1,124,0,226,0,0
G1_D1,93,0,198,0,0
B10_D1,190,0,175,0,0
B6_D1,939,0,494,0,0
B10_D1,542,0,278,0,0
B6_D1,652,0,47,0,0
B6_D1,538,0,397,0,0
B10_D1,275,0,253,0,0
G1_D1,167,0,499,0,0
B6_D1,938,0,261,0,0
B6_D1,509,0,432,0,5
B6_D1,640,0,5,0,0
B6_D1,69,0,452,0,0
B6_D1,2,0,94,0,0
B10_D1,113,0,370,0,0
G1_D1,171,0,497,0,0
B6_D1,305,0,5,0,0
G1_D1,390,0,285,0,0
B6_D1,787,0,392,0,0
B6_D1,737,0,7,0,0
G1_D1,81,0,98,0,0
G1_D1,242,0,394,0,0
B4_D1,7,0,98,0,0
B6_D1,1009,0,103,0,0
B10_D1,155,0,81,0,0
B6_D1,216,0,6,0,0
B6_D1,633,0,493,0,0
B10_D1,86,0,511,0,0
B2_D1,253,0,46,0,0
B10_D1,227,0,2,0,0
B10_D1,442,0,198,0,0
B10_D1,899,0,39,0,0
B10_D1,891,0,252,0,0
B6_D1,1005,0,505,0,0
B6_D1,856,0,210,0,0
B6_D1,845,0,45,0,0
B10_D1,654,0,487,0,0
B10_D1,25,0,64,0,0
B6_D1,898,0,438,0,0
B10_D1,141,0,190,0,0
G1_D1,143,0,107,0,0
B6_D1,674,0,417,0,0
G1_D1,70,0,134,0,0
B2_D1,276,0,295,0,0
B6_D1,141,0,336,0,0
B10_D1,350,0,17,0,0
B8_D1,85,0,227,0,-1
B6_D1,953,0,92,0,0
B6_D1,137,0,372,0,0
B6_D1,882,0,58,0,0
B10_D1,428,0,288,0,0
B10_D1,641,0,50,0,0
B6_D1,206,0,385,0,0
B6_D1,595,0,35,0,0
G1_D1,26,0,68,0,0
B8_D1,159,0,338,0,0
B2_D1,611,0,510,0,0
B6_D1,425,0,463,0,0
B10_D1,328,0,16,0,0
B6_D1,937,0,138,0,0
B6_D1,958,0,412,0,0
B10_D1,941,0,235,0,0
B10_D1,787,0,261,0,0
G1_D1,1021,0,396,0,0
B6_D1,25,0,373,0,0
B6_D1,0,0,224,0,0
B6_D1,817,0,47,0,0
B6_D1,19,0,9,0,0
B4_D1,979,0,54,0,0
B6_D1,724,0,272,0,0
B10_D1,236,0,161,0,0
B10_D1,230,0,253,0,0
B6_D1,787,0,66,0,0
B6_D1,900,0,428,0,0
B6_D1,188,0,23,0,0
B6_D1,981,0,397,0,0
G1_D1,922,0,77,0,0
B2_D1,950,0,44,0,0
B6_D1,683,0,66,0,0
B6_D1,130,0,113,0,0
G1_D1,992,0,121,0,0
B10_D1,529,0,240,0,0
B6_D1,992,0,507,0,0
G1_D1,66,0,143,0,0
B10_D1,573,0,9,0,0
B10_D1,772,0,43,0,0
G1_D1,53,0,70,0,0
B6_D1,84,0,504,0,0
B6_D1,994,0,277,0,0
B4_D1,887,0,119,0,0
B10_D1,505,0,68,0,0
B10_D1,738,0,13,0,0
B10_D1,553,0,29,0,0
B6_D1,945,0,485,0,0
G1_D1,681,0,171,0,0
B10_D1,460,0,412,0,0
B2_D1,802,0,83,0,0
B10_D1,779,0,469,0,0
B2_D1,980,0,70,0,0
G1_D1,316,0,206,0,0
G1_D1,211,0,449,0,0
G1_D1,677,0,37,0,0
B10_D1,1,0,92,0,0
G1_D1,705,0,200,0,0
B6_D1,77,0,492,0,0
B6_D1,884,0,473,0,0
G1_D1,315,0,147,0,0
B6_D1,948,0,488,0,0
B6_D1,136,0,79,0,0
B10_D1,409,0,255,0,0
B10_D1,27,0,229,0,0
G1_D1,76,0,458,0,0
B6_D1,649,0,393,0,0
G1_D1,1000,0,40,0,0
B8_D1,841,0,305,0,0
B10_D1,896,0,310,0,0
G1_D1,162,0,339,0,0
B10_D1,159,0,219,0,0
B2_D1,363,0,494,0,0
B6_D1,391,0,141,0,0
B6_D1,997,0,91,0,0
G1_D1,222,0,267,0,0
B6_D1,227,0,404,0,0
B6_D1,734,0,9,0,0
B6_D1,696,0,21,0,0
G1_D1,380,0,509,0,0
B6_D1,156,0,78,0,0
B10_D1,230,0,337,0,0
B4_D1,846,0,113,0,0
B10_D1,672,0,113,0,0
B2_D1,943,0,20,0,0
B6_D1,164,0,109,0,0
B10_D1,463,0,103,0,0
B6_D1,837,0,128,0,0
B4_D1,2,0,124,0,0
B10_D1,187,0,134,0,0
B6_D1,852,0,270,0,0
B6_D1,870,0,45,0,0
G1_D1,819,0,8,0,0
B8_D1,87,0,185,0,0
B6_D1,809,0,295,0,0
B6_D1,142,0,51,0,0
B2_D1,182,0,240,0,0
B6_D1,886,0,427,0,0
B6_D1,1022,0,232,0,0
B10_D1,599,0,197,0,0
B10_D1,514,0,316,0,0
B6_D1,325,0,428,0,0
B6_D1,177,0,17,0,0
G1_D1,19,0,254,0,0
B10_D1,672,0,266,0,0
B6_D1,911,0,224,0,0
G1_D1,744,0,257,0,0
B10_D1,727,0,121,0,0
B6_D1,226,0,435,0,0
G1_D1,982,0,70,0,0
B6_D1,267,0,7,0,0
G1_D1,829,0,8,0,0
B10_D1,526,0,511,0,0
B6_D1,189,0,332,0,0
B10_D1,151,0,86,0,0
B2_D1,526,0,510,0,0
B10_D1,598,0,341,0,0
B10_D1,314,0,10,0,0
B6_D1,732,0,461,0,0
B6_D1,666,0,112,0,0
B10_D1,783,0,39,0,0
B10_D1,365,0,113,0,0
B6_D1,952,0,60,0,0
B10_D1,522,0,6,0,0
B2_D1,574,0,41,0,0
G1_D1,414,0,10,0,0
B10_D1,1008,0,71,0,0
G1_D1,168,0,64,0,0
G1_D1,529,0,17,0,0
B6_D1,88,0,290,0,0
B6_D1,691,0,377,0,0
B6_D1,93,0,133,0,0
B10_D1,1020,0,469,0,0
B10_D1,570,0,310,0,0
B6_D1,445,0,500,0,0
B6_D1,770,0,50,0,0
B6_D1,731,0,462,0,0
G1_D1,69,0,144,0,0
B10_D1,617,0,135,0,0
B10_D1,512,0,411,0,0
B10_D1,897,0,98,0,0
B10_D1,880,0,504,0,0
B6_D1,298,0,479,0,0
B10_D1,32,0,273,0,0
G1_D1,404,0,130,0,0
B4_D1,389,0,195,0,0
B10_D1,368,0,38,0,0
B4_D1,917,0,72,0,0
G1_D1,590,0,215,0,0
B10_D1,426,0,234,0,0
B4_D1,168,0,2,0,0
B10_D1,763,0,294,0,0
G1_D1,834,0,2,0,0
G1_D1,977,0,28,0,0
B10_D1,431,0,450,0,0
B10_D1,127,0,347,0,0
B10_D1,243,0,79,0,0
B6_D1,528,0,389,0,0
B6_D1,250,0,462,0,0
B6_D1,674,0,330,0,0
G1_D1,31,0,287,0,0
B10_D1,706,0,3,0,0
G1_D1,323,0,243,0,0
B8_D1,827,0,228,0,0
B10_D1,780,0,307,0,0
B4_D1,101,0,87,0,0
B6_D1,946,0,26,0,0
B10_D1,223,0,180,0,0
B8_D1,225,0,340,0,0
G1_D1,1014,0,333,0,0
B2_D1,191,0,277,0,0
B6_D1,805,0,51,0,0
B6_D1,96,0,491,0,0
B6_D1,358,0,480,0,0
B10_D1,413,0,125,0,0
B10_D1,154,0,215,0,0
B10_D1,768,0,418,0,0
B6_D1,991,0,404,0,0
B10_D1,349,0,107,0,0
B6_D1,737,0,2,0,0
B10_D1,351,0,163,0,0
B6_D1,653,0,56,0,0
G1_D1,17,0,176,0,0
B10_D1,43,0,27,0,0
B6_D1,193,0,479,0,0
B10_D1,352,0,31,0,0
B6_D1,771,0,200,0,0
B6_D1,73,0,98,0,0
B10_D1,497,0,429,0,5
G1_D1,751,0,58,0,0
G1_D1,1002,0,171,0,0
B6_D1,540,0,202,0,0
B6_D1,270,0,40,0,0
B10_D1,810,0,178,0,0
B10_D1,427,0,496,0,0
B10_D1,887,0,265,0,0
B4_D1,482,0,246,0,0
G1_D1,992,0,77,0,0
B6_D1,594,0,163,0,0
B2_D1,408,0,110,0,0
B6_D1,736,0,190,0,0
B10_D1,542,0,224,0,0
B6_D1,159,0,39,0,0
B6_D1,184,0,114,0,0
B4_D1,762,0,223,0,0
B10_D1,6,0,78,0,0
B6_D1,874,0,240,0,0
B10_D1,188,0,41,0,0
B6_D1,616,0,106,0,0
B6_D1,639,0,66,0,0
G1_D1,309,0,242,0,0
B10_D1,401,0,465,0,0
B6_D1,572,0,305,0,0
G1_D1,467,0,483,0,0
B6_D1,113,0,508,0,0
B10_D1,209,0,31,0,0
B6_D1,1007,0,492,0,0
B6_D1,555,0,45,0,0
B10_D1,16,0,47,0,0
B6_D1,542,0,346,0,0
B4_D1,23,0,17,0,0
B6_D1,644,0,494,0,0
B2_D1,887,0,1,0,0
B6_D1,26,0,501,0,0
B4_D1,974,0,44,0,0
B10_D1,937,0,255,0,0
B10_D1,867,0,225,0,0
B10_D1,521,0,72,0,0
B10_D1,336,0,24,0,0
B6_D1,330,0,490,0,0
G1_D1,679,0,199,0,0
B8_D1,659,0,180,0,0
B6_D1,1011,0,501,0,0
B10_D1,352,0,340,0,0
B6_D1,459,0,484,0,0
B6_D1,250,0,194,0,0
B10_D1,695,0,399,0,0
G1_D1,171,0,52,0,0
B10_D1,487,0,143,0,0
B6_D1,320,0,140,0,0
B10_D1,422,0,237,0,0
B10_D1,600,0,296,0,0
B6_D1,43,0,38,0,0
G1_D1,360,0,20,0,0
B6_D1,445,0,381,0,0
B10_D1,1019,0,468,0,0
B2_D1,754,0,67,0,0
B6_D1,650,0,344,0,0
B6_D1,698,0,379,0,0
B6_D1,180,0,10,0,0
B6_D1,959,0,251,0,0
G1_D1,138,0,375,0,0
G1_D1,31,0,28,0,0
G1_D1,27,0,228,0,0
B10_D1,404,0,61,0,0
B6_D1,346,0,36,0,0
B6_D1,49,0,199,0,0
B10_D1,30,0,183,0,0
G1_D1,584,0,4,0,0
B6_D1,943,0,508,0,0
B10_D1,679,0,413,0,0
G1_D1,9,0,368,0,0
G1_D1,743,0,89,0,0
B6_D1,798,0,391,0,0
B10_D1,823,0,1,0,0
B10_D1,206,0,242,0,0
B10_D1,507,0,298,0,0
B6_D1,810,0,10,0,0
B6_D1,628,0,277,0,0
B6_D1,970,0,5,0,0
B6_D1,346,0,31,0,0
B6_D1,310,0,25,0,0
B6_D1,403,0,498,0,0
G1_D1,672,0,472,0,0
G1_D1,639,0,20,0,0
B10_D1,448,0,162,0,0
B10_D1,706,0,402,0,0
B6_D1,947,0,276,0,0
B4_D1,56,0,20,0,0
B10_D1,796,0,86,0,0
G1_D1,190,0,504,0,0
B10_D1,286,0,332,0,0
B4_D1,510,0,282,0,0
B10_D1,87,0,127,0,0
B10_D1,708,0,245,0,0
B10_D1,160,0,248,0,0
B4_D1,722,0,60,0,0
B10_D1,211,0,33,0,0
B6_D1,24,0,227,0,0
B6_D1,849,0,484,0,0
B6_D1,388,0,8,0,0
G1_D1,28,0,227,0,0
B10_D1,492,0,411,0,0
B6_D1,219,0,95,0,0
B10_D1,22,0,184,0,0
B10_D1,884,0,209,0,0
B6_D1,720,0,0,0,0
B10_D1,175,0,229,0,0
B2_D1,149,0,280,0,0
B6_D1,934,0,4,0,0
G1_D1,664,0,17,0,0
B2_D1,863,0,49,0,0
B6_D1,587,0,507,0,0
B10_D1,475,0,58,0,0
B6_D1,615,0,375,0,0
G1_D1,224,0,16,0,0
G1_D1,651,0,443,0,0
G1_D1,31,0,21,0,0
B6_D1,920,0,0,0,0
B10_D1,723,0,472,0,0
B6_D1,1019,0,416,0,0
B6_D1,803,0,134,0,0
G1_D1,504,0,111,0,0
G1_D1,552,0,149,0,0
G1_D1,206,0,237,0,0
B8_D1,517,0,292,0,0
G1_D1,553,0,24,0,0
B6_D1,612,0,205,0,0
B2_D1,863,0,82,0,0
B6_D1,826,0,48,0,0
B6_D1,811,0,81,0,0
G1_D1,173,0,163,0,0
G1_D1,250,0,407,0,-1
B2_D1,599,0,511,0,0
B6_D1,460,0,97,0,0
B6_D1,892,0,237,0,0
B6_D1,410,0,495,0,0
B10_D1,371,0,156,0,0
B2_D1,311,0,489,0,0
B6_D1,980,0,495,0,0
G1_D1,107,0,113,0,0
B4_D1,574,0,147,0,0
B10_D1,684,0,281,0,0
G1_D1,974,0,80,0,0
B10_D1,460,0,262,0,0
B6_D1,526,0,245,0,0
B4_D1,226,0,351,0,0
B6_D1,767,0,318,0,0
B6_D1,549,0,160,0,0
G1_D1,150,0,412,0,0
B6_D1,456,0,389,0,0
B10_D1,219,0,44,0,0
B6_D1,213,0,38,0,0
B6_D1,238,0,334,0,0
B8_D1,1023,0,433,0,0
B6_D1,857,0,155,0,0
B6_D1,64,0,284,0,0
B10_D1,856,0,330,0,0
B2_D1,707,0,60,0,0
G1_D1,376,0,58,0,0
G1_D1,836,0,271,0,0
B10_D1,691,0,5,0,0
G1_D1,929,0,2,0,0
G1_D1,35,0,203,0,0
G1_D1,8,0,53,0,0
B2_D1,4,0,230,0,0
G1_D1,710,0,305,0,0
B10_D1,867,0,270,0,0
B4_D1,246,0,153,0,0
B6_D1,398,0,13,0,0
B6_D1,5,0,311,0,0
B6_D1,118,0,488,0,0
B6_D1,563,0,124,0,0
B6_D1,849,0,133,0,0
B6_D1,778,0,23,0,0
B2_D1,446,0,501,0,0
B10_D1,684,0,15,0,0
B2_D1,428,0,375,0,0
B6_D1,493,0,369,0,0
B6_D1,766,0,54,0,0
G1_D1,478,0,43,0,0
G1_D1,139,0,264,0,0
B6_D1,786,0,93,0,0
B10_D1,115,0,33,0,0
B2_D1,496,0,39,0,0
B10_D1,678,0,300,0,0
G1_D1,773,0,117,0,0
B6_D1,935,0,505,0,0
B10_D1,813,0,408,0,0
B10_D1,282,0,137,0,0
B10_D1,208,0,274,0,0
B6_D1,189,0,382,0,0
G1_D1,1012,0,210,0,0
G1_D1,874,0,17,0,0
G1_D1,484,0,11,0,0
G1_D1,155,0,79,0,0
G1_D1,906,0,247,0,0
G1_D1,589,0,195,0,0
B10_D1,167,0,440,0,0
B10_D1,280,0,345,0,0
B10_D1,191,0,35,0,0
B4_D1,71,0,200,0,0
B10_D1,601,0,228,0,0
B6_D1,339,0,84,0,0
B10_D1,608,0,129,0,0
G1_D1,543,0,257,0,0
B10_D1,64,0,309,0,0
B4_D1,791,0,262,0,0
B2_D1,781,0,80,0,0
B6_D1,787,0,118,0,0
G1_D1,515,0,270,0,0
B10_D1,691,0,36,0,0
B6_D1,674,0,484,0,0
B6_D1,81,0,86,0,0
B10_D1,450,0,128,0,0
B10_D1,1000,0,5,0,0
B6_D1,902,0,138,0,0
B6_D1,792,0,156,0,0
B10_D1,169,0,380,0,0
G1_D1,968,0,207,0,0
G1_D1,666,0,118,0,0
B10_D1,855,0,195,0,0
B6_D1,903,0,320,0,0
B10_D1,759,0,2,0,0
B2_D1,346,0,161,0,0
G1_D1,591,0,71,0,0
G1_D1,318,0,41,0,0
G1_D1,253,0,493,0,0
B6_D1,992,0,482,0,0
G1_D1,199,0,75,0,0
B2_D1,591,0,98,0,0
B6_D1,367,0,440,0,2
B2_D1,722,0,454,0,0
G1_D1,233,0,151,0,0
B10_D1,720,0,471,0,0
B4_D1,513,0,241,0,0
B6_D1,159,0,193,0,0
B10_D1,15,0,80,0,0
B6_D1,257,0,170,0,0
G1_D1,374,0,300,0,0
B6_D1,758,0,404,0,0
B6_D1,910,0,197,0,-1
B10_D1,838,0,285,0,0
B6_D1,915,0,212,0,0
G1_D1,285,0,22,0,0
B6_D1,915,0,398,0,0
B6_D1,276,0,151,0,0
B10_D1,587,0,309,0,0
B6_D1,939,0,397,0,0
B10_D1,1021,0,141,0,0
B10_D1,568,0,89,0,0
G1_D1,660,0,45,0,0
B6_D1,757,0,149,0,0
B6_D1,566,0,501,0,0
B6_D1,756,0,184,0,0
B10_D1,476,0,63,0,0
B10_D1,377,0,263,0,0
B10_D1,421,0,511,0,0
G1_D1,1015,0,224,0,0
B10_D1,258,0,413,0,0
B6_D1,987,0,169,0,0
B10_D1,16,0,234,0,0
B6_D1,954,0,4,0,0
B6_D1,57,0,180,0,0
B10_D1,414,0,133,0,0
B6_D1,615,0,347,0,0
B10_D1,521,0,137,0,0
B6_D1,687,0,160,0,0
G1_D1,203,0,31,0,0
B6_D1,489,0,63,0,0
G1_D1,933,0,302,0,0
B8_D1,155,0,337,0,0
B6_D1,800,0,89,0,0
G1_D1,101,0,15,0,0
B6_D1,387,0,32,0,0
B6_D1,34,0,84,0,0
B6_D1,393,0,33,0,0
B6_D1,896,0,501,0,0
G1_D1,754,0,384,0,-1
B10_D1,344,0,183,0,0
B6_D1,823,0,73,0,0
B6_D1,783,0,243,0,0
B6_D1,73,0,508,0,0
B6_D1,42,0,497,0,0
B10_D1,340,0,212,0,0
B10_D1,160,0,167,0,0
B4_D1,278,0,242,0,0
B10_D1,244,0,341,0,0
B6_D1,930,0,226,0,0
B8_D1,470,0,293,0,0
B6_D1,1020,0,480,0,0
B10_D1,21,0,325,0,0
B2_D1,316,0,120,0,0
B4_D1,806,0,173,0,0
B2_D1,107,0,200,0,0
B6_D1,536,0,511,0,0
B10_D1,392,0,80,0,0
B6_D1,402,0,32,0,0
B6_D1,514,0,504,0,0
G1_D1,248,0,282,0,0
B10_D1,686,0,1,0,0
B8_D1,639,0,306,0,0
B2_D1,608,0,223,0,0
G1_D1,697,0,274,0,0
B6_D1,278,0,483,0,0
B6_D1,187,0,233,0,0
B10_D1,334,0,93,0,0
B6_D1,160,0,127,0,0
B10_D1,614,0,295,0,0
B8_D1,224,0,94,0,0
G1_D1,989,0,134,0,0
B6_D1,699,0,499,0,0
B6_D1,960,0,221,0,0
B10_D1,448,0,4,0,0
B2_D1,423,0,485,0,0
B6_D1,224,0,282,0,0
B6_D1,1010,0,510,0,0
B6_D1,870,0,464,0,0
B2_D1,583,0,117,0,0
B6_D1,206,0,478,0,0
B6_D1,189,0,472,0,0
B10_D1,61,0,142,0,0
B2_D1,504,0,163,0,0
B10_D1,186,0,220,0,0
B6_D1,73,0,13,0,0
B10_D1,621,0,155,0,0
B6_D1,878,0,8,0,0
B6_D1,530,0,15,0,0
B6_D1,803,0,493,0,0
G1_D1,916,0,293,0,0
B6_D1,421,0,36,0,0
B6_D1,722,0,374,0,0
G1_D1,367,0,479,0,0
B6_D1,741,0,185,0,0
B10_D1,587,0,331,0,0
B6_D1,596,0,486,0,0
G1_D1,1008,0,118,0,0
B6_D1,112,0,324,0,0
B2_D1,955,0,258,0,0
B10_D1,282,0,11,0,0
B10_D1,916,0,258,0,0
B8_D1,1022,0,436,0,0
B10_D1,47,0,276,0,0
B10_D1,441,0,210,0,0
B6_D1,796,0,36,0,0
B6_D1,789,0,9,0,0
B6_D1,980,0,181,0,0
B6_D1,79,0,499,0,0
B6_D1,554,0,262,0,0
B6_D1,16,0,394,0,0
B6_D1,449,0,158,0,0
B6_D1,796,0,385,0,0
G1_D1,757,0,155,0,0
G1_D1,981,0,62,0,0
B10_D1,23,0,192,0,0
G1_D1,846,0,315,0,0
B10_D1,345,0,47,0,0
B10_D1,834,0,47,0,0
B6_D1,725,0,255,0,0
B6_D1,309,0,418,0,0
B4_D1,557,0,198,0,0
B6_D1,2,0,351,0,0
B10_D1,276,0,0,0,0
B6_D1,406,0,273,0,0
B6_D1,494,0,24,0,0
G1_D1,761,0,250,0,0
B10_D1,838,0,352,0,0
B2_D1,778,0,223,0,0
B10_D1,715,0,104,0,0
G1_D1,778,0,94,0,0
B10_D1,8,0,318,0,0
G1_D1,252,0,39,0,0
B4_D1,1,0,397,0,0
B6_D1,109,0,322,0,0
G1_D1,601,0,142,0,0
B10_D1,270,0,248,0,0
B10_D1,1007,0,51,0,0
B6_D1,253,0,338,0,0
B10_D1,104,0,280,0,0
B6_D1,882,0,267,0,0
B2_D1,745,0,470,0,0
B2_D1,375,0,14,0,0
B6_D1,404,0,24,0,0
B10_D1,436,0,511,0,0
G1_D1,947,0,36,0,0
B2_D1,725,0,72,0,0
B6_D1,912,0,27,0,0
B4_D1,722,0,139,0,0
B6_D1,1001,0,21,0,0
B10_D1,678,0,18,0,0
B6_D1,931,0,486,0,0
B4_D1,126,0,130,0,0
B10_D1,296,0,147,0,0
B4_D1,93,0,17,0,0
B6_D1,76,0,486,0,0
B6_D1,873,0,298,0,0
G1_D1,669,0,312,0,0
B10_D1,819,0,35,0,0
G1_D1,173,0,168,0,0
B6_D1,892,0,431,0,0
G1_D1,706,0,44,0,0
B10_D1,512,0,406,0,0
B10_D1,169,0,28,0,0
B10_D1,382,0,503,0,0
B6_D1,742,0,332,0,0
B10_D1,531,0,19,0,0
B6_D1,28,0,493,0,0
B6_D1,329,0,223,0,0
G1_D1,841,0,45,0,0
B10_D1,133,0,312,0,0
B2_D1,323,0,200,0,0
B6_D1,375,0,5,0,0
B4_D1,729,0,135,0,0
B10_D1,98,0,299,0,0
B2_D1,830,0,365,0,0
B10_D1,111,0,158,0,0
G1_D1,158,0,117,0,0
B4_D1,168,0,18,0,0
B6_D1,178,0,13,0,0
G1_D1,338,0,405,0,0
B6_D1,694,0,453,0,0
B10_D1,187,0,256,0,0
G1_D1,344,0,2,0,0
G1_D1,365,0,0,0,0
B2_D1,356,0,176,0,0
B6_D1,955,0,398,0,0
G1_D1,11,0,101,0,0
B6_D1,363,0,349,0,0
G1_D1,846,0,80,0,0
B2_D1,831,0,366,0,0
B10_D1,653,0,272,0,0
B6_D1,128,0,94,0,0
B10_D1,431,0,250,0,0
B6_D1,219,0,9,0,0
G1_D1,59,0,162,0,0
B6_D1,166,0,486,0,0
B6_D1,894,0,101,0,0
B10_D1,875,0,38,0,0
B10_D1,582,0,506,0,0
G1_D1,194,0,8,0,0
G1_D1,1018,0,505,0,0
B6_D1,829,0,359,0,0
B4_D1,815,0,43,0,0
B6_D1,117,0,202,0,0
B6_D1,906,0,501,0,0
B6_D1,812,0,260,0,0
G1_D1,316,0,60,0,0
B6_D1,97,0,267,0,0
B10_D1,781,0,81,0,0
G1_D1,953,0,157,0,0
B6_D1,4,0,123,0,0
B6_D1,6,0,153,0,0
B8_D1,85,0,188,0,0
B6_D1,831,0,215,0,0
B6_D1,884,0,163,0,0
B6_D1,139,0,504,0,0
G1_D1,76,0,45,0,0
G1_D1,481,0,243,0,0
B6_D1,66,0,26,0,0
B6_D1,471,0,46,0,0
B4_D1,283,0,262,0,0
B6_D1,474,0,134,0,0
B2_D1,667,0,225,0,0
B6_D1,221,0,511,0,0
B10_D1,631,0,466,0,0
G1_D1,99,0,9,0,0
B10_D1,452,0,457,0,0
B10_D1,791,0,240,0,0
B2_D1,197,0,217,0,0
G1_D1,56,0,499,0,0
B4_D1,1023,0,30,0,0
G1_D1,921,0,437,0,0
B10_D1,691,0,20,0,0
G1_D1,428,0,92,0,0
B4_D1,589,0,208,0,0
B6_D1,127,0,475,0,0
B4_D1,1001,0,211,0,0
G1_D1,289,0,36,0,0
B6_D1,589,0,504,0,0
B10_D1,197,0,21,0,0
B10_D1,646,0,158,0,0
B6_D1,559,0,348,0,0
B4_D1,145,0,6,0,0
B10_D1,362,0,272,0,0
B10_D1,98,0,134,0,0
B6_D1,807,0,213,0,0
B6_D1,732,0,287,0,0
B6_D1,756,0,102,0,0
B6_D1,693,0,202,0,0
G1_D1,394,0,16,0,0
B2_D1,393,0,508,0,0
G1_D1,853,0,177,0,0
G1_D1,644,0,3,0,0
B6_D1,172,0,17,0,0
B10_D1,578,0,4,0,0
B10_D1,836,0,271,0,0
B8_D1,8,0,316,0,0
B10_D1,167,0,55,0,0
B6_D1,854,0,196,0,0
B2_D1,559,0,362,0,0
B6_D1,1000,0,304,0,0
B4_D1,451,0,241,0,0
B10_D1,634,0,65,0,0
B4_D1,977,0,217,0,0
B10_D1,767,0,416,0,0
B6_D1,707,0,399,0,0
G1_D1,107,0,18,0,0
B6_D1,130,0,170,0,0
G1_D1,72,0,147,0,0
G1_D1,561,0,240,0,0
G1_D1,987,0,70,0,0
B6_D1,655,0,55,0,0
B6_D1,794,0,78,0,0
G1_D1,624,0,117,0,0
B6_D1,205,0,197,0,0
B10_D1,387,0,272,0,0
B6_D1,706,0,11,0,0
G1_D1,755,0,268,0,0
B10_D1,514,0,314,0,0
B2_D1,285,0,492,0,0
B6_D1,84,0,14,0,0
B6_D1,614,0,494,0,0
G1_D1,617,0,277,0,0
B6_D1,95,0,368,0,0
B6_D1,1001,0,80,0,0
G1_D1,29,0,79,0,0
B10_D1,587,0,287,0,0
B6_D1,561,0,1,0,0
B10_D1,798,0,395,0,0
B6_D1,151,0,207,0,0
B10_D1,721,0,467,0,0
G1_D1,918,0,309,0,0
B4_D1,102,0,450,0,0
B6_D1,916,0,66,0,0
G1_D1,250,0,79,0,0
G1_D1,755,0,45,0,0
B2_D1,585,0,222,0,0
B2_D1,629,0,149,0,0
G1_D1,1020,0,98,0,0
G1_D1,1012,0,100,0,0
B10_D1,218,0,29,0,0
B6_D1,759,0,430,0,0
B10_D1,6,0,282,0,0
B4_D1,17,0,128,0,0
B10_D1,625,0,39,0,0
B6_D1,685,0,421,0,0
G1_D1,554,0,464,0,0
B4_D1,566,0,17,0,0
B10_D1,261,0,355,0,0
B6_D1,632,0,61,0,0
B10_D1,494,0,248,0,0
B6_D1,727,0,382,0,0
B6_D1,251,0,501,0,0
B4_D1,6,0,97,0,0
G1_D1,253,0,351,0,0
B6_D1,125,0,84,0,0
B10_D1,926,0,444,0,0
B10_D1,493,0,297,0,0
G1_D1,694,0,281,0,0
B4_D1,865,0,107,0,0
B2_D1,719,0,43,0,0
B6_D1,195,0,419,0,-1
B10_D1,529,0,9,0,0
G1_D1,849,0,422,0,0
B6_D1,232,0,165,0,0
B6_D1,314,0,290,0,0
B4_D1,6,0,19,0,0
B6_D1,940,0,49,0,0
B4_D1,637,0,334,0,0
G1_D1,33,0,270,0,0
B10_D1,938,0,364,0,0
B6_D1,228,0,148,0,0
B6_D1,965,0,419,0,0
B6_D1,848,0,481,0,0
G1_D1,115,0,199,0,0
B10_D1,177,0,111,0,0
G1_D1,755,0,21,0,0
B10_D1,634,0,296,0,0
B6_D1,77,0,130,0,0
B10_D1,583,0,183,0,0
B2_D1,83,0,74,0,0
B2_D1,543,0,480,0,0
B10_D1,815,0,58,0,0
B10_D1,267,0,270,0,0
B6_D1,867,0,37,0,0
B10_D1,32,0,51,0,0
G1_D1,303,0,141,0,0
B6_D1,821,0,64,0,0
B4_D1,614,0,298,0,0
G1_D1,155,0,236,0,0
G1_D1,13,0,84,0,0
B10_D1,524,0,131,0,0
B6_D1,306,0,134,0,0
B6_D1,985,0,30,0,0
G1_D1,459,0,16,0,0
B10_D1,233,0,172,0,0
G1_D1,684,0,129,0,0
B10_D1,96,0,295,0,0
B6_D1,127,0,272,0,0
B10_D1,267,0,346,0,0
B10_D1,977,0,65,0,0
B10_D1,14,0,21,0,0
B10_D1,446,0,138,0,0
B10_D1,302,0,202,0,0
B6_D1,516,0,36,0,0
B2_D1,601,0,96,0,0
G1_D1,470,0,115,0,0
B6_D1,368,0,275,0,0
B10_D1,313,0,139,0,0
B2_D1,737,0,225,0,0
B6_D1,380,0,72,0,0
B6_D1,800,0,108,0,0
B2_D1,266,0,297,0,0
B10_D1,554,0,288,0,0
G1_D1,69,0,6,0,0
B6_D1,126,0,326,0,0
G1_D1,136,0,210,0,0
B6_D1,87,0,449,0,0
B6_D1,442,0,497,0,0
G1_D1,932,0,243,0,0
B10_D1,828,0,182,0,0
B10_D1,109,0,308,0,0
B10_D1,501,0,229,0,0
B4_D1,5,0,392,0,0
B6_D1,751,0,501,0,0
B6_D1,759,0,499,0,0
B2_D1,390,0,14,0,0
B6_D1,745,0,295,0,0
G1_D1,716,0,46,0,0
B6_D1,601,0,1,0,0
B10_D1,528,0,62,0,0
B4_D1,126,0,87,0,0
B6_D1,41,0,90,0,0
B6_D1,579,0,484,0,0
G1_D1,716,0,311,0,0
G1_D1,1016,0,55,0,0
B10_D1,597,0,348,0,0
B2_D1,841,0,12,0,0
B6_D1,524,0,266,0,0
B6_D1,691,0,378,0,0
B10_D1,926,0,310,0,0
G1_D1,90,0,360,0,0
B6_D1,633,0,427,0,0
G1_D1,349,0,4,0,0
G1_D1,42,0,17,0,0
B4_D1,455,0,103,0,0
B10_D1,599,0,454,0,9
B10_D1,723,0,262,0,0
G1_D1,981,0,74,0,0
B6_D1,663,0,407,0,0
G1_D1,245,0,22,0,0
B4_D1,87,0,131,0,0
G1_D1,355,0,287,0,0
B6_D1,175,0,510,0,0
B6_D1,462,0,22,0,0
B10_D1,233,0,394,0,0
B2_D1,489,0,487,0,0
B6_D1,134,0,408,0,0
B6_D1,228,0,372,0,0
B10_D1,225,0,184,0,0
B6_D1,127,0,497,0,0
B10_D1,317,0,335,0,0
B10_D1,716,0,283,0,0
B10_D1,104,0,84,0,0
B4_D1,193,0,27,0,0
B6_D1,575,0,490,0,0
B4_D1,198,0,137,0,0
B6_D1,658,0,306,0,0
G1_D1,252,0,284,0,0
B6_D1,967,0,298,0,0
B6_D1,291,0,78,0,0
B10_D1,748,0,357,0,0
G1_D1,193,0,275,0,0
G1_D1,972,0,56,0,0
G1_D1,920,0,443,0,0
B4_D1,736,0,252,0,0
G1_D1,82,0,400,0,0
B2_D1,347,0,202,0,0
B10_D1,61,0,98,0,0
B10_D1,26,0,82,0,0
B10_D1,110,0,45,0,0
B2_D1,854,0,240,0,0
G1_D1,99,0,276,0,0
G1_D1,265,0,330,0,0
G1_D1,24,0,111,0,0
B4_D1,949,0,244,0,0
B4_D1,245,0,277,0,0
B10_D1,679,0,28,0,0
B6_D1,958,0,248,0,0
B10_D1,759,0,114,0,0
B10_D1,600,0,13,0,0
B6_D1,417,0,382,0,0
B10_D1,139,0,88,0,0
G1_D1,177,0,17,0,0
B10_D1,101,0,305,0,0
B2_D1,842,0,239,0,0
B4_D1,761,0,193,0,0
B10_D1,376,0,257,0,0
B6_D1,404,0,386,0,0
B6_D1,133,0,273,0,0
G1_D1,890,0,464,0,0
B10_D1,295,0,329,0,0
G1_D1,932,0,388,0,0
B6_D1,727,0,238,0,0
B6_D1,324,0,205,0,0
B6_D1,979,0,301,0,0
B2_D1,801,0,510,0,0
B10_D1,861,0,374,0,0
B6_D1,918,0,120,0,0
B10_D1,1,0,82,0,0
B6_D1,324,0,44,0,0
B6_D1,872,0,92,0,0
B6_D1,1000,0,25,0,0
B10_D1,989,0,4,0,0
B6_D1,89,0,359,0,0
B10_D1,129,0,165,0,0
B6_D1,954,0,227,0,0
G1_D1,955,0,293,0,0
G1_D1,342,0,361,0,0
B6_D1,888,0,445,0,0
B10_D1,426,0,73,0,0
B10_D1,750,0,123,0,0
B10_D1,455,0,240,0,0
B4_D1,7,0,123,0,0
B2_D1,150,0,50,0,0
B10_D1,56,0,200,0,0
B6_D1,66,0,135,0,0
B6_D1,697,0,282,0,0
G1_D1,995,0,241,0,0
B6_D1,2,0,191,0,0
B6_D1,373,0,28,0,0
B4_D1,618,0,218,0,0
B10_D1,475,0,229,0,0
B4_D1,727,0,90,0,0
B10_D1,547,0,90,0,0
B4_D1,959,0,250,0,0
B6_D1,672,0,47,0,0
B6_D1,609,0,391,0,-1
B8_D1,664,0,309,0,0
B6_D1,626,0,346,0,0
B10_D1,408,0,444,0,0
B6_D1,176,0,325,0,-1
B10_D1,18,0,171,0,0
B6_D1,881,0,1,0,0
B6_D1,340,0,168,0,0
B10_D1,56,0,259,0,0
B2_D1,610,0,46,0,0
B6_D1,117,0,195,0,0
B8_D1,454,0,287,0,0
B6_D1,957,0,145,0,0
B6_D1,893,0,445,0,0
B6_D1,140,0,215,0,0
B10_D1,510,0,409,0,0
B2_D1,480,0,125,0,0
B10_D1,789,0,99,0,0
B6_D1,775,0,303,0,0
B10_D1,764,0,324,0,0
G1_D1,812,0,258,0,0
B6_D1,761,0,314,0,0
B6_D1,735,0,275,0,0
B4_D1,787,0,243,0,0
G1_D1,430,0,102,0,0
B10_D1,248,0,66,0,0
B10_D1,911,0,81,0,0
B10_D1,720,0,314,0,0
B8_D1,965,0,240,0,0
B6_D1,678,0,343,0,0
B4_D1,3,0,75,0,0
G1_D1,1014,0,497,0,0
B6_D1,728,0,154,0,0
B6_D1,500,0,393,0,-1
B6_D1,858,0,189,0,0
B10_D1,412,0,464,0,0
B6_D1,282,0,318,0,0
G1_D1,222,0,53,0,0
B6_D1,447,0,285,0,0
B6_D1,426,0,41,0,0
B6_D1,243,0,8,0,0
B6_D1,623,0,242,0,0
B10_D1,669,0,166,0,0
B4_D1,716,0,61,0,0
B2_D1,604,0,149,0,0
B10_D1,808,0,48,0,0
B10_D1,927,0,443,0,0
B10_D1,891,0,81,0,0
G1_D1,841,0,315,0,0
B10_D1,844,0,4,0,0
B6_D1,545,0,510,0,0
B10_D1,342,0,28,0,0
G1_D1,749,0,54,0,0
B6_D1,760,0,158,0,0
B10_D1,119,0,226,0,0
B6_D1,92,0,280,0,0
G1_D1,546,0,141,0,0
B10_D1,646,0,280,0,0
B10_D1,459,0,477,0,0
B6_D1,974,0,39,0,0
B6_D1,699,0,460,0,0
B10_D1,472,0,59,0,0
B6_D1,641,0,36,0,0
G1_D1,490,0,144,0,0
G1_D1,909,0,8,0,0
B2_D1,342,0,25,0,0
B6_D1,856,0,41,0,0
B6_D1,631,0,506,0,0
B10_D1,90,0,130,0,0
B10_D1,736,0,253,0,0
B6_D1,727,0,299,0,0
B8_D1,81,0,144,0,0
B6_D1,31,0,254,0,0
B6_D1,890,0,392,0,0
B6_D1,774,0,207,0,0
B10_D1,471,0,160,0,0
B10_D1,684,0,443,0,0
B2_D1,187,0,51,0,0
G1_D1,649,0,7,0,0
B4_D1,974,0,210,0,0
B2_D1,536,0,39,0,0
B4_D1,494,0,225,0,0
B6_D1,1,0,41,0,0
B10_D1,150,0,218,0,0
G1_D1,646,0,465,0,0
B6_D1,92,0,492,0,0
B2_D1,128,0,12,0,0
G1_D1,788,0,389,0,0
B4_D1,177,0,2,0,0
B6_D1,177,0,502,0,0
B4_D1,22,0,144,0,0
B2_D1,582,0,454,0,9
B10_D1,113,0,268,0,0
B6_D1,758,0,61,0,0
B6_D1,353,0,143,0,0
B4_D1,780,0,195,0,0
B4_D1,497,0,432,0,5
B2_D1,732,0,54,0,0
G1_D1,1016,0,261,0,0
B10_D1,510,0,60,0,0
B6_D1,756,0,242,0,0
B6_D1,233,0,8,0,0
B10_D1,440,0,37,0,0
B10_D1,645,0,457,0,0
B2_D1,197,0,149,0,0
B6_D1,671,0,36,0,0
G1_D1,284,0,60,0,0
B6_D1,205,0,0,0,0
B2_D1,130,0,208,0,0
B10_D1,239,0,218,0,0
B6_D1,15,0,318,0,0
B10_D1,435,0,17,0,0
B6_D1,524,0,316,0,0
B6_D1,623,0,493,0,0
B6_D1,780,0,15,0,0
B6_D1,833,0,329,0,0
B10_D1,193,0,66,0,0
G1_D1,729,0,427,0,0
B6_D1,424,0,333,0,0
G1_D1,718,0,469,0,0
B10_D1,768,0,427,0,0
B6_D1,388,0,49,0,0
B4_D1,111,0,19,0,0
B6_D1,959,0,408,0,0
G1_D1,944,0,283,0,0
G1_D1,27,0,252,0,0
B6_D1,413,0,493,0,0
B6_D1,705,0,109,0,0
B10_D1,318,0,240,0,0
B6_D1,93,0,498,0,0
B4_D1,400,0,227,0,0
B10_D1,473,0,76,0,0
G1_D1,887,0,50,0,0
B6_D1,229,0,29,0,0
B10_D1,150,0,7,0,0
G1_D1,104,0,279,0,0
B6_D1,925,0,398,0,0
B10_D1,876,0,462,0,0
B6_D1,51,0,200,0,0
B10_D1,7,0,284,0,0
B10_D1,845,0,91,0,0
B10_D1,147,0,288,0,0
B6_D1,742,0,17,0,0
G1_D1,1015,0,499,0,0
G1_D1,591,0,220,0,0
G1_D1,986,0,144,0,0
G1_D1,72,0,351,0,-1
B6_D1,810,0,104,0,0
G1_D1,856,0,31,0,0
B10_D1,68,0,41,0,0
B2_D1,302,0,496,0,0
B10_D1,523,0,162,0,0
B8_D1,113,0,136,0,0
B6_D1,810,0,112,0,0
B6_D1,523,0,508,0,0
G1_D1,506,0,144,0,0
B6_D1,112,0,32,0,0
B6_D1,760,0,5,0,0
B2_D1,168,0,410,0,0
B6_D1,299,0,335,0,0
B6_D1,160,0,197,0,0
B10_D1,352,0,96,0,0
B6_D1,746,0,291,0,0
B2_D1,873,0,26,0,0
G1_D1,651,0,100,0,0
B6_D1,247,0,54,0,0
G1_D1,732,0,376,0,0
B10_D1,182,0,56,0,0
G1_D1,667,0,261,0,0
B6_D1,573,0,387,0,0
G1_D1,174,0,6,0,0
B10_D1,547,0,158,0,0
B10_D1,85,0,312,0,0
B10_D1,184,0,13,0,0
B10_D1,214,0,336,0,0
G1_D1,192,0,108,0,0
B10_D1,472,0,500,0,0
G1_D1,786,0,213,0,0
G1_D1,371,0,228,0,0
B10_D1,522,0,244,0,0
G1_D1,576,0,243,0,0
B4_D1,705,0,195,0,0
B6_D1,708,0,57,0,0
B2_D1,815,0,72,0,0
B6_D1,605,0,500,0,0
B10_D1,251,0,230,0,0
G1_D1,61,0,343,0,0
G1_D1,659,0,155,0,0
G1_D1,953,0,210,0,0
G1_D1,1021,0,54,0,0
B10_D1,588,0,341,0,0
B6_D1,803,0,508,0,0
G1_D1,24,0,5,0,0
B10_D1,602,0,292,0,0
B10_D1,331,0,3,0,0
B6_D1,459,0,44,0,0
G1_D1,770,0,105,0,0
B10_D1,377,0,118,0,0
G1_D1,902,0,28,0,0
G1_D1,106,0,129,0,0
B6_D1,262,0,189,0,0
B10_D1,839,0,404,0,0
B6_D1,0,0,215,0,0
G1_D1,855,0,270,0,0
B2_D1,177,0,102,0,0
B6_D1,226,0,53,0,0
B10_D1,524,0,80,0,0
G1_D1,705,0,273,0,0
B6_D1,627,0,7,0,0
B6_D1,210,0,162,0,0
B8_D1,56,0,327,0,0
B6_D1,615,0,20,0,0
B6_D1,624,0,163,0,0
G1_D1,12,0,250,0,0
G1_D1,675,0,259,0,0
B6_D1,98,0,133,0,0
B6_D1,299,0,484,0,0
B6_D1,1020,0,485,0,0
G1_D1,769,0,304,0,0
B6_D1,172,0,362,0,0
B6_D1,982,0,295,0,0
G1_D1,754,0,164,0,0
B6_D1,793,0,187,0,0
B10_D1,113,0,426,0,0
B10_D1,469,0,157,0,0
G1_D1,788,0,201,0,0
B6_D1,1003,0,38,0,0
B10_D1,109,0,56,0,0
G1_D1,729,0,429,0,0
G1_D1,632,0,238,0,0
B10_D1,264,0,140,0,0
B10_D1,510,0,161,0,0
B10_D1,629,0,510,0,0
B4_D1,581,0,303,0,0
B6_D1,404,0,298,0,0
B6_D1,590,0,20,0,0
G1_D1,8,0,270,0,0
B10_D1,94,0,13,0,0
B4_D1,936,0,288,0,0
B6_D1,728,0,148,0,0
B10_D1,177,0,201,0,0
B10_D1,383,0,484,0,0
B10_D1,876,0,29,0,0
B6_D1,534,0,391,0,0
B6_D1,874,0,75,0,0
G1_D1,382,0,241,0,0
B10_D1,965,0,6,0,0
B10_D1,585,0,98,0,0
B6_D1,64,0,504,0,0
B6_D1,593,0,188,0,0
B6_D1,900,0,0,0,0
G1_D1,148,0,306,0,0
B4_D1,237,0,133,0,0
B6_D1,596,0,266,0,0
B10_D1,773,0,87,0,0
B6_D1,240,0,500,0,0
G1_D1,894,0,10,0,0
B6_D1,723,0,289,0,0
B6_D1,300,0,383,0,-1
B4_D1,445,0,288,0,0
B6_D1,964,0,407,0,0
B6_D1,49,0,24,0,0
B10_D1,774,0,98,0,0
G1_D1,255,0,24,0,0
B4_D1,212,0,236,0,0
B8_D1,153,0,120,0,0
B2_D1,235,0,13,0,0
B6_D1,858,0,204,0,0
B6_D1,426,0,46,0,0
B10_D1,855,0,439,0,0
B10_D1,804,0,50,0,0
G1_D1,114,0,399,0,0
B6_D1,0,0,117,0,0
B6_D1,299,0,39,0,0
B4_D1,792,0,246,0,0
G1_D1,551,0,1,0,0
G1_D1,748,0,465,0,0
G1_D1,1006,0,208,0,0
B6_D1,560,0,15,0,0
B6_D1,15,0,490,0,0
B6_D1,942,0,299,0,0
B10_D1,945,0,100,0,0
G1_D1,1022,0,210,0,0
B10_D1,837,0,183,0,0
G1_D1,844,0,312,0,0
B10_D1,1006,0,342,0,0
B6_D1,856,0,112,0,0
B6_D1,967,0,215,0,0
B10_D1,736,0,451,0,0
B6_D1,626,0,359,0,0
B6_D1,828,0,99,0,0
B6_D1,657,0,497,0,0
G1_D1,195,0,188,0,0
B10_D1,45,0,401,0,0
B6_D1,908,0,217,0,0
B6_D1,99,0,489,0,0
B6_D1,961,0,26,0,0
B10_D1,538,0,64,0,0
G1_D1,889,0,6,0,0
B6_D1,440,0,0,0,0
B6_D1,684,0,484,0,0
B10_D1,267,0,235,0,0
B10_D1,560,0,243,0,0
B6_D1,588,0,49,0,0
B10_D1,249,0,341,0,0
B10_D1,158,0,179,0,0
G1_D1,822,0,244,0,0
B6_D1,28,0,277,0,0
B6_D1,236,0,26,0,0
B10_D1,3,0,58,0,0
B2_D1,955,0,406,0,0
B6_D1,372,0,459,0,1
B10_D1,5,0,290,0,0
B10_D1,925,0,32,0,0
B10_D1,831,0,97,0,0
B10_D1,31,0,141,0,0
B6_D1,923,0,508,0,0
B6_D1,449,0,431,0,0
G1_D1,414,0,279,0,0
B10_D1,346,0,43,0,0
G1_D1,811,0,69,0,0
B4_D1,124,0,65,0,0
G1_D1,1000,0,152,0,0
B6_D1,502,0,7,0,0
B6_D1,925,0,30,0,0
B6_D1,249,0,50,0,0
B6_D1,543,0,378,0,0
G1_D1,715,0,305,0,0
B10_D1,494,0,51,0,0
B10_D1,951,0,272,0,0
B10_D1,615,0,365,0,0
B10_D1,914,0,457,0,0
B2_D1,462,0,371,0,0
B10_D1,1015,0,233,0,0
B10_D1,459,0,122,0,0
B6_D1,617,0,228,0,0
B10_D1,544,0,277,0,0
B10_D1,202,0,11,0,0
B10_D1,201,0,35,0,0
B2_D1,971,0,65,0,0
G1_D1,532,0,64,0,0
B8_D1,914,0,236,0,0
B6_D1,791,0,273,0,0
B10_D1,404,0,88,0,0
B6_D1,32,0,323,0,0
B2_D1,749,0,495,0,0
B10_D1,573,0,311,0,0
B6_D1,376,0,16,0,0
G1_D1,746,0,99,0,0
B10_D1,500,0,285,0,0
B6_D1,137,0,12,0,0
B10_D1,998,0,62,0,0
B10_D1,710,0,103,0,0
B6_D1,980,0,5,0,0
B6_D1,518,0,378,0,0
G1_D1,895,0,245,0,0
B10_D1,392,0,339,0,0
G1_D1,147,0,25,0,0
B6_D1,238,0,479,0,0
B6_D1,235,0,159,0,0
B6_D1,176,0,152,0,0
B10_D1,362,0,175,0,0
G1_D1,959,0,479,0,0
B2_D1,146,0,38,0,0
B10_D1,1,0,418,0,0
G1_D1,466,0,156,0,0
B6_D1,716,0,41,0,0
B6_D1,410,0,253,0,0
B6_D1,517,0,47,0,0
B10_D1,105,0,126,0,0
B6_D1,306,0,11,0,0
B6_D1,398,0,422,0,0
B6_D1,904,0,44,0,0
B10_D1,229,0,240,0,0
B6_D1,181,0,36,0,0
B10_D1,673,0,50,0,0
G1_D1,61,0,160,0,0
B6_D1,5,0,227,0,0
B6_D1,386,0,388,0,0
B10_D1,813,0,276,0,0
B10_D1,973,0,33,0,0
B6_D1,262,0,188,0,0
B10_D1,664,0,493,0,0
B10_D1,948,0,42,0,0
B10_D1,141,0,236,0,0
B10_D1,133,0,348,0,0
B6_D1,904,0,301,0,0
G1_D1,139,0,263,0,0
B10_D1,773,0,48,0,0
B6_D1,38,0,141,0,0
B6_D1,637,0,310,0,0
G1_D1,1021,0,310,0,0
B6_D1,779,0,396,0,0
B10_D1,448,0,280,0,0
B6_D1,191,0,481,0,0
G1_D1,89,0,16,0,0
B6_D1,891,0,1,0,0
B6_D1,4,0,341,0,0
B10_D1,69,0,207,0,0
B6_D1,939,0,34,0,0
B6_D1,158,0,454,0,0
B6_D1,925,0,141,0,0
G1_D1,990,0,95,0,0
B6_D1,917,0,143,0,0
G1_D1,328,0,31,0,0
G1_D1,152,0,316,0,0
B6_D1,975,0,0,0,0
G1_D1,909,0,19,0,0
B6_D1,859,0,201,0,0
B10_D1,257,0,346,0,0
B10_D1,510,0,79,0,0
G1_D1,772,0,49,0,0
B10_D1,428,0,15,0,0
G1_D1,73,0,326,0,0
G1_D1,227,0,57,0,0
B6_D1,110,0,495,0,0
B2_D1,221,0,402,0,0
B10_D1,995,0,278,0,0
B10_D1,1023,0,456,0,0
G1_D1,153,0,111,0,0
B6_D1,55,0,5,0,0
B10_D1,286,0,174,0,0
B6_D1,883,0,206,0,0
B6_D1,991,0,126,0,0
B10_D1,660,0,82,0,0
B6_D1,694,0,304,0,0
G1_D1,922,0,250,0,0
B2_D1,520,0,106,0,0
B6_D1,864,0,191,0,0
G1_D1,671,0,173,0,0
G1_D1,967,0,294,0,0
G1_D1,1011,0,144,0,0
B10_D1,251,0,243,0,0
B6_D1,72,0,296,0,0
B6_D1,807,0,87,0,0
B2_D1,734,0,496,0,0
B6_D1,115,0,263,0,0
G1_D1,250,0,280,0,0
B10_D1,415,0,20,0,0
B6_D1,374,0,351,0,0
B6_D1,842,0,259,0,0
B6_D1,858,0,483,0,0
G1_D1,104,0,277,0,0
G1_D1,44,0,462,0,0
B10_D1,442,0,486,0,0
B6_D1,953,0,181,0,0
G1_D1,867,0,38,0,0
B2_D1,831,0,87,0,0
B10_D1,73,0,204,0,0
B10_D1,621,0,121,0,0
B10_D1,612,0,315,0,0
B2_D1,331,0,161,0,0
B6_D1,966,0,491,0,0
G1_D1,623,0,187,0,0
B10_D1,150,0,438,0,0
G1_D1,716,0,99,0,0
B6_D1,692,0,471,0,0
B6_D1,754,0,279,0,0
B6_D1,759,0,70,0,0
B10_D1,515,0,53,0,0
B4_D1,166,0,98,0,0
B10_D1,513,0,297,0,0
B10_D1,999,0,350,0,-1
B6_D1,543,0,33,0,0
B2_D1,485,0,495,0,0
G1_D1,442,0,17,0,0
B6_D1,936,0,275,0,0
B10_D1,67,0,6,0,0
B6_D1,235,0,175,0,0
G1_D1,46,0,295,0,0
B6_D1,82,0,316,0,0
B6_D1,941,0,59,0,0
B4_D1,913,0,94,0,0
B6_D1,740,0,297,0,0
B4_D1,844,0,214,0,0
B10_D1,485,0,480,0,0
B6_D1,947,0,136,0,0
B10_D1,634,0,313,0,0
B6_D1,2,0,98,0,0
B10_D1,824,0,328,0,0
B8_D1,195,0,195,0,0
B6_D1,313,0,498,0,0
B10_D1,867,0,221,0,0
B6_D1,974,0,150,0,0
B6_D1,841,0,486,0,0
G1_D1,12,0,18,0,0
B6_D1,430,0,392,0,0
B6_D1,770,0,81,0,0
B6_D1,506,0,506,0,0
B6_D1,903,0,211,0,0
B10_D1,213,0,233,0,0
B6_D1,177,0,386,0,0
B6_D1,324,0,39,0,0
B10_D1,660,0,7,0,0
B10_D1,233,0,324,0,0
B10_D1,461,0,230,0,0
B8_D1,91,0,141,0,0
G1_D1,642,0,18,0,0
B6_D1,711,0,31,0,0
B6_D1,544,0,263,0,0
G1_D1,925,0,63,0,0
B10_D1,329,0,234,0,0
B4_D1,854,0,128,0,0
B10_D1,410,0,102,0,0
B6_D1,982,0,47,0,0
B10_D1,670,0,276,0,0
B10_D1,246,0,64,0,0
G1_D1,160,0,412,0,0
B6_D1,817,0,269,0,0
G1_D1,15,0,204,0,0
B6_D1,131,0,360,0,0
B6_D1,641,0,378,0,0
B6_D1,634,0,411,0,0
B10_D1,726,0,283,0,0
B6_D1,200,0,5,0,0
B10_D1,578,0,289,0,0
B4_D1,760,0,73,0,0
B6_D1,689,0,453,0,0
G1_D1,475,0,127,0,0
B10_D1,130,0,60,0,0
B10_D1,184,0,125,0,0
B6_D1,173,0,8,0,0
B2_D1,351,0,486,0,0
G1_D1,148,0,180,0,0
B10_D1,547,0,411,0,0
B4_D1,136,0,0,0,0
G1_D1,1000,0,81,0,0
B6_D1,290,0,10,0,0
B10_D1,434,0,8,0,0
B10_D1,97,0,94,0,0
B6_D1,892,0,441,0,0
G1_D1,182,0,50,0,0
B6_D1,323,0,224,0,0
B6_D1,128,0,307,0,0
B10_D1,707,0,416,0,0
B6_D1,25,0,98,0,0
B6_D1,978,0,508,0,0
B6_D1,427,0,222,0,0
B6_D1,156,0,478,0,0
B2_D1,870,0,379,0,0
B10_D1,225,0,503,0,0
B6_D1,140,0,171,0,0
G1_D1,17,0,226,0,0
G1_D1,11,0,147,0,0
B6_D1,856,0,48,0,0
B10_D1,250,0,427,0,0
B10_D1,398,0,273,0,0
B10_D1,515,0,478,0,0
B2_D1,690,0,263,0,0
B4_D1,583,0,231,0,0
B6_D1,1020,0,495,0,0
B10_D1,796,0,61,0,0
B10_D1,564,0,267,0,0
B6_D1,937,0,61,0,0
B6_D1,339,0,4,0,0
G1_D1,997,0,46,0,0
B2_D1,201,0,474,0,0
B10_D1,588,0,171,0,0
G1_D1,314,0,3,0,0
B6_D1,60,0,418,0,0
G1_D1,14,0,267,0,0
G1_D1,75,0,327,0,0
B10_D1,81,0,132,0,0
B4_D1,209,0,144,0,0
B10_D1,28,0,216,0,0
B10_D1,428,0,459,0,0
B6_D1,924,0,395,0,0
B10_D1,130,0,501,0,0
B10_D1,446,0,87,0,0
B6_D1,862,0,148,0,0
B6_D1,2,0,409,0,0
G1_D1,573,0,37,0,0
B6_D1,700,0,415,0,0
B6_D1,88,0,13,0,0
G1_D1,959,0,232,0,0
B6_D1,861,0,31,0,0
B10_D1,452,0,78,0,0
B10_D1,331,0,182,0,0
B10_D1,189,0,207,0,0
B2_D1,560,0,82,0,0
B2_D1,187,0,240,0,0
G1_D1,686,0,44,0,0
B6_D1,619,0,240,0,0
B10_D1,457,0,156,0,0
B10_D1,12,0,132,0,0
G1_D1,564,0,16,0,0
B10_D1,458,0,507,0,0
B10_D1,144,0,173,0,0
B6_D1,562,0,352,0,0
G1_D1,1020,0,149,0,0
B2_D1,852,0,123,0,0
B6_D1,184,0,410,0,0
B6_D1,189,0,34,0,0
B6_D1,598,0,426,0,0
G1_D1,190,0,36,0,0
B6_D1,172,0,275,0,0
B6_D1,460,0,435,0,-1
B6_D1,320,0,476,0,0
B10_D1,935,0,251,0,0
B6_D1,328,0,3,0,0
B6_D1,168,0,23,0,0
B6_D1,787,0,350,0,0
B6_D1,997,0,298,0,0
B4_D1,651,0,323,0,-1
G1_D1,12,0,178,0,0
B10_D1,674,0,175,0,0
B10_D1,622,0,416,0,0
G1_D1,967,0,383,0,-1
B10_D1,946,0,0,0,0
G1_D1,286,0,23,0,0
B6_D1,978,0,144,0,0
B6_D1,744,0,384,0,-1
B10_D1,408,0,483,0,0
B6_D1,998,0,3,0,0
B6_D1,553,0,371,0,0
B6_D1,813,0,197,0,0
B6_D1,524,0,29,0,0
B10_D1,3,0,228,0,0
B6_D1,864,0,238,0,0
B6_D1,882,0,115,0,0
G1_D1,931,0,273,0,0
B6_D1,1000,0,397,0,0
G1_D1,786,0,75,0,0
B10_D1,215,0,308,0,0
B10_D1,478,0,232,0,0
G1_D1,276,0,239,0,0
B10_D1,454,0,115,0,0
B6_D1,125,0,296,0,0
B6_D1,231,0,36,0,0
B10_D1,661,0,488,0,0
B10_D1,221,0,47,0,0
G1_D1,1018,0,484,0,0
B4_D1,895,0,80,0,0
B10_D1,424,0,315,0,0
B6_D1,288,0,483,0,0
B4_D1,111,0,298,0,0
B10_D1,11,0,359,0,0
B6_D1,746,0,250,0,0
B6_D1,97,0,12,0,0
G1_D1,1005,0,307,0,0
B10_D1,890,0,34,0,0
B2_D1,153,0,136,0,0
B6_D1,725,0,451,0,0
G1_D1,173,0,235,0,0
B10_D1,908,0,84,0,0
B6_D1,66,0,16,0,0
B6_D1,524,0,235,0,0
B10_D1,925,0,218,0,0
B6_D1,977,0,356,0,-1
B6_D1,413,0,157,0,0
B6_D1,580,0,40,0,0
G1_D1,1014,0,167,0,0
B6_D1,605,0,40,0,0
B10_D1,526,0,313,0,0
B2_D1,869,0,211,0,0
B2_D1,315,0,492,0,0
B10_D1,193,0,136,0,0
B2_D1,838,0,182,0,0
B6_D1,36,0,51,0,0
B6_D1,187,0,53,0,0
B6_D1,611,0,6,0,0
B4_D1,924,0,13,0,0
B2_D1,859,0,511,0,0
B10_D1,512,0,165,0,0
B6_D1,177,0,127,0,0
B10_D1,89,0,194,0,0
B6_D1,930,0,15,0,0
B10_D1,370,0,341,0,0
B10_D1,869,0,510,0,0
G1_D1,49,0,109,0,0
B6_D1,293,0,136,0,0
B10_D1,103,0,186,0,0
B6_D1,485,0,485,0,0
G1_D1,697,0,74,0,0
B10_D1,25,0,98,0,0
B10_D1,462,0,217,0,0
B10_D1,694,0,195,0,0
G1_D1,920,0,29,0,0
B10_D1,773,0,63,0,0
B8_D1,67,0,237,0,-1
B10_D1,740,0,59,0,0
G1_D1,660,0,63,0,0
B6_D1,786,0,122,0,0
G1_D1,537,0,471,0,0
B6_D1,1011,0,511,0,0
G1_D1,985,0,216,0,0
B10_D1,601,0,66,0,0
B10_D1,816,0,259,0,0
B4_D1,491,0,375,0,0
B6_D1,6,0,367,0,0
G1_D1,1009,0,2,0,0
B10_D1,216,0,0,0,0
B10_D1,673,0,112,0,0
B6_D1,223,0,453,0,0
B6_D1,1001,0,73,0,0
B10_D1,1022,0,150,0,0
B10_D1,101,0,290,0,0
B6_D1,750,0,104,0,0
B6_D1,331,0,192,0,0
G1_D1,720,0,190,0,0
B10_D1,647,0,24,0,0
G1_D1,12,0,233,0,0
B10_D1,47,0,40,0,0
B10_D1,499,0,499,0,0
B10_D1,269,0,69,0,0
B6_D1,305,0,154,0,0
B10_D1,372,0,411,0,0
B2_D1,727,0,497,0,0
B10_D1,366,0,215,0,0
B6_D1,549,0,269,0,0
B10_D1,91,0,142,0,0
B6_D1,436,0,358,0,0
B6_D1,42,0,466,0,0
B10_D1,771,0,420,0,0
G1_D1,404,0,369,0,-1
B10_D1,177,0,241,0,0
B4_D1,293,0,59,0,0
B6_D1,461,0,496,0,0
B10_D1,402,0,247,0,0
B6_D1,673,0,23,0,0
B6_D1,5,0,119,0,0
G1_D1,996,0,170,0,0
B6_D1,174,0,34,0,0
B10_D1,618,0,309,0,0
B4_D1,6,0,377,0,0
B10_D1,868,0,340,0,0
G1_D1,59,0,24,0,0
G1_D1,928,0,101,0,0
B6_D1,880,0,119,0,0
B10_D1,452,0,16,0,0
B6_D1,194,0,176,0,0
B6_D1,617,0,17,0,0
B6_D1,168,0,43,0,0
B10_D1,567,0,506,0,0
B2_D1,387,0,500,0,0
B6_D1,216,0,306,0,0
G1_D1,235,0,295,0,0
B10_D1,21,0,3,0,0
B10_D1,609,0,262,0,0
G1_D1,1004,0,88,0,0
B6_D1,527,0,412,0,0
B6_D1,10,0,88,0,0
G1_D1,102,0,286,0,0
B2_D1,589,0,482,0,0
G1_D1,583,0,283,0,0
B2_D1,326,0,139,0,0
G1_D1,214,0,3,0,0
B6_D1,531,0,31,0,0
G1_D1,1023,0,177,0,0
G1_D1,108,0,267,0,0
G1_D1,570,0,231,0,0
G1_D1,396,0,268,0,0
G1_D1,987,0,46,0,0
B10_D1,576,0,71,0,0
B6_D1,670,0,277,0,0
B10_D1,806,0,313,0,0
B10_D1,1002,0,39,0,0
B6_D1,650,0,20,0,0
B6_D1,945,0,429,0,0
B6_D1,171,0,113,0,0
B6_D1,215,0,20,0,0
B10_D1,104,0,313,0,0
G1_D1,1020,0,288,0,0
B8_D1,499,0,205,0,0
B6_D1,587,0,487,0,0
B6_D1,679,0,14,0,0
B2_D1,347,0,487,0,0
B6_D1,719,0,416,0,0
G1_D1,344,0,443,0,0
B6_D1,67,0,487,0,0
B10_D1,5,0,167,0,0
B10_D1,690,0,41,0,0
B10_D1,174,0,263,0,0
B10_D1,721,0,511,0,0
B10_D1,154,0,182,0,0
B10_D1,762,0,89,0,0
B10_D1,216,0,49,0,0
B6_D1,1002,0,432,0,0
B6_D1,108,0,33,0,0
B10_D1,348,0,117,0,0
B10_D1,1021,0,248,0,0
G1_D1,1014,0,69,0,0
B6_D1,322,0,378,0,0
B10_D1,528,0,63,0,0
G1_D1,20,0,75,0,0
B4_D1,165,0,55,0,0
G1_D1,996,0,53,0,0
G1_D1,39,0,86,0,0
B10_D1,443,0,483,0,0
G1_D1,551,0,221,0,0
B4_D1,30,0,56,0,0
B10_D1,668,0,250,0,0
B4_D1,399,0,191,0,0
B10_D1,841,0,330,0,0
B4_D1,774,0,61,0,0
B10_D1,373,0,309,0,0
B4_D1,854,0,13,0,0
B6_D1,994,0,307,0,0
B6_D1,784,0,356,0,0
B10_D1,116,0,53,0,0
B6_D1,159,0,69,0,0
B4_D1,8,0,189,0,0
B6_D1,544,0,364,0,0
B10_D1,169,0,193,0,0
G1_D1,109,0,5,0,0
B10_D1,107,0,463,0,0
G1_D1,720,0,428,0,0
G1_D1,935,0,325,0,0
B6_D1,792,0,305,0,0
B10_D1,408,0,509,0,0
B6_D1,250,0,495,0,0
B10_D1,522,0,90,0,0
B2_D1,515,0,161,0,0
B4_D1,833,0,207,0,0
B6_D1,129,0,102,0,0
B10_D1,825,0,53,0,0
B2_D1,329,0,53,0,0
B6_D1,800,0,457,0,0
B10_D1,763,0,477,0,0
B6_D1,602,0,331,0,0
B2_D1,214,0,136,0,0
B10_D1,653,0,89,0,0
B6_D1,689,0,164,0,0
G1_D1,215,0,132,0,0
B10_D1,111,0,511,0,0
B6_D1,234,0,401,0,0
B10_D1,786,0,404,0,0
B10_D1,324,0,10,0,0
B6_D1,527,0,283,0,0
B6_D1,595,0,375,0,0
B2_D1,253,0,0,0,0
G1_D1,200,0,508,0,0
B6_D1,576,0,362,0,-1
B6_D1,24,0,206,0,0
B6_D1,427,0,37,0,0
B8_D1,105,0,96,0,0
B8_D1,1023,0,469,0,0
B10_D1,615,0,98,0,0
B6_D1,77,0,120,0,0
B6_D1,61,0,139,0,0
G1_D1,899,0,6,0,0
B6_D1,791,0,449,0,0
B6_D1,466,0,353,0,0
G1_D1,989,0,34,0,0
G1_D1,24,0,264,0,0
B10_D1,292,0,268,0,0
B6_D1,416,0,11,0,0
B6_D1,236,0,163,0,0
B6_D1,1005,0,10,0,0
B10_D1,1004,0,63,0,0
B6_D1,412,0,120,0,0
G1_D1,681,0,257,0,0
B6_D1,1,0,106,0,0
B6_D1,885,0,179,0,0
B10_D1,204,0,507,0,0
B10_D1,65,0,23,0,0
G1_D1,855,0,262,0,0
B6_D1,88,0,43,0,0
B2_D1,363,0,288,0,0
B6_D1,733,0,33,0,0
B10_D1,318,0,4,0,0
G1_D1,845,0,42,0,0
B10_D1,9,0,401,0,0
G1_D1,719,0,11,0,0
B2_D1,859,0,39,0,0
B6_D1,559,0,29,0,0
G1_D1,480,0,350,0,0
B4_D1,795,0,206,0,0
B10_D1,498,0,78,0,0
B10_D1,31,0,169,0,0
B10_D1,146,0,128,0,0
B6_D1,946,0,130,0,0
B6_D1,992,0,114,0,0
B6_D1,468,0,409,0,0
B10_D1,652,0,154,0,0
B10_D1,736,0,90,0,0
G1_D1,679,0,117,0,0
B10_D1,430,0,129,0,0
G1_D1,837,0,46,0,0
G1_D1,481,0,87,0,0
G1_D1,30,0,486,0,0
B6_D1,721,0,21,0,0
B6_D1,871,0,147,0,0
B6_D1,163,0,60,0,0
B2_D1,127,0,93,0,0
B10_D1,681,0,85,0,0
B10_D1,392,0,496,0,0
B10_D1,859,0,325,0,0
B4_D1,0,0,72,0,0
B6_D1,115,0,288,0,0
B2_D1,920,0,27,0,0
B6_D1,669,0,499,0,0
B10_D1,184,0,121,0,0
B6_D1,815,0,100,0,0
B10_D1,164,0,102,0,0
B10_D1,15,0,179,0,0
B4_D1,873,0,92,0,0
B6_D1,904,0,504,0,0
B6_D1,517,0,7,0,0
B6_D1,215,0,367,0,0
B6_D1,1022,0,459,0,0
B10_D1,932,0,453,0,0
B10_D1,650,0,262,0,0
G1_D1,852,0,32,0,0
G1_D1,1012,0,324,0,0
B4_D1,182,0,282,0,0
B6_D1,556,0,349,0,0
B2_D1,935,0,40,0,0
B10_D1,551,0,141,0,0
G1_D1,525,0,47,0,0
B10_D1,448,0,203,0,0
B10_D1,644,0,69,0,0
B6_D1,90,0,294,0,0
G1_D1,935,0,278,0,0
B2_D1,931,0,510,0,0
G1_D1,39,0,175,0,0
B10_D1,539,0,276,0,0
B4_D1,105,0,271,0,0
G1_D1,24,0,116,0,0
G1_D1,26,0,221,0,0
B6_D1,715,0,198,0,0
B10_D1,203,0,245,0,0
B6_D1,504,0,499,0,0
B6_D1,592,0,283,0,0
B6_D1,560,0,404,0,0
B10_D1,183,0,233,0,0
G1_D1,373,0,42,0,0
B2_D1,912,0,440,0,0
B6_D1,67,0,104,0,0
B10_D1,582,0,6,0,0
B10_D1,77,0,94,0,0
B10_D1,767,0,425,0,0
B10_D1,224,0,431,0,0
B6_D1,142,0,327,0,0
B6_D1,658,0,307,0,0
B6_D1,304,0,224,0,0
G1_D1,10,0,166,0,0
B4_D1,950,0,115,0,0
B6_D1,334,0,355,0,-1
B6_D1,771,0,110,0,0
B10_D1,679,0,13,0,0
B6_D1,579,0,163,0,0
G1_D1,534,0,124,0,0
B2_D1,884,0,387,0,0
G1_D1,146,0,15,0,0
G1_D1,459,0,112,0,0
B6_D1,410,0,40,0,0
B6_D1,806,0,132,0,0
G1_D1,811,0,306,0,0
B6_D1,51,0,324,0,0
B6_D1,354,0,221,0,0
B10_D1,379,0,246,0,0
G1_D1,681,0,195,0,0
G1_D1,337,0,57,0,0
B6_D1,759,0,504,0,0
B10_D1,864,0,402,0,0
B10_D1,379,0,8,0,0
B6_D1,247,0,32,0,0
B10_D1,519,0,331,0,0
B6_D1,677,0,476,0,0
G1_D1,1011,0,151,0,0
B6_D1,911,0,391,0,0
B6_D1,952,0,215,0,0
B10_D1,540,0,101,0,0
B2_D1,264,0,296,0,0
B6_D1,141,0,265,0,0
B6_D1,912,0,91,0,0
B6_D1,141,0,1,0,0
B6_D1,882,0,497,0,0
B8_D1,996,0,245,0,0
B6_D1,409,0,54,0,0
G1_D1,368,0,462,0,1
B4_D1,1023,0,124,0,0
B6_D1,402,0,487,0,0
G1_D1,878,0,230,0,0
B6_D1,511,0,245,0,0
B6_D1,624,0,162,0,0
G1_D1,336,0,33,0,0
B6_D1,959,0,9,0,0
B10_D1,204,0,8,0,0
B10_D1,904,0,394,0,0
B10_D1,120,0,89,0,0
B8_D1,254,0,187,0,0
B2_D1,1021,0,510,0,0
B4_D1,309,0,44,0,0
B6_D1,576,0,36,0,0
B10_D1,180,0,137,0,0
B10_D1,571,0,288,0,0
B10_D1,325,0,231,0,0
B10_D1,706,0,420,0,0
B6_D1,737,0,350,0,0
G1_D1,136,0,113,0,0
B10_D1,198,0,250,0,0
B6_D1,895,0,130,0,0
B10_D1,661,0,142,0,0
B6_D1,93,0,451,0,0
B10_D1,869,0,224,0,0
B4_D1,698,0,47,0,0
B6_D1,885,0,505,0,0
B10_D1,273,0,125,0,0
B6_D1,771,0,54,0,0
B10_D1,219,0,125,0,0
B10_D1,185,0,167,0,0
B4_D1,269,0,318,0,0
B10_D1,707,0,267,0,0
B10_D1,558,0,16,0,0
G1_D1,246,0,21,0,0
B10_D1,233,0,233,0,0
B4_D1,70,0,135,0,0
B6_D1,803,0,28,0,0
B10_D1,490,0,188,0,0
B6_D1,63,0,192,0,0
B2_D1,130,0,11,0,0
G1_D1,519,0,7,0,0
B6_D1,976,0,46,0,0
B2_D1,764,0,193,0,0
B6_D1,928,0,368,0,0
B10_D1,352,0,207,0,0
B10_D1,647,0,374,0,0
G1_D1,322,0,93,0,0
B6_D1,653,0,384,0,0
B10_D1,643,0,26,0,0
B10_D1,819,0,404,0,0
B6_D1,76,0,457,0,0
B6_D1,961,0,126,0,0
B6_D1,336,0,211,0,0
B10_D1,10,0,191,0,0
B10_D1,323,0,184,0,0
B10_D1,652,0,95,0,0
B4_D1,681,0,282,0,0
B10_D1,603,0,341,0,0
G1_D1,39,0,210,0,0
B6_D1,398,0,493,0,0
B6_D1,692,0,285,0,0
B6_D1,315,0,154,0,0
G1_D1,36,0,122,0,0
B2_D1,278,0,60,0,0
B10_D1,238,0,66,0,0
B10_D1,386,0,313,0,4
B6_D1,591,0,501,0,0
B10_D1,502,0,123,0,0
B10_D1,644,0,86,0,0
B6_D1,509,0,241,0,0
B10_D1,121,0,53,0,0
G1_D1,665,0,0,0,0
B2_D1,973,0,0,0,0
B8_D1,1023,0,418,0,0
B4_D1,597,0,302,0,0
B10_D1,380,0,32,0,0
B10_D1,54,0,274,0,0
B6_D1,966,0,233,0,0
G1_D1,918,0,438,0,0
B10_D1,24,0,163,0,0
B10_D1,925,0,302,0,0
B10_D1,450,0,508,0,0
B6_D1,654,0,4,0,0
G1_D1,547,0,18,0,0
G1_D1,596,0,222,0,0
B4_D1,313,0,17,0,0
B10_D1,396,0,419,0,0
G1_D1,416,0,21,0,0
B6_D1,700,0,15,0,0
B10_D1,174,0,13,0,0
B6_D1,1,0,46,0,0
B10_D1,538,0,92,0,0
B10_D1,417,0,462,0,0
G1_D1,468,0,151,0,0
B6_D1,328,0,213,0,0
B4_D1,4,0,60,0,0
G1_D1,213,0,235,0,0
B6_D1,831,0,303,0,0
G1_D1,1020,0,142,0,0
B10_D1,456,0,160,0,0
B6_D1,303,0,374,0,-1
B10_D1,855,0,233,0,0
B10_D1,196,0,0,0,0
B10_D1,343,0,66,0,0
B10_D1,412,0,340,0,0
B4_D1,922,0,220,0,0
B10_D1,189,0,185,0,0
B10_D1,853,0,486,0,0
B10_D1,1,0,298,0,0
B6_D1,819,0,298,0,0
G1_D1,701,0,259,0,0
B10_D1,503,0,283,0,0
G1_D1,175,0,55,0,0
G1_D1,948,0,271,0,0
G1_D1,785,0,95,0,0
G1_D1,253,0,273,0,0
B10_D1,504,0,249,0,0
B10_D1,638,0,259,0,0
B6_D1,1016,0,31,0,0
B10_D1,452,0,28,0,0
G1_D1,66,0,451,0,0
B10_D1,509,0,173,0,0
B10_D1,471,0,506,0,0
B10_D1,739,0,86,0,0
B6_D1,617,0,502,0,0
B6_D1,720,0,5,0,0
B10_D1,483,0,120,0,0
B6_D1,539,0,494,0,0
B6_D1,640,0,303,0,0
B2_D1,719,0,184,0,0
B6_D1,116,0,415,0,0
B6_D1,964,0,297,0,0
B6_D1,491,0,167,0,0
B6_D1,28,0,76,0,0
B6_D1,806,0,36,0,0
B4_D1,21,0,119,0,0
B10_D1,717,0,162,0,0
B10_D1,207,0,293,0,0
B6_D1,839,0,60,0,0
B10_D1,154,0,109,0,0
B10_D1,194,0,219,0,0
B6_D1,494,0,134,0,0
B6_D1,608,0,479,0,0
G1_D1,629,0,12,0,0
B10_D1,932,0,109,0,0
B4_D1,2,0,234,0,0
B4_D1,107,0,303,0,0
B10_D1,250,0,60,0,0
B6_D1,538,0,383,0,0
B6_D1,341,0,476,0,0
B10_D1,142,0,302,0,0
B10_D1,595,0,306,0,0
B10_D1,722,0,329,0,0
B10_D1,142,0,150,0,0
B4_D1,238,0,18,0,0
B6_D1,449,0,99,0,0
B6_D1,894,0,301,0,0
B10_D1,1023,0,162,0,0
B10_D1,109,0,51,0,0
B6_D1,438,0,493,0,0
B10_D1,708,0,325,0,0
B6_D1,873,0,483,0,0
B2_D1,999,0,57,0,0
G1_D1,333,0,312,0,0
B6_D1,1014,0,499,0,0
B6_D1,543,0,259,0,0
G1_D1,276,0,236,0,0
G1_D1,826,0,241,0,0
B6_D1,365,0,173,0,0
B10_D1,689,0,280,0,0
B10_D1,402,0,151,0,0
B4_D1,678,0,104,0,0
B10_D1,503,0,252,0,0
B6_D1,789,0,452,0,0
G1_D1,209,0,76,0,0
B6_D1,604,0,285,0,0
B10_D1,692,0,505,0,0
B6_D1,63,0,78,0,0
G1_D1,219,0,10,0,0
B10_D1,546,0,148,0,0
B10_D1,361,0,0,0,0
B8_D1,1003,0,300,0,0
B6_D1,14,0,165,0,0
B4_D1,6,0,391,0,0
B4_D1,669,0,68,0,0
B4_D1,2,0,62,0,0
B6_D1,828,0,121,0,0
B10_D1,282,0,325,0,0
B6_D1,92,0,27,0,0
B6_D1,7,0,58,0,0
G1_D1,176,0,26,0,0
B10_D1,101,0,14,0,0
G1_D1,34,0,199,0,0
B10_D1,605,0,188,0,0
B6_D1,985,0,495,0,0
B10_D1,412,0,89,0,0
B6_D1,418,0,503,0,0
B6_D1,76,0,300,0,0
B2_D1,608,0,479,0,0
B10_D1,511,0,77,0,0
B10_D1,958,0,278,0,0
B4_D1,884,0,36,0,0
B6_D1,191,0,387,0,0
B6_D1,783,0,197,0,0
B6_D1,394,0,269,0,0
B6_D1,420,0,0,0,0
B10_D1,564,0,85,0,0
B6_D1,841,0,56,0,0
B8_D1,303,0,316,0,0
G1_D1,982,0,143,0,0
B6_D1,684,0,24,0,0
B10_D1,851,0,3,0,0
B8_D1,739,0,199,0,0
B6_D1,886,0,501,0,0
G1_D1,110,0,418,0,0
B2_D1,623,0,465,0,0
G1_D1,1015,0,139,0,0
B10_D1,464,0,270,0,0
G1_D1,551,0,216,0,0
B10_D1,933,0,291,0,0
B10_D1,755,0,39,0,0
B6_D1,302,0,216,0,0
G1_D1,124,0,5,0,0
B6_D1,1000,0,419,0,0
B10_D1,622,0,482,0,0
B6_D1,752,0,7,0,0
B10_D1,679,0,301,0,0
B10_D1,1009,0,30,0,0
G1_D1,321,0,19,0,0
B4_D1,555,0,199,0,0
B10_D1,261,0,242,0,0
B6_D1,1017,0,60,0,0
B2_D1,712,0,86,0,0
G1_D1,93,0,62,0,0
B6_D1,814,0,65,0,0
B10_D1,16,0,291,0,0
B10_D1,604,0,297,0,0
B4_D1,463,0,186,0,0
B10_D1,262,0,28,0,0
B10_D1,703,0,434,0,0
B6_D1,345,0,30,0,0
B10_D1,542,0,90,0,0
B10_D1,837,0,33,0,0
B10_D1,13,0,174,0,0
G1_D1,203,0,140,0,0
B6_D1,302,0,209,0,0
G1_D1,22,0,91,0,0
B6_D1,230,0,425,0,0
G1_D1,260,0,409,0,-1
G1_D1,1013,0,68,0,0
B10_D1,92,0,127,0,0
B6_D1,689,0,114,0,0
G1_D1,824,0,319,0,0
G1_D1,944,0,19,0,0
B6_D1,644,0,390,0,0
B6_D1,410,0,490,0,0
G1_D1,767,0,116,0,0
B2_D1,454,0,109,0,0
B6_D1,55,0,495,0,0
B6_D1,296,0,358,0,-1
G1_D1,1020,0,101,0,0
B6_D1,311,0,358,0,-1
B10_D1,366,0,263,0,0
B10_D1,920,0,385,0,0
B10_D1,193,0,135,0,0
B10_D1,271,0,242,0,0
B10_D1,116,0,493,0,0
B6_D1,721,0,31,0,0
G1_D1,1017,0,385,0,0
B10_D1,997,0,212,0,0
B10_D1,543,0,20,0,0
B10_D1,350,0,32,0,0
G1_D1,291,0,53,0,0
B10_D1,685,0,412,0,0
B6_D1,916,0,440,0,0
B10_D1,215,0,312,0,0
B10_D1,425,0,139,0,0
B10_D1,645,0,185,0,0
B10_D1,745,0,314,0,0
B6_D1,159,0,499,0,0
G1_D1,105,0,299,0,0
B4_D1,2,0,178,0,0
B6_D1,621,0,54,0,0
B4_D1,196,0,358,0,0
G1_D1,202,0,60,0,0
B10_D1,211,0,63,0,0
G1_D1,990,0,161,0,0
G1_D1,548,0,28,0,0
B10_D1,928,0,35,0,0
B6_D1,877,0,340,0,0
B10_D1,977,0,505,0,0
B6_D1,668,0,23,0,0
B6_D1,621,0,376,0,0
B6_D1,594,0,329,0,0
B6_D1,724,0,19,0,0
B6_D1,852,0,348,0,0
B6_D1,14,0,405,0,0
B6_D1,506,0,6,0,0
B4_D1,156,0,167,0,0
B6_D1,585,0,35,0,0
B6_D1,136,0,31,0,0
G1_D1,72,0,401,0,0
B10_D1,281,0,344,0,0
B10_D1,100,0,143,0,0
B10_D1,1023,0,79,0,0
B10_D1,940,0,50,0,0
G1_D1,799,0,248,0,0
B10_D1,14,0,8,0,0
B8_D1,797,0,231,0,0
G1_D1,375,0,441,0,2
G1_D1,14,0,249,0,0
B6_D1,736,0,16,0,0
G1_D1,1017,0,190,0,0
B10_D1,601,0,0,0,0
G1_D1,1001,0,367,0,-1
B10_D1,140,0,210,0,0
B10_D1,403,0,65,0,0
G1_D1,18,0,151,0,0
B6_D1,514,0,244,0,0
B10_D1,213,0,216,0,0
G1_D1,536,0,109,0,0
B6_D1,837,0,142,0,0
B10_D1,897,0,396,0,0
G1_D1,131,0,456,0,0
G1_D1,403,0,296,0,0
B6_D1,875,0,324,0,0
B10_D1,817,0,87,0,0
B10_D1,930,0,218,0,0
B10_D1,239,0,175,0,0
B6_D1,364,0,34,0,0
G1_D1,860,0,310,0,0
B10_D1,482,0,247,0,0
B6_D1,92,0,401,0,0
B10_D1,104,0,382,0,0
B6_D1,882,0,348,0,0
B2_D1,205,0,152,0,0
B6_D1,418,0,349,0,0
B6_D1,695,0,415,0,0
B6_D1,861,0,6,0,0
B10_D1,151,0,313,0,0
B6_D1,366,0,381,0,0
B10_D1,313,0,189,0,0
B10_D1,700,0,271,0,0
B6_D1,18,0,329,0,0
B6_D1,967,0,81,0,0
B2_D1,740,0,64,0,0
B4_D1,121,0,41,0,0
G1_D1,253,0,71,0,0
B6_D1,735,0,198,0,0
B10_D1,33,0,177,0,0
B10_D1,549,0,157,0,0
B10_D1,460,0,337,0,0
B6_D1,552,0,497,0,0
G1_D1,8,0,350,0,0
B4_D1,607,0,106,0,0
B10_D1,536,0,410,0,0
B6_D1,931,0,21,0,0
B10_D1,924,0,378,0,0
G1_D1,738,0,76,0,0
B10_D1,402,0,496,0,0
G1_D1,1010,0,145,0,0
B10_D1,148,0,504,0,0
B4_D1,991,0,69,0,0
B6_D1,663,0,493,0,0
G1_D1,876,0,117,0,0
B10_D1,785,0,13,0,0
B10_D1,674,0,108,0,0
B10_D1,640,0,491,0,0
B10_D1,438,0,115,0,0
B4_D1,414,0,224,0,0
B10_D1,470,0,67,0,0
B10_D1,745,0,252,0,0
B2_D1,137,0,444,0,0
G1_D1,1000,0,133,0,0
B6_D1,564,0,499,0,0
G1_D1,745,0,233,0,0
G1_D1,213,0,454,0,0
B10_D1,655,0,35,0,0
B6_D1,960,0,460,0,0
B6_D1,374,0,283,0,0
B10_D1,848,0,285,0,0
B10_D1,363,0,158,0,0
B6_D1,123,0,508,0,0
B10_D1,353,0,66,0,0
B10_D1,777,0,79,0,0
B6_D1,563,0,166,0,0
G1_D1,725,0,353,0,0
B6_D1,275,0,71,0,0
G1_D1,291,0,267,0,0
B8_D1,127,0,209,0,0
G1_D1,131,0,202,0,0
B6_D1,11,0,31,0,0
B10_D1,281,0,256,0,0
B10_D1,13,0,211,0,0
B2_D1,0,0,448,0,0
B6_D1,419,0,218,0,0
B6_D1,787,0,129,0,0
B6_D1,495,0,51,0,0
B6_D1,469,0,174,0,0
B10_D1,273,0,53,0,0
G1_D1,982,0,132,0,0
G1_D1,728,0,93,0,0
G1_D1,1017,0,233,0,0
B10_D1,817,0,37,0,0
B10_D1,875,0,270,0,0
G1_D1,974,0,252,0,0
B10_D1,530,0,114,0,0
B10_D1,677,0,67,0,0
B10_D1,766,0,6,0,0
G1_D1,512,0,55,0,0
B2_D1,700,0,141,0,0
B6_D1,801,0,199,0,0
B2_D1,382,0,500,0,0
B10_D1,114,0,84,0,0
B10_D1,586,0,44,0,0
B10_D1,98,0,271,0,0
B6_D1,995,0,418,0,0
B6_D1,792,0,259,0,0
B4_D1,643,0,295,0,0
B6_D1,304,0,466,0,3
B6_D1,451,0,68,0,0
G1_D1,12,0,239,0,0
G1_D1,326,0,21,0,0
G1_D1,677,0,108,0,0
G1_D1,830,0,0,0,0
G1_D1,834,0,206,0,0
B4_D1,640,0,296,0,0
G1_D1,37,0,77,0,0
G1_D1,45,0,92,0,0
B10_D1,219,0,38,0,0
B10_D1,511,0,253,0,0
B10_D1,691,0,312,0,0
G1_D1,341,0,103,0,0
B6_D1,569,0,177,0,0
G1_D1,414,0,12,0,0
B10_D1,874,0,18,0,0
G1_D1,54,0,3,0,0
B10_D1,638,0,470,0,0
B10_D1,438,0,507,0,0
B10_D1,732,0,419,0,0
B10_D1,630,0,180,0,0
B6_D1,549,0,313,0,0
G1_D1,999,0,13,0,0
B6_D1,799,0,499,0,0
B6_D1,458,0,98,0,0
G1_D1,622,0,18,0,0
B6_D1,939,0,19,0,0
G1_D1,892,0,235,0,0
B10_D1,367,0,172,0,0
B6_D1,995,0,464,0,-1
B2_D1,960,0,57,0,0
G1_D1,744,0,40,0,0
B6_D1,386,0,491,0,0
B10_D1,402,0,6,0,0
B6_D1,600,0,64,0,0
B6_D1,568,0,343,0,0
B6_D1,533,0,201,0,0
B6_D1,1013,0,38,0,0
B10_D1,791,0,274,0,0
B6_D1,553,0,483,0,0
B4_D1,204,0,150,0,0
G1_D1,864,0,13,0,0
B10_D1,446,0,410,0,0
G1_D1,629,0,9,0,0
B6_D1,879,0,172,0,0
B6_D1,383,0,483,0,0
B6_D1,203,0,434,0,0
B2_D1,745,0,360,0,0
B6_D1,686,0,31,0,0
G1_D1,728,0,54,0,0
G1_D1,911,0,91,0,0
B6_D1,83,0,148,0,0
B2_D1,972,0,2,0,0
B6_D1,154,0,504,0,0
G1_D1,835,0,235,0,0
B10_D1,179,0,344,0,0
B4_D1,177,0,112,0,0
B10_D1,26,0,201,0,0
G1_D1,92,0,273,0,0
G1_D1,855,0,261,0,0
B6_D1,777,0,335,0,0
B10_D1,564,0,81,0,0
G1_D1,948,0,219,0,0
B4_D1,592,0,206,0,0
B2_D1,838,0,75,0,0
B10_D1,357,0,175,0,0
B8_D1,644,0,306,0,0
B4_D1,872,0,27,0,0
G1_D1,1001,0,208,0,0
B6_D1,10,0,35,0,0
B10_D1,595,0,330,0,0
B10_D1,21,0,270,0,0
B6_D1,50,0,227,0,0
B10_D1,181,0,430,0,0
B4_D1,49,0,21,0,0
B6_D1,864,0,509,0,0
G1_D1,1021,0,217,0,0
G1_D1,241,0,126,0,0
G1_D1,632,0,204,0,0
B6_D1,51,0,270,0,0
B2_D1,257,0,298,0,0
G1_D1,432,0,17,0,0
B2_D1,678,0,500,0,0
B6_D1,585,0,264,0,0
B6_D1,233,0,434,0,0
B10_D1,492,0,300,0,0
B6_D1,609,0,430,0,0
B4_D1,296,0,212,0,0
B2_D1,180,0,145,0,0
B10_D1,636,0,55,0,0
G1_D1,311,0,21,0,0
B6_D1,498,0,28,0,0
B10_D1,871,0,511,0,0
B10_D1,315,0,266,0,0
B6_D1,275,0,272,0,0
G1_D1,498,0,66,0,0
B10_D1,815,0,323,0,0
B10_D1,542,0,195,0,0
B6_D1,777,0,156,0,0
B8_D1,216,0,65,0,0
G1_D1,9,0,309,0,0
B4_D1,866,0,48,0,0
B6_D1,167,0,177,0,0
B10_D1,553,0,154,0,0
G1_D1,545,0,88,0,0
B6_D1,730,0,108,0,0
B8_D1,83,0,145,0,0
B10_D1,616,0,181,0,0
B6_D1,224,0,484,0,0
B10_D1,243,0,54,0,0
B6_D1,920,0,197,0,-1
G1_D1,754,0,104,0,0
B10_D1,60,0,303,0,0
B10_D1,593,0,301,0,0
B6_D1,270,0,182,0,0
B10_D1,167,0,223,0,0
B10_D1,220,0,350,0,0
B6_D1,940,0,296,0,0
B10_D1,350,0,413,0,0
B6_D1,306,0,26,0,0
B6_D1,324,0,384,0,0
G1_D1,687,0,108,0,0
B10_D1,402,0,493,0,0
G1_D1,320,0,426,0,0
B2_D1,591,0,150,0,0
B10_D1,892,0,29,0,0
B10_D1,911,0,65,0,0
B6_D1,161,0,491,0,0
B6_D1,642,0,310,0,0
B6_D1,142,0,85,0,0
B8_D1,10,0,318,0,0
B6_D1,415,0,121,0,0
G1_D1,34,0,238,0,0
B10_D1,337,0,418,0,0
B10_D1,213,0,75,0,0
B6_D1,248,0,68,0,0
B6_D1,573,0,479,0,0
B6_D1,414,0,158,0,0
B6_D1,129,0,121,0,0
B6_D1,605,0,319,0,0
B6_D1,1002,0,482,0,0
B6_D1,978,0,202,0,0
B10_D1,343,0,119,0,0
B10_D1,114,0,116,0,0
B6_D1,223,0,28,0,0
B10_D1,1,0,206,0,0
G1_D1,32,0,326,0,0
B8_D1,586,0,220,0,0
B6_D1,76,0,314,0,0
B6_D1,546,0,230,0,0
B6_D1,408,0,8,0,0
B2_D1,558,0,479,0,0
B6_D1,415,0,0,0,0
B10_D1,891,0,93,0,0
B6_D1,812,0,360,0,0
G1_D1,254,0,12,0,0
B6_D1,65,0,131,0,0
B6_D1,265,0,421,0,0
G1_D1,71,0,15,0,0
B2_D1,882,0,214,0,0
B4_D1,606,0,41,0,0
B6_D1,631,0,346,0,0
B6_D1,229,0,76,0,0
B4_D1,923,0,47,0,0
B10_D1,461,0,200,0,0
B10_D1,741,0,422,0,0
B10_D1,503,0,122,0,0
B4_D1,599,0,193,0,0
B8_D1,234,0,189,0,0
G1_D1,29,0,275,0,0
B2_D1,567,0,118,0,0
B10_D1,335,0,20,0,0
B2_D1,344,0,201,0,0
B10_D1,365,0,32,0,0
B10_D1,369,0,211,0,0
B6_D1,905,0,35,0,0
G1_D1,1002,0,100,0,0
B6_D1,886,0,68,0,0
B6_D1,75,0,474,0,0
B6_D1,692,0,57,0,0
B6_D1,146,0,306,0,0
B10_D1,339,0,183,0,0
B4_D1,115,0,339,0,0
B4_D1,582,0,377,0,0
B4_D1,677,0,54,0,0
G1_D1,990,0,182,0,0
B10_D1,544,0,413,0,0
G1_D1,10,0,283,0,0
B6_D1,253,0,333,0,0
B6_D1,765,0,35,0,0
G1_D1,88,0,356,0,0
B6_D1,791,0,496,0,0
B4_D1,143,0,17,0,0
B6_D1,19,0,405,0,0
B2_D1,587,0,225,0,0
B4_D1,300,0,221,0,0
B10_D1,487,0,165,0,0
B8_D1,702,0,310,0,0
B6_D1,841,0,355,0,0
B10_D1,229,0,146,0,0
B8_D1,46,0,2,0,0
B6_D1,150,0,477,0,0
G1_D1,497,0,124,0,0
B8_D1,218,0,344,0,0
B2_D1,233,0,69,0,0
G1_D1,932,0,285,0,0
G1_D1,907,0,257,0,0
B6_D1,857,0,492,0,0
G1_D1,306,0,416,0,0
B10_D1,759,0,409,0,0
B6_D1,0,0,432,0,0
B10_D1,144,0,61,0,0
B6_D1,528,0,259,0,0
B6_D1,338,0,23,0,0
B2_D1,111,0,18,0,0
B10_D1,589,0,111,0,0
B6_D1,343,0,374,0,0
B4_D1,617,0,33,0,0
B10_D1,953,0,290,0,0
B6_D1,1001,0,306,0,0
B6_D1,893,0,169,0,0
G1_D1,494,0,2,0,0
B6_D1,126,0,401,0,0
B10_D1,180,0,136,0,0
B10_D1,987,0,55,0,0
B10_D1,293,0,331,0,0
B10_D1,835,0,238,0,0
B6_D1,957,0,327,0,-1
B4_D1,951,0,36,0,0
B6_D1,726,0,46,0,0
B6_D1,286,0,360,0,-1
B6_D1,173,0,498,0,0
B2_D1,211,0,36,0,0
B6_D1,939,0,297,0,0
G1_D1,636,0,241,0,0
B6_D1,926,0,394,0,0
G1_D1,769,0,16,0,0
B10_D1,416,0,506,0,0
B6_D1,761,0,240,0,0
B10_D1,354,0,291,0,0
B6_D1,250,0,464,0,0
B10_D1,827,0,403,0,0
G1_D1,382,0,286,0,0
B2_D1,344,0,52,0,0
G1_D1,182,0,68,0,0
G1_D1,303,0,41,0,0
G1_D1,253,0,178,0,0
G1_D1,344,0,28,0,0
B10_D1,186,0,47,0,0
B4_D1,537,0,380,0,0
B6_D1,302,0,12,0,0
B6_D1,596,0,511,0,0
B6_D1,33,0,160,0,0
B4_D1,141,0,189,0,0
B6_D1,809,0,258,0,0
B6_D1,939,0,284,0,0
B10_D1,643,0,115,0,0
B4_D1,507,0,252,0,0
B10_D1,364,0,180,0,0
B6_D1,976,0,363,0,-1
B6_D1,612,0,17,0,0
G1_D1,664,0,7,0,0
B6_D1,448,0,375,0,0
B2_D1,809,0,281,0,0
B6_D1,98,0,128,0,0
B2_D1,27,0,25,0,0
B6_D1,512,0,171,0,0
G1_D1,195,0,29,0,0
G1_D1,249,0,69,0,0
B6_D1,864,0,163,0,0
B6_D1,854,0,295,0,0
G1_D1,571,0,138,0,0
B10_D1,813,0,39,0,0
B10_D1,606,0,3,0,0
B10_D1,274,0,350,0,0
G1_D1,301,0,31,0,0
G1_D1,48,0,50,0,0
B10_D1,613,0,57,0,0
B6_D1,1008,0,18,0,0
B6_D1,675,0,510,0,0
B10_D1,457,0,67,0,0
B6_D1,510,0,366,0,6
B10_D1,425,0,34,0,0
G1_D1,416,0,145,0,0
B2_D1,726,0,510,0,0
G1_D1,1018,0,147,0,0
B10_D1,252,0,165,0,0
B6_D1,312,0,115,0,0
G1_D1,180,0,286,0,0
G1_D1,899,0,390,0,0
B6_D1,257,0,380,0,0
B2_D1,855,0,238,0,0
B10_D1,413,0,170,0,0
B6_D1,758,0,38,0,0
B6_D1,81,0,268,0,0
B10_D1,763,0,35,0,0
B6_D1,130,0,219,0,0
G1_D1,988,0,271,0,0
B6_D1,737,0,212,0,0
B6_D1,341,0,191,0,0
B4_D1,548,0,202,0,0
B6_D1,3,0,402,0,0
B6_D1,453,0,264,0,0
B6_D1,808,0,121,0,0
B10_D1,275,0,459,0,3
B10_D1,24,0,121,0,0
G1_D1,205,0,343,0,0
G1_D1,530,0,115,0,0
B6_D1,360,0,332,0,0
B10_D1,430,0,143,0,0
B10_D1,581,0,485,0,0
B6_D1,936,0,506,0,0
B10_D1,482,0,470,0,0
B10_D1,98,0,41,0,0
B6_D1,156,0,21,0,0
B10_D1,499,0,147,0,0
B10_D1,411,0,64,0,0
B6_D1,954,0,214,0,0
B10_D1,534,0,81,0,0
B6_D1,951,0,82,0,0
G1_D1,925,0,68,0,0
B2_D1,724,0,273,0,0
B6_D1,575,0,472,0,0
G1_D1,973,0,61,0,0
G1_D1,933,0,37,0,0
B6_D1,702,0,471,0,0
B6_D1,770,0,500,0,0
G1_D1,609,0,8,0,0
G1_D1,817,0,392,0,0
G1_D1,37,0,463,0,0
B10_D1,399,0,150,0,0
B10_D1,660,0,277,0,0
B4_D1,434,0,231,0,0
B8_D1,203,0,52,0,0
B4_D1,919,0,52,0,0
B10_D1,318,0,155,0,0
B6_D1,761,0,54,0,0
B10_D1,616,0,105,0,0
B6_D1,141,0,79,0,0
B10_D1,623,0,367,0,0
B10_D1,962,0,8,0,0
B4_D1,714,0,80,0,0
G1_D1,769,0,154,0,0
B6_D1,402,0,37,0,0
B6_D1,748,0,434,0,0
B6_D1,978,0,493,0,0
B10_D1,974,0,83,0,0
G1_D1,431,0,43,0,0
B6_D1,835,0,45,0,0
B6_D1,132,0,42,0,0
G1_D1,255,0,20,0,0
B6_D1,165,0,123,0,0
B10_D1,987,0,51,0,0
G1_D1,14,0,128,0,0
B10_D1,677,0,6,0,0
B10_D1,684,0,394,0,0
G1_D1,663,0,473,0,0
G1_D1,889,0,294,0,0
B10_D1,24,0,233,0,0
B6_D1,303,0,187,0,0
B6_D1,25,0,457,0,0
B10_D1,330,0,60,0,0
G1_D1,1007,0,285,0,0
B4_D1,585,0,112,0,0
G1_D1,45,0,22,0,0
B10_D1,31,0,146,0,0
G1_D1,274,0,286,0,0
B2_D1,680,0,53,0,0
G1_D1,489,0,8,0,0
B10_D1,83,0,460,0,0
B10_D1,474,0,31,0,0
B10_D1,526,0,113,0,0
B10_D1,1022,0,212,0,0
B10_D1,94,0,153,0,0
B6_D1,115,0,163,0,0
B2_D1,893,0,457,0,0
B6_D1,139,0,138,0,0
B6_D1,873,0,103,0,0
B6_D1,40,0,418,0,0
B10_D1,495,0,65,0,0
G1_D1,1006,0,231,0,0
B10_D1,1023,0,2,0,0
B10_D1,431,0,172,0,0
B6_D1,269,0,19,0,0
B6_D1,594,0,509,0,0
B10_D1,270,0,250,0,0
B6_D1,369,0,4,0,0
B10_D1,39,0,65,0,0
B4_D1,1022,0,115,0,0
B10_D1,282,0,238,0,0
B6_D1,337,0,2,0,0
B2_D1,699,0,102,0,0
B10_D1,2,0,260,0,0
B2_D1,140,0,6,0,0
B6_D1,397,0,263,0,0
B10_D1,435,0,489,0,0
B6_D1,780,0,510,0,0
B6_D1,552,0,342,0,0
B10_D1,35,0,128,0,0
B6_D1,790,0,495,0,0
B4_D1,732,0,30,0,0
G1_D1,866,0,1,0,0
B10_D1,437,0,187,0,0
B6_D1,635,0,216,0,0
B6_D1,900,0,15,0,0
B6_D1,683,0,480,0,0
B10_D1,496,0,1,0,0
B10_D1,3,0,177,0,0
B10_D1,707,0,113,0,0
B10_D1,423,0,96,0,0
B6_D1,703,0,154,0,0
B6_D1,116,0,203,0,0
B6_D1,186,0,6,0,0
B6_D1,194,0,332,0,0
B10_D1,694,0,86,0,0
G1_D1,199,0,10,0,0
G1_D1,55,0,206,0,0
B6_D1,102,0,267,0,0
B6_D1,816,0,193,0,0
G1_D1,686,0,198,0,0
B10_D1,205,0,427,0,0
B6_D1,748,0,481,0,0
B10_D1,722,0,400,0,0
B10_D1,81,0,96,0,0
G1_D1,161,0,1,0,0
B10_D1,515,0,70,0,0
B6_D1,50,0,10,0,0
B10_D1,593,0,216,0,0
B4_D1,6,0,73,0,0
B6_D1,764,0,73,0,0
B6_D1,181,0,426,0,0
B2_D1,103,0,163,0,0
B2_D1,865,0,52,0,0
B6_D1,50,0,86,0,0
B4_D1,7,0,225,0,0
B10_D1,433,0,99,0,0
B10_D1,552,0,18,0,0
B10_D1,1023,0,73,0,0
B10_D1,675,0,61,0,0
B4_D1,129,0,65,0,0
B6_D1,155,0,387,0,0
B8_D1,224,0,95,0,0
B6_D1,691,0,346,0,0
B6_D1,158,0,480,0,0
G1_D1,60,0,92,0,0
B10_D1,62,0,94,0,0
B10_D1,756,0,404,0,0
B10_D1,303,0,273,0,0
G1_D1,30,0,59,0,0
B6_D1,872,0,263,0,0
B6_D1,947,0,497,0,0
B10_D1,331,0,290,0,0
B6_D1,127,0,507,0,0
B6_D1,540,0,243,0,0
B10_D1,299,0,270,0,0
G1_D1,119,0,3,0,0
B10_D1,199,0,240,0,0
B6_D1,71,0,177,0,0
B10_D1,513,0,26,0,0
B6_D1,784,0,75,0,0
B4_D1,966,0,15,0,0
B6_D1,563,0,49,0,0
B6_D1,208,0,456,0,0
B6_D1,990,0,500,0,0
B10_D1,648,0,18,0,0
B10_D1,570,0,478,0,0
G1_D1,175,0,231,0,0
B10_D1,538,0,86,0,0
B6_D1,561,0,309,0,0
B6_D1,139,0,484,0,0
G1_D1,680,0,510,0,0
B6_D1,650,0,389,0,0
B2_D1,1021,0,211,0,0
B6_D1,1003,0,113,0,0
B6_D1,724,0,384,0,0
B10_D1,528,0,143,0,0
G1_D1,831,0,217,0,0
B6_D1,7,0,42,0,0
B4_D1,890,0,253,0,0
B10_D1,595,0,121,0,0
G1_D1,881,0,238,0,0
G1_D1,8,0,198,0,0
B6_D1,759,0,34,0,0
B10_D1,474,0,233,0,0
B4_D1,76,0,159,0,0
B10_D1,608,0,32,0,0
B2_D1,528,0,155,0,0
G1_D1,806,0,1,0,0
B10_D1,834,0,2,0,0
B6_D1,782,0,479,0,0
B10_D1,511,0,92,0,0
B10_D1,78,0,88,0,0
B6_D1,120,0,132,0,0
B6_D1,322,0,12,0,0
G1_D1,1009,0,159,0,0
G1_D1,217,0,18,0,0
B10_D1,33,0,160,0,0
B2_D1,566,0,119,0,0
B4_D1,805,0,55,0,0
B6_D1,602,0,32,0,0
G1_D1,470,0,511,0,0
B6_D1,771,0,52,0,0
G1_D1,160,0,217,0,0
B4_D1,25,0,2,0,0
B10_D1,889,0,395,0,0
B6_D1,256,0,36,0,0
B2_D1,624,0,23,0,0
B10_D1,24,0,120,0,0
B6_D1,137,0,32,0,0
B6_D1,240,0,295,0,0
B2_D1,722,0,224,0,-1
B6_D1,242,0,160,0,0
G1_D1,982,0,510,0,0
B10_D1,222,0,118,0,0
B6_D1,277,0,2,0,0
G1_D1,882,0,208,0,0
B10_D1,255,0,45,0,0
B6_D1,36,0,265,0,0
B10_D1,433,0,289,0,0
B6_D1,394,0,39,0,0
B10_D1,11,0,108,0,0
B6_D1,254,0,504,0,0
B4_D1,788,0,14,0,0
B10_D1,324,0,119,0,0
B6_D1,623,0,38,0,0
G1_D1,328,0,242,0,0
B6_D1,857,0,208,0,0
B6_D1,756,0,511,0,0
B4_D1,729,0,208,0,0
B8_D1,192,0,3,0,0
B10_D1,225,0,427,0,0
B6_D1,439,0,324,0,0
B4_D1,939,0,42,0,0
B6_D1,457,0,283,0,0
B6_D1,292,0,502,0,0
B2_D1,218,0,130,0,0
B6_D1,610,0,35,0,0
B10_D1,30,0,97,0,0
B10_D1,428,0,277,0,0
B10_D1,133,0,262,0,0
G1_D1,10,0,41,0,0
B6_D1,271,0,16,0,0
B10_D1,591,0,334,0,0
B6_D1,383,0,493,0,0
G1_D1,1010,0,365,0,-1
B4_D1,439,0,289,0,0
B6_D1,138,0,321,0,0
B6_D1,916,0,21,0,0
B4_D1,579,0,119,0,0
B10_D1,414,0,271,0,0
B10_D1,83,0,308,0,0
B10_D1,455,0,283,0,0
B6_D1,530,0,165,0,0
B6_D1,399,0,484,0,0
B10_D1,858,0,64,0,0
B2_D1,422,0,128,0,0
B6_D1,505,0,393,0,-1
B10_D1,351,0,93,0,0
B10_D1,282,0,50,0,0
G1_D1,960,0,234,0,0
B2_D1,775,0,489,0,0
B6_D1,688,0,70,0,0
B10_D1,89,0,461,0,0
B6_D1,747,0,492,0,0
B10_D1,828,0,418,0,0
B2_D1,415,0,486,0,0
B10_D1,876,0,475,0,0
G1_D1,23,0,84,0,0
B10_D1,506,0,0,0,0
B6_D1,901,0,224,0,0
B4_D1,578,0,204,0,0
B6_D1,896,0,6,0,0
B10_D1,666,0,5,0,0
G1_D1,25,0,97,0,0
B6_D1,368,0,273,0,0
B4_D1,921,0,56,0,0
G1_D1,147,0,261,0,0
B2_D1,601,0,510,0,0
B6_D1,154,0,4,0,0
G1_D1,124,0,2,0,0
G1_D1,673,0,473,0,0
B10_D1,685,0,75,0,0
G1_D1,8,0,242,0,0
B10_D1,810,0,243,0,0
G1_D1,927,0,76,0,0
B10_D1,616,0,121,0,0
B6_D1,630,0,215,0,0
B2_D1,156,0,93,0,0
B6_D1,793,0,113,0,0
B10_D1,102,0,462,0,0
B10_D1,470,0,219,0,0
B6_D1,399,0,122,0,0
B6_D1,25,0,505,0,0
G1_D1,244,0,171,0,0
G1_D1,886,0,233,0,0
B10_D1,431,0,36,0,0
B10_D1,355,0,15,0,0
G1_D1,735,0,0,0,0
B6_D1,558,0,508,0,0
B4_D1,5,0,285,0,0
B6_D1,879,0,319,0,0
G1_D1,815,0,299,0,0
B6_D1,263,0,63,0,0
G1_D1,929,0,102,0,0
B4_D1,485,0,182,0,0
B6_D1,852,0,128,0,0
B6_D1,433,0,349,0,0
B10_D1,196,0,224,0,0
G1_D1,915,0,60,0,0
B6_D1,225,0,318,0,0
G1_D1,767,0,511,0,0
B10_D1,461,0,135,0,0
B4_D1,454,0,16,0,0
B6_D1,821,0,141,0,0
B6_D1,980,0,415,0,0
B10_D1,895,0,240,0,0
B2_D1,825,0,185,0,0
B4_D1,887,0,208,0,0
B6_D1,507,0,131,0,0
B6_D1,121,0,86,0,0
G1_D1,970,0,30,0,0
B2_D1,203,0,304,0,0
B10_D1,408,0,277,0,0
B6_D1,761,0,243,0,0
B10_D1,686,0,21,0,0
B10_D1,84,0,165,0,0
B6_D1,312,0,135,0,0
B6_D1,123,0,131,0,0
B6_D1,627,0,412,0,0
G1_D1,33,0,138,0,0
B6_D1,233,0,33,0,0
B10_D1,359,0,211,0,0
B10_D1,43,0,136,0,0
B10_D1,116,0,108,0,0
B2_D1,562,0,0,0,0
B10_D1,111,0,335,0,0
B10_D1,638,0,4,0,0
B10_D1,139,0,13,0,0
B6_D1,831,0,16,0,0
G1_D1,721,0,312,0,0
G1_D1,96,0,98,0,0
G1_D1,503,0,44,0,0
B10_D1,116,0,288,0,0
B6_D1,551,0,376,0,0
B10_D1,1023,0,240,0,0
B6_D1,855,0,114,0,0
B10_D1,421,0,260,0,0
B6_D1,968,0,28,0,0
G1_D1,1015,0,309,0,0
B10_D1,707,0,74,0,0
G1_D1,1014,0,134,0,0
B2_D1,998,0,510,0,0
B6_D1,509,0,174,0,0
B6_D1,322,0,32,0,0
G1_D1,1007,0,121,0,0
G1_D1,87,0,99,0,0
B10_D1,811,0,383,0,0
B6_D1,644,0,4,0,0
B6_D1,356,0,218,0,0
B10_D1,865,0,75,0,0
B10_D1,1,0,84,0,0
B10_D1,433,0,14,0,0
B10_D1,649,0,415,0,0
B6_D1,726,0,496,0,0
B6_D1,28,0,253,0,0
B4_D1,731,0,246,0,0
B6_D1,487,0,173,0,0
B10_D1,488,0,113,0,0
B6_D1,306,0,169,0,0
B6_D1,691,0,16,0,0
B10_D1,714,0,438,0,0
B10_D1,359,0,10,0,0
B10_D1,4,0,157,0,0
B6_D1,259,0,76,0,0
B10_D1,292,0,2,0,0
G1_D1,985,0,133,0,0
B8_D1,416,0,196,0,0
B6_D1,629,0,14,0,0
B4_D1,1022,0,214,0,0
B10_D1,425,0,143,0,0
B4_D1,1023,0,25,0,0
B2_D1,647,0,145,0,0
G1_D1,916,0,15,0,0
B10_D1,443,0,302,0,0
G1_D1,1002,0,16,0,0
B4_D1,3,0,324,0,0
B6_D1,573,0,498,0,0
B10_D1,845,0,340,0,0
B8_D1,85,0,329,0,0
B2_D1,772,0,359,0,0
G1_D1,671,0,111,0,0
B6_D1,428,0,28,0,0
B4_D1,87,0,29,0,0
B10_D1,807,0,55,0,0
B4_D1,238,0,208,0,0
B2_D1,447,0,128,0,0
B6_D1,542,0,158,0,0
B6_D1,673,0,159,0,0
B2_D1,607,0,224,0,0
B6_D1,9,0,44,0,0
B6_D1,558,0,479,0,0
B6_D1,413,0,252,0,0
B10_D1,880,0,299,0,0
B2_D1,759,0,511,0,0
G1_D1,22,0,215,0,0
B6_D1,620,0,418,0,0
B6_D1,614,0,181,0,0
B6_D1,324,0,204,0,0
B10_D1,740,0,120,0,0
B10_D1,859,0,347,0,0
B6_D1,947,0,188,0,-1
B6_D1,857,0,130,0,0
B4_D1,327,0,169,0,0
G1_D1,177,0,157,0,0
B4_D1,600,0,182,0,0
B10_D1,34,0,147,0,0
B10_D1,17,0,272,0,0
B10_D1,241,0,239,0,0
B2_D1,768,0,77,0,0
G1_D1,627,0,90,0,0
G1_D1,877,0,308,0,0
G1_D1,10,0,348,0,0
G1_D1,431,0,241,0,0
B8_D1,200,0,49,0,0
B8_D1,32,0,252,0,0
G1_D1,811,0,456,0,0
B10_D1,441,0,313,0,0
G1_D1,36,0,271,0,0
B4_D1,293,0,16,0,0
B2_D1,600,0,46,0,0
B6_D1,418,0,51,0,0
B10_D1,369,0,185,0,0
B8_D1,655,0,178,0,0
B10_D1,322,0,230,0,0
B4_D1,5,0,454,0,0
B6_D1,995,0,296,0,0
B10_D1,634,0,468,0,0
G1_D1,819,0,39,0,0
G1_D1,580,0,140,0,0
B4_D1,365,0,369,0,0
B10_D1,250,0,92,0,0
B8_D1,712,0,250,0,0
B6_D1,198,0,493,0,0
B4_D1,358,0,361,0,0
B10_D1,691,0,29,0,0
B6_D1,461,0,74,0,0
B2_D1,516,0,39,0,0
B4_D1,1022,0,26,0,0
B6_D1,145,0,337,0,0
B6_D1,793,0,97,0,0
B4_D1,587,0,300,0,0
B10_D1,696,0,483,0,0
G1_D1,949,0,3,0,0
B6_D1,264,0,504,0,0
G1_D1,185,0,20,0,0
B4_D1,906,0,261,0,0
B10_D1,582,0,317,0,0
B10_D1,448,0,79,0,0
G1_D1,688,0,170,0,0
B10_D1,523,0,284,0,0
B10_D1,144,0,222,0,0
G1_D1,280,0,185,0,0
B6_D1,416,0,506,0,0
B10_D1,626,0,228,0,0
B6_D1,928,0,300,0,0
G1_D1,77,0,18,0,0
B6_D1,0,0,237,0,0
B6_D1,1009,0,143,0,0
G1_D1,524,0,9,0,0
G1_D1,518,0,39,0,0
B6_D1,753,0,61,0,0
B4_D1,690,0,68,0,0
B10_D1,274,0,119,0,0
B6_D1,17,0,400,0,0
G1_D1,530,0,279,0,0
B6_D1,356,0,246,0,0
B8_D1,670,0,229,0,0
B6_D1,16,0,6,0,0
G1_D1,9,0,79,0,0
B10_D1,850,0,198,0,0
B6_D1,390,0,0,0,0
B2_D1,909,0,8,0,0
G1_D1,279,0,412,0,0
B2_D1,362,0,175,0,0
G1_D1,985,0,284,0,0
G1_D1,565,0,140,0,0
B6_D1,341,0,138,0,0
B10_D1,415,0,460,0,0
B4_D1,537,0,208,0,0
B10_D1,81,0,211,0,0
B6_D1,276,0,340,0,0
B10_D1,639,0,43,0,0
B10_D1,742,0,89,0,0
B4_D1,3,0,154,0,0
G1_D1,29,0,61,0,0
G1_D1,10,0,364,0,0
B6_D1,624,0,14,0,0
B6_D1,35,0,252,0,0
G1_D1,115,0,418,0,0
B6_D1,150,0,371,0,0
B6_D1,173,0,369,0,0
B6_D1,923,0,438,0,0
G1_D1,567,0,250,0,0
B10_D1,538,0,226,0,0
G1_D1,553,0,31,0,0
B10_D1,530,0,412,0,0
B2_D1,735,0,19,0,0
B6_D1,37,0,37,0,0
B6_D1,396,0,31,0,0
B6_D1,710,0,490,0,0
B6_D1,1021,0,220,0,0
B2_D1,574,0,511,0,0
B4_D1,4,0,102,0,0
B10_D1,814,0,364,0,0
B10_D1,428,0,316,0,0
B6_D1,746,0,193,0,0
B6_D1,755,0,495,0,0
B6_D1,399,0,333,0,0
G1_D1,383,0,296,0,0
G1_D1,82,0,54,0,0
G1_D1,145,0,0,0,0
B10_D1,656,0,83,0,0
G1_D1,644,0,8,0,0
B10_D1,812,0,106,0,0
G1_D1,406,0,391,0,0
B6_D1,651,0,1,0,0
B6_D1,393,0,314,0,4
B6_D1,937,0,249,0,0
G1_D1,47,0,461,0,0
B2_D1,382,0,481,0,0
B10_D1,75,0,31,0,0
B6_D1,945,0,25,0,0
G1_D1,17,0,236,0,0
B10_D1,109,0,124,0,0
B6_D1,669,0,181,0,0
B8_D1,674,0,308,0,0
B4_D1,802,0,259,0,0
B10_D1,111,0,218,0,0
B6_D1,994,0,253,0,0
B10_D1,898,0,307,0,0
B10_D1,405,0,20,0,0
B6_D1,806,0,357,0,0
G1_D1,668,0,65,0,0
B6_D1,569,0,29,0,0
B10_D1,430,0,7,0,0
B10_D1,766,0,415,0,0
B10_D1,711,0,401,0,0
G1_D1,19,0,89,0,0
G1_D1,366,0,510,0,0
G1_D1,592,0,239,0,0
B6_D1,321,0,491,0,0
B6_D1,724,0,499,0,0
B6_D1,923,0,93,0,0
B2_D1,356,0,511,0,0
B2_D1,793,0,79,0,0
B6_D1,1005,0,30,0,0
G1_D1,393,0,235,0,0
B4_D1,622,0,187,0,0
G1_D1,112,0,17,0,0
G1_D1,871,0,47,0,0
B6_D1,436,0,350,0,0
B2_D1,541,0,287,0,0
B10_D1,843,0,352,0,0
B6_D1,133,0,8,0,0
B6_D1,1009,0,316,0,0
B6_D1,125,0,434,0,0
B4_D1,137,0,285,0,0
B6_D1,906,0,292,0,0
G1_D1,641,0,53,0,0
B6_D1,419,0,266,0,0
B6_D1,123,0,201,0,0
B10_D1,1010,0,233,0,0
B10_D1,738,0,7,0,0
B6_D1,1004,0,19,0,0
B6_D1,279,0,50,0,0
B6_D1,280,0,74,0,0
B10_D1,576,0,3,0,0
B6_D1,446,0,16,0,0
B8_D1,328,0,187,0,0
B6_D1,223,0,498,0,0
G1_D1,11,0,202,0,0
B10_D1,530,0,409,0,0
B10_D1,7,0,349,0,0
B6_D1,535,0,202,0,0
B6_D1,883,0,8,0,0
G1_D1,191,0,497,0,0
B10_D1,654,0,383,0,0
B6_D1,771,0,154,0,0
B6_D1,100,0,495,0,0
B6_D1,918,0,316,0,0
B10_D1,452,0,10,0,0
B10_D1,512,0,303,0,0
G1_D1,336,0,225,0,0
G1_D1,29,0,238,0,0
B10_D1,119,0,195,0,0
B10_D1,652,0,71,0,0
B6_D1,960,0,344,0,-1
G1_D1,931,0,236,0,0
B10_D1,718,0,444,0,0
B6_D1,651,0,112,0,0
B2_D1,607,0,47,0,0
B10_D1,69,0,155,0,0
B2_D1,277,0,393,0,0
G1_D1,390,0,100,0,0
B4_D1,607,0,302,0,0
B10_D1,696,0,511,0,0
B10_D1,17,0,239,0,0
G1_D1,179,0,373,0,0
G1_D1,950,0,25,0,0
B10_D1,520,0,101,0,0
G1_D1,464,0,4,0,0
G1_D1,214,0,272,0,0
B10_D1,266,0,63,0,0
B6_D1,648,0,219,0,0
G1_D1,348,0,241,0,0
B10_D1,537,0,299,0,0
G1_D1,461,0,99,0,0
G1_D1,719,0,123,0,0
G1_D1,106,0,23,0,0
G1_D1,1006,0,163,0,0
B10_D1,8,0,247,0,0
G1_D1,974,0,23,0,0
B6_D1,66,0,139,0,0
B6_D1,1020,0,478,0,0
B6_D1,210,0,133,0,0
B10_D1,388,0,132,0,0
B6_D1,336,0,501,0,0
B6_D1,995,0,505,0,0
B10_D1,152,0,91,0,0
B10_D1,589,0,43,0,0
B10_D1,418,0,124,0,0
B6_D1,672,0,452,0,0
B6_D1,144,0,509,0,0
B10_D1,338,0,309,0,0
G1_D1,269,0,462,0,3
B6_D1,48,0,160,0,0
B4_D1,776,0,15,0,0
B6_D1,76,0,182,0,0
B6_D1,730,0,20,0,0
B10_D1,562,0,2,0,0
B10_D1,193,0,509,0,0
G1_D1,30,0,171,0,0
B6_D1,230,0,433,0,0
B10_D1,429,0,244,0,0
B6_D1,661,0,386,0,0
B2_D1,608,0,465,0,-1
B10_D1,214,0,406,0,0
B10_D1,293,0,84,0,0
B6_D1,570,0,472,0,0
B10_D1,398,0,312,0,4
B10_D1,510,0,125,0,0
B10_D1,18,0,14,0,0
G1_D1,209,0,141,0,0
G1_D1,789,0,39,0,0
B6_D1,749,0,288,0,0
B10_D1,807,0,90,0,0
B2_D1,295,0,140,0,0
B4_D1,681,0,198,0,0
B6_D1,716,0,394,0,0
B6_D1,854,0,258,0,0
B6_D1,72,0,396,0,0
B6_D1,465,0,15,0,0
G1_D1,237,0,120,0,0
B6_D1,165,0,30,0,0
G1_D1,1007,0,270,0,0
B10_D1,676,0,85,0,0
B4_D1,5,0,80,0,0
B6_D1,288,0,23,0,0
B10_D1,132,0,12,0,0
B6_D1,32,0,406,0,0
B2_D1,492,0,492,0,0
B6_D1,101,0,323,0,0
G1_D1,539,0,277,0,0
B6_D1,404,0,408,0,0
B6_D1,145,0,387,0,0
B10_D1,391,0,124,0,0
B10_D1,745,0,120,0,0
B10_D1,518,0,254,0,0
B6_D1,436,0,59,0,0
G1_D1,233,0,183,0,0
B6_D1,551,0,6,0,0
B10_D1,644,0,40,0,0
B6_D1,259,0,191,0,0
B6_D1,728,0,38,0,0
B6_D1,43,0,480,0,0
B10_D1,12,0,172,0,0
B2_D1,876,0,48,0,0
B6_D1,759,0,109,0,0
B6_D1,882,0,97,0,0
B6_D1,767,0,2,0,0
B8_D1,940,0,238,0,0
G1_D1,103,0,51,0,0
B6_D1,852,0,181,0,0
B6_D1,881,0,501,0,0
B10_D1,14,0,83,0,0
B2_D1,797,0,32,0,0
G1_D1,1009,0,23,0,0
B10_D1,592,0,214,0,0
B10_D1,35,0,158,0,0
B6_D1,948,0,38,0,0
B2_D1,755,0,71,0,0
B2_D1,867,0,42,0,0
B2_D1,51,0,30,0,0
B6_D1,332,0,382,0,0
B10_D1,213,0,363,0,0
B10_D1,447,0,272,0,0
B6_D1,892,0,497,0,0
B10_D1,623,0,309,0,0
B6_D1,437,0,264,0,0
B10_D1,592,0,481,0,0
B10_D1,289,0,271,0,0
B10_D1,451,0,232,0,0
B6_D1,591,0,6,0,0
G1_D1,21,0,72,0,0
B10_D1,179,0,121,0,0
B10_D1,460,0,165,0,0
B10_D1,683,0,18,0,0
G1_D1,352,0,53,0,0
B10_D1,263,0,286,0,0
B10_D1,661,0,511,0,0
B2_D1,514,0,487,0,0
B4_D1,634,0,298,0,0
B6_D1,711,0,283,0,0
B2_D1,383,0,480,0,0
B10_D1,849,0,405,0,0
B10_D1,262,0,346,0,0
B10_D1,382,0,26,0,0
B4_D1,1,0,475,0,0
B4_D1,930,0,220,0,0
B4_D1,183,0,237,0,0
B4_D1,542,0,380,0,0
B6_D1,140,0,287,0,0
B4_D1,346,0,301,0,0
B6_D1,325,0,220,0,0
G1_D1,1001,0,111,0,0
B6_D1,1,0,56,0,0
B6_D1,11,0,271,0,0
B4_D1,1019,0,93,0,0
G1_D1,1018,0,445,0,0
B2_D1,946,0,47,0,0
G1_D1,784,0,20,0,0
B10_D1,865,0,208,0,0
B6_D1,579,0,39,0,0
B10_D1,270,0,259,0,0
B10_D1,456,0,5,0,0
G1_D1,605,0,457,0,9
G1_D1,717,0,18,0,0
B6_D1,333,0,498,0,0
G1_D1,304,0,10,0,0
B10_D1,539,0,476,0,0
B10_D1,21,0,201,0,0
B10_D1,663,0,444,0,0
B4_D1,677,0,21,0,0
B2_D1,562,0,40,0,0
B6_D1,786,0,199,0,0
B6_D1,156,0,306,0,0
B10_D1,775,0,49,0,0
B6_D1,266,0,26,0,0
B6_D1,233,0,334,0,0
B4_D1,358,0,219,0,0
B2_D1,690,0,64,0,0
B10_D1,482,0,340,0,0
B10_D1,615,0,184,0,0
B10_D1,620,0,291,0,0
G1_D1,98,0,201,0,0
B6_D1,748,0,28,0,0
G1_D1,884,0,13,0,0
B2_D1,152,0,463,0,0
B10_D1,543,0,283,0,0
B6_D1,942,0,327,0,0
B6_D1,672,0,110,0,0
G1_D1,750,0,0,0,0
G1_D1,666,0,117,0,0
B8_D1,1021,0,255,0,0
G1_D1,555,0,40,0,0
B6_D1,636,0,241,0,0
G1_D1,175,0,511,0,0
G1_D1,983,0,43,0,0
B4_D1,7,0,337,0,0
B10_D1,742,0,18,0,0
B6_D1,366,0,292,0,0
G1_D1,495,0,0,0,0
B6_D1,416,0,350,0,0
B6_D1,462,0,266,0,0
B10_D1,164,0,230,0,0
B10_D1,291,0,254,0,0
G1_D1,204,0,182,0,0
B6_D1,476,0,242,0,0
B6_D1,145,0,10,0,0
G1_D1,251,0,411,0,-1
B10_D1,970,0,488,0,0
B10_D1,588,0,259,0,0
B10_D1,308,0,273,0,0
B6_D1,95,0,35,0,0
B6_D1,667,0,412,0,0
B6_D1,474,0,14,0,0
B10_D1,200,0,252,0,0
B10_D1,364,0,232,0,0
B10_D1,908,0,386,0,0
G1_D1,372,0,91,0,0
G1_D1,151,0,289,0,0
B6_D1,134,0,206,0,0
B6_D1,49,0,435,0,0
B6_D1,256,0,101,0,0
G1_D1,148,0,93,0,0
B6_D1,230,0,291,0,0
B10_D1,512,0,488,0,0
B6_D1,111,0,478,0,0
B10_D1,718,0,60,0,0
B4_D1,774,0,255,0,0
G1_D1,415,0,390,0,0
B2_D1,797,0,11,0,0
B4_D1,988,0,55,0,0
B6_D1,65,0,411,0,0
B6_D1,112,0,82,0,0
G1_D1,490,0,242,0,0
B2_D1,377,0,173,0,0
B6_D1,138,0,258,0,0
B6_D1,383,0,70,0,0
B10_D1,358,0,65,0,0
B6_D1,743,0,197,0,0
G1_D1,132,0,142,0,0
B6_D1,484,0,67,0,0
B10_D1,34,0,244,0,0
B6_D1,46,0,496,0,0
B6_D1,959,0,410,0,0
B10_D1,461,0,5,0,0
B4_D1,668,0,72,0,0
B6_D1,932,0,42,0,0
B10_D1,383,0,279,0,0
B6_D1,886,0,36,0,0
B2_D1,893,0,32,0,0
B4_D1,192,0,3,0,0
B6_D1,690,0,345,0,0
B6_D1,728,0,432,0,0
B10_D1,370,0,138,0,0
B10_D1,699,0,112,0,0
B10_D1,540,0,53,0,0
B6_D1,308,0,460,0,3
B2_D1,533,0,155,0,0
B2_D1,882,0,39,0,0
B10_D1,652,0,414,0,0
B10_D1,869,0,34,0,0
B6_D1,585,0,392,0,0
B10_D1,527,0,291,0,0
B10_D1,621,0,85,0,0
G1_D1,101,0,510,0,0
B2_D1,161,0,465,0,0
B10_D1,417,0,496,0,0
G1_D1,215,0,124,0,0
B6_D1,784,0,244,0,0
G1_D1,618,0,112,0,0
B10_D1,602,0,481,0,0
B4_D1,830,0,42,0,0
B2_D1,845,0,465,0,-1
G1_D1,785,0,70,0,0
B6_D1,623,0,285,0,0
B6_D1,936,0,416,0,0
B6_D1,747,0,255,0,0
B6_D1,440,0,510,0,0
B6_D1,260,0,130,0,0
G1_D1,600,0,510,0,0
B6_D1,278,0,333,0,0
B6_D1,218,0,483,0,0
B10_D1,469,0,61,0,0
B10_D1,221,0,272,0,0
B6_D1,739,0,504,0,0
B8_D1,140,0,243,0,0
B10_D1,495,0,498,0,0
B10_D1,761,0,269,0,0
B4_D1,375,0,383,0,0
B6_D1,770,0,432,0,0
B6_D1,706,0,411,0,0
B6_D1,667,0,104,0,0
B10_D1,469,0,158,0,0
B2_D1,156,0,261,0,0
G1_D1,502,0,222,0,0
B6_D1,636,0,370,0,0
B6_D1,785,0,332,0,0
B6_D1,703,0,467,0,0
B10_D1,102,0,427,0,0
G1_D1,198,0,80,0,0
G1_D1,987,0,121,0,0
B6_D1,973,0,327,0,-1
G1_D1,784,0,69,0,0
B10_D1,965,0,479,0,0
B10_D1,900,0,17,0,0
B4_D1,200,0,61,0,0
B2_D1,606,0,159,0,0
B10_D1,581,0,100,0,0
B10_D1,724,0,431,0,0
B6_D1,80,0,142,0,0
B6_D1,768,0,8,0,0
B10_D1,646,0,258,0,0
G1_D1,46,0,257,0,0
B4_D1,120,0,141,0,0
G1_D1,112,0,18,0,0
B2_D1,820,0,38,0,0
G1_D1,557,0,84,0,0
B10_D1,94,0,294,0,0
G1_D1,49,0,143,0,0
B2_D1,605,0,161,0,0
B6_D1,741,0,437,0,0
B10_D1,14,0,262,0,0
B6_D1,947,0,299,0,0
G1_D1,329,0,414,0,0
B6_D1,110,0,374,0,0
B4_D1,105,0,197,0,0
B10_D1,73,0,88,0,0
B6_D1,409,0,354,0,0
G1_D1,609,0,4,0,0
G1_D1,877,0,78,0,0
B10_D1,742,0,419,0,0
B6_D1,914,0,397,0,0
B6_D1,307,0,461,0,3
B6_D1,135,0,30,0,0
B4_D1,7,0,229,0,0
B2_D1,391,0,381,0,0
B6_D1,341,0,381,0,0
B6_D1,167,0,309,0,0
B6_D1,772,0,80,0,0
B10_D1,346,0,88,0,0
B6_D1,119,0,484,0,0
G1_D1,11,0,126,0,0
G1_D1,49,0,120,0,0
B6_D1,819,0,101,0,0
B6_D1,786,0,250,0,0
B6_D1,968,0,448,0,-1
B10_D1,423,0,347,0,0
B10_D1,21,0,275,0,0
B4_D1,213,0,189,0,0
B6_D1,857,0,335,0,0
B10_D1,685,0,82,0,0
G1_D1,49,0,256,0,0
B10_D1,143,0,249,0,0
B10_D1,943,0,92,0,0
G1_D1,250,0,0,0,0
B2_D1,739,0,3,0,0
B6_D1,539,0,354,0,0
G1_D1,585,0,284,0,0
B6_D1,23,0,276,0,0
B6_D1,579,0,9,0,0
G1_D1,269,0,62,0,0
B4_D1,945,0,90,0,0
B6_D1,277,0,492,0,0
B2_D1,767,0,36,0,0
B6_D1,716,0,70,0,0
B6_D1,567,0,282,0,0
G1_D1,639,0,7,0,0
B4_D1,59,0,450,0,0
B6_D1,983,0,23,0,0
B10_D1,240,0,39,0,0
B2_D1,850,0,371,0,0
B6_D1,66,0,270,0,0
G1_D1,697,0,89,0,0
B10_D1,364,0,19,0,0
B6_D1,691,0,501,0,0
B10_D1,111,0,202,0,0
B4_D1,276,0,244,0,0
B4_D1,632,0,45,0,0
B6_D1,271,0,378,0,0
B2_D1,419,0,111,0,0
B4_D1,589,0,148,0,0
B6_D1,45,0,238,0,0
B6_D1,953,0,412,0,0
B2_D1,729,0,139,0,0
G1_D1,854,0,12,0,0
B10_D1,219,0,361,0,0
G1_D1,60,0,20,0,0
B10_D1,388,0,231,0,0
G1_D1,987,0,36,0,0
B10_D1,698,0,110,0,0
B4_D1,207,0,272,0,0
G1_D1,695,0,269,0,0
G1_D1,754,0,383,0,-1
B6_D1,20,0,370,0,0
B6_D1,92,0,450,0,0
B10_D1,231,0,356,0,0
B6_D1,572,0,308,0,0
B2_D1,138,0,450,0,0
B6_D1,42,0,396,0,0
B6_D1,618,0,13,0,0
B10_D1,212,0,432,0,0
B6_D1,955,0,495,0,0
B2_D1,991,0,41,0,0
B10_D1,285,0,7,0,0
G1_D1,189,0,63,0,0
G1_D1,935,0,497,0,0
G1_D1,991,0,185,0,0
B4_D1,496,0,375,0,0
B4_D1,759,0,293,0,0
B6_D1,721,0,26,0,0
G1_D1,1007,0,77,0,0
B4_D1,724,0,270,0,0
B10_D1,588,0,4,0,0
B10_D1,167,0,37,0,0
B10_D1,555,0,63,0,0
B10_D1,986,0,264,0,0
B6_D1,136,0,172,0,0
G1_D1,674,0,19,0,0
B6_D1,724,0,237,0,0
B6_D1,964,0,408,0,0
G1_D1,244,0,36,0,0
G1_D1,376,0,197,0,0
B10_D1,67,0,291,0,0
B6_D1,497,0,12,0,0
G1_D1,866,0,209,0,0
B10_D1,598,0,4,0,0
G1_D1,32,0,123,0,0
B6_D1,189,0,279,0,0
B4_D1,1019,0,135,0,0
B6_D1,762,0,270,0,0
B10_D1,416,0,203,0,0
B6_D1,614,0,509,0,0
B10_D1,881,0,261,0,0
B10_D1,115,0,501,0,0
G1_D1,689,0,7,0,0
B6_D1,560,0,272,0,0
B6_D1,250,0,84,0,0
G1_D1,986,0,18,0,0
G1_D1,445,0,143,0,0
B6_D1,187,0,308,0,-1
B4_D1,1019,0,132,0,0
B6_D1,444,0,436,0,0
B10_D1,118,0,128,0,0
B6_D1,749,0,494,0,0
B2_D1,110,0,19,0,0
B10_D1,575,0,480,0,0
G1_D1,536,0,470,0,0
B6_D1,239,0,129,0,0
B6_D1,229,0,109,0,0
B6_D1,830,0,127,0,0
B2_D1,987,0,105,0,0
B6_D1,732,0,17,0,0
B6_D1,103,0,483,0,0
B10_D1,112,0,88,0,0
B6_D1,616,0,239,0,0
G1_D1,715,0,434,0,0
B10_D1,116,0,168,0,0
B10_D1,749,0,11,0,0
B10_D1,225,0,39,0,0
B6_D1,524,0,350,0,8
B10_D1,267,0,281,0,0
B6_D1,314,0,499,0,0
B6_D1,435,0,112,0,0
B6_D1,124,0,83,0,0
B10_D1,952,0,260,0,0
B10_D1,351,0,176,0,0
B6_D1,899,0,117,0,0
B10_D1,718,0,159,0,0
B6_D1,57,0,103,0,0
B6_D1,961,0,94,0,0
G1_D1,552,0,119,0,0
G1_D1,633,0,278,0,0
B4_D1,587,0,373,0,0
B10_D1,306,0,85,0,0
B6_D1,633,0,51,0,0
G1_D1,234,0,453,0,0
B6_D1,864,0,489,0,0
B6_D1,470,0,381,0,0
B10_D1,500,0,480,0,0
B2_D1,145,0,303,0,0
B6_D1,141,0,276,0,0
B10_D1,1,0,169,0,0
B6_D1,588,0,343,0,0
B6_D1,261,0,435,0,-1
B2_D1,695,0,141,0,0
B6_D1,698,0,422,0,0
B6_D1,54,0,499,0,0
B10_D1,287,0,342,0,0
G1_D1,365,0,22,0,0
B10_D1,452,0,22,0,0
B6_D1,207,0,131,0,0
G1_D1,495,0,224,0,0
B6_D1,121,0,460,0,0
B2_D1,867,0,377,0,0
B6_D1,739,0,288,0,0
B10_D1,56,0,295,0,0
B6_D1,823,0,301,0,0
B10_D1,106,0,170,0,0
G1_D1,19,0,209,0,0
G1_D1,673,0,263,0,0
B6_D1,363,0,13,0,0
B6_D1,999,0,74,0,0
G1_D1,941,0,241,0,0
B8_D1,653,0,245,0,0
B4_D1,648,0,230,0,0
B2_D1,649,0,362,0,0
B10_D1,725,0,252,0,0
B6_D1,967,0,79,0,0
G1_D1,16,0,158,0,0
B10_D1,9,0,65,0,0
B6_D1,131,0,16,0,0
B6_D1,459,0,137,0,0
B6_D1,700,0,5,0,0
B10_D1,109,0,113,0,0
B10_D1,930,0,92,0,0
B6_D1,906,0,285,0,0
G1_D1,364,0,9,0,0
B6_D1,348,0,28,0,0
B10_D1,581,0,5,0,0
B10_D1,436,0,0,0,0
B10_D1,543,0,290,0,0
B6_D1,947,0,42,0,0
B10_D1,18,0,295,0,0
B6_D1,525,0,165,0,0
B10_D1,468,0,82,0,0
B10_D1,819,0,326,0,0
B10_D1,744,0,324,0,0
B6_D1,624,0,348,0,0
B10_D1,592,0,302,0,0
G1_D1,720,0,282,0,0
B2_D1,929,0,50,0,0
B4_D1,418,0,397,0,0
G1_D1,719,0,9,0,0
G1_D1,599,0,9,0,0
B4_D1,651,0,183,0,0
B6_D1,235,0,485,0,0
G1_D1,920,0,68,0,0
B6_D1,120,0,294,0,0
B10_D1,172,0,232,0,0
B6_D1,637,0,7,0,0
G1_D1,763,0,75,0,0
B6_D1,922,0,479,0,0
B10_D1,443,0,289,0,0
B2_D1,353,0,386,0,0
B6_D1,233,0,78,0,0
B2_D1,174,0,125,0,0
G1_D1,70,0,511,0,0
B2_D1,665,0,171,0,0
B10_D1,49,0,255,0,0
B6_D1,704,0,494,0,0
G1_D1,14,0,356,0,0
G1_D1,220,0,20,0,0
G1_D1,162,0,499,0,0
B10_D1,81,0,142,0,0
B2_D1,993,0,102,0,0
B8_D1,675,0,181,0,0
B10_D1,649,0,487,0,0
G1_D1,50,0,112,0,0
B6_D1,882,0,142,0,0
B6_D1,563,0,306,0,0
B6_D1,784,0,399,0,0
G1_D1,92,0,398,0,0
B8_D1,826,0,303,0,0
B10_D1,229,0,296,0,0
G1_D1,990,0,152,0,0
G1_D1,169,0,223,0,0
B10_D1,518,0,120,0,0
B6_D1,811,0,26,0,0
G1_D1,14,0,264,0,0
B10_D1,1005,0,25,0,0
B10_D1,367,0,29,0,0
B6_D1,588,0,188,0,0
B6_D1,818,0,488,0,0
B10_D1,394,0,33,0,0
G1_D1,105,0,269,0,0
B6_D1,129,0,424,0,0
B6_D1,525,0,35,0,0
B6_D1,366,0,41,0,0
B6_D1,785,0,10,0,0
B10_D1,28,0,22,0,0
B10_D1,466,0,18,0,0
G1_D1,287,0,445,0,-1
B4_D1,161,0,134,0,0
B10_D1,467,0,278,0,0
G1_D1,590,0,196,0,0
B10_D1,680,0,36,0,0
B4_D1,1017,0,212,0,0
B6_D1,381,0,21,0,0
B8_D1,183,0,111,0,0
G1_D1,1022,0,186,0,0
G1_D1,672,0,270,0,0
G1_D1,539,0,4,0,0
G1_D1,484,0,152,0,0
B6_D1,825,0,229,0,0
B6_D1,151,0,86,0,0
B6_D1,290,0,79,0,0
B6_D1,320,0,485,0,0
G1_D1,995,0,30,0,0
B10_D1,555,0,119,0,0
B10_D1,214,0,13,0,0
B6_D1,896,0,430,0,0
G1_D1,558,0,107,0,0
B4_D1,224,0,178,0,0
B6_D1,523,0,157,0,0
B10_D1,284,0,123,0,0
G1_D1,986,0,57,0,0
B6_D1,755,0,45,0,0
B6_D1,838,0,480,0,0
B10_D1,1021,0,42,0,0
B6_D1,518,0,343,0,8
B4_D1,527,0,280,0,0
B6_D1,209,0,472,0,0
B2_D1,518,0,158,0,0
B6_D1,837,0,270,0,0
B10_D1,343,0,189,0,0
B2_D1,398,0,172,0,0
B6_D1,955,0,217,0,0
B10_D1,304,0,200,0,0
B6_D1,118,0,358,0,0
B10_D1,3,0,411,0,0
G1_D1,993,0,86,0,0
G1_D1,580,0,154,0,0
B2_D1,0,0,85,0,0
B6_D1,959,0,153,0,0
B6_D1,704,0,460,0,0
B4_D1,755,0,229,0,0
B6_D1,567,0,482,0,0
G1_D1,956,0,233,0,0
B10_D1,953,0,490,0,0
B4_D1,505,0,256,0,0
B6_D1,841,0,147,0,0
B6_D1,85,0,495,0,0
B6_D1,802,0,87,0,0
B10_D1,240,0,26,0,0
G1_D1,45,0,56,0,0
B6_D1,1020,0,15,0,0
B6_D1,294,0,29,0,0
G1_D1,859,0,10,0,0
B6_D1,108,0,389,0,0
G1_D1,871,0,1,0,0
B10_D1,455,0,479,0,0
B8_D1,138,0,124,0,0
B6_D1,573,0,481,0,0
B6_D1,808,0,349,0,0
B10_D1,185,0,52,0,0
B6_D1,959,0,143,0,0
B6_D1,503,0,66,0,0
B6_D1,285,0,272,0,0
B10_D1,958,0,42,0,0
G1_D1,321,0,23,0,0
B6_D1,397,0,474,0,0
B10_D1,842,0,407,0,0
G1_D1,886,0,52,0,0
B10_D1,625,0,289,0,0
B6_D1,979,0,95,0,0
B6_D1,408,0,226,0,0
B10_D1,103,0,274,0,0
B6_D1,454,0,418,0,0
B10_D1,447,0,338,0,0
B6_D1,933,0,273,0,0
B10_D1,844,0,405,0,0
B10_D1,31,0,198,0,0
B10_D1,303,0,414,0,0
B10_D1,657,0,414,0,0
B6_D1,109,0,19,0,0
B8_D1,729,0,312,0,0
G1_D1,11,0,322,0,0
B2_D1,533,0,480,0,0
B10_D1,874,0,257,0,0
B6_D1,752,0,248,0,0
B6_D1,876,0,96,0,0
B10_D1,695,0,196,0,0
B4_D1,607,0,358,0,0
B4_D1,660,0,56,0,0
B10_D1,232,0,134,0,0
B10_D1,957,0,459,0,0
B4_D1,814,0,17,0,0
B10_D1,267,0,51,0,0
B6_D1,365,0,0,0,0
B6_D1,1021,0,16,0,0
B4_D1,489,0,57,0,0
B6_D1,77,0,386,0,0
B10_D1,973,0,77,0,0
B10_D1,590,0,310,0,0
B2_D1,751,0,24,0,0
B10_D1,685,0,239,0,0
G1_D1,367,0,236,0,0
G1_D1,315,0,287,0,0
B2_D1,754,0,69,0,0
B6_D1,233,0,38,0,0
G1_D1,57,0,91,0,0
B6_D1,212,0,132,0,0
B10_D1,259,0,33,0,0
B10_D1,795,0,308,0,0
B2_D1,767,0,225,0,0
G1_D1,1016,0,248,0,0
B4_D1,68,0,426,0,0
G1_D1,181,0,505,0,0
G1_D1,50,0,294,0,0
B6_D1,140,0,317,0,0
B6_D1,635,0,344,0,0
B6_D1,932,0,502,0,0
B4_D1,8,0,195,0,0
B10_D1,182,0,132,0,0
G1_D1,903,0,332,0,0
B6_D1,637,0,487,0,0
B10_D1,200,0,175,0,0
B10_D1,285,0,335,0,0
B6_D1,346,0,80,0,0
B6_D1,773,0,18,0,0
B6_D1,51,0,233,0,0
G1_D1,585,0,281,0,0
G1_D1,129,0,6,0,0
B10_D1,35,0,290,0,0
B10_D1,695,0,271,0,0
B6_D1,670,0,500,0,0
B6_D1,300,0,164,0,0
B10_D1,432,0,338,0,0
G1_D1,670,0,264,0,0
B6_D1,783,0,120,0,0
B6_D1,787,0,333,0,0
B6_D1,13,0,100,0,0
B10_D1,203,0,250,0,0
B10_D1,38,0,26,0,0
B10_D1,767,0,55,0,0
G1_D1,75,0,134,0,0
B4_D1,719,0,74,0,0
B6_D1,170,0,40,0,0
B6_D1,13,0,61,0,0
B6_D1,552,0,127,0,0
B10_D1,380,0,86,0,-1
G1_D1,678,0,473,0,0
G1_D1,568,0,198,0,0
B2_D1,966,0,136,0,0
B4_D1,202,0,193,0,0
B4_D1,422,0,402,0,0
B6_D1,350,0,73,0,0
B6_D1,930,0,35,0,0
B4_D1,848,0,78,0,0
B4_D1,725,0,17,0,0
B6_D1,230,0,15,0,0
B6_D1,605,0,280,0,0
B10_D1,511,0,124,0,0
B6_D1,470,0,490,0,0
B10_D1,433,0,329,0,0
B10_D1,467,0,212,0,0
B10_D1,343,0,209,0,0
G1_D1,248,0,174,0,0
B6_D1,356,0,478,0,0
B4_D1,108,0,16,0,0
B2_D1,2,0,110,0,0
B10_D1,825,0,281,0,0
B10_D1,146,0,71,0,0
B10_D1,342,0,107,0,0
G1_D1,641,0,55,0,0
B4_D1,667,0,59,0,0
G1_D1,682,0,274,0,0
B10_D1,212,0,228,0,0
B10_D1,935,0,369,0,0
G1_D1,547,0,94,0,0
B6_D1,625,0,457,0,0
G1_D1,512,0,149,0,0
B6_D1,3,0,236,0,0
G1_D1,135,0,498,0,0
B6_D1,933,0,93,0,0
B6_D1,310,0,390,0,0
B6_D1,15,0,88,0,0
G1_D1,45,0,258,0,0
B10_D1,836,0,255,0,0
B6_D1,164,0,494,0,0
G1_D1,353,0,362,0,0
B6_D1,76,0,6,0,0
G1_D1,795,0,58,0,0
B10_D1,748,0,311,0,0
B4_D1,1022,0,105,0,0
B10_D1,957,0,36,0,0
G1_D1,609,0,221,0,0
B6_D1,584,0,29,0,0
B10_D1,97,0,462,0,0
B10_D1,660,0,249,0,0
B6_D1,314,0,34,0,0
B2_D1,591,0,151,0,0
G1_D1,421,0,141,0,0
B10_D1,383,0,13,0,0
B6_D1,413,0,33,0,0
B10_D1,854,0,405,0,0
G1_D1,368,0,136,0,0
B6_D1,122,0,366,0,0
B10_D1,598,0,501,0,0
B6_D1,86,0,11,0,0
B6_D1,610,0,485,0,0
B6_D1,662,0,37,0,0
G1_D1,1017,0,265,0,0
B10_D1,575,0,242,0,0
B10_D1,316,0,488,0,0
B10_D1,805,0,437,0,0
B10_D1,102,0,147,0,0
B10_D1,586,0,147,0,0
B10_D1,390,0,195,0,0
B6_D1,316,0,511,0,0
B6_D1,938,0,13,0,0
B10_D1,679,0,8,0,0
G1_D1,430,0,22,0,0
B10_D1,839,0,237,0,0
B6_D1,400,0,294,0,0
B6_D1,668,0,158,0,0
B10_D1,658,0,418,0,0
G1_D1,287,0,180,0,0
B10_D1,320,0,251,0,-1
B10_D1,382,0,175,0,0
B6_D1,984,0,76,0,0
B6_D1,29,0,170,0,0
B6_D1,888,0,297,0,0
B10_D1,362,0,336,0,0
B6_D1,25,0,476,0,0
B10_D1,435,0,481,0,0
B2_D1,655,0,51,0,0
B6_D1,482,0,171,0,0
B6_D1,844,0,494,0,0
B2_D1,741,0,137,0,-1
B10_D1,696,0,117,0,0
B10_D1,1002,0,511,0,0
B6_D1,549,0,174,0,0
B10_D1,166,0,275,0,0
B10_D1,561,0,137,0,0
G1_D1,1013,0,328,0,0
G1_D1,544,0,9,0,0
B6_D1,86,0,21,0,0
B6_D1,674,0,276,0,0
B6_D1,782,0,208,0,0
B4_D1,515,0,224,0,0
B6_D1,361,0,381,0,0
B2_D1,393,0,13,0,0
B10_D1,47,0,12,0,0
B10_D1,603,0,247,0,0
G1_D1,71,0,129,0,0
B6_D1,772,0,402,0,0
B8_D1,164,0,339,0,0
B6_D1,998,0,312,0,0
B10_D1,513,0,222,0,0
B2_D1,798,0,64,0,0
B6_D1,943,0,33,0,0
B8_D1,5,0,226,0,0
G1_D1,78,0,320,0,0
B10_D1,379,0,508,0,0
B10_D1,424,0,147,0,0
B6_D1,339,0,433,0,0
G1_D1,444,0,75,0,0
B10_D1,373,0,134,0,0
B6_D1,237,0,167,0,0
B6_D1,224,0,109,0,0
B10_D1,603,0,479,0,0
B10_D1,830,0,314,0,0
G1_D1,7,0,236,0,0
G1_D1,765,0,0,0,0
G1_D1,245,0,47,0,0
B6_D1,185,0,324,0,-1
B4_D1,957,0,292,0,0
B6_D1,972,0,356,0,-1
B6_D1,609,0,24,0,0
B10_D1,631,0,499,0,0
B6_D1,156,0,116,0,0
B6_D1,26,0,271,0,0
B6_D1,954,0,421,0,0
B6_D1,713,0,49,0,0
B6_D1,763,0,3,0,0
G1_D1,166,0,15,0,0
B10_D1,363,0,236,0,0
B6_D1,595,0,510,0,0
B6_D1,567,0,22,0,0
B4_D1,747,0,213,0,0
B10_D1,203,0,113,0,0
B6_D1,367,0,47,0,0
B10_D1,419,0,342,0,0
B10_D1,645,0,28,0,0
B6_D1,924,0,301,0,0
B10_D1,630,0,117,0,0
G1_D1,826,0,271,0,0
B6_D1,220,0,25,0,0
B2_D1,1023,0,319,0,0
B6_D1,946,0,132,0,0
B8_D1,735,0,2,0,0
B10_D1,815,0,180,0,0
B10_D1,518,0,162,0,0
B10_D1,606,0,340,0,0
B6_D1,129,0,313,0,0
B10_D1,797,0,114,0,0
B10_D1,293,0,203,0,0
G1_D1,820,0,208,0,0
B6_D1,253,0,241,0,0
B6_D1,734,0,315,0,0
B6_D1,452,0,107,0,0
B2_D1,639,0,361,0,0
B2_D1,795,0,48,0,0
B2_D1,266,0,489,0,0
B6_D1,769,0,204,0,0
B10_D1,386,0,289,0,0
G1_D1,425,0,96,0,0
B10_D1,660,0,412,0,0
G1_D1,881,0,224,0,0
B10_D1,877,0,48,0,0
B10_D1,591,0,230,0,0
B6_D1,443,0,488,0,0
B2_D1,196,0,510,0,0
B10_D1,991,0,35,0,0
B8_D1,585,0,192,0,0
B10_D1,136,0,313,0,0
B10_D1,41,0,95,0,0
G1_D1,183,0,168,0,0
B6_D1,163,0,344,0,0
B4_D1,617,0,111,0,0
B10_D1,706,0,401,0,0
B4_D1,598,0,227,0,0
G1_D1,219,0,75,0,0
B6_D1,620,0,420,0,0
B2_D1,674,0,15,0,0
B6_D1,275,0,10,0,0
B6_D1,879,0,107,0,0
B10_D1,609,0,142,0,0
G1_D1,179,0,8,0,0
B4_D1,250,0,48,0,0
B6_D1,460,0,331,0,0
B10_D1,121,0,108,0,0
B10_D1,35,0,74,0,0
B10_D1,298,0,273,0,0
B10_D1,716,0,511,0,0
G1_D1,704,0,16,0,0
B10_D1,914,0,314,0,0
B10_D1,344,0,41,0,0
B10_D1,905,0,338,0,0
B10_D1,161,0,280,0,0
B6_D1,230,0,294,0,0
B6_D1,144,0,388,0,0
B10_D1,878,0,217,0,0
B10_D1,171,0,288,0,0
B2_D1,144,0,453,0,0
B10_D1,321,0,98,0,0
B10_D1,739,0,450,0,0
G1_D1,891,0,63,0,0
G1_D1,54,0,121,0,0
B4_D1,370,0,197,0,0
B4_D1,798,0,111,0,0
G1_D1,321,0,87,0,0
B4_D1,841,0,97,0,0
B6_D1,997,0,487,0,0
B6_D1,52,0,129,0,0
B6_D1,217,0,482,0,0
B10_D1,623,0,318,0,0
B10_D1,503,0,279,0,0
B6_D1,359,0,426,0,0
G1_D1,213,0,80,0,0
B6_D1,928,0,508,0,0
G1_D1,814,0,3,0,0
G1_D1,759,0,20,0,0
G1_D1,187,0,372,0,0
G1_D1,540,0,510,0,0
B2_D1,720,0,8,0,0
B4_D1,706,0,48,0,0
B6_D1,57,0,37,0,0
B10_D1,651,0,385,0,0
B10_D1,852,0,23,0,0
B10_D1,681,0,1,0,0
B10_D1,531,0,315,0,0
B10_D1,349,0,211,0,0
B6_D1,185,0,409,0,0
B6_D1,283,0,268,0,0
B2_D1,925,0,73,0,0
B10_D1,109,0,115,0,0
B10_D1,273,0,29,0,0
B10_D1,20,0,50,0,0
G1_D1,195,0,73,0,0
B6_D1,643,0,307,0,0
G1_D1,383,0,495,0,0
B2_D1,773,0,50,0,0
G1_D1,964,0,6,0,0
B10_D1,221,0,23,0,0
B6_D1,950,0,500,0,0
B2_D1,546,0,29,0,0
G1_D1,258,0,493,0,0
B4_D1,477,0,62,0,0
B6_D1,546,0,48,0,0
B10_D1,946,0,506,0,0
G1_D1,705,0,0,0,0
B6_D1,822,0,363,0,0
B6_D1,670,0,485,0,0
G1_D1,299,0,285,0,0
B6_D1,830,0,485,0,0
B4_D1,559,0,391,0,0
G1_D1,708,0,23,0,0
G1_D1,741,0,1,0,0
B4_D1,507,0,431,0,5
B6_D1,717,0,51,0,0
B10_D1,871,0,271,0,0
B6_D1,742,0,7,0,0
B10_D1,444,0,158,0,0
B6_D1,205,0,40,0,0
B4_D1,860,0,21,0,0
B10_D1,729,0,405,0,0
G1_D1,199,0,68,0,0
B10_D1,676,0,308,0,0
B6_D1,63,0,403,0,0
G1_D1,19,0,264,0,0
G1_D1,779,0,5,0,0
B4_D1,595,0,181,0,0
B6_D1,767,0,189,0,0
B6_D1,332,0,263,0,0
B10_D1,771,0,81,0,0
B6_D1,728,0,18,0,0
B2_D1,915,0,402,0,0
B6_D1,807,0,156,0,0
B10_D1,106,0,5,0,0
B2_D1,460,0,35,0,0
B6_D1,916,0,424,0,0
B10_D1,904,0,395,0,0
B10_D1,798,0,489,0,0
B6_D1,741,0,256,0,0
G1_D1,39,0,270,0,0
B6_D1,507,0,17,0,0
B6_D1,273,0,241,0,0
B6_D1,93,0,376,0,0
B2_D1,803,0,189,0,0
B10_D1,602,0,287,0,0
G1_D1,143,0,375,0,0
B10_D1,995,0,49,0,0
B6_D1,629,0,330,0,-1
B6_D1,40,0,10,0,0
B4_D1,108,0,85,0,0
G1_D1,538,0,147,0,0
B2_D1,529,0,482,0,0
B6_D1,945,0,295,0,0
B10_D1,476,0,9,0,0
B10_D1,680,0,59,0,0
B6_D1,646,0,370,0,0
B6_D1,241,0,387,0,0
B2_D1,178,0,129,0,0
B10_D1,932,0,459,0,0
G1_D1,214,0,7,0,0
B6_D1,254,0,115,0,0
G1_D1,616,0,110,0,0
B6_D1,2,0,439,0,0
B6_D1,663,0,331,0,-1
G1_D1,274,0,412,0,0
B6_D1,743,0,323,0,0
B10_D1,290,0,446,0,-1
B10_D1,591,0,44,0,0
B10_D1,290,0,263,0,0
B10_D1,509,0,126,0,0
G1_D1,577,0,158,0,0
G1_D1,878,0,469,0,0
G1_D1,258,0,98,0,-1
B6_D1,144,0,114,0,0
G1_D1,894,0,264,0,0
B4_D1,5,0,284,0,0
B6_D1,241,0,158,0,0
B10_D1,490,0,409,0,0
G1_D1,196,0,53,0,0
B10_D1,449,0,86,0,0
B4_D1,298,0,45,0,0
B2_D1,324,0,180,0,0
G1_D1,216,0,236,0,0
B10_D1,593,0,103,0,0
B2_D1,535,0,157,0,0
B2_D1,350,0,492,0,0
B10_D1,163,0,4,0,0
B6_D1,811,0,199,0,0
B6_D1,238,0,154,0,0
B2_D1,978,0,123,0,0
B2_D1,178,0,36,0,0
B6_D1,855,0,138,0,0
B10_D1,782,0,329,0,0
B10_D1,23,0,149,0,0
B6_D1,773,0,313,0,0
B6_D1,67,0,299,0,0
G1_D1,870,0,215,0,0
B6_D1,666,0,359,0,0
B6_D1,747,0,22,0,0
G1_D1,41,0,114,0,0
B10_D1,194,0,51,0,0
B10_D1,862,0,336,0,0
B6_D1,933,0,225,0,0
B10_D1,575,0,409,0,0
G1_D1,560,0,207,0,0
B10_D1,807,0,123,0,0
B6_D1,328,0,225,0,0
B6_D1,954,0,180,0,0
B6_D1,81,0,102,0,0
G1_D1,78,0,317,0,0
B6_D1,1005,0,0,0,0
G1_D1,15,0,56,0,0
B10_D1,174,0,507,0,0
B6_D1,948,0,481,0,0
B6_D1,886,0,41,0,0
B10_D1,171,0,157,0,0
B10_D1,479,0,31,0,0
B10_D1,581,0,326,0,0
B6_D1,254,0,19,0,0
B6_D1,1019,0,231,0,0
B10_D1,480,0,70,0,0
B6_D1,21,0,307,0,0
G1_D1,452,0,83,0,0
B6_D1,684,0,365,0,0
B4_D1,1022,0,268,0,0
B6_D1,609,0,14,0,0
B2_D1,686,0,279,0,0
B6_D1,93,0,97,0,0
B8_D1,282,0,185,0,0
B6_D1,679,0,186,0,0
B6_D1,215,0,10,0,0
B4_D1,1,0,160,0,0
B10_D1,430,0,161,0,0
G1_D1,974,0,22,0,0
B6_D1,645,0,10,0,0
G1_D1,392,0,242,0,0
G1_D1,46,0,182,0,0
B10_D1,364,0,196,0,0
G1_D1,148,0,413,0,0
B6_D1,579,0,69,0,0
B4_D1,963,0,153,0,0
B10_D1,233,0,79,0,0
B10_D1,941,0,3,0,0
B10_D1,764,0,98,0,0
G1_D1,936,0,21,0,0
B10_D1,990,0,49,0,0
B4_D1,455,0,212,0,0
B10_D1,283,0,179,0,0
B6_D1,642,0,42,0,0
B2_D1,682,0,224,0,0
G1_D1,632,0,48,0,0
B10_D1,123,0,93,0,0
G1_D1,10,0,56,0,0
B6_D1,463,0,18,0,0
B4_D1,7,0,395,0,0
B6_D1,904,0,99,0,0
G1_D1,924,0,107,0,0
B10_D1,506,0,209,0,0
G1_D1,214,0,503,0,0
G1_D1,100,0,294,0,0
G1_D1,413,0,34,0,0
B10_D1,579,0,408,0,0
B10_D1,475,0,100,0,0
B6_D1,111,0,31,0,0
B6_D1,1004,0,313,0,0
G1_D1,879,0,7,0,0
B6_D1,305,0,30,0,0
B10_D1,486,0,1,0,0
B2_D1,175,0,247,0,0
G1_D1,546,0,26,0,0
B10_D1,480,0,41,0,0
B4_D1,533,0,378,0,0
G1_D1,107,0,297,0,0
B6_D1,502,0,233,0,0
B6_D1,312,0,433,0,0
B6_D1,456,0,390,0,0
B6_D1,974,0,24,0,0
B6_D1,15,0,307,0,0
G1_D1,777,0,38,0,0
B6_D1,928,0,217,0,0
B2_D1,522,0,27,0,0
G1_D1,927,0,453,0,0
G1_D1,856,0,71,0,0
G1_D1,511,0,106,0,0
B6_D1,203,0,391,0,0
B10_D1,184,0,101,0,0
B6_D1,559,0,337,0,0
B6_D1,17,0,7,0,0
B10_D1,731,0,275,0,0
B10_D1,409,0,147,0,0
B6_D1,476,0,491,0,0
B6_D1,360,0,40,0,0
G1_D1,254,0,57,0,0
B10_D1,349,0,210,0,0
B6_D1,421,0,46,0,0
B6_D1,323,0,479,0,0
G1_D1,40,0,323,0,0
G1_D1,597,0,35,0,0
B10_D1,182,0,444,0,0
B10_D1,642,0,46,0,0
B10_D1,845,0,339,0,0
B6_D1,5,0,214,0,0
B10_D1,503,0,90,0,0
B2_D1,436,0,159,0,0
B4_D1,412,0,292,0,0
B6_D1,326,0,167,0,0
B10_D1,308,0,238,0,0
B4_D1,998,0,12,0,0
B6_D1,468,0,3,0,0
B10_D1,715,0,44,0,0
B6_D1,61,0,478,0,0
G1_D1,579,0,3,0,0
B8_D1,149,0,122,0,0
G1_D1,30,0,196,0,0
G1_D1,231,0,177,0,0
B4_D1,868,0,130,0,0
B6_D1,510,0,275,0,0
B6_D1,481,0,1,0,0
B6_D1,995,0,413,0,0
B6_D1,775,0,45,0,0
B6_D1,241,0,169,0,0
G1_D1,614,0,17,0,0
B10_D1,605,0,289,0,0
B6_D1,327,0,190,0,0
B10_D1,281,0,303,0,0
B8_D1,31,0,253,0,0
G1_D1,99,0,2,0,0
G1_D1,980,0,379,0,-1
B6_D1,313,0,483,0,0
G1_D1,539,0,10,0,0
B10_D1,603,0,263,0,0
B6_D1,28,0,262,0,0
G1_D1,876,0,212,0,0
B6_D1,197,0,473,0,0
B2_D1,2,0,196,0,0
B10_D1,737,0,99,0,0
B6_D1,983,0,8,0,0
B10_D1,13,0,150,0,0
B6_D1,529,0,291,0,0
G1_D1,590,0,457,0,9
B10_D1,436,0,212,0,0
B6_D1,426,0,55,0,0
G1_D1,484,0,89,0,0
B10_D1,1,0,234,0,0
B6_D1,126,0,481,0,0
B6_D1,217,0,364,0,0
G1_D1,384,0,10,0,0
B4_D1,158,0,120,0,0
B6_D1,596,0,46,0,0
B10_D1,23,0,228,0,0
B10_D1,412,0,25,0,0
B6_D1,378,0,33,0,0
B6_D1,872,0,447,0,0
B10_D1,926,0,377,0,0
B10_D1,431,0,346,0,0
B10_D1,133,0,352,0,0
B6_D1,690,0,133,0,0
B10_D1,667,0,416,0,0
B6_D1,881,0,171,0,0
B6_D1,124,0,39,0,0
B10_D1,690,0,291,0,0
G1_D1,719,0,5,0,0
B10_D1,611,0,220,0,0
B10_D1,381,0,264,0,0
B6_D1,618,0,498,0,0
B6_D1,236,0,1,0,0
G1_D1,166,0,188,0,0
G1_D1,1023,0,508,0,0
B6_D1,559,0,494,0,0
G1_D1,612,0,275,0,0
B6_D1,91,0,11,0,0
B10_D1,683,0,26,0,0
G1_D1,378,0,442,0,2
B2_D1,602,0,47,0,0
G1_D1,870,0,265,0,0
B6_D1,1022,0,258,0,0
B2_D1,504,0,124,0,0
G1_D1,1010,0,155,0,0
B6_D1,176,0,323,0,-1
B6_D1,942,0,7,0,0
B10_D1,1023,0,218,0,0
B6_D1,539,0,263,0,0
B6_D1,514,0,269,0,0
B2_D1,826,0,70,0,0
B6_D1,530,0,490,0,0
B10_D1,138,0,211,0,0
B10_D1,33,0,49,0,0
G1_D1,39,0,217,0,0
G1_D1,794,0,209,0,0
B10_D1,620,0,480,0,0
G1_D1,522,0,69,0,0
B6_D1,731,0,51,0,0
B6_D1,238,0,63,0,0
B2_D1,575,0,289,0,0
B10_D1,654,0,61,0,0
G1_D1,789,0,2,0,0
B6_D1,851,0,31,0,0
B4_D1,1,0,355,0,0
B2_D1,853,0,41,0,0
B6_D1,760,0,490,0,0
G1_D1,615,0,443,0,0
B6_D1,470,0,387,0,0
B4_D1,133,0,18,0,0
B10_D1,629,0,473,0,0
B10_D1,245,0,170,0,0
B10_D1,628,0,283,0,0
B10_D1,720,0,84,0,0
G1_D1,375,0,222,0,0
B4_D1,718,0,251,0,0
B6_D1,954,0,220,0,0
B10_D1,947,0,248,0,0
B10_D1,160,0,180,0,0
B6_D1,644,0,284,0,0
B6_D1,194,0,367,0,0
G1_D1,615,0,510,0,0
B6_D1,223,0,344,0,0
B6_D1,224,0,371,0,0
B6_D1,561,0,48,0,0
B6_D1,264,0,494,0,0
B6_D1,583,0,43,0,0
B6_D1,811,0,141,0,0
B10_D1,427,0,411,0,0
B10_D1,973,0,59,0,0
B6_D1,345,0,87,0,0
B6_D1,810,0,490,0,0
B10_D1,525,0,281,0,0
B6_D1,722,0,156,0,0
B10_D1,366,0,63,0,0
B6_D1,343,0,143,0,0
B6_D1,528,0,327,0,0
B10_D1,22,0,15,0,0
G1_D1,618,0,235,0,0
B6_D1,308,0,49,0,0
B10_D1,179,0,281,0,0
B10_D1,104,0,206,0,0
B4_D1,121,0,2,0,0
B6_D1,367,0,37,0,0
B6_D1,719,0,164,0,0
B6_D1,928,0,483,0,0
B10_D1,427,0,22,0,0
B4_D1,848,0,206,0,0
B10_D1,997,0,248,0,0
B6_D1,933,0,165,0,-1
B2_D1,154,0,110,0,0
B10_D1,503,0,89,0,0
B10_D1,770,0,82,0,0
B6_D1,802,0,152,0,0
B10_D1,291,0,171,0,0
B10_D1,223,0,248,0,0
B10_D1,409,0,58,0,0
B10_D1,421,0,0,0,0
B6_D1,799,0,504,0,0
G1_D1,159,0,277,0,0
B6_D1,531,0,409,0,0
B10_D1,295,0,122,0,0
B10_D1,549,0,267,0,0
B10_D1,453,0,230,0,0
B6_D1,771,0,496,0,0
B6_D1,927,0,274,0,0
B4_D1,748,0,71,0,0
B10_D1,734,0,317,0,0
G1_D1,217,0,372,0,0
G1_D1,522,0,474,0,0
B6_D1,782,0,359,0,0
G1_D1,50,0,129,0,0
B10_D1,169,0,8,0,0
B6_D1,621,0,432,0,0
B10_D1,533,0,326,0,0
G1_D1,457,0,18,0,0
B6_D1,730,0,451,0,0
B6_D1,241,0,124,0,0
B10_D1,328,0,51,0,0
G1_D1,140,0,376,0,0
B10_D1,102,0,114,0,0
B6_D1,678,0,483,0,0
B4_D1,229,0,146,0,0
B6_D1,904,0,9,0,0
B6_D1,792,0,487,0,0
B10_D1,628,0,242,0,0
B6_D1,209,0,57,0,0
B6_D1,513,0,480,0,0
B6_D1,693,0,23,0,0
G1_D1,699,0,279,0,0
B10_D1,945,0,502,0,0
B2_D1,175,0,130,0,0
B10_D1,810,0,380,0,0
B2_D1,167,0,250,0,0
B6_D1,547,0,374,0,0
B6_D1,868,0,222,0,0
B4_D1,291,0,211,0,0
B2_D1,871,0,51,0,0
G1_D1,120,0,457,0,0
B6_D1,628,0,343,0,0
B6_D1,274,0,34,0,0
B10_D1,762,0,423,0,0
B10_D1,777,0,429,0,0
G1_D1,186,0,52,0,0
B10_D1,11,0,505,0,0
B6_D1,540,0,333,0,0
G1_D1,175,0,164,0,0
B10_D1,406,0,246,0,0
B2_D1,580,0,152,0,0
B10_D1,406,0,124,0,0
B6_D1,787,0,80,0,0
B6_D1,473,0,28,0,0
B6_D1,80,0,357,0,0
B10_D1,615,0,211,0,0
B6_D1,97,0,125,0,0
B2_D1,964,0,92,0,0
B6_D1,9,0,92,0,0
B2_D1,117,0,199,0,0
B10_D1,706,0,17,0,0
B10_D1,763,0,262,0,0
B6_D1,790,0,359,0,0
B6_D1,897,0,47,0,0
B2_D1,225,0,50,0,0
B10_D1,362,0,265,0,0
G1_D1,947,0,250,0,0
G1_D1,816,0,1,0,0
B6_D1,232,0,380,0,0
B6_D1,502,0,412,0,0
B6_D1,290,0,500,0,0
B6_D1,959,0,242,0,0
B10_D1,12,0,208,0,0
B6_D1,657,0,50,0,0
B4_D1,388,0,16,0,0
G1_D1,692,0,18,0,0
G1_D1,561,0,26,0,0
B6_D1,733,0,481,0,0
B10_D1,0,0,296,0,0
B6_D1,368,0,385,0,0
G1_D1,810,0,0,0,0
G1_D1,39,0,6,0,0
G1_D1,265,0,64,0,0
B10_D1,578,0,202,0,0
G1_D1,919,0,16,0,0
B10_D1,805,0,440,0,0
B6_D1,542,0,403,0,0
B6_D1,221,0,149,0,0
B6_D1,355,0,243,0,0
B4_D1,389,0,194,0,0
B10_D1,392,0,194,0,0
B6_D1,57,0,2,0,0
B8_D1,109,0,94,0,0
B6_D1,170,0,57,0,0
B2_D1,775,0,285,0,0
B2_D1,687,0,30,0,0
B4_D1,301,0,215,0,0
B6_D1,21,0,132,0,0
G1_D1,217,0,42,0,0
G1_D1,675,0,79,0,0
G1_D1,240,0,511,0,0
G1_D1,41,0,177,0,0
G1_D1,885,0,237,0,0
B6_D1,910,0,216,0,0
B4_D1,0,0,423,0,0
B4_D1,701,0,68,0,0
B10_D1,142,0,253,0,0
B10_D1,386,0,9,0,0
B8_D1,654,0,307,0,0
B10_D1,795,0,40,0,0
B6_D1,717,0,374,0,0
B6_D1,745,0,183,0,0
B10_D1,77,0,319,0,0
B6_D1,73,0,18,0,0
B2_D1,635,0,508,0,0
B10_D1,951,0,251,0,0
B10_D1,174,0,28,0,0
B6_D1,51,0,11,0,0
B6_D1,652,0,42,0,0
B10_D1,617,0,290,0,0
B6_D1,349,0,19,0,0
B4_D1,741,0,41,0,0
B6_D1,855,0,126,0,0
B10_D1,611,0,185,0,0
B6_D1,902,0,343,0,0
B10_D1,569,0,307,0,0
G1_D1,244,0,262,0,0
B6_D1,1004,0,410,0,0
B4_D1,508,0,61,0,0
B10_D1,396,0,410,0,0
B10_D1,703,0,12,0,0
B6_D1,857,0,482,0,0
B10_D1,469,0,17,0,0
B8_D1,120,0,131,0,0
G1_D1,401,0,126,0,0
B6_D1,923,0,503,0,0
G1_D1,995,0,194,0,0
B4_D1,1013,0,159,0,0
B6_D1,942,0,27,0,0
B8_D1,39,0,325,0,0
B10_D1,391,0,501,0,0
B6_D1,925,0,260,0,0
B6_D1,712,0,42,0,0
B6_D1,468,0,33,0,0
B10_D1,403,0,111,0,0
G1_D1,669,0,12,0,0
B6_D1,520,0,500,0,0
G1_D1,99,0,13,0,0
B10_D1,327,0,268,0,0
B6_D1,244,0,371,0,0
B10_D1,382,0,29,0,0
B6_D1,221,0,46,0,0
B6_D1,183,0,13,0,0
B10_D1,88,0,164,0,0
B6_D1,936,0,128,0,0
B10_D1,2,0,425,0,0
B6_D1,327,0,502,0,0
B10_D1,92,0,281,0,0
B6_D1,767,0,80,0,0
B6_D1,385,0,227,0,0
B10_D1,495,0,125,0,0
B2_D1,515,0,465,0,0
B8_D1,69,0,272,0,0
G1_D1,761,0,201,0,0
B10_D1,359,0,160,0,0
B6_D1,967,0,47,0,0
G1_D1,1021,0,471,0,0
B6_D1,308,0,33,0,0
G1_D1,84,0,314,0,0
G1_D1,56,0,68,0,0
B10_D1,6,0,235,0,0
B6_D1,538,0,508,0,0
B10_D1,576,0,159,0,0
G1_D1,161,0,505,0,0
B6_D1,280,0,80,0,0
B10_D1,443,0,273,0,0
B10_D1,254,0,257,0,0
B6_D1,572,0,158,0,0
B4_D1,223,0,45,0,0
B10_D1,9,0,233,0,0
B4_D1,779,0,272,0,0
B6_D1,258,0,488,0,0
G1_D1,324,0,11,0,0
G1_D1,231,0,70,0,0
B6_D1,613,0,49,0,0
B6_D1,19,0,362,0,0
B6_D1,54,0,210,0,0
G1_D1,885,0,303,0,0
B10_D1,245,0,358,0,0
B4_D1,870,0,29,0,0
G1_D1,10,0,328,0,0
B10_D1,1,0,113,0,0
B10_D1,667,0,275,0,0
B6_D1,725,0,274,0,0
B6_D1,346,0,338,0,0
G1_D1,52,0,333,0,0
G1_D1,181,0,450,0,0
G1_D1,180,0,234,0,0
B10_D1,621,0,185,0,0
B10_D1,989,0,494,0,0
B10_D1,373,0,286,0,0
B6_D1,12,0,487,0,0
B6_D1,810,0,84,0,0
B4_D1,811,0,38,0,0
G1_D1,235,0,121,0,0
B6_D1,784,0,163,0,0
B6_D1,422,0,507,0,0
B6_D1,213,0,148,0,0
B10_D1,442,0,309,0,0
B4_D1,396,0,229,0,0
B6_D1,427,0,22,0,0
B6_D1,442,0,352,0,0
B2_D1,350,0,490,0,0
B6_D1,362,0,171,0,0
G1_D1,1022,0,46,0,0
B10_D1,604,0,113,0,0
B6_D1,214,0,34,0,0
G1_D1,64,0,12,0,0
B4_D1,178,0,25,0,0
B6_D1,107,0,253,0,7
B10_D1,115,0,205,0,0
B6_D1,632,0,316,0,0
B6_D1,439,0,354,0,0
B6_D1,707,0,406,0,0
G1_D1,581,0,144,0,0
B4_D1,1,0,155,0,0
B10_D1,292,0,272,0,0
B10_D1,729,0,260,0,0
G1_D1,542,0,107,0,0
B2_D1,125,0,100,0,0
B10_D1,11,0,127,0,0
B6_D1,805,0,5,0,0
B10_D1,437,0,128,0,0
B6_D1,211,0,363,0,0
B10_D1,220,0,193,0,0
G1_D1,191,0,21,0,0
G1_D1,172,0,18,0,0
G1_D1,15,0,364,0,0
B4_D1,962,0,126,0,0
G1_D1,939,0,34,0,0
G1_D1,943,0,37,0,0
B2_D1,559,0,79,0,0
B6_D1,656,0,402,0,0
B10_D1,148,0,53,0,0
B10_D1,122,0,193,0,0
B6_D1,43,0,274,0,0
B6_D1,728,0,145,0,0
G1_D1,214,0,266,0,0
B10_D1,211,0,232,0,0
B2_D1,659,0,362,0,0
G1_D1,184,0,63,0,0
B6_D1,696,0,63,0,0
B10_D1,678,0,19,0,0
B6_D1,532,0,170,0,0
B2_D1,820,0,465,0,0
B4_D1,537,0,268,0,0
G1_D1,865,0,303,0,0
G1_D1,357,0,162,0,0
B6_D1,857,0,115,0,0
G1_D1,133,0,289,0,0
B6_D1,548,0,28,0,0
B6_D1,852,0,343,0,0
G1_D1,18,0,350,0,0
B2_D1,147,0,300,0,0
G1_D1,330,0,24,0,0
B10_D1,554,0,40,0,0
B6_D1,478,0,33,0,0
B10_D1,503,0,4,0,0
B6_D1,747,0,248,0,0
G1_D1,51,0,257,0,0
B10_D1,588,0,89,0,0
G1_D1,962,0,383,0,-1
B10_D1,807,0,122,0,0
G1_D1,465,0,360,0,0
B6_D1,54,0,201,0,0
B6_D1,186,0,11,0,0
B4_D1,188,0,26,0,0
B2_D1,450,0,286,0,0
B6_D1,638,0,473,0,0
B10_D1,254,0,504,0,0
B10_D1,204,0,240,0,0
B4_D1,871,0,48,0,0
B10_D1,622,0,225,0,0
B10_D1,6,0,368,0,0
B6_D1,0,0,388,0,0
B10_D1,21,0,68,0,0
B10_D1,251,0,511,0,0
B10_D1,750,0,122,0,0
B6_D1,817,0,137,0,0
B6_D1,892,0,42,0,0
B6_D1,629,0,163,0,0
B6_D1,190,0,40,0,0
B4_D1,179,0,139,0,0
G1_D1,349,0,5,0,0
B6_D1,648,0,416,0,0
G1_D1,227,0,34,0,0
B10_D1,276,0,207,0,0
B6_D1,1003,0,508,0,0
B6_D1,140,0,412,0,0
B2_D1,146,0,511,0,0
B2_D1,632,0,471,0,0
B6_D1,222,0,75,0,0
B10_D1,775,0,307,0,0
G1_D1,809,0,85,0,0
B6_D1,883,0,43,0,0
G1_D1,752,0,338,0,0
G1_D1,339,0,16,0,0
B10_D1,693,0,182,0,0
G1_D1,8,0,225,0,0
B10_D1,932,0,6,0,0
G1_D1,816,0,95,0,0
B10_D1,23,0,150,0,0
B6_D1,536,0,506,0,0
B10_D1,276,0,255,0,0
B2_D1,989,0,115,0,0
B6_D1,87,0,130,0,0
B6_D1,702,0,156,0,0
B4_D1,417,0,188,0,0
G1_D1,132,0,105,0,0
B6_D1,308,0,480,0,0
G1_D1,486,0,1,0,0
B6_D1,258,0,68,0,0
B6_D1,763,0,458,0,0
B10_D1,19,0,121,0,0
B10_D1,470,0,221,0,0
B10_D1,182,0,165,0,0
B6_D1,832,0,47,0,0
G1_D1,596,0,71,0,0
G1_D1,9,0,24,0,0
B6_D1,889,0,388,0,0
B6_D1,741,0,283,0,0
B6_D1,935,0,94,0,0
B10_D1,683,0,286,0,0
B10_D1,94,0,450,0,0
B6_D1,771,0,266,0,0
B8_D1,812,0,304,0,0
B6_D1,311,0,359,0,-1
B8_D1,22,0,265,0,0
B2_D1,656,0,21,0,0
B10_D1,427,0,407,0,0
G1_D1,681,0,196,0,0
B6_D1,673,0,272,0,0
B6_D1,237,0,37,0,0
G1_D1,1010,0,303,0,0
B6_D1,520,0,285,0,0
B10_D1,103,0,68,0,0
B6_D1,712,0,382,0,0
B10_D1,124,0,263,0,0
B4_D1,729,0,265,0,0
B6_D1,611,0,41,0,0
B6_D1,840,0,10,0,0
B6_D1,454,0,354,0,0
B10_D1,486,0,59,0,0
B2_D1,426,0,210,0,0
B10_D1,624,0,260,0,0
B2_D1,310,0,492,0,0
B6_D1,112,0,49,0,0
B10_D1,174,0,27,0,0
G1_D1,765,0,113,0,0
B6_D1,801,0,304,0,0
B2_D1,782,0,13,0,0
B10_D1,834,0,181,0,0
G1_D1,790,0,21,0,0
B4_D1,77,0,116,0,0
G1_D1,959,0,12,0,0
G1_D1,294,0,3,0,0
G1_D1,1001,0,113,0,0
B6_D1,803,0,161,0,0
B6_D1,716,0,496,0,0
B6_D1,990,0,10,0,0
G1_D1,153,0,168,0,0
B10_D1,617,0,482,0,0
B10_D1,622,0,191,0,0
B2_D1,439,0,111,0,0
B10_D1,409,0,269,0,0
B6_D1,518,0,278,0,0
B6_D1,93,0,28,0,0
B10_D1,579,0,328,0,0
B4_D1,224,0,136,0,0
G1_D1,15,0,402,0,0
G1_D1,626,0,298,0,0
B2_D1,917,0,72,0,0
B6_D1,54,0,115,0,0
B2_D1,208,0,236,0,0
B6_D1,783,0,161,0,0
B6_D1,722,0,42,0,0
G1_D1,843,0,441,0,0
B6_D1,606,0,340,0,0
B4_D1,1023,0,325,0,0
B10_D1,11,0,298,0,0
B10_D1,368,0,132,0,0
B8_D1,965,0,511,0,0
B6_D1,12,0,287,0,0
B2_D1,772,0,225,0,0
B10_D1,111,0,5,0,0
B6_D1,63,0,183,0,0
B10_D1,728,0,319,0,0
B10_D1,742,0,323,0,0
B6_D1,60,0,83,0,0
G1_D1,60,0,85,0,0
B4_D1,737,0,272,0,0
G1_D1,67,0,400,0,0
B4_D1,538,0,416,0,0
G1_D1,6,0,343,0,0
B4_D1,240,0,348,0,0
B6_D1,397,0,12,0,0
B10_D1,433,0,316,0,0
B6_D1,264,0,243,0,0
B10_D1,362,0,339,0,0
G1_D1,926,0,252,0,0
G1_D1,873,0,137,0,0
B6_D1,153,0,117,0,0
B4_D1,497,0,248,0,0
G1_D1,381,0,88,0,-1
G1_D1,701,0,44,0,0
B6_D1,729,0,504,0,0
B6_D1,12,0,12,0,0
B4_D1,43,0,162,0,0
B2_D1,931,0,69,0,0
B6_D1,52,0,430,0,0
G1_D1,900,0,218,0,0
B2_D1,536,0,162,0,0
B6_D1,701,0,419,0,0
B2_D1,977,0,43,0,0
B4_D1,698,0,202,0,0
B6_D1,643,0,183,0,0
G1_D1,64,0,40,0,0
B10_D1,412,0,457,0,0
G1_D1,814,0,206,0,0
B6_D1,295,0,163,0,0
B2_D1,1022,0,503,0,0
B2_D1,687,0,195,0,0
B6_D1,47,0,325,0,0
G1_D1,879,0,16,0,0
G1_D1,237,0,178,0,0
B2_D1,393,0,494,0,0
B10_D1,449,0,115,0,0
B10_D1,108,0,408,0,0
B4_D1,472,0,205,0,0
B6_D1,871,0,496,0,0
B10_D1,304,0,201,0,0
B6_D1,349,0,223,0,0
G1_D1,37,0,231,0,0
G1_D1,582,0,18,0,0
B6_D1,541,0,409,0,0
G1_D1,384,0,8,0,0
B10_D1,5,0,238,0,0
G1_D1,1003,0,201,0,0
B4_D1,523,0,72,0,0
G1_D1,267,0,268,0,0
G1_D1,935,0,464,0,0
B10_D1,203,0,66,0,0
B4_D1,287,0,141,0,0
B6_D1,338,0,488,0,0
G1_D1,404,0,226,0,0
G1_D1,26,0,202,0,0
B8_D1,754,0,230,0,0
B6_D1,488,0,481,0,0
B10_D1,695,0,11,0,0
B10_D1,661,0,88,0,0
G1_D1,700,0,49,0,0
B6_D1,656,0,11,0,0
B10_D1,65,0,185,0,0
B4_D1,413,0,87,0,0
B6_D1,245,0,161,0,0
B4_D1,583,0,321,0,0
B10_D1,422,0,2,0,0
B6_D1,211,0,46,0,0
B6_D1,856,0,11,0,0
B10_D1,704,0,116,0,0
B4_D1,397,0,94,0,0
G1_D1,1017,0,77,0,0
B8_D1,47,0,272,0,0
G1_D1,497,0,22,0,0
B6_D1,1018,0,28,0,0
B6_D1,18,0,146,0,0
B10_D1,152,0,181,0,0
B6_D1,81,0,422,0,0
B6_D1,421,0,391,0,0
B10_D1,133,0,268,0,0
G1_D1,712,0,261,0,0
B6_D1,23,0,480,0,0
B6_D1,494,0,39,0,0
B10_D1,146,0,238,0,0
B6_D1,884,0,44,0,0
B6_D1,976,0,171,0,0
B4_D1,127,0,353,0,0
B8_D1,225,0,338,0,0
G1_D1,1007,0,26,0,0
B10_D1,674,0,60,0,0
B6_D1,195,0,190,0,0
B10_D1,532,0,105,0,0
B2_D1,349,0,201,0,0
B10_D1,203,0,450,0,0
B10_D1,19,0,248,0,0
B6_D1,852,0,155,0,0
B6_D1,587,0,47,0,0
B10_D1,1021,0,92,0,0
B10_D1,113,0,83,0,0
G1_D1,369,0,45,0,0
B10_D1,13,0,321,0,0
G1_D1,329,0,90,0,0
B2_D1,2,0,189,0,0
B10_D1,167,0,77,0,0
B6_D1,955,0,485,0,0
G1_D1,540,0,0,0,0
G1_D1,1007,0,46,0,0
B10_D1,98,0,279,0,0
B6_D1,189,0,76,0,0
G1_D1,350,0,309,0,0
B6_D1,463,0,503,0,0
G1_D1,609,0,17,0,0
B10_D1,1007,0,23,0,0
B6_D1,299,0,489,0,0
G1_D1,873,0,230,0,0
B6_D1,857,0,350,0,0
B6_D1,249,0,489,0,0
B10_D1,67,0,47,0,0
G1_D1,1011,0,33,0,0
G1_D1,804,0,56,0,0
B6_D1,543,0,161,0,0
B10_D1,691,0,327,0,0
B10_D1,66,0,148,0,0
B10_D1,604,0,487,0,0
B6_D1,750,0,490,0,0
B10_D1,306,0,276,0,0
G1_D1,252,0,158,0,0
B6_D1,927,0,343,0,0
G1_D1,669,0,509,0,0
B4_D1,679,0,270,0,0
B6_D1,731,0,257,0,0
G1_D1,772,0,248,0,0
B6_D1,151,0,78,0,0
B6_D1,246,0,1,0,0
B6_D1,568,0,237,0,0
B4_D1,93,0,288,0,0
B10_D1,883,0,301,0,0
B6_D1,539,0,319,0,0
B4_D1,353,0,201,0,0
B4_D1,869,0,38,0,0
B2_D1,405,0,486,0,0
B6_D1,751,0,41,0,0
G1_D1,1005,0,192,0,0
B6_D1,334,0,335,0,0
B6_D1,239,0,180,0,0
B10_D1,397,0,25,0,0
B6_D1,699,0,494,0,0
B6_D1,145,0,94,0,0
B6_D1,800,0,219,0,0
G1_D1,54,0,60,0,0
B6_D1,381,0,277,0,0
B10_D1,549,0,40,0,0
B6_D1,940,0,81,0,0
B10_D1,207,0,58,0,0
G1_D1,699,0,509,0,0
B2_D1,138,0,46,0,0
B10_D1,72,0,143,0,0
G1_D1,569,0,17,0,0
B2_D1,811,0,8,0,0
B6_D1,975,0,500,0,0
B4_D1,734,0,28,0,0
B10_D1,828,0,424,0,0
B10_D1,10,0,185,0,0
B10_D1,174,0,169,0,0
B6_D1,77,0,497,0,0
B10_D1,673,0,418,0,0
B10_D1,352,0,120,0,0
B6_D1,383,0,442,0,2
G1_D1,452,0,48,0,0
B10_D1,493,0,482,0,0
B6_D1,379,0,335,0,0
B8_D1,760,0,213,0,0
B6_D1,352,0,69,0,0
B4_D1,991,0,70,0,0
B4_D1,186,0,359,0,0
B10_D1,402,0,204,0,0
B10_D1,245,0,252,0,0
G1_D1,509,0,69,0,0
B6_D1,824,0,368,0,0
B10_D1,359,0,98,0,0
B10_D1,765,0,161,0,0
G1_D1,214,0,75,0,0
G1_D1,87,0,400,0,0
G1_D1,408,0,116,0,0
B6_D1,598,0,49,0,0
B10_D1,712,0,413,0,0
B6_D1,3,0,498,0,0
G1_D1,38,0,242,0,0
B6_D1,372,0,105,0,0
B10_D1,579,0,503,0,0
B10_D1,77,0,144,0,0
B10_D1,479,0,249,0,0
B10_D1,255,0,231,0,0
B10_D1,318,0,49,0,0
B6_D1,692,0,497,0,0
B6_D1,13,0,483,0,0
B6_D1,356,0,350,0,-1
B10_D1,241,0,159,0,0
B6_D1,956,0,296,0,0
B4_D1,321,0,176,0,0
B6_D1,87,0,134,0,0
B6_D1,806,0,501,0,0
B6_D1,24,0,405,0,0
B2_D1,738,0,494,0,0
B10_D1,24,0,213,0,0
B10_D1,478,0,129,0,0
B2_D1,848,0,268,0,0
G1_D1,994,0,11,0,0
B10_D1,124,0,173,0,0
G1_D1,286,0,266,0,0
B6_D1,356,0,336,0,0
B6_D1,974,0,14,0,0
B10_D1,745,0,254,0,0
B6_D1,838,0,132,0,0
B10_D1,492,0,303,0,0
B6_D1,629,0,164,0,0
B10_D1,596,0,194,0,0
B8_D1,315,0,186,0,0
B6_D1,352,0,263,0,0
B6_D1,88,0,296,0,0
B6_D1,413,0,3,0,0
G1_D1,778,0,117,0,0
B6_D1,535,0,495,0,0
B10_D1,272,0,268,0,0
B10_D1,443,0,36,0,0
B2_D1,660,0,51,0,0
B10_D1,834,0,242,0,0
B6_D1,497,0,497,0,0
G1_D1,185,0,99,0,0
B6_D1,399,0,351,0,-1
B10_D1,405,0,165,0,0
B6_D1,847,0,22,0,0
B6_D1,10,0,490,0,0
B4_D1,192,0,271,0,0
B10_D1,470,0,237,0,0
B6_D1,1023,0,359,0,-1
G1_D1,1015,0,194,0,0
B6_D1,132,0,7,0,0
B6_D1,1021,0,436,0,0
B4_D1,34,0,126,0,0
B10_D1,714,0,165,0,0
B10_D1,649,0,314,0,0
G1_D1,226,0,409,0,0
B4_D1,591,0,207,0,0
G1_D1,55,0,0,0,0
G1_D1,857,0,448,0,0
B6_D1,634,0,499,0,0
B6_D1,371,0,167,0,0
G1_D1,27,0,192,0,0
G1_D1,262,0,327,0,0
B6_D1,722,0,252,0,0
B6_D1,863,0,439,0,0
B6_D1,487,0,159,0,0
B6_D1,977,0,187,0,0
B2_D1,28,0,170,0,0
B6_D1,73,0,28,0,0
B10_D1,489,0,489,0,0
B2_D1,215,0,301,0,0
B2_D1,635,0,477,0,0
B6_D1,490,0,347,0,0
B6_D1,769,0,73,0,0
B6_D1,161,0,408,0,0
B6_D1,551,0,21,0,0
B2_D1,784,0,49,0,0
B10_D1,688,0,272,0,0
B6_D1,776,0,36,0,0
B10_D1,388,0,497,0,0
B6_D1,837,0,32,0,0
B6_D1,999,0,484,0,0
G1_D1,257,0,279,0,0
B4_D1,180,0,65,0,0
B6_D1,155,0,10,0,0
B4_D1,342,0,204,0,0
B6_D1,328,0,33,0,0
B6_D1,74,0,489,0,0
B6_D1,52,0,32,0,0
G1_D1,524,0,108,0,0
B8_D1,837,0,304,0,0
G1_D1,795,0,268,0,0
G1_D1,131,0,1,0,0
B10_D1,92,0,62,0,0
B10_D1,899,0,239,0,0
B6_D1,763,0,231,0,0
B8_D1,131,0,211,0,0
B6_D1,230,0,74,0,0
B10_D1,686,0,85,0,0
B4_D1,243,0,208,0,0
B10_D1,441,0,111,0,0
B10_D1,228,0,42,0,0
G1_D1,22,0,83,0,0
B4_D1,247,0,282,0,0
B10_D1,33,0,54,0,0
B2_D1,1023,0,226,0,0
B6_D1,322,0,73,0,0
G1_D1,331,0,21,0,0
B10_D1,697,0,448,0,0
B10_D1,471,0,505,0,0
G1_D1,614,0,12,0,0
G1_D1,4,0,443,0,0
B10_D1,331,0,192,0,0
B10_D1,552,0,263,0,0
B6_D1,701,0,277,0,0
G1_D1,73,0,265,0,0
G1_D1,40,0,137,0,0
B4_D1,15,0,167,0,0
B8_D1,556,0,291,0,0
B6_D1,49,0,34,0,0
G1_D1,935,0,462,0,0
B6_D1,1022,0,17,0,0
G1_D1,967,0,325,0,-1
B6_D1,629,0,181,0,0
B10_D1,55,0,306,0,0
B10_D1,172,0,152,0,0
G1_D1,758,0,243,0,0
B4_D1,1,0,375,0,0
B6_D1,809,0,284,0,0
B10_D1,197,0,256,0,0
B6_D1,563,0,327,0,0
B8_D1,1001,0,245,0,0
B6_D1,544,0,292,0,0
B10_D1,196,0,212,0,0
B10_D1,463,0,79,0,0
B6_D1,351,0,6,0,0
B6_D1,677,0,300,0,0
B10_D1,791,0,6,0,0
B6_D1,871,0,486,0,0
B10_D1,732,0,423,0,0
B6_D1,35,0,127,0,0
B2_D1,903,0,409,0,0
B6_D1,772,0,79,0,0
G1_D1,208,0,188,0,0
B10_D1,589,0,148,0,0
G1_D1,953,0,384,0,-1
B10_D1,516,0,171,0,0
G1_D1,859,0,3,0,0
B10_D1,57,0,305,0,0
B10_D1,625,0,361,0,0
B6_D1,717,0,340,0,0
B10_D1,550,0,478,0,0
B6_D1,314,0,19,0,0
B6_D1,241,0,6,0,0
G1_D1,894,0,9,0,0
B2_D1,152,0,509,0,0
B10_D1,646,0,147,0,0
G1_D1,994,0,238,0,0
B10_D1,675,0,304,0,0
G1_D1,809,0,20,0,0
B6_D1,746,0,11,0,0
B2_D1,950,0,52,0,0
B6_D1,331,0,31,0,0
B10_D1,811,0,511,0,0
B6_D1,890,0,396,0,0
B10_D1,992,0,212,0,0
B6_D1,910,0,20,0,0
B10_D1,67,0,25,0,0
B6_D1,977,0,131,0,0
B2_D1,586,0,151,0,0
B10_D1,386,0,5,0,0
B10_D1,356,0,488,0,0
G1_D1,570,0,196,0,0
G1_D1,667,0,75,0,0
B10_D1,958,0,26,0,0
B6_D1,36,0,463,0,0
G1_D1,940,0,278,0,0
B6_D1,711,0,66,0,0
B10_D1,50,0,204,0,0
B6_D1,745,0,108,0,0
B10_D1,516,0,5,0,0
B6_D1,419,0,489,0,0
B6_D1,902,0,32,0,0
B6_D1,957,0,427,0,0
B10_D1,104,0,325,0,0
B4_D1,1,0,508,0,0
B10_D1,99,0,154,0,0
B10_D1,610,0,108,0,0
G1_D1,287,0,268,0,0
B10_D1,129,0,109,0,0
B6_D1,931,0,163,0,-1
B10_D1,173,0,266,0,0
B10_D1,649,0,100,0,0
B6_D1,880,0,40,0,0
B10_D1,715,0,310,0,0
B10_D1,153,0,452,0,0
B6_D1,800,0,293,0,0
B10_D1,696,0,36,0,0
B6_D1,920,0,398,0,0
B6_D1,425,0,288,0,0
B10_D1,859,0,377,0,0
B6_D1,635,0,275,0,0
B6_D1,66,0,291,0,0
G1_D1,838,0,264,0,0
B6_D1,30,0,208,0,0
B4_D1,238,0,33,0,0
B6_D1,10,0,477,0,0
B10_D1,44,0,147,0,0
B4_D1,7,0,312,0,0
B10_D1,229,0,218,0,0
B6_D1,567,0,56,0,0
B6_D1,1003,0,215,0,0
G1_D1,212,0,129,0,0
B6_D1,551,0,46,0,0
B6_D1,970,0,120,0,0
B10_D1,293,0,457,0,3
B6_D1,515,0,62,0,0
B10_D1,96,0,296,0,0
B6_D1,556,0,285,0,0
B10_D1,822,0,71,0,0
G1_D1,214,0,264,0,0
B10_D1,876,0,93,0,0
B6_D1,523,0,479,0,0
B2_D1,145,0,130,0,0
B6_D1,389,0,104,0,0
B6_D1,792,0,274,0,0
B2_D1,877,0,1,0,0
B6_D1,615,0,182,0,0
B2_D1,87,0,81,0,0
B2_D1,537,0,28,0,0
B4_D1,298,0,226,0,0
B6_D1,779,0,24,0,0
B4_D1,962,0,218,0,0
B4_D1,906,0,63,0,0
G1_D1,276,0,266,0,0
G1_D1,410,0,131,0,0
B6_D1,730,0,465,0,0
B6_D1,742,0,382,0,-1
B6_D1,686,0,496,0,0
G1_D1,628,0,205,0,0
B10_D1,96,0,135,0,0
B10_D1,170,0,381,0,0
G1_D1,7,0,317,0,0
B6_D1,473,0,330,0,0
B6_D1,907,0,162,0,0
B4_D1,477,0,284,0,0
B4_D1,119,0,3,0,0
B10_D1,943,0,90,0,0
B6_D1,1020,0,309,0,0
B6_D1,1019,0,19,0,0
B2_D1,201,0,511,0,0
B6_D1,412,0,461,0,0
B6_D1,296,0,48,0,0
B6_D1,1005,0,510,0,0
B10_D1,362,0,172,0,0
B10_D1,348,0,509,0,0
B6_D1,1003,0,483,0,0
B6_D1,86,0,128,0,0
G1_D1,1015,0,65,0,0
B6_D1,342,0,69,0,0
B6_D1,954,0,249,0,0
B10_D1,763,0,113,0,0
B10_D1,851,0,216,0,0
G1_D1,126,0,448,0,0
B6_D1,241,0,21,0,0
B6_D1,488,0,508,0,0
B6_D1,173,0,13,0,0
G1_D1,192,0,374,0,0
B2_D1,515,0,481,0,0
B6_D1,254,0,373,0,0
B6_D1,665,0,347,0,-1
B2_D1,731,0,66,0,0
B6_D1,285,0,5,0,0
B10_D1,604,0,195,0,0
B6_D1,854,0,19,0,0
B10_D1,316,0,59,0,0
B6_D1,668,0,49,0,0
G1_D1,579,0,2,0,0
B6_D1,671,0,16,0,0
B6_D1,288,0,503,0,0
B10_D1,351,0,28,0,0
B2_D1,180,0,95,0,0
B6_D1,20,0,25,0,0
G1_D1,922,0,74,0,0
B10_D1,5,0,134,0,0
B8_D1,384,0,282,0,0
B6_D1,216,0,46,0,0
B2_D1,557,0,27,0,0
B6_D1,966,0,204,0,0
B6_D1,1016,0,415,0,0
B2_D1,719,0,253,0,0
B10_D1,550,0,281,0,0
B6_D1,495,0,505,0,0
B6_D1,559,0,357,0,0
G1_D1,327,0,430,0,0
B10_D1,855,0,199,0,0
B10_D1,720,0,110,0,0
B6_D1,479,0,384,0,0
B10_D1,585,0,306,0,0
B8_D1,734,0,232,0,0
B2_D1,742,0,224,0,0
B10_D1,636,0,88,0,0
B6_D1,793,0,217,0,0
B6_D1,40,0,412,0,0
B6_D1,152,0,125,0,0
B6_D1,552,0,352,0,0
B6_D1,897,0,166,0,0
B6_D1,34,0,322,0,0
B6_D1,197,0,502,0,0
B10_D1,384,0,10,0,0
B10_D1,749,0,25,0,0
B6_D1,25,0,180,0,0
B10_D1,834,0,16,0,0
B10_D1,89,0,39,0,0
G1_D1,47,0,306,0,0
G1_D1,694,0,7,0,0
G1_D1,256,0,15,0,0
G1_D1,294,0,5,0,0
B10_D1,592,0,215,0,0
B10_D1,679,0,487,0,0
B10_D1,137,0,165,0,0
B6_D1,855,0,161,0,0
B6_D1,314,0,335,0,0
G1_D1,334,0,130,0,0
B6_D1,124,0,136,0,0
G1_D1,146,0,284,0,0
B10_D1,830,0,35,0,0
B8_D1,1004,0,2,0,0
G1_D1,24,0,89,0,0
B6_D1,455,0,5,0,0
B6_D1,535,0,385,0,0
B8_D1,828,0,2,0,0
B6_D1,349,0,50,0,0
B6_D1,475,0,297,0,0
B6_D1,234,0,371,0,0
B6_D1,609,0,316,0,0
B6_D1,407,0,254,0,0
B6_D1,714,0,417,0,0
B10_D1,501,0,313,0,0
B10_D1,699,0,10,0,0
B2_D1,897,0,86,0,0
B6_D1,803,0,131,0,0
B10_D1,534,0,12,0,0
B10_D1,722,0,315,0,0
G1_D1,550,0,33,0,0
B8_D1,158,0,58,0,0
B6_D1,21,0,481,0,0
B6_D1,563,0,422,0,-1
B2_D1,937,0,62,0,0
G1_D1,1020,0,44,0,0
B6_D1,175,0,128,0,0
B6_D1,927,0,91,0,0
B6_D1,193,0,13,0,0
G1_D1,228,0,183,0,0
B6_D1,241,0,511,0,0
B10_D1,574,0,269,0,0
B6_D1,844,0,227,0,0
G1_D1,98,0,293,0,0
B6_D1,246,0,127,0,0
B6_D1,569,0,433,0,-1
B10_D1,58,0,328,0,0
G1_D1,392,0,199,0,0
G1_D1,296,0,1,0,0
B10_D1,256,0,424,0,0
B6_D1,789,0,155,0,0
B6_D1,208,0,483,0,0
G1_D1,630,0,29,0,0
B6_D1,783,0,217,0,0
B8_D1,186,0,347,0,0
B10_D1,398,0,235,0,0
B6_D1,872,0,53,0,0
G1_D1,1018,0,388,0,0
B6_D1,790,0,106,0,0
G1_D1,629,0,19,0,0
B10_D1,594,0,198,0,0
B6_D1,432,0,482,0,0
B6_D1,289,0,90,0,0
B6_D1,958,0,267,0,0
B6_D1,156,0,496,0,0
G1_D1,30,0,145,0,0
B6_D1,792,0,27,0,0
G1_D1,35,0,166,0,0
B6_D1,174,0,19,0,0
G1_D1,205,0,30,0,0
B6_D1,464,0,50,0,0
G1_D1,29,0,9,0,0
B2_D1,149,0,289,0,0
G1_D1,22,0,123,0,0
B2_D1,647,0,91,0,0
B10_D1,598,0,47,0,0
G1_D1,12,0,293,0,0
B10_D1,484,0,121,0,0
G1_D1,442,0,227,0,0
G1_D1,743,0,344,0,0
B10_D1,345,0,87,0,0
B2_D1,511,0,287,0,0
B2_D1,544,0,364,0,0
B6_D1,576,0,386,0,0
B6_D1,397,0,497,0,0
B10_D1,471,0,310,0,0
B6_D1,968,0,418,0,0
G1_D1,1015,0,149,0,0
B6_D1,834,0,14,0,0
B6_D1,28,0,43,0,0
B4_D1,2,0,345,0,0
B4_D1,170,0,6,0,0
B6_D1,457,0,401,0,0
B2_D1,224,0,485,0,0
G1_D1,929,0,9,0,0
B4_D1,652,0,303,0,0
B6_D1,963,0,260,0,0
G1_D1,681,0,130,0,0
B6_D1,896,0,208,0,0
G1_D1,1009,0,256,0,0
B2_D1,114,0,198,0,0
B6_D1,232,0,192,0,0
G1_D1,13,0,350,0,0
B10_D1,118,0,54,0,0
G1_D1,97,0,84,0,0
B6_D1,6,0,347,0,0
B6_D1,733,0,3,0,0
B6_D1,426,0,191,0,0
B10_D1,749,0,248,0,0
G1_D1,920,0,47,0,0
G1_D1,68,0,50,0,0
G1_D1,893,0,234,0,0
B6_D1,580,0,179,0,0
B10_D1,645,0,169,0,0
B10_D1,902,0,68,0,0
B6_D1,924,0,306,0,0
B4_D1,613,0,188,0,0
B10_D1,665,0,111,0,0
G1_D1,790,0,321,0,0
B10_D1,396,0,311,0,4
B6_D1,254,0,114,0,0
B10_D1,809,0,278,0,0
B10_D1,791,0,86,0,0
B2_D1,185,0,130,0,0
G1_D1,814,0,305,0,0
G1_D1,168,0,272,0,0
B2_D1,436,0,169,0,0
G1_D1,997,0,36,0,0
B10_D1,1,0,152,0,0
B10_D1,640,0,28,0,0
G1_D1,880,0,240,0,0
B10_D1,880,0,203,0,0
B6_D1,23,0,280,0,0
B10_D1,494,0,127,0,0
B4_D1,109,0,308,0,0
B6_D1,890,0,15,0,0
B10_D1,711,0,445,0,0
B6_D1,167,0,487,0,0
G1_D1,444,0,16,0,0
B4_D1,980,0,107,0,0
B4_D1,736,0,15,0,0
B6_D1,882,0,47,0,0
B6_D1,327,0,27,0,0
B6_D1,724,0,162,0,0
B6_D1,777,0,270,0,0
B4_D1,984,0,48,0,0
B6_D1,82,0,502,0,0
B6_D1,440,0,265,0,0
B10_D1,433,0,222,0,0
B4_D1,679,0,58,0,0
B6_D1,979,0,409,0,0
G1_D1,653,0,81,0,0
B6_D1,237,0,85,0,0
G1_D1,712,0,91,0,0
B10_D1,998,0,488,0,0
B10_D1,332,0,186,0,0
G1_D1,266,0,74,0,0
G1_D1,82,0,86,0,0
G1_D1,981,0,314,0,0
B2_D1,289,0,183,0,0
G1_D1,176,0,450,0,0
B10_D1,881,0,3,0,0
B6_D1,696,0,46,0,0
G1_D1,908,0,94,0,0
G1_D1,409,0,227,0,0
B4_D1,757,0,67,0,0
B10_D1,855,0,194,0,0
B2_D1,876,0,209,0,0
B6_D1,315,0,203,0,0
G1_D1,914,0,107,0,0
B10_D1,971,0,110,0,0
B6_D1,791,0,388,0,0
B4_D1,692,0,62,0,0
B8_D1,807,0,228,0,0
B10_D1,221,0,297,0,0
G1_D1,472,0,48,0,0
B6_D1,406,0,227,0,0
B10_D1,900,0,20,0,0
B10_D1,856,0,42,0,0
B10_D1,129,0,182,0,0
B8_D1,601,0,299,0,0
B10_D1,806,0,511,0,0
B10_D1,196,0,232,0,0
G1_D1,236,0,44,0,0
B2_D1,979,0,78,0,0
G1_D1,72,0,17,0,0
B6_D1,243,0,479,0,0
B10_D1,171,0,74,0,0
B10_D1,282,0,247,0,0
B2_D1,428,0,110,0,0
B10_D1,368,0,133,0,0
B10_D1,185,0,45,0,0
B6_D1,729,0,107,0,0
B6_D1,977,0,295,0,0
G1_D1,947,0,385,0,-1
B6_D1,710,0,436,0,0
B6_D1,786,0,388,0,0
B8_D1,197,0,107,0,0
B10_D1,713,0,32,0,0
B6_D1,878,0,18,0,0
B6_D1,113,0,63,0,0
G1_D1,549,0,463,0,0
B6_D1,44,0,236,0,0
B10_D1,701,0,83,0,0
G1_D1,674,0,3,0,0
B10_D1,194,0,8,0,0
B10_D1,602,0,345,0,0
B4_D1,578,0,285,0,0
B2_D1,536,0,510,0,0
G1_D1,758,0,244,0,0
B6_D1,576,0,297,0,0
B10_D1,720,0,61,0,0
B2_D1,409,0,477,0,0
G1_D1,34,0,86,0,0
B2_D1,121,0,208,0,0
B6_D1,1015,0,495,0,0
B10_D1,470,0,226,0,0
B4_D1,531,0,419,0,0
B10_D1,572,0,206,0,0
G1_D1,361,0,450,0,1
B10_D1,717,0,266,0,0
B2_D1,192,0,226,0,0
G1_D1,141,0,45,0,0
B8_D1,145,0,337,0,0
B10_D1,582,0,47,0,0
B10_D1,720,0,463,0,0
B10_D1,519,0,288,0,0
B4_D1,779,0,110,0,0
G1_D1,32,0,484,0,0
B10_D1,734,0,15,0,0
B10_D1,689,0,455,0,0
B10_D1,617,0,112,0,0
B6_D1,147,0,42,0,0
B6_D1,654,0,113,0,0
G1_D1,980,0,377,0,-1
B10_D1,361,0,1,0,0
B6_D1,919,0,19,0,0
B10_D1,651,0,85,0,0
B6_D1,541,0,450,0,-1
B6_D1,667,0,482,0,0
B10_D1,346,0,0,0,0
B10_D1,425,0,386,0,0
B6_D1,141,0,326,0,0
G1_D1,334,0,8,0,0
B6_D1,641,0,41,0,0
B8_D1,95,0,108,0,0
B6_D1,836,0,26,0,0
B6_D1,159,0,368,0,0
B6_D1,170,0,111,0,0
B6_D1,482,0,487,0,0
G1_D1,11,0,251,0,0
B6_D1,445,0,112,0,0
B6_D1,703,0,426,0,0
B6_D1,74,0,44,0,0
B6_D1,637,0,37,0,0
B6_D1,590,0,187,0,0
G1_D1,609,0,115,0,0
B6_D1,598,0,33,0,0
B6_D1,621,0,506,0,0
B6_D1,585,0,490,0,0
B2_D1,314,0,38,0,0
B6_D1,706,0,414,0,0
B6_D1,440,0,458,0,0
B6_D1,749,0,39,0,0
B10_D1,634,0,473,0,0
B6_D1,432,0,451,0,0
B6_D1,353,0,245,0,0
B6_D1,672,0,63,0,0
B10_D1,939,0,118,0,0
B6_D1,792,0,37,0,0
B6_D1,233,0,18,0,0
B10_D1,344,0,97,0,0
B10_D1,524,0,104,0,0
B2_D1,786,0,510,0,0
B6_D1,404,0,103,0,0
B10_D1,339,0,128,0,0
B6_D1,816,0,491,0,0
B6_D1,115,0,267,0,0
B6_D1,570,0,468,0,0
B10_D1,142,0,267,0,0
B6_D1,442,0,32,0,0
B10_D1,693,0,185,0,0
B4_D1,247,0,49,0,0
B4_D1,3,0,195,0,0
G1_D1,152,0,109,0,0
B10_D1,821,0,331,0,0
B10_D1,1,0,392,0,0
G1_D1,1005,0,139,0,0
B10_D1,924,0,308,0,0
B10_D1,144,0,33,0,0
G1_D1,225,0,368,0,0
B10_D1,25,0,36,0,0
G1_D1,169,0,506,0,0
B6_D1,907,0,317,0,0
B6_D1,766,0,486,0,0
B10_D1,255,0,35,0,0
B4_D1,722,0,80,0,0
B4_D1,680,0,105,0,0
B4_D1,582,0,206,0,0
G1_D1,663,0,35,0,0
B6_D1,358,0,98,0,0
B10_D1,607,0,198,0,0
B6_D1,546,0,41,0,0
B4_D1,519,0,76,0,0
B6_D1,221,0,481,0,0
B10_D1,203,0,233,0,0
G1_D1,472,0,18,0,0
B2_D1,167,0,141,0,0
B2_D1,170,0,4,0,0
G1_D1,19,0,216,0,0
B6_D1,335,0,188,0,0
B6_D1,615,0,193,0,0
B4_D1,992,0,241,0,0
B6_D1,264,0,53,0,0
B6_D1,644,0,417,0,0
B4_D1,7,0,29,0,0
B2_D1,845,0,367,0,0
B8_D1,901,0,511,0,0
B10_D1,450,0,165,0,0
G1_D1,15,0,152,0,0
B2_D1,201,0,45,0,0
B10_D1,597,0,51,0,0
G1_D1,372,0,241,0,0
G1_D1,1010,0,278,0,0
B10_D1,735,0,403,0,0
G1_D1,8,0,70,0,0
B10_D1,809,0,379,0,0
B10_D1,639,0,314,0,0
B6_D1,715,0,189,0,0
B6_D1,428,0,8,0,0
B6_D1,441,0,357,0,0
G1_D1,651,0,147,0,0
B10_D1,365,0,110,0,0
B4_D1,917,0,133,0,0
B6_D1,481,0,276,0,0
B2_D1,698,0,86,0,0
G1_D1,561,0,139,0,0
G1_D1,42,0,42,0,0
G1_D1,989,0,275,0,0
B10_D1,591,0,149,0,0
B6_D1,300,0,485,0,0
B10_D1,753,0,61,0,0
B6_D1,975,0,304,0,0
B6_D1,773,0,349,0,0
B6_D1,155,0,273,0,0
B6_D1,431,0,501,0,0
G1_D1,510,0,68,0,0
B10_D1,604,0,217,0,0
B6_D1,851,0,130,0,0
G1_D1,729,0,456,0,0
B6_D1,12,0,365,0,0
B6_D1,466,0,284,0,0
B6_D1,830,0,505,0,0
G1_D1,474,0,3,0,0
B10_D1,163,0,113,0,0
B10_D1,283,0,98,0,0
B6_D1,819,0,44,0,0
B6_D1,782,0,507,0,0
B6_D1,218,0,434,0,0
B6_D1,394,0,65,0,0
B10_D1,934,0,31,0,0
B6_D1,620,0,281,0,0
G1_D1,754,0,29,0,0
B6_D1,99,0,423,0,0
B10_D1,448,0,88,0,0
G1_D1,438,0,253,0,0
B10_D1,293,0,100,0,0
B4_D1,750,0,264,0,0
B6_D1,41,0,416,0,0
B6_D1,41,0,267,0,0
B10_D1,689,0,394,0,0
B6_D1,688,0,28,0,0
B10_D1,549,0,9,0,0
G1_D1,279,0,9,0,0
B6_D1,130,0,208,0,0
B6_D1,875,0,0,0,0
G1_D1,238,0,243,0,0
B10_D1,381,0,311,0,4
B10_D1,3,0,151,0,0
G1_D1,26,0,393,0,0
G1_D1,176,0,342,0,0
B10_D1,697,0,28,0,0
B10_D1,596,0,339,0,0
B8_D1,353,0,188,0,0
B2_D1,433,0,110,0,0
B2_D1,988,0,102,0,0
B6_D1,391,0,255,0,0
B6_D1,261,0,133,0,0
B6_D1,877,0,22,0,0
B6_D1,27,0,246,0,0
B6_D1,769,0,504,0,0
B8_D1,92,0,122,0,0
B10_D1,733,0,348,0,0
B4_D1,188,0,5,0,0
B6_D1,223,0,23,0,0
B6_D1,579,0,14,0,0
B10_D1,790,0,446,0,0
B6_D1,478,0,66,0,0
B6_D1,1002,0,27,0,0
B4_D1,724,0,31,0,0
B6_D1,744,0,330,0,0
B6_D1,231,0,169,0,0
G1_D1,44,0,86,0,0
B10_D1,494,0,249,0,0
B10_D1,835,0,18,0,0
G1_D1,1022,0,300,0,0
B4_D1,829,0,238,0,0
G1_D1,458,0,113,0,0
G1_D1,109,0,63,0,0
G1_D1,745,0,263,0,0
B6_D1,487,0,415,0,0
G1_D1,268,0,65,0,0
B6_D1,127,0,22,0,0
B4_D1,615,0,354,0,0
B2_D1,421,0,511,0,0
B8_D1,182,0,196,0,0
G1_D1,173,0,35,0,0
B10_D1,156,0,5,0,0
G1_D1,641,0,47,0,0
G1_D1,972,0,214,0,0
B6_D1,10,0,212,0,0
B6_D1,185,0,505,0,0
B6_D1,850,0,154,0,0
B6_D1,861,0,501,0,0
B10_D1,705,0,58,0,0
B10_D1,637,0,18,0,0
B10_D1,705,0,78,0,0
B6_D1,658,0,57,0,0
B6_D1,206,0,449,0,0
B2_D1,336,0,511,0,0
B6_D1,427,0,190,0,0
G1_D1,582,0,279,0,0
G1_D1,555,0,33,0,0
B6_D1,906,0,26,0,0
B6_D1,774,0,224,0,0
B4_D1,1006,0,213,0,0
B6_D1,509,0,449,0,10
G1_D1,684,0,48,0,0
B4_D1,653,0,306,0,0
B10_D1,701,0,72,0,0
B10_D1,1,0,421,0,0
B10_D1,94,0,84,0,0
B10_D1,36,0,95,0,0
B10_D1,331,0,0,0,0
B4_D1,643,0,329,0,-1
G1_D1,877,0,112,0,0
B6_D1,944,0,297,0,0
B6_D1,635,0,418,0,0
B2_D1,138,0,127,0,0
B4_D1,869,0,265,0,0
G1_D1,370,0,397,0,-1
B10_D1,709,0,443,0,0
B2_D1,232,0,154,0,0
B6_D1,331,0,334,0,0
G1_D1,448,0,86,0,0
B4_D1,5,0,342,0,0
G1_D1,877,0,304,0,0
B4_D1,4,0,294,0,0
B6_D1,730,0,269,0,0
B10_D1,489,0,53,0,0
B6_D1,729,0,312,0,0
B4_D1,754,0,207,0,0
G1_D1,59,0,99,0,0
B10_D1,401,0,511,0,0
B10_D1,760,0,268,0,0
B10_D1,813,0,176,0,0
B6_D1,805,0,505,0,0
B6_D1,399,0,67,0,0
B10_D1,337,0,30,0,0
B6_D1,106,0,46,0,0
B2_D1,553,0,288,0,0
B10_D1,713,0,45,0,0
B10_D1,112,0,332,0,0
G1_D1,564,0,113,0,0
B4_D1,264,0,208,0,0
G1_D1,234,0,13,0,0
B6_D1,672,0,22,0,0
G1_D1,374,0,186,0,0
B6_D1,732,0,110,0,0
B6_D1,529,0,264,0,0
B10_D1,477,0,78,0,0
B6_D1,662,0,104,0,0
B2_D1,638,0,479,0,0
B4_D1,516,0,240,0,0
B6_D1,348,0,137,0,0
G1_D1,618,0,190,0,0
B10_D1,947,0,56,0,0
B6_D1,580,0,30,0,0
B10_D1,485,0,282,0,0
B10_D1,682,0,92,0,0
B6_D1,98,0,488,0,0
G1_D1,870,0,464,0,0
B4_D1,898,0,12,0,0
B2_D1,588,0,469,0,-1
G1_D1,34,0,3,0,0
B4_D1,462,0,46,0,0
B2_D1,791,0,239,0,0
B4_D1,322,0,300,0,0
B4_D1,909,0,28,0,0
B6_D1,694,0,19,0,0
B6_D1,648,0,387,0,0
B6_D1,660,0,273,0,0
B4_D1,958,0,14,0,0
G1_D1,158,0,269,0,0
B10_D1,572,0,504,0,0
B6_D1,946,0,366,0,0
B6_D1,62,0,12,0,0
B6_D1,222,0,386,0,0
B10_D1,259,0,62,0,0
B6_D1,475,0,500,0,0
B6_D1,1018,0,322,0,0
B10_D1,708,0,468,0,0
B10_D1,365,0,262,0,0
B6_D1,1022,0,32,0,0
B6_D1,163,0,110,0,0
G1_D1,787,0,511,0,0
B6_D1,476,0,48,0,0
B10_D1,1005,0,49,0,0
B10_D1,408,0,217,0,0
B6_D1,561,0,176,0,0
B10_D1,163,0,231,0,0
B6_D1,940,0,287,0,0
B6_D1,719,0,14,0,0
B8_D1,522,0,209,0,0
B10_D1,259,0,150,0,0
G1_D1,995,0,65,0,0
B6_D1,1004,0,509,0,0
B6_D1,788,0,23,0,0
B6_D1,158,0,503,0,0
G1_D1,290,0,413,0,0
B10_D1,140,0,508,0,0
B6_D1,1006,0,496,0,0
B10_D1,138,0,312,0,0
B10_D1,269,0,157,0,0
G1_D1,999,0,11,0,0
B10_D1,401,0,449,0,0
G1_D1,342,0,423,0,0
B4_D1,306,0,184,0,0
B10_D1,409,0,315,0,4
B10_D1,180,0,131,0,0
B10_D1,531,0,98,0,0
B10_D1,268,0,300,0,0
B10_D1,235,0,21,0,0
B10_D1,286,0,52,0,0
G1_D1,316,0,196,0,0
B4_D1,148,0,424,0,0
B10_D1,699,0,59,0,0
G1_D1,516,0,53,0,0
B4_D1,533,0,209,0,0
B4_D1,2,0,507,0,0
B6_D1,54,0,429,0,0
G1_D1,116,0,21,0,0
B6_D1,213,0,43,0,0
G1_D1,972,0,46,0,0
B6_D1,974,0,251,0,0
G1_D1,770,0,21,0,0
B10_D1,434,0,121,0,0
B10_D1,918,0,31,0,0
B6_D1,801,0,501,0,0
B10_D1,174,0,122,0,0
B4_D1,5,0,449,0,0
B10_D1,711,0,476,0,0
B6_D1,866,0,334,0,0
B10_D1,115,0,89,0,0
B4_D1,815,0,41,0,0
B10_D1,952,0,491,0,0
B10_D1,960,0,7,0,0
B6_D1,538,0,503,0,0
B6_D1,654,0,330,0,-1
B6_D1,135,0,315,0,0
G1_D1,409,0,444,0,0
G1_D1,994,0,10,0,0
B10_D1,574,0,307,0,0
G1_D1,266,0,29,0,0
B6_D1,645,0,309,0,0
B10_D1,561,0,66,0,0
B10_D1,12,0,23,0,0
B6_D1,741,0,279,0,0
B6_D1,902,0,160,0,0
B6_D1,814,0,358,0,0
B6_D1,695,0,430,0,0
B6_D1,678,0,43,0,0
B10_D1,731,0,3,0,0
B10_D1,374,0,157,0,0
B10_D1,236,0,321,0,0
B10_D1,824,0,244,0,0
G1_D1,282,0,180,0,0
B6_D1,362,0,436,0,2
B10_D1,440,0,452,0,0
B6_D1,778,0,459,0,0
B6_D1,181,0,363,0,0
B6_D1,133,0,292,0,0
G1_D1,27,0,83,0,0
B6_D1,115,0,147,0,0
B10_D1,985,0,104,0,0
G1_D1,399,0,7,0,0
B6_D1,48,0,480,0,0
G1_D1,31,0,122,0,0
B6_D1,496,0,486,0,0
B6_D1,632,0,358,0,0
G1_D1,579,0,84,0,0
B6_D1,557,0,27,0,0
G1_D1,1010,0,127,0,0
B6_D1,635,0,5,0,0
B6_D1,971,0,470,0,0
B6_D1,904,0,104,0,0
B2_D1,536,0,122,0,0
B6_D1,725,0,106,0,0
G1_D1,124,0,288,0,0
B6_D1,910,0,485,0,0
B10_D1,311,0,333,0,0
B2_D1,168,0,3,0,0
B6_D1,700,0,427,0,0
B10_D1,284,0,135,0,0
B6_D1,947,0,422,0,0
G1_D1,587,0,141,0,0
B10_D1,799,0,485,0,0
G1_D1,993,0,184,0,0
B6_D1,891,0,427,0,0
G1_D1,151,0,271,0,0
B10_D1,514,0,80,0,0
B6_D1,186,0,61,0,0
B10_D1,71,0,56,0,0
B2_D1,751,0,468,0,0
B10_D1,273,0,339,0,0
B2_D1,2,0,59,0,0
B4_D1,338,0,18,0,0
B6_D1,609,0,374,0,-1
B6_D1,7,0,440,0,0
G1_D1,79,0,366,0,-1
B6_D1,203,0,383,0,0
B10_D1,476,0,3,0,0
B6_D1,838,0,439,0,0
B2_D1,558,0,288,0,0
G1_D1,755,0,165,0,0
G1_D1,326,0,23,0,0
G1_D1,262,0,18,0,0
B6_D1,60,0,357,0,-1
B10_D1,213,0,29,0,0
B10_D1,52,0,118,0,0
B4_D1,778,0,253,0,0
B10_D1,480,0,175,0,0
B6_D1,724,0,202,0,0
B10_D1,14,0,219,0,0
G1_D1,173,0,375,0,0
B6_D1,698,0,493,0,0
B4_D1,286,0,238,0,0
B10_D1,473,0,507,0,0
B10_D1,428,0,379,0,0
G1_D1,20,0,218,0,0
B4_D1,249,0,205,0,0
B6_D1,118,0,498,0,0
B6_D1,184,0,170,0,0
B10_D1,18,0,258,0,0
B6_D1,843,0,265,0,0
B2_D1,848,0,197,0,0
G1_D1,268,0,264,0,0
B6_D1,869,0,240,0,0
B6_D1,486,0,329,0,0
B8_D1,88,0,145,0,0
B6_D1,145,0,255,0,0
B10_D1,912,0,14,0,0
B2_D1,894,0,26,0,0
B6_D1,191,0,325,0,0
B6_D1,557,0,352,0,0
B10_D1,611,0,293,0,0
B6_D1,629,0,374,0,0
B10_D1,427,0,122,0,0
B10_D1,536,0,270,0,0
B10_D1,863,0,36,0,0
B10_D1,886,0,81,0,0
G1_D1,218,0,71,0,0
G1_D1,996,0,369,0,-1
B8_D1,572,0,292,0,0
B6_D1,545,0,324,0,0
B6_D1,912,0,113,0,0
B10_D1,185,0,510,0,0
G1_D1,314,0,12,0,0
B10_D1,646,0,85,0,0
B6_D1,593,0,18,0,0
G1_D1,61,0,15,0,0
B2_D1,569,0,361,0,0
G1_D1,984,0,275,0,0
B10_D1,625,0,199,0,0
B10_D1,890,0,236,0,0
G1_D1,882,0,203,0,0
B6_D1,477,0,7,0,0
B10_D1,653,0,66,0,0
G1_D1,920,0,289,0,0
B2_D1,719,0,361,0,0
B6_D1,490,0,490,0,0
B10_D1,388,0,229,0,0
B4_D1,813,0,51,0,0
G1_D1,403,0,34,0,0
B4_D1,662,0,34,0,0
B6_D1,106,0,396,0,0
B6_D1,709,0,155,0,0
B6_D1,513,0,479,0,0
B10_D1,963,0,74,0,0
B10_D1,866,0,54,0,0
G1_D1,1021,0,296,0,0
B6_D1,120,0,113,0,0
B6_D1,384,0,368,0,0
B6_D1,683,0,493,0,0
B6_D1,694,0,188,0,0
B6_D1,351,0,36,0,0
B4_D1,908,0,12,0,0
B6_D1,544,0,250,0,0
B6_D1,25,0,25,0,0
B10_D1,235,0,61,0,0
B6_D1,90,0,393,0,0
G1_D1,43,0,201,0,0
B6_D1,143,0,117,0,0
B6_D1,24,0,504,0,0
B10_D1,708,0,7,0,0
B4_D1,782,0,265,0,0
B6_D1,391,0,6,0,0
G1_D1,486,0,84,0,0
B4_D1,66,0,4,0,0
G1_D1,1000,0,194,0,0
B6_D1,541,0,379,0,0
G1_D1,79,0,9,0,0
B8_D1,587,0,194,0,0
B6_D1,4,0,460,0,0
B6_D1,443,0,420,0,0
G1_D1,1001,0,261,0,0
B10_D1,575,0,306,0,0
B10_D1,272,0,47,0,0
B10_D1,655,0,420,0,0
G1_D1,317,0,187,0,0
B2_D1,875,0,19,0,0
B2_D1,631,0,290,0,0
B6_D1,735,0,347,0,0
B6_D1,287,0,459,0,3
B6_D1,501,0,491,0,0
G1_D1,1007,0,146,0,0
G1_D1,18,0,240,0,0
B6_D1,875,0,194,0,0
B10_D1,603,0,94,0,0
B10_D1,421,0,371,0,0
B6_D1,389,0,74,0,0
B10_D1,229,0,311,0,0
B6_D1,950,0,239,0,0
G1_D1,928,0,66,0,0
B6_D1,567,0,502,0,0
G1_D1,1022,0,480,0,0
B10_D1,518,0,97,0,0
B4_D1,896,0,204,0,0
B10_D1,559,0,68,0,0
B10_D1,370,0,283,0,0
B10_D1,839,0,40,0,0
B10_D1,8,0,4,0,0
B6_D1,853,0,273,0,0
B10_D1,622,0,243,0,0
B10_D1,327,0,232,0,0
G1_D1,54,0,10,0,0
B10_D1,672,0,162,0,0
B10_D1,903,0,85,0,0
B10_D1,638,0,25,0,0
B6_D1,1018,0,488,0,0
B6_D1,728,0,113,0,0
B6_D1,391,0,292,0,0
B10_D1,230,0,329,0,0
G1_D1,454,0,8,0,0
B10_D1,362,0,480,0,0
G1_D1,21,0,263,0,0
B2_D1,599,0,482,0,0
B6_D1,208,0,278,0,0
G1_D1,279,0,62,0,0
B10_D1,800,0,83,0,0
B4_D1,669,0,316,0,0
B4_D1,969,0,13,0,0
B6_D1,859,0,196,0,0
G1_D1,809,0,299,0,0
B6_D1,937,0,502,0,0
G1_D1,54,0,128,0,0
B6_D1,336,0,206,0,0
B4_D1,738,0,280,0,0
G1_D1,264,0,188,0,0
B10_D1,431,0,478,0,0
B2_D1,619,0,49,0,0
G1_D1,116,0,15,0,0
G1_D1,32,0,236,0,0
B6_D1,448,0,49,0,0
B6_D1,201,0,134,0,0
G1_D1,614,0,9,0,0
B6_D1,858,0,222,0,0
B6_D1,455,0,10,0,0
B6_D1,62,0,304,0,0
B6_D1,993,0,340,0,0
B4_D1,273,0,16,0,0
B4_D1,158,0,16,0,0
B6_D1,175,0,477,0,0
B10_D1,400,0,24,0,0
B10_D1,706,0,88,0,0
B6_D1,57,0,449,0,0
G1_D1,72,0,436,0,0
B10_D1,401,0,501,0,0
B6_D1,688,0,493,0,0
B6_D1,821,0,491,0,0
B10_D1,948,0,71,0,0
B6_D1,259,0,24,0,0
B10_D1,154,0,344,0,0
B6_D1,260,0,134,0,0
B6_D1,698,0,33,0,0
G1_D1,245,0,459,0,0
G1_D1,484,0,233,0,0
G1_D1,356,0,21,0,0
B10_D1,363,0,214,0,0
G1_D1,16,0,15,0,0
G1_D1,174,0,169,0,0
B6_D1,20,0,510,0,0
B10_D1,725,0,123,0,0
B4_D1,302,0,38,0,0
B6_D1,543,0,330,0,0
B6_D1,877,0,142,0,0
B10_D1,900,0,90,0,0
B4_D1,656,0,183,0,0
B6_D1,309,0,19,0,0
G1_D1,934,0,102,0,0
B10_D1,27,0,119,0,0
B6_D1,270,0,242,0,0
B6_D1,651,0,285,0,0
B6_D1,407,0,12,0,0
B6_D1,814,0,235,0,0
B2_D1,605,0,114,0,0
B10_D1,548,0,325,0,0
B4_D1,551,0,73,0,0
B6_D1,278,0,420,0,0
B10_D1,710,0,48,0,0
B2_D1,870,0,174,0,-1
B6_D1,696,0,31,0,0
B10_D1,355,0,40,0,0
G1_D1,384,0,9,0,0
B6_D1,723,0,28,0,0
B10_D1,695,0,73,0,0
B6_D1,265,0,45,0,0
B6_D1,371,0,478,0,0
G1_D1,129,0,5,0,0
B10_D1,139,0,176,0,0
G1_D1,756,0,336,0,0
B4_D1,213,0,46,0,0
B4_D1,312,0,293,0,0
B10_D1,754,0,53,0,0
B6_D1,895,0,452,0,0
B6_D1,498,0,382,0,0
B6_D1,141,0,41,0,0
B6_D1,450,0,138,0,0
B6_D1,737,0,12,0,0
B6_D1,205,0,500,0,0
B10_D1,373,0,440,0,2
B6_D1,615,0,490,0,0
B10_D1,188,0,66,0,0
G1_D1,679,0,268,0,0
B6_D1,376,0,506,0,0
B6_D1,691,0,414,0,0
B6_D1,716,0,346,0,0
G1_D1,894,0,215,0,0
B4_D1,100,0,20,0,0
G1_D1,127,0,138,0,0
B6_D1,840,0,510,0,0
G1_D1,686,0,124,0,0
B6_D1,918,0,43,0,0
B10_D1,376,0,88,0,-1
B6_D1,363,0,371,0,0
B6_D1,43,0,417,0,0
G1_D1,85,0,127,0,0
B10_D1,771,0,90,0,0
B10_D1,925,0,375,0,0
B10_D1,311,0,46,0,0
B6_D1,811,0,491,0,0
B6_D1,712,0,12,0,0
B6_D1,633,0,185,0,0
G1_D1,1022,0,181,0,0
G1_D1,29,0,199,0,0
B10_D1,11,0,265,0,0
B4_D1,570,0,181,0,0
G1_D1,791,0,85,0,0
B6_D1,264,0,398,0,0
B10_D1,483,0,169,0,0
B10_D1,425,0,489,0,0
B6_D1,405,0,485,0,0
B10_D1,719,0,36,0,0
B6_D1,86,0,481,0,0
B10_D1,562,0,158,0,0
B10_D1,348,0,4,0,0
B10_D1,511,0,146,0,0
B10_D1,357,0,208,0,0
G1_D1,454,0,100,0,0
B2_D1,867,0,1,0,0
B10_D1,605,0,132,0,0
B6_D1,536,0,491,0,0
B6_D1,726,0,199,0,0
B10_D1,186,0,98,0,0
B6_D1,569,0,69,0,0
B10_D1,402,0,140,0,0
G1_D1,459,0,2,0,0
B10_D1,698,0,286,0,0
B6_D1,702,0,388,0,0
B10_D1,664,0,86,0,0
B8_D1,853,0,229,0,0
G1_D1,2,0,459,0,0
B10_D1,259,0,10,0,0
B4_D1,803,0,212,0,0
B10_D1,883,0,1,0,0
B6_D1,320,0,434,0,0
G1_D1,727,0,85,0,0
B6_D1,546,0,26,0,0
B10_D1,420,0,224,0,0
B10_D1,769,0,234,0,0
G1_D1,159,0,2,0,0
B6_D1,940,0,277,0,0
B10_D1,186,0,184,0,0
G1_D1,595,0,218,0,0
B6_D1,541,0,230,0,0
B10_D1,123,0,348,0,0
G1_D1,289,0,11,0,0
B6_D1,540,0,324,0,0
B6_D1,672,0,12,0,0
B10_D1,761,0,64,0,0
B10_D1,699,0,415,0,0
B6_D1,614,0,170,0,0
B6_D1,833,0,308,0,0
B6_D1,642,0,47,0,0
B6_D1,532,0,502,0,0
B10_D1,354,0,41,0,0
B4_D1,548,0,183,0,0
G1_D1,994,0,73,0,0
B10_D1,323,0,414,0,0
B4_D1,229,0,67,0,0
G1_D1,737,0,37,0,0
B6_D1,606,0,290,0,0
G1_D1,698,0,170,0,0
B6_D1,113,0,498,0,0
G1_D1,789,0,19,0,0
B4_D1,113,0,45,0,0
B10_D1,940,0,217,0,0
B6_D1,723,0,197,0,0
B10_D1,471,0,56,0,0
B6_D1,395,0,476,0,0
B6_D1,732,0,32,0,0
B6_D1,721,0,199,0,0
B2_D1,486,0,218,0,0
B10_D1,470,0,508,0,0
B4_D1,642,0,233,0,0
B4_D1,150,0,195,0,0
B4_D1,383,0,393,0,0
B6_D1,427,0,127,0,0
B10_D1,751,0,115,0,0
B2_D1,471,0,510,0,0
B8_D1,717,0,191,0,0
B10_D1,285,0,241,0,0
B10_D1,763,0,467,0,0
G1_D1,18,0,291,0,0
B6_D1,670,0,5,0,0
G1_D1,519,0,76,0,0
B6_D1,500,0,5,0,0
B6_D1,107,0,196,0,0
G1_D1,667,0,93,0,0
B10_D1,670,0,59,0,0
B10_D1,87,0,196,0,0
B6_D1,965,0,216,0,0
G1_D1,904,0,316,0,0
B6_D1,842,0,136,0,0
B10_D1,222,0,166,0,0
B2_D1,623,0,288,0,0
G1_D1,985,0,140,0,0
B10_D1,401,0,9,0,0
B10_D1,752,0,461,0,0
B10_D1,246,0,71,0,0
G1_D1,437,0,109,0,0
G1_D1,666,0,36,0,0
G1_D1,687,0,71,0,0
B10_D1,364,0,137,0,0
B2_D1,14,0,511,0,0
B6_D1,790,0,126,0,0
G1_D1,980,0,127,0,0
G1_D1,807,0,300,0,0
B10_D1,142,0,251,0,0
B10_D1,137,0,197,0,0
G1_D1,688,0,194,0,0
G1_D1,291,0,37,0,0
B6_D1,535,0,302,0,0
B10_D1,914,0,4,0,0
B2_D1,727,0,102,0,0
B6_D1,849,0,39,0,0
B10_D1,711,0,3,0,0
B10_D1,412,0,54,0,0
B6_D1,352,0,104,0,0
B2_D1,685,0,431,0,0
B4_D1,527,0,88,0,0
B2_D1,886,0,213,0,0
B6_D1,235,0,67,0,0
G1_D1,104,0,14,0,0
B10_D1,863,0,1,0,0
B6_D1,723,0,148,0,0
B10_D1,522,0,2,0,0
B6_D1,48,0,117,0,0
B6_D1,671,0,370,0,0
G1_D1,430,0,143,0,0
G1_D1,26,0,251,0,0
B6_D1,873,0,28,0,0
B6_D1,81,0,315,0,0
B10_D1,398,0,163,0,0
B6_D1,117,0,2,0,0
B6_D1,992,0,287,0,0
B10_D1,338,0,189,0,0
B10_D1,470,0,104,0,0
B8_D1,613,0,226,0,0
B10_D1,528,0,473,0,0
B10_D1,699,0,63,0,0
G1_D1,729,0,320,0,0
B6_D1,811,0,147,0,0
B10_D1,317,0,419,0,0
G1_D1,779,0,234,0,0
B10_D1,107,0,201,0,0
B6_D1,210,0,470,0,0
B10_D1,685,0,252,0,0
B10_D1,966,0,3,0,0
B10_D1,347,0,101,0,0
B6_D1,293,0,38,0,0
G1_D1,644,0,11,0,0
B10_D1,691,0,476,0,0
B4_D1,771,0,304,0,0
G1_D1,925,0,25,0,0
B10_D1,944,0,4,0,0
B2_D1,392,0,481,0,0
B6_D1,566,0,463,0,0
B10_D1,517,0,277,0,0
B10_D1,59,0,260,0,0
G1_D1,697,0,439,0,0
B6_D1,196,0,451,0,0
B2_D1,270,0,61,0,0
B10_D1,62,0,143,0,0
B10_D1,413,0,111,0,0
B8_D1,676,0,248,0,0
G1_D1,366,0,287,0,0
B10_D1,230,0,284,0,0
B10_D1,687,0,261,0,0
B6_D1,678,0,158,0,0
G1_D1,1000,0,119,0,0
B6_D1,309,0,291,0,0
B10_D1,412,0,462,0,0
B6_D1,844,0,29,0,0
B6_D1,762,0,262,0,0
B10_D1,953,0,53,0,0
B10_D1,281,0,30,0,0
B6_D1,541,0,128,0,0
B6_D1,271,0,48,0,0
B10_D1,169,0,281,0,0
B10_D1,162,0,105,0,0
B6_D1,656,0,511,0,0
G1_D1,126,0,21,0,0
B6_D1,209,0,191,0,0
B6_D1,57,0,32,0,0
B10_D1,427,0,393,0,0
B10_D1,84,0,83,0,0
B4_D1,537,0,381,0,0
G1_D1,1020,0,81,0,0
B10_D1,847,0,82,0,0
B10_D1,526,0,98,0,0
G1_D1,1007,0,186,0,0
B6_D1,972,0,27,0,0
B10_D1,742,0,416,0,0
B6_D1,675,0,108,0,0
B6_D1,37,0,2,0,0
G1_D1,210,0,453,0,0
B10_D1,808,0,310,0,0
G1_D1,857,0,75,0,0
B4_D1,71,0,184,0,0
G1_D1,850,0,446,0,0
B2_D1,1004,0,31,0,0
B4_D1,183,0,26,0,0
B10_D1,727,0,162,0,0
B10_D1,12,0,20,0,0
B10_D1,350,0,172,0,0
G1_D1,40,0,25,0,0
B6_D1,231,0,309,0,0
B10_D1,7,0,383,0,0
B2_D1,356,0,486,0,0
B6_D1,940,0,196,0,-1
B10_D1,753,0,465,0,0
G1_D1,278,0,413,0,0
B10_D1,1,0,137,0,0
B6_D1,137,0,502,0,0
B10_D1,208,0,180,0,0
B6_D1,317,0,2,0,0
B10_D1,759,0,405,0,0
B4_D1,1022,0,273,0,0
B10_D1,240,0,232,0,0
G1_D1,486,0,215,0,0
B10_D1,878,0,84,0,0
B6_D1,740,0,495,0,0
B6_D1,836,0,486,0,0
B6_D1,439,0,267,0,0
G1_D1,471,0,99,0,0
G1_D1,536,0,22,0,0
B6_D1,338,0,503,0,0
B10_D1,841,0,103,0,0
B10_D1,16,0,114,0,0
B10_D1,691,0,420,0,0
B10_D1,393,0,132,0,0
B6_D1,286,0,135,0,0
G1_D1,48,0,149,0,0
B6_D1,430,0,463,0,0
B10_D1,991,0,255,0,0
G1_D1,357,0,236,0,0
B6_D1,948,0,348,0,0
B8_D1,132,0,77,0,0
B10_D1,372,0,181,0,0
G1_D1,429,0,2,0,0
G1_D1,721,0,276,0,0
B6_D1,11,0,429,0,0
B2_D1,267,0,129,0,0
B10_D1,12,0,130,0,0
G1_D1,1007,0,136,0,0
B10_D1,752,0,14,0,0
G1_D1,358,0,366,0,0
B6_D1,832,0,502,0,0
G1_D1,16,0,278,0,0
B6_D1,631,0,31,0,0
B10_D1,833,0,86,0,0
B10_D1,378,0,442,0,2
B6_D1,774,0,163,0,0
B10_D1,243,0,34,0,0
G1_D1,31,0,403,0,0
B10_D1,32,0,268,0,0
B10_D1,24,0,236,0,0
B10_D1,654,0,161,0,0
B10_D1,510,0,292,0,0
B10_D1,847,0,6,0,0
G1_D1,997,0,228,0,0
B10_D1,351,0,0,0,0
B4_D1,113,0,86,0,0
B6_D1,911,0,67,0,0
B6_D1,577,0,7,0,0
B10_D1,500,0,318,0,0
B10_D1,397,0,6,0,0
B6_D1,949,0,44,0,0
B10_D1,199,0,116,0,0
B10_D1,191,0,254,0,0
B6_D1,86,0,41,0,0
B2_D1,873,0,30,0,0
B10_D1,403,0,444,0,0
B6_D1,825,0,500,0,0
G1_D1,403,0,294,0,0
B6_D1,766,0,110,0,0
B2_D1,691,0,15,0,0
B10_D1,302,0,279,0,0
B6_D1,958,0,51,0,0
B10_D1,632,0,32,0,0
G1_D1,999,0,197,0,0
B6_D1,242,0,480,0,0
B6_D1,181,0,65,0,0
G1_D1,813,0,449,0,0
B10_D1,836,0,97,0,0
B2_D1,909,0,221,0,0
B6_D1,795,0,334,0,0
G1_D1,997,0,160,0,0
B10_D1,189,0,30,0,0
B10_D1,2,0,20,0,0
B10_D1,122,0,347,0,0
G1_D1,952,0,82,0,0
B6_D1,185,0,500,0,0
B6_D1,333,0,385,0,0
B4_D1,637,0,235,0,0
G1_D1,260,0,341,0,0
B10_D1,271,0,171,0,0
B6_D1,664,0,184,0,0
B10_D1,536,0,55,0,0
G1_D1,53,0,84,0,0
B10_D1,986,0,53,0,0
B10_D1,121,0,95,0,0
B10_D1,169,0,27,0,0
G1_D1,981,0,87,0,0
B10_D1,732,0,400,0,0
G1_D1,1006,0,268,0,0
B6_D1,412,0,2,0,0
B10_D1,676,0,385,0,0
B6_D1,68,0,358,0,-1
B6_D1,730,0,456,0,0
B6_D1,737,0,147,0,0
G1_D1,400,0,232,0,0
G1_D1,319,0,13,0,0
B10_D1,34,0,299,0,0
B6_D1,47,0,32,0,0
B6_D1,154,0,109,0,0
B2_D1,767,0,52,0,0
B10_D1,706,0,34,0,0
B6_D1,695,0,371,0,0
B2_D1,238,0,509,0,0
B6_D1,745,0,53,0,0
B6_D1,226,0,501,0,0
B6_D1,453,0,503,0,0
B10_D1,70,0,162,0,0
B10_D1,795,0,62,0,0
G1_D1,9,0,111,0,0
B6_D1,483,0,62,0,0
B6_D1,264,0,509,0,0
B6_D1,837,0,452,0,0
B6_D1,126,0,6,0,0
B6_D1,777,0,17,0,0
G1_D1,325,0,79,0,0
B10_D1,6,0,112,0,0
B6_D1,460,0,227,0,0
B6_D1,555,0,359,0,0
B6_D1,57,0,17,0,0
G1_D1,864,0,2,0,0
B10_D1,566,0,282,0,0
G1_D1,1021,0,20,0,0
B6_D1,51,0,481,0,0
B6_D1,54,0,424,0,0
G1_D1,484,0,93,0,0
B2_D1,164,0,119,0,0
B10_D1,25,0,97,0,0
G1_D1,279,0,7,0,0
B6_D1,353,0,480,0,0
B6_D1,891,0,6,0,0
B6_D1,542,0,293,0,0
B4_D1,976,0,70,0,0
G1_D1,239,0,171,0,0
B6_D1,275,0,270,0,0
B10_D1,514,0,8,0,0
G1_D1,624,0,267,0,0
B6_D1,973,0,190,0,0
G1_D1,830,0,255,0,0
B10_D1,354,0,37,0,0
B10_D1,324,0,96,0,0
B2_D1,233,0,138,0,0
B10_D1,644,0,447,0,0
B6_D1,631,0,362,0,0
G1_D1,814,0,20,0,0
B10_D1,653,0,442,0,0
B4_D1,879,0,24,0,0
B10_D1,507,0,150,0,0
B6_D1,691,0,370,0,0
B2_D1,88,0,83,0,0
B4_D1,736,0,250,0,0
B6_D1,996,0,108,0,0
B6_D1,280,0,269,0,0
G1_D1,386,0,15,0,0
B6_D1,200,0,103,0,0
B10_D1,189,0,255,0,0
B10_D1,970,0,48,0,0
B10_D1,155,0,324,0,0
G1_D1,118,0,284,0,0
B10_D1,328,0,18,0,0
B6_D1,412,0,275,0,0
B4_D1,217,0,43,0,0
G1_D1,95,0,272,0,0
B4_D1,224,0,129,0,0
G1_D1,684,0,106,0,0
B2_D1,725,0,12,0,0
B6_D1,962,0,121,0,0
B10_D1,438,0,162,0,0
B4_D1,166,0,192,0,0
B6_D1,442,0,278,0,0
B2_D1,907,0,0,0,0
B6_D1,397,0,58,0,0
B10_D1,637,0,36,0,0
B6_D1,13,0,480,0,0
B6_D1,973,0,233,0,0
B4_D1,5,0,364,0,0
B10_D1,94,0,165,0,0
B10_D1,968,0,84,0,0
B2_D1,687,0,430,0,0
B6_D1,320,0,402,0,0
B6_D1,549,0,363,0,0
G1_D1,39,0,238,0,0
G1_D1,574,0,8,0,0
B6_D1,616,0,11,0,0
B6_D1,792,0,118,0,0
B4_D1,928,0,87,0,0
B6_D1,622,0,497,0,0
B6_D1,341,0,334,0,0
B4_D1,180,0,70,0,0
B4_D1,433,0,412,0,0
B10_D1,868,0,213,0,0
B10_D1,726,0,312,0,0
G1_D1,534,0,29,0,0
B6_D1,599,0,119,0,0
B10_D1,967,0,296,0,0
G1_D1,1004,0,178,0,0
B6_D1,675,0,269,0,0
B4_D1,212,0,356,0,0
B6_D1,609,0,204,0,0
G1_D1,30,0,478,0,0
B6_D1,753,0,18,0,0
G1_D1,34,0,120,0,0
B4_D1,630,0,26,0,0
G1_D1,123,0,382,0,0
B10_D1,511,0,69,0,0
G1_D1,75,0,47,0,0
B6_D1,15,0,40,0,0
G1_D1,636,0,34,0,0
B10_D1,832,0,427,0,0
B4_D1,287,0,237,0,0
B6_D1,732,0,156,0,0
G1_D1,306,0,148,0,0
B6_D1,808,0,33,0,0
B6_D1,1008,0,255,0,0
B10_D1,592,0,109,0,0
B10_D1,70,0,51,0,0
B10_D1,621,0,496,0,0
B4_D1,691,0,189,0,0
B10_D1,437,0,502,0,0
B6_D1,748,0,431,0,0
G1_D1,988,0,76,0,0
B10_D1,394,0,471,0,0
B10_D1,903,0,388,0,0
B10_D1,547,0,463,0,0
B4_D1,723,0,63,0,0
B4_D1,248,0,134,0,0
G1_D1,269,0,73,0,0
G1_D1,588,0,226,0,0
B10_D1,996,0,0,0,0
B6_D1,834,0,227,0,0
B10_D1,39,0,37,0,0
B10_D1,406,0,260,0,0
B6_D1,308,0,23,0,0
B6_D1,981,0,496,0,0
G1_D1,85,0,500,0,0
G1_D1,30,0,88,0,0
B2_D1,705,0,58,0,0
G1_D1,479,0,480,0,0
G1_D1,991,0,33,0,0
B10_D1,847,0,407,0,0
B10_D1,813,0,439,0,0
B10_D1,183,0,4,0,0
G1_D1,209,0,272,0,0
B2_D1,897,0,98,0,0
B6_D1,845,0,353,0,0
G1_D1,929,0,442,0,0
G1_D1,84,0,399,0,0
G1_D1,1014,0,269,0,0
G1_D1,659,0,6,0,0
B10_D1,875,0,299,0,0
G1_D1,372,0,104,0,0
G1_D1,521,0,123,0,0
B4_D1,6,0,153,0,0
B10_D1,532,0,139,0,0
B10_D1,394,0,204,0,0
B6_D1,932,0,32,0,0
B8_D1,21,0,259,0,0
G1_D1,91,0,88,0,0
B6_D1,41,0,511,0,0
B4_D1,0,0,364,0,0
B6_D1,790,0,114,0,0
B4_D1,465,0,224,0,0
B6_D1,940,0,167,0,-1
B10_D1,548,0,321,0,0
B10_D1,543,0,65,0,0
B6_D1,143,0,292,0,0
B10_D1,488,0,281,0,0
B10_D1,227,0,234,0,0
B6_D1,483,0,493,0,0
B10_D1,191,0,511,0,0
B2_D1,650,0,481,0,0
B6_D1,782,0,90,0,0
B6_D1,756,0,289,0,0
B2_D1,599,0,225,0,0
G1_D1,1004,0,105,0,0
G1_D1,907,0,317,0,0
B6_D1,450,0,485,0,0
B10_D1,184,0,31,0,0
B10_D1,685,0,74,0,0
B6_D1,677,0,295,0,0
G1_D1,69,0,162,0,0
B10_D1,1009,0,332,0,0
B4_D1,117,0,142,0,0
B10_D1,547,0,105,0,0
B6_D1,403,0,483,0,0
B6_D1,28,0,189,0,0
B10_D1,75,0,459,0,0
B10_D1,888,0,303,0,0
B2_D1,771,0,283,0,0
G1_D1,12,0,39,0,0
B6_D1,418,0,380,0,0
B6_D1,106,0,511,0,0
B10_D1,371,0,285,0,0
B6_D1,159,0,307,0,0
B6_D1,59,0,9,0,0
B10_D1,36,0,5,0,0
B2_D1,824,0,67,0,0
B6_D1,754,0,260,0,0
B6_D1,776,0,125,0,0
B6_D1,911,0,128,0,0
B6_D1,887,0,51,0,0
G1_D1,727,0,322,0,0
B2_D1,365,0,203,0,0
B10_D1,671,0,41,0,0
B6_D1,716,0,36,0,0
B6_D1,76,0,456,0,0
B10_D1,91,0,321,0,0
B4_D1,747,0,231,0,0
G1_D1,342,0,438,0,0
B2_D1,868,0,26,0,0
B6_D1,925,0,114,0,0
B10_D1,601,0,65,0,0
B6_D1,754,0,163,0,0
G1_D1,675,0,67,0,0
B6_D1,836,0,125,0,0
B4_D1,442,0,25,0,0
G1_D1,938,0,494,0,0
G1_D1,869,0,11,0,0
B6_D1,272,0,314,0,0
B10_D1,561,0,1,0,0
B8_D1,1023,0,407,0,0
B6_D1,295,0,40,0,0
G1_D1,987,0,143,0,0
B10_D1,117,0,112,0,0
B10_D1,50,0,206,0,0
B10_D1,73,0,50,0,0
B10_D1,513,0,162,0,0
B6_D1,309,0,138,0,0
B10_D1,772,0,42,0,0
G1_D1,124,0,201,0,0
B6_D1,382,0,22,0,0
G1_D1,537,0,187,0,0
B10_D1,445,0,481,0,0
B6_D1,514,0,164,0,0
B10_D1,332,0,338,0,0
G1_D1,36,0,51,0,0
B10_D1,543,0,29,0,0
G1_D1,484,0,3,0,0
B4_D1,621,0,50,0,0
B4_D1,60,0,165,0,0
G1_D1,27,0,33,0,0
G1_D1,761,0,309,0,0
B10_D1,410,0,492,0,0
G1_D1,1022,0,462,0,0
B10_D1,812,0,88,0,0
B4_D1,176,0,358,0,0
B10_D1,462,0,411,0,0
B4_D1,836,0,257,0,0
B6_D1,364,0,504,0,0
B6_D1,1023,0,433,0,0
B6_D1,512,0,27,0,0
B6_D1,164,0,14,0,0
B6_D1,453,0,52,0,0
B6_D1,119,0,83,0,0
B6_D1,416,0,116,0,0
B10_D1,279,0,58,0,0
G1_D1,618,0,188,0,0
B10_D1,649,0,51,0,0
B2_D1,797,0,247,0,0
B10_D1,912,0,329,0,0
B10_D1,270,0,251,0,0
B4_D1,371,0,381,0,0
B2_D1,769,0,22,0,0
B2_D1,450,0,473,0,0
B4_D1,298,0,227,0,0
B6_D1,474,0,186,0,0
B6_D1,942,0,367,0,0
B6_D1,523,0,23,0,0
B4_D1,809,0,13,0,0
B6_D1,582,0,377,0,0
B10_D1,367,0,44,0,0
B6_D1,710,0,350,0,0
G1_D1,778,0,242,0,0
B6_D1,872,0,116,0,0
B6_D1,636,0,378,0,0
G1_D1,930,0,286,0,0
G1_D1,760,0,113,0,0
B10_D1,21,0,117,0,0
B6_D1,741,0,73,0,0
B10_D1,211,0,28,0,0
B10_D1,410,0,16,0,0
B6_D1,474,0,484,0,0
B6_D1,209,0,4,0,0
B10_D1,418,0,200,0,0
B6_D1,355,0,45,0,0
B6_D1,559,0,164,0,0
G1_D1,14,0,327,0,0
B6_D1,771,0,511,0,0
G1_D1,84,0,8,0,0
B10_D1,261,0,301,0,0
G1_D1,161,0,115,0,0
B6_D1,96,0,270,0,0
B6_D1,993,0,43,0,0
G1_D1,285,0,40,0,0
B10_D1,506,0,315,0,0
B6_D1,751,0,486,0,0
B10_D1,155,0,145,0,0
G1_D1,784,0,72,0,0
G1_D1,84,0,501,0,0
B6_D1,819,0,160,0,0
B10_D1,146,0,275,0,0
B6_D1,573,0,480,0,0
B6_D1,826,0,486,0,0
B4_D1,603,0,93,0,0
B10_D1,813,0,177,0,0
B10_D1,591,0,194,0,0
G1_D1,995,0,373,0,-1
G1_D1,709,0,251,0,0
B10_D1,148,0,104,0,0
B6_D1,818,0,480,0,0
G1_D1,634,0,20,0,0
B10_D1,990,0,287,0,0
B4_D1,862,0,39,0,0
B10_D1,607,0,345,0,0
G1_D1,370,0,55,0,0
B10_D1,925,0,195,0,-1
B6_D1,188,0,452,0,0
B6_D1,26,0,117,0,0
B10_D1,570,0,480,0,0
B10_D1,557,0,317,0,0
B6_D1,302,0,135,0,0
B4_D1,994,0,56,0,0
B10_D1,839,0,278,0,0
B6_D1,562,0,2,0,0
B2_D1,150,0,269,0,0
B6_D1,366,0,94,0,0
B2_D1,951,0,31,0,0
G1_D1,380,0,496,0,0
B10_D1,19,0,65,0,0
B2_D1,164,0,69,0,0
B10_D1,871,0,42,0,0
G1_D1,844,0,3,0,0
G1_D1,59,0,98,0,0
B10_D1,380,0,409,0,0
B10_D1,256,0,5,0,0
B6_D1,1,0,73,0,0
B2_D1,674,0,478,0,0
B10_D1,825,0,425,0,0
B6_D1,273,0,198,0,0
B6_D1,643,0,300,0,0
B10_D1,322,0,232,0,0
B6_D1,401,0,423,0,-1
B6_D1,415,0,286,0,0
B6_D1,3,0,286,0,0
B6_D1,816,0,48,0,0
B2_D1,82,0,34,0,0
B6_D1,219,0,34,0,0
G1_D1,1003,0,82,0,0
B10_D1,457,0,136,0,0
B10_D1,147,0,445,0,0
B10_D1,230,0,389,0,0
G1_D1,36,0,234,0,0
B6_D1,97,0,453,0,0
G1_D1,734,0,3,0,0
G1_D1,738,0,240,0,0
B10_D1,104,0,286,0,0
B10_D1,189,0,60,0,0
B6_D1,260,0,452,0,3
B6_D1,260,0,159,0,0
B10_D1,9,0,348,0,0
B10_D1,184,0,263,0,0
B10_D1,342,0,147,0,0
B10_D1,926,0,511,0,0
B6_D1,404,0,354,0,0
G1_D1,181,0,1,0,0
B6_D1,680,0,108,0,0
B10_D1,214,0,38,0,0
B2_D1,434,0,212,0,0
B10_D1,931,0,324,0,0
B4_D1,697,0,264,0,0
B10_D1,775,0,236,0,0
B10_D1,199,0,258,0,0
G1_D1,13,0,115,0,0
B10_D1,106,0,284,0,0
B10_D1,768,0,48,0,0
B4_D1,1023,0,237,0,0
B2_D1,620,0,477,0,0
G1_D1,643,0,206,0,0
B6_D1,770,0,505,0,0
B10_D1,504,0,316,0,0
B6_D1,363,0,498,0,0
G1_D1,504,0,127,0,0
B6_D1,411,0,496,0,0
B10_D1,598,0,311,0,0
B6_D1,86,0,398,0,0
G1_D1,268,0,234,0,0
B10_D1,28,0,164,0,0
B10_D1,664,0,91,0,0
B6_D1,929,0,509,0,0
G1_D1,937,0,235,0,0
B10_D1,839,0,232,0,0
B6_D1,667,0,362,0,0
B4_D1,764,0,246,0,0
B6_D1,514,0,429,0,5
B6_D1,186,0,449,0,0
B6_D1,638,0,481,0,0
B10_D1,698,0,285,0,0
B4_D1,354,0,97,0,0
B8_D1,597,0,214,0,0
B6_D1,340,0,331,0,0
B10_D1,255,0,61,0,0
B10_D1,374,0,187,0,0
B4_D1,48,0,124,0,0
B10_D1,58,0,456,0,0
B6_D1,829,0,24,0,0
B6_D1,456,0,11,0,0
G1_D1,785,0,50,0,0
G1_D1,590,0,260,0,0
B6_D1,808,0,135,0,0
B6_D1,846,0,11,0,0
B6_D1,774,0,460,0,0
B4_D1,232,0,68,0,0
B2_D1,949,0,30,0,0
B6_D1,872,0,218,0,0
G1_D1,239,0,2,0,0
B10_D1,288,0,248,0,0
B6_D1,781,0,308,0,0
B6_D1,916,0,241,0,0
B6_D1,595,0,347,0,0
G1_D1,225,0,150,0,0
B6_D1,558,0,401,0,0
B6_D1,156,0,11,0,0
B2_D1,496,0,510,0,0
G1_D1,976,0,72,0,0
B6_D1,589,0,374,0,0
B4_D1,708,0,495,0,0
B10_D1,26,0,103,0,0
B10_D1,178,0,135,0,0
B6_D1,598,0,483,0,0
B6_D1,569,0,302,0,0
B6_D1,847,0,270,0,0
G1_D1,773,0,88,0,0
B2_D1,795,0,33,0,0
B6_D1,5,0,322,0,0
B10_D1,880,0,352,0,0
B10_D1,52,0,119,0,0
B4_D1,849,0,33,0,0
B10_D1,218,0,363,0,0
B4_D1,623,0,185,0,0
B10_D1,342,0,48,0,0
B10_D1,144,0,8,0,0
B10_D1,188,0,437,0,0
B10_D1,995,0,239,0,0
B6_D1,138,0,8,0,0
B10_D1,245,0,7,0,0
B4_D1,655,0,281,0,0
B6_D1,13,0,33,0,0
B4_D1,112,0,142,0,0
B10_D1,809,0,81,0,0
G1_D1,996,0,128,0,0
G1_D1,844,0,218,0,0
G1_D1,809,0,7,0,0
B6_D1,758,0,150,0,0
B10_D1,1013,0,67,0,0
B10_D1,599,0,224,0,0
B10_D1,361,0,39,0,0
B10_D1,679,0,443,0,0
B10_D1,981,0,56,0,0
B10_D1,122,0,12,0,0
B6_D1,297,0,42,0,0
B6_D1,305,0,15,0,0
B6_D1,211,0,306,0,0
B6_D1,249,0,44,0,0
B4_D1,308,0,17,0,0
G1_D1,747,0,202,0,0
B6_D1,180,0,77,0,0
B6_D1,319,0,291,0,0
B6_D1,354,0,481,0,0
B6_D1,827,0,82,0,0
B6_D1,784,0,86,0,0
B4_D1,754,0,201,0,0
B10_D1,881,0,297,0,0
B6_D1,307,0,237,0,0
B6_D1,160,0,184,0,0
B10_D1,217,0,329,0,0
B6_D1,55,0,451,0,0
B8_D1,283,0,183,0,0
G1_D1,741,0,56,0,0
B6_D1,844,0,133,0,0
B6_D1,64,0,509,0,0
B6_D1,346,0,26,0,0
G1_D1,379,0,4,0,0
B4_D1,20,0,132,0,0
B6_D1,118,0,23,0,0
G1_D1,887,0,256,0,0
B10_D1,36,0,47,0,0
B10_D1,137,0,322,0,0
B2_D1,98,0,126,0,0
B10_D1,617,0,124,0,0
B10_D1,598,0,32,0,0
B6_D1,139,0,410,0,0
B6_D1,305,0,139,0,0
B8_D1,91,0,109,0,0
B10_D1,392,0,51,0,0
B4_D1,125,0,129,0,0
B2_D1,886,0,510,0,0
B6_D1,624,0,330,0,-1
B2_D1,191,0,510,0,0
B4_D1,0,0,135,0,0
B10_D1,632,0,112,0,0
B6_D1,158,0,321,0,0
B6_D1,1003,0,112,0,0
B6_D1,779,0,163,0,0
G1_D1,197,0,60,0,0
G1_D1,983,0,61,0,0
B6_D1,634,0,289,0,0
B6_D1,326,0,6,0,0
B6_D1,267,0,61,0,0
B6_D1,388,0,498,0,0
B6_D1,509,0,303,0,0
B2_D1,740,0,271,0,0
B10_D1,579,0,484,0,0
B6_D1,724,0,273,0,0
B10_D1,452,0,299,0,0
G1_D1,864,0,390,0,0
B10_D1,587,0,486,0,0
B10_D1,681,0,388,0,0
B6_D1,511,0,41,0,0
B6_D1,24,0,459,0,0
B2_D1,594,0,97,0,0
B8_D1,278,0,184,0,0
B6_D1,316,0,506,0,0
B10_D1,254,0,41,0,0
G1_D1,687,0,74,0,0
B10_D1,576,0,278,0,0
B6_D1,209,0,9,0,0
G1_D1,980,0,293,0,0
B2_D1,738,0,59,0,0
B6_D1,625,0,505,0,0
B10_D1,918,0,1,0,0
B10_D1,357,0,480,0,0
B2_D1,557,0,221,0,0
B6_D1,477,0,487,0,0
B2_D1,645,0,481,0,0
B6_D1,382,0,352,0,0
B2_D1,189,0,234,0,0
B10_D1,881,0,5,0,0
B6_D1,159,0,112,0,0
B6_D1,808,0,301,0,0
B2_D1,642,0,443,0,0
B10_D1,1023,0,260,0,0
B6_D1,343,0,93,0,0
B6_D1,560,0,10,0,0
B10_D1,3,0,192,0,0
B10_D1,356,0,204,0,0
B10_D1,606,0,58,0,0
B6_D1,157,0,115,0,0
G1_D1,292,0,268,0,0
G1_D1,416,0,391,0,0
B6_D1,810,0,72,0,0
B4_D1,173,0,171,0,0
G1_D1,367,0,456,0,1
B10_D1,542,0,317,0,0
G1_D1,68,0,307,0,0
B6_D1,971,0,78,0,0
B6_D1,415,0,86,0,0
B6_D1,4,0,174,0,0
B6_D1,95,0,0,0,0
B10_D1,332,0,30,0,0
B6_D1,642,0,222,0,0
B10_D1,717,0,419,0,0
B10_D1,1004,0,115,0,0
G1_D1,21,0,393,0,0
B10_D1,579,0,413,0,0
B6_D1,868,0,483,0,0
G1_D1,327,0,228,0,0
B6_D1,24,0,193,0,0
B6_D1,817,0,214,0,0
B6_D1,918,0,3,0,0
B10_D1,363,0,38,0,0
B6_D1,512,0,224,0,0
B10_D1,867,0,336,0,0
B6_D1,832,0,148,0,0
G1_D1,311,0,196,0,0
B10_D1,451,0,295,0,0
B6_D1,771,0,486,0,0
G1_D1,255,0,286,0,0
B6_D1,727,0,256,0,0
B10_D1,71,0,273,0,0
B10_D1,96,0,322,0,0
B10_D1,640,0,198,0,0
B6_D1,688,0,363,0,0
B6_D1,666,0,409,0,0
B6_D1,792,0,87,0,0
B6_D1,414,0,56,0,0
B6_D1,14,0,243,0,0
G1_D1,350,0,48,0,0
B10_D1,878,0,262,0,0
B6_D1,3,0,80,0,0
B10_D1,659,0,160,0,0
B6_D1,515,0,165,0,0
B6_D1,253,0,374,0,0
B10_D1,701,0,90,0,0
G1_D1,514,0,21,0,0
B10_D1,822,0,241,0,0
G1_D1,121,0,192,0,0
B10_D1,46,0,75,0,0
B10_D1,474,0,74,0,0
G1_D1,785,0,77,0,0
G1_D1,91,0,46,0,0
B6_D1,698,0,28,0,0
G1_D1,437,0,481,0,0
B6_D1,249,0,29,0,0
B8_D1,76,0,144,0,0
B10_D1,248,0,302,0,0
G1_D1,730,0,285,0,0
B10_D1,757,0,446,0,0
B6_D1,37,0,413,0,0
B4_D1,962,0,68,0,0
B10_D1,34,0,270,0,0
B6_D1,440,0,495,0,0
B10_D1,396,0,56,0,0
B10_D1,5,0,190,0,0
B10_D1,27,0,132,0,0
B6_D1,29,0,402,0,0
B6_D1,133,0,43,0,0
B10_D1,293,0,327,0,0
B10_D1,451,0,190,0,0
B4_D1,160,0,161,0,0
B10_D1,518,0,33,0,0
B10_D1,256,0,37,0,0
B6_D1,985,0,77,0,0
B6_D1,559,0,489,0,0
B10_D1,347,0,197,0,0
B10_D1,328,0,307,0,0
B6_D1,877,0,482,0,0
B10_D1,925,0,311,0,0
B10_D1,627,0,123,0,0
B6_D1,178,0,383,0,0
G1_D1,673,0,63,0,0
B10_D1,411,0,1,0,0
G1_D1,860,0,464,0,0
B10_D1,999,0,65,0,0
G1_D1,621,0,110,0,0
G1_D1,17,0,273,0,0
B6_D1,456,0,506,0,0
B4_D1,4,0,212,0,0
B6_D1,918,0,92,0,0
B10_D1,680,0,7,0,0
B10_D1,199,0,69,0,0
G1_D1,315,0,335,0,0
B10_D1,538,0,254,0,0
B10_D1,846,0,100,0,0
G1_D1,201,0,144,0,0
B6_D1,160,0,179,0,0
G1_D1,394,0,277,0,0
B10_D1,515,0,79,0,0
B6_D1,26,0,404,0,0
B10_D1,450,0,192,0,0
B6_D1,764,0,298,0,0
B4_D1,784,0,64,0,0
B10_D1,171,0,78,0,0
B10_D1,473,0,473,0,0
G1_D1,34,0,142,0,0
B10_D1,327,0,216,0,0
G1_D1,538,0,28,0,0
G1_D1,487,0,217,0,0
B6_D1,154,0,9,0,0
B6_D1,120,0,52,0,0
G1_D1,531,0,1,0,0
G1_D1,141,0,23,0,0
B4_D1,701,0,189,0,0
B6_D1,232,0,405,0,0
B10_D1,486,0,92,0,0
B2_D1,396,0,381,0,0
B4_D1,725,0,197,0,0
B10_D1,399,0,99,0,0
B2_D1,206,0,129,0,0
G1_D1,1016,0,27,0,0
B6_D1,453,0,508,0,0
B10_D1,788,0,406,0,0
G1_D1,1014,0,73,0,0
G1_D1,582,0,288,0,0
B10_D1,364,0,271,0,0
G1_D1,409,0,5,0,0
B6_D1,354,0,29,0,0
B6_D1,140,0,476,0,0
B10_D1,405,0,250,0,0
B6_D1,855,0,266,0,0
G1_D1,763,0,306,0,0
G1_D1,585,0,196,0,0
B6_D1,842,0,37,0,0
B10_D1,578,0,259,0,0
B10_D1,369,0,284,0,0
B6_D1,32,0,22,0,0
B10_D1,814,0,324,0,0
B6_D1,758,0,153,0,0
B6_D1,5,0,99,0,0
G1_D1,990,0,94,0,0
G1_D1,987,0,71,0,0
B6_D1,655,0,275,0,0
B4_D1,810,0,56,0,0
G1_D1,863,0,247,0,0
G1_D1,774,0,71,0,0
B6_D1,763,0,329,0,0
B6_D1,417,0,190,0,0
B6_D1,158,0,162,0,0
B10_D1,141,0,455,0,0
B10_D1,487,0,298,0,0
G1_D1,41,0,131,0,0
B6_D1,141,0,16,0,0
B6_D1,86,0,160,0,0
B10_D1,1022,0,458,0,0
G1_D1,335,0,136,0,0
B10_D1,83,0,26,0,0
G1_D1,872,0,468,0,0
G1_D1,468,0,91,0,0
B4_D1,665,0,108,0,0
B6_D1,302,0,487,0,0
B10_D1,730,0,249,0,0
B4_D1,589,0,372,0,0
B6_D1,85,0,476,0,0
B6_D1,248,0,3,0,0
B10_D1,187,0,189,0,0
B10_D1,899,0,259,0,0
B6_D1,203,0,479,0,0
B6_D1,316,0,491,0,0
B6_D1,848,0,156,0,0
B6_D1,943,0,237,0,0
B6_D1,798,0,503,0,0
G1_D1,35,0,164,0,0
B4_D1,2,0,77,0,0
B6_D1,685,0,275,0,0
B6_D1,121,0,111,0,0
B10_D1,22,0,178,0,0
G1_D1,566,0,122,0,0
G1_D1,1014,0,39,0,0
B10_D1,611,0,363,0,0
B10_D1,231,0,113,0,0
B6_D1,103,0,13,0,0
B6_D1,899,0,55,0,0
B8_D1,967,0,302,0,0
B6_D1,943,0,445,0,-1
B6_D1,162,0,101,0,0
B6_D1,218,0,389,0,0
B10_D1,880,0,215,0,0
B10_D1,582,0,51,0,0
G1_D1,222,0,17,0,0
B10_D1,827,0,88,0,0
B6_D1,4,0,313,0,0
B10_D1,426,0,505,0,0
G1_D1,219,0,494,0,0
G1_D1,534,0,17,0,0
B6_D1,856,0,51,0,0
B4_D1,460,0,242,0,0
B10_D1,693,0,12,0,0
B6_D1,634,0,408,0,0
B2_D1,712,0,224,0,-1
B10_D1,133,0,283,0,0
B10_D1,159,0,102,0,0
B10_D1,406,0,463,0,0
B2_D1,391,0,510,0,0
B10_D1,393,0,163,0,0
B6_D1,103,0,503,0,0
B6_D1,793,0,459,0,0
B10_D1,351,0,118,0,0
B6_D1,610,0,389,0,-1
B6_D1,397,0,22,0,0
B6_D1,199,0,122,0,0
B6_D1,1022,0,441,0,0
B10_D1,282,0,19,0,0
B6_D1,768,0,356,0,0
B10_D1,258,0,302,0,0
B2_D1,633,0,480,0,0
B6_D1,697,0,471,0,0
G1_D1,29,0,264,0,0
B10_D1,21,0,265,0,0
B6_D1,535,0,213,0,0
B4_D1,551,0,404,0,0
B2_D1,176,0,511,0,0
B10_D1,506,0,167,0,0
B10_D1,325,0,236,0,0
B6_D1,608,0,343,0,0
B10_D1,999,0,494,0,0
B6_D1,270,0,159,0,0
B4_D1,301,0,67,0,0
G1_D1,114,0,275,0,0
B10_D1,841,0,256,0,0
B10_D1,1,0,17,0,0
B2_D1,654,0,19,0,0
G1_D1,994,0,197,0,0
B6_D1,883,0,345,0,0
G1_D1,1003,0,126,0,0
B6_D1,567,0,289,0,0
G1_D1,144,0,12,0,0
B10_D1,945,0,24,0,0
G1_D1,627,0,122,0,0
B2_D1,476,0,287,0,0
G1_D1,38,0,197,0,0
B6_D1,734,0,494,0,0
B10_D1,578,0,12,0,0
B6_D1,890,0,435,0,0
B10_D1,773,0,250,0,0
B6_D1,544,0,29,0,0
B10_D1,611,0,285,0,0
B6_D1,724,0,107,0,0
G1_D1,947,0,266,0,0
B2_D1,614,0,511,0,0
G1_D1,607,0,192,0,0
B6_D1,830,0,119,0,0
B6_D1,331,0,511,0,0
B6_D1,5,0,362,0,0
G1_D1,1,0,480,0,0
B10_D1,108,0,128,0,0
G1_D1,255,0,61,0,0
B10_D1,619,0,81,0,0
G1_D1,783,0,324,0,0
B10_D1,626,0,127,0,0
B4_D1,15,0,43,0,0
G1_D1,634,0,118,0,0
G1_D1,193,0,31,0,0
B10_D1,101,0,296,0,0
B6_D1,431,0,511,0,0
G1_D1,81,0,46,0,0
B10_D1,249,0,426,0,0
B6_D1,614,0,164,0,0
B10_D1,428,0,14,0,0
B6_D1,714,0,453,0,0
G1_D1,507,0,124,0,0
B6_D1,249,0,34,0,0
G1_D1,344,0,444,0,0
B10_D1,256,0,207,0,0
B10_D1,90,0,86,0,0
B6_D1,1009,0,214,0,0
B10_D1,280,0,324,0,0
B6_D1,584,0,34,0,0
B2_D1,586,0,159,0,0
B4_D1,83,0,6,0,0
G1_D1,714,0,5,0,0
G1_D1,294,0,16,0,0
B4_D1,108,0,312,0,0
B6_D1,972,0,305,0,0
B4_D1,173,0,122,0,0
B10_D1,9,0,21,0,0
G1_D1,279,0,16,0,0
B10_D1,63,0,157,0,0
B6_D1,349,0,484,0,0
B2_D1,423,0,492,0,0
G1_D1,854,0,259,0,0
G1_D1,176,0,53,0,0
B6_D1,881,0,506,0,0
B10_D1,13,0,99,0,0
B6_D1,432,0,321,0,0
B4_D1,253,0,193,0,0
B10_D1,16,0,92,0,0
G1_D1,557,0,43,0,0
B10_D1,780,0,244,0,0
B6_D1,904,0,127,0,0
B10_D1,820,0,305,0,0
B6_D1,16,0,65,0,0
B6_D1,362,0,225,0,0
B6_D1,935,0,433,0,0
B10_D1,180,0,29,0,0
B4_D1,560,0,181,0,0
B6_D1,435,0,477,0,0
B6_D1,958,0,469,0,0
B6_D1,104,0,504,0,0
G1_D1,180,0,51,0,0
B2_D1,540,0,460,0,0
B6_D1,155,0,212,0,0
B10_D1,384,0,179,0,0
B6_D1,937,0,262,0,0
B10_D1,740,0,267,0,0
B10_D1,26,0,291,0,0
B10_D1,772,0,510,0,0
B6_D1,27,0,47,0,0
B2_D1,391,0,112,0,0
G1_D1,179,0,7,0,0
G1_D1,543,0,24,0,0
B6_D1,809,0,342,0,0
B10_D1,489,0,32,0,0
B6_D1,651,0,31,0,0
B6_D1,344,0,379,0,0
B4_D1,750,0,238,0,0
B6_D1,905,0,449,0,0
B6_D1,722,0,507,0,0
G1_D1,7,0,226,0,0
B6_D1,437,0,22,0,0
G1_D1,20,0,169,0,0
B6_D1,174,0,494,0,0
B4_D1,71,0,427,0,0
B10_D1,410,0,134,0,0
G1_D1,672,0,115,0,0
B10_D1,164,0,60,0,0
G1_D1,752,0,163,0,0
G1_D1,360,0,237,0,0
B6_D1,741,0,41,0,0
B4_D1,360,0,370,0,0
B6_D1,485,0,277,0,0
B10_D1,304,0,81,0,0
B10_D1,736,0,83,0,0
G1_D1,14,0,297,0,0
B6_D1,334,0,504,0,0
B10_D1,222,0,90,0,0
B8_D1,660,0,230,0,0
B2_D1,465,0,166,0,0
B6_D1,111,0,481,0,0
B10_D1,132,0,284,0,0
B6_D1,65,0,417,0,0
G1_D1,729,0,329,0,0
B10_D1,462,0,339,0,0
B10_D1,191,0,141,0,0
B10_D1,465,0,417,0,0
G1_D1,530,0,509,0,0
G1_D1,1019,0,376,0,-1
B6_D1,821,0,262,0,0
B6_D1,1009,0,427,0,0
B10_D1,415,0,98,0,0
B6_D1,561,0,21,0,0
B8_D1,883,0,233,0,0
G1_D1,494,0,333,0,0
B6_D1,976,0,402,0,0
B6_D1,575,0,403,0,0
G1_D1,703,0,192,0,0
B6_D1,575,0,295,0,0
G1_D1,726,0,249,0,0
G1_D1,1018,0,392,0,0
B10_D1,231,0,47,0,0
G1_D1,863,0,103,0,0
B6_D1,220,0,178,0,0
B6_D1,281,0,167,0,0
B4_D1,795,0,39,0,0
B10_D1,738,0,23,0,0
B10_D1,56,0,180,0,0
B4_D1,278,0,18,0,0
B6_D1,403,0,480,0,0
B6_D1,299,0,24,0,0
B6_D1,103,0,392,0,0
G1_D1,586,0,96,0,0
G1_D1,545,0,252,0,0
B6_D1,818,0,481,0,0
B10_D1,18,0,4,0,0
B10_D1,859,0,200,0,0
B6_D1,44,0,484,0,0
B6_D1,853,0,508,0,0
B6_D1,560,0,178,0,0
B6_D1,49,0,84,0,0
B10_D1,1007,0,50,0,0
B6_D1,629,0,9,0,0
B2_D1,840,0,73,0,0
B10_D1,964,0,237,0,0
B2_D1,410,0,507,0,0
B10_D1,699,0,446,0,0
B10_D1,513,0,311,0,0
B10_D1,956,0,286,0,0
B2_D1,634,0,463,0,0
B10_D1,148,0,55,0,0
G1_D1,74,0,13,0,0
G1_D1,649,0,4,0,0
B6_D1,936,0,26,0,0
B6_D1,14,0,102,0,0
B2_D1,581,0,159,0,0
G1_D1,873,0,231,0,0
B2_D1,201,0,81,0,0
G1_D1,441,0,78,0,0
B6_D1,872,0,37,0,0
B6_D1,313,0,33,0,0
G1_D1,864,0,20,0,0
G1_D1,1020,0,127,0,0
B4_D1,588,0,375,0,0
B6_D1,444,0,499,0,0
G1_D1,1020,0,330,0,0
B6_D1,148,0,61,0,0
B6_D1,240,0,171,0,0
B10_D1,885,0,92,0,0
B6_D1,835,0,367,0,0
B10_D1,487,0,300,0,0
B10_D1,323,0,179,0,0
G1_D1,81,0,23,0,0
B4_D1,380,0,198,0,0
G1_D1,222,0,268,0,0
B6_D1,805,0,63,0,0
B4_D1,8,0,295,0,0
B6_D1,543,0,38,0,0
G1_D1,42,0,306,0,0
B6_D1,259,0,454,0,3
B10_D1,957,0,270,0,0
B10_D1,692,0,113,0,0
G1_D1,885,0,54,0,0
B10_D1,746,0,327,0,0
B6_D1,484,0,384,0,0
B10_D1,1005,0,26,0,0
B4_D1,162,0,140,0,0
G1_D1,520,0,121,0,0
B6_D1,39,0,29,0,0
B10_D1,1008,0,334,0,0
B10_D1,929,0,247,0,0
B6_D1,762,0,265,0,0
B10_D1,671,0,317,0,0
B6_D1,358,0,23,0,0
G1_D1,882,0,260,0,0
B6_D1,962,0,131,0,0
B10_D1,8,0,404,0,0
B10_D1,289,0,201,0,0
B2_D1,784,0,511,0,0
B10_D1,13,0,320,0,0
G1_D1,125,0,206,0,0
B10_D1,598,0,221,0,0
G1_D1,17,0,127,0,0
B4_D1,941,0,248,0,0
G1_D1,146,0,23,0,0
B10_D1,164,0,215,0,0
G1_D1,751,0,103,0,0
B10_D1,554,0,8,0,0
B10_D1,163,0,188,0,0
B10_D1,972,0,232,0,0
B4_D1,462,0,207,0,0
B6_D1,822,0,87,0,0
B6_D1,678,0,479,0,0
B10_D1,225,0,190,0,0
B10_D1,979,0,69,0,0
G1_D1,68,0,62,0,0
B10_D1,269,0,168,0,0
B6_D1,388,0,3,0,0
B6_D1,4,0,350,0,0
G1_D1,34,0,175,0,0
B6_D1,54,0,222,0,0
B10_D1,197,0,131,0,0
B10_D1,935,0,347,0,0
B10_D1,113,0,175,0,0
B6_D1,400,0,485,0,0
B10_D1,284,0,65,0,0
B10_D1,823,0,24,0,0
G1_D1,318,0,78,0,0
B6_D1,75,0,83,0,0
B10_D1,856,0,401,0,0
B6_D1,461,0,329,0,0
B6_D1,405,0,20,0,0
B6_D1,616,0,6,0,0
B10_D1,50,0,449,0,0
B4_D1,728,0,37,0,0
B6_D1,631,0,369,0,0
B10_D1,434,0,335,0,0
B6_D1,597,0,282,0,0
G1_D1,400,0,139,0,0
B10_D1,59,0,285,0,0
B6_D1,775,0,347,0,0
B4_D1,800,0,56,0,0
G1_D1,1006,0,1,0,0
G1_D1,137,0,61,0,0
G1_D1,1018,0,180,0,0
B6_D1,152,0,343,0,0
B10_D1,320,0,213,0,0
B10_D1,694,0,395,0,0
G1_D1,205,0,120,0,0
B4_D1,854,0,26,0,0
B10_D1,848,0,354,0,0
B10_D1,682,0,113,0,0
B6_D1,1016,0,141,0,0
B6_D1,930,0,398,0,0
G1_D1,1015,0,323,0,0
B10_D1,180,0,15,0,0
B2_D1,404,0,506,0,0
B10_D1,772,0,21,0,0
B6_D1,732,0,12,0,0
B10_D1,598,0,319,0,0
B10_D1,409,0,112,0,0
B6_D1,312,0,215,0,0
B6_D1,238,0,240,0,0
B4_D1,1022,0,188,0,0
B6_D1,630,0,510,0,0
G1_D1,119,0,134,0,0
B6_D1,234,0,471,0,0
B4_D1,0,0,506,0,0
B6_D1,681,0,46,0,0
B6_D1,219,0,280,0,0
B10_D1,217,0,77,0,0
B2_D1,378,0,288,0,0
G1_D1,95,0,0,0,0
B6_D1,468,0,302,0,0
B2_D1,360,0,20,0,0
B6_D1,221,0,451,0,0
G1_D1,551,0,139,0,0
B6_D1,59,0,401,0,0
B10_D1,195,0,216,0,0
B10_D1,994,0,284,0,0
B2_D1,441,0,168,0,0
G1_D1,794,0,13,0,0
G1_D1,461,0,128,0,0
B10_D1,378,0,270,0,0
G1_D1,764,0,102,0,0
G1_D1,815,0,254,0,0
B10_D1,158,0,442,0,0
B10_D1,158,0,117,0,0
B10_D1,152,0,329,0,0
B6_D1,223,0,334,0,0
B6_D1,262,0,372,0,0
B2_D1,142,0,8,0,0
B6_D1,958,0,328,0,-1
G1_D1,632,0,511,0,0
G1_D1,834,0,268,0,0
B10_D1,126,0,3,0,0
B2_D1,795,0,10,0,0
B10_D1,179,0,26,0,0
G1_D1,705,0,115,0,0
B6_D1,125,0,0,0,0
B10_D1,536,0,329,0,0
B4_D1,838,0,32,0,0
G1_D1,21,0,213,0,0
B10_D1,656,0,308,0,0
B6_D1,690,0,30,0,0
B2_D1,180,0,237,0,0
B10_D1,818,0,255,0,0
B6_D1,519,0,241,0,0
B10_D1,315,0,329,0,0
G1_D1,66,0,21,0,0
B6_D1,276,0,169,0,0
G1_D1,139,0,114,0,0
G1_D1,629,0,234,0,0
B4_D1,174,0,39,0,0
B10_D1,19,0,69,0,0
B6_D1,785,0,126,0,0
B10_D1,680,0,41,0,0
B10_D1,517,0,32,0,0
B6_D1,246,0,61,0,0
B6_D1,614,0,330,0,0
B6_D1,593,0,23,0,0
G1_D1,896,0,61,0,0
B6_D1,770,0,214,0,0
B6_D1,1005,0,302,0,0
B6_D1,228,0,320,0,0
B10_D1,564,0,505,0,0
B6_D1,807,0,282,0,0
B6_D1,1008,0,100,0,0
B10_D1,701,0,511,0,0
B4_D1,577,0,202,0,0
B10_D1,698,0,478,0,0
B10_D1,707,0,63,0,0
B6_D1,486,0,133,0,0
G1_D1,638,0,266,0,0
B10_D1,266,0,1,0,0
G1_D1,55,0,266,0,0
B2_D1,703,0,223,0,0
B6_D1,792,0,22,0,0
B4_D1,38,0,8,0,0
G1_D1,744,0,19,0,0
B6_D1,973,0,468,0,0
B6_D1,421,0,408,0,0
B10_D1,683,0,300,0,0
B6_D1,767,0,42,0,0
B6_D1,216,0,85,0,0
G1_D1,889,0,4,0,0
G1_D1,211,0,233,0,0
G1_D1,714,0,251,0,0
G1_D1,971,0,27,0,0
B6_D1,950,0,423,0,0
B6_D1,684,0,155,0,0
B10_D1,648,0,170,0,0
B10_D1,753,0,94,0,0
B6_D1,411,0,289,0,0
B10_D1,938,0,291,0,0
B6_D1,267,0,372,0,0
B10_D1,557,0,411,0,0
G1_D1,142,0,17,0,0
B10_D1,591,0,326,0,0
G1_D1,896,0,216,0,0
B6_D1,361,0,353,0,-1
G1_D1,800,0,211,0,0
G1_D1,540,0,509,0,0
B2_D1,939,0,87,0,0
G1_D1,683,0,244,0,0
B10_D1,538,0,87,0,0
B6_D1,184,0,382,0,0
B4_D1,18,0,21,0,0
B6_D1,985,0,137,0,0
B10_D1,652,0,64,0,0
B10_D1,736,0,6,0,0
B6_D1,56,0,1,0,0
G1_D1,1022,0,160,0,0
B10_D1,121,0,203,0,0
G1_D1,139,0,288,0,0
B6_D1,802,0,341,0,0
B10_D1,779,0,98,0,0
B10_D1,400,0,70,0,0
G1_D1,129,0,264,0,0
B6_D1,877,0,447,0,0
B2_D1,867,0,261,0,0
B6_D1,398,0,283,0,0
B10_D1,669,0,95,0,0
B6_D1,89,0,484,0,0
B6_D1,959,0,406,0,0
B6_D1,242,0,42,0,0
B10_D1,80,0,175,0,0
B6_D1,908,0,368,0,-1
B4_D1,996,0,115,0,0
B6_D1,760,0,405,0,0
B6_D1,753,0,493,0,0
B2_D1,349,0,136,0,0
G1_D1,1013,0,201,0,0
G1_D1,739,0,323,0,0
B6_D1,861,0,385,0,0
B10_D1,891,0,511,0,0
G1_D1,747,0,100,0,0
G1_D1,1020,0,468,0,0
B10_D1,107,0,123,0,0
G1_D1,186,0,37,0,0
B6_D1,159,0,138,0,0
B10_D1,574,0,314,0,0
B6_D1,545,0,0,0,0
B6_D1,819,0,24,0,0
B6_D1,47,0,158,0,0
B6_D1,742,0,110,0,0
B10_D1,710,0,82,0,0
B10_D1,422,0,493,0,0
B10_D1,814,0,328,0,0
B6_D1,812,0,270,0,0
B4_D1,397,0,95,0,0
G1_D1,152,0,105,0,0
B2_D1,193,0,84,0,0
B10_D1,733,0,250,0,0
B10_D1,116,0,272,0,0
B6_D1,68,0,480,0,0
B6_D1,265,0,0,0,0
B10_D1,72,0,452,0,0
B8_D1,724,0,312,0,0
B8_D1,51,0,275,0,0
B6_D1,765,0,269,0,0
B10_D1,388,0,273,0,0
B6_D1,680,0,10,0,0
B6_D1,366,0,139,0,0
B6_D1,579,0,509,0,0
B10_D1,178,0,279,0,0
B10_D1,975,0,510,0,0
B2_D1,321,0,31,0,0
B10_D1,164,0,114,0,0
B10_D1,626,0,176,0,0
B10_D1,952,0,489,0,0
G1_D1,506,0,478,0,0
B10_D1,287,0,272,0,0
G1_D1,731,0,321,0,0
B6_D1,672,0,2,0,0
B10_D1,383,0,270,0,0
B10_D1,9,0,8,0,0
B10_D1,814,0,248,0,0
B6_D1,953,0,469,0,0
B6_D1,954,0,244,0,0
G1_D1,811,0,214,0,0
G1_D1,579,0,304,0,0
B6_D1,858,0,337,0,0
B10_D1,266,0,303,0,0
B6_D1,690,0,286,0,0
B6_D1,889,0,104,0,0
B10_D1,460,0,488,0,0
B2_D1,708,0,34,0,0
B6_D1,711,0,491,0,0
B6_D1,353,0,3,0,0
B10_D1,999,0,42,0,0
B10_D1,169,0,169,0,0
B10_D1,164,0,344,0,0
B6_D1,645,0,434,0,0
B10_D1,155,0,340,0,0
G1_D1,285,0,511,0,0
G1_D1,66,0,160,0,0
B2_D1,28,0,38,0,0
G1_D1,334,0,16,0,0
G1_D1,997,0,146,0,0
B6_D1,380,0,227,0,0
G1_D1,983,0,114,0,0
B6_D1,414,0,351,0,0
G1_D1,600,0,215,0,0
B10_D1,91,0,169,0,0
B2_D1,213,0,302,0,0
B6_D1,785,0,100,0,0
B10_D1,377,0,2,0,0
G1_D1,415,0,509,0,0
B6_D1,947,0,425,0,0
G1_D1,71,0,170,0,0
B10_D1,140,0,174,0,0
B10_D1,778,0,414,0,0
B10_D1,655,0,264,0,0
B8_D1,730,0,230,0,0
B6_D1,877,0,94,0,0
B6_D1,20,0,5,0,0
B4_D1,727,0,45,0,0
G1_D1,39,0,143,0,0
B6_D1,71,0,481,0,0
B10_D1,994,0,292,0,0
G1_D1,324,0,90,0,0
B6_D1,394,0,101,0,0
B2_D1,814,0,188,0,0
B8_D1,945,0,238,0,0
G1_D1,842,0,243,0,0
B10_D1,788,0,169,0,0
G1_D1,643,0,113,0,0
B6_D1,410,0,20,0,0
G1_D1,817,0,258,0,0
B6_D1,892,0,12,0,0
G1_D1,985,0,162,0,0
B6_D1,1005,0,145,0,0
B2_D1,798,0,130,0,0
B10_D1,142,0,291,0,0
B2_D1,735,0,264,0,0
B6_D1,403,0,33,0,0
B10_D1,705,0,328,0,0
B4_D1,96,0,130,0,0
G1_D1,409,0,11,0,0
B4_D1,941,0,79,0,0
B4_D1,576,0,387,0,0
B10_D1,146,0,455,0,0
B6_D1,339,0,475,0,0
G1_D1,992,0,143,0,0
B6_D1,983,0,43,0,0
B6_D1,336,0,506,0,0
B6_D1,628,0,357,0,0
B2_D1,124,0,34,0,0
B6_D1,321,0,16,0,0
G1_D1,583,0,203,0,0
B6_D1,463,0,483,0,0
G1_D1,1016,0,172,0,0
G1_D1,437,0,234,0,0
G1_D1,654,0,302,0,0
G1_D1,784,0,222,0,0
B6_D1,911,0,501,0,0
B2_D1,706,0,70,0,0
B6_D1,972,0,411,0,0
B6_D1,428,0,483,0,0
B6_D1,123,0,301,0,0
B2_D1,459,0,109,0,0
B6_D1,942,0,2,0,0
B8_D1,583,0,219,0,0
B10_D1,507,0,300,0,0
B10_D1,620,0,35,0,0
B6_D1,1002,0,405,0,0
B6_D1,149,0,169,0,0
B6_D1,779,0,437,0,0
G1_D1,347,0,364,0,0
B10_D1,663,0,417,0,0
B6_D1,172,0,366,0,0
B10_D1,257,0,304,0,0
B2_D1,840,0,269,0,0
B6_D1,629,0,115,0,0
G1_D1,111,0,1,0,0
B6_D1,908,0,508,0,0
G1_D1,408,0,478,0,0
G1_D1,34,0,24,0,0
B2_D1,623,0,509,0,0
B6_D1,644,0,9,0,0
B2_D1,760,0,79,0,0
G1_D1,208,0,238,0,0
B6_D1,168,0,498,0,0
B2_D1,104,0,314,0,0
B6_D1,947,0,58,0,0
B2_D1,726,0,471,0,0
G1_D1,915,0,218,0,0
B6_D1,735,0,192,0,0
B6_D1,667,0,329,0,-1
G1_D1,20,0,152,0,0
B6_D1,764,0,489,0,0
B10_D1,248,0,36,0,0
B2_D1,361,0,483,0,0
G1_D1,991,0,27,0,0
B10_D1,786,0,492,0,0
B6_D1,567,0,283,0,0
B6_D1,917,0,140,0,0
B4_D1,392,0,296,0,0
B6_D1,265,0,397,0,0
B2_D1,693,0,223,0,0
B6_D1,666,0,379,0,0
B4_D1,1023,0,92,0,0
B6_D1,139,0,365,0,0
B10_D1,90,0,18,0,0
B10_D1,458,0,279,0,0
B6_D1,591,0,393,0,0
B10_D1,105,0,130,0,0
B2_D1,846,0,43,0,0
G1_D1,774,0,292,0,0
B10_D1,326,0,228,0,0
B6_D1,547,0,171,0,0
B10_D1,64,0,179,0,0
B10_D1,443,0,459,0,0
B2_D1,424,0,212,0,0
B4_D1,223,0,342,0,0
B8_D1,143,0,336,0,0
B10_D1,98,0,163,0,0
B6_D1,184,0,84,0,0
B6_D1,538,0,206,0,0
B6_D1,136,0,286,0,0
B6_D1,308,0,356,0,-1
B10_D1,612,0,486,0,0
B10_D1,245,0,279,0,0
B10_D1,431,0,255,0,0
B10_D1,276,0,9,0,0
G1_D1,121,0,456,0,0
G1_D1,521,0,37,0,0
B6_D1,155,0,40,0,0
B10_D1,28,0,187,0,0
G1_D1,435,0,248,0,0
G1_D1,175,0,234,0,0
B6_D1,134,0,329,0,0
B6_D1,722,0,333,0,0
B10_D1,793,0,1,0,0
B6_D1,709,0,460,0,0
B10_D1,348,0,267,0,0
B6_D1,600,0,291,0,0
G1_D1,566,0,117,0,0
B10_D1,1005,0,27,0,0
G1_D1,945,0,0,0,0
B6_D1,831,0,56,0,0
B10_D1,786,0,57,0,0
B6_D1,167,0,136,0,0
B10_D1,781,0,452,0,0
B6_D1,175,0,130,0,0
B4_D1,993,0,74,0,0
B4_D1,512,0,91,0,0
B4_D1,118,0,16,0,0
B10_D1,527,0,217,0,0
B6_D1,648,0,493,0,0
B6_D1,536,0,399,0,0
B10_D1,256,0,71,0,0
B2_D1,196,0,303,0,0
G1_D1,928,0,111,0,0
B6_D1,336,0,142,0,0
B10_D1,442,0,202,0,0
B6_D1,311,0,486,0,0
B6_D1,686,0,132,0,0
B10_D1,373,0,66,0,0
B6_D1,424,0,269,0,0
B2_D1,125,0,107,0,0
B2_D1,659,0,460,0,0
B10_D1,759,0,40,0,0
B6_D1,474,0,509,0,0
B6_D1,186,0,234,0,0
B6_D1,995,0,415,0,0
B2_D1,873,0,381,0,0
G1_D1,353,0,49,0,0
B2_D1,662,0,84,0,0
B10_D1,547,0,2,0,0
B10_D1,617,0,261,0,0
B10_D1,427,0,490,0,0
G1_D1,9,0,312,0,0
G1_D1,357,0,224,0,0
B2_D1,703,0,262,0,0
B6_D1,908,0,52,0,0
B6_D1,34,0,117,0,0
B10_D1,794,0,34,0,0
B6_D1,903,0,393,0,0
B4_D1,827,0,88,0,0
G1_D1,34,0,66,0,0
B10_D1,23,0,258,0,0
G1_D1,835,0,272,0,0
B10_D1,484,0,249,0,0
B6_D1,924,0,99,0,0
B6_D1,848,0,18,0,0
B10_D1,180,0,229,0,0
B2_D1,701,0,179,0,0
B6_D1,573,0,464,0,0
B4_D1,615,0,301,0,0
B6_D1,611,0,486,0,0
B6_D1,71,0,279,0,0
B6_D1,106,0,454,0,0
B6_D1,509,0,296,0,0
B4_D1,1,0,79,0,0
B6_D1,437,0,7,0,0
G1_D1,48,0,265,0,0
G1_D1,986,0,265,0,0
B6_D1,92,0,475,0,0
B10_D1,572,0,119,0,0
G1_D1,911,0,61,0,0
B6_D1,239,0,29,0,0
B6_D1,682,0,7,0,0
B6_D1,863,0,325,0,0
G1_D1,222,0,129,0,0
B6_D1,77,0,482,0,0
B6_D1,338,0,143,0,0
B10_D1,755,0,308,0,0
B6_D1,439,0,509,0,0
B4_D1,168,0,205,0,0
B2_D1,436,0,287,0,0
B10_D1,23,0,26,0,0
B6_D1,41,0,16,0,0
B6_D1,966,0,255,0,0
G1_D1,9,0,342,0,0
B10_D1,837,0,315,0,0
G1_D1,603,0,230,0,0
B6_D1,404,0,158,0,0
G1_D1,400,0,443,0,0
B10_D1,332,0,411,0,0
B6_D1,919,0,29,0,0
G1_D1,37,0,139,0,0
G1_D1,117,0,114,0,0
G1_D1,271,0,25,0,0
B8_D1,192,0,107,0,0
G1_D1,899,0,30,0,0
B6_D1,831,0,302,0,0
B10_D1,238,0,4,0,0
B10_D1,128,0,211,0,0
B10_D1,530,0,132,0,0
B6_D1,68,0,13,0,0
B4_D1,556,0,151,0,0
B2_D1,603,0,479,0,0
B6_D1,630,0,345,0,0
B6_D1,764,0,34,0,0
B6_D1,71,0,6,0,0
B6_D1,242,0,336,0,0
B6_D1,805,0,495,0,0
B6_D1,572,0,47,0,0
B6_D1,56,0,506,0,0
B4_D1,271,0,309,0,0
B6_D1,110,0,107,0,0
B10_D1,942,0,79,0,0
B10_D1,133,0,106,0,0
B10_D1,36,0,246,0,0
B6_D1,412,0,27,0,0
B4_D1,120,0,20,0,0
B6_D1,934,0,257,0,0
G1_D1,323,0,59,0,0
B10_D1,73,0,141,0,0
B6_D1,214,0,73,0,0
B6_D1,756,0,16,0,0
B10_D1,45,0,61,0,0
B10_D1,768,0,408,0,0
G1_D1,236,0,59,0,0
B6_D1,282,0,17,0,0
G1_D1,839,0,390,0,0
G1_D1,802,0,163,0,0
G1_D1,321,0,215,0,0
B6_D1,903,0,309,0,0
B6_D1,828,0,272,0,0
B6_D1,51,0,265,0,0
B2_D1,148,0,276,0,0
B6_D1,948,0,33,0,0
G1_D1,502,0,18,0,0
B6_D1,472,0,2,0,0
G1_D1,159,0,214,0,0
B6_D1,5,0,155,0,0
B6_D1,849,0,137,0,0
G1_D1,93,0,382,0,0
G1_D1,905,0,273,0,0
B6_D1,433,0,157,0,0
B6_D1,446,0,271,0,0
B6_D1,12,0,333,0,0
G1_D1,21,0,154,0,0
B6_D1,305,0,205,0,0
G1_D1,1020,0,137,0,0
B6_D1,576,0,284,0,0
G1_D1,994,0,116,0,0
B6_D1,397,0,37,0,0
G1_D1,1017,0,363,0,-1
B6_D1,453,0,33,0,0
B2_D1,273,0,200,0,0
B10_D1,801,0,171,0,0
B2_D1,802,0,485,0,0
B6_D1,862,0,53,0,0
B6_D1,21,0,103,0,0
G1_D1,1021,0,381,0,-1
G1_D1,30,0,97,0,0
B6_D1,752,0,374,0,0
G1_D1,183,0,240,0,0
B10_D1,934,0,292,0,0
B4_D1,305,0,281,0,0
G1_D1,258,0,166,0,0
G1_D1,55,0,25,0,0
B4_D1,626,0,219,0,0
B6_D1,324,0,427,0,0
B6_D1,949,0,284,0,0
G1_D1,69,0,501,0,0
B6_D1,329,0,216,0,0
G1_D1,355,0,20,0,0
B4_D1,893,0,215,0,0
B6_D1,749,0,509,0,0
B4_D1,266,0,196,0,0
G1_D1,134,0,6,0,0
B10_D1,782,0,429,0,0
G1_D1,680,0,36,0,0
B6_D1,129,0,306,0,0
B10_D1,568,0,153,0,0
B10_D1,455,0,91,0,0
G1_D1,79,0,7,0,0
B8_D1,105,0,329,0,0
B6_D1,239,0,114,0,0
B6_D1,566,0,511,0,0
B10_D1,177,0,56,0,0
B2_D1,82,0,65,0,0
B4_D1,688,0,251,0,0
B10_D1,449,0,290,0,0
G1_D1,47,0,297,0,0
B2_D1,278,0,156,0,0
B6_D1,381,0,16,0,0
B6_D1,230,0,370,0,0
B10_D1,32,0,124,0,0
G1_D1,995,0,239,0,0
B6_D1,838,0,362,0,0
B4_D1,511,0,78,0,0
B6_D1,847,0,158,0,0
B6_D1,734,0,155,0,0
G1_D1,635,0,36,0,0
G1_D1,232,0,458,0,0
B10_D1,304,0,8,0,0
B6_D1,22,0,285,0,0
G1_D1,83,0,29,0,0
B6_D1,158,0,446,0,0
B2_D1,415,0,378,0,0
B6_D1,60,0,490,0,0
B4_D1,109,0,52,0,0
B10_D1,682,0,414,0,0
G1_D1,1020,0,291,0,0
B2_D1,841,0,60,0,0
G1_D1,39,0,60,0,0
B10_D1,385,0,47,0,0
B6_D1,368,0,479,0,0
G1_D1,559,0,210,0,0
B10_D1,506,0,87,0,0
B10_D1,230,0,155,0,0
B10_D1,731,0,404,0,0
B10_D1,76,0,314,0,0
B6_D1,318,0,374,0,0
B6_D1,536,0,36,0,0
B10_D1,145,0,111,0,0
B6_D1,77,0,12,0,0
B2_D1,474,0,487,0,0
B6_D1,181,0,11,0,0
B6_D1,2,0,344,0,0
B6_D1,265,0,495,0,0
G1_D1,490,0,20,0,0
B6_D1,452,0,352,0,0
B6_D1,146,0,317,0,0
B6_D1,225,0,179,0,0
B8_D1,100,0,329,0,0
B4_D1,961,0,295,0,0
B6_D1,948,0,503,0,0
B10_D1,139,0,281,0,0
G1_D1,14,0,193,0,0
B6_D1,1,0,271,0,0
B6_D1,453,0,277,0,0
B10_D1,151,0,270,0,0
B6_D1,71,0,211,0,0
B6_D1,423,0,23,0,0
B10_D1,192,0,40,0,0
G1_D1,530,0,47,0,0
B10_D1,541,0,255,0,0
B10_D1,341,0,276,0,0
B6_D1,1010,0,5,0,0
B6_D1,250,0,171,0,0
B6_D1,615,0,35,0,0
B10_D1,753,0,418,0,0
B6_D1,512,0,131,0,0
B10_D1,546,0,322,0,0
B6_D1,93,0,92,0,0
B6_D1,311,0,334,0,0
B6_D1,944,0,421,0,0
B4_D1,377,0,196,0,0
B4_D1,154,0,143,0,0
B6_D1,724,0,62,0,0
B6_D1,654,0,60,0,0
B6_D1,661,0,26,0,0
B10_D1,1005,0,233,0,0
B8_D1,49,0,274,0,0
B10_D1,252,0,11,0,0
B2_D1,543,0,288,0,0
B6_D1,347,0,68,0,0
B6_D1,508,0,305,0,0
B10_D1,436,0,211,0,0
B4_D1,2,0,477,0,0
G1_D1,849,0,17,0,0
G1_D1,709,0,14,0,0
B2_D1,867,0,46,0,0
G1_D1,55,0,269,0,0
G1_D1,295,0,413,0,0
B6_D1,93,0,303,0,0
B6_D1,80,0,459,0,0
B6_D1,156,0,6,0,0
B10_D1,998,0,276,0,0
G1_D1,409,0,7,0,0
B2_D1,979,0,83,0,0
B6_D1,75,0,80,0,0
B10_D1,616,0,286,0,0
B6_D1,707,0,282,0,0
B2_D1,832,0,19,0,0
B6_D1,60,0,35,0,0
B10_D1,885,0,298,0,0
G1_D1,1017,0,293,0,0
B10_D1,882,0,24,0,0
G1_D1,944,0,129,0,0
B6_D1,265,0,156,0,0
B6_D1,168,0,503,0,0
B10_D1,720,0,332,0,0
B10_D1,238,0,34,0,0
B10_D1,135,0,259,0,0
B10_D1,724,0,425,0,0
B6_D1,709,0,309,0,0
B6_D1,49,0,19,0,0
B6_D1,313,0,165,0,0
B6_D1,563,0,469,0,0
B10_D1,196,0,511,0,0
B6_D1,997,0,390,0,-1
B6_D1,948,0,483,0,0
B10_D1,860,0,233,0,0
G1_D1,357,0,395,0,-1
B6_D1,96,0,160,0,0
B10_D1,602,0,233,0,0
B10_D1,156,0,276,0,0
B6_D1,317,0,242,0,0
G1_D1,953,0,271,0,0
B6_D1,784,0,4,0,0
B2_D1,601,0,151,0,0
B6_D1,173,0,66,0,0
B6_D1,925,0,197,0,-1
B2_D1,600,0,160,0,0
B10_D1,230,0,176,0,0
B6_D1,727,0,2,0,0
B6_D1,19,0,34,0,0
B2_D1,637,0,224,0,0
B6_D1,12,0,215,0,0
G1_D1,857,0,182,0,0
B4_D1,1,0,406,0,0
G1_D1,59,0,306,0,0
B10_D1,882,0,368,0,0
B10_D1,443,0,234,0,0
B10_D1,155,0,277,0,0
B6_D1,641,0,48,0,0
B8_D1,795,0,226,0,0
B10_D1,747,0,414,0,0
B10_D1,474,0,40,0,0
B6_D1,497,0,507,0,0
B10_D1,1002,0,50,0,0
B10_D1,424,0,482,0,0
B10_D1,610,0,7,0,0
G1_D1,541,0,468,0,0
G1_D1,40,0,145,0,0
B10_D1,170,0,30,0,0
G1_D1,1000,0,149,0,0
B10_D1,725,0,332,0,0
B10_D1,208,0,335,0,0
G1_D1,697,0,260,0,0
B10_D1,459,0,157,0,0
B6_D1,450,0,286,0,0
B6_D1,379,0,289,0,0
B6_D1,683,0,391,0,0
B10_D1,216,0,132,0,0
G1_D1,436,0,1,0,0
B10_D1,250,0,35,0,0
B6_D1,45,0,436,0,0
B10_D1,684,0,244,0,0
B6_D1,781,0,188,0,0
B2_D1,802,0,190,0,0
B6_D1,1021,0,471,0,0
B6_D1,26,0,279,0,0
B10_D1,932,0,372,0,0
B4_D1,546,0,293,0,0
B10_D1,477,0,340,0,0
G1_D1,14,0,11,0,0
B6_D1,434,0,174,0,0
B4_D1,509,0,263,0,0
B6_D1,115,0,490,0,0
B6_D1,775,0,126,0,0
B10_D1,263,0,53,0,0
B6_D1,871,0,271,0,0
B10_D1,381,0,289,0,0
B10_D1,520,0,42,0,0
B2_D1,990,0,43,0,0
B10_D1,171,0,128,0,0
G1_D1,150,0,236,0,0
B6_D1,881,0,208,0,0
G1_D1,11,0,403,0,0
G1_D1,992,0,67,0,0
B10_D1,253,0,73,0,0
G1_D1,429,0,94,0,0
B4_D1,447,0,422,0,0
B10_D1,10,0,214,0,0
B2_D1,775,0,360,0,0
B2_D1,387,0,481,0,0
B10_D1,475,0,118,0,0
B6_D1,285,0,431,0,0
B6_D1,152,0,366,0,0
B10_D1,483,0,79,0,0
B6_D1,736,0,201,0,0
G1_D1,704,0,509,0,0
G1_D1,845,0,131,0,0
B10_D1,504,0,157,0,0
B10_D1,431,0,98,0,0
B10_D1,315,0,181,0,0
B6_D1,877,0,321,0,0
B4_D1,605,0,357,0,0
B6_D1,377,0,226,0,0
G1_D1,952,0,275,0,0
B6_D1,820,0,25,0,0
B6_D1,328,0,460,0,-1
G1_D1,153,0,235,0,0
G1_D1,1016,0,267,0,0
G1_D1,993,0,48,0,0
B4_D1,966,0,98,0,0
B2_D1,906,0,20,0,0
G1_D1,878,0,197,0,0
G1_D1,927,0,303,0,0
B10_D1,842,0,33,0,0
B6_D1,406,0,1,0,0
B10_D1,731,0,415,0,0
B6_D1,42,0,137,0,0
B2_D1,745,0,73,0,0
B10_D1,275,0,27,0,0
B10_D1,952,0,264,0,0
B6_D1,784,0,437,0,0
B10_D1,372,0,111,0,0
G1_D1,794,0,217,0,0
B10_D1,391,0,152,0,0
G1_D1,989,0,268,0,0
B10_D1,401,0,64,0,0
B6_D1,417,0,246,0,0
B10_D1,241,0,308,0,0
B10_D1,39,0,39,0,0
B10_D1,516,0,57,0,0
B10_D1,959,0,218,0,0
B6_D1,55,0,423,0,0
B6_D1,918,0,98,0,0
G1_D1,689,0,9,0,0
B6_D1,636,0,194,0,0
B10_D1,58,0,163,0,0
B6_D1,413,0,488,0,0
B6_D1,466,0,242,0,0
B10_D1,452,0,67,0,0
G1_D1,677,0,474,0,0
B10_D1,657,0,240,0,0
G1_D1,1011,0,157,0,0
B2_D1,580,0,470,0,0
B6_D1,826,0,192,0,0
B2_D1,458,0,288,0,0
B10_D1,432,0,10,0,0
B6_D1,838,0,300,0,0
B6_D1,800,0,292,0,0
B4_D1,113,0,61,0,0
B6_D1,195,0,20,0,0
G1_D1,1012,0,135,0,0
B6_D1,428,0,23,0,0
B6_D1,88,0,97,0,0
B10_D1,16,0,31,0,0
B10_D1,399,0,133,0,0
B10_D1,867,0,403,0,0
B6_D1,717,0,159,0,0
G1_D1,199,0,141,0,0
G1_D1,1001,0,1,0,0
B10_D1,35,0,18,0,0
B10_D1,742,0,158,0,0
B2_D1,592,0,27,0,0
B4_D1,331,0,330,0,0
B10_D1,794,0,390,0,0
B6_D1,32,0,128,0,0
B10_D1,568,0,18,0,0
G1_D1,877,0,35,0,0
B6_D1,706,0,184,0,0
B6_D1,202,0,80,0,0
B8_D1,655,0,179,0,0
B6_D1,1001,0,486,0,0
G1_D1,885,0,118,0,0
B6_D1,438,0,280,0,0
B10_D1,710,0,471,0,0
B6_D1,408,0,224,0,0
B10_D1,8,0,133,0,0
G1_D1,77,0,382,0,0
B10_D1,341,0,15,0,0
B6_D1,487,0,311,0,0
B6_D1,928,0,438,0,0
B6_D1,371,0,511,0,0
B10_D1,861,0,324,0,0
B10_D1,976,0,70,0,0
B10_D1,351,0,185,0,0
G1_D1,914,0,64,0,0
B6_D1,935,0,108,0,0
B4_D1,130,0,179,0,0
B10_D1,31,0,180,0,0
G1_D1,984,0,4,0,0
G1_D1,696,0,63,0,0
B10_D1,605,0,483,0,0
B10_D1,848,0,349,0,0
G1_D1,348,0,144,0,0
B6_D1,121,0,506,0,0
B6_D1,783,0,313,0,0
B4_D1,554,0,75,0,0
B10_D1,624,0,168,0,0
B6_D1,619,0,163,0,0
B10_D1,601,0,339,0,0
G1_D1,71,0,21,0,0
G1_D1,490,0,126,0,0
B6_D1,172,0,105,0,0
G1_D1,390,0,0,0,0
B6_D1,319,0,207,0,0
B10_D1,256,0,170,0,0
B10_D1,169,0,155,0,0
B6_D1,667,0,273,0,0
B10_D1,91,0,9,0,0
B10_D1,909,0,232,0,0
B8_D1,351,0,295,0,0
G1_D1,308,0,415,0,0
B6_D1,739,0,163,0,0
G1_D1,817,0,216,0,0
G1_D1,489,0,12,0,0
B6_D1,151,0,320,0,0
B10_D1,161,0,224,0,0
B6_D1,81,0,138,0,0
B10_D1,868,0,497,0,0
B2_D1,510,0,157,0,0
B6_D1,143,0,13,0,0
G1_D1,985,0,145,0,0
B6_D1,17,0,89,0,0
G1_D1,1010,0,81,0,0
G1_D1,547,0,25,0,0
G1_D1,282,0,72,0,0
B10_D1,298,0,136,0,0
B6_D1,734,0,386,0,0
B10_D1,12,0,131,0,0
B4_D1,679,0,49,0,0
B10_D1,556,0,137,0,0
B10_D1,7,0,76,0,0
B6_D1,327,0,487,0,0
B6_D1,824,0,190,0,0
B10_D1,443,0,115,0,0
B4_D1,337,0,337,0,0
B6_D1,69,0,359,0,-1
B6_D1,838,0,126,0,0
B10_D1,770,0,24,0,0
G1_D1,265,0,79,0,0
G1_D1,929,0,67,0,0
B2_D1,426,0,289,0,0
B6_D1,96,0,297,0,0
B6_D1,960,0,170,0,0
B6_D1,887,0,316,0,0
B10_D1,219,0,349,0,0
B6_D1,201,0,21,0,0
G1_D1,345,0,0,0,0
B6_D1,182,0,119,0,0
B10_D1,622,0,104,0,0
B6_D1,982,0,434,0,0
B4_D1,67,0,301,0,0
G1_D1,252,0,72,0,0
B2_D1,365,0,133,0,0
G1_D1,778,0,245,0,0
G1_D1,384,0,2,0,0
G1_D1,659,0,3,0,0
B4_D1,839,0,49,0,0
G1_D1,642,0,136,0,0
B6_D1,274,0,398,0,0
G1_D1,1023,0,505,0,0
B6_D1,272,0,261,0,0
B10_D1,688,0,48,0,0
B10_D1,838,0,448,0,0
G1_D1,997,0,25,0,0
B10_D1,386,0,102,0,0
G1_D1,51,0,459,0,0
G1_D1,20,0,316,0,0
G1_D1,318,0,420,0,0
G1_D1,783,0,245,0,0
B6_D1,45,0,260,0,0
B10_D1,997,0,511,0,0
B6_D1,252,0,126,0,0
B6_D1,1016,0,26,0,0
B10_D1,260,0,459,0,3
B6_D1,789,0,355,0,0
B10_D1,810,0,172,0,0
B6_D1,70,0,182,0,0
B6_D1,879,0,132,0,0
B4_D1,65,0,295,0,0
B10_D1,763,0,468,0,0
B6_D1,299,0,60,0,0
B10_D1,770,0,60,0,0
B2_D1,236,0,510,0,0
B6_D1,503,0,23,0,0
B10_D1,260,0,27,0,0
B6_D1,486,0,16,0,0
B6_D1,700,0,430,0,0
B4_D1,94,0,298,0,0
B6_D1,873,0,233,0,0
B10_D1,204,0,255,0,0
B4_D1,588,0,326,0,0
B6_D1,847,0,47,0,0
B10_D1,624,0,297,0,0
B6_D1,536,0,486,0,0
B10_D1,590,0,304,0,0
B2_D1,601,0,159,0,0
B2_D1,785,0,25,0,0
B10_D1,41,0,200,0,0
B10_D1,294,0,81,0,0
B6_D1,801,0,147,0,0
G1_D1,874,0,3,0,0
B2_D1,175,0,133,0,0
B10_D1,514,0,279,0,0
B10_D1,607,0,343,0,0
B2_D1,577,0,285,0,0
G1_D1,122,0,94,0,0
B10_D1,116,0,90,0,0
B6_D1,713,0,493,0,0
B10_D1,333,0,39,0,0
B10_D1,742,0,407,0,0
G1_D1,202,0,437,0,0
B6_D1,742,0,487,0,0
B10_D1,798,0,277,0,0
B6_D1,418,0,479,0,0
B6_D1,543,0,267,0,0
B8_D1,882,0,235,0,0
B2_D1,807,0,224,0,0
B6_D1,968,0,412,0,0
B10_D1,885,0,67,0,0
B4_D1,260,0,300,0,0
B6_D1,786,0,458,0,0
B2_D1,525,0,157,0,0
G1_D1,23,0,38,0,0
B6_D1,598,0,188,0,0
G1_D1,368,0,277,0,0
G1_D1,735,0,59,0,0
B6_D1,188,0,508,0,0
G1_D1,1002,0,220,0,0
B10_D1,721,0,50,0,0
B6_D1,621,0,359,0,0
G1_D1,976,0,124,0,0
B6_D1,150,0,203,0,0
B2_D1,376,0,483,0,0
B6_D1,404,0,268,0,0
B6_D1,712,0,468,0,0
B10_D1,57,0,455,0,0
G1_D1,897,0,439,0,0
B6_D1,998,0,255,0,0
B10_D1,932,0,77,0,0
B10_D1,139,0,101,0,0
B6_D1,23,0,28,0,0
B8_D1,604,0,185,0,0
B2_D1,680,0,71,0,0
G1_D1,804,0,453,0,0
B10_D1,400,0,23,0,0
B6_D1,225,0,284,0,0
B6_D1,497,0,32,0,0
B2_D1,144,0,39,0,0
B6_D1,37,0,487,0,0
B8_D1,499,0,204,0,0
B6_D1,679,0,19,0,0
B6_D1,1009,0,433,0,0
B2_D1,412,0,493,0,0
B10_D1,554,0,476,0,0
B10_D1,116,0,276,0,0
B10_D1,498,0,4,0,0
G1_D1,503,0,88,0,0
B6_D1,424,0,266,0,0
B10_D1,948,0,74,0,0
B10_D1,192,0,21,0,0
B6_D1,78,0,208,0,0
B10_D1,114,0,495,0,0
B10_D1,199,0,13,0,0
B4_D1,596,0,365,0,0
B10_D1,438,0,488,0,0
B2_D1,556,0,287,0,0
B6_D1,460,0,45,0,0
B10_D1,803,0,46,0,0
B6_D1,28,0,72,0,0
G1_D1,229,0,4,0,0
B10_D1,434,0,144,0,0
B6_D1,208,0,23,0,0
B6_D1,498,0,54,0,0
B6_D1,565,0,178,0,0
B6_D1,438,0,33,0,0
B6_D1,1007,0,482,0,0
B8_D1,45,0,329,0,0
G1_D1,220,0,52,0,0
B10_D1,423,0,312,0,0
B6_D1,454,0,241,0,0
B10_D1,179,0,177,0,0
B10_D1,342,0,339,0,0
B6_D1,580,0,70,0,0
B10_D1,143,0,70,0,0
G1_D1,390,0,511,0,0
B6_D1,66,0,424,0,0
G1_D1,500,0,63,0,0
G1_D1,320,0,216,0,0
G1_D1,818,0,43,0,0
B6_D1,193,0,196,0,0
B6_D1,986,0,496,0,0
B6_D1,1004,0,14,0,0
B6_D1,905,0,115,0,0
G1_D1,860,0,252,0,0
G1_D1,546,0,234,0,0
B6_D1,96,0,268,0,0
B10_D1,131,0,505,0,0
B4_D1,638,0,81,0,0
B2_D1,626,0,290,0,0
G1_D1,227,0,158,0,0
B6_D1,136,0,194,0,0
B10_D1,824,0,382,0,0
B6_D1,940,0,226,0,0
B6_D1,707,0,442,0,0
G1_D1,862,0,304,0,0
B6_D1,832,0,7,0,0
B6_D1,504,0,449,0,10
B6_D1,24,0,139,0,0
B2_D1,791,0,81,0,0
B10_D1,389,0,50,0,0
G1_D1,670,0,54,0,0
G1_D1,1002,0,121,0,0
B10_D1,192,0,166,0,0
B6_D1,258,0,3,0,0
B6_D1,645,0,275,0,0
B6_D1,826,0,302,0,0
B10_D1,488,0,482,0,0
B10_D1,146,0,217,0,0
B10_D1,983,0,503,0,0
G1_D1,881,0,56,0,0
B4_D1,619,0,350,0,0
B6_D1,538,0,196,0,0
B6_D1,127,0,7,0,0
B10_D1,16,0,323,0,0
G1_D1,119,0,8,0,0
G1_D1,344,0,8,0,0
B6_D1,423,0,479,0,0
B6_D1,23,0,3,0,0
B2_D1,268,0,484,0,0
B6_D1,423,0,54,0,0
B4_D1,590,0,226,0,0
B2_D1,652,0,224,0,0
G1_D1,640,0,463,0,0
B6_D1,826,0,36,0,0
G1_D1,141,0,19,0,0
B6_D1,433,0,503,0,0
G1_D1,763,0,37,0,0
B10_D1,188,0,363,0,0
B10_D1,528,0,308,0,0
B4_D1,328,0,16,0,0
B6_D1,197,0,220,0,0
B6_D1,689,0,303,0,0
B6_D1,437,0,382,0,0
B6_D1,418,0,467,0,0
B2_D1,915,0,40,0,0
B10_D1,765,0,37,0,0
B6_D1,196,0,235,0,0
B10_D1,654,0,307,0,0
B10_D1,443,0,72,0,0
G1_D1,380,0,297,0,0
G1_D1,711,0,368,0,0
G1_D1,414,0,479,0,0
G1_D1,899,0,7,0,0
B10_D1,401,0,506,0,0
B10_D1,636,0,54,0,0
B6_D1,232,0,150,0,0
B6_D1,354,0,192,0,0
B10_D1,97,0,159,0,0
B10_D1,820,0,429,0,0
B6_D1,965,0,5,0,0
G1_D1,939,0,288,0,0
B6_D1,891,0,36,0,0
G1_D1,962,0,112,0,0
B4_D1,880,0,68,0,0
B6_D1,961,0,459,0,0
B6_D1,536,0,353,0,0
B6_D1,382,0,59,0,0
B4_D1,1005,0,215,0,0
B10_D1,660,0,46,0,0
G1_D1,12,0,76,0,0
B10_D1,743,0,50,0,0
B6_D1,362,0,37,0,0
B10_D1,425,0,91,0,0
B8_D1,547,0,292,0,0
B6_D1,558,0,483,0,0
B6_D1,116,0,31,0,0
B6_D1,471,0,36,0,0
G1_D1,115,0,0,0,0
B6_D1,994,0,96,0,0
B10_D1,337,0,216,0,0
B10_D1,454,0,233,0,0
B6_D1,607,0,304,0,0
B10_D1,923,0,35,0,0
B10_D1,311,0,1,0,0
B10_D1,1,0,265,0,0
G1_D1,969,0,15,0,0
B4_D1,648,0,291,0,0
B10_D1,391,0,448,0,0
G1_D1,694,0,17,0,0
B10_D1,180,0,438,0,0
B10_D1,152,0,358,0,0
B10_D1,121,0,110,0,0
G1_D1,130,0,207,0,0
B10_D1,983,0,24,0,0
B10_D1,63,0,311,0,0
B10_D1,306,0,3,0,0
B8_D1,3,0,280,0,0
B10_D1,560,0,240,0,0
B2_D1,336,0,177,0,0
G1_D1,541,0,27,0,0
B4_D1,208,0,190,0,0
B10_D1,641,0,89,0,0
B6_D1,383,0,349,0,0
G1_D1,860,0,234,0,0
G1_D1,178,0,386,0,0
B6_D1,664,0,489,0,0
B10_D1,146,0,236,0,0
B10_D1,97,0,200,0,0
B10_D1,842,0,317,0,0
B8_D1,405,0,282,0,0
B10_D1,329,0,25,0,0
B6_D1,761,0,385,0,-1
B6_D1,58,0,23,0,0
B10_D1,1010,0,480,0,0
B10_D1,334,0,21,0,0
G1_D1,767,0,163,0,0
G1_D1,468,0,482,0,0
B4_D1,40,0,7,0,0
G1_D1,118,0,137,0,0
B6_D1,6,0,194,0,0
B6_D1,620,0,278,0,0
G1_D1,1007,0,125,0,0
B2_D1,901,0,36,0,0
B4_D1,56,0,176,0,0
B6_D1,62,0,468,0,0
G1_D1,188,0,232,0,0
B10_D1,88,0,128,0,0
B4_D1,268,0,240,0,0
B10_D1,277,0,346,0,0
B8_D1,4,0,313,0,0
G1_D1,463,0,138,0,0
G1_D1,370,0,288,0,0
G1_D1,17,0,76,0,0
G1_D1,186,0,182,0,0
G1_D1,107,0,95,0,0
G1_D1,1,0,458,0,0
B6_D1,250,0,70,0,0
B6_D1,270,0,25,0,0
B10_D1,288,0,445,0,-1
B4_D1,557,0,18,0,0
B2_D1,813,0,73,0,0
B10_D1,747,0,55,0,0
B2_D1,145,0,37,0,0
B10_D1,727,0,331,0,0
G1_D1,972,0,17,0,0
B6_D1,958,0,483,0,0
B6_D1,566,0,506,0,0
B10_D1,833,0,408,0,0
G1_D1,709,0,39,0,0
B6_D1,710,0,5,0,0
B10_D1,791,0,422,0,0
B10_D1,765,0,479,0,0
B2_D1,576,0,471,0,0
B10_D1,680,0,178,0,0
B10_D1,491,0,5,0,0
B6_D1,843,0,379,0,0
B10_D1,718,0,434,0,0
G1_D1,46,0,126,0,0
B6_D1,654,0,103,0,0
B10_D1,279,0,330,0,0
B6_D1,969,0,24,0,0
B6_D1,511,0,48,0,0
B4_D1,676,0,313,0,0
B10_D1,559,0,262,0,0
B10_D1,441,0,164,0,0
B6_D1,174,0,114,0,0
B6_D1,501,0,46,0,0
B6_D1,711,0,54,0,0
B6_D1,595,0,490,0,0
B6_D1,142,0,324,0,0
B10_D1,613,0,351,0,0
B6_D1,827,0,123,0,0
G1_D1,336,0,433,0,0
B6_D1,702,0,280,0,0
B10_D1,461,0,506,0,0
B10_D1,24,0,212,0,0
B10_D1,391,0,511,0,0
B2_D1,959,0,141,0,0
B10_D1,631,0,50,0,0
B10_D1,744,0,11,0,0
G1_D1,992,0,508,0,0
B6_D1,939,0,14,0,0
G1_D1,506,0,141,0,0
B10_D1,14,0,230,0,0
B6_D1,226,0,385,0,0
B10_D1,230,0,286,0,0
B10_D1,16,0,324,0,0
B6_D1,593,0,43,0,0
B4_D1,673,0,311,0,0
B6_D1,590,0,196,0,0
B10_D1,688,0,286,0,0
B6_D1,648,0,23,0,0
B2_D1,858,0,16,0,0
G1_D1,606,0,240,0,0
B6_D1,441,0,478,0,0
B10_D1,99,0,330,0,0
B8_D1,595,0,294,0,0
B4_D1,880,0,237,0,0
B2_D1,517,0,1,0,0
B10_D1,221,0,49,0,0
B6_D1,782,0,307,0,0
G1_D1,769,0,4,0,0
B10_D1,952,0,51,0,0
G1_D1,729,0,9,0,0
B6_D1,809,0,509,0,0
B10_D1,334,0,222,0,0
B10_D1,499,0,317,0,0
G1_D1,178,0,163,0,0
G1_D1,909,0,220,0,0
B10_D1,465,0,77,0,0
B6_D1,263,0,137,0,0
B10_D1,309,0,274,0,0
B6_D1,742,0,386,0,-1
B10_D1,38,0,294,0,0
G1_D1,14,0,79,0,0
B10_D1,644,0,300,0,0
B10_D1,319,0,224,0,0
G1_D1,869,0,391,0,0
B6_D1,1023,0,476,0,0
B2_D1,882,0,458,0,0
B2_D1,220,0,236,0,0
B10_D1,679,0,15,0,0
B6_D1,851,0,385,0,0
B6_D1,779,0,268,0,0
B2_D1,472,0,489,0,0
G1_D1,281,0,32,0,0
B10_D1,575,0,412,0,0
G1_D1,10,0,269,0,0
B10_D1,432,0,2,0,0
B10_D1,1003,0,24,0,0
B10_D1,763,0,310,0,0
B10_D1,292,0,419,0,0
G1_D1,340,0,402,0,0
G1_D1,919,0,294,0,0
B6_D1,437,0,279,0,0
B4_D1,113,0,406,0,0
B8_D1,677,0,231,0,0
G1_D1,367,0,44,0,0
B6_D1,532,0,2,0,0
B10_D1,367,0,486,0,0
B6_D1,225,0,274,0,0
B6_D1,897,0,482,0,0
B10_D1,599,0,413,0,0
B10_D1,730,0,251,0,0
B6_D1,535,0,328,0,0
B6_D1,547,0,497,0,0
B10_D1,385,0,100,0,0
G1_D1,986,0,20,0,0
B2_D1,434,0,111,0,0
B6_D1,622,0,2,0,0
B10_D1,340,0,413,0,0
B10_D1,861,0,205,0,0
B10_D1,9,0,162,0,0
B6_D1,22,0,27,0,0
B10_D1,514,0,475,0,0
B6_D1,478,0,28,0,0
B6_D1,576,0,266,0,0
B6_D1,76,0,413,0,0
G1_D1,20,0,212,0,0
B10_D1,279,0,102,0,0
B2_D1,500,0,481,0,0
G1_D1,693,0,253,0,0
G1_D1,663,0,151,0,0
G1_D1,195,0,139,0,0
B6_D1,741,0,11,0,0
G1_D1,298,0,91,0,0
B2_D1,889,0,168,0,0
B6_D1,270,0,35,0,0
B6_D1,105,0,30,0,0
B10_D1,972,0,295,0,0
B6_D1,443,0,8,0,0
B6_D1,462,0,288,0,0
B6_D1,903,0,300,0,0
B2_D1,200,0,65,0,0
B10_D1,333,0,15,0,0
B10_D1,305,0,510,0,0
B6_D1,334,0,509,0,0
B6_D1,234,0,39,0,0
G1_D1,470,0,110,0,0
B6_D1,168,0,38,0,0
B6_D1,926,0,16,0,0
G1_D1,652,0,102,0,0
B10_D1,15,0,510,0,0
B6_D1,604,0,180,0,0
G1_D1,589,0,11,0,0
B10_D1,394,0,269,0,0
B6_D1,443,0,348,0,0
B10_D1,674,0,81,0,0
B10_D1,696,0,16,0,0
G1_D1,384,0,284,0,0
B6_D1,378,0,493,0,0
B6_D1,868,0,481,0,0
B10_D1,645,0,278,0,0
B10_D1,97,0,6,0,0
G1_D1,903,0,487,0,0
B2_D1,877,0,118,0,0
B2_D1,700,0,32,0,0
G1_D1,913,0,86,0,0
B6_D1,425,0,20,0,0
G1_D1,70,0,141,0,0
G1_D1,597,0,18,0,0
B6_D1,453,0,417,0,0
B4_D1,6,0,426,0,0
B10_D1,76,0,9,0,0
B4_D1,720,0,192,0,0
B6_D1,741,0,266,0,0
G1_D1,454,0,5,0,0
B10_D1,790,0,484,0,0
B6_D1,752,0,502,0,0
B10_D1,347,0,268,0,0
B2_D1,814,0,277,0,0
B10_D1,505,0,221,0,0
G1_D1,492,0,217,0,0
G1_D1,49,0,23,0,0
B2_D1,497,0,28,0,0
B6_D1,84,0,382,0,0
B10_D1,525,0,310,0,0
B6_D1,52,0,402,0,0
G1_D1,866,0,293,0,0
B8_D1,345,0,300,0,0
B6_D1,805,0,45,0,0
B2_D1,615,0,111,0,0
B10_D1,610,0,137,0,0
B6_D1,571,0,393,0,0
B6_D1,93,0,290,0,0
B6_D1,124,0,365,0,0
B10_D1,13,0,332,0,0
B6_D1,796,0,294,0,0
G1_D1,304,0,149,0,0
B6_D1,333,0,43,0,0
G1_D1,883,0,292,0,0
B6_D1,175,0,500,0,0
B10_D1,224,0,8,0,0
B6_D1,561,0,501,0,0
B2_D1,190,0,52,0,0
B6_D1,214,0,382,0,0
B2_D1,886,0,509,0,0
B6_D1,709,0,39,0,0
B6_D1,678,0,61,0,0
B4_D1,585,0,226,0,0
B10_D1,327,0,272,0,0
G1_D1,881,0,232,0,0
B4_D1,509,0,210,0,0
B6_D1,857,0,153,0,0
B4_D1,775,0,197,0,0
B6_D1,859,0,351,0,0
B10_D1,576,0,268,0,0
B6_D1,197,0,223,0,0
B6_D1,681,0,486,0,0
B6_D1,388,0,422,0,-1
G1_D1,791,0,241,0,0
B6_D1,793,0,105,0,0
B6_D1,504,0,274,0,0
B4_D1,559,0,81,0,0
B10_D1,797,0,261,0,0
B6_D1,536,0,428,0,-1
B6_D1,890,0,389,0,0
B10_D1,596,0,77,0,0
B6_D1,1022,0,268,0,0
G1_D1,9,0,268,0,0
B4_D1,942,0,30,0,0
B10_D1,290,0,417,0,0
B10_D1,660,0,251,0,0
B6_D1,105,0,84,0,0
B10_D1,257,0,50,0,0
B10_D1,353,0,184,0,0
B6_D1,80,0,96,0,0
B4_D1,126,0,94,0,0
G1_D1,740,0,0,0,0
G1_D1,184,0,45,0,0
G1_D1,700,0,383,0,0
B6_D1,108,0,23,0,0
B6_D1,702,0,50,0,0
B10_D1,463,0,229,0,0
B6_D1,696,0,1,0,0
B10_D1,30,0,18,0,0
B6_D1,813,0,96,0,0
G1_D1,953,0,242,0,0
B8_D1,576,0,291,0,0
B6_D1,309,0,504,0,0
B10_D1,935,0,293,0,0
B6_D1,368,0,49,0,0
B4_D1,505,0,251,0,0
B6_D1,244,0,373,0,0
B10_D1,743,0,250,0,0
B6_D1,929,0,242,0,0
B6_D1,600,0,15,0,0
B10_D1,996,0,483,0,0
B10_D1,616,0,497,0,0
B8_D1,125,0,333,0,0
B10_D1,466,0,160,0,0
B4_D1,125,0,184,0,0
B6_D1,216,0,384,0,0
B10_D1,510,0,110,0,0
B10_D1,382,0,487,0,0
B4_D1,948,0,89,0,0
G1_D1,157,0,499,0,0
B8_D1,638,0,179,0,0
B6_D1,722,0,492,0,0
B6_D1,446,0,21,0,0
B6_D1,294,0,494,0,0
B4_D1,287,0,189,0,0
B10_D1,101,0,142,0,0
B2_D1,896,0,398,0,0
B10_D1,17,0,2,0,0
B6_D1,406,0,478,0,0
B2_D1,809,0,55,0,0
B6_D1,298,0,346,0,0
G1_D1,993,0,107,0,0
B6_D1,182,0,487,0,0
B8_D1,266,0,329,0,0
B2_D1,753,0,494,0,0
B2_D1,872,0,18,0,0
B4_D1,51,0,19,0,0
B4_D1,624,0,32,0,0
B6_D1,154,0,187,0,0
B10_D1,637,0,315,0,0
B10_D1,120,0,194,0,0
B6_D1,844,0,14,0,0
G1_D1,448,0,70,0,0
B6_D1,497,0,352,0,0
G1_D1,688,0,242,0,0
B10_D1,691,0,16,0,0
B6_D1,418,0,172,0,0
B6_D1,905,0,114,0,0
B10_D1,274,0,271,0,0
B10_D1,840,0,335,0,0
B6_D1,12,0,452,0,0
B4_D1,177,0,272,0,0
B6_D1,16,0,236,0,0
G1_D1,205,0,81,0,0
B10_D1,170,0,73,0,0
B6_D1,601,0,93,0,0
B6_D1,353,0,224,0,0
B6_D1,90,0,84,0,0
G1_D1,805,0,448,0,0
G1_D1,149,0,231,0,0
G1_D1,75,0,281,0,0
B10_D1,38,0,247,0,0
B6_D1,692,0,455,0,0
B10_D1,104,0,133,0,0
B6_D1,268,0,333,0,0
B6_D1,238,0,8,0,0
B6_D1,463,0,73,0,0
B10_D1,136,0,276,0,0
B2_D1,573,0,286,0,0
B10_D1,317,0,186,0,0
B10_D1,634,0,314,0,0
B6_D1,835,0,106,0,0
B10_D1,216,0,5,0,0
B2_D1,343,0,36,0,0
B10_D1,815,0,431,0,0
B10_D1,19,0,251,0,0
B6_D1,811,0,127,0,0
G1_D1,26,0,122,0,0
B6_D1,176,0,474,0,0
B6_D1,44,0,202,0,0
G1_D1,746,0,249,0,0
B4_D1,526,0,253,0,0
B6_D1,164,0,34,0,0
G1_D1,22,0,32,0,0
G1_D1,512,0,87,0,0
B6_D1,953,0,369,0,-1
B6_D1,796,0,491,0,0
B10_D1,962,0,150,0,0
B4_D1,1004,0,234,0,0
B10_D1,114,0,212,0,0
B6_D1,387,0,216,0,0
B2_D1,180,0,243,0,0
B6_D1,228,0,344,0,0
B6_D1,978,0,300,0,0
B2_D1,419,0,32,0,0
B2_D1,229,0,485,0,0
B2_D1,1023,0,193,0,0
G1_D1,524,0,7,0,0
B6_D1,434,0,4,0,0
B10_D1,726,0,3,0,0
B6_D1,493,0,480,0,0
B2_D1,340,0,291,0,0
B10_D1,271,0,170,0,0
B6_D1,921,0,263,0,0
B6_D1,291,0,381,0,-1
G1_D1,846,0,79,0,0
B6_D1,749,0,322,0,0
G1_D1,811,0,59,0,0
G1_D1,88,0,144,0,0
B10_D1,196,0,36,0,0
B6_D1,17,0,63,0,0
B6_D1,45,0,110,0,0
G1_D1,568,0,69,0,0
B6_D1,686,0,11,0,0
B2_D1,550,0,161,0,0
B6_D1,855,0,20,0,0
G1_D1,46,0,133,0,0
B10_D1,666,0,1,0,0
B10_D1,794,0,248,0,0
B8_D1,415,0,282,0,0
B6_D1,270,0,495,0,0
B6_D1,634,0,180,0,0
B6_D1,842,0,492,0,0
B10_D1,717,0,432,0,0
B6_D1,132,0,22,0,0
B4_D1,107,0,458,0,0
B10_D1,270,0,7,0,0
B10_D1,342,0,186,0,0
B4_D1,306,0,18,0,0
B6_D1,899,0,306,0,0
B6_D1,55,0,431,0,0
B10_D1,483,0,69,0,0
B6_D1,125,0,20,0,0
B6_D1,24,0,102,0,0
G1_D1,414,0,480,0,0
B10_D1,153,0,292,0,0
B6_D1,802,0,133,0,0
B6_D1,24,0,298,0,0
B10_D1,876,0,339,0,0
G1_D1,521,0,15,0,0
B6_D1,285,0,40,0,0
B10_D1,581,0,81,0,0
B10_D1,586,0,81,0,0
B10_D1,697,0,234,0,0
B6_D1,843,0,273,0,0
B6_D1,786,0,251,0,0
B4_D1,268,0,17,0,0
G1_D1,293,0,175,0,0
G1_D1,672,0,35,0,0
B6_D1,280,0,485,0,0
B6_D1,993,0,261,0,0
B6_D1,388,0,316,0,4
B10_D1,800,0,170,0,0
B10_D1,283,0,156,0,0
G1_D1,436,0,15,0,0
B2_D1,726,0,103,0,0
B4_D1,975,0,31,0,0
B6_D1,802,0,58,0,0
B6_D1,423,0,43,0,0
G1_D1,1005,0,253,0,0
B6_D1,86,0,26,0,0
B10_D1,729,0,124,0,0
B10_D1,834,0,280,0,0
B6_D1,260,0,272,0,0
B2_D1,614,0,362,0,0
B10_D1,359,0,45,0,0
B6_D1,295,0,0,0,0
B6_D1,528,0,43,0,0
B4_D1,656,0,185,0,0
B10_D1,239,0,8,0,0
B6_D1,187,0,362,0,0
B6_D1,909,0,117,0,0
B6_D1,122,0,92,0,0
B6_D1,143,0,364,0,0
B4_D1,169,0,111,0,0
G1_D1,19,0,195,0,0
B6_D1,25,0,378,0,0
B6_D1,470,0,108,0,0
B6_D1,425,0,285,0,0
B6_D1,168,0,483,0,0
B10_D1,32,0,23,0,0
B6_D1,315,0,45,0,0
B6_D1,458,0,480,0,0
B10_D1,385,0,121,0,0
B6_D1,953,0,117,0,0
B10_D1,802,0,175,0,0
B6_D1,332,0,47,0,0
B4_D1,626,0,58,0,0
B10_D1,87,0,91,0,0
B10_D1,103,0,271,0,0
B4_D1,440,0,185,0,0
G1_D1,125,0,22,0,0
B10_D1,289,0,306,0,0
G1_D1,240,0,294,0,0
B10_D1,298,0,129,0,0
B10_D1,86,0,211,0,0
B10_D1,624,0,510,0,0
B6_D1,31,0,142,0,0
G1_D1,384,0,11,0,0
G1_D1,589,0,6,0,0
B10_D1,43,0,101,0,0
B6_D1,160,0,128,0,0
G1_D1,983,0,45,0,0
B6_D1,853,0,498,0,0
B10_D1,303,0,457,0,3
B6_D1,201,0,125,0,0
B6_D1,886,0,506,0,0
B10_D1,922,0,330,0,0
B2_D1,701,0,91,0,0
B10_D1,997,0,299,0,0
B6_D1,286,0,11,0,0
B6_D1,585,0,495,0,0
B6_D1,898,0,273,0,0
B10_D1,587,0,345,0,0
B10_D1,234,0,62,0,0
B10_D1,663,0,110,0,0
B6_D1,615,0,495,0,0
B6_D1,843,0,439,0,0
B10_D1,427,0,6,0,0
G1_D1,145,0,511,0,0
B10_D1,32,0,172,0,0
B6_D1,442,0,159,0,0
B10_D1,41,0,59,0,0
G1_D1,32,0,473,0,0
B4_D1,558,0,92,0,0
B4_D1,327,0,303,0,0
B8_D1,425,0,282,0,0
B6_D1,573,0,493,0,0
B10_D1,830,0,422,0,0
B6_D1,572,0,186,0,0
G1_D1,626,0,239,0,0
G1_D1,105,0,24,0,0
B2_D1,910,0,11,0,0
B10_D1,16,0,253,0,0
B6_D1,800,0,510,0,0
G1_D1,494,0,13,0,0
B10_D1,574,0,106,0,0
B6_D1,322,0,42,0,0
B6_D1,51,0,263,0,0
B6_D1,862,0,143,0,0
B4_D1,979,0,295,0,0
B10_D1,507,0,332,0,0
B10_D1,852,0,403,0,0
G1_D1,744,0,164,0,0
B2_D1,324,0,53,0,0
B6_D1,888,0,23,0,0
B6_D1,367,0,328,0,0
B6_D1,655,0,74,0,0
G1_D1,593,0,319,0,0
B6_D1,555,0,20,0,0
B6_D1,867,0,507,0,0
G1_D1,748,0,161,0,0
B10_D1,313,0,49,0,0
B8_D1,591,0,205,0,0
B6_D1,249,0,455,0,0
B6_D1,298,0,55,0,0
B6_D1,121,0,165,0,0
B6_D1,502,0,132,0,0
B2_D1,419,0,505,0,0
B2_D1,792,0,129,0,0
B10_D1,1023,0,156,0,0
B2_D1,512,0,485,0,0
B6_D1,586,0,120,0,0
G1_D1,31,0,485,0,0
G1_D1,96,0,462,0,0
G1_D1,439,0,10,0,0
B6_D1,536,0,54,0,0
B4_D1,705,0,193,0,0
B6_D1,235,0,194,0,0
G1_D1,204,0,10,0,0
B6_D1,273,0,266,0,0
B6_D1,910,0,302,0,0
B10_D1,540,0,268,0,0
B6_D1,136,0,36,0,0
B6_D1,182,0,482,0,0
G1_D1,52,0,331,0,0
G1_D1,136,0,265,0,0
B6_D1,233,0,13,0,0
G1_D1,3,0,477,0,0
G1_D1,144,0,16,0,0
B6_D1,140,0,406,0,0
B10_D1,658,0,250,0,0
B6_D1,435,0,490,0,0
B4_D1,28,0,262,0,0
B6_D1,234,0,4,0,0
B6_D1,144,0,254,0,0
B6_D1,693,0,424,0,0
B6_D1,321,0,511,0,0
B10_D1,718,0,1,0,0
G1_D1,655,0,75,0,0
B6_D1,154,0,29,0,0
G1_D1,460,0,511,0,0
G1_D1,651,0,15,0,0
B6_D1,783,0,351,0,0
B10_D1,221,0,167,0,0
G1_D1,913,0,244,0,0
B2_D1,388,0,34,0,0
B8_D1,599,0,218,0,0
B10_D1,404,0,482,0,0
B6_D1,623,0,426,0,0
B4_D1,118,0,84,0,0
B2_D1,1023,0,170,0,0
B6_D1,892,0,487,0,0
B10_D1,761,0,511,0,0
G1_D1,700,0,198,0,0
B6_D1,33,0,460,0,0
B2_D1,954,0,263,0,0
B2_D1,988,0,51,0,0
B10_D1,249,0,28,0,0
B6_D1,203,0,79,0,0
B6_D1,977,0,507,0,0
B6_D1,80,0,490,0,0
B10_D1,868,0,329,0,0
G1_D1,1011,0,229,0,0
B10_D1,384,0,176,0,0
B6_D1,452,0,190,0,0
B6_D1,434,0,274,0,0
B10_D1,717,0,450,0,0
B10_D1,596,0,87,0,0
B6_D1,745,0,271,0,0
B10_D1,442,0,207,0,0
G1_D1,98,0,97,0,0
B4_D1,1003,0,12,0,0
B6_D1,376,0,11,0,0
B6_D1,685,0,73,0,0
B10_D1,649,0,244,0,0
B10_D1,172,0,56,0,0
B10_D1,533,0,141,0,0
B10_D1,886,0,93,0,0
B6_D1,911,0,282,0,0
B6_D1,960,0,217,0,0
B6_D1,188,0,339,0,0
B6_D1,84,0,273,0,0
B10_D1,143,0,50,0,0
G1_D1,712,0,277,0,0
G1_D1,538,0,72,0,0
B10_D1,536,0,201,0,0
B10_D1,173,0,41,0,0
B6_D1,499,0,174,0,0
G1_D1,216,0,59,0,0
B6_D1,139,0,388,0,0
B6_D1,815,0,59,0,0
G1_D1,903,0,330,0,0
B6_D1,754,0,14,0,0
B2_D1,742,0,16,0,0
B10_D1,855,0,46,0,0
B6_D1,861,0,474,0,0
B10_D1,516,0,51,0,0
B10_D1,531,0,477,0,0
B6_D1,734,0,427,0,0
B10_D1,903,0,13,0,0
B6_D1,823,0,380,0,0
B6_D1,351,0,11,0,0
B4_D1,252,0,29,0,0
B6_D1,1020,0,262,0,0
G1_D1,38,0,179,0,0
B2_D1,43,0,269,0,0
B6_D1,987,0,22,0,0
B10_D1,187,0,99,0,0
B6_D1,983,0,488,0,0
B6_D1,682,0,412,0,0
G1_D1,988,0,270,0,0
B8_D1,182,0,109,0,0
G1_D1,227,0,186,0,0
B6_D1,438,0,348,0,0
B6_D1,480,0,385,0,0
B6_D1,626,0,491,0,0
B10_D1,528,0,162,0,0
G1_D1,997,0,337,0,0
B10_D1,297,0,176,0,0
B10_D1,964,0,251,0,0
B6_D1,812,0,87,0,0
B4_D1,981,0,120,0,0
B2_D1,1022,0,64,0,0
B10_D1,184,0,185,0,0
B6_D1,746,0,319,0,0
B6_D1,339,0,19,0,0
B2_D1,871,0,510,0,0
G1_D1,792,0,131,0,0
B10_D1,654,0,108,0,0
B6_D1,250,0,424,0,0
B10_D1,813,0,46,0,0
B10_D1,947,0,80,0,0
B6_D1,189,0,348,0,0
B6_D1,578,0,286,0,0
B6_D1,425,0,490,0,0
B10_D1,22,0,2,0,0
B6_D1,565,0,392,0,0
B6_D1,760,0,101,0,0
G1_D1,476,0,124,0,0
B2_D1,901,0,109,0,0
B6_D1,102,0,248,0,7
G1_D1,780,0,422,0,0
B10_D1,770,0,83,0,0
B10_D1,772,0,261,0,0
G1_D1,309,0,234,0,0
B6_D1,586,0,501,0,0
G1_D1,232,0,495,0,0
B6_D1,507,0,42,0,0
B10_D1,442,0,298,0,0
B6_D1,133,0,308,0,0
G1_D1,31,0,52,0,0
B6_D1,303,0,420,0,0
B10_D1,619,0,80,0,0
G1_D1,856,0,271,0,0
G1_D1,349,0,13,0,0
G1_D1,76,0,170,0,0
B10_D1,571,0,150,0,0
B6_D1,69,0,401,0,0
B6_D1,724,0,311,0,0
B4_D1,638,0,225,0,0
B6_D1,405,0,253,0,0
G1_D1,824,0,390,0,0
B10_D1,88,0,36,0,0
B8_D1,57,0,328,0,0
G1_D1,934,0,4,0,0
B6_D1,252,0,336,0,0
G1_D1,304,0,16,0,0
B10_D1,616,0,293,0,0
B2_D1,739,0,80,0,0
B6_D1,351,0,501,0,0
G1_D1,641,0,241,0,0
B10_D1,452,0,503,0,0
B10_D1,632,0,369,0,0
G1_D1,1016,0,429,0,0
G1_D1,309,0,11,0,0
G1_D1,902,0,320,0,0
B10_D1,263,0,25,0,0
B10_D1,357,0,29,0,0
G1_D1,359,0,10,0,0
G1_D1,867,0,468,0,0
B6_D1,1009,0,323,0,0
B6_D1,675,0,267,0,0
G1_D1,968,0,49,0,0
G1_D1,715,0,252,0,0
B10_D1,386,0,0,0,0
G1_D1,544,0,30,0,0
B2_D1,488,0,288,0,0
B6_D1,955,0,5,0,0
B4_D1,190,0,277,0,0
G1_D1,619,0,4,0,0
B8_D1,143,0,204,0,0
B2_D1,217,0,206,0,0
B6_D1,800,0,238,0,0
B10_D1,2,0,410,0,0
B10_D1,494,0,40,0,0
G1_D1,475,0,511,0,0
B10_D1,965,0,48,0,0
B10_D1,724,0,116,0,0
B6_D1,342,0,81,0,0
B10_D1,844,0,242,0,0
G1_D1,298,0,129,0,0
G1_D1,70,0,327,0,0
B4_D1,309,0,291,0,0
B10_D1,336,0,276,0,0
B6_D1,600,0,191,0,0
B10_D1,15,0,310,0,0
B6_D1,596,0,409,0,0
B6_D1,794,0,39,0,0
B10_D1,149,0,281,0,0
B6_D1,729,0,155,0,0
B6_D1,870,0,154,0,0
B10_D1,683,0,19,0,0
B10_D1,372,0,172,0,0
B6_D1,984,0,494,0,0
B6_D1,788,0,99,0,0
B10_D1,157,0,162,0,0
B10_D1,581,0,285,0,0
B10_D1,446,0,89,0,0
B6_D1,998,0,503,0,0
B6_D1,160,0,452,0,0
B10_D1,1023,0,23,0,0
B6_D1,842,0,155,0,0
B6_D1,64,0,432,0,0
G1_D1,15,0,261,0,0
B2_D1,802,0,466,0,-1
B6_D1,932,0,215,0,0
B2_D1,301,0,489,0,0
B6_D1,651,0,477,0,0
B6_D1,562,0,22,0,0
B10_D1,922,0,461,0,0
B10_D1,305,0,127,0,0
B2_D1,625,0,160,0,0
B6_D1,178,0,279,0,0
B10_D1,259,0,168,0,0
B6_D1,460,0,30,0,0
B6_D1,816,0,188,0,0
G1_D1,745,0,78,0,0
B10_D1,395,0,267,0,0
B6_D1,140,0,173,0,0
G1_D1,579,0,290,0,0
G1_D1,19,0,43,0,0
G1_D1,985,0,81,0,0
B6_D1,223,0,148,0,0
B8_D1,435,0,197,0,0
G1_D1,647,0,304,0,0
B2_D1,328,0,36,0,0
B6_D1,110,0,84,0,0
G1_D1,991,0,58,0,0
B10_D1,442,0,407,0,0
B6_D1,53,0,403,0,0
G1_D1,473,0,109,0,0
B10_D1,446,0,206,0,0
B6_D1,638,0,306,0,0
B6_D1,914,0,19,0,0
B6_D1,807,0,74,0,0
B6_D1,150,0,97,0,0
B2_D1,685,0,60,0,0
B10_D1,325,0,47,0,0
G1_D1,730,0,79,0,0
B10_D1,362,0,256,0,0
B10_D1,842,0,445,0,0
B6_D1,443,0,189,0,0
G1_D1,1010,0,273,0,0
B2_D1,442,0,170,0,0
G1_D1,224,0,5,0,0
B10_D1,57,0,329,0,0
B10_D1,939,0,25,0,0
B10_D1,269,0,309,0,0
B10_D1,176,0,439,0,0
B10_D1,844,0,346,0,0
B6_D1,581,0,444,0,-1
B2_D1,653,0,288,0,0
B2_D1,621,0,290,0,0
B6_D1,535,0,490,0,0
B10_D1,761,0,115,0,0
G1_D1,277,0,54,0,0
B4_D1,967,0,124,0,0
B6_D1,885,0,174,0,0
B10_D1,963,0,73,0,0
G1_D1,248,0,235,0,0
B6_D1,411,0,6,0,0
B10_D1,445,0,460,0,0
B10_D1,651,0,96,0,0
B6_D1,235,0,476,0,0
B10_D1,933,0,53,0,0
B6_D1,241,0,46,0,0
B6_D1,837,0,453,0,0
B10_D1,596,0,85,0,0
B4_D1,483,0,184,0,0
B6_D1,421,0,389,0,0
B10_D1,333,0,131,0,0
B10_D1,37,0,89,0,0
G1_D1,755,0,0,0,0
B6_D1,820,0,40,0,0
G1_D1,794,0,263,0,0
B10_D1,101,0,210,0,0
B10_D1,606,0,455,0,0
B6_D1,558,0,286,0,0
B6_D1,932,0,251,0,0
B6_D1,748,0,348,0,0
B10_D1,563,0,299,0,0
G1_D1,320,0,424,0,0
B10_D1,972,0,326,0,-1
B10_D1,512,0,65,0,0
B10_D1,427,0,109,0,0
B6_D1,729,0,24,0,0
B4_D1,248,0,60,0,0
B2_D1,461,0,159,0,0
B4_D1,138,0,185,0,0
G1_D1,296,0,131,0,0
B6_D1,95,0,485,0,0
B10_D1,589,0,224,0,0
B10_D1,121,0,158,0,0
B6_D1,349,0,29,0,0
B6_D1,52,0,502,0,0
B6_D1,335,0,35,0,0
G1_D1,1005,0,94,0,0
B6_D1,374,0,265,0,0
B10_D1,818,0,276,0,0
B10_D1,279,0,62,0,0
G1_D1,169,0,25,0,0
B8_D1,273,0,183,0,0
B10_D1,892,0,24,0,0
B6_D1,849,0,346,0,0
B6_D1,720,0,76,0,0
B10_D1,768,0,240,0,0
B6_D1,781,0,486,0,0
B6_D1,168,0,3,0,0
B10_D1,649,0,73,0,0
B10_D1,864,0,214,0,0
G1_D1,789,0,16,0,0
B6_D1,472,0,487,0,0
B6_D1,715,0,485,0,0
G1_D1,260,0,189,0,0
B10_D1,866,0,438,0,0
G1_D1,202,0,495,0,0
G1_D1,697,0,508,0,0
B6_D1,326,0,358,0,-1
B10_D1,445,0,77,0,0
B2_D1,690,0,431,0,0
B4_D1,685,0,262,0,0
B10_D1,752,0,323,0,0
B6_D1,13,0,138,0,0
B10_D1,146,0,110,0,0
B2_D1,220,0,51,0,0
B2_D1,610,0,466,0,-1
G1_D1,533,0,282,0,0
G1_D1,306,0,95,0,0
B10_D1,1021,0,13,0,0
B10_D1,654,0,29,0,0
B10_D1,797,0,26,0,0
G1_D1,919,0,54,0,0
B6_D1,49,0,89,0,0
G1_D1,44,0,5,0,0
B6_D1,218,0,13,0,0
B4_D1,450,0,225,0,0
B10_D1,249,0,177,0,0
B10_D1,283,0,248,0,0
G1_D1,59,0,2,0,0
B6_D1,402,0,12,0,0
B6_D1,721,0,394,0,0
B6_D1,67,0,492,0,0
B6_D1,126,0,110,0,0
G1_D1,109,0,502,0,0
B10_D1,720,0,254,0,0
B6_D1,768,0,431,0,0
B4_D1,769,0,277,0,0
B6_D1,222,0,497,0,0
B4_D1,166,0,360,0,0
G1_D1,885,0,29,0,0
B6_D1,2,0,384,0,0
B2_D1,671,0,467,0,0
B6_D1,110,0,162,0,0
B6_D1,126,0,265,0,0
B10_D1,881,0,300,0,0
B6_D1,567,0,61,0,0
B6_D1,131,0,265,0,0
B6_D1,277,0,7,0,0
B10_D1,675,0,141,0,0
B6_D1,846,0,56,0,0
B6_D1,748,0,8,0,0
B2_D1,891,0,24,0,0
B6_D1,720,0,52,0,0
B10_D1,189,0,235,0,0
B10_D1,224,0,361,0,0
B6_D1,952,0,136,0,0
G1_D1,127,0,370,0,0
G1_D1,963,0,37,0,0
B6_D1,655,0,273,0,0
B6_D1,202,0,238,0,0
B6_D1,72,0,492,0,0
G1_D1,97,0,291,0,0
B6_D1,750,0,10,0,0
B4_D1,326,0,304,0,0
B2_D1,426,0,31,0,0
G1_D1,649,0,84,0,0
B6_D1,766,0,1,0,0
G1_D1,209,0,408,0,0
B6_D1,792,0,17,0,0
B2_D1,517,0,27,0,0
B10_D1,933,0,364,0,0
B8_D1,158,0,340,0,0
G1_D1,934,0,14,0,0
B10_D1,991,0,270,0,0
G1_D1,919,0,390,0,0
B6_D1,260,0,20,0,0
B10_D1,530,0,215,0,0
B10_D1,398,0,153,0,0
B10_D1,635,0,302,0,0
B6_D1,873,0,438,0,0
B2_D1,0,0,105,0,0
B6_D1,326,0,36,0,0
B10_D1,419,0,116,0,0
G1_D1,379,0,208,0,0
B10_D1,266,0,0,0,0
B6_D1,878,0,498,0,0
G1_D1,786,0,37,0,0
B10_D1,287,0,249,0,0
B10_D1,321,0,0,0,0
B6_D1,59,0,14,0,0
B6_D1,458,0,503,0,0
B4_D1,242,0,63,0,0
B10_D1,607,0,124,0,0
B10_D1,817,0,123,0,0
B10_D1,817,0,421,0,0
B6_D1,439,0,29,0,0
B10_D1,303,0,404,0,0
G1_D1,786,0,204,0,0
B6_D1,846,0,6,0,0
B10_D1,659,0,205,0,0
B6_D1,518,0,380,0,0
B4_D1,694,0,245,0,0
G1_D1,724,0,264,0,0
B2_D1,535,0,222,0,0
B4_D1,185,0,6,0,0
B6_D1,115,0,84,0,0
B6_D1,122,0,312,0,0
B10_D1,825,0,357,0,0
G1_D1,769,0,65,0,0
B6_D1,857,0,343,0,0
B10_D1,144,0,257,0,0
B6_D1,585,0,179,0,0
B10_D1,867,0,28,0,0
B10_D1,148,0,115,0,0
G1_D1,298,0,457,0,3
B6_D1,423,0,18,0,0
B10_D1,541,0,112,0,0
B6_D1,360,0,0,0,0
G1_D1,82,0,84,0,0
B10_D1,670,0,61,0,0
B6_D1,740,0,0,0,0
B2_D1,992,0,99,0,0
B6_D1,408,0,23,0,0
B6_D1,733,0,148,0,0
B6_D1,218,0,333,0,0
B6_D1,783,0,503,0,0
B10_D1,34,0,73,0,0
B10_D1,919,0,232,0,0
B10_D1,116,0,218,0,0
B2_D1,890,0,34,0,0
B10_D1,846,0,334,0,0
B2_D1,670,0,360,0,0
B6_D1,586,0,285,0,0
B6_D1,966,0,21,0,0
B10_D1,782,0,450,0,0
B6_D1,722,0,7,0,0
B10_D1,563,0,79,0,0
B6_D1,864,0,323,0,0
B10_D1,280,0,153,0,0
B6_D1,284,0,489,0,0
B10_D1,416,0,463,0,0
B10_D1,285,0,412,0,0
G1_D1,15,0,92,0,0
B10_D1,292,0,243,0,0
G1_D1,201,0,342,0,0
B6_D1,462,0,409,0,0
B10_D1,194,0,251,0,0
B6_D1,491,0,11,0,0
B2_D1,557,0,28,0,0
B4_D1,657,0,241,0,0
B6_D1,529,0,404,0,0
B10_D1,360,0,290,0,0
B10_D1,712,0,432,0,0
B6_D1,918,0,498,0,0
B6_D1,349,0,458,0,-1
G1_D1,200,0,66,0,0
B6_D1,375,0,383,0,0
B2_D1,911,0,135,0,0
G1_D1,749,0,164,0,0
B4_D1,475,0,129,0,0
G1_D1,134,0,7,0,0
B6_D1,283,0,166,0,0
B10_D1,515,0,310,0,0
B10_D1,250,0,56,0,0
B10_D1,114,0,182,0,0
B10_D1,558,0,208,0,0
G1_D1,784,0,6,0,0
G1_D1,627,0,87,0,0
B6_D1,410,0,175,0,0
B6_D1,827,0,146,0,0
B10_D1,12,0,337,0,0
B6_D1,486,0,169,0,0
B6_D1,592,0,22,0,0
B6_D1,177,0,347,0,0
B10_D1,160,0,100,0,0
B4_D1,830,0,41,0,0
G1_D1,14,0,323,0,0
G1_D1,755,0,427,0,0
B6_D1,889,0,117,0,0
B10_D1,728,0,348,0,0
B6_D1,668,0,503,0,0
B10_D1,320,0,231,0,0
G1_D1,789,0,206,0,0
B10_D1,151,0,114,0,0
B8_D1,89,0,157,0,0
B6_D1,304,0,345,0,0
G1_D1,210,0,0,0,0
B6_D1,561,0,463,0,0
G1_D1,261,0,19,0,0
B10_D1,48,0,403,0,0
G1_D1,761,0,269,0,0
B10_D1,815,0,24,0,0
G1_D1,66,0,25,0,0
G1_D1,26,0,1,0,0
B6_D1,499,0,231,0,0
B10_D1,567,0,90,0,0
B6_D1,785,0,293,0,0
B10_D1,473,0,107,0,0
B10_D1,329,0,211,0,0
G1_D1,97,0,105,0,0
B6_D1,920,0,35,0,0
B10_D1,229,0,255,0,0
B6_D1,236,0,91,0,0
B4_D1,504,0,254,0,0
B10_D1,832,0,329,0,0
B6_D1,1019,0,410,0,0
B10_D1,432,0,13,0,0
B6_D1,219,0,489,0,0
G1_D1,977,0,31,0,0
B6_D1,707,0,492,0,0
B6_D1,1,0,225,0,0
G1_D1,1007,0,153,0,0
B2_D1,498,0,467,0,0
B10_D1,639,0,456,0,0
B10_D1,59,0,154,0,0
B10_D1,470,0,252,0,0
B6_D1,89,0,284,0,0
B6_D1,143,0,405,0,0
B6_D1,495,0,5,0,0
B10_D1,663,0,4,0,0
B6_D1,754,0,288,0,0
B10_D1,811,0,331,0,0
B6_D1,687,0,340,0,0
G1_D1,66,0,51,0,0
G1_D1,611,0,140,0,0
G1_D1,812,0,454,0,0
G1_D1,653,0,244,0,0
B6_D1,635,0,278,0,0
B6_D1,973,0,488,0,0
B10_D1,695,0,14,0,0
B6_D1,925,0,25,0,0
B10_D1,501,0,91,0,0
B6_D1,692,0,280,0,0
G1_D1,958,0,327,0,-1
B6_D1,769,0,264,0,0
B10_D1,193,0,159,0,0
B6_D1,399,0,29,0,0
B6_D1,846,0,385,0,0
B6_D1,233,0,483,0,0
B6_D1,27,0,70,0,0
B6_D1,534,0,244,0,0
G1_D1,677,0,120,0,0
G1_D1,1020,0,271,0,0
B6_D1,750,0,244,0,0
B10_D1,386,0,3,0,0
B6_D1,329,0,207,0,0
B2_D1,587,0,116,0,0
B6_D1,940,0,217,0,0
G1_D1,938,0,270,0,0
B10_D1,632,0,18,0,0
B10_D1,698,0,115,0,0
B8_D1,232,0,188,0,0
B10_D1,151,0,241,0,0
B2_D1,936,0,47,0,0
B2_D1,732,0,53,0,0
B6_D1,573,0,422,0,0
G1_D1,614,0,6,0,0
B10_D1,687,0,136,0,0
B6_D1,25,0,202,0,0
B10_D1,716,0,422,0,0
B6_D1,944,0,428,0,0
B6_D1,650,0,234,0,0
G1_D1,640,0,29,0,0
B10_D1,337,0,74,0,0
B6_D1,737,0,284,0,0
B6_D1,703,0,379,0,0
B2_D1,382,0,160,0,0
G1_D1,338,0,312,0,0
B4_D1,265,0,325,0,0
G1_D1,655,0,87,0,0
B10_D1,378,0,277,0,0
B6_D1,161,0,481,0,0
B6_D1,296,0,41,0,0
B6_D1,961,0,219,0,0
B10_D1,825,0,55,0,0
B10_D1,658,0,87,0,0
G1_D1,468,0,138,0,0
G1_D1,1006,0,274,0,0
B10_D1,379,0,196,0,0
B10_D1,124,0,192,0,0
G1_D1,975,0,21,0,0
B6_D1,301,0,77,0,0
B6_D1,324,0,373,0,0
B10_D1,300,0,267,0,0
B2_D1,860,0,33,0,0
B6_D1,290,0,431,0,0
B10_D1,671,0,69,0,0
B6_D1,466,0,287,0,0
B6_D1,967,0,352,0,-1
G1_D1,229,0,76,0,0
B4_D1,942,0,33,0,0
B6_D1,999,0,90,0,0
B4_D1,192,0,408,0,0
B10_D1,731,0,402,0,0
B6_D1,271,0,167,0,0
B10_D1,337,0,203,0,0
B10_D1,280,0,181,0,0
G1_D1,398,0,35,0,0
B10_D1,505,0,141,0,0
B10_D1,188,0,205,0,0
B10_D1,769,0,86,0,0
G1_D1,367,0,158,0,0
B10_D1,689,0,256,0,0
B6_D1,606,0,360,0,0
B6_D1,682,0,22,0,0
B6_D1,819,0,384,0,0
G1_D1,239,0,14,0,0
B10_D1,774,0,328,0,0
B10_D1,102,0,67,0,0
B10_D1,11,0,59,0,0
B6_D1,931,0,501,0,0
B10_D1,878,0,340,0,0
B4_D1,46,0,20,0,0
G1_D1,989,0,260,0,0
B10_D1,922,0,329,0,0
G1_D1,854,0,7,0,0
B4_D1,1018,0,65,0,0
B4_D1,816,0,19,0,0
B10_D1,629,0,313,0,0
B10_D1,35,0,116,0,0
B2_D1,715,0,360,0,0
B6_D1,704,0,307,0,0
B10_D1,427,0,405,0,0
B6_D1,237,0,42,0,0
B6_D1,13,0,13,0,0
B6_D1,596,0,501,0,0
B4_D1,47,0,30,0,0
B6_D1,1008,0,33,0,0
G1_D1,517,0,107,0,0
B10_D1,201,0,505,0,0
G1_D1,754,0,12,0,0
B10_D1,701,0,32,0,0
B6_D1,272,0,263,0,0
B6_D1,538,0,18,0,0
B2_D1,508,0,489,0,0
B4_D1,846,0,233,0,0
B6_D1,808,0,111,0,0
B10_D1,733,0,35,0,0
B6_D1,135,0,252,0,0
B10_D1,387,0,25,0,0
B6_D1,123,0,389,0,0
B6_D1,887,0,343,0,0
B6_D1,542,0,229,0,0
G1_D1,245,0,118,0,0
B10_D1,198,0,130,0,0
B10_D1,442,0,75,0,0
B10_D1,494,0,126,0,0
B10_D1,397,0,117,0,0
B10_D1,286,0,280,0,0
B6_D1,709,0,311,0,0
B10_D1,290,0,412,0,0
B6_D1,395,0,485,0,0
B6_D1,85,0,25,0,0
B10_D1,717,0,270,0,0
B6_D1,64,0,14,0,0
G1_D1,220,0,455,0,0
B10_D1,358,0,309,0,0
B10_D1,8,0,53,0,0
B6_D1,164,0,76,0,0
B6_D1,881,0,173,0,0
B6_D1,744,0,162,0,0
B6_D1,764,0,430,0,0
G1_D1,263,0,250,0,0
B8_D1,77,0,328,0,0
B10_D1,21,0,180,0,0
G1_D1,614,0,240,0,0
B10_D1,18,0,22,0,0
B6_D1,651,0,46,0,0
B8_D1,149,0,205,0,0
B6_D1,371,0,381,0,0
B10_D1,142,0,185,0,0
B4_D1,220,0,354,0,0
G1_D1,233,0,237,0,0
B6_D1,752,0,340,0,0
B6_D1,871,0,224,0,0
B6_D1,818,0,161,0,0
B10_D1,892,0,302,0,0
G1_D1,10,0,85,0,0
B10_D1,927,0,306,0,0
B10_D1,957,0,273,0,0
G1_D1,84,0,91,0,0
B6_D1,23,0,69,0,0
G1_D1,44,0,153,0,0
B6_D1,857,0,140,0,0
B10_D1,27,0,130,0,0
B2_D1,834,0,14,0,0
B6_D1,534,0,39,0,0
G1_D1,149,0,3,0,0
B6_D1,261,0,21,0,0
G1_D1,793,0,202,0,0
B10_D1,136,0,458,0,0
B6_D1,245,0,295,0,0
B6_D1,687,0,47,0,0
B4_D1,301,0,39,0,0
B8_D1,215,0,64,0,0
B8_D1,611,0,223,0,0
G1_D1,976,0,53,0,0
B2_D1,259,0,55,0,0
B6_D1,892,0,146,0,0
G1_D1,1021,0,166,0,0
B6_D1,366,0,31,0,0
B4_D1,137,0,129,0,0
B10_D1,11,0,75,0,0
B2_D1,649,0,440,0,0
G1_D1,153,0,117,0,0
B6_D1,845,0,141,0,0
B6_D1,867,0,42,0,0
B10_D1,213,0,55,0,0
B10_D1,26,0,9,0,0
B10_D1,290,0,336,0,0
B6_D1,653,0,183,0,0
B4_D1,7,0,313,0,0
B6_D1,832,0,158,0,0
B10_D1,125,0,59,0,0
B6_D1,387,0,148,0,0
G1_D1,872,0,511,0,0
G1_D1,1022,0,136,0,0
B4_D1,4,0,86,0,0
B10_D1,530,0,203,0,0
G1_D1,735,0,469,0,0
B6_D1,251,0,360,0,0
B10_D1,743,0,1,0,0
B10_D1,465,0,92,0,0
B4_D1,346,0,221,0,0
B10_D1,224,0,157,0,0
B4_D1,687,0,74,0,0
G1_D1,196,0,407,0,0
B10_D1,98,0,52,0,0
B6_D1,587,0,283,0,0
B10_D1,335,0,17,0,0
B6_D1,183,0,434,0,0
B10_D1,793,0,67,0,0
B6_D1,216,0,385,0,0
B6_D1,851,0,26,0,0
B10_D1,5,0,381,0,0
G1_D1,156,0,1,0,0
B4_D1,741,0,88,0,0
B10_D1,881,0,401,0,0
B2_D1,262,0,198,0,0
B6_D1,19,0,326,0,0
B10_D1,44,0,129,0,0
B6_D1,308,0,13,0,0
B6_D1,593,0,8,0,0
B4_D1,1020,0,306,0,0
B6_D1,942,0,37,0,0
B10_D1,67,0,134,0,0
B10_D1,325,0,213,0,0
B10_D1,910,0,19,0,0
G1_D1,376,0,367,0,0
G1_D1,14,0,308,0,0
B10_D1,28,0,160,0,0
G1_D1,18,0,307,0,0
G1_D1,469,0,82,0,0
B2_D1,841,0,124,0,0
B10_D1,189,0,27,0,0
G1_D1,722,0,36,0,0
B10_D1,475,0,468,0,0
B6_D1,323,0,165,0,0
B10_D1,595,0,310,0,0
B2_D1,848,0,32,0,0
B6_D1,897,0,158,0,0
B2_D1,168,0,132,0,0
G1_D1,485,0,63,0,0
B10_D1,378,0,153,0,0
B6_D1,474,0,174,0,0
G1_D1,404,0,11,0,0
B6_D1,962,0,12,0,0
B6_D1,196,0,116,0,0
B10_D1,1022,0,84,0,0
B10_D1,155,0,254,0,0
B6_D1,108,0,508,0,0
B6_D1,310,0,15,0,0
B4_D1,85,0,431,0,0
B6_D1,528,0,382,0,0
G1_D1,789,0,9,0,0
G1_D1,247,0,39,0,0
B2_D1,855,0,253,0,0
B10_D1,730,0,82,0,0
B6_D1,11,0,150,0,0
G1_D1,820,0,299,0,0
B10_D1,306,0,1,0,0
B6_D1,824,0,454,0,0
B6_D1,942,0,61,0,0
G1_D1,885,0,240,0,0
B10_D1,839,0,184,0,0
B10_D1,1,0,81,0,0
B10_D1,701,0,437,0,0
G1_D1,980,0,139,0,0
B10_D1,959,0,266,0,0
B6_D1,220,0,67,0,0
G1_D1,344,0,13,0,0
B10_D1,1003,0,241,0,0
B4_D1,712,0,201,0,0
B4_D1,363,0,201,0,0
B10_D1,129,0,51,0,0
G1_D1,96,0,132,0,0
B4_D1,214,0,67,0,0
G1_D1,734,0,326,0,0
B10_D1,511,0,5,0,0
B10_D1,537,0,204,0,0
G1_D1,209,0,79,0,0
G1_D1,784,0,8,0,0
G1_D1,371,0,274,0,0
G1_D1,395,0,443,0,0
B6_D1,151,0,46,0,0
B8_D1,283,0,322,0,0
B10_D1,63,0,132,0,0
B10_D1,265,0,510,0,0
B2_D1,221,0,476,0,0
B6_D1,378,0,166,0,0
G1_D1,1011,0,275,0,0
B6_D1,700,0,20,0,0
B10_D1,347,0,486,0,0
B10_D1,43,0,327,0,0
B6_D1,961,0,80,0,0
B10_D1,618,0,116,0,0
B10_D1,537,0,158,0,0
G1_D1,236,0,1,0,0
B10_D1,685,0,241,0,0
B6_D1,994,0,226,0,0
B2_D1,714,0,67,0,0
B6_D1,809,0,53,0,0
B10_D1,807,0,87,0,0
G1_D1,890,0,54,0,0
B6_D1,173,0,383,0,0
B10_D1,389,0,179,0,0
B4_D1,253,0,288,0,0
B10_D1,65,0,197,0,0
B6_D1,525,0,236,0,0
G1_D1,320,0,40,0,0
B10_D1,7,0,143,0,0
G1_D1,260,0,303,0,0
B8_D1,702,0,250,0,0
B6_D1,134,0,24,0,0
B2_D1,601,0,98,0,0
G1_D1,589,0,221,0,0
B6_D1,91,0,86,0,0
B6_D1,870,0,234,0,0
B10_D1,361,0,313,0,0
B6_D1,528,0,508,0,0
B10_D1,695,0,396,0,0
B2_D1,420,0,127,0,0
B4_D1,473,0,183,0,0
B10_D1,677,0,440,0,0
B2_D1,151,0,282,0,0
B6_D1,103,0,400,0,0
B6_D1,394,0,494,0,0
B6_D1,807,0,305,0,0
B6_D1,57,0,158,0,0
B4_D1,5,0,167,0,0
B10_D1,405,0,409,0,0
B6_D1,211,0,486,0,0
B10_D1,679,0,446,0,0
B10_D1,16,0,81,0,0
B6_D1,267,0,474,0,0
B10_D1,841,0,240,0,0
B6_D1,7,0,128,0,0
G1_D1,1009,0,214,0,0
B6_D1,764,0,163,0,0
B10_D1,282,0,328,0,0
B8_D1,214,0,345,0,0
G1_D1,423,0,230,0,0
B6_D1,931,0,46,0,0
B10_D1,641,0,37,0,0
B6_D1,150,0,370,0,0
G1_D1,205,0,20,0,0
B10_D1,380,0,197,0,0
G1_D1,301,0,42,0,0
G1_D1,90,0,92,0,0
G1_D1,331,0,127,0,0
B6_D1,719,0,153,0,0
B10_D1,141,0,110,0,0
G1_D1,596,0,454,0,9
G1_D1,784,0,111,0,0
B2_D1,901,0,104,0,0
B6_D1,547,0,282,0,0
B2_D1,110,0,316,0,0
B6_D1,219,0,174,0,0
B6_D1,814,0,356,0,0
G1_D1,84,0,6,0,0
G1_D1,1014,0,197,0,0
G1_D1,738,0,265,0,0
G1_D1,757,0,248,0,0
B10_D1,993,0,325,0,0
B10_D1,397,0,338,0,0
G1_D1,799,0,246,0,0
B6_D1,642,0,382,0,0
G1_D1,9,0,117,0,0
B6_D1,645,0,170,0,0
B10_D1,222,0,429,0,0
B10_D1,729,0,44,0,0
B4_D1,603,0,43,0,0
B10_D1,627,0,47,0,0
B10_D1,216,0,321,0,0
B10_D1,990,0,499,0,0
B6_D1,174,0,509,0,0
B6_D1,346,0,478,0,0
G1_D1,750,0,205,0,0
B6_D1,597,0,482,0,0
B6_D1,429,0,460,0,0
B10_D1,807,0,329,0,0
G1_D1,757,0,163,0,0
G1_D1,14,0,35,0,0
G1_D1,52,0,17,0,0
B10_D1,128,0,426,0,0
B10_D1,239,0,291,0,0
B10_D1,604,0,60,0,0
B6_D1,8,0,38,0,0
B4_D1,523,0,183,0,0
B6_D1,606,0,279,0,0
B10_D1,40,0,207,0,0
B6_D1,41,0,134,0,0
B6_D1,128,0,508,0,0
B2_D1,521,0,60,0,0
B6_D1,346,0,339,0,0
B10_D1,655,0,251,0,0
B10_D1,462,0,6,0,0
B6_D1,599,0,330,0,0
B2_D1,421,0,5,0,0
G1_D1,211,0,1,0,0
B6_D1,156,0,407,0,0
B6_D1,783,0,483,0,0
B10_D1,448,0,163,0,0
B8_D1,684,0,309,0,0
B6_D1,23,0,253,0,0
G1_D1,391,0,19,0,0
B4_D1,520,0,279,0,0
B10_D1,809,0,65,0,0
B6_D1,209,0,504,0,0
B10_D1,228,0,360,0,0
B10_D1,953,0,28,0,0
B6_D1,239,0,19,0,0
B10_D1,251,0,237,0,0
B6_D1,135,0,105,0,0
B10_D1,155,0,53,0,0
B10_D1,679,0,415,0,0
G1_D1,903,0,339,0,0
G1_D1,791,0,37,0,0
B10_D1,882,0,362,0,0
G1_D1,185,0,511,0,0
B2_D1,993,0,276,0,0
B10_D1,292,0,249,0,0
B6_D1,33,0,293,0,0
B10_D1,621,0,500,0,0
G1_D1,860,0,213,0,0
G1_D1,529,0,7,0,0
G1_D1,69,0,13,0,0
B6_D1,822,0,333,0,0
G1_D1,990,0,123,0,0
G1_D1,137,0,105,0,0
B10_D1,516,0,253,0,0
G1_D1,684,0,17,0,0
B6_D1,156,0,320,0,0
B4_D1,135,0,213,0,0
B10_D1,498,0,64,0,0
B2_D1,697,0,65,0,0
B6_D1,456,0,36,0,0
G1_D1,831,0,510,0,0
B10_D1,271,0,256,0,0
B6_D1,298,0,498,0,0
B6_D1,74,0,206,0,0
G1_D1,311,0,155,0,0
B10_D1,422,0,6,0,0
B10_D1,794,0,4,0,0
B10_D1,231,0,342,0,0
B6_D1,425,0,392,0,0
B6_D1,812,0,27,0,0
B2_D1,979,0,73,0,0
B8_D1,198,0,48,0,0
B6_D1,106,0,11,0,0
B6_D1,530,0,10,0,0
B8_D1,755,0,244,0,0
B10_D1,914,0,113,0,0
B6_D1,449,0,328,0,0
B10_D1,646,0,373,0,0
B4_D1,28,0,263,0,0
B6_D1,600,0,345,0,0
B10_D1,944,0,283,0,0
B6_D1,734,0,34,0,0
B10_D1,551,0,231,0,0
B10_D1,612,0,52,0,0
B10_D1,398,0,87,0,0
B6_D1,704,0,14,0,0
B2_D1,908,0,412,0,0
G1_D1,981,0,84,0,0
B4_D1,939,0,48,0,0
B6_D1,283,0,187,0,0
B6_D1,314,0,324,0,0
B10_D1,188,0,130,0,0
G1_D1,28,0,197,0,0
B10_D1,135,0,214,0,0
G1_D1,43,0,179,0,0
B10_D1,653,0,174,0,0
G1_D1,1018,0,473,0,0
B6_D1,607,0,282,0,0
B10_D1,171,0,505,0,0
B10_D1,952,0,466,0,0
B10_D1,159,0,125,0,0
B6_D1,887,0,116,0,0
B6_D1,168,0,233,0,0
B10_D1,737,0,261,0,0
G1_D1,31,0,404,0,0
B2_D1,856,0,120,0,0
B6_D1,81,0,300,0,0
B6_D1,519,0,365,0,6
B6_D1,380,0,477,0,0
B6_D1,268,0,458,0,3
B4_D1,780,0,83,0,0
B10_D1,346,0,311,0,0
B6_D1,544,0,438,0,-1
B10_D1,655,0,82,0,0
B10_D1,109,0,330,0,0
B2_D1,961,0,138,0,0
B10_D1,378,0,30,0,0
B6_D1,808,0,498,0,0
B6_D1,219,0,371,0,0
B6_D1,971,0,394,0,0
B6_D1,814,0,397,0,0
B4_D1,356,0,195,0,0
B10_D1,773,0,101,0,0
B6_D1,945,0,401,0,0
B10_D1,190,0,173,0,0
B10_D1,35,0,80,0,0
B10_D1,548,0,230,0,0
B8_D1,674,0,307,0,0
B10_D1,61,0,314,0,0
B2_D1,334,0,491,0,0
B10_D1,191,0,221,0,0
B6_D1,956,0,16,0,0
B10_D1,561,0,258,0,0
B10_D1,717,0,423,0,0
B6_D1,859,0,113,0,0
B6_D1,960,0,197,0,-1
G1_D1,758,0,209,0,0
B10_D1,756,0,269,0,0
B6_D1,551,0,36,0,0
B6_D1,1018,0,314,0,0
B10_D1,391,0,64,0,0
B2_D1,889,0,93,0,0
B8_D1,1022,0,467,0,0
B10_D1,910,0,78,0,0
B10_D1,514,0,305,0,0
B4_D1,2,0,205,0,0
G1_D1,64,0,6,0,0
B6_D1,700,0,25,0,0
G1_D1,686,0,45,0,0
G1_D1,710,0,510,0,0
B10_D1,857,0,256,0,0
B10_D1,685,0,299,0,0
B2_D1,772,0,75,0,0
B2_D1,598,0,480,0,0
B6_D1,27,0,137,0,0
B2_D1,292,0,499,0,0
G1_D1,1019,0,197,0,0
G1_D1,942,0,261,0,0
B6_D1,280,0,30,0,0
B10_D1,590,0,316,0,0
B10_D1,286,0,147,0,0
B6_D1,569,0,64,0,0
B4_D1,228,0,134,0,0
B10_D1,176,0,511,0,0
B4_D1,806,0,15,0,0
B6_D1,1,0,126,0,0
B10_D1,969,0,254,0,0
B10_D1,452,0,61,0,0
B6_D1,104,0,369,0,0
B6_D1,758,0,63,0,0
B10_D1,157,0,143,0,0
G1_D1,161,0,21,0,0
B10_D1,952,0,289,0,0
B6_D1,105,0,141,0,0
B8_D1,122,0,212,0,0
B6_D1,202,0,502,0,0
G1_D1,172,0,374,0,0
B10_D1,73,0,101,0,0
G1_D1,709,0,250,0,0
B10_D1,421,0,314,0,0
B10_D1,796,0,6,0,0
B10_D1,386,0,478,0,0
B6_D1,66,0,422,0,0
B10_D1,416,0,118,0,0
G1_D1,896,0,489,0,0
B6_D1,283,0,159,0,0
B10_D1,73,0,32,0,0
B2_D1,271,0,510,0,0
G1_D1,252,0,245,0,0
B10_D1,910,0,260,0,0
B6_D1,963,0,445,0,-1
B6_D1,838,0,488,0,0
B2_D1,256,0,45,0,0
B10_D1,13,0,509,0,0
B6_D1,50,0,490,0,0
B4_D1,509,0,281,0,0
B6_D1,963,0,493,0,0
B10_D1,863,0,235,0,0
G1_D1,1011,0,205,0,0
B6_D1,723,0,43,0,0
B10_D1,366,0,258,0,0
G1_D1,864,0,7,0,0
B6_D1,231,0,306,0,0
B10_D1,743,0,465,0,0
B10_D1,446,0,3,0,0
B10_D1,670,0,239,0,0
B10_D1,230,0,307,0,0
B10_D1,948,0,72,0,0
B10_D1,304,0,126,0,0
B6_D1,286,0,26,0,0
G1_D1,622,0,30,0,0
G1_D1,18,0,355,0,0
B10_D1,871,0,218,0,0
B10_D1,763,0,292,0,0
B10_D1,571,0,266,0,0
G1_D1,987,0,153,0,0
B6_D1,871,0,48,0,0
B10_D1,97,0,160,0,0
B10_D1,73,0,125,0,0
B6_D1,1012,0,365,0,-1
B10_D1,845,0,43,0,0
G1_D1,64,0,328,0,0
G1_D1,283,0,181,0,0
B10_D1,569,0,408,0,0
G1_D1,326,0,60,0,0
B6_D1,542,0,334,0,0
G1_D1,978,0,48,0,0
B10_D1,371,0,188,0,0
B10_D1,101,0,3,0,0
B10_D1,174,0,272,0,0
B10_D1,812,0,381,0,0
G1_D1,483,0,40,0,0
B2_D1,321,0,292,0,0
B10_D1,373,0,189,0,0
G1_D1,243,0,41,0,0
B6_D1,1001,0,119,0,0
G1_D1,516,0,37,0,0
G1_D1,1020,0,340,0,0
B6_D1,952,0,83,0,0
G1_D1,460,0,240,0,0
G1_D1,992,0,31,0,0
B10_D1,303,0,80,0,0
B2_D1,0,0,199,0,0
B6_D1,591,0,11,0,0
B6_D1,0,0,0,0,0
B6_D1,25,0,255,0,0
B10_D1,511,0,164,0,0
B2_D1,188,0,233,0,0
B10_D1,37,0,124,0,0
B2_D1,312,0,42,0,0
B10_D1,740,0,62,0,0
B10_D1,517,0,293,0,0
B6_D1,245,0,464,0,0
B6_D1,1009,0,324,0,0
G1_D1,951,0,274,0,0
B6_D1,815,0,40,0,0
G1_D1,364,0,413,0,0
B10_D1,582,0,414,0,0
B6_D1,709,0,112,0,0
B2_D1,172,0,0,0,0
B10_D1,332,0,415,0,0
G1_D1,918,0,48,0,0
B6_D1,295,0,485,0,0
B6_D1,207,0,492,0,0
B6_D1,844,0,149,0,0
B10_D1,273,0,34,0,0
B8_D1,217,0,341,0,0
B10_D1,683,0,485,0,0
G1_D1,43,0,53,0,0
B10_D1,123,0,4,0,0
G1_D1,155,0,498,0,0
B10_D1,188,0,412,0,0
B6_D1,167,0,27,0,0
B6_D1,582,0,417,0,0
G1_D1,995,0,182,0,0
B6_D1,148,0,483,0,0
B10_D1,566,0,160,0,0
B6_D1,391,0,215,0,0
B6_D1,407,0,277,0,0
B10_D1,7,0,144,0,0
B10_D1,366,0,64,0,0
B10_D1,178,0,75,0,0
B6_D1,809,0,113,0,0
B10_D1,318,0,188,0,0
B6_D1,159,0,504,0,0
B6_D1,715,0,30,0,0
B6_D1,797,0,350,0,0
B10_D1,774,0,296,0,0
B10_D1,179,0,181,0,0
B10_D1,648,0,485,0,0
B10_D1,41,0,287,0,0
B6_D1,59,0,4,0,0
B4_D1,539,0,206,0,0
B6_D1,287,0,113,0,0
B8_D1,896,0,303,0,0
B6_D1,955,0,446,0,-1
B6_D1,755,0,20,0,0
B10_D1,544,0,476,0,0
G1_D1,681,0,1,0,0
B10_D1,733,0,114,0,0
B10_D1,387,0,340,0,0
G1_D1,22,0,296,0,0
B2_D1,152,0,279,0,0
B10_D1,886,0,252,0,0
B6_D1,764,0,417,0,0
B2_D1,854,0,79,0,0
B10_D1,309,0,218,0,0
B6_D1,789,0,196,0,0
B6_D1,23,0,371,0,0
B10_D1,566,0,266,0,0
B2_D1,830,0,26,0,0
B6_D1,410,0,35,0,0
B10_D1,821,0,365,0,0
B4_D1,834,0,48,0,0
B10_D1,443,0,285,0,0
B10_D1,967,0,8,0,0
B10_D1,161,0,47,0,0
B10_D1,344,0,8,0,0
B2_D1,466,0,499,0,0
B10_D1,373,0,24,0,0
B2_D1,361,0,510,0,0
B4_D1,484,0,86,0,0
B10_D1,321,0,252,0,-1
B10_D1,349,0,164,0,0
B10_D1,554,0,260,0,0
G1_D1,994,0,2,0,0
B10_D1,226,0,272,0,0
B4_D1,259,0,331,0,0
G1_D1,772,0,74,0,0
G1_D1,698,0,307,0,0
G1_D1,495,0,128,0,0
B2_D1,755,0,79,0,0
B8_D1,725,0,313,0,0
B6_D1,893,0,493,0,0
G1_D1,908,0,113,0,0
B10_D1,275,0,422,0,0
B2_D1,953,0,28,0,0
B10_D1,330,0,155,0,0
B2_D1,74,0,41,0,0
G1_D1,19,0,23,0,0
B10_D1,350,0,412,0,0
B10_D1,359,0,165,0,0
B10_D1,860,0,198,0,0
B10_D1,381,0,28,0,0
B6_D1,399,0,101,0,0
G1_D1,1015,0,291,0,0
B8_D1,449,0,286,0,0
B10_D1,440,0,23,0,0
G1_D1,907,0,18,0,0
B6_D1,768,0,61,0,0
B10_D1,104,0,330,0,0
B10_D1,440,0,226,0,0
B6_D1,2,0,131,0,0
G1_D1,310,0,287,0,0
B6_D1,546,0,128,0,0
B10_D1,7,0,30,0,0
G1_D1,72,0,25,0,0
B10_D1,237,0,80,0,0
B6_D1,513,0,166,0,0
B6_D1,323,0,374,0,0
B6_D1,801,0,1,0,0
B10_D1,410,0,166,0,0
B6_D1,186,0,325,0,0
B6_D1,294,0,14,0,0
B6_D1,477,0,482,0,0
B2_D1,754,0,467,0,0
B6_D1,25,0,126,0,0
B10_D1,817,0,407,0,0
B10_D1,99,0,464,0,0
G1_D1,8,0,149,0,0
B10_D1,43,0,177,0,0
G1_D1,254,0,76,0,0
B10_D1,307,0,244,0,0
B10_D1,642,0,151,0,0
G1_D1,331,0,406,0,0
B10_D1,416,0,504,0,0
B4_D1,517,0,228,0,0
B6_D1,124,0,424,0,0
G1_D1,760,0,447,0,0
B2_D1,429,0,476,0,0
G1_D1,345,0,24,0,0
G1_D1,979,0,280,0,0
B10_D1,603,0,45,0,0
B6_D1,124,0,139,0,0
B6_D1,266,0,169,0,0
B6_D1,824,0,44,0,0
B10_D1,259,0,38,0,0
B10_D1,78,0,274,0,0
G1_D1,24,0,183,0,0
B4_D1,62,0,91,0,0
G1_D1,860,0,215,0,0
G1_D1,183,0,238,0,0
B6_D1,651,0,501,0,0
B6_D1,192,0,7,0,0
B6_D1,238,0,18,0,0
B10_D1,80,0,134,0,0
G1_D1,114,0,5,0,0
G1_D1,87,0,273,0,0
G1_D1,963,0,207,0,0
B10_D1,110,0,510,0,0
G1_D1,179,0,2,0,0
B2_D1,688,0,86,0,0
B2_D1,154,0,460,0,0
B2_D1,769,0,491,0,0
G1_D1,12,0,148,0,0
B6_D1,371,0,52,0,0
B10_D1,702,0,100,0,0
B10_D1,111,0,265,0,0
G1_D1,146,0,411,0,0
G1_D1,90,0,20,0,0
B6_D1,199,0,44,0,0
B6_D1,285,0,495,0,0
B2_D1,397,0,209,0,0
B10_D1,120,0,154,0,0
B6_D1,551,0,57,0,0
B10_D1,86,0,33,0,0
G1_D1,802,0,271,0,0
B10_D1,261,0,310,0,0
B10_D1,648,0,470,0,0
B10_D1,53,0,4,0,0
B10_D1,55,0,265,0,0
B10_D1,198,0,179,0,0
B10_D1,517,0,299,0,0
G1_D1,552,0,146,0,0
B4_D1,158,0,270,0,0
B6_D1,79,0,319,0,0
G1_D1,1018,0,90,0,0
B10_D1,307,0,415,0,0
B2_D1,757,0,75,0,0
B6_D1,373,0,488,0,0
B6_D1,136,0,265,0,0
B6_D1,72,0,22,0,0
B6_D1,714,0,386,0,0
B10_D1,539,0,267,0,0
B6_D1,210,0,433,0,0
B6_D1,897,0,27,0,0
B6_D1,21,0,375,0,0
B6_D1,927,0,37,0,0
B10_D1,634,0,456,0,0
B10_D1,393,0,494,0,0
G1_D1,1011,0,27,0,0
B6_D1,690,0,372,0,0
G1_D1,340,0,32,0,0
G1_D1,481,0,116,0,0
B6_D1,832,0,260,0,0
B6_D1,860,0,396,0,0
B10_D1,27,0,326,0,0
B6_D1,646,0,220,0,0
B4_D1,653,0,91,0,0
B10_D1,684,0,446,0,0
B6_D1,226,0,326,0,0
B6_D1,298,0,503,0,0
B10_D1,455,0,221,0,0
B10_D1,579,0,80,0,0
G1_D1,356,0,198,0,0
G1_D1,165,0,504,0,0
B6_D1,408,0,493,0,0
B10_D1,358,0,4,0,0
B10_D1,629,0,296,0,0
B10_D1,525,0,216,0,0
B10_D1,725,0,345,0,0
B2_D1,145,0,133,0,0
B10_D1,726,0,163,0,0
B10_D1,489,0,74,0,0
B8_D1,1014,0,4,0,0
G1_D1,559,0,14,0,0
B6_D1,337,0,22,0,0
B6_D1,839,0,509,0,0
G1_D1,997,0,131,0,0
B10_D1,642,0,416,0,0
B8_D1,617,0,301,0,0
G1_D1,227,0,182,0,0
B10_D1,851,0,240,0,0
G1_D1,194,0,69,0,0
B10_D1,688,0,87,0,0
B6_D1,545,0,20,0,0
B10_D1,434,0,509,0,0
B10_D1,264,0,98,0,0
B10_D1,429,0,482,0,0
B6_D1,766,0,346,0,0
G1_D1,17,0,223,0,0
G1_D1,457,0,17,0,0
B10_D1,769,0,476,0,0
B10_D1,109,0,195,0,0
B4_D1,834,0,49,0,0
B6_D1,671,0,491,0,0
B10_D1,888,0,271,0,0
B4_D1,672,0,265,0,0
B4_D1,209,0,50,0,0
B10_D1,760,0,273,0,0
G1_D1,10,0,110,0,0
B10_D1,862,0,13,0,0
B4_D1,396,0,398,0,0
G1_D1,557,0,118,0,0
B8_D1,248,0,186,0,0
B6_D1,82,0,32,0,0
B6_D1,448,0,488,0,0
B2_D1,914,0,511,0,0
B4_D1,619,0,352,0,0
B10_D1,172,0,46,0,0
B6_D1,768,0,153,0,0
B6_D1,770,0,104,0,0
B10_D1,495,0,336,0,0
B4_D1,10,0,49,0,0
G1_D1,1005,0,194,0,0
G1_D1,289,0,3,0,0
B8_D1,20,0,318,0,0
G1_D1,42,0,123,0,0
B2_D1,249,0,487,0,0
G1_D1,40,0,218,0,0
B10_D1,509,0,331,0,0
B6_D1,234,0,109,0,0
B10_D1,498,0,23,0,0
B6_D1,670,0,127,0,0
B6_D1,509,0,19,0,0
G1_D1,28,0,246,0,0
G1_D1,187,0,138,0,0
B6_D1,146,0,1,0,0
G1_D1,964,0,10,0,0
B6_D1,956,0,164,0,0
B10_D1,4,0,259,0,0
B10_D1,8,0,149,0,0
B6_D1,273,0,498,0,0
B6_D1,72,0,374,0,0
B6_D1,57,0,497,0,0
B10_D1,371,0,176,0,0
B8_D1,217,0,66,0,0
G1_D1,824,0,5,0,0
B10_D1,439,0,294,0,0
B10_D1,695,0,268,0,0
B4_D1,552,0,74,0,0
B6_D1,28,0,99,0,0
G1_D1,974,0,10,0,0
B6_D1,554,0,9,0,0
B10_D1,396,0,102,0,0
B4_D1,14,0,501,0,0
G1_D1,116,0,67,0,0
G1_D1,749,0,16,0,0
B6_D1,973,0,200,0,0
B6_D1,485,0,500,0,0
B10_D1,352,0,44,0,0
B6_D1,0,0,267,0,0
B6_D1,580,0,228,0,0
B10_D1,8,0,258,0,0
B10_D1,670,0,26,0,0
B10_D1,453,0,194,0,0
G1_D1,8,0,291,0,0
G1_D1,863,0,186,0,0
B10_D1,839,0,283,0,0
B10_D1,45,0,74,0,0
B10_D1,685,0,276,0,0
G1_D1,389,0,208,0,0
B10_D1,652,0,50,0,0
B2_D1,673,0,144,0,0
G1_D1,581,0,138,0,0
G1_D1,318,0,219,0,0
G1_D1,14,0,40,0,0
G1_D1,924,0,220,0,0
B6_D1,407,0,275,0,0
B6_D1,499,0,164,0,0
B10_D1,611,0,193,0,0
G1_D1,168,0,62,0,0
B6_D1,790,0,5,0,0
B2_D1,221,0,72,0,0
G1_D1,388,0,448,0,0
B6_D1,726,0,281,0,0
G1_D1,32,0,509,0,0
B8_D1,575,0,218,0,0
B10_D1,665,0,263,0,0
B6_D1,27,0,475,0,0
B6_D1,900,0,10,0,0
B10_D1,740,0,314,0,0
G1_D1,168,0,67,0,0
B6_D1,402,0,263,0,0
G1_D1,604,0,231,0,0
B6_D1,975,0,170,0,0
B6_D1,971,0,402,0,0
G1_D1,336,0,15,0,0
B2_D1,245,0,67,0,0
B10_D1,713,0,456,0,0
B10_D1,966,0,0,0,0
B6_D1,604,0,14,0,0
B6_D1,1000,0,92,0,0
B6_D1,227,0,69,0,0
B4_D1,4,0,388,0,0
B6_D1,621,0,360,0,0
B6_D1,863,0,8,0,0
B10_D1,794,0,27,0,0
B10_D1,667,0,267,0,0
B4_D1,822,0,91,0,0
B10_D1,334,0,169,0,0
B10_D1,885,0,214,0,0
B6_D1,7,0,52,0,0
B6_D1,863,0,438,0,0
G1_D1,162,0,160,0,0
B2_D1,489,0,109,0,0
B6_D1,259,0,109,0,0
G1_D1,259,0,30,0,0
B10_D1,403,0,414,0,0
B6_D1,322,0,215,0,0
B10_D1,167,0,164,0,0
B6_D1,205,0,510,0,0
B10_D1,174,0,54,0,0
G1_D1,998,0,184,0,0
B6_D1,231,0,16,0,0
B2_D1,722,0,185,0,0
B10_D1,689,0,86,0,0
B6_D1,321,0,380,0,0
G1_D1,761,0,308,0,0
B6_D1,5,0,25,0,0
B10_D1,172,0,187,0,0
B10_D1,274,0,208,0,0
G1_D1,530,0,0,0,0
B6_D1,600,0,35,0,0
G1_D1,584,0,6,0,0
B6_D1,97,0,22,0,0
B6_D1,822,0,331,0,0
B10_D1,643,0,273,0,0
B10_D1,121,0,169,0,0
B6_D1,975,0,45,0,0
B10_D1,31,0,62,0,0
B10_D1,767,0,21,0,0
B2_D1,462,0,489,0,0
G1_D1,50,0,145,0,0
G1_D1,616,0,475,0,0
B10_D1,334,0,10,0,0
B10_D1,901,0,24,0,0
B4_D1,4,0,499,0,0
B6_D1,307,0,178,0,0
B6_D1,187,0,32,0,0
B6_D1,819,0,351,0,0
B10_D1,328,0,154,0,0
B10_D1,739,0,316,0,0
B6_D1,362,0,12,0,0
B4_D1,732,0,32,0,0
B10_D1,952,0,27,0,0
B6_D1,870,0,379,0,0
B4_D1,957,0,126,0,0
G1_D1,207,0,42,0,0
B10_D1,539,0,15,0,0
B6_D1,812,0,118,0,0
B6_D1,872,0,492,0,0
B10_D1,774,0,54,0,0
B10_D1,584,0,320,0,0
B2_D1,752,0,225,0,0
G1_D1,533,0,147,0,0
B6_D1,222,0,275,0,0
B6_D1,540,0,10,0,0
B10_D1,172,0,77,0,0
B10_D1,146,0,202,0,0
B2_D1,235,0,479,0,0
B8_D1,413,0,281,0,0
B2_D1,377,0,47,0,0
B6_D1,328,0,493,0,0
B6_D1,970,0,258,0,0
B10_D1,655,0,81,0,0
B6_D1,367,0,437,0,2
B8_D1,320,0,186,0,0
G1_D1,218,0,493,0,0
B8_D1,92,0,2,0,0
B10_D1,418,0,132,0,0
B6_D1,713,0,43,0,0
G1_D1,77,0,100,0,0
B10_D1,792,0,93,0,0
B4_D1,748,0,74,0,0
B10_D1,801,0,82,0,0
B10_D1,342,0,120,0,0
B6_D1,561,0,308,0,0
B10_D1,568,0,321,0,0
B2_D1,707,0,225,0,0
B6_D1,501,0,284,0,0
B2_D1,691,0,45,0,0
B6_D1,562,0,17,0,0
B6_D1,656,0,506,0,0
B6_D1,353,0,217,0,0
B10_D1,758,0,1,0,0
G1_D1,99,0,16,0,0
B10_D1,493,0,305,0,0
B2_D1,183,0,479,0,0
B6_D1,359,0,504,0,0
G1_D1,172,0,60,0,0
G1_D1,317,0,203,0,0
B6_D1,629,0,289,0,0
B10_D1,324,0,234,0,0
B4_D1,121,0,169,0,0
G1_D1,875,0,80,0,0
B4_D1,249,0,204,0,0
B2_D1,551,0,39,0,0
B10_D1,420,0,166,0,0
B6_D1,616,0,1,0,0
G1_D1,188,0,240,0,0
B6_D1,804,0,499,0,0
B4_D1,3,0,474,0,0
G1_D1,1003,0,45,0,0
B2_D1,1021,0,212,0,0
B6_D1,960,0,53,0,0
B6_D1,182,0,27,0,0
B10_D1,321,0,194,0,0
B10_D1,461,0,216,0,0
B10_D1,304,0,37,0,0
B10_D1,40,0,510,0,0
B10_D1,523,0,13,0,0
G1_D1,17,0,233,0,0
B6_D1,94,0,369,0,0
B6_D1,166,0,46,0,0
B10_D1,256,0,356,0,0
B6_D1,210,0,277,0,0
B10_D1,176,0,226,0,0
B6_D1,270,0,171,0,0
B6_D1,314,0,494,0,0
B6_D1,697,0,262,0,0
B4_D1,383,0,389,0,0
B6_D1,457,0,107,0,0
B10_D1,483,0,82,0,0
G1_D1,819,0,213,0,0
G1_D1,974,0,275,0,0
B10_D1,515,0,7,0,0
G1_D1,975,0,59,0,0
B6_D1,875,0,93,0,0
G1_D1,869,0,3,0,0
B2_D1,524,0,163,0,0
G1_D1,667,0,472,0,0
B10_D1,971,0,509,0,0
B6_D1,366,0,350,0,0
B6_D1,644,0,163,0,0
B6_D1,986,0,36,0,0
B10_D1,60,0,49,0,0
G1_D1,56,0,1,0,0
B6_D1,79,0,24,0,0
B10_D1,696,0,68,0,0
B6_D1,379,0,103,0,0
B6_D1,197,0,7,0,0
B10_D1,535,0,316,0,0
B6_D1,387,0,482,0,0
B6_D1,790,0,67,0,0
B10_D1,538,0,125,0,0
B10_D1,694,0,76,0,0
B6_D1,471,0,11,0,0
B10_D1,780,0,8,0,0
B6_D1,705,0,45,0,0
G1_D1,633,0,237,0,0
B10_D1,583,0,4,0,0
B6_D1,548,0,371,0,0
B4_D1,136,0,86,0,0
B6_D1,1020,0,136,0,0
B6_D1,751,0,320,0,0
G1_D1,804,0,391,0,0
G1_D1,541,0,45,0,0
B6_D1,238,0,488,0,0
B10_D1,644,0,100,0,0
B4_D1,543,0,280,0,0
B6_D1,1005,0,170,0,0
B10_D1,179,0,269,0,0
B10_D1,776,0,108,0,0
G1_D1,506,0,15,0,0
G1_D1,845,0,270,0,0
B10_D1,123,0,159,0,0
B6_D1,6,0,31,0,0
B6_D1,808,0,94,0,0
B10_D1,490,0,37,0,0
B10_D1,8,0,151,0,0
B6_D1,785,0,485,0,0
B6_D1,595,0,264,0,0
B6_D1,9,0,24,0,0
G1_D1,49,0,142,0,0
B10_D1,221,0,250,0,0
B8_D1,650,0,244,0,0
G1_D1,435,0,0,0,0
B10_D1,467,0,407,0,0
B10_D1,405,0,7,0,0
B10_D1,439,0,20,0,0
B6_D1,724,0,466,0,0
B6_D1,310,0,213,0,0
B4_D1,127,0,349,0,0
B6_D1,778,0,337,0,0
B6_D1,384,0,509,0,0
B10_D1,173,0,279,0,0
B4_D1,768,0,93,0,0
B10_D1,426,0,311,0,0
B10_D1,258,0,72,0,0
B6_D1,639,0,304,0,0
G1_D1,595,0,510,0,0
G1_D1,577,0,288,0,0
B6_D1,374,0,458,0,1
B4_D1,758,0,98,0,0
G1_D1,1018,0,242,0,0
B2_D1,71,0,40,0,0
B10_D1,192,0,432,0,0
B6_D1,713,0,28,0,0
B10_D1,238,0,91,0,0
B10_D1,510,0,145,0,0
B6_D1,817,0,62,0,0
G1_D1,118,0,455,0,0
B10_D1,362,0,96,0,0
B10_D1,356,0,504,0,0
B6_D1,709,0,453,0,0
B4_D1,737,0,211,0,0
B6_D1,532,0,131,0,0
B10_D1,555,0,324,0,0
B10_D1,76,0,211,0,0
B6_D1,405,0,89,0,0
B10_D1,766,0,116,0,0
B6_D1,293,0,241,0,0
B2_D1,543,0,66,0,0
B6_D1,191,0,21,0,0
B10_D1,533,0,89,0,0
B10_D1,590,0,281,0,0
B6_D1,773,0,412,0,0
B6_D1,223,0,33,0,0
G1_D1,969,0,42,0,0
G1_D1,582,0,102,0,0
B6_D1,777,0,118,0,0
B6_D1,367,0,412,0,0
B6_D1,311,0,344,0,0
B8_D1,607,0,301,0,0
G1_D1,483,0,347,0,0
G1_D1,464,0,10,0,0
B6_D1,197,0,309,0,0
B4_D1,112,0,300,0,0
B4_D1,77,0,40,0,0
G1_D1,986,0,130,0,0
B6_D1,979,0,39,0,0
G1_D1,604,0,4,0,0
G1_D1,418,0,30,0,0
B6_D1,556,0,360,0,0
B6_D1,199,0,348,0,0
B4_D1,1022,0,203,0,0
B2_D1,67,0,21,0,0
G1_D1,881,0,301,0,0
B6_D1,109,0,83,0,0
B6_D1,884,0,104,0,0
G1_D1,717,0,21,0,0
G1_D1,78,0,44,0,0
G1_D1,318,0,43,0,0
B6_D1,292,0,201,0,0
B10_D1,6,0,200,0,0
B2_D1,366,0,161,0,0
G1_D1,265,0,460,0,3
B6_D1,933,0,481,0,0
G1_D1,943,0,271,0,0
B10_D1,95,0,137,0,0
B6_D1,305,0,490,0,0
B6_D1,176,0,16,0,0
B10_D1,500,0,232,0,0
B10_D1,761,0,116,0,0
B2_D1,480,0,481,0,0
G1_D1,760,0,210,0,0
B6_D1,663,0,185,0,0
B10_D1,918,0,73,0,0
B10_D1,36,0,393,0,0
B6_D1,524,0,317,0,0
B6_D1,351,0,80,0,0
G1_D1,59,0,66,0,0
G1_D1,818,0,243,0,0
B6_D1,4,0,124,0,0
B2_D1,854,0,39,0,0
B6_D1,690,0,500,0,0
B10_D1,860,0,43,0,0
B10_D1,699,0,281,0,0
G1_D1,789,0,4,0,0
G1_D1,384,0,6,0,0
B10_D1,454,0,20,0,0
B8_D1,104,0,139,0,0
G1_D1,583,0,280,0,0
B2_D1,783,0,130,0,0
B10_D1,109,0,492,0,0
B8_D1,27,0,267,0,0
G1_D1,998,0,319,0,0
B6_D1,787,0,2,0,0
B2_D1,702,0,28,0,0
B10_D1,33,0,87,0,0
G1_D1,834,0,10,0,0
B4_D1,901,0,232,0,0
B6_D1,804,0,284,0,0
B10_D1,16,0,169,0,0
G1_D1,1012,0,316,0,0
B10_D1,601,0,222,0,0
B6_D1,174,0,170,0,0
B6_D1,877,0,348,0,0
G1_D1,305,0,278,0,0
B6_D1,955,0,255,0,0
B10_D1,881,0,73,0,0
G1_D1,639,0,12,0,0
B2_D1,548,0,478,0,0
B4_D1,508,0,183,0,0
G1_D1,401,0,371,0,-1
B6_D1,357,0,22,0,0
B6_D1,262,0,55,0,0
B6_D1,756,0,253,0,0
B6_D1,464,0,174,0,0
B10_D1,264,0,41,0,0
B4_D1,62,0,424,0,0
B2_D1,477,0,489,0,0
G1_D1,185,0,233,0,0
B4_D1,363,0,21,0,0
G1_D1,273,0,71,0,0
B2_D1,1,0,221,0,0
B10_D1,304,0,434,0,0
B4_D1,418,0,391,0,0
B10_D1,161,0,217,0,0
G1_D1,276,0,190,0,0
B6_D1,169,0,39,0,0
B6_D1,848,0,438,0,0
B6_D1,996,0,119,0,0
B6_D1,304,0,14,0,0
B6_D1,747,0,17,0,0
B6_D1,935,0,500,0,0
B10_D1,67,0,319,0,0
G1_D1,1001,0,371,0,-1
B4_D1,1023,0,232,0,0
B10_D1,236,0,215,0,0
G1_D1,391,0,1,0,0
B10_D1,1023,0,121,0,0
B6_D1,165,0,495,0,0
B10_D1,804,0,45,0,0
B6_D1,292,0,463,0,3
G1_D1,527,0,262,0,0
B10_D1,150,0,239,0,0
B6_D1,62,0,420,0,0
B6_D1,188,0,237,0,0
B10_D1,587,0,206,0,0
G1_D1,634,0,267,0,0
G1_D1,315,0,194,0,0
B6_D1,495,0,15,0,0
B6_D1,107,0,2,0,0
B4_D1,825,0,83,0,0
B6_D1,811,0,262,0,0
B10_D1,128,0,348,0,0
B6_D1,528,0,8,0,0
B10_D1,471,0,164,0,0
B10_D1,108,0,81,0,0
B4_D1,317,0,299,0,0
B10_D1,935,0,56,0,0
B6_D1,768,0,43,0,0
B10_D1,467,0,244,0,0
B6_D1,979,0,504,0,0
G1_D1,196,0,19,0,0
B6_D1,440,0,477,0,0
B10_D1,7,0,326,0,0
B10_D1,907,0,334,0,0
B10_D1,837,0,421,0,0
B6_D1,641,0,496,0,0
B6_D1,212,0,362,0,0
B6_D1,995,0,453,0,-1
B6_D1,452,0,410,0,0
B4_D1,1022,0,147,0,0
B6_D1,314,0,418,0,0
G1_D1,296,0,15,0,0
B6_D1,137,0,479,0,0
B10_D1,738,0,119,0,0
G1_D1,10,0,351,0,0
G1_D1,851,0,31,0,0
B6_D1,961,0,486,0,0
B6_D1,773,0,480,0,0
B8_D1,755,0,313,0,0
G1_D1,983,0,278,0,0
B6_D1,421,0,501,0,0
B10_D1,230,0,145,0,0
B10_D1,775,0,46,0,0
B6_D1,386,0,511,0,0
B6_D1,1014,0,256,0,0
B2_D1,877,0,86,0,0
B4_D1,386,0,122,0,0
B6_D1,883,0,33,0,0
B6_D1,1004,0,214,0,0
B10_D1,135,0,502,0,0
B10_D1,438,0,483,0,0
G1_D1,648,0,307,0,0
G1_D1,245,0,24,0,0
B4_D1,93,0,303,0,0
B6_D1,314,0,466,0,3
B10_D1,953,0,45,0,0
B4_D1,211,0,209,0,0
B6_D1,341,0,1,0,0
G1_D1,731,0,99,0,0
B6_D1,45,0,71,0,0
B8_D1,721,0,311,0,0
G1_D1,882,0,48,0,0
B10_D1,575,0,156,0,0
B10_D1,909,0,2,0,0
B6_D1,720,0,436,0,0
G1_D1,976,0,265,0,0
B6_D1,765,0,225,0,0
B10_D1,519,0,80,0,0
B10_D1,38,0,205,0,0
B6_D1,854,0,192,0,0
B10_D1,266,0,511,0,0
B10_D1,757,0,43,0,0
B10_D1,354,0,168,0,0
G1_D1,931,0,26,0,0
B10_D1,621,0,29,0,0
B10_D1,364,0,67,0,0
B10_D1,437,0,10,0,0
B6_D1,625,0,45,0,0
B4_D1,641,0,115,0,0
G1_D1,790,0,88,0,0
B6_D1,602,0,342,0,0
B6_D1,122,0,2,0,0
B10_D1,987,0,266,0,0
B10_D1,716,0,401,0,0
B10_D1,602,0,2,0,0
B10_D1,533,0,308,0,0
B10_D1,462,0,205,0,0
B6_D1,751,0,254,0,0
G1_D1,906,0,236,0,0
B6_D1,112,0,421,0,0
G1_D1,572,0,137,0,0
B4_D1,841,0,107,0,0
B10_D1,384,0,24,0,0
B10_D1,635,0,210,0,0
B10_D1,672,0,419,0,0
G1_D1,217,0,32,0,0
B6_D1,647,0,222,0,0
G1_D1,31,0,158,0,0
B4_D1,248,0,339,0,0
B4_D1,347,0,26,0,0
B6_D1,294,0,138,0,0
B6_D1,649,0,304,0,0
B6_D1,902,0,116,0,0
B10_D1,595,0,332,0,0
G1_D1,552,0,511,0,0
G1_D1,113,0,136,0,0
B10_D1,392,0,263,0,0
B6_D1,314,0,14,0,0
B10_D1,594,0,297,0,0
B10_D1,284,0,306,0,0
B6_D1,66,0,413,0,0
B10_D1,176,0,450,0,0
B10_D1,318,0,214,0,0
B10_D1,851,0,343,0,0
G1_D1,584,0,155,0,0
B6_D1,686,0,506,0,0
B6_D1,493,0,493,0,0
B6_D1,781,0,6,0,0
B6_D1,901,0,477,0,0
B2_D1,300,0,181,0,0
G1_D1,914,0,17,0,0
B6_D1,428,0,348,0,0
G1_D1,1013,0,279,0,0
B6_D1,475,0,45,0,0
B6_D1,1002,0,333,0,0
G1_D1,670,0,510,0,0
B10_D1,196,0,35,0,0
B6_D1,135,0,10,0,0
B4_D1,732,0,69,0,0
B10_D1,246,0,345,0,0
B10_D1,1010,0,475,0,0
G1_D1,739,0,12,0,0
B6_D1,730,0,490,0,0
B6_D1,335,0,170,0,0
B10_D1,242,0,177,0,0
B6_D1,319,0,50,0,0
B4_D1,174,0,285,0,0
B6_D1,847,0,497,0,0
G1_D1,40,0,31,0,0
B10_D1,263,0,72,0,0
B6_D1,736,0,437,0,0
B6_D1,316,0,501,0,0
B10_D1,501,0,9,0,0
G1_D1,985,0,293,0,0
G1_D1,566,0,121,0,0
G1_D1,132,0,17,0,0
B4_D1,3,0,274,0,0
B2_D1,616,0,464,0,0
B6_D1,190,0,106,0,0
B10_D1,955,0,511,0,0
G1_D1,471,0,21,0,0
G1_D1,396,0,135,0,0
B4_D1,48,0,293,0,0
B6_D1,973,0,18,0,0
B6_D1,270,0,500,0,0
B10_D1,857,0,371,0,0
B10_D1,349,0,224,0,0
B10_D1,386,0,12,0,0
G1_D1,149,0,13,0,0
B10_D1,511,0,296,0,0
B10_D1,221,0,64,0,0
B10_D1,354,0,104,0,0
G1_D1,1011,0,166,0,0
B10_D1,600,0,316,0,0
B6_D1,722,0,159,0,0
B6_D1,922,0,403,0,0
B2_D1,619,0,112,0,0
B6_D1,612,0,342,0,0
B10_D1,978,0,2,0,0
B2_D1,829,0,10,0,0
B6_D1,149,0,388,0,0
B10_D1,917,0,79,0,0
B6_D1,20,0,424,0,-1
B10_D1,12,0,124,0,0
B10_D1,48,0,145,0,0
B6_D1,450,0,458,0,0
B10_D1,480,0,337,0,0
B6_D1,700,0,500,0,0
B10_D1,423,0,285,0,0
B2_D1,695,0,14,0,0
B2_D1,491,0,287,0,0
G1_D1,1022,0,478,0,0
G1_D1,939,0,3,0,0
B2_D1,130,0,436,0,0
B4_D1,489,0,228,0,0
B4_D1,795,0,44,0,0
B6_D1,764,0,14,0,0
G1_D1,9,0,120,0,0
B10_D1,719,0,102,0,0
B6_D1,950,0,184,0,-1
B10_D1,5,0,80,0,0
B6_D1,378,0,432,0,-1
B6_D1,837,0,87,0,0
G1_D1,612,0,66,0,0
B8_D1,7,0,277,0,0
B2_D1,854,0,511,0,0
B8_D1,963,0,303,0,0
B10_D1,15,0,389,0,0
B10_D1,19,0,264,0,0
G1_D1,1001,0,229,0,0
B6_D1,453,0,69,0,0
B10_D1,814,0,245,0,0
B6_D1,212,0,275,0,0
G1_D1,755,0,270,0,0
B10_D1,624,0,313,0,0
G1_D1,209,0,14,0,0
G1_D1,899,0,329,0,0
B10_D1,67,0,144,0,0
B2_D1,800,0,48,0,0
B6_D1,689,0,162,0,0
B10_D1,370,0,110,0,0
B6_D1,271,0,41,0,0
B6_D1,693,0,481,0,0
B4_D1,964,0,217,0,0
G1_D1,683,0,83,0,0
B10_D1,810,0,314,0,0
B8_D1,978,0,241,0,0
B10_D1,86,0,206,0,0
B10_D1,14,0,259,0,0
G1_D1,789,0,217,0,0
B10_D1,581,0,149,0,0
G1_D1,21,0,191,0,0
B10_D1,681,0,21,0,0
B10_D1,980,0,208,0,0
B6_D1,115,0,485,0,0
B6_D1,494,0,450,0,-1
B10_D1,414,0,269,0,0
B6_D1,257,0,32,0,0
B6_D1,170,0,485,0,0
B10_D1,335,0,255,0,0
B8_D1,482,0,201,0,-1
B6_D1,973,0,422,0,0
B10_D1,146,0,243,0,0
B6_D1,52,0,102,0,0
B6_D1,684,0,4,0,0
B10_D1,683,0,325,0,0
B6_D1,780,0,293,0,0
G1_D1,230,0,459,0,0
G1_D1,149,0,184,0,0
G1_D1,1016,0,166,0,0
G1_D1,996,0,113,0,0
B10_D1,286,0,265,0,0
B10_D1,872,0,403,0,0
B6_D1,733,0,348,0,0
B10_D1,411,0,504,0,0
B10_D1,465,0,460,0,0
B6_D1,616,0,506,0,0
B4_D1,909,0,67,0,0
B6_D1,14,0,352,0,0
G1_D1,83,0,356,0,0
B10_D1,130,0,274,0,0
B10_D1,461,0,511,0,0
B10_D1,115,0,499,0,0
B10_D1,573,0,74,0,0
G1_D1,1002,0,64,0,0
B10_D1,107,0,129,0,0
B2_D1,174,0,305,0,0
B6_D1,103,0,391,0,0
B6_D1,580,0,505,0,0
B6_D1,944,0,116,0,0
B6_D1,552,0,381,0,0
B10_D1,143,0,355,0,0
B6_D1,581,0,511,0,0
B2_D1,1023,0,238,0,0
G1_D1,318,0,75,0,0
B10_D1,989,0,102,0,0
B10_D1,625,0,291,0,0
G1_D1,766,0,111,0,0
G1_D1,42,0,69,0,0
G1_D1,536,0,63,0,0
B10_D1,535,0,21,0,0
B10_D1,56,0,5,0,0
G1_D1,835,0,265,0,0
B6_D1,896,0,443,0,0
B10_D1,637,0,172,0,0
B2_D1,151,0,277,0,0
B6_D1,647,0,53,0,0
B6_D1,309,0,9,0,0
B10_D1,1022,0,511,0,0
B6_D1,746,0,428,0,0
B6_D1,445,0,490,0,0
B10_D1,360,0,99,0,0
B6_D1,786,0,425,0,0
B2_D1,564,0,458,0,0
B8_D1,70,0,329,0,0
B10_D1,627,0,153,0,0
B6_D1,908,0,92,0,0
B4_D1,705,0,194,0,0
B8_D1,992,0,242,0,0
B10_D1,397,0,127,0,0
B10_D1,201,0,511,0,0
G1_D1,982,0,312,0,0
B6_D1,993,0,432,0,0
B6_D1,206,0,363,0,0
B6_D1,23,0,116,0,0
B10_D1,174,0,65,0,0
B6_D1,176,0,235,0,0
B10_D1,153,0,119,0,0
G1_D1,400,0,449,0,0
B10_D1,359,0,19,0,0
B6_D1,621,0,1,0,0
B8_D1,91,0,277,0,0
B6_D1,919,0,460,0,0
B6_D1,406,0,332,0,0
B6_D1,799,0,19,0,0
B6_D1,999,0,9,0,0
B6_D1,869,0,104,0,0
B6_D1,3,0,235,0,0
B6_D1,966,0,501,0,0
B6_D1,535,0,165,0,0
B10_D1,596,0,294,0,0
B2_D1,209,0,209,0,0
B2_D1,624,0,26,0,0
B6_D1,570,0,70,0,0
B6_D1,892,0,223,0,0
B10_D1,132,0,181,0,0
B10_D1,331,0,5,0,0
B4_D1,60,0,120,0,0
B6_D1,88,0,136,0,0
B10_D1,134,0,187,0,0
B10_D1,39,0,135,0,0
B6_D1,21,0,135,0,0
G1_D1,400,0,511,0,0
B6_D1,187,0,119,0,0
G1_D1,694,0,473,0,0
B6_D1,775,0,92,0,0
B4_D1,95,0,294,0,0
B2_D1,215,0,152,0,0
B6_D1,117,0,487,0,0
B6_D1,23,0,498,0,0
B10_D1,317,0,198,0,0
B10_D1,231,0,63,0,0
B6_D1,393,0,28,0,0
B6_D1,808,0,43,0,0
B10_D1,763,0,421,0,0
B10_D1,942,0,22,0,0
B10_D1,461,0,311,0,0
B6_D1,1006,0,114,0,0
B6_D1,277,0,170,0,0
B10_D1,314,0,42,0,0
B10_D1,293,0,411,0,0
G1_D1,463,0,101,0,0
G1_D1,642,0,475,0,0
B4_D1,849,0,237,0,0
B10_D1,512,0,301,0,0
B10_D1,584,0,303,0,0
B8_D1,427,0,283,0,0
B10_D1,3,0,53,0,0
B10_D1,637,0,304,0,0
B4_D1,470,0,133,0,0
G1_D1,977,0,25,0,0
G1_D1,15,0,203,0,0
G1_D1,203,0,126,0,0
B6_D1,365,0,193,0,0
B10_D1,280,0,413,0,0
B6_D1,607,0,482,0,0
B6_D1,509,0,377,0,0
B10_D1,776,0,511,0,0
B10_D1,177,0,2,0,0
B6_D1,462,0,2,0,0
B2_D1,191,0,54,0,0
B10_D1,481,0,238,0,0
B4_D1,552,0,297,0,0
B6_D1,589,0,180,0,0
B10_D1,605,0,92,0,0
B6_D1,271,0,133,0,0
B10_D1,158,0,35,0,0
G1_D1,557,0,119,0,0
B6_D1,790,0,112,0,0
B4_D1,153,0,18,0,0
B10_D1,1021,0,98,0,0
B6_D1,5,0,386,0,0
B4_D1,163,0,141,0,0
B10_D1,373,0,483,0,0
G1_D1,63,0,450,0,0
B2_D1,691,0,284,0,0
B10_D1,793,0,95,0,0
B6_D1,234,0,76,0,0
B10_D1,48,0,136,0,0
G1_D1,8,0,279,0,0
B6_D1,28,0,129,0,0
B10_D1,705,0,441,0,0
B10_D1,890,0,20,0,0
G1_D1,138,0,111,0,0
B6_D1,957,0,247,0,0
G1_D1,10,0,332,0,0
B6_D1,190,0,485,0,0
B10_D1,636,0,475,0,0
B10_D1,238,0,360,0,0
B4_D1,616,0,216,0,0
B10_D1,978,0,79,0,0
G1_D1,44,0,16,0,0
B10_D1,650,0,278,0,0
B10_D1,631,0,410,0,0
B6_D1,349,0,318,0,0
G1_D1,820,0,226,0,0
B10_D1,544,0,8,0,0
B10_D1,962,0,260,0,0
B6_D1,310,0,20,0,0
G1_D1,191,0,158,0,0
B10_D1,847,0,190,0,0
B8_D1,660,0,229,0,0
G1_D1,641,0,420,0,0
B6_D1,639,0,164,0,0
G1_D1,749,0,41,0,0
G1_D1,630,0,21,0,0
B6_D1,991,0,110,0,0
G1_D1,894,0,8,0,0
B4_D1,560,0,171,0,0
G1_D1,284,0,36,0,0
B2_D1,304,0,56,0,0
G1_D1,634,0,138,0,0
B6_D1,300,0,505,0,0
B10_D1,231,0,283,0,0
B10_D1,659,0,91,0,0
B2_D1,548,0,153,0,0
B2_D1,856,0,372,0,0
B6_D1,16,0,340,0,0
B6_D1,739,0,204,0,0
B6_D1,689,0,112,0,0
B6_D1,703,0,396,0,0
B4_D1,726,0,72,0,0
B6_D1,831,0,125,0,0
B6_D1,659,0,186,0,0
B6_D1,460,0,458,0,0
B6_D1,750,0,313,0,0
G1_D1,43,0,188,0,0
B6_D1,575,0,313,0,0
B2_D1,615,0,466,0,0
G1_D1,678,0,244,0,0
B6_D1,262,0,132,0,0
B6_D1,24,0,75,0,0
B4_D1,698,0,40,0,0
B6_D1,812,0,42,0,0
B6_D1,124,0,263,0,0
B6_D1,692,0,47,0,0
B6_D1,472,0,47,0,0
B6_D1,42,0,193,0,0
G1_D1,295,0,126,0,0
B10_D1,465,0,118,0,0
B10_D1,909,0,4,0,0
B6_D1,819,0,394,0,0
B10_D1,160,0,218,0,0
B6_D1,760,0,296,0,0
B2_D1,421,0,210,0,0
B8_D1,1022,0,80,0,0
B4_D1,661,0,38,0,0
B10_D1,785,0,412,0,0
B10_D1,840,0,64,0,0
B10_D1,560,0,67,0,0
B4_D1,910,0,253,0,0
B6_D1,896,0,31,0,0
B6_D1,765,0,299,0,0
B4_D1,187,0,415,0,0
B10_D1,854,0,210,0,0
B4_D1,934,0,84,0,0
B10_D1,586,0,280,0,0
B6_D1,748,0,373,0,-1
B2_D1,951,0,73,0,0
B10_D1,271,0,181,0,0
G1_D1,689,0,272,0,0
B6_D1,822,0,452,0,0
G1_D1,794,0,390,0,0
B6_D1,921,0,491,0,0
G1_D1,654,0,146,0,0
B4_D1,6,0,468,0,0
B6_D1,952,0,425,0,0
B6_D1,7,0,344,0,0
B10_D1,432,0,236,0,0
B10_D1,588,0,184,0,0
B10_D1,791,0,333,0,0
B6_D1,477,0,283,0,0
B10_D1,534,0,78,0,0
B6_D1,680,0,418,0,0
B6_D1,456,0,486,0,0
G1_D1,993,0,90,0,0
B10_D1,574,0,203,0,0
B6_D1,381,0,367,0,0
B10_D1,815,0,92,0,0
B6_D1,860,0,30,0,0
B6_D1,643,0,387,0,0
B4_D1,618,0,29,0,0
B10_D1,319,0,38,0,0
G1_D1,80,0,500,0,0
B6_D1,27,0,141,0,0
B6_D1,1,0,282,0,0
B6_D1,41,0,64,0,0
B6_D1,824,0,261,0,0
B6_D1,832,0,507,0,0
B2_D1,796,0,0,0,0
G1_D1,566,0,201,0,0
G1_D1,975,0,44,0,0
G1_D1,902,0,254,0,0
G1_D1,65,0,137,0,0
B6_D1,381,0,31,0,0
B4_D1,715,0,197,0,0
B10_D1,878,0,83,0,0
B6_D1,804,0,356,0,0
G1_D1,796,0,213,0,0
B6_D1,611,0,346,0,0
B6_D1,786,0,31,0,0
B2_D1,888,0,389,0,0
G1_D1,210,0,343,0,0
B6_D1,175,0,15,0,0
B4_D1,6,0,306,0,0
B6_D1,723,0,145,0,0
B10_D1,541,0,137,0,0
B6_D1,26,0,254,0,0
G1_D1,34,0,121,0,0
B10_D1,407,0,116,0,0
B4_D1,206,0,241,0,0
B6_D1,990,0,89,0,0
B4_D1,126,0,192,0,0
B6_D1,77,0,22,0,0
B6_D1,63,0,410,0,0
B6_D1,170,0,35,0,0
B10_D1,830,0,180,0,0
B10_D1,163,0,249,0,0
B10_D1,269,0,54,0,0
G1_D1,705,0,258,0,0
B6_D1,705,0,367,0,0
B2_D1,500,0,108,0,0
B4_D1,758,0,90,0,0
G1_D1,914,0,108,0,0
B6_D1,859,0,387,0,0
B8_D1,15,0,261,0,0
G1_D1,404,0,227,0,0
B10_D1,424,0,253,0,0
B10_D1,664,0,443,0,0
G1_D1,222,0,34,0,0
G1_D1,345,0,131,0,0
B6_D1,724,0,341,0,0
B6_D1,453,0,391,0,0
B2_D1,752,0,359,0,0
B6_D1,396,0,486,0,0
B6_D1,415,0,175,0,0
G1_D1,847,0,127,0,0
G1_D1,214,0,232,0,0
B2_D1,602,0,449,0,0
G1_D1,947,0,459,0,0
B10_D1,535,0,23,0,0
B10_D1,682,0,243,0,0
B6_D1,833,0,362,0,0
B10_D1,2,0,124,0,0
B2_D1,605,0,466,0,-1
B4_D1,679,0,260,0,0
B6_D1,452,0,171,0,0
B6_D1,25,0,182,0,0
B6_D1,53,0,276,0,0
B6_D1,319,0,379,0,0
B6_D1,27,0,376,0,0
B6_D1,286,0,104,0,0
B10_D1,668,0,170,0,0
B10_D1,937,0,352,0,0
G1_D1,1021,0,377,0,-1
B10_D1,235,0,204,0,0
B4_D1,447,0,223,0,0
B6_D1,67,0,124,0,0
G1_D1,990,0,210,0,0
B4_D1,157,0,272,0,0
B6_D1,989,0,328,0,-1
B10_D1,346,0,178,0,0
B6_D1,167,0,127,0,0
B10_D1,958,0,243,0,0
B6_D1,626,0,506,0,0
B10_D1,718,0,417,0,0
G1_D1,1018,0,76,0,0
B10_D1,886,0,257,0,0
G1_D1,762,0,318,0,0
G1_D1,758,0,117,0,0
B10_D1,764,0,86,0,0
B2_D1,801,0,82,0,0
B6_D1,869,0,86,0,0
B6_D1,506,0,1,0,0
B6_D1,163,0,488,0,0
B6_D1,245,0,370,0,0
B6_D1,607,0,331,0,0
G1_D1,629,0,10,0,0
G1_D1,875,0,303,0,0
B6_D1,634,0,163,0,0
B10_D1,220,0,68,0,0
B6_D1,601,0,346,0,0
G1_D1,329,0,479,0,0
B6_D1,284,0,39,0,0
G1_D1,327,0,25,0,0
G1_D1,138,0,289,0,0
B10_D1,774,0,99,0,0
B10_D1,492,0,244,0,0
B6_D1,837,0,17,0,0
B4_D1,207,0,69,0,0
B6_D1,240,0,35,0,0
B4_D1,193,0,26,0,0
B10_D1,26,0,138,0,0
B10_D1,821,0,101,0,0
B10_D1,687,0,267,0,0
G1_D1,809,0,390,0,0
B6_D1,216,0,408,0,0
B8_D1,217,0,342,0,0
B6_D1,52,0,159,0,0
B6_D1,48,0,419,0,0
B6_D1,590,0,319,0,0
B6_D1,216,0,1,0,0
B8_D1,59,0,190,0,0
B10_D1,212,0,118,0,0
G1_D1,56,0,72,0,0
B10_D1,259,0,249,0,0
B6_D1,5,0,385,0,0
B6_D1,230,0,173,0,0
B6_D1,950,0,168,0,0
G1_D1,1016,0,280,0,0
B10_D1,694,0,307,0,0
B2_D1,707,0,497,0,0
B10_D1,23,0,161,0,0
B8_D1,86,0,225,0,-1
B6_D1,421,0,62,0,0
B10_D1,533,0,107,0,0
B6_D1,361,0,262,0,0
B10_D1,324,0,17,0,0
G1_D1,70,0,179,0,0
B6_D1,414,0,446,0,0
B6_D1,558,0,18,0,0
B10_D1,511,0,330,0,0
B10_D1,206,0,246,0,0
B2_D1,495,0,108,0,0
B10_D1,929,0,304,0,0
B4_D1,0,0,449,0,0
B2_D1,139,0,453,0,0
B10_D1,488,0,474,0,0
B6_D1,745,0,313,0,0
B4_D1,824,0,58,0,0
B4_D1,101,0,41,0,0
B10_D1,865,0,41,0,0
B10_D1,806,0,445,0,0
B6_D1,774,0,4,0,0
B2_D1,953,0,42,0,0
G1_D1,46,0,64,0,0
B4_D1,118,0,342,0,0
B4_D1,646,0,237,0,0
B10_D1,606,0,96,0,0
B6_D1,814,0,201,0,0
B2_D1,253,0,47,0,0
B6_D1,979,0,132,0,0
G1_D1,58,0,62,0,0
B10_D1,421,0,118,0,0
B6_D1,876,0,133,0,0
B10_D1,12,0,6,0,0
B10_D1,246,0,209,0,0
B10_D1,489,0,317,0,0
B10_D1,21,0,78,0,0
G1_D1,980,0,216,0,0
B6_D1,726,0,1,0,0
B2_D1,359,0,49,0,0
G1_D1,271,0,23,0,0
G1_D1,85,0,318,0,0
G1_D1,157,0,252,0,0
B6_D1,540,0,30,0,0
B6_D1,736,0,279,0,0
B6_D1,449,0,29,0,0
B4_D1,66,0,19,0,0
B6_D1,566,0,281,0,0
G1_D1,75,0,26,0,0
B10_D1,661,0,131,0,0
B4_D1,721,0,299,0,0
B4_D1,515,0,219,0,0
B10_D1,659,0,301,0,0
B10_D1,428,0,418,0,0
B2_D1,386,0,381,0,0
B4_D1,621,0,231,0,0
B4_D1,231,0,35,0,0
B6_D1,829,0,386,0,0
B6_D1,142,0,487,0,0
B10_D1,343,0,246,0,0
G1_D1,264,0,249,0,0
B6_D1,818,0,498,0,0
G1_D1,396,0,228,0,0
B6_D1,475,0,456,0,-1
B6_D1,236,0,111,0,0
B6_D1,171,0,501,0,0
B4_D1,136,0,184,0,0
B10_D1,209,0,60,0,0
G1_D1,292,0,125,0,0
B10_D1,153,0,317,0,0
G1_D1,269,0,263,0,0
B6_D1,339,0,50,0,0
B6_D1,956,0,128,0,0
B4_D1,845,0,235,0,0
B6_D1,1,0,105,0,0
B6_D1,301,0,428,0,0
B10_D1,872,0,27,0,0
B10_D1,442,0,503,0,0
B6_D1,957,0,22,0,0
B10_D1,473,0,65,0,0
G1_D1,800,0,494,0,0
B10_D1,732,0,274,0,0
B6_D1,464,0,310,0,0
G1_D1,935,0,286,0,0
B6_D1,335,0,40,0,0
B6_D1,619,0,313,0,0
B6_D1,388,0,479,0,0
B4_D1,790,0,21,0,0
B6_D1,968,0,243,0,0
B6_D1,331,0,194,0,0
B4_D1,315,0,132,0,0
B6_D1,231,0,239,0,0
G1_D1,708,0,472,0,0
B10_D1,598,0,78,0,0
B4_D1,680,0,185,0,0
B6_D1,416,0,251,0,0
B2_D1,516,0,38,0,0
B6_D1,62,0,285,0,0
B10_D1,14,0,273,0,0
G1_D1,170,0,238,0,0
B6_D1,356,0,220,0,0
B10_D1,252,0,50,0,0
B10_D1,331,0,240,0,0
B4_D1,367,0,299,0,0
G1_D1,38,0,106,0,0
B6_D1,801,0,357,0,0
B10_D1,558,0,259,0,0
G1_D1,129,0,3,0,0
B6_D1,101,0,194,0,0
G1_D1,760,0,270,0,0
G1_D1,330,0,290,0,0
B2_D1,194,0,472,0,0
B4_D1,749,0,62,0,0
B2_D1,887,0,51,0,0
B6_D1,336,0,491,0,0
B10_D1,280,0,510,0,0
B10_D1,92,0,277,0,0
B10_D1,9,0,205,0,0
B6_D1,703,0,63,0,0
B10_D1,670,0,42,0,0
B4_D1,161,0,198,0,0
B10_D1,387,0,2,0,0
B6_D1,491,0,162,0,0
B10_D1,488,0,129,0,0
B2_D1,344,0,388,0,0
B6_D1,966,0,50,0,0
B10_D1,587,0,504,0,0
G1_D1,579,0,20,0,0
B10_D1,456,0,44,0,0
B6_D1,1011,0,80,0,0
B6_D1,593,0,49,0,0
B6_D1,339,0,458,0,-1
B6_D1,922,0,7,0,0
B6_D1,476,0,486,0,0
B4_D1,64,0,21,0,0
B6_D1,434,0,99,0,0
G1_D1,175,0,176,0,0
B4_D1,466,0,243,0,0
B2_D1,731,0,471,0,0
B6_D1,191,0,235,0,0
B10_D1,226,0,506,0,0
B2_D1,903,0,403,0,0
B4_D1,866,0,233,0,0
G1_D1,793,0,82,0,0
B6_D1,722,0,61,0,0
B10_D1,60,0,7,0,0
B6_D1,144,0,281,0,0
B10_D1,787,0,450,0,0
B8_D1,18,0,319,0,0
B6_D1,749,0,164,0,0
G1_D1,1004,0,235,0,0
B10_D1,505,0,471,0,0
G1_D1,268,0,280,0,0
B6_D1,830,0,274,0,0
G1_D1,508,0,56,0,0
B6_D1,399,0,103,0,0
B6_D1,854,0,191,0,0
G1_D1,25,0,56,0,0
G1_D1,1000,0,165,0,0
B6_D1,784,0,504,0,0
G1_D1,233,0,273,0,0
B10_D1,673,0,250,0,0
B6_D1,746,0,246,0,0
B6_D1,293,0,187,0,0
B6_D1,6,0,248,0,0
G1_D1,689,0,10,0,0
G1_D1,64,0,199,0,0
G1_D1,456,0,140,0,0
G1_D1,879,0,42,0,0
B10_D1,477,0,136,0,0
B10_D1,494,0,302,0,0
G1_D1,863,0,74,0,0
B2_D1,232,0,32,0,0
B10_D1,1022,0,319,0,0
G1_D1,983,0,296,0,0
B6_D1,193,0,155,0,0
B6_D1,936,0,132,0,0
B6_D1,140,0,477,0,0
B6_D1,45,0,431,0,0
B8_D1,431,0,196,0,0
B6_D1,573,0,424,0,0
B6_D1,1001,0,141,0,0
B6_D1,367,0,497,0,0
B6_D1,849,0,192,0,0
B6_D1,636,0,362,0,0
B4_D1,662,0,279,0,0
B10_D1,321,0,59,0,0
B10_D1,326,0,40,0,0
B2_D1,342,0,202,0,0
B2_D1,812,0,225,0,0
B2_D1,759,0,134,0,-1
B6_D1,490,0,310,0,0
B6_D1,614,0,286,0,0
B4_D1,930,0,249,0,0
B6_D1,157,0,343,0,0
B2_D1,746,0,285,0,0
B6_D1,749,0,384,0,-1
G1_D1,872,0,112,0,0
G1_D1,429,0,121,0,0
B6_D1,246,0,465,0,0
B6_D1,556,0,46,0,0
B10_D1,551,0,508,0,0
B10_D1,845,0,319,0,0
G1_D1,867,0,18,0,0
B10_D1,619,0,126,0,0
B6_D1,543,0,172,0,0
G1_D1,694,0,85,0,0
B10_D1,836,0,186,0,0
B10_D1,432,0,111,0,0
B8_D1,675,0,230,0,0
B6_D1,399,0,119,0,0
G1_D1,47,0,37,0,0
B6_D1,676,0,501,0,0
B4_D1,750,0,244,0,0
B6_D1,832,0,363,0,0
G1_D1,609,0,10,0,0
B10_D1,201,0,435,0,0
B10_D1,190,0,252,0,0
G1_D1,364,0,16,0,0
B6_D1,608,0,301,0,0
B6_D1,419,0,29,0,0
B10_D1,112,0,463,0,0
B6_D1,24,0,325,0,0
G1_D1,1021,0,72,0,0
B6_D1,191,0,234,0,0
B6_D1,237,0,497,0,0
B10_D1,282,0,438,0,0
B10_D1,627,0,111,0,0
B10_D1,34,0,79,0,0
B2_D1,961,0,140,0,0
B2_D1,443,0,288,0,0
B4_D1,1022,0,36,0,0
B6_D1,513,0,161,0,0
B4_D1,431,0,407,0,0
G1_D1,221,0,23,0,0
G1_D1,829,0,6,0,0
G1_D1,70,0,45,0,0
B10_D1,725,0,344,0,0
B10_D1,255,0,70,0,0
B6_D1,900,0,172,0,0
B4_D1,909,0,130,0,0
B2_D1,639,0,478,0,0
G1_D1,971,0,1,0,0
B10_D1,244,0,125,0,0
B10_D1,761,0,163,0,0
B10_D1,148,0,306,0,0
B10_D1,2,0,175,0,0
G1_D1,552,0,87,0,0
B6_D1,39,0,256,0,0
B10_D1,690,0,413,0,0
B6_D1,649,0,293,0,0
B6_D1,12,0,354,0,0
B10_D1,673,0,87,0,0
B6_D1,664,0,504,0,0
B2_D1,427,0,160,0,0
B6_D1,254,0,129,0,0
B6_D1,618,0,242,0,0
B6_D1,43,0,51,0,0
B10_D1,585,0,94,0,0
B6_D1,895,0,219,0,0
B10_D1,964,0,217,0,0
B10_D1,251,0,209,0,0
B6_D1,979,0,329,0,-1
B6_D1,392,0,216,0,0
B10_D1,492,0,278,0,0
G1_D1,637,0,51,0,0
B10_D1,572,0,101,0,0
B10_D1,821,0,6,0,0
B2_D1,734,0,77,0,0
B10_D1,568,0,107,0,0
B6_D1,383,0,3,0,0
G1_D1,1002,0,257,0,0
B6_D1,889,0,341,0,0
B10_D1,100,0,310,0,0
B6_D1,596,0,359,0,0
B10_D1,6,0,201,0,0
G1_D1,57,0,339,0,0
B6_D1,681,0,310,0,0
G1_D1,687,0,40,0,0
G1_D1,158,0,322,0,0
B10_D1,458,0,266,0,0
B10_D1,185,0,163,0,0
G1_D1,718,0,41,0,0
G1_D1,490,0,0,0,0
B6_D1,793,0,117,0,0
B10_D1,448,0,201,0,0
B6_D1,791,0,46,0,0
B6_D1,996,0,21,0,0
B2_D1,957,0,39,0,0
G1_D1,209,0,75,0,0
B6_D1,218,0,493,0,0
B6_D1,674,0,364,0,0
B10_D1,57,0,262,0,0
B4_D1,443,0,415,0,0
B4_D1,874,0,265,0,0
B10_D1,429,0,158,0,0
B6_D1,192,0,492,0,0
G1_D1,304,0,5,0,0
B10_D1,373,0,16,0,0
B6_D1,236,0,491,0,0
B10_D1,680,0,392,0,0
B6_D1,975,0,124,0,0
G1_D1,469,0,4,0,0
B8_D1,146,0,3,0,0
B6_D1,429,0,99,0,0
B10_D1,774,0,461,0,0
B10_D1,61,0,169,0,0
B2_D1,882,0,215,0,0
B2_D1,425,0,25,0,0
B6_D1,1001,0,330,0,0
B6_D1,275,0,495,0,0
B4_D1,73,0,323,0,0
B10_D1,1023,0,464,0,0
B4_D1,930,0,264,0,0
B2_D1,683,0,59,0,0
B10_D1,297,0,6,0,0
B6_D1,682,0,332,0,0
B6_D1,799,0,389,0,0
G1_D1,217,0,129,0,0
B6_D1,84,0,370,0,-1
B6_D1,12,0,358,0,0
B4_D1,570,0,285,0,0
B6_D1,203,0,369,0,0
B4_D1,218,0,51,0,0
B6_D1,371,0,334,0,0
B10_D1,947,0,77,0,0
G1_D1,940,0,78,0,0
B4_D1,256,0,294,0,0
B6_D1,726,0,283,0,0
B6_D1,567,0,186,0,0
B2_D1,868,0,210,0,0
B4_D1,343,0,17,0,0
B10_D1,521,0,171,0,0
B10_D1,991,0,490,0,0
B10_D1,462,0,2,0,0
B10_D1,452,0,487,0,0
B10_D1,798,0,176,0,0
B6_D1,833,0,66,0,0
B6_D1,949,0,310,0,0
B10_D1,232,0,429,0,0
B6_D1,822,0,42,0,0
G1_D1,1006,0,195,0,0
B2_D1,847,0,16,0,0
B4_D1,1,0,59,0,0
B6_D1,199,0,407,0,0
B6_D1,912,0,305,0,0
B6_D1,122,0,453,0,0
B2_D1,786,0,64,0,0
B10_D1,882,0,302,0,0
B2_D1,0,0,222,0,0
B10_D1,824,0,56,0,0
B6_D1,458,0,63,0,0
B6_D1,104,0,370,0,0
B6_D1,430,0,40,0,0
B10_D1,572,0,158,0,0
B6_D1,72,0,497,0,0
B10_D1,631,0,5,0,0
B6_D1,546,0,46,0,0
B10_D1,571,0,410,0,0
B6_D1,933,0,315,0,0
B6_D1,174,0,285,0,0
B6_D1,985,0,419,0,0
B6_D1,370,0,40,0,0
B10_D1,400,0,510,0,0
G1_D1,630,0,455,0,0
B4_D1,167,0,54,0,0
B10_D1,174,0,59,0,0
B10_D1,904,0,465,0,0
B10_D1,31,0,88,0,0
B10_D1,617,0,6,0,0
G1_D1,74,0,12,0,0
B6_D1,500,0,25,0,0
B4_D1,926,0,106,0,0
B6_D1,483,0,480,0,0
G1_D1,28,0,90,0,0
B6_D1,382,0,171,0,0
G1_D1,1015,0,119,0,0
G1_D1,984,0,3,0,0
B10_D1,681,0,179,0,0
B6_D1,250,0,183,0,0
B6_D1,288,0,479,0,0
B4_D1,859,0,210,0,0
B10_D1,65,0,263,0,0
B6_D1,845,0,40,0,0
B6_D1,310,0,240,0,0
B6_D1,972,0,222,0,0
B8_D1,198,0,47,0,0
B10_D1,287,0,258,0,0
B10_D1,648,0,417,0,0
B10_D1,825,0,91,0,0
B4_D1,710,0,193,0,0
B6_D1,632,0,507,0,0
B4_D1,214,0,237,0,0
B6_D1,606,0,48,0,0
B10_D1,128,0,285,0,0
G1_D1,20,0,229,0,0
B8_D1,213,0,347,0,0
B10_D1,431,0,511,0,0
B6_D1,756,0,258,0,0
G1_D1,550,0,96,0,0
G1_D1,329,0,28,0,0
G1_D1,730,0,262,0,0
B10_D1,851,0,438,0,0
G1_D1,699,0,5,0,0
B6_D1,354,0,210,0,0
G1_D1,66,0,264,0,0
B10_D1,945,0,362,0,0
B6_D1,822,0,92,0,0
B6_D1,1008,0,447,0,-1
B10_D1,832,0,94,0,0
B6_D1,30,0,505,0,0
B6_D1,92,0,200,0,0
B10_D1,720,0,249,0,0
G1_D1,282,0,487,0,0
B4_D1,112,0,294,0,0
B4_D1,787,0,265,0,0
B10_D1,480,0,37,0,0
B6_D1,314,0,227,0,0
B4_D1,584,0,113,0,0
B6_D1,546,0,16,0,0
B6_D1,354,0,489,0,0
G1_D1,20,0,54,0,0
G1_D1,240,0,287,0,0
B10_D1,370,0,47,0,0
B10_D1,445,0,142,0,0
B6_D1,761,0,506,0,0
B2_D1,885,0,44,0,0
B2_D1,730,0,81,0,0
B10_D1,232,0,310,0,0
B6_D1,830,0,25,0,0
B6_D1,100,0,510,0,0
B10_D1,478,0,33,0,0
B4_D1,0,0,192,0,0
B2_D1,478,0,497,0,0
B10_D1,439,0,499,0,0
B6_D1,1019,0,39,0,0
B6_D1,80,0,495,0,0
B6_D1,699,0,484,0,0
B10_D1,877,0,397,0,0
G1_D1,284,0,16,0,0
G1_D1,185,0,445,0,0
B10_D1,485,0,498,0,0
B6_D1,808,0,287,0,0
B6_D1,20,0,210,0,0
B10_D1,505,0,161,0,0
B6_D1,206,0,290,0,0
G1_D1,886,0,465,0,0
G1_D1,1017,0,415,0,0
B4_D1,147,0,425,0,0
B10_D1,708,0,164,0,0
B6_D1,927,0,487,0,0
B4_D1,759,0,16,0,0
B6_D1,524,0,226,0,0
B10_D1,5,0,254,0,0
G1_D1,54,0,98,0,0
B10_D1,968,0,294,0,0
B6_D1,666,0,6,0,0
B10_D1,626,0,455,0,0
B4_D1,70,0,2,0,0
B10_D1,931,0,325,0,0
B6_D1,991,0,315,0,0
B10_D1,870,0,49,0,0
B10_D1,137,0,445,0,0
B6_D1,17,0,323,0,0
G1_D1,770,0,270,0,0
B6_D1,35,0,5,0,0
B10_D1,602,0,135,0,0
B2_D1,847,0,78,0,0
B6_D1,761,0,78,0,0
G1_D1,384,0,5,0,0
B6_D1,162,0,361,0,0
B6_D1,423,0,455,0,0
B4_D1,843,0,78,0,0
G1_D1,32,0,226,0,0
B6_D1,856,0,501,0,0
B10_D1,771,0,74,0,0
B8_D1,17,0,267,0,0
B4_D1,198,0,46,0,0
B6_D1,646,0,478,0,0
B2_D1,837,0,421,0,0
G1_D1,1005,0,66,0,0
G1_D1,177,0,374,0,0
B6_D1,662,0,32,0,0
B6_D1,39,0,34,0,0
G1_D1,798,0,41,0,0
B6_D1,602,0,117,0,0
B6_D1,823,0,55,0,0
G1_D1,32,0,465,0,0
B10_D1,150,0,167,0,0
G1_D1,629,0,4,0,0
B10_D1,804,0,326,0,0
B10_D1,633,0,467,0,0
B6_D1,660,0,505,0,0
G1_D1,1015,0,66,0,0
B6_D1,339,0,77,0,0
G1_D1,488,0,103,0,0
B2_D1,705,0,52,0,0
B10_D1,708,0,52,0,0
B6_D1,786,0,491,0,0
B6_D1,636,0,217,0,0
B10_D1,818,0,368,0,0
G1_D1,447,0,83,0,0
B4_D1,535,0,181,0,0
B10_D1,405,0,102,0,0
B6_D1,587,0,186,0,0
B10_D1,595,0,344,0,0
B10_D1,726,0,451,0,0
B10_D1,917,0,302,0,0
B10_D1,711,0,36,0,0
G1_D1,672,0,272,0,0
B6_D1,659,0,449,0,0
B10_D1,792,0,510,0,0
B6_D1,265,0,134,0,0
B10_D1,58,0,315,0,0
B4_D1,38,0,18,0,0
B6_D1,701,0,149,0,0
B6_D1,139,0,75,0,0
B10_D1,1020,0,19,0,0
B2_D1,864,0,41,0,0
B10_D1,265,0,251,0,0
B2_D1,777,0,4,0,0
B4_D1,322,0,303,0,0
B10_D1,472,0,28,0,0
B10_D1,820,0,437,0,0
B6_D1,376,0,277,0,0
B2_D1,352,0,160,0,0
G1_D1,488,0,229,0,0
B6_D1,387,0,176,0,0
B10_D1,606,0,322,0,0
G1_D1,26,0,65,0,0
B6_D1,909,0,4,0,0
B6_D1,107,0,422,0,0
B10_D1,273,0,269,0,0
B10_D1,703,0,417,0,0
G1_D1,616,0,45,0,0
B10_D1,16,0,325,0,0
B2_D1,201,0,0,0,0
B6_D1,44,0,199,0,0
B6_D1,997,0,97,0,0
B10_D1,369,0,342,0,0
B6_D1,609,0,181,0,0
B4_D1,170,0,283,0,0
B6_D1,472,0,282,0,0
B10_D1,315,0,215,0,0
B10_D1,704,0,112,0,0
G1_D1,444,0,480,0,0
G1_D1,992,0,186,0,0
B10_D1,18,0,149,0,0
B6_D1,482,0,294,0,0
B6_D1,692,0,7,0,0
B6_D1,230,0,485,0,0
B6_D1,84,0,509,0,0
B10_D1,758,0,467,0,0
B10_D1,171,0,265,0,0
B10_D1,46,0,117,0,0
B10_D1,145,0,7,0,0
B6_D1,393,0,102,0,0
B4_D1,881,0,15,0,0
B6_D1,807,0,203,0,0
G1_D1,914,0,444,0,0
B6_D1,443,0,430,0,0
B6_D1,712,0,361,0,0
B10_D1,158,0,121,0,0
G1_D1,672,0,261,0,0
B10_D1,511,0,81,0,0
B10_D1,239,0,178,0,0
B6_D1,936,0,164,0,-1
B6_D1,263,0,333,0,0
B6_D1,794,0,9,0,0
B10_D1,942,0,27,0,0
B10_D1,160,0,438,0,0
B6_D1,690,0,485,0,0
G1_D1,204,0,16,0,0
G1_D1,10,0,277,0,0
B10_D1,442,0,74,0,0
B6_D1,990,0,490,0,0
B6_D1,139,0,4,0,0
G1_D1,595,0,0,0,0
B10_D1,5,0,98,0,0
B6_D1,796,0,250,0,0
G1_D1,696,0,15,0,0
G1_D1,94,0,2,0,0
B2_D1,457,0,30,0,0
B10_D1,773,0,31,0,0
B10_D1,249,0,425,0,0
G1_D1,929,0,17,0,0
G1_D1,884,0,12,0,0
B10_D1,721,0,335,0,0
B4_D1,886,0,217,0,0
B10_D1,186,0,127,0,0
B6_D1,691,0,1,0,0
B10_D1,295,0,417,0,0
B10_D1,359,0,219,0,0
G1_D1,895,0,135,0,0
B2_D1,431,0,287,0,0
B8_D1,615,0,227,0,0
B6_D1,209,0,410,0,0
G1_D1,836,0,213,0,0
B10_D1,568,0,23,0,0
G1_D1,361,0,1,0,0
B6_D1,798,0,450,0,0
B4_D1,803,0,37,0,0
B10_D1,560,0,298,0,0
B6_D1,214,0,161,0,0
B10_D1,959,0,259,0,0
B6_D1,165,0,40,0,0
B4_D1,307,0,305,0,0
B6_D1,901,0,68,0,0
B10_D1,341,0,163,0,0
B6_D1,898,0,503,0,0
G1_D1,286,0,239,0,0
G1_D1,412,0,89,0,0
B6_D1,429,0,355,0,0
B10_D1,27,0,239,0,0
B6_D1,743,0,481,0,0
B2_D1,484,0,483,0,0
B6_D1,51,0,422,0,0
B10_D1,113,0,91,0,0
G1_D1,976,0,230,0,0
B6_D1,979,0,223,0,0
B6_D1,256,0,158,0,0
G1_D1,637,0,175,0,0
B10_D1,721,0,83,0,0
B10_D1,297,0,405,0,0
B10_D1,974,0,293,0,0
B10_D1,152,0,207,0,0
B6_D1,177,0,37,0,0
B2_D1,471,0,370,0,0
B6_D1,175,0,111,0,0
B10_D1,458,0,267,0,0
B10_D1,550,0,63,0,0
B10_D1,612,0,256,0,0
B6_D1,944,0,14,0,0
B10_D1,651,0,231,0,0
B4_D1,986,0,70,0,0
B6_D1,614,0,267,0,0
B10_D1,785,0,172,0,0
B8_D1,280,0,186,0,0
B4_D1,46,0,295,0,0
B10_D1,463,0,258,0,0
B6_D1,306,0,207,0,0
B10_D1,606,0,85,0,0
G1_D1,781,0,130,0,0
B10_D1,430,0,341,0,0
B6_D1,403,0,102,0,0
B4_D1,535,0,64,0,0
B6_D1,178,0,286,0,0
B6_D1,740,0,10,0,0
B10_D1,3,0,142,0,0
G1_D1,792,0,115,0,0
B4_D1,1021,0,54,0,0
B10_D1,923,0,37,0,0
B10_D1,216,0,221,0,0
G1_D1,4,0,260,0,0
B10_D1,769,0,45,0,0
B6_D1,356,0,31,0,0
B10_D1,109,0,435,0,-1
B8_D1,185,0,344,0,0
B10_D1,832,0,333,0,0
B6_D1,922,0,27,0,0
B10_D1,389,0,386,0,0
B6_D1,528,0,33,0,0
B4_D1,420,0,381,0,0
B10_D1,412,0,496,0,0
B10_D1,503,0,281,0,0
B10_D1,169,0,245,0,0
B6_D1,992,0,480,0,0
G1_D1,853,0,73,0,0
B10_D1,906,0,24,0,0
B10_D1,621,0,1,0,0
B6_D1,200,0,104,0,0
B2_D1,606,0,0,0,0
G1_D1,1012,0,36,0,0
B6_D1,668,0,204,0,0
G1_D1,17,0,91,0,0
B6_D1,4,0,63,0,0
B4_D1,699,0,244,0,0
B10_D1,840,0,39,0,0
B2_D1,918,0,15,0,0
B10_D1,431,0,198,0,0
B6_D1,745,0,490,0,0
B10_D1,671,0,384,0,0
B4_D1,970,0,231,0,0
B10_D1,315,0,69,0,0
G1_D1,447,0,483,0,0
B10_D1,348,0,414,0,0
B10_D1,819,0,60,0,0
B10_D1,231,0,332,0,0
B6_D1,345,0,141,0,0
G1_D1,774,0,488,0,0
B6_D1,695,0,133,0,0
B10_D1,937,0,461,0,0
B10_D1,631,0,49,0,0
B6_D1,181,0,46,0,0
B6_D1,935,0,240,0,0
B2_D1,570,0,473,0,0
B10_D1,335,0,168,0,0
B10_D1,317,0,447,0,-1
B6_D1,352,0,461,0,1
B2_D1,251,0,45,0,0
B10_D1,310,0,7,0,0
B4_D1,122,0,167,0,0
G1_D1,952,0,33,0,0
B6_D1,122,0,193,0,0
B6_D1,940,0,114,0,0
B10_D1,919,0,327,0,0
B2_D1,588,0,223,0,0
B10_D1,60,0,297,0,0
B6_D1,240,0,495,0,0
B6_D1,780,0,195,0,0
B6_D1,145,0,184,0,0
B6_D1,0,0,159,0,0
B6_D1,708,0,480,0,0
B10_D1,597,0,481,0,0
B6_D1,186,0,336,0,0
B10_D1,437,0,293,0,0
B6_D1,972,0,507,0,0
B6_D1,862,0,267,0,0
B6_D1,955,0,174,0,0
B10_D1,243,0,250,0,0
B6_D1,158,0,401,0,0
B10_D1,519,0,475,0,0
B6_D1,541,0,57,0,0
B6_D1,196,0,11,0,0
B10_D1,476,0,275,0,0
B10_D1,731,0,6,0,0
B6_D1,853,0,349,0,0
B10_D1,605,0,130,0,0
B10_D1,369,0,506,0,0
B10_D1,250,0,7,0,0
B6_D1,518,0,488,0,0
B2_D1,311,0,389,0,0
B6_D1,799,0,155,0,0
B10_D1,119,0,8,0,0
B10_D1,473,0,162,0,0
B10_D1,486,0,63,0,0
B10_D1,588,0,221,0,0
B10_D1,701,0,401,0,0
B6_D1,875,0,239,0,0
B10_D1,51,0,167,0,0
G1_D1,224,0,2,0,0
B6_D1,81,0,182,0,0
B4_D1,215,0,354,0,0
B6_D1,165,0,500,0,0
B10_D1,501,0,212,0,0
B4_D1,737,0,257,0,0
B10_D1,398,0,488,0,0
B10_D1,762,0,455,0,0
G1_D1,548,0,95,0,0
G1_D1,315,0,387,0,0
B10_D1,204,0,361,0,0
B4_D1,3,0,140,0,0
B10_D1,524,0,476,0,0
B6_D1,933,0,483,0,0
B6_D1,855,0,448,0,0
B6_D1,773,0,239,0,0
G1_D1,143,0,282,0,0
B10_D1,235,0,427,0,0
B10_D1,460,0,202,0,0
G1_D1,239,0,253,0,0
B10_D1,928,0,64,0,0
B10_D1,172,0,166,0,0
B10_D1,951,0,269,0,0
B10_D1,686,0,179,0,0
G1_D1,144,0,36,0,0
B10_D1,856,0,62,0,0
G1_D1,1023,0,272,0,0
B6_D1,822,0,7,0,0
B2_D1,752,0,52,0,0
B6_D1,790,0,81,0,0
G1_D1,724,0,371,0,0
B6_D1,351,0,218,0,0
B6_D1,533,0,380,0,0
B6_D1,318,0,49,0,0
B4_D1,679,0,197,0,0
B10_D1,356,0,511,0,0
B6_D1,216,0,111,0,0
G1_D1,84,0,12,0,0
B6_D1,712,0,507,0,0
G1_D1,919,0,3,0,0
B2_D1,132,0,124,0,0
B10_D1,788,0,489,0,0
B6_D1,453,0,349,0,0
B10_D1,296,0,255,0,0
B6_D1,179,0,118,0,0
B6_D1,37,0,159,0,0
B10_D1,39,0,73,0,0
B2_D1,226,0,511,0,0
B4_D1,517,0,75,0,0
B2_D1,335,0,291,0,0
B6_D1,564,0,433,0,-1
B6_D1,640,0,35,0,0
B10_D1,979,0,71,0,0
B6_D1,877,0,502,0,0
B10_D1,982,0,61,0,0
B4_D1,284,0,138,0,0
G1_D1,170,0,187,0,0
G1_D1,25,0,211,0,0
B6_D1,740,0,295,0,0
B2_D1,274,0,44,0,0
G1_D1,785,0,220,0,0
G1_D1,883,0,73,0,0
G1_D1,128,0,376,0,0
B6_D1,891,0,443,0,0
G1_D1,664,0,205,0,0
B10_D1,23,0,104,0,0
B10_D1,382,0,119,0,0
G1_D1,247,0,18,0,0
B6_D1,799,0,162,0,0
B6_D1,568,0,388,0,0
B10_D1,20,0,287,0,0
G1_D1,556,0,123,0,0
B10_D1,93,0,479,0,0
G1_D1,40,0,136,0,0
B6_D1,658,0,481,0,0
B2_D1,202,0,482,0,0
B10_D1,577,0,294,0,0
B8_D1,305,0,186,0,0
B10_D1,998,0,213,0,0
B6_D1,983,0,28,0,0
B6_D1,43,0,419,0,0
B6_D1,615,0,25,0,0
G1_D1,53,0,90,0,0
G1_D1,965,0,206,0,0
G1_D1,859,0,312,0,0
B10_D1,15,0,501,0,0
B10_D1,300,0,281,0,0
B6_D1,283,0,420,0,0
B6_D1,781,0,185,0,0
B4_D1,261,0,298,0,0
B6_D1,982,0,405,0,0
B4_D1,3,0,186,0,0
B6_D1,1018,0,38,0,0
B10_D1,588,0,78,0,0
B10_D1,809,0,405,0,0
G1_D1,1020,0,331,0,0
B6_D1,532,0,381,0,0
B6_D1,894,0,418,0,0
B10_D1,683,0,46,0,0
B6_D1,258,0,18,0,0
B10_D1,615,0,188,0,0
B10_D1,492,0,71,0,0
B10_D1,335,0,413,0,0
B6_D1,451,0,263,0,0
B10_D1,717,0,460,0,0
B10_D1,370,0,282,0,0
B6_D1,915,0,510,0,0
B6_D1,33,0,398,0,0
B6_D1,781,0,414,0,0
B10_D1,216,0,23,0,0
B6_D1,165,0,490,0,0
B4_D1,9,0,60,0,0
B4_D1,948,0,104,0,0
G1_D1,914,0,311,0,0
B10_D1,34,0,8,0,0
B4_D1,870,0,67,0,0
B6_D1,754,0,66,0,0
B10_D1,809,0,50,0,0
B10_D1,393,0,122,0,0
B10_D1,809,0,242,0,0
B10_D1,705,0,99,0,0
B2_D1,891,0,167,0,0
B10_D1,509,0,127,0,0
B6_D1,941,0,224,0,0
B10_D1,730,0,345,0,0
B2_D1,797,0,49,0,0
B2_D1,344,0,136,0,0
G1_D1,608,0,317,0,0
G1_D1,934,0,442,0,0
B8_D1,89,0,142,0,0
B10_D1,341,0,182,0,0
B10_D1,163,0,250,0,0
B6_D1,473,0,479,0,0
G1_D1,65,0,30,0,0
B6_D1,265,0,171,0,0
B10_D1,1023,0,6,0,0
B10_D1,614,0,103,0,0
B2_D1,986,0,81,0,0
B10_D1,804,0,372,0,0
B6_D1,638,0,58,0,0
B10_D1,362,0,218,0,0
B6_D1,708,0,43,0,0
G1_D1,700,0,379,0,0
B10_D1,755,0,84,0,0
B6_D1,18,0,391,0,0
B10_D1,889,0,2,0,0
G1_D1,238,0,41,0,0
B6_D1,855,0,485,0,0
B10_D1,35,0,50,0,0
B6_D1,971,0,432,0,0
B6_D1,567,0,330,0,0
B6_D1,155,0,77,0,0
B6_D1,1021,0,221,0,0
B6_D1,50,0,15,0,0
B6_D1,875,0,162,0,0
B2_D1,494,0,468,0,0
B6_D1,313,0,503,0,0
B6_D1,996,0,290,0,0
G1_D1,821,0,240,0,0
B10_D1,901,0,306,0,0
B2_D1,123,0,209,0,0
B8_D1,642,0,304,0,0
B6_D1,574,0,164,0,0
B10_D1,330,0,236,0,0
B6_D1,711,0,387,0,0
B6_D1,907,0,492,0,0
B10_D1,582,0,45,0,0
G1_D1,471,0,510,0,0
G1_D1,16,0,271,0,0
B6_D1,902,0,129,0,0
G1_D1,307,0,241,0,0
B6_D1,27,0,2,0,0
B6_D1,123,0,189,0,0
B4_D1,0,0,82,0,0
B6_D1,245,0,130,0,0
B10_D1,191,0,452,0,0
B2_D1,602,0,113,0,0
B10_D1,477,0,253,0,0
B6_D1,777,0,194,0,0
G1_D1,481,0,84,0,0
B6_D1,19,0,14,0,0
B10_D1,30,0,139,0,0
B10_D1,162,0,176,0,0
B10_D1,771,0,163,0,0
B4_D1,129,0,205,0,0
B6_D1,994,0,4,0,0
B6_D1,65,0,77,0,0
G1_D1,148,0,37,0,0
B6_D1,360,0,383,0,0
B6_D1,389,0,489,0,0
B2_D1,357,0,202,0,0
G1_D1,999,0,105,0,0
B4_D1,785,0,233,0,0
B6_D1,131,0,407,0,0
B2_D1,307,0,121,0,0
B8_D1,169,0,114,0,0
B2_D1,378,0,132,0,0
G1_D1,627,0,201,0,0
B6_D1,310,0,485,0,0
B10_D1,652,0,2,0,0
B6_D1,882,0,94,0,0
G1_D1,890,0,0,0,0
B6_D1,183,0,383,0,0
G1_D1,400,0,97,0,0
G1_D1,676,0,118,0,0
B6_D1,366,0,52,0,0
G1_D1,7,0,257,0,0
G1_D1,132,0,373,0,0
B6_D1,530,0,20,0,0
B10_D1,205,0,508,0,0
B10_D1,670,0,241,0,0
G1_D1,911,0,252,0,0
B6_D1,246,0,11,0,0
B6_D1,671,0,450,0,0
B10_D1,613,0,182,0,0
B6_D1,903,0,33,0,0
G1_D1,9,0,379,0,0
B10_D1,153,0,285,0,0
G1_D1,43,0,198,0,0
G1_D1,825,0,310,0,0
B10_D1,592,0,45,0,0
G1_D1,320,0,207,0,0
B6_D1,1,0,168,0,0
B6_D1,539,0,269,0,0
B10_D1,113,0,334,0,0
B2_D1,697,0,264,0,0
B10_D1,47,0,256,0,0
B4_D1,7,0,61,0,0
B6_D1,326,0,206,0,0
B6_D1,888,0,43,0,0
B10_D1,615,0,412,0,0
B6_D1,122,0,47,0,0
B2_D1,206,0,211,0,0
B10_D1,764,0,255,0,0
B6_D1,588,0,493,0,0
B10_D1,436,0,319,0,0
B6_D1,646,0,377,0,0
G1_D1,708,0,463,0,0
B4_D1,992,0,117,0,0
B2_D1,663,0,88,0,0
B6_D1,628,0,269,0,0
B6_D1,989,0,494,0,0
B6_D1,54,0,264,0,0
G1_D1,825,0,297,0,0
G1_D1,629,0,138,0,0
B4_D1,420,0,393,0,0
B4_D1,616,0,303,0,0
B10_D1,95,0,309,0,0
B4_D1,687,0,29,0,0
B10_D1,237,0,236,0,0
B6_D1,643,0,503,0,0
B6_D1,916,0,430,0,0
G1_D1,770,0,210,0,0
G1_D1,719,0,456,0,0
G1_D1,149,0,5,0,0
B10_D1,318,0,26,0,0
B10_D1,213,0,287,0,0
B6_D1,433,0,461,0,0
B6_D1,242,0,172,0,0
B6_D1,151,0,161,0,0
B2_D1,1023,0,290,0,0
B10_D1,384,0,187,0,0
B6_D1,232,0,42,0,0
G1_D1,928,0,455,0,0
B2_D1,843,0,7,0,0
B6_D1,838,0,157,0,0
B6_D1,975,0,443,0,-1
B6_D1,1005,0,332,0,0
B6_D1,256,0,71,0,0
B10_D1,155,0,269,0,0
G1_D1,34,0,268,0,0
G1_D1,888,0,108,0,0
B10_D1,841,0,138,0,0
B6_D1,695,0,258,0,0
G1_D1,41,0,324,0,0
B10_D1,5,0,317,0,0
B10_D1,142,0,201,0,0
B6_D1,969,0,19,0,0
B10_D1,400,0,130,0,0
B6_D1,560,0,336,0,0
B6_D1,103,0,54,0,0
B10_D1,735,0,340,0,0
G1_D1,706,0,109,0,0
G1_D1,908,0,469,0,0
B6_D1,107,0,482,0,0
B10_D1,792,0,391,0,0
B6_D1,972,0,487,0,0
B10_D1,428,0,219,0,0
G1_D1,221,0,19,0,0
B10_D1,59,0,40,0,0
B6_D1,630,0,420,0,0
B10_D1,250,0,21,0,0
B6_D1,481,0,284,0,0
B6_D1,376,0,68,0,0
G1_D1,373,0,43,0,0
B6_D1,962,0,263,0,0
B8_D1,900,0,238,0,0
B10_D1,555,0,287,0,0
B10_D1,206,0,135,0,0
B10_D1,124,0,50,0,0
B4_D1,750,0,21,0,0
B6_D1,709,0,19,0,0
G1_D1,927,0,118,0,0
B6_D1,155,0,15,0,0
B4_D1,231,0,19,0,0
B10_D1,150,0,274,0,0
B10_D1,790,0,219,0,0
B8_D1,89,0,135,0,0
B10_D1,777,0,162,0,0
B6_D1,283,0,333,0,0
B10_D1,444,0,69,0,0
B6_D1,8,0,498,0,0
B6_D1,135,0,211,0,0
B10_D1,616,0,234,0,0
B10_D1,667,0,139,0,0
G1_D1,151,0,23,0,0
B6_D1,130,0,84,0,0
B6_D1,27,0,421,0,-1
G1_D1,601,0,319,0,0
G1_D1,138,0,455,0,0
B10_D1,33,0,216,0,0
B6_D1,268,0,70,0,0
B6_D1,133,0,318,0,0
B6_D1,405,0,164,0,0
G1_D1,814,0,11,0,0
B10_D1,582,0,486,0,0
B4_D1,253,0,224,0,0
B6_D1,902,0,37,0,0
G1_D1,718,0,44,0,0
B4_D1,446,0,240,0,0
B10_D1,684,0,282,0,0
B10_D1,928,0,290,0,0
B6_D1,817,0,85,0,0
B10_D1,126,0,169,0,0
B4_D1,507,0,238,0,0
B6_D1,151,0,481,0,0
B2_D1,519,0,163,0,0
G1_D1,906,0,61,0,0
B10_D1,467,0,503,0,0
B6_D1,664,0,475,0,0
G1_D1,667,0,195,0,0
B6_D1,108,0,38,0,0
B6_D1,425,0,57,0,0
B6_D1,526,0,286,0,0
B10_D1,408,0,484,0,0
B2_D1,490,0,481,0,0
B10_D1,511,0,0,0,0
B10_D1,686,0,5,0,0
B6_D1,1015,0,167,0,0
B6_D1,578,0,157,0,0
B4_D1,219,0,62,0,0
B6_D1,1022,0,457,0,0
B4_D1,369,0,108,0,0
B10_D1,288,0,327,0,0
B6_D1,776,0,385,0,0
B6_D1,653,0,306,0,0
B6_D1,870,0,219,0,0
B6_D1,421,0,11,0,0
B6_D1,618,0,367,0,0
B2_D1,339,0,136,0,0
G1_D1,95,0,104,0,0
B6_D1,417,0,482,0,0
B10_D1,405,0,131,0,0
G1_D1,796,0,15,0,0
G1_D1,89,0,11,0,0
B4_D1,0,0,136,0,0
B6_D1,806,0,188,0,0
G1_D1,250,0,283,0,0
G1_D1,195,0,51,0,0
B10_D1,663,0,300,0,0
G1_D1,859,0,34,0,0
B10_D1,779,0,410,0,0
B4_D1,622,0,346,0,0
B6_D1,323,0,488,0,0
B6_D1,838,0,301,0,0
B10_D1,567,0,25,0,0
G1_D1,852,0,39,0,0
B6_D1,633,0,479,0,0
B10_D1,404,0,240,0,0
B6_D1,758,0,252,0,0
B6_D1,513,0,49,0,0
B10_D1,791,0,394,0,0
B10_D1,162,0,242,0,0
B6_D1,458,0,18,0,0
G1_D1,702,0,45,0,0
B8_D1,716,0,248,0,0
B6_D1,845,0,266,0,0
G1_D1,542,0,388,0,0
B6_D1,882,0,116,0,0
B10_D1,686,0,117,0,0
B6_D1,379,0,67,0,0
G1_D1,634,0,117,0,0
G1_D1,884,0,236,0,0
B10_D1,656,0,159,0,0
B2_D1,672,0,203,0,0
B6_D1,1006,0,501,0,0
B10_D1,96,0,167,0,0
G1_D1,396,0,1,0,0
B6_D1,978,0,414,0,0
G1_D1,204,0,503,0,0
B10_D1,908,0,82,0,0
B4_D1,715,0,194,0,0
G1_D1,594,0,67,0,0
G1_D1,457,0,81,0,0
B6_D1,775,0,35,0,0
B6_D1,539,0,438,0,-1
B10_D1,482,0,466,0,0
B6_D1,820,0,10,0,0
G1_D1,1004,0,227,0,0
B6_D1,786,0,496,0,0
B10_D1,306,0,97,0,0
B2_D1,563,0,479,0,0
G1_D1,922,0,118,0,0
B6_D1,976,0,496,0,0
G1_D1,244,0,9,0,0
B10_D1,513,0,4,0,0
B2_D1,687,0,112,0,0
B6_D1,813,0,422,0,0
B10_D1,310,0,152,0,0
B10_D1,1021,0,109,0,0
B10_D1,355,0,262,0,0
G1_D1,203,0,80,0,0
B6_D1,467,0,502,0,0
B4_D1,233,0,30,0,0
B10_D1,637,0,257,0,0
G1_D1,11,0,71,0,0
B6_D1,783,0,498,0,0
G1_D1,43,0,165,0,0
G1_D1,531,0,68,0,0
B6_D1,320,0,387,0,0
B6_D1,906,0,103,0,0
B6_D1,962,0,79,0,0
B6_D1,27,0,492,0,0
B6_D1,1002,0,492,0,0
B6_D1,891,0,486,0,0
B10_D1,90,0,402,0,0
G1_D1,894,0,273,0,0
G1_D1,27,0,326,0,0
B10_D1,408,0,257,0,0
B2_D1,543,0,102,0,0
G1_D1,226,0,245,0,0
B6_D1,130,0,367,0,0
G1_D1,206,0,409,0,0
B10_D1,581,0,323,0,0
B10_D1,741,0,318,0,0
B10_D1,8,0,360,0,0
B6_D1,573,0,68,0,0
B6_D1,21,0,317,0,0
B10_D1,735,0,321,0,0
G1_D1,1007,0,31,0,0
B6_D1,948,0,8,0,0
B10_D1,635,0,245,0,0
B10_D1,25,0,294,0,0
G1_D1,779,0,325,0,0
B10_D1,70,0,87,0,0
B6_D1,109,0,251,0,7
G1_D1,465,0,20,0,0
B10_D1,249,0,299,0,0
G1_D1,32,0,26,0,0
B6_D1,634,0,184,0,0
G1_D1,79,0,101,0,0
B6_D1,582,0,487,0,0
B6_D1,194,0,44,0,0
B6_D1,672,0,156,0,0
B4_D1,866,0,108,0,0
B10_D1,413,0,4,0,0
B6_D1,300,0,40,0,0
B10_D1,376,0,188,0,0
B6_D1,568,0,493,0,0
B4_D1,708,0,91,0,0
B10_D1,506,0,53,0,0
B10_D1,275,0,261,0,0
G1_D1,30,0,218,0,0
B6_D1,139,0,39,0,0
G1_D1,878,0,243,0,0
B8_D1,802,0,226,0,0
G1_D1,69,0,441,0,0
B10_D1,774,0,93,0,0
G1_D1,272,0,140,0,0
B6_D1,1005,0,495,0,0
B8_D1,126,0,208,0,0
B6_D1,653,0,479,0,0
B10_D1,26,0,68,0,0
B2_D1,830,0,464,0,-1
B6_D1,836,0,501,0,0
G1_D1,25,0,129,0,0
G1_D1,969,0,60,0,0
B10_D1,589,0,226,0,0
B6_D1,713,0,154,0,0
B6_D1,588,0,326,0,0
B6_D1,639,0,163,0,0
B4_D1,535,0,182,0,0
B6_D1,612,0,390,0,-1
G1_D1,826,0,489,0,0
G1_D1,339,0,5,0,0
B10_D1,163,0,246,0,0
B10_D1,783,0,100,0,0
B10_D1,459,0,115,0,0
B2_D1,312,0,202,0,0
B6_D1,135,0,93,0,0
B8_D1,679,0,309,0,0
B6_D1,230,0,30,0,0
B6_D1,969,0,9,0,0
B6_D1,1008,0,28,0,0
G1_D1,818,0,212,0,0
B10_D1,633,0,142,0,0
G1_D1,85,0,24,0,0
B6_D1,971,0,85,0,0
B6_D1,148,0,503,0,0
B6_D1,340,0,170,0,0
B6_D1,357,0,425,0,0
B10_D1,157,0,84,0,0
B6_D1,769,0,19,0,0
B10_D1,591,0,207,0,0
B4_D1,626,0,345,0,0
B4_D1,188,0,17,0,0
B4_D1,317,0,300,0,0
B10_D1,759,0,456,0,0
G1_D1,967,0,46,0,0
B4_D1,895,0,255,0,0
B6_D1,574,0,263,0,0
B6_D1,627,0,358,0,0
G1_D1,186,0,342,0,0
B10_D1,351,0,311,0,0
B6_D1,734,0,163,0,0
B10_D1,993,0,484,0,0
B6_D1,596,0,16,0,0
B10_D1,927,0,447,0,0
B6_D1,1007,0,227,0,0
B10_D1,440,0,195,0,0
G1_D1,68,0,265,0,0
B6_D1,764,0,55,0,0
G1_D1,173,0,161,0,0
B6_D1,906,0,440,0,0
B6_D1,887,0,305,0,0
B6_D1,1002,0,497,0,0
B6_D1,898,0,483,0,0
B6_D1,239,0,24,0,0
B8_D1,156,0,203,0,0
B6_D1,478,0,73,0,0
B10_D1,646,0,379,0,0
G1_D1,833,0,264,0,0
B2_D1,507,0,486,0,0
G1_D1,34,0,116,0,0
B10_D1,473,0,223,0,0
B10_D1,780,0,249,0,0
G1_D1,726,0,256,0,0
B6_D1,970,0,0,0,0
B2_D1,680,0,96,0,0
B6_D1,83,0,371,0,-1
B6_D1,153,0,268,0,0
B6_D1,350,0,0,0,0
B10_D1,818,0,177,0,0
G1_D1,749,0,8,0,0
B6_D1,291,0,428,0,0
B10_D1,138,0,95,0,0
G1_D1,830,0,254,0,0
B4_D1,621,0,48,0,0
B10_D1,174,0,245,0,0
B8_D1,353,0,190,0,0
B10_D1,451,0,281,0,0
B10_D1,363,0,133,0,0
B10_D1,543,0,162,0,0
B6_D1,732,0,47,0,0
G1_D1,587,0,219,0,0
B6_D1,483,0,43,0,0
B10_D1,651,0,384,0,0
B10_D1,995,0,269,0,0
G1_D1,286,0,259,0,0
B4_D1,167,0,239,0,0
B4_D1,669,0,259,0,0
G1_D1,351,0,274,0,0
G1_D1,702,0,306,0,0
B6_D1,363,0,95,0,0
B10_D1,101,0,139,0,0
B10_D1,533,0,251,0,0
B6_D1,429,0,351,0,0
G1_D1,985,0,0,0,0
B2_D1,249,0,153,0,0
B8_D1,897,0,301,0,0
B10_D1,430,0,69,0,0
G1_D1,678,0,275,0,0
G1_D1,45,0,511,0,0
B6_D1,540,0,239,0,0
G1_D1,75,0,139,0,0
B10_D1,506,0,296,0,0
B6_D1,880,0,156,0,0
B6_D1,254,0,112,0,0
B6_D1,825,0,5,0,0
B10_D1,67,0,11,0,0
B10_D1,172,0,2,0,0
B4_D1,897,0,251,0,0
B10_D1,355,0,20,0,0
B10_D1,276,0,3,0,0
B6_D1,317,0,326,0,0
B10_D1,167,0,61,0,0
G1_D1,194,0,25,0,0
B10_D1,149,0,176,0,0
B10_D1,145,0,437,0,0
B10_D1,608,0,192,0,0
B10_D1,264,0,208,0,0
B6_D1,237,0,165,0,0
B10_D1,806,0,309,0,0
B10_D1,109,0,10,0,0
B2_D1,519,0,124,0,0
B6_D1,109,0,29,0,0
B2_D1,755,0,493,0,0
B6_D1,1014,0,24,0,0
G1_D1,140,0,22,0,0
B6_D1,688,0,411,0,0
B10_D1,736,0,116,0,0
B10_D1,939,0,112,0,0
B6_D1,850,0,396,0,0
B10_D1,633,0,272,0,0
B6_D1,44,0,195,0,0
G1_D1,866,0,115,0,0
B6_D1,322,0,487,0,0
B10_D1,272,0,346,0,0
G1_D1,351,0,225,0,0
B6_D1,465,0,30,0,0
B6_D1,759,0,260,0,0
G1_D1,671,0,153,0,0
B8_D1,68,0,145,0,0
B2_D1,822,0,54,0,0
B2_D1,378,0,19,0,0
B10_D1,841,0,383,0,0
B10_D1,196,0,277,0,0
G1_D1,1008,0,292,0,0
B2_D1,96,0,160,0,0
B6_D1,49,0,424,0,0
B6_D1,542,0,42,0,0
B10_D1,1006,0,476,0,0
B10_D1,539,0,99,0,0
B6_D1,412,0,222,0,0
B10_D1,283,0,239,0,0
B6_D1,246,0,92,0,0
G1_D1,417,0,18,0,0
G1_D1,923,0,274,0,0
B4_D1,456,0,232,0,0
B6_D1,708,0,424,0,0
B2_D1,802,0,58,0,0
B10_D1,12,0,51,0,0
B10_D1,736,0,269,0,0
G1_D1,1011,0,209,0,0
G1_D1,308,0,96,0,0
G1_D1,262,0,309,0,0
B10_D1,485,0,495,0,0
G1_D1,269,0,238,0,0
B4_D1,794,0,13,0,0
B6_D1,249,0,332,0,0
B6_D1,214,0,83,0,0
B6_D1,527,0,2,0,0
B10_D1,295,0,127,0,0
B6_D1,281,0,142,0,0
G1_D1,978,0,511,0,0
B6_D1,457,0,507,0,0
B10_D1,359,0,270,0,0
B6_D1,766,0,260,0,0
G1_D1,824,0,57,0,0
G1_D1,49,0,61,0,0
B10_D1,7,0,204,0,0
B6_D1,310,0,293,0,0
B6_D1,795,0,35,0,0
G1_D1,191,0,15,0,0
B4_D1,487,0,432,0,5
B2_D1,141,0,417,0,0
B4_D1,152,0,272,0,0
B4_D1,27,0,260,0,0
B10_D1,141,0,135,0,0
B4_D1,964,0,220,0,0
B2_D1,738,0,223,0,0
B10_D1,500,0,482,0,0
B6_D1,313,0,43,0,0
B6_D1,245,0,183,0,0
B10_D1,438,0,148,0,0
G1_D1,316,0,76,0,0
B6_D1,891,0,491,0,0
B6_D1,336,0,31,0,0
G1_D1,814,0,16,0,0
B10_D1,424,0,342,0,0
B6_D1,883,0,18,0,0
B10_D1,45,0,44,0,0
B6_D1,445,0,485,0,0
B10_D1,715,0,440,0,0
B6_D1,478,0,488,0,0
B6_D1,1005,0,418,0,0
G1_D1,49,0,6,0,0
G1_D1,451,0,122,0,0
G1_D1,44,0,195,0,0
B10_D1,92,0,477,0,0
B10_D1,62,0,264,0,0
B6_D1,83,0,429,0,0
B10_D1,691,0,289,0,0
B10_D1,429,0,331,0,0
B6_D1,509,0,254,0,0
B10_D1,465,0,110,0,0
B4_D1,993,0,14,0,0
G1_D1,596,0,456,0,9
G1_D1,63,0,38,0,0
B2_D1,930,0,0,0,0
B6_D1,49,0,198,0,0
G1_D1,996,0,248,0,0
G1_D1,738,0,380,0,0
B6_D1,650,0,273,0,0
B2_D1,686,0,284,0,0
G1_D1,21,0,248,0,0
B6_D1,149,0,494,0,0
G1_D1,304,0,160,0,0
G1_D1,488,0,145,0,0
B10_D1,548,0,103,0,0
B10_D1,975,0,507,0,0
B6_D1,834,0,509,0,0
B10_D1,751,0,45,0,0
G1_D1,52,0,37,0,0
G1_D1,787,0,302,0,0
B6_D1,937,0,507,0,0
B6_D1,476,0,392,0,0
B6_D1,1021,0,425,0,0
B2_D1,635,0,161,0,0
B6_D1,251,0,11,0,0
B6_D1,8,0,488,0,0
B4_D1,3,0,43,0,0
G1_D1,186,0,19,0,0
G1_D1,309,0,61,0,0
B6_D1,753,0,468,0,0
G1_D1,59,0,386,0,0
B6_D1,525,0,385,0,0
B6_D1,293,0,13,0,0
B10_D1,2,0,144,0,0
B10_D1,1014,0,30,0,0
B10_D1,487,0,338,0,0
G1_D1,273,0,287,0,0
B6_D1,829,0,101,0,0
B4_D1,351,0,301,0,0
G1_D1,924,0,3,0,0
B6_D1,326,0,169,0,0
G1_D1,741,0,201,0,0
B4_D1,98,0,17,0,0
B6_D1,81,0,36,0,0
B6_D1,546,0,21,0,0
B6_D1,997,0,79,0,0
B4_D1,253,0,335,0,0
B10_D1,82,0,269,0,0
B10_D1,441,0,295,0,0
B6_D1,10,0,210,0,0
B4_D1,266,0,206,0,0
B10_D1,69,0,8,0,0
B10_D1,166,0,280,0,0
B6_D1,810,0,334,0,0
B10_D1,520,0,41,0,0
B10_D1,743,0,159,0,0
B6_D1,682,0,226,0,0
B4_D1,759,0,72,0,0
B10_D1,1,0,77,0,0
G1_D1,745,0,65,0,0
G1_D1,10,0,30,0,0
B6_D1,446,0,68,0,0
B2_D1,1023,0,230,0,0
G1_D1,1022,0,257,0,0
B6_D1,1020,0,25,0,0
B6_D1,764,0,72,0,0
B8_D1,267,0,327,0,0
G1_D1,251,0,44,0,0
B10_D1,599,0,126,0,0
B2_D1,761,0,25,0,0
B10_D1,12,0,15,0,0
B10_D1,836,0,378,0,0
B8_D1,966,0,239,0,0
B4_D1,8,0,369,0,0
B10_D1,73,0,316,0,0
B10_D1,522,0,136,0,0
B10_D1,490,0,488,0,0
B4_D1,867,0,32,0,0
B2_D1,762,0,359,0,0
G1_D1,215,0,22,0,0
G1_D1,404,0,450,0,0
B6_D1,814,0,290,0,0
B4_D1,582,0,378,0,0
B10_D1,328,0,170,0,0
B10_D1,395,0,134,0,0
B6_D1,684,0,181,0,0
G1_D1,692,0,28,0,0
B6_D1,245,0,467,0,0
B6_D1,364,0,50,0,0
G1_D1,170,0,227,0,0
B6_D1,947,0,47,0,0
B6_D1,59,0,326,0,0
B4_D1,620,0,233,0,0
B10_D1,130,0,499,0,0
G1_D1,928,0,27,0,0
B6_D1,292,0,17,0,0
B10_D1,393,0,312,0,4
G1_D1,255,0,0,0,0
B10_D1,495,0,232,0,0
B10_D1,567,0,411,0,0
G1_D1,943,0,291,0,0
B6_D1,212,0,69,0,0
B6_D1,237,0,386,0,0
G1_D1,760,0,477,0,0
G1_D1,683,0,194,0,0
B2_D1,643,0,480,0,0
B6_D1,103,0,389,0,0
G1_D1,1020,0,479,0,0
B2_D1,271,0,295,0,0
B10_D1,755,0,249,0,0
B6_D1,254,0,157,0,0
B4_D1,607,0,300,0,0
G1_D1,629,0,267,0,0
B2_D1,256,0,511,0,0
G1_D1,1023,0,494,0,0
B6_D1,306,0,321,0,0
B10_D1,800,0,91,0,0
G1_D1,667,0,74,0,0
G1_D1,90,0,312,0,0
G1_D1,22,0,299,0,0
B6_D1,359,0,373,0,0
G1_D1,990,0,101,0,0
B6_D1,957,0,253,0,0
B4_D1,1003,0,11,0,0
B10_D1,154,0,214,0,0
G1_D1,684,0,164,0,0
B6_D1,773,0,150,0,0
B10_D1,67,0,2,0,0
B6_D1,297,0,465,0,3
B10_D1,648,0,459,0,0
B2_D1,469,0,483,0,0
B6_D1,15,0,387,0,0
G1_D1,782,0,79,0,0
B6_D1,611,0,1,0,0
B6_D1,58,0,305,0,0
B2_D1,869,0,41,0,0
B6_D1,4,0,84,0,0
B6_D1,78,0,488,0,0
B8_D1,12,0,317,0,0
B10_D1,466,0,80,0,0
G1_D1,847,0,511,0,0
B6_D1,265,0,375,0,0
G1_D1,613,0,235,0,0
B6_D1,124,0,228,0,0
B2_D1,999,0,217,0,0
G1_D1,669,0,19,0,0
G1_D1,952,0,258,0,0
G1_D1,151,0,300,0,0
B6_D1,149,0,254,0,0
B2_D1,476,0,471,0,0
B6_D1,769,0,66,0,0
B6_D1,989,0,4,0,0
B6_D1,370,0,272,0,0
G1_D1,364,0,289,0,0
B2_D1,314,0,201,0,0
B6_D1,258,0,49,0,0
B10_D1,851,0,215,0,0
B10_D1,707,0,73,0,0
B10_D1,399,0,269,0,0
B10_D1,887,0,466,0,0
B8_D1,102,0,102,0,0
B6_D1,624,0,168,0,0
B10_D1,91,0,1,0,0
B8_D1,567,0,292,0,0
B6_D1,108,0,391,0,0
B10_D1,812,0,112,0,0
B6_D1,451,0,506,0,0
B6_D1,809,0,117,0,0
B10_D1,235,0,393,0,0
B10_D1,786,0,258,0,0
B6_D1,166,0,86,0,0
B10_D1,892,0,305,0,0
B10_D1,709,0,256,0,0
G1_D1,22,0,69,0,0
B6_D1,498,0,508,0,0
G1_D1,977,0,104,0,0
B10_D1,842,0,183,0,0
B10_D1,46,0,31,0,0
B2_D1,816,0,279,0,0
B10_D1,309,0,41,0,0
B10_D1,511,0,206,0,0
B6_D1,935,0,295,0,0
B8_D1,606,0,184,0,0
G1_D1,37,0,42,0,0
B10_D1,142,0,333,0,0
B10_D1,221,0,238,0,0
G1_D1,114,0,365,0,0
B10_D1,933,0,258,0,0
B10_D1,862,0,477,0,0
B10_D1,115,0,274,0,0
B6_D1,429,0,123,0,0
G1_D1,993,0,511,0,0
B6_D1,126,0,164,0,0
B10_D1,355,0,510,0,0
B10_D1,732,0,121,0,0
B8_D1,760,0,210,0,0
B6_D1,747,0,312,0,0
B10_D1,296,0,59,0,0
G1_D1,25,0,136,0,0
G1_D1,405,0,131,0,0
G1_D1,590,0,189,0,0
B10_D1,42,0,175,0,0
B6_D1,725,0,510,0,0
B4_D1,316,0,307,0,0
G1_D1,188,0,64,0,0
B10_D1,251,0,71,0,0
B6_D1,482,0,307,0,0
B6_D1,158,0,344,0,0
G1_D1,997,0,221,0,0
B6_D1,90,0,277,0,0
B10_D1,593,0,283,0,0
B6_D1,254,0,98,0,-1
B4_D1,3,0,484,0,0
B6_D1,883,0,498,0,0
B6_D1,492,0,379,0,0
G1_D1,740,0,236,0,0
B6_D1,569,0,263,0,0
G1_D1,757,0,511,0,0
B6_D1,132,0,112,0,0
G1_D1,23,0,107,0,0
B10_D1,259,0,8,0,0
B10_D1,873,0,340,0,0
B2_D1,831,0,70,0,0
B6_D1,210,0,477,0,0
G1_D1,549,0,4,0,0
B10_D1,508,0,37,0,0
B6_D1,295,0,137,0,0
B10_D1,838,0,353,0,0
G1_D1,942,0,35,0,0
B10_D1,875,0,46,0,0
G1_D1,312,0,485,0,0
G1_D1,933,0,292,0,0
G1_D1,929,0,11,0,0
B10_D1,734,0,337,0,0
B10_D1,140,0,239,0,0
B6_D1,571,0,6,0,0
B6_D1,197,0,386,0,0
B6_D1,467,0,7,0,0
B10_D1,63,0,130,0,0
B6_D1,20,0,367,0,0
B6_D1,960,0,139,0,0
B6_D1,751,0,184,0,0
B6_D1,991,0,46,0,0
B2_D1,530,0,123,0,0
G1_D1,721,0,99,0,0
G1_D1,726,0,131,0,0
G1_D1,971,0,160,0,0
B6_D1,297,0,80,0,0
B10_D1,261,0,318,0,0
B10_D1,640,0,310,0,0
B6_D1,388,0,503,0,0
B6_D1,915,0,392,0,0
B6_D1,752,0,307,0,0
G1_D1,551,0,468,0,0
B2_D1,127,0,120,0,0
B10_D1,342,0,487,0,0
B10_D1,32,0,329,0,0
B10_D1,446,0,160,0,0
B6_D1,540,0,216,0,0
B6_D1,975,0,77,0,0
B10_D1,351,0,3,0,0
B6_D1,851,0,294,0,0
B10_D1,34,0,153,0,0
B10_D1,472,0,298,0,0
B6_D1,2,0,100,0,0
B6_D1,408,0,349,0,0
B10_D1,420,0,510,0,0
B6_D1,118,0,313,0,0
B10_D1,587,0,45,0,0
B10_D1,735,0,251,0,0
B6_D1,281,0,84,0,0
B10_D1,530,0,101,0,0
B6_D1,914,0,318,0,0
B4_D1,764,0,209,0,0
B6_D1,919,0,127,0,0
G1_D1,526,0,470,0,0
B10_D1,544,0,298,0,0
G1_D1,569,0,10,0,0
B6_D1,70,0,293,0,0
B4_D1,72,0,317,0,0
B10_D1,423,0,344,0,0
B4_D1,52,0,126,0,0
B6_D1,888,0,488,0,0
B6_D1,930,0,407,0,-1
G1_D1,911,0,87,0,0
B6_D1,720,0,505,0,0
G1_D1,1005,0,155,0,0
B10_D1,20,0,44,0,0
B8_D1,261,0,328,0,0
B4_D1,948,0,116,0,0
G1_D1,49,0,310,0,0
B10_D1,268,0,239,0,0
B6_D1,106,0,249,0,7
B10_D1,16,0,146,0,0
B2_D1,761,0,492,0,0
B2_D1,416,0,287,0,0
G1_D1,163,0,118,0,0
B10_D1,385,0,14,0,0
B6_D1,232,0,17,0,0
G1_D1,94,0,276,0,0
G1_D1,10,0,346,0,0
B2_D1,333,0,179,0,0
B4_D1,737,0,64,0,0
B6_D1,598,0,28,0,0
B6_D1,256,0,41,0,0
B10_D1,114,0,290,0,0
B6_D1,912,0,223,0,0
G1_D1,806,0,51,0,0
B10_D1,588,0,186,0,0
B10_D1,982,0,65,0,0
B6_D1,879,0,394,0,0
B10_D1,493,0,281,0,0
G1_D1,887,0,235,0,0
B10_D1,466,0,113,0,0
B10_D1,49,0,8,0,0
B6_D1,255,0,510,0,0
B6_D1,884,0,240,0,0
B6_D1,301,0,496,0,0
B10_D1,808,0,325,0,0
B10_D1,891,0,270,0,0
B10_D1,716,0,470,0,0
B6_D1,210,0,328,0,0
G1_D1,867,0,190,0,0
B10_D1,1005,0,339,0,0
B4_D1,103,0,16,0,0
B10_D1,106,0,290,0,0
B6_D1,390,0,57,0,0
B10_D1,322,0,486,0,0
G1_D1,1010,0,161,0,0
B6_D1,1,0,348,0,0
B6_D1,168,0,369,0,0
B10_D1,11,0,103,0,0
G1_D1,317,0,422,0,0
B10_D1,704,0,65,0,0
B6_D1,783,0,298,0,0
B6_D1,499,0,4,0,0
B6_D1,77,0,321,0,0
B6_D1,849,0,295,0,0
B10_D1,728,0,349,0,0
B6_D1,466,0,41,0,0
B6_D1,954,0,256,0,0
B6_D1,736,0,346,0,0
B6_D1,449,0,354,0,0
B6_D1,622,0,283,0,0
B10_D1,6,0,188,0,0
B4_D1,5,0,399,0,0
B6_D1,281,0,26,0,0
B10_D1,400,0,166,0,0
B10_D1,754,0,102,0,0
G1_D1,129,0,9,0,0
B6_D1,598,0,410,0,0
B2_D1,908,0,418,0,-1
G1_D1,923,0,94,0,0
G1_D1,301,0,90,0,0
B6_D1,638,0,508,0,0
B10_D1,76,0,169,0,0
B10_D1,811,0,0,0,0
B6_D1,465,0,312,0,0
B6_D1,378,0,8,0,0
G1_D1,439,0,249,0,0
G1_D1,24,0,67,0,0
B6_D1,717,0,339,0,0
B10_D1,607,0,292,0,0
G1_D1,703,0,463,0,0
B6_D1,758,0,49,0,0
B6_D1,591,0,486,0,0
B6_D1,883,0,180,0,0
B6_D1,950,0,485,0,0
B6_D1,122,0,7,0,0
B6_D1,535,0,216,0,0
G1_D1,132,0,370,0,0
G1_D1,65,0,282,0,0
B10_D1,500,0,149,0,0
B6_D1,241,0,408,0,0
B6_D1,841,0,302,0,0
G1_D1,187,0,17,0,0
B6_D1,951,0,1,0,0
G1_D1,227,0,18,0,0
G1_D1,942,0,275,0,0
B6_D1,617,0,265,0,0
B10_D1,346,0,505,0,0
B6_D1,841,0,303,0,0
B10_D1,28,0,286,0,0
B10_D1,235,0,232,0,0
B6_D1,13,0,321,0,0
G1_D1,909,0,444,0,0
B6_D1,888,0,183,0,0
B4_D1,512,0,229,0,0
B6_D1,106,0,36,0,0
B8_D1,12,0,267,0,0
G1_D1,22,0,181,0,0
G1_D1,721,0,166,0,0
B6_D1,129,0,150,0,0
B6_D1,720,0,192,0,0
B6_D1,414,0,494,0,0
B6_D1,267,0,487,0,0
B6_D1,152,0,201,0,0
G1_D1,322,0,97,0,0
B2_D1,566,0,159,0,0
B10_D1,701,0,499,0,0
B4_D1,14,0,292,0,0
G1_D1,1005,0,141,0,0
B10_D1,573,0,265,0,0
B10_D1,161,0,511,0,0
B6_D1,737,0,408,0,0
B4_D1,1019,0,308,0,0
B6_D1,20,0,249,0,0
B10_D1,273,0,290,0,0
B6_D1,758,0,276,0,0
B6_D1,74,0,504,0,0
G1_D1,39,0,13,0,0
B6_D1,241,0,62,0,0
G1_D1,35,0,288,0,0
B6_D1,668,0,28,0,0
B10_D1,805,0,170,0,0
B6_D1,115,0,260,0,0
B6_D1,638,0,185,0,0
B6_D1,263,0,28,0,0
B6_D1,160,0,273,0,0
G1_D1,49,0,124,0,0
G1_D1,623,0,114,0,0
B10_D1,432,0,140,0,0
B6_D1,219,0,187,0,0
B10_D1,525,0,121,0,0
B10_D1,831,0,95,0,0
B2_D1,581,0,98,0,0
B6_D1,726,0,464,0,0
G1_D1,210,0,180,0,0
B6_D1,681,0,67,0,0
B6_D1,307,0,42,0,0
B10_D1,676,0,33,0,0
B6_D1,411,0,21,0,0
B10_D1,721,0,90,0,0
B6_D1,828,0,96,0,0
B10_D1,547,0,317,0,0
B6_D1,838,0,265,0,0
G1_D1,176,0,15,0,0
B6_D1,668,0,61,0,0
G1_D1,300,0,277,0,0
B6_D1,805,0,283,0,0
B6_D1,538,0,410,0,0
B6_D1,706,0,486,0,0
B10_D1,569,0,484,0,0
B10_D1,137,0,284,0,0
B6_D1,991,0,417,0,0
B6_D1,516,0,41,0,0
B6_D1,36,0,491,0,0
B10_D1,72,0,208,0,0
B4_D1,579,0,144,0,0
B6_D1,2,0,487,0,0
B10_D1,420,0,409,0,0
B6_D1,1000,0,136,0,0
B6_D1,626,0,21,0,0
B10_D1,305,0,60,0,0
B10_D1,553,0,115,0,0
G1_D1,980,0,85,0,0
B10_D1,1013,0,218,0,0
B10_D1,318,0,312,0,0
G1_D1,957,0,81,0,0
B10_D1,512,0,298,0,0
B10_D1,652,0,416,0,0
B10_D1,918,0,312,0,0
B2_D1,466,0,31,0,0
B6_D1,437,0,159,0,0
B10_D1,577,0,506,0,0
B10_D1,670,0,7,0,0
B4_D1,736,0,63,0,0
B4_D1,724,0,33,0,0
B4_D1,840,0,31,0,0
B4_D1,992,0,237,0,0
B10_D1,290,0,122,0,0
B10_D1,883,0,39,0,0
B6_D1,831,0,63,0,0
G1_D1,772,0,89,0,0
B6_D1,630,0,174,0,0
B10_D1,32,0,102,0,0
B10_D1,10,0,116,0,0
B6_D1,726,0,376,0,0
B10_D1,111,0,9,0,0
G1_D1,1011,0,14,0,0
G1_D1,1016,0,51,0,0
B10_D1,850,0,197,0,0
B6_D1,21,0,294,0,0
B2_D1,728,0,191,0,0
B10_D1,185,0,362,0,0
B10_D1,620,0,7,0,0
B10_D1,311,0,511,0,0
B10_D1,35,0,370,0,-1
B10_D1,49,0,45,0,0
B4_D1,936,0,103,0,0
B6_D1,925,0,490,0,0
B2_D1,0,0,129,0,0
B6_D1,146,0,121,0,0
B6_D1,902,0,426,0,0
B6_D1,281,0,36,0,0
G1_D1,469,0,23,0,0
B6_D1,825,0,0,0,0
B6_D1,617,0,447,0,0
B6_D1,121,0,16,0,0
B10_D1,116,0,225,0,0
B2_D1,286,0,142,0,0
G1_D1,717,0,34,0,0
B2_D1,157,0,0,0,0
B10_D1,201,0,366,0,0
B6_D1,766,0,294,0,0
B2_D1,0,0,493,0,0
B6_D1,203,0,329,0,0
B4_D1,899,0,339,0,0
B6_D1,885,0,312,0,0
B10_D1,25,0,185,0,0
B10_D1,293,0,57,0,0
B10_D1,616,0,475,0,0
B6_D1,6,0,448,0,0
B6_D1,638,0,498,0,0
G1_D1,528,0,112,0,0
B8_D1,935,0,239,0,0
G1_D1,54,0,5,0,0
G1_D1,1021,0,248,0,0
B6_D1,510,0,25,0,0
B4_D1,111,0,325,0,0
B6_D1,984,0,329,0,-1
B10_D1,46,0,38,0,0
B10_D1,348,0,489,0,0
B6_D1,204,0,164,0,0
B6_D1,978,0,403,0,0
B6_D1,883,0,185,0,0
G1_D1,41,0,221,0,0
B6_D1,718,0,259,0,0
B6_D1,658,0,18,0,0
B6_D1,888,0,180,0,0
B6_D1,575,0,70,0,0
G1_D1,650,0,82,0,0
B10_D1,296,0,310,0,0
G1_D1,237,0,60,0,0
G1_D1,578,0,153,0,0
B2_D1,970,0,128,0,0
G1_D1,784,0,2,0,0
B10_D1,138,0,268,0,0
B10_D1,993,0,103,0,0
B6_D1,795,0,10,0,0
B10_D1,117,0,185,0,0
B6_D1,348,0,23,0,0
B6_D1,228,0,292,0,0
G1_D1,230,0,185,0,0
B10_D1,620,0,279,0,0
B2_D1,162,0,70,0,0
G1_D1,479,0,150,0,0
G1_D1,1019,0,112,0,0
B6_D1,1021,0,257,0,0
B10_D1,513,0,287,0,0
G1_D1,934,0,19,0,0
B6_D1,407,0,159,0,0
B10_D1,670,0,304,0,0
B6_D1,426,0,358,0,0
B10_D1,36,0,309,0,0
B10_D1,81,0,313,0,0
B6_D1,635,0,175,0,0
B6_D1,440,0,70,0,0
B6_D1,823,0,349,0,0
G1_D1,1023,0,244,0,0
B10_D1,774,0,44,0,0
B10_D1,944,0,241,0,0
B6_D1,929,0,255,0,0
B6_D1,55,0,111,0,0
B10_D1,359,0,210,0,0
B6_D1,40,0,505,0,0
G1_D1,655,0,150,0,0
B6_D1,1001,0,109,0,0
B10_D1,601,0,353,0,0
B6_D1,763,0,508,0,0
B6_D1,809,0,239,0,0
B6_D1,157,0,502,0,0
B6_D1,441,0,113,0,0
B10_D1,633,0,173,0,0
B6_D1,471,0,48,0,0
B10_D1,52,0,91,0,0
B10_D1,780,0,412,0,0
B6_D1,878,0,483,0,0
B6_D1,659,0,184,0,0
G1_D1,206,0,37,0,0
B10_D1,999,0,491,0,0
G1_D1,240,0,156,0,0
G1_D1,503,0,25,0,0
B10_D1,538,0,89,0,0
B6_D1,783,0,508,0,0
B2_D1,402,0,160,0,0
B10_D1,26,0,105,0,0
B6_D1,75,0,450,0,0
B6_D1,132,0,290,0,0
B10_D1,371,0,502,0,0
B6_D1,973,0,38,0,0
B6_D1,698,0,13,0,0
B8_D1,5,0,229,0,0
B10_D1,985,0,49,0,0
G1_D1,198,0,174,0,0
G1_D1,45,0,166,0,0
B6_D1,915,0,500,0,0
B6_D1,456,0,353,0,0
G1_D1,341,0,235,0,0
G1_D1,340,0,24,0,0
B10_D1,102,0,187,0,0
B10_D1,612,0,411,0,0
B10_D1,523,0,289,0,0
B6_D1,168,0,51,0,0
B6_D1,972,0,17,0,0
B6_D1,272,0,174,0,0
B6_D1,315,0,490,0,0
B2_D1,922,0,43,0,0
B6_D1,943,0,503,0,0
G1_D1,763,0,300,0,0
B10_D1,143,0,278,0,0
B6_D1,301,0,501,0,0
B4_D1,128,0,16,0,0
B10_D1,21,0,81,0,0
B6_D1,540,0,304,0,0
B4_D1,625,0,47,0,0
B4_D1,650,0,112,0,0
B10_D1,157,0,220,0,0
B4_D1,822,0,49,0,0
B10_D1,500,0,225,0,0
B6_D1,459,0,29,0,0
B10_D1,486,0,243,0,0
B10_D1,465,0,471,0,0
B6_D1,186,0,26,0,0
B6_D1,240,0,25,0,0
B10_D1,469,0,256,0,0
G1_D1,26,0,132,0,0
B4_D1,600,0,301,0,0
G1_D1,274,0,9,0,0
B6_D1,676,0,268,0,0
B10_D1,655,0,72,0,0
B6_D1,841,0,31,0,0
B6_D1,598,0,43,0,0
B10_D1,36,0,170,0,0
B10_D1,850,0,194,0,0
B6_D1,607,0,189,0,0
B10_D1,185,0,508,0,0
B2_D1,787,0,3,0,0
B10_D1,233,0,334,0,0
B10_D1,252,0,236,0,0
G1_D1,138,0,382,0,0
G1_D1,181,0,46,0,0
G1_D1,169,0,501,0,0
B6_D1,166,0,11,0,0
B10_D1,211,0,148,0,0
B10_D1,6,0,252,0,0
B6_D1,122,0,361,0,0
B6_D1,521,0,272,0,0
B10_D1,441,0,231,0,0
B4_D1,828,0,256,0,0
B6_D1,301,0,506,0,0
B6_D1,618,0,306,0,0
B10_D1,943,0,71,0,0
B10_D1,1018,0,97,0,0
B10_D1,508,0,491,0,0
G1_D1,1010,0,120,0,0
B10_D1,558,0,120,0,0
B6_D1,874,0,226,0,0
G1_D1,543,0,250,0,0
G1_D1,365,0,55,0,0
B8_D1,747,0,231,0,0
B6_D1,17,0,333,0,0
B4_D1,650,0,44,0,0
B6_D1,20,0,45,0,0
B10_D1,636,0,29,0,0
G1_D1,1023,0,126,0,0
B6_D1,117,0,89,0,0
B6_D1,481,0,496,0,0
B6_D1,124,0,34,0,0
B10_D1,260,0,35,0,0
B4_D1,4,0,211,0,0
B6_D1,473,0,498,0,0
B6_D1,805,0,490,0,0
B10_D1,494,0,406,0,0
B4_D1,417,0,388,0,0
B6_D1,692,0,300,0,0
B6_D1,658,0,213,0,0
B6_D1,128,0,389,0,0
B6_D1,359,0,335,0,0
B10_D1,101,0,168,0,0
B6_D1,343,0,319,0,0
B10_D1,268,0,45,0,0
B6_D1,322,0,382,0,0
B2_D1,417,0,44,0,0
B10_D1,261,0,511,0,0
B6_D1,561,0,335,0,0
B4_D1,266,0,308,0,0
B6_D1,785,0,112,0,0
B10_D1,353,0,309,0,0
G1_D1,1022,0,203,0,0
B10_D1,382,0,263,0,0
B6_D1,950,0,240,0,0
B10_D1,346,0,46,0,0
G1_D1,732,0,21,0,0
G1_D1,600,0,236,0,0
B4_D1,522,0,218,0,0
B6_D1,989,0,421,0,0
B4_D1,934,0,19,0,0
B6_D1,70,0,510,0,0
G1_D1,775,0,70,0,0
B2_D1,711,0,45,0,0
B2_D1,900,0,40,0,0
B10_D1,172,0,444,0,0
B6_D1,981,0,108,0,0
B10_D1,414,0,122,0,0
B10_D1,256,0,243,0,0
B2_D1,980,0,76,0,0
B10_D1,489,0,302,0,0
B10_D1,201,0,135,0,0
B10_D1,716,0,269,0,0
B6_D1,196,0,387,0,0
G1_D1,34,0,128,0,0
B6_D1,105,0,162,0,0
B10_D1,261,0,59,0,0
B10_D1,495,0,471,0,0
B10_D1,150,0,255,0,0
G1_D1,779,0,19,0,0
G1_D1,921,0,454,0,0
B6_D1,619,0,351,0,0
B10_D1,296,0,180,0,0
B6_D1,554,0,351,0,0
B6_D1,507,0,228,0,0
B2_D1,982,0,394,0,0
B6_D1,514,0,223,0,0
B10_D1,65,0,90,0,0
B6_D1,137,0,127,0,0
B2_D1,702,0,224,0,0
B10_D1,5,0,314,0,0
B10_D1,849,0,219,0,0
B2_D1,176,0,248,0,0
B10_D1,277,0,419,0,0
B6_D1,791,0,200,0,0
B6_D1,716,0,353,0,0
B2_D1,760,0,62,0,0
G1_D1,171,0,342,0,0
B10_D1,251,0,46,0,0
B10_D1,808,0,311,0,0
G1_D1,85,0,56,0,0
G1_D1,534,0,20,0,0
B6_D1,724,0,29,0,0
G1_D1,295,0,183,0,0
B10_D1,993,0,493,0,0
B6_D1,569,0,421,0,0
B2_D1,449,0,32,0,0
B4_D1,669,0,264,0,0
B10_D1,170,0,438,0,0
G1_D1,629,0,358,0,0
B4_D1,293,0,60,0,0
B10_D1,429,0,509,0,0
B10_D1,662,0,441,0,0
B6_D1,920,0,233,0,0
G1_D1,732,0,91,0,0
G1_D1,536,0,45,0,0
B10_D1,2,0,204,0,0
B6_D1,51,0,281,0,0
B4_D1,888,0,80,0,0
B10_D1,299,0,37,0,0
G1_D1,280,0,57,0,0
B10_D1,473,0,231,0,0
B6_D1,555,0,271,0,0
B6_D1,143,0,445,0,0
B2_D1,774,0,49,0,0
B6_D1,456,0,169,0,0
G1_D1,275,0,20,0,0
B6_D1,292,0,492,0,0
B6_D1,242,0,487,0,0
G1_D1,740,0,34,0,0
B6_D1,760,0,232,0,0
B6_D1,326,0,478,0,0
B4_D1,6,0,425,0,0
B6_D1,240,0,485,0,0
G1_D1,86,0,98,0,0
B6_D1,945,0,0,0,0
B10_D1,385,0,341,0,0
G1_D1,897,0,40,0,0
B10_D1,723,0,427,0,0
G1_D1,439,0,2,0,0
B10_D1,414,0,150,0,0
B10_D1,532,0,148,0,0
G1_D1,850,0,311,0,0
B10_D1,622,0,183,0,0
B10_D1,704,0,166,0,0
B10_D1,264,0,309,0,0
B10_D1,664,0,35,0,0
B6_D1,712,0,340,0,0
B6_D1,480,0,241,0,0
B10_D1,988,0,105,0,0
B4_D1,714,0,250,0,0
G1_D1,533,0,256,0,0
B6_D1,485,0,407,0,0
B2_D1,871,0,17,0,0
B6_D1,676,0,414,0,0
B6_D1,201,0,381,0,0
B6_D1,581,0,404,0,0
B8_D1,633,0,238,0,0
B6_D1,560,0,287,0,0
B10_D1,292,0,337,0,0
B10_D1,735,0,97,0,0
B10_D1,618,0,129,0,0
B10_D1,587,0,257,0,0
B6_D1,478,0,3,0,0
B6_D1,914,0,4,0,0
B10_D1,902,0,100,0,0
B6_D1,675,0,275,0,0
B2_D1,274,0,25,0,0
G1_D1,346,0,47,0,0
B2_D1,865,0,174,0,0
B8_D1,1022,0,128,0,0
G1_D1,796,0,190,0,0
B10_D1,229,0,191,0,0
B6_D1,396,0,446,0,0
B2_D1,856,0,250,0,0
B10_D1,793,0,310,0,0
B10_D1,750,0,110,0,0
B6_D1,839,0,384,0,0
B6_D1,590,0,281,0,0
B10_D1,750,0,271,0,0
B10_D1,259,0,140,0,0
G1_D1,334,0,311,0,0
G1_D1,399,0,3,0,0
B10_D1,30,0,36,0,0
B4_D1,123,0,170,0,0
B8_D1,670,0,230,0,0
G1_D1,409,0,6,0,0
G1_D1,484,0,238,0,0
B6_D1,157,0,17,0,0
B6_D1,822,0,447,0,0
B6_D1,945,0,303,0,0
B6_D1,158,0,369,0,0
B8_D1,586,0,191,0,0
B10_D1,677,0,109,0,0
B6_D1,125,0,390,0,0
G1_D1,613,0,133,0,0
B6_D1,259,0,111,0,0
B6_D1,298,0,28,0,0
B10_D1,147,0,242,0,0
G1_D1,554,0,10,0,0
B6_D1,908,0,283,0,0
G1_D1,724,0,13,0,0
B6_D1,645,0,457,0,0
G1_D1,382,0,270,0,0
B6_D1,889,0,347,0,0
B6_D1,733,0,259,0,0
B10_D1,531,0,267,0,0
B6_D1,170,0,274,0,0
G1_D1,13,0,214,0,0
B8_D1,1,0,314,0,0
B10_D1,647,0,67,0,0
B6_D1,204,0,279,0,0
B6_D1,455,0,477,0,0
B4_D1,537,0,412,0,0
B2_D1,555,0,160,0,0
B6_D1,678,0,13,0,0
B6_D1,472,0,7,0,0
B4_D1,74,0,167,0,0
B6_D1,379,0,50,0,0
B10_D1,267,0,23,0,0
B10_D1,756,0,85,0,0
B6_D1,318,0,385,0,0
B6_D1,95,0,505,0,0
G1_D1,13,0,300,0,0
B10_D1,6,0,166,0,0
G1_D1,467,0,83,0,0
B10_D1,112,0,291,0,0
B6_D1,778,0,161,0,0
B10_D1,64,0,38,0,0
B10_D1,11,0,201,0,0
B10_D1,1005,0,83,0,0
G1_D1,267,0,256,0,0
B4_D1,885,0,18,0,0
B10_D1,738,0,21,0,0
G1_D1,164,0,262,0,0
B4_D1,623,0,297,0,0
B6_D1,906,0,31,0,0
B10_D1,680,0,306,0,0
B6_D1,861,0,486,0,0
G1_D1,124,0,10,0,0
B6_D1,701,0,283,0,0
B10_D1,794,0,245,0,0
B2_D1,366,0,511,0,0
B4_D1,978,0,88,0,0
B10_D1,246,0,126,0,0
B6_D1,618,0,419,0,0
G1_D1,573,0,285,0,0
G1_D1,576,0,139,0,0
B6_D1,577,0,312,0,0
B10_D1,528,0,290,0,0
G1_D1,278,0,86,0,0
B10_D1,708,0,115,0,0
B6_D1,792,0,335,0,0
B10_D1,1004,0,60,0,0
B10_D1,701,0,6,0,0
B10_D1,917,0,443,0,0
B2_D1,616,0,510,0,0
B10_D1,704,0,81,0,0
B4_D1,394,0,192,0,0
B10_D1,187,0,55,0,0
G1_D1,829,0,209,0,0
B6_D1,1005,0,15,0,0
B6_D1,964,0,301,0,0
B2_D1,954,0,238,0,0
B2_D1,624,0,511,0,0
G1_D1,276,0,32,0,0
B10_D1,637,0,6,0,0
B10_D1,653,0,170,0,0
B6_D1,223,0,372,0,0
G1_D1,918,0,30,0,0
B10_D1,590,0,211,0,0
G1_D1,30,0,186,0,0
G1_D1,728,0,317,0,0
B10_D1,1017,0,89,0,0
B10_D1,318,0,89,0,0
B6_D1,888,0,300,0,0
B6_D1,763,0,354,0,0
B8_D1,664,0,307,0,0
B6_D1,545,0,239,0,0
B6_D1,758,0,349,0,0
B2_D1,175,0,469,0,0
B10_D1,54,0,10,0,0
B10_D1,741,0,116,0,0
G1_D1,156,0,497,0,0
B6_D1,315,0,10,0,0
G1_D1,679,0,113,0,0
B6_D1,762,0,236,0,0
G1_D1,729,0,316,0,0
B6_D1,454,0,99,0,0
G1_D1,533,0,24,0,0
B10_D1,924,0,404,0,0
B6_D1,155,0,476,0,0
B6_D1,944,0,301,0,0
G1_D1,989,0,73,0,0
B6_D1,797,0,333,0,0
B10_D1,410,0,481,0,0
B6_D1,365,0,495,0,0
B6_D1,687,0,332,0,0
B6_D1,730,0,274,0,0
B10_D1,542,0,204,0,0
G1_D1,919,0,310,0,0
B6_D1,1002,0,228,0,0
B6_D1,785,0,391,0,0
G1_D1,721,0,167,0,0
B6_D1,753,0,23,0,0
B10_D1,715,0,61,0,0
B10_D1,733,0,465,0,0
G1_D1,713,0,69,0,0
B10_D1,798,0,417,0,0
B10_D1,545,0,229,0,0
B6_D1,838,0,272,0,0
B10_D1,656,0,298,0,0
B6_D1,91,0,486,0,0
B4_D1,675,0,136,0,0
B6_D1,888,0,69,0,0
B10_D1,836,0,313,0,0
B6_D1,475,0,40,0,0
B6_D1,7,0,125,0,0
B6_D1,789,0,86,0,0
B10_D1,16,0,180,0,0
B6_D1,756,0,243,0,0
B2_D1,341,0,511,0,0
G1_D1,299,0,12,0,0
B4_D1,595,0,221,0,0
B10_D1,203,0,17,0,0
B2_D1,1009,0,511,0,0
G1_D1,413,0,86,0,0
B10_D1,184,0,431,0,0
B10_D1,320,0,413,0,0
B6_D1,707,0,110,0,0
G1_D1,51,0,34,0,0
B6_D1,131,0,409,0,0
B6_D1,328,0,43,0,0
B6_D1,406,0,289,0,0
B10_D1,297,0,418,0,0
B8_D1,350,0,186,0,0
B6_D1,380,0,0,0,0
B10_D1,619,0,195,0,0
B10_D1,410,0,495,0,0
B6_D1,863,0,232,0,0
B2_D1,976,0,71,0,0
B10_D1,672,0,2,0,0
G1_D1,481,0,124,0,0
B6_D1,964,0,77,0,0
B10_D1,190,0,82,0,0
B6_D1,1001,0,48,0,0
G1_D1,441,0,510,0,0
B10_D1,6,0,77,0,0
B2_D1,664,0,361,0,0
B4_D1,1023,0,250,0,0
B6_D1,530,0,40,0,0
B6_D1,116,0,478,0,0
B6_D1,658,0,278,0,0
G1_D1,990,0,139,0,0
B2_D1,861,0,85,0,0
B10_D1,266,0,355,0,0
B10_D1,394,0,274,0,0
B6_D1,960,0,52,0,0
B6_D1,951,0,241,0,0
G1_D1,385,0,496,0,0
B6_D1,885,0,510,0,0
B4_D1,76,0,23,0,0
G1_D1,80,0,41,0,0
B10_D1,299,0,200,0,0
B6_D1,406,0,242,0,0
B10_D1,192,0,201,0,0
B10_D1,398,0,244,0,0
B6_D1,572,0,334,0,0
B6_D1,345,0,415,0,0
B6_D1,207,0,37,0,0
B6_D1,241,0,163,0,0
B8_D1,760,0,240,0,0
B6_D1,501,0,1,0,0
B6_D1,906,0,496,0,0
B2_D1,663,0,223,0,0
G1_D1,21,0,133,0,0
B6_D1,446,0,1,0,0
B4_D1,863,0,14,0,0
B10_D1,88,0,259,0,-1
B6_D1,74,0,423,0,0
B4_D1,908,0,117,0,0
G1_D1,117,0,94,0,0
G1_D1,825,0,302,0,0
B6_D1,743,0,429,0,0
G1_D1,320,0,511,0,0
B2_D1,372,0,509,0,0
G1_D1,10,0,88,0,0
G1_D1,26,0,234,0,0
G1_D1,460,0,360,0,0
G1_D1,1017,0,321,0,0
B4_D1,662,0,36,0,0
B10_D1,98,0,274,0,0
B6_D1,573,0,309,0,0
B6_D1,721,0,338,0,0
B10_D1,1,0,252,0,0
B6_D1,406,0,191,0,0
B6_D1,680,0,127,0,0
B2_D1,961,0,136,0,0
B6_D1,462,0,173,0,0
B10_D1,444,0,408,0,0
G1_D1,463,0,116,0,0
B4_D1,668,0,193,0,0
G1_D1,351,0,226,0,0
B6_D1,19,0,289,0,0
G1_D1,1006,0,254,0,0
B2_D1,114,0,314,0,0
G1_D1,769,0,274,0,0
G1_D1,621,0,140,0,0
B2_D1,201,0,215,0,0
B6_D1,804,0,160,0,0
B4_D1,199,0,206,0,0
B6_D1,811,0,64,0,0
B6_D1,37,0,492,0,0
B10_D1,1,0,304,0,0
B2_D1,0,0,80,0,0
B10_D1,225,0,7,0,0
G1_D1,509,0,108,0,0
B6_D1,793,0,18,0,0
B10_D1,716,0,439,0,0
B6_D1,125,0,134,0,0
B6_D1,634,0,391,0,-1
B4_D1,2,0,61,0,0
B10_D1,281,0,37,0,0
B6_D1,700,0,279,0,0
G1_D1,282,0,410,0,0
G1_D1,417,0,127,0,0
B4_D1,147,0,36,0,0
B4_D1,3,0,40,0,0
B10_D1,90,0,7,0,0
G1_D1,731,0,315,0,0
B10_D1,197,0,39,0,0
B2_D1,990,0,38,0,0
B10_D1,215,0,339,0,0
B4_D1,495,0,282,0,0
B6_D1,800,0,88,0,0
B10_D1,481,0,505,0,0
B10_D1,216,0,136,0,0
B10_D1,215,0,21,0,0
B6_D1,138,0,319,0,0
G1_D1,639,0,16,0,0
B6_D1,724,0,386,0,0
B10_D1,764,0,368,0,0
G1_D1,471,0,112,0,0
B6_D1,961,0,294,0,0
B10_D1,1023,0,258,0,0
B6_D1,502,0,22,0,0
B6_D1,779,0,207,0,0
B4_D1,120,0,417,0,0
G1_D1,432,0,262,0,0
B6_D1,310,0,10,0,0
B4_D1,776,0,254,0,0
B6_D1,235,0,335,0,0
B2_D1,186,0,232,0,0
B10_D1,180,0,123,0,0
B10_D1,226,0,344,0,0
B10_D1,346,0,502,0,0
B10_D1,506,0,170,0,0
B6_D1,670,0,108,0,0
B6_D1,391,0,60,0,0
B10_D1,437,0,78,0,0
B10_D1,555,0,483,0,0
B6_D1,831,0,383,0,0
B6_D1,209,0,112,0,0
B6_D1,692,0,332,0,0
B2_D1,373,0,288,0,0
B6_D1,552,0,321,0,0
B10_D1,581,0,508,0,0
G1_D1,1019,0,455,0,0
G1_D1,449,0,100,0,0
B10_D1,62,0,457,0,0
B6_D1,622,0,336,0,-1
B4_D1,122,0,101,0,0
B10_D1,517,0,6,0,0
B6_D1,958,0,498,0,0
B10_D1,659,0,274,0,0
B6_D1,963,0,261,0,0
G1_D1,333,0,241,0,0
B2_D1,394,0,205,0,0
B10_D1,353,0,4,0,0
B6_D1,311,0,234,0,0
B10_D1,701,0,283,0,0
B6_D1,23,0,455,0,0
G1_D1,735,0,346,0,0
B10_D1,24,0,256,0,0
G1_D1,264,0,332,0,0
B10_D1,143,0,213,0,0
B6_D1,767,0,402,0,0
B10_D1,538,0,300,0,0
B6_D1,289,0,499,0,0
B10_D1,314,0,330,0,0
G1_D1,961,0,15,0,0
B6_D1,959,0,484,0,0
G1_D1,426,0,371,0,0
B6_D1,90,0,35,0,0
G1_D1,45,0,110,0,0
B6_D1,560,0,340,0,0
B10_D1,619,0,413,0,0
B10_D1,381,0,275,0,0
B6_D1,193,0,33,0,0
B10_D1,280,0,267,0,0
B6_D1,755,0,462,0,0
B6_D1,281,0,46,0,0
B6_D1,548,0,8,0,0
B6_D1,207,0,455,0,0
B6_D1,72,0,181,0,0
B10_D1,596,0,127,0,0
G1_D1,719,0,141,0,0
B6_D1,568,0,234,0,0
B6_D1,148,0,335,0,0
G1_D1,107,0,383,0,0
B10_D1,565,0,287,0,0
B6_D1,82,0,269,0,0
B10_D1,772,0,455,0,0
B10_D1,63,0,136,0,0
B6_D1,112,0,186,0,0
B6_D1,129,0,504,0,0
G1_D1,507,0,122,0,0
B10_D1,491,0,144,0,0
B6_D1,978,0,83,0,0
B10_D1,572,0,405,0,0
G1_D1,3,0,507,0,0
G1_D1,786,0,15,0,0
B10_D1,604,0,40,0,0
G1_D1,637,0,303,0,0
B6_D1,655,0,10,0,0
B6_D1,785,0,81,0,0
G1_D1,286,0,55,0,0
B6_D1,255,0,161,0,0
G1_D1,336,0,481,0,0
B6_D1,856,0,1,0,0
B6_D1,133,0,312,0,0
B10_D1,990,0,58,0,0
B8_D1,644,0,227,0,0
B6_D1,864,0,113,0,0
B6_D1,415,0,30,0,0
B10_D1,435,0,245,0,0
B6_D1,982,0,487,0,0
B8_D1,733,0,314,0,0
B6_D1,5,0,319,0,0
G1_D1,748,0,156,0,0
B6_D1,536,0,245,0,0
G1_D1,739,0,6,0,0
B10_D1,322,0,84,0,0
B6_D1,549,0,162,0,0
B10_D1,541,0,121,0,0
B6_D1,819,0,489,0,0
B10_D1,863,0,376,0,0
B10_D1,868,0,89,0,0
B2_D1,536,0,287,0,0
B6_D1,243,0,454,0,0
G1_D1,885,0,33,0,0
B2_D1,660,0,69,0,0
B10_D1,424,0,387,0,0
B6_D1,409,0,123,0,0
G1_D1,233,0,58,0,0
B10_D1,665,0,26,0,0
B10_D1,893,0,89,0,0
B4_D1,998,0,75,0,0
B6_D1,509,0,365,0,-1
B6_D1,497,0,233,0,0
G1_D1,557,0,234,0,0
B10_D1,341,0,249,0,0
G1_D1,46,0,459,0,0
B6_D1,648,0,43,0,0
B6_D1,574,0,69,0,0
B6_D1,806,0,93,0,0
B6_D1,168,0,64,0,0
B6_D1,257,0,52,0,0
G1_D1,894,0,217,0,0
B10_D1,95,0,481,0,0
B6_D1,695,0,436,0,0
B4_D1,143,0,16,0,0
B6_D1,555,0,179,0,0
G1_D1,819,0,256,0,0
G1_D1,175,0,20,0,0
B6_D1,576,0,6,0,0
B6_D1,336,0,414,0,0
B4_D1,764,0,312,0,0
B10_D1,739,0,96,0,0
B10_D1,1008,0,484,0,0
G1_D1,25,0,204,0,0
B10_D1,452,0,301,0,0
B6_D1,769,0,58,0,0
B10_D1,926,0,254,0,0
B10_D1,577,0,458,0,9
B10_D1,912,0,384,0,0
G1_D1,458,0,114,0,0
B10_D1,536,0,159,0,0
B6_D1,83,0,88,0,0
B10_D1,741,0,10,0,0
B10_D1,844,0,184,0,0
B6_D1,757,0,372,0,0
B6_D1,552,0,435,0,-1
G1_D1,676,0,1,0,0
B10_D1,6,0,72,0,0
B6_D1,859,0,377,0,0
B6_D1,748,0,328,0,0
G1_D1,754,0,20,0,0
B10_D1,645,0,451,0,0
G1_D1,915,0,328,0,0
B6_D1,1016,0,486,0,0
B6_D1,717,0,252,0,0
B10_D1,430,0,510,0,0
G1_D1,1020,0,21,0,0
B6_D1,523,0,182,0,0
B6_D1,857,0,91,0,0
B6_D1,260,0,30,0,0
B10_D1,851,0,511,0,0
B6_D1,336,0,230,0,0
B6_D1,48,0,122,0,0
B6_D1,0,0,151,0,0
G1_D1,1014,0,159,0,0
G1_D1,716,0,276,0,0
B6_D1,859,0,489,0,0
B6_D1,678,0,185,0,0
B10_D1,161,0,276,0,0
B4_D1,936,0,79,0,0
B6_D1,958,0,161,0,0
B6_D1,707,0,388,0,0
B4_D1,639,0,335,0,0
B10_D1,899,0,249,0,0
G1_D1,155,0,500,0,0
B4_D1,867,0,40,0,0
B6_D1,214,0,472,0,0
B10_D1,288,0,321,0,0
B6_D1,850,0,219,0,0
G1_D1,896,0,71,0,0
G1_D1,612,0,65,0,0
G1_D1,594,0,22,0,0
B10_D1,516,0,209,0,0
B6_D1,628,0,33,0,0
B2_D1,950,0,148,0,0
B10_D1,7,0,11,0,0
B6_D1,753,0,305,0,0
B10_D1,530,0,480,0,0
G1_D1,66,0,140,0,0
B6_D1,707,0,340,0,0
B4_D1,792,0,257,0,0
B10_D1,691,0,481,0,0
G1_D1,529,0,29,0,0
B4_D1,762,0,241,0,0
B6_D1,663,0,129,0,0
B4_D1,808,0,212,0,0
B6_D1,407,0,42,0,0
B10_D1,401,0,253,0,0
G1_D1,284,0,101,0,0
B10_D1,701,0,37,0,0
B4_D1,271,0,315,0,0
B10_D1,8,0,174,0,0
B6_D1,901,0,21,0,0
B6_D1,598,0,327,0,0
B10_D1,621,0,511,0,0
B6_D1,631,0,376,0,0
B4_D1,488,0,200,0,-1
B10_D1,114,0,456,0,0
G1_D1,835,0,266,0,0
B6_D1,663,0,301,0,0
B4_D1,155,0,130,0,0
B4_D1,349,0,220,0,0
B4_D1,223,0,56,0,0
B10_D1,679,0,482,0,0
B10_D1,256,0,9,0,0
B4_D1,702,0,201,0,0
G1_D1,28,0,198,0,0
B6_D1,21,0,478,0,0
B4_D1,243,0,52,0,0
B4_D1,427,0,418,0,0
B6_D1,287,0,32,0,0
G1_D1,534,0,3,0,0
B10_D1,595,0,412,0,0
G1_D1,655,0,25,0,0
B6_D1,5,0,417,0,0
B6_D1,854,0,489,0,0
B10_D1,772,0,323,0,0
B6_D1,47,0,116,0,0
B10_D1,288,0,172,0,0
G1_D1,852,0,95,0,0
B4_D1,318,0,218,0,0
B6_D1,925,0,302,0,0
B6_D1,45,0,411,0,0
B10_D1,721,0,40,0,0
B4_D1,246,0,206,0,0
B6_D1,630,0,10,0,0
G1_D1,52,0,47,0,0
G1_D1,201,0,15,0,0
G1_D1,673,0,119,0,0
G1_D1,992,0,38,0,0
B6_D1,60,0,431,0,0
G1_D1,244,0,169,0,0
G1_D1,564,0,171,0,0
B6_D1,385,0,383,0,0
B6_D1,164,0,129,0,0
B6_D1,753,0,8,0,0
B6_D1,20,0,261,0,0
B6_D1,748,0,426,0,0
B6_D1,161,0,227,0,0
B6_D1,447,0,171,0,0
B4_D1,452,0,59,0,0
G1_D1,888,0,116,0,0
G1_D1,279,0,395,0,0
G1_D1,484,0,12,0,0
B10_D1,913,0,82,0,0
B6_D1,165,0,476,0,0
B10_D1,935,0,261,0,0
B10_D1,980,0,507,0,0
B6_D1,696,0,229,0,0
G1_D1,575,0,85,0,0
B6_D1,938,0,28,0,0
B10_D1,809,0,382,0,0
B6_D1,585,0,361,0,-1
B10_D1,322,0,115,0,0
G1_D1,1020,0,459,0,0
B10_D1,121,0,170,0,0
G1_D1,19,0,334,0,0
B6_D1,468,0,189,0,0
B8_D1,650,0,179,0,0
B2_D1,521,0,122,0,0
B10_D1,103,0,331,0,0
B6_D1,387,0,395,0,0
B6_D1,834,0,191,0,0
G1_D1,317,0,483,0,0
B6_D1,169,0,231,0,0
B10_D1,9,0,135,0,0
B10_D1,712,0,266,0,0
B10_D1,0,0,167,0,0
B10_D1,389,0,391,0,0
B10_D1,234,0,294,0,0
B6_D1,130,0,171,0,0
B10_D1,580,0,409,0,0
B8_D1,846,0,306,0,0
B6_D1,61,0,36,0,0
B10_D1,128,0,268,0,0
B4_D1,630,0,343,0,0
B10_D1,41,0,56,0,0
B4_D1,45,0,25,0,0
B6_D1,734,0,241,0,0
B6_D1,466,0,26,0,0
G1_D1,875,0,100,0,0
B6_D1,948,0,493,0,0
B8_D1,602,0,296,0,0
B10_D1,687,0,448,0,0
B6_D1,201,0,48,0,0
B6_D1,319,0,489,0,0
B6_D1,585,0,340,0,0
B2_D1,501,0,162,0,0
B4_D1,230,0,273,0,0
B2_D1,228,0,509,0,0
G1_D1,439,0,6,0,0
B6_D1,715,0,500,0,0
B6_D1,959,0,249,0,0
B8_D1,1022,0,260,0,0
G1_D1,122,0,135,0,0
B6_D1,65,0,500,0,0
B6_D1,53,0,8,0,0
B10_D1,125,0,208,0,0
B6_D1,528,0,267,0,0
B6_D1,297,0,17,0,0
B4_D1,810,0,207,0,0
B6_D1,686,0,378,0,0
B4_D1,477,0,245,0,0
B6_D1,116,0,491,0,0
B6_D1,550,0,460,0,0
B10_D1,531,0,245,0,0
B6_D1,603,0,481,0,0
G1_D1,894,0,6,0,0
B2_D1,434,0,32,0,0
G1_D1,254,0,6,0,0
G1_D1,837,0,65,0,0
B6_D1,654,0,499,0,0
B6_D1,742,0,482,0,0
B10_D1,933,0,17,0,0
B10_D1,398,0,206,0,0
B6_D1,969,0,365,0,-1
B10_D1,256,0,1,0,0
B10_D1,572,0,414,0,0
B10_D1,1017,0,212,0,0
B10_D1,282,0,185,0,0
B8_D1,599,0,216,0,0
B6_D1,270,0,161,0,0
B10_D1,174,0,434,0,0
B10_D1,102,0,40,0,0
G1_D1,54,0,4,0,0
B6_D1,402,0,42,0,0
B8_D1,50,0,329,0,0
B10_D1,254,0,8,0,0
G1_D1,479,0,152,0,0
G1_D1,705,0,434,0,0
B6_D1,633,0,425,0,0
B10_D1,612,0,240,0,0
B10_D1,472,0,133,0,0
B10_D1,338,0,32,0,0
B2_D1,588,0,453,0,9
B6_D1,91,0,26,0,0
B4_D1,6,0,244,0,0
G1_D1,316,0,21,0,0
B10_D1,0,0,294,0,0
B2_D1,209,0,29,0,0
B6_D1,517,0,395,0,0
B6_D1,792,0,90,0,0
B10_D1,433,0,229,0,0
G1_D1,18,0,201,0,0
B6_D1,553,0,422,0,-1
B4_D1,749,0,64,0,0
B6_D1,903,0,493,0,0
B8_D1,37,0,273,0,0
B6_D1,571,0,412,0,0
B6_D1,526,0,262,0,0
B6_D1,162,0,275,0,0
B10_D1,327,0,486,0,0
B6_D1,755,0,40,0,0
B6_D1,63,0,98,0,0
B6_D1,19,0,320,0,0
G1_D1,609,0,2,0,0
B6_D1,1017,0,325,0,0
G1_D1,991,0,130,0,0
B6_D1,708,0,483,0,0
B6_D1,38,0,160,0,0
B10_D1,973,0,218,0,0
G1_D1,262,0,256,0,0
B6_D1,677,0,22,0,0
B10_D1,136,0,202,0,0
B6_D1,721,0,462,0,0
B10_D1,48,0,202,0,0
B2_D1,819,0,188,0,0
B6_D1,15,0,505,0,0
G1_D1,476,0,156,0,0
B10_D1,216,0,114,0,0
B10_D1,428,0,501,0,0
B6_D1,663,0,59,0,0
B6_D1,907,0,166,0,0
G1_D1,542,0,94,0,0
G1_D1,44,0,99,0,0
B6_D1,397,0,487,0,0
B6_D1,93,0,503,0,0
B6_D1,912,0,482,0,0
G1_D1,84,0,43,0,0
G1_D1,629,0,11,0,0
B10_D1,153,0,286,0,0
G1_D1,674,0,14,0,0
B10_D1,439,0,190,0,0
B8_D1,610,0,182,0,0
B6_D1,164,0,29,0,0
G1_D1,605,0,229,0,0
B2_D1,894,0,95,0,0
B4_D1,561,0,299,0,0
B8_D1,443,0,200,0,0
B8_D1,582,0,292,0,0
B10_D1,683,0,273,0,0
B10_D1,657,0,416,0,0
B6_D1,790,0,0,0,0
G1_D1,669,0,20,0,0
B6_D1,934,0,301,0,0
B10_D1,486,0,238,0,0
B6_D1,294,0,4,0,0
B6_D1,808,0,153,0,0
B6_D1,241,0,465,0,0
B10_D1,271,0,188,0,0
B4_D1,508,0,148,0,0
B6_D1,377,0,12,0,0
B6_D1,421,0,486,0,0
G1_D1,489,0,4,0,0
B6_D1,16,0,53,0,0
B4_D1,218,0,56,0,0
B2_D1,503,0,367,0,0
B4_D1,0,0,113,0,0
G1_D1,407,0,123,0,0
B10_D1,724,0,4,0,0
B2_D1,785,0,44,0,0
G1_D1,85,0,0,0,0
B10_D1,123,0,14,0,0
G1_D1,181,0,53,0,0
B6_D1,396,0,229,0,0
B6_D1,470,0,45,0,0
B2_D1,459,0,483,0,0
B10_D1,2,0,385,0,0
B6_D1,98,0,376,0,0
B6_D1,267,0,362,0,0
B10_D1,105,0,496,0,0
G1_D1,580,0,510,0,0
B8_D1,435,0,285,0,0
B4_D1,178,0,117,0,0
B6_D1,808,0,151,0,0
B10_D1,424,0,401,0,0
B10_D1,618,0,366,0,0
G1_D1,558,0,241,0,0
B6_D1,889,0,397,0,0
G1_D1,873,0,74,0,0
B10_D1,354,0,21,0,0
G1_D1,79,0,43,0,0
B6_D1,412,0,156,0,0
B6_D1,606,0,298,0,0
B4_D1,108,0,18,0,0
B6_D1,240,0,30,0,0
B6_D1,124,0,404,0,0
B4_D1,723,0,267,0,0
B6_D1,256,0,486,0,0
G1_D1,50,0,59,0,0
B4_D1,573,0,91,0,0
G1_D1,884,0,6,0,0
B10_D1,520,0,471,0,0
G1_D1,1006,0,418,0,0
B4_D1,5,0,49,0,0
B6_D1,209,0,72,0,0
B6_D1,251,0,21,0,0
B10_D1,630,0,365,0,0
B10_D1,224,0,55,0,0
G1_D1,337,0,310,0,0
B10_D1,643,0,301,0,0
G1_D1,1002,0,35,0,0
B6_D1,312,0,2,0,0
B10_D1,104,0,491,0,0
B6_D1,490,0,394,0,0
B10_D1,584,0,335,0,0
B4_D1,1023,0,85,0,0
G1_D1,986,0,55,0,0
B6_D1,342,0,2,0,0
B4_D1,967,0,45,0,0
B8_D1,618,0,231,0,0
B10_D1,829,0,93,0,0
B10_D1,392,0,493,0,0
G1_D1,402,0,120,0,0
B10_D1,726,0,125,0,0
G1_D1,985,0,165,0,0
B6_D1,672,0,502,0,0
B10_D1,456,0,297,0,0
B10_D1,67,0,53,0,0
B6_D1,287,0,380,0,0
B10_D1,707,0,463,0,0
B6_D1,448,0,480,0,0
B6_D1,546,0,277,0,0
G1_D1,350,0,420,0,0
B10_D1,496,0,472,0,0
B6_D1,701,0,491,0,0
G1_D1,702,0,18,0,0
B6_D1,583,0,488,0,0
G1_D1,559,0,206,0,0
B6_D1,505,0,10,0,0
B6_D1,994,0,467,0,-1
B4_D1,631,0,224,0,0
B10_D1,159,0,10,0,0
B10_D1,108,0,162,0,0
B6_D1,955,0,139,0,0
B10_D1,522,0,165,0,0
B6_D1,496,0,293,0,0
B6_D1,203,0,23,0,0
B4_D1,286,0,212,0,0
B6_D1,556,0,386,0,0
B6_D1,930,0,213,0,0
B10_D1,581,0,282,0,0
B6_D1,60,0,125,0,0
G1_D1,69,0,60,0,0
B10_D1,431,0,233,0,0
B6_D1,867,0,142,0,0
B4_D1,454,0,423,0,0
B6_D1,469,0,354,0,0
B6_D1,736,0,511,0,0
B6_D1,321,0,334,0,0
B10_D1,639,0,171,0,0
B4_D1,721,0,191,0,0
G1_D1,122,0,17,0,0
B4_D1,519,0,222,0,0
B10_D1,50,0,121,0,0
G1_D1,264,0,321,0,0
B6_D1,740,0,198,0,0
B4_D1,790,0,206,0,0
B10_D1,385,0,165,0,0
B6_D1,480,0,326,0,0
G1_D1,20,0,73,0,0
B10_D1,788,0,101,0,0
G1_D1,307,0,33,0,0
B4_D1,303,0,45,0,0
B10_D1,685,0,79,0,0
G1_D1,949,0,6,0,0
G1_D1,32,0,135,0,0
B6_D1,135,0,84,0,0
B10_D1,363,0,507,0,0
B2_D1,493,0,467,0,0
B6_D1,538,0,261,0,0
B2_D1,369,0,48,0,0
B10_D1,878,0,85,0,0
B10_D1,306,0,265,0,0
B2_D1,266,0,295,0,0
G1_D1,708,0,193,0,0
G1_D1,361,0,452,0,1
B10_D1,261,0,63,0,0
B6_D1,65,0,45,0,0
B6_D1,821,0,511,0,0
B10_D1,467,0,298,0,0
B10_D1,34,0,271,0,0
B6_D1,560,0,291,0,0
B2_D1,664,0,458,0,0
B10_D1,696,0,457,0,0
B10_D1,344,0,62,0,0
B4_D1,78,0,18,0,0
B6_D1,440,0,505,0,0
B10_D1,166,0,511,0,0
B10_D1,837,0,19,0,0
B2_D1,821,0,510,0,0
B6_D1,1008,0,102,0,0
B10_D1,286,0,205,0,0
G1_D1,221,0,72,0,0
G1_D1,616,0,15,0,0
B6_D1,401,0,265,0,0
B6_D1,505,0,242,0,0
B6_D1,608,0,161,0,0
B6_D1,273,0,457,0,3
B2_D1,931,0,155,0,-1
B6_D1,967,0,27,0,0
B6_D1,315,0,435,0,0
B6_D1,792,0,2,0,0
B6_D1,397,0,27,0,0
B10_D1,736,0,285,0,0
B10_D1,141,0,96,0,0
G1_D1,946,0,40,0,0
B10_D1,480,0,237,0,0
G1_D1,845,0,219,0,0
B6_D1,977,0,138,0,0
G1_D1,565,0,21,0,0
B2_D1,967,0,47,0,0
B6_D1,725,0,297,0,0
B10_D1,101,0,466,0,0
B6_D1,843,0,508,0,0
B6_D1,280,0,477,0,0
G1_D1,721,0,267,0,0
B6_D1,487,0,12,0,0
B6_D1,198,0,483,0,0
G1_D1,56,0,57,0,0
B6_D1,781,0,21,0,0
B10_D1,677,0,266,0,0
B4_D1,115,0,285,0,0
B10_D1,129,0,176,0,0
B6_D1,146,0,478,0,0
G1_D1,741,0,242,0,0
B10_D1,161,0,82,0,0
B2_D1,809,0,61,0,0
G1_D1,273,0,65,0,0
B6_D1,848,0,327,0,0
B6_D1,594,0,263,0,0
G1_D1,481,0,1,0,0
B6_D1,413,0,8,0,0
B10_D1,389,0,176,0,0
B6_D1,855,0,299,0,0
G1_D1,519,0,14,0,0
B6_D1,6,0,16,0,0
G1_D1,478,0,91,0,0
B6_D1,707,0,461,0,0
G1_D1,624,0,3,0,0
B6_D1,12,0,94,0,0
B6_D1,268,0,434,0,-1
G1_D1,289,0,59,0,0
B4_D1,595,0,54,0,0
B6_D1,241,0,48,0,0
B6_D1,658,0,185,0,0
B4_D1,599,0,362,0,0
B10_D1,105,0,310,0,0
B4_D1,69,0,166,0,0
B10_D1,995,0,243,0,0
B6_D1,482,0,497,0,0
B6_D1,839,0,264,0,0
B10_D1,149,0,344,0,0
B6_D1,7,0,145,0,0
G1_D1,667,0,201,0,0
B10_D1,125,0,180,0,0
G1_D1,424,0,13,0,0
B10_D1,186,0,37,0,0
B6_D1,437,0,27,0,0
B6_D1,255,0,309,0,0
G1_D1,981,0,57,0,0
B6_D1,243,0,33,0,0
B4_D1,500,0,217,0,0
B6_D1,954,0,371,0,-1
B2_D1,102,0,99,0,0
G1_D1,719,0,361,0,0
G1_D1,257,0,296,0,0
B6_D1,272,0,47,0,0
G1_D1,347,0,240,0,0
G1_D1,22,0,18,0,0
G1_D1,754,0,13,0,0
B10_D1,50,0,157,0,0
B6_D1,400,0,476,0,0
B6_D1,572,0,434,0,-1
B4_D1,130,0,125,0,0
G1_D1,441,0,391,0,-1
B10_D1,691,0,3,0,0
G1_D1,1009,0,178,0,0
B6_D1,558,0,422,0,-1
B6_D1,61,0,200,0,0
B6_D1,547,0,492,0,0
G1_D1,314,0,482,0,0
G1_D1,971,0,14,0,0
G1_D1,758,0,465,0,0
G1_D1,244,0,4,0,0
B10_D1,659,0,167,0,0
B6_D1,876,0,491,0,0
B10_D1,165,0,227,0,0
B6_D1,253,0,38,0,0
B10_D1,443,0,301,0,0
B6_D1,133,0,373,0,0
B8_D1,405,0,284,0,0
B6_D1,578,0,314,0,0
B10_D1,113,0,82,0,0
B10_D1,604,0,314,0,0
B6_D1,1020,0,474,0,0
B2_D1,429,0,111,0,0
B6_D1,825,0,490,0,0
B6_D1,1002,0,42,0,0
B6_D1,802,0,422,0,0
B6_D1,831,0,1,0,0
B6_D1,789,0,384,0,0
B6_D1,326,0,219,0,0
B2_D1,846,0,240,0,0
B6_D1,86,0,46,0,0
B2_D1,129,0,211,0,0
B8_D1,518,0,208,0,0
B10_D1,639,0,203,0,0
B10_D1,430,0,479,0,0
B6_D1,74,0,326,0,0
B6_D1,98,0,389,0,0
B10_D1,733,0,272,0,0
B4_D1,266,0,207,0,0
B10_D1,564,0,476,0,0
B2_D1,143,0,42,0,0
B6_D1,56,0,404,0,0
G1_D1,391,0,15,0,0
B10_D1,336,0,505,0,0
G1_D1,15,0,0,0,0
B10_D1,0,0,395,0,0
B10_D1,710,0,161,0,0
G1_D1,637,0,272,0,0
G1_D1,785,0,42,0,0
B2_D1,761,0,510,0,0
B6_D1,323,0,225,0,0
B6_D1,117,0,468,0,0
B6_D1,405,0,175,0,0
B10_D1,844,0,347,0,0
B6_D1,806,0,144,0,0
B6_D1,996,0,417,0,0
B10_D1,205,0,7,0,0
B6_D1,764,0,109,0,0
B4_D1,263,0,17,0,0
B6_D1,514,0,24,0,0
B6_D1,652,0,22,0,0
B10_D1,847,0,56,0,0
B6_D1,184,0,307,0,-1
B6_D1,231,0,337,0,0
G1_D1,494,0,340,0,0
G1_D1,162,0,338,0,0
B10_D1,56,0,66,0,0
B4_D1,1022,0,68,0,0
B6_D1,468,0,190,0,0
B6_D1,772,0,220,0,0
B6_D1,251,0,59,0,0
G1_D1,724,0,6,0,0
B10_D1,552,0,86,0,0
B6_D1,788,0,508,0,0
B6_D1,859,0,191,0,0
B2_D1,359,0,51,0,0
B10_D1,16,0,46,0,0
G1_D1,60,0,73,0,0
G1_D1,890,0,241,0,0
B6_D1,364,0,509,0,0
B10_D1,10,0,373,0,0
B6_D1,102,0,187,0,0
B4_D1,1023,0,95,0,0
B6_D1,400,0,66,0,0
B4_D1,685,0,186,0,0
B10_D1,148,0,221,0,0
G1_D1,1003,0,61,0,0
B6_D1,816,0,266,0,0
G1_D1,849,0,312,0,0
B4_D1,39,0,166,0,0
B6_D1,281,0,104,0,0
B6_D1,335,0,232,0,0
B6_D1,799,0,257,0,0
B6_D1,548,0,166,0,0
B4_D1,97,0,5,0,0
G1_D1,408,0,296,0,0
G1_D1,873,0,197,0,0
B6_D1,282,0,341,0,0
B2_D1,906,0,21,0,0
B10_D1,463,0,209,0,0
B10_D1,349,0,84,0,0
G1_D1,724,0,251,0,0
G1_D1,698,0,46,0,0
B6_D1,889,0,101,0,0
B2_D1,911,0,29,0,0
B10_D1,838,0,486,0,0
B4_D1,724,0,298,0,0
B10_D1,375,0,27,0,0
B6_D1,351,0,336,0,0
B6_D1,302,0,206,0,0
B6_D1,902,0,492,0,0
B10_D1,978,0,45,0,0
B10_D1,522,0,220,0,0
B6_D1,359,0,9,0,0
B6_D1,270,0,264,0,0
B10_D1,531,0,0,0,0
B10_D1,659,0,29,0,0
B2_D1,164,0,254,0,0
G1_D1,587,0,214,0,0
B10_D1,980,0,470,0,0
B10_D1,437,0,411,0,0
G1_D1,774,0,39,0,0
B6_D1,527,0,492,0,0
B2_D1,32,0,50,0,0
B6_D1,602,0,338,0,0
B6_D1,514,0,14,0,0
B6_D1,831,0,124,0,0
G1_D1,1015,0,140,0,0
B6_D1,123,0,279,0,0
G1_D1,1014,0,4,0,0
B10_D1,822,0,384,0,0
B10_D1,101,0,158,0,0
B10_D1,670,0,56,0,0
B10_D1,234,0,249,0,0
G1_D1,814,0,45,0,0
B6_D1,116,0,496,0,0
G1_D1,26,0,52,0,0
B10_D1,777,0,36,0,0
B10_D1,252,0,164,0,0
B6_D1,968,0,413,0,0
B6_D1,509,0,9,0,0
G1_D1,674,0,9,0,0
B10_D1,171,0,79,0,0
G1_D1,871,0,232,0,0
B10_D1,257,0,234,0,0
B10_D1,622,0,139,0,0
G1_D1,483,0,73,0,0
B10_D1,615,0,254,0,0
G1_D1,211,0,23,0,0
B6_D1,226,0,304,0,0
B10_D1,869,0,204,0,0
B10_D1,139,0,271,0,0
B10_D1,630,0,118,0,0
B10_D1,373,0,30,0,0
B6_D1,28,0,276,0,0
B6_D1,682,0,284,0,0
B6_D1,62,0,120,0,0
B6_D1,669,0,417,0,0
B10_D1,785,0,308,0,0
G1_D1,7,0,366,0,0
B6_D1,868,0,438,0,0
B6_D1,993,0,23,0,0
B10_D1,570,0,169,0,0
B4_D1,368,0,374,0,0
B6_D1,932,0,421,0,0
B6_D1,384,0,266,0,0
B10_D1,345,0,213,0,0
B6_D1,398,0,33,0,0
B6_D1,807,0,128,0,0
B6_D1,875,0,110,0,0
B6_D1,465,0,510,0,0
B6_D1,741,0,496,0,0
B8_D1,466,0,291,0,0
B6_D1,38,0,488,0,0
G1_D1,1019,0,6,0,0
B6_D1,140,0,277,0,0
B6_D1,650,0,10,0,0
G1_D1,398,0,448,0,0
G1_D1,999,0,138,0,0
G1_D1,1012,0,276,0,0
B6_D1,928,0,258,0,0
G1_D1,194,0,9,0,0
B6_D1,834,0,360,0,0
B6_D1,813,0,143,0,0
G1_D1,549,0,464,0,0
B6_D1,77,0,207,0,0
B4_D1,64,0,400,0,0
B6_D1,423,0,230,0,0
B6_D1,653,0,198,0,0
B6_D1,373,0,172,0,0
B6_D1,770,0,157,0,0
B10_D1,848,0,352,0,0
B6_D1,739,0,195,0,0
B6_D1,279,0,141,0,0
B4_D1,846,0,112,0,0
B6_D1,956,0,306,0,0
B6_D1,332,0,2,0,0
B6_D1,940,0,500,0,0
B10_D1,650,0,82,0,0
B4_D1,372,0,196,0,0
B6_D1,560,0,271,0,0
G1_D1,328,0,413,0,0
B10_D1,401,0,310,0,4
B10_D1,892,0,21,0,0
B2_D1,136,0,114,0,0
B6_D1,541,0,36,0,0
G1_D1,636,0,483,0,0
B6_D1,47,0,507,0,0
B10_D1,111,0,329,0,0
G1_D1,330,0,407,0,0
B10_D1,107,0,12,0,0
G1_D1,26,0,170,0,0
B10_D1,145,0,46,0,0
G1_D1,461,0,215,0,0
B6_D1,805,0,485,0,0
G1_D1,899,0,134,0,0
B6_D1,850,0,237,0,0
B10_D1,307,0,247,0,0
B10_D1,385,0,473,0,0
B10_D1,734,0,455,0,0
G1_D1,531,0,65,0,0
B6_D1,922,0,47,0,0
G1_D1,929,0,258,0,0
B10_D1,614,0,8,0,0
G1_D1,59,0,4,0,0
G1_D1,60,0,25,0,0
G1_D1,712,0,22,0,0
B6_D1,184,0,52,0,0
B10_D1,245,0,427,0,0
G1_D1,969,0,2,0,0
B10_D1,339,0,222,0,0
G1_D1,371,0,23,0,0
B4_D1,988,0,14,0,0
B6_D1,519,0,160,0,0
B10_D1,440,0,100,0,0
B2_D1,948,0,42,0,0
B10_D1,39,0,8,0,0
B6_D1,1022,0,467,0,0
B10_D1,332,0,487,0,0
B6_D1,837,0,487,0,0
B10_D1,32,0,89,0,0
B6_D1,410,0,164,0,0
B6_D1,549,0,504,0,0
B2_D1,657,0,474,0,0
B6_D1,822,0,116,0,0
B6_D1,295,0,139,0,0
B10_D1,44,0,171,0,0
G1_D1,89,0,82,0,0
G1_D1,449,0,237,0,0
B6_D1,336,0,496,0,0
G1_D1,912,0,18,0,0
B6_D1,594,0,180,0,0
B10_D1,56,0,3,0,0
B2_D1,382,0,173,0,0
B4_D1,90,0,162,0,0
B10_D1,327,0,250,0,0
G1_D1,207,0,61,0,0
B6_D1,157,0,49,0,0
B8_D1,121,0,130,0,0
B2_D1,396,0,287,0,0
G1_D1,189,0,45,0,0
G1_D1,751,0,262,0,0
G1_D1,1016,0,263,0,0
B10_D1,1006,0,41,0,0
G1_D1,349,0,176,0,0
B10_D1,560,0,306,0,0
B2_D1,767,0,241,0,0
B10_D1,530,0,243,0,0
B4_D1,651,0,307,0,0
B10_D1,19,0,45,0,0
B8_D1,354,0,296,0,0
B10_D1,580,0,83,0,0
B6_D1,952,0,65,0,0
B10_D1,625,0,483,0,0
B10_D1,743,0,76,0,0
B6_D1,673,0,503,0,0
B10_D1,462,0,119,0,0
B6_D1,982,0,438,0,0
G1_D1,365,0,486,0,0
B10_D1,394,0,315,0,4
B10_D1,767,0,237,0,0
B6_D1,777,0,350,0,0
B6_D1,867,0,361,0,0
G1_D1,17,0,282,0,0
G1_D1,168,0,340,0,0
B10_D1,355,0,32,0,0
B10_D1,692,0,270,0,0
B4_D1,5,0,372,0,0
B2_D1,383,0,131,0,0
B6_D1,430,0,25,0,0
B4_D1,26,0,277,0,0
B2_D1,226,0,71,0,0
G1_D1,591,0,277,0,0
B6_D1,57,0,203,0,0
B10_D1,609,0,8,0,0
B6_D1,439,0,62,0,0
B10_D1,472,0,301,0,0
B6_D1,1013,0,33,0,0
B10_D1,405,0,126,0,0
B4_D1,664,0,187,0,0
B10_D1,558,0,479,0,0
B6_D1,169,0,170,0,0
B10_D1,11,0,78,0,0
G1_D1,150,0,292,0,0
B4_D1,7,0,24,0,0
B10_D1,646,0,377,0,0
G1_D1,600,0,50,0,0
B6_D1,988,0,252,0,0
G1_D1,534,0,6,0,0
B10_D1,712,0,121,0,0
B4_D1,62,0,148,0,0
B4_D1,251,0,284,0,0
B6_D1,663,0,503,0,0
B6_D1,808,0,211,0,0
B6_D1,881,0,241,0,0
B2_D1,166,0,66,0,0
B10_D1,348,0,312,0,0
B6_D1,381,0,276,0,0
B10_D1,854,0,434,0,0
B2_D1,376,0,17,0,0
B10_D1,789,0,16,0,0
G1_D1,997,0,183,0,0
B6_D1,710,0,505,0,0
G1_D1,547,0,107,0,0
B10_D1,805,0,387,0,0
B6_D1,408,0,228,0,0
B2_D1,821,0,126,0,0
B6_D1,162,0,17,0,0
B2_D1,531,0,162,0,0
B10_D1,316,0,275,0,0
B6_D1,418,0,287,0,0
B4_D1,569,0,283,0,0
B6_D1,503,0,250,0,0
G1_D1,249,0,10,0,0
B10_D1,57,0,6,0,0
B6_D1,967,0,129,0,0
B6_D1,1,0,401,0,0
B6_D1,23,0,304,0,0
G1_D1,362,0,236,0,0
B6_D1,805,0,344,0,0
G1_D1,806,0,91,0,0
B6_D1,238,0,453,0,0
B10_D1,784,0,410,0,0
B10_D1,88,0,204,0,0
B8_D1,220,0,69,0,0
B6_D1,28,0,8,0,0
G1_D1,230,0,410,0,0
B6_D1,563,0,298,0,0
B6_D1,580,0,35,0,0
B6_D1,920,0,40,0,0
B6_D1,849,0,227,0,0
B10_D1,566,0,508,0,0
B6_D1,450,0,20,0,0
B4_D1,433,0,421,0,0
G1_D1,10,0,321,0,0
B10_D1,347,0,503,0,0
B10_D1,51,0,158,0,0
B6_D1,328,0,221,0,0
B10_D1,680,0,93,0,0
B6_D1,198,0,392,0,0
B4_D1,781,0,88,0,0
B6_D1,226,0,16,0,0
B6_D1,556,0,369,0,0
G1_D1,25,0,55,0,0
B6_D1,255,0,183,0,0
B10_D1,534,0,77,0,0
B6_D1,5,0,314,0,0
B10_D1,101,0,282,0,0
B6_D1,120,0,125,0,0
B6_D1,333,0,337,0,0
B6_D1,168,0,13,0,0
B6_D1,887,0,146,0,0
G1_D1,949,0,208,0,0
B6_D1,18,0,483,0,0
B6_D1,898,0,43,0,0
B4_D1,138,0,149,0,0
B6_D1,727,0,507,0,0
B10_D1,664,0,447,0,0
B2_D1,353,0,36,0,0
B10_D1,152,0,6,0,0
B6_D1,793,0,218,0,0
B10_D1,659,0,161,0,0
G1_D1,216,0,21,0,0
G1_D1,704,0,281,0,0
B10_D1,743,0,421,0,0
G1_D1,321,0,214,0,0
B6_D1,949,0,504,0,0
B6_D1,634,0,429,0,0
B6_D1,534,0,50,0,0
B10_D1,740,0,268,0,0
B4_D1,43,0,2,0,0
B10_D1,73,0,318,0,0
B10_D1,601,0,144,0,0
G1_D1,1019,0,60,0,0
B10_D1,270,0,260,0,0
B10_D1,463,0,474,0,0
B6_D1,644,0,499,0,0
G1_D1,996,0,318,0,0
B2_D1,879,0,170,0,0
B10_D1,980,0,5,0,0
B6_D1,238,0,369,0,0
B6_D1,171,0,449,0,0
G1_D1,281,0,236,0,0
B10_D1,224,0,275,0,0
B6_D1,506,0,496,0,0
B6_D1,294,0,499,0,0
B10_D1,963,0,511,0,0
B6_D1,856,0,56,0,0
B4_D1,138,0,282,0,0
B2_D1,699,0,2,0,0
B6_D1,396,0,295,0,0
B10_D1,215,0,323,0,0
G1_D1,489,0,70,0,0
B6_D1,748,0,33,0,0
B6_D1,13,0,288,0,0
B2_D1,398,0,480,0,0
G1_D1,223,0,451,0,0
B10_D1,678,0,442,0,0
B6_D1,612,0,282,0,0
B6_D1,50,0,477,0,0
B10_D1,466,0,88,0,0
B6_D1,495,0,10,0,0
B10_D1,644,0,175,0,0
B2_D1,242,0,298,0,0
G1_D1,848,0,72,0,0
B6_D1,878,0,503,0,0
G1_D1,43,0,49,0,0
B6_D1,148,0,3,0,0
B4_D1,652,0,80,0,0
G1_D1,865,0,339,0,0
B8_D1,228,0,337,0,0
B6_D1,224,0,76,0,0
B10_D1,228,0,248,0,0
G1_D1,284,0,2,0,0
B6_D1,366,0,353,0,0
B8_D1,211,0,57,0,0
B10_D1,481,0,135,0,0
B8_D1,698,0,185,0,0
G1_D1,19,0,134,0,0
B4_D1,738,0,67,0,0
B10_D1,270,0,22,0,0
B6_D1,820,0,5,0,0
G1_D1,1020,0,254,0,0
B4_D1,510,0,102,0,0
B10_D1,789,0,390,0,0
B10_D1,301,0,456,0,3
B6_D1,848,0,204,0,0
G1_D1,338,0,97,0,0
B10_D1,41,0,103,0,0
B6_D1,272,0,150,0,0
B6_D1,913,0,316,0,0
B6_D1,984,0,34,0,0
G1_D1,978,0,61,0,0
B6_D1,446,0,511,0,0
B6_D1,457,0,12,0,0
G1_D1,1005,0,161,0,0
G1_D1,207,0,448,0,0
B4_D1,840,0,98,0,0
B10_D1,380,0,480,0,0
B6_D1,739,0,267,0,0
B6_D1,781,0,116,0,0
B2_D1,521,0,107,0,0
B6_D1,912,0,37,0,0
B6_D1,466,0,46,0,0
B4_D1,455,0,17,0,0
B10_D1,405,0,98,0,0
B6_D1,51,0,31,0,0
B10_D1,748,0,272,0,0
B6_D1,434,0,276,0,0
B6_D1,133,0,389,0,0
B6_D1,641,0,511,0,0
B6_D1,332,0,228,0,0
G1_D1,67,0,283,0,0
B4_D1,132,0,276,0,0
B10_D1,594,0,503,0,0
B10_D1,233,0,130,0,0
B10_D1,80,0,197,0,0
B6_D1,744,0,315,0,0
B10_D1,765,0,49,0,0
B6_D1,474,0,439,0,-1
B4_D1,757,0,206,0,0
B6_D1,963,0,483,0,0
B6_D1,290,0,57,0,0
G1_D1,956,0,407,0,0
B6_D1,362,0,284,0,0
B6_D1,566,0,393,0,0
B2_D1,25,0,510,0,0
G1_D1,180,0,24,0,0
B10_D1,439,0,304,0,0
B10_D1,386,0,81,0,0
B6_D1,385,0,500,0,0
B4_D1,316,0,304,0,0
B10_D1,341,0,40,0,0
B6_D1,894,0,4,0,0
B6_D1,897,0,91,0,0
B6_D1,733,0,277,0,0
B6_D1,332,0,386,0,0
B6_D1,406,0,334,0,0
B6_D1,806,0,269,0,0
G1_D1,683,0,61,0,0
G1_D1,666,0,153,0,0
G1_D1,59,0,86,0,0
B4_D1,961,0,232,0,0
B2_D1,886,0,16,0,0
G1_D1,265,0,279,0,0
B6_D1,292,0,459,0,3
B10_D1,952,0,263,0,0
B6_D1,316,0,169,0,0
B2_D1,918,0,21,0,0
B10_D1,188,0,365,0,0
B10_D1,11,0,338,0,0
B4_D1,221,0,19,0,0
B6_D1,603,0,479,0,0
B2_D1,167,0,100,0,0
B10_D1,853,0,287,0,0
B4_D1,173,0,108,0,0
B4_D1,58,0,17,0,0
G1_D1,725,0,134,0,0
B6_D1,637,0,12,0,0
G1_D1,444,0,237,0,0
G1_D1,767,0,107,0,0
B4_D1,46,0,117,0,0
B4_D1,726,0,325,0,0
B10_D1,352,0,241,0,0
B6_D1,357,0,482,0,0
B4_D1,942,0,294,0,0
B10_D1,692,0,294,0,0
B10_D1,816,0,383,0,0
B10_D1,728,0,87,0,0
G1_D1,652,0,175,0,0
G1_D1,446,0,365,0,0
B10_D1,321,0,64,0,0
B6_D1,832,0,32,0,0
B6_D1,147,0,497,0,0
B10_D1,184,0,139,0,0
G1_D1,145,0,65,0,0
B10_D1,201,0,0,0,0
B4_D1,597,0,191,0,0
B6_D1,799,0,245,0,0
B10_D1,58,0,311,0,0
B8_D1,226,0,105,0,0
B6_D1,513,0,59,0,0
B4_D1,667,0,245,0,0
G1_D1,893,0,262,0,0
G1_D1,633,0,42,0,0
B6_D1,132,0,469,0,-1
B6_D1,68,0,433,0,0
B10_D1,790,0,376,0,0
B6_D1,867,0,91,0,0
B2_D1,759,0,38,0,0
B10_D1,872,0,398,0,0
B10_D1,549,0,114,0,0
B4_D1,985,0,49,0,0
B10_D1,911,0,403,0,0
G1_D1,796,0,96,0,0
G1_D1,899,0,32,0,0
G1_D1,898,0,33,0,0
B2_D1,569,0,41,0,0
G1_D1,600,0,0,0,0
G1_D1,418,0,29,0,0
B10_D1,462,0,212,0,0
B10_D1,706,0,83,0,0
G1_D1,115,0,272,0,0
B10_D1,638,0,380,0,0
B10_D1,452,0,52,0,0
B4_D1,225,0,195,0,0
B6_D1,456,0,26,0,0
G1_D1,685,0,190,0,0
B10_D1,613,0,347,0,0
B6_D1,261,0,271,0,0
B6_D1,378,0,483,0,0
B8_D1,668,0,247,0,0
G1_D1,52,0,76,0,0
B6_D1,818,0,96,0,0
G1_D1,40,0,156,0,0
G1_D1,129,0,8,0,0
B6_D1,908,0,416,0,-1
B10_D1,653,0,38,0,0
B6_D1,361,0,511,0,0
B8_D1,115,0,331,0,0
B6_D1,312,0,12,0,0
B6_D1,534,0,484,0,0
B2_D1,668,0,501,0,0
B6_D1,140,0,510,0,0
B10_D1,700,0,265,0,0
G1_D1,883,0,55,0,0
B6_D1,552,0,502,0,0
B6_D1,783,0,84,0,0
B6_D1,481,0,70,0,0
B10_D1,590,0,30,0,0
B10_D1,101,0,205,0,0
B2_D1,896,0,96,0,0
B10_D1,22,0,124,0,0
B10_D1,276,0,170,0,0
B6_D1,785,0,130,0,0
B10_D1,637,0,474,0,0
B4_D1,7,0,332,0,0
B6_D1,259,0,398,0,0
B6_D1,439,0,67,0,0
B6_D1,295,0,383,0,-1
G1_D1,752,0,155,0,0
G1_D1,694,0,8,0,0
B10_D1,985,0,502,0,0
B10_D1,948,0,246,0,0
B6_D1,808,0,488,0,0
B10_D1,637,0,151,0,0
B6_D1,417,0,222,0,0
G1_D1,555,0,243,0,0
B10_D1,386,0,252,0,0
B10_D1,800,0,173,0,0
B10_D1,20,0,288,0,0
B10_D1,723,0,468,0,0
B2_D1,781,0,14,0,0
G1_D1,102,0,94,0,0
B10_D1,161,0,132,0,0
B10_D1,200,0,229,0,0
B6_D1,1013,0,166,0,0
G1_D1,732,0,100,0,0
B6_D1,892,0,346,0,0
B6_D1,167,0,220,0,0
B10_D1,86,0,313,0,0
B6_D1,116,0,238,0,0
G1_D1,11,0,122,0,0
B4_D1,273,0,18,0,0
B10_D1,812,0,329,0,0
B6_D1,28,0,33,0,0
B2_D1,493,0,288,0,0
G1_D1,864,0,16,0,0
B10_D1,918,0,69,0,0
B10_D1,933,0,370,0,0
B6_D1,282,0,12,0,0
B2_D1,895,0,40,0,0
B6_D1,604,0,509,0,0
B6_D1,802,0,487,0,0
B6_D1,523,0,172,0,0
B10_D1,322,0,78,0,0
B6_D1,458,0,508,0,0
B6_D1,295,0,240,0,0
G1_D1,724,0,104,0,0
G1_D1,1021,0,163,0,0
B6_D1,198,0,28,0,0
B10_D1,474,0,137,0,0
B6_D1,123,0,186,0,0
B6_D1,836,0,200,0,0
B10_D1,1012,0,331,0,0
G1_D1,703,0,55,0,0
B4_D1,773,0,59,0,0
G1_D1,118,0,449,0,0
B10_D1,674,0,28,0,0
B10_D1,36,0,82,0,0
B10_D1,203,0,278,0,0
G1_D1,762,0,246,0,0
B6_D1,618,0,8,0,0
B6_D1,608,0,419,0,0
B6_D1,107,0,192,0,0
G1_D1,784,0,235,0,0
B6_D1,113,0,196,0,0
B6_D1,453,0,483,0,0
B6_D1,697,0,42,0,0
B2_D1,934,0,458,0,0
G1_D1,648,0,103,0,0
B6_D1,443,0,433,0,0
B2_D1,36,0,169,0,0
B4_D1,738,0,82,0,0
B6_D1,432,0,2,0,0
B6_D1,626,0,305,0,0
B4_D1,493,0,112,0,0
B6_D1,722,0,455,0,0
B10_D1,714,0,86,0,0
B10_D1,318,0,179,0,0
B6_D1,80,0,462,0,0
B6_D1,947,0,84,0,0
B10_D1,387,0,228,0,0
B4_D1,456,0,240,0,0
G1_D1,670,0,251,0,0
B6_D1,301,0,491,0,0
G1_D1,149,0,47,0,0
B6_D1,29,0,489,0,0
G1_D1,502,0,87,0,0
G1_D1,812,0,163,0,0
G1_D1,642,0,48,0,0
B6_D1,204,0,499,0,0
B6_D1,910,0,255,0,0
B6_D1,833,0,105,0,0
B10_D1,329,0,22,0,0
B2_D1,520,0,29,0,0
B10_D1,426,0,115,0,0
G1_D1,37,0,298,0,0
G1_D1,68,0,171,0,0
G1_D1,355,0,52,0,0
B10_D1,261,0,283,0,0
G1_D1,1005,0,193,0,0
B4_D1,653,0,83,0,0
B10_D1,702,0,91,0,0
B10_D1,414,0,227,0,0
B6_D1,934,0,198,0,-1
B10_D1,5,0,281,0,0
B10_D1,813,0,368,0,0
B10_D1,630,0,227,0,0
B6_D1,396,0,48,0,0
G1_D1,977,0,64,0,0
B2_D1,798,0,7,0,0
G1_D1,459,0,13,0,0
B6_D1,28,0,100,0,0
B10_D1,991,0,272,0,0
B6_D1,84,0,494,0,0
B10_D1,967,0,219,0,0
B6_D1,238,0,86,0,0
G1_D1,204,0,3,0,0
B10_D1,661,0,269,0,0
G1_D1,415,0,229,0,0
G1_D1,582,0,94,0,0
B10_D1,702,0,473,0,0
G1_D1,30,0,166,0,0
B4_D1,208,0,208,0,0
B6_D1,782,0,426,0,0
B10_D1,18,0,160,0,0
B6_D1,99,0,195,0,0
B6_D1,303,0,13,0,0
B10_D1,355,0,86,0,0
G1_D1,881,0,272,0,0
B10_D1,456,0,243,0,0
G1_D1,789,0,423,0,0
B6_D1,553,0,172,0,0
B4_D1,7,0,303,0,0
G1_D1,54,0,340,0,0
B6_D1,701,0,305,0,0
B6_D1,915,0,112,0,0
B4_D1,625,0,28,0,0
B6_D1,22,0,413,0,0
B6_D1,105,0,476,0,0
B10_D1,253,0,99,0,-1
B6_D1,680,0,286,0,0
G1_D1,206,0,345,0,0
B6_D1,758,0,480,0,0
G1_D1,584,0,11,0,0
B10_D1,412,0,115,0,0
B10_D1,543,0,208,0,0
B10_D1,44,0,69,0,0
B2_D1,267,0,393,0,0
B6_D1,844,0,384,0,0
G1_D1,614,0,226,0,0
G1_D1,797,0,115,0,0
G1_D1,110,0,272,0,0
B6_D1,695,0,189,0,0
B6_D1,979,0,499,0,0
B6_D1,751,0,185,0,0
B10_D1,686,0,52,0,0
B10_D1,735,0,84,0,0
B6_D1,670,0,126,0,0
B6_D1,191,0,134,0,0
G1_D1,347,0,46,0,0
B6_D1,935,0,426,0,0
B2_D1,321,0,32,0,0
G1_D1,157,0,324,0,0
B10_D1,565,0,77,0,0
B10_D1,1010,0,482,0,0
B4_D1,875,0,105,0,0
G1_D1,45,0,288,0,0
G1_D1,875,0,310,0,0
B10_D1,689,0,446,0,0
B6_D1,801,0,60,0,0
B4_D1,620,0,166,0,0
B6_D1,517,0,224,0,0
B10_D1,904,0,39,0,0
B4_D1,650,0,113,0,0
B4_D1,740,0,247,0,0
G1_D1,718,0,325,0,0
B6_D1,258,0,85,0,0
B8_D1,296,0,319,0,0
B10_D1,746,0,85,0,0
B10_D1,99,0,491,0,0
B10_D1,542,0,117,0,0
B6_D1,436,0,501,0,0
B4_D1,710,0,194,0,0
G1_D1,354,0,45,0,0
B10_D1,856,0,343,0,0
B4_D1,858,0,130,0,0
B6_D1,240,0,5,0,0
B10_D1,681,0,83,0,0
G1_D1,80,0,134,0,0
B10_D1,427,0,74,0,0
B6_D1,375,0,25,0,0
B10_D1,114,0,109,0,0
B10_D1,148,0,216,0,0
B8_D1,1022,0,477,0,0
B10_D1,598,0,150,0,0
B6_D1,41,0,447,0,0
B6_D1,609,0,330,0,0
B10_D1,973,0,84,0,0
G1_D1,866,0,271,0,0
G1_D1,103,0,362,0,0
B10_D1,13,0,136,0,0
B2_D1,693,0,475,0,0
B8_D1,1022,0,118,0,0
G1_D1,114,0,201,0,0
B10_D1,664,0,274,0,0
B6_D1,636,0,167,0,0
B2_D1,135,0,9,0,0
B10_D1,730,0,11,0,0
B6_D1,75,0,325,0,0
B6_D1,137,0,214,0,0
B10_D1,77,0,143,0,0
G1_D1,540,0,21,0,0
B6_D1,473,0,23,0,0
B2_D1,637,0,109,0,0
G1_D1,659,0,245,0,0
G1_D1,850,0,261,0,0
B10_D1,771,0,458,0,0
B6_D1,926,0,506,0,0
B10_D1,725,0,192,0,0
B6_D1,70,0,80,0,0
B6_D1,280,0,476,0,0
B6_D1,811,0,132,0,0
B10_D1,403,0,109,0,0
G1_D1,109,0,101,0,0
B2_D1,989,0,59,0,0
B6_D1,184,0,67,0,0
B6_D1,603,0,18,0,0
B2_D1,301,0,488,0,0
G1_D1,884,0,16,0,0
G1_D1,652,0,359,0,0
B6_D1,604,0,263,0,0
B6_D1,213,0,365,0,0
B10_D1,783,0,427,0,0
B10_D1,406,0,164,0,0
B6_D1,426,0,225,0,0
B6_D1,14,0,24,0,0
B6_D1,51,0,26,0,0
B6_D1,745,0,461,0,0
B10_D1,81,0,203,0,0
B10_D1,951,0,62,0,0
B10_D1,114,0,61,0,0
G1_D1,88,0,49,0,0
B6_D1,783,0,153,0,0
B4_D1,432,0,237,0,0
B6_D1,134,0,254,0,0
G1_D1,790,0,67,0,0
B10_D1,456,0,410,0,0
G1_D1,829,0,391,0,0
B10_D1,416,0,1,0,0
B6_D1,928,0,316,0,0
B10_D1,658,0,444,0,0
B6_D1,801,0,383,0,0
B6_D1,722,0,437,0,0
B10_D1,327,0,336,0,0
B2_D1,784,0,6,0,0
G1_D1,394,0,13,0,0
G1_D1,397,0,133,0,0
B10_D1,719,0,316,0,0
G1_D1,180,0,36,0,0
B10_D1,792,0,14,0,0
B6_D1,950,0,5,0,0
B10_D1,324,0,25,0,0
G1_D1,136,0,60,0,0
G1_D1,18,0,50,0,0
B10_D1,284,0,58,0,0
G1_D1,278,0,146,0,0
G1_D1,50,0,22,0,0
B6_D1,945,0,40,0,0
B10_D1,209,0,294,0,0
B6_D1,642,0,291,0,0
B6_D1,847,0,153,0,0
B6_D1,752,0,47,0,0
B10_D1,280,0,55,0,0
B6_D1,848,0,38,0,0
G1_D1,9,0,308,0,0
B2_D1,501,0,511,0,0
B4_D1,1,0,143,0,0
B6_D1,273,0,374,0,0
B10_D1,882,0,351,0,0
G1_D1,967,0,16,0,0
B6_D1,507,0,487,0,0
B6_D1,963,0,43,0,0
B6_D1,963,0,93,0,0
B6_D1,979,0,24,0,0
B6_D1,819,0,201,0,0
B10_D1,306,0,195,0,0
B6_D1,920,0,340,0,0
B6_D1,148,0,80,0,0
B4_D1,929,0,111,0,0
B10_D1,367,0,228,0,0
B6_D1,255,0,421,0,0
G1_D1,417,0,17,0,0
B6_D1,473,0,189,0,0
B4_D1,570,0,110,0,0
G1_D1,818,0,162,0,0
G1_D1,817,0,218,0,0
B4_D1,27,0,37,0,0
B6_D1,770,0,108,0,0
B4_D1,855,0,109,0,0
B2_D1,553,0,155,0,0
G1_D1,309,0,150,0,0
B6_D1,66,0,447,0,0
B4_D1,114,0,292,0,0
B6_D1,92,0,502,0,0
G1_D1,219,0,344,0,0
B6_D1,244,0,19,0,0
B10_D1,938,0,83,0,0
B10_D1,44,0,260,0,0
B6_D1,550,0,391,0,0
B6_D1,99,0,370,0,0
B10_D1,308,0,312,0,0
B6_D1,492,0,282,0,0
B10_D1,44,0,10,0,0
B2_D1,773,0,59,0,0
B6_D1,129,0,388,0,0
G1_D1,497,0,481,0,0
G1_D1,464,0,361,0,-1
B10_D1,978,0,501,0,0
B2_D1,101,0,123,0,0
B10_D1,12,0,34,0,0
B10_D1,795,0,271,0,0
B6_D1,947,0,482,0,0
B2_D1,909,0,449,0,0
B6_D1,75,0,20,0,0
B6_D1,510,0,485,0,0
B2_D1,824,0,68,0,0
B6_D1,660,0,421,0,0
B10_D1,13,0,161,0,0
B4_D1,814,0,259,0,0
B6_D1,801,0,241,0,0
G1_D1,27,0,250,0,0
B10_D1,442,0,462,0,0
B6_D1,51,0,16,0,0
G1_D1,14,0,24,0,0
B4_D1,812,0,206,0,0
B6_D1,165,0,510,0,0
B4_D1,943,0,46,0,0
G1_D1,313,0,509,0,0
B4_D1,477,0,286,0,0
B10_D1,362,0,241,0,0
B10_D1,382,0,247,0,0
G1_D1,504,0,8,0,0
B6_D1,653,0,425,0,0
B6_D1,948,0,432,0,0
B6_D1,518,0,3,0,0
B10_D1,481,0,465,0,0
B10_D1,688,0,119,0,0
B10_D1,297,0,304,0,0
B6_D1,231,0,435,0,0
B6_D1,622,0,27,0,0
B10_D1,168,0,44,0,0
B6_D1,194,0,276,0,0
B10_D1,270,0,68,0,0
G1_D1,229,0,75,0,0
B10_D1,482,0,407,0,0
B10_D1,334,0,8,0,0
B10_D1,549,0,260,0,0
B6_D1,834,0,263,0,0
G1_D1,992,0,104,0,0
B10_D1,302,0,244,0,0
B10_D1,596,0,502,0,0
B10_D1,422,0,374,0,0
B6_D1,486,0,380,0,0
B6_D1,170,0,370,0,0
B6_D1,105,0,246,0,7
G1_D1,13,0,246,0,0
B4_D1,194,0,136,0,0
G1_D1,791,0,493,0,0
B4_D1,686,0,47,0,0
B10_D1,228,0,289,0,0
G1_D1,878,0,95,0,0
B6_D1,295,0,35,0,0
B6_D1,7,0,37,0,0
B6_D1,170,0,15,0,0
B8_D1,291,0,319,0,0
B4_D1,918,0,14,0,0
B6_D1,707,0,32,0,0
B10_D1,695,0,479,0,0
B2_D1,374,0,48,0,0
B10_D1,995,0,244,0,0
B6_D1,222,0,283,0,0
G1_D1,825,0,261,0,0
G1_D1,762,0,73,0,0
B10_D1,847,0,336,0,0
B10_D1,354,0,506,0,0
G1_D1,954,0,3,0,0
B2_D1,862,0,46,0,0
G1_D1,40,0,20,0,0
B10_D1,748,0,47,0,0
G1_D1,827,0,511,0,0
B8_D1,196,0,347,0,0
B4_D1,678,0,83,0,0
B10_D1,283,0,327,0,0
B6_D1,291,0,169,0,0
B6_D1,678,0,38,0,0
B6_D1,297,0,2,0,0
G1_D1,41,0,202,0,0
B6_D1,350,0,495,0,0
B6_D1,384,0,67,0,0
B2_D1,147,0,298,0,0
G1_D1,141,0,220,0,0
B10_D1,600,0,412,0,0
B6_D1,823,0,105,0,0
B2_D1,169,0,501,0,0
B6_D1,546,0,369,0,0
B10_D1,307,0,2,0,0
B2_D1,704,0,20,0,0
B10_D1,1003,0,44,0,0
B6_D1,28,0,171,0,0
G1_D1,325,0,40,0,0
G1_D1,36,0,57,0,0
B4_D1,666,0,18,0,0
B10_D1,292,0,304,0,0
B6_D1,988,0,69,0,0
B6_D1,540,0,226,0,0
B6_D1,590,0,178,0,0
B10_D1,778,0,169,0,0
B6_D1,777,0,152,0,0
B2_D1,234,0,397,0,0
G1_D1,909,0,294,0,0
B4_D1,115,0,334,0,0
B6_D1,955,0,45,0,0
G1_D1,312,0,191,0,0
B10_D1,172,0,62,0,0
G1_D1,102,0,25,0,0
G1_D1,592,0,35,0,0
B10_D1,382,0,499,0,0
G1_D1,925,0,219,0,0
B6_D1,7,0,116,0,0
B10_D1,763,0,250,0,0
G1_D1,58,0,289,0,0
B6_D1,842,0,218,0,0
G1_D1,623,0,188,0,0
B6_D1,314,0,224,0,0
B6_D1,683,0,49,0,0
B10_D1,858,0,36,0,0
B4_D1,609,0,298,0,0
B6_D1,60,0,113,0,0
B10_D1,550,0,412,0,0
B6_D1,599,0,430,0,0
B6_D1,545,0,359,0,0
B10_D1,166,0,172,0,0
B4_D1,581,0,389,0,0
B6_D1,42,0,206,0,0
B6_D1,239,0,9,0,0
B6_D1,1002,0,229,0,0
B6_D1,337,0,329,0,0
B6_D1,158,0,199,0,0
B6_D1,670,0,490,0,0
B4_D1,511,0,203,0,0
B4_D1,573,0,244,0,0
B10_D1,845,0,335,0,0
B4_D1,973,0,30,0,0
B10_D1,3,0,352,0,0
B6_D1,411,0,332,0,0
B4_D1,6,0,20,0,0
G1_D1,167,0,261,0,0
B10_D1,91,0,5,0,0
B4_D1,333,0,206,0,0
B6_D1,50,0,215,0,0
B6_D1,784,0,24,0,0
B6_D1,788,0,28,0,0
B6_D1,821,0,271,0,0
B10_D1,688,0,273,0,0
B6_D1,938,0,300,0,0
G1_D1,880,0,33,0,0
B6_D1,126,0,223,0,0
B10_D1,425,0,354,0,0
B4_D1,903,0,12,0,0
B6_D1,628,0,49,0,0
B6_D1,931,0,365,0,0
B10_D1,32,0,264,0,0
G1_D1,999,0,116,0,0
B10_D1,874,0,34,0,0
B10_D1,122,0,15,0,0
B10_D1,135,0,186,0,0
B4_D1,755,0,208,0,0
B10_D1,891,0,5,0,0
B10_D1,896,0,69,0,0
G1_D1,924,0,442,0,0
B6_D1,476,0,11,0,0
G1_D1,270,0,75,0,0
B2_D1,278,0,43,0,0
G1_D1,259,0,242,0,0
B6_D1,356,0,330,0,0
G1_D1,95,0,85,0,0
G1_D1,69,0,5,0,0
B6_D1,964,0,499,0,0
B10_D1,606,0,139,0,0
B2_D1,693,0,477,0,0
B10_D1,317,0,158,0,0
B10_D1,156,0,3,0,0
B2_D1,605,0,448,0,0
B10_D1,655,0,263,0,0
B8_D1,140,0,126,0,0
B10_D1,703,0,243,0,0
B10_D1,181,0,450,0,0
B10_D1,302,0,198,0,0
B10_D1,63,0,115,0,0
B10_D1,919,0,64,0,0
B6_D1,812,0,85,0,0
B10_D1,430,0,451,0,0
B10_D1,714,0,255,0,0
G1_D1,722,0,261,0,0
B2_D1,301,0,498,0,0
B10_D1,95,0,126,0,0
B6_D1,76,0,48,0,0
B6_D1,495,0,407,0,0
B4_D1,215,0,40,0,0
B10_D1,441,0,118,0,0
B6_D1,111,0,360,0,0
B6_D1,568,0,267,0,0
B10_D1,289,0,8,0,0
B6_D1,512,0,367,0,6
G1_D1,528,0,111,0,0
B10_D1,735,0,104,0,0
B2_D1,816,0,12,0,0
G1_D1,812,0,62,0,0
B6_D1,292,0,497,0,0
B8_D1,925,0,237,0,0
G1_D1,609,0,20,0,0
B6_D1,276,0,184,0,0
B10_D1,659,0,260,0,0
B10_D1,762,0,414,0,0
B10_D1,389,0,469,0,0
B6_D1,631,0,501,0,0
B6_D1,869,0,328,0,0
G1_D1,209,0,8,0,0
B2_D1,854,0,131,0,0
B4_D1,621,0,164,0,0
B6_D1,409,0,384,0,0
B4_D1,798,0,43,0,0
B6_D1,971,0,397,0,0
B6_D1,695,0,20,0,0
B6_D1,283,0,316,0,0
G1_D1,733,0,92,0,0
B6_D1,810,0,130,0,0
G1_D1,246,0,19,0,0
G1_D1,998,0,122,0,0
B6_D1,657,0,502,0,0
B4_D1,866,0,260,0,0
B6_D1,228,0,313,0,0
G1_D1,1005,0,21,0,0
G1_D1,266,0,331,0,0
B10_D1,44,0,79,0,0
B6_D1,1013,0,112,0,0
B10_D1,596,0,151,0,0
B6_D1,383,0,43,0,0
B10_D1,260,0,250,0,0
B4_D1,758,0,294,0,0
G1_D1,909,0,390,0,0
B6_D1,632,0,310,0,0
B10_D1,137,0,318,0,0
G1_D1,434,0,95,0,0
B10_D1,797,0,174,0,0
B10_D1,215,0,26,0,0
B6_D1,235,0,87,0,0
B4_D1,116,0,19,0,0
B10_D1,460,0,180,0,0
B4_D1,684,0,281,0,0
B6_D1,727,0,47,0,0
B6_D1,558,0,327,0,0
B4_D1,136,0,434,0,0
G1_D1,25,0,232,0,0
B6_D1,360,0,279,0,0
G1_D1,1017,0,427,0,0
B10_D1,139,0,212,0,0
B10_D1,524,0,169,0,0
B10_D1,109,0,337,0,0
G1_D1,46,0,72,0,0
B6_D1,111,0,247,0,7
G1_D1,77,0,431,0,0
B10_D1,353,0,509,0,0
B6_D1,255,0,505,0,0
B6_D1,212,0,80,0,0
G1_D1,244,0,249,0,0
B10_D1,877,0,16,0,0
B6_D1,581,0,496,0,0
B10_D1,10,0,268,0,0
B10_D1,421,0,95,0,0
G1_D1,991,0,29,0,0
B6_D1,563,0,307,0,0
G1_D1,993,0,45,0,0
B6_D1,557,0,338,0,0
B10_D1,439,0,158,0,0
B2_D1,749,0,511,0,0
B6_D1,709,0,410,0,0
B10_D1,620,0,368,0,0
B10_D1,638,0,283,0,0
B10_D1,438,0,458,0,0
G1_D1,997,0,32,0,0
B10_D1,341,0,310,0,0
B4_D1,825,0,39,0,0
B10_D1,87,0,12,0,0
B2_D1,32,0,19,0,0
B2_D1,239,0,139,0,0
G1_D1,337,0,25,0,0
B4_D1,3,0,254,0,0
B2_D1,365,0,20,0,0
B10_D1,781,0,415,0,0
B6_D1,589,0,509,0,0
B6_D1,869,0,39,0,0
B6_D1,78,0,89,0,0
G1_D1,19,0,217,0,0
B6_D1,505,0,477,0,0
G1_D1,347,0,173,0,0
B4_D1,71,0,457,0,0
B10_D1,332,0,44,0,0
B4_D1,380,0,387,0,0
B10_D1,86,0,5,0,0
B2_D1,118,0,15,0,0
B10_D1,598,0,216,0,0
B4_D1,751,0,203,0,0
B6_D1,85,0,393,0,0
B10_D1,161,0,1,0,0
B6_D1,190,0,0,0,0
B6_D1,1006,0,73,0,0
B4_D1,764,0,317,0,0
G1_D1,278,0,89,0,0
B10_D1,208,0,40,0,0
B2_D1,883,0,117,0,0
B4_D1,701,0,15,0,0
B10_D1,127,0,12,0,0
B10_D1,731,0,32,0,0
B6_D1,3,0,374,0,0
B6_D1,205,0,236,0,0
B6_D1,625,0,278,0,0
G1_D1,777,0,258,0,0
B6_D1,310,0,500,0,0
B10_D1,692,0,162,0,0
B6_D1,921,0,56,0,0
B2_D1,1,0,101,0,0
B2_D1,875,0,253,0,0
B6_D1,995,0,30,0,0
G1_D1,714,0,457,0,0
B10_D1,49,0,120,0,0
B6_D1,231,0,111,0,0
B6_D1,543,0,13,0,0
B6_D1,350,0,500,0,0
B6_D1,646,0,506,0,0
G1_D1,223,0,51,0,0
G1_D1,191,0,274,0,0
B10_D1,391,0,311,0,4
B10_D1,811,0,309,0,0
B4_D1,786,0,73,0,0
B6_D1,690,0,189,0,0
G1_D1,308,0,41,0,0
G1_D1,293,0,457,0,3
G1_D1,203,0,235,0,0
B6_D1,136,0,60,0,0
B6_D1,248,0,388,0,0
B10_D1,594,0,484,0,0
B10_D1,26,0,113,0,0
B10_D1,507,0,165,0,0
B6_D1,918,0,468,0,0
B6_D1,101,0,360,0,0
B6_D1,831,0,147,0,0
B6_D1,773,0,198,0,0
B6_D1,385,0,490,0,0
B6_D1,809,0,149,0,0
B2_D1,819,0,68,0,0
B10_D1,371,0,237,0,0
B6_D1,890,0,30,0,0
B6_D1,585,0,316,0,0
B8_D1,0,0,297,0,0
B6_D1,466,0,280,0,0
B10_D1,296,0,252,0,0
G1_D1,183,0,375,0,0
B6_D1,868,0,217,0,0
B6_D1,105,0,5,0,0
B10_D1,375,0,59,0,0
B4_D1,1023,0,359,0,-1
B10_D1,142,0,54,0,0
B4_D1,812,0,283,0,0
B10_D1,315,0,231,0,0
B6_D1,294,0,62,0,0
B6_D1,558,0,333,0,0
G1_D1,324,0,28,0,0
B6_D1,134,0,306,0,0
G1_D1,212,0,495,0,0
G1_D1,58,0,46,0,0
B10_D1,852,0,190,0,0
B4_D1,837,0,55,0,0
B10_D1,423,0,163,0,0
B6_D1,71,0,16,0,0
B10_D1,1002,0,47,0,0
B10_D1,372,0,415,0,0
G1_D1,94,0,6,0,0
B6_D1,783,0,131,0,0
G1_D1,29,0,66,0,0
B6_D1,461,0,390,0,0
G1_D1,59,0,96,0,0
B10_D1,133,0,292,0,0
B6_D1,51,0,501,0,0
B6_D1,578,0,503,0,0
G1_D1,604,0,13,0,0
B6_D1,130,0,91,0,0
B10_D1,280,0,18,0,0
B2_D1,582,0,286,0,0
B10_D1,35,0,63,0,0
B4_D1,143,0,178,0,0
B6_D1,830,0,69,0,0
B6_D1,260,0,253,0,0
B6_D1,27,0,259,0,0
B4_D1,808,0,213,0,0
B6_D1,814,0,149,0,0
G1_D1,620,0,268,0,0
G1_D1,79,0,399,0,0
B6_D1,223,0,13,0,0
G1_D1,639,0,91,0,0
B10_D1,689,0,15,0,0
B2_D1,570,0,455,0,9
B10_D1,817,0,36,0,0
G1_D1,615,0,444,0,0
B10_D1,872,0,212,0,0
G1_D1,76,0,270,0,0
B6_D1,727,0,375,0,0
B10_D1,841,0,343,0,0
B10_D1,1023,0,17,0,0
B10_D1,479,0,158,0,0
B4_D1,332,0,317,0,0
G1_D1,544,0,251,0,0
B6_D1,486,0,303,0,0
G1_D1,73,0,171,0,0
B10_D1,366,0,314,0,0
B10_D1,211,0,117,0,0
B6_D1,756,0,352,0,0
B10_D1,150,0,49,0,0
B6_D1,426,0,169,0,0
G1_D1,51,0,167,0,0
G1_D1,918,0,95,0,0
B10_D1,762,0,202,0,0
B10_D1,351,0,314,0,0
B10_D1,345,0,149,0,0
B10_D1,25,0,106,0,0
B10_D1,518,0,28,0,0
B6_D1,658,0,3,0,0
B6_D1,650,0,290,0,0
B6_D1,77,0,37,0,0
B10_D1,294,0,197,0,0
B4_D1,986,0,44,0,0
B10_D1,585,0,412,0,0
B10_D1,862,0,212,0,0
B2_D1,1,0,52,0,0
B10_D1,333,0,188,0,0
B2_D1,461,0,499,0,0
G1_D1,689,0,19,0,0
B6_D1,722,0,37,0,0
B6_D1,488,0,479,0,0
G1_D1,244,0,365,0,0
B10_D1,184,0,193,0,0
B6_D1,460,0,53,0,0
B6_D1,945,0,139,0,0
B10_D1,505,0,151,0,0
B10_D1,158,0,244,0,0
B6_D1,100,0,25,0,0
B6_D1,986,0,6,0,0
B6_D1,890,0,219,0,0
G1_D1,982,0,125,0,0
G1_D1,42,0,119,0,0
B2_D1,683,0,479,0,0
B6_D1,989,0,410,0,0
B6_D1,56,0,21,0,0
G1_D1,930,0,109,0,0
B10_D1,520,0,166,0,0
B6_D1,465,0,170,0,0
G1_D1,749,0,66,0,0
B10_D1,240,0,143,0,0
G1_D1,762,0,386,0,-1
B6_D1,952,0,426,0,0
B6_D1,846,0,370,0,0
B6_D1,550,0,326,0,0
B6_D1,6,0,168,0,0
G1_D1,665,0,301,0,0
G1_D1,872,0,304,0,0
G1_D1,1023,0,212,0,0
B10_D1,130,0,287,0,0
G1_D1,9,0,256,0,0
B10_D1,196,0,138,0,0
B6_D1,532,0,7,0,0
B6_D1,55,0,20,0,0
G1_D1,569,0,286,0,0
B10_D1,262,0,285,0,0
B4_D1,436,0,235,0,0
B6_D1,279,0,19,0,0
B10_D1,441,0,292,0,0
B6_D1,751,0,54,0,0
B8_D1,640,0,244,0,0
B6_D1,37,0,482,0,0
B10_D1,674,0,248,0,0
G1_D1,101,0,300,0,0
B6_D1,956,0,257,0,0
B4_D1,173,0,287,0,0
B6_D1,290,0,76,0,0
G1_D1,728,0,246,0,0
G1_D1,937,0,243,0,0
B6_D1,414,0,266,0,0
B10_D1,194,0,31,0,0
B6_D1,939,0,126,0,0
B10_D1,910,0,389,0,0
B10_D1,60,0,95,0,0
G1_D1,12,0,253,0,0
B6_D1,66,0,36,0,0
B10_D1,528,0,13,0,0
B10_D1,659,0,314,0,0
B6_D1,166,0,88,0,0
B10_D1,608,0,30,0,0
B6_D1,959,0,407,0,0
B6_D1,736,0,463,0,0
B4_D1,121,0,31,0,0
B10_D1,514,0,331,0,0
G1_D1,486,0,66,0,0
B10_D1,616,0,194,0,0
G1_D1,914,0,390,0,0
B6_D1,418,0,252,0,0
B6_D1,610,0,345,0,0
B10_D1,302,0,328,0,0
B10_D1,273,0,57,0,0
B6_D1,747,0,7,0,0
B6_D1,114,0,24,0,0
B10_D1,444,0,90,0,0
B10_D1,204,0,125,0,0
B2_D1,679,0,275,0,0
B10_D1,643,0,201,0,0
B2_D1,170,0,75,0,0
G1_D1,579,0,305,0,0
B6_D1,529,0,364,0,6
G1_D1,374,0,230,0,0
B4_D1,332,0,321,0,0
B10_D1,429,0,455,0,0
B6_D1,201,0,491,0,0
G1_D1,850,0,272,0,0
G1_D1,916,0,252,0,0
B10_D1,829,0,404,0,0
G1_D1,261,0,236,0,0
B6_D1,461,0,393,0,0
B6_D1,939,0,293,0,0
B10_D1,250,0,131,0,0
G1_D1,861,0,40,0,0
B10_D1,850,0,335,0,0
B2_D1,569,0,362,0,0
B6_D1,474,0,416,0,0
B10_D1,958,0,15,0,0
B6_D1,690,0,35,0,0
B6_D1,802,0,186,0,0
G1_D1,424,0,7,0,0
B10_D1,31,0,112,0,0
B10_D1,700,0,9,0,0
B6_D1,695,0,505,0,0
B10_D1,561,0,0,0,0
B6_D1,293,0,152,0,0
G1_D1,940,0,325,0,0
B10_D1,26,0,188,0,0
B6_D1,217,0,238,0,0
B10_D1,278,0,246,0,0
B6_D1,753,0,197,0,0
G1_D1,525,0,21,0,0
B8_D1,120,0,331,0,0
B6_D1,636,0,1,0,0
B6_D1,733,0,276,0,0
B2_D1,840,0,23,0,0
B4_D1,994,0,13,0,0
B10_D1,708,0,273,0,0
B6_D1,438,0,109,0,0
B6_D1,1015,0,418,0,0
G1_D1,663,0,244,0,0
G1_D1,125,0,204,0,0
B6_D1,245,0,171,0,0
B6_D1,699,0,39,0,0
B6_D1,887,0,129,0,0
B10_D1,1007,0,64,0,0
B4_D1,653,0,304,0,0
G1_D1,154,0,3,0,0
G1_D1,1017,0,146,0,0
B10_D1,992,0,210,0,0
B6_D1,984,0,9,0,0
B2_D1,228,0,138,0,0
B2_D1,531,0,121,0,0
B6_D1,953,0,481,0,0
B10_D1,485,0,131,0,0
B6_D1,480,0,458,0,0
B10_D1,675,0,263,0,0
B4_D1,785,0,266,0,0
B6_D1,806,0,486,0,0
B6_D1,773,0,8,0,0
B6_D1,976,0,294,0,0
B6_D1,107,0,7,0,0
G1_D1,330,0,0,0,0
B6_D1,764,0,19,0,0
G1_D1,469,0,6,0,0
B10_D1,1002,0,52,0,0
G1_D1,17,0,37,0,0
B6_D1,935,0,250,0,0
B6_D1,68,0,508,0,0
B6_D1,563,0,13,0,0
B6_D1,1007,0,7,0,0
B2_D1,997,0,44,0,0
B10_D1,300,0,7,0,0
B10_D1,285,0,417,0,0
B6_D1,149,0,76,0,0
B10_D1,17,0,96,0,0
B4_D1,659,0,71,0,0
B4_D1,832,0,50,0,0
B6_D1,1012,0,2,0,0
B6_D1,3,0,317,0,0
B6_D1,20,0,251,0,0
B10_D1,653,0,444,0,0
B10_D1,448,0,197,0,0
B6_D1,122,0,112,0,0
B6_D1,896,0,224,0,0
B6_D1,35,0,505,0,0
G1_D1,734,0,17,0,0
B10_D1,595,0,189,0,0
B6_D1,189,0,105,0,0
B10_D1,516,0,472,0,0
B6_D1,608,0,387,0,-1
G1_D1,996,0,188,0,0
G1_D1,19,0,35,0,0
B6_D1,348,0,216,0,0
B10_D1,757,0,461,0,0
B10_D1,425,0,451,0,0
G1_D1,765,0,208,0,0
B6_D1,8,0,266,0,0
B6_D1,273,0,267,0,0
B10_D1,1021,0,25,0,0
B6_D1,1014,0,165,0,0
G1_D1,152,0,234,0,0
B6_D1,862,0,375,0,0
B10_D1,737,0,446,0,0
B6_D1,436,0,21,0,0
B8_D1,1016,0,255,0,0
B6_D1,590,0,35,0,0
B2_D1,150,0,93,0,0
G1_D1,628,0,106,0,0
B4_D1,720,0,203,0,0
B10_D1,723,0,486,0,0
G1_D1,538,0,24,0,0
B6_D1,231,0,21,0,0
B6_D1,895,0,505,0,0
B6_D1,913,0,304,0,0
B6_D1,369,0,458,0,1
B6_D1,654,0,19,0,0
G1_D1,333,0,34,0,0
B6_D1,59,0,29,0,0
B10_D1,804,0,81,0,0
B10_D1,31,0,84,0,0
G1_D1,117,0,370,0,0
B10_D1,732,0,454,0,0
B6_D1,107,0,49,0,0
B6_D1,280,0,134,0,0
G1_D1,999,0,3,0,0
G1_D1,38,0,165,0,0
B6_D1,711,0,6,0,0
B10_D1,9,0,363,0,0
B8_D1,290,0,186,0,0
B10_D1,151,0,3,0,0
B6_D1,183,0,78,0,0
G1_D1,134,0,102,0,0
B10_D1,81,0,62,0,0
B10_D1,53,0,328,0,0
B10_D1,351,0,64,0,0
G1_D1,574,0,245,0,0
B6_D1,677,0,342,0,0
B10_D1,12,0,118,0,0
B10_D1,25,0,238,0,0
B10_D1,496,0,511,0,0
G1_D1,135,0,181,0,0
B4_D1,627,0,62,0,0
B2_D1,680,0,360,0,0
G1_D1,57,0,26,0,0
G1_D1,857,0,109,0,0
B10_D1,77,0,173,0,0
B6_D1,119,0,9,0,0
B4_D1,250,0,129,0,0
B8_D1,671,0,248,0,0
B10_D1,775,0,247,0,0
G1_D1,194,0,7,0,0
G1_D1,899,0,4,0,0
B10_D1,685,0,161,0,0
B10_D1,491,0,92,0,0
G1_D1,131,0,372,0,0
B6_D1,947,0,298,0,0
B10_D1,134,0,176,0,0
B6_D1,933,0,368,0,0
B6_D1,145,0,480,0,0
B4_D1,332,0,331,0,0
B4_D1,559,0,96,0,0
B6_D1,15,0,361,0,0
B6_D1,34,0,136,0,0
G1_D1,754,0,102,0,0
B10_D1,1009,0,488,0,0
B10_D1,568,0,205,0,0
B6_D1,494,0,186,0,0
G1_D1,668,0,473,0,0
G1_D1,452,0,89,0,0
G1_D1,610,0,444,0,0
G1_D1,25,0,145,0,0
B10_D1,163,0,288,0,0
B6_D1,34,0,14,0,0
G1_D1,860,0,470,0,0
B10_D1,847,0,212,0,0
B2_D1,953,0,72,0,0
B10_D1,887,0,365,0,0
B6_D1,240,0,45,0,0
B2_D1,388,0,480,0,0
G1_D1,639,0,10,0,0
B6_D1,285,0,292,0,0
B10_D1,31,0,81,0,0
B6_D1,56,0,350,0,-1
G1_D1,346,0,178,0,0
B6_D1,529,0,328,0,0
B6_D1,1020,0,419,0,0
B10_D1,67,0,284,0,0
B6_D1,275,0,0,0,0
B6_D1,126,0,173,0,0
G1_D1,177,0,408,0,0
B10_D1,912,0,265,0,0
B6_D1,283,0,49,0,0
G1_D1,541,0,32,0,0
B4_D1,803,0,18,0,0
B10_D1,335,0,218,0,0
G1_D1,934,0,11,0,0
G1_D1,675,0,25,0,0
B6_D1,874,0,4,0,0
B6_D1,424,0,29,0,0
B10_D1,653,0,493,0,0
B6_D1,786,0,200,0,0
B6_D1,1015,0,500,0,0
B10_D1,214,0,27,0,0
B6_D1,533,0,205,0,0
B6_D1,136,0,423,0,0
G1_D1,1021,0,55,0,0
B8_D1,1018,0,293,0,0
B6_D1,971,0,204,0,0
B2_D1,262,0,141,0,0
B6_D1,705,0,505,0,0
B10_D1,36,0,46,0,0
G1_D1,708,0,192,0,0
B6_D1,802,0,331,0,0
B6_D1,256,0,444,0,-1
B6_D1,265,0,187,0,0
B6_D1,2,0,163,0,0
B10_D1,755,0,469,0,0
B6_D1,567,0,377,0,-1
B10_D1,481,0,3,0,0
B10_D1,207,0,192,0,0
B10_D1,69,0,123,0,0
B6_D1,272,0,459,0,3
B10_D1,338,0,239,0,0
B6_D1,425,0,236,0,0
B10_D1,208,0,292,0,0
B10_D1,889,0,25,0,0
G1_D1,60,0,41,0,0
B6_D1,691,0,151,0,0
G1_D1,239,0,40,0,0
B10_D1,312,0,198,0,0
B6_D1,673,0,3,0,0
B6_D1,141,0,36,0,0
B6_D1,667,0,50,0,0
G1_D1,803,0,161,0,0
B10_D1,931,0,192,0,-1
G1_D1,876,0,120,0,0
G1_D1,255,0,234,0,0
B10_D1,244,0,354,0,0
B6_D1,106,0,426,0,0
B6_D1,188,0,141,0,0
B6_D1,602,0,81,0,0
B6_D1,404,0,50,0,0
G1_D1,613,0,232,0,0
B6_D1,605,0,264,0,0
B6_D1,601,0,287,0,0
B10_D1,77,0,75,0,0
B8_D1,694,0,309,0,0
B6_D1,228,0,327,0,0
B6_D1,370,0,477,0,0
B10_D1,969,0,9,0,0
B8_D1,874,0,234,0,0
B4_D1,26,0,50,0,0
B6_D1,636,0,368,0,0
G1_D1,3,0,489,0,0
B8_D1,117,0,202,0,0
B2_D1,689,0,36,0,0
B10_D1,138,0,283,0,0
B10_D1,42,0,118,0,0
B10_D1,71,0,74,0,0
B6_D1,485,0,45,0,0
B6_D1,118,0,28,0,0
G1_D1,249,0,13,0,0
B2_D1,452,0,30,0,0
B10_D1,679,0,393,0,0
G1_D1,874,0,97,0,0
B6_D1,165,0,453,0,0
B4_D1,506,0,94,0,0
B6_D1,192,0,331,0,0
B6_D1,244,0,499,0,0
B6_D1,591,0,266,0,0
B6_D1,711,0,36,0,0
B2_D1,248,0,60,0,0
G1_D1,899,0,9,0,0
B6_D1,629,0,429,0,0
B6_D1,848,0,71,0,0
B10_D1,983,0,469,0,-1
B6_D1,90,0,141,0,0
B6_D1,986,0,491,0,0
B4_D1,186,0,420,0,0
B10_D1,978,0,468,0,-1
B10_D1,740,0,123,0,0
B6_D1,680,0,267,0,0
G1_D1,726,0,166,0,0
B2_D1,456,0,488,0,0
B6_D1,291,0,344,0,0
G1_D1,253,0,490,0,0
B10_D1,903,0,119,0,0
B6_D1,46,0,324,0,0
B4_D1,537,0,267,0,0
B6_D1,424,0,44,0,0
G1_D1,372,0,193,0,0
B4_D1,116,0,43,0,0
B10_D1,436,0,311,0,0
B6_D1,120,0,452,0,0
B8_D1,492,0,292,0,0
B2_D1,719,0,139,0,0
B10_D1,656,0,385,0,0
B6_D1,658,0,483,0,0
B6_D1,98,0,310,0,0
G1_D1,799,0,444,0,0
G1_D1,32,0,17,0,0
B2_D1,685,0,360,0,0
B10_D1,845,0,107,0,0
G1_D1,776,0,387,0,0
B10_D1,820,0,243,0,0
B10_D1,477,0,117,0,0
G1_D1,493,0,227,0,0
B8_D1,4,0,282,0,0
B4_D1,3,0,374,0,0
B10_D1,807,0,267,0,0
B6_D1,157,0,366,0,0
B6_D1,414,0,447,0,0
G1_D1,1021,0,463,0,0
G1_D1,774,0,325,0,0
B6_D1,107,0,82,0,0
B6_D1,721,0,506,0,0
G1_D1,170,0,285,0,0
G1_D1,978,0,215,0,0
B2_D1,794,0,467,0,0
B10_D1,371,0,313,0,4
G1_D1,157,0,273,0,0
B10_D1,695,0,74,0,0
B4_D1,179,0,136,0,0
B2_D1,659,0,511,0,0
B6_D1,798,0,211,0,0
G1_D1,989,0,60,0,0
G1_D1,1017,0,399,0,0
B6_D1,11,0,236,0,0
B6_D1,140,0,137,0,0
B10_D1,300,0,153,0,0
B6_D1,163,0,397,0,0
B10_D1,312,0,75,0,0
G1_D1,217,0,60,0,0
B2_D1,132,0,122,0,0
B10_D1,550,0,324,0,0
B10_D1,60,0,306,0,0
G1_D1,79,0,10,0,0
B4_D1,542,0,205,0,0
G1_D1,198,0,35,0,0
B6_D1,911,0,285,0,0
B4_D1,262,0,257,0,0
B6_D1,666,0,376,0,0
B4_D1,703,0,191,0,0
B4_D1,34,0,285,0,0
B2_D1,653,0,479,0,0
B6_D1,132,0,311,0,0
G1_D1,112,0,398,0,0
G1_D1,439,0,35,0,0
G1_D1,930,0,251,0,0
B2_D1,907,0,133,0,0
B6_D1,395,0,0,0,0
G1_D1,810,0,263,0,0
B6_D1,370,0,331,0,0
B10_D1,683,0,112,0,0
B6_D1,886,0,137,0,0
G1_D1,345,0,182,0,0
B6_D1,968,0,426,0,0
B2_D1,234,0,153,0,0
B10_D1,361,0,258,0,0
G1_D1,70,0,149,0,0
B6_D1,181,0,481,0,0
G1_D1,361,0,290,0,0
B10_D1,496,0,280,0,0
B4_D1,9,0,235,0,0
B6_D1,549,0,348,0,0
B10_D1,824,0,363,0,0
B6_D1,5,0,195,0,0
B6_D1,374,0,499,0,0
B4_D1,598,0,209,0,0
B6_D1,48,0,399,0,0
B6_D1,536,0,31,0,0
B6_D1,526,0,501,0,0
B6_D1,322,0,432,0,0
B10_D1,273,0,204,0,0
B6_D1,905,0,398,0,0
G1_D1,229,0,2,0,0
B6_D1,4,0,484,0,0
B6_D1,196,0,453,0,0
G1_D1,909,0,9,0,0
G1_D1,164,0,159,0,0
B6_D1,10,0,55,0,0
B10_D1,332,0,81,0,0
B4_D1,784,0,42,0,0
B10_D1,561,0,303,0,0
G1_D1,464,0,16,0,0
B10_D1,184,0,187,0,0
B6_D1,65,0,94,0,0
G1_D1,216,0,402,0,0
B6_D1,583,0,483,0,0
B4_D1,28,0,17,0,0
B6_D1,462,0,507,0,0
B10_D1,909,0,309,0,0
G1_D1,991,0,289,0,0
B2_D1,786,0,78,0,0
B10_D1,137,0,49,0,0
G1_D1,107,0,128,0,0
B6_D1,826,0,215,0,0
B10_D1,657,0,469,0,0
B6_D1,798,0,354,0,0
B2_D1,584,0,361,0,-1
B6_D1,469,0,301,0,0
B6_D1,671,0,384,0,0
B10_D1,119,0,38,0,0
B10_D1,151,0,289,0,0
B10_D1,433,0,285,0,0
G1_D1,911,0,313,0,0
B10_D1,395,0,266,0,0
B4_D1,133,0,359,0,0
B10_D1,574,0,122,0,0
B10_D1,676,0,3,0,0
B6_D1,955,0,429,0,0
B2_D1,409,0,289,0,0
B10_D1,149,0,295,0,0
B10_D1,502,0,244,0,0
B6_D1,850,0,485,0,0
B10_D1,985,0,42,0,0
B2_D1,932,0,65,0,0
B8_D1,468,0,200,0,0
G1_D1,37,0,226,0,0
G1_D1,707,0,50,0,0
B6_D1,740,0,347,0,0
G1_D1,41,0,144,0,0
B6_D1,817,0,350,0,0
B6_D1,1020,0,426,0,0
B6_D1,797,0,492,0,0
G1_D1,856,0,263,0,0
B6_D1,352,0,352,0,0
B6_D1,565,0,25,0,0
G1_D1,172,0,50,0,0
B6_D1,724,0,377,0,0
B6_D1,917,0,492,0,0
B10_D1,626,0,29,0,0
B6_D1,5,0,477,0,0
G1_D1,19,0,12,0,0
G1_D1,40,0,73,0,0
B6_D1,811,0,36,0,0
B6_D1,551,0,316,0,0
B6_D1,661,0,31,0,0
G1_D1,512,0,103,0,0
B6_D1,273,0,43,0,0
B6_D1,228,0,508,0,0
B6_D1,626,0,241,0,0
B10_D1,60,0,451,0,0
B6_D1,5,0,30,0,0
B10_D1,365,0,124,0,0
B10_D1,1014,0,478,0,0
B6_D1,679,0,9,0,0
B10_D1,364,0,114,0,0
G1_D1,37,0,236,0,0
G1_D1,1001,0,124,0,0
B10_D1,36,0,141,0,0
B6_D1,741,0,254,0,0
B2_D1,481,0,39,0,0
B10_D1,59,0,290,0,0
B10_D1,21,0,193,0,0
B6_D1,73,0,488,0,0
G1_D1,589,0,14,0,0
B6_D1,610,0,495,0,0
B6_D1,579,0,499,0,0
B6_D1,733,0,13,0,0
B10_D1,74,0,10,0,0
B10_D1,402,0,230,0,0
B10_D1,208,0,75,0,0
B10_D1,22,0,41,0,0
B10_D1,139,0,424,0,0
B6_D1,170,0,273,0,0
B2_D1,694,0,51,0,0
B6_D1,568,0,321,0,0
B6_D1,941,0,511,0,0
B2_D1,709,0,39,0,0
B10_D1,641,0,269,0,0
G1_D1,830,0,266,0,0
G1_D1,550,0,67,0,0
B6_D1,915,0,196,0,-1
B6_D1,538,0,488,0,0
B10_D1,702,0,450,0,0
B10_D1,944,0,84,0,0
B10_D1,197,0,107,0,0
B10_D1,583,0,118,0,0
B6_D1,995,0,278,0,0
B6_D1,977,0,27,0,0
G1_D1,868,0,118,0,0
B4_D1,116,0,83,0,0
B10_D1,664,0,247,0,0
B6_D1,625,0,56,0,0
B10_D1,596,0,285,0,0
B6_D1,801,0,11,0,0
B10_D1,918,0,16,0,0
B6_D1,87,0,280,0,0
G1_D1,323,0,96,0,0
B6_D1,254,0,196,0,0
B6_D1,841,0,46,0,0
B4_D1,164,0,53,0,0
B6_D1,879,0,149,0,0
B6_D1,104,0,287,0,0
B10_D1,784,0,10,0,0
G1_D1,429,0,8,0,0
B10_D1,327,0,6,0,0
B10_D1,134,0,10,0,0
G1_D1,22,0,273,0,0
B8_D1,134,0,75,0,0
G1_D1,664,0,8,0,0
G1_D1,371,0,1,0,0
B6_D1,694,0,303,0,0
B2_D1,694,0,178,0,0
B6_D1,254,0,24,0,0
B6_D1,896,0,67,0,0
G1_D1,375,0,408,0,0
B6_D1,746,0,199,0,0
B8_D1,621,0,224,0,0
B10_D1,135,0,111,0,0
B10_D1,346,0,263,0,0
G1_D1,314,0,8,0,0
B10_D1,787,0,47,0,0
G1_D1,143,0,414,0,0
B10_D1,472,0,52,0,0
B10_D1,239,0,251,0,0
B6_D1,699,0,34,0,0
G1_D1,585,0,0,0,0
B10_D1,632,0,474,0,0
B6_D1,207,0,309,0,0
B8_D1,29,0,324,0,0
B6_D1,360,0,434,0,2
B6_D1,317,0,235,0,0
B10_D1,349,0,33,0,0
B6_D1,8,0,102,0,0
B2_D1,713,0,472,0,0
B4_D1,783,0,269,0,0
B6_D1,678,0,306,0,0
B6_D1,384,0,4,0,0
G1_D1,754,0,11,0,0
B6_D1,979,0,297,0,0
G1_D1,353,0,51,0,0
B6_D1,766,0,16,0,0
B10_D1,442,0,108,0,0
B4_D1,182,0,36,0,0
B10_D1,834,0,237,0,0
B6_D1,513,0,273,0,0
B6_D1,847,0,136,0,0
B10_D1,190,0,242,0,0
G1_D1,472,0,105,0,0
B6_D1,150,0,387,0,0
G1_D1,787,0,18,0,0
B10_D1,606,0,196,0,0
G1_D1,197,0,371,0,0
G1_D1,922,0,20,0,0
G1_D1,804,0,422,0,0
B10_D1,725,0,161,0,0
B6_D1,874,0,484,0,0
B8_D1,273,0,326,0,0
B6_D1,735,0,45,0,0
B2_D1,854,0,254,0,0
B6_D1,656,0,305,0,0
B6_D1,41,0,324,0,0
B6_D1,26,0,207,0,0
B10_D1,91,0,97,0,0
B10_D1,214,0,62,0,0
B10_D1,944,0,54,0,0
B2_D1,812,0,466,0,-1
B10_D1,1014,0,473,0,0
B10_D1,79,0,84,0,0
B10_D1,328,0,49,0,0
B10_D1,249,0,38,0,0
B6_D1,740,0,53,0,0
G1_D1,1012,0,293,0,0
B6_D1,246,0,55,0,0
G1_D1,381,0,51,0,0
G1_D1,271,0,70,0,0
G1_D1,19,0,128,0,0
B6_D1,964,0,393,0,0
B8_D1,135,0,333,0,0
B10_D1,236,0,167,0,0
B10_D1,409,0,133,0,0
B4_D1,988,0,88,0,0
B4_D1,335,0,332,0,0
B10_D1,435,0,129,0,0
B10_D1,263,0,57,0,0
B4_D1,938,0,129,0,0
B6_D1,17,0,482,0,0
B10_D1,494,0,314,0,0
B10_D1,228,0,168,0,0
B10_D1,943,0,73,0,0
B10_D1,1023,0,405,0,0
B6_D1,159,0,169,0,0
G1_D1,329,0,482,0,0
B6_D1,361,0,486,0,0
B10_D1,447,0,22,0,0
G1_D1,329,0,8,0,0
B6_D1,741,0,1,0,0
B10_D1,380,0,412,0,0
B10_D1,581,0,502,0,0
G1_D1,1018,0,201,0,0
G1_D1,101,0,103,0,0
B10_D1,116,0,64,0,0
B6_D1,297,0,408,0,0
B6_D1,603,0,294,0,0
B6_D1,679,0,276,0,0
B10_D1,12,0,41,0,0
B6_D1,416,0,332,0,0
B6_D1,979,0,251,0,0
B10_D1,193,0,225,0,0
B10_D1,360,0,485,0,0
B6_D1,605,0,289,0,0
B6_D1,499,0,489,0,0
B6_D1,636,0,31,0,0
B6_D1,560,0,315,0,0
G1_D1,270,0,22,0,0
B4_D1,553,0,296,0,0
G1_D1,305,0,47,0,0
B4_D1,881,0,241,0,0
B10_D1,543,0,4,0,0
B10_D1,796,0,5,0,0
B10_D1,645,0,467,0,0
B6_D1,484,0,484,0,0
G1_D1,494,0,12,0,0
B4_D1,723,0,272,0,0
B4_D1,120,0,165,0,0
B8_D1,113,0,217,0,0
B2_D1,343,0,386,0,0
B10_D1,476,0,511,0,0
B6_D1,725,0,490,0,0
B10_D1,422,0,487,0,0
G1_D1,442,0,481,0,0
B6_D1,697,0,487,0,0
G1_D1,933,0,101,0,0
B10_D1,754,0,93,0,0
B10_D1,676,0,317,0,0
B4_D1,637,0,232,0,0
B10_D1,630,0,101,0,0
B10_D1,345,0,413,0,0
G1_D1,861,0,185,0,0
G1_D1,8,0,227,0,0
B2_D1,656,0,169,0,0
B6_D1,598,0,332,0,0
B6_D1,461,0,36,0,0
G1_D1,34,0,99,0,0
B10_D1,777,0,275,0,0
G1_D1,86,0,453,0,0
B6_D1,2,0,125,0,0
B6_D1,401,0,227,0,0
B6_D1,625,0,272,0,0
G1_D1,514,0,16,0,0
G1_D1,711,0,267,0,0
B10_D1,424,0,23,0,0
B4_D1,410,0,190,0,0
G1_D1,852,0,423,0,0
B2_D1,364,0,48,0,0
B6_D1,656,0,112,0,0
B8_D1,877,0,235,0,0
G1_D1,266,0,80,0,0
B6_D1,109,0,359,0,0
B2_D1,694,0,85,0,0
B10_D1,1005,0,113,0,0
B6_D1,480,0,347,0,0
B10_D1,423,0,123,0,0
G1_D1,36,0,159,0,0
B6_D1,751,0,383,0,-1
B10_D1,116,0,58,0,0
G1_D1,276,0,23,0,0
B6_D1,753,0,349,0,0
B10_D1,247,0,235,0,0
B10_D1,325,0,289,0,0
G1_D1,799,0,391,0,0
B10_D1,804,0,40,0,0
G1_D1,894,0,16,0,0
B6_D1,832,0,146,0,0
G1_D1,1016,0,62,0,0
B6_D1,908,0,465,0,0
B6_D1,343,0,76,0,0
B10_D1,441,0,504,0,0
B6_D1,982,0,37,0,0
B6_D1,809,0,24,0,0
B6_D1,372,0,410,0,0
B6_D1,306,0,501,0,0
B6_D1,899,0,318,0,0
B8_D1,983,0,241,0,0
B6_D1,198,0,434,0,0
B6_D1,9,0,438,0,0
G1_D1,261,0,44,0,0
B10_D1,62,0,119,0,0
B6_D1,871,0,52,0,0
B10_D1,331,0,64,0,0
B6_D1,817,0,42,0,0
B8_D1,817,0,304,0,0
B2_D1,946,0,4,0,0
G1_D1,776,0,306,0,0
B6_D1,476,0,290,0,0
B10_D1,909,0,120,0,0
B6_D1,734,0,288,0,0
B6_D1,407,0,258,0,0
B10_D1,739,0,93,0,0
B6_D1,712,0,110,0,0
B10_D1,501,0,87,0,0
B10_D1,857,0,33,0,0
B10_D1,741,0,90,0,0
G1_D1,901,0,272,0,0
G1_D1,989,0,99,0,0
B6_D1,540,0,302,0,0
B4_D1,710,0,301,0,0
B2_D1,678,0,479,0,0
B10_D1,532,0,277,0,0
B4_D1,658,0,283,0,0
G1_D1,29,0,7,0,0
B6_D1,1020,0,55,0,0
B6_D1,776,0,364,0,0
G1_D1,449,0,14,0,0
B6_D1,373,0,481,0,0
B10_D1,463,0,123,0,0
B10_D1,756,0,309,0,0
G1_D1,553,0,69,0,0
B6_D1,475,0,291,0,0
B10_D1,215,0,217,0,0
B6_D1,192,0,17,0,0
G1_D1,152,0,255,0,0
B10_D1,1021,0,100,0,0
G1_D1,899,0,16,0,0
B6_D1,304,0,484,0,0
G1_D1,299,0,3,0,0
B4_D1,161,0,2,0,0
B10_D1,546,0,315,0,0
G1_D1,74,0,5,0,0
B6_D1,809,0,198,0,0
G1_D1,604,0,9,0,0
B6_D1,892,0,305,0,0
G1_D1,954,0,17,0,0
G1_D1,768,0,472,0,0
B4_D1,757,0,223,0,0
B4_D1,224,0,62,0,0
G1_D1,580,0,289,0,0
B6_D1,323,0,143,0,0
B6_D1,745,0,104,0,0
B6_D1,65,0,425,0,0
G1_D1,132,0,96,0,0
G1_D1,986,0,157,0,0
B10_D1,495,0,166,0,0
B10_D1,905,0,313,0,0
B6_D1,659,0,484,0,0
B10_D1,331,0,185,0,0
B6_D1,789,0,247,0,0
G1_D1,274,0,8,0,0
B10_D1,15,0,176,0,0
B6_D1,743,0,328,0,0
G1_D1,638,0,300,0,0
B10_D1,24,0,83,0,0
G1_D1,639,0,5,0,0
G1_D1,40,0,164,0,0
B4_D1,428,0,378,0,0
B10_D1,433,0,81,0,0
B10_D1,302,0,405,0,0
B6_D1,68,0,95,0,0
B10_D1,664,0,161,0,0
B4_D1,66,0,277,0,0
B6_D1,876,0,486,0,0
B10_D1,909,0,99,0,0
B10_D1,481,0,481,0,0
B2_D1,639,0,164,0,0
B6_D1,183,0,18,0,0
B6_D1,680,0,275,0,0
B10_D1,781,0,274,0,0
B6_D1,764,0,509,0,0
B8_D1,199,0,192,0,0
B2_D1,837,0,466,0,-1
B10_D1,750,0,84,0,0
B6_D1,263,0,3,0,0
B6_D1,123,0,264,0,0
B6_D1,100,0,505,0,0
B10_D1,662,0,386,0,0
B10_D1,545,0,306,0,0
B10_D1,195,0,118,0,0
B6_D1,606,0,501,0,0
B6_D1,324,0,418,0,0
B6_D1,975,0,25,0,0
G1_D1,940,0,29,0,0
B10_D1,465,0,262,0,0
B6_D1,331,0,381,0,0
G1_D1,951,0,295,0,0
B2_D1,772,0,23,0,0
B10_D1,204,0,13,0,0
B2_D1,981,0,118,0,0
B10_D1,944,0,292,0,0
B4_D1,303,0,16,0,0
B10_D1,143,0,60,0,0
B6_D1,588,0,23,0,0
B4_D1,600,0,226,0,0
B6_D1,854,0,201,0,0
G1_D1,1022,0,415,0,0
G1_D1,843,0,77,0,0
B10_D1,432,0,22,0,0
B6_D1,730,0,5,0,0
B10_D1,757,0,315,0,0
G1_D1,495,0,144,0,0
B10_D1,299,0,78,0,0
B6_D1,86,0,491,0,0
B6_D1,588,0,43,0,0
B6_D1,130,0,35,0,0
G1_D1,89,0,5,0,0
B6_D1,443,0,51,0,0
B10_D1,987,0,38,0,0
B6_D1,11,0,36,0,0
B10_D1,1022,0,78,0,0
B2_D1,133,0,446,0,0
B6_D1,144,0,413,0,0
G1_D1,869,0,465,0,0
B10_D1,502,0,226,0,0
G1_D1,150,0,266,0,0
B6_D1,810,0,150,0,0
G1_D1,562,0,147,0,0
B4_D1,214,0,62,0,0
B6_D1,504,0,65,0,0
B2_D1,689,0,476,0,0
B10_D1,272,0,304,0,0
B6_D1,1,0,238,0,0
B6_D1,442,0,173,0,0
B6_D1,41,0,171,0,0
B6_D1,34,0,34,0,0
G1_D1,1005,0,271,0,0
B6_D1,996,0,31,0,0
B6_D1,558,0,49,0,0
B2_D1,278,0,200,0,0
B6_D1,706,0,281,0,0
B6_D1,223,0,508,0,0
B10_D1,136,0,307,0,0
B4_D1,763,0,262,0,0
B6_D1,346,0,218,0,0
B6_D1,306,0,151,0,0
G1_D1,201,0,70,0,0
B6_D1,491,0,246,0,0
G1_D1,785,0,422,0,0
B6_D1,510,0,242,0,0
B10_D1,669,0,97,0,0
B2_D1,152,0,271,0,0
B2_D1,183,0,408,0,0
G1_D1,65,0,271,0,0
G1_D1,146,0,265,0,0
B6_D1,2,0,397,0,0
B6_D1,890,0,194,0,0
B2_D1,566,0,472,0,0
G1_D1,15,0,345,0,0
B10_D1,5,0,191,0,0
B10_D1,768,0,374,0,0
B10_D1,701,0,481,0,0
G1_D1,125,0,457,0,0
G1_D1,311,0,90,0,0
B4_D1,112,0,80,0,0
B6_D1,602,0,297,0,0
G1_D1,134,0,11,0,0
B2_D1,805,0,361,0,0
B6_D1,1016,0,11,0,0
B10_D1,124,0,13,0,0
G1_D1,243,0,252,0,0
B6_D1,456,0,31,0,0
B6_D1,92,0,479,0,0
B6_D1,801,0,511,0,0
B2_D1,568,0,223,0,0
B6_D1,557,0,47,0,0
B6_D1,477,0,282,0,0
B4_D1,695,0,195,0,0
B10_D1,487,0,299,0,0
G1_D1,586,0,199,0,0
B6_D1,973,0,3,0,0
G1_D1,905,0,237,0,0
B6_D1,960,0,30,0,0
B4_D1,747,0,321,0,0
B6_D1,287,0,22,0,0
G1_D1,940,0,234,0,0
B6_D1,439,0,110,0,0
B6_D1,638,0,372,0,0
G1_D1,1011,0,168,0,0
B8_D1,982,0,244,0,0
G1_D1,158,0,108,0,0
G1_D1,802,0,23,0,0
B2_D1,788,0,130,0,0
G1_D1,753,0,79,0,0
B6_D1,750,0,35,0,0
B6_D1,974,0,178,0,0
B10_D1,9,0,315,0,0
B6_D1,519,0,60,0,0
B6_D1,937,0,497,0,0
B6_D1,738,0,480,0,0
G1_D1,894,0,47,0,0
G1_D1,781,0,109,0,0
B10_D1,988,0,207,0,0
B10_D1,772,0,270,0,0
B10_D1,156,0,83,0,0
B6_D1,716,0,11,0,0
B6_D1,125,0,315,0,0
B10_D1,190,0,241,0,0
B4_D1,23,0,18,0,0
B10_D1,379,0,10,0,0
B6_D1,218,0,184,0,0
B2_D1,884,0,168,0,0
B10_D1,91,0,64,0,0
B10_D1,380,0,17,0,0
B6_D1,994,0,121,0,0
G1_D1,675,0,22,0,0
B10_D1,573,0,406,0,0
B10_D1,938,0,339,0,0
B6_D1,641,0,112,0,0
B10_D1,865,0,129,0,0
B6_D1,335,0,477,0,0
B6_D1,871,0,41,0,0
G1_D1,193,0,235,0,0
B2_D1,821,0,43,0,0
B6_D1,433,0,18,0,0
B2_D1,335,0,488,0,0
G1_D1,721,0,323,0,0
B10_D1,37,0,130,0,0
B6_D1,680,0,318,0,0
B6_D1,747,0,270,0,0
B6_D1,964,0,19,0,0
G1_D1,153,0,78,0,0
B6_D1,66,0,180,0,0
G1_D1,558,0,95,0,0
B6_D1,889,0,14,0,0
B10_D1,583,0,218,0,0
B6_D1,401,0,262,0,0
B8_D1,474,0,203,0,0
B10_D1,1020,0,15,0,0
B10_D1,286,0,171,0,0
G1_D1,32,0,181,0,0
B6_D1,21,0,67,0,0
G1_D1,43,0,46,0,0
G1_D1,744,0,446,0,0
B6_D1,486,0,506,0,0
B6_D1,120,0,141,0,0
B2_D1,319,0,53,0,0
B6_D1,753,0,3,0,0
B10_D1,439,0,461,0,0
B10_D1,469,0,408,0,0
B10_D1,940,0,218,0,0
B10_D1,34,0,277,0,0
B10_D1,978,0,294,0,0
B10_D1,157,0,445,0,0
G1_D1,519,0,11,0,0
G1_D1,917,0,295,0,0
B6_D1,165,0,197,0,0
B10_D1,635,0,310,0,0
G1_D1,20,0,305,0,0
B2_D1,731,0,510,0,0
B10_D1,573,0,319,0,0
B10_D1,70,0,321,0,0
B6_D1,82,0,497,0,0
B10_D1,665,0,304,0,0
B10_D1,279,0,10,0,0
B6_D1,74,0,382,0,0
G1_D1,753,0,211,0,0
B6_D1,227,0,307,0,0
G1_D1,849,0,78,0,0
G1_D1,104,0,9,0,0
B6_D1,936,0,16,0,0
B6_D1,407,0,152,0,0
B6_D1,729,0,94,0,0
B2_D1,778,0,191,0,0
G1_D1,55,0,324,0,0
G1_D1,706,0,280,0,0
B6_D1,238,0,388,0,0
B4_D1,942,0,239,0,0
B10_D1,725,0,265,0,0
B6_D1,208,0,389,0,0
B6_D1,880,0,15,0,0
G1_D1,586,0,170,0,0
B6_D1,653,0,185,0,0
B6_D1,1015,0,419,0,0
G1_D1,121,0,393,0,0
B6_D1,873,0,503,0,0
B6_D1,759,0,9,0,0
B10_D1,163,0,509,0,0
B6_D1,899,0,63,0,0
G1_D1,1019,0,333,0,0
B6_D1,166,0,234,0,0
B6_D1,184,0,276,0,0
B10_D1,39,0,83,0,0
G1_D1,76,0,15,0,0
B10_D1,476,0,159,0,0
B6_D1,795,0,510,0,0
G1_D1,20,0,230,0,0
B10_D1,234,0,8,0,0
B10_D1,367,0,31,0,0
G1_D1,382,0,50,0,0
B6_D1,895,0,35,0,0
B10_D1,183,0,75,0,0
B6_D1,92,0,196,0,0
B10_D1,810,0,454,0,0
B6_D1,782,0,115,0,0
B10_D1,79,0,309,0,0
B4_D1,21,0,19,0,0
B6_D1,721,0,511,0,0
B6_D1,129,0,82,0,0
B2_D1,717,0,225,0,-1
B4_D1,915,0,120,0,0
B6_D1,817,0,259,0,0
B6_D1,397,0,352,0,-1
B6_D1,328,0,480,0,0
B6_D1,436,0,125,0,0
B6_D1,546,0,349,0,0
G1_D1,740,0,510,0,0
B6_D1,635,0,173,0,0
B4_D1,162,0,69,0,0
G1_D1,107,0,186,0,0
B6_D1,442,0,120,0,0
B10_D1,942,0,61,0,0
B10_D1,758,0,113,0,0
B6_D1,45,0,245,0,0
B6_D1,431,0,350,0,0
B6_D1,130,0,142,0,0
B10_D1,1,0,511,0,0
B6_D1,828,0,480,0,0
B2_D1,431,0,510,0,0
B10_D1,675,0,412,0,0
B10_D1,435,0,341,0,0
B6_D1,821,0,501,0,0
G1_D1,345,0,309,0,0
B4_D1,444,0,419,0,0
B6_D1,392,0,459,0,0
G1_D1,984,0,83,0,0
B6_D1,381,0,215,0,0
B10_D1,681,0,420,0,0
B10_D1,822,0,317,0,0
B10_D1,214,0,507,0,0
B6_D1,570,0,15,0,0
B10_D1,896,0,10,0,0
B4_D1,131,0,180,0,0
G1_D1,105,0,421,0,0
B10_D1,834,0,382,0,0
B6_D1,708,0,33,0,0
B10_D1,845,0,195,0,0
B10_D1,619,0,28,0,0
B2_D1,167,0,470,0,0
B10_D1,207,0,429,0,0
B8_D1,7,0,248,0,0
G1_D1,401,0,121,0,0
B10_D1,413,0,82,0,0
B4_D1,959,0,233,0,0
B6_D1,936,0,272,0,0
B10_D1,365,0,61,0,0
B10_D1,291,0,36,0,0
B6_D1,228,0,193,0,0
B10_D1,129,0,272,0,0
B6_D1,767,0,60,0,0
B6_D1,211,0,111,0,0
B6_D1,109,0,34,0,0
B6_D1,856,0,21,0,0
B10_D1,26,0,325,0,0
G1_D1,980,0,24,0,0
B6_D1,427,0,320,0,0
B10_D1,19,0,153,0,0
B4_D1,56,0,1,0,0
B6_D1,679,0,330,0,0
B6_D1,124,0,4,0,0
B6_D1,165,0,150,0,0
G1_D1,412,0,18,0,0
G1_D1,36,0,177,0,0
G1_D1,223,0,151,0,0
B6_D1,568,0,3,0,0
B10_D1,621,0,50,0,0
B2_D1,530,0,481,0,0
G1_D1,159,0,11,0,0
B10_D1,779,0,54,0,0
B10_D1,363,0,35,0,0
B6_D1,545,0,287,0,0
B10_D1,338,0,166,0,0
B6_D1,885,0,40,0,0
G1_D1,569,0,7,0,0
B6_D1,593,0,166,0,0
B10_D1,584,0,507,0,0
B6_D1,742,0,100,0,0
B10_D1,463,0,26,0,0
G1_D1,89,0,306,0,0
B6_D1,730,0,434,0,0
B4_D1,190,0,357,0,0
B6_D1,499,0,436,0,5
G1_D1,1004,0,13,0,0
B10_D1,6,0,47,0,0
B6_D1,258,0,483,0,0
B6_D1,751,0,511,0,0
G1_D1,311,0,49,0,0
B10_D1,632,0,153,0,0
B6_D1,55,0,121,0,0
B2_D1,108,0,21,0,0
B6_D1,463,0,62,0,0
B6_D1,333,0,225,0,0
G1_D1,270,0,398,0,0
B10_D1,722,0,336,0,0
B10_D1,859,0,334,0,0
B6_D1,909,0,242,0,0
B2_D1,739,0,28,0,0
B6_D1,194,0,105,0,0
B2_D1,848,0,30,0,0
B6_D1,880,0,139,0,0
B2_D1,794,0,281,0,0
B6_D1,676,0,265,0,0
B10_D1,496,0,124,0,0
B4_D1,691,0,19,0,0
B10_D1,649,0,454,0,0
B4_D1,437,0,422,0,0
B10_D1,430,0,327,0,0
B10_D1,731,0,318,0,0
B4_D1,846,0,90,0,0
B10_D1,472,0,338,0,0
B6_D1,616,0,349,0,0
G1_D1,340,0,267,0,0
B6_D1,548,0,503,0,0
G1_D1,1009,0,115,0,0
B10_D1,695,0,249,0,0
B6_D1,928,0,342,0,0
B2_D1,633,0,162,0,0
G1_D1,937,0,36,0,0
B10_D1,805,0,91,0,0
G1_D1,26,0,28,0,0
B2_D1,909,0,416,0,-1
G1_D1,194,0,16,0,0
B6_D1,951,0,470,0,0
B6_D1,871,0,21,0,0
B4_D1,2,0,335,0,0
B6_D1,347,0,2,0,0
G1_D1,246,0,126,0,0
B8_D1,779,0,227,0,0
B10_D1,529,0,276,0,0
B4_D1,749,0,289,0,0
G1_D1,367,0,276,0,0
B6_D1,346,0,292,0,0
B10_D1,716,0,88,0,0
B10_D1,950,0,247,0,0
G1_D1,901,0,307,0,0
B4_D1,745,0,292,0,0
G1_D1,901,0,15,0,0
B10_D1,129,0,173,0,0
B6_D1,794,0,19,0,0
B4_D1,1023,0,231,0,0
B4_D1,168,0,16,0,0
G1_D1,814,0,391,0,0
B6_D1,770,0,40,0,0
G1_D1,691,0,107,0,0
B10_D1,427,0,140,0,0
B6_D1,392,0,7,0,0
B10_D1,831,0,438,0,0
B10_D1,817,0,29,0,0
G1_D1,136,0,15,0,0
G1_D1,509,0,14,0,0
B10_D1,162,0,443,0,0
B10_D1,859,0,210,0,0
B10_D1,547,0,138,0,0
B6_D1,1005,0,35,0,0
B10_D1,274,0,156,0,0
B10_D1,808,0,51,0,0
B6_D1,548,0,289,0,0
B6_D1,172,0,492,0,0
B10_D1,642,0,172,0,0
B4_D1,348,0,219,0,0
B6_D1,547,0,22,0,0
B4_D1,988,0,60,0,0
G1_D1,349,0,206,0,0
B6_D1,228,0,389,0,0
B8_D1,475,0,292,0,0
B10_D1,662,0,65,0,0
B6_D1,553,0,49,0,0
B6_D1,472,0,294,0,0
G1_D1,11,0,51,0,0
G1_D1,166,0,505,0,0
B6_D1,90,0,186,0,0
B4_D1,547,0,142,0,0
B4_D1,532,0,380,0,0
B6_D1,829,0,191,0,0
B6_D1,916,0,70,0,0
B10_D1,299,0,135,0,0
G1_D1,516,0,30,0,0
B6_D1,147,0,37,0,0
G1_D1,489,0,14,0,0
B6_D1,399,0,65,0,0
G1_D1,74,0,502,0,0
G1_D1,774,0,10,0,0
B10_D1,3,0,386,0,0
B10_D1,541,0,185,0,0
G1_D1,841,0,79,0,0
B10_D1,26,0,3,0,0
B6_D1,544,0,363,0,0
B10_D1,678,0,112,0,0
B8_D1,507,0,292,0,0
B6_D1,381,0,478,0,0
B6_D1,154,0,494,0,0
B4_D1,1022,0,343,0,0
B10_D1,43,0,52,0,0
B10_D1,279,0,103,0,0
B10_D1,149,0,260,0,0
B6_D1,349,0,34,0,0
B6_D1,894,0,126,0,0
B10_D1,866,0,42,0,0
G1_D1,664,0,4,0,0
B4_D1,570,0,182,0,0
B6_D1,430,0,281,0,0
B4_D1,301,0,307,0,0
B6_D1,131,0,50,0,0
B10_D1,102,0,292,0,0
B6_D1,963,0,23,0,0
B6_D1,960,0,15,0,0
B6_D1,579,0,336,0,0
B6_D1,144,0,4,0,0
B10_D1,646,0,177,0,0
B10_D1,708,0,97,0,0
B10_D1,854,0,326,0,0
B6_D1,619,0,169,0,0
B2_D1,570,0,28,0,0
B10_D1,180,0,252,0,0
B6_D1,491,0,387,0,0
B6_D1,171,0,180,0,0
B10_D1,145,0,167,0,0
B6_D1,807,0,123,0,0
B10_D1,1018,0,464,0,0
B10_D1,409,0,227,0,0
B6_D1,42,0,125,0,0
G1_D1,744,0,16,0,0
B6_D1,908,0,3,0,0
B6_D1,208,0,79,0,0
G1_D1,464,0,85,0,0
G1_D1,862,0,249,0,0
B10_D1,0,0,342,0,0
B6_D1,233,0,508,0,0
G1_D1,55,0,169,0,0
B10_D1,397,0,151,0,0
B10_D1,539,0,271,0,0
B10_D1,327,0,50,0,0
G1_D1,1015,0,278,0,0
B6_D1,928,0,418,0,0
B10_D1,878,0,1,0,0
G1_D1,505,0,155,0,0
B10_D1,896,0,306,0,0
B6_D1,831,0,103,0,0
B6_D1,6,0,506,0,0
B2_D1,961,0,219,0,0
G1_D1,124,0,6,0,0
G1_D1,992,0,16,0,0
B10_D1,258,0,347,0,0
B2_D1,861,0,51,0,0
G1_D1,533,0,283,0,0
B6_D1,562,0,435,0,-1
G1_D1,1023,0,420,0,0
B6_D1,677,0,284,0,0
G1_D1,761,0,22,0,0
G1_D1,300,0,24,0,0
G1_D1,990,0,282,0,0
B10_D1,229,0,10,0,0
B6_D1,1001,0,46,0,0
B4_D1,93,0,276,0,0
B6_D1,2,0,196,0,0
B10_D1,234,0,174,0,0
B4_D1,261,0,237,0,0
B10_D1,45,0,277,0,0
G1_D1,48,0,84,0,0
B10_D1,983,0,172,0,0
B6_D1,257,0,361,0,0
B6_D1,514,0,163,0,0
B2_D1,479,0,487,0,0
B6_D1,212,0,331,0,0
B6_D1,33,0,18,0,0
B6_D1,735,0,456,0,0
B10_D1,375,0,166,0,0
B10_D1,835,0,14,0,0
G1_D1,614,0,117,0,0
B10_D1,301,0,9,0,0
B6_D1,1023,0,493,0,0
G1_D1,1017,0,282,0,0
B10_D1,597,0,142,0,0
B10_D1,999,0,16,0,0
B10_D1,159,0,230,0,0
B6_D1,169,0,19,0,0
G1_D1,489,0,346,0,0
B10_D1,961,0,3,0,0
B6_D1,856,0,127,0,0
B10_D1,715,0,403,0,0
B6_D1,751,0,243,0,0
B4_D1,571,0,248,0,0
G1_D1,281,0,266,0,0
G1_D1,547,0,149,0,0
B2_D1,387,0,493,0,0
B4_D1,92,0,296,0,0
B10_D1,394,0,342,0,0
G1_D1,41,0,276,0,0
B6_D1,367,0,413,0,0
B10_D1,175,0,167,0,0
B10_D1,64,0,190,0,0
B10_D1,441,0,1,0,0
B6_D1,62,0,203,0,0
B6_D1,578,0,488,0,0
B6_D1,196,0,426,0,0
B8_D1,701,0,311,0,0
G1_D1,76,0,21,0,0
G1_D1,784,0,64,0,0
B6_D1,72,0,269,0,0
B10_D1,449,0,476,0,0
B2_D1,535,0,365,0,0
G1_D1,990,0,198,0,0
B10_D1,621,0,228,0,0
B6_D1,1022,0,37,0,0
B6_D1,645,0,455,0,0
B10_D1,595,0,291,0,0
B10_D1,752,0,419,0,0
B2_D1,230,0,152,0,0
B10_D1,411,0,160,0,0
B10_D1,595,0,36,0,0
B10_D1,761,0,415,0,0
B6_D1,279,0,291,0,0
G1_D1,150,0,511,0,0
B10_D1,0,0,170,0,0
B2_D1,544,0,482,0,0
G1_D1,654,0,13,0,0
B4_D1,113,0,403,0,0
B10_D1,470,0,409,0,0
B6_D1,71,0,412,0,0
G1_D1,608,0,242,0,0
B10_D1,134,0,173,0,0
G1_D1,53,0,334,0,0
G1_D1,397,0,17,0,0
B10_D1,621,0,498,0,0
B10_D1,492,0,407,0,0
B4_D1,974,0,89,0,0
B10_D1,251,0,59,0,0
G1_D1,784,0,3,0,0
B10_D1,502,0,2,0,0
B10_D1,378,0,491,0,0
B10_D1,624,0,415,0,0
B4_D1,893,0,239,0,0
G1_D1,797,0,496,0,0
B10_D1,265,0,250,0,0
B6_D1,333,0,197,0,0
B10_D1,901,0,115,0,0
G1_D1,478,0,69,0,0
B10_D1,957,0,40,0,0
G1_D1,9,0,2,0,0
B4_D1,306,0,151,0,0
B6_D1,205,0,190,0,0
B10_D1,35,0,33,0,0
B6_D1,452,0,73,0,0
B10_D1,911,0,322,0,0
G1_D1,984,0,105,0,0
B10_D1,882,0,61,0,0
B10_D1,162,0,444,0,0
B10_D1,728,0,465,0,0
B4_D1,617,0,358,0,0
B6_D1,801,0,154,0,0
G1_D1,42,0,293,0,0
B10_D1,929,0,379,0,0
G1_D1,251,0,34,0,0
B6_D1,138,0,209,0,0
G1_D1,1000,0,59,0,0
B6_D1,48,0,43,0,0
B6_D1,95,0,84,0,0
G1_D1,163,0,224,0,0
B6_D1,381,0,144,0,0
B8_D1,87,0,143,0,0
B6_D1,268,0,28,0,0
G1_D1,1022,0,293,0,0
B2_D1,903,0,452,0,0
B10_D1,900,0,237,0,0
B8_D1,101,0,99,0,0
G1_D1,316,0,230,0,0
G1_D1,402,0,18,0,0
B6_D1,433,0,330,0,0
B10_D1,822,0,70,0,0
B10_D1,425,0,263,0,0
B6_D1,45,0,96,0,0
G1_D1,64,0,268,0,0
B2_D1,518,0,464,0,0
B6_D1,637,0,311,0,0
G1_D1,330,0,511,0,0
G1_D1,544,0,5,0,0
B6_D1,989,0,424,0,0
G1_D1,150,0,0,0,0
B6_D1,617,0,12,0,0
B6_D1,900,0,216,0,0
G1_D1,780,0,26,0,0
B4_D1,592,0,64,0,0
G1_D1,916,0,56,0,0
B6_D1,543,0,318,0,0
B10_D1,601,0,139,0,0
B10_D1,193,0,257,0,0
B4_D1,309,0,290,0,0
B10_D1,36,0,3,0,0
B6_D1,88,0,288,0,0
B6_D1,867,0,143,0,0
B4_D1,160,0,130,0,0
B6_D1,708,0,379,0,0
B10_D1,687,0,480,0,0
B10_D1,429,0,19,0,0
B6_D1,455,0,262,0,0
B8_D1,816,0,306,0,0
B10_D1,619,0,473,0,0
G1_D1,35,0,229,0,0
B6_D1,46,0,1,0,0
B10_D1,212,0,48,0,0
G1_D1,794,0,206,0,0
G1_D1,1015,0,97,0,0
G1_D1,279,0,238,0,0
B6_D1,492,0,437,0,5
B6_D1,541,0,31,0,0
B10_D1,123,0,48,0,0
G1_D1,843,0,302,0,0
B10_D1,303,0,327,0,0
G1_D1,603,0,187,0,0
B6_D1,539,0,238,0,0
G1_D1,329,0,14,0,0
B4_D1,866,0,70,0,0
B6_D1,804,0,14,0,0
G1_D1,563,0,458,0,0
B10_D1,784,0,15,0,0
G1_D1,23,0,100,0,0
B10_D1,468,0,482,0,0
B10_D1,373,0,509,0,0
B2_D1,587,0,115,0,0
B10_D1,941,0,506,0,0
B6_D1,453,0,318,0,0
B10_D1,5,0,128,0,0
G1_D1,981,0,14,0,0
B10_D1,391,0,502,0,0
B6_D1,670,0,224,0,0
B6_D1,546,0,491,0,0
B6_D1,665,0,126,0,0
G1_D1,572,0,158,0,0
B10_D1,465,0,202,0,0
B10_D1,511,0,472,0,0
G1_D1,512,0,481,0,0
B6_D1,389,0,146,0,0
B6_D1,648,0,8,0,0
B6_D1,389,0,155,0,0
B6_D1,16,0,90,0,0
B6_D1,969,0,489,0,0
B8_D1,560,0,289,0,0
B10_D1,885,0,241,0,0
B6_D1,382,0,226,0,0
B4_D1,906,0,129,0,0
B10_D1,590,0,173,0,0
G1_D1,800,0,212,0,0
B10_D1,471,0,135,0,0
B10_D1,405,0,485,0,0
B6_D1,865,0,312,0,0
B6_D1,159,0,365,0,0
B10_D1,110,0,336,0,0
B10_D1,592,0,315,0,0
B6_D1,162,0,145,0,0
B10_D1,162,0,107,0,0
G1_D1,586,0,73,0,0
B6_D1,217,0,132,0,0
G1_D1,21,0,320,0,0
B10_D1,497,0,306,0,0
B6_D1,2,0,405,0,0
B6_D1,945,0,260,0,0
B10_D1,647,0,172,0,0
G1_D1,176,0,129,0,0
B6_D1,55,0,94,0,0
B4_D1,2,0,127,0,0
G1_D1,886,0,1,0,0
B10_D1,458,0,312,0,0
B10_D1,552,0,158,0,0
B6_D1,434,0,355,0,0
B6_D1,505,0,20,0,0
B2_D1,732,0,359,0,0
B10_D1,515,0,153,0,0
B10_D1,481,0,159,0,0
B6_D1,642,0,342,0,0
B6_D1,582,0,227,0,0
B6_D1,959,0,400,0,0
B6_D1,819,0,39,0,0
B6_D1,394,0,29,0,0
G1_D1,694,0,106,0,0
B10_D1,358,0,236,0,0
B2_D1,261,0,489,0,0
B6_D1,28,0,73,0,0
B10_D1,274,0,133,0,0
G1_D1,699,0,42,0,0
B4_D1,842,0,221,0,0
B6_D1,756,0,200,0,0
B10_D1,537,0,90,0,0
B6_D1,112,0,22,0,0
B6_D1,787,0,102,0,0
B10_D1,151,0,243,0,0
B6_D1,527,0,391,0,0
B6_D1,680,0,30,0,0
B2_D1,650,0,51,0,0
B4_D1,73,0,82,0,0
G1_D1,701,0,464,0,0
G1_D1,925,0,238,0,0
B10_D1,793,0,69,0,0
G1_D1,25,0,189,0,0
B6_D1,629,0,484,0,0
B4_D1,183,0,279,0,0
B6_D1,739,0,268,0,0
B10_D1,1,0,235,0,0
B6_D1,606,0,108,0,0
B10_D1,588,0,54,0,0
B2_D1,814,0,467,0,-1
G1_D1,227,0,135,0,0
B10_D1,299,0,455,0,3
G1_D1,788,0,194,0,0
B4_D1,922,0,131,0,0
B10_D1,729,0,12,0,0
B6_D1,4,0,494,0,0
B10_D1,210,0,428,0,0
B10_D1,698,0,398,0,0
G1_D1,329,0,4,0,0
B10_D1,105,0,304,0,0
B6_D1,894,0,419,0,0
B4_D1,816,0,15,0,0
B10_D1,471,0,89,0,0
B6_D1,114,0,424,0,0
G1_D1,385,0,370,0,0
B4_D1,413,0,411,0,0
B8_D1,14,0,208,0,0
B10_D1,631,0,497,0,0
B6_D1,385,0,40,0,0
B6_D1,131,0,460,0,0
B6_D1,960,0,216,0,0
G1_D1,297,0,485,0,0
B10_D1,522,0,56,0,0
B6_D1,492,0,37,0,0
G1_D1,159,0,13,0,0
B6_D1,593,0,488,0,0
G1_D1,54,0,117,0,0
B6_D1,106,0,496,0,0
B10_D1,402,0,108,0,0
B10_D1,337,0,6,0,0
B10_D1,44,0,210,0,0
G1_D1,1012,0,318,0,0
B8_D1,127,0,263,0,0
B10_D1,336,0,43,0,0
B6_D1,1017,0,142,0,0
B10_D1,237,0,304,0,0
B6_D1,591,0,285,0,0
B2_D1,667,0,91,0,0
B6_D1,113,0,189,0,0
G1_D1,80,0,354,0,0
B10_D1,799,0,81,0,0
G1_D1,219,0,13,0,0
B6_D1,914,0,101,0,0
B10_D1,462,0,27,0,0
B6_D1,941,0,459,0,0
B6_D1,547,0,312,0,0
B6_D1,25,0,208,0,0
B6_D1,748,0,493,0,0
B4_D1,241,0,346,0,0
B6_D1,471,0,478,0,0
G1_D1,187,0,50,0,0
B2_D1,993,0,103,0,0
B6_D1,49,0,494,0,0
G1_D1,34,0,95,0,0
B6_D1,507,0,232,0,0
B8_D1,148,0,204,0,0
B8_D1,793,0,229,0,0
G1_D1,644,0,473,0,0
B10_D1,512,0,49,0,0
B6_D1,631,0,433,0,0
G1_D1,15,0,212,0,0
G1_D1,692,0,101,0,0
B6_D1,167,0,448,0,0
B6_D1,529,0,164,0,0
B6_D1,117,0,327,0,0
B4_D1,581,0,200,0,0
B6_D1,342,0,261,0,0
B6_D1,513,0,265,0,0
G1_D1,246,0,63,0,0
G1_D1,463,0,189,0,0
B2_D1,368,0,494,0,0
B6_D1,670,0,421,0,0
B10_D1,693,0,421,0,0
B6_D1,963,0,469,0,0
G1_D1,1016,0,274,0,0
G1_D1,184,0,10,0,0
G1_D1,923,0,73,0,0
B10_D1,234,0,273,0,0
B10_D1,24,0,240,0,0
B6_D1,1018,0,503,0,0
B6_D1,887,0,223,0,0
B6_D1,806,0,246,0,0
B10_D1,135,0,167,0,0
B4_D1,607,0,151,0,0
B4_D1,104,0,270,0,0
B6_D1,496,0,36,0,0
B10_D1,85,0,510,0,0
B10_D1,777,0,89,0,0
B10_D1,425,0,166,0,0
B2_D1,898,0,19,0,0
B10_D1,1020,0,29,0,0
B10_D1,699,0,313,0,0
B6_D1,648,0,302,0,0
B6_D1,146,0,330,0,0
G1_D1,123,0,137,0,0
B2_D1,905,0,134,0,0
B10_D1,3,0,171,0,0
B10_D1,373,0,260,0,0
B6_D1,790,0,490,0,0
B10_D1,46,0,77,0,0
B2_D1,225,0,204,0,0
B10_D1,962,0,261,0,0
B6_D1,556,0,59,0,0
B10_D1,113,0,120,0,0
B10_D1,894,0,96,0,0
B10_D1,652,0,275,0,0
B6_D1,260,0,194,0,0
B10_D1,741,0,45,0,0
B6_D1,885,0,138,0,0
B4_D1,8,0,222,0,0
B10_D1,359,0,34,0,0
B10_D1,536,0,245,0,0
B2_D1,675,0,174,0,0
B10_D1,555,0,233,0,0
B10_D1,425,0,17,0,0
B6_D1,579,0,435,0,-1
B2_D1,884,0,89,0,0
B6_D1,790,0,95,0,0
B6_D1,543,0,290,0,0
B10_D1,1022,0,160,0,0
B8_D1,412,0,284,0,0
B10_D1,446,0,463,0,0
B4_D1,747,0,161,0,0
G1_D1,780,0,270,0,0
B6_D1,495,0,40,0,0
G1_D1,1006,0,62,0,0
G1_D1,199,0,143,0,0
B6_D1,503,0,503,0,0
G1_D1,139,0,134,0,0
G1_D1,44,0,256,0,0
B10_D1,663,0,380,0,0
B6_D1,486,0,6,0,0
B10_D1,937,0,27,0,0
B6_D1,63,0,470,0,0
G1_D1,853,0,176,0,0
B10_D1,29,0,274,0,0
B4_D1,125,0,97,0,0
B10_D1,82,0,121,0,0
B10_D1,627,0,236,0,0
B2_D1,412,0,10,0,0
B6_D1,671,0,199,0,0
B4_D1,214,0,184,0,0
B10_D1,257,0,6,0,0
B6_D1,491,0,506,0,0
B6_D1,562,0,288,0,0
B6_D1,293,0,3,0,0
B6_D1,240,0,490,0,0
B10_D1,471,0,159,0,0
B4_D1,45,0,291,0,0
B6_D1,448,0,508,0,0
G1_D1,1006,0,205,0,0
B6_D1,573,0,49,0,0
B6_D1,864,0,108,0,0
B10_D1,842,0,380,0,0
B6_D1,414,0,218,0,0
G1_D1,117,0,368,0,0
B6_D1,761,0,352,0,0
B6_D1,601,0,48,0,0
G1_D1,36,0,245,0,0
B10_D1,523,0,390,0,0
B10_D1,1021,0,210,0,0
G1_D1,154,0,99,0,0
B6_D1,386,0,280,0,0
G1_D1,972,0,31,0,0
B10_D1,454,0,342,0,0
B8_D1,313,0,187,0,0
B6_D1,107,0,250,0,7
G1_D1,214,0,2,0,0
B10_D1,822,0,496,0,0
B6_D1,281,0,199,0,0
B10_D1,528,0,265,0,0
B10_D1,525,0,161,0,0
B6_D1,392,0,382,0,0
G1_D1,395,0,390,0,0
B6_D1,142,0,497,0,0
G1_D1,183,0,67,0,0
B4_D1,877,0,149,0,0
B2_D1,792,0,76,0,0
B8_D1,361,0,293,0,0
B10_D1,48,0,141,0,0
B6_D1,475,0,347,0,0
B10_D1,148,0,213,0,0
B6_D1,552,0,436,0,-1
B6_D1,974,0,297,0,0
B10_D1,689,0,116,0,0
B6_D1,238,0,128,0,0
B10_D1,3,0,278,0,0
B4_D1,436,0,140,0,0
B6_D1,833,0,483,0,0
B4_D1,665,0,140,0,0
B2_D1,944,0,5,0,0
B6_D1,789,0,460,0,0
B10_D1,719,0,313,0,0
B4_D1,318,0,30,0,0
B10_D1,736,0,43,0,0
B10_D1,631,0,282,0,0
B6_D1,53,0,483,0,0
B6_D1,477,0,37,0,0
B6_D1,179,0,499,0,0
B6_D1,848,0,342,0,0
B6_D1,647,0,32,0,0
G1_D1,163,0,218,0,0
B6_D1,66,0,48,0,0
G1_D1,204,0,12,0,0
B6_D1,407,0,502,0,0
B4_D1,83,0,81,0,0
B6_D1,424,0,52,0,0
B6_D1,697,0,284,0,0
B6_D1,558,0,3,0,0
B6_D1,88,0,380,0,0
B6_D1,419,0,118,0,0
G1_D1,327,0,18,0,0
B6_D1,681,0,377,0,-1
G1_D1,264,0,59,0,0
B10_D1,457,0,300,0,0
B6_D1,2,0,17,0,0
B6_D1,592,0,27,0,0
B4_D1,901,0,254,0,0
G1_D1,159,0,510,0,0
B10_D1,805,0,447,0,0
B6_D1,803,0,61,0,0
B6_D1,378,0,288,0,0
G1_D1,281,0,411,0,0
B4_D1,303,0,282,0,0
B6_D1,498,0,503,0,0
B10_D1,206,0,224,0,0
G1_D1,368,0,43,0,0
B2_D1,13,0,129,0,0
G1_D1,282,0,263,0,0
B4_D1,319,0,302,0,0
B10_D1,15,0,74,0,0
B6_D1,796,0,388,0,0
B6_D1,28,0,503,0,0
B2_D1,325,0,138,0,0
B10_D1,710,0,271,0,0
B10_D1,381,0,502,0,0
B10_D1,728,0,1,0,0
B10_D1,692,0,293,0,0
G1_D1,84,0,2,0,0
B10_D1,614,0,262,0,0
B6_D1,993,0,314,0,0
B6_D1,5,0,250,0,0
B2_D1,387,0,46,0,0
B2_D1,550,0,363,0,0
B6_D1,331,0,496,0,0
B4_D1,791,0,216,0,0
G1_D1,716,0,268,0,0
B10_D1,36,0,392,0,0
B4_D1,881,0,217,0,0
B10_D1,382,0,2,0,0
B6_D1,935,0,303,0,0
B6_D1,89,0,44,0,0
B6_D1,215,0,460,0,0
B6_D1,567,0,54,0,0
B2_D1,443,0,213,0,0
B2_D1,393,0,480,0,0
B10_D1,479,0,74,0,0
G1_D1,306,0,98,0,0
B6_D1,735,0,274,0,0
B10_D1,699,0,197,0,0
B10_D1,713,0,107,0,0
B10_D1,711,0,402,0,0
G1_D1,865,0,213,0,0
B10_D1,497,0,6,0,0
B6_D1,487,0,388,0,0
B10_D1,477,0,133,0,0
B2_D1,398,0,492,0,0
B4_D1,690,0,308,0,0
B2_D1,416,0,511,0,0
B4_D1,612,0,184,0,0
B6_D1,135,0,456,0,0
G1_D1,809,0,73,0,0
B6_D1,383,0,157,0,0
B4_D1,449,0,424,0,0
B6_D1,397,0,293,0,0
G1_D1,784,0,307,0,0
B6_D1,760,0,50,0,0
B6_D1,493,0,292,0,0
G1_D1,157,0,25,0,0
B10_D1,341,0,92,0,0
B6_D1,431,0,496,0,0
B10_D1,24,0,153,0,0
B10_D1,778,0,325,0,0
G1_D1,217,0,61,0,0
B6_D1,183,0,279,0,0
B2_D1,244,0,481,0,0
B2_D1,106,0,100,0,0
B10_D1,462,0,338,0,0
B10_D1,25,0,85,0,0
B6_D1,441,0,442,0,0
B6_D1,518,0,498,0,0
B6_D1,354,0,155,0,0
B6_D1,79,0,473,0,0
B6_D1,132,0,167,0,0
B2_D1,797,0,35,0,0
G1_D1,440,0,74,0,0
B4_D1,147,0,271,0,0
B6_D1,825,0,130,0,0
B10_D1,902,0,305,0,0
B4_D1,26,0,20,0,0
B10_D1,178,0,14,0,0
B10_D1,688,0,112,0,0
G1_D1,194,0,14,0,0
B6_D1,425,0,237,0,0
B6_D1,757,0,17,0,0
B6_D1,910,0,431,0,0
B6_D1,181,0,486,0,0
G1_D1,40,0,54,0,0
B10_D1,283,0,323,0,0
B6_D1,403,0,314,0,4
B10_D1,498,0,99,0,0
B6_D1,241,0,245,0,0
B6_D1,422,0,231,0,0
B6_D1,264,0,489,0,0
B6_D1,215,0,130,0,0
B10_D1,290,0,55,0,0
G1_D1,346,0,15,0,0
G1_D1,697,0,100,0,0
G1_D1,724,0,106,0,0
B6_D1,107,0,475,0,0
B2_D1,767,0,74,0,0
G1_D1,11,0,243,0,0
B10_D1,311,0,265,0,0
B6_D1,513,0,38,0,0
B4_D1,578,0,198,0,0
G1_D1,276,0,37,0,0
B10_D1,821,0,10,0,0
G1_D1,398,0,237,0,0
B10_D1,596,0,147,0,0
B6_D1,539,0,509,0,0
B10_D1,748,0,87,0,0
B10_D1,612,0,215,0,0
B10_D1,784,0,45,0,0
G1_D1,979,0,4,0,0
B4_D1,24,0,271,0,0
B4_D1,348,0,16,0,0
B10_D1,361,0,237,0,0
B10_D1,395,0,168,0,0
G1_D1,770,0,101,0,0
B10_D1,684,0,165,0,0
B6_D1,132,0,27,0,0
B6_D1,575,0,289,0,0
B6_D1,118,0,416,0,0
B10_D1,840,0,422,0,0
G1_D1,78,0,50,0,0
B6_D1,946,0,491,0,0
B10_D1,496,0,160,0,0
B10_D1,543,0,311,0,0
B4_D1,170,0,114,0,0
B4_D1,164,0,131,0,0
B10_D1,123,0,179,0,0
G1_D1,32,0,231,0,0
G1_D1,61,0,63,0,0
B4_D1,926,0,15,0,0
G1_D1,39,0,98,0,0
G1_D1,103,0,293,0,0
B6_D1,809,0,9,0,0
B4_D1,235,0,277,0,0
B2_D1,93,0,27,0,0
B6_D1,504,0,354,0,-1
B10_D1,310,0,199,0,0
G1_D1,679,0,287,0,0
G1_D1,655,0,262,0,0
B6_D1,616,0,114,0,0
B4_D1,576,0,299,0,0
G1_D1,294,0,12,0,0
B10_D1,645,0,376,0,0
B6_D1,441,0,11,0,0
G1_D1,879,0,12,0,0
G1_D1,44,0,128,0,0
B6_D1,759,0,254,0,0
B6_D1,738,0,276,0,0
B2_D1,590,0,160,0,0
G1_D1,344,0,104,0,0
B6_D1,171,0,149,0,0
B6_D1,428,0,49,0,0
B6_D1,152,0,27,0,0
B6_D1,240,0,67,0,0
B10_D1,373,0,287,0,0
B4_D1,747,0,243,0,0
B6_D1,694,0,112,0,0
B6_D1,823,0,90,0,0
B6_D1,982,0,446,0,-1
B10_D1,677,0,64,0,0
B6_D1,550,0,5,0,0
B10_D1,187,0,62,0,0
B10_D1,579,0,111,0,0
B4_D1,210,0,145,0,0
B10_D1,730,0,271,0,0
B10_D1,498,0,307,0,0
G1_D1,187,0,340,0,0
B6_D1,185,0,274,0,0
B6_D1,52,0,475,0,0
B10_D1,481,0,63,0,0
G1_D1,188,0,56,0,0
B6_D1,174,0,75,0,0
B6_D1,97,0,200,0,0
B4_D1,846,0,97,0,0
B6_D1,148,0,204,0,0
B10_D1,657,0,65,0,0
G1_D1,284,0,12,0,0
B6_D1,901,0,506,0,0
B6_D1,916,0,511,0,0
G1_D1,1009,0,283,0,0
B10_D1,363,0,174,0,0
B6_D1,892,0,167,0,0
B10_D1,274,0,33,0,0
B6_D1,451,0,106,0,0
B6_D1,743,0,290,0,0
G1_D1,768,0,66,0,0
B10_D1,770,0,463,0,0
G1_D1,929,0,287,0,0
B6_D1,667,0,452,0,0
G1_D1,1020,0,78,0,0
B10_D1,415,0,284,0,0
B10_D1,6,0,218,0,0
B6_D1,323,0,503,0,0
B2_D1,684,0,433,0,0
B4_D1,712,0,103,0,0
B6_D1,194,0,382,0,0
B2_D1,355,0,385,0,0
B6_D1,704,0,509,0,0
B10_D1,463,0,124,0,0
B10_D1,519,0,305,0,0
G1_D1,33,0,265,0,0
B6_D1,789,0,162,0,0
B10_D1,632,0,43,0,0
G1_D1,1019,0,325,0,0
B6_D1,409,0,260,0,0
B10_D1,250,0,61,0,0
G1_D1,762,0,511,0,0
B10_D1,469,0,476,0,0
B10_D1,503,0,120,0,0
B10_D1,911,0,0,0,0
B10_D1,335,0,61,0,0
B10_D1,730,0,469,0,0
B6_D1,48,0,8,0,0
G1_D1,463,0,91,0,0
B10_D1,296,0,63,0,0
B10_D1,389,0,177,0,0
G1_D1,253,0,358,0,0
B10_D1,149,0,107,0,0
B10_D1,593,0,300,0,0
B8_D1,222,0,339,0,0
B6_D1,185,0,0,0,0
G1_D1,961,0,233,0,0
G1_D1,789,0,17,0,0
B4_D1,98,0,18,0,0
G1_D1,584,0,221,0,0
B6_D1,619,0,29,0,0
B8_D1,612,0,301,0,0
G1_D1,1014,0,7,0,0
B10_D1,201,0,161,0,0
B6_D1,681,0,190,0,0
B6_D1,126,0,314,0,0
B6_D1,389,0,75,0,0
B6_D1,428,0,479,0,0
B4_D1,753,0,74,0,0
B10_D1,741,0,61,0,0
B6_D1,937,0,42,0,0
G1_D1,937,0,48,0,0
B6_D1,277,0,459,0,3
B10_D1,513,0,27,0,0
B10_D1,645,0,84,0,0
B6_D1,902,0,62,0,0
B10_D1,430,0,16,0,0
B10_D1,832,0,88,0,0
B2_D1,682,0,432,0,0
B2_D1,0,0,95,0,0
B10_D1,712,0,461,0,0
B2_D1,178,0,236,0,0
B4_D1,5,0,200,0,0
B10_D1,19,0,233,0,0
B6_D1,880,0,490,0,0
B2_D1,451,0,31,0,0
B10_D1,768,0,63,0,0
B6_D1,846,0,511,0,0
B6_D1,772,0,244,0,0
G1_D1,471,0,241,0,0
B4_D1,786,0,82,0,0
G1_D1,54,0,96,0,0
B10_D1,555,0,256,0,0
G1_D1,874,0,7,0,0
B10_D1,696,0,269,0,0
B10_D1,488,0,167,0,0
B10_D1,1008,0,62,0,0
B2_D1,683,0,13,0,0
B10_D1,147,0,251,0,0
B8_D1,806,0,308,0,0
B6_D1,725,0,434,0,0
G1_D1,19,0,272,0,0
B2_D1,952,0,40,0,0
B2_D1,624,0,444,0,0
B10_D1,675,0,310,0,0
B6_D1,459,0,354,0,0
G1_D1,632,0,231,0,0
B6_D1,414,0,268,0,0
B10_D1,507,0,299,0,0
B6_D1,248,0,297,0,0
B6_D1,664,0,187,0,0
B6_D1,282,0,480,0,0
B6_D1,890,0,495,0,0
B10_D1,7,0,40,0,0
B6_D1,912,0,419,0,0
G1_D1,584,0,13,0,0
B10_D1,345,0,116,0,0
B10_D1,828,0,311,0,0
B6_D1,820,0,236,0,0
B10_D1,134,0,48,0,0
B10_D1,26,0,66,0,0
B6_D1,18,0,393,0,0
B6_D1,296,0,77,0,0
B2_D1,754,0,73,0,0
B6_D1,771,0,185,0,0
G1_D1,990,0,301,0,0
G1_D1,505,0,85,0,0
B10_D1,521,0,477,0,0
B10_D1,680,0,245,0,0
G1_D1,640,0,308,0,0
B10_D1,348,0,166,0,0
B2_D1,850,0,262,0,0
B10_D1,321,0,313,0,0
B6_D1,884,0,306,0,0
B10_D1,306,0,5,0,0
B10_D1,465,0,261,0,0
B10_D1,64,0,8,0,0
B6_D1,74,0,455,0,0
B10_D1,957,0,44,0,0
G1_D1,56,0,51,0,0
B4_D1,661,0,319,0,0
B6_D1,670,0,441,0,0
B10_D1,123,0,120,0,0
G1_D1,1002,0,104,0,0
B6_D1,144,0,484,0,0
B6_D1,30,0,510,0,0
G1_D1,366,0,458,0,1
G1_D1,22,0,76,0,0
B6_D1,72,0,418,0,0
B6_D1,958,0,117,0,0
B6_D1,696,0,342,0,0
B10_D1,868,0,257,0,0
B10_D1,417,0,498,0,0
B10_D1,147,0,62,0,0
B2_D1,885,0,30,0,0
G1_D1,931,0,15,0,0
B10_D1,634,0,48,0,0
B6_D1,20,0,101,0,0
B8_D1,124,0,207,0,0
B6_D1,22,0,297,0,0
B6_D1,883,0,421,0,0
B10_D1,596,0,122,0,0
B10_D1,833,0,424,0,0
B2_D1,681,0,76,0,0
G1_D1,730,0,469,0,0
B6_D1,259,0,252,0,0
B6_D1,930,0,20,0,0
G1_D1,146,0,1,0,0
B10_D1,867,0,263,0,0
B10_D1,642,0,36,0,0
B6_D1,384,0,104,0,0
B6_D1,331,0,1,0,0
B10_D1,183,0,66,0,0
B10_D1,579,0,11,0,0
G1_D1,336,0,23,0,0
B10_D1,874,0,10,0,0
B10_D1,56,0,178,0,0
G1_D1,789,0,263,0,0
B6_D1,121,0,124,0,0
B10_D1,915,0,15,0,0
B2_D1,341,0,161,0,0
B6_D1,891,0,68,0,0
B10_D1,465,0,37,0,0
B6_D1,204,0,489,0,0
B8_D1,664,0,308,0,0
B6_D1,969,0,143,0,0
B6_D1,686,0,377,0,0
B10_D1,74,0,59,0,0
B10_D1,764,0,91,0,0
B10_D1,137,0,273,0,0
B10_D1,537,0,309,0,0
G1_D1,677,0,115,0,0
B6_D1,950,0,40,0,0
G1_D1,158,0,409,0,0
B6_D1,320,0,154,0,0
B6_D1,888,0,481,0,0
B4_D1,395,0,402,0,0
B6_D1,647,0,12,0,0
G1_D1,108,0,197,0,0
B10_D1,382,0,173,0,0
B10_D1,33,0,53,0,0
B4_D1,503,0,53,0,0
B10_D1,398,0,66,0,0
G1_D1,35,0,220,0,0
B6_D1,159,0,76,0,0
B2_D1,585,0,152,0,0
B10_D1,527,0,6,0,0
B10_D1,753,0,111,0,0
G1_D1,354,0,273,0,0
G1_D1,104,0,131,0,0
B10_D1,682,0,321,0,0
G1_D1,130,0,22,0,0
B6_D1,978,0,8,0,0
B4_D1,455,0,237,0,0
B10_D1,92,0,12,0,0
B10_D1,737,0,77,0,0
B6_D1,702,0,398,0,0
B6_D1,43,0,403,0,0
B6_D1,535,0,277,0,0
B6_D1,644,0,83,0,0
B2_D1,806,0,1,0,0
B6_D1,772,0,247,0,0
B6_D1,871,0,327,0,0
B10_D1,864,0,372,0,0
G1_D1,979,0,7,0,0
B4_D1,1021,0,332,0,0
B10_D1,599,0,198,0,0
G1_D1,795,0,48,0,0
G1_D1,506,0,67,0,0
B2_D1,548,0,480,0,0
B4_D1,0,0,49,0,0
B10_D1,109,0,13,0,0
B10_D1,150,0,508,0,0
B4_D1,83,0,17,0,0
B10_D1,177,0,154,0,0
B6_D1,651,0,346,0,0
B8_D1,116,0,201,0,0
B4_D1,5,0,458,0,0
B10_D1,16,0,188,0,0
B6_D1,716,0,26,0,0
B6_D1,716,0,193,0,0
B6_D1,973,0,8,0,0
B6_D1,873,0,204,0,0
B10_D1,141,0,1,0,0
B6_D1,337,0,482,0,0
B10_D1,724,0,70,0,0
B6_D1,849,0,422,0,0
G1_D1,498,0,482,0,0
G1_D1,178,0,341,0,0
B10_D1,210,0,339,0,0
B2_D1,579,0,42,0,0
B6_D1,844,0,423,0,0
B10_D1,684,0,393,0,0
B6_D1,853,0,8,0,0
B6_D1,80,0,500,0,0
B10_D1,491,0,235,0,0
B10_D1,221,0,191,0,0
B10_D1,1006,0,38,0,0
G1_D1,593,0,225,0,0
B10_D1,9,0,390,0,0
G1_D1,28,0,46,0,0
B6_D1,662,0,110,0,0
G1_D1,38,0,498,0,0
B10_D1,878,0,39,0,0
B10_D1,1012,0,39,0,0
B2_D1,387,0,160,0,0
B6_D1,994,0,74,0,0
B6_D1,723,0,503,0,0
B6_D1,950,0,20,0,0
G1_D1,23,0,44,0,0
B2_D1,309,0,44,0,0
B6_D1,708,0,503,0,0
B10_D1,101,0,322,0,0
B6_D1,700,0,40,0,0
B8_D1,935,0,237,0,0
B10_D1,880,0,49,0,0
B6_D1,597,0,334,0,0
B6_D1,783,0,310,0,0
B10_D1,321,0,488,0,0
B10_D1,842,0,333,0,0
G1_D1,437,0,18,0,0
B10_D1,597,0,331,0,0
B10_D1,63,0,266,0,0
B2_D1,910,0,40,0,0
B6_D1,393,0,38,0,0
B6_D1,400,0,286,0,0
B8_D1,759,0,230,0,0
B10_D1,102,0,458,0,0
B6_D1,365,0,280,0,0
B10_D1,631,0,207,0,0
B10_D1,606,0,255,0,0
B6_D1,890,0,5,0,0
B10_D1,1021,0,53,0,0
B6_D1,793,0,23,0,0
B10_D1,644,0,307,0,0
B6_D1,361,0,167,0,0
B6_D1,653,0,277,0,0
G1_D1,344,0,479,0,0
G1_D1,59,0,40,0,0
B6_D1,536,0,478,0,0
B6_D1,52,0,7,0,0
B10_D1,219,0,452,0,0
B10_D1,1023,0,235,0,0
B10_D1,124,0,8,0,0
B6_D1,268,0,18,0,0
B10_D1,385,0,281,0,0
B6_D1,269,0,399,0,0
B4_D1,709,0,102,0,0
G1_D1,990,0,211,0,0
B2_D1,403,0,12,0,0
B6_D1,61,0,91,0,0
G1_D1,227,0,180,0,0
B2_D1,620,0,110,0,0
B6_D1,441,0,259,0,0
B10_D1,927,0,459,0,0
B4_D1,132,0,89,0,0
B6_D1,690,0,45,0,0
B6_D1,767,0,221,0,0
G1_D1,290,0,278,0,0
B6_D1,23,0,211,0,0
B4_D1,900,0,25,0,0
B10_D1,573,0,479,0,0
B10_D1,208,0,225,0,0
G1_D1,994,0,167,0,0
B10_D1,389,0,274,0,0
B10_D1,163,0,216,0,0
B10_D1,72,0,11,0,0
B6_D1,793,0,153,0,0
B6_D1,366,0,262,0,0
B10_D1,435,0,324,0,0
B2_D1,273,0,395,0,0
B6_D1,802,0,275,0,0
G1_D1,29,0,260,0,0
B10_D1,792,0,407,0,0
B4_D1,567,0,390,0,0
B6_D1,4,0,471,0,0
B4_D1,292,0,229,0,0
B10_D1,209,0,273,0,0
B2_D1,938,0,27,0,0
B4_D1,414,0,293,0,0
B4_D1,637,0,233,0,0
B10_D1,786,0,5,0,0
G1_D1,519,0,476,0,0
B4_D1,258,0,225,0,0
B2_D1,364,0,491,0,0
B6_D1,401,0,496,0,0
B10_D1,777,0,107,0,0
G1_D1,15,0,156,0,0
B10_D1,501,0,243,0,0
B10_D1,153,0,316,0,0
B10_D1,509,0,147,0,0
B6_D1,464,0,307,0,0
B6_D1,105,0,395,0,0
B10_D1,591,0,122,0,0
B6_D1,524,0,263,0,0
B6_D1,460,0,510,0,0
B6_D1,393,0,493,0,0
G1_D1,85,0,358,0,0
G1_D1,591,0,456,0,9
G1_D1,192,0,127,0,0
B6_D1,741,0,407,0,0
G1_D1,997,0,41,0,0
G1_D1,1019,0,294,0,0
G1_D1,292,0,485,0,0
B6_D1,109,0,463,0,0
B6_D1,568,0,23,0,0
B6_D1,742,0,58,0,0
B10_D1,219,0,69,0,0
B4_D1,733,0,270,0,0
B6_D1,2,0,72,0,0
B10_D1,191,0,262,0,0
B2_D1,253,0,482,0,0
B10_D1,321,0,185,0,0
B6_D1,836,0,1,0,0
B10_D1,157,0,282,0,0
G1_D1,343,0,95,0,0
B6_D1,261,0,381,0,0
B10_D1,480,0,77,0,0
B8_D1,116,0,132,0,0
B4_D1,4,0,485,0,0
G1_D1,786,0,130,0,0
G1_D1,149,0,226,0,0
B6_D1,87,0,22,0,0
G1_D1,950,0,0,0,0
B6_D1,277,0,17,0,0
G1_D1,446,0,241,0,0
B2_D1,387,0,204,0,0
B10_D1,165,0,48,0,0
B2_D1,855,0,103,0,0
B6_D1,641,0,369,0,0
B6_D1,416,0,6,0,0
B10_D1,848,0,36,0,0
B2_D1,648,0,105,0,0
G1_D1,929,0,4,0,0
B10_D1,264,0,354,0,0
B6_D1,115,0,390,0,0
B2_D1,199,0,56,0,0
B6_D1,998,0,88,0,0
G1_D1,599,0,217,0,0
G1_D1,671,0,121,0,0
B6_D1,38,0,3,0,0
B6_D1,600,0,10,0,0
B10_D1,789,0,260,0,0
B6_D1,694,0,44,0,0
B6_D1,1002,0,111,0,0
B6_D1,686,0,199,0,0
B6_D1,650,0,55,0,0
B6_D1,1014,0,313,0,0
B10_D1,294,0,200,0,0
B6_D1,826,0,506,0,0
B6_D1,674,0,24,0,0
B2_D1,603,0,288,0,0
B10_D1,470,0,53,0,0
B6_D1,368,0,38,0,0
B10_D1,119,0,346,0,0
B6_D1,784,0,107,0,0
B10_D1,195,0,210,0,0
B6_D1,54,0,126,0,0
B10_D1,182,0,39,0,0
G1_D1,799,0,339,0,0
B6_D1,62,0,7,0,0
B6_D1,242,0,2,0,0
G1_D1,164,0,68,0,0
G1_D1,390,0,223,0,0
B10_D1,904,0,255,0,0
G1_D1,987,0,290,0,0
B6_D1,103,0,140,0,0
B10_D1,434,0,342,0,0
B2_D1,920,0,40,0,0
B10_D1,606,0,0,0,0
B4_D1,334,0,328,0,0
B10_D1,475,0,495,0,0
B10_D1,823,0,64,0,0
G1_D1,511,0,83,0,0
B6_D1,596,0,393,0,0
B6_D1,275,0,134,0,0
B10_D1,34,0,163,0,0
B6_D1,369,0,370,0,0
B6_D1,0,0,119,0,0
B6_D1,276,0,16,0,0
G1_D1,199,0,2,0,0
B4_D1,283,0,261,0,0
B6_D1,190,0,495,0,0
B2_D1,370,0,488,0,0
G1_D1,26,0,280,0,0
B6_D1,352,0,487,0,0
G1_D1,40,0,189,0,0
B10_D1,177,0,63,0,0
B6_D1,87,0,200,0,0
B6_D1,361,0,327,0,0
B4_D1,553,0,77,0,0
B10_D1,533,0,247,0,0
G1_D1,904,0,12,0,0
B10_D1,694,0,188,0,0
G1_D1,1002,0,169,0,0
B6_D1,876,0,224,0,0
B6_D1,988,0,447,0,-1
B2_D1,317,0,54,0,0
B6_D1,85,0,30,0,0
B10_D1,458,0,474,0,0
B10_D1,479,0,274,0,0
B10_D1,633,0,129,0,0
B8_D1,1023,0,474,0,0
B6_D1,157,0,165,0,0
G1_D1,766,0,388,0,0
B10_D1,597,0,287,0,0
G1_D1,986,0,158,0,0
B2_D1,73,0,510,0,0
B6_D1,43,0,493,0,0
B6_D1,597,0,171,0,0
B10_D1,951,0,281,0,0
B10_D1,52,0,273,0,0
B6_D1,507,0,283,0,0
B6_D1,478,0,330,0,0
B6_D1,876,0,147,0,0
B6_D1,730,0,347,0,0
B6_D1,293,0,143,0,0
B6_D1,181,0,506,0,0
B6_D1,961,0,265,0,0
B2_D1,730,0,188,0,0
B6_D1,265,0,242,0,0
B6_D1,426,0,491,0,0
B2_D1,779,0,467,0,0
B6_D1,221,0,85,0,0
B6_D1,896,0,391,0,0
B4_D1,774,0,299,0,0
B6_D1,352,0,208,0,0
B6_D1,348,0,427,0,0
B6_D1,148,0,471,0,0
B10_D1,449,0,157,0,0
B4_D1,121,0,344,0,0
B4_D1,313,0,16,0,0
B10_D1,609,0,413,0,0
B6_D1,39,0,489,0,0
B10_D1,1019,0,473,0,0
B10_D1,32,0,267,0,0
B6_D1,289,0,9,0,0
B10_D1,197,0,285,0,0
B6_D1,703,0,488,0,0
G1_D1,94,0,91,0,0
B6_D1,692,0,473,0,0
B6_D1,531,0,48,0,0
B6_D1,4,0,92,0,0
B2_D1,282,0,198,0,0
B6_D1,318,0,121,0,0
B4_D1,116,0,47,0,0
B2_D1,305,0,490,0,0
G1_D1,262,0,180,0,0
B10_D1,483,0,124,0,0
B10_D1,735,0,122,0,0
B10_D1,351,0,112,0,0
B6_D1,690,0,231,0,0
B6_D1,670,0,161,0,0
G1_D1,642,0,474,0,0
B10_D1,405,0,135,0,0
B10_D1,104,0,165,0,0
B6_D1,816,0,383,0,0
B6_D1,613,0,503,0,0
B6_D1,944,0,44,0,0
G1_D1,494,0,332,0,0
B6_D1,0,0,467,0,0
B10_D1,6,0,207,0,0
B6_D1,585,0,40,0,0
B6_D1,982,0,482,0,0
B10_D1,246,0,285,0,0
B6_D1,646,0,346,0,0
B6_D1,822,0,128,0,0
B4_D1,129,0,124,0,0
G1_D1,1022,0,204,0,0
B10_D1,472,0,503,0,0
B6_D1,364,0,102,0,0
B10_D1,204,0,228,0,0
B2_D1,352,0,204,0,0
B10_D1,890,0,357,0,0
B4_D1,997,0,85,0,0
B10_D1,415,0,16,0,0
G1_D1,682,0,18,0,0
B10_D1,586,0,511,0,0
B10_D1,876,0,0,0,0
B6_D1,510,0,15,0,0
B10_D1,761,0,487,0,0
B4_D1,497,0,431,0,5
B6_D1,704,0,365,0,0
B2_D1,699,0,63,0,0
B4_D1,768,0,254,0,0
B10_D1,445,0,479,0,0
B10_D1,102,0,160,0,0
B10_D1,316,0,98,0,0
B4_D1,983,0,68,0,0
G1_D1,265,0,133,0,0
G1_D1,537,0,149,0,0
G1_D1,298,0,105,0,0
B6_D1,308,0,132,0,0
B10_D1,242,0,80,0,0
G1_D1,760,0,105,0,0
B6_D1,496,0,21,0,0
B6_D1,687,0,440,0,0
B6_D1,765,0,295,0,0
B6_D1,645,0,344,0,0
B6_D1,699,0,9,0,0
G1_D1,360,0,511,0,0
B2_D1,0,0,76,0,0
B10_D1,755,0,363,0,0
B4_D1,685,0,54,0,0
B8_D1,86,0,164,0,0
B6_D1,482,0,32,0,0
B6_D1,774,0,397,0,0
G1_D1,245,0,234,0,0
G1_D1,130,0,63,0,0
B6_D1,224,0,499,0,0
B6_D1,756,0,52,0,0
B10_D1,767,0,89,0,0
B6_D1,582,0,171,0,0
B10_D1,597,0,219,0,0
B10_D1,866,0,206,0,0
B4_D1,592,0,217,0,0
B10_D1,289,0,95,0,0
G1_D1,26,0,290,0,0
G1_D1,461,0,102,0,0
B6_D1,803,0,217,0,0
B4_D1,783,0,14,0,0
B10_D1,283,0,321,0,0
B10_D1,601,0,44,0,0
B6_D1,156,0,426,0,-1
B4_D1,47,0,163,0,0
B10_D1,493,0,169,0,0
B6_D1,535,0,45,0,0
B6_D1,415,0,148,0,0
B2_D1,429,0,43,0,0
B6_D1,356,0,292,0,0
B6_D1,189,0,118,0,0
G1_D1,242,0,298,0,0
B10_D1,22,0,23,0,0
B10_D1,32,0,131,0,0
B10_D1,68,0,328,0,0
B10_D1,332,0,97,0,0
B10_D1,1010,0,26,0,0
B6_D1,272,0,132,0,0
B10_D1,847,0,351,0,0
G1_D1,519,0,477,0,0
G1_D1,883,0,135,0,0
B6_D1,195,0,78,0,0
B4_D1,31,0,27,0,0
B6_D1,697,0,408,0,0
B10_D1,242,0,310,0,0
B10_D1,873,0,497,0,0
B2_D1,150,0,137,0,0
B10_D1,756,0,451,0,0
B6_D1,373,0,349,0,0
B4_D1,34,0,3,0,0
G1_D1,29,0,468,0,0
B4_D1,608,0,299,0,0
B6_D1,1023,0,488,0,0
B2_D1,659,0,19,0,0
B10_D1,903,0,53,0,0
G1_D1,464,0,6,0,0
B6_D1,910,0,144,0,0
G1_D1,714,0,286,0,0
B4_D1,908,0,62,0,0
G1_D1,27,0,394,0,0
B6_D1,442,0,432,0,0
B2_D1,785,0,73,0,0
B6_D1,991,0,11,0,0
B10_D1,1020,0,130,0,0
B6_D1,299,0,427,0,0
B4_D1,109,0,311,0,0
B4_D1,755,0,221,0,0
B10_D1,92,0,91,0,0
B10_D1,873,0,89,0,0
B10_D1,22,0,125,0,0
B6_D1,625,0,344,0,0
B6_D1,794,0,484,0,0
G1_D1,182,0,288,0,0
B6_D1,684,0,212,0,-1
B6_D1,870,0,0,0,0
B4_D1,515,0,61,0,0
B6_D1,26,0,71,0,0
B10_D1,601,0,105,0,0
B10_D1,1003,0,12,0,0
B10_D1,1016,0,308,0,0
B10_D1,396,0,101,0,0
B10_D1,668,0,444,0,0
B6_D1,247,0,17,0,0
B10_D1,281,0,315,0,0
B10_D1,109,0,497,0,0
B6_D1,15,0,209,0,0
B10_D1,435,0,100,0,0
B10_D1,252,0,42,0,0
B6_D1,697,0,2,0,0
B2_D1,789,0,60,0,0
B6_D1,195,0,500,0,0
G1_D1,1013,0,508,0,0
B10_D1,190,0,45,0,0
B10_D1,154,0,212,0,0
B10_D1,785,0,305,0,0
B4_D1,123,0,421,0,0
B2_D1,816,0,364,0,0
B6_D1,955,0,40,0,0
B10_D1,844,0,40,0,0
B6_D1,292,0,22,0,0
B6_D1,1001,0,31,0,0
B6_D1,539,0,271,0,0
B6_D1,934,0,409,0,-1
B6_D1,478,0,386,0,0
B6_D1,98,0,18,0,0
B10_D1,23,0,55,0,0
B4_D1,262,0,236,0,0
B6_D1,698,0,498,0,0
B4_D1,981,0,208,0,0
B6_D1,208,0,3,0,0
B10_D1,866,0,375,0,0
B8_D1,494,0,204,0,0
B10_D1,532,0,244,0,0
B6_D1,859,0,117,0,0
G1_D1,1002,0,125,0,0
B6_D1,50,0,121,0,0
B10_D1,504,0,127,0,0
B10_D1,284,0,416,0,0
B6_D1,45,0,162,0,0
B10_D1,838,0,1,0,0
G1_D1,783,0,194,0,0
G1_D1,785,0,132,0,0
B10_D1,113,0,189,0,0
B10_D1,710,0,440,0,0
B6_D1,393,0,483,0,0
G1_D1,876,0,70,0,0
B10_D1,883,0,358,0,0
B6_D1,39,0,19,0,0
G1_D1,851,0,213,0,0
G1_D1,34,0,113,0,0
B4_D1,43,0,274,0,0
B10_D1,177,0,72,0,0
G1_D1,979,0,275,0,0
B4_D1,943,0,292,0,0
B6_D1,789,0,239,0,0
B6_D1,758,0,290,0,0
B10_D1,581,0,207,0,0
B6_D1,3,0,141,0,0
B4_D1,206,0,19,0,0
B10_D1,688,0,246,0,0
B6_D1,935,0,277,0,0
B10_D1,50,0,116,0,0
G1_D1,55,0,75,0,0
G1_D1,953,0,460,0,0
B4_D1,939,0,20,0,0
B6_D1,856,0,131,0,0
B6_D1,405,0,247,0,0
G1_D1,133,0,371,0,0
B10_D1,217,0,48,0,0
B4_D1,2,0,353,0,0
B6_D1,675,0,288,0,0
B6_D1,837,0,502,0,0
B6_D1,72,0,328,0,0
B10_D1,705,0,9,0,0
B6_D1,696,0,41,0,0
B6_D1,465,0,381,0,0
B10_D1,669,0,413,0,0
G1_D1,95,0,41,0,0
B10_D1,338,0,125,0,0
G1_D1,29,0,10,0,0
G1_D1,466,0,140,0,0
B6_D1,381,0,11,0,0
B6_D1,168,0,221,0,0
B6_D1,641,0,506,0,0
B6_D1,824,0,122,0,0
B10_D1,167,0,165,0,0
B2_D1,258,0,200,0,0
B6_D1,759,0,452,0,0
B6_D1,686,0,200,0,0
B10_D1,197,0,215,0,0
G1_D1,902,0,261,0,0
B6_D1,884,0,365,0,0
B6_D1,533,0,503,0,0
B6_D1,670,0,418,0,0
B10_D1,137,0,12,0,0
B6_D1,715,0,456,0,0
B2_D1,982,0,32,0,0
B6_D1,597,0,37,0,0
B10_D1,517,0,407,0,0
B4_D1,648,0,228,0,0
B6_D1,61,0,1,0,0
B6_D1,626,0,496,0,0
B10_D1,439,0,315,0,0
G1_D1,19,0,24,0,0
B10_D1,836,0,438,0,0
B10_D1,586,0,322,0,0
G1_D1,989,0,105,0,0
B6_D1,646,0,359,0,0
B6_D1,980,0,25,0,0
B10_D1,136,0,9,0,0
B4_D1,129,0,96,0,0
G1_D1,596,0,220,0,0
B6_D1,188,0,479,0,0
B10_D1,61,0,62,0,0
B6_D1,937,0,22,0,0
B10_D1,345,0,17,0,0
B6_D1,755,0,25,0,0
G1_D1,708,0,101,0,0
B4_D1,42,0,118,0,0
G1_D1,30,0,266,0,0
B10_D1,380,0,121,0,0
G1_D1,197,0,74,0,0
B6_D1,565,0,344,0,0
B6_D1,135,0,141,0,0
B6_D1,30,0,174,0,0
B6_D1,633,0,483,0,0
G1_D1,86,0,102,0,0
G1_D1,75,0,141,0,0
B6_D1,70,0,52,0,0
B6_D1,123,0,483,0,0
B10_D1,242,0,195,0,0
B6_D1,231,0,385,0,0
B10_D1,476,0,486,0,0
B8_D1,148,0,124,0,0
B4_D1,614,0,304,0,0
B10_D1,563,0,171,0,0
B10_D1,804,0,2,0,0
B6_D1,837,0,62,0,0
B10_D1,455,0,7,0,0
B10_D1,874,0,334,0,0
G1_D1,1013,0,75,0,0
B6_D1,842,0,487,0,0
B6_D1,544,0,340,0,0
B10_D1,460,0,111,0,0
B6_D1,773,0,38,0,0
G1_D1,56,0,170,0,0
B6_D1,870,0,15,0,0
B10_D1,919,0,221,0,0
B10_D1,648,0,153,0,0
G1_D1,534,0,469,0,0
B10_D1,240,0,155,0,0
G1_D1,274,0,60,0,0
B4_D1,605,0,301,0,0
B6_D1,693,0,348,0,0
B10_D1,87,0,30,0,0
B6_D1,975,0,358,0,-1
B10_D1,919,0,379,0,0
G1_D1,484,0,46,0,0
G1_D1,823,0,301,0,0
B10_D1,93,0,474,0,0
B6_D1,800,0,106,0,0
B6_D1,211,0,481,0,0
B10_D1,166,0,38,0,0
B10_D1,198,0,4,0,0
G1_D1,516,0,1,0,0
B6_D1,188,0,8,0,0
G1_D1,788,0,87,0,0
G1_D1,636,0,47,0,0
B10_D1,532,0,299,0,0
B6_D1,774,0,504,0,0
B10_D1,96,0,3,0,0
B2_D1,25,0,37,0,0
B6_D1,38,0,43,0,0
B6_D1,953,0,434,0,0
G1_D1,736,0,284,0,0
B10_D1,86,0,170,0,0
B6_D1,800,0,50,0,0
B6_D1,554,0,319,0,0
B6_D1,921,0,128,0,0
G1_D1,54,0,305,0,0
B10_D1,411,0,57,0,0
B10_D1,192,0,2,0,0
B10_D1,342,0,177,0,0
B10_D1,764,0,2,0,0
B10_D1,2,0,41,0,0
G1_D1,226,0,187,0,0
B2_D1,600,0,289,0,0
B6_D1,742,0,282,0,0
B6_D1,767,0,37,0,0
B10_D1,798,0,310,0,0
B10_D1,504,0,216,0,0
B10_D1,646,0,5,0,0
B6_D1,713,0,396,0,0
B10_D1,660,0,448,0,0
B6_D1,10,0,0,0,0
B4_D1,987,0,76,0,0
B10_D1,233,0,292,0,0
B2_D1,1023,0,336,0,0
B10_D1,780,0,49,0,0
B6_D1,204,0,332,0,0
B10_D1,428,0,32,0,0
B10_D1,28,0,189,0,0
B6_D1,952,0,465,0,0
B6_D1,202,0,386,0,0
B6_D1,401,0,31,0,0
B10_D1,199,0,218,0,0
B6_D1,817,0,448,0,0
G1_D1,789,0,322,0,0
B6_D1,519,0,354,0,8
B4_D1,732,0,268,0,0
B6_D1,451,0,41,0,0
G1_D1,86,0,454,0,0
B10_D1,225,0,339,0,0
B6_D1,198,0,450,0,0
B10_D1,783,0,272,0,0
B4_D1,419,0,385,0,0
G1_D1,269,0,240,0,0
B8_D1,953,0,1,0,0
G1_D1,220,0,410,0,0
B6_D1,629,0,276,0,0
G1_D1,805,0,72,0,0
B6_D1,750,0,198,0,0
B6_D1,267,0,27,0,0
G1_D1,1012,0,319,0,0
B10_D1,639,0,473,0,0
B2_D1,138,0,449,0,0
B6_D1,927,0,254,0,0
B10_D1,389,0,393,0,0
G1_D1,14,0,121,0,0
B6_D1,770,0,223,0,0
B4_D1,745,0,244,0,0
G1_D1,29,0,13,0,0
B10_D1,631,0,3,0,0
B6_D1,1012,0,17,0,0
B6_D1,921,0,224,0,0
B4_D1,612,0,204,0,0
G1_D1,714,0,6,0,0
B6_D1,114,0,489,0,0
B6_D1,636,0,63,0,0
B6_D1,131,0,271,0,0
G1_D1,464,0,61,0,0
B6_D1,750,0,485,0,0
B8_D1,252,0,185,0,0
G1_D1,793,0,117,0,0
B6_D1,184,0,121,0,0
B10_D1,804,0,93,0,0
G1_D1,939,0,14,0,0
G1_D1,145,0,103,0,0
B6_D1,565,0,347,0,0
B4_D1,1011,0,211,0,0
B6_D1,18,0,364,0,0
B10_D1,175,0,45,0,0
B6_D1,765,0,495,0,0
B10_D1,206,0,56,0,0
G1_D1,891,0,511,0,0
B10_D1,279,0,21,0,0
B6_D1,325,0,476,0,0
G1_D1,770,0,299,0,0
B6_D1,331,0,179,0,0
B6_D1,501,0,26,0,0
B6_D1,625,0,173,0,0
B4_D1,9,0,168,0,0
B10_D1,18,0,327,0,0
G1_D1,14,0,217,0,0
B4_D1,684,0,187,0,0
B6_D1,1017,0,507,0,0
B10_D1,374,0,179,0,0
B10_D1,728,0,341,0,0
B10_D1,316,0,3,0,0
G1_D1,579,0,143,0,0
B8_D1,463,0,200,0,0
G1_D1,997,0,135,0,0
B6_D1,178,0,196,0,0
B6_D1,475,0,385,0,0
B10_D1,561,0,280,0,0
G1_D1,971,0,74,0,0
B2_D1,970,0,8,0,0
B10_D1,10,0,254,0,0
G1_D1,65,0,269,0,0
G1_D1,604,0,17,0,0
B6_D1,776,0,154,0,0
B4_D1,257,0,52,0,0
G1_D1,319,0,2,0,0
B10_D1,473,0,230,0,0
B10_D1,969,0,111,0,0
B6_D1,775,0,365,0,0
B6_D1,584,0,484,0,0
B6_D1,253,0,3,0,0
B4_D1,933,0,110,0,0
G1_D1,593,0,226,0,0
B10_D1,619,0,415,0,0
B6_D1,171,0,407,0,0
B6_D1,728,0,479,0,0
B10_D1,551,0,258,0,0
G1_D1,826,0,232,0,0
B6_D1,148,0,446,0,0
B4_D1,228,0,56,0,0
B6_D1,807,0,333,0,0
G1_D1,981,0,18,0,0
G1_D1,543,0,111,0,0
G1_D1,207,0,59,0,0
B10_D1,528,0,326,0,0
B6_D1,533,0,3,0,0
B10_D1,516,0,139,0,0
B2_D1,740,0,81,0,0
B2_D1,541,0,39,0,0
B4_D1,718,0,32,0,0
G1_D1,774,0,11,0,0
B10_D1,463,0,267,0,0
B10_D1,260,0,253,0,0
G1_D1,142,0,373,0,0
G1_D1,1005,0,216,0,0
B6_D1,128,0,406,0,0
B4_D1,174,0,204,0,0
B6_D1,814,0,107,0,0
B6_D1,828,0,362,0,0
B6_D1,682,0,17,0,0
B10_D1,169,0,13,0,0
B4_D1,8,0,69,0,0
B6_D1,659,0,489,0,0
B6_D1,39,0,39,0,0
B8_D1,222,0,82,0,0
B10_D1,549,0,155,0,0
B6_D1,421,0,239,0,0
B6_D1,817,0,300,0,0
B8_D1,89,0,192,0,0
B10_D1,223,0,186,0,0
B6_D1,598,0,8,0,0
B6_D1,849,0,504,0,0
B10_D1,268,0,44,0,0
B6_D1,327,0,459,0,-1
B6_D1,241,0,481,0,0
B6_D1,438,0,359,0,0
B10_D1,785,0,110,0,0
B10_D1,261,0,353,0,0
B4_D1,214,0,61,0,0
B6_D1,254,0,423,0,0
B10_D1,928,0,336,0,0
B6_D1,177,0,475,0,0
G1_D1,246,0,124,0,0
B6_D1,454,0,229,0,0
G1_D1,555,0,201,0,0
B10_D1,737,0,510,0,0
B6_D1,870,0,229,0,0
B6_D1,294,0,427,0,0
B10_D1,292,0,35,0,0
B10_D1,311,0,311,0,0
G1_D1,415,0,269,0,0
B10_D1,890,0,298,0,0
G1_D1,156,0,254,0,0
B10_D1,454,0,509,0,0
B10_D1,447,0,237,0,0
B10_D1,436,0,5,0,0
B10_D1,182,0,158,0,0
G1_D1,0,0,257,0,0
G1_D1,32,0,487,0,0
B6_D1,682,0,273,0,0
B2_D1,340,0,492,0,0
G1_D1,261,0,34,0,0
B6_D1,776,0,260,0,0
B10_D1,498,0,281,0,0
B10_D1,423,0,14,0,0
B6_D1,101,0,41,0,0
B6_D1,738,0,240,0,0
G1_D1,859,0,233,0,0
B6_D1,589,0,29,0,0
G1_D1,361,0,228,0,0
B10_D1,124,0,191,0,0
B6_D1,458,0,172,0,0
B4_D1,3,0,37,0,0
B6_D1,546,0,223,0,0
B6_D1,535,0,304,0,0
B6_D1,193,0,148,0,0
B6_D1,730,0,191,0,0
B2_D1,480,0,369,0,0
B4_D1,180,0,118,0,0
G1_D1,1007,0,132,0,0
B4_D1,790,0,239,0,0
B10_D1,268,0,49,0,0
B6_D1,988,0,414,0,0
B4_D1,58,0,449,0,0
G1_D1,854,0,5,0,0
G1_D1,597,0,278,0,0
B10_D1,993,0,48,0,0
B6_D1,807,0,85,0,0
B6_D1,161,0,506,0,0
B6_D1,195,0,476,0,0
B6_D1,992,0,42,0,0
G1_D1,693,0,169,0,0
G1_D1,270,0,66,0,0
B4_D1,468,0,202,0,0
B10_D1,280,0,7,0,0
G1_D1,1009,0,148,0,0
B10_D1,429,0,8,0,0
B10_D1,259,0,69,0,0
G1_D1,847,0,243,0,0
B6_D1,952,0,138,0,0
B10_D1,808,0,1,0,0
G1_D1,415,0,121,0,0
G1_D1,512,0,511,0,0
B6_D1,413,0,43,0,0
G1_D1,662,0,472,0,0
B6_D1,972,0,492,0,0
B10_D1,663,0,418,0,0
B6_D1,814,0,29,0,0
B10_D1,627,0,139,0,0
G1_D1,66,0,98,0,0
B10_D1,513,0,34,0,0
B4_D1,736,0,33,0,0
B6_D1,279,0,484,0,0
B10_D1,40,0,265,0,0
G1_D1,517,0,271,0,0
B6_D1,195,0,274,0,0
G1_D1,51,0,105,0,0
G1_D1,177,0,70,0,0
G1_D1,755,0,208,0,0
B10_D1,505,0,484,0,0
B6_D1,904,0,459,0,0
B6_D1,341,0,486,0,0
B10_D1,66,0,290,0,0
B6_D1,966,0,245,0,0
B10_D1,161,0,170,0,0
B10_D1,694,0,393,0,0
B10_D1,615,0,132,0,0
B10_D1,399,0,268,0,0
B4_D1,731,0,33,0,0
G1_D1,193,0,35,0,0
B6_D1,669,0,184,0,0
B10_D1,44,0,274,0,0
B6_D1,768,0,469,0,0
B10_D1,240,0,35,0,0
G1_D1,700,0,53,0,0
B10_D1,898,0,1,0,0
B6_D1,821,0,188,0,0
B4_D1,160,0,6,0,0
B6_D1,636,0,16,0,0
B6_D1,741,0,250,0,0
B6_D1,778,0,309,0,0
B6_D1,536,0,187,0,0
B2_D1,282,0,45,0,0
B10_D1,202,0,131,0,0
B4_D1,647,0,229,0,0
G1_D1,119,0,501,0,0
B6_D1,623,0,365,0,0
B4_D1,630,0,150,0,0
B6_D1,995,0,40,0,0
B6_D1,750,0,295,0,0
B10_D1,6,0,141,0,0
B10_D1,175,0,425,0,0
B6_D1,553,0,498,0,0
G1_D1,495,0,321,0,0
B6_D1,915,0,10,0,0
B6_D1,469,0,227,0,0
B6_D1,379,0,146,0,0
B6_D1,157,0,492,0,0
B6_D1,748,0,329,0,0
B10_D1,824,0,213,0,0
B2_D1,627,0,147,0,0
B4_D1,316,0,98,0,0
B10_D1,324,0,62,0,0
B10_D1,690,0,73,0,0
B10_D1,630,0,245,0,0
B10_D1,827,0,282,0,0
B10_D1,965,0,112,0,0
B6_D1,933,0,87,0,0
B6_D1,49,0,136,0,0
G1_D1,750,0,21,0,0
B6_D1,781,0,358,0,0
B10_D1,141,0,319,0,0
B6_D1,581,0,31,0,0
B10_D1,535,0,241,0,0
B10_D1,898,0,53,0,0
B10_D1,258,0,66,0,0
B4_D1,909,0,322,0,0
B6_D1,478,0,62,0,0
G1_D1,1002,0,160,0,0
B6_D1,353,0,98,0,0
B6_D1,28,0,123,0,0
B6_D1,583,0,424,0,0
B6_D1,900,0,25,0,0
B10_D1,82,0,268,0,0
B10_D1,100,0,66,0,0
B10_D1,862,0,82,0,0
B10_D1,769,0,51,0,0
B6_D1,989,0,24,0,0
B6_D1,644,0,260,0,0
B10_D1,713,0,159,0,0
B6_D1,96,0,31,0,0
G1_D1,699,0,261,0,0
G1_D1,434,0,126,0,0
B10_D1,483,0,134,0,0
B6_D1,262,0,83,0,0
G1_D1,210,0,20,0,0
B8_D1,89,0,155,0,0
B6_D1,1002,0,502,0,0
B2_D1,460,0,41,0,0
B6_D1,1007,0,315,0,0
B6_D1,158,0,33,0,0
G1_D1,283,0,396,0,0
G1_D1,742,0,57,0,0
B6_D1,887,0,37,0,0
B8_D1,166,0,51,0,0
B10_D1,171,0,243,0,0
B6_D1,941,0,275,0,0
G1_D1,144,0,10,0,0
B8_D1,748,0,203,0,0
B4_D1,876,0,59,0,0
B10_D1,901,0,19,0,0
B10_D1,396,0,152,0,0
B2_D1,482,0,494,0,0
B6_D1,437,0,32,0,0
B4_D1,744,0,99,0,0
G1_D1,952,0,459,0,0
B10_D1,231,0,424,0,0
B6_D1,449,0,226,0,0
B10_D1,822,0,59,0,0
B6_D1,944,0,198,0,-1
G1_D1,621,0,15,0,0
G1_D1,420,0,390,0,0
B6_D1,0,0,261,0,0
B6_D1,394,0,284,0,0
B10_D1,778,0,453,0,0
B10_D1,144,0,189,0,0
B10_D1,164,0,51,0,0
B10_D1,963,0,52,0,0
B10_D1,495,0,161,0,0
B10_D1,584,0,151,0,0
B10_D1,425,0,49,0,0
B10_D1,182,0,62,0,0
G1_D1,1010,0,241,0,0
B6_D1,676,0,346,0,0
B6_D1,391,0,367,0,0
B4_D1,1020,0,119,0,0
B6_D1,123,0,140,0,0
B2_D1,129,0,311,0,0
B10_D1,1005,0,474,0,0
G1_D1,737,0,81,0,0
B10_D1,156,0,275,0,0
B10_D1,342,0,2,0,0
B10_D1,761,0,100,0,0
B6_D1,905,0,500,0,0
B8_D1,504,0,205,0,0
B10_D1,709,0,49,0,0
B2_D1,442,0,489,0,0
B10_D1,512,0,220,0,0
B6_D1,949,0,251,0,0
B4_D1,679,0,271,0,0
G1_D1,587,0,213,0,0
B6_D1,460,0,15,0,0
B6_D1,186,0,36,0,0
B10_D1,632,0,444,0,0
G1_D1,924,0,5,0,0
B6_D1,310,0,45,0,0
G1_D1,22,0,228,0,0
B10_D1,495,0,333,0,0
B6_D1,568,0,18,0,0
G1_D1,352,0,364,0,0
G1_D1,734,0,65,0,0
G1_D1,317,0,232,0,0
B2_D1,162,0,53,0,0
B6_D1,332,0,70,0,0
B10_D1,376,0,276,0,0
B6_D1,65,0,172,0,0
B6_D1,378,0,143,0,0
B6_D1,890,0,485,0,0
G1_D1,117,0,186,0,0
B6_D1,583,0,322,0,0
B6_D1,773,0,433,0,0
B10_D1,212,0,58,0,0
B6_D1,737,0,457,0,0
G1_D1,25,0,498,0,0
B4_D1,0,0,114,0,0
B2_D1,211,0,511,0,0
G1_D1,1004,0,60,0,0
G1_D1,653,0,38,0,0
B6_D1,453,0,38,0,0
B10_D1,96,0,53,0,0
G1_D1,10,0,286,0,0
B2_D1,416,0,211,0,0
B8_D1,778,0,2,0,0
B6_D1,922,0,130,0,0
B6_D1,950,0,10,0,0
B4_D1,249,0,202,0,0
B10_D1,606,0,258,0,0
G1_D1,271,0,56,0,0
B10_D1,415,0,489,0,0
B10_D1,296,0,456,0,3
B10_D1,933,0,29,0,0
B10_D1,768,0,1,0,0
G1_D1,619,0,230,0,0
B6_D1,919,0,44,0,0
B10_D1,127,0,290,0,0
B10_D1,430,0,337,0,0
B10_D1,411,0,0,0,0
B10_D1,11,0,325,0,0
G1_D1,170,0,189,0,0
B6_D1,492,0,69,0,0
B6_D1,892,0,274,0,0
B10_D1,386,0,49,0,0
G1_D1,531,0,123,0,0
B6_D1,364,0,145,0,0
G1_D1,817,0,244,0,0
B10_D1,474,0,68,0,0
B4_D1,358,0,202,0,0
B10_D1,525,0,316,0,0
B6_D1,961,0,368,0,-1
B2_D1,273,0,156,0,0
B6_D1,974,0,343,0,-1
B6_D1,964,0,309,0,0
B6_D1,15,0,15,0,0
G1_D1,787,0,238,0,0
B4_D1,684,0,261,0,0
G1_D1,923,0,27,0,0
B10_D1,163,0,70,0,0
G1_D1,633,0,205,0,0
B10_D1,1011,0,34,0,0
B6_D1,928,0,93,0,0
B6_D1,56,0,46,0,0
B10_D1,589,0,408,0,0
G1_D1,252,0,276,0,0
G1_D1,44,0,193,0,0
B10_D1,578,0,115,0,0
G1_D1,342,0,186,0,0
B6_D1,1002,0,507,0,0
B10_D1,689,0,167,0,0
B2_D1,797,0,131,0,0
B6_D1,435,0,170,0,0
B6_D1,46,0,119,0,0
B10_D1,761,0,76,0,0
B2_D1,228,0,202,0,0
B4_D1,487,0,50,0,0
G1_D1,1020,0,193,0,0
B4_D1,888,0,218,0,0
B6_D1,707,0,440,0,0
B10_D1,975,0,506,0,0
B10_D1,1012,0,36,0,0
B2_D1,414,0,43,0,0
B6_D1,169,0,59,0,0
B10_D1,505,0,494,0,0
B8_D1,10,0,255,0,0
B2_D1,441,0,158,0,0
G1_D1,20,0,303,0,0
G1_D1,142,0,46,0,0
B10_D1,572,0,217,0,0
B6_D1,382,0,32,0,0
B6_D1,18,0,395,0,0
G1_D1,0,0,0,0,0
B6_D1,441,0,31,0,0
B6_D1,327,0,215,0,0
B2_D1,367,0,19,0,0
B2_D1,214,0,401,0,0
B6_D1,941,0,291,0,0
G1_D1,1003,0,234,0,0
B10_D1,759,0,99,0,0
B10_D1,831,0,385,0,0
B2_D1,121,0,127,0,0
B6_D1,794,0,86,0,0
G1_D1,334,0,422,0,0
G1_D1,927,0,22,0,0
B10_D1,328,0,220,0,0
B10_D1,696,0,72,0,0
B6_D1,304,0,291,0,0
B10_D1,96,0,488,0,0
B2_D1,575,0,28,0,0
B4_D1,862,0,20,0,0
B2_D1,543,0,120,0,0
B4_D1,179,0,206,0,0
B2_D1,193,0,83,0,0
G1_D1,264,0,14,0,0
B6_D1,258,0,386,0,-1
B6_D1,245,0,87,0,0
G1_D1,523,0,95,0,0
G1_D1,900,0,438,0,0
B6_D1,353,0,23,0,0
B6_D1,439,0,224,0,0
B6_D1,151,0,232,0,0
B6_D1,778,0,56,0,0
B6_D1,5,0,237,0,0
B4_D1,52,0,451,0,0
G1_D1,28,0,103,0,0
G1_D1,811,0,15,0,0
B6_D1,384,0,333,0,0
B6_D1,969,0,504,0,0
B2_D1,315,0,490,0,0
B6_D1,696,0,266,0,0
B6_D1,28,0,395,0,0
G1_D1,709,0,473,0,0
B6_D1,262,0,37,0,0
G1_D1,528,0,24,0,0
B4_D1,735,0,327,0,0
B2_D1,4,0,69,0,0
B6_D1,450,0,10,0,0
G1_D1,1003,0,277,0,0
G1_D1,654,0,4,0,0
B6_D1,1,0,247,0,0
B6_D1,97,0,82,0,0
G1_D1,712,0,100,0,0
B6_D1,560,0,334,0,0
B10_D1,718,0,421,0,0
B10_D1,548,0,474,0,0
B10_D1,1023,0,60,0,0
B6_D1,114,0,265,0,0
G1_D1,206,0,72,0,0
B6_D1,666,0,75,0,0
B6_D1,710,0,500,0,0
B10_D1,823,0,430,0,0
B10_D1,899,0,311,0,0
B10_D1,136,0,184,0,0
G1_D1,734,0,5,0,0
G1_D1,144,0,226,0,0
B10_D1,557,0,482,0,0
B6_D1,743,0,433,0,0
B6_D1,111,0,491,0,0
G1_D1,1019,0,329,0,0
B10_D1,171,0,450,0,0
B2_D1,77,0,34,0,0
B6_D1,874,0,34,0,0
B10_D1,94,0,461,0,0
B6_D1,1023,0,43,0,0
B2_D1,399,0,32,0,0
B6_D1,140,0,294,0,0
B10_D1,263,0,421,0,0
B10_D1,703,0,421,0,0
B10_D1,395,0,166,0,0
B6_D1,703,0,148,0,0
B6_D1,727,0,71,0,0
B6_D1,827,0,203,0,0
B6_D1,932,0,249,0,0
B2_D1,372,0,481,0,0
B6_D1,763,0,33,0,0
B2_D1,827,0,54,0,0
B6_D1,923,0,97,0,0
B10_D1,821,0,11,0,0
B6_D1,915,0,505,0,0
B6_D1,582,0,186,0,0
B10_D1,10,0,44,0,0
B6_D1,7,0,342,0,0
B2_D1,971,0,38,0,0
B6_D1,659,0,240,0,0
B10_D1,20,0,63,0,0
B10_D1,425,0,108,0,0
B10_D1,476,0,80,0,0
B6_D1,553,0,388,0,0
G1_D1,799,0,10,0,0
B6_D1,583,0,343,0,0
G1_D1,946,0,24,0,0
B6_D1,319,0,14,0,0
G1_D1,619,0,6,0,0
B4_D1,117,0,414,0,0
B6_D1,328,0,374,0,0
B10_D1,989,0,285,0,0
B6_D1,283,0,247,0,0
B8_D1,591,0,208,0,0
G1_D1,798,0,201,0,0
B6_D1,633,0,498,0,0
B6_D1,808,0,134,0,0
B6_D1,87,0,17,0,0
B10_D1,640,0,271,0,0
G1_D1,594,0,509,0,0
G1_D1,999,0,12,0,0
B6_D1,330,0,505,0,0
B2_D1,795,0,73,0,0
B6_D1,223,0,93,0,0
B10_D1,25,0,183,0,0
B2_D1,324,0,52,0,0
B10_D1,714,0,8,0,0
B6_D1,817,0,482,0,0
B6_D1,227,0,283,0,0
B6_D1,341,0,11,0,0
B6_D1,939,0,285,0,0
G1_D1,64,0,5,0,0
B10_D1,223,0,360,0,0
B10_D1,234,0,306,0,0
G1_D1,334,0,400,0,0
B6_D1,460,0,347,0,0
G1_D1,654,0,3,0,0
G1_D1,105,0,294,0,0
G1_D1,809,0,11,0,0
B2_D1,279,0,127,0,0
B2_D1,399,0,289,0,0
G1_D1,600,0,193,0,0
B6_D1,175,0,92,0,0
B10_D1,806,0,3,0,0
B6_D1,363,0,18,0,0
B8_D1,205,0,51,0,0
B10_D1,782,0,425,0,0
B10_D1,301,0,1,0,0
B10_D1,113,0,43,0,0
B6_D1,1014,0,413,0,0
B10_D1,707,0,473,0,0
G1_D1,699,0,14,0,0
G1_D1,799,0,9,0,0
B10_D1,314,0,271,0,0
B10_D1,277,0,173,0,0
B10_D1,96,0,9,0,0
G1_D1,916,0,61,0,0
B4_D1,552,0,107,0,0
G1_D1,795,0,495,0,0
B6_D1,598,0,493,0,0
B6_D1,495,0,0,0,0
B6_D1,370,0,490,0,0
B2_D1,106,0,158,0,0
B6_D1,390,0,500,0,0
B6_D1,604,0,386,0,-1
G1_D1,351,0,363,0,0
B4_D1,45,0,288,0,0
G1_D1,49,0,95,0,0
B6_D1,451,0,373,0,0
B6_D1,2,0,422,0,0
B6_D1,14,0,431,0,0
B8_D1,782,0,310,0,0
B10_D1,4,0,121,0,0
G1_D1,21,0,251,0,0
G1_D1,184,0,137,0,0
B6_D1,943,0,8,0,0
B6_D1,81,0,21,0,0
B6_D1,343,0,488,0,0
B6_D1,888,0,18,0,0
B6_D1,994,0,499,0,0
B6_D1,72,0,386,0,0
B10_D1,448,0,72,0,0
B10_D1,242,0,158,0,0
B4_D1,624,0,217,0,0
B4_D1,953,0,127,0,0
B10_D1,230,0,339,0,0
B10_D1,107,0,409,0,0
B6_D1,561,0,281,0,0
B6_D1,203,0,153,0,0
B6_D1,555,0,375,0,0
B10_D1,926,0,263,0,0
B6_D1,884,0,152,0,0
B6_D1,953,0,272,0,0
B6_D1,645,0,421,0,0
B4_D1,724,0,250,0,0
G1_D1,644,0,19,0,0
B6_D1,416,0,26,0,0
B6_D1,71,0,139,0,0
G1_D1,989,0,106,0,0
B6_D1,141,0,86,0,0
B2_D1,270,0,490,0,0
B10_D1,465,0,112,0,0
B10_D1,815,0,74,0,0
B4_D1,578,0,207,0,0
B2_D1,781,0,81,0,0
B10_D1,450,0,161,0,0
B2_D1,437,0,491,0,0
B6_D1,186,0,381,0,0
G1_D1,67,0,180,0,0
B10_D1,560,0,279,0,0
B6_D1,353,0,172,0,0
B6_D1,165,0,370,0,0
G1_D1,377,0,18,0,0
B2_D1,754,0,134,0,-1
B6_D1,250,0,15,0,0
B10_D1,59,0,165,0,0
B6_D1,889,0,94,0,0
B6_D1,579,0,433,0,0
G1_D1,752,0,261,0,0
B10_D1,705,0,104,0,0
G1_D1,147,0,209,0,0
B6_D1,784,0,207,0,0
B6_D1,432,0,190,0,0
B10_D1,198,0,364,0,0
B10_D1,637,0,160,0,0
B6_D1,691,0,458,0,0
B6_D1,78,0,387,0,0
B6_D1,683,0,33,0,0
B6_D1,120,0,142,0,0
B10_D1,679,0,274,0,0
B10_D1,40,0,263,0,0
B6_D1,921,0,41,0,0
B6_D1,21,0,64,0,0
B6_D1,829,0,140,0,0
B6_D1,552,0,7,0,0
B10_D1,558,0,64,0,0
B6_D1,43,0,67,0,0
G1_D1,330,0,480,0,0
B6_D1,979,0,44,0,0
G1_D1,54,0,399,0,0
B2_D1,654,0,168,0,0
G1_D1,799,0,208,0,0
B6_D1,662,0,381,0,0
B6_D1,804,0,55,0,0
B10_D1,1015,0,26,0,0
B6_D1,190,0,133,0,0
B10_D1,614,0,314,0,0
B2_D1,312,0,37,0,0
B10_D1,282,0,108,0,0
B2_D1,345,0,490,0,0
B6_D1,298,0,266,0,0
G1_D1,55,0,451,0,0
G1_D1,555,0,148,0,0
G1_D1,756,0,114,0,0
B4_D1,974,0,45,0,0
B10_D1,166,0,78,0,0
B6_D1,728,0,276,0,0
B6_D1,261,0,197,0,0
B10_D1,521,0,23,0,0
B10_D1,982,0,206,0,0
B10_D1,353,0,214,0,0
B4_D1,517,0,71,0,0
B4_D1,2,0,151,0,0
B6_D1,965,0,302,0,0
B10_D1,138,0,304,0,0
G1_D1,159,0,14,0,0
G1_D1,944,0,257,0,0
B6_D1,180,0,274,0,0
B6_D1,508,0,378,0,0
B6_D1,148,0,168,0,0
B6_D1,852,0,143,0,0
B4_D1,461,0,187,0,0
B10_D1,78,0,26,0,0
B6_D1,880,0,396,0,0
B6_D1,1023,0,508,0,0
B8_D1,577,0,292,0,0
B6_D1,22,0,401,0,0
B8_D1,952,0,301,0,0
G1_D1,614,0,234,0,0
G1_D1,755,0,510,0,0
B2_D1,820,0,36,0,0
B10_D1,107,0,127,0,0
B4_D1,179,0,284,0,0
G1_D1,286,0,197,0,0
B4_D1,137,0,177,0,0
B6_D1,596,0,478,0,0
B6_D1,314,0,29,0,0
B10_D1,157,0,242,0,0
G1_D1,476,0,88,0,0
B4_D1,419,0,291,0,0
B10_D1,895,0,17,0,0
G1_D1,162,0,109,0,0
B6_D1,112,0,76,0,0
B10_D1,520,0,304,0,0
B6_D1,859,0,237,0,0
B10_D1,611,0,58,0,0
B6_D1,804,0,355,0,0
B10_D1,538,0,325,0,0
B6_D1,978,0,412,0,0
B6_D1,740,0,54,0,0
B6_D1,277,0,361,0,-1
G1_D1,150,0,312,0,0
B8_D1,49,0,191,0,0
G1_D1,61,0,143,0,0
B6_D1,898,0,159,0,0
B10_D1,544,0,507,0,0
B6_D1,678,0,8,0,0
G1_D1,785,0,38,0,0
G1_D1,251,0,233,0,0
B4_D1,1022,0,153,0,0
B6_D1,455,0,40,0,0
B10_D1,389,0,243,0,0
G1_D1,656,0,149,0,0
B6_D1,875,0,35,0,0
B10_D1,392,0,6,0,0
G1_D1,599,0,509,0,0
B6_D1,77,0,374,0,0
G1_D1,950,0,293,0,0
G1_D1,482,0,231,0,0
G1_D1,852,0,445,0,0
B2_D1,225,0,479,0,0
B10_D1,842,0,282,0,0
B6_D1,962,0,81,0,0
B6_D1,959,0,370,0,-1
B10_D1,222,0,149,0,0
B10_D1,531,0,258,0,0
B4_D1,323,0,157,0,0
G1_D1,94,0,13,0,0
B10_D1,8,0,186,0,0
B10_D1,225,0,358,0,0
B6_D1,853,0,3,0,0
B10_D1,598,0,298,0,0
B10_D1,697,0,450,0,0
G1_D1,150,0,22,0,0
B6_D1,155,0,371,0,0
G1_D1,819,0,13,0,0
B2_D1,878,0,30,0,0
B6_D1,709,0,407,0,0
B6_D1,760,0,106,0,0
B6_D1,840,0,150,0,0
B10_D1,52,0,16,0,0
B10_D1,346,0,511,0,0
G1_D1,980,0,285,0,0
B6_D1,218,0,153,0,0
B2_D1,695,0,52,0,0
G1_D1,909,0,39,0,0
B6_D1,780,0,505,0,0
B10_D1,624,0,42,0,0
G1_D1,20,0,269,0,0
B10_D1,931,0,254,0,0
B6_D1,317,0,401,0,0
B2_D1,859,0,462,0,0
B10_D1,545,0,101,0,0
G1_D1,202,0,50,0,0
B4_D1,482,0,285,0,0
B6_D1,36,0,511,0,0
B10_D1,408,0,167,0,0
G1_D1,1011,0,237,0,0
B6_D1,943,0,259,0,0
B6_D1,994,0,309,0,0
B10_D1,156,0,208,0,0
B6_D1,670,0,361,0,0
G1_D1,262,0,243,0,0
B6_D1,379,0,384,0,0
B2_D1,612,0,447,0,0
B10_D1,919,0,4,0,0
G1_D1,559,0,239,0,0
B6_D1,676,0,322,0,0
B4_D1,696,0,21,0,0
B6_D1,733,0,488,0,0
B10_D1,399,0,18,0,0
B6_D1,504,0,432,0,5
B4_D1,7,0,110,0,0
B10_D1,977,0,296,0,0
B6_D1,842,0,153,0,0
B10_D1,435,0,235,0,0
B10_D1,555,0,478,0,0
B6_D1,915,0,195,0,-1
G1_D1,739,0,13,0,0
B6_D1,589,0,329,0,0
B6_D1,326,0,48,0,0
B10_D1,48,0,28,0,0
G1_D1,636,0,160,0,0
B10_D1,630,0,281,0,0
B6_D1,49,0,434,0,0
B10_D1,291,0,132,0,0
B10_D1,456,0,310,0,0
B6_D1,529,0,263,0,0
B6_D1,1015,0,136,0,0
B10_D1,20,0,279,0,0
B10_D1,346,0,275,0,0
B2_D1,787,0,132,0,0
G1_D1,474,0,92,0,0
B6_D1,1023,0,435,0,0
B6_D1,973,0,396,0,0
B10_D1,62,0,12,0,0
B6_D1,614,0,348,0,0
B2_D1,680,0,7,0,0
G1_D1,136,0,203,0,0
B6_D1,154,0,276,0,0
B6_D1,884,0,95,0,0
B10_D1,111,0,135,0,0
B6_D1,606,0,193,0,0
G1_D1,198,0,275,0,0
B10_D1,858,0,26,0,0
B10_D1,31,0,5,0,0
B8_D1,1022,0,76,0,0
B6_D1,895,0,95,0,0
B10_D1,818,0,366,0,0
B6_D1,711,0,400,0,0
B6_D1,981,0,21,0,0
G1_D1,91,0,308,0,0
G1_D1,684,0,8,0,0
B10_D1,736,0,467,0,0
B10_D1,96,0,321,0,0
B10_D1,788,0,311,0,0
B6_D1,224,0,296,0,0
B10_D1,37,0,237,0,0
B10_D1,176,0,157,0,0
B6_D1,471,0,486,0,0
B10_D1,474,0,477,0,0
B8_D1,4,0,231,0,0
B10_D1,979,0,123,0,0
G1_D1,278,0,28,0,0
B6_D1,853,0,438,0,0
B6_D1,2,0,294,0,0
B2_D1,747,0,136,0,-1
B10_D1,691,0,117,0,0
B10_D1,784,0,230,0,0
B10_D1,936,0,354,0,0
B6_D1,730,0,45,0,0
B6_D1,725,0,198,0,0
B10_D1,541,0,212,0,0
B6_D1,332,0,502,0,0
B4_D1,276,0,140,0,0
B10_D1,463,0,277,0,0
B4_D1,281,0,211,0,0
B4_D1,881,0,34,0,0
B10_D1,549,0,8,0,0
B10_D1,9,0,264,0,0
B6_D1,59,0,494,0,0
B10_D1,306,0,192,0,0
G1_D1,15,0,85,0,0
B6_D1,905,0,369,0,-1
G1_D1,280,0,117,0,0
G1_D1,393,0,294,0,0
G1_D1,824,0,2,0,0
B10_D1,216,0,3,0,0
B6_D1,50,0,85,0,0
G1_D1,781,0,241,0,0
B6_D1,467,0,370,0,0
B10_D1,133,0,95,0,0
G1_D1,837,0,75,0,0
B4_D1,941,0,285,0,0
B10_D1,208,0,272,0,0
G1_D1,677,0,35,0,0
G1_D1,513,0,32,0,0
B6_D1,996,0,272,0,0
G1_D1,274,0,6,0,0
B6_D1,566,0,6,0,0
B10_D1,827,0,272,0,0
G1_D1,192,0,34,0,0
B6_D1,569,0,494,0,0
B10_D1,444,0,270,0,0
B10_D1,116,0,450,0,0
G1_D1,955,0,238,0,0
B2_D1,618,0,48,0,0
G1_D1,673,0,44,0,0
B10_D1,630,0,480,0,0
B10_D1,335,0,60,0,0
B10_D1,526,0,118,0,0
B6_D1,600,0,5,0,0
B10_D1,917,0,384,0,0
G1_D1,952,0,217,0,0
G1_D1,748,0,265,0,0
B6_D1,708,0,508,0,0
B6_D1,143,0,266,0,0
B6_D1,106,0,398,0,0
B10_D1,792,0,377,0,0
B10_D1,156,0,108,0,0
B10_D1,504,0,97,0,0
B10_D1,171,0,226,0,0
B10_D1,42,0,326,0,0
B10_D1,752,0,407,0,0
B10_D1,474,0,90,0,0
B6_D1,394,0,484,0,0
G1_D1,679,0,13,0,0
G1_D1,39,0,150,0,0
B6_D1,193,0,8,0,0
B6_D1,572,0,37,0,0
B10_D1,854,0,402,0,0
B6_D1,976,0,48,0,0
B2_D1,855,0,252,0,0
B10_D1,298,0,421,0,0
G1_D1,569,0,20,0,0
B10_D1,158,0,69,0,0
B10_D1,337,0,411,0,0
B6_D1,943,0,328,0,0
B10_D1,163,0,211,0,0
B6_D1,414,0,384,0,0
B4_D1,195,0,409,0,0
B6_D1,948,0,200,0,0
G1_D1,475,0,125,0,0
B10_D1,849,0,62,0,0
B8_D1,973,0,241,0,0
B2_D1,328,0,290,0,0
B2_D1,532,0,221,0,0
G1_D1,335,0,32,0,0
B10_D1,476,0,276,0,0
B6_D1,265,0,15,0,0
B10_D1,757,0,336,0,0
B6_D1,801,0,142,0,0
B6_D1,205,0,45,0,0
B10_D1,765,0,488,0,0
B2_D1,911,0,26,0,0
B10_D1,1005,0,485,0,0
B10_D1,648,0,272,0,0
B2_D1,205,0,483,0,0
B6_D1,769,0,29,0,0
B10_D1,201,0,71,0,0
B6_D1,896,0,486,0,0
B10_D1,404,0,21,0,0
B10_D1,11,0,77,0,0
B10_D1,386,0,101,0,0
G1_D1,36,0,213,0,0
G1_D1,753,0,32,0,0
B10_D1,180,0,433,0,0
G1_D1,951,0,61,0,0
G1_D1,186,0,122,0,0
B6_D1,465,0,500,0,0
B10_D1,571,0,286,0,0
B6_D1,1003,0,115,0,0
B10_D1,670,0,412,0,0
B10_D1,879,0,272,0,0
B4_D1,254,0,222,0,0
G1_D1,303,0,140,0,0
B10_D1,349,0,98,0,0
B10_D1,912,0,77,0,0
B10_D1,823,0,366,0,0
B6_D1,785,0,57,0,0
B6_D1,911,0,46,0,0
B2_D1,233,0,200,0,0
B6_D1,56,0,452,0,0
B2_D1,183,0,129,0,0
B10_D1,565,0,480,0,0
B4_D1,183,0,205,0,0
B10_D1,461,0,310,0,0
G1_D1,389,0,14,0,0
B10_D1,86,0,167,0,0
B6_D1,217,0,487,0,0
G1_D1,245,0,121,0,0
G1_D1,240,0,0,0,0
B10_D1,843,0,89,0,0
B4_D1,820,0,213,0,0
B6_D1,114,0,199,0,0
B10_D1,415,0,105,0,0
B10_D1,753,0,159,0,0
B6_D1,562,0,7,0,0
B10_D1,48,0,163,0,0
B6_D1,549,0,233,0,0
G1_D1,366,0,137,0,0
B10_D1,387,0,496,0,0
B6_D1,315,0,79,0,0
B4_D1,477,0,285,0,0
B10_D1,184,0,60,0,0
B6_D1,560,0,326,0,0
B4_D1,678,0,73,0,0
B10_D1,172,0,237,0,0
B10_D1,880,0,236,0,0
B10_D1,620,0,79,0,0
B6_D1,526,0,1,0,0
G1_D1,563,0,94,0,0
G1_D1,670,0,92,0,0
B2_D1,583,0,453,0,9
B10_D1,226,0,148,0,0
B6_D1,440,0,281,0,0
G1_D1,702,0,511,0,0
G1_D1,419,0,23,0,0
G1_D1,264,0,318,0,0
B6_D1,513,0,28,0,0
B10_D1,908,0,388,0,0
G1_D1,1021,0,195,0,0
B6_D1,78,0,3,0,0
B4_D1,446,0,416,0,0
B6_D1,1006,0,109,0,0
B6_D1,567,0,12,0,0
B6_D1,158,0,402,0,0
G1_D1,697,0,37,0,0
B6_D1,520,0,490,0,0
B4_D1,761,0,194,0,0
B10_D1,564,0,114,0,0
G1_D1,912,0,243,0,0
B6_D1,897,0,90,0,0
B6_D1,288,0,165,0,0
B2_D1,998,0,213,0,0
B10_D1,747,0,80,0,0
B6_D1,789,0,356,0,0
B10_D1,490,0,337,0,0
B10_D1,339,0,211,0,0
B6_D1,73,0,471,0,0
B6_D1,59,0,264,0,0
B6_D1,693,0,183,0,0
G1_D1,1016,0,57,0,0
B8_D1,999,0,2,0,0
G1_D1,795,0,38,0,0
B10_D1,541,0,150,0,0
B6_D1,359,0,509,0,0
B6_D1,427,0,507,0,0
B6_D1,952,0,492,0,0
B6_D1,996,0,457,0,-1
B10_D1,419,0,461,0,0
B6_D1,883,0,445,0,0
B6_D1,702,0,285,0,0
B6_D1,847,0,492,0,0
B4_D1,339,0,28,0,0
B2_D1,234,0,12,0,0
B6_D1,68,0,403,0,0
G1_D1,961,0,115,0,0
B10_D1,162,0,282,0,0
B10_D1,601,0,286,0,0
B6_D1,114,0,136,0,0
B10_D1,740,0,103,0,0
G1_D1,44,0,272,0,0
G1_D1,252,0,180,0,0
B2_D1,588,0,480,0,0
G1_D1,849,0,129,0,0
B4_D1,935,0,249,0,0
B10_D1,535,0,121,0,0
G1_D1,177,0,156,0,0
B6_D1,497,0,42,0,0
B10_D1,220,0,232,0,0
G1_D1,339,0,3,0,0
B10_D1,575,0,53,0,0
G1_D1,314,0,204,0,0
G1_D1,185,0,75,0,0
G1_D1,186,0,118,0,0
B10_D1,784,0,240,0,0
B6_D1,433,0,38,0,0
B10_D1,427,0,278,0,0
G1_D1,327,0,236,0,0
G1_D1,903,0,132,0,0
B6_D1,731,0,496,0,0
B4_D1,1023,0,165,0,0
G1_D1,509,0,58,0,0
B6_D1,690,0,109,0,0
B10_D1,719,0,98,0,0
B4_D1,148,0,192,0,0
B6_D1,180,0,30,0,0
B4_D1,1021,0,233,0,0
B6_D1,569,0,53,0,0
B6_D1,135,0,113,0,0
B10_D1,461,0,85,0,0
G1_D1,589,0,212,0,0
B10_D1,108,0,279,0,0
B10_D1,433,0,214,0,0
B6_D1,519,0,44,0,0
B6_D1,619,0,417,0,0
B10_D1,101,0,490,0,0
G1_D1,141,0,115,0,0
G1_D1,831,0,271,0,0
B6_D1,338,0,3,0,0
B10_D1,457,0,139,0,0
B10_D1,221,0,127,0,0
B6_D1,819,0,257,0,0
B6_D1,692,0,50,0,0
B6_D1,371,0,21,0,0
B6_D1,171,0,86,0,0
B4_D1,727,0,18,0,0
G1_D1,489,0,11,0,0
B10_D1,122,0,102,0,0
B10_D1,20,0,185,0,0
B2_D1,825,0,464,0,0
B2_D1,147,0,455,0,0
B6_D1,673,0,432,0,0
B8_D1,1022,0,74,0,0
B10_D1,100,0,298,0,0
G1_D1,936,0,39,0,0
B10_D1,1022,0,499,0,0
B10_D1,121,0,288,0,0
B10_D1,239,0,65,0,0
B10_D1,206,0,35,0,0
B4_D1,6,0,120,0,0
B10_D1,437,0,298,0,0
B4_D1,955,0,210,0,0
B6_D1,364,0,211,0,0
B6_D1,99,0,44,0,0
B10_D1,215,0,51,0,0
G1_D1,981,0,117,0,0
B10_D1,369,0,95,0,0
B6_D1,267,0,62,0,0
G1_D1,1015,0,459,0,0
B2_D1,42,0,49,0,0
B6_D1,827,0,328,0,0
G1_D1,917,0,106,0,0
B10_D1,835,0,189,0,0
B6_D1,532,0,482,0,0
B6_D1,430,0,500,0,0
B6_D1,561,0,11,0,0
G1_D1,349,0,3,0,0
B6_D1,799,0,163,0,0
G1_D1,489,0,100,0,0
B6_D1,147,0,475,0,0
B6_D1,265,0,505,0,0
G1_D1,869,0,13,0,0
G1_D1,1020,0,404,0,0
B10_D1,215,0,433,0,0
B6_D1,311,0,381,0,0
G1_D1,127,0,18,0,0
G1_D1,220,0,511,0,0
B10_D1,605,0,337,0,0
B6_D1,215,0,470,0,0
B6_D1,926,0,491,0,0
B6_D1,158,0,397,0,0
B10_D1,729,0,284,0,0
B2_D1,673,0,223,0,0
B6_D1,911,0,16,0,0
B10_D1,193,0,437,0,0
B10_D1,209,0,255,0,0
B6_D1,734,0,466,0,0
G1_D1,31,0,224,0,0
B6_D1,656,0,378,0,0
B6_D1,824,0,80,0,0
B6_D1,576,0,511,0,0
B10_D1,478,0,169,0,0
B6_D1,55,0,96,0,0
B6_D1,989,0,19,0,0
B6_D1,675,0,286,0,0
G1_D1,630,0,240,0,0
B6_D1,874,0,362,0,0
B10_D1,384,0,343,0,0
B6_D1,195,0,106,0,0
B4_D1,491,0,247,0,0
G1_D1,584,0,194,0,0
B10_D1,191,0,92,0,0
B10_D1,281,0,423,0,0
B10_D1,326,0,3,0,0
B6_D1,3,0,101,0,0
G1_D1,96,0,423,0,0
G1_D1,474,0,126,0,0
B10_D1,581,0,457,0,9
B2_D1,192,0,87,0,0
B10_D1,449,0,18,0,0
B6_D1,122,0,148,0,0
B4_D1,236,0,54,0,0
G1_D1,226,0,401,0,0
B6_D1,515,0,505,0,0
B10_D1,114,0,414,0,0
G1_D1,729,0,349,0,0
B10_D1,326,0,276,0,0
B10_D1,58,0,275,0,0
B6_D1,999,0,14,0,0
B6_D1,269,0,290,0,0
B6_D1,141,0,111,0,0
B10_D1,185,0,170,0,0
B4_D1,115,0,411,0,0
B6_D1,136,0,496,0,0
G1_D1,452,0,481,0,0
B6_D1,272,0,22,0,0
B6_D1,297,0,343,0,0
G1_D1,419,0,16,0,0
B10_D1,480,0,250,0,0
B6_D1,801,0,446,0,0
B4_D1,790,0,208,0,0
B6_D1,89,0,494,0,0
B6_D1,713,0,498,0,0
B10_D1,623,0,461,0,0
B4_D1,58,0,2,0,0
B10_D1,795,0,173,0,0
B10_D1,694,0,326,0,0
G1_D1,162,0,18,0,0
G1_D1,245,0,511,0,0
B6_D1,38,0,410,0,0
B6_D1,378,0,480,0,0
B6_D1,277,0,112,0,0
G1_D1,679,0,3,0,0
B10_D1,296,0,5,0,0
B10_D1,158,0,177,0,0
G1_D1,839,0,7,0,0
B4_D1,146,0,92,0,0
B10_D1,499,0,95,0,0
G1_D1,751,0,112,0,0
B6_D1,832,0,492,0,0
B2_D1,639,0,511,0,0
B6_D1,944,0,286,0,0
B6_D1,25,0,510,0,0
G1_D1,992,0,181,0,0
B6_D1,972,0,121,0,0
B6_D1,693,0,87,0,0
B6_D1,973,0,33,0,0
G1_D1,112,0,95,0,0
B6_D1,206,0,511,0,0
B6_D1,227,0,382,0,0
B4_D1,691,0,63,0,0
B10_D1,181,0,191,0,0
G1_D1,850,0,297,0,0
G1_D1,690,0,109,0,0
B6_D1,90,0,474,0,0
G1_D1,1014,0,148,0,0
B4_D1,368,0,17,0,0
B6_D1,48,0,498,0,0
B6_D1,526,0,6,0,0
B6_D1,666,0,451,0,0
B6_D1,778,0,503,0,0
B6_D1,831,0,141,0,0
B6_D1,187,0,275,0,0
G1_D1,1015,0,299,0,0
B2_D1,585,0,481,0,0
G1_D1,70,0,93,0,0
G1_D1,838,0,267,0,0
B10_D1,886,0,364,0,0
G1_D1,96,0,381,0,0
G1_D1,731,0,1,0,0
B6_D1,176,0,478,0,0
B10_D1,635,0,148,0,0
G1_D1,973,0,213,0,0
G1_D1,274,0,73,0,0
B6_D1,498,0,498,0,0
B4_D1,945,0,219,0,0
B6_D1,925,0,495,0,0
B4_D1,138,0,279,0,0
B6_D1,545,0,437,0,-1
B10_D1,638,0,102,0,0
G1_D1,307,0,458,0,3
B6_D1,770,0,242,0,0
B10_D1,741,0,3,0,0
B2_D1,693,0,506,0,0
B4_D1,876,0,233,0,0
B2_D1,686,0,278,0,0
B10_D1,618,0,212,0,0
B10_D1,724,0,248,0,0
B10_D1,771,0,404,0,0
B6_D1,520,0,0,0,0
G1_D1,441,0,128,0,0
B2_D1,196,0,474,0,0
G1_D1,204,0,506,0,0
B10_D1,816,0,25,0,0
B6_D1,972,0,154,0,0
G1_D1,23,0,190,0,0
G1_D1,252,0,45,0,0
G1_D1,500,0,216,0,0
B4_D1,669,0,255,0,0
B10_D1,43,0,107,0,0
G1_D1,501,0,143,0,0
B6_D1,638,0,3,0,0
B4_D1,612,0,302,0,0
B10_D1,388,0,255,0,0
B10_D1,32,0,96,0,0
B4_D1,575,0,199,0,0
G1_D1,349,0,7,0,0
B10_D1,518,0,189,0,0
B10_D1,126,0,423,0,0
B10_D1,669,0,484,0,0
G1_D1,46,0,510,0,0
G1_D1,833,0,231,0,0
G1_D1,955,0,272,0,0
B4_D1,469,0,244,0,0
G1_D1,484,0,351,0,0
B2_D1,346,0,176,0,0
B6_D1,491,0,453,0,-1
B6_D1,184,0,176,0,0
B4_D1,110,0,407,0,0
B4_D1,739,0,194,0,0
G1_D1,652,0,261,0,0
G1_D1,425,0,20,0,0
B4_D1,659,0,246,0,0
B10_D1,345,0,485,0,0
B2_D1,907,0,41,0,0
B10_D1,594,0,337,0,0
G1_D1,303,0,39,0,0
B10_D1,292,0,314,0,0
B2_D1,455,0,40,0,0
B6_D1,686,0,58,0,0
G1_D1,838,0,165,0,0
B6_D1,713,0,33,0,0
B6_D1,639,0,417,0,0
B4_D1,760,0,66,0,0
B4_D1,107,0,148,0,0
B4_D1,87,0,85,0,0
B6_D1,212,0,497,0,0
B10_D1,152,0,444,0,0
B10_D1,619,0,356,0,0
B6_D1,310,0,139,0,0
B6_D1,400,0,30,0,0
B2_D1,394,0,130,0,0
B10_D1,235,0,312,0,0
B6_D1,800,0,332,0,0
B10_D1,586,0,336,0,0
G1_D1,677,0,24,0,0
B4_D1,417,0,292,0,0
B4_D1,321,0,129,0,0
B4_D1,622,0,39,0,0
B6_D1,932,0,482,0,0
B6_D1,69,0,469,0,0
B4_D1,532,0,285,0,0
B10_D1,518,0,287,0,0
B10_D1,394,0,10,0,0
B6_D1,237,0,2,0,0
B6_D1,351,0,244,0,0
B6_D1,87,0,101,0,0
B6_D1,988,0,432,0,0
B4_D1,805,0,56,0,0
G1_D1,79,0,87,0,0
G1_D1,839,0,78,0,0
B10_D1,421,0,504,0,0
B4_D1,3,0,472,0,0
G1_D1,649,0,27,0,0
B10_D1,214,0,311,0,0
B10_D1,226,0,47,0,0
B10_D1,604,0,503,0,0
B10_D1,353,0,30,0,0
B10_D1,863,0,77,0,0
G1_D1,734,0,20,0,0
B10_D1,742,0,195,0,0
B6_D1,679,0,164,0,0
G1_D1,224,0,152,0,0
G1_D1,174,0,14,0,0
G1_D1,355,0,237,0,0
G1_D1,918,0,52,0,0
G1_D1,992,0,32,0,0
G1_D1,984,0,99,0,0
B6_D1,105,0,390,0,0
B4_D1,324,0,313,0,0
G1_D1,9,0,247,0,0
B2_D1,355,0,492,0,0
G1_D1,54,0,61,0,0
B10_D1,258,0,49,0,0
B10_D1,593,0,115,0,0
B10_D1,598,0,190,0,0
B6_D1,157,0,37,0,0
B6_D1,219,0,509,0,0
G1_D1,560,0,66,0,0
B6_D1,758,0,43,0,0
B4_D1,423,0,218,0,0
B6_D1,430,0,0,0,0
B4_D1,202,0,33,0,0
B6_D1,401,0,261,0,0
B6_D1,505,0,227,0,0
B6_D1,92,0,159,0,0
B6_D1,698,0,113,0,0
B4_D1,0,0,279,0,0
B6_D1,705,0,106,0,0
G1_D1,315,0,339,0,0
B10_D1,596,0,255,0,0
B6_D1,436,0,325,0,0
B10_D1,434,0,170,0,0
B10_D1,739,0,44,0,0
B6_D1,139,0,14,0,0
B6_D1,593,0,67,0,0
B6_D1,251,0,337,0,0
B6_D1,347,0,502,0,0
G1_D1,834,0,20,0,0
B6_D1,29,0,250,0,0
B10_D1,136,0,126,0,0
B6_D1,970,0,45,0,0
B4_D1,583,0,383,0,0
B2_D1,826,0,0,0,0
G1_D1,486,0,156,0,0
B6_D1,7,0,94,0,0
G1_D1,349,0,6,0,0
B8_D1,159,0,339,0,0
B10_D1,28,0,57,0,0
G1_D1,533,0,69,0,0
B6_D1,986,0,417,0,0
B10_D1,259,0,134,0,0
B6_D1,229,0,89,0,0
B10_D1,677,0,275,0,0
B6_D1,374,0,29,0,0
G1_D1,631,0,298,0,0
B6_D1,475,0,10,0,0
B6_D1,11,0,346,0,0
B4_D1,603,0,361,0,0
B2_D1,510,0,125,0,0
B6_D1,391,0,16,0,0
B10_D1,652,0,240,0,0
B6_D1,616,0,266,0,0
B10_D1,436,0,73,0,0
B6_D1,70,0,411,0,0
B10_D1,797,0,377,0,0
B6_D1,335,0,356,0,0
B6_D1,347,0,81,0,0
B6_D1,115,0,141,0,0
B6_D1,91,0,6,0,0
B2_D1,712,0,9,0,0
G1_D1,828,0,301,0,0
B6_D1,115,0,45,0,0
B10_D1,419,0,18,0,0
B4_D1,676,0,201,0,0
G1_D1,1014,0,225,0,0
B6_D1,648,0,196,0,0
B6_D1,1,0,146,0,0
B4_D1,53,0,122,0,0
B2_D1,751,0,23,0,0
B4_D1,727,0,34,0,0
B4_D1,170,0,74,0,0
B10_D1,246,0,115,0,0
G1_D1,589,0,16,0,0
B4_D1,532,0,83,0,0
G1_D1,923,0,104,0,0
B2_D1,735,0,78,0,0
B2_D1,639,0,444,0,0
B6_D1,689,0,330,0,0
B4_D1,8,0,58,0,0
B6_D1,882,0,148,0,0
B6_D1,595,0,25,0,0
G1_D1,11,0,184,0,0
B2_D1,201,0,63,0,0
B6_D1,456,0,501,0,0
B10_D1,648,0,26,0,0
B6_D1,381,0,353,0,0
B10_D1,576,0,266,0,0
G1_D1,325,0,0,0,0
B10_D1,283,0,49,0,0
G1_D1,932,0,33,0,0
B2_D1,817,0,5,0,0
B10_D1,421,0,50,0,0
G1_D1,444,0,154,0,0
B4_D1,870,0,237,0,0
B6_D1,874,0,19,0,0
B6_D1,454,0,24,0,0
B10_D1,465,0,51,0,0
B4_D1,802,0,59,0,0
G1_D1,286,0,489,0,0
G1_D1,147,0,199,0,0
B4_D1,978,0,14,0,0
G1_D1,1015,0,152,0,0
B10_D1,600,0,211,0,0
G1_D1,494,0,8,0,0
B10_D1,866,0,3,0,0
G1_D1,290,0,458,0,3
B4_D1,617,0,300,0,0
B6_D1,905,0,40,0,0
G1_D1,939,0,12,0,0
B10_D1,26,0,511,0,0
B6_D1,85,0,204,0,0
B4_D1,90,0,133,0,0
G1_D1,324,0,322,0,0
G1_D1,1005,0,120,0,0
B6_D1,173,0,102,0,0
B2_D1,186,0,303,0,-1
B10_D1,312,0,115,0,0
B6_D1,64,0,190,0,0
B6_D1,415,0,25,0,0
B10_D1,407,0,496,0,0
B6_D1,143,0,186,0,0
G1_D1,50,0,88,0,0
B6_D1,46,0,407,0,0
G1_D1,599,0,12,0,0
B10_D1,879,0,402,0,0
B10_D1,988,0,271,0,0
B6_D1,650,0,0,0,0
B10_D1,406,0,197,0,0
B10_D1,23,0,209,0,0
B4_D1,702,0,61,0,0
B6_D1,251,0,158,0,0
B4_D1,75,0,2,0,0
B6_D1,13,0,234,0,0
G1_D1,1005,0,179,0,0
B4_D1,1021,0,228,0,0
B6_D1,518,0,8,0,0
B10_D1,452,0,2,0,0
B10_D1,757,0,50,0,0
B6_D1,414,0,24,0,0
B10_D1,36,0,167,0,0
B6_D1,973,0,153,0,0
B10_D1,164,0,36,0,0
B10_D1,158,0,183,0,0
B6_D1,761,0,31,0,0
B10_D1,31,0,393,0,0
B6_D1,588,0,33,0,0
G1_D1,28,0,106,0,0
G1_D1,465,0,80,0,0
G1_D1,888,0,73,0,0
G1_D1,577,0,136,0,0
B10_D1,651,0,312,0,0
B6_D1,437,0,283,0,0
G1_D1,536,0,26,0,0
B4_D1,487,0,123,0,0
G1_D1,734,0,463,0,0
B6_D1,181,0,402,0,0
B6_D1,19,0,127,0,0
B10_D1,502,0,217,0,0
G1_D1,835,0,269,0,0
B6_D1,3,0,138,0,0
B6_D1,276,0,501,0,0
B6_D1,842,0,452,0,0
B10_D1,609,0,503,0,0
G1_D1,874,0,12,0,0
B6_D1,229,0,464,0,0
B6_D1,864,0,14,0,0
B10_D1,398,0,316,0,4
B4_D1,310,0,183,0,0
B10_D1,872,0,6,0,0
G1_D1,67,0,95,0,0
B6_D1,874,0,231,0,0
B2_D1,934,0,115,0,0
B4_D1,773,0,14,0,0
B6_D1,35,0,495,0,0
B6_D1,803,0,68,0,0
G1_D1,515,0,110,0,0
B6_D1,424,0,14,0,0
B10_D1,515,0,145,0,0
B6_D1,503,0,483,0,0
B6_D1,252,0,372,0,0
G1_D1,456,0,241,0,0
B6_D1,868,0,28,0,0
B6_D1,332,0,187,0,0
G1_D1,972,0,273,0,0
G1_D1,105,0,169,0,0
B6_D1,513,0,246,0,0
B6_D1,543,0,246,0,0
B6_D1,411,0,450,0,0
B6_D1,906,0,506,0,0
B6_D1,554,0,29,0,0
G1_D1,598,0,241,0,0
B6_D1,360,0,505,0,0
B4_D1,983,0,80,0,0
B4_D1,318,0,16,0,0
B6_D1,621,0,450,0,0
B4_D1,1022,0,99,0,0
B6_D1,188,0,503,0,0
G1_D1,646,0,271,0,0
B10_D1,72,0,121,0,0
B10_D1,624,0,179,0,0
B6_D1,220,0,433,0,0
B4_D1,40,0,125,0,0
B8_D1,580,0,294,0,0
B2_D1,355,0,490,0,0
G1_D1,458,0,151,0,0
B6_D1,83,0,180,0,0
B4_D1,40,0,128,0,0
B10_D1,820,0,83,0,0
B6_D1,944,0,256,0,0
B6_D1,537,0,253,0,0
B6_D1,616,0,26,0,0
B6_D1,67,0,32,0,0
B10_D1,838,0,62,0,0
G1_D1,979,0,22,0,0
B10_D1,211,0,3,0,0
B6_D1,164,0,44,0,0
G1_D1,353,0,113,0,0
G1_D1,323,0,427,0,0
B6_D1,539,0,280,0,0
G1_D1,208,0,456,0,0
G1_D1,398,0,296,0,0
G1_D1,1004,0,197,0,0
B10_D1,682,0,440,0,0
G1_D1,640,0,93,0,0
B6_D1,390,0,505,0,0
B6_D1,54,0,504,0,0
B4_D1,594,0,58,0,0
B10_D1,120,0,105,0,0
B6_D1,79,0,56,0,0
B4_D1,766,0,211,0,0
B10_D1,33,0,174,0,0
B6_D1,699,0,29,0,0
B10_D1,9,0,73,0,0
B4_D1,608,0,215,0,0
G1_D1,10,0,261,0,0
B10_D1,945,0,286,0,0
G1_D1,915,0,57,0,0
B6_D1,212,0,386,0,0
B10_D1,791,0,88,0,0
B10_D1,319,0,210,0,0
B10_D1,995,0,254,0,0
B8_D1,20,0,261,0,0
B2_D1,986,0,44,0,0
B6_D1,199,0,484,0,0
B10_D1,541,0,285,0,0
B4_D1,527,0,255,0,0
B10_D1,583,0,216,0,0
B4_D1,878,0,92,0,0
B6_D1,385,0,72,0,0
B8_D1,994,0,243,0,0
B6_D1,122,0,199,0,0
B4_D1,429,0,289,0,0
B4_D1,754,0,62,0,0
B6_D1,121,0,496,0,0
B6_D1,568,0,161,0,0
B6_D1,22,0,89,0,0
B10_D1,378,0,492,0,0
B10_D1,137,0,314,0,0
B10_D1,239,0,299,0,0
B10_D1,145,0,85,0,0
B6_D1,489,0,186,0,0
G1_D1,855,0,310,0,0
B10_D1,528,0,4,0,0
B10_D1,695,0,103,0,0
B6_D1,386,0,21,0,0
B4_D1,606,0,31,0,0
G1_D1,921,0,305,0,0
B10_D1,593,0,295,0,0
G1_D1,284,0,6,0,0
G1_D1,486,0,15,0,0
B10_D1,823,0,34,0,0
B10_D1,825,0,361,0,0
B10_D1,606,0,285,0,0
G1_D1,443,0,239,0,0
B10_D1,616,0,258,0,0
B6_D1,237,0,507,0,0
B6_D1,943,0,290,0,0
B6_D1,832,0,128,0,0
G1_D1,986,0,277,0,0
B10_D1,108,0,134,0,0
B6_D1,40,0,110,0,0
B6_D1,55,0,0,0,0
B4_D1,61,0,19,0,0
B6_D1,509,0,226,0,0
B6_D1,609,0,184,0,0
B10_D1,23,0,22,0,0
G1_D1,39,0,16,0,0
B10_D1,782,0,55,0,0
B10_D1,596,0,208,0,0
B10_D1,11,0,319,0,0
G1_D1,62,0,69,0,0
G1_D1,502,0,129,0,0
B6_D1,910,0,194,0,-1
B4_D1,801,0,119,0,0
B4_D1,734,0,34,0,0
B6_D1,588,0,483,0,0
B6_D1,673,0,210,0,0
B6_D1,693,0,331,0,0
B2_D1,517,0,486,0,0
B10_D1,180,0,48,0,0
G1_D1,609,0,6,0,0
G1_D1,218,0,58,0,0
B6_D1,213,0,483,0,0
B10_D1,298,0,100,0,0
B10_D1,52,0,23,0,0
B10_D1,211,0,286,0,0
B4_D1,242,0,57,0,0
B6_D1,600,0,510,0,0
G1_D1,487,0,18,0,0
B10_D1,369,0,315,0,0
G1_D1,170,0,0,0,0
B10_D1,495,0,309,0,0
B10_D1,612,0,206,0,0
G1_D1,406,0,510,0,0
B2_D1,534,0,511,0,0
B6_D1,994,0,19,0,0
B6_D1,661,0,214,0,0
B6_D1,768,0,404,0,0
B6_D1,759,0,298,0,0
G1_D1,147,0,227,0,0
B6_D1,17,0,356,0,0
B10_D1,792,0,167,0,0
B2_D1,945,0,244,0,0
B10_D1,522,0,291,0,0
B10_D1,745,0,251,0,0
G1_D1,676,0,192,0,0
B10_D1,635,0,101,0,0
G1_D1,678,0,263,0,0
B6_D1,558,0,493,0,0
B10_D1,34,0,39,0,0
B6_D1,980,0,127,0,0
B10_D1,874,0,215,0,0
G1_D1,576,0,119,0,0
B6_D1,264,0,258,0,0
B4_D1,4,0,504,0,0
B6_D1,597,0,7,0,0
B10_D1,70,0,139,0,0
B6_D1,117,0,277,0,0
B6_D1,640,0,490,0,0
B6_D1,330,0,428,0,0
B10_D1,170,0,425,0,0
G1_D1,603,0,36,0,0
B4_D1,314,0,289,0,0
G1_D1,320,0,286,0,0
B6_D1,329,0,198,0,0
B6_D1,531,0,41,0,0
B2_D1,150,0,456,0,0
B10_D1,123,0,272,0,0
G1_D1,389,0,277,0,0
B10_D1,372,0,6,0,0
B10_D1,978,0,39,0,0
B6_D1,67,0,482,0,0
B10_D1,52,0,269,0,0
B6_D1,23,0,76,0,0
B10_D1,27,0,34,0,0
B10_D1,547,0,291,0,0
B10_D1,328,0,94,0,0
B10_D1,345,0,412,0,0
B4_D1,3,0,16,0,0
B10_D1,690,0,78,0,0
B4_D1,517,0,280,0,0
B10_D1,10,0,168,0,0
G1_D1,1012,0,257,0,0
B4_D1,242,0,276,0,0
B6_D1,110,0,142,0,0
B10_D1,338,0,179,0,0
B2_D1,602,0,224,0,0
B6_D1,39,0,427,0,0
B4_D1,6,0,497,0,0
B2_D1,156,0,464,0,0
B6_D1,581,0,21,0,0
B6_D1,563,0,99,0,0
B6_D1,718,0,18,0,0
B6_D1,135,0,370,0,0
B10_D1,67,0,458,0,0
G1_D1,859,0,9,0,0
B6_D1,967,0,254,0,0
B10_D1,737,0,58,0,0
G1_D1,643,0,244,0,0
B10_D1,788,0,246,0,0
B6_D1,640,0,309,0,0
B6_D1,18,0,18,0,0
B6_D1,891,0,444,0,0
B10_D1,808,0,312,0,0
G1_D1,731,0,462,0,0
B6_D1,208,0,13,0,0
G1_D1,649,0,104,0,0
B10_D1,821,0,8,0,0
B4_D1,722,0,137,0,0
G1_D1,538,0,282,0,0
B2_D1,925,0,40,0,0
B6_D1,586,0,284,0,0
G1_D1,738,0,93,0,0
B10_D1,557,0,145,0,0
B6_D1,409,0,364,0,-1
B6_D1,161,0,486,0,0
B10_D1,475,0,110,0,0
B10_D1,146,0,209,0,0
B10_D1,488,0,245,0,0
G1_D1,565,0,148,0,0
B6_D1,846,0,501,0,0
B6_D1,183,0,503,0,0
G1_D1,612,0,89,0,0
B6_D1,84,0,302,0,0
B6_D1,662,0,502,0,0
G1_D1,192,0,125,0,0
B2_D1,408,0,288,0,0
G1_D1,1005,0,30,0,0
B10_D1,99,0,48,0,0
B6_D1,268,0,475,0,0
G1_D1,669,0,7,0,0
B6_D1,658,0,28,0,0
B6_D1,1009,0,213,0,0
B6_D1,71,0,454,0,0
B10_D1,781,0,258,0,0
G1_D1,438,0,478,0,0
G1_D1,59,0,82,0,0
B6_D1,874,0,134,0,0
G1_D1,701,0,15,0,0
B6_D1,998,0,483,0,0
B6_D1,500,0,510,0,0
G1_D1,46,0,158,0,0
G1_D1,730,0,327,0,0
B10_D1,175,0,510,0,0
B10_D1,242,0,238,0,0
B6_D1,849,0,14,0,0
B6_D1,407,0,2,0,0
B10_D1,967,0,46,0,0
G1_D1,742,0,318,0,0
B8_D1,694,0,312,0,0
B10_D1,392,0,199,0,0
G1_D1,149,0,295,0,0
B10_D1,75,0,86,0,0
B10_D1,270,0,266,0,0
B10_D1,781,0,28,0,0
B6_D1,816,0,381,0,0
B10_D1,352,0,186,0,0
B10_D1,235,0,176,0,0
B6_D1,792,0,333,0,0
B6_D1,867,0,447,0,0
B10_D1,91,0,139,0,0
B6_D1,352,0,141,0,0
B6_D1,963,0,18,0,0
B4_D1,114,0,335,0,0
B4_D1,791,0,248,0,0
B6_D1,25,0,495,0,0
B10_D1,94,0,194,0,0
B10_D1,719,0,455,0,0
B10_D1,1001,0,219,0,0
B10_D1,840,0,43,0,0
B4_D1,966,0,44,0,0
B6_D1,902,0,238,0,0
B10_D1,554,0,262,0,0
B6_D1,751,0,346,0,0
G1_D1,12,0,139,0,0
B6_D1,872,0,146,0,0
B6_D1,770,0,106,0,0
B10_D1,523,0,479,0,0
B6_D1,338,0,221,0,0
B6_D1,282,0,170,0,0
B2_D1,507,0,485,0,0
B10_D1,81,0,98,0,0
B4_D1,73,0,39,0,0
B2_D1,995,0,62,0,0
B6_D1,514,0,50,0,0
B10_D1,132,0,290,0,0
B4_D1,851,0,233,0,0
B10_D1,730,0,321,0,0
G1_D1,904,0,217,0,0
B6_D1,244,0,114,0,0
B10_D1,431,0,328,0,0
B6_D1,498,0,18,0,0
G1_D1,579,0,194,0,0
B10_D1,277,0,2,0,0
B4_D1,16,0,293,0,0
B8_D1,554,0,214,0,0
B10_D1,566,0,285,0,0
B10_D1,509,0,489,0,0
B6_D1,668,0,498,0,0
B6_D1,815,0,50,0,0
B10_D1,19,0,155,0,0
B6_D1,885,0,30,0,0
B10_D1,20,0,167,0,0
B6_D1,847,0,42,0,0
G1_D1,217,0,267,0,0
B6_D1,348,0,508,0,0
B6_D1,448,0,3,0,0
G1_D1,1018,0,487,0,0
B6_D1,514,0,225,0,0
B10_D1,501,0,209,0,0
B6_D1,20,0,126,0,0
B10_D1,373,0,4,0,0
B10_D1,990,0,268,0,0
B10_D1,315,0,402,0,0
B10_D1,805,0,388,0,0
B10_D1,1020,0,209,0,0
B4_D1,719,0,39,0,0
B6_D1,1004,0,409,0,0
B4_D1,640,0,76,0,0
B2_D1,254,0,504,0,0
B6_D1,564,0,170,0,0
B6_D1,336,0,6,0,0
G1_D1,759,0,307,0,0
G1_D1,447,0,238,0,0
G1_D1,59,0,14,0,0
B10_D1,414,0,19,0,0
B6_D1,1006,0,110,0,0
B10_D1,508,0,73,0,0
B10_D1,368,0,105,0,0
B6_D1,509,0,50,0,0
B10_D1,466,0,121,0,0
B6_D1,390,0,45,0,0
B4_D1,698,0,191,0,0
B6_D1,46,0,291,0,0
G1_D1,959,0,11,0,0
B6_D1,822,0,214,0,0
B6_D1,976,0,145,0,0
B10_D1,764,0,248,0,0
B10_D1,665,0,61,0,0
B6_D1,698,0,62,0,0
B6_D1,979,0,387,0,-1
G1_D1,260,0,246,0,0
B6_D1,968,0,38,0,0
G1_D1,219,0,68,0,0
G1_D1,14,0,95,0,0
G1_D1,449,0,47,0,0
B4_D1,704,0,304,0,0
B6_D1,319,0,384,0,0
B10_D1,482,0,78,0,0
G1_D1,29,0,217,0,0
G1_D1,223,0,58,0,0
B2_D1,846,0,44,0,0
B10_D1,310,0,402,0,0
B6_D1,783,0,38,0,0
B10_D1,777,0,454,0,0
B10_D1,690,0,249,0,0
B6_D1,455,0,505,0,0
B8_D1,102,0,195,0,0
B4_D1,266,0,232,0,0
B2_D1,647,0,106,0,0
B6_D1,81,0,11,0,0
B6_D1,831,0,366,0,0
B10_D1,562,0,284,0,0
B10_D1,194,0,253,0,0
B6_D1,868,0,325,0,0
B6_D1,900,0,500,0,0
B2_D1,690,0,360,0,0
B10_D1,86,0,455,0,0
B4_D1,297,0,38,0,0
G1_D1,1021,0,151,0,0
B10_D1,542,0,482,0,0
B10_D1,670,0,264,0,0
G1_D1,476,0,49,0,0
G1_D1,729,0,5,0,0
B10_D1,1022,0,149,0,0
B10_D1,316,0,185,0,0
B6_D1,933,0,304,0,0
B10_D1,531,0,296,0,0
G1_D1,509,0,10,0,0
B6_D1,423,0,420,0,0
B6_D1,985,0,53,0,0
B10_D1,290,0,162,0,0
B10_D1,375,0,190,0,0
B10_D1,326,0,511,0,0
G1_D1,253,0,356,0,0
B6_D1,397,0,391,0,0
G1_D1,429,0,101,0,0
G1_D1,367,0,220,0,0
G1_D1,266,0,489,0,0
B6_D1,564,0,363,0,0
G1_D1,976,0,57,0,0
B10_D1,610,0,210,0,0
B4_D1,159,0,26,0,0
B6_D1,999,0,95,0,0
B6_D1,601,0,506,0,0
G1_D1,21,0,403,0,0
B6_D1,790,0,71,0,0
B10_D1,416,0,275,0,0
B6_D1,211,0,99,0,0
G1_D1,200,0,234,0,0
B6_D1,245,0,242,0,0
B6_D1,1000,0,0,0,0
B10_D1,766,0,327,0,0
B8_D1,368,0,190,0,0
G1_D1,454,0,16,0,0
B6_D1,616,0,167,0,0
B4_D1,865,0,88,0,0
B10_D1,495,0,41,0,0
B6_D1,452,0,487,0,0
B6_D1,845,0,69,0,0
B6_D1,262,0,75,0,0
B10_D1,784,0,113,0,0
B6_D1,424,0,4,0,0
B6_D1,229,0,332,0,0
G1_D1,1014,0,115,0,0
B10_D1,33,0,247,0,0
B6_D1,999,0,273,0,0
B2_D1,549,0,364,0,0
B6_D1,880,0,234,0,0
G1_D1,165,0,0,0,0
G1_D1,27,0,77,0,0
G1_D1,638,0,26,0,0
B6_D1,706,0,16,0,0
B6_D1,222,0,118,0,0
G1_D1,180,0,187,0,0
B6_D1,905,0,118,0,0
B10_D1,964,0,66,0,0
B6_D1,205,0,171,0,0
B6_D1,202,0,27,0,0
B10_D1,126,0,190,0,0
B10_D1,544,0,114,0,0
B2_D1,73,0,37,0,0
G1_D1,173,0,409,0,0
G1_D1,461,0,279,0,0
G1_D1,453,0,139,0,0
B4_D1,248,0,208,0,0
G1_D1,791,0,213,0,0
B4_D1,610,0,354,0,0
B10_D1,655,0,449,0,0
B10_D1,203,0,364,0,0
B10_D1,758,0,92,0,0
G1_D1,270,0,269,0,0
B10_D1,173,0,249,0,0
B6_D1,892,0,143,0,0
B10_D1,417,0,487,0,0
B6_D1,245,0,40,0,0
B6_D1,897,0,321,0,0
B10_D1,614,0,65,0,0
G1_D1,737,0,39,0,0
G1_D1,418,0,132,0,0
B10_D1,856,0,102,0,0
B6_D1,112,0,191,0,0
B6_D1,916,0,48,0,0
B10_D1,800,0,308,0,0
G1_D1,90,0,511,0,0
B6_D1,210,0,40,0,0
B10_D1,566,0,94,0,0
G1_D1,706,0,464,0,0
B10_D1,874,0,4,0,0
B6_D1,537,0,27,0,0
B10_D1,589,0,151,0,0
B6_D1,695,0,259,0,0
B10_D1,7,0,260,0,0
B6_D1,394,0,9,0,0
B2_D1,850,0,241,0,0
B6_D1,191,0,435,0,0
B10_D1,342,0,95,0,0
B10_D1,501,0,469,0,0
B10_D1,791,0,511,0,0
B10_D1,263,0,123,0,0
B6_D1,999,0,409,0,0
B6_D1,54,0,29,0,0
B10_D1,19,0,289,0,0
B6_D1,725,0,505,0,0
B2_D1,187,0,478,0,0
B10_D1,239,0,361,0,0
G1_D1,972,0,71,0,0
B6_D1,829,0,50,0,0
G1_D1,1004,0,42,0,0
B10_D1,439,0,241,0,0
B6_D1,712,0,380,0,0
B6_D1,279,0,489,0,0
B6_D1,613,0,425,0,0
B10_D1,705,0,14,0,0
G1_D1,18,0,38,0,0
B10_D1,46,0,71,0,0
B10_D1,379,0,99,0,0
B6_D1,691,0,206,0,0
B6_D1,779,0,14,0,0
G1_D1,718,0,429,0,0
G1_D1,592,0,36,0,0
B10_D1,93,0,206,0,0
G1_D1,456,0,19,0,0
B6_D1,936,0,11,0,0
B6_D1,381,0,292,0,0
B6_D1,439,0,268,0,0
B10_D1,367,0,26,0,0
B10_D1,229,0,341,0,0
B6_D1,104,0,464,0,0
B2_D1,782,0,61,0,0
B10_D1,313,0,220,0,0
B10_D1,790,0,65,0,0
B6_D1,676,0,287,0,0
B2_D1,0,0,179,0,0
B10_D1,35,0,67,0,0
B10_D1,454,0,69,0,0
B4_D1,5,0,46,0,0
B4_D1,869,0,258,0,0
G1_D1,109,0,366,0,0
B8_D1,112,0,134,0,0
B10_D1,667,0,489,0,0
B10_D1,238,0,300,0,0
B2_D1,850,0,76,0,0
B4_D1,111,0,291,0,0
B10_D1,41,0,82,0,0
B6_D1,977,0,189,0,0
G1_D1,978,0,89,0,0
B10_D1,557,0,293,0,0
B10_D1,651,0,83,0,0
B6_D1,700,0,198,0,0
B10_D1,155,0,111,0,0
B10_D1,585,0,344,0,0
B6_D1,659,0,64,0,0
B10_D1,4,0,233,0,0
G1_D1,914,0,19,0,0
B10_D1,722,0,473,0,0
G1_D1,58,0,161,0,0
B6_D1,650,0,427,0,0
G1_D1,64,0,7,0,0
B10_D1,835,0,314,0,0
B6_D1,319,0,24,0,0
B2_D1,439,0,475,0,0
G1_D1,668,0,151,0,0
G1_D1,183,0,167,0,0
B6_D1,87,0,304,0,0
B4_D1,443,0,231,0,0
B2_D1,812,0,128,0,0
B2_D1,699,0,103,0,0
B6_D1,127,0,327,0,0
G1_D1,75,0,137,0,0
B6_D1,825,0,266,0,0
G1_D1,333,0,129,0,0
G1_D1,829,0,84,0,0
B4_D1,592,0,91,0,0
B2_D1,952,0,27,0,0
B10_D1,413,0,273,0,0
B6_D1,447,0,382,0,0
G1_D1,307,0,57,0,0
B6_D1,117,0,475,0,0
B10_D1,641,0,29,0,0
B6_D1,232,0,298,0,0
B10_D1,282,0,173,0,0
B6_D1,174,0,195,0,0
B2_D1,904,0,37,0,0
B10_D1,626,0,496,0,0
B10_D1,614,0,356,0,0
B10_D1,389,0,71,0,0
B6_D1,633,0,480,0,0
B6_D1,692,0,507,0,0
B10_D1,153,0,503,0,0
B8_D1,110,0,199,0,0
B10_D1,340,0,7,0,0
B10_D1,211,0,36,0,0
B6_D1,638,0,419,0,0
G1_D1,958,0,219,0,0
B10_D1,94,0,308,0,0
B10_D1,642,0,47,0,0
B10_D1,809,0,4,0,0
B4_D1,59,0,22,0,0
G1_D1,147,0,374,0,0
B10_D1,471,0,243,0,0
B2_D1,208,0,134,0,0
B2_D1,290,0,391,0,0
G1_D1,10,0,45,0,0
G1_D1,991,0,20,0,0
G1_D1,410,0,20,0,0
B6_D1,976,0,432,0,0
B4_D1,1022,0,267,0,0
B6_D1,716,0,236,0,-1
B6_D1,158,0,405,0,0
B4_D1,237,0,276,0,0
B10_D1,794,0,485,0,0
B6_D1,773,0,227,0,0
B6_D1,540,0,0,0,0
B4_D1,661,0,35,0,0
B6_D1,236,0,501,0,0
G1_D1,514,0,277,0,0
B6_D1,532,0,412,0,0
B6_D1,590,0,0,0,0
G1_D1,693,0,159,0,0
B2_D1,940,0,151,0,-1
G1_D1,926,0,511,0,0
B10_D1,639,0,461,0,0
B10_D1,721,0,283,0,0
B6_D1,512,0,412,0,0
B6_D1,836,0,357,0,0
G1_D1,994,0,189,0,0
B6_D1,1006,0,82,0,0
G1_D1,203,0,407,0,0
B6_D1,982,0,129,0,0
B6_D1,818,0,301,0,0
B6_D1,212,0,32,0,0
G1_D1,23,0,74,0,0
B4_D1,401,0,89,0,0
B10_D1,211,0,70,0,0
B10_D1,925,0,497,0,0
G1_D1,844,0,129,0,0
B10_D1,264,0,58,0,0
B10_D1,927,0,330,0,0
B10_D1,714,0,447,0,0
B2_D1,1,0,166,0,0
B4_D1,3,0,491,0,0
B6_D1,763,0,446,0,0
G1_D1,600,0,34,0,0
B6_D1,939,0,4,0,0
B10_D1,459,0,93,0,0
B10_D1,47,0,51,0,0
B6_D1,956,0,50,0,0
G1_D1,207,0,372,0,0
B10_D1,198,0,211,0,0
B10_D1,385,0,191,0,0
B10_D1,1003,0,302,0,0
G1_D1,63,0,398,0,0
G1_D1,884,0,7,0,0
B2_D1,525,0,481,0,0
B10_D1,316,0,333,0,0
B6_D1,545,0,361,0,0
B10_D1,20,0,18,0,0
B2_D1,575,0,455,0,9
B10_D1,396,0,264,0,0
B10_D1,433,0,483,0,0
B10_D1,83,0,89,0,0
B10_D1,21,0,60,0,0
B6_D1,891,0,193,0,0
B10_D1,392,0,228,0,0
B2_D1,541,0,154,0,0
B4_D1,939,0,23,0,0
B6_D1,761,0,266,0,0
B6_D1,81,0,132,0,0
B10_D1,319,0,218,0,0
B6_D1,563,0,299,0,0
B6_D1,868,0,503,0,0
B6_D1,628,0,171,0,0
B4_D1,203,0,234,0,0
B6_D1,188,0,284,0,0
B6_D1,347,0,32,0,0
B4_D1,123,0,18,0,0
B6_D1,476,0,6,0,0
B10_D1,237,0,314,0,0
B6_D1,200,0,485,0,0
B10_D1,684,0,313,0,0
G1_D1,60,0,269,0,0
B8_D1,922,0,302,0,0
G1_D1,892,0,337,0,0
B10_D1,147,0,322,0,0
B6_D1,83,0,18,0,0
B10_D1,510,0,304,0,0
B4_D1,432,0,109,0,0
B10_D1,351,0,313,0,0
B4_D1,264,0,195,0,0
B6_D1,206,0,99,0,0
G1_D1,64,0,61,0,0
B4_D1,346,0,300,0,0
B6_D1,247,0,125,0,0
B4_D1,222,0,147,0,0
B6_D1,779,0,109,0,0
B6_D1,879,0,104,0,0
B2_D1,181,0,70,0,0
B2_D1,1003,0,244,0,0
B6_D1,203,0,18,0,0
B10_D1,484,0,32,0,0
B10_D1,746,0,451,0,0
B6_D1,617,0,448,0,0
B6_D1,832,0,447,0,0
B10_D1,140,0,259,0,0
G1_D1,1020,0,30,0,0
G1_D1,806,0,456,0,0
B6_D1,361,0,191,0,0
G1_D1,879,0,37,0,0
G1_D1,272,0,284,0,0
B6_D1,474,0,244,0,0
B6_D1,148,0,493,0,0
B10_D1,276,0,171,0,0
B6_D1,100,0,485,0,0
B6_D1,1002,0,53,0,0
B6_D1,2,0,164,0,0
B10_D1,445,0,143,0,0
G1_D1,773,0,242,0,0
B6_D1,74,0,441,0,0
B6_D1,234,0,157,0,0
G1_D1,53,0,74,0,0
B6_D1,120,0,15,0,0
B6_D1,3,0,488,0,0
B10_D1,604,0,313,0,0
B6_D1,91,0,270,0,0
B6_D1,140,0,485,0,0
B2_D1,667,0,436,0,0
B6_D1,96,0,300,0,0
G1_D1,986,0,212,0,0
B6_D1,915,0,302,0,0
B10_D1,614,0,195,0,0
B6_D1,84,0,489,0,0
G1_D1,85,0,162,0,0
B4_D1,39,0,140,0,0
B6_D1,810,0,88,0,0
G1_D1,713,0,266,0,0
B10_D1,172,0,239,0,0
B10_D1,0,0,288,0,0
B10_D1,13,0,49,0,0
B6_D1,410,0,288,0,0
B6_D1,988,0,112,0,0
G1_D1,251,0,154,0,0
G1_D1,991,0,170,0,0
B4_D1,4,0,218,0,0
B6_D1,985,0,304,0,0
B6_D1,979,0,406,0,0
B4_D1,781,0,15,0,0
B6_D1,793,0,49,0,0
B6_D1,454,0,416,0,0
B10_D1,342,0,197,0,0
B10_D1,730,0,120,0,0
B6_D1,299,0,323,0,0
B6_D1,437,0,275,0,0
B6_D1,1019,0,464,0,0
B6_D1,527,0,487,0,0
G1_D1,871,0,133,0,0
B2_D1,493,0,165,0,0
B10_D1,815,0,173,0,0
B6_D1,37,0,120,0,0
B6_D1,447,0,42,0,0
B10_D1,576,0,149,0,0
B6_D1,786,0,449,0,0
B6_D1,136,0,506,0,0
B8_D1,754,0,207,0,0
B10_D1,19,0,219,0,0
B6_D1,224,0,29,0,0
B10_D1,253,0,74,0,0
B10_D1,654,0,160,0,0
B6_D1,161,0,178,0,0
B6_D1,710,0,105,0,0
G1_D1,151,0,113,0,0
B6_D1,581,0,167,0,0
B10_D1,39,0,148,0,0
B8_D1,1022,0,112,0,0
B6_D1,439,0,123,0,0
B10_D1,389,0,471,0,0
B10_D1,401,0,5,0,0
B6_D1,355,0,477,0,0
B6_D1,823,0,395,0,0
B4_D1,818,0,244,0,0
G1_D1,196,0,274,0,0
B6_D1,905,0,291,0,0
B6_D1,167,0,104,0,0
B10_D1,706,0,437,0,0
G1_D1,189,0,11,0,0
G1_D1,296,0,486,0,0
B10_D1,533,0,263,0,0
B6_D1,560,0,510,0,0
B10_D1,29,0,135,0,0
B6_D1,49,0,484,0,0
B6_D1,729,0,146,0,0
G1_D1,865,0,238,0,0
G1_D1,181,0,449,0,0
B4_D1,1022,0,129,0,0
B10_D1,375,0,168,0,0
B10_D1,138,0,504,0,0
B6_D1,723,0,101,0,0
B6_D1,280,0,163,0,0
B6_D1,49,0,76,0,0
B10_D1,617,0,236,0,0
B10_D1,599,0,354,0,0
B6_D1,730,0,198,0,0
B6_D1,465,0,387,0,0
B6_D1,141,0,478,0,0
B10_D1,848,0,45,0,0
B10_D1,19,0,244,0,0
B6_D1,727,0,482,0,0
B6_D1,461,0,397,0,0
B10_D1,234,0,326,0,0
B6_D1,323,0,349,0,-1
B6_D1,251,0,271,0,0
B6_D1,248,0,86,0,0
B6_D1,431,0,125,0,0
B6_D1,991,0,123,0,0
B6_D1,258,0,479,0,0
B6_D1,430,0,505,0,0
B10_D1,486,0,275,0,0
B2_D1,890,0,263,0,0
G1_D1,978,0,158,0,0
B10_D1,425,0,233,0,0
B6_D1,57,0,466,0,0
B6_D1,9,0,292,0,0
B6_D1,939,0,428,0,0
B6_D1,251,0,64,0,0
B6_D1,508,0,273,0,0
B10_D1,424,0,380,0,0
G1_D1,414,0,129,0,0
B6_D1,554,0,269,0,0
B2_D1,787,0,225,0,0
B10_D1,174,0,64,0,0
B6_D1,538,0,224,0,0
B2_D1,208,0,60,0,0
B6_D1,999,0,429,0,0
B10_D1,61,0,167,0,0
B10_D1,648,0,452,0,0
B10_D1,412,0,171,0,0
G1_D1,9,0,207,0,0
B4_D1,24,0,274,0,0
G1_D1,873,0,302,0,0
B10_D1,301,0,132,0,0
B10_D1,746,0,115,0,0
B4_D1,2,0,50,0,0
B10_D1,95,0,130,0,0
B6_D1,680,0,441,0,0
G1_D1,576,0,15,0,0
B6_D1,937,0,96,0,0
G1_D1,69,0,385,0,0
B10_D1,448,0,82,0,0
B6_D1,222,0,311,0,0
B6_D1,794,0,384,0,0
G1_D1,775,0,299,0,0
B10_D1,873,0,55,0,0
B6_D1,42,0,27,0,0
B6_D1,659,0,164,0,0
B4_D1,559,0,387,0,0
B10_D1,73,0,199,0,0
B10_D1,826,0,327,0,0
G1_D1,423,0,29,0,0
G1_D1,696,0,41,0,0
B6_D1,663,0,479,0,0
B10_D1,380,0,481,0,0
B6_D1,705,0,246,0,0
B2_D1,780,0,44,0,0
B6_D1,338,0,28,0,0
B6_D1,866,0,1,0,0
B6_D1,588,0,387,0,0
G1_D1,858,0,439,0,0
B6_D1,590,0,485,0,0
B10_D1,812,0,299,0,0
B6_D1,376,0,280,0,0
B6_D1,327,0,482,0,0
B10_D1,744,0,248,0,0
B6_D1,772,0,350,0,0
B6_D1,12,0,342,0,0
B4_D1,1021,0,263,0,0
B10_D1,56,0,113,0,0
G1_D1,49,0,94,0,0
B6_D1,574,0,509,0,0
B10_D1,155,0,218,0,0
B10_D1,577,0,504,0,0
B10_D1,622,0,214,0,0
B6_D1,936,0,115,0,0
B10_D1,322,0,487,0,0
B10_D1,788,0,453,0,0
B4_D1,770,0,208,0,0
G1_D1,1015,0,93,0,0
B6_D1,964,0,212,0,0
G1_D1,510,0,59,0,0
B10_D1,1013,0,215,0,0
B6_D1,93,0,296,0,0
B10_D1,171,0,112,0,0
B4_D1,1009,0,206,0,0
B10_D1,857,0,350,0,0
B4_D1,603,0,360,0,0
B10_D1,116,0,143,0,0
G1_D1,32,0,250,0,0
B6_D1,568,0,466,0,0
G1_D1,211,0,505,0,0
B10_D1,695,0,58,0,0
B10_D1,91,0,285,0,0
B10_D1,126,0,232,0,0
B6_D1,441,0,271,0,0
G1_D1,761,0,94,0,0
B10_D1,143,0,316,0,0
G1_D1,326,0,356,0,-1
G1_D1,272,0,180,0,0
B4_D1,983,0,88,0,0
B10_D1,772,0,425,0,0
B10_D1,4,0,266,0,0
B10_D1,875,0,92,0,0
B10_D1,757,0,416,0,0
G1_D1,551,0,35,0,0
B6_D1,35,0,418,0,0
B10_D1,283,0,206,0,0
B10_D1,529,0,214,0,0
B6_D1,780,0,30,0,0
G1_D1,700,0,264,0,0
B10_D1,405,0,17,0,0
B10_D1,505,0,227,0,0
B6_D1,163,0,198,0,0
B10_D1,889,0,262,0,0
B4_D1,7,0,363,0,0
G1_D1,700,0,195,0,0
B10_D1,630,0,302,0,0
B6_D1,235,0,510,0,0
B2_D1,657,0,224,0,0
B6_D1,687,0,22,0,0
B10_D1,94,0,113,0,0
B6_D1,753,0,479,0,0
B6_D1,808,0,75,0,0
B6_D1,358,0,371,0,0
B6_D1,819,0,235,0,0
B4_D1,451,0,60,0,0
B10_D1,312,0,216,0,0
B10_D1,705,0,79,0,0
B6_D1,819,0,423,0,0
B6_D1,185,0,130,0,0
B6_D1,684,0,187,0,0
B6_D1,316,0,48,0,0
B10_D1,538,0,263,0,0
B10_D1,550,0,161,0,0
B10_D1,466,0,138,0,0
B10_D1,852,0,232,0,0
B10_D1,374,0,315,0,4
B6_D1,938,0,313,0,-1
B6_D1,485,0,385,0,0
B10_D1,65,0,451,0,0
B10_D1,326,0,59,0,0
B2_D1,805,0,444,0,0
B6_D1,799,0,260,0,0
G1_D1,83,0,357,0,0
B6_D1,461,0,501,0,0
B10_D1,634,0,239,0,0
B10_D1,119,0,116,0,0
B6_D1,141,0,320,0,0
G1_D1,570,0,146,0,0
B6_D1,381,0,41,0,0
B2_D1,927,0,158,0,-1
B10_D1,997,0,51,0,0
B4_D1,901,0,91,0,0
G1_D1,683,0,35,0,0
B10_D1,99,0,280,0,0
B10_D1,766,0,3,0,0
B2_D1,137,0,509,0,0
B6_D1,996,0,280,0,0
B6_D1,990,0,77,0,0
G1_D1,739,0,11,0,0
B10_D1,719,0,447,0,0
B10_D1,144,0,281,0,0
B10_D1,190,0,169,0,0
B10_D1,72,0,42,0,0
G1_D1,5,0,261,0,0
B10_D1,539,0,475,0,0
G1_D1,1002,0,176,0,0
G1_D1,197,0,191,0,0
B10_D1,497,0,251,0,0
B6_D1,625,0,495,0,0
B6_D1,939,0,301,0,0
B6_D1,818,0,212,0,0
B6_D1,727,0,32,0,0
G1_D1,758,0,211,0,0
B10_D1,186,0,1,0,0
B6_D1,338,0,8,0,0
G1_D1,1004,0,3,0,0
B10_D1,143,0,311,0,0
B6_D1,426,0,21,0,0
B10_D1,386,0,276,0,0
B4_D1,89,0,279,0,0
B10_D1,245,0,61,0,0
B6_D1,996,0,285,0,0
B6_D1,242,0,112,0,0
G1_D1,22,0,185,0,0
B6_D1,862,0,111,0,0
B10_D1,441,0,276,0,0
B4_D1,580,0,181,0,0
B6_D1,723,0,68,0,0
B10_D1,376,0,504,0,0
B6_D1,844,0,108,0,0
B10_D1,727,0,473,0,0
B10_D1,792,0,174,0,0
B10_D1,142,0,207,0,0
B4_D1,107,0,327,0,0
B6_D1,254,0,460,0,0
B10_D1,55,0,454,0,0
B10_D1,946,0,503,0,0
B10_D1,52,0,329,0,0
B4_D1,610,0,46,0,0
B6_D1,982,0,79,0,0
B6_D1,455,0,331,0,0
B10_D1,735,0,49,0,0
B6_D1,718,0,488,0,0
G1_D1,753,0,156,0,0
B2_D1,173,0,112,0,0
B4_D1,101,0,83,0,0
B6_D1,1,0,113,0,0
B2_D1,650,0,360,0,0
B6_D1,898,0,33,0,0
B10_D1,911,0,511,0,0
B6_D1,64,0,219,0,-1
B10_D1,234,0,299,0,0
B6_D1,542,0,297,0,0
B6_D1,727,0,27,0,0
G1_D1,975,0,293,0,0
G1_D1,908,0,95,0,0
G1_D1,679,0,16,0,0
B6_D1,405,0,490,0,0
G1_D1,1010,0,286,0,0
B6_D1,988,0,493,0,0
G1_D1,378,0,283,0,0
B10_D1,587,0,284,0,0
B6_D1,192,0,22,0,0
B6_D1,952,0,131,0,0
B10_D1,628,0,122,0,0
B6_D1,269,0,44,0,0
B10_D1,440,0,21,0,0
B4_D1,223,0,17,0,0
B2_D1,418,0,376,0,0
B10_D1,790,0,83,0,0
B6_D1,898,0,272,0,0
B10_D1,543,0,107,0,0
B6_D1,562,0,274,0,0
B10_D1,252,0,258,0,0
G1_D1,688,0,244,0,0
B6_D1,946,0,511,0,0
G1_D1,617,0,231,0,0
B4_D1,1020,0,155,0,0
B2_D1,179,0,125,0,0
B10_D1,788,0,417,0,0
B6_D1,327,0,70,0,0
B10_D1,490,0,131,0,0
B10_D1,557,0,206,0,0
B10_D1,26,0,194,0,0
B6_D1,693,0,488,0,0
B10_D1,142,0,6,0,0
B10_D1,885,0,400,0,0
G1_D1,251,0,21,0,0
B6_D1,371,0,350,0,0
G1_D1,323,0,242,0,0
B2_D1,675,0,434,0,0
B6_D1,286,0,84,0,0
B2_D1,283,0,144,0,0
B6_D1,148,0,205,0,0
B10_D1,694,0,255,0,0
B2_D1,438,0,110,0,0
B4_D1,738,0,100,0,0
B6_D1,185,0,277,0,0
B6_D1,325,0,227,0,0
B6_D1,820,0,330,0,0
B6_D1,152,0,502,0,0
B4_D1,444,0,372,0,0
B4_D1,853,0,95,0,0
B8_D1,41,0,326,0,0
B10_D1,750,0,75,0,0
B2_D1,385,0,488,0,0
G1_D1,559,0,41,0,0
B8_D1,92,0,139,0,0
G1_D1,772,0,23,0,0
B10_D1,27,0,261,0,0
B10_D1,499,0,485,0,0
B10_D1,973,0,1,0,0
B6_D1,573,0,508,0,0
B6_D1,54,0,489,0,0
B10_D1,772,0,329,0,0
B6_D1,594,0,164,0,0
B6_D1,892,0,116,0,0
B6_D1,674,0,211,0,0
B6_D1,330,0,35,0,0
B6_D1,858,0,435,0,0
B10_D1,425,0,16,0,0
B6_D1,423,0,13,0,0
B4_D1,770,0,51,0,0
B6_D1,127,0,32,0,0
B4_D1,794,0,42,0,0
G1_D1,487,0,214,0,0
B10_D1,471,0,81,0,0
G1_D1,89,0,196,0,0
G1_D1,155,0,72,0,0
B6_D1,107,0,245,0,7
B6_D1,812,0,204,0,0
B10_D1,574,0,80,0,0
B6_D1,398,0,483,0,0
B10_D1,925,0,27,0,0
B4_D1,145,0,34,0,0
B6_D1,4,0,9,0,0
G1_D1,7,0,298,0,0
B2_D1,424,0,32,0,0
B4_D1,1021,0,97,0,0
B10_D1,693,0,418,0,0
B10_D1,662,0,414,0,0
B10_D1,433,0,458,0,0
G1_D1,469,0,10,0,0
B2_D1,380,0,488,0,0
B4_D1,29,0,126,0,0
B2_D1,883,0,389,0,0
B6_D1,18,0,8,0,0
G1_D1,902,0,322,0,0
B6_D1,741,0,501,0,0
B4_D1,905,0,234,0,0
B10_D1,683,0,87,0,0
B4_D1,58,0,122,0,0
B6_D1,373,0,43,0,0
B6_D1,703,0,49,0,0
B6_D1,851,0,127,0,0
G1_D1,914,0,312,0,0
G1_D1,34,0,79,0,0
G1_D1,314,0,9,0,0
G1_D1,896,0,52,0,0
B6_D1,988,0,202,0,0
G1_D1,28,0,214,0,0
B10_D1,646,0,138,0,0
G1_D1,244,0,76,0,0
G1_D1,974,0,326,0,-1
B10_D1,558,0,234,0,0
B6_D1,486,0,276,0,0
B2_D1,558,0,459,0,0
B6_D1,376,0,291,0,0
B8_D1,935,0,238,0,0
B4_D1,1,0,35,0,0
B6_D1,987,0,507,0,0
B8_D1,887,0,302,0,0
B10_D1,160,0,67,0,0
B6_D1,997,0,228,0,0
B6_D1,134,0,313,0,0
B8_D1,902,0,301,0,0
B6_D1,359,0,97,0,0
G1_D1,511,0,274,0,0
B10_D1,446,0,1,0,0
B6_D1,4,0,197,0,0
B10_D1,207,0,126,0,0
B2_D1,791,0,67,0,0
B4_D1,5,0,64,0,0
B10_D1,563,0,265,0,0
B10_D1,650,0,268,0,0
B6_D1,506,0,301,0,0
B6_D1,1016,0,147,0,0
B8_D1,832,0,228,0,0
B10_D1,380,0,154,0,0
B10_D1,73,0,164,0,0
B6_D1,817,0,305,0,0
B8_D1,254,0,184,0,0
B6_D1,612,0,482,0,0
B10_D1,17,0,280,0,0
B6_D1,690,0,452,0,0
B6_D1,330,0,415,0,0
B10_D1,637,0,305,0,0
B6_D1,75,0,421,0,0
B6_D1,971,0,50,0,0
B10_D1,623,0,87,0,0
B4_D1,517,0,237,0,0
B6_D1,840,0,266,0,0
B6_D1,523,0,481,0,0
B10_D1,595,0,57,0,0
B6_D1,414,0,509,0,0
B10_D1,376,0,444,0,2
B10_D1,28,0,195,0,0
B10_D1,13,0,55,0,0
B6_D1,817,0,270,0,0
B6_D1,298,0,188,0,0
B10_D1,2,0,237,0,0
G1_D1,42,0,215,0,0
B10_D1,7,0,280,0,0
B10_D1,850,0,12,0,0
B10_D1,762,0,41,0,0
B6_D1,45,0,94,0,0
B10_D1,688,0,168,0,0
G1_D1,34,0,98,0,0
B10_D1,263,0,49,0,0
B10_D1,645,0,249,0,0
B10_D1,656,0,68,0,0
B6_D1,385,0,69,0,0
B6_D1,324,0,207,0,0
G1_D1,89,0,7,0,0
G1_D1,579,0,4,0,0
B6_D1,851,0,16,0,0
B10_D1,172,0,164,0,0
B10_D1,601,0,282,0,0
B4_D1,671,0,313,0,0
B10_D1,809,0,93,0,0
G1_D1,229,0,10,0,0
B6_D1,538,0,166,0,0
G1_D1,805,0,89,0,0
B6_D1,457,0,17,0,0
B6_D1,268,0,493,0,0
B10_D1,336,0,194,0,0
B10_D1,652,0,304,0,0
G1_D1,22,0,233,0,0
B10_D1,173,0,246,0,0
B6_D1,562,0,37,0,0
B10_D1,792,0,411,0,0
G1_D1,996,0,229,0,0
B4_D1,971,0,291,0,0
B2_D1,398,0,206,0,0
B6_D1,52,0,49,0,0
G1_D1,1012,0,131,0,0
B6_D1,866,0,501,0,0
B6_D1,1013,0,312,0,0
B6_D1,263,0,339,0,0
B4_D1,741,0,246,0,0
B6_D1,115,0,5,0,0
B6_D1,359,0,458,0,1
B6_D1,628,0,51,0,0
B6_D1,180,0,5,0,0
B10_D1,103,0,479,0,0
G1_D1,504,0,9,0,0
B10_D1,778,0,421,0,0
B8_D1,932,0,236,0,0
B10_D1,572,0,117,0,0
G1_D1,891,0,45,0,0
G1_D1,783,0,215,0,0
B6_D1,759,0,358,0,0
B6_D1,734,0,4,0,0
G1_D1,11,0,182,0,0
B6_D1,329,0,373,0,0
G1_D1,634,0,19,0,0
B10_D1,340,0,236,0,0
B6_D1,198,0,49,0,0
B2_D1,446,0,31,0,0
B6_D1,693,0,65,0,0
B6_D1,995,0,456,0,-1
G1_D1,1015,0,200,0,0
B6_D1,912,0,32,0,0
B6_D1,1015,0,505,0,0
B6_D1,181,0,66,0,0
B2_D1,638,0,363,0,0
G1_D1,80,0,272,0,0
B4_D1,752,0,206,0,0
B6_D1,898,0,3,0,0
B6_D1,191,0,511,0,0
B6_D1,12,0,323,0,0
B8_D1,268,0,184,0,0
B10_D1,771,0,327,0,0
G1_D1,308,0,89,0,0
G1_D1,360,0,487,0,0
B4_D1,877,0,239,0,0
G1_D1,992,0,103,0,0
B2_D1,287,0,499,0,0
B2_D1,509,0,220,0,0
G1_D1,652,0,135,0,-1
B10_D1,248,0,300,0,0
B2_D1,658,0,473,0,0
B10_D1,654,0,463,0,0
B6_D1,658,0,479,0,0
G1_D1,719,0,264,0,0
B6_D1,302,0,32,0,0
B6_D1,743,0,480,0,0
G1_D1,1006,0,55,0,0
B6_D1,817,0,335,0,0
G1_D1,210,0,110,0,0
B10_D1,138,0,218,0,0
B10_D1,537,0,278,0,0
B10_D1,211,0,242,0,0
B10_D1,725,0,435,0,0
B10_D1,105,0,301,0,0
B10_D1,854,0,4,0,0
B10_D1,780,0,273,0,0
B6_D1,563,0,294,0,0
B10_D1,179,0,251,0,0
B10_D1,234,0,341,0,0
B6_D1,225,0,64,0,0
G1_D1,572,0,141,0,0
B10_D1,34,0,219,0,0
B10_D1,316,0,0,0,0
B10_D1,434,0,304,0,0
G1_D1,327,0,98,0,0
B4_D1,478,0,200,0,-1
B10_D1,308,0,403,0,0
B2_D1,85,0,76,0,0
B6_D1,665,0,418,0,0
B6_D1,559,0,504,0,0
B6_D1,892,0,22,0,0
B6_D1,237,0,71,0,0
B6_D1,150,0,414,0,0
B6_D1,614,0,29,0,0
G1_D1,45,0,500,0,0
B10_D1,920,0,331,0,0
B6_D1,146,0,206,0,0
B4_D1,6,0,467,0,0
B10_D1,921,0,252,0,0
B6_D1,108,0,98,0,0
B4_D1,0,0,179,0,0
G1_D1,9,0,60,0,0
B6_D1,780,0,63,0,0
G1_D1,878,0,438,0,0
B6_D1,240,0,159,0,0
B6_D1,247,0,37,0,0
B6_D1,5,0,107,0,0
B4_D1,78,0,81,0,0
B6_D1,525,0,130,0,0
B10_D1,177,0,61,0,0
B10_D1,216,0,70,0,0
B6_D1,301,0,292,0,0
G1_D1,15,0,173,0,0
G1_D1,562,0,103,0,0
B6_D1,940,0,35,0,0
B6_D1,858,0,28,0,0
B6_D1,811,0,385,0,0
G1_D1,34,0,150,0,0
B10_D1,650,0,492,0,0
B6_D1,467,0,107,0,0
B6_D1,19,0,352,0,0
B10_D1,359,0,315,0,0
B6_D1,594,0,29,0,0
B6_D1,788,0,351,0,0
B6_D1,487,0,307,0,0
B6_D1,958,0,176,0,0
B4_D1,983,0,12,0,0
B6_D1,363,0,503,0,0
B6_D1,110,0,163,0,0
B6_D1,998,0,215,0,0
B6_D1,1022,0,47,0,0
B6_D1,75,0,137,0,0
B6_D1,871,0,193,0,0
B4_D1,368,0,373,0,0
B6_D1,1005,0,230,0,0
B4_D1,810,0,67,0,0
B10_D1,226,0,127,0,0
B6_D1,625,0,421,0,0
G1_D1,30,0,173,0,0
G1_D1,839,0,296,0,0
B4_D1,725,0,326,0,0
B10_D1,148,0,249,0,0
B10_D1,602,0,236,0,0
B6_D1,527,0,507,0,0
G1_D1,48,0,141,0,0
G1_D1,721,0,280,0,0
B6_D1,153,0,446,0,0
G1_D1,991,0,157,0,0
B10_D1,473,0,4,0,0
B10_D1,316,0,63,0,0
B10_D1,149,0,109,0,0
B10_D1,191,0,435,0,0
B4_D1,253,0,17,0,0
B10_D1,599,0,503,0,0
G1_D1,153,0,375,0,0
G1_D1,1023,0,456,0,0
B10_D1,563,0,154,0,0
B6_D1,508,0,262,0,0
B6_D1,494,0,509,0,0
B2_D1,400,0,379,0,0
B10_D1,195,0,32,0,0
B6_D1,856,0,336,0,0
B10_D1,522,0,49,0,0
B6_D1,645,0,458,0,0
B10_D1,34,0,10,0,0
B10_D1,117,0,15,0,0
G1_D1,34,0,162,0,0
B10_D1,77,0,268,0,0
B6_D1,246,0,46,0,0
B10_D1,19,0,261,0,0
G1_D1,157,0,105,0,0
B10_D1,153,0,320,0,0
B4_D1,558,0,70,0,0
B10_D1,449,0,464,0,0
G1_D1,737,0,260,0,0
B6_D1,667,0,369,0,0
B10_D1,480,0,131,0,0
B10_D1,474,0,10,0,0
G1_D1,34,0,470,0,0
B10_D1,930,0,295,0,0
B6_D1,596,0,11,0,0
B6_D1,316,0,218,0,0
B10_D1,537,0,244,0,0
B6_D1,157,0,350,0,0
B6_D1,432,0,37,0,0
B6_D1,279,0,60,0,0
B6_D1,170,0,128,0,0
B6_D1,193,0,3,0,0
B2_D1,602,0,467,0,0
B10_D1,322,0,176,0,0
B10_D1,474,0,115,0,0
B4_D1,630,0,157,0,0
B6_D1,861,0,51,0,0
B4_D1,610,0,229,0,0
B10_D1,56,0,150,0,0
B4_D1,529,0,147,0,0
B10_D1,720,0,104,0,0
B10_D1,1019,0,463,0,0
B6_D1,741,0,257,0,0
B6_D1,18,0,503,0,0
B4_D1,833,0,58,0,0
B6_D1,8,0,442,0,0
B10_D1,418,0,125,0,0
B6_D1,929,0,425,0,0
B4_D1,741,0,264,0,0
G1_D1,82,0,42,0,0
B6_D1,327,0,208,0,0
B8_D1,599,0,217,0,0
G1_D1,914,0,45,0,0
B6_D1,679,0,266,0,0
B6_D1,314,0,138,0,0
B10_D1,474,0,302,0,0
B10_D1,389,0,470,0,0
G1_D1,721,0,304,0,0
B10_D1,908,0,109,0,0
G1_D1,134,0,191,0,0
B10_D1,402,0,114,0,0
G1_D1,5,0,497,0,0
B10_D1,34,0,508,0,0
B4_D1,872,0,16,0,0
B2_D1,175,0,180,0,0
B10_D1,642,0,474,0,0
B6_D1,748,0,483,0,0
B10_D1,119,0,111,0,0
B4_D1,2,0,29,0,0
G1_D1,461,0,140,0,0
G1_D1,684,0,11,0,0
B10_D1,35,0,64,0,0
B6_D1,437,0,409,0,0
B10_D1,424,0,271,0,0
B6_D1,379,0,266,0,0
B6_D1,830,0,59,0,0
B10_D1,288,0,323,0,0
B10_D1,652,0,411,0,0
B4_D1,149,0,362,0,0
B10_D1,1004,0,4,0,0
G1_D1,104,0,285,0,0
B10_D1,99,0,448,0,0
B10_D1,746,0,422,0,0
G1_D1,29,0,262,0,0
B10_D1,746,0,401,0,0
G1_D1,1005,0,299,0,0
B6_D1,35,0,444,0,-1
B2_D1,551,0,510,0,0
B10_D1,0,0,317,0,0
B10_D1,730,0,103,0,0
B2_D1,821,0,17,0,0
B10_D1,792,0,261,0,0
B10_D1,620,0,254,0,0
B10_D1,589,0,456,0,9
G1_D1,390,0,370,0,0
B6_D1,250,0,490,0,0
B10_D1,345,0,23,0,0
B6_D1,650,0,309,0,0
B10_D1,893,0,271,0,0
G1_D1,507,0,205,0,0
B6_D1,162,0,350,0,0
B10_D1,860,0,442,0,0
B10_D1,619,0,86,0,0
G1_D1,35,0,110,0,0
G1_D1,369,0,4,0,0
B6_D1,662,0,308,0,0
B6_D1,563,0,172,0,0
B6_D1,132,0,482,0,0
B2_D1,386,0,112,0,0
G1_D1,37,0,233,0,0
G1_D1,467,0,50,0,0
G1_D1,11,0,57,0,0
B10_D1,473,0,102,0,0
G1_D1,594,0,14,0,0
B10_D1,466,0,49,0,0
G1_D1,458,0,116,0,0
G1_D1,280,0,186,0,0
B6_D1,667,0,27,0,0
B10_D1,164,0,269,0,0
B10_D1,408,0,206,0,0
B6_D1,56,0,100,0,0
B6_D1,594,0,169,0,0
B6_D1,908,0,23,0,0
B6_D1,634,0,164,0,0
B10_D1,229,0,426,0,0
B6_D1,910,0,389,0,0
G1_D1,26,0,19,0,0
B10_D1,764,0,405,0,0
B6_D1,864,0,107,0,0
B10_D1,808,0,272,0,0
B6_D1,501,0,353,0,-1
B4_D1,5,0,419,0,0
G1_D1,199,0,408,0,0
B6_D1,540,0,255,0,0
B10_D1,465,0,480,0,0
G1_D1,259,0,2,0,0
B6_D1,155,0,143,0,0
B4_D1,933,0,18,0,0
B6_D1,17,0,365,0,0
B6_D1,512,0,63,0,0
B4_D1,811,0,42,0,0
B6_D1,694,0,153,0,0
B6_D1,1018,0,18,0,0
B4_D1,790,0,68,0,0
B10_D1,471,0,216,0,0
B6_D1,70,0,0,0,0
B10_D1,336,0,182,0,0
B6_D1,916,0,486,0,0
G1_D1,451,0,84,0,0
B6_D1,547,0,58,0,0
B10_D1,10,0,227,0,0
G1_D1,994,0,134,0,0
B4_D1,867,0,26,0,0
G1_D1,618,0,189,0,0
B6_D1,378,0,49,0,0
B4_D1,5,0,309,0,0
B6_D1,103,0,33,0,0
B6_D1,682,0,492,0,0
B10_D1,960,0,70,0,0
B6_D1,337,0,328,0,0
B6_D1,80,0,25,0,0
G1_D1,211,0,37,0,0
B6_D1,676,0,46,0,0
B6_D1,743,0,38,0,0
B10_D1,21,0,94,0,0
B10_D1,669,0,99,0,0
G1_D1,438,0,258,0,0
B6_D1,999,0,143,0,0
G1_D1,682,0,511,0,0
B6_D1,753,0,13,0,0
B10_D1,811,0,455,0,0
B6_D1,970,0,10,0,0
B2_D1,298,0,200,0,0
B6_D1,321,0,426,0,0
B6_D1,838,0,86,0,0
G1_D1,522,0,122,0,0
G1_D1,384,0,369,0,0
B6_D1,664,0,442,0,0
B10_D1,183,0,509,0,0
B2_D1,2,0,172,0,0
B6_D1,38,0,100,0,0
B10_D1,108,0,283,0,0
B6_D1,781,0,16,0,0
B6_D1,648,0,396,0,0
B6_D1,73,0,383,0,0
B10_D1,296,0,83,0,0
B6_D1,981,0,11,0,0
B10_D1,737,0,121,0,0
B10_D1,688,0,58,0,0
B6_D1,858,0,23,0,0
B6_D1,1018,0,298,0,0
B6_D1,510,0,40,0,0
G1_D1,859,0,2,0,0
B4_D1,532,0,279,0,0
B10_D1,804,0,405,0,0
B6_D1,306,0,511,0,0
B6_D1,37,0,42,0,0
B10_D1,778,0,164,0,0
B4_D1,539,0,414,0,0
B10_D1,685,0,84,0,0
B10_D1,436,0,193,0,0
B6_D1,225,0,370,0,0
G1_D1,402,0,133,0,0
B6_D1,111,0,110,0,0
G1_D1,659,0,152,0,0
G1_D1,1008,0,76,0,0
B6_D1,381,0,26,0,0
G1_D1,736,0,99,0,0
G1_D1,379,0,57,0,0
B4_D1,1019,0,77,0,0
B6_D1,1022,0,60,0,0
B6_D1,107,0,419,0,0
B10_D1,947,0,457,0,0
G1_D1,820,0,457,0,0
B6_D1,230,0,477,0,0
B4_D1,3,0,341,0,0
B10_D1,61,0,200,0,0
B10_D1,794,0,60,0,0
B4_D1,721,0,73,0,0
B6_D1,594,0,39,0,0
B10_D1,1022,0,223,0,0
B6_D1,611,0,340,0,0
G1_D1,761,0,71,0,0
B6_D1,274,0,494,0,0
B6_D1,544,0,489,0,0
B10_D1,24,0,157,0,0
B6_D1,534,0,509,0,0
B10_D1,57,0,46,0,0
B10_D1,749,0,50,0,0
B6_D1,105,0,495,0,0
B6_D1,643,0,282,0,0
B10_D1,3,0,160,0,0
B6_D1,684,0,164,0,0
B10_D1,551,0,266,0,0
G1_D1,68,0,350,0,-1
B6_D1,647,0,342,0,0
B8_D1,7,0,276,0,0
B10_D1,489,0,158,0,0
G1_D1,193,0,71,0,0
G1_D1,1011,0,195,0,0
G1_D1,125,0,0,0,0
B10_D1,263,0,34,0,0
B10_D1,115,0,415,0,0
B10_D1,697,0,315,0,0
G1_D1,689,0,2,0,0
G1_D1,22,0,253,0,0
B10_D1,437,0,236,0,0
B10_D1,713,0,398,0,0
B8_D1,586,0,197,0,0
B6_D1,666,0,378,0,0
B10_D1,1021,0,142,0,0
G1_D1,664,0,16,0,0
B10_D1,869,0,372,0,0
G1_D1,55,0,54,0,0
G1_D1,29,0,82,0,0
B10_D1,470,0,37,0,0
G1_D1,992,0,71,0,0
B4_D1,665,0,243,0,0
B10_D1,777,0,377,0,0
B6_D1,256,0,473,0,0
B6_D1,509,0,354,0,-1
B10_D1,252,0,238,0,0
G1_D1,85,0,92,0,0
B6_D1,0,0,244,0,0
B6_D1,42,0,243,0,0
B8_D1,112,0,135,0,0
B6_D1,778,0,187,0,0
G1_D1,883,0,136,0,0
B6_D1,303,0,357,0,-1
G1_D1,861,0,239,0,0
G1_D1,731,0,280,0,0
B10_D1,393,0,414,0,0
B4_D1,30,0,26,0,0
B10_D1,812,0,174,0,0
B10_D1,221,0,221,0,0
B10_D1,869,0,53,0,0
B10_D1,324,0,270,0,0
B4_D1,180,0,275,0,0
G1_D1,754,0,7,0,0
B10_D1,655,0,276,0,0
B6_D1,815,0,119,0,0
B6_D1,61,0,41,0,0
B6_D1,555,0,355,0,0
B6_D1,435,0,168,0,0
B6_D1,519,0,405,0,0
G1_D1,866,0,101,0,0
B10_D1,377,0,507,0,0
B4_D1,130,0,129,0,0
B10_D1,474,0,406,0,0
B6_D1,1014,0,318,0,0
B6_D1,572,0,352,0,0
B10_D1,76,0,132,0,0
B6_D1,18,0,385,0,0
B10_D1,817,0,384,0,0
G1_D1,997,0,176,0,0
B6_D1,845,0,25,0,0
B10_D1,148,0,92,0,0
B6_D1,316,0,16,0,0
B6_D1,160,0,387,0,0
B10_D1,373,0,261,0,0
G1_D1,998,0,86,0,0
B8_D1,80,0,146,0,0
B10_D1,23,0,295,0,0
B6_D1,871,0,385,0,0
B10_D1,213,0,346,0,0
B6_D1,599,0,348,0,0
B6_D1,650,0,292,0,0
B8_D1,24,0,260,0,0
B10_D1,615,0,137,0,0
G1_D1,360,0,48,0,0
G1_D1,650,0,262,0,0
B10_D1,424,0,274,0,0
B10_D1,1021,0,31,0,0
B10_D1,791,0,404,0,0
G1_D1,594,0,3,0,0
B6_D1,122,0,17,0,0
B6_D1,292,0,47,0,0
B2_D1,426,0,484,0,0
B6_D1,222,0,27,0,0
B6_D1,88,0,90,0,0
B2_D1,486,0,510,0,0
B2_D1,701,0,3,0,0
B10_D1,125,0,98,0,0
B6_D1,120,0,137,0,0
B6_D1,279,0,379,0,0
B6_D1,711,0,364,0,0
B2_D1,858,0,176,0,0
B10_D1,658,0,110,0,0
G1_D1,647,0,314,0,0
B6_D1,501,0,486,0,0
G1_D1,623,0,180,0,0
B2_D1,871,0,60,0,0
B6_D1,271,0,135,0,0
B6_D1,223,0,63,0,0
B6_D1,313,0,508,0,0
G1_D1,736,0,269,0,0
B6_D1,111,0,496,0,0
B10_D1,843,0,354,0,0
B10_D1,7,0,506,0,0
