VideoName,X,Y,Cluster
B6_D1,651,0,393,0,0
B10_D1,447,0,192,0,0
B6_D1,194,0,486,0,0
B6_D1,786,0,484,0,0
B10_D1,420,0,261,0,0
B4_D1,837,0,257,0,0
B6_D1,996,0,9,0,0
B10_D1,134,0,214,0,0
B6_D1,621,0,52,0,0
B6_D1,128,0,181,0,0
B4_D1,895,0,14,0,0
G1_D1,286,0,259,0,0
B6_D1,676,0,23,0,0
G1_D1,148,0,0,0,0
B4_D1,829,0,38,0,0
B10_D1,440,0,125,0,0
B10_D1,4,0,181,0,0
B6_D1,820,0,448,0,0
G1_D1,426,0,29,0,0
B10_D1,967,0,53,0,0
B6_D1,5,0,141,0,0
B8_D1,1022,0,42,0,0
G1_D1,36,0,26,0,0
G1_D1,250,0,156,0,0
B6_D1,1,0,133,0,0
G1_D1,319,0,209,0,0
B10_D1,800,0,376,0,0
B6_D1,829,0,329,0,0
G1_D1,747,0,164,0,0
B10_D1,552,0,506,0,0
B6_D1,446,0,489,0,0
B4_D1,762,0,224,0,0
B8_D1,55,0,243,0,0
B10_D1,187,0,281,0,0
B6_D1,264,0,45,0,0
G1_D1,333,0,405,0,0
B6_D1,366,0,501,0,0
B6_D1,504,0,30,0,0
G1_D1,1015,0,303,0,0
B6_D1,606,0,502,0,0
G1_D1,453,0,484,0,0
B10_D1,814,0,446,0,0
B8_D1,272,0,326,0,0
G1_D1,21,0,172,0,0
B10_D1,364,0,481,0,0
B6_D1,292,0,79,0,0
B6_D1,427,0,479,0,0
B10_D1,516,0,137,0,0
G1_D1,1017,0,510,0,0
G1_D1,890,0,95,0,0
B10_D1,889,0,349,0,0
B4_D1,763,0,239,0,0
B6_D1,6,0,202,0,0
B4_D1,231,0,61,0,0
G1_D1,235,0,6,0,0
G1_D1,46,0,186,0,0
G1_D1,514,0,20,0,0
B6_D1,351,0,351,0,0
B10_D1,958,0,284,0,0
B10_D1,52,0,449,0,0
G1_D1,1016,0,348,0,0
B6_D1,803,0,186,0,0
B6_D1,885,0,366,0,0
B10_D1,48,0,157,0,0
B10_D1,654,0,233,0,0
B10_D1,555,0,309,0,0
G1_D1,1008,0,293,0,0
B10_D1,484,0,483,0,0
B2_D1,944,0,456,0,0
B6_D1,640,0,49,0,0
B2_D1,703,0,66,0,0
B10_D1,334,0,89,0,0
G1_D1,1020,0,275,0,0
B6_D1,0,0,163,0,0
G1_D1,543,0,109,0,0
B10_D1,419,0,8,0,0
B6_D1,643,0,302,0,0
B8_D1,170,0,197,0,0
B10_D1,390,0,414,0,0
B10_D1,911,0,322,0,0
B6_D1,720,0,23,0,0
G1_D1,476,0,483,0,0
G1_D1,1004,0,196,0,0
B10_D1,723,0,119,0,0
B2_D1,123,0,424,0,0
B6_D1,790,0,460,0,0
G1_D1,487,0,310,0,0
B10_D1,146,0,166,0,0
B6_D1,9,0,104,0,0
G1_D1,163,0,68,0,0
B6_D1,135,0,116,0,0
G1_D1,309,0,464,0,0
B2_D1,999,0,216,0,0
B6_D1,623,0,164,0,0
B10_D1,79,0,84,0,0
B6_D1,356,0,48,0,0
B10_D1,25,0,179,0,0
G1_D1,409,0,32,0,0
B6_D1,649,0,292,0,0
B6_D1,941,0,135,0,0
G1_D1,846,0,302,0,0
B2_D1,754,0,72,0,0
B6_D1,322,0,428,0,0
G1_D1,156,0,3,0,0
B6_D1,973,0,394,0,0
B10_D1,872,0,342,0,0
B6_D1,744,0,373,0,0
G1_D1,717,0,278,0,0
G1_D1,96,0,276,0,0
G1_D1,1018,0,139,0,0
B6_D1,980,0,11,0,0
G1_D1,58,0,163,0,0
B4_D1,217,0,39,0,0
B10_D1,364,0,34,0,0
B6_D1,767,0,153,0,0
B4_D1,465,0,423,0,0
B6_D1,36,0,14,0,0
G1_D1,534,0,510,0,0
B6_D1,188,0,42,0,0
B10_D1,50,0,277,0,0
B10_D1,415,0,282,0,0
B4_D1,1023,0,180,0,0
B6_D1,348,0,46,0,0
B10_D1,300,0,178,0,0
B6_D1,476,0,15,0,0
G1_D1,1020,0,432,0,0
B10_D1,886,0,364,0,0
B10_D1,765,0,255,0,0
B10_D1,587,0,77,0,0
B6_D1,130,0,179,0,0
B6_D1,802,0,258,0,0
B6_D1,684,0,474,0,0
G1_D1,243,0,363,0,0
G1_D1,750,0,197,0,0
B6_D1,143,0,181,0,0
B10_D1,746,0,102,0,0
B10_D1,318,0,307,0,0
B10_D1,796,0,406,0,0
B10_D1,562,0,409,0,0
B10_D1,9,0,57,0,0
G1_D1,369,0,134,0,0
B2_D1,472,0,30,0,0
G1_D1,91,0,463,0,0
G1_D1,157,0,111,0,0
B10_D1,292,0,5,0,0
G1_D1,339,0,241,0,0
B2_D1,118,0,510,0,0
B6_D1,406,0,88,0,0
B10_D1,1022,0,25,0,0
B4_D1,551,0,297,0,0
G1_D1,78,0,89,0,0
B6_D1,452,0,170,0,0
B6_D1,729,0,155,0,0
B10_D1,46,0,63,0,0
B8_D1,278,0,324,0,0
B4_D1,617,0,216,0,0
G1_D1,249,0,8,0,0
B6_D1,346,0,431,0,0
B6_D1,206,0,496,0,0
B10_D1,287,0,341,0,0
G1_D1,703,0,39,0,0
B10_D1,460,0,315,0,0
G1_D1,710,0,341,0,0
B10_D1,15,0,240,0,0
B10_D1,110,0,189,0,0
G1_D1,11,0,38,0,0
B8_D1,130,0,333,0,0
B6_D1,206,0,452,0,0
B10_D1,642,0,147,0,0
B6_D1,838,0,190,0,0
B4_D1,979,0,217,0,0
B4_D1,940,0,285,0,0
G1_D1,928,0,294,0,0
G1_D1,181,0,40,0,0
G1_D1,1021,0,71,0,0
B2_D1,945,0,510,0,0
B6_D1,151,0,88,0,0
B10_D1,534,0,272,0,0
G1_D1,488,0,483,0,0
B2_D1,301,0,389,0,0
B6_D1,831,0,120,0,0
B6_D1,374,0,503,0,0
G1_D1,662,0,19,0,0
B4_D1,517,0,75,0,0
B6_D1,266,0,494,0,0
B8_D1,1022,0,102,0,0
G1_D1,327,0,37,0,0
B6_D1,933,0,242,0,0
B6_D1,912,0,301,0,0
B6_D1,944,0,41,0,0
G1_D1,326,0,5,0,0
B10_D1,265,0,256,0,0
B4_D1,4,0,260,0,0
B6_D1,122,0,208,0,0
G1_D1,34,0,181,0,0
B6_D1,235,0,89,0,0
B10_D1,144,0,310,0,0
G1_D1,842,0,440,0,0
G1_D1,1018,0,244,0,0
G1_D1,379,0,229,0,0
B10_D1,211,0,406,0,0
B6_D1,1017,0,70,0,0
G1_D1,502,0,155,0,0
B10_D1,364,0,226,0,0
B6_D1,882,0,136,0,0
B6_D1,348,0,5,0,0
B10_D1,504,0,412,0,0
B2_D1,503,0,488,0,0
B10_D1,643,0,31,0,0
B6_D1,107,0,79,0,0
B6_D1,665,0,131,0,0
G1_D1,922,0,19,0,0
G1_D1,872,0,7,0,0
B10_D1,717,0,163,0,0
B6_D1,432,0,19,0,0
B6_D1,885,0,386,0,0
B10_D1,681,0,73,0,0
B4_D1,97,0,129,0,0
G1_D1,388,0,448,0,0
G1_D1,221,0,8,0,0
B6_D1,503,0,433,0,0
B10_D1,246,0,307,0,0
G1_D1,169,0,57,0,0
G1_D1,1006,0,138,0,0
G1_D1,1004,0,247,0,0
G1_D1,877,0,121,0,0
B6_D1,620,0,9,0,0
B10_D1,33,0,104,0,0
G1_D1,1000,0,147,0,0
G1_D1,199,0,173,0,0
B6_D1,414,0,123,0,0
B10_D1,879,0,356,0,0
B6_D1,157,0,136,0,0
B10_D1,653,0,489,0,0
B10_D1,542,0,230,0,0
B10_D1,419,0,194,0,0
B6_D1,323,0,349,0,0
B4_D1,19,0,132,0,0
B4_D1,215,0,61,0,0
B4_D1,733,0,17,0,0
G1_D1,776,0,385,0,0
B10_D1,704,0,419,0,0
B10_D1,460,0,5,0,0
B6_D1,443,0,357,0,0
B10_D1,220,0,362,0,0
B2_D1,943,0,108,0,0
B10_D1,112,0,411,0,0
B2_D1,869,0,26,0,0
G1_D1,996,0,369,0,0
B6_D1,78,0,49,0,0
B6_D1,676,0,318,0,0
B10_D1,87,0,463,0,0
G1_D1,210,0,69,0,0
B6_D1,764,0,301,0,0
B10_D1,507,0,298,0,0
B10_D1,447,0,2,0,0
G1_D1,893,0,215,0,0
B6_D1,808,0,41,0,0
B4_D1,168,0,71,0,0
B10_D1,732,0,94,0,0
B10_D1,383,0,276,0,0
B6_D1,632,0,367,0,0
B8_D1,226,0,100,0,0
B10_D1,967,0,47,0,0
G1_D1,21,0,245,0,0
B4_D1,176,0,276,0,0
B6_D1,978,0,148,0,0
B6_D1,538,0,501,0,0
B6_D1,907,0,290,0,0
B6_D1,65,0,90,0,0
B2_D1,683,0,55,0,0
G1_D1,1018,0,264,0,0
G1_D1,1016,0,502,0,0
G1_D1,453,0,122,0,0
B10_D1,678,0,386,0,0
B4_D1,3,0,285,0,0
G1_D1,282,0,179,0,0
B10_D1,59,0,510,0,0
B10_D1,516,0,160,0,0
B10_D1,184,0,110,0,0
B6_D1,834,0,362,0,0
B6_D1,434,0,487,0,0
B10_D1,348,0,213,0,0
G1_D1,1023,0,10,0,0
B10_D1,716,0,8,0,0
B10_D1,488,0,54,0,0
B10_D1,431,0,285,0,0
B10_D1,857,0,209,0,0
B2_D1,294,0,44,0,0
B10_D1,462,0,136,0,0
B6_D1,62,0,511,0,0
B10_D1,323,0,231,0,0
B6_D1,224,0,63,0,0
B8_D1,1022,0,427,0,0
B6_D1,464,0,408,0,0
G1_D1,13,0,185,0,0
B6_D1,604,0,279,0,0
B8_D1,110,0,134,0,0
B8_D1,226,0,189,0,0
B10_D1,845,0,46,0,0
G1_D1,201,0,38,0,0
B6_D1,680,0,285,0,0
B10_D1,737,0,271,0,0
B10_D1,595,0,195,0,0
B6_D1,360,0,41,0,0
B6_D1,550,0,505,0,0
B2_D1,346,0,177,0,0
G1_D1,815,0,55,0,0
G1_D1,269,0,62,0,0
B4_D1,502,0,248,0,0
B10_D1,95,0,8,0,0
B10_D1,14,0,113,0,0
G1_D1,989,0,87,0,0
B6_D1,196,0,32,0,0
B4_D1,379,0,16,0,0
B10_D1,823,0,36,0,0
B10_D1,625,0,462,0,0
B6_D1,828,0,5,0,0
B10_D1,418,0,120,0,0
B10_D1,742,0,324,0,0
B10_D1,656,0,164,0,0
B8_D1,142,0,234,0,0
B6_D1,1005,0,428,0,0
B10_D1,342,0,248,0,0
G1_D1,1001,0,222,0,0
B2_D1,559,0,457,0,0
G1_D1,776,0,11,0,0
G1_D1,1019,0,29,0,0
B6_D1,304,0,358,0,0
B6_D1,324,0,325,0,0
B6_D1,891,0,300,0,0
G1_D1,25,0,251,0,0
B8_D1,346,0,298,0,0
B6_D1,780,0,154,0,0
G1_D1,358,0,88,0,0
B10_D1,400,0,97,0,0
B6_D1,372,0,30,0,0
B4_D1,709,0,254,0,0
B6_D1,696,0,471,0,0
B10_D1,716,0,112,0,0
B6_D1,1021,0,137,0,0
B4_D1,333,0,302,0,0
G1_D1,484,0,510,0,0
B6_D1,635,0,186,0,0
B10_D1,156,0,223,0,0
B8_D1,804,0,307,0,0
G1_D1,240,0,63,0,0
B10_D1,816,0,329,0,0
B10_D1,238,0,306,0,0
B2_D1,0,0,463,0,0
B6_D1,69,0,186,0,0
B6_D1,77,0,359,0,0
B10_D1,309,0,272,0,0
B4_D1,3,0,96,0,0
G1_D1,1,0,466,0,0
B6_D1,334,0,488,0,0
B6_D1,178,0,280,0,0
B10_D1,80,0,325,0,0
G1_D1,498,0,119,0,0
B2_D1,525,0,480,0,0
G1_D1,788,0,21,0,0
B6_D1,198,0,117,0,0
B10_D1,839,0,281,0,0
B6_D1,488,0,33,0,0
B6_D1,652,0,33,0,0
B6_D1,269,0,170,0,0
B10_D1,19,0,45,0,0
B10_D1,355,0,207,0,0
B6_D1,874,0,509,0,0
B6_D1,548,0,378,0,0
B6_D1,542,0,354,0,0
B6_D1,230,0,433,0,0
B2_D1,516,0,1,0,0
G1_D1,1000,0,166,0,0
B6_D1,390,0,445,0,0
G1_D1,1011,0,199,0,0
G1_D1,720,0,76,0,0
B10_D1,384,0,315,0,0
B4_D1,3,0,182,0,0
B6_D1,368,0,46,0,0
B6_D1,405,0,294,0,0
B10_D1,979,0,207,0,0
B4_D1,683,0,190,0,0
B10_D1,383,0,182,0,0
G1_D1,940,0,35,0,0
G1_D1,96,0,3,0,0
G1_D1,920,0,310,0,0
B10_D1,40,0,74,0,0
G1_D1,1007,0,213,0,0
B4_D1,161,0,116,0,0
B4_D1,309,0,285,0,0
G1_D1,192,0,1,0,0
G1_D1,527,0,6,0,0
B10_D1,155,0,245,0,0
G1_D1,144,0,436,0,0
B10_D1,319,0,90,0,0
B6_D1,452,0,22,0,0
B6_D1,624,0,37,0,0
B2_D1,741,0,3,0,0
B6_D1,404,0,23,0,0
B6_D1,198,0,172,0,0
B10_D1,994,0,498,0,0
G1_D1,973,0,31,0,0
B6_D1,546,0,239,0,0
G1_D1,733,0,276,0,0
G1_D1,606,0,21,0,0
B10_D1,772,0,62,0,0
B4_D1,123,0,87,0,0
B6_D1,694,0,182,0,0
B10_D1,630,0,274,0,0
B6_D1,266,0,496,0,0
B6_D1,81,0,298,0,0
B6_D1,966,0,485,0,0
B10_D1,412,0,316,0,0
B10_D1,588,0,170,0,0
B8_D1,783,0,228,0,0
B6_D1,940,0,6,0,0
B10_D1,436,0,275,0,0
B6_D1,492,0,55,0,0
B6_D1,484,0,292,0,0
G1_D1,318,0,18,0,0
B8_D1,268,0,184,0,0
G1_D1,269,0,510,0,0
B10_D1,826,0,280,0,0
B6_D1,891,0,431,0,0
G1_D1,848,0,171,0,0
B10_D1,34,0,59,0,0
B10_D1,570,0,265,0,0
B10_D1,440,0,317,0,0
B6_D1,772,0,7,0,0
B6_D1,400,0,28,0,0
B6_D1,246,0,511,0,0
B10_D1,87,0,146,0,0
G1_D1,1023,0,64,0,0
G1_D1,265,0,242,0,0
B10_D1,274,0,123,0,0
B6_D1,971,0,362,0,0
B6_D1,420,0,42,0,0
B10_D1,28,0,64,0,0
G1_D1,13,0,246,0,0
G1_D1,196,0,74,0,0
B6_D1,382,0,488,0,0
B6_D1,196,0,29,0,0
B2_D1,600,0,114,0,0
G1_D1,747,0,229,0,0
B4_D1,121,0,127,0,0
B6_D1,262,0,84,0,0
B6_D1,378,0,267,0,0
G1_D1,612,0,189,0,0
B2_D1,258,0,510,0,0
B6_D1,396,0,36,0,0
B6_D1,243,0,423,0,0
B6_D1,483,0,384,0,0
B2_D1,609,0,96,0,0
B6_D1,474,0,135,0,0
B10_D1,817,0,307,0,0
B2_D1,198,0,510,0,0
B6_D1,436,0,260,0,0
B6_D1,444,0,270,0,0
B4_D1,133,0,63,0,0
B10_D1,724,0,9,0,0
G1_D1,1016,0,198,0,0
B10_D1,853,0,20,0,0
G1_D1,1020,0,310,0,0
B10_D1,441,0,87,0,0
B6_D1,818,0,362,0,0
B6_D1,176,0,190,0,0
B6_D1,950,0,421,0,0
B6_D1,27,0,102,0,0
B4_D1,146,0,272,0,0
G1_D1,37,0,327,0,0
B10_D1,287,0,325,0,0
B6_D1,198,0,83,0,0
B10_D1,565,0,306,0,0
B6_D1,898,0,508,0,0
B6_D1,422,0,503,0,0
B6_D1,460,0,9,0,0
B4_D1,0,0,293,0,0
B6_D1,442,0,442,0,0
B6_D1,750,0,158,0,0
B4_D1,0,0,460,0,0
B10_D1,407,0,258,0,0
B10_D1,792,0,12,0,0
B10_D1,6,0,287,0,0
B10_D1,732,0,333,0,0
B10_D1,29,0,254,0,0
G1_D1,749,0,160,0,0
B4_D1,110,0,145,0,0
B2_D1,540,0,106,0,0
B8_D1,827,0,228,0,0
B2_D1,496,0,29,0,0
B10_D1,262,0,22,0,0
B10_D1,237,0,354,0,0
B6_D1,464,0,273,0,0
G1_D1,578,0,230,0,0
B6_D1,744,0,22,0,0
G1_D1,460,0,240,0,0
B6_D1,811,0,120,0,0
B6_D1,925,0,133,0,0
B6_D1,343,0,263,0,0
B6_D1,176,0,27,0,0
B10_D1,468,0,10,0,0
B6_D1,643,0,276,0,0
B10_D1,4,0,395,0,0
B10_D1,626,0,83,0,0
B10_D1,639,0,66,0,0
B10_D1,540,0,195,0,0
G1_D1,569,0,4,0,0
B6_D1,462,0,370,0,0
G1_D1,253,0,21,0,0
B10_D1,154,0,13,0,0
G1_D1,994,0,133,0,0
B6_D1,714,0,500,0,0
B10_D1,752,0,467,0,0
B6_D1,708,0,110,0,0
B6_D1,134,0,423,0,0
B6_D1,825,0,129,0,0
B6_D1,926,0,502,0,0
B2_D1,745,0,471,0,0
B2_D1,690,0,16,0,0
B6_D1,615,0,171,0,0
B10_D1,944,0,28,0,0
G1_D1,928,0,0,0,0
B10_D1,158,0,337,0,0
B6_D1,98,0,195,0,0
B6_D1,202,0,125,0,0
B10_D1,904,0,133,0,0
G1_D1,274,0,5,0,0
B10_D1,63,0,292,0,0
B6_D1,914,0,495,0,0
B6_D1,10,0,447,0,0
B6_D1,182,0,152,0,0
B10_D1,136,0,207,0,0
B10_D1,741,0,92,0,0
B10_D1,780,0,63,0,0
B6_D1,172,0,135,0,0
B6_D1,420,0,145,0,0
B2_D1,970,0,53,0,0
B10_D1,152,0,327,0,0
B10_D1,498,0,78,0,0
B10_D1,742,0,326,0,0
G1_D1,115,0,284,0,0
B10_D1,17,0,199,0,0
B6_D1,469,0,386,0,0
B10_D1,870,0,331,0,0
B10_D1,421,0,133,0,0
B6_D1,161,0,98,0,0
B10_D1,147,0,299,0,0
G1_D1,643,0,308,0,0
B2_D1,508,0,29,0,0
B2_D1,925,0,75,0,0
B10_D1,6,0,260,0,0
B10_D1,793,0,97,0,0
B2_D1,185,0,187,0,0
B6_D1,820,0,303,0,0
B10_D1,587,0,273,0,0
B6_D1,912,0,25,0,0
B6_D1,151,0,479,0,0
B10_D1,123,0,46,0,0
B6_D1,382,0,496,0,0
G1_D1,400,0,3,0,0
B6_D1,984,0,42,0,0
B10_D1,98,0,274,0,0
G1_D1,9,0,377,0,0
B6_D1,552,0,49,0,0
G1_D1,782,0,9,0,0
B10_D1,592,0,198,0,0
G1_D1,997,0,150,0,0
G1_D1,540,0,278,0,0
G1_D1,337,0,405,0,0
B6_D1,540,0,35,0,0
B6_D1,732,0,277,0,0
B6_D1,176,0,46,0,0
B10_D1,217,0,429,0,0
G1_D1,1020,0,140,0,0
B10_D1,191,0,41,0,0
B10_D1,265,0,254,0,0
B4_D1,190,0,194,0,0
B10_D1,439,0,276,0,0
G1_D1,82,0,135,0,0
B6_D1,1000,0,16,0,0
G1_D1,889,0,65,0,0
G1_D1,691,0,247,0,0
G1_D1,173,0,161,0,0
B6_D1,322,0,165,0,0
B4_D1,498,0,284,0,0
B10_D1,500,0,5,0,0
B2_D1,682,0,144,0,0
B10_D1,407,0,65,0,0
B2_D1,846,0,44,0,0
B4_D1,24,0,146,0,0
B6_D1,810,0,447,0,0
B2_D1,709,0,497,0,0
B10_D1,628,0,88,0,0
B6_D1,192,0,5,0,0
G1_D1,533,0,472,0,0
B10_D1,855,0,194,0,0
B6_D1,740,0,21,0,0
B10_D1,531,0,250,0,0
B6_D1,636,0,42,0,0
B10_D1,514,0,409,0,0
B10_D1,507,0,248,0,0
G1_D1,182,0,451,0,0
G1_D1,139,0,221,0,0
B6_D1,438,0,509,0,0
B2_D1,916,0,22,0,0
B6_D1,969,0,426,0,0
B10_D1,234,0,48,0,0
B4_D1,35,0,392,0,0
B6_D1,884,0,297,0,0
B10_D1,347,0,123,0,0
B6_D1,710,0,501,0,0
B10_D1,178,0,170,0,0
B6_D1,698,0,507,0,0
G1_D1,583,0,16,0,0
G1_D1,298,0,50,0,0
G1_D1,510,0,481,0,0
B10_D1,537,0,7,0,0
B10_D1,135,0,197,0,0
B6_D1,128,0,227,0,0
B4_D1,228,0,56,0,0
G1_D1,717,0,251,0,0
B6_D1,898,0,510,0,0
B10_D1,610,0,38,0,0
G1_D1,23,0,93,0,0
B10_D1,647,0,411,0,0
B10_D1,628,0,5,0,0
B6_D1,796,0,23,0,0
B10_D1,138,0,90,0,0
B10_D1,13,0,325,0,0
B6_D1,938,0,509,0,0
B10_D1,718,0,250,0,0
G1_D1,316,0,399,0,0
B10_D1,627,0,104,0,0
B10_D1,679,0,87,0,0
B10_D1,73,0,25,0,0
B10_D1,376,0,64,0,0
B6_D1,828,0,50,0,0
B6_D1,28,0,260,0,0
B6_D1,1020,0,444,0,0
B10_D1,619,0,282,0,0
B10_D1,688,0,287,0,0
B6_D1,375,0,481,0,0
G1_D1,831,0,244,0,0
B6_D1,643,0,112,0,0
B10_D1,629,0,478,0,0
B10_D1,91,0,12,0,0
B10_D1,144,0,9,0,0
B6_D1,568,0,63,0,0
B6_D1,512,0,25,0,0
B10_D1,950,0,269,0,0
B10_D1,385,0,476,0,0
B10_D1,156,0,45,0,0
B6_D1,229,0,239,0,0
B10_D1,915,0,137,0,0
B6_D1,524,0,282,0,0
B10_D1,651,0,73,0,0
B8_D1,757,0,208,0,0
B6_D1,1023,0,453,0,0
B6_D1,670,0,189,0,0
B2_D1,953,0,253,0,0
B6_D1,6,0,171,0,0
B8_D1,121,0,130,0,0
B6_D1,144,0,22,0,0
B4_D1,614,0,184,0,0
B10_D1,795,0,388,0,0
G1_D1,58,0,143,0,0
B6_D1,596,0,409,0,0
G1_D1,43,0,65,0,0
B6_D1,57,0,111,0,0
B10_D1,447,0,8,0,0
B6_D1,656,0,450,0,0
B6_D1,982,0,494,0,0
B6_D1,194,0,434,0,0
G1_D1,784,0,242,0,0
B2_D1,158,0,70,0,0
B6_D1,886,0,486,0,0
B10_D1,507,0,302,0,0
G1_D1,48,0,95,0,0
B10_D1,185,0,433,0,0
B6_D1,803,0,60,0,0
G1_D1,477,0,123,0,0
B6_D1,589,0,480,0,0
G1_D1,855,0,15,0,0
B2_D1,714,0,46,0,0
B6_D1,992,0,33,0,0
B6_D1,685,0,277,0,0
B6_D1,253,0,118,0,0
B10_D1,573,0,86,0,0
B10_D1,555,0,264,0,0
B6_D1,146,0,319,0,0
B10_D1,255,0,510,0,0
B10_D1,189,0,242,0,0
B4_D1,4,0,293,0,0
B10_D1,499,0,89,0,0
B6_D1,478,0,508,0,0
B6_D1,890,0,345,0,0
B6_D1,429,0,350,0,0
G1_D1,41,0,19,0,0
B2_D1,396,0,288,0,0
B10_D1,656,0,29,0,0
B6_D1,214,0,498,0,0
B10_D1,975,0,44,0,0
B4_D1,595,0,59,0,0
B4_D1,1,0,40,0,0
B6_D1,133,0,475,0,0
B4_D1,283,0,210,0,0
B10_D1,337,0,511,0,0
B6_D1,298,0,320,0,0
B10_D1,124,0,266,0,0
B6_D1,414,0,113,0,0
B10_D1,404,0,118,0,0
B6_D1,506,0,506,0,0
B10_D1,335,0,123,0,0
B6_D1,22,0,509,0,0
B10_D1,743,0,122,0,0
B4_D1,92,0,134,0,0
G1_D1,999,0,62,0,0
B10_D1,968,0,296,0,0
B4_D1,595,0,368,0,0
B10_D1,508,0,172,0,0
B8_D1,947,0,238,0,0
B10_D1,927,0,3,0,0
B6_D1,264,0,49,0,0
B10_D1,37,0,176,0,0
B10_D1,579,0,105,0,0
B6_D1,442,0,358,0,0
B2_D1,274,0,294,0,0
G1_D1,563,0,70,0,0
G1_D1,158,0,217,0,0
B10_D1,239,0,91,0,0
B2_D1,618,0,95,0,0
G1_D1,110,0,82,0,0
B4_D1,877,0,242,0,0
B6_D1,108,0,44,0,0
B6_D1,544,0,224,0,0
B2_D1,618,0,224,0,0
G1_D1,47,0,119,0,0
B4_D1,94,0,65,0,0
B6_D1,613,0,169,0,0
B2_D1,806,0,226,0,0
B6_D1,124,0,47,0,0
B4_D1,5,0,466,0,0
B6_D1,70,0,509,0,0
G1_D1,578,0,141,0,0
B8_D1,913,0,237,0,0
B6_D1,834,0,494,0,0
B6_D1,461,0,110,0,0
G1_D1,865,0,189,0,0
B2_D1,536,0,156,0,0
B6_D1,63,0,162,0,0
B6_D1,286,0,82,0,0
G1_D1,954,0,81,0,0
B6_D1,862,0,484,0,0
G1_D1,460,0,1,0,0
B6_D1,830,0,489,0,0
B6_D1,912,0,13,0,0
G1_D1,578,0,273,0,0
B6_D1,876,0,11,0,0
B10_D1,267,0,422,0,0
B6_D1,836,0,148,0,0
B6_D1,777,0,411,0,0
B10_D1,514,0,291,0,0
B8_D1,514,0,291,0,0
B2_D1,839,0,238,0,0
B10_D1,556,0,159,0,0
B10_D1,373,0,279,0,0
B10_D1,156,0,46,0,0
B6_D1,267,0,457,0,0
G1_D1,937,0,38,0,0
B10_D1,6,0,346,0,0
B10_D1,900,0,233,0,0
B10_D1,22,0,326,0,0
B6_D1,253,0,374,0,0
G1_D1,50,0,67,0,0
B6_D1,1,0,416,0,0
B10_D1,953,0,33,0,0
B6_D1,670,0,502,0,0
B6_D1,1009,0,137,0,0
G1_D1,263,0,43,0,0
B10_D1,244,0,78,0,0
G1_D1,618,0,240,0,0
G1_D1,722,0,9,0,0
B6_D1,52,0,21,0,0
G1_D1,889,0,246,0,0
B6_D1,138,0,319,0,0
B6_D1,192,0,6,0,0
B4_D1,3,0,510,0,0
B10_D1,502,0,97,0,0
B6_D1,414,0,252,0,0
B6_D1,88,0,98,0,0
B4_D1,146,0,125,0,0
B10_D1,1013,0,71,0,0
B2_D1,736,0,82,0,0
B10_D1,636,0,305,0,0
B10_D1,693,0,271,0,0
G1_D1,708,0,509,0,0
B4_D1,412,0,293,0,0
G1_D1,193,0,56,0,0
B6_D1,598,0,497,0,0
B6_D1,164,0,6,0,0
B4_D1,556,0,96,0,0
B10_D1,410,0,230,0,0
B6_D1,540,0,48,0,0
G1_D1,902,0,17,0,0
B10_D1,901,0,50,0,0
B6_D1,242,0,503,0,0
B6_D1,656,0,28,0,0
G1_D1,888,0,294,0,0
B10_D1,368,0,285,0,0
G1_D1,980,0,273,0,0
B6_D1,1019,0,75,0,0
G1_D1,216,0,24,0,0
B4_D1,675,0,15,0,0
B6_D1,628,0,3,0,0
B10_D1,956,0,5,0,0
B6_D1,663,0,199,0,0
B6_D1,795,0,63,0,0
B8_D1,920,0,239,0,0
B4_D1,363,0,201,0,0
B6_D1,893,0,417,0,0
G1_D1,926,0,436,0,0
B6_D1,62,0,483,0,0
B10_D1,733,0,462,0,0
B6_D1,349,0,261,0,0
B6_D1,670,0,483,0,0
B6_D1,12,0,24,0,0
G1_D1,48,0,3,0,0
B4_D1,5,0,89,0,0
B6_D1,313,0,188,0,0
G1_D1,611,0,244,0,0
B10_D1,220,0,256,0,0
G1_D1,979,0,24,0,0
B8_D1,661,0,246,0,0
B6_D1,605,0,288,0,0
G1_D1,301,0,49,0,0
B6_D1,366,0,277,0,0
B10_D1,715,0,416,0,0
B4_D1,535,0,187,0,0
B4_D1,5,0,277,0,0
B6_D1,257,0,476,0,0
G1_D1,840,0,210,0,0
G1_D1,578,0,37,0,0
B6_D1,418,0,387,0,0
B4_D1,106,0,81,0,0
B10_D1,750,0,120,0,0
B6_D1,1004,0,71,0,0
G1_D1,801,0,210,0,0
B10_D1,156,0,278,0,0
G1_D1,61,0,203,0,0
B6_D1,50,0,54,0,0
B10_D1,368,0,420,0,0
B6_D1,563,0,325,0,0
B6_D1,170,0,426,0,0
B6_D1,550,0,500,0,0
B6_D1,568,0,45,0,0
B10_D1,861,0,209,0,0
B6_D1,618,0,491,0,0
B6_D1,840,0,18,0,0
B6_D1,632,0,311,0,0
B2_D1,502,0,511,0,0
B4_D1,179,0,285,0,0
B6_D1,828,0,44,0,0
B6_D1,908,0,275,0,0
B6_D1,663,0,469,0,0
B6_D1,1022,0,62,0,0
B2_D1,246,0,510,0,0
B6_D1,188,0,176,0,0
B6_D1,934,0,64,0,0
B10_D1,19,0,161,0,0
B10_D1,96,0,159,0,0
G1_D1,748,0,1,0,0
G1_D1,754,0,197,0,0
G1_D1,376,0,156,0,0
B6_D1,127,0,304,0,0
B10_D1,499,0,496,0,0
G1_D1,1004,0,145,0,0
B10_D1,149,0,226,0,0
G1_D1,403,0,277,0,0
B10_D1,425,0,283,0,0
B2_D1,741,0,225,0,0
G1_D1,240,0,78,0,0
B6_D1,206,0,348,0,0
B6_D1,767,0,210,0,0
B4_D1,0,0,505,0,0
B10_D1,334,0,195,0,0
G1_D1,1017,0,123,0,0
B6_D1,588,0,21,0,0
B6_D1,940,0,18,0,0
B10_D1,548,0,482,0,0
B6_D1,672,0,331,0,0
B10_D1,184,0,346,0,0
B10_D1,761,0,464,0,0
B6_D1,227,0,78,0,0
B4_D1,471,0,245,0,0
B10_D1,201,0,246,0,0
B2_D1,120,0,127,0,0
G1_D1,994,0,180,0,0
G1_D1,616,0,190,0,0
B2_D1,735,0,265,0,0
B6_D1,150,0,203,0,0
B6_D1,1006,0,498,0,0
B6_D1,660,0,110,0,0
B4_D1,521,0,278,0,0
B2_D1,661,0,205,0,0
B6_D1,700,0,396,0,0
B10_D1,752,0,465,0,0
B10_D1,316,0,64,0,0
G1_D1,15,0,164,0,0
G1_D1,22,0,41,0,0
G1_D1,400,0,478,0,0
B6_D1,722,0,497,0,0
B6_D1,392,0,6,0,0
B10_D1,355,0,266,0,0
B6_D1,461,0,288,0,0
B6_D1,119,0,101,0,0
G1_D1,566,0,283,0,0
B6_D1,595,0,225,0,0
B6_D1,938,0,260,0,0
B6_D1,492,0,166,0,0
B2_D1,604,0,150,0,0
B4_D1,292,0,233,0,0
B2_D1,489,0,39,0,0
B10_D1,786,0,411,0,0
B10_D1,575,0,155,0,0
B10_D1,502,0,79,0,0
B6_D1,564,0,376,0,0
G1_D1,1010,0,205,0,0
B2_D1,598,0,362,0,0
B6_D1,614,0,486,0,0
B6_D1,6,0,312,0,0
G1_D1,838,0,448,0,0
G1_D1,585,0,49,0,0
G1_D1,675,0,131,0,0
B6_D1,175,0,279,0,0
B10_D1,673,0,312,0,0
B6_D1,994,0,457,0,0
B6_D1,508,0,5,0,0
B8_D1,86,0,160,0,0
B6_D1,752,0,345,0,0
B6_D1,548,0,10,0,0
B4_D1,1003,0,234,0,0
B10_D1,397,0,249,0,0
B6_D1,714,0,69,0,0
B2_D1,406,0,128,0,0
B6_D1,246,0,504,0,0
B10_D1,615,0,280,0,0
B2_D1,670,0,465,0,0
B6_D1,266,0,498,0,0
B10_D1,221,0,290,0,0
B6_D1,570,0,497,0,0
B6_D1,51,0,326,0,0
B6_D1,480,0,35,0,0
B2_D1,666,0,144,0,0
B6_D1,947,0,71,0,0
B10_D1,704,0,91,0,0
B6_D1,564,0,171,0,0
B10_D1,1022,0,261,0,0
G1_D1,39,0,54,0,0
B6_D1,813,0,124,0,0
B6_D1,399,0,59,0,0
B6_D1,710,0,432,0,0
B6_D1,626,0,53,0,0
G1_D1,1008,0,140,0,0
B10_D1,967,0,74,0,0
B10_D1,524,0,133,0,0
B4_D1,208,0,238,0,0
B10_D1,153,0,162,0,0
G1_D1,447,0,68,0,0
B4_D1,685,0,198,0,0
B10_D1,249,0,354,0,0
B2_D1,628,0,110,0,0
G1_D1,397,0,205,0,0
B4_D1,927,0,117,0,0
B2_D1,825,0,65,0,0
B6_D1,38,0,482,0,0
G1_D1,13,0,302,0,0
B2_D1,140,0,131,0,0
B10_D1,833,0,335,0,0
B6_D1,671,0,481,0,0
G1_D1,235,0,284,0,0
B6_D1,830,0,368,0,0
G1_D1,1019,0,88,0,0
B6_D1,479,0,384,0,0
G1_D1,482,0,42,0,0
B6_D1,878,0,71,0,0
G1_D1,14,0,349,0,0
B10_D1,112,0,266,0,0
B10_D1,976,0,67,0,0
G1_D1,852,0,251,0,0
B2_D1,1023,0,221,0,0
G1_D1,150,0,37,0,0
B4_D1,295,0,16,0,0
B6_D1,746,0,486,0,0
B10_D1,939,0,83,0,0
G1_D1,854,0,71,0,0
B6_D1,520,0,17,0,0
G1_D1,598,0,511,0,0
B6_D1,569,0,234,0,0
B10_D1,912,0,320,0,0
B6_D1,681,0,200,0,0
B6_D1,358,0,489,0,0
B10_D1,20,0,264,0,0
B6_D1,158,0,490,0,0
G1_D1,703,0,16,0,0
B6_D1,1018,0,486,0,0
G1_D1,273,0,409,0,0
G1_D1,646,0,17,0,0
B10_D1,818,0,446,0,0
B10_D1,538,0,316,0,0
B6_D1,858,0,362,0,0
G1_D1,107,0,63,0,0
B6_D1,298,0,498,0,0
G1_D1,41,0,74,0,0
G1_D1,690,0,108,0,0
B6_D1,592,0,49,0,0
B8_D1,102,0,102,0,0
G1_D1,641,0,268,0,0
B10_D1,240,0,36,0,0
G1_D1,221,0,137,0,0
B6_D1,679,0,64,0,0
B4_D1,254,0,134,0,0
B10_D1,561,0,120,0,0
B10_D1,655,0,87,0,0
B6_D1,527,0,481,0,0
G1_D1,604,0,0,0,0
B10_D1,278,0,65,0,0
B2_D1,293,0,141,0,0
B6_D1,246,0,136,0,0
B10_D1,188,0,54,0,0
B6_D1,915,0,121,0,0
B6_D1,462,0,284,0,0
B6_D1,440,0,15,0,0
G1_D1,980,0,125,0,0
B10_D1,575,0,507,0,0
B10_D1,865,0,504,0,0
B4_D1,88,0,161,0,0
B10_D1,635,0,179,0,0
B10_D1,380,0,33,0,0
G1_D1,1015,0,328,0,0
B6_D1,880,0,265,0,0
B8_D1,90,0,278,0,0
G1_D1,1000,0,196,0,0
B6_D1,13,0,465,0,0
B10_D1,274,0,191,0,0
B6_D1,1016,0,5,0,0
B2_D1,129,0,311,0,0
G1_D1,983,0,132,0,0
B10_D1,318,0,184,0,0
B10_D1,941,0,511,0,0
B4_D1,1,0,456,0,0
G1_D1,585,0,284,0,0
B6_D1,647,0,349,0,0
B6_D1,199,0,76,0,0
G1_D1,396,0,478,0,0
B10_D1,4,0,314,0,0
B6_D1,954,0,408,0,0
B10_D1,768,0,34,0,0
B6_D1,208,0,36,0,0
G1_D1,102,0,382,0,0
B10_D1,357,0,36,0,0
B10_D1,272,0,152,0,0
B6_D1,888,0,241,0,0
B10_D1,626,0,212,0,0
B6_D1,62,0,497,0,0
G1_D1,625,0,4,0,0
B4_D1,547,0,382,0,0
B10_D1,258,0,306,0,0
B10_D1,752,0,64,0,0
B8_D1,1002,0,212,0,0
G1_D1,465,0,92,0,0
B10_D1,317,0,200,0,0
G1_D1,751,0,81,0,0
G1_D1,752,0,465,0,0
G1_D1,662,0,295,0,0
B6_D1,371,0,143,0,0
B10_D1,912,0,388,0,0
B6_D1,826,0,455,0,0
B6_D1,52,0,25,0,0
G1_D1,158,0,181,0,0
B10_D1,34,0,46,0,0
B4_D1,946,0,292,0,0
G1_D1,645,0,207,0,0
B10_D1,564,0,96,0,0
G1_D1,87,0,95,0,0
G1_D1,704,0,25,0,0
B10_D1,318,0,332,0,0
B6_D1,4,0,330,0,0
G1_D1,1001,0,72,0,0
B10_D1,125,0,348,0,0
B10_D1,719,0,427,0,0
B6_D1,535,0,392,0,0
B6_D1,742,0,508,0,0
B10_D1,597,0,312,0,0
B6_D1,688,0,1,0,0
G1_D1,505,0,287,0,0
G1_D1,1022,0,276,0,0
B6_D1,66,0,89,0,0
B2_D1,269,0,238,0,0
B6_D1,855,0,115,0,0
G1_D1,962,0,79,0,0
B6_D1,402,0,159,0,0
B10_D1,582,0,287,0,0
B10_D1,410,0,458,0,0
B10_D1,22,0,113,0,0
B6_D1,851,0,138,0,0
B6_D1,220,0,29,0,0
G1_D1,303,0,16,0,0
G1_D1,907,0,15,0,0
B10_D1,597,0,262,0,0
B4_D1,666,0,315,0,0
B2_D1,83,0,31,0,0
B4_D1,323,0,212,0,0
B6_D1,1012,0,5,0,0
G1_D1,826,0,13,0,0
B10_D1,521,0,25,0,0
B2_D1,328,0,38,0,0
B2_D1,831,0,98,0,0
B6_D1,555,0,160,0,0
B6_D1,74,0,268,0,0
B6_D1,353,0,195,0,0
B10_D1,247,0,317,0,0
B10_D1,12,0,173,0,0
B10_D1,29,0,182,0,0
B6_D1,808,0,27,0,0
B6_D1,706,0,423,0,0
G1_D1,298,0,32,0,0
G1_D1,515,0,10,0,0
B4_D1,0,0,421,0,0
G1_D1,330,0,23,0,0
B6_D1,972,0,29,0,0
B10_D1,928,0,5,0,0
B10_D1,19,0,209,0,0
G1_D1,568,0,0,0,0
B6_D1,959,0,164,0,0
B10_D1,587,0,182,0,0
B10_D1,89,0,16,0,0
B6_D1,288,0,242,0,0
B6_D1,4,0,30,0,0
B6_D1,277,0,198,0,0
G1_D1,253,0,37,0,0
B6_D1,415,0,479,0,0
B2_D1,2,0,175,0,0
B10_D1,807,0,370,0,0
B10_D1,493,0,116,0,0
B4_D1,245,0,206,0,0
B6_D1,634,0,511,0,0
B6_D1,932,0,45,0,0
B6_D1,870,0,510,0,0
B6_D1,639,0,167,0,0
B8_D1,653,0,229,0,0
G1_D1,421,0,12,0,0
B10_D1,940,0,65,0,0
B2_D1,450,0,215,0,0
B6_D1,220,0,160,0,0
B6_D1,788,0,100,0,0
B6_D1,284,0,21,0,0
B10_D1,509,0,408,0,0
G1_D1,496,0,22,0,0
B6_D1,797,0,211,0,0
B4_D1,663,0,243,0,0
B10_D1,249,0,34,0,0
B6_D1,46,0,79,0,0
B10_D1,189,0,264,0,0
B6_D1,306,0,511,0,0
B6_D1,550,0,478,0,0
B6_D1,460,0,41,0,0
B2_D1,744,0,75,0,0
G1_D1,265,0,75,0,0
B10_D1,624,0,139,0,0
B6_D1,861,0,217,0,0
B6_D1,891,0,438,0,0
B10_D1,428,0,313,0,0
B10_D1,577,0,120,0,0
B10_D1,816,0,309,0,0
B10_D1,261,0,122,0,0
B10_D1,712,0,469,0,0
B6_D1,529,0,274,0,0
B2_D1,614,0,113,0,0
G1_D1,473,0,124,0,0
B6_D1,785,0,104,0,0
B4_D1,847,0,13,0,0
B6_D1,1021,0,409,0,0
B10_D1,630,0,463,0,0
B2_D1,710,0,473,0,0
B6_D1,1008,0,94,0,0
G1_D1,1020,0,484,0,0
B10_D1,917,0,67,0,0
B10_D1,877,0,461,0,0
B10_D1,619,0,480,0,0
B6_D1,890,0,497,0,0
B2_D1,118,0,41,0,0
B4_D1,3,0,286,0,0
B10_D1,775,0,420,0,0
B2_D1,625,0,25,0,0
G1_D1,938,0,258,0,0
B4_D1,296,0,272,0,0
B6_D1,370,0,484,0,0
B6_D1,146,0,329,0,0
B10_D1,421,0,113,0,0
G1_D1,64,0,7,0,0
G1_D1,243,0,260,0,0
B6_D1,472,0,440,0,0
B6_D1,667,0,225,0,0
B10_D1,2,0,422,0,0
B6_D1,186,0,509,0,0
B6_D1,88,0,271,0,0
B6_D1,344,0,166,0,0
B2_D1,161,0,413,0,0
B10_D1,429,0,156,0,0
B10_D1,838,0,37,0,0
G1_D1,52,0,26,0,0
G1_D1,737,0,280,0,0
B10_D1,666,0,385,0,0
B6_D1,709,0,55,0,0
B8_D1,570,0,217,0,0
B10_D1,263,0,245,0,0
B6_D1,789,0,216,0,0
B2_D1,552,0,287,0,0
B6_D1,961,0,147,0,0
G1_D1,193,0,342,0,0
B6_D1,349,0,336,0,0
B2_D1,502,0,483,0,0
B6_D1,402,0,501,0,0
B6_D1,741,0,192,0,0
B10_D1,430,0,333,0,0
B6_D1,389,0,294,0,0
B6_D1,812,0,0,0,0
G1_D1,16,0,1,0,0
B6_D1,716,0,40,0,0
B6_D1,174,0,345,0,0
B10_D1,316,0,269,0,0
G1_D1,35,0,164,0,0
B4_D1,677,0,283,0,0
G1_D1,524,0,11,0,0
B10_D1,501,0,511,0,0
B6_D1,796,0,25,0,0
B6_D1,919,0,444,0,0
B6_D1,673,0,198,0,0
B10_D1,916,0,5,0,0
G1_D1,50,0,114,0,0
G1_D1,338,0,56,0,0
G1_D1,326,0,224,0,0
B10_D1,496,0,130,0,0
B6_D1,42,0,268,0,0
B6_D1,236,0,110,0,0
B10_D1,657,0,134,0,0
B10_D1,404,0,241,0,0
G1_D1,996,0,177,0,0
B10_D1,955,0,466,0,0
B10_D1,426,0,338,0,0
B6_D1,969,0,394,0,0
B4_D1,983,0,69,0,0
B6_D1,96,0,31,0,0
B4_D1,891,0,14,0,0
G1_D1,25,0,85,0,0
B10_D1,143,0,335,0,0
B10_D1,133,0,280,0,0
B10_D1,458,0,508,0,0
B10_D1,278,0,196,0,0
B6_D1,673,0,377,0,0
B6_D1,726,0,335,0,0
B10_D1,547,0,8,0,0
B6_D1,52,0,213,0,0
B4_D1,800,0,36,0,0
B6_D1,940,0,36,0,0
B4_D1,785,0,44,0,0
B10_D1,854,0,354,0,0
B4_D1,167,0,192,0,0
G1_D1,1004,0,178,0,0
B10_D1,813,0,385,0,0
B6_D1,600,0,10,0,0
B10_D1,152,0,46,0,0
G1_D1,29,0,327,0,0
G1_D1,636,0,94,0,0
B4_D1,684,0,261,0,0
B6_D1,750,0,309,0,0
G1_D1,969,0,124,0,0
B10_D1,424,0,23,0,0
B10_D1,536,0,90,0,0
B8_D1,50,0,242,0,0
G1_D1,262,0,323,0,0
B6_D1,172,0,32,0,0
B6_D1,233,0,130,0,0
B10_D1,2,0,128,0,0
G1_D1,49,0,307,0,0
G1_D1,38,0,269,0,0
B6_D1,727,0,79,0,0
G1_D1,238,0,288,0,0
B6_D1,792,0,8,0,0
B10_D1,587,0,144,0,0
B2_D1,688,0,143,0,0
B6_D1,959,0,143,0,0
B6_D1,292,0,45,0,0
B10_D1,942,0,247,0,0
B10_D1,185,0,127,0,0
G1_D1,34,0,42,0,0
B6_D1,452,0,9,0,0
B10_D1,352,0,18,0,0
B6_D1,179,0,279,0,0
G1_D1,895,0,292,0,0
B10_D1,321,0,87,0,0
B6_D1,138,0,499,0,0
B6_D1,939,0,83,0,0
B2_D1,156,0,461,0,0
G1_D1,336,0,123,0,0
B10_D1,831,0,181,0,0
G1_D1,78,0,272,0,0
B10_D1,12,0,284,0,0
B6_D1,952,0,15,0,0
G1_D1,997,0,17,0,0
G1_D1,17,0,185,0,0
G1_D1,222,0,9,0,0
B10_D1,565,0,71,0,0
B6_D1,7,0,101,0,0
G1_D1,50,0,20,0,0
G1_D1,164,0,120,0,0
G1_D1,694,0,42,0,0
B10_D1,770,0,82,0,0
B8_D1,630,0,238,0,0
B10_D1,632,0,483,0,0
G1_D1,8,0,366,0,0
G1_D1,934,0,286,0,0
B2_D1,221,0,205,0,0
G1_D1,664,0,110,0,0
G1_D1,836,0,65,0,0
G1_D1,856,0,176,0,0
B10_D1,923,0,444,0,0
B6_D1,187,0,171,0,0
B6_D1,20,0,9,0,0
G1_D1,1008,0,196,0,0
B6_D1,558,0,462,0,0
G1_D1,1022,0,390,0,0
G1_D1,671,0,172,0,0
B6_D1,971,0,256,0,0
B6_D1,360,0,30,0,0
G1_D1,282,0,197,0,0
B10_D1,945,0,242,0,0
G1_D1,155,0,182,0,0
B2_D1,949,0,89,0,0
B4_D1,3,0,295,0,0
G1_D1,606,0,233,0,0
B6_D1,964,0,234,0,0
B6_D1,480,0,4,0,0
B6_D1,62,0,150,0,0
B6_D1,218,0,382,0,0
G1_D1,411,0,16,0,0
B6_D1,383,0,146,0,0
B10_D1,545,0,303,0,0
B6_D1,1007,0,88,0,0
B10_D1,432,0,217,0,0
G1_D1,50,0,99,0,0
B10_D1,464,0,100,0,0
B6_D1,530,0,404,0,0
G1_D1,195,0,278,0,0
B10_D1,857,0,284,0,0
B10_D1,102,0,119,0,0
B6_D1,825,0,259,0,0
B10_D1,344,0,275,0,0
G1_D1,991,0,110,0,0
B10_D1,265,0,60,0,0
B10_D1,416,0,70,0,0
G1_D1,979,0,269,0,0
B6_D1,521,0,480,0,0
B2_D1,150,0,3,0,0
B10_D1,623,0,210,0,0
B10_D1,585,0,313,0,0
B6_D1,772,0,366,0,0
B4_D1,1023,0,239,0,0
B6_D1,769,0,96,0,0
B10_D1,40,0,167,0,0
B8_D1,1022,0,429,0,0
B6_D1,176,0,44,0,0
B6_D1,78,0,488,0,0
B6_D1,574,0,266,0,0
B6_D1,961,0,459,0,0
G1_D1,617,0,277,0,0
G1_D1,103,0,296,0,0
B4_D1,783,0,270,0,0
G1_D1,55,0,33,0,0
B6_D1,892,0,31,0,0
G1_D1,141,0,207,0,0
G1_D1,597,0,240,0,0
B4_D1,790,0,260,0,0
B2_D1,693,0,57,0,0
G1_D1,672,0,185,0,0
G1_D1,1021,0,21,0,0
B6_D1,542,0,318,0,0
B6_D1,84,0,101,0,0
B6_D1,377,0,411,0,0
B6_D1,66,0,478,0,0
B2_D1,765,0,78,0,0
B10_D1,30,0,86,0,0
B6_D1,994,0,258,0,0
B6_D1,688,0,5,0,0
B2_D1,681,0,88,0,0
B6_D1,797,0,423,0,0
B4_D1,120,0,283,0,0
B6_D1,266,0,511,0,0
B6_D1,218,0,505,0,0
B6_D1,544,0,335,0,0
B6_D1,714,0,483,0,0
B6_D1,16,0,33,0,0
B6_D1,635,0,475,0,0
B6_D1,3,0,268,0,0
G1_D1,788,0,7,0,0
G1_D1,350,0,364,0,0
B10_D1,870,0,54,0,0
B6_D1,516,0,279,0,0
G1_D1,230,0,153,0,0
B10_D1,33,0,95,0,0
B6_D1,927,0,481,0,0
G1_D1,35,0,17,0,0
B10_D1,96,0,42,0,0
B10_D1,113,0,191,0,0
B6_D1,443,0,477,0,0
B4_D1,975,0,219,0,0
G1_D1,381,0,299,0,0
G1_D1,388,0,509,0,0
B2_D1,988,0,56,0,0
B2_D1,89,0,80,0,0
B6_D1,747,0,409,0,0
B8_D1,757,0,244,0,0
B6_D1,764,0,154,0,0
B6_D1,825,0,81,0,0
B8_D1,589,0,296,0,0
B6_D1,679,0,308,0,0
B10_D1,80,0,26,0,0
B10_D1,32,0,220,0,0
B6_D1,505,0,186,0,0
B10_D1,943,0,292,0,0
B10_D1,425,0,48,0,0
B6_D1,426,0,320,0,0
B6_D1,858,0,238,0,0
G1_D1,741,0,471,0,0
B10_D1,3,0,2,0,0
B10_D1,220,0,160,0,0
B10_D1,78,0,207,0,0
B10_D1,41,0,178,0,0
G1_D1,1011,0,214,0,0
B10_D1,334,0,216,0,0
G1_D1,978,0,378,0,0
B6_D1,334,0,492,0,0
G1_D1,988,0,374,0,0
B6_D1,786,0,350,0,0
B10_D1,142,0,109,0,0
B6_D1,813,0,360,0,0
B10_D1,458,0,162,0,0
B10_D1,764,0,60,0,0
B6_D1,404,0,12,0,0
B6_D1,489,0,173,0,0
B10_D1,613,0,190,0,0
B6_D1,521,0,274,0,0
B6_D1,628,0,277,0,0
B10_D1,617,0,361,0,0
B6_D1,730,0,103,0,0
B10_D1,476,0,157,0,0
B6_D1,454,0,459,0,0
B6_D1,394,0,497,0,0
G1_D1,989,0,278,0,0
G1_D1,347,0,121,0,0
B6_D1,805,0,130,0,0
B6_D1,652,0,36,0,0
B6_D1,970,0,169,0,0
B6_D1,738,0,486,0,0
G1_D1,925,0,105,0,0
G1_D1,991,0,149,0,0
B6_D1,418,0,252,0,0
B10_D1,296,0,178,0,0
B4_D1,851,0,14,0,0
B4_D1,94,0,299,0,0
G1_D1,455,0,82,0,0
B4_D1,198,0,62,0,0
B10_D1,231,0,288,0,0
B10_D1,214,0,127,0,0
B6_D1,304,0,150,0,0
B10_D1,483,0,19,0,0
G1_D1,21,0,177,0,0
B6_D1,120,0,103,0,0
B6_D1,956,0,87,0,0
B10_D1,408,0,259,0,0
B6_D1,212,0,80,0,0
B4_D1,518,0,225,0,0
B4_D1,266,0,239,0,0
B6_D1,947,0,259,0,0
G1_D1,931,0,243,0,0
B10_D1,563,0,92,0,0
B6_D1,62,0,265,0,0
B6_D1,95,0,102,0,0
B2_D1,734,0,511,0,0
B10_D1,549,0,509,0,0
B10_D1,623,0,363,0,0
G1_D1,1016,0,145,0,0
B10_D1,345,0,167,0,0
B6_D1,340,0,33,0,0
B6_D1,540,0,21,0,0
B2_D1,577,0,117,0,0
B6_D1,118,0,510,0,0
B2_D1,430,0,111,0,0
B6_D1,372,0,171,0,0
B2_D1,215,0,76,0,0
B6_D1,585,0,410,0,0
B10_D1,104,0,214,0,0
G1_D1,1015,0,243,0,0
B6_D1,160,0,5,0,0
B2_D1,512,0,162,0,0
B6_D1,74,0,324,0,0
G1_D1,267,0,249,0,0
B6_D1,928,0,19,0,0
B8_D1,158,0,340,0,0
B10_D1,176,0,110,0,0
B6_D1,838,0,71,0,0
B4_D1,455,0,239,0,0
G1_D1,784,0,0,0,0
B10_D1,545,0,208,0,0
B2_D1,630,0,361,0,0
B4_D1,882,0,59,0,0
B10_D1,622,0,287,0,0
B6_D1,473,0,74,0,0
B6_D1,5,0,314,0,0
G1_D1,702,0,382,0,0
B6_D1,36,0,42,0,0
B6_D1,166,0,510,0,0
G1_D1,673,0,92,0,0
B6_D1,443,0,376,0,0
B8_D1,613,0,181,0,0
G1_D1,1021,0,440,0,0
B10_D1,21,0,122,0,0
B6_D1,56,0,413,0,0
B6_D1,443,0,69,0,0
B6_D1,1011,0,207,0,0
B6_D1,420,0,51,0,0
B10_D1,632,0,410,0,0
B4_D1,2,0,184,0,0
G1_D1,344,0,400,0,0
G1_D1,168,0,284,0,0
B6_D1,974,0,508,0,0
B6_D1,725,0,111,0,0
B6_D1,1,0,99,0,0
G1_D1,104,0,164,0,0
B6_D1,191,0,99,0,0
B10_D1,704,0,469,0,0
B10_D1,999,0,3,0,0
B6_D1,664,0,302,0,0
G1_D1,342,0,56,0,0
B10_D1,607,0,194,0,0
B6_D1,764,0,39,0,0
B6_D1,548,0,320,0,0
B10_D1,699,0,265,0,0
G1_D1,113,0,502,0,0
G1_D1,511,0,278,0,0
G1_D1,790,0,22,0,0
B6_D1,675,0,270,0,0
G1_D1,98,0,23,0,0
B6_D1,705,0,148,0,0
B4_D1,722,0,38,0,0
B4_D1,136,0,150,0,0
B10_D1,134,0,507,0,0
B6_D1,281,0,374,0,0
G1_D1,496,0,337,0,0
G1_D1,566,0,41,0,0
B4_D1,587,0,282,0,0
B6_D1,553,0,461,0,0
B6_D1,760,0,46,0,0
B10_D1,808,0,339,0,0
B10_D1,679,0,112,0,0
B10_D1,824,0,359,0,0
G1_D1,760,0,110,0,0
G1_D1,1011,0,110,0,0
B6_D1,956,0,37,0,0
G1_D1,150,0,50,0,0
B6_D1,408,0,386,0,0
B10_D1,694,0,286,0,0
B10_D1,775,0,1,0,0
B2_D1,190,0,147,0,0
B10_D1,15,0,2,0,0
G1_D1,433,0,4,0,0
B6_D1,624,0,19,0,0
B10_D1,5,0,82,0,0
B10_D1,538,0,187,0,0
G1_D1,727,0,2,0,0
B6_D1,289,0,81,0,0
B2_D1,178,0,469,0,0
B6_D1,732,0,3,0,0
B6_D1,414,0,498,0,0
B6_D1,128,0,16,0,0
B6_D1,724,0,37,0,0
B6_D1,731,0,273,0,0
B10_D1,276,0,206,0,0
B10_D1,621,0,421,0,0
B10_D1,4,0,129,0,0
B6_D1,410,0,488,0,0
B6_D1,203,0,115,0,0
B4_D1,330,0,17,0,0
B10_D1,953,0,4,0,0
B2_D1,769,0,225,0,0
B10_D1,46,0,147,0,0
G1_D1,51,0,117,0,0
G1_D1,792,0,0,0,0
G1_D1,938,0,32,0,0
G1_D1,487,0,232,0,0
B10_D1,759,0,33,0,0
B6_D1,311,0,479,0,0
B10_D1,708,0,12,0,0
B2_D1,238,0,481,0,0
G1_D1,83,0,463,0,0
B6_D1,249,0,149,0,0
G1_D1,223,0,6,0,0
B4_D1,891,0,260,0,0
B2_D1,701,0,508,0,0
B6_D1,74,0,318,0,0
B6_D1,432,0,47,0,0
B10_D1,621,0,239,0,0
B4_D1,531,0,377,0,0
B10_D1,662,0,415,0,0
G1_D1,305,0,189,0,0
B10_D1,58,0,137,0,0
B10_D1,227,0,20,0,0
B10_D1,777,0,107,0,0
B6_D1,210,0,51,0,0
B4_D1,124,0,418,0,0
G1_D1,656,0,262,0,0
B6_D1,322,0,482,0,0
G1_D1,130,0,285,0,0
B10_D1,138,0,279,0,0
B6_D1,862,0,339,0,0
B10_D1,623,0,411,0,0
B10_D1,931,0,333,0,0
B6_D1,788,0,22,0,0
B10_D1,493,0,93,0,0
B10_D1,926,0,76,0,0
B10_D1,839,0,103,0,0
B6_D1,43,0,447,0,0
G1_D1,1021,0,211,0,0
B6_D1,121,0,453,0,0
B10_D1,568,0,482,0,0
B6_D1,886,0,492,0,0
B10_D1,861,0,328,0,0
B6_D1,722,0,486,0,0
G1_D1,397,0,200,0,0
B10_D1,444,0,74,0,0
B10_D1,139,0,3,0,0
G1_D1,778,0,104,0,0
B10_D1,780,0,415,0,0
G1_D1,12,0,199,0,0
G1_D1,848,0,255,0,0
B10_D1,1003,0,9,0,0
B10_D1,422,0,406,0,0
B10_D1,219,0,56,0,0
B6_D1,728,0,76,0,0
B2_D1,438,0,212,0,0
B6_D1,765,0,464,0,0
B6_D1,692,0,42,0,0
B10_D1,267,0,164,0,0
B6_D1,377,0,409,0,0
B10_D1,456,0,412,0,0
B6_D1,206,0,349,0,0
B6_D1,830,0,506,0,0
B2_D1,852,0,262,0,0
B6_D1,772,0,26,0,0
B10_D1,452,0,9,0,0
B6_D1,1023,0,469,0,0
B2_D1,124,0,117,0,0
B4_D1,262,0,233,0,0
B6_D1,126,0,508,0,0
B6_D1,496,0,23,0,0
G1_D1,756,0,155,0,0
B10_D1,196,0,346,0,0
B6_D1,914,0,428,0,0
B6_D1,192,0,419,0,0
B6_D1,945,0,328,0,0
B6_D1,103,0,146,0,0
B2_D1,455,0,111,0,0
B10_D1,298,0,196,0,0
B10_D1,39,0,8,0,0
B6_D1,325,0,204,0,0
B6_D1,112,0,47,0,0
G1_D1,494,0,319,0,0
B6_D1,697,0,200,0,0
B6_D1,391,0,67,0,0
B10_D1,460,0,275,0,0
G1_D1,23,0,68,0,0
B10_D1,139,0,195,0,0
G1_D1,251,0,2,0,0
B10_D1,594,0,219,0,0
B4_D1,664,0,16,0,0
B10_D1,205,0,246,0,0
B10_D1,343,0,207,0,0
G1_D1,873,0,4,0,0
G1_D1,1016,0,11,0,0
B6_D1,156,0,108,0,0
B2_D1,941,0,107,0,0
B6_D1,880,0,3,0,0
B6_D1,998,0,80,0,0
B6_D1,217,0,131,0,0
G1_D1,4,0,495,0,0
B10_D1,128,0,290,0,0
B6_D1,16,0,364,0,0
B6_D1,165,0,136,0,0
B4_D1,207,0,190,0,0
B6_D1,901,0,141,0,0
G1_D1,989,0,299,0,0
G1_D1,76,0,48,0,0
B6_D1,854,0,68,0,0
G1_D1,701,0,280,0,0
G1_D1,989,0,33,0,0
B6_D1,1004,0,34,0,0
B4_D1,192,0,6,0,0
B6_D1,680,0,1,0,0
B10_D1,15,0,112,0,0
B8_D1,862,0,305,0,0
B6_D1,103,0,402,0,0
B10_D1,677,0,62,0,0
B6_D1,196,0,175,0,0
B6_D1,748,0,24,0,0
B6_D1,29,0,182,0,0
B10_D1,796,0,330,0,0
B6_D1,535,0,265,0,0
B6_D1,10,0,49,0,0
B10_D1,53,0,118,0,0
B10_D1,625,0,473,0,0
B6_D1,277,0,268,0,0
B10_D1,167,0,272,0,0
B10_D1,746,0,118,0,0
G1_D1,979,0,295,0,0
B6_D1,352,0,348,0,0
B6_D1,0,0,24,0,0
B10_D1,150,0,446,0,0
B6_D1,469,0,188,0,0
B8_D1,141,0,248,0,0
B10_D1,607,0,485,0,0
G1_D1,494,0,20,0,0
B6_D1,546,0,294,0,0
B10_D1,741,0,96,0,0
G1_D1,9,0,107,0,0
B6_D1,726,0,71,0,0
G1_D1,595,0,15,0,0
B6_D1,148,0,160,0,0
G1_D1,266,0,241,0,0
G1_D1,258,0,291,0,0
G1_D1,291,0,6,0,0
B6_D1,859,0,475,0,0
B10_D1,788,0,422,0,0
G1_D1,317,0,190,0,0
G1_D1,341,0,48,0,0
B6_D1,332,0,167,0,0
B8_D1,226,0,99,0,0
B10_D1,468,0,119,0,0
B10_D1,491,0,406,0,0
G1_D1,17,0,83,0,0
B6_D1,54,0,478,0,0
B6_D1,551,0,184,0,0
B10_D1,201,0,68,0,0
B10_D1,877,0,341,0,0
B10_D1,3,0,77,0,0
B10_D1,617,0,365,0,0
B10_D1,236,0,393,0,0
B10_D1,394,0,28,0,0
B6_D1,674,0,511,0,0
B10_D1,175,0,229,0,0
B6_D1,162,0,500,0,0
G1_D1,1006,0,217,0,0
B10_D1,321,0,98,0,0
B6_D1,554,0,443,0,0
G1_D1,691,0,6,0,0
G1_D1,818,0,511,0,0
B10_D1,367,0,178,0,0
B10_D1,924,0,319,0,0
B6_D1,342,0,428,0,0
B6_D1,230,0,497,0,0
B6_D1,7,0,292,0,0
G1_D1,739,0,237,0,0
B10_D1,31,0,45,0,0
B6_D1,678,0,465,0,0
G1_D1,62,0,41,0,0
B6_D1,8,0,41,0,0
B10_D1,799,0,407,0,0
B6_D1,21,0,101,0,0
B4_D1,579,0,212,0,0
B6_D1,352,0,3,0,0
G1_D1,734,0,19,0,0
B6_D1,868,0,463,0,0
B6_D1,306,0,491,0,0
B4_D1,8,0,179,0,0
B10_D1,336,0,312,0,0
G1_D1,159,0,2,0,0
B2_D1,329,0,52,0,0
B6_D1,458,0,402,0,0
B10_D1,499,0,302,0,0
B6_D1,215,0,345,0,0
B6_D1,229,0,274,0,0
B2_D1,794,0,4,0,0
B6_D1,168,0,22,0,0
B10_D1,828,0,359,0,0
B10_D1,615,0,104,0,0
B10_D1,791,0,217,0,0
B6_D1,394,0,505,0,0
B6_D1,8,0,321,0,0
G1_D1,700,0,7,0,0
B2_D1,592,0,27,0,0
B10_D1,154,0,98,0,0
B6_D1,786,0,298,0,0
B6_D1,28,0,395,0,0
G1_D1,8,0,300,0,0
G1_D1,785,0,49,0,0
B6_D1,201,0,126,0,0
B4_D1,861,0,233,0,0
B10_D1,373,0,511,0,0
B10_D1,142,0,114,0,0
B6_D1,64,0,34,0,0
B6_D1,767,0,164,0,0
B10_D1,566,0,90,0,0
G1_D1,799,0,214,0,0
B10_D1,285,0,240,0,0
B10_D1,161,0,104,0,0
B6_D1,23,0,193,0,0
G1_D1,303,0,2,0,0
B6_D1,388,0,32,0,0
B6_D1,616,0,376,0,0
B6_D1,557,0,461,0,0
B10_D1,390,0,467,0,0
B10_D1,355,0,10,0,0
B10_D1,793,0,306,0,0
B10_D1,26,0,138,0,0
B6_D1,68,0,8,0,0
B10_D1,262,0,38,0,0
B4_D1,6,0,480,0,0
B6_D1,875,0,312,0,0
G1_D1,996,0,11,0,0
B10_D1,611,0,104,0,0
B8_D1,651,0,306,0,0
G1_D1,648,0,420,0,0
B10_D1,101,0,204,0,0
B10_D1,688,0,245,0,0
B6_D1,669,0,305,0,0
B4_D1,146,0,192,0,0
B10_D1,756,0,404,0,0
B6_D1,76,0,120,0,0
B6_D1,496,0,277,0,0
B10_D1,1013,0,40,0,0
B10_D1,433,0,413,0,0
B10_D1,288,0,178,0,0
B10_D1,1007,0,489,0,0
B2_D1,622,0,479,0,0
B6_D1,136,0,16,0,0
B4_D1,613,0,303,0,0
G1_D1,669,0,93,0,0
B2_D1,723,0,77,0,0
B10_D1,810,0,69,0,0
B6_D1,180,0,7,0,0
B10_D1,491,0,302,0,0
B4_D1,300,0,66,0,0
G1_D1,28,0,216,0,0
B10_D1,551,0,68,0,0
B10_D1,72,0,124,0,0
B10_D1,743,0,420,0,0
B6_D1,142,0,209,0,0
B10_D1,358,0,176,0,0
B10_D1,775,0,453,0,0
B6_D1,15,0,292,0,0
B10_D1,166,0,435,0,0
B6_D1,601,0,341,0,0
B10_D1,344,0,410,0,0
G1_D1,644,0,26,0,0
B6_D1,62,0,429,0,0
B6_D1,648,0,35,0,0
B8_D1,1022,0,51,0,0
B6_D1,528,0,282,0,0
B10_D1,36,0,6,0,0
B6_D1,78,0,128,0,0
B6_D1,672,0,45,0,0
B10_D1,319,0,71,0,0
B6_D1,136,0,109,0,0
B8_D1,276,0,184,0,0
B6_D1,819,0,306,0,0
B6_D1,941,0,393,0,0
B10_D1,996,0,267,0,0
B6_D1,683,0,66,0,0
B10_D1,61,0,139,0,0
B6_D1,931,0,87,0,0
B10_D1,51,0,18,0,0
G1_D1,540,0,233,0,0
B6_D1,213,0,119,0,0
G1_D1,485,0,93,0,0
G1_D1,451,0,23,0,0
B6_D1,456,0,171,0,0
B4_D1,148,0,271,0,0
B10_D1,211,0,363,0,0
B2_D1,898,0,37,0,0
B10_D1,226,0,230,0,0
B6_D1,814,0,503,0,0
B4_D1,981,0,67,0,0
B6_D1,297,0,243,0,0
G1_D1,664,0,256,0,0
B10_D1,734,0,401,0,0
G1_D1,32,0,64,0,0
B6_D1,1003,0,300,0,0
B6_D1,819,0,216,0,0
B10_D1,146,0,188,0,0
B6_D1,286,0,137,0,0
B6_D1,644,0,43,0,0
B6_D1,419,0,119,0,0
G1_D1,951,0,15,0,0
B10_D1,318,0,306,0,0
B6_D1,404,0,176,0,0
B10_D1,764,0,404,0,0
G1_D1,312,0,194,0,0
B10_D1,786,0,231,0,0
G1_D1,896,0,11,0,0
B2_D1,618,0,112,0,0
B10_D1,77,0,299,0,0
G1_D1,450,0,365,0,0
B2_D1,615,0,478,0,0
G1_D1,192,0,7,0,0
B6_D1,826,0,96,0,0
B4_D1,71,0,18,0,0
B6_D1,420,0,27,0,0
B10_D1,360,0,316,0,0
B6_D1,978,0,188,0,0
B6_D1,420,0,0,0,0
B4_D1,936,0,17,0,0
B6_D1,635,0,371,0,0
B4_D1,644,0,332,0,0
G1_D1,725,0,263,0,0
B6_D1,772,0,461,0,0
G1_D1,120,0,418,0,0
B10_D1,535,0,158,0,0
B10_D1,438,0,288,0,0
B6_D1,683,0,481,0,0
B10_D1,254,0,410,0,0
B4_D1,1,0,313,0,0
B6_D1,420,0,15,0,0
B10_D1,417,0,283,0,0
B6_D1,137,0,193,0,0
B6_D1,132,0,16,0,0
B10_D1,787,0,379,0,0
G1_D1,171,0,17,0,0
B6_D1,850,0,484,0,0
B6_D1,346,0,485,0,0
B6_D1,879,0,312,0,0
B8_D1,854,0,305,0,0
B4_D1,735,0,199,0,0
G1_D1,59,0,290,0,0
B10_D1,682,0,12,0,0
B2_D1,574,0,455,0,0
B6_D1,511,0,413,0,0
B10_D1,781,0,307,0,0
G1_D1,225,0,61,0,0
G1_D1,224,0,408,0,0
B6_D1,664,0,32,0,0
G1_D1,567,0,200,0,0
B6_D1,828,0,349,0,0
B10_D1,241,0,295,0,0
G1_D1,224,0,451,0,0
B6_D1,439,0,64,0,0
B6_D1,172,0,0,0,0
B6_D1,463,0,283,0,0
B2_D1,135,0,0,0,0
B6_D1,733,0,155,0,0
B6_D1,690,0,436,0,0
B6_D1,655,0,164,0,0
B6_D1,360,0,25,0,0
B2_D1,568,0,152,0,0
B4_D1,153,0,195,0,0
B6_D1,18,0,500,0,0
B6_D1,284,0,140,0,0
B4_D1,436,0,236,0,0
B6_D1,263,0,63,0,0
B6_D1,15,0,400,0,0
B10_D1,276,0,32,0,0
B6_D1,396,0,46,0,0
B10_D1,685,0,95,0,0
B6_D1,858,0,504,0,0
B6_D1,881,0,217,0,0
B6_D1,857,0,266,0,0
B6_D1,232,0,6,0,0
B6_D1,240,0,244,0,0
B6_D1,92,0,48,0,0
B6_D1,933,0,328,0,0
B6_D1,658,0,499,0,0
B10_D1,523,0,135,0,0
B10_D1,42,0,256,0,0
G1_D1,336,0,24,0,0
G1_D1,1019,0,459,0,0
B2_D1,615,0,79,0,0
B6_D1,812,0,43,0,0
B10_D1,99,0,492,0,0
B2_D1,121,0,312,0,0
B6_D1,759,0,317,0,0
B6_D1,851,0,202,0,0
B10_D1,680,0,170,0,0
B10_D1,763,0,104,0,0
B4_D1,649,0,186,0,0
B4_D1,5,0,359,0,0
B2_D1,966,0,134,0,0
G1_D1,531,0,74,0,0
B10_D1,991,0,292,0,0
G1_D1,620,0,140,0,0
B10_D1,780,0,60,0,0
G1_D1,859,0,20,0,0
B6_D1,1004,0,1,0,0
B10_D1,756,0,310,0,0
B4_D1,83,0,82,0,0
B6_D1,718,0,503,0,0
B10_D1,395,0,25,0,0
B4_D1,754,0,99,0,0
B10_D1,63,0,148,0,0
B10_D1,701,0,262,0,0
B10_D1,711,0,10,0,0
B6_D1,230,0,296,0,0
B4_D1,731,0,266,0,0
B6_D1,816,0,331,0,0
B6_D1,856,0,11,0,0
G1_D1,987,0,22,0,0
G1_D1,544,0,281,0,0
B10_D1,280,0,324,0,0
B10_D1,80,0,32,0,0
G1_D1,228,0,1,0,0
B10_D1,471,0,250,0,0
B10_D1,94,0,482,0,0
B10_D1,321,0,336,0,0
B6_D1,162,0,308,0,0
B10_D1,947,0,249,0,0
B6_D1,389,0,393,0,0
B4_D1,473,0,129,0,0
B6_D1,298,0,462,0,0
B6_D1,498,0,499,0,0
B10_D1,217,0,455,0,0
B10_D1,903,0,98,0,0
B6_D1,539,0,238,0,0
B10_D1,646,0,114,0,0
B10_D1,720,0,325,0,0
B2_D1,306,0,159,0,0
B6_D1,270,0,118,0,0
B6_D1,53,0,481,0,0
G1_D1,446,0,227,0,0
B6_D1,816,0,39,0,0
B10_D1,6,0,299,0,0
G1_D1,860,0,301,0,0
G1_D1,256,0,290,0,0
B10_D1,105,0,193,0,0
B4_D1,75,0,37,0,0
G1_D1,468,0,11,0,0
B6_D1,1004,0,30,0,0
B10_D1,845,0,447,0,0
B6_D1,562,0,319,0,0
B6_D1,930,0,503,0,0
B6_D1,11,0,480,0,0
G1_D1,132,0,7,0,0
B2_D1,647,0,146,0,0
B10_D1,30,0,230,0,0
B2_D1,219,0,202,0,0
B10_D1,252,0,208,0,0
B10_D1,34,0,40,0,0
B10_D1,399,0,485,0,0
G1_D1,422,0,29,0,0
G1_D1,779,0,105,0,0
G1_D1,936,0,35,0,0
B10_D1,305,0,97,0,0
G1_D1,780,0,272,0,0
B6_D1,652,0,43,0,0
G1_D1,632,0,156,0,0
B6_D1,134,0,486,0,0
B2_D1,511,0,488,0,0
B10_D1,837,0,17,0,0
B10_D1,951,0,17,0,0
B4_D1,406,0,408,0,0
B4_D1,308,0,287,0,0
B2_D1,391,0,481,0,0
B10_D1,487,0,481,0,0
G1_D1,266,0,38,0,0
B6_D1,192,0,425,0,0
B2_D1,987,0,45,0,0
B6_D1,520,0,183,0,0
B10_D1,596,0,412,0,0
B10_D1,20,0,210,0,0
B6_D1,111,0,110,0,0
B6_D1,237,0,130,0,0
G1_D1,202,0,30,0,0
B6_D1,73,0,163,0,0
B4_D1,692,0,106,0,0
B6_D1,836,0,46,0,0
G1_D1,352,0,7,0,0
G1_D1,935,0,454,0,0
B2_D1,434,0,127,0,0
B6_D1,200,0,15,0,0
B6_D1,62,0,112,0,0
G1_D1,596,0,282,0,0
B6_D1,140,0,17,0,0
G1_D1,41,0,140,0,0
B10_D1,605,0,320,0,0
B6_D1,440,0,420,0,0
B10_D1,458,0,66,0,0
G1_D1,197,0,35,0,0
B10_D1,518,0,34,0,0
B10_D1,810,0,311,0,0
B4_D1,91,0,160,0,0
B10_D1,797,0,97,0,0
G1_D1,577,0,290,0,0
B6_D1,1002,0,84,0,0
B10_D1,460,0,135,0,0
B6_D1,284,0,49,0,0
B10_D1,617,0,134,0,0
B10_D1,387,0,181,0,0
B2_D1,857,0,463,0,0
B10_D1,674,0,440,0,0
B6_D1,590,0,284,0,0
B6_D1,798,0,150,0,0
B6_D1,696,0,156,0,0
G1_D1,485,0,12,0,0
G1_D1,149,0,291,0,0
G1_D1,338,0,32,0,0
B6_D1,139,0,59,0,0
B8_D1,754,0,206,0,0
B6_D1,192,0,40,0,0
B4_D1,513,0,215,0,0
G1_D1,1015,0,157,0,0
B6_D1,986,0,61,0,0
G1_D1,776,0,109,0,0
B6_D1,301,0,435,0,0
B6_D1,429,0,352,0,0
B10_D1,248,0,342,0,0
B10_D1,221,0,240,0,0
B10_D1,670,0,26,0,0
B6_D1,1012,0,2,0,0
G1_D1,177,0,232,0,0
B6_D1,790,0,486,0,0
B10_D1,127,0,174,0,0
B2_D1,429,0,484,0,0
B2_D1,686,0,272,0,0
B2_D1,359,0,202,0,0
B6_D1,476,0,392,0,0
B10_D1,337,0,133,0,0
B10_D1,819,0,279,0,0
B6_D1,986,0,56,0,0
B6_D1,918,0,494,0,0
G1_D1,783,0,39,0,0
B10_D1,3,0,72,0,0
G1_D1,19,0,298,0,0
B6_D1,385,0,278,0,0
B6_D1,992,0,32,0,0
B10_D1,359,0,411,0,0
B6_D1,507,0,246,0,0
B10_D1,729,0,272,0,0
B6_D1,816,0,18,0,0
B10_D1,699,0,10,0,0
B6_D1,786,0,490,0,0
G1_D1,594,0,172,0,0
B6_D1,7,0,343,0,0
B6_D1,808,0,334,0,0
G1_D1,175,0,43,0,0
B4_D1,666,0,293,0,0
B10_D1,288,0,244,0,0
B4_D1,731,0,271,0,0
B10_D1,457,0,79,0,0
B10_D1,977,0,295,0,0
B6_D1,845,0,225,0,0
B6_D1,295,0,381,0,0
B6_D1,836,0,29,0,0
B6_D1,150,0,478,0,0
B6_D1,814,0,348,0,0
B6_D1,4,0,465,0,0
G1_D1,36,0,466,0,0
G1_D1,877,0,246,0,0
B2_D1,951,0,64,0,0
G1_D1,427,0,143,0,0
B6_D1,783,0,66,0,0
G1_D1,363,0,45,0,0
B6_D1,392,0,20,0,0
B10_D1,725,0,117,0,0
G1_D1,263,0,322,0,0
B6_D1,126,0,230,0,0
B10_D1,69,0,309,0,0
G1_D1,195,0,189,0,0
B10_D1,231,0,326,0,0
B6_D1,320,0,358,0,0
G1_D1,1019,0,132,0,0
B4_D1,918,0,232,0,0
B6_D1,576,0,322,0,0
B2_D1,467,0,471,0,0
B10_D1,650,0,242,0,0
B10_D1,160,0,278,0,0
B2_D1,129,0,155,0,0
B6_D1,528,0,23,0,0
B6_D1,722,0,485,0,0
B10_D1,647,0,119,0,0
B10_D1,674,0,113,0,0
G1_D1,272,0,71,0,0
G1_D1,385,0,273,0,0
B2_D1,769,0,52,0,0
B10_D1,111,0,335,0,0
B6_D1,991,0,273,0,0
B6_D1,671,0,271,0,0
B6_D1,343,0,320,0,0
B10_D1,806,0,30,0,0
B10_D1,769,0,253,0,0
B6_D1,600,0,23,0,0
B6_D1,178,0,483,0,0
G1_D1,673,0,201,0,0
B4_D1,346,0,301,0,0
G1_D1,31,0,93,0,0
B6_D1,912,0,126,0,0
B6_D1,427,0,68,0,0
G1_D1,994,0,146,0,0
B10_D1,421,0,371,0,0
B6_D1,401,0,102,0,0
B6_D1,144,0,48,0,0
B6_D1,834,0,504,0,0
B10_D1,533,0,312,0,0
B6_D1,747,0,351,0,0
B6_D1,1004,0,10,0,0
B10_D1,577,0,284,0,0
G1_D1,20,0,7,0,0
B10_D1,215,0,337,0,0
B4_D1,665,0,19,0,0
B6_D1,644,0,41,0,0
B2_D1,440,0,287,0,0
B2_D1,67,0,23,0,0
B10_D1,184,0,36,0,0
G1_D1,166,0,272,0,0
G1_D1,251,0,15,0,0
B10_D1,710,0,35,0,0
G1_D1,241,0,300,0,0
G1_D1,398,0,22,0,0
B6_D1,911,0,63,0,0
B2_D1,811,0,189,0,0
B2_D1,806,0,78,0,0
B6_D1,1002,0,482,0,0
B4_D1,952,0,127,0,0
B6_D1,680,0,41,0,0
G1_D1,725,0,280,0,0
B10_D1,55,0,112,0,0
G1_D1,764,0,306,0,0
G1_D1,617,0,246,0,0
B4_D1,602,0,31,0,0
B4_D1,1021,0,102,0,0
B10_D1,586,0,184,0,0
B10_D1,282,0,65,0,0
B6_D1,238,0,332,0,0
B6_D1,206,0,483,0,0
G1_D1,1005,0,155,0,0
B6_D1,797,0,155,0,0
B6_D1,960,0,409,0,0
G1_D1,82,0,92,0,0
B6_D1,832,0,20,0,0
B4_D1,97,0,118,0,0
B6_D1,114,0,492,0,0
B6_D1,949,0,185,0,0
B6_D1,718,0,430,0,0
B2_D1,238,0,485,0,0
B10_D1,912,0,78,0,0
B6_D1,450,0,387,0,0
B6_D1,702,0,441,0,0
G1_D1,752,0,201,0,0
B10_D1,1021,0,2,0,0
B6_D1,920,0,34,0,0
B10_D1,93,0,197,0,0
B6_D1,556,0,126,0,0
B10_D1,776,0,310,0,0
B6_D1,213,0,186,0,0
B4_D1,659,0,22,0,0
B6_D1,955,0,143,0,0
B6_D1,968,0,259,0,0
B6_D1,713,0,398,0,0
B10_D1,723,0,0,0,0
B2_D1,206,0,483,0,0
B2_D1,989,0,93,0,0
B10_D1,744,0,88,0,0
G1_D1,431,0,6,0,0
B10_D1,282,0,307,0,0
B6_D1,870,0,495,0,0
B10_D1,238,0,90,0,0
B6_D1,56,0,303,0,0
B6_D1,466,0,488,0,0
B6_D1,1000,0,83,0,0
B6_D1,460,0,21,0,0
B4_D1,430,0,235,0,0
B6_D1,884,0,394,0,0
B10_D1,728,0,6,0,0
B6_D1,551,0,367,0,0
B10_D1,906,0,42,0,0
B10_D1,324,0,41,0,0
B10_D1,396,0,231,0,0
B10_D1,650,0,113,0,0
B10_D1,479,0,276,0,0
G1_D1,588,0,191,0,0
G1_D1,78,0,5,0,0
B4_D1,991,0,57,0,0
B6_D1,626,0,287,0,0
B10_D1,550,0,283,0,0
B4_D1,732,0,111,0,0
B4_D1,76,0,132,0,0
B6_D1,190,0,118,0,0
B6_D1,546,0,407,0,0
B10_D1,162,0,345,0,0
B6_D1,1,0,236,0,0
B6_D1,92,0,161,0,0
B10_D1,461,0,156,0,0
B10_D1,489,0,93,0,0
G1_D1,1018,0,417,0,0
B6_D1,319,0,220,0,0
B6_D1,812,0,97,0,0
G1_D1,672,0,3,0,0
B10_D1,601,0,500,0,0
B6_D1,959,0,120,0,0
B10_D1,618,0,297,0,0
G1_D1,208,0,70,0,0
B10_D1,583,0,43,0,0
G1_D1,674,0,118,0,0
B2_D1,430,0,511,0,0
B6_D1,487,0,133,0,0
B2_D1,627,0,289,0,0
B6_D1,698,0,489,0,0
B6_D1,869,0,225,0,0
B6_D1,32,0,16,0,0
B6_D1,785,0,207,0,0
B10_D1,111,0,113,0,0
B6_D1,700,0,33,0,0
G1_D1,987,0,79,0,0
G1_D1,11,0,305,0,0
B10_D1,933,0,29,0,0
B8_D1,436,0,285,0,0
B6_D1,212,0,292,0,0
B10_D1,663,0,308,0,0
G1_D1,71,0,6,0,0
B10_D1,1005,0,42,0,0
B6_D1,761,0,61,0,0
B10_D1,575,0,214,0,0
G1_D1,702,0,102,0,0
G1_D1,908,0,250,0,0
B10_D1,204,0,362,0,0
B10_D1,7,0,384,0,0
G1_D1,687,0,247,0,0
G1_D1,288,0,24,0,0
B4_D1,55,0,119,0,0
G1_D1,170,0,59,0,0
B10_D1,613,0,71,0,0
B6_D1,44,0,139,0,0
B6_D1,316,0,357,0,0
B10_D1,75,0,510,0,0
B6_D1,360,0,37,0,0
B6_D1,960,0,370,0,0
B2_D1,701,0,75,0,0
B2_D1,912,0,33,0,0
G1_D1,1009,0,158,0,0
G1_D1,241,0,40,0,0
G1_D1,292,0,127,0,0
B2_D1,934,0,0,0,0
B6_D1,75,0,480,0,0
B6_D1,286,0,499,0,0
B6_D1,538,0,219,0,0
B6_D1,8,0,36,0,0
B2_D1,976,0,83,0,0
B6_D1,684,0,5,0,0
G1_D1,936,0,18,0,0
B4_D1,56,0,20,0,0
B6_D1,847,0,191,0,0
G1_D1,784,0,130,0,0
B6_D1,457,0,241,0,0
B10_D1,273,0,54,0,0
B6_D1,234,0,424,0,0
G1_D1,335,0,136,0,0
B10_D1,473,0,408,0,0
G1_D1,775,0,425,0,0
B6_D1,76,0,4,0,0
B10_D1,790,0,168,0,0
B10_D1,296,0,409,0,0
B4_D1,258,0,292,0,0
B10_D1,150,0,166,0,0
B6_D1,188,0,139,0,0
B6_D1,220,0,37,0,0
B6_D1,204,0,14,0,0
B6_D1,712,0,1,0,0
G1_D1,616,0,18,0,0
G1_D1,477,0,243,0,0
B6_D1,527,0,184,0,0
B4_D1,678,0,58,0,0
B6_D1,253,0,98,0,0
B4_D1,800,0,451,0,0
G1_D1,1023,0,251,0,0
B4_D1,557,0,151,0,0
B6_D1,346,0,340,0,0
B10_D1,635,0,146,0,0
G1_D1,905,0,304,0,0
B6_D1,1015,0,229,0,0
B6_D1,438,0,490,0,0
B10_D1,182,0,13,0,0
B6_D1,433,0,323,0,0
B6_D1,872,0,338,0,0
B6_D1,73,0,380,0,0
B6_D1,372,0,108,0,0
B6_D1,951,0,368,0,0
G1_D1,242,0,233,0,0
B10_D1,810,0,380,0,0
B10_D1,471,0,2,0,0
B6_D1,638,0,491,0,0
G1_D1,320,0,482,0,0
B10_D1,67,0,264,0,0
B10_D1,925,0,261,0,0
B10_D1,362,0,112,0,0
G1_D1,786,0,13,0,0
G1_D1,777,0,291,0,0
B10_D1,130,0,213,0,0
B6_D1,664,0,128,0,0
B4_D1,633,0,296,0,0
B10_D1,331,0,19,0,0
B10_D1,763,0,455,0,0
G1_D1,236,0,122,0,0
B6_D1,19,0,369,0,0
G1_D1,396,0,3,0,0
B2_D1,365,0,492,0,0
B6_D1,166,0,511,0,0
B10_D1,419,0,223,0,0
B10_D1,667,0,28,0,0
B2_D1,551,0,159,0,0
G1_D1,298,0,236,0,0
B6_D1,325,0,240,0,0
B6_D1,211,0,384,0,0
B6_D1,947,0,190,0,0
B2_D1,365,0,384,0,0
B6_D1,386,0,485,0,0
B10_D1,339,0,485,0,0
B6_D1,628,0,39,0,0
B10_D1,651,0,494,0,0
B10_D1,813,0,440,0,0
B10_D1,416,0,501,0,0
B6_D1,757,0,338,0,0
B6_D1,690,0,135,0,0
B10_D1,646,0,379,0,0
G1_D1,10,0,224,0,0
B10_D1,596,0,340,0,0
B6_D1,276,0,5,0,0
G1_D1,9,0,378,0,0
B10_D1,774,0,456,0,0
B10_D1,597,0,125,0,0
B2_D1,699,0,266,0,0
G1_D1,790,0,68,0,0
B6_D1,464,0,11,0,0
B6_D1,916,0,47,0,0
G1_D1,883,0,49,0,0
B6_D1,569,0,321,0,0
B8_D1,962,0,1,0,0
B6_D1,524,0,28,0,0
G1_D1,29,0,135,0,0
B10_D1,760,0,274,0,0
B10_D1,354,0,273,0,0
B6_D1,220,0,40,0,0
G1_D1,18,0,255,0,0
B6_D1,78,0,491,0,0
B10_D1,261,0,354,0,0
B6_D1,396,0,267,0,0
G1_D1,994,0,511,0,0
B6_D1,892,0,146,0,0
B6_D1,218,0,173,0,0
B6_D1,384,0,386,0,0
B10_D1,826,0,315,0,0
G1_D1,36,0,89,0,0
B10_D1,30,0,275,0,0
G1_D1,747,0,14,0,0
B6_D1,993,0,275,0,0
B2_D1,503,0,28,0,0
B6_D1,903,0,163,0,0
B10_D1,8,0,22,0,0
B4_D1,710,0,111,0,0
G1_D1,529,0,68,0,0
B6_D1,943,0,167,0,0
B6_D1,511,0,479,0,0
B6_D1,766,0,500,0,0
B4_D1,453,0,213,0,0
B10_D1,228,0,248,0,0
B6_D1,1010,0,486,0,0
B10_D1,561,0,112,0,0
B6_D1,117,0,267,0,0
B6_D1,362,0,508,0,0
B10_D1,18,0,239,0,0
G1_D1,1016,0,317,0,0
B6_D1,620,0,27,0,0
B10_D1,14,0,392,0,0
B6_D1,967,0,424,0,0
B6_D1,120,0,37,0,0
B10_D1,776,0,330,0,0
B6_D1,599,0,168,0,0
G1_D1,28,0,274,0,0
B6_D1,674,0,494,0,0
B6_D1,876,0,473,0,0
B6_D1,765,0,260,0,0
B10_D1,491,0,305,0,0
B4_D1,504,0,249,0,0
B10_D1,452,0,142,0,0
G1_D1,787,0,162,0,0
B6_D1,192,0,48,0,0
B10_D1,17,0,213,0,0
B6_D1,472,0,32,0,0
B10_D1,601,0,487,0,0
B8_D1,666,0,180,0,0
B6_D1,776,0,314,0,0
B4_D1,840,0,217,0,0
B2_D1,677,0,225,0,0
B4_D1,88,0,401,0,0
B2_D1,610,0,466,0,0
B6_D1,1003,0,204,0,0
B10_D1,461,0,237,0,0
B6_D1,137,0,328,0,0
B8_D1,278,0,323,0,0
G1_D1,1009,0,290,0,0
B6_D1,938,0,508,0,0
G1_D1,987,0,266,0,0
G1_D1,372,0,406,0,0
B10_D1,344,0,98,0,0
B6_D1,416,0,9,0,0
B6_D1,366,0,282,0,0
B6_D1,612,0,28,0,0
B2_D1,641,0,82,0,0
B2_D1,987,0,89,0,0
G1_D1,228,0,270,0,0
B6_D1,360,0,264,0,0
G1_D1,330,0,430,0,0
G1_D1,20,0,123,0,0
B6_D1,736,0,38,0,0
B10_D1,406,0,162,0,0
B4_D1,871,0,253,0,0
B6_D1,758,0,274,0,0
B6_D1,322,0,346,0,0
B6_D1,957,0,81,0,0
B6_D1,432,0,36,0,0
B10_D1,732,0,455,0,0
B6_D1,90,0,415,0,0
B10_D1,379,0,276,0,0
G1_D1,349,0,54,0,0
B4_D1,138,0,178,0,0
B10_D1,219,0,164,0,0
B4_D1,992,0,12,0,0
B10_D1,680,0,484,0,0
B10_D1,95,0,312,0,0
B2_D1,665,0,50,0,0
B6_D1,686,0,338,0,0
B10_D1,75,0,53,0,0
B6_D1,864,0,325,0,0
B6_D1,859,0,158,0,0
B6_D1,732,0,191,0,0
B6_D1,487,0,369,0,0
B6_D1,732,0,29,0,0
B2_D1,957,0,53,0,0
B6_D1,162,0,100,0,0
B6_D1,288,0,152,0,0
B6_D1,592,0,23,0,0
B4_D1,699,0,102,0,0
B6_D1,120,0,124,0,0
G1_D1,327,0,2,0,0
B6_D1,550,0,494,0,0
B6_D1,482,0,502,0,0
B4_D1,597,0,303,0,0
B4_D1,0,0,97,0,0
G1_D1,436,0,478,0,0
B4_D1,929,0,109,0,0
B6_D1,412,0,114,0,0
B10_D1,117,0,111,0,0
B6_D1,504,0,45,0,0
B6_D1,166,0,398,0,0
B10_D1,282,0,306,0,0
B6_D1,260,0,68,0,0
G1_D1,405,0,123,0,0
G1_D1,135,0,498,0,0
B10_D1,983,0,65,0,0
B10_D1,32,0,276,0,0
B6_D1,49,0,89,0,0
B6_D1,628,0,8,0,0
G1_D1,721,0,39,0,0
B10_D1,439,0,111,0,0
B10_D1,647,0,210,0,0
B2_D1,731,0,61,0,0
B6_D1,548,0,45,0,0
B6_D1,246,0,55,0,0
B6_D1,444,0,18,0,0
B10_D1,602,0,79,0,0
G1_D1,79,0,2,0,0
B6_D1,682,0,419,0,0
G1_D1,921,0,70,0,0
B10_D1,964,0,243,0,0
B8_D1,733,0,246,0,0
B6_D1,998,0,505,0,0
B6_D1,725,0,287,0,0
B6_D1,101,0,399,0,0
B6_D1,765,0,304,0,0
G1_D1,252,0,80,0,0
G1_D1,818,0,19,0,0
B6_D1,744,0,5,0,0
G1_D1,787,0,6,0,0
B10_D1,151,0,69,0,0
B10_D1,460,0,310,0,0
G1_D1,65,0,304,0,0
B2_D1,311,0,490,0,0
B6_D1,872,0,4,0,0
B10_D1,87,0,131,0,0
B6_D1,630,0,501,0,0
B10_D1,138,0,435,0,0
B10_D1,13,0,511,0,0
G1_D1,265,0,510,0,0
B8_D1,57,0,328,0,0
B4_D1,885,0,19,0,0
B10_D1,219,0,23,0,0
B10_D1,483,0,120,0,0
G1_D1,51,0,68,0,0
B2_D1,194,0,511,0,0
B6_D1,416,0,0,0,0
B6_D1,952,0,38,0,0
B10_D1,333,0,83,0,0
B6_D1,446,0,485,0,0
B6_D1,938,0,292,0,0
B2_D1,712,0,3,0,0
B6_D1,810,0,200,0,0
B6_D1,166,0,127,0,0
G1_D1,667,0,6,0,0
B6_D1,972,0,12,0,0
B4_D1,103,0,18,0,0
B2_D1,752,0,135,0,-1
G1_D1,708,0,166,0,0
B4_D1,882,0,217,0,0
B6_D1,854,0,505,0,0
B10_D1,780,0,404,0,0
B10_D1,957,0,286,0,0
B8_D1,719,0,248,0,0
B4_D1,892,0,111,0,0
B6_D1,99,0,358,0,0
B2_D1,560,0,27,0,0
B6_D1,764,0,5,0,0
B10_D1,390,0,128,0,0
B6_D1,372,0,291,0,0
B6_D1,679,0,316,0,0
B6_D1,550,0,492,0,0
G1_D1,220,0,451,0,0
B10_D1,344,0,166,0,0
B10_D1,264,0,158,0,0
B4_D1,835,0,207,0,0
B6_D1,648,0,183,0,0
G1_D1,178,0,503,0,0
B6_D1,14,0,478,0,0
B10_D1,689,0,167,0,0
B10_D1,843,0,281,0,0
B10_D1,121,0,100,0,0
G1_D1,805,0,35,0,0
B10_D1,663,0,65,0,0
B6_D1,184,0,190,0,0
G1_D1,448,0,510,0,0
B10_D1,107,0,83,0,0
B10_D1,536,0,300,0,0
G1_D1,39,0,164,0,0
G1_D1,600,0,218,0,0
B10_D1,227,0,169,0,0
B6_D1,272,0,39,0,0
B6_D1,317,0,374,0,0
B6_D1,310,0,501,0,0
B4_D1,549,0,385,0,0
B6_D1,76,0,23,0,0
B10_D1,881,0,213,0,0
B4_D1,871,0,32,0,0
B4_D1,459,0,207,0,0
B10_D1,639,0,3,0,0
G1_D1,517,0,150,0,0
G1_D1,534,0,147,0,0
B6_D1,897,0,240,0,0
B10_D1,714,0,310,0,0
B4_D1,247,0,50,0,0
B6_D1,733,0,463,0,0
B10_D1,447,0,188,0,0
B10_D1,883,0,85,0,0
B10_D1,902,0,312,0,0
B6_D1,294,0,59,0,0
B10_D1,883,0,87,0,0
B4_D1,7,0,356,0,0
G1_D1,290,0,41,0,0
B10_D1,262,0,260,0,0
B4_D1,518,0,273,0,0
B6_D1,721,0,394,0,0
B6_D1,853,0,347,0,0
B8_D1,638,0,242,0,0
B10_D1,1023,0,80,0,0
B10_D1,346,0,117,0,0
B6_D1,588,0,8,0,0
G1_D1,31,0,226,0,0
B4_D1,166,0,205,0,0
B10_D1,831,0,95,0,0
B10_D1,667,0,3,0,0
B6_D1,1003,0,89,0,0
B6_D1,994,0,478,0,0
B10_D1,50,0,27,0,0
B6_D1,456,0,30,0,0
B6_D1,476,0,107,0,0
B6_D1,843,0,380,0,0
G1_D1,22,0,511,0,0
B4_D1,516,0,428,0,0
B6_D1,13,0,247,0,0
B10_D1,591,0,185,0,0
B8_D1,590,0,221,0,0
B6_D1,893,0,436,0,0
B10_D1,617,0,475,0,0
B6_D1,478,0,416,0,0
B2_D1,476,0,29,0,0
G1_D1,229,0,194,0,0
B10_D1,291,0,339,0,0
B4_D1,772,0,96,0,0
G1_D1,506,0,111,0,0
B10_D1,395,0,93,0,0
B10_D1,971,0,469,0,0
B6_D1,210,0,294,0,0
B10_D1,855,0,21,0,0
G1_D1,199,0,2,0,0
B6_D1,540,0,309,0,0
B6_D1,148,0,342,0,0
G1_D1,938,0,284,0,0
G1_D1,983,0,157,0,0
B6_D1,412,0,14,0,0
B10_D1,735,0,468,0,0
B10_D1,46,0,117,0,0
B6_D1,403,0,246,0,0
B10_D1,600,0,30,0,0
B10_D1,342,0,311,0,0
B6_D1,529,0,379,0,0
B10_D1,291,0,317,0,0
B6_D1,796,0,48,0,0
B10_D1,56,0,66,0,0
B6_D1,462,0,266,0,0
B8_D1,27,0,321,0,0
G1_D1,183,0,17,0,0
B10_D1,18,0,61,0,0
B10_D1,264,0,37,0,0
G1_D1,1004,0,144,0,0
B6_D1,229,0,192,0,0
B4_D1,987,0,62,0,0
B6_D1,615,0,313,0,0
B10_D1,21,0,252,0,0
B6_D1,962,0,398,0,0
B6_D1,155,0,171,0,0
G1_D1,1017,0,211,0,0
G1_D1,598,0,509,0,0
B6_D1,852,0,387,0,0
B2_D1,342,0,201,0,0
G1_D1,684,0,1,0,0
B4_D1,333,0,333,0,0
G1_D1,807,0,454,0,0
B6_D1,2,0,493,0,0
G1_D1,815,0,208,0,0
B10_D1,76,0,318,0,0
B2_D1,166,0,466,0,0
B6_D1,396,0,4,0,0
G1_D1,650,0,78,0,0
B10_D1,282,0,333,0,0
B10_D1,573,0,12,0,0
B10_D1,341,0,89,0,0
G1_D1,723,0,249,0,0
G1_D1,920,0,1,0,0
B10_D1,758,0,78,0,0
B10_D1,125,0,126,0,0
B2_D1,60,0,32,0,0
B10_D1,657,0,157,0,0
B8_D1,1021,0,36,0,0
B6_D1,139,0,171,0,0
B10_D1,650,0,278,0,0
B10_D1,188,0,4,0,0
B2_D1,251,0,0,0,0
G1_D1,244,0,361,0,0
B6_D1,969,0,139,0,0
B10_D1,635,0,59,0,0
B6_D1,1022,0,418,0,0
B6_D1,509,0,364,0,0
B6_D1,9,0,342,0,0
B10_D1,851,0,485,0,0
B6_D1,364,0,30,0,0
B2_D1,796,0,65,0,0
B6_D1,128,0,424,0,0
B2_D1,148,0,288,0,0
G1_D1,844,0,3,0,0
B10_D1,327,0,192,0,0
G1_D1,994,0,9,0,0
B6_D1,714,0,509,0,0
G1_D1,384,0,0,0,0
B6_D1,415,0,100,0,0
B6_D1,62,0,91,0,0
B6_D1,351,0,153,0,0
B6_D1,456,0,18,0,0
B10_D1,343,0,61,0,0
B6_D1,500,0,408,0,0
B6_D1,881,0,89,0,0
B6_D1,340,0,167,0,0
B10_D1,928,0,218,0,0
B10_D1,489,0,472,0,0
B10_D1,768,0,465,0,0
B6_D1,40,0,23,0,0
B6_D1,436,0,13,0,0
B10_D1,889,0,299,0,0
G1_D1,586,0,37,0,0
B10_D1,204,0,244,0,0
B2_D1,832,0,234,0,0
B10_D1,625,0,239,0,0
B4_D1,182,0,105,0,0
G1_D1,1015,0,265,0,0
B10_D1,112,0,107,0,0
G1_D1,270,0,9,0,0
G1_D1,168,0,1,0,0
B10_D1,248,0,6,0,0
B6_D1,650,0,500,0,0
G1_D1,267,0,164,0,0
B6_D1,620,0,7,0,0
G1_D1,760,0,7,0,0
B10_D1,497,0,7,0,0
B6_D1,440,0,265,0,0
G1_D1,349,0,226,0,0
B10_D1,20,0,83,0,0
G1_D1,205,0,19,0,0
G1_D1,753,0,271,0,0
B6_D1,730,0,163,0,0
B6_D1,351,0,386,0,0
B6_D1,1012,0,19,0,0
B6_D1,509,0,252,0,0
G1_D1,559,0,85,0,0
B10_D1,537,0,31,0,0
B10_D1,132,0,173,0,0
B2_D1,711,0,0,0,0
B10_D1,1023,0,492,0,0
B6_D1,203,0,114,0,0
B4_D1,584,0,214,0,0
B6_D1,998,0,434,0,0
B10_D1,869,0,399,0,0
B6_D1,351,0,191,0,0
B6_D1,410,0,55,0,0
B10_D1,13,0,93,0,0
B10_D1,880,0,342,0,0
B2_D1,170,0,469,0,0
B4_D1,461,0,423,0,0
B10_D1,432,0,487,0,0
B2_D1,182,0,238,0,0
B6_D1,1000,0,7,0,0
B6_D1,184,0,113,0,0
B6_D1,316,0,0,0,0
G1_D1,100,0,24,0,0
G1_D1,737,0,12,0,0
B4_D1,210,0,357,0,0
B6_D1,652,0,12,0,0
B6_D1,862,0,511,0,0
G1_D1,41,0,59,0,0
B6_D1,263,0,184,0,0
B10_D1,631,0,314,0,0
B2_D1,868,0,27,0,0
B6_D1,410,0,150,0,0
B10_D1,842,0,7,0,0
G1_D1,689,0,254,0,0
B10_D1,14,0,283,0,0
G1_D1,140,0,372,0,0
G1_D1,474,0,5,0,0
B6_D1,877,0,141,0,0
G1_D1,84,0,398,0,0
B10_D1,867,0,478,0,0
B6_D1,460,0,39,0,0
B6_D1,78,0,487,0,0
B2_D1,591,0,159,0,0
B10_D1,41,0,299,0,0
B2_D1,263,0,37,0,0
B10_D1,285,0,48,0,0
B10_D1,683,0,19,0,0
G1_D1,902,0,93,0,0
B10_D1,459,0,263,0,0
B6_D1,396,0,47,0,0
B6_D1,410,0,290,0,0
B10_D1,754,0,101,0,0
B10_D1,149,0,222,0,0
B8_D1,1008,0,301,0,0
B4_D1,823,0,13,0,0
G1_D1,844,0,256,0,0
G1_D1,905,0,61,0,0
G1_D1,988,0,154,0,0
G1_D1,698,0,283,0,0
B10_D1,642,0,379,0,0
B6_D1,880,0,11,0,0
B10_D1,529,0,139,0,0
B6_D1,366,0,276,0,0
G1_D1,176,0,24,0,0
B6_D1,46,0,125,0,0
B10_D1,1003,0,19,0,0
B2_D1,848,0,18,0,0
B10_D1,597,0,346,0,0
G1_D1,623,0,16,0,0
G1_D1,814,0,243,0,0
B10_D1,589,0,284,0,0
G1_D1,337,0,313,0,0
B6_D1,825,0,188,0,0
G1_D1,878,0,231,0,0
B10_D1,740,0,252,0,0
B10_D1,703,0,3,0,0
B10_D1,382,0,414,0,0
B6_D1,862,0,487,0,0
B10_D1,653,0,380,0,0
B10_D1,335,0,3,0,0
B6_D1,541,0,214,0,0
B10_D1,682,0,285,0,0
B4_D1,791,0,234,0,0
G1_D1,784,0,272,0,0
B6_D1,284,0,332,0,0
B6_D1,751,0,331,0,0
B6_D1,690,0,347,0,0
B10_D1,267,0,0,0,0
B2_D1,616,0,290,0,0
G1_D1,963,0,326,0,0
B4_D1,5,0,56,0,0
B6_D1,936,0,1,0,0
B10_D1,735,0,407,0,0
B6_D1,408,0,276,0,0
B10_D1,167,0,510,0,0
B4_D1,1022,0,149,0,0
B4_D1,692,0,74,0,0
B10_D1,731,0,266,0,0
B6_D1,592,0,227,0,0
B2_D1,834,0,21,0,0
B6_D1,406,0,298,0,0
B10_D1,342,0,27,0,0
B10_D1,419,0,193,0,0
B6_D1,53,0,128,0,0
B10_D1,135,0,314,0,0
B6_D1,34,0,324,0,0
G1_D1,516,0,56,0,0
B6_D1,121,0,328,0,0
B6_D1,410,0,496,0,0
G1_D1,23,0,365,0,0
B4_D1,4,0,253,0,0
B4_D1,220,0,56,0,0
G1_D1,226,0,504,0,0
B10_D1,256,0,187,0,0
G1_D1,176,0,270,0,0
B10_D1,340,0,211,0,0
B8_D1,174,0,199,0,0
G1_D1,760,0,309,0,0
B10_D1,354,0,262,0,0
B6_D1,654,0,497,0,0
B6_D1,512,0,0,0,0
B6_D1,119,0,191,0,0
B6_D1,888,0,1,0,0
B6_D1,318,0,139,0,0
B6_D1,497,0,454,0,0
B2_D1,401,0,12,0,0
B4_D1,84,0,128,0,0
B6_D1,1012,0,38,0,0
B6_D1,295,0,241,0,0
G1_D1,866,0,302,0,0
B6_D1,842,0,49,0,0
B6_D1,735,0,464,0,0
B4_D1,104,0,20,0,0
B10_D1,8,0,308,0,0
B10_D1,96,0,488,0,0
B6_D1,782,0,500,0,0
B6_D1,776,0,20,0,0
B6_D1,876,0,48,0,0
B10_D1,788,0,6,0,0
B2_D1,197,0,82,0,0
B6_D1,704,0,49,0,0
B6_D1,124,0,106,0,0
B6_D1,917,0,390,0,0
B6_D1,1002,0,505,0,0
G1_D1,1002,0,245,0,0
B6_D1,599,0,328,0,0
B6_D1,824,0,198,0,0
B6_D1,184,0,197,0,0
B10_D1,811,0,39,0,0
G1_D1,10,0,191,0,0
B6_D1,175,0,62,0,0
G1_D1,72,0,3,0,0
B4_D1,733,0,60,0,0
B10_D1,1003,0,252,0,0
B10_D1,352,0,40,0,0
B6_D1,922,0,510,0,0
B10_D1,500,0,317,0,0
G1_D1,284,0,24,0,0
G1_D1,852,0,446,0,0
B6_D1,49,0,450,0,0
B8_D1,7,0,254,0,0
B10_D1,432,0,342,0,0
B10_D1,675,0,173,0,0
B6_D1,153,0,481,0,0
B10_D1,569,0,217,0,0
B6_D1,820,0,384,0,0
B6_D1,648,0,436,0,0
G1_D1,316,0,233,0,0
B10_D1,864,0,208,0,0
B10_D1,478,0,340,0,0
B6_D1,334,0,508,0,0
B10_D1,353,0,476,0,0
G1_D1,62,0,56,0,0
B10_D1,126,0,59,0,0
B10_D1,411,0,407,0,0
G1_D1,861,0,4,0,0
B6_D1,6,0,508,0,0
B6_D1,868,0,393,0,0
G1_D1,582,0,13,0,0
B10_D1,160,0,276,0,0
G1_D1,608,0,224,0,0
B8_D1,217,0,72,0,0
B10_D1,315,0,65,0,0
B4_D1,606,0,156,0,0
B6_D1,1020,0,55,0,0
B6_D1,563,0,313,0,0
G1_D1,904,0,64,0,0
B6_D1,13,0,404,0,0
B10_D1,31,0,84,0,0
B6_D1,432,0,27,0,0
B10_D1,410,0,89,0,0
B6_D1,344,0,31,0,0
G1_D1,531,0,16,0,0
G1_D1,47,0,45,0,0
B2_D1,1023,0,347,0,0
B10_D1,66,0,94,0,0
B6_D1,304,0,40,0,0
B6_D1,854,0,395,0,0
G1_D1,320,0,388,0,0
G1_D1,24,0,366,0,0
B10_D1,697,0,17,0,0
B6_D1,6,0,509,0,0
G1_D1,496,0,218,0,0
B6_D1,95,0,369,0,0
B6_D1,726,0,348,0,0
B6_D1,232,0,27,0,0
G1_D1,984,0,145,0,0
B6_D1,886,0,396,0,0
G1_D1,709,0,278,0,0
B6_D1,834,0,361,0,0
G1_D1,934,0,108,0,0
B6_D1,822,0,503,0,0
B10_D1,378,0,239,0,0
G1_D1,471,0,90,0,0
B6_D1,511,0,384,0,0
B10_D1,234,0,327,0,0
B6_D1,709,0,363,0,0
B10_D1,75,0,168,0,0
B10_D1,4,0,266,0,0
G1_D1,222,0,22,0,0
B10_D1,326,0,338,0,0
B6_D1,992,0,115,0,0
B6_D1,233,0,300,0,0
B4_D1,6,0,281,0,0
G1_D1,834,0,440,0,0
G1_D1,144,0,1,0,0
B4_D1,129,0,20,0,0
B10_D1,703,0,441,0,0
B10_D1,186,0,432,0,0
B6_D1,747,0,58,0,0
B6_D1,388,0,27,0,0
B6_D1,360,0,43,0,0
B2_D1,1,0,86,0,0
G1_D1,487,0,17,0,0
B10_D1,220,0,288,0,0
G1_D1,543,0,111,0,0
B6_D1,716,0,31,0,0
B10_D1,790,0,452,0,0
B10_D1,641,0,277,0,0
B6_D1,552,0,15,0,0
B10_D1,980,0,208,0,0
B4_D1,924,0,87,0,0
B2_D1,202,0,244,0,0
B10_D1,668,0,485,0,0
B4_D1,7,0,171,0,0
B10_D1,462,0,182,0,0
B10_D1,961,0,458,0,0
B6_D1,218,0,189,0,0
G1_D1,169,0,449,0,0
B10_D1,622,0,52,0,0
B4_D1,881,0,18,0,0
B10_D1,967,0,95,0,0
B6_D1,854,0,441,0,0
B6_D1,668,0,46,0,0
B10_D1,465,0,31,0,0
G1_D1,228,0,0,0,0
B10_D1,397,0,473,0,0
B4_D1,548,0,405,0,0
B6_D1,763,0,204,0,0
B6_D1,713,0,428,0,0
G1_D1,70,0,268,0,0
G1_D1,720,0,105,0,0
G1_D1,979,0,159,0,0
B4_D1,0,0,498,0,0
B10_D1,593,0,189,0,0
G1_D1,629,0,92,0,0
B6_D1,943,0,276,0,0
B10_D1,477,0,489,0,0
B10_D1,39,0,166,0,0
B10_D1,448,0,487,0,0
B10_D1,492,0,310,0,0
B6_D1,763,0,327,0,0
G1_D1,973,0,4,0,0
B6_D1,911,0,95,0,0
B6_D1,706,0,501,0,0
B6_D1,532,0,34,0,0
B10_D1,774,0,207,0,0
G1_D1,673,0,257,0,0
B4_D1,87,0,149,0,0
B6_D1,668,0,1,0,0
B4_D1,422,0,414,0,0
B6_D1,788,0,292,0,0
B6_D1,372,0,355,0,0
B10_D1,824,0,38,0,0
B6_D1,130,0,194,0,0
B10_D1,334,0,239,0,0
B6_D1,4,0,39,0,0
G1_D1,878,0,69,0,0
B6_D1,547,0,275,0,0
B6_D1,556,0,125,0,0
G1_D1,125,0,267,0,0
B6_D1,382,0,408,0,0
B6_D1,979,0,173,0,0
B10_D1,295,0,160,0,0
B10_D1,926,0,215,0,0
B10_D1,409,0,129,0,0
G1_D1,1009,0,72,0,0
B10_D1,490,0,91,0,0
B10_D1,486,0,39,0,0
B6_D1,549,0,157,0,0
B6_D1,95,0,226,0,0
B6_D1,207,0,74,0,0
B6_D1,895,0,439,0,0
B8_D1,788,0,226,0,0
B10_D1,329,0,130,0,0
B2_D1,889,0,27,0,0
G1_D1,682,0,248,0,0
B6_D1,668,0,10,0,0
G1_D1,4,0,458,0,0
B10_D1,0,0,159,0,0
B4_D1,736,0,211,0,0
G1_D1,972,0,11,0,0
B6_D1,390,0,142,0,0
G1_D1,953,0,261,0,0
B6_D1,115,0,358,0,0
B10_D1,319,0,136,0,0
B6_D1,123,0,460,0,0
G1_D1,631,0,119,0,0
B10_D1,545,0,276,0,0
B6_D1,48,0,139,0,0
B6_D1,960,0,44,0,0
B6_D1,229,0,130,0,0
B6_D1,443,0,66,0,0
B6_D1,537,0,343,0,0
B10_D1,166,0,154,0,0
G1_D1,615,0,16,0,0
G1_D1,880,0,39,0,0
B8_D1,194,0,345,0,0
B6_D1,776,0,15,0,0
B2_D1,977,0,38,0,0
B6_D1,102,0,148,0,0
B6_D1,238,0,497,0,0
B10_D1,1019,0,95,0,0
B10_D1,745,0,44,0,0
B10_D1,626,0,22,0,0
B6_D1,611,0,412,0,0
G1_D1,249,0,19,0,0
G1_D1,181,0,63,0,0
B4_D1,153,0,20,0,0
B10_D1,1018,0,7,0,0
B6_D1,568,0,24,0,0
B10_D1,1007,0,332,0,0
B10_D1,704,0,60,0,0
B6_D1,920,0,28,0,0
G1_D1,329,0,35,0,0
B10_D1,328,0,62,0,0
B2_D1,289,0,199,0,0
B6_D1,131,0,318,0,0
B2_D1,649,0,106,0,0
B10_D1,275,0,31,0,0
G1_D1,176,0,0,0,0
B4_D1,372,0,24,0,0
G1_D1,1000,0,235,0,0
B10_D1,966,0,250,0,0
B6_D1,554,0,504,0,0
B10_D1,836,0,282,0,0
G1_D1,40,0,101,0,0
B4_D1,230,0,49,0,0
B6_D1,764,0,20,0,0
B6_D1,8,0,345,0,0
B6_D1,478,0,109,0,0
B10_D1,818,0,421,0,0
B10_D1,64,0,39,0,0
B10_D1,121,0,401,0,0
B6_D1,742,0,105,0,0
B6_D1,800,0,102,0,0
G1_D1,388,0,11,0,0
B6_D1,526,0,259,0,0
G1_D1,836,0,302,0,0
G1_D1,360,0,0,0,0
B8_D1,763,0,312,0,0
G1_D1,149,0,180,0,0
B6_D1,145,0,335,0,0
B6_D1,406,0,391,0,0
B6_D1,166,0,219,0,0
B10_D1,64,0,317,0,0
G1_D1,688,0,70,0,0
G1_D1,471,0,117,0,0
G1_D1,839,0,164,0,0
G1_D1,24,0,89,0,0
B6_D1,119,0,315,0,0
B2_D1,620,0,465,0,0
G1_D1,149,0,497,0,0
B10_D1,696,0,6,0,0
G1_D1,359,0,121,0,0
B10_D1,747,0,16,0,0
B10_D1,428,0,362,0,0
B2_D1,138,0,510,0,0
B4_D1,561,0,298,0,0
B6_D1,384,0,2,0,0
B10_D1,155,0,43,0,0
B10_D1,939,0,344,0,0
B4_D1,1023,0,174,0,0
B10_D1,2,0,211,0,0
B6_D1,166,0,490,0,0
G1_D1,1018,0,179,0,0
B6_D1,228,0,23,0,0
B10_D1,159,0,181,0,0
G1_D1,306,0,141,0,0
B10_D1,127,0,175,0,0
B6_D1,910,0,97,0,0
B6_D1,622,0,278,0,0
B10_D1,929,0,290,0,0
B2_D1,805,0,225,0,0
B10_D1,439,0,493,0,0
B6_D1,880,0,421,0,0
G1_D1,179,0,449,0,0
B6_D1,771,0,59,0,0
G1_D1,987,0,88,0,0
G1_D1,888,0,391,0,0
B10_D1,571,0,411,0,0
B8_D1,85,0,142,0,0
G1_D1,947,0,23,0,0
G1_D1,995,0,62,0,0
B10_D1,109,0,400,0,0
B6_D1,968,0,234,0,0
B6_D1,150,0,150,0,0
G1_D1,177,0,161,0,0
B10_D1,120,0,133,0,0
B6_D1,162,0,87,0,0
B10_D1,199,0,128,0,0
B6_D1,690,0,500,0,0
B6_D1,882,0,491,0,0
B2_D1,151,0,105,0,0
B6_D1,15,0,77,0,0
B6_D1,116,0,24,0,0
B6_D1,920,0,195,0,0
B10_D1,449,0,190,0,0
B10_D1,552,0,285,0,0
B6_D1,972,0,448,0,0
B10_D1,941,0,367,0,0
B6_D1,539,0,241,0,0
G1_D1,8,0,178,0,0
B6_D1,146,0,489,0,0
B6_D1,792,0,16,0,0
B10_D1,88,0,189,0,0
G1_D1,136,0,179,0,0
G1_D1,750,0,104,0,0
B6_D1,1023,0,428,0,0
B6_D1,761,0,220,0,0
B10_D1,586,0,283,0,0
B4_D1,694,0,75,0,0
B10_D1,741,0,421,0,0
G1_D1,85,0,87,0,0
B8_D1,206,0,345,0,0
B6_D1,971,0,220,0,0
B6_D1,652,0,477,0,0
G1_D1,369,0,196,0,0
B6_D1,781,0,336,0,0
G1_D1,780,0,11,0,0
B10_D1,648,0,4,0,0
B6_D1,448,0,25,0,0
B6_D1,304,0,242,0,0
G1_D1,25,0,136,0,0
B6_D1,240,0,151,0,0
B10_D1,224,0,334,0,0
B2_D1,309,0,141,0,0
B6_D1,100,0,305,0,0
G1_D1,766,0,114,0,0
B6_D1,862,0,273,0,0
B10_D1,205,0,114,0,0
B10_D1,193,0,242,0,0
B10_D1,37,0,51,0,0
G1_D1,387,0,295,0,0
B8_D1,301,0,319,0,0
G1_D1,972,0,49,0,0
G1_D1,493,0,335,0,0
B4_D1,397,0,229,0,0
B6_D1,685,0,67,0,0
B10_D1,442,0,209,0,0
B6_D1,350,0,222,0,0
B2_D1,649,0,480,0,0
B2_D1,687,0,197,0,0
B4_D1,612,0,217,0,0
B10_D1,270,0,352,0,0
B10_D1,635,0,162,0,0
B6_D1,68,0,216,0,0
B6_D1,196,0,167,0,0
B6_D1,4,0,0,0,0
B10_D1,147,0,353,0,0
B4_D1,756,0,201,0,0
B6_D1,150,0,49,0,0
B6_D1,310,0,508,0,0
B6_D1,782,0,293,0,0
G1_D1,692,0,7,0,0
B2_D1,390,0,511,0,0
B6_D1,598,0,491,0,0
B6_D1,378,0,485,0,0
G1_D1,947,0,27,0,0
B6_D1,514,0,411,0,0
B6_D1,968,0,41,0,0
G1_D1,32,0,130,0,0
G1_D1,754,0,19,0,0
G1_D1,29,0,220,0,0
B6_D1,794,0,506,0,0
B4_D1,644,0,238,0,0
G1_D1,718,0,17,0,0
B10_D1,742,0,351,0,0
B6_D1,790,0,441,0,0
B6_D1,148,0,16,0,0
B6_D1,615,0,424,0,0
B10_D1,597,0,84,0,0
B10_D1,423,0,485,0,0
G1_D1,463,0,242,0,0
B4_D1,732,0,296,0,0
B6_D1,132,0,372,0,0
B6_D1,14,0,358,0,0
B6_D1,446,0,501,0,0
B10_D1,144,0,266,0,0
B2_D1,232,0,201,0,0
B10_D1,459,0,91,0,0
B6_D1,1001,0,339,0,0
B6_D1,648,0,21,0,0
B2_D1,181,0,64,0,0
B6_D1,378,0,504,0,0
B6_D1,1019,0,212,0,0
G1_D1,244,0,173,0,0
B10_D1,682,0,250,0,0
B10_D1,311,0,3,0,0
B6_D1,824,0,37,0,0
B4_D1,443,0,45,0,0
B6_D1,117,0,188,0,0
B6_D1,508,0,224,0,0
B4_D1,256,0,411,0,0
B6_D1,255,0,381,0,0
B6_D1,124,0,28,0,0
B10_D1,121,0,177,0,0
G1_D1,20,0,63,0,0
B4_D1,768,0,239,0,0
B4_D1,63,0,400,0,0
B10_D1,99,0,299,0,0
G1_D1,767,0,20,0,0
B2_D1,673,0,88,0,0
B6_D1,869,0,437,0,0
B10_D1,898,0,44,0,0
B6_D1,4,0,261,0,0
B2_D1,702,0,32,0,0
G1_D1,142,0,9,0,0
B10_D1,229,0,249,0,0
B10_D1,279,0,345,0,0
B6_D1,720,0,35,0,0
B6_D1,802,0,455,0,0
G1_D1,971,0,255,0,0
B6_D1,172,0,33,0,0
B6_D1,721,0,437,0,0
B10_D1,80,0,228,0,0
B6_D1,848,0,394,0,0
B10_D1,677,0,75,0,0
B2_D1,611,0,97,0,0
B6_D1,188,0,53,0,0
B10_D1,10,0,54,0,0
B6_D1,166,0,494,0,0
B6_D1,804,0,33,0,0
B10_D1,856,0,33,0,0
G1_D1,442,0,18,0,0
B10_D1,227,0,319,0,0
G1_D1,995,0,157,0,0
B6_D1,415,0,445,0,0
B6_D1,100,0,0,0,0
B10_D1,951,0,53,0,0
B6_D1,987,0,112,0,0
B10_D1,129,0,236,0,0
B6_D1,930,0,483,0,0
B2_D1,207,0,152,0,0
G1_D1,262,0,29,0,0
B10_D1,520,0,255,0,0
B2_D1,904,0,72,0,0
B6_D1,724,0,255,0,0
B10_D1,237,0,215,0,0
G1_D1,151,0,110,0,0
G1_D1,963,0,384,0,0
G1_D1,612,0,18,0,0
G1_D1,335,0,16,0,0
B2_D1,533,0,364,0,0
B2_D1,778,0,76,0,0
B6_D1,526,0,411,0,0
G1_D1,656,0,360,0,0
B6_D1,114,0,491,0,0
B10_D1,417,0,16,0,0
G1_D1,9,0,157,0,0
B6_D1,10,0,500,0,0
B10_D1,534,0,310,0,0
B6_D1,502,0,233,0,0
B6_D1,640,0,36,0,0
B10_D1,289,0,418,0,0
B10_D1,402,0,340,0,0
B6_D1,268,0,69,0,0
B4_D1,863,0,31,0,0
B8_D1,909,0,236,0,0
G1_D1,34,0,103,0,0
B6_D1,458,0,242,0,0
G1_D1,238,0,367,0,0
B6_D1,618,0,495,0,0
B4_D1,7,0,250,0,0
B6_D1,96,0,60,0,0
B10_D1,374,0,138,0,0
B6_D1,306,0,63,0,0
G1_D1,27,0,113,0,0
B6_D1,621,0,445,0,0
G1_D1,319,0,321,0,0
B2_D1,436,0,22,0,0
B6_D1,116,0,35,0,0
B10_D1,108,0,305,0,0
B2_D1,554,0,160,0,0
B10_D1,678,0,464,0,0
B6_D1,497,0,383,0,0
B6_D1,956,0,264,0,0
B10_D1,591,0,507,0,0
B2_D1,802,0,64,0,0
B10_D1,279,0,317,0,0
B10_D1,97,0,478,0,0
B10_D1,3,0,112,0,0
B10_D1,728,0,344,0,0
B6_D1,909,0,318,0,0
B6_D1,748,0,327,0,0
B4_D1,80,0,19,0,0
B10_D1,535,0,3,0,0
B6_D1,933,0,134,0,0
B6_D1,793,0,185,0,0
G1_D1,55,0,342,0,0
B6_D1,664,0,30,0,0
B6_D1,261,0,476,0,0
B6_D1,495,0,275,0,0
B10_D1,70,0,138,0,0
B6_D1,816,0,20,0,0
B6_D1,380,0,12,0,0
B6_D1,20,0,30,0,0
B6_D1,651,0,369,0,0
B6_D1,474,0,241,0,0
B10_D1,349,0,112,0,0
B6_D1,4,0,105,0,0
B10_D1,253,0,60,0,0
B10_D1,472,0,81,0,0
G1_D1,98,0,9,0,0
B6_D1,799,0,187,0,0
B10_D1,17,0,511,0,0
B10_D1,865,0,293,0,0
B6_D1,864,0,149,0,0
B10_D1,253,0,7,0,0
B4_D1,724,0,197,0,0
B2_D1,621,0,510,0,0
G1_D1,252,0,0,0,0
B10_D1,906,0,131,0,0
B6_D1,446,0,494,0,0
B10_D1,590,0,211,0,0
B2_D1,700,0,86,0,0
B4_D1,1019,0,45,0,0
B6_D1,659,0,109,0,0
B6_D1,996,0,75,0,0
B10_D1,644,0,169,0,0
B10_D1,970,0,94,0,0
B4_D1,325,0,172,0,0
B10_D1,229,0,114,0,0
B6_D1,155,0,307,0,0
B6_D1,68,0,215,0,0
G1_D1,385,0,70,0,0
B6_D1,1002,0,502,0,0
B2_D1,490,0,481,0,0
B10_D1,18,0,254,0,0
B10_D1,299,0,81,0,0
B10_D1,106,0,495,0,0
B2_D1,843,0,7,0,0
G1_D1,263,0,329,0,0
B6_D1,424,0,333,0,0
B6_D1,787,0,187,0,0
B10_D1,295,0,174,0,0
B2_D1,411,0,130,0,0
G1_D1,384,0,38,0,0
B10_D1,517,0,120,0,0
B6_D1,510,0,266,0,0
B10_D1,242,0,39,0,0
B6_D1,912,0,467,0,0
B10_D1,1,0,87,0,0
B10_D1,831,0,355,0,0
G1_D1,535,0,222,0,0
B10_D1,804,0,50,0,0
G1_D1,361,0,416,0,0
G1_D1,495,0,217,0,0
B10_D1,682,0,303,0,0
B2_D1,280,0,489,0,0
B6_D1,756,0,289,0,0
B6_D1,792,0,208,0,0
B6_D1,324,0,8,0,0
B10_D1,465,0,267,0,0
B10_D1,667,0,42,0,0
B10_D1,931,0,249,0,0
B10_D1,229,0,424,0,0
G1_D1,989,0,209,0,0
B4_D1,79,0,82,0,0
B10_D1,376,0,443,0,0
B6_D1,767,0,297,0,0
G1_D1,596,0,190,0,0
G1_D1,549,0,139,0,0
B10_D1,706,0,90,0,0
B10_D1,326,0,134,0,0
G1_D1,823,0,56,0,0
B10_D1,453,0,239,0,0
B6_D1,799,0,388,0,0
B10_D1,923,0,308,0,0
B6_D1,890,0,158,0,0
B10_D1,38,0,46,0,0
B2_D1,774,0,41,0,0
B10_D1,570,0,25,0,0
B10_D1,464,0,337,0,0
B6_D1,328,0,45,0,0
B10_D1,589,0,119,0,0
B4_D1,1,0,287,0,0
B6_D1,494,0,367,0,0
B6_D1,397,0,382,0,0
B2_D1,341,0,52,0,0
B10_D1,290,0,158,0,0
B10_D1,894,0,66,0,0
B6_D1,728,0,285,0,0
B6_D1,713,0,103,0,0
B10_D1,9,0,166,0,0
B8_D1,431,0,284,0,0
B8_D1,179,0,112,0,0
B10_D1,746,0,319,0,0
B6_D1,518,0,504,0,0
B4_D1,844,0,217,0,0
B4_D1,150,0,53,0,0
G1_D1,988,0,97,0,0
B10_D1,485,0,42,0,0
B10_D1,625,0,126,0,0
B8_D1,746,0,201,0,0
B10_D1,98,0,162,0,0
B4_D1,770,0,276,0,0
B10_D1,129,0,96,0,0
B6_D1,147,0,269,0,0
B10_D1,110,0,13,0,0
B4_D1,186,0,137,0,0
B6_D1,926,0,273,0,0
B2_D1,572,0,287,0,0
B10_D1,759,0,119,0,0
B6_D1,88,0,142,0,0
B10_D1,177,0,156,0,0
B6_D1,176,0,449,0,0
B2_D1,343,0,202,0,0
B6_D1,402,0,510,0,0
B6_D1,991,0,111,0,0
B4_D1,184,0,35,0,0
B4_D1,285,0,236,0,0
B4_D1,372,0,382,0,0
B6_D1,150,0,329,0,0
G1_D1,805,0,456,0,0
B10_D1,29,0,125,0,0
B10_D1,1013,0,33,0,0
B6_D1,736,0,345,0,0
G1_D1,476,0,85,0,0
G1_D1,236,0,73,0,0
B10_D1,16,0,83,0,0
B2_D1,771,0,491,0,0
B10_D1,970,0,63,0,0
B6_D1,910,0,489,0,0
B10_D1,543,0,317,0,0
B4_D1,5,0,130,0,0
B6_D1,90,0,129,0,0
G1_D1,547,0,171,0,0
B10_D1,138,0,269,0,0
B10_D1,716,0,430,0,0
G1_D1,37,0,152,0,0
B6_D1,956,0,43,0,0
B6_D1,710,0,454,0,0
B10_D1,436,0,159,0,0
B6_D1,262,0,497,0,0
G1_D1,679,0,112,0,0
G1_D1,13,0,90,0,0
B4_D1,323,0,164,0,0
B6_D1,55,0,283,0,0
B10_D1,757,0,462,0,0
B4_D1,132,0,356,0,0
B6_D1,338,0,71,0,0
B10_D1,575,0,62,0,0
G1_D1,484,0,347,0,0
G1_D1,891,0,56,0,0
B6_D1,468,0,229,0,0
B2_D1,856,0,248,0,0
G1_D1,824,0,18,0,0
B10_D1,408,0,174,0,0
B10_D1,462,0,29,0,0
B4_D1,111,0,323,0,0
B2_D1,970,0,48,0,0
B4_D1,112,0,85,0,0
B10_D1,427,0,488,0,0
B10_D1,425,0,258,0,0
B10_D1,785,0,510,0,0
B10_D1,107,0,465,0,0
G1_D1,985,0,151,0,0
B10_D1,799,0,417,0,0
B6_D1,745,0,102,0,0
B10_D1,563,0,309,0,0
B6_D1,262,0,496,0,0
B10_D1,313,0,236,0,0
B10_D1,204,0,284,0,0
B6_D1,533,0,185,0,0
B6_D1,158,0,484,0,0
B6_D1,722,0,460,0,0
B6_D1,324,0,430,0,0
B10_D1,702,0,40,0,0
B10_D1,287,0,255,0,0
B10_D1,295,0,330,0,0
B4_D1,2,0,328,0,0
B10_D1,805,0,42,0,0
B4_D1,741,0,28,0,0
B6_D1,475,0,62,0,0
B10_D1,89,0,289,0,0
B2_D1,967,0,64,0,0
B6_D1,524,0,34,0,0
B6_D1,296,0,20,0,0
B10_D1,256,0,188,0,0
B4_D1,212,0,63,0,0
B6_D1,978,0,70,0,0
B10_D1,998,0,266,0,0
B10_D1,391,0,155,0,0
B10_D1,871,0,41,0,0
B10_D1,385,0,255,0,0
B6_D1,982,0,504,0,0
B10_D1,428,0,233,0,0
B8_D1,145,0,65,0,0
B10_D1,1009,0,218,0,0
B10_D1,228,0,233,0,0
B6_D1,894,0,482,0,0
B10_D1,832,0,332,0,0
B6_D1,534,0,411,0,0
B10_D1,934,0,80,0,0
B2_D1,115,0,202,0,0
B6_D1,199,0,116,0,0
B10_D1,100,0,277,0,0
B10_D1,385,0,170,0,0
B6_D1,1000,0,95,0,0
B10_D1,89,0,93,0,0
B6_D1,243,0,456,0,0
B4_D1,747,0,64,0,0
B6_D1,639,0,359,0,0
B6_D1,951,0,168,0,0
B6_D1,144,0,14,0,0
B10_D1,346,0,172,0,0
B6_D1,808,0,112,0,0
B10_D1,514,0,333,0,0
B6_D1,804,0,448,0,0
B6_D1,849,0,274,0,0
G1_D1,66,0,93,0,0
B6_D1,290,0,420,0,0
G1_D1,642,0,21,0,0
B6_D1,234,0,510,0,0
B10_D1,557,0,266,0,0
G1_D1,98,0,268,0,0
B6_D1,516,0,430,0,0
B10_D1,281,0,182,0,0
B6_D1,304,0,36,0,0
G1_D1,818,0,422,0,0
B10_D1,489,0,335,0,0
B6_D1,125,0,476,0,0
B2_D1,2,0,6,0,0
B10_D1,50,0,94,0,0
B4_D1,697,0,267,0,0
B10_D1,96,0,267,0,0
B10_D1,451,0,510,0,0
B10_D1,349,0,161,0,0
B6_D1,670,0,485,0,0
B10_D1,438,0,481,0,0
B4_D1,1023,0,196,0,0
B10_D1,677,0,272,0,0
G1_D1,629,0,54,0,0
B6_D1,10,0,402,0,0
B10_D1,253,0,168,0,0
B6_D1,788,0,19,0,0
B8_D1,526,0,292,0,0
B6_D1,834,0,190,0,0
B10_D1,840,0,357,0,0
B6_D1,735,0,271,0,0
B6_D1,132,0,40,0,0
B10_D1,623,0,235,0,0
B4_D1,162,0,281,0,0
B2_D1,294,0,40,0,0
B8_D1,933,0,301,0,0
B6_D1,40,0,61,0,0
B10_D1,384,0,484,0,0
B6_D1,781,0,250,0,0
G1_D1,531,0,6,0,0
B6_D1,918,0,486,0,0
G1_D1,922,0,27,0,0
B10_D1,291,0,457,0,0
B4_D1,867,0,67,0,0
B6_D1,463,0,189,0,0
B4_D1,582,0,389,0,0
G1_D1,309,0,19,0,0
B10_D1,266,0,53,0,0
B6_D1,344,0,0,0,0
B10_D1,616,0,444,0,0
B6_D1,1016,0,46,0,0
B6_D1,914,0,490,0,0
B10_D1,364,0,157,0,0
G1_D1,154,0,181,0,0
B6_D1,280,0,4,0,0
B6_D1,268,0,422,0,0
B10_D1,412,0,134,0,0
G1_D1,257,0,246,0,0
B10_D1,600,0,323,0,0
B6_D1,426,0,60,0,0
B6_D1,206,0,173,0,0
B6_D1,118,0,294,0,0
B6_D1,137,0,166,0,0
B10_D1,943,0,363,0,0
B10_D1,772,0,260,0,0
B4_D1,157,0,121,0,0
B10_D1,229,0,323,0,0
B6_D1,902,0,490,0,0
B6_D1,188,0,5,0,0
B6_D1,729,0,468,0,0
B6_D1,848,0,29,0,0
B6_D1,694,0,489,0,0
B2_D1,211,0,484,0,0
B8_D1,923,0,238,0,0
G1_D1,710,0,90,0,0
B10_D1,332,0,225,0,0
B6_D1,906,0,344,0,0
B6_D1,312,0,377,0,0
B10_D1,869,0,477,0,0
B10_D1,433,0,272,0,0
G1_D1,196,0,371,0,0
B10_D1,57,0,160,0,0
B6_D1,220,0,191,0,0
B6_D1,358,0,494,0,0
B6_D1,892,0,1,0,0
B2_D1,232,0,398,0,0
B4_D1,194,0,64,0,0
B10_D1,290,0,419,0,0
B4_D1,180,0,35,0,0
B4_D1,565,0,298,0,0
G1_D1,942,0,461,0,0
G1_D1,50,0,34,0,0
B10_D1,184,0,416,0,0
B10_D1,14,0,203,0,0
B6_D1,210,0,511,0,0
B6_D1,31,0,460,0,0
B4_D1,0,0,308,0,0
B6_D1,231,0,435,0,0
B6_D1,950,0,502,0,0
G1_D1,149,0,268,0,0
B6_D1,841,0,353,0,0
B6_D1,680,0,410,0,0
B6_D1,749,0,326,0,0
B2_D1,209,0,44,0,0
B10_D1,263,0,41,0,0
B10_D1,824,0,101,0,0
G1_D1,191,0,43,0,0
B6_D1,580,0,11,0,0
B2_D1,71,0,42,0,0
B6_D1,419,0,331,0,0
B6_D1,490,0,478,0,0
B10_D1,245,0,356,0,0
G1_D1,43,0,204,0,0
G1_D1,24,0,130,0,0
G1_D1,28,0,95,0,0
B6_D1,196,0,20,0,0
B2_D1,917,0,319,0,0
B6_D1,414,0,177,0,0
G1_D1,162,0,9,0,0
G1_D1,180,0,159,0,0
B10_D1,351,0,245,0,0
B4_D1,305,0,219,0,0
B4_D1,206,0,358,0,0
B4_D1,32,0,8,0,0
B6_D1,108,0,42,0,0
G1_D1,317,0,212,0,0
B10_D1,337,0,188,0,0
B6_D1,41,0,96,0,0
B4_D1,110,0,308,0,0
B8_D1,121,0,87,0,0
B10_D1,600,0,234,0,0
B10_D1,601,0,134,0,0
G1_D1,140,0,7,0,0
G1_D1,8,0,130,0,0
G1_D1,200,0,175,0,0
G1_D1,779,0,248,0,0
G1_D1,278,0,13,0,0
B6_D1,704,0,29,0,0
B10_D1,332,0,487,0,0
B6_D1,220,0,470,0,0
B2_D1,585,0,118,0,0
G1_D1,14,0,215,0,0
B6_D1,414,0,502,0,0
B10_D1,423,0,274,0,0
B10_D1,652,0,88,0,0
B2_D1,642,0,224,0,0
G1_D1,439,0,230,0,0
B6_D1,917,0,93,0,0
B6_D1,769,0,75,0,0
B10_D1,571,0,202,0,0
B10_D1,532,0,252,0,0
G1_D1,387,0,286,0,0
B10_D1,674,0,165,0,0
B6_D1,649,0,305,0,0
B4_D1,844,0,257,0,0
B6_D1,242,0,500,0,0
B10_D1,87,0,10,0,0
G1_D1,125,0,457,0,0
B6_D1,730,0,485,0,0
B10_D1,541,0,163,0,0
B6_D1,884,0,146,0,0
B4_D1,302,0,187,0,0
B6_D1,740,0,446,0,0
G1_D1,353,0,8,0,0
G1_D1,751,0,16,0,0
B10_D1,621,0,84,0,0
B2_D1,1004,0,56,0,0
B10_D1,485,0,300,0,0
B6_D1,156,0,184,0,0
B10_D1,899,0,387,0,0
B6_D1,934,0,342,0,0
B2_D1,906,0,135,0,0
G1_D1,989,0,41,0,0
B2_D1,564,0,287,0,0
B6_D1,73,0,381,0,0
G1_D1,831,0,209,0,0
B10_D1,958,0,55,0,0
B10_D1,319,0,215,0,0
B2_D1,104,0,98,0,0
B6_D1,92,0,25,0,0
G1_D1,181,0,234,0,0
B6_D1,209,0,131,0,0
B6_D1,790,0,509,0,0
G1_D1,780,0,85,0,0
B6_D1,975,0,50,0,0
B10_D1,186,0,411,0,0
B6_D1,862,0,480,0,0
B6_D1,832,0,19,0,0
G1_D1,996,0,101,0,0
G1_D1,1019,0,195,0,0
G1_D1,168,0,188,0,0
B6_D1,304,0,26,0,0
B10_D1,956,0,52,0,0
B6_D1,601,0,343,0,0
B10_D1,911,0,108,0,0
B10_D1,204,0,36,0,0
B10_D1,53,0,160,0,0
B10_D1,225,0,215,0,0
G1_D1,313,0,203,0,0
B6_D1,622,0,54,0,0
B6_D1,442,0,508,0,0
B6_D1,9,0,273,0,0
B6_D1,438,0,507,0,0
G1_D1,36,0,23,0,0
B6_D1,415,0,361,0,0
G1_D1,61,0,21,0,0
B4_D1,8,0,236,0,0
B10_D1,198,0,180,0,0
B6_D1,244,0,422,0,0
G1_D1,22,0,239,0,0
B10_D1,997,0,281,0,0
B6_D1,786,0,507,0,0
G1_D1,308,0,465,0,0
B10_D1,795,0,444,0,0
B6_D1,796,0,162,0,0
B6_D1,646,0,329,0,0
G1_D1,35,0,305,0,0
G1_D1,1022,0,259,0,0
B10_D1,21,0,229,0,0
B6_D1,784,0,391,0,0
B6_D1,50,0,507,0,0
B10_D1,148,0,437,0,0
B10_D1,49,0,11,0,0
G1_D1,1022,0,109,0,0
B6_D1,58,0,420,0,0
B10_D1,774,0,76,0,0
B10_D1,268,0,141,0,0
B6_D1,41,0,171,0,0
B6_D1,947,0,91,0,0
B6_D1,758,0,71,0,0
B10_D1,871,0,215,0,0
B10_D1,613,0,445,0,0
B2_D1,647,0,360,0,0
G1_D1,1019,0,110,0,0
B6_D1,20,0,17,0,0
B10_D1,577,0,112,0,0
B4_D1,3,0,455,0,0
B10_D1,813,0,248,0,0
B6_D1,551,0,265,0,0
B6_D1,370,0,54,0,0
B4_D1,878,0,32,0,0
B6_D1,464,0,6,0,0
B6_D1,414,0,55,0,0
B10_D1,687,0,0,0,0
B10_D1,327,0,71,0,0
B6_D1,58,0,200,0,0
G1_D1,299,0,89,0,0
B6_D1,950,0,482,0,0
G1_D1,767,0,16,0,0
B10_D1,775,0,243,0,0
B10_D1,1018,0,9,0,0
B6_D1,604,0,38,0,0
G1_D1,733,0,8,0,0
B2_D1,693,0,177,0,0
B6_D1,1012,0,11,0,0
B4_D1,786,0,74,0,0
G1_D1,1014,0,44,0,0
G1_D1,262,0,5,0,0
B10_D1,829,0,423,0,0
B2_D1,939,0,87,0,0
B10_D1,65,0,171,0,0
B6_D1,279,0,83,0,0
B2_D1,313,0,290,0,0
B10_D1,88,0,181,0,0
B10_D1,916,0,77,0,0
B6_D1,207,0,361,0,0
G1_D1,998,0,105,0,0
G1_D1,968,0,7,0,0
B6_D1,436,0,24,0,0
B8_D1,1011,0,213,0,0
B10_D1,481,0,335,0,0
B6_D1,733,0,465,0,0
G1_D1,19,0,54,0,0
B2_D1,616,0,446,0,0
G1_D1,885,0,28,0,0
B10_D1,872,0,210,0,0
G1_D1,704,0,374,0,0
B2_D1,149,0,300,0,0
B6_D1,243,0,62,0,0
B6_D1,745,0,295,0,0
B10_D1,508,0,207,0,0
B2_D1,204,0,473,0,0
B6_D1,937,0,417,0,0
B10_D1,590,0,114,0,0
B4_D1,114,0,4,0,0
B6_D1,662,0,505,0,0
B10_D1,449,0,123,0,0
B4_D1,735,0,278,0,0
G1_D1,256,0,235,0,0
B10_D1,265,0,247,0,0
B10_D1,167,0,509,0,0
G1_D1,956,0,305,0,0
B6_D1,814,0,490,0,0
B10_D1,894,0,217,0,0
B10_D1,669,0,64,0,0
B10_D1,152,0,504,0,0
B6_D1,590,0,66,0,0
B6_D1,840,0,22,0,0
B10_D1,555,0,476,0,0
B6_D1,728,0,379,0,0
B10_D1,586,0,118,0,0
B6_D1,99,0,304,0,0
G1_D1,1020,0,296,0,0
G1_D1,277,0,21,0,0
B10_D1,152,0,313,0,0
B6_D1,156,0,50,0,0
B6_D1,855,0,450,0,0
B10_D1,260,0,250,0,0
G1_D1,82,0,42,0,0
G1_D1,155,0,207,0,0
B6_D1,112,0,10,0,0
B10_D1,6,0,345,0,0
B10_D1,535,0,56,0,0
B6_D1,972,0,2,0,0
B10_D1,195,0,510,0,0
G1_D1,44,0,264,0,0
B10_D1,29,0,285,0,0
B6_D1,322,0,503,0,0
B10_D1,732,0,260,0,0
B6_D1,184,0,21,0,0
B6_D1,779,0,351,0,0
G1_D1,217,0,128,0,0
B6_D1,948,0,39,0,0
G1_D1,113,0,199,0,0
G1_D1,280,0,86,0,0
B10_D1,326,0,50,0,0
B6_D1,114,0,490,0,0
G1_D1,202,0,141,0,0
B2_D1,739,0,33,0,0
B2_D1,1022,0,213,0,0
B2_D1,255,0,504,0,0
G1_D1,921,0,456,0,0
B6_D1,415,0,190,0,0
B6_D1,790,0,120,0,0
B10_D1,139,0,46,0,0
B6_D1,982,0,482,0,0
G1_D1,413,0,480,0,0
B6_D1,712,0,110,0,0
G1_D1,543,0,124,0,0
B10_D1,412,0,315,0,0
B10_D1,12,0,289,0,0
B6_D1,610,0,193,0,0
B8_D1,170,0,340,0,0
B10_D1,123,0,448,0,0
B6_D1,839,0,132,0,0
B6_D1,984,0,135,0,0
B10_D1,102,0,205,0,0
B6_D1,990,0,201,0,0
B6_D1,12,0,133,0,0
G1_D1,981,0,82,0,0
B10_D1,701,0,92,0,0
B10_D1,182,0,121,0,0
B10_D1,836,0,378,0,0
B6_D1,342,0,431,0,0
B6_D1,954,0,485,0,0
G1_D1,29,0,278,0,0
B10_D1,384,0,187,0,0
B6_D1,44,0,110,0,0
B6_D1,751,0,468,0,0
B8_D1,943,0,1,0,0
B2_D1,730,0,511,0,0
B6_D1,312,0,38,0,0
B10_D1,112,0,216,0,0
B6_D1,308,0,40,0,0
B4_D1,367,0,102,0,0
B10_D1,84,0,129,0,0
B6_D1,196,0,310,0,0
B6_D1,943,0,433,0,0
B10_D1,647,0,494,0,0
G1_D1,433,0,12,0,0
B6_D1,938,0,501,0,0
G1_D1,18,0,260,0,0
B10_D1,663,0,317,0,0
B10_D1,57,0,25,0,0
B6_D1,620,0,183,0,0
B4_D1,923,0,14,0,0
G1_D1,817,0,266,0,0
B10_D1,133,0,101,0,0
B6_D1,474,0,482,0,0
B6_D1,830,0,52,0,0
B4_D1,754,0,210,0,0
B4_D1,91,0,1,0,0
B6_D1,531,0,272,0,0
G1_D1,662,0,5,0,0
B10_D1,146,0,202,0,0
B10_D1,108,0,287,0,0
B6_D1,268,0,269,0,0
G1_D1,990,0,282,0,0
B4_D1,1004,0,208,0,0
G1_D1,759,0,243,0,0
G1_D1,175,0,157,0,0
B6_D1,788,0,112,0,0
B10_D1,359,0,256,0,0
B10_D1,961,0,257,0,0
B10_D1,797,0,61,0,0
G1_D1,620,0,268,0,0
B6_D1,50,0,491,0,0
B10_D1,6,0,254,0,0
B6_D1,980,0,31,0,0
B10_D1,1006,0,240,0,0
B2_D1,386,0,15,0,0
G1_D1,1012,0,115,0,0
B6_D1,484,0,17,0,0
G1_D1,31,0,44,0,0
B10_D1,394,0,102,0,0
B10_D1,424,0,291,0,0
B10_D1,921,0,443,0,0
G1_D1,293,0,28,0,0
G1_D1,34,0,268,0,0
B10_D1,321,0,167,0,0
B10_D1,407,0,25,0,0
B6_D1,991,0,481,0,0
B4_D1,629,0,298,0,0
B2_D1,961,0,240,0,0
B10_D1,619,0,290,0,0
B10_D1,689,0,268,0,0
B10_D1,408,0,141,0,0
B10_D1,320,0,34,0,0
B6_D1,664,0,381,0,0
B10_D1,588,0,338,0,0
B2_D1,908,0,17,0,0
B8_D1,5,0,237,0,0
B6_D1,467,0,477,0,0
B10_D1,586,0,212,0,0
B4_D1,1023,0,264,0,0
G1_D1,567,0,10,0,0
B6_D1,796,0,31,0,0
B2_D1,358,0,511,0,0
G1_D1,322,0,23,0,0
G1_D1,887,0,249,0,0
B10_D1,719,0,476,0,0
B10_D1,543,0,507,0,0
B10_D1,357,0,215,0,0
B6_D1,569,0,157,0,0
B6_D1,929,0,394,0,0
B2_D1,448,0,31,0,0
B10_D1,59,0,163,0,0
B6_D1,920,0,126,0,0
B10_D1,13,0,28,0,0
G1_D1,614,0,110,0,0
B6_D1,31,0,262,0,0
B6_D1,616,0,30,0,0
B6_D1,404,0,43,0,0
B10_D1,812,0,405,0,0
B6_D1,240,0,68,0,0
G1_D1,171,0,76,0,0
B6_D1,628,0,55,0,0
B6_D1,784,0,25,0,0
B2_D1,680,0,30,0,0
B6_D1,455,0,349,0,0
B6_D1,628,0,165,0,0
B10_D1,562,0,98,0,0
B4_D1,1019,0,86,0,0
B8_D1,4,0,238,0,0
G1_D1,741,0,378,0,0
B6_D1,204,0,18,0,0
B2_D1,484,0,492,0,0
B10_D1,622,0,146,0,0
B4_D1,1022,0,225,0,0
B6_D1,16,0,42,0,0
B6_D1,704,0,5,0,0
G1_D1,751,0,98,0,0
B6_D1,665,0,343,0,0
B6_D1,616,0,344,0,0
B8_D1,134,0,333,0,0
B10_D1,426,0,361,0,0
B6_D1,4,0,42,0,0
B6_D1,797,0,64,0,0
B4_D1,43,0,9,0,0
B4_D1,24,0,126,0,0
B6_D1,144,0,367,0,0
G1_D1,679,0,23,0,0
B10_D1,625,0,236,0,0
B10_D1,108,0,6,0,0
B6_D1,191,0,384,0,0
B6_D1,827,0,158,0,0
B10_D1,917,0,4,0,0
B10_D1,560,0,159,0,0
B6_D1,512,0,351,0,0
B6_D1,1000,0,25,0,0
B6_D1,416,0,58,0,0
B10_D1,49,0,152,0,0
B10_D1,233,0,315,0,0
B4_D1,185,0,236,0,0
B10_D1,427,0,255,0,0
B10_D1,384,0,157,0,0
B6_D1,1016,0,34,0,0
B10_D1,197,0,221,0,0
B6_D1,730,0,456,0,0
B2_D1,712,0,285,0,0
B4_D1,749,0,98,0,0
B10_D1,453,0,299,0,0
B10_D1,816,0,24,0,0
B6_D1,514,0,504,0,0
B2_D1,101,0,314,0,0
B10_D1,129,0,101,0,0
B6_D1,396,0,7,0,0
G1_D1,954,0,231,0,0
B10_D1,466,0,60,0,0
B6_D1,264,0,33,0,0
G1_D1,1016,0,90,0,0
B4_D1,869,0,15,0,0
B10_D1,763,0,403,0,0
G1_D1,360,0,453,0,0
B10_D1,384,0,5,0,0
B10_D1,937,0,29,0,0
B10_D1,941,0,505,0,0
B10_D1,163,0,510,0,0
B2_D1,800,0,57,0,0
B6_D1,1016,0,6,0,0
B6_D1,79,0,402,0,0
B10_D1,467,0,309,0,0
B6_D1,130,0,487,0,0
G1_D1,994,0,179,0,0
B8_D1,251,0,185,0,0
B6_D1,646,0,492,0,0
G1_D1,966,0,35,0,0
B6_D1,180,0,191,0,0
B6_D1,246,0,434,0,0
B6_D1,712,0,386,0,0
G1_D1,658,0,153,0,0
B10_D1,846,0,88,0,0
B6_D1,880,0,27,0,0
B10_D1,78,0,267,0,0
B6_D1,992,0,35,0,0
B6_D1,254,0,194,0,0
B6_D1,446,0,238,0,0
B6_D1,462,0,504,0,0
G1_D1,73,0,51,0,0
B4_D1,246,0,153,0,0
B10_D1,4,0,358,0,0
B4_D1,3,0,464,0,0
B6_D1,998,0,509,0,0
B10_D1,320,0,51,0,0
G1_D1,795,0,15,0,0
B6_D1,212,0,29,0,0
G1_D1,718,0,41,0,0
G1_D1,81,0,401,0,0
B2_D1,413,0,110,0,0
B10_D1,403,0,56,0,0
B6_D1,150,0,204,0,0
G1_D1,1019,0,67,0,0
B4_D1,82,0,420,0,0
B10_D1,649,0,313,0,0
B6_D1,798,0,293,0,0
B6_D1,592,0,2,0,0
B2_D1,593,0,223,0,0
B6_D1,748,0,18,0,0
B10_D1,836,0,328,0,0
B6_D1,560,0,307,0,0
B4_D1,4,0,314,0,0
B6_D1,821,0,129,0,0
B10_D1,572,0,285,0,0
G1_D1,433,0,8,0,0
B10_D1,32,0,190,0,0
B4_D1,23,0,269,0,0
B6_D1,263,0,451,0,0
B2_D1,104,0,21,0,0
B10_D1,830,0,409,0,0
B6_D1,620,0,389,0,0
B10_D1,134,0,134,0,0
B6_D1,824,0,302,0,0
B4_D1,610,0,227,0,0
B6_D1,672,0,11,0,0
B2_D1,679,0,31,0,0
G1_D1,751,0,2,0,0
B6_D1,252,0,422,0,0
B10_D1,12,0,506,0,0
B4_D1,515,0,237,0,0
B6_D1,340,0,171,0,0
B10_D1,194,0,276,0,0
B6_D1,105,0,246,0,0
B6_D1,930,0,256,0,0
B6_D1,488,0,46,0,0
B6_D1,599,0,170,0,0
G1_D1,612,0,224,0,0
B10_D1,2,0,35,0,0
B10_D1,509,0,93,0,0
G1_D1,189,0,35,0,0
G1_D1,886,0,116,0,0
B4_D1,329,0,217,0,0
B6_D1,918,0,391,0,0
B4_D1,397,0,402,0,0
B6_D1,684,0,152,0,0
B6_D1,255,0,457,0,0
B10_D1,223,0,358,0,0
B10_D1,505,0,111,0,0
B4_D1,862,0,207,0,0
B10_D1,595,0,502,0,0
B10_D1,862,0,289,0,0
B10_D1,438,0,20,0,0
B6_D1,659,0,127,0,0
G1_D1,10,0,313,0,0
B10_D1,613,0,238,0,0
B6_D1,960,0,3,0,0
B6_D1,259,0,72,0,0
B6_D1,884,0,387,0,0
B10_D1,195,0,174,0,0
B4_D1,7,0,87,0,0
B10_D1,178,0,121,0,0
G1_D1,466,0,18,0,0
B2_D1,386,0,159,0,0
B6_D1,876,0,31,0,0
B6_D1,204,0,21,0,0
B10_D1,649,0,268,0,0
B6_D1,206,0,332,0,0
B6_D1,40,0,1,0,0
B10_D1,53,0,11,0,0
B6_D1,231,0,77,0,0
G1_D1,1013,0,313,0,0
B2_D1,870,0,172,0,0
B6_D1,284,0,396,0,0
B10_D1,441,0,7,0,0
B10_D1,600,0,213,0,0
G1_D1,967,0,29,0,0
B6_D1,409,0,449,0,0
B10_D1,1021,0,174,0,0
B6_D1,558,0,511,0,0
B10_D1,542,0,212,0,0
G1_D1,485,0,84,0,0
G1_D1,190,0,373,0,0
B10_D1,320,0,88,0,0
B6_D1,274,0,177,0,0
B6_D1,154,0,507,0,0
B2_D1,363,0,202,0,0
B2_D1,449,0,169,0,0
B10_D1,131,0,510,0,0
B10_D1,621,0,107,0,0
B10_D1,984,0,263,0,0
B6_D1,793,0,210,0,0
B6_D1,742,0,494,0,0
B10_D1,325,0,289,0,0
B10_D1,724,0,432,0,0
B4_D1,336,0,219,0,0
G1_D1,103,0,135,0,0
B10_D1,457,0,272,0,0
B6_D1,144,0,38,0,0
B6_D1,276,0,35,0,0
G1_D1,165,0,191,0,0
G1_D1,594,0,9,0,0
G1_D1,727,0,131,0,0
B6_D1,165,0,386,0,0
B6_D1,696,0,24,0,0
B6_D1,630,0,496,0,0
B10_D1,958,0,274,0,0
B10_D1,848,0,5,0,0
B2_D1,475,0,125,0,0
B6_D1,805,0,453,0,0
G1_D1,304,0,92,0,0
B4_D1,871,0,40,0,0
B10_D1,182,0,276,0,0
B4_D1,45,0,29,0,0
B10_D1,743,0,315,0,0
B10_D1,177,0,268,0,0
B6_D1,913,0,100,0,0
G1_D1,867,0,213,0,0
B6_D1,492,0,69,0,0
B10_D1,487,0,302,0,0
B10_D1,602,0,415,0,0
B6_D1,345,0,264,0,0
B6_D1,528,0,45,0,0
B10_D1,909,0,234,0,0
G1_D1,916,0,50,0,0
G1_D1,911,0,89,0,0
B10_D1,701,0,117,0,0
G1_D1,936,0,44,0,0
B6_D1,316,0,74,0,0
B10_D1,100,0,488,0,0
B10_D1,614,0,198,0,0
B6_D1,996,0,32,0,0
G1_D1,346,0,43,0,0
B10_D1,584,0,4,0,0
B10_D1,608,0,456,0,0
B8_D1,322,0,309,0,0
B10_D1,82,0,44,0,0
G1_D1,475,0,151,0,0
B10_D1,26,0,211,0,0
B10_D1,127,0,12,0,0
B6_D1,605,0,169,0,0
B10_D1,673,0,1,0,0
B10_D1,962,0,151,0,0
B10_D1,721,0,269,0,0
B6_D1,776,0,14,0,0
B10_D1,74,0,95,0,0
B6_D1,540,0,15,0,0
B6_D1,771,0,425,0,0
B10_D1,628,0,259,0,0
B6_D1,2,0,509,0,0
B10_D1,134,0,89,0,0
B10_D1,580,0,304,0,0
G1_D1,171,0,410,0,0
B6_D1,870,0,391,0,0
G1_D1,63,0,501,0,0
B6_D1,172,0,113,0,0
B4_D1,771,0,39,0,0
B6_D1,63,0,477,0,0
B10_D1,22,0,283,0,0
B10_D1,608,0,63,0,0
B6_D1,34,0,497,0,0
B6_D1,752,0,63,0,0
B10_D1,240,0,64,0,0
B6_D1,1000,0,105,0,0
B10_D1,741,0,259,0,0
G1_D1,148,0,229,0,0
B6_D1,700,0,370,0,0
B6_D1,353,0,245,0,0
B6_D1,135,0,199,0,0
B8_D1,791,0,307,0,0
G1_D1,39,0,36,0,0
B4_D1,763,0,232,0,0
B6_D1,964,0,38,0,0
B4_D1,605,0,360,0,0
B10_D1,109,0,206,0,0
B10_D1,258,0,286,0,0
B6_D1,628,0,16,0,0
B4_D1,6,0,210,0,0
G1_D1,566,0,147,0,0
B10_D1,421,0,262,0,0
B6_D1,756,0,3,0,0
B6_D1,914,0,426,0,0
G1_D1,343,0,17,0,0
B10_D1,792,0,422,0,0
B6_D1,94,0,160,0,0
G1_D1,1023,0,269,0,0
B2_D1,160,0,74,0,0
G1_D1,98,0,18,0,0
G1_D1,939,0,10,0,0
B6_D1,975,0,407,0,0
G1_D1,388,0,287,0,0
B10_D1,381,0,35,0,0
B10_D1,112,0,435,0,0
B6_D1,247,0,240,0,0
B4_D1,176,0,4,0,0
B10_D1,375,0,510,0,0
B6_D1,24,0,422,0,0
B10_D1,292,0,304,0,0
B6_D1,96,0,48,0,0
B10_D1,437,0,7,0,0
B10_D1,602,0,204,0,0
B10_D1,2,0,145,0,0
G1_D1,502,0,84,0,0
B6_D1,402,0,332,0,0
B6_D1,431,0,419,0,0
B6_D1,778,0,497,0,0
B10_D1,132,0,273,0,0
B10_D1,194,0,74,0,0
G1_D1,205,0,80,0,0
B6_D1,488,0,6,0,0
B10_D1,66,0,267,0,0
B10_D1,9,0,330,0,0
B6_D1,774,0,107,0,0
B2_D1,882,0,0,0,0
G1_D1,697,0,63,0,0
B2_D1,977,0,45,0,0
B10_D1,767,0,407,0,0
G1_D1,161,0,71,0,0
B6_D1,612,0,4,0,0
G1_D1,995,0,39,0,0
B4_D1,145,0,39,0,0
B6_D1,135,0,410,0,0
B4_D1,15,0,393,0,0
B10_D1,975,0,477,0,0
B10_D1,689,0,1,0,0
B6_D1,840,0,33,0,0
B10_D1,631,0,454,0,0
G1_D1,472,0,115,0,0
B10_D1,889,0,358,0,0
B4_D1,9,0,321,0,0
B6_D1,999,0,228,0,0
G1_D1,25,0,21,0,0
B6_D1,560,0,465,0,0
G1_D1,995,0,339,0,0
B6_D1,856,0,14,0,0
G1_D1,1018,0,468,0,0
B10_D1,330,0,35,0,0
B2_D1,814,0,279,0,0
B6_D1,925,0,165,0,1
B6_D1,648,0,242,0,0
B10_D1,997,0,239,0,0
B6_D1,355,0,223,0,0
B10_D1,826,0,420,0,0
B10_D1,529,0,12,0,0
G1_D1,599,0,241,0,0
B4_D1,652,0,82,0,0
B4_D1,162,0,56,0,0
B10_D1,801,0,511,0,0
B6_D1,821,0,299,0,0
B6_D1,302,0,148,0,0
B10_D1,988,0,254,0,0
B10_D1,481,0,78,0,0
B6_D1,5,0,179,0,0
G1_D1,881,0,52,0,0
B6_D1,792,0,356,0,0
G1_D1,746,0,37,0,0
B6_D1,166,0,309,0,0
B6_D1,22,0,126,0,0
G1_D1,154,0,314,0,0
B4_D1,558,0,387,0,0
G1_D1,40,0,207,0,0
G1_D1,1018,0,507,0,0
B6_D1,565,0,480,0,0
B10_D1,444,0,9,0,0
B4_D1,359,0,199,0,0
B6_D1,780,0,161,0,0
B10_D1,137,0,385,0,0
B10_D1,934,0,336,0,0
B6_D1,876,0,43,0,0
B4_D1,551,0,79,0,0
B10_D1,151,0,211,0,0
B4_D1,228,0,132,0,0
B10_D1,165,0,167,0,0
B4_D1,1011,0,13,0,0
B10_D1,717,0,51,0,0
B10_D1,644,0,44,0,0
G1_D1,856,0,120,0,0
B4_D1,591,0,62,0,0
B6_D1,835,0,143,0,0
G1_D1,391,0,17,0,0
B10_D1,870,0,218,0,0
B4_D1,74,0,17,0,0
B6_D1,773,0,423,0,0
B10_D1,233,0,328,0,0
B6_D1,19,0,426,0,0
G1_D1,992,0,97,0,0
B2_D1,735,0,19,0,0
B10_D1,161,0,247,0,0
B6_D1,936,0,223,0,0
G1_D1,471,0,2,0,0
B10_D1,130,0,138,0,0
B6_D1,696,0,41,0,0
B6_D1,78,0,393,0,0
B6_D1,551,0,349,0,0
G1_D1,983,0,6,0,0
G1_D1,367,0,16,0,0
B6_D1,132,0,14,0,0
G1_D1,284,0,286,0,0
B2_D1,976,0,43,0,0
B10_D1,377,0,7,0,0
B10_D1,571,0,52,0,0
B10_D1,773,0,49,0,0
B6_D1,738,0,501,0,0
B10_D1,208,0,362,0,0
B10_D1,157,0,161,0,0
B10_D1,203,0,363,0,0
B4_D1,662,0,319,0,0
B6_D1,810,0,484,0,0
B6_D1,439,0,262,0,0
B4_D1,460,0,287,0,0
B4_D1,813,0,43,0,0
B10_D1,276,0,269,0,0
B6_D1,59,0,95,0,0
B10_D1,459,0,476,0,0
B6_D1,738,0,408,0,0
B6_D1,875,0,70,0,0
B6_D1,136,0,207,0,0
G1_D1,681,0,4,0,0
B10_D1,322,0,332,0,0
B6_D1,987,0,59,0,0
B6_D1,978,0,107,0,0
B6_D1,756,0,149,0,0
G1_D1,267,0,252,0,0
B6_D1,660,0,48,0,0
B10_D1,409,0,444,0,0
G1_D1,930,0,453,0,0
G1_D1,1015,0,256,0,0
G1_D1,493,0,12,0,0
B10_D1,325,0,128,0,0
B2_D1,876,0,171,0,0
B10_D1,250,0,150,0,0
G1_D1,347,0,102,0,0
B10_D1,619,0,79,0,0
B6_D1,53,0,99,0,0
B10_D1,1004,0,483,0,0
B6_D1,746,0,501,0,0
G1_D1,469,0,89,0,0
B10_D1,300,0,409,0,0
B4_D1,903,0,138,0,0
G1_D1,982,0,127,0,0
B10_D1,484,0,122,0,0
G1_D1,138,0,218,0,0
B10_D1,402,0,271,0,0
B6_D1,634,0,214,0,0
G1_D1,411,0,114,0,0
G1_D1,369,0,12,0,0
B2_D1,456,0,472,0,0
G1_D1,14,0,32,0,0
B10_D1,749,0,2,0,0
B6_D1,288,0,23,0,0
B10_D1,876,0,219,0,0
B6_D1,9,0,76,0,0
B6_D1,710,0,60,0,0
B6_D1,368,0,17,0,0
B10_D1,503,0,74,0,0
B10_D1,726,0,454,0,0
B6_D1,450,0,478,0,0
B4_D1,197,0,47,0,0
B10_D1,5,0,374,0,0
B6_D1,430,0,486,0,0
B4_D1,835,0,45,0,0
G1_D1,689,0,56,0,0
G1_D1,700,0,11,0,0
B10_D1,178,0,507,0,0
B10_D1,865,0,70,0,0
G1_D1,314,0,288,0,0
B2_D1,633,0,43,0,0
G1_D1,509,0,287,0,0
B10_D1,812,0,89,0,0
B6_D1,944,0,35,0,0
B10_D1,843,0,38,0,0
G1_D1,942,0,286,0,0
B6_D1,920,0,6,0,0
B6_D1,192,0,67,0,0
B2_D1,405,0,110,0,0
B6_D1,56,0,44,0,0
G1_D1,614,0,66,0,0
G1_D1,521,0,243,0,0
B4_D1,109,0,306,0,0
B6_D1,5,0,481,0,0
B6_D1,139,0,290,0,0
B10_D1,724,0,65,0,0
B10_D1,969,0,84,0,0
B6_D1,810,0,218,0,0
B10_D1,164,0,5,0,0
B6_D1,21,0,220,0,0
G1_D1,715,0,249,0,0
B6_D1,316,0,26,0,0
B6_D1,429,0,227,0,0
B10_D1,578,0,13,0,0
B8_D1,680,0,311,0,0
B10_D1,281,0,179,0,0
B6_D1,713,0,55,0,0
G1_D1,935,0,40,0,0
B10_D1,342,0,486,0,0
G1_D1,12,0,303,0,0
B6_D1,336,0,6,0,0
B10_D1,1008,0,483,0,0
B6_D1,270,0,439,0,0
B10_D1,795,0,27,0,0
B4_D1,1023,0,227,0,0
G1_D1,190,0,407,0,0
B10_D1,24,0,293,0,0
B6_D1,155,0,92,0,0
G1_D1,479,0,46,0,0
B10_D1,932,0,405,0,0
B4_D1,0,0,318,0,0
B2_D1,164,0,307,0,0
B6_D1,632,0,430,0,0
B6_D1,812,0,112,0,0
B10_D1,813,0,268,0,0
B10_D1,923,0,82,0,0
G1_D1,689,0,280,0,0
G1_D1,45,0,87,0,0
B6_D1,258,0,483,0,0
G1_D1,757,0,247,0,0
B6_D1,565,0,99,0,0
B6_D1,822,0,190,0,0
B10_D1,7,0,240,0,0
B10_D1,667,0,35,0,0
B10_D1,537,0,328,0,0
B6_D1,278,0,372,0,0
B10_D1,622,0,65,0,0
B6_D1,728,0,358,0,0
B6_D1,565,0,185,0,0
B6_D1,628,0,36,0,0
B2_D1,674,0,70,0,0
B6_D1,684,0,10,0,0
B10_D1,675,0,302,0,0
G1_D1,167,0,76,0,0
B10_D1,946,0,70,0,0
B6_D1,870,0,105,0,0
B6_D1,378,0,486,0,0
B6_D1,424,0,288,0,0
G1_D1,255,0,35,0,0
B10_D1,96,0,200,0,0
G1_D1,934,0,283,0,0
B2_D1,734,0,54,0,0
B6_D1,770,0,88,0,0
G1_D1,51,0,501,0,0
G1_D1,28,0,169,0,0
B6_D1,880,0,45,0,0
B6_D1,600,0,43,0,0
B6_D1,622,0,497,0,0
G1_D1,493,0,8,0,0
B6_D1,344,0,48,0,0
B6_D1,1017,0,137,0,0
B6_D1,706,0,346,0,0
B4_D1,1,0,145,0,0
B4_D1,788,0,61,0,0
B6_D1,426,0,123,0,0
B6_D1,96,0,0,0,0
B10_D1,953,0,27,0,0
B6_D1,373,0,382,0,0
B10_D1,659,0,244,0,0
B10_D1,530,0,308,0,0
B6_D1,316,0,4,0,0
G1_D1,37,0,167,0,0
B6_D1,264,0,21,0,0
G1_D1,964,0,76,0,0
G1_D1,25,0,132,0,0
B8_D1,89,0,225,0,0
B2_D1,769,0,77,0,0
B2_D1,857,0,384,0,0
B10_D1,965,0,290,0,0
B6_D1,840,0,10,0,0
B2_D1,818,0,42,0,0
B10_D1,692,0,164,0,0
B4_D1,1022,0,271,0,0
B6_D1,816,0,118,0,0
B6_D1,260,0,13,0,0
B6_D1,255,0,127,0,0
B4_D1,7,0,123,0,0
B6_D1,1000,0,404,0,0
B2_D1,154,0,139,0,0
B2_D1,860,0,40,0,0
B6_D1,841,0,225,0,0
B8_D1,130,0,332,0,0
B10_D1,938,0,337,0,0
B6_D1,795,0,203,0,0
B10_D1,353,0,35,0,0
B10_D1,404,0,62,0,0
B4_D1,995,0,50,0,0
G1_D1,605,0,247,0,0
B6_D1,691,0,186,0,0
G1_D1,454,0,9,0,0
B10_D1,219,0,337,0,0
B10_D1,546,0,265,0,0
B10_D1,722,0,401,0,0
G1_D1,346,0,13,0,0
B6_D1,411,0,218,0,0
B6_D1,903,0,481,0,0
B6_D1,791,0,458,0,0
B10_D1,567,0,264,0,0
G1_D1,469,0,4,0,0
B6_D1,849,0,83,0,0
G1_D1,88,0,39,0,0
G1_D1,1002,0,217,0,0
B6_D1,861,0,72,0,0
B10_D1,994,0,490,0,0
B6_D1,142,0,509,0,0
B6_D1,744,0,33,0,0
G1_D1,986,0,16,0,0
B6_D1,3,0,247,0,0
B10_D1,512,0,203,0,0
B4_D1,455,0,372,0,0
B2_D1,445,0,214,0,0
G1_D1,703,0,473,0,0
G1_D1,1005,0,204,0,0
B10_D1,79,0,166,0,0
B10_D1,489,0,33,0,0
B4_D1,1019,0,137,0,0
B6_D1,789,0,335,0,0
B6_D1,948,0,40,0,0
G1_D1,378,0,18,0,0
B6_D1,128,0,388,0,0
B10_D1,418,0,458,0,0
B2_D1,914,0,439,0,0
B10_D1,968,0,71,0,0
B10_D1,579,0,8,0,0
B6_D1,48,0,2,0,0
B4_D1,208,0,16,0,0
G1_D1,425,0,19,0,0
B10_D1,372,0,342,0,0
B10_D1,203,0,143,0,0
B2_D1,792,0,86,0,0
B10_D1,529,0,245,0,0
G1_D1,905,0,248,0,0
B10_D1,597,0,324,0,0
B2_D1,739,0,283,0,0
B6_D1,769,0,56,0,0
G1_D1,1021,0,108,0,0
B4_D1,46,0,163,0,0
B6_D1,129,0,137,0,0
B6_D1,401,0,352,0,0
B6_D1,722,0,483,0,0
B6_D1,711,0,195,0,0
G1_D1,25,0,193,0,0
B4_D1,829,0,95,0,0
B4_D1,164,0,204,0,0
B4_D1,731,0,274,0,0
G1_D1,203,0,16,0,0
B6_D1,823,0,191,0,0
B6_D1,582,0,499,0,0
B6_D1,847,0,216,0,0
B6_D1,1009,0,70,0,0
B6_D1,396,0,18,0,0
B6_D1,557,0,388,0,0
B6_D1,102,0,395,0,0
G1_D1,516,0,54,0,0
B6_D1,539,0,331,0,0
B6_D1,225,0,388,0,0
B2_D1,819,0,6,0,0
B10_D1,608,0,4,0,0
B8_D1,592,0,187,0,0
B2_D1,0,0,23,0,0
G1_D1,749,0,77,0,0
B8_D1,34,0,325,0,0
G1_D1,947,0,275,0,0
B4_D1,704,0,37,0,0
B10_D1,760,0,260,0,0
B6_D1,270,0,293,0,0
B6_D1,248,0,295,0,0
B4_D1,184,0,28,0,0
B10_D1,665,0,381,0,0
B6_D1,472,0,39,0,0
B6_D1,827,0,481,0,0
B6_D1,396,0,45,0,0
B6_D1,666,0,509,0,0
B6_D1,721,0,94,0,0
B6_D1,0,0,25,0,0
G1_D1,664,0,7,0,0
B2_D1,911,0,14,0,0
B6_D1,674,0,496,0,0
G1_D1,511,0,68,0,0
B10_D1,7,0,100,0,0
B10_D1,887,0,346,0,0
B6_D1,8,0,56,0,0
G1_D1,104,0,7,0,0
G1_D1,995,0,220,0,0
B6_D1,274,0,271,0,0
B10_D1,396,0,233,0,0
B2_D1,308,0,55,0,0
B6_D1,608,0,1,0,0
B6_D1,526,0,505,0,0
B6_D1,248,0,37,0,0
B6_D1,1018,0,114,0,0
G1_D1,162,0,20,0,0
B6_D1,25,0,457,0,0
G1_D1,267,0,410,0,0
B10_D1,308,0,243,0,0
B10_D1,86,0,121,0,0
B6_D1,780,0,479,0,0
G1_D1,991,0,296,0,0
B6_D1,180,0,113,0,0
B10_D1,10,0,105,0,0
B6_D1,276,0,167,0,0
B6_D1,664,0,331,0,0
B10_D1,658,0,242,0,0
B10_D1,25,0,28,0,0
G1_D1,319,0,92,0,0
B6_D1,910,0,487,0,0
B6_D1,538,0,506,0,0
B10_D1,187,0,439,0,0
B6_D1,704,0,233,0,0
B10_D1,842,0,356,0,0
B6_D1,504,0,41,0,0
B6_D1,816,0,385,0,0
G1_D1,916,0,222,0,0
B6_D1,172,0,278,0,0
B6_D1,816,0,97,0,0
B6_D1,69,0,272,0,0
B6_D1,936,0,261,0,0
B10_D1,730,0,118,0,0
G1_D1,462,0,103,0,0
B6_D1,418,0,511,0,0
B10_D1,14,0,145,0,0
B6_D1,938,0,290,0,0
B2_D1,620,0,30,0,0
B6_D1,730,0,259,0,0
G1_D1,472,0,510,0,0
B6_D1,74,0,420,0,0
B10_D1,881,0,70,0,0
B6_D1,561,0,435,0,0
B6_D1,270,0,478,0,0
B10_D1,469,0,188,0,0
B4_D1,891,0,27,0,0
G1_D1,455,0,15,0,0
B4_D1,711,0,200,0,0
B4_D1,176,0,134,0,0
G1_D1,1022,0,208,0,0
B6_D1,572,0,12,0,0
B10_D1,549,0,21,0,0
B6_D1,920,0,265,0,0
B6_D1,958,0,349,0,0
B6_D1,896,0,24,0,0
B10_D1,241,0,7,0,0
B10_D1,148,0,445,0,0
B2_D1,731,0,79,0,0
B8_D1,6,0,313,0,0
B6_D1,264,0,38,0,0
G1_D1,859,0,252,0,0
G1_D1,559,0,10,0,0
B6_D1,5,0,226,0,0
B6_D1,38,0,508,0,0
G1_D1,971,0,62,0,0
B6_D1,166,0,53,0,0
B6_D1,420,0,8,0,0
B10_D1,704,0,9,0,0
B10_D1,174,0,77,0,0
B10_D1,943,0,80,0,0
G1_D1,468,0,483,0,0
G1_D1,424,0,230,0,0
G1_D1,430,0,103,0,0
G1_D1,537,0,150,0,0
B6_D1,193,0,189,0,0
B4_D1,702,0,31,0,0
G1_D1,769,0,269,0,0
B10_D1,1023,0,268,0,0
B4_D1,189,0,53,0,0
B6_D1,166,0,59,0,0
B6_D1,882,0,360,0,0
G1_D1,8,0,199,0,0
B10_D1,1023,0,237,0,0
B8_D1,97,0,107,0,0
B10_D1,639,0,376,0,0
B2_D1,892,0,29,0,0
B10_D1,327,0,19,0,0
B6_D1,748,0,373,0,0
G1_D1,871,0,194,0,0
B10_D1,335,0,209,0,0
B10_D1,594,0,78,0,0
B10_D1,608,0,56,0,0
B6_D1,240,0,113,0,0
B10_D1,833,0,255,0,0
B10_D1,158,0,336,0,0
B6_D1,280,0,316,0,0
B6_D1,189,0,336,0,0
G1_D1,25,0,302,0,0
G1_D1,80,0,204,0,0
B2_D1,288,0,41,0,0
B2_D1,772,0,132,0,0
B8_D1,429,0,283,0,0
B10_D1,880,0,38,0,0
G1_D1,987,0,60,0,0
B6_D1,970,0,497,0,0
B6_D1,752,0,35,0,0
B10_D1,537,0,1,0,0
B2_D1,322,0,201,0,0
G1_D1,741,0,160,0,0
B10_D1,257,0,248,0,0
B6_D1,521,0,159,0,0
G1_D1,47,0,160,0,0
B6_D1,366,0,353,0,0
G1_D1,231,0,151,0,0
B2_D1,854,0,55,0,0
B6_D1,978,0,295,0,0
B10_D1,347,0,506,0,0
B6_D1,480,0,42,0,0
B6_D1,857,0,171,0,0
B10_D1,91,0,286,0,0
G1_D1,996,0,68,0,0
G1_D1,391,0,37,0,0
B8_D1,246,0,332,0,0
G1_D1,1020,0,154,0,0
B6_D1,150,0,234,0,0
B10_D1,476,0,101,0,0
B10_D1,443,0,38,0,0
B10_D1,641,0,67,0,0
G1_D1,239,0,363,0,0
B4_D1,7,0,149,0,0
B6_D1,792,0,49,0,0
B6_D1,864,0,265,0,0
B6_D1,704,0,38,0,0
B6_D1,605,0,418,0,0
B10_D1,845,0,402,0,0
B4_D1,333,0,217,0,0
B2_D1,211,0,136,0,0
B8_D1,787,0,228,0,0
B6_D1,329,0,141,0,0
B6_D1,399,0,384,0,0
B6_D1,660,0,344,0,0
G1_D1,332,0,24,0,0
B6_D1,1017,0,76,0,0
B6_D1,384,0,168,0,0
G1_D1,236,0,243,0,0
B6_D1,260,0,69,0,0
G1_D1,305,0,98,0,0
B6_D1,20,0,23,0,0
B2_D1,383,0,382,0,0
G1_D1,367,0,102,0,0
B6_D1,8,0,52,0,0
B10_D1,593,0,336,0,0
G1_D1,237,0,118,0,0
B10_D1,94,0,135,0,0
G1_D1,101,0,4,0,0
B8_D1,956,0,240,0,0
B6_D1,574,0,482,0,0
B4_D1,719,0,36,0,0
B6_D1,944,0,288,0,0
B6_D1,276,0,6,0,0
G1_D1,68,0,46,0,0
B6_D1,550,0,178,0,0
B6_D1,727,0,270,0,0
B6_D1,405,0,253,0,0
B10_D1,88,0,41,0,0
B6_D1,236,0,21,0,0
B10_D1,600,0,285,0,0
B10_D1,158,0,180,0,0
B10_D1,354,0,414,0,0
B6_D1,874,0,489,0,0
G1_D1,383,0,277,0,0
B6_D1,704,0,344,0,0
G1_D1,283,0,2,0,0
B10_D1,424,0,484,0,0
G1_D1,643,0,51,0,0
G1_D1,172,0,48,0,0
B6_D1,756,0,37,0,0
G1_D1,151,0,211,0,0
G1_D1,859,0,182,0,0
B10_D1,470,0,212,0,0
B6_D1,112,0,288,0,0
B8_D1,74,0,511,0,0
B6_D1,976,0,198,0,0
G1_D1,151,0,498,0,0
B10_D1,427,0,350,0,0
G1_D1,908,0,303,0,0
B6_D1,36,0,22,0,0
G1_D1,660,0,64,0,0
G1_D1,866,0,497,0,0
G1_D1,506,0,119,0,0
B6_D1,367,0,328,0,0
B6_D1,636,0,360,0,0
B6_D1,890,0,494,0,0
B8_D1,268,0,2,0,0
B6_D1,802,0,68,0,0
G1_D1,142,0,44,0,0
G1_D1,26,0,268,0,0
B10_D1,33,0,57,0,0
G1_D1,48,0,98,0,0
B6_D1,782,0,436,0,0
G1_D1,200,0,235,0,0
G1_D1,666,0,19,0,0
G1_D1,1003,0,201,0,0
B6_D1,725,0,413,0,0
G1_D1,727,0,36,0,0
B4_D1,765,0,15,0,0
G1_D1,41,0,57,0,0
B10_D1,100,0,187,0,0
B8_D1,966,0,1,0,0
B10_D1,835,0,51,0,0
B4_D1,298,0,147,0,0
G1_D1,683,0,277,0,0
B6_D1,338,0,239,0,0
B6_D1,868,0,39,0,0
B4_D1,839,0,13,0,0
B8_D1,269,0,183,0,0
B4_D1,7,0,134,0,0
B6_D1,902,0,482,0,0
G1_D1,440,0,244,0,0
B10_D1,137,0,193,0,0
G1_D1,448,0,156,0,0
B2_D1,201,0,53,0,0
G1_D1,945,0,277,0,0
B4_D1,131,0,209,0,0
B4_D1,596,0,192,0,0
B6_D1,810,0,511,0,0
B4_D1,519,0,239,0,0
B6_D1,361,0,50,0,0
B6_D1,517,0,379,0,0
G1_D1,985,0,84,0,0
B6_D1,446,0,99,0,0
B4_D1,35,0,168,0,0
G1_D1,134,0,60,0,0
B10_D1,599,0,112,0,0
B6_D1,774,0,462,0,0
G1_D1,592,0,189,0,0
B4_D1,361,0,371,0,0
B6_D1,509,0,225,0,0
G1_D1,218,0,69,0,0
G1_D1,76,0,90,0,0
B6_D1,854,0,113,0,0
B10_D1,51,0,112,0,0
G1_D1,1018,0,421,0,0
B10_D1,440,0,6,0,0
B6_D1,972,0,9,0,0
B6_D1,242,0,67,0,0
B6_D1,791,0,75,0,0
B6_D1,945,0,215,0,0
B10_D1,71,0,98,0,0
B4_D1,76,0,81,0,0
B10_D1,536,0,274,0,0
B4_D1,909,0,19,0,0
B6_D1,166,0,182,0,0
B10_D1,472,0,5,0,0
G1_D1,688,0,25,0,0
B10_D1,72,0,453,0,0
B6_D1,65,0,267,0,0
B4_D1,951,0,50,0,0
G1_D1,772,0,50,0,0
B10_D1,447,0,36,0,0
B6_D1,109,0,144,0,0
B10_D1,445,0,303,0,0
B2_D1,529,0,364,0,0
B6_D1,22,0,259,0,0
B6_D1,371,0,384,0,0
B2_D1,454,0,168,0,0
B6_D1,56,0,126,0,0
B4_D1,186,0,357,0,0
G1_D1,908,0,302,0,0
B10_D1,654,0,453,0,0
G1_D1,295,0,125,0,0
G1_D1,49,0,43,0,0
G1_D1,174,0,408,0,0
G1_D1,298,0,42,0,0
B10_D1,367,0,3,0,0
B10_D1,377,0,169,0,0
G1_D1,989,0,165,0,0
B6_D1,917,0,100,0,0
G1_D1,609,0,318,0,0
G1_D1,777,0,8,0,0
B6_D1,788,0,437,0,0
G1_D1,710,0,474,0,0
B2_D1,460,0,372,0,0
G1_D1,987,0,132,0,0
B10_D1,311,0,90,0,0
B10_D1,782,0,311,0,0
B10_D1,818,0,435,0,0
G1_D1,499,0,6,0,0
B6_D1,282,0,509,0,0
B6_D1,72,0,158,0,0
G1_D1,13,0,107,0,0
B10_D1,298,0,146,0,0
B6_D1,977,0,170,0,0
B10_D1,732,0,471,0,0
B10_D1,353,0,336,0,0
B6_D1,894,0,119,0,0
B6_D1,802,0,492,0,0
B10_D1,217,0,360,0,0
G1_D1,265,0,161,0,0
B6_D1,326,0,459,0,0
G1_D1,111,0,65,0,0
B10_D1,33,0,132,0,0
B6_D1,26,0,70,0,0
B10_D1,521,0,41,0,0
B6_D1,370,0,335,0,0
G1_D1,919,0,235,0,0
B6_D1,476,0,14,0,0
B6_D1,797,0,77,0,0
B6_D1,229,0,369,0,0
G1_D1,211,0,113,0,0
B10_D1,283,0,0,0,0
G1_D1,174,0,511,0,0
B10_D1,588,0,44,0,0
B6_D1,502,0,499,0,0
B10_D1,89,0,170,0,0
B6_D1,388,0,72,0,0
B6_D1,38,0,501,0,0
B2_D1,226,0,44,0,0
B2_D1,522,0,482,0,0
G1_D1,504,0,11,0,0
B10_D1,352,0,275,0,0
B6_D1,705,0,111,0,0
B10_D1,685,0,17,0,0
B10_D1,721,0,38,0,0
B6_D1,997,0,137,0,0
B10_D1,922,0,327,0,0
B6_D1,520,0,224,0,0
B4_D1,725,0,81,0,0
B10_D1,521,0,296,0,0
B10_D1,839,0,39,0,0
B10_D1,355,0,15,0,0
G1_D1,1013,0,197,0,0
B10_D1,731,0,270,0,0
B10_D1,125,0,288,0,0
B6_D1,470,0,109,0,0
B6_D1,131,0,197,0,0
B6_D1,324,0,0,0,0
B6_D1,292,0,9,0,0
B10_D1,342,0,47,0,0
B6_D1,883,0,267,0,0
B6_D1,3,0,360,0,0
B6_D1,144,0,142,0,0
B6_D1,413,0,383,0,0
B10_D1,229,0,506,0,0
B10_D1,153,0,110,0,0
B10_D1,208,0,64,0,0
B4_D1,0,0,402,0,0
B6_D1,131,0,308,0,0
G1_D1,877,0,229,0,0
B4_D1,558,0,91,0,0
B6_D1,120,0,20,0,0
G1_D1,316,0,193,0,0
B2_D1,415,0,160,0,0
G1_D1,4,0,503,0,0
B6_D1,376,0,55,0,0
G1_D1,437,0,19,0,0
B10_D1,771,0,424,0,0
B4_D1,537,0,290,0,0
B6_D1,525,0,161,0,0
B10_D1,483,0,97,0,0
G1_D1,241,0,393,0,0
B2_D1,189,0,480,0,0
B10_D1,100,0,165,0,0
B6_D1,926,0,437,0,0
B10_D1,658,0,275,0,0
G1_D1,56,0,27,0,0
B6_D1,873,0,233,0,0
B6_D1,59,0,411,0,0
B6_D1,70,0,125,0,0
B6_D1,694,0,133,0,0
G1_D1,1018,0,280,0,0
B6_D1,68,0,302,0,0
B10_D1,748,0,467,0,0
B6_D1,58,0,502,0,0
B10_D1,47,0,38,0,0
B2_D1,1023,0,310,0,0
B2_D1,61,0,168,0,0
B6_D1,826,0,72,0,0
B10_D1,119,0,190,0,0
B6_D1,39,0,74,0,0
G1_D1,18,0,324,0,0
B6_D1,554,0,422,0,0
B10_D1,5,0,325,0,0
B10_D1,598,0,146,0,0
B6_D1,514,0,511,0,0
B10_D1,861,0,2,0,0
G1_D1,228,0,136,0,0
B6_D1,948,0,418,0,0
G1_D1,153,0,103,0,0
B6_D1,556,0,30,0,0
B10_D1,945,0,27,0,0
B6_D1,837,0,423,0,0
B4_D1,936,0,20,0,0
G1_D1,46,0,181,0,0
B6_D1,732,0,7,0,0
B6_D1,877,0,347,0,0
B4_D1,82,0,17,0,0
B10_D1,357,0,291,0,0
B6_D1,904,0,62,0,0
B10_D1,183,0,194,0,0
B10_D1,145,0,333,0,0
B6_D1,279,0,60,0,0
G1_D1,722,0,167,0,0
B8_D1,610,0,229,0,0
G1_D1,298,0,60,0,0
B10_D1,66,0,95,0,0
B6_D1,648,0,17,0,0
B4_D1,1,0,32,0,0
G1_D1,3,0,472,0,0
B6_D1,90,0,370,0,0
B6_D1,928,0,224,0,0
G1_D1,989,0,8,0,0
B10_D1,101,0,294,0,0
B4_D1,756,0,198,0,0
G1_D1,582,0,19,0,0
B6_D1,332,0,328,0,0
B6_D1,466,0,158,0,0
B6_D1,50,0,508,0,0
B6_D1,20,0,327,0,0
B10_D1,215,0,235,0,0
G1_D1,399,0,2,0,0
B6_D1,884,0,43,0,0
B8_D1,131,0,76,0,0
B10_D1,952,0,283,0,0
B4_D1,124,0,186,0,0
B6_D1,803,0,153,0,0
G1_D1,918,0,308,0,0
B10_D1,301,0,272,0,0
G1_D1,314,0,228,0,0
G1_D1,78,0,135,0,0
B6_D1,292,0,140,0,0
B6_D1,60,0,14,0,0
B10_D1,814,0,249,0,0
B10_D1,6,0,277,0,0
G1_D1,729,0,252,0,0
B10_D1,777,0,259,0,0
B10_D1,465,0,480,0,0
B6_D1,878,0,339,0,0
G1_D1,88,0,81,0,0
B6_D1,64,0,278,0,0
B10_D1,137,0,169,0,0
G1_D1,174,0,259,0,0
B6_D1,800,0,35,0,0
B6_D1,924,0,404,0,0
B10_D1,364,0,150,0,0
G1_D1,757,0,210,0,0
B10_D1,495,0,306,0,0
B4_D1,285,0,140,0,0
B10_D1,341,0,222,0,0
B10_D1,978,0,63,0,0
B10_D1,466,0,109,0,0
B6_D1,268,0,33,0,0
G1_D1,941,0,261,0,0
B2_D1,844,0,9,0,0
B10_D1,639,0,101,0,0
B10_D1,284,0,36,0,0
B10_D1,734,0,161,0,0
B10_D1,991,0,207,0,0
B4_D1,807,0,44,0,0
G1_D1,763,0,10,0,0
B6_D1,61,0,445,0,0
B6_D1,296,0,10,0,0
B2_D1,366,0,36,0,0
G1_D1,700,0,129,0,0
B6_D1,230,0,482,0,0
B2_D1,640,0,24,0,0
B10_D1,162,0,70,0,0
G1_D1,20,0,289,0,0
B10_D1,206,0,144,0,0
B6_D1,861,0,196,0,0
B10_D1,306,0,414,0,0
B6_D1,741,0,155,0,0
B10_D1,863,0,35,0,0
G1_D1,241,0,84,0,0
B6_D1,772,0,162,0,0
B10_D1,687,0,40,0,0
B6_D1,755,0,329,0,0
B10_D1,367,0,15,0,0
B6_D1,205,0,333,0,0
B10_D1,828,0,329,0,0
G1_D1,854,0,390,0,0
B10_D1,32,0,81,0,0
G1_D1,486,0,20,0,0
G1_D1,547,0,124,0,0
B4_D1,699,0,251,0,0
B10_D1,62,0,144,0,0
B10_D1,413,0,165,0,0
B10_D1,711,0,254,0,0
B10_D1,992,0,251,0,0
B6_D1,872,0,152,0,0
G1_D1,114,0,66,0,0
G1_D1,765,0,49,0,0
B10_D1,616,0,206,0,0
B2_D1,503,0,164,0,0
B10_D1,971,0,487,0,0
B6_D1,283,0,244,0,0
B6_D1,432,0,11,0,0
G1_D1,735,0,376,0,0
B6_D1,104,0,99,0,0
B6_D1,446,0,395,0,0
B2_D1,416,0,129,0,0
B6_D1,296,0,31,0,0
B10_D1,733,0,268,0,0
B10_D1,523,0,283,0,0
B10_D1,130,0,349,0,0
G1_D1,619,0,164,0,0
B8_D1,326,0,309,0,0
B6_D1,1021,0,139,0,0
B6_D1,664,0,3,0,0
B10_D1,739,0,51,0,0
G1_D1,22,0,296,0,0
B10_D1,604,0,481,0,0
B6_D1,879,0,193,0,0
B6_D1,867,0,307,0,0
B6_D1,631,0,365,0,0
B8_D1,657,0,246,0,0
G1_D1,507,0,149,0,0
B10_D1,794,0,250,0,0
B10_D1,654,0,96,0,0
G1_D1,817,0,95,0,0
B10_D1,626,0,287,0,0
B10_D1,667,0,319,0,0
G1_D1,793,0,83,0,0
B6_D1,75,0,124,0,0
B10_D1,560,0,67,0,0
B10_D1,841,0,319,0,0
B8_D1,91,0,134,0,0
B6_D1,777,0,424,0,0
B10_D1,536,0,106,0,0
B6_D1,451,0,66,0,0
B2_D1,434,0,212,0,0
B10_D1,87,0,166,0,0
B10_D1,164,0,66,0,0
B6_D1,282,0,495,0,0
B6_D1,424,0,2,0,0
B4_D1,630,0,23,0,0
B10_D1,30,0,117,0,0
B10_D1,791,0,171,0,0
B10_D1,829,0,2,0,0
B4_D1,715,0,200,0,0
B4_D1,37,0,287,0,0
B6_D1,21,0,328,0,0
B10_D1,139,0,210,0,0
B6_D1,508,0,257,0,0
B10_D1,244,0,163,0,0
G1_D1,815,0,258,0,0
B10_D1,83,0,212,0,0
B6_D1,136,0,11,0,0
B6_D1,82,0,134,0,0
B6_D1,740,0,39,0,0
B10_D1,915,0,17,0,0
B8_D1,534,0,293,0,0
B10_D1,572,0,206,0,0
G1_D1,188,0,24,0,0
B10_D1,104,0,118,0,0
B6_D1,700,0,25,0,0
B10_D1,165,0,427,0,0
B4_D1,693,0,187,0,0
B4_D1,929,0,108,0,0
B10_D1,325,0,98,0,0
B10_D1,219,0,357,0,0
G1_D1,615,0,15,0,0
B10_D1,206,0,65,0,0
B10_D1,876,0,17,0,0
B10_D1,313,0,417,0,0
B10_D1,348,0,99,0,0
B10_D1,992,0,52,0,0
G1_D1,372,0,463,0,0
B6_D1,746,0,450,0,0
B6_D1,394,0,484,0,0
B2_D1,359,0,51,0,0
B2_D1,676,0,51,0,0
B8_D1,751,0,314,0,0
B6_D1,133,0,427,0,0
B2_D1,354,0,511,0,0
B6_D1,182,0,286,0,0
B2_D1,878,0,118,0,0
B10_D1,691,0,320,0,0
B6_D1,782,0,503,0,0
B6_D1,628,0,37,0,0
B10_D1,749,0,511,0,0
G1_D1,77,0,93,0,0
B6_D1,525,0,352,0,0
B6_D1,238,0,505,0,0
B6_D1,538,0,397,0,0
B6_D1,29,0,401,0,0
B2_D1,341,0,203,0,0
B10_D1,388,0,449,0,0
B10_D1,146,0,49,0,0
B10_D1,561,0,281,0,0
B10_D1,44,0,173,0,0
B6_D1,143,0,278,0,0
B6_D1,356,0,9,0,0
B6_D1,584,0,3,0,0
B6_D1,216,0,23,0,0
B2_D1,1,0,207,0,0
G1_D1,415,0,229,0,0
B6_D1,720,0,43,0,0
B6_D1,274,0,505,0,0
B8_D1,450,0,198,0,0
B4_D1,1013,0,215,0,0
B6_D1,990,0,505,0,0
G1_D1,165,0,64,0,0
B6_D1,634,0,484,0,0
B6_D1,907,0,438,0,0
B6_D1,312,0,29,0,0
B10_D1,733,0,461,0,0
G1_D1,780,0,97,0,0
B6_D1,156,0,7,0,0
G1_D1,464,0,127,0,0
B10_D1,436,0,142,0,0
G1_D1,766,0,328,0,0
B6_D1,160,0,1,0,0
B6_D1,45,0,427,0,0
G1_D1,226,0,267,0,0
B10_D1,57,0,306,0,0
B6_D1,850,0,272,0,0
B10_D1,860,0,333,0,0
B6_D1,346,0,224,0,0
B10_D1,185,0,259,0,0
B6_D1,240,0,25,0,0
B10_D1,373,0,119,0,0
B10_D1,325,0,336,0,0
B4_D1,100,0,5,0,0
B8_D1,34,0,269,0,0
B6_D1,68,0,36,0,0
B6_D1,1022,0,311,0,0
B10_D1,829,0,417,0,0
B4_D1,115,0,44,0,0
G1_D1,342,0,224,0,0
B10_D1,627,0,174,0,0
B4_D1,715,0,64,0,0
G1_D1,122,0,287,0,0
B10_D1,342,0,205,0,0
B10_D1,667,0,65,0,0
B10_D1,517,0,66,0,0
B10_D1,162,0,358,0,0
B4_D1,107,0,410,0,0
B4_D1,993,0,157,0,0
B10_D1,243,0,358,0,0
B10_D1,701,0,75,0,0
B6_D1,120,0,23,0,0
B10_D1,882,0,296,0,0
B6_D1,916,0,305,0,0
B6_D1,790,0,387,0,0
B6_D1,86,0,504,0,0
B6_D1,30,0,495,0,0
B6_D1,552,0,466,0,0
B6_D1,702,0,504,0,0
B6_D1,19,0,372,0,0
B6_D1,856,0,340,0,0
B10_D1,107,0,468,0,0
B4_D1,6,0,397,0,0
B10_D1,325,0,222,0,0
G1_D1,1011,0,79,0,0
B4_D1,589,0,222,0,0
G1_D1,275,0,10,0,0
B6_D1,5,0,258,0,0
B10_D1,283,0,12,0,0
B6_D1,494,0,452,0,0
B10_D1,243,0,428,0,0
B6_D1,52,0,42,0,0
G1_D1,15,0,240,0,0
B6_D1,668,0,9,0,0
B6_D1,918,0,161,0,0
B6_D1,448,0,5,0,0
B6_D1,124,0,85,0,0
B6_D1,394,0,491,0,0
B10_D1,508,0,284,0,0
B6_D1,536,0,36,0,0
G1_D1,38,0,120,0,0
B10_D1,644,0,257,0,0
B10_D1,275,0,345,0,0
B10_D1,609,0,486,0,0
B10_D1,742,0,323,0,0
B6_D1,623,0,365,0,0
B10_D1,122,0,38,0,0
B6_D1,725,0,338,0,0
B6_D1,600,0,183,0,0
B2_D1,209,0,302,0,0
B4_D1,668,0,185,0,0
B6_D1,674,0,508,0,0
B10_D1,152,0,248,0,0
B2_D1,472,0,510,0,0
G1_D1,331,0,37,0,0
B10_D1,252,0,36,0,0
B6_D1,946,0,484,0,0
B6_D1,120,0,98,0,0
B4_D1,490,0,122,0,0
B6_D1,487,0,416,0,0
B2_D1,551,0,477,0,0
B10_D1,781,0,377,0,0
B6_D1,68,0,41,0,0
B10_D1,397,0,99,0,0
B6_D1,732,0,35,0,0
B10_D1,97,0,290,0,0
B6_D1,659,0,373,0,0
B10_D1,423,0,373,0,0
B10_D1,680,0,45,0,0
B6_D1,958,0,504,0,0
B2_D1,461,0,487,0,0
B6_D1,380,0,30,0,0
B10_D1,331,0,24,0,0
B10_D1,383,0,184,0,0
B10_D1,425,0,262,0,0
G1_D1,726,0,5,0,0
B6_D1,970,0,500,0,0
B2_D1,667,0,286,0,0
B10_D1,236,0,9,0,0
B6_D1,296,0,35,0,0
B6_D1,110,0,497,0,0
B6_D1,89,0,450,0,0
B6_D1,818,0,506,0,0
G1_D1,807,0,41,0,0
B2_D1,278,0,486,0,0
B6_D1,58,0,180,0,0
B10_D1,364,0,217,0,0
B10_D1,909,0,134,0,0
B10_D1,305,0,98,0,0
B10_D1,546,0,20,0,0
B2_D1,667,0,459,0,0
B10_D1,973,0,48,0,0
B8_D1,90,0,277,0,0
B6_D1,829,0,69,0,0
B10_D1,422,0,50,0,0
G1_D1,692,0,160,0,0
B10_D1,178,0,361,0,0
B4_D1,461,0,185,0,0
B4_D1,6,0,401,0,0
G1_D1,865,0,468,0,0
B10_D1,540,0,5,0,0
B10_D1,593,0,45,0,0
B10_D1,15,0,501,0,0
B6_D1,156,0,183,0,0
B6_D1,954,0,496,0,0
B4_D1,656,0,284,0,0
B4_D1,587,0,112,0,0
B6_D1,791,0,254,0,0
B10_D1,95,0,164,0,0
B6_D1,594,0,333,0,0
B10_D1,169,0,172,0,0
B2_D1,458,0,168,0,0
G1_D1,795,0,211,0,0
B6_D1,752,0,264,0,0
G1_D1,706,0,76,0,0
B6_D1,166,0,198,0,0
B6_D1,741,0,70,0,0
B4_D1,140,0,3,0,0
B10_D1,899,0,253,0,0
G1_D1,48,0,169,0,0
B10_D1,592,0,121,0,0
B2_D1,24,0,35,0,0
B10_D1,818,0,411,0,0
G1_D1,223,0,151,0,0
B6_D1,68,0,143,0,0
B10_D1,710,0,162,0,0
B10_D1,332,0,412,0,0
B6_D1,482,0,506,0,0
B10_D1,944,0,77,0,0
B10_D1,744,0,9,0,0
B10_D1,442,0,144,0,0
B6_D1,1008,0,135,0,0
B2_D1,297,0,124,0,0
B10_D1,856,0,30,0,0
B6_D1,270,0,493,0,0
G1_D1,29,0,177,0,0
B6_D1,716,0,344,0,0
B10_D1,25,0,135,0,0
B6_D1,808,0,302,0,0
B6_D1,235,0,49,0,0
B4_D1,722,0,191,0,0
B4_D1,642,0,98,0,0
B4_D1,684,0,196,0,0
B10_D1,753,0,13,0,0
B6_D1,306,0,239,0,0
B10_D1,925,0,251,0,0
B6_D1,958,0,435,0,0
B6_D1,1023,0,421,0,0
G1_D1,534,0,468,0,0
B10_D1,14,0,389,0,0
B4_D1,451,0,220,0,0
B2_D1,852,0,260,0,0
G1_D1,1019,0,238,0,0
G1_D1,1016,0,257,0,0
B2_D1,364,0,385,0,0
B10_D1,92,0,198,0,0
B10_D1,383,0,268,0,0
B6_D1,484,0,29,0,0
B6_D1,216,0,28,0,0
B10_D1,808,0,68,0,0
B10_D1,588,0,54,0,0
G1_D1,1018,0,489,0,0
G1_D1,732,0,11,0,0
B6_D1,330,0,227,0,0
B10_D1,59,0,452,0,0
G1_D1,3,0,477,0,0
B10_D1,659,0,307,0,0
B10_D1,199,0,161,0,0
B6_D1,536,0,49,0,0
G1_D1,614,0,5,0,0
B10_D1,331,0,215,0,0
B10_D1,69,0,102,0,0
G1_D1,1020,0,341,0,0
B10_D1,25,0,270,0,0
B10_D1,1022,0,143,0,0
B6_D1,356,0,0,0,0
B6_D1,977,0,405,0,0
B6_D1,855,0,189,0,0
B10_D1,947,0,504,0,0
B10_D1,741,0,248,0,0
B6_D1,486,0,486,0,0
B10_D1,126,0,129,0,0
B6_D1,723,0,268,0,0
G1_D1,390,0,90,0,0
B6_D1,796,0,274,0,0
B10_D1,134,0,306,0,0
B6_D1,249,0,160,0,0
G1_D1,157,0,265,0,0
B6_D1,455,0,479,0,0
B6_D1,920,0,14,0,0
B4_D1,18,0,170,0,0
B10_D1,139,0,2,0,0
B6_D1,175,0,235,0,0
B2_D1,173,0,4,0,0
G1_D1,886,0,19,0,0
G1_D1,237,0,8,0,0
G1_D1,352,0,305,0,0
B6_D1,656,0,37,0,0
B6_D1,535,0,193,0,0
B2_D1,755,0,53,0,0
B6_D1,654,0,486,0,0
B6_D1,68,0,9,0,0
B10_D1,22,0,202,0,0
G1_D1,833,0,84,0,0
B6_D1,1004,0,429,0,0
B4_D1,788,0,21,0,0
B6_D1,974,0,399,0,0
B10_D1,128,0,504,0,0
B10_D1,285,0,170,0,0
G1_D1,286,0,29,0,0
B10_D1,482,0,245,0,0
B10_D1,794,0,261,0,0
B6_D1,397,0,352,0,0
B10_D1,500,0,247,0,0
B10_D1,0,0,403,0,0
B10_D1,733,0,36,0,0
B2_D1,127,0,121,0,0
B10_D1,326,0,273,0,0
B2_D1,560,0,100,0,0
G1_D1,686,0,362,0,0
B6_D1,291,0,381,0,0
G1_D1,616,0,64,0,0
B2_D1,598,0,160,0,0
B10_D1,470,0,109,0,0
B10_D1,870,0,340,0,0
G1_D1,720,0,304,0,0
B6_D1,431,0,460,0,0
B10_D1,7,0,131,0,0
G1_D1,1003,0,193,0,0
B10_D1,584,0,483,0,0
B6_D1,13,0,356,0,0
G1_D1,317,0,216,0,0
B6_D1,846,0,107,0,0
B6_D1,36,0,171,0,0
B6_D1,800,0,197,0,0
G1_D1,712,0,457,0,0
B10_D1,330,0,94,0,0
B6_D1,199,0,235,0,0
B10_D1,442,0,205,0,0
G1_D1,983,0,297,0,0
B6_D1,730,0,112,0,0
B6_D1,132,0,411,0,0
G1_D1,139,0,48,0,0
B6_D1,508,0,36,0,0
G1_D1,57,0,200,0,0
B6_D1,404,0,10,0,0
B6_D1,728,0,384,0,0
B6_D1,218,0,507,0,0
G1_D1,237,0,40,0,0
B6_D1,968,0,6,0,0
B6_D1,271,0,451,0,0
B6_D1,766,0,198,0,0
B10_D1,962,0,263,0,0
B6_D1,662,0,197,0,0
G1_D1,540,0,29,0,0
B10_D1,213,0,338,0,0
B6_D1,867,0,134,0,0
B10_D1,510,0,110,0,0
B10_D1,459,0,264,0,0
B6_D1,232,0,5,0,0
B2_D1,569,0,26,0,0
B10_D1,663,0,204,0,0
B6_D1,688,0,410,0,0
B6_D1,344,0,3,0,0
G1_D1,585,0,205,0,0
B10_D1,271,0,318,0,0
B2_D1,541,0,41,0,0
B6_D1,283,0,379,0,0
B6_D1,445,0,433,0,0
B10_D1,162,0,443,0,0
B6_D1,527,0,287,0,0
G1_D1,748,0,290,0,0
B6_D1,919,0,406,0,0
B6_D1,543,0,266,0,0
B10_D1,475,0,234,0,0
B6_D1,633,0,310,0,0
B10_D1,779,0,98,0,0
B10_D1,246,0,192,0,0
G1_D1,877,0,210,0,0
B6_D1,763,0,265,0,0
B6_D1,289,0,113,0,0
B10_D1,722,0,121,0,0
B10_D1,315,0,277,0,0
G1_D1,771,0,163,0,0
B10_D1,655,0,85,0,0
B10_D1,166,0,178,0,0
B4_D1,543,0,203,0,0
G1_D1,632,0,18,0,0
B6_D1,568,0,57,0,0
B6_D1,437,0,326,0,0
B10_D1,362,0,133,0,0
B10_D1,48,0,201,0,0
B10_D1,914,0,33,0,0
B6_D1,563,0,68,0,0
B6_D1,220,0,148,0,0
B10_D1,11,0,2,0,0
B6_D1,23,0,91,0,0
B6_D1,978,0,134,0,0
B10_D1,12,0,81,0,0
B6_D1,40,0,10,0,0
B6_D1,764,0,305,0,0
B10_D1,278,0,29,0,0
B10_D1,290,0,99,0,0
B6_D1,226,0,180,0,0
B10_D1,125,0,159,0,0
B6_D1,195,0,371,0,0
B10_D1,557,0,320,0,0
B10_D1,27,0,79,0,0
B10_D1,451,0,278,0,0
B6_D1,136,0,291,0,0
B6_D1,456,0,17,0,0
B6_D1,151,0,368,0,0
G1_D1,996,0,129,0,0
G1_D1,221,0,234,0,0
B6_D1,876,0,9,0,0
B10_D1,2,0,142,0,0
B10_D1,504,0,95,0,0
B10_D1,687,0,26,0,0
B6_D1,260,0,17,0,0
B10_D1,537,0,477,0,0
B6_D1,785,0,126,0,0
B6_D1,82,0,486,0,0
B6_D1,366,0,507,0,0
G1_D1,1023,0,209,0,0
B10_D1,122,0,198,0,0
B6_D1,629,0,312,0,0
B10_D1,454,0,311,0,0
B2_D1,824,0,71,0,0
B6_D1,288,0,421,0,0
B4_D1,785,0,62,0,0
B6_D1,62,0,479,0,0
B6_D1,907,0,99,0,0
B6_D1,954,0,237,0,0
B10_D1,255,0,70,0,0
B6_D1,804,0,118,0,0
G1_D1,444,0,1,0,0
B6_D1,854,0,342,0,0
G1_D1,353,0,19,0,0
B6_D1,408,0,30,0,0
B6_D1,262,0,488,0,0
B6_D1,308,0,47,0,0
B10_D1,334,0,205,0,0
B6_D1,168,0,20,0,0
B2_D1,148,0,31,0,0
G1_D1,310,0,57,0,0
B10_D1,604,0,456,0,0
G1_D1,1007,0,223,0,0
B4_D1,707,0,252,0,0
B10_D1,639,0,307,0,0
B10_D1,559,0,117,0,0
B6_D1,918,0,497,0,0
B2_D1,910,0,41,0,0
G1_D1,881,0,75,0,0
B10_D1,115,0,500,0,0
B10_D1,121,0,1,0,0
B6_D1,52,0,16,0,0
B6_D1,839,0,368,0,0
B4_D1,592,0,107,0,0
B2_D1,897,0,2,0,0
B10_D1,209,0,234,0,0
B10_D1,114,0,454,0,0
B10_D1,108,0,188,0,0
B10_D1,12,0,331,0,0
B6_D1,714,0,508,0,0
B6_D1,204,0,148,0,0
G1_D1,902,0,133,0,0
B10_D1,1004,0,258,0,0
B6_D1,431,0,157,0,0
B10_D1,174,0,42,0,0
B6_D1,249,0,50,0,0
B10_D1,890,0,22,0,0
B6_D1,668,0,40,0,0
B6_D1,912,0,429,0,0
B6_D1,792,0,27,0,0
G1_D1,537,0,141,0,0
B10_D1,265,0,1,0,0
G1_D1,349,0,52,0,0
B10_D1,514,0,225,0,0
B6_D1,530,0,326,0,0
B6_D1,906,0,392,0,0
B10_D1,367,0,276,0,0
B10_D1,348,0,226,0,0
B6_D1,230,0,290,0,0
G1_D1,736,0,166,0,0
B10_D1,165,0,68,0,0
B10_D1,626,0,153,0,0
B2_D1,914,0,40,0,0
G1_D1,663,0,23,0,0
G1_D1,108,0,420,0,0
B6_D1,148,0,271,0,0
B2_D1,800,0,82,0,0
G1_D1,16,0,71,0,0
B6_D1,307,0,237,0,0
B6_D1,822,0,52,0,0
B6_D1,511,0,381,0,0
B10_D1,778,0,26,0,0
B6_D1,273,0,339,0,0
B10_D1,592,0,36,0,0
B10_D1,285,0,120,0,0
G1_D1,1006,0,368,0,0
B6_D1,254,0,101,0,0
B10_D1,38,0,86,0,0
B6_D1,956,0,1,0,0
B6_D1,894,0,66,0,0
B6_D1,264,0,310,0,0
B6_D1,174,0,508,0,0
B6_D1,746,0,498,0,0
G1_D1,62,0,5,0,0
B6_D1,442,0,495,0,0
B10_D1,838,0,185,0,0
B4_D1,849,0,15,0,0
B10_D1,629,0,511,0,0
B4_D1,1,0,23,0,0
B6_D1,492,0,3,0,0
B10_D1,887,0,1,0,0
G1_D1,754,0,111,0,0
G1_D1,931,0,52,0,0
G1_D1,102,0,282,0,0
B4_D1,496,0,373,0,0
B4_D1,676,0,249,0,0
B4_D1,623,0,33,0,0
B10_D1,160,0,275,0,0
B10_D1,252,0,244,0,0
B6_D1,64,0,468,0,0
B10_D1,54,0,269,0,0
G1_D1,340,0,91,0,0
B4_D1,8,0,20,0,0
B10_D1,942,0,76,0,0
B6_D1,968,0,2,0,0
G1_D1,949,0,26,0,0
G1_D1,1018,0,43,0,0
B2_D1,507,0,28,0,0
B10_D1,591,0,77,0,0
G1_D1,828,0,127,0,0
B8_D1,171,0,343,0,0
B6_D1,752,0,16,0,0
G1_D1,726,0,256,0,0
B6_D1,918,0,64,0,0
B10_D1,92,0,321,0,0
B6_D1,764,0,25,0,0
B10_D1,216,0,195,0,0
B6_D1,580,0,30,0,0
G1_D1,197,0,50,0,0
G1_D1,8,0,394,0,0
G1_D1,163,0,386,0,0
G1_D1,267,0,6,0,0
G1_D1,331,0,36,0,0
B6_D1,62,0,484,0,0
G1_D1,703,0,41,0,0
B6_D1,582,0,504,0,0
G1_D1,426,0,104,0,0
G1_D1,186,0,240,0,0
G1_D1,11,0,149,0,0
G1_D1,669,0,4,0,0
B2_D1,209,0,237,0,0
B4_D1,116,0,86,0,0
B6_D1,266,0,181,0,0
B10_D1,1016,0,74,0,0
G1_D1,541,0,144,0,0
B4_D1,759,0,230,0,0
B6_D1,417,0,216,0,0
B10_D1,595,0,286,0,0
G1_D1,259,0,252,0,0
B2_D1,869,0,462,0,0
B6_D1,686,0,493,0,0
B6_D1,158,0,161,0,0
B10_D1,864,0,86,0,0
B10_D1,297,0,405,0,0
G1_D1,46,0,256,0,0
B2_D1,845,0,11,0,0
B6_D1,333,0,192,0,0
B10_D1,359,0,506,0,0
B10_D1,118,0,136,0,0
B8_D1,551,0,212,0,0
B6_D1,192,0,41,0,0
B6_D1,431,0,357,0,0
B10_D1,5,0,135,0,0
B10_D1,367,0,57,0,0
G1_D1,847,0,273,0,0
G1_D1,185,0,12,0,0
B6_D1,266,0,500,0,0
B2_D1,152,0,98,0,0
B2_D1,897,0,165,0,0
G1_D1,458,0,115,0,0
B10_D1,653,0,84,0,0
B10_D1,612,0,130,0,0
B6_D1,148,0,184,0,0
B6_D1,8,0,82,0,0
G1_D1,801,0,447,0,0
G1_D1,455,0,302,0,0
B6_D1,584,0,23,0,0
G1_D1,295,0,2,0,0
B6_D1,710,0,510,0,0
B10_D1,440,0,343,0,0
G1_D1,640,0,0,0,0
B10_D1,398,0,470,0,0
G1_D1,999,0,214,0,0
B10_D1,497,0,227,0,0
G1_D1,996,0,191,0,0
G1_D1,44,0,129,0,0
B10_D1,411,0,218,0,0
G1_D1,310,0,52,0,0
G1_D1,663,0,14,0,0
B10_D1,319,0,72,0,0
B10_D1,676,0,23,0,0
B10_D1,788,0,173,0,0
G1_D1,206,0,120,0,0
B6_D1,89,0,296,0,0
B10_D1,517,0,88,0,0
B6_D1,628,0,11,0,0
G1_D1,243,0,254,0,0
B6_D1,654,0,223,0,0
G1_D1,668,0,11,0,0
B10_D1,700,0,510,0,0
B10_D1,515,0,279,0,0
B4_D1,822,0,91,0,0
G1_D1,1019,0,6,0,0
B8_D1,214,0,69,0,0
G1_D1,982,0,15,0,0
B6_D1,752,0,245,0,0
B10_D1,789,0,248,0,0
B6_D1,118,0,504,0,0
B10_D1,29,0,192,0,0
B6_D1,688,0,49,0,0
G1_D1,217,0,12,0,0
G1_D1,815,0,214,0,0
B6_D1,80,0,3,0,0
B6_D1,709,0,437,0,0
B6_D1,584,0,30,0,0
B2_D1,133,0,266,0,0
B10_D1,588,0,311,0,0
B10_D1,254,0,230,0,0
B6_D1,79,0,209,0,0
B2_D1,123,0,13,0,0
G1_D1,633,0,278,0,0
G1_D1,16,0,262,0,0
B10_D1,733,0,105,0,0
B6_D1,443,0,261,0,0
B6_D1,254,0,132,0,0
B6_D1,174,0,127,0,0
G1_D1,45,0,172,0,0
B6_D1,35,0,255,0,0
B6_D1,101,0,127,0,0
B6_D1,135,0,326,0,0
B10_D1,588,0,198,0,0
B10_D1,380,0,290,0,0
B2_D1,0,0,247,0,0
G1_D1,1008,0,11,0,0
G1_D1,691,0,441,0,0
G1_D1,196,0,58,0,0
B6_D1,436,0,32,0,0
B2_D1,395,0,172,0,0
B6_D1,588,0,344,0,0
B10_D1,680,0,480,0,0
B10_D1,714,0,426,0,0
G1_D1,1015,0,291,0,0
B6_D1,914,0,497,0,0
G1_D1,376,0,207,0,0
B10_D1,416,0,4,0,0
G1_D1,578,0,17,0,0
B4_D1,72,0,22,0,0
B10_D1,148,0,249,0,0
B6_D1,104,0,133,0,0
B10_D1,370,0,340,0,0
B6_D1,554,0,502,0,0
G1_D1,17,0,139,0,0
B6_D1,822,0,268,0,0
B6_D1,803,0,380,0,0
B10_D1,672,0,305,0,0
B4_D1,585,0,381,0,0
B4_D1,917,0,73,0,0
G1_D1,912,0,326,0,0
G1_D1,316,0,11,0,0
B10_D1,258,0,210,0,0
B10_D1,319,0,3,0,0
B2_D1,537,0,365,0,0
G1_D1,1016,0,144,0,0
B4_D1,581,0,382,0,0
B6_D1,766,0,508,0,0
G1_D1,693,0,21,0,0
B6_D1,922,0,399,0,0
B6_D1,76,0,196,0,0
B10_D1,684,0,484,0,0
G1_D1,939,0,511,0,0
B10_D1,534,0,237,0,0
B6_D1,794,0,484,0,0
B6_D1,995,0,277,0,0
B10_D1,579,0,214,0,0
G1_D1,1019,0,343,0,0
B10_D1,480,0,275,0,0
B6_D1,68,0,470,0,0
B6_D1,366,0,502,0,0
B4_D1,358,0,195,0,0
B10_D1,651,0,307,0,0
B6_D1,5,0,397,0,0
B10_D1,727,0,399,0,0
G1_D1,973,0,84,0,0
B10_D1,593,0,486,0,0
G1_D1,948,0,1,0,0
B10_D1,274,0,30,0,0
B10_D1,176,0,283,0,0
B8_D1,299,0,185,0,0
B6_D1,557,0,387,0,0
B10_D1,367,0,274,0,0
B2_D1,554,0,119,0,0
B6_D1,808,0,390,0,0
B4_D1,697,0,21,0,0
B6_D1,479,0,283,0,0
B8_D1,590,0,188,0,0
B10_D1,817,0,327,0,0
B6_D1,442,0,280,0,0
B6_D1,20,0,24,0,0
B6_D1,494,0,436,0,0
B6_D1,312,0,419,0,0
B4_D1,29,0,34,0,0
B6_D1,119,0,452,0,0
G1_D1,202,0,373,0,0
B6_D1,698,0,488,0,0
B10_D1,486,0,308,0,0
G1_D1,53,0,90,0,0
B6_D1,832,0,106,0,0
G1_D1,466,0,115,0,0
B10_D1,660,0,109,0,0
B10_D1,283,0,255,0,0
B10_D1,5,0,198,0,0
G1_D1,793,0,93,0,0
G1_D1,1011,0,88,0,0
B10_D1,741,0,163,0,0
B6_D1,932,0,27,0,0
B10_D1,253,0,214,0,0
G1_D1,1021,0,31,0,0
B6_D1,514,0,163,0,0
B10_D1,741,0,268,0,0
B8_D1,1014,0,250,0,0
B8_D1,315,0,187,0,0
G1_D1,987,0,85,0,0
B8_D1,340,0,185,0,0
B6_D1,451,0,136,0,0
B10_D1,493,0,408,0,0
B4_D1,961,0,291,0,0
B6_D1,654,0,490,0,0
B8_D1,703,0,248,0,0
B4_D1,716,0,195,0,0
B6_D1,781,0,55,0,0
B2_D1,699,0,285,0,0
B6_D1,250,0,505,0,0
B6_D1,370,0,498,0,0
B6_D1,168,0,33,0,0
G1_D1,571,0,196,0,0
G1_D1,572,0,1,0,0
B6_D1,777,0,337,0,0
G1_D1,1000,0,144,0,0
G1_D1,1005,0,72,0,0
B10_D1,1012,0,472,0,0
B4_D1,123,0,34,0,0
B6_D1,146,0,234,0,0
G1_D1,540,0,18,0,0
B10_D1,584,0,142,0,0
B6_D1,808,0,14,0,0
B6_D1,153,0,253,0,0
B6_D1,517,0,312,0,0
B10_D1,840,0,190,0,0
B6_D1,994,0,509,0,0
B10_D1,524,0,510,0,0
B8_D1,748,0,202,0,0
B6_D1,798,0,201,0,0
B10_D1,938,0,86,0,0
G1_D1,661,0,147,0,0
B10_D1,995,0,289,0,0
G1_D1,607,0,317,0,0
B6_D1,732,0,183,0,0
B6_D1,224,0,8,0,0
B2_D1,290,0,200,0,0
B4_D1,671,0,72,0,0
B6_D1,377,0,292,0,0
B6_D1,532,0,6,0,0
B6_D1,149,0,174,0,0
B10_D1,724,0,430,0,0
B6_D1,444,0,41,0,0
B6_D1,409,0,260,0,0
B10_D1,13,0,17,0,0
G1_D1,1023,0,92,0,0
B6_D1,572,0,9,0,0
B6_D1,495,0,133,0,0
B6_D1,548,0,183,0,0
B6_D1,242,0,482,0,0
B10_D1,272,0,9,0,0
B10_D1,768,0,56,0,0
B6_D1,40,0,45,0,0
B10_D1,869,0,336,0,0
B10_D1,17,0,121,0,0
B10_D1,41,0,30,0,0
G1_D1,1001,0,33,0,0
G1_D1,725,0,279,0,0
B10_D1,195,0,231,0,0
B6_D1,292,0,42,0,0
B10_D1,196,0,257,0,0
B6_D1,922,0,486,0,0
B4_D1,150,0,131,0,0
B10_D1,407,0,268,0,0
G1_D1,521,0,112,0,0
G1_D1,959,0,218,0,0
B10_D1,620,0,311,0,0
B4_D1,548,0,108,0,0
B10_D1,413,0,263,0,0
B10_D1,276,0,171,0,0
B6_D1,646,0,500,0,0
B6_D1,725,0,192,0,0
B6_D1,232,0,47,0,0
G1_D1,834,0,272,0,0
B10_D1,276,0,319,0,0
B6_D1,669,0,377,0,0
B6_D1,134,0,505,0,0
B2_D1,378,0,499,0,0
B6_D1,926,0,496,0,0
B6_D1,3,0,199,0,0
B10_D1,534,0,244,0,0
B10_D1,663,0,2,0,0
B10_D1,1019,0,75,0,0
B6_D1,714,0,387,0,0
B6_D1,777,0,244,0,0
B10_D1,81,0,91,0,0
B6_D1,948,0,197,0,0
B10_D1,273,0,204,0,0
B10_D1,367,0,190,0,0
B6_D1,308,0,16,0,0
B6_D1,561,0,406,0,0
B6_D1,434,0,462,0,0
B4_D1,920,0,52,0,0
B2_D1,442,0,111,0,0
G1_D1,1021,0,19,0,0
G1_D1,179,0,498,0,0
B6_D1,672,0,409,0,0
G1_D1,677,0,21,0,0
B2_D1,829,0,64,0,0
G1_D1,540,0,7,0,0
B6_D1,822,0,504,0,0
B2_D1,168,0,468,0,0
B2_D1,258,0,154,0,0
G1_D1,655,0,15,0,0
B10_D1,22,0,49,0,0
B6_D1,706,0,369,0,0
G1_D1,398,0,199,0,0
B8_D1,200,0,191,0,0
G1_D1,581,0,193,0,0
B6_D1,24,0,19,0,0
B6_D1,676,0,339,0,0
B10_D1,677,0,54,0,0
B6_D1,789,0,152,0,0
B6_D1,344,0,333,0,0
G1_D1,1013,0,221,0,0
B6_D1,196,0,419,0,0
B10_D1,944,0,503,0,0
B10_D1,516,0,307,0,0
B6_D1,278,0,185,0,0
G1_D1,989,0,71,0,0
B6_D1,346,0,372,0,0
B6_D1,309,0,375,0,0
B10_D1,150,0,205,0,0
B4_D1,867,0,107,0,0
G1_D1,176,0,168,0,0
B10_D1,156,0,144,0,0
B10_D1,650,0,58,0,0
B6_D1,466,0,328,0,0
B10_D1,183,0,10,0,0
B6_D1,508,0,22,0,0
G1_D1,693,0,281,0,0
B6_D1,714,0,423,0,0
G1_D1,429,0,263,0,0
B10_D1,707,0,10,0,0
B6_D1,1018,0,503,0,0
B8_D1,1022,0,73,0,0
B6_D1,740,0,1,0,0
B10_D1,339,0,510,0,0
G1_D1,221,0,61,0,0
B10_D1,350,0,309,0,0
B6_D1,961,0,160,0,0
B6_D1,858,0,488,0,0
B6_D1,219,0,237,0,0
G1_D1,650,0,236,0,0
B6_D1,793,0,270,0,0
B6_D1,916,0,429,0,0
B6_D1,976,0,18,0,0
B6_D1,266,0,135,0,0
B6_D1,1022,0,476,0,0
B10_D1,74,0,87,0,0
B6_D1,38,0,510,0,0
B6_D1,795,0,481,0,0
B6_D1,906,0,507,0,0
G1_D1,710,0,13,0,0
G1_D1,329,0,4,0,0
B10_D1,423,0,401,0,0
B10_D1,127,0,3,0,0
G1_D1,87,0,307,0,0
G1_D1,449,0,122,0,0
B6_D1,60,0,287,0,0
G1_D1,1017,0,204,0,0
B10_D1,590,0,287,0,0
B2_D1,653,0,20,0,0
B10_D1,400,0,11,0,0
B6_D1,450,0,499,0,0
B10_D1,133,0,110,0,0
B6_D1,223,0,198,0,0
B10_D1,869,0,288,0,0
B2_D1,356,0,385,0,0
B4_D1,915,0,54,0,0
B6_D1,13,0,366,0,0
B6_D1,628,0,33,0,0
B10_D1,785,0,377,0,0
B2_D1,674,0,478,0,0
B4_D1,246,0,207,0,0
G1_D1,217,0,35,0,0
B4_D1,1020,0,36,0,0
G1_D1,89,0,425,0,0
B6_D1,948,0,21,0,0
B6_D1,408,0,29,0,0
B4_D1,925,0,64,0,0
B10_D1,46,0,40,0,0
B10_D1,573,0,315,0,0
B10_D1,766,0,326,0,0
B6_D1,218,0,495,0,0
G1_D1,576,0,197,0,0
B10_D1,504,0,59,0,0
B10_D1,244,0,46,0,0
B6_D1,197,0,133,0,0
B10_D1,434,0,71,0,0
B6_D1,544,0,291,0,0
G1_D1,539,0,282,0,0
B6_D1,514,0,501,0,0
B6_D1,702,0,488,0,0
B10_D1,189,0,1,0,0
B10_D1,92,0,203,0,0
B6_D1,720,0,22,0,0
B6_D1,156,0,32,0,0
B10_D1,776,0,252,0,0
B4_D1,1023,0,17,0,0
G1_D1,838,0,272,0,0
B8_D1,729,0,247,0,0
B6_D1,374,0,281,0,0
B10_D1,74,0,267,0,0
B6_D1,749,0,253,0,0
B6_D1,131,0,477,0,0
G1_D1,11,0,80,0,0
G1_D1,111,0,135,0,0
G1_D1,148,0,436,0,0
B6_D1,550,0,496,0,0
B10_D1,87,0,2,0,0
B6_D1,924,0,401,0,0
B6_D1,648,0,422,0,0
B10_D1,15,0,65,0,0
B10_D1,19,0,223,0,0
B10_D1,431,0,320,0,0
B6_D1,842,0,273,0,0
B6_D1,144,0,18,0,0
G1_D1,188,0,506,0,0
G1_D1,986,0,511,0,0
B10_D1,17,0,192,0,0
G1_D1,285,0,510,0,0
G1_D1,337,0,226,0,0
G1_D1,1018,0,95,0,0
B10_D1,367,0,277,0,0
G1_D1,825,0,42,0,0
B10_D1,802,0,411,0,0
B10_D1,341,0,112,0,0
B6_D1,234,0,180,0,0
B10_D1,633,0,315,0,0
B10_D1,55,0,12,0,0
B10_D1,268,0,493,0,0
G1_D1,991,0,183,0,0
B10_D1,252,0,212,0,0
B6_D1,763,0,267,0,0
B6_D1,448,0,381,0,0
B10_D1,1002,0,302,0,0
B6_D1,599,0,479,0,0
G1_D1,305,0,55,0,0
B6_D1,451,0,372,0,0
B4_D1,53,0,21,0,0
B10_D1,650,0,31,0,0
B6_D1,478,0,353,0,0
B6_D1,9,0,437,0,0
B6_D1,391,0,285,0,0
B10_D1,103,0,113,0,0
B10_D1,14,0,168,0,0
B4_D1,270,0,319,0,0
B6_D1,898,0,165,0,0
G1_D1,586,0,457,0,0
B8_D1,554,0,291,0,0
B4_D1,150,0,361,0,0
B10_D1,320,0,454,0,0
B6_D1,804,0,300,0,0
B6_D1,998,0,85,0,0
B2_D1,400,0,493,0,0
B10_D1,155,0,3,0,0
B10_D1,545,0,1,0,0
B4_D1,421,0,388,0,0
B10_D1,257,0,231,0,0
B6_D1,548,0,376,0,0
B6_D1,382,0,293,0,0
G1_D1,503,0,217,0,0
B10_D1,1021,0,151,0,0
B10_D1,524,0,286,0,0
G1_D1,795,0,307,0,0
B6_D1,948,0,19,0,0
G1_D1,197,0,62,0,0
B6_D1,834,0,424,0,0
B10_D1,860,0,229,0,0
B6_D1,140,0,202,0,0
B10_D1,619,0,103,0,0
B6_D1,706,0,416,0,0
B8_D1,222,0,90,0,0
B4_D1,133,0,424,0,0
B6_D1,974,0,148,0,0
B6_D1,588,0,322,0,0
B4_D1,426,0,233,0,0
G1_D1,447,0,90,0,0
B4_D1,2,0,467,0,0
B10_D1,193,0,62,0,0
B10_D1,161,0,177,0,0
B10_D1,721,0,431,0,0
B2_D1,935,0,56,0,0
B10_D1,679,0,244,0,0
B10_D1,532,0,95,0,0
B6_D1,133,0,217,0,0
B10_D1,33,0,97,0,0
G1_D1,708,0,80,0,0
B6_D1,630,0,507,0,0
B10_D1,515,0,46,0,0
G1_D1,847,0,128,0,0
B6_D1,534,0,354,0,0
G1_D1,16,0,317,0,0
B10_D1,332,0,18,0,0
G1_D1,57,0,88,0,0
G1_D1,273,0,19,0,0
G1_D1,970,0,15,0,0
G1_D1,111,0,300,0,0
B6_D1,804,0,16,0,0
G1_D1,162,0,251,0,0
G1_D1,503,0,17,0,0
B6_D1,612,0,10,0,0
B2_D1,243,0,52,0,0
B8_D1,149,0,205,0,0
B6_D1,460,0,22,0,0
G1_D1,709,0,365,0,0
G1_D1,811,0,265,0,0
B10_D1,14,0,158,0,0
G1_D1,10,0,18,0,0
B10_D1,6,0,386,0,0
B6_D1,85,0,90,0,0
B6_D1,881,0,72,0,0
G1_D1,113,0,132,0,0
G1_D1,783,0,389,0,0
G1_D1,614,0,510,0,0
B10_D1,220,0,59,0,0
B2_D1,938,0,52,0,0
B6_D1,0,0,17,0,0
B10_D1,560,0,410,0,0
G1_D1,846,0,448,0,0
B10_D1,491,0,481,0,0
G1_D1,837,0,269,0,0
G1_D1,787,0,248,0,0
B10_D1,112,0,220,0,0
B2_D1,614,0,481,0,0
B10_D1,322,0,84,0,0
G1_D1,524,0,63,0,0
B10_D1,66,0,460,0,0
B4_D1,906,0,72,0,0
B10_D1,159,0,356,0,0
B10_D1,306,0,83,0,0
B6_D1,488,0,294,0,0
B10_D1,543,0,327,0,0
B10_D1,262,0,311,0,0
B10_D1,590,0,271,0,0
B6_D1,530,0,348,0,0
B6_D1,731,0,52,0,0
B4_D1,349,0,221,0,0
B6_D1,12,0,363,0,0
B6_D1,246,0,502,0,0
B10_D1,281,0,204,0,0
B10_D1,36,0,32,0,0
B10_D1,633,0,116,0,0
B8_D1,155,0,203,0,0
B6_D1,884,0,184,0,0
B6_D1,976,0,1,0,0
B6_D1,119,0,266,0,0
B10_D1,831,0,187,0,0
B10_D1,467,0,494,0,0
G1_D1,615,0,168,0,0
G1_D1,432,0,33,0,0
B10_D1,8,0,31,0,0
B6_D1,96,0,19,0,0
B10_D1,381,0,247,0,0
B10_D1,624,0,412,0,0
B10_D1,818,0,409,0,0
B6_D1,306,0,147,0,0
B10_D1,508,0,486,0,0
B6_D1,421,0,50,0,0
B6_D1,767,0,202,0,0
B6_D1,50,0,197,0,0
G1_D1,8,0,222,0,0
B2_D1,335,0,53,0,0
B4_D1,274,0,193,0,0
B6_D1,732,0,8,0,0
B10_D1,466,0,405,0,0
B6_D1,888,0,128,0,0
B6_D1,374,0,487,0,0
G1_D1,419,0,10,0,0
B10_D1,449,0,230,0,0
B10_D1,467,0,224,0,0
G1_D1,24,0,91,0,0
G1_D1,256,0,56,0,0
G1_D1,576,0,81,0,0
G1_D1,945,0,459,0,0
B6_D1,506,0,507,0,0
G1_D1,1018,0,104,0,0
B10_D1,614,0,35,0,0
B2_D1,775,0,234,0,0
B2_D1,212,0,206,0,0
G1_D1,588,0,213,0,0
G1_D1,36,0,98,0,0
B6_D1,834,0,487,0,0
B6_D1,358,0,503,0,0
B2_D1,515,0,0,0,0
B6_D1,566,0,495,0,0
G1_D1,720,0,314,0,0
B6_D1,316,0,3,0,0
B10_D1,558,0,136,0,0
B10_D1,287,0,2,0,0
B6_D1,119,0,326,0,0
B10_D1,555,0,3,0,0
G1_D1,32,0,242,0,0
B10_D1,459,0,90,0,0
B10_D1,840,0,59,0,0
B4_D1,842,0,97,0,0
G1_D1,149,0,114,0,0
B6_D1,207,0,308,0,0
G1_D1,31,0,367,0,0
G1_D1,418,0,20,0,0
B4_D1,996,0,12,0,0
B6_D1,245,0,63,0,0
B10_D1,756,0,309,0,0
G1_D1,761,0,35,0,0
B10_D1,225,0,219,0,0
B10_D1,227,0,425,0,0
B10_D1,584,0,257,0,0
B10_D1,853,0,44,0,0
B6_D1,746,0,347,0,0
B6_D1,984,0,22,0,0
B6_D1,123,0,56,0,0
B10_D1,651,0,303,0,0
B10_D1,157,0,169,0,0
G1_D1,803,0,338,0,0
B2_D1,664,0,90,0,0
G1_D1,561,0,96,0,0
B6_D1,814,0,88,0,0
B10_D1,432,0,220,0,0
B2_D1,770,0,21,0,0
B6_D1,385,0,61,0,0
B10_D1,727,0,166,0,0
B10_D1,946,0,296,0,0
B10_D1,730,0,351,0,0
B10_D1,319,0,29,0,0
B6_D1,632,0,23,0,0
B10_D1,847,0,336,0,0
B10_D1,827,0,50,0,0
B4_D1,5,0,40,0,0
B6_D1,215,0,346,0,0
B10_D1,795,0,229,0,0
B10_D1,811,0,90,0,0
B10_D1,928,0,67,0,0
B8_D1,534,0,209,0,0
B10_D1,219,0,319,0,0
B10_D1,390,0,195,0,0
G1_D1,343,0,443,0,0
B4_D1,253,0,341,0,0
B10_D1,626,0,310,0,0
G1_D1,188,0,11,0,0
B10_D1,758,0,364,0,0
G1_D1,950,0,272,0,0
B10_D1,373,0,179,0,0
B8_D1,34,0,3,0,0
B6_D1,202,0,330,0,0
B6_D1,656,0,40,0,0
B10_D1,336,0,213,0,0
B6_D1,1016,0,32,0,0
G1_D1,887,0,255,0,0
B10_D1,798,0,174,0,0
G1_D1,706,0,472,0,0
B2_D1,760,0,62,0,0
B10_D1,732,0,285,0,0
B6_D1,74,0,129,0,0
B6_D1,760,0,400,0,0
B6_D1,252,0,480,0,0
B10_D1,592,0,456,0,0
B10_D1,183,0,203,0,0
B6_D1,678,0,288,0,0
B10_D1,705,0,313,0,0
B6_D1,959,0,246,0,0
B6_D1,968,0,18,0,0
B10_D1,140,0,505,0,0
B6_D1,603,0,287,0,0
G1_D1,249,0,21,0,0
B4_D1,416,0,391,0,0
B10_D1,442,0,237,0,0
B10_D1,848,0,405,0,0
B10_D1,231,0,167,0,0
G1_D1,38,0,210,0,0
B6_D1,556,0,0,0,0
B10_D1,400,0,112,0,0
B6_D1,117,0,94,0,0
B10_D1,387,0,286,0,0
B4_D1,196,0,136,0,0
B2_D1,204,0,52,0,0
G1_D1,580,0,152,0,0
G1_D1,698,0,250,0,0
B6_D1,485,0,230,0,0
B10_D1,123,0,174,0,0
B10_D1,111,0,126,0,0
B6_D1,388,0,145,0,0
G1_D1,533,0,46,0,0
B10_D1,360,0,410,0,0
G1_D1,75,0,130,0,0
B10_D1,1022,0,106,0,0
B6_D1,542,0,450,0,0
B10_D1,601,0,413,0,0
B10_D1,720,0,164,0,0
B6_D1,835,0,151,0,0
B6_D1,848,0,296,0,0
B8_D1,71,0,3,0,0
B10_D1,104,0,194,0,0
B6_D1,852,0,153,0,0
B10_D1,432,0,248,0,0
B2_D1,902,0,163,0,0
G1_D1,850,0,71,0,0
B2_D1,491,0,493,0,0
B6_D1,206,0,494,0,0
B2_D1,774,0,224,0,0
B6_D1,868,0,2,0,0
B10_D1,232,0,216,0,0
B6_D1,175,0,385,0,0
B6_D1,873,0,258,0,0
B10_D1,316,0,18,0,0
B10_D1,971,0,4,0,0
B10_D1,602,0,197,0,0
G1_D1,182,0,5,0,0
B2_D1,936,0,154,0,1
B6_D1,910,0,344,0,0
B6_D1,733,0,72,0,0
G1_D1,990,0,276,0,0
G1_D1,96,0,102,0,0
B6_D1,555,0,184,0,0
B10_D1,339,0,209,0,0
B2_D1,388,0,113,0,0
B6_D1,656,0,23,0,0
B10_D1,688,0,20,0,0
B10_D1,654,0,82,0,0
B4_D1,1020,0,98,0,0
B10_D1,39,0,84,0,0
B6_D1,206,0,503,0,0
B6_D1,288,0,5,0,0
B10_D1,1009,0,33,0,0
B10_D1,428,0,494,0,0
B10_D1,902,0,131,0,0
B6_D1,27,0,132,0,0
B2_D1,186,0,93,0,0
B6_D1,629,0,368,0,0
B10_D1,372,0,484,0,0
B10_D1,862,0,195,0,0
B10_D1,41,0,57,0,0
B6_D1,860,0,153,0,0
B6_D1,785,0,355,0,0
B6_D1,882,0,137,0,0
B4_D1,3,0,343,0,0
B6_D1,352,0,24,0,0
B6_D1,1023,0,399,0,0
B10_D1,100,0,159,0,0
B6_D1,49,0,115,0,0
B10_D1,6,0,378,0,0
B10_D1,202,0,432,0,0
B10_D1,815,0,65,0,0
B6_D1,415,0,271,0,0
B6_D1,809,0,130,0,0
B6_D1,287,0,158,0,0
B6_D1,160,0,16,0,0
B6_D1,439,0,68,0,0
B6_D1,208,0,7,0,0
B6_D1,979,0,309,0,0
B10_D1,770,0,249,0,0
B10_D1,395,0,485,0,0
B6_D1,522,0,237,0,0
B10_D1,828,0,334,0,0
B6_D1,145,0,457,0,0
B6_D1,5,0,357,0,0
B10_D1,866,0,26,0,0
G1_D1,705,0,463,0,0
B10_D1,499,0,476,0,0
B6_D1,962,0,497,0,0
B6_D1,85,0,96,0,0
B6_D1,790,0,504,0,0
B10_D1,361,0,197,0,0
B10_D1,597,0,313,0,0
B2_D1,586,0,511,0,0
B2_D1,443,0,475,0,0
B10_D1,326,0,47,0,0
G1_D1,1011,0,216,0,0
B10_D1,92,0,476,0,0
G1_D1,319,0,136,0,0
B6_D1,827,0,232,0,0
B10_D1,1020,0,262,0,0
B6_D1,936,0,19,0,0
B10_D1,923,0,435,0,0
G1_D1,62,0,269,0,0
G1_D1,632,0,235,0,0
B2_D1,654,0,458,0,0
B10_D1,277,0,135,0,0
B10_D1,616,0,316,0,0
B2_D1,306,0,511,0,0
B10_D1,922,0,75,0,0
B6_D1,751,0,430,0,0
G1_D1,175,0,112,0,0
G1_D1,810,0,19,0,0
B6_D1,1,0,336,0,0
B6_D1,537,0,55,0,0
B10_D1,411,0,72,0,0
G1_D1,918,0,311,0,0
B6_D1,65,0,121,0,0
B4_D1,3,0,237,0,0
G1_D1,51,0,93,0,0
B10_D1,826,0,416,0,0
B6_D1,825,0,423,0,0
G1_D1,730,0,462,0,0
B10_D1,185,0,282,0,0
B6_D1,502,0,485,0,0
B10_D1,952,0,52,0,0
B6_D1,292,0,151,0,0
B10_D1,526,0,276,0,0
B10_D1,733,0,117,0,0
B4_D1,99,0,311,0,0
B6_D1,999,0,305,0,0
B6_D1,423,0,349,0,0
B10_D1,980,0,27,0,0
B10_D1,107,0,510,0,0
G1_D1,887,0,58,0,0
G1_D1,362,0,237,0,0
B4_D1,7,0,507,0,0
B10_D1,888,0,362,0,0
B6_D1,524,0,27,0,0
B6_D1,987,0,403,0,0
G1_D1,21,0,220,0,0
B6_D1,198,0,408,0,0
B6_D1,368,0,5,0,0
B10_D1,153,0,32,0,0
B6_D1,456,0,107,0,0
B6_D1,555,0,479,0,0
B10_D1,187,0,510,0,0
B10_D1,480,0,82,0,0
B6_D1,309,0,480,0,0
B6_D1,308,0,19,0,0
B8_D1,924,0,300,0,0
G1_D1,217,0,493,0,0
B10_D1,388,0,312,0,0
B6_D1,310,0,504,0,0
B4_D1,653,0,72,0,0
G1_D1,998,0,109,0,0
B6_D1,859,0,134,0,0
B6_D1,954,0,400,0,0
B2_D1,678,0,361,0,0
B6_D1,399,0,316,0,0
G1_D1,924,0,294,0,0
B6_D1,136,0,306,0,0
B2_D1,831,0,125,0,0
B2_D1,725,0,185,0,0
B10_D1,17,0,394,0,0
B10_D1,386,0,273,0,0
G1_D1,222,0,184,0,0
B10_D1,634,0,256,0,0
B2_D1,867,0,51,0,0
G1_D1,1022,0,112,0,0
G1_D1,642,0,510,0,0
B6_D1,700,0,27,0,0
B6_D1,504,0,18,0,0
B8_D1,730,0,196,0,0
B10_D1,582,0,283,0,0
B10_D1,53,0,52,0,0
B2_D1,325,0,52,0,0
B6_D1,524,0,188,0,0
B4_D1,682,0,194,0,0
G1_D1,55,0,54,0,0
B10_D1,652,0,378,0,0
B10_D1,18,0,302,0,0
B6_D1,514,0,406,0,0
G1_D1,779,0,267,0,0
B10_D1,718,0,310,0,0
B6_D1,180,0,28,0,0
B4_D1,509,0,431,0,0
B6_D1,370,0,490,0,0
B6_D1,704,0,34,0,0
B6_D1,895,0,481,0,0
B10_D1,54,0,203,0,0
B10_D1,814,0,213,0,0
B10_D1,324,0,99,0,0
B10_D1,265,0,138,0,0
B10_D1,571,0,294,0,0
B6_D1,444,0,29,0,0
B8_D1,431,0,197,0,0
B10_D1,11,0,216,0,0
B6_D1,139,0,259,0,0
G1_D1,1011,0,238,0,0
B6_D1,892,0,449,0,0
B6_D1,209,0,239,0,0
B6_D1,312,0,49,0,0
B6_D1,371,0,410,0,0
B6_D1,747,0,284,0,0
B6_D1,110,0,499,0,0
G1_D1,1018,0,272,0,0
B6_D1,418,0,488,0,0
G1_D1,51,0,33,0,0
B10_D1,773,0,259,0,0
B2_D1,872,0,1,0,0
B6_D1,672,0,130,0,0
B6_D1,682,0,411,0,0
B10_D1,124,0,226,0,0
B6_D1,268,0,37,0,0
B10_D1,470,0,244,0,0
B10_D1,613,0,292,0,0
B10_D1,123,0,224,0,0
B6_D1,9,0,404,0,0
B6_D1,260,0,34,0,0
B6_D1,368,0,145,0,0
B10_D1,64,0,47,0,0
B6_D1,0,0,425,0,0
B4_D1,308,0,149,0,0
B10_D1,225,0,234,0,0
B4_D1,110,0,309,0,0
G1_D1,414,0,369,0,0
G1_D1,636,0,175,0,0
B8_D1,921,0,236,0,0
B6_D1,753,0,465,0,0
G1_D1,683,0,165,0,0
B10_D1,85,0,96,0,0
B2_D1,466,0,127,0,0
G1_D1,176,0,284,0,0
G1_D1,654,0,25,0,0
B10_D1,617,0,262,0,0
B6_D1,660,0,4,0,0
B6_D1,624,0,22,0,0
B10_D1,273,0,240,0,0
B6_D1,712,0,11,0,0
B10_D1,193,0,59,0,0
B10_D1,428,0,6,0,0
B4_D1,7,0,358,0,0
B6_D1,381,0,352,0,0
B6_D1,792,0,22,0,0
G1_D1,758,0,447,0,0
B10_D1,160,0,270,0,0
B10_D1,730,0,463,0,0
B6_D1,783,0,388,0,0
B2_D1,916,0,17,0,0
B10_D1,532,0,287,0,0
B6_D1,61,0,204,0,0
B6_D1,618,0,208,0,0
B2_D1,686,0,16,0,0
B6_D1,920,0,0,0,0
B6_D1,545,0,403,0,0
B2_D1,745,0,79,0,0
G1_D1,287,0,237,0,0
B2_D1,614,0,112,0,0
B6_D1,131,0,104,0,0
G1_D1,510,0,9,0,0
G1_D1,854,0,511,0,0
B6_D1,104,0,8,0,0
B2_D1,526,0,221,0,0
B6_D1,741,0,253,0,0
B6_D1,666,0,485,0,0
B4_D1,701,0,303,0,0
G1_D1,836,0,256,0,0
B6_D1,708,0,26,0,0
B10_D1,227,0,404,0,0
B4_D1,788,0,240,0,0
B10_D1,938,0,341,0,0
B6_D1,44,0,433,0,0
B2_D1,967,0,46,0,0
B10_D1,15,0,296,0,0
B2_D1,528,0,155,0,0
B10_D1,192,0,278,0,0
B6_D1,104,0,39,0,0
B2_D1,553,0,480,0,0
B6_D1,907,0,143,0,0
B6_D1,856,0,37,0,0
G1_D1,229,0,61,0,0
G1_D1,427,0,16,0,0
B10_D1,153,0,255,0,0
B2_D1,127,0,120,0,0
B2_D1,602,0,113,0,0
G1_D1,693,0,362,0,0
B10_D1,967,0,33,0,0
B6_D1,851,0,450,0,0
G1_D1,696,0,275,0,0
G1_D1,976,0,209,0,0
B4_D1,171,0,359,0,0
B6_D1,578,0,463,0,0
B10_D1,19,0,123,0,0
G1_D1,867,0,234,0,0
B6_D1,998,0,408,0,0
G1_D1,281,0,187,0,0
B10_D1,204,0,5,0,0
B6_D1,370,0,509,0,0
G1_D1,387,0,106,0,0
G1_D1,705,0,55,0,0
G1_D1,287,0,2,0,0
B10_D1,369,0,170,0,0
G1_D1,719,0,371,0,0
B6_D1,20,0,46,0,0
B4_D1,896,0,99,0,0
B2_D1,963,0,13,0,0
B10_D1,318,0,419,0,0
B4_D1,846,0,214,0,0
B6_D1,495,0,369,0,0
B10_D1,1006,0,112,0,0
G1_D1,993,0,96,0,0
B4_D1,33,0,254,0,0
B6_D1,224,0,45,0,0
G1_D1,553,0,248,0,0
G1_D1,733,0,469,0,0
B10_D1,191,0,161,0,0
B6_D1,408,0,22,0,0
G1_D1,194,0,407,0,0
B4_D1,0,0,264,0,0
G1_D1,274,0,29,0,0
B6_D1,76,0,40,0,0
G1_D1,20,0,300,0,0
B10_D1,26,0,59,0,0
B4_D1,943,0,33,0,0
B6_D1,827,0,328,0,0
B6_D1,550,0,389,0,0
B10_D1,924,0,218,0,0
G1_D1,960,0,479,0,0
B10_D1,484,0,60,0,0
B2_D1,775,0,283,0,0
B6_D1,994,0,502,0,0
B10_D1,16,0,189,0,0
B6_D1,156,0,252,0,0
B6_D1,505,0,175,0,0
B6_D1,222,0,501,0,0
B6_D1,231,0,297,0,0
B10_D1,244,0,25,0,0
G1_D1,627,0,464,0,0
B6_D1,80,0,143,0,0
B8_D1,295,0,185,0,0
B10_D1,501,0,70,0,0
B8_D1,159,0,201,0,0
B10_D1,415,0,117,0,0
B6_D1,886,0,496,0,0
B6_D1,214,0,82,0,0
B6_D1,731,0,271,0,0
G1_D1,494,0,18,0,0
B6_D1,606,0,346,0,0
B10_D1,440,0,498,0,0
B6_D1,530,0,495,0,0
B10_D1,156,0,502,0,0
G1_D1,209,0,42,0,0
B10_D1,190,0,122,0,0
B10_D1,386,0,271,0,0
B10_D1,105,0,290,0,0
B6_D1,20,0,19,0,0
G1_D1,17,0,245,0,0
B10_D1,7,0,250,0,0
G1_D1,942,0,287,0,0
B2_D1,830,0,23,0,0
B10_D1,636,0,148,0,0
B10_D1,562,0,243,0,0
B10_D1,241,0,511,0,0
B10_D1,619,0,280,0,0
G1_D1,783,0,215,0,0
B6_D1,129,0,84,0,0
B6_D1,69,0,444,0,0
G1_D1,892,0,439,0,0
B4_D1,335,0,206,0,0
G1_D1,746,0,17,0,0
B6_D1,287,0,333,0,0
B10_D1,100,0,41,0,0
G1_D1,220,0,135,0,0
G1_D1,870,0,467,0,0
B10_D1,776,0,164,0,0
G1_D1,571,0,243,0,0
B6_D1,998,0,502,0,0
B10_D1,614,0,242,0,0
B4_D1,142,0,48,0,0
B6_D1,554,0,493,0,0
B10_D1,709,0,327,0,0
B4_D1,46,0,142,0,0
B10_D1,609,0,207,0,0
B6_D1,846,0,486,0,0
B10_D1,890,0,68,0,0
G1_D1,233,0,410,0,0
B2_D1,148,0,455,0,0
B10_D1,910,0,114,0,0
B6_D1,696,0,162,0,0
G1_D1,642,0,9,0,0
G1_D1,223,0,369,0,0
G1_D1,993,0,121,0,0
B10_D1,484,0,82,0,0
B6_D1,112,0,23,0,0
B4_D1,587,0,194,0,0
B2_D1,434,0,159,0,0
G1_D1,1008,0,203,0,0
B6_D1,920,0,31,0,0
G1_D1,70,0,143,0,0
G1_D1,17,0,271,0,0
B10_D1,376,0,507,0,0
B6_D1,728,0,48,0,0
B10_D1,1018,0,189,0,0
B10_D1,426,0,356,0,0
B10_D1,358,0,27,0,0
B2_D1,726,0,54,0,0
B10_D1,641,0,469,0,0
B6_D1,508,0,33,0,0
B6_D1,1012,0,365,0,0
B8_D1,86,0,159,0,0
B10_D1,337,0,243,0,0
B4_D1,622,0,34,0,0
G1_D1,1019,0,295,0,0
B10_D1,26,0,16,0,0
G1_D1,61,0,265,0,0
B4_D1,713,0,250,0,0
G1_D1,588,0,283,0,0
B2_D1,970,0,95,0,0
B10_D1,999,0,260,0,0
B10_D1,488,0,71,0,0
B10_D1,251,0,70,0,0
B4_D1,1019,0,34,0,0
B10_D1,579,0,43,0,0
B6_D1,995,0,475,0,0
B10_D1,41,0,329,0,0
B10_D1,502,0,230,0,0
B6_D1,5,0,75,0,0
B10_D1,8,0,74,0,0
B4_D1,835,0,72,0,0
G1_D1,621,0,187,0,0
G1_D1,934,0,301,0,0
B8_D1,96,0,193,0,0
B10_D1,145,0,53,0,0
B6_D1,569,0,303,0,0
B4_D1,17,0,167,0,0
B10_D1,781,0,49,0,0
B2_D1,1019,0,211,0,0
B10_D1,732,0,405,0,0
B6_D1,374,0,213,0,0
B6_D1,596,0,183,0,0
B4_D1,262,0,227,0,0
B4_D1,417,0,190,0,0
G1_D1,362,0,23,0,0
B6_D1,764,0,99,0,0
B6_D1,772,0,161,0,0
B10_D1,464,0,240,0,0
B6_D1,476,0,45,0,0
B6_D1,206,0,501,0,0
G1_D1,780,0,130,0,0
B6_D1,373,0,70,0,0
B6_D1,972,0,32,0,0
B2_D1,787,0,283,0,0
G1_D1,747,0,68,0,0
B6_D1,145,0,328,0,0
B6_D1,868,0,67,0,0
B10_D1,1020,0,134,0,0
G1_D1,151,0,264,0,0
G1_D1,61,0,43,0,0
B10_D1,444,0,503,0,0
B6_D1,647,0,56,0,0
G1_D1,38,0,20,0,0
G1_D1,979,0,218,0,0
B10_D1,710,0,249,0,0
B4_D1,3,0,349,0,0
G1_D1,1013,0,31,0,0
B6_D1,1020,0,254,0,0
B10_D1,839,0,381,0,0
B6_D1,229,0,464,0,0
G1_D1,138,0,49,0,0
G1_D1,106,0,268,0,0
B2_D1,698,0,511,0,0
B10_D1,1008,0,476,0,0
G1_D1,840,0,255,0,0
B10_D1,272,0,304,0,0
G1_D1,276,0,488,0,0
B4_D1,371,0,199,0,0
B6_D1,96,0,377,0,0
B4_D1,973,0,38,0,0
B4_D1,130,0,17,0,0
B10_D1,553,0,477,0,0
B10_D1,433,0,502,0,0
B10_D1,143,0,209,0,0
B2_D1,123,0,426,0,0
B10_D1,227,0,44,0,0
B6_D1,537,0,187,0,0
B6_D1,793,0,246,0,0
B6_D1,98,0,460,0,0
B10_D1,851,0,347,0,0
G1_D1,18,0,293,0,0
B10_D1,18,0,148,0,0
B10_D1,399,0,72,0,0
B6_D1,671,0,362,0,0
B6_D1,100,0,29,0,0
B10_D1,629,0,128,0,0
B6_D1,28,0,9,0,0
B2_D1,1,0,90,0,0
G1_D1,240,0,178,0,0
B6_D1,343,0,384,0,0
G1_D1,895,0,238,0,0
B6_D1,294,0,507,0,0
B6_D1,23,0,423,0,0
B10_D1,133,0,122,0,0
B6_D1,893,0,274,0,0
B6_D1,552,0,5,0,0
B6_D1,262,0,341,0,0
B6_D1,533,0,187,0,0
B10_D1,689,0,322,0,0
G1_D1,795,0,216,0,0
B10_D1,1005,0,2,0,0
B10_D1,872,0,63,0,0
B4_D1,971,0,91,0,0
B6_D1,120,0,21,0,0
B6_D1,698,0,496,0,0
B6_D1,728,0,6,0,0
B10_D1,777,0,248,0,0
B6_D1,746,0,250,0,0
B6_D1,138,0,491,0,0
B6_D1,46,0,246,0,0
B6_D1,133,0,270,0,0
B6_D1,744,0,283,0,0
G1_D1,98,0,63,0,0
G1_D1,158,0,18,0,0
B6_D1,282,0,502,0,0
B4_D1,834,0,57,0,0
B6_D1,96,0,284,0,0
B6_D1,535,0,390,0,0
B10_D1,640,0,245,0,0
G1_D1,144,0,374,0,0
B10_D1,275,0,173,0,0
G1_D1,277,0,55,0,0
G1_D1,68,0,138,0,0
B4_D1,322,0,304,0,0
B4_D1,298,0,18,0,0
B10_D1,401,0,246,0,0
B10_D1,223,0,161,0,0
B6_D1,37,0,138,0,0
B6_D1,985,0,170,0,0
B6_D1,900,0,457,0,0
B6_D1,816,0,149,0,0
B6_D1,908,0,62,0,0
B2_D1,998,0,58,0,0
B6_D1,302,0,459,0,0
B10_D1,617,0,479,0,0
B6_D1,417,0,407,0,0
B6_D1,126,0,495,0,0
G1_D1,254,0,412,0,0
B10_D1,521,0,222,0,0
B10_D1,414,0,146,0,0
B6_D1,922,0,271,0,0
B6_D1,703,0,109,0,0
B6_D1,790,0,397,0,0
G1_D1,122,0,25,0,0
B10_D1,173,0,68,0,0
B10_D1,400,0,6,0,0
B10_D1,696,0,164,0,0
G1_D1,382,0,40,0,0
B6_D1,416,0,420,0,0
G1_D1,49,0,155,0,0
B10_D1,875,0,220,0,0
B6_D1,144,0,29,0,0
B4_D1,609,0,28,0,0
B6_D1,57,0,452,0,0
B2_D1,722,0,83,0,0
G1_D1,519,0,76,0,0
B10_D1,7,0,8,0,0
B10_D1,1019,0,101,0,0
B6_D1,538,0,495,0,0
B10_D1,37,0,75,0,0
B2_D1,553,0,101,0,0
B10_D1,111,0,120,0,0
B4_D1,662,0,76,0,0
B6_D1,905,0,139,0,0
B6_D1,522,0,174,0,0
B6_D1,504,0,165,0,0
B10_D1,451,0,43,0,0
G1_D1,721,0,359,0,0
G1_D1,749,0,113,0,0
G1_D1,760,0,245,0,0
B6_D1,840,0,394,0,0
B10_D1,578,0,111,0,0
B4_D1,1020,0,142,0,0
B6_D1,112,0,35,0,0
B6_D1,815,0,137,0,0
B10_D1,628,0,316,0,0
B6_D1,381,0,148,0,0
B6_D1,837,0,136,0,0
B6_D1,77,0,84,0,0
B10_D1,9,0,244,0,0
B4_D1,4,0,308,0,0
B10_D1,91,0,120,0,0
B6_D1,162,0,173,0,0
B6_D1,716,0,412,0,0
B6_D1,144,0,50,0,0
B10_D1,680,0,412,0,0
G1_D1,998,0,23,0,0
G1_D1,677,0,45,0,0
B2_D1,910,0,258,0,0
B10_D1,504,0,160,0,0
B6_D1,56,0,7,0,0
G1_D1,782,0,424,0,0
B10_D1,389,0,272,0,0
G1_D1,452,0,303,0,0
B6_D1,532,0,47,0,0
B6_D1,1005,0,319,0,0
G1_D1,524,0,7,0,0
B6_D1,796,0,20,0,0
B4_D1,726,0,35,0,0
B10_D1,150,0,135,0,0
B10_D1,804,0,84,0,0
B6_D1,506,0,502,0,0
B6_D1,444,0,12,0,0
G1_D1,192,0,37,0,0
B6_D1,296,0,1,0,0
G1_D1,869,0,232,0,0
G1_D1,514,0,108,0,0
B10_D1,112,0,291,0,0
B10_D1,771,0,91,0,0
B6_D1,861,0,139,0,0
B10_D1,279,0,12,0,0
B2_D1,885,0,28,0,0
B2_D1,896,0,260,0,0
B6_D1,584,0,40,0,0
B6_D1,134,0,268,0,0
B6_D1,21,0,134,0,0
G1_D1,349,0,113,0,0
B4_D1,245,0,30,0,0
B10_D1,688,0,395,0,0
B6_D1,776,0,162,0,0
G1_D1,935,0,218,0,0
G1_D1,1016,0,215,0,0
B6_D1,188,0,337,0,0
B10_D1,1023,0,21,0,0
B4_D1,981,0,88,0,0
B10_D1,304,0,222,0,0
B6_D1,240,0,401,0,0
B10_D1,408,0,410,0,0
G1_D1,807,0,2,0,0
B10_D1,621,0,238,0,0
B4_D1,431,0,375,0,0
B10_D1,568,0,5,0,0
B10_D1,344,0,189,0,0
B6_D1,407,0,331,0,0
B10_D1,209,0,450,0,0
B6_D1,456,0,226,0,0
G1_D1,807,0,6,0,0
B10_D1,99,0,12,0,0
G1_D1,42,0,180,0,0
B6_D1,482,0,391,0,0
G1_D1,342,0,273,0,0
B2_D1,468,0,126,0,0
B6_D1,324,0,20,0,0
G1_D1,916,0,133,0,0
B6_D1,48,0,204,0,0
G1_D1,30,0,13,0,0
B10_D1,804,0,89,0,0
B10_D1,471,0,87,0,0
B6_D1,613,0,445,0,0
G1_D1,773,0,299,0,0
G1_D1,267,0,30,0,0
B10_D1,358,0,228,0,0
B2_D1,166,0,119,0,0
B6_D1,636,0,290,0,0
B4_D1,896,0,126,0,0
B10_D1,655,0,68,0,0
B4_D1,691,0,252,0,0
B2_D1,953,0,146,0,0
B6_D1,521,0,345,0,0
B10_D1,503,0,314,0,0
B10_D1,924,0,377,0,0
G1_D1,145,0,224,0,0
B8_D1,86,0,155,0,0
B10_D1,102,0,473,0,0
B10_D1,758,0,264,0,0
B4_D1,8,0,109,0,0
G1_D1,732,0,76,0,0
B10_D1,668,0,71,0,0
B6_D1,210,0,494,0,0
B4_D1,245,0,161,0,0
G1_D1,1021,0,219,0,0
B10_D1,2,0,355,0,0
B10_D1,392,0,484,0,0
G1_D1,288,0,456,0,0
B10_D1,230,0,157,0,0
B10_D1,355,0,42,0,0
G1_D1,880,0,74,0,0
B10_D1,323,0,229,0,0
B10_D1,651,0,486,0,0
B4_D1,521,0,265,0,0
G1_D1,61,0,66,0,0
B6_D1,404,0,8,0,0
B10_D1,117,0,53,0,0
B6_D1,811,0,296,0,0
B6_D1,180,0,4,0,0
B10_D1,347,0,199,0,0
G1_D1,34,0,186,0,0
B6_D1,297,0,393,0,0
B6_D1,785,0,268,0,0
B10_D1,333,0,272,0,0
B6_D1,56,0,26,0,0
B2_D1,836,0,41,0,0
G1_D1,45,0,19,0,0
B10_D1,249,0,33,0,0
B6_D1,116,0,30,0,0
G1_D1,33,0,88,0,0
B6_D1,407,0,191,0,0
B6_D1,808,0,344,0,0
B6_D1,275,0,199,0,0
G1_D1,204,0,70,0,0
B6_D1,942,0,408,0,0
B6_D1,991,0,96,0,0
B10_D1,632,0,229,0,0
B4_D1,575,0,145,0,0
B6_D1,929,0,165,0,1
G1_D1,73,0,43,0,0
B2_D1,0,0,103,0,0
B6_D1,24,0,3,0,0
G1_D1,184,0,3,0,0
B10_D1,599,0,42,0,0
B6_D1,268,0,20,0,0
B10_D1,276,0,202,0,0
B6_D1,868,0,149,0,0
G1_D1,634,0,162,0,0
B10_D1,660,0,91,0,0
B6_D1,150,0,210,0,0
B10_D1,245,0,283,0,0
B6_D1,172,0,8,0,0
B6_D1,279,0,199,0,0
B10_D1,900,0,396,0,0
B10_D1,95,0,158,0,0
B4_D1,128,0,65,0,0
G1_D1,606,0,13,0,0
B6_D1,196,0,3,0,0
B6_D1,840,0,224,0,0
B6_D1,162,0,507,0,0
B10_D1,446,0,486,0,0
G1_D1,119,0,16,0,0
B6_D1,145,0,96,0,0
B6_D1,652,0,23,0,0
B8_D1,792,0,230,0,0
B6_D1,901,0,240,0,0
B6_D1,99,0,376,0,0
B4_D1,941,0,107,0,0
B8_D1,240,0,333,0,0
B10_D1,842,0,280,0,0
G1_D1,199,0,126,0,0
B10_D1,538,0,17,0,0
B6_D1,101,0,475,0,0
B6_D1,348,0,29,0,0
B8_D1,18,0,204,0,0
B10_D1,772,0,56,0,0
B10_D1,463,0,477,0,0
B10_D1,263,0,23,0,0
B4_D1,340,0,303,0,0
B2_D1,118,0,198,0,0
B6_D1,832,0,305,0,0
B6_D1,380,0,432,0,0
B4_D1,425,0,380,0,0
B6_D1,826,0,506,0,0
B10_D1,445,0,207,0,0
B4_D1,928,0,87,0,0
B6_D1,222,0,313,0,0
B4_D1,587,0,84,0,0
B2_D1,166,0,121,0,0
B10_D1,320,0,186,0,0
G1_D1,1006,0,55,0,0
B10_D1,922,0,76,0,0
B6_D1,192,0,19,0,0
B6_D1,779,0,307,0,0
B4_D1,970,0,41,0,0
B10_D1,616,0,181,0,0
G1_D1,22,0,181,0,0
G1_D1,443,0,17,0,0
B10_D1,964,0,96,0,0
B6_D1,228,0,29,0,0
B6_D1,236,0,148,0,0
B6_D1,141,0,200,0,0
B6_D1,12,0,338,0,0
G1_D1,1019,0,85,0,0
G1_D1,37,0,231,0,0
B2_D1,969,0,72,0,0
B6_D1,17,0,303,0,0
G1_D1,984,0,49,0,0
B6_D1,993,0,114,0,0
B6_D1,815,0,256,0,0
B2_D1,695,0,53,0,0
B10_D1,623,0,290,0,0
B10_D1,533,0,99,0,0
B6_D1,232,0,9,0,0
B2_D1,596,0,161,0,0
B6_D1,688,0,21,0,0
G1_D1,881,0,218,0,0
B6_D1,532,0,191,0,0
B10_D1,512,0,145,0,0
B6_D1,959,0,142,0,0
B2_D1,414,0,486,0,0
B6_D1,993,0,318,0,0
G1_D1,744,0,380,0,0
G1_D1,230,0,23,0,0
B8_D1,603,0,184,0,0
B10_D1,56,0,266,0,0
B6_D1,586,0,482,0,0
B6_D1,952,0,10,0,0
G1_D1,270,0,18,0,0
B6_D1,841,0,480,0,0
B6_D1,436,0,449,0,0
B4_D1,252,0,59,0,0
B10_D1,441,0,479,0,0
B10_D1,600,0,4,0,0
B10_D1,720,0,91,0,0
G1_D1,674,0,13,0,0
B10_D1,48,0,9,0,0
B6_D1,220,0,370,0,0
B4_D1,505,0,253,0,0
B10_D1,457,0,464,0,0
B10_D1,157,0,284,0,0
B6_D1,117,0,84,0,0
G1_D1,812,0,423,0,0
B10_D1,104,0,459,0,0
B10_D1,363,0,220,0,0
B10_D1,104,0,287,0,0
B10_D1,720,0,251,0,0
B6_D1,860,0,37,0,0
B10_D1,796,0,404,0,0
B6_D1,128,0,401,0,0
B10_D1,531,0,0,0,0
B6_D1,730,0,507,0,0
B10_D1,498,0,110,0,0
G1_D1,170,0,229,0,0
B6_D1,37,0,406,0,0
B6_D1,519,0,365,0,0
G1_D1,160,0,3,0,0
B10_D1,1006,0,20,0,0
B6_D1,894,0,503,0,0
B10_D1,36,0,404,0,0
B6_D1,219,0,371,0,0
B2_D1,901,0,111,0,0
B6_D1,312,0,24,0,0
B6_D1,952,0,193,0,0
B6_D1,774,0,343,0,0
B6_D1,880,0,387,0,0
B10_D1,404,0,503,0,0
B10_D1,29,0,236,0,0
G1_D1,698,0,510,0,0
B6_D1,931,0,368,0,0
G1_D1,40,0,227,0,0
B6_D1,234,0,299,0,0
B10_D1,228,0,389,0,0
B2_D1,755,0,2,0,0
B6_D1,758,0,236,0,0
B2_D1,705,0,510,0,0
B6_D1,814,0,486,0,0
G1_D1,717,0,281,0,0
B10_D1,171,0,136,0,0
B10_D1,305,0,66,0,0
B6_D1,708,0,285,0,0
B6_D1,988,0,303,0,0
B10_D1,39,0,79,0,0
B10_D1,760,0,325,0,0
G1_D1,551,0,217,0,0
B10_D1,96,0,189,0,0
B6_D1,748,0,10,0,0
B10_D1,49,0,403,0,0
G1_D1,508,0,87,0,0
G1_D1,715,0,424,0,0
B10_D1,656,0,169,0,0
B6_D1,13,0,396,0,0
G1_D1,188,0,53,0,0
B6_D1,130,0,489,0,0
G1_D1,587,0,200,0,0
B2_D1,372,0,510,0,0
B10_D1,129,0,262,0,0
G1_D1,1019,0,456,0,0
B10_D1,88,0,4,0,0
G1_D1,714,0,9,0,0
B8_D1,617,0,302,0,0
B6_D1,4,0,363,0,0
B6_D1,652,0,360,0,0
G1_D1,1020,0,318,0,0
B10_D1,315,0,181,0,0
G1_D1,31,0,80,0,0
B6_D1,66,0,491,0,0
B2_D1,230,0,478,0,0
B6_D1,748,0,49,0,0
B2_D1,847,0,100,0,0
B6_D1,854,0,272,0,0
B6_D1,90,0,270,0,0
B10_D1,579,0,77,0,0
B10_D1,754,0,450,0,0
B10_D1,705,0,327,0,0
B10_D1,13,0,252,0,0
B6_D1,444,0,16,0,0
B10_D1,503,0,305,0,0
B10_D1,355,0,510,0,0
G1_D1,691,0,169,0,0
B10_D1,278,0,323,0,0
G1_D1,768,0,152,0,0
B10_D1,145,0,511,0,0
B2_D1,332,0,119,0,0
G1_D1,177,0,8,0,0
G1_D1,296,0,250,0,0
B6_D1,152,0,42,0,0
B10_D1,637,0,29,0,0
B10_D1,384,0,489,0,0
B10_D1,245,0,56,0,0
B4_D1,667,0,263,0,0
G1_D1,50,0,163,0,0
B6_D1,330,0,502,0,0
B4_D1,460,0,217,0,0
B10_D1,380,0,443,0,0
B6_D1,76,0,27,0,0
G1_D1,1020,0,319,0,0
B6_D1,155,0,350,0,0
G1_D1,603,0,185,0,0
B10_D1,655,0,265,0,0
G1_D1,121,0,8,0,0
B10_D1,770,0,452,0,0
G1_D1,378,0,40,0,0
B10_D1,760,0,56,0,0
B6_D1,178,0,407,0,0
B10_D1,257,0,261,0,0
B6_D1,1016,0,318,0,0
B6_D1,912,0,27,0,0
B10_D1,294,0,337,0,0
B4_D1,160,0,42,0,0
B6_D1,266,0,482,0,0
B6_D1,578,0,334,0,0
B6_D1,431,0,124,0,0
B10_D1,645,0,490,0,0
B6_D1,268,0,42,0,0
B6_D1,302,0,488,0,0
B10_D1,150,0,326,0,0
B6_D1,676,0,476,0,0
B6_D1,237,0,481,0,0
G1_D1,446,0,71,0,0
B6_D1,288,0,45,0,0
B2_D1,548,0,478,0,0
B6_D1,69,0,416,0,0
B10_D1,263,0,25,0,0
B6_D1,72,0,31,0,0
B6_D1,171,0,171,0,0
G1_D1,264,0,461,0,0
B10_D1,660,0,88,0,0
B6_D1,592,0,37,0,0
B6_D1,484,0,18,0,0
B10_D1,933,0,107,0,0
B6_D1,1020,0,32,0,0
B6_D1,477,0,438,0,0
B6_D1,500,0,10,0,0
B6_D1,752,0,50,0,0
B6_D1,386,0,490,0,0
B6_D1,364,0,168,0,0
B2_D1,368,0,288,0,0
B6_D1,472,0,243,0,0
G1_D1,553,0,95,0,0
B2_D1,750,0,54,0,0
G1_D1,845,0,269,0,0
G1_D1,889,0,247,0,0
B6_D1,498,0,497,0,0
B6_D1,146,0,499,0,0
B4_D1,316,0,131,0,0
B4_D1,1022,0,279,0,0
B10_D1,91,0,128,0,0
B6_D1,795,0,388,0,0
G1_D1,513,0,4,0,0
G1_D1,724,0,74,0,0
G1_D1,573,0,4,0,0
B6_D1,862,0,505,0,0
B10_D1,934,0,74,0,0
G1_D1,924,0,11,0,0
B2_D1,234,0,69,0,0
B10_D1,680,0,71,0,0
B8_D1,60,0,189,0,0
B2_D1,763,0,360,0,0
B6_D1,570,0,267,0,0
B6_D1,50,0,137,0,0
B6_D1,708,0,46,0,0
B6_D1,763,0,60,0,0
B6_D1,674,0,510,0,0
B6_D1,724,0,237,0,0
B10_D1,718,0,261,0,0
B6_D1,734,0,508,0,0
G1_D1,900,0,294,0,0
G1_D1,444,0,130,0,0
B6_D1,927,0,442,0,0
B10_D1,647,0,43,0,0
B6_D1,367,0,173,0,0
G1_D1,317,0,510,0,0
B4_D1,112,0,40,0,0
B6_D1,830,0,486,0,0
B6_D1,436,0,10,0,0
B10_D1,467,0,411,0,0
G1_D1,963,0,327,0,0
B6_D1,351,0,76,0,0
B6_D1,908,0,50,0,0
B4_D1,68,0,456,0,0
B10_D1,366,0,223,0,0
B6_D1,114,0,483,0,0
B6_D1,968,0,19,0,0
B6_D1,60,0,391,0,0
B6_D1,348,0,13,0,0
G1_D1,758,0,111,0,0
G1_D1,52,0,130,0,0
G1_D1,24,0,95,0,0
B4_D1,539,0,206,0,0
B10_D1,770,0,456,0,0
G1_D1,603,0,319,0,0
B4_D1,880,0,29,0,0
B6_D1,948,0,429,0,0
B10_D1,128,0,4,0,0
B6_D1,932,0,46,0,0
B6_D1,598,0,488,0,0
B6_D1,29,0,71,0,0
B10_D1,579,0,282,0,0
B6_D1,722,0,73,0,0
B10_D1,25,0,42,0,0
B10_D1,77,0,91,0,0
B4_D1,145,0,54,0,0
B6_D1,275,0,164,0,0
G1_D1,290,0,23,0,0
B6_D1,808,0,13,0,0
B10_D1,492,0,478,0,0
B6_D1,175,0,168,0,0
B6_D1,675,0,301,0,0
B10_D1,436,0,317,0,0
B10_D1,182,0,133,0,0
G1_D1,974,0,102,0,0
B4_D1,317,0,305,0,0
B6_D1,296,0,5,0,0
B10_D1,269,0,194,0,0
B10_D1,756,0,415,0,0
G1_D1,321,0,386,0,0
G1_D1,17,0,220,0,0
G1_D1,997,0,87,0,0
B6_D1,329,0,383,0,0
B6_D1,195,0,153,0,0
B10_D1,168,0,241,0,0
G1_D1,773,0,111,0,0
B6_D1,212,0,40,0,0
B10_D1,320,0,5,0,0
B10_D1,641,0,479,0,0
B6_D1,120,0,1,0,0
G1_D1,616,0,249,0,0
G1_D1,593,0,145,0,0
B10_D1,821,0,239,0,0
B2_D1,990,0,55,0,0
B6_D1,542,0,486,0,0
B2_D1,1022,0,168,0,0
G1_D1,447,0,10,0,0
B6_D1,698,0,366,0,0
B10_D1,663,0,244,0,0
B10_D1,31,0,163,0,0
B6_D1,653,0,111,0,0
B6_D1,225,0,170,0,0
B2_D1,639,0,108,0,0
B2_D1,883,0,29,0,0
B10_D1,620,0,234,0,0
B6_D1,355,0,349,0,0
G1_D1,52,0,129,0,0
B6_D1,992,0,168,0,0
B10_D1,677,0,313,0,0
B10_D1,590,0,224,0,0
B2_D1,348,0,50,0,0
G1_D1,31,0,240,0,0
B6_D1,363,0,275,0,0
B10_D1,836,0,357,0,0
B6_D1,92,0,197,0,0
B6_D1,464,0,25,0,0
G1_D1,761,0,258,0,0
B2_D1,909,0,35,0,0
B6_D1,116,0,14,0,0
B6_D1,105,0,94,0,0
B6_D1,12,0,46,0,0
B10_D1,508,0,171,0,0
B4_D1,542,0,292,0,0
B10_D1,601,0,108,0,0
B4_D1,0,0,55,0,0
G1_D1,904,0,90,0,0
B6_D1,398,0,364,0,0
B10_D1,754,0,320,0,0
B10_D1,190,0,287,0,0
B6_D1,935,0,341,0,0
B6_D1,784,0,18,0,0
B4_D1,325,0,307,0,0
B4_D1,955,0,13,0,0
B10_D1,873,0,2,0,0
B10_D1,120,0,265,0,0
B10_D1,298,0,138,0,0
G1_D1,230,0,72,0,0
B8_D1,28,0,254,0,0
G1_D1,28,0,61,0,0
B6_D1,5,0,298,0,0
G1_D1,890,0,270,0,0
B6_D1,567,0,60,0,0
B10_D1,69,0,282,0,0
B10_D1,603,0,137,0,0
G1_D1,72,0,129,0,0
B10_D1,290,0,337,0,0
B4_D1,1020,0,186,0,0
B10_D1,585,0,324,0,0
G1_D1,513,0,150,0,0
B10_D1,425,0,456,0,0
B10_D1,594,0,139,0,0
B6_D1,180,0,35,0,0
B6_D1,299,0,481,0,0
B6_D1,75,0,471,0,0
B2_D1,282,0,58,0,0
G1_D1,1015,0,59,0,0
B10_D1,959,0,271,0,0
B6_D1,737,0,288,0,0
B6_D1,644,0,166,0,0
B2_D1,731,0,283,0,0
B6_D1,69,0,56,0,0
B6_D1,936,0,301,0,0
B10_D1,183,0,267,0,0
B6_D1,57,0,301,0,0
B10_D1,484,0,71,0,0
B6_D1,546,0,354,0,0
B6_D1,759,0,199,0,0
B10_D1,1023,0,110,0,0
G1_D1,782,0,5,0,0
B10_D1,139,0,509,0,0
B10_D1,358,0,338,0,0
B10_D1,744,0,418,0,0
B10_D1,110,0,89,0,0
B6_D1,748,0,31,0,0
B10_D1,654,0,66,0,0
G1_D1,761,0,300,0,0
B10_D1,865,0,370,0,0
B6_D1,524,0,1,0,0
B6_D1,26,0,511,0,0
B10_D1,78,0,30,0,0
B10_D1,672,0,418,0,0
B10_D1,226,0,55,0,0
B6_D1,0,0,46,0,0
B6_D1,332,0,177,0,0
B6_D1,391,0,477,0,0
B10_D1,370,0,483,0,0
B6_D1,472,0,19,0,0
B2_D1,582,0,362,0,0
G1_D1,989,0,184,0,0
B6_D1,107,0,419,0,0
G1_D1,329,0,8,0,0
B10_D1,637,0,467,0,0
B10_D1,624,0,227,0,0
B6_D1,610,0,329,0,0
B2_D1,863,0,81,0,0
B6_D1,37,0,53,0,0
B8_D1,454,0,288,0,0
B6_D1,955,0,245,0,0
B10_D1,648,0,88,0,0
B6_D1,258,0,500,0,0
B2_D1,685,0,88,0,0
G1_D1,844,0,217,0,0
B10_D1,732,0,450,0,0
B4_D1,302,0,17,0,0
B2_D1,139,0,449,0,0
B4_D1,3,0,452,0,0
B10_D1,190,0,171,0,0
G1_D1,593,0,74,0,0
B6_D1,789,0,294,0,0
B10_D1,726,0,324,0,0
B10_D1,494,0,333,0,0
B6_D1,1020,0,213,0,0
G1_D1,975,0,218,0,0
B8_D1,214,0,70,0,0
B10_D1,604,0,444,0,0
G1_D1,999,0,181,0,0
B6_D1,90,0,92,0,0
B6_D1,927,0,406,0,0
B6_D1,467,0,69,0,0
G1_D1,32,0,469,0,0
B2_D1,262,0,511,0,0
B6_D1,66,0,490,0,0
B6_D1,899,0,267,0,0
B10_D1,687,0,254,0,0
B6_D1,375,0,146,0,0
B6_D1,312,0,14,0,0
G1_D1,210,0,23,0,0
B2_D1,913,0,445,0,0
G1_D1,1011,0,315,0,0
B6_D1,704,0,309,0,0
B2_D1,408,0,11,0,0
B10_D1,338,0,50,0,0
B6_D1,933,0,239,0,0
B10_D1,12,0,317,0,0
B6_D1,340,0,385,0,0
B4_D1,807,0,55,0,0
G1_D1,62,0,22,0,0
G1_D1,1015,0,316,0,0
G1_D1,991,0,39,0,0
B10_D1,143,0,353,0,0
B10_D1,157,0,36,0,0
B10_D1,160,0,273,0,0
B6_D1,46,0,271,0,0
G1_D1,251,0,76,0,0
G1_D1,206,0,452,0,0
B4_D1,301,0,221,0,0
G1_D1,334,0,236,0,0
B6_D1,439,0,261,0,0
B10_D1,895,0,0,0,0
B10_D1,832,0,211,0,0
B6_D1,202,0,485,0,0
B6_D1,196,0,17,0,0
B10_D1,10,0,404,0,0
G1_D1,63,0,10,0,0
B10_D1,179,0,164,0,0
G1_D1,800,0,423,0,0
B10_D1,828,0,332,0,0
B10_D1,624,0,94,0,0
G1_D1,717,0,252,0,0
B10_D1,577,0,511,0,0
B10_D1,43,0,33,0,0
B6_D1,449,0,173,0,0
B6_D1,780,0,349,0,0
B10_D1,826,0,326,0,0
B4_D1,561,0,397,0,0
B6_D1,612,0,339,0,0
B6_D1,679,0,364,0,0
B4_D1,759,0,285,0,0
B6_D1,1002,0,330,0,0
B6_D1,704,0,341,0,0
G1_D1,637,0,471,0,0
B6_D1,996,0,261,0,0
G1_D1,467,0,15,0,0
B6_D1,666,0,419,0,0
B6_D1,568,0,23,0,0
G1_D1,563,0,107,0,0
B10_D1,324,0,4,0,0
B6_D1,729,0,145,0,0
B4_D1,221,0,207,0,0
B10_D1,257,0,193,0,0
B6_D1,1018,0,491,0,0
B10_D1,646,0,177,0,0
B6_D1,216,0,174,0,0
B6_D1,971,0,406,0,0
B10_D1,152,0,158,0,0
G1_D1,281,0,62,0,0
G1_D1,732,0,130,0,0
B6_D1,920,0,92,0,0
B10_D1,324,0,85,0,0
B6_D1,95,0,85,0,0
B6_D1,1014,0,508,0,0
B6_D1,937,0,134,0,0
G1_D1,143,0,151,0,0
B6_D1,677,0,211,0,0
B10_D1,93,0,289,0,0
B10_D1,657,0,262,0,0
G1_D1,14,0,105,0,0
B10_D1,395,0,261,0,0
B10_D1,100,0,317,0,0
B2_D1,501,0,486,0,0
B2_D1,480,0,470,0,0
B6_D1,775,0,396,0,0
B10_D1,769,0,48,0,0
B10_D1,367,0,122,0,0
G1_D1,157,0,171,0,0
G1_D1,96,0,24,0,0
B10_D1,867,0,207,0,0
B8_D1,1017,0,294,0,0
B10_D1,261,0,231,0,0
B6_D1,158,0,495,0,0
B4_D1,190,0,113,0,0
B6_D1,895,0,346,0,0
B10_D1,147,0,2,0,0
B6_D1,287,0,477,0,0
B8_D1,130,0,127,0,0
B10_D1,87,0,226,0,0
B2_D1,139,0,452,0,0
B6_D1,882,0,495,0,0
B10_D1,329,0,223,0,0
B10_D1,294,0,51,0,0
B10_D1,912,0,133,0,0
B10_D1,719,0,108,0,0
G1_D1,447,0,242,0,0
G1_D1,780,0,268,0,0
B6_D1,668,0,132,0,0
B10_D1,408,0,167,0,0
B10_D1,589,0,200,0,0
B6_D1,781,0,214,0,0
B4_D1,915,0,103,0,0
G1_D1,26,0,181,0,0
B6_D1,863,0,66,0,0
B6_D1,396,0,37,0,0
B6_D1,664,0,40,0,0
G1_D1,197,0,139,0,0
G1_D1,135,0,131,0,0
B8_D1,676,0,310,0,0
B8_D1,121,0,267,0,0
B6_D1,781,0,73,0,0
B6_D1,413,0,284,0,0
B10_D1,383,0,289,0,0
G1_D1,899,0,6,0,0
G1_D1,9,0,125,0,0
B6_D1,17,0,328,0,0
B6_D1,200,0,69,0,0
B6_D1,392,0,27,0,0
B10_D1,228,0,217,0,0
B2_D1,482,0,494,0,0
B6_D1,184,0,115,0,0
G1_D1,12,0,25,0,0
G1_D1,209,0,68,0,0
B6_D1,572,0,2,0,0
B4_D1,1,0,94,0,0
G1_D1,748,0,382,0,0
B6_D1,81,0,144,0,0
B2_D1,519,0,158,0,0
G1_D1,19,0,217,0,0
B6_D1,436,0,168,0,0
B10_D1,779,0,407,0,0
B10_D1,949,0,505,0,0
B10_D1,36,0,150,0,0
B6_D1,807,0,296,0,0
B2_D1,771,0,44,0,0
B6_D1,74,0,502,0,0
G1_D1,982,0,66,0,0
B10_D1,784,0,5,0,0
B6_D1,151,0,344,0,0
B6_D1,16,0,11,0,0
B6_D1,1,0,153,0,0
B10_D1,561,0,320,0,0
B6_D1,220,0,9,0,0
G1_D1,137,0,457,0,0
B10_D1,531,0,102,0,0
B6_D1,426,0,505,0,0
G1_D1,27,0,326,0,0
B6_D1,5,0,237,0,0
B6_D1,377,0,215,0,0
G1_D1,217,0,32,0,0
B6_D1,353,0,138,0,0
B6_D1,451,0,389,0,0
G1_D1,32,0,71,0,0
B2_D1,335,0,487,0,0
B2_D1,589,0,480,0,0
B10_D1,762,0,369,0,0
G1_D1,790,0,390,0,0
B6_D1,988,0,20,0,0
B6_D1,1002,0,494,0,0
B4_D1,458,0,66,0,0
B2_D1,150,0,458,0,0
B6_D1,571,0,167,0,0
G1_D1,773,0,249,0,0
B10_D1,883,0,348,0,0
B6_D1,549,0,89,0,0
B10_D1,733,0,321,0,0
B6_D1,594,0,346,0,0
B10_D1,127,0,264,0,0
B6_D1,132,0,4,0,0
G1_D1,261,0,101,0,0
G1_D1,917,0,43,0,0
B4_D1,720,0,137,0,0
B6_D1,120,0,40,0,0
G1_D1,803,0,15,0,0
B10_D1,116,0,459,0,0
B10_D1,692,0,110,0,0
G1_D1,188,0,239,0,0
B10_D1,126,0,183,0,0
B10_D1,701,0,197,0,0
B10_D1,679,0,68,0,0
B10_D1,614,0,98,0,0
B10_D1,332,0,201,0,0
B6_D1,833,0,58,0,0
B6_D1,554,0,462,0,0
B6_D1,776,0,197,0,0
B10_D1,257,0,124,0,0
B6_D1,544,0,346,0,0
B4_D1,70,0,27,0,0
B10_D1,275,0,253,0,0
B6_D1,71,0,403,0,0
B6_D1,235,0,371,0,0
B6_D1,392,0,385,0,0
B2_D1,123,0,116,0,0
B8_D1,1021,0,32,0,0
B6_D1,84,0,382,0,0
G1_D1,923,0,455,0,0
B6_D1,705,0,468,0,0
G1_D1,210,0,345,0,0
G1_D1,788,0,132,0,0
B10_D1,553,0,303,0,0
B10_D1,14,0,14,0,0
B6_D1,252,0,24,0,0
B6_D1,78,0,482,0,0
B10_D1,4,0,226,0,0
B10_D1,118,0,132,0,0
G1_D1,70,0,280,0,0
B4_D1,10,0,404,0,0
B6_D1,112,0,78,0,0
G1_D1,368,0,54,0,0
B6_D1,284,0,39,0,0
B6_D1,516,0,15,0,0
B6_D1,644,0,25,0,0
B10_D1,879,0,69,0,0
B10_D1,402,0,126,0,0
B2_D1,401,0,207,0,0
B6_D1,720,0,375,0,0
B6_D1,716,0,43,0,0
B6_D1,884,0,195,0,0
B10_D1,359,0,3,0,0
B4_D1,696,0,41,0,0
B6_D1,884,0,1,0,0
B10_D1,329,0,243,0,0
B6_D1,214,0,505,0,0
G1_D1,205,0,277,0,0
B10_D1,72,0,5,0,0
G1_D1,13,0,310,0,0
B10_D1,165,0,78,0,0
B6_D1,158,0,508,0,0
B10_D1,737,0,262,0,0
B4_D1,768,0,48,0,0
B6_D1,600,0,17,0,0
B10_D1,646,0,421,0,0
B6_D1,202,0,488,0,0
B6_D1,538,0,177,0,0
B10_D1,141,0,511,0,0
B10_D1,984,0,156,0,0
B10_D1,121,0,60,0,0
B6_D1,195,0,361,0,0
B10_D1,476,0,129,0,0
B4_D1,106,0,84,0,0
B10_D1,690,0,187,0,0
G1_D1,203,0,31,0,0
G1_D1,231,0,152,0,0
B10_D1,1005,0,238,0,0
B6_D1,37,0,121,0,0
B6_D1,924,0,47,0,0
B10_D1,114,0,62,0,0
B10_D1,289,0,182,0,0
B10_D1,984,0,61,0,0
B6_D1,459,0,55,0,0
B10_D1,688,0,412,0,0
B10_D1,535,0,302,0,0
G1_D1,900,0,325,0,0
B10_D1,272,0,28,0,0
B6_D1,762,0,250,0,0
B10_D1,996,0,280,0,0
G1_D1,554,0,75,0,0
B10_D1,336,0,310,0,0
B6_D1,88,0,7,0,0
B10_D1,482,0,36,0,0
G1_D1,247,0,15,0,0
B6_D1,348,0,0,0,0
B6_D1,891,0,439,0,0
B10_D1,685,0,8,0,0
B6_D1,745,0,465,0,0
B10_D1,546,0,288,0,0
B6_D1,129,0,184,0,0
B10_D1,36,0,287,0,0
G1_D1,1012,0,97,0,0
B4_D1,296,0,227,0,0
B6_D1,80,0,56,0,0
B6_D1,46,0,200,0,0
B2_D1,98,0,41,0,0
G1_D1,991,0,218,0,0
B10_D1,1,0,42,0,0
B6_D1,703,0,402,0,0
B4_D1,440,0,32,0,0
G1_D1,376,0,197,0,0
B2_D1,430,0,212,0,0
G1_D1,721,0,368,0,0
G1_D1,382,0,284,0,0
G1_D1,688,0,129,0,0
G1_D1,888,0,309,0,0
B8_D1,136,0,206,0,0
B6_D1,142,0,484,0,0
B10_D1,12,0,288,0,0
G1_D1,768,0,305,0,0
B4_D1,5,0,392,0,0
B10_D1,79,0,55,0,0
B10_D1,362,0,223,0,0
B10_D1,491,0,277,0,0
B6_D1,9,0,114,0,0
B6_D1,929,0,163,0,1
B10_D1,0,0,284,0,0
B2_D1,408,0,210,0,0
B6_D1,86,0,500,0,0
B10_D1,466,0,229,0,0
B10_D1,334,0,486,0,0
B4_D1,728,0,67,0,0
B4_D1,359,0,43,0,0
B6_D1,648,0,10,0,0
G1_D1,596,0,216,0,0
B10_D1,247,0,209,0,0
G1_D1,1019,0,485,0,0
B4_D1,52,0,120,0,0
B10_D1,144,0,32,0,0
B10_D1,9,0,30,0,0
B2_D1,896,0,395,0,0
B10_D1,461,0,79,0,0
B6_D1,544,0,28,0,0
G1_D1,970,0,13,0,0
B6_D1,788,0,3,0,0
B4_D1,944,0,29,0,0
B6_D1,103,0,419,0,0
B6_D1,910,0,498,0,0
B10_D1,293,0,1,0,0
B6_D1,631,0,372,0,0
G1_D1,616,0,231,0,0
B4_D1,4,0,361,0,0
B6_D1,921,0,100,0,0
B10_D1,908,0,96,0,0
B6_D1,311,0,434,0,0
B10_D1,625,0,45,0,0
B10_D1,210,0,304,0,0
B8_D1,694,0,312,0,0
B10_D1,1019,0,40,0,0
G1_D1,904,0,326,0,0
B10_D1,9,0,363,0,0
G1_D1,159,0,107,0,0
B10_D1,12,0,165,0,0
B6_D1,152,0,14,0,0
G1_D1,600,0,221,0,0
B10_D1,859,0,69,0,0
B6_D1,724,0,410,0,0
G1_D1,995,0,223,0,0
G1_D1,13,0,281,0,0
B10_D1,546,0,326,0,0
B10_D1,775,0,24,0,0
B6_D1,630,0,498,0,0
G1_D1,946,0,260,0,0
B2_D1,649,0,223,0,0
B6_D1,670,0,490,0,0
B2_D1,534,0,221,0,0
B6_D1,71,0,325,0,0
B6_D1,298,0,510,0,0
B6_D1,634,0,53,0,0
B10_D1,724,0,5,0,0
B6_D1,874,0,339,0,0
B10_D1,596,0,482,0,0
B4_D1,0,0,468,0,0
B6_D1,375,0,67,0,0
B2_D1,583,0,222,0,0
B10_D1,227,0,316,0,0
B6_D1,232,0,7,0,0
B10_D1,649,0,271,0,0
G1_D1,107,0,2,0,0
G1_D1,750,0,510,0,0
G1_D1,14,0,511,0,0
B10_D1,528,0,209,0,0
B8_D1,153,0,120,0,0
B2_D1,150,0,510,0,0
B6_D1,739,0,376,0,0
B2_D1,821,0,126,0,0
G1_D1,338,0,148,0,0
B8_D1,75,0,144,0,0
B10_D1,667,0,316,0,0
B2_D1,640,0,166,0,0
G1_D1,437,0,12,0,0
B2_D1,345,0,52,0,0
G1_D1,153,0,192,0,0
G1_D1,543,0,6,0,0
B6_D1,712,0,23,0,0
B6_D1,80,0,1,0,0
B6_D1,79,0,102,0,0
B6_D1,773,0,368,0,0
B6_D1,650,0,501,0,0
B6_D1,303,0,209,0,0
G1_D1,548,0,204,0,0
G1_D1,110,0,268,0,0
B6_D1,813,0,204,0,0
B10_D1,49,0,402,0,0
B10_D1,926,0,483,0,0
B4_D1,164,0,241,0,0
B4_D1,990,0,210,0,0
B6_D1,970,0,258,0,0
B10_D1,502,0,214,0,0
B2_D1,139,0,6,0,0
B6_D1,657,0,306,0,0
B10_D1,649,0,63,0,0
B6_D1,648,0,344,0,0
B6_D1,1010,0,510,0,0
B6_D1,879,0,481,0,0
B6_D1,59,0,225,0,0
B2_D1,229,0,153,0,0
G1_D1,1010,0,159,0,0
B10_D1,764,0,56,0,0
B10_D1,346,0,262,0,0
B6_D1,422,0,504,0,0
B6_D1,74,0,413,0,0
G1_D1,998,0,409,0,0
B6_D1,763,0,229,0,0
G1_D1,668,0,199,0,0
B6_D1,848,0,17,0,0
B6_D1,864,0,39,0,0
B6_D1,717,0,463,0,0
B6_D1,272,0,140,0,0
B6_D1,233,0,170,0,0
G1_D1,240,0,365,0,0
B6_D1,174,0,482,0,0
B10_D1,325,0,226,0,0
G1_D1,263,0,396,0,0
B8_D1,368,0,289,0,0
B4_D1,716,0,193,0,0
B6_D1,372,0,21,0,0
B10_D1,136,0,505,0,0
B2_D1,313,0,388,0,0
B4_D1,944,0,27,0,0
B10_D1,807,0,46,0,0
B4_D1,114,0,79,0,0
B6_D1,337,0,206,0,0
B6_D1,844,0,8,0,0
B10_D1,512,0,316,0,0
G1_D1,846,0,212,0,0
B6_D1,418,0,495,0,0
B2_D1,817,0,510,0,0
G1_D1,718,0,250,0,0
B4_D1,779,0,252,0,0
B2_D1,501,0,487,0,0
B6_D1,686,0,134,0,0
B4_D1,702,0,40,0,0
G1_D1,750,0,5,0,0
B2_D1,730,0,285,0,0
B10_D1,435,0,80,0,0
B4_D1,176,0,275,0,0
B10_D1,761,0,327,0,0
G1_D1,653,0,88,0,0
B4_D1,917,0,101,0,0
G1_D1,579,0,14,0,0
B2_D1,837,0,74,0,0
B6_D1,650,0,485,0,0
B6_D1,972,0,33,0,0
B10_D1,525,0,66,0,0
B6_D1,16,0,10,0,0
B6_D1,932,0,8,0,0
B6_D1,820,0,373,0,0
B10_D1,722,0,257,0,0
G1_D1,800,0,206,0,0
B6_D1,264,0,53,0,0
B6_D1,256,0,5,0,0
B10_D1,199,0,41,0,0
B10_D1,763,0,254,0,0
B10_D1,354,0,85,0,0
B4_D1,117,0,416,0,0
B2_D1,804,0,45,0,0
B10_D1,805,0,66,0,0
B10_D1,797,0,511,0,0
B10_D1,732,0,8,0,0
B6_D1,948,0,7,0,0
B6_D1,215,0,334,0,0
B10_D1,800,0,252,0,0
B10_D1,596,0,55,0,0
B6_D1,814,0,89,0,0
B6_D1,826,0,190,0,0
B6_D1,590,0,163,0,0
B6_D1,815,0,109,0,0
B10_D1,59,0,271,0,0
B6_D1,436,0,23,0,0
B6_D1,550,0,509,0,0
B10_D1,527,0,121,0,0
B6_D1,500,0,4,0,0
B6_D1,744,0,38,0,0
B2_D1,207,0,59,0,0
B6_D1,284,0,12,0,0
B10_D1,30,0,14,0,0
B6_D1,720,0,2,0,0
B6_D1,792,0,440,0,0
B6_D1,706,0,314,0,0
B2_D1,988,0,50,0,0
G1_D1,18,0,249,0,0
B6_D1,49,0,430,0,0
B6_D1,212,0,33,0,0
B4_D1,380,0,295,0,0
B10_D1,967,0,35,0,0
B6_D1,336,0,171,0,0
G1_D1,72,0,437,0,0
B6_D1,306,0,499,0,0
B4_D1,452,0,287,0,0
B6_D1,121,0,280,0,0
B6_D1,709,0,480,0,0
B10_D1,412,0,489,0,0
B4_D1,325,0,37,0,0
B6_D1,185,0,119,0,0
B10_D1,618,0,180,0,0
B10_D1,198,0,238,0,0
G1_D1,622,0,86,0,0
B2_D1,596,0,288,0,0
B6_D1,632,0,462,0,0
B6_D1,10,0,320,0,0
G1_D1,232,0,24,0,0
G1_D1,680,0,161,0,0
G1_D1,745,0,319,0,0
G1_D1,346,0,23,0,0
B6_D1,748,0,432,0,0
B6_D1,603,0,268,0,0
B6_D1,292,0,40,0,0
B6_D1,555,0,316,0,0
G1_D1,456,0,241,0,0
B10_D1,997,0,488,0,0
B6_D1,715,0,479,0,0
B10_D1,432,0,110,0,0
B2_D1,179,0,408,0,0
G1_D1,72,0,384,0,0
B10_D1,32,0,246,0,0
G1_D1,163,0,16,0,0
B6_D1,21,0,251,0,0
B2_D1,806,0,70,0,0
B10_D1,667,0,308,0,0
B6_D1,975,0,428,0,0
B6_D1,568,0,238,0,0
B10_D1,936,0,345,0,0
B4_D1,656,0,293,0,0
B10_D1,564,0,83,0,0
B6_D1,946,0,286,0,0
B6_D1,120,0,34,0,0
B6_D1,861,0,225,0,0
G1_D1,938,0,259,0,0
G1_D1,106,0,5,0,0
B10_D1,166,0,443,0,0
G1_D1,615,0,242,0,0
G1_D1,96,0,103,0,0
B6_D1,916,0,44,0,0
B6_D1,792,0,17,0,0
B10_D1,392,0,264,0,0
G1_D1,528,0,26,0,0
B10_D1,420,0,195,0,0
B6_D1,55,0,327,0,0
B2_D1,376,0,287,0,0
B2_D1,958,0,54,0,0
G1_D1,927,0,16,0,0
B10_D1,202,0,225,0,0
B6_D1,650,0,370,0,0
B10_D1,438,0,308,0,0
B6_D1,966,0,400,0,0
B10_D1,589,0,225,0,0
B6_D1,904,0,25,0,0
B10_D1,424,0,116,0,0
G1_D1,102,0,92,0,0
B10_D1,504,0,492,0,0
G1_D1,737,0,281,0,0
B6_D1,291,0,481,0,0
B10_D1,468,0,113,0,0
B10_D1,481,0,55,0,0
B8_D1,466,0,203,0,0
B10_D1,90,0,402,0,0
B10_D1,563,0,321,0,0
B6_D1,42,0,260,0,0
G1_D1,854,0,33,0,0
B8_D1,688,0,311,0,0
B10_D1,621,0,7,0,0
B10_D1,20,0,159,0,0
B4_D1,812,0,54,0,0
G1_D1,10,0,120,0,0
B4_D1,653,0,33,0,0
B10_D1,97,0,319,0,0
B6_D1,796,0,334,0,0
B4_D1,944,0,52,0,0
B10_D1,131,0,63,0,0
B10_D1,854,0,29,0,0
G1_D1,96,0,132,0,0
B6_D1,613,0,238,0,0
B4_D1,981,0,42,0,0
G1_D1,599,0,277,0,0
B8_D1,666,0,230,0,0
G1_D1,881,0,251,0,0
G1_D1,342,0,439,0,0
G1_D1,951,0,61,0,0
B6_D1,844,0,148,0,0
B6_D1,107,0,264,0,0
B10_D1,665,0,95,0,0
B6_D1,842,0,485,0,0
G1_D1,20,0,205,0,0
B10_D1,636,0,201,0,0
B10_D1,310,0,216,0,0
B10_D1,89,0,25,0,0
B6_D1,326,0,222,0,0
B6_D1,491,0,283,0,0
G1_D1,844,0,0,0,0
B6_D1,394,0,506,0,0
B4_D1,89,0,30,0,0
B6_D1,326,0,499,0,0
B6_D1,602,0,291,0,0
G1_D1,16,0,299,0,0
B6_D1,623,0,180,0,0
B10_D1,391,0,265,0,0
B8_D1,369,0,288,0,0
B10_D1,273,0,459,0,0
G1_D1,464,0,3,0,0
B10_D1,572,0,121,0,0
G1_D1,236,0,365,0,0
B6_D1,216,0,73,0,0
G1_D1,546,0,250,0,0
B10_D1,79,0,12,0,0
G1_D1,276,0,63,0,0
B6_D1,188,0,399,0,0
G1_D1,82,0,268,0,0
B10_D1,984,0,62,0,0
B10_D1,807,0,110,0,0
B10_D1,414,0,13,0,0
B10_D1,772,0,57,0,0
B10_D1,660,0,444,0,0
B6_D1,266,0,434,0,0
B6_D1,862,0,488,0,0
B10_D1,237,0,114,0,0
B6_D1,398,0,193,0,0
B4_D1,593,0,373,0,0
B10_D1,102,0,447,0,0
B4_D1,105,0,197,0,0
B2_D1,191,0,225,0,0
B10_D1,600,0,127,0,0
G1_D1,918,0,253,0,0
G1_D1,812,0,3,0,0
B6_D1,721,0,413,0,0
B10_D1,403,0,510,0,0
B6_D1,792,0,65,0,0
B6_D1,190,0,338,0,0
B6_D1,477,0,368,0,0
B6_D1,692,0,4,0,0
B2_D1,0,0,202,0,0
B6_D1,719,0,147,0,0
B6_D1,12,0,33,0,0
B4_D1,717,0,37,0,0
B10_D1,125,0,267,0,0
B6_D1,796,0,24,0,0
B6_D1,972,0,145,0,0
B6_D1,606,0,329,0,0
B6_D1,96,0,41,0,0
B6_D1,858,0,154,0,0
B10_D1,674,0,18,0,0
B10_D1,350,0,183,0,0
B6_D1,280,0,397,0,0
B10_D1,345,0,97,0,0
B6_D1,971,0,416,0,0
B6_D1,704,0,461,0,0
B4_D1,959,0,13,0,0
B2_D1,208,0,129,0,0
B10_D1,999,0,285,0,0
G1_D1,756,0,7,0,0
B6_D1,251,0,398,0,0
B10_D1,28,0,183,0,0
B10_D1,975,0,4,0,0
B2_D1,944,0,28,0,0
B6_D1,508,0,149,0,0
B6_D1,879,0,384,0,0
B6_D1,958,0,154,0,0
B10_D1,358,0,212,0,0
B10_D1,527,0,256,0,0
B10_D1,547,0,28,0,0
B10_D1,25,0,17,0,0
B6_D1,781,0,104,0,0
B6_D1,988,0,395,0,0
B10_D1,387,0,100,0,0
B6_D1,1004,0,414,0,0
B4_D1,727,0,104,0,0
B6_D1,210,0,486,0,0
B4_D1,694,0,286,0,0
B6_D1,898,0,119,0,0
G1_D1,340,0,401,0,0
B10_D1,408,0,419,0,0
B2_D1,182,0,478,0,0
B6_D1,646,0,68,0,0
G1_D1,1007,0,305,0,0
B10_D1,3,0,204,0,0
B2_D1,674,0,144,0,0
B6_D1,848,0,346,0,0
B10_D1,699,0,202,0,0
G1_D1,493,0,244,0,0
B6_D1,335,0,142,0,0
B10_D1,493,0,158,0,0
B6_D1,116,0,46,0,0
G1_D1,199,0,504,0,0
G1_D1,400,0,510,0,0
B10_D1,411,0,127,0,0
B10_D1,867,0,56,0,0
B10_D1,908,0,8,0,0
B6_D1,476,0,29,0,0
G1_D1,1001,0,40,0,0
B6_D1,893,0,390,0,0
B10_D1,360,0,157,0,0
B4_D1,198,0,157,0,0
B10_D1,464,0,312,0,0
B10_D1,285,0,58,0,0
G1_D1,734,0,132,0,0
G1_D1,1016,0,115,0,0
B6_D1,953,0,139,0,0
B10_D1,736,0,88,0,0
B10_D1,473,0,464,0,0
B10_D1,512,0,412,0,0
B6_D1,250,0,508,0,0
G1_D1,151,0,167,0,0
G1_D1,43,0,133,0,0
B6_D1,734,0,259,0,0
B2_D1,500,0,288,0,0
G1_D1,140,0,208,0,0
B6_D1,30,0,478,0,0
B6_D1,545,0,253,0,0
G1_D1,241,0,299,0,0
G1_D1,93,0,61,0,0
B6_D1,634,0,502,0,0
B6_D1,976,0,13,0,0
G1_D1,234,0,39,0,0
B10_D1,169,0,280,0,0
B10_D1,878,0,49,0,0
B6_D1,413,0,471,0,0
B6_D1,994,0,278,0,0
B8_D1,765,0,214,0,0
G1_D1,287,0,16,0,0
B6_D1,924,0,5,0,0
B6_D1,678,0,495,0,0
G1_D1,14,0,156,0,0
B2_D1,479,0,368,0,0
G1_D1,590,0,21,0,0
B10_D1,777,0,377,0,0
B10_D1,904,0,250,0,0
B8_D1,737,0,232,0,0
B10_D1,422,0,463,0,0
B6_D1,903,0,389,0,0
B6_D1,0,0,439,0,0
B6_D1,760,0,20,0,0
B6_D1,420,0,5,0,0
B6_D1,700,0,2,0,0
B4_D1,836,0,233,0,0
G1_D1,550,0,510,0,0
B8_D1,101,0,276,0,0
B8_D1,559,0,215,0,0
B10_D1,12,0,220,0,0
B6_D1,992,0,94,0,0
B10_D1,262,0,42,0,0
B4_D1,306,0,17,0,0
B6_D1,200,0,80,0,0
B10_D1,59,0,179,0,0
B10_D1,219,0,58,0,0
B2_D1,912,0,419,0,0
B10_D1,773,0,271,0,0
G1_D1,15,0,24,0,0
G1_D1,622,0,19,0,0
B6_D1,558,0,303,0,0
B6_D1,901,0,398,0,0
B10_D1,602,0,310,0,0
B2_D1,462,0,215,0,0
B6_D1,436,0,282,0,0
B6_D1,1000,0,396,0,0
B6_D1,931,0,481,0,0
B10_D1,334,0,173,0,0
B6_D1,604,0,269,0,0
B6_D1,40,0,19,0,0
B10_D1,528,0,510,0,0
B6_D1,794,0,495,0,0
B10_D1,646,0,48,0,0
B4_D1,1008,0,212,0,0
B10_D1,444,0,6,0,0
B2_D1,918,0,67,0,0
B6_D1,158,0,352,0,0
B10_D1,237,0,118,0,0
B6_D1,776,0,334,0,0
B10_D1,407,0,253,0,0
B4_D1,94,0,126,0,0
B2_D1,361,0,290,0,0
B2_D1,544,0,154,0,0
B6_D1,539,0,218,0,0
B10_D1,955,0,53,0,0
B10_D1,824,0,5,0,0
B6_D1,826,0,92,0,0
B6_D1,927,0,138,0,0
G1_D1,59,0,76,0,0
B10_D1,242,0,301,0,0
B4_D1,871,0,238,0,0
B6_D1,3,0,463,0,0
B10_D1,212,0,217,0,0
G1_D1,819,0,205,0,0
B10_D1,799,0,39,0,0
B4_D1,771,0,151,0,0
B2_D1,773,0,225,0,0
B6_D1,876,0,297,0,0
B4_D1,126,0,192,0,0
G1_D1,666,0,252,0,0
B2_D1,1023,0,60,0,0
B10_D1,35,0,370,0,0
B4_D1,177,0,36,0,0
B6_D1,879,0,151,0,0
G1_D1,365,0,228,0,0
B10_D1,737,0,313,0,0
B10_D1,699,0,273,0,0
B10_D1,271,0,181,0,0
B6_D1,847,0,336,0,0
B10_D1,538,0,98,0,0
B10_D1,945,0,20,0,0
G1_D1,193,0,21,0,0
G1_D1,283,0,15,0,0
B4_D1,757,0,91,0,0
B6_D1,613,0,285,0,0
B4_D1,905,0,234,0,0
B10_D1,615,0,321,0,0
B10_D1,749,0,363,0,0
G1_D1,660,0,148,0,0
G1_D1,187,0,260,0,0
G1_D1,705,0,12,0,0
B6_D1,980,0,45,0,0
B8_D1,31,0,271,0,0
B6_D1,1011,0,398,0,0
G1_D1,20,0,197,0,0
B6_D1,591,0,225,0,0
B10_D1,740,0,470,0,0
G1_D1,969,0,56,0,0
B2_D1,96,0,89,0,0
B6_D1,895,0,101,0,0
B4_D1,736,0,18,0,0
B10_D1,726,0,126,0,0
B6_D1,710,0,439,0,0
B6_D1,893,0,139,0,0
B6_D1,232,0,21,0,0
B10_D1,459,0,242,0,0
B10_D1,982,0,216,0,0
B10_D1,185,0,167,0,0
B4_D1,515,0,223,0,0
G1_D1,615,0,232,0,0
B6_D1,335,0,398,0,0
B10_D1,107,0,112,0,0
B6_D1,720,0,17,0,0
G1_D1,363,0,222,0,0
B6_D1,442,0,158,0,0
B6_D1,2,0,152,0,0
G1_D1,295,0,235,0,0
G1_D1,985,0,165,0,0
B10_D1,341,0,511,0,0
G1_D1,83,0,14,0,0
B10_D1,445,0,7,0,0
G1_D1,762,0,270,0,0
B10_D1,440,0,499,0,0
B10_D1,11,0,200,0,0
B10_D1,368,0,5,0,0
B10_D1,271,0,35,0,0
B6_D1,559,0,180,0,0
G1_D1,915,0,46,0,0
G1_D1,863,0,312,0,0
B10_D1,683,0,277,0,0
B6_D1,25,0,253,0,0
B10_D1,524,0,241,0,0
B6_D1,283,0,477,0,0
G1_D1,16,0,235,0,0
G1_D1,886,0,271,0,0
G1_D1,660,0,0,0,0
G1_D1,344,0,47,0,0
B4_D1,43,0,406,0,0
B6_D1,17,0,425,0,0
B4_D1,605,0,187,0,0
B10_D1,543,0,88,0,0
B6_D1,1005,0,81,0,0
B6_D1,190,0,309,0,0
B8_D1,271,0,186,0,0
B6_D1,796,0,330,0,0
B6_D1,203,0,381,0,0
B10_D1,281,0,268,0,0
B10_D1,495,0,411,0,0
B6_D1,676,0,450,0,0
B6_D1,392,0,40,0,0
G1_D1,490,0,20,0,0
B6_D1,380,0,3,0,0
G1_D1,348,0,24,0,0
G1_D1,258,0,345,0,0
B10_D1,114,0,119,0,0
B10_D1,782,0,308,0,0
B10_D1,392,0,26,0,0
B10_D1,599,0,505,0,0
B10_D1,422,0,273,0,0
G1_D1,994,0,371,0,0
B6_D1,1014,0,489,0,0
B4_D1,184,0,26,0,0
G1_D1,147,0,184,0,0
B10_D1,364,0,316,0,0
B10_D1,703,0,399,0,0
B10_D1,845,0,217,0,0
B2_D1,412,0,507,0,0
B6_D1,348,0,39,0,0
B6_D1,464,0,392,0,0
B6_D1,196,0,69,0,0
B10_D1,607,0,33,0,0
B6_D1,140,0,447,0,0
B6_D1,950,0,494,0,0
B4_D1,747,0,201,0,0
B6_D1,226,0,313,0,0
G1_D1,592,0,190,0,0
G1_D1,7,0,398,0,0
B6_D1,963,0,293,0,0
G1_D1,914,0,45,0,0
G1_D1,717,0,269,0,0
B6_D1,261,0,109,0,0
B6_D1,388,0,46,0,0
G1_D1,29,0,193,0,0
B10_D1,231,0,21,0,0
B10_D1,774,0,326,0,0
B4_D1,435,0,417,0,0
B6_D1,28,0,276,0,0
B6_D1,921,0,93,0,0
G1_D1,11,0,226,0,0
B6_D1,350,0,487,0,0
B4_D1,233,0,67,0,0
G1_D1,146,0,188,0,0
G1_D1,671,0,24,0,0
B6_D1,260,0,30,0,0
B10_D1,217,0,456,0,0
B10_D1,480,0,135,0,0
B10_D1,713,0,400,0,0
B6_D1,537,0,410,0,0
G1_D1,263,0,249,0,0
B10_D1,555,0,108,0,0
B6_D1,297,0,50,0,0
B4_D1,4,0,386,0,0
G1_D1,1015,0,62,0,0
B8_D1,438,0,286,0,0
B10_D1,470,0,239,0,0
B2_D1,646,0,460,0,0
G1_D1,355,0,121,0,0
B4_D1,193,0,53,0,0
B10_D1,175,0,506,0,0
B2_D1,960,0,40,0,0
B6_D1,626,0,54,0,0
B10_D1,248,0,216,0,0
B10_D1,789,0,447,0,0
B6_D1,841,0,130,0,0
G1_D1,1015,0,459,0,0
B6_D1,170,0,487,0,0
B10_D1,159,0,378,0,0
G1_D1,185,0,390,0,0
B10_D1,71,0,324,0,0
B10_D1,666,0,172,0,0
G1_D1,538,0,143,0,0
G1_D1,1006,0,13,0,0
B10_D1,215,0,510,0,0
B10_D1,438,0,148,0,0
B10_D1,870,0,34,0,0
G1_D1,976,0,20,0,0
B10_D1,766,0,369,0,0
B6_D1,592,0,224,0,0
B10_D1,633,0,277,0,0
G1_D1,45,0,307,0,0
B6_D1,740,0,22,0,0
B10_D1,30,0,105,0,0
B8_D1,662,0,308,0,0
B6_D1,410,0,265,0,0
G1_D1,51,0,30,0,0
B6_D1,430,0,462,0,0
B6_D1,252,0,249,0,0
B6_D1,828,0,363,0,0
B2_D1,831,0,72,0,0
G1_D1,566,0,17,0,0
B10_D1,203,0,438,0,0
B2_D1,1022,0,510,0,0
B10_D1,162,0,184,0,0
B10_D1,144,0,206,0,0
B10_D1,682,0,264,0,0
B10_D1,226,0,88,0,0
G1_D1,1014,0,208,0,0
B8_D1,438,0,198,0,0
G1_D1,489,0,244,0,0
B10_D1,384,0,494,0,0
B6_D1,150,0,173,0,0
B6_D1,790,0,511,0,0
B10_D1,216,0,292,0,0
B10_D1,446,0,205,0,0
B6_D1,208,0,148,0,0
B10_D1,198,0,276,0,0
B6_D1,524,0,48,0,0
B10_D1,430,0,457,0,0
B10_D1,381,0,31,0,0
B6_D1,692,0,266,0,0
B10_D1,17,0,17,0,0
B10_D1,664,0,251,0,0
B10_D1,168,0,4,0,0
B6_D1,137,0,427,0,0
B6_D1,915,0,262,0,0
B6_D1,98,0,463,0,0
B10_D1,660,0,24,0,0
B10_D1,236,0,423,0,0
G1_D1,9,0,152,0,0
B10_D1,630,0,209,0,0
B6_D1,24,0,194,0,0
B6_D1,185,0,169,0,0
B10_D1,946,0,284,0,0
B4_D1,447,0,415,0,0
B6_D1,176,0,177,0,0
G1_D1,467,0,69,0,0
B10_D1,205,0,165,0,0
G1_D1,308,0,140,0,0
B6_D1,828,0,260,0,0
B6_D1,466,0,499,0,0
B6_D1,984,0,14,0,0
G1_D1,709,0,279,0,0
B4_D1,16,0,130,0,0
G1_D1,459,0,17,0,0
B10_D1,12,0,189,0,0
B6_D1,822,0,488,0,0
B4_D1,835,0,14,0,0
B4_D1,4,0,410,0,0
B10_D1,233,0,179,0,0
G1_D1,934,0,287,0,0
B6_D1,394,0,177,0,0
B10_D1,96,0,50,0,0
B10_D1,68,0,47,0,0
G1_D1,86,0,268,0,0
B10_D1,685,0,253,0,0
B6_D1,41,0,75,0,0
B4_D1,417,0,413,0,0
B6_D1,962,0,157,0,0
G1_D1,549,0,122,0,0
B6_D1,840,0,6,0,0
G1_D1,944,0,33,0,0
B6_D1,7,0,252,0,0
B6_D1,756,0,23,0,0
B6_D1,64,0,141,0,0
B6_D1,785,0,216,0,0
B6_D1,686,0,411,0,0
B6_D1,194,0,173,0,0
B10_D1,612,0,222,0,0
B4_D1,89,0,132,0,0
B10_D1,447,0,298,0,0
B6_D1,851,0,307,0,0
B6_D1,230,0,505,0,0
G1_D1,955,0,296,0,0
G1_D1,835,0,214,0,0
B6_D1,747,0,329,0,0
B6_D1,89,0,200,0,0
G1_D1,607,0,32,0,0
B6_D1,83,0,474,0,0
B6_D1,171,0,452,0,0
B6_D1,740,0,73,0,0
B6_D1,256,0,387,0,0
G1_D1,707,0,16,0,0
B6_D1,292,0,23,0,0
G1_D1,980,0,479,0,0
B6_D1,764,0,11,0,0
B6_D1,405,0,172,0,0
B10_D1,459,0,302,0,0
B8_D1,134,0,334,0,0
B10_D1,766,0,370,0,0
B6_D1,689,0,395,0,0
B10_D1,977,0,48,0,0
B6_D1,953,0,209,0,0
B10_D1,959,0,470,0,0
B6_D1,386,0,489,0,0
B6_D1,863,0,307,0,0
B10_D1,959,0,270,0,0
B6_D1,632,0,49,0,0
G1_D1,842,0,127,0,0
G1_D1,605,0,278,0,0
G1_D1,987,0,157,0,0
B6_D1,251,0,158,0,0
B6_D1,964,0,6,0,0
B6_D1,390,0,505,0,0
B10_D1,710,0,116,0,0
B4_D1,25,0,271,0,0
B10_D1,838,0,6,0,0
G1_D1,136,0,500,0,0
B2_D1,753,0,4,0,0
B6_D1,73,0,439,0,0
B6_D1,308,0,211,0,0
B6_D1,51,0,403,0,0
B10_D1,497,0,299,0,0
G1_D1,420,0,126,0,0
B6_D1,646,0,510,0,0
G1_D1,139,0,89,0,0
G1_D1,380,0,1,0,0
B6_D1,900,0,22,0,0
B10_D1,437,0,511,0,0
B6_D1,339,0,81,0,0
B6_D1,975,0,444,0,0
B2_D1,93,0,90,0,0
B10_D1,551,0,321,0,0
B10_D1,7,0,77,0,0
B4_D1,503,0,372,0,0
G1_D1,984,0,273,0,0
B10_D1,88,0,9,0,0
B10_D1,365,0,227,0,0
G1_D1,969,0,254,0,0
G1_D1,14,0,56,0,0
B8_D1,740,0,315,0,0
G1_D1,349,0,447,0,0
B4_D1,289,0,38,0,0
B2_D1,643,0,287,0,0
G1_D1,76,0,145,0,0
B6_D1,724,0,373,0,0
B6_D1,827,0,189,0,0
B6_D1,710,0,367,0,0
B10_D1,920,0,317,0,0
G1_D1,121,0,63,0,0
B6_D1,819,0,125,0,0
B10_D1,462,0,273,0,0
G1_D1,801,0,247,0,0
G1_D1,368,0,7,0,0
G1_D1,583,0,272,0,0
G1_D1,23,0,6,0,0
B6_D1,409,0,270,0,0
B10_D1,31,0,103,0,0
B10_D1,577,0,315,0,0
B6_D1,0,0,315,0,0
B6_D1,352,0,37,0,0
G1_D1,25,0,171,0,0
B6_D1,480,0,244,0,0
B6_D1,230,0,236,0,0
B10_D1,11,0,261,0,0
B6_D1,759,0,435,0,0
B6_D1,332,0,23,0,0
B10_D1,232,0,274,0,0
B4_D1,885,0,242,0,0
B6_D1,813,0,64,0,0
B6_D1,886,0,485,0,0
B10_D1,641,0,304,0,0
G1_D1,252,0,158,0,0
B2_D1,540,0,122,0,0
B2_D1,244,0,201,0,0
B6_D1,720,0,267,0,0
B8_D1,850,0,38,0,0
B2_D1,687,0,11,0,0
B10_D1,625,0,372,0,0
B10_D1,712,0,444,0,0
G1_D1,678,0,156,0,0
B2_D1,717,0,55,0,0
B10_D1,141,0,203,0,0
B4_D1,790,0,65,0,0
B6_D1,483,0,305,0,0
B10_D1,383,0,496,0,0
G1_D1,741,0,287,0,0
B2_D1,428,0,375,0,0
B6_D1,382,0,495,0,0
B6_D1,130,0,502,0,0
B10_D1,470,0,126,0,0
B6_D1,404,0,385,0,0
B6_D1,18,0,510,0,0
G1_D1,334,0,18,0,0
B4_D1,952,0,110,0,0
G1_D1,185,0,50,0,0
G1_D1,877,0,72,0,0
B10_D1,881,0,25,0,0
B10_D1,953,0,25,0,0
B10_D1,798,0,378,0,0
B6_D1,58,0,483,0,0
B10_D1,400,0,275,0,0
B6_D1,606,0,182,0,0
G1_D1,609,0,278,0,0
B8_D1,710,0,312,0,0
B10_D1,595,0,220,0,0
B6_D1,451,0,374,0,0
B6_D1,352,0,168,0,0
B10_D1,206,0,242,0,0
B6_D1,353,0,108,0,0
B10_D1,865,0,45,0,0
B10_D1,383,0,277,0,0
B6_D1,561,0,157,0,0
B6_D1,352,0,167,0,0
B10_D1,425,0,221,0,0
B2_D1,530,0,121,0,0
B6_D1,442,0,332,0,0
B6_D1,790,0,493,0,0
B2_D1,851,0,197,0,0
B10_D1,855,0,22,0,0
B10_D1,689,0,73,0,0
B10_D1,464,0,230,0,0
B10_D1,774,0,428,0,0
G1_D1,205,0,21,0,0
B6_D1,383,0,458,0,0
G1_D1,142,0,130,0,0
B4_D1,46,0,288,0,0
G1_D1,772,0,77,0,0
B4_D1,113,0,403,0,0
G1_D1,28,0,486,0,0
G1_D1,996,0,54,0,0
G1_D1,779,0,163,0,0
B6_D1,435,0,157,0,0
G1_D1,133,0,136,0,0
B6_D1,1013,0,140,0,0
B10_D1,587,0,185,0,0
B10_D1,336,0,269,0,0
B10_D1,769,0,451,0,0
B2_D1,889,0,45,0,0
B6_D1,749,0,406,0,0
G1_D1,67,0,161,0,0
B10_D1,483,0,411,0,0
G1_D1,24,0,7,0,0
B6_D1,616,0,31,0,0
B6_D1,988,0,136,0,0
G1_D1,447,0,142,0,0
B6_D1,796,0,19,0,0
B2_D1,854,0,114,0,0
B6_D1,148,0,406,0,0
B6_D1,208,0,175,0,0
B10_D1,528,0,290,0,0
B4_D1,110,0,49,0,0
G1_D1,781,0,96,0,0
B6_D1,805,0,294,0,0
G1_D1,651,0,6,0,0
B2_D1,672,0,52,0,0
B2_D1,120,0,163,0,0
B4_D1,763,0,154,0,0
B10_D1,658,0,165,0,0
B10_D1,654,0,83,0,0
G1_D1,593,0,114,0,0
B6_D1,610,0,489,0,0
G1_D1,690,0,192,0,0
B6_D1,633,0,387,0,0
B10_D1,568,0,122,0,0
B6_D1,254,0,486,0,0
B6_D1,95,0,390,0,0
B10_D1,359,0,2,0,0
B6_D1,292,0,36,0,0
B10_D1,878,0,294,0,0
B10_D1,140,0,206,0,0
B10_D1,323,0,24,0,0
B6_D1,887,0,180,0,0
B6_D1,227,0,240,0,0
B6_D1,385,0,280,0,0
B6_D1,725,0,465,0,0
B6_D1,880,0,30,0,0
B6_D1,391,0,268,0,0
G1_D1,598,0,444,0,0
B10_D1,426,0,328,0,0
B10_D1,399,0,510,0,0
B10_D1,87,0,3,0,0
B10_D1,10,0,254,0,0
B6_D1,831,0,103,0,0
B10_D1,641,0,306,0,0
B10_D1,680,0,297,0,0
B6_D1,288,0,461,0,0
B6_D1,1000,0,24,0,0
B6_D1,695,0,262,0,0
B6_D1,703,0,451,0,0
B6_D1,22,0,497,0,0
G1_D1,968,0,48,0,0
G1_D1,556,0,234,0,0
B10_D1,211,0,10,0,0
G1_D1,30,0,103,0,0
B10_D1,551,0,170,0,0
B6_D1,697,0,435,0,0
G1_D1,658,0,21,0,0
B6_D1,8,0,13,0,0
B6_D1,760,0,48,0,0
B6_D1,936,0,17,0,0
B6_D1,329,0,347,0,0
B6_D1,407,0,225,0,0
B6_D1,103,0,270,0,0
B6_D1,620,0,21,0,0
B10_D1,859,0,3,0,0
B10_D1,813,0,447,0,0
G1_D1,940,0,18,0,0
B10_D1,801,0,377,0,0
B6_D1,362,0,493,0,0
B10_D1,606,0,357,0,0
B2_D1,280,0,293,0,0
G1_D1,562,0,69,0,0
B10_D1,125,0,97,0,0
B6_D1,135,0,361,0,0
B6_D1,769,0,304,0,0
B6_D1,456,0,170,0,0
B4_D1,891,0,259,0,0
B6_D1,73,0,426,0,0
G1_D1,817,0,39,0,0
B10_D1,740,0,428,0,0
B10_D1,255,0,312,0,0
B10_D1,359,0,21,0,0
B10_D1,144,0,52,0,0
G1_D1,98,0,98,0,0
B10_D1,492,0,160,0,0
B6_D1,116,0,292,0,0
G1_D1,428,0,108,0,0
B10_D1,748,0,116,0,0
B10_D1,245,0,73,0,0
G1_D1,1009,0,30,0,0
B6_D1,648,0,457,0,0
B10_D1,177,0,169,0,0
B6_D1,93,0,149,0,0
B10_D1,617,0,126,0,0
B6_D1,309,0,476,0,0
G1_D1,263,0,335,0,0
B6_D1,651,0,372,0,0
B6_D1,782,0,114,0,0
B6_D1,906,0,499,0,0
G1_D1,172,0,65,0,0
B4_D1,194,0,358,0,0
B6_D1,38,0,420,0,0
G1_D1,992,0,508,0,0
B6_D1,506,0,498,0,0
B10_D1,373,0,237,0,0
B10_D1,969,0,218,0,0
B10_D1,916,0,197,0,0
B6_D1,241,0,149,0,0
B6_D1,110,0,426,0,0
B10_D1,226,0,48,0,0
B4_D1,489,0,375,0,0
B4_D1,27,0,18,0,0
B10_D1,412,0,110,0,0
B10_D1,143,0,103,0,0
B4_D1,127,0,423,0,0
B4_D1,898,0,239,0,0
B6_D1,302,0,427,0,0
B4_D1,6,0,440,0,0
B10_D1,192,0,256,0,0
B10_D1,930,0,334,0,0
B10_D1,718,0,72,0,0
B10_D1,402,0,69,0,0
B6_D1,797,0,108,0,0
G1_D1,53,0,108,0,0
B4_D1,235,0,18,0,0
G1_D1,743,0,88,0,0
B6_D1,865,0,141,0,0
B6_D1,434,0,498,0,0
B6_D1,830,0,493,0,0
B6_D1,772,0,23,0,0
B10_D1,316,0,86,0,0
B8_D1,226,0,190,0,0
B2_D1,932,0,156,0,1
G1_D1,841,0,107,0,0
B10_D1,596,0,201,0,0
G1_D1,19,0,153,0,0
B6_D1,184,0,24,0,0
B6_D1,140,0,291,0,0
B6_D1,647,0,372,0,0
G1_D1,52,0,102,0,0
B10_D1,35,0,123,0,0
B6_D1,706,0,371,0,0
B8_D1,26,0,269,0,0
B6_D1,878,0,273,0,0
B10_D1,635,0,300,0,0
B6_D1,694,0,497,0,0
B4_D1,101,0,129,0,0
B6_D1,222,0,495,0,0
B2_D1,168,0,144,0,0
B10_D1,704,0,494,0,0
B10_D1,692,0,442,0,0
B2_D1,214,0,485,0,0
B10_D1,118,0,229,0,0
G1_D1,255,0,167,0,0
B2_D1,829,0,51,0,0
B10_D1,763,0,258,0,0
B10_D1,820,0,430,0,0
B6_D1,864,0,152,0,0
B10_D1,240,0,25,0,0
B10_D1,22,0,235,0,0
B6_D1,248,0,42,0,0
B10_D1,58,0,152,0,0
G1_D1,917,0,111,0,0
B6_D1,826,0,485,0,0
B6_D1,426,0,509,0,0
B10_D1,214,0,14,0,0
B10_D1,968,0,291,0,0
G1_D1,273,0,55,0,0
B6_D1,151,0,92,0,0
B6_D1,364,0,52,0,0
B6_D1,740,0,35,0,0
B10_D1,479,0,407,0,0
B6_D1,766,0,348,0,0
G1_D1,826,0,63,0,0
B6_D1,132,0,35,0,0
B6_D1,1010,0,326,0,0
G1_D1,3,0,457,0,0
G1_D1,680,0,135,0,0
B10_D1,173,0,11,0,0
B4_D1,926,0,92,0,0
B2_D1,421,0,487,0,0
B6_D1,856,0,137,0,0
G1_D1,239,0,164,0,0
B6_D1,876,0,41,0,0
B10_D1,1003,0,260,0,0
B6_D1,94,0,483,0,0
B6_D1,410,0,510,0,0
B10_D1,466,0,94,0,0
B10_D1,956,0,264,0,0
B6_D1,512,0,394,0,0
B10_D1,19,0,404,0,0
B2_D1,585,0,510,0,0
B10_D1,353,0,243,0,0
B6_D1,808,0,260,0,0
G1_D1,741,0,210,0,0
B10_D1,314,0,212,0,0
G1_D1,789,0,269,0,0
B6_D1,932,0,25,0,0
B2_D1,825,0,186,0,0
B4_D1,157,0,4,0,0
B10_D1,178,0,233,0,0
B6_D1,310,0,427,0,0
B6_D1,153,0,475,0,0
B10_D1,503,0,8,0,0
B10_D1,925,0,331,0,0
B4_D1,221,0,133,0,0
G1_D1,1021,0,237,0,0
B2_D1,34,0,131,0,0
B10_D1,0,0,383,0,0
B4_D1,863,0,32,0,0
B6_D1,600,0,40,0,0
G1_D1,60,0,58,0,0
B10_D1,953,0,278,0,0
B6_D1,15,0,480,0,0
G1_D1,523,0,109,0,0
B6_D1,996,0,285,0,0
B6_D1,6,0,492,0,0
B10_D1,967,0,39,0,0
B10_D1,169,0,44,0,0
B6_D1,800,0,459,0,0
B6_D1,382,0,504,0,0
B10_D1,625,0,500,0,0
B10_D1,992,0,283,0,0
B6_D1,551,0,261,0,0
B8_D1,1023,0,415,0,0
B4_D1,3,0,18,0,0
B6_D1,786,0,499,0,0
B2_D1,181,0,145,0,0
G1_D1,1016,0,331,0,0
B8_D1,201,0,107,0,0
B10_D1,229,0,38,0,0
G1_D1,980,0,68,0,0
B6_D1,565,0,234,0,0
B10_D1,338,0,176,0,0
B10_D1,142,0,279,0,0
B6_D1,738,0,482,0,0
B8_D1,691,0,248,0,0
B10_D1,6,0,168,0,0
B8_D1,695,0,231,0,0
B6_D1,787,0,119,0,0
B6_D1,946,0,509,0,0
B10_D1,916,0,236,0,0
B2_D1,636,0,288,0,0
G1_D1,225,0,194,0,0
B10_D1,761,0,253,0,0
G1_D1,971,0,325,0,0
B6_D1,377,0,285,0,0
B6_D1,814,0,62,0,0
B6_D1,750,0,506,0,0
G1_D1,20,0,91,0,0
B10_D1,46,0,206,0,0
B4_D1,329,0,317,0,0
G1_D1,416,0,271,0,0
B10_D1,163,0,10,0,0
B2_D1,612,0,47,0,0
B6_D1,385,0,147,0,0
G1_D1,368,0,267,0,0
B6_D1,54,0,495,0,0
G1_D1,1013,0,236,0,0
B4_D1,668,0,256,0,0
B4_D1,59,0,152,0,0
B10_D1,554,0,162,0,0
B6_D1,64,0,284,0,0
B6_D1,566,0,326,0,0
B6_D1,766,0,190,0,0
B10_D1,461,0,408,0,0
B10_D1,182,0,14,0,0
B6_D1,868,0,117,0,0
G1_D1,834,0,212,0,0
G1_D1,1005,0,222,0,0
G1_D1,737,0,258,0,0
B8_D1,362,0,291,0,0
B2_D1,861,0,82,0,0
B10_D1,540,0,410,0,0
B4_D1,534,0,71,0,0
B2_D1,507,0,164,0,0
G1_D1,362,0,302,0,0
G1_D1,997,0,121,0,0
B6_D1,937,0,239,0,0
G1_D1,548,0,3,0,0
B4_D1,712,0,195,0,0
B6_D1,1013,0,416,0,0
B6_D1,388,0,30,0,0
B10_D1,246,0,306,0,0
G1_D1,13,0,362,0,0
G1_D1,271,0,410,0,0
B6_D1,857,0,258,0,0
G1_D1,788,0,273,0,0
B10_D1,161,0,105,0,0
B6_D1,796,0,21,0,0
B10_D1,91,0,10,0,0
B6_D1,940,0,287,0,0
B4_D1,3,0,200,0,0
B10_D1,720,0,43,0,0
B6_D1,160,0,48,0,0
B10_D1,243,0,63,0,0
B10_D1,38,0,39,0,0
B10_D1,431,0,246,0,0
B8_D1,172,0,114,0,0
B2_D1,139,0,46,0,0
B6_D1,506,0,452,0,0
B6_D1,24,0,21,0,0
B6_D1,959,0,403,0,0
B6_D1,728,0,461,0,0
B10_D1,691,0,315,0,0
B6_D1,640,0,430,0,0
B8_D1,113,0,93,0,0
B6_D1,812,0,32,0,0
B6_D1,422,0,122,0,0
B4_D1,63,0,401,0,0
B4_D1,909,0,15,0,0
G1_D1,990,0,104,0,0
B6_D1,1002,0,492,0,0
B4_D1,1021,0,69,0,0
G1_D1,279,0,180,0,0
B10_D1,828,0,101,0,0
G1_D1,636,0,1,0,0
B6_D1,355,0,384,0,0
B6_D1,145,0,86,0,0
B10_D1,430,0,483,0,0
B2_D1,128,0,428,0,0
G1_D1,85,0,273,0,0
B4_D1,431,0,124,0,0
B8_D1,93,0,132,0,0
B8_D1,598,0,220,0,0
B10_D1,168,0,243,0,0
B6_D1,728,0,466,0,0
B4_D1,483,0,88,0,0
G1_D1,1016,0,332,0,0
B10_D1,202,0,228,0,0
G1_D1,444,0,0,0,0
B2_D1,693,0,475,0,0
G1_D1,832,0,439,0,0
G1_D1,182,0,125,0,0
B6_D1,229,0,388,0,0
B10_D1,789,0,511,0,0
B4_D1,671,0,189,0,0
B10_D1,2,0,39,0,0
B6_D1,580,0,10,0,0
B10_D1,649,0,381,0,0
B8_D1,755,0,314,0,0
G1_D1,802,0,494,0,0
B4_D1,6,0,294,0,0
B10_D1,548,0,103,0,0
G1_D1,5,0,449,0,0
B2_D1,1023,0,63,0,0
B2_D1,40,0,50,0,0
B10_D1,155,0,440,0,0
B6_D1,92,0,305,0,0
G1_D1,232,0,0,0,0
B8_D1,381,0,283,0,0
G1_D1,655,0,10,0,0
B10_D1,210,0,74,0,0
B10_D1,181,0,231,0,0
B6_D1,192,0,174,0,0
B6_D1,35,0,400,0,0
B10_D1,537,0,120,0,0
B10_D1,332,0,170,0,0
B10_D1,219,0,148,0,0
G1_D1,386,0,199,0,0
B6_D1,642,0,478,0,0
B10_D1,11,0,321,0,0
B10_D1,2,0,313,0,0
B2_D1,159,0,138,0,0
B10_D1,674,0,391,0,0
G1_D1,422,0,5,0,0
G1_D1,843,0,16,0,0
B4_D1,696,0,74,0,0
B10_D1,283,0,318,0,0
B6_D1,1018,0,231,0,0
B10_D1,556,0,506,0,0
B10_D1,61,0,41,0,0
B2_D1,286,0,501,0,0
B6_D1,32,0,14,0,0
G1_D1,977,0,12,0,0
B6_D1,652,0,14,0,0
B6_D1,103,0,85,0,0
G1_D1,489,0,89,0,0
G1_D1,41,0,276,0,0
B10_D1,383,0,25,0,0
G1_D1,511,0,147,0,0
B2_D1,216,0,52,0,0
B6_D1,100,0,36,0,0
B6_D1,283,0,318,0,0
B6_D1,557,0,231,0,0
B6_D1,688,0,3,0,0
B6_D1,1006,0,489,0,0
B10_D1,514,0,166,0,0
B10_D1,437,0,479,0,0
B6_D1,78,0,324,0,0
G1_D1,329,0,410,0,0
B10_D1,307,0,264,0,0
B6_D1,596,0,21,0,0
B10_D1,706,0,114,0,0
B10_D1,167,0,190,0,0
G1_D1,938,0,461,0,0
B6_D1,446,0,498,0,0
B6_D1,692,0,25,0,0
G1_D1,761,0,8,0,0
B2_D1,889,0,168,0,0
B2_D1,682,0,20,0,0
B2_D1,892,0,97,0,0
G1_D1,446,0,237,0,0
G1_D1,121,0,62,0,0
B6_D1,250,0,195,0,0
B10_D1,1011,0,480,0,0
B4_D1,411,0,193,0,0
G1_D1,967,0,296,0,0
B6_D1,309,0,208,0,0
B4_D1,12,0,236,0,0
B6_D1,419,0,283,0,0
B10_D1,148,0,338,0,0
B10_D1,506,0,225,0,0
G1_D1,1022,0,249,0,0
G1_D1,522,0,509,0,0
B10_D1,52,0,155,0,0
G1_D1,10,0,273,0,0
G1_D1,167,0,14,0,0
B4_D1,293,0,212,0,0
B6_D1,774,0,490,0,0
G1_D1,390,0,9,0,0
G1_D1,885,0,4,0,0
B6_D1,404,0,227,0,0
B6_D1,128,0,2,0,0
B6_D1,966,0,119,0,0
B4_D1,294,0,39,0,0
B2_D1,262,0,154,0,0
B6_D1,722,0,80,0,0
B4_D1,86,0,17,0,0
B2_D1,869,0,119,0,0
B8_D1,190,0,347,0,0
B4_D1,125,0,174,0,0
B10_D1,38,0,169,0,0
B6_D1,573,0,387,0,0
B4_D1,235,0,59,0,0
B10_D1,676,0,88,0,0
B10_D1,708,0,510,0,0
B6_D1,996,0,10,0,0
B6_D1,724,0,106,0,0
G1_D1,80,0,85,0,0
B6_D1,468,0,36,0,0
G1_D1,19,0,248,0,0
B10_D1,505,0,335,0,0
B6_D1,504,0,10,0,0
B10_D1,495,0,305,0,0
B6_D1,963,0,207,0,0
B8_D1,121,0,269,0,0
G1_D1,119,0,92,0,0
B6_D1,280,0,435,0,0
B10_D1,183,0,418,0,0
B10_D1,228,0,64,0,0
B6_D1,748,0,383,0,0
B6_D1,734,0,483,0,0
B2_D1,648,0,288,0,0
B6_D1,914,0,273,0,0
B2_D1,764,0,493,0,0
G1_D1,54,0,511,0,0
G1_D1,44,0,55,0,0
G1_D1,960,0,125,0,0
B6_D1,26,0,94,0,0
B6_D1,631,0,213,0,0
B10_D1,954,0,471,0,0
G1_D1,146,0,165,0,0
B10_D1,18,0,235,0,0
G1_D1,985,0,121,0,0
B6_D1,977,0,469,0,0
B6_D1,785,0,423,0,0
B10_D1,60,0,58,0,0
B6_D1,824,0,30,0,0
B10_D1,356,0,62,0,0
B10_D1,169,0,1,0,0
B6_D1,601,0,274,0,0
G1_D1,559,0,103,0,0
B4_D1,232,0,19,0,0
G1_D1,648,0,243,0,0
B6_D1,716,0,4,0,0
B4_D1,658,0,294,0,0
G1_D1,783,0,302,0,0
B10_D1,923,0,322,0,0
B2_D1,177,0,127,0,0
B6_D1,10,0,324,0,0
B6_D1,947,0,343,0,0
B6_D1,309,0,227,0,0
B6_D1,463,0,458,0,0
G1_D1,441,0,80,0,0
B6_D1,750,0,450,0,0
B10_D1,760,0,62,0,0
G1_D1,613,0,318,0,0
B10_D1,939,0,6,0,0
B6_D1,22,0,288,0,0
B10_D1,923,0,380,0,0
B10_D1,630,0,83,0,0
B6_D1,470,0,496,0,0
B6_D1,18,0,491,0,0
G1_D1,211,0,454,0,0
G1_D1,21,0,125,0,0
B6_D1,756,0,384,0,0
B10_D1,53,0,133,0,0
B10_D1,213,0,124,0,0
G1_D1,907,0,10,0,0
B10_D1,113,0,122,0,0
B10_D1,465,0,207,0,0
G1_D1,316,0,276,0,0
B4_D1,568,0,181,0,0
B4_D1,112,0,0,0,0
B6_D1,850,0,489,0,0
B10_D1,483,0,466,0,0
B10_D1,727,0,265,0,0
B10_D1,473,0,78,0,0
B6_D1,163,0,216,0,0
B10_D1,286,0,55,0,0
B10_D1,299,0,131,0,0
B6_D1,124,0,91,0,0
G1_D1,280,0,238,0,0
G1_D1,282,0,9,0,0
B2_D1,166,0,510,0,0
G1_D1,28,0,11,0,0
B6_D1,856,0,23,0,0
B10_D1,979,0,4,0,0
G1_D1,537,0,45,0,0
G1_D1,30,0,115,0,0
B6_D1,490,0,509,0,0
B10_D1,893,0,18,0,0
B4_D1,71,0,24,0,0
B10_D1,862,0,218,0,0
G1_D1,429,0,92,0,0
B10_D1,226,0,175,0,0
B6_D1,620,0,4,0,0
G1_D1,398,0,238,0,0
B6_D1,215,0,297,0,0
B10_D1,107,0,196,0,0
G1_D1,371,0,15,0,0
B4_D1,575,0,146,0,0
B6_D1,326,0,508,0,0
B6_D1,206,0,506,0,0
B6_D1,242,0,484,0,0
B10_D1,51,0,2,0,0
B10_D1,1000,0,215,0,0
G1_D1,126,0,60,0,0
B10_D1,497,0,124,0,0
G1_D1,1002,0,105,0,0
B10_D1,465,0,487,0,0
G1_D1,510,0,55,0,0
B6_D1,400,0,44,0,0
G1_D1,104,0,0,0,0
B10_D1,40,0,307,0,0
B6_D1,876,0,311,0,0
G1_D1,875,0,213,0,0
B6_D1,199,0,308,0,0
B2_D1,348,0,493,0,0
B6_D1,883,0,151,0,0
B2_D1,665,0,510,0,0
B10_D1,957,0,256,0,0
B6_D1,64,0,2,0,0
B10_D1,126,0,56,0,0
B6_D1,548,0,286,0,0
B6_D1,508,0,40,0,0
G1_D1,857,0,435,0,0
B2_D1,156,0,94,0,0
B10_D1,183,0,112,0,0
B6_D1,280,0,11,0,0
B10_D1,635,0,499,0,0
B6_D1,138,0,114,0,0
B4_D1,18,0,502,0,0
G1_D1,668,0,110,0,0
B6_D1,857,0,194,0,0
B6_D1,50,0,485,0,0
G1_D1,268,0,140,0,0
G1_D1,191,0,177,0,0
B10_D1,339,0,20,0,0
B10_D1,817,0,374,0,0
B4_D1,402,0,60,0,0
B10_D1,874,0,473,0,0
G1_D1,411,0,391,0,0
G1_D1,562,0,510,0,0
B10_D1,819,0,3,0,0
G1_D1,446,0,13,0,0
B6_D1,476,0,40,0,0
G1_D1,772,0,387,0,0
B10_D1,637,0,315,0,0
G1_D1,1001,0,120,0,0
B10_D1,136,0,116,0,0
G1_D1,197,0,56,0,0
B10_D1,648,0,41,0,0
G1_D1,1020,0,97,0,0
B6_D1,581,0,121,0,0
G1_D1,383,0,279,0,0
B6_D1,123,0,171,0,0
B4_D1,161,0,198,0,0
B10_D1,860,0,352,0,0
B10_D1,916,0,324,0,0
B10_D1,66,0,101,0,0
G1_D1,301,0,53,0,0
B6_D1,456,0,4,0,0
B2_D1,383,0,489,0,0
B10_D1,852,0,375,0,0
B6_D1,528,0,166,0,0
B6_D1,619,0,207,0,0
B10_D1,849,0,199,0,0
G1_D1,871,0,99,0,0
G1_D1,874,0,212,0,0
B10_D1,103,0,302,0,0
B6_D1,144,0,45,0,0
B2_D1,955,0,90,0,0
B6_D1,736,0,39,0,0
B4_D1,481,0,200,0,0
B6_D1,240,0,10,0,0
B6_D1,798,0,444,0,0
B6_D1,646,0,60,0,0
B10_D1,607,0,314,0,0
B10_D1,859,0,35,0,0
B2_D1,436,0,492,0,0
B10_D1,46,0,273,0,0
G1_D1,870,0,13,0,0
G1_D1,903,0,292,0,0
B6_D1,978,0,420,0,0
B10_D1,749,0,13,0,0
B4_D1,329,0,208,0,0
B4_D1,28,0,35,0,0
B2_D1,968,0,1,0,0
B10_D1,843,0,238,0,0
B10_D1,598,0,85,0,0
G1_D1,33,0,510,0,0
B10_D1,391,0,0,0,0
B10_D1,127,0,434,0,0
G1_D1,540,0,44,0,0
B8_D1,132,0,78,0,0
B6_D1,170,0,308,0,0
B10_D1,226,0,154,0,0
B10_D1,990,0,273,0,0
B6_D1,262,0,136,0,0
G1_D1,695,0,15,0,0
B6_D1,72,0,100,0,0
G1_D1,331,0,15,0,0
B10_D1,808,0,269,0,0
B6_D1,748,0,8,0,0
B6_D1,272,0,312,0,0
G1_D1,34,0,320,0,0
B6_D1,426,0,510,0,0
G1_D1,1009,0,137,0,0
B2_D1,125,0,422,0,0
B2_D1,370,0,511,0,0
B4_D1,8,0,252,0,0
B6_D1,617,0,328,0,0
B10_D1,153,0,169,0,0
B8_D1,701,0,249,0,0
B6_D1,966,0,72,0,0
B4_D1,688,0,283,0,0
B10_D1,433,0,479,0,0
B4_D1,230,0,17,0,0
B10_D1,231,0,345,0,0
B4_D1,252,0,203,0,0
B10_D1,826,0,421,0,0
B6_D1,565,0,392,0,0
G1_D1,972,0,294,0,0
B6_D1,864,0,220,0,0
B10_D1,743,0,78,0,0
B8_D1,225,0,105,0,0
G1_D1,989,0,121,0,0
B6_D1,150,0,491,0,0
G1_D1,809,0,93,0,0
B6_D1,136,0,27,0,0
B10_D1,263,0,510,0,0
B10_D1,231,0,239,0,0
G1_D1,652,0,442,0,0
B4_D1,41,0,144,0,0
G1_D1,727,0,6,0,0
B10_D1,135,0,47,0,0
B10_D1,751,0,113,0,0
G1_D1,535,0,106,0,0
B6_D1,812,0,49,0,0
B10_D1,405,0,499,0,0
B6_D1,892,0,264,0,0
G1_D1,991,0,199,0,0
B2_D1,785,0,113,0,0
B10_D1,571,0,286,0,0
B6_D1,418,0,493,0,0
B6_D1,676,0,183,0,0
B6_D1,114,0,484,0,0
B10_D1,1020,0,41,0,0
B10_D1,356,0,341,0,0
B6_D1,793,0,155,0,0
B10_D1,647,0,174,0,0
B10_D1,672,0,251,0,0
B6_D1,874,0,114,0,0
B6_D1,872,0,40,0,0
B10_D1,865,0,2,0,0
B10_D1,199,0,510,0,0
B10_D1,401,0,272,0,0
B10_D1,152,0,145,0,0
B10_D1,635,0,369,0,0
G1_D1,264,0,1,0,0
B6_D1,263,0,189,0,0
G1_D1,299,0,2,0,0
B6_D1,440,0,139,0,0
B6_D1,132,0,33,0,0
B6_D1,721,0,418,0,0
G1_D1,748,0,30,0,0
B2_D1,794,0,75,0,0
B6_D1,910,0,280,0,0
B2_D1,390,0,33,0,0
B2_D1,384,0,288,0,0
G1_D1,254,0,5,0,0
B10_D1,987,0,53,0,0
G1_D1,189,0,64,0,0
B6_D1,956,0,137,0,0
B10_D1,542,0,185,0,0
B6_D1,148,0,25,0,0
B6_D1,562,0,178,0,0
B10_D1,561,0,90,0,0
B10_D1,307,0,37,0,0
B10_D1,643,0,111,0,0
B6_D1,64,0,26,0,0
B6_D1,784,0,16,0,0
B10_D1,140,0,9,0,0
B6_D1,436,0,265,0,0
G1_D1,778,0,19,0,0
B6_D1,112,0,44,0,0
G1_D1,813,0,257,0,0
B6_D1,63,0,285,0,0
B6_D1,544,0,33,0,0
G1_D1,532,0,151,0,0
G1_D1,696,0,18,0,0
B6_D1,263,0,379,0,0
B6_D1,714,0,499,0,0
B2_D1,1,0,183,0,0
B10_D1,231,0,70,0,0
B10_D1,898,0,20,0,0
B2_D1,706,0,69,0,0
G1_D1,975,0,25,0,0
B6_D1,946,0,345,0,0
B10_D1,921,0,385,0,0
B6_D1,572,0,41,0,0
B6_D1,796,0,197,0,0
B6_D1,475,0,73,0,0
B4_D1,1,0,90,0,0
G1_D1,892,0,241,0,0
B6_D1,744,0,41,0,0
B10_D1,177,0,231,0,0
B10_D1,580,0,147,0,0
B4_D1,268,0,208,0,0
B10_D1,698,0,121,0,0
G1_D1,402,0,196,0,0
G1_D1,866,0,17,0,0
B4_D1,93,0,295,0,0
B6_D1,450,0,60,0,0
B10_D1,381,0,511,0,0
B6_D1,836,0,37,0,0
B6_D1,850,0,501,0,0
B10_D1,130,0,287,0,0
B2_D1,520,0,286,0,0
G1_D1,988,0,140,0,0
G1_D1,820,0,391,0,0
B10_D1,393,0,171,0,0
B6_D1,531,0,184,0,0
G1_D1,193,0,497,0,0
G1_D1,728,0,282,0,0
G1_D1,790,0,270,0,0
G1_D1,283,0,58,0,0
B6_D1,44,0,20,0,0
B10_D1,196,0,163,0,0
B10_D1,866,0,214,0,0
B4_D1,336,0,338,0,0
B6_D1,926,0,196,0,0
B10_D1,30,0,101,0,0
B4_D1,109,0,80,0,0
B4_D1,527,0,255,0,0
B6_D1,632,0,13,0,0
B10_D1,810,0,324,0,0
B6_D1,462,0,356,0,0
B10_D1,641,0,468,0,0
G1_D1,294,0,197,0,0
B10_D1,472,0,84,0,0
B10_D1,671,0,28,0,0
B10_D1,397,0,18,0,0
B6_D1,83,0,127,0,0
B8_D1,787,0,309,0,0
B10_D1,345,0,1,0,0
B6_D1,391,0,75,0,0
B6_D1,616,0,49,0,0
G1_D1,36,0,366,0,0
B6_D1,1022,0,509,0,0
B10_D1,420,0,9,0,0
B10_D1,485,0,15,0,0
B6_D1,939,0,387,0,0
B6_D1,468,0,41,0,0
G1_D1,676,0,155,0,0
B10_D1,610,0,142,0,0
B6_D1,849,0,205,0,0
B6_D1,894,0,495,0,0
B6_D1,20,0,20,0,0
B10_D1,547,0,87,0,0
B6_D1,863,0,140,0,0
B10_D1,179,0,52,0,0
G1_D1,293,0,12,0,0
B6_D1,544,0,401,0,0
B6_D1,78,0,478,0,0
B6_D1,135,0,314,0,0
B6_D1,954,0,248,0,0
B8_D1,593,0,296,0,0
G1_D1,578,0,511,0,0
B4_D1,169,0,75,0,0
B10_D1,955,0,32,0,0
G1_D1,189,0,497,0,0
G1_D1,501,0,480,0,0
B6_D1,693,0,57,0,0
G1_D1,10,0,52,0,0
G1_D1,773,0,491,0,0
B6_D1,519,0,481,0,0
G1_D1,317,0,114,0,0
B8_D1,815,0,228,0,0
B10_D1,446,0,203,0,0
B10_D1,568,0,285,0,0
B6_D1,430,0,387,0,0
B6_D1,39,0,208,0,0
B10_D1,460,0,337,0,0
B2_D1,180,0,237,0,0
B10_D1,653,0,446,0,0
B10_D1,959,0,65,0,0
G1_D1,58,0,201,0,0
B6_D1,566,0,478,0,0
B6_D1,442,0,268,0,0
G1_D1,211,0,76,0,0
B6_D1,253,0,130,0,0
G1_D1,53,0,295,0,0
B10_D1,222,0,297,0,0
B6_D1,112,0,0,0,0
G1_D1,711,0,26,0,0
G1_D1,263,0,10,0,0
B10_D1,30,0,269,0,0
B10_D1,29,0,227,0,0
B10_D1,256,0,141,0,0
B2_D1,822,0,42,0,0
B10_D1,123,0,258,0,0
B6_D1,324,0,426,0,0
B4_D1,710,0,256,0,0
B6_D1,336,0,23,0,0
B6_D1,994,0,496,0,0
B6_D1,72,0,279,0,0
B10_D1,358,0,239,0,0
B10_D1,149,0,322,0,0
B6_D1,344,0,32,0,0
B10_D1,857,0,83,0,0
G1_D1,749,0,156,0,0
G1_D1,997,0,21,0,0
G1_D1,1022,0,487,0,0
G1_D1,964,0,257,0,0
B10_D1,659,0,161,0,0
B6_D1,543,0,250,0,0
B10_D1,507,0,314,0,0
B10_D1,507,0,66,0,0
G1_D1,453,0,19,0,0
B4_D1,513,0,220,0,0
B4_D1,531,0,63,0,0
B10_D1,189,0,127,0,0
B6_D1,344,0,168,0,0
G1_D1,261,0,21,0,0
B6_D1,472,0,187,0,0
G1_D1,373,0,228,0,0
B10_D1,362,0,25,0,0
G1_D1,995,0,88,0,0
B10_D1,461,0,314,0,0
B10_D1,325,0,59,0,0
B10_D1,955,0,3,0,0
B6_D1,566,0,186,0,0
B6_D1,793,0,273,0,0
B6_D1,158,0,509,0,0
B10_D1,316,0,170,0,0
B6_D1,320,0,419,0,0
G1_D1,985,0,124,0,0
B6_D1,78,0,460,0,0
B6_D1,77,0,401,0,0
B6_D1,180,0,45,0,0
B6_D1,214,0,508,0,0
B2_D1,376,0,510,0,0
B4_D1,688,0,161,0,0
B10_D1,545,0,306,0,0
B6_D1,1008,0,22,0,0
B10_D1,394,0,344,0,0
B6_D1,88,0,27,0,0
B6_D1,456,0,52,0,0
G1_D1,927,0,15,0,0
B10_D1,163,0,63,0,0
B6_D1,105,0,50,0,0
B2_D1,471,0,498,0,0
B10_D1,396,0,9,0,0
B6_D1,592,0,22,0,0
B10_D1,294,0,158,0,0
B6_D1,242,0,128,0,0
B6_D1,67,0,182,0,0
B10_D1,1000,0,58,0,0
G1_D1,221,0,75,0,0
G1_D1,711,0,191,0,0
B6_D1,700,0,0,0,0
B6_D1,636,0,11,0,0
B2_D1,685,0,196,0,0
B6_D1,537,0,276,0,0
G1_D1,848,0,261,0,0
B10_D1,236,0,293,0,0
B10_D1,147,0,211,0,0
B6_D1,753,0,148,0,0
B10_D1,53,0,288,0,0
G1_D1,939,0,68,0,0
B10_D1,192,0,67,0,0
B6_D1,537,0,206,0,0
B6_D1,124,0,107,0,0
B6_D1,672,0,48,0,0
B10_D1,678,0,47,0,0
B10_D1,512,0,146,0,0
B10_D1,376,0,5,0,0
G1_D1,549,0,464,0,0
G1_D1,52,0,25,0,0
G1_D1,991,0,6,0,0
B6_D1,343,0,381,0,0
B6_D1,568,0,18,0,0
B6_D1,324,0,326,0,0
B2_D1,956,0,250,0,0
B2_D1,987,0,111,0,0
B6_D1,255,0,124,0,0
B6_D1,558,0,389,0,0
B6_D1,615,0,481,0,0
B6_D1,130,0,492,0,0
B6_D1,690,0,52,0,0
B10_D1,281,0,135,0,0
B6_D1,957,0,221,0,0
B6_D1,920,0,7,0,0
B10_D1,139,0,271,0,0
B2_D1,241,0,298,0,0
G1_D1,201,0,75,0,0
B10_D1,484,0,6,0,0
B2_D1,583,0,470,0,0
B10_D1,286,0,419,0,0
B6_D1,108,0,33,0,0
B6_D1,862,0,502,0,0
B6_D1,880,0,12,0,0
B6_D1,692,0,162,0,0
G1_D1,760,0,0,0,0
B10_D1,436,0,484,0,0
B6_D1,760,0,9,0,0
B6_D1,310,0,492,0,0
G1_D1,92,0,102,0,0
G1_D1,439,0,77,0,0
B4_D1,119,0,401,0,0
B10_D1,602,0,193,0,0
B6_D1,204,0,8,0,0
B10_D1,534,0,30,0,0
G1_D1,909,0,8,0,0
G1_D1,445,0,231,0,0
B10_D1,148,0,215,0,0
B10_D1,804,0,419,0,0
B10_D1,645,0,413,0,0
B6_D1,576,0,345,0,0
B8_D1,683,0,248,0,0
B6_D1,358,0,478,0,0
B6_D1,672,0,18,0,0
G1_D1,8,0,58,0,0
B6_D1,154,0,455,0,0
B10_D1,688,0,179,0,0
B4_D1,637,0,304,0,0
B10_D1,263,0,46,0,0
B4_D1,130,0,152,0,0
B2_D1,606,0,113,0,0
B10_D1,392,0,167,0,0
B6_D1,914,0,396,0,0
G1_D1,188,0,58,0,0
G1_D1,157,0,409,0,0
B6_D1,446,0,488,0,0
B6_D1,424,0,20,0,0
B6_D1,4,0,318,0,0
B10_D1,791,0,399,0,0
B2_D1,567,0,153,0,0
G1_D1,19,0,65,0,0
B4_D1,540,0,413,0,0
B6_D1,70,0,450,0,0
B6_D1,990,0,487,0,0
B10_D1,750,0,12,0,0
B10_D1,447,0,28,0,0
B10_D1,688,0,444,0,0
G1_D1,63,0,6,0,0
B6_D1,84,0,42,0,0
B6_D1,919,0,480,0,0
B10_D1,354,0,221,0,0
B6_D1,60,0,35,0,0
B2_D1,906,0,39,0,0
G1_D1,46,0,20,0,0
G1_D1,933,0,463,0,0
B4_D1,4,0,252,0,0
B2_D1,162,0,56,0,0
B6_D1,208,0,0,0,0
B10_D1,408,0,4,0,0
B6_D1,1010,0,490,0,0
B2_D1,626,0,362,0,0
G1_D1,48,0,205,0,0
B4_D1,422,0,401,0,0
G1_D1,4,0,437,0,0
B6_D1,804,0,49,0,0
B10_D1,67,0,163,0,0
B6_D1,371,0,440,0,0
G1_D1,1016,0,284,0,0
G1_D1,806,0,261,0,0
B6_D1,216,0,31,0,0
B10_D1,983,0,3,0,0
B10_D1,712,0,107,0,0
B6_D1,913,0,307,0,0
B6_D1,968,0,10,0,0
B10_D1,637,0,255,0,0
B4_D1,739,0,251,0,0
B8_D1,114,0,328,0,0
B10_D1,18,0,20,0,0
B10_D1,178,0,432,0,0
B6_D1,848,0,40,0,0
G1_D1,630,0,55,0,0
B4_D1,816,0,18,0,0
B6_D1,93,0,145,0,0
B6_D1,528,0,42,0,0
G1_D1,282,0,511,0,0
B10_D1,443,0,91,0,0
G1_D1,181,0,44,0,0
B6_D1,764,0,302,0,0
B4_D1,577,0,205,0,0
G1_D1,426,0,18,0,0
G1_D1,493,0,341,0,0
B6_D1,234,0,493,0,0
B4_D1,673,0,199,0,0
B2_D1,859,0,109,0,0
B6_D1,384,0,46,0,0
B10_D1,687,0,478,0,0
B4_D1,32,0,55,0,0
B6_D1,222,0,510,0,0
B10_D1,747,0,3,0,0
B10_D1,474,0,51,0,0
B6_D1,864,0,117,0,0
B10_D1,358,0,95,0,0
B6_D1,256,0,69,0,0
G1_D1,155,0,437,0,0
B10_D1,378,0,271,0,0
B6_D1,987,0,127,0,0
B6_D1,852,0,148,0,0
B4_D1,56,0,413,0,0
B6_D1,994,0,493,0,0
B10_D1,194,0,125,0,0
B6_D1,320,0,348,0,0
B10_D1,355,0,506,0,0
B6_D1,392,0,39,0,0
B10_D1,222,0,134,0,0
G1_D1,101,0,93,0,0
B10_D1,114,0,106,0,0
B6_D1,62,0,169,0,0
B10_D1,64,0,280,0,0
B6_D1,337,0,383,0,0
B6_D1,228,0,42,0,0
B2_D1,373,0,34,0,0
G1_D1,558,0,13,0,0
B10_D1,725,0,429,0,0
B10_D1,793,0,421,0,0
B6_D1,886,0,482,0,0
B2_D1,143,0,416,0,0
B6_D1,674,0,507,0,0
B10_D1,638,0,458,0,0
B10_D1,875,0,497,0,0
B10_D1,248,0,78,0,0
B10_D1,478,0,39,0,0
B2_D1,826,0,215,0,0
B2_D1,267,0,296,0,0
B6_D1,241,0,123,0,0
B8_D1,73,0,276,0,0
B10_D1,898,0,391,0,0
B2_D1,704,0,143,0,0
G1_D1,15,0,93,0,0
B2_D1,393,0,34,0,0
B6_D1,888,0,21,0,0
B10_D1,842,0,61,0,0
B10_D1,108,0,216,0,0
B6_D1,534,0,196,0,0
G1_D1,271,0,15,0,0
B8_D1,222,0,80,0,0
B6_D1,950,0,223,0,0
B6_D1,848,0,34,0,0
B2_D1,565,0,0,0,0
B6_D1,758,0,501,0,0
B6_D1,84,0,30,0,0
B10_D1,1021,0,470,0,0
B4_D1,561,0,85,0,0
B10_D1,563,0,280,0,0
G1_D1,21,0,185,0,0
B8_D1,677,0,249,0,0
B10_D1,568,0,316,0,0
B6_D1,236,0,23,0,0
G1_D1,1017,0,120,0,0
B6_D1,211,0,81,0,0
B6_D1,10,0,482,0,0
B6_D1,988,0,216,0,0
B10_D1,10,0,345,0,0
B10_D1,102,0,202,0,0
B10_D1,360,0,315,0,0
B10_D1,400,0,96,0,0
B10_D1,788,0,425,0,0
B10_D1,866,0,203,0,0
B10_D1,472,0,107,0,0
B4_D1,60,0,149,0,0
B2_D1,386,0,35,0,0
B4_D1,249,0,36,0,0
G1_D1,483,0,234,0,0
B6_D1,720,0,339,0,0
B6_D1,16,0,430,0,0
B4_D1,194,0,17,0,0
B6_D1,45,0,406,0,0
B10_D1,229,0,26,0,0
B10_D1,23,0,257,0,0
B6_D1,309,0,321,0,0
B6_D1,182,0,506,0,0
B10_D1,334,0,248,0,0
B6_D1,509,0,61,0,0
B6_D1,344,0,15,0,0
B8_D1,307,0,187,0,0
B10_D1,308,0,9,0,0
B6_D1,161,0,111,0,0
B2_D1,427,0,42,0,0
B2_D1,910,0,417,0,0
B10_D1,859,0,41,0,0
B10_D1,221,0,327,0,0
B6_D1,852,0,45,0,0
B2_D1,132,0,442,0,0
G1_D1,898,0,40,0,0
B2_D1,153,0,309,0,0
B10_D1,861,0,285,0,0
G1_D1,1016,0,212,0,0
B6_D1,64,0,25,0,0
G1_D1,850,0,33,0,0
B6_D1,762,0,496,0,0
B10_D1,623,0,26,0,0
B4_D1,820,0,16,0,0
G1_D1,12,0,374,0,0
B6_D1,926,0,49,0,0
B10_D1,748,0,15,0,0
B6_D1,624,0,5,0,0
B8_D1,791,0,229,0,0
B6_D1,805,0,82,0,0
B6_D1,808,0,305,0,0
B6_D1,432,0,170,0,0
B10_D1,32,0,185,0,0
G1_D1,419,0,143,0,0
G1_D1,89,0,382,0,0
B6_D1,232,0,46,0,0
G1_D1,198,0,69,0,0
B10_D1,337,0,69,0,0
B8_D1,674,0,308,0,0
B6_D1,62,0,68,0,0
G1_D1,23,0,38,0,0
B6_D1,648,0,32,0,0
B10_D1,528,0,95,0,0
G1_D1,890,0,464,0,0
B6_D1,790,0,132,0,0
B6_D1,242,0,332,0,0
B10_D1,391,0,485,0,0
B10_D1,239,0,116,0,0
B4_D1,610,0,188,0,0
G1_D1,123,0,117,0,0
B10_D1,10,0,53,0,0
B6_D1,496,0,42,0,0
B4_D1,269,0,38,0,0
B8_D1,839,0,230,0,0
G1_D1,20,0,61,0,0
B6_D1,1011,0,412,0,0
B10_D1,332,0,227,0,0
B6_D1,16,0,390,0,0
G1_D1,989,0,155,0,0
B10_D1,107,0,3,0,0
B6_D1,520,0,30,0,0
B2_D1,226,0,131,0,0
B6_D1,972,0,38,0,0
G1_D1,945,0,101,0,0
B10_D1,387,0,178,0,0
B6_D1,878,0,496,0,0
B10_D1,8,0,383,0,0
B6_D1,759,0,202,0,0
B6_D1,736,0,242,0,0
G1_D1,221,0,456,0,0
B6_D1,578,0,482,0,0
B6_D1,551,0,362,0,0
B6_D1,466,0,511,0,0
B10_D1,460,0,45,0,0
B2_D1,423,0,7,0,0
B6_D1,761,0,192,0,0
B6_D1,70,0,149,0,0
B6_D1,330,0,493,0,0
B10_D1,253,0,242,0,0
B6_D1,967,0,406,0,0
B6_D1,767,0,326,0,0
B6_D1,99,0,95,0,0
B10_D1,692,0,314,0,0
B6_D1,500,0,39,0,0
B10_D1,664,0,387,0,0
G1_D1,445,0,223,0,0
G1_D1,839,0,205,0,0
B6_D1,928,0,14,0,0
B6_D1,664,0,375,0,0
B6_D1,865,0,139,0,0
B2_D1,40,0,49,0,0
G1_D1,103,0,163,0,0
B4_D1,370,0,375,0,0
B6_D1,796,0,7,0,0
B10_D1,380,0,397,0,0
G1_D1,82,0,454,0,0
G1_D1,101,0,202,0,0
B6_D1,899,0,385,0,0
G1_D1,9,0,392,0,0
B10_D1,754,0,27,0,0
B10_D1,719,0,265,0,0
G1_D1,290,0,182,0,0
B10_D1,384,0,9,0,0
B10_D1,727,0,99,0,0
B10_D1,859,0,206,0,0
B6_D1,228,0,157,0,0
B4_D1,971,0,13,0,0
B6_D1,866,0,495,0,0
G1_D1,1002,0,16,0,0
B2_D1,204,0,216,0,0
B6_D1,692,0,202,0,0
B10_D1,340,0,187,0,0
G1_D1,975,0,46,0,0
B6_D1,457,0,74,0,0
B6_D1,640,0,307,0,0
B10_D1,633,0,1,0,0
G1_D1,352,0,11,0,0
G1_D1,109,0,188,0,0
B4_D1,826,0,47,0,0
G1_D1,214,0,233,0,0
B4_D1,638,0,305,0,0
B4_D1,340,0,205,0,0
B10_D1,197,0,1,0,0
B10_D1,285,0,315,0,0
B6_D1,899,0,193,0,0
B10_D1,1008,0,26,0,0
B6_D1,513,0,175,0,0
G1_D1,526,0,250,0,0
B6_D1,66,0,497,0,0
G1_D1,908,0,220,0,0
G1_D1,831,0,208,0,0
B6_D1,693,0,413,0,0
B10_D1,613,0,309,0,0
B10_D1,759,0,366,0,0
G1_D1,388,0,389,0,0
B10_D1,823,0,355,0,0
G1_D1,701,0,270,0,0
B6_D1,466,0,159,0,0
B6_D1,738,0,286,0,0
G1_D1,685,0,116,0,0
B6_D1,862,0,303,0,0
B10_D1,4,0,94,0,0
G1_D1,961,0,12,0,0
B6_D1,240,0,4,0,0
B10_D1,9,0,93,0,0
B6_D1,936,0,299,0,0
B4_D1,338,0,349,0,0
G1_D1,69,0,49,0,0
B10_D1,617,0,94,0,0
B10_D1,250,0,505,0,0
B10_D1,302,0,327,0,0
B6_D1,986,0,130,0,0
B6_D1,4,0,29,0,0
B6_D1,352,0,42,0,0
B6_D1,632,0,288,0,0
B8_D1,597,0,222,0,0
B6_D1,212,0,1,0,0
B6_D1,879,0,226,0,0
B10_D1,14,0,272,0,0
B10_D1,110,0,134,0,0
B4_D1,940,0,100,0,0
G1_D1,200,0,183,0,0
G1_D1,141,0,457,0,0
B6_D1,236,0,19,0,0
B6_D1,698,0,347,0,0
G1_D1,460,0,7,0,0
B6_D1,274,0,186,0,0
G1_D1,626,0,298,0,0
B10_D1,545,0,258,0,0
B4_D1,272,0,316,0,0
B6_D1,676,0,130,0,0
B2_D1,340,0,30,0,0
B10_D1,393,0,7,0,0
B4_D1,78,0,420,0,0
G1_D1,1002,0,419,0,0
B6_D1,24,0,31,0,0
G1_D1,38,0,13,0,0
G1_D1,377,0,21,0,0
B10_D1,753,0,322,0,0
B10_D1,600,0,5,0,0
B6_D1,651,0,481,0,0
B10_D1,436,0,228,0,0
B10_D1,6,0,372,0,0
B6_D1,812,0,26,0,0
B6_D1,710,0,492,0,0
B4_D1,600,0,50,0,0
B2_D1,247,0,507,0,0
B6_D1,211,0,49,0,0
B6_D1,148,0,33,0,0
G1_D1,442,0,213,0,0
B6_D1,686,0,112,0,0
B6_D1,532,0,162,0,0
B10_D1,877,0,70,0,0
B2_D1,671,0,360,0,0
B10_D1,906,0,144,0,0
B6_D1,949,0,56,0,0
B10_D1,86,0,172,0,0
B6_D1,297,0,265,0,0
B2_D1,517,0,483,0,0
G1_D1,92,0,274,0,0
B10_D1,699,0,87,0,0
B4_D1,910,0,104,0,0
B4_D1,1,0,70,0,0
B6_D1,562,0,463,0,0
B6_D1,902,0,172,0,0
B6_D1,737,0,148,0,0
G1_D1,1004,0,191,0,0
B2_D1,868,0,262,0,0
B2_D1,163,0,69,0,0
B8_D1,1018,0,253,0,0
B4_D1,860,0,109,0,0
G1_D1,52,0,55,0,0
B6_D1,916,0,212,0,0
G1_D1,750,0,67,0,0
B10_D1,440,0,489,0,0
B10_D1,943,0,249,0,0
B6_D1,365,0,248,0,0
B2_D1,579,0,222,0,0
B10_D1,73,0,208,0,0
B10_D1,619,0,210,0,0
G1_D1,12,0,7,0,0
B4_D1,539,0,381,0,0
B10_D1,352,0,289,0,0
B10_D1,378,0,175,0,0
B10_D1,226,0,336,0,0
B6_D1,469,0,407,0,0
B6_D1,442,0,503,0,0
B10_D1,335,0,29,0,0
B2_D1,879,0,27,0,0
B6_D1,70,0,135,0,0
G1_D1,721,0,265,0,0
G1_D1,152,0,321,0,0
B10_D1,605,0,190,0,0
B10_D1,239,0,2,0,0
B6_D1,675,0,127,0,0
B10_D1,16,0,150,0,0
B6_D1,708,0,396,0,0
B6_D1,656,0,18,0,0
B6_D1,462,0,502,0,0
B4_D1,836,0,71,0,0
G1_D1,870,0,117,0,0
B6_D1,433,0,172,0,0
B10_D1,11,0,167,0,0
G1_D1,164,0,450,0,0
B6_D1,14,0,494,0,0
G1_D1,170,0,259,0,0
B6_D1,31,0,323,0,0
B10_D1,441,0,408,0,0
G1_D1,1014,0,281,0,0
G1_D1,503,0,132,0,0
B6_D1,894,0,165,0,0
B10_D1,301,0,176,0,0
B6_D1,142,0,471,0,0
B10_D1,1021,0,68,0,0
B6_D1,440,0,13,0,0
B6_D1,16,0,44,0,0
B10_D1,681,0,262,0,0
B10_D1,996,0,247,0,0
B10_D1,887,0,61,0,0
B6_D1,324,0,167,0,0
B10_D1,893,0,399,0,0
B6_D1,30,0,94,0,0
B6_D1,255,0,442,0,0
B6_D1,710,0,112,0,0
B6_D1,424,0,267,0,0
G1_D1,845,0,271,0,0
B6_D1,854,0,298,0,0
B6_D1,782,0,107,0,0
B6_D1,384,0,11,0,0
B6_D1,924,0,130,0,0
B10_D1,491,0,53,0,0
B10_D1,47,0,255,0,0
G1_D1,537,0,8,0,0
B4_D1,440,0,418,0,0
B6_D1,745,0,319,0,0
B6_D1,1018,0,324,0,0
B6_D1,841,0,304,0,0
B6_D1,889,0,347,0,0
B10_D1,469,0,163,0,0
B6_D1,125,0,193,0,0
B6_D1,200,0,135,0,0
B6_D1,318,0,227,0,0
B10_D1,594,0,209,0,0
B10_D1,96,0,305,0,0
B10_D1,719,0,13,0,0
B6_D1,626,0,269,0,0
B6_D1,972,0,203,0,0
B6_D1,829,0,230,0,0
B10_D1,598,0,152,0,0
B4_D1,634,0,182,0,0
G1_D1,539,0,14,0,0
G1_D1,649,0,4,0,0
G1_D1,317,0,203,0,0
B6_D1,698,0,499,0,0
B4_D1,735,0,14,0,0
B10_D1,530,0,213,0,0
B10_D1,431,0,201,0,0
B10_D1,445,0,235,0,0
G1_D1,880,0,391,0,0
B10_D1,630,0,297,0,0
B10_D1,777,0,47,0,0
B6_D1,513,0,147,0,0
G1_D1,942,0,251,0,0
B10_D1,552,0,161,0,0
B6_D1,467,0,136,0,0
B6_D1,532,0,38,0,0
G1_D1,828,0,268,0,0
B10_D1,463,0,302,0,0
B10_D1,665,0,63,0,0
B10_D1,32,0,171,0,0
B10_D1,382,0,85,0,0
G1_D1,827,0,52,0,0
B8_D1,101,0,330,0,0
B6_D1,996,0,276,0,0
B6_D1,924,0,10,0,0
B4_D1,791,0,14,0,0
B10_D1,328,0,170,0,0
B6_D1,727,0,95,0,0
B6_D1,14,0,410,0,0
G1_D1,734,0,9,0,0
B10_D1,329,0,251,0,0
B6_D1,608,0,35,0,0
B10_D1,932,0,342,0,0
B6_D1,355,0,424,0,0
B2_D1,860,0,3,0,0
B10_D1,367,0,63,0,0
G1_D1,886,0,390,0,0
G1_D1,437,0,366,0,0
B10_D1,100,0,314,0,0
G1_D1,422,0,9,0,0
B6_D1,870,0,484,0,0
B4_D1,992,0,207,0,0
B6_D1,810,0,257,0,0
B10_D1,12,0,98,0,0
G1_D1,342,0,511,0,0
G1_D1,507,0,59,0,0
B6_D1,556,0,375,0,0
B4_D1,3,0,376,0,0
B10_D1,310,0,185,0,0
B10_D1,469,0,110,0,0
B6_D1,140,0,387,0,0
B6_D1,316,0,20,0,0
B6_D1,978,0,505,0,0
B10_D1,414,0,458,0,0
B10_D1,985,0,295,0,0
B6_D1,264,0,17,0,0
B6_D1,431,0,140,0,0
B6_D1,584,0,38,0,0
B10_D1,182,0,422,0,0
B6_D1,548,0,2,0,0
B10_D1,235,0,158,0,0
B10_D1,687,0,112,0,0
B10_D1,543,0,156,0,0
B2_D1,149,0,293,0,0
B6_D1,952,0,429,0,0
B4_D1,479,0,426,0,0
B10_D1,343,0,108,0,0
B10_D1,386,0,83,0,0
B6_D1,977,0,306,0,0
B10_D1,486,0,87,0,0
B10_D1,108,0,329,0,0
B6_D1,607,0,184,0,0
G1_D1,163,0,260,0,0
B6_D1,360,0,1,0,0
B6_D1,700,0,17,0,0
G1_D1,843,0,58,0,0
B2_D1,660,0,472,0,0
B10_D1,621,0,135,0,0
G1_D1,51,0,291,0,0
B6_D1,916,0,40,0,0
B6_D1,308,0,215,0,0
B10_D1,255,0,305,0,0
B4_D1,858,0,110,0,0
B6_D1,819,0,204,0,0
B2_D1,470,0,483,0,0
B10_D1,49,0,62,0,0
B4_D1,475,0,60,0,0
B6_D1,799,0,450,0,0
B10_D1,358,0,483,0,0
G1_D1,789,0,42,0,0
G1_D1,960,0,256,0,0
B10_D1,713,0,74,0,0
B6_D1,416,0,59,0,0
B10_D1,226,0,297,0,0
B10_D1,270,0,419,0,0
B10_D1,688,0,16,0,0
B6_D1,336,0,19,0,0
G1_D1,804,0,74,0,0
B6_D1,1019,0,261,0,0
B4_D1,979,0,57,0,0
B4_D1,655,0,233,0,0
B6_D1,624,0,267,0,0
B6_D1,677,0,155,0,0
B10_D1,89,0,145,0,0
B2_D1,599,0,448,0,0
B10_D1,392,0,96,0,0
B6_D1,882,0,238,0,0
B10_D1,233,0,68,0,0
B10_D1,861,0,79,0,0
G1_D1,559,0,98,0,0
B6_D1,787,0,269,0,0
B4_D1,8,0,174,0,0
B6_D1,68,0,23,0,0
B10_D1,893,0,31,0,0
B10_D1,82,0,210,0,0
G1_D1,942,0,217,0,0
B6_D1,101,0,126,0,0
B4_D1,305,0,307,0,0
G1_D1,68,0,500,0,0
B6_D1,591,0,481,0,0
G1_D1,618,0,233,0,0
B4_D1,445,0,240,0,0
B10_D1,413,0,214,0,0
B4_D1,630,0,344,0,0
G1_D1,297,0,19,0,0
B6_D1,139,0,280,0,0
B4_D1,753,0,67,0,0
B6_D1,640,0,431,0,0
B6_D1,422,0,317,0,0
G1_D1,294,0,13,0,0
B6_D1,693,0,343,0,0
B6_D1,977,0,79,0,0
B6_D1,807,0,202,0,0
B6_D1,946,0,494,0,0
B6_D1,460,0,381,0,0
B6_D1,1023,0,316,0,0
B6_D1,468,0,47,0,0
B6_D1,152,0,17,0,0
B4_D1,137,0,416,0,0
B4_D1,833,0,208,0,0
B10_D1,1014,0,464,0,0
B6_D1,888,0,42,0,0
B6_D1,886,0,500,0,0
B6_D1,135,0,110,0,0
G1_D1,956,0,7,0,0
B6_D1,661,0,159,0,0
B6_D1,694,0,432,0,0
B10_D1,516,0,209,0,0
B10_D1,782,0,82,0,0
B8_D1,918,0,302,0,0
B2_D1,311,0,54,0,0
B10_D1,483,0,309,0,0
B10_D1,46,0,401,0,0
B6_D1,356,0,2,0,0
B4_D1,883,0,112,0,0
G1_D1,582,0,279,0,0
G1_D1,390,0,23,0,0
B10_D1,873,0,225,0,0
B10_D1,873,0,336,0,0
B10_D1,457,0,121,0,0
B6_D1,640,0,360,0,0
B2_D1,942,0,24,0,0
B2_D1,540,0,156,0,0
G1_D1,334,0,57,0,0
B10_D1,85,0,206,0,0
B10_D1,317,0,218,0,0
B6_D1,410,0,494,0,0
B10_D1,322,0,232,0,0
B10_D1,151,0,86,0,0
B6_D1,5,0,476,0,0
G1_D1,509,0,285,0,0
G1_D1,111,0,84,0,0
G1_D1,271,0,396,0,0
G1_D1,780,0,50,0,0
B6_D1,594,0,347,0,0
B6_D1,328,0,14,0,0
B10_D1,881,0,363,0,0
B6_D1,1019,0,366,0,0
G1_D1,549,0,141,0,0
B6_D1,294,0,459,0,0
G1_D1,559,0,6,0,0
G1_D1,41,0,144,0,0
G1_D1,541,0,45,0,0
G1_D1,799,0,216,0,0
B10_D1,465,0,77,0,0
B4_D1,78,0,419,0,0
B6_D1,192,0,50,0,0
B6_D1,725,0,75,0,0
B6_D1,418,0,353,0,0
B10_D1,803,0,87,0,0
B6_D1,665,0,379,0,0
B2_D1,703,0,498,0,0
G1_D1,154,0,20,0,0
B2_D1,152,0,267,0,0
G1_D1,599,0,238,0,0
B10_D1,261,0,277,0,0
G1_D1,483,0,75,0,0
G1_D1,977,0,19,0,0
B2_D1,320,0,40,0,0
B4_D1,444,0,187,0,0
G1_D1,429,0,298,0,0
B6_D1,263,0,479,0,0
B6_D1,772,0,206,0,0
G1_D1,775,0,39,0,0
B6_D1,992,0,301,0,0
B10_D1,2,0,86,0,0
G1_D1,143,0,498,0,0
G1_D1,43,0,76,0,0
G1_D1,488,0,3,0,0
G1_D1,66,0,22,0,0
G1_D1,456,0,3,0,0
B6_D1,744,0,327,0,0
G1_D1,3,0,489,0,0
B10_D1,682,0,30,0,0
G1_D1,987,0,152,0,0
B6_D1,370,0,482,0,0
B10_D1,756,0,34,0,0
B6_D1,490,0,169,0,0
G1_D1,14,0,103,0,0
B6_D1,936,0,40,0,0
B8_D1,87,0,185,0,0
G1_D1,71,0,383,0,0
B6_D1,992,0,36,0,0
B2_D1,628,0,288,0,0
B6_D1,768,0,28,0,0
B10_D1,1005,0,335,0,0
B10_D1,605,0,96,0,0
G1_D1,307,0,278,0,0
B6_D1,983,0,297,0,0
B6_D1,43,0,474,0,0
B6_D1,368,0,26,0,0
B10_D1,705,0,53,0,0
B10_D1,427,0,247,0,0
B10_D1,458,0,69,0,0
B10_D1,249,0,424,0,0
B6_D1,757,0,288,0,0
G1_D1,794,0,19,0,0
B10_D1,604,0,186,0,0
B10_D1,515,0,69,0,0
B10_D1,105,0,466,0,0
B4_D1,170,0,272,0,0
B6_D1,960,0,457,0,0
B6_D1,68,0,80,0,0
B6_D1,863,0,69,0,0
G1_D1,1021,0,143,0,0
B10_D1,370,0,185,0,0
B6_D1,73,0,374,0,0
B6_D1,322,0,216,0,0
B6_D1,596,0,0,0,0
G1_D1,304,0,31,0,0
B10_D1,265,0,168,0,0
B4_D1,618,0,29,0,0
B10_D1,485,0,31,0,0
G1_D1,346,0,22,0,0
B6_D1,923,0,407,0,0
B2_D1,513,0,39,0,0
B6_D1,224,0,71,0,0
B10_D1,133,0,126,0,0
G1_D1,258,0,22,0,0
B4_D1,309,0,151,0,0
B6_D1,536,0,344,0,0
B2_D1,208,0,301,0,0
B10_D1,740,0,6,0,0
B6_D1,612,0,281,0,0
B6_D1,770,0,299,0,0
G1_D1,986,0,315,0,0
B10_D1,570,0,308,0,0
B6_D1,635,0,467,0,0
G1_D1,487,0,86,0,0
G1_D1,364,0,479,0,0
G1_D1,9,0,277,0,0
B6_D1,676,0,27,0,0
B2_D1,785,0,1,0,0
G1_D1,1016,0,225,0,0
B6_D1,397,0,449,0,0
B8_D1,175,0,342,0,0
G1_D1,203,0,161,0,0
B6_D1,67,0,319,0,0
B10_D1,411,0,266,0,0
B6_D1,88,0,38,0,0
B6_D1,54,0,497,0,0
B10_D1,132,0,133,0,0
B2_D1,528,0,263,0,0
B6_D1,454,0,499,0,0
B10_D1,685,0,255,0,0
B10_D1,521,0,300,0,0
B6_D1,212,0,190,0,0
B6_D1,520,0,385,0,0
B6_D1,356,0,99,0,0
B10_D1,218,0,186,0,0
B6_D1,494,0,54,0,0
B6_D1,332,0,5,0,0
B4_D1,919,0,96,0,0
B10_D1,417,0,204,0,0
B4_D1,413,0,411,0,0
B10_D1,681,0,261,0,0
B6_D1,700,0,21,0,0
G1_D1,977,0,214,0,0
B10_D1,636,0,175,0,0
B10_D1,695,0,416,0,0
B6_D1,842,0,272,0,0
B10_D1,304,0,328,0,0
B10_D1,276,0,157,0,0
G1_D1,306,0,32,0,0
B6_D1,160,0,367,0,0
G1_D1,943,0,15,0,0
B6_D1,908,0,14,0,0
B6_D1,510,0,350,0,0
B10_D1,5,0,178,0,0
B2_D1,588,0,98,0,0
B10_D1,53,0,207,0,0
B6_D1,148,0,7,0,0
B6_D1,336,0,38,0,0
B10_D1,71,0,50,0,0
B6_D1,167,0,220,0,0
B10_D1,823,0,418,0,0
B10_D1,118,0,501,0,0
B8_D1,1003,0,213,0,0
B10_D1,465,0,339,0,0
B4_D1,586,0,207,0,0
B4_D1,923,0,60,0,0
B6_D1,898,0,90,0,0
B10_D1,932,0,221,0,0
G1_D1,707,0,271,0,0
G1_D1,237,0,366,0,0
B10_D1,654,0,310,0,0
G1_D1,41,0,125,0,0
B10_D1,664,0,76,0,0
B10_D1,512,0,96,0,0
B6_D1,608,0,42,0,0
B6_D1,521,0,185,0,0
B6_D1,768,0,63,0,0
B10_D1,593,0,120,0,0
B10_D1,795,0,417,0,0
B10_D1,249,0,242,0,0
B6_D1,474,0,489,0,0
G1_D1,1009,0,103,0,0
B6_D1,223,0,345,0,0
B6_D1,616,0,46,0,0
B10_D1,729,0,321,0,0
B6_D1,901,0,266,0,0
B6_D1,820,0,15,0,0
B10_D1,229,0,254,0,0
B6_D1,452,0,16,0,0
B6_D1,209,0,369,0,0
B6_D1,314,0,403,0,0
B10_D1,843,0,344,0,0
B4_D1,878,0,59,0,0
B10_D1,868,0,333,0,0
B2_D1,680,0,18,0,0
B6_D1,448,0,43,0,0
B10_D1,491,0,283,0,0
B6_D1,182,0,426,0,0
B4_D1,1022,0,327,0,0
G1_D1,182,0,373,0,0
B6_D1,1004,0,26,0,0
B10_D1,670,0,166,0,0
B6_D1,16,0,14,0,0
B6_D1,228,0,86,0,0
B8_D1,1023,0,499,0,0
G1_D1,766,0,117,0,0
B10_D1,57,0,300,0,0
B6_D1,788,0,115,0,0
B10_D1,676,0,169,0,0
B6_D1,694,0,409,0,0
B2_D1,437,0,503,0,0
B4_D1,254,0,60,0,0
B10_D1,471,0,277,0,0
B6_D1,488,0,346,0,0
G1_D1,117,0,365,0,0
G1_D1,412,0,510,0,0
B6_D1,92,0,30,0,0
B6_D1,8,0,44,0,0
B6_D1,512,0,165,0,0
B6_D1,996,0,41,0,0
B4_D1,93,0,298,0,0
B10_D1,253,0,248,0,0
B6_D1,35,0,258,0,0
B4_D1,60,0,120,0,0
B6_D1,440,0,27,0,0
B4_D1,14,0,292,0,0
B10_D1,253,0,315,0,0
B10_D1,417,0,1,0,0
B10_D1,939,0,32,0,0
B2_D1,1,0,503,0,0
G1_D1,536,0,253,0,0
B6_D1,273,0,375,0,0
B10_D1,550,0,72,0,0
B10_D1,680,0,395,0,0
B4_D1,1002,0,16,0,0
B10_D1,713,0,421,0,0
B6_D1,362,0,94,0,0
B4_D1,247,0,272,0,0
B6_D1,842,0,487,0,0
G1_D1,1017,0,472,0,0
G1_D1,324,0,423,0,0
B10_D1,53,0,262,0,0
G1_D1,989,0,86,0,0
G1_D1,176,0,61,0,0
B6_D1,6,0,239,0,0
G1_D1,965,0,308,0,0
B6_D1,418,0,502,0,0
B6_D1,107,0,390,0,0
G1_D1,4,0,491,0,0
B4_D1,559,0,80,0,0
B6_D1,396,0,15,0,0
G1_D1,687,0,170,0,0
B6_D1,808,0,159,0,0
B10_D1,624,0,414,0,0
B6_D1,335,0,229,0,0
G1_D1,676,0,35,0,0
G1_D1,251,0,43,0,0
G1_D1,1023,0,410,0,0
B10_D1,725,0,103,0,0
B6_D1,686,0,415,0,0
B10_D1,683,0,0,0,0
B6_D1,962,0,222,0,0
B2_D1,201,0,0,0,0
B2_D1,381,0,280,0,0
B8_D1,782,0,311,0,0
B6_D1,208,0,199,0,0
B2_D1,812,0,188,0,0
G1_D1,583,0,276,0,0
B6_D1,572,0,7,0,0
B10_D1,187,0,136,0,0
B6_D1,902,0,498,0,0
B10_D1,337,0,339,0,0
B10_D1,35,0,253,0,0
B10_D1,468,0,164,0,0
B10_D1,816,0,430,0,0
B6_D1,728,0,370,0,0
B10_D1,114,0,61,0,0
B6_D1,907,0,389,0,0
B10_D1,959,0,7,0,0
B6_D1,889,0,91,0,0
B10_D1,876,0,347,0,0
B6_D1,421,0,248,0,0
G1_D1,395,0,279,0,0
B4_D1,152,0,197,0,0
B10_D1,561,0,1,0,0
B4_D1,863,0,261,0,0
B6_D1,723,0,154,0,0
B10_D1,168,0,36,0,0
G1_D1,200,0,78,0,0
B8_D1,389,0,283,0,0
B10_D1,565,0,408,0,0
B6_D1,516,0,35,0,0
B10_D1,774,0,452,0,0
B2_D1,826,0,466,0,0
B6_D1,127,0,104,0,0
G1_D1,570,0,88,0,0
G1_D1,353,0,363,0,0
B6_D1,831,0,132,0,0
B6_D1,46,0,420,0,0
B10_D1,704,0,16,0,0
B10_D1,189,0,81,0,0
B10_D1,339,0,39,0,0
B6_D1,709,0,196,0,0
B4_D1,324,0,175,0,0
B2_D1,207,0,135,0,0
B6_D1,0,0,4,0,0
G1_D1,491,0,151,0,0
B6_D1,117,0,476,0,0
B6_D1,710,0,163,0,0
B10_D1,83,0,183,0,0
B4_D1,648,0,290,0,0
G1_D1,857,0,310,0,0
B10_D1,453,0,243,0,0
B6_D1,450,0,488,0,0
B10_D1,871,0,295,0,0
G1_D1,16,0,350,0,0
B6_D1,482,0,495,0,0
B10_D1,229,0,406,0,0
G1_D1,155,0,253,0,0
G1_D1,228,0,441,0,0
B10_D1,233,0,193,0,0
G1_D1,501,0,21,0,0
B6_D1,55,0,120,0,0
B10_D1,364,0,18,0,0
B6_D1,7,0,271,0,0
B10_D1,166,0,162,0,0
B6_D1,161,0,331,0,0
B10_D1,753,0,2,0,0
G1_D1,953,0,386,0,0
B6_D1,354,0,341,0,0
G1_D1,55,0,6,0,0
B6_D1,465,0,405,0,0
G1_D1,515,0,76,0,0
G1_D1,358,0,485,0,0
B10_D1,166,0,192,0,0
B10_D1,892,0,86,0,0
B10_D1,432,0,164,0,0
B6_D1,232,0,1,0,0
B6_D1,802,0,508,0,0
G1_D1,424,0,0,0,0
B4_D1,397,0,61,0,0
B10_D1,848,0,406,0,0
B2_D1,820,0,275,0,0
B6_D1,44,0,266,0,0
G1_D1,131,0,131,0,0
B6_D1,595,0,170,0,0
B10_D1,814,0,439,0,0
G1_D1,43,0,388,0,0
G1_D1,925,0,237,0,0
B6_D1,542,0,301,0,0
G1_D1,42,0,186,0,0
B10_D1,221,0,458,0,0
B6_D1,190,0,84,0,0
B10_D1,913,0,232,0,0
G1_D1,374,0,123,0,0
B2_D1,196,0,149,0,0
B6_D1,756,0,4,0,0
B10_D1,441,0,243,0,0
B10_D1,50,0,257,0,0
B10_D1,579,0,46,0,0
B6_D1,909,0,139,0,0
B6_D1,766,0,470,0,0
B6_D1,829,0,141,0,0
B10_D1,283,0,173,0,0
B10_D1,212,0,334,0,0
B6_D1,606,0,294,0,0
B10_D1,711,0,416,0,0
B6_D1,550,0,502,0,0
B6_D1,456,0,282,0,0
B10_D1,501,0,1,0,0
B6_D1,187,0,198,0,0
B6_D1,984,0,47,0,0
B6_D1,660,0,68,0,0
B8_D1,333,0,304,0,0
B6_D1,541,0,311,0,0
B6_D1,940,0,431,0,0
B6_D1,454,0,506,0,0
G1_D1,983,0,291,0,0
B6_D1,278,0,504,0,0
B6_D1,113,0,398,0,0
B6_D1,673,0,306,0,0
G1_D1,946,0,20,0,0
B6_D1,5,0,149,0,0
G1_D1,1023,0,459,0,0
G1_D1,939,0,241,0,0
G1_D1,336,0,252,0,0
B6_D1,628,0,331,0,0
B2_D1,725,0,225,0,0
B10_D1,603,0,343,0,0
G1_D1,32,0,264,0,0
B4_D1,752,0,206,0,0
B10_D1,195,0,439,0,0
B6_D1,728,0,272,0,0
B4_D1,261,0,228,0,0
B6_D1,881,0,163,0,0
B4_D1,740,0,247,0,0
G1_D1,732,0,282,0,0
B6_D1,874,0,90,0,0
B6_D1,752,0,14,0,0
B6_D1,287,0,460,0,0
B10_D1,209,0,240,0,0
B6_D1,696,0,45,0,0
B10_D1,638,0,379,0,0
B6_D1,724,0,15,0,0
B6_D1,488,0,31,0,0
B6_D1,848,0,33,0,0
B10_D1,25,0,234,0,0
B2_D1,678,0,89,0,0
B10_D1,368,0,313,0,0
G1_D1,589,0,4,0,0
B6_D1,540,0,256,0,0
B10_D1,235,0,167,0,0
G1_D1,52,0,64,0,0
G1_D1,864,0,251,0,0
B2_D1,440,0,374,0,0
G1_D1,739,0,16,0,0
G1_D1,204,0,237,0,0
G1_D1,891,0,27,0,0
B6_D1,972,0,44,0,0
B2_D1,825,0,126,0,0
B6_D1,140,0,89,0,0
B6_D1,489,0,347,0,0
B10_D1,1004,0,47,0,0
B4_D1,788,0,238,0,0
B10_D1,212,0,5,0,0
G1_D1,255,0,54,0,0
B10_D1,81,0,208,0,0
B10_D1,108,0,272,0,0
B10_D1,264,0,272,0,0
B6_D1,976,0,27,0,0
B10_D1,158,0,191,0,0
B4_D1,151,0,177,0,0
B6_D1,884,0,26,0,0
G1_D1,524,0,26,0,0
B6_D1,696,0,457,0,0
B6_D1,820,0,36,0,0
B4_D1,407,0,409,0,0
B6_D1,634,0,489,0,0
B10_D1,687,0,104,0,0
B4_D1,472,0,287,0,0
B6_D1,846,0,86,0,0
B6_D1,414,0,122,0,0
B6_D1,484,0,21,0,0
B6_D1,206,0,489,0,0
B10_D1,91,0,35,0,0
G1_D1,478,0,18,0,0
B10_D1,788,0,18,0,0
B6_D1,6,0,216,0,0
B6_D1,18,0,212,0,0
B6_D1,216,0,367,0,0
B10_D1,471,0,466,0,0
B10_D1,603,0,299,0,0
B10_D1,771,0,256,0,0
B10_D1,106,0,295,0,0
B4_D1,973,0,15,0,0
B6_D1,236,0,3,0,0
G1_D1,273,0,510,0,0
B6_D1,148,0,202,0,0
B6_D1,904,0,295,0,0
B6_D1,510,0,492,0,0
B2_D1,782,0,3,0,0
B10_D1,514,0,406,0,0
B10_D1,600,0,44,0,0
B10_D1,965,0,230,0,0
B10_D1,488,0,498,0,0
B6_D1,308,0,38,0,0
B6_D1,242,0,112,0,0
B10_D1,827,0,95,0,0
B6_D1,962,0,498,0,0
G1_D1,997,0,241,0,0
B10_D1,341,0,87,0,0
B4_D1,636,0,187,0,0
B10_D1,94,0,121,0,0
B6_D1,828,0,10,0,0
B10_D1,914,0,391,0,0
B4_D1,327,0,169,0,0
B10_D1,171,0,39,0,0
B6_D1,724,0,339,0,0
G1_D1,549,0,96,0,0
B4_D1,235,0,21,0,0
B10_D1,52,0,156,0,0
B10_D1,393,0,194,0,0
B6_D1,711,0,402,0,0
B10_D1,351,0,276,0,0
B10_D1,652,0,29,0,0
B6_D1,436,0,12,0,0
B8_D1,761,0,212,0,0
B10_D1,955,0,262,0,0
B6_D1,291,0,360,0,0
G1_D1,65,0,4,0,0
B6_D1,125,0,453,0,0
B10_D1,996,0,274,0,0
B6_D1,673,0,125,0,0
B6_D1,516,0,36,0,0
G1_D1,96,0,131,0,0
G1_D1,686,0,249,0,0
B6_D1,744,0,17,0,0
B6_D1,240,0,48,0,0
B6_D1,85,0,395,0,0
G1_D1,704,0,1,0,0
B10_D1,265,0,68,0,0
B2_D1,179,0,241,0,0
B6_D1,572,0,18,0,0
B6_D1,33,0,210,0,0
G1_D1,1001,0,126,0,0
G1_D1,750,0,19,0,0
G1_D1,69,0,306,0,0
B10_D1,352,0,263,0,0
B4_D1,759,0,221,0,0
B2_D1,502,0,490,0,0
B10_D1,319,0,21,0,0
B6_D1,605,0,421,0,0
B6_D1,794,0,111,0,0
B2_D1,850,0,244,0,0
B4_D1,645,0,110,0,0
B6_D1,82,0,504,0,0
B6_D1,720,0,3,0,0
G1_D1,308,0,24,0,0
B10_D1,157,0,60,0,0
G1_D1,161,0,4,0,0
B6_D1,768,0,11,0,0
B10_D1,339,0,266,0,0
B6_D1,841,0,262,0,0
G1_D1,739,0,98,0,0
G1_D1,835,0,213,0,0
B10_D1,543,0,407,0,0
B10_D1,589,0,90,0,0
B10_D1,163,0,2,0,0
B10_D1,296,0,266,0,0
G1_D1,878,0,42,0,0
B6_D1,446,0,505,0,0
B4_D1,969,0,33,0,0
B10_D1,813,0,57,0,0
G1_D1,45,0,265,0,0
B4_D1,1001,0,215,0,0
B10_D1,90,0,194,0,0
B10_D1,730,0,113,0,0
B6_D1,457,0,173,0,0
B10_D1,536,0,264,0,0
B4_D1,183,0,285,0,0
B4_D1,5,0,256,0,0
B4_D1,7,0,182,0,0
B4_D1,963,0,83,0,0
G1_D1,914,0,328,0,0
B4_D1,2,0,226,0,0
B10_D1,363,0,502,0,0
G1_D1,353,0,120,0,0
B6_D1,252,0,46,0,0
B6_D1,298,0,53,0,0
B10_D1,127,0,422,0,0
B4_D1,63,0,282,0,0
B10_D1,710,0,264,0,0
B10_D1,364,0,139,0,0
B6_D1,1006,0,495,0,0
B6_D1,632,0,242,0,0
B6_D1,884,0,157,0,0
B10_D1,115,0,402,0,0
B6_D1,46,0,502,0,0
B6_D1,652,0,6,0,0
B6_D1,798,0,507,0,0
B10_D1,806,0,438,0,0
G1_D1,89,0,399,0,0
B10_D1,376,0,312,0,0
G1_D1,272,0,31,0,0
B10_D1,221,0,118,0,0
B10_D1,734,0,284,0,0
B10_D1,749,0,259,0,0
G1_D1,951,0,16,0,0
B2_D1,266,0,485,0,0
G1_D1,10,0,94,0,0
B10_D1,980,0,79,0,0
B6_D1,888,0,393,0,0
B6_D1,289,0,476,0,0
G1_D1,139,0,6,0,0
B4_D1,812,0,19,0,0
B10_D1,130,0,268,0,0
G1_D1,516,0,0,0,0
B2_D1,155,0,1,0,0
B10_D1,89,0,462,0,0
B2_D1,856,0,80,0,0
B10_D1,983,0,155,0,0
B10_D1,490,0,94,0,0
B6_D1,996,0,25,0,0
B10_D1,286,0,144,0,0
B2_D1,496,0,40,0,0
B6_D1,730,0,73,0,0
B10_D1,110,0,495,0,0
B4_D1,21,0,131,0,0
B4_D1,1022,0,200,0,0
G1_D1,84,0,48,0,0
B6_D1,828,0,16,0,0
B2_D1,980,0,122,0,0
G1_D1,181,0,62,0,0
G1_D1,630,0,86,0,0
B6_D1,839,0,155,0,0
B2_D1,816,0,56,0,0
B10_D1,803,0,382,0,0
G1_D1,34,0,9,0,0
B10_D1,155,0,8,0,0
B10_D1,946,0,75,0,0
B6_D1,186,0,500,0,0
B10_D1,435,0,304,0,0
B2_D1,666,0,145,0,0
B6_D1,925,0,132,0,0
G1_D1,228,0,243,0,0
B6_D1,641,0,377,0,0
B6_D1,696,0,13,0,0
B10_D1,695,0,202,0,0
G1_D1,327,0,38,0,0
B6_D1,1005,0,93,0,0
B10_D1,235,0,358,0,0
B10_D1,628,0,483,0,0
B4_D1,723,0,14,0,0
B6_D1,936,0,4,0,0
B6_D1,482,0,497,0,0
B6_D1,821,0,259,0,0
B6_D1,352,0,10,0,0
B10_D1,188,0,257,0,0
G1_D1,241,0,366,0,0
G1_D1,47,0,267,0,0
B6_D1,43,0,273,0,0
B10_D1,601,0,225,0,0
B4_D1,1,0,454,0,0
B6_D1,314,0,262,0,0
G1_D1,298,0,95,0,0
B6_D1,58,0,486,0,0
B6_D1,353,0,221,0,0
G1_D1,207,0,113,0,0
B2_D1,829,0,90,0,0
B6_D1,69,0,401,0,0
G1_D1,1018,0,423,0,0
B6_D1,553,0,342,0,0
B10_D1,349,0,100,0,0
B10_D1,141,0,125,0,0
G1_D1,408,0,89,0,0
B4_D1,173,0,75,0,0
B6_D1,73,0,208,0,0
B6_D1,275,0,179,0,0
B6_D1,338,0,459,0,0
G1_D1,493,0,21,0,0
B4_D1,6,0,184,0,0
B10_D1,468,0,84,0,0
B6_D1,30,0,486,0,0
B4_D1,453,0,212,0,0
G1_D1,16,0,289,0,0
B2_D1,350,0,115,0,0
G1_D1,705,0,252,0,0
B6_D1,759,0,259,0,0
B6_D1,772,0,38,0,0
B10_D1,473,0,110,0,0
B2_D1,572,0,27,0,0
B6_D1,946,0,223,0,0
B4_D1,66,0,17,0,0
B10_D1,640,0,175,0,0
B10_D1,911,0,230,0,0
B2_D1,254,0,396,0,0
B10_D1,208,0,155,0,0
G1_D1,642,0,5,0,0
G1_D1,618,0,285,0,0
B6_D1,755,0,256,0,0
G1_D1,934,0,220,0,0
B4_D1,810,0,213,0,0
B10_D1,751,0,270,0,0
B6_D1,256,0,2,0,0
B10_D1,182,0,70,0,0
B10_D1,37,0,310,0,0
B10_D1,662,0,31,0,0
G1_D1,36,0,71,0,0
G1_D1,246,0,5,0,0
G1_D1,106,0,303,0,0
B10_D1,134,0,269,0,0
B4_D1,986,0,206,0,0
G1_D1,1007,0,163,0,0
B6_D1,480,0,170,0,0
B10_D1,114,0,496,0,0
B10_D1,379,0,15,0,0
B10_D1,37,0,125,0,0
B4_D1,584,0,379,0,0
B6_D1,492,0,277,0,0
B6_D1,546,0,358,0,0
G1_D1,1005,0,270,0,0
B2_D1,723,0,139,0,0
B6_D1,93,0,296,0,0
G1_D1,986,0,23,0,0
B6_D1,9,0,476,0,0
B6_D1,671,0,301,0,0
B10_D1,692,0,36,0,0
B4_D1,462,0,66,0,0
B6_D1,346,0,341,0,0
B10_D1,369,0,279,0,0
B6_D1,890,0,273,0,0
B6_D1,605,0,392,0,0
G1_D1,1020,0,502,0,0
B10_D1,64,0,51,0,0
B6_D1,768,0,3,0,0
B10_D1,287,0,308,0,0
B10_D1,161,0,357,0,0
B6_D1,214,0,492,0,0
B6_D1,658,0,510,0,0
G1_D1,45,0,510,0,0
B10_D1,879,0,100,0,0
G1_D1,15,0,323,0,0
G1_D1,934,0,39,0,0
B6_D1,847,0,203,0,0
G1_D1,946,0,461,0,0
B6_D1,472,0,0,0,0
B10_D1,911,0,449,0,0
B6_D1,208,0,197,0,0
B6_D1,124,0,9,0,0
B10_D1,1021,0,13,0,0
G1_D1,224,0,73,0,0
B10_D1,692,0,236,0,0
B10_D1,284,0,248,0,0
B6_D1,108,0,265,0,0
G1_D1,194,0,172,0,0
B6_D1,650,0,411,0,0
B6_D1,214,0,502,0,0
G1_D1,483,0,349,0,0
B6_D1,448,0,45,0,0
B4_D1,1,0,60,0,0
B10_D1,354,0,181,0,0
B6_D1,243,0,385,0,0
B4_D1,701,0,262,0,0
G1_D1,184,0,53,0,0
B6_D1,976,0,6,0,0
G1_D1,177,0,156,0,0
B10_D1,81,0,326,0,0
B10_D1,624,0,34,0,0
B6_D1,784,0,356,0,0
B10_D1,686,0,86,0,0
B6_D1,728,0,283,0,0
B4_D1,653,0,74,0,0
G1_D1,215,0,10,0,0
B2_D1,237,0,298,0,0
B6_D1,472,0,346,0,0
G1_D1,371,0,17,0,0
B10_D1,160,0,101,0,0
B10_D1,233,0,214,0,0
B6_D1,952,0,3,0,0
B6_D1,680,0,24,0,0
B10_D1,883,0,82,0,0
G1_D1,364,0,54,0,0
B10_D1,921,0,386,0,0
B6_D1,855,0,300,0,0
B10_D1,310,0,95,0,0
B4_D1,341,0,352,0,0
B10_D1,555,0,234,0,0
G1_D1,635,0,10,0,0
B8_D1,680,0,182,0,0
B6_D1,301,0,408,0,0
B6_D1,560,0,444,0,0
B8_D1,990,0,300,0,0
B10_D1,812,0,371,0,0
B6_D1,668,0,185,0,0
B6_D1,624,0,241,0,0
G1_D1,271,0,180,0,0
B6_D1,624,0,13,0,0
B6_D1,871,0,70,0,0
B6_D1,838,0,505,0,0
G1_D1,48,0,297,0,0
B4_D1,5,0,118,0,0
B6_D1,871,0,235,0,0
B6_D1,710,0,421,0,0
B6_D1,135,0,197,0,0
G1_D1,485,0,243,0,0
B6_D1,910,0,483,0,0
B10_D1,456,0,309,0,0
G1_D1,191,0,16,0,0
G1_D1,599,0,53,0,0
B6_D1,914,0,491,0,0
B10_D1,992,0,304,0,0
B6_D1,52,0,431,0,0
B4_D1,399,0,227,0,0
B10_D1,402,0,344,0,0
B6_D1,654,0,482,0,0
B6_D1,689,0,458,0,0
B4_D1,527,0,280,0,0
G1_D1,712,0,22,0,0
B6_D1,364,0,19,0,0
B6_D1,932,0,261,0,0
B10_D1,129,0,14,0,0
B10_D1,90,0,142,0,0
G1_D1,588,0,72,0,0
B2_D1,270,0,200,0,0
B6_D1,424,0,43,0,0
B10_D1,506,0,87,0,0
B6_D1,629,0,463,0,0
B10_D1,995,0,276,0,0
B10_D1,122,0,89,0,0
B4_D1,301,0,38,0,0
G1_D1,85,0,425,0,0
B10_D1,367,0,238,0,0
B10_D1,806,0,380,0,0
G1_D1,71,0,440,0,0
B4_D1,786,0,263,0,0
B6_D1,80,0,100,0,0
B6_D1,762,0,243,0,0
B2_D1,699,0,507,0,0
G1_D1,912,0,316,0,0
B6_D1,268,0,3,0,0
B10_D1,689,0,292,0,0
B10_D1,288,0,252,0,0
B2_D1,544,0,27,0,0
B6_D1,476,0,385,0,0
B8_D1,147,0,203,0,0
G1_D1,40,0,270,0,0
G1_D1,373,0,91,0,0
B6_D1,708,0,183,0,0
B4_D1,778,0,91,0,0
G1_D1,304,0,11,0,0
B10_D1,707,0,256,0,0
B10_D1,197,0,37,0,0
G1_D1,1013,0,298,0,0
G1_D1,276,0,0,0,0
B6_D1,456,0,36,0,0
B6_D1,852,0,42,0,0
G1_D1,90,0,41,0,0
G1_D1,35,0,473,0,0
B2_D1,732,0,495,0,0
B6_D1,450,0,508,0,0
G1_D1,1011,0,148,0,0
B6_D1,32,0,19,0,0
B10_D1,113,0,123,0,0
G1_D1,1019,0,381,0,0
B10_D1,749,0,114,0,0
B2_D1,989,0,41,0,0
B10_D1,31,0,263,0,0
B10_D1,94,0,461,0,0
B6_D1,776,0,33,0,0
B6_D1,480,0,33,0,0
G1_D1,291,0,2,0,0
B10_D1,795,0,384,0,0
B6_D1,633,0,342,0,0
G1_D1,259,0,16,0,0
G1_D1,817,0,52,0,0
B6_D1,630,0,409,0,0
G1_D1,733,0,470,0,0
B6_D1,556,0,8,0,0
B10_D1,654,0,421,0,0
B10_D1,909,0,232,0,0
B10_D1,584,0,482,0,0
G1_D1,1011,0,243,0,0
B10_D1,643,0,112,0,0
B6_D1,403,0,390,0,0
G1_D1,761,0,156,0,0
B6_D1,88,0,290,0,0
B6_D1,780,0,27,0,0
B10_D1,90,0,169,0,0
B4_D1,967,0,13,0,0
B10_D1,157,0,133,0,0
B6_D1,632,0,466,0,0
G1_D1,72,0,7,0,0
B10_D1,787,0,333,0,0
B6_D1,220,0,11,0,0
B10_D1,229,0,241,0,0
B10_D1,783,0,91,0,0
G1_D1,351,0,225,0,0
G1_D1,610,0,275,0,0
B10_D1,291,0,436,0,0
B10_D1,142,0,252,0,0
B6_D1,608,0,23,0,0
B6_D1,796,0,27,0,0
B6_D1,81,0,84,0,0
G1_D1,44,0,123,0,0
G1_D1,1003,0,10,0,0
B6_D1,639,0,180,0,0
B6_D1,558,0,163,0,0
B10_D1,140,0,457,0,0
B2_D1,187,0,234,0,0
B6_D1,614,0,266,0,0
B6_D1,1020,0,7,0,0
B6_D1,870,0,234,0,0
B6_D1,415,0,124,0,0
B6_D1,812,0,48,0,0
B6_D1,134,0,482,0,0
B6_D1,585,0,161,0,0
B10_D1,595,0,321,0,0
B4_D1,784,0,236,0,0
G1_D1,994,0,15,0,0
B6_D1,380,0,14,0,0
B10_D1,386,0,472,0,0
B10_D1,167,0,251,0,0
B6_D1,493,0,56,0,0
B10_D1,992,0,299,0,0
B6_D1,483,0,291,0,0
G1_D1,361,0,226,0,0
B6_D1,920,0,11,0,0
B10_D1,114,0,55,0,0
G1_D1,457,0,84,0,0
G1_D1,288,0,181,0,0
B10_D1,776,0,429,0,0
G1_D1,816,0,241,0,0
B10_D1,327,0,24,0,0
B6_D1,24,0,228,0,0
B10_D1,693,0,59,0,0
B10_D1,1007,0,72,0,0
G1_D1,830,0,231,0,0
G1_D1,273,0,30,0,0
B10_D1,58,0,173,0,0
B4_D1,278,0,256,0,0
B6_D1,818,0,483,0,0
B2_D1,943,0,41,0,0
B6_D1,133,0,195,0,0
G1_D1,980,0,42,0,0
B6_D1,376,0,41,0,0
B10_D1,87,0,184,0,0
B4_D1,114,0,413,0,0
B10_D1,439,0,320,0,0
B6_D1,996,0,18,0,0
B6_D1,486,0,488,0,0
B4_D1,491,0,372,0,0
B8_D1,841,0,229,0,0
B10_D1,394,0,230,0,0
B6_D1,588,0,10,0,0
B2_D1,541,0,509,0,0
B6_D1,32,0,142,0,0
G1_D1,580,0,84,0,0
B6_D1,623,0,407,0,0
B6_D1,710,0,507,0,0
B10_D1,591,0,194,0,0
G1_D1,149,0,412,0,0
B10_D1,149,0,511,0,0
B6_D1,812,0,454,0,0
B10_D1,219,0,194,0,0
B4_D1,585,0,107,0,0
B10_D1,548,0,323,0,0
B6_D1,45,0,430,0,0
B10_D1,892,0,5,0,0
B6_D1,700,0,22,0,0
B6_D1,515,0,246,0,0
B6_D1,428,0,38,0,0
B6_D1,636,0,166,0,0
B2_D1,955,0,261,0,0
B6_D1,20,0,39,0,0
B4_D1,121,0,344,0,0
G1_D1,606,0,249,0,0
B4_D1,55,0,16,0,0
B6_D1,960,0,156,0,0
G1_D1,153,0,252,0,0
B4_D1,1020,0,168,0,0
G1_D1,36,0,1,0,0
G1_D1,736,0,130,0,0
B6_D1,298,0,507,0,0
B10_D1,88,0,24,0,0
B10_D1,260,0,257,0,0
B10_D1,448,0,478,0,0
B10_D1,453,0,77,0,0
B10_D1,315,0,146,0,0
B10_D1,40,0,133,0,0
B4_D1,982,0,87,0,0
B10_D1,807,0,171,0,0
G1_D1,814,0,308,0,0
B10_D1,649,0,465,0,0
B6_D1,418,0,177,0,0
B6_D1,915,0,65,0,0
B10_D1,828,0,383,0,0
G1_D1,397,0,198,0,0
B2_D1,901,0,102,0,0
B10_D1,240,0,238,0,0
B4_D1,5,0,52,0,0
G1_D1,127,0,6,0,0
B2_D1,503,0,124,0,0
B10_D1,884,0,29,0,0
B10_D1,28,0,133,0,0
B10_D1,469,0,216,0,0
G1_D1,654,0,43,0,0
B6_D1,4,0,387,0,0
G1_D1,414,0,120,0,0
G1_D1,23,0,298,0,0
B10_D1,655,0,8,0,0
B6_D1,506,0,293,0,0
B10_D1,722,0,82,0,0
B10_D1,159,0,224,0,0
B10_D1,695,0,107,0,0
B10_D1,797,0,447,0,0
B10_D1,230,0,278,0,0
B6_D1,88,0,135,0,0
B4_D1,762,0,209,0,0
G1_D1,743,0,249,0,0
B6_D1,166,0,146,0,0
B10_D1,195,0,289,0,0
B2_D1,653,0,223,0,0
G1_D1,16,0,23,0,0
B4_D1,3,0,369,0,0
B6_D1,448,0,1,0,0
B6_D1,636,0,5,0,0
B2_D1,488,0,367,0,0
B6_D1,387,0,349,0,0
G1_D1,488,0,126,0,0
B4_D1,111,0,303,0,0
B2_D1,546,0,479,0,0
G1_D1,500,0,37,0,0
B6_D1,588,0,376,0,0
G1_D1,994,0,162,0,0
B6_D1,767,0,416,0,0
B10_D1,317,0,289,0,0
B6_D1,308,0,66,0,0
G1_D1,48,0,0,0,0
B10_D1,987,0,119,0,0
B6_D1,202,0,408,0,0
B10_D1,788,0,418,0,0
B6_D1,806,0,105,0,0
B2_D1,879,0,61,0,0
G1_D1,1012,0,307,0,0
B6_D1,768,0,13,0,0
B6_D1,739,0,407,0,0
B6_D1,142,0,491,0,0
B6_D1,221,0,296,0,0
B6_D1,220,0,73,0,0
B10_D1,719,0,124,0,0
B10_D1,142,0,306,0,0
B10_D1,15,0,311,0,0
B10_D1,111,0,338,0,0
B6_D1,420,0,28,0,0
B6_D1,858,0,65,0,0
B6_D1,804,0,289,0,0
B6_D1,126,0,503,0,0
B4_D1,591,0,183,0,0
G1_D1,28,0,71,0,0
G1_D1,129,0,208,0,0
G1_D1,1013,0,172,0,0
B2_D1,638,0,23,0,0
B4_D1,726,0,39,0,0
B10_D1,541,0,227,0,0
B8_D1,109,0,272,0,0
B4_D1,682,0,276,0,0
G1_D1,36,0,272,0,0
B6_D1,370,0,511,0,0
B4_D1,270,0,249,0,0
B10_D1,944,0,5,0,0
B4_D1,607,0,228,0,0
B10_D1,662,0,421,0,0
B4_D1,436,0,237,0,0
B10_D1,253,0,247,0,0
B2_D1,785,0,7,0,0
B10_D1,487,0,499,0,0
B6_D1,970,0,413,0,0
G1_D1,113,0,368,0,0
B4_D1,879,0,20,0,0
B6_D1,731,0,284,0,0
G1_D1,178,0,341,0,0
B10_D1,933,0,261,0,0
G1_D1,544,0,204,0,0
G1_D1,198,0,172,0,0
B6_D1,684,0,50,0,0
B10_D1,404,0,410,0,0
B6_D1,488,0,1,0,0
B8_D1,99,0,103,0,0
G1_D1,660,0,49,0,0
B6_D1,86,0,509,0,0
B6_D1,819,0,269,0,0
B6_D1,232,0,336,0,0
B10_D1,535,0,327,0,0
G1_D1,730,0,100,0,0
G1_D1,226,0,236,0,0
B6_D1,995,0,402,0,0
B10_D1,296,0,310,0,0
B2_D1,617,0,25,0,0
B4_D1,205,0,234,0,0
B10_D1,274,0,52,0,0
B6_D1,291,0,201,0,0
B6_D1,377,0,278,0,0
B6_D1,7,0,399,0,0
B6_D1,952,0,22,0,0
B10_D1,847,0,1,0,0
B10_D1,542,0,166,0,0
B6_D1,974,0,251,0,0
B4_D1,820,0,305,0,0
B6_D1,832,0,34,0,0
B6_D1,313,0,336,0,0
B6_D1,304,0,41,0,0
B6_D1,246,0,384,0,0
G1_D1,259,0,77,0,0
B10_D1,494,0,162,0,0
B4_D1,1022,0,76,0,0
B2_D1,564,0,286,0,0
B10_D1,904,0,249,0,0
B4_D1,201,0,208,0,0
B6_D1,192,0,29,0,0
B6_D1,560,0,24,0,0
G1_D1,1009,0,255,0,0
B6_D1,360,0,284,0,0
B10_D1,532,0,6,0,0
B10_D1,655,0,388,0,0
B4_D1,716,0,192,0,0
B6_D1,760,0,233,0,0
B6_D1,785,0,240,0,0
B2_D1,736,0,81,0,0
G1_D1,1019,0,316,0,0
B4_D1,653,0,110,0,0
B10_D1,594,0,293,0,0
G1_D1,17,0,353,0,0
G1_D1,353,0,235,0,0
B6_D1,751,0,270,0,0
G1_D1,72,0,292,0,0
B10_D1,190,0,77,0,0
B10_D1,899,0,14,0,0
B10_D1,952,0,39,0,0
B10_D1,319,0,169,0,0
G1_D1,638,0,27,0,0
B6_D1,942,0,95,0,0
B10_D1,427,0,253,0,0
B4_D1,747,0,69,0,0
G1_D1,27,0,182,0,0
B10_D1,447,0,187,0,0
B6_D1,688,0,19,0,0
G1_D1,1001,0,80,0,0
B10_D1,934,0,374,0,0
B6_D1,94,0,485,0,0
B4_D1,712,0,44,0,0
B6_D1,650,0,490,0,0
B6_D1,615,0,239,0,0
B10_D1,86,0,94,0,0
B4_D1,724,0,192,0,0
B6_D1,804,0,40,0,0
B6_D1,982,0,492,0,0
G1_D1,121,0,366,0,0
B4_D1,706,0,41,0,0
B6_D1,593,0,87,0,0
B10_D1,297,0,120,0,0
B6_D1,820,0,57,0,0
B10_D1,363,0,163,0,0
B10_D1,897,0,43,0,0
B10_D1,743,0,454,0,0
G1_D1,231,0,150,0,0
B6_D1,538,0,56,0,0
B2_D1,150,0,280,0,0
G1_D1,872,0,242,0,0
B10_D1,58,0,285,0,0
B2_D1,530,0,157,0,0
G1_D1,721,0,21,0,0
B6_D1,1020,0,22,0,0
B4_D1,546,0,294,0,0
G1_D1,719,0,16,0,0
G1_D1,26,0,249,0,0
B6_D1,398,0,229,0,0
G1_D1,75,0,10,0,0
B6_D1,1008,0,38,0,0
B2_D1,73,0,41,0,0
B10_D1,695,0,307,0,0
B10_D1,45,0,67,0,0
B10_D1,989,0,296,0,0
B6_D1,970,0,484,0,0
G1_D1,960,0,294,0,0
B2_D1,182,0,469,0,0
B6_D1,483,0,133,0,0
B6_D1,227,0,297,0,0
B6_D1,0,0,127,0,0
B4_D1,985,0,61,0,0
B10_D1,280,0,266,0,0
B10_D1,671,0,441,0,0
B6_D1,976,0,39,0,0
B6_D1,843,0,132,0,0
B6_D1,218,0,112,0,0
G1_D1,26,0,208,0,0
B6_D1,630,0,374,0,0
G1_D1,576,0,271,0,0
G1_D1,493,0,314,0,0
B10_D1,604,0,322,0,0
B10_D1,786,0,63,0,0
G1_D1,37,0,136,0,0
G1_D1,33,0,263,0,0
B6_D1,658,0,423,0,0
B10_D1,239,0,309,0,0
G1_D1,306,0,37,0,0
B6_D1,542,0,496,0,0
B10_D1,839,0,92,0,0
B6_D1,76,0,24,0,0
B6_D1,1003,0,228,0,0
B6_D1,26,0,259,0,0
G1_D1,725,0,451,0,0
B2_D1,324,0,119,0,0
B6_D1,959,0,116,0,0
B10_D1,648,0,99,0,0
B10_D1,670,0,89,0,0
G1_D1,1012,0,227,0,0
B10_D1,231,0,425,0,0
B6_D1,649,0,197,0,0
G1_D1,448,0,129,0,0
B6_D1,900,0,5,0,0
B10_D1,95,0,185,0,0
B10_D1,586,0,143,0,0
B2_D1,869,0,25,0,0
B6_D1,386,0,295,0,0
B6_D1,935,0,138,0,0
B6_D1,414,0,504,0,0
B6_D1,515,0,276,0,0
B6_D1,721,0,113,0,0
B6_D1,95,0,371,0,0
G1_D1,53,0,21,0,0
B6_D1,296,0,8,0,0
B10_D1,947,0,0,0,0
B4_D1,208,0,46,0,0
G1_D1,769,0,67,0,0
B10_D1,14,0,322,0,0
G1_D1,76,0,1,0,0
G1_D1,609,0,296,0,0
B10_D1,283,0,308,0,0
G1_D1,208,0,58,0,0
B6_D1,792,0,23,0,0
B6_D1,746,0,293,0,0
G1_D1,34,0,34,0,0
B2_D1,102,0,510,0,0
G1_D1,0,0,0,0,0
G1_D1,1009,0,21,0,0
G1_D1,659,0,24,0,0
B6_D1,85,0,462,0,0
B6_D1,541,0,172,0,0
B10_D1,498,0,91,0,0
B10_D1,1011,0,63,0,0
B4_D1,7,0,132,0,0
G1_D1,163,0,2,0,0
B6_D1,56,0,8,0,0
G1_D1,190,0,281,0,0
B6_D1,906,0,342,0,0
B4_D1,515,0,227,0,0
B6_D1,112,0,19,0,0
B10_D1,441,0,1,0,0
B6_D1,517,0,131,0,0
G1_D1,433,0,259,0,0
G1_D1,669,0,249,0,0
B6_D1,83,0,402,0,0
B6_D1,859,0,448,0,0
B6_D1,700,0,341,0,0
B10_D1,238,0,157,0,0
B6_D1,302,0,169,0,0
B6_D1,557,0,339,0,0
B10_D1,677,0,271,0,0
B10_D1,264,0,5,0,0
B6_D1,938,0,488,0,0
B6_D1,613,0,317,0,0
B10_D1,901,0,308,0,0
B4_D1,0,0,117,0,0
B10_D1,816,0,267,0,0
B6_D1,948,0,137,0,0
G1_D1,187,0,10,0,0
B6_D1,854,0,508,0,0
B6_D1,542,0,505,0,0
B6_D1,924,0,224,0,0
G1_D1,349,0,93,0,0
B2_D1,345,0,116,0,0
B10_D1,259,0,316,0,0
B6_D1,360,0,40,0,0
B6_D1,229,0,133,0,0
G1_D1,918,0,112,0,0
B6_D1,168,0,11,0,0
B10_D1,988,0,51,0,0
G1_D1,202,0,343,0,0
B10_D1,832,0,30,0,0
B4_D1,685,0,187,0,0
G1_D1,990,0,16,0,0
G1_D1,9,0,124,0,0
G1_D1,332,0,237,0,0
B2_D1,913,0,426,0,0
G1_D1,259,0,300,0,0
B6_D1,72,0,35,0,0
B6_D1,769,0,294,0,0
B10_D1,400,0,412,0,0
B10_D1,435,0,330,0,0
B10_D1,535,0,140,0,0
B10_D1,653,0,511,0,0
B4_D1,471,0,27,0,0
B4_D1,748,0,203,0,0
B6_D1,1016,0,314,0,0
B6_D1,106,0,370,0,0
B6_D1,23,0,273,0,0
B10_D1,1016,0,211,0,0
B6_D1,845,0,294,0,0
B10_D1,734,0,86,0,0
B10_D1,686,0,113,0,0
B10_D1,229,0,7,0,0
B10_D1,637,0,473,0,0
B10_D1,238,0,301,0,0
B6_D1,327,0,416,0,0
B4_D1,253,0,333,0,0
B6_D1,968,0,21,0,0
B10_D1,143,0,509,0,0
G1_D1,676,0,63,0,0
B4_D1,459,0,183,0,0
G1_D1,846,0,127,0,0
B10_D1,294,0,273,0,0
G1_D1,775,0,267,0,0
B8_D1,516,0,207,0,0
B6_D1,1006,0,499,0,0
B6_D1,49,0,86,0,0
B6_D1,4,0,73,0,0
B10_D1,563,0,317,0,0
G1_D1,247,0,43,0,0
G1_D1,780,0,301,0,0
B6_D1,961,0,118,0,0
B4_D1,164,0,120,0,0
B4_D1,641,0,295,0,0
B6_D1,1,0,114,0,0
G1_D1,730,0,167,0,0
B10_D1,347,0,20,0,0
B6_D1,763,0,101,0,0
B6_D1,547,0,181,0,0
G1_D1,632,0,277,0,0
B6_D1,384,0,29,0,0
B4_D1,786,0,86,0,0
G1_D1,597,0,237,0,0
B10_D1,324,0,312,0,0
B10_D1,26,0,202,0,0
B4_D1,948,0,12,0,0
B10_D1,826,0,88,0,0
B10_D1,1019,0,43,0,0
B2_D1,600,0,98,0,0
G1_D1,979,0,291,0,0
B6_D1,155,0,452,0,0
B6_D1,277,0,382,0,0
B4_D1,699,0,273,0,0
B6_D1,812,0,37,0,0
B6_D1,77,0,159,0,0
G1_D1,849,0,445,0,0
G1_D1,84,0,500,0,0
B10_D1,151,0,209,0,0
B10_D1,804,0,310,0,0
G1_D1,685,0,4,0,0
B2_D1,201,0,2,0,0
B10_D1,773,0,92,0,0
B10_D1,287,0,345,0,0
G1_D1,515,0,102,0,0
B10_D1,13,0,243,0,0
B6_D1,688,0,45,0,0
G1_D1,156,0,375,0,0
B10_D1,923,0,1,0,0
G1_D1,15,0,228,0,0
G1_D1,1006,0,23,0,0
B4_D1,646,0,329,0,0
G1_D1,818,0,254,0,0
G1_D1,991,0,295,0,0
G1_D1,1014,0,159,0,0
B4_D1,92,0,297,0,0
G1_D1,400,0,480,0,0
G1_D1,995,0,169,0,0
B6_D1,258,0,135,0,0
B10_D1,36,0,94,0,0
G1_D1,755,0,2,0,0
B10_D1,454,0,126,0,0
G1_D1,309,0,269,0,0
B10_D1,336,0,147,0,0
B6_D1,928,0,20,0,0
B6_D1,840,0,135,0,0
B6_D1,268,0,45,0,0
B6_D1,994,0,315,0,0
B10_D1,768,0,479,0,0
B8_D1,6,0,251,0,0
B10_D1,869,0,290,0,0
B6_D1,316,0,325,0,0
B6_D1,84,0,18,0,0
B10_D1,268,0,71,0,0
G1_D1,70,0,20,0,0
B6_D1,979,0,143,0,0
B6_D1,948,0,304,0,0
B10_D1,544,0,275,0,0
B6_D1,785,0,87,0,0
B6_D1,80,0,141,0,0
B6_D1,169,0,111,0,0
B4_D1,332,0,338,0,0
B6_D1,714,0,433,0,0
B4_D1,1008,0,219,0,0
B10_D1,29,0,11,0,0
B10_D1,424,0,405,0,0
B2_D1,356,0,196,0,0
B6_D1,625,0,305,0,0
G1_D1,948,0,244,0,0
B10_D1,301,0,97,0,0
G1_D1,718,0,38,0,0
B6_D1,273,0,481,0,0
B10_D1,840,0,406,0,0
G1_D1,497,0,243,0,0
B6_D1,88,0,6,0,0
G1_D1,1018,0,224,0,0
B2_D1,772,0,23,0,0
B10_D1,16,0,184,0,0
B10_D1,359,0,485,0,0
B2_D1,221,0,401,0,0
B8_D1,1022,0,476,0,0
B6_D1,217,0,406,0,0
B6_D1,520,0,46,0,0
B6_D1,202,0,483,0,0
B6_D1,906,0,273,0,0
G1_D1,20,0,262,0,0
B4_D1,1022,0,270,0,0
B6_D1,348,0,4,0,0
B6_D1,960,0,92,0,0
B10_D1,173,0,266,0,0
B2_D1,144,0,450,0,0
B6_D1,34,0,507,0,0
B10_D1,919,0,98,0,0
B6_D1,877,0,313,0,0
B4_D1,168,0,141,0,0
B10_D1,451,0,72,0,0
B6_D1,392,0,167,0,0
B10_D1,283,0,264,0,0
B6_D1,472,0,49,0,0
B6_D1,642,0,504,0,0
B2_D1,823,0,20,0,0
B2_D1,428,0,4,0,0
B2_D1,498,0,108,0,0
B2_D1,714,0,473,0,0
B6_D1,996,0,30,0,0
G1_D1,985,0,113,0,0
B2_D1,124,0,210,0,0
G1_D1,981,0,106,0,0
B10_D1,375,0,60,0,0
B10_D1,7,0,257,0,0
B4_D1,802,0,253,0,0
B6_D1,627,0,181,0,0
B10_D1,2,0,202,0,0
B6_D1,818,0,51,0,0
G1_D1,127,0,28,0,0
G1_D1,905,0,467,0,0
B4_D1,350,0,300,0,0
B4_D1,6,0,442,0,0
G1_D1,826,0,511,0,0
B6_D1,772,0,11,0,0
B10_D1,591,0,202,0,0
B10_D1,301,0,179,0,0
B10_D1,565,0,124,0,0
B6_D1,578,0,507,0,0
B8_D1,639,0,306,0,0
B6_D1,856,0,46,0,0
B6_D1,242,0,87,0,0
B6_D1,165,0,476,0,0
B4_D1,315,0,16,0,0
B10_D1,474,0,115,0,0
G1_D1,24,0,222,0,0
B4_D1,922,0,59,0,0
B10_D1,567,0,26,0,0
B6_D1,193,0,275,0,0
G1_D1,1013,0,130,0,0
B4_D1,38,0,124,0,0
G1_D1,12,0,358,0,0
B6_D1,163,0,241,0,0
B8_D1,6,0,250,0,0
B10_D1,902,0,80,0,0
B6_D1,42,0,254,0,0
G1_D1,776,0,306,0,0
B6_D1,752,0,39,0,0
B8_D1,761,0,214,0,0
G1_D1,148,0,230,0,0
B10_D1,126,0,229,0,0
B6_D1,449,0,273,0,0
B6_D1,828,0,13,0,0
B4_D1,770,0,305,0,0
B10_D1,638,0,177,0,0
B10_D1,474,0,124,0,0
G1_D1,30,0,120,0,0
B6_D1,724,0,412,0,0
G1_D1,277,0,37,0,0
G1_D1,188,0,74,0,0
G1_D1,551,0,73,0,0
B2_D1,488,0,369,0,0
G1_D1,688,0,457,0,0
B6_D1,221,0,406,0,0
B4_D1,786,0,113,0,0
B10_D1,530,0,33,0,0
B8_D1,151,0,201,0,0
B2_D1,1002,0,215,0,0
G1_D1,584,0,281,0,0
B10_D1,303,0,82,0,0
B6_D1,610,0,506,0,0
B10_D1,943,0,42,0,0
B6_D1,198,0,494,0,0
G1_D1,532,0,63,0,0
B10_D1,244,0,74,0,0
B10_D1,378,0,188,0,0
B6_D1,206,0,330,0,0
G1_D1,631,0,177,0,0
B10_D1,63,0,271,0,0
B6_D1,938,0,273,0,0
B6_D1,17,0,63,0,0
B6_D1,455,0,276,0,0
B6_D1,809,0,213,0,0
B6_D1,741,0,268,0,0
G1_D1,1019,0,291,0,0
B10_D1,504,0,159,0,0
B10_D1,374,0,241,0,0
B6_D1,878,0,324,0,0
G1_D1,152,0,499,0,0
B10_D1,413,0,499,0,0
B6_D1,823,0,254,0,0
B10_D1,363,0,94,0,0
B4_D1,8,0,173,0,0
G1_D1,982,0,93,0,0
G1_D1,936,0,444,0,0
B4_D1,342,0,17,0,0
B10_D1,398,0,150,0,0
B6_D1,159,0,113,0,0
B4_D1,124,0,19,0,0
G1_D1,777,0,253,0,0
G1_D1,977,0,96,0,0
B10_D1,19,0,3,0,0
B4_D1,756,0,199,0,0
G1_D1,709,0,275,0,0
B6_D1,918,0,264,0,0
B10_D1,814,0,180,0,0
B10_D1,121,0,499,0,0
B6_D1,870,0,90,0,0
B10_D1,686,0,161,0,0
B6_D1,413,0,54,0,0
B6_D1,276,0,157,0,0
B2_D1,964,0,60,0,0
G1_D1,935,0,442,0,0
B6_D1,734,0,71,0,0
G1_D1,463,0,17,0,0
G1_D1,128,0,372,0,0
B6_D1,209,0,331,0,0
B2_D1,835,0,20,0,0
B6_D1,836,0,38,0,0
G1_D1,22,0,53,0,0
G1_D1,1006,0,188,0,0
B10_D1,1012,0,43,0,0
B6_D1,402,0,495,0,0
B6_D1,199,0,393,0,0
B10_D1,581,0,119,0,0
B6_D1,759,0,481,0,0
B2_D1,533,0,510,0,0
G1_D1,437,0,144,0,0
B10_D1,537,0,260,0,0
B4_D1,624,0,163,0,0
B6_D1,980,0,145,0,0
B2_D1,477,0,38,0,0
B6_D1,606,0,508,0,0
G1_D1,186,0,18,0,0
B10_D1,688,0,442,0,0
B2_D1,608,0,114,0,0
B4_D1,720,0,197,0,0
B10_D1,1020,0,150,0,0
B6_D1,478,0,293,0,0
B6_D1,9,0,160,0,0
B6_D1,535,0,195,0,0
B6_D1,78,0,509,0,0
B10_D1,478,0,87,0,0
G1_D1,1020,0,257,0,0
B10_D1,722,0,261,0,0
G1_D1,212,0,409,0,0
B2_D1,38,0,47,0,0
B6_D1,409,0,301,0,0
B6_D1,267,0,442,0,0
B4_D1,788,0,245,0,0
G1_D1,622,0,17,0,0
B10_D1,122,0,257,0,0
B6_D1,564,0,34,0,0
B6_D1,294,0,436,0,0
B10_D1,226,0,457,0,0
G1_D1,23,0,149,0,0
B10_D1,595,0,8,0,0
B2_D1,870,0,460,0,0
G1_D1,825,0,301,0,0
B10_D1,319,0,37,0,0
B6_D1,221,0,333,0,0
B4_D1,165,0,202,0,0
B6_D1,530,0,405,0,0
G1_D1,1004,0,18,0,0
B10_D1,760,0,415,0,0
B6_D1,88,0,21,0,0
B10_D1,752,0,108,0,0
B10_D1,897,0,75,0,0
B6_D1,649,0,310,0,0
B6_D1,1008,0,48,0,0
B6_D1,416,0,266,0,0
G1_D1,447,0,23,0,0
G1_D1,22,0,134,0,0
B2_D1,842,0,511,0,0
B6_D1,544,0,4,0,0
B10_D1,144,0,207,0,0
B6_D1,987,0,138,0,0
B6_D1,564,0,162,0,0
B2_D1,682,0,478,0,0
B10_D1,130,0,111,0,0
B2_D1,707,0,283,0,0
B10_D1,154,0,111,0,0
B10_D1,426,0,492,0,0
B10_D1,563,0,81,0,0
B6_D1,182,0,493,0,0
B10_D1,64,0,283,0,0
G1_D1,35,0,196,0,0
B10_D1,25,0,110,0,0
B6_D1,632,0,41,0,0
B6_D1,518,0,326,0,0
B2_D1,694,0,511,0,0
B10_D1,94,0,39,0,0
B10_D1,63,0,509,0,0
B6_D1,818,0,486,0,0
B6_D1,108,0,244,0,0
B6_D1,174,0,117,0,0
B10_D1,816,0,177,0,0
B4_D1,594,0,57,0,0
B6_D1,27,0,162,0,0
B10_D1,726,0,284,0,0
B6_D1,286,0,246,0,0
B10_D1,423,0,496,0,0
B6_D1,496,0,33,0,0
B8_D1,963,0,241,0,0
B2_D1,839,0,75,0,0
B6_D1,742,0,57,0,0
G1_D1,468,0,99,0,0
G1_D1,973,0,40,0,0
B10_D1,561,0,284,0,0
B4_D1,7,0,330,0,0
B10_D1,395,0,65,0,0
B10_D1,455,0,266,0,0
B6_D1,279,0,270,0,0
B6_D1,714,0,421,0,0
B10_D1,911,0,271,0,0
B6_D1,712,0,162,0,0
G1_D1,347,0,6,0,0
B10_D1,231,0,116,0,0
G1_D1,323,0,38,0,0
B10_D1,797,0,273,0,0
B6_D1,772,0,29,0,0
G1_D1,42,0,403,0,0
G1_D1,935,0,78,0,0
G1_D1,168,0,65,0,0
B6_D1,252,0,1,0,0
B2_D1,139,0,204,0,0
B10_D1,426,0,379,0,0
G1_D1,28,0,142,0,0
B4_D1,383,0,296,0,0
B6_D1,785,0,76,0,0
B6_D1,843,0,219,0,0
G1_D1,922,0,67,0,0
B10_D1,337,0,66,0,0
B6_D1,974,0,397,0,0
B10_D1,36,0,393,0,0
B6_D1,57,0,399,0,0
B6_D1,713,0,196,0,0
B6_D1,412,0,266,0,0
B2_D1,471,0,488,0,0
B6_D1,482,0,329,0,0
B6_D1,972,0,128,0,0
G1_D1,574,0,107,0,0
B4_D1,779,0,32,0,0
B10_D1,215,0,404,0,0
B2_D1,650,0,504,0,0
B10_D1,721,0,475,0,0
B2_D1,739,0,67,0,0
B10_D1,909,0,142,0,0
G1_D1,362,0,18,0,0
B2_D1,2,0,13,0,0
G1_D1,56,0,61,0,0
G1_D1,286,0,182,0,0
G1_D1,49,0,109,0,0
G1_D1,696,0,25,0,0
B6_D1,546,0,260,0,0
B4_D1,271,0,320,0,0
B6_D1,358,0,495,0,0
B10_D1,90,0,401,0,0
B4_D1,669,0,261,0,0
G1_D1,711,0,6,0,0
G1_D1,274,0,242,0,0
G1_D1,869,0,270,0,0
G1_D1,893,0,12,0,0
B4_D1,891,0,13,0,0
B10_D1,358,0,230,0,0
B10_D1,338,0,68,0,0
B10_D1,926,0,459,0,0
B10_D1,474,0,225,0,0
G1_D1,619,0,14,0,0
B10_D1,622,0,240,0,0
B10_D1,672,0,311,0,0
G1_D1,921,0,274,0,0
B10_D1,760,0,57,0,0
B6_D1,994,0,511,0,0
B6_D1,680,0,28,0,0
B4_D1,28,0,20,0,0
B8_D1,787,0,310,0,0
B6_D1,160,0,447,0,0
B6_D1,777,0,188,0,0
B2_D1,3,0,10,0,0
B6_D1,891,0,116,0,0
B10_D1,459,0,28,0,0
B2_D1,973,0,45,0,0
B2_D1,845,0,369,0,0
B6_D1,304,0,0,0,0
B10_D1,767,0,486,0,0
B10_D1,424,0,354,0,0
B10_D1,236,0,71,0,0
B10_D1,878,0,68,0,0
G1_D1,250,0,236,0,0
B6_D1,52,0,355,0,0
B2_D1,650,0,361,0,0
B10_D1,693,0,50,0,0
B10_D1,757,0,336,0,0
G1_D1,135,0,2,0,0
G1_D1,88,0,83,0,0
B4_D1,885,0,28,0,0
B8_D1,928,0,239,0,0
B10_D1,218,0,135,0,0
B6_D1,652,0,427,0,0
B6_D1,199,0,154,0,0
G1_D1,997,0,69,0,0
G1_D1,38,0,268,0,0
B10_D1,454,0,336,0,0
B6_D1,333,0,176,0,0
B10_D1,767,0,410,0,0
B6_D1,115,0,390,0,0
B6_D1,94,0,486,0,0
G1_D1,213,0,185,0,0
G1_D1,819,0,389,0,0
B4_D1,4,0,267,0,0
B2_D1,689,0,177,0,0
G1_D1,914,0,489,0,0
B10_D1,845,0,511,0,0
B10_D1,101,0,323,0,0
G1_D1,866,0,71,0,0
G1_D1,875,0,292,0,0
G1_D1,934,0,109,0,0
B6_D1,635,0,479,0,0
B10_D1,718,0,286,0,0
B10_D1,996,0,211,0,0
G1_D1,979,0,510,0,0
B10_D1,445,0,299,0,0
B6_D1,23,0,289,0,0
B4_D1,743,0,219,0,0
B6_D1,801,0,141,0,0
B6_D1,741,0,72,0,0
B6_D1,116,0,147,0,0
B10_D1,650,0,491,0,0
B10_D1,50,0,147,0,0
G1_D1,997,0,84,0,0
G1_D1,407,0,15,0,0
B6_D1,34,0,136,0,0
B6_D1,975,0,190,0,0
B10_D1,240,0,217,0,0
G1_D1,33,0,271,0,0
B10_D1,767,0,103,0,0
B10_D1,467,0,242,0,0
B4_D1,910,0,66,0,0
B10_D1,537,0,509,0,0
B10_D1,678,0,177,0,0
B6_D1,200,0,25,0,0
B10_D1,54,0,32,0,0
B10_D1,894,0,92,0,0
B10_D1,519,0,407,0,0
G1_D1,1003,0,24,0,0
B10_D1,137,0,7,0,0
B4_D1,74,0,326,0,0
B10_D1,573,0,266,0,0
B6_D1,810,0,508,0,0
B10_D1,271,0,212,0,0
B10_D1,253,0,240,0,0
B6_D1,796,0,37,0,0
B6_D1,2,0,505,0,0
G1_D1,918,0,291,0,0
B6_D1,352,0,2,0,0
B6_D1,9,0,340,0,0
B6_D1,36,0,26,0,0
B6_D1,218,0,492,0,0
B10_D1,205,0,240,0,0
G1_D1,173,0,283,0,0
B10_D1,563,0,63,0,0
B6_D1,107,0,369,0,0
G1_D1,203,0,178,0,0
B6_D1,223,0,342,0,0
G1_D1,155,0,17,0,0
B10_D1,591,0,286,0,0
B4_D1,697,0,69,0,0
B6_D1,435,0,419,0,0
B2_D1,591,0,86,0,0
B6_D1,341,0,374,0,0
B10_D1,140,0,352,0,0
G1_D1,109,0,384,0,0
B2_D1,561,0,0,0,0
B2_D1,169,0,115,0,0
B10_D1,381,0,339,0,0
B4_D1,957,0,252,0,0
B8_D1,895,0,303,0,0
B10_D1,375,0,280,0,0
B6_D1,121,0,233,0,0
B10_D1,1005,0,33,0,0
B10_D1,526,0,287,0,0
B10_D1,170,0,192,0,0
B6_D1,685,0,201,0,0
B6_D1,464,0,107,0,0
B10_D1,11,0,280,0,0
B6_D1,787,0,61,0,0
B6_D1,49,0,75,0,0
B6_D1,772,0,14,0,0
B4_D1,723,0,107,0,0
B2_D1,160,0,468,0,0
B2_D1,2,0,192,0,0
B10_D1,1011,0,4,0,0
B6_D1,990,0,452,0,0
B8_D1,898,0,302,0,0
B6_D1,720,0,344,0,0
B6_D1,427,0,351,0,0
B10_D1,543,0,100,0,0
B10_D1,447,0,118,0,0
B4_D1,722,0,35,0,0
B6_D1,0,0,44,0,0
G1_D1,936,0,72,0,0
B10_D1,186,0,14,0,0
B10_D1,582,0,78,0,0
B10_D1,884,0,362,0,0
B10_D1,349,0,398,0,0
B6_D1,766,0,499,0,0
B10_D1,175,0,168,0,0
B10_D1,427,0,192,0,0
B10_D1,263,0,49,0,0
B6_D1,42,0,405,0,0
B10_D1,288,0,172,0,0
B4_D1,608,0,193,0,0
B6_D1,864,0,351,0,0
G1_D1,1021,0,404,0,0
B10_D1,68,0,280,0,0
G1_D1,984,0,101,0,0
B10_D1,121,0,231,0,0
B6_D1,177,0,107,0,0
B6_D1,802,0,500,0,0
B6_D1,897,0,297,0,0
B6_D1,958,0,506,0,0
B2_D1,485,0,486,0,0
G1_D1,159,0,14,0,0
B2_D1,58,0,511,0,0
B10_D1,926,0,28,0,0
B10_D1,439,0,22,0,0
B10_D1,5,0,92,0,0
B10_D1,356,0,396,0,0
B4_D1,870,0,47,0,0
B10_D1,168,0,216,0,0
B10_D1,626,0,183,0,0
B6_D1,1018,0,502,0,0
B10_D1,627,0,210,0,0
B10_D1,543,0,269,0,0
B6_D1,424,0,3,0,0
B2_D1,488,0,469,0,0
B4_D1,568,0,286,0,0
G1_D1,988,0,99,0,0
G1_D1,274,0,122,0,0
B6_D1,773,0,155,0,0
B6_D1,832,0,333,0,0
B6_D1,756,0,106,0,0
B6_D1,981,0,129,0,0
B6_D1,939,0,397,0,0
B6_D1,176,0,370,0,0
B6_D1,895,0,65,0,0
G1_D1,231,0,458,0,0
B6_D1,286,0,503,0,0
B6_D1,524,0,22,0,0
B6_D1,390,0,169,0,0
B10_D1,632,0,311,0,0
B4_D1,0,0,335,0,0
B10_D1,376,0,197,0,0
B10_D1,342,0,223,0,0
B6_D1,776,0,18,0,0
B6_D1,869,0,217,0,0
B6_D1,468,0,289,0,0
B6_D1,726,0,313,0,0
B4_D1,214,0,134,0,0
B6_D1,262,0,271,0,0
B10_D1,690,0,479,0,0
B10_D1,160,0,208,0,0
B6_D1,790,0,354,0,0
B10_D1,767,0,53,0,0
B10_D1,629,0,313,0,0
B10_D1,979,0,41,0,0
G1_D1,393,0,205,0,0
B6_D1,709,0,149,0,0
B10_D1,912,0,332,0,0
B4_D1,139,0,7,0,0
B4_D1,528,0,418,0,0
B2_D1,512,0,286,0,0
B6_D1,402,0,229,0,0
G1_D1,894,0,44,0,0
B6_D1,324,0,219,0,0
B10_D1,635,0,314,0,0
G1_D1,570,0,121,0,0
B10_D1,911,0,316,0,0
B4_D1,584,0,181,0,0
B6_D1,984,0,33,0,0
B6_D1,300,0,13,0,0
B6_D1,566,0,496,0,0
B6_D1,30,0,491,0,0
B6_D1,175,0,128,0,0
B4_D1,246,0,202,0,0
G1_D1,553,0,116,0,0
B4_D1,663,0,84,0,0
B6_D1,924,0,131,0,0
B6_D1,84,0,158,0,0
G1_D1,607,0,10,0,0
B4_D1,922,0,107,0,0
B2_D1,226,0,486,0,0
B10_D1,236,0,308,0,0
G1_D1,12,0,40,0,0
G1_D1,873,0,133,0,0
B4_D1,7,0,366,0,0
B10_D1,793,0,75,0,0
B6_D1,428,0,31,0,0
G1_D1,192,0,176,0,0
B4_D1,321,0,41,0,0
G1_D1,321,0,226,0,0
B10_D1,702,0,310,0,0
B6_D1,808,0,146,0,0
B2_D1,367,0,488,0,0
B10_D1,579,0,0,0,0
B10_D1,195,0,138,0,0
B10_D1,921,0,219,0,0
G1_D1,19,0,401,0,0
B10_D1,460,0,15,0,0
B6_D1,426,0,358,0,0
B6_D1,108,0,289,0,0
G1_D1,162,0,70,0,0
B6_D1,885,0,348,0,0
B10_D1,10,0,177,0,0
B10_D1,429,0,293,0,0
B6_D1,420,0,171,0,0
B8_D1,144,0,123,0,0
G1_D1,996,0,225,0,0
B2_D1,894,0,30,0,0
B2_D1,473,0,217,0,0
G1_D1,143,0,501,0,0
B10_D1,227,0,3,0,0
B10_D1,245,0,427,0,0
B6_D1,193,0,134,0,0
B6_D1,692,0,36,0,0
B10_D1,692,0,293,0,0
B10_D1,53,0,44,0,0
B4_D1,873,0,126,0,0
B2_D1,785,0,49,0,0
B10_D1,752,0,88,0,0
B10_D1,1020,0,63,0,0
B4_D1,4,0,421,0,0
B10_D1,19,0,47,0,0
B6_D1,872,0,27,0,0
B6_D1,758,0,258,0,0
G1_D1,717,0,8,0,0
B6_D1,725,0,455,0,0
B4_D1,519,0,280,0,0
B6_D1,251,0,270,0,0
B10_D1,969,0,86,0,0
B10_D1,538,0,272,0,0
B10_D1,88,0,167,0,0
B6_D1,1014,0,510,0,0
B6_D1,981,0,185,0,0
B2_D1,480,0,370,0,0
G1_D1,901,0,329,0,0
B6_D1,717,0,252,0,0
G1_D1,622,0,511,0,0
B10_D1,743,0,1,0,0
B2_D1,385,0,173,0,0
B10_D1,315,0,455,0,0
B10_D1,620,0,482,0,0
B4_D1,829,0,80,0,0
B6_D1,543,0,233,0,0
G1_D1,639,0,242,0,0
B10_D1,123,0,510,0,0
G1_D1,899,0,272,0,0
B6_D1,627,0,426,0,0
B10_D1,175,0,424,0,0
B2_D1,192,0,228,0,0
G1_D1,228,0,73,0,0
G1_D1,205,0,177,0,0
G1_D1,309,0,49,0,0
B6_D1,406,0,499,0,0
B10_D1,792,0,406,0,0
B6_D1,797,0,200,0,0
B6_D1,130,0,173,0,0
G1_D1,489,0,72,0,0
B6_D1,1014,0,418,0,0
B10_D1,339,0,25,0,0
G1_D1,792,0,84,0,0
B4_D1,202,0,356,0,0
G1_D1,64,0,39,0,0
B6_D1,317,0,265,0,0
B10_D1,776,0,5,0,0
B10_D1,844,0,406,0,0
B6_D1,115,0,434,0,0
G1_D1,1022,0,469,0,0
G1_D1,925,0,238,0,0
B10_D1,125,0,60,0,0
B6_D1,350,0,414,0,0
B6_D1,92,0,125,0,0
B4_D1,788,0,258,0,0
B2_D1,474,0,482,0,0
B6_D1,182,0,168,0,0
B10_D1,787,0,375,0,0
B4_D1,191,0,270,0,0
B10_D1,856,0,321,0,0
B6_D1,960,0,469,0,0
G1_D1,501,0,125,0,0
G1_D1,470,0,91,0,0
B2_D1,645,0,462,0,0
B8_D1,204,0,108,0,0
B4_D1,349,0,26,0,0
B4_D1,830,0,211,0,0
B10_D1,189,0,115,0,0
B10_D1,212,0,362,0,0
G1_D1,441,0,301,0,0
B6_D1,258,0,194,0,0
G1_D1,846,0,300,0,0
B6_D1,560,0,16,0,0
B4_D1,65,0,280,0,0
G1_D1,735,0,98,0,0
B10_D1,133,0,97,0,0
B10_D1,29,0,219,0,0
G1_D1,77,0,21,0,0
B10_D1,148,0,64,0,0
B10_D1,241,0,179,0,0
B2_D1,866,0,174,0,0
B10_D1,418,0,457,0,0
G1_D1,145,0,412,0,0
B10_D1,740,0,116,0,0
G1_D1,58,0,115,0,0
G1_D1,594,0,13,0,0
G1_D1,1019,0,303,0,0
B10_D1,789,0,37,0,0
B10_D1,640,0,457,0,0
B6_D1,578,0,266,0,0
B2_D1,525,0,509,0,0
B2_D1,403,0,172,0,0
G1_D1,463,0,16,0,0
B4_D1,34,0,395,0,0
B4_D1,666,0,18,0,0
B6_D1,533,0,299,0,0
B10_D1,765,0,114,0,0
B4_D1,130,0,155,0,0
B6_D1,152,0,370,0,0
B10_D1,60,0,120,0,0
B6_D1,726,0,112,0,0
B10_D1,401,0,24,0,0
B6_D1,732,0,26,0,0
B6_D1,422,0,236,0,0
G1_D1,1017,0,41,0,0
B10_D1,489,0,169,0,0
B6_D1,218,0,344,0,0
B6_D1,912,0,35,0,0
B6_D1,558,0,489,0,0
B2_D1,890,0,31,0,0
B6_D1,844,0,25,0,0
B10_D1,821,0,270,0,0
B10_D1,968,0,32,0,0
B10_D1,667,0,300,0,0
B6_D1,148,0,473,0,0
B6_D1,158,0,198,0,0
B6_D1,690,0,74,0,0
G1_D1,234,0,38,0,0
G1_D1,122,0,144,0,0
B10_D1,685,0,58,0,0
G1_D1,637,0,8,0,0
B6_D1,364,0,211,0,0
B2_D1,483,0,125,0,0
B10_D1,375,0,274,0,0
B6_D1,545,0,228,0,0
B10_D1,351,0,107,0,0
B10_D1,192,0,110,0,0
B6_D1,336,0,0,0,0
G1_D1,1016,0,156,0,0
G1_D1,166,0,262,0,0
B6_D1,888,0,311,0,0
B6_D1,526,0,348,0,0
B6_D1,530,0,478,0,0
B10_D1,713,0,282,0,0
G1_D1,952,0,269,0,0
B10_D1,469,0,279,0,0
B6_D1,953,0,306,0,0
B10_D1,848,0,318,0,0
B6_D1,307,0,131,0,0
B6_D1,542,0,306,0,0
G1_D1,96,0,274,0,0
B2_D1,781,0,81,0,0
B10_D1,1001,0,296,0,0
B10_D1,566,0,296,0,0
B6_D1,868,0,23,0,0
B6_D1,526,0,186,0,0
B10_D1,155,0,105,0,0
G1_D1,940,0,37,0,0
B10_D1,433,0,7,0,0
B10_D1,6,0,341,0,0
B4_D1,241,0,38,0,0
B6_D1,135,0,269,0,0
B10_D1,104,0,272,0,0
B6_D1,794,0,447,0,0
G1_D1,391,0,15,0,0
B6_D1,868,0,46,0,0
B6_D1,121,0,254,0,0
B10_D1,461,0,114,0,0
B6_D1,224,0,31,0,0
B10_D1,169,0,111,0,0
B4_D1,298,0,224,0,0
B10_D1,189,0,117,0,0
B10_D1,744,0,405,0,0
B4_D1,264,0,235,0,0
B6_D1,472,0,282,0,0
B2_D1,286,0,58,0,0
B6_D1,106,0,495,0,0
G1_D1,1019,0,325,0,0
B10_D1,520,0,220,0,0
B4_D1,69,0,4,0,0
B10_D1,50,0,145,0,0
B6_D1,107,0,454,0,0
B6_D1,184,0,8,0,0
G1_D1,977,0,21,0,0
G1_D1,478,0,42,0,0
B6_D1,807,0,92,0,0
B10_D1,592,0,4,0,0
B4_D1,752,0,48,0,0
B6_D1,486,0,329,0,0
B6_D1,554,0,267,0,0
G1_D1,68,0,1,0,0
G1_D1,927,0,292,0,0
G1_D1,168,0,160,0,0
B6_D1,661,0,213,0,0
B10_D1,67,0,509,0,0
B6_D1,66,0,394,0,0
B6_D1,368,0,7,0,0
B6_D1,466,0,311,0,0
B10_D1,464,0,208,0,0
B4_D1,227,0,61,0,0
B10_D1,920,0,78,0,0
G1_D1,679,0,10,0,0
G1_D1,193,0,234,0,0
B10_D1,797,0,307,0,0
B10_D1,69,0,139,0,0
B6_D1,740,0,383,0,0
G1_D1,102,0,169,0,0
G1_D1,1022,0,102,0,0
G1_D1,938,0,453,0,0
B10_D1,10,0,158,0,0
G1_D1,795,0,16,0,0
B6_D1,32,0,36,0,0
B6_D1,168,0,1,0,0
B10_D1,31,0,10,0,0
G1_D1,810,0,17,0,0
B6_D1,772,0,196,0,0
B6_D1,812,0,149,0,0
G1_D1,384,0,141,0,0
G1_D1,9,0,271,0,0
B10_D1,133,0,167,0,0
B10_D1,118,0,495,0,0
B6_D1,997,0,427,0,0
B2_D1,968,0,38,0,0
B6_D1,977,0,133,0,0
G1_D1,314,0,289,0,0
G1_D1,392,0,510,0,0
B10_D1,768,0,419,0,0
B10_D1,545,0,479,0,0
B8_D1,779,0,229,0,0
B4_D1,35,0,119,0,0
B10_D1,315,0,333,0,0
B6_D1,756,0,156,0,0
B6_D1,438,0,487,0,0
B10_D1,657,0,471,0,0
B2_D1,789,0,5,0,0
B10_D1,683,0,416,0,0
B10_D1,508,0,82,0,0
G1_D1,327,0,79,0,0
B6_D1,639,0,362,0,0
B6_D1,994,0,484,0,0
B6_D1,801,0,251,0,0
B6_D1,503,0,250,0,0
G1_D1,55,0,86,0,0
B10_D1,904,0,8,0,0
B10_D1,108,0,130,0,0
B6_D1,762,0,255,0,0
B6_D1,546,0,490,0,0
B6_D1,601,0,387,0,0
B10_D1,560,0,153,0,0
G1_D1,352,0,111,0,0
B6_D1,424,0,125,0,0
B6_D1,801,0,210,0,0
B6_D1,854,0,66,0,0
G1_D1,443,0,23,0,0
B10_D1,693,0,189,0,0
B6_D1,242,0,485,0,0
B6_D1,1007,0,256,0,0
B6_D1,1002,0,470,0,0
B4_D1,134,0,152,0,0
B10_D1,709,0,111,0,0
B6_D1,149,0,137,0,0
B4_D1,712,0,103,0,0
B6_D1,266,0,291,0,0
G1_D1,748,0,0,0,0
B10_D1,786,0,308,0,0
B10_D1,172,0,57,0,0
B10_D1,687,0,308,0,0
G1_D1,434,0,97,0,0
B6_D1,460,0,373,0,0
B6_D1,98,0,311,0,0
B6_D1,788,0,400,0,0
B6_D1,940,0,301,0,0
B6_D1,32,0,42,0,0
B10_D1,732,0,470,0,0
B10_D1,371,0,109,0,0
B6_D1,444,0,59,0,0
B4_D1,131,0,90,0,0
B6_D1,64,0,8,0,0
G1_D1,978,0,282,0,0
B6_D1,334,0,262,0,0
B10_D1,748,0,52,0,0
B6_D1,2,0,508,0,0
B6_D1,540,0,205,0,0
B10_D1,382,0,245,0,0
B10_D1,918,0,326,0,0
B6_D1,1000,0,409,0,0
G1_D1,459,0,82,0,0
B6_D1,194,0,508,0,0
B6_D1,672,0,7,0,0
G1_D1,447,0,16,0,0
B10_D1,922,0,383,0,0
B2_D1,820,0,128,0,0
B4_D1,813,0,69,0,0
B10_D1,468,0,107,0,0
G1_D1,165,0,4,0,0
B6_D1,238,0,493,0,0
B10_D1,969,0,295,0,0
B6_D1,698,0,440,0,0
G1_D1,678,0,118,0,0
B10_D1,765,0,312,0,0
G1_D1,799,0,14,0,0
B6_D1,515,0,426,0,0
B6_D1,536,0,245,0,0
B6_D1,399,0,300,0,0
G1_D1,966,0,5,0,0
B6_D1,976,0,35,0,0
B6_D1,552,0,382,0,0
B10_D1,270,0,151,0,0
B6_D1,854,0,174,0,0
B2_D1,894,0,397,0,0
B2_D1,720,0,63,0,0
B6_D1,77,0,392,0,0
B6_D1,982,0,223,0,0
B2_D1,603,0,289,0,0
B10_D1,772,0,6,0,0
B6_D1,204,0,28,0,0
B10_D1,485,0,240,0,0
B10_D1,407,0,8,0,0
G1_D1,44,0,89,0,0
B6_D1,878,0,61,0,0
G1_D1,1019,0,498,0,0
B2_D1,333,0,492,0,0
G1_D1,953,0,277,0,0
B10_D1,140,0,64,0,0
B10_D1,483,0,482,0,0
B6_D1,1003,0,117,0,0
B6_D1,711,0,479,0,0
G1_D1,572,0,229,0,0
B6_D1,1022,0,57,0,0
B6_D1,627,0,168,0,0
B4_D1,563,0,106,0,0
B10_D1,910,0,131,0,0
B10_D1,483,0,8,0,0
B10_D1,95,0,49,0,0
G1_D1,61,0,84,0,0
G1_D1,982,0,219,0,0
B6_D1,22,0,211,0,0
B6_D1,297,0,211,0,0
B2_D1,842,0,368,0,0
B6_D1,976,0,45,0,0
B10_D1,14,0,174,0,0
B10_D1,642,0,9,0,0
B6_D1,56,0,218,0,0
B10_D1,376,0,286,0,0
B10_D1,404,0,4,0,0
B10_D1,545,0,7,0,0
B10_D1,390,0,497,0,0
B10_D1,714,0,162,0,0
B10_D1,743,0,42,0,0
B6_D1,157,0,475,0,0
B10_D1,507,0,65,0,0
G1_D1,965,0,382,0,0
G1_D1,728,0,33,0,0
G1_D1,54,0,163,0,0
B6_D1,751,0,198,0,0
B10_D1,701,0,400,0,0
G1_D1,890,0,73,0,0
G1_D1,387,0,495,0,0
B10_D1,576,0,412,0,0
B6_D1,846,0,273,0,0
B2_D1,665,0,223,0,0
G1_D1,999,0,78,0,0
B6_D1,646,0,491,0,0
G1_D1,977,0,30,0,0
B6_D1,989,0,55,0,0
G1_D1,988,0,173,0,0
B2_D1,810,0,1,0,0
B6_D1,211,0,477,0,0
B10_D1,965,0,258,0,0
B6_D1,651,0,458,0,0
G1_D1,585,0,139,0,0
G1_D1,103,0,383,0,0
G1_D1,752,0,290,0,0
B10_D1,605,0,107,0,0
B6_D1,71,0,423,0,0
B10_D1,2,0,90,0,0
B10_D1,191,0,408,0,0
B10_D1,194,0,42,0,0
G1_D1,79,0,46,0,0
B2_D1,722,0,54,0,0
B10_D1,588,0,478,0,0
G1_D1,622,0,297,0,0
G1_D1,973,0,207,0,0
B6_D1,100,0,424,0,0
B10_D1,336,0,503,0,0
B6_D1,406,0,419,0,0
G1_D1,839,0,2,0,0
B10_D1,722,0,309,0,0
B10_D1,950,0,37,0,0
B10_D1,466,0,245,0,0
B10_D1,951,0,250,0,0
B6_D1,829,0,266,0,0
B4_D1,732,0,63,0,0
B10_D1,1016,0,467,0,0
B6_D1,442,0,482,0,0
B6_D1,942,0,501,0,0
B6_D1,644,0,1,0,0
B2_D1,226,0,510,0,0
G1_D1,1014,0,233,0,0
B6_D1,821,0,453,0,0
B6_D1,538,0,327,0,0
B10_D1,536,0,66,0,0
B6_D1,201,0,275,0,0
B6_D1,174,0,426,0,0
B6_D1,307,0,434,0,0
B6_D1,1002,0,489,0,0
B10_D1,559,0,476,0,0
B2_D1,524,0,463,0,0
G1_D1,386,0,123,0,0
B10_D1,58,0,14,0,0
B10_D1,567,0,321,0,0
B10_D1,980,0,68,0,0
B2_D1,411,0,477,0,0
B10_D1,309,0,218,0,0
B6_D1,580,0,439,0,0
B6_D1,296,0,421,0,0
B6_D1,90,0,400,0,0
B6_D1,621,0,450,0,0
B10_D1,756,0,314,0,0
B6_D1,842,0,504,0,0
B6_D1,784,0,43,0,0
B6_D1,649,0,379,0,0
G1_D1,314,0,329,0,0
B4_D1,949,0,291,0,0
G1_D1,533,0,4,0,0
G1_D1,959,0,2,0,0
B4_D1,869,0,34,0,0
B10_D1,809,0,41,0,0
B6_D1,664,0,345,0,0
B10_D1,512,0,119,0,0
B6_D1,1018,0,487,0,0
B6_D1,455,0,189,0,0
B6_D1,920,0,50,0,0
B6_D1,100,0,307,0,0
B10_D1,321,0,174,0,0
B2_D1,651,0,477,0,0
B4_D1,6,0,61,0,0
B6_D1,872,0,393,0,0
G1_D1,10,0,42,0,0
B10_D1,234,0,65,0,0
B6_D1,252,0,0,0,0
B4_D1,608,0,190,0,0
G1_D1,239,0,145,0,0
B6_D1,575,0,180,0,0
B2_D1,605,0,115,0,0
B10_D1,350,0,212,0,0
B10_D1,66,0,400,0,0
B6_D1,26,0,489,0,0
B6_D1,996,0,36,0,0
B6_D1,912,0,62,0,0
B10_D1,174,0,162,0,0
G1_D1,194,0,184,0,0
B6_D1,86,0,314,0,0
B6_D1,732,0,48,0,0
B6_D1,220,0,21,0,0
B6_D1,660,0,477,0,0
B4_D1,78,0,161,0,0
B10_D1,247,0,21,0,0
B6_D1,804,0,35,0,0
B6_D1,128,0,189,0,0
B10_D1,436,0,313,0,0
B10_D1,152,0,310,0,0
G1_D1,853,0,121,0,0
G1_D1,568,0,1,0,0
B6_D1,870,0,506,0,0
B10_D1,438,0,212,0,0
B10_D1,225,0,356,0,0
B10_D1,848,0,198,0,0
G1_D1,466,0,121,0,0
G1_D1,444,0,74,0,0
B10_D1,367,0,209,0,0
B10_D1,717,0,73,0,0
B10_D1,852,0,341,0,0
B10_D1,74,0,136,0,0
G1_D1,545,0,96,0,0
B6_D1,249,0,66,0,0
B10_D1,783,0,53,0,0
B10_D1,4,0,4,0,0
B6_D1,401,0,270,0,0
G1_D1,613,0,279,0,0
B2_D1,749,0,225,0,0
B10_D1,611,0,185,0,0
B6_D1,20,0,456,0,0
G1_D1,1006,0,52,0,0
G1_D1,208,0,60,0,0
B6_D1,286,0,508,0,0
G1_D1,380,0,270,0,0
B2_D1,304,0,493,0,0
B6_D1,793,0,335,0,0
B6_D1,525,0,185,0,0
B6_D1,384,0,48,0,0
B10_D1,100,0,285,0,0
B10_D1,880,0,359,0,0
B8_D1,272,0,184,0,0
B2_D1,433,0,211,0,0
B6_D1,986,0,496,0,0
G1_D1,833,0,75,0,0
G1_D1,523,0,15,0,0
B8_D1,124,0,85,0,0
B4_D1,216,0,144,0,0
B2_D1,968,0,80,0,0
B10_D1,279,0,325,0,0
B10_D1,61,0,511,0,0
B10_D1,583,0,220,0,0
G1_D1,193,0,12,0,0
G1_D1,147,0,36,0,0
B2_D1,519,0,6,0,0
B2_D1,254,0,483,0,0
B10_D1,388,0,275,0,0
B6_D1,665,0,378,0,0
B2_D1,885,0,169,0,0
B6_D1,842,0,498,0,0
G1_D1,670,0,120,0,0
G1_D1,260,0,304,0,0
B6_D1,792,0,38,0,0
B10_D1,498,0,282,0,0
G1_D1,75,0,17,0,0
B6_D1,814,0,257,0,0
B10_D1,592,0,483,0,0
B6_D1,276,0,27,0,0
B6_D1,62,0,492,0,0
B6_D1,292,0,34,0,0
B10_D1,699,0,89,0,0
B10_D1,383,0,285,0,0
G1_D1,817,0,320,0,0
G1_D1,523,0,262,0,0
G1_D1,194,0,373,0,0
B10_D1,361,0,59,0,0
B10_D1,4,0,171,0,0
B4_D1,154,0,143,0,0
B10_D1,20,0,74,0,0
B6_D1,412,0,171,0,0
B10_D1,573,0,203,0,0
G1_D1,713,0,8,0,0
G1_D1,669,0,266,0,0
B6_D1,103,0,390,0,0
B6_D1,680,0,50,0,0
B6_D1,752,0,15,0,0
B10_D1,367,0,270,0,0
B4_D1,877,0,216,0,0
B6_D1,802,0,488,0,0
B10_D1,429,0,353,0,0
B6_D1,387,0,216,0,0
B6_D1,581,0,311,0,0
B10_D1,359,0,477,0,0
G1_D1,946,0,71,0,0
B10_D1,836,0,329,0,0
B6_D1,498,0,414,0,0
G1_D1,50,0,52,0,0
B4_D1,509,0,429,0,0
B10_D1,191,0,112,0,0
B10_D1,189,0,407,0,0
B6_D1,102,0,483,0,0
B6_D1,608,0,33,0,0
B10_D1,13,0,110,0,0
B6_D1,393,0,156,0,0
B6_D1,213,0,461,0,0
B10_D1,1019,0,215,0,0
B10_D1,442,0,227,0,0
B6_D1,220,0,197,0,0
G1_D1,900,0,0,0,0
B6_D1,23,0,377,0,0
G1_D1,428,0,1,0,0
B6_D1,144,0,2,0,0
G1_D1,10,0,369,0,0
G1_D1,944,0,325,0,0
B10_D1,657,0,488,0,0
G1_D1,236,0,178,0,0
G1_D1,432,0,121,0,0
B10_D1,846,0,10,0,0
G1_D1,184,0,61,0,0
B10_D1,123,0,503,0,0
B6_D1,332,0,4,0,0
B10_D1,148,0,442,0,0
B10_D1,770,0,326,0,0
B6_D1,860,0,15,0,0
B10_D1,717,0,38,0,0
B4_D1,996,0,75,0,0
B6_D1,85,0,461,0,0
B10_D1,833,0,446,0,0
B6_D1,780,0,79,0,0
B6_D1,304,0,7,0,0
B10_D1,432,0,19,0,0
B6_D1,548,0,404,0,0
B6_D1,998,0,73,0,0
B6_D1,958,0,495,0,0
B10_D1,513,0,93,0,0
B6_D1,876,0,1,0,0
B2_D1,592,0,98,0,0
B6_D1,217,0,275,0,0
B6_D1,291,0,200,0,0
B4_D1,825,0,60,0,0
B4_D1,216,0,132,0,0
G1_D1,996,0,198,0,0
B6_D1,36,0,266,0,0
B6_D1,398,0,482,0,0
B10_D1,707,0,13,0,0
B6_D1,1012,0,39,0,0
B10_D1,713,0,123,0,0
B6_D1,421,0,458,0,0
B10_D1,535,0,9,0,0
G1_D1,191,0,34,0,0
B6_D1,240,0,73,0,0
B10_D1,468,0,137,0,0
B10_D1,210,0,191,0,0
B10_D1,460,0,95,0,0
B4_D1,10,0,17,0,0
B6_D1,225,0,476,0,0
B6_D1,452,0,32,0,0
G1_D1,978,0,35,0,0
B10_D1,249,0,343,0,0
B6_D1,566,0,463,0,0
B6_D1,179,0,403,0,0
B6_D1,852,0,172,0,0
G1_D1,32,0,58,0,0
B8_D1,765,0,218,0,0
B10_D1,586,0,310,0,0
B10_D1,737,0,23,0,0
B10_D1,582,0,299,0,0
B6_D1,711,0,301,0,0
B6_D1,905,0,100,0,0
B6_D1,177,0,133,0,0
B6_D1,506,0,386,0,0
G1_D1,938,0,388,0,0
B6_D1,249,0,100,0,0
B10_D1,627,0,101,0,0
B6_D1,468,0,439,0,0
B10_D1,685,0,294,0,0
B6_D1,125,0,302,0,0
B8_D1,720,0,192,0,0
B4_D1,535,0,378,0,0
B8_D1,783,0,310,0,0
B6_D1,848,0,21,0,0
B6_D1,270,0,420,0,0
B10_D1,993,0,10,0,0
B4_D1,971,0,47,0,0
G1_D1,646,0,135,0,0
B6_D1,304,0,138,0,0
B10_D1,29,0,110,0,0
B6_D1,664,0,49,0,0
B6_D1,210,0,484,0,0
B6_D1,582,0,327,0,0
B2_D1,61,0,124,0,0
B6_D1,354,0,484,0,0
B6_D1,883,0,191,0,0
B6_D1,668,0,476,0,0
G1_D1,255,0,33,0,0
B4_D1,101,0,450,0,0
B6_D1,48,0,17,0,0
B10_D1,191,0,510,0,0
G1_D1,348,0,114,0,0
B10_D1,42,0,59,0,0
B4_D1,987,0,68,0,0
G1_D1,1006,0,259,0,0
B8_D1,622,0,303,0,0
B10_D1,399,0,411,0,0
G1_D1,711,0,249,0,0
B6_D1,173,0,103,0,0
B10_D1,788,0,275,0,0
G1_D1,151,0,263,0,0
B4_D1,554,0,71,0,0
B6_D1,90,0,493,0,0
G1_D1,1023,0,53,0,0
B6_D1,388,0,282,0,0
B6_D1,570,0,490,0,0
B10_D1,239,0,148,0,0
B10_D1,606,0,291,0,0
B2_D1,1003,0,241,0,0
B10_D1,550,0,311,0,0
B6_D1,148,0,115,0,0
G1_D1,723,0,16,0,0
B6_D1,650,0,346,0,0
B6_D1,553,0,364,0,0
B6_D1,617,0,387,0,0
B4_D1,879,0,238,0,0
B8_D1,129,0,208,0,0
B6_D1,1002,0,241,0,0
B10_D1,151,0,33,0,0
B8_D1,1,0,311,0,0
B10_D1,251,0,2,0,0
B10_D1,218,0,166,0,0
B10_D1,250,0,230,0,0
B10_D1,504,0,157,0,0
B6_D1,890,0,493,0,0
B10_D1,738,0,324,0,0
B6_D1,252,0,96,0,0
B6_D1,836,0,384,0,0
B10_D1,152,0,343,0,0
B6_D1,131,0,361,0,0
B10_D1,998,0,493,0,0
B6_D1,528,0,4,0,0
G1_D1,57,0,81,0,0
B4_D1,201,0,45,0,0
G1_D1,214,0,138,0,0
G1_D1,1023,0,63,0,0
B6_D1,601,0,288,0,0
B6_D1,338,0,490,0,0
B6_D1,99,0,378,0,0
B4_D1,71,0,316,0,0
G1_D1,745,0,285,0,0
B4_D1,548,0,201,0,0
B6_D1,957,0,51,0,0
B6_D1,995,0,204,0,0
B10_D1,520,0,50,0,0
B6_D1,186,0,401,0,0
B10_D1,405,0,129,0,0
B10_D1,64,0,153,0,0
G1_D1,9,0,140,0,0
B6_D1,818,0,348,0,0
B10_D1,709,0,84,0,0
B6_D1,941,0,61,0,0
B10_D1,1020,0,96,0,0
B6_D1,312,0,40,0,0
G1_D1,889,0,31,0,0
B10_D1,520,0,83,0,0
B6_D1,878,0,342,0,0
B10_D1,892,0,263,0,0
B6_D1,924,0,28,0,0
G1_D1,53,0,307,0,0
G1_D1,2,0,506,0,0
B10_D1,414,0,87,0,0
B10_D1,444,0,82,0,0
B6_D1,395,0,77,0,0
G1_D1,839,0,297,0,0
B6_D1,253,0,131,0,0
B10_D1,449,0,286,0,0
B10_D1,616,0,366,0,0
G1_D1,424,0,11,0,0
B4_D1,714,0,62,0,0
B6_D1,351,0,105,0,0
B6_D1,544,0,42,0,0
B6_D1,265,0,198,0,0
B10_D1,618,0,122,0,0
B6_D1,539,0,189,0,0
B6_D1,299,0,114,0,0
B6_D1,762,0,71,0,0
B10_D1,177,0,165,0,0
B10_D1,729,0,248,0,0
B10_D1,425,0,398,0,0
B10_D1,284,0,32,0,0
B10_D1,787,0,46,0,0
G1_D1,994,0,55,0,0
G1_D1,469,0,120,0,0
G1_D1,429,0,390,0,0
B10_D1,817,0,260,0,0
B6_D1,720,0,183,0,0
B6_D1,124,0,112,0,0
G1_D1,628,0,137,0,0
B6_D1,522,0,386,0,0
B6_D1,317,0,480,0,0
B10_D1,244,0,180,0,0
B10_D1,339,0,235,0,0
B10_D1,149,0,282,0,0
B10_D1,712,0,314,0,0
G1_D1,63,0,348,0,0
B10_D1,487,0,2,0,0
B4_D1,789,0,257,0,0
B6_D1,622,0,500,0,0
B6_D1,656,0,457,0,0
G1_D1,807,0,449,0,0
B10_D1,704,0,314,0,0
B4_D1,859,0,22,0,0
G1_D1,385,0,296,0,0
B6_D1,844,0,88,0,0
B6_D1,804,0,136,0,0
G1_D1,47,0,501,0,0
B10_D1,358,0,173,0,0
B4_D1,538,0,182,0,0
B10_D1,128,0,92,0,0
G1_D1,344,0,477,0,0
B6_D1,217,0,475,0,0
B10_D1,346,0,205,0,0
B10_D1,102,0,460,0,0
B10_D1,164,0,241,0,0
B6_D1,294,0,165,0,0
G1_D1,16,0,321,0,0
B10_D1,153,0,251,0,0
B6_D1,413,0,449,0,0
B6_D1,480,0,385,0,0
B6_D1,316,0,134,0,0
B8_D1,222,0,86,0,0
B6_D1,148,0,19,0,0
B6_D1,278,0,500,0,0
G1_D1,834,0,17,0,0
B10_D1,898,0,11,0,0
B10_D1,801,0,374,0,0
B10_D1,408,0,55,0,0
B6_D1,240,0,34,0,0
G1_D1,770,0,328,0,0
B2_D1,612,0,288,0,0
G1_D1,874,0,467,0,0
B10_D1,786,0,64,0,0
B10_D1,690,0,445,0,0
B10_D1,611,0,321,0,0
B10_D1,767,0,87,0,0
B6_D1,208,0,389,0,0
B10_D1,19,0,69,0,0
B6_D1,372,0,42,0,0
G1_D1,941,0,100,0,0
B6_D1,416,0,44,0,0
B10_D1,895,0,14,0,0
B6_D1,929,0,65,0,0
B10_D1,738,0,118,0,0
B6_D1,412,0,16,0,0
G1_D1,1017,0,399,0,0
B8_D1,655,0,244,0,0
B6_D1,598,0,508,0,0
B6_D1,756,0,30,0,0
B6_D1,112,0,388,0,0
B10_D1,11,0,72,0,0
B4_D1,180,0,26,0,0
B10_D1,478,0,307,0,0
B6_D1,986,0,509,0,0
B6_D1,354,0,218,0,0
B10_D1,259,0,21,0,0
B10_D1,774,0,373,0,0
B6_D1,438,0,269,0,0
B10_D1,858,0,343,0,0
G1_D1,742,0,86,0,0
B6_D1,444,0,13,0,0
B2_D1,196,0,56,0,0
B4_D1,301,0,222,0,0
B10_D1,63,0,278,0,0
B10_D1,1017,0,72,0,0
B6_D1,780,0,393,0,0
B6_D1,516,0,378,0,0
B6_D1,247,0,456,0,0
B6_D1,763,0,399,0,0
B10_D1,487,0,238,0,0
G1_D1,368,0,288,0,0
B10_D1,1007,0,0,0,0
B6_D1,864,0,16,0,0
B6_D1,982,0,430,0,0
B10_D1,125,0,102,0,0
G1_D1,49,0,83,0,0
G1_D1,546,0,5,0,0
B2_D1,916,0,72,0,0
B2_D1,577,0,118,0,0
B10_D1,414,0,492,0,0
B2_D1,492,0,30,0,0
B4_D1,265,0,237,0,0
B6_D1,833,0,359,0,0
B6_D1,754,0,503,0,0
G1_D1,910,0,389,0,0
B6_D1,1,0,93,0,0
B10_D1,72,0,28,0,0
B6_D1,642,0,492,0,0
B6_D1,862,0,498,0,0
B6_D1,538,0,259,0,0
G1_D1,286,0,195,0,0
B6_D1,342,0,94,0,0
B10_D1,259,0,317,0,0
B10_D1,409,0,95,0,0
B6_D1,876,0,38,0,0
G1_D1,536,0,1,0,0
G1_D1,320,0,242,0,0
G1_D1,719,0,260,0,0
B2_D1,867,0,35,0,0
G1_D1,497,0,66,0,0
G1_D1,979,0,62,0,0
B10_D1,919,0,379,0,0
G1_D1,310,0,32,0,0
G1_D1,1004,0,166,0,0
B6_D1,860,0,468,0,0
B2_D1,671,0,459,0,0
B6_D1,76,0,143,0,0
B4_D1,2,0,165,0,0
B10_D1,203,0,139,0,0
B6_D1,70,0,459,0,0
B2_D1,978,0,76,0,0
G1_D1,769,0,12,0,0
B10_D1,299,0,407,0,0
B6_D1,537,0,215,0,0
B6_D1,828,0,22,0,0
B4_D1,2,0,233,0,0
B10_D1,431,0,245,0,0
B10_D1,104,0,65,0,0
B10_D1,519,0,216,0,0
B6_D1,424,0,45,0,0
B6_D1,876,0,146,0,0
B4_D1,831,0,238,0,0
G1_D1,347,0,225,0,0
G1_D1,163,0,410,0,0
G1_D1,1013,0,19,0,0
B10_D1,20,0,327,0,0
B6_D1,990,0,432,0,0
G1_D1,1023,0,485,0,0
B10_D1,42,0,179,0,0
B6_D1,94,0,276,0,0
B6_D1,724,0,47,0,0
G1_D1,367,0,135,0,0
B10_D1,190,0,276,0,0
B6_D1,158,0,49,0,0
B6_D1,193,0,151,0,0
B10_D1,8,0,66,0,0
B8_D1,63,0,3,0,0
B6_D1,548,0,126,0,0
G1_D1,695,0,20,0,0
B10_D1,792,0,330,0,0
B6_D1,577,0,172,0,0
B10_D1,444,0,316,0,0
B10_D1,95,0,293,0,0
G1_D1,484,0,126,0,0
G1_D1,323,0,91,0,0
B6_D1,582,0,488,0,0
B10_D1,585,0,152,0,0
B6_D1,418,0,496,0,0
B6_D1,938,0,342,0,0
B4_D1,633,0,46,0,0
B10_D1,68,0,5,0,0
B6_D1,395,0,59,0,0
B6_D1,540,0,43,0,0
B4_D1,740,0,196,0,0
B6_D1,44,0,42,0,0
B10_D1,1022,0,238,0,0
B2_D1,2,0,112,0,0
G1_D1,28,0,101,0,0
B10_D1,419,0,490,0,0
B10_D1,549,0,139,0,0
G1_D1,488,0,214,0,0
B10_D1,60,0,453,0,0
B6_D1,411,0,191,0,0
B4_D1,253,0,47,0,0
B10_D1,448,0,74,0,0
G1_D1,158,0,13,0,0
B6_D1,926,0,400,0,0
B6_D1,52,0,92,0,0
B6_D1,536,0,171,0,0
B10_D1,831,0,87,0,0
B4_D1,444,0,237,0,0
B6_D1,152,0,38,0,0
G1_D1,7,0,2,0,0
B10_D1,823,0,87,0,0
B10_D1,62,0,401,0,0
G1_D1,690,0,34,0,0
B6_D1,631,0,167,0,0
G1_D1,827,0,162,0,0
B6_D1,154,0,511,0,0
B10_D1,645,0,260,0,0
B10_D1,928,0,370,0,0
G1_D1,182,0,341,0,0
B2_D1,904,0,452,0,0
B10_D1,523,0,407,0,0
B4_D1,246,0,346,0,0
G1_D1,745,0,271,0,0
G1_D1,798,0,19,0,0
B10_D1,934,0,348,0,0
G1_D1,366,0,9,0,0
B4_D1,112,0,301,0,0
G1_D1,979,0,46,0,0
B10_D1,793,0,2,0,0
B10_D1,649,0,461,0,0
B6_D1,288,0,168,0,0
B10_D1,599,0,351,0,0
B6_D1,925,0,93,0,0
B2_D1,918,0,18,0,0
G1_D1,736,0,25,0,0
B10_D1,124,0,286,0,0
B2_D1,411,0,491,0,0
G1_D1,439,0,6,0,0
B6_D1,894,0,392,0,0
B6_D1,364,0,38,0,0
G1_D1,999,0,47,0,0
B6_D1,160,0,24,0,0
B6_D1,640,0,34,0,0
B10_D1,832,0,35,0,0
B6_D1,724,0,59,0,0
B6_D1,694,0,338,0,0
B4_D1,2,0,210,0,0
G1_D1,656,0,142,0,0
B6_D1,319,0,233,0,0
G1_D1,315,0,424,0,0
B2_D1,506,0,157,0,0
B6_D1,940,0,40,0,0
G1_D1,200,0,73,0,0
B6_D1,383,0,216,0,0
B2_D1,674,0,68,0,0
B4_D1,1007,0,213,0,0
G1_D1,859,0,466,0,0
B6_D1,900,0,29,0,0
B10_D1,25,0,139,0,0
B10_D1,410,0,69,0,0
B6_D1,132,0,112,0,0
B10_D1,665,0,309,0,0
B4_D1,750,0,99,0,0
B10_D1,110,0,160,0,0
B10_D1,888,0,117,0,0
B6_D1,42,0,72,0,0
B4_D1,0,0,49,0,0
B10_D1,869,0,44,0,0
B6_D1,878,0,431,0,0
B10_D1,270,0,90,0,0
G1_D1,460,0,11,0,0
G1_D1,463,0,23,0,0
B10_D1,429,0,321,0,0
B6_D1,502,0,486,0,0
B2_D1,0,0,137,0,0
B10_D1,850,0,36,0,0
B6_D1,1,0,368,0,0
B10_D1,502,0,313,0,0
B6_D1,177,0,96,0,0
G1_D1,707,0,195,0,0
B6_D1,302,0,217,0,0
B6_D1,672,0,287,0,0
B6_D1,156,0,5,0,0
B10_D1,929,0,296,0,0
B6_D1,528,0,7,0,0
B6_D1,136,0,107,0,0
B6_D1,597,0,95,0,0
G1_D1,112,0,147,0,0
B4_D1,781,0,79,0,0
B6_D1,1010,0,431,0,0
B10_D1,2,0,105,0,0
B4_D1,975,0,14,0,0
B10_D1,338,0,47,0,0
B4_D1,942,0,239,0,0
B6_D1,719,0,260,0,0
B6_D1,18,0,483,0,0
B10_D1,269,0,50,0,0
B10_D1,1017,0,38,0,0
B6_D1,839,0,62,0,0
B4_D1,77,0,115,0,0
B10_D1,758,0,308,0,0
G1_D1,935,0,68,0,0
B6_D1,640,0,5,0,0
B10_D1,686,0,278,0,0
B10_D1,1012,0,211,0,0
B2_D1,132,0,313,0,0
B6_D1,496,0,165,0,0
B6_D1,482,0,487,0,0
B4_D1,128,0,154,0,0
G1_D1,662,0,173,0,0
B6_D1,210,0,364,0,0
B10_D1,690,0,267,0,0
B8_D1,228,0,339,0,0
B6_D1,596,0,82,0,0
B6_D1,698,0,484,0,0
B6_D1,170,0,87,0,0
B6_D1,815,0,125,0,0
B10_D1,336,0,234,0,0
B4_D1,735,0,293,0,0
G1_D1,558,0,19,0,0
B10_D1,653,0,304,0,0
B10_D1,69,0,326,0,0
B6_D1,124,0,370,0,0
B4_D1,44,0,129,0,0
B10_D1,65,0,170,0,0
B6_D1,892,0,387,0,0
G1_D1,746,0,462,0,0
B10_D1,187,0,279,0,0
B10_D1,488,0,232,0,0
B6_D1,197,0,166,0,0
B6_D1,470,0,501,0,0
G1_D1,555,0,211,0,0
G1_D1,112,0,400,0,0
B10_D1,538,0,310,0,0
B10_D1,738,0,120,0,0
B6_D1,126,0,448,0,0
B2_D1,500,0,286,0,0
G1_D1,698,0,9,0,0
G1_D1,530,0,285,0,0
G1_D1,895,0,336,0,0
G1_D1,893,0,52,0,0
B4_D1,521,0,424,0,0
B10_D1,320,0,155,0,0
B10_D1,823,0,496,0,0
G1_D1,43,0,141,0,0
B6_D1,438,0,268,0,0
B10_D1,857,0,103,0,0
B10_D1,257,0,356,0,0
B6_D1,992,0,31,0,0
G1_D1,131,0,415,0,0
B2_D1,154,0,85,0,0
B6_D1,144,0,406,0,0
B6_D1,886,0,314,0,0
B10_D1,765,0,48,0,0
B4_D1,996,0,212,0,0
B10_D1,666,0,82,0,0
B6_D1,745,0,70,0,0
B6_D1,115,0,402,0,0
B8_D1,46,0,244,0,0
B10_D1,2,0,239,0,0
B6_D1,376,0,167,0,0
B4_D1,937,0,80,0,0
B10_D1,793,0,26,0,0
G1_D1,146,0,13,0,0
B10_D1,536,0,93,0,0
B6_D1,714,0,189,0,0
B2_D1,371,0,112,0,0
B6_D1,145,0,253,0,0
G1_D1,315,0,6,0,0
G1_D1,980,0,0,0,0
B10_D1,8,0,342,0,0
B10_D1,719,0,417,0,0
B6_D1,258,0,376,0,0
B6_D1,878,0,490,0,0
B6_D1,311,0,209,0,0
B4_D1,807,0,42,0,0
B6_D1,707,0,479,0,0
B10_D1,492,0,483,0,0
B6_D1,814,0,95,0,0
G1_D1,1023,0,488,0,0
B6_D1,974,0,490,0,0
B6_D1,461,0,241,0,0
B4_D1,673,0,314,0,0
B4_D1,472,0,373,0,0
B10_D1,419,0,277,0,0
B8_D1,788,0,230,0,0
B6_D1,958,0,508,0,0
G1_D1,327,0,28,0,0
G1_D1,36,0,148,0,0
B10_D1,20,0,197,0,0
B6_D1,576,0,23,0,0
B6_D1,972,0,468,0,0
B6_D1,868,0,29,0,0
B8_D1,117,0,216,0,0
B6_D1,15,0,88,0,0
B6_D1,637,0,343,0,0
B6_D1,520,0,351,0,0
G1_D1,650,0,135,0,0
B6_D1,264,0,183,0,0
B2_D1,943,0,5,0,0
B10_D1,851,0,87,0,0
G1_D1,987,0,34,0,0
G1_D1,545,0,120,0,0
G1_D1,51,0,44,0,0
B10_D1,443,0,407,0,0
G1_D1,805,0,59,0,0
B6_D1,477,0,456,0,0
B6_D1,773,0,55,0,0
B6_D1,678,0,496,0,0
B10_D1,586,0,261,0,0
G1_D1,107,0,301,0,0
B2_D1,476,0,489,0,0
B4_D1,593,0,218,0,0
G1_D1,711,0,27,0,0
B10_D1,300,0,266,0,0
G1_D1,619,0,15,0,0
B6_D1,142,0,205,0,0
B6_D1,474,0,490,0,0
B6_D1,61,0,454,0,0
B6_D1,975,0,168,0,0
B10_D1,614,0,477,0,0
G1_D1,59,0,16,0,0
G1_D1,551,0,28,0,0
G1_D1,105,0,285,0,0
G1_D1,883,0,70,0,0
B2_D1,188,0,303,0,0
B6_D1,136,0,38,0,0
B6_D1,873,0,205,0,0
B4_D1,590,0,304,0,0
B6_D1,242,0,172,0,0
B4_D1,760,0,223,0,0
B10_D1,317,0,95,0,0
B4_D1,1019,0,92,0,0
B10_D1,655,0,35,0,0
B4_D1,900,0,16,0,0
G1_D1,730,0,374,0,0
B6_D1,757,0,287,0,0
B6_D1,450,0,329,0,0
B6_D1,696,0,3,0,0
B10_D1,789,0,481,0,0
B10_D1,628,0,118,0,0
B4_D1,157,0,1,0,0
B6_D1,80,0,12,0,0
B8_D1,894,0,302,0,0
B6_D1,83,0,87,0,0
B6_D1,688,0,25,0,0
G1_D1,463,0,81,0,0
B6_D1,877,0,132,0,0
B8_D1,705,0,187,0,0
B4_D1,56,0,123,0,0
B6_D1,858,0,270,0,0
B10_D1,679,0,60,0,0
B4_D1,366,0,370,0,0
B6_D1,558,0,483,0,0
B6_D1,622,0,494,0,0
B4_D1,782,0,40,0,0
B6_D1,381,0,321,0,0
B8_D1,22,0,320,0,0
B10_D1,614,0,283,0,0
B6_D1,910,0,144,0,0
B8_D1,293,0,319,0,0
G1_D1,104,0,292,0,0
B6_D1,76,0,7,0,0
B6_D1,691,0,304,0,0
B6_D1,2,0,122,0,0
B6_D1,377,0,443,0,0
B6_D1,614,0,503,0,0
B10_D1,227,0,37,0,0
B10_D1,422,0,69,0,0
B10_D1,237,0,22,0,0
B10_D1,760,0,116,0,0
B10_D1,619,0,60,0,0
B6_D1,636,0,358,0,0
G1_D1,176,0,374,0,0
G1_D1,323,0,6,0,0
B6_D1,569,0,231,0,0
B4_D1,334,0,335,0,0
G1_D1,10,0,232,0,0
B6_D1,870,0,487,0,0
B10_D1,740,0,415,0,0
G1_D1,183,0,260,0,0
B6_D1,970,0,398,0,0
B10_D1,735,0,346,0,0
G1_D1,922,0,66,0,0
B4_D1,767,0,261,0,0
B6_D1,587,0,223,0,0
B6_D1,26,0,163,0,0
B10_D1,263,0,255,0,0
B10_D1,460,0,164,0,0
B6_D1,266,0,509,0,0
B6_D1,1020,0,37,0,0
G1_D1,325,0,137,0,0
B8_D1,988,0,301,0,0
B10_D1,169,0,128,0,0
B6_D1,497,0,161,0,0
B2_D1,769,0,492,0,0
B10_D1,379,0,2,0,0
B10_D1,661,0,261,0,0
B10_D1,734,0,466,0,0
B4_D1,779,0,93,0,0
G1_D1,73,0,291,0,0
B10_D1,352,0,182,0,0
B6_D1,152,0,48,0,0
B10_D1,422,0,395,0,0
G1_D1,107,0,275,0,0
B6_D1,272,0,23,0,0
B6_D1,354,0,497,0,0
B6_D1,570,0,489,0,0
G1_D1,859,0,294,0,0
B6_D1,578,0,487,0,0
G1_D1,995,0,265,0,0
G1_D1,502,0,122,0,0
B10_D1,180,0,22,0,0
B6_D1,138,0,494,0,0
B8_D1,795,0,228,0,0
B6_D1,885,0,141,0,0
G1_D1,611,0,232,0,0
B6_D1,155,0,147,0,0
B4_D1,515,0,240,0,0
B10_D1,870,0,214,0,0
G1_D1,925,0,295,0,0
G1_D1,796,0,63,0,0
B2_D1,463,0,108,0,0
B10_D1,429,0,272,0,0
B2_D1,842,0,267,0,0
B4_D1,589,0,303,0,0
G1_D1,24,0,284,0,0
G1_D1,41,0,254,0,0
B6_D1,756,0,40,0,0
B6_D1,544,0,344,0,0
B10_D1,537,0,511,0,0
B10_D1,237,0,234,0,0
B6_D1,558,0,399,0,0
B6_D1,872,0,304,0,0
G1_D1,68,0,327,0,0
G1_D1,860,0,262,0,0
G1_D1,53,0,121,0,0
B6_D1,102,0,505,0,0
B6_D1,694,0,66,0,0
B4_D1,926,0,19,0,0
G1_D1,78,0,104,0,0
B6_D1,797,0,76,0,0
B6_D1,830,0,201,0,0
B10_D1,16,0,314,0,0
B10_D1,551,0,71,0,0
B6_D1,1020,0,136,0,0
G1_D1,594,0,21,0,0
B10_D1,625,0,260,0,0
G1_D1,564,0,3,0,0
B10_D1,483,0,276,0,0
B6_D1,609,0,107,0,0
G1_D1,459,0,54,0,0
B6_D1,380,0,46,0,0
B10_D1,45,0,93,0,0
B10_D1,853,0,201,0,0
B10_D1,650,0,115,0,0
G1_D1,231,0,457,0,0
G1_D1,160,0,7,0,0
B6_D1,1000,0,15,0,0
B10_D1,138,0,302,0,0
B6_D1,116,0,455,0,0
B6_D1,467,0,68,0,0
B6_D1,367,0,293,0,0
B6_D1,463,0,73,0,0
B10_D1,17,0,291,0,0
B10_D1,185,0,170,0,0
G1_D1,21,0,70,0,0
B10_D1,19,0,26,0,0
B6_D1,1001,0,79,0,0
B6_D1,816,0,45,0,0
B6_D1,349,0,69,0,0
B10_D1,620,0,259,0,0
B4_D1,314,0,289,0,0
G1_D1,938,0,285,0,0
B6_D1,362,0,169,0,0
B10_D1,178,0,269,0,0
B6_D1,659,0,401,0,0
G1_D1,498,0,323,0,0
B6_D1,901,0,274,0,0
B2_D1,619,0,289,0,0
B10_D1,801,0,248,0,0
B6_D1,330,0,356,0,0
B6_D1,991,0,69,0,0
B2_D1,801,0,467,0,0
B6_D1,76,0,376,0,0
B6_D1,850,0,270,0,0
B6_D1,1019,0,471,0,0
B6_D1,946,0,488,0,0
B6_D1,550,0,353,0,0
B6_D1,336,0,355,0,0
B4_D1,529,0,250,0,0
B10_D1,115,0,200,0,0
B10_D1,939,0,360,0,0
B10_D1,442,0,491,0,0
B6_D1,51,0,202,0,0
B4_D1,633,0,223,0,0
B10_D1,842,0,191,0,0
B10_D1,38,0,269,0,0
B6_D1,112,0,325,0,0
B10_D1,11,0,344,0,0
B6_D1,21,0,392,0,0
B6_D1,958,0,232,0,0
B6_D1,200,0,409,0,0
B6_D1,43,0,465,0,0
B4_D1,275,0,27,0,0
B6_D1,686,0,389,0,0
B6_D1,602,0,330,0,0
B10_D1,721,0,423,0,0
B10_D1,197,0,511,0,0
B6_D1,38,0,511,0,0
B6_D1,960,0,27,0,0
B10_D1,938,0,72,0,0
B4_D1,983,0,13,0,0
G1_D1,388,0,7,0,0
G1_D1,684,0,199,0,0
G1_D1,413,0,86,0,0
G1_D1,19,0,119,0,0
B10_D1,115,0,45,0,0
B8_D1,484,0,295,0,0
G1_D1,799,0,266,0,0
B10_D1,530,0,247,0,0
B2_D1,415,0,43,0,0
B10_D1,34,0,168,0,0
B10_D1,728,0,60,0,0
B6_D1,901,0,218,0,0
B10_D1,119,0,52,0,0
G1_D1,725,0,8,0,0
B6_D1,355,0,191,0,0
B6_D1,115,0,110,0,0
B10_D1,538,0,273,0,0
G1_D1,835,0,10,0,0
B10_D1,260,0,281,0,0
B6_D1,3,0,159,0,0
G1_D1,906,0,259,0,0
B6_D1,520,0,16,0,0
B6_D1,1012,0,41,0,0
B2_D1,581,0,223,0,0
B2_D1,540,0,288,0,0
B6_D1,160,0,387,0,0
B6_D1,25,0,236,0,0
B10_D1,18,0,242,0,0
B6_D1,462,0,493,0,0
B6_D1,519,0,246,0,0
B10_D1,113,0,159,0,0
B6_D1,970,0,222,0,0
B10_D1,320,0,219,0,0
B4_D1,250,0,48,0,0
B6_D1,769,0,424,0,0
G1_D1,581,0,194,0,0
B10_D1,270,0,349,0,0
B6_D1,380,0,15,0,0
B6_D1,259,0,340,0,0
B6_D1,718,0,485,0,0
G1_D1,203,0,504,0,0
B2_D1,460,0,126,0,0
B4_D1,2,0,268,0,0
B6_D1,904,0,294,0,0
B6_D1,1023,0,422,0,0
B6_D1,709,0,111,0,0
B6_D1,502,0,285,0,0
G1_D1,259,0,295,0,0
B10_D1,547,0,100,0,0
B6_D1,94,0,489,0,0
B6_D1,570,0,182,0,0
G1_D1,559,0,173,0,0
G1_D1,1013,0,165,0,0
B6_D1,69,0,159,0,0
B10_D1,772,0,457,0,0
G1_D1,85,0,105,0,0
B10_D1,442,0,301,0,0
B10_D1,753,0,262,0,0
B10_D1,954,0,18,0,0
B6_D1,849,0,134,0,0
B10_D1,242,0,144,0,0
B6_D1,566,0,123,0,0
B10_D1,82,0,288,0,0
B6_D1,205,0,79,0,0
B10_D1,126,0,55,0,0
B10_D1,759,0,403,0,0
B6_D1,837,0,294,0,0
B10_D1,366,0,95,0,0
B6_D1,788,0,65,0,0
B6_D1,272,0,334,0,0
B6_D1,828,0,99,0,0
B6_D1,470,0,167,0,0
B4_D1,8,0,117,0,0
G1_D1,973,0,214,0,0
B2_D1,676,0,99,0,0
B6_D1,647,0,393,0,0
B4_D1,53,0,160,0,0
B6_D1,658,0,163,0,0
G1_D1,33,0,124,0,0
B6_D1,85,0,99,0,0
B2_D1,366,0,484,0,0
G1_D1,181,0,185,0,0
B4_D1,434,0,422,0,0
B6_D1,71,0,455,0,0
B10_D1,614,0,182,0,0
G1_D1,449,0,35,0,0
B6_D1,352,0,47,0,0
B10_D1,96,0,490,0,0
B6_D1,477,0,390,0,0
B10_D1,447,0,72,0,0
B4_D1,27,0,50,0,0
B10_D1,303,0,10,0,0
B6_D1,820,0,26,0,0
G1_D1,61,0,4,0,0
B6_D1,790,0,218,0,0
B4_D1,172,0,19,0,0
B10_D1,30,0,142,0,0
B6_D1,918,0,510,0,0
B6_D1,859,0,379,0,0
B6_D1,886,0,437,0,0
B6_D1,80,0,312,0,0
G1_D1,580,0,283,0,0
B6_D1,466,0,509,0,0
G1_D1,991,0,266,0,0
B2_D1,834,0,233,0,0
B10_D1,412,0,506,0,0
B4_D1,1003,0,11,0,0
G1_D1,1018,0,9,0,0
B6_D1,146,0,492,0,0
B6_D1,776,0,65,0,0
B4_D1,497,0,431,0,0
B6_D1,324,0,211,0,0
G1_D1,333,0,19,0,0
B10_D1,464,0,135,0,0
B10_D1,379,0,190,0,0
B10_D1,815,0,299,0,0
B10_D1,26,0,48,0,0
G1_D1,887,0,70,0,0
B4_D1,579,0,183,0,0
B6_D1,882,0,493,0,0
G1_D1,499,0,221,0,0
B6_D1,990,0,408,0,0
B6_D1,673,0,342,0,0
B10_D1,128,0,6,0,0
B10_D1,706,0,249,0,0
B6_D1,73,0,99,0,0
G1_D1,102,0,130,0,0
B6_D1,616,0,43,0,0
B6_D1,640,0,113,0,0
B6_D1,162,0,501,0,0
B6_D1,616,0,224,0,0
B6_D1,573,0,343,0,0
B2_D1,736,0,136,0,0
B8_D1,799,0,229,0,0
B6_D1,714,0,422,0,0
B6_D1,796,0,2,0,0
B6_D1,309,0,135,0,0
B10_D1,469,0,33,0,0
B6_D1,228,0,195,0,0
B2_D1,758,0,74,0,0
B6_D1,670,0,411,0,0
B10_D1,193,0,34,0,0
B6_D1,580,0,282,0,0
B10_D1,687,0,111,0,0
B2_D1,384,0,205,0,0
B6_D1,318,0,205,0,0
G1_D1,154,0,262,0,0
B10_D1,217,0,49,0,0
B2_D1,127,0,97,0,0
B2_D1,477,0,218,0,0
G1_D1,826,0,9,0,0
G1_D1,1014,0,164,0,0
B6_D1,884,0,176,0,0
B6_D1,809,0,152,0,0
B6_D1,635,0,58,0,0
B10_D1,302,0,309,0,0
B10_D1,691,0,19,0,0
B6_D1,831,0,125,0,0
B10_D1,819,0,63,0,0
B4_D1,197,0,206,0,0
B6_D1,790,0,503,0,0
B10_D1,31,0,38,0,0
B10_D1,438,0,289,0,0
B10_D1,869,0,221,0,0
G1_D1,898,0,13,0,0
B2_D1,712,0,312,0,0
B4_D1,0,0,307,0,0
B10_D1,627,0,164,0,0
B6_D1,644,0,435,0,0
B6_D1,436,0,26,0,0
B2_D1,843,0,8,0,0
B6_D1,171,0,128,0,0
B10_D1,347,0,65,0,0
B2_D1,290,0,391,0,0
B10_D1,647,0,280,0,0
B6_D1,261,0,373,0,0
G1_D1,59,0,267,0,0
B10_D1,888,0,360,0,0
B2_D1,687,0,430,0,0
B6_D1,914,0,483,0,0
G1_D1,273,0,57,0,0
B4_D1,1020,0,96,0,0
G1_D1,350,0,22,0,0
B6_D1,828,0,0,0,0
B6_D1,872,0,25,0,0
B10_D1,519,0,3,0,0
B6_D1,976,0,31,0,0
B6_D1,295,0,477,0,0
B10_D1,20,0,85,0,0
G1_D1,578,0,159,0,0
G1_D1,974,0,35,0,0
B10_D1,9,0,62,0,0
B6_D1,915,0,389,0,0
B10_D1,758,0,90,0,0
B10_D1,385,0,66,0,0
B6_D1,914,0,144,0,0
B6_D1,794,0,444,0,0
B10_D1,593,0,341,0,0
B6_D1,247,0,477,0,0
G1_D1,952,0,294,0,0
B2_D1,940,0,295,0,0
B6_D1,875,0,340,0,0
B10_D1,933,0,256,0,0
B10_D1,6,0,278,0,0
B6_D1,924,0,29,0,0
B10_D1,244,0,212,0,0
B6_D1,762,0,249,0,0
B10_D1,202,0,245,0,0
B4_D1,99,0,16,0,0
B10_D1,906,0,11,0,0
B6_D1,960,0,16,0,0
B10_D1,345,0,59,0,0
G1_D1,349,0,143,0,0
B6_D1,102,0,370,0,0
B6_D1,984,0,117,0,0
G1_D1,984,0,160,0,0
G1_D1,150,0,266,0,0
G1_D1,181,0,186,0,0
G1_D1,391,0,230,0,0
B6_D1,831,0,391,0,0
B2_D1,888,0,1,0,0
G1_D1,1016,0,334,0,0
B6_D1,748,0,106,0,0
B6_D1,369,0,350,0,0
G1_D1,99,0,368,0,0
B6_D1,564,0,165,0,0
B10_D1,343,0,110,0,0
B6_D1,138,0,93,0,0
B6_D1,166,0,172,0,0
B10_D1,860,0,208,0,0
B6_D1,872,0,33,0,0
B2_D1,227,0,152,0,0
B6_D1,978,0,69,0,0
B6_D1,607,0,357,0,0
B6_D1,512,0,21,0,0
B6_D1,686,0,490,0,0
B6_D1,205,0,149,0,0
B2_D1,277,0,199,0,0
B6_D1,317,0,383,0,0
B10_D1,566,0,267,0,0
G1_D1,791,0,116,0,0
G1_D1,342,0,43,0,0
B6_D1,539,0,393,0,0
B6_D1,665,0,387,0,0
B10_D1,393,0,314,0,0
B10_D1,436,0,412,0,0
B6_D1,870,0,378,0,0
B6_D1,303,0,136,0,0
B10_D1,197,0,81,0,0
B6_D1,61,0,290,0,0
B4_D1,585,0,302,0,0
B10_D1,16,0,312,0,0
B4_D1,545,0,142,0,0
B4_D1,641,0,114,0,0
G1_D1,981,0,33,0,0
B6_D1,233,0,454,0,0
B4_D1,760,0,293,0,0
B6_D1,380,0,367,0,0
G1_D1,244,0,177,0,0
B10_D1,236,0,256,0,0
B6_D1,864,0,15,0,0
B6_D1,874,0,496,0,0
G1_D1,36,0,264,0,0
B2_D1,213,0,236,0,0
B6_D1,204,0,44,0,0
B2_D1,180,0,407,0,0
B6_D1,297,0,476,0,0
B10_D1,674,0,96,0,0
G1_D1,799,0,275,0,0
B6_D1,288,0,334,0,0
G1_D1,969,0,33,0,0
B10_D1,526,0,409,0,0
G1_D1,639,0,178,0,0
B4_D1,227,0,210,0,0
B6_D1,1021,0,65,0,0
B2_D1,873,0,18,0,0
B8_D1,881,0,1,0,0
B6_D1,370,0,273,0,0
B8_D1,1022,0,171,0,0
G1_D1,635,0,470,0,0
B4_D1,386,0,395,0,0
B10_D1,451,0,476,0,0
B6_D1,33,0,177,0,0
B6_D1,471,0,301,0,0
B6_D1,712,0,12,0,0
G1_D1,1008,0,141,0,0
B6_D1,566,0,501,0,0
B6_D1,995,0,300,0,0
G1_D1,867,0,20,0,0
B10_D1,900,0,95,0,0
B10_D1,508,0,290,0,0
B10_D1,720,0,314,0,0
B2_D1,435,0,158,0,0
B10_D1,577,0,324,0,0
G1_D1,47,0,24,0,0
B6_D1,137,0,60,0,0
G1_D1,870,0,440,0,0
B6_D1,976,0,36,0,0
B4_D1,100,0,19,0,0
B10_D1,1008,0,316,0,0
G1_D1,1011,0,182,0,0
B2_D1,966,0,35,0,0
G1_D1,584,0,209,0,0
B10_D1,432,0,195,0,0
B6_D1,527,0,384,0,0
G1_D1,124,0,290,0,0
B4_D1,219,0,179,0,0
B6_D1,978,0,426,0,0
B6_D1,609,0,336,0,0
B6_D1,642,0,489,0,0
G1_D1,78,0,367,0,0
G1_D1,364,0,3,0,0
G1_D1,164,0,119,0,0
B8_D1,87,0,175,0,0
B6_D1,211,0,99,0,0
B6_D1,479,0,70,0,0
B6_D1,111,0,95,0,0
B10_D1,809,0,22,0,0
B10_D1,701,0,398,0,0
B10_D1,960,0,51,0,0
B2_D1,686,0,95,0,0
B4_D1,155,0,104,0,0
B10_D1,97,0,63,0,0
B4_D1,609,0,303,0,0
B6_D1,70,0,501,0,0
G1_D1,291,0,279,0,0
B10_D1,149,0,51,0,0
G1_D1,935,0,302,0,0
G1_D1,401,0,65,0,0
G1_D1,762,0,117,0,0
B2_D1,963,0,136,0,0
G1_D1,699,0,49,0,0
B6_D1,863,0,308,0,0
B6_D1,103,0,322,0,0
G1_D1,1009,0,165,0,0
B6_D1,959,0,297,0,0
B6_D1,820,0,54,0,0
B10_D1,23,0,72,0,0
G1_D1,252,0,356,0,0
B6_D1,521,0,383,0,0
B6_D1,330,0,497,0,0
B10_D1,654,0,117,0,0
B6_D1,860,0,3,0,0
B10_D1,776,0,328,0,0
B10_D1,867,0,55,0,0
B10_D1,116,0,82,0,0
B6_D1,52,0,7,0,0
G1_D1,191,0,10,0,0
G1_D1,1006,0,190,0,0
B4_D1,1,0,95,0,0
G1_D1,470,0,121,0,0
G1_D1,672,0,43,0,0
G1_D1,258,0,165,0,0
B6_D1,273,0,382,0,0
B6_D1,689,0,473,0,0
G1_D1,988,0,77,0,0
G1_D1,341,0,309,0,0
B10_D1,633,0,202,0,0
B8_D1,68,0,330,0,0
G1_D1,56,0,162,0,0
B4_D1,938,0,42,0,0
B10_D1,321,0,217,0,0
B10_D1,643,0,454,0,0
B4_D1,65,0,310,0,0
B2_D1,134,0,511,0,0
B6_D1,959,0,167,0,0
B10_D1,755,0,30,0,0
B6_D1,962,0,458,0,0
B10_D1,634,0,211,0,0
B6_D1,733,0,192,0,0
B10_D1,189,0,170,0,0
G1_D1,498,0,333,0,0
B10_D1,13,0,139,0,0
B6_D1,155,0,88,0,0
B2_D1,741,0,43,0,0
B6_D1,574,0,68,0,0
B6_D1,650,0,278,0,0
B10_D1,593,0,274,0,0
B6_D1,374,0,282,0,0
B10_D1,96,0,317,0,0
B10_D1,545,0,139,0,0
B10_D1,611,0,53,0,0
B6_D1,348,0,34,0,0
B2_D1,878,0,31,0,0
B10_D1,166,0,432,0,0
G1_D1,93,0,273,0,0
B6_D1,844,0,10,0,0
G1_D1,856,0,74,0,0
B10_D1,389,0,136,0,0
B6_D1,398,0,57,0,0
B6_D1,1002,0,144,0,0
B6_D1,21,0,63,0,0
G1_D1,787,0,89,0,0
B6_D1,56,0,269,0,0
B6_D1,894,0,425,0,0
B6_D1,878,0,321,0,0
B10_D1,496,0,143,0,0
G1_D1,106,0,114,0,0
B6_D1,243,0,94,0,0
B6_D1,944,0,166,0,0
B10_D1,384,0,26,0,0
B10_D1,612,0,127,0,0
B10_D1,543,0,309,0,0
B6_D1,433,0,110,0,0
B10_D1,757,0,259,0,0
B6_D1,864,0,42,0,0
B4_D1,946,0,57,0,0
B4_D1,398,0,94,0,0
B6_D1,350,0,380,0,0
B10_D1,444,0,307,0,0
B6_D1,971,0,154,0,0
G1_D1,7,0,276,0,0
B2_D1,379,0,488,0,0
B6_D1,102,0,492,0,0
B6_D1,948,0,228,0,0
B10_D1,652,0,257,0,0
B10_D1,413,0,114,0,0
B10_D1,6,0,355,0,0
G1_D1,477,0,122,0,0
B10_D1,384,0,503,0,0
B10_D1,272,0,244,0,0
B10_D1,143,0,218,0,0
B2_D1,835,0,62,0,0
B6_D1,400,0,228,0,0
B6_D1,616,0,29,0,0
B6_D1,219,0,74,0,0
B6_D1,996,0,11,0,0
B2_D1,669,0,501,0,0
B10_D1,32,0,150,0,0
B6_D1,100,0,98,0,0
G1_D1,453,0,29,0,0
B6_D1,669,0,62,0,0
B6_D1,467,0,54,0,0
B10_D1,452,0,45,0,0
B6_D1,373,0,439,0,0
B4_D1,803,0,171,0,0
G1_D1,854,0,236,0,0
B6_D1,922,0,502,0,0
B6_D1,923,0,368,0,0
B2_D1,690,0,144,0,0
B4_D1,1023,0,298,0,0
G1_D1,199,0,6,0,0
B2_D1,861,0,84,0,0
G1_D1,105,0,196,0,0
B6_D1,150,0,169,0,0
B6_D1,628,0,18,0,0
B4_D1,78,0,0,0,0
B2_D1,572,0,152,0,0
G1_D1,77,0,51,0,0
B4_D1,431,0,406,0,0
G1_D1,500,0,0,0,0
B4_D1,652,0,235,0,0
G1_D1,529,0,93,0,0
B6_D1,675,0,434,0,0
B2_D1,242,0,510,0,0
B10_D1,49,0,175,0,0
B10_D1,965,0,2,0,0
B10_D1,446,0,69,0,0
B10_D1,231,0,43,0,0
B6_D1,500,0,346,0,0
B10_D1,432,0,23,0,0
B10_D1,25,0,325,0,0
G1_D1,1006,0,262,0,0
B10_D1,616,0,498,0,0
B6_D1,108,0,14,0,0
G1_D1,497,0,64,0,0
B10_D1,1019,0,36,0,0
B10_D1,882,0,364,0,0
B4_D1,110,0,392,0,0
B10_D1,354,0,183,0,0
B6_D1,619,0,60,0,0
B10_D1,931,0,193,0,0
G1_D1,29,0,127,0,0
B6_D1,334,0,493,0,0
B10_D1,494,0,87,0,0
G1_D1,943,0,77,0,0
B6_D1,810,0,258,0,0
B10_D1,694,0,326,0,0
B10_D1,437,0,28,0,0
B4_D1,566,0,67,0,0
B10_D1,516,0,165,0,0
B6_D1,136,0,3,0,0
B6_D1,92,0,290,0,0
B6_D1,112,0,24,0,0
B10_D1,465,0,243,0,0
B10_D1,509,0,123,0,0
B6_D1,17,0,89,0,0
B6_D1,839,0,366,0,0
G1_D1,938,0,13,0,0
B6_D1,870,0,236,0,0
B10_D1,741,0,38,0,0
B6_D1,122,0,503,0,0
B10_D1,150,0,358,0,0
B6_D1,820,0,43,0,0
B10_D1,394,0,95,0,0
G1_D1,215,0,454,0,0
B6_D1,874,0,133,0,0
B4_D1,283,0,260,0,0
B6_D1,328,0,37,0,0
B6_D1,460,0,170,0,0
G1_D1,321,0,19,0,0
B6_D1,14,0,503,0,0
B6_D1,395,0,271,0,0
G1_D1,37,0,173,0,0
B10_D1,656,0,16,0,0
B6_D1,523,0,184,0,0
B6_D1,82,0,491,0,0
G1_D1,781,0,300,0,0
B6_D1,551,0,160,0,0
B6_D1,928,0,25,0,0
G1_D1,823,0,313,0,0
B10_D1,368,0,410,0,0
G1_D1,917,0,12,0,0
B10_D1,274,0,349,0,0
B6_D1,839,0,226,0,0
B10_D1,954,0,260,0,0
B10_D1,711,0,0,0,0
B2_D1,0,0,25,0,0
G1_D1,658,0,510,0,0
B8_D1,347,0,299,0,0
G1_D1,252,0,46,0,0
B10_D1,200,0,210,0,0
B10_D1,28,0,293,0,0
G1_D1,431,0,245,0,0
B10_D1,741,0,312,0,0
G1_D1,258,0,248,0,0
G1_D1,119,0,135,0,0
G1_D1,53,0,8,0,0
G1_D1,28,0,69,0,0
B6_D1,836,0,3,0,0
B10_D1,135,0,104,0,0
B6_D1,624,0,45,0,0
B10_D1,406,0,139,0,0
B6_D1,740,0,373,0,0
B4_D1,432,0,419,0,0
B10_D1,216,0,256,0,0
B8_D1,236,0,337,0,0
B10_D1,188,0,258,0,0
G1_D1,910,0,86,0,0
B6_D1,300,0,466,0,0
B10_D1,558,0,83,0,0
B6_D1,168,0,18,0,0
B8_D1,481,0,200,0,0
B6_D1,503,0,435,0,0
B10_D1,321,0,188,0,0
G1_D1,848,0,260,0,0
B6_D1,911,0,252,0,0
B2_D1,230,0,399,0,0
G1_D1,796,0,264,0,0
B6_D1,405,0,254,0,0
B2_D1,866,0,67,0,0
B6_D1,260,0,2,0,0
B6_D1,934,0,95,0,0
B10_D1,128,0,133,0,0
G1_D1,154,0,436,0,0
G1_D1,183,0,173,0,0
B6_D1,70,0,166,0,0
B10_D1,1000,0,62,0,0
B10_D1,300,0,180,0,0
B4_D1,93,0,300,0,0
G1_D1,45,0,66,0,0
B10_D1,585,0,7,0,0
B10_D1,12,0,241,0,0
G1_D1,319,0,351,0,0
B2_D1,889,0,25,0,0
B6_D1,766,0,490,0,0
B8_D1,95,0,104,0,0
B6_D1,310,0,230,0,0
B2_D1,818,0,226,0,0
B10_D1,603,0,235,0,0
B10_D1,801,0,272,0,0
B10_D1,631,0,0,0,0
B10_D1,104,0,494,0,0
B6_D1,568,0,5,0,0
G1_D1,523,0,6,0,0
B10_D1,674,0,168,0,0
B2_D1,261,0,503,0,0
B6_D1,904,0,6,0,0
B2_D1,37,0,0,0,0
B10_D1,136,0,457,0,0
B4_D1,516,0,373,0,0
G1_D1,862,0,300,0,0
G1_D1,389,0,224,0,0
B6_D1,307,0,235,0,0
B8_D1,661,0,181,0,0
G1_D1,30,0,114,0,0
B6_D1,595,0,422,0,0
B10_D1,386,0,193,0,0
B10_D1,403,0,485,0,0
B10_D1,22,0,153,0,0
B6_D1,836,0,135,0,0
B10_D1,719,0,104,0,0
G1_D1,16,0,46,0,0
B6_D1,648,0,331,0,0
G1_D1,522,0,9,0,0
B10_D1,457,0,85,0,0
B10_D1,922,0,14,0,0
B10_D1,704,0,396,0,0
B6_D1,8,0,18,0,0
B10_D1,479,0,41,0,0
B10_D1,12,0,89,0,0
B2_D1,530,0,160,0,0
B10_D1,36,0,120,0,0
G1_D1,186,0,138,0,0
B6_D1,684,0,45,0,0
B10_D1,940,0,61,0,0
B2_D1,508,0,485,0,0
B10_D1,402,0,414,0,0
B6_D1,876,0,239,0,0
B10_D1,656,0,259,0,0
B2_D1,498,0,483,0,0
B6_D1,652,0,273,0,0
B6_D1,995,0,480,0,0
B6_D1,242,0,507,0,0
B10_D1,688,0,484,0,0
G1_D1,739,0,243,0,0
G1_D1,940,0,493,0,0
B6_D1,970,0,421,0,0
G1_D1,67,0,165,0,0
B10_D1,7,0,163,0,0
B6_D1,256,0,27,0,0
B6_D1,758,0,511,0,0
G1_D1,231,0,242,0,0
B6_D1,680,0,126,0,0
B2_D1,806,0,511,0,0
B6_D1,694,0,499,0,0
B6_D1,28,0,19,0,0
G1_D1,905,0,490,0,0
B10_D1,713,0,423,0,0
B10_D1,358,0,22,0,0
B6_D1,170,0,277,0,0
G1_D1,980,0,54,0,0
B10_D1,119,0,113,0,0
G1_D1,36,0,48,0,0
B10_D1,538,0,276,0,0
G1_D1,853,0,438,0,0
B10_D1,130,0,351,0,0
B10_D1,344,0,41,0,0
G1_D1,303,0,139,0,0
B6_D1,543,0,213,0,0
B10_D1,729,0,20,0,0
B4_D1,44,0,19,0,0
B6_D1,956,0,370,0,0
B4_D1,817,0,244,0,0
B10_D1,613,0,281,0,0
G1_D1,706,0,42,0,0
G1_D1,846,0,19,0,0
B10_D1,237,0,458,0,0
B6_D1,624,0,288,0,0
B10_D1,1,0,213,0,0
B10_D1,692,0,451,0,0
G1_D1,756,0,3,0,0
G1_D1,316,0,201,0,0
B6_D1,890,0,107,0,0
B6_D1,492,0,344,0,0
B6_D1,116,0,37,0,0
B6_D1,910,0,485,0,0
G1_D1,194,0,190,0,0
B6_D1,26,0,277,0,0
B10_D1,918,0,31,0,0
B2_D1,423,0,477,0,0
B6_D1,312,0,334,0,0
B6_D1,898,0,127,0,0
B6_D1,233,0,67,0,0
B10_D1,224,0,180,0,0
B6_D1,631,0,432,0,0
B2_D1,313,0,35,0,0
B10_D1,395,0,205,0,0
B10_D1,495,0,226,0,0
B10_D1,604,0,455,0,0
G1_D1,744,0,0,0,0
G1_D1,100,0,421,0,0
B6_D1,967,0,140,0,0
B10_D1,676,0,241,0,0
B6_D1,55,0,408,0,0
G1_D1,1008,0,257,0,0
B6_D1,221,0,238,0,0
B4_D1,113,0,289,0,0
B10_D1,617,0,123,0,0
B6_D1,439,0,124,0,0
B6_D1,761,0,152,0,0
B6_D1,97,0,184,0,0
B6_D1,915,0,140,0,0
B6_D1,644,0,36,0,0
B6_D1,191,0,479,0,0
B10_D1,594,0,46,0,0
B6_D1,887,0,307,0,0
B6_D1,510,0,284,0,0
B6_D1,755,0,330,0,0
B6_D1,956,0,29,0,0
B4_D1,265,0,231,0,0
B6_D1,956,0,21,0,0
G1_D1,131,0,16,0,0
B6_D1,693,0,418,0,0
B10_D1,276,0,5,0,0
B10_D1,681,0,26,0,0
G1_D1,56,0,64,0,0
B2_D1,776,0,59,0,0
B10_D1,399,0,245,0,0
B10_D1,423,0,365,0,0
B6_D1,891,0,193,0,0
B10_D1,1015,0,73,0,0
B10_D1,646,0,117,0,0
B2_D1,1,0,238,0,0
B6_D1,217,0,461,0,0
B6_D1,363,0,247,0,0
B2_D1,553,0,509,0,0
B6_D1,554,0,353,0,0
B2_D1,400,0,381,0,0
B6_D1,882,0,206,0,0
B10_D1,17,0,292,0,0
B10_D1,520,0,293,0,0
B6_D1,846,0,449,0,0
B6_D1,871,0,118,0,0
B6_D1,952,0,53,0,0
B6_D1,596,0,282,0,0
B6_D1,676,0,36,0,0
B2_D1,262,0,486,0,0
B10_D1,432,0,506,0,0
B6_D1,896,0,27,0,0
B6_D1,648,0,360,0,0
B6_D1,757,0,421,0,0
B10_D1,370,0,69,0,0
G1_D1,32,0,138,0,0
B2_D1,416,0,31,0,0
G1_D1,793,0,161,0,0
B6_D1,802,0,486,0,0
B6_D1,149,0,143,0,0
B10_D1,464,0,62,0,0
G1_D1,165,0,510,0,0
B6_D1,697,0,456,0,0
G1_D1,363,0,14,0,0
B4_D1,921,0,205,0,0
B6_D1,624,0,331,0,0
B4_D1,1001,0,15,0,0
B10_D1,698,0,261,0,0
G1_D1,869,0,195,0,0
B10_D1,253,0,409,0,0
B6_D1,200,0,425,0,0
B6_D1,324,0,7,0,0
B6_D1,838,0,350,0,0
B4_D1,606,0,42,0,0
G1_D1,922,0,90,0,0
B6_D1,267,0,260,0,0
B6_D1,718,0,433,0,0
B6_D1,710,0,408,0,0
B10_D1,912,0,5,0,0
B10_D1,22,0,248,0,0
B6_D1,716,0,362,0,0
B2_D1,162,0,510,0,0
B6_D1,834,0,127,0,0
B2_D1,537,0,484,0,0
B6_D1,128,0,409,0,0
B6_D1,362,0,459,0,0
B2_D1,191,0,479,0,0
B2_D1,263,0,61,0,0
B6_D1,540,0,183,0,0
B8_D1,162,0,54,0,0
B10_D1,201,0,129,0,0
G1_D1,166,0,511,0,0
G1_D1,851,0,447,0,0
B6_D1,314,0,216,0,0
B6_D1,285,0,159,0,0
B4_D1,773,0,15,0,0
B6_D1,167,0,322,0,0
B6_D1,318,0,80,0,0
B4_D1,255,0,129,0,0
B10_D1,457,0,462,0,0
B6_D1,50,0,235,0,0
B4_D1,957,0,247,0,0
G1_D1,969,0,206,0,0
B6_D1,550,0,503,0,0
B2_D1,83,0,74,0,0
G1_D1,161,0,118,0,0
B6_D1,58,0,500,0,0
B6_D1,60,0,404,0,0
B10_D1,849,0,107,0,0
B10_D1,534,0,316,0,0
G1_D1,731,0,14,0,0
B6_D1,32,0,30,0,0
B6_D1,66,0,135,0,0
B6_D1,678,0,338,0,0
B10_D1,586,0,209,0,0
B10_D1,47,0,263,0,0
B6_D1,138,0,214,0,0
B10_D1,20,0,171,0,0
B6_D1,584,0,1,0,0
G1_D1,986,0,302,0,0
G1_D1,995,0,408,0,0
G1_D1,270,0,241,0,0
G1_D1,127,0,30,0,0
B6_D1,753,0,102,0,0
B6_D1,204,0,5,0,0
B10_D1,498,0,88,0,0
G1_D1,622,0,33,0,0
G1_D1,492,0,7,0,0
B6_D1,786,0,511,0,0
B6_D1,894,0,144,0,0
B6_D1,528,0,18,0,0
B6_D1,192,0,197,0,0
B6_D1,835,0,438,0,0
B10_D1,804,0,169,0,0
B4_D1,130,0,422,0,0
B10_D1,470,0,37,0,0
G1_D1,829,0,4,0,0
B6_D1,887,0,438,0,0
G1_D1,65,0,62,0,0
B10_D1,436,0,312,0,0
G1_D1,314,0,59,0,0
B4_D1,128,0,153,0,0
B6_D1,369,0,411,0,0
B10_D1,313,0,194,0,0
G1_D1,30,0,244,0,0
G1_D1,208,0,7,0,0
G1_D1,4,0,438,0,0
B6_D1,956,0,418,0,0
B4_D1,242,0,53,0,0
B6_D1,165,0,123,0,0
G1_D1,296,0,3,0,0
B10_D1,17,0,206,0,0
G1_D1,278,0,395,0,0
B6_D1,308,0,171,0,0
B6_D1,798,0,163,0,0
B10_D1,126,0,211,0,0
G1_D1,45,0,135,0,0
G1_D1,126,0,194,0,0
B6_D1,846,0,272,0,0
B10_D1,325,0,418,0,0
B6_D1,168,0,16,0,0
B6_D1,937,0,215,0,0
G1_D1,33,0,256,0,0
B6_D1,966,0,493,0,0
B6_D1,288,0,432,0,0
B10_D1,146,0,242,0,0
B6_D1,822,0,455,0,0
G1_D1,869,0,304,0,0
G1_D1,718,0,192,0,0
G1_D1,353,0,226,0,0
B6_D1,49,0,475,0,0
B10_D1,427,0,418,0,0
G1_D1,646,0,306,0,0
B10_D1,725,0,100,0,0
B6_D1,207,0,78,0,0
B2_D1,839,0,8,0,0
B10_D1,38,0,36,0,0
G1_D1,184,0,284,0,0
B10_D1,946,0,76,0,0
G1_D1,724,0,134,0,0
B10_D1,819,0,370,0,0
G1_D1,832,0,7,0,0
G1_D1,303,0,88,0,0
B6_D1,757,0,239,0,0
B6_D1,10,0,489,0,0
B4_D1,8,0,333,0,0
B10_D1,606,0,97,0,0
B10_D1,598,0,288,0,0
B10_D1,39,0,72,0,0
B4_D1,119,0,83,0,0
B6_D1,551,0,371,0,0
B10_D1,764,0,325,0,0
B6_D1,730,0,506,0,0
B6_D1,208,0,38,0,0
B2_D1,741,0,10,0,0
G1_D1,186,0,67,0,0
B10_D1,211,0,20,0,0
G1_D1,553,0,247,0,0
B6_D1,130,0,483,0,0
B10_D1,239,0,12,0,0
B10_D1,445,0,87,0,0
B6_D1,66,0,378,0,0
B2_D1,137,0,418,0,0
B4_D1,598,0,304,0,0
B2_D1,447,0,475,0,0
B10_D1,28,0,189,0,0
B6_D1,423,0,389,0,0
B10_D1,220,0,93,0,0
G1_D1,653,0,261,0,0
G1_D1,88,0,356,0,0
G1_D1,146,0,411,0,0
B6_D1,809,0,129,0,0
B10_D1,627,0,179,0,0
B10_D1,851,0,283,0,0
G1_D1,147,0,95,0,0
G1_D1,170,0,451,0,0
B6_D1,118,0,426,0,0
B4_D1,668,0,264,0,0
B10_D1,516,0,146,0,0
G1_D1,56,0,205,0,0
B10_D1,13,0,291,0,0
B10_D1,578,0,218,0,0
B6_D1,688,0,29,0,0
B10_D1,852,0,406,0,0
B4_D1,2,0,17,0,0
B6_D1,512,0,22,0,0
B10_D1,568,0,206,0,0
B6_D1,556,0,270,0,0
B10_D1,835,0,92,0,0
B6_D1,794,0,350,0,0
B6_D1,41,0,69,0,0
B6_D1,330,0,459,0,0
B10_D1,39,0,143,0,0
B10_D1,439,0,274,0,0
B10_D1,92,0,6,0,0
G1_D1,752,0,80,0,0
B10_D1,347,0,24,0,0
B10_D1,256,0,206,0,0
B6_D1,916,0,3,0,0
B10_D1,14,0,155,0,0
B2_D1,1,0,97,0,0
B10_D1,1023,0,160,0,0
G1_D1,667,0,2,0,0
B4_D1,566,0,18,0,0
B10_D1,742,0,165,0,0
G1_D1,343,0,15,0,0
G1_D1,1013,0,300,0,0
G1_D1,571,0,15,0,0
G1_D1,226,0,18,0,0
B6_D1,562,0,487,0,0
B6_D1,887,0,428,0,0
B10_D1,796,0,310,0,0
B10_D1,413,0,219,0,0
B6_D1,831,0,366,0,0
B6_D1,541,0,387,0,0
B10_D1,463,0,276,0,0
B4_D1,180,0,73,0,0
B6_D1,990,0,494,0,0
B6_D1,348,0,106,0,0
B6_D1,977,0,171,0,0
B6_D1,376,0,38,0,0
B6_D1,861,0,141,0,0
B10_D1,800,0,423,0,0
G1_D1,985,0,108,0,0
B6_D1,39,0,140,0,0
B6_D1,516,0,13,0,0
B8_D1,733,0,247,0,0
G1_D1,991,0,136,0,0
B6_D1,495,0,407,0,0
B6_D1,147,0,304,0,0
B4_D1,775,0,231,0,0
B10_D1,760,0,419,0,0
B6_D1,335,0,210,0,0
B8_D1,323,0,187,0,0
B6_D1,540,0,162,0,0
B8_D1,439,0,284,0,0
B6_D1,650,0,496,0,0
B10_D1,534,0,33,0,0
B10_D1,505,0,279,0,0
B10_D1,568,0,287,0,0
B6_D1,996,0,274,0,0
B6_D1,10,0,488,0,0
B8_D1,792,0,227,0,0
G1_D1,142,0,23,0,0
B10_D1,907,0,335,0,0
B6_D1,86,0,507,0,0
B4_D1,1016,0,75,0,0
B6_D1,884,0,474,0,0
G1_D1,713,0,309,0,0
G1_D1,32,0,112,0,0
G1_D1,1015,0,269,0,0
G1_D1,1005,0,184,0,0
G1_D1,344,0,173,0,0
G1_D1,118,0,5,0,0
B6_D1,656,0,61,0,0
B10_D1,188,0,285,0,0
B10_D1,228,0,256,0,0
B6_D1,689,0,413,0,0
G1_D1,520,0,244,0,0
B6_D1,156,0,387,0,0
G1_D1,665,0,111,0,0
B10_D1,1023,0,239,0,0
B10_D1,470,0,225,0,0
G1_D1,959,0,80,0,0
B10_D1,62,0,37,0,0
B6_D1,808,0,33,0,0
B10_D1,430,0,139,0,0
G1_D1,75,0,44,0,0
B6_D1,499,0,250,0,0
B6_D1,800,0,27,0,0
B10_D1,863,0,207,0,0
G1_D1,352,0,1,0,0
B6_D1,732,0,31,0,0
B4_D1,754,0,23,0,0
B6_D1,595,0,386,0,0
B2_D1,781,0,80,0,0
B6_D1,716,0,32,0,0
B10_D1,957,0,46,0,0
B10_D1,119,0,200,0,0
B6_D1,680,0,32,0,0
B6_D1,729,0,108,0,0
B6_D1,68,0,292,0,0
B10_D1,742,0,61,0,0
G1_D1,250,0,155,0,0
B4_D1,329,0,210,0,0
B6_D1,423,0,118,0,0
B6_D1,886,0,150,0,0
B6_D1,118,0,495,0,0
B6_D1,665,0,67,0,0
B6_D1,226,0,492,0,0
B10_D1,536,0,412,0,0
B6_D1,258,0,116,0,0
G1_D1,791,0,211,0,0
B2_D1,564,0,288,0,0
B6_D1,378,0,502,0,0
B6_D1,442,0,174,0,0
B10_D1,270,0,348,0,0
B6_D1,705,0,472,0,0
B10_D1,906,0,391,0,0
B10_D1,705,0,260,0,0
B6_D1,152,0,11,0,0
B6_D1,15,0,455,0,0
B2_D1,810,0,127,0,0
B6_D1,14,0,139,0,0
B6_D1,947,0,433,0,0
B10_D1,992,0,291,0,0
B6_D1,1008,0,429,0,0
B4_D1,869,0,260,0,0
B6_D1,108,0,251,0,0
B2_D1,0,0,261,0,0
G1_D1,220,0,74,0,0
B10_D1,507,0,303,0,0
G1_D1,416,0,478,0,0
G1_D1,481,0,123,0,0
B6_D1,156,0,367,0,0
B10_D1,826,0,314,0,0
B2_D1,713,0,284,0,0
B6_D1,638,0,363,0,0
B10_D1,125,0,231,0,0
B10_D1,589,0,320,0,0
B10_D1,10,0,13,0,0
B10_D1,17,0,132,0,0
B10_D1,88,0,100,0,0
B10_D1,653,0,108,0,0
B4_D1,475,0,426,0,0
B6_D1,126,0,500,0,0
B6_D1,648,0,27,0,0
B8_D1,1023,0,7,0,0
B6_D1,754,0,490,0,0
B6_D1,772,0,339,0,0
B6_D1,47,0,293,0,0
B6_D1,434,0,504,0,0
B2_D1,200,0,404,0,0
B10_D1,139,0,303,0,0
B10_D1,735,0,85,0,0
B6_D1,824,0,28,0,0
B10_D1,150,0,40,0,0
G1_D1,81,0,105,0,0
B10_D1,716,0,100,0,0
B6_D1,699,0,451,0,0
B10_D1,352,0,237,0,0
B6_D1,25,0,476,0,0
G1_D1,689,0,77,0,0
B10_D1,176,0,241,0,0
B10_D1,241,0,118,0,0
B10_D1,101,0,281,0,0
B10_D1,134,0,179,0,0
G1_D1,960,0,7,0,0
B4_D1,154,0,50,0,0
B6_D1,545,0,312,0,0
B4_D1,1,0,148,0,0
B10_D1,476,0,160,0,0
B4_D1,16,0,290,0,0
B6_D1,741,0,154,0,0
B10_D1,395,0,276,0,0
B10_D1,11,0,26,0,0
B6_D1,180,0,175,0,0
B6_D1,729,0,94,0,0
B6_D1,918,0,114,0,0
G1_D1,472,0,129,0,0
B2_D1,541,0,104,0,0
B6_D1,556,0,11,0,0
G1_D1,426,0,479,0,0
G1_D1,769,0,4,0,0
B10_D1,29,0,198,0,0
B6_D1,865,0,313,0,0
B6_D1,788,0,7,0,0
B6_D1,823,0,194,0,0
G1_D1,25,0,246,0,0
B6_D1,200,0,132,0,0
B8_D1,406,0,193,0,0
B6_D1,506,0,500,0,0
B10_D1,142,0,334,0,0
B6_D1,55,0,302,0,0
B4_D1,782,0,92,0,0
G1_D1,878,0,511,0,0
B6_D1,262,0,65,0,0
B2_D1,289,0,488,0,0
B6_D1,49,0,401,0,0
B6_D1,823,0,116,0,0
G1_D1,150,0,38,0,0
B10_D1,260,0,40,0,0
B6_D1,400,0,41,0,0
B4_D1,234,0,53,0,0
B6_D1,811,0,236,0,0
B4_D1,211,0,51,0,0
G1_D1,553,0,4,0,0
B10_D1,465,0,462,0,0
B6_D1,123,0,477,0,0
G1_D1,891,0,46,0,0
B4_D1,631,0,49,0,0
B6_D1,854,0,510,0,0
B10_D1,150,0,508,0,0
B2_D1,217,0,203,0,0
B10_D1,409,0,114,0,0
G1_D1,1017,0,236,0,0
B6_D1,938,0,494,0,0
G1_D1,194,0,54,0,0
B6_D1,696,0,459,0,0
B2_D1,855,0,42,0,0
B4_D1,693,0,245,0,0
G1_D1,204,0,270,0,0
B6_D1,137,0,403,0,0
B10_D1,80,0,289,0,0
B10_D1,267,0,167,0,0
B4_D1,449,0,416,0,0
B6_D1,782,0,498,0,0
B10_D1,147,0,308,0,0
G1_D1,895,0,6,0,0
B6_D1,242,0,122,0,0
B10_D1,102,0,162,0,0
B4_D1,862,0,237,0,0
B6_D1,626,0,163,0,0
B10_D1,520,0,208,0,0
B6_D1,260,0,272,0,0
B2_D1,480,0,287,0,0
B10_D1,927,0,49,0,0
B10_D1,606,0,212,0,0
B6_D1,492,0,38,0,0
G1_D1,88,0,97,0,0
B10_D1,609,0,479,0,0
B6_D1,234,0,504,0,0
B10_D1,165,0,444,0,0
B6_D1,1012,0,22,0,0
G1_D1,831,0,53,0,0
B10_D1,88,0,149,0,0
G1_D1,809,0,263,0,0
G1_D1,42,0,13,0,0
G1_D1,833,0,4,0,0
B6_D1,988,0,301,0,0
G1_D1,13,0,81,0,0
B6_D1,210,0,172,0,0
B6_D1,85,0,379,0,0
G1_D1,421,0,19,0,0
B2_D1,912,0,26,0,0
B6_D1,532,0,49,0,0
B10_D1,175,0,52,0,0
B10_D1,151,0,281,0,0
B10_D1,503,0,0,0,0
B10_D1,745,0,115,0,0
B10_D1,923,0,257,0,0
G1_D1,474,0,91,0,0
B2_D1,622,0,362,0,0
B6_D1,708,0,22,0,0
G1_D1,753,0,212,0,0
B10_D1,68,0,458,0,0
B10_D1,5,0,175,0,0
B2_D1,899,0,51,0,0
B6_D1,328,0,31,0,0
B6_D1,141,0,95,0,0
B6_D1,172,0,236,0,0
B6_D1,329,0,396,0,0
G1_D1,788,0,18,0,0
G1_D1,789,0,322,0,0
B6_D1,980,0,3,0,0
B6_D1,900,0,40,0,0
B6_D1,955,0,255,0,0
B10_D1,646,0,447,0,0
B4_D1,802,0,213,0,0
B10_D1,65,0,187,0,0
B6_D1,536,0,47,0,0
B6_D1,584,0,224,0,0
B10_D1,710,0,115,0,0
B10_D1,25,0,285,0,0
B2_D1,432,0,287,0,0
G1_D1,31,0,86,0,0
B6_D1,1023,0,310,0,0
B10_D1,598,0,211,0,0
B4_D1,609,0,346,0,0
B10_D1,780,0,331,0,0
B6_D1,538,0,504,0,0
G1_D1,980,0,89,0,0
B10_D1,691,0,112,0,0
G1_D1,775,0,234,0,0
B6_D1,431,0,274,0,0
B6_D1,402,0,391,0,0
B6_D1,236,0,387,0,0
B8_D1,661,0,305,0,0
B6_D1,324,0,328,0,0
B6_D1,49,0,159,0,0
B2_D1,893,0,261,0,0
B10_D1,141,0,102,0,0
B6_D1,952,0,228,0,0
B10_D1,368,0,342,0,0
B2_D1,3,0,43,0,0
B10_D1,349,0,268,0,0
B10_D1,365,0,124,0,0
B10_D1,456,0,67,0,0
B10_D1,2,0,168,0,0
B6_D1,426,0,485,0,0
G1_D1,764,0,118,0,0
B10_D1,270,0,53,0,0
B6_D1,959,0,481,0,0
B10_D1,413,0,170,0,0
B10_D1,155,0,2,0,0
B6_D1,175,0,448,0,0
B6_D1,100,0,25,0,0
B6_D1,682,0,496,0,0
B6_D1,518,0,482,0,0
B6_D1,197,0,407,0,0
B10_D1,871,0,248,0,0
B10_D1,381,0,171,0,0
G1_D1,990,0,95,0,0
B6_D1,695,0,454,0,0
B6_D1,39,0,323,0,0
B6_D1,313,0,204,0,0
B6_D1,238,0,122,0,0
B10_D1,658,0,171,0,0
B10_D1,753,0,48,0,0
B6_D1,947,0,84,0,0
B10_D1,0,0,421,0,0
B2_D1,129,0,211,0,0
B10_D1,442,0,211,0,0
B6_D1,334,0,498,0,0
B10_D1,394,0,463,0,0
B6_D1,684,0,18,0,0
B6_D1,134,0,469,0,0
B4_D1,756,0,223,0,0
B6_D1,262,0,489,0,0
B6_D1,142,0,330,0,0
G1_D1,23,0,79,0,0
B10_D1,5,0,237,0,0
B10_D1,936,0,85,0,0
B6_D1,409,0,383,0,0
B10_D1,510,0,166,0,0
B2_D1,805,0,46,0,0
G1_D1,702,0,42,0,0
B6_D1,997,0,448,0,0
B6_D1,353,0,352,0,0
B6_D1,673,0,343,0,0
G1_D1,902,0,91,0,0
G1_D1,628,0,275,0,0
B4_D1,479,0,92,0,0
B4_D1,507,0,372,0,0
B6_D1,252,0,157,0,0
G1_D1,762,0,304,0,0
G1_D1,758,0,104,0,0
B6_D1,484,0,171,0,0
B4_D1,254,0,238,0,0
G1_D1,642,0,54,0,0
G1_D1,756,0,31,0,0
G1_D1,1015,0,88,0,0
B4_D1,127,0,4,0,0
B10_D1,741,0,32,0,0
B6_D1,810,0,494,0,0
B6_D1,534,0,502,0,0
G1_D1,870,0,303,0,0
B10_D1,164,0,276,0,0
B10_D1,574,0,137,0,0
B6_D1,56,0,158,0,0
G1_D1,285,0,269,0,0
B10_D1,799,0,388,0,0
B10_D1,224,0,313,0,0
G1_D1,272,0,488,0,0
B6_D1,505,0,229,0,0
B6_D1,541,0,324,0,0
G1_D1,1022,0,224,0,0
B6_D1,592,0,282,0,0
B10_D1,303,0,247,0,0
G1_D1,735,0,463,0,0
B10_D1,629,0,475,0,0
B10_D1,274,0,243,0,0
B10_D1,904,0,395,0,0
B2_D1,977,0,70,0,0
B10_D1,938,0,459,0,0
B10_D1,787,0,15,0,0
B4_D1,506,0,252,0,0
B10_D1,472,0,69,0,0
B6_D1,172,0,34,0,0
B10_D1,368,0,136,0,0
B6_D1,948,0,426,0,0
B10_D1,805,0,385,0,0
B6_D1,921,0,217,0,0
B6_D1,70,0,511,0,0
B6_D1,411,0,477,0,0
B6_D1,704,0,24,0,0
B6_D1,852,0,47,0,0
G1_D1,1014,0,188,0,0
B6_D1,968,0,33,0,0
B6_D1,180,0,5,0,0
B6_D1,824,0,42,0,0
B6_D1,779,0,98,0,0
B6_D1,228,0,41,0,0
B10_D1,373,0,66,0,0
B10_D1,905,0,309,0,0
B2_D1,1,0,276,0,0
B6_D1,51,0,428,0,0
B8_D1,126,0,332,0,0
B10_D1,568,0,307,0,0
G1_D1,661,0,134,0,0
B10_D1,351,0,510,0,0
B6_D1,803,0,202,0,0
B6_D1,380,0,333,0,0
B6_D1,708,0,40,0,0
B10_D1,408,0,107,0,0
G1_D1,173,0,64,0,0
G1_D1,1007,0,238,0,0
B2_D1,306,0,122,0,0
B10_D1,183,0,224,0,0
B10_D1,751,0,89,0,0
B10_D1,935,0,292,0,0
B10_D1,4,0,133,0,0
G1_D1,893,0,43,0,0
B6_D1,882,0,324,0,0
G1_D1,9,0,144,0,0
B6_D1,888,0,181,0,0
B6_D1,791,0,241,0,0
B4_D1,3,0,431,0,0
B10_D1,160,0,437,0,0
G1_D1,0,0,503,0,0
B10_D1,518,0,333,0,0
B10_D1,116,0,291,0,0
B4_D1,908,0,121,0,0
B10_D1,476,0,62,0,0
G1_D1,382,0,5,0,0
B6_D1,376,0,15,0,0
G1_D1,520,0,3,0,0
B6_D1,553,0,396,0,0
B10_D1,69,0,43,0,0
B6_D1,703,0,197,0,0
G1_D1,1012,0,111,0,0
B10_D1,917,0,6,0,0
G1_D1,845,0,238,0,0
B4_D1,63,0,28,0,0
B4_D1,712,0,35,0,0
G1_D1,701,0,463,0,0
B10_D1,49,0,328,0,0
B6_D1,667,0,224,0,0
B10_D1,24,0,89,0,0
B10_D1,136,0,283,0,0
B10_D1,722,0,67,0,0
B6_D1,240,0,46,0,0
G1_D1,534,0,115,0,0
B6_D1,256,0,52,0,0
G1_D1,703,0,195,0,0
B6_D1,799,0,109,0,0
B10_D1,340,0,98,0,0
B10_D1,46,0,36,0,0
B10_D1,992,0,212,0,0
B6_D1,742,0,486,0,0
G1_D1,820,0,424,0,0
B10_D1,784,0,169,0,0
B6_D1,50,0,83,0,0
G1_D1,99,0,359,0,0
B6_D1,152,0,8,0,0
G1_D1,972,0,3,0,0
B4_D1,703,0,44,0,0
B6_D1,602,0,273,0,0
B8_D1,810,0,233,0,0
B10_D1,341,0,76,0,0
G1_D1,189,0,19,0,0
B10_D1,279,0,175,0,0
B10_D1,320,0,237,0,0
B6_D1,951,0,62,0,0
B10_D1,376,0,253,0,0
B10_D1,543,0,0,0,0
B10_D1,264,0,246,0,0
B6_D1,512,0,256,0,0
B10_D1,768,0,235,0,0
B10_D1,656,0,81,0,0
B6_D1,284,0,7,0,0
B10_D1,10,0,107,0,0
B10_D1,189,0,275,0,0
G1_D1,728,0,11,0,0
B10_D1,474,0,474,0,0
B6_D1,187,0,477,0,0
B6_D1,189,0,451,0,0
B10_D1,258,0,287,0,0
B4_D1,243,0,277,0,0
G1_D1,159,0,376,0,0
B10_D1,769,0,49,0,0
B6_D1,638,0,486,0,0
G1_D1,99,0,360,0,0
B10_D1,103,0,464,0,0
B8_D1,90,0,143,0,0
B6_D1,254,0,309,0,0
B6_D1,812,0,100,0,0
B10_D1,887,0,240,0,0
B8_D1,8,0,258,0,0
B6_D1,844,0,137,0,0
B6_D1,886,0,92,0,0
B10_D1,640,0,378,0,0
B10_D1,731,0,417,0,0
B6_D1,277,0,375,0,0
B6_D1,20,0,26,0,0
B10_D1,187,0,73,0,0
G1_D1,573,0,157,0,0
B10_D1,975,0,501,0,0
G1_D1,832,0,133,0,0
B10_D1,942,0,92,0,0
B10_D1,97,0,316,0,0
G1_D1,676,0,135,0,0
B4_D1,621,0,153,0,0
G1_D1,1022,0,245,0,0
B6_D1,142,0,182,0,0
B6_D1,42,0,49,0,0
B10_D1,274,0,120,0,0
B2_D1,831,0,183,0,0
B4_D1,201,0,206,0,0
B10_D1,919,0,329,0,0
B6_D1,411,0,355,0,0
B6_D1,439,0,388,0,0
B10_D1,873,0,28,0,0
G1_D1,62,0,13,0,0
B6_D1,192,0,36,0,0
B6_D1,435,0,100,0,0
G1_D1,720,0,360,0,0
G1_D1,421,0,124,0,0
B6_D1,856,0,264,0,0
B10_D1,386,0,84,0,0
G1_D1,176,0,241,0,0
G1_D1,549,0,31,0,0
B2_D1,510,0,220,0,0
B4_D1,196,0,27,0,0
B6_D1,162,0,169,0,0
B4_D1,254,0,17,0,0
G1_D1,204,0,409,0,0
B10_D1,679,0,39,0,0
B6_D1,41,0,64,0,0
B6_D1,677,0,418,0,0
B10_D1,742,0,95,0,0
G1_D1,276,0,490,0,0
G1_D1,944,0,1,0,0
G1_D1,211,0,34,0,0
B10_D1,123,0,64,0,0
G1_D1,747,0,199,0,0
B6_D1,703,0,303,0,0
B4_D1,980,0,43,0,0
G1_D1,21,0,155,0,0
G1_D1,250,0,23,0,0
B6_D1,214,0,365,0,0
B10_D1,665,0,315,0,0
B6_D1,895,0,167,0,0
B4_D1,582,0,171,0,0
B10_D1,772,0,166,0,0
B2_D1,198,0,55,0,0
B10_D1,629,0,281,0,0
B10_D1,4,0,293,0,0
B6_D1,788,0,154,0,0
B10_D1,637,0,67,0,0
B6_D1,258,0,332,0,0
B10_D1,120,0,144,0,0
B6_D1,751,0,269,0,0
B4_D1,67,0,302,0,0
B10_D1,589,0,1,0,0
B10_D1,712,0,472,0,0
G1_D1,55,0,76,0,0
G1_D1,882,0,73,0,0
B4_D1,527,0,281,0,0
B6_D1,943,0,397,0,0
B6_D1,250,0,510,0,0
B10_D1,351,0,201,0,0
B2_D1,670,0,144,0,0
B6_D1,788,0,31,0,0
B6_D1,96,0,11,0,0
B10_D1,180,0,217,0,0
B6_D1,649,0,480,0,0
B6_D1,882,0,92,0,0
B10_D1,662,0,74,0,0
B2_D1,251,0,45,0,0
G1_D1,342,0,18,0,0
G1_D1,655,0,24,0,0
G1_D1,12,0,345,0,0
B4_D1,828,0,86,0,0
G1_D1,392,0,92,0,0
B10_D1,783,0,96,0,0
B6_D1,388,0,386,0,0
B2_D1,1,0,500,0,0
B2_D1,845,0,101,0,0
B6_D1,270,0,482,0,0
B2_D1,863,0,376,0,0
B10_D1,1020,0,81,0,0
B10_D1,472,0,82,0,0
G1_D1,1023,0,85,0,0
B6_D1,823,0,66,0,0
B6_D1,248,0,27,0,0
B6_D1,752,0,385,0,0
B10_D1,427,0,330,0,0
B10_D1,990,0,266,0,0
B6_D1,827,0,143,0,0
G1_D1,695,0,309,0,0
B4_D1,293,0,270,0,0
B10_D1,53,0,111,0,0
B6_D1,276,0,397,0,0
G1_D1,72,0,100,0,0
G1_D1,674,0,510,0,0
B10_D1,786,0,414,0,0
B2_D1,422,0,44,0,0
B6_D1,130,0,490,0,0
G1_D1,719,0,10,0,0
B10_D1,868,0,66,0,0
B10_D1,314,0,335,0,0
G1_D1,38,0,5,0,0
B10_D1,666,0,386,0,0
B10_D1,152,0,376,0,0
B6_D1,978,0,223,0,0
B10_D1,678,0,36,0,0
B4_D1,41,0,167,0,0
B6_D1,977,0,81,0,0
B10_D1,199,0,72,0,0
G1_D1,795,0,2,0,0
B10_D1,597,0,129,0,0
G1_D1,40,0,98,0,0
B6_D1,848,0,224,0,0
B2_D1,685,0,284,0,0
B10_D1,510,0,291,0,0
B6_D1,875,0,363,0,0
B6_D1,249,0,120,0,0
B6_D1,484,0,408,0,0
G1_D1,967,0,310,0,0
B6_D1,488,0,38,0,0
B10_D1,835,0,182,0,0
G1_D1,615,0,474,0,0
B2_D1,150,0,137,0,0
B10_D1,382,0,82,0,0
B6_D1,147,0,118,0,0
G1_D1,641,0,4,0,0
B6_D1,163,0,322,0,0
G1_D1,73,0,133,0,0
B4_D1,561,0,395,0,0
B10_D1,961,0,113,0,0
B6_D1,659,0,412,0,0
G1_D1,1017,0,252,0,0
B10_D1,600,0,230,0,0
B10_D1,747,0,460,0,0
B10_D1,911,0,98,0,0
B4_D1,35,0,10,0,0
B6_D1,60,0,16,0,0
G1_D1,162,0,217,0,0
B6_D1,110,0,486,0,0
B6_D1,401,0,273,0,0
B6_D1,764,0,159,0,0
G1_D1,268,0,3,0,0
G1_D1,582,0,230,0,0
B10_D1,558,0,508,0,0
B10_D1,677,0,255,0,0
G1_D1,933,0,279,0,0
B6_D1,539,0,479,0,0
B2_D1,375,0,204,0,0
B6_D1,668,0,48,0,0
B6_D1,271,0,360,0,0
G1_D1,82,0,367,0,0
B10_D1,622,0,474,0,0
B6_D1,372,0,46,0,0
B4_D1,96,0,5,0,0
G1_D1,813,0,260,0,0
B10_D1,569,0,152,0,0
G1_D1,36,0,227,0,0
B10_D1,590,0,415,0,0
B10_D1,881,0,293,0,0
B10_D1,309,0,418,0,0
B6_D1,73,0,481,0,0
B10_D1,769,0,372,0,0
B10_D1,935,0,92,0,0
B10_D1,797,0,26,0,0
G1_D1,341,0,479,0,0
B6_D1,482,0,478,0,0
B6_D1,754,0,274,0,0
B10_D1,541,0,1,0,0
G1_D1,77,0,96,0,0
B6_D1,540,0,437,0,0
B6_D1,696,0,0,0,0
B6_D1,437,0,50,0,0
G1_D1,276,0,181,0,0
B10_D1,615,0,295,0,0
B4_D1,674,0,200,0,0
B10_D1,313,0,69,0,0
G1_D1,280,0,488,0,0
B10_D1,1004,0,212,0,0
G1_D1,293,0,122,0,0
B6_D1,578,0,393,0,0
B6_D1,940,0,46,0,0
B10_D1,515,0,188,0,0
B6_D1,732,0,256,0,0
B6_D1,613,0,185,0,0
B10_D1,318,0,96,0,0
B2_D1,713,0,64,0,0
G1_D1,609,0,89,0,0
B6_D1,522,0,505,0,0
B10_D1,82,0,173,0,0
B6_D1,688,0,16,0,0
B10_D1,510,0,287,0,0
G1_D1,1003,0,246,0,0
B6_D1,620,0,22,0,0
G1_D1,670,0,9,0,0
B6_D1,246,0,505,0,0
B4_D1,104,0,86,0,0
G1_D1,23,0,228,0,0
B6_D1,977,0,76,0,0
G1_D1,1021,0,8,0,0
B6_D1,624,0,357,0,0
G1_D1,164,0,261,0,0
B6_D1,1006,0,486,0,0
B10_D1,300,0,331,0,0
B10_D1,42,0,61,0,0
G1_D1,696,0,0,0,0
B10_D1,347,0,164,0,0
B4_D1,338,0,343,0,0
B6_D1,771,0,199,0,0
G1_D1,935,0,387,0,0
B4_D1,296,0,61,0,0
B8_D1,12,0,317,0,0
G1_D1,238,0,158,0,0
B10_D1,205,0,274,0,0
G1_D1,306,0,18,0,0
B2_D1,406,0,487,0,0
G1_D1,691,0,2,0,0
B6_D1,220,0,8,0,0
B10_D1,277,0,204,0,0
B6_D1,224,0,110,0,0
G1_D1,308,0,287,0,0
G1_D1,108,0,283,0,0
B6_D1,276,0,37,0,0
B6_D1,949,0,55,0,0
B2_D1,817,0,364,0,0
B10_D1,446,0,338,0,0
B6_D1,435,0,481,0,0
B4_D1,63,0,305,0,0
G1_D1,580,0,7,0,0
B10_D1,318,0,172,0,0
B10_D1,244,0,395,0,0
G1_D1,45,0,287,0,0
B6_D1,497,0,366,0,0
B10_D1,581,0,413,0,0
B6_D1,988,0,6,0,0
B10_D1,158,0,85,0,0
B10_D1,133,0,108,0,0
G1_D1,65,0,12,0,0
B6_D1,482,0,501,0,0
B6_D1,412,0,0,0,0
B6_D1,482,0,278,0,0
B10_D1,140,0,455,0,0
B10_D1,256,0,241,0,0
B6_D1,657,0,212,0,0
B6_D1,924,0,275,0,0
B2_D1,773,0,80,0,0
B6_D1,340,0,70,0,0
B6_D1,931,0,442,0,0
B4_D1,514,0,374,0,0
B10_D1,190,0,507,0,0
B6_D1,90,0,463,0,0
B4_D1,643,0,291,0,0
B4_D1,593,0,55,0,0
G1_D1,118,0,18,0,0
B6_D1,36,0,30,0,0
B4_D1,529,0,211,0,0
B6_D1,74,0,448,0,0
B10_D1,172,0,437,0,0
B6_D1,535,0,207,0,0
B6_D1,989,0,113,0,0
B4_D1,255,0,18,0,0
B10_D1,703,0,39,0,0
G1_D1,640,0,469,0,0
G1_D1,207,0,114,0,0
B6_D1,58,0,491,0,0
G1_D1,716,0,7,0,0
B10_D1,975,0,49,0,0
B4_D1,182,0,118,0,0
B10_D1,868,0,498,0,0
G1_D1,13,0,356,0,0
G1_D1,883,0,15,0,0
B4_D1,209,0,206,0,0
G1_D1,863,0,270,0,0
B6_D1,3,0,474,0,0
B6_D1,678,0,267,0,0
B6_D1,168,0,30,0,0
B6_D1,182,0,308,0,0
B6_D1,16,0,166,0,0
B4_D1,673,0,32,0,0
B10_D1,452,0,67,0,0
B6_D1,635,0,369,0,0
B10_D1,564,0,80,0,0
B6_D1,348,0,215,0,0
B10_D1,602,0,85,0,0
B6_D1,546,0,353,0,0
B6_D1,620,0,38,0,0
B6_D1,545,0,480,0,0
B4_D1,813,0,111,0,0
B10_D1,502,0,282,0,0
B4_D1,435,0,420,0,0
B6_D1,409,0,50,0,0
G1_D1,205,0,8,0,0
B10_D1,39,0,255,0,0
B10_D1,837,0,32,0,0
B4_D1,833,0,206,0,0
B10_D1,219,0,428,0,0
B10_D1,274,0,159,0,0
B2_D1,991,0,103,0,0
B10_D1,480,0,5,0,0
G1_D1,776,0,24,0,0
B10_D1,301,0,254,0,0
G1_D1,699,0,381,0,0
B4_D1,266,0,302,0,0
G1_D1,1009,0,151,0,0
G1_D1,108,0,116,0,0
B10_D1,275,0,174,0,0
B4_D1,752,0,288,0,0
B6_D1,372,0,28,0,0
B2_D1,379,0,46,0,0
B10_D1,614,0,474,0,0
B10_D1,258,0,308,0,0
B4_D1,74,0,0,0,0
B6_D1,647,0,285,0,0
B8_D1,767,0,314,0,0
B10_D1,800,0,59,0,0
B10_D1,440,0,309,0,0
B4_D1,867,0,14,0,0
B2_D1,822,0,511,0,0
B6_D1,973,0,363,0,0
G1_D1,497,0,21,0,0
B2_D1,552,0,154,0,0
B10_D1,783,0,408,0,0
B6_D1,728,0,12,0,0
B10_D1,519,0,100,0,0
B10_D1,402,0,493,0,0
B4_D1,72,0,319,0,0
G1_D1,470,0,48,0,0
B4_D1,821,0,60,0,0
B4_D1,224,0,174,0,0
B4_D1,920,0,237,0,0
B6_D1,580,0,48,0,0
B10_D1,382,0,193,0,0
B6_D1,325,0,188,0,0
B10_D1,511,0,334,0,0
B6_D1,707,0,400,0,0
B6_D1,618,0,50,0,0
B6_D1,492,0,39,0,0
G1_D1,190,0,258,0,0
B8_D1,343,0,187,0,0
B10_D1,371,0,490,0,0
G1_D1,984,0,271,0,0
G1_D1,66,0,269,0,0
G1_D1,96,0,85,0,0
B4_D1,155,0,7,0,0
B6_D1,660,0,331,0,0
B6_D1,879,0,147,0,0
B10_D1,124,0,207,0,0
B10_D1,430,0,99,0,0
B10_D1,716,0,404,0,0
B10_D1,276,0,257,0,0
B10_D1,127,0,224,0,0
G1_D1,159,0,384,0,0
B6_D1,857,0,271,0,0
B6_D1,549,0,352,0,0
B4_D1,7,0,412,0,0
B2_D1,82,0,65,0,0
B4_D1,148,0,193,0,0
B10_D1,587,0,319,0,0
B10_D1,56,0,125,0,0
B6_D1,894,0,130,0,0
G1_D1,143,0,2,0,0
G1_D1,660,0,97,0,0
B10_D1,74,0,94,0,0
B4_D1,515,0,281,0,0
B6_D1,538,0,409,0,0
B10_D1,694,0,187,0,0
B10_D1,157,0,280,0,0
B6_D1,344,0,38,0,0
B6_D1,42,0,499,0,0
G1_D1,33,0,325,0,0
B10_D1,727,0,104,0,0
B10_D1,234,0,341,0,0
B6_D1,229,0,149,0,0
B6_D1,791,0,248,0,0
B10_D1,40,0,5,0,0
B6_D1,412,0,12,0,0
B10_D1,459,0,274,0,0
B6_D1,640,0,422,0,0
B4_D1,86,0,278,0,0
B10_D1,357,0,1,0,0
B2_D1,0,0,172,0,0
B10_D1,609,0,255,0,0
B6_D1,986,0,418,0,0
B6_D1,707,0,201,0,0
B10_D1,366,0,96,0,0
G1_D1,243,0,162,0,0
G1_D1,455,0,6,0,0
B10_D1,583,0,210,0,0
B10_D1,160,0,4,0,0
B10_D1,438,0,109,0,0
G1_D1,488,0,482,0,0
G1_D1,87,0,14,0,0
G1_D1,155,0,14,0,0
B2_D1,756,0,285,0,0
G1_D1,628,0,29,0,0
B6_D1,969,0,239,0,0
B10_D1,43,0,69,0,0
B10_D1,54,0,169,0,0
G1_D1,786,0,91,0,0
B10_D1,448,0,285,0,0
B6_D1,104,0,23,0,0
B4_D1,949,0,273,0,0
B6_D1,204,0,46,0,0
B10_D1,569,0,207,0,0
G1_D1,1012,0,284,0,0
B6_D1,948,0,18,0,0
B6_D1,939,0,167,0,1
G1_D1,263,0,77,0,0
B10_D1,425,0,352,0,0
B6_D1,240,0,33,0,0
B2_D1,886,0,117,0,0
B6_D1,152,0,220,0,0
G1_D1,473,0,123,0,0
B6_D1,606,0,483,0,0
B6_D1,159,0,446,0,0
B8_D1,86,0,113,0,0
B4_D1,860,0,235,0,0
G1_D1,253,0,179,0,0
B6_D1,296,0,11,0,0
B10_D1,399,0,407,0,0
B2_D1,338,0,201,0,0
B6_D1,223,0,338,0,0
B6_D1,68,0,210,0,0
B10_D1,431,0,485,0,0
G1_D1,24,0,303,0,0
B6_D1,833,0,123,0,0
B6_D1,656,0,6,0,0
B10_D1,630,0,261,0,0
B6_D1,906,0,437,0,0
B10_D1,156,0,285,0,0
B6_D1,666,0,492,0,0
B10_D1,625,0,200,0,0
B6_D1,679,0,227,0,0
B10_D1,842,0,323,0,0
B2_D1,735,0,45,0,0
B10_D1,325,0,1,0,0
G1_D1,190,0,508,0,0
G1_D1,861,0,231,0,0
B10_D1,722,0,116,0,0
B10_D1,617,0,129,0,0
B2_D1,811,0,11,0,0
B10_D1,373,0,255,0,0
B6_D1,548,0,36,0,0
B10_D1,611,0,411,0,0
B10_D1,142,0,294,0,0
B6_D1,214,0,503,0,0
B10_D1,84,0,310,0,0
G1_D1,558,0,21,0,0
B10_D1,67,0,312,0,0
B6_D1,542,0,495,0,0
B6_D1,136,0,41,0,0
G1_D1,481,0,51,0,0
B6_D1,466,0,56,0,0
B10_D1,393,0,227,0,0
B6_D1,790,0,272,0,0
B6_D1,500,0,292,0,0
B10_D1,996,0,291,0,0
B6_D1,837,0,215,0,0
B6_D1,358,0,192,0,0
B2_D1,3,0,48,0,0
B6_D1,308,0,152,0,0
B4_D1,160,0,19,0,0
B4_D1,617,0,349,0,0
B6_D1,931,0,262,0,0
B2_D1,794,0,361,0,0
B6_D1,893,0,322,0,0
B10_D1,474,0,311,0,0
B10_D1,76,0,213,0,0
B2_D1,897,0,259,0,0
G1_D1,467,0,36,0,0
B6_D1,804,0,212,0,0
B10_D1,818,0,308,0,0
G1_D1,79,0,47,0,0
B4_D1,82,0,129,0,0
B10_D1,718,0,116,0,0
B6_D1,66,0,495,0,0
B10_D1,488,0,122,0,0
B4_D1,527,0,268,0,0
B10_D1,159,0,440,0,0
B10_D1,132,0,260,0,0
B10_D1,271,0,267,0,0
B4_D1,65,0,21,0,0
B10_D1,107,0,489,0,0
B6_D1,324,0,31,0,0
G1_D1,412,0,87,0,0
B6_D1,922,0,511,0,0
G1_D1,33,0,125,0,0
B10_D1,484,0,117,0,0
B10_D1,142,0,508,0,0
G1_D1,197,0,342,0,0
B6_D1,386,0,503,0,0
B6_D1,406,0,163,0,0
B6_D1,524,0,31,0,0
B6_D1,320,0,168,0,0
B10_D1,404,0,498,0,0
B10_D1,101,0,478,0,0
B10_D1,656,0,76,0,0
B6_D1,443,0,458,0,0
B10_D1,708,0,450,0,0
B10_D1,881,0,211,0,0
B6_D1,316,0,221,0,0
B10_D1,874,0,465,0,0
B2_D1,737,0,223,0,0
B6_D1,22,0,484,0,0
G1_D1,419,0,229,0,0
G1_D1,742,0,116,0,0
B6_D1,64,0,22,0,0
B10_D1,305,0,251,0,0
G1_D1,396,0,294,0,0
B6_D1,624,0,7,0,0
B6_D1,431,0,331,0,0
B2_D1,802,0,444,0,0
B6_D1,1000,0,420,0,0
B6_D1,242,0,129,0,0
B6_D1,111,0,199,0,0
B10_D1,120,0,167,0,0
B10_D1,281,0,414,0,0
B4_D1,925,0,100,0,0
B6_D1,268,0,17,0,0
B6_D1,717,0,429,0,0
G1_D1,286,0,22,0,0
B6_D1,241,0,81,0,0
G1_D1,124,0,26,0,0
B6_D1,54,0,112,0,0
B4_D1,631,0,50,0,0
B6_D1,588,0,12,0,0
B6_D1,402,0,100,0,0
B10_D1,214,0,364,0,0
B6_D1,701,0,442,0,0
B6_D1,660,0,422,0,0
B6_D1,386,0,293,0,0
G1_D1,380,0,57,0,0
B10_D1,810,0,326,0,0
B6_D1,14,0,489,0,0
B10_D1,702,0,448,0,0
B10_D1,164,0,55,0,0
B10_D1,971,0,35,0,0
B4_D1,732,0,35,0,0
B6_D1,454,0,266,0,0
G1_D1,302,0,141,0,0
B6_D1,400,0,9,0,0
B4_D1,911,0,14,0,0
B10_D1,260,0,141,0,0
B6_D1,697,0,395,0,0
B6_D1,884,0,182,0,0
B10_D1,229,0,137,0,0
B8_D1,744,0,202,0,0
B10_D1,676,0,387,0,0
B2_D1,134,0,206,0,0
B10_D1,700,0,284,0,0
B6_D1,28,0,11,0,0
B6_D1,4,0,24,0,0
B10_D1,894,0,473,0,0
B6_D1,957,0,253,0,0
B6_D1,331,0,384,0,0
B6_D1,712,0,20,0,0
B6_D1,568,0,466,0,0
B10_D1,804,0,418,0,0
B2_D1,730,0,83,0,0
B10_D1,206,0,70,0,0
B2_D1,847,0,76,0,0
B6_D1,303,0,479,0,0
G1_D1,576,0,84,0,0
G1_D1,643,0,475,0,0
B6_D1,514,0,496,0,0
G1_D1,274,0,23,0,0
B10_D1,201,0,273,0,0
G1_D1,191,0,6,0,0
B6_D1,948,0,187,0,0
G1_D1,865,0,75,0,0
B10_D1,844,0,34,0,0
B10_D1,453,0,280,0,0
B6_D1,942,0,506,0,0
B6_D1,211,0,70,0,0
B2_D1,919,0,68,0,0
B6_D1,56,0,431,0,0
B6_D1,636,0,113,0,0
G1_D1,111,0,10,0,0
B2_D1,584,0,43,0,0
B6_D1,357,0,246,0,0
G1_D1,17,0,57,0,0
B6_D1,638,0,489,0,0
B6_D1,736,0,349,0,0
B6_D1,1014,0,432,0,0
B6_D1,144,0,32,0,0
B6_D1,461,0,50,0,0
B10_D1,526,0,242,0,0
B6_D1,996,0,19,0,0
B6_D1,358,0,507,0,0
B2_D1,937,0,55,0,0
B4_D1,515,0,221,0,0
B10_D1,786,0,112,0,0
B2_D1,489,0,217,0,0
B10_D1,35,0,25,0,0
B6_D1,643,0,481,0,0
B6_D1,106,0,490,0,0
B10_D1,861,0,290,0,0
B6_D1,14,0,402,0,0
B2_D1,556,0,288,0,0
B6_D1,131,0,480,0,0
B6_D1,883,0,134,0,0
B10_D1,256,0,45,0,0
B6_D1,940,0,117,0,0
B10_D1,710,0,250,0,0
B6_D1,33,0,322,0,0
G1_D1,975,0,60,0,0
B4_D1,4,0,38,0,0
B10_D1,409,0,66,0,0
B10_D1,862,0,34,0,0
B4_D1,29,0,271,0,0
B10_D1,475,0,476,0,0
B2_D1,627,0,53,0,0
B10_D1,127,0,120,0,0
B6_D1,631,0,428,0,0
B6_D1,43,0,408,0,0
B6_D1,447,0,459,0,0
B6_D1,324,0,43,0,0
B10_D1,329,0,16,0,0
B10_D1,216,0,64,0,0
B6_D1,226,0,508,0,0
B8_D1,79,0,145,0,0
B6_D1,696,0,38,0,0
B6_D1,256,0,183,0,0
B10_D1,405,0,101,0,0
B6_D1,83,0,201,0,0
B6_D1,196,0,2,0,0
B10_D1,1014,0,32,0,0
G1_D1,483,0,6,0,0
G1_D1,1018,0,217,0,0
B4_D1,505,0,65,0,0
B6_D1,302,0,478,0,0
B4_D1,869,0,37,0,0
B6_D1,716,0,349,0,0
G1_D1,971,0,25,0,0
B2_D1,205,0,214,0,0
G1_D1,1020,0,397,0,0
B10_D1,60,0,176,0,0
B6_D1,150,0,503,0,0
B6_D1,691,0,479,0,0
B2_D1,67,0,0,0,0
B6_D1,616,0,36,0,0
B6_D1,32,0,41,0,0
B6_D1,614,0,492,0,0
B6_D1,710,0,483,0,0
B6_D1,160,0,41,0,0
B6_D1,384,0,334,0,0
G1_D1,781,0,247,0,0
B10_D1,1,0,208,0,0
B6_D1,130,0,148,0,0
G1_D1,813,0,110,0,0
G1_D1,374,0,106,0,0
B10_D1,879,0,475,0,0
G1_D1,39,0,79,0,0
B6_D1,382,0,497,0,0
B10_D1,403,0,411,0,0
B10_D1,49,0,153,0,0
B6_D1,484,0,229,0,0
B6_D1,607,0,265,0,0
B2_D1,761,0,467,0,0
B8_D1,212,0,347,0,0
B10_D1,651,0,111,0,0
B2_D1,200,0,303,0,0
B6_D1,148,0,294,0,0
G1_D1,203,0,126,0,0
B10_D1,359,0,12,0,0
G1_D1,665,0,246,0,0
B4_D1,337,0,302,0,0
B10_D1,552,0,164,0,0
B10_D1,32,0,116,0,0
B10_D1,264,0,163,0,0
B10_D1,20,0,267,0,0
B10_D1,836,0,406,0,0
G1_D1,883,0,35,0,0
B6_D1,397,0,219,0,0
G1_D1,926,0,27,0,0
B10_D1,335,0,276,0,0
G1_D1,71,0,307,0,0
B6_D1,898,0,483,0,0
G1_D1,482,0,9,0,0
B6_D1,918,0,367,0,0
B10_D1,256,0,346,0,0
B8_D1,89,0,153,0,0
B10_D1,857,0,288,0,0
B2_D1,293,0,183,0,0
B6_D1,298,0,420,0,0
B6_D1,129,0,135,0,0
B10_D1,1007,0,63,0,0
B10_D1,931,0,454,0,0
G1_D1,988,0,156,0,0
B6_D1,68,0,47,0,0
B10_D1,706,0,445,0,0
B6_D1,237,0,156,0,0
G1_D1,915,0,299,0,0
B10_D1,15,0,111,0,0
B6_D1,805,0,141,0,0
G1_D1,394,0,158,0,0
B6_D1,289,0,71,0,0
B10_D1,372,0,29,0,0
B6_D1,281,0,279,0,0
B2_D1,898,0,40,0,0
G1_D1,291,0,237,0,0
B6_D1,44,0,425,0,0
G1_D1,68,0,48,0,0
B10_D1,824,0,22,0,0
B2_D1,477,0,157,0,0
G1_D1,12,0,361,0,0
B2_D1,944,0,45,0,0
B10_D1,350,0,486,0,0
B10_D1,37,0,104,0,0
B4_D1,385,0,294,0,0
B10_D1,239,0,305,0,0
B6_D1,761,0,257,0,0
B8_D1,730,0,312,0,0
B10_D1,428,0,341,0,0
B6_D1,956,0,42,0,0
B6_D1,456,0,240,0,0
B6_D1,591,0,180,0,0
B10_D1,1014,0,189,0,0
B8_D1,210,0,56,0,0
B10_D1,414,0,69,0,0
B6_D1,853,0,171,0,0
G1_D1,295,0,410,0,0
B6_D1,280,0,269,0,0
B6_D1,788,0,219,0,0
G1_D1,860,0,0,0,0
G1_D1,453,0,114,0,0
B10_D1,252,0,258,0,0
B2_D1,546,0,121,0,0
G1_D1,184,0,58,0,0
B6_D1,172,0,149,0,0
B10_D1,442,0,492,0,0
B2_D1,136,0,125,0,0
B10_D1,112,0,370,0,0
B10_D1,120,0,435,0,0
B6_D1,747,0,199,0,0
B6_D1,858,0,57,0,0
G1_D1,68,0,0,0,0
G1_D1,280,0,11,0,0
G1_D1,967,0,326,0,0
B10_D1,18,0,169,0,0
B6_D1,1020,0,12,0,0
B10_D1,48,0,120,0,0
B8_D1,34,0,196,0,0
B10_D1,108,0,297,0,0
B6_D1,215,0,184,0,0
B10_D1,677,0,174,0,0
B4_D1,6,0,158,0,0
B10_D1,1013,0,68,0,0
G1_D1,854,0,233,0,0
B6_D1,264,0,150,0,0
B6_D1,988,0,36,0,0
G1_D1,384,0,1,0,0
B10_D1,329,0,314,0,0
G1_D1,323,0,354,0,0
B6_D1,807,0,140,0,0
B6_D1,473,0,390,0,0
B10_D1,873,0,4,0,0
B10_D1,173,0,151,0,0
B10_D1,669,0,262,0,0
B10_D1,818,0,88,0,0
B6_D1,780,0,334,0,0
B10_D1,303,0,133,0,0
G1_D1,959,0,255,0,0
B10_D1,289,0,98,0,0
B6_D1,92,0,303,0,0
B4_D1,7,0,71,0,0
G1_D1,247,0,77,0,0
B6_D1,523,0,262,0,0
B10_D1,491,0,69,0,0
B6_D1,792,0,47,0,0
G1_D1,674,0,121,0,0
B10_D1,123,0,341,0,0
G1_D1,1008,0,20,0,0
B6_D1,255,0,380,0,0
B6_D1,229,0,343,0,0
B2_D1,149,0,136,0,0
B10_D1,404,0,235,0,0
B6_D1,128,0,0,0,0
G1_D1,944,0,294,0,0
B6_D1,234,0,487,0,0
B6_D1,1003,0,335,0,0
G1_D1,975,0,39,0,0
B10_D1,392,0,6,0,0
B6_D1,916,0,57,0,0
B2_D1,946,0,2,0,0
B6_D1,505,0,299,0,0
B6_D1,825,0,58,0,0
B6_D1,590,0,350,0,0
B10_D1,891,0,87,0,0
B6_D1,730,0,497,0,0
B10_D1,396,0,119,0,0
B6_D1,708,0,310,0,0
G1_D1,394,0,13,0,0
B10_D1,683,0,65,0,0
G1_D1,863,0,2,0,0
B6_D1,765,0,469,0,0
G1_D1,188,0,48,0,0
B4_D1,673,0,56,0,0
B10_D1,520,0,217,0,0
B6_D1,799,0,66,0,0
G1_D1,193,0,185,0,0
G1_D1,1007,0,79,0,0
B6_D1,244,0,183,0,0
B6_D1,974,0,223,0,0
B6_D1,285,0,319,0,0
G1_D1,155,0,290,0,0
B10_D1,275,0,49,0,0
B4_D1,421,0,188,0,0
G1_D1,433,0,32,0,0
B10_D1,0,0,293,0,0
B6_D1,300,0,18,0,0
B10_D1,347,0,0,0,0
B10_D1,116,0,265,0,0
B2_D1,908,0,10,0,0
B10_D1,196,0,452,0,0
B4_D1,499,0,430,0,0
B10_D1,733,0,271,0,0
B10_D1,378,0,338,0,0
G1_D1,210,0,129,0,0
B10_D1,529,0,479,0,0
G1_D1,54,0,259,0,0
G1_D1,81,0,50,0,0
G1_D1,708,0,200,0,0
B10_D1,585,0,218,0,0
G1_D1,83,0,275,0,0
B6_D1,960,0,8,0,0
B6_D1,163,0,88,0,0
G1_D1,598,0,192,0,0
B2_D1,707,0,360,0,0
B10_D1,862,0,78,0,0
B4_D1,1021,0,297,0,0
B4_D1,1022,0,171,0,0
B6_D1,594,0,488,0,0
B2_D1,530,0,511,0,0
B6_D1,603,0,170,0,0
B6_D1,414,0,488,0,0
B10_D1,787,0,89,0,0
B6_D1,204,0,34,0,0
B6_D1,773,0,245,0,0
B10_D1,782,0,23,0,0
B6_D1,405,0,350,0,0
B6_D1,760,0,49,0,0
B6_D1,706,0,160,0,0
B10_D1,450,0,162,0,0
B6_D1,638,0,380,0,0
B6_D1,552,0,44,0,0
B6_D1,137,0,476,0,0
G1_D1,39,0,68,0,0
B6_D1,80,0,15,0,0
B6_D1,272,0,49,0,0
B10_D1,57,0,151,0,0
B10_D1,799,0,408,0,0
B6_D1,300,0,16,0,0
B6_D1,331,0,195,0,0
B6_D1,636,0,10,0,0
B10_D1,345,0,413,0,0
B6_D1,757,0,337,0,0
B6_D1,598,0,318,0,0
B4_D1,811,0,50,0,0
B6_D1,532,0,35,0,0
B10_D1,864,0,212,0,0
B6_D1,376,0,30,0,0
B6_D1,968,0,249,0,0
B6_D1,516,0,10,0,0
G1_D1,706,0,82,0,0
B6_D1,324,0,37,0,0
B4_D1,983,0,14,0,0
B10_D1,336,0,201,0,0
B6_D1,751,0,329,0,0
B6_D1,137,0,283,0,0
B10_D1,99,0,185,0,0
G1_D1,395,0,135,0,0
B10_D1,599,0,9,0,0
B6_D1,137,0,86,0,0
B6_D1,310,0,222,0,0
B4_D1,661,0,241,0,0
G1_D1,430,0,22,0,0
B6_D1,97,0,136,0,0
B6_D1,260,0,49,0,0
B4_D1,90,0,0,0,0
B10_D1,820,0,66,0,0
B10_D1,101,0,139,0,0
B10_D1,196,0,285,0,0
B6_D1,6,0,150,0,0
B10_D1,179,0,2,0,0
B6_D1,784,0,8,0,0
B6_D1,972,0,193,0,0
B10_D1,11,0,3,0,0
B2_D1,538,0,221,0,0
G1_D1,978,0,280,0,0
B10_D1,673,0,95,0,0
B6_D1,198,0,504,0,0
G1_D1,14,0,9,0,0
B4_D1,863,0,101,0,0
B6_D1,412,0,263,0,0
B6_D1,86,0,506,0,0
B6_D1,542,0,506,0,0
B2_D1,259,0,504,0,0
G1_D1,35,0,326,0,0
B6_D1,852,0,9,0,0
B6_D1,490,0,494,0,0
B2_D1,983,0,293,0,0
B6_D1,64,0,19,0,0
B6_D1,972,0,4,0,0
B10_D1,89,0,18,0,0
B2_D1,428,0,210,0,0
B4_D1,1016,0,212,0,0
B10_D1,703,0,10,0,0
B6_D1,397,0,423,0,0
B10_D1,302,0,87,0,0
B10_D1,464,0,105,0,0
B10_D1,1003,0,0,0,0
B2_D1,210,0,475,0,0
B10_D1,70,0,94,0,0
B6_D1,988,0,341,0,0
B10_D1,670,0,391,0,0
B10_D1,517,0,251,0,0
G1_D1,30,0,210,0,0
B10_D1,20,0,246,0,0
B4_D1,310,0,308,0,0
B10_D1,717,0,84,0,0
B2_D1,791,0,82,0,0
B6_D1,1,0,452,0,0
B10_D1,231,0,257,0,0
B6_D1,241,0,386,0,0
B6_D1,50,0,394,0,0
B6_D1,231,0,167,0,0
G1_D1,110,0,277,0,0
B6_D1,568,0,43,0,0
B6_D1,607,0,195,0,0
G1_D1,549,0,68,0,0
B2_D1,985,0,510,0,0
G1_D1,315,0,38,0,0
G1_D1,977,0,292,0,0
G1_D1,827,0,40,0,0
B6_D1,732,0,23,0,0
B6_D1,895,0,369,0,0
B10_D1,885,0,210,0,0
B6_D1,588,0,40,0,0
B2_D1,970,0,35,0,0
B2_D1,201,0,133,0,0
B6_D1,752,0,156,0,0
B8_D1,81,0,116,0,0
B10_D1,315,0,8,0,0
B10_D1,773,0,109,0,0
B6_D1,687,0,412,0,0
B6_D1,159,0,361,0,0
B6_D1,86,0,370,0,0
B10_D1,924,0,324,0,0
B4_D1,981,0,80,0,0
B6_D1,898,0,321,0,0
B6_D1,628,0,13,0,0
B10_D1,277,0,247,0,0
B10_D1,563,0,0,0,0
B6_D1,662,0,485,0,0
B6_D1,963,0,50,0,0
B6_D1,981,0,429,0,0
B6_D1,822,0,369,0,0
B6_D1,660,0,16,0,0
B10_D1,605,0,361,0,0
G1_D1,431,0,391,0,0
B10_D1,193,0,255,0,0
B2_D1,279,0,500,0,0
B10_D1,765,0,51,0,0
B4_D1,108,0,268,0,0
G1_D1,247,0,157,0,0
B10_D1,815,0,40,0,0
B10_D1,208,0,192,0,0
B10_D1,726,0,250,0,0
G1_D1,264,0,24,0,0
B6_D1,658,0,483,0,0
G1_D1,55,0,291,0,0
B10_D1,745,0,511,0,0
B6_D1,459,0,68,0,0
G1_D1,154,0,70,0,0
B10_D1,1,0,175,0,0
B6_D1,300,0,213,0,0
B10_D1,410,0,73,0,0
G1_D1,92,0,11,0,0
B10_D1,797,0,393,0,0
B6_D1,992,0,135,0,0
B10_D1,5,0,213,0,0
B4_D1,800,0,120,0,0
G1_D1,917,0,49,0,0
B6_D1,983,0,142,0,0
B10_D1,281,0,60,0,0
B6_D1,523,0,244,0,0
B6_D1,122,0,504,0,0
B6_D1,780,0,102,0,0
B6_D1,420,0,38,0,0
G1_D1,1010,0,28,0,0
G1_D1,907,0,313,0,0
B6_D1,589,0,387,0,0
B10_D1,936,0,377,0,0
B6_D1,64,0,218,0,0
B10_D1,184,0,285,0,0
B10_D1,777,0,79,0,0
B6_D1,636,0,215,0,0
B6_D1,262,0,483,0,0
B6_D1,896,0,35,0,0
B2_D1,857,0,462,0,0
B10_D1,795,0,468,0,0
B10_D1,447,0,193,0,0
G1_D1,384,0,287,0,0
B10_D1,459,0,507,0,0
B2_D1,90,0,30,0,0
B4_D1,797,0,111,0,0
B6_D1,224,0,157,0,0
B10_D1,88,0,122,0,0
B10_D1,47,0,2,0,0
B4_D1,178,0,137,0,0
G1_D1,785,0,75,0,0
G1_D1,46,0,103,0,0
B6_D1,284,0,152,0,0
G1_D1,669,0,132,0,0
B10_D1,614,0,86,0,0
G1_D1,440,0,483,0,0
G1_D1,79,0,310,0,0
B6_D1,404,0,170,0,0
B6_D1,501,0,274,0,0
B6_D1,560,0,294,0,0
G1_D1,12,0,212,0,0
B6_D1,639,0,479,0,0
B6_D1,554,0,507,0,0
B6_D1,793,0,255,0,0
G1_D1,992,0,317,0,0
B8_D1,539,0,211,0,0
B6_D1,76,0,100,0,0
B10_D1,753,0,363,0,0
B4_D1,871,0,67,0,0
B6_D1,895,0,312,0,0
B4_D1,951,0,37,0,0
B6_D1,947,0,244,0,0
B10_D1,779,0,241,0,0
B6_D1,42,0,79,0,0
B6_D1,124,0,21,0,0
B10_D1,1007,0,215,0,0
G1_D1,788,0,23,0,0
B6_D1,168,0,105,0,0
B6_D1,905,0,240,0,0
B6_D1,887,0,131,0,0
B2_D1,701,0,63,0,0
B10_D1,687,0,48,0,0
B10_D1,1018,0,44,0,0
B6_D1,574,0,489,0,0
B6_D1,622,0,356,0,0
B6_D1,380,0,334,0,0
B6_D1,336,0,20,0,0
B10_D1,859,0,347,0,0
B10_D1,640,0,4,0,0
G1_D1,764,0,268,0,0
B10_D1,561,0,266,0,0
G1_D1,176,0,49,0,0
B6_D1,22,0,324,0,0
B4_D1,2,0,249,0,0
G1_D1,9,0,278,0,0
G1_D1,59,0,28,0,0
B6_D1,905,0,217,0,0
B10_D1,918,0,265,0,0
B4_D1,693,0,65,0,0
B6_D1,894,0,487,0,0
B10_D1,138,0,179,0,0
B10_D1,735,0,348,0,0
G1_D1,369,0,300,0,0
G1_D1,65,0,19,0,0
G1_D1,356,0,0,0,0
B4_D1,50,0,403,0,0
G1_D1,620,0,180,0,0
G1_D1,348,0,42,0,0
B10_D1,729,0,283,0,0
B10_D1,486,0,94,0,0
G1_D1,20,0,145,0,0
G1_D1,75,0,174,0,0
G1_D1,221,0,403,0,0
B10_D1,571,0,156,0,0
B6_D1,1004,0,44,0,0
G1_D1,11,0,14,0,0
B6_D1,388,0,171,0,0
B6_D1,490,0,304,0,0
B6_D1,538,0,239,0,0
B2_D1,953,0,274,0,0
G1_D1,147,0,149,0,0
G1_D1,706,0,9,0,0
B10_D1,0,0,305,0,0
B10_D1,31,0,79,0,0
B4_D1,542,0,86,0,0
B10_D1,746,0,161,0,0
B10_D1,351,0,199,0,0
B10_D1,103,0,312,0,0
B6_D1,444,0,37,0,0
B6_D1,619,0,172,0,0
B10_D1,435,0,278,0,0
G1_D1,763,0,16,0,0
B6_D1,200,0,47,0,0
G1_D1,40,0,235,0,0
B6_D1,332,0,189,0,0
G1_D1,1007,0,22,0,0
B10_D1,342,0,162,0,0
B10_D1,749,0,327,0,0
B10_D1,221,0,241,0,0
G1_D1,949,0,270,0,0
G1_D1,160,0,334,0,0
B10_D1,239,0,235,0,0
B4_D1,5,0,242,0,0
G1_D1,216,0,408,0,0
B10_D1,613,0,129,0,0
B2_D1,181,0,61,0,0
B6_D1,846,0,190,0,0
G1_D1,33,0,132,0,0
B6_D1,750,0,317,0,0
B6_D1,988,0,132,0,0
B2_D1,214,0,75,0,0
B6_D1,82,0,495,0,0
B6_D1,874,0,57,0,0
B10_D1,790,0,400,0,0
B6_D1,149,0,51,0,0
B2_D1,456,0,371,0,0
G1_D1,76,0,316,0,0
B4_D1,414,0,389,0,0
G1_D1,894,0,17,0,0
B2_D1,991,0,108,0,0
B2_D1,578,0,221,0,0
B6_D1,55,0,421,0,0
B6_D1,835,0,132,0,0
B10_D1,234,0,88,0,0
B2_D1,597,0,25,0,0
B6_D1,554,0,345,0,0
G1_D1,945,0,38,0,0
B10_D1,29,0,175,0,0
B6_D1,811,0,271,0,0
B10_D1,389,0,259,0,0
B4_D1,683,0,277,0,0
B6_D1,409,0,172,0,0
B10_D1,361,0,154,0,0
G1_D1,581,0,149,0,0
B4_D1,77,0,4,0,0
B10_D1,333,0,133,0,0
B6_D1,920,0,62,0,0
B6_D1,634,0,500,0,0
B2_D1,955,0,62,0,0
B10_D1,177,0,11,0,0
B6_D1,311,0,237,0,0
G1_D1,637,0,265,0,0
B4_D1,845,0,107,0,0
B6_D1,974,0,365,0,0
B6_D1,372,0,334,0,0
G1_D1,101,0,298,0,0
B10_D1,470,0,409,0,0
B10_D1,450,0,70,0,0
G1_D1,312,0,0,0,0
B6_D1,386,0,500,0,0
B6_D1,810,0,144,0,0
B10_D1,447,0,482,0,0
B6_D1,1008,0,21,0,0
G1_D1,810,0,261,0,0
B2_D1,683,0,14,0,0
B10_D1,338,0,212,0,0
B6_D1,944,0,6,0,0
B6_D1,775,0,187,0,0
B6_D1,168,0,99,0,0
B6_D1,235,0,114,0,0
G1_D1,601,0,279,0,0
B10_D1,178,0,439,0,0
G1_D1,776,0,21,0,0
B10_D1,465,0,93,0,0
G1_D1,40,0,143,0,0
B10_D1,576,0,206,0,0
B10_D1,789,0,186,0,0
B6_D1,48,0,193,0,0
B2_D1,551,0,222,0,0
B6_D1,784,0,162,0,0
G1_D1,174,0,67,0,0
B6_D1,948,0,29,0,0
G1_D1,355,0,229,0,0
B4_D1,165,0,112,0,0
B10_D1,397,0,7,0,0
B6_D1,263,0,458,0,0
B2_D1,441,0,110,0,0
G1_D1,240,0,273,0,0
B10_D1,829,0,245,0,0
B10_D1,603,0,185,0,0
B6_D1,57,0,412,0,0
B2_D1,572,0,472,0,0
B6_D1,688,0,12,0,0
B6_D1,899,0,54,0,0
B10_D1,639,0,369,0,0
B10_D1,554,0,204,0,0
B6_D1,330,0,239,0,0
B10_D1,743,0,46,0,0
B8_D1,585,0,194,0,0
B10_D1,1023,0,178,0,0
B10_D1,844,0,190,0,0
B6_D1,555,0,349,0,0
B10_D1,433,0,511,0,0
B6_D1,753,0,304,0,0
B6_D1,890,0,321,0,0
B6_D1,163,0,384,0,0
B10_D1,283,0,345,0,0
G1_D1,240,0,73,0,0
G1_D1,148,0,293,0,0
B10_D1,744,0,45,0,0
B4_D1,7,0,350,0,0
B4_D1,5,0,216,0,0
G1_D1,930,0,287,0,0
B10_D1,793,0,511,0,0
G1_D1,753,0,206,0,0
B10_D1,583,0,144,0,0
B2_D1,123,0,91,0,0
B2_D1,202,0,143,0,0
G1_D1,671,0,84,0,0
B10_D1,634,0,198,0,0
B10_D1,648,0,231,0,0
B4_D1,238,0,17,0,0
B10_D1,560,0,259,0,0
B6_D1,974,0,214,0,0
B4_D1,798,0,213,0,0
B4_D1,633,0,24,0,0
G1_D1,164,0,24,0,0
B6_D1,804,0,46,0,0
G1_D1,783,0,236,0,0
G1_D1,88,0,0,0,0
B10_D1,100,0,329,0,0
B6_D1,750,0,484,0,0
B6_D1,820,0,31,0,0
B6_D1,750,0,495,0,0
B6_D1,246,0,65,0,0
G1_D1,438,0,255,0,0
B6_D1,792,0,6,0,0
B6_D1,528,0,440,0,0
G1_D1,8,0,343,0,0
B4_D1,925,0,94,0,0
G1_D1,845,0,12,0,0
B6_D1,260,0,19,0,0
B4_D1,213,0,45,0,0
B6_D1,523,0,479,0,0
B2_D1,248,0,60,0,0
B8_D1,8,0,274,0,0
G1_D1,862,0,13,0,0
B10_D1,505,0,7,0,0
B10_D1,72,0,270,0,0
B10_D1,721,0,84,0,0
G1_D1,883,0,33,0,0
B6_D1,8,0,37,0,0
B6_D1,982,0,224,0,0
B6_D1,757,0,458,0,0
B10_D1,351,0,210,0,0
B6_D1,498,0,503,0,0
B10_D1,929,0,332,0,0
B6_D1,99,0,369,0,0
G1_D1,843,0,447,0,0
B6_D1,838,0,499,0,0
B10_D1,699,0,254,0,0
B4_D1,165,0,52,0,0
G1_D1,37,0,151,0,0
B10_D1,647,0,279,0,0
G1_D1,550,0,71,0,0
G1_D1,78,0,98,0,0
B6_D1,108,0,80,0,0
B10_D1,393,0,165,0,0
B6_D1,157,0,476,0,0
G1_D1,843,0,78,0,0
B10_D1,833,0,427,0,0
B10_D1,154,0,507,0,0
B2_D1,682,0,60,0,0
B10_D1,483,0,34,0,0
B10_D1,849,0,353,0,0
B2_D1,730,0,224,0,0
B4_D1,12,0,49,0,0
B6_D1,328,0,207,0,0
G1_D1,24,0,58,0,0
B6_D1,756,0,24,0,0
B6_D1,308,0,74,0,0
B10_D1,589,0,457,0,0
B6_D1,410,0,491,0,0
B8_D1,590,0,186,0,0
B6_D1,223,0,240,0,0
B10_D1,431,0,450,0,0
B10_D1,828,0,328,0,0
B2_D1,844,0,18,0,0
B6_D1,754,0,511,0,0
G1_D1,441,0,243,0,0
B6_D1,451,0,263,0,0
B6_D1,84,0,47,0,0
B10_D1,650,0,18,0,0
B8_D1,1022,0,457,0,0
B6_D1,1012,0,210,0,0
B10_D1,621,0,236,0,0
B10_D1,379,0,500,0,0
B4_D1,799,0,39,0,0
G1_D1,779,0,276,0,0
B6_D1,721,0,395,0,0
G1_D1,634,0,157,0,0
B10_D1,475,0,302,0,0
B10_D1,315,0,112,0,0
G1_D1,26,0,253,0,0
B10_D1,838,0,339,0,0
B6_D1,524,0,33,0,0
B6_D1,788,0,385,0,0
B10_D1,349,0,114,0,0
B6_D1,192,0,45,0,0
B10_D1,716,0,432,0,0
B4_D1,1,0,501,0,0
B6_D1,616,0,7,0,0
B6_D1,165,0,151,0,0
B10_D1,603,0,106,0,0
B10_D1,607,0,131,0,0
B6_D1,916,0,92,0,0
B6_D1,996,0,45,0,0
B10_D1,873,0,70,0,0
B2_D1,993,0,97,0,0
G1_D1,704,0,306,0,0
G1_D1,362,0,22,0,0
B2_D1,971,0,129,0,0
G1_D1,986,0,13,0,0
B10_D1,960,0,233,0,0
B10_D1,445,0,302,0,0
B4_D1,676,0,20,0,0
B4_D1,46,0,296,0,0
G1_D1,1016,0,403,0,0
B2_D1,765,0,40,0,0
B6_D1,266,0,185,0,0
B2_D1,685,0,176,0,0
B6_D1,612,0,39,0,0
B6_D1,643,0,475,0,0
B6_D1,996,0,135,0,0
B2_D1,1,0,30,0,0
G1_D1,294,0,511,0,0
B6_D1,584,0,11,0,0
B6_D1,828,0,27,0,0
B6_D1,266,0,507,0,0
G1_D1,26,0,232,0,0
B6_D1,572,0,322,0,0
B6_D1,790,0,489,0,0
G1_D1,282,0,268,0,0
B10_D1,453,0,87,0,0
B4_D1,13,0,131,0,0
B4_D1,754,0,286,0,0
B10_D1,401,0,128,0,0
B6_D1,388,0,43,0,0
B6_D1,684,0,47,0,0
B10_D1,644,0,378,0,0
B10_D1,618,0,355,0,0
B10_D1,747,0,24,0,0
B6_D1,168,0,135,0,0
B8_D1,648,0,245,0,0
B4_D1,122,0,102,0,0
B10_D1,693,0,309,0,0
B10_D1,634,0,113,0,0
B6_D1,122,0,482,0,0
B8_D1,463,0,199,0,0
B6_D1,748,0,26,0,0
B6_D1,652,0,309,0,0
G1_D1,31,0,276,0,0
B6_D1,588,0,14,0,0
B6_D1,520,0,48,0,0
B6_D1,914,0,286,0,0
B10_D1,290,0,195,0,0
B10_D1,857,0,353,0,0
B10_D1,879,0,373,0,0
B2_D1,123,0,99,0,0
B6_D1,96,0,147,0,0
B6_D1,367,0,349,0,0
B6_D1,566,0,497,0,0
G1_D1,31,0,473,0,0
G1_D1,11,0,384,0,0
B6_D1,213,0,133,0,0
B10_D1,24,0,96,0,0
B6_D1,746,0,57,0,0
G1_D1,199,0,79,0,0
G1_D1,590,0,5,0,0
B6_D1,822,0,486,0,0
B10_D1,185,0,28,0,0
G1_D1,258,0,20,0,0
B6_D1,140,0,12,0,0
B6_D1,177,0,324,0,0
B6_D1,597,0,326,0,0
B10_D1,143,0,425,0,0
B6_D1,9,0,96,0,0
B2_D1,208,0,239,0,0
B2_D1,609,0,510,0,0
B6_D1,410,0,485,0,0
B6_D1,1016,0,477,0,0
G1_D1,61,0,12,0,0
B10_D1,704,0,455,0,0
B10_D1,500,0,157,0,0
B6_D1,888,0,48,0,0
B6_D1,174,0,490,0,0
B10_D1,303,0,403,0,0
G1_D1,61,0,510,0,0
B6_D1,750,0,488,0,0
B6_D1,746,0,322,0,0
B6_D1,428,0,168,0,0
B8_D1,601,0,222,0,0
B6_D1,525,0,269,0,0
G1_D1,42,0,110,0,0
B4_D1,777,0,44,0,0
B2_D1,513,0,219,0,0
B6_D1,736,0,2,0,0
G1_D1,831,0,299,0,0
B10_D1,108,0,336,0,0
B10_D1,944,0,365,0,0
G1_D1,951,0,458,0,0
B6_D1,352,0,46,0,0
B10_D1,912,0,83,0,0
B6_D1,300,0,168,0,0
B6_D1,622,0,496,0,0
G1_D1,362,0,5,0,0
B10_D1,46,0,53,0,0
B6_D1,337,0,378,0,0
B6_D1,443,0,286,0,0
B2_D1,565,0,480,0,0
B10_D1,592,0,6,0,0
B10_D1,32,0,85,0,0
B6_D1,576,0,0,0,0
B10_D1,152,0,315,0,0
B10_D1,629,0,371,0,0
B10_D1,675,0,319,0,0
B6_D1,950,0,191,0,0
B6_D1,931,0,108,0,0
G1_D1,492,0,498,0,0
B6_D1,110,0,503,0,0
B4_D1,131,0,88,0,0
B6_D1,916,0,422,0,0
G1_D1,172,0,284,0,0
B10_D1,518,0,167,0,0
B10_D1,812,0,242,0,0
B10_D1,497,0,429,0,0
G1_D1,950,0,253,0,0
G1_D1,676,0,50,0,0
B6_D1,718,0,59,0,0
B8_D1,188,0,108,0,0
B4_D1,655,0,131,0,0
B6_D1,88,0,101,0,0
B6_D1,147,0,281,0,0
B6_D1,816,0,390,0,0
B10_D1,677,0,315,0,0
B10_D1,175,0,510,0,0
B10_D1,850,0,88,0,0
B10_D1,967,0,73,0,0
B6_D1,508,0,9,0,0
B10_D1,972,0,509,0,0
G1_D1,888,0,11,0,0
B10_D1,697,0,57,0,0
B10_D1,761,0,259,0,0
B6_D1,882,0,431,0,0
B6_D1,923,0,397,0,0
B6_D1,530,0,177,0,0
B6_D1,95,0,302,0,0
B6_D1,57,0,221,0,0
B10_D1,298,0,26,0,0
B10_D1,218,0,330,0,0
B6_D1,215,0,198,0,0
G1_D1,270,0,146,0,0
B10_D1,531,0,203,0,0
B6_D1,266,0,489,0,0
B10_D1,214,0,335,0,0
B6_D1,140,0,51,0,0
B10_D1,749,0,47,0,0
B6_D1,792,0,13,0,0
B6_D1,500,0,276,0,0
B10_D1,839,0,377,0,0
B6_D1,986,0,487,0,0
B10_D1,242,0,166,0,0
B6_D1,137,0,80,0,0
G1_D1,694,0,17,0,0
B6_D1,170,0,150,0,0
B2_D1,127,0,13,0,0
B8_D1,14,0,208,0,0
B6_D1,406,0,484,0,0
B10_D1,790,0,249,0,0
B6_D1,652,0,5,0,0
B4_D1,1020,0,292,0,0
B6_D1,60,0,110,0,0
B6_D1,776,0,32,0,0
G1_D1,354,0,236,0,0
B6_D1,1001,0,405,0,0
B6_D1,758,0,252,0,0
B6_D1,936,0,312,0,0
G1_D1,38,0,137,0,0
B6_D1,940,0,458,0,0
B6_D1,536,0,3,0,0
B2_D1,830,0,365,0,0
B6_D1,927,0,99,0,0
B2_D1,750,0,80,0,0
B6_D1,604,0,36,0,0
B10_D1,172,0,450,0,0
B6_D1,304,0,426,0,0
G1_D1,774,0,326,0,0
B6_D1,408,0,261,0,0
B6_D1,110,0,507,0,0
B10_D1,176,0,153,0,0
B10_D1,429,0,284,0,0
G1_D1,329,0,21,0,0
B6_D1,666,0,498,0,0
B6_D1,961,0,79,0,0
B10_D1,981,0,294,0,0
B10_D1,311,0,198,0,0
B6_D1,200,0,16,0,0
B10_D1,732,0,33,0,0
B10_D1,360,0,41,0,0
B6_D1,968,0,419,0,0
B6_D1,852,0,4,0,0
G1_D1,48,0,143,0,0
B6_D1,654,0,494,0,0
B6_D1,180,0,278,0,0
B10_D1,797,0,389,0,0
G1_D1,726,0,286,0,0
B10_D1,313,0,254,0,0
B6_D1,819,0,195,0,0
B10_D1,619,0,0,0,0
B6_D1,990,0,302,0,0
G1_D1,746,0,270,0,0
B6_D1,567,0,184,0,0
B10_D1,36,0,258,0,0
B6_D1,954,0,484,0,0
B6_D1,950,0,510,0,0
B10_D1,431,0,334,0,0
B10_D1,682,0,168,0,0
B10_D1,1023,0,224,0,0
B10_D1,165,0,152,0,0
B6_D1,989,0,417,0,0
B6_D1,1,0,302,0,0
B10_D1,45,0,199,0,0
B4_D1,5,0,107,0,0
B6_D1,769,0,220,0,0
B4_D1,993,0,284,0,0
B10_D1,661,0,488,0,0
B2_D1,766,0,359,0,0
B10_D1,309,0,268,0,0
B6_D1,615,0,362,0,0
B10_D1,86,0,453,0,0
B4_D1,159,0,142,0,0
B6_D1,342,0,507,0,0
B6_D1,1013,0,415,0,0
B8_D1,38,0,3,0,0
B6_D1,637,0,377,0,0
B6_D1,474,0,56,0,0
B10_D1,53,0,43,0,0
B6_D1,903,0,169,0,0
B4_D1,627,0,136,0,0
B10_D1,323,0,126,0,0
G1_D1,179,0,14,0,0
B4_D1,789,0,254,0,0
B6_D1,126,0,498,0,0
B6_D1,279,0,290,0,0
B10_D1,181,0,108,0,0
B6_D1,729,0,385,0,0
B10_D1,184,0,431,0,0
B6_D1,320,0,462,0,0
B6_D1,793,0,240,0,0
B6_D1,262,0,80,0,0
G1_D1,661,0,47,0,0
B6_D1,34,0,484,0,0
B6_D1,244,0,15,0,0
B6_D1,544,0,46,0,0
B6_D1,865,0,91,0,0
G1_D1,939,0,407,0,0
B6_D1,953,0,412,0,0
B10_D1,391,0,268,0,0
G1_D1,1020,0,100,0,0
B6_D1,240,0,18,0,0
B6_D1,782,0,482,0,0
B6_D1,998,0,226,0,0
B6_D1,606,0,291,0,0
B6_D1,726,0,484,0,0
G1_D1,759,0,202,0,0
G1_D1,693,0,12,0,0
B6_D1,518,0,446,0,0
B4_D1,40,0,166,0,0
B10_D1,393,0,153,0,0
B10_D1,923,0,23,0,0
B10_D1,2,0,302,0,0
B6_D1,578,0,500,0,0
B10_D1,82,0,172,0,0
B4_D1,303,0,216,0,0
B6_D1,217,0,374,0,0
B10_D1,582,0,332,0,0
B10_D1,372,0,286,0,0
B6_D1,18,0,507,0,0
B6_D1,12,0,430,0,0
B6_D1,688,0,11,0,0
B10_D1,172,0,223,0,0
B4_D1,239,0,210,0,0
B10_D1,748,0,457,0,0
B4_D1,781,0,223,0,0
B10_D1,802,0,409,0,0
G1_D1,9,0,72,0,0
G1_D1,1011,0,330,0,0
B6_D1,316,0,326,0,0
G1_D1,602,0,19,0,0
G1_D1,796,0,3,0,0
B6_D1,812,0,106,0,0
B4_D1,282,0,311,0,0
B10_D1,779,0,99,0,0
B10_D1,508,0,254,0,0
B6_D1,574,0,336,0,0
B4_D1,407,0,406,0,0
B10_D1,413,0,267,0,0
G1_D1,380,0,433,0,0
B10_D1,557,0,7,0,0
B6_D1,494,0,478,0,0
G1_D1,367,0,104,0,0
B6_D1,623,0,361,0,0
B2_D1,1,0,136,0,0
B6_D1,991,0,454,0,0
G1_D1,174,0,162,0,0
B10_D1,46,0,15,0,0
B10_D1,195,0,139,0,0
B10_D1,376,0,410,0,0
B6_D1,572,0,39,0,0
B6_D1,382,0,478,0,0
G1_D1,875,0,49,0,0
B10_D1,603,0,319,0,0
B6_D1,748,0,36,0,0
G1_D1,729,0,470,0,0
B2_D1,970,0,65,0,0
B6_D1,36,0,37,0,0
B2_D1,738,0,224,0,0
B10_D1,43,0,250,0,0
B6_D1,471,0,55,0,0
B6_D1,679,0,314,0,0
G1_D1,508,0,282,0,0
B4_D1,112,0,294,0,0
B10_D1,871,0,255,0,0
B6_D1,192,0,341,0,0
B10_D1,469,0,213,0,0
B6_D1,773,0,152,0,0
B6_D1,417,0,360,0,0
B4_D1,5,0,462,0,0
B6_D1,915,0,406,0,0
B10_D1,529,0,249,0,0
B6_D1,820,0,149,0,0
B10_D1,714,0,72,0,0
B10_D1,416,0,159,0,0
B10_D1,501,0,482,0,0
B10_D1,174,0,439,0,0
B8_D1,55,0,329,0,0
B6_D1,938,0,484,0,0
B6_D1,421,0,54,0,0
G1_D1,920,0,11,0,0
B10_D1,207,0,50,0,0
B4_D1,939,0,287,0,0
B10_D1,512,0,126,0,0
G1_D1,346,0,103,0,0
B6_D1,862,0,90,0,0
B10_D1,577,0,260,0,0
B4_D1,388,0,393,0,0
B10_D1,893,0,27,0,0
B6_D1,480,0,45,0,0
B8_D1,691,0,231,0,0
B2_D1,955,0,73,0,0
B10_D1,462,0,140,0,0
G1_D1,769,0,465,0,0
B10_D1,150,0,87,0,0
B10_D1,344,0,310,0,0
B2_D1,12,0,511,0,0
B6_D1,16,0,15,0,0
B10_D1,634,0,32,0,0
B6_D1,95,0,477,0,0
B10_D1,731,0,416,0,0
B2_D1,425,0,5,0,0
B10_D1,821,0,427,0,0
B6_D1,641,0,383,0,0
G1_D1,509,0,66,0,0
G1_D1,911,0,235,0,0
B10_D1,435,0,214,0,0
B4_D1,575,0,390,0,0
B10_D1,60,0,125,0,0
B6_D1,786,0,502,0,0
G1_D1,111,0,16,0,0
B4_D1,519,0,238,0,0
B10_D1,151,0,176,0,0
G1_D1,627,0,2,0,0
B6_D1,647,0,186,0,0
B6_D1,79,0,205,0,0
G1_D1,747,0,245,0,0
B6_D1,568,0,465,0,0
B6_D1,739,0,99,0,0
B6_D1,570,0,329,0,0
B6_D1,504,0,4,0,0
B6_D1,347,0,460,0,0
B10_D1,182,0,508,0,0
B4_D1,214,0,272,0,0
B10_D1,633,0,272,0,0
B10_D1,404,0,70,0,0
B10_D1,221,0,193,0,0
B10_D1,735,0,87,0,0
G1_D1,207,0,453,0,0
G1_D1,1015,0,194,0,0
B10_D1,552,0,67,0,0
B4_D1,110,0,267,0,0
G1_D1,943,0,407,0,0
G1_D1,405,0,117,0,0
B6_D1,324,0,39,0,0
G1_D1,678,0,460,0,0
B6_D1,562,0,493,0,0
B10_D1,477,0,300,0,0
B4_D1,7,0,36,0,0
B6_D1,229,0,406,0,0
B6_D1,628,0,242,0,0
G1_D1,326,0,223,0,0
B6_D1,432,0,58,0,0
B6_D1,144,0,183,0,0
B6_D1,398,0,192,0,0
B2_D1,452,0,472,0,0
B10_D1,926,0,334,0,0
G1_D1,31,0,65,0,0
B4_D1,35,0,135,0,0
B4_D1,519,0,221,0,0
B6_D1,807,0,66,0,0
B6_D1,524,0,226,0,0
B4_D1,565,0,200,0,0
B10_D1,618,0,59,0,0
B6_D1,54,0,504,0,0
G1_D1,420,0,127,0,0
B6_D1,866,0,350,0,0
G1_D1,20,0,340,0,0
B10_D1,498,0,409,0,0
B2_D1,362,0,35,0,0
B10_D1,737,0,4,0,0
B4_D1,212,0,37,0,0
B10_D1,609,0,107,0,0
B6_D1,263,0,190,0,0
B6_D1,863,0,132,0,0
B10_D1,141,0,319,0,0
B6_D1,390,0,267,0,0
B6_D1,318,0,478,0,0
B2_D1,841,0,24,0,0
G1_D1,836,0,423,0,0
G1_D1,909,0,12,0,0
B10_D1,338,0,28,0,0
B10_D1,564,0,501,0,0
B2_D1,286,0,201,0,0
G1_D1,993,0,151,0,0
B10_D1,116,0,276,0,0
B6_D1,689,0,57,0,0
B4_D1,791,0,256,0,0
B10_D1,512,0,68,0,0
B6_D1,578,0,495,0,0
G1_D1,316,0,482,0,0
B6_D1,942,0,504,0,0
B10_D1,432,0,223,0,0
G1_D1,677,0,471,0,0
B4_D1,1016,0,207,0,0
G1_D1,812,0,264,0,0
G1_D1,40,0,102,0,0
B2_D1,979,0,124,0,0
B6_D1,68,0,30,0,0
B2_D1,171,0,474,0,0
B10_D1,858,0,439,0,0
B6_D1,283,0,158,0,0
B10_D1,326,0,309,0,0
B4_D1,179,0,286,0,0
B6_D1,347,0,319,0,0
B6_D1,508,0,42,0,0
B6_D1,507,0,160,0,0
B2_D1,717,0,223,0,0
B10_D1,364,0,263,0,0
B6_D1,604,0,293,0,0
G1_D1,996,0,147,0,0
B10_D1,313,0,218,0,0
B4_D1,3,0,44,0,0
B6_D1,742,0,313,0,0
G1_D1,354,0,23,0,0
B4_D1,508,0,231,0,0
B6_D1,136,0,14,0,0
B6_D1,776,0,19,0,0
B4_D1,808,0,214,0,0
G1_D1,686,0,71,0,0
G1_D1,390,0,101,0,0
B2_D1,561,0,84,0,0
B4_D1,752,0,49,0,0
B6_D1,996,0,95,0,0
B6_D1,640,0,28,0,0
B10_D1,697,0,255,0,0
B6_D1,846,0,497,0,0
B4_D1,1023,0,243,0,0
B4_D1,247,0,54,0,0
B10_D1,485,0,77,0,0
B10_D1,911,0,437,0,0
G1_D1,1002,0,9,0,0
B6_D1,93,0,301,0,0
B6_D1,424,0,266,0,0
G1_D1,304,0,102,0,0
G1_D1,334,0,128,0,0
G1_D1,1004,0,3,0,0
B6_D1,717,0,455,0,0
B4_D1,790,0,217,0,0
B6_D1,456,0,61,0,0
B6_D1,920,0,305,0,0
B6_D1,746,0,346,0,0
B6_D1,970,0,85,0,0
B4_D1,110,0,315,0,0
B10_D1,866,0,29,0,0
B10_D1,406,0,311,0,0
G1_D1,735,0,317,0,0
B10_D1,715,0,420,0,0
G1_D1,911,0,96,0,0
B6_D1,911,0,431,0,0
B6_D1,590,0,482,0,0
B6_D1,83,0,422,0,0
B6_D1,435,0,127,0,0
B4_D1,811,0,14,0,0
B6_D1,985,0,54,0,0
B6_D1,408,0,49,0,0
G1_D1,591,0,220,0,0
B10_D1,162,0,227,0,0
G1_D1,814,0,17,0,0
B10_D1,997,0,296,0,0
B6_D1,240,0,47,0,0
B10_D1,145,0,456,0,0
B10_D1,48,0,141,0,0
B4_D1,262,0,135,0,0
B6_D1,72,0,20,0,0
B10_D1,904,0,96,0,0
B6_D1,924,0,90,0,0
G1_D1,123,0,395,0,0
B10_D1,864,0,72,0,0
G1_D1,742,0,203,0,0
B6_D1,904,0,15,0,0
B6_D1,776,0,154,0,0
B2_D1,170,0,66,0,0
B6_D1,726,0,504,0,0
G1_D1,410,0,18,0,0
B10_D1,842,0,487,0,0
G1_D1,614,0,285,0,0
B6_D1,30,0,163,0,0
B10_D1,567,0,156,0,0
G1_D1,535,0,14,0,0
B10_D1,130,0,179,0,0
G1_D1,525,0,473,0,0
B6_D1,295,0,395,0,0
G1_D1,664,0,243,0,0
B6_D1,406,0,57,0,0
B2_D1,789,0,81,0,0
B10_D1,356,0,9,0,0
B10_D1,480,0,412,0,0
B6_D1,977,0,363,0,0
B6_D1,846,0,508,0,0
B10_D1,135,0,72,0,0
G1_D1,610,0,243,0,0
B10_D1,82,0,92,0,0
B6_D1,988,0,115,0,0
G1_D1,842,0,441,0,0
B6_D1,414,0,486,0,0
B6_D1,480,0,168,0,0
B10_D1,26,0,117,0,0
G1_D1,820,0,267,0,0
B4_D1,150,0,272,0,0
G1_D1,853,0,4,0,0
B6_D1,63,0,188,0,0
B6_D1,612,0,1,0,0
B6_D1,124,0,367,0,0
B6_D1,415,0,351,0,0
B6_D1,756,0,383,0,0
G1_D1,571,0,289,0,0
B6_D1,100,0,388,0,0
B4_D1,311,0,95,0,0
G1_D1,978,0,37,0,0
G1_D1,674,0,158,0,0
B6_D1,132,0,36,0,0
B10_D1,442,0,289,0,0
B6_D1,657,0,343,0,0
B6_D1,391,0,216,0,0
B6_D1,298,0,345,0,0
B10_D1,631,0,8,0,0
B6_D1,552,0,351,0,0
G1_D1,671,0,6,0,0
B6_D1,315,0,76,0,0
B10_D1,523,0,327,0,0
B10_D1,115,0,154,0,0
B10_D1,603,0,289,0,0
B4_D1,912,0,223,0,0
B2_D1,510,0,481,0,0
B6_D1,911,0,419,0,0
B4_D1,801,0,37,0,0
B10_D1,792,0,88,0,0
B4_D1,700,0,261,0,0
B10_D1,311,0,65,0,0
B2_D1,722,0,184,0,0
B10_D1,261,0,300,0,0
B10_D1,519,0,476,0,0
B6_D1,1020,0,112,0,0
B10_D1,851,0,327,0,0
B6_D1,18,0,301,0,0
B6_D1,776,0,161,0,0
B10_D1,180,0,6,0,0
B6_D1,934,0,496,0,0
G1_D1,17,0,332,0,0
B10_D1,54,0,137,0,0
B6_D1,550,0,508,0,0
B6_D1,396,0,31,0,0
B10_D1,280,0,241,0,0
B2_D1,344,0,510,0,0
B4_D1,68,0,168,0,0
B10_D1,477,0,158,0,0
B6_D1,150,0,277,0,0
B6_D1,484,0,12,0,0
B6_D1,918,0,280,0,0
B10_D1,444,0,110,0,0
B6_D1,731,0,479,0,0
G1_D1,996,0,145,0,0
B8_D1,91,0,192,0,0
B6_D1,726,0,492,0,0
B6_D1,127,0,467,0,0
B10_D1,828,0,364,0,0
B2_D1,2,0,16,0,0
B10_D1,411,0,25,0,0
G1_D1,1022,0,35,0,0
B6_D1,977,0,129,0,0
B6_D1,237,0,388,0,0
G1_D1,789,0,86,0,0
B6_D1,165,0,305,0,0
B6_D1,734,0,511,0,0
B10_D1,215,0,119,0,0
B6_D1,177,0,273,0,0
B2_D1,533,0,62,0,0
B6_D1,544,0,27,0,0
B10_D1,816,0,361,0,0
B10_D1,812,0,50,0,0
B6_D1,548,0,12,0,0
G1_D1,598,0,226,0,0
G1_D1,981,0,126,0,0
G1_D1,707,0,41,0,0
B10_D1,356,0,169,0,0
B6_D1,206,0,498,0,0
G1_D1,898,0,93,0,0
G1_D1,309,0,270,0,0
B6_D1,620,0,6,0,0
B4_D1,452,0,242,0,0
G1_D1,809,0,320,0,0
B8_D1,759,0,313,0,0
B10_D1,685,0,163,0,0
B6_D1,934,0,398,0,0
B10_D1,521,0,123,0,0
B6_D1,79,0,114,0,0
G1_D1,136,0,1,0,0
B6_D1,102,0,502,0,0
B10_D1,716,0,425,0,0
B10_D1,427,0,278,0,0
B10_D1,306,0,419,0,0
B6_D1,588,0,25,0,0
G1_D1,490,0,152,0,0
B2_D1,529,0,464,0,0
B10_D1,642,0,242,0,0
G1_D1,699,0,286,0,0
B6_D1,498,0,504,0,0
B6_D1,446,0,397,0,0
G1_D1,46,0,96,0,0
G1_D1,32,0,40,0,0
B10_D1,237,0,424,0,0
B10_D1,145,0,100,0,0
B10_D1,467,0,298,0,0
G1_D1,392,0,227,0,0
B10_D1,14,0,130,0,0
B4_D1,989,0,43,0,0
B6_D1,262,0,293,0,0
B6_D1,516,0,5,0,0
G1_D1,531,0,258,0,0
B6_D1,159,0,474,0,0
B10_D1,275,0,2,0,0
B6_D1,784,0,100,0,0
B4_D1,507,0,236,0,0
B6_D1,866,0,73,0,0
B6_D1,1,0,110,0,0
B6_D1,317,0,202,0,0
B6_D1,185,0,170,0,0
B4_D1,194,0,62,0,0
B6_D1,324,0,171,0,0
B10_D1,748,0,50,0,0
B2_D1,352,0,510,0,0
B6_D1,598,0,500,0,0
B10_D1,786,0,65,0,0
G1_D1,241,0,65,0,0
B10_D1,267,0,20,0,0
B10_D1,246,0,345,0,0
B6_D1,157,0,362,0,0
B6_D1,855,0,312,0,0
B6_D1,236,0,42,0,0
B6_D1,482,0,370,0,0
G1_D1,378,0,58,0,0
B6_D1,482,0,498,0,0
B10_D1,536,0,159,0,0
B10_D1,773,0,377,0,0
B4_D1,109,0,2,0,0
B6_D1,402,0,123,0,0
B10_D1,430,0,409,0,0
B10_D1,364,0,214,0,0
B6_D1,884,0,8,0,0
B10_D1,9,0,367,0,0
G1_D1,1007,0,6,0,0
G1_D1,162,0,93,0,0
B10_D1,32,0,31,0,0
G1_D1,985,0,56,0,0
B6_D1,428,0,10,0,0
G1_D1,33,0,154,0,0
B10_D1,353,0,89,0,0
B6_D1,654,0,348,0,0
B8_D1,823,0,306,0,0
B4_D1,369,0,221,0,0
B10_D1,817,0,385,0,0
B4_D1,886,0,32,0,0
B4_D1,969,0,38,0,0
B10_D1,900,0,24,0,0
B10_D1,311,0,191,0,0
G1_D1,156,0,24,0,0
G1_D1,298,0,288,0,0
B6_D1,8,0,269,0,0
G1_D1,392,0,1,0,0
B10_D1,8,0,327,0,0
B10_D1,513,0,1,0,0
B6_D1,586,0,503,0,0
B2_D1,706,0,85,0,0
B10_D1,25,0,224,0,0
G1_D1,54,0,460,0,0
B8_D1,595,0,211,0,0
B6_D1,463,0,62,0,0
G1_D1,9,0,220,0,0
B10_D1,902,0,97,0,0
B6_D1,104,0,7,0,0
B6_D1,743,0,51,0,0
B4_D1,6,0,120,0,0
B10_D1,113,0,267,0,0
B6_D1,61,0,217,0,0
B2_D1,572,0,288,0,0
B4_D1,3,0,93,0,0
B2_D1,558,0,160,0,0
B10_D1,465,0,33,0,0
B10_D1,425,0,14,0,0
B2_D1,894,0,28,0,0
B10_D1,712,0,81,0,0
B10_D1,66,0,313,0,0
B6_D1,512,0,9,0,0
G1_D1,15,0,325,0,0
B10_D1,704,0,510,0,0
G1_D1,525,0,12,0,0
B6_D1,63,0,421,0,0
B6_D1,1,0,141,0,0
B10_D1,595,0,314,0,0
B10_D1,177,0,250,0,0
B6_D1,968,0,425,0,0
B10_D1,315,0,267,0,0
B4_D1,6,0,301,0,0
B10_D1,119,0,56,0,0
B2_D1,383,0,204,0,0
B6_D1,28,0,10,0,0
B6_D1,20,0,36,0,0
B6_D1,422,0,123,0,0
B10_D1,815,0,182,0,0
B4_D1,698,0,260,0,0
B2_D1,222,0,478,0,0
B10_D1,41,0,51,0,0
B6_D1,29,0,177,0,0
G1_D1,44,0,145,0,0
B10_D1,314,0,288,0,0
B6_D1,278,0,495,0,0
B6_D1,548,0,270,0,0
G1_D1,809,0,39,0,0
G1_D1,153,0,12,0,0
G1_D1,433,0,257,0,0
B10_D1,192,0,173,0,0
G1_D1,496,0,226,0,0
B10_D1,143,0,212,0,0
B10_D1,739,0,87,0,0
B2_D1,525,0,123,0,0
B4_D1,379,0,224,0,0
G1_D1,704,0,67,0,0
B2_D1,544,0,286,0,0
B10_D1,487,0,0,0,0
B10_D1,76,0,128,0,0
B6_D1,374,0,508,0,0
B8_D1,104,0,195,0,0
B6_D1,87,0,130,0,0
B6_D1,673,0,111,0,0
B10_D1,811,0,332,0,0
B10_D1,401,0,7,0,0
B10_D1,30,0,59,0,0
B6_D1,180,0,36,0,0
B6_D1,942,0,94,0,0
B6_D1,332,0,42,0,0
B10_D1,422,0,409,0,0
B8_D1,110,0,219,0,0
B6_D1,406,0,293,0,0
G1_D1,347,0,41,0,0
B10_D1,106,0,59,0,0
B10_D1,658,0,469,0,0
B6_D1,661,0,342,0,0
G1_D1,617,0,30,0,0
B10_D1,725,0,77,0,0
B6_D1,434,0,112,0,0
B4_D1,193,0,409,0,0
B4_D1,749,0,73,0,0
G1_D1,201,0,56,0,0
B2_D1,90,0,511,0,0
B6_D1,516,0,19,0,0
B4_D1,604,0,50,0,0
G1_D1,31,0,37,0,0
B6_D1,356,0,32,0,0
B6_D1,293,0,382,0,0
B6_D1,688,0,379,0,-1
B10_D1,315,0,42,0,0
B2_D1,649,0,167,0,0
B10_D1,132,0,265,0,0
B6_D1,794,0,219,0,0
B6_D1,645,0,433,0,0
B2_D1,883,0,89,0,0
B6_D1,5,0,366,0,0
G1_D1,909,0,490,0,0
B6_D1,146,0,425,0,0
B10_D1,23,0,3,0,0
G1_D1,960,0,11,0,0
B6_D1,12,0,6,0,0
B6_D1,378,0,140,0,0
B2_D1,351,0,176,0,0
B10_D1,664,0,278,0,0
G1_D1,920,0,217,0,0
B10_D1,68,0,266,0,0
B10_D1,722,0,49,0,0
G1_D1,504,0,0,0,0
B10_D1,690,0,18,0,0
B6_D1,898,0,504,0,0
B10_D1,211,0,12,0,0
G1_D1,261,0,510,0,0
B10_D1,472,0,161,0,0
B10_D1,279,0,188,0,0
B6_D1,851,0,216,0,0
B10_D1,17,0,62,0,0
B10_D1,232,0,333,0,0
B10_D1,431,0,247,0,0
B6_D1,252,0,18,0,0
B6_D1,961,0,244,0,0
B2_D1,315,0,54,0,0
G1_D1,378,0,13,0,0
B6_D1,836,0,106,0,0
B10_D1,949,0,290,0,0
B6_D1,756,0,283,0,0
G1_D1,173,0,63,0,0
B10_D1,854,0,438,0,0
B10_D1,773,0,48,0,0
G1_D1,628,0,466,0,0
G1_D1,346,0,287,0,0
B6_D1,130,0,271,0,0
B10_D1,44,0,4,0,0
B4_D1,525,0,278,0,0
B6_D1,110,0,138,0,0
B6_D1,319,0,223,0,0
B6_D1,888,0,50,0,0
G1_D1,229,0,37,0,0
B10_D1,68,0,89,0,0
B10_D1,364,0,49,0,0
B6_D1,706,0,453,0,0
B10_D1,434,0,147,0,0
B6_D1,784,0,311,0,0
B6_D1,573,0,307,0,0
B10_D1,448,0,89,0,0
B4_D1,837,0,95,0,0
B6_D1,712,0,36,0,0
B6_D1,17,0,385,0,0
B10_D1,335,0,308,0,0
B6_D1,645,0,59,0,0
B10_D1,355,0,485,0,0
B6_D1,168,0,38,0,0
B6_D1,806,0,200,0,0
B6_D1,560,0,466,0,0
G1_D1,26,0,105,0,0
B10_D1,555,0,507,0,0
B10_D1,797,0,60,0,0
B6_D1,39,0,116,0,0
B4_D1,3,0,299,0,0
B6_D1,324,0,33,0,0
B10_D1,445,0,230,0,0
B10_D1,343,0,3,0,0
B6_D1,138,0,487,0,0
B10_D1,822,0,413,0,0
B10_D1,727,0,1,0,0
B10_D1,418,0,105,0,0
B4_D1,779,0,27,0,0
B6_D1,68,0,126,0,0
B10_D1,554,0,140,0,0
B6_D1,975,0,297,0,0
G1_D1,817,0,4,0,0
B10_D1,255,0,8,0,0
B10_D1,495,0,249,0,0
B2_D1,865,0,120,0,0
G1_D1,784,0,3,0,0
B10_D1,221,0,68,0,0
B10_D1,187,0,35,0,0
B4_D1,1019,0,65,0,0
G1_D1,652,0,3,0,0
B2_D1,727,0,37,0,0
B10_D1,674,0,162,0,0
B6_D1,102,0,308,0,0
B2_D1,146,0,453,0,0
B6_D1,752,0,383,0,0
B6_D1,141,0,276,0,0
G1_D1,61,0,202,0,0
B10_D1,14,0,233,0,0
B10_D1,703,0,329,0,0
B6_D1,43,0,274,0,0
B6_D1,564,0,389,0,0
B6_D1,885,0,91,0,0
G1_D1,800,0,388,0,0
B10_D1,399,0,3,0,0
B10_D1,438,0,301,0,0
G1_D1,1014,0,495,0,0
B10_D1,793,0,327,0,0
B6_D1,864,0,297,0,0
B6_D1,973,0,149,0,0
B2_D1,801,0,46,0,0
G1_D1,792,0,263,0,0
G1_D1,473,0,88,0,0
B10_D1,341,0,224,0,0
G1_D1,988,0,115,0,0
B8_D1,75,0,145,0,0
B6_D1,230,0,507,0,0
B6_D1,954,0,503,0,0
B10_D1,423,0,488,0,0
B10_D1,136,0,215,0,0
B10_D1,162,0,341,0,0
B10_D1,233,0,114,0,0
B8_D1,654,0,230,0,0
B10_D1,65,0,186,0,0
B10_D1,398,0,89,0,0
B10_D1,716,0,9,0,0
B8_D1,480,0,295,0,0
B6_D1,242,0,498,0,0
B10_D1,302,0,130,0,0
G1_D1,765,0,51,0,0
B2_D1,251,0,64,0,0
B8_D1,909,0,301,0,0
B10_D1,115,0,509,0,0
B4_D1,602,0,41,0,0
B10_D1,873,0,341,0,0
B10_D1,839,0,87,0,0
B2_D1,2,0,20,0,0
B10_D1,469,0,56,0,0
B2_D1,566,0,511,0,0
B10_D1,838,0,236,0,0
G1_D1,999,0,132,0,0
B6_D1,100,0,15,0,0
B4_D1,529,0,421,0,0
B4_D1,650,0,51,0,0
G1_D1,5,0,450,0,0
G1_D1,907,0,469,0,0
B10_D1,696,0,238,0,0
B10_D1,760,0,166,0,0
B6_D1,672,0,0,0,0
G1_D1,20,0,143,0,0
B6_D1,672,0,15,0,0
B10_D1,844,0,89,0,0
B6_D1,46,0,482,0,0
G1_D1,358,0,9,0,0
B10_D1,145,0,332,0,0
B4_D1,144,0,424,0,0
B10_D1,144,0,273,0,0
G1_D1,748,0,7,0,0
B2_D1,187,0,129,0,0
B10_D1,50,0,36,0,0
B10_D1,699,0,256,0,0
B6_D1,880,0,109,0,0
G1_D1,142,0,13,0,0
B6_D1,674,0,363,0,0
G1_D1,700,0,259,0,0
B6_D1,819,0,422,0,0
B4_D1,64,0,415,0,0
B6_D1,769,0,268,0,0
B6_D1,290,0,246,0,0
B2_D1,808,0,280,0,0
B6_D1,263,0,158,0,0
B6_D1,848,0,37,0,0
B6_D1,234,0,499,0,0
G1_D1,344,0,310,0,0
B6_D1,456,0,27,0,0
B6_D1,134,0,271,0,0
B6_D1,640,0,15,0,0
B10_D1,326,0,414,0,0
B10_D1,662,0,447,0,0
B6_D1,292,0,54,0,0
B6_D1,228,0,22,0,0
B4_D1,101,0,451,0,0
B10_D1,871,0,69,0,0
B10_D1,709,0,14,0,0
B6_D1,43,0,87,0,0
B6_D1,988,0,409,0,0
B10_D1,469,0,125,0,0
B10_D1,458,0,225,0,0
B6_D1,920,0,212,0,0
G1_D1,433,0,263,0,0
B6_D1,574,0,434,0,0
B10_D1,1023,0,231,0,0
B2_D1,1003,0,53,0,0
B10_D1,437,0,16,0,0
B10_D1,18,0,54,0,0
B10_D1,428,0,248,0,0
B6_D1,482,0,489,0,0
B6_D1,839,0,60,0,0
B6_D1,124,0,20,0,0
B6_D1,502,0,490,0,0
B6_D1,516,0,171,0,0
B6_D1,965,0,118,0,0
B6_D1,452,0,40,0,0
B2_D1,20,0,47,0,0
B10_D1,216,0,163,0,0
G1_D1,127,0,16,0,0
B4_D1,163,0,69,0,0
B6_D1,309,0,80,0,0
G1_D1,619,0,139,0,0
B2_D1,978,0,69,0,0
B6_D1,848,0,11,0,0
B6_D1,230,0,506,0,0
B10_D1,733,0,316,0,0
B10_D1,452,0,89,0,0
G1_D1,768,0,257,0,0
B10_D1,628,0,482,0,0
B2_D1,802,0,2,0,0
B4_D1,126,0,422,0,0
B10_D1,252,0,67,0,0
G1_D1,811,0,54,0,0
G1_D1,994,0,134,0,0
B4_D1,254,0,45,0,0
B6_D1,914,0,488,0,0
B2_D1,720,0,61,0,0
B6_D1,532,0,25,0,0
B4_D1,2,0,480,0,0
G1_D1,1018,0,487,0,0
B10_D1,323,0,308,0,0
B6_D1,703,0,284,0,0
G1_D1,746,0,47,0,0
B6_D1,811,0,122,0,0
B10_D1,718,0,473,0,0
B10_D1,239,0,253,0,0
B6_D1,791,0,450,0,0
B4_D1,613,0,155,0,0
B10_D1,66,0,286,0,0
B6_D1,127,0,434,0,0
B10_D1,840,0,331,0,0
B4_D1,5,0,371,0,0
B10_D1,440,0,240,0,0
B10_D1,212,0,294,0,0
B8_D1,937,0,237,0,0
G1_D1,903,0,15,0,0
G1_D1,221,0,268,0,0
B6_D1,800,0,21,0,0
B2_D1,103,0,99,0,0
B6_D1,964,0,144,0,0
B10_D1,743,0,256,0,0
B2_D1,955,0,45,0,0
B10_D1,599,0,124,0,0
B6_D1,162,0,438,0,0
G1_D1,596,0,1,0,0
B6_D1,732,0,43,0,0
B10_D1,307,0,305,0,0
B10_D1,699,0,85,0,0
G1_D1,785,0,72,0,0
B10_D1,260,0,346,0,0
B4_D1,414,0,192,0,0
B6_D1,246,0,507,0,0
B10_D1,208,0,19,0,0
B6_D1,523,0,365,0,0
B10_D1,522,0,49,0,0
G1_D1,9,0,209,0,0
G1_D1,175,0,123,0,0
B6_D1,351,0,210,0,0
B6_D1,296,0,26,0,0
G1_D1,197,0,44,0,0
B10_D1,540,0,66,0,0
G1_D1,713,0,253,0,0
B4_D1,898,0,73,0,0
B6_D1,410,0,152,0,0
B6_D1,920,0,48,0,0
B10_D1,921,0,436,0,0
B6_D1,438,0,497,0,0
B4_D1,1022,0,217,0,0
G1_D1,235,0,10,0,0
B6_D1,247,0,158,0,0
B10_D1,849,0,217,0,0
G1_D1,700,0,509,0,0
B6_D1,430,0,494,0,0
B4_D1,5,0,322,0,0
B6_D1,450,0,112,0,0
B10_D1,359,0,274,0,0
B8_D1,726,0,312,0,0
B10_D1,120,0,187,0,0
G1_D1,6,0,354,0,0
B10_D1,916,0,468,0,0
B6_D1,995,0,112,0,0
B10_D1,339,0,506,0,0
B10_D1,142,0,202,0,0
G1_D1,261,0,8,0,0
B6_D1,480,0,43,0,0
B10_D1,727,0,403,0,0
B2_D1,632,0,288,0,0
B10_D1,751,0,366,0,0
B6_D1,760,0,17,0,0
B6_D1,752,0,106,0,0
G1_D1,558,0,87,0,0
B10_D1,22,0,101,0,0
B4_D1,645,0,289,0,0
B10_D1,5,0,291,0,0
B4_D1,86,0,129,0,0
B10_D1,809,0,2,0,0
G1_D1,199,0,67,0,0
B6_D1,527,0,170,0,0
G1_D1,216,0,450,0,0
B6_D1,975,0,346,0,0
B6_D1,406,0,511,0,0
B6_D1,788,0,30,0,0
G1_D1,68,0,139,0,0
G1_D1,71,0,267,0,0
B10_D1,570,0,296,0,0
B6_D1,15,0,67,0,0
G1_D1,848,0,85,0,0
B6_D1,120,0,234,0,0
G1_D1,57,0,51,0,0
B6_D1,874,0,350,0,0
B10_D1,35,0,264,0,0
B2_D1,694,0,91,0,0
B6_D1,2,0,195,0,0
B10_D1,446,0,508,0,0
G1_D1,115,0,186,0,0
G1_D1,685,0,114,0,0
G1_D1,957,0,207,0,0
G1_D1,1005,0,143,0,0
G1_D1,527,0,263,0,0
B10_D1,542,0,76,0,0
B10_D1,265,0,183,0,0
G1_D1,182,0,394,0,0
B10_D1,512,0,82,0,0
B10_D1,104,0,188,0,0
B6_D1,712,0,57,0,0
B6_D1,332,0,16,0,0
B10_D1,952,0,67,0,0
B10_D1,322,0,195,0,0
B10_D1,46,0,59,0,0
B10_D1,944,0,291,0,0
B10_D1,820,0,428,0,0
G1_D1,943,0,21,0,0
B6_D1,174,0,360,0,0
G1_D1,85,0,399,0,0
G1_D1,827,0,96,0,0
B10_D1,965,0,218,0,0
G1_D1,625,0,12,0,0
B6_D1,378,0,511,0,0
B10_D1,464,0,81,0,0
G1_D1,243,0,253,0,0
B6_D1,814,0,510,0,0
B10_D1,336,0,337,0,0
B6_D1,492,0,1,0,0
B10_D1,991,0,264,0,0
B6_D1,614,0,483,0,0
B6_D1,150,0,472,0,0
B6_D1,206,0,490,0,0
B10_D1,248,0,346,0,0
B10_D1,933,0,257,0,0
G1_D1,669,0,111,0,0
G1_D1,22,0,260,0,0
B6_D1,681,0,210,0,0
B6_D1,984,0,404,0,0
B10_D1,41,0,207,0,0
G1_D1,911,0,272,0,0
G1_D1,226,0,183,0,0
G1_D1,756,0,465,0,0
B10_D1,28,0,207,0,0
B6_D1,731,0,57,0,0
B10_D1,285,0,179,0,0
B10_D1,792,0,173,0,0
B6_D1,770,0,201,0,0
B2_D1,149,0,191,0,0
B10_D1,439,0,507,0,0
B10_D1,30,0,148,0,0
B6_D1,864,0,40,0,0
B6_D1,953,0,310,0,0
B6_D1,544,0,162,0,0
B6_D1,302,0,506,0,0
B4_D1,318,0,98,0,0
B10_D1,18,0,49,0,0
B6_D1,640,0,7,0,0
B6_D1,301,0,394,0,0
B10_D1,769,0,20,0,0
B4_D1,898,0,255,0,0
B2_D1,349,0,290,0,0
G1_D1,21,0,84,0,0
B6_D1,5,0,452,0,0
G1_D1,145,0,35,0,0
B10_D1,725,0,336,0,0
B6_D1,427,0,419,0,0
G1_D1,42,0,211,0,0
G1_D1,12,0,207,0,0
B10_D1,71,0,55,0,0
B6_D1,287,0,457,0,0
B6_D1,908,0,6,0,0
B10_D1,578,0,508,0,0
B8_D1,738,0,198,0,0
G1_D1,310,0,141,0,0
B6_D1,734,0,498,0,0
B6_D1,616,0,24,0,0
G1_D1,580,0,224,0,0
B6_D1,863,0,203,0,0
B6_D1,321,0,212,0,0
B6_D1,996,0,331,0,0
B10_D1,428,0,108,0,0
B6_D1,934,0,302,0,0
G1_D1,624,0,268,0,0
B6_D1,976,0,122,0,0
G1_D1,691,0,44,0,0
B10_D1,968,0,480,0,0
B10_D1,184,0,188,0,0
B6_D1,819,0,194,0,0
B8_D1,13,0,261,0,0
B6_D1,798,0,498,0,0
B6_D1,391,0,157,0,0
B6_D1,238,0,87,0,0
B6_D1,956,0,27,0,0
B6_D1,1,0,382,0,0
B10_D1,252,0,130,0,0
B6_D1,842,0,501,0,0
B8_D1,944,0,300,0,0
B6_D1,265,0,156,0,0
B6_D1,1008,0,230,0,0
B6_D1,145,0,92,0,0
B2_D1,284,0,42,0,0
B6_D1,765,0,401,0,0
B10_D1,739,0,27,0,0
B8_D1,808,0,227,0,0
G1_D1,817,0,456,0,0
G1_D1,296,0,24,0,0
B6_D1,566,0,485,0,0
B6_D1,360,0,15,0,0
G1_D1,911,0,15,0,0
B6_D1,394,0,169,0,0
B6_D1,444,0,38,0,0
B6_D1,593,0,120,0,0
B8_D1,35,0,272,0,0
B10_D1,351,0,267,0,0
B6_D1,440,0,19,0,0
B10_D1,139,0,47,0,0
B10_D1,736,0,344,0,0
B10_D1,485,0,79,0,0
G1_D1,31,0,305,0,0
B2_D1,348,0,288,0,0
B10_D1,251,0,162,0,0
B6_D1,748,0,296,0,0
B10_D1,298,0,195,0,0
B6_D1,398,0,299,0,0
B6_D1,3,0,193,0,0
B10_D1,363,0,277,0,0
B6_D1,182,0,503,0,0
B6_D1,960,0,19,0,0
B10_D1,102,0,95,0,0
G1_D1,860,0,7,0,0
B6_D1,163,0,246,0,0
B4_D1,682,0,189,0,0
B6_D1,17,0,129,0,0
B2_D1,1,0,240,0,0
B6_D1,278,0,335,0,0
B10_D1,271,0,167,0,0
B4_D1,663,0,62,0,0
B6_D1,514,0,489,0,0
G1_D1,910,0,330,0,0
B10_D1,875,0,505,0,0
B10_D1,92,0,4,0,0
B10_D1,479,0,507,0,0
G1_D1,192,0,506,0,0
B2_D1,387,0,112,0,0
B6_D1,730,0,67,0,0
B10_D1,551,0,113,0,0
B6_D1,969,0,255,0,0
B2_D1,1,0,289,0,0
B6_D1,845,0,141,0,0
G1_D1,981,0,30,0,0
G1_D1,820,0,255,0,0
B6_D1,576,0,389,0,0
B4_D1,1023,0,33,0,0
B6_D1,915,0,95,0,0
G1_D1,348,0,204,0,0
B6_D1,422,0,147,0,0
B6_D1,347,0,143,0,0
B4_D1,683,0,310,0,0
G1_D1,101,0,136,0,0
G1_D1,274,0,395,0,0
B10_D1,64,0,128,0,0
B10_D1,499,0,125,0,0
B6_D1,566,0,487,0,0
B6_D1,182,0,510,0,0
G1_D1,271,0,191,0,0
B10_D1,217,0,511,0,0
B6_D1,851,0,306,0,0
B6_D1,844,0,106,0,0
B10_D1,390,0,102,0,0
B6_D1,757,0,150,0,0
B10_D1,504,0,122,0,0
G1_D1,680,0,32,0,0
B6_D1,313,0,78,0,0
B4_D1,583,0,142,0,0
G1_D1,30,0,239,0,0
B4_D1,747,0,243,0,0
B4_D1,206,0,34,0,0
B6_D1,814,0,107,0,0
B10_D1,196,0,288,0,0
B2_D1,894,0,96,0,0
G1_D1,1015,0,228,0,0
G1_D1,60,0,454,0,0
B6_D1,271,0,184,0,0
B6_D1,772,0,243,0,0
B6_D1,666,0,157,0,0
G1_D1,692,0,85,0,0
B2_D1,629,0,480,0,0
B10_D1,573,0,320,0,0
B2_D1,111,0,202,0,0
B6_D1,273,0,170,0,0
B2_D1,459,0,108,0,0
B10_D1,320,0,337,0,0
B6_D1,863,0,155,0,0
B10_D1,617,0,473,0,0
B10_D1,641,0,271,0,0
B6_D1,723,0,201,0,0
B6_D1,736,0,272,0,0
B10_D1,151,0,50,0,0
B6_D1,424,0,9,0,0
B10_D1,554,0,316,0,0
B10_D1,374,0,183,0,0
B6_D1,704,0,31,0,0
B10_D1,880,0,353,0,0
B2_D1,815,0,189,0,0
B10_D1,705,0,69,0,0
B6_D1,124,0,39,0,0
B4_D1,652,0,284,0,0
G1_D1,944,0,247,0,0
B6_D1,66,0,482,0,0
B6_D1,210,0,507,0,0
B4_D1,364,0,373,0,0
G1_D1,36,0,176,0,0
B4_D1,472,0,118,0,0
B6_D1,987,0,423,0,0
B6_D1,772,0,30,0,0
B6_D1,278,0,482,0,0
G1_D1,820,0,11,0,0
B10_D1,529,0,265,0,0
B6_D1,410,0,259,0,0
G1_D1,410,0,115,0,0
G1_D1,810,0,215,0,0
G1_D1,519,0,123,0,0
G1_D1,209,0,44,0,0
B10_D1,488,0,130,0,0
B10_D1,232,0,163,0,0
B10_D1,629,0,284,0,0
B6_D1,878,0,350,0,0
B10_D1,352,0,180,0,0
B10_D1,727,0,427,0,0
G1_D1,1018,0,287,0,0
B4_D1,700,0,37,0,0
B10_D1,297,0,272,0,0
B6_D1,1014,0,487,0,0
B10_D1,239,0,26,0,0
G1_D1,391,0,242,0,0
G1_D1,56,0,500,0,0
B10_D1,268,0,62,0,0
G1_D1,237,0,58,0,0
B10_D1,121,0,193,0,0
B6_D1,1014,0,144,0,0
B10_D1,616,0,4,0,0
B6_D1,1000,0,18,0,0
B6_D1,132,0,11,0,0
B10_D1,236,0,4,0,0
G1_D1,368,0,487,0,0
B6_D1,529,0,175,0,0
B4_D1,621,0,109,0,0
G1_D1,31,0,68,0,0
B6_D1,900,0,12,0,0
G1_D1,856,0,46,0,0
B6_D1,578,0,327,0,0
B6_D1,272,0,41,0,0
B10_D1,651,0,300,0,0
B2_D1,873,0,17,0,0
G1_D1,797,0,4,0,0
B10_D1,926,0,68,0,0
B10_D1,870,0,368,0,0
B10_D1,241,0,142,0,0
B6_D1,998,0,106,0,0
G1_D1,124,0,203,0,0
B6_D1,875,0,138,0,0
B10_D1,436,0,240,0,0
B10_D1,913,0,384,0,0
B10_D1,122,0,106,0,0
B6_D1,258,0,128,0,0
B6_D1,313,0,80,0,0
G1_D1,147,0,207,0,0
B10_D1,584,0,95,0,0
B6_D1,664,0,74,0,0
G1_D1,255,0,65,0,0
B4_D1,1007,0,234,0,0
B6_D1,776,0,5,0,0
B6_D1,898,0,492,0,0
G1_D1,366,0,475,0,0
B6_D1,815,0,336,0,0
B10_D1,574,0,299,0,0
B6_D1,276,0,342,0,0
B4_D1,700,0,271,0,0
B6_D1,792,0,162,0,0
B6_D1,348,0,348,0,0
B6_D1,519,0,425,0,0
G1_D1,1009,0,41,0,0
B6_D1,354,0,501,0,0
G1_D1,11,0,295,0,0
G1_D1,799,0,265,0,0
G1_D1,505,0,156,0,0
B10_D1,300,0,5,0,0
B10_D1,185,0,49,0,0
B4_D1,259,0,300,0,0
B6_D1,900,0,38,0,0
B6_D1,323,0,144,0,0
G1_D1,1018,0,453,0,0
B10_D1,80,0,88,0,0
B10_D1,787,0,444,0,0
B6_D1,583,0,349,0,0
G1_D1,501,0,64,0,0
B6_D1,653,0,305,0,0
G1_D1,1022,0,262,0,0
B6_D1,396,0,39,0,0
G1_D1,185,0,62,0,0
B6_D1,421,0,360,0,0
B10_D1,699,0,13,0,0
B6_D1,724,0,23,0,0
B10_D1,395,0,2,0,0
G1_D1,584,0,158,0,0
B10_D1,258,0,348,0,0
B10_D1,979,0,290,0,0
B6_D1,366,0,505,0,0
B10_D1,601,0,263,0,0
B6_D1,964,0,198,0,0
B10_D1,400,0,312,0,0
B10_D1,397,0,279,0,0
B10_D1,803,0,63,0,0
B2_D1,383,0,206,0,0
B10_D1,586,0,325,0,0
G1_D1,137,0,63,0,0
B10_D1,372,0,33,0,0
B6_D1,195,0,77,0,0
B2_D1,768,0,468,0,0
B6_D1,434,0,505,0,0
B10_D1,37,0,175,0,0
G1_D1,36,0,470,0,0
B10_D1,438,0,211,0,0
B6_D1,653,0,377,0,0
G1_D1,862,0,302,0,0
B10_D1,966,0,34,0,0
G1_D1,142,0,266,0,0
B10_D1,443,0,488,0,0
B4_D1,416,0,191,0,0
B10_D1,29,0,80,0,0
B6_D1,78,0,511,0,0
B10_D1,448,0,316,0,0
B10_D1,638,0,49,0,0
B6_D1,144,0,444,0,0
B6_D1,351,0,95,0,0
B10_D1,200,0,4,0,0
B2_D1,833,0,232,0,0
G1_D1,2,0,478,0,0
B10_D1,264,0,251,0,0
B10_D1,590,0,335,0,0
B10_D1,182,0,43,0,0
G1_D1,150,0,315,0,0
B6_D1,720,0,386,0,0
B2_D1,594,0,224,0,0
G1_D1,21,0,257,0,0
B2_D1,713,0,41,0,0
B4_D1,4,0,417,0,0
B6_D1,336,0,16,0,0
B10_D1,518,0,329,0,0
B2_D1,169,0,143,0,0
B6_D1,457,0,265,0,0
B6_D1,520,0,26,0,0
B6_D1,337,0,292,0,0
G1_D1,402,0,120,0,0
G1_D1,628,0,267,0,0
B8_D1,322,0,186,0,0
G1_D1,990,0,164,0,0
B10_D1,6,0,114,0,0
B6_D1,132,0,139,0,0
B4_D1,67,0,163,0,0
B6_D1,289,0,243,0,0
B10_D1,603,0,3,0,0
B6_D1,524,0,281,0,0
G1_D1,24,0,509,0,0
B10_D1,250,0,341,0,0
B6_D1,195,0,473,0,0
B10_D1,265,0,415,0,0
B6_D1,550,0,484,0,0
B10_D1,438,0,297,0,0
B6_D1,634,0,503,0,0
B10_D1,631,0,2,0,0
B10_D1,688,0,418,0,0
B6_D1,1002,0,504,0,0
G1_D1,857,0,185,0,0
B10_D1,138,0,88,0,0
G1_D1,974,0,158,0,0
G1_D1,875,0,37,0,0
B10_D1,14,0,13,0,0
B10_D1,281,0,347,0,0
B6_D1,806,0,495,0,0
B10_D1,420,0,385,0,0
B4_D1,611,0,209,0,0
B10_D1,353,0,488,0,0
B6_D1,336,0,13,0,0
B2_D1,736,0,495,0,0
G1_D1,376,0,11,0,0
B4_D1,625,0,153,0,0
B10_D1,210,0,130,0,0
B6_D1,758,0,305,0,0
B6_D1,98,0,92,0,0
B10_D1,166,0,150,0,0
B6_D1,330,0,506,0,0
B4_D1,31,0,117,0,0
B6_D1,353,0,190,0,0
B4_D1,248,0,345,0,0
B4_D1,655,0,321,0,0
B6_D1,815,0,120,0,0
B6_D1,55,0,477,0,0
B4_D1,522,0,423,0,0
B10_D1,669,0,117,0,0
B10_D1,428,0,200,0,0
B6_D1,301,0,202,0,0
G1_D1,148,0,200,0,0
B10_D1,507,0,411,0,0
B6_D1,46,0,66,0,0
B6_D1,924,0,27,0,0
G1_D1,1020,0,436,0,0
B6_D1,719,0,201,0,0
B10_D1,111,0,128,0,0
B2_D1,425,0,24,0,0
B6_D1,28,0,256,0,0
B10_D1,552,0,65,0,0
B10_D1,520,0,145,0,0
B6_D1,19,0,146,0,0
B10_D1,685,0,74,0,0
B6_D1,862,0,201,0,0
B6_D1,329,0,50,0,0
G1_D1,348,0,288,0,0
B6_D1,3,0,274,0,0
B4_D1,711,0,197,0,0
B10_D1,962,0,260,0,0
B10_D1,4,0,83,0,0
B8_D1,185,0,195,0,0
G1_D1,32,0,0,0,0
B4_D1,731,0,294,0,0
G1_D1,955,0,249,0,0
B2_D1,882,0,39,0,0
B6_D1,368,0,21,0,0
B10_D1,243,0,54,0,0
B6_D1,916,0,120,0,0
B2_D1,418,0,505,0,0
B10_D1,705,0,272,0,0
B10_D1,507,0,334,0,0
B10_D1,369,0,132,0,0
B10_D1,534,0,16,0,0
G1_D1,577,0,85,0,0
B10_D1,209,0,188,0,0
B10_D1,270,0,444,0,0
B4_D1,672,0,185,0,0
B10_D1,860,0,5,0,0
B6_D1,818,0,71,0,0
B6_D1,589,0,342,0,0
B10_D1,942,0,81,0,0
B4_D1,185,0,206,0,0
G1_D1,456,0,102,0,0
B4_D1,834,0,94,0,0
B10_D1,6,0,239,0,0
B6_D1,297,0,162,0,0
B6_D1,828,0,25,0,0
G1_D1,428,0,98,0,0
G1_D1,573,0,244,0,0
B6_D1,806,0,134,0,0
B6_D1,858,0,373,0,0
B6_D1,399,0,481,0,0
B6_D1,835,0,366,0,0
B6_D1,834,0,330,0,0
B6_D1,100,0,6,0,0
G1_D1,48,0,389,0,0
B10_D1,389,0,488,0,0
B10_D1,17,0,323,0,0
B6_D1,615,0,365,0,0
B6_D1,59,0,282,0,0
B10_D1,80,0,129,0,0
B6_D1,830,0,487,0,0
B10_D1,396,0,312,0,0
G1_D1,16,0,158,0,0
B10_D1,368,0,157,0,0
B6_D1,730,0,202,0,0
G1_D1,976,0,61,0,0
B6_D1,528,0,6,0,0
B10_D1,704,0,418,0,0
B10_D1,8,0,193,0,0
G1_D1,552,0,7,0,0
B6_D1,172,0,44,0,0
B10_D1,690,0,295,0,0
B4_D1,111,0,200,0,0
B10_D1,847,0,485,0,0
B10_D1,931,0,109,0,0
B10_D1,1019,0,125,0,0
B6_D1,582,0,494,0,0
B6_D1,324,0,2,0,0
G1_D1,790,0,201,0,0
G1_D1,1008,0,235,0,0
B10_D1,972,0,51,0,0
B2_D1,699,0,60,0,0
B4_D1,91,0,290,0,0
B10_D1,508,0,9,0,0
B4_D1,202,0,358,0,0
G1_D1,425,0,12,0,0
B6_D1,216,0,19,0,0
B6_D1,35,0,323,0,0
B6_D1,763,0,199,0,0
B10_D1,609,0,138,0,0
B2_D1,218,0,51,0,0
B6_D1,730,0,494,0,0
B10_D1,279,0,264,0,0
G1_D1,232,0,273,0,0
G1_D1,787,0,31,0,0
B10_D1,875,0,474,0,0
B6_D1,680,0,34,0,0
B6_D1,471,0,230,0,0
B10_D1,1001,0,11,0,0
G1_D1,47,0,111,0,0
B10_D1,165,0,362,0,0
G1_D1,80,0,45,0,0
B6_D1,974,0,495,0,0
B10_D1,332,0,290,0,0
B6_D1,731,0,481,0,0
B10_D1,72,0,211,0,0
B10_D1,1019,0,110,0,0
B8_D1,906,0,303,0,0
B6_D1,816,0,235,0,0
B6_D1,308,0,334,0,0
B4_D1,7,0,161,0,0
G1_D1,811,0,258,0,0
B4_D1,326,0,17,0,0
B4_D1,989,0,70,0,0
B10_D1,254,0,191,0,0
B6_D1,786,0,509,0,0
B10_D1,435,0,305,0,0
B10_D1,543,0,271,0,0
B4_D1,975,0,217,0,0
B6_D1,856,0,2,0,0
B10_D1,843,0,408,0,0
B10_D1,715,0,104,0,0
B10_D1,654,0,143,0,0
B10_D1,847,0,0,0,0
B2_D1,350,0,201,0,0
B6_D1,226,0,495,0,0
B6_D1,52,0,261,0,0
B6_D1,188,0,50,0,0
G1_D1,844,0,11,0,0
B4_D1,260,0,225,0,0
B10_D1,437,0,239,0,0
B10_D1,894,0,307,0,0
B10_D1,824,0,332,0,0
G1_D1,1001,0,106,0,0
G1_D1,320,0,180,0,0
B6_D1,619,0,426,0,0
B2_D1,752,0,44,0,0
B2_D1,284,0,489,0,0
B6_D1,264,0,422,0,0
B6_D1,406,0,123,0,0
B10_D1,768,0,57,0,0
B2_D1,455,0,32,0,0
G1_D1,15,0,182,0,0
B4_D1,274,0,43,0,0
B6_D1,304,0,14,0,0
B10_D1,338,0,74,0,0
B6_D1,1014,0,500,0,0
B10_D1,808,0,19,0,0
G1_D1,259,0,76,0,0
B6_D1,974,0,491,0,0
G1_D1,158,0,22,0,0
G1_D1,142,0,113,0,0
B10_D1,483,0,32,0,0
G1_D1,201,0,40,0,0
B10_D1,5,0,28,0,0
B6_D1,938,0,505,0,0
B6_D1,1008,0,420,0,0
B10_D1,10,0,341,0,0
B10_D1,599,0,194,0,0
B10_D1,145,0,203,0,0
B6_D1,754,0,275,0,0
B6_D1,190,0,493,0,0
G1_D1,1019,0,374,0,0
B4_D1,835,0,48,0,0
G1_D1,343,0,145,0,0
B6_D1,513,0,133,0,0
B6_D1,867,0,111,0,0
B6_D1,85,0,159,0,0
B6_D1,290,0,491,0,0
B6_D1,847,0,306,0,0
G1_D1,34,0,31,0,0
B10_D1,642,0,208,0,0
B10_D1,600,0,201,0,0
G1_D1,660,0,243,0,0
B10_D1,4,0,76,0,0
B6_D1,220,0,65,0,0
B6_D1,62,0,502,0,0
B10_D1,96,0,149,0,0
B10_D1,623,0,87,0,0
B2_D1,664,0,472,0,0
B6_D1,968,0,254,0,0
B10_D1,32,0,183,0,0
G1_D1,563,0,85,0,0
G1_D1,998,0,231,0,0
B10_D1,629,0,45,0,0
B10_D1,116,0,453,0,0
G1_D1,702,0,128,0,0
B10_D1,937,0,290,0,0
B10_D1,151,0,83,0,0
B4_D1,448,0,237,0,0
B6_D1,476,0,22,0,0
B10_D1,166,0,46,0,0
B6_D1,928,0,47,0,0
B6_D1,956,0,38,0,0
B6_D1,692,0,183,0,0
B4_D1,563,0,391,0,0
B2_D1,826,0,511,0,0
B2_D1,451,0,243,0,0
B10_D1,903,0,100,0,0
G1_D1,662,0,153,0,0
B6_D1,969,0,242,0,0
B2_D1,319,0,179,0,0
B6_D1,845,0,136,0,0
B6_D1,761,0,319,0,0
B10_D1,327,0,10,0,0
B4_D1,709,0,313,0,0
G1_D1,836,0,439,0,0
G1_D1,549,0,12,0,0
B10_D1,619,0,317,0,0
B4_D1,5,0,479,0,0
B10_D1,368,0,56,0,0
B6_D1,100,0,104,0,0
G1_D1,993,0,71,0,0
B10_D1,436,0,6,0,0
B10_D1,811,0,370,0,0
G1_D1,1011,0,38,0,0
B6_D1,806,0,332,0,0
B6_D1,542,0,251,0,0
B4_D1,670,0,24,0,0
B2_D1,346,0,36,0,0
B6_D1,768,0,205,0,0
B2_D1,119,0,205,0,0
B6_D1,544,0,222,0,0
G1_D1,356,0,39,0,0
B10_D1,741,0,464,0,0
G1_D1,234,0,288,0,0
B10_D1,569,0,124,0,0
B2_D1,771,0,75,0,0
B6_D1,184,0,449,0,0
B6_D1,39,0,88,0,0
G1_D1,712,0,282,0,0
G1_D1,736,0,349,0,0
B4_D1,1023,0,131,0,0
B10_D1,736,0,97,0,0
B10_D1,833,0,385,0,0
B10_D1,2,0,278,0,0
B6_D1,323,0,220,0,0
B6_D1,48,0,33,0,0
B10_D1,850,0,132,0,0
B10_D1,954,0,274,0,0
G1_D1,372,0,479,0,0
B2_D1,389,0,207,0,0
G1_D1,450,0,71,0,0
B10_D1,64,0,48,0,0
B2_D1,951,0,36,0,0
B10_D1,96,0,151,0,0
B6_D1,458,0,174,0,0
B6_D1,204,0,234,0,0
G1_D1,261,0,42,0,0
G1_D1,49,0,87,0,0
B10_D1,161,0,170,0,0
B10_D1,113,0,110,0,0
B2_D1,644,0,166,0,0
B6_D1,120,0,6,0,0
B10_D1,720,0,5,0,0
B8_D1,666,0,309,0,0
B10_D1,1004,0,256,0,0
B6_D1,895,0,52,0,0
B6_D1,700,0,36,0,0
G1_D1,612,0,7,0,0
B10_D1,455,0,270,0,0
B8_D1,976,0,243,0,0
B6_D1,48,0,119,0,0
B8_D1,672,0,310,0,0
B6_D1,0,0,26,0,0
B6_D1,39,0,477,0,0
B6_D1,950,0,485,0,0
B6_D1,26,0,488,0,0
B10_D1,370,0,309,0,0
B6_D1,938,0,237,0,0
G1_D1,154,0,22,0,0
B10_D1,61,0,262,0,0
B6_D1,313,0,50,0,0
B6_D1,844,0,149,0,0
B6_D1,138,0,113,0,0
B2_D1,150,0,104,0,0
B10_D1,437,0,502,0,0
B10_D1,123,0,3,0,0
G1_D1,192,0,61,0,0
B10_D1,538,0,162,0,0
B6_D1,786,0,505,0,0
B6_D1,117,0,462,0,0
B8_D1,654,0,308,0,0
B6_D1,171,0,477,0,0
B10_D1,690,0,114,0,0
G1_D1,10,0,215,0,0
B10_D1,254,0,140,0,0
B6_D1,141,0,362,0,0
G1_D1,949,0,459,0,0
G1_D1,993,0,113,0,0
B6_D1,192,0,39,0,0
B6_D1,432,0,461,0,0
B10_D1,896,0,239,0,0
B6_D1,222,0,424,0,0
B6_D1,62,0,482,0,0
B10_D1,122,0,268,0,0
B6_D1,284,0,41,0,0
B6_D1,40,0,32,0,0
B6_D1,281,0,75,0,0
B10_D1,645,0,313,0,0
B6_D1,650,0,302,0,0
B6_D1,586,0,483,0,0
B6_D1,716,0,372,0,0
B4_D1,244,0,214,0,0
B6_D1,128,0,44,0,0
G1_D1,241,0,69,0,0
B6_D1,521,0,50,0,0
B6_D1,144,0,337,0,0
G1_D1,580,0,226,0,0
G1_D1,111,0,17,0,0
G1_D1,279,0,239,0,0
B6_D1,236,0,1,0,0
B6_D1,614,0,63,0,0
B6_D1,496,0,34,0,0
B6_D1,640,0,20,0,0
G1_D1,1021,0,241,0,0
B6_D1,492,0,292,0,0
G1_D1,23,0,175,0,0
B6_D1,607,0,115,0,0
B8_D1,136,0,254,0,0
B6_D1,970,0,501,0,0
B10_D1,268,0,423,0,0
G1_D1,242,0,117,0,0
B10_D1,419,0,496,0,0
B4_D1,654,0,283,0,0
G1_D1,920,0,491,0,0
B6_D1,237,0,369,0,0
B10_D1,185,0,445,0,0
G1_D1,98,0,5,0,0
B10_D1,111,0,83,0,0
G1_D1,850,0,172,0,0
B6_D1,494,0,494,0,0
B6_D1,7,0,264,0,0
B6_D1,660,0,2,0,0
B6_D1,272,0,396,0,0
B10_D1,677,0,239,0,0
B6_D1,644,0,42,0,0
B10_D1,990,0,284,0,0
B2_D1,365,0,203,0,0
B10_D1,136,0,216,0,0
B10_D1,383,0,256,0,0
B2_D1,442,0,168,0,0
B6_D1,213,0,359,0,0
B2_D1,608,0,24,0,0
G1_D1,1015,0,46,0,0
B6_D1,480,0,23,0,0
G1_D1,997,0,184,0,0
G1_D1,309,0,51,0,0
B2_D1,282,0,294,0,0
B10_D1,1003,0,14,0,0
B10_D1,319,0,25,0,0
G1_D1,221,0,19,0,0
G1_D1,518,0,17,0,0
B10_D1,232,0,45,0,0
B6_D1,249,0,375,0,0
B6_D1,224,0,404,0,0
B6_D1,616,0,47,0,0
B4_D1,668,0,71,0,0
G1_D1,77,0,401,0,0
B6_D1,705,0,343,0,0
B6_D1,809,0,294,0,0
B2_D1,858,0,7,0,0
B6_D1,408,0,178,0,0
B6_D1,809,0,355,0,0
B6_D1,812,0,300,0,0
B10_D1,404,0,259,0,0
B6_D1,921,0,390,0,0
B6_D1,1008,0,12,0,0
B10_D1,329,0,7,0,0
B6_D1,397,0,314,0,0
B4_D1,363,0,368,0,0
B6_D1,989,0,411,0,0
B10_D1,393,0,101,0,0
B2_D1,151,0,509,0,0
B4_D1,38,0,134,0,0
G1_D1,12,0,158,0,0
B6_D1,839,0,138,0,0
B6_D1,567,0,361,0,0
B10_D1,330,0,31,0,0
B2_D1,327,0,53,0,0
B10_D1,566,0,72,0,0
G1_D1,760,0,68,0,0
B4_D1,635,0,179,0,0
B6_D1,172,0,383,0,0
B6_D1,198,0,330,0,0
B2_D1,153,0,135,0,0
B6_D1,184,0,40,0,0
B6_D1,226,0,173,0,0
B4_D1,845,0,15,0,0
B10_D1,812,0,173,0,0
B10_D1,4,0,159,0,0
G1_D1,463,0,107,0,0
B10_D1,265,0,96,0,0
G1_D1,206,0,343,0,0
B6_D1,7,0,81,0,0
B6_D1,80,0,42,0,0
B6_D1,943,0,136,0,0
B4_D1,875,0,24,0,0
B10_D1,699,0,64,0,0
B10_D1,774,0,409,0,0
B6_D1,468,0,392,0,0
G1_D1,701,0,385,0,0
B10_D1,861,0,291,0,0
B10_D1,928,0,307,0,0
B4_D1,96,0,130,0,0
B8_D1,34,0,270,0,0
B6_D1,398,0,504,0,0
G1_D1,562,0,39,0,0
G1_D1,768,0,58,0,0
B10_D1,219,0,0,0,0
B10_D1,160,0,505,0,0
B10_D1,676,0,175,0,0
B6_D1,616,0,27,0,0
B4_D1,431,0,417,0,0
B10_D1,570,0,299,0,0
B10_D1,902,0,307,0,0
B10_D1,686,0,176,0,0
B2_D1,319,0,38,0,0
B10_D1,427,0,450,0,0
G1_D1,875,0,245,0,0
B10_D1,636,0,44,0,0
B6_D1,735,0,146,0,0
G1_D1,147,0,269,0,0
B8_D1,162,0,199,0,0
B4_D1,867,0,40,0,0
B6_D1,386,0,511,0,0
B4_D1,219,0,61,0,0
B6_D1,716,0,281,0,0
B6_D1,885,0,69,0,0
B10_D1,627,0,464,0,0
B10_D1,221,0,452,0,0
G1_D1,315,0,400,0,0
B6_D1,394,0,495,0,0
B10_D1,863,0,87,0,0
B10_D1,286,0,121,0,0
B10_D1,557,0,40,0,0
B6_D1,902,0,507,0,0
B6_D1,668,0,126,0,0
B6_D1,218,0,510,0,0
B6_D1,309,0,435,0,0
B10_D1,341,0,16,0,0
B10_D1,451,0,170,0,0
B10_D1,1023,0,197,0,0
B6_D1,308,0,1,0,0
B10_D1,676,0,81,0,0
B10_D1,216,0,291,0,0
G1_D1,1017,0,492,0,0
B6_D1,942,0,277,0,0
B10_D1,301,0,79,0,0
B4_D1,208,0,19,0,0
B10_D1,920,0,77,0,0
G1_D1,950,0,81,0,0
G1_D1,390,0,209,0,0
B4_D1,836,0,31,0,0
B10_D1,456,0,410,0,0
G1_D1,665,0,174,0,0
B6_D1,40,0,37,0,0
B10_D1,240,0,314,0,0
G1_D1,626,0,510,0,0
G1_D1,306,0,42,0,0
B10_D1,5,0,11,0,0
B10_D1,1,0,124,0,0
B10_D1,780,0,100,0,0
G1_D1,761,0,260,0,0
B6_D1,260,0,171,0,0
B10_D1,1013,0,69,0,0
B4_D1,67,0,304,0,0
B6_D1,297,0,80,0,0
B6_D1,25,0,475,0,0
B6_D1,828,0,4,0,0
B6_D1,358,0,459,0,0
B10_D1,811,0,453,0,0
B6_D1,138,0,497,0,0
B6_D1,128,0,100,0,0
B6_D1,912,0,38,0,0
B10_D1,24,0,9,0,0
B10_D1,433,0,408,0,0
B4_D1,103,0,16,0,0
G1_D1,286,0,56,0,0
G1_D1,494,0,69,0,0
G1_D1,812,0,0,0,0
B10_D1,522,0,53,0,0
B10_D1,643,0,60,0,0
B10_D1,321,0,179,0,0
B10_D1,80,0,24,0,0
G1_D1,960,0,1,0,0
B6_D1,492,0,35,0,0
B6_D1,544,0,43,0,0
B6_D1,123,0,395,0,0
B10_D1,246,0,157,0,0
B4_D1,1020,0,244,0,0
B2_D1,745,0,195,0,0
G1_D1,647,0,80,0,0
B10_D1,261,0,282,0,0
B6_D1,771,0,68,0,0
B2_D1,576,0,472,0,0
G1_D1,341,0,289,0,0
G1_D1,705,0,109,0,0
B6_D1,143,0,338,0,0
B6_D1,142,0,319,0,0
B10_D1,130,0,113,0,0
B6_D1,439,0,481,0,0
B10_D1,652,0,61,0,0
G1_D1,48,0,123,0,0
B10_D1,354,0,162,0,0
B10_D1,639,0,470,0,0
B6_D1,108,0,242,0,0
B4_D1,168,0,0,0,0
B6_D1,9,0,391,0,0
G1_D1,671,0,14,0,0
B6_D1,853,0,205,0,0
B6_D1,692,0,379,0,0
B4_D1,144,0,148,0,0
B6_D1,20,0,22,0,0
B10_D1,405,0,462,0,0
B10_D1,267,0,245,0,0
B6_D1,995,0,96,0,0
B6_D1,79,0,103,0,0
G1_D1,851,0,126,0,0
B6_D1,314,0,155,0,0
B10_D1,41,0,170,0,0
B10_D1,745,0,47,0,0
G1_D1,879,0,223,0,0
B6_D1,140,0,306,0,0
B10_D1,504,0,284,0,0
G1_D1,995,0,24,0,0
B6_D1,431,0,389,0,0
B6_D1,444,0,434,0,0
B6_D1,314,0,498,0,0
B4_D1,171,0,270,0,0
B10_D1,321,0,176,0,0
G1_D1,269,0,64,0,0
B6_D1,159,0,401,0,0
B2_D1,843,0,464,0,-1
B4_D1,643,0,135,0,0
B10_D1,181,0,98,0,0
B6_D1,249,0,156,0,0
B2_D1,589,0,452,0,0
B10_D1,7,0,221,0,0
B6_D1,615,0,359,0,0
G1_D1,945,0,128,0,0
B6_D1,733,0,97,0,0
B4_D1,744,0,211,0,0
B10_D1,771,0,32,0,0
G1_D1,748,0,208,0,0
B2_D1,190,0,226,0,0
B6_D1,264,0,152,0,0
B6_D1,156,0,48,0,0
G1_D1,254,0,236,0,0
G1_D1,650,0,112,0,0
B10_D1,156,0,208,0,0
B6_D1,255,0,333,0,0
G1_D1,30,0,18,0,0
G1_D1,975,0,266,0,0
G1_D1,769,0,208,0,0
B4_D1,455,0,233,0,0
B6_D1,141,0,287,0,0
B10_D1,650,0,232,0,0
B10_D1,244,0,115,0,0
B6_D1,680,0,37,0,0
B6_D1,933,0,61,0,0
B10_D1,146,0,306,0,0
B2_D1,44,0,511,0,0
G1_D1,947,0,263,0,0
B10_D1,272,0,351,0,0
B6_D1,427,0,361,0,0
G1_D1,127,0,135,0,0
B6_D1,888,0,176,0,0
B6_D1,267,0,458,0,0
B6_D1,392,0,63,0,0
B6_D1,647,0,112,0,0
B2_D1,776,0,191,0,0
B10_D1,585,0,116,0,0
B2_D1,562,0,481,0,0
B6_D1,52,0,232,0,0
B10_D1,599,0,205,0,0
B10_D1,185,0,69,0,0
B10_D1,130,0,180,0,0
B10_D1,1000,0,16,0,0
B4_D1,535,0,380,0,0
G1_D1,613,0,4,0,0
B6_D1,158,0,507,0,0
B10_D1,621,0,500,0,0
B6_D1,712,0,39,0,0
B4_D1,531,0,234,0,0
B6_D1,787,0,92,0,0
G1_D1,1019,0,438,0,0
G1_D1,576,0,233,0,0
B10_D1,752,0,309,0,0
B6_D1,385,0,294,0,0
B4_D1,331,0,36,0,0
B6_D1,298,0,500,0,0
G1_D1,446,0,151,0,0
B10_D1,10,0,217,0,0
B6_D1,811,0,132,0,0
B2_D1,273,0,59,0,0
B6_D1,631,0,373,0,0
B6_D1,904,0,223,0,0
B10_D1,678,0,447,0,0
B2_D1,793,0,37,0,0
B10_D1,203,0,251,0,0
B6_D1,834,0,200,0,0
B10_D1,478,0,239,0,0
B10_D1,140,0,254,0,0
B6_D1,975,0,155,0,0
G1_D1,336,0,408,0,0
G1_D1,248,0,170,0,0
B6_D1,49,0,229,0,0
G1_D1,221,0,506,0,0
G1_D1,411,0,129,0,0
G1_D1,821,0,8,0,0
B2_D1,770,0,511,0,0
B6_D1,6,0,499,0,0
B6_D1,690,0,493,0,0
B4_D1,474,0,374,0,0
B10_D1,541,0,208,0,0
B10_D1,764,0,274,0,0
B6_D1,967,0,353,0,0
B10_D1,8,0,304,0,0
B10_D1,625,0,475,0,0
B10_D1,888,0,359,0,0
B10_D1,214,0,134,0,0
B4_D1,136,0,281,0,0
B10_D1,788,0,14,0,0
B6_D1,454,0,482,0,0
B10_D1,297,0,11,0,0
B6_D1,132,0,46,0,0
B10_D1,926,0,378,0,0
B10_D1,448,0,110,0,0
G1_D1,14,0,131,0,0
B6_D1,888,0,7,0,0
B10_D1,248,0,423,0,0
G1_D1,864,0,188,0,0
B6_D1,932,0,43,0,0
B10_D1,92,0,144,0,0
B10_D1,138,0,261,0,0
B10_D1,140,0,189,0,0
B6_D1,3,0,477,0,0
B2_D1,395,0,160,0,0
G1_D1,478,0,132,0,0
B6_D1,458,0,510,0,0
B6_D1,445,0,326,0,0
B6_D1,562,0,297,0,0
G1_D1,126,0,369,0,0
B10_D1,488,0,187,0,0
B6_D1,740,0,282,0,0
B6_D1,426,0,500,0,0
B8_D1,129,0,210,0,0
B10_D1,362,0,158,0,0
B6_D1,207,0,49,0,0
B6_D1,718,0,96,0,0
B4_D1,615,0,301,0,0
G1_D1,657,0,8,0,0
B6_D1,816,0,48,0,0
B6_D1,694,0,505,0,0
B10_D1,1004,0,22,0,0
G1_D1,94,0,461,0,0
B10_D1,268,0,192,0,0
B2_D1,494,0,467,0,0
G1_D1,19,0,17,0,0
G1_D1,705,0,21,0,0
G1_D1,200,0,170,0,0
B6_D1,77,0,208,0,0
B10_D1,182,0,503,0,0
B10_D1,198,0,366,0,0
B8_D1,156,0,59,0,0
G1_D1,555,0,246,0,0
B6_D1,181,0,151,0,0
B10_D1,331,0,161,0,0
G1_D1,43,0,306,0,0
G1_D1,930,0,19,0,0
B4_D1,1,0,105,0,0
G1_D1,804,0,321,0,0
B6_D1,821,0,234,0,0
B10_D1,812,0,406,0,0
G1_D1,194,0,142,0,0
G1_D1,48,0,138,0,0
B6_D1,481,0,279,0,0
B10_D1,683,0,319,0,0
B10_D1,855,0,96,0,0
G1_D1,61,0,73,0,0
B6_D1,109,0,50,0,0
B2_D1,265,0,503,0,0
B10_D1,539,0,92,0,0
B10_D1,184,0,55,0,0
B6_D1,590,0,324,0,0
B10_D1,364,0,6,0,0
B6_D1,924,0,16,0,0
B6_D1,51,0,418,0,0
G1_D1,703,0,256,0,0
B10_D1,619,0,3,0,0
G1_D1,956,0,467,0,0
B6_D1,150,0,471,0,0
G1_D1,43,0,188,0,0
G1_D1,992,0,161,0,0
G1_D1,397,0,95,0,0
B4_D1,796,0,41,0,0
B4_D1,279,0,46,0,0
G1_D1,710,0,508,0,0
B6_D1,566,0,493,0,0
B6_D1,728,0,16,0,0
B10_D1,329,0,11,0,0
G1_D1,619,0,198,0,0
B6_D1,318,0,494,0,0
B4_D1,3,0,188,0,0
B10_D1,311,0,267,0,0
B6_D1,144,0,411,0,0
B6_D1,236,0,5,0,0
B4_D1,475,0,285,0,0
B10_D1,259,0,35,0,0
B2_D1,419,0,42,0,0
B6_D1,903,0,426,0,0
B6_D1,634,0,114,0,0
B10_D1,333,0,230,0,0
G1_D1,910,0,267,0,0
B2_D1,238,0,48,0,0
B10_D1,553,0,284,0,0
B2_D1,44,0,50,0,0
B10_D1,484,0,475,0,0
B10_D1,140,0,116,0,0
B2_D1,366,0,511,0,0
B10_D1,431,0,411,0,0
B6_D1,300,0,409,0,0
B6_D1,54,0,270,0,0
G1_D1,993,0,106,0,0
B10_D1,1007,0,30,0,0
B6_D1,970,0,130,0,0
B6_D1,760,0,218,0,0
B6_D1,274,0,507,0,0
B8_D1,610,0,182,0,0
B6_D1,222,0,129,0,0
B8_D1,488,0,295,0,0
B6_D1,668,0,442,0,0
B6_D1,940,0,5,0,0
B10_D1,164,0,82,0,0
B10_D1,504,0,219,0,0
B6_D1,672,0,469,0,0
B6_D1,516,0,444,0,0
B6_D1,1,0,205,0,0
B10_D1,453,0,127,0,0
B10_D1,134,0,287,0,0
B6_D1,736,0,384,0,0
B2_D1,225,0,153,0,0
G1_D1,552,0,24,0,0
B6_D1,258,0,501,0,0
G1_D1,567,0,104,0,0
B6_D1,654,0,197,0,0
G1_D1,41,0,155,0,0
B6_D1,0,0,204,0,0
G1_D1,175,0,236,0,0
G1_D1,778,0,511,0,0
B6_D1,1020,0,46,0,0
B4_D1,675,0,60,0,0
G1_D1,1022,0,453,0,0
B6_D1,97,0,476,0,0
G1_D1,75,0,168,0,0
B10_D1,705,0,259,0,0
B4_D1,5,0,230,0,0
G1_D1,230,0,368,0,0
G1_D1,45,0,108,0,0
B6_D1,873,0,411,0,0
B6_D1,825,0,63,0,0
G1_D1,453,0,117,0,0
B10_D1,532,0,5,0,0
B6_D1,642,0,174,0,0
B6_D1,408,0,258,0,0
B6_D1,308,0,359,0,0
B6_D1,220,0,110,0,0
G1_D1,992,0,235,0,0
B4_D1,687,0,22,0,0
G1_D1,356,0,420,0,0
B6_D1,878,0,108,0,0
B6_D1,215,0,479,0,0
G1_D1,375,0,105,0,0
B10_D1,771,0,247,0,0
B10_D1,795,0,96,0,0
B10_D1,106,0,388,0,0
B6_D1,617,0,306,0,0
B6_D1,261,0,399,0,0
B10_D1,574,0,118,0,0
B6_D1,843,0,439,0,0
B10_D1,92,0,152,0,0
B6_D1,293,0,319,0,0
B6_D1,30,0,263,0,0
B10_D1,388,0,118,0,0
B4_D1,208,0,68,0,0
B10_D1,1,0,336,0,0
B4_D1,738,0,259,0,0
G1_D1,989,0,213,0,0
B2_D1,954,0,27,0,0
G1_D1,20,0,176,0,0
B10_D1,789,0,510,0,0
G1_D1,23,0,60,0,0
B10_D1,587,0,347,0,0
G1_D1,15,0,187,0,0
B6_D1,302,0,507,0,0
B6_D1,942,0,503,0,0
B2_D1,896,0,166,0,0
B10_D1,534,0,329,0,0
G1_D1,267,0,10,0,0
G1_D1,122,0,191,0,0
B10_D1,206,0,191,0,0
B6_D1,302,0,139,0,0
B10_D1,44,0,66,0,0
B6_D1,929,0,366,0,0
B6_D1,311,0,131,0,0
B2_D1,271,0,157,0,0
B6_D1,614,0,498,0,0
B10_D1,241,0,114,0,0
B6_D1,802,0,276,0,0
G1_D1,985,0,41,0,0
B10_D1,246,0,166,0,0
B6_D1,106,0,49,0,0
B6_D1,453,0,386,0,0
B4_D1,159,0,167,0,0
B10_D1,313,0,20,0,0
B2_D1,774,0,76,0,0
B6_D1,526,0,489,0,0
B10_D1,1019,0,102,0,0
B10_D1,521,0,294,0,0
G1_D1,815,0,65,0,0
B6_D1,916,0,37,0,0
B6_D1,632,0,22,0,0
B6_D1,976,0,78,0,0
B6_D1,271,0,381,0,0
B6_D1,909,0,96,0,0
G1_D1,689,0,270,0,0
B6_D1,566,0,507,0,0
B10_D1,737,0,2,0,0
B6_D1,394,0,353,0,0
B6_D1,122,0,255,0,0
B6_D1,557,0,480,0,0
B10_D1,380,0,21,0,0
B10_D1,490,0,308,0,0
B10_D1,47,0,264,0,0
B6_D1,908,0,16,0,0
B10_D1,154,0,166,0,0
B10_D1,8,0,368,0,0
G1_D1,9,0,88,0,0
B6_D1,145,0,143,0,0
B10_D1,19,0,271,0,0
G1_D1,902,0,341,0,0
B10_D1,111,0,87,0,0
B10_D1,218,0,336,0,0
G1_D1,725,0,4,0,0
G1_D1,91,0,196,0,0
G1_D1,347,0,207,0,0
B8_D1,446,0,198,0,0
B6_D1,824,0,3,0,0
B10_D1,382,0,32,0,0
B10_D1,173,0,132,0,0
G1_D1,499,0,15,0,0
B6_D1,719,0,284,0,0
B10_D1,231,0,23,0,0
B6_D1,136,0,42,0,0
B6_D1,120,0,28,0,0
B10_D1,493,0,118,0,0
B8_D1,614,0,229,0,0
B10_D1,340,0,242,0,0
B6_D1,783,0,452,0,0
B4_D1,734,0,327,0,0
B6_D1,336,0,1,0,0
B10_D1,751,0,119,0,0
G1_D1,491,0,310,0,0
B2_D1,420,0,129,0,0
B6_D1,320,0,5,0,0
B6_D1,28,0,184,0,0
G1_D1,1015,0,76,0,0
B6_D1,244,0,88,0,0
G1_D1,664,0,148,0,0
B6_D1,819,0,203,0,0
B10_D1,369,0,44,0,0
B6_D1,888,0,8,0,0
G1_D1,381,0,396,0,0
B10_D1,696,0,419,0,0
G1_D1,787,0,234,0,0
B10_D1,276,0,152,0,0
B4_D1,0,0,438,0,0
B10_D1,230,0,272,0,0
B4_D1,7,0,84,0,0
B6_D1,30,0,72,0,0
B6_D1,220,0,280,0,0
B2_D1,657,0,225,0,0
B10_D1,254,0,125,0,0
G1_D1,302,0,485,0,0
B10_D1,5,0,122,0,0
B6_D1,862,0,342,0,0
B10_D1,241,0,213,0,0
B10_D1,667,0,486,0,0
G1_D1,335,0,33,0,0
B6_D1,5,0,131,0,0
B6_D1,330,0,372,0,0
B10_D1,796,0,215,0,0
B6_D1,984,0,45,0,0
B6_D1,716,0,353,0,0
B10_D1,575,0,282,0,0
B2_D1,121,0,207,0,0
G1_D1,11,0,367,0,0
B10_D1,404,0,112,0,0
B10_D1,36,0,119,0,0
B10_D1,548,0,66,0,0
B6_D1,494,0,505,0,0
G1_D1,382,0,511,0,0
G1_D1,786,0,60,0,0
B6_D1,854,0,500,0,0
B6_D1,228,0,11,0,0
B6_D1,231,0,405,0,0
B10_D1,755,0,113,0,0
G1_D1,204,0,73,0,0
B6_D1,198,0,327,0,0
B10_D1,281,0,34,0,0
G1_D1,956,0,257,0,0
B6_D1,594,0,320,0,0
G1_D1,364,0,24,0,0
B6_D1,198,0,349,0,0
B6_D1,148,0,37,0,0
B10_D1,348,0,82,0,0
G1_D1,230,0,59,0,0
B2_D1,1023,0,335,0,0
B6_D1,552,0,17,0,0
B10_D1,146,0,336,0,0
G1_D1,878,0,303,0,0
B6_D1,888,0,13,0,0
B4_D1,197,0,143,0,0
B6_D1,950,0,491,0,0
B10_D1,298,0,84,0,0
G1_D1,261,0,37,0,0
B10_D1,801,0,205,0,0
G1_D1,951,0,263,0,0
G1_D1,588,0,18,0,0
B4_D1,811,0,55,0,0
B2_D1,803,0,9,0,0
B10_D1,14,0,235,0,0
B6_D1,304,0,46,0,0
B6_D1,508,0,449,0,0
B6_D1,148,0,209,0,0
G1_D1,946,0,285,0,0
B6_D1,629,0,274,0,0
G1_D1,322,0,20,0,0
B6_D1,674,0,223,0,0
B10_D1,465,0,123,0,0
G1_D1,679,0,247,0,0
B10_D1,218,0,42,0,0
B10_D1,35,0,510,0,0
G1_D1,153,0,117,0,0
B6_D1,144,0,125,0,0
B6_D1,210,0,501,0,0
B6_D1,338,0,485,0,0
G1_D1,215,0,134,0,0
B2_D1,167,0,125,0,0
B10_D1,0,0,446,0,0
B6_D1,446,0,499,0,0
B6_D1,800,0,28,0,0
B6_D1,227,0,368,0,0
B10_D1,70,0,145,0,0
G1_D1,150,0,20,0,0
G1_D1,187,0,177,0,0
G1_D1,486,0,88,0,0
B8_D1,804,0,232,0,0
B6_D1,467,0,305,0,0
B10_D1,223,0,128,0,0
B6_D1,844,0,302,0,0
B2_D1,307,0,202,0,0
B10_D1,86,0,455,0,0
B10_D1,6,0,136,0,0
G1_D1,934,0,258,0,0
B8_D1,376,0,190,0,0
B10_D1,344,0,213,0,0
B6_D1,696,0,152,0,0
B10_D1,163,0,224,0,0
G1_D1,468,0,138,0,0
B6_D1,312,0,20,0,0
B10_D1,481,0,472,0,0
B10_D1,199,0,251,0,0
B10_D1,570,0,508,0,0
G1_D1,493,0,68,0,0
B10_D1,604,0,109,0,0
B10_D1,139,0,256,0,0
B6_D1,836,0,35,0,0
G1_D1,486,0,511,0,0
B6_D1,882,0,207,0,0
G1_D1,874,0,73,0,0
B6_D1,936,0,32,0,0
B10_D1,869,0,42,0,0
G1_D1,764,0,52,0,0
B10_D1,307,0,63,0,0
B10_D1,213,0,314,0,0
B8_D1,93,0,120,0,0
B6_D1,926,0,495,0,0
B10_D1,190,0,225,0,0
B10_D1,1005,0,342,0,0
B10_D1,115,0,182,0,0
B6_D1,332,0,39,0,0
G1_D1,115,0,16,0,0
G1_D1,984,0,275,0,0
B6_D1,78,0,492,0,0
B4_D1,764,0,74,0,0
B6_D1,1022,0,481,0,0
B6_D1,155,0,321,0,0
B6_D1,382,0,503,0,0
B10_D1,315,0,41,0,0
B10_D1,684,0,15,0,0
G1_D1,39,0,165,0,0
B6_D1,981,0,417,0,0
B6_D1,0,0,465,0,0
B10_D1,642,0,115,0,0
G1_D1,481,0,8,0,0
B10_D1,356,0,23,0,0
B6_D1,917,0,274,0,0
B2_D1,740,0,82,0,0
B4_D1,80,0,128,0,0
B10_D1,166,0,70,0,0
B10_D1,562,0,261,0,0
B10_D1,103,0,168,0,0
B6_D1,811,0,93,0,0
B10_D1,824,0,176,0,0
G1_D1,342,0,55,0,0
G1_D1,916,0,44,0,0
B4_D1,1003,0,13,0,0
B8_D1,803,0,231,0,0
B6_D1,672,0,441,0,0
B10_D1,184,0,163,0,0
B4_D1,76,0,418,0,0
G1_D1,596,0,191,0,0
B10_D1,551,0,108,0,0
B10_D1,360,0,415,0,0
B6_D1,701,0,333,0,0
B8_D1,103,0,220,0,0
B10_D1,23,0,56,0,0
B10_D1,609,0,96,0,0
B8_D1,690,0,308,0,0
B6_D1,667,0,112,0,0
B6_D1,266,0,255,0,0
G1_D1,347,0,202,0,0
B6_D1,376,0,441,0,0
G1_D1,61,0,49,0,0
B8_D1,595,0,214,0,0
B6_D1,716,0,18,0,0
B6_D1,699,0,264,0,0
B10_D1,522,0,162,0,0
B6_D1,904,0,33,0,0
B6_D1,939,0,84,0,0
B10_D1,355,0,63,0,0
B4_D1,924,0,237,0,0
G1_D1,724,0,23,0,0
G1_D1,82,0,13,0,0
B6_D1,685,0,211,0,0
G1_D1,1000,0,333,0,0
B10_D1,438,0,452,0,0
B6_D1,557,0,355,0,0
B6_D1,928,0,18,0,0
B6_D1,64,0,38,0,0
G1_D1,584,0,1,0,0
B10_D1,577,0,242,0,0
G1_D1,1023,0,78,0,0
B8_D1,87,0,110,0,0
B6_D1,739,0,481,0,0
G1_D1,886,0,238,0,0
G1_D1,1020,0,380,0,0
B4_D1,230,0,138,0,0
B8_D1,65,0,237,0,0
G1_D1,215,0,52,0,0
B10_D1,247,0,252,0,0
B10_D1,40,0,108,0,0
B10_D1,554,0,261,0,0
B2_D1,589,0,510,0,0
B2_D1,986,0,116,0,0
B10_D1,405,0,263,0,0
B4_D1,22,0,119,0,0
B6_D1,623,0,51,0,0
B6_D1,204,0,354,0,0
B6_D1,464,0,373,0,0
B6_D1,196,0,387,0,0
G1_D1,1010,0,139,0,0
B10_D1,327,0,502,0,0
B6_D1,446,0,416,0,0
B6_D1,657,0,211,0,0
B10_D1,339,0,178,0,0
B6_D1,116,0,8,0,0
B6_D1,633,0,195,0,0
B6_D1,120,0,45,0,0
B6_D1,836,0,31,0,0
G1_D1,50,0,269,0,0
B4_D1,234,0,49,0,0
G1_D1,24,0,138,0,0
B4_D1,928,0,250,0,0
G1_D1,11,0,351,0,0
B6_D1,900,0,36,0,0
B10_D1,787,0,270,0,0
B6_D1,773,0,56,0,0
B2_D1,474,0,483,0,0
G1_D1,171,0,236,0,0
G1_D1,1017,0,71,0,0
B10_D1,153,0,316,0,0
B10_D1,707,0,122,0,0
B6_D1,300,0,21,0,0
G1_D1,951,0,30,0,0
G1_D1,150,0,31,0,0
B10_D1,666,0,166,0,0
B2_D1,767,0,490,0,0
B6_D1,13,0,481,0,0
G1_D1,939,0,408,0,0
G1_D1,10,0,163,0,0
B6_D1,871,0,410,0,0
G1_D1,63,0,267,0,0
B10_D1,16,0,197,0,0
B6_D1,55,0,451,0,0
G1_D1,937,0,53,0,0
B6_D1,448,0,39,0,0
G1_D1,344,0,89,0,0
B6_D1,517,0,225,0,0
B6_D1,650,0,491,0,0
B4_D1,730,0,103,0,0
B6_D1,968,0,3,0,0
B10_D1,327,0,397,0,0
B4_D1,656,0,232,0,0
B6_D1,50,0,482,0,0
B6_D1,223,0,297,0,0
B10_D1,425,0,24,0,0
B6_D1,716,0,5,0,0
B4_D1,545,0,408,0,0
B10_D1,224,0,362,0,0
G1_D1,461,0,4,0,0
G1_D1,975,0,81,0,0
B10_D1,318,0,185,0,0
B10_D1,12,0,154,0,0
B6_D1,1022,0,149,0,0
B6_D1,925,0,436,0,0
G1_D1,1009,0,51,0,0
B10_D1,672,0,164,0,0
G1_D1,1019,0,430,0,0
B4_D1,362,0,200,0,0
B6_D1,4,0,146,0,0
B6_D1,304,0,45,0,0
B10_D1,619,0,137,0,0
G1_D1,376,0,509,0,0
B6_D1,877,0,274,0,0
B8_D1,105,0,99,0,0
B4_D1,2,0,243,0,0
B6_D1,572,0,363,0,0
B10_D1,463,0,407,0,0
B10_D1,924,0,382,0,0
G1_D1,560,0,7,0,0
G1_D1,383,0,180,0,0
B6_D1,731,0,268,0,0
B6_D1,937,0,242,0,0
B6_D1,276,0,74,0,0
G1_D1,161,0,191,0,0
B4_D1,25,0,503,0,0
B6_D1,188,0,174,0,0
B10_D1,658,0,162,0,0
B10_D1,584,0,206,0,0
B6_D1,440,0,22,0,0
B6_D1,438,0,502,0,0
B2_D1,270,0,511,0,0
G1_D1,77,0,326,0,0
B6_D1,236,0,401,0,0
B6_D1,796,0,239,0,0
B4_D1,698,0,274,0,0
B10_D1,18,0,142,0,0
B10_D1,337,0,44,0,0
G1_D1,8,0,112,0,0
B6_D1,471,0,300,0,0
B4_D1,547,0,83,0,0
G1_D1,680,0,35,0,0
G1_D1,708,0,1,0,0
B6_D1,153,0,200,0,0
B2_D1,708,0,50,0,0
B6_D1,576,0,41,0,0
G1_D1,339,0,188,0,0
B6_D1,644,0,5,0,0
B6_D1,167,0,216,0,0
B10_D1,364,0,315,0,0
B4_D1,562,0,299,0,0
B6_D1,205,0,481,0,0
B6_D1,601,0,418,0,0
B6_D1,765,0,68,0,0
B6_D1,977,0,119,0,0
G1_D1,9,0,327,0,0
G1_D1,799,0,162,0,0
B6_D1,680,0,315,0,0
B10_D1,688,0,196,0,0
B6_D1,815,0,135,0,0
B6_D1,800,0,14,0,0
B6_D1,336,0,44,0,0
B4_D1,325,0,162,0,0
B6_D1,599,0,422,0,0
B6_D1,920,0,278,0,0
G1_D1,538,0,5,0,0
B6_D1,233,0,149,0,0
B2_D1,852,0,35,0,0
B10_D1,602,0,256,0,0
B6_D1,950,0,72,0,0
G1_D1,94,0,25,0,0
B6_D1,652,0,183,0,0
G1_D1,869,0,75,0,0
B6_D1,958,0,369,0,0
B2_D1,253,0,488,0,0
B10_D1,846,0,213,0,0
B10_D1,834,0,409,0,0
B6_D1,934,0,89,0,0
B8_D1,875,0,303,0,0
G1_D1,711,0,271,0,0
B6_D1,334,0,185,0,0
G1_D1,436,0,127,0,0
G1_D1,965,0,293,0,0
B4_D1,469,0,425,0,0
B10_D1,23,0,77,0,0
B6_D1,68,0,10,0,0
B2_D1,246,0,505,0,0
B6_D1,718,0,500,0,0
B6_D1,656,0,165,0,0
B10_D1,34,0,127,0,0
B6_D1,676,0,9,0,0
B2_D1,763,0,53,0,0
B8_D1,113,0,272,0,0
B6_D1,20,0,311,0,0
G1_D1,329,0,313,0,0
G1_D1,45,0,70,0,0
B2_D1,802,0,23,0,0
B6_D1,670,0,503,0,0
B10_D1,112,0,387,0,0
B10_D1,519,0,0,0,0
G1_D1,783,0,234,0,0
B6_D1,250,0,55,0,0
B10_D1,243,0,151,0,0
B6_D1,305,0,178,0,0
B6_D1,640,0,331,0,0
B4_D1,210,0,33,0,0
B6_D1,835,0,125,0,0
B10_D1,275,0,188,0,0
B4_D1,534,0,287,0,0
B6_D1,148,0,12,0,0
B10_D1,911,0,1,0,0
B10_D1,84,0,130,0,0
G1_D1,191,0,410,0,0
B6_D1,611,0,170,0,0
G1_D1,745,0,258,0,0
B6_D1,492,0,5,0,0
B6_D1,208,0,370,0,0
G1_D1,646,0,187,0,0
B6_D1,238,0,128,0,0
B10_D1,791,0,416,0,0
B6_D1,568,0,1,0,0
B6_D1,715,0,361,0,0
B4_D1,611,0,149,0,0
B2_D1,219,0,152,0,0
B10_D1,101,0,462,0,0
B6_D1,218,0,159,0,0
B10_D1,33,0,395,0,0
B10_D1,1,0,444,0,0
B10_D1,5,0,95,0,0
B2_D1,722,0,496,0,0
B10_D1,269,0,43,0,0
G1_D1,758,0,244,0,0
G1_D1,389,0,297,0,0
G1_D1,686,0,510,0,0
G1_D1,1006,0,44,0,0
B4_D1,1012,0,219,0,0
B6_D1,851,0,143,0,0
B10_D1,389,0,253,0,0
B2_D1,369,0,482,0,0
B10_D1,174,0,125,0,0
G1_D1,273,0,59,0,0
B10_D1,300,0,197,0,0
G1_D1,70,0,269,0,0
B6_D1,759,0,256,0,0
B6_D1,256,0,21,0,0
G1_D1,939,0,246,0,0
B6_D1,902,0,497,0,0
B4_D1,5,0,142,0,0
B6_D1,486,0,293,0,0
G1_D1,920,0,92,0,0
B4_D1,7,0,42,0,0
G1_D1,737,0,22,0,0
B10_D1,375,0,182,0,0
B10_D1,492,0,126,0,0
B2_D1,255,0,64,0,0
B10_D1,479,0,133,0,0
B10_D1,221,0,442,0,0
G1_D1,383,0,6,0,0
B6_D1,310,0,486,0,0
B6_D1,628,0,29,0,0
B10_D1,534,0,313,0,0
G1_D1,926,0,244,0,0
B10_D1,168,0,95,0,0
B4_D1,164,0,243,0,0
B6_D1,133,0,267,0,0
B10_D1,376,0,26,0,0
G1_D1,480,0,11,0,0
B10_D1,309,0,88,0,0
G1_D1,678,0,191,0,0
B6_D1,18,0,503,0,0
B6_D1,60,0,419,0,0
B10_D1,272,0,66,0,0
B10_D1,542,0,136,0,0
B6_D1,796,0,448,0,0
B10_D1,856,0,341,0,0
B10_D1,399,0,205,0,0
B6_D1,725,0,74,0,0
G1_D1,8,0,71,0,0
B6_D1,775,0,270,0,0
B10_D1,716,0,419,0,0
B6_D1,186,0,494,0,0
B2_D1,316,0,493,0,0
B10_D1,801,0,28,0,0
B6_D1,860,0,311,0,0
B6_D1,963,0,329,0,0
G1_D1,792,0,495,0,0
B2_D1,630,0,163,0,0
B6_D1,536,0,240,0,0
G1_D1,766,0,116,0,0
B10_D1,861,0,402,0,0
G1_D1,100,0,398,0,0
B10_D1,112,0,6,0,0
B6_D1,772,0,6,0,0
B6_D1,863,0,475,0,0
B6_D1,384,0,145,0,0
B6_D1,372,0,22,0,0
G1_D1,63,0,75,0,0
B10_D1,738,0,450,0,0
B4_D1,506,0,235,0,0
G1_D1,613,0,8,0,0
B4_D1,204,0,271,0,0
B6_D1,751,0,464,0,0
B6_D1,182,0,496,0,0
B10_D1,503,0,52,0,0
B10_D1,565,0,266,0,0
B10_D1,669,0,62,0,0
B10_D1,500,0,11,0,0
B10_D1,140,0,133,0,0
B6_D1,1017,0,78,0,0
B4_D1,777,0,79,0,0
B10_D1,852,0,229,0,0
G1_D1,153,0,8,0,0
G1_D1,256,0,78,0,0
B10_D1,757,0,327,0,0
B4_D1,335,0,328,0,0
B6_D1,780,0,13,0,0
G1_D1,531,0,284,0,0
B2_D1,544,0,287,0,0
B10_D1,347,0,507,0,0
B10_D1,423,0,234,0,0
B6_D1,193,0,280,0,0
B6_D1,931,0,63,0,0
B10_D1,859,0,87,0,0
G1_D1,894,0,5,0,0
B10_D1,135,0,308,0,0
B6_D1,70,0,165,0,0
G1_D1,386,0,13,0,0
B10_D1,542,0,311,0,0
B4_D1,7,0,416,0,0
B10_D1,202,0,238,0,0
B6_D1,30,0,324,0,0
B4_D1,833,0,42,0,0
G1_D1,1019,0,267,0,0
B10_D1,272,0,494,0,0
B10_D1,879,0,214,0,0
B10_D1,162,0,452,0,0
B6_D1,2,0,125,0,0
B10_D1,65,0,43,0,0
B6_D1,210,0,499,0,0
B10_D1,383,0,48,0,0
B6_D1,332,0,10,0,0
B10_D1,482,0,39,0,0
G1_D1,38,0,32,0,0
B10_D1,373,0,169,0,0
B6_D1,496,0,48,0,0
G1_D1,488,0,312,0,0
B4_D1,33,0,144,0,0
B6_D1,201,0,391,0,0
B6_D1,17,0,406,0,0
G1_D1,121,0,192,0,0
G1_D1,800,0,445,0,0
B2_D1,691,0,283,0,0
B10_D1,15,0,238,0,0
G1_D1,810,0,82,0,0
B6_D1,562,0,484,0,0
G1_D1,927,0,21,0,0
B2_D1,276,0,487,0,0
B10_D1,389,0,479,0,0
B6_D1,840,0,23,0,0
B10_D1,278,0,30,0,0
G1_D1,1012,0,142,0,0
B6_D1,221,0,369,0,0
B10_D1,768,0,30,0,0
B6_D1,818,0,107,0,0
B4_D1,642,0,76,0,0
B10_D1,478,0,490,0,0
B2_D1,617,0,223,0,0
B6_D1,621,0,342,0,0
B10_D1,835,0,355,0,0
G1_D1,986,0,27,0,0
G1_D1,209,0,494,0,0
B6_D1,38,0,206,0,0
B10_D1,461,0,85,0,0
G1_D1,10,0,32,0,0
G1_D1,547,0,74,0,0
B10_D1,97,0,298,0,0
B10_D1,230,0,175,0,0
B6_D1,1020,0,410,0,0
B10_D1,6,0,153,0,0
B4_D1,738,0,69,0,0
B4_D1,356,0,363,0,0
B6_D1,977,0,139,0,0
G1_D1,943,0,22,0,0
B8_D1,137,0,207,0,0
G1_D1,42,0,299,0,0
G1_D1,467,0,17,0,0
B6_D1,175,0,85,0,0
B10_D1,869,0,339,0,0
G1_D1,70,0,201,0,0
G1_D1,908,0,438,0,0
B10_D1,395,0,265,0,0
B6_D1,444,0,9,0,0
B6_D1,24,0,26,0,0
B2_D1,814,0,66,0,0
B6_D1,252,0,32,0,0
G1_D1,886,0,41,0,0
G1_D1,39,0,141,0,0
B10_D1,388,0,503,0,0
B6_D1,320,0,7,0,0
B10_D1,65,0,135,0,0
B6_D1,178,0,485,0,0
B6_D1,384,0,7,0,0
B10_D1,846,0,324,0,0
B6_D1,886,0,509,0,0
B10_D1,584,0,201,0,0
B8_D1,140,0,206,0,0
B10_D1,777,0,49,0,0
G1_D1,40,0,205,0,0
B6_D1,104,0,3,0,0
G1_D1,571,0,14,0,0
B2_D1,610,0,225,0,0
B10_D1,803,0,386,0,0
B6_D1,906,0,494,0,0
B10_D1,687,0,486,0,0
B10_D1,851,0,380,0,0
B6_D1,404,0,20,0,0
B10_D1,557,0,281,0,0
B6_D1,472,0,67,0,0
B10_D1,930,0,58,0,0
B6_D1,956,0,11,0,0
B2_D1,420,0,210,0,0
B6_D1,674,0,160,0,0
B6_D1,334,0,145,0,0
B10_D1,639,0,119,0,0
B6_D1,452,0,48,0,0
B4_D1,377,0,284,0,0
B6_D1,630,0,370,0,0
B10_D1,867,0,228,0,0
B6_D1,231,0,403,0,0
B10_D1,344,0,225,0,0
B6_D1,838,0,503,0,0
B10_D1,749,0,159,0,0
G1_D1,845,0,4,0,0
B6_D1,50,0,265,0,0
B2_D1,675,0,107,0,0
B6_D1,760,0,2,0,0
G1_D1,978,0,287,0,0
G1_D1,51,0,453,0,0
B6_D1,871,0,312,0,0
B10_D1,733,0,19,0,0
B6_D1,480,0,289,0,0
B6_D1,702,0,422,0,0
G1_D1,34,0,260,0,0
B10_D1,546,0,261,0,0
B6_D1,182,0,495,0,0
B6_D1,438,0,174,0,0
G1_D1,853,0,83,0,0
B10_D1,603,0,33,0,0
B6_D1,594,0,484,0,0
B6_D1,735,0,336,0,0
G1_D1,27,0,93,0,0
B10_D1,664,0,23,0,0
B6_D1,844,0,39,0,0
B10_D1,369,0,480,0,0
B10_D1,173,0,156,0,0
B6_D1,605,0,342,0,0
B10_D1,977,0,289,0,0
B10_D1,30,0,68,0,0
B6_D1,722,0,153,0,0
B10_D1,174,0,13,0,0
B6_D1,750,0,290,0,0
G1_D1,24,0,3,0,0
B2_D1,330,0,511,0,0
G1_D1,412,0,3,0,0
B4_D1,255,0,205,0,0
G1_D1,250,0,39,0,0
B10_D1,2,0,310,0,0
B2_D1,718,0,224,0,0
B6_D1,492,0,30,0,0
B6_D1,753,0,55,0,0
B8_D1,84,0,275,0,0
B10_D1,142,0,507,0,0
B6_D1,136,0,170,0,0
G1_D1,451,0,123,0,0
B6_D1,845,0,57,0,0
B6_D1,966,0,201,0,0
B10_D1,305,0,203,0,0
B2_D1,782,0,76,0,0
B6_D1,542,0,487,0,0
B10_D1,168,0,71,0,0
B6_D1,79,0,373,0,0
G1_D1,963,0,24,0,0
B10_D1,24,0,180,0,0
G1_D1,203,0,140,0,0
B6_D1,786,0,489,0,0
G1_D1,214,0,503,0,0
B10_D1,414,0,139,0,0
B10_D1,156,0,377,0,0
G1_D1,939,0,245,0,0
G1_D1,2,0,469,0,0
G1_D1,788,0,3,0,0
G1_D1,698,0,46,0,0
B10_D1,295,0,125,0,0
B6_D1,506,0,329,0,0
G1_D1,471,0,110,0,0
B6_D1,918,0,342,0,0
B4_D1,191,0,51,0,0
B6_D1,552,0,264,0,0
B6_D1,768,0,37,0,0
G1_D1,221,0,185,0,0
G1_D1,538,0,125,0,0
B6_D1,870,0,392,0,0
B10_D1,374,0,309,0,0
B10_D1,464,0,82,0,0
B10_D1,11,0,10,0,0
B6_D1,612,0,360,0,0
G1_D1,870,0,260,0,0
G1_D1,572,0,119,0,0
B6_D1,464,0,45,0,0
G1_D1,865,0,247,0,0
B10_D1,903,0,271,0,0
B6_D1,862,0,485,0,0
G1_D1,910,0,84,0,0
B6_D1,518,0,494,0,0
B10_D1,597,0,298,0,0
G1_D1,756,0,268,0,0
B6_D1,860,0,387,0,0
G1_D1,577,0,149,0,0
B10_D1,238,0,38,0,0
B2_D1,213,0,36,0,0
G1_D1,543,0,2,0,0
G1_D1,91,0,14,0,0
B4_D1,908,0,12,0,0
B10_D1,71,0,264,0,0
B4_D1,95,0,49,0,0
B2_D1,153,0,107,0,0
B10_D1,749,0,43,0,0
B6_D1,258,0,337,0,0
B6_D1,880,0,1,0,0
B10_D1,933,0,436,0,0
B10_D1,741,0,451,0,0
G1_D1,15,0,276,0,0
B6_D1,51,0,402,0,0
B6_D1,98,0,490,0,0
B6_D1,312,0,168,0,0
B6_D1,678,0,182,0,0
B2_D1,906,0,163,0,0
B6_D1,998,0,500,0,0
B6_D1,306,0,390,0,0
B6_D1,201,0,274,0,0
B6_D1,578,0,70,0,0
B2_D1,837,0,63,0,0
G1_D1,939,0,237,0,0
B6_D1,544,0,307,0,0
B6_D1,568,0,12,0,0
B6_D1,259,0,253,0,0
B10_D1,847,0,21,0,0
B10_D1,138,0,287,0,0
B8_D1,680,0,310,0,0
B10_D1,242,0,459,0,0
B6_D1,1009,0,139,0,0
G1_D1,430,0,97,0,0
B10_D1,3,0,143,0,0
B6_D1,705,0,418,0,0
G1_D1,371,0,102,0,0
B10_D1,979,0,81,0,0
B6_D1,526,0,507,0,0
B6_D1,14,0,409,0,0
B4_D1,831,0,13,0,0
B6_D1,45,0,291,0,0
B6_D1,141,0,186,0,0
G1_D1,488,0,0,0,0
B4_D1,452,0,235,0,0
G1_D1,177,0,64,0,0
B6_D1,858,0,201,0,0
B4_D1,0,0,159,0,0
B10_D1,52,0,201,0,0
B4_D1,682,0,262,0,0
B4_D1,419,0,189,0,0
B4_D1,388,0,226,0,0
B6_D1,204,0,47,0,0
B6_D1,208,0,425,0,0
G1_D1,532,0,259,0,0
B8_D1,984,0,2,0,0
B10_D1,437,0,23,0,0
B10_D1,910,0,312,0,0
B2_D1,955,0,251,0,0
B2_D1,475,0,497,0,0
B10_D1,4,0,149,0,0
B6_D1,731,0,264,0,0
B2_D1,800,0,190,0,0
B2_D1,612,0,446,0,0
B2_D1,773,0,284,0,0
B10_D1,45,0,57,0,0
B2_D1,267,0,505,0,0
B6_D1,599,0,201,0,0
B10_D1,692,0,455,0,0
G1_D1,248,0,34,0,0
B6_D1,972,0,6,0,0
B10_D1,431,0,509,0,0
B10_D1,379,0,0,0,0
B10_D1,652,0,247,0,0
B6_D1,168,0,26,0,0
B10_D1,916,0,461,0,0
B6_D1,884,0,36,0,0
B10_D1,466,0,88,0,0
B2_D1,848,0,41,0,0
B10_D1,558,0,137,0,0
B4_D1,694,0,263,0,0
G1_D1,656,0,3,0,0
G1_D1,882,0,135,0,0
B4_D1,525,0,277,0,0
B2_D1,569,0,480,0,0
G1_D1,901,0,269,0,0
B10_D1,404,0,244,0,0
B10_D1,291,0,318,0,0
B6_D1,400,0,60,0,0
B6_D1,727,0,374,0,0
G1_D1,909,0,468,0,0
G1_D1,725,0,470,0,0
B6_D1,542,0,438,0,0
B10_D1,814,0,311,0,0
B2_D1,592,0,225,0,0
B6_D1,2,0,443,0,0
B6_D1,290,0,483,0,0
B6_D1,784,0,27,0,0
B10_D1,206,0,449,0,0
B4_D1,883,0,24,0,0
B6_D1,416,0,276,0,0
B6_D1,111,0,361,0,0
B10_D1,659,0,112,0,0
B10_D1,390,0,82,0,0
B10_D1,449,0,78,0,0
B10_D1,167,0,245,0,0
B10_D1,491,0,2,0,0
B10_D1,310,0,273,0,0
B2_D1,862,0,45,0,0
B10_D1,418,0,206,0,0
B10_D1,478,0,76,0,0
B2_D1,0,0,454,0,0
B10_D1,658,0,115,0,0
B4_D1,754,0,62,0,0
B6_D1,342,0,481,0,0
B10_D1,1009,0,232,0,0
B10_D1,681,0,174,0,0
B2_D1,553,0,39,0,0
B6_D1,216,0,18,0,0
B4_D1,385,0,196,0,0
B6_D1,801,0,240,0,0
G1_D1,485,0,4,0,0
B6_D1,6,0,208,0,0
B2_D1,373,0,509,0,0
B4_D1,305,0,152,0,0
B8_D1,775,0,228,0,0
B2_D1,594,0,481,0,0
B10_D1,22,0,155,0,0
G1_D1,163,0,384,0,0
B2_D1,861,0,120,0,0
B6_D1,315,0,293,0,0
G1_D1,358,0,451,0,0
G1_D1,824,0,0,0,0
B6_D1,70,0,91,0,0
B10_D1,202,0,180,0,0
G1_D1,588,0,221,0,0
B6_D1,541,0,398,0,0
B4_D1,982,0,158,0,0
B4_D1,780,0,110,0,0
B8_D1,76,0,117,0,0
B6_D1,551,0,373,0,0
B6_D1,873,0,59,0,0
G1_D1,46,0,18,0,0
B6_D1,693,0,333,0,0
B2_D1,129,0,49,0,0
B6_D1,894,0,496,0,0
B6_D1,4,0,269,0,0
G1_D1,831,0,389,0,0
B10_D1,922,0,312,0,0
B6_D1,412,0,18,0,0
B6_D1,712,0,25,0,0
B6_D1,536,0,54,0,0
B4_D1,646,0,97,0,0
B6_D1,633,0,474,0,0
G1_D1,197,0,32,0,0
B6_D1,775,0,307,0,0
B10_D1,439,0,217,0,0
B10_D1,11,0,25,0,0
B10_D1,171,0,220,0,0
B4_D1,991,0,13,0,0
B2_D1,949,0,39,0,0
B10_D1,577,0,408,0,0
B10_D1,1008,0,158,0,0
B10_D1,499,0,65,0,0
B10_D1,153,0,231,0,0
B6_D1,124,0,424,0,0
G1_D1,946,0,280,0,0
B6_D1,823,0,83,0,0
G1_D1,358,0,475,0,0
B10_D1,24,0,288,0,0
B6_D1,405,0,407,0,0
B4_D1,236,0,132,0,0
B10_D1,420,0,342,0,0
B6_D1,267,0,241,0,0
B6_D1,761,0,87,0,0
B10_D1,665,0,266,0,0
B10_D1,459,0,50,0,0
B6_D1,773,0,315,0,0
B6_D1,716,0,383,0,0
B8_D1,1023,0,478,0,0
B4_D1,59,0,455,0,0
B2_D1,163,0,254,0,0
B4_D1,387,0,227,0,0
B6_D1,477,0,296,0,0
B2_D1,907,0,164,0,0
B4_D1,430,0,408,0,0
G1_D1,255,0,247,0,0
B6_D1,173,0,67,0,0
G1_D1,50,0,22,0,0
B10_D1,335,0,266,0,0
G1_D1,655,0,2,0,0
B10_D1,213,0,306,0,0
B6_D1,878,0,396,0,0
B10_D1,33,0,325,0,0
B6_D1,462,0,391,0,0
B10_D1,330,0,307,0,0
B10_D1,524,0,92,0,0
B10_D1,188,0,208,0,0
G1_D1,440,0,11,0,0
G1_D1,132,0,204,0,0
G1_D1,71,0,452,0,0
B10_D1,785,0,271,0,0
B10_D1,123,0,434,0,0
B10_D1,305,0,65,0,0
G1_D1,721,0,251,0,0
B2_D1,954,0,511,0,0
B4_D1,611,0,189,0,0
B10_D1,1,0,325,0,0
B10_D1,171,0,8,0,0
B6_D1,809,0,286,0,0
B10_D1,286,0,125,0,0
B10_D1,25,0,93,0,0
B6_D1,777,0,194,0,0
B8_D1,573,0,218,0,0
G1_D1,741,0,285,0,0
G1_D1,384,0,11,0,0
B10_D1,229,0,328,0,0
B10_D1,679,0,89,0,0
G1_D1,138,0,219,0,0
B6_D1,597,0,410,0,0
B10_D1,121,0,111,0,0
B4_D1,593,0,372,0,0
B10_D1,630,0,240,0,0
B6_D1,496,0,282,0,0
B6_D1,216,0,1,0,0
B6_D1,730,0,482,0,0
B10_D1,746,0,450,0,0
B6_D1,76,0,80,0,0
B10_D1,647,0,149,0,0
B10_D1,185,0,255,0,0
B6_D1,796,0,0,0,0
B6_D1,868,0,4,0,0
B10_D1,139,0,318,0,0
G1_D1,586,0,141,0,0
B6_D1,304,0,28,0,0
G1_D1,121,0,93,0,0
G1_D1,951,0,245,0,0
G1_D1,678,0,61,0,0
B4_D1,449,0,184,0,0
B6_D1,23,0,205,0,0
G1_D1,516,0,11,0,0
B6_D1,787,0,246,0,0
B10_D1,636,0,237,0,0
B10_D1,847,0,349,0,0
G1_D1,798,0,92,0,0
B2_D1,777,0,49,0,0
G1_D1,457,0,80,0,0
B4_D1,644,0,307,0,0
B6_D1,659,0,240,0,0
B6_D1,621,0,306,0,0
B6_D1,622,0,504,0,0
B10_D1,541,0,109,0,0
B10_D1,13,0,343,0,0
B8_D1,487,0,294,0,0
G1_D1,263,0,36,0,0
B6_D1,695,0,479,0,0
B6_D1,358,0,482,0,0
B6_D1,344,0,21,0,0
B6_D1,697,0,418,0,0
B10_D1,300,0,100,0,0
G1_D1,250,0,272,0,0
B6_D1,839,0,356,0,0
B10_D1,794,0,94,0,0
B6_D1,688,0,20,0,0
B6_D1,516,0,49,0,0
B6_D1,254,0,126,0,0
B4_D1,15,0,501,0,0
B6_D1,808,0,378,0,0
G1_D1,811,0,457,0,0
B10_D1,484,0,84,0,0
B6_D1,74,0,445,0,0
G1_D1,955,0,408,0,0
B4_D1,522,0,263,0,0
B6_D1,37,0,446,0,0
B10_D1,273,0,60,0,0
B6_D1,324,0,462,0,0
B6_D1,908,0,38,0,0
B10_D1,272,0,241,0,0
B6_D1,80,0,126,0,0
B6_D1,169,0,93,0,0
G1_D1,554,0,72,0,0
B6_D1,367,0,191,0,0
B6_D1,336,0,42,0,0
B6_D1,51,0,233,0,0
B10_D1,355,0,12,0,0
B4_D1,236,0,20,0,0
B10_D1,507,0,125,0,0
B10_D1,479,0,0,0,0
G1_D1,875,0,6,0,0
B2_D1,879,0,29,0,0
B6_D1,45,0,201,0,0
G1_D1,991,0,25,0,0
G1_D1,787,0,215,0,0
B2_D1,886,0,51,0,0
B4_D1,761,0,207,0,0
B4_D1,993,0,74,0,0
B6_D1,762,0,405,0,0
B6_D1,378,0,499,0,0
B2_D1,601,0,480,0,0
B10_D1,968,0,36,0,0
B10_D1,156,0,39,0,0
B8_D1,142,0,124,0,0
B4_D1,334,0,207,0,0
B2_D1,862,0,18,0,0
B6_D1,800,0,65,0,0
B6_D1,462,0,387,0,0
B6_D1,974,0,509,0,0
B10_D1,482,0,405,0,0
B2_D1,730,0,496,0,0
B6_D1,828,0,149,0,0
B6_D1,275,0,477,0,0
B6_D1,677,0,298,0,0
B4_D1,610,0,150,0,0
B10_D1,867,0,1,0,0
B6_D1,220,0,6,0,0
G1_D1,545,0,87,0,0
B6_D1,783,0,129,0,0
B6_D1,157,0,185,0,0
B2_D1,700,0,474,0,0
B6_D1,238,0,372,0,0
B4_D1,508,0,246,0,0
B10_D1,120,0,117,0,0
B6_D1,561,0,285,0,0
B10_D1,820,0,38,0,0
G1_D1,1023,0,88,0,0
B4_D1,240,0,279,0,0
B10_D1,438,0,457,0,0
B6_D1,141,0,403,0,0
B10_D1,409,0,257,0,0
B10_D1,175,0,236,0,0
B6_D1,728,0,13,0,0
B6_D1,150,0,497,0,0
B10_D1,702,0,35,0,0
B10_D1,1006,0,32,0,0
B4_D1,29,0,137,0,0
B6_D1,487,0,68,0,0
B2_D1,49,0,53,0,0
B4_D1,93,0,132,0,0
B10_D1,641,0,372,0,0
B10_D1,116,0,275,0,0
G1_D1,596,0,224,0,0
B6_D1,980,0,144,0,0
B10_D1,749,0,117,0,0
B10_D1,439,0,155,0,0
B6_D1,372,0,39,0,0
B8_D1,286,0,186,0,0
B4_D1,339,0,350,0,0
B4_D1,572,0,81,0,0
B6_D1,727,0,268,0,0
B6_D1,375,0,106,0,0
B10_D1,708,0,8,0,0
B10_D1,376,0,59,0,0
G1_D1,217,0,180,0,0
B6_D1,908,0,48,0,0
B10_D1,189,0,280,0,0
G1_D1,999,0,193,0,0
B6_D1,962,0,298,0,0
B6_D1,212,0,18,0,0
G1_D1,271,0,462,0,0
B6_D1,508,0,29,0,0
B4_D1,2,0,208,0,0
B2_D1,561,0,118,0,0
B6_D1,370,0,140,0,0
B2_D1,622,0,23,0,0
B2_D1,155,0,93,0,0
B4_D1,6,0,116,0,0
G1_D1,30,0,147,0,0
B6_D1,744,0,45,0,0
B10_D1,142,0,172,0,0
B6_D1,221,0,373,0,0
B2_D1,238,0,67,0,0
B6_D1,986,0,501,0,0
B2_D1,681,0,5,0,0
B6_D1,592,0,28,0,0
B6_D1,987,0,58,0,0
B2_D1,236,0,139,0,0
B6_D1,932,0,9,0,0
B6_D1,461,0,480,0,0
B4_D1,255,0,16,0,0
B10_D1,987,0,3,0,0
B4_D1,255,0,331,0,0
B10_D1,36,0,31,0,0
B10_D1,736,0,325,0,0
B6_D1,728,0,253,0,0
B6_D1,201,0,72,0,0
B6_D1,4,0,411,0,0
B6_D1,456,0,21,0,0
B10_D1,299,0,333,0,0
B8_D1,1022,0,396,0,0
B10_D1,984,0,172,0,0
G1_D1,998,0,127,0,0
B6_D1,737,0,189,0,0
G1_D1,1,0,501,0,0
B6_D1,766,0,293,0,0
G1_D1,35,0,150,0,0
B10_D1,409,0,98,0,0
B10_D1,388,0,167,0,0
B6_D1,882,0,502,0,0
G1_D1,391,0,495,0,0
G1_D1,165,0,342,0,0
G1_D1,34,0,106,0,0
G1_D1,1010,0,272,0,0
B6_D1,948,0,458,0,0
B6_D1,184,0,409,0,0
G1_D1,947,0,296,0,0
B6_D1,524,0,37,0,0
G1_D1,322,0,218,0,0
B10_D1,140,0,447,0,0
G1_D1,401,0,138,0,0
B10_D1,641,0,281,0,0
B6_D1,803,0,147,0,0
G1_D1,913,0,4,0,0
B6_D1,900,0,14,0,0
G1_D1,1019,0,488,0,0
B6_D1,730,0,342,0,0
B2_D1,27,0,38,0,0
B6_D1,432,0,288,0,0
G1_D1,922,0,234,0,0
G1_D1,83,0,430,0,0
B6_D1,472,0,439,0,0
B6_D1,779,0,209,0,0
B6_D1,720,0,461,0,0
G1_D1,221,0,269,0,0
G1_D1,921,0,48,0,0
B10_D1,154,0,279,0,0
B10_D1,977,0,294,0,0
B10_D1,112,0,188,0,0
G1_D1,455,0,123,0,0
B10_D1,477,0,299,0,0
B6_D1,15,0,361,0,0
G1_D1,298,0,103,0,0
B6_D1,201,0,363,0,0
B10_D1,282,0,327,0,0
B4_D1,437,0,185,0,0
B6_D1,65,0,277,0,0
B4_D1,673,0,195,0,0
B6_D1,221,0,475,0,0
B6_D1,930,0,400,0,0
B6_D1,807,0,137,0,0
B6_D1,714,0,484,0,0
B6_D1,496,0,248,0,0
B10_D1,531,0,299,0,0
B10_D1,383,0,200,0,0
B6_D1,110,0,479,0,0
B10_D1,10,0,356,0,0
B10_D1,104,0,285,0,0
G1_D1,996,0,247,0,0
B6_D1,890,0,238,0,0
B10_D1,773,0,94,0,0
B4_D1,535,0,184,0,0
G1_D1,497,0,188,0,0
B10_D1,257,0,262,0,0
B6_D1,4,0,44,0,0
B10_D1,287,0,253,0,0
G1_D1,826,0,240,0,0
B10_D1,383,0,500,0,0
B10_D1,766,0,162,0,0
B2_D1,159,0,25,0,0
B8_D1,629,0,302,0,0
B6_D1,992,0,88,0,0
B6_D1,961,0,446,0,0
B6_D1,646,0,505,0,0
G1_D1,587,0,6,0,0
B6_D1,193,0,326,0,0
G1_D1,226,0,140,0,0
B10_D1,655,0,494,0,0
B10_D1,490,0,230,0,0
B10_D1,236,0,79,0,0
G1_D1,1002,0,244,0,0
B6_D1,849,0,110,0,0
B8_D1,669,0,246,0,0
B10_D1,41,0,251,0,0
B6_D1,590,0,285,0,0
B2_D1,201,0,214,0,0
G1_D1,775,0,6,0,0
B6_D1,579,0,67,0,0
G1_D1,911,0,312,0,0
B10_D1,720,0,471,0,0
G1_D1,914,0,388,0,0
B10_D1,637,0,371,0,0
B10_D1,88,0,15,0,0
B4_D1,911,0,24,0,0
B6_D1,708,0,281,0,0
B10_D1,105,0,511,0,0
B10_D1,412,0,4,0,0
G1_D1,57,0,97,0,0
G1_D1,434,0,262,0,0
B6_D1,508,0,429,0,0
B10_D1,131,0,434,0,0
B6_D1,764,0,16,0,0
B10_D1,316,0,310,0,0
B2_D1,1022,0,508,0,0
B6_D1,160,0,94,0,0
B4_D1,365,0,371,0,0
B10_D1,753,0,44,0,0
B10_D1,436,0,323,0,0
G1_D1,643,0,34,0,0
G1_D1,1007,0,38,0,0
B6_D1,182,0,452,0,0
B10_D1,445,0,287,0,0
B10_D1,1012,0,22,0,0
G1_D1,877,0,232,0,0
B6_D1,387,0,315,0,0
B4_D1,702,0,189,0,0
B10_D1,526,0,11,0,0
B6_D1,0,0,431,0,0
B10_D1,515,0,407,0,0
B10_D1,293,0,50,0,0
B8_D1,783,0,229,0,0
G1_D1,469,0,124,0,0
B8_D1,686,0,183,0,0
B10_D1,571,0,317,0,0
B10_D1,30,0,128,0,0
B6_D1,836,0,149,0,0
B6_D1,1012,0,4,0,0
B6_D1,327,0,142,0,0
B8_D1,228,0,337,0,0
B10_D1,349,0,93,0,0
B10_D1,141,0,236,0,0
B6_D1,73,0,444,0,0
B4_D1,526,0,214,0,0
G1_D1,189,0,75,0,0
B8_D1,1022,0,398,0,0
B10_D1,492,0,90,0,0
B6_D1,984,0,41,0,0
B2_D1,225,0,49,0,0
B10_D1,450,0,486,0,0
B2_D1,423,0,8,0,0
B10_D1,152,0,58,0,0
B10_D1,17,0,243,0,0
B10_D1,575,0,309,0,0
B6_D1,728,0,50,0,0
G1_D1,794,0,494,0,0
G1_D1,746,0,447,0,0
B6_D1,866,0,150,0,0
B8_D1,124,0,206,0,0
B10_D1,261,0,185,0,0
B6_D1,832,0,17,0,0
G1_D1,749,0,339,0,0
B6_D1,484,0,1,0,0
B4_D1,568,0,288,0,0
G1_D1,261,0,491,0,0
B10_D1,354,0,185,0,0
B6_D1,253,0,362,0,0
B10_D1,909,0,84,0,0
B6_D1,736,0,110,0,0
B4_D1,561,0,84,0,0
B6_D1,390,0,510,0,0
B6_D1,915,0,118,0,0
G1_D1,466,0,38,0,0
B6_D1,388,0,63,0,0
B10_D1,735,0,91,0,0
B6_D1,826,0,487,0,0
B4_D1,716,0,33,0,0
B6_D1,802,0,506,0,0
G1_D1,993,0,158,0,0
G1_D1,583,0,289,0,0
B6_D1,754,0,495,0,0
B10_D1,652,0,246,0,0
B10_D1,681,0,446,0,0
B10_D1,176,0,22,0,0
B10_D1,182,0,137,0,0
B6_D1,204,0,33,0,0
G1_D1,999,0,92,0,0
B6_D1,614,0,490,0,0
B10_D1,459,0,76,0,0
G1_D1,239,0,35,0,0
B6_D1,172,0,26,0,0
B10_D1,127,0,103,0,0
G1_D1,5,0,259,0,0
B4_D1,688,0,308,0,0
B6_D1,462,0,498,0,0
B6_D1,48,0,26,0,0
B4_D1,137,0,184,0,0
B6_D1,784,0,127,0,0
B6_D1,660,0,183,0,0
B6_D1,346,0,504,0,0
B10_D1,332,0,189,0,0
B10_D1,2,0,106,0,0
G1_D1,702,0,255,0,0
B4_D1,8,0,264,0,0
B6_D1,62,0,89,0,0
B6_D1,364,0,51,0,0
B6_D1,588,0,11,0,0
B6_D1,368,0,170,0,0
G1_D1,884,0,233,0,0
B10_D1,639,0,301,0,0
B6_D1,752,0,47,0,0
B6_D1,788,0,245,0,0
G1_D1,1008,0,3,0,0
B6_D1,858,0,486,0,0
B6_D1,140,0,141,0,0
B6_D1,864,0,12,0,0
B6_D1,913,0,142,0,0
G1_D1,850,0,257,0,0
B6_D1,756,0,466,0,0
G1_D1,809,0,35,0,0
B6_D1,653,0,213,0,0
G1_D1,345,0,363,0,0
B10_D1,830,0,47,0,0
G1_D1,707,0,49,0,0
G1_D1,370,0,56,0,0
G1_D1,710,0,272,0,0
B4_D1,763,0,230,0,0
B4_D1,4,0,179,0,0
B6_D1,516,0,29,0,0
B2_D1,958,0,0,0,0
B6_D1,844,0,22,0,0
B10_D1,57,0,287,0,0
B10_D1,334,0,334,0,0
B10_D1,1008,0,481,0,0
B10_D1,941,0,457,0,0
B6_D1,474,0,284,0,0
B6_D1,856,0,43,0,0
B4_D1,356,0,361,0,0
B4_D1,409,0,410,0,0
G1_D1,676,0,276,0,0
B10_D1,28,0,85,0,0
B10_D1,1005,0,478,0,0
B2_D1,148,0,308,0,0
G1_D1,495,0,16,0,0
B10_D1,167,0,426,0,0
B10_D1,321,0,241,0,0
B6_D1,85,0,475,0,0
G1_D1,164,0,73,0,0
G1_D1,508,0,112,0,0
G1_D1,820,0,423,0,0
B6_D1,1002,0,80,0,0
B10_D1,673,0,471,0,0
B6_D1,29,0,404,0,0
G1_D1,883,0,98,0,0
G1_D1,539,0,106,0,0
G1_D1,916,0,0,0,0
B2_D1,402,0,128,0,0
G1_D1,694,0,128,0,0
B10_D1,795,0,445,0,0
B6_D1,158,0,488,0,0
B10_D1,85,0,205,0,0
B8_D1,5,0,312,0,0
B10_D1,548,0,89,0,0
G1_D1,983,0,25,0,0
B6_D1,772,0,33,0,0
B10_D1,147,0,238,0,0
B10_D1,339,0,210,0,0
B6_D1,156,0,36,0,0
B6_D1,32,0,45,0,0
G1_D1,555,0,6,0,0
B10_D1,39,0,294,0,0
B6_D1,330,0,486,0,0
G1_D1,20,0,161,0,0
B6_D1,871,0,195,0,0
B6_D1,677,0,63,0,0
B10_D1,37,0,299,0,0
B4_D1,321,0,307,0,0
B6_D1,682,0,157,0,0
B2_D1,761,0,0,0,0
B6_D1,792,0,11,0,0
B6_D1,986,0,431,0,0
B10_D1,703,0,67,0,0
B8_D1,638,0,303,0,0
B4_D1,621,0,300,0,0
B6_D1,191,0,198,0,0
B10_D1,37,0,118,0,0
B10_D1,936,0,435,0,0
B6_D1,928,0,37,0,0
B10_D1,201,0,222,0,0
B10_D1,436,0,503,0,0
B8_D1,897,0,1,0,0
B2_D1,669,0,88,0,0
B4_D1,114,0,330,0,0
B10_D1,699,0,59,0,0
B6_D1,667,0,304,0,0
B10_D1,16,0,259,0,0
B10_D1,996,0,483,0,0
B10_D1,13,0,122,0,0
G1_D1,12,0,289,0,0
B10_D1,547,0,317,0,0
G1_D1,163,0,337,0,0
B2_D1,39,0,30,0,0
B10_D1,908,0,83,0,0
B10_D1,313,0,193,0,0
B10_D1,269,0,193,0,0
G1_D1,53,0,202,0,0
G1_D1,55,0,453,0,0
B6_D1,642,0,380,0,0
B6_D1,994,0,452,0,0
B8_D1,420,0,196,0,0
B6_D1,829,0,259,0,0
G1_D1,915,0,235,0,0
B4_D1,587,0,378,0,0
B6_D1,402,0,177,0,0
B10_D1,24,0,74,0,0
B6_D1,146,0,504,0,0
G1_D1,697,0,203,0,0
B10_D1,516,0,119,0,0
G1_D1,194,0,138,0,0
G1_D1,715,0,261,0,0
B2_D1,262,0,297,0,0
B6_D1,932,0,41,0,0
B4_D1,282,0,154,0,0
B10_D1,279,0,280,0,0
B6_D1,96,0,424,0,0
B10_D1,55,0,50,0,0
B6_D1,951,0,61,0,0
B10_D1,956,0,465,0,0
B10_D1,758,0,80,0,0
B10_D1,34,0,267,0,0
B4_D1,810,0,264,0,0
B10_D1,652,0,5,0,0
B6_D1,342,0,144,0,0
B10_D1,48,0,205,0,0
B10_D1,290,0,309,0,0
B10_D1,516,0,207,0,0
B10_D1,393,0,163,0,0
B10_D1,335,0,238,0,0
B10_D1,866,0,438,0,0
G1_D1,227,0,2,0,0
G1_D1,451,0,6,0,0
B2_D1,0,0,299,0,0
B10_D1,966,0,82,0,0
B10_D1,274,0,348,0,0
G1_D1,14,0,106,0,0
G1_D1,891,0,245,0,0
B6_D1,780,0,341,0,0
B2_D1,374,0,36,0,0
B10_D1,671,0,317,0,0
B6_D1,942,0,96,0,0
B10_D1,321,0,173,0,0
B6_D1,920,0,15,0,0
B10_D1,199,0,237,0,0
B6_D1,148,0,142,0,0
B6_D1,614,0,377,0,0
B6_D1,72,0,42,0,0
B2_D1,51,0,54,0,0
B10_D1,547,0,3,0,0
B4_D1,541,0,72,0,0
B6_D1,302,0,64,0,0
B10_D1,573,0,318,0,0
B10_D1,1012,0,316,0,0
B4_D1,789,0,237,0,0
G1_D1,263,0,188,0,0
B10_D1,195,0,3,0,0
B4_D1,820,0,243,0,0
G1_D1,877,0,211,0,0
B6_D1,937,0,133,0,0
B6_D1,874,0,504,0,0
G1_D1,67,0,16,0,0
B4_D1,7,0,197,0,0
B6_D1,1023,0,465,0,0
B10_D1,712,0,263,0,0
B10_D1,386,0,257,0,0
B10_D1,375,0,155,0,0
B6_D1,232,0,0,0,0
B6_D1,984,0,17,0,0
B6_D1,54,0,494,0,0
B6_D1,822,0,494,0,0
G1_D1,434,0,20,0,0
G1_D1,777,0,4,0,0
B4_D1,92,0,122,0,0
G1_D1,153,0,171,0,0
G1_D1,146,0,38,0,0
B6_D1,193,0,131,0,0
B10_D1,56,0,286,0,0
B4_D1,1,0,338,0,0
B10_D1,739,0,17,0,0
B6_D1,427,0,481,0,0
B10_D1,673,0,75,0,0
B10_D1,147,0,168,0,0
G1_D1,333,0,410,0,0
B6_D1,487,0,71,0,0
B2_D1,239,0,507,0,0
B2_D1,477,0,217,0,0
B2_D1,192,0,130,0,0
B10_D1,948,0,41,0,0
B10_D1,937,0,107,0,0
B6_D1,723,0,417,0,0
B10_D1,365,0,413,0,0
G1_D1,805,0,246,0,0
B10_D1,16,0,76,0,0
B6_D1,814,0,491,0,0
B4_D1,71,0,181,0,0
G1_D1,103,0,284,0,0
B6_D1,302,0,511,0,0
G1_D1,196,0,24,0,0
B6_D1,773,0,220,0,0
B6_D1,538,0,179,0,0
G1_D1,990,0,116,0,0
B6_D1,492,0,392,0,0
B4_D1,4,0,292,0,0
G1_D1,979,0,160,0,0
G1_D1,701,0,109,0,0
G1_D1,92,0,311,0,0
B4_D1,1022,0,115,0,0
B6_D1,924,0,42,0,0
B10_D1,22,0,137,0,0
B10_D1,735,0,49,0,0
B10_D1,191,0,139,0,0
G1_D1,216,0,41,0,0
B10_D1,768,0,63,0,0
B10_D1,615,0,214,0,0
B10_D1,251,0,510,0,0
B6_D1,960,0,177,0,0
B10_D1,888,0,395,0,0
B2_D1,33,0,510,0,0
B6_D1,232,0,150,0,0
B4_D1,788,0,255,0,0
G1_D1,1017,0,86,0,0
B10_D1,841,0,446,0,0
B2_D1,794,0,219,0,0
G1_D1,31,0,306,0,0
B4_D1,574,0,232,0,0
B10_D1,201,0,105,0,0
B6_D1,371,0,349,0,0
B6_D1,299,0,136,0,0
G1_D1,287,0,6,0,0
G1_D1,665,0,134,0,0
B6_D1,528,0,33,0,0
B2_D1,368,0,510,0,0
B10_D1,388,0,197,0,0
B6_D1,813,0,76,0,0
G1_D1,438,0,79,0,0
G1_D1,700,0,52,0,0
G1_D1,34,0,210,0,0
G1_D1,716,0,11,0,0
B6_D1,614,0,435,0,0
G1_D1,159,0,386,0,0
B2_D1,246,0,511,0,0
B2_D1,190,0,132,0,0
B10_D1,610,0,342,0,0
G1_D1,350,0,240,0,0
B10_D1,219,0,276,0,0
B10_D1,459,0,199,0,0
B10_D1,92,0,188,0,0
B4_D1,740,0,29,0,0
B6_D1,161,0,243,0,0
B10_D1,211,0,119,0,0
B10_D1,413,0,461,0,0
B4_D1,507,0,210,0,0
B10_D1,511,0,476,0,0
B10_D1,49,0,171,0,0
B10_D1,755,0,315,0,0
B6_D1,761,0,295,0,0
B6_D1,164,0,1,0,0
G1_D1,981,0,314,0,0
B8_D1,917,0,301,0,0
B6_D1,682,0,493,0,0
B6_D1,522,0,502,0,0
G1_D1,650,0,146,0,0
B10_D1,471,0,507,0,0
B6_D1,1000,0,252,0,0
G1_D1,911,0,292,0,0
B2_D1,284,0,293,0,0
B10_D1,42,0,138,0,0
G1_D1,322,0,22,0,0
B6_D1,985,0,439,0,0
G1_D1,910,0,9,0,0
B6_D1,758,0,348,0,0
B6_D1,564,0,81,0,0
G1_D1,505,0,82,0,0
B10_D1,696,0,16,0,0
B6_D1,502,0,350,0,0
B6_D1,347,0,85,0,0
B6_D1,592,0,344,0,0
G1_D1,64,0,291,0,0
G1_D1,971,0,79,0,0
B8_D1,79,0,189,0,0
B10_D1,410,0,166,0,0
B6_D1,898,0,500,0,0
B4_D1,663,0,70,0,0
B10_D1,869,0,292,0,0
B10_D1,530,0,329,0,0
B6_D1,812,0,23,0,0
G1_D1,947,0,282,0,0
B6_D1,930,0,264,0,0
B6_D1,372,0,44,0,0
B10_D1,122,0,134,0,0
B10_D1,655,0,155,0,0
B6_D1,233,0,464,0,0
B6_D1,966,0,298,0,0
G1_D1,262,0,345,0,0
B10_D1,964,0,291,0,0
B4_D1,334,0,304,0,0
B6_D1,4,0,345,0,0
B10_D1,17,0,194,0,0
B2_D1,558,0,221,0,0
B10_D1,6,0,391,0,0
B2_D1,506,0,220,0,0
B6_D1,800,0,112,0,0
B2_D1,1,0,218,0,0
B10_D1,620,0,133,0,0
G1_D1,1018,0,135,0,0
B6_D1,512,0,264,0,0
B2_D1,494,0,159,0,0
B6_D1,276,0,8,0,0
B4_D1,599,0,183,0,0
B10_D1,657,0,108,0,0
B4_D1,1023,0,71,0,0
G1_D1,527,0,234,0,0
B6_D1,682,0,267,0,0
B6_D1,479,0,71,0,0
B10_D1,519,0,125,0,0
B6_D1,494,0,293,0,0
B2_D1,557,0,510,0,0
B6_D1,284,0,432,0,0
B6_D1,102,0,500,0,0
B10_D1,340,0,6,0,0
B10_D1,875,0,215,0,0
B4_D1,684,0,260,0,0
B10_D1,47,0,55,0,0
B10_D1,424,0,6,0,0
G1_D1,947,0,241,0,0
B10_D1,622,0,49,0,0
B6_D1,762,0,347,0,0
B6_D1,459,0,374,0,0
B10_D1,289,0,48,0,0
B6_D1,662,0,330,0,0
B10_D1,374,0,177,0,0
B2_D1,695,0,498,0,0
B10_D1,613,0,83,0,0
B2_D1,386,0,511,0,0
G1_D1,440,0,7,0,0
B6_D1,420,0,25,0,0
B10_D1,254,0,301,0,0
B2_D1,741,0,63,0,0
B10_D1,442,0,311,0,0
B6_D1,33,0,481,0,0
B2_D1,353,0,23,0,0
B6_D1,252,0,6,0,0
B6_D1,798,0,91,0,0
B2_D1,580,0,25,0,0
B10_D1,654,0,242,0,0
B6_D1,849,0,352,0,0
B6_D1,164,0,9,0,0
B10_D1,197,0,16,0,0
G1_D1,742,0,5,0,0
B10_D1,210,0,54,0,0
G1_D1,949,0,261,0,0
B6_D1,821,0,130,0,0
B10_D1,9,0,364,0,0
B6_D1,184,0,10,0,0
G1_D1,88,0,84,0,0
B6_D1,940,0,299,0,0
B6_D1,960,0,5,0,0
B2_D1,711,0,183,0,0
B6_D1,252,0,43,0,0
B6_D1,616,0,21,0,0
B10_D1,582,0,143,0,0
B6_D1,873,0,218,0,0
B6_D1,668,0,27,0,0
G1_D1,558,0,41,0,0
B4_D1,1019,0,150,0,0
B6_D1,266,0,433,0,0
B6_D1,740,0,34,0,0
G1_D1,835,0,15,0,0
B6_D1,806,0,487,0,0
G1_D1,1015,0,246,0,0
B10_D1,276,0,250,0,0
B10_D1,634,0,415,0,0
B2_D1,808,0,278,0,0
B6_D1,772,0,384,0,0
B4_D1,73,0,84,0,0
B6_D1,53,0,401,0,0
B6_D1,404,0,14,0,0
G1_D1,909,0,401,0,0
B10_D1,522,0,40,0,0
B2_D1,423,0,127,0,0
B6_D1,987,0,258,0,0
B6_D1,771,0,481,0,0
B6_D1,865,0,156,0,0
B10_D1,695,0,87,0,0
G1_D1,531,0,10,0,0
B6_D1,451,0,388,0,0
B6_D1,498,0,233,0,0
B6_D1,457,0,277,0,0
B6_D1,639,0,112,0,0
B6_D1,584,0,425,0,0
B2_D1,686,0,509,0,0
G1_D1,1021,0,69,0,0
G1_D1,740,0,380,0,0
G1_D1,919,0,63,0,0
B6_D1,828,0,334,0,0
B10_D1,553,0,116,0,0
B6_D1,934,0,419,0,0
B6_D1,18,0,499,0,0
G1_D1,619,0,119,0,0
B4_D1,622,0,347,0,0
B2_D1,1,0,56,0,0
G1_D1,934,0,118,0,0
B6_D1,845,0,156,0,0
G1_D1,537,0,112,0,0
B6_D1,49,0,123,0,0
B6_D1,409,0,173,0,0
B10_D1,489,0,243,0,0
B6_D1,324,0,154,0,0
B2_D1,988,0,115,0,0
G1_D1,500,0,63,0,0
G1_D1,66,0,9,0,0
G1_D1,763,0,386,0,0
B10_D1,865,0,103,0,0
B6_D1,617,0,421,0,0
B10_D1,324,0,446,0,0
G1_D1,923,0,16,0,0
B6_D1,554,0,177,0,0
G1_D1,651,0,42,0,0
B6_D1,56,0,157,0,0
B6_D1,652,0,34,0,0
G1_D1,172,0,241,0,0
B4_D1,899,0,114,0,0
B10_D1,480,0,483,0,0
B10_D1,437,0,120,0,0
B6_D1,898,0,392,0,0
B6_D1,864,0,47,0,0
B6_D1,974,0,344,0,0
B6_D1,872,0,45,0,0
B10_D1,397,0,263,0,0
B6_D1,75,0,88,0,0
B6_D1,172,0,1,0,0
G1_D1,849,0,31,0,0
G1_D1,1016,0,166,0,0
B10_D1,271,0,2,0,0
G1_D1,164,0,340,0,0
B6_D1,460,0,275,0,0
B6_D1,989,0,54,0,0
B10_D1,992,0,211,0,0
B10_D1,114,0,138,0,0
B4_D1,881,0,19,0,0
G1_D1,703,0,464,0,0
B6_D1,630,0,487,0,0
B10_D1,71,0,509,0,0
B10_D1,819,0,436,0,0
B10_D1,357,0,222,0,0
B2_D1,737,0,78,0,0
B4_D1,539,0,183,0,0
B10_D1,807,0,455,0,0
B10_D1,697,0,68,0,0
B10_D1,774,0,308,0,0
B6_D1,627,0,366,0,0
B10_D1,373,0,442,0,0
B6_D1,334,0,478,0,0
B2_D1,160,0,72,0,0
B4_D1,738,0,266,0,0
G1_D1,139,0,95,0,0
G1_D1,860,0,261,0,0
G1_D1,1021,0,80,0,0
B2_D1,914,0,39,0,0
B6_D1,120,0,372,0,0
B4_D1,466,0,226,0,0
B2_D1,917,0,23,0,0
G1_D1,507,0,104,0,0
B6_D1,152,0,46,0,0
B10_D1,627,0,41,0,0
G1_D1,294,0,270,0,0
B6_D1,258,0,486,0,0
B10_D1,305,0,405,0,0
G1_D1,531,0,388,0,0
B10_D1,682,0,48,0,0
B6_D1,162,0,445,0,0
B10_D1,823,0,414,0,0
B10_D1,389,0,511,0,0
G1_D1,95,0,105,0,0
G1_D1,241,0,303,0,0
B6_D1,21,0,406,0,0
B4_D1,739,0,243,0,0
G1_D1,471,0,17,0,0
B10_D1,80,0,311,0,0
B6_D1,1012,0,136,0,0
G1_D1,729,0,34,0,0
B6_D1,600,0,22,0,0
B6_D1,252,0,49,0,0
B4_D1,781,0,80,0,0
B10_D1,741,0,321,0,0
B10_D1,82,0,101,0,0
B6_D1,128,0,98,0,0
B6_D1,156,0,17,0,0
B6_D1,807,0,143,0,0
B6_D1,928,0,41,0,0
B10_D1,582,0,146,0,0
B6_D1,272,0,6,0,0
B10_D1,925,0,47,0,0
B6_D1,132,0,185,0,0
B6_D1,541,0,383,0,0
G1_D1,928,0,18,0,0
B6_D1,470,0,490,0,0
G1_D1,871,0,294,0,0
B4_D1,432,0,109,0,0
B6_D1,812,0,25,0,0
B6_D1,936,0,33,0,0
B6_D1,626,0,496,0,0
G1_D1,343,0,189,0,0
B10_D1,363,0,274,0,0
B6_D1,308,0,18,0,0
B6_D1,710,0,503,0,0
B6_D1,841,0,136,0,0
B6_D1,511,0,151,0,0
B6_D1,536,0,429,0,0
G1_D1,854,0,69,0,0
B10_D1,317,0,239,0,0
B6_D1,198,0,508,0,0
B10_D1,14,0,147,0,0
G1_D1,32,0,283,0,0
B10_D1,674,0,72,0,0
G1_D1,978,0,216,0,0
B10_D1,919,0,70,0,0
B10_D1,280,0,5,0,0
B6_D1,524,0,19,0,0
B10_D1,816,0,176,0,0
B6_D1,148,0,333,0,0
B10_D1,173,0,277,0,0
B10_D1,203,0,27,0,0
B10_D1,505,0,124,0,0
B6_D1,582,0,318,0,0
B10_D1,175,0,286,0,0
B2_D1,790,0,12,0,0
B6_D1,885,0,139,0,0
B10_D1,575,0,480,0,0
G1_D1,204,0,0,0,0
G1_D1,969,0,308,0,0
B4_D1,676,0,41,0,0
B10_D1,182,0,186,0,0
B10_D1,923,0,43,0,0
B6_D1,60,0,9,0,0
B6_D1,130,0,140,0,0
B6_D1,457,0,188,0,0
B6_D1,34,0,412,0,0
B6_D1,548,0,38,0,0
B6_D1,144,0,20,0,0
B2_D1,3,0,55,0,0
B6_D1,57,0,101,0,0
B10_D1,490,0,231,0,0
G1_D1,41,0,257,0,0
B6_D1,278,0,267,0,0
B10_D1,9,0,374,0,0
B10_D1,674,0,481,0,0
B6_D1,465,0,352,0,0
B2_D1,1,0,100,0,0
B10_D1,324,0,9,0,0
G1_D1,35,0,36,0,0
G1_D1,949,0,31,0,0
B10_D1,658,0,386,0,0
B6_D1,104,0,466,0,0
B6_D1,486,0,353,0,0
B6_D1,528,0,13,0,0
B10_D1,355,0,61,0,0
B6_D1,978,0,130,0,0
B6_D1,1008,0,0,0,0
B2_D1,364,0,49,0,0
B10_D1,94,0,279,0,0
B6_D1,1016,0,31,0,0
B4_D1,612,0,215,0,0
B10_D1,350,0,414,0,0
B4_D1,775,0,271,0,0
B6_D1,48,0,29,0,0
B4_D1,721,0,431,0,0
B10_D1,525,0,277,0,0
B2_D1,283,0,140,0,0
B10_D1,4,0,263,0,0
B6_D1,33,0,54,0,0
B4_D1,317,0,158,0,0
B6_D1,364,0,29,0,0
B6_D1,690,0,492,0,0
B6_D1,446,0,428,0,0
B4_D1,698,0,194,0,0
B6_D1,776,0,0,0,0
G1_D1,57,0,62,0,0
B10_D1,88,0,268,0,0
B6_D1,386,0,387,0,0
B10_D1,462,0,48,0,0
B10_D1,101,0,7,0,0
B4_D1,347,0,16,0,0
G1_D1,700,0,18,0,0
B10_D1,588,0,84,0,0
G1_D1,416,0,127,0,0
B6_D1,200,0,28,0,0
B6_D1,559,0,301,0,0
B4_D1,717,0,51,0,0
B10_D1,791,0,410,0,0
B10_D1,527,0,262,0,0
B2_D1,487,0,40,0,0
G1_D1,581,0,157,0,0
B10_D1,805,0,54,0,0
B10_D1,43,0,245,0,0
B10_D1,845,0,337,0,0
G1_D1,750,0,342,0,0
B10_D1,189,0,413,0,0
G1_D1,630,0,444,0,0
B10_D1,515,0,125,0,0
B6_D1,316,0,12,0,0
B10_D1,423,0,450,0,0
B2_D1,873,0,26,0,0
B6_D1,416,0,11,0,0
B10_D1,637,0,46,0,0
G1_D1,350,0,287,0,0
G1_D1,333,0,21,0,0
B6_D1,576,0,44,0,0
G1_D1,350,0,20,0,0
G1_D1,258,0,23,0,0
G1_D1,776,0,50,0,0
B6_D1,654,0,492,0,0
B6_D1,155,0,201,0,0
B6_D1,721,0,184,0,0
B6_D1,358,0,492,0,0
B10_D1,128,0,9,0,0
B6_D1,938,0,495,0,0
B6_D1,501,0,231,0,0
G1_D1,121,0,367,0,0
B10_D1,25,0,97,0,0
B10_D1,355,0,220,0,0
B10_D1,588,0,141,0,0
B6_D1,138,0,209,0,0
G1_D1,623,0,446,0,0
B4_D1,558,0,299,0,0
B10_D1,809,0,441,0,0
B10_D1,616,0,54,0,0
B10_D1,200,0,243,0,0
B10_D1,118,0,155,0,0
B6_D1,872,0,121,0,0
B6_D1,904,0,11,0,0
B2_D1,831,0,26,0,0
G1_D1,317,0,8,0,0
G1_D1,107,0,296,0,0
B6_D1,855,0,204,0,0
B2_D1,785,0,483,0,0
B10_D1,886,0,22,0,0
B2_D1,969,0,67,0,0
B6_D1,128,0,27,0,0
B10_D1,440,0,231,0,0
B6_D1,454,0,135,0,0
B10_D1,647,0,376,0,0
B6_D1,278,0,506,0,0
G1_D1,305,0,19,0,0
B4_D1,699,0,54,0,0
B10_D1,719,0,68,0,0
B6_D1,197,0,331,0,0
G1_D1,326,0,234,0,0
B6_D1,346,0,318,0,0
B6_D1,151,0,278,0,0
B6_D1,226,0,454,0,0
G1_D1,514,0,9,0,0
G1_D1,91,0,105,0,0
B10_D1,335,0,161,0,0
G1_D1,910,0,218,0,0
B10_D1,336,0,275,0,0
B6_D1,380,0,17,0,0
B6_D1,410,0,298,0,0
B6_D1,482,0,242,0,0
B2_D1,344,0,493,0,0
B2_D1,461,0,216,0,0
B6_D1,880,0,156,0,0
B10_D1,702,0,80,0,0
B6_D1,64,0,3,0,0
B6_D1,556,0,162,0,0
B4_D1,719,0,201,0,0
B4_D1,266,0,194,0,0
B6_D1,183,0,129,0,0
B4_D1,869,0,29,0,0
B6_D1,976,0,145,0,0
G1_D1,917,0,4,0,0
G1_D1,734,0,250,0,0
G1_D1,138,0,434,0,0
B2_D1,3,0,191,0,0
B6_D1,642,0,114,0,0
B10_D1,218,0,183,0,0
B10_D1,155,0,168,0,0
G1_D1,164,0,160,0,0
B6_D1,64,0,31,0,0
B10_D1,673,0,306,0,0
G1_D1,759,0,335,0,0
B10_D1,486,0,114,0,0
B6_D1,635,0,115,0,0
B6_D1,576,0,36,0,0
B6_D1,266,0,484,0,0
B10_D1,511,0,148,0,0
B10_D1,189,0,30,0,0
B10_D1,217,0,29,0,0
B10_D1,192,0,58,0,0
B6_D1,818,0,495,0,0
G1_D1,460,0,141,0,0
B10_D1,739,0,356,0,0
B6_D1,390,0,502,0,0
B4_D1,771,0,13,0,0
B10_D1,416,0,141,0,0
B10_D1,1023,0,8,0,0
B4_D1,77,0,80,0,0
B4_D1,66,0,301,0,0
G1_D1,703,0,118,0,0
B6_D1,207,0,154,0,0
B6_D1,613,0,444,0,0
B6_D1,568,0,6,0,0
B6_D1,204,0,455,0,0
B10_D1,185,0,38,0,0
B6_D1,934,0,59,0,0
G1_D1,165,0,409,0,0
B10_D1,555,0,155,0,0
G1_D1,679,0,361,0,0
G1_D1,979,0,79,0,0
B6_D1,808,0,297,0,0
B6_D1,890,0,166,0,0
B6_D1,23,0,480,0,0
B10_D1,890,0,26,0,0
B6_D1,676,0,455,0,0
B10_D1,186,0,60,0,0
B6_D1,188,0,6,0,0
B4_D1,123,0,163,0,0
B10_D1,232,0,6,0,0
B4_D1,574,0,182,0,0
B6_D1,104,0,248,0,0
B10_D1,461,0,480,0,0
G1_D1,838,0,316,0,0
B6_D1,13,0,295,0,0
B10_D1,457,0,165,0,0
B8_D1,166,0,197,0,0
G1_D1,208,0,144,0,0
B10_D1,481,0,279,0,0
B6_D1,505,0,251,0,0
B6_D1,738,0,484,0,0
B10_D1,252,0,420,0,0
B4_D1,631,0,158,0,0
B6_D1,48,0,44,0,0
B6_D1,736,0,285,0,0
B4_D1,75,0,324,0,0
B6_D1,120,0,39,0,0
B10_D1,707,0,104,0,0
G1_D1,462,0,305,0,0
B10_D1,550,0,304,0,0
B10_D1,747,0,85,0,0
B4_D1,64,0,298,0,0
G1_D1,989,0,80,0,0
B6_D1,554,0,407,0,0
G1_D1,367,0,14,0,0
B10_D1,558,0,115,0,0
B10_D1,999,0,49,0,0
G1_D1,26,0,273,0,0
B10_D1,766,0,44,0,0
G1_D1,82,0,56,0,0
B4_D1,967,0,14,0,0
B6_D1,874,0,488,0,0
B6_D1,891,0,467,0,0
B2_D1,1,0,46,0,0
G1_D1,228,0,459,0,0
B6_D1,954,0,254,0,0
B10_D1,692,0,418,0,0
B10_D1,570,0,18,0,0
B6_D1,240,0,121,0,0
G1_D1,762,0,249,0,0
B6_D1,317,0,50,0,0
B4_D1,1021,0,288,0,0
B10_D1,729,0,19,0,0
G1_D1,571,0,231,0,0
B2_D1,873,0,510,0,0
B6_D1,618,0,503,0,0
B6_D1,635,0,349,0,0
G1_D1,323,0,322,0,0
G1_D1,39,0,93,0,0
G1_D1,879,0,205,0,0
B2_D1,163,0,67,0,0
G1_D1,20,0,0,0,0
B10_D1,434,0,141,0,0
B6_D1,48,0,28,0,0
B6_D1,860,0,162,0,0
G1_D1,259,0,293,0,0
G1_D1,12,0,223,0,0
B4_D1,517,0,61,0,0
B6_D1,427,0,286,0,0
B6_D1,972,0,153,0,0
B4_D1,777,0,223,0,0
B4_D1,36,0,128,0,0
G1_D1,989,0,123,0,0
B6_D1,332,0,170,0,0
B6_D1,68,0,419,0,0
G1_D1,35,0,54,0,0
B4_D1,249,0,340,0,0
G1_D1,943,0,262,0,0
B10_D1,73,0,316,0,0
G1_D1,497,0,335,0,0
B10_D1,24,0,226,0,0
G1_D1,1020,0,509,0,0
B10_D1,805,0,437,0,0
B10_D1,271,0,156,0,0
G1_D1,687,0,16,0,0
G1_D1,860,0,74,0,0
B10_D1,757,0,42,0,0
G1_D1,969,0,479,0,0
B10_D1,327,0,236,0,0
G1_D1,700,0,265,0,0
B10_D1,770,0,86,0,0
B6_D1,161,0,151,0,0
B4_D1,769,0,80,0,0
B4_D1,735,0,110,0,0
G1_D1,890,0,133,0,0
B10_D1,137,0,201,0,0
B10_D1,110,0,408,0,0
B10_D1,566,0,88,0,0
B10_D1,476,0,84,0,0
B10_D1,1003,0,4,0,0
B6_D1,940,0,44,0,0
G1_D1,298,0,141,0,0
G1_D1,1013,0,8,0,0
G1_D1,329,0,386,0,0
B4_D1,795,0,14,0,0
G1_D1,51,0,77,0,0
B10_D1,643,0,374,0,0
B2_D1,639,0,92,0,0
B8_D1,669,0,181,0,0
G1_D1,553,0,84,0,0
B10_D1,921,0,511,0,0
B6_D1,686,0,346,0,0
B6_D1,208,0,176,0,0
G1_D1,749,0,161,0,0
G1_D1,1022,0,387,0,0
B10_D1,595,0,499,0,0
G1_D1,677,0,4,0,0
B4_D1,623,0,38,0,0
B10_D1,852,0,40,0,0
B10_D1,638,0,38,0,0
G1_D1,510,0,57,0,0
B10_D1,376,0,226,0,0
B10_D1,27,0,123,0,0
G1_D1,63,0,117,0,0
B6_D1,54,0,507,0,0
B4_D1,747,0,214,0,0
B6_D1,177,0,86,0,0
B10_D1,519,0,292,0,0
B6_D1,628,0,44,0,0
B6_D1,438,0,485,0,0
G1_D1,632,0,267,0,0
G1_D1,579,0,2,0,0
B6_D1,125,0,299,0,0
G1_D1,185,0,8,0,0
B2_D1,654,0,103,0,0
B6_D1,84,0,180,0,0
B6_D1,598,0,484,0,0
B10_D1,737,0,259,0,0
G1_D1,62,0,347,0,0
B10_D1,166,0,232,0,0
B10_D1,597,0,83,0,0
B6_D1,228,0,26,0,0
B2_D1,144,0,457,0,0
B6_D1,7,0,257,0,0
B6_D1,1022,0,411,0,0
G1_D1,643,0,271,0,0
B6_D1,602,0,191,0,0
B4_D1,861,0,130,0,0
B10_D1,318,0,216,0,0
B6_D1,23,0,69,0,0
B10_D1,663,0,203,0,0
B6_D1,138,0,506,0,0
B6_D1,334,0,380,0,0
B10_D1,47,0,163,0,0
B6_D1,115,0,452,0,0
B10_D1,754,0,165,0,0
B10_D1,783,0,263,0,0
B8_D1,24,0,199,0,0
B6_D1,1021,0,456,0,0
B2_D1,463,0,158,0,0
B10_D1,565,0,303,0,0
B10_D1,267,0,12,0,0
B10_D1,992,0,1,0,0
B10_D1,486,0,490,0,0
G1_D1,1023,0,163,0,0
G1_D1,701,0,252,0,0
G1_D1,268,0,142,0,0
B2_D1,982,0,121,0,0
B10_D1,260,0,5,0,0
B10_D1,943,0,26,0,0
B4_D1,510,0,264,0,0
B10_D1,607,0,235,0,0
B10_D1,784,0,310,0,0
G1_D1,42,0,461,0,0
B10_D1,98,0,481,0,0
B6_D1,1019,0,134,0,0
B6_D1,868,0,44,0,0
B6_D1,406,0,462,0,0
B10_D1,521,0,328,0,0
B6_D1,380,0,11,0,0
B2_D1,145,0,5,0,0
B6_D1,43,0,192,0,0
B6_D1,124,0,38,0,0
B2_D1,494,0,511,0,0
G1_D1,12,0,262,0,0
B6_D1,121,0,297,0,0
B6_D1,164,0,44,0,0
B6_D1,250,0,497,0,0
B10_D1,103,0,8,0,0
B6_D1,226,0,433,0,0
B6_D1,99,0,130,0,0
B6_D1,749,0,148,0,0
G1_D1,873,0,266,0,0
B10_D1,754,0,120,0,0
G1_D1,501,0,65,0,0
B8_D1,759,0,314,0,0
G1_D1,394,0,199,0,0
B10_D1,54,0,122,0,0
G1_D1,583,0,287,0,0
B6_D1,382,0,487,0,0
B6_D1,518,0,496,0,0
B10_D1,402,0,68,0,0
B10_D1,299,0,198,0,0
G1_D1,473,0,4,0,0
B6_D1,477,0,279,0,0
G1_D1,293,0,54,0,0
G1_D1,282,0,68,0,0
B10_D1,559,0,321,0,0
G1_D1,44,0,69,0,0
B6_D1,976,0,94,0,0
B6_D1,983,0,425,0,0
G1_D1,552,0,204,0,0
B6_D1,760,0,32,0,0
G1_D1,45,0,73,0,0
B2_D1,391,0,479,0,0
G1_D1,35,0,15,0,0
B6_D1,1021,0,250,0,0
B2_D1,685,0,51,0,0
B10_D1,691,0,87,0,0
G1_D1,24,0,71,0,0
B6_D1,978,0,487,0,0
B6_D1,287,0,458,0,0
B4_D1,826,0,46,0,0
B6_D1,248,0,54,0,0
B6_D1,604,0,39,0,0
B4_D1,693,0,67,0,0
G1_D1,122,0,511,0,0
B10_D1,406,0,483,0,0
B4_D1,437,0,23,0,0
B2_D1,796,0,191,0,0
B10_D1,853,0,28,0,0
B10_D1,447,0,488,0,0
B4_D1,424,0,381,0,0
B6_D1,122,0,479,0,0
B10_D1,383,0,178,0,0
B10_D1,17,0,198,0,0
B4_D1,495,0,224,0,0
B6_D1,56,0,30,0,0
B2_D1,961,0,247,0,0
G1_D1,299,0,16,0,0
B10_D1,108,0,85,0,0
B4_D1,743,0,14,0,0
B6_D1,584,0,165,0,0
B6_D1,154,0,408,0,0
B10_D1,991,0,59,0,0
B2_D1,744,0,74,0,0
G1_D1,1009,0,73,0,0
G1_D1,904,0,314,0,0
B6_D1,68,0,78,0,0
B6_D1,828,0,351,0,0
B6_D1,245,0,123,0,0
B4_D1,983,0,217,0,0
G1_D1,794,0,390,0,0
B10_D1,700,0,204,0,0
B10_D1,360,0,214,0,0
B6_D1,19,0,326,0,0
B6_D1,574,0,377,0,0
B8_D1,211,0,106,0,0
G1_D1,748,0,40,0,0
B6_D1,400,0,4,0,0
B6_D1,822,0,510,0,0
B10_D1,267,0,460,0,0
B6_D1,173,0,73,0,0
B10_D1,799,0,453,0,0
B6_D1,800,0,26,0,0
G1_D1,954,0,220,0,0
G1_D1,700,0,274,0,0
B6_D1,595,0,361,0,0
B6_D1,876,0,445,0,0
B6_D1,804,0,1,0,0
B6_D1,472,0,52,0,0
B6_D1,887,0,365,0,0
B6_D1,144,0,371,0,0
B10_D1,514,0,288,0,0
B6_D1,304,0,33,0,0
B6_D1,137,0,320,0,0
G1_D1,233,0,44,0,0
B10_D1,539,0,314,0,0
B6_D1,740,0,50,0,0
G1_D1,846,0,73,0,0
B10_D1,301,0,85,0,0
B10_D1,747,0,403,0,0
B4_D1,515,0,372,0,0
G1_D1,176,0,122,0,0
B4_D1,840,0,31,0,0
B10_D1,471,0,3,0,0
B10_D1,444,0,142,0,0
G1_D1,995,0,163,0,0
G1_D1,401,0,273,0,0
G1_D1,683,0,81,0,0
B2_D1,745,0,223,0,0
B10_D1,129,0,233,0,0
B10_D1,377,0,227,0,0
B4_D1,691,0,261,0,0
B2_D1,371,0,290,0,0
B6_D1,438,0,358,0,0
B10_D1,143,0,264,0,0
B8_D1,1022,0,431,0,0
B6_D1,668,0,47,0,0
B10_D1,839,0,283,0,0
B6_D1,52,0,325,0,0
G1_D1,416,0,294,0,0
G1_D1,633,0,138,0,0
B2_D1,74,0,511,0,0
B10_D1,144,0,239,0,0
B6_D1,412,0,38,0,0
B10_D1,697,0,309,0,0
B6_D1,750,0,493,0,0
B6_D1,146,0,413,0,0
G1_D1,881,0,12,0,0
B6_D1,394,0,103,0,0
B2_D1,699,0,498,0,0
B6_D1,640,0,293,0,0
G1_D1,751,0,102,0,0
B6_D1,832,0,16,0,0
B6_D1,850,0,61,0,0
B2_D1,732,0,137,0,0
B10_D1,876,0,338,0,0
B10_D1,807,0,214,0,0
B2_D1,797,0,5,0,0
B6_D1,948,0,329,0,0
G1_D1,552,0,18,0,0
G1_D1,829,0,271,0,0
B10_D1,1,0,139,0,0
B10_D1,9,0,282,0,0
B10_D1,548,0,322,0,0
G1_D1,592,0,217,0,0
B4_D1,921,0,94,0,0
B6_D1,607,0,419,0,0
B6_D1,127,0,390,0,0
B6_D1,26,0,482,0,0
G1_D1,974,0,311,0,0
B10_D1,270,0,308,0,0
G1_D1,110,0,98,0,0
B6_D1,855,0,193,0,0
B6_D1,727,0,109,0,0
B6_D1,435,0,459,0,0
B10_D1,645,0,381,0,0
B6_D1,868,0,265,0,0
B6_D1,704,0,282,0,0
B6_D1,745,0,340,0,0
G1_D1,773,0,51,0,0
G1_D1,12,0,162,0,0
G1_D1,833,0,232,0,0
B10_D1,667,0,317,0,0
B4_D1,131,0,210,0,0
B6_D1,617,0,343,0,0
G1_D1,9,0,193,0,0
B4_D1,732,0,73,0,0
B6_D1,184,0,11,0,0
B6_D1,976,0,4,0,0
B6_D1,102,0,426,0,0
B10_D1,6,0,39,0,0
B2_D1,627,0,111,0,0
B2_D1,285,0,141,0,0
B10_D1,356,0,263,0,0
G1_D1,46,0,499,0,0
B10_D1,964,0,259,0,0
G1_D1,516,0,87,0,0
B10_D1,20,0,133,0,0
B10_D1,785,0,253,0,0
B6_D1,242,0,55,0,0
B2_D1,103,0,101,0,0
B6_D1,502,0,507,0,0
B10_D1,423,0,393,0,0
B6_D1,599,0,283,0,0
B10_D1,426,0,288,0,0
B10_D1,63,0,160,0,0
B10_D1,13,0,212,0,0
G1_D1,550,0,202,0,0
G1_D1,14,0,363,0,0
B2_D1,747,0,53,0,0
B10_D1,604,0,360,0,0
B6_D1,720,0,15,0,0
B10_D1,338,0,172,0,0
B6_D1,91,0,289,0,0
B6_D1,932,0,166,0,1
B6_D1,681,0,197,0,0
B2_D1,272,0,44,0,0
B6_D1,710,0,334,0,0
B2_D1,299,0,158,0,0
B4_D1,985,0,70,0,0
B10_D1,198,0,166,0,0
B4_D1,205,0,207,0,0
B10_D1,399,0,261,0,0
B10_D1,615,0,476,0,0
G1_D1,537,0,255,0,0
G1_D1,34,0,99,0,0
G1_D1,366,0,471,0,0
B10_D1,403,0,502,0,0
B10_D1,405,0,136,0,0
B10_D1,631,0,189,0,0
G1_D1,877,0,4,0,0
G1_D1,908,0,85,0,0
G1_D1,609,0,221,0,0
B2_D1,854,0,39,0,0
B6_D1,554,0,399,0,0
B6_D1,859,0,216,0,0
B6_D1,815,0,63,0,0
G1_D1,339,0,16,0,0
B10_D1,826,0,27,0,0
B6_D1,896,0,4,0,0
G1_D1,423,0,17,0,0
B4_D1,0,0,333,0,0
B8_D1,1022,0,76,0,0
B6_D1,147,0,76,0,0
B10_D1,796,0,173,0,0
B2_D1,781,0,49,0,0
G1_D1,801,0,202,0,0
B6_D1,475,0,66,0,0
B6_D1,415,0,384,0,0
G1_D1,622,0,510,0,0
B6_D1,82,0,400,0,0
G1_D1,1009,0,184,0,0
B6_D1,769,0,73,0,0
B10_D1,738,0,63,0,0
B10_D1,500,0,316,0,0
B6_D1,712,0,47,0,0
B4_D1,305,0,218,0,0
B4_D1,703,0,56,0,0
B10_D1,203,0,12,0,0
B4_D1,535,0,210,0,0
B10_D1,528,0,4,0,0
B2_D1,508,0,367,0,0
B6_D1,411,0,271,0,0
B2_D1,274,0,295,0,0
B6_D1,650,0,374,0,0
B4_D1,149,0,3,0,0
B2_D1,354,0,135,0,0
G1_D1,496,0,510,0,0
G1_D1,225,0,58,0,0
B6_D1,916,0,21,0,0
B6_D1,631,0,481,0,0
B6_D1,3,0,135,0,0
B6_D1,630,0,485,0,0
B8_D1,998,0,247,0,0
B6_D1,1006,0,501,0,0
B6_D1,396,0,20,0,0
B10_D1,202,0,43,0,0
B10_D1,804,0,170,0,0
B6_D1,358,0,491,0,0
B6_D1,190,0,400,0,0
B6_D1,856,0,157,0,0
G1_D1,1008,0,198,0,0
G1_D1,35,0,16,0,0
B10_D1,219,0,126,0,0
B10_D1,48,0,43,0,0
B2_D1,909,0,261,0,0
B6_D1,4,0,186,0,0
B10_D1,189,0,409,0,0
G1_D1,116,0,201,0,0
B10_D1,40,0,288,0,0
G1_D1,450,0,101,0,0
B6_D1,796,0,40,0,0
G1_D1,39,0,175,0,0
B6_D1,396,0,367,0,0
G1_D1,1020,0,1,0,0
B10_D1,860,0,200,0,0
B6_D1,558,0,510,0,0
B2_D1,384,0,289,0,0
G1_D1,45,0,293,0,0
B10_D1,658,0,264,0,0
B10_D1,8,0,4,0,0
G1_D1,480,0,483,0,0
B6_D1,596,0,39,0,0
B10_D1,777,0,163,0,0
B10_D1,311,0,181,0,0
B10_D1,195,0,454,0,0
G1_D1,215,0,76,0,0
G1_D1,725,0,284,0,0
B6_D1,694,0,153,0,0
G1_D1,597,0,56,0,0
B6_D1,424,0,101,0,0
B10_D1,342,0,116,0,0
B10_D1,637,0,200,0,0
B6_D1,330,0,335,0,0
B10_D1,324,0,252,0,0
B6_D1,49,0,98,0,0
B10_D1,647,0,146,0,0
B10_D1,193,0,1,0,0
B4_D1,167,0,359,0,0
B4_D1,176,0,139,0,0
B6_D1,77,0,96,0,0
G1_D1,244,0,160,0,0
B6_D1,88,0,8,0,0
B6_D1,90,0,294,0,0
B10_D1,994,0,213,0,0
B10_D1,147,0,3,0,0
B10_D1,203,0,72,0,0
B6_D1,266,0,261,0,0
B10_D1,335,0,235,0,0
G1_D1,998,0,28,0,0
B6_D1,983,0,121,0,0
B10_D1,12,0,126,0,0
B6_D1,684,0,14,0,0
G1_D1,534,0,143,0,0
G1_D1,43,0,150,0,0
G1_D1,683,0,10,0,0
B10_D1,772,0,252,0,0
G1_D1,798,0,5,0,0
B4_D1,581,0,211,0,0
B6_D1,383,0,481,0,0
B6_D1,879,0,54,0,0
B10_D1,392,0,4,0,0
B10_D1,819,0,455,0,0
B10_D1,222,0,189,0,0
B6_D1,616,0,431,0,0
B10_D1,278,0,458,0,0
B6_D1,299,0,395,0,0
B4_D1,777,0,80,0,0
B10_D1,829,0,429,0,0
B6_D1,779,0,360,0,0
B10_D1,24,0,140,0,0
G1_D1,605,0,229,0,0
B6_D1,602,0,190,0,0
B10_D1,646,0,491,0,0
B8_D1,435,0,200,0,0
B6_D1,372,0,0,0,0
B6_D1,753,0,194,0,0
G1_D1,476,0,214,0,0
B10_D1,233,0,506,0,0
B10_D1,542,0,150,0,0
B10_D1,24,0,241,0,0
B4_D1,190,0,205,0,0
B10_D1,324,0,5,0,0
G1_D1,139,0,182,0,0
G1_D1,681,0,257,0,0
B6_D1,361,0,437,0,0
B2_D1,857,0,6,0,0
B6_D1,722,0,488,0,0
B6_D1,182,0,330,0,0
B2_D1,767,0,360,0,0
B6_D1,650,0,498,0,0
B6_D1,445,0,382,0,0
B4_D1,975,0,47,0,0
B2_D1,592,0,469,0,0
G1_D1,668,0,48,0,0
B6_D1,100,0,417,0,0
B6_D1,879,0,165,0,0
B6_D1,789,0,250,0,0
B6_D1,252,0,3,0,0
B2_D1,505,0,123,0,0
B6_D1,5,0,322,0,0
B10_D1,106,0,496,0,0
B6_D1,215,0,237,0,0
B10_D1,696,0,444,0,0
B6_D1,6,0,173,0,0
B6_D1,956,0,457,0,0
B2_D1,835,0,125,0,0
B6_D1,734,0,484,0,0
B6_D1,1012,0,328,0,0
G1_D1,384,0,3,0,0
G1_D1,832,0,65,0,0
B10_D1,247,0,158,0,0
B6_D1,952,0,425,0,0
B10_D1,786,0,230,0,0
G1_D1,179,0,163,0,0
G1_D1,151,0,104,0,0
B6_D1,720,0,467,0,0
B4_D1,782,0,43,0,0
B6_D1,747,0,330,0,0
G1_D1,253,0,510,0,0
B6_D1,680,0,422,0,0
B10_D1,519,0,283,0,0
B6_D1,285,0,374,0,0
B6_D1,266,0,488,0,0
B4_D1,847,0,18,0,0
G1_D1,1007,0,132,0,0
B6_D1,600,0,44,0,0
G1_D1,889,0,28,0,0
B10_D1,919,0,15,0,0
B6_D1,501,0,352,0,0
B6_D1,9,0,297,0,0
B10_D1,795,0,3,0,0
B2_D1,540,0,27,0,0
B4_D1,110,0,123,0,0
B4_D1,195,0,16,0,0
B6_D1,722,0,335,0,0
B2_D1,891,0,44,0,0
B6_D1,114,0,313,0,0
B10_D1,730,0,320,0,0
B10_D1,820,0,330,0,0
B10_D1,987,0,69,0,0
B6_D1,992,0,340,0,0
B10_D1,545,0,186,0,0
B10_D1,37,0,28,0,0
B10_D1,761,0,511,0,0
B6_D1,42,0,509,0,0
B10_D1,530,0,11,0,0
B10_D1,860,0,53,0,0
B10_D1,190,0,60,0,0
B10_D1,534,0,23,0,0
G1_D1,989,0,4,0,0
B10_D1,320,0,220,0,0
B6_D1,572,0,45,0,0
G1_D1,994,0,5,0,0
G1_D1,963,0,220,0,0
B6_D1,880,0,42,0,0
B10_D1,694,0,118,0,0
B2_D1,571,0,99,0,0
G1_D1,1003,0,148,0,0
B10_D1,369,0,140,0,0
B10_D1,889,0,2,0,0
B6_D1,932,0,7,0,0
B10_D1,653,0,313,0,0
B6_D1,605,0,117,0,0
B8_D1,107,0,197,0,0
G1_D1,743,0,195,0,0
B10_D1,323,0,270,0,0
B6_D1,791,0,63,0,0
B6_D1,46,0,72,0,0
G1_D1,728,0,166,0,0
B10_D1,145,0,277,0,0
B6_D1,686,0,491,0,0
B10_D1,798,0,246,0,0
B10_D1,453,0,93,0,0
B10_D1,105,0,7,0,0
B6_D1,246,0,159,0,0
G1_D1,10,0,269,0,0
B6_D1,815,0,153,0,0
G1_D1,941,0,47,0,0
B6_D1,156,0,145,0,0
G1_D1,887,0,292,0,0
B6_D1,524,0,6,0,0
B10_D1,1007,0,27,0,0
B10_D1,148,0,58,0,0
B10_D1,672,0,241,0,0
G1_D1,37,0,49,0,0
B10_D1,712,0,325,0,0
G1_D1,324,0,1,0,0
B10_D1,614,0,254,0,0
B10_D1,868,0,464,0,0
B10_D1,3,0,257,0,0
B2_D1,328,0,493,0,0
B10_D1,325,0,413,0,0
B6_D1,666,0,503,0,0
B10_D1,67,0,166,0,0
B4_D1,36,0,8,0,0
B6_D1,26,0,484,0,0
B10_D1,964,0,79,0,0
B2_D1,24,0,36,0,0
G1_D1,475,0,234,0,0
B6_D1,15,0,477,0,0
B6_D1,876,0,46,0,0
B6_D1,747,0,270,0,0
B10_D1,351,0,92,0,0
B6_D1,51,0,95,0,0
B6_D1,2,0,359,0,0
G1_D1,975,0,295,0,0
B10_D1,439,0,510,0,0
B10_D1,562,0,267,0,0
B6_D1,694,0,161,0,0
B4_D1,1022,0,257,0,0
B6_D1,288,0,16,0,0
B10_D1,475,0,276,0,0
B10_D1,431,0,351,0,0
G1_D1,147,0,16,0,0
B10_D1,137,0,322,0,0
B6_D1,198,0,506,0,0
B6_D1,732,0,30,0,0
B10_D1,619,0,286,0,0
B10_D1,338,0,223,0,0
B6_D1,82,0,314,0,0
G1_D1,68,0,26,0,0
B6_D1,292,0,74,0,0
B10_D1,487,0,167,0,0
B6_D1,532,0,8,0,0
B10_D1,427,0,106,0,0
B10_D1,331,0,229,0,0
B10_D1,119,0,493,0,0
B6_D1,658,0,486,0,0
G1_D1,694,0,250,0,0
B10_D1,647,0,303,0,0
B10_D1,285,0,19,0,0
B6_D1,879,0,243,0,0
G1_D1,580,0,11,0,0
B6_D1,286,0,490,0,0
B6_D1,493,0,454,0,0
B10_D1,511,0,485,0,0
B4_D1,75,0,24,0,0
B6_D1,554,0,482,0,0
B10_D1,179,0,190,0,0
B10_D1,999,0,53,0,0
B6_D1,96,0,46,0,0
B2_D1,192,0,142,0,0
B6_D1,386,0,318,0,0
B6_D1,198,0,497,0,0
B4_D1,898,0,251,0,0
G1_D1,998,0,224,0,0
B10_D1,718,0,82,0,0
B4_D1,241,0,20,0,0
B6_D1,318,0,427,0,0
B6_D1,697,0,458,0,0
B10_D1,430,0,486,0,0
B6_D1,369,0,352,0,0
G1_D1,44,0,176,0,0
G1_D1,686,0,5,0,0
B6_D1,472,0,20,0,0
B4_D1,4,0,97,0,0
B6_D1,797,0,424,0,0
B10_D1,130,0,446,0,0
B8_D1,95,0,192,0,0
G1_D1,394,0,268,0,0
B6_D1,520,0,282,0,0
G1_D1,43,0,17,0,0
B6_D1,402,0,492,0,0
B6_D1,87,0,102,0,0
B10_D1,71,0,455,0,0
B10_D1,682,0,166,0,0
B10_D1,159,0,43,0,0
B10_D1,449,0,461,0,0
B6_D1,510,0,153,0,0
B6_D1,930,0,508,0,0
B6_D1,811,0,291,0,0
B10_D1,69,0,155,0,0
G1_D1,117,0,136,0,0
B10_D1,678,0,391,0,0
B10_D1,504,0,128,0,0
B2_D1,74,0,56,0,0
B10_D1,878,0,61,0,0
B2_D1,790,0,511,0,0
B6_D1,509,0,305,0,0
B6_D1,416,0,29,0,0
B2_D1,874,0,384,0,0
B2_D1,404,0,381,0,0
B10_D1,796,0,488,0,0
B10_D1,352,0,410,0,0
B10_D1,695,0,392,0,0
B6_D1,747,0,59,0,0
G1_D1,794,0,61,0,0
G1_D1,167,0,386,0,0
B10_D1,121,0,164,0,0
B10_D1,641,0,36,0,0
B2_D1,944,0,151,0,0
B10_D1,91,0,312,0,0
B6_D1,979,0,443,0,0
B6_D1,741,0,193,0,0
B10_D1,1011,0,19,0,0
G1_D1,267,0,14,0,0
B10_D1,427,0,123,0,0
B10_D1,40,0,81,0,0
G1_D1,554,0,511,0,0
B6_D1,110,0,489,0,0
B6_D1,813,0,119,0,0
B2_D1,736,0,85,0,0
B2_D1,744,0,32,0,0
B10_D1,488,0,483,0,0
B10_D1,489,0,280,0,0
B6_D1,424,0,12,0,0
G1_D1,30,0,215,0,0
B4_D1,92,0,20,0,0
B6_D1,671,0,184,0,0
B6_D1,408,0,37,0,0
B10_D1,998,0,245,0,0
B2_D1,774,0,304,0,0
B10_D1,142,0,71,0,0
B4_D1,789,0,262,0,0
G1_D1,1014,0,35,0,0
B10_D1,255,0,205,0,0
B2_D1,997,0,288,0,0
B10_D1,473,0,335,0,0
G1_D1,231,0,76,0,0
G1_D1,1016,0,227,0,0
G1_D1,245,0,279,0,0
B6_D1,533,0,387,0,0
B8_D1,847,0,306,0,0
B6_D1,765,0,231,0,0
B10_D1,710,0,82,0,0
B6_D1,720,0,29,0,0
G1_D1,736,0,0,0,0
G1_D1,15,0,16,0,0
B6_D1,72,0,2,0,0
B6_D1,467,0,355,0,0
B6_D1,606,0,393,0,0
B10_D1,451,0,509,0,0
B8_D1,689,0,249,0,0
B6_D1,499,0,170,0,0
G1_D1,752,0,427,0,0
G1_D1,779,0,15,0,0
B2_D1,565,0,458,0,0
G1_D1,712,0,18,0,0
G1_D1,41,0,21,0,0
B4_D1,29,0,255,0,0
B10_D1,657,0,7,0,0
B10_D1,638,0,463,0,0
B6_D1,68,0,25,0,0
B4_D1,790,0,208,0,0
B6_D1,664,0,19,0,0
G1_D1,966,0,43,0,0
B6_D1,984,0,132,0,0
G1_D1,804,0,91,0,0
B6_D1,862,0,298,0,0
B6_D1,22,0,510,0,0
B10_D1,612,0,218,0,0
B6_D1,819,0,122,0,0
B6_D1,18,0,511,0,0
B6_D1,158,0,405,0,0
B10_D1,528,0,410,0,0
B6_D1,703,0,70,0,0
B10_D1,471,0,209,0,0
B10_D1,254,0,505,0,0
B10_D1,495,0,493,0,0
G1_D1,168,0,159,0,0
B6_D1,4,0,121,0,0
B6_D1,712,0,8,0,0
B6_D1,728,0,42,0,0
G1_D1,653,0,244,0,0
B10_D1,987,0,217,0,0
G1_D1,360,0,118,0,0
B6_D1,227,0,241,0,0
B10_D1,140,0,94,0,0
B10_D1,466,0,338,0,0
B4_D1,916,0,128,0,0
B6_D1,443,0,263,0,0
G1_D1,24,0,39,0,0
B10_D1,712,0,414,0,0
B10_D1,305,0,7,0,0
B4_D1,613,0,299,0,0
B6_D1,96,0,25,0,0
B10_D1,38,0,298,0,0
G1_D1,297,0,122,0,0
B10_D1,277,0,47,0,0
G1_D1,1014,0,304,0,0
B10_D1,122,0,259,0,0
B6_D1,522,0,507,0,0
B6_D1,990,0,484,0,0
B6_D1,637,0,222,0,0
G1_D1,867,0,15,0,0
G1_D1,37,0,496,0,0
B6_D1,349,0,208,0,0
B2_D1,860,0,21,0,0
B6_D1,479,0,393,0,0
B10_D1,234,0,117,0,0
B6_D1,532,0,7,0,0
B10_D1,556,0,70,0,0
G1_D1,347,0,419,0,0
B4_D1,403,0,407,0,0
B6_D1,740,0,296,0,0
B4_D1,221,0,62,0,0
B10_D1,29,0,92,0,0
B2_D1,1015,0,210,0,0
B6_D1,256,0,43,0,0
G1_D1,613,0,67,0,0
G1_D1,842,0,166,0,0
B6_D1,492,0,40,0,0
B6_D1,628,0,194,0,0
B10_D1,35,0,12,0,0
B6_D1,245,0,481,0,0
B4_D1,573,0,29,0,0
B2_D1,254,0,297,0,0
B2_D1,350,0,486,0,0
G1_D1,946,0,129,0,0
G1_D1,60,0,327,0,0
B6_D1,578,0,490,0,0
B4_D1,617,0,185,0,0
B6_D1,407,0,384,0,0
B10_D1,272,0,420,0,0
B4_D1,128,0,175,0,0
B6_D1,489,0,415,0,0
G1_D1,573,0,12,0,0
G1_D1,22,0,249,0,0
B10_D1,482,0,136,0,0
B6_D1,832,0,159,0,0
B10_D1,163,0,219,0,0
B10_D1,95,0,126,0,0
B10_D1,556,0,325,0,0
B10_D1,827,0,433,0,0
B8_D1,760,0,238,0,0
B4_D1,670,0,193,0,0
B6_D1,286,0,376,0,0
G1_D1,823,0,57,0,0
G1_D1,68,0,35,0,0
G1_D1,643,0,304,0,0
B4_D1,4,0,174,0,0
G1_D1,217,0,61,0,0
B6_D1,337,0,172,0,0
B2_D1,755,0,360,0,0
B4_D1,547,0,409,0,0
B10_D1,260,0,187,0,0
B6_D1,992,0,308,0,0
B10_D1,499,0,99,0,0
B10_D1,612,0,257,0,0
B10_D1,51,0,400,0,0
G1_D1,563,0,104,0,0
B6_D1,527,0,160,0,0
G1_D1,855,0,2,0,0
B6_D1,331,0,398,0,0
B6_D1,100,0,139,0,0
B6_D1,6,0,378,0,0
B10_D1,209,0,273,0,0
B4_D1,166,0,240,0,0
B6_D1,192,0,145,0,0
G1_D1,22,0,499,0,0
G1_D1,746,0,67,0,0
B10_D1,859,0,235,0,0
G1_D1,841,0,215,0,0
B6_D1,724,0,285,0,0
B6_D1,317,0,336,0,0
B6_D1,694,0,486,0,0
G1_D1,369,0,368,0,0
G1_D1,727,0,248,0,0
B6_D1,0,0,167,0,0
B6_D1,44,0,163,0,0
B10_D1,651,0,270,0,0
G1_D1,663,0,194,0,0
G1_D1,256,0,70,0,0
G1_D1,857,0,8,0,0
B6_D1,659,0,451,0,0
G1_D1,88,0,400,0,0
B8_D1,143,0,232,0,0
B10_D1,520,0,284,0,0
B10_D1,907,0,303,0,0
B4_D1,472,0,203,0,0
B6_D1,427,0,380,0,0
B10_D1,635,0,416,0,0
B10_D1,170,0,43,0,0
B10_D1,374,0,166,0,0
B10_D1,677,0,108,0,0
G1_D1,43,0,24,0,0
B10_D1,608,0,30,0,0
G1_D1,1020,0,508,0,0
B10_D1,665,0,312,0,0
B10_D1,730,0,326,0,0
G1_D1,891,0,6,0,0
B10_D1,565,0,320,0,0
G1_D1,225,0,231,0,0
B10_D1,346,0,162,0,0
B8_D1,88,0,165,0,0
B10_D1,582,0,53,0,0
G1_D1,349,0,21,0,0
B10_D1,469,0,339,0,0
B10_D1,908,0,5,0,0
B6_D1,476,0,46,0,0
B6_D1,859,0,341,0,0
B4_D1,335,0,339,0,0
B10_D1,545,0,466,0,0
G1_D1,112,0,283,0,0
B2_D1,287,0,182,0,0
B6_D1,132,0,106,0,0
G1_D1,700,0,306,0,0
G1_D1,231,0,45,0,0
B2_D1,403,0,477,0,0
B4_D1,162,0,143,0,0
B10_D1,50,0,203,0,0
B6_D1,808,0,25,0,0
B6_D1,221,0,84,0,0
B10_D1,67,0,277,0,0
B10_D1,648,0,57,0,0
B6_D1,428,0,272,0,0
G1_D1,244,0,79,0,0
B10_D1,220,0,274,0,0
B10_D1,110,0,334,0,0
G1_D1,862,0,71,0,0
B4_D1,757,0,222,0,0
B4_D1,6,0,279,0,0
G1_D1,963,0,29,0,0
B10_D1,111,0,410,0,0
G1_D1,967,0,10,0,0
G1_D1,406,0,445,0,0
B10_D1,1010,0,81,0,0
B6_D1,29,0,169,0,0
B8_D1,133,0,209,0,0
G1_D1,133,0,434,0,0
B6_D1,80,0,20,0,0
B6_D1,760,0,240,0,0
B10_D1,654,0,79,0,0
B2_D1,679,0,286,0,0
B4_D1,0,0,113,0,0
B10_D1,159,0,182,0,0
B2_D1,866,0,39,0,0
G1_D1,864,0,301,0,0
B2_D1,468,0,369,0,0
B6_D1,352,0,8,0,0
G1_D1,423,0,10,0,0
B6_D1,914,0,492,0,0
B4_D1,791,0,13,0,0
B2_D1,942,0,109,0,0
B2_D1,872,0,378,0,0
B4_D1,351,0,97,0,0
B10_D1,470,0,134,0,0
G1_D1,230,0,5,0,0
B10_D1,148,0,275,0,0
B10_D1,98,0,135,0,0
B10_D1,403,0,206,0,0
B6_D1,406,0,495,0,0
B6_D1,562,0,492,0,0
B2_D1,309,0,152,0,0
G1_D1,674,0,9,0,0
B2_D1,258,0,62,0,0
G1_D1,1020,0,479,0,0
B6_D1,916,0,41,0,0
B10_D1,425,0,158,0,0
G1_D1,1003,0,367,0,0
B6_D1,310,0,502,0,0
G1_D1,904,0,322,0,0
B10_D1,147,0,86,0,0
B6_D1,622,0,501,0,0
G1_D1,1017,0,407,0,0
B6_D1,566,0,452,0,0
B6_D1,892,0,51,0,0
B10_D1,652,0,33,0,0
B6_D1,874,0,108,0,0
B2_D1,240,0,487,0,0
B4_D1,0,0,185,0,0
B10_D1,597,0,479,0,0
B6_D1,642,0,506,0,0
B10_D1,380,0,6,0,0
G1_D1,883,0,55,0,0
B10_D1,212,0,218,0,0
G1_D1,1011,0,267,0,0
B6_D1,581,0,443,0,0
B10_D1,283,0,343,0,0
B10_D1,759,0,417,0,0
B10_D1,269,0,170,0,0
B6_D1,82,0,318,0,0
G1_D1,168,0,60,0,0
B6_D1,740,0,6,0,0
B6_D1,882,0,498,0,0
G1_D1,706,0,5,0,0
B10_D1,913,0,331,0,0
G1_D1,24,0,169,0,0
B6_D1,556,0,281,0,0
B2_D1,207,0,151,0,0
B4_D1,675,0,135,0,0
B10_D1,162,0,14,0,0
B10_D1,633,0,497,0,0
G1_D1,157,0,268,0,0
G1_D1,689,0,12,0,0
B6_D1,552,0,24,0,0
B10_D1,332,0,85,0,0
B10_D1,384,0,231,0,0
B6_D1,267,0,381,0,0
G1_D1,194,0,240,0,0
B10_D1,30,0,147,0,0
G1_D1,206,0,138,0,0
B6_D1,852,0,311,0,0
B6_D1,890,0,446,0,0
B10_D1,458,0,18,0,0
B4_D1,359,0,16,0,0
B6_D1,836,0,36,0,0
B6_D1,884,0,393,0,0
B10_D1,636,0,57,0,0
B4_D1,574,0,155,0,0
B10_D1,436,0,418,0,0
B10_D1,189,0,365,0,0
B10_D1,301,0,204,0,0
G1_D1,633,0,50,0,0
B6_D1,471,0,160,0,0
G1_D1,1015,0,186,0,0
B6_D1,796,0,154,0,0
B10_D1,911,0,14,0,0
G1_D1,987,0,148,0,0
G1_D1,1018,0,205,0,0
B10_D1,503,0,226,0,0
B6_D1,508,0,226,0,0
B10_D1,100,0,6,0,0
B4_D1,736,0,88,0,0
B4_D1,939,0,45,0,0
G1_D1,639,0,277,0,0
B10_D1,305,0,204,0,0
B4_D1,368,0,104,0,0
B4_D1,46,0,450,0,0
B2_D1,734,0,31,0,0
B6_D1,362,0,487,0,0
G1_D1,848,0,11,0,0
B6_D1,945,0,422,0,0
B10_D1,193,0,274,0,0
B8_D1,450,0,288,0,0
B4_D1,94,0,46,0,0
B2_D1,687,0,286,0,0
B10_D1,333,0,128,0,0
B2_D1,678,0,144,0,0
B6_D1,891,0,343,0,0
B2_D1,121,0,26,0,0
B10_D1,1003,0,480,0,0
B10_D1,422,0,224,0,0
B10_D1,591,0,299,0,0
B6_D1,803,0,425,0,0
B6_D1,770,0,501,0,0
B2_D1,868,0,22,0,0
G1_D1,173,0,342,0,0
B6_D1,61,0,356,0,0
B10_D1,716,0,61,0,0
G1_D1,39,0,15,0,0
B10_D1,455,0,482,0,0
G1_D1,617,0,247,0,0
B10_D1,546,0,230,0,0
B6_D1,189,0,326,0,0
B10_D1,544,0,5,0,0
B6_D1,228,0,387,0,0
G1_D1,724,0,67,0,0
G1_D1,311,0,14,0,0
B10_D1,465,0,92,0,0
B4_D1,328,0,309,0,0
B6_D1,698,0,348,0,0
G1_D1,635,0,6,0,0
B4_D1,846,0,25,0,0
B6_D1,143,0,116,0,0
B10_D1,460,0,137,0,0
B6_D1,639,0,196,0,0
B10_D1,385,0,509,0,0
B4_D1,103,0,3,0,0
B6_D1,222,0,506,0,0
B6_D1,104,0,29,0,0
B6_D1,596,0,162,0,0
B4_D1,601,0,34,0,0
G1_D1,195,0,17,0,0
B6_D1,568,0,162,0,0
B10_D1,264,0,270,0,0
B6_D1,402,0,484,0,0
B6_D1,466,0,109,0,0
B2_D1,2,0,18,0,0
B6_D1,676,0,3,0,0
B6_D1,51,0,422,0,0
G1_D1,527,0,111,0,0
B10_D1,215,0,313,0,0
B6_D1,972,0,166,0,0
G1_D1,315,0,15,0,0
B10_D1,696,0,457,0,0
B10_D1,588,0,455,0,0
B6_D1,482,0,354,0,0
B6_D1,70,0,49,0,0
B2_D1,247,0,45,0,0
B10_D1,261,0,48,0,0
B4_D1,68,0,0,0,0
B6_D1,85,0,272,0,0
B6_D1,972,0,20,0,0
B6_D1,592,0,171,0,0
B6_D1,804,0,99,0,0
B10_D1,339,0,507,0,0
B10_D1,639,0,280,0,0
B6_D1,798,0,276,0,0
B2_D1,965,0,58,0,0
B4_D1,790,0,206,0,0
B10_D1,341,0,60,0,0
B6_D1,106,0,157,0,0
G1_D1,576,0,136,0,0
B6_D1,480,0,10,0,0
G1_D1,583,0,36,0,0
G1_D1,325,0,12,0,0
B10_D1,509,0,506,0,0
G1_D1,80,0,400,0,0
B10_D1,220,0,180,0,0
B6_D1,651,0,220,0,0
B6_D1,556,0,405,0,0
B6_D1,856,0,106,0,0
B4_D1,389,0,195,0,0
B6_D1,288,0,14,0,0
B10_D1,111,0,464,0,0
B4_D1,90,0,400,0,0
B6_D1,476,0,6,0,0
B8_D1,354,0,295,0,0
G1_D1,559,0,242,0,0
B10_D1,894,0,88,0,0
B6_D1,352,0,5,0,0
B6_D1,602,0,488,0,0
B10_D1,68,0,167,0,0
G1_D1,524,0,238,0,0
B10_D1,630,0,180,0,0
G1_D1,911,0,333,0,0
B6_D1,952,0,25,0,0
B10_D1,686,0,115,0,0
B6_D1,899,0,312,0,0
G1_D1,786,0,274,0,0
G1_D1,346,0,511,0,0
G1_D1,800,0,301,0,0
B4_D1,317,0,178,0,0
B10_D1,122,0,180,0,0
B6_D1,32,0,25,0,0
G1_D1,1009,0,96,0,0
B10_D1,535,0,88,0,0
B6_D1,358,0,493,0,0
B6_D1,314,0,115,0,0
G1_D1,860,0,103,0,0
B6_D1,650,0,75,0,0
B10_D1,779,0,96,0,0
B6_D1,312,0,81,0,0
B6_D1,910,0,448,0,0
B4_D1,528,0,283,0,0
B6_D1,543,0,243,0,0
B6_D1,598,0,188,0,0
B2_D1,913,0,447,0,0
B6_D1,160,0,6,0,0
B10_D1,677,0,73,0,0
B10_D1,337,0,168,0,0
B6_D1,696,0,42,0,0
G1_D1,82,0,25,0,0
B4_D1,737,0,276,0,0
B6_D1,681,0,305,0,0
G1_D1,187,0,2,0,0
B6_D1,368,0,35,0,0
G1_D1,812,0,81,0,0
B2_D1,816,0,362,0,0
B10_D1,392,0,70,0,0
B6_D1,781,0,328,0,0
B10_D1,826,0,356,0,0
B6_D1,143,0,327,0,0
G1_D1,55,0,77,0,0
B6_D1,869,0,163,0,0
G1_D1,393,0,228,0,0
B6_D1,546,0,177,0,0
G1_D1,563,0,93,0,0
B6_D1,742,0,506,0,0
B6_D1,457,0,320,0,0
B6_D1,944,0,131,0,0
B10_D1,455,0,72,0,0
B4_D1,216,0,68,0,0
B10_D1,815,0,77,0,0
B6_D1,677,0,421,0,0
B10_D1,289,0,97,0,0
B6_D1,987,0,443,0,0
B6_D1,455,0,481,0,0
G1_D1,922,0,306,0,0
B10_D1,86,0,95,0,0
B6_D1,836,0,229,0,0
B10_D1,621,0,102,0,0
B6_D1,922,0,423,0,0
B6_D1,26,0,279,0,0
B2_D1,793,0,240,0,0
B6_D1,816,0,7,0,0
B4_D1,210,0,187,0,0
B2_D1,542,0,481,0,0
B6_D1,937,0,225,0,0
B10_D1,529,0,134,0,0
B10_D1,1023,0,139,0,0
B10_D1,432,0,412,0,0
B6_D1,178,0,497,0,0
B10_D1,175,0,194,0,0
G1_D1,440,0,35,0,0
B10_D1,108,0,212,0,0
G1_D1,838,0,19,0,0
B4_D1,926,0,248,0,0
B2_D1,842,0,44,0,0
B6_D1,806,0,358,0,0
G1_D1,307,0,267,0,0
B6_D1,916,0,1,0,0
B6_D1,144,0,19,0,0
B6_D1,865,0,348,0,0
B6_D1,948,0,41,0,0
G1_D1,540,0,118,0,0
G1_D1,758,0,477,0,0
G1_D1,87,0,463,0,0
B8_D1,938,0,302,0,0
G1_D1,855,0,178,0,0
G1_D1,519,0,20,0,0
B6_D1,3,0,466,0,0
B6_D1,957,0,129,0,0
G1_D1,64,0,138,0,0
B6_D1,256,0,4,0,0
B6_D1,60,0,2,0,0
B6_D1,491,0,53,0,0
G1_D1,767,0,102,0,0
B4_D1,1,0,451,0,0
B10_D1,106,0,132,0,0
B6_D1,170,0,75,0,0
B10_D1,361,0,1,0,0
B6_D1,230,0,292,0,0
G1_D1,206,0,276,0,0
B10_D1,851,0,1,0,0
B10_D1,15,0,162,0,0
B10_D1,908,0,393,0,0
B6_D1,672,0,25,0,0
B6_D1,579,0,328,0,0
B8_D1,242,0,189,0,0
B10_D1,228,0,286,0,0
B10_D1,794,0,308,0,0
B6_D1,220,0,45,0,0
B6_D1,488,0,15,0,0
B4_D1,560,0,400,0,0
B10_D1,1019,0,466,0,0
B6_D1,930,0,423,0,0
G1_D1,819,0,20,0,0
B6_D1,436,0,348,0,0
B10_D1,117,0,456,0,0
B6_D1,873,0,75,0,0
B2_D1,222,0,511,0,0
B10_D1,426,0,279,0,0
B10_D1,126,0,51,0,0
B6_D1,644,0,13,0,0
B6_D1,518,0,491,0,0
G1_D1,93,0,99,0,0
B6_D1,868,0,47,0,0
G1_D1,915,0,14,0,0
B10_D1,8,0,371,0,0
B10_D1,334,0,116,0,0
B6_D1,541,0,173,0,0
B6_D1,922,0,315,0,0
B10_D1,70,0,32,0,0
B6_D1,138,0,203,0,0
B10_D1,186,0,225,0,0
B10_D1,452,0,6,0,0
B6_D1,88,0,312,0,0
G1_D1,643,0,264,0,0
B10_D1,185,0,219,0,0
B4_D1,96,0,43,0,0
B10_D1,550,0,118,0,0
G1_D1,264,0,235,0,0
B6_D1,977,0,82,0,0
B6_D1,999,0,99,0,0
G1_D1,992,0,90,0,0
B10_D1,287,0,20,0,0
G1_D1,928,0,117,0,0
B4_D1,363,0,223,0,0
B6_D1,66,0,129,0,0
B10_D1,725,0,486,0,0
G1_D1,111,0,95,0,0
B10_D1,165,0,99,0,0
B10_D1,364,0,313,0,0
B10_D1,945,0,290,0,0
B10_D1,772,0,419,0,0
B10_D1,227,0,21,0,0
B10_D1,875,0,216,0,0
B6_D1,70,0,490,0,0
B6_D1,60,0,28,0,0
B10_D1,507,0,41,0,0
B6_D1,804,0,303,0,0
G1_D1,954,0,210,0,0
B6_D1,278,0,486,0,0
B2_D1,266,0,297,0,0
B6_D1,880,0,33,0,0
B10_D1,85,0,31,0,0
G1_D1,999,0,76,0,0
B10_D1,93,0,170,0,0
B4_D1,293,0,38,0,0
B6_D1,556,0,46,0,0
B10_D1,544,0,11,0,0
B10_D1,651,0,487,0,0
B10_D1,548,0,506,0,0
B6_D1,858,0,273,0,0
B6_D1,682,0,163,0,0
B10_D1,94,0,322,0,0
B10_D1,157,0,324,0,0
B4_D1,28,0,48,0,0
B6_D1,721,0,388,0,0
B6_D1,142,0,506,0,0
B10_D1,269,0,33,0,0
B6_D1,259,0,435,0,0
B4_D1,436,0,230,0,0
B6_D1,21,0,270,0,0
G1_D1,193,0,52,0,0
B6_D1,817,0,215,0,0
B4_D1,669,0,59,0,0
B6_D1,952,0,470,0,0
B10_D1,433,0,456,0,0
B2_D1,672,0,87,0,0
B4_D1,776,0,84,0,0
B8_D1,761,0,210,0,0
B10_D1,527,0,9,0,0
B8_D1,761,0,211,0,0
B2_D1,360,0,49,0,0
B10_D1,198,0,43,0,0
G1_D1,8,0,315,0,0
B10_D1,235,0,289,0,0
B2_D1,220,0,137,0,0
B10_D1,364,0,99,0,0
G1_D1,838,0,17,0,0
B4_D1,77,0,39,0,0
B10_D1,536,0,307,0,0
B6_D1,394,0,354,0,0
B10_D1,483,0,494,0,0
G1_D1,298,0,41,0,0
B6_D1,943,0,118,0,0
B6_D1,48,0,244,0,0
G1_D1,885,0,247,0,0
B10_D1,323,0,39,0,0
B10_D1,597,0,10,0,0
B6_D1,747,0,271,0,0
B10_D1,326,0,212,0,0
B6_D1,280,0,39,0,0
G1_D1,892,0,134,0,0
B10_D1,540,0,161,0,0
B10_D1,504,0,42,0,0
G1_D1,1013,0,171,0,0
B10_D1,786,0,23,0,0
B10_D1,441,0,165,0,0
B10_D1,19,0,146,0,0
G1_D1,183,0,10,0,0
B6_D1,256,0,46,0,0
B10_D1,510,0,301,0,0
B10_D1,5,0,51,0,0
G1_D1,242,0,395,0,0
G1_D1,96,0,280,0,0
B10_D1,708,0,252,0,0
B6_D1,465,0,390,0,0
B10_D1,780,0,108,0,0
G1_D1,997,0,108,0,0
B10_D1,409,0,88,0,0
G1_D1,590,0,215,0,0
B10_D1,611,0,416,0,0
B6_D1,510,0,506,0,0
B6_D1,661,0,63,0,0
B6_D1,804,0,454,0,0
G1_D1,277,0,102,0,0
G1_D1,440,0,252,0,0
B10_D1,771,0,293,0,0
B6_D1,112,0,464,0,0
G1_D1,224,0,0,0,0
G1_D1,995,0,266,0,0
G1_D1,317,0,225,0,0
B4_D1,776,0,50,0,0
B6_D1,913,0,390,0,0
B4_D1,991,0,87,0,0
B6_D1,886,0,317,0,0
B10_D1,583,0,501,0,0
G1_D1,44,0,39,0,0
G1_D1,683,0,112,0,0
B4_D1,617,0,358,0,0
B4_D1,128,0,52,0,0
G1_D1,8,0,301,0,0
B10_D1,448,0,410,0,0
G1_D1,9,0,310,0,0
G1_D1,1018,0,259,0,0
B6_D1,88,0,17,0,0
B6_D1,0,0,462,0,0
B10_D1,418,0,13,0,0
B10_D1,934,0,262,0,0
B6_D1,219,0,368,0,0
B10_D1,424,0,140,0,0
B10_D1,148,0,455,0,0
B6_D1,598,0,510,0,0
B6_D1,258,0,293,0,0
B8_D1,11,0,210,0,0
B6_D1,840,0,357,0,0
B10_D1,31,0,255,0,0
B2_D1,1023,0,292,0,0
G1_D1,819,0,15,0,0
B10_D1,364,0,40,0,0
G1_D1,1009,0,123,0,0
B10_D1,650,0,447,0,0
G1_D1,598,0,236,0,0
B10_D1,115,0,168,0,0
B6_D1,432,0,29,0,0
G1_D1,684,0,161,0,0
G1_D1,546,0,146,0,0
B6_D1,244,0,336,0,0
B10_D1,779,0,420,0,0
G1_D1,661,0,111,0,0
B6_D1,987,0,53,0,0
B10_D1,20,0,94,0,0
B6_D1,887,0,322,0,0
G1_D1,581,0,142,0,0
B10_D1,340,0,182,0,0
B10_D1,749,0,246,0,0
B2_D1,933,0,510,0,0
B6_D1,9,0,233,0,0
B6_D1,354,0,487,0,0
G1_D1,53,0,293,0,0
B10_D1,772,0,461,0,0
B8_D1,389,0,284,0,0
B10_D1,265,0,347,0,0
B4_D1,818,0,49,0,0
B6_D1,106,0,504,0,0
B4_D1,830,0,217,0,0
B2_D1,629,0,148,0,0
B4_D1,8,0,361,0,0
G1_D1,626,0,444,0,0
B6_D1,1022,0,435,0,0
B6_D1,184,0,116,0,0
B6_D1,67,0,424,0,0
B6_D1,784,0,1,0,0
B4_D1,672,0,202,0,0
B6_D1,492,0,276,0,0
B10_D1,128,0,447,0,0
G1_D1,359,0,45,0,0
B6_D1,188,0,370,0,0
B2_D1,311,0,140,0,0
B10_D1,164,0,436,0,0
B10_D1,779,0,426,0,0
G1_D1,709,0,4,0,0
B10_D1,758,0,100,0,0
B6_D1,554,0,485,0,0
B10_D1,350,0,483,0,0
B6_D1,652,0,376,0,0
B10_D1,552,0,482,0,0
B6_D1,447,0,283,0,0
B10_D1,381,0,413,0,0
G1_D1,1022,0,98,0,0
B10_D1,135,0,271,0,0
B6_D1,446,0,328,0,0
G1_D1,736,0,257,0,0
B6_D1,694,0,342,0,0
G1_D1,211,0,14,0,0
G1_D1,942,0,280,0,0
G1_D1,963,0,309,0,0
B6_D1,719,0,336,0,0
G1_D1,478,0,5,0,0
B8_D1,359,0,292,0,0
B10_D1,60,0,5,0,0
B10_D1,180,0,51,0,0
G1_D1,481,0,65,0,0
B6_D1,935,0,101,0,0
B6_D1,992,0,424,0,0
G1_D1,874,0,95,0,0
B4_D1,437,0,16,0,0
B10_D1,723,0,79,0,0
B6_D1,738,0,275,0,0
B10_D1,51,0,54,0,0
B2_D1,554,0,482,0,0
B6_D1,372,0,15,0,0
B6_D1,178,0,118,0,0
G1_D1,76,0,101,0,0
B8_D1,89,0,190,0,0
B6_D1,106,0,489,0,0
G1_D1,981,0,123,0,0
B10_D1,2,0,322,0,0
B2_D1,906,0,19,0,0
B4_D1,1021,0,139,0,0
B2_D1,266,0,511,0,0
B6_D1,91,0,477,0,0
B6_D1,877,0,364,0,0
B6_D1,319,0,263,0,0
B6_D1,708,0,403,0,0
B4_D1,6,0,83,0,0
B6_D1,684,0,46,0,0
B6_D1,714,0,497,0,0
G1_D1,36,0,27,0,0
B10_D1,288,0,201,0,0
G1_D1,14,0,137,0,0
B6_D1,897,0,266,0,0
B10_D1,584,0,481,0,0
B2_D1,431,0,475,0,0
G1_D1,93,0,201,0,0
B2_D1,386,0,500,0,0
G1_D1,227,0,505,0,0
B6_D1,0,0,123,0,0
B6_D1,599,0,425,0,0
G1_D1,16,0,509,0,0
B4_D1,435,0,234,0,0
G1_D1,811,0,41,0,0
B10_D1,231,0,507,0,0
B4_D1,877,0,34,0,0
G1_D1,1004,0,90,0,0
B10_D1,714,0,82,0,0
B10_D1,8,0,96,0,0
B4_D1,928,0,238,0,0
B10_D1,140,0,187,0,0
B10_D1,437,0,299,0,0
B4_D1,1022,0,309,0,0
G1_D1,994,0,27,0,0
G1_D1,54,0,250,0,0
G1_D1,964,0,480,0,0
B10_D1,869,0,249,0,0
G1_D1,471,0,153,0,0
B6_D1,252,0,29,0,0
G1_D1,669,0,246,0,0
B4_D1,508,0,257,0,0
B2_D1,840,0,22,0,0
B10_D1,745,0,462,0,0
B10_D1,233,0,332,0,0
G1_D1,808,0,391,0,0
B6_D1,354,0,478,0,0
B6_D1,87,0,423,0,0
G1_D1,885,0,304,0,0
B6_D1,534,0,186,0,0
B10_D1,733,0,423,0,0
B6_D1,590,0,498,0,0
B6_D1,281,0,476,0,0
G1_D1,663,0,6,0,0
B10_D1,133,0,191,0,0
B6_D1,632,0,193,0,0
B6_D1,968,0,200,0,0
B6_D1,375,0,384,0,0
B6_D1,506,0,328,0,0
B10_D1,143,0,99,0,0
B4_D1,978,0,105,0,0
B10_D1,4,0,281,0,0
B6_D1,740,0,2,0,0
B2_D1,290,0,510,0,0
B10_D1,338,0,240,0,0
B10_D1,205,0,250,0,0
B6_D1,172,0,31,0,0
B6_D1,126,0,496,0,0
G1_D1,240,0,286,0,0
B6_D1,189,0,133,0,0
B10_D1,203,0,252,0,0
B10_D1,56,0,33,0,0
B10_D1,431,0,276,0,0
B2_D1,292,0,293,0,0
B10_D1,421,0,287,0,0
B10_D1,855,0,407,0,0
B4_D1,1,0,357,0,0
B6_D1,788,0,40,0,0
B6_D1,338,0,380,0,0
G1_D1,213,0,21,0,0
B10_D1,715,0,122,0,0
B2_D1,369,0,203,0,0
B6_D1,879,0,439,0,0
B6_D1,578,0,346,0,0
B6_D1,920,0,224,0,0
B10_D1,147,0,175,0,0
B8_D1,723,0,313,0,0
G1_D1,218,0,149,0,0
B6_D1,738,0,510,0,0
B4_D1,7,0,325,0,0
B6_D1,29,0,101,0,0
B6_D1,906,0,491,0,0
B6_D1,4,0,27,0,0
B6_D1,342,0,87,0,0
B6_D1,972,0,35,0,0
B10_D1,108,0,285,0,0
B2_D1,795,0,50,0,0
B10_D1,892,0,29,0,0
B6_D1,37,0,170,0,0
G1_D1,996,0,215,0,0
B10_D1,774,0,23,0,0
G1_D1,553,0,139,0,0
B6_D1,72,0,27,0,0
B10_D1,153,0,97,0,0
G1_D1,639,0,266,0,0
B6_D1,8,0,295,0,0
B6_D1,172,0,343,0,0
G1_D1,245,0,49,0,0
B10_D1,325,0,176,0,0
B10_D1,910,0,120,0,0
B10_D1,362,0,39,0,0
B6_D1,590,0,483,0,0
B6_D1,332,0,211,0,0
B10_D1,414,0,97,0,0
B10_D1,139,0,264,0,0
B6_D1,217,0,476,0,0
B10_D1,375,0,156,0,0
B6_D1,566,0,377,0,0
B6_D1,692,0,46,0,0
G1_D1,372,0,44,0,0
B10_D1,6,0,138,0,0
B6_D1,94,0,503,0,0
B6_D1,542,0,490,0,0
B10_D1,122,0,496,0,0
G1_D1,100,0,170,0,0
B6_D1,786,0,86,0,0
B10_D1,109,0,193,0,0
B10_D1,285,0,200,0,0
B6_D1,608,0,0,0,0
B10_D1,253,0,73,0,0
B6_D1,860,0,84,0,0
B10_D1,675,0,19,0,0
B10_D1,589,0,203,0,0
B6_D1,916,0,28,0,0
B4_D1,217,0,208,0,0
G1_D1,353,0,479,0,0
B10_D1,164,0,40,0,0
B4_D1,0,0,82,0,0
B6_D1,968,0,26,0,0
B10_D1,1022,0,216,0,0
B6_D1,605,0,189,0,0
B6_D1,990,0,492,0,0
B10_D1,435,0,247,0,0
B6_D1,721,0,108,0,0
B2_D1,706,0,89,0,0
B6_D1,472,0,8,0,0
G1_D1,782,0,94,0,0
B6_D1,978,0,137,0,0
B6_D1,950,0,208,0,0
B4_D1,997,0,72,0,0
B10_D1,525,0,315,0,0
B10_D1,199,0,363,0,0
B4_D1,248,0,218,0,0
B10_D1,838,0,409,0,0
B10_D1,201,0,165,0,0
G1_D1,929,0,26,0,0
G1_D1,987,0,59,0,0
G1_D1,779,0,16,0,0
B10_D1,737,0,414,0,0
B4_D1,156,0,19,0,0
G1_D1,399,0,14,0,0
B6_D1,774,0,495,0,0
B10_D1,601,0,203,0,0
B8_D1,252,0,187,0,0
B10_D1,610,0,293,0,0
B6_D1,872,0,117,0,0
B10_D1,736,0,260,0,0
G1_D1,286,0,487,0,0
G1_D1,33,0,108,0,0
B6_D1,8,0,83,0,0
B10_D1,860,0,255,0,0
G1_D1,958,0,385,0,0
B10_D1,740,0,16,0,0
B4_D1,543,0,110,0,0
B10_D1,108,0,220,0,0
G1_D1,536,0,151,0,0
B6_D1,733,0,437,0,0
G1_D1,581,0,85,0,0
B10_D1,509,0,489,0,0
B6_D1,583,0,479,0,0
B6_D1,10,0,436,0,0
B6_D1,236,0,10,0,0
B2_D1,752,0,43,0,0
B6_D1,450,0,487,0,0
B8_D1,183,0,111,0,0
B6_D1,122,0,425,0,0
B6_D1,418,0,499,0,0
B6_D1,602,0,188,0,0
B6_D1,443,0,481,0,0
B10_D1,209,0,427,0,0
B10_D1,853,0,84,0,0
B6_D1,194,0,482,0,0
B4_D1,1,0,496,0,0
G1_D1,155,0,498,0,0
B10_D1,799,0,305,0,0
B10_D1,519,0,61,0,0
B10_D1,852,0,30,0,0
B10_D1,805,0,112,0,0
B6_D1,562,0,284,0,0
B10_D1,803,0,258,0,0
B10_D1,835,0,283,0,0
B6_D1,941,0,226,0,0
B6_D1,654,0,385,0,0
B6_D1,894,0,488,0,0
G1_D1,194,0,437,0,0
G1_D1,803,0,211,0,0
B10_D1,249,0,143,0,0
B10_D1,199,0,56,0,0
B10_D1,652,0,99,0,0
G1_D1,221,0,407,0,0
B6_D1,536,0,166,0,0
B6_D1,62,0,495,0,0
G1_D1,251,0,357,0,0
G1_D1,660,0,35,0,0
B10_D1,3,0,163,0,0
B6_D1,336,0,30,0,0
G1_D1,15,0,285,0,0
B10_D1,561,0,207,0,0
B6_D1,65,0,416,0,0
B6_D1,1018,0,496,0,0
B4_D1,276,0,246,0,0
B10_D1,460,0,138,0,0
B10_D1,331,0,208,0,0
B2_D1,0,0,249,0,0
B6_D1,297,0,373,0,0
B6_D1,84,0,316,0,0
G1_D1,1009,0,87,0,0
B10_D1,13,0,176,0,0
B10_D1,260,0,4,0,0
G1_D1,137,0,111,0,0
B6_D1,277,0,374,0,0
B10_D1,405,0,156,0,0
B6_D1,124,0,185,0,0
B10_D1,444,0,5,0,0
B6_D1,742,0,501,0,0
G1_D1,81,0,93,0,0
B6_D1,919,0,439,0,0
B6_D1,449,0,386,0,0
B4_D1,758,0,226,0,0
B6_D1,348,0,413,0,0
G1_D1,983,0,46,0,0
B2_D1,641,0,463,0,0
G1_D1,38,0,186,0,0
B6_D1,72,0,140,0,0
B10_D1,599,0,13,0,0
B6_D1,679,0,271,0,0
G1_D1,862,0,272,0,0
B10_D1,167,0,438,0,0
B2_D1,775,0,24,0,0
B10_D1,99,0,120,0,0
B6_D1,647,0,481,0,0
B6_D1,65,0,161,0,0
G1_D1,41,0,172,0,0
G1_D1,169,0,21,0,0
B6_D1,744,0,12,0,0
B10_D1,420,0,391,0,0
B10_D1,765,0,421,0,0
B10_D1,493,0,315,0,0
B6_D1,531,0,170,0,0
G1_D1,17,0,88,0,0
G1_D1,902,0,340,0,0
B10_D1,671,0,111,0,0
B4_D1,927,0,14,0,0
G1_D1,402,0,116,0,0
B6_D1,867,0,151,0,0
B6_D1,136,0,43,0,0
B6_D1,847,0,360,0,0
B4_D1,225,0,62,0,0
B6_D1,638,0,470,0,0
B10_D1,223,0,185,0,0
B6_D1,272,0,10,0,0
G1_D1,923,0,239,0,0
B6_D1,978,0,499,0,0
G1_D1,65,0,8,0,0
B10_D1,774,0,376,0,0
G1_D1,525,0,469,0,0
B2_D1,360,0,114,0,0
B6_D1,656,0,38,0,0
B6_D1,352,0,211,0,0
G1_D1,1001,0,8,0,0
B8_D1,694,0,251,0,0
B6_D1,697,0,159,0,0
G1_D1,622,0,157,0,0
B4_D1,47,0,2,0,0
G1_D1,33,0,167,0,0
B6_D1,556,0,16,0,0
B10_D1,796,0,442,0,0
B10_D1,727,0,124,0,0
B10_D1,103,0,467,0,0
G1_D1,804,0,57,0,0
B10_D1,617,0,478,0,0
G1_D1,18,0,186,0,0
G1_D1,232,0,55,0,0
G1_D1,78,0,13,0,0
B10_D1,81,0,323,0,0
G1_D1,989,0,171,0,0
B2_D1,388,0,492,0,0
G1_D1,40,0,297,0,0
G1_D1,745,0,265,0,0
B6_D1,105,0,123,0,0
G1_D1,476,0,3,0,0
G1_D1,708,0,117,0,0
B10_D1,930,0,459,0,0
B4_D1,964,0,124,0,0
B10_D1,540,0,67,0,0
B6_D1,97,0,279,0,0
B10_D1,256,0,314,0,0
B6_D1,812,0,11,0,0
B6_D1,83,0,205,0,0
B6_D1,324,0,34,0,0
G1_D1,769,0,246,0,0
B6_D1,364,0,8,0,0
B6_D1,68,0,114,0,0
B4_D1,237,0,66,0,0
B6_D1,121,0,193,0,0
B10_D1,85,0,93,0,0
B6_D1,894,0,493,0,0
G1_D1,410,0,269,0,0
B10_D1,97,0,289,0,0
G1_D1,677,0,244,0,0
B6_D1,815,0,391,0,0
B10_D1,684,0,480,0,0
B6_D1,210,0,506,0,0
B4_D1,442,0,44,0,0
G1_D1,891,0,10,0,0
B10_D1,900,0,5,0,0
B10_D1,22,0,258,0,0
B10_D1,394,0,338,0,0
B2_D1,639,0,443,0,0
B6_D1,242,0,111,0,0
B10_D1,270,0,159,0,0
B4_D1,88,0,275,0,0
B6_D1,902,0,90,0,0
G1_D1,271,0,398,0,0
B10_D1,63,0,184,0,0
B6_D1,787,0,438,0,0
G1_D1,811,0,303,0,0
B10_D1,29,0,188,0,0
G1_D1,23,0,30,0,0
B8_D1,514,0,292,0,0
G1_D1,993,0,124,0,0
B10_D1,639,0,199,0,0
B10_D1,185,0,197,0,0
B6_D1,909,0,405,0,0
B6_D1,530,0,507,0,0
G1_D1,32,0,92,0,0
B6_D1,42,0,484,0,0
G1_D1,22,0,247,0,0
B10_D1,942,0,459,0,0
B10_D1,552,0,323,0,0
B10_D1,858,0,270,0,0
B6_D1,356,0,11,0,0
B2_D1,695,0,360,0,0
G1_D1,192,0,239,0,0
B10_D1,420,0,23,0,0
B6_D1,769,0,401,0,0
B6_D1,160,0,165,0,0
B4_D1,146,0,98,0,0
G1_D1,488,0,347,0,0
B4_D1,232,0,68,0,0
B10_D1,416,0,74,0,0
B6_D1,388,0,6,0,0
G1_D1,632,0,7,0,0
B6_D1,958,0,502,0,0
B6_D1,816,0,396,0,0
B6_D1,313,0,347,0,0
B6_D1,1015,0,73,0,0
B10_D1,866,0,236,0,0
G1_D1,665,0,47,0,0
B10_D1,20,0,265,0,0
G1_D1,771,0,6,0,0
B6_D1,616,0,116,0,0
B10_D1,181,0,111,0,0
G1_D1,311,0,195,0,0
B6_D1,760,0,432,0,0
B10_D1,148,0,427,0,0
B6_D1,706,0,497,0,0
B10_D1,143,0,8,0,0
B6_D1,1012,0,31,0,0
B10_D1,823,0,90,0,0
B4_D1,394,0,17,0,0
G1_D1,736,0,118,0,0
B10_D1,407,0,274,0,0
B6_D1,757,0,56,0,0
G1_D1,640,0,473,0,0
B6_D1,102,0,510,0,0
B6_D1,163,0,124,0,0
G1_D1,166,0,343,0,0
G1_D1,986,0,267,0,0
G1_D1,866,0,100,0,0
B6_D1,853,0,51,0,0
B6_D1,784,0,80,0,0
B6_D1,207,0,368,0,0
B6_D1,896,0,311,0,0
G1_D1,614,0,142,0,0
B10_D1,740,0,260,0,0
B4_D1,719,0,251,0,0
B10_D1,227,0,326,0,0
B6_D1,588,0,166,0,0
B8_D1,180,0,196,0,0
B10_D1,233,0,458,0,0
G1_D1,874,0,9,0,0
B2_D1,818,0,66,0,0
B4_D1,491,0,286,0,0
B6_D1,936,0,7,0,0
B2_D1,3,0,45,0,0
G1_D1,674,0,61,0,0
B6_D1,790,0,502,0,0
B10_D1,15,0,25,0,0
B6_D1,825,0,262,0,0
B6_D1,748,0,32,0,0
B10_D1,577,0,92,0,0
B4_D1,63,0,291,0,0
B10_D1,1021,0,186,0,0
B10_D1,323,0,181,0,0
B6_D1,262,0,194,0,0
B10_D1,345,0,84,0,0
G1_D1,1012,0,198,0,0
B10_D1,872,0,404,0,0
B6_D1,266,0,486,0,0
B10_D1,229,0,214,0,0
G1_D1,260,0,1,0,0
B6_D1,674,0,385,0,0
G1_D1,800,0,249,0,0
B10_D1,82,0,94,0,0
B6_D1,823,0,103,0,0
B6_D1,783,0,209,0,0
B6_D1,163,0,128,0,0
G1_D1,690,0,110,0,0
G1_D1,1003,0,132,0,0
B6_D1,885,0,477,0,0
B6_D1,72,0,473,0,0
B6_D1,285,0,57,0,0
B6_D1,166,0,503,0,0
B2_D1,525,0,14,0,0
B10_D1,490,0,168,0,0
B6_D1,625,0,343,0,0
B6_D1,805,0,128,0,0
B2_D1,676,0,189,0,0
B8_D1,110,0,135,0,0
B2_D1,136,0,9,0,0
B2_D1,0,0,50,0,0
B10_D1,120,0,9,0,0
B10_D1,403,0,204,0,0
G1_D1,1002,0,264,0,0
B10_D1,433,0,337,0,0
B10_D1,16,0,98,0,0
B10_D1,755,0,111,0,0
B6_D1,30,0,501,0,0
B10_D1,267,0,255,0,0
B6_D1,584,0,432,0,0
G1_D1,910,0,334,0,0
B6_D1,150,0,482,0,0
B6_D1,47,0,290,0,0
B6_D1,237,0,386,0,0
B10_D1,573,0,45,0,0
B6_D1,878,0,310,0,0
B6_D1,542,0,348,0,0
B10_D1,539,0,8,0,0
B10_D1,764,0,116,0,0
G1_D1,972,0,42,0,0
B6_D1,100,0,45,0,0
B6_D1,986,0,60,0,0
G1_D1,194,0,141,0,0
B6_D1,248,0,446,0,0
B6_D1,459,0,355,0,0
B10_D1,503,0,476,0,0
B10_D1,383,0,3,0,0
B6_D1,937,0,107,0,0
G1_D1,559,0,20,0,0
B10_D1,650,0,310,0,0
B8_D1,462,0,203,0,0
B10_D1,264,0,346,0,0
B6_D1,574,0,505,0,0
B10_D1,103,0,293,0,0
B4_D1,112,0,177,0,0
B2_D1,724,0,73,0,0
G1_D1,1020,0,385,0,0
B2_D1,444,0,510,0,0
G1_D1,108,0,148,0,0
B6_D1,724,0,50,0,0
B4_D1,168,0,281,0,0
B10_D1,361,0,259,0,0
B10_D1,811,0,373,0,0
B2_D1,950,0,247,0,0
B10_D1,491,0,30,0,0
B6_D1,256,0,455,0,0
B6_D1,347,0,95,0,0
B6_D1,858,0,327,0,0
B6_D1,134,0,426,0,0
G1_D1,26,0,293,0,0
G1_D1,646,0,77,0,0
G1_D1,667,0,271,0,0
B10_D1,124,0,107,0,0
B10_D1,786,0,35,0,0
B6_D1,599,0,181,0,0
B6_D1,689,0,155,0,0
B6_D1,628,0,14,0,0
G1_D1,1017,0,113,0,0
B10_D1,724,0,422,0,0
B10_D1,879,0,1,0,0
B6_D1,280,0,40,0,0
B4_D1,507,0,281,0,0
G1_D1,62,0,268,0,0
B10_D1,687,0,319,0,0
B4_D1,122,0,346,0,0
B6_D1,568,0,30,0,0
B10_D1,424,0,164,0,0
B10_D1,608,0,206,0,0
B2_D1,760,0,193,0,0
B10_D1,515,0,411,0,0
B10_D1,447,0,91,0,0
B6_D1,439,0,477,0,0
B6_D1,533,0,233,0,0
G1_D1,237,0,121,0,0
B6_D1,61,0,96,0,0
B6_D1,966,0,502,0,0
B6_D1,983,0,258,0,0
B6_D1,150,0,505,0,0
B10_D1,902,0,40,0,0
B10_D1,25,0,125,0,0
B6_D1,835,0,367,0,0
B10_D1,672,0,263,0,0
B6_D1,764,0,384,0,0
B6_D1,684,0,344,0,0
B10_D1,963,0,271,0,0
B10_D1,372,0,131,0,0
B6_D1,1015,0,310,0,0
B10_D1,495,0,99,0,0
B10_D1,684,0,510,0,0
B6_D1,192,0,16,0,0
B4_D1,1,0,256,0,0
B6_D1,397,0,173,0,0
B6_D1,738,0,57,0,0
G1_D1,315,0,61,0,0
G1_D1,571,0,138,0,0
B10_D1,175,0,73,0,0
G1_D1,740,0,211,0,0
B10_D1,887,0,262,0,0
B10_D1,237,0,211,0,0
B2_D1,872,0,49,0,0
B6_D1,740,0,20,0,0
B2_D1,662,0,144,0,0
B4_D1,67,0,425,0,0
B10_D1,445,0,339,0,0
G1_D1,719,0,6,0,0
B6_D1,376,0,23,0,0
B2_D1,248,0,139,0,0
B6_D1,42,0,501,0,0
B10_D1,244,0,155,0,0
B6_D1,221,0,476,0,0
B6_D1,775,0,269,0,0
B6_D1,806,0,510,0,0
B6_D1,305,0,374,0,0
B6_D1,64,0,41,0,0
B6_D1,526,0,292,0,0
B6_D1,642,0,509,0,0
B6_D1,586,0,509,0,0
B10_D1,558,0,110,0,0
B2_D1,942,0,0,0,0
B10_D1,885,0,94,0,0
B6_D1,781,0,424,0,0
B2_D1,631,0,443,0,0
G1_D1,41,0,265,0,0
B10_D1,360,0,232,0,0
G1_D1,297,0,105,0,0
B6_D1,838,0,494,0,0
B10_D1,291,0,63,0,0
G1_D1,23,0,45,0,0
B6_D1,262,0,309,0,0
B6_D1,990,0,497,0,0
B4_D1,66,0,124,0,0
G1_D1,796,0,206,0,0
B10_D1,434,0,344,0,0
B6_D1,662,0,491,0,0
B10_D1,145,0,295,0,0
B6_D1,800,0,29,0,0
B10_D1,595,0,137,0,0
B10_D1,594,0,188,0,0
B6_D1,584,0,47,0,0
B2_D1,706,0,32,0,0
B6_D1,211,0,357,0,0
B10_D1,470,0,29,0,0
B10_D1,670,0,440,0,0
G1_D1,37,0,87,0,0
G1_D1,430,0,369,0,0
B10_D1,343,0,21,0,0
B10_D1,970,0,43,0,0
G1_D1,38,0,131,0,0
B6_D1,557,0,243,0,0
B10_D1,22,0,86,0,0
B10_D1,1022,0,181,0,0
B10_D1,76,0,203,0,0
B6_D1,632,0,345,0,0
G1_D1,971,0,6,0,0
B6_D1,401,0,294,0,0
B6_D1,813,0,129,0,0
B4_D1,922,0,65,0,0
B10_D1,779,0,27,0,0
B10_D1,822,0,65,0,0
G1_D1,549,0,469,0,0
B10_D1,579,0,328,0,0
B10_D1,169,0,157,0,0
B6_D1,297,0,343,0,0
B10_D1,675,0,85,0,0
B6_D1,92,0,7,0,0
G1_D1,245,0,510,0,0
B10_D1,657,0,269,0,0
B10_D1,1020,0,107,0,0
B6_D1,729,0,185,0,0
B6_D1,787,0,248,0,0
B6_D1,414,0,332,0,0
G1_D1,803,0,6,0,0
B10_D1,479,0,250,0,0
B10_D1,221,0,38,0,0
B10_D1,330,0,22,0,0
B10_D1,254,0,38,0,0
B10_D1,585,0,221,0,0
B10_D1,442,0,117,0,0
B8_D1,393,0,193,0,0
B10_D1,331,0,65,0,0
B6_D1,819,0,101,0,0
B10_D1,255,0,316,0,0
B6_D1,584,0,344,0,0
B8_D1,179,0,48,0,0
B6_D1,978,0,169,0,0
B6_D1,225,0,451,0,0
B10_D1,547,0,158,0,0
B6_D1,112,0,147,0,0
B10_D1,350,0,185,0,0
B10_D1,361,0,227,0,0
B2_D1,727,0,36,0,0
G1_D1,582,0,288,0,0
B6_D1,138,0,495,0,0
B10_D1,155,0,81,0,0
B4_D1,625,0,48,0,0
B8_D1,100,0,222,0,0
B4_D1,100,0,127,0,0
B6_D1,772,0,9,0,0
G1_D1,1019,0,330,0,0
G1_D1,635,0,16,0,0
B10_D1,54,0,297,0,0
B10_D1,415,0,496,0,0
B6_D1,540,0,7,0,0
B10_D1,631,0,374,0,0
G1_D1,843,0,131,0,0
B10_D1,921,0,4,0,0
B10_D1,232,0,308,0,0
B10_D1,33,0,19,0,0
B6_D1,810,0,261,0,0
B6_D1,391,0,366,0,0
B10_D1,755,0,407,0,0
B6_D1,206,0,112,0,0
B10_D1,168,0,437,0,0
G1_D1,26,0,224,0,0
G1_D1,843,0,14,0,0
B6_D1,94,0,398,0,0
B10_D1,528,0,257,0,0
B6_D1,751,0,248,0,0
B10_D1,667,0,318,0,0
B6_D1,253,0,331,0,0
B6_D1,978,0,395,0,0
G1_D1,939,0,41,0,0
B6_D1,154,0,485,0,0
B6_D1,112,0,98,0,0
B2_D1,724,0,103,0,0
G1_D1,63,0,161,0,0
B6_D1,669,0,480,0,0
B6_D1,652,0,162,0,0
B2_D1,205,0,474,0,0
G1_D1,455,0,363,0,0
B6_D1,491,0,330,0,0
B10_D1,148,0,52,0,0
B10_D1,91,0,62,0,0
B6_D1,566,0,178,0,0
B8_D1,770,0,233,0,0
B6_D1,686,0,419,0,0
B10_D1,115,0,40,0,0
B6_D1,67,0,193,0,0
B6_D1,969,0,82,0,0
B10_D1,278,0,72,0,0
B2_D1,556,0,120,0,0
B10_D1,6,0,392,0,0
B4_D1,794,0,55,0,0
B6_D1,1001,0,448,0,0
B6_D1,235,0,381,0,0
G1_D1,991,0,193,0,0
G1_D1,75,0,6,0,0
B10_D1,481,0,63,0,0
B2_D1,447,0,373,0,0
B10_D1,977,0,84,0,0
B6_D1,120,0,388,0,0
B6_D1,5,0,99,0,0
B6_D1,1016,0,325,0,0
B10_D1,698,0,187,0,0
B10_D1,139,0,174,0,0
G1_D1,192,0,183,0,0
B8_D1,80,0,3,0,0
B10_D1,106,0,205,0,0
B6_D1,895,0,427,0,0
B10_D1,340,0,5,0,0
B6_D1,859,0,308,0,0
B10_D1,102,0,279,0,0
B6_D1,2,0,379,0,0
G1_D1,744,0,30,0,0
B6_D1,967,0,245,0,0
B6_D1,63,0,124,0,0
G1_D1,618,0,5,0,0
B6_D1,740,0,162,0,0
B10_D1,185,0,31,0,0
B4_D1,466,0,422,0,0
G1_D1,211,0,71,0,0
G1_D1,357,0,19,0,0
B6_D1,778,0,501,0,0
B6_D1,0,0,289,0,0
G1_D1,29,0,136,0,0
B10_D1,29,0,213,0,0
B10_D1,459,0,3,0,0
B10_D1,102,0,475,0,0
G1_D1,95,0,501,0,0
G1_D1,114,0,13,0,0
B6_D1,232,0,23,0,0
B6_D1,881,0,341,0,0
B4_D1,789,0,62,0,0
B10_D1,958,0,471,0,0
B10_D1,831,0,336,0,0
B10_D1,98,0,275,0,0
B10_D1,790,0,246,0,0
B10_D1,276,0,208,0,0
G1_D1,671,0,152,0,0
B10_D1,556,0,67,0,0
G1_D1,678,0,77,0,0
B4_D1,205,0,208,0,0
G1_D1,512,0,67,0,0
B10_D1,717,0,400,0,0
B6_D1,741,0,69,0,0
G1_D1,820,0,81,0,0
B8_D1,644,0,227,0,0
G1_D1,76,0,103,0,0
B4_D1,93,0,150,0,0
G1_D1,148,0,375,0,0
G1_D1,979,0,6,0,0
G1_D1,72,0,144,0,0
B6_D1,4,0,82,0,0
G1_D1,499,0,128,0,0
B6_D1,450,0,429,0,0
B10_D1,398,0,87,0,0
B10_D1,347,0,416,0,0
B10_D1,454,0,273,0,0
G1_D1,447,0,143,0,0
B2_D1,547,0,103,0,0
G1_D1,53,0,50,0,0
G1_D1,29,0,246,0,0
B10_D1,14,0,262,0,0
B6_D1,360,0,425,0,0
B6_D1,2,0,61,0,0
B6_D1,731,0,279,0,0
B4_D1,5,0,298,0,0
B6_D1,889,0,313,0,0
B6_D1,832,0,394,0,0
B10_D1,24,0,149,0,0
B10_D1,287,0,31,0,0
B6_D1,950,0,203,0,0
B10_D1,980,0,52,0,0
B10_D1,292,0,266,0,0
G1_D1,816,0,391,0,0
B6_D1,720,0,49,0,0
G1_D1,992,0,177,0,0
B10_D1,58,0,259,0,0
B2_D1,740,0,65,0,0
B10_D1,937,0,354,0,0
B10_D1,84,0,24,0,0
B6_D1,472,0,232,0,0
B10_D1,351,0,244,0,0
B8_D1,714,0,189,0,0
B2_D1,522,0,160,0,0
B6_D1,366,0,478,0,0
B10_D1,573,0,263,0,0
B6_D1,651,0,275,0,0
B6_D1,322,0,485,0,0
B10_D1,667,0,112,0,0
G1_D1,1022,0,105,0,0
B6_D1,540,0,4,0,0
B6_D1,280,0,421,0,0
G1_D1,12,0,346,0,0
B10_D1,517,0,99,0,0
G1_D1,168,0,25,0,0
B10_D1,121,0,30,0,0
B10_D1,27,0,167,0,0
B6_D1,962,0,252,0,0
B2_D1,282,0,501,0,0
B6_D1,932,0,16,0,0
B10_D1,39,0,146,0,0
B6_D1,688,0,4,0,0
B2_D1,236,0,129,0,0
B6_D1,743,0,330,0,0
B10_D1,837,0,239,0,0
B10_D1,607,0,347,0,0
B10_D1,842,0,315,0,0
B6_D1,941,0,93,0,0
B4_D1,531,0,248,0,0
B6_D1,305,0,188,0,0
B6_D1,64,0,42,0,0
B8_D1,994,0,300,0,0
G1_D1,51,0,451,0,0
B10_D1,610,0,184,0,0
B6_D1,94,0,394,0,0
B2_D1,181,0,99,0,0
B2_D1,848,0,241,0,0
B6_D1,468,0,42,0,0
B4_D1,656,0,85,0,0
G1_D1,923,0,292,0,0
B10_D1,745,0,451,0,0
B10_D1,333,0,66,0,0
B2_D1,263,0,505,0,0
B10_D1,935,0,108,0,0
B6_D1,87,0,88,0,0
B6_D1,414,0,506,0,0
B6_D1,970,0,201,0,0
B4_D1,320,0,215,0,0
B6_D1,701,0,480,0,0
B10_D1,552,0,122,0,0
B10_D1,226,0,24,0,0
B6_D1,871,0,383,0,0
B6_D1,613,0,418,0,0
B10_D1,887,0,355,0,0
B10_D1,128,0,263,0,0
B6_D1,34,0,263,0,0
B2_D1,474,0,159,0,0
G1_D1,974,0,37,0,0
B10_D1,272,0,493,0,0
B6_D1,398,0,511,0,0
B10_D1,591,0,103,0,0
B10_D1,856,0,352,0,0
G1_D1,855,0,297,0,0
B6_D1,860,0,33,0,0
B2_D1,192,0,303,0,0
B6_D1,375,0,458,0,0
G1_D1,772,0,305,0,0
B6_D1,223,0,340,0,0
B10_D1,783,0,171,0,0
B10_D1,448,0,197,0,0
G1_D1,276,0,34,0,0
B6_D1,708,0,37,0,0
G1_D1,177,0,234,0,0
B10_D1,856,0,255,0,0
B10_D1,539,0,242,0,0
B2_D1,426,0,511,0,0
B10_D1,782,0,61,0,0
B2_D1,165,0,306,0,0
B4_D1,127,0,5,0,0
G1_D1,943,0,296,0,0
B6_D1,80,0,397,0,0
G1_D1,418,0,369,0,0
B10_D1,634,0,367,0,0
B6_D1,212,0,197,0,0
B10_D1,482,0,37,0,0
B10_D1,337,0,222,0,0
B6_D1,443,0,140,0,0
B10_D1,181,0,204,0,0
B6_D1,244,0,19,0,0
B6_D1,517,0,58,0,0
B10_D1,898,0,465,0,0
B6_D1,3,0,220,0,0
B6_D1,762,0,221,0,0
B6_D1,660,0,307,0,0
B6_D1,853,0,60,0,0
B6_D1,254,0,293,0,0
B2_D1,140,0,310,0,0
B2_D1,264,0,44,0,0
B10_D1,345,0,93,0,0
B6_D1,549,0,88,0,0
B10_D1,520,0,286,0,0
G1_D1,301,0,4,0,0
B10_D1,311,0,10,0,0
B6_D1,976,0,37,0,0
G1_D1,76,0,11,0,0
B10_D1,548,0,65,0,0
B4_D1,741,0,269,0,0
B10_D1,903,0,82,0,0
B6_D1,992,0,473,0,0
B6_D1,899,0,67,0,0
B10_D1,688,0,181,0,0
B6_D1,160,0,8,0,0
B6_D1,858,0,200,0,0
B10_D1,716,0,12,0,0
B10_D1,223,0,194,0,0
B6_D1,83,0,85,0,0
B10_D1,768,0,457,0,0
G1_D1,1023,0,503,0,0
B10_D1,726,0,125,0,0
B6_D1,269,0,134,0,0
G1_D1,583,0,259,0,0
B6_D1,822,0,107,0,0
G1_D1,609,0,114,0,0
B6_D1,804,0,55,0,0
B10_D1,12,0,347,0,0
G1_D1,631,0,115,0,0
B4_D1,906,0,133,0,0
G1_D1,1005,0,124,0,0
G1_D1,357,0,51,0,0
B6_D1,569,0,468,0,0
B10_D1,142,0,90,0,0
B10_D1,645,0,465,0,0
B10_D1,568,0,414,0,0
B6_D1,372,0,32,0,0
B10_D1,322,0,89,0,0
B10_D1,366,0,100,0,0
G1_D1,844,0,18,0,0
B10_D1,660,0,71,0,0
G1_D1,942,0,24,0,0
G1_D1,568,0,18,0,0
B10_D1,4,0,264,0,0
B10_D1,135,0,10,0,0
B10_D1,765,0,306,0,0
B6_D1,184,0,18,0,0
B10_D1,290,0,334,0,0
G1_D1,1022,0,32,0,0
B4_D1,771,0,16,0,0
B4_D1,120,0,402,0,0
B6_D1,976,0,174,0,0
B2_D1,739,0,4,0,0
B10_D1,480,0,128,0,0
G1_D1,576,0,158,0,0
G1_D1,12,0,143,0,0
G1_D1,18,0,156,0,0
B10_D1,143,0,219,0,0
B6_D1,544,0,278,0,0
B10_D1,814,0,313,0,0
B10_D1,564,0,159,0,0
B4_D1,9,0,214,0,0
G1_D1,464,0,510,0,0
B10_D1,379,0,65,0,0
B6_D1,513,0,383,0,0
G1_D1,387,0,279,0,0
B6_D1,868,0,7,0,0
B2_D1,962,0,511,0,0
B6_D1,66,0,479,0,0
B4_D1,727,0,31,0,0
G1_D1,383,0,230,0,0
G1_D1,106,0,98,0,0
B6_D1,131,0,110,0,0
G1_D1,465,0,156,0,0
B2_D1,300,0,489,0,0
B10_D1,201,0,360,0,0
B6_D1,804,0,20,0,0
B10_D1,944,0,364,0,0
G1_D1,10,0,363,0,0
B6_D1,65,0,446,0,0
B10_D1,102,0,13,0,0
G1_D1,1005,0,232,0,0
G1_D1,810,0,53,0,0
B6_D1,682,0,133,0,0
B6_D1,766,0,496,0,0
B4_D1,873,0,30,0,0
G1_D1,560,0,11,0,0
G1_D1,50,0,18,0,0
B10_D1,519,0,295,0,0
B10_D1,23,0,33,0,0
B6_D1,883,0,180,0,0
B6_D1,100,0,20,0,0
B10_D1,288,0,336,0,0
B6_D1,975,0,142,0,0
G1_D1,366,0,174,0,0
B6_D1,755,0,198,0,0
G1_D1,29,0,8,0,0
B10_D1,401,0,155,0,0
B10_D1,656,0,69,0,0
B6_D1,1000,0,6,0,0
B10_D1,71,0,303,0,0
B10_D1,8,0,255,0,0
B10_D1,138,0,135,0,0
G1_D1,357,0,4,0,0
G1_D1,325,0,93,0,0
B6_D1,506,0,285,0,0
B6_D1,2,0,108,0,0
B10_D1,214,0,135,0,0
G1_D1,12,0,329,0,0
B10_D1,643,0,420,0,0
B4_D1,520,0,426,0,0
B10_D1,178,0,166,0,0
G1_D1,740,0,201,0,0
B6_D1,788,0,10,0,0
B4_D1,989,0,15,0,0
B10_D1,87,0,260,0,0
B6_D1,742,0,290,0,0
G1_D1,16,0,358,0,0
B6_D1,888,0,40,0,0
B6_D1,346,0,214,0,0
B6_D1,997,0,76,0,0
B10_D1,16,0,267,0,0
B6_D1,872,0,305,0,0
B8_D1,1007,0,248,0,0
B4_D1,791,0,239,0,0
G1_D1,793,0,447,0,0
G1_D1,474,0,20,0,0
B6_D1,682,0,288,0,0
B10_D1,63,0,86,0,0
B10_D1,17,0,139,0,0
B4_D1,176,0,38,0,0
B10_D1,615,0,26,0,0
B10_D1,139,0,237,0,0
B10_D1,678,0,242,0,0
B10_D1,642,0,89,0,0
B10_D1,562,0,157,0,0
G1_D1,1020,0,142,0,0
B6_D1,448,0,430,0,0
B6_D1,286,0,493,0,0
G1_D1,52,0,123,0,0
B6_D1,690,0,338,0,0
B2_D1,144,0,90,0,0
G1_D1,266,0,248,0,0
B10_D1,1022,0,315,0,0
G1_D1,230,0,511,0,0
B6_D1,421,0,61,0,0
B4_D1,782,0,20,0,0
B6_D1,480,0,392,0,0
B6_D1,181,0,475,0,0
B6_D1,756,0,31,0,0
G1_D1,836,0,267,0,0
B6_D1,364,0,96,0,0
G1_D1,678,0,108,0,0
B10_D1,764,0,292,0,0
B6_D1,267,0,477,0,0
B6_D1,219,0,77,0,0
B4_D1,444,0,233,0,0
B6_D1,681,0,307,0,0
B6_D1,343,0,293,0,0
G1_D1,933,0,116,0,0
B2_D1,218,0,476,0,0
B6_D1,1014,0,492,0,0
B6_D1,274,0,341,0,0
B6_D1,61,0,161,0,0
B10_D1,844,0,334,0,0
B6_D1,135,0,300,0,0
B6_D1,672,0,450,0,0
B10_D1,182,0,507,0,0
B10_D1,307,0,276,0,0
B10_D1,776,0,45,0,0
G1_D1,163,0,110,0,0
B6_D1,380,0,26,0,0
G1_D1,952,0,256,0,0
B4_D1,815,0,41,0,0
G1_D1,463,0,67,0,0
B6_D1,340,0,20,0,0
B10_D1,213,0,49,0,0
B10_D1,241,0,30,0,0
B6_D1,464,0,43,0,0
G1_D1,173,0,19,0,0
B4_D1,513,0,103,0,0
B10_D1,344,0,415,0,0
B6_D1,1012,0,7,0,0
B10_D1,572,0,287,0,0
G1_D1,830,0,17,0,0
B6_D1,970,0,216,0,0
B6_D1,554,0,182,0,0
B6_D1,99,0,477,0,0
B6_D1,735,0,51,0,0
B4_D1,657,0,140,0,0
B10_D1,405,0,21,0,0
G1_D1,349,0,144,0,0
B4_D1,2,0,131,0,0
B6_D1,448,0,138,0,0
G1_D1,104,0,131,0,0
B6_D1,700,0,332,0,0
G1_D1,611,0,118,0,0
B6_D1,823,0,120,0,0
B10_D1,284,0,257,0,0
B6_D1,16,0,27,0,0
G1_D1,146,0,22,0,0
B10_D1,511,0,52,0,0
G1_D1,289,0,54,0,0
B6_D1,232,0,29,0,0
B6_D1,206,0,492,0,0
B4_D1,766,0,211,0,0
B6_D1,124,0,372,0,0
G1_D1,975,0,26,0,0
B8_D1,971,0,301,0,0
B6_D1,382,0,57,0,0
B2_D1,713,0,87,0,0
G1_D1,64,0,285,0,0
B6_D1,868,0,17,0,0
B6_D1,3,0,117,0,0
G1_D1,704,0,434,0,0
G1_D1,1003,0,29,0,0
B10_D1,175,0,12,0,0
G1_D1,500,0,11,0,0
B10_D1,125,0,345,0,0
G1_D1,188,0,7,0,0
B10_D1,446,0,202,0,0
G1_D1,575,0,6,0,0
B6_D1,249,0,462,0,0
B10_D1,792,0,100,0,0
B6_D1,793,0,188,0,0
B6_D1,994,0,490,0,0
B6_D1,23,0,88,0,0
B4_D1,910,0,69,0,0
B10_D1,18,0,203,0,0
B10_D1,714,0,90,0,0
B6_D1,806,0,496,0,0
B6_D1,27,0,264,0,0
B6_D1,149,0,136,0,0
B10_D1,101,0,96,0,0
B10_D1,653,0,315,0,0
B4_D1,81,0,6,0,0
B10_D1,764,0,422,0,0
G1_D1,905,0,74,0,0
B6_D1,254,0,376,0,0
B6_D1,817,0,259,0,0
B6_D1,839,0,51,0,0
B10_D1,11,0,12,0,0
B10_D1,348,0,214,0,0
B10_D1,332,0,64,0,0
B10_D1,503,0,306,0,0
B6_D1,48,0,39,0,0
B6_D1,364,0,16,0,0
B6_D1,642,0,500,0,0
B6_D1,832,0,6,0,0
B8_D1,725,0,247,0,0
B4_D1,632,0,222,0,0
B6_D1,124,0,0,0,0
B6_D1,390,0,500,0,0
B6_D1,754,0,258,0,0
B6_D1,180,0,287,0,0
B10_D1,284,0,6,0,0
B10_D1,832,0,317,0,0
B10_D1,995,0,3,0,0
B10_D1,119,0,63,0,0
B2_D1,116,0,110,0,0
B6_D1,222,0,433,0,0
B10_D1,40,0,94,0,0
B6_D1,632,0,277,0,0
B6_D1,389,0,382,0,0
B2_D1,628,0,161,0,0
B4_D1,63,0,304,0,0
B2_D1,670,0,89,0,0
B6_D1,168,0,370,0,0
B6_D1,866,0,161,0,0
G1_D1,758,0,264,0,0
B6_D1,169,0,103,0,0
B2_D1,177,0,101,0,0
G1_D1,921,0,437,0,0
B6_D1,436,0,37,0,0
B2_D1,777,0,467,0,0
B10_D1,153,0,170,0,0
B6_D1,561,0,100,0,0
B6_D1,136,0,6,0,0
B6_D1,722,0,502,0,0
B10_D1,857,0,12,0,0
B10_D1,510,0,313,0,0
B6_D1,963,0,423,0,0
B6_D1,802,0,105,0,0
B6_D1,148,0,98,0,0
B10_D1,10,0,48,0,0
G1_D1,165,0,271,0,0
B6_D1,240,0,183,0,0
B10_D1,184,0,5,0,0
G1_D1,142,0,434,0,0
B6_D1,242,0,478,0,0
B6_D1,116,0,1,0,0
B10_D1,44,0,165,0,0
G1_D1,11,0,175,0,0
B2_D1,692,0,51,0,0
G1_D1,875,0,119,0,0
B6_D1,668,0,49,0,0
B10_D1,526,0,313,0,0
B6_D1,14,0,282,0,0
B10_D1,197,0,140,0,0
B10_D1,682,0,240,0,0
G1_D1,694,0,198,0,0
G1_D1,119,0,456,0,0
G1_D1,664,0,509,0,0
B10_D1,455,0,38,0,0
B6_D1,811,0,117,0,0
B6_D1,917,0,242,0,0
B2_D1,817,0,225,0,0
B6_D1,302,0,322,0,0
B6_D1,144,0,271,0,0
B6_D1,524,0,25,0,0
B6_D1,291,0,241,0,0
G1_D1,540,0,151,0,0
B10_D1,648,0,241,0,0
G1_D1,312,0,286,0,0
B6_D1,740,0,345,0,0
B10_D1,451,0,62,0,0
B10_D1,931,0,17,0,0
B10_D1,773,0,469,0,0
B8_D1,258,0,186,0,0
B6_D1,787,0,121,0,0
B4_D1,33,0,143,0,0
B10_D1,11,0,205,0,0
G1_D1,22,0,137,0,0
B10_D1,491,0,68,0,0
B4_D1,674,0,284,0,0
B4_D1,622,0,184,0,0
B10_D1,825,0,385,0,0
B6_D1,141,0,476,0,0
B2_D1,624,0,24,0,0
B6_D1,792,0,29,0,0
B6_D1,132,0,12,0,0
B8_D1,753,0,242,0,0
B4_D1,798,0,271,0,0
B6_D1,674,0,411,0,0
B10_D1,792,0,167,0,0
G1_D1,84,0,7,0,0
B6_D1,606,0,333,0,0
B10_D1,781,0,107,0,0
B10_D1,620,0,237,0,0
B6_D1,572,0,472,0,0
G1_D1,80,0,137,0,0
B10_D1,763,0,408,0,0
B6_D1,540,0,13,0,0
G1_D1,227,0,76,0,0
G1_D1,189,0,372,0,0
B6_D1,707,0,425,0,0
B2_D1,301,0,123,0,0
G1_D1,498,0,511,0,0
B10_D1,343,0,507,0,0
B4_D1,101,0,121,0,0
G1_D1,315,0,206,0,0
B10_D1,304,0,201,0,0
G1_D1,810,0,511,0,0
B6_D1,54,0,488,0,0
B2_D1,159,0,259,0,0
B6_D1,864,0,194,0,0
G1_D1,704,0,253,0,0
B10_D1,296,0,180,0,0
B6_D1,119,0,389,0,0
B6_D1,900,0,28,0,0
B4_D1,7,0,138,0,0
B6_D1,406,0,492,0,0
B10_D1,9,0,224,0,0
B4_D1,570,0,247,0,0
B6_D1,460,0,49,0,0
G1_D1,40,0,63,0,0
B10_D1,94,0,51,0,0
B10_D1,801,0,271,0,0
B6_D1,762,0,470,0,0
B2_D1,520,0,27,0,0
G1_D1,990,0,215,0,0
B4_D1,529,0,286,0,0
B6_D1,707,0,197,0,0
B10_D1,187,0,119,0,0
B10_D1,565,0,260,0,0
B6_D1,338,0,432,0,0
B4_D1,640,0,331,0,0
B2_D1,357,0,492,0,0
B10_D1,127,0,63,0,0
B6_D1,572,0,4,0,0
B10_D1,285,0,97,0,0
B10_D1,266,0,210,0,0
B6_D1,556,0,4,0,0
B6_D1,638,0,487,0,0
B6_D1,458,0,482,0,0
B6_D1,868,0,338,0,0
G1_D1,747,0,383,0,0
B6_D1,556,0,156,0,0
B10_D1,122,0,143,0,0
B10_D1,307,0,270,0,0
G1_D1,341,0,4,0,0
B6_D1,751,0,451,0,0
G1_D1,314,0,199,0,0
B6_D1,533,0,480,0,0
G1_D1,469,0,21,0,0
B4_D1,255,0,46,0,0
G1_D1,877,0,52,0,0
G1_D1,134,0,455,0,0
B10_D1,645,0,495,0,0
B6_D1,410,0,483,0,0
B10_D1,635,0,103,0,0
G1_D1,9,0,253,0,0
B4_D1,850,0,17,0,0
B10_D1,91,0,288,0,0
B6_D1,672,0,132,0,0
B6_D1,935,0,116,0,0
G1_D1,1023,0,199,0,0
B6_D1,454,0,73,0,0
B6_D1,7,0,134,0,0
B6_D1,502,0,163,0,0
B2_D1,757,0,77,0,0
B6_D1,714,0,286,0,0
B10_D1,496,0,497,0,0
B4_D1,625,0,60,0,0
B6_D1,796,0,35,0,0
B6_D1,534,0,496,0,0
B10_D1,659,0,300,0,0
B6_D1,56,0,13,0,0
G1_D1,878,0,204,0,0
B6_D1,16,0,22,0,0
B10_D1,772,0,169,0,0
B6_D1,194,0,83,0,0
G1_D1,724,0,123,0,0
B10_D1,789,0,43,0,0
B6_D1,108,0,133,0,0
G1_D1,129,0,8,0,0
G1_D1,615,0,181,0,0
B6_D1,27,0,114,0,0
B10_D1,147,0,288,0,0
B10_D1,398,0,120,0,0
G1_D1,26,0,191,0,0
B10_D1,400,0,310,0,0
B4_D1,507,0,241,0,0
B10_D1,352,0,260,0,0
B10_D1,12,0,140,0,0
B6_D1,248,0,5,0,0
B6_D1,7,0,240,0,0
B2_D1,494,0,494,0,0
B2_D1,806,0,64,0,0
B2_D1,771,0,134,0,0
B10_D1,288,0,340,0,0
B6_D1,895,0,431,0,0
B10_D1,380,0,196,0,0
G1_D1,328,0,25,0,0
B6_D1,152,0,6,0,0
B4_D1,957,0,75,0,0
B6_D1,982,0,486,0,0
B6_D1,19,0,65,0,0
G1_D1,873,0,270,0,0
B10_D1,4,0,184,0,0
B6_D1,565,0,293,0,0
G1_D1,776,0,37,0,0
B10_D1,994,0,496,0,0
B10_D1,880,0,60,0,0
B6_D1,956,0,7,0,0
B6_D1,613,0,388,0,0
B6_D1,760,0,47,0,0
B6_D1,541,0,272,0,0
B10_D1,310,0,227,0,0
B10_D1,199,0,139,0,0
B10_D1,617,0,96,0,0
B10_D1,157,0,118,0,0
B10_D1,302,0,188,0,0
B6_D1,65,0,99,0,0
B6_D1,220,0,283,0,0
B10_D1,205,0,273,0,0
B10_D1,558,0,162,0,0
B6_D1,233,0,72,0,0
B8_D1,755,0,229,0,0
G1_D1,55,0,341,0,0
G1_D1,558,0,81,0,0
B2_D1,774,0,54,0,0
G1_D1,761,0,269,0,0
B4_D1,125,0,63,0,0
B4_D1,969,0,42,0,0
B10_D1,800,0,81,0,0
B4_D1,177,0,235,0,0
B10_D1,937,0,289,0,0
B10_D1,746,0,264,0,0
B10_D1,770,0,22,0,0
G1_D1,591,0,48,0,0
B6_D1,183,0,66,0,0
G1_D1,44,0,207,0,0
G1_D1,554,0,510,0,0
B6_D1,449,0,74,0,0
B10_D1,856,0,271,0,0
B10_D1,49,0,28,0,0
B6_D1,520,0,4,0,0
B6_D1,966,0,413,0,0
B10_D1,6,0,217,0,0
B4_D1,861,0,33,0,0
B6_D1,284,0,266,0,0
B6_D1,152,0,453,0,0
B2_D1,964,0,1,0,0
B6_D1,178,0,173,0,0
G1_D1,481,0,124,0,0
B6_D1,947,0,346,0,0
B4_D1,669,0,31,0,0
G1_D1,667,0,16,0,0
B10_D1,503,0,146,0,0
B10_D1,128,0,286,0,0
B6_D1,444,0,22,0,0
B4_D1,525,0,265,0,0
B6_D1,524,0,43,0,0
B2_D1,480,0,167,0,0
B6_D1,717,0,70,0,0
B6_D1,446,0,478,0,0
B10_D1,941,0,107,0,0
G1_D1,183,0,180,0,0
B6_D1,617,0,52,0,0
G1_D1,983,0,266,0,0
B10_D1,414,0,120,0,0
B6_D1,383,0,268,0,0
B4_D1,258,0,224,0,0
B10_D1,461,0,110,0,0
B10_D1,319,0,274,0,0
B6_D1,1021,0,417,0,0
B10_D1,668,0,484,0,0
G1_D1,275,0,145,0,0
B6_D1,166,0,483,0,0
B6_D1,218,0,111,0,0
G1_D1,423,0,143,0,0
B10_D1,416,0,341,0,0
B10_D1,112,0,409,0,0
B2_D1,971,0,131,0,0
B2_D1,803,0,189,0,0
G1_D1,650,0,25,0,0
B4_D1,505,0,282,0,0
G1_D1,866,0,190,0,0
B4_D1,111,0,143,0,0
B6_D1,32,0,48,0,0
B6_D1,419,0,116,0,0
G1_D1,118,0,287,0,0
B6_D1,620,0,367,0,0
B6_D1,874,0,154,0,0
B10_D1,368,0,26,0,0
B4_D1,305,0,306,0,0
G1_D1,989,0,298,0,0
B10_D1,44,0,23,0,0
B6_D1,313,0,227,0,0
B6_D1,773,0,200,0,0
B6_D1,692,0,285,0,0
B10_D1,831,0,56,0,0
B6_D1,777,0,64,0,0
G1_D1,335,0,225,0,0
G1_D1,14,0,252,0,0
G1_D1,77,0,59,0,0
B10_D1,1,0,132,0,0
B10_D1,654,0,159,0,0
B6_D1,529,0,269,0,0
G1_D1,280,0,286,0,0
G1_D1,707,0,10,0,0
B6_D1,905,0,274,0,0
G1_D1,150,0,312,0,0
B6_D1,107,0,119,0,0
B6_D1,891,0,70,0,0
B6_D1,267,0,333,0,0
B6_D1,951,0,190,0,0
G1_D1,1016,0,161,0,0
B4_D1,815,0,44,0,0
B4_D1,513,0,100,0,0
B6_D1,174,0,484,0,0
B10_D1,296,0,5,0,0
B10_D1,242,0,154,0,0
B6_D1,384,0,228,0,0
B2_D1,83,0,32,0,0
G1_D1,873,0,76,0,0
G1_D1,809,0,447,0,0
B10_D1,978,0,503,0,0
B10_D1,264,0,83,0,0
B2_D1,427,0,477,0,0
G1_D1,544,0,233,0,0
B10_D1,563,0,113,0,0
B10_D1,657,0,313,0,0
B6_D1,843,0,191,0,0
G1_D1,58,0,266,0,0
B10_D1,365,0,438,0,0
B10_D1,631,0,164,0,0
B6_D1,194,0,507,0,0
B10_D1,149,0,11,0,0
B10_D1,770,0,165,0,0
B10_D1,585,0,305,0,0
B10_D1,510,0,170,0,0
B6_D1,784,0,12,0,0
B6_D1,627,0,481,0,0
G1_D1,563,0,171,0,0
B6_D1,1008,0,419,0,0
G1_D1,848,0,74,0,0
B6_D1,822,0,92,0,0
B10_D1,813,0,241,0,0
B6_D1,1010,0,296,0,0
B6_D1,632,0,344,0,0
B6_D1,748,0,311,0,0
B6_D1,152,0,164,0,0
B10_D1,421,0,355,0,0
B6_D1,804,0,26,0,0
B6_D1,536,0,27,0,0
B6_D1,50,0,217,0,0
B4_D1,557,0,395,0,0
B10_D1,31,0,309,0,0
B4_D1,759,0,225,0,0
B10_D1,927,0,257,0,0
B10_D1,953,0,261,0,0
B10_D1,179,0,251,0,0
B10_D1,183,0,53,0,0
B10_D1,607,0,65,0,0
B6_D1,126,0,148,0,0
B6_D1,668,0,450,0,0
B10_D1,426,0,273,0,0
B10_D1,394,0,497,0,0
B4_D1,862,0,209,0,0
B6_D1,239,0,302,0,0
B6_D1,974,0,492,0,0
B10_D1,100,0,459,0,0
B6_D1,128,0,367,0,0
B6_D1,952,0,12,0,0
G1_D1,23,0,10,0,0
B10_D1,701,0,77,0,0
B6_D1,892,0,413,0,-1
B6_D1,694,0,163,0,0
B10_D1,914,0,31,0,0
B6_D1,111,0,467,0,0
B6_D1,15,0,388,0,0
G1_D1,241,0,249,0,0
B8_D1,14,0,318,0,0
B10_D1,297,0,418,0,0
B6_D1,942,0,489,0,0
B6_D1,525,0,258,0,0
B6_D1,910,0,340,0,0
B10_D1,629,0,227,0,0
G1_D1,184,0,48,0,0
B10_D1,619,0,2,0,0
B6_D1,244,0,23,0,0
B6_D1,1012,0,36,0,0
B6_D1,344,0,10,0,0
B2_D1,470,0,168,0,0
B6_D1,865,0,135,0,0
B6_D1,813,0,114,0,0
B4_D1,892,0,12,0,0
G1_D1,461,0,87,0,0
G1_D1,38,0,208,0,0
B4_D1,810,0,38,0,0
B4_D1,1012,0,12,0,0
B10_D1,600,0,410,0,0
B10_D1,591,0,501,0,0
G1_D1,233,0,180,0,0
B10_D1,792,0,85,0,0
B8_D1,80,0,118,0,0
B6_D1,762,0,491,0,0
B4_D1,438,0,422,0,0
B4_D1,2,0,397,0,0
B10_D1,91,0,479,0,0
B10_D1,752,0,164,0,0
B10_D1,612,0,360,0,0
G1_D1,65,0,50,0,0
B6_D1,272,0,34,0,0
G1_D1,932,0,102,0,0
B6_D1,1012,0,13,0,0
B10_D1,592,0,38,0,0
B10_D1,143,0,356,0,0
B10_D1,401,0,88,0,0
B10_D1,421,0,136,0,0
B4_D1,6,0,316,0,0
B10_D1,668,0,88,0,0
B2_D1,829,0,97,0,0
B6_D1,34,0,294,0,0
B6_D1,168,0,144,0,0
B6_D1,784,0,38,0,0
B10_D1,161,0,288,0,0
B10_D1,677,0,105,0,0
B10_D1,472,0,251,0,0
B10_D1,159,0,510,0,0
B10_D1,1016,0,26,0,0
B6_D1,706,0,232,0,0
B2_D1,853,0,249,0,0
B10_D1,2,0,392,0,0
G1_D1,173,0,47,0,0
G1_D1,402,0,390,0,0
B10_D1,641,0,46,0,0
B6_D1,14,0,511,0,0
B10_D1,34,0,297,0,0
B10_D1,635,0,411,0,0
B4_D1,826,0,39,0,0
G1_D1,307,0,91,0,0
B6_D1,815,0,203,0,0
B10_D1,966,0,63,0,0
G1_D1,1016,0,310,0,0
G1_D1,972,0,209,0,0
B10_D1,191,0,506,0,0
B10_D1,103,0,427,0,0
B10_D1,4,0,362,0,0
B6_D1,813,0,283,0,0
G1_D1,207,0,179,0,0
B6_D1,474,0,485,0,0
G1_D1,646,0,25,0,0
G1_D1,993,0,143,0,0
B10_D1,670,0,96,0,0
B10_D1,248,0,66,0,0
B6_D1,674,0,509,0,0
B10_D1,34,0,61,0,0
B10_D1,969,0,507,0,0
G1_D1,505,0,498,0,0
G1_D1,131,0,498,0,0
B10_D1,203,0,156,0,0
G1_D1,910,0,19,0,0
B6_D1,420,0,125,0,0
B10_D1,843,0,380,0,0
B4_D1,186,0,118,0,0
B10_D1,648,0,158,0,0
B6_D1,560,0,45,0,0
B10_D1,407,0,144,0,0
G1_D1,224,0,190,0,0
B6_D1,366,0,511,0,0
B10_D1,264,0,244,0,0
B6_D1,859,0,307,0,0
G1_D1,328,0,1,0,0
B4_D1,279,0,16,0,0
B10_D1,217,0,255,0,0
B6_D1,80,0,429,0,0
B10_D1,518,0,288,0,0
B10_D1,816,0,242,0,0
G1_D1,146,0,198,0,0
B10_D1,924,0,468,0,0
G1_D1,40,0,11,0,0
B4_D1,187,0,420,0,0
B10_D1,661,0,489,0,0
B4_D1,168,0,26,0,0
G1_D1,834,0,231,0,0
B10_D1,241,0,343,0,0
G1_D1,14,0,190,0,0
B10_D1,718,0,437,0,0
B6_D1,48,0,10,0,0
B6_D1,993,0,306,0,0
B6_D1,209,0,475,0,0
G1_D1,49,0,84,0,0
B6_D1,888,0,145,0,0
B8_D1,946,0,302,0,0
B6_D1,800,0,212,0,0
B6_D1,849,0,199,0,0
B10_D1,266,0,243,0,0
B6_D1,801,0,255,0,0
B10_D1,548,0,307,0,0
B6_D1,306,0,346,0,0
B10_D1,1002,0,301,0,0
B6_D1,716,0,384,0,0
G1_D1,156,0,499,0,0
G1_D1,29,0,122,0,0
B2_D1,978,0,121,0,0
B6_D1,772,0,154,0,0
B4_D1,996,0,256,0,0
B6_D1,773,0,125,0,0
B6_D1,526,0,500,0,0
B10_D1,844,0,286,0,0
G1_D1,691,0,458,0,0
B2_D1,445,0,502,0,0
G1_D1,799,0,20,0,0
B4_D1,868,0,19,0,0
B10_D1,429,0,339,0,0
B10_D1,871,0,64,0,0
B6_D1,132,0,37,0,0
B4_D1,110,0,84,0,0
B2_D1,693,0,284,0,0
B10_D1,593,0,226,0,0
B10_D1,481,0,20,0,0
B10_D1,568,0,22,0,0
B6_D1,584,0,322,0,0
B6_D1,304,0,31,0,0
B10_D1,1022,0,46,0,0
B10_D1,301,0,329,0,0
G1_D1,751,0,14,0,0
B10_D1,445,0,210,0,0
G1_D1,96,0,101,0,0
G1_D1,25,0,50,0,0
B10_D1,665,0,306,0,0
B6_D1,270,0,492,0,0
G1_D1,752,0,103,0,0
B6_D1,899,0,369,0,-1
G1_D1,16,0,142,0,0
B6_D1,376,0,431,0,0
G1_D1,42,0,181,0,0
B10_D1,526,0,118,0,0
G1_D1,1010,0,218,0,0
B6_D1,276,0,273,0,0
G1_D1,984,0,94,0,0
G1_D1,962,0,5,0,0
B6_D1,241,0,63,0,0
B6_D1,24,0,34,0,0
B2_D1,754,0,74,0,0
B6_D1,555,0,467,0,0
B6_D1,886,0,310,0,0
B2_D1,476,0,287,0,0
B6_D1,456,0,37,0,0
B10_D1,636,0,99,0,0
B6_D1,755,0,259,0,0
B10_D1,314,0,199,0,0
B4_D1,0,0,126,0,0
B10_D1,334,0,39,0,0
B6_D1,83,0,102,0,0
B6_D1,159,0,188,0,0
B6_D1,234,0,301,0,0
B6_D1,737,0,315,0,0
B10_D1,915,0,1,0,0
B10_D1,39,0,18,0,0
G1_D1,959,0,326,0,0
B6_D1,730,0,486,0,0
B6_D1,775,0,360,0,0
B6_D1,806,0,494,0,0
B6_D1,998,0,508,0,0
B10_D1,622,0,461,0,0
B6_D1,847,0,132,0,0
B10_D1,117,0,108,0,0
B6_D1,484,0,35,0,0
B6_D1,587,0,227,0,0
B6_D1,944,0,48,0,0
B6_D1,533,0,175,0,0
B10_D1,245,0,300,0,0
B6_D1,1005,0,103,0,0
B6_D1,727,0,284,0,0
G1_D1,74,0,20,0,0
B2_D1,601,0,223,0,0
B10_D1,49,0,329,0,0
G1_D1,22,0,13,0,0
B8_D1,4,0,227,0,0
B6_D1,139,0,116,0,0
B10_D1,939,0,82,0,0
B10_D1,719,0,0,0,0
B6_D1,280,0,7,0,0
B10_D1,198,0,42,0,0
B10_D1,74,0,210,0,0
B4_D1,3,0,265,0,0
B6_D1,26,0,280,0,0
G1_D1,18,0,41,0,0
G1_D1,26,0,94,0,0
G1_D1,810,0,78,0,0
B10_D1,43,0,509,0,0
B2_D1,854,0,78,0,0
B6_D1,601,0,292,0,0
B2_D1,630,0,23,0,0
B6_D1,575,0,323,0,0
B6_D1,155,0,409,0,0
B10_D1,560,0,510,0,0
G1_D1,980,0,18,0,0
B6_D1,635,0,167,0,0
B6_D1,1017,0,299,0,0
B6_D1,828,0,48,0,0
B6_D1,108,0,43,0,0
B6_D1,268,0,12,0,0
B6_D1,718,0,499,0,0
G1_D1,892,0,1,0,0
B10_D1,167,0,224,0,0
G1_D1,67,0,453,0,0
B4_D1,215,0,51,0,0
B6_D1,732,0,345,0,0
B10_D1,448,0,200,0,0
B10_D1,3,0,123,0,0
B10_D1,604,0,285,0,0
B6_D1,1006,0,494,0,0
B6_D1,806,0,59,0,0
B10_D1,326,0,28,0,0
B6_D1,922,0,506,0,0
G1_D1,272,0,129,0,0
B6_D1,854,0,490,0,0
B6_D1,535,0,243,0,0
B10_D1,551,0,18,0,0
B6_D1,912,0,195,0,0
B6_D1,726,0,490,0,0
B10_D1,666,0,383,0,0
G1_D1,286,0,197,0,0
B4_D1,954,0,239,0,0
B2_D1,373,0,18,0,0
B10_D1,222,0,182,0,0
B10_D1,341,0,86,0,0
B4_D1,1020,0,307,0,0
B6_D1,975,0,138,0,0
B2_D1,340,0,493,0,0
B6_D1,56,0,24,0,0
B10_D1,149,0,118,0,0
B10_D1,351,0,270,0,0
B4_D1,91,0,287,0,0
B10_D1,0,0,398,0,0
G1_D1,1004,0,227,0,0
B10_D1,680,0,180,0,0
B10_D1,661,0,277,0,0
B6_D1,326,0,495,0,0
B4_D1,1023,0,249,0,0
B4_D1,284,0,238,0,0
B6_D1,902,0,492,0,0
G1_D1,989,0,107,0,0
B10_D1,716,0,471,0,0
B2_D1,453,0,216,0,0
B6_D1,571,0,471,0,0
B10_D1,254,0,345,0,0
B6_D1,667,0,414,0,0
B6_D1,993,0,82,0,0
B4_D1,95,0,6,0,0
G1_D1,47,0,60,0,0
B6_D1,750,0,452,0,0
B6_D1,62,0,488,0,0
B6_D1,244,0,294,0,0
B6_D1,870,0,100,0,0
B6_D1,701,0,113,0,0
B6_D1,549,0,387,0,0
B6_D1,783,0,93,0,0
G1_D1,25,0,198,0,0
B6_D1,534,0,326,0,0
B2_D1,318,0,121,0,0
B10_D1,915,0,0,0,0
B10_D1,631,0,280,0,0
B6_D1,734,0,497,0,0
B10_D1,940,0,71,0,0
B10_D1,107,0,304,0,0
G1_D1,685,0,12,0,0
B6_D1,452,0,36,0,0
B10_D1,760,0,63,0,0
B6_D1,764,0,10,0,0
B10_D1,116,0,185,0,0
B6_D1,170,0,399,0,0
B10_D1,225,0,192,0,0
B6_D1,304,0,357,0,0
B6_D1,717,0,108,0,0
G1_D1,978,0,32,0,0
B4_D1,198,0,190,0,0
B10_D1,416,0,505,0,0
B6_D1,113,0,261,0,0
B10_D1,210,0,70,0,0
B10_D1,45,0,51,0,0
B10_D1,533,0,78,0,0
B10_D1,106,0,328,0,0
G1_D1,82,0,300,0,0
B10_D1,597,0,231,0,0
B6_D1,70,0,510,0,0
B10_D1,232,0,286,0,0
B6_D1,717,0,145,0,0
B6_D1,505,0,173,0,0
B6_D1,848,0,35,0,0
B6_D1,392,0,12,0,0
B6_D1,894,0,491,0,0
B6_D1,920,0,223,0,0
B2_D1,766,0,466,0,0
B6_D1,239,0,89,0,0
B2_D1,488,0,492,0,0
B6_D1,4,0,25,0,0
B10_D1,847,0,214,0,0
B10_D1,533,0,80,0,0
G1_D1,895,0,38,0,0
B2_D1,550,0,511,0,0
G1_D1,42,0,200,0,0
B6_D1,828,0,454,0,0
G1_D1,758,0,270,0,0
G1_D1,200,0,0,0,0
B6_D1,25,0,53,0,0
B6_D1,611,0,118,0,0
B4_D1,313,0,182,0,0
B6_D1,120,0,31,0,0
B10_D1,919,0,82,0,0
B4_D1,364,0,98,0,0
B6_D1,642,0,347,0,0
B2_D1,137,0,309,0,0
B4_D1,75,0,311,0,0
B10_D1,1021,0,136,0,0
G1_D1,1000,0,48,0,0
B10_D1,862,0,403,0,0
B10_D1,83,0,3,0,0
B10_D1,166,0,234,0,0
B6_D1,70,0,128,0,0
B4_D1,443,0,197,0,0
B6_D1,274,0,497,0,0
B6_D1,103,0,392,0,0
B10_D1,131,0,346,0,0
B4_D1,1021,0,210,0,0
B10_D1,38,0,406,0,0
B6_D1,289,0,55,0,0
B10_D1,870,0,88,0,0
G1_D1,1017,0,230,0,0
B10_D1,729,0,253,0,0
B6_D1,357,0,212,0,0
B10_D1,476,0,102,0,0
G1_D1,1013,0,270,0,0
B2_D1,573,0,42,0,0
B6_D1,935,0,279,0,0
B6_D1,986,0,491,0,0
B10_D1,615,0,150,0,0
B2_D1,506,0,491,0,0
G1_D1,143,0,182,0,0
B2_D1,123,0,106,0,0
B4_D1,852,0,32,0,0
B6_D1,786,0,482,0,0
B6_D1,631,0,362,0,0
B4_D1,428,0,419,0,0
G1_D1,591,0,6,0,0
B6_D1,752,0,303,0,0
B10_D1,159,0,438,0,0
B10_D1,858,0,324,0,0
B4_D1,170,0,4,0,0
B6_D1,118,0,190,0,0
B6_D1,110,0,257,0,0
B10_D1,345,0,11,0,0
B10_D1,803,0,373,0,0
B8_D1,125,0,210,0,0
B10_D1,584,0,183,0,0
G1_D1,936,0,452,0,0
B4_D1,441,0,16,0,0
B6_D1,727,0,51,0,0
G1_D1,852,0,262,0,0
B6_D1,826,0,332,0,0
B6_D1,788,0,5,0,0
B10_D1,831,0,1,0,0
G1_D1,39,0,195,0,0
B6_D1,715,0,147,0,0
B4_D1,372,0,381,0,0
B4_D1,348,0,18,0,0
G1_D1,885,0,468,0,0
B10_D1,620,0,213,0,0
B6_D1,167,0,479,0,0
G1_D1,251,0,72,0,0
B2_D1,678,0,433,0,0
B6_D1,212,0,0,0,0
B10_D1,382,0,311,0,0
B2_D1,432,0,288,0,0
B10_D1,339,0,308,0,0
B4_D1,651,0,207,0,0
B6_D1,957,0,251,0,0
B4_D1,8,0,111,0,0
B6_D1,950,0,169,0,0
B6_D1,544,0,8,0,0
B2_D1,198,0,123,0,0
B6_D1,562,0,329,0,0
G1_D1,310,0,22,0,0
B6_D1,661,0,388,0,0
B4_D1,27,0,262,0,0
B10_D1,527,0,113,0,0
G1_D1,129,0,105,0,0
B6_D1,358,0,224,0,0
G1_D1,774,0,79,0,0
B6_D1,492,0,45,0,0
B10_D1,49,0,139,0,0
G1_D1,224,0,3,0,0
B6_D1,755,0,267,0,0
B6_D1,978,0,302,0,0
B10_D1,495,0,66,0,0
B10_D1,621,0,140,0,0
G1_D1,864,0,262,0,0
B2_D1,282,0,200,0,0
G1_D1,273,0,62,0,0
B10_D1,65,0,127,0,0
B10_D1,628,0,6,0,0
B10_D1,408,0,412,0,0
B6_D1,731,0,147,0,0
B10_D1,375,0,281,0,0
B2_D1,626,0,162,0,0
B10_D1,120,0,276,0,0
G1_D1,544,0,150,0,0
G1_D1,216,0,371,0,0
B6_D1,764,0,4,0,0
G1_D1,851,0,213,0,0
B10_D1,618,0,415,0,0
G1_D1,348,0,477,0,0
B4_D1,426,0,32,0,0
B10_D1,89,0,201,0,0
B10_D1,734,0,326,0,0
G1_D1,367,0,17,0,0
B6_D1,92,0,34,0,0
B10_D1,83,0,324,0,0
B2_D1,350,0,35,0,0
B10_D1,633,0,292,0,0
B10_D1,578,0,310,0,0
B6_D1,12,0,16,0,0
B4_D1,235,0,275,0,0
B4_D1,5,0,287,0,0
B6_D1,140,0,40,0,0
G1_D1,970,0,158,0,0
B6_D1,880,0,20,0,0
B10_D1,259,0,255,0,0
B2_D1,905,0,411,0,0
B6_D1,680,0,8,0,0
B6_D1,198,0,287,0,0
B10_D1,981,0,84,0,0
B6_D1,380,0,16,0,0
B6_D1,368,0,36,0,0
B2_D1,691,0,32,0,0
B6_D1,180,0,47,0,0
B6_D1,592,0,32,0,0
B10_D1,66,0,269,0,0
B4_D1,299,0,145,0,0
B10_D1,600,0,109,0,0
B10_D1,559,0,114,0,0
G1_D1,171,0,224,0,0
B6_D1,834,0,395,0,0
B4_D1,946,0,58,0,0
G1_D1,268,0,1,0,0
G1_D1,989,0,51,0,0
G1_D1,407,0,10,0,0
B10_D1,638,0,208,0,0
B6_D1,859,0,300,0,0
B6_D1,353,0,50,0,0
G1_D1,65,0,99,0,0
B6_D1,877,0,205,0,0
B10_D1,10,0,70,0,0
B6_D1,578,0,284,0,0
B10_D1,50,0,35,0,0
B10_D1,35,0,263,0,0
B6_D1,147,0,181,0,0
B4_D1,78,0,17,0,0
B10_D1,228,0,155,0,0
G1_D1,690,0,159,0,0
G1_D1,806,0,494,0,0
B10_D1,404,0,506,0,0
B6_D1,169,0,273,0,0
B4_D1,97,0,132,0,0
B6_D1,399,0,349,0,0
G1_D1,98,0,367,0,0
B6_D1,893,0,240,0,0
G1_D1,1008,0,160,0,0
B6_D1,976,0,7,0,0
G1_D1,532,0,279,0,0
B6_D1,510,0,411,0,0
G1_D1,1004,0,275,0,0
B6_D1,917,0,448,0,0
B6_D1,306,0,322,0,0
B10_D1,238,0,185,0,0
B4_D1,4,0,136,0,0
B10_D1,1,0,92,0,0
B6_D1,151,0,235,0,0
G1_D1,1012,0,320,0,0
G1_D1,186,0,258,0,0
B10_D1,143,0,181,0,0
B8_D1,885,0,301,0,0
B10_D1,192,0,51,0,0
B4_D1,361,0,298,0,0
G1_D1,930,0,386,0,0
B10_D1,385,0,394,0,0
B6_D1,397,0,260,0,0
B10_D1,744,0,358,0,0
G1_D1,189,0,495,0,0
B4_D1,617,0,300,0,0
B10_D1,607,0,42,0,0
B6_D1,223,0,118,0,0
B6_D1,829,0,124,0,0
B6_D1,869,0,51,0,0
B10_D1,685,0,282,0,0
B10_D1,705,0,103,0,0
B10_D1,614,0,63,0,0
G1_D1,396,0,450,0,0
B10_D1,464,0,137,0,0
B6_D1,889,0,274,0,0
B10_D1,247,0,305,0,0
B6_D1,1023,0,270,0,0
B6_D1,787,0,195,0,0
B6_D1,261,0,134,0,0
B10_D1,771,0,1,0,0
B10_D1,682,0,389,0,0
B10_D1,578,0,115,0,0
B4_D1,673,0,192,0,0
B6_D1,918,0,392,0,0
G1_D1,866,0,5,0,0
B6_D1,696,0,365,0,0
B4_D1,91,0,62,0,0
B6_D1,616,0,28,0,0
B4_D1,1,0,164,0,0
B6_D1,991,0,403,0,0
B10_D1,178,0,364,0,0
G1_D1,177,0,497,0,0
B6_D1,86,0,416,0,0
B6_D1,379,0,481,0,0
B6_D1,134,0,507,0,0
G1_D1,416,0,279,0,0
B6_D1,542,0,259,0,0
B10_D1,614,0,67,0,0
G1_D1,660,0,155,0,0
G1_D1,146,0,266,0,0
B4_D1,107,0,328,0,0
B6_D1,946,0,59,0,0
B4_D1,61,0,165,0,0
B6_D1,462,0,509,0,0
B6_D1,340,0,334,0,0
B6_D1,886,0,166,0,0
G1_D1,393,0,19,0,0
B4_D1,739,0,200,0,0
B2_D1,982,0,120,0,0
B6_D1,742,0,496,0,0
B10_D1,16,0,159,0,0
B6_D1,532,0,39,0,0
G1_D1,94,0,23,0,0
G1_D1,742,0,104,0,0
B6_D1,282,0,507,0,0
B6_D1,110,0,493,0,0
B6_D1,369,0,457,0,0
B10_D1,152,0,276,0,0
B10_D1,655,0,307,0,0
B10_D1,163,0,509,0,0
B10_D1,438,0,162,0,0
G1_D1,3,0,460,0,0
B6_D1,192,0,140,0,0
B6_D1,844,0,160,0,0
G1_D1,263,0,262,0,0
B10_D1,628,0,38,0,0
G1_D1,195,0,79,0,0
B6_D1,144,0,168,0,0
B6_D1,768,0,305,0,0
G1_D1,989,0,314,0,0
B10_D1,38,0,174,0,0
B6_D1,134,0,360,0,0
B10_D1,601,0,296,0,0
G1_D1,965,0,33,0,0
B10_D1,663,0,486,0,0
G1_D1,470,0,511,0,0
B6_D1,176,0,179,0,0
B4_D1,237,0,208,0,0
B10_D1,823,0,3,0,0
G1_D1,54,0,114,0,0
B10_D1,594,0,275,0,0
B4_D1,254,0,336,0,0
B10_D1,252,0,64,0,0
B6_D1,160,0,249,0,0
G1_D1,869,0,209,0,0
B6_D1,784,0,13,0,0
G1_D1,946,0,209,0,0
G1_D1,545,0,95,0,0
G1_D1,188,0,120,0,0
B6_D1,49,0,435,0,0
B6_D1,53,0,308,0,0
B10_D1,155,0,86,0,0
B10_D1,581,0,408,0,0
B10_D1,581,0,318,0,0
B10_D1,276,0,493,0,0
B6_D1,974,0,431,0,0
B10_D1,172,0,240,0,0
G1_D1,955,0,263,0,0
B6_D1,318,0,487,0,0
B2_D1,181,0,243,0,0
B6_D1,423,0,379,0,0
B10_D1,566,0,25,0,0
B6_D1,766,0,398,0,0
G1_D1,840,0,218,0,0
B6_D1,782,0,309,0,0
G1_D1,173,0,409,0,0
B10_D1,67,0,46,0,0
B10_D1,541,0,466,0,0
G1_D1,16,0,174,0,0
G1_D1,432,0,482,0,0
B2_D1,150,0,269,0,0
B10_D1,970,0,80,0,0
G1_D1,282,0,270,0,0
B10_D1,77,0,208,0,0
B10_D1,749,0,421,0,0
B6_D1,212,0,98,0,0
B10_D1,119,0,168,0,0
B10_D1,12,0,159,0,0
B10_D1,628,0,20,0,0
B6_D1,64,0,174,0,0
B6_D1,224,0,387,0,0
B2_D1,677,0,359,0,0
B6_D1,284,0,167,0,0
B10_D1,902,0,313,0,0
B10_D1,186,0,121,0,0
B6_D1,114,0,478,0,0
G1_D1,1000,0,145,0,0
B6_D1,280,0,21,0,0
B8_D1,230,0,336,0,0
B10_D1,98,0,482,0,0
B4_D1,920,0,70,0,0
B6_D1,286,0,105,0,0
B6_D1,498,0,502,0,0
B2_D1,936,0,25,0,0
B10_D1,357,0,111,0,0
B2_D1,171,0,411,0,0
G1_D1,466,0,140,0,0
B6_D1,360,0,167,0,0
B10_D1,8,0,98,0,0
B6_D1,576,0,24,0,0
B6_D1,632,0,4,0,0
B6_D1,306,0,501,0,0
G1_D1,904,0,303,0,0
B2_D1,722,0,224,0,0
B6_D1,610,0,330,0,0
B6_D1,752,0,466,0,0
B8_D1,17,0,319,0,0
B6_D1,280,0,1,0,0
G1_D1,360,0,479,0,0
B6_D1,320,0,461,0,0
G1_D1,615,0,31,0,0
B10_D1,613,0,70,0,0
B10_D1,113,0,7,0,0
G1_D1,492,0,63,0,0
B10_D1,678,0,96,0,0
B6_D1,448,0,409,0,0
B6_D1,223,0,317,0,0
G1_D1,639,0,20,0,0
B6_D1,438,0,242,0,0
B4_D1,584,0,283,0,0
B4_D1,801,0,15,0,0
B6_D1,268,0,18,0,0
B6_D1,608,0,4,0,0
B8_D1,659,0,248,0,0
B6_D1,784,0,62,0,0
B6_D1,534,0,500,0,0
B6_D1,231,0,339,0,0
G1_D1,630,0,28,0,0
G1_D1,565,0,232,0,0
G1_D1,874,0,272,0,0
B6_D1,552,0,26,0,0
B6_D1,284,0,166,0,0
B10_D1,316,0,242,0,0
G1_D1,460,0,483,0,0
G1_D1,807,0,16,0,0
B10_D1,100,0,82,0,0
G1_D1,18,0,229,0,0
B10_D1,551,0,302,0,0
B6_D1,204,0,176,0,0
B10_D1,412,0,5,0,0
B6_D1,764,0,349,0,0
B6_D1,752,0,423,0,0
B4_D1,527,0,88,0,0
B10_D1,604,0,4,0,0
B4_D1,597,0,190,0,0
B6_D1,216,0,40,0,0
B8_D1,337,0,304,0,0
B6_D1,916,0,39,0,0
B2_D1,831,0,89,0,0
B8_D1,156,0,200,0,0
B10_D1,236,0,5,0,0
B6_D1,494,0,437,0,0
G1_D1,635,0,300,0,0
B10_D1,404,0,161,0,0
B6_D1,945,0,56,0,0
B8_D1,435,0,284,0,0
B10_D1,562,0,288,0,0
B10_D1,89,0,40,0,0
B2_D1,278,0,294,0,0
G1_D1,1010,0,364,0,0
B6_D1,848,0,16,0,0
B6_D1,861,0,142,0,0
B6_D1,670,0,501,0,0
B2_D1,158,0,73,0,0
G1_D1,439,0,17,0,0
B10_D1,754,0,25,0,0
B8_D1,1022,0,111,0,0
B10_D1,614,0,180,0,0
B10_D1,642,0,172,0,0
G1_D1,986,0,119,0,0
B10_D1,190,0,125,0,0
B6_D1,574,0,228,0,0
G1_D1,21,0,144,0,0
B4_D1,924,0,66,0,0
B6_D1,934,0,487,0,0
G1_D1,58,0,338,0,0
B2_D1,582,0,511,0,0
B6_D1,877,0,75,0,0
B2_D1,947,0,8,0,0
B10_D1,933,0,106,0,0
G1_D1,21,0,309,0,0
B6_D1,133,0,403,0,0
B10_D1,566,0,484,0,0
B10_D1,550,0,464,0,0
B10_D1,351,0,15,0,0
B10_D1,627,0,195,0,0
B2_D1,906,0,454,0,0
B10_D1,824,0,99,0,0
B10_D1,367,0,19,0,0
B6_D1,305,0,202,0,0
B10_D1,372,0,196,0,0
B10_D1,934,0,287,0,0
B2_D1,147,0,29,0,0
B4_D1,246,0,284,0,0
B10_D1,303,0,37,0,0
B6_D1,748,0,13,0,0
B4_D1,529,0,189,0,0
B10_D1,170,0,359,0,0
B6_D1,868,0,28,0,0
B10_D1,11,0,247,0,0
B4_D1,653,0,83,0,0
B4_D1,427,0,404,0,0
G1_D1,358,0,365,0,0
B10_D1,726,0,457,0,0
B10_D1,213,0,190,0,0
B10_D1,85,0,27,0,0
B2_D1,507,0,125,0,0
B6_D1,933,0,112,0,0
G1_D1,1016,0,242,0,0
G1_D1,35,0,474,0,0
B6_D1,534,0,486,0,0
B6_D1,962,0,231,0,0
G1_D1,733,0,284,0,0
B6_D1,657,0,387,0,0
B10_D1,109,0,294,0,0
B6_D1,840,0,55,0,0
G1_D1,348,0,94,0,0
G1_D1,144,0,200,0,0
B6_D1,788,0,2,0,0
B4_D1,4,0,402,0,0
B10_D1,703,0,496,0,0
G1_D1,67,0,15,0,0
B10_D1,622,0,184,0,0
B10_D1,283,0,326,0,0
B6_D1,368,0,33,0,0
G1_D1,17,0,225,0,0
B10_D1,380,0,487,0,0
B6_D1,620,0,449,0,0
B2_D1,623,0,27,0,0
G1_D1,854,0,238,0,0
B10_D1,267,0,259,0,0
B4_D1,593,0,299,0,0
B10_D1,973,0,478,0,0
B10_D1,129,0,112,0,0
B6_D1,305,0,78,0,0
B4_D1,933,0,102,0,0
B2_D1,360,0,510,0,0
G1_D1,9,0,263,0,0
G1_D1,431,0,300,0,0
B10_D1,145,0,101,0,0
G1_D1,43,0,324,0,0
B6_D1,810,0,282,0,0
B10_D1,199,0,229,0,0
B6_D1,770,0,398,0,0
B6_D1,134,0,483,0,0
B10_D1,54,0,92,0,0
G1_D1,910,0,5,0,0
B4_D1,893,0,257,0,0
B10_D1,178,0,261,0,0
B10_D1,349,0,188,0,0
B6_D1,588,0,351,0,0
B10_D1,1020,0,50,0,0
B10_D1,642,0,110,0,0
B6_D1,242,0,504,0,0
B6_D1,144,0,4,0,0
B6_D1,10,0,502,0,0
B10_D1,95,0,143,0,0
B10_D1,819,0,84,0,0
B6_D1,260,0,52,0,0
B6_D1,687,0,283,0,0
B10_D1,343,0,142,0,0
B10_D1,117,0,288,0,0
B6_D1,493,0,388,0,0
G1_D1,1017,0,150,0,0
B4_D1,580,0,300,0,0
G1_D1,311,0,401,0,0
G1_D1,972,0,379,0,0
G1_D1,51,0,111,0,0
G1_D1,869,0,12,0,0
B4_D1,703,0,252,0,0
B6_D1,105,0,96,0,0
G1_D1,645,0,265,0,0
B10_D1,704,0,434,0,0
B6_D1,864,0,146,0,0
B10_D1,465,0,118,0,0
B6_D1,556,0,171,0,0
B10_D1,251,0,156,0,0
B6_D1,684,0,187,0,0
B6_D1,838,0,361,0,0
B2_D1,580,0,161,0,0
B10_D1,1017,0,71,0,0
B10_D1,502,0,73,0,0
B8_D1,92,0,126,0,0
B6_D1,720,0,42,0,0
B10_D1,259,0,70,0,0
B6_D1,741,0,254,0,0
B6_D1,306,0,489,0,0
B6_D1,19,0,91,0,0
G1_D1,988,0,316,0,0
G1_D1,698,0,90,0,0
B6_D1,470,0,308,0,0
B10_D1,696,0,34,0,0
B10_D1,211,0,443,0,0
B10_D1,641,0,269,0,0
B10_D1,734,0,121,0,0
G1_D1,157,0,115,0,0
B6_D1,170,0,330,0,0
B6_D1,969,0,247,0,0
B4_D1,147,0,147,0,0
G1_D1,284,0,31,0,0
G1_D1,545,0,35,0,0
B10_D1,525,0,472,0,0
B6_D1,612,0,36,0,0
B10_D1,317,0,230,0,0
B2_D1,402,0,486,0,0
G1_D1,11,0,213,0,0
B6_D1,886,0,107,0,0
B6_D1,710,0,489,0,0
B6_D1,163,0,181,0,0
B4_D1,639,0,335,0,0
B4_D1,127,0,172,0,0
B10_D1,1003,0,489,0,0
B6_D1,364,0,0,0,0
B10_D1,159,0,209,0,0
B10_D1,396,0,238,0,0
B6_D1,790,0,118,0,0
B6_D1,594,0,506,0,0
G1_D1,277,0,30,0,0
G1_D1,636,0,238,0,0
B6_D1,943,0,115,0,0
G1_D1,699,0,64,0,0
B10_D1,96,0,152,0,0
B10_D1,619,0,155,0,0
B2_D1,75,0,53,0,0
G1_D1,1022,0,15,0,0
B6_D1,64,0,131,0,0
B4_D1,665,0,251,0,0
B6_D1,583,0,167,0,0
B6_D1,49,0,277,0,0
B6_D1,150,0,198,0,0
B6_D1,870,0,119,0,0
B6_D1,200,0,32,0,0
G1_D1,418,0,269,0,0
B6_D1,958,0,152,0,0
G1_D1,482,0,69,0,0
B2_D1,677,0,510,0,0
B6_D1,835,0,216,0,0
B6_D1,827,0,438,0,0
G1_D1,47,0,141,0,0
B2_D1,237,0,47,0,0
G1_D1,862,0,497,0,0
B6_D1,480,0,36,0,0
B6_D1,844,0,223,0,0
B10_D1,303,0,94,0,0
B6_D1,4,0,224,0,0
B10_D1,668,0,109,0,0
G1_D1,274,0,68,0,0
B6_D1,554,0,59,0,0
B10_D1,283,0,239,0,0
B8_D1,163,0,339,0,0
G1_D1,790,0,217,0,0
B4_D1,843,0,221,0,0
G1_D1,993,0,126,0,0
B4_D1,687,0,251,0,0
B6_D1,122,0,194,0,0
B4_D1,913,0,102,0,0
B10_D1,22,0,117,0,0
B6_D1,704,0,27,0,0
B6_D1,0,0,261,0,0
B10_D1,588,0,6,0,0
B6_D1,136,0,26,0,0
G1_D1,155,0,236,0,0
B6_D1,3,0,132,0,0
B2_D1,791,0,246,0,0
G1_D1,86,0,13,0,0
B6_D1,720,0,48,0,0
B6_D1,0,0,279,0,0
B10_D1,735,0,99,0,0
B6_D1,46,0,97,0,0
B10_D1,556,0,322,0,0
B6_D1,252,0,86,0,0
B10_D1,605,0,312,0,0
B6_D1,895,0,300,0,0
B6_D1,51,0,203,0,0
B10_D1,651,0,151,0,0
B6_D1,129,0,254,0,0
B6_D1,498,0,326,0,0
B10_D1,78,0,79,0,0
B6_D1,720,0,13,0,0
G1_D1,744,0,18,0,0
G1_D1,612,0,195,0,0
B6_D1,406,0,245,0,0
B2_D1,910,0,220,0,0
B6_D1,372,0,43,0,0
B6_D1,405,0,219,0,0
B6_D1,2,0,389,0,0
B10_D1,570,0,218,0,0
G1_D1,351,0,207,0,0
B6_D1,222,0,327,0,0
B4_D1,533,0,273,0,0
B6_D1,802,0,483,0,0
B10_D1,426,0,403,0,0
G1_D1,557,0,212,0,0
B4_D1,734,0,209,0,0
B10_D1,527,0,62,0,0
B2_D1,822,0,464,0,0
B6_D1,850,0,435,0,0
B10_D1,8,0,294,0,0
B10_D1,171,0,2,0,0
B4_D1,757,0,156,0,0
B6_D1,960,0,10,0,0
G1_D1,195,0,123,0,0
B6_D1,450,0,391,0,0
B6_D1,868,0,16,0,0
G1_D1,30,0,99,0,0
B6_D1,0,0,137,0,0
B8_D1,682,0,308,0,0
B10_D1,683,0,254,0,0
G1_D1,812,0,255,0,0
B6_D1,869,0,233,0,0
B10_D1,99,0,280,0,0
G1_D1,57,0,399,0,0
G1_D1,110,0,25,0,0
B10_D1,752,0,425,0,0
B6_D1,722,0,202,0,0
G1_D1,211,0,448,0,0
B10_D1,128,0,227,0,0
G1_D1,550,0,13,0,0
B2_D1,300,0,55,0,0
B6_D1,789,0,104,0,0
B10_D1,469,0,156,0,0
B10_D1,344,0,23,0,0
B10_D1,24,0,23,0,0
B6_D1,785,0,56,0,0
B6_D1,302,0,115,0,0
B6_D1,912,0,275,0,0
B6_D1,338,0,335,0,0
G1_D1,899,0,10,0,0
B10_D1,984,0,505,0,0
B10_D1,310,0,132,0,0
B10_D1,538,0,225,0,0
B4_D1,780,0,226,0,0
B6_D1,965,0,426,0,0
B6_D1,110,0,140,0,0
B6_D1,612,0,31,0,0
B10_D1,890,0,456,0,0
G1_D1,932,0,3,0,0
B6_D1,729,0,266,0,0
B10_D1,251,0,232,0,0
B10_D1,287,0,318,0,0
B10_D1,896,0,89,0,0
B4_D1,701,0,202,0,0
B4_D1,67,0,306,0,0
B4_D1,670,0,313,0,0
B10_D1,577,0,203,0,0
G1_D1,693,0,272,0,0
B10_D1,686,0,12,0,0
B4_D1,166,0,123,0,0
B10_D1,505,0,60,0,0
B6_D1,208,0,48,0,0
G1_D1,212,0,266,0,0
B2_D1,291,0,181,0,0
B6_D1,800,0,24,0,0
B6_D1,102,0,360,0,0
B10_D1,752,0,166,0,0
G1_D1,853,0,75,0,0
B10_D1,406,0,238,0,0
B4_D1,7,0,429,0,0
G1_D1,1012,0,122,0,0
G1_D1,403,0,6,0,0
B10_D1,205,0,69,0,0
B6_D1,681,0,310,0,0
B10_D1,1002,0,41,0,0
G1_D1,1011,0,76,0,0
B2_D1,1,0,470,0,0
B10_D1,269,0,169,0,0
B10_D1,95,0,299,0,0
B6_D1,353,0,244,0,0
B6_D1,779,0,459,0,0
B6_D1,111,0,64,0,0
G1_D1,356,0,366,0,0
B6_D1,684,0,110,0,0
B2_D1,688,0,36,0,0
B2_D1,676,0,463,0,0
B4_D1,948,0,129,0,0
B6_D1,358,0,497,0,0
B2_D1,950,0,34,0,0
B2_D1,565,0,41,0,0
B2_D1,641,0,480,0,0
B10_D1,467,0,255,0,0
B4_D1,93,0,425,0,0
B4_D1,701,0,103,0,0
B6_D1,559,0,421,0,0
G1_D1,679,0,109,0,0
B6_D1,377,0,284,0,0
G1_D1,710,0,472,0,0
B10_D1,115,0,8,0,0
G1_D1,156,0,500,0,0
G1_D1,969,0,31,0,0
G1_D1,541,0,31,0,0
B2_D1,841,0,182,0,0
G1_D1,680,0,1,0,0
B10_D1,375,0,490,0,0
B8_D1,1022,0,169,0,0
B2_D1,79,0,32,0,0
B10_D1,239,0,317,0,0
B10_D1,630,0,154,0,0
B10_D1,279,0,0,0,0
B8_D1,594,0,221,0,0
B10_D1,495,0,125,0,0
G1_D1,810,0,308,0,0
G1_D1,694,0,108,0,0
B6_D1,808,0,333,0,0
B10_D1,968,0,233,0,0
B10_D1,173,0,111,0,0
G1_D1,876,0,134,0,0
B10_D1,322,0,447,0,0
B6_D1,598,0,506,0,0
B6_D1,976,0,11,0,0
B6_D1,529,0,345,0,0
B10_D1,441,0,158,0,0
B10_D1,115,0,48,0,0
B10_D1,882,0,259,0,0
B6_D1,811,0,70,0,0
B10_D1,1016,0,233,0,0
B10_D1,448,0,506,0,0
B6_D1,975,0,147,0,0
B10_D1,696,0,5,0,0
B10_D1,358,0,162,0,0
B10_D1,410,0,109,0,0
B6_D1,160,0,7,0,0
G1_D1,366,0,268,0,0
B10_D1,614,0,278,0,0
G1_D1,1005,0,30,0,0
B6_D1,920,0,130,0,0
B10_D1,36,0,249,0,0
B10_D1,703,0,307,0,0
B4_D1,734,0,91,0,0
B10_D1,795,0,397,0,0
B2_D1,947,0,5,0,0
B2_D1,610,0,479,0,0
B6_D1,975,0,120,0,0
B10_D1,880,0,63,0,0
B4_D1,108,0,0,0,0
G1_D1,75,0,146,0,0
B10_D1,585,0,486,0,0
B2_D1,252,0,487,0,0
B4_D1,0,0,486,0,0
G1_D1,30,0,480,0,0
B6_D1,603,0,265,0,0
B10_D1,217,0,361,0,0
G1_D1,881,0,248,0,0
G1_D1,850,0,239,0,0
B10_D1,1,0,95,0,0
B4_D1,6,0,268,0,0
B10_D1,43,0,264,0,0
B6_D1,563,0,328,0,0
G1_D1,142,0,18,0,0
B10_D1,189,0,412,0,0
B6_D1,373,0,274,0,0
B4_D1,597,0,55,0,0
B6_D1,420,0,381,0,0
B6_D1,220,0,135,0,0
B10_D1,413,0,171,0,0
B10_D1,197,0,108,0,0
G1_D1,278,0,56,0,0
G1_D1,226,0,130,0,0
B6_D1,489,0,161,0,0
B10_D1,892,0,28,0,0
B6_D1,256,0,42,0,0
G1_D1,177,0,42,0,0
B4_D1,585,0,227,0,0
B6_D1,42,0,478,0,0
B6_D1,694,0,348,0,0
B10_D1,24,0,327,0,0
B6_D1,86,0,453,0,0
B2_D1,528,0,122,0,0
B6_D1,683,0,417,0,0
B6_D1,173,0,476,0,0
B10_D1,297,0,117,0,0
B10_D1,422,0,95,0,0
B6_D1,801,0,129,0,0
B6_D1,886,0,144,0,0
B6_D1,49,0,395,0,0
G1_D1,1017,0,221,0,0
B10_D1,401,0,480,0,0
B6_D1,547,0,362,0,0
B2_D1,889,0,458,0,0
B6_D1,587,0,419,0,0
B10_D1,607,0,411,0,0
B10_D1,7,0,321,0,0
G1_D1,610,0,5,0,0
B10_D1,343,0,29,0,0
B10_D1,179,0,63,0,0
G1_D1,9,0,333,0,0
B4_D1,659,0,134,0,0
B6_D1,790,0,488,0,0
B10_D1,159,0,256,0,0
B6_D1,36,0,34,0,0
G1_D1,161,0,8,0,0
B10_D1,180,0,62,0,0
B6_D1,257,0,170,0,0
B10_D1,594,0,332,0,0
B10_D1,333,0,336,0,0
B10_D1,199,0,17,0,0
B6_D1,658,0,498,0,0
B6_D1,106,0,134,0,0
B6_D1,236,0,43,0,0
G1_D1,71,0,198,0,0
G1_D1,77,0,170,0,0
B6_D1,895,0,423,0,0
G1_D1,228,0,195,0,0
B6_D1,678,0,492,0,0
B6_D1,312,0,138,0,0
B6_D1,724,0,20,0,0
B10_D1,416,0,227,0,0
B4_D1,7,0,387,0,0
G1_D1,273,0,266,0,0
B10_D1,819,0,433,0,0
B6_D1,472,0,22,0,0
G1_D1,419,0,2,0,0
G1_D1,262,0,331,0,0
B10_D1,787,0,1,0,0
B10_D1,325,0,217,0,0
B10_D1,827,0,212,0,0
B10_D1,690,0,279,0,0
G1_D1,8,0,223,0,0
G1_D1,124,0,11,0,0
B6_D1,762,0,498,0,0
B10_D1,952,0,29,0,0
B10_D1,826,0,93,0,0
B4_D1,36,0,6,0,0
B10_D1,810,0,88,0,0
B6_D1,131,0,304,0,0
B10_D1,698,0,113,0,0
B6_D1,924,0,443,0,0
B10_D1,229,0,41,0,0
B6_D1,933,0,436,0,0
G1_D1,430,0,5,0,0
B10_D1,186,0,201,0,0
B10_D1,200,0,9,0,0
B10_D1,981,0,57,0,0
B10_D1,728,0,98,0,0
B6_D1,750,0,503,0,0
B6_D1,524,0,41,0,0
G1_D1,39,0,65,0,0
G1_D1,250,0,5,0,0
G1_D1,86,0,9,0,0
G1_D1,210,0,233,0,0
B6_D1,500,0,17,0,0
B10_D1,351,0,209,0,0
B6_D1,998,0,485,0,0
B6_D1,591,0,265,0,0
B6_D1,638,0,374,0,0
B6_D1,949,0,283,0,0
B10_D1,771,0,0,0,0
B10_D1,330,0,183,0,0
B2_D1,99,0,315,0,0
B10_D1,200,0,208,0,0
B6_D1,684,0,35,0,0
B2_D1,959,0,241,0,0
B10_D1,114,0,495,0,0
G1_D1,996,0,235,0,0
B6_D1,1009,0,109,0,0
B10_D1,1,0,82,0,0
B2_D1,939,0,108,0,0
B6_D1,196,0,370,0,0
G1_D1,277,0,266,0,0
G1_D1,196,0,61,0,0
G1_D1,36,0,61,0,0
B6_D1,423,0,100,0,0
G1_D1,883,0,308,0,0
B2_D1,803,0,47,0,0
B6_D1,192,0,167,0,0
B10_D1,919,0,330,0,0
B10_D1,700,0,456,0,0
B6_D1,552,0,35,0,0
B6_D1,744,0,191,0,0
B4_D1,1017,0,59,0,0
B6_D1,882,0,105,0,0
B6_D1,138,0,330,0,0
G1_D1,915,0,42,0,0
B6_D1,88,0,424,0,0
B10_D1,808,0,38,0,0
B6_D1,682,0,499,0,0
B4_D1,490,0,56,0,0
B10_D1,400,0,151,0,0
B6_D1,452,0,44,0,0
B10_D1,953,0,45,0,0
B10_D1,342,0,338,0,0
B4_D1,708,0,69,0,0
B4_D1,555,0,79,0,0
B10_D1,115,0,50,0,0
B6_D1,314,0,222,0,0
B10_D1,913,0,318,0,0
B6_D1,360,0,413,0,0
B10_D1,78,0,95,0,0
B6_D1,214,0,485,0,0
B10_D1,145,0,1,0,0
B2_D1,0,0,451,0,0
B10_D1,396,0,285,0,0
B10_D1,294,0,199,0,0
B10_D1,174,0,200,0,0
B6_D1,190,0,503,0,0
B10_D1,361,0,135,0,0
B10_D1,513,0,60,0,0
B4_D1,736,0,63,0,0
B4_D1,515,0,232,0,0
B10_D1,51,0,275,0,0
B10_D1,791,0,89,0,0
B6_D1,468,0,15,0,0
B4_D1,2,0,77,0,0
B10_D1,902,0,391,0,0
B10_D1,932,0,372,0,0
B6_D1,825,0,64,0,0
B10_D1,172,0,173,0,0
B10_D1,482,0,132,0,0
B10_D1,205,0,136,0,0
G1_D1,920,0,3,0,0
B6_D1,417,0,254,0,0
B6_D1,847,0,308,0,0
B10_D1,637,0,158,0,0
B8_D1,618,0,182,0,0
B6_D1,344,0,170,0,0
B6_D1,847,0,189,0,0
B10_D1,792,0,169,0,0
B6_D1,299,0,429,0,0
B6_D1,228,0,28,0,0
B6_D1,584,0,282,0,0
G1_D1,227,0,15,0,0
B6_D1,241,0,64,0,0
B2_D1,995,0,63,0,0
B6_D1,169,0,275,0,0
B4_D1,2,0,281,0,0
B6_D1,324,0,140,0,0
G1_D1,747,0,16,0,0
B4_D1,6,0,407,0,0
B6_D1,908,0,404,0,0
B10_D1,190,0,200,0,0
B10_D1,404,0,11,0,0
B10_D1,200,0,291,0,0
B10_D1,577,0,457,0,0
B6_D1,885,0,164,0,0
B6_D1,624,0,165,0,0
G1_D1,240,0,41,0,0
B10_D1,795,0,40,0,0
B6_D1,66,0,296,0,0
B6_D1,3,0,60,0,0
B10_D1,100,0,283,0,0
B6_D1,442,0,485,0,0
B10_D1,977,0,488,0,0
B10_D1,10,0,262,0,0
B10_D1,472,0,475,0,0
B10_D1,146,0,172,0,0
B6_D1,254,0,125,0,0
B2_D1,710,0,2,0,0
B10_D1,1021,0,141,0,0
B10_D1,423,0,348,0,0
B10_D1,708,0,419,0,0
B2_D1,364,0,383,0,0
B6_D1,872,0,445,0,0
B6_D1,272,0,24,0,0
G1_D1,587,0,14,0,0
G1_D1,264,0,80,0,0
B6_D1,144,0,40,0,0
B6_D1,626,0,273,0,0
B10_D1,499,0,28,0,0
B6_D1,260,0,23,0,0
B10_D1,242,0,117,0,0
B6_D1,215,0,78,0,0
B4_D1,780,0,259,0,0
B2_D1,906,0,0,0,0
G1_D1,1020,0,494,0,0
B6_D1,645,0,377,0,0
G1_D1,287,0,239,0,0
G1_D1,47,0,289,0,0
B10_D1,460,0,231,0,0
B6_D1,504,0,39,0,0
B6_D1,484,0,451,0,0
G1_D1,399,0,391,0,0
G1_D1,391,0,295,0,0
B6_D1,1011,0,300,0,0
G1_D1,743,0,243,0,0
B6_D1,919,0,300,0,0
B10_D1,2,0,428,0,0
B6_D1,752,0,10,0,0
B6_D1,326,0,503,0,0
G1_D1,937,0,45,0,0
B6_D1,776,0,47,0,0
B10_D1,486,0,180,0,0
G1_D1,797,0,450,0,0
B6_D1,901,0,297,0,0
B6_D1,462,0,437,0,0
B4_D1,989,0,58,0,0
B6_D1,940,0,38,0,0
B6_D1,679,0,199,0,0
B6_D1,568,0,10,0,0
B6_D1,349,0,342,0,0
G1_D1,599,0,454,0,0
B2_D1,262,0,25,0,0
G1_D1,912,0,109,0,0
B2_D1,734,0,32,0,0
B10_D1,442,0,37,0,0
B10_D1,21,0,237,0,0
B6_D1,512,0,39,0,0
B6_D1,964,0,20,0,0
B6_D1,634,0,493,0,0
B4_D1,696,0,70,0,0
B2_D1,147,0,294,0,0
G1_D1,240,0,0,0,0
B10_D1,738,0,351,0,0
B6_D1,719,0,56,0,0
B6_D1,5,0,205,0,0
G1_D1,703,0,15,0,0
B10_D1,429,0,250,0,0
B6_D1,606,0,506,0,0
B6_D1,95,0,275,0,0
G1_D1,919,0,219,0,0
B6_D1,866,0,493,0,0
G1_D1,670,0,5,0,0
B10_D1,609,0,132,0,0
B6_D1,792,0,384,0,0
B6_D1,88,0,47,0,0
B10_D1,794,0,174,0,0
B6_D1,750,0,496,0,0
B6_D1,88,0,33,0,0
B10_D1,397,0,24,0,0
G1_D1,14,0,13,0,0
B6_D1,264,0,22,0,0
G1_D1,325,0,232,0,0
B10_D1,915,0,322,0,0
B8_D1,112,0,218,0,0
G1_D1,191,0,507,0,0
B10_D1,496,0,62,0,0
B6_D1,812,0,22,0,0
B10_D1,474,0,39,0,0
B10_D1,940,0,77,0,0
G1_D1,56,0,23,0,0
B10_D1,758,0,162,0,0
B2_D1,902,0,0,0,0
B6_D1,631,0,164,0,0
B10_D1,763,0,366,0,0
B6_D1,335,0,241,0,0
B6_D1,296,0,289,0,0
B10_D1,647,0,152,0,0
B10_D1,839,0,3,0,0
B10_D1,630,0,472,0,0
B4_D1,740,0,108,0,0
B6_D1,700,0,162,0,0
B4_D1,960,0,102,0,0
G1_D1,552,0,1,0,0
B6_D1,139,0,289,0,0
B6_D1,85,0,359,0,0
B4_D1,676,0,54,0,0
B4_D1,666,0,203,0,0
B6_D1,466,0,280,0,0
G1_D1,1008,0,212,0,0
B4_D1,601,0,108,0,0
B4_D1,434,0,290,0,0
B10_D1,429,0,479,0,0
B10_D1,28,0,241,0,0
G1_D1,181,0,12,0,0
B10_D1,746,0,80,0,0
B2_D1,456,0,489,0,0
B6_D1,96,0,30,0,0
B6_D1,930,0,342,0,0
B6_D1,92,0,281,0,0
B6_D1,53,0,111,0,0
G1_D1,408,0,449,0,0
B10_D1,852,0,198,0,0
B10_D1,662,0,105,0,0
G1_D1,737,0,131,0,0
G1_D1,26,0,114,0,0
G1_D1,318,0,223,0,0
B6_D1,156,0,26,0,0
B10_D1,915,0,448,0,0
B10_D1,95,0,64,0,0
B6_D1,788,0,9,0,0
B6_D1,6,0,248,0,0
B6_D1,572,0,46,0,0
B6_D1,199,0,153,0,0
B6_D1,148,0,388,0,0
G1_D1,951,0,241,0,0
G1_D1,210,0,138,0,0
B6_D1,277,0,378,0,0
B8_D1,87,0,182,0,0
B10_D1,333,0,60,0,0
B10_D1,639,0,270,0,0
B6_D1,828,0,265,0,0
G1_D1,697,0,270,0,0
B6_D1,938,0,96,0,0
B6_D1,0,0,319,0,0
B4_D1,293,0,60,0,0
B4_D1,290,0,39,0,0
B6_D1,930,0,484,0,0
B6_D1,863,0,52,0,0
B4_D1,82,0,59,0,0
B6_D1,478,0,302,0,0
B6_D1,468,0,299,0,0
B10_D1,81,0,58,0,0
B10_D1,710,0,161,0,0
B6_D1,538,0,503,0,0
B4_D1,511,0,224,0,0
B10_D1,694,0,35,0,0
B6_D1,539,0,232,0,0
B6_D1,272,0,37,0,0
B8_D1,456,0,289,0,0
G1_D1,71,0,200,0,0
B6_D1,340,0,328,0,0
B10_D1,269,0,242,0,0
G1_D1,992,0,198,0,0
B10_D1,117,0,41,0,0
B6_D1,1019,0,50,0,0
G1_D1,488,0,7,0,0
B10_D1,186,0,125,0,0
B6_D1,481,0,173,0,0
B6_D1,663,0,304,0,0
B6_D1,807,0,117,0,0
B6_D1,562,0,489,0,0
B2_D1,517,0,484,0,0
B2_D1,806,0,1,0,0
B6_D1,780,0,402,0,0
B2_D1,815,0,57,0,0
B6_D1,648,0,6,0,0
B10_D1,469,0,237,0,0
B10_D1,647,0,308,0,0
B10_D1,0,0,347,0,0
B4_D1,622,0,37,0,0
B10_D1,172,0,66,0,0
B10_D1,440,0,4,0,0
B6_D1,112,0,367,0,0
B6_D1,696,0,430,0,0
G1_D1,515,0,68,0,0
B6_D1,838,0,99,0,0
B4_D1,1020,0,75,0,0
G1_D1,550,0,467,0,0
G1_D1,992,0,115,0,0
B6_D1,843,0,308,0,0
B10_D1,513,0,224,0,0
B6_D1,500,0,394,0,0
G1_D1,214,0,72,0,0
B10_D1,227,0,232,0,0
B10_D1,476,0,161,0,0
B10_D1,220,0,146,0,0
G1_D1,473,0,109,0,0
G1_D1,73,0,141,0,0
G1_D1,99,0,289,0,0
B4_D1,424,0,259,0,0
B4_D1,809,0,207,0,0
G1_D1,416,0,126,0,0
B10_D1,669,0,30,0,0
B6_D1,292,0,21,0,0
B2_D1,488,0,287,0,0
B6_D1,945,0,139,0,0
B4_D1,182,0,358,0,0
B6_D1,705,0,480,0,0
B6_D1,984,0,414,0,0
B10_D1,768,0,167,0,0
B10_D1,21,0,192,0,0
B6_D1,948,0,301,0,0
B2_D1,959,0,39,0,0
G1_D1,581,0,49,0,0
B6_D1,562,0,403,0,0
B6_D1,78,0,505,0,0
G1_D1,114,0,279,0,0
B6_D1,862,0,378,0,0
G1_D1,326,0,229,0,0
B4_D1,464,0,287,0,0
G1_D1,487,0,151,0,0
B6_D1,109,0,475,0,0
B10_D1,904,0,255,0,0
B8_D1,580,0,294,0,0
B10_D1,356,0,4,0,0
B6_D1,131,0,133,0,0
B6_D1,804,0,37,0,0
B2_D1,278,0,391,0,0
B10_D1,459,0,303,0,0
B10_D1,108,0,393,0,0
B6_D1,74,0,487,0,0
B6_D1,315,0,237,0,0
B6_D1,944,0,22,0,0
G1_D1,340,0,310,0,0
G1_D1,293,0,266,0,0
B4_D1,617,0,298,0,0
G1_D1,25,0,245,0,0
B10_D1,227,0,186,0,0
B10_D1,139,0,240,0,0
B10_D1,341,0,168,0,0
G1_D1,253,0,44,0,0
B6_D1,112,0,65,0,0
B6_D1,685,0,184,0,0
B10_D1,800,0,169,0,0
G1_D1,73,0,99,0,0
B10_D1,431,0,277,0,0
B6_D1,542,0,357,0,0
B6_D1,148,0,194,0,0
B6_D1,165,0,98,0,0
B6_D1,446,0,496,0,0
B6_D1,732,0,339,0,0
B6_D1,713,0,434,0,0
B4_D1,775,0,14,0,0
G1_D1,16,0,286,0,0
B10_D1,48,0,129,0,0
B6_D1,354,0,482,0,0
B6_D1,837,0,440,0,0
B6_D1,989,0,170,0,0
B6_D1,535,0,170,0,0
B6_D1,293,0,343,0,0
B6_D1,904,0,224,0,0
B10_D1,917,0,304,0,0
B10_D1,752,0,116,0,0
G1_D1,869,0,246,0,0
B6_D1,618,0,348,0,0
B10_D1,460,0,112,0,0
B6_D1,933,0,215,0,0
B6_D1,552,0,41,0,0
B4_D1,528,0,212,0,0
B10_D1,92,0,291,0,0
B10_D1,212,0,36,0,0
B10_D1,846,0,197,0,0
G1_D1,985,0,314,0,0
B10_D1,627,0,314,0,0
G1_D1,190,0,259,0,0
B6_D1,628,0,56,0,0
B6_D1,744,0,289,0,0
B6_D1,880,0,47,0,0
B10_D1,756,0,40,0,0
G1_D1,888,0,45,0,0
B6_D1,416,0,243,0,0
B10_D1,292,0,6,0,0
B6_D1,351,0,75,0,0
G1_D1,964,0,111,0,0
G1_D1,60,0,1,0,0
B10_D1,63,0,146,0,0
B6_D1,260,0,12,0,0
B6_D1,721,0,192,0,0
B6_D1,53,0,227,0,0
B6_D1,690,0,504,0,0
G1_D1,531,0,190,0,0
B10_D1,480,0,313,0,0
B2_D1,423,0,160,0,0
B6_D1,171,0,76,0,0
B10_D1,847,0,444,0,0
B6_D1,725,0,463,0,0
B6_D1,311,0,477,0,0
B6_D1,484,0,344,0,0
B6_D1,271,0,379,0,0
B10_D1,592,0,192,0,0
B6_D1,856,0,39,0,0
B6_D1,832,0,65,0,0
B4_D1,0,0,115,0,0
B6_D1,278,0,505,0,0
B10_D1,520,0,254,0,0
B2_D1,880,0,1,0,0
B6_D1,511,0,303,0,0
B6_D1,1002,0,73,0,0
B6_D1,21,0,309,0,0
B6_D1,950,0,199,0,0
B6_D1,764,0,300,0,0
G1_D1,984,0,161,0,0
B6_D1,966,0,471,0,0
G1_D1,355,0,17,0,0
B6_D1,136,0,47,0,0
B10_D1,30,0,158,0,0
G1_D1,906,0,5,0,0
B10_D1,832,0,101,0,0
G1_D1,406,0,116,0,0
G1_D1,56,0,71,0,0
B6_D1,814,0,496,0,0
B10_D1,683,0,87,0,0
B6_D1,344,0,30,0,0
B6_D1,612,0,221,0,0
B8_D1,618,0,180,0,0
B10_D1,724,0,68,0,0
B2_D1,124,0,93,0,0
B10_D1,133,0,125,0,0
B6_D1,554,0,495,0,0
B4_D1,261,0,301,0,0
B6_D1,164,0,165,0,0
B10_D1,334,0,175,0,0
G1_D1,123,0,10,0,0
B10_D1,734,0,343,0,0
B4_D1,425,0,405,0,0
B10_D1,424,0,489,0,0
G1_D1,313,0,148,0,0
B6_D1,344,0,1,0,0
B4_D1,452,0,373,0,0
B10_D1,720,0,109,0,0
B10_D1,604,0,192,0,0
B10_D1,369,0,47,0,0
B10_D1,520,0,90,0,0
B6_D1,917,0,216,0,0
B6_D1,56,0,92,0,0
B10_D1,19,0,111,0,0
G1_D1,108,0,100,0,0
G1_D1,63,0,450,0,0
B10_D1,20,0,43,0,0
B10_D1,536,0,226,0,0
B10_D1,70,0,210,0,0
B2_D1,760,0,136,0,-1
B6_D1,4,0,370,0,0
B6_D1,1010,0,504,0,0
B6_D1,250,0,478,0,0
G1_D1,664,0,1,0,0
B2_D1,733,0,46,0,0
B10_D1,53,0,55,0,0
B6_D1,982,0,398,0,0
G1_D1,1002,0,93,0,0
B10_D1,119,0,103,0,0
B4_D1,530,0,213,0,0
B10_D1,955,0,275,0,0
B6_D1,369,0,138,0,0
B6_D1,522,0,157,0,0
B6_D1,605,0,355,0,0
B6_D1,1010,0,91,0,0
B6_D1,336,0,22,0,0
B10_D1,636,0,53,0,0
B10_D1,231,0,194,0,0
B6_D1,614,0,509,0,0
G1_D1,359,0,452,0,0
B2_D1,846,0,39,0,0
G1_D1,852,0,11,0,0
B6_D1,848,0,48,0,0
B6_D1,239,0,62,0,0
G1_D1,654,0,299,0,0
B6_D1,648,0,3,0,0
B4_D1,530,0,284,0,0
B10_D1,742,0,354,0,0
B6_D1,351,0,384,0,0
B4_D1,405,0,294,0,0
B6_D1,568,0,2,0,0
B6_D1,868,0,146,0,0
B10_D1,586,0,327,0,0
B10_D1,788,0,329,0,0
B10_D1,151,0,105,0,0
B6_D1,680,0,3,0,0
G1_D1,215,0,15,0,0
B6_D1,966,0,169,0,0
G1_D1,318,0,511,0,0
G1_D1,27,0,111,0,0
B6_D1,253,0,399,0,0
G1_D1,267,0,100,0,0
B10_D1,196,0,172,0,0
B6_D1,227,0,471,0,0
G1_D1,494,0,481,0,0
G1_D1,267,0,141,0,0
G1_D1,27,0,68,0,0
B8_D1,248,0,331,0,0
B6_D1,429,0,61,0,0
B10_D1,5,0,179,0,0
B6_D1,826,0,59,0,0
B6_D1,571,0,481,0,0
G1_D1,483,0,17,0,0
B10_D1,1023,0,497,0,0
B2_D1,430,0,490,0,0
B10_D1,737,0,273,0,0
B10_D1,277,0,54,0,0
B10_D1,752,0,251,0,0
B6_D1,732,0,9,0,0
B10_D1,469,0,241,0,0
B2_D1,412,0,506,0,0
B6_D1,300,0,463,0,0
G1_D1,28,0,197,0,0
B6_D1,650,0,385,0,0
G1_D1,157,0,209,0,0
B2_D1,924,0,262,0,0
B2_D1,678,0,96,0,0
B6_D1,867,0,267,0,0
G1_D1,175,0,76,0,0
B10_D1,956,0,251,0,0
G1_D1,367,0,222,0,0
B6_D1,749,0,193,0,0
B4_D1,254,0,202,0,0
G1_D1,864,0,102,0,0
B6_D1,627,0,59,0,0
B2_D1,576,0,288,0,0
B2_D1,206,0,131,0,0
G1_D1,1008,0,284,0,0
B6_D1,150,0,501,0,0
G1_D1,857,0,31,0,0
B10_D1,865,0,222,0,0
B10_D1,455,0,298,0,0
B6_D1,32,0,252,0,0
B4_D1,8,0,212,0,0
B10_D1,12,0,197,0,0
B6_D1,539,0,384,0,0
B6_D1,19,0,405,0,0
B10_D1,224,0,331,0,0
B10_D1,50,0,296,0,0
B10_D1,565,0,1,0,0
B4_D1,95,0,16,0,0
B2_D1,306,0,497,0,0
G1_D1,631,0,279,0,0
B4_D1,6,0,246,0,0
B10_D1,629,0,473,0,0
G1_D1,1001,0,261,0,0
G1_D1,77,0,87,0,0
B6_D1,316,0,49,0,0
B6_D1,558,0,490,0,0
B6_D1,823,0,199,0,0
B10_D1,580,0,329,0,0
B6_D1,268,0,312,0,0
B6_D1,637,0,342,0,0
B6_D1,326,0,205,0,0
B10_D1,711,0,33,0,0
G1_D1,79,0,15,0,0
B6_D1,883,0,346,0,0
B6_D1,694,0,406,0,0
B2_D1,315,0,292,0,0
B6_D1,476,0,294,0,0
B10_D1,254,0,43,0,0
B6_D1,404,0,7,0,0
G1_D1,128,0,500,0,0
B10_D1,9,0,206,0,0
B10_D1,223,0,289,0,0
B10_D1,184,0,75,0,0
B6_D1,502,0,494,0,0
B2_D1,646,0,145,0,0
B6_D1,733,0,457,0,0
B4_D1,180,0,19,0,0
B6_D1,196,0,40,0,0
B6_D1,79,0,323,0,0
B10_D1,269,0,262,0,0
B6_D1,614,0,62,0,0
G1_D1,216,0,11,0,0
B10_D1,459,0,64,0,0
B10_D1,335,0,236,0,0
G1_D1,13,0,97,0,0
B6_D1,508,0,30,0,0
B10_D1,373,0,31,0,0
B10_D1,930,0,341,0,0
G1_D1,425,0,144,0,0
G1_D1,938,0,109,0,0
G1_D1,16,0,89,0,0
B4_D1,932,0,259,0,0
B6_D1,174,0,277,0,0
B10_D1,435,0,188,0,0
B6_D1,760,0,212,0,0
B10_D1,86,0,279,0,0
G1_D1,1021,0,84,0,0
B10_D1,495,0,275,0,0
B6_D1,85,0,481,0,0
B6_D1,102,0,485,0,0
B10_D1,300,0,190,0,0
B6_D1,126,0,425,0,0
B10_D1,644,0,247,0,0
B6_D1,937,0,97,0,0
G1_D1,39,0,77,0,0
G1_D1,332,0,316,0,0
B4_D1,40,0,129,0,0
B10_D1,857,0,201,0,0
B6_D1,696,0,259,0,0
B6_D1,752,0,13,0,0
B6_D1,527,0,261,0,0
G1_D1,862,0,463,0,0
B10_D1,29,0,75,0,0
B6_D1,361,0,245,0,0
B10_D1,119,0,12,0,0
G1_D1,701,0,66,0,0
B10_D1,217,0,322,0,0
G1_D1,33,0,231,0,0
B6_D1,175,0,477,0,0
B10_D1,754,0,409,0,0
B10_D1,591,0,195,0,0
G1_D1,825,0,314,0,0
B10_D1,704,0,395,0,0
B6_D1,812,0,54,0,0
B6_D1,108,0,22,0,0
B6_D1,951,0,142,0,0
B10_D1,865,0,290,0,0
B6_D1,367,0,278,0,0
B6_D1,140,0,323,0,0
B6_D1,406,0,493,0,0
G1_D1,719,0,43,0,0
B10_D1,419,0,53,0,0
B2_D1,415,0,172,0,0
B2_D1,806,0,2,0,0
B10_D1,888,0,297,0,0
B6_D1,951,0,481,0,0
B10_D1,34,0,158,0,0
B10_D1,542,0,39,0,0
G1_D1,817,0,42,0,0
B10_D1,465,0,206,0,0
B6_D1,848,0,387,0,0
B10_D1,631,0,416,0,0
B10_D1,644,0,70,0,0
B6_D1,292,0,20,0,0
B6_D1,908,0,305,0,0
B6_D1,169,0,170,0,0
G1_D1,338,0,105,0,0
B2_D1,351,0,494,0,0
G1_D1,682,0,17,0,0
B6_D1,957,0,427,0,0
B10_D1,772,0,55,0,0
B8_D1,743,0,313,0,0
B6_D1,331,0,416,0,0
G1_D1,77,0,141,0,0
B10_D1,899,0,100,0,0
B6_D1,756,0,349,0,0
B6_D1,389,0,217,0,0
B10_D1,66,0,321,0,0
B10_D1,219,0,185,0,0
B6_D1,936,0,9,0,0
B6_D1,502,0,176,0,0
B6_D1,959,0,305,0,0
G1_D1,993,0,33,0,0
B6_D1,746,0,292,0,0
B6_D1,400,0,48,0,0
B10_D1,63,0,264,0,0
B4_D1,3,0,197,0,0
B6_D1,468,0,17,0,0
G1_D1,693,0,35,0,0
B10_D1,6,0,191,0,0
B10_D1,784,0,101,0,0
B10_D1,739,0,315,0,0
B10_D1,154,0,114,0,0
G1_D1,524,0,25,0,0
B10_D1,649,0,260,0,0
G1_D1,217,0,182,0,0
B10_D1,312,0,201,0,0
G1_D1,407,0,122,0,0
B6_D1,303,0,333,0,0
B10_D1,274,0,260,0,0
B6_D1,200,0,44,0,0
B6_D1,386,0,498,0,0
B4_D1,518,0,226,0,0
B10_D1,46,0,269,0,0
G1_D1,770,0,270,0,0
G1_D1,104,0,364,0,0
G1_D1,4,0,456,0,0
B6_D1,469,0,74,0,0
B6_D1,882,0,503,0,0
B10_D1,1,0,377,0,0
B10_D1,822,0,280,0,0
G1_D1,991,0,81,0,0
G1_D1,167,0,498,0,0
B2_D1,457,0,40,0,0
G1_D1,33,0,81,0,0
B6_D1,731,0,452,0,0
G1_D1,585,0,194,0,0
B6_D1,408,0,114,0,0
B6_D1,963,0,209,0,0
B10_D1,378,0,230,0,0
B2_D1,932,0,252,0,0
G1_D1,651,0,304,0,0
B6_D1,624,0,280,0,0
B10_D1,793,0,272,0,0
B10_D1,219,0,237,0,0
B10_D1,239,0,358,0,0
B6_D1,237,0,72,0,0
B6_D1,743,0,284,0,0
B6_D1,265,0,131,0,0
B10_D1,253,0,129,0,0
B10_D1,632,0,139,0,0
B10_D1,729,0,318,0,0
G1_D1,321,0,114,0,0
B10_D1,35,0,55,0,0
B10_D1,396,0,345,0,0
B2_D1,560,0,40,0,0
B6_D1,108,0,32,0,0
B6_D1,866,0,133,0,0
B10_D1,296,0,269,0,0
B10_D1,156,0,505,0,0
B4_D1,168,0,22,0,0
B6_D1,853,0,63,0,0
G1_D1,389,0,447,0,0
B6_D1,234,0,503,0,0
G1_D1,655,0,274,0,0
B6_D1,363,0,329,0,0
B4_D1,607,0,37,0,0
B6_D1,726,0,190,0,0
B10_D1,413,0,118,0,0
B6_D1,889,0,414,0,-1
B10_D1,423,0,478,0,0
B6_D1,762,0,510,0,0
B6_D1,457,0,480,0,0
B4_D1,721,0,329,0,0
B6_D1,321,0,373,0,0
B10_D1,261,0,459,0,0
B6_D1,880,0,6,0,0
B6_D1,238,0,453,0,0
B10_D1,777,0,421,0,0
G1_D1,911,0,219,0,0
B6_D1,76,0,16,0,0
B10_D1,331,0,2,0,0
B6_D1,896,0,265,0,0
B10_D1,49,0,388,0,0
G1_D1,28,0,483,0,0
B10_D1,844,0,188,0,0
B10_D1,13,0,82,0,0
B6_D1,328,0,24,0,0
B6_D1,882,0,489,0,0
G1_D1,1003,0,182,0,0
G1_D1,651,0,76,0,0
G1_D1,456,0,99,0,0
G1_D1,782,0,66,0,0
B2_D1,822,0,365,0,0
B6_D1,878,0,489,0,0
B10_D1,701,0,268,0,0
B4_D1,881,0,113,0,0
B10_D1,727,0,192,0,0
G1_D1,34,0,211,0,0
B6_D1,788,0,390,0,0
G1_D1,35,0,2,0,0
B6_D1,372,0,40,0,0
B6_D1,764,0,13,0,0
B6_D1,371,0,275,0,0
B10_D1,433,0,11,0,0
G1_D1,920,0,309,0,0
G1_D1,711,0,195,0,0
G1_D1,25,0,282,0,0
B10_D1,564,0,293,0,0
B10_D1,584,0,117,0,0
B4_D1,245,0,280,0,0
B10_D1,70,0,207,0,0
G1_D1,380,0,510,0,0
G1_D1,974,0,252,0,0
B10_D1,22,0,164,0,0
B6_D1,159,0,201,0,0
B10_D1,180,0,270,0,0
B10_D1,631,0,119,0,0
B10_D1,10,0,174,0,0
B6_D1,1020,0,44,0,0
B10_D1,209,0,49,0,0
B10_D1,455,0,510,0,0
B6_D1,506,0,284,0,0
B6_D1,290,0,493,0,0
G1_D1,346,0,273,0,0
G1_D1,895,0,14,0,0
B10_D1,139,0,317,0,0
G1_D1,545,0,112,0,0
B6_D1,54,0,324,0,0
B6_D1,177,0,275,0,0
B6_D1,725,0,239,0,0
B10_D1,581,0,262,0,0
B2_D1,355,0,202,0,0
B4_D1,643,0,228,0,0
G1_D1,669,0,92,0,0
B10_D1,797,0,451,0,0
G1_D1,850,0,9,0,0
B10_D1,856,0,82,0,0
B6_D1,431,0,380,0,0
G1_D1,1014,0,268,0,0
G1_D1,1023,0,246,0,0
B6_D1,131,0,303,0,0
B6_D1,602,0,510,0,0
B10_D1,455,0,0,0,0
B4_D1,947,0,50,0,0
B10_D1,743,0,267,0,0
B6_D1,550,0,511,0,0
B10_D1,947,0,73,0,0
G1_D1,329,0,405,0,0
B6_D1,525,0,398,0,0
B6_D1,130,0,93,0,0
B10_D1,467,0,3,0,0
B6_D1,503,0,283,0,0
B10_D1,286,0,52,0,0
G1_D1,283,0,73,0,0
B8_D1,3,0,231,0,0
B10_D1,269,0,315,0,0
B6_D1,308,0,29,0,0
B10_D1,175,0,189,0,0
B6_D1,1012,0,45,0,0
B10_D1,70,0,95,0,0
B10_D1,633,0,365,0,0
B10_D1,286,0,236,0,0
G1_D1,58,0,32,0,0
B10_D1,417,0,118,0,0
B6_D1,413,0,102,0,0
B10_D1,142,0,268,0,0
G1_D1,631,0,15,0,0
B10_D1,725,0,105,0,0
B6_D1,492,0,132,0,0
B10_D1,139,0,72,0,0
B10_D1,680,0,311,0,0
B6_D1,802,0,86,0,0
B8_D1,89,0,330,0,0
B10_D1,748,0,406,0,0
B6_D1,542,0,509,0,0
B10_D1,437,0,18,0,0
B6_D1,776,0,80,0,0
B6_D1,827,0,147,0,0
G1_D1,172,0,500,0,0
B6_D1,766,0,370,0,0
G1_D1,1015,0,75,0,0
B6_D1,862,0,503,0,0
B6_D1,32,0,0,0,0
B10_D1,302,0,414,0,0
B10_D1,535,0,256,0,0
B6_D1,388,0,42,0,0
B2_D1,2,0,41,0,0
B10_D1,992,0,287,0,0
B6_D1,46,0,505,0,0
G1_D1,975,0,159,0,0
B6_D1,912,0,4,0,0
B6_D1,30,0,502,0,0
B10_D1,607,0,280,0,0
B10_D1,429,0,18,0,0
G1_D1,1017,0,192,0,0
B2_D1,674,0,361,0,0
B2_D1,748,0,468,0,0
B10_D1,295,0,77,0,0
G1_D1,98,0,115,0,0
B6_D1,332,0,140,0,0
B6_D1,540,0,8,0,0
B10_D1,372,0,59,0,0
G1_D1,761,0,49,0,0
B6_D1,284,0,16,0,0
B10_D1,992,0,254,0,0
B6_D1,442,0,494,0,0
B6_D1,877,0,189,0,0
B6_D1,937,0,327,0,0
B10_D1,666,0,389,0,0
B2_D1,710,0,85,0,0
G1_D1,108,0,270,0,0
B6_D1,718,0,157,0,0
B6_D1,496,0,49,0,0
B4_D1,600,0,53,0,0
B10_D1,641,0,309,0,0
G1_D1,307,0,195,0,0
B10_D1,290,0,250,0,0
B10_D1,635,0,178,0,0
G1_D1,1021,0,399,0,0
B10_D1,501,0,111,0,0
B6_D1,129,0,302,0,0
B2_D1,420,0,288,0,0
G1_D1,567,0,116,0,0
B10_D1,110,0,340,0,0
B6_D1,832,0,149,0,0
B6_D1,105,0,145,0,0
B6_D1,80,0,18,0,0
B6_D1,314,0,502,0,0
G1_D1,922,0,5,0,0
G1_D1,866,0,467,0,0
B10_D1,104,0,273,0,0
B4_D1,39,0,5,0,0
B6_D1,964,0,33,0,0
B6_D1,548,0,264,0,0
B10_D1,172,0,505,0,0
B10_D1,691,0,289,0,0
B6_D1,910,0,114,0,0
B2_D1,420,0,25,0,0
B6_D1,781,0,188,0,0
B10_D1,816,0,328,0,0
B4_D1,829,0,43,0,0
B6_D1,316,0,120,0,0
B6_D1,982,0,495,0,0
B6_D1,308,0,0,0,0
B10_D1,20,0,297,0,0
G1_D1,722,0,357,0,0
B6_D1,62,0,200,0,0
G1_D1,302,0,5,0,0
B2_D1,179,0,69,0,0
B6_D1,754,0,489,0,0
B10_D1,408,0,26,0,0
B10_D1,577,0,215,0,0
B6_D1,713,0,311,0,0
B10_D1,1015,0,4,0,0
B6_D1,236,0,404,0,0
G1_D1,947,0,304,0,0
B6_D1,445,0,347,0,0
B6_D1,1019,0,449,0,0
B6_D1,629,0,173,0,0
B10_D1,207,0,235,0,0
B10_D1,428,0,143,0,0
B6_D1,21,0,476,0,0
G1_D1,19,0,196,0,0
G1_D1,154,0,413,0,0
G1_D1,128,0,7,0,0
B6_D1,244,0,31,0,0
B6_D1,0,0,105,0,0
B6_D1,699,0,300,0,0
B6_D1,807,0,80,0,0
B2_D1,319,0,120,0,0
G1_D1,15,0,183,0,0
B10_D1,107,0,335,0,0
B4_D1,994,0,158,0,0
B10_D1,143,0,436,0,0
B10_D1,3,0,247,0,0
B10_D1,373,0,491,0,0
B6_D1,188,0,44,0,0
B4_D1,114,0,50,0,0
B8_D1,741,0,232,0,0
B6_D1,857,0,51,0,0
G1_D1,329,0,93,0,0
B6_D1,824,0,21,0,0
B10_D1,111,0,200,0,0
G1_D1,505,0,243,0,0
B6_D1,176,0,409,0,0
B10_D1,562,0,137,0,0
B6_D1,991,0,312,0,0
G1_D1,482,0,129,0,0
B10_D1,435,0,327,0,0
B10_D1,3,0,232,0,0
B6_D1,206,0,382,0,0
B6_D1,54,0,496,0,0
G1_D1,788,0,264,0,0
B6_D1,488,0,20,0,0
B10_D1,434,0,225,0,0
B6_D1,574,0,337,0,0
B10_D1,285,0,204,0,0
B10_D1,372,0,5,0,0
B6_D1,193,0,386,0,0
B6_D1,46,0,488,0,0
G1_D1,579,0,146,0,0
B6_D1,886,0,384,0,0
B4_D1,771,0,26,0,0
B10_D1,589,0,218,0,0
B10_D1,369,0,161,0,0
B6_D1,805,0,298,0,0
G1_D1,989,0,58,0,0
B10_D1,446,0,162,0,0
B10_D1,291,0,421,0,0
B6_D1,884,0,223,0,0
B6_D1,1011,0,310,0,0
B6_D1,989,0,104,0,0
G1_D1,993,0,170,0,0
B6_D1,150,0,445,0,0
B4_D1,6,0,201,0,0
G1_D1,428,0,119,0,0
G1_D1,713,0,12,0,0
G1_D1,844,0,74,0,0
B10_D1,398,0,27,0,0
B6_D1,636,0,36,0,0
B6_D1,808,0,10,0,0
B6_D1,838,0,490,0,0
B10_D1,789,0,47,0,0
G1_D1,357,0,120,0,0
B6_D1,914,0,502,0,0
B10_D1,154,0,179,0,0
B4_D1,963,0,217,0,0
G1_D1,204,0,58,0,0
B6_D1,846,0,162,0,0
B6_D1,100,0,422,0,0
B2_D1,827,0,54,0,0
B4_D1,922,0,58,0,0
B2_D1,908,0,23,0,0
B10_D1,741,0,10,0,0
B6_D1,273,0,109,0,0
B6_D1,833,0,480,0,0
B10_D1,880,0,191,0,0
B4_D1,453,0,35,0,0
B6_D1,578,0,291,0,0
B10_D1,387,0,496,0,0
B6_D1,191,0,342,0,0
G1_D1,706,0,83,0,0
B10_D1,694,0,161,0,0
G1_D1,1013,0,108,0,0
B4_D1,584,0,114,0,0
B6_D1,649,0,470,0,0
B6_D1,836,0,1,0,0
B10_D1,136,0,204,0,0
B8_D1,839,0,228,0,0
B6_D1,545,0,258,0,0
G1_D1,1002,0,190,0,0
B10_D1,938,0,374,0,0
B2_D1,321,0,290,0,0
B8_D1,967,0,241,0,0
B10_D1,21,0,118,0,0
B6_D1,71,0,425,0,0
G1_D1,885,0,114,0,0
B4_D1,1,0,266,0,0
G1_D1,57,0,4,0,0
B6_D1,479,0,62,0,0
B6_D1,812,0,1,0,0
B10_D1,774,0,168,0,0
B6_D1,736,0,241,0,0
G1_D1,316,0,198,0,0
B6_D1,700,0,231,0,0
B6_D1,1,0,300,0,0
B4_D1,98,0,144,0,0
B4_D1,570,0,182,0,0
G1_D1,874,0,79,0,0
B10_D1,358,0,28,0,0
G1_D1,175,0,2,0,0
B6_D1,608,0,10,0,0
B10_D1,495,0,2,0,0
B10_D1,374,0,28,0,0
B2_D1,758,0,76,0,0
B10_D1,330,0,221,0,0
B6_D1,550,0,483,0,0
G1_D1,30,0,168,0,0
B2_D1,682,0,56,0,0
B6_D1,198,0,501,0,0
B10_D1,457,0,511,0,0
B10_D1,775,0,426,0,0
B6_D1,955,0,201,0,0
B8_D1,214,0,3,0,0
B2_D1,140,0,45,0,0
B6_D1,163,0,61,0,0
B2_D1,437,0,110,0,0
B10_D1,546,0,211,0,0
B4_D1,2,0,385,0,0
B10_D1,678,0,115,0,0
B6_D1,492,0,386,0,0
B6_D1,146,0,182,0,0
B6_D1,444,0,107,0,0
B6_D1,404,0,261,0,0
B10_D1,670,0,40,0,0
B10_D1,9,0,19,0,0
G1_D1,983,0,110,0,0
B10_D1,746,0,25,0,0
B6_D1,216,0,38,0,0
B10_D1,591,0,411,0,0
B4_D1,581,0,384,0,0
B6_D1,985,0,440,0,0
B6_D1,80,0,142,0,0
G1_D1,1022,0,477,0,0
B10_D1,499,0,303,0,0
B6_D1,960,0,33,0,0
B6_D1,135,0,286,0,0
G1_D1,93,0,200,0,0
B10_D1,471,0,111,0,0
B4_D1,59,0,22,0,0
B10_D1,500,0,284,0,0
B10_D1,105,0,206,0,0
B6_D1,113,0,94,0,0
B2_D1,547,0,222,0,0
B10_D1,713,0,451,0,0
B6_D1,588,0,46,0,0
G1_D1,381,0,197,0,0
B4_D1,635,0,336,0,0
B8_D1,673,0,249,0,0
B4_D1,680,0,110,0,0
B10_D1,750,0,311,0,0
B6_D1,641,0,448,0,0
B2_D1,683,0,285,0,0
B10_D1,602,0,283,0,0
G1_D1,939,0,218,0,0
B2_D1,649,0,505,0,0
B2_D1,302,0,510,0,0
B6_D1,680,0,457,0,0
B10_D1,355,0,416,0,0
B2_D1,892,0,26,0,0
B6_D1,606,0,500,0,0
B2_D1,342,0,511,0,0
B6_D1,559,0,278,0,0
B10_D1,397,0,480,0,0
B6_D1,232,0,25,0,0
B10_D1,514,0,54,0,0
B6_D1,242,0,273,0,0
G1_D1,877,0,304,0,0
B6_D1,706,0,182,0,0
G1_D1,719,0,24,0,0
B6_D1,800,0,451,0,0
B6_D1,24,0,256,0,0
B6_D1,230,0,492,0,0
B6_D1,248,0,336,0,0
G1_D1,121,0,397,0,0
B10_D1,538,0,244,0,0
B10_D1,874,0,344,0,0
G1_D1,714,0,167,0,0
B6_D1,844,0,351,0,0
G1_D1,137,0,265,0,0
B10_D1,247,0,151,0,0
B10_D1,541,0,112,0,0
B6_D1,824,0,303,0,0
B6_D1,675,0,64,0,0
B6_D1,443,0,283,0,0
B6_D1,528,0,44,0,0
B10_D1,36,0,116,0,0
B6_D1,608,0,44,0,0
B6_D1,603,0,301,0,0
B6_D1,53,0,51,0,0
B6_D1,712,0,234,0,0
B10_D1,472,0,104,0,0
B4_D1,837,0,15,0,0
B4_D1,593,0,370,0,0
B4_D1,961,0,15,0,0
G1_D1,63,0,95,0,0
B6_D1,944,0,15,0,0
G1_D1,469,0,106,0,0
G1_D1,109,0,285,0,0
G1_D1,950,0,209,0,0
G1_D1,24,0,216,0,0
B10_D1,646,0,137,0,0
G1_D1,745,0,235,0,0
B10_D1,603,0,93,0,0
B10_D1,536,0,67,0,0
B2_D1,566,0,221,0,0
B6_D1,1020,0,1,0,0
B10_D1,103,0,12,0,0
B10_D1,222,0,166,0,0
B6_D1,71,0,81,0,0
B4_D1,325,0,306,0,0
B10_D1,263,0,0,0,0
B10_D1,235,0,337,0,0
G1_D1,586,0,19,0,0
B10_D1,452,0,189,0,0
G1_D1,734,0,100,0,0
B4_D1,939,0,53,0,0
B6_D1,156,0,6,0,0
B10_D1,47,0,56,0,0
B10_D1,216,0,9,0,0
G1_D1,864,0,103,0,0
B6_D1,648,0,187,0,0
G1_D1,881,0,145,0,0
B6_D1,1016,0,322,0,0
B8_D1,44,0,194,0,0
B10_D1,163,0,41,0,0
B6_D1,754,0,290,0,0
G1_D1,845,0,21,0,0
B4_D1,5,0,340,0,0
B6_D1,519,0,407,0,0
G1_D1,12,0,264,0,0
B2_D1,207,0,36,0,0
G1_D1,849,0,253,0,0
B10_D1,618,0,357,0,0
G1_D1,649,0,28,0,0
B6_D1,1022,0,53,0,0
B4_D1,914,0,252,0,0
B10_D1,744,0,116,0,0
B6_D1,19,0,325,0,0
B10_D1,554,0,64,0,0
G1_D1,1000,0,239,0,0
B10_D1,633,0,298,0,0
G1_D1,44,0,112,0,0
B6_D1,934,0,423,0,0
B4_D1,457,0,63,0,0
B6_D1,788,0,333,0,0
B4_D1,206,0,33,0,0
B6_D1,490,0,504,0,0
B6_D1,541,0,227,0,0
G1_D1,458,0,481,0,0
G1_D1,451,0,15,0,0
B6_D1,360,0,96,0,0
B4_D1,6,0,312,0,0
B6_D1,511,0,424,0,0
B6_D1,275,0,340,0,0
B6_D1,126,0,505,0,0
B10_D1,535,0,62,0,0
B6_D1,956,0,44,0,0
B10_D1,623,0,21,0,0
G1_D1,1023,0,207,0,0
B6_D1,454,0,319,0,0
B6_D1,1000,0,27,0,0
B10_D1,742,0,80,0,0
B6_D1,902,0,489,0,0
B6_D1,268,0,34,0,0
B10_D1,381,0,99,0,0
B4_D1,854,0,206,0,0
B6_D1,373,0,215,0,0
B2_D1,708,0,1,0,0
B6_D1,40,0,7,0,0
B10_D1,576,0,483,0,0
B6_D1,587,0,361,0,0
B10_D1,255,0,421,0,0
B10_D1,687,0,32,0,0
B6_D1,574,0,182,0,0
B10_D1,647,0,87,0,0
B10_D1,729,0,400,0,0
G1_D1,164,0,1,0,0
B6_D1,100,0,142,0,0
B6_D1,3,0,242,0,0
B2_D1,190,0,277,0,0
B6_D1,623,0,424,0,0
B6_D1,747,0,277,0,0
G1_D1,990,0,9,0,0
G1_D1,1017,0,500,0,0
B6_D1,166,0,492,0,0
B4_D1,12,0,122,0,0
B10_D1,25,0,19,0,0
G1_D1,1002,0,27,0,0
B6_D1,326,0,428,0,0
B6_D1,364,0,26,0,0
B6_D1,764,0,402,0,0
B6_D1,320,0,426,0,0
B10_D1,787,0,492,0,0
B6_D1,544,0,437,0,0
B10_D1,130,0,62,0,0
G1_D1,679,0,286,0,0
B6_D1,732,0,45,0,0
B6_D1,279,0,317,0,0
B6_D1,288,0,44,0,0
B10_D1,208,0,146,0,0
B6_D1,188,0,65,0,0
B10_D1,896,0,8,0,0
G1_D1,917,0,237,0,0
B6_D1,932,0,42,0,0
G1_D1,281,0,30,0,0
B6_D1,752,0,54,0,0
B10_D1,626,0,49,0,0
B6_D1,918,0,511,0,0
B4_D1,332,0,321,0,0
B10_D1,623,0,120,0,0
B10_D1,454,0,66,0,0
B2_D1,790,0,466,0,0
B6_D1,1018,0,493,0,0
G1_D1,790,0,321,0,0
G1_D1,553,0,31,0,0
B6_D1,251,0,464,0,0
B2_D1,760,0,204,0,0
B6_D1,910,0,499,0,0
B6_D1,867,0,380,0,0
B10_D1,410,0,168,0,0
B10_D1,549,0,408,0,0
B10_D1,666,0,275,0,0
B6_D1,80,0,140,0,0
B4_D1,722,0,272,0,0
B6_D1,530,0,503,0,0
G1_D1,480,0,153,0,0
B6_D1,838,0,486,0,0
B8_D1,188,0,196,0,0
B6_D1,860,0,109,0,0
B2_D1,890,0,263,0,0
G1_D1,198,0,20,0,0
B10_D1,378,0,166,0,0
B10_D1,478,0,474,0,0
G1_D1,760,0,107,0,0
B4_D1,358,0,362,0,0
B4_D1,954,0,111,0,0
B2_D1,925,0,510,0,0
B10_D1,490,0,108,0,0
G1_D1,793,0,12,0,0
G1_D1,926,0,24,0,0
B10_D1,315,0,39,0,0
G1_D1,619,0,446,0,0
B6_D1,123,0,390,0,0
B6_D1,11,0,60,0,0
B10_D1,610,0,232,0,0
B4_D1,730,0,297,0,0
B10_D1,2,0,230,0,0
B10_D1,566,0,508,0,0
B6_D1,579,0,361,0,0
B6_D1,755,0,197,0,0
G1_D1,161,0,91,0,0
B10_D1,602,0,212,0,0
B2_D1,950,0,27,0,0
B10_D1,583,0,151,0,0
G1_D1,656,0,175,0,0
G1_D1,20,0,238,0,0
B10_D1,998,0,348,0,0
G1_D1,585,0,145,0,0
B6_D1,692,0,0,0,0
B6_D1,423,0,119,0,0
B6_D1,70,0,387,0,0
G1_D1,297,0,104,0,0
B6_D1,1022,0,482,0,0
B10_D1,700,0,16,0,0
B2_D1,478,0,495,0,0
B6_D1,914,0,264,0,0
G1_D1,789,0,101,0,0
B6_D1,795,0,256,0,0
G1_D1,51,0,14,0,0
B6_D1,55,0,225,0,0
B6_D1,777,0,108,0,0
B10_D1,161,0,167,0,0
B10_D1,677,0,95,0,0
G1_D1,8,0,235,0,0
B10_D1,692,0,311,0,0
B6_D1,144,0,81,0,0
B6_D1,328,0,0,0,0
B2_D1,394,0,111,0,0
G1_D1,931,0,21,0,0
G1_D1,754,0,292,0,0
B10_D1,624,0,145,0,0
G1_D1,20,0,394,0,0
G1_D1,834,0,141,0,0
G1_D1,1016,0,320,0,0
G1_D1,939,0,77,0,0
B6_D1,74,0,396,0,0
B10_D1,586,0,301,0,0
B10_D1,728,0,406,0,0
B6_D1,422,0,358,0,0
B10_D1,756,0,405,0,0
B4_D1,8,0,196,0,0
B10_D1,9,0,352,0,0
G1_D1,203,0,454,0,0
G1_D1,47,0,14,0,0
B6_D1,10,0,341,0,0
B10_D1,364,0,505,0,0
G1_D1,252,0,285,0,0
B4_D1,877,0,214,0,0
B10_D1,736,0,158,0,0
B6_D1,508,0,165,0,0
B6_D1,806,0,509,0,0
B2_D1,482,0,468,0,0
B6_D1,415,0,218,0,0
B6_D1,572,0,0,0,0
G1_D1,250,0,9,0,0
B6_D1,44,0,132,0,0
G1_D1,542,0,250,0,0
B2_D1,604,0,290,0,0
B10_D1,19,0,205,0,0
B10_D1,294,0,263,0,0
G1_D1,910,0,318,0,0
B10_D1,92,0,308,0,0
B6_D1,572,0,27,0,0
G1_D1,88,0,271,0,0
B4_D1,709,0,250,0,0
B10_D1,392,0,343,0,0
B2_D1,484,0,288,0,0
B6_D1,208,0,171,0,0
B6_D1,557,0,342,0,0
B4_D1,251,0,343,0,0
B10_D1,457,0,77,0,0
B2_D1,347,0,178,0,0
B6_D1,82,0,315,0,0
B10_D1,672,0,509,0,0
B6_D1,198,0,488,0,0
G1_D1,719,0,310,0,0
B10_D1,898,0,26,0,0
B6_D1,720,0,9,0,0
G1_D1,503,0,221,0,0
B10_D1,708,0,91,0,0
G1_D1,546,0,125,0,0
B4_D1,200,0,271,0,0
B4_D1,405,0,231,0,0
B10_D1,849,0,2,0,0
G1_D1,245,0,248,0,0
B6_D1,296,0,463,0,0
B10_D1,281,0,18,0,0
B10_D1,506,0,53,0,0
B6_D1,34,0,479,0,0
G1_D1,374,0,440,0,0
B6_D1,938,0,408,0,0
B6_D1,769,0,152,0,0
B10_D1,235,0,319,0,0
B10_D1,380,0,484,0,0
B6_D1,347,0,153,0,0
B4_D1,285,0,212,0,0
B6_D1,855,0,295,0,0
G1_D1,213,0,45,0,0
B10_D1,71,0,271,0,0
B6_D1,505,0,480,0,0
B6_D1,799,0,186,0,0
B10_D1,341,0,113,0,0
B2_D1,359,0,483,0,0
B6_D1,154,0,495,0,0
B6_D1,556,0,28,0,0
B6_D1,149,0,199,0,0
B6_D1,284,0,168,0,0
B6_D1,929,0,107,0,0
B2_D1,850,0,44,0,0
G1_D1,843,0,128,0,0
G1_D1,208,0,78,0,0
G1_D1,394,0,98,0,0
B6_D1,772,0,32,0,0
B10_D1,783,0,24,0,0
B6_D1,512,0,183,0,0
G1_D1,267,0,77,0,0
B6_D1,200,0,42,0,0
B10_D1,481,0,511,0,0
B10_D1,257,0,58,0,0
B6_D1,970,0,445,0,0
B4_D1,602,0,227,0,0
B6_D1,1002,0,488,0,0
B2_D1,1004,0,32,0,0
B6_D1,917,0,141,0,0
B6_D1,879,0,115,0,0
B6_D1,662,0,385,0,0
G1_D1,886,0,20,0,0
B6_D1,782,0,509,0,0
B6_D1,538,0,323,0,0
B10_D1,854,0,27,0,0
B10_D1,324,0,51,0,0
G1_D1,510,0,146,0,0
G1_D1,1019,0,410,0,0
B10_D1,143,0,271,0,0
B6_D1,712,0,49,0,0
G1_D1,459,0,126,0,0
B6_D1,530,0,494,0,0
B6_D1,427,0,477,0,0
B2_D1,517,0,218,0,0
G1_D1,797,0,95,0,0
B6_D1,585,0,228,0,0
B6_D1,967,0,236,0,0
B2_D1,742,0,224,0,0
B6_D1,626,0,507,0,0
B10_D1,593,0,125,0,0
B6_D1,751,0,273,0,0
G1_D1,979,0,81,0,0
B6_D1,764,0,8,0,0
G1_D1,27,0,17,0,0
G1_D1,731,0,322,0,0
B10_D1,285,0,50,0,0
B2_D1,762,0,89,0,0
B10_D1,732,0,418,0,0
B10_D1,586,0,78,0,0
G1_D1,95,0,203,0,0
B4_D1,797,0,190,0,0
B2_D1,631,0,478,0,0
B2_D1,668,0,288,0,0
B6_D1,153,0,275,0,0
B10_D1,997,0,10,0,0
B6_D1,960,0,23,0,0
B6_D1,272,0,26,0,0
B6_D1,4,0,9,0,0
B4_D1,403,0,230,0,0
B6_D1,780,0,106,0,0
G1_D1,30,0,52,0,0
B6_D1,663,0,184,0,0
B10_D1,685,0,237,0,0
B6_D1,652,0,243,0,0
B6_D1,710,0,462,0,0
B6_D1,885,0,142,0,0
B10_D1,100,0,50,0,0
B4_D1,306,0,308,0,0
B10_D1,670,0,386,0,0
B10_D1,143,0,300,0,0
G1_D1,320,0,217,0,0
B2_D1,184,0,477,0,0
B6_D1,680,0,345,0,0
B6_D1,217,0,72,0,0
B4_D1,932,0,129,0,0
B10_D1,527,0,470,0,0
B6_D1,764,0,54,0,0
B10_D1,188,0,33,0,0
B10_D1,836,0,188,0,0
G1_D1,975,0,75,0,0
B6_D1,808,0,300,0,0
B10_D1,869,0,291,0,0
B10_D1,319,0,175,0,0
B10_D1,642,0,471,0,0
B6_D1,146,0,493,0,0
B8_D1,978,0,244,0,0
B10_D1,142,0,106,0,0
B6_D1,248,0,23,0,0
G1_D1,460,0,3,0,0
B2_D1,845,0,367,0,0
B10_D1,1008,0,1,0,0
B6_D1,771,0,153,0,0
B6_D1,504,0,11,0,0
B10_D1,767,0,417,0,0
B6_D1,458,0,502,0,0
B10_D1,615,0,137,0,0
B6_D1,898,0,466,0,0
B6_D1,189,0,196,0,0
G1_D1,242,0,38,0,0
B10_D1,277,0,417,0,0
B10_D1,592,0,140,0,0
B10_D1,436,0,222,0,0
G1_D1,737,0,265,0,0
B6_D1,346,0,335,0,0
B10_D1,127,0,197,0,0
B10_D1,431,0,226,0,0
B4_D1,921,0,313,0,0
G1_D1,391,0,91,0,0
B10_D1,762,0,261,0,0
B10_D1,656,0,485,0,0
B2_D1,75,0,59,0,0
B4_D1,747,0,240,0,0
B10_D1,715,0,468,0,0
B10_D1,565,0,146,0,0
B6_D1,394,0,486,0,0
B6_D1,52,0,104,0,0
B6_D1,567,0,265,0,0
G1_D1,366,0,22,0,0
B10_D1,595,0,501,0,0
B6_D1,953,0,327,0,0
B6_D1,828,0,36,0,0
B8_D1,342,0,186,0,0
B10_D1,692,0,47,0,0
B6_D1,74,0,486,0,0
B6_D1,236,0,59,0,0
B6_D1,110,0,312,0,0
B6_D1,432,0,34,0,0
B10_D1,261,0,121,0,0
B10_D1,869,0,211,0,0
G1_D1,554,0,17,0,0
G1_D1,759,0,425,0,0
B10_D1,837,0,256,0,0
G1_D1,94,0,5,0,0
G1_D1,1007,0,209,0,0
B4_D1,368,0,103,0,0
B10_D1,766,0,249,0,0
B6_D1,550,0,176,0,0
B4_D1,1021,0,31,0,0
B6_D1,215,0,381,0,0
G1_D1,280,0,70,0,0
B6_D1,545,0,410,0,0
B10_D1,352,0,226,0,0
G1_D1,665,0,473,0,0
B10_D1,797,0,483,0,0
B2_D1,432,0,286,0,0
B6_D1,5,0,418,0,0
B4_D1,48,0,123,0,0
B6_D1,803,0,261,0,0
B10_D1,206,0,364,0,0
B6_D1,945,0,61,0,0
B4_D1,694,0,253,0,0
G1_D1,420,0,1,0,0
B6_D1,877,0,294,0,0
B10_D1,143,0,272,0,0
B10_D1,830,0,354,0,0
B6_D1,170,0,219,0,0
G1_D1,809,0,4,0,0
B2_D1,252,0,65,0,0
B6_D1,632,0,12,0,0
B10_D1,74,0,293,0,0
B4_D1,453,0,186,0,0
B6_D1,497,0,230,0,0
B10_D1,813,0,212,0,0
B10_D1,725,0,283,0,0
G1_D1,988,0,11,0,0
B10_D1,282,0,236,0,0
B10_D1,630,0,47,0,0
B6_D1,91,0,85,0,0
B6_D1,5,0,126,0,0
B10_D1,58,0,94,0,0
B10_D1,179,0,61,0,0
B10_D1,245,0,295,0,0
B10_D1,735,0,417,0,0
B10_D1,165,0,94,0,0
B6_D1,416,0,21,0,0
B10_D1,1021,0,69,0,0
G1_D1,842,0,212,0,0
B10_D1,606,0,415,0,0
B10_D1,621,0,473,0,0
B6_D1,171,0,232,0,0
G1_D1,44,0,197,0,0
B4_D1,120,0,188,0,0
B6_D1,486,0,496,0,0
B10_D1,535,0,203,0,0
B10_D1,228,0,216,0,0
B6_D1,799,0,202,0,0
B6_D1,112,0,82,0,0
B6_D1,326,0,507,0,0
B6_D1,188,0,339,0,0
B4_D1,1022,0,218,0,0
G1_D1,642,0,314,0,0
B6_D1,806,0,486,0,0
B10_D1,135,0,196,0,0
G1_D1,937,0,8,0,0
B6_D1,868,0,328,0,0
B6_D1,520,0,37,0,0
B4_D1,168,0,203,0,0
B2_D1,852,0,370,0,0
G1_D1,914,0,87,0,0
G1_D1,574,0,230,0,0
B10_D1,357,0,511,0,0
B10_D1,288,0,328,0,0
B4_D1,124,0,38,0,0
B6_D1,270,0,508,0,0
B4_D1,810,0,260,0,0
B10_D1,928,0,35,0,0
B10_D1,44,0,50,0,0
B10_D1,377,0,170,0,0
G1_D1,0,0,480,0,0
B6_D1,907,0,52,0,0
B6_D1,827,0,439,0,0
B6_D1,991,0,272,0,0
B10_D1,238,0,175,0,0
B10_D1,453,0,78,0,0
B6_D1,345,0,138,0,0
B10_D1,686,0,80,0,0
B4_D1,547,0,293,0,0
B10_D1,595,0,202,0,0
B10_D1,838,0,63,0,0
G1_D1,749,0,288,0,0
B10_D1,979,0,47,0,0
B6_D1,644,0,55,0,0
B10_D1,618,0,258,0,0
G1_D1,16,0,201,0,0
B6_D1,447,0,232,0,0
B6_D1,510,0,490,0,0
G1_D1,1018,0,5,0,0
G1_D1,970,0,295,0,0
B6_D1,272,0,266,0,0
B2_D1,540,0,63,0,0
B10_D1,19,0,240,0,0
B6_D1,203,0,55,0,0
B6_D1,56,0,205,0,0
B4_D1,710,0,311,0,0
B6_D1,443,0,278,0,0
B10_D1,906,0,312,0,0
B10_D1,705,0,475,0,0
B6_D1,133,0,428,0,0
B6_D1,5,0,381,0,0
G1_D1,99,0,14,0,0
G1_D1,933,0,101,0,0
B10_D1,642,0,240,0,0
G1_D1,932,0,117,0,0
B10_D1,874,0,294,0,0
B6_D1,818,0,190,0,0
B4_D1,251,0,129,0,0
B6_D1,205,0,274,0,0
B6_D1,800,0,333,0,0
G1_D1,866,0,465,0,0
B6_D1,959,0,265,0,0
B4_D1,1021,0,88,0,0
B10_D1,1023,0,384,0,0
G1_D1,758,0,73,0,0
B10_D1,932,0,47,0,0
B10_D1,480,0,6,0,0
B8_D1,569,0,218,0,0
B10_D1,226,0,184,0,0
B10_D1,161,0,161,0,0
B6_D1,331,0,144,0,0
B6_D1,225,0,481,0,0
B4_D1,214,0,17,0,0
B10_D1,168,0,239,0,0
B10_D1,317,0,11,0,0
B10_D1,201,0,182,0,0
B6_D1,768,0,27,0,0
B10_D1,297,0,85,0,0
B6_D1,933,0,139,0,0
B10_D1,708,0,29,0,0
G1_D1,1012,0,296,0,0
B6_D1,778,0,258,0,0
B10_D1,828,0,178,0,0
B6_D1,955,0,269,0,0
B6_D1,83,0,414,0,0
G1_D1,106,0,133,0,0
B10_D1,252,0,145,0,0
B10_D1,785,0,59,0,0
B2_D1,827,0,125,0,0
B6_D1,574,0,508,0,0
G1_D1,1016,0,353,0,0
B8_D1,208,0,53,0,0
G1_D1,847,0,297,0,0
G1_D1,73,0,510,0,0
B2_D1,688,0,63,0,0
B6_D1,362,0,282,0,0
B6_D1,319,0,434,0,0
B6_D1,1002,0,311,0,0
B6_D1,566,0,59,0,0
B8_D1,119,0,88,0,0
B10_D1,405,0,461,0,0
B6_D1,993,0,257,0,0
B2_D1,696,0,264,0,0
B2_D1,529,0,510,0,0
B10_D1,880,0,5,0,0
B6_D1,10,0,61,0,0
B10_D1,939,0,3,0,0
B10_D1,911,0,333,0,0
G1_D1,754,0,259,0,0
B10_D1,641,0,380,0,0
B6_D1,668,0,187,0,0
B4_D1,7,0,16,0,0
B8_D1,210,0,3,0,0
B6_D1,577,0,335,0,0
B10_D1,470,0,311,0,0
B6_D1,891,0,210,0,0
B4_D1,556,0,392,0,0
G1_D1,89,0,93,0,0
B6_D1,66,0,499,0,0
B10_D1,956,0,41,0,0
B10_D1,856,0,444,0,0
G1_D1,705,0,278,0,0
G1_D1,151,0,15,0,0
B10_D1,332,0,80,0,0
B6_D1,193,0,169,0,0
G1_D1,769,0,82,0,0
B10_D1,281,0,200,0,0
G1_D1,624,0,11,0,0
G1_D1,100,0,131,0,0
B4_D1,267,0,241,0,0
B6_D1,330,0,490,0,0
B2_D1,346,0,115,0,0
B6_D1,416,0,5,0,0
B6_D1,958,0,352,0,0
B6_D1,384,0,5,0,0
B6_D1,502,0,500,0,0
B6_D1,177,0,386,0,0
G1_D1,106,0,382,0,0
B6_D1,529,0,251,0,0
B6_D1,583,0,227,0,0
B10_D1,647,0,487,0,0
B6_D1,41,0,409,0,0
G1_D1,450,0,87,0,0
B10_D1,186,0,175,0,0
G1_D1,252,0,170,0,0
B6_D1,932,0,40,0,0
B10_D1,80,0,22,0,0
B2_D1,667,0,287,0,0
B2_D1,949,0,46,0,0
B10_D1,243,0,167,0,0
B2_D1,443,0,501,0,0
B10_D1,585,0,315,0,0
B4_D1,792,0,244,0,0
G1_D1,241,0,19,0,0
G1_D1,882,0,465,0,0
B6_D1,796,0,333,0,0
B10_D1,765,0,43,0,0
B10_D1,365,0,165,0,0
B4_D1,265,0,197,0,0
B10_D1,793,0,389,0,0
B10_D1,147,0,318,0,0
B10_D1,489,0,467,0,0
G1_D1,385,0,298,0,0
B6_D1,714,0,510,0,0
B6_D1,153,0,170,0,0
B6_D1,772,0,27,0,0
B4_D1,4,0,329,0,0
G1_D1,1010,0,208,0,0
G1_D1,999,0,59,0,0
B10_D1,425,0,18,0,0
B2_D1,162,0,119,0,0
B4_D1,5,0,103,0,0
B10_D1,50,0,137,0,0
B10_D1,181,0,20,0,0
B6_D1,27,0,193,0,0
G1_D1,171,0,36,0,0
B6_D1,236,0,470,0,0
B10_D1,747,0,427,0,0
B6_D1,711,0,420,0,0
B10_D1,36,0,246,0,0
B10_D1,1019,0,31,0,0
B10_D1,261,0,142,0,0
B4_D1,367,0,198,0,0
B6_D1,890,0,144,0,0
B6_D1,640,0,26,0,0
B10_D1,625,0,102,0,0
B6_D1,787,0,81,0,0
G1_D1,640,0,474,0,0
B6_D1,652,0,345,0,0
B4_D1,782,0,208,0,0
B10_D1,546,0,86,0,0
G1_D1,1005,0,263,0,0
B6_D1,48,0,12,0,0
G1_D1,151,0,238,0,0
B6_D1,216,0,29,0,0
G1_D1,65,0,21,0,0
B10_D1,42,0,326,0,0
G1_D1,968,0,1,0,0
B6_D1,757,0,70,0,0
G1_D1,940,0,267,0,0
B6_D1,576,0,29,0,0
B6_D1,224,0,21,0,0
B6_D1,521,0,324,0,0
G1_D1,190,0,127,0,0
B10_D1,666,0,440,0,0
G1_D1,137,0,414,0,0
B10_D1,559,0,62,0,0
B6_D1,79,0,423,0,0
B4_D1,822,0,271,0,0
B6_D1,649,0,383,0,0
B6_D1,642,0,499,0,0
G1_D1,836,0,11,0,0
B6_D1,956,0,144,0,0
B10_D1,482,0,239,0,0
B6_D1,561,0,410,0,0
G1_D1,568,0,24,0,0
B6_D1,966,0,367,0,0
G1_D1,640,0,29,0,0
B6_D1,113,0,201,0,0
B10_D1,504,0,4,0,0
G1_D1,877,0,208,0,0
B2_D1,2,0,72,0,0
B10_D1,740,0,469,0,0
B6_D1,626,0,182,0,0
B10_D1,173,0,127,0,0
B2_D1,258,0,200,0,0
B6_D1,779,0,75,0,0
B4_D1,822,0,214,0,0
B10_D1,657,0,271,0,0
B6_D1,438,0,484,0,0
B10_D1,656,0,450,0,0
B10_D1,823,0,209,0,0
B6_D1,853,0,348,0,0
G1_D1,12,0,98,0,0
G1_D1,405,0,88,0,0
B6_D1,100,0,19,0,0
G1_D1,203,0,36,0,0
B8_D1,87,0,154,0,0
G1_D1,718,0,99,0,0
G1_D1,574,0,195,0,0
B10_D1,690,0,286,0,0
B4_D1,1020,0,291,0,0
G1_D1,842,0,216,0,0
B6_D1,731,0,201,0,0
B6_D1,544,0,1,0,0
B6_D1,146,0,507,0,0
B10_D1,333,0,130,0,0
B10_D1,991,0,302,0,0
B6_D1,904,0,129,0,0
G1_D1,515,0,2,0,0
G1_D1,138,0,22,0,0
B6_D1,966,0,491,0,0
B6_D1,977,0,417,0,0
B6_D1,561,0,185,0,0
G1_D1,92,0,104,0,0
B6_D1,624,0,26,0,0
B6_D1,360,0,8,0,0
B6_D1,632,0,113,0,0
G1_D1,565,0,199,0,0
B10_D1,966,0,114,0,0
G1_D1,565,0,285,0,0
B4_D1,914,0,219,0,0
B10_D1,531,0,271,0,0
B6_D1,338,0,483,0,0
G1_D1,745,0,48,0,0
B6_D1,636,0,307,0,0
B10_D1,29,0,179,0,0
B10_D1,74,0,101,0,0
B6_D1,326,0,372,0,0
B10_D1,94,0,473,0,0
B2_D1,711,0,4,0,0
B10_D1,527,0,476,0,0
B10_D1,616,0,354,0,0
B6_D1,989,0,82,0,0
B6_D1,883,0,53,0,0
B10_D1,39,0,38,0,0
B10_D1,623,0,480,0,0
B6_D1,604,0,3,0,0
B2_D1,173,0,105,0,0
B6_D1,910,0,495,0,0
B6_D1,385,0,350,0,0
G1_D1,404,0,3,0,0
B6_D1,968,0,44,0,0
G1_D1,11,0,386,0,0
G1_D1,971,0,246,0,0
B6_D1,412,0,269,0,0
B6_D1,642,0,493,0,0
B10_D1,171,0,93,0,0
B10_D1,391,0,407,0,0
B8_D1,1022,0,443,0,0
B10_D1,218,0,272,0,0
B6_D1,512,0,60,0,0
B8_D1,100,0,195,0,0
B6_D1,140,0,258,0,0
B6_D1,892,0,385,0,0
G1_D1,148,0,310,0,0
G1_D1,631,0,10,0,0
B2_D1,825,0,364,0,0
B6_D1,303,0,62,0,0
B6_D1,756,0,48,0,0
B6_D1,836,0,16,0,0
B10_D1,537,0,315,0,0
B10_D1,17,0,118,0,0
B10_D1,430,0,406,0,0
B6_D1,312,0,166,0,0
G1_D1,856,0,260,0,0
G1_D1,34,0,214,0,0
B6_D1,292,0,17,0,0
B6_D1,818,0,490,0,0
G1_D1,909,0,112,0,0
G1_D1,1016,0,94,0,0
B10_D1,364,0,131,0,0
G1_D1,116,0,286,0,0
B6_D1,162,0,234,0,0
B6_D1,516,0,6,0,0
B10_D1,626,0,230,0,0
G1_D1,274,0,20,0,0
B6_D1,112,0,9,0,0
B6_D1,914,0,509,0,0
G1_D1,395,0,443,0,0
G1_D1,191,0,173,0,0
B6_D1,491,0,393,0,0
B8_D1,1023,0,407,0,0
B2_D1,502,0,482,0,0
B6_D1,176,0,65,0,0
B6_D1,389,0,270,0,0
G1_D1,1015,0,216,0,0
B6_D1,296,0,213,0,0
G1_D1,980,0,49,0,0
G1_D1,426,0,22,0,0
B6_D1,476,0,49,0,0
B10_D1,27,0,18,0,0
B4_D1,135,0,16,0,0
B10_D1,475,0,108,0,0
B6_D1,474,0,511,0,0
B6_D1,1014,0,494,0,0
B10_D1,988,0,287,0,0
B10_D1,867,0,220,0,0
G1_D1,740,0,35,0,0
B4_D1,272,0,310,0,0
B6_D1,45,0,121,0,0
B6_D1,554,0,492,0,0
B6_D1,1017,0,480,0,0
G1_D1,355,0,419,0,0
B6_D1,6,0,338,0,0
B6_D1,29,0,399,0,0
B2_D1,321,0,389,0,0
B10_D1,911,0,330,0,0
B10_D1,644,0,245,0,0
B2_D1,586,0,481,0,0
B6_D1,590,0,484,0,0
B2_D1,687,0,285,0,0
B4_D1,809,0,37,0,0
B2_D1,276,0,156,0,0
B6_D1,63,0,327,0,0
G1_D1,1004,0,61,0,0
B4_D1,580,0,229,0,0
B6_D1,938,0,500,0,0
B10_D1,688,0,236,0,0
B10_D1,291,0,194,0,0
B10_D1,682,0,447,0,0
B10_D1,860,0,435,0,0
G1_D1,29,0,209,0,0
B6_D1,484,0,30,0,0
B2_D1,460,0,286,0,0
B10_D1,191,0,135,0,0
B4_D1,65,0,165,0,0
B6_D1,349,0,292,0,0
G1_D1,13,0,51,0,0
B10_D1,307,0,403,0,0
B6_D1,310,0,484,0,0
B6_D1,128,0,26,0,0
B6_D1,874,0,494,0,0
B2_D1,471,0,497,0,0
B6_D1,179,0,368,0,0
G1_D1,156,0,234,0,0
B6_D1,842,0,270,0,0
B6_D1,31,0,100,0,0
B10_D1,944,0,9,0,0
B6_D1,265,0,160,0,0
B6_D1,714,0,485,0,0
G1_D1,4,0,441,0,0
B10_D1,560,0,245,0,0
B6_D1,908,0,25,0,0
B4_D1,874,0,48,0,0
B2_D1,128,0,508,0,0
G1_D1,321,0,12,0,0
B6_D1,179,0,285,0,0
B6_D1,295,0,290,0,0
B6_D1,840,0,385,0,0
G1_D1,792,0,3,0,0
B6_D1,950,0,194,0,0
B10_D1,868,0,91,0,0
B10_D1,195,0,190,0,0
B6_D1,939,0,217,0,0
B6_D1,644,0,113,0,0
B6_D1,1009,0,93,0,0
G1_D1,106,0,187,0,0
G1_D1,63,0,457,0,0
B10_D1,978,0,80,0,0
B6_D1,277,0,133,0,0
B10_D1,114,0,132,0,0
B10_D1,632,0,24,0,0
B10_D1,107,0,10,0,0
B6_D1,870,0,103,0,0
B6_D1,599,0,265,0,0
G1_D1,852,0,301,0,0
B6_D1,210,0,277,0,0
B10_D1,328,0,313,0,0
B10_D1,742,0,446,0,0
B6_D1,76,0,470,0,0
G1_D1,12,0,146,0,0
B6_D1,591,0,359,0,0
G1_D1,848,0,298,0,0
G1_D1,116,0,398,0,0
B6_D1,377,0,350,0,0
B6_D1,780,0,7,0,0
B10_D1,155,0,292,0,0
B10_D1,168,0,276,0,0
B2_D1,830,0,1,0,0
B2_D1,655,0,146,0,0
B8_D1,622,0,179,0,0
B2_D1,770,0,76,0,0
B6_D1,683,0,206,0,0
B10_D1,614,0,484,0,0
B10_D1,366,0,27,0,0
B2_D1,988,0,86,0,0
B6_D1,502,0,293,0,0
B10_D1,215,0,326,0,0
B6_D1,342,0,501,0,0
B6_D1,130,0,507,0,0
G1_D1,216,0,235,0,0
B6_D1,490,0,501,0,0
B6_D1,432,0,348,0,0
B6_D1,952,0,20,0,0
B2_D1,726,0,496,0,0
B6_D1,264,0,24,0,0
B10_D1,635,0,370,0,0
B10_D1,956,0,71,0,0
B10_D1,227,0,310,0,0
B4_D1,666,0,265,0,0
B10_D1,647,0,204,0,0
B2_D1,487,0,158,0,0
B2_D1,582,0,151,0,0
B10_D1,524,0,189,0,0
B6_D1,260,0,397,0,0
B6_D1,767,0,151,0,0
B10_D1,696,0,76,0,0
B6_D1,410,0,478,0,0
B10_D1,153,0,322,0,0
G1_D1,1023,0,438,0,0
B6_D1,2,0,496,0,0
B6_D1,860,0,422,0,-1
B2_D1,172,0,3,0,0
B10_D1,191,0,236,0,0
B6_D1,228,0,17,0,0
B6_D1,925,0,403,0,0
B10_D1,41,0,80,0,0
B6_D1,657,0,215,0,0
B10_D1,547,0,268,0,0
B6_D1,845,0,335,0,0
G1_D1,430,0,109,0,0
B10_D1,197,0,365,0,0
B6_D1,230,0,172,0,0
B10_D1,1008,0,51,0,0
B10_D1,820,0,7,0,0
B10_D1,524,0,96,0,0
B10_D1,742,0,101,0,0
B4_D1,21,0,130,0,0
G1_D1,715,0,101,0,0
G1_D1,652,0,243,0,0
B6_D1,131,0,459,0,0
B4_D1,635,0,80,0,0
G1_D1,570,0,279,0,0
B2_D1,131,0,444,0,0
G1_D1,304,0,388,0,0
B10_D1,637,0,239,0,0
G1_D1,295,0,33,0,0
B10_D1,609,0,320,0,0
G1_D1,226,0,5,0,0
B6_D1,807,0,115,0,0
B6_D1,158,0,425,0,0
B4_D1,738,0,68,0,0
G1_D1,944,0,257,0,0
B6_D1,212,0,458,0,0
B6_D1,1000,0,52,0,0
G1_D1,189,0,57,0,0
G1_D1,19,0,285,0,0
B6_D1,792,0,115,0,0
G1_D1,8,0,174,0,0
B4_D1,815,0,56,0,0
B10_D1,5,0,390,0,0
B10_D1,625,0,243,0,0
B6_D1,275,0,182,0,0
B6_D1,532,0,46,0,0
G1_D1,813,0,456,0,0
B6_D1,614,0,329,0,0
B10_D1,224,0,359,0,0
B10_D1,220,0,9,0,0
B4_D1,494,0,284,0,0
G1_D1,16,0,55,0,0
G1_D1,815,0,163,0,0
B6_D1,828,0,7,0,0
B4_D1,708,0,195,0,0
B6_D1,151,0,124,0,0
G1_D1,837,0,232,0,0
B6_D1,719,0,374,0,0
G1_D1,395,0,37,0,0
B10_D1,106,0,307,0,0
B10_D1,317,0,434,0,0
G1_D1,868,0,18,0,0
G1_D1,363,0,121,0,0
B4_D1,190,0,413,0,0
G1_D1,343,0,188,0,0
B6_D1,920,0,402,0,0
B6_D1,228,0,37,0,0
G1_D1,364,0,288,0,0
B4_D1,2,0,448,0,0
B8_D1,1023,0,413,0,0
B4_D1,269,0,238,0,0
B10_D1,492,0,130,0,0
B6_D1,777,0,72,0,0
B6_D1,901,0,98,0,0
B10_D1,349,0,272,0,0
B2_D1,280,0,42,0,0
G1_D1,947,0,387,0,0
B6_D1,706,0,286,0,0
G1_D1,514,0,13,0,0
G1_D1,138,0,266,0,0
B6_D1,850,0,511,0,0
B2_D1,293,0,124,0,0
B10_D1,146,0,259,0,0
B10_D1,933,0,48,0,0
B6_D1,450,0,281,0,0
B4_D1,78,0,3,0,0
B10_D1,472,0,74,0,0
B10_D1,800,0,7,0,0
B4_D1,270,0,252,0,0
G1_D1,41,0,185,0,0
B6_D1,880,0,153,0,0
B10_D1,775,0,50,0,0
B6_D1,306,0,115,0,0
B6_D1,540,0,279,0,0
B2_D1,266,0,60,0,0
B2_D1,672,0,502,0,0
G1_D1,690,0,9,0,0
B10_D1,677,0,465,0,0
B4_D1,172,0,140,0,0
B6_D1,110,0,310,0,0
B2_D1,477,0,127,0,0
B10_D1,595,0,210,0,0
B6_D1,228,0,48,0,0
B6_D1,464,0,16,0,0
B2_D1,264,0,489,0,0
B10_D1,5,0,208,0,0
G1_D1,581,0,199,0,0
B2_D1,279,0,157,0,0
B10_D1,9,0,67,0,0
B6_D1,434,0,503,0,0
B6_D1,422,0,506,0,0
G1_D1,143,0,221,0,0
B6_D1,416,0,3,0,0
B6_D1,682,0,482,0,0
B6_D1,425,0,407,0,0
B10_D1,529,0,413,0,0
B6_D1,782,0,488,0,0
B10_D1,596,0,17,0,0
G1_D1,544,0,275,0,0
B6_D1,522,0,485,0,0
G1_D1,49,0,255,0,0
G1_D1,6,0,255,0,0
B2_D1,631,0,147,0,0
B6_D1,958,0,298,0,0
B2_D1,187,0,59,0,0
B10_D1,21,0,152,0,0
B8_D1,747,0,313,0,0
B10_D1,645,0,207,0,0
G1_D1,60,0,397,0,0
G1_D1,454,0,115,0,0
B10_D1,85,0,170,0,0
B6_D1,929,0,436,0,0
B6_D1,567,0,479,0,0
B6_D1,324,0,18,0,0
G1_D1,912,0,310,0,0
B6_D1,270,0,372,0,0
B2_D1,290,0,511,0,0
B6_D1,780,0,5,0,0
B10_D1,841,0,486,0,0
B6_D1,868,0,8,0,0
B6_D1,275,0,371,0,0
B6_D1,148,0,36,0,0
G1_D1,851,0,208,0,0
B10_D1,745,0,13,0,0
B10_D1,772,0,325,0,0
B6_D1,34,0,502,0,0
B10_D1,747,0,0,0,0
B10_D1,282,0,27,0,0
B2_D1,481,0,157,0,0
B10_D1,418,0,137,0,0
B10_D1,476,0,492,0,0
B2_D1,338,0,136,0,0
B6_D1,458,0,319,0,0
B10_D1,259,0,422,0,0
B6_D1,120,0,43,0,0
B4_D1,1019,0,126,0,0
B10_D1,719,0,315,0,0
B10_D1,61,0,142,0,0
B10_D1,456,0,82,0,0
B6_D1,662,0,510,0,0
B6_D1,378,0,478,0,0
B2_D1,501,0,489,0,0
B6_D1,576,0,464,0,0
G1_D1,395,0,17,0,0
B10_D1,267,0,239,0,0
G1_D1,752,0,158,0,0
G1_D1,50,0,168,0,0
G1_D1,981,0,56,0,0
B8_D1,73,0,328,0,0
B8_D1,464,0,241,0,0
B10_D1,508,0,492,0,0
B10_D1,587,0,480,0,0
B6_D1,832,0,39,0,0
B10_D1,28,0,265,0,0
B2_D1,749,0,42,0,0
G1_D1,489,0,156,0,0
G1_D1,755,0,16,0,0
B10_D1,997,0,45,0,0
B6_D1,364,0,43,0,0
G1_D1,690,0,455,0,0
G1_D1,819,0,16,0,0
B4_D1,43,0,10,0,0
G1_D1,806,0,71,0,0
G1_D1,360,0,42,0,0
B6_D1,261,0,156,0,0
B10_D1,726,0,340,0,0
B10_D1,755,0,87,0,0
B10_D1,695,0,3,0,0
B4_D1,303,0,220,0,0
B2_D1,17,0,510,0,0
B6_D1,244,0,37,0,0
B4_D1,615,0,145,0,0
B10_D1,496,0,337,0,0
B6_D1,540,0,425,0,0
G1_D1,207,0,2,0,0
B10_D1,47,0,510,0,0
B6_D1,723,0,262,0,0
G1_D1,172,0,282,0,0
B10_D1,820,0,358,0,0
B6_D1,806,0,498,0,0
G1_D1,850,0,233,0,0
B10_D1,274,0,89,0,0
B10_D1,100,0,130,0,0
B6_D1,239,0,161,0,0
B10_D1,785,0,307,0,0
B10_D1,389,0,7,0,0
G1_D1,793,0,320,0,0
B6_D1,966,0,508,0,0
B2_D1,414,0,112,0,0
B10_D1,30,0,53,0,0
G1_D1,997,0,338,0,0
B4_D1,931,0,117,0,0
B10_D1,718,0,125,0,0
B6_D1,160,0,43,0,0
B10_D1,122,0,121,0,0
B2_D1,620,0,446,0,0
B10_D1,323,0,42,0,0
B10_D1,18,0,389,0,0
G1_D1,314,0,23,0,0
B6_D1,382,0,68,0,0
G1_D1,479,0,127,0,0
B4_D1,477,0,16,0,0
B6_D1,888,0,26,0,0
B2_D1,713,0,39,0,0
G1_D1,583,0,6,0,0
B6_D1,162,0,277,0,0
B10_D1,280,0,269,0,0
B10_D1,970,0,109,0,0
B4_D1,597,0,212,0,0
G1_D1,612,0,188,0,0
B6_D1,863,0,202,0,0
B6_D1,134,0,501,0,0
B10_D1,353,0,511,0,0
B10_D1,186,0,508,0,0
B10_D1,96,0,480,0,0
B6_D1,399,0,242,0,0
B10_D1,833,0,423,0,0
B8_D1,973,0,303,0,0
B6_D1,60,0,174,0,0
B6_D1,484,0,22,0,0
G1_D1,626,0,19,0,0
B6_D1,734,0,286,0,0
B10_D1,766,0,168,0,0
B4_D1,512,0,283,0,0
B10_D1,888,0,397,0,0
B2_D1,889,0,459,0,0
B10_D1,917,0,385,0,0
B6_D1,826,0,392,0,0
B10_D1,750,0,81,0,0
B2_D1,0,0,124,0,0
B6_D1,696,0,345,0,0
B6_D1,24,0,420,0,0
B2_D1,713,0,55,0,0
B6_D1,523,0,160,0,0
G1_D1,1004,0,42,0,0
B6_D1,731,0,95,0,0
B10_D1,864,0,369,0,0
G1_D1,708,0,434,0,0
B2_D1,827,0,9,0,0
B6_D1,763,0,351,0,0
B10_D1,403,0,252,0,0
G1_D1,89,0,99,0,0
B6_D1,8,0,32,0,0
B10_D1,213,0,142,0,0
B4_D1,808,0,70,0,0
B6_D1,782,0,128,0,0
B6_D1,955,0,424,0,0
B6_D1,976,0,354,0,0
B10_D1,457,0,239,0,0
G1_D1,534,0,108,0,0
B10_D1,428,0,5,0,0
B10_D1,113,0,225,0,0
G1_D1,11,0,241,0,0
G1_D1,830,0,390,0,0
G1_D1,722,0,510,0,0
B6_D1,942,0,86,0,0
B10_D1,470,0,65,0,0
B10_D1,382,0,129,0,0
B10_D1,301,0,279,0,0
B6_D1,31,0,208,0,0
B2_D1,211,0,135,0,0
B10_D1,412,0,62,0,0
B6_D1,413,0,224,0,0
G1_D1,888,0,108,0,0
B6_D1,161,0,274,0,0
B6_D1,770,0,491,0,0
G1_D1,138,0,213,0,0
G1_D1,611,0,192,0,0
B10_D1,521,0,79,0,0
B10_D1,439,0,8,0,0
B6_D1,316,0,234,0,0
B6_D1,303,0,61,0,0
G1_D1,380,0,236,0,0
B10_D1,662,0,386,0,0
B10_D1,473,0,125,0,0
B10_D1,901,0,13,0,0
B10_D1,229,0,165,0,0
B10_D1,21,0,24,0,0
B6_D1,108,0,29,0,0
B6_D1,856,0,6,0,0
B6_D1,828,0,264,0,0
B4_D1,903,0,14,0,0
B6_D1,881,0,164,0,0
B10_D1,542,0,19,0,0
B10_D1,780,0,95,0,0
B10_D1,423,0,407,0,0
B6_D1,312,0,44,0,0
B10_D1,401,0,511,0,0
B6_D1,541,0,280,0,0
B6_D1,455,0,389,0,0
B4_D1,840,0,80,0,0
B2_D1,475,0,496,0,0
B6_D1,462,0,490,0,0
B2_D1,122,0,208,0,0
B10_D1,883,0,357,0,0
G1_D1,247,0,492,0,0
G1_D1,427,0,6,0,0
B6_D1,369,0,439,0,0
G1_D1,284,0,34,0,0
G1_D1,874,0,464,0,0
B10_D1,823,0,492,0,0
B10_D1,929,0,289,0,0
B10_D1,662,0,445,0,0
B6_D1,14,0,341,0,0
G1_D1,209,0,75,0,0
B6_D1,108,0,24,0,0
B10_D1,697,0,327,0,0
B10_D1,245,0,124,0,0
G1_D1,982,0,43,0,0
B10_D1,427,0,76,0,0
B10_D1,8,0,64,0,0
B10_D1,971,0,3,0,0
B10_D1,186,0,65,0,0
B6_D1,282,0,246,0,0
B10_D1,668,0,252,0,0
B4_D1,188,0,271,0,0
G1_D1,986,0,134,0,0
B10_D1,335,0,210,0,0
B4_D1,3,0,234,0,0
B10_D1,11,0,60,0,0
B10_D1,237,0,213,0,0
B10_D1,737,0,353,0,0
B8_D1,538,0,292,0,0
B2_D1,388,0,510,0,0
G1_D1,145,0,510,0,0
B6_D1,289,0,188,0,0
B6_D1,468,0,13,0,0
B6_D1,700,0,202,0,0
B6_D1,656,0,13,0,0
G1_D1,175,0,504,0,0
G1_D1,781,0,275,0,0
B6_D1,619,0,283,0,0
G1_D1,942,0,9,0,0
B2_D1,795,0,248,0,0
G1_D1,1004,0,284,0,0
B10_D1,499,0,305,0,0
B2_D1,363,0,488,0,0
B10_D1,420,0,366,0,0
G1_D1,738,0,511,0,0
B10_D1,515,0,281,0,0
B10_D1,423,0,107,0,0
B6_D1,978,0,483,0,0
B6_D1,167,0,61,0,0
G1_D1,172,0,506,0,0
B10_D1,107,0,81,0,0
G1_D1,915,0,10,0,0
B4_D1,592,0,224,0,0
B6_D1,962,0,492,0,0
B10_D1,821,0,41,0,0
B10_D1,287,0,0,0,0
B2_D1,372,0,48,0,0
B6_D1,168,0,240,0,0
B4_D1,925,0,109,0,0
B8_D1,699,0,248,0,0
G1_D1,237,0,234,0,0
B10_D1,232,0,4,0,0
B10_D1,313,0,200,0,0
B6_D1,309,0,204,0,0
B6_D1,128,0,253,0,0
B10_D1,754,0,445,0,0
B6_D1,362,0,500,0,0
B10_D1,425,0,163,0,0
B2_D1,310,0,122,0,0
B10_D1,862,0,205,0,0
B10_D1,230,0,199,0,0
B10_D1,416,0,167,0,0
B6_D1,882,0,268,0,0
B6_D1,616,0,166,0,0
B6_D1,966,0,421,0,0
G1_D1,124,0,119,0,0
B6_D1,336,0,177,0,0
B6_D1,184,0,12,0,0
B6_D1,586,0,495,0,0
B10_D1,256,0,40,0,0
G1_D1,33,0,59,0,0
G1_D1,24,0,11,0,0
B10_D1,421,0,17,0,0
G1_D1,799,0,6,0,0
B10_D1,39,0,204,0,0
B6_D1,776,0,46,0,0
B6_D1,876,0,28,0,0
B6_D1,47,0,287,0,0
G1_D1,161,0,274,0,0
B4_D1,596,0,191,0,0
B10_D1,343,0,144,0,0
G1_D1,583,0,172,0,0
B10_D1,247,0,203,0,0
B10_D1,938,0,288,0,0
B10_D1,776,0,52,0,0
B10_D1,1008,0,474,0,0
B6_D1,425,0,360,0,0
B6_D1,790,0,163,0,0
B4_D1,751,0,70,0,0
B6_D1,678,0,488,0,0
G1_D1,665,0,474,0,0
B4_D1,925,0,101,0,0
B4_D1,290,0,45,0,0
B10_D1,590,0,196,0,0
G1_D1,785,0,73,0,0
B10_D1,483,0,238,0,0
B6_D1,712,0,41,0,0
G1_D1,804,0,495,0,0
B6_D1,400,0,266,0,0
B6_D1,12,0,17,0,0
B8_D1,115,0,88,0,0
B10_D1,831,0,62,0,0
G1_D1,728,0,3,0,0
B10_D1,876,0,89,0,0
G1_D1,984,0,154,0,0
B6_D1,336,0,357,0,0
B2_D1,259,0,296,0,0
B4_D1,302,0,18,0,0
B4_D1,198,0,205,0,0
B10_D1,462,0,265,0,0
B10_D1,192,0,344,0,0
B10_D1,715,0,10,0,0
B2_D1,379,0,229,0,0
B10_D1,808,0,328,0,0
B6_D1,592,0,9,0,0
B4_D1,148,0,5,0,0
B10_D1,574,0,508,0,0
B6_D1,411,0,118,0,0
B6_D1,410,0,493,0,0
B10_D1,17,0,179,0,0
B6_D1,423,0,286,0,0
B10_D1,658,0,447,0,0
B6_D1,957,0,139,0,0
B10_D1,551,0,282,0,0
B10_D1,434,0,146,0,0
G1_D1,526,0,22,0,0
B8_D1,113,0,216,0,0
B6_D1,758,0,255,0,0
B10_D1,473,0,480,0,0
B6_D1,662,0,163,0,0
B6_D1,22,0,504,0,0
B6_D1,317,0,135,0,0
B10_D1,485,0,123,0,0
G1_D1,37,0,144,0,0
B6_D1,496,0,20,0,0
B10_D1,867,0,259,0,0
B10_D1,172,0,248,0,0
G1_D1,909,0,94,0,0
B4_D1,830,0,39,0,0
G1_D1,226,0,368,0,0
B6_D1,1020,0,211,0,0
B10_D1,682,0,61,0,0
B2_D1,576,0,98,0,0
B2_D1,294,0,200,0,0
B2_D1,517,0,365,0,0
B10_D1,203,0,510,0,0
G1_D1,791,0,27,0,0
B6_D1,60,0,22,0,0
B6_D1,216,0,9,0,0
B10_D1,660,0,245,0,0
B8_D1,421,0,281,0,0
B6_D1,818,0,455,0,0
B6_D1,586,0,501,0,0
B10_D1,535,0,18,0,0
G1_D1,32,0,27,0,0
B10_D1,195,0,0,0,0
B10_D1,204,0,179,0,0
B4_D1,350,0,360,0,0
B6_D1,267,0,184,0,0
G1_D1,435,0,6,0,0
B10_D1,755,0,270,0,0
B4_D1,613,0,298,0,0
B4_D1,410,0,192,0,0
B6_D1,504,0,44,0,0
B6_D1,509,0,172,0,0
B6_D1,575,0,295,0,0
B10_D1,609,0,29,0,0
B6_D1,304,0,213,0,0
B4_D1,843,0,29,0,0
B6_D1,441,0,431,0,0
B4_D1,523,0,69,0,0
G1_D1,1014,0,36,0,0
B6_D1,986,0,485,0,0
B6_D1,220,0,66,0,0
B6_D1,596,0,281,0,0
B2_D1,682,0,16,0,0
B10_D1,493,0,29,0,0
B10_D1,8,0,297,0,0
G1_D1,1001,0,165,0,0
B10_D1,646,0,32,0,0
B10_D1,99,0,79,0,0
G1_D1,913,0,237,0,0
B10_D1,740,0,422,0,0
B6_D1,43,0,162,0,0
B10_D1,716,0,460,0,0
B6_D1,548,0,372,0,0
B6_D1,518,0,505,0,0
B10_D1,289,0,272,0,0
B10_D1,229,0,68,0,0
B10_D1,944,0,78,0,0
G1_D1,849,0,21,0,0
G1_D1,35,0,33,0,0
B10_D1,9,0,198,0,0
B6_D1,555,0,164,0,0
B8_D1,690,0,184,0,0
B10_D1,8,0,506,0,0
B6_D1,422,0,117,0,0
B10_D1,657,0,489,0,0
B4_D1,28,0,56,0,0
G1_D1,679,0,6,0,0
B6_D1,844,0,19,0,0
B6_D1,826,0,77,0,0
B10_D1,887,0,252,0,0
B6_D1,992,0,4,0,0
B10_D1,233,0,11,0,0
B10_D1,988,0,61,0,0
B10_D1,99,0,306,0,0
B8_D1,1021,0,260,0,0
B6_D1,340,0,357,0,0
B10_D1,419,0,285,0,0
G1_D1,956,0,239,0,0
G1_D1,545,0,252,0,0
B10_D1,299,0,2,0,0
B6_D1,904,0,38,0,0
B2_D1,476,0,288,0,0
B2_D1,325,0,389,0,0
B10_D1,115,0,156,0,0
B10_D1,666,0,384,0,0
B6_D1,566,0,482,0,0
B4_D1,551,0,74,0,0
B10_D1,847,0,194,0,0
B10_D1,658,0,82,0,0
G1_D1,893,0,489,0,0
B10_D1,567,0,16,0,0
B10_D1,48,0,4,0,0
B10_D1,211,0,73,0,0
B6_D1,518,0,354,0,0
B6_D1,144,0,5,0,0
G1_D1,444,0,3,0,0
B10_D1,180,0,193,0,0
B6_D1,744,0,16,0,0
G1_D1,832,0,256,0,0
B4_D1,1,0,110,0,0
G1_D1,1005,0,237,0,0
B4_D1,672,0,57,0,0
B10_D1,60,0,270,0,0
B2_D1,479,0,497,0,0
B4_D1,437,0,416,0,0
B4_D1,238,0,53,0,0
B8_D1,211,0,55,0,0
B6_D1,412,0,28,0,0
B2_D1,585,0,115,0,0
B6_D1,868,0,152,0,0
B6_D1,37,0,86,0,0
B6_D1,935,0,392,0,0
B10_D1,244,0,67,0,0
B10_D1,232,0,91,0,0
G1_D1,763,0,231,0,0
G1_D1,397,0,296,0,0
B6_D1,828,0,54,0,0
B10_D1,54,0,134,0,0
G1_D1,611,0,14,0,0
G1_D1,40,0,201,0,0
G1_D1,115,0,275,0,0
G1_D1,12,0,509,0,0
B6_D1,607,0,181,0,0
B10_D1,193,0,78,0,0
G1_D1,901,0,29,0,0
B10_D1,989,0,2,0,0
B6_D1,194,0,497,0,0
G1_D1,910,0,13,0,0
B10_D1,421,0,461,0,0
B6_D1,109,0,94,0,0
B10_D1,984,0,23,0,0
B10_D1,748,0,325,0,0
B6_D1,530,0,186,0,0
G1_D1,909,0,295,0,0
B2_D1,573,0,478,0,0
B10_D1,349,0,83,0,0
B10_D1,406,0,147,0,0
B10_D1,230,0,47,0,0
G1_D1,38,0,168,0,0
B6_D1,10,0,492,0,0
G1_D1,899,0,392,0,0
B2_D1,749,0,3,0,0
G1_D1,376,0,55,0,0
G1_D1,519,0,2,0,0
B4_D1,218,0,134,0,0
B6_D1,412,0,51,0,0
G1_D1,950,0,385,0,0
B10_D1,468,0,506,0,0
G1_D1,134,0,113,0,0
G1_D1,430,0,262,0,0
B6_D1,798,0,332,0,0
B6_D1,606,0,488,0,0
B4_D1,281,0,240,0,0
B4_D1,790,0,261,0,0
B10_D1,492,0,412,0,0
B6_D1,961,0,253,0,0
B6_D1,122,0,134,0,0
B10_D1,667,0,448,0,0
G1_D1,324,0,24,0,0
B10_D1,740,0,39,0,0
B10_D1,53,0,135,0,0
G1_D1,652,0,102,0,0
B6_D1,170,0,492,0,0
B6_D1,446,0,500,0,0
B6_D1,362,0,502,0,0
G1_D1,115,0,271,0,0
B6_D1,980,0,2,0,0
G1_D1,37,0,171,0,0
B6_D1,558,0,233,0,0
B6_D1,852,0,32,0,0
B6_D1,76,0,141,0,0
B2_D1,144,0,86,0,0
B10_D1,422,0,135,0,0
B6_D1,706,0,443,0,0
B6_D1,24,0,44,0,0
B6_D1,512,0,42,0,0
B6_D1,129,0,166,0,0
B6_D1,306,0,376,0,0
B10_D1,637,0,84,0,0
B10_D1,789,0,245,0,0
B6_D1,488,0,292,0,0
G1_D1,978,0,98,0,0
B10_D1,532,0,138,0,0
B6_D1,836,0,53,0,0
B10_D1,424,0,5,0,0
G1_D1,627,0,14,0,0
B6_D1,198,0,433,0,0
B4_D1,626,0,162,0,0
B2_D1,973,0,67,0,0
B8_D1,676,0,182,0,0
B6_D1,525,0,324,0,0
B10_D1,617,0,221,0,0
B6_D1,906,0,501,0,0
G1_D1,121,0,457,0,0
B10_D1,421,0,283,0,0
B10_D1,206,0,42,0,0
B6_D1,814,0,488,0,0
B6_D1,340,0,325,0,0
B10_D1,716,0,472,0,0
B4_D1,516,0,131,0,0
G1_D1,576,0,86,0,0
B6_D1,549,0,175,0,0
B6_D1,924,0,267,0,0
B6_D1,668,0,61,0,0
B6_D1,5,0,307,0,0
B10_D1,878,0,92,0,0
B10_D1,805,0,123,0,0
B10_D1,1,0,172,0,0
B10_D1,733,0,160,0,0
B6_D1,508,0,2,0,0
B6_D1,306,0,503,0,0
B2_D1,662,0,473,0,0
B4_D1,492,0,246,0,0
B10_D1,991,0,499,0,0
B6_D1,145,0,414,0,0
G1_D1,999,0,408,0,0
B10_D1,806,0,326,0,0
B10_D1,988,0,50,0,0
B4_D1,188,0,26,0,0
G1_D1,16,0,402,0,0
B6_D1,867,0,140,0,0
B10_D1,696,0,442,0,0
B6_D1,432,0,8,0,0
B10_D1,653,0,260,0,0
B8_D1,401,0,283,0,0
B6_D1,8,0,11,0,0
G1_D1,1009,0,17,0,0
B10_D1,401,0,248,0,0
B2_D1,303,0,390,0,0
G1_D1,330,0,32,0,0
B6_D1,364,0,333,0,0
B10_D1,763,0,247,0,0
G1_D1,316,0,205,0,0
B6_D1,162,0,484,0,0
B2_D1,374,0,17,0,0
G1_D1,24,0,161,0,0
B6_D1,954,0,232,0,0
B10_D1,206,0,248,0,0
B4_D1,770,0,277,0,0
B10_D1,665,0,62,0,0
B6_D1,188,0,13,0,0
B10_D1,992,0,51,0,0
B4_D1,649,0,289,0,0
B10_D1,489,0,300,0,0
B10_D1,215,0,120,0,0
B6_D1,5,0,290,0,0
B10_D1,116,0,187,0,0
B6_D1,8,0,95,0,0
B10_D1,295,0,255,0,0
G1_D1,101,0,423,0,0
G1_D1,708,0,50,0,0
B6_D1,218,0,365,0,0
B6_D1,296,0,24,0,0
B6_D1,224,0,36,0,0
G1_D1,365,0,456,0,0
G1_D1,959,0,75,0,0
G1_D1,189,0,174,0,0
B6_D1,716,0,379,0,0
B4_D1,71,0,16,0,0
B6_D1,280,0,18,0,0
B10_D1,912,0,258,0,0
G1_D1,859,0,234,0,0
B6_D1,460,0,19,0,0
B6_D1,884,0,311,0,0
B6_D1,408,0,269,0,0
G1_D1,776,0,77,0,0
B10_D1,868,0,219,0,0
B10_D1,610,0,182,0,0
G1_D1,727,0,472,0,0
G1_D1,803,0,118,0,0
G1_D1,656,0,44,0,0
G1_D1,19,0,336,0,0
G1_D1,326,0,230,0,0
B10_D1,705,0,105,0,0
B4_D1,981,0,157,0,0
B10_D1,176,0,109,0,0
B10_D1,587,0,2,0,0
B6_D1,305,0,212,0,0
B2_D1,244,0,65,0,0
G1_D1,402,0,278,0,0
B4_D1,3,0,36,0,0
B6_D1,964,0,24,0,0
B6_D1,920,0,23,0,0
B6_D1,294,0,130,0,0
B10_D1,424,0,145,0,0
B6_D1,943,0,230,0,0
B2_D1,1021,0,79,0,0
B6_D1,157,0,331,0,0
B10_D1,46,0,46,0,0
B10_D1,133,0,233,0,0
B10_D1,369,0,11,0,0
B6_D1,342,0,294,0,0
B6_D1,434,0,276,0,0
G1_D1,667,0,195,0,0
B10_D1,598,0,199,0,0
B4_D1,845,0,65,0,0
B10_D1,320,0,312,0,0
B6_D1,416,0,49,0,0
B6_D1,304,0,133,0,0
B4_D1,554,0,17,0,0
B6_D1,820,0,159,0,0
B4_D1,123,0,172,0,0
G1_D1,1011,0,29,0,0
B6_D1,710,0,423,0,0
B6_D1,629,0,343,0,0
B6_D1,285,0,56,0,0
B10_D1,227,0,12,0,0
B8_D1,140,0,123,0,0
B10_D1,1019,0,132,0,0
B6_D1,482,0,485,0,0
B6_D1,812,0,375,0,0
G1_D1,29,0,62,0,0
B8_D1,795,0,310,0,0
B10_D1,435,0,274,0,0
B10_D1,30,0,153,0,0
B4_D1,830,0,239,0,0
B6_D1,402,0,163,0,0
B10_D1,468,0,208,0,0
B6_D1,92,0,295,0,0
G1_D1,1013,0,73,0,0
B6_D1,4,0,319,0,0
B10_D1,424,0,132,0,0
B10_D1,380,0,118,0,0
G1_D1,1018,0,311,0,0
B10_D1,600,0,354,0,0
B6_D1,949,0,295,0,0
B6_D1,45,0,159,0,0
G1_D1,468,0,7,0,0
B10_D1,420,0,164,0,0
B6_D1,886,0,316,0,0
B6_D1,824,0,331,0,0
B6_D1,782,0,118,0,0
B6_D1,390,0,476,0,0
B10_D1,285,0,511,0,0
B6_D1,437,0,110,0,0
B6_D1,864,0,20,0,0
B10_D1,319,0,308,0,0
B6_D1,788,0,45,0,0
B6_D1,152,0,193,0,0
B2_D1,3,0,303,0,0
G1_D1,49,0,70,0,0
B6_D1,874,0,491,0,0
B6_D1,796,0,65,0,0
B10_D1,556,0,481,0,0
B10_D1,186,0,261,0,0
B10_D1,733,0,400,0,0
B2_D1,768,0,235,0,0
B10_D1,634,0,293,0,0
B10_D1,863,0,228,0,0
B10_D1,436,0,126,0,0
B6_D1,332,0,25,0,0
B6_D1,300,0,34,0,0
B6_D1,157,0,193,0,0
B8_D1,625,0,236,0,0
B10_D1,264,0,40,0,0
B6_D1,804,0,21,0,0
B6_D1,850,0,327,0,0
G1_D1,706,0,167,0,0
G1_D1,90,0,313,0,0
B4_D1,525,0,375,0,0
B6_D1,920,0,4,0,0
G1_D1,337,0,19,0,0
B2_D1,92,0,86,0,0
B6_D1,344,0,14,0,0
G1_D1,112,0,499,0,0
B10_D1,333,0,44,0,0
G1_D1,697,0,279,0,0
G1_D1,162,0,333,0,0
B6_D1,872,0,101,0,0
B10_D1,123,0,342,0,0
B6_D1,759,0,213,0,0
B2_D1,537,0,509,0,0
B10_D1,693,0,262,0,0
B10_D1,889,0,350,0,0
G1_D1,757,0,4,0,0
B8_D1,692,0,310,0,0
B6_D1,30,0,407,0,0
B10_D1,783,0,0,0,0
B10_D1,193,0,204,0,0
B4_D1,1023,0,324,0,0
B10_D1,135,0,353,0,0
B10_D1,952,0,251,0,0
B10_D1,497,0,300,0,0
B10_D1,867,0,329,0,0
B10_D1,909,0,385,0,0
B10_D1,725,0,287,0,0
G1_D1,835,0,16,0,0
B2_D1,659,0,287,0,0
B6_D1,38,0,49,0,0
B6_D1,983,0,50,0,0
B6_D1,60,0,43,0,0
B10_D1,876,0,462,0,0
B10_D1,867,0,235,0,0
B4_D1,930,0,249,0,0
B6_D1,1008,0,2,0,0
B6_D1,657,0,62,0,0
B6_D1,534,0,353,0,0
B6_D1,831,0,232,0,0
B10_D1,12,0,193,0,0
B10_D1,238,0,39,0,0
G1_D1,920,0,120,0,0
B10_D1,55,0,10,0,0
B10_D1,231,0,505,0,0
G1_D1,345,0,104,0,0
B6_D1,786,0,494,0,0
B6_D1,1011,0,50,0,0
G1_D1,900,0,326,0,0
B4_D1,869,0,121,0,0
B6_D1,374,0,141,0,0
B6_D1,447,0,331,0,0
B6_D1,720,0,382,0,0
B6_D1,560,0,17,0,0
B4_D1,520,0,283,0,0
B6_D1,1017,0,77,0,0
B6_D1,1004,0,4,0,0
B6_D1,227,0,334,0,0
B6_D1,902,0,66,0,0
B8_D1,505,0,204,0,0
B10_D1,6,0,52,0,0
G1_D1,163,0,504,0,0
B2_D1,318,0,201,0,0
G1_D1,265,0,318,0,0
B10_D1,873,0,84,0,0
G1_D1,35,0,475,0,0
B10_D1,395,0,152,0,0
G1_D1,487,0,66,0,0
B6_D1,496,0,29,0,0
B6_D1,394,0,501,0,0
B4_D1,28,0,263,0,0
B10_D1,331,0,270,0,0
B6_D1,972,0,8,0,0
B6_D1,662,0,507,0,0
B10_D1,434,0,162,0,0
B4_D1,731,0,110,0,0
B10_D1,632,0,18,0,0
B10_D1,366,0,101,0,0
B6_D1,512,0,385,0,0
B6_D1,256,0,102,0,0
B10_D1,77,0,142,0,0
B10_D1,182,0,421,0,0
B6_D1,56,0,305,0,0
B6_D1,592,0,345,0,0
G1_D1,36,0,223,0,0
G1_D1,40,0,55,0,0
B6_D1,439,0,191,0,0
B10_D1,851,0,355,0,0
B4_D1,819,0,257,0,0
B10_D1,13,0,194,0,0
B6_D1,600,0,9,0,0
B4_D1,184,0,419,0,0
B10_D1,52,0,455,0,0
B6_D1,881,0,189,0,0
G1_D1,1001,0,71,0,0
G1_D1,561,0,67,0,0
G1_D1,998,0,511,0,0
B6_D1,425,0,391,0,0
B2_D1,216,0,73,0,0
B10_D1,354,0,172,0,0
B6_D1,360,0,12,0,0
B6_D1,778,0,249,0,0
B10_D1,363,0,234,0,0
B10_D1,439,0,270,0,0
B6_D1,580,0,42,0,0
B6_D1,1,0,357,0,0
B10_D1,297,0,176,0,0
B6_D1,826,0,498,0,0
B6_D1,794,0,252,0,0
B10_D1,804,0,215,0,0
G1_D1,73,0,265,0,0
G1_D1,206,0,9,0,0
G1_D1,1019,0,424,0,0
B6_D1,140,0,424,0,0
B2_D1,669,0,480,0,0
B6_D1,858,0,497,0,0
B8_D1,23,0,322,0,0
B10_D1,345,0,112,0,0
B6_D1,741,0,316,0,0
B10_D1,232,0,5,0,0
B2_D1,628,0,24,0,0
B10_D1,95,0,300,0,0
G1_D1,220,0,70,0,0
G1_D1,523,0,95,0,0
B6_D1,348,0,83,0,0
B10_D1,392,0,12,0,0
B6_D1,894,0,486,0,0
B6_D1,740,0,7,0,0
B6_D1,318,0,493,0,0
B10_D1,37,0,97,0,0
G1_D1,1021,0,106,0,0
B10_D1,1005,0,246,0,0
B6_D1,818,0,150,0,0
B6_D1,779,0,399,0,0
B10_D1,641,0,312,0,0
G1_D1,391,0,229,0,0
B10_D1,4,0,297,0,0
B6_D1,952,0,197,0,0
B10_D1,982,0,35,0,0
B10_D1,623,0,501,0,0
B2_D1,65,0,25,0,0
B6_D1,819,0,361,0,0
B10_D1,267,0,61,0,0
B10_D1,769,0,42,0,0
B6_D1,1000,0,28,0,0
G1_D1,261,0,409,0,0
B10_D1,169,0,170,0,0
B4_D1,7,0,175,0,0
B6_D1,132,0,34,0,0
B6_D1,980,0,183,0,0
G1_D1,991,0,64,0,0
B6_D1,308,0,238,0,0
B4_D1,1022,0,78,0,0
B6_D1,980,0,187,0,0
G1_D1,23,0,111,0,0
B6_D1,301,0,221,0,0
B6_D1,204,0,31,0,0
B2_D1,743,0,191,0,0
B2_D1,818,0,4,0,0
B6_D1,6,0,435,0,0
B6_D1,892,0,195,0,0
B6_D1,811,0,295,0,0
B2_D1,276,0,502,0,0
G1_D1,665,0,257,0,0
B10_D1,173,0,28,0,0
B6_D1,55,0,278,0,0
B4_D1,0,0,173,0,0
G1_D1,996,0,20,0,0
G1_D1,544,0,36,0,0
B10_D1,791,0,453,0,0
B6_D1,135,0,215,0,0
B10_D1,12,0,266,0,0
B6_D1,852,0,46,0,0
B10_D1,506,0,73,0,0
G1_D1,836,0,1,0,0
B6_D1,196,0,27,0,0
B6_D1,928,0,131,0,0
B10_D1,583,0,286,0,0
G1_D1,436,0,367,0,0
G1_D1,612,0,11,0,0
G1_D1,687,0,286,0,0
G1_D1,635,0,2,0,0
B6_D1,1018,0,485,0,0
G1_D1,319,0,37,0,0
B6_D1,263,0,333,0,0
G1_D1,44,0,48,0,0
B6_D1,754,0,73,0,0
B10_D1,867,0,129,0,0
G1_D1,629,0,114,0,0
B6_D1,556,0,341,0,0
B10_D1,959,0,64,0,0
B6_D1,204,0,175,0,0
G1_D1,305,0,21,0,0
B10_D1,55,0,510,0,0
G1_D1,412,0,89,0,0
B4_D1,699,0,114,0,0
B10_D1,271,0,126,0,0
B6_D1,431,0,349,0,0
B10_D1,6,0,145,0,0
G1_D1,135,0,61,0,0
B10_D1,371,0,280,0,0
B2_D1,407,0,484,0,0
G1_D1,736,0,34,0,0
B6_D1,691,0,229,0,0
B10_D1,783,0,247,0,0
B10_D1,253,0,143,0,0
G1_D1,378,0,39,0,0
B10_D1,234,0,457,0,0
G1_D1,503,0,133,0,0
G1_D1,615,0,2,0,0
B4_D1,1017,0,49,0,0
B6_D1,317,0,78,0,0
B6_D1,636,0,27,0,0
B8_D1,787,0,229,0,0
G1_D1,1005,0,261,0,0
B6_D1,210,0,355,0,0
B10_D1,206,0,135,0,0
B10_D1,533,0,258,0,0
G1_D1,750,0,261,0,0
B10_D1,162,0,192,0,0
B10_D1,256,0,37,0,0
G1_D1,239,0,458,0,0
B6_D1,130,0,172,0,0
B10_D1,9,0,325,0,0
G1_D1,615,0,116,0,0
B10_D1,871,0,220,0,0
G1_D1,636,0,3,0,0
B6_D1,1002,0,495,0,0
B6_D1,962,0,352,0,0
G1_D1,1013,0,299,0,0
B10_D1,467,0,200,0,0
G1_D1,791,0,357,0,0
B10_D1,28,0,220,0,0
B6_D1,144,0,10,0,0
B6_D1,797,0,355,0,0
B10_D1,557,0,263,0,0
B8_D1,90,0,224,0,0
B6_D1,396,0,48,0,0
B2_D1,927,0,71,0,0
G1_D1,609,0,245,0,0
G1_D1,780,0,18,0,0
B10_D1,324,0,213,0,0
B6_D1,791,0,60,0,0
B6_D1,216,0,191,0,0
B4_D1,753,0,195,0,0
B6_D1,543,0,341,0,0
B10_D1,885,0,511,0,0
B4_D1,628,0,345,0,0
B6_D1,6,0,102,0,0
B2_D1,206,0,51,0,0
B6_D1,762,0,484,0,0
B6_D1,296,0,25,0,0
G1_D1,771,0,2,0,0
B10_D1,204,0,291,0,0
B10_D1,58,0,117,0,0
B6_D1,859,0,111,0,0
B6_D1,766,0,484,0,0
B10_D1,951,0,289,0,0
B4_D1,391,0,398,0,0
B6_D1,205,0,359,0,0
B10_D1,476,0,128,0,0
B6_D1,642,0,374,0,0
B4_D1,701,0,33,0,0
B10_D1,140,0,274,0,0
B6_D1,851,0,70,0,0
B10_D1,271,0,236,0,0
G1_D1,551,0,216,0,0
B6_D1,186,0,152,0,0
B6_D1,738,0,98,0,0
B10_D1,559,0,234,0,0
B2_D1,605,0,25,0,0
G1_D1,778,0,270,0,0
B6_D1,34,0,97,0,0
B4_D1,161,0,27,0,0
B4_D1,309,0,153,0,0
B10_D1,76,0,174,0,0
B6_D1,36,0,21,0,0
B2_D1,178,0,478,0,0
B6_D1,286,0,498,0,0
B10_D1,95,0,44,0,0
B6_D1,60,0,431,0,0
B6_D1,893,0,440,0,0
B6_D1,6,0,427,0,0
B6_D1,683,0,228,0,0
B10_D1,272,0,125,0,0
B6_D1,4,0,52,0,0
B6_D1,912,0,14,0,0
B6_D1,92,0,401,0,0
B6_D1,394,0,490,0,0
B10_D1,721,0,193,0,0
B10_D1,36,0,266,0,0
B6_D1,368,0,10,0,0
B10_D1,185,0,221,0,0
B8_D1,899,0,511,0,0
B10_D1,635,0,494,0,0
B10_D1,99,0,52,0,0
B2_D1,241,0,66,0,0
G1_D1,670,0,99,0,0
B10_D1,18,0,39,0,0
G1_D1,927,0,2,0,0
B6_D1,441,0,382,0,0
B6_D1,497,0,50,0,0
B2_D1,563,0,457,0,0
G1_D1,68,0,40,0,0
B6_D1,78,0,181,0,0
G1_D1,727,0,98,0,0
B6_D1,222,0,111,0,0
B6_D1,26,0,136,0,0
G1_D1,450,0,511,0,0
G1_D1,999,0,63,0,0
B10_D1,551,0,268,0,0
B6_D1,704,0,414,0,0
B6_D1,632,0,0,0,0
G1_D1,793,0,60,0,0
B10_D1,886,0,21,0,0
G1_D1,301,0,269,0,0
B6_D1,451,0,477,0,0
B4_D1,541,0,291,0,0
B10_D1,280,0,331,0,0
G1_D1,938,0,39,0,0
G1_D1,688,0,11,0,0
G1_D1,934,0,51,0,0
B10_D1,581,0,457,0,0
B6_D1,233,0,82,0,0
B10_D1,99,0,293,0,0
G1_D1,236,0,182,0,0
B6_D1,177,0,120,0,0
B10_D1,211,0,236,0,0
G1_D1,294,0,41,0,0
B8_D1,384,0,192,0,0
B2_D1,258,0,396,0,0
G1_D1,990,0,13,0,0
G1_D1,208,0,408,0,0
G1_D1,862,0,238,0,0
B2_D1,1017,0,407,0,0
B10_D1,531,0,62,0,0
B6_D1,983,0,407,0,0
B6_D1,97,0,94,0,0
G1_D1,424,0,482,0,0
B10_D1,429,0,329,0,0
B6_D1,933,0,225,0,0
G1_D1,912,0,7,0,0
G1_D1,1021,0,298,0,0
B6_D1,212,0,22,0,0
B10_D1,370,0,112,0,0
B10_D1,888,0,73,0,0
B10_D1,2,0,287,0,0
B4_D1,638,0,235,0,0
B6_D1,756,0,302,0,0
B10_D1,40,0,78,0,0
B4_D1,783,0,93,0,0
B10_D1,103,0,296,0,0
B2_D1,198,0,81,0,0
G1_D1,882,0,226,0,0
B6_D1,765,0,214,0,0
B6_D1,608,0,36,0,0
G1_D1,947,0,249,0,0
B6_D1,603,0,233,0,0
B10_D1,640,0,33,0,0
G1_D1,479,0,14,0,0
B10_D1,895,0,30,0,0
B10_D1,757,0,271,0,0
B6_D1,396,0,167,0,0
B6_D1,804,0,29,0,0
B10_D1,385,0,272,0,0
G1_D1,704,0,3,0,0
B6_D1,448,0,457,0,0
G1_D1,133,0,448,0,0
B6_D1,235,0,361,0,0
G1_D1,488,0,63,0,0
G1_D1,226,0,367,0,0
G1_D1,545,0,107,0,0
B6_D1,1022,0,485,0,0
B10_D1,16,0,255,0,0
B10_D1,383,0,254,0,0
B6_D1,447,0,479,0,0
G1_D1,902,0,265,0,0
B6_D1,570,0,502,0,0
B10_D1,507,0,493,0,0
B6_D1,679,0,225,0,0
B6_D1,325,0,373,0,0
G1_D1,787,0,39,0,0
B2_D1,961,0,138,0,0
B6_D1,276,0,24,0,0
B4_D1,179,0,63,0,0
B6_D1,132,0,44,0,0
B10_D1,108,0,117,0,0
B10_D1,149,0,14,0,0
B10_D1,622,0,115,0,0
G1_D1,919,0,442,0,0
B6_D1,915,0,59,0,0
B10_D1,615,0,216,0,0
G1_D1,728,0,0,0,0
G1_D1,603,0,16,0,0
B6_D1,302,0,502,0,0
B4_D1,161,0,276,0,0
B4_D1,7,0,464,0,0
B6_D1,488,0,52,0,0
B6_D1,566,0,267,0,0
B10_D1,336,0,219,0,0
B6_D1,744,0,4,0,0
B10_D1,568,0,97,0,0
B10_D1,915,0,390,0,0
B6_D1,880,0,323,0,0
G1_D1,102,0,269,0,0
B6_D1,257,0,131,0,0
B6_D1,240,0,30,0,0
B6_D1,319,0,349,0,0
B4_D1,784,0,64,0,0
B6_D1,32,0,18,0,0
B8_D1,25,0,266,0,0
B10_D1,147,0,426,0,0
G1_D1,206,0,240,0,0
B10_D1,611,0,363,0,0
B6_D1,241,0,374,0,0
B6_D1,48,0,48,0,0
B10_D1,190,0,205,0,0
G1_D1,859,0,16,0,0
B4_D1,657,0,323,0,0
G1_D1,20,0,320,0,0
B6_D1,584,0,375,0,0
G1_D1,1017,0,176,0,0
B10_D1,861,0,230,0,0
B10_D1,315,0,131,0,0
B6_D1,790,0,88,0,0
B6_D1,644,0,358,0,0
G1_D1,422,0,22,0,0
B10_D1,446,0,458,0,0
G1_D1,898,0,133,0,0
B10_D1,254,0,210,0,0
B6_D1,926,0,493,0,0
B6_D1,539,0,314,0,0
B10_D1,324,0,237,0,0
B6_D1,493,0,230,0,0
G1_D1,160,0,373,0,0
B6_D1,678,0,503,0,0
G1_D1,74,0,92,0,0
B4_D1,6,0,426,0,0
B6_D1,724,0,384,0,0
B10_D1,477,0,31,0,0
B10_D1,534,0,298,0,0
B10_D1,565,0,413,0,0
B4_D1,591,0,59,0,0
B10_D1,584,0,285,0,0
B10_D1,98,0,328,0,0
B10_D1,600,0,259,0,0
B10_D1,295,0,198,0,0
B10_D1,10,0,63,0,0
B6_D1,460,0,42,0,0
B6_D1,754,0,71,0,0
G1_D1,1011,0,186,0,0
B6_D1,398,0,502,0,0
B2_D1,808,0,362,0,0
G1_D1,504,0,144,0,0
B6_D1,399,0,297,0,0
G1_D1,638,0,17,0,0
B6_D1,984,0,303,0,0
G1_D1,685,0,115,0,0
G1_D1,957,0,235,0,0
B6_D1,511,0,53,0,0
B6_D1,148,0,41,0,0
B4_D1,818,0,37,0,0
B6_D1,504,0,226,0,0
B4_D1,116,0,283,0,0
B4_D1,600,0,366,0,0
B6_D1,534,0,428,0,0
B2_D1,638,0,511,0,0
B4_D1,7,0,395,0,0
G1_D1,20,0,100,0,0
G1_D1,779,0,484,0,0
B6_D1,78,0,129,0,0
B4_D1,185,0,138,0,0
B10_D1,551,0,476,0,0
B10_D1,797,0,277,0,0
G1_D1,711,0,10,0,0
G1_D1,171,0,216,0,0
B10_D1,91,0,183,0,0
G1_D1,294,0,182,0,0
B6_D1,129,0,267,0,0
B6_D1,827,0,307,0,0
B10_D1,786,0,250,0,0
B10_D1,713,0,452,0,0
B6_D1,188,0,40,0,0
B6_D1,452,0,13,0,0
B2_D1,1023,0,343,0,0
B6_D1,430,0,281,0,0
B6_D1,0,0,36,0,0
B10_D1,957,0,239,0,0
B10_D1,299,0,75,0,0
B6_D1,584,0,45,0,0
B10_D1,396,0,64,0,0
B6_D1,801,0,423,0,0
B4_D1,5,0,348,0,0
B6_D1,123,0,228,0,0
B4_D1,186,0,272,0,0
B6_D1,747,0,321,0,0
B6_D1,887,0,155,0,0
G1_D1,804,0,7,0,0
G1_D1,945,0,100,0,0
B6_D1,754,0,359,0,0
B6_D1,992,0,264,0,0
B10_D1,834,0,84,0,0
B6_D1,848,0,227,0,0
B10_D1,309,0,329,0,0
B10_D1,947,0,82,0,0
B6_D1,880,0,35,0,0
B10_D1,254,0,39,0,0
G1_D1,275,0,35,0,0
B6_D1,495,0,384,0,0
B6_D1,879,0,155,0,0
G1_D1,324,0,25,0,0
G1_D1,47,0,82,0,0
B6_D1,527,0,443,0,0
B6_D1,632,0,37,0,0
B6_D1,238,0,484,0,0
B10_D1,185,0,242,0,0
B6_D1,966,0,214,0,0
B2_D1,311,0,202,0,0
G1_D1,170,0,67,0,0
B6_D1,220,0,13,0,0
B4_D1,141,0,185,0,0
B6_D1,1002,0,92,0,0
B4_D1,787,0,85,0,0
B10_D1,751,0,1,0,0
G1_D1,836,0,298,0,0
G1_D1,1017,0,427,0,0
G1_D1,486,0,350,0,0
B6_D1,1020,0,27,0,0
G1_D1,906,0,86,0,0
B10_D1,151,0,292,0,0
B6_D1,712,0,34,0,0
B10_D1,836,0,358,0,0
B10_D1,812,0,329,0,0
B6_D1,544,0,35,0,0
B6_D1,939,0,279,0,0
B6_D1,782,0,489,0,0
B10_D1,408,0,135,0,0
B10_D1,45,0,310,0,0
B6_D1,284,0,14,0,0
B6_D1,808,0,389,0,0
B6_D1,149,0,231,0,0
B4_D1,379,0,296,0,0
B10_D1,30,0,369,0,0
B6_D1,33,0,53,0,0
G1_D1,204,0,110,0,0
B10_D1,1014,0,39,0,0
G1_D1,996,0,111,0,0
B6_D1,464,0,310,0,0
B6_D1,688,0,6,0,0
B6_D1,280,0,48,0,0
G1_D1,155,0,16,0,0
B4_D1,4,0,169,0,0
B10_D1,311,0,46,0,0
B6_D1,882,0,500,0,0
B6_D1,336,0,26,0,0
B10_D1,111,0,162,0,0
B6_D1,856,0,223,0,0
B6_D1,830,0,96,0,0
B10_D1,88,0,130,0,0
B10_D1,388,0,92,0,0
B10_D1,553,0,509,0,0
G1_D1,12,0,102,0,0
B10_D1,655,0,492,0,0
B10_D1,280,0,28,0,0
B10_D1,125,0,110,0,0
G1_D1,711,0,168,0,0
B6_D1,100,0,40,0,0
B6_D1,779,0,187,0,0
B4_D1,863,0,22,0,0
B6_D1,576,0,21,0,0
B10_D1,301,0,265,0,0
B10_D1,429,0,165,0,0
B10_D1,524,0,161,0,0
B6_D1,984,0,25,0,0
B6_D1,30,0,487,0,0
B10_D1,582,0,325,0,0
G1_D1,87,0,402,0,0
B10_D1,380,0,5,0,0
B6_D1,727,0,52,0,0
G1_D1,385,0,19,0,0
B6_D1,537,0,280,0,0
B10_D1,447,0,155,0,0
B2_D1,37,0,128,0,0
G1_D1,386,0,511,0,0
B10_D1,9,0,245,0,0
G1_D1,963,0,115,0,0
B6_D1,586,0,329,0,0
B6_D1,611,0,194,0,0
G1_D1,629,0,138,0,0
G1_D1,468,0,102,0,0
B6_D1,164,0,108,0,0
B6_D1,333,0,382,0,0
B10_D1,748,0,357,0,0
B2_D1,644,0,49,0,0
B10_D1,655,0,314,0,0
B10_D1,525,0,89,0,0
G1_D1,59,0,38,0,0
G1_D1,732,0,310,0,0
B6_D1,702,0,369,0,0
B6_D1,805,0,81,0,0
B6_D1,638,0,501,0,0
G1_D1,326,0,236,0,0
B6_D1,322,0,487,0,0
B10_D1,435,0,22,0,0
G1_D1,192,0,108,0,0
G1_D1,482,0,79,0,0
B6_D1,568,0,125,0,0
B10_D1,714,0,52,0,0
B6_D1,410,0,501,0,0
B10_D1,390,0,89,0,0
B10_D1,787,0,254,0,0
B10_D1,515,0,304,0,0
G1_D1,14,0,313,0,0
B6_D1,483,0,409,0,0
B10_D1,190,0,411,0,0
B6_D1,596,0,20,0,0
G1_D1,1001,0,176,0,0
B10_D1,504,0,127,0,0
B10_D1,189,0,511,0,0
B2_D1,646,0,511,0,0
B6_D1,14,0,493,0,0
G1_D1,568,0,249,0,0
B10_D1,338,0,90,0,0
G1_D1,458,0,362,0,0
G1_D1,1016,0,160,0,0
B2_D1,879,0,68,0,0
B6_D1,106,0,309,0,0
B10_D1,766,0,80,0,0
B6_D1,848,0,41,0,0
B6_D1,912,0,40,0,0
B2_D1,644,0,507,0,0
B6_D1,244,0,455,0,0
B6_D1,502,0,488,0,0
B6_D1,987,0,438,0,0
B6_D1,490,0,503,0,0
B2_D1,961,0,239,0,0
G1_D1,879,0,392,0,0
B6_D1,836,0,394,0,0
B2_D1,443,0,474,0,0
B6_D1,870,0,382,0,0
B10_D1,221,0,325,0,0
B6_D1,688,0,439,0,0
B6_D1,564,0,344,0,0
B6_D1,398,0,505,0,0
B6_D1,388,0,7,0,0
G1_D1,976,0,379,0,0
B6_D1,222,0,87,0,0
B4_D1,8,0,331,0,0
B6_D1,799,0,449,0,0
B4_D1,45,0,124,0,0
B10_D1,612,0,181,0,0
B10_D1,419,0,72,0,0
B6_D1,56,0,0,0,0
B6_D1,743,0,269,0,0
G1_D1,184,0,76,0,0
G1_D1,324,0,80,0,0
B6_D1,307,0,477,0,0
G1_D1,332,0,0,0,0
B10_D1,451,0,488,0,0
G1_D1,195,0,169,0,0
G1_D1,53,0,85,0,0
G1_D1,368,0,137,0,0
B10_D1,597,0,187,0,0
B10_D1,780,0,55,0,0
B10_D1,277,0,1,0,0
B8_D1,589,0,200,0,0
B6_D1,808,0,110,0,0
B6_D1,742,0,112,0,0
B6_D1,72,0,161,0,0
G1_D1,233,0,176,0,0
B10_D1,491,0,306,0,0
B6_D1,1018,0,506,0,0
B10_D1,695,0,315,0,0
B6_D1,315,0,203,0,0
B6_D1,653,0,387,0,0
B10_D1,20,0,231,0,0
G1_D1,627,0,16,0,0
B10_D1,356,0,37,0,0
B10_D1,309,0,1,0,0
G1_D1,495,0,2,0,0
B4_D1,604,0,186,0,0
B6_D1,276,0,152,0,0
B10_D1,102,0,47,0,0
B6_D1,6,0,309,0,0
B10_D1,894,0,391,0,0
B10_D1,173,0,264,0,0
G1_D1,430,0,9,0,0
G1_D1,97,0,285,0,0
B10_D1,405,0,479,0,0
G1_D1,14,0,200,0,0
B10_D1,359,0,19,0,0
B6_D1,904,0,43,0,0
G1_D1,993,0,69,0,0
B4_D1,345,0,302,0,0
B4_D1,175,0,16,0,0
B10_D1,793,0,387,0,0
B6_D1,298,0,346,0,0
B10_D1,416,0,342,0,0
B2_D1,781,0,510,0,0
B10_D1,768,0,422,0,0
G1_D1,759,0,36,0,0
B10_D1,368,0,9,0,0
B10_D1,670,0,110,0,0
G1_D1,862,0,19,0,0
B6_D1,12,0,165,0,0
G1_D1,20,0,64,0,0
B6_D1,432,0,16,0,0
B10_D1,268,0,157,0,0
B4_D1,561,0,394,0,0
B4_D1,742,0,107,0,0
B10_D1,412,0,343,0,0
B6_D1,724,0,4,0,0
B6_D1,18,0,494,0,0
G1_D1,481,0,68,0,0
B10_D1,140,0,107,0,0
G1_D1,12,0,317,0,0
B2_D1,582,0,361,0,0
B10_D1,618,0,254,0,0
G1_D1,21,0,157,0,0
G1_D1,320,0,3,0,0
B6_D1,469,0,296,0,0
G1_D1,84,0,100,0,0
B6_D1,156,0,46,0,0
B10_D1,239,0,195,0,0
B10_D1,110,0,412,0,0
B2_D1,302,0,44,0,0
B6_D1,670,0,369,0,0
G1_D1,711,0,61,0,0
B6_D1,311,0,233,0,0
B4_D1,739,0,81,0,0
B6_D1,110,0,97,0,0
B6_D1,537,0,253,0,0
G1_D1,678,0,13,0,0
G1_D1,241,0,297,0,0
B10_D1,681,0,74,0,0
G1_D1,138,0,191,0,0
B6_D1,273,0,268,0,0
B4_D1,488,0,246,0,0
B6_D1,810,0,348,0,0
B2_D1,822,0,258,0,0
B6_D1,460,0,20,0,0
B2_D1,377,0,34,0,0
B2_D1,765,0,223,0,0
B10_D1,513,0,222,0,0
B6_D1,878,0,258,0,0
B10_D1,23,0,238,0,0
B10_D1,643,0,270,0,0
B10_D1,1000,0,294,0,0
B10_D1,947,0,502,0,0
B6_D1,307,0,114,0,0
B2_D1,450,0,483,0,0
B4_D1,0,0,437,0,0
B6_D1,638,0,329,0,0
B4_D1,965,0,42,0,0
B6_D1,732,0,423,0,0
B6_D1,392,0,475,0,0
G1_D1,492,0,11,0,0
B6_D1,961,0,54,0,0
G1_D1,23,0,240,0,0
G1_D1,816,0,304,0,0
B6_D1,956,0,3,0,0
B6_D1,26,0,479,0,0
G1_D1,758,0,74,0,0
G1_D1,757,0,46,0,0
B10_D1,91,0,2,0,0
B10_D1,472,0,246,0,0
B6_D1,1008,0,318,0,0
G1_D1,607,0,446,0,0
B10_D1,11,0,56,0,0
B6_D1,271,0,479,0,0
B10_D1,803,0,3,0,0
B6_D1,837,0,309,0,0
B2_D1,232,0,480,0,0
B2_D1,779,0,2,0,0
G1_D1,819,0,10,0,0
B6_D1,386,0,493,0,0
B10_D1,848,0,435,0,0
B6_D1,948,0,470,0,0
B6_D1,440,0,107,0,0
B6_D1,578,0,434,0,0
B4_D1,7,0,394,0,0
B6_D1,737,0,457,0,0
B10_D1,768,0,31,0,0
B4_D1,915,0,120,0,0
B6_D1,526,0,284,0,0
B6_D1,701,0,287,0,0
B10_D1,849,0,256,0,0
G1_D1,142,0,188,0,0
B6_D1,890,0,308,0,0
B6_D1,142,0,150,0,0
B6_D1,630,0,273,0,0
B2_D1,340,0,491,0,0
G1_D1,35,0,111,0,0
B4_D1,679,0,40,0,0
G1_D1,854,0,77,0,0
B10_D1,324,0,214,0,0
B6_D1,998,0,214,0,0
G1_D1,703,0,10,0,0
B6_D1,535,0,220,0,0
G1_D1,366,0,275,0,0
B6_D1,362,0,494,0,0
B6_D1,65,0,392,0,0
B6_D1,812,0,45,0,0
B6_D1,924,0,393,0,0
B6_D1,908,0,429,0,0
B10_D1,330,0,132,0,0
G1_D1,896,0,18,0,0
B4_D1,40,0,20,0,0
G1_D1,996,0,122,0,0
B10_D1,380,0,264,0,0
B6_D1,864,0,377,0,0
B4_D1,978,0,120,0,0
B6_D1,570,0,347,0,0
B10_D1,12,0,21,0,0
B10_D1,886,0,296,0,0
B2_D1,462,0,499,0,0
B10_D1,957,0,25,0,0
B6_D1,906,0,504,0,0
B4_D1,269,0,206,0,0
G1_D1,678,0,173,0,0
G1_D1,160,0,25,0,0
B4_D1,848,0,37,0,0
B6_D1,426,0,99,0,0
G1_D1,721,0,263,0,0
B10_D1,203,0,8,0,0
B6_D1,1019,0,462,0,0
G1_D1,19,0,236,0,0
B6_D1,142,0,82,0,0
B10_D1,340,0,189,0,0
G1_D1,975,0,92,0,0
B6_D1,675,0,323,0,0
B6_D1,98,0,506,0,0
G1_D1,198,0,51,0,0
B4_D1,215,0,41,0,0
B6_D1,918,0,500,0,0
G1_D1,169,0,342,0,0
B10_D1,926,0,383,0,0
B6_D1,42,0,125,0,0
G1_D1,980,0,293,0,0
G1_D1,554,0,240,0,0
B10_D1,635,0,307,0,0
G1_D1,135,0,381,0,0
G1_D1,801,0,453,0,0
B6_D1,645,0,379,0,0
B6_D1,901,0,441,0,0
G1_D1,59,0,65,0,0
B6_D1,541,0,340,0,0
B6_D1,178,0,501,0,0
B6_D1,657,0,198,0,0
G1_D1,1011,0,506,0,0
B6_D1,292,0,163,0,0
G1_D1,835,0,208,0,0
B6_D1,222,0,273,0,0
B10_D1,996,0,258,0,0
B10_D1,542,0,221,0,0
B10_D1,226,0,14,0,0
B10_D1,279,0,330,0,0
B6_D1,0,0,151,0,0
B6_D1,444,0,171,0,0
B6_D1,618,0,54,0,0
B10_D1,24,0,184,0,0
B6_D1,946,0,199,0,0
G1_D1,398,0,18,0,0
B10_D1,679,0,298,0,0
B6_D1,702,0,510,0,0
B6_D1,376,0,10,0,0
B4_D1,180,0,6,0,0
B10_D1,488,0,312,0,0
B10_D1,704,0,243,0,0
G1_D1,250,0,233,0,0
B6_D1,128,0,45,0,0
B8_D1,20,0,267,0,0
B10_D1,814,0,42,0,0
B10_D1,228,0,9,0,0
B4_D1,171,0,171,0,0
G1_D1,39,0,305,0,0
B6_D1,68,0,12,0,0
B10_D1,420,0,315,0,0
B6_D1,818,0,62,0,0
B6_D1,741,0,457,0,0
B4_D1,739,0,245,0,0
B4_D1,783,0,264,0,0
B10_D1,865,0,225,0,0
B10_D1,885,0,341,0,0
B6_D1,188,0,23,0,0
B10_D1,107,0,124,0,0
B6_D1,777,0,56,0,0
B10_D1,650,0,72,0,0
B4_D1,645,0,295,0,0
G1_D1,325,0,227,0,0
B6_D1,660,0,214,0,0
B10_D1,172,0,158,0,0
B6_D1,891,0,319,0,0
B6_D1,312,0,152,0,0
B6_D1,62,0,190,0,0
B6_D1,540,0,37,0,0
B6_D1,188,0,35,0,0
G1_D1,482,0,20,0,0
G1_D1,16,0,207,0,0
B10_D1,279,0,245,0,0
G1_D1,167,0,15,0,0
B8_D1,97,0,276,0,0
B2_D1,0,0,54,0,0
B6_D1,853,0,361,0,0
B6_D1,138,0,128,0,0
B10_D1,495,0,476,0,0
B10_D1,587,0,279,0,0
B10_D1,204,0,504,0,0
B6_D1,136,0,48,0,0
B6_D1,466,0,501,0,0
G1_D1,673,0,116,0,0
B6_D1,610,0,346,0,0
B2_D1,462,0,159,0,0
B10_D1,314,0,203,0,0
B6_D1,689,0,131,0,0
G1_D1,881,0,76,0,0
B10_D1,936,0,54,0,0
B10_D1,964,0,296,0,0
B10_D1,412,0,19,0,0
B8_D1,33,0,252,0,0
B8_D1,77,0,276,0,0
G1_D1,261,0,45,0,0
B10_D1,820,0,130,0,0
G1_D1,15,0,221,0,0
B10_D1,927,0,292,0,0
G1_D1,29,0,118,0,0
B10_D1,322,0,67,0,0
B2_D1,771,0,42,0,0
B10_D1,396,0,315,0,0
B10_D1,93,0,63,0,0
B6_D1,946,0,421,0,0
B10_D1,134,0,351,0,0
B6_D1,904,0,0,0,0
B10_D1,366,0,25,0,0
G1_D1,160,0,24,0,0
B10_D1,762,0,165,0,0
B6_D1,748,0,25,0,0
G1_D1,550,0,17,0,0
B6_D1,815,0,147,0,0
B10_D1,515,0,309,0,0
G1_D1,462,0,115,0,0
B10_D1,947,0,486,0,0
G1_D1,923,0,243,0,0
B10_D1,316,0,201,0,0
B10_D1,930,0,185,0,0
B10_D1,139,0,293,0,0
B6_D1,340,0,8,0,0
G1_D1,489,0,84,0,0
B6_D1,784,0,334,0,0
B6_D1,26,0,217,0,0
B10_D1,340,0,18,0,0
B6_D1,799,0,458,0,0
B6_D1,648,0,171,0,0
B4_D1,268,0,318,0,0
G1_D1,567,0,2,0,0
B10_D1,951,0,26,0,0
B10_D1,624,0,454,0,0
B6_D1,248,0,20,0,0
B10_D1,4,0,241,0,0
B6_D1,790,0,499,0,0
B2_D1,584,0,25,0,0
B6_D1,930,0,492,0,0
B6_D1,233,0,333,0,0
B10_D1,463,0,0,0,0
B6_D1,892,0,159,0,0
B6_D1,14,0,237,0,0
B10_D1,523,0,282,0,0
B2_D1,201,0,82,0,0
B10_D1,197,0,212,0,0
B6_D1,109,0,373,0,0
G1_D1,323,0,77,0,0
B10_D1,399,0,495,0,0
B2_D1,621,0,225,0,0
B6_D1,98,0,49,0,0
B10_D1,548,0,325,0,0
G1_D1,974,0,212,0,0
B10_D1,604,0,294,0,0
G1_D1,214,0,69,0,0
B4_D1,178,0,17,0,0
G1_D1,871,0,10,0,0
B6_D1,647,0,184,0,0
B10_D1,1022,0,500,0,0
B10_D1,839,0,187,0,0
G1_D1,621,0,12,0,0
B2_D1,946,0,24,0,0
B6_D1,285,0,75,0,0
B10_D1,829,0,46,0,0
B10_D1,101,0,289,0,0
G1_D1,678,0,17,0,0
B4_D1,294,0,144,0,0
B6_D1,792,0,32,0,0
B10_D1,577,0,312,0,0
B10_D1,475,0,274,0,0
B6_D1,808,0,21,0,0
B10_D1,54,0,206,0,0
B6_D1,604,0,183,0,0
B10_D1,318,0,177,0,0
B10_D1,433,0,461,0,0
B4_D1,717,0,15,0,0
G1_D1,468,0,85,0,0
B6_D1,118,0,493,0,0
G1_D1,758,0,117,0,0
B10_D1,292,0,409,0,0
G1_D1,386,0,22,0,0
B6_D1,50,0,496,0,0
B6_D1,676,0,33,0,0
G1_D1,805,0,453,0,0
B10_D1,9,0,390,0,0
B6_D1,914,0,263,0,0
B4_D1,3,0,356,0,0
B6_D1,614,0,352,0,0
B10_D1,543,0,476,0,0
B2_D1,185,0,276,0,0
B10_D1,342,0,127,0,0
B2_D1,634,0,164,0,0
B2_D1,232,0,59,0,0
B10_D1,932,0,77,0,0
G1_D1,739,0,249,0,0
B10_D1,846,0,439,0,0
B2_D1,278,0,58,0,0
B6_D1,802,0,163,0,0
B10_D1,152,0,216,0,0
B6_D1,558,0,484,0,0
B6_D1,284,0,175,0,0
B10_D1,351,0,21,0,0
G1_D1,13,0,43,0,0
B10_D1,6,0,202,0,0
G1_D1,986,0,9,0,0
B10_D1,859,0,327,0,0
B6_D1,386,0,487,0,0
B6_D1,249,0,374,0,0
G1_D1,925,0,74,0,0
B6_D1,456,0,275,0,0
B10_D1,527,0,327,0,0
B10_D1,35,0,240,0,0
B2_D1,882,0,49,0,0
B6_D1,957,0,147,0,0
B6_D1,52,0,1,0,0
B6_D1,911,0,113,0,0
B10_D1,96,0,318,0,0
B6_D1,673,0,418,0,0
B10_D1,431,0,21,0,0
B6_D1,427,0,215,0,0
B6_D1,140,0,165,0,0
G1_D1,27,0,184,0,0
B8_D1,874,0,304,0,0
G1_D1,13,0,140,0,0
G1_D1,973,0,21,0,0
G1_D1,575,0,15,0,0
B6_D1,883,0,439,0,0
G1_D1,882,0,53,0,0
B2_D1,797,0,36,0,0
B6_D1,754,0,202,0,0
B10_D1,59,0,197,0,0
B10_D1,403,0,407,0,0
B10_D1,834,0,315,0,0
G1_D1,134,0,5,0,0
B2_D1,34,0,19,0,0
G1_D1,278,0,61,0,0
B2_D1,497,0,487,0,0
B4_D1,740,0,88,0,0
B10_D1,517,0,277,0,0
B4_D1,744,0,247,0,0
B4_D1,793,0,74,0,0
B6_D1,322,0,496,0,0
G1_D1,297,0,8,0,0
G1_D1,779,0,2,0,0
G1_D1,1008,0,50,0,0
G1_D1,455,0,54,0,0
B4_D1,453,0,420,0,0
B10_D1,3,0,332,0,0
B10_D1,595,0,205,0,0
B4_D1,1023,0,224,0,0
G1_D1,1022,0,9,0,0
G1_D1,11,0,188,0,0
B10_D1,531,0,8,0,0
B10_D1,159,0,271,0,0
B10_D1,354,0,240,0,0
B6_D1,188,0,39,0,0
B6_D1,670,0,494,0,0
B6_D1,291,0,153,0,0
G1_D1,738,0,40,0,0
G1_D1,831,0,10,0,0
G1_D1,840,0,74,0,0
B10_D1,141,0,324,0,0
B2_D1,761,0,510,0,0
B6_D1,102,0,49,0,0
B8_D1,71,0,234,0,0
B6_D1,768,0,14,0,0
B2_D1,890,0,0,0,0
B2_D1,882,0,264,0,0
G1_D1,300,0,277,0,0
B10_D1,369,0,7,0,0
G1_D1,78,0,20,0,0
B10_D1,452,0,115,0,0
B6_D1,982,0,489,0,0
B10_D1,474,0,37,0,0
B6_D1,510,0,504,0,0
B6_D1,24,0,76,0,0
B10_D1,16,0,279,0,0
B10_D1,693,0,62,0,0
G1_D1,253,0,66,0,0
B10_D1,127,0,346,0,0
B6_D1,2,0,212,0,0
B6_D1,58,0,467,0,0
B10_D1,1,0,244,0,0
B10_D1,134,0,198,0,0
B10_D1,192,0,29,0,0
B10_D1,176,0,249,0,0
G1_D1,337,0,26,0,0
B10_D1,911,0,325,0,0
G1_D1,635,0,357,0,0
B10_D1,590,0,222,0,0
B10_D1,464,0,45,0,0
G1_D1,717,0,263,0,0
B10_D1,389,0,492,0,0
B6_D1,827,0,191,0,0
B4_D1,289,0,234,0,0
B2_D1,691,0,53,0,0
G1_D1,615,0,476,0,0
B10_D1,627,0,199,0,0
B6_D1,1,0,273,0,0
B10_D1,895,0,87,0,0
B10_D1,456,0,10,0,0
B10_D1,46,0,267,0,0
B6_D1,102,0,64,0,0
G1_D1,60,0,92,0,0
B10_D1,586,0,139,0,0
B10_D1,469,0,467,0,0
G1_D1,227,0,16,0,0
B10_D1,619,0,194,0,0
G1_D1,15,0,33,0,0
B10_D1,381,0,488,0,0
B4_D1,135,0,18,0,0
G1_D1,313,0,285,0,0
G1_D1,935,0,30,0,0
B6_D1,947,0,368,0,0
G1_D1,1006,0,102,0,0
B6_D1,14,0,453,0,0
G1_D1,784,0,301,0,0
B2_D1,769,0,81,0,0
B4_D1,980,0,12,0,0
B8_D1,2,0,283,0,0
B6_D1,48,0,215,0,0
B10_D1,546,0,474,0,0
B10_D1,622,0,86,0,0
B2_D1,488,0,286,0,0
B10_D1,908,0,249,0,0
G1_D1,526,0,21,0,0
G1_D1,935,0,499,0,0
B6_D1,17,0,337,0,0
B10_D1,797,0,2,0,0
B10_D1,661,0,260,0,0
B10_D1,139,0,24,0,0
B6_D1,52,0,34,0,0
B10_D1,633,0,207,0,0
B2_D1,586,0,151,0,0
B6_D1,934,0,502,0,0
B2_D1,460,0,287,0,0
B10_D1,95,0,510,0,0
B6_D1,936,0,241,0,0
B10_D1,331,0,333,0,0
B4_D1,982,0,209,0,0
G1_D1,220,0,272,0,0
B6_D1,575,0,233,0,0
B4_D1,97,0,148,0,0
B2_D1,142,0,511,0,0
B6_D1,616,0,0,0,0
B10_D1,617,0,292,0,0
B6_D1,444,0,36,0,0
B6_D1,572,0,166,0,0
B6_D1,556,0,22,0,0
G1_D1,96,0,283,0,0
B10_D1,526,0,326,0,0
B6_D1,946,0,489,0,0
B10_D1,162,0,361,0,0
B10_D1,766,0,161,0,0
B6_D1,129,0,305,0,0
B4_D1,1020,0,107,0,0
B10_D1,112,0,133,0,0
B2_D1,160,0,132,0,0
B10_D1,456,0,74,0,0
B10_D1,177,0,434,0,0
B2_D1,574,0,511,0,0
B6_D1,309,0,113,0,0
B6_D1,228,0,0,0,0
B10_D1,581,0,260,0,0
B10_D1,473,0,462,0,0
G1_D1,237,0,65,0,0
B2_D1,551,0,459,0,0
B6_D1,545,0,352,0,0
B10_D1,341,0,7,0,0
B10_D1,651,0,50,0,0
G1_D1,212,0,74,0,0
B10_D1,2,0,136,0,0
B10_D1,506,0,230,0,0
B10_D1,52,0,64,0,0
B6_D1,538,0,500,0,0
B10_D1,416,0,313,0,0
B6_D1,283,0,292,0,0
B10_D1,448,0,6,0,0
B6_D1,264,0,41,0,0
B10_D1,172,0,58,0,0
B6_D1,46,0,405,0,0
G1_D1,1022,0,445,0,0
B10_D1,503,0,493,0,0
G1_D1,491,0,229,0,0
G1_D1,68,0,11,0,0
B4_D1,135,0,192,0,0
B6_D1,959,0,401,0,0
B4_D1,722,0,271,0,0
B6_D1,814,0,497,0,0
B10_D1,816,0,204,0,0
B6_D1,911,0,116,0,0
B10_D1,287,0,3,0,0
B4_D1,678,0,27,0,0
B10_D1,42,0,206,0,0
B4_D1,55,0,18,0,0
B6_D1,262,0,510,0,0
B6_D1,896,0,22,0,0
G1_D1,286,0,5,0,0
B6_D1,509,0,186,0,0
B10_D1,23,0,167,0,0
B6_D1,118,0,93,0,0
B10_D1,140,0,63,0,0
B6_D1,426,0,497,0,0
B6_D1,581,0,338,0,0
B6_D1,69,0,168,0,0
B6_D1,406,0,177,0,0
B10_D1,452,0,412,0,0
G1_D1,705,0,199,0,0
G1_D1,792,0,388,0,0
B10_D1,403,0,3,0,0
B4_D1,731,0,27,0,0
B6_D1,418,0,192,0,0
G1_D1,346,0,240,0,0
B10_D1,463,0,111,0,0
B6_D1,410,0,422,0,0
B10_D1,533,0,63,0,0
B4_D1,273,0,140,0,0
B10_D1,16,0,120,0,0
G1_D1,339,0,28,0,0
G1_D1,133,0,63,0,0
B6_D1,560,0,8,0,0
B4_D1,467,0,372,0,0
B10_D1,343,0,249,0,0
B10_D1,114,0,127,0,0
B6_D1,19,0,346,0,0
B10_D1,14,0,302,0,0
B10_D1,475,0,406,0,0
G1_D1,37,0,132,0,0
B6_D1,803,0,66,0,0
B10_D1,996,0,12,0,0
B6_D1,845,0,259,0,0
B2_D1,729,0,9,0,0
B4_D1,219,0,57,0,0
B10_D1,12,0,9,0,0
B2_D1,937,0,21,0,0
B4_D1,6,0,375,0,0
B6_D1,176,0,174,0,0
B6_D1,732,0,53,0,0
B10_D1,228,0,334,0,0
B10_D1,658,0,384,0,0
B10_D1,706,0,479,0,0
B8_D1,1022,0,462,0,0
B10_D1,191,0,164,0,0
G1_D1,11,0,365,0,0
B10_D1,592,0,410,0,0
B10_D1,589,0,313,0,0
B10_D1,30,0,39,0,0
B10_D1,193,0,69,0,0
B6_D1,688,0,331,0,0
B10_D1,273,0,190,0,0
B10_D1,240,0,359,0,0
B10_D1,68,0,49,0,0
B4_D1,696,0,508,0,0
B4_D1,4,0,108,0,0
B6_D1,996,0,295,0,0
G1_D1,14,0,5,0,0
B4_D1,718,0,35,0,0
B6_D1,649,0,306,0,0
B6_D1,348,0,166,0,0
B6_D1,780,0,41,0,0
B6_D1,337,0,88,0,0
B10_D1,332,0,275,0,0
B6_D1,1003,0,96,0,0
B10_D1,627,0,244,0,0
B6_D1,488,0,25,0,0
B10_D1,356,0,34,0,0
B2_D1,623,0,478,0,0
B6_D1,375,0,430,0,0
B2_D1,824,0,445,0,0
B6_D1,294,0,505,0,0
G1_D1,121,0,61,0,0
B6_D1,738,0,493,0,0
B6_D1,942,0,344,0,0
B6_D1,220,0,20,0,0
B6_D1,1009,0,319,0,0
B6_D1,482,0,486,0,0
B6_D1,96,0,140,0,0
B6_D1,776,0,106,0,0
B10_D1,532,0,263,0,0
B6_D1,619,0,479,0,0
B10_D1,165,0,80,0,0
B10_D1,20,0,215,0,0
B6_D1,733,0,254,0,0
B6_D1,666,0,369,0,0
B6_D1,697,0,188,0,0
B10_D1,730,0,332,0,0
B10_D1,543,0,500,0,0
G1_D1,20,0,46,0,0
G1_D1,695,0,120,0,0
B10_D1,13,0,166,0,0
B6_D1,986,0,344,0,0
B6_D1,934,0,314,0,0
B6_D1,432,0,381,0,0
B10_D1,493,0,500,0,0
B6_D1,988,0,328,0,0
G1_D1,879,0,293,0,0
B6_D1,274,0,496,0,0
B6_D1,496,0,32,0,0
B8_D1,109,0,330,0,0
B10_D1,866,0,368,0,0
G1_D1,15,0,75,0,0
B10_D1,104,0,129,0,0
B10_D1,969,0,257,0,0
B6_D1,24,0,37,0,0
B6_D1,288,0,480,0,0
B6_D1,447,0,396,0,0
G1_D1,617,0,169,0,0
G1_D1,960,0,290,0,0
B2_D1,125,0,107,0,0
G1_D1,540,0,186,0,0
G1_D1,48,0,199,0,0
B6_D1,738,0,257,0,0
B6_D1,452,0,5,0,0
B4_D1,319,0,40,0,0
G1_D1,559,0,66,0,0
B6_D1,202,0,498,0,0
B10_D1,21,0,301,0,0
B8_D1,138,0,124,0,0
B10_D1,596,0,454,0,0
B6_D1,1020,0,431,0,0
B10_D1,532,0,325,0,0
G1_D1,98,0,460,0,0
B6_D1,876,0,10,0,0
B6_D1,762,0,431,0,0
B10_D1,828,0,430,0,0
G1_D1,26,0,34,0,0
B6_D1,772,0,67,0,0
G1_D1,214,0,13,0,0
B4_D1,847,0,113,0,0
G1_D1,631,0,266,0,0
B10_D1,150,0,344,0,0
B2_D1,702,0,28,0,0
B6_D1,576,0,40,0,0
G1_D1,359,0,15,0,0
B6_D1,786,0,118,0,0
B10_D1,236,0,395,0,0
B6_D1,510,0,508,0,0
B6_D1,597,0,198,0,0
G1_D1,284,0,0,0,0
B2_D1,687,0,193,0,0
G1_D1,262,0,18,0,0
B10_D1,802,0,392,0,0
B4_D1,687,0,188,0,0
B6_D1,970,0,241,0,0
G1_D1,529,0,47,0,0
B6_D1,207,0,77,0,0
B10_D1,142,0,287,0,0
G1_D1,690,0,511,0,0
B6_D1,20,0,390,0,0
B6_D1,442,0,269,0,0
B10_D1,284,0,180,0,0
B10_D1,1022,0,147,0,0
G1_D1,976,0,122,0,0
B10_D1,405,0,408,0,0
B6_D1,170,0,507,0,0
B6_D1,793,0,87,0,0
B6_D1,984,0,424,0,0
B4_D1,261,0,189,0,0
B2_D1,932,0,69,0,0
B10_D1,885,0,394,0,0
B10_D1,1022,0,90,0,0
G1_D1,371,0,135,0,0
B2_D1,898,0,455,0,0
B10_D1,141,0,277,0,0
G1_D1,17,0,259,0,0
B2_D1,716,0,100,0,0
B6_D1,792,0,99,0,0
G1_D1,750,0,462,0,0
G1_D1,657,0,138,0,0
B6_D1,748,0,14,0,0
B10_D1,9,0,219,0,0
B6_D1,648,0,52,0,0
B6_D1,6,0,227,0,0
B6_D1,640,0,8,0,0
B4_D1,799,0,78,0,0
B10_D1,13,0,24,0,0
B10_D1,405,0,170,0,0
G1_D1,272,0,235,0,0
B10_D1,401,0,170,0,0
G1_D1,982,0,28,0,0
B6_D1,940,0,48,0,0
B6_D1,336,0,170,0,0
B6_D1,987,0,140,0,0
B6_D1,428,0,1,0,0
B10_D1,50,0,13,0,0
B6_D1,308,0,2,0,0
B6_D1,588,0,19,0,0
B4_D1,551,0,407,0,0
G1_D1,642,0,33,0,0
B6_D1,309,0,50,0,0
B10_D1,942,0,70,0,0
B10_D1,992,0,50,0,0
B10_D1,403,0,234,0,0
G1_D1,567,0,245,0,0
G1_D1,211,0,153,0,0
B6_D1,409,0,166,0,0
B6_D1,727,0,387,0,0
G1_D1,919,0,303,0,0
B6_D1,1008,0,25,0,0
G1_D1,986,0,112,0,0
B10_D1,42,0,122,0,0
B2_D1,805,0,44,0,0
G1_D1,445,0,12,0,0
B10_D1,918,0,63,0,0
B6_D1,482,0,493,0,0
B2_D1,274,0,200,0,0
B6_D1,232,0,59,0,0
B10_D1,593,0,231,0,0
B6_D1,224,0,328,0,0
B10_D1,227,0,23,0,0
G1_D1,13,0,371,0,0
G1_D1,29,0,281,0,0
B10_D1,343,0,270,0,0
G1_D1,809,0,95,0,0
B6_D1,739,0,273,0,0
B4_D1,703,0,102,0,0
B6_D1,596,0,13,0,0
B6_D1,489,0,383,0,0
B10_D1,830,0,28,0,0
G1_D1,1020,0,70,0,0
B6_D1,508,0,20,0,0
B2_D1,427,0,7,0,0
G1_D1,557,0,95,0,0
B10_D1,670,0,168,0,0
B10_D1,213,0,7,0,0
B6_D1,745,0,406,0,0
B10_D1,478,0,116,0,0
B10_D1,456,0,9,0,0
B4_D1,717,0,32,0,0
B8_D1,217,0,68,0,0
B4_D1,694,0,164,0,0
B10_D1,590,0,308,0,0
B6_D1,740,0,8,0,0
B10_D1,922,0,131,0,0
B6_D1,747,0,464,0,0
B10_D1,611,0,2,0,0
B2_D1,452,0,372,0,0
B2_D1,336,0,289,0,0
B6_D1,999,0,481,0,0
B6_D1,188,0,3,0,0
B6_D1,63,0,418,0,0
G1_D1,155,0,6,0,0
B10_D1,312,0,420,0,0
B10_D1,432,0,159,0,0
B10_D1,569,0,1,0,0
B10_D1,467,0,507,0,0
B4_D1,451,0,230,0,0
B6_D1,838,0,144,0,0
B6_D1,480,0,5,0,0
B6_D1,454,0,387,0,0
G1_D1,636,0,160,0,0
B4_D1,765,0,69,0,0
B4_D1,1023,0,136,0,0
B10_D1,246,0,228,0,0
B6_D1,546,0,504,0,0
B6_D1,4,0,344,0,0
B10_D1,91,0,306,0,0
G1_D1,1009,0,33,0,0
B10_D1,599,0,347,0,0
B6_D1,144,0,46,0,0
B10_D1,10,0,20,0,0
G1_D1,507,0,279,0,0
B10_D1,809,0,267,0,0
G1_D1,46,0,32,0,0
B10_D1,630,0,198,0,0
B10_D1,58,0,209,0,0
B6_D1,993,0,279,0,0
B6_D1,240,0,26,0,0
B6_D1,923,0,478,0,0
G1_D1,400,0,227,0,0
B10_D1,399,0,509,0,0
B6_D1,10,0,483,0,0
G1_D1,8,0,395,0,0
B10_D1,717,0,248,0,0
B6_D1,767,0,235,0,0
B8_D1,998,0,2,0,0
G1_D1,922,0,118,0,0
B6_D1,323,0,384,0,0
B4_D1,185,0,36,0,0
G1_D1,850,0,84,0,0
G1_D1,825,0,4,0,0
B6_D1,352,0,9,0,0
B6_D1,360,0,26,0,0
B6_D1,799,0,98,0,0
B6_D1,179,0,477,0,0
B10_D1,291,0,416,0,0
B8_D1,881,0,301,0,0
B4_D1,147,0,58,0,0
B2_D1,843,0,238,0,0
B6_D1,300,0,146,0,0
B2_D1,335,0,178,0,0
B10_D1,630,0,142,0,0
B2_D1,938,0,63,0,0
B6_D1,38,0,483,0,0
G1_D1,392,0,145,0,0
B6_D1,855,0,219,0,0
B2_D1,868,0,28,0,0
B10_D1,1015,0,0,0,0
G1_D1,673,0,111,0,0
B6_D1,321,0,240,0,0
B2_D1,390,0,487,0,0
B8_D1,124,0,131,0,0
B6_D1,602,0,319,0,0
B2_D1,905,0,134,0,0
G1_D1,887,0,10,0,0
B10_D1,260,0,71,0,0
B6_D1,842,0,154,0,0
B6_D1,344,0,45,0,0
B10_D1,28,0,294,0,0
B10_D1,786,0,26,0,0
B10_D1,703,0,122,0,0
G1_D1,111,0,383,0,0
G1_D1,58,0,96,0,0
B6_D1,1006,0,214,0,0
B4_D1,98,0,146,0,0
G1_D1,391,0,222,0,0
G1_D1,580,0,281,0,0
B4_D1,611,0,99,0,0
B2_D1,655,0,286,0,0
B4_D1,60,0,20,0,0
B10_D1,527,0,411,0,0
B6_D1,166,0,49,0,0
B6_D1,26,0,203,0,0
G1_D1,690,0,74,0,0
B6_D1,160,0,9,0,0
B4_D1,311,0,291,0,0
B10_D1,575,0,2,0,0
G1_D1,223,0,240,0,0
B6_D1,622,0,411,0,0
B2_D1,690,0,8,0,0
G1_D1,259,0,297,0,0
B10_D1,171,0,12,0,0
G1_D1,970,0,44,0,0
B6_D1,784,0,292,0,0
B6_D1,4,0,72,0,0
B10_D1,412,0,342,0,0
B10_D1,520,0,95,0,0
B10_D1,1,0,243,0,0
B10_D1,9,0,139,0,0
B6_D1,337,0,373,0,0
B6_D1,90,0,499,0,0
B4_D1,321,0,301,0,0
B6_D1,885,0,72,0,0
B10_D1,265,0,170,0,0
B4_D1,1,0,103,0,0
B6_D1,3,0,343,0,0
G1_D1,768,0,18,0,0
B6_D1,135,0,327,0,0
B2_D1,367,0,160,0,0
B10_D1,212,0,195,0,0
B10_D1,35,0,247,0,0
B6_D1,750,0,487,0,0
B6_D1,706,0,408,0,0
G1_D1,49,0,88,0,0
B6_D1,50,0,324,0,0
B6_D1,264,0,480,0,0
G1_D1,688,0,3,0,0
B6_D1,968,0,5,0,0
B6_D1,696,0,21,0,0
B6_D1,152,0,16,0,0
B6_D1,637,0,379,0,0
B4_D1,970,0,209,0,0
G1_D1,764,0,84,0,0
G1_D1,402,0,369,0,0
G1_D1,32,0,63,0,0
B10_D1,733,0,353,0,0
B6_D1,132,0,115,0,0
B6_D1,143,0,77,0,0
B6_D1,88,0,181,0,0
B6_D1,228,0,16,0,0
B6_D1,810,0,68,0,0
B10_D1,388,0,489,0,0
B6_D1,670,0,505,0,0
B8_D1,67,0,3,0,0
B10_D1,257,0,240,0,0
B6_D1,12,0,18,0,0
B6_D1,388,0,38,0,0
B8_D1,596,0,187,0,0
B10_D1,495,0,64,0,0
B10_D1,248,0,4,0,0
G1_D1,871,0,113,0,0
G1_D1,981,0,65,0,0
B10_D1,109,0,326,0,0
B2_D1,767,0,474,0,0
B6_D1,316,0,166,0,0
B6_D1,926,0,214,0,0
B6_D1,922,0,509,0,0
G1_D1,987,0,274,0,0
B10_D1,719,0,254,0,0
B4_D1,414,0,414,0,0
B4_D1,873,0,70,0,0
G1_D1,19,0,15,0,0
B10_D1,502,0,176,0,0
B6_D1,764,0,62,0,0
B10_D1,10,0,230,0,0
B6_D1,182,0,498,0,0
G1_D1,13,0,171,0,0
B10_D1,69,0,208,0,0
G1_D1,167,0,260,0,0
B6_D1,26,0,510,0,0
B10_D1,52,0,67,0,0
G1_D1,693,0,8,0,0
B10_D1,1002,0,494,0,0
B10_D1,50,0,121,0,0
B10_D1,0,0,405,0,0
G1_D1,198,0,125,0,0
B6_D1,284,0,37,0,0
B6_D1,949,0,422,0,0
B10_D1,317,0,329,0,0
B6_D1,387,0,410,0,0
B2_D1,578,0,362,0,0
B10_D1,159,0,235,0,0
G1_D1,32,0,102,0,0
B6_D1,867,0,52,0,0
B2_D1,911,0,219,0,0
B10_D1,17,0,110,0,0
G1_D1,74,0,286,0,0
G1_D1,444,0,156,0,0
B6_D1,315,0,386,0,0
B6_D1,995,0,312,0,0
B4_D1,602,0,194,0,0
G1_D1,638,0,273,0,0
G1_D1,112,0,274,0,0
B6_D1,540,0,0,0,0
B6_D1,805,0,379,0,0
B6_D1,971,0,140,0,0
B6_D1,951,0,309,0,0
B6_D1,228,0,8,0,0
B6_D1,5,0,93,0,0
G1_D1,557,0,139,0,0
B6_D1,59,0,474,0,0
B6_D1,976,0,144,0,0
G1_D1,855,0,182,0,0
B6_D1,1,0,369,0,0
B6_D1,372,0,34,0,0
B6_D1,160,0,108,0,0
B6_D1,468,0,168,0,0
B6_D1,980,0,77,0,0
G1_D1,789,0,203,0,0
B6_D1,262,0,78,0,0
B10_D1,563,0,84,0,0
B2_D1,736,0,14,0,0
B6_D1,334,0,500,0,0
B8_D1,307,0,315,0,0
B4_D1,329,0,322,0,0
B10_D1,331,0,14,0,0
B4_D1,422,0,402,0,0
B10_D1,56,0,47,0,0
G1_D1,144,0,261,0,0
B10_D1,476,0,61,0,0
B6_D1,687,0,127,0,0
B6_D1,106,0,498,0,0
B10_D1,845,0,107,0,0
G1_D1,993,0,165,0,0
B6_D1,28,0,34,0,0
B4_D1,412,0,291,0,0
B6_D1,461,0,106,0,0
B10_D1,390,0,486,0,0
B4_D1,650,0,112,0,0
B6_D1,188,0,30,0,0
B6_D1,909,0,441,0,0
B10_D1,61,0,90,0,0
B6_D1,876,0,232,0,0
B10_D1,659,0,3,0,0
B6_D1,720,0,358,0,0
B6_D1,437,0,65,0,0
G1_D1,506,0,155,0,0
G1_D1,84,0,103,0,0
B6_D1,699,0,105,0,0
B6_D1,292,0,428,0,0
B10_D1,287,0,317,0,0
B6_D1,730,0,502,0,0
G1_D1,644,0,29,0,0
B10_D1,378,0,180,0,0
B10_D1,939,0,496,0,0
G1_D1,799,0,10,0,0
B10_D1,893,0,19,0,0
B4_D1,820,0,58,0,0
B6_D1,150,0,499,0,0
B10_D1,783,0,46,0,0
B10_D1,76,0,22,0,0
G1_D1,347,0,28,0,0
B6_D1,748,0,302,0,0
B6_D1,768,0,42,0,0
B4_D1,700,0,41,0,0
B6_D1,698,0,338,0,0
B10_D1,851,0,22,0,0
B6_D1,777,0,216,0,0
G1_D1,364,0,0,0,0
B6_D1,540,0,439,0,0
B10_D1,203,0,106,0,0
B6_D1,290,0,494,0,0
B10_D1,782,0,67,0,0
B10_D1,676,0,70,0,0
B4_D1,349,0,42,0,0
B6_D1,112,0,198,0,0
B10_D1,669,0,95,0,0
B6_D1,245,0,373,0,0
B10_D1,132,0,263,0,0
B4_D1,625,0,26,0,0
B4_D1,20,0,126,0,0
B4_D1,1022,0,245,0,0
B10_D1,104,0,383,0,0
G1_D1,66,0,23,0,0
G1_D1,345,0,397,0,0
G1_D1,360,0,478,0,0
G1_D1,49,0,510,0,0
B6_D1,932,0,15,0,0
B10_D1,975,0,469,0,0
G1_D1,212,0,235,0,0
G1_D1,192,0,60,0,0
B6_D1,849,0,480,0,0
B6_D1,207,0,50,0,0
B6_D1,75,0,212,0,0
G1_D1,777,0,269,0,0
G1_D1,565,0,22,0,0
B6_D1,423,0,355,0,0
B10_D1,642,0,453,0,0
B10_D1,247,0,285,0,0
B6_D1,430,0,487,0,0
B10_D1,421,0,63,0,0
B6_D1,188,0,140,0,0
G1_D1,955,0,293,0,0
B4_D1,235,0,277,0,0
B2_D1,818,0,466,0,0
B6_D1,490,0,285,0,0
B2_D1,813,0,225,0,0
B10_D1,986,0,77,0,0
B6_D1,920,0,128,0,0
B6_D1,124,0,46,0,0
B6_D1,739,0,284,0,0
B6_D1,332,0,11,0,0
B6_D1,442,0,169,0,0
B6_D1,309,0,65,0,0
B2_D1,441,0,484,0,0
B4_D1,449,0,225,0,0
B2_D1,468,0,166,0,0
G1_D1,694,0,245,0,0
G1_D1,99,0,501,0,0
B6_D1,990,0,433,0,0
G1_D1,723,0,124,0,0
G1_D1,528,0,18,0,0
B6_D1,860,0,160,0,0
B6_D1,412,0,36,0,0
B6_D1,480,0,38,0,0
B6_D1,710,0,495,0,0
B10_D1,175,0,126,0,0
B6_D1,480,0,47,0,0
B6_D1,509,0,366,0,0
B10_D1,643,0,300,0,0
B10_D1,74,0,319,0,0
B2_D1,885,0,213,0,0
G1_D1,601,0,260,0,0
B6_D1,710,0,491,0,0
B6_D1,270,0,259,0,0
B10_D1,14,0,169,0,0
B6_D1,375,0,227,0,0
B10_D1,145,0,236,0,0
B2_D1,350,0,511,0,0
B10_D1,337,0,196,0,0
B6_D1,893,0,304,0,0
B10_D1,87,0,185,0,0
G1_D1,279,0,58,0,0
B2_D1,487,0,62,0,0
B10_D1,637,0,468,0,0
B4_D1,7,0,391,0,0
G1_D1,986,0,167,0,0
B10_D1,293,0,182,0,0
B6_D1,95,0,146,0,0
B6_D1,295,0,429,0,0
B6_D1,560,0,264,0,0
G1_D1,1022,0,474,0,0
G1_D1,574,0,147,0,0
B8_D1,99,0,194,0,0
B10_D1,436,0,15,0,0
B10_D1,627,0,121,0,0
B6_D1,999,0,410,0,0
G1_D1,207,0,14,0,0
B6_D1,280,0,25,0,0
B6_D1,943,0,227,0,0
B10_D1,117,0,345,0,0
B6_D1,124,0,87,0,0
B10_D1,639,0,30,0,0
G1_D1,987,0,118,0,0
B10_D1,314,0,184,0,0
B6_D1,744,0,82,0,0
B10_D1,317,0,87,0,0
G1_D1,989,0,120,0,0
B8_D1,5,0,247,0,0
G1_D1,867,0,16,0,0
B10_D1,159,0,53,0,0
B6_D1,751,0,281,0,0
B4_D1,88,0,279,0,0
B6_D1,491,0,51,0,0
B10_D1,455,0,91,0,0
B2_D1,988,0,58,0,0
B6_D1,568,0,38,0,0
B6_D1,994,0,294,0,0
B10_D1,333,0,16,0,0
G1_D1,670,0,151,0,0
B6_D1,570,0,302,0,0
B10_D1,609,0,1,0,0
B2_D1,948,0,20,0,0
B10_D1,440,0,459,0,0
B6_D1,864,0,31,0,0
B10_D1,462,0,30,0,0
G1_D1,451,0,81,0,0
B6_D1,918,0,398,0,0
B10_D1,512,0,78,0,0
B10_D1,840,0,86,0,0
B6_D1,858,0,490,0,0
B10_D1,857,0,11,0,0
B10_D1,136,0,290,0,0
B10_D1,309,0,52,0,0
G1_D1,825,0,232,0,0
B2_D1,773,0,237,0,0
G1_D1,273,0,64,0,0
B6_D1,166,0,504,0,0
G1_D1,1023,0,243,0,0
B10_D1,216,0,426,0,0
B10_D1,108,0,282,0,0
G1_D1,726,0,259,0,0
B10_D1,27,0,187,0,0
B6_D1,729,0,200,0,0
B2_D1,927,0,72,0,0
B6_D1,166,0,508,0,0
G1_D1,1009,0,107,0,0
B6_D1,139,0,300,0,0
B2_D1,425,0,110,0,0
B10_D1,417,0,101,0,0
B4_D1,612,0,39,0,0
B6_D1,160,0,42,0,0
G1_D1,544,0,44,0,0
B6_D1,982,0,400,0,0
B10_D1,612,0,157,0,0
B4_D1,5,0,152,0,0
B10_D1,149,0,425,0,0
G1_D1,345,0,235,0,0
G1_D1,838,0,233,0,0
B2_D1,197,0,25,0,0
B6_D1,305,0,480,0,0
B10_D1,105,0,123,0,0
B10_D1,778,0,234,0,0
G1_D1,25,0,271,0,0
G1_D1,45,0,83,0,0
B10_D1,216,0,362,0,0
B4_D1,230,0,272,0,0
B6_D1,714,0,419,0,0
G1_D1,760,0,331,0,0
B10_D1,791,0,33,0,0
B10_D1,1021,0,34,0,0
B10_D1,995,0,492,0,0
B6_D1,381,0,50,0,0
B10_D1,532,0,127,0,0
B10_D1,934,0,375,0,0
B10_D1,182,0,261,0,0
G1_D1,316,0,30,0,0
B10_D1,809,0,48,0,0
B10_D1,763,0,113,0,0
B10_D1,262,0,52,0,0
B6_D1,535,0,261,0,0
B6_D1,764,0,28,0,0
B10_D1,295,0,3,0,0
B10_D1,1023,0,270,0,0
B6_D1,689,0,211,0,0
B6_D1,817,0,102,0,0
B10_D1,623,0,286,0,0
B6_D1,371,0,157,0,0
B6_D1,815,0,198,0,0
G1_D1,583,0,95,0,0
B10_D1,334,0,414,0,0
B6_D1,476,0,1,0,0
G1_D1,272,0,261,0,0
B10_D1,580,0,510,0,0
B10_D1,371,0,256,0,0
G1_D1,51,0,24,0,0
B2_D1,560,0,286,0,0
B6_D1,164,0,13,0,0
B6_D1,750,0,492,0,0
B10_D1,797,0,77,0,0
G1_D1,361,0,12,0,0
G1_D1,819,0,6,0,0
B6_D1,41,0,399,0,0
B6_D1,479,0,435,0,0
B8_D1,82,0,143,0,0
B10_D1,342,0,74,0,0
G1_D1,1020,0,435,0,0
B10_D1,373,0,161,0,0
B10_D1,921,0,469,0,0
G1_D1,138,0,60,0,0
B10_D1,782,0,448,0,0
G1_D1,883,0,111,0,0
B10_D1,863,0,55,0,0
B6_D1,436,0,11,0,0
G1_D1,161,0,273,0,0
B6_D1,122,0,148,0,0
B6_D1,308,0,20,0,0
B4_D1,337,0,217,0,0
B10_D1,607,0,349,0,0
B6_D1,98,0,503,0,0
G1_D1,17,0,155,0,0
B10_D1,788,0,166,0,0
B6_D1,17,0,340,0,0
B6_D1,796,0,50,0,0
B4_D1,697,0,283,0,0
B6_D1,692,0,48,0,0
B4_D1,451,0,417,0,0
B6_D1,547,0,373,0,0
B4_D1,100,0,20,0,0
B6_D1,713,0,468,0,0
G1_D1,236,0,408,0,0
B10_D1,611,0,210,0,0
B6_D1,156,0,9,0,0
G1_D1,669,0,312,0,0
B6_D1,568,0,42,0,0
B8_D1,90,0,141,0,0
G1_D1,186,0,59,0,0
G1_D1,43,0,28,0,0
B6_D1,134,0,114,0,0
B6_D1,399,0,64,0,0
B10_D1,333,0,413,0,0
B6_D1,553,0,263,0,0
B6_D1,582,0,509,0,0
B10_D1,262,0,51,0,0
B10_D1,130,0,229,0,0
B6_D1,156,0,233,0,0
B4_D1,136,0,307,0,0
B6_D1,626,0,210,0,0
B6_D1,157,0,253,0,0
B10_D1,33,0,24,0,0
G1_D1,922,0,9,0,0
G1_D1,764,0,245,0,0
B6_D1,39,0,85,0,0
B10_D1,489,0,158,0,0
B6_D1,21,0,373,0,0
B6_D1,956,0,34,0,0
B6_D1,894,0,498,0,0
B10_D1,624,0,259,0,0
G1_D1,1016,0,196,0,0
B6_D1,706,0,112,0,0
G1_D1,988,0,70,0,0
B6_D1,434,0,497,0,0
B6_D1,476,0,348,0,0
G1_D1,147,0,10,0,0
B10_D1,331,0,63,0,0
B4_D1,670,0,258,0,0
B10_D1,250,0,504,0,0
B2_D1,701,0,509,0,0
B4_D1,648,0,325,0,0
G1_D1,986,0,32,0,0
B6_D1,54,0,190,0,0
B4_D1,164,0,175,0,0
B6_D1,231,0,385,0,0
B4_D1,345,0,203,0,0
B6_D1,906,0,498,0,0
B2_D1,876,0,383,0,0
B10_D1,457,0,339,0,0
B6_D1,6,0,229,0,0
B10_D1,350,0,508,0,0
B6_D1,358,0,490,0,0
B6_D1,476,0,32,0,0
B6_D1,106,0,400,0,0
B6_D1,526,0,502,0,0
B2_D1,571,0,222,0,0
G1_D1,470,0,22,0,0
B6_D1,406,0,460,0,0
G1_D1,177,0,186,0,0
B6_D1,411,0,361,0,0
G1_D1,906,0,444,0,0
B10_D1,356,0,312,0,0
B6_D1,416,0,101,0,0
B6_D1,727,0,353,0,0
B6_D1,317,0,190,0,0
B10_D1,478,0,237,0,0
B2_D1,436,0,31,0,0
B4_D1,806,0,17,0,0
B2_D1,586,0,362,0,0
B8_D1,485,0,200,0,0
B6_D1,22,0,272,0,0
B6_D1,240,0,45,0,0
B2_D1,407,0,130,0,0
B6_D1,624,0,38,0,0
B6_D1,224,0,18,0,0
B10_D1,435,0,246,0,0
B6_D1,170,0,438,0,0
B10_D1,405,0,339,0,0
G1_D1,748,0,240,0,0
B6_D1,99,0,85,0,0
B10_D1,457,0,93,0,0
B6_D1,612,0,27,0,0
G1_D1,386,0,238,0,0
G1_D1,278,0,29,0,0
G1_D1,997,0,8,0,0
B10_D1,448,0,159,0,0
G1_D1,141,0,4,0,0
B10_D1,42,0,52,0,0
G1_D1,268,0,263,0,0
B6_D1,436,0,420,0,0
B10_D1,956,0,280,0,0
B2_D1,540,0,286,0,0
B6_D1,570,0,348,0,0
B4_D1,119,0,44,0,0
B6_D1,825,0,480,0,0
B2_D1,140,0,450,0,0
G1_D1,986,0,35,0,0
B10_D1,299,0,270,0,0
B6_D1,262,0,478,0,0
B4_D1,347,0,356,0,0
G1_D1,173,0,167,0,0
B4_D1,332,0,219,0,0
B10_D1,670,0,389,0,0
B10_D1,56,0,450,0,0
B10_D1,150,0,113,0,0
G1_D1,121,0,96,0,0
B6_D1,965,0,247,0,0
B2_D1,376,0,132,0,0
B10_D1,664,0,241,0,0
B10_D1,408,0,275,0,0
B6_D1,272,0,47,0,0
B10_D1,755,0,0,0,0
B4_D1,5,0,32,0,0
B10_D1,110,0,146,0,0
G1_D1,936,0,256,0,0
B6_D1,996,0,414,0,0
B4_D1,682,0,19,0,0
B4_D1,259,0,261,0,0
B6_D1,634,0,509,0,0
B10_D1,528,0,90,0,0
B6_D1,202,0,478,0,0
B6_D1,694,0,334,0,0
B10_D1,734,0,90,0,0
G1_D1,354,0,88,0,0
B6_D1,835,0,360,0,0
G1_D1,384,0,510,0,0
G1_D1,60,0,144,0,0
B6_D1,853,0,326,0,0
G1_D1,100,0,102,0,0
B10_D1,286,0,30,0,0
G1_D1,514,0,270,0,0
G1_D1,916,0,248,0,0
B6_D1,66,0,503,0,0
B10_D1,903,0,3,0,0
B6_D1,112,0,189,0,0
B6_D1,412,0,20,0,0
G1_D1,364,0,197,0,0
B10_D1,746,0,466,0,0
B10_D1,667,0,2,0,0
B4_D1,190,0,147,0,0
B6_D1,888,0,194,0,0
B6_D1,365,0,480,0,0
B10_D1,407,0,510,0,0
B10_D1,783,0,332,0,0
G1_D1,733,0,12,0,0
B6_D1,771,0,358,0,0
G1_D1,998,0,189,0,0
B10_D1,344,0,99,0,0
G1_D1,923,0,21,0,0
G1_D1,34,0,229,0,0
B4_D1,79,0,38,0,0
B6_D1,256,0,242,0,0
B6_D1,302,0,137,0,0
B10_D1,30,0,256,0,0
B4_D1,7,0,452,0,0
B6_D1,676,0,24,0,0
B6_D1,16,0,240,0,0
B10_D1,550,0,316,0,0
B6_D1,16,0,47,0,0
B6_D1,468,0,8,0,0
B6_D1,498,0,249,0,0
B8_D1,252,0,331,0,0
B10_D1,406,0,166,0,0
B10_D1,773,0,511,0,0
B10_D1,82,0,229,0,0
B6_D1,152,0,153,0,0
B6_D1,932,0,38,0,0
B10_D1,859,0,38,0,0
B6_D1,165,0,58,0,0
B6_D1,809,0,87,0,0
B2_D1,702,0,91,0,0
G1_D1,966,0,23,0,0
B10_D1,1002,0,299,0,0
B6_D1,859,0,312,0,0
B10_D1,512,0,9,0,0
B6_D1,512,0,257,0,0
B10_D1,692,0,78,0,0
B6_D1,954,0,349,0,0
B10_D1,93,0,40,0,0
B8_D1,598,0,298,0,0
G1_D1,39,0,150,0,0
B6_D1,182,0,401,0,0
B10_D1,60,0,33,0,0
G1_D1,412,0,11,0,0
B2_D1,346,0,161,0,0
B6_D1,381,0,444,0,0
G1_D1,290,0,124,0,0
B10_D1,405,0,460,0,0
G1_D1,602,0,142,0,0
B6_D1,184,0,63,0,0
B10_D1,848,0,188,0,0
B10_D1,593,0,305,0,0
B10_D1,12,0,207,0,0
B6_D1,142,0,500,0,0
B10_D1,754,0,308,0,0
B6_D1,308,0,25,0,0
B6_D1,296,0,6,0,0
B6_D1,932,0,241,0,0
B10_D1,26,0,127,0,0
B10_D1,225,0,427,0,0
G1_D1,657,0,473,0,0
B10_D1,328,0,160,0,0
B10_D1,912,0,138,0,0
B10_D1,716,0,60,0,0
B6_D1,168,0,40,0,0
B6_D1,78,0,494,0,0
B10_D1,136,0,94,0,0
B10_D1,607,0,136,0,0
B2_D1,49,0,31,0,0
B10_D1,167,0,39,0,0
B10_D1,324,0,33,0,0
B10_D1,243,0,193,0,0
G1_D1,430,0,481,0,0
B6_D1,293,0,393,0,0
B6_D1,685,0,270,0,0
G1_D1,180,0,288,0,0
G1_D1,280,0,188,0,0
B10_D1,147,0,354,0,0
B4_D1,649,0,286,0,0
G1_D1,151,0,80,0,0
G1_D1,780,0,244,0,0
B8_D1,111,0,137,0,0
G1_D1,13,0,62,0,0
G1_D1,169,0,4,0,0
B10_D1,30,0,113,0,0
B6_D1,928,0,164,0,1
G1_D1,971,0,240,0,0
G1_D1,984,0,147,0,0
B10_D1,8,0,185,0,0
B6_D1,616,0,357,0,0
B10_D1,590,0,283,0,0
B2_D1,476,0,166,0,0
B6_D1,408,0,40,0,0
B6_D1,921,0,91,0,0
B10_D1,67,0,160,0,0
B10_D1,39,0,112,0,0
B10_D1,191,0,143,0,0
B6_D1,58,0,97,0,0
B6_D1,606,0,494,0,0
B6_D1,516,0,37,0,0
B10_D1,397,0,339,0,0
B6_D1,889,0,390,0,0
B10_D1,763,0,486,0,0
B6_D1,651,0,371,0,0
B4_D1,375,0,16,0,0
B6_D1,696,0,30,0,0
B6_D1,185,0,107,0,0
B6_D1,191,0,141,0,0
B6_D1,357,0,138,0,0
B4_D1,16,0,168,0,0
B10_D1,355,0,504,0,0
G1_D1,473,0,84,0,0
B6_D1,262,0,101,0,0
B2_D1,465,0,39,0,0
B10_D1,349,0,243,0,0
G1_D1,309,0,510,0,0
B6_D1,836,0,22,0,0
G1_D1,16,0,237,0,0
B10_D1,355,0,411,0,0
B10_D1,295,0,119,0,0
B10_D1,541,0,318,0,0
B6_D1,412,0,261,0,0
B6_D1,116,0,27,0,0
B10_D1,99,0,49,0,0
G1_D1,892,0,49,0,0
G1_D1,109,0,4,0,0
B6_D1,712,0,285,0,0
B10_D1,345,0,224,0,0
G1_D1,182,0,67,0,0
B10_D1,16,0,231,0,0
B6_D1,843,0,438,0,0
B6_D1,786,0,493,0,0
B6_D1,714,0,487,0,0
B6_D1,350,0,506,0,0
B10_D1,525,0,63,0,0
B6_D1,812,0,4,0,0
B10_D1,795,0,15,0,0
G1_D1,844,0,301,0,0
G1_D1,176,0,11,0,0
B10_D1,166,0,120,0,0
B6_D1,90,0,282,0,0
B4_D1,847,0,66,0,0
B10_D1,547,0,0,0,0
B8_D1,160,0,341,0,0
B10_D1,771,0,73,0,0
B6_D1,148,0,175,0,0
B6_D1,163,0,329,0,0
G1_D1,1021,0,165,0,0
B2_D1,306,0,510,0,0
B4_D1,809,0,206,0,0
B6_D1,310,0,376,0,0
B10_D1,381,0,283,0,0
B6_D1,702,0,482,0,0
B4_D1,0,0,252,0,0
B6_D1,764,0,27,0,0
G1_D1,380,0,285,0,0
G1_D1,999,0,248,0,0
G1_D1,305,0,54,0,0
B8_D1,38,0,325,0,0
G1_D1,517,0,52,0,0
B6_D1,983,0,401,0,0
B4_D1,978,0,60,0,0
B8_D1,747,0,314,0,0
B2_D1,569,0,101,0,0
B10_D1,52,0,5,0,0
B6_D1,552,0,33,0,0
B10_D1,152,0,505,0,0
G1_D1,12,0,161,0,0
G1_D1,170,0,503,0,0
B4_D1,121,0,419,0,0
B8_D1,285,0,321,0,0
B10_D1,67,0,143,0,0
B2_D1,439,0,42,0,0
B10_D1,65,0,142,0,0
B10_D1,617,0,277,0,0
B2_D1,493,0,486,0,0
B10_D1,832,0,5,0,0
B4_D1,130,0,208,0,0
B2_D1,902,0,20,0,0
B6_D1,312,0,17,0,0
B6_D1,452,0,19,0,0
B10_D1,466,0,244,0,0
B6_D1,154,0,405,0,0
G1_D1,618,0,37,0,0
B6_D1,890,0,92,0,0
B2_D1,307,0,292,0,0
B10_D1,727,0,335,0,0
B2_D1,250,0,511,0,0
B10_D1,58,0,149,0,0
B10_D1,772,0,100,0,0
G1_D1,1018,0,292,0,0
B6_D1,764,0,43,0,0
B6_D1,356,0,39,0,0
B6_D1,232,0,45,0,0
B2_D1,0,0,497,0,0
G1_D1,719,0,61,0,0
B4_D1,174,0,17,0,0
B6_D1,38,0,490,0,0
G1_D1,735,0,456,0,0
B2_D1,681,0,510,0,0
B10_D1,916,0,302,0,0
G1_D1,928,0,11,0,0
B10_D1,221,0,360,0,0
B10_D1,62,0,267,0,0
G1_D1,14,0,210,0,0
G1_D1,980,0,20,0,0
G1_D1,527,0,64,0,0
B6_D1,862,0,494,0,0
B6_D1,745,0,104,0,0
B6_D1,912,0,29,0,0
B6_D1,326,0,379,0,0
G1_D1,274,0,22,0,0
B6_D1,928,0,33,0,0
B2_D1,274,0,486,0,0
B2_D1,781,0,26,0,0
G1_D1,932,0,0,0,0
G1_D1,1015,0,136,0,0
B4_D1,3,0,133,0,0
B6_D1,331,0,263,0,0
B10_D1,339,0,15,0,0
B10_D1,220,0,132,0,0
B6_D1,799,0,93,0,0
B6_D1,549,0,324,0,0
B6_D1,1016,0,37,0,0
B6_D1,637,0,173,0,0
G1_D1,11,0,243,0,0
G1_D1,28,0,89,0,0
B10_D1,510,0,331,0,0
B2_D1,675,0,286,0,0
G1_D1,838,0,441,0,0
G1_D1,789,0,300,0,0
B10_D1,506,0,250,0,0
B6_D1,528,0,363,0,0
B6_D1,196,0,31,0,0
B6_D1,507,0,433,0,0
B6_D1,475,0,60,0,0
B6_D1,271,0,260,0,0
G1_D1,48,0,311,0,0
B6_D1,843,0,143,0,0
B10_D1,533,0,479,0,0
B6_D1,217,0,143,0,0
B10_D1,217,0,26,0,0
B6_D1,356,0,12,0,0
G1_D1,139,0,106,0,0
B10_D1,367,0,242,0,0
B8_D1,812,0,234,0,0
B6_D1,666,0,487,0,0
B6_D1,738,0,344,0,0
B6_D1,798,0,500,0,0
G1_D1,302,0,457,0,0
G1_D1,960,0,466,0,0
G1_D1,289,0,266,0,0
B4_D1,223,0,178,0,0
B10_D1,693,0,14,0,0
B6_D1,102,0,494,0,0
B6_D1,934,0,263,0,0
B6_D1,580,0,13,0,0
B6_D1,163,0,479,0,0
B4_D1,785,0,246,0,0
B2_D1,675,0,459,0,0
B10_D1,818,0,93,0,0
B10_D1,131,0,105,0,0
B6_D1,1012,0,43,0,0
G1_D1,8,0,284,0,0
G1_D1,992,0,122,0,0
B2_D1,641,0,506,0,0
B10_D1,546,0,30,0,0
B6_D1,543,0,160,0,0
B6_D1,690,0,134,0,0
G1_D1,861,0,72,0,0
B10_D1,60,0,286,0,0
G1_D1,618,0,142,0,0
B10_D1,564,0,410,0,0
B10_D1,4,0,98,0,0
B4_D1,245,0,51,0,0
B6_D1,853,0,196,0,0
B4_D1,668,0,270,0,0
B8_D1,208,0,191,0,0
G1_D1,635,0,120,0,0
B6_D1,108,0,147,0,0
G1_D1,8,0,197,0,0
B10_D1,186,0,199,0,0
B6_D1,839,0,189,0,0
B10_D1,401,0,468,0,0
B6_D1,383,0,60,0,0
G1_D1,223,0,193,0,0
B6_D1,389,0,409,0,0
B6_D1,802,0,131,0,0
B10_D1,33,0,262,0,0
G1_D1,245,0,493,0,0
B10_D1,25,0,178,0,0
B6_D1,604,0,335,0,0
B6_D1,322,0,205,0,0
B10_D1,430,0,500,0,0
B10_D1,792,0,38,0,0
B6_D1,635,0,425,0,0
G1_D1,108,0,164,0,0
G1_D1,12,0,400,0,0
B10_D1,833,0,102,0,0
B6_D1,1022,0,395,0,0
B10_D1,448,0,313,0,0
B4_D1,811,0,41,0,0
B4_D1,82,0,34,0,0
B10_D1,99,0,10,0,0
B10_D1,1023,0,0,0,0
B6_D1,751,0,271,0,0
B6_D1,320,0,46,0,0
B2_D1,222,0,485,0,0
B6_D1,589,0,417,0,0
G1_D1,939,0,442,0,0
B10_D1,156,0,143,0,0
B4_D1,577,0,115,0,0
B6_D1,464,0,406,0,0
G1_D1,977,0,103,0,0
G1_D1,937,0,279,0,0
B10_D1,408,0,151,0,0
B6_D1,1007,0,166,0,0
B10_D1,654,0,114,0,0
B10_D1,809,0,327,0,0
G1_D1,674,0,245,0,0
G1_D1,658,0,299,0,0
B6_D1,94,0,393,0,0
G1_D1,482,0,308,0,0
B10_D1,256,0,208,0,0
B10_D1,212,0,291,0,0
B4_D1,808,0,54,0,0
B6_D1,1017,0,146,0,0
B6_D1,797,0,379,0,0
B6_D1,828,0,23,0,0
B10_D1,117,0,449,0,0
B6_D1,40,0,132,0,0
B10_D1,270,0,441,0,0
B6_D1,231,0,158,0,0
B6_D1,987,0,297,0,0
B10_D1,128,0,347,0,0
B10_D1,745,0,421,0,0
B6_D1,230,0,495,0,0
B10_D1,284,0,197,0,0
B8_D1,560,0,289,0,0
B10_D1,230,0,344,0,0
B10_D1,22,0,127,0,0
G1_D1,584,0,197,0,0
B10_D1,135,0,12,0,0
B10_D1,836,0,435,0,0
G1_D1,331,0,397,0,0
G1_D1,174,0,13,0,0
G1_D1,954,0,272,0,0
B6_D1,140,0,30,0,0
B4_D1,593,0,222,0,0
B2_D1,508,0,286,0,0
B6_D1,564,0,39,0,0
B6_D1,811,0,83,0,0
G1_D1,266,0,13,0,0
B10_D1,134,0,166,0,0
B2_D1,948,0,243,0,0
B10_D1,261,0,173,0,0
B6_D1,144,0,21,0,0
B6_D1,314,0,401,0,0
B10_D1,137,0,449,0,0
B2_D1,803,0,59,0,0
B2_D1,3,0,64,0,0
B6_D1,900,0,265,0,0
B6_D1,866,0,238,0,0
B6_D1,324,0,17,0,0
B6_D1,1023,0,59,0,0
G1_D1,655,0,152,0,0
G1_D1,257,0,287,0,0
G1_D1,725,0,82,0,0
B10_D1,846,0,325,0,0
B10_D1,229,0,178,0,0
B10_D1,596,0,41,0,0
B6_D1,638,0,163,0,0
G1_D1,267,0,187,0,0
G1_D1,890,0,257,0,0
B6_D1,902,0,114,0,0
B10_D1,745,0,84,0,0
B10_D1,725,0,272,0,0
B10_D1,614,0,50,0,0
B6_D1,37,0,131,0,0
B6_D1,620,0,46,0,0
G1_D1,12,0,344,0,0
B2_D1,529,0,480,0,0
B6_D1,704,0,41,0,0
B6_D1,236,0,157,0,0
B6_D1,224,0,47,0,0
G1_D1,190,0,72,0,0
B8_D1,435,0,197,0,0
B10_D1,528,0,161,0,0
B8_D1,98,0,141,0,0
B6_D1,635,0,184,0,0
B6_D1,820,0,30,0,0
B10_D1,153,0,157,0,0
B10_D1,402,0,238,0,0
G1_D1,666,0,190,0,0
G1_D1,213,0,42,0,0
B6_D1,167,0,181,0,0
B6_D1,976,0,29,0,0
G1_D1,469,0,114,0,0
B6_D1,144,0,98,0,0
G1_D1,14,0,354,0,0
B6_D1,1006,0,505,0,0
B2_D1,672,0,460,0,0
B10_D1,941,0,2,0,0
B10_D1,832,0,282,0,0
B6_D1,5,0,118,0,0
B10_D1,886,0,243,0,0
B6_D1,884,0,34,0,0
G1_D1,213,0,143,0,0
B6_D1,204,0,64,0,0
B6_D1,582,0,505,0,0
G1_D1,8,0,55,0,0
B6_D1,612,0,389,0,0
B10_D1,8,0,251,0,0
B4_D1,128,0,205,0,0
B6_D1,968,0,17,0,0
B6_D1,110,0,425,0,0
B8_D1,902,0,303,0,0
B10_D1,802,0,47,0,0
G1_D1,1003,0,195,0,0
G1_D1,30,0,208,0,0
B10_D1,185,0,34,0,0
B6_D1,108,0,424,0,0
B2_D1,281,0,59,0,0
G1_D1,790,0,45,0,0
B6_D1,706,0,510,0,0
B6_D1,404,0,292,0,0
G1_D1,735,0,15,0,0
B6_D1,140,0,91,0,0
B4_D1,28,0,257,0,0
B10_D1,16,0,294,0,0
B6_D1,445,0,383,0,0
G1_D1,26,0,115,0,0
B10_D1,491,0,113,0,0
B10_D1,786,0,22,0,0
B6_D1,1,0,126,0,0
B10_D1,596,0,44,0,0
G1_D1,13,0,125,0,0
B6_D1,794,0,497,0,0
B6_D1,836,0,393,0,0
G1_D1,72,0,180,0,0
B10_D1,25,0,166,0,0
B10_D1,419,0,278,0,0
B10_D1,363,0,65,0,0
B10_D1,396,0,67,0,0
G1_D1,908,0,309,0,0
B10_D1,616,0,133,0,0
G1_D1,293,0,53,0,0
G1_D1,687,0,41,0,0
B6_D1,7,0,448,0,0
B2_D1,810,0,64,0,0
B4_D1,744,0,35,0,0
B4_D1,6,0,441,0,0
B10_D1,437,0,234,0,0
B6_D1,562,0,496,0,0
B6_D1,915,0,343,0,0
B2_D1,956,0,259,0,0
B6_D1,187,0,153,0,0
B10_D1,811,0,46,0,0
G1_D1,73,0,311,0,0
B6_D1,168,0,197,0,0
B4_D1,160,0,5,0,0
B6_D1,584,0,18,0,0
B6_D1,967,0,256,0,0
B4_D1,770,0,232,0,0
B6_D1,571,0,361,0,0
G1_D1,25,0,152,0,0
B4_D1,687,0,14,0,0
B10_D1,302,0,26,0,0
G1_D1,817,0,12,0,0
B6_D1,933,0,107,0,0
B6_D1,610,0,340,0,0
B6_D1,626,0,370,0,0
G1_D1,596,0,11,0,0
B10_D1,611,0,317,0,0
B10_D1,551,0,309,0,0
B6_D1,726,0,505,0,0
B6_D1,154,0,426,0,0
G1_D1,29,0,265,0,0
B10_D1,841,0,335,0,0
B6_D1,218,0,408,0,0
B2_D1,358,0,23,0,0
B10_D1,652,0,457,0,0
B10_D1,604,0,234,0,0
B10_D1,604,0,39,0,0
G1_D1,322,0,60,0,0
B4_D1,577,0,204,0,0
G1_D1,737,0,471,0,0
B6_D1,30,0,203,0,0
G1_D1,21,0,83,0,0
B6_D1,299,0,141,0,0
B6_D1,49,0,275,0,0
B10_D1,5,0,323,0,0
B6_D1,540,0,18,0,0
B10_D1,64,0,165,0,0
B6_D1,665,0,413,0,0
B8_D1,1022,0,441,0,0
B2_D1,312,0,139,0,0
B2_D1,218,0,75,0,0
B10_D1,1005,0,334,0,0
G1_D1,891,0,392,0,0
B6_D1,1010,0,433,0,0
B6_D1,360,0,47,0,0
G1_D1,23,0,150,0,0
B6_D1,738,0,55,0,0
B10_D1,558,0,107,0,0
B6_D1,608,0,48,0,0
B6_D1,743,0,336,0,0
B6_D1,83,0,390,0,0
B10_D1,401,0,462,0,0
B6_D1,510,0,327,0,0
B6_D1,133,0,476,0,0
B10_D1,710,0,120,0,0
G1_D1,514,0,204,0,0
G1_D1,733,0,375,0,0
B6_D1,672,0,42,0,0
B4_D1,769,0,306,0,0
B6_D1,946,0,130,0,0
G1_D1,1016,0,48,0,0
B10_D1,530,0,313,0,0
B6_D1,864,0,32,0,0
G1_D1,511,0,63,0,0
B10_D1,437,0,456,0,0
G1_D1,282,0,236,0,0
B10_D1,664,0,263,0,0
B6_D1,250,0,70,0,0
B6_D1,973,0,93,0,0
G1_D1,324,0,287,0,0
B10_D1,86,0,402,0,0
B10_D1,777,0,93,0,0
G1_D1,981,0,83,0,0
B10_D1,962,0,81,0,0
B6_D1,27,0,249,0,0
B6_D1,682,0,500,0,0
B10_D1,693,0,191,0,0
B6_D1,208,0,5,0,0
B10_D1,273,0,170,0,0
G1_D1,1006,0,185,0,0
B2_D1,708,0,52,0,0
B6_D1,550,0,287,0,0
B6_D1,531,0,442,0,0
B2_D1,257,0,199,0,0
B6_D1,376,0,27,0,0
G1_D1,17,0,277,0,0
B10_D1,42,0,291,0,0
G1_D1,625,0,8,0,0
B6_D1,158,0,399,0,0
B8_D1,329,0,308,0,0
B6_D1,1,0,397,0,0
B10_D1,836,0,5,0,0
B6_D1,244,0,71,0,0
B10_D1,99,0,113,0,0
B6_D1,207,0,480,0,0
B10_D1,191,0,190,0,0
B6_D1,191,0,474,0,0
B6_D1,202,0,113,0,0
B4_D1,914,0,74,0,0
B6_D1,942,0,345,0,0
B10_D1,592,0,323,0,0
B6_D1,908,0,115,0,0
B6_D1,740,0,281,0,0
B6_D1,68,0,85,0,0
B2_D1,948,0,4,0,0
B6_D1,224,0,174,0,0
B2_D1,602,0,482,0,0
B4_D1,1012,0,212,0,0
B4_D1,795,0,85,0,0
B10_D1,340,0,415,0,0
B10_D1,369,0,195,0,0
G1_D1,791,0,39,0,0
G1_D1,42,0,134,0,0
G1_D1,805,0,60,0,0
B10_D1,607,0,112,0,0
B6_D1,188,0,14,0,0
B4_D1,181,0,236,0,0
B2_D1,224,0,301,0,0
G1_D1,93,0,12,0,0
B10_D1,128,0,435,0,0
B2_D1,586,0,479,0,0
B6_D1,650,0,423,0,0
B6_D1,217,0,276,0,0
B10_D1,42,0,68,0,0
B8_D1,281,0,183,0,0
B6_D1,844,0,451,0,0
B6_D1,348,0,167,0,0
B10_D1,861,0,12,0,0
B10_D1,431,0,282,0,0
B6_D1,833,0,188,0,0
B4_D1,774,0,259,0,0
B10_D1,134,0,349,0,0
B6_D1,541,0,343,0,0
B4_D1,869,0,39,0,0
B6_D1,322,0,379,0,0
B6_D1,966,0,398,0,0
B10_D1,748,0,402,0,0
G1_D1,587,0,16,0,0
B8_D1,775,0,310,0,0
B10_D1,310,0,125,0,0
G1_D1,396,0,510,0,0
G1_D1,788,0,218,0,0
B4_D1,26,0,5,0,0
B10_D1,44,0,249,0,0
G1_D1,819,0,86,0,0
B6_D1,968,0,7,0,0
G1_D1,724,0,457,0,0
B6_D1,402,0,503,0,0
B6_D1,704,0,396,0,0
G1_D1,764,0,301,0,0
B2_D1,158,0,139,0,0
B2_D1,813,0,21,0,0
B10_D1,232,0,291,0,0
B6_D1,259,0,398,0,0
B10_D1,970,0,69,0,0
B10_D1,894,0,26,0,0
B6_D1,339,0,458,0,0
B6_D1,708,0,34,0,0
B4_D1,670,0,106,0,0
G1_D1,88,0,86,0,0
G1_D1,980,0,94,0,0
B6_D1,429,0,50,0,0
B10_D1,353,0,268,0,0
B6_D1,911,0,138,0,0
B2_D1,792,0,59,0,0
G1_D1,276,0,54,0,0
B6_D1,209,0,359,0,0
B4_D1,793,0,246,0,0
B10_D1,565,0,298,0,0
B4_D1,43,0,28,0,0
G1_D1,469,0,97,0,0
G1_D1,59,0,86,0,0
B10_D1,50,0,63,0,0
B6_D1,220,0,462,0,0
B6_D1,130,0,49,0,0
B10_D1,12,0,5,0,0
B6_D1,746,0,274,0,0
G1_D1,290,0,236,0,0
B10_D1,750,0,445,0,0
B10_D1,993,0,296,0,0
G1_D1,880,0,238,0,0
G1_D1,776,0,301,0,0
B10_D1,622,0,233,0,0
B6_D1,835,0,263,0,0
B10_D1,423,0,364,0,0
B6_D1,506,0,377,0,0
G1_D1,321,0,319,0,0
B6_D1,718,0,489,0,0
B6_D1,964,0,5,0,0
B4_D1,228,0,68,0,0
B10_D1,549,0,270,0,0
B10_D1,909,0,256,0,0
B6_D1,541,0,206,0,0
B6_D1,217,0,481,0,0
B2_D1,772,0,242,0,0
B2_D1,643,0,289,0,0
G1_D1,38,0,181,0,0
G1_D1,1005,0,86,0,0
B6_D1,860,0,29,0,0
B6_D1,328,0,15,0,0
B4_D1,489,0,431,0,0
B6_D1,343,0,217,0,0
B6_D1,181,0,170,0,0
B6_D1,22,0,93,0,0
G1_D1,766,0,5,0,0
B10_D1,355,0,234,0,0
B10_D1,572,0,153,0,0
B10_D1,342,0,335,0,0
B6_D1,735,0,54,0,0
B6_D1,800,0,97,0,0
B4_D1,366,0,300,0,0
B4_D1,964,0,12,0,0
B6_D1,566,0,297,0,0
B6_D1,804,0,145,0,0
B6_D1,616,0,193,0,0
B10_D1,846,0,287,0,0
B6_D1,504,0,449,0,0
G1_D1,1022,0,13,0,0
B6_D1,682,0,502,0,0
B6_D1,62,0,305,0,0
B2_D1,698,0,22,0,0
B6_D1,491,0,379,0,0
B6_D1,396,0,43,0,0
B10_D1,1023,0,192,0,0
B10_D1,147,0,314,0,0
G1_D1,342,0,22,0,0
B10_D1,488,0,84,0,0
B6_D1,789,0,259,0,0
B10_D1,306,0,309,0,0
G1_D1,912,0,80,0,0
B10_D1,412,0,275,0,0
B10_D1,93,0,140,0,0
B10_D1,390,0,180,0,0
B6_D1,308,0,32,0,0
B6_D1,454,0,507,0,0
G1_D1,836,0,3,0,0
B6_D1,142,0,215,0,0
B8_D1,84,0,226,0,0
B6_D1,422,0,320,0,0
G1_D1,945,0,235,0,0
G1_D1,62,0,18,0,0
B6_D1,6,0,305,0,0
B6_D1,874,0,92,0,0
B6_D1,590,0,511,0,0
G1_D1,190,0,188,0,0
B6_D1,240,0,69,0,0
B6_D1,64,0,92,0,0
B6_D1,997,0,82,0,0
G1_D1,940,0,269,0,0
B10_D1,487,0,466,0,0
B2_D1,264,0,139,0,0
B6_D1,227,0,345,0,0
B6_D1,934,0,435,0,0
B6_D1,170,0,511,0,0
B4_D1,626,0,184,0,0
B6_D1,921,0,405,0,0
G1_D1,973,0,238,0,0
G1_D1,175,0,163,0,0
B10_D1,648,0,153,0,0
B10_D1,297,0,278,0,0
G1_D1,944,0,234,0,0
B10_D1,340,0,313,0,0
B10_D1,14,0,177,0,0
B2_D1,824,0,0,0,0
B6_D1,311,0,333,0,0
B4_D1,434,0,412,0,0
B6_D1,238,0,305,0,0
G1_D1,955,0,233,0,0
B4_D1,515,0,72,0,0
B8_D1,895,0,235,0,0
B6_D1,858,0,495,0,0
B10_D1,350,0,340,0,0
B10_D1,940,0,24,0,0
B6_D1,536,0,45,0,0
B6_D1,439,0,235,0,0
B10_D1,448,0,341,0,0
B6_D1,160,0,44,0,0
B6_D1,734,0,503,0,0
B6_D1,982,0,84,0,0
B6_D1,948,0,11,0,0
B4_D1,7,0,349,0,0
B10_D1,815,0,453,0,0
B6_D1,395,0,384,0,0
G1_D1,34,0,67,0,0
B4_D1,512,0,212,0,0
B6_D1,130,0,494,0,0
B6_D1,232,0,71,0,0
B6_D1,568,0,322,0,0
B6_D1,5,0,225,0,0
B10_D1,941,0,458,0,0
G1_D1,328,0,7,0,0
B10_D1,658,0,172,0,0
B6_D1,819,0,214,0,0
B10_D1,429,0,219,0,0
B10_D1,531,0,266,0,0
B10_D1,562,0,508,0,0
G1_D1,1006,0,189,0,0
B10_D1,679,0,318,0,0
B10_D1,218,0,244,0,0
B6_D1,698,0,153,0,0
B6_D1,640,0,345,0,0
B10_D1,3,0,435,0,0
B10_D1,591,0,214,0,0
B4_D1,6,0,233,0,0
B10_D1,502,0,490,0,0
B6_D1,906,0,511,0,0
B6_D1,642,0,508,0,0
B6_D1,192,0,7,0,0
B10_D1,681,0,77,0,0
B10_D1,64,0,309,0,0
B10_D1,169,0,250,0,0
G1_D1,868,0,102,0,0
B10_D1,475,0,309,0,0
B6_D1,815,0,481,0,0
B10_D1,722,0,334,0,0
B6_D1,916,0,30,0,0
B10_D1,505,0,215,0,0
B10_D1,74,0,13,0,0
B6_D1,530,0,501,0,0
B10_D1,268,0,269,0,0
G1_D1,185,0,45,0,0
B6_D1,156,0,271,0,0
G1_D1,192,0,70,0,0
B6_D1,108,0,26,0,0
B10_D1,280,0,4,0,0
G1_D1,993,0,19,0,0
B6_D1,719,0,361,0,0
G1_D1,440,0,127,0,0
B10_D1,498,0,470,0,0
B10_D1,409,0,170,0,0
B4_D1,59,0,18,0,0
G1_D1,278,0,5,0,0
B6_D1,141,0,365,0,0
B4_D1,794,0,53,0,0
B4_D1,231,0,274,0,0
G1_D1,939,0,30,0,0
G1_D1,275,0,77,0,0
B10_D1,4,0,78,0,0
B10_D1,11,0,223,0,0
B10_D1,135,0,281,0,0
B6_D1,24,0,18,0,0
B10_D1,456,0,6,0,0
G1_D1,38,0,202,0,0
B10_D1,437,0,121,0,0
G1_D1,35,0,133,0,0
B10_D1,706,0,447,0,0
B6_D1,53,0,101,0,0
B6_D1,745,0,343,0,0
B8_D1,477,0,293,0,0
B2_D1,416,0,4,0,0
G1_D1,765,0,423,0,0
G1_D1,730,0,9,0,0
G1_D1,747,0,200,0,0
B10_D1,748,0,164,0,0
B6_D1,178,0,325,0,0
B6_D1,690,0,366,0,0
B10_D1,453,0,114,0,0
B6_D1,274,0,495,0,0
B6_D1,334,0,503,0,0
B6_D1,606,0,338,0,0
B10_D1,776,0,405,0,0
G1_D1,242,0,9,0,0
B4_D1,946,0,294,0,0
B10_D1,289,0,57,0,0
B6_D1,108,0,39,0,0
B6_D1,444,0,20,0,0
G1_D1,549,0,39,0,0
B6_D1,199,0,385,0,0
B6_D1,139,0,325,0,0
B10_D1,189,0,434,0,0
G1_D1,326,0,22,0,0
B10_D1,53,0,208,0,0
B6_D1,347,0,263,0,0
B2_D1,691,0,6,0,0
B10_D1,219,0,150,0,0
G1_D1,65,0,458,0,0
B10_D1,837,0,233,0,0
G1_D1,704,0,0,0,0
B2_D1,620,0,49,0,0
B10_D1,416,0,410,0,0
B10_D1,965,0,294,0,0
B6_D1,887,0,444,0,0
B10_D1,260,0,192,0,0
B6_D1,740,0,241,0,0
B6_D1,8,0,14,0,0
B10_D1,992,0,495,0,0
B6_D1,260,0,359,0,0
B6_D1,622,0,182,0,0
B6_D1,940,0,261,0,0
B6_D1,425,0,248,0,0
B6_D1,971,0,123,0,0
B6_D1,866,0,310,0,0
B2_D1,400,0,509,0,0
B10_D1,757,0,367,0,0
B10_D1,705,0,446,0,0
B4_D1,727,0,33,0,0
B6_D1,266,0,332,0,0
B10_D1,347,0,204,0,0
B10_D1,308,0,180,0,0
G1_D1,99,0,191,0,0
G1_D1,253,0,45,0,0
B4_D1,535,0,416,0,0
G1_D1,59,0,2,0,0
B2_D1,2,0,28,0,0
B6_D1,497,0,324,0,0
B10_D1,99,0,312,0,0
B6_D1,9,0,322,0,0
B6_D1,939,0,300,0,0
B10_D1,971,0,504,0,0
B6_D1,774,0,157,0,0
B2_D1,595,0,289,0,0
G1_D1,974,0,280,0,0
B10_D1,945,0,4,0,0
B10_D1,60,0,311,0,0
B6_D1,396,0,49,0,0
B6_D1,549,0,360,0,0
B6_D1,325,0,382,0,0
B6_D1,477,0,352,0,0
G1_D1,83,0,452,0,0
G1_D1,889,0,54,0,0
B4_D1,58,0,449,0,0
B10_D1,730,0,454,0,0
B6_D1,976,0,5,0,0
B10_D1,794,0,86,0,0
B6_D1,176,0,167,0,0
B6_D1,734,0,490,0,0
B10_D1,15,0,195,0,0
B10_D1,472,0,181,0,0
B6_D1,50,0,487,0,0
G1_D1,1014,0,360,0,0
B10_D1,187,0,12,0,0
B2_D1,314,0,391,0,0
B6_D1,322,0,71,0,0
G1_D1,136,0,203,0,0
B10_D1,197,0,34,0,0
B6_D1,1020,0,461,0,0
B10_D1,107,0,227,0,0
B4_D1,849,0,233,0,0
B4_D1,7,0,203,0,0
G1_D1,643,0,462,0,0
B6_D1,612,0,282,0,0
B10_D1,19,0,256,0,0
G1_D1,19,0,175,0,0
B10_D1,517,0,124,0,0
B8_D1,192,0,3,0,0
B10_D1,515,0,153,0,0
G1_D1,253,0,42,0,0
B6_D1,449,0,110,0,0
B6_D1,0,0,281,0,0
B6_D1,380,0,145,0,0
B10_D1,818,0,438,0,0
B10_D1,649,0,108,0,0
B6_D1,776,0,156,0,0
G1_D1,756,0,257,0,0
B10_D1,607,0,195,0,0
B6_D1,472,0,6,0,0
G1_D1,736,0,242,0,0
B6_D1,726,0,421,0,0
B10_D1,68,0,161,0,0
B6_D1,360,0,385,0,0
B10_D1,95,0,3,0,0
B6_D1,382,0,508,0,0
B10_D1,847,0,108,0,0
B6_D1,703,0,417,0,0
B2_D1,877,0,18,0,0
B10_D1,212,0,66,0,0
G1_D1,891,0,255,0,0
B6_D1,126,0,484,0,0
B6_D1,257,0,331,0,0
B2_D1,602,0,362,0,0
G1_D1,969,0,69,0,0
B4_D1,872,0,93,0,0
B6_D1,336,0,36,0,0
B10_D1,793,0,262,0,0
B10_D1,599,0,290,0,0
B10_D1,313,0,251,0,0
G1_D1,875,0,237,0,0
B6_D1,559,0,232,0,0
G1_D1,769,0,491,0,0
B6_D1,44,0,276,0,0
B4_D1,426,0,290,0,0
B6_D1,356,0,31,0,0
B10_D1,118,0,498,0,0
B6_D1,590,0,509,0,0
B10_D1,1019,0,20,0,0
B10_D1,576,0,290,0,0
G1_D1,309,0,55,0,0
B10_D1,44,0,119,0,0
G1_D1,682,0,192,0,0
B2_D1,971,0,55,0,0
G1_D1,1014,0,180,0,0
B6_D1,996,0,22,0,0
B10_D1,444,0,291,0,0
B10_D1,33,0,92,0,0
B10_D1,905,0,135,0,0
B6_D1,897,0,390,0,0
B10_D1,295,0,317,0,0
G1_D1,493,0,338,0,0
B10_D1,238,0,210,0,0
B2_D1,341,0,37,0,0
B2_D1,945,0,21,0,0
B2_D1,248,0,160,0,0
G1_D1,39,0,117,0,0
B6_D1,823,0,143,0,0
B6_D1,985,0,119,0,0
B6_D1,940,0,235,0,0
B10_D1,505,0,227,0,0
B6_D1,105,0,121,0,0
B2_D1,990,0,106,0,0
B6_D1,122,0,199,0,0
B10_D1,367,0,61,0,0
B10_D1,539,0,265,0,0
B6_D1,527,0,317,0,0
B10_D1,964,0,510,0,0
B6_D1,640,0,56,0,0
B6_D1,788,0,274,0,0
G1_D1,971,0,63,0,0
B6_D1,626,0,504,0,0
G1_D1,881,0,136,0,0
B2_D1,855,0,259,0,0
B10_D1,674,0,116,0,0
G1_D1,56,0,78,0,0
B10_D1,686,0,31,0,0
B6_D1,946,0,490,0,0
B10_D1,367,0,411,0,0
B4_D1,286,0,139,0,0
G1_D1,233,0,167,0,0
B10_D1,486,0,73,0,0
B2_D1,838,0,44,0,0
B10_D1,936,0,343,0,0
B10_D1,289,0,344,0,0
B6_D1,480,0,346,0,0
B6_D1,534,0,509,0,0
G1_D1,153,0,111,0,0
B4_D1,312,0,214,0,0
B10_D1,665,0,1,0,0
B8_D1,246,0,186,0,0
B10_D1,544,0,412,0,0
G1_D1,814,0,242,0,0
B2_D1,847,0,464,0,0
G1_D1,503,0,137,0,0
G1_D1,19,0,45,0,0
B6_D1,639,0,416,0,0
B6_D1,684,0,3,0,0
G1_D1,806,0,61,0,0
G1_D1,747,0,239,0,0
B6_D1,2,0,395,0,0
B10_D1,3,0,146,0,0
G1_D1,575,0,138,0,0
B6_D1,222,0,490,0,0
B8_D1,142,0,239,0,0
G1_D1,134,0,9,0,0
G1_D1,538,0,145,0,0
B2_D1,568,0,100,0,0
B2_D1,771,0,60,0,0
G1_D1,840,0,301,0,0
B6_D1,307,0,481,0,0
B10_D1,349,0,35,0,0
B10_D1,586,0,204,0,0
G1_D1,121,0,199,0,0
G1_D1,61,0,88,0,0
B2_D1,659,0,146,0,0
B6_D1,558,0,287,0,0
B10_D1,810,0,249,0,0
B6_D1,648,0,31,0,0
G1_D1,870,0,135,0,0
B4_D1,697,0,99,0,0
B6_D1,770,0,505,0,0
B4_D1,348,0,354,0,0
G1_D1,471,0,86,0,0
B6_D1,792,0,334,0,0
B10_D1,684,0,62,0,0
B10_D1,790,0,64,0,0
B8_D1,460,0,201,0,0
B6_D1,539,0,226,0,0
G1_D1,367,0,2,0,0
B4_D1,210,0,144,0,0
G1_D1,318,0,9,0,0
B6_D1,910,0,391,0,0
B2_D1,626,0,361,0,0
B10_D1,481,0,500,0,0
B10_D1,196,0,127,0,0
B6_D1,398,0,391,0,0
B6_D1,367,0,458,0,0
B6_D1,614,0,487,0,0
B10_D1,368,0,275,0,0
B10_D1,652,0,76,0,0
G1_D1,622,0,239,0,0
B6_D1,185,0,86,0,0
B6_D1,928,0,21,0,0
G1_D1,418,0,133,0,0
B6_D1,98,0,502,0,0
B6_D1,166,0,491,0,0
G1_D1,324,0,30,0,0
B6_D1,700,0,45,0,0
B4_D1,664,0,269,0,0
G1_D1,85,0,54,0,0
G1_D1,221,0,180,0,0
G1_D1,560,0,235,0,0
B10_D1,419,0,411,0,0
B6_D1,874,0,112,0,0
G1_D1,820,0,7,0,0
B10_D1,310,0,456,0,0
B6_D1,543,0,328,0,0
B4_D1,17,0,131,0,0
B10_D1,689,0,239,0,0
B6_D1,946,0,398,0,0
G1_D1,23,0,285,0,0
B10_D1,810,0,263,0,0
B10_D1,469,0,211,0,0
B6_D1,708,0,0,0,0
B6_D1,278,0,174,0,0
B10_D1,12,0,183,0,0
B10_D1,168,0,113,0,0
B6_D1,5,0,332,0,0
B2_D1,688,0,60,0,0
B6_D1,610,0,507,0,0
B10_D1,583,0,330,0,0
B6_D1,120,0,11,0,0
B4_D1,733,0,36,0,0
B10_D1,534,0,276,0,0
B10_D1,9,0,292,0,0
B6_D1,44,0,36,0,0
G1_D1,1023,0,26,0,0
B4_D1,199,0,48,0,0
B10_D1,372,0,415,0,0
B10_D1,216,0,345,0,0
B10_D1,158,0,87,0,0
B10_D1,564,0,105,0,0
B4_D1,101,0,126,0,0
B10_D1,558,0,308,0,0
B6_D1,136,0,39,0,0
G1_D1,182,0,59,0,0
B10_D1,575,0,205,0,0
B6_D1,421,0,146,0,0
B4_D1,375,0,223,0,0
B6_D1,176,0,228,0,0
B10_D1,251,0,245,0,0
B6_D1,328,0,189,0,0
B2_D1,954,0,0,0,0
G1_D1,80,0,0,0,0
B6_D1,264,0,54,0,0
G1_D1,596,0,3,0,0
B6_D1,57,0,306,0,0
B2_D1,798,0,466,0,0
G1_D1,873,0,198,0,0
B10_D1,132,0,9,0,0
B6_D1,223,0,108,0,0
B10_D1,623,0,197,0,0
B10_D1,1012,0,23,0,0
B6_D1,336,0,31,0,0
B10_D1,897,0,70,0,0
B6_D1,208,0,41,0,0
B6_D1,165,0,86,0,0
B6_D1,1007,0,99,0,0
B10_D1,631,0,121,0,0
B2_D1,3,0,75,0,0
B6_D1,999,0,204,0,0
B8_D1,719,0,314,0,0
B10_D1,472,0,138,0,0
B6_D1,912,0,26,0,0
B6_D1,747,0,468,0,0
B10_D1,743,0,3,0,0
B2_D1,530,0,482,0,0
B10_D1,693,0,283,0,0
B4_D1,867,0,20,0,0
B10_D1,845,0,379,0,0
B10_D1,524,0,478,0,0
G1_D1,547,0,16,0,0
B4_D1,68,0,127,0,0
G1_D1,106,0,294,0,0
G1_D1,327,0,81,0,0
B6_D1,802,0,257,0,0
B6_D1,836,0,145,0,0
G1_D1,501,0,131,0,0
B10_D1,807,0,270,0,0
B6_D1,518,0,273,0,0
B10_D1,520,0,6,0,0
B10_D1,713,0,1,0,0
B6_D1,354,0,498,0,0
B6_D1,53,0,476,0,0
B6_D1,291,0,199,0,0
B2_D1,197,0,122,0,0
G1_D1,19,0,82,0,0
G1_D1,726,0,372,0,0
B6_D1,648,0,30,0,0
B6_D1,814,0,505,0,0
B6_D1,471,0,133,0,0
B6_D1,827,0,132,0,0
B6_D1,185,0,283,0,0
B6_D1,676,0,39,0,0
B6_D1,776,0,17,0,0
G1_D1,930,0,301,0,0
B10_D1,815,0,256,0,0
B6_D1,50,0,429,0,0
G1_D1,19,0,351,0,0
B10_D1,970,0,231,0,0
B6_D1,1,0,475,0,0
B6_D1,923,0,253,0,0
B2_D1,371,0,488,0,0
B6_D1,81,0,447,0,0
G1_D1,818,0,243,0,0
B6_D1,505,0,230,0,0
B10_D1,815,0,12,0,0
B10_D1,304,0,155,0,0
B10_D1,769,0,322,0,0
B4_D1,398,0,228,0,0
B10_D1,704,0,112,0,0
B6_D1,560,0,34,0,0
B4_D1,1022,0,318,0,0
B6_D1,3,0,421,0,0
B6_D1,818,0,499,0,0
G1_D1,541,0,120,0,0
B6_D1,532,0,21,0,0
B10_D1,334,0,132,0,0
G1_D1,985,0,21,0,0
B10_D1,810,0,411,0,0
B8_D1,136,0,220,0,0
B10_D1,377,0,1,0,0
G1_D1,618,0,27,0,0
B10_D1,378,0,68,0,0
B4_D1,570,0,24,0,0
B10_D1,620,0,257,0,0
B6_D1,739,0,52,0,0
B8_D1,24,0,256,0,0
B6_D1,862,0,68,0,0
B4_D1,660,0,71,0,0
B6_D1,544,0,9,0,0
B6_D1,136,0,9,0,0
B6_D1,633,0,274,0,0
G1_D1,931,0,499,0,0
G1_D1,550,0,250,0,0
B6_D1,424,0,269,0,0
G1_D1,479,0,151,0,0
B10_D1,665,0,64,0,0
G1_D1,218,0,343,0,0
B10_D1,734,0,330,0,0
B6_D1,259,0,477,0,0
B6_D1,1021,0,368,0,0
B6_D1,917,0,279,0,0
B6_D1,135,0,259,0,0
G1_D1,586,0,195,0,0
B6_D1,344,0,27,0,0
B10_D1,279,0,136,0,0
B10_D1,807,0,55,0,0
B10_D1,9,0,152,0,0
B4_D1,457,0,420,0,0
B2_D1,138,0,8,0,0
B6_D1,798,0,243,0,0
G1_D1,225,0,35,0,0
B6_D1,664,0,23,0,0
B10_D1,676,0,67,0,0
G1_D1,68,0,144,0,0
G1_D1,1013,0,184,0,0
B4_D1,865,0,21,0,0
B6_D1,292,0,48,0,0
B10_D1,609,0,413,0,0
G1_D1,530,0,509,0,0
B6_D1,32,0,15,0,0
B10_D1,501,0,7,0,0
B6_D1,855,0,379,0,0
B4_D1,803,0,59,0,0
G1_D1,900,0,266,0,0
B10_D1,14,0,303,0,0
B6_D1,610,0,499,0,0
G1_D1,80,0,398,0,0
B6_D1,239,0,371,0,0
B10_D1,215,0,428,0,0
B6_D1,436,0,444,0,0
B4_D1,533,0,209,0,0
B10_D1,765,0,322,0,0
B6_D1,690,0,409,0,0
G1_D1,770,0,117,0,0
B6_D1,20,0,386,0,0
B10_D1,315,0,192,0,0
B2_D1,190,0,511,0,0
B6_D1,71,0,327,0,0
B6_D1,343,0,477,0,0
B6_D1,374,0,266,0,0
B4_D1,21,0,144,0,0
B6_D1,135,0,260,0,0
B6_D1,781,0,96,0,0
B10_D1,483,0,499,0,0
B2_D1,354,0,36,0,0
G1_D1,684,0,11,0,0
B10_D1,389,0,170,0,0
B4_D1,572,0,242,0,0
G1_D1,666,0,253,0,0
B6_D1,187,0,384,0,0
B10_D1,633,0,475,0,0
B6_D1,458,0,284,0,0
B6_D1,570,0,386,0,0
B2_D1,167,0,472,0,0
B2_D1,278,0,201,0,0
B6_D1,299,0,200,0,0
B10_D1,557,0,1,0,0
B6_D1,24,0,15,0,0
B10_D1,96,0,292,0,0
B10_D1,709,0,262,0,0
B6_D1,936,0,418,0,0
B6_D1,936,0,248,0,0
G1_D1,823,0,10,0,0
B6_D1,183,0,477,0,0
G1_D1,117,0,134,0,0
G1_D1,863,0,466,0,0
G1_D1,16,0,95,0,0
B6_D1,424,0,39,0,0
B6_D1,638,0,493,0,0
B10_D1,8,0,312,0,0
B6_D1,370,0,353,0,0
B10_D1,722,0,126,0,0
G1_D1,487,0,6,0,0
G1_D1,865,0,125,0,0
B6_D1,490,0,354,0,0
B10_D1,973,0,488,0,0
B6_D1,298,0,73,0,0
G1_D1,995,0,228,0,0
B4_D1,710,0,302,0,0
B6_D1,681,0,111,0,0
B10_D1,434,0,340,0,0
B10_D1,469,0,76,0,0
B6_D1,216,0,25,0,0
B10_D1,133,0,282,0,0
B10_D1,834,0,439,0,0
B6_D1,133,0,196,0,0
B6_D1,953,0,55,0,0
B6_D1,409,0,52,0,0
B6_D1,111,0,266,0,0
B6_D1,910,0,490,0,0
B6_D1,403,0,120,0,0
G1_D1,989,0,292,0,0
B10_D1,480,0,126,0,0
G1_D1,514,0,205,0,0
B6_D1,932,0,26,0,0
B6_D1,474,0,509,0,0
B6_D1,882,0,71,0,0
B10_D1,181,0,222,0,0
G1_D1,260,0,190,0,0
G1_D1,618,0,111,0,0
B6_D1,735,0,381,0,0
B10_D1,891,0,81,0,0
B4_D1,733,0,16,0,0
G1_D1,320,0,413,0,0
B10_D1,204,0,33,0,0
B10_D1,356,0,315,0,0
B6_D1,745,0,184,0,0
B4_D1,1019,0,80,0,0
G1_D1,127,0,15,0,0
B2_D1,912,0,430,0,0
G1_D1,44,0,130,0,0
B6_D1,259,0,479,0,0
G1_D1,403,0,229,0,0
B6_D1,981,0,405,0,0
B6_D1,59,0,118,0,0
B6_D1,98,0,486,0,0
B2_D1,239,0,12,0,0
B6_D1,4,0,398,0,0
B10_D1,241,0,315,0,0
B6_D1,572,0,31,0,0
B10_D1,828,0,331,0,0
B10_D1,103,0,38,0,0
B6_D1,278,0,487,0,0
B10_D1,647,0,2,0,0
B10_D1,24,0,32,0,0
B10_D1,231,0,289,0,0
B6_D1,5,0,437,0,0
B6_D1,288,0,11,0,0
B10_D1,640,0,10,0,0
B10_D1,166,0,183,0,0
B6_D1,637,0,421,0,0
G1_D1,943,0,23,0,0
B6_D1,68,0,7,0,0
B6_D1,696,0,28,0,0
B10_D1,242,0,321,0,0
B4_D1,93,0,61,0,0
B4_D1,628,0,341,0,0
B6_D1,813,0,259,0,0
B2_D1,989,0,114,0,0
B6_D1,416,0,25,0,0
B6_D1,610,0,484,0,0
B6_D1,166,0,496,0,0
B10_D1,319,0,270,0,0
B2_D1,526,0,157,0,0
B4_D1,158,0,17,0,0
B10_D1,666,0,26,0,0
B2_D1,780,0,64,0,0
B6_D1,946,0,85,0,0
B6_D1,880,0,19,0,0
B10_D1,450,0,96,0,0
G1_D1,556,0,101,0,0
G1_D1,804,0,263,0,0
B4_D1,155,0,16,0,0
B6_D1,876,0,47,0,0
B2_D1,677,0,13,0,0
B4_D1,871,0,36,0,0
B10_D1,534,0,474,0,0
G1_D1,773,0,38,0,0
B10_D1,314,0,221,0,0
G1_D1,832,0,263,0,0
B6_D1,208,0,17,0,0
B6_D1,624,0,345,0,0
B4_D1,71,0,426,0,0
B6_D1,866,0,232,0,0
B10_D1,192,0,130,0,0
B4_D1,880,0,103,0,0
B6_D1,670,0,160,0,0
B4_D1,516,0,218,0,0
G1_D1,839,0,211,0,0
B6_D1,813,0,298,0,0
B6_D1,532,0,0,0,0
B10_D1,863,0,220,0,0
B10_D1,52,0,23,0,0
B10_D1,864,0,67,0,0
B6_D1,640,0,376,0,0
B10_D1,99,0,474,0,0
B6_D1,340,0,17,0,0
B6_D1,992,0,343,0,0
B6_D1,822,0,487,0,0
G1_D1,815,0,16,0,0
B10_D1,703,0,109,0,0
B6_D1,806,0,507,0,0
G1_D1,946,0,253,0,0
B10_D1,287,0,416,0,0
B10_D1,646,0,232,0,0
B10_D1,267,0,510,0,0
B6_D1,942,0,49,0,0
B10_D1,556,0,146,0,0
G1_D1,10,0,110,0,0
B10_D1,916,0,238,0,0
B8_D1,171,0,51,0,0
B10_D1,440,0,342,0,0
B6_D1,597,0,342,0,0
G1_D1,753,0,258,0,0
B8_D1,642,0,242,0,0
B4_D1,688,0,29,0,0
B10_D1,455,0,504,0,0
B10_D1,554,0,308,0,0
B4_D1,8,0,336,0,0
G1_D1,215,0,151,0,0
B10_D1,724,0,471,0,0
B6_D1,772,0,385,0,0
G1_D1,408,0,109,0,0
G1_D1,64,0,58,0,0
B6_D1,202,0,495,0,0
B6_D1,248,0,8,0,0
B6_D1,18,0,403,0,0
B10_D1,700,0,414,0,0
B6_D1,748,0,46,0,0
G1_D1,920,0,50,0,0
B6_D1,428,0,18,0,0
G1_D1,923,0,259,0,0
B10_D1,857,0,2,0,0
G1_D1,519,0,97,0,0
B6_D1,685,0,413,0,0
B6_D1,496,0,453,0,0
B6_D1,983,0,143,0,0
B6_D1,6,0,91,0,0
G1_D1,566,0,39,0,0
B6_D1,88,0,91,0,0
B4_D1,974,0,121,0,0
B10_D1,207,0,56,0,0
B10_D1,187,0,229,0,0
B6_D1,622,0,163,0,0
B6_D1,350,0,139,0,0
B10_D1,885,0,23,0,0
B10_D1,1022,0,204,0,0
B6_D1,764,0,38,0,0
B10_D1,425,0,287,0,0
B4_D1,945,0,295,0,0
B6_D1,527,0,349,0,0
B10_D1,193,0,209,0,0
B2_D1,299,0,390,0,0
B4_D1,714,0,199,0,0
B6_D1,516,0,23,0,0
B6_D1,440,0,240,0,0
B6_D1,190,0,382,0,0
B2_D1,791,0,68,0,0
G1_D1,508,0,67,0,0
B6_D1,318,0,230,0,0
G1_D1,83,0,455,0,0
B6_D1,836,0,48,0,0
G1_D1,997,0,19,0,0
G1_D1,412,0,74,0,0
B6_D1,398,0,499,0,0
B10_D1,478,0,86,0,0
B10_D1,624,0,29,0,0
G1_D1,551,0,124,0,0
B8_D1,911,0,238,0,0
B6_D1,940,0,42,0,0
G1_D1,472,0,85,0,0
G1_D1,838,0,46,0,0
B6_D1,742,0,286,0,0
B6_D1,654,0,505,0,0
B6_D1,380,0,291,0,0
B10_D1,790,0,187,0,0
B10_D1,62,0,457,0,0
B6_D1,42,0,251,0,0
G1_D1,207,0,448,0,0
B6_D1,509,0,423,0,0
B6_D1,730,0,504,0,0
B10_D1,871,0,206,0,0
B10_D1,712,0,9,0,0
B10_D1,694,0,447,0,0
B6_D1,25,0,196,0,0
B10_D1,589,0,408,0,0
G1_D1,808,0,73,0,0
B6_D1,235,0,334,0,0
B10_D1,347,0,25,0,0
B4_D1,321,0,217,0,0
B10_D1,307,0,466,0,0
B6_D1,992,0,314,0,0
B6_D1,820,0,146,0,0
B6_D1,692,0,16,0,0
B4_D1,621,0,302,0,0
B6_D1,799,0,101,0,0
G1_D1,306,0,485,0,0
B10_D1,757,0,35,0,0
B10_D1,823,0,407,0,0
G1_D1,526,0,5,0,0
B10_D1,26,0,114,0,0
B6_D1,416,0,8,0,0
G1_D1,417,0,4,0,0
B8_D1,572,0,290,0,0
G1_D1,307,0,509,0,0
B4_D1,606,0,180,0,0
B10_D1,761,0,160,0,0
G1_D1,178,0,408,0,0
B6_D1,70,0,89,0,0
B6_D1,809,0,58,0,0
B6_D1,480,0,32,0,0
G1_D1,1021,0,65,0,0
B4_D1,653,0,286,0,0
B10_D1,669,0,167,0,0
B10_D1,777,0,511,0,0
B6_D1,276,0,33,0,0
B6_D1,682,0,190,0,0
B6_D1,980,0,56,0,0
B4_D1,11,0,42,0,0
B6_D1,797,0,152,0,0
G1_D1,257,0,40,0,0
B4_D1,585,0,300,0,0
B10_D1,579,0,205,0,0
B8_D1,472,0,201,0,0
B6_D1,651,0,361,0,0
B6_D1,983,0,305,0,0
B6_D1,112,0,60,0,0
B10_D1,407,0,252,0,0
G1_D1,757,0,212,0,0
B10_D1,614,0,142,0,0
B6_D1,782,0,494,0,0
B2_D1,426,0,159,0,0
B6_D1,239,0,334,0,0
B8_D1,67,0,146,0,0
B6_D1,587,0,349,0,0
B10_D1,258,0,243,0,0
B6_D1,666,0,189,0,0
B6_D1,642,0,494,0,0
B6_D1,1003,0,143,0,0
B10_D1,656,0,418,0,0
B6_D1,126,0,312,0,0
B6_D1,839,0,308,0,0
G1_D1,821,0,271,0,0
G1_D1,530,0,249,0,0
B6_D1,125,0,475,0,0
B6_D1,427,0,274,0,0
B6_D1,292,0,44,0,0
B10_D1,634,0,83,0,0
B6_D1,69,0,377,0,0
G1_D1,663,0,271,0,0
B6_D1,528,0,3,0,0
B2_D1,878,0,40,0,0
G1_D1,24,0,23,0,0
B6_D1,845,0,72,0,0
B4_D1,322,0,167,0,0
B6_D1,522,0,496,0,0
B2_D1,878,0,88,0,0
B6_D1,85,0,225,0,0
B10_D1,509,0,7,0,0
G1_D1,872,0,439,0,0
B10_D1,488,0,179,0,0
B6_D1,993,0,464,0,0
G1_D1,103,0,95,0,0
B2_D1,428,0,288,0,0
B10_D1,709,0,266,0,0
G1_D1,971,0,24,0,0
B6_D1,422,0,56,0,0
B6_D1,430,0,492,0,0
B6_D1,114,0,77,0,0
B6_D1,475,0,479,0,0
B10_D1,625,0,292,0,0
G1_D1,814,0,511,0,0
B4_D1,990,0,218,0,0
G1_D1,38,0,41,0,0
G1_D1,437,0,21,0,0
B6_D1,570,0,491,0,0
G1_D1,827,0,209,0,0
B10_D1,640,0,254,0,0
B10_D1,681,0,21,0,0
B6_D1,223,0,477,0,0
B6_D1,239,0,127,0,0
B10_D1,842,0,376,0,0
B10_D1,275,0,56,0,0
B10_D1,208,0,217,0,0
G1_D1,527,0,96,0,0
B6_D1,370,0,192,0,0
B6_D1,322,0,495,0,0
B6_D1,166,0,229,0,0
B6_D1,632,0,1,0,0
G1_D1,8,0,319,0,0
B6_D1,128,0,22,0,0
B4_D1,104,0,124,0,0
B6_D1,532,0,26,0,0
B6_D1,668,0,19,0,0
B6_D1,508,0,12,0,0
B6_D1,823,0,231,0,0
B10_D1,281,0,329,0,0
B6_D1,826,0,365,0,0
B4_D1,807,0,56,0,0
B10_D1,484,0,312,0,0
B6_D1,908,0,20,0,0
B4_D1,935,0,290,0,0
B10_D1,822,0,326,0,0
B10_D1,891,0,30,0,0
B2_D1,612,0,192,0,0
B2_D1,966,0,47,0,0
B6_D1,931,0,259,0,0
B6_D1,999,0,143,0,0
B4_D1,687,0,28,0,0
B6_D1,11,0,62,0,0
G1_D1,456,0,130,0,0
B10_D1,718,0,90,0,0
B6_D1,70,0,180,0,0
B10_D1,162,0,18,0,0
B6_D1,686,0,369,0,0
B10_D1,801,0,276,0,0
B10_D1,225,0,179,0,0
B6_D1,39,0,150,0,0
B6_D1,316,0,167,0,0
B6_D1,230,0,316,0,0
B10_D1,188,0,436,0,0
B10_D1,114,0,39,0,0
B10_D1,385,0,283,0,0
B6_D1,888,0,244,0,0
G1_D1,86,0,313,0,0
B6_D1,70,0,499,0,0
B2_D1,129,0,207,0,0
G1_D1,347,0,384,0,0
B10_D1,187,0,273,0,0
B10_D1,827,0,10,0,0
B10_D1,459,0,278,0,0
B6_D1,969,0,411,0,0
B6_D1,677,0,294,0,0
B8_D1,339,0,187,0,0
B10_D1,247,0,245,0,0
G1_D1,876,0,11,0,0
B6_D1,712,0,471,0,0
B6_D1,960,0,42,0,0
B6_D1,338,0,503,0,0
B10_D1,829,0,183,0,0
B4_D1,136,0,0,0,0
G1_D1,219,0,17,0,0
B6_D1,16,0,28,0,0
B10_D1,158,0,507,0,0
G1_D1,112,0,11,0,0
G1_D1,113,0,198,0,0
B2_D1,683,0,15,0,0
B10_D1,902,0,465,0,0
B4_D1,787,0,231,0,0
G1_D1,638,0,28,0,0
B10_D1,344,0,106,0,0
B10_D1,647,0,154,0,0
G1_D1,831,0,14,0,0
B10_D1,782,0,376,0,0
B4_D1,592,0,369,0,0
B10_D1,685,0,75,0,0
B10_D1,15,0,71,0,0
B6_D1,236,0,8,0,0
G1_D1,981,0,58,0,0
B6_D1,201,0,131,0,0
G1_D1,316,0,345,0,0
G1_D1,57,0,84,0,0
B6_D1,435,0,322,0,0
B10_D1,472,0,258,0,0
B6_D1,933,0,252,0,0
B10_D1,311,0,0,0,0
B6_D1,900,0,194,0,0
B10_D1,107,0,302,0,0
B10_D1,188,0,256,0,0
B10_D1,13,0,51,0,0
G1_D1,329,0,289,0,0
B10_D1,727,0,328,0,0
B10_D1,181,0,419,0,0
B10_D1,577,0,7,0,0
B6_D1,718,0,511,0,0
G1_D1,156,0,119,0,0
B4_D1,2,0,492,0,0
B4_D1,481,0,84,0,0
G1_D1,833,0,250,0,0
B2_D1,512,0,287,0,0
B2_D1,724,0,59,0,0
B6_D1,192,0,387,0,0
B6_D1,458,0,353,0,0
B6_D1,719,0,139,0,0
G1_D1,103,0,381,0,0
B10_D1,448,0,503,0,0
G1_D1,125,0,370,0,0
B10_D1,718,0,121,0,0
B10_D1,657,0,413,0,0
B10_D1,855,0,235,0,0
B6_D1,596,0,18,0,0
G1_D1,450,0,18,0,0
B6_D1,1023,0,252,0,0
B6_D1,72,0,13,0,0
B6_D1,976,0,253,0,0
B6_D1,963,0,121,0,0
B6_D1,882,0,511,0,0
B10_D1,148,0,441,0,0
G1_D1,172,0,24,0,0
B6_D1,107,0,375,0,0
G1_D1,578,0,88,0,0
G1_D1,422,0,13,0,0
G1_D1,156,0,134,0,0
G1_D1,816,0,127,0,0
B10_D1,822,0,42,0,0
B6_D1,20,0,383,0,0
B10_D1,603,0,124,0,0
B6_D1,11,0,91,0,0
B10_D1,4,0,207,0,0
B10_D1,858,0,205,0,0
B10_D1,785,0,48,0,0
G1_D1,855,0,126,0,0
B10_D1,524,0,5,0,0
B10_D1,262,0,65,0,0
B2_D1,959,0,57,0,0
B6_D1,436,0,35,0,0
B10_D1,284,0,423,0,0
G1_D1,289,0,265,0,0
B6_D1,397,0,172,0,0
G1_D1,969,0,4,0,0
G1_D1,933,0,34,0,0
B6_D1,24,0,380,0,0
B10_D1,596,0,345,0,0
B10_D1,192,0,288,0,0
G1_D1,343,0,14,0,0
B10_D1,412,0,312,0,0
G1_D1,622,0,34,0,0
B10_D1,615,0,85,0,0
B10_D1,757,0,253,0,0
B6_D1,232,0,401,0,0
B4_D1,650,0,61,0,0
B10_D1,221,0,505,0,0
B6_D1,712,0,66,0,0
B4_D1,913,0,16,0,0
B10_D1,432,0,291,0,0
G1_D1,100,0,101,0,0
B6_D1,682,0,108,0,0
B10_D1,302,0,456,0,0
B6_D1,948,0,46,0,0
B10_D1,382,0,497,0,0
B6_D1,36,0,2,0,0
B10_D1,145,0,169,0,0
G1_D1,419,0,141,0,0
B10_D1,315,0,215,0,0
B10_D1,585,0,262,0,0
G1_D1,179,0,287,0,0
G1_D1,842,0,5,0,0
B6_D1,602,0,63,0,0
B6_D1,668,0,376,0,0
B10_D1,751,0,317,0,0
B6_D1,546,0,438,0,0
B6_D1,519,0,241,0,0
B2_D1,747,0,193,0,0
B6_D1,99,0,419,0,0
G1_D1,856,0,11,0,0
B10_D1,938,0,64,0,0
B6_D1,933,0,246,0,0
B10_D1,756,0,368,0,0
B6_D1,548,0,43,0,0
B2_D1,983,0,394,0,0
B6_D1,718,0,486,0,0
B6_D1,711,0,452,0,0
B2_D1,570,0,511,0,0
B10_D1,222,0,230,0,0
B6_D1,40,0,163,0,0
B10_D1,699,0,417,0,0
B10_D1,60,0,130,0,0
G1_D1,1019,0,187,0,0
B6_D1,39,0,464,0,0
B6_D1,866,0,510,0,0
B6_D1,600,0,20,0,0
B10_D1,113,0,193,0,0
B6_D1,485,0,368,0,0
B10_D1,2,0,13,0,0
B2_D1,308,0,489,0,0
B6_D1,438,0,503,0,0
B6_D1,168,0,178,0,0
B10_D1,421,0,90,0,0
B6_D1,127,0,402,0,0
B4_D1,929,0,265,0,0
B6_D1,938,0,234,0,0
B6_D1,89,0,462,0,0
B2_D1,1,0,457,0,0
B6_D1,176,0,180,0,0
B4_D1,759,0,292,0,0
B6_D1,116,0,5,0,0
B10_D1,795,0,407,0,0
B6_D1,547,0,390,0,0
B10_D1,580,0,316,0,0
B6_D1,78,0,400,0,0
B6_D1,107,0,402,0,0
B10_D1,127,0,131,0,0
B10_D1,822,0,180,0,0
B10_D1,258,0,42,0,0
B6_D1,953,0,422,0,0
B4_D1,7,0,86,0,0
B6_D1,834,0,358,0,0
B10_D1,714,0,428,0,0
B6_D1,316,0,79,0,0
B4_D1,750,0,239,0,0
G1_D1,969,0,151,0,0
B10_D1,404,0,449,0,0
B10_D1,602,0,67,0,0
B10_D1,171,0,81,0,0
B10_D1,827,0,53,0,0
B10_D1,422,0,269,0,0
B10_D1,34,0,36,0,0
B6_D1,449,0,188,0,0
B10_D1,563,0,74,0,0
B4_D1,134,0,275,0,0
B2_D1,340,0,117,0,0
G1_D1,116,0,276,0,0
G1_D1,860,0,183,0,0
B10_D1,328,0,269,0,0
B2_D1,404,0,286,0,0
B6_D1,684,0,339,0,0
B10_D1,843,0,349,0,0
G1_D1,58,0,42,0,0
G1_D1,527,0,16,0,0
B10_D1,365,0,222,0,0
B6_D1,93,0,293,0,0
B6_D1,1020,0,268,0,0
B6_D1,320,0,17,0,0
B10_D1,728,0,342,0,0
B8_D1,158,0,202,0,0
B2_D1,188,0,228,0,0
B6_D1,583,0,419,0,0
B6_D1,43,0,133,0,0
B10_D1,276,0,4,0,0
B10_D1,589,0,504,0,0
B10_D1,790,0,86,0,0
B6_D1,1019,0,309,0,0
G1_D1,1006,0,32,0,0
B6_D1,817,0,87,0,0
B10_D1,671,0,314,0,0
B6_D1,790,0,128,0,0
B10_D1,585,0,92,0,0
G1_D1,713,0,265,0,0
B4_D1,49,0,162,0,0
B10_D1,875,0,41,0,0
B6_D1,988,0,200,0,0
B10_D1,616,0,285,0,0
B10_D1,101,0,326,0,0
B6_D1,914,0,486,0,0
B6_D1,233,0,84,0,0
G1_D1,700,0,282,0,0
B6_D1,428,0,288,0,0
B6_D1,530,0,268,0,0
B6_D1,632,0,165,0,0
B10_D1,855,0,65,0,0
G1_D1,1017,0,288,0,0
B6_D1,842,0,499,0,0
B10_D1,239,0,318,0,0
B10_D1,681,0,57,0,0
B8_D1,573,0,219,0,0
B10_D1,378,0,84,0,0
B6_D1,504,0,378,0,0
B6_D1,222,0,489,0,0
B10_D1,129,0,210,0,0
B2_D1,912,0,438,0,0
B8_D1,86,0,174,0,0
B10_D1,664,0,252,0,0
B10_D1,926,0,256,0,0
B10_D1,312,0,19,0,0
G1_D1,778,0,94,0,0
B8_D1,152,0,59,0,0
B10_D1,777,0,51,0,0
B10_D1,909,0,315,0,0
B2_D1,824,0,49,0,0
B2_D1,123,0,96,0,0
G1_D1,213,0,44,0,0
B4_D1,65,0,4,0,0
B6_D1,792,0,391,0,0
B10_D1,147,0,253,0,0
B10_D1,602,0,503,0,0
B10_D1,819,0,325,0,0
B10_D1,846,0,354,0,0
B6_D1,884,0,33,0,0
B6_D1,744,0,28,0,0
B6_D1,546,0,491,0,0
B10_D1,986,0,63,0,0
B6_D1,748,0,3,0,0
B6_D1,650,0,182,0,0
G1_D1,44,0,148,0,0
B10_D1,677,0,253,0,0
B6_D1,17,0,330,0,0
B6_D1,120,0,13,0,0
B6_D1,146,0,277,0,0
B10_D1,22,0,35,0,0
B10_D1,477,0,78,0,0
B6_D1,170,0,501,0,0
B6_D1,940,0,329,0,0
B6_D1,92,0,36,0,0
B4_D1,1021,0,265,0,0
B10_D1,826,0,28,0,0
B6_D1,494,0,502,0,0
G1_D1,177,0,409,0,0
B10_D1,1002,0,213,0,0
G1_D1,528,0,151,0,0
B6_D1,231,0,78,0,0
G1_D1,178,0,22,0,0
B10_D1,731,0,22,0,0
B6_D1,277,0,86,0,0
B8_D1,376,0,192,0,0
B4_D1,348,0,116,0,0
G1_D1,65,0,94,0,0
B6_D1,893,0,141,0,0
G1_D1,464,0,99,0,0
B6_D1,723,0,95,0,0
B6_D1,952,0,27,0,0
B6_D1,19,0,480,0,0
B4_D1,502,0,245,0,0
B4_D1,26,0,116,0,0
B2_D1,741,0,68,0,0
B6_D1,539,0,212,0,0
G1_D1,427,0,391,0,0
G1_D1,369,0,462,0,0
G1_D1,510,0,13,0,0
G1_D1,453,0,24,0,0
B10_D1,901,0,79,0,0
B10_D1,367,0,281,0,0
B8_D1,760,0,230,0,0
B6_D1,994,0,505,0,0
B6_D1,961,0,306,0,0
B6_D1,962,0,214,0,0
G1_D1,279,0,267,0,0
B10_D1,11,0,47,0,0
B8_D1,121,0,330,0,0
G1_D1,661,0,257,0,0
B6_D1,714,0,482,0,0
G1_D1,186,0,66,0,0
B6_D1,710,0,505,0,0
G1_D1,84,0,355,0,0
B10_D1,856,0,378,0,0
B6_D1,418,0,354,0,0
B6_D1,376,0,9,0,0
B2_D1,693,0,33,0,0
B6_D1,257,0,160,0,0
G1_D1,1018,0,277,0,0
B4_D1,360,0,222,0,0
G1_D1,247,0,10,0,0
G1_D1,43,0,14,0,0
B10_D1,683,0,173,0,0
B6_D1,614,0,191,0,0
B6_D1,566,0,499,0,0
B10_D1,723,0,468,0,0
G1_D1,552,0,34,0,0
G1_D1,788,0,74,0,0
B6_D1,105,0,107,0,0
B6_D1,954,0,435,0,0
B6_D1,606,0,501,0,0
G1_D1,100,0,283,0,0
G1_D1,335,0,17,0,0
B6_D1,616,0,39,0,0
B10_D1,627,0,411,0,0
G1_D1,338,0,5,0,0
B10_D1,218,0,147,0,0
B10_D1,677,0,446,0,0
B6_D1,109,0,256,0,0
B10_D1,638,0,32,0,0
B10_D1,318,0,335,0,0
B10_D1,698,0,481,0,0
B10_D1,620,0,241,0,0
B10_D1,103,0,52,0,0
G1_D1,444,0,69,0,0
B10_D1,137,0,1,0,0
B8_D1,24,0,198,0,0
B6_D1,86,0,134,0,0
B6_D1,348,0,2,0,0
B4_D1,140,0,5,0,0
B10_D1,534,0,97,0,0
B10_D1,674,0,303,0,0
B10_D1,393,0,408,0,0
B10_D1,4,0,421,0,0
B6_D1,480,0,17,0,0
B10_D1,313,0,156,0,0
B6_D1,340,0,9,0,0
B6_D1,78,0,268,0,0
B10_D1,843,0,444,0,0
B2_D1,666,0,224,0,0
B4_D1,90,0,59,0,0
B6_D1,994,0,124,0,0
B10_D1,342,0,221,0,0
B10_D1,1023,0,82,0,0
B6_D1,640,0,162,0,0
B6_D1,214,0,273,0,0
B6_D1,278,0,455,0,0
G1_D1,697,0,197,0,0
B4_D1,114,0,288,0,0
B6_D1,728,0,5,0,0
B6_D1,812,0,27,0,0
B6_D1,162,0,504,0,0
B6_D1,967,0,220,0,0
B10_D1,468,0,135,0,0
G1_D1,533,0,68,0,0
B10_D1,77,0,170,0,0
G1_D1,537,0,469,0,0
B10_D1,117,0,225,0,0
B6_D1,128,0,5,0,0
B10_D1,411,0,510,0,0
B10_D1,360,0,213,0,0
B10_D1,947,0,13,0,0
G1_D1,440,0,130,0,0
B6_D1,652,0,47,0,0
G1_D1,748,0,257,0,0
B6_D1,231,0,376,0,0
G1_D1,851,0,10,0,0
G1_D1,695,0,107,0,0
B2_D1,238,0,200,0,0
B8_D1,599,0,184,0,0
G1_D1,854,0,179,0,0
B4_D1,605,0,303,0,0
B10_D1,665,0,269,0,0
B6_D1,926,0,484,0,0
B10_D1,203,0,189,0,0
B6_D1,301,0,191,0,0
B10_D1,824,0,91,0,0
B6_D1,381,0,73,0,0
B10_D1,219,0,12,0,0
G1_D1,690,0,245,0,0
B6_D1,182,0,505,0,0
B6_D1,845,0,329,0,0
B10_D1,269,0,240,0,0
B6_D1,750,0,101,0,0
B6_D1,512,0,306,0,0
B2_D1,952,0,37,0,0
G1_D1,31,0,111,0,0
B10_D1,245,0,458,0,0
G1_D1,53,0,83,0,0
B10_D1,340,0,91,0,0
B6_D1,414,0,57,0,0
B10_D1,596,0,322,0,0
G1_D1,851,0,299,0,0
B4_D1,908,0,62,0,0
G1_D1,863,0,14,0,0
G1_D1,5,0,254,0,0
B10_D1,348,0,34,0,0
G1_D1,39,0,217,0,0
B6_D1,967,0,143,0,0
G1_D1,10,0,114,0,0
B6_D1,728,0,20,0,0
B10_D1,266,0,287,0,0
G1_D1,1003,0,210,0,0
G1_D1,321,0,116,0,0
B8_D1,234,0,336,0,0
B2_D1,663,0,287,0,0
B6_D1,143,0,280,0,0
G1_D1,59,0,119,0,0
G1_D1,241,0,8,0,0
B6_D1,421,0,350,0,0
B10_D1,468,0,14,0,0
G1_D1,627,0,202,0,0
B6_D1,49,0,267,0,0
B4_D1,8,0,324,0,0
G1_D1,594,0,19,0,0
B10_D1,161,0,226,0,0
B4_D1,249,0,206,0,0
B4_D1,115,0,287,0,0
G1_D1,619,0,197,0,0
B2_D1,164,0,468,0,0
B6_D1,238,0,169,0,0
G1_D1,327,0,61,0,0
B10_D1,498,0,244,0,0
G1_D1,999,0,182,0,0
B10_D1,604,0,133,0,0
B6_D1,512,0,37,0,0
B6_D1,964,0,30,0,0
B8_D1,582,0,292,0,0
B6_D1,866,0,511,0,0
G1_D1,922,0,45,0,0
B10_D1,240,0,292,0,0
B10_D1,153,0,117,0,0
B6_D1,585,0,160,0,0
B10_D1,130,0,235,0,0
B10_D1,93,0,478,0,0
B6_D1,104,0,47,0,0
B10_D1,148,0,243,0,0
G1_D1,143,0,96,0,0
B4_D1,510,0,101,0,0
B6_D1,640,0,31,0,0
B6_D1,271,0,158,0,0
B4_D1,355,0,202,0,0
B6_D1,711,0,336,0,0
B6_D1,970,0,502,0,0
B6_D1,460,0,243,0,0
G1_D1,50,0,499,0,0
G1_D1,464,0,72,0,0
B6_D1,84,0,27,0,0
G1_D1,914,0,84,0,0
B6_D1,781,0,64,0,0
B6_D1,986,0,345,0,0
G1_D1,684,0,22,0,0
G1_D1,1013,0,480,0,0
B10_D1,205,0,241,0,0
G1_D1,902,0,390,0,0
G1_D1,243,0,145,0,0
G1_D1,51,0,76,0,0
B6_D1,70,0,488,0,0
B4_D1,621,0,298,0,0
B10_D1,26,0,13,0,0
B10_D1,10,0,39,0,0
B6_D1,483,0,82,0,0
G1_D1,137,0,105,0,0
B6_D1,956,0,36,0,0
B6_D1,819,0,232,0,0
B6_D1,960,0,38,0,0
B4_D1,699,0,203,0,0
B6_D1,453,0,265,0,0
G1_D1,1009,0,108,0,0
B6_D1,480,0,63,0,0
B10_D1,13,0,320,0,0
B10_D1,587,0,321,0,0
B10_D1,254,0,352,0,0
B10_D1,543,0,9,0,0
G1_D1,503,0,86,0,0
B2_D1,914,0,18,0,0
B10_D1,152,0,82,0,0
B10_D1,414,0,508,0,0
B6_D1,770,0,224,0,0
B8_D1,420,0,282,0,0
G1_D1,362,0,475,0,0
B10_D1,608,0,316,0,0
B6_D1,366,0,510,0,0
G1_D1,803,0,244,0,0
G1_D1,910,0,87,0,0
G1_D1,737,0,4,0,0
G1_D1,462,0,479,0,0
B6_D1,40,0,26,0,0
B4_D1,56,0,33,0,0
G1_D1,390,0,34,0,0
B10_D1,166,0,166,0,0
B10_D1,242,0,279,0,0
B4_D1,95,0,3,0,0
B6_D1,116,0,165,0,0
G1_D1,630,0,5,0,0
B6_D1,562,0,497,0,0
B6_D1,770,0,370,0,0
B10_D1,553,0,120,0,0
G1_D1,386,0,209,0,0
B10_D1,722,0,326,0,0
B6_D1,66,0,125,0,0
B6_D1,53,0,129,0,0
B2_D1,635,0,22,0,0
G1_D1,327,0,387,0,0
B10_D1,506,0,169,0,0
B6_D1,680,0,68,0,0
B6_D1,715,0,250,0,0
B10_D1,630,0,421,0,0
B6_D1,626,0,329,0,0
B10_D1,109,0,201,0,0
B6_D1,700,0,459,0,0
B6_D1,80,0,27,0,0
B10_D1,192,0,452,0,0
G1_D1,192,0,175,0,0
B6_D1,540,0,12,0,0
B10_D1,149,0,7,0,0
B2_D1,973,0,70,0,0
B4_D1,136,0,180,0,0
B6_D1,121,0,278,0,0
G1_D1,992,0,111,0,0
B6_D1,818,0,494,0,0
B6_D1,598,0,285,0,0
B10_D1,291,0,174,0,0
B6_D1,791,0,256,0,0
B4_D1,738,0,268,0,0
G1_D1,950,0,17,0,0
B6_D1,447,0,419,0,0
B6_D1,570,0,179,0,0
G1_D1,786,0,92,0,0
B8_D1,493,0,293,0,0
B6_D1,110,0,368,0,0
B10_D1,495,0,407,0,0
B6_D1,832,0,385,0,0
B6_D1,694,0,416,0,0
G1_D1,141,0,414,0,0
B4_D1,616,0,154,0,0
B10_D1,7,0,29,0,0
B10_D1,459,0,180,0,0
B6_D1,937,0,459,0,0
B6_D1,126,0,486,0,0
G1_D1,57,0,12,0,0
B10_D1,833,0,319,0,0
B10_D1,698,0,165,0,0
B10_D1,628,0,143,0,0
G1_D1,581,0,223,0,0
B10_D1,444,0,201,0,0
B6_D1,824,0,146,0,0
B6_D1,993,0,225,0,0
G1_D1,362,0,476,0,0
B10_D1,98,0,473,0,0
G1_D1,465,0,84,0,0
B10_D1,296,0,289,0,0
B6_D1,632,0,6,0,0
B10_D1,675,0,60,0,0
B6_D1,809,0,124,0,0
G1_D1,300,0,31,0,0
B6_D1,572,0,288,0,0
G1_D1,15,0,68,0,0
B6_D1,512,0,224,0,0
B10_D1,477,0,110,0,0
B10_D1,606,0,184,0,0
B6_D1,831,0,51,0,0
B10_D1,10,0,68,0,0
B4_D1,704,0,71,0,0
G1_D1,193,0,186,0,0
B10_D1,227,0,10,0,0
B10_D1,175,0,92,0,0
B6_D1,956,0,469,0,0
G1_D1,248,0,235,0,0
B2_D1,790,0,11,0,0
B2_D1,529,0,38,0,0
G1_D1,1012,0,294,0,0
G1_D1,1020,0,125,0,0
B6_D1,408,0,272,0,0
G1_D1,543,0,22,0,0
G1_D1,948,0,247,0,0
B6_D1,976,0,304,0,0
B10_D1,141,0,169,0,0
B6_D1,278,0,459,0,0
B4_D1,193,0,206,0,0
G1_D1,412,0,478,0,0
G1_D1,371,0,407,0,0
B6_D1,762,0,511,0,0
B6_D1,411,0,388,0,0
B6_D1,831,0,199,0,0
B6_D1,1020,0,470,0,0
B10_D1,772,0,275,0,0
B2_D1,99,0,128,0,0
B2_D1,478,0,159,0,0
B10_D1,64,0,459,0,0
B10_D1,103,0,288,0,0
B4_D1,920,0,57,0,0
B6_D1,1008,0,110,0,0
B6_D1,625,0,450,0,0
B10_D1,468,0,49,0,0
B6_D1,162,0,198,0,0
B4_D1,155,0,129,0,0
B6_D1,294,0,376,0,0
G1_D1,1005,0,290,0,0
B10_D1,125,0,127,0,0
B6_D1,674,0,416,0,0
B2_D1,405,0,478,0,0
G1_D1,324,0,40,0,0
B10_D1,956,0,29,0,0
G1_D1,685,0,246,0,0
B10_D1,5,0,182,0,0
B10_D1,424,0,260,0,0
B10_D1,700,0,112,0,0
B10_D1,435,0,325,0,0
B8_D1,71,0,146,0,0
B6_D1,39,0,135,0,0
B4_D1,652,0,25,0,0
B6_D1,890,0,510,0,0
G1_D1,229,0,44,0,0
B10_D1,203,0,73,0,0
B10_D1,793,0,271,0,0
B6_D1,771,0,351,0,0
G1_D1,910,0,487,0,0
B6_D1,433,0,383,0,0
G1_D1,265,0,312,0,0
B2_D1,170,0,502,0,0
B6_D1,162,0,489,0,0
B6_D1,918,0,483,0,0
B6_D1,248,0,31,0,0
B6_D1,523,0,164,0,0
B10_D1,17,0,82,0,0
B6_D1,848,0,54,0,0
G1_D1,962,0,217,0,0
B2_D1,687,0,275,0,0
B6_D1,92,0,269,0,0
G1_D1,438,0,251,0,0
B10_D1,998,0,302,0,0
B6_D1,142,0,140,0,0
B4_D1,83,0,18,0,0
B4_D1,700,0,439,0,0
B10_D1,235,0,176,0,0
B6_D1,680,0,47,0,0
G1_D1,367,0,287,0,0
B6_D1,750,0,313,0,0
B10_D1,355,0,238,0,0
B8_D1,965,0,242,0,0
B10_D1,1015,0,27,0,0
B6_D1,265,0,50,0,0
B4_D1,380,0,225,0,0
B6_D1,412,0,25,0,0
G1_D1,1012,0,509,0,0
B10_D1,118,0,121,0,0
B4_D1,688,0,17,0,0
B8_D1,412,0,195,0,0
G1_D1,1008,0,271,0,0
B6_D1,980,0,5,0,0
B8_D1,131,0,77,0,0
B6_D1,972,0,5,0,0
B10_D1,628,0,127,0,0
B10_D1,753,0,273,0,0
B10_D1,239,0,80,0,0
B10_D1,0,0,370,0,0
B6_D1,400,0,31,0,0
B10_D1,679,0,65,0,0
G1_D1,732,0,102,0,0
B6_D1,51,0,192,0,0
B10_D1,673,0,266,0,0
B10_D1,262,0,159,0,0
G1_D1,999,0,201,0,0
B6_D1,308,0,43,0,0
B6_D1,494,0,493,0,0
G1_D1,869,0,266,0,0
B10_D1,284,0,28,0,0
B10_D1,51,0,12,0,0
B10_D1,867,0,43,0,0
B2_D1,541,0,365,0,0
B6_D1,535,0,441,0,0
B6_D1,548,0,17,0,0
B6_D1,100,0,22,0,0
B6_D1,764,0,6,0,0
B6_D1,456,0,24,0,0
B4_D1,422,0,233,0,0
G1_D1,920,0,133,0,0
B4_D1,242,0,213,0,0
G1_D1,70,0,56,0,0
G1_D1,510,0,84,0,0
G1_D1,35,0,221,0,0
B6_D1,400,0,21,0,0
B6_D1,131,0,180,0,0
B10_D1,627,0,124,0,0
G1_D1,354,0,421,0,0
B10_D1,157,0,59,0,0
B10_D1,259,0,264,0,0
G1_D1,260,0,56,0,0
B6_D1,728,0,23,0,0
B6_D1,232,0,191,0,0
B6_D1,132,0,120,0,0
G1_D1,25,0,322,0,0
G1_D1,547,0,123,0,0
B2_D1,201,0,217,0,0
B10_D1,641,0,39,0,0
B10_D1,658,0,105,0,0
G1_D1,401,0,97,0,0
G1_D1,186,0,451,0,0
G1_D1,154,0,267,0,0
B6_D1,358,0,354,0,0
B10_D1,335,0,190,0,0
B10_D1,539,0,3,0,0
G1_D1,989,0,21,0,0
B2_D1,235,0,70,0,0
B4_D1,543,0,381,0,0
B6_D1,76,0,10,0,0
B4_D1,50,0,161,0,0
B6_D1,214,0,329,0,0
B10_D1,1,0,330,0,0
B6_D1,3,0,209,0,0
B2_D1,76,0,57,0,0
B4_D1,3,0,137,0,0
B10_D1,897,0,84,0,0
B6_D1,602,0,506,0,0
G1_D1,993,0,17,0,0
G1_D1,474,0,152,0,0
G1_D1,927,0,282,0,0
B6_D1,421,0,247,0,0
B10_D1,120,0,457,0,0
B4_D1,663,0,275,0,0
B10_D1,797,0,398,0,0
B10_D1,833,0,237,0,0
G1_D1,711,0,24,0,0
B10_D1,59,0,10,0,0
B6_D1,195,0,104,0,0
B10_D1,432,0,459,0,0
G1_D1,1013,0,158,0,0
B6_D1,122,0,496,0,0
B10_D1,375,0,174,0,0
B6_D1,930,0,267,0,0
B6_D1,5,0,341,0,0
G1_D1,1019,0,45,0,0
G1_D1,981,0,96,0,0
B6_D1,515,0,313,0,0
B6_D1,2,0,506,0,0
B6_D1,242,0,510,0,0
G1_D1,287,0,279,0,0
B10_D1,786,0,80,0,0
B10_D1,645,0,230,0,0
B8_D1,55,0,191,0,0
B10_D1,26,0,128,0,0
B10_D1,444,0,506,0,0
B6_D1,324,0,385,0,0
B6_D1,740,0,156,0,0
B10_D1,137,0,319,0,0
B10_D1,228,0,93,0,0
B6_D1,73,0,310,0,0
B10_D1,255,0,0,0,0
B4_D1,885,0,34,0,0
B6_D1,40,0,39,0,0
G1_D1,981,0,213,0,0
B6_D1,752,0,467,0,0
G1_D1,1001,0,123,0,0
G1_D1,667,0,172,0,0
G1_D1,697,0,8,0,0
B10_D1,93,0,313,0,0
G1_D1,802,0,243,0,0
B6_D1,816,0,43,0,0
B10_D1,518,0,118,0,0
G1_D1,432,0,370,0,0
G1_D1,46,0,106,0,0
G1_D1,67,0,30,0,0
B6_D1,671,0,417,0,0
B6_D1,926,0,260,0,0
B10_D1,866,0,78,0,0
G1_D1,1023,0,194,0,0
G1_D1,777,0,51,0,0
B6_D1,387,0,458,0,0
B10_D1,605,0,138,0,0
B10_D1,962,0,80,0,0
B6_D1,1018,0,510,0,0
B4_D1,945,0,62,0,0
G1_D1,27,0,150,0,0
B4_D1,1022,0,164,0,0
B4_D1,419,0,393,0,0
B10_D1,666,0,115,0,0
B6_D1,832,0,454,0,0
G1_D1,691,0,14,0,0
B10_D1,1010,0,18,0,0
B10_D1,514,0,111,0,0
G1_D1,573,0,199,0,0
B10_D1,245,0,396,0,0
B10_D1,831,0,92,0,0
G1_D1,671,0,361,0,0
B6_D1,467,0,330,0,0
B4_D1,243,0,64,0,0
B6_D1,341,0,292,0,0
B10_D1,43,0,71,0,0
B6_D1,504,0,43,0,0
B6_D1,152,0,218,0,0
G1_D1,243,0,16,0,0
B6_D1,966,0,130,0,0
B10_D1,110,0,55,0,0
B10_D1,8,0,249,0,0
G1_D1,892,0,11,0,0
B4_D1,122,0,164,0,0
G1_D1,621,0,475,0,0
B6_D1,622,0,374,0,0
B10_D1,1020,0,74,0,0
B10_D1,193,0,11,0,0
B6_D1,19,0,289,0,0
G1_D1,69,0,141,0,0
B10_D1,1020,0,131,0,0
B6_D1,835,0,364,0,0
B6_D1,764,0,24,0,0
B6_D1,839,0,151,0,0
B6_D1,710,0,338,0,0
B6_D1,988,0,39,0,0
B10_D1,223,0,12,0,0
B10_D1,74,0,132,0,0
B10_D1,931,0,237,0,0
B10_D1,93,0,294,0,0
B6_D1,51,0,91,0,0
B10_D1,416,0,310,0,0
G1_D1,239,0,77,0,0
B10_D1,823,0,271,0,0
B4_D1,192,0,28,0,0
B10_D1,959,0,3,0,0
B4_D1,451,0,231,0,0
B8_D1,125,0,209,0,0
B10_D1,133,0,262,0,0
B10_D1,114,0,222,0,0
B6_D1,186,0,499,0,0
G1_D1,967,0,26,0,0
B10_D1,704,0,6,0,0
B6_D1,753,0,338,0,0
B6_D1,989,0,81,0,0
B6_D1,335,0,477,0,0
B6_D1,342,0,335,0,0
B8_D1,835,0,306,0,0
B6_D1,655,0,395,0,0
B10_D1,693,0,292,0,0
B4_D1,909,0,26,0,0
B6_D1,478,0,486,0,0
B6_D1,765,0,316,0,0
G1_D1,945,0,255,0,0
B10_D1,679,0,319,0,0
B6_D1,43,0,403,0,0
B10_D1,10,0,196,0,0
B6_D1,878,0,166,0,0
B10_D1,296,0,328,0,0
B10_D1,608,0,130,0,0
G1_D1,251,0,163,0,0
B6_D1,512,0,38,0,0
B10_D1,752,0,112,0,0
B10_D1,302,0,138,0,0
G1_D1,998,0,93,0,0
B10_D1,989,0,103,0,0
G1_D1,862,0,390,0,0
B6_D1,973,0,446,0,0
B6_D1,816,0,121,0,0
B4_D1,550,0,202,0,0
G1_D1,145,0,8,0,0
B10_D1,950,0,74,0,0
B10_D1,216,0,333,0,0
B4_D1,167,0,173,0,0
B6_D1,954,0,421,0,0
G1_D1,122,0,9,0,0
G1_D1,49,0,152,0,0
B10_D1,267,0,70,0,0
B10_D1,82,0,132,0,0
B10_D1,561,0,75,0,0
B6_D1,34,0,82,0,0
B6_D1,819,0,191,0,0
G1_D1,475,0,126,0,0
B4_D1,959,0,233,0,0
B6_D1,926,0,391,0,0
B10_D1,324,0,18,0,0
B6_D1,788,0,12,0,0
B6_D1,427,0,124,0,0
G1_D1,274,0,241,0,0
B6_D1,734,0,486,0,0
B8_D1,359,0,187,0,0
B6_D1,92,0,287,0,0
G1_D1,482,0,484,0,0
B4_D1,753,0,205,0,0
B10_D1,16,0,264,0,0
B6_D1,102,0,194,0,0
G1_D1,782,0,199,0,0
B8_D1,88,0,186,0,0
B6_D1,786,0,243,0,0
B10_D1,927,0,376,0,0
G1_D1,69,0,451,0,0
B10_D1,44,0,211,0,0
B10_D1,707,0,74,0,0
G1_D1,819,0,219,0,0
B6_D1,836,0,30,0,0
B10_D1,167,0,61,0,0
B6_D1,12,0,345,0,0
B6_D1,946,0,292,0,0
G1_D1,362,0,9,0,0
B6_D1,533,0,388,0,0
B10_D1,651,0,416,0,0
G1_D1,287,0,35,0,0
B10_D1,533,0,509,0,0
B10_D1,303,0,175,0,0
B2_D1,882,0,118,0,0
B10_D1,20,0,22,0,0
B10_D1,8,0,21,0,0
B6_D1,599,0,64,0,0
G1_D1,573,0,142,0,0
B6_D1,827,0,263,0,0
B4_D1,8,0,323,0,0
B2_D1,523,0,28,0,0
B6_D1,818,0,68,0,0
B10_D1,303,0,3,0,0
B6_D1,859,0,204,0,0
B2_D1,555,0,159,0,0
B6_D1,550,0,81,0,0
B10_D1,938,0,247,0,0
B6_D1,214,0,306,0,0
B10_D1,445,0,461,0,0
B10_D1,394,0,257,0,0
B8_D1,144,0,337,0,0
B10_D1,631,0,31,0,0
B10_D1,469,0,500,0,0
B6_D1,924,0,11,0,0
B6_D1,84,0,141,0,0
B6_D1,376,0,224,0,0
B6_D1,60,0,46,0,0
G1_D1,1022,0,139,0,0
B6_D1,554,0,163,0,0
G1_D1,89,0,201,0,0
B10_D1,166,0,98,0,0
B4_D1,746,0,246,0,0
B6_D1,110,0,510,0,0
B10_D1,184,0,437,0,0
B6_D1,81,0,90,0,0
B6_D1,248,0,480,0,0
B4_D1,1018,0,74,0,0
G1_D1,193,0,344,0,0
B10_D1,296,0,145,0,0
B10_D1,897,0,4,0,0
B2_D1,303,0,292,0,0
B6_D1,837,0,386,0,0
G1_D1,847,0,20,0,0
G1_D1,79,0,462,0,0
B6_D1,750,0,372,0,0
G1_D1,241,0,493,0,0
B6_D1,858,0,506,0,0
B10_D1,488,0,60,0,0
B4_D1,129,0,63,0,0
B8_D1,1015,0,252,0,0
G1_D1,746,0,247,0,0
G1_D1,24,0,289,0,0
B10_D1,87,0,120,0,0
G1_D1,942,0,220,0,0
B10_D1,492,0,117,0,0
B6_D1,228,0,6,0,0
B4_D1,935,0,288,0,0
B6_D1,973,0,255,0,0
B10_D1,983,0,54,0,0
B6_D1,986,0,398,0,0
G1_D1,283,0,6,0,0
B10_D1,194,0,214,0,0
B10_D1,207,0,53,0,0
B2_D1,25,0,510,0,0
B6_D1,190,0,330,0,0
B10_D1,512,0,254,0,0
G1_D1,685,0,57,0,0
G1_D1,986,0,146,0,0
B10_D1,590,0,258,0,0
B6_D1,147,0,77,0,0
B6_D1,662,0,484,0,0
B6_D1,91,0,432,0,0
G1_D1,428,0,236,0,0
B6_D1,842,0,508,0,0
B6_D1,17,0,347,0,0
G1_D1,33,0,118,0,0
G1_D1,487,0,242,0,0
B10_D1,289,0,315,0,0
B6_D1,361,0,382,0,0
B6_D1,706,0,161,0,0
B6_D1,467,0,66,0,0
B4_D1,529,0,282,0,0
G1_D1,20,0,92,0,0
B6_D1,865,0,359,0,0
B2_D1,498,0,481,0,0
G1_D1,377,0,396,0,0
B6_D1,211,0,198,0,0
B6_D1,861,0,236,0,0
B2_D1,693,0,142,0,0
B4_D1,944,0,100,0,0
B8_D1,592,0,294,0,0
B6_D1,831,0,101,0,0
G1_D1,438,0,22,0,0
B10_D1,668,0,390,0,0
G1_D1,565,0,67,0,0
B10_D1,233,0,138,0,0
B6_D1,949,0,273,0,0
G1_D1,9,0,122,0,0
B6_D1,767,0,327,0,0
G1_D1,1022,0,304,0,0
B6_D1,290,0,462,0,0
G1_D1,545,0,83,0,0
B10_D1,866,0,374,0,0
G1_D1,643,0,6,0,0
B2_D1,664,0,38,0,0
B4_D1,608,0,345,0,0
G1_D1,331,0,424,0,0
B2_D1,118,0,109,0,0
B6_D1,676,0,287,0,0
B10_D1,422,0,481,0,0
B10_D1,770,0,61,0,0
B6_D1,113,0,197,0,0
B6_D1,416,0,10,0,0
B10_D1,753,0,423,0,0
B6_D1,605,0,341,0,0
B6_D1,719,0,199,0,0
B6_D1,339,0,223,0,0
B6_D1,676,0,68,0,0
B6_D1,48,0,433,0,0
B10_D1,643,0,448,0,0
B10_D1,3,0,100,0,0
B2_D1,122,0,102,0,0
G1_D1,387,0,16,0,0
B6_D1,913,0,385,0,0
B4_D1,772,0,233,0,0
B2_D1,452,0,30,0,0
B10_D1,246,0,113,0,0
B10_D1,38,0,34,0,0
B10_D1,796,0,34,0,0
B6_D1,542,0,498,0,0
B6_D1,322,0,491,0,0
B4_D1,572,0,244,0,0
B10_D1,1013,0,159,0,0
B2_D1,64,0,30,0,0
G1_D1,56,0,91,0,0
B6_D1,313,0,214,0,0
B4_D1,325,0,312,0,0
B10_D1,43,0,38,0,0
B10_D1,371,0,95,0,0
B4_D1,738,0,282,0,0
B4_D1,581,0,227,0,0
G1_D1,182,0,240,0,0
B6_D1,372,0,48,0,0
G1_D1,578,0,171,0,0
B2_D1,800,0,45,0,0
B10_D1,150,0,88,0,0
B6_D1,35,0,116,0,0
G1_D1,233,0,181,0,0
B10_D1,751,0,424,0,0
B6_D1,186,0,308,0,0
B10_D1,875,0,16,0,0
B10_D1,861,0,54,0,0
G1_D1,451,0,302,0,0
B10_D1,322,0,184,0,0
B8_D1,439,0,197,0,0
G1_D1,784,0,65,0,0
B6_D1,439,0,349,0,0
B10_D1,101,0,125,0,0
B6_D1,137,0,213,0,0
B6_D1,912,0,223,0,0
B6_D1,406,0,249,0,0
G1_D1,319,0,33,0,0
B2_D1,156,0,78,0,0
B10_D1,299,0,317,0,0
B10_D1,180,0,57,0,0
B6_D1,134,0,496,0,0
B6_D1,228,0,168,0,0
B10_D1,746,0,359,0,0
G1_D1,339,0,268,0,0
B6_D1,158,0,504,0,0
B6_D1,736,0,48,0,0
G1_D1,1020,0,191,0,0
B2_D1,779,0,24,0,0
B10_D1,318,0,288,0,0
G1_D1,39,0,86,0,0
B10_D1,134,0,113,0,0
B10_D1,21,0,227,0,0
G1_D1,254,0,13,0,0
B6_D1,680,0,393,0,0
B10_D1,819,0,10,0,0
B6_D1,781,0,108,0,0
B10_D1,231,0,63,0,0
B10_D1,680,0,245,0,0
G1_D1,682,0,37,0,0
B10_D1,251,0,8,0,0
B10_D1,800,0,391,0,0
B6_D1,792,0,106,0,0
G1_D1,1022,0,52,0,0
B6_D1,81,0,399,0,0
B10_D1,693,0,255,0,0
B10_D1,584,0,340,0,0
B10_D1,130,0,183,0,0
G1_D1,586,0,17,0,0
B8_D1,141,0,205,0,0
G1_D1,789,0,247,0,0
B10_D1,1001,0,35,0,0
G1_D1,22,0,261,0,0
G1_D1,1020,0,145,0,0
B6_D1,756,0,53,0,0
B6_D1,942,0,427,0,0
G1_D1,441,0,19,0,0
B6_D1,146,0,486,0,0
B4_D1,594,0,207,0,0
B6_D1,872,0,21,0,0
B10_D1,837,0,319,0,0
B10_D1,515,0,33,0,0
G1_D1,926,0,262,0,0
B10_D1,449,0,294,0,0
B6_D1,684,0,16,0,0
B10_D1,342,0,172,0,0
B10_D1,406,0,242,0,0
G1_D1,104,0,283,0,0
B6_D1,412,0,27,0,0
G1_D1,142,0,5,0,0
B6_D1,466,0,284,0,0
B2_D1,685,0,42,0,0
B4_D1,255,0,294,0,0
B6_D1,698,0,502,0,0
B2_D1,147,0,6,0,0
G1_D1,45,0,144,0,0
B4_D1,4,0,505,0,0
B6_D1,382,0,499,0,0
B4_D1,759,0,47,0,0
B2_D1,989,0,64,0,0
B10_D1,593,0,511,0,0
B2_D1,850,0,39,0,0
B10_D1,669,0,489,0,0
B6_D1,510,0,487,0,0
G1_D1,611,0,116,0,0
B6_D1,448,0,17,0,0
G1_D1,1003,0,228,0,0
B10_D1,346,0,183,0,0
B6_D1,344,0,35,0,0
B10_D1,184,0,217,0,0
G1_D1,27,0,2,0,0
B6_D1,190,0,507,0,0
B10_D1,719,0,66,0,0
B10_D1,778,0,213,0,0
B2_D1,836,0,22,0,0
B6_D1,710,0,189,0,0
B10_D1,604,0,337,0,0
B4_D1,298,0,274,0,0
B6_D1,577,0,311,0,0
B6_D1,182,0,277,0,0
B6_D1,996,0,465,0,0
G1_D1,945,0,281,0,0
B6_D1,766,0,247,0,0
B10_D1,737,0,423,0,0
B10_D1,435,0,242,0,0
B6_D1,994,0,486,0,0
B10_D1,54,0,145,0,0
B6_D1,534,0,284,0,0
B10_D1,6,0,268,0,0
G1_D1,269,0,8,0,0
B6_D1,381,0,215,0,0
B4_D1,408,0,232,0,0
B10_D1,786,0,28,0,0
B6_D1,681,0,388,0,0
B6_D1,560,0,321,0,0
B6_D1,316,0,13,0,0
B10_D1,583,0,3,0,0
B4_D1,919,0,50,0,0
B6_D1,953,0,93,0,0
B2_D1,0,0,204,0,0
G1_D1,975,0,310,0,0
B6_D1,778,0,229,0,0
G1_D1,934,0,20,0,0
B10_D1,18,0,86,0,0
B6_D1,438,0,501,0,0
B4_D1,590,0,220,0,0
G1_D1,12,0,350,0,0
B2_D1,564,0,472,0,0
B10_D1,666,0,421,0,0
B6_D1,198,0,510,0,0
B10_D1,666,0,66,0,0
B6_D1,283,0,398,0,0
B10_D1,523,0,62,0,0
B10_D1,875,0,206,0,0
B10_D1,200,0,253,0,0
G1_D1,756,0,241,0,0
B10_D1,136,0,187,0,0
B6_D1,14,0,212,0,0
B6_D1,656,0,31,0,0
G1_D1,866,0,69,0,0
B4_D1,833,0,258,0,0
B6_D1,2,0,241,0,0
G1_D1,671,0,2,0,0
B4_D1,948,0,218,0,0
B8_D1,139,0,252,0,0
G1_D1,84,0,83,0,0
B10_D1,712,0,430,0,0
B6_D1,613,0,305,0,0
B6_D1,38,0,497,0,0
B4_D1,900,0,12,0,0
B6_D1,436,0,46,0,0
B6_D1,243,0,464,0,0
B6_D1,825,0,84,0,0
B2_D1,829,0,5,0,0
B10_D1,386,0,486,0,0
B6_D1,854,0,175,0,0
B6_D1,865,0,221,0,0
G1_D1,489,0,21,0,0
G1_D1,915,0,57,0,0
B8_D1,1022,0,100,0,0
B6_D1,908,0,8,0,0
G1_D1,174,0,503,0,0
B10_D1,530,0,275,0,0
B10_D1,372,0,197,0,0
B6_D1,130,0,504,0,0
B10_D1,278,0,291,0,0
B6_D1,787,0,93,0,0
G1_D1,477,0,215,0,0
B10_D1,167,0,189,0,0
B10_D1,336,0,49,0,0
B6_D1,160,0,266,0,0
B10_D1,69,0,174,0,0
B2_D1,210,0,483,0,0
B6_D1,317,0,347,0,0
G1_D1,1000,0,161,0,0
B2_D1,334,0,177,0,0
B4_D1,57,0,21,0,0
B10_D1,674,0,83,0,0
B6_D1,766,0,506,0,0
B6_D1,352,0,36,0,0
G1_D1,487,0,71,0,0
B4_D1,610,0,180,0,0
B6_D1,259,0,379,0,0
G1_D1,32,0,466,0,0
B6_D1,542,0,507,0,0
B6_D1,182,0,348,0,0
B2_D1,725,0,284,0,0
B10_D1,427,0,399,0,0
B6_D1,162,0,498,0,0
B6_D1,143,0,201,0,0
G1_D1,324,0,414,0,0
G1_D1,260,0,11,0,0
B10_D1,442,0,70,0,0
G1_D1,453,0,301,0,0
G1_D1,939,0,21,0,0
B6_D1,702,0,348,0,0
B6_D1,928,0,126,0,0
B6_D1,284,0,1,0,0
B6_D1,984,0,26,0,0
B6_D1,576,0,15,0,0
B10_D1,971,0,64,0,0
B10_D1,155,0,256,0,0
B6_D1,168,0,64,0,0
B4_D1,936,0,129,0,0
B6_D1,55,0,202,0,0
B10_D1,165,0,35,0,0
G1_D1,804,0,107,0,0
B10_D1,750,0,102,0,0
B10_D1,967,0,77,0,0
G1_D1,722,0,462,0,0
B10_D1,929,0,194,0,0
B10_D1,663,0,265,0,0
B6_D1,803,0,301,0,0
B10_D1,126,0,373,0,0
B6_D1,923,0,259,0,0
B10_D1,40,0,50,0,0
B6_D1,806,0,505,0,0
B2_D1,954,0,252,0,0
B2_D1,242,0,67,0,0
B6_D1,876,0,39,0,0
B6_D1,156,0,34,0,0
B2_D1,828,0,272,0,0
B2_D1,543,0,29,0,0
B6_D1,340,0,40,0,0
B2_D1,635,0,108,0,0
G1_D1,349,0,101,0,0
B6_D1,819,0,143,0,0
B2_D1,766,0,511,0,0
B6_D1,162,0,212,0,0
B2_D1,194,0,277,0,0
B6_D1,104,0,0,0,0
B6_D1,22,0,233,0,0
B2_D1,955,0,143,0,0
B2_D1,729,0,223,0,0
B10_D1,364,0,172,0,0
G1_D1,340,0,422,0,0
G1_D1,476,0,510,0,0
B6_D1,510,0,500,0,0
B10_D1,53,0,151,0,0
B10_D1,653,0,36,0,0
B6_D1,118,0,461,0,0
G1_D1,13,0,231,0,0
B10_D1,921,0,251,0,0
G1_D1,664,0,11,0,0
G1_D1,276,0,70,0,0
B10_D1,268,0,251,0,0
B10_D1,444,0,19,0,0
B6_D1,636,0,33,0,0
B2_D1,512,0,466,0,0
B6_D1,573,0,392,0,0
B6_D1,779,0,215,0,0
G1_D1,12,0,1,0,0
B6_D1,421,0,63,0,0
B6_D1,992,0,29,0,0
B10_D1,715,0,85,0,0
B10_D1,956,0,265,0,0
G1_D1,255,0,17,0,0
B6_D1,211,0,153,0,0
B10_D1,247,0,77,0,0
B4_D1,925,0,130,0,0
G1_D1,152,0,3,0,0
B6_D1,584,0,21,0,0
B6_D1,508,0,282,0,0
B10_D1,418,0,409,0,0
B6_D1,623,0,57,0,0
G1_D1,745,0,212,0,0
B10_D1,542,0,301,0,0
B4_D1,605,0,302,0,0
B4_D1,8,0,193,0,0
G1_D1,830,0,240,0,0
G1_D1,944,0,462,0,0
B6_D1,650,0,484,0,0
B6_D1,816,0,98,0,0
B4_D1,944,0,247,0,0
B10_D1,16,0,151,0,0
B6_D1,162,0,488,0,0
G1_D1,18,0,147,0,0
B6_D1,296,0,19,0,0
B2_D1,295,0,499,0,0
B4_D1,258,0,136,0,0
B10_D1,272,0,258,0,0
B10_D1,591,0,502,0,0
B6_D1,728,0,282,0,0
B10_D1,363,0,61,0,0
B10_D1,589,0,107,0,0
G1_D1,31,0,133,0,0
G1_D1,930,0,66,0,0
B6_D1,521,0,312,0,0
G1_D1,64,0,500,0,0
B8_D1,220,0,71,0,0
B6_D1,67,0,418,0,0
B2_D1,882,0,216,0,0
G1_D1,1015,0,187,0,0
B10_D1,685,0,92,0,0
B6_D1,996,0,256,0,0
G1_D1,986,0,66,0,0
G1_D1,920,0,294,0,0
B10_D1,445,0,231,0,0
G1_D1,239,0,16,0,0
B6_D1,462,0,491,0,0
B10_D1,179,0,181,0,0
G1_D1,764,0,50,0,0
B6_D1,824,0,6,0,0
G1_D1,19,0,2,0,0
B6_D1,950,0,500,0,0
B6_D1,491,0,325,0,0
G1_D1,116,0,24,0,0
B2_D1,637,0,476,0,0
G1_D1,117,0,55,0,0
G1_D1,791,0,2,0,0
B10_D1,559,0,3,0,0
B4_D1,317,0,41,0,0
B10_D1,694,0,162,0,0
B4_D1,916,0,233,0,0
G1_D1,186,0,503,0,0
B10_D1,505,0,312,0,0
B6_D1,268,0,272,0,0
B6_D1,218,0,332,0,0
B10_D1,158,0,13,0,0
B6_D1,204,0,174,0,0
B2_D1,138,0,60,0,0
B10_D1,470,0,136,0,0
B6_D1,54,0,503,0,0
G1_D1,778,0,217,0,0
B10_D1,119,0,500,0,0
B6_D1,380,0,0,0,0
B6_D1,2,0,482,0,0
B6_D1,27,0,135,0,0
G1_D1,309,0,53,0,0
B8_D1,502,0,291,0,0
B10_D1,952,0,51,0,0
B6_D1,990,0,491,0,0
B6_D1,115,0,374,0,0
B6_D1,957,0,459,0,0
B2_D1,181,0,127,0,0
B6_D1,414,0,150,0,0
B6_D1,47,0,140,0,0
G1_D1,13,0,377,0,0
B6_D1,70,0,268,0,0
B10_D1,298,0,132,0,0
B10_D1,204,0,67,0,0
B4_D1,531,0,378,0,0
B6_D1,66,0,172,0,0
B10_D1,98,0,169,0,0
G1_D1,393,0,497,0,0
G1_D1,738,0,17,0,0
G1_D1,290,0,20,0,0
G1_D1,815,0,299,0,0
B4_D1,973,0,90,0,0
B10_D1,810,0,438,0,0
B2_D1,625,0,480,0,0
B6_D1,260,0,474,0,0
B6_D1,756,0,420,0,0
B6_D1,656,0,402,0,0
G1_D1,251,0,36,0,0
B6_D1,953,0,226,0,0
B6_D1,592,0,3,0,0
B6_D1,789,0,242,0,0
G1_D1,210,0,141,0,0
B10_D1,738,0,456,0,0
G1_D1,296,0,11,0,0
B6_D1,16,0,9,0,0
B10_D1,109,0,1,0,0
B6_D1,154,0,212,0,0
B6_D1,316,0,47,0,0
B6_D1,38,0,290,0,0
B10_D1,380,0,67,0,0
G1_D1,750,0,384,0,0
B10_D1,766,0,456,0,0
B6_D1,212,0,25,0,0
B10_D1,934,0,16,0,0
G1_D1,908,0,64,0,0
B4_D1,504,0,53,0,0
B10_D1,98,0,311,0,0
G1_D1,147,0,106,0,0
B2_D1,771,0,28,0,0
G1_D1,636,0,159,0,0
B10_D1,189,0,259,0,0
B6_D1,886,0,487,0,0
B6_D1,88,0,13,0,0
B10_D1,771,0,258,0,0
B8_D1,744,0,315,0,0
B4_D1,91,0,151,0,0
B10_D1,467,0,303,0,0
B4_D1,142,0,149,0,0
B6_D1,614,0,278,0,0
B6_D1,852,0,12,0,0
G1_D1,708,0,507,0,0
G1_D1,753,0,33,0,0
B6_D1,580,0,9,0,0
B2_D1,38,0,54,0,0
B10_D1,941,0,354,0,0
B2_D1,485,0,39,0,0
B4_D1,619,0,218,0,0
B10_D1,826,0,422,0,0
G1_D1,729,0,263,0,0
B10_D1,761,0,96,0,0
G1_D1,370,0,103,0,0
B6_D1,774,0,229,0,0
B4_D1,64,0,19,0,0
B2_D1,539,0,28,0,0
G1_D1,175,0,507,0,0
B6_D1,742,0,491,0,0
B6_D1,698,0,483,0,0
B4_D1,1018,0,53,0,0
B6_D1,986,0,62,0,0
B6_D1,558,0,408,0,0
B10_D1,276,0,133,0,0
G1_D1,267,0,489,0,0
B10_D1,68,0,124,0,0
B6_D1,540,0,346,0,0
B10_D1,323,0,190,0,0
G1_D1,666,0,245,0,0
B6_D1,512,0,152,0,0
B4_D1,51,0,116,0,0
B10_D1,525,0,80,0,0
B6_D1,319,0,136,0,0
G1_D1,268,0,192,0,0
G1_D1,16,0,340,0,0
B10_D1,148,0,92,0,0
B10_D1,352,0,412,0,0
B6_D1,463,0,312,0,0
G1_D1,14,0,189,0,0
B10_D1,341,0,167,0,0
G1_D1,627,0,164,0,0
G1_D1,696,0,457,0,0
B6_D1,902,0,97,0,0
B6_D1,816,0,377,0,0
B6_D1,245,0,466,0,0
B6_D1,716,0,41,0,0
B10_D1,669,0,271,0,0
B4_D1,503,0,206,0,0
B2_D1,101,0,124,0,0
B6_D1,625,0,444,0,0
B10_D1,629,0,200,0,0
G1_D1,813,0,448,0,0
B6_D1,1022,0,487,0,0
G1_D1,1017,0,40,0,0
G1_D1,570,0,37,0,0
B8_D1,198,0,345,0,0
G1_D1,372,0,480,0,0
B6_D1,98,0,182,0,0
B6_D1,281,0,81,0,0
B2_D1,754,0,54,0,0
B10_D1,811,0,434,0,0
G1_D1,369,0,473,0,0
G1_D1,163,0,377,0,0
B10_D1,27,0,263,0,0
B10_D1,789,0,59,0,0
B4_D1,614,0,156,0,0
B10_D1,857,0,42,0,0
G1_D1,25,0,74,0,0
B10_D1,498,0,252,0,0
G1_D1,695,0,39,0,0
G1_D1,744,0,457,0,0
B10_D1,265,0,310,0,0
B6_D1,536,0,282,0,0
B6_D1,20,0,48,0,0
B10_D1,38,0,107,0,0
B10_D1,93,0,145,0,0
B10_D1,812,0,309,0,0
B10_D1,1021,0,45,0,0
B2_D1,420,0,287,0,0
G1_D1,804,0,3,0,0
B6_D1,776,0,48,0,0
B10_D1,570,0,64,0,0
B6_D1,553,0,420,0,0
G1_D1,15,0,297,0,0
B10_D1,72,0,294,0,0
B4_D1,731,0,14,0,0
B10_D1,467,0,38,0,0
B2_D1,613,0,480,0,0
B10_D1,505,0,408,0,0
B2_D1,344,0,226,0,0
B10_D1,233,0,165,0,0
B6_D1,38,0,137,0,0
G1_D1,463,0,83,0,0
B6_D1,718,0,431,0,0
B6_D1,867,0,219,0,0
B6_D1,878,0,137,0,0
B10_D1,194,0,70,0,0
G1_D1,740,0,321,0,0
G1_D1,87,0,203,0,0
B10_D1,241,0,137,0,0
B10_D1,146,0,127,0,0
B6_D1,319,0,384,0,0
B6_D1,676,0,6,0,0
B10_D1,784,0,240,0,0
B10_D1,538,0,166,0,0
B10_D1,314,0,195,0,0
B6_D1,216,0,171,0,0
B4_D1,694,0,73,0,0
B10_D1,808,0,275,0,0
B6_D1,184,0,65,0,0
B2_D1,745,0,510,0,0
G1_D1,41,0,173,0,0
B6_D1,394,0,509,0,0
G1_D1,738,0,241,0,0
B10_D1,657,0,55,0,0
B2_D1,780,0,131,0,0
B10_D1,434,0,227,0,0
B10_D1,938,0,346,0,0
B2_D1,277,0,503,0,0
B6_D1,936,0,11,0,0
B10_D1,394,0,87,0,0
B6_D1,44,0,244,0,0
B4_D1,176,0,19,0,0
B6_D1,194,0,485,0,0
B2_D1,149,0,0,0,0
B6_D1,62,0,393,0,0
G1_D1,907,0,246,0,0
G1_D1,105,0,305,0,0
B6_D1,384,0,3,0,0
B10_D1,100,0,85,0,0
B6_D1,397,0,480,0,0
G1_D1,351,0,419,0,0
B10_D1,541,0,68,0,0
G1_D1,723,0,260,0,0
B6_D1,942,0,496,0,0
B4_D1,243,0,210,0,0
B6_D1,966,0,492,0,0
B6_D1,854,0,161,0,0
B6_D1,146,0,501,0,0
B6_D1,320,0,217,0,0
B10_D1,824,0,6,0,0
B4_D1,855,0,14,0,0
B2_D1,121,0,34,0,0
B10_D1,796,0,169,0,0
B4_D1,2,0,83,0,0
G1_D1,797,0,269,0,0
B2_D1,344,0,387,0,0
B6_D1,1020,0,443,0,0
B10_D1,800,0,255,0,0
G1_D1,536,0,186,0,0
B10_D1,224,0,181,0,0
B10_D1,575,0,319,0,0
B6_D1,260,0,480,0,0
B6_D1,804,0,146,0,0
B10_D1,204,0,505,0,0
B6_D1,566,0,470,0,0
B10_D1,50,0,14,0,0
G1_D1,929,0,111,0,0
G1_D1,1011,0,60,0,0
B10_D1,281,0,167,0,0
B4_D1,73,0,327,0,0
B2_D1,459,0,488,0,0
B6_D1,267,0,108,0,0
G1_D1,201,0,68,0,0
B6_D1,1010,0,414,0,0
B6_D1,128,0,420,0,0
B6_D1,4,0,20,0,0
G1_D1,12,0,308,0,0
G1_D1,1005,0,65,0,0
B4_D1,699,0,14,0,0
B10_D1,710,0,267,0,0
G1_D1,722,0,323,0,0
B6_D1,14,0,64,0,0
B6_D1,819,0,189,0,0
B6_D1,248,0,69,0,0
B8_D1,848,0,2,0,0
B6_D1,76,0,131,0,0
B4_D1,1,0,304,0,0
B6_D1,621,0,420,0,0
B10_D1,342,0,271,0,0
B4_D1,254,0,53,0,0
G1_D1,246,0,511,0,0
B2_D1,796,0,49,0,0
B4_D1,40,0,169,0,0
B6_D1,811,0,56,0,0
G1_D1,822,0,390,0,0
B10_D1,380,0,505,0,0
B10_D1,378,0,28,0,0
B10_D1,210,0,57,0,0
B6_D1,841,0,222,0,0
B10_D1,103,0,485,0,0
B6_D1,626,0,485,0,0
B10_D1,2,0,127,0,0
B10_D1,635,0,270,0,0
B8_D1,109,0,217,0,0
B10_D1,375,0,288,0,0
B6_D1,25,0,271,0,0
B6_D1,419,0,241,0,0
B6_D1,708,0,14,0,0
B4_D1,584,0,143,0,0
B10_D1,537,0,188,0,0
B6_D1,634,0,50,0,0
B6_D1,282,0,489,0,0
G1_D1,770,0,74,0,0
G1_D1,808,0,44,0,0
B10_D1,451,0,91,0,0
B10_D1,769,0,107,0,0
B10_D1,170,0,232,0,0
B6_D1,1008,0,17,0,0
B6_D1,558,0,463,0,0
B6_D1,112,0,412,0,0
G1_D1,121,0,198,0,0
B6_D1,368,0,272,0,0
B10_D1,738,0,319,0,0
B6_D1,844,0,55,0,0
B10_D1,648,0,26,0,0
B4_D1,622,0,232,0,0
B6_D1,538,0,499,0,0
B10_D1,196,0,29,0,0
B10_D1,164,0,273,0,0
B8_D1,710,0,250,0,0
G1_D1,842,0,302,0,0
B4_D1,651,0,111,0,0
B2_D1,793,0,225,0,0
B10_D1,237,0,7,0,0
B8_D1,107,0,274,0,0
B6_D1,16,0,334,0,0
B10_D1,122,0,372,0,0
B10_D1,618,0,48,0,0
B4_D1,140,0,130,0,0
B6_D1,191,0,368,0,0
B6_D1,944,0,42,0,0
B6_D1,664,0,4,0,0
B10_D1,0,0,149,0,0
B10_D1,472,0,89,0,0
G1_D1,237,0,60,0,0
B4_D1,14,0,289,0,0
B6_D1,708,0,29,0,0
B6_D1,396,0,19,0,0
B10_D1,551,0,507,0,0
B6_D1,442,0,510,0,0
B6_D1,275,0,479,0,0
B10_D1,847,0,281,0,0
B10_D1,819,0,448,0,0
B10_D1,101,0,203,0,0
B6_D1,618,0,488,0,0
G1_D1,721,0,471,0,0
B10_D1,390,0,98,0,0
G1_D1,20,0,126,0,0
B8_D1,46,0,275,0,0
B10_D1,537,0,78,0,0
B6_D1,788,0,23,0,0
B10_D1,145,0,70,0,0
B6_D1,275,0,270,0,0
B10_D1,73,0,205,0,0
G1_D1,460,0,0,0,0
B10_D1,383,0,502,0,0
B6_D1,358,0,169,0,0
B4_D1,227,0,147,0,0
B8_D1,21,0,265,0,0
G1_D1,140,0,108,0,0
B2_D1,788,0,252,0,0
B10_D1,169,0,362,0,0
B10_D1,991,0,6,0,0
G1_D1,287,0,33,0,0
B6_D1,652,0,49,0,0
B4_D1,327,0,218,0,0
B6_D1,913,0,440,0,0
B2_D1,590,0,482,0,0
B6_D1,67,0,289,0,0
B10_D1,103,0,56,0,0
G1_D1,418,0,481,0,0
B10_D1,748,0,419,0,0
B10_D1,566,0,107,0,0
B6_D1,983,0,385,0,0
B10_D1,104,0,137,0,0
B6_D1,228,0,470,0,0
B10_D1,309,0,217,0,0
B4_D1,227,0,191,0,0
B10_D1,234,0,230,0,0
B6_D1,944,0,37,0,0
G1_D1,86,0,28,0,0
B10_D1,77,0,171,0,0
G1_D1,905,0,94,0,0
B10_D1,690,0,250,0,0
B6_D1,635,0,196,0,0
B6_D1,313,0,141,0,0
B4_D1,266,0,322,0,0
B6_D1,964,0,32,0,0
B10_D1,509,0,312,0,0
B10_D1,162,0,244,0,0
B10_D1,283,0,421,0,0
B10_D1,873,0,26,0,0
B10_D1,820,0,361,0,0
B6_D1,453,0,74,0,0
B10_D1,618,0,31,0,0
B4_D1,217,0,62,0,0
G1_D1,1004,0,369,0,0
B10_D1,758,0,86,0,0
B10_D1,919,0,69,0,0
B6_D1,608,0,13,0,0
B10_D1,288,0,258,0,0
B10_D1,311,0,147,0,0
B6_D1,859,0,151,0,0
B6_D1,847,0,204,0,0
B6_D1,729,0,148,0,0
B10_D1,214,0,130,0,0
B10_D1,314,0,196,0,0
G1_D1,971,0,309,0,0
B10_D1,1021,0,223,0,0
B6_D1,430,0,478,0,0
B8_D1,615,0,226,0,0
B4_D1,418,0,383,0,0
B6_D1,226,0,484,0,0
G1_D1,707,0,375,0,0
B6_D1,408,0,171,0,0
B10_D1,625,0,277,0,0
B10_D1,784,0,251,0,0
B10_D1,246,0,278,0,0
B8_D1,697,0,186,0,0
G1_D1,755,0,39,0,0
B10_D1,509,0,482,0,0
B4_D1,1022,0,87,0,0
B6_D1,615,0,206,0,0
B6_D1,382,0,483,0,0
G1_D1,907,0,258,0,0
B6_D1,406,0,489,0,0
B10_D1,539,0,476,0,0
B2_D1,834,0,73,0,0
B10_D1,574,0,102,0,0
B10_D1,468,0,81,0,0
B6_D1,548,0,21,0,0
B6_D1,58,0,263,0,0
B6_D1,587,0,340,0,0
B10_D1,20,0,193,0,0
B6_D1,983,0,294,0,0
B6_D1,680,0,40,0,0
G1_D1,337,0,99,0,0
B4_D1,670,0,259,0,0
B10_D1,141,0,51,0,0
B6_D1,217,0,187,0,0
B6_D1,932,0,44,0,0
G1_D1,145,0,196,0,0
B6_D1,820,0,9,0,0
B2_D1,102,0,22,0,0
B6_D1,189,0,131,0,0
G1_D1,824,0,7,0,0
B10_D1,638,0,161,0,0
B10_D1,725,0,138,0,0
B6_D1,516,0,385,0,0
B4_D1,1023,0,146,0,0
B6_D1,401,0,350,0,0
B6_D1,422,0,192,0,0
B6_D1,84,0,48,0,0
G1_D1,454,0,22,0,0
B6_D1,914,0,506,0,0
B6_D1,976,0,28,0,0
B6_D1,987,0,64,0,0
B10_D1,54,0,13,0,0
B4_D1,218,0,17,0,0
B6_D1,83,0,299,0,0
B4_D1,614,0,182,0,0
B4_D1,132,0,180,0,0
G1_D1,154,0,383,0,0
B4_D1,286,0,17,0,0
B8_D1,236,0,334,0,0
B6_D1,55,0,406,0,0
B6_D1,6,0,145,0,0
B6_D1,580,0,31,0,0
B8_D1,690,0,185,0,0
G1_D1,28,0,477,0,0
B10_D1,745,0,269,0,0
B10_D1,64,0,140,0,0
G1_D1,1007,0,10,0,0
B10_D1,183,0,510,0,0
B4_D1,931,0,99,0,0
B6_D1,68,0,37,0,0
B4_D1,496,0,249,0,0
B10_D1,345,0,196,0,0
B10_D1,477,0,33,0,0
B10_D1,344,0,226,0,0
B10_D1,670,0,267,0,0
G1_D1,193,0,35,0,0
B4_D1,987,0,76,0,0
B6_D1,774,0,350,0,0
B6_D1,12,0,367,0,0
B10_D1,450,0,483,0,0
B2_D1,362,0,36,0,0
B10_D1,227,0,164,0,0
G1_D1,564,0,234,0,0
B6_D1,979,0,123,0,0
B6_D1,826,0,201,0,0
B10_D1,993,0,275,0,0
B6_D1,728,0,40,0,0
B4_D1,545,0,19,0,0
G1_D1,50,0,5,0,0
G1_D1,373,0,221,0,0
B2_D1,587,0,470,0,0
B6_D1,986,0,483,0,0
B2_D1,541,0,461,0,0
B10_D1,443,0,509,0,0
B4_D1,229,0,133,0,0
B6_D1,438,0,499,0,0
B4_D1,786,0,69,0,0
G1_D1,250,0,22,0,0
B6_D1,754,0,488,0,0
B8_D1,924,0,239,0,0
B10_D1,368,0,37,0,0
B6_D1,315,0,460,0,0
B2_D1,775,0,490,0,0
B10_D1,397,0,170,0,0
B6_D1,849,0,335,0,0
B10_D1,581,0,324,0,0
B6_D1,340,0,15,0,0
G1_D1,14,0,18,0,0
B6_D1,224,0,132,0,0
B10_D1,519,0,281,0,0
B10_D1,801,0,440,0,0
B10_D1,990,0,493,0,0
B6_D1,784,0,389,0,0
B2_D1,511,0,107,0,0
B10_D1,905,0,79,0,0
B6_D1,208,0,39,0,0
B6_D1,387,0,157,0,0
B10_D1,134,0,259,0,0
B6_D1,788,0,127,0,0
B6_D1,2,0,54,0,0
G1_D1,74,0,25,0,0
B10_D1,634,0,208,0,0
G1_D1,832,0,18,0,0
G1_D1,851,0,230,0,0
B6_D1,154,0,121,0,0
G1_D1,435,0,10,0,0
B4_D1,204,0,146,0,0
B6_D1,467,0,63,0,0
G1_D1,30,0,224,0,0
G1_D1,47,0,6,0,0
B10_D1,13,0,244,0,0
B2_D1,883,0,217,0,0
B10_D1,46,0,39,0,0
B6_D1,224,0,42,0,0
B4_D1,926,0,99,0,0
B6_D1,788,0,50,0,0
G1_D1,108,0,290,0,0
G1_D1,496,0,126,0,0
B2_D1,174,0,511,0,0
B6_D1,856,0,38,0,0
B6_D1,922,0,263,0,0
G1_D1,23,0,54,0,0
B6_D1,544,0,165,0,0
B10_D1,129,0,97,0,0
B10_D1,595,0,122,0,0
B10_D1,855,0,228,0,0
B2_D1,488,0,126,0,0
B6_D1,812,0,8,0,0
B6_D1,440,0,47,0,0
B2_D1,819,0,85,0,0
B4_D1,749,0,218,0,0
B10_D1,826,0,257,0,0
B10_D1,161,0,152,0,0
B6_D1,254,0,493,0,0
G1_D1,544,0,251,0,0
B10_D1,740,0,510,0,0
B6_D1,1012,0,29,0,0
G1_D1,422,0,125,0,0
G1_D1,990,0,27,0,0
B10_D1,625,0,226,0,0
B4_D1,836,0,49,0,0
B6_D1,60,0,470,0,0
G1_D1,186,0,23,0,0
B10_D1,180,0,241,0,0
B2_D1,510,0,157,0,0
B6_D1,608,0,281,0,0
B6_D1,554,0,176,0,0
G1_D1,863,0,118,0,0
G1_D1,758,0,85,0,0
G1_D1,72,0,325,0,0
B10_D1,418,0,344,0,0
B6_D1,9,0,97,0,0
B6_D1,135,0,272,0,0
B4_D1,1008,0,208,0,0
B6_D1,800,0,20,0,0
G1_D1,21,0,231,0,0
B10_D1,872,0,46,0,0
G1_D1,16,0,69,0,0
B6_D1,750,0,347,0,0
B6_D1,939,0,138,0,0
B2_D1,989,0,95,0,0
B10_D1,721,0,452,0,0
B6_D1,882,0,262,0,0
B10_D1,41,0,176,0,0
B6_D1,818,0,501,0,0
B10_D1,523,0,171,0,0
B10_D1,163,0,440,0,0
B4_D1,57,0,1,0,0
B10_D1,896,0,255,0,0
B6_D1,707,0,470,0,0
B6_D1,346,0,356,0,0
G1_D1,214,0,18,0,0
B6_D1,777,0,225,0,0
B6_D1,139,0,265,0,0
G1_D1,1006,0,27,0,0
B6_D1,827,0,203,0,0
B10_D1,425,0,353,0,0
B10_D1,30,0,218,0,0
B6_D1,844,0,28,0,0
B10_D1,101,0,36,0,0
B6_D1,343,0,210,0,0
B6_D1,124,0,229,0,0
B6_D1,795,0,186,0,0
B4_D1,924,0,57,0,0
B10_D1,898,0,10,0,0
B10_D1,2,0,254,0,0
B10_D1,99,0,143,0,0
B10_D1,304,0,220,0,0
B2_D1,152,0,415,0,0
B10_D1,707,0,39,0,0
B10_D1,206,0,57,0,0
B6_D1,543,0,337,0,0
B10_D1,589,0,336,0,0
B6_D1,419,0,239,0,0
B6_D1,468,0,292,0,0
B6_D1,511,0,481,0,0
B10_D1,800,0,82,0,0
B6_D1,398,0,495,0,0
B6_D1,299,0,333,0,0
B6_D1,105,0,475,0,0
G1_D1,789,0,240,0,0
B6_D1,366,0,94,0,0
B4_D1,21,0,4,0,0
B6_D1,644,0,34,0,0
B6_D1,460,0,37,0,0
B10_D1,158,0,40,0,0
G1_D1,618,0,21,0,0
G1_D1,55,0,24,0,0
B2_D1,730,0,80,0,0
B6_D1,86,0,483,0,0
B10_D1,408,0,64,0,0
G1_D1,52,0,61,0,0
B10_D1,504,0,6,0,0
B6_D1,933,0,98,0,0
B6_D1,285,0,145,0,0
G1_D1,1002,0,102,0,0
G1_D1,299,0,133,0,0
B10_D1,469,0,262,0,0
G1_D1,152,0,310,0,0
B4_D1,971,0,14,0,0
B6_D1,964,0,249,0,0
B10_D1,713,0,511,0,0
B4_D1,265,0,306,0,0
G1_D1,11,0,389,0,0
B8_D1,759,0,229,0,0
B10_D1,992,0,267,0,0
B6_D1,252,0,155,0,0
B10_D1,455,0,276,0,0
B6_D1,593,0,352,0,0
B8_D1,616,0,301,0,0
B10_D1,179,0,195,0,0
B10_D1,412,0,115,0,0
B4_D1,64,0,289,0,0
G1_D1,1019,0,163,0,0
B6_D1,876,0,34,0,0
B6_D1,152,0,22,0,0
B10_D1,639,0,150,0,0
G1_D1,555,0,103,0,0
B10_D1,187,0,236,0,0
B10_D1,735,0,256,0,0
B6_D1,245,0,375,0,0
B6_D1,504,0,67,0,0
B10_D1,343,0,210,0,0
B4_D1,688,0,47,0,0
B6_D1,425,0,225,0,0
B10_D1,71,0,86,0,0
B6_D1,71,0,124,0,0
B10_D1,232,0,329,0,0
B10_D1,635,0,31,0,0
B8_D1,40,0,194,0,0
B2_D1,662,0,438,0,0
B6_D1,123,0,454,0,0
B4_D1,298,0,308,0,0
B10_D1,786,0,249,0,0
G1_D1,402,0,276,0,0
B6_D1,372,0,37,0,0
B6_D1,910,0,488,0,0
B6_D1,299,0,479,0,0
B6_D1,167,0,452,0,0
B6_D1,152,0,388,0,0
B10_D1,198,0,15,0,0
B10_D1,387,0,490,0,0
B4_D1,611,0,44,0,0
B6_D1,478,0,304,0,0
G1_D1,475,0,66,0,0
B10_D1,263,0,252,0,0
G1_D1,983,0,26,0,0
B4_D1,910,0,322,0,0
B6_D1,57,0,51,0,0
G1_D1,1021,0,447,0,0
B10_D1,640,0,52,0,0
B10_D1,385,0,16,0,0
B10_D1,447,0,0,0,0
B10_D1,196,0,116,0,0
B10_D1,1022,0,157,0,0
B4_D1,435,0,289,0,0
B6_D1,527,0,164,0,0
G1_D1,245,0,119,0,0
B10_D1,56,0,455,0,0
G1_D1,219,0,139,0,0
B10_D1,195,0,82,0,0
B6_D1,65,0,50,0,0
B6_D1,664,0,34,0,0
B6_D1,744,0,263,0,0
B6_D1,465,0,409,0,0
B10_D1,33,0,109,0,0
B10_D1,703,0,85,0,0
B6_D1,789,0,68,0,0
B10_D1,422,0,124,0,0
B6_D1,341,0,141,0,0
B10_D1,101,0,1,0,0
B6_D1,796,0,5,0,0
B6_D1,23,0,274,0,0
B10_D1,979,0,477,0,0
B6_D1,642,0,464,0,0
B2_D1,90,0,510,0,0
G1_D1,47,0,76,0,0
B10_D1,149,0,178,0,0
B10_D1,42,0,267,0,0
B6_D1,139,0,288,0,0
B10_D1,30,0,145,0,0
B6_D1,570,0,326,0,0
G1_D1,205,0,263,0,0
B2_D1,182,0,510,0,0
B10_D1,375,0,181,0,0
B10_D1,306,0,34,0,0
B6_D1,528,0,8,0,0
B10_D1,355,0,502,0,0
G1_D1,873,0,87,0,0
G1_D1,1023,0,475,0,0
B10_D1,338,0,17,0,0
B6_D1,998,0,503,0,0
B6_D1,90,0,500,0,0
B10_D1,303,0,264,0,0
B6_D1,470,0,500,0,0
G1_D1,104,0,278,0,0
G1_D1,69,0,401,0,0
B6_D1,634,0,486,0,0
G1_D1,411,0,141,0,0
B6_D1,971,0,407,0,0
B10_D1,409,0,1,0,0
B6_D1,896,0,20,0,0
B4_D1,665,0,59,0,0
G1_D1,5,0,436,0,0
B6_D1,217,0,130,0,0
G1_D1,484,0,3,0,0
B10_D1,116,0,337,0,0
B6_D1,848,0,157,0,0
B6_D1,838,0,511,0,0
B10_D1,869,0,480,0,0
G1_D1,458,0,79,0,0
B10_D1,437,0,1,0,0
G1_D1,462,0,481,0,0
G1_D1,375,0,230,0,0
B6_D1,986,0,508,0,0
B10_D1,686,0,286,0,0
B2_D1,241,0,153,0,0
B10_D1,319,0,489,0,0
B10_D1,264,0,257,0,0
B2_D1,951,0,61,0,0
G1_D1,22,0,110,0,0
B6_D1,380,0,4,0,0
B6_D1,960,0,52,0,0
B4_D1,656,0,242,0,0
B6_D1,876,0,244,0,0
G1_D1,267,0,36,0,0
G1_D1,900,0,270,0,0
B10_D1,841,0,20,0,0
B6_D1,956,0,14,0,0
B6_D1,414,0,485,0,0
G1_D1,886,0,53,0,0
B6_D1,752,0,20,0,0
B10_D1,147,0,182,0,0
B6_D1,596,0,424,0,0
B10_D1,45,0,139,0,0
B4_D1,37,0,294,0,0
B10_D1,203,0,229,0,0
B4_D1,1000,0,12,0,0
B10_D1,58,0,144,0,0
B4_D1,108,0,302,0,0
B2_D1,354,0,136,0,0
B6_D1,156,0,24,0,0
B10_D1,94,0,92,0,0
B10_D1,757,0,110,0,0
B8_D1,327,0,306,0,0
B10_D1,991,0,260,0,0
B10_D1,111,0,50,0,0
G1_D1,215,0,124,0,0
G1_D1,866,0,19,0,0
B10_D1,546,0,157,0,0
B10_D1,289,0,412,0,0
G1_D1,614,0,19,0,0
B10_D1,175,0,281,0,0
G1_D1,431,0,10,0,0
B6_D1,517,0,480,0,0
B10_D1,539,0,142,0,0
B6_D1,668,0,130,0,0
B10_D1,652,0,311,0,0
B6_D1,677,0,210,0,0
B10_D1,529,0,278,0,0
B6_D1,810,0,72,0,0
G1_D1,453,0,364,0,0
B10_D1,69,0,44,0,0
B10_D1,753,0,255,0,0
B6_D1,833,0,266,0,0
B6_D1,44,0,193,0,0
B4_D1,47,0,5,0,0
B10_D1,957,0,258,0,0
B6_D1,204,0,356,0,0
B10_D1,148,0,286,0,0
G1_D1,670,0,262,0,0
B4_D1,304,0,44,0,0
B10_D1,252,0,99,0,0
B6_D1,308,0,387,0,0
B6_D1,72,0,37,0,0
G1_D1,730,0,65,0,0
G1_D1,23,0,33,0,0
B6_D1,392,0,29,0,0
G1_D1,541,0,75,0,0
B6_D1,165,0,475,0,0
B10_D1,406,0,100,0,0
B6_D1,210,0,488,0,0
B10_D1,466,0,86,0,0
B10_D1,620,0,141,0,0
G1_D1,551,0,98,0,0
B6_D1,840,0,32,0,0
B6_D1,548,0,363,0,0
B6_D1,1008,0,13,0,0
B6_D1,125,0,481,0,0
B6_D1,834,0,506,0,0
B6_D1,859,0,69,0,0
B6_D1,760,0,234,0,0
G1_D1,470,0,100,0,0
G1_D1,443,0,10,0,0
B6_D1,120,0,100,0,0
B2_D1,338,0,118,0,0
B10_D1,1009,0,28,0,0
B10_D1,936,0,77,0,0
B10_D1,832,0,360,0,0
B8_D1,484,0,201,0,0
B2_D1,1,0,251,0,0
G1_D1,297,0,409,0,0
B6_D1,22,0,296,0,0
B10_D1,787,0,96,0,0
B4_D1,4,0,400,0,0
B10_D1,953,0,458,0,0
B10_D1,575,0,46,0,0
B2_D1,289,0,141,0,0
B10_D1,440,0,484,0,0
B10_D1,282,0,247,0,0
G1_D1,99,0,17,0,0
B6_D1,124,0,387,0,0
B10_D1,278,0,260,0,0
B6_D1,922,0,264,0,0
B6_D1,584,0,15,0,0
B10_D1,544,0,285,0,0
B10_D1,780,0,169,0,0
B2_D1,142,0,177,0,0
B6_D1,762,0,492,0,0
B10_D1,540,0,15,0,0
B10_D1,378,0,486,0,0
B6_D1,305,0,467,0,0
B10_D1,238,0,144,0,0
B6_D1,832,0,396,0,0
G1_D1,325,0,85,0,0
B6_D1,787,0,399,0,0
G1_D1,935,0,303,0,0
B8_D1,820,0,227,0,0
G1_D1,160,0,340,0,0
G1_D1,182,0,9,0,0
G1_D1,1009,0,69,0,0
B6_D1,6,0,158,0,0
B6_D1,781,0,304,0,0
B10_D1,315,0,113,0,0
G1_D1,19,0,80,0,0
G1_D1,842,0,448,0,0
G1_D1,763,0,243,0,0
B6_D1,620,0,241,0,0
B2_D1,197,0,304,0,0
B6_D1,364,0,167,0,0
B4_D1,459,0,288,0,0
B10_D1,611,0,286,0,0
B4_D1,682,0,309,0,0
B10_D1,804,0,328,0,0
B10_D1,651,0,155,0,0
B6_D1,906,0,497,0,0
B6_D1,672,0,28,0,0
G1_D1,908,0,7,0,0
G1_D1,1004,0,160,0,0
B6_D1,937,0,394,0,0
B10_D1,1,0,508,0,0
B4_D1,60,0,166,0,0
B8_D1,87,0,144,0,0
G1_D1,189,0,47,0,0
B2_D1,363,0,483,0,0
B10_D1,830,0,180,0,0
B4_D1,378,0,388,0,0
G1_D1,61,0,121,0,0
B6_D1,476,0,26,0,0
B6_D1,304,0,21,0,0
B6_D1,786,0,510,0,0
B6_D1,3,0,282,0,0
B6_D1,868,0,349,0,0
B4_D1,99,0,3,0,0
B6_D1,640,0,55,0,0
B4_D1,416,0,16,0,0
B10_D1,734,0,463,0,0
B6_D1,696,0,12,0,0
B6_D1,78,0,506,0,0
B6_D1,172,0,37,0,0
B6_D1,698,0,63,0,0
B6_D1,57,0,409,0,0
G1_D1,209,0,372,0,0
B10_D1,428,0,484,0,0
B6_D1,253,0,445,0,0
B2_D1,128,0,210,0,0
B6_D1,16,0,26,0,0
B10_D1,10,0,365,0,0
B6_D1,138,0,507,0,0
B6_D1,668,0,43,0,0
B10_D1,427,0,360,0,0
B4_D1,232,0,41,0,0
B10_D1,791,0,492,0,0
B10_D1,688,0,311,0,0
B10_D1,540,0,104,0,0
B10_D1,253,0,69,0,0
B6_D1,155,0,122,0,0
B6_D1,785,0,424,0,0
G1_D1,184,0,120,0,0
B6_D1,520,0,21,0,0
B4_D1,512,0,228,0,0
B10_D1,602,0,300,0,0
G1_D1,344,0,0,0,0
B10_D1,454,0,493,0,0
G1_D1,554,0,117,0,0
B4_D1,644,0,290,0,0
B10_D1,875,0,0,0,0
B4_D1,2,0,393,0,0
B10_D1,975,0,207,0,0
B6_D1,768,0,25,0,0
G1_D1,18,0,131,0,0
B6_D1,260,0,10,0,0
B10_D1,57,0,26,0,0
B10_D1,25,0,323,0,0
G1_D1,548,0,233,0,0
B6_D1,948,0,239,0,0
B10_D1,425,0,218,0,0
B2_D1,761,0,223,0,0
G1_D1,520,0,476,0,0
B6_D1,588,0,49,0,0
G1_D1,112,0,3,0,0
B4_D1,420,0,396,0,0
B10_D1,124,0,273,0,0
B6_D1,844,0,334,0,0
B10_D1,99,0,325,0,0
G1_D1,431,0,14,0,0
B6_D1,787,0,458,0,0
B10_D1,198,0,175,0,0
B2_D1,813,0,510,0,0
G1_D1,908,0,88,0,0
G1_D1,27,0,292,0,0
B10_D1,395,0,270,0,0
B10_D1,104,0,278,0,0
G1_D1,922,0,389,0,0
B6_D1,129,0,278,0,0
B10_D1,477,0,1,0,0
G1_D1,1005,0,151,0,0
B10_D1,583,0,150,0,0
G1_D1,704,0,274,0,0
B10_D1,320,0,115,0,0
B6_D1,958,0,49,0,0
B10_D1,73,0,29,0,0
B10_D1,117,0,201,0,0
B10_D1,425,0,114,0,0
B4_D1,675,0,59,0,0
B4_D1,2,0,258,0,0
G1_D1,133,0,208,0,0
B6_D1,40,0,29,0,0
B6_D1,682,0,497,0,0
B10_D1,48,0,23,0,0
B6_D1,208,0,449,0,0
B10_D1,493,0,511,0,0
B6_D1,116,0,99,0,0
B10_D1,24,0,197,0,0
B10_D1,0,0,342,0,0
G1_D1,859,0,6,0,0
B6_D1,170,0,360,0,0
B2_D1,82,0,149,0,0
B6_D1,1016,0,210,0,0
B6_D1,204,0,2,0,0
B6_D1,252,0,42,0,0
B10_D1,284,0,37,0,0
G1_D1,365,0,221,0,0
B10_D1,374,0,112,0,0
B6_D1,992,0,3,0,0
G1_D1,109,0,273,0,0
B4_D1,392,0,193,0,0
B6_D1,528,0,295,0,0
B10_D1,487,0,248,0,0
B10_D1,956,0,259,0,0
B6_D1,60,0,390,0,0
B4_D1,50,0,400,0,0
B6_D1,344,0,6,0,0
B6_D1,722,0,288,0,0
G1_D1,471,0,108,0,0
B6_D1,240,0,11,0,0
B10_D1,797,0,440,0,0
B10_D1,85,0,91,0,0
B10_D1,244,0,62,0,0
B10_D1,497,0,477,0,0
B6_D1,519,0,313,0,0
G1_D1,582,0,21,0,0
B6_D1,900,0,26,0,0
G1_D1,669,0,174,0,0
B10_D1,245,0,354,0,0
B4_D1,278,0,192,0,0
B10_D1,653,0,94,0,0
G1_D1,268,0,261,0,0
B10_D1,727,0,416,0,0
G1_D1,889,0,52,0,0
B6_D1,704,0,30,0,0
B6_D1,828,0,15,0,0
B2_D1,721,0,44,0,0
B10_D1,509,0,72,0,0
B10_D1,715,0,46,0,0
G1_D1,540,0,27,0,0
B6_D1,628,0,183,0,0
B8_D1,452,0,289,0,0
G1_D1,45,0,50,0,0
G1_D1,916,0,1,0,0
B10_D1,846,0,37,0,0
B10_D1,593,0,479,0,0
B4_D1,820,0,17,0,0
B6_D1,566,0,331,0,0
G1_D1,539,0,22,0,0
B10_D1,441,0,299,0,0
B4_D1,428,0,237,0,0
B10_D1,999,0,286,0,0
B10_D1,643,0,151,0,0
B6_D1,683,0,127,0,0
G1_D1,304,0,456,0,0
B10_D1,161,0,80,0,0
B10_D1,59,0,143,0,0
B6_D1,152,0,208,0,0
G1_D1,403,0,125,0,0
B4_D1,182,0,275,0,0
B10_D1,376,0,487,0,0
G1_D1,849,0,72,0,0
B6_D1,151,0,76,0,0
G1_D1,748,0,80,0,0
G1_D1,770,0,19,0,0
B2_D1,416,0,492,0,0
B10_D1,579,0,411,0,0
G1_D1,647,0,177,0,0
B10_D1,425,0,355,0,0
G1_D1,931,0,14,0,0
B6_D1,935,0,297,0,0
B6_D1,938,0,493,0,0
B6_D1,558,0,179,0,0
B6_D1,822,0,350,0,0
B6_D1,766,0,243,0,0
B6_D1,550,0,438,0,0
B10_D1,264,0,206,0,0
G1_D1,4,0,1,0,0
G1_D1,290,0,29,0,0
B10_D1,185,0,275,0,0
B10_D1,784,0,419,0,0
G1_D1,1000,0,177,0,0
B6_D1,967,0,233,0,0
B4_D1,427,0,417,0,0
B6_D1,204,0,278,0,0
B6_D1,578,0,329,0,0
B10_D1,689,0,262,0,0
B2_D1,781,0,467,0,0
B2_D1,467,0,158,0,0
B10_D1,872,0,66,0,0
B10_D1,459,0,68,0,0
B6_D1,789,0,251,0,0
B10_D1,193,0,222,0,0
G1_D1,936,0,462,0,0
B6_D1,112,0,42,0,0
B10_D1,408,0,161,0,0
B4_D1,184,0,6,0,0
B10_D1,488,0,159,0,0
B6_D1,574,0,177,0,0
B6_D1,848,0,145,0,0
B10_D1,314,0,172,0,0
B6_D1,615,0,164,0,0
B2_D1,782,0,224,0,0
B6_D1,210,0,173,0,0
B6_D1,458,0,484,0,0
B10_D1,266,0,29,0,0
B10_D1,253,0,124,0,0
B10_D1,585,0,318,0,0
B2_D1,585,0,117,0,0
B6_D1,154,0,236,0,0
B6_D1,387,0,479,0,0
B6_D1,274,0,490,0,0
B6_D1,640,0,4,0,0
B10_D1,55,0,272,0,0
B10_D1,701,0,191,0,0
G1_D1,32,0,199,0,0
B10_D1,740,0,425,0,0
B4_D1,392,0,295,0,0
G1_D1,726,0,19,0,0
B10_D1,201,0,212,0,0
B6_D1,716,0,38,0,0
B10_D1,661,0,306,0,0
B10_D1,613,0,320,0,0
B6_D1,902,0,272,0,0
B6_D1,147,0,338,0,0
G1_D1,843,0,297,0,0
B8_D1,546,0,292,0,0
B6_D1,902,0,64,0,0
B10_D1,243,0,169,0,0
B6_D1,14,0,482,0,0
B6_D1,879,0,363,0,0
G1_D1,71,0,314,0,0
B10_D1,602,0,409,0,0
B4_D1,31,0,125,0,0
B4_D1,849,0,19,0,0
B6_D1,697,0,455,0,0
B6_D1,510,0,377,0,0
B10_D1,414,0,311,0,0
B6_D1,4,0,464,0,0
G1_D1,352,0,24,0,0
B10_D1,840,0,242,0,0
B4_D1,523,0,217,0,0
B4_D1,394,0,194,0,0
B10_D1,734,0,334,0,0
B10_D1,1004,0,244,0,0
B10_D1,601,0,189,0,0
G1_D1,82,0,28,0,0
B10_D1,822,0,88,0,0
B10_D1,1016,0,1,0,0
B6_D1,706,0,502,0,0
B2_D1,913,0,446,0,0
B6_D1,985,0,83,0,0
B6_D1,618,0,487,0,0
B6_D1,56,0,19,0,0
B10_D1,220,0,431,0,0
B6_D1,882,0,486,0,0
B6_D1,855,0,140,0,0
B10_D1,65,0,174,0,0
G1_D1,655,0,271,0,0
B6_D1,974,0,503,0,0
B2_D1,377,0,482,0,0
B10_D1,946,0,81,0,0
B6_D1,190,0,492,0,0
B6_D1,170,0,495,0,0
B10_D1,139,0,503,0,0
B10_D1,711,0,119,0,0
B6_D1,159,0,246,0,0
G1_D1,535,0,231,0,0
B10_D1,157,0,78,0,0
B6_D1,921,0,141,0,0
B4_D1,63,0,285,0,0
G1_D1,34,0,289,0,0
B6_D1,84,0,3,0,0
B2_D1,969,0,96,0,0
B2_D1,789,0,282,0,0
B6_D1,939,0,54,0,0
B2_D1,76,0,61,0,0
B6_D1,670,0,486,0,0
B6_D1,141,0,137,0,0
B6_D1,290,0,165,0,0
B10_D1,597,0,218,0,0
B6_D1,840,0,50,0,0
B2_D1,155,0,111,0,0
B6_D1,887,0,118,0,0
B10_D1,1023,0,5,0,0
B2_D1,511,0,28,0,0
B10_D1,831,0,382,0,0
B4_D1,974,0,210,0,0
B10_D1,250,0,228,0,0
B2_D1,10,0,42,0,0
B6_D1,996,0,40,0,0
B6_D1,800,0,2,0,0
B10_D1,542,0,298,0,0
B6_D1,627,0,432,0,0
G1_D1,1019,0,501,0,0
B6_D1,536,0,18,0,0
B10_D1,198,0,64,0,0
B6_D1,913,0,141,0,0
B6_D1,344,0,67,0,0
B10_D1,1022,0,327,0,0
B6_D1,170,0,59,0,0
B6_D1,47,0,203,0,0
B6_D1,795,0,399,0,0
B10_D1,733,0,2,0,0
B6_D1,1017,0,258,0,0
B8_D1,443,0,286,0,0
G1_D1,1019,0,486,0,0
B10_D1,842,0,240,0,0
G1_D1,307,0,10,0,0
B10_D1,879,0,82,0,0
B6_D1,918,0,263,0,0
B6_D1,888,0,445,0,0
B6_D1,186,0,84,0,0
B4_D1,77,0,165,0,0
B4_D1,591,0,221,0,0
B10_D1,749,0,271,0,0
B10_D1,349,0,196,0,0
B6_D1,196,0,37,0,0
B6_D1,50,0,190,0,0
B6_D1,957,0,88,0,0
B10_D1,634,0,138,0,0
G1_D1,934,0,461,0,0
B6_D1,217,0,192,0,0
B8_D1,120,0,206,0,0
B6_D1,1015,0,84,0,0
B4_D1,486,0,182,0,0
B2_D1,731,0,63,0,0
B6_D1,473,0,415,0,0
B10_D1,471,0,406,0,0
B6_D1,693,0,340,0,0
B10_D1,219,0,235,0,0
G1_D1,1019,0,210,0,0
B6_D1,259,0,423,0,0
B10_D1,430,0,146,0,0
B10_D1,636,0,412,0,0
B6_D1,950,0,511,0,0
B6_D1,220,0,174,0,0
B6_D1,182,0,84,0,0
G1_D1,974,0,380,0,0
B4_D1,1001,0,82,0,0
B6_D1,805,0,215,0,0
G1_D1,1023,0,81,0,0
G1_D1,224,0,182,0,0
B10_D1,625,0,479,0,0
B6_D1,244,0,242,0,0
B6_D1,610,0,495,0,0
B4_D1,1003,0,213,0,0
B6_D1,674,0,483,0,0
B10_D1,781,0,259,0,0
G1_D1,470,0,94,0,0
B4_D1,516,0,231,0,0
G1_D1,1008,0,77,0,0
G1_D1,556,0,0,0,0
B6_D1,204,0,102,0,0
B6_D1,815,0,214,0,0
B8_D1,804,0,227,0,0
B6_D1,333,0,374,0,0
B4_D1,486,0,430,0,0
B6_D1,182,0,485,0,0
G1_D1,13,0,87,0,0
B10_D1,702,0,267,0,0
B6_D1,554,0,369,0,0
G1_D1,480,0,49,0,0
B10_D1,215,0,344,0,0
B10_D1,784,0,325,0,0
B6_D1,973,0,141,0,0
B6_D1,974,0,498,0,0
B10_D1,679,0,416,0,0
G1_D1,593,0,458,0,0
B6_D1,842,0,71,0,0
B6_D1,961,0,412,0,0
B10_D1,437,0,321,0,0
B10_D1,421,0,369,0,0
B10_D1,725,0,452,0,0
B10_D1,231,0,44,0,0
B6_D1,172,0,449,0,0
B10_D1,290,0,45,0,0
B2_D1,844,0,437,0,0
B6_D1,415,0,250,0,0
B10_D1,786,0,110,0,0
B6_D1,148,0,370,0,0
B6_D1,670,0,416,0,0
B4_D1,201,0,207,0,0
B2_D1,357,0,22,0,0
B10_D1,15,0,18,0,0
B6_D1,444,0,49,0,0
G1_D1,589,0,212,0,0
G1_D1,194,0,72,0,0
G1_D1,930,0,291,0,0
B6_D1,784,0,156,0,0
B4_D1,665,0,32,0,0
B6_D1,924,0,0,0,0
B10_D1,642,0,64,0,0
B6_D1,110,0,506,0,0
B4_D1,341,0,204,0,0
B6_D1,351,0,460,0,0
B10_D1,60,0,153,0,0
G1_D1,301,0,136,0,0
B6_D1,778,0,387,0,0
B6_D1,85,0,276,0,0
B6_D1,414,0,354,0,0
G1_D1,1009,0,273,0,0
B6_D1,775,0,81,0,0
B2_D1,893,0,115,0,0
G1_D1,357,0,12,0,0
B10_D1,817,0,372,0,0
G1_D1,756,0,201,0,0
B2_D1,933,0,55,0,0
G1_D1,197,0,19,0,0
G1_D1,354,0,364,0,0
B10_D1,467,0,482,0,0
B6_D1,128,0,108,0,0
B10_D1,270,0,260,0,0
B4_D1,733,0,264,0,0
G1_D1,143,0,377,0,0
B10_D1,795,0,74,0,0
B10_D1,525,0,131,0,0
G1_D1,61,0,287,0,0
G1_D1,20,0,329,0,0
B10_D1,673,0,80,0,0
B6_D1,616,0,345,0,0
B4_D1,725,0,250,0,0
B10_D1,277,0,242,0,0
G1_D1,499,0,17,0,0
B10_D1,17,0,30,0,0
B6_D1,948,0,42,0,0
B6_D1,208,0,13,0,0
B10_D1,104,0,488,0,0
G1_D1,196,0,277,0,0
B6_D1,6,0,296,0,0
B10_D1,28,0,22,0,0
B6_D1,79,0,388,0,0
B10_D1,834,0,52,0,0
B6_D1,594,0,393,0,0
B6_D1,790,0,505,0,0
G1_D1,852,0,298,0,0
B6_D1,685,0,212,0,0
B6_D1,447,0,394,0,0
B2_D1,482,0,511,0,0
B6_D1,519,0,349,0,0
B6_D1,31,0,480,0,0
B10_D1,598,0,301,0,0
B6_D1,500,0,37,0,0
B6_D1,765,0,369,0,0
B4_D1,840,0,58,0,0
B10_D1,556,0,323,0,0
B6_D1,535,0,481,0,0
G1_D1,909,0,238,0,0
B10_D1,761,0,255,0,0
B6_D1,1018,0,49,0,0
B6_D1,226,0,301,0,0
B6_D1,788,0,38,0,0
B10_D1,617,0,51,0,0
B10_D1,251,0,134,0,0
B10_D1,212,0,116,0,0
G1_D1,776,0,3,0,0
B10_D1,262,0,301,0,0
G1_D1,1019,0,201,0,0
B10_D1,217,0,245,0,0
B6_D1,220,0,199,0,0
B6_D1,246,0,490,0,0
G1_D1,918,0,390,0,0
B10_D1,436,0,341,0,0
B2_D1,637,0,510,0,0
G1_D1,675,0,82,0,0
B6_D1,542,0,163,0,0
B10_D1,438,0,486,0,0
B6_D1,938,0,507,0,0
B10_D1,225,0,442,0,0
B4_D1,113,0,61,0,0
G1_D1,518,0,9,0,0
B6_D1,748,0,303,0,0
G1_D1,807,0,79,0,0
B6_D1,310,0,505,0,0
B2_D1,426,0,111,0,0
G1_D1,548,0,24,0,0
G1_D1,891,0,2,0,0
B6_D1,306,0,500,0,0
B10_D1,257,0,54,0,0
G1_D1,1015,0,39,0,0
B10_D1,287,0,49,0,0
B10_D1,600,0,482,0,0
G1_D1,785,0,235,0,0
B6_D1,263,0,83,0,0
B6_D1,444,0,46,0,0
B6_D1,488,0,19,0,0
B6_D1,881,0,261,0,0
B10_D1,701,0,312,0,0
B6_D1,473,0,186,0,0
B6_D1,868,0,377,0,0
G1_D1,813,0,320,0,0
B6_D1,873,0,91,0,0
B10_D1,183,0,187,0,0
G1_D1,88,0,311,0,0
B6_D1,618,0,315,0,0
B10_D1,421,0,11,0,0
B6_D1,793,0,294,0,0
B4_D1,961,0,76,0,0
B10_D1,828,0,282,0,0
G1_D1,654,0,36,0,0
B10_D1,564,0,5,0,0
B6_D1,936,0,224,0,0
B6_D1,604,0,46,0,0
B10_D1,605,0,318,0,0
B10_D1,119,0,67,0,0
B10_D1,271,0,10,0,0
B10_D1,588,0,259,0,0
B6_D1,681,0,421,0,0
B6_D1,46,0,506,0,0
G1_D1,179,0,123,0,0
B10_D1,619,0,150,0,0
B6_D1,43,0,88,0,0
B10_D1,39,0,99,0,0
B10_D1,98,0,132,0,0
B6_D1,248,0,9,0,0
B6_D1,10,0,87,0,0
B10_D1,769,0,51,0,0
B6_D1,536,0,37,0,0
B6_D1,875,0,54,0,0
B2_D1,0,0,4,0,0
B6_D1,624,0,3,0,0
B10_D1,597,0,203,0,0
G1_D1,45,0,118,0,0
B6_D1,748,0,34,0,0
B6_D1,726,0,496,0,0
B2_D1,464,0,369,0,0
B10_D1,657,0,309,0,0
B6_D1,308,0,41,0,0
B2_D1,278,0,511,0,0
B10_D1,54,0,451,0,0
B6_D1,336,0,189,0,0
B10_D1,866,0,37,0,0
B6_D1,247,0,114,0,0
B2_D1,509,0,366,0,0
G1_D1,375,0,92,0,0
B2_D1,621,0,509,0,0
B6_D1,930,0,489,0,0
B10_D1,379,0,3,0,0
B6_D1,243,0,246,0,0
B10_D1,895,0,15,0,0
B6_D1,492,0,378,0,0
B6_D1,879,0,116,0,0
G1_D1,394,0,278,0,0
B10_D1,794,0,65,0,0
B2_D1,407,0,477,0,0
G1_D1,330,0,20,0,0
B10_D1,438,0,147,0,0
G1_D1,652,0,298,0,0
B4_D1,39,0,278,0,0
B10_D1,144,0,146,0,0
B10_D1,855,0,92,0,0
B8_D1,734,0,2,0,0
B6_D1,19,0,135,0,0
B6_D1,984,0,253,0,0
B10_D1,749,0,255,0,0
B6_D1,550,0,284,0,0
B4_D1,154,0,453,0,0
B10_D1,475,0,59,0,0
B6_D1,726,0,500,0,0
B8_D1,626,0,235,0,0
B10_D1,601,0,298,0,0
B10_D1,969,0,45,0,0
B6_D1,524,0,24,0,0
B10_D1,341,0,11,0,0
B4_D1,598,0,88,0,0
G1_D1,554,0,41,0,0
B8_D1,301,0,317,0,0
G1_D1,212,0,181,0,0
B10_D1,588,0,48,0,0
G1_D1,507,0,478,0,0
G1_D1,48,0,69,0,0
B10_D1,639,0,314,0,0
B6_D1,644,0,66,0,0
B6_D1,794,0,443,0,0
B10_D1,85,0,511,0,0
B6_D1,342,0,511,0,0
B6_D1,794,0,485,0,0
B2_D1,152,0,308,0,0
B10_D1,681,0,255,0,0
B6_D1,939,0,443,0,0
B2_D1,730,0,187,0,0
B6_D1,654,0,386,0,0
G1_D1,710,0,198,0,0
G1_D1,541,0,255,0,0
B10_D1,843,0,92,0,0
B6_D1,612,0,162,0,0
G1_D1,618,0,28,0,0
B10_D1,820,0,383,0,0
B6_D1,760,0,314,0,0
B4_D1,88,0,19,0,0
G1_D1,95,0,16,0,0
B6_D1,734,0,500,0,0
B6_D1,516,0,34,0,0
B6_D1,903,0,168,0,0
B10_D1,280,0,202,0,0
B6_D1,304,0,238,0,0
B10_D1,44,0,307,0,0
B10_D1,258,0,260,0,0
B10_D1,40,0,311,0,0
B10_D1,1004,0,233,0,0
B10_D1,188,0,451,0,0
G1_D1,330,0,94,0,0
B10_D1,260,0,251,0,0
B6_D1,184,0,370,0,0
B6_D1,750,0,510,0,0
B6_D1,56,0,9,0,0
G1_D1,801,0,60,0,0
G1_D1,722,0,100,0,0
B10_D1,404,0,164,0,0
B6_D1,729,0,184,0,0
B10_D1,618,0,62,0,0
B6_D1,396,0,13,0,0
B2_D1,707,0,70,0,0
B6_D1,6,0,510,0,0
B6_D1,685,0,197,0,0
G1_D1,866,0,239,0,0
B6_D1,902,0,484,0,0
B6_D1,783,0,63,0,0
B2_D1,255,0,505,0,0
B2_D1,732,0,85,0,0
B6_D1,784,0,65,0,0
B6_D1,304,0,359,0,0
B2_D1,798,0,68,0,0
B4_D1,674,0,277,0,0
B4_D1,819,0,54,0,0
B6_D1,843,0,263,0,0
G1_D1,15,0,236,0,0
B10_D1,715,0,328,0,0
B6_D1,700,0,285,0,0
G1_D1,31,0,183,0,0
B10_D1,754,0,250,0,0
G1_D1,1014,0,5,0,0
G1_D1,259,0,100,0,0
B4_D1,41,0,21,0,0
B10_D1,126,0,455,0,0
B10_D1,1008,0,219,0,0
G1_D1,796,0,80,0,0
B10_D1,707,0,468,0,0
B10_D1,213,0,11,0,0
B10_D1,860,0,86,0,0
B6_D1,599,0,359,0,0
B10_D1,136,0,274,0,0
B6_D1,180,0,23,0,0
B6_D1,917,0,139,0,0
B10_D1,614,0,233,0,0
B2_D1,628,0,60,0,0
G1_D1,244,0,3,0,0
B6_D1,927,0,407,0,0
B10_D1,80,0,167,0,0
G1_D1,354,0,449,0,0
B10_D1,284,0,340,0,0
B10_D1,21,0,82,0,0
G1_D1,237,0,12,0,0
B2_D1,574,0,119,0,0
B4_D1,1022,0,207,0,0
G1_D1,817,0,8,0,0
B4_D1,514,0,219,0,0
G1_D1,958,0,252,0,0
B10_D1,106,0,119,0,0
B10_D1,399,0,500,0,0
B4_D1,471,0,424,0,0
B10_D1,824,0,404,0,0
B6_D1,268,0,474,0,0
B10_D1,12,0,351,0,0
B4_D1,526,0,254,0,0
G1_D1,188,0,233,0,0
B2_D1,111,0,200,0,0
G1_D1,13,0,259,0,0
B10_D1,845,0,320,0,0
B4_D1,909,0,137,0,0
G1_D1,247,0,17,0,0
B2_D1,915,0,42,0,0
B6_D1,820,0,351,0,0
B10_D1,740,0,97,0,0
B10_D1,269,0,180,0,0
B6_D1,448,0,8,0,0
B10_D1,127,0,503,0,0
B10_D1,373,0,492,0,0
B4_D1,258,0,262,0,0
B10_D1,223,0,237,0,0
B6_D1,794,0,67,0,0
B10_D1,728,0,402,0,0
B10_D1,554,0,409,0,0
B6_D1,22,0,486,0,0
B10_D1,3,0,33,0,0
B10_D1,72,0,265,0,0
G1_D1,197,0,234,0,0
B6_D1,806,0,282,0,0
B6_D1,337,0,240,0,0
G1_D1,55,0,290,0,0
B10_D1,595,0,349,0,0
B10_D1,838,0,18,0,0
B4_D1,808,0,51,0,0
B10_D1,439,0,411,0,0
B8_D1,473,0,293,0,0
B6_D1,873,0,341,0,0
G1_D1,31,0,479,0,0
G1_D1,271,0,190,0,0
B4_D1,610,0,182,0,0
B10_D1,229,0,231,0,0
B10_D1,493,0,300,0,0
B2_D1,400,0,288,0,0
B6_D1,800,0,62,0,0
B10_D1,455,0,68,0,0
B6_D1,802,0,201,0,0
B6_D1,853,0,213,0,0
B4_D1,661,0,186,0,0
B10_D1,392,0,501,0,0
B6_D1,11,0,477,0,0
B10_D1,227,0,150,0,0
B10_D1,58,0,113,0,0
B10_D1,443,0,118,0,0
B10_D1,863,0,1,0,0
B10_D1,475,0,242,0,0
B10_D1,595,0,330,0,0
G1_D1,643,0,464,0,0
G1_D1,829,0,84,0,0
B4_D1,752,0,75,0,0
B6_D1,840,0,109,0,0
B6_D1,50,0,467,0,0
B6_D1,885,0,473,0,0
B6_D1,86,0,400,0,0
B6_D1,623,0,349,0,0
B6_D1,760,0,45,0,0
B2_D1,955,0,43,0,0
B6_D1,710,0,194,0,0
B10_D1,764,0,57,0,0
G1_D1,628,0,179,0,0
G1_D1,666,0,9,0,0
B6_D1,22,0,496,0,0
B2_D1,902,0,455,0,0
B6_D1,254,0,197,0,0
B6_D1,507,0,275,0,0
B6_D1,185,0,363,0,0
B10_D1,619,0,476,0,0
B10_D1,594,0,114,0,0
B10_D1,508,0,119,0,0
B6_D1,937,0,216,0,0
G1_D1,49,0,124,0,0
G1_D1,326,0,240,0,0
B10_D1,459,0,495,0,0
B2_D1,761,0,61,0,0
B6_D1,972,0,10,0,0
G1_D1,534,0,5,0,0
B10_D1,6,0,59,0,0
B10_D1,258,0,22,0,0
G1_D1,238,0,39,0,0
B10_D1,236,0,162,0,0
B10_D1,879,0,497,0,0
B8_D1,99,0,273,0,0
B10_D1,598,0,196,0,0
B6_D1,120,0,416,0,0
B6_D1,769,0,469,0,0
B10_D1,135,0,46,0,0
B6_D1,382,0,354,0,0
G1_D1,256,0,3,0,0
B10_D1,625,0,361,0,0
B4_D1,141,0,189,0,0
B6_D1,838,0,491,0,0
B6_D1,800,0,38,0,0
B10_D1,779,0,24,0,0
B10_D1,542,0,86,0,0
B6_D1,987,0,69,0,0
B6_D1,784,0,22,0,0
B6_D1,152,0,145,0,0
B6_D1,895,0,164,0,0
B6_D1,414,0,501,0,0
B10_D1,152,0,163,0,0
B6_D1,963,0,120,0,0
B8_D1,206,0,104,0,0
B6_D1,541,0,185,0,0
B10_D1,142,0,241,0,0
B6_D1,968,0,137,0,0
B10_D1,620,0,414,0,0
G1_D1,698,0,511,0,0
B6_D1,156,0,115,0,0
G1_D1,566,0,279,0,0
B6_D1,570,0,393,0,0
B6_D1,108,0,248,0,0
B6_D1,284,0,46,0,0
B10_D1,117,0,195,0,0
B6_D1,770,0,105,0,0
B10_D1,747,0,124,0,0
B10_D1,166,0,279,0,0
B6_D1,915,0,369,0,0
B4_D1,9,0,202,0,0
B6_D1,312,0,47,0,0
B10_D1,44,0,389,0,0
B4_D1,921,0,130,0,0
B2_D1,112,0,44,0,0
B10_D1,720,0,430,0,0
G1_D1,694,0,276,0,0
G1_D1,869,0,271,0,0
B10_D1,33,0,511,0,0
B6_D1,562,0,485,0,0
B10_D1,838,0,314,0,0
B10_D1,701,0,27,0,0
B10_D1,370,0,273,0,0
G1_D1,596,0,35,0,0
B10_D1,142,0,320,0,0
B6_D1,835,0,307,0,0
B10_D1,975,0,64,0,0
G1_D1,334,0,22,0,0
B6_D1,194,0,506,0,0
B10_D1,780,0,45,0,0
B10_D1,200,0,67,0,0
B10_D1,561,0,119,0,0
B4_D1,932,0,12,0,0
B6_D1,452,0,38,0,0
B6_D1,812,0,34,0,0
G1_D1,611,0,185,0,0
B10_D1,674,0,34,0,0
B10_D1,262,0,207,0,0
B6_D1,546,0,247,0,0
G1_D1,29,0,59,0,0
B10_D1,302,0,156,0,0
B6_D1,706,0,307,0,0
B10_D1,313,0,176,0,0
B4_D1,588,0,181,0,0
B6_D1,69,0,357,0,0
B6_D1,959,0,150,0,0
B2_D1,849,0,13,0,0
B6_D1,89,0,178,0,0
B6_D1,652,0,50,0,0
G1_D1,435,0,98,0,0
B6_D1,44,0,2,0,0
B6_D1,182,0,332,0,0
B6_D1,679,0,275,0,0
B6_D1,242,0,472,0,0
B10_D1,481,0,58,0,0
B4_D1,684,0,308,0,0
B6_D1,449,0,228,0,0
B6_D1,795,0,78,0,0
B6_D1,878,0,206,0,0
B6_D1,60,0,23,0,0
B6_D1,130,0,182,0,0
B6_D1,500,0,392,0,0
B10_D1,853,0,83,0,0
B10_D1,145,0,167,0,0
B6_D1,911,0,162,0,0
B10_D1,336,0,18,0,0
B2_D1,540,0,161,0,0
B6_D1,968,0,11,0,0
B6_D1,926,0,256,0,0
B6_D1,448,0,227,0,0
B4_D1,31,0,9,0,0
B10_D1,627,0,286,0,0
B6_D1,364,0,3,0,0
B10_D1,450,0,71,0,0
B6_D1,94,0,273,0,0
B10_D1,235,0,510,0,0
B6_D1,800,0,0,0,0
B6_D1,556,0,404,0,0
B4_D1,7,0,59,0,0
B10_D1,257,0,34,0,0
B10_D1,602,0,196,0,0
B2_D1,545,0,41,0,0
B6_D1,585,0,342,0,0
G1_D1,407,0,125,0,0
B2_D1,929,0,67,0,0
B10_D1,562,0,283,0,0
B6_D1,20,0,382,0,0
B10_D1,979,0,155,0,0
B6_D1,602,0,228,0,0
B6_D1,864,0,224,0,0
B6_D1,815,0,187,0,0
B4_D1,204,0,46,0,0
B10_D1,854,0,205,0,0
G1_D1,955,0,80,0,0
B10_D1,414,0,409,0,0
B10_D1,499,0,473,0,0
B2_D1,823,0,211,0,0
B6_D1,834,0,272,0,0
G1_D1,1020,0,271,0,0
G1_D1,982,0,98,0,0
B6_D1,642,0,386,0,0
G1_D1,145,0,414,0,0
B10_D1,181,0,362,0,0
B10_D1,425,0,460,0,0
B6_D1,508,0,19,0,0
B6_D1,2,0,235,0,0
B2_D1,465,0,487,0,0
G1_D1,457,0,364,0,0
B6_D1,698,0,232,0,0
G1_D1,148,0,7,0,0
B10_D1,382,0,271,0,0
G1_D1,241,0,304,0,0
B6_D1,890,0,310,0,0
G1_D1,438,0,20,0,0
B10_D1,553,0,173,0,0
B6_D1,459,0,330,0,0
B6_D1,388,0,62,0,0
G1_D1,478,0,9,0,0
B6_D1,506,0,167,0,0
G1_D1,688,0,278,0,0
G1_D1,543,0,90,0,0
B6_D1,887,0,439,0,0
B6_D1,528,0,54,0,0
B6_D1,108,0,47,0,0
G1_D1,379,0,242,0,0
B10_D1,186,0,50,0,0
B2_D1,570,0,119,0,0
B6_D1,340,0,26,0,0
G1_D1,704,0,23,0,0
B2_D1,655,0,360,0,0
B6_D1,764,0,7,0,0
G1_D1,379,0,92,0,0
G1_D1,234,0,453,0,0
B6_D1,876,0,40,0,0
B6_D1,102,0,509,0,0
G1_D1,562,0,17,0,0
B4_D1,519,0,237,0,0
B4_D1,924,0,68,0,0
G1_D1,920,0,29,0,0
B6_D1,25,0,481,0,0
B6_D1,837,0,218,0,0
B10_D1,461,0,299,0,0
B10_D1,5,0,109,0,0
B6_D1,210,0,502,0,0
B4_D1,3,0,71,0,0
G1_D1,506,0,84,0,0
G1_D1,361,0,163,0,0
B10_D1,50,0,259,0,0
B6_D1,352,0,0,0,0
B6_D1,332,0,35,0,0
B10_D1,312,0,214,0,0
B6_D1,680,0,5,0,0
B4_D1,245,0,273,0,0
B6_D1,10,0,431,0,0
B4_D1,63,0,455,0,0
B6_D1,821,0,452,0,0
B6_D1,528,0,412,0,0
B4_D1,606,0,151,0,0
B10_D1,1022,0,99,0,0
B6_D1,927,0,438,0,0
B10_D1,780,0,105,0,0
B6_D1,806,0,484,0,0
B10_D1,856,0,130,0,0
B10_D1,832,0,55,0,0
B6_D1,620,0,2,0,0
B6_D1,838,0,500,0,0
G1_D1,302,0,103,0,0
B4_D1,636,0,222,0,0
B6_D1,84,0,135,0,0
B10_D1,53,0,276,0,0
B4_D1,1005,0,15,0,0
B2_D1,859,0,238,0,0
B6_D1,222,0,485,0,0
B10_D1,188,0,431,0,0
B6_D1,510,0,273,0,0
B6_D1,1004,0,112,0,0
B10_D1,1013,0,218,0,0
B10_D1,996,0,216,0,0
B6_D1,866,0,491,0,0
B6_D1,941,0,129,0,0
B2_D1,676,0,53,0,0
B10_D1,588,0,412,0,0
B6_D1,428,0,34,0,0
B2_D1,723,0,360,0,0
B10_D1,859,0,207,0,0
G1_D1,21,0,254,0,0
B4_D1,236,0,350,0,0
B6_D1,1008,0,69,0,0
B10_D1,347,0,266,0,0
G1_D1,606,0,141,0,0
B10_D1,107,0,66,0,0
B10_D1,490,0,37,0,0
B6_D1,530,0,490,0,0
B10_D1,409,0,7,0,0
B6_D1,780,0,62,0,0
G1_D1,13,0,152,0,0
B6_D1,1023,0,364,0,0
B6_D1,711,0,300,0,0
B6_D1,168,0,231,0,0
B8_D1,706,0,251,0,0
B6_D1,478,0,500,0,0
B10_D1,370,0,311,0,0
B6_D1,823,0,269,0,0
B2_D1,897,0,456,0,0
G1_D1,245,0,40,0,0
B6_D1,853,0,136,0,0
B10_D1,585,0,344,0,0
B10_D1,344,0,203,0,0
B6_D1,995,0,410,0,0
B10_D1,419,0,510,0,0
B4_D1,359,0,97,0,0
B6_D1,982,0,508,0,0
B6_D1,1014,0,506,0,0
B10_D1,558,0,118,0,0
B10_D1,761,0,367,0,0
B10_D1,454,0,301,0,0
B10_D1,94,0,274,0,0
B6_D1,187,0,76,0,0
G1_D1,9,0,173,0,0
B4_D1,138,0,48,0,0
G1_D1,1008,0,296,0,0
B10_D1,18,0,15,0,0
B2_D1,395,0,112,0,0
B6_D1,121,0,188,0,0
G1_D1,29,0,151,0,0
B10_D1,178,0,242,0,0
B10_D1,759,0,99,0,0
B10_D1,626,0,42,0,0
B6_D1,472,0,408,0,0
B10_D1,428,0,23,0,0
B10_D1,136,0,447,0,0
B10_D1,893,0,215,0,0
G1_D1,14,0,403,0,0
G1_D1,725,0,258,0,0
B10_D1,85,0,182,0,0
B6_D1,403,0,190,0,0
B2_D1,812,0,128,0,0
G1_D1,846,0,243,0,0
B10_D1,380,0,225,0,0
B6_D1,505,0,366,0,0
B10_D1,378,0,340,0,0
B6_D1,59,0,138,0,0
B6_D1,600,0,47,0,0
G1_D1,136,0,11,0,0
B2_D1,423,0,491,0,0
B6_D1,554,0,491,0,0
B6_D1,633,0,343,0,0
B4_D1,44,0,8,0,0
B6_D1,53,0,102,0,0
B6_D1,750,0,462,0,0
B10_D1,302,0,147,0,0
B6_D1,1018,0,509,0,0
B6_D1,80,0,43,0,0
G1_D1,301,0,55,0,0
B10_D1,65,0,289,0,0
B6_D1,392,0,421,0,0
B6_D1,888,0,305,0,0
B8_D1,1016,0,7,0,0
B4_D1,215,0,270,0,0
B10_D1,874,0,260,0,0
B6_D1,354,0,486,0,0
B4_D1,842,0,76,0,0
B10_D1,481,0,123,0,0
B10_D1,433,0,171,0,0
G1_D1,781,0,4,0,0
G1_D1,956,0,18,0,0
G1_D1,19,0,33,0,0
B8_D1,703,0,188,0,0
B4_D1,527,0,183,0,0
G1_D1,828,0,255,0,0
G1_D1,209,0,263,0,0
B6_D1,348,0,23,0,0
B6_D1,562,0,186,0,0
B6_D1,946,0,507,0,0
G1_D1,544,0,93,0,0
B10_D1,1020,0,1,0,0
B10_D1,701,0,58,0,0
B6_D1,131,0,410,0,0
B6_D1,485,0,480,0,0
B6_D1,306,0,175,0,0
B6_D1,820,0,45,0,0
B10_D1,512,0,5,0,0
B10_D1,150,0,30,0,0
B6_D1,884,0,15,0,0
B2_D1,676,0,461,0,0
B10_D1,137,0,14,0,0
B2_D1,136,0,127,0,0
B10_D1,440,0,410,0,0
G1_D1,203,0,10,0,0
B6_D1,110,0,194,0,0
B10_D1,28,0,102,0,0
G1_D1,29,0,250,0,0
B6_D1,280,0,8,0,0
B6_D1,960,0,419,0,0
B10_D1,787,0,410,0,0
B10_D1,487,0,482,0,0
B10_D1,483,0,476,0,0
B6_D1,568,0,472,0,0
B10_D1,819,0,410,0,0
B6_D1,728,0,27,0,0
B10_D1,717,0,117,0,0
B6_D1,952,0,409,0,0
B6_D1,779,0,248,0,0
B10_D1,482,0,409,0,0
B4_D1,0,0,399,0,0
B10_D1,846,0,68,0,0
B6_D1,303,0,290,0,0
B8_D1,1022,0,455,0,0
B6_D1,140,0,144,0,0
B6_D1,628,0,288,0,0
B10_D1,774,0,370,0,0
B10_D1,523,0,170,0,0
B10_D1,623,0,176,0,0
B6_D1,357,0,373,0,0
B6_D1,702,0,432,0,0
B2_D1,218,0,510,0,0
B4_D1,447,0,372,0,0
B6_D1,630,0,484,0,0
B10_D1,825,0,104,0,0
G1_D1,423,0,2,0,0
B2_D1,886,0,91,0,0
B6_D1,186,0,83,0,0
B6_D1,958,0,252,0,0
B10_D1,723,0,417,0,0
B6_D1,148,0,6,0,0
B6_D1,99,0,198,0,0
G1_D1,235,0,71,0,0
B6_D1,872,0,18,0,0
B6_D1,487,0,66,0,0
G1_D1,88,0,40,0,0
B6_D1,115,0,314,0,0
B10_D1,523,0,2,0,0
B6_D1,337,0,89,0,0
B6_D1,610,0,496,0,0
B10_D1,662,0,72,0,0
B10_D1,717,0,283,0,0
G1_D1,49,0,97,0,0
B10_D1,407,0,502,0,0
B6_D1,394,0,478,0,0
B6_D1,974,0,493,0,0
G1_D1,996,0,144,0,0
B10_D1,260,0,233,0,0
B10_D1,169,0,76,0,0
B6_D1,721,0,155,0,0
G1_D1,59,0,343,0,0
B4_D1,6,0,194,0,0
B10_D1,396,0,167,0,0
B6_D1,504,0,48,0,0
B2_D1,846,0,465,0,0
G1_D1,1020,0,77,0,0
B4_D1,844,0,36,0,0
G1_D1,530,0,510,0,0
B6_D1,816,0,154,0,0
G1_D1,180,0,374,0,0
B2_D1,557,0,363,0,0
B10_D1,815,0,325,0,0
B6_D1,1016,0,20,0,0
B6_D1,604,0,24,0,0
G1_D1,563,0,205,0,0
G1_D1,48,0,161,0,0
B10_D1,646,0,115,0,0
B10_D1,935,0,360,0,0
G1_D1,244,0,78,0,0
B2_D1,445,0,110,0,0
B6_D1,904,0,12,0,0
G1_D1,503,0,130,0,0
B6_D1,796,0,43,0,0
G1_D1,412,0,0,0,0
B8_D1,709,0,249,0,0
G1_D1,1013,0,222,0,0
B4_D1,337,0,208,0,0
B6_D1,650,0,504,0,0
B4_D1,3,0,34,0,0
B6_D1,677,0,306,0,0
B4_D1,638,0,294,0,0
B6_D1,783,0,351,0,0
G1_D1,1011,0,169,0,0
B10_D1,86,0,83,0,0
B6_D1,58,0,137,0,0
B10_D1,381,0,1,0,0
B6_D1,576,0,162,0,0
B10_D1,26,0,61,0,0
G1_D1,843,0,392,0,0
B4_D1,925,0,119,0,0
B6_D1,75,0,375,0,0
G1_D1,259,0,17,0,0
G1_D1,501,0,243,0,0
B10_D1,597,0,105,0,0
B6_D1,570,0,377,0,0
G1_D1,668,0,273,0,0
B6_D1,8,0,24,0,0
B8_D1,202,0,48,0,0
B10_D1,425,0,250,0,0
B2_D1,777,0,0,0,0
B10_D1,755,0,99,0,0
G1_D1,457,0,4,0,0
B6_D1,222,0,496,0,0
B6_D1,573,0,231,0,0
G1_D1,668,0,7,0,0
B6_D1,600,0,391,0,0
B8_D1,719,0,231,0,0
G1_D1,503,0,123,0,0
B6_D1,746,0,157,0,0
G1_D1,112,0,418,0,0
B4_D1,782,0,41,0,0
B8_D1,767,0,220,0,0
B10_D1,852,0,321,0,0
G1_D1,32,0,143,0,0
B2_D1,136,0,451,0,0
B6_D1,435,0,355,0,0
G1_D1,810,0,300,0,0
B10_D1,7,0,311,0,0
G1_D1,26,0,180,0,0
G1_D1,801,0,12,0,0
G1_D1,169,0,156,0,0
B6_D1,230,0,179,0,0
B6_D1,182,0,408,0,0
B6_D1,866,0,487,0,0
G1_D1,569,0,157,0,0
B6_D1,582,0,266,0,0
B6_D1,606,0,492,0,0
G1_D1,225,0,269,0,0
G1_D1,303,0,33,0,0
B4_D1,743,0,214,0,0
G1_D1,44,0,205,0,0
B10_D1,373,0,259,0,0
B6_D1,890,0,505,0,0
B4_D1,72,0,168,0,0
B2_D1,468,0,29,0,0
B10_D1,568,0,483,0,0
B6_D1,357,0,190,0,0
B6_D1,860,0,220,0,0
B6_D1,570,0,70,0,0
G1_D1,885,0,232,0,0
B6_D1,816,0,334,0,0
B4_D1,165,0,134,0,0
B10_D1,360,0,29,0,0
B6_D1,423,0,477,0,0
B10_D1,472,0,337,0,0
B10_D1,840,0,282,0,0
B10_D1,88,0,277,0,0
G1_D1,32,0,258,0,0
G1_D1,351,0,16,0,0
G1_D1,619,0,20,0,0
B10_D1,661,0,239,0,0
B6_D1,169,0,223,0,0
B2_D1,746,0,82,0,0
G1_D1,10,0,103,0,0
B6_D1,810,0,397,0,0
B6_D1,6,0,478,0,0
B10_D1,1003,0,243,0,0
B6_D1,72,0,40,0,0
B10_D1,757,0,268,0,0
B10_D1,158,0,44,0,0
G1_D1,507,0,15,0,0
B10_D1,205,0,68,0,0
B6_D1,765,0,102,0,0
B2_D1,561,0,26,0,0
B10_D1,227,0,0,0,0
B10_D1,540,0,307,0,0
G1_D1,28,0,235,0,0
G1_D1,994,0,116,0,0
B6_D1,164,0,35,0,0
B6_D1,406,0,290,0,0
B6_D1,986,0,426,0,0
B6_D1,796,0,305,0,0
B10_D1,460,0,312,0,0
B10_D1,859,0,350,0,0
G1_D1,782,0,112,0,0
B2_D1,724,0,62,0,0
B4_D1,609,0,299,0,0
B10_D1,556,0,483,0,0
B6_D1,869,0,240,0,0
B6_D1,1008,0,4,0,0
G1_D1,9,0,359,0,0
B2_D1,857,0,510,0,0
B10_D1,455,0,80,0,0
B10_D1,315,0,46,0,0
B10_D1,302,0,33,0,0
B10_D1,497,0,163,0,0
B10_D1,517,0,163,0,0
B10_D1,261,0,344,0,0
G1_D1,642,0,78,0,0
B10_D1,13,0,124,0,0
B8_D1,601,0,300,0,0
B10_D1,57,0,90,0,0
B2_D1,155,0,82,0,0
B10_D1,583,0,280,0,0
B10_D1,413,0,88,0,0
G1_D1,87,0,453,0,0
B6_D1,740,0,43,0,0
B10_D1,402,0,483,0,0
G1_D1,14,0,260,0,0
B6_D1,18,0,495,0,0
B10_D1,99,0,479,0,0
B6_D1,617,0,240,0,0
B6_D1,570,0,412,0,0
B10_D1,997,0,238,0,0
G1_D1,978,0,5,0,0
B6_D1,792,0,15,0,0
G1_D1,878,0,135,0,0
G1_D1,838,0,264,0,0
B10_D1,191,0,241,0,0
G1_D1,379,0,238,0,0
G1_D1,732,0,3,0,0
B10_D1,875,0,231,0,0
G1_D1,931,0,236,0,0
B10_D1,356,0,33,0,0
G1_D1,11,0,10,0,0
B6_D1,560,0,6,0,0
B10_D1,301,0,25,0,0
B6_D1,916,0,25,0,0
B6_D1,856,0,88,0,0
B2_D1,381,0,34,0,0
B6_D1,22,0,279,0,0
B6_D1,286,0,488,0,0
B6_D1,997,0,275,0,0
B6_D1,811,0,481,0,0
G1_D1,733,0,285,0,0
B4_D1,353,0,302,0,0
B6_D1,244,0,42,0,0
B10_D1,382,0,28,0,0
G1_D1,872,0,96,0,0
B2_D1,849,0,180,0,0
B10_D1,713,0,106,0,0
B10_D1,607,0,0,0,0
B6_D1,953,0,459,0,0
B10_D1,643,0,199,0,0
G1_D1,456,0,510,0,0
G1_D1,1004,0,54,0,0
B10_D1,409,0,169,0,0
B10_D1,408,0,113,0,0
B10_D1,781,0,43,0,0
B6_D1,360,0,28,0,0
B2_D1,82,0,69,0,0
B10_D1,421,0,18,0,0
B10_D1,841,0,58,0,0
B4_D1,181,0,107,0,0
G1_D1,962,0,158,0,0
G1_D1,624,0,457,0,0
B6_D1,685,0,377,0,0
B6_D1,124,0,142,0,0
B6_D1,712,0,183,0,0
G1_D1,562,0,240,0,0
B6_D1,278,0,434,0,0
B10_D1,147,0,98,0,0
B2_D1,264,0,155,0,0
B10_D1,420,0,503,0,0
G1_D1,578,0,38,0,0
B4_D1,560,0,68,0,0
B6_D1,718,0,506,0,0
B10_D1,84,0,200,0,0
B10_D1,917,0,386,0,0
B10_D1,138,0,138,0,0
G1_D1,72,0,173,0,0
B10_D1,505,0,482,0,0
B4_D1,591,0,64,0,0
B6_D1,153,0,143,0,0
B2_D1,592,0,85,0,0
B6_D1,124,0,10,0,0
B10_D1,1001,0,46,0,0
B10_D1,960,0,8,0,0
B4_D1,576,0,199,0,0
B10_D1,215,0,58,0,0
B6_D1,50,0,136,0,0
B10_D1,663,0,0,0,0
B10_D1,148,0,95,0,0
G1_D1,543,0,119,0,0
B10_D1,891,0,14,0,0
G1_D1,211,0,187,0,0
B10_D1,172,0,270,0,0
G1_D1,240,0,409,0,0
B10_D1,679,0,85,0,0
G1_D1,748,0,242,0,0
B6_D1,9,0,92,0,0
G1_D1,907,0,323,0,0
B10_D1,240,0,155,0,0
G1_D1,992,0,7,0,0
G1_D1,160,0,108,0,0
B6_D1,599,0,362,0,0
B10_D1,692,0,394,0,0
B6_D1,295,0,360,0,0
B10_D1,193,0,221,0,0
B6_D1,539,0,190,0,0
G1_D1,891,0,340,0,0
G1_D1,58,0,56,0,0
B6_D1,496,0,385,0,0
B4_D1,362,0,300,0,0
B6_D1,524,0,11,0,0
B6_D1,644,0,360,0,0
B6_D1,360,0,334,0,0
B6_D1,32,0,174,0,0
G1_D1,630,0,157,0,0
G1_D1,381,0,283,0,0
B6_D1,889,0,440,0,0
B6_D1,189,0,340,0,0
G1_D1,747,0,233,0,0
B10_D1,728,0,339,0,0
G1_D1,432,0,367,0,0
B6_D1,647,0,373,0,0
B6_D1,547,0,274,0,0
G1_D1,540,0,11,0,0
G1_D1,1018,0,282,0,0
B6_D1,75,0,423,0,0
B10_D1,978,0,85,0,0
B6_D1,628,0,345,0,0
B10_D1,568,0,478,0,0
B6_D1,612,0,116,0,0
B6_D1,843,0,301,0,0
B2_D1,738,0,189,0,0
G1_D1,843,0,76,0,0
G1_D1,405,0,451,0,0
B10_D1,988,0,52,0,0
B6_D1,154,0,158,0,0
B10_D1,6,0,117,0,0
B6_D1,672,0,185,0,0
G1_D1,786,0,204,0,0
B6_D1,784,0,90,0,0
B6_D1,260,0,0,0,0
B6_D1,354,0,489,0,0
G1_D1,360,0,3,0,0
B10_D1,62,0,169,0,0
G1_D1,515,0,53,0,0
B10_D1,338,0,508,0,0
B2_D1,728,0,59,0,0
B6_D1,98,0,54,0,0
B10_D1,836,0,101,0,0
B10_D1,529,0,511,0,0
G1_D1,994,0,159,0,0
B6_D1,270,0,271,0,0
B6_D1,771,0,352,0,0
B2_D1,418,0,128,0,0
B10_D1,237,0,299,0,0
B6_D1,545,0,400,0,0
B6_D1,272,0,342,0,0
B6_D1,532,0,17,0,0
B10_D1,773,0,110,0,0
B6_D1,891,0,389,0,0
G1_D1,584,0,3,0,0
B4_D1,680,0,24,0,0
G1_D1,135,0,289,0,0
B10_D1,149,0,117,0,0
B6_D1,764,0,46,0,0
B10_D1,213,0,1,0,0
B6_D1,236,0,6,0,0
B6_D1,576,0,26,0,0
B6_D1,460,0,346,0,0
B10_D1,625,0,37,0,0
B6_D1,692,0,430,0,0
B10_D1,706,0,495,0,0
G1_D1,11,0,44,0,0
G1_D1,549,0,95,0,0
B6_D1,582,0,492,0,0
B6_D1,93,0,288,0,0
B4_D1,23,0,307,0,0
B6_D1,184,0,121,0,0
B10_D1,660,0,418,0,0
B10_D1,34,0,137,0,0
B6_D1,975,0,362,0,0
B10_D1,107,0,120,0,0
G1_D1,35,0,24,0,0
B6_D1,123,0,434,0,0
B6_D1,428,0,67,0,0
B6_D1,440,0,26,0,0
B6_D1,390,0,496,0,0
B6_D1,152,0,31,0,0
B10_D1,669,0,268,0,0
G1_D1,999,0,64,0,0
G1_D1,134,0,112,0,0
G1_D1,442,0,151,0,0
B6_D1,941,0,107,0,0
B6_D1,496,0,36,0,0
B10_D1,185,0,183,0,0
G1_D1,369,0,138,0,0
G1_D1,114,0,278,0,0
B4_D1,181,0,288,0,0
B6_D1,144,0,24,0,0
B10_D1,20,0,181,0,0
B10_D1,404,0,200,0,0
B10_D1,119,0,338,0,0
B6_D1,822,0,257,0,0
B2_D1,831,0,41,0,0
B6_D1,664,0,42,0,0
B10_D1,281,0,168,0,0
G1_D1,904,0,7,0,0
G1_D1,9,0,136,0,0
B2_D1,762,0,39,0,0
B6_D1,81,0,99,0,0
B8_D1,626,0,238,0,0
G1_D1,684,0,509,0,0
B10_D1,966,0,246,0,0
B6_D1,92,0,46,0,0
B6_D1,971,0,415,0,0
B6_D1,414,0,494,0,0
B10_D1,671,0,416,0,0
B6_D1,671,0,479,0,0
B6_D1,182,0,500,0,0
B4_D1,838,0,205,0,0
G1_D1,41,0,50,0,0
B6_D1,961,0,170,0,0
G1_D1,663,0,36,0,0
B6_D1,568,0,39,0,0
B10_D1,488,0,11,0,0
G1_D1,901,0,327,0,0
B2_D1,632,0,58,0,0
B10_D1,998,0,55,0,0
B6_D1,730,0,489,0,0
B4_D1,413,0,190,0,0
B6_D1,751,0,358,0,0
B6_D1,29,0,369,0,0
B4_D1,790,0,64,0,0
B6_D1,732,0,15,0,0
G1_D1,609,0,270,0,0
B10_D1,470,0,254,0,0
B10_D1,149,0,444,0,0
B10_D1,644,0,241,0,0
B6_D1,120,0,292,0,0
B6_D1,560,0,14,0,0
B10_D1,252,0,66,0,0
B6_D1,549,0,271,0,0
B6_D1,708,0,35,0,0
B8_D1,302,0,316,0,0
G1_D1,172,0,499,0,0
G1_D1,206,0,141,0,0
B6_D1,798,0,493,0,0
B2_D1,637,0,463,0,0
B6_D1,880,0,239,0,0
B10_D1,507,0,304,0,0
B6_D1,32,0,398,0,0
B2_D1,658,0,224,0,0
B4_D1,292,0,310,0,0
B10_D1,523,0,46,0,0
G1_D1,798,0,41,0,0
B10_D1,48,0,161,0,0
G1_D1,994,0,112,0,0
G1_D1,956,0,466,0,0
G1_D1,189,0,186,0,0
B6_D1,404,0,42,0,0
B6_D1,563,0,481,0,0
B4_D1,592,0,149,0,0
B10_D1,229,0,427,0,0
B10_D1,1000,0,216,0,0
B6_D1,559,0,164,0,0
B8_D1,764,0,230,0,0
B6_D1,329,0,212,0,0
B6_D1,400,0,47,0,0
B10_D1,569,0,120,0,0
B10_D1,875,0,48,0,0
B10_D1,726,0,11,0,0
G1_D1,748,0,3,0,0
B10_D1,779,0,416,0,0
B6_D1,18,0,478,0,0
G1_D1,803,0,16,0,0
B6_D1,734,0,350,0,0
B2_D1,873,0,30,0,0
B6_D1,161,0,481,0,0
B10_D1,815,0,39,0,0
B10_D1,648,0,382,0,0
B10_D1,525,0,79,0,0
B10_D1,616,0,311,0,0
G1_D1,362,0,56,0,0
B10_D1,679,0,486,0,0
G1_D1,997,0,107,0,0
B10_D1,127,0,181,0,0
B10_D1,659,0,316,0,0
B10_D1,884,0,5,0,0
B6_D1,908,0,4,0,0
B6_D1,917,0,394,0,0
B10_D1,551,0,9,0,0
B6_D1,322,0,505,0,0
B2_D1,311,0,120,0,0
B6_D1,802,0,107,0,0
B10_D1,250,0,149,0,0
B6_D1,814,0,52,0,0
B10_D1,5,0,329,0,0
B6_D1,581,0,480,0,0
B2_D1,742,0,359,0,0
G1_D1,1013,0,120,0,0
B6_D1,70,0,136,0,0
B4_D1,46,0,161,0,0
B10_D1,765,0,268,0,0
B6_D1,854,0,494,0,0
B6_D1,255,0,398,0,0
B6_D1,728,0,59,0,0
B10_D1,259,0,0,0,0
B10_D1,336,0,277,0,0
B10_D1,77,0,57,0,0
B4_D1,262,0,136,0,0
B6_D1,846,0,502,0,0
B4_D1,508,0,94,0,0
B6_D1,584,0,430,0,0
B6_D1,80,0,10,0,0
B10_D1,98,0,483,0,0
B10_D1,964,0,36,0,0
B10_D1,255,0,259,0,0
B4_D1,804,0,36,0,0
B6_D1,191,0,82,0,0
B6_D1,48,0,23,0,0
B6_D1,64,0,134,0,0
B2_D1,151,0,89,0,0
B10_D1,458,0,229,0,0
B6_D1,766,0,371,0,0
B10_D1,602,0,143,0,0
B6_D1,702,0,429,0,0
B6_D1,347,0,458,0,0
B6_D1,126,0,492,0,0
B6_D1,809,0,85,0,0
G1_D1,918,0,20,0,0
B10_D1,241,0,340,0,0
B10_D1,193,0,37,0,0
B10_D1,705,0,397,0,0
B10_D1,512,0,122,0,0
B10_D1,575,0,85,0,0
B10_D1,804,0,330,0,0
G1_D1,23,0,75,0,0
B6_D1,978,0,496,0,0
B10_D1,811,0,384,0,0
B10_D1,646,0,258,0,0
B10_D1,373,0,413,0,0
B4_D1,853,0,95,0,0
G1_D1,1010,0,127,0,0
B6_D1,18,0,402,0,0
G1_D1,16,0,102,0,0
B10_D1,96,0,167,0,0
B6_D1,680,0,42,0,0
B6_D1,612,0,21,0,0
B10_D1,485,0,1,0,0
B10_D1,615,0,419,0,0
B10_D1,148,0,260,0,0
B4_D1,760,0,237,0,0
G1_D1,48,0,112,0,0
B4_D1,190,0,357,0,0
G1_D1,807,0,244,0,0
B6_D1,1,0,266,0,0
B4_D1,504,0,373,0,0
B10_D1,715,0,399,0,0
B10_D1,160,0,254,0,0
B6_D1,549,0,343,0,0
G1_D1,803,0,96,0,0
G1_D1,902,0,264,0,0
B6_D1,200,0,26,0,0
B10_D1,155,0,10,0,0
B6_D1,79,0,162,0,0
B6_D1,642,0,53,0,0
B6_D1,153,0,90,0,0
B10_D1,328,0,92,0,0
B10_D1,115,0,63,0,0
B2_D1,693,0,504,0,0
B6_D1,549,0,480,0,0
B10_D1,508,0,219,0,0
B6_D1,74,0,137,0,0
B6_D1,910,0,491,0,0
B10_D1,658,0,93,0,0
B4_D1,138,0,283,0,0
B6_D1,472,0,171,0,0
B6_D1,446,0,354,0,0
B4_D1,625,0,296,0,0
B6_D1,704,0,4,0,0
B6_D1,447,0,477,0,0
B6_D1,544,0,158,0,0
B6_D1,800,0,44,0,0
G1_D1,359,0,448,0,0
B4_D1,953,0,15,0,0
B6_D1,854,0,487,0,0
G1_D1,410,0,390,0,0
B6_D1,905,0,238,0,0
B10_D1,821,0,256,0,0
B10_D1,186,0,171,0,0
B6_D1,773,0,64,0,0
B6_D1,550,0,495,0,0
B4_D1,979,0,59,0,0
G1_D1,720,0,166,0,0
B10_D1,767,0,239,0,0
G1_D1,26,0,269,0,0
G1_D1,305,0,49,0,0
B6_D1,938,0,314,0,0
B10_D1,806,0,80,0,0
B10_D1,515,0,292,0,0
G1_D1,360,0,7,0,0
B6_D1,466,0,497,0,0
B6_D1,465,0,110,0,0
B4_D1,441,0,423,0,0
B6_D1,306,0,504,0,0
B6_D1,824,0,157,0,0
B6_D1,699,0,452,0,0
B4_D1,499,0,67,0,0
B10_D1,286,0,333,0,0
B2_D1,798,0,69,0,0
G1_D1,978,0,380,0,0
B8_D1,213,0,57,0,0
B10_D1,415,0,3,0,0
G1_D1,781,0,38,0,0
G1_D1,938,0,108,0,0
B10_D1,397,0,128,0,0
G1_D1,928,0,293,0,0
B6_D1,612,0,45,0,0
B6_D1,38,0,502,0,0
B8_D1,30,0,195,0,0
G1_D1,879,0,56,0,0
B10_D1,273,0,7,0,0
B10_D1,149,0,355,0,0
B4_D1,280,0,40,0,0
B2_D1,25,0,32,0,0
B10_D1,473,0,233,0,0
B2_D1,793,0,10,0,0
G1_D1,967,0,24,0,0
B4_D1,740,0,86,0,0
B6_D1,759,0,210,0,0
G1_D1,878,0,139,0,0
B10_D1,150,0,340,0,0
G1_D1,540,0,253,0,0
B2_D1,594,0,361,0,0
G1_D1,864,0,74,0,0
B10_D1,348,0,62,0,0
B6_D1,852,0,35,0,0
B10_D1,996,0,60,0,0
G1_D1,224,0,186,0,0
B2_D1,953,0,238,0,0
G1_D1,800,0,208,0,0
B10_D1,584,0,140,0,0
B10_D1,827,0,407,0,0
B10_D1,378,0,246,0,0
G1_D1,245,0,176,0,0
G1_D1,1022,0,425,0,0
B2_D1,944,0,20,0,0
B4_D1,880,0,12,0,0
B10_D1,252,0,177,0,0
G1_D1,266,0,29,0,0
B6_D1,538,0,493,0,0
B10_D1,147,0,335,0,0
G1_D1,282,0,56,0,0
B6_D1,627,0,57,0,0
G1_D1,13,0,335,0,0
B10_D1,406,0,126,0,0
B10_D1,963,0,252,0,0
G1_D1,429,0,4,0,0
B6_D1,703,0,470,0,0
B6_D1,745,0,326,0,0
B10_D1,176,0,4,0,0
B10_D1,226,0,272,0,0
B6_D1,518,0,239,0,0
B10_D1,98,0,48,0,0
G1_D1,122,0,393,0,0
B6_D1,734,0,112,0,0
B10_D1,704,0,52,0,0
G1_D1,64,0,325,0,0
B10_D1,409,0,121,0,0
B6_D1,209,0,274,0,0
B6_D1,511,0,407,0,0
B10_D1,612,0,186,0,0
B10_D1,896,0,303,0,0
B6_D1,248,0,33,0,0
B6_D1,891,0,101,0,0
B6_D1,462,0,135,0,0
B10_D1,67,0,146,0,0
B10_D1,946,0,241,0,0
B6_D1,1003,0,481,0,0
G1_D1,776,0,1,0,0
B6_D1,884,0,305,0,0
B6_D1,687,0,186,0,0
B6_D1,996,0,43,0,0
B6_D1,296,0,77,0,0
B10_D1,441,0,296,0,0
G1_D1,1023,0,75,0,0
B10_D1,57,0,207,0,0
G1_D1,287,0,264,0,0
G1_D1,177,0,40,0,0
B2_D1,149,0,4,0,0
B6_D1,2,0,485,0,0
B2_D1,622,0,94,0,0
B6_D1,406,0,482,0,0
B2_D1,285,0,199,0,0
B6_D1,887,0,388,0,0
B10_D1,655,0,244,0,0
B6_D1,691,0,414,0,0
B6_D1,670,0,509,0,0
B10_D1,275,0,175,0,0
B4_D1,530,0,85,0,0
B8_D1,259,0,330,0,0
B10_D1,424,0,80,0,0
B6_D1,925,0,317,0,0
B10_D1,40,0,44,0,0
B6_D1,532,0,171,0,0
B10_D1,526,0,144,0,0
B6_D1,884,0,323,0,0
B10_D1,319,0,61,0,0
B6_D1,1007,0,397,0,0
B4_D1,113,0,57,0,0
B6_D1,2,0,490,0,0
B10_D1,178,0,124,0,0
B6_D1,788,0,80,0,0
G1_D1,734,0,5,0,0
B6_D1,448,0,380,0,0
G1_D1,681,0,106,0,0
B6_D1,266,0,186,0,0
B4_D1,1,0,230,0,0
B10_D1,172,0,504,0,0
B10_D1,618,0,242,0,0
G1_D1,281,0,269,0,0
B10_D1,3,0,307,0,0
B10_D1,260,0,304,0,0
B10_D1,510,0,285,0,0
G1_D1,748,0,446,0,0
B6_D1,654,0,370,0,0
B10_D1,468,0,44,0,0
B4_D1,448,0,418,0,0
B10_D1,878,0,296,0,0
B10_D1,723,0,122,0,0
B6_D1,215,0,471,0,0
B2_D1,543,0,222,0,0
G1_D1,70,0,31,0,0
B6_D1,133,0,90,0,0
B10_D1,54,0,313,0,0
B6_D1,1000,0,11,0,0
B2_D1,714,0,85,0,0
B6_D1,313,0,480,0,0
B6_D1,764,0,100,0,0
B8_D1,416,0,282,0,0
B6_D1,58,0,499,0,0
G1_D1,28,0,161,0,0
B10_D1,357,0,233,0,0
B10_D1,50,0,136,0,0
B10_D1,447,0,278,0,0
B10_D1,181,0,49,0,0
B10_D1,144,0,254,0,0
B6_D1,252,0,119,0,0
B2_D1,883,0,386,0,0
B2_D1,746,0,29,0,0
B10_D1,668,0,69,0,0
B4_D1,589,0,193,0,0
B6_D1,119,0,126,0,0
B10_D1,3,0,328,0,0
B6_D1,122,0,487,0,0
B8_D1,272,0,325,0,0
G1_D1,932,0,290,0,0
G1_D1,1014,0,14,0,0
B6_D1,1003,0,104,0,0
B10_D1,709,0,244,0,0
G1_D1,760,0,18,0,0
B10_D1,993,0,255,0,0
B10_D1,987,0,59,0,0
B6_D1,971,0,243,0,0
B10_D1,442,0,297,0,0
B6_D1,961,0,436,0,0
B10_D1,877,0,203,0,0
G1_D1,1001,0,237,0,0
B6_D1,625,0,368,0,0
B6_D1,30,0,483,0,0
B10_D1,755,0,256,0,0
B10_D1,607,0,3,0,0
G1_D1,0,0,452,0,0
G1_D1,204,0,11,0,0
B6_D1,930,0,488,0,0
B2_D1,521,0,483,0,0
B2_D1,419,0,170,0,0
B10_D1,282,0,419,0,0
G1_D1,1001,0,41,0,0
G1_D1,732,0,18,0,0
B4_D1,0,0,254,0,0
B10_D1,579,0,309,0,0
B10_D1,445,0,206,0,0
B6_D1,8,0,19,0,0
G1_D1,361,0,48,0,0
G1_D1,40,0,129,0,0
B6_D1,308,0,4,0,0
B10_D1,618,0,291,0,0
B4_D1,263,0,198,0,0
G1_D1,11,0,113,0,0
G1_D1,561,0,122,0,0
G1_D1,193,0,19,0,0
B4_D1,198,0,357,0,0
B6_D1,857,0,173,0,0
B10_D1,109,0,110,0,0
B6_D1,540,0,209,0,0
B6_D1,575,0,361,0,0
B2_D1,398,0,487,0,0
B2_D1,486,0,482,0,0
G1_D1,896,0,134,0,0
G1_D1,543,0,10,0,0
B10_D1,761,0,43,0,0
B6_D1,455,0,400,0,0
B6_D1,594,0,505,0,0
B10_D1,277,0,190,0,0
B4_D1,8,0,308,0,0
B10_D1,664,0,70,0,0
G1_D1,512,0,203,0,0
B2_D1,672,0,143,0,0
B6_D1,836,0,9,0,0
B6_D1,992,0,341,0,0
B2_D1,634,0,113,0,0
B6_D1,136,0,142,0,0
B2_D1,194,0,131,0,0
G1_D1,800,0,213,0,0
B2_D1,829,0,510,0,0
B6_D1,519,0,276,0,0
B2_D1,175,0,250,0,0
B6_D1,388,0,44,0,0
B10_D1,539,0,269,0,0
B6_D1,590,0,347,0,0
G1_D1,940,0,25,0,0
B10_D1,538,0,311,0,0
B10_D1,851,0,234,0,0
B4_D1,639,0,179,0,0
B2_D1,759,0,360,0,0
B6_D1,546,0,174,0,0
B10_D1,7,0,47,0,0
B10_D1,1006,0,486,0,0
B10_D1,420,0,376,0,0
G1_D1,977,0,17,0,0
B10_D1,102,0,320,0,0
B2_D1,896,0,18,0,0
B2_D1,273,0,392,0,0
G1_D1,65,0,66,0,0
B10_D1,780,0,166,0,0
B6_D1,274,0,506,0,0
B10_D1,495,0,297,0,0
B10_D1,783,0,489,0,0
B10_D1,393,0,450,0,0
G1_D1,730,0,464,0,0
B10_D1,915,0,316,0,0
B2_D1,554,0,511,0,0
G1_D1,551,0,10,0,0
B6_D1,132,0,1,0,0
B6_D1,774,0,488,0,0
B10_D1,622,0,278,0,0
B10_D1,791,0,408,0,0
B4_D1,199,0,63,0,0
G1_D1,828,0,11,0,0
B10_D1,45,0,511,0,0
B10_D1,570,0,310,0,0
B10_D1,219,0,37,0,0
B2_D1,783,0,75,0,0
B4_D1,1,0,499,0,0
G1_D1,1010,0,105,0,0
B6_D1,529,0,324,0,0
B6_D1,26,0,507,0,0
B6_D1,157,0,90,0,0
B6_D1,656,0,396,0,0
B6_D1,775,0,93,0,0
B10_D1,38,0,172,0,0
B6_D1,515,0,164,0,0
B6_D1,472,0,28,0,0
B6_D1,356,0,5,0,0
B6_D1,613,0,387,0,0
B6_D1,366,0,139,0,0
B6_D1,824,0,41,0,0
B6_D1,564,0,24,0,0
B6_D1,744,0,39,0,0
B6_D1,92,0,141,0,0
G1_D1,51,0,306,0,0
B2_D1,550,0,220,0,0
B10_D1,340,0,40,0,0
B6_D1,773,0,364,0,0
B10_D1,873,0,402,0,0
B10_D1,172,0,6,0,0
B10_D1,112,0,118,0,0
B10_D1,94,0,275,0,0
B6_D1,110,0,360,0,0
B2_D1,465,0,484,0,0
G1_D1,883,0,212,0,0
B6_D1,749,0,244,0,0
B6_D1,847,0,53,0,0
B4_D1,146,0,91,0,0
B6_D1,938,0,95,0,0
B10_D1,104,0,33,0,0
B10_D1,637,0,36,0,0
B6_D1,2,0,150,0,0
B10_D1,870,0,332,0,0
B10_D1,384,0,412,0,0
B6_D1,772,0,66,0,0
B6_D1,342,0,483,0,0
B10_D1,182,0,125,0,0
G1_D1,24,0,148,0,0
B10_D1,491,0,89,0,0
B10_D1,359,0,179,0,0
B2_D1,497,0,219,0,0
B6_D1,808,0,331,0,0
B6_D1,438,0,276,0,0
G1_D1,67,0,440,0,0
B6_D1,753,0,70,0,0
B8_D1,118,0,133,0,0
B10_D1,722,0,428,0,0
G1_D1,258,0,102,0,0
G1_D1,769,0,64,0,0
B10_D1,586,0,503,0,0
B10_D1,22,0,73,0,0
G1_D1,835,0,165,0,0
B10_D1,406,0,97,0,0
B10_D1,955,0,115,0,0
B10_D1,999,0,65,0,0
B6_D1,812,0,121,0,0
G1_D1,631,0,143,0,0
G1_D1,251,0,35,0,0
G1_D1,481,0,351,0,0
B6_D1,45,0,98,0,0
B4_D1,329,0,209,0,0
B10_D1,22,0,242,0,0
G1_D1,140,0,24,0,0
B10_D1,296,0,137,0,0
B6_D1,170,0,485,0,0
B6_D1,822,0,144,0,0
B6_D1,1022,0,483,0,0
B2_D1,249,0,482,0,0
B10_D1,112,0,273,0,0
B6_D1,224,0,197,0,0
G1_D1,950,0,280,0,0
B6_D1,712,0,365,0,0
G1_D1,27,0,38,0,0
B6_D1,760,0,264,0,0
B6_D1,669,0,388,0,0
B6_D1,809,0,108,0,0
B6_D1,919,0,67,0,0
B4_D1,205,0,45,0,0
G1_D1,850,0,77,0,0
G1_D1,232,0,177,0,0
B2_D1,756,0,468,0,0
B6_D1,133,0,278,0,0
B6_D1,696,0,132,0,0
G1_D1,279,0,145,0,0
B8_D1,8,0,6,0,0
B4_D1,5,0,342,0,0
B4_D1,863,0,107,0,0
B10_D1,538,0,150,0,0
B4_D1,723,0,270,0,0
B4_D1,1,0,364,0,0
G1_D1,704,0,435,0,0
B4_D1,267,0,209,0,0
B6_D1,366,0,144,0,0
B10_D1,248,0,212,0,0
B6_D1,72,0,316,0,0
B6_D1,1012,0,34,0,0
G1_D1,372,0,42,0,0
B8_D1,871,0,232,0,0
B2_D1,271,0,61,0,0
B6_D1,638,0,483,0,0
B6_D1,752,0,314,0,0
B10_D1,405,0,58,0,0
B6_D1,741,0,315,0,0
B2_D1,637,0,225,0,0
B6_D1,704,0,280,0,0
B6_D1,896,0,224,0,0
B6_D1,372,0,264,0,0
G1_D1,369,0,21,0,0
B10_D1,38,0,300,0,0
B6_D1,851,0,439,0,0
B6_D1,22,0,216,0,0
B4_D1,473,0,200,0,0
B10_D1,367,0,234,0,0
B2_D1,252,0,59,0,0
B10_D1,269,0,204,0,0
B10_D1,323,0,8,0,0
B6_D1,344,0,12,0,0
B6_D1,540,0,222,0,0
B2_D1,96,0,93,0,0
B6_D1,887,0,70,0,0
B6_D1,202,0,496,0,0
B10_D1,770,0,162,0,0
B6_D1,550,0,486,0,0
G1_D1,789,0,161,0,0
B4_D1,13,0,43,0,0
B10_D1,507,0,89,0,0
B6_D1,442,0,507,0,0
B6_D1,669,0,188,0,0
B10_D1,233,0,452,0,0
B4_D1,735,0,210,0,0
B6_D1,688,0,34,0,0
B6_D1,852,0,41,0,0
B6_D1,118,0,53,0,0
G1_D1,31,0,30,0,0
B10_D1,950,0,70,0,0
B6_D1,791,0,449,0,0
B10_D1,635,0,119,0,0
B2_D1,505,0,480,0,0
G1_D1,12,0,306,0,0
G1_D1,102,0,23,0,0
B6_D1,358,0,371,0,0
B10_D1,124,0,276,0,0
B10_D1,232,0,359,0,0
B10_D1,562,0,111,0,0
B10_D1,242,0,278,0,0
B6_D1,79,0,274,0,0
G1_D1,462,0,511,0,0
B6_D1,417,0,248,0,0
B6_D1,488,0,27,0,0
B6_D1,151,0,446,0,0
B10_D1,628,0,481,0,0
G1_D1,953,0,82,0,0
B2_D1,595,0,86,0,0
B6_D1,904,0,1,0,0
B10_D1,10,0,313,0,0
B4_D1,71,0,28,0,0
B2_D1,910,0,121,0,0
B4_D1,572,0,393,0,0
B6_D1,832,0,8,0,0
B4_D1,19,0,21,0,0
B6_D1,476,0,36,0,0
B6_D1,174,0,506,0,0
B4_D1,5,0,289,0,0
B10_D1,408,0,315,0,0
B6_D1,483,0,479,0,0
B6_D1,285,0,72,0,0
B6_D1,843,0,307,0,0
G1_D1,883,0,205,0,0
B10_D1,935,0,235,0,0
G1_D1,295,0,6,0,0
B10_D1,214,0,74,0,0
G1_D1,278,0,119,0,0
B6_D1,543,0,384,0,0
B10_D1,239,0,302,0,0
B6_D1,759,0,248,0,0
B8_D1,152,0,336,0,0
B4_D1,45,0,449,0,0
G1_D1,771,0,83,0,0
B6_D1,564,0,16,0,0
B6_D1,437,0,173,0,0
B10_D1,149,0,284,0,0
B6_D1,568,0,17,0,0
B4_D1,2,0,494,0,0
B10_D1,382,0,120,0,0
B10_D1,134,0,375,0,0
B2_D1,993,0,276,0,0
B4_D1,907,0,140,0,0
B10_D1,381,0,408,0,0
G1_D1,615,0,446,0,0
B6_D1,990,0,214,0,0
B10_D1,365,0,66,0,0
B10_D1,6,0,235,0,0
B6_D1,920,0,19,0,0
B10_D1,469,0,1,0,0
G1_D1,42,0,163,0,0
B4_D1,654,0,203,0,0
B6_D1,582,0,491,0,0
B6_D1,380,0,168,0,0
G1_D1,782,0,485,0,0
B10_D1,414,0,228,0,0
B6_D1,876,0,241,0,0
B2_D1,2,0,89,0,0
B6_D1,476,0,11,0,0
B6_D1,554,0,347,0,0
B10_D1,584,0,304,0,0
B10_D1,493,0,163,0,0
B4_D1,149,0,4,0,0
G1_D1,28,0,39,0,0
G1_D1,27,0,44,0,0
G1_D1,205,0,75,0,0
B10_D1,940,0,498,0,0
B6_D1,997,0,269,0,0
B6_D1,219,0,380,0,0
B6_D1,823,0,125,0,0
B10_D1,385,0,413,0,0
B6_D1,398,0,488,0,0
B6_D1,267,0,380,0,0
B6_D1,985,0,417,0,0
B4_D1,662,0,246,0,0
G1_D1,321,0,285,0,0
G1_D1,1002,0,185,0,0
B10_D1,709,0,451,0,0
B10_D1,24,0,22,0,0
G1_D1,169,0,155,0,0
B4_D1,650,0,182,0,0
B6_D1,295,0,200,0,0
B10_D1,159,0,246,0,0
G1_D1,308,0,194,0,0
G1_D1,978,0,52,0,0
B6_D1,360,0,17,0,0
B10_D1,623,0,494,0,0
B6_D1,970,0,488,0,0
B4_D1,271,0,16,0,0
B6_D1,586,0,393,0,0
B8_D1,30,0,270,0,0
B10_D1,78,0,153,0,0
G1_D1,244,0,25,0,0
B6_D1,730,0,355,0,0
G1_D1,989,0,279,0,0
G1_D1,735,0,2,0,0
B10_D1,21,0,213,0,0
B10_D1,488,0,160,0,0
B2_D1,815,0,59,0,0
G1_D1,55,0,14,0,0
B8_D1,353,0,188,0,0
B6_D1,778,0,201,0,0
G1_D1,86,0,104,0,0
G1_D1,632,0,240,0,0
G1_D1,317,0,202,0,0
B10_D1,854,0,339,0,0
G1_D1,374,0,268,0,0
B4_D1,689,0,186,0,0
B6_D1,69,0,217,0,0
B6_D1,822,0,293,0,0
B4_D1,532,0,212,0,0
B6_D1,416,0,171,0,0
B10_D1,346,0,414,0,0
B10_D1,259,0,20,0,0
B10_D1,542,0,149,0,0
B6_D1,640,0,6,0,0
G1_D1,783,0,15,0,0
B6_D1,872,0,34,0,0
B10_D1,202,0,134,0,0
B6_D1,857,0,192,0,0
B6_D1,39,0,423,0,0
B4_D1,718,0,272,0,0
B10_D1,767,0,453,0,0
B6_D1,544,0,236,0,0
B4_D1,145,0,20,0,0
B10_D1,191,0,203,0,0
B6_D1,898,0,455,0,0
B6_D1,188,0,28,0,0
G1_D1,287,0,17,0,0
B6_D1,722,0,263,0,0
B6_D1,174,0,172,0,0
B6_D1,592,0,19,0,0
B10_D1,312,0,187,0,0
B6_D1,712,0,24,0,0
B10_D1,967,0,64,0,0
B10_D1,459,0,27,0,0
G1_D1,20,0,192,0,0
B6_D1,552,0,378,0,0
B6_D1,921,0,394,0,0
B6_D1,276,0,7,0,0
B10_D1,935,0,326,0,0
B6_D1,399,0,286,0,0
G1_D1,812,0,306,0,0
B8_D1,499,0,294,0,0
B6_D1,112,0,424,0,0
B10_D1,215,0,324,0,0
B6_D1,862,0,501,0,0
B6_D1,640,0,32,0,0
G1_D1,108,0,295,0,0
B6_D1,302,0,222,0,0
B10_D1,612,0,496,0,0
B4_D1,402,0,403,0,0
B4_D1,87,0,64,0,0
G1_D1,26,0,42,0,0
G1_D1,26,0,234,0,0
B10_D1,466,0,136,0,0
G1_D1,202,0,5,0,0
B4_D1,976,0,46,0,0
B4_D1,856,0,36,0,0
G1_D1,1008,0,191,0,0
B10_D1,58,0,38,0,0
B10_D1,503,0,66,0,0
B6_D1,1016,0,25,0,0
G1_D1,406,0,139,0,0
B6_D1,344,0,47,0,0
G1_D1,574,0,280,0,0
B6_D1,542,0,260,0,0
B6_D1,865,0,240,0,0
B10_D1,336,0,6,0,0
B6_D1,774,0,476,0,0
B6_D1,423,0,221,0,0
B2_D1,148,0,222,0,0
G1_D1,847,0,241,0,0
B10_D1,505,0,479,0,0
B6_D1,775,0,399,0,0
B6_D1,718,0,498,0,0
B6_D1,600,0,38,0,0
B8_D1,115,0,136,0,0
B2_D1,237,0,153,0,0
G1_D1,450,0,5,0,0
B10_D1,766,0,459,0,0
G1_D1,28,0,138,0,0
B6_D1,958,0,498,0,0
B10_D1,164,0,275,0,0
B6_D1,826,0,68,0,0
G1_D1,998,0,370,0,0
B6_D1,508,0,166,0,0
G1_D1,162,0,13,0,0
G1_D1,62,0,120,0,0
B10_D1,600,0,76,0,0
B6_D1,423,0,479,0,0
B4_D1,113,0,292,0,0
B6_D1,982,0,505,0,0
B10_D1,963,0,262,0,0
B6_D1,748,0,423,0,0
B2_D1,399,0,491,0,0
G1_D1,699,0,20,0,0
B2_D1,690,0,478,0,0
B10_D1,603,0,348,0,0
B6_D1,516,0,165,0,0
B6_D1,408,0,167,0,0
B6_D1,402,0,103,0,0
B10_D1,691,0,85,0,0
B6_D1,718,0,347,0,0
B10_D1,19,0,56,0,0
B6_D1,776,0,90,0,0
B10_D1,861,0,202,0,0
B6_D1,138,0,82,0,0
B10_D1,675,0,308,0,0
B6_D1,458,0,491,0,0
G1_D1,66,0,32,0,0
B10_D1,834,0,180,0,0
B10_D1,6,0,70,0,0
B10_D1,17,0,93,0,0
B10_D1,59,0,304,0,0
G1_D1,209,0,510,0,0
B10_D1,497,0,251,0,0
B2_D1,821,0,36,0,0
B4_D1,64,0,125,0,0
B6_D1,200,0,174,0,0
B6_D1,909,0,93,0,0
G1_D1,147,0,208,0,0
B2_D1,205,0,2,0,0
B10_D1,916,0,320,0,0
B4_D1,742,0,244,0,0
B10_D1,821,0,276,0,0
G1_D1,223,0,148,0,0
B6_D1,1003,0,416,0,0
B10_D1,901,0,257,0,0
G1_D1,707,0,256,0,0
G1_D1,48,0,308,0,0
B10_D1,706,0,83,0,0
G1_D1,173,0,45,0,0
B4_D1,301,0,307,0,0
G1_D1,951,0,246,0,0
G1_D1,342,0,34,0,0
B10_D1,575,0,29,0,0
B10_D1,947,0,466,0,0
B10_D1,548,0,478,0,0
B10_D1,114,0,458,0,0
G1_D1,1004,0,147,0,0
B10_D1,191,0,195,0,0
B10_D1,12,0,4,0,0
B10_D1,526,0,13,0,0
B6_D1,938,0,506,0,0
B10_D1,93,0,196,0,0
B6_D1,533,0,398,0,0
B2_D1,719,0,141,0,0
G1_D1,233,0,145,0,0
B10_D1,558,0,105,0,0
B10_D1,616,0,294,0,0
B10_D1,576,0,4,0,0
B10_D1,824,0,366,0,0
B10_D1,210,0,122,0,0
B10_D1,421,0,221,0,0
B10_D1,880,0,369,0,0
B10_D1,119,0,145,0,0
B10_D1,289,0,123,0,0
B6_D1,566,0,292,0,0
B10_D1,206,0,388,0,0
G1_D1,946,0,238,0,0
B10_D1,437,0,408,0,0
G1_D1,337,0,21,0,0
B2_D1,462,0,127,0,0
B6_D1,1008,0,86,0,0
B2_D1,684,0,52,0,0
B2_D1,569,0,0,0,0
B6_D1,816,0,8,0,0
G1_D1,259,0,237,0,0
B10_D1,389,0,476,0,0
B10_D1,192,0,33,0,0
B6_D1,197,0,476,0,0
B4_D1,638,0,182,0,0
B10_D1,128,0,265,0,0
B10_D1,404,0,412,0,0
B10_D1,663,0,68,0,0
B6_D1,632,0,176,0,0
G1_D1,548,0,220,0,0
G1_D1,706,0,75,0,0
B6_D1,146,0,471,0,0
B6_D1,602,0,294,0,0
B10_D1,170,0,13,0,0
B10_D1,968,0,31,0,0
B4_D1,103,0,62,0,0
B10_D1,519,0,121,0,0
G1_D1,178,0,9,0,0
B4_D1,483,0,285,0,0
B6_D1,822,0,447,0,0
B6_D1,1007,0,330,0,0
B10_D1,958,0,268,0,0
B10_D1,807,0,379,0,0
B10_D1,802,0,65,0,0
B6_D1,85,0,178,0,0
G1_D1,983,0,63,0,0
G1_D1,779,0,14,0,0
B10_D1,48,0,154,0,0
B6_D1,49,0,93,0,0
B6_D1,504,0,294,0,0
B6_D1,499,0,393,0,0
B10_D1,426,0,491,0,0
B6_D1,1004,0,19,0,0
B8_D1,69,0,328,0,0
B6_D1,1014,0,498,0,0
B4_D1,329,0,305,0,0
B6_D1,404,0,276,0,0
B6_D1,453,0,431,0,0
B10_D1,572,0,323,0,0
B6_D1,384,0,28,0,0
B10_D1,278,0,55,0,0
G1_D1,300,0,3,0,0
B10_D1,485,0,235,0,0
B6_D1,840,0,46,0,0
B10_D1,1023,0,227,0,0
B6_D1,633,0,306,0,0
B10_D1,1005,0,45,0,0
B2_D1,913,0,422,0,0
B6_D1,361,0,103,0,0
G1_D1,727,0,456,0,0
B4_D1,922,0,71,0,0
B10_D1,2,0,378,0,0
B2_D1,632,0,24,0,0
B6_D1,776,0,127,0,0
G1_D1,26,0,103,0,0
G1_D1,35,0,175,0,0
B10_D1,441,0,303,0,0
B10_D1,1010,0,477,0,0
B4_D1,721,0,31,0,0
G1_D1,327,0,78,0,0
B6_D1,193,0,274,0,0
B2_D1,740,0,47,0,0
B6_D1,235,0,166,0,0
G1_D1,871,0,237,0,0
G1_D1,252,0,48,0,0
G1_D1,88,0,24,0,0
G1_D1,443,0,123,0,0
B10_D1,365,0,339,0,0
B4_D1,806,0,213,0,0
G1_D1,816,0,307,0,0
B10_D1,256,0,163,0,0
B6_D1,207,0,346,0,0
B6_D1,760,0,254,0,0
B10_D1,516,0,284,0,0
B10_D1,180,0,155,0,0
B10_D1,57,0,294,0,0
B6_D1,675,0,481,0,0
B6_D1,709,0,469,0,0
B4_D1,66,0,91,0,0
B4_D1,376,0,226,0,0
B2_D1,150,0,220,0,0
B4_D1,659,0,139,0,0
B10_D1,651,0,417,0,0
B2_D1,536,0,27,0,0
G1_D1,714,0,250,0,0
G1_D1,901,0,112,0,0
B6_D1,58,0,190,0,0
B10_D1,972,0,66,0,0
G1_D1,855,0,16,0,0
B4_D1,885,0,264,0,0
G1_D1,998,0,66,0,0
B6_D1,337,0,141,0,0
B6_D1,952,0,42,0,0
B10_D1,556,0,161,0,0
B8_D1,638,0,241,0,0
B4_D1,459,0,286,0,0
G1_D1,976,0,57,0,0
B6_D1,65,0,176,0,0
B6_D1,988,0,404,0,0
G1_D1,768,0,7,0,0
B8_D1,216,0,191,0,0
G1_D1,196,0,33,0,0
G1_D1,901,0,94,0,0
B10_D1,445,0,156,0,0
B10_D1,423,0,451,0,0
B6_D1,267,0,311,0,0
G1_D1,272,0,34,0,0
B4_D1,572,0,388,0,0
B6_D1,457,0,106,0,0
G1_D1,986,0,139,0,0
B6_D1,356,0,47,0,0
G1_D1,940,0,11,0,0
B6_D1,772,0,5,0,0
B10_D1,239,0,232,0,0
G1_D1,246,0,175,0,0
B10_D1,143,0,72,0,0
B6_D1,1004,0,18,0,0
G1_D1,7,0,336,0,0
G1_D1,78,0,56,0,0
B6_D1,142,0,492,0,0
B10_D1,467,0,108,0,0
B10_D1,738,0,457,0,0
B10_D1,490,0,490,0,0
B10_D1,819,0,30,0,0
B6_D1,0,0,269,0,0
G1_D1,822,0,206,0,0
G1_D1,378,0,56,0,0
B6_D1,801,0,155,0,0
B4_D1,749,0,71,0,0
G1_D1,278,0,23,0,0
B10_D1,427,0,504,0,0
B10_D1,834,0,403,0,0
B2_D1,201,0,125,0,0
B6_D1,970,0,433,0,0
B8_D1,635,0,305,0,0
B6_D1,288,0,40,0,0
B6_D1,43,0,202,0,0
B6_D1,388,0,1,0,0
B6_D1,270,0,341,0,0
B6_D1,672,0,34,0,0
B6_D1,618,0,499,0,0
B10_D1,428,0,167,0,0
B6_D1,542,0,511,0,0
B10_D1,198,0,177,0,0
G1_D1,972,0,57,0,0
B10_D1,530,0,166,0,0
G1_D1,763,0,2,0,0
B10_D1,767,0,3,0,0
B10_D1,837,0,42,0,0
B2_D1,831,0,62,0,0
B6_D1,468,0,52,0,0
G1_D1,364,0,11,0,0
B4_D1,557,0,396,0,0
B6_D1,947,0,407,0,0
B10_D1,992,0,272,0,0
B10_D1,851,0,373,0,0
B10_D1,88,0,270,0,0
B6_D1,997,0,417,0,0
B2_D1,885,0,459,0,0
G1_D1,286,0,39,0,0
B6_D1,530,0,487,0,0
B10_D1,358,0,271,0,0
B6_D1,196,0,45,0,0
B6_D1,340,0,21,0,0
B10_D1,347,0,118,0,0
B10_D1,399,0,478,0,0
B10_D1,571,0,105,0,0
B6_D1,752,0,8,0,0
B10_D1,217,0,240,0,0
G1_D1,907,0,470,0,0
B6_D1,685,0,473,0,0
B6_D1,934,0,437,0,0
B6_D1,350,0,485,0,0
B6_D1,820,0,305,0,0
G1_D1,281,0,12,0,0
B6_D1,904,0,42,0,0
B10_D1,738,0,161,0,0
B6_D1,476,0,20,0,0
G1_D1,516,0,31,0,0
B4_D1,522,0,374,0,0
G1_D1,408,0,227,0,0
B6_D1,244,0,4,0,0
B4_D1,824,0,16,0,0
B6_D1,56,0,22,0,0
B10_D1,425,0,378,0,0
B6_D1,792,0,292,0,0
B6_D1,658,0,485,0,0
G1_D1,593,0,223,0,0
B6_D1,759,0,151,0,0
B6_D1,416,0,257,0,0
G1_D1,795,0,65,0,0
B6_D1,782,0,74,0,0
B10_D1,28,0,76,0,0
B10_D1,18,0,58,0,0
B6_D1,91,0,390,0,0
G1_D1,753,0,204,0,0
B10_D1,852,0,345,0,0
B10_D1,307,0,333,0,0
B10_D1,249,0,213,0,0
B6_D1,458,0,487,0,0
G1_D1,259,0,33,0,0
B6_D1,260,0,20,0,0
B2_D1,885,0,458,0,0
B6_D1,451,0,357,0,0
B10_D1,92,0,278,0,0
B2_D1,434,0,490,0,0
B10_D1,205,0,433,0,0
B10_D1,763,0,1,0,0
B6_D1,120,0,24,0,0
B6_D1,986,0,489,0,0
B10_D1,519,0,94,0,0
B8_D1,479,0,294,0,0
G1_D1,854,0,302,0,0
B2_D1,816,0,129,0,0
B6_D1,667,0,481,0,0
B10_D1,618,0,183,0,0
B10_D1,718,0,49,0,0
B6_D1,296,0,152,0,0
B2_D1,826,0,273,0,0
B2_D1,910,0,37,0,0
B10_D1,735,0,119,0,0
B10_D1,603,0,136,0,0
B6_D1,707,0,199,0,0
B6_D1,515,0,269,0,0
B6_D1,416,0,51,0,0
G1_D1,17,0,19,0,0
B6_D1,398,0,506,0,0
B6_D1,791,0,103,0,0
B4_D1,220,0,273,0,0
B10_D1,729,0,421,0,0
B6_D1,896,0,1,0,0
B10_D1,954,0,285,0,0
B6_D1,234,0,465,0,0
B6_D1,770,0,470,0,0
B6_D1,610,0,478,0,0
G1_D1,635,0,116,0,0
B10_D1,849,0,288,0,0
B8_D1,627,0,305,0,0
B10_D1,795,0,243,0,0
B6_D1,116,0,422,0,0
B6_D1,629,0,52,0,0
B6_D1,778,0,114,0,0
B10_D1,166,0,214,0,0
B4_D1,355,0,97,0,0
B6_D1,252,0,52,0,0
B10_D1,544,0,161,0,0
B6_D1,496,0,35,0,0
B6_D1,506,0,350,0,0
B6_D1,303,0,460,0,0
B6_D1,758,0,246,0,0
B4_D1,144,0,97,0,0
B6_D1,458,0,483,0,0
B10_D1,321,0,272,0,0
G1_D1,39,0,80,0,0
B6_D1,772,0,58,0,0
G1_D1,651,0,80,0,0
B10_D1,804,0,82,0,0
B6_D1,416,0,36,0,0
B10_D1,429,0,100,0,0
B6_D1,517,0,278,0,0
B2_D1,305,0,141,0,0
B10_D1,901,0,234,0,0
B6_D1,392,0,37,0,0
B6_D1,736,0,10,0,0
B6_D1,632,0,33,0,0
B2_D1,811,0,0,0,0
G1_D1,713,0,251,0,0
B6_D1,850,0,65,0,0
G1_D1,484,0,241,0,0
G1_D1,886,0,9,0,0
G1_D1,786,0,221,0,0
B2_D1,731,0,53,0,0
B4_D1,544,0,201,0,0
B6_D1,863,0,143,0,0
B10_D1,584,0,316,0,0
B6_D1,820,0,2,0,0
G1_D1,1015,0,148,0,0
G1_D1,886,0,25,0,0
B6_D1,252,0,39,0,0
B10_D1,592,0,147,0,0
B4_D1,883,0,210,0,0
B10_D1,279,0,134,0,0
B6_D1,443,0,58,0,0
B6_D1,524,0,183,0,0
G1_D1,26,0,53,0,0
B6_D1,498,0,506,0,0
B10_D1,110,0,497,0,0
B6_D1,872,0,15,0,0
B6_D1,586,0,324,0,0
B8_D1,596,0,215,0,0
B10_D1,450,0,289,0,0
B4_D1,5,0,451,0,0
B2_D1,190,0,131,0,0
G1_D1,687,0,20,0,0
B6_D1,854,0,492,0,0
B10_D1,506,0,213,0,0
B6_D1,727,0,78,0,0
B6_D1,153,0,196,0,0
G1_D1,1007,0,75,0,0
B10_D1,249,0,347,0,0
B2_D1,504,0,466,0,0
B6_D1,708,0,280,0,0
B6_D1,673,0,63,0,0
B10_D1,367,0,502,0,0
B6_D1,459,0,285,0,0
B10_D1,678,0,448,0,0
G1_D1,8,0,102,0,0
G1_D1,26,0,499,0,0
G1_D1,742,0,250,0,0
G1_D1,28,0,272,0,0
B10_D1,360,0,487,0,0
G1_D1,49,0,121,0,0
B10_D1,326,0,45,0,0
B2_D1,408,0,510,0,0
B6_D1,114,0,507,0,0
B10_D1,736,0,469,0,0
B6_D1,938,0,497,0,0
G1_D1,339,0,17,0,0
B6_D1,151,0,269,0,0
B10_D1,488,0,92,0,0
B4_D1,540,0,275,0,0
B10_D1,147,0,300,0,0
B6_D1,995,0,481,0,0
B2_D1,600,0,290,0,0
G1_D1,697,0,280,0,0
B10_D1,466,0,55,0,0
B6_D1,546,0,265,0,0
B10_D1,727,0,274,0,0
B6_D1,197,0,169,0,0
B6_D1,848,0,55,0,0
B2_D1,10,0,47,0,0
B10_D1,643,0,85,0,0
B10_D1,31,0,162,0,0
B4_D1,256,0,203,0,0
G1_D1,51,0,65,0,0
B4_D1,423,0,397,0,0
B10_D1,755,0,46,0,0
G1_D1,9,0,74,0,0
B2_D1,725,0,58,0,0
B6_D1,673,0,378,0,0
B6_D1,982,0,214,0,0
B6_D1,385,0,319,0,0
B2_D1,878,0,41,0,0
B6_D1,703,0,68,0,0
B6_D1,130,0,498,0,0
B2_D1,187,0,238,0,0
B6_D1,607,0,428,0,0
G1_D1,390,0,369,0,0
B10_D1,37,0,87,0,0
B6_D1,56,0,1,0,0
B6_D1,3,0,317,0,0
G1_D1,623,0,139,0,0
G1_D1,631,0,14,0,0
B6_D1,966,0,369,0,0
G1_D1,18,0,42,0,0
G1_D1,18,0,32,0,0
G1_D1,473,0,114,0,0
B10_D1,183,0,164,0,0
G1_D1,39,0,75,0,0
B6_D1,184,0,38,0,0
B6_D1,56,0,468,0,0
B10_D1,651,0,301,0,0
B2_D1,855,0,57,0,0
B10_D1,832,0,358,0,0
B10_D1,433,0,100,0,0
B10_D1,286,0,306,0,0
B4_D1,706,0,194,0,0
B6_D1,58,0,393,0,0
B10_D1,171,0,440,0,0
B6_D1,412,0,267,0,0
B10_D1,981,0,2,0,0
B6_D1,857,0,188,0,0
G1_D1,420,0,227,0,0
G1_D1,467,0,113,0,0
G1_D1,751,0,202,0,0
B10_D1,714,0,443,0,0
B6_D1,201,0,238,0,0
B6_D1,619,0,355,0,0
B6_D1,439,0,97,0,0
B10_D1,662,0,66,0,0
B2_D1,417,0,377,0,0
B10_D1,1011,0,3,0,0
B10_D1,731,0,317,0,0
B6_D1,116,0,136,0,0
G1_D1,924,0,0,0,0
B6_D1,81,0,462,0,0
G1_D1,676,0,22,0,0
B2_D1,748,0,22,0,0
B10_D1,555,0,280,0,0
B6_D1,164,0,48,0,0
G1_D1,812,0,18,0,0
B6_D1,300,0,358,0,0
B10_D1,477,0,408,0,0
G1_D1,808,0,62,0,0
B10_D1,874,0,331,0,0
G1_D1,715,0,255,0,0
G1_D1,302,0,39,0,0
B6_D1,180,0,21,0,0
B4_D1,678,0,49,0,0
G1_D1,238,0,18,0,0
B6_D1,880,0,194,0,0
B10_D1,757,0,2,0,0
B4_D1,723,0,252,0,0
G1_D1,971,0,10,0,0
G1_D1,67,0,54,0,0
B10_D1,410,0,238,0,0
G1_D1,152,0,11,0,0
B10_D1,460,0,159,0,0
B6_D1,559,0,283,0,0
G1_D1,874,0,197,0,0
B6_D1,360,0,42,0,0
B4_D1,462,0,104,0,0
G1_D1,493,0,125,0,0
B10_D1,705,0,58,0,0
G1_D1,534,0,17,0,0
B6_D1,1022,0,67,0,0
B4_D1,506,0,262,0,0
B6_D1,330,0,488,0,0
B6_D1,288,0,10,0,0
B6_D1,552,0,363,0,0
B6_D1,873,0,231,0,0
B6_D1,534,0,266,0,0
G1_D1,700,0,307,0,0
B6_D1,372,0,370,0,0
B6_D1,776,0,3,0,0
B6_D1,936,0,45,0,0
G1_D1,543,0,28,0,0
B10_D1,618,0,368,0,0
G1_D1,719,0,456,0,0
B10_D1,9,0,192,0,0
B10_D1,257,0,1,0,0
G1_D1,97,0,188,0,0
B2_D1,0,0,115,0,0
G1_D1,1008,0,142,0,0
G1_D1,857,0,40,0,0
B4_D1,678,0,47,0,0
B6_D1,504,0,31,0,0
B10_D1,94,0,148,0,0
B4_D1,610,0,38,0,0
B10_D1,858,0,31,0,0
B4_D1,978,0,107,0,0
B6_D1,19,0,262,0,0
B10_D1,638,0,86,0,0
B10_D1,840,0,60,0,0
B4_D1,106,0,267,0,0
B6_D1,840,0,387,0,0
G1_D1,243,0,17,0,0
B10_D1,337,0,291,0,0
B6_D1,538,0,225,0,0
B4_D1,149,0,51,0,0
B6_D1,459,0,477,0,0
B10_D1,772,0,63,0,0
G1_D1,934,0,48,0,0
B2_D1,721,0,9,0,0
B10_D1,404,0,310,0,0
B10_D1,6,0,20,0,0
B4_D1,309,0,306,0,0
G1_D1,63,0,38,0,0
B10_D1,414,0,237,0,0
B6_D1,339,0,92,0,0
B10_D1,14,0,276,0,0
B10_D1,169,0,38,0,0
B6_D1,6,0,222,0,0
G1_D1,329,0,226,0,0
B10_D1,718,0,64,0,0
B6_D1,704,0,379,0,0
B6_D1,978,0,494,0,0
B10_D1,608,0,111,0,0
B6_D1,506,0,295,0,0
B10_D1,321,0,83,0,0
B10_D1,974,0,486,0,0
G1_D1,622,0,444,0,0
B6_D1,60,0,18,0,0
G1_D1,136,0,372,0,0
B6_D1,178,0,146,0,0
B2_D1,925,0,158,0,1
B10_D1,1012,0,67,0,0
G1_D1,172,0,153,0,0
G1_D1,764,0,0,0,0
B8_D1,88,0,2,0,0
B10_D1,534,0,211,0,0
G1_D1,784,0,268,0,0
B6_D1,16,0,394,0,0
B6_D1,262,0,255,0,0
G1_D1,343,0,444,0,0
B6_D1,886,0,158,0,0
B10_D1,860,0,401,0,0
G1_D1,571,0,146,0,0
B10_D1,407,0,22,0,0
B10_D1,132,0,215,0,0
B4_D1,2,0,53,0,0
B6_D1,557,0,161,0,0
B4_D1,414,0,290,0,0
B6_D1,288,0,266,0,0
B6_D1,953,0,135,0,0
B6_D1,16,0,21,0,0
B6_D1,702,0,232,0,0
G1_D1,217,0,234,0,0
B10_D1,15,0,315,0,0
B2_D1,980,0,34,0,0
B10_D1,30,0,214,0,0
B6_D1,526,0,288,0,0
B10_D1,94,0,134,0,0
B10_D1,488,0,497,0,0
B6_D1,630,0,497,0,0
B10_D1,967,0,1,0,0
B6_D1,13,0,93,0,0
B2_D1,693,0,225,0,0
B6_D1,188,0,310,0,0
G1_D1,840,0,11,0,0
B4_D1,555,0,82,0,0
B6_D1,264,0,40,0,0
B6_D1,216,0,43,0,0
G1_D1,42,0,294,0,0
G1_D1,182,0,13,0,0
G1_D1,49,0,85,0,0
G1_D1,21,0,233,0,0
B4_D1,1001,0,84,0,0
B6_D1,281,0,103,0,0
B6_D1,955,0,481,0,0
B10_D1,3,0,55,0,0
B10_D1,41,0,171,0,0
B4_D1,409,0,292,0,0
B10_D1,359,0,209,0,0
B6_D1,626,0,330,0,0
B6_D1,314,0,86,0,0
G1_D1,1019,0,47,0,0
B6_D1,105,0,397,0,0
G1_D1,638,0,91,0,0
B6_D1,300,0,266,0,0
B6_D1,344,0,43,0,0
B10_D1,735,0,14,0,0
B8_D1,943,0,238,0,0
B6_D1,400,0,11,0,0
B10_D1,966,0,508,0,0
G1_D1,683,0,80,0,0
B10_D1,391,0,103,0,0
B10_D1,33,0,182,0,0
B6_D1,12,0,3,0,0
B2_D1,75,0,48,0,0
B6_D1,909,0,98,0,0
B6_D1,898,0,502,0,0
B6_D1,686,0,495,0,0
B10_D1,531,0,267,0,0
B2_D1,315,0,53,0,0
G1_D1,463,0,113,0,0
B6_D1,748,0,339,0,0
B2_D1,689,0,223,0,0
B6_D1,128,0,226,0,0
B6_D1,472,0,47,0,0
G1_D1,42,0,99,0,0
B8_D1,176,0,47,0,0
B10_D1,336,0,214,0,0
B10_D1,882,0,351,0,0
B6_D1,801,0,260,0,0
B6_D1,148,0,11,0,0
B6_D1,847,0,219,0,0
B10_D1,540,0,274,0,0
B10_D1,662,0,389,0,0
B6_D1,760,0,8,0,0
B6_D1,154,0,167,0,0
B6_D1,899,0,169,0,0
B6_D1,413,0,50,0,0
B10_D1,269,0,347,0,0
B10_D1,726,0,319,0,0
B6_D1,256,0,41,0,0
B6_D1,192,0,190,0,0
B10_D1,108,0,187,0,0
B6_D1,705,0,113,0,0
B6_D1,42,0,488,0,0
B4_D1,603,0,94,0,0
B10_D1,95,0,14,0,0
B6_D1,536,0,208,0,0
B10_D1,718,0,98,0,0
G1_D1,239,0,174,0,0
B10_D1,194,0,77,0,0
B6_D1,426,0,511,0,0
B6_D1,544,0,10,0,0
B6_D1,174,0,150,0,0
G1_D1,923,0,258,0,0
B2_D1,892,0,116,0,0
G1_D1,312,0,24,0,0
B10_D1,595,0,106,0,0
B10_D1,157,0,333,0,0
B4_D1,961,0,295,0,0
B10_D1,321,0,413,0,0
B6_D1,477,0,425,0,0
B6_D1,596,0,10,0,0
B4_D1,77,0,160,0,0
B6_D1,606,0,348,0,0
B10_D1,274,0,136,0,0
G1_D1,989,0,103,0,0
B10_D1,1003,0,487,0,0
B10_D1,607,0,216,0,0
B10_D1,186,0,243,0,0
B4_D1,182,0,62,0,0
B10_D1,430,0,492,0,0
B10_D1,359,0,174,0,0
B6_D1,668,0,42,0,0
B6_D1,291,0,141,0,0
G1_D1,149,0,228,0,0
B6_D1,225,0,324,0,0
B6_D1,94,0,360,0,0
B6_D1,756,0,311,0,0
B6_D1,128,0,170,0,0
G1_D1,609,0,184,0,0
B10_D1,400,0,505,0,0
B10_D1,889,0,304,0,0
B10_D1,96,0,136,0,0
B6_D1,230,0,498,0,0
B10_D1,573,0,262,0,0
B10_D1,462,0,493,0,0
B10_D1,598,0,334,0,0
B6_D1,227,0,338,0,0
B10_D1,311,0,37,0,0
B6_D1,451,0,69,0,0
B4_D1,233,0,35,0,0
B10_D1,58,0,261,0,0
B10_D1,421,0,114,0,0
B10_D1,674,0,49,0,0
G1_D1,367,0,266,0,0
B2_D1,570,0,160,0,0
B6_D1,568,0,376,0,0
B10_D1,727,0,119,0,0
G1_D1,418,0,225,0,0
B10_D1,113,0,14,0,0
B10_D1,32,0,311,0,0
B6_D1,96,0,20,0,0
B4_D1,951,0,244,0,0
B6_D1,84,0,271,0,0
B10_D1,714,0,165,0,0
G1_D1,123,0,501,0,0
G1_D1,86,0,42,0,0
B10_D1,217,0,312,0,0
B6_D1,739,0,197,0,0
B10_D1,37,0,17,0,0
B10_D1,437,0,158,0,0
B2_D1,836,0,235,0,0
G1_D1,54,0,256,0,0
G1_D1,639,0,47,0,0
G1_D1,135,0,182,0,0
B6_D1,6,0,511,0,0
B10_D1,851,0,92,0,0
B6_D1,816,0,111,0,0
B10_D1,566,0,265,0,0
B6_D1,215,0,147,0,0
B6_D1,57,0,475,0,0
B10_D1,654,0,258,0,0
B10_D1,641,0,298,0,0
B10_D1,348,0,37,0,0
G1_D1,13,0,4,0,0
B8_D1,372,0,190,0,0
B6_D1,904,0,305,0,0
B6_D1,216,0,425,0,0
B10_D1,794,0,376,0,0
B6_D1,55,0,353,0,0
G1_D1,128,0,118,0,0
G1_D1,895,0,231,0,0
B10_D1,493,0,142,0,0
G1_D1,8,0,138,0,0
B6_D1,873,0,268,0,0
G1_D1,1008,0,115,0,0
B10_D1,40,0,120,0,0
G1_D1,678,0,25,0,0
G1_D1,1013,0,56,0,0
B2_D1,454,0,109,0,0
G1_D1,750,0,262,0,0
B10_D1,521,0,152,0,0
B6_D1,139,0,110,0,0
G1_D1,985,0,172,0,0
B10_D1,607,0,87,0,0
B6_D1,266,0,182,0,0
B6_D1,415,0,389,0,0
B6_D1,913,0,60,0,0
G1_D1,505,0,285,0,0
G1_D1,797,0,202,0,0
B6_D1,260,0,196,0,0
B6_D1,255,0,456,0,0
B2_D1,453,0,110,0,0
B6_D1,732,0,382,0,0
B10_D1,1004,0,254,0,0
B8_D1,89,0,151,0,0
B8_D1,639,0,305,0,0
B6_D1,938,0,510,0,0
B10_D1,48,0,116,0,0
G1_D1,207,0,17,0,0
B2_D1,252,0,139,0,0
B10_D1,111,0,463,0,0
B10_D1,180,0,249,0,0
G1_D1,189,0,234,0,0
G1_D1,698,0,249,0,0
G1_D1,882,0,41,0,0
B10_D1,747,0,256,0,0
B10_D1,536,0,201,0,0
B10_D1,445,0,93,0,0
G1_D1,16,0,35,0,0
G1_D1,373,0,368,0,0
B10_D1,221,0,340,0,0
G1_D1,257,0,69,0,0
B10_D1,6,0,196,0,0
B10_D1,896,0,5,0,0
B6_D1,493,0,231,0,0
B2_D1,373,0,482,0,0
B10_D1,665,0,34,0,0
B6_D1,250,0,502,0,0
G1_D1,1000,0,111,0,0
B10_D1,47,0,131,0,0
B8_D1,734,0,198,0,0
B10_D1,731,0,274,0,0
B10_D1,633,0,7,0,0
B6_D1,98,0,398,0,0
B10_D1,530,0,326,0,0
G1_D1,1010,0,245,0,0
B2_D1,262,0,24,0,0
B2_D1,382,0,111,0,0
B10_D1,343,0,267,0,0
B6_D1,244,0,12,0,0
B4_D1,360,0,21,0,0
B6_D1,403,0,59,0,0
G1_D1,996,0,7,0,0
B10_D1,812,0,449,0,0
B6_D1,972,0,162,0,0
B6_D1,380,0,171,0,0
B6_D1,541,0,352,0,0
B10_D1,916,0,66,0,0
B6_D1,806,0,511,0,0
B10_D1,527,0,170,0,0
B6_D1,586,0,318,0,0
B10_D1,375,0,2,0,0
G1_D1,393,0,133,0,0
G1_D1,941,0,34,0,0
B10_D1,409,0,479,0,0
B10_D1,693,0,37,0,0
B6_D1,890,0,488,0,0
B6_D1,419,0,286,0,0
B4_D1,476,0,287,0,0
B2_D1,516,0,162,0,0
B10_D1,256,0,304,0,0
B4_D1,733,0,32,0,0
B4_D1,89,0,4,0,0
G1_D1,123,0,6,0,0
G1_D1,27,0,24,0,0
B6_D1,491,0,477,0,0
G1_D1,259,0,65,0,0
B10_D1,485,0,472,0,0
B6_D1,764,0,3,0,0
B10_D1,587,0,502,0,0
B6_D1,304,0,4,0,0
B10_D1,887,0,242,0,0
B2_D1,735,0,77,0,0
B6_D1,31,0,135,0,0
B2_D1,296,0,41,0,0
B6_D1,860,0,148,0,0
B10_D1,727,0,256,0,0
B6_D1,556,0,2,0,0
G1_D1,146,0,109,0,0
G1_D1,83,0,453,0,0
B6_D1,199,0,104,0,0
B6_D1,132,0,85,0,0
B10_D1,215,0,41,0,0
B10_D1,46,0,259,0,0
B2_D1,367,0,481,0,0
B6_D1,1004,0,29,0,0
B6_D1,10,0,494,0,0
B6_D1,584,0,339,0,0
G1_D1,266,0,250,0,0
B2_D1,777,0,510,0,0
B2_D1,372,0,493,0,0
B6_D1,246,0,332,0,0
B6_D1,621,0,388,0,0
B10_D1,604,0,61,0,0
G1_D1,797,0,207,0,0
B2_D1,487,0,164,0,0
B6_D1,261,0,374,0,0
B6_D1,874,0,144,0,0
B10_D1,152,0,5,0,0
B10_D1,143,0,39,0,0
B10_D1,611,0,485,0,0
B10_D1,14,0,52,0,0
B8_D1,113,0,89,0,0
B10_D1,320,0,137,0,0
B6_D1,634,0,494,0,0
B2_D1,990,0,49,0,0
G1_D1,857,0,231,0,0
B10_D1,227,0,194,0,0
B10_D1,512,0,159,0,0
B2_D1,781,0,14,0,0
G1_D1,491,0,2,0,0
B2_D1,123,0,35,0,0
B10_D1,13,0,30,0,0
B10_D1,427,0,107,0,0
B10_D1,675,0,486,0,0
B2_D1,297,0,183,0,0
B10_D1,729,0,287,0,0
B4_D1,90,0,162,0,0
G1_D1,552,0,11,0,0
B6_D1,810,0,492,0,0
B10_D1,749,0,76,0,0
B10_D1,40,0,31,0,0
B10_D1,330,0,486,0,0
B2_D1,719,0,45,0,0
B6_D1,46,0,257,0,0
G1_D1,824,0,318,0,0
B10_D1,68,0,270,0,0
B4_D1,871,0,204,0,0
B6_D1,603,0,158,0,0
B6_D1,990,0,482,0,0
B10_D1,1018,0,70,0,0
B6_D1,494,0,167,0,0
B10_D1,294,0,35,0,0
B10_D1,311,0,154,0,0
B10_D1,765,0,79,0,0
B6_D1,798,0,509,0,0
G1_D1,219,0,43,0,0
B8_D1,89,0,276,0,0
B6_D1,731,0,146,0,0
B6_D1,334,0,294,0,0
B2_D1,768,0,238,0,0
B6_D1,118,0,497,0,0
B10_D1,667,0,47,0,0
B10_D1,631,0,492,0,0
B10_D1,578,0,334,0,0
B6_D1,534,0,505,0,0
B6_D1,80,0,19,0,0
B10_D1,619,0,8,0,0
B8_D1,350,0,186,0,0
G1_D1,504,0,24,0,0
B6_D1,164,0,144,0,0
B4_D1,846,0,128,0,0
G1_D1,848,0,3,0,0
G1_D1,36,0,174,0,0
B6_D1,543,0,298,0,0
B6_D1,133,0,137,0,0
B2_D1,702,0,90,0,0
G1_D1,30,0,191,0,0
B6_D1,1006,0,311,0,0
B10_D1,396,0,97,0,0
B10_D1,110,0,46,0,0
B10_D1,403,0,22,0,0
B10_D1,65,0,308,0,0
G1_D1,17,0,231,0,0
B2_D1,205,0,133,0,0
B6_D1,855,0,341,0,0
B6_D1,8,0,73,0,0
B8_D1,751,0,203,0,0
B6_D1,824,0,32,0,0
B6_D1,0,0,377,0,0
B6_D1,10,0,291,0,0
G1_D1,1021,0,96,0,0
B6_D1,670,0,419,0,0
B10_D1,615,0,416,0,0
G1_D1,168,0,502,0,0
G1_D1,568,0,233,0,0
B10_D1,125,0,164,0,0
B2_D1,392,0,381,0,0
B6_D1,941,0,327,0,0
B6_D1,827,0,151,0,0
G1_D1,361,0,415,0,0
B4_D1,682,0,48,0,0
B10_D1,500,0,159,0,0
B6_D1,396,0,32,0,0
G1_D1,188,0,183,0,0
G1_D1,803,0,454,0,0
G1_D1,783,0,93,0,0
B6_D1,659,0,417,0,0
B10_D1,254,0,65,0,0
G1_D1,884,0,51,0,0
B10_D1,331,0,32,0,0
B10_D1,812,0,422,0,0
B10_D1,134,0,230,0,0
B6_D1,796,0,36,0,0
G1_D1,28,0,47,0,0
B2_D1,3,0,53,0,0
B10_D1,692,0,88,0,0
B10_D1,73,0,511,0,0
G1_D1,630,0,17,0,0
B6_D1,1000,0,0,0,0
B6_D1,376,0,104,0,0
B6_D1,81,0,401,0,0
B10_D1,6,0,27,0,0
B10_D1,371,0,60,0,0
B4_D1,974,0,28,0,0
B6_D1,502,0,326,0,0
B6_D1,224,0,389,0,0
G1_D1,584,0,226,0,0
B6_D1,444,0,350,0,0
G1_D1,567,0,250,0,0
B2_D1,522,0,511,0,0
G1_D1,1022,0,392,0,0
B10_D1,761,0,414,0,0
G1_D1,341,0,235,0,0
B4_D1,93,0,50,0,0
B6_D1,0,0,228,0,0
B6_D1,416,0,12,0,0
B4_D1,744,0,248,0,0
B2_D1,411,0,172,0,0
B6_D1,492,0,17,0,0
B2_D1,715,0,0,0,0
B10_D1,179,0,39,0,0
B6_D1,539,0,244,0,0
B6_D1,1002,0,431,0,0
G1_D1,592,0,191,0,0
B2_D1,426,0,41,0,0
G1_D1,56,0,40,0,0
B6_D1,343,0,479,0,0
B4_D1,680,0,56,0,0
B6_D1,597,0,388,0,0
G1_D1,802,0,493,0,0
B10_D1,170,0,244,0,0
B10_D1,268,0,98,0,0
G1_D1,939,0,288,0,0
G1_D1,59,0,14,0,0
B10_D1,296,0,201,0,0
B4_D1,487,0,372,0,0
B6_D1,660,0,42,0,0
B2_D1,169,0,122,0,0
B10_D1,243,0,47,0,0
B2_D1,910,0,135,0,0
B6_D1,529,0,343,0,0
G1_D1,628,0,235,0,0
B6_D1,596,0,45,0,0
B6_D1,625,0,387,0,0
B10_D1,367,0,254,0,0
B10_D1,406,0,122,0,0
B10_D1,199,0,232,0,0
B6_D1,893,0,443,0,0
B6_D1,430,0,493,0,0
B10_D1,344,0,95,0,0
B6_D1,311,0,201,0,0
B10_D1,579,0,156,0,0
B6_D1,358,0,498,0,0
B2_D1,842,0,16,0,0
B10_D1,144,0,45,0,0
B10_D1,128,0,130,0,0
B6_D1,419,0,349,0,0
B10_D1,987,0,24,0,0
B10_D1,721,0,7,0,0
G1_D1,334,0,56,0,0
G1_D1,724,0,105,0,0
B10_D1,96,0,476,0,0
B10_D1,208,0,292,0,0
B6_D1,836,0,54,0,0
B6_D1,387,0,59,0,0
B4_D1,552,0,199,0,0
G1_D1,337,0,437,0,0
B10_D1,210,0,15,0,0
G1_D1,1023,0,25,0,0
B10_D1,393,0,1,0,0
G1_D1,193,0,8,0,0
B6_D1,273,0,399,0,0
B2_D1,702,0,2,0,0
B4_D1,639,0,336,0,0
B6_D1,620,0,32,0,0
B6_D1,942,0,485,0,0
B4_D1,510,0,267,0,0
B8_D1,686,0,308,0,0
B6_D1,526,0,406,0,0
G1_D1,552,0,390,0,0
B6_D1,106,0,494,0,0
B10_D1,692,0,251,0,0
B6_D1,968,0,303,0,0
B10_D1,233,0,22,0,0
B2_D1,67,0,178,0,0
B10_D1,595,0,339,0,0
B6_D1,960,0,26,0,0
B10_D1,223,0,10,0,0
G1_D1,403,0,126,0,0
B6_D1,524,0,4,0,0
B10_D1,960,0,279,0,0
B10_D1,355,0,163,0,0
B4_D1,713,0,73,0,0
B10_D1,129,0,60,0,0
G1_D1,832,0,134,0,0
B6_D1,814,0,494,0,0
B4_D1,581,0,117,0,0
B6_D1,805,0,155,0,0
B8_D1,18,0,264,0,0
G1_D1,318,0,336,0,0
B6_D1,966,0,496,0,0
B8_D1,613,0,299,0,0
B10_D1,982,0,63,0,0
B10_D1,1020,0,79,0,0
B10_D1,631,0,464,0,0
B10_D1,780,0,8,0,0
B6_D1,120,0,36,0,0
B6_D1,164,0,23,0,0
B6_D1,664,0,15,0,0
B6_D1,188,0,24,0,0
G1_D1,970,0,380,0,0
B6_D1,834,0,497,0,0
B6_D1,994,0,169,0,0
G1_D1,923,0,442,0,0
B10_D1,410,0,254,0,0
B6_D1,616,0,17,0,0
B10_D1,83,0,509,0,0
B6_D1,972,0,78,0,0
B6_D1,444,0,427,0,0
B8_D1,620,0,233,0,0
B6_D1,830,0,127,0,0
B10_D1,1003,0,511,0,0
B6_D1,34,0,141,0,0
B10_D1,97,0,36,0,0
B6_D1,74,0,213,0,0
B6_D1,724,0,48,0,0
B6_D1,222,0,347,0,0
B10_D1,13,0,292,0,0
B2_D1,247,0,140,0,0
B10_D1,156,0,82,0,0
G1_D1,654,0,75,0,0
G1_D1,526,0,125,0,0
B10_D1,407,0,149,0,0
B10_D1,599,0,122,0,0
B10_D1,98,0,156,0,0
B6_D1,648,0,9,0,0
B6_D1,22,0,263,0,0
B6_D1,44,0,37,0,0
B6_D1,262,0,506,0,0
B6_D1,861,0,205,0,0
B6_D1,5,0,230,0,0
G1_D1,400,0,450,0,0
B6_D1,139,0,446,0,0
B10_D1,1010,0,37,0,0
G1_D1,752,0,54,0,0
B6_D1,5,0,300,0,0
B6_D1,535,0,325,0,0
B6_D1,176,0,113,0,0
B2_D1,940,0,25,0,0
G1_D1,199,0,454,0,0
B10_D1,835,0,384,0,0
B6_D1,767,0,273,0,0
B10_D1,669,0,277,0,0
B4_D1,176,0,26,0,0
B6_D1,541,0,269,0,0
G1_D1,156,0,308,0,0
B10_D1,204,0,218,0,0
B4_D1,595,0,60,0,0
B6_D1,912,0,17,0,0
B6_D1,741,0,266,0,0
B10_D1,4,0,108,0,0
B10_D1,682,0,249,0,0
G1_D1,945,0,242,0,0
B10_D1,389,0,114,0,0
B10_D1,685,0,21,0,0
B10_D1,15,0,232,0,0
B10_D1,231,0,37,0,0
B8_D1,408,0,195,0,0
B6_D1,829,0,56,0,0
B4_D1,666,0,158,0,0
B10_D1,443,0,276,0,0
G1_D1,493,0,128,0,0
B10_D1,293,0,268,0,0
B10_D1,43,0,143,0,0
B10_D1,124,0,453,0,0
B6_D1,412,0,10,0,0
B6_D1,620,0,26,0,0
B6_D1,985,0,420,0,0
G1_D1,26,0,131,0,0
G1_D1,729,0,122,0,0
B6_D1,809,0,457,0,0
B10_D1,64,0,27,0,0
B6_D1,190,0,408,0,0
B4_D1,7,0,413,0,0
B10_D1,809,0,385,0,0
B10_D1,460,0,101,0,0
B10_D1,110,0,498,0,0
B10_D1,876,0,208,0,0
G1_D1,83,0,501,0,0
G1_D1,222,0,127,0,0
B6_D1,62,0,499,0,0
B10_D1,792,0,41,0,0
B6_D1,125,0,451,0,0
B6_D1,214,0,506,0,0
B2_D1,689,0,510,0,0
B2_D1,809,0,363,0,0
B10_D1,196,0,58,0,0
B10_D1,395,0,278,0,0
B10_D1,1002,0,64,0,0
B6_D1,760,0,16,0,0
B10_D1,1021,0,471,0,0
B6_D1,995,0,271,0,0
B6_D1,918,0,505,0,0
B4_D1,603,0,363,0,0
B2_D1,707,0,43,0,0
B6_D1,684,0,0,0,0
B6_D1,702,0,107,0,0
B6_D1,571,0,265,0,0
G1_D1,1012,0,70,0,0
B10_D1,707,0,315,0,0
B10_D1,243,0,344,0,0
G1_D1,225,0,131,0,0
B6_D1,885,0,274,0,0
B6_D1,850,0,497,0,0
B6_D1,36,0,3,0,0
B6_D1,945,0,284,0,0
G1_D1,618,0,445,0,0
B10_D1,719,0,87,0,0
B10_D1,733,0,84,0,0
B10_D1,709,0,92,0,0
B10_D1,81,0,29,0,0
B6_D1,588,0,456,0,0
B4_D1,513,0,230,0,0
B6_D1,1018,0,479,0,0
B6_D1,199,0,78,0,0
B10_D1,836,0,243,0,0
B10_D1,718,0,165,0,0
B2_D1,885,0,45,0,0
B2_D1,424,0,4,0,0
B6_D1,120,0,29,0,0
B2_D1,141,0,448,0,0
B10_D1,565,0,324,0,0
B6_D1,67,0,163,0,0
B10_D1,828,0,100,0,0
B6_D1,1013,0,255,0,0
B10_D1,667,0,8,0,0
B10_D1,247,0,344,0,0
G1_D1,905,0,237,0,0
B6_D1,925,0,460,0,0
B4_D1,1000,0,219,0,0
B6_D1,518,0,350,0,0
B6_D1,592,0,11,0,0
G1_D1,270,0,25,0,0
G1_D1,477,0,124,0,0
B6_D1,458,0,511,0,0
B6_D1,485,0,172,0,0
B10_D1,76,0,294,0,0
B6_D1,538,0,438,0,0
B6_D1,867,0,481,0,0
B6_D1,668,0,29,0,0
B8_D1,118,0,214,0,0
B2_D1,552,0,161,0,0
B6_D1,78,0,91,0,0
B6_D1,960,0,350,0,0
G1_D1,989,0,301,0,0
B4_D1,851,0,239,0,0
B2_D1,511,0,158,0,0
G1_D1,535,0,232,0,0
B6_D1,10,0,495,0,0
B6_D1,972,0,396,0,0
B10_D1,951,0,0,0,0
B10_D1,70,0,460,0,0
B10_D1,205,0,185,0,0
B10_D1,242,0,341,0,0
B10_D1,481,0,280,0,0
B10_D1,763,0,99,0,0
B6_D1,144,0,25,0,0
B6_D1,79,0,375,0,0
B6_D1,694,0,206,0,0
B10_D1,181,0,30,0,0
B6_D1,46,0,199,0,0
G1_D1,58,0,105,0,0
B4_D1,554,0,387,0,0
B6_D1,44,0,191,0,0
B10_D1,955,0,255,0,0
B6_D1,52,0,468,0,0
G1_D1,862,0,440,0,0
G1_D1,746,0,262,0,0
B6_D1,561,0,263,0,0
B8_D1,108,0,271,0,0
G1_D1,518,0,55,0,0
G1_D1,177,0,342,0,0
B6_D1,976,0,308,0,0
G1_D1,646,0,272,0,0
B6_D1,949,0,58,0,0
B10_D1,598,0,415,0,0
B2_D1,709,0,223,0,0
B2_D1,1,0,459,0,0
B10_D1,388,0,6,0,0
B6_D1,964,0,12,0,0
B6_D1,724,0,30,0,0
B6_D1,922,0,272,0,0
B4_D1,1021,0,325,0,0
B10_D1,38,0,257,0,0
B10_D1,24,0,255,0,0
B10_D1,518,0,313,0,0
G1_D1,757,0,156,0,0
G1_D1,1011,0,132,0,0
G1_D1,36,0,91,0,0
B6_D1,784,0,245,0,0
B10_D1,317,0,173,0,0
B10_D1,828,0,406,0,0
B6_D1,65,0,288,0,0
B6_D1,853,0,309,0,0
B10_D1,644,0,452,0,0
B10_D1,625,0,362,0,0
G1_D1,936,0,0,0,0
B6_D1,176,0,56,0,0
G1_D1,28,0,148,0,0
B6_D1,625,0,312,0,0
B10_D1,611,0,110,0,0
B10_D1,138,0,304,0,0
B6_D1,428,0,229,0,0
G1_D1,471,0,113,0,0
B10_D1,108,0,409,0,0
G1_D1,80,0,166,0,0
B10_D1,495,0,496,0,0
B6_D1,768,0,433,0,0
B6_D1,809,0,211,0,0
B6_D1,146,0,121,0,0
B10_D1,920,0,323,0,0
B4_D1,447,0,239,0,0
B6_D1,659,0,103,0,0
B10_D1,364,0,115,0,0
G1_D1,222,0,138,0,0
G1_D1,178,0,240,0,0
G1_D1,971,0,53,0,0
B6_D1,974,0,137,0,0
B6_D1,962,0,485,0,0
G1_D1,20,0,343,0,0
B10_D1,540,0,226,0,0
B6_D1,396,0,386,0,0
B6_D1,84,0,126,0,0
B6_D1,701,0,50,0,0
B6_D1,549,0,446,0,0
B6_D1,990,0,511,0,0
B10_D1,612,0,344,0,0
B4_D1,111,0,322,0,0
B4_D1,43,0,1,0,0
B6_D1,878,0,245,0,0
B6_D1,340,0,339,0,0
B10_D1,28,0,6,0,0
B6_D1,583,0,122,0,0
B6_D1,840,0,264,0,0
G1_D1,550,0,147,0,0
B6_D1,20,0,371,0,0
B6_D1,588,0,48,0,0
B10_D1,580,0,289,0,0
B10_D1,339,0,267,0,0
G1_D1,883,0,16,0,0
B2_D1,990,0,511,0,0
B6_D1,248,0,455,0,0
B4_D1,668,0,262,0,0
B8_D1,22,0,3,0,0
B4_D1,305,0,221,0,0
B6_D1,607,0,296,0,0
B6_D1,656,0,9,0,0
G1_D1,190,0,9,0,0
B10_D1,800,0,176,0,0
B4_D1,582,0,286,0,0
B10_D1,701,0,266,0,0
G1_D1,172,0,160,0,0
B8_D1,64,0,236,0,0
G1_D1,871,0,16,0,0
B6_D1,988,0,32,0,0
B10_D1,19,0,84,0,0
B10_D1,998,0,299,0,0
B6_D1,605,0,331,0,0
B10_D1,13,0,179,0,0
B10_D1,867,0,90,0,0
B6_D1,276,0,269,0,0
B10_D1,494,0,230,0,0
B6_D1,882,0,236,0,0
B4_D1,692,0,68,0,0
B10_D1,483,0,174,0,0
G1_D1,519,0,268,0,0
B10_D1,248,0,155,0,0
G1_D1,1001,0,84,0,0
B10_D1,235,0,357,0,0
B10_D1,762,0,106,0,0
B6_D1,966,0,80,0,0
B6_D1,305,0,347,0,0
B10_D1,184,0,51,0,0
B4_D1,88,0,27,0,0
B6_D1,404,0,49,0,0
B6_D1,594,0,266,0,0
B10_D1,476,0,81,0,0
B6_D1,62,0,171,0,0
G1_D1,842,0,300,0,0
B6_D1,504,0,1,0,0
B10_D1,921,0,79,0,0
B10_D1,905,0,436,0,0
B6_D1,451,0,355,0,0
B10_D1,465,0,63,0,0
B10_D1,21,0,80,0,0
B6_D1,999,0,89,0,0
B6_D1,274,0,483,0,0
B10_D1,326,0,17,0,0
B10_D1,909,0,145,0,0
B6_D1,668,0,33,0,0
B6_D1,955,0,178,0,0
B2_D1,541,0,483,0,0
B10_D1,407,0,111,0,0
B8_D1,712,0,311,0,0
B6_D1,226,0,129,0,0
B4_D1,97,0,131,0,0
B4_D1,987,0,46,0,0
B10_D1,259,0,49,0,0
B6_D1,170,0,497,0,0
B6_D1,947,0,230,0,0
B4_D1,754,0,239,0,0
B4_D1,296,0,276,0,0
G1_D1,40,0,178,0,0
G1_D1,667,0,254,0,0
G1_D1,3,0,504,0,0
B4_D1,666,0,258,0,0
B10_D1,423,0,504,0,0
B4_D1,94,0,303,0,0
B6_D1,11,0,399,0,0
B6_D1,702,0,509,0,0
B10_D1,711,0,124,0,0
B2_D1,737,0,41,0,0
B4_D1,692,0,264,0,0
B6_D1,591,0,431,0,0
B6_D1,780,0,305,0,0
B6_D1,842,0,505,0,0
B6_D1,362,0,485,0,0
B6_D1,26,0,324,0,0
B10_D1,609,0,123,0,0
B10_D1,770,0,54,0,0
G1_D1,274,0,56,0,0
B6_D1,647,0,458,0,0
B10_D1,1018,0,17,0,0
B10_D1,20,0,6,0,0
B6_D1,172,0,367,0,0
B6_D1,558,0,496,0,0
B6_D1,900,0,92,0,0
B10_D1,544,0,29,0,0
B10_D1,142,0,304,0,0
G1_D1,785,0,300,0,0
B10_D1,476,0,483,0,0
B10_D1,644,0,246,0,0
G1_D1,108,0,286,0,0
B6_D1,256,0,295,0,0
B6_D1,767,0,317,0,0
B2_D1,991,0,105,0,0
B4_D1,626,0,27,0,0
B10_D1,373,0,55,0,0
B6_D1,118,0,448,0,0
B6_D1,567,0,349,0,0
G1_D1,138,0,18,0,0
B6_D1,123,0,404,0,0
B6_D1,856,0,146,0,0
B10_D1,1006,0,477,0,0
B6_D1,374,0,371,0,0
B6_D1,756,0,373,0,0
B10_D1,626,0,47,0,0
B4_D1,998,0,243,0,0
B6_D1,1000,0,19,0,0
B10_D1,644,0,26,0,0
G1_D1,952,0,18,0,0
B6_D1,150,0,182,0,0
B10_D1,697,0,321,0,0
B10_D1,468,0,257,0,0
G1_D1,476,0,47,0,0
B6_D1,226,0,316,0,0
G1_D1,631,0,205,0,0
B6_D1,907,0,140,0,0
B6_D1,867,0,475,0,0
B6_D1,971,0,127,0,0
B6_D1,847,0,307,0,0
B6_D1,404,0,25,0,0
B6_D1,234,0,111,0,0
B2_D1,526,0,160,0,0
G1_D1,8,0,311,0,0
G1_D1,1013,0,150,0,0
B10_D1,723,0,101,0,0
B6_D1,338,0,496,0,0
G1_D1,981,0,107,0,0
B6_D1,200,0,30,0,0
B10_D1,686,0,279,0,0
B10_D1,211,0,150,0,0
B10_D1,402,0,109,0,0
B6_D1,792,0,97,0,0
B6_D1,970,0,503,0,0
B4_D1,73,0,318,0,0
B6_D1,632,0,26,0,0
B10_D1,818,0,314,0,0
G1_D1,149,0,105,0,0
B10_D1,683,0,27,0,0
G1_D1,16,0,101,0,0
B10_D1,89,0,171,0,0
B6_D1,866,0,337,0,0
B6_D1,320,0,6,0,0
B10_D1,336,0,149,0,0
G1_D1,1021,0,321,0,0
B10_D1,146,0,111,0,0
B6_D1,507,0,481,0,0
B6_D1,482,0,455,0,0
B6_D1,334,0,225,0,0
B10_D1,44,0,83,0,0
B6_D1,70,0,160,0,0
B6_D1,1,0,259,0,0
G1_D1,309,0,12,0,0
B6_D1,560,0,5,0,0
G1_D1,489,0,73,0,0
B10_D1,268,0,44,0,0
B10_D1,215,0,21,0,0
B10_D1,289,0,18,0,0
B6_D1,679,0,417,0,0
B6_D1,245,0,447,0,0
B10_D1,316,0,266,0,0
B10_D1,344,0,484,0,0
B6_D1,394,0,485,0,0
B10_D1,897,0,256,0,0
B8_D1,750,0,243,0,0
G1_D1,100,0,11,0,0
G1_D1,106,0,115,0,0
G1_D1,148,0,108,0,0
B6_D1,682,0,508,0,0
G1_D1,606,0,5,0,0
B10_D1,879,0,505,0,0
B6_D1,191,0,381,0,0
G1_D1,897,0,29,0,0
B10_D1,59,0,456,0,0
B10_D1,693,0,33,0,0
B6_D1,489,0,231,0,0
B6_D1,742,0,502,0,0
B10_D1,640,0,145,0,0
B2_D1,206,0,511,0,0
G1_D1,244,0,63,0,0
G1_D1,784,0,306,0,0
G1_D1,1017,0,65,0,0
B8_D1,221,0,79,0,0
B4_D1,787,0,13,0,0
B6_D1,204,0,470,0,0
G1_D1,751,0,341,0,0
B6_D1,636,0,221,0,0
G1_D1,312,0,386,0,0
B6_D1,382,0,484,0,0
B6_D1,146,0,207,0,0
B10_D1,416,0,233,0,0
B6_D1,702,0,505,0,0
B10_D1,634,0,310,0,0
B10_D1,938,0,84,0,0
B6_D1,844,0,35,0,0
B6_D1,446,0,495,0,0
B6_D1,8,0,123,0,0
B6_D1,206,0,329,0,0
B6_D1,242,0,194,0,0
B10_D1,986,0,55,0,0
B6_D1,147,0,456,0,0
B6_D1,966,0,445,0,0
B6_D1,714,0,431,0,0
B6_D1,383,0,317,0,0
B4_D1,562,0,182,0,0
B6_D1,42,0,263,0,0
B10_D1,364,0,232,0,0
B4_D1,418,0,392,0,0
B10_D1,576,0,5,0,0
G1_D1,520,0,1,0,0
G1_D1,94,0,22,0,0
B10_D1,713,0,262,0,0
B6_D1,932,0,128,0,0
B6_D1,804,0,18,0,0
G1_D1,25,0,233,0,0
B10_D1,357,0,38,0,0
G1_D1,927,0,22,0,0
B10_D1,178,0,14,0,0
B10_D1,562,0,503,0,0
B4_D1,335,0,342,0,0
B6_D1,850,0,200,0,0
B6_D1,63,0,388,0,0
B10_D1,280,0,152,0,0
B10_D1,528,0,160,0,0
G1_D1,150,0,301,0,0
B10_D1,452,0,506,0,0
B4_D1,991,0,14,0,0
B6_D1,988,0,3,0,0
B6_D1,608,0,351,0,0
B6_D1,464,0,27,0,0
B6_D1,421,0,173,0,0
B6_D1,152,0,233,0,0
B6_D1,820,0,50,0,0
G1_D1,18,0,348,0,0
G1_D1,147,0,498,0,0
B10_D1,239,0,316,0,0
G1_D1,555,0,70,0,0
B4_D1,203,0,27,0,0
G1_D1,751,0,15,0,0
B6_D1,361,0,212,0,0
B6_D1,294,0,320,0,0
B10_D1,115,0,83,0,0
B6_D1,782,0,313,0,0
B6_D1,544,0,363,0,0
B6_D1,20,0,18,0,0
B4_D1,170,0,282,0,0
B6_D1,376,0,25,0,0
B2_D1,707,0,181,0,0
B4_D1,691,0,251,0,0
B6_D1,443,0,98,0,0
B6_D1,150,0,509,0,0
B8_D1,169,0,115,0,0
B6_D1,116,0,293,0,0
B10_D1,640,0,97,0,0
B6_D1,67,0,411,0,0
B10_D1,394,0,419,0,0
B10_D1,639,0,40,0,0
G1_D1,228,0,235,0,0
B2_D1,794,0,32,0,0
B6_D1,858,0,175,0,0
B10_D1,420,0,161,0,0
G1_D1,936,0,104,0,0
B10_D1,68,0,320,0,0
G1_D1,32,0,207,0,0
B6_D1,892,0,474,0,0
G1_D1,1004,0,215,0,0
B6_D1,226,0,478,0,0
B10_D1,623,0,85,0,0
B6_D1,139,0,269,0,0
B10_D1,899,0,240,0,0
B10_D1,115,0,223,0,0
B10_D1,636,0,65,0,0
G1_D1,395,0,10,0,0
G1_D1,368,0,458,0,0
B6_D1,250,0,424,0,0
G1_D1,903,0,89,0,0
B10_D1,104,0,331,0,0
B10_D1,509,0,215,0,0
B6_D1,532,0,20,0,0
B10_D1,460,0,67,0,0
B6_D1,75,0,402,0,0
B6_D1,901,0,366,0,-1
B10_D1,479,0,38,0,0
B6_D1,284,0,0,0,0
G1_D1,798,0,17,0,0
B6_D1,1018,0,489,0,0
B4_D1,222,0,120,0,0
B6_D1,84,0,23,0,0
B4_D1,895,0,84,0,0
B6_D1,896,0,159,0,0
B10_D1,199,0,252,0,0
B4_D1,552,0,403,0,0
G1_D1,151,0,377,0,0
B6_D1,924,0,2,0,0
B10_D1,228,0,6,0,0
B6_D1,668,0,50,0,0
B10_D1,62,0,156,0,0
G1_D1,88,0,1,0,0
G1_D1,791,0,214,0,0
B10_D1,786,0,82,0,0
G1_D1,149,0,8,0,0
G1_D1,589,0,278,0,0
B6_D1,835,0,133,0,0
G1_D1,77,0,399,0,0
B10_D1,106,0,497,0,0
B10_D1,1021,0,53,0,0
G1_D1,860,0,446,0,0
B4_D1,583,0,301,0,0
B4_D1,735,0,320,0,0
B10_D1,400,0,410,0,0
B2_D1,764,0,36,0,0
B6_D1,734,0,491,0,0
B10_D1,483,0,242,0,0
B6_D1,669,0,341,0,0
B6_D1,0,0,411,0,0
B10_D1,42,0,174,0,0
B10_D1,68,0,459,0,0
B8_D1,765,0,217,0,0
G1_D1,999,0,53,0,0
B10_D1,307,0,3,0,0
G1_D1,228,0,182,0,0
G1_D1,689,0,76,0,0
B2_D1,549,0,41,0,0
G1_D1,1013,0,80,0,0
G1_D1,1020,0,412,0,0
B10_D1,1022,0,104,0,0
B6_D1,117,0,261,0,0
B10_D1,60,0,39,0,0
B4_D1,512,0,151,0,0
B10_D1,151,0,293,0,0
B6_D1,440,0,10,0,0
G1_D1,804,0,264,0,0
B8_D1,417,0,281,0,0
B6_D1,910,0,286,0,0
B10_D1,56,0,28,0,0
B10_D1,112,0,290,0,0
B10_D1,438,0,273,0,0
B6_D1,794,0,91,0,0
B6_D1,568,0,44,0,0
B6_D1,447,0,68,0,0
G1_D1,991,0,182,0,0
B6_D1,104,0,11,0,0
B6_D1,987,0,441,0,0
B4_D1,2,0,373,0,0
B6_D1,63,0,116,0,0
B6_D1,320,0,38,0,0
B6_D1,206,0,499,0,0
G1_D1,892,0,45,0,0
G1_D1,22,0,114,0,0
G1_D1,469,0,84,0,0
G1_D1,978,0,212,0,0
G1_D1,220,0,1,0,0
B10_D1,741,0,2,0,0
B4_D1,775,0,218,0,0
B6_D1,420,0,268,0,0
B4_D1,471,0,201,0,0
B10_D1,497,0,243,0,0
B6_D1,854,0,131,0,0
B10_D1,187,0,39,0,0
B4_D1,138,0,361,0,0
G1_D1,770,0,17,0,0
G1_D1,88,0,305,0,0
B2_D1,422,0,476,0,0
B10_D1,808,0,271,0,0
G1_D1,337,0,480,0,0
B10_D1,1,0,97,0,0
B6_D1,828,0,6,0,0
B10_D1,329,0,128,0,0
G1_D1,371,0,468,0,0
G1_D1,30,0,485,0,0
B4_D1,32,0,19,0,0
B10_D1,749,0,273,0,0
B4_D1,467,0,134,0,0
B6_D1,295,0,333,0,0
B6_D1,274,0,493,0,0
G1_D1,822,0,240,0,0
G1_D1,29,0,19,0,0
G1_D1,797,0,23,0,0
G1_D1,77,0,502,0,0
G1_D1,724,0,324,0,0
B4_D1,554,0,98,0,0
B6_D1,649,0,451,0,0
G1_D1,15,0,336,0,0
B6_D1,798,0,506,0,0
B10_D1,801,0,387,0,0
B6_D1,568,0,264,0,0
B10_D1,744,0,465,0,0
B6_D1,73,0,96,0,0
B10_D1,962,0,55,0,0
B6_D1,540,0,320,0,0
B8_D1,408,0,282,0,0
B2_D1,1023,0,339,0,0
G1_D1,980,0,11,0,0
B6_D1,787,0,153,0,0
G1_D1,652,0,301,0,0
B6_D1,966,0,351,0,0
B8_D1,968,0,243,0,0
B6_D1,426,0,175,0,0
B2_D1,491,0,125,0,0
B6_D1,788,0,28,0,0
B4_D1,750,0,289,0,0
B6_D1,851,0,481,0,0
G1_D1,698,0,508,0,0
B6_D1,37,0,409,0,0
B4_D1,0,0,485,0,0
B10_D1,334,0,17,0,0
B4_D1,1023,0,226,0,0
G1_D1,1006,0,119,0,0
B10_D1,128,0,273,0,0
G1_D1,997,0,170,0,0
G1_D1,595,0,220,0,0
G1_D1,223,0,2,0,0
B2_D1,678,0,224,0,0
B10_D1,231,0,244,0,0
B10_D1,646,0,100,0,0
G1_D1,46,0,105,0,0
B10_D1,374,0,185,0,0
B6_D1,694,0,510,0,0
G1_D1,839,0,244,0,0
B10_D1,903,0,390,0,0
B10_D1,603,0,38,0,0
B6_D1,675,0,303,0,0
G1_D1,757,0,312,0,0
B2_D1,628,0,46,0,0
B6_D1,658,0,348,0,0
B10_D1,6,0,242,0,0
B4_D1,167,0,279,0,0
B2_D1,242,0,48,0,0
G1_D1,766,0,95,0,0
B2_D1,765,0,52,0,0
B2_D1,705,0,45,0,0
B10_D1,340,0,226,0,0
B10_D1,999,0,5,0,0
B2_D1,747,0,86,0,0
B6_D1,306,0,187,0,0
B10_D1,704,0,5,0,0
B6_D1,185,0,274,0,0
B6_D1,123,0,326,0,0
B10_D1,102,0,269,0,0
B10_D1,124,0,130,0,0
G1_D1,152,0,316,0,0
B6_D1,636,0,37,0,0
B10_D1,553,0,262,0,0
B6_D1,304,0,377,0,0
G1_D1,801,0,212,0,0
B10_D1,960,0,259,0,0
B6_D1,146,0,497,0,0
G1_D1,620,0,235,0,0
G1_D1,352,0,50,0,0
G1_D1,514,0,510,0,0
B6_D1,834,0,52,0,0
B6_D1,540,0,22,0,0
B8_D1,9,0,216,0,0
B10_D1,365,0,279,0,0
B8_D1,45,0,328,0,0
B2_D1,305,0,123,0,0
B6_D1,82,0,492,0,0
B6_D1,670,0,497,0,0
B6_D1,448,0,282,0,0
B4_D1,332,0,318,0,0
B10_D1,740,0,350,0,0
G1_D1,162,0,22,0,0
B6_D1,381,0,278,0,0
B6_D1,645,0,480,0,0
G1_D1,687,0,172,0,0
B6_D1,411,0,165,0,0
B2_D1,510,0,108,0,0
B2_D1,154,0,223,0,0
B6_D1,532,0,43,0,0
B10_D1,579,0,480,0,0
B10_D1,329,0,78,0,0
B2_D1,774,0,511,0,0
B2_D1,278,0,60,0,0
B10_D1,972,0,50,0,0
B6_D1,374,0,495,0,0
B10_D1,1009,0,71,0,0
B10_D1,15,0,209,0,0
B6_D1,406,0,506,0,0
B6_D1,936,0,117,0,0
B6_D1,107,0,253,0,0
G1_D1,386,0,20,0,0
B10_D1,510,0,409,0,0
B6_D1,294,0,267,0,0
B6_D1,940,0,197,0,0
B2_D1,970,0,511,0,0
G1_D1,100,0,281,0,0
B6_D1,821,0,335,0,0
B8_D1,297,0,187,0,0
G1_D1,989,0,12,0,0
B10_D1,698,0,116,0,0
B6_D1,486,0,507,0,0
G1_D1,195,0,504,0,0
B6_D1,131,0,327,0,0
G1_D1,217,0,325,0,0
G1_D1,33,0,185,0,0
B6_D1,712,0,21,0,0
B10_D1,672,0,67,0,0
B6_D1,780,0,25,0,0
B6_D1,243,0,334,0,0
B6_D1,136,0,409,0,0
B6_D1,749,0,287,0,0
G1_D1,905,0,12,0,0
B10_D1,434,0,13,0,0
B4_D1,826,0,85,0,0
B10_D1,352,0,225,0,0
G1_D1,882,0,215,0,0
B10_D1,174,0,361,0,0
B4_D1,540,0,181,0,0
B4_D1,372,0,379,0,0
B10_D1,254,0,51,0,0
B6_D1,235,0,167,0,0
B6_D1,643,0,361,0,0
B10_D1,239,0,319,0,0
B10_D1,178,0,449,0,0
B2_D1,676,0,22,0,0
B4_D1,2,0,375,0,0
G1_D1,49,0,136,0,0
B4_D1,597,0,302,0,0
B6_D1,60,0,158,0,0
B6_D1,313,0,476,0,0
B2_D1,867,0,70,0,0
B10_D1,338,0,195,0,0
G1_D1,384,0,227,0,0
G1_D1,816,0,318,0,0
B6_D1,1008,0,26,0,0
B6_D1,197,0,363,0,0
B6_D1,332,0,14,0,0
B4_D1,603,0,64,0,0
B6_D1,796,0,22,0,0
B6_D1,620,0,0,0,0
G1_D1,707,0,168,0,0
G1_D1,531,0,106,0,0
B10_D1,936,0,365,0,0
B10_D1,1022,0,423,0,0
B4_D1,678,0,267,0,0
G1_D1,45,0,107,0,0
B2_D1,368,0,205,0,0
B2_D1,737,0,264,0,0
B10_D1,542,0,137,0,0
B6_D1,1013,0,298,0,0
B10_D1,239,0,296,0,0
B10_D1,233,0,322,0,0
B10_D1,351,0,178,0,0
B10_D1,406,0,344,0,0
B4_D1,298,0,65,0,0
B8_D1,839,0,303,0,0
B4_D1,296,0,214,0,0
B6_D1,251,0,117,0,0
B10_D1,144,0,48,0,0
B6_D1,322,0,432,0,0
B6_D1,850,0,508,0,0
B10_D1,636,0,410,0,0
B4_D1,1,0,33,0,0
B6_D1,689,0,214,0,0
B6_D1,58,0,268,0,0
B6_D1,63,0,95,0,0
B10_D1,207,0,236,0,0
B8_D1,1016,0,255,0,0
G1_D1,335,0,400,0,0
B10_D1,1005,0,48,0,0
B6_D1,136,0,28,0,0
B4_D1,450,0,374,0,0
B8_D1,164,0,341,0,0
B10_D1,690,0,120,0,0
G1_D1,309,0,54,0,0
G1_D1,73,0,59,0,0
B10_D1,247,0,41,0,0
B6_D1,86,0,490,0,0
B10_D1,609,0,187,0,0
G1_D1,993,0,192,0,0
B6_D1,674,0,490,0,0
B10_D1,391,0,50,0,0
B6_D1,490,0,508,0,0
B6_D1,691,0,228,0,0
G1_D1,407,0,130,0,0
B6_D1,138,0,484,0,0
B6_D1,508,0,183,0,0
B10_D1,317,0,418,0,0
G1_D1,54,0,128,0,0
B10_D1,556,0,410,0,0
B2_D1,714,0,496,0,0
B10_D1,102,0,310,0,0
B10_D1,264,0,233,0,0
B4_D1,717,0,58,0,0
B6_D1,868,0,332,0,0
B10_D1,666,0,139,0,0
B4_D1,264,0,208,0,0
B10_D1,437,0,292,0,0
B6_D1,858,0,66,0,0
B2_D1,1,0,52,0,0
B6_D1,1022,0,488,0,0
G1_D1,432,0,127,0,0
B6_D1,188,0,46,0,0
B10_D1,866,0,88,0,0
B10_D1,477,0,63,0,0
B6_D1,278,0,483,0,0
B6_D1,856,0,149,0,0
B10_D1,647,0,486,0,0
B10_D1,295,0,65,0,0
B2_D1,801,0,44,0,0
B2_D1,835,0,271,0,0
B2_D1,657,0,19,0,0
B6_D1,12,0,23,0,0
B2_D1,854,0,123,0,0
B10_D1,982,0,205,0,0
B6_D1,100,0,5,0,0
B2_D1,785,0,284,0,0
B6_D1,128,0,6,0,0
B10_D1,283,0,305,0,0
G1_D1,215,0,126,0,0
B6_D1,11,0,57,0,0
G1_D1,1016,0,49,0,0
G1_D1,377,0,19,0,0
B10_D1,879,0,346,0,0
B6_D1,774,0,504,0,0
B10_D1,1009,0,475,0,0
B6_D1,740,0,19,0,0
B6_D1,1004,0,0,0,0
G1_D1,847,0,6,0,0
G1_D1,980,0,122,0,0
B6_D1,200,0,46,0,0
B4_D1,68,0,312,0,0
B10_D1,298,0,144,0,0
G1_D1,951,0,326,0,0
B6_D1,228,0,38,0,0
B4_D1,477,0,200,0,0
B6_D1,60,0,45,0,0
B4_D1,703,0,251,0,0
B6_D1,76,0,17,0,0
B6_D1,46,0,324,0,0
B10_D1,672,0,252,0,0
B6_D1,318,0,401,0,0
B10_D1,712,0,432,0,0
B6_D1,190,0,146,0,0
B10_D1,6,0,36,0,0
B6_D1,860,0,16,0,0
B6_D1,826,0,107,0,0
G1_D1,157,0,275,0,0
B10_D1,642,0,474,0,0
G1_D1,65,0,290,0,0
B10_D1,682,0,242,0,0
B6_D1,924,0,39,0,0
B4_D1,1019,0,95,0,0
B6_D1,851,0,203,0,0
B6_D1,764,0,15,0,0
B4_D1,599,0,193,0,0
G1_D1,105,0,51,0,0
G1_D1,493,0,486,0,0
B10_D1,722,0,120,0,0
B6_D1,663,0,186,0,0
B10_D1,583,0,46,0,0
B6_D1,395,0,216,0,0
G1_D1,689,0,106,0,0
G1_D1,470,0,50,0,0
B6_D1,406,0,277,0,0
B6_D1,828,0,2,0,0
B4_D1,475,0,130,0,0
B4_D1,575,0,201,0,0
B6_D1,611,0,357,0,0
B6_D1,803,0,199,0,0
B6_D1,104,0,24,0,0
B10_D1,927,0,0,0,0
G1_D1,11,0,170,0,0
G1_D1,278,0,242,0,0
G1_D1,491,0,311,0,0
B2_D1,861,0,196,0,0
B4_D1,92,0,27,0,0
B10_D1,505,0,47,0,0
G1_D1,26,0,186,0,0
B6_D1,571,0,236,0,0
B4_D1,792,0,255,0,0
G1_D1,30,0,269,0,0
B4_D1,561,0,398,0,0
B10_D1,784,0,95,0,0
B6_D1,761,0,406,0,0
B10_D1,403,0,205,0,0
B6_D1,408,0,12,0,0
B10_D1,428,0,347,0,0
B10_D1,15,0,300,0,0
B10_D1,274,0,177,0,0
B10_D1,375,0,504,0,0
B6_D1,801,0,335,0,0
B6_D1,348,0,168,0,0
B6_D1,252,0,168,0,0
G1_D1,916,0,309,0,0
B10_D1,166,0,439,0,0
B6_D1,716,0,106,0,0
B6_D1,12,0,8,0,0
B6_D1,1,0,149,0,0
B4_D1,63,0,16,0,0
B4_D1,246,0,168,0,0
B10_D1,815,0,90,0,0
B10_D1,270,0,120,0,0
B10_D1,698,0,447,0,0
G1_D1,764,0,18,0,0
B6_D1,86,0,129,0,0
B10_D1,643,0,178,0,0
B10_D1,169,0,202,0,0
B6_D1,963,0,305,0,0
B10_D1,90,0,202,0,0
G1_D1,882,0,216,0,0
B10_D1,291,0,173,0,0
G1_D1,345,0,12,0,0
B6_D1,710,0,346,0,0
B10_D1,290,0,55,0,0
B6_D1,71,0,144,0,0
B6_D1,484,0,37,0,0
B4_D1,123,0,167,0,0
G1_D1,36,0,142,0,0
B10_D1,922,0,321,0,0
G1_D1,887,0,27,0,0
B10_D1,22,0,217,0,0
G1_D1,26,0,166,0,0
B4_D1,46,0,0,0,0
B10_D1,281,0,240,0,0
G1_D1,922,0,106,0,0
B6_D1,28,0,41,0,0
B6_D1,963,0,230,0,0
B10_D1,660,0,382,0,0
B6_D1,88,0,36,0,0
B10_D1,307,0,455,0,0
G1_D1,42,0,273,0,0
B10_D1,660,0,247,0,0
B6_D1,217,0,84,0,0
B10_D1,448,0,157,0,0
B8_D1,32,0,194,0,0
G1_D1,84,0,97,0,0
G1_D1,108,0,101,0,0
G1_D1,809,0,105,0,0
B2_D1,452,0,371,0,0
G1_D1,949,0,38,0,0
G1_D1,866,0,300,0,0
B6_D1,838,0,424,0,0
B6_D1,457,0,386,0,0
B10_D1,14,0,299,0,0
B10_D1,718,0,249,0,0
B6_D1,570,0,177,0,0
B10_D1,413,0,17,0,0
B6_D1,848,0,25,0,0
G1_D1,687,0,268,0,0
B10_D1,605,0,487,0,0
G1_D1,606,0,248,0,0
G1_D1,763,0,463,0,0
B8_D1,783,0,312,0,0
B10_D1,708,0,263,0,0
B6_D1,724,0,32,0,0
B10_D1,639,0,174,0,0
G1_D1,504,0,219,0,0
G1_D1,34,0,53,0,0
G1_D1,721,0,270,0,0
B6_D1,192,0,51,0,0
G1_D1,174,0,341,0,0
B6_D1,18,0,209,0,0
B6_D1,94,0,490,0,0
B6_D1,526,0,130,0,0
B10_D1,794,0,230,0,0
G1_D1,802,0,422,0,0
G1_D1,408,0,271,0,0
B10_D1,698,0,198,0,0
B10_D1,1020,0,153,0,0
B10_D1,34,0,113,0,0
B2_D1,469,0,40,0,0
B10_D1,489,0,76,0,0
G1_D1,609,0,187,0,0
B6_D1,964,0,137,0,0
B10_D1,258,0,353,0,0
B6_D1,905,0,209,0,0
B6_D1,207,0,55,0,0
B6_D1,952,0,7,0,0
B6_D1,678,0,497,0,0
B6_D1,596,0,7,0,0
G1_D1,236,0,120,0,0
B6_D1,656,0,48,0,0
B6_D1,635,0,373,0,0
B6_D1,876,0,0,0,0
B6_D1,942,0,59,0,0
B10_D1,440,0,295,0,0
B10_D1,120,0,371,0,0
B6_D1,450,0,503,0,0
B10_D1,600,0,40,0,0
B6_D1,317,0,81,0,0
B10_D1,906,0,26,0,0
G1_D1,253,0,275,0,0
G1_D1,71,0,2,0,0
B4_D1,757,0,211,0,0
G1_D1,307,0,184,0,0
B10_D1,662,0,93,0,0
B4_D1,602,0,192,0,0
B10_D1,639,0,276,0,0
B4_D1,471,0,285,0,0
B6_D1,761,0,72,0,0
B6_D1,696,0,11,0,0
B8_D1,879,0,235,0,0
G1_D1,81,0,319,0,0
B10_D1,666,0,242,0,0
B6_D1,596,0,375,0,0
G1_D1,457,0,19,0,0
B4_D1,690,0,253,0,0
B10_D1,648,0,456,0,0
G1_D1,794,0,17,0,0
B8_D1,819,0,226,0,0
B10_D1,3,0,88,0,0
B6_D1,438,0,508,0,0
B10_D1,900,0,39,0,0
B2_D1,662,0,224,0,0
B6_D1,104,0,189,0,0
B6_D1,880,0,15,0,0
B10_D1,169,0,268,0,0
B10_D1,109,0,511,0,0
G1_D1,54,0,13,0,0
B6_D1,646,0,380,0,0
B6_D1,710,0,487,0,0
B4_D1,1021,0,219,0,0
B4_D1,24,0,0,0,0
B2_D1,577,0,41,0,0
B10_D1,533,0,41,0,0
B6_D1,38,0,259,0,0
B6_D1,801,0,304,0,0
G1_D1,1009,0,261,0,0
G1_D1,536,0,223,0,0
B2_D1,858,0,83,0,0
B6_D1,655,0,276,0,0
B6_D1,725,0,276,0,0
B10_D1,835,0,238,0,0
B6_D1,15,0,135,0,0
G1_D1,64,0,55,0,0
B10_D1,36,0,81,0,0
B10_D1,163,0,176,0,0
B4_D1,86,0,32,0,0
B10_D1,775,0,46,0,0
B6_D1,715,0,254,0,0
B6_D1,906,0,461,0,0
B6_D1,936,0,235,0,0
B8_D1,1022,0,15,0,0
B8_D1,693,0,186,0,0
B10_D1,404,0,158,0,0
G1_D1,289,0,37,0,0
B6_D1,851,0,360,0,0
B10_D1,519,0,33,0,0
B6_D1,5,0,391,0,0
B10_D1,223,0,36,0,0
B10_D1,235,0,63,0,0
B10_D1,101,0,116,0,0
G1_D1,816,0,217,0,0
B2_D1,961,0,58,0,0
B10_D1,728,0,8,0,0
B6_D1,567,0,55,0,0
B10_D1,610,0,209,0,0
B10_D1,340,0,269,0,0
B4_D1,184,0,271,0,0
B10_D1,745,0,163,0,0
B10_D1,192,0,188,0,0
G1_D1,713,0,279,0,0
G1_D1,713,0,362,0,0
B8_D1,131,0,75,0,0
B4_D1,773,0,80,0,0
G1_D1,767,0,10,0,0
G1_D1,616,0,46,0,0
B10_D1,753,0,269,0,0
B10_D1,228,0,285,0,0
B4_D1,75,0,82,0,0
B6_D1,148,0,9,0,0
B6_D1,293,0,72,0,0
B4_D1,758,0,209,0,0
B10_D1,200,0,452,0,0
B6_D1,841,0,56,0,0
B4_D1,228,0,19,0,0
B6_D1,393,0,173,0,0
B6_D1,677,0,277,0,0
G1_D1,331,0,136,0,0
G1_D1,371,0,105,0,0
G1_D1,634,0,46,0,0
B10_D1,424,0,143,0,0
B10_D1,829,0,8,0,0
B10_D1,207,0,138,0,0
G1_D1,387,0,165,0,0
B6_D1,466,0,169,0,0
B6_D1,828,0,39,0,0
B10_D1,728,0,68,0,0
B6_D1,193,0,133,0,0
B2_D1,457,0,216,0,0
B6_D1,27,0,241,0,0
B2_D1,25,0,30,0,0
B6_D1,396,0,24,0,0
G1_D1,337,0,54,0,0
B10_D1,324,0,189,0,0
B10_D1,146,0,443,0,0
B6_D1,590,0,492,0,0
B2_D1,153,0,113,0,0
G1_D1,542,0,510,0,0
B6_D1,1009,0,411,0,0
B10_D1,931,0,192,0,0
G1_D1,633,0,58,0,0
B6_D1,773,0,150,0,0
B10_D1,33,0,157,0,0
B6_D1,136,0,448,0,0
B6_D1,212,0,20,0,0
B10_D1,577,0,86,0,0
G1_D1,99,0,129,0,0
B10_D1,704,0,444,0,0
B4_D1,435,0,288,0,0
B6_D1,717,0,363,0,0
B6_D1,596,0,22,0,0
B2_D1,952,0,65,0,0
G1_D1,410,0,5,0,0
B10_D1,854,0,376,0,0
B10_D1,13,0,352,0,0
G1_D1,460,0,129,0,0
B2_D1,71,0,43,0,0
B6_D1,698,0,486,0,0
B10_D1,80,0,97,0,0
B6_D1,275,0,379,0,0
B10_D1,223,0,363,0,0
B10_D1,599,0,110,0,0
B6_D1,4,0,420,0,0
B6_D1,3,0,250,0,0
B6_D1,881,0,142,0,0
B6_D1,228,0,4,0,0
G1_D1,305,0,270,0,0
B6_D1,578,0,505,0,0
G1_D1,196,0,1,0,0
G1_D1,878,0,5,0,0
B6_D1,74,0,483,0,0
G1_D1,309,0,196,0,0
G1_D1,922,0,273,0,0
G1_D1,264,0,263,0,0
B10_D1,106,0,447,0,0
B6_D1,762,0,107,0,0
G1_D1,627,0,119,0,0
B10_D1,710,0,473,0,0
B10_D1,461,0,279,0,0
G1_D1,44,0,11,0,0
G1_D1,482,0,13,0,0
B10_D1,149,0,115,0,0
B2_D1,0,0,131,0,0
B8_D1,707,0,313,0,0
B6_D1,934,0,54,0,0
B10_D1,261,0,247,0,0
B10_D1,680,0,509,0,0
B6_D1,934,0,94,0,0
B10_D1,21,0,30,0,0
B6_D1,328,0,27,0,0
G1_D1,701,0,248,0,0
B10_D1,514,0,331,0,0
B4_D1,445,0,185,0,0
B10_D1,778,0,308,0,0
B10_D1,801,0,385,0,0
B6_D1,130,0,407,0,0
B6_D1,174,0,152,0,0
B10_D1,913,0,72,0,0
G1_D1,69,0,99,0,0
B10_D1,417,0,165,0,0
B6_D1,120,0,200,0,0
B6_D1,1,0,237,0,0
B4_D1,836,0,105,0,0
G1_D1,995,0,148,0,0
G1_D1,522,0,13,0,0
B10_D1,672,0,88,0,0
B10_D1,897,0,309,0,0
B4_D1,937,0,458,0,0
G1_D1,575,0,231,0,0
G1_D1,199,0,31,0,0
G1_D1,999,0,243,0,0
B8_D1,98,0,102,0,0
B6_D1,526,0,327,0,0
B6_D1,60,0,12,0,0
B6_D1,258,0,485,0,0
B4_D1,615,0,228,0,0
B6_D1,792,0,48,0,0
B10_D1,96,0,282,0,0
B6_D1,705,0,434,0,0
B6_D1,124,0,170,0,0
B10_D1,714,0,80,0,0
B4_D1,675,0,191,0,0
B6_D1,368,0,2,0,0
B6_D1,96,0,143,0,0
B10_D1,593,0,303,0,0
G1_D1,637,0,30,0,0
B6_D1,127,0,220,0,0
G1_D1,990,0,93,0,0
B10_D1,681,0,309,0,0
B6_D1,214,0,493,0,0
B10_D1,253,0,11,0,0
B6_D1,886,0,497,0,0
B6_D1,344,0,46,0,0
B6_D1,574,0,504,0,0
B2_D1,380,0,131,0,0
B6_D1,332,0,1,0,0
B6_D1,979,0,294,0,0
B6_D1,920,0,16,0,0
B10_D1,725,0,431,0,0
B10_D1,12,0,43,0,0
B6_D1,208,0,42,0,0
B6_D1,48,0,24,0,0
B6_D1,4,0,41,0,0
G1_D1,361,0,19,0,0
B8_D1,156,0,337,0,0
G1_D1,497,0,8,0,0
G1_D1,277,0,123,0,0
B10_D1,141,0,112,0,0
B6_D1,504,0,3,0,0
B8_D1,855,0,306,0,0
B10_D1,203,0,428,0,0
B10_D1,420,0,115,0,0
B6_D1,760,0,300,0,0
B10_D1,706,0,118,0,0
B6_D1,550,0,445,0,0
B4_D1,651,0,326,0,0
B6_D1,875,0,126,0,0
B6_D1,172,0,47,0,0
B6_D1,639,0,450,0,0
B10_D1,346,0,271,0,0
B4_D1,899,0,35,0,0
G1_D1,1016,0,20,0,0
B10_D1,618,0,149,0,0
B2_D1,2,0,146,0,0
B6_D1,58,0,198,0,0
B6_D1,762,0,505,0,0
B6_D1,270,0,511,0,0
B6_D1,533,0,231,0,0
B10_D1,356,0,232,0,0
B6_D1,722,0,346,0,0
B10_D1,985,0,104,0,0
B6_D1,954,0,465,0,0
G1_D1,140,0,11,0,0
B10_D1,823,0,40,0,0
B6_D1,378,0,489,0,0
B4_D1,398,0,17,0,0
G1_D1,150,0,511,0,0
B10_D1,146,0,337,0,0
B4_D1,190,0,137,0,0
B10_D1,143,0,237,0,0
B10_D1,10,0,36,0,0
B10_D1,279,0,343,0,0
B10_D1,297,0,86,0,0
B4_D1,179,0,71,0,0
G1_D1,878,0,440,0,0
B10_D1,420,0,116,0,0
G1_D1,914,0,249,0,0
G1_D1,580,0,160,0,0
B6_D1,468,0,7,0,0
B6_D1,445,0,65,0,0
B6_D1,241,0,245,0,0
B10_D1,387,0,184,0,0
B6_D1,734,0,98,0,0
B10_D1,707,0,441,0,0
B2_D1,855,0,261,0,0
B10_D1,14,0,273,0,0
B6_D1,956,0,15,0,0
B6_D1,623,0,167,0,0
B10_D1,1013,0,469,0,0
B10_D1,154,0,85,0,0
B6_D1,742,0,490,0,0
B6_D1,400,0,40,0,0
B4_D1,107,0,18,0,0
B6_D1,734,0,257,0,0
B6_D1,496,0,52,0,0
B10_D1,107,0,113,0,0
B6_D1,174,0,496,0,0
B4_D1,7,0,295,0,0
G1_D1,940,0,273,0,0
B10_D1,206,0,432,0,0
G1_D1,514,0,271,0,0
B10_D1,55,0,293,0,0
B6_D1,572,0,21,0,0
B10_D1,208,0,163,0,0
B10_D1,337,0,336,0,0
G1_D1,136,0,375,0,0
B6_D1,599,0,296,0,0
G1_D1,955,0,251,0,0
B6_D1,960,0,24,0,0
B6_D1,800,0,4,0,0
G1_D1,450,0,219,0,0
B4_D1,1019,0,191,0,0
B10_D1,445,0,85,0,0
B6_D1,98,0,494,0,0
B10_D1,481,0,243,0,0
G1_D1,340,0,24,0,0
G1_D1,585,0,12,0,0
G1_D1,274,0,268,0,0
B10_D1,729,0,7,0,0
B10_D1,535,0,250,0,0
B6_D1,945,0,133,0,0
B6_D1,357,0,50,0,0
B10_D1,342,0,185,0,0
B6_D1,893,0,104,0,0
G1_D1,635,0,14,0,0
B4_D1,635,0,50,0,0
B10_D1,147,0,264,0,0
G1_D1,1014,0,93,0,0
B10_D1,568,0,250,0,0
G1_D1,377,0,497,0,0
B4_D1,510,0,245,0,0
B6_D1,660,0,40,0,0
G1_D1,988,0,129,0,0
B6_D1,240,0,193,0,0
B6_D1,796,0,62,0,0
G1_D1,908,0,90,0,0
B4_D1,789,0,252,0,0
G1_D1,846,0,233,0,0
B10_D1,197,0,31,0,0
B2_D1,980,0,156,0,0
B6_D1,576,0,344,0,0
B10_D1,765,0,37,0,0
B10_D1,129,0,100,0,0
B6_D1,272,0,168,0,0
B10_D1,292,0,197,0,0
B6_D1,540,0,17,0,0
B2_D1,1023,0,306,0,0
B6_D1,974,0,488,0,0
G1_D1,940,0,247,0,0
B4_D1,651,0,305,0,0
B10_D1,202,0,74,0,0
B6_D1,432,0,13,0,0
B10_D1,243,0,237,0,0
B6_D1,1003,0,98,0,0
B10_D1,606,0,208,0,0
B2_D1,801,0,282,0,0
G1_D1,150,0,413,0,0
B2_D1,288,0,489,0,0
B10_D1,204,0,66,0,0
B6_D1,841,0,72,0,0
B6_D1,388,0,34,0,0
B2_D1,692,0,508,0,0
G1_D1,995,0,81,0,0
G1_D1,214,0,343,0,0
B10_D1,904,0,92,0,0
B6_D1,376,0,0,0,0
B6_D1,140,0,126,0,0
B10_D1,275,0,252,0,0
B10_D1,619,0,80,0,0
B6_D1,330,0,503,0,0
B6_D1,812,0,20,0,0
B10_D1,719,0,468,0,0
B10_D1,165,0,133,0,0
B6_D1,971,0,246,0,0
B6_D1,810,0,219,0,0
B6_D1,311,0,481,0,0
G1_D1,448,0,49,0,0
B6_D1,332,0,355,0,0
B10_D1,407,0,507,0,0
B2_D1,102,0,511,0,0
B6_D1,212,0,8,0,0
B10_D1,612,0,6,0,0
B6_D1,298,0,508,0,0
G1_D1,345,0,4,0,0
B6_D1,1003,0,99,0,0
B10_D1,542,0,267,0,0
B6_D1,76,0,8,0,0
G1_D1,737,0,244,0,0
B6_D1,648,0,291,0,0
B10_D1,372,0,225,0,0
G1_D1,911,0,313,0,0
B8_D1,771,0,229,0,0
B6_D1,503,0,481,0,0
B6_D1,348,0,96,0,0
B4_D1,140,0,46,0,0
G1_D1,895,0,307,0,0
B6_D1,24,0,1,0,0
G1_D1,894,0,271,0,0
B10_D1,470,0,465,0,0
B10_D1,130,0,205,0,0
G1_D1,409,0,480,0,0
B10_D1,329,0,417,0,0
G1_D1,56,0,324,0,0
B6_D1,532,0,33,0,0
B10_D1,143,0,10,0,0
B6_D1,86,0,508,0,0
G1_D1,1011,0,305,0,0
G1_D1,516,0,3,0,0
G1_D1,215,0,34,0,0
G1_D1,385,0,107,0,0
B6_D1,303,0,241,0,0
B4_D1,986,0,48,0,0
B6_D1,604,0,82,0,0
G1_D1,92,0,1,0,0
B6_D1,555,0,262,0,0
G1_D1,947,0,303,0,0
B10_D1,249,0,211,0,0
G1_D1,286,0,23,0,0
B6_D1,854,0,273,0,0
B10_D1,284,0,4,0,0
B6_D1,408,0,16,0,0
B10_D1,144,0,283,0,0
B6_D1,142,0,268,0,0
B4_D1,449,0,420,0,0
B10_D1,255,0,12,0,0
B4_D1,1023,0,92,0,0
G1_D1,289,0,8,0,0
G1_D1,1015,0,152,0,0
B10_D1,732,0,251,0,0
B6_D1,621,0,421,0,0
B6_D1,365,0,95,0,0
B6_D1,830,0,502,0,0
B10_D1,784,0,167,0,0
B6_D1,490,0,505,0,0
B6_D1,543,0,230,0,0
B10_D1,83,0,131,0,0
G1_D1,375,0,188,0,0
B10_D1,245,0,114,0,0
B10_D1,454,0,271,0,0
B8_D1,893,0,236,0,0
B6_D1,543,0,220,0,0
B4_D1,650,0,287,0,0
B10_D1,213,0,29,0,0
B10_D1,129,0,511,0,0
B6_D1,268,0,29,0,0
G1_D1,9,0,362,0,0
B10_D1,155,0,224,0,0
B6_D1,801,0,79,0,0
B10_D1,282,0,55,0,0
B6_D1,532,0,48,0,0
B6_D1,433,0,407,0,0
G1_D1,244,0,34,0,0
B6_D1,318,0,232,0,0
B6_D1,816,0,113,0,0
B10_D1,774,0,234,0,0
B6_D1,641,0,59,0,0
B10_D1,790,0,446,0,0
G1_D1,1014,0,282,0,0
B2_D1,147,0,456,0,0
B10_D1,3,0,357,0,0
B4_D1,137,0,164,0,0
B4_D1,1021,0,229,0,0
B10_D1,576,0,506,0,0
G1_D1,993,0,176,0,0
B6_D1,167,0,112,0,0
B6_D1,871,0,116,0,0
B10_D1,81,0,205,0,0
G1_D1,690,0,456,0,0
B6_D1,772,0,3,0,0
B6_D1,821,0,480,0,0
B6_D1,362,0,489,0,0
B10_D1,871,0,257,0,0
B6_D1,340,0,323,0,0
B10_D1,347,0,210,0,0
G1_D1,1015,0,22,0,0
B6_D1,150,0,483,0,0
B6_D1,911,0,276,0,0
B2_D1,301,0,141,0,0
B6_D1,396,0,447,0,0
B10_D1,990,0,511,0,0
B10_D1,51,0,65,0,0
B10_D1,96,0,144,0,0
B6_D1,740,0,45,0,0
G1_D1,927,0,23,0,0
B8_D1,13,0,316,0,0
B10_D1,772,0,101,0,0
B6_D1,761,0,266,0,0
B6_D1,805,0,51,0,0
G1_D1,19,0,29,0,0
G1_D1,582,0,510,0,0
B10_D1,175,0,440,0,0
B6_D1,798,0,505,0,0
G1_D1,44,0,297,0,0
B6_D1,232,0,177,0,0
B6_D1,553,0,172,0,0
B10_D1,939,0,26,0,0
B6_D1,1006,0,500,0,0
B10_D1,249,0,32,0,0
G1_D1,428,0,3,0,0
B10_D1,396,0,133,0,0
B6_D1,82,0,128,0,0
G1_D1,660,0,301,0,0
B2_D1,260,0,139,0,0
B6_D1,348,0,20,0,0
G1_D1,283,0,279,0,0
B4_D1,845,0,206,0,0
B6_D1,676,0,1,0,0
B6_D1,198,0,152,0,0
B6_D1,142,0,479,0,0
B10_D1,401,0,163,0,0
B4_D1,4,0,305,0,0
B6_D1,976,0,34,0,0
B10_D1,579,0,113,0,0
B10_D1,72,0,40,0,0
B6_D1,698,0,509,0,0
B6_D1,90,0,498,0,0
B10_D1,679,0,27,0,0
B2_D1,699,0,360,0,0
B2_D1,694,0,85,0,0
B10_D1,705,0,271,0,0
B6_D1,785,0,155,0,0
B10_D1,972,0,32,0,0
B6_D1,308,0,6,0,0
B6_D1,836,0,10,0,0
G1_D1,138,0,25,0,0
B10_D1,869,0,94,0,0
G1_D1,1008,0,294,0,0
B10_D1,325,0,66,0,0
G1_D1,241,0,248,0,0
G1_D1,1022,0,396,0,0
B2_D1,667,0,285,0,0
B6_D1,140,0,127,0,0
B4_D1,782,0,66,0,0
G1_D1,102,0,380,0,0
G1_D1,987,0,47,0,0
B4_D1,723,0,253,0,0
B6_D1,709,0,200,0,0
G1_D1,980,0,99,0,0
B4_D1,682,0,282,0,0
B6_D1,680,0,272,0,0
B2_D1,327,0,202,0,0
B2_D1,246,0,200,0,0
G1_D1,37,0,62,0,0
B6_D1,1010,0,493,0,0
G1_D1,35,0,213,0,0
B6_D1,252,0,27,0,0
B6_D1,70,0,497,0,0
B10_D1,675,0,59,0,0
G1_D1,444,0,46,0,0
B6_D1,424,0,22,0,0
B10_D1,56,0,260,0,0
B6_D1,618,0,53,0,0
B2_D1,793,0,5,0,0
B10_D1,206,0,134,0,0
B4_D1,454,0,210,0,0
B6_D1,38,0,489,0,0
G1_D1,45,0,85,0,0
B10_D1,1012,0,481,0,0
B6_D1,270,0,490,0,0
G1_D1,418,0,13,0,0
B4_D1,109,0,197,0,0
B10_D1,855,0,238,0,0
B10_D1,614,0,38,0,0
B10_D1,765,0,248,0,0
B4_D1,287,0,147,0,0
G1_D1,596,0,283,0,0
B4_D1,464,0,206,0,0
B4_D1,6,0,327,0,0
G1_D1,1002,0,259,0,0
B10_D1,118,0,89,0,0
B10_D1,110,0,198,0,0
G1_D1,43,0,68,0,0
G1_D1,806,0,50,0,0
B10_D1,290,0,146,0,0
G1_D1,812,0,207,0,0
G1_D1,966,0,13,0,0
G1_D1,24,0,126,0,0
B10_D1,6,0,101,0,0
B8_D1,607,0,184,0,0
G1_D1,756,0,118,0,0
B10_D1,464,0,503,0,0
B4_D1,137,0,183,0,0
G1_D1,749,0,204,0,0
B6_D1,170,0,427,0,0
B10_D1,735,0,124,0,0
B2_D1,854,0,511,0,0
B10_D1,762,0,161,0,0
B10_D1,769,0,327,0,0
B6_D1,624,0,31,0,0
B10_D1,346,0,173,0,0
G1_D1,309,0,4,0,0
B6_D1,45,0,448,0,0
B6_D1,811,0,63,0,0
B8_D1,909,0,237,0,0
B6_D1,718,0,236,0,0
B6_D1,400,0,292,0,0
B4_D1,512,0,202,0,0
B10_D1,364,0,33,0,0
G1_D1,442,0,237,0,0
B10_D1,145,0,251,0,0
B2_D1,275,0,296,0,0
B4_D1,148,0,424,0,0
G1_D1,975,0,76,0,0
B2_D1,0,0,139,0,0
B10_D1,163,0,229,0,0
B4_D1,132,0,360,0,0
G1_D1,641,0,207,0,0
B6_D1,742,0,101,0,0
G1_D1,546,0,94,0,0
G1_D1,211,0,505,0,0
B10_D1,567,0,62,0,0
B6_D1,512,0,40,0,0
B2_D1,492,0,126,0,0
G1_D1,268,0,234,0,0
B10_D1,446,0,29,0,0
B10_D1,693,0,103,0,0
B6_D1,556,0,5,0,0
B6_D1,749,0,192,0,0
G1_D1,215,0,505,0,0
B4_D1,148,0,194,0,0
B6_D1,316,0,77,0,0
B6_D1,635,0,275,0,0
B10_D1,381,0,176,0,0
B6_D1,851,0,204,0,0
G1_D1,573,0,248,0,0
B6_D1,109,0,397,0,0
G1_D1,1014,0,23,0,0
B10_D1,953,0,249,0,0
B10_D1,871,0,259,0,0
B10_D1,25,0,229,0,0
B10_D1,25,0,192,0,0
B6_D1,466,0,329,0,0
G1_D1,935,0,21,0,0
G1_D1,332,0,11,0,0
B4_D1,611,0,355,0,0
B10_D1,676,0,20,0,0
B6_D1,666,0,501,0,0
G1_D1,194,0,9,0,0
B6_D1,829,0,304,0,0
B6_D1,1004,0,3,0,0
B6_D1,42,0,197,0,0
B6_D1,734,0,456,0,0
B6_D1,807,0,153,0,0
B6_D1,388,0,367,0,0
B6_D1,843,0,367,0,0
G1_D1,547,0,70,0,0
B6_D1,695,0,284,0,0
B10_D1,242,0,353,0,0
B6_D1,754,0,422,0,0
B6_D1,12,0,215,0,0
B10_D1,467,0,59,0,0
B4_D1,940,0,78,0,0
B4_D1,5,0,80,0,0
B6_D1,486,0,483,0,0
B6_D1,490,0,247,0,0
B2_D1,472,0,370,0,0
B10_D1,378,0,481,0,0
B6_D1,419,0,250,0,0
B10_D1,217,0,458,0,0
B10_D1,60,0,47,0,0
G1_D1,535,0,123,0,0
G1_D1,1004,0,175,0,0
B4_D1,544,0,108,0,0
B10_D1,478,0,44,0,0
G1_D1,333,0,510,0,0
B10_D1,505,0,150,0,0
G1_D1,295,0,17,0,0
G1_D1,860,0,251,0,0
B10_D1,180,0,4,0,0
B6_D1,552,0,48,0,0
B10_D1,414,0,150,0,0
B6_D1,61,0,401,0,0
B10_D1,227,0,275,0,0
B10_D1,415,0,488,0,0
B4_D1,27,0,261,0,0
B10_D1,759,0,426,0,0
B4_D1,747,0,320,0,0
B6_D1,460,0,15,0,0
B6_D1,216,0,67,0,0
B4_D1,775,0,195,0,0
B6_D1,993,0,270,0,0
G1_D1,96,0,86,0,0
B6_D1,651,0,184,0,0
B10_D1,561,0,76,0,0
B6_D1,428,0,381,0,0
B10_D1,166,0,508,0,0
B2_D1,437,0,169,0,0
B6_D1,712,0,46,0,0
B10_D1,561,0,69,0,0
B10_D1,101,0,114,0,0
B10_D1,739,0,348,0,0
B6_D1,677,0,463,0,0
B10_D1,413,0,239,0,0
B2_D1,884,0,1,0,0
B10_D1,38,0,114,0,0
B6_D1,235,0,161,0,0
B6_D1,1022,0,460,0,0
G1_D1,133,0,190,0,0
B6_D1,104,0,143,0,0
B6_D1,964,0,40,0,0
B4_D1,969,0,218,0,0
B10_D1,885,0,358,0,0
B10_D1,67,0,168,0,0
G1_D1,174,0,66,0,0
B4_D1,4,0,212,0,0
B10_D1,352,0,23,0,0
B6_D1,555,0,283,0,0
B6_D1,554,0,499,0,0
B2_D1,941,0,21,0,0
B10_D1,125,0,184,0,0
B4_D1,766,0,155,0,0
G1_D1,1019,0,46,0,0
B10_D1,881,0,239,0,0
B10_D1,714,0,261,0,0
B6_D1,1020,0,2,0,0
B6_D1,699,0,265,0,0
B6_D1,127,0,209,0,0
G1_D1,23,0,16,0,0
B10_D1,338,0,334,0,0
G1_D1,674,0,268,0,0
B6_D1,47,0,120,0,0
G1_D1,7,0,226,0,0
B6_D1,192,0,26,0,0
B10_D1,1023,0,177,0,0
B6_D1,972,0,3,0,0
G1_D1,946,0,283,0,0
B6_D1,737,0,184,0,0
B10_D1,202,0,14,0,0
G1_D1,197,0,497,0,0
B6_D1,542,0,491,0,0
B10_D1,342,0,177,0,0
G1_D1,405,0,64,0,0
B10_D1,627,0,103,0,0
G1_D1,717,0,470,0,0
B6_D1,884,0,445,0,0
G1_D1,155,0,377,0,0
B8_D1,175,0,112,0,0
B2_D1,179,0,62,0,0
B10_D1,1010,0,313,0,0
B6_D1,726,0,202,0,0
B10_D1,753,0,321,0,0
B6_D1,859,0,191,0,0
B10_D1,664,0,442,0,0
B2_D1,0,0,174,0,0
B10_D1,875,0,348,0,0
B6_D1,898,0,273,0,0
B10_D1,246,0,284,0,0
B6_D1,140,0,406,0,0
B6_D1,810,0,332,0,0
G1_D1,725,0,329,0,0
B4_D1,657,0,239,0,0
G1_D1,812,0,44,0,0
B6_D1,833,0,259,0,0
B6_D1,779,0,481,0,0
B10_D1,100,0,297,0,0
B4_D1,49,0,292,0,0
B4_D1,1019,0,43,0,0
B2_D1,379,0,206,0,0
B6_D1,157,0,174,0,0
B10_D1,735,0,101,0,0
G1_D1,14,0,191,0,0
B6_D1,12,0,56,0,0
G1_D1,190,0,408,0,0
B10_D1,985,0,255,0,0
B6_D1,387,0,351,0,0
B6_D1,431,0,68,0,0
B10_D1,23,0,223,0,0
B10_D1,931,0,191,0,0
B2_D1,403,0,379,0,0
B10_D1,656,0,305,0,0
B10_D1,72,0,52,0,0
B6_D1,695,0,481,0,0
B2_D1,357,0,290,0,0
B10_D1,11,0,65,0,0
G1_D1,926,0,284,0,0
B6_D1,195,0,147,0,0
B10_D1,306,0,327,0,0
B10_D1,754,0,353,0,0
B10_D1,884,0,359,0,0
G1_D1,387,0,242,0,0
B6_D1,569,0,66,0,0
B2_D1,600,0,45,0,0
B6_D1,352,0,30,0,0
B6_D1,428,0,408,0,0
B10_D1,224,0,292,0,0
G1_D1,913,0,301,0,0
B6_D1,727,0,435,0,0
B10_D1,101,0,11,0,0
B4_D1,638,0,180,0,0
B6_D1,572,0,389,0,0
B4_D1,528,0,279,0,0
B8_D1,905,0,236,0,0
G1_D1,350,0,18,0,0
B6_D1,207,0,81,0,0
B10_D1,844,0,86,0,0
B10_D1,308,0,62,0,0
B6_D1,855,0,126,0,0
B4_D1,198,0,358,0,0
G1_D1,450,0,13,0,0
B10_D1,18,0,278,0,0
B10_D1,19,0,29,0,0
G1_D1,631,0,93,0,0
B6_D1,876,0,14,0,0
B10_D1,262,0,230,0,0
G1_D1,348,0,422,0,0
B10_D1,169,0,78,0,0
B10_D1,414,0,12,0,0
G1_D1,23,0,82,0,0
B6_D1,546,0,259,0,0
G1_D1,471,0,242,0,0
B10_D1,1002,0,217,0,0
B6_D1,944,0,1,0,0
B6_D1,559,0,360,0,0
B6_D1,389,0,314,0,0
B6_D1,64,0,33,0,0
B6_D1,119,0,460,0,0
B6_D1,332,0,385,0,0
B6_D1,314,0,137,0,0
B6_D1,408,0,227,0,0
G1_D1,271,0,60,0,0
B10_D1,762,0,202,0,0
B6_D1,40,0,57,0,0
B6_D1,615,0,168,0,0
B6_D1,755,0,351,0,0
B6_D1,2,0,192,0,0
B6_D1,748,0,314,0,0
B10_D1,209,0,26,0,0
G1_D1,40,0,272,0,0
B4_D1,1015,0,213,0,0
B8_D1,150,0,204,0,0
B10_D1,359,0,276,0,0
G1_D1,694,0,40,0,0
B10_D1,771,0,58,0,0
B10_D1,235,0,25,0,0
B6_D1,330,0,491,0,0
G1_D1,612,0,235,0,0
B6_D1,36,0,289,0,0
B10_D1,198,0,242,0,0
B10_D1,912,0,233,0,0
B10_D1,574,0,79,0,0
B10_D1,986,0,488,0,0
B2_D1,908,0,419,0,0
B10_D1,691,0,280,0,0
B6_D1,690,0,348,0,0
G1_D1,977,0,285,0,0
B10_D1,344,0,186,0,0
B8_D1,599,0,185,0,0
B6_D1,544,0,31,0,0
B6_D1,834,0,485,0,0
B6_D1,780,0,38,0,0
B6_D1,855,0,448,0,0
B4_D1,163,0,165,0,0
B6_D1,563,0,181,0,0
B10_D1,125,0,123,0,0
B6_D1,430,0,244,0,0
B6_D1,644,0,457,0,0
G1_D1,42,0,52,0,0
G1_D1,43,0,30,0,0
B10_D1,350,0,121,0,0
B6_D1,80,0,35,0,0
G1_D1,316,0,425,0,0
B6_D1,77,0,380,0,0
B6_D1,964,0,44,0,0
G1_D1,262,0,338,0,0
B10_D1,424,0,459,0,0
B6_D1,546,0,478,0,0
G1_D1,29,0,140,0,0
B6_D1,634,0,491,0,0
B10_D1,881,0,301,0,0
B6_D1,976,0,125,0,0
G1_D1,139,0,90,0,0
B6_D1,800,0,398,0,0
B10_D1,515,0,47,0,0
B10_D1,442,0,481,0,0
B6_D1,68,0,140,0,0
B6_D1,443,0,438,0,0
B2_D1,767,0,72,0,0
B10_D1,788,0,391,0,0
B6_D1,790,0,91,0,0
B2_D1,665,0,225,0,0
G1_D1,316,0,418,0,0
G1_D1,966,0,219,0,0
B6_D1,880,0,0,0,0
B6_D1,804,0,56,0,0
B6_D1,852,0,152,0,0
B6_D1,769,0,104,0,0
G1_D1,46,0,31,0,0
G1_D1,248,0,80,0,0
B4_D1,289,0,141,0,0
B6_D1,912,0,31,0,0
B4_D1,450,0,16,0,0
B10_D1,338,0,45,0,0
B10_D1,619,0,485,0,0
B4_D1,258,0,226,0,0
B6_D1,492,0,67,0,0
B10_D1,477,0,413,0,0
B10_D1,951,0,3,0,0
B6_D1,38,0,251,0,0
B10_D1,884,0,367,0,0
B10_D1,180,0,283,0,0
G1_D1,885,0,437,0,0
G1_D1,432,0,122,0,0
B10_D1,709,0,313,0,0
B4_D1,167,0,238,0,0
B10_D1,8,0,259,0,0
B10_D1,443,0,83,0,0
G1_D1,50,0,166,0,0
B2_D1,297,0,492,0,0
B6_D1,140,0,13,0,0
B6_D1,880,0,244,0,0
B10_D1,646,0,443,0,0
B10_D1,449,0,314,0,0
B6_D1,765,0,194,0,0
B6_D1,190,0,332,0,0
B10_D1,223,0,23,0,0
B6_D1,384,0,30,0,0
B6_D1,920,0,37,0,0
B6_D1,548,0,282,0,0
B6_D1,572,0,69,0,0
B4_D1,720,0,429,0,0
B6_D1,384,0,290,0,0
B10_D1,54,0,114,0,0
G1_D1,552,0,0,0,0
B10_D1,424,0,286,0,0
B6_D1,61,0,453,0,0
B10_D1,240,0,233,0,0
B10_D1,546,0,37,0,0
B10_D1,500,0,20,0,0
B10_D1,366,0,212,0,0
B6_D1,854,0,488,0,0
B4_D1,6,0,218,0,0
B10_D1,577,0,45,0,0
B10_D1,583,0,317,0,0
B10_D1,216,0,6,0,0
B6_D1,154,0,234,0,0
B4_D1,942,0,106,0,0
B10_D1,424,0,362,0,0
B10_D1,705,0,269,0,0
B10_D1,967,0,216,0,0
B10_D1,645,0,55,0,0
B10_D1,645,0,1,0,0
B4_D1,746,0,99,0,0
B10_D1,34,0,105,0,0
B6_D1,915,0,136,0,0
B4_D1,602,0,45,0,0
G1_D1,612,0,1,0,0
B6_D1,326,0,227,0,0
B6_D1,376,0,370,0,0
B6_D1,744,0,9,0,0
B2_D1,268,0,502,0,0
B4_D1,868,0,12,0,0
B10_D1,181,0,176,0,0
B6_D1,796,0,34,0,0
B6_D1,886,0,499,0,0
B6_D1,761,0,276,0,0
B4_D1,45,0,290,0,0
B6_D1,880,0,18,0,0
B6_D1,830,0,509,0,0
G1_D1,284,0,458,0,0
B10_D1,1021,0,129,0,0
B10_D1,500,0,160,0,0
B6_D1,406,0,153,0,0
B4_D1,809,0,210,0,0
B6_D1,895,0,162,0,0
B6_D1,620,0,31,0,0
G1_D1,820,0,217,0,0
B6_D1,240,0,5,0,0
B10_D1,901,0,511,0,0
B10_D1,184,0,240,0,0
B10_D1,43,0,18,0,0
B6_D1,206,0,347,0,0
B10_D1,203,0,125,0,0
B4_D1,83,0,429,0,0
B6_D1,852,0,160,0,0
B6_D1,228,0,171,0,0
B6_D1,713,0,184,0,0
B6_D1,542,0,494,0,0
B10_D1,536,0,325,0,0
B8_D1,97,0,328,0,0
B2_D1,304,0,55,0,0
B10_D1,760,0,40,0,0
B10_D1,574,0,218,0,0
G1_D1,302,0,187,0,0
B6_D1,422,0,174,0,0
G1_D1,27,0,75,0,0
B6_D1,400,0,386,0,0
B10_D1,368,0,62,0,0
B10_D1,235,0,10,0,0
B4_D1,292,0,46,0,0
B6_D1,27,0,113,0,0
B6_D1,1017,0,167,0,0
G1_D1,424,0,7,0,0
B6_D1,1020,0,437,0,0
B8_D1,1022,0,114,0,0
B10_D1,557,0,509,0,0
G1_D1,647,0,14,0,0
B6_D1,564,0,375,0,0
B10_D1,460,0,478,0,0
B6_D1,829,0,480,0,0
B6_D1,656,0,29,0,0
B10_D1,408,0,15,0,0
B10_D1,644,0,6,0,0
G1_D1,256,0,296,0,0
B6_D1,1010,0,214,0,0
B6_D1,704,0,37,0,0
B10_D1,605,0,500,0,0
G1_D1,1009,0,299,0,0
B6_D1,472,0,12,0,0
B10_D1,54,0,198,0,0
B6_D1,258,0,511,0,0
B10_D1,365,0,161,0,0
B10_D1,253,0,211,0,0
B10_D1,350,0,236,0,0
B2_D1,808,0,452,0,0
B10_D1,590,0,326,0,0
B6_D1,689,0,431,0,0
B4_D1,694,0,76,0,0
G1_D1,864,0,273,0,0
G1_D1,867,0,241,0,0
B10_D1,777,0,253,0,0
G1_D1,17,0,250,0,0
B2_D1,767,0,361,0,0
B10_D1,747,0,122,0,0
B10_D1,362,0,28,0,0
B6_D1,886,0,130,0,0
B6_D1,718,0,313,0,0
B6_D1,311,0,220,0,0
B2_D1,724,0,74,0,0
B6_D1,80,0,8,0,0
B2_D1,687,0,26,0,0
B10_D1,708,0,36,0,0
B2_D1,904,0,6,0,0
B2_D1,331,0,54,0,0
B10_D1,466,0,474,0,0
B6_D1,530,0,500,0,0
B6_D1,600,0,27,0,0
B6_D1,358,0,340,0,0
B4_D1,66,0,32,0,0
G1_D1,119,0,15,0,0
B6_D1,103,0,375,0,0
G1_D1,952,0,35,0,0
B10_D1,609,0,312,0,0
B10_D1,233,0,60,0,0
B6_D1,196,0,7,0,0
G1_D1,130,0,20,0,0
B4_D1,888,0,112,0,0
B2_D1,791,0,79,0,0
B10_D1,668,0,251,0,0
G1_D1,62,0,34,0,0
B10_D1,179,0,510,0,0
B6_D1,634,0,163,0,0
B10_D1,147,0,160,0,0
B10_D1,197,0,47,0,0
B2_D1,649,0,476,0,0
G1_D1,941,0,101,0,0
B2_D1,810,0,466,0,0
B10_D1,221,0,49,0,0
G1_D1,1018,0,419,0,0
B10_D1,21,0,97,0,0
G1_D1,328,0,425,0,0
G1_D1,822,0,210,0,0
B6_D1,465,0,228,0,0
B6_D1,78,0,145,0,0
G1_D1,8,0,101,0,0
B10_D1,734,0,456,0,0
G1_D1,924,0,28,0,0
G1_D1,1014,0,483,0,0
B6_D1,951,0,222,0,0
G1_D1,754,0,261,0,0
B6_D1,392,0,28,0,0
B6_D1,3,0,187,0,0
B10_D1,213,0,273,0,0
B6_D1,680,0,27,0,0
B2_D1,347,0,51,0,0
B4_D1,837,0,32,0,0
B6_D1,1022,0,510,0,0
B10_D1,191,0,3,0,0
B10_D1,105,0,382,0,0
B10_D1,34,0,298,0,0
B10_D1,111,0,124,0,0
B6_D1,278,0,456,0,0
B6_D1,538,0,498,0,0
B2_D1,300,0,293,0,0
B6_D1,362,0,283,0,0
B6_D1,676,0,457,0,0
B10_D1,831,0,96,0,0
B4_D1,335,0,327,0,0
B6_D1,464,0,39,0,0
B2_D1,810,0,279,0,0
G1_D1,31,0,38,0,0
B10_D1,387,0,510,0,0
G1_D1,841,0,8,0,0
B6_D1,450,0,489,0,0
B10_D1,804,0,178,0,0
B10_D1,543,0,113,0,0
B4_D1,1,0,152,0,0
G1_D1,665,0,147,0,0
B6_D1,738,0,202,0,0
G1_D1,993,0,40,0,0
B8_D1,1021,0,18,0,0
B6_D1,591,0,361,0,0
B6_D1,810,0,491,0,0
G1_D1,1005,0,107,0,0
B6_D1,529,0,233,0,0
G1_D1,414,0,269,0,0
B10_D1,520,0,101,0,0
B6_D1,580,0,20,0,0
B6_D1,216,0,45,0,0
B6_D1,558,0,350,0,0
B6_D1,787,0,209,0,0
G1_D1,996,0,319,0,0
G1_D1,641,0,53,0,0
G1_D1,579,0,10,0,0
B6_D1,760,0,63,0,0
G1_D1,931,0,455,0,0
B2_D1,519,0,0,0,0
G1_D1,979,0,296,0,0
B6_D1,78,0,317,0,0
B6_D1,895,0,343,0,0
B6_D1,994,0,260,0,0
B6_D1,828,0,118,0,0
B10_D1,209,0,124,0,0
B6_D1,888,0,37,0,0
B8_D1,88,0,184,0,0
B6_D1,760,0,34,0,0
B6_D1,488,0,4,0,0
G1_D1,1013,0,155,0,0
B10_D1,294,0,87,0,0
B10_D1,143,0,257,0,0
G1_D1,600,0,217,0,0
B6_D1,308,0,468,0,0
G1_D1,198,0,141,0,0
G1_D1,635,0,45,0,0
B6_D1,377,0,322,0,0
G1_D1,458,0,361,0,0
B10_D1,233,0,174,0,0
G1_D1,385,0,280,0,0
G1_D1,43,0,111,0,0
B6_D1,950,0,497,0,0
B6_D1,406,0,422,0,0
B6_D1,180,0,116,0,0
B6_D1,303,0,114,0,0
G1_D1,442,0,150,0,0
G1_D1,757,0,113,0,0
B10_D1,76,0,37,0,0
G1_D1,558,0,460,0,0
B4_D1,805,0,206,0,0
B10_D1,638,0,113,0,0
B10_D1,602,0,293,0,0
B6_D1,66,0,420,0,0
G1_D1,682,0,272,0,0
B2_D1,376,0,48,0,0
B10_D1,452,0,137,0,0
B10_D1,508,0,90,0,0
G1_D1,180,0,39,0,0
G1_D1,400,0,96,0,0
G1_D1,581,0,236,0,0
B10_D1,444,0,4,0,0
B4_D1,725,0,44,0,0
G1_D1,394,0,18,0,0
B6_D1,178,0,152,0,0
B10_D1,350,0,311,0,0
B4_D1,651,0,67,0,0
B6_D1,904,0,47,0,0
B10_D1,531,0,114,0,0
G1_D1,63,0,17,0,0
G1_D1,323,0,321,0,0
B6_D1,106,0,245,0,0
B6_D1,853,0,225,0,0
G1_D1,788,0,239,0,0
B10_D1,189,0,168,0,0
B6_D1,958,0,398,0,0
B10_D1,12,0,305,0,0
G1_D1,853,0,35,0,0
B10_D1,448,0,412,0,0
B6_D1,430,0,496,0,0
B2_D1,918,0,41,0,0
B10_D1,796,0,297,0,0
B10_D1,92,0,270,0,0
B6_D1,689,0,265,0,0
B6_D1,894,0,485,0,0
B4_D1,864,0,252,0,0
B6_D1,464,0,20,0,0
B6_D1,424,0,19,0,0
B10_D1,834,0,240,0,0
B10_D1,531,0,476,0,0
B6_D1,325,0,480,0,0
B8_D1,95,0,329,0,0
B4_D1,239,0,64,0,0
B10_D1,445,0,314,0,0
B10_D1,473,0,511,0,0
B6_D1,459,0,294,0,0
B10_D1,703,0,195,0,0
B6_D1,447,0,97,0,0
B10_D1,70,0,461,0,0
G1_D1,325,0,319,0,0
B2_D1,436,0,485,0,0
B6_D1,497,0,345,0,0
B4_D1,61,0,270,0,0
B6_D1,496,0,386,0,0
B6_D1,771,0,297,0,0
B10_D1,150,0,268,0,0
B10_D1,223,0,318,0,0
B4_D1,625,0,164,0,0
B10_D1,5,0,188,0,0
G1_D1,230,0,149,0,0
B6_D1,1021,0,66,0,0
G1_D1,694,0,53,0,0
G1_D1,227,0,157,0,0
B10_D1,568,0,323,0,0
G1_D1,650,0,13,0,0
G1_D1,1023,0,248,0,0
G1_D1,733,0,4,0,0
B6_D1,950,0,507,0,0
G1_D1,971,0,60,0,0
B4_D1,444,0,236,0,0
B8_D1,1023,0,422,0,0
B4_D1,419,0,397,0,0
B6_D1,190,0,434,0,0
B10_D1,830,0,44,0,0
B4_D1,3,0,482,0,0
B6_D1,466,0,493,0,0
B10_D1,59,0,2,0,0
B6_D1,28,0,32,0,0
B10_D1,609,0,191,0,0
B10_D1,46,0,35,0,0
B6_D1,408,0,101,0,0
B6_D1,709,0,343,0,0
B6_D1,342,0,500,0,0
B6_D1,580,0,315,0,0
B10_D1,777,0,4,0,0
B6_D1,555,0,265,0,0
B6_D1,23,0,65,0,0
B10_D1,640,0,54,0,0
B6_D1,43,0,480,0,0
B6_D1,539,0,106,0,0
G1_D1,947,0,208,0,0
B10_D1,667,0,85,0,0
B6_D1,998,0,216,0,0
B10_D1,538,0,16,0,0
B2_D1,303,0,182,0,0
B2_D1,881,0,459,0,0
B6_D1,632,0,7,0,0
B6_D1,142,0,493,0,0
B10_D1,155,0,289,0,0
B4_D1,2,0,209,0,0
B6_D1,241,0,156,0,0
B2_D1,822,0,466,0,0
B6_D1,705,0,340,0,0
B6_D1,668,0,302,0,0
B4_D1,982,0,206,0,0
B6_D1,657,0,421,0,0
B6_D1,569,0,437,0,0
B6_D1,992,0,1,0,0
B10_D1,632,0,44,0,0
B2_D1,743,0,33,0,0
B10_D1,119,0,29,0,0
B10_D1,552,0,121,0,0
B6_D1,620,0,25,0,0
G1_D1,989,0,73,0,0
B6_D1,340,0,430,0,0
B6_D1,963,0,91,0,0
B6_D1,788,0,42,0,0
B6_D1,822,0,59,0,0
B6_D1,612,0,26,0,0
B10_D1,429,0,511,0,0
G1_D1,139,0,501,0,0
B10_D1,236,0,291,0,0
B8_D1,621,0,234,0,0
B10_D1,907,0,98,0,0
B10_D1,156,0,9,0,0
B6_D1,338,0,493,0,0
B4_D1,727,0,32,0,0
G1_D1,616,0,65,0,0
B6_D1,846,0,49,0,0
B2_D1,448,0,288,0,0
B6_D1,165,0,60,0,0
B6_D1,820,0,3,0,0
B4_D1,996,0,67,0,0
B4_D1,766,0,209,0,0
B10_D1,641,0,45,0,0
B6_D1,763,0,151,0,0
B6_D1,160,0,29,0,0
B4_D1,500,0,170,0,0
B6_D1,775,0,109,0,0
B6_D1,86,0,460,0,0
G1_D1,7,0,384,0,0
G1_D1,113,0,136,0,0
B10_D1,673,0,21,0,0
B6_D1,409,0,294,0,0
G1_D1,690,0,17,0,0
B6_D1,744,0,48,0,0
G1_D1,100,0,274,0,0
B10_D1,437,0,303,0,0
B6_D1,198,0,493,0,0
G1_D1,27,0,153,0,0
G1_D1,799,0,211,0,0
B6_D1,58,0,348,0,0
B10_D1,1020,0,86,0,0
B6_D1,239,0,158,0,0
B6_D1,487,0,477,0,0
B6_D1,299,0,290,0,0
B6_D1,101,0,50,0,0
B6_D1,507,0,283,0,0
B6_D1,338,0,505,0,0
B6_D1,548,0,6,0,0
B4_D1,988,0,208,0,0
B6_D1,111,0,324,0,0
B6_D1,420,0,269,0,0
G1_D1,725,0,253,0,0
B10_D1,663,0,273,0,0
B2_D1,989,0,53,0,0
B10_D1,651,0,454,0,0
B6_D1,764,0,78,0,0
B2_D1,691,0,50,0,0
B10_D1,696,0,194,0,0
B10_D1,504,0,208,0,0
B6_D1,538,0,497,0,0
B2_D1,581,0,471,0,0
B2_D1,1003,0,29,0,0
B6_D1,556,0,338,0,0
B10_D1,383,0,446,0,0
B6_D1,486,0,487,0,0
G1_D1,888,0,117,0,0
B6_D1,727,0,264,0,0
B10_D1,694,0,249,0,0
B10_D1,277,0,13,0,0
G1_D1,543,0,465,0,0
B4_D1,462,0,422,0,0
G1_D1,986,0,36,0,0
B2_D1,83,0,71,0,0
B6_D1,690,0,511,0,0
B10_D1,930,0,302,0,0
B6_D1,784,0,15,0,0
B2_D1,749,0,84,0,0
B4_D1,362,0,17,0,0
G1_D1,47,0,165,0,0
G1_D1,60,0,78,0,0
B6_D1,850,0,493,0,0
B6_D1,878,0,503,0,0
G1_D1,515,0,104,0,0
B6_D1,72,0,16,0,0
B4_D1,873,0,233,0,0
B10_D1,490,0,495,0,0
G1_D1,288,0,11,0,0
G1_D1,169,0,166,0,0
B10_D1,930,0,69,0,0
B6_D1,648,0,162,0,0
B6_D1,693,0,155,0,0
B2_D1,362,0,484,0,0
B6_D1,918,0,509,0,0
G1_D1,400,0,1,0,0
B2_D1,400,0,289,0,0
G1_D1,328,0,287,0,0
B10_D1,502,0,167,0,0
B10_D1,160,0,121,0,0
B10_D1,545,0,266,0,0
B10_D1,894,0,97,0,0
G1_D1,836,0,265,0,0
B10_D1,180,0,343,0,0
B6_D1,52,0,208,0,0
B6_D1,864,0,17,0,0
B2_D1,2,0,19,0,0
G1_D1,148,0,373,0,0
B4_D1,2,0,301,0,0
B10_D1,339,0,144,0,0
B6_D1,651,0,438,0,0
G1_D1,646,0,241,0,0
B10_D1,712,0,311,0,0
G1_D1,61,0,207,0,0
B10_D1,660,0,33,0,0
B10_D1,694,0,115,0,0
B2_D1,316,0,119,0,0
B10_D1,163,0,168,0,0
B10_D1,264,0,241,0,0
G1_D1,90,0,13,0,0
B6_D1,775,0,215,0,0
B10_D1,418,0,100,0,0
B6_D1,74,0,458,0,0
B6_D1,115,0,447,0,0
B2_D1,988,0,54,0,0
B10_D1,625,0,312,0,0
B10_D1,543,0,117,0,0
B8_D1,92,0,121,0,0
B6_D1,1022,0,479,0,0
B2_D1,168,0,307,0,0
B10_D1,112,0,5,0,0
B6_D1,886,0,342,0,0
B6_D1,508,0,41,0,0
G1_D1,8,0,329,0,0
B6_D1,739,0,464,0,0
B6_D1,703,0,201,0,0
B6_D1,419,0,271,0,0
B6_D1,679,0,186,0,0
B10_D1,165,0,59,0,0
B6_D1,788,0,197,0,0
B10_D1,243,0,317,0,0
B10_D1,734,0,319,0,0
B10_D1,787,0,3,0,0
B6_D1,608,0,22,0,0
B6_D1,624,0,242,0,0
B10_D1,7,0,509,0,0
B6_D1,268,0,313,0,0
B6_D1,811,0,198,0,0
B6_D1,4,0,37,0,0
B10_D1,905,0,308,0,0
G1_D1,775,0,102,0,0
B6_D1,388,0,14,0,0
B6_D1,340,0,34,0,0
B10_D1,488,0,9,0,0
B6_D1,804,0,349,0,0
G1_D1,954,0,274,0,0
G1_D1,978,0,116,0,0
B10_D1,10,0,101,0,0
B4_D1,76,0,5,0,0
B10_D1,182,0,21,0,0
B6_D1,230,0,337,0,0
B6_D1,956,0,425,0,0
B6_D1,628,0,31,0,0
B2_D1,620,0,161,0,0
B6_D1,259,0,75,0,0
B6_D1,480,0,40,0,0
B6_D1,587,0,226,0,0
B10_D1,816,0,38,0,0
B6_D1,844,0,38,0,0
B10_D1,91,0,166,0,0
B6_D1,520,0,171,0,0
B6_D1,926,0,492,0,0
B10_D1,415,0,265,0,0
B4_D1,202,0,272,0,0
B10_D1,759,0,74,0,0
B6_D1,692,0,21,0,0
B6_D1,394,0,499,0,0
B6_D1,150,0,191,0,0
B2_D1,909,0,414,0,0
B6_D1,314,0,88,0,0
B6_D1,1004,0,303,0,0
B10_D1,1001,0,34,0,0
G1_D1,22,0,202,0,0
B6_D1,672,0,422,0,0
B6_D1,50,0,199,0,0
G1_D1,125,0,449,0,0
G1_D1,949,0,386,0,0
G1_D1,717,0,21,0,0
B6_D1,1018,0,67,0,0
B10_D1,575,0,151,0,0
G1_D1,965,0,41,0,0
B6_D1,304,0,168,0,0
B6_D1,264,0,12,0,0
B6_D1,131,0,265,0,0
G1_D1,885,0,246,0,0
B10_D1,730,0,63,0,0
B2_D1,217,0,153,0,0
G1_D1,145,0,226,0,0
B8_D1,303,0,187,0,0
B10_D1,679,0,441,0,0
B6_D1,732,0,4,0,0
B6_D1,360,0,23,0,0
B10_D1,630,0,177,0,0
B10_D1,236,0,187,0,0
B10_D1,408,0,240,0,0
G1_D1,886,0,94,0,0
G1_D1,863,0,392,0,0
B6_D1,916,0,48,0,0
G1_D1,376,0,366,0,0
B6_D1,684,0,73,0,0
B10_D1,836,0,338,0,0
B2_D1,0,0,499,0,0
B6_D1,769,0,55,0,0
B4_D1,651,0,92,0,0
B10_D1,386,0,28,0,0
B6_D1,550,0,498,0,0
G1_D1,444,0,368,0,0
G1_D1,683,0,14,0,0
B6_D1,44,0,45,0,0
B4_D1,308,0,185,0,0
B6_D1,409,0,220,0,0
B6_D1,142,0,275,0,0
B10_D1,603,0,112,0,0
G1_D1,77,0,4,0,0
B6_D1,913,0,96,0,0
G1_D1,796,0,81,0,0
G1_D1,170,0,226,0,0
B6_D1,516,0,281,0,0
G1_D1,979,0,110,0,0
B6_D1,95,0,376,0,0
B4_D1,835,0,50,0,0
B6_D1,956,0,181,0,0
B6_D1,818,0,392,0,0
B6_D1,924,0,303,0,0
G1_D1,151,0,311,0,0
B6_D1,755,0,248,0,0
G1_D1,31,0,187,0,0
B4_D1,712,0,77,0,0
B6_D1,748,0,38,0,0
B4_D1,37,0,167,0,0
B2_D1,769,0,240,0,0
B2_D1,135,0,7,0,0
B6_D1,213,0,239,0,0
B10_D1,1008,0,62,0,0
G1_D1,989,0,17,0,0
B6_D1,41,0,475,0,0
G1_D1,306,0,457,0,0
B4_D1,580,0,280,0,0
G1_D1,612,0,220,0,0
B10_D1,228,0,339,0,0
B10_D1,587,0,282,0,0
B6_D1,336,0,45,0,0
B6_D1,446,0,60,0,0
B6_D1,222,0,326,0,0
B6_D1,869,0,139,0,0
B10_D1,622,0,31,0,0
B4_D1,958,0,43,0,0
B6_D1,688,0,269,0,0
B10_D1,738,0,86,0,0
G1_D1,16,0,366,0,0
B6_D1,173,0,480,0,0
B10_D1,211,0,125,0,0
B6_D1,350,0,218,0,0
B10_D1,796,0,7,0,0
G1_D1,878,0,260,0,0
B10_D1,627,0,282,0,0
B10_D1,837,0,423,0,0
G1_D1,672,0,200,0,0
G1_D1,389,0,508,0,0
B2_D1,906,0,40,0,0
B10_D1,519,0,304,0,0
B6_D1,270,0,335,0,0
B6_D1,505,0,352,0,0
G1_D1,860,0,68,0,0
B2_D1,532,0,155,0,0
B2_D1,571,0,473,0,0
B10_D1,48,0,173,0,0
G1_D1,253,0,8,0,0
B6_D1,364,0,21,0,0
B6_D1,588,0,24,0,0
G1_D1,1017,0,283,0,0
B6_D1,758,0,470,0,0
B2_D1,256,0,139,0,0
G1_D1,287,0,257,0,0
G1_D1,455,0,55,0,0
B6_D1,607,0,234,0,0
B6_D1,966,0,124,0,0
B6_D1,425,0,330,0,0
G1_D1,207,0,79,0,0
G1_D1,681,0,12,0,0
B10_D1,770,0,261,0,0
B10_D1,454,0,483,0,0
B6_D1,44,0,5,0,0
B10_D1,207,0,454,0,0
B6_D1,276,0,151,0,0
G1_D1,694,0,201,0,0
B6_D1,129,0,455,0,0
G1_D1,585,0,143,0,0
B10_D1,108,0,5,0,0
B6_D1,726,0,275,0,0
B8_D1,366,0,291,0,0
B6_D1,414,0,482,0,0
B4_D1,993,0,242,0,0
B4_D1,435,0,195,0,0
B6_D1,676,0,126,0,0
B6_D1,599,0,353,0,0
G1_D1,849,0,311,0,0
B6_D1,924,0,212,0,0
B6_D1,279,0,164,0,0
B6_D1,327,0,153,0,0
B6_D1,1018,0,413,0,0
B4_D1,423,0,417,0,0
G1_D1,992,0,374,0,0
B10_D1,333,0,131,0,0
G1_D1,927,0,95,0,0
B10_D1,524,0,95,0,0
B10_D1,234,0,278,0,0
G1_D1,352,0,477,0,0
B6_D1,205,0,386,0,0
G1_D1,154,0,98,0,0
B4_D1,161,0,201,0,0
G1_D1,789,0,72,0,0
B10_D1,173,0,222,0,0
B6_D1,659,0,304,0,0
B6_D1,357,0,336,0,0
B6_D1,981,0,411,0,0
B10_D1,587,0,309,0,0
B4_D1,416,0,390,0,0
G1_D1,793,0,300,0,0
G1_D1,79,0,275,0,0
B10_D1,205,0,216,0,0
B10_D1,158,0,232,0,0
G1_D1,25,0,81,0,0
G1_D1,89,0,21,0,0
B10_D1,552,0,295,0,0
G1_D1,104,0,1,0,0
G1_D1,766,0,270,0,0
G1_D1,806,0,92,0,0
B10_D1,230,0,177,0,0
G1_D1,298,0,23,0,0
B6_D1,26,0,245,0,0
B6_D1,453,0,137,0,0
G1_D1,990,0,5,0,0
G1_D1,991,0,211,0,0
B4_D1,172,0,271,0,0
B6_D1,461,0,74,0,0
G1_D1,231,0,237,0,0
G1_D1,998,0,16,0,0
B6_D1,842,0,200,0,0
B6_D1,302,0,181,0,0
B6_D1,828,0,393,0,0
B10_D1,729,0,84,0,0
B10_D1,496,0,317,0,0
B2_D1,139,0,47,0,0
B6_D1,654,0,500,0,0
B6_D1,302,0,291,0,0
B10_D1,937,0,217,0,0
B2_D1,885,0,70,0,0
B4_D1,637,0,79,0,0
G1_D1,151,0,253,0,0
G1_D1,853,0,311,0,0
G1_D1,1013,0,51,0,0
B6_D1,456,0,45,0,0
B2_D1,781,0,25,0,0
B10_D1,460,0,44,0,0
B2_D1,423,0,170,0,0
B6_D1,957,0,132,0,0
G1_D1,368,0,158,0,0
B6_D1,494,0,483,0,0
G1_D1,514,0,276,0,0
G1_D1,24,0,98,0,0
B6_D1,668,0,17,0,0
G1_D1,163,0,107,0,0
B10_D1,23,0,71,0,0
B6_D1,850,0,505,0,0
B6_D1,984,0,29,0,0
B6_D1,801,0,130,0,0
B10_D1,794,0,401,0,0
B10_D1,372,0,56,0,0
B6_D1,700,0,14,0,0
B10_D1,709,0,110,0,0
G1_D1,846,0,77,0,0
B6_D1,253,0,156,0,0
B6_D1,162,0,78,0,0
B8_D1,763,0,313,0,0
B6_D1,17,0,140,0,0
G1_D1,487,0,46,0,0
B10_D1,492,0,5,0,0
B2_D1,815,0,58,0,0
B6_D1,276,0,20,0,0
B10_D1,704,0,480,0,0
B10_D1,765,0,110,0,0
G1_D1,44,0,100,0,0
B6_D1,924,0,213,0,0
G1_D1,715,0,312,0,0
G1_D1,318,0,218,0,0
B10_D1,989,0,57,0,0
B6_D1,140,0,24,0,0
B6_D1,564,0,18,0,0
B6_D1,536,0,35,0,0
B6_D1,46,0,198,0,0
B10_D1,356,0,412,0,0
B6_D1,774,0,258,0,0
B6_D1,340,0,211,0,0
G1_D1,645,0,37,0,0
B6_D1,1016,0,136,0,0
B6_D1,424,0,421,0,0
B6_D1,184,0,45,0,0
B2_D1,217,0,401,0,0
B10_D1,431,0,72,0,0
B10_D1,445,0,239,0,0
G1_D1,28,0,146,0,0
B6_D1,293,0,435,0,0
B4_D1,455,0,241,0,0
B10_D1,179,0,8,0,0
B6_D1,254,0,472,0,0
B6_D1,241,0,454,0,0
B10_D1,1016,0,10,0,0
B6_D1,368,0,331,0,0
B10_D1,600,0,277,0,0
B6_D1,70,0,122,0,0
B6_D1,75,0,206,0,0
B10_D1,715,0,124,0,0
B10_D1,930,0,336,0,0
B6_D1,222,0,504,0,0
G1_D1,252,0,56,0,0
B10_D1,400,0,26,0,0
B10_D1,101,0,450,0,0
B6_D1,560,0,340,0,0
B4_D1,2,0,435,0,0
B10_D1,177,0,30,0,0
G1_D1,692,0,282,0,0
B10_D1,202,0,400,0,0
B8_D1,175,0,113,0,0
B6_D1,835,0,51,0,0
B6_D1,989,0,306,0,0
B6_D1,688,0,450,0,0
B10_D1,642,0,25,0,0
B10_D1,208,0,184,0,0
G1_D1,986,0,215,0,0
B6_D1,287,0,143,0,0
G1_D1,336,0,3,0,0
B4_D1,809,0,67,0,0
B6_D1,467,0,62,0,0
B6_D1,717,0,299,0,0
B2_D1,942,0,457,0,0
B10_D1,319,0,236,0,0
B6_D1,863,0,360,0,0
B6_D1,283,0,395,0,0
B6_D1,376,0,14,0,0
B4_D1,32,0,126,0,0
B4_D1,933,0,118,0,0
B6_D1,716,0,283,0,0
B10_D1,91,0,8,0,0
B10_D1,904,0,5,0,0
B10_D1,202,0,276,0,0
G1_D1,133,0,111,0,0
B10_D1,461,0,216,0,0
B6_D1,617,0,107,0,0
B6_D1,78,0,445,0,0
B6_D1,164,0,0,0,0
B6_D1,773,0,480,0,0
G1_D1,990,0,139,0,0
B6_D1,872,0,264,0,0
G1_D1,911,0,221,0,0
B10_D1,153,0,26,0,0
B10_D1,1020,0,85,0,0
B4_D1,401,0,229,0,0
B6_D1,168,0,41,0,0
B2_D1,848,0,25,0,0
G1_D1,207,0,180,0,0
G1_D1,518,0,13,0,0
G1_D1,664,0,472,0,0
G1_D1,35,0,37,0,0
G1_D1,12,0,64,0,0
B10_D1,281,0,281,0,0
B2_D1,401,0,173,0,0
G1_D1,743,0,237,0,0
G1_D1,712,0,3,0,0
B10_D1,824,0,64,0,0
B4_D1,65,0,276,0,0
B6_D1,134,0,497,0,0
B4_D1,0,0,275,0,0
B6_D1,426,0,498,0,0
B6_D1,335,0,381,0,0
B10_D1,766,0,22,0,0
B10_D1,51,0,10,0,0
B2_D1,322,0,161,0,0
B10_D1,395,0,490,0,0
B10_D1,945,0,30,0,0
B6_D1,779,0,109,0,0
B2_D1,872,0,28,0,0
B2_D1,906,0,41,0,0
B10_D1,57,0,328,0,0
B6_D1,624,0,391,0,0
B6_D1,478,0,370,0,0
B10_D1,742,0,58,0,0
B6_D1,670,0,346,0,0
B6_D1,150,0,484,0,0
B10_D1,185,0,7,0,0
B6_D1,2,0,85,0,0
B10_D1,116,0,274,0,0
B10_D1,591,0,319,0,0
B6_D1,719,0,109,0,0
B6_D1,540,0,240,0,0
B2_D1,926,0,458,0,0
B10_D1,513,0,124,0,0
B10_D1,755,0,417,0,0
B6_D1,326,0,239,0,0
B8_D1,448,0,201,0,0
B4_D1,619,0,165,0,0
B6_D1,314,0,507,0,0
B4_D1,185,0,417,0,0
B10_D1,839,0,336,0,0
B6_D1,846,0,395,0,0
B10_D1,642,0,38,0,0
G1_D1,275,0,121,0,0
B10_D1,449,0,24,0,0
B10_D1,670,0,240,0,0
G1_D1,994,0,318,0,0
B8_D1,224,0,88,0,0
G1_D1,170,0,177,0,0
B6_D1,348,0,19,0,0
B10_D1,574,0,503,0,0
G1_D1,366,0,40,0,0
G1_D1,138,0,413,0,0
B2_D1,747,0,24,0,0
B6_D1,474,0,327,0,0
B8_D1,447,0,199,0,0
G1_D1,331,0,62,0,0
G1_D1,67,0,310,0,0
B6_D1,742,0,157,0,0
B6_D1,608,0,8,0,0
B2_D1,250,0,296,0,0
B6_D1,1000,0,32,0,0
B4_D1,1021,0,166,0,0
B6_D1,801,0,85,0,0
B10_D1,3,0,65,0,0
B6_D1,884,0,24,0,0
G1_D1,387,0,269,0,0
B6_D1,870,0,502,0,0
B6_D1,22,0,92,0,0
B10_D1,279,0,422,0,0
B6_D1,648,0,0,0,0
B4_D1,43,0,7,0,0
B4_D1,796,0,18,0,0
B6_D1,144,0,8,0,0
G1_D1,145,0,4,0,0
G1_D1,396,0,371,0,0
B10_D1,730,0,80,0,0
G1_D1,25,0,157,0,0
B6_D1,843,0,368,0,0
B10_D1,46,0,122,0,0
B6_D1,862,0,492,0,0
B4_D1,880,0,212,0,0
B10_D1,16,0,249,0,0
B6_D1,738,0,332,0,0
B6_D1,867,0,197,0,0
B6_D1,661,0,413,0,0
B2_D1,470,0,482,0,0
B10_D1,616,0,241,0,0
B10_D1,654,0,443,0,0
B6_D1,549,0,406,0,0
B2_D1,246,0,67,0,0
G1_D1,676,0,136,0,0
G1_D1,326,0,39,0,0
G1_D1,885,0,29,0,0
B6_D1,160,0,36,0,0
B10_D1,601,0,479,0,0
B4_D1,126,0,263,0,0
B2_D1,645,0,510,0,0
B4_D1,186,0,416,0,0
B6_D1,312,0,28,0,0
B6_D1,559,0,304,0,0
G1_D1,764,0,7,0,0
B6_D1,916,0,241,0,0
B10_D1,755,0,424,0,0
B6_D1,641,0,292,0,0
G1_D1,630,0,510,0,0
B10_D1,850,0,324,0,0
B10_D1,775,0,305,0,0
B10_D1,651,0,205,0,0
G1_D1,934,0,57,0,0
B6_D1,510,0,489,0,0
B2_D1,204,0,303,0,0
B6_D1,114,0,49,0,0
B6_D1,47,0,230,0,0
B6_D1,691,0,198,0,0
B10_D1,403,0,59,0,0
B6_D1,400,0,35,0,0
B6_D1,656,0,404,0,0
G1_D1,552,0,26,0,0
G1_D1,613,0,131,0,0
B10_D1,594,0,212,0,0
B6_D1,680,0,11,0,0
B10_D1,34,0,16,0,0
B8_D1,389,0,193,0,0
B6_D1,308,0,23,0,0
B6_D1,611,0,283,0,0
B10_D1,483,0,298,0,0
B6_D1,52,0,36,0,0
B10_D1,103,0,83,0,0
B10_D1,506,0,37,0,0
B10_D1,509,0,300,0,0
B10_D1,159,0,506,0,0
B10_D1,344,0,9,0,0
B10_D1,877,0,28,0,0
B6_D1,544,0,293,0,0
B6_D1,407,0,157,0,0
B6_D1,686,0,485,0,0
B4_D1,148,0,273,0,0
B10_D1,464,0,66,0,0
B10_D1,767,0,374,0,0
B6_D1,544,0,5,0,0
B6_D1,247,0,361,0,0
B10_D1,178,0,43,0,0
B6_D1,60,0,48,0,0
G1_D1,643,0,136,0,0
B10_D1,613,0,84,0,0
G1_D1,310,0,185,0,0
G1_D1,345,0,48,0,0
B6_D1,238,0,433,0,0
B6_D1,356,0,17,0,0
G1_D1,597,0,242,0,0
B6_D1,202,0,507,0,0
B6_D1,720,0,14,0,0
B10_D1,356,0,187,0,0
B6_D1,618,0,182,0,0
B10_D1,964,0,480,0,0
G1_D1,318,0,420,0,0
B6_D1,58,0,494,0,0
B4_D1,152,0,5,0,0
B6_D1,728,0,32,0,0
B10_D1,825,0,183,0,0
B10_D1,88,0,157,0,0
B10_D1,459,0,0,0,0
G1_D1,335,0,130,0,0
B6_D1,792,0,19,0,0
B6_D1,763,0,153,0,0
B2_D1,102,0,38,0,0
B10_D1,128,0,94,0,0
G1_D1,1015,0,464,0,0
G1_D1,487,0,100,0,0
G1_D1,740,0,322,0,0
B10_D1,666,0,116,0,0
B10_D1,539,0,0,0,0
G1_D1,329,0,151,0,0
B6_D1,260,0,421,0,0
B6_D1,400,0,26,0,0
B6_D1,5,0,459,0,0
B2_D1,696,0,263,0,0
B6_D1,253,0,149,0,0
B4_D1,5,0,266,0,0
B10_D1,3,0,201,0,0
B2_D1,166,0,255,0,0
B2_D1,738,0,30,0,0
G1_D1,374,0,511,0,0
B10_D1,101,0,313,0,0
B6_D1,17,0,331,0,0
B10_D1,516,0,254,0,0
G1_D1,223,0,17,0,0
B6_D1,547,0,160,0,0
B10_D1,930,0,326,0,0
B10_D1,592,0,142,0,0
B6_D1,60,0,92,0,0
B6_D1,446,0,353,0,0
G1_D1,845,0,34,0,0
B2_D1,352,0,493,0,0
B6_D1,746,0,491,0,0
G1_D1,605,0,294,0,0
B6_D1,955,0,213,0,0
B4_D1,737,0,15,0,0
B6_D1,306,0,388,0,0
G1_D1,746,0,104,0,0
G1_D1,717,0,430,0,0
B2_D1,173,0,306,0,0
B6_D1,579,0,168,0,0
B2_D1,432,0,510,0,0
B10_D1,118,0,192,0,0
B6_D1,216,0,35,0,0
G1_D1,81,0,315,0,0
B10_D1,659,0,273,0,0
B6_D1,128,0,19,0,0
B10_D1,883,0,355,0,0
B6_D1,814,0,499,0,0
B6_D1,20,0,16,0,0
B6_D1,732,0,272,0,0
B10_D1,802,0,213,0,0
B6_D1,0,0,267,0,0
B4_D1,864,0,251,0,0
B10_D1,476,0,246,0,0
G1_D1,439,0,76,0,0
B10_D1,161,0,126,0,0
B4_D1,962,0,220,0,0
B10_D1,336,0,189,0,0
B6_D1,500,0,49,0,0
B6_D1,207,0,384,0,0
B6_D1,685,0,392,0,0
G1_D1,919,0,95,0,0
B6_D1,355,0,481,0,0
B6_D1,78,0,415,0,0
B6_D1,800,0,25,0,0
G1_D1,800,0,62,0,0
B6_D1,964,0,34,0,0
B10_D1,570,0,484,0,0
B10_D1,533,0,249,0,0
G1_D1,170,0,75,0,0
B2_D1,468,0,167,0,0
B10_D1,423,0,67,0,0
B6_D1,878,0,150,0,0
B2_D1,667,0,437,0,0
B10_D1,471,0,482,0,0
B10_D1,22,0,138,0,0
G1_D1,78,0,52,0,0
B6_D1,924,0,23,0,0
B10_D1,670,0,274,0,0
B6_D1,830,0,272,0,0
B10_D1,792,0,274,0,0
B6_D1,372,0,11,0,0
B10_D1,879,0,24,0,0
G1_D1,207,0,454,0,0
B8_D1,76,0,118,0,0
B4_D1,772,0,214,0,0
G1_D1,649,0,104,0,0
B10_D1,443,0,270,0,0
B6_D1,137,0,137,0,0
B10_D1,46,0,252,0,0
B10_D1,283,0,31,0,0
B4_D1,117,0,162,0,0
B6_D1,513,0,148,0,0
B4_D1,30,0,138,0,0
B6_D1,248,0,307,0,0
B6_D1,648,0,28,0,0
B2_D1,928,0,69,0,0
G1_D1,75,0,15,0,0
B10_D1,696,0,482,0,0
B6_D1,856,0,50,0,0
B4_D1,1015,0,214,0,0
B10_D1,98,0,310,0,0
B6_D1,501,0,186,0,0
B10_D1,633,0,495,0,0
B6_D1,440,0,23,0,0
B10_D1,349,0,241,0,0
B10_D1,956,0,243,0,0
G1_D1,868,0,439,0,0
G1_D1,913,0,437,0,0
B10_D1,567,0,317,0,0
B10_D1,210,0,47,0,0
B6_D1,670,0,491,0,0
B10_D1,43,0,2,0,0
B2_D1,87,0,32,0,0
G1_D1,985,0,19,0,0
G1_D1,451,0,509,0,0
B6_D1,892,0,4,0,0
B10_D1,391,0,8,0,0
B6_D1,192,0,33,0,0
B6_D1,378,0,68,0,0
B6_D1,641,0,175,0,0
B10_D1,718,0,443,0,0
B6_D1,969,0,427,0,0
B2_D1,951,0,41,0,0
B2_D1,576,0,43,0,0
G1_D1,320,0,423,0,0
B6_D1,936,0,60,0,0
G1_D1,399,0,15,0,0
B6_D1,851,0,53,0,0
B6_D1,558,0,497,0,0
B6_D1,523,0,317,0,0
B6_D1,321,0,141,0,0
G1_D1,212,0,11,0,0
G1_D1,116,0,7,0,0
B6_D1,230,0,465,0,0
B4_D1,841,0,206,0,0
B6_D1,952,0,5,0,0
B6_D1,854,0,184,0,0
B6_D1,595,0,349,0,0
G1_D1,398,0,390,0,0
B6_D1,140,0,2,0,0
B6_D1,674,0,436,0,0
B10_D1,785,0,398,0,0
B6_D1,538,0,176,0,0
B6_D1,956,0,12,0,0
B10_D1,283,0,510,0,0
B6_D1,864,0,106,0,0
G1_D1,78,0,460,0,0
B6_D1,559,0,328,0,0
B2_D1,359,0,488,0,0
B2_D1,814,0,64,0,0
B6_D1,174,0,499,0,0
B6_D1,948,0,188,0,0
G1_D1,278,0,285,0,0
B6_D1,214,0,495,0,0
B6_D1,932,0,12,0,0
B6_D1,548,0,44,0,0
B6_D1,601,0,480,0,0
B10_D1,14,0,287,0,0
B6_D1,967,0,237,0,0
G1_D1,701,0,12,0,0
G1_D1,855,0,70,0,0
B2_D1,599,0,289,0,0
B10_D1,872,0,72,0,0
G1_D1,457,0,243,0,0
B10_D1,461,0,125,0,0
G1_D1,27,0,76,0,0
B8_D1,634,0,239,0,0
B6_D1,911,0,255,0,0
B4_D1,640,0,300,0,0
B10_D1,129,0,108,0,0
B6_D1,968,0,28,0,0
B2_D1,450,0,511,0,0
G1_D1,856,0,446,0,0
B2_D1,226,0,479,0,0
B2_D1,852,0,40,0,0
B10_D1,603,0,2,0,0
B10_D1,337,0,224,0,0
B6_D1,127,0,263,0,0
B4_D1,694,0,306,0,0
B10_D1,399,0,199,0,0
G1_D1,620,0,166,0,0
B6_D1,876,0,27,0,0
B6_D1,736,0,427,0,0
B6_D1,520,0,2,0,0
B2_D1,888,0,26,0,0
G1_D1,17,0,144,0,0
G1_D1,342,0,240,0,0
B10_D1,664,0,29,0,0
B4_D1,339,0,342,0,0
B4_D1,256,0,288,0,0
B6_D1,330,0,262,0,0
B6_D1,545,0,173,0,0
B6_D1,828,0,121,0,0
B6_D1,156,0,341,0,0
G1_D1,1002,0,231,0,0
B6_D1,772,0,28,0,0
G1_D1,302,0,415,0,0
B6_D1,797,0,217,0,0
B10_D1,667,0,254,0,0
B2_D1,225,0,400,0,0
B6_D1,392,0,386,0,0
B6_D1,987,0,407,0,0
B6_D1,531,0,384,0,0
B6_D1,200,0,41,0,0
B10_D1,383,0,2,0,0
B6_D1,932,0,213,0,0
G1_D1,393,0,296,0,0
B6_D1,266,0,67,0,0
B10_D1,598,0,193,0,0
B10_D1,567,0,319,0,0
B8_D1,63,0,329,0,0
B6_D1,165,0,273,0,0
B10_D1,371,0,182,0,0
B6_D1,1012,0,83,0,0
B6_D1,280,0,248,0,0
G1_D1,83,0,15,0,0
B10_D1,146,0,136,0,0
B10_D1,40,0,4,0,0
G1_D1,20,0,11,0,0
B10_D1,222,0,48,0,0
G1_D1,266,0,61,0,0
G1_D1,966,0,55,0,0
G1_D1,25,0,281,0,0
B4_D1,382,0,389,0,0
B10_D1,272,0,44,0,0
B8_D1,410,0,194,0,0
B8_D1,962,0,239,0,0
G1_D1,1017,0,478,0,0
B10_D1,778,0,102,0,0
B6_D1,400,0,243,0,0
G1_D1,696,0,437,0,0
G1_D1,674,0,261,0,0
B10_D1,586,0,484,0,0
B10_D1,501,0,335,0,0
B10_D1,450,0,273,0,0
B4_D1,144,0,362,0,0
B2_D1,645,0,505,0,0
B6_D1,254,0,332,0,0
B6_D1,680,0,0,0,0
G1_D1,150,0,300,0,0
B4_D1,72,0,182,0,0
B2_D1,853,0,13,0,0
B10_D1,729,0,74,0,0
G1_D1,344,0,7,0,0
B6_D1,776,0,54,0,0
B6_D1,632,0,46,0,0
G1_D1,894,0,264,0,0
B10_D1,367,0,264,0,0
B10_D1,467,0,32,0,0
B10_D1,574,0,157,0,0
B6_D1,454,0,322,0,0
B6_D1,1017,0,257,0,0
G1_D1,790,0,205,0,0
B2_D1,1018,0,511,0,0
B10_D1,87,0,14,0,0
G1_D1,265,0,315,0,0
B10_D1,84,0,199,0,0
B2_D1,898,0,104,0,0
B10_D1,155,0,42,0,0
B10_D1,147,0,292,0,0
B10_D1,99,0,271,0,0
B8_D1,996,0,301,0,0
B10_D1,487,0,34,0,0
G1_D1,634,0,302,0,0
B4_D1,705,0,258,0,0
B6_D1,792,0,349,0,0
B6_D1,320,0,140,0,0
B4_D1,202,0,357,0,0
B6_D1,420,0,19,0,0
B6_D1,512,0,44,0,0
B4_D1,119,0,16,0,0
B6_D1,966,0,510,0,0
B6_D1,756,0,16,0,0
G1_D1,133,0,21,0,0
G1_D1,668,0,256,0,0
B10_D1,396,0,275,0,0
B10_D1,637,0,284,0,0
B6_D1,808,0,11,0,0
G1_D1,1010,0,116,0,0
B10_D1,12,0,353,0,0
B10_D1,381,0,263,0,0
B10_D1,143,0,35,0,0
B10_D1,274,0,53,0,0
B10_D1,456,0,157,0,0
G1_D1,1014,0,217,0,0
B10_D1,26,0,107,0,0
B2_D1,325,0,37,0,0
B10_D1,430,0,118,0,0
B10_D1,950,0,43,0,0
B2_D1,193,0,83,0,0
B6_D1,320,0,326,0,0
B6_D1,138,0,322,0,0
B10_D1,132,0,286,0,0
G1_D1,918,0,52,0,0
B6_D1,930,0,461,0,0
G1_D1,944,0,493,0,0
B6_D1,928,0,24,0,0
B10_D1,20,0,32,0,0
B6_D1,188,0,7,0,0
G1_D1,499,0,130,0,0
B10_D1,343,0,19,0,0
B6_D1,779,0,81,0,0
G1_D1,111,0,63,0,0
B6_D1,596,0,9,0,0
B4_D1,957,0,234,0,0
B6_D1,670,0,223,0,0
B6_D1,323,0,293,0,0
B6_D1,698,0,342,0,0
B6_D1,952,0,30,0,0
B6_D1,356,0,30,0,0
G1_D1,688,0,58,0,0
G1_D1,82,0,5,0,0
B10_D1,111,0,406,0,0
G1_D1,201,0,372,0,0
G1_D1,178,0,451,0,0
B6_D1,275,0,163,0,0
B6_D1,830,0,503,0,0
G1_D1,313,0,484,0,0
B10_D1,846,0,340,0,0
B6_D1,420,0,44,0,0
B10_D1,475,0,3,0,0
B8_D1,495,0,294,0,0
G1_D1,24,0,242,0,0
G1_D1,861,0,248,0,0
B4_D1,409,0,86,0,0
B6_D1,24,0,223,0,0
G1_D1,899,0,31,0,0
B6_D1,65,0,104,0,0
B6_D1,848,0,146,0,0
B6_D1,407,0,300,0,0
B6_D1,1008,0,28,0,0
B6_D1,369,0,156,0,0
B10_D1,920,0,21,0,0
B10_D1,685,0,256,0,0
G1_D1,883,0,22,0,0
B4_D1,899,0,124,0,0
G1_D1,503,0,10,0,0
B6_D1,887,0,346,0,0
B2_D1,797,0,37,0,0
B10_D1,453,0,461,0,0
G1_D1,45,0,177,0,0
B2_D1,460,0,370,0,0
B6_D1,606,0,237,0,0
B6_D1,298,0,427,0,0
B6_D1,125,0,137,0,0
G1_D1,174,0,226,0,0
G1_D1,650,0,75,0,0
B10_D1,61,0,25,0,0
B6_D1,328,0,166,0,0
B10_D1,955,0,289,0,0
G1_D1,122,0,5,0,0
B4_D1,736,0,249,0,0
G1_D1,498,0,484,0,0
B6_D1,649,0,111,0,0
B2_D1,219,0,72,0,0
B10_D1,557,0,511,0,0
B6_D1,123,0,467,0,0
B10_D1,881,0,40,0,0
B10_D1,337,0,413,0,0
B10_D1,183,0,130,0,0
G1_D1,805,0,93,0,0
B10_D1,401,0,171,0,0
G1_D1,13,0,253,0,0
G1_D1,13,0,177,0,0
B10_D1,852,0,338,0,0
B4_D1,414,0,27,0,0
G1_D1,913,0,304,0,0
G1_D1,261,0,284,0,0
B6_D1,74,0,312,0,0
B2_D1,910,0,259,0,0
B10_D1,305,0,329,0,0
B6_D1,574,0,491,0,0
B2_D1,576,0,161,0,0
B4_D1,772,0,37,0,0
B10_D1,410,0,279,0,0
B10_D1,418,0,73,0,0
B6_D1,625,0,421,0,0
B6_D1,44,0,34,0,0
B6_D1,720,0,8,0,0
B6_D1,776,0,397,0,0
B10_D1,140,0,239,0,0
G1_D1,444,0,244,0,0
B10_D1,154,0,106,0,0
B6_D1,84,0,100,0,0
G1_D1,34,0,200,0,0
G1_D1,167,0,269,0,0
B4_D1,68,0,167,0,0
B2_D1,989,0,51,0,0
B10_D1,581,0,116,0,0
B10_D1,301,0,136,0,0
B2_D1,578,0,28,0,0
B4_D1,23,0,18,0,0
B10_D1,431,0,493,0,0
B4_D1,1,0,273,0,0
B6_D1,548,0,165,0,0
B10_D1,685,0,77,0,0
B10_D1,452,0,282,0,0
B2_D1,532,0,161,0,0
B6_D1,971,0,428,0,0
G1_D1,200,0,11,0,0
G1_D1,38,0,511,0,0
G1_D1,521,0,472,0,0
G1_D1,381,0,223,0,0
G1_D1,406,0,9,0,0
B10_D1,119,0,64,0,0
B6_D1,624,0,386,0,0
G1_D1,1007,0,67,0,0
B10_D1,465,0,492,0,0
B6_D1,426,0,169,0,0
G1_D1,269,0,409,0,0
B6_D1,582,0,487,0,0
B10_D1,347,0,264,0,0
B10_D1,846,0,100,0,0
B10_D1,426,0,138,0,0
B10_D1,62,0,450,0,0
B6_D1,390,0,488,0,0
B2_D1,992,0,42,0,0
B2_D1,304,0,496,0,0
B10_D1,663,0,254,0,0
B6_D1,66,0,387,0,0
B4_D1,766,0,317,0,0
B10_D1,479,0,302,0,0
B6_D1,516,0,428,0,0
B6_D1,711,0,201,0,0
B6_D1,443,0,440,0,0
B6_D1,33,0,368,0,0
B10_D1,638,0,474,0,0
B10_D1,1012,0,474,0,0
B6_D1,758,0,504,0,0
B6_D1,324,0,29,0,0
B10_D1,384,0,313,0,0
B10_D1,930,0,368,0,0
B6_D1,660,0,49,0,0
B6_D1,412,0,42,0,0
G1_D1,734,0,86,0,0
B6_D1,46,0,259,0,0
B10_D1,242,0,130,0,0
G1_D1,23,0,276,0,0
B10_D1,560,0,4,0,0
G1_D1,17,0,288,0,0
B10_D1,732,0,344,0,0
B6_D1,813,0,77,0,0
B10_D1,307,0,36,0,0
B6_D1,120,0,44,0,0
G1_D1,953,0,276,0,0
G1_D1,762,0,384,0,0
B6_D1,146,0,114,0,0
B6_D1,488,0,170,0,0
G1_D1,429,0,128,0,0
B10_D1,258,0,230,0,0
B6_D1,909,0,240,0,0
B6_D1,880,0,17,0,0
B4_D1,6,0,92,0,0
B10_D1,221,0,329,0,0
B4_D1,71,0,25,0,0
B6_D1,991,0,271,0,0
B6_D1,607,0,167,0,0
B10_D1,79,0,81,0,0
B6_D1,124,0,206,0,0
G1_D1,245,0,42,0,0
B10_D1,545,0,509,0,0
G1_D1,839,0,213,0,0
G1_D1,627,0,85,0,0
G1_D1,882,0,50,0,0
B6_D1,758,0,250,0,0
B2_D1,854,0,116,0,0
B6_D1,402,0,293,0,0
B10_D1,728,0,260,0,0
B10_D1,197,0,79,0,0
B10_D1,397,0,471,0,0
B8_D1,775,0,229,0,0
G1_D1,28,0,64,0,0
B4_D1,85,0,61,0,0
B6_D1,38,0,120,0,0
G1_D1,32,0,205,0,0
B2_D1,478,0,511,0,0
B6_D1,320,0,16,0,0
G1_D1,620,0,159,0,0
B10_D1,791,0,397,0,0
B10_D1,17,0,236,0,0
B10_D1,207,0,141,0,0
B10_D1,691,0,2,0,0
B10_D1,799,0,395,0,0
B6_D1,712,0,35,0,0
B2_D1,185,0,145,0,0
B10_D1,18,0,177,0,0
B6_D1,446,0,158,0,0
B6_D1,141,0,52,0,0
B6_D1,684,0,44,0,0
B6_D1,976,0,409,0,0
G1_D1,178,0,59,0,0
B10_D1,83,0,272,0,0
B10_D1,956,0,34,0,0
B4_D1,730,0,246,0,0
G1_D1,988,0,68,0,0
B6_D1,520,0,10,0,0
B6_D1,503,0,479,0,0
B6_D1,631,0,366,0,0
B6_D1,759,0,186,0,0
B6_D1,53,0,267,0,0
B4_D1,726,0,76,0,0
G1_D1,929,0,70,0,0
B2_D1,363,0,160,0,0
G1_D1,891,0,14,0,0
B10_D1,163,0,246,0,0
B10_D1,441,0,23,0,0
B10_D1,23,0,88,0,0
G1_D1,186,0,343,0,0
G1_D1,682,0,108,0,0
B2_D1,766,0,89,0,0
B6_D1,128,0,34,0,0
B6_D1,618,0,377,0,0
B10_D1,427,0,22,0,0
B6_D1,377,0,265,0,0
G1_D1,574,0,38,0,0
B10_D1,522,0,98,0,0
B10_D1,93,0,276,0,0
B10_D1,623,0,81,0,0
B6_D1,325,0,374,0,0
B6_D1,399,0,69,0,0
B10_D1,117,0,339,0,0
G1_D1,690,0,53,0,0
B10_D1,142,0,214,0,0
B6_D1,76,0,13,0,0
G1_D1,615,0,317,0,0
B10_D1,293,0,17,0,0
B4_D1,1,0,122,0,0
B4_D1,6,0,302,0,0
B6_D1,184,0,42,0,0
B10_D1,94,0,153,0,0
B6_D1,275,0,62,0,0
B10_D1,92,0,133,0,0
B6_D1,32,0,463,0,0
B6_D1,288,0,7,0,0
G1_D1,130,0,191,0,0
B10_D1,720,0,455,0,0
B2_D1,178,0,409,0,0
B6_D1,234,0,452,0,0
B10_D1,664,0,94,0,0
B8_D1,711,0,313,0,0
B2_D1,240,0,480,0,0
B6_D1,576,0,19,0,0
G1_D1,739,0,233,0,0
G1_D1,17,0,12,0,0
B6_D1,370,0,507,0,0
B6_D1,644,0,19,0,0
B10_D1,878,0,300,0,0
G1_D1,55,0,17,0,0
B2_D1,339,0,53,0,0
B6_D1,66,0,434,0,0
G1_D1,31,0,203,0,0
B10_D1,502,0,84,0,0
G1_D1,426,0,109,0,0
G1_D1,17,0,8,0,0
B10_D1,265,0,459,0,0
B10_D1,319,0,93,0,0
B6_D1,509,0,242,0,0
B10_D1,187,0,56,0,0
B6_D1,478,0,414,0,0
B6_D1,840,0,27,0,0
B10_D1,372,0,312,0,0
G1_D1,602,0,111,0,0
B6_D1,900,0,393,0,0
B2_D1,370,0,487,0,0
G1_D1,551,0,232,0,0
B2_D1,0,0,84,0,0
B10_D1,423,0,357,0,0
B6_D1,48,0,269,0,0
B10_D1,943,0,82,0,0
G1_D1,289,0,105,0,0
G1_D1,546,0,92,0,0
B6_D1,134,0,316,0,0
B6_D1,841,0,258,0,0
B6_D1,377,0,280,0,0
B10_D1,467,0,233,0,0
B6_D1,295,0,244,0,0
G1_D1,2,0,454,0,0
G1_D1,988,0,178,0,0
B6_D1,984,0,1,0,0
G1_D1,709,0,125,0,0
G1_D1,396,0,449,0,0
B10_D1,686,0,326,0,0
B6_D1,98,0,509,0,0
B6_D1,951,0,401,0,0
B6_D1,580,0,2,0,0
B10_D1,145,0,267,0,0
B6_D1,476,0,25,0,0
G1_D1,15,0,2,0,0
B6_D1,514,0,327,0,0
B10_D1,584,0,414,0,0
B10_D1,8,0,9,0,0
B10_D1,386,0,396,0,0
B6_D1,221,0,295,0,0
G1_D1,177,0,46,0,0
B10_D1,33,0,272,0,0
B2_D1,383,0,174,0,0
B10_D1,556,0,4,0,0
B10_D1,303,0,404,0,0
B2_D1,544,0,40,0,0
B10_D1,495,0,233,0,0
B6_D1,273,0,70,0,0
G1_D1,19,0,367,0,0
G1_D1,483,0,232,0,0
B2_D1,13,0,129,0,0
B4_D1,320,0,213,0,0
B6_D1,648,0,36,0,0
G1_D1,874,0,77,0,0
B6_D1,908,0,393,0,0
B6_D1,232,0,42,0,0
B6_D1,816,0,6,0,0
B4_D1,91,0,18,0,0
B6_D1,744,0,314,0,0
B6_D1,780,0,29,0,0
G1_D1,419,0,6,0,0
B10_D1,7,0,344,0,0
B10_D1,636,0,246,0,0
G1_D1,650,0,17,0,0
B6_D1,114,0,241,0,0
G1_D1,51,0,150,0,0
B6_D1,138,0,316,0,0
B6_D1,149,0,123,0,0
B10_D1,701,0,234,0,0
B10_D1,250,0,352,0,0
B6_D1,50,0,122,0,0
G1_D1,418,0,223,0,0
B6_D1,237,0,162,0,0
B10_D1,108,0,118,0,0
G1_D1,410,0,9,0,0
B6_D1,279,0,361,0,0
G1_D1,898,0,17,0,0
B6_D1,417,0,270,0,0
B10_D1,11,0,311,0,0
B4_D1,705,0,63,0,0
B10_D1,381,0,476,0,0
B6_D1,69,0,395,0,0
B4_D1,70,0,85,0,0
B6_D1,14,0,360,0,0
B10_D1,453,0,51,0,0
G1_D1,438,0,509,0,0
B6_D1,475,0,283,0,0
B10_D1,570,0,157,0,0
B4_D1,658,0,234,0,0
G1_D1,964,0,256,0,0
B4_D1,321,0,30,0,0
B6_D1,562,0,326,0,0
B10_D1,172,0,55,0,0
B2_D1,828,0,2,0,0
G1_D1,776,0,213,0,0
B6_D1,687,0,300,0,0
B6_D1,744,0,252,0,0
B6_D1,982,0,413,0,0
G1_D1,532,0,18,0,0
B6_D1,288,0,342,0,0
G1_D1,872,0,215,0,0
B6_D1,283,0,199,0,0
B10_D1,57,0,7,0,0
B6_D1,26,0,502,0,0
B6_D1,270,0,267,0,0
G1_D1,516,0,476,0,0
B6_D1,900,0,465,0,0
B6_D1,793,0,251,0,0
G1_D1,259,0,2,0,0
B6_D1,937,0,274,0,0
B6_D1,212,0,46,0,0
B10_D1,998,0,237,0,0
B4_D1,1003,0,14,0,0
B6_D1,910,0,510,0,0
G1_D1,41,0,447,0,0
B8_D1,669,0,229,0,0
B6_D1,253,0,251,0,0
B10_D1,440,0,89,0,0
G1_D1,877,0,251,0,0
B10_D1,900,0,303,0,0
B6_D1,172,0,132,0,0
B6_D1,114,0,312,0,0
B6_D1,344,0,13,0,0
B10_D1,205,0,249,0,0
G1_D1,680,0,3,0,0
G1_D1,39,0,2,0,0
B2_D1,827,0,88,0,0
G1_D1,862,0,100,0,0
G1_D1,603,0,14,0,0
B2_D1,3,0,82,0,0
B10_D1,176,0,57,0,0
G1_D1,19,0,24,0,0
B2_D1,710,0,47,0,0
B10_D1,629,0,302,0,0
B10_D1,214,0,13,0,0
B6_D1,856,0,13,0,0
B10_D1,365,0,7,0,0
B4_D1,239,0,33,0,0
B4_D1,188,0,56,0,0
B10_D1,440,0,503,0,0
B10_D1,307,0,131,0,0
B6_D1,708,0,31,0,0
B8_D1,596,0,213,0,0
B4_D1,739,0,281,0,0
B10_D1,310,0,177,0,0
B10_D1,1022,0,146,0,0
G1_D1,760,0,1,0,0
G1_D1,65,0,447,0,0
B10_D1,259,0,3,0,0
B10_D1,4,0,351,0,0
G1_D1,407,0,230,0,0
B10_D1,144,0,275,0,0
B2_D1,972,0,59,0,0
B10_D1,404,0,141,0,0
B6_D1,422,0,486,0,0
G1_D1,880,0,1,0,0
B6_D1,470,0,478,0,0
B4_D1,20,0,0,0,0
B10_D1,600,0,297,0,0
B6_D1,652,0,15,0,0
B10_D1,823,0,424,0,0
G1_D1,998,0,116,0,0
B10_D1,394,0,143,0,0
B6_D1,28,0,252,0,0
G1_D1,233,0,60,0,0
B4_D1,969,0,15,0,0
B6_D1,29,0,74,0,0
B10_D1,793,0,248,0,0
B4_D1,4,0,248,0,0
B10_D1,615,0,87,0,0
B4_D1,458,0,20,0,0
G1_D1,685,0,35,0,0
B10_D1,189,0,34,0,0
B10_D1,399,0,247,0,0
B2_D1,249,0,153,0,0
G1_D1,319,0,61,0,0
G1_D1,884,0,3,0,0
B10_D1,652,0,444,0,0
G1_D1,36,0,146,0,0
B6_D1,486,0,495,0,0
B6_D1,726,0,69,0,0
B6_D1,312,0,35,0,0
B8_D1,106,0,3,0,0
G1_D1,36,0,130,0,0
B6_D1,82,0,393,0,0
B6_D1,423,0,224,0,0
B6_D1,545,0,383,0,0
B6_D1,814,0,131,0,0
B10_D1,660,0,378,0,0
G1_D1,846,0,22,0,0
G1_D1,296,0,1,0,0
B4_D1,97,0,451,0,0
B6_D1,855,0,116,0,0
B2_D1,493,0,217,0,0
G1_D1,133,0,265,0,0
B10_D1,156,0,270,0,0
B10_D1,280,0,197,0,0
B6_D1,716,0,23,0,0
B6_D1,813,0,69,0,0
B10_D1,117,0,102,0,0
B10_D1,315,0,157,0,0
G1_D1,344,0,3,0,0
B6_D1,932,0,5,0,0
B6_D1,54,0,108,0,0
G1_D1,674,0,120,0,0
B10_D1,216,0,51,0,0
B2_D1,273,0,503,0,0
B4_D1,994,0,56,0,0
B6_D1,726,0,488,0,0
G1_D1,705,0,125,0,0
B6_D1,648,0,389,0,0
B6_D1,771,0,273,0,0
B10_D1,426,0,486,0,0
G1_D1,874,0,291,0,0
B6_D1,760,0,1,0,0
B6_D1,932,0,62,0,0
B6_D1,304,0,226,0,0
B6_D1,756,0,254,0,0
B6_D1,844,0,32,0,0
B6_D1,350,0,224,0,0
G1_D1,678,0,159,0,0
G1_D1,326,0,396,0,0
B10_D1,781,0,447,0,0
B2_D1,784,0,132,0,0
B6_D1,978,0,503,0,0
B6_D1,442,0,488,0,0
B6_D1,695,0,229,0,0
B6_D1,740,0,5,0,0
G1_D1,606,0,19,0,0
B6_D1,185,0,196,0,0
G1_D1,344,0,1,0,0
B6_D1,949,0,141,0,0
G1_D1,698,0,257,0,0
B10_D1,377,0,511,0,0
B6_D1,491,0,413,0,0
B4_D1,207,0,107,0,0
B6_D1,357,0,337,0,0
G1_D1,335,0,10,0,0
B4_D1,719,0,79,0,0
B2_D1,650,0,145,0,0
B2_D1,346,0,136,0,0
B8_D1,126,0,129,0,0
B10_D1,683,0,302,0,0
B6_D1,113,0,195,0,0
B6_D1,232,0,2,0,0
B2_D1,590,0,46,0,0
B6_D1,994,0,202,0,0
B6_D1,536,0,40,0,0
B6_D1,334,0,507,0,0
B10_D1,758,0,54,0,0
B10_D1,21,0,282,0,0
B6_D1,940,0,39,0,0
G1_D1,16,0,26,0,0
B4_D1,870,0,259,0,0
B6_D1,207,0,147,0,0
B6_D1,701,0,188,0,0
B4_D1,588,0,224,0,0
B10_D1,776,0,60,0,0
B6_D1,690,0,453,0,0
B6_D1,550,0,487,0,0
B6_D1,1020,0,14,0,0
B6_D1,956,0,22,0,0
B6_D1,132,0,41,0,0
B6_D1,244,0,151,0,0
B10_D1,13,0,236,0,0
G1_D1,535,0,110,0,0
B10_D1,234,0,24,0,0
B10_D1,842,0,18,0,0
B10_D1,279,0,321,0,0
B10_D1,139,0,281,0,0
B4_D1,215,0,354,0,0
B6_D1,680,0,132,0,0
B6_D1,376,0,333,0,0
G1_D1,851,0,6,0,0
B10_D1,14,0,53,0,0
B10_D1,653,0,55,0,0
B10_D1,403,0,65,0,0
G1_D1,546,0,66,0,0
B6_D1,718,0,421,0,0
B4_D1,935,0,45,0,0
G1_D1,632,0,11,0,0
B6_D1,956,0,46,0,0
B6_D1,47,0,141,0,0
B6_D1,594,0,486,0,0
B10_D1,1019,0,206,0,0
B6_D1,924,0,12,0,0
B6_D1,209,0,72,0,0
B6_D1,317,0,378,0,0
G1_D1,1003,0,149,0,0
B6_D1,30,0,504,0,0
B10_D1,969,0,511,0,0
B10_D1,335,0,507,0,0
G1_D1,543,0,73,0,0
B6_D1,66,0,450,0,0
B10_D1,304,0,243,0,0
B10_D1,484,0,247,0,0
B4_D1,394,0,397,0,0
G1_D1,635,0,239,0,0
B6_D1,898,0,507,0,0
B10_D1,62,0,136,0,0
B6_D1,816,0,290,0,0
B10_D1,525,0,41,0,0
B6_D1,98,0,268,0,0
G1_D1,1016,0,463,0,0
B10_D1,847,0,92,0,0
G1_D1,887,0,250,0,0
B6_D1,547,0,349,0,0
B6_D1,122,0,316,0,0
B10_D1,753,0,451,0,0
G1_D1,553,0,122,0,0
B6_D1,741,0,295,0,0
G1_D1,405,0,225,0,0
B4_D1,1020,0,299,0,0
B6_D1,155,0,269,0,0
B10_D1,499,0,41,0,0
B6_D1,764,0,32,0,0
G1_D1,24,0,315,0,0
G1_D1,335,0,135,0,0
B6_D1,112,0,27,0,0
B6_D1,602,0,490,0,0
B2_D1,350,0,177,0,0
G1_D1,489,0,125,0,0
B10_D1,536,0,65,0,0
B6_D1,68,0,167,0,0
B10_D1,813,0,257,0,0
B6_D1,478,0,502,0,0
G1_D1,265,0,12,0,0
B6_D1,97,0,96,0,0
G1_D1,624,0,3,0,0
B6_D1,452,0,41,0,0
B10_D1,691,0,58,0,0
B10_D1,274,0,290,0,0
B6_D1,540,0,11,0,0
B6_D1,331,0,458,0,0
B6_D1,90,0,496,0,0
B10_D1,669,0,54,0,0
B6_D1,819,0,109,0,0
B6_D1,564,0,169,0,0
B10_D1,268,0,314,0,0
B10_D1,213,0,455,0,0
B10_D1,197,0,273,0,0
G1_D1,16,0,126,0,0
B6_D1,472,0,35,0,0
B10_D1,790,0,490,0,0
B6_D1,652,0,28,0,0
B10_D1,33,0,152,0,0
B10_D1,795,0,379,0,0
B6_D1,618,0,497,0,0
B8_D1,238,0,189,0,0
B10_D1,290,0,144,0,0
B10_D1,401,0,17,0,0
B6_D1,403,0,191,0,0
B10_D1,782,0,339,0,0
B6_D1,245,0,61,0,0
B6_D1,276,0,359,0,0
B6_D1,686,0,506,0,0
B6_D1,831,0,60,0,0
G1_D1,580,0,144,0,0
B2_D1,671,0,467,0,0
B6_D1,603,0,289,0,0
B6_D1,500,0,27,0,0
G1_D1,704,0,54,0,0
B10_D1,1011,0,0,0,0
B4_D1,885,0,15,0,0
B10_D1,205,0,30,0,0
B10_D1,531,0,149,0,0
B2_D1,961,0,510,0,0
B6_D1,761,0,316,0,0
B6_D1,677,0,310,0,0
B6_D1,940,0,444,0,0
B4_D1,817,0,40,0,0
B10_D1,732,0,350,0,0
B6_D1,647,0,180,0,0
B6_D1,897,0,69,0,0
B6_D1,97,0,288,0,0
B2_D1,889,0,93,0,0
B10_D1,618,0,144,0,0
B10_D1,293,0,200,0,0
B6_D1,594,0,319,0,0
B10_D1,3,0,408,0,0
B10_D1,141,0,355,0,0
B4_D1,1000,0,235,0,0
B6_D1,682,0,486,0,0
B4_D1,32,0,20,0,0
B10_D1,112,0,187,0,0
B6_D1,908,0,19,0,0
G1_D1,764,0,305,0,0
B10_D1,38,0,105,0,0
B2_D1,963,0,137,0,0
B10_D1,864,0,326,0,0
B2_D1,840,0,40,0,0
B10_D1,590,0,223,0,0
B6_D1,949,0,139,0,0
B10_D1,144,0,442,0,0
B6_D1,32,0,134,0,0
B10_D1,674,0,107,0,0
B6_D1,992,0,19,0,0
B10_D1,705,0,160,0,0
G1_D1,88,0,11,0,0
B6_D1,27,0,130,0,0
B6_D1,204,0,32,0,0
G1_D1,873,0,271,0,0
B6_D1,891,0,388,0,0
B10_D1,899,0,52,0,0
G1_D1,17,0,368,0,0
B6_D1,436,0,3,0,0
B6_D1,36,0,287,0,0
B10_D1,16,0,85,0,0
B6_D1,370,0,398,0,0
B6_D1,400,0,281,0,0
G1_D1,858,0,236,0,0
B6_D1,540,0,282,0,0
B6_D1,484,0,439,0,0
B6_D1,590,0,507,0,0
B6_D1,267,0,379,0,0
B10_D1,900,0,250,0,0
B6_D1,493,0,383,0,0
B2_D1,157,0,257,0,0
B6_D1,420,0,36,0,0
G1_D1,870,0,37,0,0
B10_D1,120,0,49,0,0
B10_D1,716,0,314,0,0
B8_D1,103,0,97,0,0
B6_D1,226,0,501,0,0
B10_D1,397,0,94,0,0
B6_D1,614,0,497,0,0
B10_D1,356,0,217,0,0
B4_D1,0,0,38,0,0
B2_D1,950,0,72,0,0
B4_D1,1,0,202,0,0
B10_D1,806,0,18,0,0
B4_D1,6,0,447,0,0
B4_D1,1023,0,45,0,0
B10_D1,236,0,161,0,0
G1_D1,43,0,29,0,0
B6_D1,363,0,412,0,0
B6_D1,676,0,49,0,0
B2_D1,475,0,158,0,0
B6_D1,768,0,23,0,0
B6_D1,907,0,300,0,0
B10_D1,246,0,39,0,0
B2_D1,660,0,169,0,0
B4_D1,876,0,262,0,0
B6_D1,7,0,440,0,0
G1_D1,39,0,324,0,0
B6_D1,314,0,489,0,0
B6_D1,329,0,206,0,0
B10_D1,555,0,171,0,0
B6_D1,795,0,93,0,0
B6_D1,351,0,217,0,0
B10_D1,621,0,361,0,0
B6_D1,384,0,20,0,0
G1_D1,1018,0,138,0,0
G1_D1,979,0,274,0,0
B10_D1,669,0,56,0,0
B10_D1,410,0,100,0,0
B10_D1,576,0,259,0,0
B6_D1,823,0,232,0,0
B6_D1,990,0,399,0,0
B6_D1,236,0,32,0,0
B6_D1,762,0,341,0,0
B6_D1,938,0,435,0,0
B10_D1,152,0,442,0,0
B6_D1,2,0,503,0,0
B4_D1,820,0,259,0,0
B6_D1,465,0,57,0,0
B6_D1,909,0,91,0,0
B10_D1,545,0,511,0,0
B6_D1,480,0,7,0,0
B10_D1,475,0,28,0,0
G1_D1,729,0,321,0,0
B10_D1,231,0,319,0,0
B10_D1,134,0,71,0,0
B2_D1,826,0,70,0,0
G1_D1,727,0,66,0,0
B6_D1,385,0,226,0,0
B6_D1,832,0,55,0,0
G1_D1,320,0,287,0,0
B10_D1,297,0,251,0,0
B8_D1,852,0,231,0,0
B4_D1,669,0,43,0,0
B6_D1,905,0,366,0,-1
B4_D1,514,0,271,0,0
B10_D1,305,0,268,0,0
B10_D1,437,0,339,0,0
B2_D1,989,0,52,0,0
B6_D1,217,0,386,0,0
B10_D1,448,0,228,0,0
B2_D1,735,0,360,0,0
B10_D1,210,0,181,0,0
G1_D1,874,0,94,0,0
B4_D1,36,0,19,0,0
B4_D1,806,0,261,0,0
B4_D1,816,0,46,0,0
G1_D1,314,0,20,0,0
B10_D1,858,0,332,0,0
B6_D1,146,0,204,0,0
B10_D1,20,0,180,0,0
B6_D1,892,0,37,0,0
B10_D1,907,0,316,0,0
B2_D1,991,0,48,0,0
G1_D1,9,0,83,0,0
B6_D1,279,0,141,0,0
B6_D1,394,0,175,0,0
G1_D1,687,0,117,0,0
B4_D1,191,0,18,0,0
B10_D1,268,0,172,0,0
B6_D1,951,0,83,0,0
G1_D1,294,0,487,0,0
G1_D1,367,0,229,0,0
B6_D1,214,0,330,0,0
B10_D1,640,0,37,0,0
G1_D1,436,0,249,0,0
B6_D1,427,0,319,0,0
B10_D1,365,0,58,0,0
B6_D1,313,0,135,0,0
G1_D1,68,0,271,0,0
G1_D1,29,0,489,0,0
B10_D1,550,0,308,0,0
B4_D1,217,0,355,0,0
B6_D1,603,0,271,0,0
G1_D1,224,0,135,0,0
B6_D1,503,0,384,0,0
B6_D1,414,0,478,0,0
G1_D1,603,0,113,0,0
B10_D1,371,0,114,0,0
B10_D1,482,0,471,0,0
G1_D1,254,0,61,0,0
B10_D1,155,0,100,0,0
B6_D1,956,0,307,0,0
B8_D1,816,0,227,0,0
B10_D1,655,0,411,0,0
B10_D1,836,0,271,0,0
B6_D1,124,0,466,0,0
B10_D1,143,0,12,0,0
G1_D1,590,0,192,0,0
B6_D1,557,0,290,0,0
B6_D1,175,0,368,0,0
B2_D1,511,0,124,0,0
G1_D1,195,0,43,0,0
G1_D1,33,0,487,0,0
B6_D1,872,0,46,0,0
B10_D1,22,0,107,0,0
G1_D1,320,0,277,0,0
G1_D1,109,0,93,0,0
G1_D1,855,0,6,0,0
G1_D1,48,0,7,0,0
B6_D1,194,0,347,0,0
G1_D1,703,0,44,0,0
B6_D1,923,0,118,0,0
B6_D1,972,0,17,0,0
B10_D1,206,0,15,0,0
B2_D1,213,0,208,0,0
B6_D1,530,0,291,0,0
B6_D1,56,0,113,0,0
G1_D1,494,0,70,0,0
G1_D1,133,0,457,0,0
B6_D1,895,0,388,0,0
B10_D1,827,0,271,0,0
B6_D1,600,0,48,0,0
B6_D1,8,0,8,0,0
G1_D1,329,0,276,0,0
G1_D1,298,0,87,0,0
G1_D1,18,0,234,0,0
B6_D1,866,0,486,0,0
B10_D1,216,0,431,0,0
G1_D1,46,0,511,0,0
B6_D1,592,0,165,0,0
B10_D1,575,0,105,0,0
B10_D1,151,0,212,0,0
B10_D1,334,0,43,0,0
B10_D1,107,0,50,0,0
B10_D1,378,0,269,0,0
B6_D1,639,0,164,0,0
B6_D1,514,0,494,0,0
B6_D1,958,0,483,0,0
G1_D1,451,0,2,0,0
G1_D1,112,0,148,0,0
G1_D1,930,0,286,0,0
B6_D1,246,0,330,0,0
B10_D1,499,0,493,0,0
B10_D1,208,0,253,0,0
B10_D1,295,0,37,0,0
B6_D1,686,0,63,0,0
G1_D1,787,0,214,0,0
B10_D1,9,0,132,0,0
G1_D1,403,0,10,0,0
B6_D1,796,0,4,0,0
G1_D1,556,0,83,0,0
B10_D1,341,0,128,0,0
B4_D1,1,0,27,0,0
G1_D1,474,0,52,0,0
B10_D1,374,0,180,0,0
G1_D1,1006,0,162,0,0
B10_D1,505,0,151,0,0
G1_D1,56,0,98,0,0
B6_D1,189,0,475,0,0
B10_D1,158,0,154,0,0
G1_D1,932,0,325,0,0
G1_D1,580,0,102,0,0
G1_D1,190,0,283,0,0
B6_D1,1000,0,307,0,0
B10_D1,528,0,241,0,0
B4_D1,233,0,137,0,0
B10_D1,22,0,39,0,0
B6_D1,436,0,288,0,0
B6_D1,504,0,27,0,0
B6_D1,488,0,49,0,0
B2_D1,801,0,10,0,0
G1_D1,31,0,164,0,0
B10_D1,448,0,489,0,0
B6_D1,902,0,499,0,0
B2_D1,446,0,215,0,0
B10_D1,892,0,96,0,0
B10_D1,67,0,148,0,0
B10_D1,66,0,87,0,0
B6_D1,616,0,264,0,0
G1_D1,380,0,117,0,0
B10_D1,207,0,161,0,0
B6_D1,302,0,485,0,0
B10_D1,389,0,169,0,0
B6_D1,544,0,234,0,0
B10_D1,31,0,510,0,0
B10_D1,23,0,10,0,0
B6_D1,908,0,128,0,0
B6_D1,125,0,254,0,0
G1_D1,916,0,326,0,0
B6_D1,91,0,389,0,0
G1_D1,1017,0,84,0,0
G1_D1,21,0,87,0,0
B10_D1,705,0,266,0,0
B10_D1,588,0,329,0,0
G1_D1,944,0,99,0,0
B6_D1,448,0,170,0,0
B10_D1,782,0,231,0,0
B10_D1,243,0,12,0,0
B10_D1,820,0,5,0,0
B2_D1,829,0,18,0,0
G1_D1,206,0,72,0,0
B10_D1,877,0,343,0,0
B10_D1,1,0,125,0,0
B2_D1,231,0,60,0,0
B10_D1,369,0,45,0,0
G1_D1,514,0,33,0,0
B6_D1,228,0,150,0,0
B2_D1,33,0,21,0,0
B4_D1,673,0,187,0,0
B6_D1,396,0,8,0,0
B10_D1,280,0,183,0,0
B6_D1,998,0,49,0,0
B6_D1,300,0,47,0,0
B10_D1,287,0,316,0,0
B6_D1,298,0,487,0,0
B4_D1,224,0,56,0,0
B8_D1,81,0,188,0,0
B2_D1,858,0,79,0,0
B10_D1,61,0,31,0,0
B10_D1,267,0,253,0,0
B4_D1,851,0,234,0,0
B6_D1,760,0,3,0,0
B6_D1,779,0,121,0,0
B6_D1,52,0,14,0,0
B6_D1,560,0,48,0,0
B6_D1,908,0,282,0,0
B10_D1,424,0,392,0,0
B10_D1,327,0,90,0,0
B10_D1,106,0,334,0,0
G1_D1,705,0,280,0,0
B4_D1,174,0,118,0,0
B6_D1,879,0,444,0,0
B6_D1,853,0,141,0,0
B10_D1,760,0,164,0,0
B10_D1,163,0,185,0,0
B8_D1,397,0,193,0,0
B10_D1,28,0,181,0,0
B6_D1,790,0,350,0,0
B6_D1,538,0,494,0,0
B6_D1,964,0,1,0,0
G1_D1,973,0,69,0,0
B4_D1,613,0,348,0,0
B6_D1,227,0,181,0,0
B10_D1,285,0,329,0,0
B10_D1,412,0,61,0,0
B10_D1,921,0,384,0,0
B6_D1,343,0,142,0,0
G1_D1,292,0,95,0,0
B4_D1,451,0,233,0,0
G1_D1,826,0,77,0,0
B6_D1,502,0,510,0,0
B8_D1,857,0,232,0,0
B10_D1,4,0,22,0,0
B10_D1,376,0,34,0,0
B10_D1,157,0,250,0,0
B2_D1,0,0,481,0,0
G1_D1,750,0,47,0,0
B10_D1,727,0,341,0,0
B10_D1,507,0,226,0,0
B6_D1,270,0,499,0,0
B10_D1,1023,0,155,0,0
B10_D1,499,0,74,0,0
B10_D1,718,0,445,0,0
B2_D1,424,0,288,0,0
B6_D1,304,0,419,0,0
B4_D1,680,0,25,0,0
B6_D1,630,0,62,0,0
B8_D1,732,0,315,0,0
B6_D1,633,0,433,0,0
B10_D1,960,0,241,0,0
G1_D1,1015,0,302,0,0
B6_D1,935,0,343,0,0
B10_D1,682,0,177,0,0
B6_D1,512,0,48,0,0
G1_D1,731,0,249,0,0
B6_D1,566,0,52,0,0
B6_D1,143,0,285,0,0
B4_D1,248,0,270,0,0
B10_D1,63,0,312,0,0
B6_D1,743,0,468,0,0
G1_D1,74,0,42,0,0
B4_D1,864,0,93,0,0
B6_D1,704,0,48,0,0
B10_D1,160,0,71,0,0
B6_D1,629,0,429,0,0
B4_D1,627,0,137,0,0
B2_D1,718,0,496,0,0
G1_D1,927,0,455,0,0
B10_D1,464,0,227,0,0
B10_D1,931,0,1,0,0
B10_D1,324,0,211,0,0
G1_D1,854,0,100,0,0
B6_D1,842,0,488,0,0
B6_D1,645,0,421,0,0
B10_D1,663,0,111,0,0
B6_D1,205,0,196,0,0
B10_D1,355,0,119,0,0
G1_D1,29,0,322,0,0
G1_D1,711,0,276,0,0
B6_D1,532,0,27,0,0
B6_D1,238,0,384,0,0
G1_D1,912,0,294,0,0
B6_D1,645,0,343,0,0
B4_D1,145,0,25,0,0
B2_D1,520,0,29,0,0
G1_D1,154,0,78,0,0
G1_D1,210,0,18,0,0
B6_D1,328,0,461,0,0
B2_D1,994,0,279,0,0
B6_D1,968,0,22,0,0
B6_D1,543,0,262,0,0
G1_D1,620,0,7,0,0
B6_D1,553,0,387,0,0
G1_D1,792,0,445,0,0
B10_D1,44,0,43,0,0
B6_D1,17,0,392,0,0
B10_D1,236,0,314,0,0
B2_D1,108,0,20,0,0
B6_D1,312,0,133,0,0
B10_D1,8,0,81,0,0
B10_D1,568,0,311,0,0
B10_D1,928,0,221,0,0
G1_D1,995,0,214,0,0
B6_D1,995,0,297,0,0
B4_D1,505,0,243,0,0
G1_D1,985,0,171,0,0
G1_D1,735,0,24,0,0
B10_D1,3,0,250,0,0
G1_D1,897,0,214,0,0
B2_D1,812,0,280,0,0
B10_D1,422,0,290,0,0
B6_D1,692,0,339,0,0
B10_D1,402,0,481,0,0
B6_D1,169,0,58,0,0
B6_D1,922,0,270,0,0
B2_D1,695,0,32,0,0
G1_D1,150,0,198,0,0
B6_D1,5,0,326,0,0
B10_D1,373,0,339,0,0
G1_D1,98,0,22,0,0
B10_D1,227,0,284,0,0
B6_D1,741,0,288,0,0
B6_D1,575,0,306,0,0
B8_D1,879,0,234,0,0
G1_D1,514,0,511,0,0
B10_D1,882,0,398,0,0
B10_D1,811,0,92,0,0
B10_D1,414,0,262,0,0
G1_D1,633,0,92,0,0
B2_D1,650,0,362,0,0
B10_D1,199,0,2,0,0
B2_D1,235,0,202,0,0
B10_D1,184,0,106,0,0
B6_D1,875,0,446,0,0
B10_D1,871,0,504,0,0
B10_D1,380,0,157,0,0
G1_D1,1017,0,87,0,0
B10_D1,653,0,309,0,0
B4_D1,1009,0,15,0,0
G1_D1,18,0,247,0,0
G1_D1,103,0,275,0,0
B10_D1,6,0,369,0,0
B6_D1,10,0,339,0,0
B10_D1,393,0,179,0,0
B6_D1,397,0,56,0,0
B4_D1,190,0,17,0,0
B6_D1,413,0,313,0,0
G1_D1,28,0,126,0,0
B6_D1,992,0,27,0,0
G1_D1,90,0,268,0,0
G1_D1,37,0,118,0,0
B10_D1,438,0,318,0,0
B4_D1,92,0,161,0,0
G1_D1,345,0,8,0,0
B10_D1,37,0,80,0,0
B6_D1,732,0,285,0,0
B10_D1,719,0,33,0,0
B6_D1,540,0,10,0,0
B6_D1,840,0,19,0,0
B6_D1,744,0,156,0,0
B6_D1,98,0,308,0,0
B6_D1,66,0,57,0,0
B2_D1,441,0,214,0,0
B10_D1,641,0,243,0,0
B6_D1,272,0,42,0,0
G1_D1,283,0,264,0,0
B10_D1,961,0,6,0,0
B6_D1,616,0,13,0,0
B6_D1,268,0,14,0,0
B2_D1,359,0,489,0,0
G1_D1,30,0,166,0,0
B10_D1,5,0,139,0,0
B6_D1,88,0,31,0,0
B2_D1,25,0,0,0,0
B6_D1,551,0,181,0,0
B6_D1,646,0,370,0,0
B6_D1,272,0,272,0,0
B6_D1,190,0,349,0,0
B6_D1,439,0,114,0,0
B2_D1,476,0,469,0,0
B10_D1,27,0,8,0,0
B6_D1,418,0,489,0,0
B10_D1,338,0,248,0,0
B10_D1,677,0,53,0,0
B2_D1,428,0,485,0,0
G1_D1,856,0,116,0,0
B10_D1,607,0,93,0,0
B6_D1,128,0,371,0,0
B6_D1,94,0,280,0,0
B6_D1,604,0,19,0,0
B10_D1,469,0,408,0,0
B10_D1,711,0,270,0,0
B4_D1,8,0,339,0,0
B4_D1,1021,0,129,0,0
B6_D1,208,0,47,0,0
B2_D1,956,0,265,0,0
B10_D1,174,0,27,0,0
B6_D1,955,0,136,0,0
B6_D1,429,0,323,0,0
B6_D1,412,0,167,0,0
B10_D1,404,0,233,0,0
B6_D1,949,0,310,0,0
B2_D1,268,0,487,0,0
G1_D1,233,0,56,0,0
B6_D1,236,0,11,0,0
B10_D1,82,0,169,0,0
B2_D1,346,0,135,0,0
B4_D1,690,0,34,0,0
B4_D1,564,0,392,0,0
B10_D1,753,0,461,0,0
B10_D1,445,0,241,0,0
B6_D1,216,0,387,0,0
B6_D1,1020,0,230,0,0
G1_D1,577,0,157,0,0
B10_D1,144,0,223,0,0
B10_D1,151,0,104,0,0
B10_D1,608,0,483,0,0
B6_D1,36,0,134,0,0
B10_D1,329,0,272,0,0
G1_D1,186,0,445,0,0
G1_D1,633,0,456,0,0
B2_D1,383,0,488,0,0
B2_D1,902,0,104,0,0
B6_D1,292,0,27,0,0
B6_D1,838,0,504,0,0
G1_D1,739,0,202,0,0
B10_D1,226,0,344,0,0
G1_D1,758,0,5,0,0
B4_D1,161,0,39,0,0
B10_D1,844,0,64,0,0
B6_D1,388,0,35,0,0
B10_D1,968,0,50,0,0
B6_D1,308,0,24,0,0
B6_D1,466,0,508,0,0
B10_D1,496,0,284,0,0
B10_D1,574,0,241,0,0
B6_D1,658,0,347,0,0
B10_D1,264,0,171,0,0
B10_D1,223,0,2,0,0
G1_D1,723,0,248,0,0
B4_D1,448,0,218,0,0
B6_D1,60,0,216,0,0
B10_D1,381,0,499,0,0
B6_D1,746,0,487,0,0
B10_D1,323,0,510,0,0
G1_D1,65,0,96,0,0
B6_D1,21,0,129,0,0
B10_D1,119,0,88,0,0
B6_D1,3,0,254,0,0
B6_D1,494,0,485,0,0
B6_D1,816,0,161,0,0
B6_D1,585,0,197,0,0
B10_D1,161,0,78,0,0
B6_D1,326,0,509,0,0
B6_D1,61,0,272,0,0
G1_D1,523,0,2,0,0
B6_D1,6,0,457,0,0
B10_D1,22,0,16,0,0
B2_D1,326,0,511,0,0
G1_D1,109,0,136,0,0
B10_D1,639,0,156,0,0
B6_D1,1,0,403,0,0
B10_D1,997,0,485,0,0
B6_D1,974,0,486,0,0
B6_D1,636,0,12,0,0
B10_D1,126,0,172,0,0
B4_D1,1001,0,157,0,0
B2_D1,1,0,3,0,0
B6_D1,685,0,306,0,0
B6_D1,726,0,460,0,0
B6_D1,88,0,11,0,0
G1_D1,981,0,120,0,0
B10_D1,960,0,75,0,0
G1_D1,149,0,298,0,0
B6_D1,886,0,494,0,0
G1_D1,1001,0,130,0,0
B4_D1,920,0,51,0,0
B10_D1,16,0,23,0,0
G1_D1,17,0,257,0,0
G1_D1,389,0,163,0,0
G1_D1,308,0,188,0,0
B10_D1,274,0,140,0,0
B10_D1,203,0,232,0,0
G1_D1,198,0,59,0,0
B6_D1,777,0,480,0,0
B6_D1,735,0,197,0,0
B10_D1,334,0,250,0,0
B6_D1,265,0,258,0,0
B10_D1,379,0,243,0,0
B10_D1,587,0,202,0,0
B6_D1,564,0,321,0,0
B10_D1,181,0,202,0,0
B2_D1,943,0,84,0,0
B4_D1,140,0,49,0,0
B6_D1,985,0,76,0,0
G1_D1,171,0,504,0,0
B6_D1,22,0,403,0,0
B4_D1,480,0,373,0,0
B10_D1,11,0,257,0,0
B6_D1,87,0,477,0,0
B10_D1,598,0,287,0,0
G1_D1,540,0,1,0,0
G1_D1,932,0,250,0,0
B10_D1,236,0,238,0,0
B2_D1,136,0,167,0,0
B10_D1,386,0,228,0,0
B10_D1,176,0,239,0,0
G1_D1,418,0,156,0,0
B10_D1,731,0,1,0,0
G1_D1,710,0,192,0,0
G1_D1,62,0,142,0,0
B6_D1,50,0,226,0,0
B10_D1,839,0,234,0,0
B10_D1,327,0,253,0,0
B4_D1,526,0,213,0,0
B2_D1,733,0,284,0,0
B10_D1,618,0,61,0,0
B10_D1,941,0,62,0,0
B2_D1,539,0,105,0,0
B6_D1,562,0,478,0,0
B10_D1,221,0,117,0,0
B6_D1,0,0,224,0,0
B6_D1,185,0,402,0,0
B6_D1,174,0,309,0,0
B6_D1,340,0,330,0,0
B6_D1,512,0,52,0,0
G1_D1,496,0,63,0,0
B6_D1,495,0,330,0,0
G1_D1,7,0,338,0,0
B6_D1,674,0,503,0,0
G1_D1,12,0,123,0,0
B6_D1,942,0,484,0,0
B10_D1,141,0,295,0,0
G1_D1,741,0,4,0,0
B4_D1,155,0,506,0,0
B8_D1,130,0,79,0,0
B10_D1,389,0,339,0,0
B6_D1,532,0,351,0,0
B6_D1,1022,0,215,0,0
B6_D1,792,0,359,0,0
B2_D1,92,0,27,0,0
B10_D1,746,0,27,0,0
B10_D1,704,0,456,0,0
B4_D1,140,0,362,0,0
B10_D1,885,0,31,0,0
B6_D1,243,0,380,0,0
G1_D1,942,0,5,0,0
B6_D1,462,0,511,0,0
B6_D1,352,0,461,0,0
B10_D1,92,0,15,0,0
B4_D1,577,0,384,0,0
B10_D1,116,0,272,0,0
G1_D1,146,0,5,0,0
B2_D1,869,0,265,0,0
G1_D1,182,0,259,0,0
B6_D1,510,0,406,0,0
B2_D1,443,0,160,0,0
B10_D1,239,0,252,0,0
G1_D1,48,0,63,0,0
B6_D1,96,0,391,0,0
B6_D1,414,0,387,0,0
B6_D1,261,0,64,0,0
B10_D1,457,0,23,0,0
B10_D1,617,0,207,0,0
B10_D1,757,0,231,0,0
B6_D1,88,0,37,0,0
B10_D1,330,0,134,0,0
G1_D1,842,0,19,0,0
B4_D1,1023,0,197,0,0
B10_D1,6,0,106,0,0
B6_D1,133,0,119,0,0
B2_D1,323,0,490,0,0
B4_D1,300,0,276,0,0
B6_D1,484,0,63,0,0
B10_D1,176,0,55,0,0
B6_D1,916,0,9,0,0
G1_D1,1021,0,126,0,0
B10_D1,364,0,235,0,0
B10_D1,125,0,68,0,0
G1_D1,339,0,403,0,0
G1_D1,369,0,457,0,0
B6_D1,836,0,11,0,0
G1_D1,34,0,128,0,0
G1_D1,150,0,13,0,0
G1_D1,448,0,69,0,0
B6_D1,895,0,432,0,0
B6_D1,723,0,68,0,0
B10_D1,19,0,395,0,0
B10_D1,937,0,106,0,0
B6_D1,794,0,498,0,0
B6_D1,790,0,243,0,0
B10_D1,42,0,177,0,0
G1_D1,1001,0,230,0,0
B6_D1,551,0,164,0,0
B10_D1,1010,0,112,0,0
B10_D1,468,0,410,0,0
B8_D1,603,0,185,0,0
B6_D1,211,0,78,0,0
B6_D1,654,0,484,0,0
G1_D1,301,0,234,0,0
G1_D1,763,0,163,0,0
B4_D1,453,0,214,0,0
B4_D1,988,0,207,0,0
G1_D1,805,0,95,0,0
B10_D1,654,0,384,0,0
B6_D1,665,0,243,0,0
B10_D1,891,0,438,0,0
B6_D1,167,0,128,0,0
G1_D1,885,0,54,0,0
B10_D1,725,0,322,0,0
B10_D1,560,0,138,0,0
G1_D1,3,0,453,0,0
B6_D1,679,0,312,0,0
B10_D1,879,0,264,0,0
B4_D1,69,0,30,0,0
B6_D1,963,0,368,0,0
G1_D1,721,0,77,0,0
B10_D1,33,0,42,0,0
B10_D1,241,0,59,0,0
B6_D1,359,0,479,0,0
B10_D1,593,0,190,0,0
B4_D1,172,0,38,0,0
G1_D1,557,0,84,0,0
B6_D1,839,0,87,0,0
B10_D1,157,0,11,0,0
G1_D1,773,0,487,0,0
B6_D1,972,0,253,0,0
B6_D1,421,0,480,0,0
B2_D1,418,0,159,0,0
B10_D1,117,0,14,0,0
B4_D1,605,0,216,0,0
G1_D1,244,0,11,0,0
B10_D1,153,0,226,0,0
B10_D1,533,0,163,0,0
G1_D1,636,0,18,0,0
G1_D1,749,0,210,0,0
B10_D1,351,0,207,0,0
B10_D1,1019,0,4,0,0
B10_D1,907,0,85,0,0
B2_D1,732,0,30,0,0
B6_D1,816,0,342,0,0
B10_D1,748,0,6,0,0
B6_D1,21,0,391,0,0
B10_D1,334,0,127,0,0
B10_D1,643,0,276,0,0
B10_D1,311,0,402,0,0
B4_D1,637,0,334,0,0
G1_D1,811,0,80,0,0
B10_D1,22,0,239,0,0
B6_D1,629,0,460,0,0
B10_D1,956,0,28,0,0
B10_D1,703,0,328,0,0
G1_D1,704,0,196,0,0
B6_D1,375,0,143,0,0
G1_D1,325,0,97,0,0
B6_D1,233,0,81,0,0
B6_D1,535,0,252,0,0
B10_D1,335,0,0,0,0
B10_D1,379,0,256,0,0
B2_D1,786,0,486,0,0
B6_D1,538,0,197,0,0
B6_D1,852,0,109,0,0
B10_D1,697,0,22,0,0
B6_D1,269,0,119,0,0
B4_D1,84,0,33,0,0
G1_D1,984,0,144,0,0
B6_D1,940,0,365,0,0
B6_D1,652,0,37,0,0
B6_D1,747,0,147,0,0
G1_D1,559,0,239,0,0
B6_D1,515,0,403,0,0
B6_D1,446,0,112,0,0
B6_D1,620,0,358,0,0
B10_D1,703,0,79,0,0
B6_D1,280,0,23,0,0
B6_D1,966,0,504,0,0
G1_D1,242,0,156,0,0
B10_D1,877,0,299,0,0
B10_D1,415,0,507,0,0
B4_D1,903,0,97,0,0
B6_D1,186,0,497,0,0
G1_D1,783,0,307,0,0
B6_D1,690,0,497,0,0
B6_D1,741,0,338,0,0
B10_D1,771,0,66,0,0
B10_D1,46,0,61,0,0
G1_D1,39,0,170,0,0
B6_D1,136,0,37,0,0
B6_D1,360,0,27,0,0
B6_D1,573,0,172,0,0
B10_D1,350,0,28,0,0
B2_D1,692,0,431,0,0
B10_D1,810,0,246,0,0
B6_D1,748,0,41,0,0
B10_D1,403,0,111,0,0
G1_D1,792,0,130,0,0
B6_D1,384,0,282,0,0
G1_D1,580,0,198,0,0
B4_D1,1020,0,173,0,0
B2_D1,129,0,432,0,0
B6_D1,775,0,306,0,0
B10_D1,382,0,228,0,0
B6_D1,396,0,475,0,0
B6_D1,154,0,510,0,0
G1_D1,208,0,73,0,0
B10_D1,574,0,101,0,0
B2_D1,503,0,107,0,0
G1_D1,12,0,192,0,0
B2_D1,905,0,24,0,0
B6_D1,13,0,348,0,0
G1_D1,767,0,162,0,0
B6_D1,716,0,461,0,0
B6_D1,541,0,448,0,0
B10_D1,119,0,131,0,0
B10_D1,712,0,471,0,0
B10_D1,325,0,142,0,0
G1_D1,722,0,283,0,0
G1_D1,61,0,304,0,0
G1_D1,530,0,71,0,0
G1_D1,222,0,5,0,0
B10_D1,973,0,46,0,0
B6_D1,758,0,227,0,0
B10_D1,1007,0,65,0,0
B10_D1,247,0,510,0,0
B6_D1,698,0,112,0,0
B10_D1,736,0,406,0,0
B6_D1,196,0,425,0,0
G1_D1,11,0,347,0,0
B6_D1,49,0,481,0,0
B10_D1,790,0,44,0,0
B10_D1,514,0,114,0,0
G1_D1,28,0,509,0,0
B4_D1,45,0,3,0,0
B10_D1,262,0,195,0,0
B6_D1,553,0,392,0,0
B6_D1,839,0,191,0,0
B10_D1,358,0,292,0,0
B10_D1,561,0,479,0,0
G1_D1,819,0,57,0,0
B6_D1,114,0,495,0,0
G1_D1,120,0,137,0,0
B2_D1,834,0,123,0,0
B4_D1,453,0,240,0,0
B6_D1,26,0,181,0,0
B6_D1,107,0,322,0,0
B6_D1,702,0,453,0,0
B10_D1,44,0,76,0,0
B6_D1,610,0,505,0,0
B6_D1,415,0,283,0,0
G1_D1,101,0,96,0,0
B4_D1,706,0,256,0,0
B6_D1,455,0,286,0,0
B10_D1,151,0,312,0,0
B6_D1,7,0,294,0,0
B6_D1,737,0,437,0,0
B6_D1,310,0,487,0,0
B10_D1,95,0,304,0,0
B10_D1,822,0,257,0,0
B10_D1,980,0,152,0,0
B10_D1,589,0,312,0,0
B6_D1,570,0,500,0,0
B10_D1,936,0,369,0,0
B6_D1,268,0,40,0,0
G1_D1,36,0,55,0,0
B10_D1,366,0,483,0,0
B8_D1,603,0,224,0,0
B10_D1,238,0,177,0,0
B2_D1,380,0,205,0,0
B10_D1,26,0,40,0,0
B10_D1,237,0,174,0,0
B6_D1,761,0,193,0,0
B10_D1,676,0,414,0,0
B6_D1,1018,0,68,0,0
B10_D1,576,0,201,0,0
B6_D1,230,0,490,0,0
B6_D1,170,0,146,0,0
B4_D1,649,0,46,0,0
G1_D1,976,0,294,0,0
B6_D1,575,0,413,0,0
B6_D1,305,0,383,0,0
B6_D1,508,0,48,0,0
B10_D1,938,0,87,0,0
G1_D1,781,0,8,0,0
B6_D1,544,0,20,0,0
B10_D1,912,0,403,0,0
B6_D1,606,0,490,0,0
G1_D1,345,0,29,0,0
B6_D1,1018,0,311,0,0
B4_D1,178,0,148,0,0
B4_D1,484,0,89,0,0
B10_D1,410,0,262,0,0
B10_D1,335,0,253,0,0
B6_D1,500,0,31,0,0
B6_D1,945,0,459,0,0
B10_D1,178,0,171,0,0
B10_D1,15,0,510,0,0
B10_D1,628,0,181,0,0
B6_D1,373,0,251,0,0
B10_D1,412,0,130,0,0
G1_D1,929,0,264,0,0
G1_D1,454,0,42,0,0
B10_D1,201,0,365,0,0
G1_D1,726,0,97,0,0
B10_D1,625,0,298,0,0
B10_D1,144,0,33,0,0
G1_D1,812,0,307,0,0
B10_D1,512,0,410,0,0
B6_D1,858,0,113,0,0
B10_D1,154,0,99,0,0
B10_D1,715,0,273,0,0
B10_D1,506,0,483,0,0
B4_D1,71,0,188,0,0
B6_D1,67,0,212,0,0
B4_D1,958,0,41,0,0
B2_D1,826,0,464,0,0
B10_D1,587,0,280,0,0
G1_D1,749,0,289,0,0
B10_D1,312,0,53,0,0
B10_D1,437,0,79,0,0
B6_D1,140,0,210,0,0
B6_D1,95,0,297,0,0
G1_D1,19,0,6,0,0
B6_D1,782,0,511,0,0
B6_D1,94,0,500,0,0
B10_D1,105,0,114,0,0
B6_D1,849,0,218,0,0
G1_D1,351,0,180,0,0
B6_D1,132,0,103,0,0
B10_D1,711,0,417,0,0
B6_D1,708,0,42,0,0
B6_D1,257,0,134,0,0
B10_D1,252,0,423,0,0
B6_D1,968,0,470,0,0
G1_D1,750,0,13,0,0
G1_D1,927,0,219,0,0
B4_D1,546,0,145,0,0
G1_D1,970,0,36,0,0
B6_D1,229,0,363,0,0
B6_D1,477,0,303,0,0
B10_D1,643,0,30,0,0
B4_D1,400,0,401,0,0
B2_D1,497,0,217,0,0
G1_D1,1022,0,179,0,0
B4_D1,643,0,75,0,0
G1_D1,24,0,304,0,0
B2_D1,630,0,224,0,0
B6_D1,966,0,460,0,0
B10_D1,882,0,340,0,0
B6_D1,549,0,311,0,0
B2_D1,998,0,215,0,0
B10_D1,5,0,166,0,0
B10_D1,918,0,383,0,0
B6_D1,274,0,485,0,0
B6_D1,120,0,253,0,0
G1_D1,558,0,510,0,0
B4_D1,865,0,256,0,0
B6_D1,186,0,400,0,0
B6_D1,757,0,268,0,0
B4_D1,305,0,285,0,0
G1_D1,857,0,101,0,0
B2_D1,460,0,473,0,0
B2_D1,182,0,470,0,0
B6_D1,879,0,322,0,0
B4_D1,505,0,431,0,0
B6_D1,1017,0,420,0,0
B10_D1,746,0,90,0,0
B10_D1,428,0,260,0,0
B4_D1,179,0,70,0,0
B2_D1,489,0,486,0,0
B10_D1,396,0,151,0,0
G1_D1,74,0,52,0,0
B6_D1,104,0,43,0,0
B6_D1,744,0,256,0,0
B6_D1,683,0,303,0,0
B8_D1,474,0,203,0,0
G1_D1,76,0,500,0,0
B10_D1,485,0,182,0,0
B10_D1,503,0,212,0,0
B10_D1,482,0,88,0,0
B6_D1,229,0,481,0,0
B6_D1,375,0,323,0,0
B10_D1,12,0,265,0,0
B6_D1,209,0,275,0,0
B10_D1,892,0,60,0,0
B10_D1,641,0,497,0,0
B10_D1,236,0,62,0,0
B6_D1,478,0,278,0,0
B10_D1,528,0,141,0,0
B6_D1,728,0,238,0,0
B10_D1,548,0,164,0,0
B6_D1,555,0,180,0,0
B6_D1,922,0,214,0,0
B2_D1,614,0,224,0,0
B10_D1,717,0,452,0,0
B6_D1,584,0,24,0,0
B10_D1,980,0,58,0,0
B10_D1,30,0,49,0,0
B4_D1,642,0,293,0,0
B6_D1,911,0,306,0,0
B6_D1,960,0,418,0,0
G1_D1,106,0,113,0,0
B6_D1,954,0,240,0,0
B10_D1,654,0,250,0,0
B2_D1,636,0,363,0,0
B8_D1,766,0,223,0,0
G1_D1,256,0,289,0,0
B6_D1,490,0,488,0,0
G1_D1,160,0,322,0,0
B10_D1,425,0,203,0,0
B10_D1,988,0,278,0,0
B10_D1,70,0,313,0,0
G1_D1,635,0,178,0,0
B10_D1,716,0,444,0,0
B2_D1,906,0,8,0,0
B6_D1,398,0,510,0,0
B2_D1,690,0,224,0,0
B10_D1,627,0,21,0,0
B6_D1,941,0,366,0,0
B6_D1,130,0,206,0,0
B10_D1,761,0,107,0,0
B6_D1,201,0,151,0,0
B10_D1,492,0,284,0,0
B6_D1,151,0,321,0,0
B10_D1,201,0,136,0,0
B6_D1,148,0,18,0,0
B8_D1,96,0,105,0,0
B4_D1,1000,0,212,0,0
G1_D1,1021,0,492,0,0
B10_D1,33,0,30,0,0
B8_D1,594,0,295,0,0
B6_D1,523,0,227,0,0
B2_D1,889,0,33,0,0
B6_D1,685,0,274,0,0
G1_D1,225,0,44,0,0
B6_D1,402,0,174,0,0
B6_D1,772,0,46,0,0
G1_D1,292,0,181,0,0
G1_D1,705,0,79,0,0
B6_D1,225,0,90,0,0
G1_D1,209,0,277,0,0
B6_D1,712,0,43,0,0
G1_D1,648,0,1,0,0
B10_D1,885,0,74,0,0
B6_D1,248,0,167,0,0
B10_D1,9,0,334,0,0
B10_D1,857,0,328,0,0
B2_D1,1023,0,62,0,0
B6_D1,536,0,14,0,0
B6_D1,189,0,107,0,0
B10_D1,484,0,310,0,0
B10_D1,8,0,226,0,0
B6_D1,392,0,34,0,0
B2_D1,352,0,491,0,0
B6_D1,1016,0,69,0,0
B6_D1,623,0,425,0,0
B10_D1,539,0,87,0,0
G1_D1,457,0,139,0,0
B6_D1,130,0,510,0,0
B6_D1,188,0,36,0,0
B10_D1,255,0,100,0,0
B10_D1,759,0,317,0,0
B6_D1,281,0,481,0,0
B2_D1,676,0,462,0,0
B4_D1,711,0,201,0,0
G1_D1,811,0,20,0,0
B10_D1,979,0,502,0,0
B6_D1,516,0,404,0,0
B6_D1,859,0,203,0,0
G1_D1,517,0,4,0,0
B6_D1,174,0,494,0,0
B10_D1,563,0,264,0,0
B10_D1,600,0,257,0,0
B10_D1,483,0,274,0,0
G1_D1,831,0,86,0,0
G1_D1,721,0,451,0,0
B4_D1,237,0,65,0,0
B6_D1,417,0,469,0,0
B6_D1,532,0,382,0,0
B4_D1,616,0,186,0,0
B6_D1,376,0,117,0,0
B6_D1,353,0,336,0,0
B2_D1,713,0,5,0,0
B6_D1,729,0,437,0,0
B10_D1,187,0,286,0,0
B10_D1,619,0,81,0,0
B6_D1,908,0,21,0,0
B8_D1,958,0,239,0,0
B10_D1,1006,0,44,0,0
B6_D1,10,0,245,0,0
B2_D1,926,0,0,0,0
B10_D1,357,0,243,0,0
B6_D1,162,0,64,0,0
G1_D1,9,0,380,0,0
B10_D1,127,0,104,0,0
B6_D1,767,0,408,0,0
B6_D1,44,0,296,0,0
G1_D1,749,0,271,0,0
B2_D1,239,0,140,0,0
B10_D1,160,0,39,0,0
G1_D1,725,0,121,0,0
B6_D1,809,0,79,0,0
B6_D1,178,0,277,0,0
B6_D1,572,0,11,0,0
B6_D1,487,0,413,0,0
B2_D1,739,0,29,0,0
B10_D1,418,0,491,0,0
G1_D1,56,0,123,0,0
B4_D1,256,0,193,0,0
B10_D1,170,0,242,0,0
B8_D1,295,0,318,0,0
B6_D1,577,0,314,0,0
B6_D1,827,0,199,0,0
B6_D1,75,0,162,0,0
B10_D1,899,0,203,0,0
B10_D1,1022,0,247,0,0
B2_D1,375,0,174,0,0
B6_D1,66,0,77,0,0
B10_D1,519,0,306,0,0
B6_D1,934,0,408,0,0
B10_D1,532,0,101,0,0
B2_D1,128,0,117,0,0
B10_D1,963,0,234,0,0
B6_D1,622,0,493,0,0
G1_D1,595,0,2,0,0
G1_D1,14,0,94,0,0
B10_D1,539,0,140,0,0
B10_D1,161,0,231,0,0
B10_D1,633,0,239,0,0
B10_D1,45,0,329,0,0
B6_D1,476,0,28,0,0
B6_D1,296,0,17,0,0
B6_D1,712,0,283,0,0
B10_D1,476,0,74,0,0
B10_D1,158,0,155,0,0
B6_D1,841,0,215,0,0
G1_D1,515,0,88,0,0
B6_D1,350,0,495,0,0
G1_D1,1000,0,94,0,0
B6_D1,410,0,507,0,0
G1_D1,276,0,460,0,0
B2_D1,456,0,372,0,0
B10_D1,375,0,278,0,0
B6_D1,872,0,97,0,0
G1_D1,255,0,6,0,0
B10_D1,319,0,2,0,0
B10_D1,464,0,341,0,0
B2_D1,396,0,485,0,0
G1_D1,35,0,117,0,0
B6_D1,219,0,69,0,0
B6_D1,964,0,2,0,0
B10_D1,435,0,3,0,0
B10_D1,638,0,375,0,0
B6_D1,204,0,15,0,0
B6_D1,620,0,30,0,0
B2_D1,868,0,2,0,0
B6_D1,420,0,2,0,0
B6_D1,101,0,144,0,0
B8_D1,687,0,231,0,0
G1_D1,33,0,220,0,0
B6_D1,163,0,474,0,0
G1_D1,1003,0,265,0,0
B10_D1,778,0,246,0,0
B10_D1,474,0,162,0,0
B4_D1,863,0,108,0,0
B10_D1,20,0,119,0,0
B10_D1,18,0,290,0,0
B6_D1,1006,0,491,0,0
B6_D1,943,0,236,0,0
B6_D1,537,0,161,0,0
B10_D1,5,0,409,0,0
B6_D1,164,0,145,0,0
G1_D1,643,0,178,0,0
B6_D1,968,0,393,0,0
B6_D1,120,0,141,0,0
G1_D1,865,0,310,0,0
B4_D1,1019,0,28,0,0
B10_D1,398,0,409,0,0
B6_D1,268,0,46,0,0
B6_D1,38,0,488,0,0
B6_D1,178,0,495,0,0
B6_D1,504,0,26,0,0
B6_D1,757,0,295,0,0
B2_D1,592,0,288,0,0
G1_D1,700,0,54,0,0
G1_D1,291,0,413,0,0
B10_D1,284,0,62,0,0
B6_D1,521,0,285,0,0
B4_D1,150,0,161,0,0
B10_D1,235,0,391,0,0
B4_D1,790,0,58,0,0
G1_D1,50,0,56,0,0
B10_D1,453,0,462,0,0
B10_D1,938,0,262,0,0
G1_D1,740,0,257,0,0
B6_D1,738,0,298,0,0
B4_D1,593,0,219,0,0
B10_D1,420,0,167,0,0
B10_D1,396,0,412,0,0
B10_D1,469,0,511,0,0
B6_D1,979,0,121,0,0
B6_D1,941,0,283,0,0
G1_D1,1019,0,378,0,0
G1_D1,46,0,189,0,0
B4_D1,854,0,35,0,0
B10_D1,542,0,409,0,0
B2_D1,403,0,508,0,0
B10_D1,30,0,58,0,0
B10_D1,162,0,13,0,0
B8_D1,0,0,281,0,0
B10_D1,458,0,48,0,0
B6_D1,422,0,459,0,0
G1_D1,760,0,21,0,0
G1_D1,128,0,132,0,0
B6_D1,763,0,195,0,0
B6_D1,590,0,496,0,0
B10_D1,172,0,163,0,0
B4_D1,167,0,110,0,0
B6_D1,155,0,128,0,0
B2_D1,834,0,83,0,0
B10_D1,175,0,164,0,0
G1_D1,808,0,304,0,0
G1_D1,676,0,196,0,0
B10_D1,382,0,47,0,0
B6_D1,612,0,22,0,0
B6_D1,713,0,113,0,0
B6_D1,520,0,27,0,0
G1_D1,693,0,4,0,0
B6_D1,743,0,197,0,0
B10_D1,340,0,213,0,0
B6_D1,212,0,15,0,0
G1_D1,995,0,201,0,0
B10_D1,520,0,207,0,0
B6_D1,846,0,354,0,0
B4_D1,186,0,418,0,0
B4_D1,924,0,62,0,0
B6_D1,838,0,508,0,0
B6_D1,491,0,68,0,0
B4_D1,896,0,238,0,0
G1_D1,910,0,252,0,0
B6_D1,447,0,189,0,0
B10_D1,735,0,254,0,0
G1_D1,217,0,510,0,0
B2_D1,562,0,362,0,0
B10_D1,335,0,46,0,0
B10_D1,902,0,44,0,0
B10_D1,787,0,426,0,0
G1_D1,82,0,20,0,0
B6_D1,380,0,24,0,0
B10_D1,862,0,204,0,0
G1_D1,385,0,8,0,0
B10_D1,430,0,144,0,0
G1_D1,269,0,19,0,0
B2_D1,1002,0,511,0,0
B6_D1,238,0,465,0,0
B6_D1,172,0,409,0,0
B10_D1,122,0,455,0,0
B6_D1,210,0,493,0,0
B10_D1,310,0,335,0,0
B6_D1,752,0,302,0,0
B6_D1,152,0,271,0,0
G1_D1,1019,0,475,0,0
B6_D1,423,0,64,0,0
B6_D1,825,0,230,0,0
B6_D1,874,0,500,0,0
B2_D1,147,0,32,0,0
G1_D1,21,0,265,0,0
G1_D1,14,0,232,0,0
G1_D1,998,0,112,0,0
B2_D1,417,0,211,0,0
B6_D1,460,0,14,0,0
G1_D1,24,0,308,0,0
B10_D1,13,0,499,0,0
B6_D1,471,0,331,0,0
B10_D1,516,0,9,0,0
B6_D1,0,0,1,0,0
G1_D1,296,0,0,0,0
B6_D1,826,0,496,0,0
G1_D1,56,0,7,0,0
G1_D1,990,0,134,0,0
B6_D1,562,0,502,0,0
B6_D1,951,0,219,0,0
G1_D1,447,0,67,0,0
B6_D1,979,0,427,0,0
B6_D1,832,0,30,0,0
B10_D1,220,0,218,0,0
G1_D1,49,0,171,0,0
B8_D1,655,0,247,0,0
B6_D1,719,0,481,0,0
B4_D1,56,0,19,0,0
B6_D1,742,0,344,0,0
B4_D1,867,0,13,0,0
B10_D1,570,0,261,0,0
B10_D1,431,0,510,0,0
B10_D1,713,0,283,0,0
B6_D1,592,0,39,0,0
B10_D1,431,0,32,0,0
B6_D1,788,0,398,0,0
G1_D1,799,0,449,0,0
B10_D1,382,0,257,0,0
B10_D1,681,0,92,0,0
B10_D1,783,0,426,0,0
B6_D1,36,0,132,0,0
B10_D1,1022,0,17,0,0
B10_D1,594,0,193,0,0
G1_D1,537,0,388,0,0
B6_D1,199,0,136,0,0
G1_D1,997,0,197,0,0
B6_D1,772,0,0,0,0
B10_D1,848,0,326,0,0
B4_D1,348,0,219,0,0
B10_D1,729,0,511,0,0
B10_D1,448,0,505,0,0
B6_D1,666,0,197,0,0
G1_D1,580,0,225,0,0
B6_D1,898,0,503,0,0
B6_D1,800,0,160,0,0
B6_D1,583,0,283,0,0
B2_D1,184,0,3,0,0
B6_D1,783,0,123,0,0
B6_D1,914,0,472,0,0
B6_D1,436,0,409,0,0
B6_D1,58,0,508,0,0
B6_D1,148,0,4,0,0
B10_D1,599,0,16,0,0
B6_D1,829,0,104,0,0
B10_D1,132,0,266,0,0
B6_D1,260,0,161,0,0
B4_D1,209,0,237,0,0
B6_D1,626,0,347,0,0
B6_D1,998,0,121,0,0
B10_D1,347,0,46,0,0
B10_D1,194,0,177,0,0
B10_D1,516,0,50,0,0
B6_D1,322,0,500,0,0
B10_D1,119,0,139,0,0
G1_D1,707,0,255,0,0
G1_D1,343,0,49,0,0
B10_D1,683,0,2,0,0
B6_D1,885,0,436,0,0
G1_D1,55,0,306,0,0
B10_D1,142,0,85,0,0
G1_D1,112,0,7,0,0
B10_D1,229,0,511,0,0
B10_D1,126,0,423,0,0
B6_D1,84,0,39,0,0
B10_D1,332,0,88,0,0
B6_D1,225,0,109,0,0
G1_D1,1000,0,122,0,0
G1_D1,48,0,145,0,0
B6_D1,15,0,128,0,0
B2_D1,874,0,41,0,0
G1_D1,627,0,474,0,0
B10_D1,711,0,474,0,0
B10_D1,582,0,508,0,0
B10_D1,312,0,40,0,0
B6_D1,202,0,390,0,0
G1_D1,178,0,165,0,0
B10_D1,578,0,78,0,0
G1_D1,872,0,207,0,0
G1_D1,1001,0,12,0,0
B10_D1,244,0,423,0,0
B10_D1,291,0,325,0,0
B10_D1,481,0,408,0,0
G1_D1,484,0,78,0,0
G1_D1,11,0,203,0,0
B6_D1,608,0,335,0,0
B6_D1,575,0,181,0,0
B6_D1,929,0,255,0,0
B6_D1,383,0,58,0,0
B10_D1,315,0,61,0,0
B6_D1,876,0,109,0,0
B6_D1,598,0,163,0,0
B10_D1,491,0,482,0,0
B10_D1,291,0,159,0,0
B10_D1,686,0,445,0,0
G1_D1,854,0,303,0,0
B10_D1,685,0,324,0,0
B4_D1,475,0,108,0,0
B10_D1,633,0,102,0,0
B6_D1,312,0,466,0,0
B6_D1,792,0,4,0,0
B10_D1,345,0,89,0,0
B10_D1,870,0,330,0,0
G1_D1,52,0,400,0,0
B10_D1,144,0,204,0,0
B6_D1,306,0,483,0,0
B6_D1,51,0,465,0,0
G1_D1,737,0,319,0,0
B2_D1,260,0,129,0,0
B8_D1,138,0,333,0,0
B10_D1,902,0,306,0,0
B6_D1,752,0,7,0,0
B6_D1,932,0,425,0,0
G1_D1,701,0,254,0,0
B6_D1,250,0,400,0,0
G1_D1,596,0,33,0,0
B6_D1,996,0,227,0,0
B6_D1,927,0,395,0,0
B10_D1,651,0,308,0,0
B4_D1,222,0,272,0,0
B4_D1,8,0,292,0,0
B4_D1,827,0,44,0,0
G1_D1,226,0,133,0,0
B6_D1,788,0,238,0,0
B4_D1,695,0,14,0,0
G1_D1,363,0,2,0,0
B6_D1,963,0,246,0,0
G1_D1,1010,0,9,0,0
B10_D1,283,0,2,0,0
B10_D1,93,0,36,0,0
B4_D1,735,0,78,0,0
B6_D1,305,0,240,0,0
B6_D1,435,0,283,0,0
B10_D1,383,0,15,0,0
B2_D1,570,0,455,0,0
B10_D1,41,0,154,0,0
G1_D1,1009,0,236,0,0
G1_D1,933,0,8,0,0
G1_D1,760,0,478,0,0
B2_D1,3,0,128,0,0
B10_D1,461,0,33,0,0
B6_D1,283,0,60,0,0
B10_D1,503,0,303,0,0
B4_D1,760,0,68,0,0
B4_D1,223,0,209,0,0
B2_D1,163,0,133,0,0
B6_D1,304,0,216,0,0
B6_D1,128,0,24,0,0
B6_D1,964,0,296,0,0
B10_D1,589,0,487,0,0
B6_D1,792,0,42,0,0
B10_D1,437,0,101,0,0
B2_D1,1,0,109,0,0
B6_D1,876,0,29,0,0
B6_D1,185,0,331,0,0
G1_D1,1017,0,329,0,0
B6_D1,690,0,487,0,0
G1_D1,999,0,183,0,0
B2_D1,479,0,488,0,0
B4_D1,0,0,320,0,0
B2_D1,893,0,167,0,0
B10_D1,732,0,6,0,0
B10_D1,778,0,376,0,0
B10_D1,597,0,296,0,0
B10_D1,995,0,242,0,0
B2_D1,185,0,480,0,0
B10_D1,235,0,196,0,0
B6_D1,392,0,33,0,0
G1_D1,988,0,145,0,0
B6_D1,528,0,43,0,0
B4_D1,545,0,291,0,0
G1_D1,52,0,35,0,0
G1_D1,802,0,87,0,0
B6_D1,419,0,477,0,0
B4_D1,722,0,297,0,0
B10_D1,267,0,236,0,0
G1_D1,447,0,70,0,0
B8_D1,1023,0,16,0,0
G1_D1,246,0,236,0,0
G1_D1,146,0,455,0,0
G1_D1,678,0,86,0,0
B10_D1,783,0,1,0,0
B10_D1,598,0,209,0,0
B10_D1,789,0,393,0,0
B10_D1,768,0,415,0,0
B10_D1,696,0,29,0,0
B8_D1,325,0,310,0,0
B2_D1,181,0,240,0,0
B6_D1,767,0,60,0,0
B6_D1,1009,0,108,0,0
B2_D1,301,0,492,0,0
B6_D1,716,0,19,0,0
B6_D1,374,0,140,0,0
B6_D1,250,0,434,0,0
B10_D1,332,0,62,0,0
B10_D1,86,0,87,0,0
B10_D1,634,0,177,0,0
B10_D1,441,0,292,0,0
B10_D1,218,0,432,0,0
B6_D1,280,0,171,0,0
B6_D1,791,0,425,0,0
B10_D1,206,0,227,0,0
B10_D1,685,0,117,0,0
B10_D1,137,0,423,0,0
B10_D1,422,0,368,0,0
B10_D1,943,0,45,0,0
B10_D1,639,0,146,0,0
B10_D1,664,0,158,0,0
B2_D1,737,0,284,0,0
B6_D1,986,0,510,0,0
B10_D1,72,0,100,0,0
B10_D1,175,0,61,0,0
B6_D1,307,0,264,0,0
B10_D1,73,0,56,0,0
B6_D1,850,0,494,0,0
B2_D1,431,0,504,0,0
B2_D1,753,0,492,0,0
B6_D1,936,0,27,0,0
B6_D1,806,0,504,0,0
B6_D1,302,0,335,0,0
B6_D1,1013,0,409,0,0
B4_D1,972,0,124,0,0
G1_D1,343,0,402,0,0
B6_D1,192,0,121,0,0
G1_D1,116,0,146,0,0
B10_D1,147,0,61,0,0
B10_D1,715,0,441,0,0
B6_D1,220,0,7,0,0
B8_D1,1022,0,167,0,0
B8_D1,66,0,238,0,0
B10_D1,189,0,142,0,0
B10_D1,860,0,91,0,0
B10_D1,765,0,117,0,0
G1_D1,504,0,482,0,0
G1_D1,798,0,494,0,0
B4_D1,803,0,55,0,0
B10_D1,708,0,413,0,0
B10_D1,784,0,412,0,0
B6_D1,636,0,183,0,0
B6_D1,124,0,48,0,0
G1_D1,1020,0,202,0,0
B2_D1,596,0,150,0,0
G1_D1,747,0,15,0,0
B10_D1,923,0,254,0,0
B10_D1,835,0,137,0,0
B4_D1,127,0,357,0,0
B2_D1,591,0,451,0,0
G1_D1,828,0,424,0,0
B6_D1,976,0,32,0,0
B10_D1,539,0,114,0,0
B10_D1,431,0,490,0,0
B4_D1,628,0,222,0,0
B8_D1,664,0,245,0,0
B10_D1,137,0,115,0,0
B8_D1,811,0,306,0,0
B10_D1,764,0,252,0,0
B6_D1,292,0,31,0,0
B6_D1,722,0,81,0,0
B4_D1,366,0,299,0,0
B10_D1,186,0,157,0,0
B10_D1,233,0,281,0,0
B10_D1,468,0,66,0,0
G1_D1,1016,0,202,0,0
G1_D1,696,0,282,0,0
B6_D1,936,0,35,0,0
B2_D1,159,0,69,0,0
B10_D1,201,0,445,0,0
B6_D1,639,0,58,0,0
B10_D1,876,0,47,0,0
G1_D1,322,0,59,0,0
B10_D1,814,0,432,0,0
B10_D1,153,0,324,0,0
B10_D1,31,0,161,0,0
B2_D1,343,0,160,0,0
B4_D1,807,0,211,0,0
B8_D1,615,0,228,0,0
B4_D1,243,0,18,0,0
G1_D1,608,0,33,0,0
B10_D1,615,0,110,0,0
B6_D1,440,0,6,0,0
G1_D1,53,0,87,0,0
B2_D1,702,0,31,0,0
B10_D1,737,0,84,0,0
B6_D1,215,0,371,0,0
B10_D1,773,0,510,0,0
B4_D1,769,0,253,0,0
B6_D1,382,0,318,0,0
B6_D1,612,0,280,0,0
B2_D1,460,0,29,0,0
B6_D1,809,0,298,0,0
G1_D1,720,0,11,0,0
B6_D1,94,0,81,0,0
B6_D1,31,0,417,0,0
B6_D1,629,0,279,0,0
B6_D1,438,0,482,0,0
B6_D1,972,0,299,0,0
B10_D1,320,0,9,0,0
B2_D1,425,0,20,0,0
B10_D1,836,0,97,0,0
G1_D1,446,0,152,0,0
B6_D1,1008,0,136,0,0
B6_D1,674,0,497,0,0
B6_D1,226,0,503,0,0
B10_D1,612,0,152,0,0
G1_D1,15,0,267,0,0
G1_D1,838,0,212,0,0
B6_D1,56,0,28,0,0
B10_D1,592,0,506,0,0
B4_D1,331,0,328,0,0
B6_D1,886,0,507,0,0
B6_D1,10,0,403,0,0
B10_D1,468,0,261,0,0
B10_D1,305,0,193,0,0
G1_D1,693,0,29,0,0
B10_D1,538,0,146,0,0
B2_D1,189,0,305,0,0
G1_D1,282,0,13,0,0
G1_D1,529,0,248,0,0
B10_D1,189,0,250,0,0
G1_D1,747,0,381,0,0
B6_D1,603,0,417,0,0
B10_D1,750,0,162,0,0
B6_D1,248,0,40,0,0
G1_D1,116,0,159,0,0
B6_D1,713,0,343,0,0
B6_D1,1004,0,447,0,0
B10_D1,110,0,413,0,0
B10_D1,217,0,427,0,0
B6_D1,430,0,358,0,0
G1_D1,564,0,235,0,0
G1_D1,24,0,286,0,0
G1_D1,686,0,193,0,0
B10_D1,693,0,105,0,0
B10_D1,803,0,332,0,0
B2_D1,764,0,192,0,0
B8_D1,8,0,256,0,0
B10_D1,452,0,197,0,0
B10_D1,366,0,105,0,0
B10_D1,192,0,258,0,0
B10_D1,820,0,328,0,0
B10_D1,490,0,409,0,0
B6_D1,992,0,5,0,0
B10_D1,870,0,37,0,0
B4_D1,7,0,347,0,0
B6_D1,246,0,465,0,0
B10_D1,316,0,213,0,0
G1_D1,752,0,208,0,0
B6_D1,179,0,112,0,0
B6_D1,372,0,16,0,0
B6_D1,155,0,166,0,0
B4_D1,173,0,236,0,0
G1_D1,478,0,350,0,0
B6_D1,142,0,497,0,0
B4_D1,41,0,133,0,0
B6_D1,416,0,167,0,0
B10_D1,575,0,286,0,0
B10_D1,95,0,146,0,0
B10_D1,581,0,312,0,0
B10_D1,522,0,288,0,0
G1_D1,433,0,260,0,0
B8_D1,749,0,232,0,0
B6_D1,639,0,186,0,0
B6_D1,776,0,27,0,0
B6_D1,1020,0,11,0,0
B6_D1,658,0,508,0,0
B6_D1,158,0,503,0,0
B10_D1,463,0,466,0,0
B6_D1,582,0,320,0,0
B6_D1,268,0,10,0,0
B6_D1,1016,0,11,0,0
B10_D1,403,0,253,0,0
B6_D1,271,0,457,0,0
B6_D1,726,0,491,0,0
B6_D1,978,0,482,0,0
B2_D1,536,0,0,0,0
G1_D1,1016,0,129,0,0
G1_D1,806,0,56,0,0
B6_D1,161,0,96,0,0
B10_D1,558,0,106,0,0
B6_D1,547,0,370,0,0
B6_D1,886,0,272,0,0
B6_D1,834,0,392,0,0
B10_D1,664,0,24,0,0
B10_D1,433,0,339,0,0
B6_D1,523,0,481,0,0
B10_D1,997,0,2,0,0
G1_D1,292,0,31,0,0
B6_D1,823,0,147,0,0
B10_D1,325,0,91,0,0
G1_D1,68,0,97,0,0
B6_D1,176,0,23,0,0
B10_D1,193,0,79,0,0
B6_D1,895,0,118,0,0
B6_D1,442,0,499,0,0
G1_D1,1015,0,339,0,0
B6_D1,915,0,67,0,0
G1_D1,524,0,3,0,0
B10_D1,66,0,137,0,0
B10_D1,103,0,306,0,0
G1_D1,692,0,253,0,0
G1_D1,1019,0,174,0,0
B6_D1,13,0,290,0,0
B6_D1,27,0,460,0,0
G1_D1,724,0,458,0,0
B10_D1,110,0,496,0,0
B6_D1,934,0,399,0,0
B6_D1,259,0,83,0,0
B6_D1,738,0,240,0,0
G1_D1,173,0,178,0,0
B6_D1,132,0,219,0,0
B2_D1,813,0,65,0,0
G1_D1,11,0,298,0,0
G1_D1,614,0,445,0,0
B6_D1,631,0,58,0,0
B10_D1,871,0,1,0,0
B10_D1,587,0,328,0,0
B6_D1,783,0,352,0,0
G1_D1,1000,0,308,0,0
B4_D1,292,0,232,0,0
B10_D1,576,0,414,0,0
B6_D1,1011,0,312,0,0
B10_D1,413,0,216,0,0
G1_D1,530,0,235,0,0
B10_D1,822,0,412,0,0
B6_D1,429,0,242,0,0
B10_D1,673,0,489,0,0
G1_D1,433,0,120,0,0
G1_D1,257,0,278,0,0
B6_D1,639,0,426,0,0
G1_D1,1015,0,24,0,0
B6_D1,733,0,200,0,0
G1_D1,66,0,268,0,0
B6_D1,654,0,478,0,0
B6_D1,838,0,362,0,0
B6_D1,395,0,479,0,0
B6_D1,861,0,348,0,0
B6_D1,430,0,320,0,0
B4_D1,488,0,249,0,0
B10_D1,833,0,284,0,0
B6_D1,332,0,48,0,0
G1_D1,662,0,204,0,0
B6_D1,376,0,39,0,0
G1_D1,147,0,116,0,0
B10_D1,145,0,284,0,0
B6_D1,889,0,104,0,0
B6_D1,208,0,37,0,0
B8_D1,993,0,2,0,0
B6_D1,78,0,495,0,0
B4_D1,871,0,69,0,0
B6_D1,543,0,257,0,0
B6_D1,522,0,497,0,0
G1_D1,74,0,56,0,0
B10_D1,404,0,12,0,0
B6_D1,510,0,380,0,0
B2_D1,452,0,489,0,0
B6_D1,70,0,400,0,0
B6_D1,658,0,489,0,0
B10_D1,201,0,71,0,0
G1_D1,337,0,203,0,0
B6_D1,820,0,235,0,0
B10_D1,884,0,395,0,0
G1_D1,802,0,245,0,0
B2_D1,718,0,359,0,0
B4_D1,38,0,142,0,0
B6_D1,824,0,305,0,0
B6_D1,747,0,204,0,0
B6_D1,543,0,292,0,0
B2_D1,844,0,269,0,0
B6_D1,663,0,403,0,0
B10_D1,2,0,276,0,0
B10_D1,623,0,185,0,0
B10_D1,55,0,46,0,0
B6_D1,678,0,273,0,0
B6_D1,18,0,64,0,0
B6_D1,886,0,493,0,0
B4_D1,253,0,19,0,0
B10_D1,645,0,248,0,0
B6_D1,1009,0,101,0,0
B6_D1,533,0,271,0,0
G1_D1,60,0,47,0,0
B6_D1,930,0,500,0,0
B10_D1,43,0,26,0,0
G1_D1,792,0,37,0,0
B6_D1,472,0,18,0,0
G1_D1,132,0,500,0,0
G1_D1,1015,0,488,0,0
G1_D1,112,0,97,0,0
B6_D1,331,0,210,0,0
G1_D1,72,0,11,0,0
B10_D1,404,0,110,0,0
B4_D1,178,0,111,0,0
G1_D1,211,0,16,0,0
B10_D1,158,0,70,0,0
B6_D1,809,0,304,0,0
B10_D1,386,0,168,0,0
B10_D1,517,0,24,0,0
B6_D1,269,0,399,0,0
B10_D1,292,0,392,0,0
B6_D1,932,0,23,0,0
B10_D1,348,0,182,0,0
B10_D1,849,0,44,0,0
B4_D1,53,0,125,0,0
B6_D1,152,0,184,0,0
B10_D1,529,0,163,0,0
G1_D1,1014,0,245,0,0
B2_D1,1005,0,52,0,0
G1_D1,238,0,511,0,0
B6_D1,406,0,159,0,0
B6_D1,196,0,16,0,0
B10_D1,597,0,215,0,0
B10_D1,608,0,140,0,0
G1_D1,209,0,81,0,0
G1_D1,896,0,7,0,0
B6_D1,994,0,510,0,0
G1_D1,59,0,60,0,0
B8_D1,204,0,51,0,0
B10_D1,551,0,8,0,0
B6_D1,158,0,213,0,0
B6_D1,62,0,489,0,0
B6_D1,49,0,207,0,0
B4_D1,644,0,328,0,0
B10_D1,828,0,312,0,0
B10_D1,28,0,66,0,0
G1_D1,524,0,239,0,0
B6_D1,777,0,294,0,0
B6_D1,544,0,48,0,0
B6_D1,771,0,270,0,0
B10_D1,494,0,234,0,0
G1_D1,637,0,176,0,0
B10_D1,358,0,309,0,0
B2_D1,90,0,25,0,0
B6_D1,635,0,164,0,0
B10_D1,856,0,89,0,0
B10_D1,397,0,66,0,0
B10_D1,259,0,245,0,0
B6_D1,124,0,6,0,0
B6_D1,364,0,14,0,0
B10_D1,52,0,274,0,0
B6_D1,44,0,40,0,0
B10_D1,482,0,57,0,0
B10_D1,384,0,244,0,0
G1_D1,651,0,39,0,0
B10_D1,812,0,331,0,0
G1_D1,939,0,282,0,0
G1_D1,454,0,121,0,0
B6_D1,948,0,1,0,0
B6_D1,520,0,44,0,0
B10_D1,503,0,38,0,0
B6_D1,468,0,5,0,0
B6_D1,830,0,86,0,0
B10_D1,735,0,356,0,0
B6_D1,224,0,30,0,0
B8_D1,961,0,238,0,0
G1_D1,619,0,473,0,0
B6_D1,772,0,12,0,0
B4_D1,663,0,317,0,0
B8_D1,88,0,226,0,0
B6_D1,498,0,495,0,0
B6_D1,820,0,334,0,0
B10_D1,408,0,106,0,0
B6_D1,355,0,105,0,0
B6_D1,117,0,254,0,0
B4_D1,1004,0,212,0,0
G1_D1,558,0,209,0,0
B10_D1,314,0,311,0,0
B6_D1,412,0,272,0,0
B4_D1,875,0,124,0,0
B10_D1,8,0,370,0,0
B6_D1,731,0,199,0,0
B6_D1,991,0,451,0,0
B6_D1,560,0,375,0,0
B10_D1,431,0,0,0,0
B6_D1,72,0,269,0,0
B10_D1,10,0,272,0,0
B2_D1,152,0,268,0,0
G1_D1,1008,0,1,0,0
B6_D1,544,0,11,0,0
B10_D1,453,0,139,0,0
G1_D1,469,0,243,0,0
B6_D1,70,0,213,0,0
B10_D1,316,0,109,0,0
B10_D1,232,0,293,0,0
B2_D1,188,0,130,0,0
B10_D1,278,0,51,0,0
B6_D1,230,0,485,0,0
G1_D1,185,0,155,0,0
B10_D1,7,0,3,0,0
B6_D1,576,0,17,0,0
B10_D1,820,0,56,0,0
B6_D1,117,0,197,0,0
B10_D1,483,0,481,0,0
G1_D1,542,0,94,0,0
B10_D1,658,0,274,0,0
B2_D1,885,0,475,0,0
B10_D1,819,0,363,0,0
B10_D1,174,0,43,0,0
G1_D1,446,0,481,0,0
B10_D1,201,0,226,0,0
B10_D1,684,0,251,0,0
B10_D1,925,0,236,0,0
B10_D1,495,0,302,0,0
G1_D1,889,0,12,0,0
B10_D1,627,0,363,0,0
B6_D1,952,0,304,0,0
B6_D1,838,0,127,0,0
G1_D1,152,0,1,0,0
B6_D1,868,0,10,0,0
B2_D1,228,0,480,0,0
B10_D1,124,0,504,0,0
B6_D1,940,0,224,0,0
B6_D1,615,0,355,0,0
B10_D1,280,0,172,0,0
B10_D1,192,0,283,0,0
B6_D1,192,0,1,0,0
G1_D1,460,0,85,0,0
G1_D1,149,0,197,0,0
G1_D1,562,0,21,0,0
G1_D1,579,0,259,0,0
B10_D1,742,0,450,0,0
B6_D1,978,0,502,0,0
B6_D1,22,0,458,0,0
B10_D1,362,0,212,0,0
B6_D1,718,0,508,0,0
G1_D1,764,0,3,0,0
B6_D1,990,0,317,0,0
B6_D1,230,0,501,0,0
B6_D1,96,0,133,0,0
B6_D1,918,0,488,0,0
B6_D1,192,0,370,0,0
B6_D1,868,0,9,0,0
B6_D1,3,0,240,0,0
B10_D1,556,0,412,0,0
B6_D1,725,0,184,0,0
B6_D1,784,0,400,0,0
B10_D1,190,0,189,0,0
G1_D1,70,0,511,0,0
B4_D1,164,0,360,0,0
B6_D1,961,0,158,0,0
B6_D1,672,0,474,0,0
B2_D1,606,0,511,0,0
B10_D1,965,0,113,0,0
B6_D1,151,0,201,0,0
B10_D1,829,0,239,0,0
B10_D1,626,0,117,0,0
B4_D1,735,0,109,0,0
B10_D1,147,0,181,0,0
G1_D1,340,0,478,0,0
B10_D1,402,0,262,0,0
B10_D1,627,0,176,0,0
B6_D1,689,0,277,0,0
B6_D1,690,0,495,0,0
B2_D1,325,0,290,0,0
B6_D1,141,0,60,0,0
B4_D1,62,0,424,0,0
B6_D1,1001,0,137,0,0
B10_D1,56,0,119,0,0
B4_D1,698,0,306,0,0
B10_D1,152,0,243,0,0
B6_D1,77,0,399,0,0
B4_D1,840,0,235,0,0
B2_D1,422,0,490,0,0
B6_D1,850,0,105,0,0
B10_D1,713,0,248,0,0
G1_D1,913,0,491,0,0
G1_D1,694,0,101,0,0
B2_D1,604,0,161,0,0
B4_D1,624,0,30,0,0
G1_D1,882,0,240,0,0
G1_D1,979,0,88,0,0
B2_D1,674,0,509,0,0
B6_D1,938,0,49,0,0
B10_D1,674,0,385,0,0
B6_D1,396,0,1,0,0
G1_D1,917,0,51,0,0
B6_D1,996,0,409,0,0
B10_D1,1018,0,54,0,0
B6_D1,444,0,229,0,0
G1_D1,1000,0,129,0,0
B10_D1,865,0,202,0,0
G1_D1,56,0,209,0,0
B10_D1,871,0,216,0,0
B10_D1,674,0,415,0,0
B6_D1,158,0,491,0,0
B10_D1,696,0,451,0,0
B10_D1,679,0,417,0,0
B10_D1,28,0,108,0,0
G1_D1,389,0,208,0,0
G1_D1,938,0,274,0,0
B10_D1,523,0,102,0,0
B10_D1,720,0,88,0,0
B10_D1,869,0,213,0,0
B10_D1,306,0,456,0,0
B6_D1,780,0,6,0,0
G1_D1,25,0,83,0,0
B10_D1,365,0,102,0,0
B6_D1,323,0,143,0,0
G1_D1,55,0,2,0,0
B10_D1,431,0,234,0,0
B10_D1,261,0,1,0,0
B10_D1,201,0,26,0,0
B10_D1,804,0,81,0,0
G1_D1,950,0,219,0,0
G1_D1,729,0,84,0,0
G1_D1,602,0,511,0,0
G1_D1,166,0,9,0,0
B6_D1,69,0,90,0,0
B8_D1,42,0,3,0,0
B10_D1,211,0,358,0,0
B6_D1,676,0,185,0,0
B6_D1,681,0,431,0,0
B10_D1,499,0,249,0,0
B6_D1,812,0,448,0,0
B6_D1,792,0,46,0,0
B4_D1,1023,0,105,0,0
B10_D1,185,0,44,0,0
G1_D1,20,0,301,0,0
B6_D1,474,0,492,0,0
G1_D1,807,0,162,0,0
B6_D1,428,0,8,0,0
B2_D1,693,0,24,0,0
B4_D1,99,0,18,0,0
G1_D1,146,0,78,0,0
G1_D1,1012,0,266,0,0
B6_D1,243,0,471,0,0
B10_D1,575,0,244,0,0
B6_D1,196,0,121,0,0
B10_D1,792,0,309,0,0
G1_D1,287,0,486,0,0
B10_D1,370,0,176,0,0
B6_D1,40,0,15,0,0
B6_D1,380,0,21,0,0
B6_D1,230,0,502,0,0
B10_D1,780,0,240,0,0
G1_D1,1022,0,167,0,0
B6_D1,872,0,44,0,0
G1_D1,58,0,53,0,0
B6_D1,99,0,375,0,0
B4_D1,24,0,56,0,0
B6_D1,136,0,149,0,0
B6_D1,366,0,262,0,0
B10_D1,387,0,256,0,0
G1_D1,1018,0,338,0,0
B10_D1,124,0,91,0,0
B6_D1,710,0,502,0,0
B10_D1,575,0,158,0,0
G1_D1,694,0,159,0,0
B10_D1,328,0,214,0,0
G1_D1,318,0,178,0,0
B6_D1,858,0,499,0,0
B6_D1,102,0,309,0,0
G1_D1,700,0,50,0,0
G1_D1,548,0,219,0,0
G1_D1,796,0,21,0,0
B6_D1,148,0,28,0,0
B10_D1,459,0,494,0,0
G1_D1,995,0,29,0,0
G1_D1,305,0,510,0,0
G1_D1,318,0,20,0,0
B4_D1,684,0,267,0,0
B10_D1,369,0,135,0,0
B10_D1,843,0,485,0,0
B10_D1,345,0,272,0,0
B4_D1,2,0,246,0,0
B6_D1,378,0,490,0,0
B8_D1,810,0,226,0,0
B10_D1,253,0,44,0,0
B6_D1,306,0,401,0,0
B4_D1,847,0,78,0,0
B6_D1,971,0,481,0,0
B6_D1,578,0,267,0,0
B2_D1,826,0,7,0,0
B6_D1,140,0,11,0,0
B2_D1,52,0,270,0,0
B6_D1,986,0,495,0,0
B6_D1,409,0,222,0,0
B6_D1,1008,0,396,0,0
B10_D1,143,0,354,0,0
B10_D1,1022,0,133,0,0
B6_D1,528,0,46,0,0
B6_D1,911,0,346,0,0
B6_D1,774,0,235,0,0
B2_D1,91,0,142,0,0
B2_D1,855,0,36,0,0
B6_D1,814,0,455,0,0
B10_D1,487,0,278,0,0
B6_D1,786,0,88,0,0
B10_D1,242,0,298,0,0
B4_D1,39,0,139,0,0
G1_D1,29,0,245,0,0
G1_D1,523,0,124,0,0
B6_D1,732,0,20,0,0
B6_D1,404,0,154,0,0
G1_D1,60,0,139,0,0
B10_D1,598,0,115,0,0
B6_D1,240,0,41,0,0
B10_D1,389,0,263,0,0
B10_D1,37,0,30,0,0
B10_D1,517,0,73,0,0
B10_D1,1023,0,77,0,0
B6_D1,216,0,16,0,0
B4_D1,679,0,251,0,0
B10_D1,519,0,51,0,0
G1_D1,928,0,250,0,0
B10_D1,730,0,62,0,0
B10_D1,46,0,203,0,0
B2_D1,967,0,39,0,0
B6_D1,283,0,80,0,0
G1_D1,141,0,46,0,0
G1_D1,765,0,72,0,0
B6_D1,32,0,7,0,0
B10_D1,338,0,175,0,0
B6_D1,958,0,434,0,0
G1_D1,20,0,308,0,0
B6_D1,326,0,506,0,0
B6_D1,872,0,262,0,0
B6_D1,980,0,131,0,0
B6_D1,538,0,508,0,0
G1_D1,1004,0,319,0,0
G1_D1,860,0,260,0,0
B2_D1,992,0,109,0,0
B10_D1,684,0,390,0,0
B10_D1,490,0,239,0,0
B4_D1,738,0,246,0,0
B8_D1,175,0,344,0,0
B4_D1,997,0,15,0,0
G1_D1,312,0,7,0,0
B6_D1,82,0,485,0,0
G1_D1,1021,0,283,0,0
G1_D1,781,0,480,0,0
B10_D1,382,0,241,0,0
B6_D1,28,0,161,0,0
G1_D1,192,0,279,0,0
B10_D1,406,0,497,0,0
B6_D1,4,0,445,0,0
G1_D1,335,0,28,0,0
B10_D1,884,0,117,0,0
B6_D1,619,0,265,0,0
B2_D1,718,0,85,0,0
B6_D1,955,0,432,0,0
G1_D1,595,0,20,0,0
B2_D1,877,0,461,0,0
B10_D1,4,0,288,0,0
B10_D1,462,0,229,0,0
G1_D1,643,0,31,0,0
G1_D1,629,0,56,0,0
B10_D1,708,0,49,0,0
B10_D1,10,0,58,0,0
B10_D1,596,0,444,0,0
B6_D1,216,0,110,0,0
B6_D1,560,0,28,0,0
B6_D1,108,0,8,0,0
G1_D1,216,0,3,0,0
G1_D1,682,0,275,0,0
B10_D1,465,0,158,0,0
B10_D1,492,0,6,0,0
B6_D1,120,0,46,0,0
B6_D1,702,0,380,0,0
G1_D1,268,0,24,0,0
B6_D1,408,0,226,0,0
B6_D1,824,0,12,0,0
G1_D1,938,0,5,0,0
B10_D1,457,0,17,0,0
G1_D1,539,0,232,0,0
B6_D1,678,0,487,0,0
B10_D1,382,0,166,0,0
B6_D1,998,0,302,0,0
B10_D1,424,0,366,0,0
G1_D1,283,0,16,0,0
B8_D1,758,0,206,0,0
B6_D1,759,0,101,0,0
B6_D1,71,0,402,0,0
B10_D1,279,0,316,0,0
G1_D1,863,0,293,0,0
B10_D1,720,0,333,0,0
B2_D1,909,0,24,0,0
B6_D1,839,0,438,0,0
B6_D1,446,0,73,0,0
B4_D1,113,0,337,0,0
B6_D1,816,0,448,0,0
B6_D1,419,0,388,0,0
B6_D1,524,0,444,0,0
B2_D1,912,0,433,0,0
G1_D1,692,0,273,0,0
B10_D1,375,0,270,0,0
B10_D1,601,0,344,0,0
B2_D1,773,0,49,0,0
B6_D1,758,0,221,0,0
B10_D1,125,0,45,0,0
B6_D1,560,0,44,0,0
B10_D1,109,0,114,0,0
B10_D1,565,0,318,0,0
G1_D1,154,0,235,0,0
B10_D1,778,0,233,0,0
B6_D1,21,0,235,0,0
B6_D1,6,0,494,0,0
B6_D1,878,0,95,0,0
B10_D1,8,0,293,0,0
G1_D1,244,0,122,0,0
B10_D1,478,0,273,0,0
G1_D1,205,0,449,0,0
B6_D1,735,0,374,0,0
B10_D1,940,0,85,0,0
B10_D1,211,0,428,0,0
B6_D1,260,0,310,0,0
B6_D1,71,0,375,0,0
B10_D1,585,0,96,0,0
B6_D1,858,0,114,0,0
B10_D1,817,0,107,0,0
B2_D1,228,0,50,0,0
B10_D1,20,0,98,0,0
B6_D1,857,0,169,0,0
B2_D1,828,0,60,0,0
B10_D1,487,0,277,0,0
B6_D1,215,0,69,0,0
B6_D1,927,0,444,0,0
B4_D1,798,0,60,0,0
G1_D1,982,0,511,0,0
B6_D1,560,0,235,0,0
B10_D1,540,0,65,0,0
B6_D1,914,0,398,0,0
B4_D1,124,0,279,0,0
B6_D1,74,0,49,0,0
G1_D1,330,0,396,0,0
B2_D1,898,0,20,0,0
B6_D1,829,0,156,0,0
B10_D1,130,0,135,0,0
B6_D1,512,0,23,0,0
B10_D1,761,0,58,0,0
B6_D1,661,0,480,0,0
B10_D1,362,0,486,0,0
B10_D1,32,0,102,0,0
B8_D1,373,0,189,0,0
B2_D1,952,0,31,0,0
G1_D1,807,0,10,0,0
B10_D1,835,0,333,0,0
B6_D1,114,0,461,0,0
B10_D1,715,0,45,0,0
B6_D1,285,0,476,0,0
B10_D1,28,0,173,0,0
B6_D1,912,0,5,0,0
B6_D1,480,0,31,0,0
B10_D1,89,0,125,0,0
B4_D1,883,0,265,0,0
G1_D1,257,0,4,0,0
B6_D1,410,0,509,0,0
G1_D1,999,0,85,0,0
G1_D1,423,0,229,0,0
B10_D1,676,0,305,0,0
B6_D1,929,0,112,0,0
B6_D1,855,0,226,0,0
B10_D1,105,0,323,0,0
G1_D1,42,0,34,0,0
B6_D1,996,0,413,0,0
B6_D1,680,0,370,0,0
B4_D1,945,0,35,0,0
B6_D1,308,0,419,0,0
B6_D1,558,0,502,0,0
B6_D1,980,0,308,0,0
B2_D1,914,0,402,0,0
B6_D1,998,0,217,0,0
B6_D1,668,0,25,0,0
B6_D1,802,0,350,0,0
B10_D1,6,0,272,0,0
B6_D1,801,0,480,0,0
B6_D1,772,0,19,0,0
B10_D1,474,0,109,0,0
G1_D1,565,0,8,0,0
B6_D1,544,0,425,0,0
G1_D1,482,0,511,0,0
B10_D1,453,0,272,0,0
B6_D1,488,0,11,0,0
B10_D1,544,0,481,0,0
B10_D1,162,0,336,0,0
B10_D1,307,0,192,0,0
G1_D1,728,0,264,0,0
B8_D1,109,0,196,0,0
B6_D1,990,0,490,0,0
B6_D1,785,0,414,0,0
B6_D1,438,0,243,0,0
B10_D1,224,0,314,0,0
B2_D1,440,0,489,0,0
G1_D1,323,0,36,0,0
B6_D1,151,0,118,0,0
G1_D1,532,0,7,0,0
G1_D1,548,0,11,0,0
B6_D1,544,0,166,0,0
B10_D1,782,0,261,0,0
B10_D1,647,0,301,0,0
B10_D1,80,0,174,0,0
G1_D1,204,0,144,0,0
B6_D1,584,0,13,0,0
B6_D1,184,0,367,0,0
B10_D1,587,0,299,0,0
B10_D1,100,0,136,0,0
B2_D1,622,0,511,0,0
B6_D1,726,0,60,0,0
G1_D1,1010,0,324,0,0
B6_D1,133,0,143,0,0
B6_D1,828,0,384,0,0
B4_D1,810,0,149,0,0
B10_D1,339,0,416,0,0
G1_D1,986,0,95,0,0
B6_D1,808,0,74,0,0
B6_D1,160,0,0,0,0
B6_D1,787,0,449,0,0
G1_D1,326,0,23,0,0
B6_D1,430,0,483,0,0
B6_D1,79,0,327,0,0
B6_D1,111,0,452,0,0
B4_D1,781,0,15,0,0
B10_D1,864,0,271,0,0
G1_D1,490,0,509,0,0
B10_D1,54,0,138,0,0
G1_D1,901,0,4,0,0
B10_D1,14,0,254,0,0
B6_D1,762,0,509,0,0
B10_D1,389,0,468,0,0
B6_D1,764,0,149,0,0
B6_D1,778,0,494,0,0
B10_D1,428,0,142,0,0
B6_D1,964,0,27,0,0
B6_D1,374,0,488,0,0
B4_D1,584,0,231,0,0
G1_D1,25,0,510,0,0
B10_D1,878,0,51,0,0
G1_D1,422,0,267,0,0
G1_D1,951,0,157,0,0
B10_D1,730,0,120,0,0
B2_D1,1004,0,31,0,0
B10_D1,234,0,131,0,0
B6_D1,86,0,505,0,0
B10_D1,115,0,196,0,0
B6_D1,748,0,28,0,0
B10_D1,368,0,498,0,0
B10_D1,428,0,380,0,0
B6_D1,761,0,216,0,0
B6_D1,128,0,39,0,0
G1_D1,286,0,270,0,0
B6_D1,111,0,392,0,0
B6_D1,760,0,433,0,0
B6_D1,983,0,416,0,0
B10_D1,573,0,124,0,0
G1_D1,662,0,245,0,0
G1_D1,59,0,10,0,0
B10_D1,590,0,110,0,0
G1_D1,236,0,3,0,0
G1_D1,461,0,215,0,0
B2_D1,985,0,59,0,0
B6_D1,934,0,315,0,0
B6_D1,387,0,60,0,0
B6_D1,187,0,66,0,0
G1_D1,719,0,141,0,0
B10_D1,608,0,354,0,0
B6_D1,696,0,25,0,0
G1_D1,908,0,18,0,0
B6_D1,1000,0,39,0,0
B6_D1,328,0,48,0,0
G1_D1,696,0,3,0,0
B10_D1,633,0,479,0,0
B6_D1,1012,0,20,0,0
B10_D1,407,0,504,0,0
G1_D1,432,0,368,0,0
B6_D1,12,0,239,0,0
B6_D1,426,0,508,0,0
B6_D1,999,0,98,0,0
B6_D1,304,0,77,0,0
B6_D1,959,0,230,0,0
G1_D1,1003,0,157,0,0
B6_D1,903,0,102,0,0
B6_D1,438,0,281,0,0
G1_D1,991,0,88,0,0
B6_D1,1010,0,498,0,0
G1_D1,173,0,8,0,0
B6_D1,592,0,43,0,0
B10_D1,197,0,11,0,0
B6_D1,541,0,249,0,0
G1_D1,823,0,2,0,0
B6_D1,340,0,41,0,0
G1_D1,994,0,16,0,0
B6_D1,510,0,395,0,0
B10_D1,180,0,285,0,0
B2_D1,171,0,129,0,0
B10_D1,116,0,226,0,0
B6_D1,791,0,92,0,0
B10_D1,375,0,3,0,0
G1_D1,457,0,122,0,0
B4_D1,213,0,355,0,0
G1_D1,785,0,8,0,0
B10_D1,667,0,483,0,0
G1_D1,708,0,52,0,0
B10_D1,280,0,328,0,0
G1_D1,238,0,38,0,0
B10_D1,1021,0,126,0,0
G1_D1,836,0,301,0,0
B4_D1,487,0,285,0,0
B6_D1,292,0,16,0,0
B4_D1,341,0,348,0,0
G1_D1,922,0,308,0,0
B6_D1,573,0,303,0,0
B10_D1,302,0,271,0,0
B10_D1,971,0,255,0,0
B6_D1,644,0,477,0,0
G1_D1,982,0,134,0,0
B6_D1,696,0,302,0,0
B4_D1,987,0,60,0,0
B4_D1,435,0,231,0,0
G1_D1,382,0,39,0,0
B6_D1,77,0,419,0,0
G1_D1,843,0,270,0,0
B4_D1,116,0,415,0,0
B10_D1,667,0,470,0,0
G1_D1,981,0,12,0,0
B10_D1,994,0,277,0,0
B2_D1,416,0,506,0,0
G1_D1,1022,0,454,0,0
B6_D1,789,0,423,0,0
B6_D1,686,0,59,0,0
B4_D1,251,0,96,0,0
G1_D1,927,0,235,0,0
G1_D1,433,0,19,0,0
B6_D1,754,0,109,0,0
G1_D1,767,0,70,0,0
B2_D1,214,0,131,0,0
B6_D1,771,0,417,0,0
B10_D1,240,0,423,0,0
B6_D1,934,0,298,0,0
G1_D1,606,0,34,0,0
B6_D1,811,0,301,0,0
B6_D1,944,0,228,0,0
G1_D1,191,0,15,0,0
B6_D1,690,0,278,0,0
B6_D1,886,0,502,0,0
B6_D1,584,0,42,0,0
B6_D1,946,0,491,0,0
B6_D1,535,0,184,0,0
G1_D1,942,0,283,0,0
B6_D1,247,0,246,0,0
G1_D1,577,0,278,0,0
G1_D1,763,0,246,0,0
B8_D1,226,0,98,0,0
B6_D1,665,0,105,0,0
B2_D1,376,0,288,0,0
B6_D1,508,0,394,0,0
B6_D1,830,0,270,0,0
B10_D1,348,0,275,0,0
B10_D1,797,0,306,0,0
B6_D1,464,0,348,0,0
G1_D1,154,0,183,0,0
G1_D1,17,0,171,0,0
G1_D1,730,0,256,0,0
G1_D1,738,0,313,0,0
B2_D1,871,0,237,0,0
B6_D1,763,0,329,0,0
B4_D1,481,0,95,0,0
G1_D1,348,0,91,0,0
B10_D1,736,0,39,0,0
G1_D1,319,0,134,0,0
B10_D1,352,0,41,0,0
B10_D1,581,0,26,0,0
G1_D1,954,0,240,0,0
B6_D1,495,0,232,0,0
B4_D1,3,0,274,0,0
B10_D1,322,0,35,0,0
G1_D1,20,0,345,0,0
B6_D1,292,0,5,0,0
B6_D1,153,0,411,0,0
B6_D1,731,0,58,0,0
G1_D1,55,0,75,0,0
B4_D1,46,0,404,0,0
G1_D1,108,0,363,0,0
B10_D1,510,0,471,0,0
B10_D1,214,0,43,0,0
B4_D1,144,0,273,0,0
B6_D1,842,0,392,0,0
B6_D1,103,0,124,0,0
B4_D1,471,0,426,0,0
B2_D1,412,0,31,0,0
B6_D1,64,0,302,0,0
G1_D1,1014,0,37,0,0
B6_D1,669,0,413,0,0
B6_D1,894,0,309,0,0
G1_D1,393,0,447,0,0
B2_D1,630,0,149,0,0
B10_D1,517,0,79,0,0
G1_D1,877,0,247,0,0
B10_D1,157,0,171,0,0
G1_D1,63,0,65,0,0
B8_D1,125,0,205,0,0
B6_D1,692,0,20,0,0
B6_D1,248,0,47,0,0
B6_D1,481,0,415,0,0
B10_D1,644,0,231,0,0
B10_D1,96,0,297,0,0
B4_D1,269,0,240,0,0
G1_D1,556,0,40,0,0
G1_D1,861,0,40,0,0
B10_D1,891,0,85,0,0
B4_D1,274,0,41,0,0
B2_D1,752,0,192,0,0
G1_D1,718,0,106,0,0
B2_D1,587,0,116,0,0
B10_D1,10,0,233,0,0
B6_D1,866,0,482,0,0
B6_D1,771,0,327,0,0
B6_D1,458,0,433,0,0
B6_D1,96,0,24,0,0
B10_D1,731,0,41,0,0
B6_D1,970,0,167,0,0
B6_D1,48,0,431,0,0
B10_D1,364,0,4,0,0
B10_D1,238,0,117,0,0
B4_D1,799,0,14,0,0
B6_D1,356,0,13,0,0
B6_D1,658,0,511,0,0
B2_D1,668,0,99,0,0
B10_D1,605,0,191,0,0
B6_D1,359,0,329,0,0
G1_D1,992,0,240,0,0
B10_D1,89,0,7,0,0
G1_D1,177,0,35,0,0
B4_D1,2,0,503,0,0
G1_D1,99,0,204,0,0
G1_D1,506,0,9,0,0
B6_D1,539,0,349,0,0
G1_D1,19,0,16,0,0
B4_D1,555,0,295,0,0
B6_D1,647,0,479,0,0
G1_D1,340,0,3,0,0
B6_D1,555,0,390,0,0
B10_D1,116,0,494,0,0
B10_D1,608,0,285,0,0
B10_D1,705,0,244,0,0
B6_D1,492,0,20,0,0
B4_D1,883,0,13,0,0
B6_D1,820,0,4,0,0
B4_D1,686,0,103,0,0
B6_D1,1005,0,114,0,0
B10_D1,84,0,133,0,0
B2_D1,834,0,365,0,0
B10_D1,173,0,96,0,0
B10_D1,211,0,289,0,0
B6_D1,570,0,509,0,0
B6_D1,23,0,370,0,0
B6_D1,948,0,23,0,0
G1_D1,382,0,496,0,0
B6_D1,756,0,15,0,0
G1_D1,682,0,267,0,0
B4_D1,855,0,86,0,0
B6_D1,524,0,0,0,0
B10_D1,887,0,475,0,0
B6_D1,432,0,448,0,0
B6_D1,236,0,69,0,0
B10_D1,532,0,261,0,0
B6_D1,566,0,434,0,0
B10_D1,787,0,247,0,0
B6_D1,856,0,10,0,0
B6_D1,674,0,499,0,0
B4_D1,154,0,17,0,0
B10_D1,396,0,494,0,0
B10_D1,851,0,231,0,0
B4_D1,102,0,42,0,0
B10_D1,186,0,364,0,0
B10_D1,296,0,172,0,0
B2_D1,323,0,292,0,0
B10_D1,0,0,266,0,0
G1_D1,267,0,73,0,0
B10_D1,570,0,110,0,0
B6_D1,694,0,367,0,0
B10_D1,777,0,81,0,0
B10_D1,569,0,45,0,0
B2_D1,324,0,138,0,0
B10_D1,86,0,13,0,0
G1_D1,785,0,4,0,0
B6_D1,46,0,485,0,0
B10_D1,253,0,176,0,0
B6_D1,883,0,388,0,0
B6_D1,406,0,510,0,0
B2_D1,557,0,26,0,0
B6_D1,756,0,301,0,0
B6_D1,50,0,420,0,0
B6_D1,46,0,100,0,0
B10_D1,240,0,71,0,0
B10_D1,745,0,2,0,0
B6_D1,352,0,166,0,0
B6_D1,518,0,511,0,0
B6_D1,48,0,27,0,0
B10_D1,446,0,18,0,0
G1_D1,572,0,197,0,0
B2_D1,430,0,213,0,0
B10_D1,907,0,66,0,0
B10_D1,701,0,160,0,0
B8_D1,733,0,232,0,0
B6_D1,94,0,492,0,0
B10_D1,134,0,501,0,0
B10_D1,925,0,16,0,0
B10_D1,331,0,93,0,0
B10_D1,586,0,300,0,0
B6_D1,103,0,250,0,0
B6_D1,986,0,224,0,0
G1_D1,666,0,196,0,0
G1_D1,71,0,37,0,0
B6_D1,264,0,30,0,0
B6_D1,850,0,396,0,0
B8_D1,197,0,194,0,0
B6_D1,528,0,183,0,0
B6_D1,223,0,335,0,0
B10_D1,32,0,215,0,0
B6_D1,746,0,335,0,0
B2_D1,164,0,229,0,0
B6_D1,809,0,423,0,0
B10_D1,834,0,13,0,0
B10_D1,858,0,132,0,0
B8_D1,980,0,243,0,0
B6_D1,18,0,505,0,0
G1_D1,743,0,46,0,0
B6_D1,304,0,79,0,0
B6_D1,934,0,391,0,0
G1_D1,1008,0,145,0,0
B6_D1,116,0,42,0,0
B10_D1,385,0,392,0,0
B6_D1,788,0,341,0,0
B4_D1,29,0,144,0,0
G1_D1,729,0,82,0,0
B10_D1,640,0,456,0,0
B2_D1,747,0,2,0,0
B6_D1,323,0,153,0,0
B10_D1,780,0,101,0,0
G1_D1,853,0,271,0,0
B10_D1,195,0,194,0,0
B6_D1,788,0,334,0,0
B6_D1,905,0,385,0,0
B6_D1,496,0,37,0,0
B6_D1,194,0,395,0,0
B10_D1,337,0,1,0,0
B10_D1,863,0,216,0,0
B6_D1,954,0,506,0,0
B4_D1,576,0,298,0,0
B10_D1,327,0,81,0,0
B10_D1,738,0,446,0,0
B10_D1,560,0,121,0,0
B10_D1,20,0,165,0,0
G1_D1,1017,0,226,0,0
B10_D1,283,0,187,0,0
B6_D1,644,0,29,0,0
G1_D1,238,0,175,0,0
B10_D1,229,0,361,0,0
B6_D1,875,0,204,0,0
B6_D1,1005,0,167,0,0
B10_D1,665,0,73,0,0
B6_D1,762,0,236,0,0
B10_D1,739,0,1,0,0
B6_D1,763,0,269,0,0
B8_D1,609,0,225,0,0
B6_D1,946,0,511,0,0
B6_D1,634,0,434,0,0
B10_D1,427,0,495,0,0
B6_D1,105,0,462,0,0
B6_D1,898,0,196,0,0
B4_D1,220,0,271,0,0
B10_D1,280,0,351,0,0
B6_D1,285,0,55,0,0
B10_D1,902,0,17,0,0
B10_D1,704,0,258,0,0
B10_D1,12,0,263,0,0
G1_D1,1004,0,1,0,0
B10_D1,316,0,49,0,0
G1_D1,1000,0,215,0,0
B6_D1,138,0,471,0,0
G1_D1,54,0,450,0,0
B6_D1,890,0,344,0,0
B2_D1,773,0,510,0,0
G1_D1,74,0,13,0,0
G1_D1,307,0,95,0,0
G1_D1,25,0,88,0,0
G1_D1,1014,0,280,0,0
B6_D1,954,0,482,0,0
B10_D1,566,0,115,0,0
B6_D1,257,0,66,0,0
G1_D1,789,0,131,0,0
B6_D1,389,0,119,0,0
B6_D1,100,0,52,0,0
B6_D1,484,0,40,0,0
B2_D1,858,0,13,0,0
B10_D1,697,0,73,0,0
B6_D1,879,0,143,0,0
B6_D1,896,0,42,0,0
B10_D1,385,0,471,0,0
G1_D1,255,0,492,0,0
B10_D1,36,0,115,0,0
B6_D1,463,0,479,0,0
G1_D1,761,0,12,0,0
G1_D1,946,0,19,0,0
G1_D1,328,0,24,0,0
B6_D1,806,0,219,0,0
B10_D1,119,0,208,0,0
B2_D1,598,0,95,0,0
G1_D1,600,0,52,0,0
B10_D1,515,0,334,0,0
B8_D1,663,0,248,0,0
B6_D1,544,0,405,0,0
B2_D1,2,0,117,0,0
G1_D1,345,0,19,0,0
B6_D1,77,0,121,0,0
B10_D1,664,0,131,0,0
B6_D1,814,0,272,0,0
B6_D1,204,0,16,0,0
B6_D1,239,0,385,0,0
B4_D1,4,0,98,0,0
B6_D1,840,0,334,0,0
B10_D1,221,0,511,0,0
B10_D1,216,0,233,0,0
B6_D1,726,0,259,0,0
B10_D1,448,0,10,0,0
B10_D1,705,0,461,0,0
B4_D1,25,0,270,0,0
B10_D1,862,0,68,0,0
B10_D1,806,0,259,0,0
B10_D1,583,0,321,0,0
B4_D1,875,0,27,0,0
B2_D1,26,0,171,0,0
B10_D1,844,0,282,0,0
B10_D1,587,0,507,0,0
B10_D1,298,0,271,0,0
B6_D1,234,0,372,0,0
G1_D1,828,0,18,0,0
B4_D1,6,0,408,0,0
G1_D1,634,0,9,0,0
B6_D1,656,0,49,0,0
G1_D1,766,0,85,0,0
B10_D1,229,0,234,0,0
B10_D1,93,0,11,0,0
G1_D1,671,0,67,0,0
B6_D1,106,0,83,0,0
B6_D1,32,0,2,0,0
G1_D1,269,0,280,0,0
B6_D1,833,0,309,0,0
B6_D1,725,0,469,0,0
B2_D1,215,0,152,0,0
G1_D1,139,0,17,0,0
B4_D1,663,0,245,0,0
G1_D1,791,0,15,0,0
B10_D1,975,0,209,0,0
B10_D1,441,0,241,0,0
B10_D1,872,0,30,0,0
G1_D1,314,0,232,0,0
B6_D1,483,0,51,0,0
B6_D1,314,0,345,0,0
G1_D1,597,0,4,0,0
B10_D1,570,0,87,0,0
B10_D1,852,0,405,0,0
B4_D1,7,0,341,0,0
B6_D1,726,0,432,0,0
B4_D1,598,0,367,0,0
B10_D1,9,0,92,0,0
G1_D1,95,0,17,0,0
B4_D1,790,0,55,0,0
B2_D1,238,0,486,0,0
B10_D1,705,0,7,0,0
B10_D1,638,0,83,0,0
G1_D1,4,0,485,0,0
G1_D1,134,0,22,0,0
B6_D1,186,0,172,0,0
G1_D1,755,0,463,0,0
B6_D1,126,0,268,0,0
B10_D1,356,0,337,0,0
B4_D1,62,0,148,0,0
B10_D1,488,0,164,0,0
B2_D1,194,0,85,0,0
B6_D1,278,0,101,0,0
B2_D1,964,0,80,0,0
B6_D1,63,0,455,0,0
B6_D1,635,0,276,0,0
B6_D1,700,0,7,0,0
B4_D1,2,0,158,0,0
G1_D1,62,0,206,0,0
B6_D1,991,0,446,0,0
B10_D1,94,0,182,0,0
B6_D1,679,0,300,0,0
B8_D1,232,0,337,0,0
G1_D1,824,0,489,0,0
B10_D1,298,0,83,0,0
B10_D1,61,0,43,0,0
B10_D1,471,0,224,0,0
G1_D1,101,0,305,0,0
B2_D1,554,0,481,0,0
B4_D1,3,0,203,0,0
B6_D1,13,0,432,0,0
B2_D1,739,0,36,0,0
B4_D1,386,0,198,0,0
B6_D1,573,0,388,0,0
B10_D1,681,0,17,0,0
G1_D1,1023,0,195,0,0
B6_D1,174,0,173,0,0
G1_D1,17,0,246,0,0
G1_D1,491,0,501,0,0
B6_D1,350,0,340,0,0
B2_D1,126,0,430,0,0
B6_D1,283,0,380,0,0
B6_D1,794,0,293,0,0
B10_D1,10,0,369,0,0
B8_D1,751,0,231,0,0
B10_D1,426,0,409,0,0
B10_D1,245,0,118,0,0
G1_D1,643,0,266,0,0
B10_D1,186,0,46,0,0
B2_D1,597,0,450,0,0
B6_D1,878,0,105,0,0
B6_D1,844,0,13,0,0
B10_D1,1007,0,511,0,0
B6_D1,544,0,26,0,0
B6_D1,300,0,190,0,0
G1_D1,656,0,26,0,0
B10_D1,194,0,166,0,0
B6_D1,138,0,482,0,0
B4_D1,923,0,91,0,0
B2_D1,662,0,361,0,0
B10_D1,934,0,293,0,0
G1_D1,159,0,116,0,0
B6_D1,652,0,114,0,0
B4_D1,831,0,78,0,0
B6_D1,782,0,111,0,0
B6_D1,25,0,229,0,0
B10_D1,537,0,270,0,0
B4_D1,915,0,97,0,0
B6_D1,232,0,40,0,0
G1_D1,493,0,4,0,0
B10_D1,133,0,1,0,0
B10_D1,944,0,90,0,0
B6_D1,449,0,417,0,0
B10_D1,88,0,228,0,0
B6_D1,437,0,445,0,0
B6_D1,190,0,495,0,0
B6_D1,842,0,506,0,0
B10_D1,351,0,204,0,0
B10_D1,808,0,312,0,0
B10_D1,652,0,493,0,0
B6_D1,668,0,331,0,0
B10_D1,466,0,134,0,0
B6_D1,971,0,168,0,0
B8_D1,842,0,304,0,0
B6_D1,194,0,286,0,0
B6_D1,976,0,3,0,0
B4_D1,1022,0,25,0,0
B10_D1,127,0,10,0,0
B6_D1,102,0,511,0,0
B8_D1,4,0,248,0,0
B6_D1,999,0,254,0,0
B10_D1,360,0,310,0,0
B4_D1,506,0,261,0,0
B2_D1,68,0,20,0,0
B6_D1,702,0,486,0,0
B6_D1,665,0,111,0,0
B6_D1,240,0,163,0,0
B6_D1,344,0,42,0,0
B6_D1,499,0,330,0,0
B6_D1,94,0,416,0,0
B10_D1,789,0,491,0,0
B6_D1,73,0,272,0,0
B10_D1,161,0,96,0,0
B6_D1,624,0,28,0,0
B6_D1,1017,0,66,0,0
B6_D1,828,0,40,0,0
G1_D1,590,0,511,0,0
B6_D1,888,0,224,0,0
B6_D1,136,0,433,0,0
G1_D1,97,0,99,0,0
B6_D1,105,0,476,0,0
G1_D1,573,0,139,0,0
G1_D1,957,0,386,0,0
B6_D1,345,0,88,0,0
B6_D1,550,0,499,0,0
B6_D1,976,0,95,0,0
B10_D1,32,0,78,0,0
B10_D1,415,0,258,0,0
G1_D1,113,0,448,0,0
G1_D1,222,0,23,0,0
B6_D1,317,0,141,0,0
B6_D1,784,0,154,0,0
B6_D1,0,0,42,0,0
B10_D1,52,0,21,0,0
G1_D1,906,0,9,0,0
G1_D1,186,0,444,0,0
B2_D1,189,0,472,0,0
B6_D1,717,0,480,0,0
B6_D1,468,0,187,0,0
G1_D1,542,0,69,0,0
B8_D1,230,0,190,0,0
B4_D1,697,0,191,0,0
B6_D1,825,0,119,0,0
B10_D1,147,0,296,0,0
B6_D1,917,0,464,0,0
G1_D1,1003,0,214,0,0
B4_D1,80,0,33,0,0
G1_D1,234,0,368,0,0
B6_D1,279,0,153,0,0
B10_D1,108,0,31,0,0
B4_D1,896,0,55,0,0
B6_D1,124,0,418,0,0
G1_D1,233,0,185,0,0
B4_D1,7,0,200,0,0
B6_D1,342,0,499,0,0
B10_D1,737,0,310,0,0
G1_D1,531,0,149,0,0
B10_D1,565,0,109,0,0
B10_D1,747,0,468,0,0
B4_D1,237,0,16,0,0
G1_D1,626,0,316,0,0
B10_D1,369,0,192,0,0
B4_D1,656,0,82,0,0
B10_D1,116,0,117,0,0
B10_D1,983,0,501,0,0
B6_D1,751,0,199,0,0
B6_D1,464,0,292,0,0
B8_D1,204,0,191,0,0
B10_D1,739,0,136,0,0
B2_D1,857,0,84,0,0
G1_D1,739,0,234,0,0
B2_D1,780,0,191,0,0
B10_D1,3,0,161,0,0
B10_D1,92,0,301,0,0
B10_D1,469,0,158,0,0
G1_D1,985,0,286,0,0
B4_D1,723,0,71,0,0
B10_D1,398,0,489,0,0
G1_D1,505,0,244,0,0
B10_D1,908,0,78,0,0
G1_D1,994,0,119,0,0
B10_D1,148,0,48,0,0
B10_D1,420,0,70,0,0
B10_D1,35,0,274,0,0
B10_D1,181,0,97,0,0
B10_D1,92,0,149,0,0
G1_D1,742,0,198,0,0
B6_D1,326,0,432,0,0
B6_D1,658,0,73,0,0
B10_D1,60,0,154,0,0
B8_D1,145,0,207,0,0
B6_D1,112,0,76,0,0
B6_D1,116,0,7,0,0
B6_D1,729,0,288,0,0
B6_D1,971,0,155,0,0
B10_D1,464,0,226,0,0
G1_D1,596,0,221,0,0
G1_D1,987,0,10,0,0
G1_D1,221,0,4,0,0
B6_D1,754,0,347,0,0
B6_D1,571,0,349,0,0
B10_D1,2,0,160,0,0
G1_D1,201,0,143,0,0
B4_D1,613,0,300,0,0
G1_D1,30,0,163,0,0
B6_D1,92,0,133,0,0
G1_D1,193,0,62,0,0
B6_D1,16,0,25,0,0
G1_D1,156,0,108,0,0
B6_D1,593,0,50,0,0
B6_D1,711,0,154,0,0
B2_D1,100,0,129,0,0
B2_D1,171,0,126,0,0
B6_D1,392,0,2,0,0
G1_D1,905,0,306,0,0
B4_D1,955,0,211,0,0
B6_D1,383,0,67,0,0
B6_D1,229,0,373,0,0
B6_D1,626,0,491,0,0
G1_D1,721,0,252,0,0
B6_D1,256,0,307,0,0
B10_D1,17,0,57,0,0
B10_D1,563,0,158,0,0
G1_D1,975,0,313,0,0
G1_D1,875,0,16,0,0
G1_D1,846,0,236,0,0
B2_D1,153,0,96,0,0
B6_D1,14,0,291,0,0
B6_D1,914,0,302,0,0
G1_D1,325,0,483,0,0
G1_D1,597,0,219,0,0
B6_D1,722,0,387,0,0
B4_D1,5,0,326,0,0
B6_D1,598,0,487,0,0
B6_D1,340,0,30,0,0
B6_D1,100,0,4,0,0
B4_D1,7,0,433,0,0
G1_D1,529,0,48,0,0
B6_D1,72,0,187,0,0
G1_D1,747,0,159,0,0
B6_D1,532,0,316,0,0
B10_D1,553,0,62,0,0
B10_D1,593,0,262,0,0
B10_D1,184,0,193,0,0
B6_D1,844,0,299,0,0
B6_D1,348,0,7,0,0
B6_D1,388,0,18,0,0
B10_D1,802,0,326,0,0
B2_D1,501,0,39,0,0
B2_D1,724,0,269,0,0
G1_D1,569,0,145,0,0
B8_D1,486,0,203,0,0
G1_D1,538,0,21,0,0
B6_D1,249,0,481,0,0
B6_D1,670,0,384,0,0
B6_D1,120,0,2,0,0
B4_D1,367,0,197,0,0
B4_D1,59,0,453,0,0
G1_D1,852,0,256,0,0
B6_D1,508,0,344,0,0
B6_D1,838,0,506,0,0
B10_D1,70,0,152,0,0
B10_D1,149,0,177,0,0
B10_D1,391,0,504,0,0
B6_D1,281,0,382,0,0
B6_D1,686,0,135,0,0
B6_D1,790,0,383,0,0
B6_D1,970,0,483,0,0
B6_D1,167,0,129,0,0
B6_D1,829,0,423,0,0
B6_D1,864,0,65,0,0
B10_D1,945,0,79,0,0
B6_D1,120,0,12,0,0
B2_D1,770,0,359,0,0
B6_D1,328,0,224,0,0
G1_D1,170,0,280,0,0
B10_D1,708,0,467,0,0
B6_D1,336,0,399,0,0
B6_D1,45,0,401,0,0
G1_D1,815,0,259,0,0
B4_D1,8,0,402,0,0
B10_D1,192,0,437,0,0
B10_D1,481,0,118,0,0
B6_D1,130,0,505,0,0
B10_D1,32,0,74,0,0
G1_D1,677,0,34,0,0
B10_D1,23,0,186,0,0
B10_D1,481,0,480,0,0
B10_D1,158,0,227,0,0
B4_D1,4,0,414,0,0
B6_D1,186,0,488,0,0
G1_D1,396,0,487,0,0
B6_D1,73,0,399,0,0
B10_D1,1023,0,356,0,0
B4_D1,3,0,160,0,0
G1_D1,326,0,18,0,0
B4_D1,713,0,68,0,0
B10_D1,415,0,104,0,0
B10_D1,347,0,92,0,0
B10_D1,846,0,348,0,0
G1_D1,744,0,40,0,0
B6_D1,223,0,76,0,0
B6_D1,10,0,293,0,0
B10_D1,784,0,309,0,0
B6_D1,160,0,20,0,0
B10_D1,46,0,114,0,0
B10_D1,678,0,116,0,0
B10_D1,857,0,402,0,0
B10_D1,779,0,171,0,0
B2_D1,805,0,467,0,0
B10_D1,833,0,2,0,0
B10_D1,797,0,245,0,0
B10_D1,1008,0,57,0,0
B4_D1,372,0,23,0,0
B6_D1,290,0,487,0,0
B2_D1,853,0,463,0,0
B6_D1,579,0,225,0,0
B6_D1,940,0,16,0,0
G1_D1,53,0,72,0,0
B10_D1,765,0,313,0,0
B10_D1,187,0,2,0,0
G1_D1,779,0,389,0,0
B10_D1,497,0,224,0,0
B10_D1,490,0,88,0,0
B10_D1,753,0,110,0,0
B4_D1,653,0,43,0,0
B10_D1,158,0,234,0,0
B6_D1,599,0,271,0,0
B6_D1,980,0,34,0,0
G1_D1,19,0,44,0,0
B6_D1,482,0,494,0,0
B6_D1,608,0,11,0,0
B10_D1,620,0,139,0,0
B2_D1,367,0,176,0,0
B10_D1,38,0,137,0,0
B10_D1,778,0,490,0,0
B10_D1,411,0,495,0,0
B10_D1,768,0,418,0,0
B10_D1,607,0,321,0,0
B4_D1,865,0,68,0,0
B4_D1,322,0,302,0,0
B6_D1,611,0,207,0,0
B6_D1,809,0,119,0,0
B10_D1,767,0,64,0,0
B6_D1,883,0,428,0,0
B10_D1,534,0,262,0,0
B10_D1,320,0,178,0,0
B6_D1,403,0,291,0,0
B4_D1,204,0,135,0,0
B6_D1,524,0,263,0,0
B10_D1,157,0,511,0,0
B10_D1,189,0,59,0,0
B6_D1,211,0,147,0,0
B10_D1,689,0,269,0,0
B6_D1,757,0,294,0,0
B10_D1,361,0,479,0,0
B2_D1,593,0,510,0,0
B6_D1,639,0,349,0,0
G1_D1,1015,0,81,0,0
B10_D1,472,0,122,0,0
B6_D1,811,0,126,0,0
B4_D1,453,0,185,0,0
G1_D1,302,0,22,0,0
B4_D1,801,0,38,0,0
B2_D1,610,0,160,0,0
G1_D1,761,0,271,0,0
B6_D1,851,0,111,0,0
B6_D1,320,0,37,0,0
B10_D1,969,0,113,0,0
B6_D1,207,0,477,0,0
B6_D1,434,0,174,0,0
B6_D1,425,0,270,0,0
B6_D1,92,0,98,0,0
B10_D1,421,0,14,0,0
B8_D1,466,0,292,0,0
B6_D1,498,0,482,0,0
B4_D1,880,0,125,0,0
B4_D1,176,0,113,0,0
B4_D1,114,0,411,0,0
G1_D1,25,0,321,0,0
B6_D1,27,0,273,0,0
B10_D1,764,0,100,0,0
B6_D1,263,0,371,0,0
B10_D1,138,0,507,0,0
B6_D1,910,0,361,0,-1
G1_D1,531,0,20,0,0
B6_D1,410,0,511,0,0
B6_D1,257,0,98,0,0
B6_D1,470,0,169,0,0
B6_D1,702,0,508,0,0
G1_D1,328,0,286,0,0
B10_D1,24,0,133,0,0
B10_D1,49,0,160,0,0
B10_D1,823,0,95,0,0
B10_D1,329,0,131,0,0
B2_D1,367,0,490,0,0
B6_D1,702,0,415,0,0
G1_D1,978,0,43,0,0
B6_D1,384,0,23,0,0
B4_D1,749,0,318,0,0
B6_D1,7,0,128,0,0
G1_D1,767,0,76,0,0
G1_D1,197,0,57,0,0
B6_D1,962,0,302,0,0
G1_D1,716,0,360,0,0
G1_D1,387,0,229,0,0
B6_D1,223,0,89,0,0
G1_D1,772,0,7,0,0
B6_D1,203,0,70,0,0
B6_D1,181,0,331,0,0
B10_D1,109,0,171,0,0
G1_D1,870,0,236,0,0
B8_D1,310,0,186,0,0
B10_D1,620,0,88,0,0
G1_D1,767,0,386,0,0
B6_D1,252,0,421,0,0
G1_D1,981,0,137,0,0
G1_D1,53,0,62,0,0
B6_D1,250,0,271,0,0
B10_D1,303,0,96,0,0
G1_D1,337,0,35,0,0
G1_D1,410,0,156,0,0
B10_D1,588,0,257,0,0
B4_D1,763,0,282,0,0
B6_D1,527,0,236,0,0
B10_D1,924,0,77,0,0
B6_D1,775,0,352,0,0
B2_D1,56,0,271,0,0
B2_D1,317,0,389,0,0
B6_D1,1008,0,27,0,0
G1_D1,588,0,7,0,0
B8_D1,139,0,336,0,0
B6_D1,1018,0,57,0,0
B10_D1,463,0,180,0,0
B4_D1,155,0,145,0,0
B6_D1,142,0,472,0,0
B2_D1,255,0,394,0,0
B6_D1,660,0,18,0,0
B10_D1,154,0,205,0,0
B6_D1,506,0,62,0,0
B2_D1,954,0,34,0,0
B10_D1,393,0,169,0,0
B6_D1,340,0,5,0,0
G1_D1,997,0,117,0,0
B4_D1,512,0,268,0,0
B4_D1,33,0,21,0,0
B10_D1,428,0,249,0,0
B6_D1,774,0,501,0,0
G1_D1,433,0,480,0,0
B10_D1,648,0,414,0,0
B6_D1,32,0,13,0,0
B6_D1,655,0,56,0,0
B6_D1,0,0,20,0,0
B6_D1,253,0,382,0,0
B10_D1,528,0,214,0,0
B10_D1,478,0,508,0,0
B10_D1,638,0,47,0,0
B10_D1,27,0,10,0,0
B6_D1,695,0,420,0,0
G1_D1,342,0,236,0,0
B10_D1,825,0,2,0,0
B6_D1,134,0,82,0,0
G1_D1,163,0,269,0,0
B10_D1,888,0,212,0,0
B4_D1,487,0,88,0,0
B10_D1,188,0,75,0,0
B6_D1,556,0,6,0,0
B6_D1,681,0,184,0,0
B6_D1,723,0,284,0,0
G1_D1,368,0,100,0,0
B6_D1,636,0,344,0,0
B4_D1,732,0,198,0,0
B6_D1,274,0,486,0,0
B10_D1,1016,0,29,0,0
B6_D1,179,0,361,0,0
B6_D1,964,0,200,0,0
B10_D1,174,0,234,0,0
G1_D1,167,0,281,0,0
G1_D1,672,0,243,0,0
G1_D1,544,0,1,0,0
G1_D1,931,0,40,0,0
B6_D1,232,0,19,0,0
B6_D1,368,0,370,0,0
B4_D1,447,0,424,0,0
B6_D1,938,0,85,0,0
B2_D1,206,0,37,0,0
G1_D1,85,0,510,0,0
B4_D1,450,0,228,0,0
B2_D1,871,0,42,0,0
B10_D1,491,0,303,0,0
B6_D1,924,0,265,0,0
B6_D1,618,0,511,0,0
B10_D1,499,0,239,0,0
B2_D1,574,0,479,0,0
G1_D1,1015,0,361,0,0
B10_D1,104,0,34,0,0
B10_D1,140,0,6,0,0
B10_D1,321,0,254,0,0
G1_D1,591,0,10,0,0
B10_D1,22,0,290,0,0
G1_D1,273,0,28,0,0
B8_D1,654,0,307,0,0
B6_D1,265,0,362,0,0
B6_D1,738,0,511,0,0
B6_D1,133,0,457,0,0
B6_D1,2,0,173,0,0
B4_D1,246,0,213,0,0
B2_D1,335,0,494,0,0
G1_D1,306,0,9,0,0
B4_D1,1007,0,14,0,0
B4_D1,457,0,213,0,0
G1_D1,927,0,94,0,0
B10_D1,618,0,212,0,0
B6_D1,331,0,223,0,0
G1_D1,1016,0,235,0,0
G1_D1,69,0,147,0,0
B2_D1,258,0,485,0,0
G1_D1,1004,0,161,0,0
B10_D1,707,0,79,0,0
B10_D1,592,0,201,0,0
B10_D1,375,0,500,0,0
B6_D1,106,0,434,0,0
B6_D1,914,0,58,0,0
B6_D1,542,0,174,0,0
G1_D1,493,0,324,0,0
B6_D1,738,0,505,0,0
G1_D1,33,0,72,0,0
B10_D1,208,0,116,0,0
B6_D1,650,0,420,0,0
B10_D1,4,0,140,0,0
B6_D1,407,0,164,0,0
B6_D1,256,0,480,0,0
B10_D1,142,0,166,0,0
B10_D1,470,0,227,0,0
B10_D1,431,0,478,0,0
B10_D1,197,0,246,0,0
G1_D1,191,0,158,0,0
G1_D1,543,0,279,0,0
B6_D1,286,0,431,0,0
B10_D1,680,0,444,0,0
B2_D1,848,0,437,0,0
B4_D1,787,0,232,0,0
B6_D1,888,0,38,0,0
B6_D1,1006,0,496,0,0
B2_D1,738,0,54,0,0
B2_D1,949,0,510,0,0
B10_D1,521,0,477,0,0
B6_D1,178,0,484,0,0
B6_D1,911,0,53,0,0
G1_D1,759,0,248,0,0
G1_D1,765,0,426,0,0
B6_D1,1006,0,484,0,0
B6_D1,80,0,21,0,0
B10_D1,295,0,10,0,0
B10_D1,559,0,480,0,0
B10_D1,804,0,67,0,0
G1_D1,661,0,473,0,0
B10_D1,673,0,84,0,0
B10_D1,241,0,178,0,0
B10_D1,314,0,48,0,0
B10_D1,941,0,47,0,0
G1_D1,332,0,1,0,0
B6_D1,91,0,474,0,0
B10_D1,267,0,205,0,0
B10_D1,871,0,231,0,0
B6_D1,703,0,420,0,0
B10_D1,494,0,409,0,0
B6_D1,422,0,158,0,0
B6_D1,274,0,510,0,0
G1_D1,331,0,38,0,0
B6_D1,679,0,164,0,0
B10_D1,53,0,139,0,0
B6_D1,546,0,505,0,0
G1_D1,995,0,78,0,0
G1_D1,382,0,23,0,0
B4_D1,966,0,41,0,0
B10_D1,176,0,51,0,0
B4_D1,760,0,206,0,0
B6_D1,384,0,0,0,0
B6_D1,40,0,27,0,0
B6_D1,897,0,141,0,0
B6_D1,846,0,509,0,0
G1_D1,735,0,245,0,0
B6_D1,658,0,440,0,0
B6_D1,640,0,41,0,0
B6_D1,19,0,88,0,0
B6_D1,328,0,171,0,0
B6_D1,185,0,108,0,0
B6_D1,914,0,342,0,0
B10_D1,275,0,187,0,0
B6_D1,231,0,61,0,0
B6_D1,185,0,151,0,0
B2_D1,240,0,130,0,0
B6_D1,890,0,309,0,0
B6_D1,710,0,182,0,0
B10_D1,995,0,243,0,0
B6_D1,680,0,14,0,0
G1_D1,219,0,6,0,0
B6_D1,364,0,331,0,0
B6_D1,937,0,296,0,0
B4_D1,215,0,50,0,0
G1_D1,780,0,273,0,0
B10_D1,309,0,193,0,0
G1_D1,34,0,5,0,0
B10_D1,678,0,166,0,0
B10_D1,104,0,189,0,0
G1_D1,751,0,196,0,0
B6_D1,228,0,328,0,0
B6_D1,724,0,6,0,0
B10_D1,527,0,281,0,0
B10_D1,829,0,277,0,0
B4_D1,982,0,53,0,0
B6_D1,380,0,29,0,0
B10_D1,324,0,310,0,0
B10_D1,510,0,162,0,0
B10_D1,97,0,323,0,0
B6_D1,291,0,164,0,0
B4_D1,16,0,49,0,0
B6_D1,42,0,429,0,0
G1_D1,18,0,22,0,0
G1_D1,718,0,248,0,0
B6_D1,96,0,28,0,0
G1_D1,734,0,318,0,0
B4_D1,136,0,289,0,0
G1_D1,60,0,138,0,0
B6_D1,908,0,24,0,0
B4_D1,1023,0,246,0,0
B2_D1,825,0,510,0,0
B10_D1,304,0,9,0,0
B6_D1,1020,0,8,0,0
B10_D1,277,0,60,0,0
G1_D1,316,0,1,0,0
B6_D1,68,0,453,0,0
B10_D1,520,0,165,0,0
B6_D1,205,0,290,0,0
B6_D1,658,0,161,0,0
B2_D1,307,0,140,0,0
B6_D1,574,0,496,0,0
B2_D1,153,0,413,0,0
G1_D1,54,0,22,0,0
B6_D1,216,0,26,0,0
B2_D1,546,0,511,0,0
B2_D1,590,0,160,0,0
B8_D1,630,0,303,0,0
B4_D1,222,0,17,0,0
B4_D1,755,0,47,0,0
B8_D1,609,0,300,0,0
B10_D1,686,0,83,0,0
B6_D1,28,0,15,0,0
B6_D1,396,0,9,0,0
B10_D1,415,0,280,0,0
B10_D1,148,0,119,0,0
B10_D1,661,0,511,0,0
B6_D1,312,0,79,0,0
B6_D1,268,0,171,0,0
B6_D1,550,0,260,0,0
B6_D1,1012,0,168,0,0
B4_D1,305,0,38,0,0
B6_D1,732,0,13,0,0
B2_D1,124,0,204,0,0
B6_D1,1010,0,92,0,0
G1_D1,576,0,18,0,0
B10_D1,500,0,59,0,0
G1_D1,461,0,122,0,0
B10_D1,228,0,329,0,0
B6_D1,532,0,198,0,0
B6_D1,589,0,169,0,0
B6_D1,116,0,43,0,0
B10_D1,770,0,29,0,0
B4_D1,867,0,232,0,0
B2_D1,207,0,118,0,0
B2_D1,742,0,17,0,0
B6_D1,156,0,11,0,0
B6_D1,184,0,7,0,0
B10_D1,65,0,26,0,0
B6_D1,314,0,486,0,0
G1_D1,750,0,79,0,0
B6_D1,128,0,105,0,0
G1_D1,606,0,456,0,0
B10_D1,156,0,445,0,0
B10_D1,1021,0,195,0,0
G1_D1,10,0,41,0,0
G1_D1,108,0,297,0,0
B6_D1,520,0,22,0,0
B6_D1,627,0,60,0,0
B4_D1,703,0,43,0,0
B10_D1,95,0,98,0,0
B10_D1,829,0,425,0,0
B6_D1,867,0,306,0,0
B6_D1,452,0,30,0,0
B4_D1,783,0,235,0,0
B4_D1,157,0,163,0,0
G1_D1,348,0,120,0,0
B6_D1,128,0,7,0,0
B10_D1,11,0,187,0,0
B10_D1,261,0,73,0,0
G1_D1,345,0,441,0,0
G1_D1,725,0,277,0,0
G1_D1,801,0,448,0,0
B10_D1,695,0,254,0,0
B10_D1,463,0,303,0,0
G1_D1,777,0,235,0,0
B6_D1,724,0,9,0,0
B6_D1,152,0,89,0,0
B6_D1,506,0,482,0,0
B6_D1,606,0,482,0,0
B10_D1,652,0,158,0,0
B6_D1,286,0,504,0,0
G1_D1,212,0,232,0,0
B10_D1,100,0,396,0,0
B6_D1,18,0,492,0,0
B10_D1,191,0,363,0,0
B6_D1,439,0,389,0,0
B10_D1,21,0,93,0,0
G1_D1,4,0,459,0,0
B6_D1,899,0,65,0,0
G1_D1,52,0,48,0,0
B10_D1,172,0,284,0,0
B4_D1,200,0,56,0,0
B6_D1,98,0,498,0,0
B6_D1,326,0,511,0,0
G1_D1,549,0,30,0,0
B10_D1,311,0,41,0,0
G1_D1,179,0,16,0,0
G1_D1,879,0,10,0,0
B6_D1,1006,0,483,0,0
B10_D1,421,0,284,0,0
B10_D1,728,0,472,0,0
B4_D1,679,0,265,0,0
B6_D1,483,0,447,0,0
G1_D1,475,0,353,0,0
G1_D1,537,0,107,0,0
G1_D1,982,0,52,0,0
G1_D1,53,0,73,0,0
B6_D1,713,0,413,0,0
B10_D1,13,0,7,0,0
B4_D1,67,0,401,0,0
B6_D1,177,0,164,0,0
B2_D1,372,0,205,0,0
B4_D1,249,0,208,0,0
G1_D1,849,0,4,0,0
G1_D1,1009,0,172,0,0
G1_D1,752,0,338,0,0
G1_D1,951,0,304,0,0
B10_D1,916,0,68,0,0
B10_D1,1015,0,215,0,0
G1_D1,1004,0,142,0,0
G1_D1,896,0,0,0,0
G1_D1,715,0,10,0,0
B10_D1,331,0,276,0,0
G1_D1,711,0,256,0,0
B4_D1,798,0,76,0,0
B10_D1,253,0,303,0,0
B4_D1,517,0,230,0,0
B10_D1,532,0,253,0,0
B6_D1,210,0,434,0,0
B2_D1,553,0,363,0,0
B6_D1,522,0,406,0,0
B6_D1,246,0,500,0,0
B10_D1,543,0,3,0,0
G1_D1,264,0,78,0,0
B10_D1,645,0,202,0,0
B8_D1,333,0,188,0,0
B10_D1,331,0,20,0,0
B6_D1,912,0,11,0,0
G1_D1,199,0,453,0,0
B6_D1,869,0,102,0,0
B10_D1,608,0,218,0,0
B10_D1,2,0,426,0,0
B6_D1,292,0,37,0,0
B10_D1,316,0,313,0,0
B4_D1,585,0,382,0,0
G1_D1,671,0,15,0,0
B6_D1,934,0,86,0,0
B10_D1,248,0,28,0,0
B6_D1,324,0,41,0,0
B10_D1,446,0,340,0,0
B10_D1,10,0,141,0,0
B10_D1,461,0,93,0,0
B4_D1,620,0,154,0,0
B6_D1,685,0,188,0,0
B10_D1,432,0,204,0,0
B6_D1,222,0,180,0,0
B10_D1,504,0,113,0,0
B6_D1,283,0,315,0,0
G1_D1,27,0,240,0,0
G1_D1,196,0,49,0,0
B10_D1,650,0,159,0,0
B10_D1,106,0,217,0,0
B10_D1,466,0,51,0,0
B2_D1,670,0,511,0,0
B10_D1,22,0,158,0,0
B10_D1,33,0,295,0,0
B10_D1,533,0,413,0,0
B6_D1,30,0,503,0,0
B6_D1,924,0,3,0,0
B10_D1,788,0,38,0,0
G1_D1,272,0,140,0,0
B10_D1,305,0,389,0,0
B4_D1,720,0,39,0,0
B2_D1,865,0,82,0,0
B6_D1,544,0,302,0,0
B10_D1,38,0,73,0,0
B8_D1,216,0,71,0,0
B10_D1,368,0,29,0,0
B6_D1,787,0,85,0,0
B6_D1,189,0,448,0,0
B10_D1,640,0,99,0,0
B10_D1,349,0,197,0,0
B10_D1,869,0,79,0,0
B10_D1,139,0,50,0,0
B6_D1,140,0,9,0,0
B4_D1,0,0,483,0,0
B8_D1,602,0,298,0,0
B2_D1,108,0,105,0,0
G1_D1,989,0,234,0,0
B6_D1,567,0,435,0,0
B6_D1,1013,0,146,0,0
B6_D1,972,0,24,0,0
B6_D1,364,0,31,0,0
B6_D1,84,0,14,0,0
B6_D1,38,0,509,0,0
B4_D1,436,0,373,0,0
B6_D1,55,0,52,0,0
B6_D1,808,0,49,0,0
B6_D1,35,0,410,0,0
B10_D1,28,0,268,0,0
G1_D1,764,0,472,0,0
B6_D1,852,0,18,0,0
G1_D1,497,0,36,0,0
B6_D1,714,0,453,0,0
G1_D1,641,0,305,0,0
B6_D1,195,0,106,0,0
B6_D1,820,0,454,0,0
B6_D1,801,0,51,0,0
G1_D1,818,0,240,0,0
B10_D1,879,0,348,0,0
B2_D1,963,0,57,0,0
B10_D1,255,0,235,0,0
B2_D1,611,0,289,0,0
B6_D1,411,0,351,0,0
B6_D1,463,0,65,0,0
B10_D1,935,0,1,0,0
G1_D1,1021,0,150,0,0
G1_D1,32,0,192,0,0
G1_D1,1018,0,16,0,0
B10_D1,28,0,129,0,0
B4_D1,837,0,42,0,0
B10_D1,829,0,59,0,0
B2_D1,399,0,380,0,0
B6_D1,457,0,287,0,0
B6_D1,994,0,433,0,0
B10_D1,145,0,323,0,0
B6_D1,575,0,362,0,0
B6_D1,157,0,143,0,0
B2_D1,671,0,171,0,0
G1_D1,154,0,323,0,0
B10_D1,963,0,44,0,0
B4_D1,785,0,88,0,0
B10_D1,434,0,271,0,0
B6_D1,604,0,42,0,0
B4_D1,207,0,18,0,0
B10_D1,604,0,345,0,0
G1_D1,1018,0,37,0,0
B10_D1,52,0,268,0,0
B6_D1,654,0,503,0,0
G1_D1,775,0,71,0,0
B2_D1,289,0,492,0,0
B6_D1,411,0,119,0,0
B6_D1,676,0,264,0,0
B4_D1,615,0,44,0,0
B10_D1,346,0,221,0,0
B6_D1,990,0,501,0,0
B4_D1,665,0,36,0,0
G1_D1,578,0,83,0,0
G1_D1,879,0,241,0,0
B10_D1,755,0,119,0,0
B6_D1,733,0,385,0,0
B6_D1,822,0,511,0,0
B6_D1,318,0,503,0,0
G1_D1,978,0,13,0,0
B10_D1,609,0,313,0,0
G1_D1,188,0,25,0,0
G1_D1,892,0,0,0,0
G1_D1,1001,0,17,0,0
B2_D1,791,0,64,0,0
G1_D1,735,0,10,0,0
B6_D1,440,0,45,0,0
B10_D1,372,0,139,0,0
B10_D1,4,0,231,0,0
B10_D1,11,0,309,0,0
G1_D1,971,0,78,0,0
B6_D1,276,0,9,0,0
B10_D1,612,0,5,0,0
B6_D1,828,0,157,0,0
B6_D1,313,0,435,0,0
B10_D1,591,0,112,0,0
B2_D1,48,0,511,0,0
B4_D1,396,0,226,0,0
B2_D1,472,0,167,0,0
B6_D1,12,0,357,0,0
B10_D1,704,0,15,0,0
G1_D1,995,0,209,0,0
B4_D1,337,0,333,0,0
G1_D1,931,0,78,0,0
B6_D1,389,0,73,0,0
B6_D1,830,0,362,0,0
B6_D1,604,0,18,0,0
B10_D1,632,0,245,0,0
B10_D1,645,0,34,0,0
B6_D1,728,0,191,0,0
B6_D1,902,0,161,0,0
B6_D1,198,0,424,0,0
B8_D1,727,0,231,0,0
B4_D1,657,0,72,0,0
B10_D1,420,0,26,0,0
B2_D1,410,0,486,0,0
B10_D1,766,0,78,0,0
B6_D1,974,0,163,0,0
B6_D1,842,0,500,0,0
G1_D1,515,0,147,0,0
B10_D1,107,0,427,0,0
B6_D1,488,0,34,0,0
B10_D1,705,0,54,0,0
B6_D1,15,0,426,0,0
G1_D1,135,0,263,0,0
B6_D1,666,0,347,0,0
B6_D1,713,0,480,0,0
B6_D1,520,0,226,0,0
B10_D1,412,0,341,0,0
B10_D1,3,0,339,0,0
B2_D1,776,0,487,0,0
B6_D1,538,0,306,0,0
B10_D1,819,0,434,0,0
B6_D1,740,0,341,0,0
B10_D1,119,0,146,0,0
B4_D1,1021,0,89,0,0
B10_D1,316,0,178,0,0
B6_D1,920,0,90,0,0
B2_D1,873,0,71,0,0
B4_D1,80,0,35,0,0
B4_D1,592,0,151,0,0
B6_D1,600,0,6,0,0
B2_D1,774,0,235,0,0
B6_D1,907,0,306,0,0
B6_D1,496,0,45,0,0
B6_D1,6,0,103,0,0
G1_D1,256,0,286,0,0
B6_D1,152,0,30,0,0
G1_D1,1004,0,49,0,0
B6_D1,624,0,6,0,0
B2_D1,882,0,88,0,0
B6_D1,360,0,171,0,0
B6_D1,383,0,191,0,0
B10_D1,411,0,493,0,0
B6_D1,752,0,40,0,0
B10_D1,179,0,177,0,0
G1_D1,84,0,91,0,0
B4_D1,119,0,163,0,0
B10_D1,324,0,182,0,0
B8_D1,255,0,329,0,0
B10_D1,678,0,196,0,0
B2_D1,321,0,388,0,0
B8_D1,140,0,251,0,0
B6_D1,529,0,173,0,0
B6_D1,992,0,40,0,0
B6_D1,767,0,352,0,0
B6_D1,525,0,364,0,0
B10_D1,436,0,223,0,0
B6_D1,1022,0,506,0,0
B10_D1,356,0,99,0,0
B10_D1,314,0,43,0,0
B10_D1,247,0,178,0,0
G1_D1,923,0,263,0,0
B6_D1,994,0,123,0,0
B6_D1,55,0,107,0,0
B10_D1,14,0,306,0,0
B2_D1,622,0,224,0,0
B10_D1,684,0,164,0,0
B8_D1,263,0,330,0,0
B6_D1,995,0,403,0,0
G1_D1,35,0,86,0,0
G1_D1,47,0,65,0,0
B6_D1,963,0,245,0,0
B6_D1,876,0,474,0,0
B6_D1,668,0,11,0,0
G1_D1,907,0,96,0,0
B6_D1,703,0,198,0,0
B6_D1,888,0,6,0,0
G1_D1,882,0,146,0,0
G1_D1,571,0,10,0,0
B10_D1,205,0,78,0,0
B6_D1,82,0,300,0,0
G1_D1,193,0,372,0,0
G1_D1,20,0,509,0,0
B6_D1,244,0,35,0,0
G1_D1,51,0,16,0,0
B6_D1,422,0,275,0,0
B10_D1,642,0,211,0,0
B6_D1,959,0,136,0,0
B6_D1,17,0,141,0,0
G1_D1,482,0,348,0,0
B6_D1,283,0,201,0,0
B6_D1,260,0,54,0,0
G1_D1,995,0,79,0,0
B2_D1,834,0,88,0,0
B10_D1,499,0,0,0,0
B6_D1,302,0,323,0,0
B10_D1,249,0,60,0,0
G1_D1,147,0,201,0,0
B6_D1,2,0,303,0,0
B6_D1,910,0,264,0,0
B2_D1,146,0,302,0,0
B2_D1,661,0,480,0,0
B10_D1,590,0,301,0,0
B10_D1,481,0,487,0,0
G1_D1,660,0,360,0,0
B6_D1,657,0,63,0,0
B2_D1,129,0,507,0,0
B6_D1,79,0,184,0,0
G1_D1,900,0,18,0,0
G1_D1,879,0,200,0,0
G1_D1,420,0,297,0,0
B6_D1,838,0,201,0,0
B10_D1,118,0,51,0,0
G1_D1,717,0,277,0,0
B4_D1,4,0,76,0,0
B6_D1,843,0,138,0,0
G1_D1,869,0,208,0,0
B6_D1,230,0,314,0,0
B6_D1,745,0,254,0,0
B10_D1,852,0,435,0,0
B4_D1,353,0,117,0,0
B6_D1,240,0,42,0,0
B10_D1,594,0,146,0,0
B6_D1,816,0,17,0,0
B10_D1,646,0,66,0,0
B10_D1,447,0,270,0,0
B10_D1,105,0,210,0,0
B10_D1,646,0,147,0,0
B2_D1,900,0,52,0,0
B6_D1,219,0,89,0,0
B10_D1,207,0,257,0,0
B10_D1,1009,0,34,0,0
G1_D1,717,0,362,0,0
B10_D1,301,0,251,0,0
B6_D1,362,0,354,0,0
G1_D1,1019,0,339,0,0
B4_D1,327,0,16,0,0
B10_D1,233,0,234,0,0
B10_D1,542,0,83,0,0
B6_D1,1007,0,412,0,0
G1_D1,731,0,67,0,0
B6_D1,679,0,296,0,0
B10_D1,769,0,85,0,0
G1_D1,7,0,365,0,0
B6_D1,624,0,290,0,0
B6_D1,976,0,51,0,0
B6_D1,768,0,6,0,0
B6_D1,812,0,10,0,0
B10_D1,88,0,144,0,0
G1_D1,631,0,52,0,0
B10_D1,597,0,284,0,0
G1_D1,45,0,125,0,0
B4_D1,938,0,103,0,0
B10_D1,533,0,120,0,0
B6_D1,540,0,29,0,0
B10_D1,500,0,42,0,0
B10_D1,784,0,41,0,0
B10_D1,124,0,227,0,0
B4_D1,788,0,259,0,0
B10_D1,307,0,54,0,0
B6_D1,972,0,303,0,0
G1_D1,878,0,197,0,0
B6_D1,732,0,341,0,0
B6_D1,76,0,92,0,0
B6_D1,721,0,145,0,0
B6_D1,367,0,143,0,0
B6_D1,837,0,271,0,0
G1_D1,672,0,117,0,0
B6_D1,1011,0,397,0,0
B10_D1,549,0,210,0,0
B4_D1,923,0,219,0,0
B4_D1,683,0,252,0,0
G1_D1,586,0,206,0,0
G1_D1,852,0,96,0,0
B2_D1,832,0,42,0,0
G1_D1,611,0,478,0,0
B10_D1,460,0,46,0,0
B6_D1,858,0,487,0,0
G1_D1,28,0,242,0,0
B10_D1,80,0,82,0,0
B6_D1,537,0,214,0,0
G1_D1,117,0,370,0,0
B2_D1,593,0,26,0,0
B6_D1,861,0,361,0,0
B10_D1,99,0,448,0,0
B10_D1,11,0,240,0,0
B2_D1,292,0,41,0,0
B6_D1,394,0,492,0,0
B10_D1,915,0,253,0,0
B2_D1,176,0,103,0,0
G1_D1,39,0,60,0,0
B10_D1,820,0,175,0,0
B10_D1,355,0,276,0,0
B6_D1,932,0,223,0,0
B10_D1,464,0,5,0,0
B4_D1,672,0,68,0,0
B6_D1,312,0,426,0,0
G1_D1,78,0,320,0,0
G1_D1,25,0,368,0,0
B6_D1,533,0,173,0,0
B6_D1,212,0,278,0,0
B6_D1,334,0,491,0,0
B6_D1,301,0,135,0,0
B10_D1,700,0,203,0,0
B2_D1,227,0,72,0,0
B6_D1,129,0,427,0,0
B6_D1,876,0,325,0,0
B10_D1,108,0,68,0,0
G1_D1,478,0,152,0,0
B6_D1,794,0,492,0,0
B6_D1,981,0,133,0,0
B6_D1,928,0,48,0,0
B6_D1,126,0,468,0,0
B10_D1,536,0,293,0,0
B6_D1,722,0,360,0,0
B10_D1,876,0,93,0,0
B4_D1,911,0,129,0,0
B4_D1,83,0,2,0,0
B10_D1,976,0,62,0,0
B8_D1,475,0,294,0,0
B4_D1,301,0,150,0,0
B10_D1,780,0,6,0,0
B4_D1,72,0,165,0,0
B2_D1,429,0,171,0,0
B10_D1,427,0,34,0,0
B10_D1,884,0,360,0,0
B6_D1,246,0,510,0,0
B6_D1,59,0,283,0,0
B6_D1,180,0,449,0,0
B6_D1,759,0,279,0,0
B10_D1,566,0,304,0,0
B2_D1,188,0,229,0,0
B10_D1,363,0,19,0,0
B6_D1,740,0,29,0,0
B2_D1,144,0,99,0,0
G1_D1,1015,0,210,0,0
B10_D1,761,0,42,0,0
B8_D1,1018,0,9,0,0
B6_D1,805,0,283,0,0
B10_D1,338,0,185,0,0
B6_D1,604,0,10,0,0
B10_D1,743,0,35,0,0
B6_D1,985,0,436,0,0
B6_D1,768,0,303,0,0
G1_D1,77,0,459,0,0
G1_D1,373,0,12,0,0
B4_D1,789,0,63,0,0
B8_D1,843,0,228,0,0
B4_D1,353,0,221,0,0
B10_D1,150,0,291,0,0
B6_D1,235,0,62,0,0
B6_D1,294,0,186,0,0
G1_D1,21,0,108,0,0
B2_D1,230,0,511,0,0
B6_D1,772,0,100,0,0
B10_D1,204,0,293,0,0
B10_D1,921,0,331,0,0
B6_D1,291,0,380,0,0
G1_D1,60,0,344,0,0
B6_D1,316,0,189,0,0
G1_D1,841,0,12,0,0
G1_D1,706,0,19,0,0
G1_D1,102,0,195,0,0
B6_D1,890,0,492,0,0
B10_D1,621,0,277,0,0
B10_D1,162,0,228,0,0
B10_D1,763,0,426,0,0
G1_D1,830,0,51,0,0
G1_D1,490,0,69,0,0
B10_D1,146,0,508,0,0
B6_D1,782,0,506,0,0
B6_D1,10,0,103,0,0
B4_D1,664,0,249,0,0
B10_D1,322,0,172,0,0
B10_D1,835,0,234,0,0
B6_D1,889,0,436,0,0
B6_D1,954,0,434,0,0
B6_D1,67,0,480,0,0
G1_D1,20,0,78,0,0
B6_D1,190,0,485,0,0
G1_D1,944,0,28,0,0
B10_D1,353,0,291,0,0
B10_D1,898,0,259,0,0
B2_D1,12,0,51,0,0
B2_D1,416,0,378,0,0
B10_D1,516,0,204,0,0
B10_D1,102,0,157,0,0
G1_D1,397,0,21,0,0
B6_D1,230,0,129,0,0
B10_D1,534,0,288,0,0
B2_D1,165,0,252,0,0
B10_D1,443,0,68,0,0
B4_D1,781,0,269,0,0
B6_D1,983,0,444,0,0
B6_D1,773,0,108,0,0
B6_D1,422,0,169,0,0
B6_D1,292,0,152,0,0
G1_D1,44,0,101,0,0
B6_D1,644,0,219,0,0
B8_D1,288,0,184,0,0
B6_D1,886,0,504,0,0
B6_D1,517,0,270,0,0
G1_D1,626,0,511,0,0
B10_D1,312,0,6,0,0
B6_D1,667,0,451,0,0
B6_D1,779,0,129,0,0
B8_D1,353,0,294,0,0
B6_D1,16,0,17,0,0
G1_D1,809,0,448,0,0
B6_D1,133,0,408,0,0
B2_D1,713,0,472,0,0
G1_D1,701,0,21,0,0
B10_D1,783,0,305,0,0
B10_D1,523,0,8,0,0
G1_D1,882,0,221,0,0
B10_D1,928,0,220,0,0
B6_D1,780,0,8,0,0
B10_D1,988,0,36,0,0
G1_D1,27,0,77,0,0
B10_D1,108,0,291,0,0
B4_D1,709,0,89,0,0
B6_D1,418,0,174,0,0
B6_D1,636,0,447,0,0
B6_D1,716,0,24,0,0
B10_D1,498,0,471,0,0
B10_D1,353,0,413,0,0
B10_D1,134,0,291,0,0
B6_D1,386,0,507,0,0
G1_D1,42,0,208,0,0
G1_D1,15,0,15,0,0
G1_D1,280,0,458,0,0
B10_D1,588,0,121,0,0
B6_D1,734,0,344,0,0
B6_D1,420,0,39,0,0
G1_D1,664,0,48,0,0
B6_D1,558,0,348,0,0
B2_D1,330,0,201,0,0
B4_D1,708,0,42,0,0
B6_D1,862,0,490,0,0
B8_D1,595,0,184,0,0
G1_D1,945,0,26,0,0
G1_D1,636,0,469,0,0
B6_D1,120,0,9,0,0
B6_D1,866,0,362,0,0
B6_D1,578,0,501,0,0
B10_D1,723,0,104,0,0
B6_D1,880,0,43,0,0
B10_D1,792,0,166,0,0
B6_D1,349,0,50,0,0
B6_D1,152,0,25,0,0
B6_D1,688,0,22,0,0
G1_D1,92,0,358,0,0
B10_D1,34,0,275,0,0
G1_D1,185,0,65,0,0
B10_D1,147,0,240,0,0
G1_D1,211,0,405,0,0
B10_D1,56,0,39,0,0
B10_D1,255,0,21,0,0
B4_D1,1023,0,357,0,0
B10_D1,193,0,30,0,0
B10_D1,511,0,94,0,0
G1_D1,553,0,68,0,0
B6_D1,697,0,333,0,0
G1_D1,1003,0,248,0,0
B10_D1,5,0,333,0,0
B10_D1,580,0,285,0,0
B6_D1,112,0,12,0,0
B6_D1,52,0,23,0,0
B10_D1,329,0,188,0,0
G1_D1,277,0,412,0,0
G1_D1,248,0,173,0,0
G1_D1,908,0,391,0,0
B10_D1,844,0,331,0,0
G1_D1,673,0,21,0,0
B6_D1,696,0,48,0,0
B10_D1,467,0,28,0,0
B10_D1,225,0,129,0,0
B2_D1,273,0,488,0,0
B10_D1,517,0,187,0,0
B6_D1,403,0,286,0,0
G1_D1,747,0,78,0,0
B4_D1,493,0,112,0,0
B2_D1,2,0,132,0,0
B8_D1,721,0,193,0,0
B6_D1,494,0,449,0,0
B10_D1,579,0,317,0,0
B6_D1,933,0,415,0,0
B6_D1,280,0,150,0,0
B6_D1,390,0,295,0,0
G1_D1,333,0,432,0,0
B4_D1,262,0,226,0,0
B4_D1,3,0,151,0,0
G1_D1,737,0,251,0,0
B10_D1,783,0,27,0,0
B10_D1,797,0,385,0,0
B6_D1,919,0,438,0,0
G1_D1,370,0,302,0,0
B6_D1,484,0,175,0,0
G1_D1,885,0,52,0,0
B10_D1,417,0,272,0,0
B10_D1,399,0,206,0,0
B10_D1,5,0,80,0,0
B4_D1,672,0,63,0,0
B10_D1,217,0,327,0,0
B10_D1,381,0,19,0,0
B6_D1,973,0,197,0,0
B6_D1,525,0,131,0,0
B6_D1,819,0,56,0,0
G1_D1,536,0,281,0,0
B10_D1,295,0,128,0,0
B10_D1,808,0,175,0,0
B10_D1,812,0,274,0,0
B10_D1,297,0,79,0,0
B10_D1,890,0,235,0,0
B10_D1,45,0,62,0,0
B6_D1,92,0,2,0,0
G1_D1,13,0,83,0,0
G1_D1,779,0,425,0,0
B6_D1,22,0,246,0,0
B6_D1,144,0,11,0,0
B6_D1,632,0,38,0,0
B10_D1,678,0,168,0,0
B6_D1,996,0,105,0,0
B10_D1,356,0,18,0,0
B10_D1,121,0,221,0,0
B10_D1,583,0,339,0,0
B10_D1,690,0,162,0,0
G1_D1,47,0,10,0,0
G1_D1,932,0,1,0,0
B6_D1,643,0,372,0,0
G1_D1,388,0,227,0,0
B10_D1,432,0,341,0,0
B2_D1,298,0,497,0,0
B6_D1,602,0,484,0,0
G1_D1,620,0,18,0,0
B6_D1,941,0,239,0,0
G1_D1,208,0,152,0,0
B10_D1,701,0,17,0,0
B10_D1,258,0,189,0,0
G1_D1,228,0,11,0,0
B6_D1,335,0,153,0,0
B4_D1,8,0,235,0,0
B6_D1,776,0,339,0,0
B6_D1,265,0,100,0,0
G1_D1,65,0,293,0,0
B10_D1,384,0,56,0,0
B10_D1,251,0,12,0,0
G1_D1,900,0,3,0,0
B6_D1,38,0,494,0,0
B10_D1,796,0,95,0,0
B6_D1,248,0,183,0,0
B10_D1,330,0,184,0,0
B6_D1,6,0,54,0,0
B10_D1,14,0,27,0,0
B4_D1,6,0,272,0,0
G1_D1,191,0,109,0,0
G1_D1,975,0,64,0,0
B6_D1,724,0,382,0,0
B6_D1,132,0,368,0,0
B10_D1,182,0,227,0,0
B10_D1,468,0,486,0,0
B10_D1,121,0,288,0,0
B8_D1,654,0,180,0,0
G1_D1,515,0,244,0,0
B10_D1,237,0,138,0,0
B10_D1,451,0,229,0,0
B10_D1,862,0,374,0,0
B10_D1,77,0,99,0,0
B10_D1,348,0,23,0,0
B10_D1,698,0,286,0,0
B10_D1,133,0,201,0,0
G1_D1,725,0,252,0,0
B6_D1,787,0,57,0,0
B6_D1,735,0,273,0,0
B10_D1,588,0,148,0,0
B10_D1,164,0,437,0,0
B6_D1,476,0,13,0,0
B6_D1,658,0,492,0,0
B4_D1,620,0,217,0,0
B10_D1,335,0,191,0,0
B6_D1,261,0,362,0,0
B10_D1,105,0,294,0,0
B10_D1,709,0,475,0,0
G1_D1,799,0,215,0,0
B6_D1,371,0,328,0,0
B6_D1,1023,0,391,0,0
B8_D1,653,0,246,0,0
B2_D1,120,0,27,0,0
B2_D1,840,0,235,0,0
B10_D1,907,0,387,0,0
G1_D1,977,0,286,0,0
B10_D1,746,0,326,0,0
B6_D1,545,0,398,0,0
B6_D1,299,0,380,0,0
G1_D1,546,0,510,0,0
G1_D1,985,0,73,0,0
B6_D1,148,0,21,0,0
B6_D1,107,0,95,0,0
B6_D1,458,0,504,0,0
B10_D1,217,0,11,0,0
G1_D1,305,0,51,0,0
B10_D1,465,0,201,0,0
B10_D1,39,0,77,0,0
G1_D1,827,0,2,0,0
B6_D1,14,0,398,0,0
B6_D1,753,0,316,0,0
B6_D1,279,0,460,0,0
G1_D1,109,0,399,0,0
B6_D1,223,0,74,0,0
B10_D1,176,0,223,0,0
B10_D1,543,0,102,0,0
B6_D1,291,0,479,0,0
B10_D1,156,0,275,0,0
B4_D1,473,0,57,0,0
B2_D1,675,0,16,0,0
B10_D1,543,0,268,0,0
B6_D1,171,0,85,0,0
B10_D1,394,0,33,0,0
G1_D1,1021,0,121,0,0
G1_D1,759,0,15,0,0
B6_D1,354,0,169,0,0
G1_D1,328,0,411,0,0
B6_D1,177,0,131,0,0
B6_D1,89,0,145,0,0
B10_D1,556,0,206,0,0
B6_D1,880,0,148,0,0
G1_D1,965,0,31,0,0
B6_D1,902,0,211,0,0
B10_D1,856,0,326,0,0
B6_D1,290,0,482,0,0
G1_D1,16,0,145,0,0
G1_D1,242,0,259,0,0
B4_D1,32,0,27,0,0
B6_D1,440,0,138,0,0
B6_D1,730,0,483,0,0
B10_D1,217,0,290,0,0
B6_D1,938,0,127,0,0
B2_D1,461,0,40,0,0
B6_D1,856,0,296,0,0
B6_D1,133,0,94,0,0
B6_D1,784,0,231,0,0
G1_D1,284,0,7,0,0
B10_D1,473,0,56,0,0
G1_D1,845,0,129,0,0
B10_D1,28,0,83,0,0
B10_D1,5,0,224,0,0
B10_D1,184,0,223,0,0
G1_D1,419,0,17,0,0
B6_D1,196,0,18,0,0
B10_D1,204,0,75,0,0
B10_D1,878,0,262,0,0
B2_D1,734,0,359,0,0
B10_D1,48,0,260,0,0
B10_D1,52,0,51,0,0
B6_D1,700,0,3,0,0
B6_D1,650,0,510,0,0
B10_D1,398,0,98,0,0
B6_D1,712,0,22,0,0
B2_D1,328,0,289,0,0
B10_D1,180,0,55,0,0
B6_D1,96,0,32,0,0
G1_D1,1013,0,230,0,0
B6_D1,681,0,392,0,0
B10_D1,841,0,316,0,0
G1_D1,32,0,26,0,0
B6_D1,489,0,162,0,0
B6_D1,338,0,508,0,0
B10_D1,34,0,101,0,0
G1_D1,851,0,20,0,0
B6_D1,668,0,381,0,0
B6_D1,416,0,43,0,0
B6_D1,62,0,128,0,0
B10_D1,9,0,95,0,0
B6_D1,165,0,279,0,0
B6_D1,8,0,35,0,0
B2_D1,918,0,25,0,0
B6_D1,501,0,423,0,0
B6_D1,102,0,463,0,0
B6_D1,676,0,441,0,0
B10_D1,348,0,410,0,0
B6_D1,288,0,430,0,0
G1_D1,168,0,286,0,0
G1_D1,792,0,18,0,0
B2_D1,661,0,508,0,0
B10_D1,3,0,381,0,0
B6_D1,426,0,494,0,0
B8_D1,613,0,302,0,0
G1_D1,417,0,296,0,0
G1_D1,936,0,273,0,0
B6_D1,440,0,37,0,0
G1_D1,870,0,69,0,0
B6_D1,425,0,384,0,0
G1_D1,724,0,264,0,0
G1_D1,1007,0,269,0,0
B2_D1,564,0,40,0,0
B6_D1,42,0,275,0,0
B6_D1,928,0,46,0,0
B10_D1,645,0,271,0,0
B10_D1,711,0,468,0,0
B10_D1,433,0,460,0,0
B10_D1,113,0,201,0,0
G1_D1,918,0,73,0,0
B6_D1,96,0,43,0,0
B10_D1,369,0,137,0,0
G1_D1,877,0,468,0,0
B10_D1,698,0,235,0,0
B4_D1,362,0,48,0,0
B6_D1,218,0,463,0,0
G1_D1,32,0,129,0,0
B10_D1,144,0,278,0,0
B6_D1,127,0,315,0,0
B6_D1,138,0,140,0,0
B6_D1,528,0,1,0,0
G1_D1,32,0,223,0,0
B10_D1,389,0,171,0,0
G1_D1,242,0,394,0,0
B6_D1,589,0,161,0,0
B10_D1,765,0,163,0,0
B6_D1,380,0,441,0,0
B6_D1,373,0,172,0,0
B10_D1,740,0,405,0,0
B10_D1,986,0,265,0,0
B10_D1,816,0,312,0,0
B2_D1,574,0,28,0,0
B10_D1,233,0,427,0,0
B6_D1,76,0,79,0,0
B10_D1,934,0,260,0,0
B6_D1,946,0,486,0,0
B6_D1,78,0,387,0,0
B6_D1,979,0,312,0,0
B10_D1,1010,0,39,0,0
B6_D1,934,0,119,0,0
G1_D1,818,0,13,0,0
B6_D1,526,0,495,0,0
B10_D1,352,0,4,0,0
B2_D1,513,0,218,0,0
B2_D1,120,0,38,0,0
B10_D1,995,0,59,0,0
B10_D1,866,0,71,0,0
B6_D1,594,0,285,0,0
B10_D1,215,0,296,0,0
G1_D1,733,0,278,0,0
B4_D1,65,0,277,0,0
B10_D1,741,0,313,0,0
G1_D1,274,0,18,0,0
G1_D1,400,0,36,0,0
G1_D1,71,0,438,0,0
B6_D1,648,0,39,0,0
B6_D1,330,0,492,0,0
B6_D1,367,0,440,0,0
G1_D1,41,0,83,0,0
B10_D1,466,0,259,0,0
B2_D1,350,0,227,0,0
B6_D1,537,0,62,0,0
G1_D1,156,0,7,0,0
B10_D1,509,0,211,0,0
B10_D1,7,0,354,0,0
G1_D1,776,0,18,0,0
B6_D1,564,0,250,0,0
B10_D1,662,0,80,0,0
B10_D1,575,0,26,0,0
B6_D1,338,0,495,0,0
B6_D1,540,0,27,0,0
B6_D1,216,0,135,0,0
B8_D1,34,0,249,0,0
B6_D1,834,0,502,0,0
B10_D1,830,0,421,0,0
G1_D1,992,0,100,0,0
B6_D1,62,0,199,0,0
B10_D1,15,0,131,0,0
B10_D1,601,0,236,0,0
G1_D1,174,0,70,0,0
B10_D1,112,0,42,0,0
B10_D1,1002,0,18,0,0
G1_D1,500,0,73,0,0
B2_D1,841,0,510,0,0
B6_D1,598,0,499,0,0
B10_D1,418,0,273,0,0
B6_D1,128,0,370,0,0
B6_D1,61,0,469,0,0
B10_D1,978,0,71,0,0
B4_D1,897,0,18,0,0
B6_D1,713,0,188,0,0
G1_D1,241,0,121,0,0
B2_D1,952,0,74,0,0
B10_D1,335,0,267,0,0
B6_D1,440,0,12,0,0
B10_D1,99,0,304,0,0
B10_D1,585,0,341,0,0
G1_D1,760,0,257,0,0
B10_D1,443,0,300,0,0
B4_D1,5,0,296,0,0
B8_D1,213,0,103,0,0
B4_D1,539,0,288,0,0
B6_D1,450,0,332,0,0
B10_D1,114,0,135,0,0
B10_D1,160,0,504,0,0
B10_D1,246,0,172,0,0
B6_D1,156,0,13,0,0
B10_D1,399,0,93,0,0
B10_D1,11,0,354,0,0
B6_D1,810,0,285,0,0
B10_D1,343,0,42,0,0
B6_D1,452,0,4,0,0
B10_D1,86,0,169,0,0
G1_D1,963,0,218,0,0
B10_D1,730,0,125,0,0
B10_D1,64,0,141,0,0
G1_D1,963,0,296,0,0
B10_D1,622,0,180,0,0
G1_D1,754,0,57,0,0
B10_D1,653,0,262,0,0
B10_D1,54,0,124,0,0
B10_D1,778,0,168,0,0
B6_D1,627,0,172,0,0
B6_D1,577,0,120,0,0
B2_D1,984,0,28,0,0
B6_D1,988,0,44,0,0
B6_D1,241,0,170,0,0
B6_D1,242,0,271,0,0
B6_D1,700,0,9,0,0
G1_D1,435,0,245,0,0
G1_D1,951,0,233,0,0
B6_D1,662,0,182,0,0
G1_D1,1001,0,4,0,0
B6_D1,901,0,171,0,0
B6_D1,224,0,304,0,0
B10_D1,624,0,483,0,0
B10_D1,139,0,176,0,0
B10_D1,33,0,121,0,0
B2_D1,568,0,472,0,0
B6_D1,276,0,173,0,0
G1_D1,135,0,6,0,0
G1_D1,536,0,0,0,0
B6_D1,960,0,21,0,0
B10_D1,410,0,338,0,0
B6_D1,492,0,187,0,0
B6_D1,664,0,126,0,0
G1_D1,21,0,81,0,0
B10_D1,22,0,128,0,0
G1_D1,13,0,327,0,0
G1_D1,159,0,236,0,0
G1_D1,16,0,7,0,0
B6_D1,663,0,181,0,0
B10_D1,157,0,7,0,0
B6_D1,481,0,185,0,0
B4_D1,174,0,281,0,0
B10_D1,359,0,42,0,0
B6_D1,216,0,20,0,0
B4_D1,15,0,16,0,0
G1_D1,491,0,98,0,0
B6_D1,322,0,501,0,0
B2_D1,851,0,121,0,0
B6_D1,502,0,491,0,0
B10_D1,810,0,45,0,0
B2_D1,753,0,78,0,0
B10_D1,284,0,201,0,0
B10_D1,429,0,216,0,0
B6_D1,485,0,161,0,0
B6_D1,197,0,151,0,0
B6_D1,420,0,333,0,0
B10_D1,34,0,63,0,0
B2_D1,314,0,200,0,0
B2_D1,650,0,91,0,0
B6_D1,256,0,85,0,0
B10_D1,1017,0,12,0,0
B6_D1,907,0,67,0,0
B6_D1,308,0,190,0,0
B10_D1,426,0,237,0,0
G1_D1,908,0,82,0,0
B6_D1,160,0,366,0,0
B6_D1,408,0,36,0,0
B6_D1,32,0,261,0,0
B2_D1,952,0,60,0,0
B10_D1,350,0,22,0,0
B6_D1,247,0,473,0,0
B10_D1,268,0,313,0,0
B2_D1,853,0,43,0,0
B6_D1,853,0,271,0,0
B6_D1,376,0,5,0,0
B10_D1,882,0,366,0,0
B6_D1,628,0,344,0,0
B6_D1,5,0,140,0,0
B10_D1,470,0,60,0,0
B6_D1,536,0,6,0,0
B6_D1,219,0,385,0,0
G1_D1,211,0,2,0,0
G1_D1,211,0,180,0,0
G1_D1,1010,0,109,0,0
G1_D1,1008,0,101,0,0
B6_D1,884,0,41,0,0
G1_D1,234,0,22,0,0
B6_D1,836,0,137,0,0
G1_D1,166,0,212,0,0
B6_D1,2,0,492,0,0
B10_D1,2,0,365,0,0
B2_D1,749,0,71,0,0
G1_D1,216,0,74,0,0
G1_D1,48,0,92,0,0
B6_D1,936,0,409,0,0
B10_D1,612,0,237,0,0
B6_D1,496,0,276,0,0
G1_D1,828,0,207,0,0
B10_D1,287,0,245,0,0
B6_D1,1007,0,97,0,0
G1_D1,672,0,18,0,0
G1_D1,27,0,213,0,0
B6_D1,565,0,172,0,0
G1_D1,763,0,425,0,0
G1_D1,226,0,20,0,0
B10_D1,861,0,241,0,0
B6_D1,743,0,329,0,0
B6_D1,78,0,319,0,0
B4_D1,192,0,136,0,0
B6_D1,444,0,408,0,0
B6_D1,448,0,33,0,0
B10_D1,68,0,33,0,0
B6_D1,659,0,359,0,0
G1_D1,811,0,162,0,0
B6_D1,710,0,202,0,0
G1_D1,705,0,272,0,0
B6_D1,210,0,82,0,0
B10_D1,623,0,499,0,0
B6_D1,783,0,60,0,0
B2_D1,493,0,38,0,0
B6_D1,976,0,343,0,0
B6_D1,276,0,11,0,0
B10_D1,848,0,375,0,0
B6_D1,383,0,410,0,0
G1_D1,947,0,252,0,0
G1_D1,974,0,277,0,0
B6_D1,1020,0,16,0,0
G1_D1,740,0,87,0,0
B10_D1,992,0,326,0,0
B10_D1,76,0,26,0,0
B4_D1,100,0,91,0,0
B6_D1,168,0,9,0,0
B6_D1,549,0,435,0,0
B6_D1,722,0,432,0,0
B10_D1,40,0,266,0,0
B4_D1,145,0,189,0,0
B4_D1,34,0,297,0,0
G1_D1,825,0,12,0,0
B4_D1,564,0,199,0,0
B10_D1,284,0,266,0,0
G1_D1,810,0,71,0,0
G1_D1,725,0,265,0,0
B6_D1,114,0,500,0,0
B2_D1,482,0,165,0,0
B6_D1,263,0,163,0,0
B6_D1,569,0,61,0,0
B6_D1,41,0,406,0,0
B8_D1,510,0,291,0,0
B2_D1,586,0,224,0,0
B6_D1,616,0,423,0,0
B10_D1,719,0,270,0,0
B2_D1,697,0,262,0,0
B6_D1,747,0,324,0,0
B6_D1,956,0,176,0,0
B10_D1,613,0,446,0,0
B6_D1,147,0,446,0,0
B4_D1,6,0,319,0,0
G1_D1,570,0,147,0,0
B10_D1,109,0,339,0,0
B10_D1,590,0,272,0,0
B6_D1,26,0,278,0,0
B10_D1,542,0,213,0,0
G1_D1,605,0,277,0,0
B6_D1,533,0,55,0,0
B2_D1,483,0,164,0,0
B6_D1,966,0,408,0,0
B10_D1,221,0,427,0,0
B4_D1,14,0,148,0,0
B6_D1,885,0,313,0,0
B6_D1,156,0,39,0,0
B10_D1,777,0,92,0,0
B10_D1,908,0,311,0,0
B6_D1,106,0,506,0,0
B2_D1,695,0,14,0,0
B10_D1,414,0,256,0,0
B6_D1,909,0,142,0,0
B10_D1,404,0,26,0,0
G1_D1,702,0,156,0,0
B4_D1,918,0,71,0,0
B10_D1,917,0,511,0,0
B4_D1,745,0,162,0,0
G1_D1,622,0,5,0,0
B2_D1,433,0,110,0,0
G1_D1,823,0,163,0,0
B6_D1,412,0,35,0,0
B10_D1,931,0,3,0,0
B10_D1,195,0,56,0,0
B10_D1,263,0,312,0,0
B10_D1,613,0,187,0,0
B10_D1,432,0,205,0,0
B6_D1,580,0,1,0,0
B10_D1,249,0,356,0,0
B10_D1,437,0,314,0,0
B10_D1,125,0,112,0,0
B10_D1,307,0,404,0,0
B10_D1,10,0,86,0,0
B6_D1,628,0,45,0,0
B6_D1,286,0,511,0,0
B10_D1,334,0,155,0,0
B10_D1,392,0,503,0,0
B10_D1,891,0,261,0,0
B10_D1,1021,0,105,0,0
G1_D1,979,0,220,0,0
B6_D1,1019,0,397,0,0
B10_D1,539,0,256,0,0
B4_D1,989,0,117,0,0
B4_D1,4,0,82,0,0
B6_D1,918,0,461,0,0
B6_D1,310,0,137,0,0
B6_D1,968,0,355,0,0
B10_D1,677,0,309,0,0
G1_D1,373,0,226,0,0
B10_D1,604,0,237,0,0
B10_D1,554,0,267,0,0
G1_D1,882,0,21,0,0
B10_D1,126,0,498,0,0
B6_D1,287,0,344,0,0
B6_D1,62,0,493,0,0
B4_D1,73,0,162,0,0
B6_D1,864,0,349,0,0
B6_D1,714,0,460,0,0
B2_D1,495,0,368,0,0
B8_D1,902,0,300,0,0
G1_D1,813,0,42,0,0
B4_D1,613,0,208,0,0
B10_D1,275,0,422,0,0
B2_D1,494,0,163,0,0
B6_D1,344,0,49,0,0
B6_D1,118,0,312,0,0
B6_D1,433,0,225,0,0
B6_D1,292,0,41,0,0
B6_D1,884,0,153,0,0
B10_D1,210,0,183,0,0
B4_D1,723,0,251,0,0
B10_D1,467,0,473,0,0
B10_D1,147,0,50,0,0
B6_D1,603,0,475,0,0
B4_D1,243,0,343,0,0
G1_D1,760,0,155,0,0
G1_D1,544,0,151,0,0
B6_D1,801,0,82,0,0
B10_D1,485,0,511,0,0
G1_D1,858,0,390,0,0
B6_D1,686,0,488,0,0
B6_D1,518,0,507,0,0
B10_D1,381,0,479,0,0
B10_D1,103,0,332,0,0
B6_D1,523,0,158,0,0
B6_D1,357,0,292,0,0
B10_D1,109,0,213,0,0
B10_D1,1014,0,477,0,0
B6_D1,464,0,42,0,0
B10_D1,832,0,91,0,0
B6_D1,156,0,135,0,0
B4_D1,580,0,386,0,0
G1_D1,227,0,34,0,0
B10_D1,979,0,469,0,0
B10_D1,239,0,288,0,0
B4_D1,678,0,33,0,0
B10_D1,281,0,13,0,0
B10_D1,627,0,0,0,0
B6_D1,284,0,242,0,0
B10_D1,486,0,307,0,0
G1_D1,310,0,43,0,0
G1_D1,778,0,99,0,0
B6_D1,54,0,223,0,0
B2_D1,403,0,491,0,0
B6_D1,1016,0,1,0,0
B8_D1,34,0,324,0,0
B10_D1,723,0,50,0,0
B6_D1,249,0,476,0,0
B10_D1,918,0,22,0,0
B10_D1,153,0,60,0,0
B10_D1,769,0,79,0,0
B6_D1,686,0,432,0,0
G1_D1,815,0,446,0,0
B2_D1,971,0,127,0,0
B10_D1,418,0,229,0,0
B4_D1,944,0,18,0,0
G1_D1,787,0,302,0,0
G1_D1,560,0,101,0,0
G1_D1,1018,0,36,0,0
G1_D1,965,0,124,0,0
B2_D1,958,0,42,0,0
B2_D1,783,0,60,0,0
B6_D1,538,0,496,0,0
B4_D1,714,0,59,0,0
G1_D1,27,0,82,0,0
B6_D1,419,0,361,0,0
G1_D1,414,0,511,0,0
G1_D1,121,0,94,0,0
B10_D1,303,0,333,0,0
B4_D1,1023,0,137,0,0
B6_D1,576,0,165,0,0
B6_D1,656,0,389,0,0
G1_D1,732,0,1,0,0
B6_D1,600,0,39,0,0
B2_D1,688,0,71,0,0
B2_D1,341,0,492,0,0
B6_D1,930,0,498,0,0
G1_D1,699,0,38,0,0
B6_D1,327,0,218,0,0
B6_D1,923,0,136,0,0
B6_D1,116,0,466,0,0
B6_D1,218,0,496,0,0
G1_D1,911,0,239,0,0
B10_D1,785,0,421,0,0
B6_D1,312,0,31,0,0
B6_D1,943,0,54,0,0
B6_D1,16,0,260,0,0
B6_D1,299,0,392,0,0
B8_D1,116,0,91,0,0
G1_D1,1009,0,263,0,0
B4_D1,517,0,222,0,0
G1_D1,23,0,165,0,0
B6_D1,675,0,451,0,0
B6_D1,106,0,308,0,0
B2_D1,881,0,46,0,0
B2_D1,973,0,46,0,0
B10_D1,936,0,461,0,0
B6_D1,378,0,503,0,0
B10_D1,471,0,133,0,0
B2_D1,938,0,511,0,0
B10_D1,838,0,403,0,0
B10_D1,887,0,356,0,0
B10_D1,336,0,313,0,0
B6_D1,1012,0,447,0,0
B10_D1,581,0,47,0,0
B10_D1,270,0,123,0,0
B10_D1,42,0,105,0,0
B10_D1,374,0,72,0,0
B10_D1,629,0,102,0,0
B10_D1,238,0,149,0,0
B6_D1,242,0,169,0,0
B6_D1,42,0,324,0,0
B6_D1,464,0,15,0,0
B6_D1,974,0,295,0,0
B10_D1,590,0,197,0,0
B6_D1,344,0,110,0,0
G1_D1,306,0,23,0,0
G1_D1,1020,0,11,0,0
B6_D1,623,0,412,0,0
B6_D1,992,0,47,0,0
B4_D1,144,0,188,0,0
B10_D1,740,0,52,0,0
B4_D1,319,0,180,0,0
B6_D1,750,0,346,0,0
G1_D1,409,0,86,0,0
G1_D1,662,0,255,0,0
B6_D1,3,0,55,0,0
B10_D1,102,0,482,0,0
B4_D1,887,0,14,0,0
G1_D1,826,0,245,0,0
B2_D1,676,0,143,0,0
B10_D1,61,0,135,0,0
B6_D1,706,0,367,0,0
B6_D1,753,0,480,0,0
G1_D1,462,0,104,0,0
B6_D1,310,0,322,0,0
G1_D1,1003,0,79,0,0
B10_D1,788,0,328,0,0
B6_D1,406,0,494,0,0
B6_D1,400,0,178,0,0
B6_D1,135,0,315,0,0
B6_D1,404,0,334,0,0
B10_D1,262,0,243,0,0
G1_D1,140,0,132,0,0
G1_D1,135,0,97,0,0
B6_D1,994,0,316,0,0
B6_D1,903,0,67,0,0
G1_D1,830,0,305,0,0
G1_D1,1016,0,125,0,0
G1_D1,320,0,416,0,0
B10_D1,774,0,296,0,0
B10_D1,633,0,413,0,0
B6_D1,133,0,92,0,0
B6_D1,290,0,509,0,0
B10_D1,447,0,407,0,0
B6_D1,750,0,511,0,0
B10_D1,834,0,44,0,0
G1_D1,330,0,236,0,0
B10_D1,788,0,404,0,0
G1_D1,924,0,107,0,0
B6_D1,280,0,47,0,0
B6_D1,613,0,328,0,0
G1_D1,481,0,19,0,0
B6_D1,858,0,491,0,0
B6_D1,827,0,131,0,0
B10_D1,509,0,80,0,0
G1_D1,17,0,84,0,0
B6_D1,365,0,226,0,0
B6_D1,496,0,11,0,0
G1_D1,179,0,504,0,0
B2_D1,896,0,1,0,0
B6_D1,162,0,351,0,0
B6_D1,928,0,120,0,0
B6_D1,288,0,21,0,0
B6_D1,49,0,294,0,0
B10_D1,380,0,503,0,0
B10_D1,8,0,133,0,0
B6_D1,216,0,21,0,0
G1_D1,490,0,309,0,0
B10_D1,234,0,86,0,0
B6_D1,777,0,359,0,0
B6_D1,6,0,50,0,0
B2_D1,48,0,30,0,0
G1_D1,632,0,203,0,0
G1_D1,468,0,74,0,0
B6_D1,749,0,338,0,0
B6_D1,497,0,368,0,0
G1_D1,174,0,23,0,0
B10_D1,996,0,249,0,0
B6_D1,460,0,52,0,0
B6_D1,631,0,417,0,0
B6_D1,108,0,5,0,0
B10_D1,270,0,178,0,0
B4_D1,7,0,283,0,0
B4_D1,385,0,394,0,0
G1_D1,331,0,28,0,0
B10_D1,63,0,143,0,0
B10_D1,572,0,4,0,0
B6_D1,836,0,6,0,0
B8_D1,132,0,263,0,0
G1_D1,1017,0,467,0,0
G1_D1,314,0,18,0,0
G1_D1,43,0,194,0,0
B6_D1,646,0,348,0,0
B10_D1,627,0,300,0,0
G1_D1,686,0,456,0,0
B8_D1,157,0,120,0,0
B6_D1,646,0,508,0,0
B6_D1,77,0,99,0,0
G1_D1,536,0,7,0,0
G1_D1,319,0,229,0,0
B2_D1,319,0,494,0,0
B10_D1,159,0,426,0,0
B10_D1,691,0,483,0,0
G1_D1,871,0,203,0,0
G1_D1,558,0,210,0,0
G1_D1,150,0,23,0,0
B4_D1,8,0,314,0,0
B6_D1,876,0,12,0,0
G1_D1,555,0,461,0,0
B10_D1,252,0,122,0,0
B6_D1,976,0,176,0,0
B10_D1,130,0,61,0,0
B6_D1,256,0,35,0,0
B6_D1,940,0,19,0,0
B6_D1,129,0,150,0,0
B2_D1,729,0,16,0,0
G1_D1,310,0,20,0,0
B6_D1,481,0,368,0,0
B10_D1,383,0,65,0,0
B10_D1,808,0,442,0,0
B6_D1,182,0,155,0,0
G1_D1,254,0,352,0,0
B10_D1,770,0,296,0,0
B10_D1,727,0,266,0,0
B6_D1,568,0,391,0,0
B10_D1,1023,0,407,0,0
G1_D1,90,0,98,0,0
G1_D1,984,0,0,0,0
B10_D1,430,0,227,0,0
G1_D1,987,0,297,0,0
B6_D1,102,0,490,0,0
B10_D1,354,0,338,0,0
B10_D1,780,0,325,0,0
B4_D1,954,0,103,0,0
B10_D1,131,0,2,0,0
B2_D1,662,0,145,0,0
B6_D1,936,0,41,0,0
B10_D1,427,0,172,0,0
G1_D1,950,0,285,0,0
B10_D1,485,0,118,0,0
G1_D1,727,0,16,0,0
B6_D1,72,0,22,0,0
B6_D1,292,0,12,0,0
B6_D1,48,0,0,0,0
B6_D1,663,0,64,0,0
B4_D1,311,0,290,0,0
B6_D1,804,0,25,0,0
B6_D1,903,0,219,0,0
B4_D1,744,0,88,0,0
B4_D1,723,0,36,0,0
G1_D1,397,0,133,0,0
B6_D1,26,0,421,0,0
G1_D1,430,0,479,0,0
G1_D1,870,0,9,0,0
B6_D1,988,0,42,0,0
B6_D1,513,0,447,0,0
B10_D1,626,0,30,0,0
B10_D1,376,0,412,0,0
B6_D1,120,0,136,0,0
B10_D1,468,0,258,0,0
B6_D1,462,0,486,0,0
B10_D1,534,0,13,0,0
G1_D1,42,0,258,0,0
B6_D1,468,0,381,0,0
B6_D1,455,0,331,0,0
B6_D1,803,0,458,0,0
B10_D1,485,0,241,0,0
B6_D1,15,0,350,0,0
B10_D1,234,0,202,0,0
G1_D1,203,0,15,0,0
G1_D1,369,0,208,0,0
B6_D1,468,0,19,0,0
B6_D1,910,0,509,0,0
B10_D1,828,0,91,0,0
B10_D1,448,0,484,0,0
G1_D1,634,0,19,0,0
B4_D1,323,0,16,0,0
B6_D1,898,0,298,0,0
G1_D1,375,0,14,0,0
B6_D1,530,0,130,0,0
B10_D1,201,0,234,0,0
B6_D1,448,0,52,0,0
B2_D1,160,0,116,0,0
B10_D1,760,0,469,0,0
G1_D1,791,0,133,0,0
B10_D1,344,0,91,0,0
B6_D1,86,0,501,0,0
B6_D1,1004,0,317,0,0
G1_D1,497,0,480,0,0
B6_D1,718,0,259,0,0
B6_D1,257,0,339,0,0
B10_D1,57,0,199,0,0
G1_D1,390,0,268,0,0
G1_D1,249,0,234,0,0
B10_D1,468,0,252,0,0
G1_D1,263,0,60,0,0
B4_D1,660,0,41,0,0
B6_D1,164,0,37,0,0
B10_D1,225,0,295,0,0
B6_D1,928,0,1,0,0
B10_D1,294,0,307,0,0
B6_D1,473,0,50,0,0
B6_D1,830,0,508,0,0
B10_D1,545,0,112,0,0
G1_D1,10,0,128,0,0
B6_D1,164,0,19,0,0
G1_D1,13,0,139,0,0
B6_D1,826,0,504,0,0
B2_D1,569,0,41,0,0
B10_D1,565,0,509,0,0
B10_D1,525,0,296,0,0
G1_D1,291,0,410,0,0
B10_D1,381,0,169,0,0
B10_D1,171,0,195,0,0
B10_D1,840,0,64,0,0
B10_D1,310,0,244,0,0
B6_D1,526,0,490,0,0
G1_D1,746,0,464,0,0
B6_D1,786,0,201,0,0
B10_D1,256,0,6,0,0
B10_D1,781,0,272,0,0
G1_D1,183,0,504,0,0
B10_D1,559,0,507,0,0
G1_D1,490,0,511,0,0
B10_D1,912,0,262,0,0
B10_D1,991,0,270,0,0
B10_D1,81,0,25,0,0
B10_D1,627,0,232,0,0
B10_D1,91,0,164,0,0
B6_D1,106,0,500,0,0
B6_D1,180,0,33,0,0
B6_D1,832,0,100,0,0
B10_D1,177,0,167,0,0
B6_D1,536,0,15,0,0
B10_D1,236,0,359,0,0
B6_D1,500,0,33,0,0
B6_D1,554,0,505,0,0
G1_D1,166,0,192,0,0
B6_D1,470,0,298,0,0
B6_D1,624,0,15,0,0
B10_D1,981,0,103,0,0
B4_D1,599,0,368,0,0
B10_D1,840,0,352,0,0
B6_D1,419,0,191,0,0
B10_D1,269,0,34,0,0
B10_D1,989,0,48,0,0
G1_D1,157,0,274,0,0
B8_D1,636,0,178,0,0
G1_D1,114,0,197,0,0
G1_D1,23,0,153,0,0
G1_D1,238,0,156,0,0
B10_D1,148,0,82,0,0
B6_D1,1001,0,428,0,0
B2_D1,163,0,57,0,0
G1_D1,324,0,3,0,0
B10_D1,924,0,264,0,0
B10_D1,6,0,160,0,0
G1_D1,938,0,494,0,0
B6_D1,450,0,486,0,0
B6_D1,240,0,243,0,0
B2_D1,543,0,477,0,0
B10_D1,736,0,15,0,0
B6_D1,233,0,476,0,0
B6_D1,792,0,385,0,0
B6_D1,1004,0,253,0,0
B2_D1,136,0,310,0,0
B10_D1,66,0,285,0,0
B6_D1,390,0,408,0,0
B4_D1,984,0,218,0,0
B10_D1,293,0,115,0,0
B6_D1,954,0,302,0,0
G1_D1,245,0,8,0,0
G1_D1,924,0,25,0,0
G1_D1,185,0,342,0,0
B10_D1,468,0,85,0,0
G1_D1,968,0,49,0,0
B6_D1,656,0,42,0,0
B6_D1,412,0,26,0,0
B6_D1,124,0,82,0,0
B6_D1,570,0,186,0,0
B6_D1,980,0,26,0,0
G1_D1,38,0,22,0,0
G1_D1,539,0,2,0,0
B6_D1,696,0,280,0,0
B2_D1,733,0,11,0,0
B4_D1,929,0,262,0,0
G1_D1,237,0,123,0,0
B10_D1,914,0,64,0,0
G1_D1,12,0,78,0,0
G1_D1,38,0,299,0,0
G1_D1,615,0,226,0,0
B10_D1,728,0,311,0,0
B6_D1,222,0,508,0,0
B4_D1,25,0,144,0,0
B6_D1,467,0,189,0,0
G1_D1,286,0,9,0,0
B2_D1,627,0,0,0,0
B6_D1,147,0,364,0,0
B6_D1,515,0,160,0,0
B6_D1,880,0,305,0,0
B6_D1,158,0,445,0,0
B6_D1,879,0,120,0,0
G1_D1,721,0,279,0,0
B6_D1,657,0,105,0,0
G1_D1,39,0,326,0,0
B6_D1,288,0,13,0,0
B6_D1,672,0,17,0,0
B10_D1,782,0,411,0,0
G1_D1,509,0,82,0,0
B10_D1,160,0,142,0,0
B2_D1,387,0,14,0,0
B6_D1,929,0,215,0,0
B6_D1,963,0,403,0,0
B4_D1,976,0,208,0,0
G1_D1,670,0,270,0,0
G1_D1,130,0,9,0,0
B10_D1,23,0,256,0,0
G1_D1,971,0,236,0,0
G1_D1,676,0,185,0,0
B6_D1,887,0,140,0,0
B10_D1,386,0,262,0,0
B6_D1,170,0,68,0,0
B6_D1,812,0,396,0,0
B6_D1,40,0,0,0,0
B10_D1,992,0,47,0,0
G1_D1,108,0,398,0,0
B6_D1,588,0,2,0,0
G1_D1,199,0,260,0,0
B6_D1,329,0,480,0,0
B6_D1,35,0,52,0,0
B2_D1,781,0,223,0,0
B10_D1,996,0,287,0,0
B10_D1,252,0,4,0,0
B10_D1,854,0,227,0,0
B10_D1,386,0,311,0,0
B6_D1,764,0,212,0,0
B10_D1,1,0,7,0,0
B6_D1,986,0,80,0,0
B6_D1,376,0,33,0,0
B6_D1,581,0,388,0,0
B6_D1,296,0,32,0,0
B10_D1,1007,0,49,0,0
B2_D1,435,0,160,0,0
B6_D1,882,0,499,0,0
B6_D1,697,0,266,0,0
B6_D1,796,0,45,0,0
B10_D1,791,0,17,0,0
B10_D1,656,0,61,0,0
B2_D1,350,0,136,0,0
G1_D1,30,0,190,0,0
B6_D1,435,0,349,0,0
B10_D1,733,0,322,0,0
G1_D1,442,0,13,0,0
B10_D1,434,0,486,0,0
B10_D1,162,0,125,0,0
B6_D1,1018,0,501,0,0
B6_D1,604,0,116,0,0
G1_D1,357,0,48,0,0
B6_D1,963,0,263,0,0
G1_D1,760,0,11,0,0
B8_D1,899,0,235,0,0
B8_D1,405,0,284,0,0
B2_D1,689,0,113,0,0
B4_D1,153,0,93,0,0
G1_D1,24,0,0,0,0
B10_D1,673,0,74,0,0
B2_D1,834,0,47,0,0
G1_D1,970,0,23,0,0
B2_D1,824,0,212,0,0
B6_D1,1016,0,323,0,0
B6_D1,596,0,119,0,0
B6_D1,914,0,504,0,0
B4_D1,491,0,201,0,0
B10_D1,229,0,190,0,0
B6_D1,3,0,448,0,0
B10_D1,305,0,11,0,0
B6_D1,822,0,86,0,0
B10_D1,296,0,285,0,0
B10_D1,673,0,73,0,0
B4_D1,765,0,318,0,0
B6_D1,990,0,496,0,0
G1_D1,59,0,161,0,0
B6_D1,278,0,496,0,0
B2_D1,698,0,67,0,0
B8_D1,238,0,2,0,0
B4_D1,509,0,282,0,0
B6_D1,518,0,405,0,0
B2_D1,495,0,28,0,0
B6_D1,898,0,272,0,0
G1_D1,35,0,204,0,0
B10_D1,374,0,130,0,0
B10_D1,46,0,113,0,0
B6_D1,672,0,162,0,0
B4_D1,423,0,404,0,0
G1_D1,36,0,92,0,0
B6_D1,395,0,296,0,0
B10_D1,417,0,480,0,0
B6_D1,548,0,39,0,0
B6_D1,176,0,14,0,0
B2_D1,234,0,279,0,0
B10_D1,289,0,240,0,0
B10_D1,753,0,117,0,0
B6_D1,251,0,361,0,0
B4_D1,762,0,241,0,0
B10_D1,361,0,233,0,0
G1_D1,151,0,295,0,0
G1_D1,147,0,281,0,0
B10_D1,687,0,281,0,0
B6_D1,278,0,502,0,0
B10_D1,720,0,418,0,0
B10_D1,257,0,300,0,0
B6_D1,600,0,18,0,0
B10_D1,775,0,417,0,0
B10_D1,443,0,155,0,0
B8_D1,1023,0,486,0,0
B10_D1,179,0,112,0,0
G1_D1,138,0,455,0,0
B6_D1,274,0,185,0,0
G1_D1,1004,0,271,0,0
G1_D1,29,0,88,0,0
B10_D1,955,0,17,0,0
B4_D1,581,0,204,0,0
B6_D1,374,0,482,0,0
B8_D1,69,0,235,0,0
B10_D1,403,0,507,0,0
G1_D1,6,0,492,0,0
B6_D1,730,0,71,0,0
B10_D1,69,0,276,0,0
B10_D1,583,0,77,0,0
B6_D1,311,0,73,0,0
B6_D1,142,0,75,0,0
B6_D1,540,0,248,0,0
B6_D1,756,0,28,0,0
B8_D1,590,0,295,0,0
G1_D1,37,0,498,0,0
G1_D1,792,0,268,0,0
B4_D1,455,0,51,0,0
B10_D1,731,0,424,0,0
G1_D1,286,0,13,0,0
B10_D1,713,0,309,0,0
B6_D1,14,0,411,0,0
B6_D1,108,0,252,0,0
B10_D1,411,0,504,0,0
B4_D1,841,0,15,0,0
B2_D1,373,0,492,0,0
B2_D1,553,0,458,0,0
B6_D1,440,0,17,0,0
B2_D1,740,0,136,0,0
B2_D1,223,0,152,0,0
B6_D1,662,0,504,0,0
B6_D1,980,0,7,0,0
B10_D1,1009,0,68,0,0
B6_D1,699,0,109,0,0
B4_D1,490,0,89,0,0
B10_D1,443,0,3,0,0
G1_D1,1001,0,83,0,0
B4_D1,613,0,185,0,0
B10_D1,623,0,273,0,0
B6_D1,927,0,70,0,0
B10_D1,198,0,70,0,0
B10_D1,964,0,225,0,0
B6_D1,297,0,408,0,0
G1_D1,994,0,164,0,0
B6_D1,372,0,17,0,0
B10_D1,158,0,339,0,0
B6_D1,604,0,339,0,0
B4_D1,125,0,421,0,0
B10_D1,30,0,61,0,0
B2_D1,458,0,127,0,0
G1_D1,631,0,51,0,0
B8_D1,915,0,238,0,0
B6_D1,926,0,392,0,0
B6_D1,952,0,198,0,0
B10_D1,389,0,408,0,0
G1_D1,1018,0,208,0,0
B6_D1,340,0,13,0,0
B2_D1,362,0,135,0,0
B10_D1,503,0,140,0,0
B6_D1,960,0,6,0,0
G1_D1,330,0,156,0,0
B8_D1,595,0,185,0,0
B4_D1,318,0,177,0,0
B6_D1,373,0,280,0,0
B6_D1,777,0,295,0,0
G1_D1,853,0,296,0,0
B6_D1,250,0,506,0,0
B6_D1,475,0,59,0,0
B10_D1,76,0,9,0,0
G1_D1,792,0,306,0,0
B6_D1,372,0,55,0,0
B6_D1,837,0,222,0,0
G1_D1,199,0,10,0,0
B6_D1,301,0,75,0,0
B10_D1,164,0,54,0,0
G1_D1,951,0,208,0,0
B10_D1,1,0,24,0,0
B2_D1,970,0,63,0,0
G1_D1,445,0,19,0,0
B10_D1,139,0,104,0,0
B6_D1,343,0,143,0,0
G1_D1,361,0,46,0,0
G1_D1,535,0,282,0,0
B10_D1,419,0,500,0,0
B6_D1,327,0,384,0,0
B4_D1,746,0,65,0,0
G1_D1,63,0,77,0,0
B6_D1,161,0,123,0,0
B6_D1,47,0,477,0,0
B6_D1,548,0,8,0,0
B6_D1,981,0,139,0,0
B4_D1,15,0,133,0,0
G1_D1,589,0,145,0,0
B10_D1,897,0,18,0,0
B10_D1,227,0,296,0,0
B6_D1,726,0,489,0,0
B6_D1,706,0,491,0,0
B4_D1,219,0,352,0,0
B10_D1,253,0,427,0,0
B10_D1,639,0,149,0,0
B10_D1,192,0,57,0,0
B6_D1,737,0,85,0,0
B10_D1,585,0,260,0,0
B10_D1,147,0,224,0,0
B6_D1,778,0,163,0,0
B6_D1,642,0,381,0,0
B2_D1,364,0,114,0,0
G1_D1,767,0,14,0,0
B6_D1,48,0,22,0,0
B6_D1,40,0,124,0,0
B6_D1,952,0,46,0,0
B2_D1,369,0,18,0,0
B6_D1,798,0,504,0,0
B10_D1,626,0,278,0,0
B4_D1,10,0,289,0,0
G1_D1,36,0,102,0,0
B10_D1,40,0,205,0,0
B10_D1,662,0,250,0,0
B4_D1,353,0,203,0,0
B6_D1,218,0,497,0,0
B6_D1,1012,0,112,0,0
B4_D1,284,0,263,0,0
B6_D1,804,0,2,0,0
G1_D1,614,0,13,0,0
B4_D1,1019,0,131,0,0
B6_D1,521,0,154,0,0
B6_D1,745,0,148,0,0
B6_D1,817,0,299,0,0
B6_D1,52,0,40,0,0
B6_D1,408,0,473,0,0
B6_D1,818,0,487,0,0
B6_D1,0,0,15,0,0
B10_D1,929,0,251,0,0
B6_D1,900,0,301,0,0
B4_D1,478,0,247,0,0
B10_D1,49,0,142,0,0
B4_D1,672,0,249,0,0
G1_D1,139,0,415,0,0
B2_D1,152,0,224,0,0
B10_D1,310,0,199,0,0
B4_D1,847,0,14,0,0
G1_D1,647,0,303,0,0
B6_D1,985,0,126,0,0
B10_D1,348,0,263,0,0
B2_D1,446,0,159,0,0
B6_D1,598,0,483,0,0
B10_D1,518,0,244,0,0
B6_D1,256,0,473,0,0
G1_D1,825,0,8,0,0
B10_D1,65,0,296,0,0
B6_D1,394,0,507,0,0
B6_D1,938,0,243,0,0
B2_D1,155,0,90,0,0
G1_D1,88,0,102,0,0
B2_D1,684,0,43,0,0
G1_D1,324,0,149,0,0
B10_D1,182,0,154,0,0
B10_D1,429,0,91,0,0
B10_D1,230,0,184,0,0
B10_D1,642,0,375,0,0
B10_D1,252,0,206,0,0
B10_D1,170,0,70,0,0
B6_D1,1021,0,398,0,0
B4_D1,814,0,256,0,0
G1_D1,20,0,279,0,0
B10_D1,726,0,473,0,0
B6_D1,206,0,500,0,0
B10_D1,66,0,14,0,0
G1_D1,731,0,66,0,0
B6_D1,355,0,143,0,0
B2_D1,395,0,130,0,0
G1_D1,105,0,399,0,0
B10_D1,687,0,280,0,0
G1_D1,629,0,465,0,0
B4_D1,165,0,116,0,0
B10_D1,386,0,68,0,0
B8_D1,756,0,230,0,0
B6_D1,222,0,434,0,0
B6_D1,542,0,355,0,0
B10_D1,670,0,165,0,0
G1_D1,414,0,200,0,0
B6_D1,632,0,42,0,0
G1_D1,1000,0,70,0,0
B10_D1,415,0,502,0,0
B10_D1,841,0,233,0,0
G1_D1,780,0,245,0,0
B6_D1,621,0,286,0,0
B6_D1,429,0,480,0,0
B6_D1,758,0,347,0,0
B10_D1,747,0,119,0,0
B10_D1,404,0,99,0,0
B6_D1,932,0,90,0,0
G1_D1,729,0,329,0,0
B6_D1,1010,0,485,0,0
G1_D1,143,0,167,0,0
G1_D1,873,0,101,0,0
B6_D1,21,0,229,0,0
G1_D1,925,0,488,0,0
B6_D1,47,0,195,0,0
B6_D1,289,0,319,0,0
B10_D1,818,0,315,0,0
B2_D1,490,0,159,0,0
B6_D1,155,0,229,0,0
B4_D1,691,0,30,0,0
B6_D1,589,0,189,0,0
B6_D1,846,0,105,0,0
B6_D1,924,0,62,0,0
B6_D1,861,0,257,0,0
B10_D1,9,0,28,0,0
B6_D1,8,0,43,0,0
B6_D1,193,0,407,0,0
G1_D1,731,0,261,0,0
B10_D1,711,0,315,0,0
B6_D1,315,0,479,0,0
B10_D1,7,0,256,0,0
B6_D1,324,0,26,0,0
B10_D1,374,0,176,0,0
G1_D1,903,0,219,0,0
B10_D1,319,0,65,0,0
B4_D1,497,0,432,0,0
G1_D1,670,0,25,0,0
B10_D1,287,0,259,0,0
G1_D1,218,0,5,0,0
B8_D1,970,0,302,0,0
B10_D1,453,0,24,0,0
B6_D1,887,0,397,0,0
B10_D1,201,0,221,0,0
B6_D1,667,0,64,0,0
G1_D1,176,0,65,0,0
G1_D1,688,0,308,0,0
B4_D1,64,0,456,0,0
B10_D1,254,0,353,0,0
B6_D1,612,0,40,0,0
B6_D1,430,0,488,0,0
B10_D1,23,0,510,0,0
G1_D1,31,0,54,0,0
B10_D1,127,0,176,0,0
B4_D1,485,0,200,0,0
B10_D1,235,0,61,0,0
B10_D1,506,0,313,0,0
B10_D1,122,0,392,0,0
B6_D1,314,0,291,0,0
B10_D1,738,0,48,0,0
B6_D1,1004,0,315,0,0
B6_D1,486,0,492,0,0
G1_D1,260,0,31,0,0
B4_D1,520,0,277,0,0
B6_D1,950,0,214,0,0
B10_D1,515,0,27,0,0
G1_D1,468,0,49,0,0
B4_D1,640,0,26,0,0
B6_D1,742,0,163,0,0
B10_D1,417,0,98,0,0
B10_D1,634,0,122,0,0
B6_D1,559,0,265,0,0
B10_D1,255,0,162,0,0
G1_D1,1008,0,0,0,0
B6_D1,1008,0,10,0,0
G1_D1,689,0,473,0,0
B10_D1,6,0,230,0,0
G1_D1,2,0,261,0,0
B6_D1,3,0,433,0,0
B10_D1,90,0,87,0,0
B10_D1,591,0,81,0,0
B6_D1,444,0,170,0,0
B6_D1,1010,0,497,0,0
B6_D1,452,0,240,0,0
B6_D1,948,0,347,0,0
B6_D1,372,0,20,0,0
G1_D1,722,0,464,0,0
B6_D1,868,0,11,0,0
G1_D1,30,0,211,0,0
B4_D1,511,0,281,0,0
B10_D1,81,0,196,0,0
B10_D1,873,0,292,0,0
G1_D1,799,0,50,0,0
B10_D1,79,0,33,0,0
B6_D1,784,0,333,0,0
B4_D1,941,0,30,0,0
B10_D1,492,0,410,0,0
B6_D1,871,0,306,0,0
B4_D1,266,0,308,0,0
B10_D1,286,0,334,0,0
B10_D1,256,0,67,0,0
G1_D1,375,0,407,0,0
B6_D1,728,0,375,0,0
B10_D1,103,0,207,0,0
B6_D1,292,0,0,0,0
G1_D1,104,0,280,0,0
B6_D1,215,0,385,0,0
B4_D1,81,0,4,0,0
B10_D1,251,0,72,0,0
B6_D1,556,0,320,0,0
B10_D1,399,0,22,0,0
B10_D1,819,0,106,0,0
B6_D1,604,0,375,0,0
B2_D1,753,0,67,0,0
B10_D1,596,0,86,0,0
B4_D1,682,0,192,0,0
B10_D1,613,0,255,0,0
B10_D1,416,0,106,0,0
B6_D1,232,0,22,0,0
B4_D1,340,0,28,0,0
B6_D1,529,0,231,0,0
G1_D1,42,0,32,0,0
B6_D1,958,0,486,0,0
B6_D1,817,0,152,0,0
B6_D1,2,0,312,0,0
B4_D1,490,0,182,0,0
B6_D1,622,0,287,0,0
G1_D1,594,0,215,0,0
B4_D1,580,0,181,0,0
G1_D1,549,0,203,0,0
B6_D1,430,0,57,0,0
B10_D1,412,0,494,0,0
B4_D1,669,0,65,0,0
B10_D1,454,0,55,0,0
B8_D1,493,0,204,0,0
G1_D1,60,0,55,0,0
B10_D1,997,0,46,0,0
B10_D1,8,0,102,0,0
G1_D1,129,0,19,0,0
B6_D1,984,0,409,0,0
B10_D1,119,0,341,0,0
B6_D1,286,0,187,0,0
B10_D1,432,0,495,0,0
B10_D1,699,0,119,0,0
B10_D1,14,0,86,0,0
B6_D1,461,0,53,0,0
G1_D1,476,0,11,0,0
B6_D1,144,0,1,0,0
B6_D1,372,0,385,0,0
B10_D1,125,0,191,0,0
G1_D1,77,0,128,0,0
B6_D1,95,0,480,0,0
B10_D1,203,0,215,0,0
B6_D1,1020,0,475,0,0
B6_D1,817,0,298,0,0
B2_D1,476,0,30,0,0
B6_D1,32,0,22,0,0
B10_D1,704,0,68,0,0
B6_D1,928,0,29,0,0
B6_D1,30,0,123,0,0
B6_D1,364,0,154,0,0
B4_D1,77,0,317,0,0
B6_D1,724,0,11,0,0
G1_D1,110,0,133,0,0
B4_D1,549,0,109,0,0
B6_D1,831,0,202,0,0
B10_D1,725,0,268,0,0
G1_D1,852,0,260,0,0
B6_D1,807,0,291,0,0
B6_D1,151,0,181,0,0
B2_D1,128,0,429,0,0
B6_D1,845,0,271,0,0
G1_D1,663,0,247,0,0
B6_D1,1007,0,329,0,0
B10_D1,595,0,229,0,0
B2_D1,697,0,15,0,0
G1_D1,750,0,66,0,0
B10_D1,454,0,140,0,0
G1_D1,73,0,8,0,0
B10_D1,737,0,272,0,0
B2_D1,975,0,124,0,0
G1_D1,826,0,266,0,0
B4_D1,60,0,170,0,0
B6_D1,948,0,425,0,0
B6_D1,980,0,95,0,0
B6_D1,546,0,251,0,0
B10_D1,1007,0,3,0,0
B6_D1,406,0,478,0,0
B10_D1,549,0,318,0,0
B10_D1,96,0,41,0,0
B6_D1,82,0,505,0,0
B2_D1,0,0,34,0,0
B6_D1,44,0,35,0,0
B10_D1,415,0,252,0,0
B10_D1,30,0,252,0,0
B4_D1,980,0,218,0,0
B10_D1,22,0,262,0,0
B10_D1,755,0,416,0,0
G1_D1,167,0,377,0,0
G1_D1,924,0,7,0,0
G1_D1,45,0,21,0,0
G1_D1,308,0,388,0,0
B4_D1,451,0,234,0,0
B8_D1,225,0,340,0,0
B6_D1,844,0,4,0,0
B10_D1,847,0,22,0,0
B10_D1,603,0,77,0,0
B6_D1,656,0,476,0,0
G1_D1,209,0,12,0,0
B10_D1,326,0,334,0,0
G1_D1,340,0,90,0,0
G1_D1,245,0,21,0,0
B10_D1,392,0,111,0,0
B4_D1,517,0,220,0,0
B10_D1,824,0,430,0,0
G1_D1,832,0,265,0,0
B6_D1,65,0,481,0,0
B4_D1,902,0,232,0,0
B6_D1,101,0,123,0,0
B6_D1,4,0,45,0,0
G1_D1,414,0,31,0,0
B2_D1,356,0,493,0,0
B6_D1,125,0,92,0,0
B10_D1,583,0,282,0,0
B10_D1,425,0,371,0,0
B2_D1,805,0,510,0,0
G1_D1,47,0,29,0,0
B6_D1,565,0,440,0,0
B10_D1,478,0,338,0,0
B10_D1,587,0,122,0,0
G1_D1,535,0,74,0,0
B2_D1,645,0,441,0,0
B6_D1,817,0,360,0,0
G1_D1,181,0,47,0,0
B6_D1,963,0,300,0,0
B2_D1,870,0,261,0,0
B6_D1,144,0,12,0,0
B6_D1,744,0,46,0,0
B6_D1,880,0,149,0,0
B10_D1,441,0,239,0,0
B6_D1,618,0,493,0,0
B10_D1,758,0,77,0,0
B6_D1,6,0,215,0,0
B10_D1,600,0,444,0,0
G1_D1,606,0,111,0,0
G1_D1,261,0,64,0,0
B2_D1,235,0,68,0,0
G1_D1,292,0,11,0,0
B4_D1,821,0,242,0,0
B6_D1,922,0,302,0,0
B10_D1,380,0,316,0,0
B6_D1,816,0,34,0,0
B6_D1,294,0,291,0,0
B6_D1,774,0,500,0,0
G1_D1,172,0,60,0,0
B2_D1,650,0,475,0,0
B2_D1,812,0,278,0,0
B4_D1,119,0,3,0,0
B10_D1,236,0,304,0,0
B10_D1,649,0,488,0,0
B10_D1,669,0,269,0,0
B10_D1,146,0,334,0,0
B10_D1,575,0,321,0,0
B10_D1,302,0,55,0,0
B6_D1,646,0,347,0,0
G1_D1,55,0,30,0,0
B10_D1,1002,0,56,0,0
B6_D1,522,0,264,0,0
G1_D1,400,0,134,0,0
G1_D1,648,0,360,0,0
B10_D1,781,0,451,0,0
G1_D1,695,0,2,0,0
B10_D1,162,0,77,0,0
B6_D1,870,0,362,0,0
B10_D1,115,0,88,0,0
B6_D1,456,0,48,0,0
B4_D1,584,0,170,0,0
B10_D1,478,0,493,0,0
B10_D1,158,0,184,0,0
B10_D1,351,0,261,0,0
B6_D1,416,0,2,0,0
G1_D1,558,0,213,0,0
B10_D1,397,0,88,0,0
G1_D1,286,0,511,0,0
G1_D1,495,0,321,0,0
B2_D1,154,0,269,0,0
B6_D1,376,0,49,0,0
B2_D1,781,0,0,0,0
B6_D1,294,0,488,0,0
G1_D1,129,0,136,0,0
G1_D1,15,0,150,0,0
B8_D1,204,0,347,0,0
B10_D1,743,0,416,0,0
G1_D1,231,0,6,0,0
B10_D1,242,0,131,0,0
B10_D1,203,0,357,0,0
B6_D1,90,0,203,0,0
B10_D1,662,0,162,0,0
B10_D1,1019,0,24,0,0
B10_D1,509,0,120,0,0
B10_D1,805,0,443,0,0
B10_D1,417,0,18,0,0
G1_D1,918,0,93,0,0
B10_D1,638,0,477,0,0
G1_D1,614,0,225,0,0
B10_D1,643,0,119,0,0
B6_D1,612,0,345,0,0
G1_D1,62,0,199,0,0
B6_D1,769,0,336,0,0
B10_D1,726,0,120,0,0
B6_D1,779,0,151,0,0
B10_D1,605,0,180,0,0
B6_D1,548,0,437,0,0
B4_D1,288,0,58,0,0
B10_D1,170,0,507,0,0
B10_D1,699,0,19,0,0
G1_D1,727,0,24,0,0
B10_D1,357,0,31,0,0
G1_D1,30,0,32,0,0
B6_D1,633,0,418,0,0
B6_D1,174,0,148,0,0
B6_D1,700,0,424,0,0
B10_D1,459,0,266,0,0
B6_D1,758,0,201,0,0
B10_D1,93,0,125,0,0
G1_D1,222,0,273,0,0
B6_D1,178,0,486,0,0
B10_D1,707,0,124,0,0
B4_D1,0,0,221,0,0
B10_D1,428,0,315,0,0
B4_D1,80,0,40,0,0
G1_D1,805,0,63,0,0
B6_D1,164,0,179,0,0
G1_D1,1016,0,142,0,0
B10_D1,434,0,129,0,0
B10_D1,676,0,37,0,0
B6_D1,41,0,169,0,0
B4_D1,612,0,186,0,0
B6_D1,598,0,228,0,0
B2_D1,653,0,225,0,0
B6_D1,621,0,305,0,0
B10_D1,991,0,53,0,0
G1_D1,318,0,221,0,0
B6_D1,801,0,355,0,0
G1_D1,751,0,159,0,0
B8_D1,614,0,227,0,0
B4_D1,650,0,230,0,0
B6_D1,933,0,163,0,1
B10_D1,396,0,11,0,0
B2_D1,704,0,52,0,0
B10_D1,345,0,268,0,0
B10_D1,140,0,266,0,0
B10_D1,820,0,243,0,0
B10_D1,745,0,272,0,0
B4_D1,947,0,56,0,0
B10_D1,710,0,113,0,0
G1_D1,811,0,10,0,0
B10_D1,597,0,145,0,0
B6_D1,209,0,388,0,0
B10_D1,684,0,444,0,0
B10_D1,386,0,491,0,0
B6_D1,111,0,402,0,0
G1_D1,925,0,154,0,1
B10_D1,265,0,47,0,0
G1_D1,4,0,464,0,0
B10_D1,143,0,309,0,0
G1_D1,98,0,25,0,0
B10_D1,36,0,159,0,0
B8_D1,875,0,235,0,0
B6_D1,544,0,57,0,0
B10_D1,415,0,2,0,0
B6_D1,953,0,417,0,0
B4_D1,725,0,15,0,0
B8_D1,718,0,190,0,0
B6_D1,881,0,266,0,0
B10_D1,759,0,111,0,0
B10_D1,4,0,180,0,0
B4_D1,1021,0,153,0,0
B6_D1,428,0,0,0,0
B2_D1,218,0,485,0,0
B10_D1,378,0,32,0,0
B6_D1,399,0,190,0,0
B10_D1,64,0,6,0,0
B10_D1,232,0,188,0,0
B6_D1,24,0,73,0,0
B4_D1,12,0,392,0,0
B6_D1,919,0,55,0,0
G1_D1,939,0,278,0,0
B10_D1,496,0,165,0,0
B8_D1,124,0,84,0,0
B6_D1,72,0,10,0,0
B6_D1,128,0,29,0,0
B4_D1,0,0,439,0,0
G1_D1,349,0,486,0,0
B6_D1,5,0,331,0,0
B6_D1,462,0,495,0,0
G1_D1,9,0,198,0,0
B6_D1,840,0,26,0,0
B10_D1,691,0,32,0,0
B10_D1,240,0,393,0,0
B10_D1,170,0,235,0,0
B8_D1,763,0,241,0,0
G1_D1,110,0,13,0,0
B6_D1,848,0,8,0,0
B10_D1,741,0,159,0,0
G1_D1,682,0,202,0,0
G1_D1,26,0,219,0,0
B10_D1,327,0,228,0,0
G1_D1,746,0,72,0,0
B10_D1,80,0,327,0,0
B6_D1,212,0,41,0,0
B6_D1,992,0,95,0,0
B6_D1,473,0,57,0,0
B6_D1,143,0,361,0,0
B10_D1,469,0,489,0,0
G1_D1,86,0,98,0,0
B10_D1,302,0,311,0,0
B10_D1,665,0,167,0,0
B4_D1,724,0,137,0,0
G1_D1,965,0,207,0,0
B6_D1,975,0,402,0,0
B6_D1,951,0,207,0,0
B6_D1,298,0,501,0,0
B6_D1,618,0,363,0,0
B6_D1,421,0,407,0,0
B6_D1,869,0,364,0,0
B6_D1,585,0,287,0,0
B6_D1,3,0,53,0,0
G1_D1,693,0,244,0,0
B6_D1,988,0,125,0,0
B10_D1,804,0,51,0,0
B10_D1,490,0,132,0,0
B10_D1,155,0,229,0,0
B10_D1,940,0,343,0,0
B2_D1,598,0,467,0,0
B6_D1,926,0,89,0,0
B6_D1,980,0,0,0,0
B10_D1,284,0,324,0,0
B10_D1,380,0,444,0,0
B6_D1,90,0,97,0,0
B10_D1,56,0,270,0,0
G1_D1,617,0,117,0,0
B6_D1,811,0,103,0,0
B6_D1,124,0,207,0,0
B10_D1,574,0,83,0,0
B10_D1,592,0,455,0,0
B4_D1,573,0,167,0,0
B2_D1,184,0,233,0,0
B6_D1,854,0,327,0,0
G1_D1,225,0,181,0,0
B2_D1,634,0,23,0,0
B10_D1,355,0,265,0,0
B10_D1,338,0,183,0,0
B10_D1,48,0,270,0,0
G1_D1,882,0,19,0,0
B6_D1,244,0,295,0,0
G1_D1,602,0,13,0,0
G1_D1,561,0,8,0,0
B10_D1,808,0,406,0,0
B6_D1,118,0,83,0,0
G1_D1,90,0,309,0,0
G1_D1,794,0,217,0,0
B10_D1,394,0,71,0,0
B10_D1,325,0,241,0,0
G1_D1,259,0,180,0,0
G1_D1,951,0,10,0,0
B6_D1,701,0,413,0,0
B4_D1,153,0,4,0,0
B10_D1,137,0,511,0,0
G1_D1,584,0,225,0,0
G1_D1,991,0,62,0,0
B6_D1,163,0,171,0,0
B6_D1,125,0,223,0,0
B10_D1,857,0,291,0,0
B10_D1,404,0,134,0,0
B6_D1,530,0,505,0,0
B6_D1,736,0,12,0,0
B6_D1,872,0,265,0,0
B8_D1,1012,0,297,0,0
B10_D1,130,0,129,0,0
B10_D1,807,0,333,0,0
B10_D1,809,0,511,0,0
B10_D1,828,0,318,0,0
B6_D1,660,0,457,0,0
B6_D1,913,0,417,0,0
B10_D1,122,0,399,0,0
B10_D1,17,0,212,0,0
B10_D1,163,0,81,0,0
B6_D1,176,0,116,0,0
B4_D1,33,0,23,0,0
G1_D1,625,0,114,0,0
B6_D1,333,0,96,0,0
B6_D1,59,0,107,0,0
G1_D1,175,0,36,0,0
G1_D1,426,0,13,0,0
B10_D1,409,0,21,0,0
B6_D1,225,0,308,0,0
B6_D1,902,0,392,0,0
B10_D1,707,0,2,0,0
G1_D1,656,0,11,0,0
B6_D1,413,0,287,0,0
G1_D1,826,0,258,0,0
B6_D1,30,0,209,0,0
B2_D1,165,0,502,0,0
G1_D1,19,0,213,0,0
G1_D1,678,0,198,0,0
G1_D1,17,0,359,0,0
B6_D1,153,0,273,0,0
B10_D1,3,0,425,0,0
B10_D1,103,0,397,0,0
B10_D1,483,0,303,0,0
B10_D1,605,0,338,0,0
G1_D1,1022,0,233,0,0
B6_D1,568,0,281,0,0
B4_D1,901,0,18,0,0
B6_D1,827,0,126,0,0
B10_D1,877,0,511,0,0
B10_D1,482,0,109,0,0
B6_D1,766,0,88,0,0
B10_D1,354,0,292,0,0
G1_D1,409,0,225,0,0
G1_D1,241,0,21,0,0
B2_D1,508,0,466,0,0
B10_D1,503,0,248,0,0
B6_D1,949,0,258,0,0
B10_D1,721,0,163,0,0
G1_D1,464,0,85,0,0
B10_D1,367,0,278,0,0
B4_D1,742,0,292,0,0
B10_D1,420,0,484,0,0
B6_D1,678,0,502,0,0
B10_D1,593,0,313,0,0
B10_D1,287,0,446,0,-1
B10_D1,824,0,364,0,0
G1_D1,255,0,277,0,0
B10_D1,428,0,110,0,0
B8_D1,376,0,285,0,0
B10_D1,742,0,81,0,0
B6_D1,566,0,510,0,0
B4_D1,234,0,44,0,0
B6_D1,386,0,354,0,0
B4_D1,812,0,85,0,0
B2_D1,44,0,51,0,0
B6_D1,583,0,265,0,0
B2_D1,714,0,58,0,0
B10_D1,908,0,233,0,0
B10_D1,14,0,239,0,0
B6_D1,4,0,23,0,0
G1_D1,987,0,218,0,0
G1_D1,1013,0,33,0,0
B10_D1,948,0,506,0,0
B2_D1,170,0,249,0,0
B6_D1,10,0,503,0,0
G1_D1,1002,0,95,0,0
B6_D1,554,0,508,0,0
B10_D1,891,0,262,0,0
B6_D1,232,0,157,0,0
B6_D1,998,0,144,0,0
B6_D1,977,0,159,0,0
B6_D1,952,0,469,0,0
B4_D1,667,0,140,0,0
G1_D1,9,0,57,0,0
B6_D1,494,0,495,0,0
B10_D1,903,0,67,0,0
G1_D1,10,0,211,0,0
B10_D1,197,0,30,0,0
B4_D1,114,0,334,0,0
B6_D1,110,0,404,0,0
B6_D1,32,0,34,0,0
B6_D1,22,0,278,0,0
B4_D1,915,0,203,0,0
B10_D1,401,0,339,0,0
B6_D1,732,0,466,0,0
B10_D1,177,0,111,0,0
B10_D1,143,0,281,0,0
B6_D1,617,0,307,0,0
B6_D1,718,0,107,0,0
B4_D1,772,0,239,0,0
B6_D1,716,0,310,0,0
B10_D1,83,0,184,0,0
G1_D1,819,0,297,0,0
B10_D1,475,0,80,0,0
B6_D1,613,0,192,0,0
B10_D1,775,0,0,0,0
G1_D1,816,0,423,0,0
B4_D1,923,0,61,0,0
B6_D1,252,0,40,0,0
B6_D1,332,0,357,0,0
B6_D1,293,0,480,0,0
B6_D1,292,0,7,0,0
B6_D1,376,0,291,0,0
B10_D1,290,0,126,0,0
B10_D1,338,0,31,0,0
B6_D1,298,0,137,0,0
G1_D1,50,0,134,0,0
B6_D1,512,0,27,0,0
G1_D1,807,0,106,0,0
B10_D1,204,0,453,0,0
B4_D1,535,0,415,0,0
B10_D1,119,0,40,0,0
B6_D1,884,0,45,0,0
B10_D1,630,0,275,0,0
B6_D1,649,0,388,0,0
G1_D1,177,0,52,0,0
B6_D1,16,0,29,0,0
B6_D1,932,0,3,0,0
B6_D1,955,0,293,0,0
B6_D1,416,0,13,0,0
B10_D1,8,0,126,0,0
B10_D1,107,0,190,0,0
G1_D1,808,0,7,0,0
B6_D1,444,0,48,0,0
G1_D1,1004,0,48,0,0
B6_D1,266,0,271,0,0
B6_D1,641,0,474,0,0
B10_D1,813,0,210,0,0
B8_D1,99,0,329,0,0
B10_D1,528,0,128,0,0
B10_D1,677,0,57,0,0
B10_D1,24,0,116,0,0
B6_D1,599,0,199,0,0
B8_D1,409,0,283,0,0
G1_D1,900,0,1,0,0
B10_D1,197,0,76,0,0
B2_D1,831,0,6,0,0
G1_D1,905,0,261,0,0
B10_D1,561,0,318,0,0
B6_D1,592,0,264,0,0
B10_D1,427,0,478,0,0
B6_D1,996,0,8,0,0
B6_D1,389,0,365,0,0
G1_D1,345,0,54,0,0
B6_D1,6,0,359,0,0
B6_D1,862,0,49,0,0
B10_D1,735,0,270,0,0
B10_D1,616,0,412,0,0
G1_D1,428,0,7,0,0
B6_D1,145,0,270,0,0
G1_D1,224,0,41,0,0
B6_D1,590,0,266,0,0
B6_D1,193,0,418,0,0
B10_D1,167,0,41,0,0
B10_D1,412,0,412,0,0
B6_D1,158,0,267,0,0
B6_D1,959,0,140,0,0
B10_D1,19,0,269,0,0
G1_D1,272,0,142,0,0
B6_D1,154,0,329,0,0
B6_D1,940,0,41,0,0
B6_D1,4,0,130,0,0
G1_D1,547,0,6,0,0
B4_D1,4,0,196,0,0
B6_D1,832,0,357,0,0
G1_D1,754,0,9,0,0
B10_D1,685,0,178,0,0
B4_D1,217,0,207,0,0
B10_D1,252,0,249,0,0
B6_D1,878,0,487,0,0
B8_D1,310,0,316,0,0
B10_D1,258,0,43,0,0
G1_D1,790,0,493,0,0
G1_D1,202,0,496,0,0
B10_D1,488,0,313,0,0
B10_D1,173,0,94,0,0
B6_D1,754,0,504,0,0
B8_D1,303,0,185,0,0
B10_D1,467,0,43,0,0
B10_D1,274,0,90,0,0
B6_D1,847,0,62,0,0
G1_D1,1015,0,351,0,0
B6_D1,426,0,354,0,0
G1_D1,164,0,108,0,0
B2_D1,97,0,125,0,0
B10_D1,132,0,94,0,0
B10_D1,245,0,424,0,0
B10_D1,204,0,278,0,0
B10_D1,345,0,488,0,0
G1_D1,283,0,186,0,0
B6_D1,904,0,293,0,0
B6_D1,546,0,120,0,0
B6_D1,235,0,58,0,0
B10_D1,16,0,193,0,0
G1_D1,459,0,86,0,0
B10_D1,226,0,312,0,0
B6_D1,859,0,170,0,0
G1_D1,1019,0,76,0,0
B6_D1,610,0,509,0,0
B10_D1,226,0,65,0,0
B10_D1,384,0,249,0,0
B10_D1,838,0,315,0,0
B6_D1,22,0,424,0,0
B6_D1,44,0,47,0,0
G1_D1,17,0,116,0,0
G1_D1,456,0,1,0,0
B10_D1,632,0,4,0,0
B6_D1,548,0,47,0,0
B6_D1,114,0,255,0,0
B6_D1,340,0,23,0,0
B6_D1,18,0,136,0,0
B6_D1,748,0,110,0,0
B10_D1,207,0,12,0,0
B6_D1,774,0,249,0,0
B2_D1,947,0,22,0,0
B10_D1,205,0,34,0,0
B6_D1,815,0,296,0,0
B10_D1,585,0,342,0,0
B6_D1,680,0,26,0,0
B6_D1,372,0,14,0,0
B6_D1,1020,0,28,0,0
B2_D1,397,0,207,0,0
B2_D1,193,0,227,0,0
B10_D1,776,0,418,0,0
B6_D1,5,0,92,0,0
G1_D1,712,0,434,0,0
B6_D1,98,0,309,0,0
B6_D1,938,0,492,0,0
B6_D1,300,0,31,0,0
B10_D1,475,0,255,0,0
G1_D1,64,0,162,0,0
B10_D1,613,0,123,0,0
B6_D1,342,0,478,0,0
B6_D1,723,0,479,0,0
B6_D1,802,0,509,0,0
B6_D1,96,0,4,0,0
B2_D1,742,0,49,0,0
B10_D1,768,0,405,0,0
B10_D1,671,0,420,0,0
G1_D1,7,0,376,0,0
B4_D1,189,0,410,0,0
G1_D1,365,0,19,0,0
B6_D1,302,0,406,0,0
G1_D1,678,0,120,0,0
B10_D1,626,0,208,0,0
B2_D1,299,0,292,0,0
G1_D1,8,0,143,0,0
G1_D1,946,0,9,0,0
B4_D1,734,0,68,0,0
B10_D1,516,0,45,0,0
B6_D1,822,0,61,0,0
G1_D1,135,0,288,0,0
B10_D1,623,0,178,0,0
B6_D1,619,0,365,0,0
B6_D1,85,0,144,0,0
B6_D1,736,0,282,0,0
B10_D1,845,0,114,0,0
B6_D1,956,0,249,0,0
B10_D1,56,0,5,0,0
B6_D1,712,0,48,0,0
B10_D1,539,0,56,0,0
G1_D1,54,0,96,0,0
B10_D1,670,0,61,0,0
B4_D1,108,0,307,0,0
B2_D1,199,0,221,0,0
B4_D1,656,0,322,0,0
B10_D1,346,0,109,0,0
G1_D1,518,0,477,0,0
B6_D1,808,0,48,0,0
B4_D1,628,0,181,0,0
B10_D1,318,0,84,0,0
G1_D1,52,0,368,0,-1
B6_D1,968,0,30,0,0
B6_D1,820,0,55,0,0
G1_D1,221,0,60,0,0
G1_D1,1006,0,366,0,0
B10_D1,590,0,80,0,0
B6_D1,609,0,189,0,0
G1_D1,321,0,4,0,0
B10_D1,449,0,279,0,0
B2_D1,155,0,131,0,0
G1_D1,181,0,64,0,0
B6_D1,932,0,11,0,0
B10_D1,832,0,312,0,0
B6_D1,548,0,31,0,0
B10_D1,403,0,496,0,0
B10_D1,188,0,253,0,0
B10_D1,671,0,487,0,0
B8_D1,530,0,291,0,0
B10_D1,368,0,312,0,0
B6_D1,324,0,49,0,0
G1_D1,862,0,236,0,0
B6_D1,541,0,157,0,0
G1_D1,686,0,124,0,0
B10_D1,1017,0,2,0,0
B6_D1,702,0,386,0,0
B10_D1,122,0,436,0,0
B10_D1,639,0,17,0,0
B10_D1,7,0,309,0,0
B2_D1,2,0,121,0,0
B4_D1,792,0,258,0,0
B6_D1,764,0,264,0,0
B6_D1,248,0,0,0,0
B10_D1,751,0,468,0,0
B6_D1,42,0,239,0,0
B6_D1,430,0,391,0,0
B6_D1,816,0,30,0,0
B6_D1,572,0,29,0,0
G1_D1,916,0,294,0,0
B6_D1,96,0,283,0,0
G1_D1,276,0,284,0,0
B6_D1,664,0,27,0,0
B6_D1,746,0,496,0,0
B10_D1,183,0,438,0,0
B6_D1,418,0,60,0,0
B6_D1,408,0,0,0,0
B6_D1,520,0,445,0,0
B6_D1,254,0,159,0,0
G1_D1,808,0,306,0,0
B6_D1,129,0,210,0,0
B6_D1,823,0,131,0,0
B10_D1,423,0,495,0,0
B10_D1,181,0,78,0,0
B10_D1,363,0,8,0,0
B2_D1,670,0,145,0,0
G1_D1,110,0,287,0,0
B10_D1,135,0,503,0,0
B6_D1,416,0,40,0,0
B10_D1,152,0,119,0,0
B2_D1,537,0,104,0,0
B6_D1,923,0,316,0,0
B4_D1,66,0,424,0,0
B4_D1,571,0,106,0,0
B6_D1,132,0,10,0,0
B6_D1,114,0,508,0,0
B2_D1,618,0,160,0,0
B10_D1,388,0,412,0,0
G1_D1,664,0,18,0,0
B6_D1,196,0,135,0,0
B6_D1,722,0,499,0,0
G1_D1,493,0,320,0,0
B6_D1,249,0,454,0,0
B4_D1,597,0,219,0,0
G1_D1,577,0,143,0,0
B6_D1,504,0,42,0,0
B6_D1,169,0,331,0,0
B6_D1,1013,0,258,0,0
B4_D1,216,0,46,0,0
G1_D1,53,0,12,0,0
B6_D1,679,0,304,0,0
B4_D1,9,0,216,0,0
B10_D1,24,0,44,0,0
B8_D1,158,0,58,0,0
B8_D1,535,0,211,0,0
B10_D1,346,0,212,0,0
B10_D1,161,0,362,0,0
B6_D1,556,0,42,0,0
B10_D1,130,0,269,0,0
B10_D1,107,0,509,0,0
B10_D1,823,0,363,0,0
G1_D1,299,0,17,0,0
B10_D1,913,0,386,0,0
B4_D1,652,0,185,0,0
B8_D1,225,0,91,0,0
B2_D1,364,0,48,0,0
B6_D1,702,0,112,0,0
B10_D1,396,0,111,0,0
B4_D1,362,0,367,0,0
G1_D1,334,0,312,0,0
B10_D1,735,0,35,0,0
B10_D1,318,0,221,0,0
G1_D1,522,0,38,0,0
B6_D1,788,0,349,0,0
B10_D1,449,0,479,0,0
B4_D1,814,0,262,0,0
G1_D1,595,0,10,0,0
B4_D1,107,0,3,0,0
B6_D1,301,0,170,0,0
B10_D1,630,0,283,0,0
B6_D1,28,0,28,0,0
B10_D1,90,0,19,0,0
B10_D1,15,0,225,0,0
B4_D1,1021,0,94,0,0
B6_D1,840,0,34,0,0
B6_D1,145,0,254,0,0
B10_D1,719,0,3,0,0
B8_D1,107,0,329,0,0
B10_D1,901,0,305,0,0
B2_D1,728,0,39,0,0
B8_D1,166,0,340,0,0
G1_D1,212,0,144,0,0
B6_D1,160,0,14,0,0
G1_D1,850,0,295,0,0
B10_D1,228,0,67,0,0
B10_D1,930,0,8,0,0
B6_D1,772,0,159,0,0
B10_D1,516,0,82,0,0
B10_D1,155,0,230,0,0
B10_D1,13,0,274,0,0
G1_D1,985,0,377,0,0
B2_D1,342,0,136,0,0
B10_D1,552,0,5,0,0
B4_D1,504,0,238,0,0
B4_D1,124,0,104,0,0
G1_D1,460,0,303,0,0
G1_D1,345,0,479,0,0
G1_D1,728,0,64,0,0
G1_D1,1,0,256,0,0
G1_D1,738,0,247,0,0
B10_D1,936,0,110,0,0
B6_D1,310,0,499,0,0
B4_D1,729,0,36,0,0
B10_D1,630,0,49,0,0
B10_D1,499,0,488,0,0
G1_D1,17,0,510,0,0
B6_D1,270,0,197,0,0
B6_D1,858,0,161,0,0
B6_D1,473,0,188,0,0
B2_D1,634,0,362,0,0
B4_D1,343,0,16,0,0
B6_D1,985,0,330,0,0
B10_D1,622,0,63,0,0
G1_D1,194,0,272,0,0
B2_D1,486,0,109,0,0
G1_D1,1022,0,134,0,0
B10_D1,845,0,227,0,0
G1_D1,819,0,85,0,0
G1_D1,609,0,193,0,0
B10_D1,496,0,61,0,0
G1_D1,539,0,280,0,0
B10_D1,222,0,147,0,0
G1_D1,1003,0,74,0,0
B10_D1,529,0,131,0,0
B10_D1,927,0,379,0,0
B10_D1,325,0,488,0,0
B10_D1,625,0,495,0,0
G1_D1,477,0,351,0,0
B10_D1,929,0,179,0,0
B6_D1,286,0,501,0,0
B10_D1,123,0,67,0,0
B6_D1,126,0,360,0,0
B6_D1,109,0,481,0,0
B4_D1,1021,0,104,0,0
B2_D1,834,0,124,0,0
B6_D1,732,0,6,0,0
B4_D1,209,0,62,0,0
B6_D1,110,0,49,0,0
G1_D1,1006,0,292,0,0
B10_D1,724,0,260,0,0
B10_D1,218,0,76,0,0
B10_D1,598,0,222,0,0
B10_D1,266,0,263,0,0
B6_D1,751,0,374,0,0
B6_D1,593,0,480,0,0
B10_D1,63,0,163,0,0
B6_D1,174,0,398,0,0
B6_D1,335,0,90,0,0
B10_D1,351,0,264,0,0
B6_D1,926,0,497,0,0
B6_D1,358,0,506,0,0
B6_D1,772,0,31,0,0
B4_D1,193,0,2,0,0
B2_D1,757,0,284,0,0
B10_D1,455,0,489,0,0
B6_D1,139,0,197,0,0
B10_D1,647,0,112,0,0
B10_D1,347,0,179,0,0
B4_D1,663,0,248,0,0
B6_D1,890,0,507,0,0
B4_D1,516,0,283,0,0
B4_D1,396,0,193,0,0
B4_D1,193,0,5,0,0
B6_D1,264,0,27,0,0
G1_D1,989,0,65,0,0
B10_D1,35,0,238,0,0
B10_D1,679,0,302,0,0
B10_D1,215,0,236,0,0
B6_D1,582,0,374,0,0
B6_D1,132,0,264,0,0
B6_D1,330,0,487,0,0
B4_D1,920,0,108,0,0
B10_D1,29,0,109,0,0
B6_D1,217,0,134,0,0
B2_D1,130,0,87,0,0
B6_D1,493,0,368,0,0
B6_D1,116,0,234,0,0
G1_D1,1009,0,31,0,0
G1_D1,1002,0,13,0,0
B6_D1,360,0,22,0,0
B8_D1,103,0,275,0,0
B10_D1,547,0,407,0,0
B10_D1,106,0,192,0,0
B6_D1,576,0,3,0,0
G1_D1,151,0,208,0,0
G1_D1,132,0,108,0,0
B4_D1,660,0,185,0,0
B4_D1,756,0,49,0,0
B6_D1,545,0,360,0,0
B10_D1,345,0,511,0,0
B10_D1,446,0,283,0,0
B4_D1,135,0,213,0,0
B6_D1,439,0,330,0,0
B10_D1,657,0,268,0,0
G1_D1,250,0,51,0,0
G1_D1,161,0,111,0,0
B2_D1,1,0,17,0,0
B6_D1,632,0,17,0,0
B10_D1,735,0,10,0,0
B10_D1,207,0,428,0,0
B10_D1,17,0,208,0,0
B6_D1,740,0,264,0,0
B6_D1,234,0,70,0,0
G1_D1,334,0,149,0,0
B2_D1,238,0,510,0,0
B2_D1,636,0,165,0,0
B6_D1,34,0,500,0,0
B2_D1,663,0,286,0,0
G1_D1,29,0,259,0,0
G1_D1,102,0,367,0,0
B10_D1,21,0,274,0,0
B4_D1,789,0,242,0,0
B6_D1,737,0,145,0,0
B6_D1,834,0,510,0,0
B6_D1,486,0,508,0,0
G1_D1,236,0,24,0,0
B2_D1,614,0,466,0,0
B6_D1,796,0,28,0,0
B6_D1,169,0,451,0,0
B4_D1,911,0,103,0,0
B10_D1,335,0,207,0,0
B6_D1,684,0,40,0,0
B6_D1,690,0,129,0,0
B10_D1,148,0,325,0,0
G1_D1,101,0,399,0,0
B6_D1,159,0,344,0,0
B10_D1,11,0,123,0,0
B6_D1,379,0,479,0,0
B6_D1,466,0,505,0,0
B6_D1,964,0,11,0,0
B6_D1,994,0,226,0,0
B6_D1,940,0,233,0,0
G1_D1,924,0,220,0,0
B4_D1,0,0,478,0,0
B10_D1,205,0,37,0,0
G1_D1,984,0,115,0,0
B6_D1,76,0,25,0,0
G1_D1,1018,0,409,0,0
G1_D1,909,0,315,0,0
G1_D1,531,0,32,0,0
B6_D1,562,0,274,0,0
B2_D1,534,0,121,0,0
B6_D1,114,0,509,0,0
B6_D1,708,0,397,0,0
B6_D1,240,0,85,0,0
B10_D1,478,0,162,0,0
G1_D1,1023,0,169,0,0
B6_D1,939,0,50,0,0
B10_D1,1022,0,257,0,0
B6_D1,1020,0,458,0,0
B2_D1,353,0,24,0,0
B6_D1,102,0,125,0,0
B2_D1,634,0,481,0,0
B6_D1,498,0,328,0,0
B4_D1,713,0,32,0,0
B6_D1,355,0,153,0,0
B6_D1,884,0,94,0,0
B10_D1,113,0,210,0,0
B6_D1,112,0,6,0,0
B4_D1,4,0,113,0,0
B10_D1,118,0,416,0,0
B10_D1,905,0,315,0,0
B6_D1,508,0,171,0,0
B6_D1,906,0,489,0,0
B6_D1,773,0,110,0,0
B6_D1,526,0,264,0,0
B6_D1,286,0,494,0,0
B2_D1,224,0,73,0,0
B10_D1,216,0,66,0,0
B6_D1,534,0,494,0,0
B8_D1,84,0,278,0,0
B10_D1,285,0,18,0,0
B10_D1,997,0,268,0,0
B2_D1,713,0,51,0,0
G1_D1,1004,0,100,0,0
B2_D1,169,0,473,0,0
B4_D1,678,0,84,0,0
G1_D1,509,0,243,0,0
B10_D1,8,0,120,0,0
B2_D1,907,0,451,0,0
B10_D1,11,0,79,0,0
B4_D1,678,0,42,0,0
B10_D1,298,0,306,0,0
B6_D1,605,0,274,0,0
B4_D1,182,0,357,0,0
B10_D1,703,0,440,0,0
B6_D1,915,0,449,0,0
B6_D1,865,0,477,0,0
G1_D1,241,0,234,0,0
G1_D1,897,0,32,0,0
G1_D1,379,0,17,0,0
B6_D1,585,0,316,0,0
B6_D1,637,0,111,0,0
B4_D1,730,0,206,0,0
B6_D1,835,0,308,0,0
B6_D1,606,0,295,0,0
B4_D1,977,0,82,0,0
G1_D1,262,0,68,0,0
B6_D1,729,0,463,0,0
B6_D1,805,0,304,0,0
G1_D1,920,0,44,0,0
B10_D1,64,0,40,0,0
B10_D1,504,0,171,0,0
B10_D1,651,0,152,0,0
B4_D1,879,0,24,0,0
B10_D1,579,0,28,0,0
G1_D1,319,0,153,0,0
B10_D1,361,0,314,0,0
B6_D1,182,0,499,0,0
B6_D1,952,0,204,0,0
B4_D1,530,0,182,0,0
G1_D1,539,0,119,0,0
G1_D1,251,0,71,0,0
B6_D1,256,0,14,0,0
B10_D1,339,0,190,0,0
B6_D1,717,0,148,0,0
B10_D1,336,0,170,0,0
B2_D1,637,0,50,0,0
B6_D1,940,0,12,0,0
B6_D1,594,0,195,0,0
B2_D1,861,0,463,0,0
G1_D1,477,0,355,0,0
G1_D1,810,0,94,0,0
B6_D1,862,0,131,0,0
G1_D1,57,0,208,0,0
G1_D1,114,0,18,0,0
B10_D1,636,0,52,0,0
B10_D1,103,0,300,0,0
B6_D1,74,0,128,0,0
B4_D1,250,0,135,0,0
B8_D1,368,0,190,0,0
B6_D1,551,0,384,0,0
G1_D1,27,0,275,0,0
B4_D1,601,0,212,0,0
B10_D1,617,0,239,0,0
B6_D1,12,0,166,0,0
B6_D1,613,0,52,0,0
B2_D1,283,0,144,0,0
B10_D1,582,0,409,0,0
B10_D1,483,0,41,0,0
B10_D1,681,0,9,0,0
B10_D1,1008,0,23,0,0
G1_D1,46,0,461,0,0
B10_D1,696,0,263,0,0
G1_D1,461,0,244,0,0
B10_D1,371,0,193,0,0
B10_D1,469,0,92,0,0
G1_D1,666,0,33,0,0
G1_D1,36,0,143,0,0
G1_D1,690,0,71,0,0
G1_D1,457,0,484,0,0
B2_D1,687,0,274,0,0
B6_D1,798,0,483,0,0
G1_D1,541,0,33,0,0
B10_D1,258,0,349,0,0
G1_D1,904,0,82,0,0
B10_D1,634,0,368,0,0
B10_D1,245,0,143,0,0
B10_D1,642,0,256,0,0
B6_D1,269,0,268,0,0
G1_D1,906,0,13,0,0
B10_D1,872,0,38,0,0
G1_D1,73,0,353,0,0
B6_D1,30,0,506,0,0
B6_D1,5,0,67,0,0
B2_D1,666,0,89,0,0
B2_D1,144,0,134,0,0
B10_D1,158,0,228,0,0
B10_D1,750,0,450,0,0
B6_D1,830,0,494,0,0
G1_D1,357,0,447,0,0
B10_D1,888,0,25,0,0
G1_D1,761,0,210,0,0
B10_D1,939,0,111,0,0
B10_D1,637,0,45,0,0
G1_D1,148,0,206,0,0
B6_D1,156,0,20,0,0
B8_D1,91,0,137,0,0
B10_D1,433,0,18,0,0
B6_D1,119,0,480,0,0
B10_D1,714,0,264,0,0
B6_D1,932,0,60,0,0
B6_D1,854,0,350,0,0
B6_D1,268,0,1,0,0
B10_D1,134,0,61,0,0
B6_D1,755,0,265,0,0
B10_D1,295,0,416,0,0
B6_D1,417,0,223,0,0
G1_D1,1010,0,292,0,0
B10_D1,523,0,216,0,0
B6_D1,99,0,124,0,0
G1_D1,1021,0,151,0,0
B6_D1,794,0,508,0,0
B6_D1,765,0,230,0,0
B10_D1,223,0,173,0,0
B4_D1,961,0,126,0,0
B10_D1,952,0,279,0,0
B6_D1,215,0,161,0,0
B10_D1,689,0,201,0,0
B6_D1,203,0,76,0,0
B2_D1,84,0,33,0,0
B10_D1,663,0,448,0,0
B6_D1,136,0,366,0,0
B10_D1,761,0,93,0,0
G1_D1,784,0,263,0,0
B6_D1,512,0,8,0,0
B10_D1,235,0,203,0,0
G1_D1,522,0,511,0,0
B2_D1,491,0,368,0,0
B6_D1,308,0,167,0,0
G1_D1,10,0,247,0,0
B8_D1,189,0,194,0,0
B4_D1,19,0,133,0,0
B8_D1,78,0,230,0,0
B10_D1,756,0,510,0,0
B2_D1,566,0,482,0,0
B6_D1,225,0,149,0,0
B10_D1,863,0,235,0,0
B4_D1,775,0,298,0,0
B6_D1,968,0,308,0,0
B10_D1,595,0,12,0,0
B6_D1,882,0,108,0,0
B6_D1,400,0,474,0,0
B2_D1,453,0,169,0,0
B2_D1,186,0,478,0,0
B10_D1,937,0,251,0,0
B10_D1,648,0,412,0,0
B6_D1,71,0,438,0,0
B10_D1,167,0,171,0,0
B6_D1,992,0,45,0,0
B6_D1,382,0,277,0,0
G1_D1,919,0,79,0,0
B6_D1,514,0,273,0,0
B10_D1,183,0,3,0,0
G1_D1,32,0,1,0,0
B2_D1,525,0,366,0,0
B2_D1,575,0,159,0,0
G1_D1,898,0,60,0,0
B4_D1,86,0,400,0,0
B6_D1,55,0,411,0,0
B10_D1,798,0,168,0,0
B6_D1,710,0,440,0,0
B2_D1,367,0,174,0,0
B10_D1,126,0,287,0,0
B4_D1,912,0,320,0,0
G1_D1,39,0,111,0,0
B2_D1,225,0,45,0,0
B4_D1,743,0,87,0,0
B4_D1,1018,0,216,0,0
B10_D1,259,0,421,0,0
B4_D1,246,0,135,0,0
B10_D1,600,0,141,0,0
B6_D1,426,0,462,0,0
B4_D1,774,0,220,0,0
B10_D1,987,0,25,0,0
B6_D1,774,0,489,0,0
G1_D1,1002,0,366,0,0
B4_D1,273,0,244,0,0
B10_D1,832,0,186,0,0
B6_D1,148,0,144,0,0
G1_D1,64,0,159,0,0
B6_D1,918,0,498,0,0
G1_D1,23,0,195,0,0
B2_D1,467,0,488,0,0
G1_D1,537,0,4,0,0
B10_D1,774,0,235,0,0
G1_D1,987,0,53,0,0
B10_D1,345,0,35,0,0
G1_D1,1023,0,415,0,0
G1_D1,64,0,11,0,0
B6_D1,851,0,130,0,0
B10_D1,15,0,3,0,0
B6_D1,444,0,138,0,0
B6_D1,62,0,415,0,0
B6_D1,566,0,503,0,0
G1_D1,344,0,44,0,0
B10_D1,268,0,206,0,0
B6_D1,952,0,21,0,0
G1_D1,416,0,1,0,0
B6_D1,793,0,304,0,0
B10_D1,185,0,108,0,0
B4_D1,483,0,286,0,0
B4_D1,76,0,1,0,0
B6_D1,254,0,507,0,0
B6_D1,137,0,92,0,0
G1_D1,350,0,399,0,0
B6_D1,266,0,499,0,0
B6_D1,365,0,438,0,0
G1_D1,45,0,72,0,0
B6_D1,904,0,120,0,0
G1_D1,303,0,413,0,0
B10_D1,141,0,280,0,0
G1_D1,158,0,20,0,0
B2_D1,684,0,49,0,0
B10_D1,727,0,285,0,0
B2_D1,256,0,484,0,0
B10_D1,454,0,37,0,0
B6_D1,348,0,35,0,0
B10_D1,380,0,4,0,0
G1_D1,471,0,16,0,0
B6_D1,408,0,408,0,0
G1_D1,874,0,496,0,0
B6_D1,420,0,13,0,0
B10_D1,141,0,100,0,0
B8_D1,706,0,190,0,0
B10_D1,847,0,215,0,0
B10_D1,843,0,377,0,0
B6_D1,625,0,192,0,0
G1_D1,607,0,455,0,0
B6_D1,751,0,195,0,0
B10_D1,982,0,55,0,0
B6_D1,796,0,161,0,0
G1_D1,539,0,10,0,0
G1_D1,178,0,343,0,0
B2_D1,504,0,485,0,0
B6_D1,346,0,321,0,0
B10_D1,784,0,425,0,0
G1_D1,478,0,81,0,0
B6_D1,933,0,366,0,0
B10_D1,822,0,324,0,0
G1_D1,619,0,44,0,0
B10_D1,606,0,350,0,0
B6_D1,976,0,404,0,0
B6_D1,551,0,467,0,0
B6_D1,722,0,240,0,0
B6_D1,799,0,92,0,0
B10_D1,520,0,223,0,0
B2_D1,2,0,78,0,0
B6_D1,414,0,255,0,0
B2_D1,520,0,288,0,0
B10_D1,682,0,125,0,0
B10_D1,355,0,277,0,0
B6_D1,199,0,115,0,0
G1_D1,208,0,37,0,0
G1_D1,23,0,367,0,0
B4_D1,531,0,235,0,0
B10_D1,415,0,8,0,0
B6_D1,127,0,314,0,0
B4_D1,242,0,135,0,0
G1_D1,800,0,339,0,0
G1_D1,805,0,269,0,0
B6_D1,680,0,332,0,0
B2_D1,906,0,455,0,0
G1_D1,141,0,12,0,0
B6_D1,932,0,29,0,0
B2_D1,368,0,383,0,0
B6_D1,216,0,6,0,0
B10_D1,768,0,310,0,0
B4_D1,138,0,2,0,0
B10_D1,478,0,465,0,0
B4_D1,5,0,178,0,0
B6_D1,368,0,9,0,0
B10_D1,327,0,70,0,0
B10_D1,444,0,310,0,0
B6_D1,594,0,503,0,0
G1_D1,527,0,95,0,0
B6_D1,986,0,223,0,0
B4_D1,592,0,181,0,0
B6_D1,459,0,400,0,0
B8_D1,117,0,199,0,0
B6_D1,84,0,4,0,0
G1_D1,392,0,134,0,0
B10_D1,15,0,55,0,0
B2_D1,897,0,102,0,0
B6_D1,525,0,172,0,0
G1_D1,887,0,256,0,0
B6_D1,167,0,54,0,0
B4_D1,778,0,220,0,0
G1_D1,23,0,275,0,0
B10_D1,935,0,350,0,0
B6_D1,284,0,34,0,0
B10_D1,399,0,477,0,0
B10_D1,835,0,281,0,0
G1_D1,62,0,160,0,0
B2_D1,130,0,112,0,0
B10_D1,63,0,263,0,0
B6_D1,136,0,192,0,0
G1_D1,18,0,181,0,0
B8_D1,248,0,187,0,0
B10_D1,759,0,0,0,0
B6_D1,470,0,498,0,0
B10_D1,935,0,333,0,0
B2_D1,0,0,269,0,0
B10_D1,390,0,154,0,0
B6_D1,898,0,490,0,0
B6_D1,445,0,375,0,0
B6_D1,755,0,358,0,0
B6_D1,175,0,361,0,0
G1_D1,1003,0,243,0,0
B10_D1,171,0,363,0,0
B6_D1,922,0,119,0,0
B4_D1,966,0,99,0,0
G1_D1,177,0,164,0,0
B10_D1,606,0,503,0,0
B8_D1,276,0,325,0,0
B10_D1,4,0,379,0,0
B6_D1,248,0,151,0,0
B10_D1,535,0,100,0,0
B4_D1,662,0,274,0,0
B10_D1,35,0,84,0,0
B6_D1,941,0,58,0,0
B4_D1,594,0,209,0,0
B6_D1,889,0,142,0,0
B6_D1,281,0,280,0,0
B6_D1,302,0,490,0,0
B6_D1,966,0,397,0,0
B6_D1,556,0,363,0,0
B6_D1,580,0,166,0,0
B6_D1,79,0,446,0,0
B4_D1,868,0,93,0,0
B6_D1,528,0,171,0,0
B6_D1,80,0,313,0,0
B2_D1,678,0,145,0,0
B10_D1,110,0,132,0,0
G1_D1,346,0,184,0,0
B10_D1,67,0,22,0,0
B4_D1,490,0,247,0,0
G1_D1,153,0,196,0,0
B6_D1,899,0,164,0,0
B6_D1,995,0,284,0,0
B6_D1,792,0,5,0,0
B2_D1,900,0,110,0,0
B6_D1,586,0,266,0,0
B10_D1,335,0,24,0,0
B10_D1,136,0,133,0,0
B10_D1,472,0,310,0,0
B2_D1,811,0,281,0,0
B4_D1,86,0,86,0,0
B6_D1,5,0,110,0,0
B10_D1,491,0,144,0,0
B10_D1,897,0,308,0,0
G1_D1,983,0,74,0,0
B6_D1,810,0,52,0,0
B10_D1,962,0,69,0,0
G1_D1,1015,0,499,0,0
G1_D1,930,0,67,0,0
B6_D1,233,0,388,0,0
G1_D1,83,0,46,0,0
B4_D1,880,0,30,0,0
B6_D1,280,0,0,0,0
B2_D1,856,0,103,0,0
B6_D1,960,0,301,0,0
B10_D1,767,0,50,0,0
G1_D1,218,0,267,0,0
B10_D1,729,0,451,0,0
B10_D1,5,0,407,0,0
B10_D1,472,0,66,0,0
B6_D1,116,0,12,0,0
B10_D1,883,0,3,0,0
B2_D1,286,0,142,0,0
G1_D1,441,0,366,0,0
B10_D1,548,0,62,0,0
B6_D1,72,0,200,0,0
B6_D1,903,0,312,0,0
B2_D1,651,0,22,0,0
G1_D1,115,0,381,0,0
B6_D1,262,0,482,0,0
B6_D1,52,0,30,0,0
B6_D1,167,0,286,0,0
G1_D1,100,0,103,0,0
G1_D1,965,0,17,0,0
B10_D1,839,0,235,0,0
B6_D1,764,0,41,0,0
B4_D1,4,0,186,0,0
G1_D1,33,0,90,0,0
B10_D1,195,0,277,0,0
B10_D1,120,0,226,0,0
B8_D1,21,0,263,0,0
B6_D1,890,0,437,0,0
G1_D1,1006,0,260,0,0
B10_D1,19,0,163,0,0
B6_D1,673,0,413,0,0
B2_D1,77,0,60,0,0
B10_D1,625,0,84,0,0
G1_D1,651,0,10,0,0
B10_D1,739,0,85,0,0
B10_D1,1021,0,113,0,0
B10_D1,1022,0,87,0,0
B6_D1,832,0,384,0,0
G1_D1,487,0,15,0,0
G1_D1,355,0,418,0,0
B6_D1,52,0,31,0,0
B10_D1,457,0,31,0,0
B2_D1,760,0,201,0,0
B4_D1,148,0,92,0,0
B10_D1,94,0,310,0,0
G1_D1,222,0,149,0,0
B6_D1,1009,0,82,0,0
B10_D1,543,0,297,0,0
B6_D1,878,0,509,0,0
B8_D1,678,0,308,0,0
G1_D1,839,0,15,0,0
B6_D1,98,0,186,0,0
G1_D1,176,0,129,0,0
B6_D1,748,0,449,0,0
G1_D1,100,0,132,0,0
B10_D1,294,0,90,0,0
B6_D1,628,0,307,0,0
G1_D1,35,0,468,0,0
B6_D1,76,0,5,0,0
B10_D1,834,0,356,0,0
B6_D1,497,0,172,0,0
B4_D1,467,0,183,0,0
B10_D1,3,0,38,0,0
G1_D1,373,0,21,0,0
B6_D1,679,0,80,0,0
B6_D1,399,0,477,0,0
B6_D1,819,0,263,0,0
B2_D1,183,0,408,0,0
B10_D1,424,0,70,0,0
G1_D1,491,0,273,0,0
G1_D1,1014,0,272,0,0
B10_D1,139,0,353,0,0
B6_D1,735,0,201,0,0
B6_D1,580,0,432,0,0
B6_D1,584,0,345,0,0
B6_D1,388,0,11,0,0
B2_D1,999,0,217,0,0
B10_D1,359,0,178,0,0
B4_D1,2,0,403,0,0
B6_D1,862,0,486,0,0
B6_D1,428,0,348,0,0
B10_D1,676,0,412,0,0
G1_D1,732,0,314,0,0
B4_D1,747,0,321,0,0
G1_D1,331,0,14,0,0
G1_D1,179,0,507,0,0
B6_D1,442,0,284,0,0
B2_D1,340,0,291,0,0
B6_D1,215,0,240,0,0
B6_D1,648,0,23,0,0
G1_D1,261,0,66,0,0
B10_D1,791,0,218,0,0
B10_D1,756,0,166,0,0
B4_D1,57,0,305,0,0
B10_D1,427,0,131,0,0
B10_D1,341,0,93,0,0
B10_D1,184,0,343,0,0
G1_D1,159,0,179,0,0
G1_D1,369,0,173,0,0
B10_D1,374,0,441,0,0
B10_D1,27,0,162,0,0
B6_D1,89,0,476,0,0
B10_D1,130,0,261,0,0
G1_D1,29,0,271,0,0
B6_D1,706,0,509,0,0
B6_D1,248,0,196,0,0
B6_D1,560,0,30,0,0
B6_D1,316,0,138,0,0
G1_D1,25,0,177,0,0
B10_D1,58,0,169,0,0
G1_D1,1017,0,143,0,0
B6_D1,788,0,46,0,0
B6_D1,650,0,54,0,0
G1_D1,494,0,144,0,0
B10_D1,314,0,306,0,0
G1_D1,858,0,69,0,0
B6_D1,190,0,498,0,0
B10_D1,646,0,466,0,0
B6_D1,22,0,507,0,0
B6_D1,789,0,260,0,0
B6_D1,974,0,496,0,0
B6_D1,310,0,488,0,0
G1_D1,180,0,160,0,0
B6_D1,80,0,158,0,0
B6_D1,636,0,7,0,0
G1_D1,202,0,271,0,0
B6_D1,503,0,228,0,0
B10_D1,716,0,88,0,0
B10_D1,908,0,310,0,0
B6_D1,169,0,475,0,0
B10_D1,325,0,60,0,0
B6_D1,220,0,71,0,0
B10_D1,267,0,21,0,0
B10_D1,778,0,378,0,0
G1_D1,946,0,284,0,0
G1_D1,797,0,210,0,0
G1_D1,13,0,357,0,0
B6_D1,420,0,59,0,0
B10_D1,1,0,390,0,0
B4_D1,700,0,39,0,0
B2_D1,892,0,94,0,0
B10_D1,4,0,265,0,0
B6_D1,24,0,201,0,0
B2_D1,339,0,179,0,0
B6_D1,944,0,16,0,0
B4_D1,467,0,204,0,0
B10_D1,327,0,274,0,0
B10_D1,413,0,163,0,0
B6_D1,827,0,140,0,0
B10_D1,822,0,46,0,0
B10_D1,687,0,186,0,0
G1_D1,635,0,301,0,0
B6_D1,705,0,155,0,0
B2_D1,224,0,50,0,0
B10_D1,668,0,509,0,0
G1_D1,793,0,247,0,0
B6_D1,836,0,260,0,0
B6_D1,203,0,371,0,0
B6_D1,1010,0,499,0,0
G1_D1,992,0,1,0,0
B10_D1,392,0,9,0,0
B6_D1,509,0,161,0,0
B8_D1,727,0,194,0,0
G1_D1,67,0,284,0,0
B2_D1,145,0,4,0,0
B6_D1,298,0,497,0,0
B6_D1,925,0,459,0,0
B6_D1,24,0,282,0,0
B6_D1,522,0,493,0,0
B6_D1,936,0,22,0,0
B10_D1,632,0,412,0,0
B6_D1,584,0,32,0,0
B6_D1,41,0,128,0,0
B10_D1,394,0,121,0,0
B6_D1,338,0,414,0,0
B10_D1,563,0,279,0,0
B6_D1,870,0,310,0,0
G1_D1,545,0,469,0,0
B6_D1,955,0,218,0,0
B6_D1,269,0,362,0,0
B10_D1,917,0,384,0,0
B2_D1,513,0,487,0,0
G1_D1,74,0,5,0,0
G1_D1,902,0,263,0,0
B6_D1,267,0,163,0,0
B6_D1,435,0,377,0,0
G1_D1,680,0,160,0,0
B4_D1,312,0,293,0,0
B6_D1,850,0,510,0,0
B10_D1,563,0,505,0,0
B10_D1,395,0,502,0,0
G1_D1,814,0,13,0,0
B6_D1,15,0,399,0,0
B2_D1,740,0,14,0,0
B10_D1,970,0,85,0,0
G1_D1,1023,0,29,0,0
G1_D1,419,0,295,0,0
B6_D1,682,0,503,0,0
G1_D1,661,0,63,0,0
B6_D1,136,0,108,0,0
B10_D1,523,0,411,0,0
B6_D1,1013,0,139,0,0
B6_D1,676,0,4,0,0
B10_D1,521,0,73,0,0
B6_D1,953,0,54,0,0
B6_D1,541,0,159,0,0
B6_D1,244,0,86,0,0
B6_D1,945,0,366,0,0
B4_D1,260,0,299,0,0
B6_D1,668,0,6,0,0
B2_D1,662,0,69,0,0
B2_D1,509,0,486,0,0
B10_D1,802,0,378,0,0
B10_D1,309,0,21,0,0
B10_D1,473,0,243,0,0
B8_D1,562,0,217,0,0
B6_D1,224,0,176,0,0
G1_D1,711,0,51,0,0
G1_D1,416,0,87,0,0
B10_D1,785,0,245,0,0
B6_D1,242,0,499,0,0
G1_D1,1019,0,414,0,0
B6_D1,771,0,151,0,0
B6_D1,960,0,4,0,0
B6_D1,332,0,178,0,0
B6_D1,608,0,264,0,0
G1_D1,535,0,124,0,0
B6_D1,733,0,194,0,0
B6_D1,197,0,369,0,0
B10_D1,580,0,311,0,0
G1_D1,992,0,20,0,0
B10_D1,599,0,136,0,0
B4_D1,618,0,31,0,0
B6_D1,786,0,500,0,0
B10_D1,701,0,76,0,0
B2_D1,724,0,78,0,0
B6_D1,279,0,200,0,0
G1_D1,779,0,215,0,0
B6_D1,484,0,61,0,0
B10_D1,577,0,278,0,0
G1_D1,200,0,37,0,0
G1_D1,448,0,3,0,0
G1_D1,1012,0,89,0,0
B10_D1,418,0,71,0,0
B10_D1,851,0,215,0,0
B8_D1,282,0,323,0,0
B10_D1,733,0,248,0,0
B6_D1,937,0,91,0,0
G1_D1,1008,0,266,0,0
G1_D1,45,0,12,0,0
B2_D1,787,0,9,0,0
B10_D1,847,0,41,0,0
B2_D1,277,0,43,0,0
G1_D1,689,0,243,0,0
B4_D1,561,0,81,0,0
G1_D1,335,0,403,0,0
G1_D1,711,0,91,0,0
B10_D1,929,0,328,0,0
B2_D1,844,0,122,0,0
B2_D1,742,0,0,0,0
B10_D1,192,0,87,0,0
B4_D1,159,0,69,0,0
B10_D1,374,0,25,0,0
B6_D1,824,0,4,0,0
G1_D1,31,0,275,0,0
B10_D1,833,0,353,0,0
B10_D1,471,0,481,0,0
B10_D1,378,0,185,0,0
B2_D1,991,0,111,0,0
B10_D1,687,0,298,0,0
B4_D1,418,0,114,0,0
B10_D1,596,0,111,0,0
B10_D1,227,0,289,0,0
B6_D1,172,0,64,0,0
B10_D1,101,0,303,0,0
B10_D1,34,0,68,0,0
B6_D1,118,0,508,0,0
B6_D1,16,0,338,0,0
B10_D1,422,0,281,0,0
B10_D1,639,0,35,0,0
G1_D1,176,0,124,0,0
B2_D1,114,0,42,0,0
G1_D1,72,0,287,0,0
B6_D1,369,0,292,0,0
B6_D1,993,0,467,0,0
G1_D1,381,0,282,0,0
B6_D1,418,0,487,0,0
G1_D1,657,0,147,0,0
B2_D1,627,0,27,0,0
G1_D1,92,0,100,0,0
B10_D1,793,0,69,0,0
B6_D1,852,0,1,0,0
B10_D1,531,0,9,0,0
B6_D1,456,0,44,0,0
B8_D1,267,0,185,0,0
G1_D1,754,0,13,0,0
B10_D1,676,0,170,0,0
G1_D1,125,0,12,0,0
B2_D1,147,0,454,0,0
B4_D1,0,0,193,0,0
G1_D1,5,0,493,0,0
G1_D1,176,0,53,0,0
B6_D1,316,0,21,0,0
B2_D1,830,0,46,0,0
B10_D1,513,0,299,0,0
B4_D1,619,0,229,0,0
B10_D1,251,0,63,0,0
B6_D1,14,0,506,0,0
B6_D1,970,0,408,0,0
B6_D1,400,0,168,0,0
B6_D1,108,0,45,0,0
B4_D1,585,0,29,0,0
B6_D1,499,0,275,0,0
B6_D1,944,0,90,0,0
B6_D1,578,0,492,0,0
B10_D1,643,0,282,0,0
B6_D1,472,0,5,0,0
B6_D1,118,0,490,0,0
B4_D1,956,0,113,0,0
B6_D1,656,0,26,0,0
B10_D1,491,0,28,0,0
B4_D1,2,0,172,0,0
G1_D1,292,0,140,0,0
B6_D1,50,0,200,0,0
B2_D1,236,0,480,0,0
G1_D1,433,0,298,0,0
B4_D1,511,0,430,0,0
B6_D1,302,0,499,0,0
B10_D1,533,0,31,0,0
B4_D1,428,0,376,0,0
B10_D1,716,0,107,0,0
B6_D1,546,0,408,0,0
B10_D1,922,0,80,0,0
B6_D1,410,0,364,0,0
G1_D1,1016,0,494,0,0
B10_D1,6,0,361,0,0
B6_D1,586,0,502,0,0
B6_D1,296,0,2,0,0
B10_D1,286,0,337,0,0
G1_D1,137,0,416,0,0
B10_D1,388,0,231,0,0
B2_D1,682,0,511,0,0
B4_D1,782,0,267,0,0
B6_D1,683,0,199,0,0
G1_D1,370,0,39,0,0
G1_D1,793,0,82,0,0
G1_D1,1020,0,379,0,0
G1_D1,488,0,153,0,0
B4_D1,754,0,63,0,0
B2_D1,0,0,491,0,0
B6_D1,926,0,507,0,0
B6_D1,782,0,502,0,0
B6_D1,330,0,489,0,0
B10_D1,191,0,174,0,0
G1_D1,244,0,54,0,0
B6_D1,585,0,185,0,0
B10_D1,718,0,86,0,0
B10_D1,471,0,28,0,0
G1_D1,351,0,95,0,0
B6_D1,52,0,32,0,0
B2_D1,99,0,81,0,0
G1_D1,628,0,189,0,0
G1_D1,13,0,116,0,0
B6_D1,298,0,459,0,0
G1_D1,842,0,422,0,0
B6_D1,959,0,368,0,0
B6_D1,76,0,391,0,0
B2_D1,487,0,125,0,0
B4_D1,1011,0,213,0,0
B6_D1,430,0,502,0,0
B10_D1,556,0,84,0,0
B10_D1,692,0,396,0,0
B4_D1,429,0,405,0,0
B6_D1,957,0,165,0,0
B6_D1,177,0,362,0,0
B10_D1,645,0,475,0,0
B10_D1,232,0,393,0,0
B6_D1,12,0,42,0,0
B6_D1,436,0,111,0,0
B10_D1,986,0,27,0,0
B8_D1,638,0,179,0,0
B6_D1,884,0,145,0,0
B2_D1,755,0,86,0,0
G1_D1,995,0,45,0,0
B4_D1,421,0,387,0,0
B6_D1,604,0,11,0,0
G1_D1,517,0,12,0,0
B6_D1,498,0,505,0,0
B6_D1,523,0,189,0,0
B6_D1,865,0,192,0,0
B6_D1,105,0,373,0,0
B10_D1,678,0,267,0,0
G1_D1,234,0,18,0,0
B6_D1,489,0,456,0,0
B4_D1,652,0,44,0,0
B10_D1,579,0,501,0,0
B10_D1,777,0,97,0,0
G1_D1,982,0,109,0,0
B6_D1,682,0,189,0,0
B4_D1,8,0,417,0,0
B6_D1,907,0,138,0,0
B10_D1,4,0,279,0,0
B6_D1,130,0,102,0,0
B10_D1,1,0,432,0,0
B10_D1,934,0,114,0,0
G1_D1,906,0,311,0,0
B6_D1,854,0,506,0,0
B2_D1,721,0,497,0,0
B4_D1,196,0,19,0,0
B6_D1,909,0,304,0,0
B6_D1,505,0,297,0,0
B6_D1,906,0,396,0,0
B10_D1,230,0,307,0,0
G1_D1,103,0,301,0,0
B10_D1,493,0,281,0,0
B6_D1,221,0,464,0,0
B10_D1,341,0,100,0,0
B10_D1,394,0,483,0,0
G1_D1,360,0,208,0,0
B10_D1,88,0,26,0,0
B6_D1,9,0,481,0,0
B6_D1,12,0,236,0,0
B4_D1,496,0,246,0,0
B10_D1,554,0,301,0,0
B4_D1,665,0,273,0,0
B10_D1,188,0,240,0,0
B10_D1,191,0,52,0,0
B6_D1,538,0,486,0,0
B4_D1,753,0,15,0,0
B10_D1,379,0,174,0,0
B2_D1,632,0,507,0,0
B6_D1,721,0,70,0,0
G1_D1,432,0,126,0,0
B4_D1,928,0,12,0,0
B10_D1,646,0,459,0,0
G1_D1,711,0,273,0,0
B6_D1,404,0,5,0,0
B10_D1,469,0,487,0,0
B10_D1,73,0,310,0,0
B6_D1,560,0,21,0,0
B4_D1,223,0,352,0,0
B10_D1,134,0,268,0,0
B4_D1,5,0,500,0,0
B10_D1,418,0,146,0,0
B10_D1,955,0,272,0,0
B10_D1,426,0,127,0,0
B6_D1,648,0,243,0,0
B10_D1,324,0,80,0,0
G1_D1,24,0,179,0,0
G1_D1,151,0,254,0,0
B10_D1,122,0,497,0,0
B8_D1,631,0,305,0,0
B10_D1,227,0,46,0,0
B8_D1,1022,0,437,0,0
B8_D1,229,0,103,0,0
B6_D1,905,0,141,0,0
B6_D1,463,0,372,0,0
B6_D1,440,0,16,0,0
B10_D1,703,0,417,0,0
G1_D1,179,0,158,0,0
B10_D1,438,0,500,0,0
B6_D1,598,0,490,0,0
B10_D1,903,0,336,0,0
G1_D1,488,0,231,0,0
G1_D1,1006,0,43,0,0
B6_D1,47,0,408,0,0
B6_D1,70,0,448,0,0
B6_D1,868,0,24,0,0
G1_D1,174,0,113,0,0
B6_D1,706,0,348,0,0
G1_D1,894,0,263,0,0
B10_D1,795,0,98,0,0
B4_D1,46,0,297,0,0
G1_D1,800,0,273,0,0
B6_D1,116,0,82,0,0
B6_D1,384,0,42,0,0
B8_D1,159,0,339,0,0
B10_D1,556,0,287,0,0
B10_D1,669,0,413,0,0
B6_D1,760,0,373,0,0
G1_D1,997,0,12,0,0
G1_D1,77,0,8,0,0
B10_D1,173,0,167,0,0
B6_D1,652,0,166,0,0
B6_D1,12,0,37,0,0
B6_D1,329,0,240,0,0
G1_D1,39,0,182,0,0
B10_D1,933,0,115,0,0
B10_D1,168,0,249,0,0
B6_D1,1020,0,25,0,0
G1_D1,412,0,227,0,0
B10_D1,349,0,86,0,0
B2_D1,506,0,163,0,0
G1_D1,32,0,472,0,0
B6_D1,536,0,23,0,0
B4_D1,158,0,168,0,0
B10_D1,4,0,210,0,0
B4_D1,351,0,357,0,0
B6_D1,818,0,500,0,0
G1_D1,684,0,0,0,0
G1_D1,379,0,2,0,0
B10_D1,639,0,455,0,0
B2_D1,457,0,169,0,0
B10_D1,846,0,191,0,0
G1_D1,985,0,292,0,0
B6_D1,858,0,71,0,0
B10_D1,531,0,297,0,0
B2_D1,360,0,491,0,0
B4_D1,941,0,39,0,0
B6_D1,946,0,240,0,0
B6_D1,245,0,170,0,0
G1_D1,514,0,481,0,0
B6_D1,592,0,166,0,0
B10_D1,747,0,60,0,0
B6_D1,524,0,26,0,0
B6_D1,208,0,20,0,0
B6_D1,883,0,85,0,0
B6_D1,68,0,14,0,0
B10_D1,115,0,137,0,0
B6_D1,636,0,375,0,0
G1_D1,103,0,397,0,0
B6_D1,194,0,501,0,0
B10_D1,550,0,463,0,0
G1_D1,25,0,121,0,0
B10_D1,865,0,79,0,0
B6_D1,517,0,274,0,0
B10_D1,431,0,278,0,0
B2_D1,3,0,61,0,0
B10_D1,412,0,82,0,0
B10_D1,201,0,274,0,0
B10_D1,869,0,476,0,0
B6_D1,409,0,253,0,0
B10_D1,58,0,295,0,0
B10_D1,772,0,105,0,0
B6_D1,376,0,22,0,0
B10_D1,410,0,509,0,0
B6_D1,234,0,194,0,0
G1_D1,634,0,17,0,0
G1_D1,222,0,59,0,0
B10_D1,745,0,316,0,0
B6_D1,457,0,321,0,0
G1_D1,329,0,426,0,0
B2_D1,737,0,5,0,0
B6_D1,141,0,470,0,0
B10_D1,589,0,221,0,0
B10_D1,661,0,313,0,0
G1_D1,90,0,357,0,0
B10_D1,386,0,483,0,0
B10_D1,680,0,11,0,0
B6_D1,345,0,137,0,0
B10_D1,330,0,338,0,0
B10_D1,723,0,192,0,0
B6_D1,688,0,24,0,0
B6_D1,609,0,306,0,0
B6_D1,144,0,370,0,0
G1_D1,152,0,166,0,0
B6_D1,168,0,45,0,0
B10_D1,95,0,470,0,0
B6_D1,223,0,237,0,0
B6_D1,402,0,500,0,0
G1_D1,533,0,473,0,0
B10_D1,531,0,295,0,0
B10_D1,28,0,277,0,0
B10_D1,110,0,15,0,0
B6_D1,96,0,417,0,0
B10_D1,999,0,54,0,0
B10_D1,234,0,320,0,0
B2_D1,454,0,499,0,0
B4_D1,269,0,244,0,0
B8_D1,157,0,57,0,0
B6_D1,383,0,105,0,0
B2_D1,864,0,5,0,0
B2_D1,378,0,17,0,0
B6_D1,753,0,185,0,0
B6_D1,782,0,386,0,0
B6_D1,742,0,495,0,0
B4_D1,684,0,20,0,0
B4_D1,822,0,46,0,0
B10_D1,644,0,175,0,0
B4_D1,912,0,12,0,0
B6_D1,957,0,460,0,0
B6_D1,608,0,19,0,0
B6_D1,1012,0,12,0,0
B10_D1,767,0,454,0,0
G1_D1,574,0,120,0,0
B10_D1,590,0,256,0,0
G1_D1,115,0,419,0,0
B10_D1,550,0,209,0,0
G1_D1,531,0,109,0,0
B2_D1,505,0,39,0,0
B6_D1,859,0,116,0,0
B6_D1,1018,0,492,0,0
B10_D1,791,0,247,0,0
B6_D1,290,0,504,0,0
B4_D1,728,0,248,0,0
G1_D1,454,0,18,0,0
B10_D1,167,0,281,0,0
B6_D1,560,0,378,0,0
B6_D1,930,0,501,0,0
B10_D1,211,0,2,0,0
B6_D1,305,0,476,0,0
G1_D1,762,0,9,0,0
B10_D1,823,0,367,0,0
B10_D1,744,0,325,0,0
B2_D1,414,0,511,0,0
B6_D1,474,0,285,0,0
B6_D1,131,0,313,0,0
B10_D1,875,0,346,0,0
B8_D1,701,0,187,0,0
B10_D1,91,0,293,0,0
B10_D1,696,0,88,0,0
B10_D1,920,0,320,0,0
B10_D1,692,0,508,0,0
B10_D1,548,0,67,0,0
B6_D1,408,0,385,0,0
B6_D1,160,0,25,0,0
B6_D1,54,0,97,0,0
B10_D1,420,0,141,0,0
G1_D1,181,0,497,0,0
B2_D1,380,0,175,0,0
B10_D1,818,0,58,0,0
G1_D1,212,0,7,0,0
B10_D1,844,0,242,0,0
B4_D1,82,0,3,0,0
B4_D1,587,0,376,0,0
B6_D1,657,0,274,0,0
G1_D1,865,0,4,0,0
G1_D1,17,0,108,0,0
G1_D1,1007,0,256,0,0
G1_D1,326,0,34,0,0
B2_D1,125,0,0,0,0
B10_D1,717,0,111,0,0
B6_D1,881,0,218,0,0
B10_D1,409,0,499,0,0
G1_D1,308,0,7,0,0
G1_D1,444,0,49,0,0
B10_D1,507,0,94,0,0
B6_D1,356,0,23,0,0
B10_D1,539,0,113,0,0
B10_D1,686,0,177,0,0
B6_D1,446,0,483,0,0
B10_D1,501,0,477,0,0
B6_D1,338,0,499,0,0
B6_D1,861,0,51,0,0
B6_D1,278,0,172,0,0
B6_D1,306,0,53,0,0
B4_D1,758,0,23,0,0
G1_D1,516,0,103,0,0
B10_D1,372,0,18,0,0
B10_D1,618,0,193,0,0
B10_D1,505,0,58,0,0
B10_D1,27,0,2,0,0
G1_D1,150,0,203,0,0
B6_D1,636,0,56,0,0
B6_D1,24,0,33,0,0
B6_D1,676,0,410,0,0
B6_D1,1006,0,485,0,0
B6_D1,211,0,385,0,0
B6_D1,900,0,16,0,0
B4_D1,184,0,116,0,0
B6_D1,628,0,280,0,0
G1_D1,557,0,122,0,0
G1_D1,1006,0,164,0,0
B6_D1,246,0,126,0,0
B6_D1,220,0,14,0,0
B10_D1,234,0,307,0,0
G1_D1,245,0,4,0,0
G1_D1,226,0,23,0,0
B4_D1,202,0,193,0,0
B2_D1,5,0,46,0,0
G1_D1,942,0,260,0,0
B6_D1,189,0,369,0,0
G1_D1,425,0,237,0,0
G1_D1,910,0,17,0,0
B10_D1,1000,0,300,0,0
B6_D1,408,0,8,0,0
B4_D1,513,0,214,0,0
B6_D1,389,0,172,0,0
B6_D1,106,0,190,0,0
B10_D1,473,0,272,0,0
B6_D1,280,0,26,0,0
B6_D1,132,0,20,0,0
B10_D1,329,0,268,0,0
B6_D1,414,0,483,0,0
B10_D1,394,0,27,0,0
B6_D1,604,0,33,0,0
G1_D1,540,0,24,0,0
B10_D1,713,0,110,0,0
B10_D1,831,0,283,0,0
B6_D1,754,0,508,0,0
B6_D1,826,0,85,0,0
B6_D1,692,0,408,0,0
B10_D1,842,0,62,0,0
B10_D1,49,0,294,0,0
B10_D1,968,0,51,0,0
B4_D1,151,0,359,0,0
B6_D1,380,0,37,0,0
B10_D1,717,0,4,0,0
G1_D1,169,0,501,0,0
B10_D1,23,0,261,0,0
B4_D1,257,0,222,0,0
B10_D1,735,0,274,0,0
B4_D1,244,0,345,0,0
B4_D1,1009,0,215,0,0
B10_D1,390,0,230,0,0
B10_D1,150,0,90,0,0
G1_D1,740,0,18,0,0
G1_D1,424,0,108,0,0
B10_D1,153,0,36,0,0
B2_D1,990,0,101,0,0
G1_D1,1014,0,146,0,0
B4_D1,748,0,247,0,0
G1_D1,171,0,505,0,0
B6_D1,805,0,108,0,0
B6_D1,63,0,107,0,0
B4_D1,208,0,37,0,0
B10_D1,759,0,3,0,0
G1_D1,34,0,20,0,0
G1_D1,404,0,294,0,0
G1_D1,6,0,360,0,0
B6_D1,456,0,59,0,0
B6_D1,1000,0,2,0,0
B2_D1,180,0,130,0,0
B6_D1,332,0,179,0,0
B6_D1,612,0,344,0,0
B4_D1,713,0,65,0,0
B6_D1,671,0,186,0,0
G1_D1,597,0,187,0,0
B6_D1,282,0,492,0,0
B6_D1,146,0,279,0,0
B6_D1,342,0,338,0,0
B10_D1,571,0,279,0,0
G1_D1,534,0,13,0,0
B10_D1,64,0,183,0,0
B10_D1,524,0,221,0,0
B10_D1,366,0,43,0,0
B6_D1,444,0,3,0,0
B6_D1,714,0,503,0,0
B10_D1,871,0,3,0,0
B10_D1,11,0,162,0,0
B6_D1,94,0,202,0,0
B10_D1,114,0,183,0,0
B6_D1,470,0,416,0,0
B6_D1,479,0,457,0,0
B6_D1,588,0,22,0,0
B6_D1,528,0,245,0,0
B10_D1,3,0,261,0,0
B6_D1,502,0,493,0,0
B6_D1,332,0,9,0,0
G1_D1,993,0,123,0,0
G1_D1,661,0,244,0,0
B8_D1,131,0,217,0,0
B10_D1,858,0,289,0,0
B10_D1,823,0,279,0,0
B6_D1,544,0,13,0,0
B6_D1,910,0,494,0,0
G1_D1,875,0,70,0,0
B6_D1,994,0,458,0,0
B10_D1,371,0,155,0,0
B10_D1,663,0,238,0,0
B4_D1,462,0,47,0,0
B6_D1,507,0,407,0,0
B10_D1,598,0,212,0,0
G1_D1,1004,0,225,0,0
B2_D1,798,0,224,0,0
B6_D1,106,0,138,0,0
B6_D1,37,0,253,0,0
G1_D1,840,0,168,0,0
B10_D1,551,0,264,0,0
B4_D1,123,0,4,0,0
B6_D1,339,0,386,0,0
G1_D1,57,0,455,0,0
B4_D1,866,0,122,0,0
B10_D1,289,0,11,0,0
G1_D1,907,0,312,0,0
B10_D1,133,0,203,0,0
G1_D1,261,0,132,0,0
B10_D1,6,0,68,0,0
B6_D1,585,0,121,0,0
G1_D1,748,0,465,0,0
B6_D1,869,0,104,0,0
G1_D1,408,0,87,0,0
B2_D1,902,0,41,0,0
B6_D1,872,0,26,0,0
G1_D1,563,0,245,0,0
B4_D1,222,0,177,0,0
G1_D1,946,0,220,0,0
B8_D1,212,0,191,0,0
B10_D1,71,0,164,0,0
B6_D1,791,0,85,0,0
B6_D1,106,0,395,0,0
B10_D1,420,0,148,0,0
G1_D1,870,0,272,0,0
G1_D1,286,0,411,0,0
G1_D1,8,0,289,0,0
B10_D1,506,0,484,0,0
G1_D1,21,0,8,0,0
B10_D1,432,0,228,0,0
B6_D1,533,0,159,0,0
B10_D1,695,0,89,0,0
B6_D1,744,0,40,0,0
B6_D1,488,0,310,0,0
B6_D1,450,0,158,0,0
B2_D1,625,0,510,0,0
G1_D1,80,0,3,0,0
B6_D1,74,0,387,0,0
B6_D1,346,0,505,0,0
G1_D1,757,0,34,0,0
G1_D1,445,0,388,0,0
B6_D1,640,0,311,0,0
B6_D1,504,0,382,0,0
B6_D1,959,0,91,0,0
B6_D1,244,0,20,0,0
G1_D1,915,0,219,0,0
B6_D1,620,0,211,0,0
G1_D1,267,0,262,0,0
B6_D1,194,0,349,0,0
B6_D1,368,0,38,0,0
B10_D1,254,0,195,0,0
B6_D1,698,0,305,0,0
B6_D1,223,0,298,0,0
B4_D1,0,0,420,0,0
B6_D1,675,0,304,0,0
B6_D1,967,0,346,0,0
B6_D1,223,0,62,0,0
B2_D1,810,0,2,0,0
B6_D1,809,0,155,0,0
B6_D1,459,0,349,0,0
B6_D1,671,0,164,0,0
B2_D1,941,0,51,0,0
B4_D1,3,0,366,0,0
B6_D1,598,0,374,0,0
B6_D1,826,0,144,0,0
B6_D1,846,0,504,0,0
B4_D1,925,0,118,0,0
B6_D1,596,0,41,0,0
B6_D1,638,0,278,0,0
G1_D1,305,0,58,0,0
G1_D1,24,0,176,0,0
B10_D1,452,0,95,0,0
B6_D1,246,0,506,0,0
B2_D1,827,0,52,0,0
B4_D1,810,0,266,0,0
B10_D1,1,0,19,0,0
B6_D1,120,0,3,0,0
B6_D1,29,0,79,0,0
B6_D1,308,0,11,0,0
G1_D1,56,0,327,0,0
B10_D1,286,0,307,0,0
B6_D1,205,0,369,0,0
B6_D1,856,0,7,0,0
G1_D1,585,0,8,0,0
B6_D1,536,0,8,0,0
B6_D1,783,0,198,0,0
B2_D1,673,0,464,0,0
B10_D1,879,0,216,0,0
B2_D1,364,0,134,0,0
B6_D1,565,0,263,0,0
B6_D1,6,0,496,0,0
B2_D1,595,0,97,0,0
B6_D1,120,0,371,0,0
B10_D1,865,0,230,0,0
B6_D1,962,0,493,0,0
B10_D1,787,0,258,0,0
B6_D1,716,0,341,0,0
B2_D1,431,0,158,0,0
B6_D1,542,0,483,0,0
B10_D1,1004,0,52,0,0
B10_D1,619,0,110,0,0
B6_D1,516,0,43,0,0
B2_D1,818,0,13,0,0
B4_D1,1008,0,235,0,0
G1_D1,761,0,93,0,0
G1_D1,80,0,270,0,0
G1_D1,97,0,201,0,0
B10_D1,676,0,394,0,0
B10_D1,87,0,168,0,0
B10_D1,392,0,475,0,0
B10_D1,508,0,71,0,0
B2_D1,874,0,262,0,0
B2_D1,171,0,113,0,0
B4_D1,687,0,192,0,0
B4_D1,984,0,207,0,0
B10_D1,440,0,233,0,0
B10_D1,75,0,463,0,0
B6_D1,306,0,478,0,0
B6_D1,0,0,445,0,0
B4_D1,65,0,303,0,0
B6_D1,0,0,23,0,0
B4_D1,436,0,196,0,0
B6_D1,734,0,489,0,0
B10_D1,15,0,309,0,0
B6_D1,804,0,334,0,0
B6_D1,749,0,340,0,0
G1_D1,275,0,237,0,0
B4_D1,297,0,307,0,0
B10_D1,30,0,63,0,0
B2_D1,807,0,47,0,0
B4_D1,834,0,77,0,0
G1_D1,771,0,489,0,0
B10_D1,661,0,446,0,0
G1_D1,100,0,97,0,0
B4_D1,948,0,51,0,0
B4_D1,759,0,232,0,0
G1_D1,696,0,200,0,0
B6_D1,448,0,35,0,0
B10_D1,450,0,283,0,0
G1_D1,48,0,146,0,0
B10_D1,624,0,311,0,0
B6_D1,945,0,310,0,0
G1_D1,442,0,509,0,0
B6_D1,240,0,171,0,0
B6_D1,79,0,325,0,0
B10_D1,151,0,229,0,0
B6_D1,107,0,243,0,0
B2_D1,468,0,470,0,0
B6_D1,66,0,448,0,0
B6_D1,262,0,135,0,0
B10_D1,51,0,197,0,0
G1_D1,697,0,100,0,0
G1_D1,437,0,260,0,0
B10_D1,967,0,234,0,0
G1_D1,956,0,307,0,0
B10_D1,352,0,313,0,0
B6_D1,162,0,499,0,0
B4_D1,779,0,14,0,0
B6_D1,17,0,72,0,0
B6_D1,218,0,500,0,0
B6_D1,234,0,494,0,0
G1_D1,189,0,342,0,0
B6_D1,66,0,432,0,0
B6_D1,44,0,25,0,0
B6_D1,153,0,254,0,0
B6_D1,611,0,303,0,0
B6_D1,100,0,27,0,0
B10_D1,586,0,258,0,0
B6_D1,540,0,449,0,0
B6_D1,345,0,336,0,0
B10_D1,468,0,275,0,0
B6_D1,532,0,9,0,0
B10_D1,132,0,107,0,0
B6_D1,541,0,215,0,0
G1_D1,821,0,456,0,0
B10_D1,389,0,194,0,0
B6_D1,47,0,417,0,0
B10_D1,69,0,135,0,0
B10_D1,95,0,306,0,0
B6_D1,813,0,104,0,0
B10_D1,276,0,238,0,0
G1_D1,472,0,127,0,0
B10_D1,768,0,75,0,0
B6_D1,159,0,211,0,0
G1_D1,592,0,72,0,0
B6_D1,363,0,293,0,0
G1_D1,928,0,80,0,0
B10_D1,962,0,471,0,0
B6_D1,470,0,507,0,0
B6_D1,884,0,239,0,0
G1_D1,27,0,324,0,0
B10_D1,50,0,134,0,0
B6_D1,202,0,502,0,0
B6_D1,407,0,363,0,0
B10_D1,497,0,72,0,0
B6_D1,554,0,346,0,0
B6_D1,152,0,371,0,0
B6_D1,74,0,270,0,0
B6_D1,697,0,472,0,0
B10_D1,3,0,3,0,0
B10_D1,182,0,228,0,0
B6_D1,352,0,40,0,0
G1_D1,285,0,266,0,0
G1_D1,975,0,208,0,0
B6_D1,334,0,501,0,0
B6_D1,26,0,486,0,0
B4_D1,531,0,285,0,0
B6_D1,338,0,428,0,0
B10_D1,246,0,210,0,0
B6_D1,578,0,308,0,0
B10_D1,1022,0,144,0,0
B2_D1,753,0,52,0,0
B6_D1,282,0,499,0,0
B10_D1,61,0,199,0,0
G1_D1,429,0,8,0,0
B6_D1,668,0,469,0,0
B6_D1,229,0,238,0,0
G1_D1,228,0,70,0,0
B6_D1,518,0,508,0,0
G1_D1,955,0,157,0,0
B6_D1,244,0,1,0,0
B10_D1,432,0,240,0,0
G1_D1,534,0,256,0,0
G1_D1,41,0,121,0,0
B2_D1,726,0,272,0,0
B6_D1,264,0,15,0,0
B6_D1,590,0,179,0,0
B6_D1,829,0,130,0,0
B2_D1,485,0,38,0,0
G1_D1,13,0,368,0,0
G1_D1,1000,0,115,0,0
G1_D1,455,0,86,0,0
G1_D1,688,0,160,0,0
G1_D1,929,0,53,0,0
B6_D1,690,0,485,0,0
B10_D1,885,0,350,0,0
B6_D1,426,0,353,0,0
B6_D1,44,0,12,0,0
G1_D1,14,0,324,0,0
G1_D1,591,0,196,0,0
B10_D1,270,0,65,0,0
B10_D1,268,0,36,0,0
B8_D1,1004,0,301,0,0
B6_D1,47,0,480,0,0
B2_D1,806,0,79,0,0
B10_D1,863,0,194,0,0
G1_D1,878,0,261,0,0
B10_D1,283,0,174,0,0
G1_D1,58,0,106,0,0
B6_D1,105,0,359,0,0
B6_D1,314,0,376,0,0
B4_D1,3,0,394,0,0
B6_D1,973,0,170,0,0
G1_D1,749,0,69,0,0
G1_D1,249,0,168,0,0
B10_D1,13,0,11,0,0
B8_D1,625,0,304,0,0
B6_D1,820,0,97,0,0
B6_D1,53,0,430,0,0
G1_D1,83,0,312,0,0
B6_D1,900,0,34,0,0
B10_D1,544,0,38,0,0
B6_D1,911,0,465,0,0
G1_D1,364,0,42,0,0
G1_D1,76,0,454,0,0
B10_D1,429,0,456,0,0
G1_D1,983,0,296,0,0
B6_D1,830,0,483,0,0
B10_D1,699,0,474,0,0
B10_D1,92,0,199,0,0
B10_D1,579,0,485,0,0
G1_D1,977,0,288,0,0
G1_D1,667,0,24,0,0
B10_D1,770,0,370,0,0
B6_D1,962,0,489,0,0
B6_D1,390,0,487,0,0
B4_D1,795,0,39,0,0
B6_D1,628,0,193,0,0
G1_D1,789,0,246,0,0
B4_D1,192,0,271,0,0
B6_D1,692,0,424,0,0
B4_D1,707,0,197,0,0
B6_D1,22,0,237,0,0
B6_D1,222,0,503,0,0
B10_D1,963,0,64,0,0
B6_D1,131,0,307,0,0
G1_D1,420,0,145,0,0
B10_D1,641,0,313,0,0
B6_D1,541,0,402,0,0
B10_D1,678,0,171,0,0
B8_D1,315,0,315,0,0
G1_D1,684,0,135,0,0
B6_D1,698,0,267,0,0
B4_D1,661,0,109,0,0
B10_D1,317,0,7,0,0
B10_D1,644,0,37,0,0
B4_D1,331,0,315,0,0
B10_D1,836,0,54,0,0
B6_D1,142,0,83,0,0
B10_D1,839,0,384,0,0
B10_D1,926,0,14,0,0
B4_D1,729,0,15,0,0
B6_D1,781,0,260,0,0
G1_D1,316,0,217,0,0
B4_D1,511,0,77,0,0
B4_D1,439,0,288,0,0
B10_D1,166,0,381,0,0
G1_D1,383,0,435,0,0
G1_D1,716,0,328,0,0
G1_D1,118,0,20,0,0
B10_D1,143,0,200,0,0
B4_D1,516,0,229,0,0
G1_D1,28,0,130,0,0
B10_D1,743,0,119,0,0
B4_D1,386,0,122,0,0
B10_D1,256,0,238,0,0
B6_D1,972,0,254,0,0
G1_D1,8,0,207,0,0
G1_D1,577,0,49,0,0
B6_D1,314,0,500,0,0
B6_D1,45,0,69,0,0
B6_D1,662,0,348,0,0
B10_D1,734,0,125,0,0
B4_D1,447,0,417,0,0
B6_D1,588,0,183,0,0
B6_D1,945,0,112,0,0
G1_D1,918,0,106,0,0
B10_D1,572,0,65,0,0
B10_D1,113,0,186,0,0
B8_D1,715,0,313,0,0
G1_D1,318,0,41,0,0
B10_D1,671,0,42,0,0
B2_D1,135,0,128,0,0
G1_D1,1023,0,501,0,0
G1_D1,882,0,271,0,0
G1_D1,629,0,8,0,0
G1_D1,711,0,254,0,0
B6_D1,586,0,490,0,0
B6_D1,340,0,12,0,0
G1_D1,918,0,9,0,0
G1_D1,870,0,19,0,0
G1_D1,1020,0,403,0,0
B6_D1,999,0,415,0,0
B6_D1,244,0,11,0,0
G1_D1,316,0,481,0,0
G1_D1,247,0,363,0,0
B6_D1,677,0,343,0,0
B6_D1,324,0,14,0,0
B6_D1,625,0,209,0,0
B4_D1,879,0,16,0,0
B4_D1,9,0,326,0,0
B8_D1,906,0,302,0,0
B4_D1,119,0,4,0,0
B6_D1,555,0,181,0,0
G1_D1,32,0,477,0,0
B10_D1,430,0,491,0,0
B6_D1,498,0,367,0,0
B6_D1,812,0,15,0,0
B6_D1,266,0,503,0,0
B10_D1,544,0,290,0,0
B2_D1,408,0,289,0,0
B4_D1,716,0,39,0,0
B6_D1,768,0,465,0,0
B10_D1,141,0,7,0,0
B4_D1,111,0,58,0,0
B10_D1,955,0,277,0,0
B6_D1,688,0,37,0,0
B6_D1,545,0,311,0,0
B4_D1,117,0,341,0,0
B4_D1,654,0,303,0,0
B6_D1,440,0,282,0,0
B10_D1,563,0,8,0,0
B6_D1,410,0,508,0,0
B6_D1,284,0,48,0,0
G1_D1,338,0,439,0,0
G1_D1,263,0,67,0,0
B6_D1,781,0,155,0,0
B6_D1,623,0,366,0,0
B6_D1,624,0,268,0,0
B6_D1,20,0,308,0,0
G1_D1,42,0,103,0,0
B2_D1,824,0,21,0,0
B6_D1,706,0,508,0,0
B10_D1,15,0,509,0,0
B6_D1,775,0,199,0,0
G1_D1,933,0,26,0,0
B10_D1,886,0,340,0,0
B6_D1,624,0,40,0,0
B6_D1,942,0,491,0,0
B8_D1,198,0,347,0,0
B2_D1,987,0,63,0,0
B6_D1,877,0,237,0,0
B6_D1,352,0,29,0,0
G1_D1,786,0,390,0,0
B6_D1,20,0,14,0,0
B10_D1,123,0,12,0,0
G1_D1,472,0,11,0,0
B10_D1,1012,0,308,0,0
B2_D1,913,0,25,0,0
B6_D1,140,0,149,0,0
B10_D1,270,0,289,0,0
B2_D1,737,0,190,0,0
B6_D1,103,0,409,0,0
B2_D1,3,0,108,0,0
B4_D1,207,0,41,0,0
B8_D1,280,0,325,0,0
B2_D1,678,0,46,0,0
B10_D1,35,0,38,0,0
B2_D1,778,0,466,0,0
G1_D1,394,0,369,0,0
B6_D1,647,0,168,0,0
B6_D1,48,0,426,0,0
B6_D1,774,0,201,0,0
B6_D1,163,0,446,0,0
G1_D1,473,0,122,0,0
B10_D1,730,0,30,0,0
G1_D1,101,0,50,0,0
B10_D1,728,0,164,0,0
B6_D1,14,0,431,0,0
B10_D1,417,0,14,0,0
G1_D1,445,0,128,0,0
B2_D1,1023,0,291,0,0
G1_D1,344,0,94,0,0
B6_D1,67,0,425,0,0
B10_D1,5,0,243,0,0
G1_D1,212,0,25,0,0
B10_D1,615,0,232,0,0
B10_D1,54,0,117,0,0
B4_D1,811,0,123,0,0
B2_D1,776,0,132,0,0
B6_D1,130,0,479,0,0
B10_D1,411,0,265,0,0
B10_D1,975,0,255,0,0
B6_D1,502,0,62,0,0
B6_D1,254,0,487,0,0
B6_D1,866,0,391,0,0
B10_D1,832,0,188,0,0
B10_D1,519,0,219,0,0
B6_D1,127,0,327,0,0
B2_D1,2,0,228,0,0
B10_D1,599,0,246,0,0
B10_D1,329,0,36,0,0
B10_D1,803,0,8,0,0
B6_D1,300,0,152,0,0
G1_D1,707,0,473,0,0
B10_D1,530,0,291,0,0
B6_D1,979,0,293,0,0
B6_D1,61,0,267,0,0
B10_D1,661,0,142,0,0
B10_D1,751,0,245,0,0
B4_D1,509,0,118,0,0
B2_D1,459,0,501,0,0
B10_D1,554,0,148,0,0
B6_D1,575,0,167,0,0
B6_D1,974,0,500,0,0
G1_D1,833,0,50,0,0
B10_D1,117,0,114,0,0
B2_D1,490,0,163,0,0
B6_D1,839,0,328,0,0
B6_D1,803,0,92,0,0
B4_D1,600,0,361,0,0
B10_D1,182,0,15,0,0
B6_D1,14,0,509,0,0
B6_D1,690,0,203,0,0
B10_D1,592,0,338,0,0
G1_D1,897,0,112,0,0
B2_D1,307,0,38,0,0
B6_D1,658,0,279,0,0
B6_D1,671,0,268,0,0
G1_D1,320,0,414,0,0
B6_D1,599,0,426,0,0
G1_D1,239,0,492,0,0
G1_D1,635,0,51,0,0
B6_D1,763,0,210,0,0
G1_D1,971,0,159,0,0
B6_D1,452,0,67,0,0
B10_D1,616,0,5,0,0
G1_D1,760,0,301,0,0
B2_D1,590,0,511,0,0
B2_D1,738,0,76,0,0
B8_D1,21,0,319,0,0
B6_D1,677,0,413,0,0
B10_D1,546,0,148,0,0
B10_D1,539,0,411,0,0
B6_D1,884,0,51,0,0
B6_D1,505,0,242,0,0
B4_D1,93,0,133,0,0
B10_D1,368,0,6,0,0
B2_D1,319,0,54,0,0
B4_D1,938,0,249,0,0
B10_D1,599,0,43,0,0
G1_D1,794,0,201,0,0
B6_D1,815,0,271,0,0
B2_D1,995,0,286,0,0
G1_D1,240,0,54,0,0
B10_D1,694,0,505,0,0
B10_D1,873,0,42,0,0
B4_D1,516,0,236,0,0
G1_D1,233,0,366,0,0
G1_D1,155,0,104,0,0
G1_D1,726,0,464,0,0
B10_D1,968,0,38,0,0
B6_D1,691,0,434,0,0
B10_D1,85,0,323,0,0
B6_D1,446,0,109,0,0
B10_D1,460,0,230,0,0
B10_D1,203,0,80,0,0
B6_D1,486,0,505,0,0
B6_D1,186,0,501,0,0
B10_D1,257,0,33,0,0
B4_D1,734,0,102,0,0
G1_D1,1004,0,274,0,0
B6_D1,858,0,511,0,0
B10_D1,684,0,297,0,0
B10_D1,343,0,179,0,0
B4_D1,866,0,35,0,0
B6_D1,526,0,268,0,0
B6_D1,833,0,271,0,0
B10_D1,710,0,310,0,0
B6_D1,993,0,262,0,0
B10_D1,701,0,37,0,0
B6_D1,810,0,127,0,0
B6_D1,99,0,389,0,0
G1_D1,879,0,213,0,0
G1_D1,871,0,258,0,0
G1_D1,743,0,196,0,0
B6_D1,363,0,102,0,0
B6_D1,861,0,326,0,0
B10_D1,309,0,58,0,0
B6_D1,25,0,378,0,0
B4_D1,7,0,198,0,0
G1_D1,879,0,14,0,0
G1_D1,301,0,484,0,0
B10_D1,699,0,122,0,0
B6_D1,755,0,451,0,0
B10_D1,162,0,508,0,0
B6_D1,112,0,466,0,0
G1_D1,903,0,132,0,0
B6_D1,308,0,13,0,0
B4_D1,859,0,38,0,0
B6_D1,736,0,191,0,0
B4_D1,651,0,41,0,0
G1_D1,995,0,264,0,0
B10_D1,223,0,319,0,0
G1_D1,156,0,310,0,0
G1_D1,976,0,11,0,0
B8_D1,6,0,275,0,0
G1_D1,855,0,312,0,0
B10_D1,679,0,392,0,0
B6_D1,980,0,39,0,0
B10_D1,352,0,310,0,0
B6_D1,68,0,4,0,0
B2_D1,798,0,29,0,0
G1_D1,810,0,305,0,0
G1_D1,260,0,307,0,0
B6_D1,871,0,363,0,0
B6_D1,773,0,268,0,0
G1_D1,610,0,142,0,0
G1_D1,990,0,138,0,0
B10_D1,560,0,295,0,0
B6_D1,289,0,375,0,0
B10_D1,167,0,217,0,0
G1_D1,751,0,83,0,0
B6_D1,12,0,408,0,0
B10_D1,665,0,413,0,0
B10_D1,713,0,434,0,0
G1_D1,623,0,198,0,0
B2_D1,941,0,29,0,0
B10_D1,167,0,45,0,0
G1_D1,506,0,135,0,0
B10_D1,203,0,239,0,0
B10_D1,845,0,335,0,0
B6_D1,36,0,32,0,0
G1_D1,400,0,87,0,0
G1_D1,911,0,246,0,0
B10_D1,622,0,261,0,0
B10_D1,793,0,447,0,0
B10_D1,254,0,207,0,0
B6_D1,648,0,375,0,0
B2_D1,820,0,49,0,0
B6_D1,373,0,283,0,0
B10_D1,954,0,37,0,0
B4_D1,0,0,508,0,0
B4_D1,124,0,65,0,0
B6_D1,280,0,58,0,0
B6_D1,746,0,505,0,0
G1_D1,407,0,14,0,0
B6_D1,435,0,274,0,0
G1_D1,55,0,45,0,0
B10_D1,347,0,502,0,0
G1_D1,55,0,15,0,0
B2_D1,892,0,35,0,0
B6_D1,368,0,24,0,0
B10_D1,558,0,409,0,0
G1_D1,468,0,127,0,0
B10_D1,469,0,77,0,0
B10_D1,570,0,123,0,0
B6_D1,559,0,361,0,0
B4_D1,269,0,236,0,0
B10_D1,936,0,358,0,0
G1_D1,73,0,279,0,0
B10_D1,914,0,74,0,0
B6_D1,338,0,262,0,0
B10_D1,605,0,296,0,0
B6_D1,427,0,191,0,0
B10_D1,691,0,49,0,0
B6_D1,70,0,394,0,0
B10_D1,969,0,478,0,0
B6_D1,696,0,407,0,0
G1_D1,204,0,41,0,0
B6_D1,220,0,42,0,0
B6_D1,92,0,3,0,0
G1_D1,349,0,397,0,0
B6_D1,924,0,7,0,0
B6_D1,884,0,44,0,0
B4_D1,683,0,251,0,0
B10_D1,826,0,313,0,0
B6_D1,990,0,315,0,0
B4_D1,71,0,124,0,0
B6_D1,475,0,305,0,0
B4_D1,187,0,414,0,0
B6_D1,74,0,160,0,0
B10_D1,164,0,215,0,0
B10_D1,64,0,275,0,0
B6_D1,342,0,79,0,0
B10_D1,662,0,114,0,0
G1_D1,151,0,33,0,0
G1_D1,1019,0,256,0,0
G1_D1,431,0,118,0,0
B6_D1,783,0,119,0,0
B10_D1,15,0,332,0,0
B10_D1,452,0,238,0,0
B2_D1,286,0,44,0,0
B10_D1,930,0,371,0,0
G1_D1,1001,0,153,0,0
B6_D1,600,0,34,0,0
B10_D1,337,0,60,0,0
B2_D1,0,0,0,0,0
B10_D1,504,0,475,0,0
B10_D1,697,0,77,0,0
G1_D1,824,0,256,0,0
G1_D1,983,0,45,0,0
B6_D1,986,0,503,0,0
B10_D1,211,0,58,0,0
B10_D1,29,0,270,0,0
B6_D1,320,0,26,0,0
B2_D1,910,0,448,0,0
B4_D1,239,0,277,0,0
B10_D1,744,0,314,0,0
B10_D1,108,0,457,0,0
B2_D1,908,0,133,0,0
B10_D1,156,0,48,0,0
B8_D1,678,0,183,0,0
G1_D1,127,0,10,0,0
B4_D1,759,0,283,0,0
B8_D1,736,0,315,0,0
B2_D1,992,0,40,0,0
B10_D1,931,0,292,0,0
B10_D1,1020,0,124,0,0
B10_D1,124,0,285,0,0
B4_D1,262,0,257,0,0
B6_D1,355,0,324,0,0
B4_D1,166,0,361,0,0
B10_D1,942,0,288,0,0
B6_D1,452,0,26,0,0
B10_D1,478,0,109,0,0
B4_D1,155,0,167,0,0
B6_D1,141,0,143,0,0
B10_D1,446,0,289,0,0
G1_D1,258,0,292,0,0
G1_D1,741,0,76,0,0
B6_D1,512,0,429,0,0
B10_D1,181,0,68,0,0
G1_D1,457,0,8,0,0
B6_D1,798,0,350,0,0
G1_D1,773,0,243,0,0
B4_D1,811,0,268,0,0
G1_D1,738,0,99,0,0
B10_D1,594,0,143,0,0
B6_D1,720,0,372,0,0
B10_D1,885,0,4,0,0
B6_D1,578,0,336,0,0
B10_D1,48,0,119,0,0
B6_D1,644,0,7,0,0
B6_D1,709,0,398,0,0
B6_D1,544,0,385,0,0
B6_D1,129,0,223,0,0
G1_D1,89,0,200,0,0
G1_D1,289,0,19,0,0
B10_D1,611,0,136,0,0
B10_D1,424,0,377,0,0
B6_D1,561,0,290,0,0
B4_D1,1,0,311,0,0
B6_D1,418,0,510,0,0
G1_D1,637,0,303,0,0
B10_D1,437,0,241,0,0
B2_D1,520,0,161,0,0
B10_D1,129,0,123,0,0
G1_D1,12,0,258,0,0
B6_D1,863,0,336,0,0
B6_D1,457,0,432,0,0
B10_D1,4,0,74,0,0
G1_D1,800,0,0,0,0
B8_D1,1022,0,105,0,0
B10_D1,516,0,92,0,0
G1_D1,497,0,486,0,0
B10_D1,514,0,98,0,0
G1_D1,261,0,133,0,0
B10_D1,413,0,479,0,0
B10_D1,392,0,275,0,0
B10_D1,288,0,100,0,0
G1_D1,813,0,269,0,0
B10_D1,795,0,416,0,0
B6_D1,594,0,492,0,0
B6_D1,342,0,371,0,0
B6_D1,710,0,392,0,0
B4_D1,827,0,45,0,0
B10_D1,637,0,260,0,0
B8_D1,317,0,312,0,0
B10_D1,766,0,311,0,0
B2_D1,445,0,40,0,0
B6_D1,648,0,41,0,0
B10_D1,122,0,138,0,0
B6_D1,676,0,110,0,0
G1_D1,8,0,169,0,0
G1_D1,19,0,160,0,0
G1_D1,555,0,15,0,0
B6_D1,483,0,62,0,0
B6_D1,746,0,488,0,0
B10_D1,408,0,124,0,0
B10_D1,824,0,26,0,0
B4_D1,922,0,259,0,0
G1_D1,812,0,268,0,0
G1_D1,134,0,266,0,0
B10_D1,688,0,136,0,0
B4_D1,211,0,41,0,0
B4_D1,104,0,19,0,0
B6_D1,137,0,211,0,0
G1_D1,762,0,66,0,0
B6_D1,574,0,493,0,0
B10_D1,827,0,424,0,0
B6_D1,403,0,481,0,0
B10_D1,92,0,85,0,0
G1_D1,190,0,5,0,0
B6_D1,479,0,477,0,0
B4_D1,425,0,416,0,0
B6_D1,987,0,446,0,0
B6_D1,919,0,368,0,0
B4_D1,798,0,273,0,0
B6_D1,472,0,44,0,0
B4_D1,156,0,199,0,0
B4_D1,578,0,389,0,0
B6_D1,612,0,166,0,0
B6_D1,72,0,271,0,0
G1_D1,644,0,473,0,0
G1_D1,1009,0,270,0,0
B6_D1,708,0,6,0,0
B4_D1,490,0,284,0,0
B4_D1,555,0,81,0,0
B10_D1,104,0,85,0,0
B2_D1,634,0,479,0,0
G1_D1,751,0,58,0,0
B6_D1,305,0,382,0,0
G1_D1,264,0,160,0,0
B6_D1,340,0,42,0,0
B6_D1,138,0,498,0,0
G1_D1,25,0,12,0,0
B10_D1,175,0,112,0,0
B10_D1,856,0,232,0,0
B10_D1,148,0,204,0,0
G1_D1,893,0,262,0,0
G1_D1,392,0,35,0,0
B6_D1,404,0,9,0,0
B6_D1,540,0,316,0,0
B10_D1,597,0,486,0,0
B6_D1,492,0,171,0,0
B10_D1,954,0,268,0,0
B6_D1,68,0,131,0,0
B6_D1,632,0,48,0,0
B6_D1,2,0,215,0,0
G1_D1,840,0,18,0,0
B10_D1,353,0,272,0,0
B10_D1,49,0,279,0,0
B6_D1,942,0,505,0,0
B6_D1,925,0,266,0,0
B6_D1,486,0,391,0,0
B6_D1,222,0,372,0,0
B10_D1,151,0,271,0,0
B6_D1,468,0,272,0,0
G1_D1,37,0,263,0,0
B6_D1,862,0,112,0,0
B2_D1,84,0,72,0,0
B2_D1,304,0,498,0,0
G1_D1,725,0,471,0,0
B10_D1,871,0,55,0,0
B4_D1,31,0,32,0,0
B4_D1,115,0,47,0,0
B10_D1,927,0,435,0,0
B6_D1,465,0,407,0,0
G1_D1,248,0,70,0,0
B10_D1,319,0,81,0,0
B4_D1,899,0,83,0,0
B6_D1,159,0,400,0,0
B10_D1,488,0,117,0,0
B6_D1,215,0,49,0,0
B10_D1,321,0,193,0,0
G1_D1,509,0,58,0,0
G1_D1,992,0,77,0,0
B10_D1,122,0,406,0,0
B6_D1,754,0,313,0,0
G1_D1,536,0,148,0,0
G1_D1,174,0,171,0,0
B6_D1,828,0,17,0,0
B6_D1,974,0,184,0,0
B10_D1,976,0,509,0,0
B6_D1,475,0,331,0,0
B4_D1,941,0,31,0,0
B10_D1,398,0,338,0,0
B10_D1,512,0,32,0,0
B6_D1,500,0,21,0,0
B10_D1,102,0,486,0,0
B6_D1,21,0,293,0,0
B6_D1,59,0,418,0,0
B10_D1,787,0,332,0,0
B6_D1,742,0,482,0,0
B6_D1,646,0,54,0,0
B6_D1,259,0,241,0,0
B8_D1,925,0,301,0,0
G1_D1,367,0,413,0,0
B10_D1,758,0,353,0,0
B6_D1,844,0,41,0,0
B10_D1,426,0,289,0,0
B6_D1,913,0,441,0,0
B4_D1,683,0,279,0,0
B6_D1,261,0,339,0,0
B6_D1,940,0,26,0,0
B6_D1,729,0,192,0,0
B6_D1,246,0,484,0,0
G1_D1,86,0,23,0,0
B4_D1,71,0,2,0,0
B6_D1,150,0,488,0,0
B6_D1,947,0,471,0,0
B6_D1,427,0,235,0,0
B10_D1,47,0,400,0,0
B10_D1,259,0,302,0,0
G1_D1,30,0,137,0,0
B6_D1,606,0,510,0,0
G1_D1,41,0,84,0,0
G1_D1,1012,0,3,0,0
B10_D1,17,0,405,0,0
B6_D1,774,0,483,0,0
B6_D1,124,0,34,0,0
B6_D1,302,0,487,0,0
B10_D1,938,0,336,0,0
G1_D1,311,0,15,0,0
B6_D1,8,0,17,0,0
B10_D1,346,0,175,0,0
G1_D1,1017,0,241,0,0
G1_D1,150,0,187,0,0
B4_D1,787,0,264,0,0
G1_D1,227,0,36,0,0
B10_D1,837,0,102,0,0
B10_D1,689,0,61,0,0
B6_D1,950,0,349,0,0
B4_D1,333,0,332,0,0
B10_D1,917,0,325,0,0
G1_D1,755,0,335,0,0
B10_D1,677,0,94,0,0
B10_D1,154,0,225,0,0
B10_D1,727,0,315,0,0
B6_D1,209,0,79,0,0
B10_D1,499,0,298,0,0
B6_D1,36,0,57,0,0
B6_D1,800,0,42,0,0
B6_D1,418,0,122,0,0
B4_D1,161,0,2,0,0
B10_D1,437,0,14,0,0
B10_D1,612,0,294,0,0
B10_D1,357,0,242,0,0
B10_D1,482,0,422,0,0
B4_D1,466,0,374,0,0
B4_D1,321,0,297,0,0
G1_D1,722,0,41,0,0
B4_D1,899,0,139,0,0
B10_D1,812,0,175,0,0
B6_D1,55,0,127,0,0
B10_D1,586,0,197,0,0
B10_D1,312,0,266,0,0
B6_D1,521,0,352,0,0
G1_D1,309,0,8,0,0
B10_D1,812,0,91,0,0
B10_D1,891,0,98,0,0
B6_D1,260,0,254,0,0
G1_D1,590,0,195,0,0
B6_D1,566,0,266,0,0
B10_D1,874,0,302,0,0
B6_D1,682,0,415,0,0
B4_D1,766,0,278,0,0
B4_D1,874,0,28,0,0
B10_D1,9,0,109,0,0
G1_D1,924,0,261,0,0
G1_D1,626,0,165,0,0
B6_D1,332,0,92,0,0
B10_D1,775,0,32,0,0
B6_D1,518,0,395,0,0
B6_D1,153,0,476,0,0
B10_D1,652,0,382,0,0
B2_D1,205,0,241,0,0
B6_D1,41,0,80,0,0
B6_D1,910,0,505,0,0
B10_D1,400,0,70,0,0
G1_D1,764,0,155,0,0
B10_D1,199,0,20,0,0
B6_D1,630,0,446,0,0
B4_D1,219,0,42,0,0
B10_D1,1010,0,203,0,0
B4_D1,122,0,32,0,0
G1_D1,918,0,273,0,0
B6_D1,335,0,349,0,0
B8_D1,395,0,194,0,0
B6_D1,934,0,461,0,0
B6_D1,827,0,364,0,0
B6_D1,393,0,50,0,0
B6_D1,873,0,381,0,0
B6_D1,562,0,507,0,0
B10_D1,86,0,195,0,0
B10_D1,89,0,399,0,0
B6_D1,736,0,339,0,0
B6_D1,24,0,27,0,0
B10_D1,314,0,47,0,0
B6_D1,121,0,92,0,0
G1_D1,212,0,272,0,0
B6_D1,338,0,506,0,0
B6_D1,666,0,482,0,0
G1_D1,300,0,7,0,0
B10_D1,736,0,6,0,0
B10_D1,417,0,21,0,0
G1_D1,238,0,117,0,0
G1_D1,478,0,79,0,0
G1_D1,288,0,31,0,0
B6_D1,1016,0,4,0,0
B6_D1,127,0,101,0,0
B10_D1,50,0,169,0,0
B10_D1,885,0,399,0,0
B10_D1,951,0,42,0,0
B10_D1,43,0,45,0,0
B6_D1,552,0,2,0,0
G1_D1,867,0,293,0,0
B2_D1,935,0,114,0,0
B6_D1,810,0,455,0,0
B2_D1,617,0,28,0,0
G1_D1,8,0,286,0,0
B6_D1,534,0,506,0,0
B6_D1,784,0,102,0,0
B10_D1,795,0,489,0,0
G1_D1,128,0,26,0,0
B6_D1,82,0,503,0,0
G1_D1,27,0,10,0,0
B10_D1,622,0,182,0,0
B2_D1,639,0,47,0,0
B10_D1,576,0,6,0,0
B6_D1,644,0,436,0,0
B6_D1,495,0,184,0,0
B10_D1,118,0,417,0,0
B6_D1,186,0,489,0,0
B6_D1,354,0,507,0,0
B6_D1,424,0,27,0,0
G1_D1,423,0,25,0,0
G1_D1,1001,0,258,0,0
G1_D1,479,0,6,0,0
B6_D1,108,0,249,0,0
B10_D1,702,0,443,0,0
B2_D1,246,0,297,0,0
B2_D1,175,0,475,0,0
B6_D1,958,0,119,0,0
B6_D1,421,0,220,0,0
G1_D1,119,0,284,0,0
B6_D1,300,0,40,0,0
B4_D1,794,0,250,0,0
B6_D1,514,0,490,0,0
B10_D1,399,0,204,0,0
B4_D1,841,0,99,0,0
B6_D1,945,0,93,0,0
B6_D1,150,0,339,0,0
B10_D1,520,0,5,0,0
B4_D1,679,0,104,0,0
B6_D1,166,0,484,0,0
G1_D1,71,0,171,0,0
B6_D1,655,0,373,0,0
B10_D1,452,0,63,0,0
G1_D1,827,0,214,0,0
B6_D1,983,0,140,0,0
B10_D1,652,0,89,0,0
G1_D1,141,0,412,0,0
B6_D1,925,0,91,0,0
B6_D1,948,0,90,0,0
B8_D1,932,0,303,0,0
B6_D1,853,0,199,0,0
B10_D1,86,0,30,0,0
B10_D1,254,0,161,0,0
B4_D1,254,0,136,0,0
B6_D1,0,0,136,0,0
B4_D1,664,0,238,0,0
B10_D1,569,0,20,0,0
B10_D1,268,0,270,0,0
B2_D1,293,0,488,0,0
B6_D1,652,0,24,0,0
G1_D1,728,0,134,0,0
B6_D1,390,0,353,0,0
B6_D1,375,0,477,0,0
B2_D1,266,0,486,0,0
B10_D1,851,0,350,0,0
B10_D1,476,0,49,0,0
B10_D1,278,0,301,0,0
B10_D1,532,0,65,0,0
B6_D1,890,0,486,0,0
B10_D1,883,0,237,0,0
B10_D1,416,0,112,0,0
B6_D1,296,0,36,0,0
B8_D1,170,0,199,0,0
B6_D1,684,0,6,0,0
G1_D1,49,0,298,0,0
B6_D1,620,0,20,0,0
G1_D1,763,0,209,0,0
B4_D1,508,0,209,0,0
B10_D1,242,0,113,0,0
G1_D1,973,0,86,0,0
B6_D1,936,0,44,0,0
B6_D1,124,0,196,0,0
B10_D1,576,0,270,0,0
B6_D1,680,0,17,0,0
B6_D1,83,0,179,0,0
B6_D1,217,0,369,0,0
G1_D1,543,0,14,0,0
B10_D1,30,0,13,0,0
B2_D1,496,0,126,0,0
G1_D1,871,0,206,0,0
B10_D1,460,0,84,0,0
B10_D1,429,0,337,0,0
B4_D1,542,0,204,0,0
B6_D1,409,0,54,0,0
G1_D1,44,0,143,0,0
B6_D1,204,0,12,0,0
G1_D1,291,0,180,0,0
B10_D1,707,0,59,0,0
B6_D1,947,0,116,0,0
B6_D1,472,0,385,0,0
B2_D1,773,0,52,0,0
B6_D1,993,0,339,0,0
B6_D1,830,0,369,0,0
B10_D1,108,0,283,0,0
B10_D1,145,0,51,0,0
B10_D1,26,0,286,0,0
B6_D1,195,0,345,0,0
B2_D1,424,0,209,0,0
G1_D1,828,0,423,0,0
B10_D1,420,0,501,0,0
G1_D1,228,0,41,0,0
B2_D1,909,0,422,0,0
G1_D1,521,0,8,0,0
G1_D1,348,0,173,0,0
B10_D1,11,0,271,0,0
B4_D1,137,0,306,0,0
B6_D1,805,0,381,0,0
B10_D1,184,0,22,0,0
B2_D1,242,0,397,0,0
B6_D1,958,0,408,0,0
B6_D1,616,0,33,0,0
B6_D1,272,0,22,0,0
B6_D1,894,0,506,0,0
B6_D1,901,0,104,0,0
B10_D1,868,0,86,0,0
B10_D1,20,0,190,0,0
B6_D1,241,0,383,0,0
B6_D1,63,0,163,0,0
G1_D1,265,0,19,0,0
B8_D1,591,0,185,0,0
B2_D1,594,0,362,0,0
B6_D1,280,0,275,0,0
G1_D1,359,0,14,0,0
B6_D1,12,0,4,0,0
B6_D1,449,0,431,0,0
B2_D1,183,0,92,0,0
B6_D1,906,0,340,0,0
B6_D1,949,0,328,0,0
G1_D1,977,0,207,0,0
B2_D1,932,0,66,0,0
G1_D1,918,0,252,0,0
B6_D1,980,0,40,0,0
B6_D1,12,0,428,0,0
B10_D1,698,0,250,0,0
B6_D1,578,0,499,0,0
B8_D1,618,0,229,0,0
B6_D1,734,0,493,0,0
B6_D1,893,0,100,0,0
B6_D1,864,0,45,0,0
B6_D1,656,0,273,0,0
B10_D1,116,0,194,0,0
B6_D1,995,0,337,0,0
G1_D1,198,0,184,0,0
B10_D1,446,0,409,0,0
B6_D1,846,0,236,0,0
B6_D1,936,0,365,0,0
B10_D1,548,0,414,0,0
B6_D1,510,0,328,0,0
B10_D1,840,0,91,0,0
B10_D1,904,0,311,0,0
B10_D1,520,0,218,0,0
G1_D1,558,0,244,0,0
B6_D1,988,0,447,0,0
B2_D1,343,0,494,0,0
B4_D1,186,0,413,0,0
B6_D1,640,0,185,0,0
B6_D1,902,0,511,0,0
B6_D1,464,0,272,0,0
B6_D1,232,0,480,0,0
B10_D1,434,0,318,0,0
G1_D1,942,0,244,0,0
B6_D1,652,0,61,0,0
B6_D1,940,0,291,0,0
B4_D1,52,0,19,0,0
B6_D1,882,0,57,0,0
B4_D1,731,0,200,0,0
G1_D1,705,0,270,0,0
G1_D1,817,0,40,0,0
G1_D1,14,0,334,0,0
G1_D1,108,0,279,0,0
B2_D1,399,0,206,0,0
B6_D1,743,0,198,0,0
B6_D1,352,0,21,0,0
B10_D1,431,0,34,0,0
B10_D1,240,0,79,0,0
B10_D1,994,0,273,0,0
B6_D1,830,0,85,0,0
G1_D1,777,0,49,0,0
B6_D1,875,0,261,0,0
B6_D1,810,0,270,0,0
B6_D1,23,0,298,0,0
B6_D1,415,0,481,0,0
B10_D1,633,0,511,0,0
B6_D1,175,0,171,0,0
B4_D1,225,0,67,0,0
B6_D1,783,0,459,0,0
G1_D1,428,0,122,0,0
B10_D1,77,0,14,0,0
B10_D1,201,0,137,0,0
B10_D1,400,0,343,0,0
B10_D1,92,0,5,0,0
B6_D1,830,0,482,0,0
B4_D1,249,0,61,0,0
B6_D1,344,0,24,0,0
B10_D1,1023,0,30,0,0
B6_D1,148,0,424,0,0
B6_D1,764,0,245,0,0
B10_D1,324,0,135,0,0
B6_D1,164,0,239,0,0
B6_D1,796,0,17,0,0
B6_D1,364,0,12,0,0
B10_D1,262,0,349,0,0
B6_D1,821,0,69,0,0
B6_D1,8,0,175,0,0
B6_D1,161,0,60,0,0
B10_D1,374,0,483,0,0
B6_D1,597,0,262,0,0
B10_D1,423,0,66,0,0
G1_D1,43,0,38,0,0
G1_D1,18,0,128,0,0
B6_D1,914,0,196,0,0
G1_D1,76,0,308,0,0
B6_D1,944,0,60,0,0
B6_D1,505,0,243,0,0
B4_D1,50,0,420,0,0
B2_D1,561,0,39,0,0
B10_D1,97,0,40,0,0
B4_D1,256,0,297,0,0
B4_D1,310,0,18,0,0
B10_D1,672,0,79,0,0
B10_D1,563,0,147,0,0
G1_D1,739,0,14,0,0
G1_D1,770,0,5,0,0
B6_D1,776,0,302,0,0
B10_D1,33,0,329,0,0
B6_D1,86,0,202,0,0
B10_D1,754,0,323,0,0
B6_D1,984,0,7,0,0
B6_D1,862,0,71,0,0
G1_D1,735,0,248,0,0
B10_D1,994,0,253,0,0
B10_D1,446,0,237,0,0
B10_D1,1,0,399,0,0
B6_D1,433,0,360,0,0
B2_D1,678,0,174,0,0
B10_D1,394,0,258,0,0
G1_D1,723,0,43,0,0
B4_D1,8,0,248,0,0
B10_D1,145,0,221,0,0
B4_D1,654,0,59,0,0
B4_D1,798,0,43,0,0
B6_D1,674,0,266,0,0
G1_D1,1016,0,388,0,0
B4_D1,448,0,373,0,0
B6_D1,878,0,488,0,0
G1_D1,32,0,158,0,0
G1_D1,971,0,85,0,0
G1_D1,562,0,511,0,0
B6_D1,988,0,12,0,0
B10_D1,268,0,158,0,0
B6_D1,994,0,483,0,0
B4_D1,288,0,310,0,0
G1_D1,424,0,234,0,0
B10_D1,998,0,298,0,0
B6_D1,628,0,32,0,0
B6_D1,51,0,230,0,0
B6_D1,460,0,4,0,0
G1_D1,821,0,161,0,0
B4_D1,1018,0,217,0,0
B6_D1,66,0,492,0,0
B6_D1,814,0,508,0,0
G1_D1,237,0,294,0,0
B6_D1,428,0,24,0,0
G1_D1,582,0,173,0,0
B8_D1,719,0,313,0,0
B10_D1,275,0,205,0,0
B6_D1,766,0,426,0,0
G1_D1,229,0,268,0,0
B6_D1,40,0,14,0,0
B6_D1,227,0,147,0,0
B6_D1,420,0,276,0,0
B2_D1,484,0,124,0,0
B4_D1,873,0,92,0,0
G1_D1,209,0,119,0,0
B10_D1,605,0,486,0,0
B6_D1,1017,0,139,0,0
B6_D1,419,0,351,0,0
B2_D1,868,0,378,0,0
G1_D1,337,0,404,0,0
B6_D1,694,0,494,0,0
B6_D1,704,0,28,0,0
B10_D1,1012,0,29,0,0
B10_D1,484,0,85,0,0
G1_D1,819,0,128,0,0
B6_D1,893,0,313,0,0
B4_D1,917,0,15,0,0
B10_D1,546,0,16,0,0
G1_D1,944,0,0,0,0
B10_D1,932,0,338,0,0
B6_D1,630,0,499,0,0
B6_D1,809,0,237,0,0
B10_D1,934,0,76,0,0
B6_D1,620,0,29,0,0
B10_D1,682,0,274,0,0
G1_D1,586,0,230,0,0
B6_D1,690,0,190,0,0
B6_D1,746,0,484,0,0
B6_D1,470,0,484,0,0
B6_D1,934,0,503,0,0
G1_D1,252,0,169,0,0
B6_D1,152,0,2,0,0
B6_D1,870,0,272,0,0
B6_D1,807,0,103,0,0
B6_D1,62,0,396,0,0
B6_D1,1004,0,83,0,0
B6_D1,994,0,268,0,0
B6_D1,714,0,335,0,0
B2_D1,947,0,7,0,0
B10_D1,185,0,76,0,0
G1_D1,226,0,271,0,0
B8_D1,883,0,234,0,0
B4_D1,773,0,244,0,0
B6_D1,500,0,294,0,0
B6_D1,118,0,468,0,0
B4_D1,3,0,135,0,0
B10_D1,395,0,243,0,0
B8_D1,978,0,302,0,0
B8_D1,5,0,220,0,0
B10_D1,551,0,14,0,0
B4_D1,506,0,232,0,0
G1_D1,624,0,179,0,0
B10_D1,424,0,263,0,0
B6_D1,174,0,146,0,0
G1_D1,244,0,409,0,0
B6_D1,769,0,338,0,0
B6_D1,346,0,294,0,0
B10_D1,90,0,195,0,0
B10_D1,606,0,258,0,0
G1_D1,231,0,232,0,0
G1_D1,432,0,11,0,0
G1_D1,323,0,357,0,0
B6_D1,55,0,480,0,0
B10_D1,471,0,32,0,0
G1_D1,46,0,67,0,0
B8_D1,142,0,233,0,0
B2_D1,490,0,511,0,0
G1_D1,608,0,18,0,0
B6_D1,439,0,98,0,0
B10_D1,547,0,171,0,0
B6_D1,500,0,385,0,0
B4_D1,136,0,64,0,0
G1_D1,1014,0,218,0,0
B2_D1,712,0,50,0,0
B6_D1,807,0,78,0,0
B6_D1,538,0,428,0,0
G1_D1,134,0,206,0,0
B10_D1,827,0,363,0,0
B6_D1,154,0,487,0,0
B6_D1,914,0,400,0,0
B6_D1,102,0,488,0,0
B6_D1,707,0,481,0,0
B10_D1,766,0,409,0,0
B6_D1,284,0,247,0,0
B6_D1,406,0,353,0,0
B6_D1,960,0,17,0,0
G1_D1,737,0,71,0,0
B10_D1,256,0,64,0,0
G1_D1,871,0,213,0,0
B10_D1,1,0,323,0,0
B6_D1,824,0,372,0,0
B4_D1,123,0,159,0,0
B6_D1,530,0,318,0,0
B4_D1,983,0,68,0,0
G1_D1,139,0,2,0,0
B6_D1,280,0,28,0,0
B4_D1,753,0,238,0,0
B6_D1,855,0,97,0,0
B6_D1,275,0,290,0,0
B10_D1,661,0,34,0,0
B4_D1,123,0,401,0,0
B4_D1,798,0,58,0,0
B4_D1,269,0,237,0,0
B10_D1,237,0,290,0,0
B6_D1,242,0,65,0,0
B6_D1,896,0,6,0,0
B6_D1,757,0,200,0,0
B4_D1,986,0,119,0,0
B10_D1,943,0,40,0,0
B6_D1,332,0,27,0,0
G1_D1,705,0,275,0,0
B6_D1,43,0,51,0,0
B2_D1,337,0,290,0,0
B10_D1,339,0,207,0,0
B10_D1,394,0,493,0,0
B8_D1,1013,0,296,0,0
B6_D1,404,0,35,0,0
G1_D1,6,0,469,0,0
B10_D1,236,0,180,0,0
B6_D1,506,0,490,0,0
B6_D1,304,0,54,0,0
B6_D1,0,0,432,0,0
G1_D1,755,0,248,0,0
G1_D1,477,0,19,0,0
B6_D1,91,0,378,0,0
B10_D1,301,0,216,0,0
B10_D1,602,0,139,0,0
B10_D1,600,0,455,0,0
B10_D1,149,0,453,0,0
B10_D1,402,0,409,0,0
B6_D1,148,0,79,0,0
B6_D1,721,0,159,0,0
G1_D1,62,0,346,0,0
B6_D1,333,0,206,0,0
B6_D1,92,0,101,0,0
B10_D1,58,0,32,0,0
B10_D1,793,0,377,0,0
B10_D1,144,0,325,0,0
G1_D1,772,0,492,0,0
B10_D1,322,0,227,0,0
B2_D1,321,0,29,0,0
B6_D1,867,0,438,0,0
B10_D1,71,0,42,0,0
B2_D1,742,0,44,0,0
B10_D1,18,0,52,0,0
B6_D1,656,0,43,0,0
B6_D1,50,0,400,0,0
B6_D1,787,0,60,0,0
B4_D1,433,0,409,0,0
B6_D1,309,0,383,0,0
B6_D1,370,0,476,0,0
B10_D1,27,0,510,0,0
G1_D1,162,0,259,0,0
B6_D1,776,0,7,0,0
B10_D1,741,0,111,0,0
B10_D1,18,0,147,0,0
B10_D1,212,0,359,0,0
G1_D1,400,0,294,0,0
B10_D1,110,0,192,0,0
B6_D1,196,0,278,0,0
B6_D1,843,0,336,0,0
B6_D1,110,0,434,0,0
B2_D1,711,0,360,0,0
B10_D1,727,0,87,0,0
B6_D1,773,0,72,0,0
B4_D1,857,0,18,0,0
B10_D1,526,0,263,0,0
B6_D1,822,0,105,0,0
B10_D1,758,0,319,0,0
B8_D1,585,0,198,0,0
B10_D1,877,0,350,0,0
B10_D1,30,0,137,0,0
B10_D1,278,0,348,0,0
G1_D1,651,0,74,0,0
B2_D1,590,0,468,0,0
B10_D1,168,0,248,0,0
G1_D1,11,0,267,0,0
B10_D1,524,0,71,0,0
B6_D1,692,0,23,0,0
B6_D1,980,0,36,0,0
B10_D1,617,0,7,0,0
B4_D1,605,0,359,0,0
B10_D1,749,0,23,0,0
G1_D1,124,0,286,0,0
B6_D1,305,0,373,0,0
B6_D1,201,0,451,0,0
B10_D1,940,0,78,0,0
G1_D1,30,0,56,0,0
B6_D1,433,0,480,0,0
B2_D1,706,0,511,0,0
B6_D1,436,0,266,0,0
G1_D1,234,0,149,0,0
B6_D1,892,0,40,0,0
B6_D1,600,0,376,0,0
B6_D1,884,0,37,0,0
G1_D1,731,0,164,0,0
B10_D1,507,0,0,0,0
B4_D1,534,0,379,0,0
G1_D1,327,0,62,0,0
B10_D1,762,0,249,0,0
G1_D1,198,0,190,0,0
B6_D1,26,0,137,0,0
B6_D1,1010,0,49,0,0
B6_D1,634,0,482,0,0
B2_D1,248,0,129,0,0
B6_D1,376,0,2,0,0
G1_D1,999,0,79,0,0
B6_D1,820,0,394,0,0
B10_D1,621,0,243,0,0
B6_D1,976,0,40,0,0
B2_D1,97,0,25,0,0
B2_D1,707,0,37,0,0
B10_D1,115,0,289,0,0
B6_D1,697,0,230,0,0
G1_D1,853,0,231,0,0
B10_D1,197,0,226,0,0
B10_D1,606,0,31,0,0
G1_D1,92,0,131,0,0
G1_D1,646,0,5,0,0
B6_D1,258,0,484,0,0
B10_D1,116,0,49,0,0
B10_D1,17,0,368,0,0
B4_D1,887,0,237,0,0
B10_D1,397,0,464,0,0
G1_D1,776,0,110,0,0
G1_D1,940,0,290,0,0
B6_D1,290,0,495,0,0
B10_D1,540,0,510,0,0
B6_D1,720,0,258,0,0
B10_D1,986,0,56,0,0
B6_D1,650,0,163,0,0
B6_D1,805,0,124,0,0
B2_D1,834,0,46,0,0
G1_D1,479,0,242,0,0
B10_D1,441,0,79,0,0
B10_D1,385,0,1,0,0
B6_D1,556,0,402,0,0
B2_D1,791,0,74,0,0
B6_D1,300,0,14,0,0
B4_D1,273,0,248,0,0
B6_D1,241,0,131,0,0
B8_D1,107,0,138,0,0
B10_D1,645,0,116,0,0
G1_D1,732,0,64,0,0
B10_D1,66,0,189,0,0
B2_D1,363,0,176,0,0
B6_D1,21,0,384,0,0
B6_D1,146,0,472,0,0
B10_D1,644,0,170,0,0
B4_D1,202,0,55,0,0
B10_D1,760,0,31,0,0
B8_D1,662,0,309,0,0
B6_D1,0,0,8,0,0
B6_D1,546,0,356,0,0
G1_D1,878,0,225,0,0
B10_D1,197,0,168,0,0
B10_D1,480,0,62,0,0
B6_D1,540,0,30,0,0
B6_D1,574,0,473,0,0
B10_D1,653,0,268,0,0
B10_D1,14,0,153,0,0
B6_D1,354,0,414,0,0
B10_D1,461,0,267,0,0
B10_D1,62,0,451,0,0
B6_D1,644,0,382,0,0
B10_D1,728,0,158,0,0
B10_D1,923,0,460,0,0
B10_D1,535,0,215,0,0
B6_D1,342,0,476,0,0
B2_D1,496,0,485,0,0
B2_D1,210,0,78,0,0
B10_D1,220,0,66,0,0
B6_D1,241,0,375,0,0
B10_D1,453,0,165,0,0
B10_D1,816,0,89,0,0
B10_D1,335,0,416,0,0
B4_D1,911,0,13,0,0
B10_D1,977,0,256,0,0
B10_D1,838,0,207,0,0
B4_D1,517,0,134,0,0
B6_D1,993,0,267,0,0
B2_D1,221,0,300,0,0
G1_D1,544,0,118,0,0
B10_D1,158,0,141,0,0
B6_D1,236,0,242,0,0
B6_D1,454,0,486,0,0
B6_D1,958,0,487,0,0
B6_D1,380,0,72,0,0
B10_D1,426,0,271,0,0
B6_D1,1002,0,500,0,0
B10_D1,765,0,160,0,0
B4_D1,743,0,100,0,0
B4_D1,916,0,204,0,0
G1_D1,475,0,6,0,0
B6_D1,809,0,141,0,0
B4_D1,98,0,186,0,0
B6_D1,44,0,63,0,0
G1_D1,43,0,275,0,0
B6_D1,258,0,502,0,0
B10_D1,163,0,506,0,0
B6_D1,492,0,6,0,0
G1_D1,803,0,54,0,0
B10_D1,68,0,165,0,0
B6_D1,997,0,282,0,0
G1_D1,68,0,47,0,0
B6_D1,454,0,508,0,0
G1_D1,155,0,250,0,0
B10_D1,15,0,143,0,0
G1_D1,10,0,166,0,0
G1_D1,159,0,16,0,0
B10_D1,195,0,135,0,0
B10_D1,688,0,251,0,0
B2_D1,691,0,28,0,0
B10_D1,720,0,260,0,0
G1_D1,948,0,267,0,0
B4_D1,7,0,30,0,0
G1_D1,248,0,409,0,0
B6_D1,676,0,456,0,0
B6_D1,691,0,213,0,0
B4_D1,1018,0,44,0,0
B10_D1,1021,0,140,0,0
G1_D1,1017,0,121,0,0
B6_D1,104,0,139,0,0
B10_D1,811,0,40,0,0
G1_D1,449,0,8,0,0
B6_D1,232,0,24,0,0
B6_D1,526,0,511,0,0
B6_D1,252,0,7,0,0
B6_D1,645,0,342,0,0
B10_D1,852,0,82,0,0
B4_D1,1021,0,72,0,0
B2_D1,573,0,26,0,0
B10_D1,659,0,68,0,0
B2_D1,206,0,80,0,0
B4_D1,59,0,401,0,0
G1_D1,666,0,119,0,0
B2_D1,734,0,494,0,0
G1_D1,628,0,163,0,0
B2_D1,320,0,493,0,0
B6_D1,231,0,380,0,0
B4_D1,121,0,42,0,0
G1_D1,830,0,245,0,0
B10_D1,213,0,69,0,0
G1_D1,114,0,23,0,0
B6_D1,396,0,28,0,0
B6_D1,168,0,237,0,0
B10_D1,948,0,54,0,0
B6_D1,496,0,24,0,0
B10_D1,926,0,293,0,0
B6_D1,1,0,162,0,0
B10_D1,371,0,504,0,0
G1_D1,21,0,171,0,0
B10_D1,1008,0,67,0,0
B10_D1,28,0,288,0,0
B10_D1,212,0,333,0,0
B6_D1,842,0,86,0,0
B6_D1,854,0,181,0,0
B10_D1,315,0,154,0,0
B10_D1,197,0,7,0,0
B4_D1,1023,0,165,0,0
B6_D1,1023,0,449,0,0
B6_D1,68,0,43,0,0
B10_D1,253,0,165,0,0
B4_D1,443,0,232,0,0
B6_D1,101,0,450,0,0
B6_D1,632,0,43,0,0
B10_D1,265,0,186,0,0
B6_D1,752,0,300,0,0
B10_D1,261,0,136,0,0
B10_D1,979,0,53,0,0
B10_D1,266,0,286,0,0
B6_D1,186,0,478,0,0
B6_D1,1022,0,452,0,0
B6_D1,965,0,306,0,0
G1_D1,141,0,224,0,0
B6_D1,660,0,450,0,0
B10_D1,355,0,145,0,0
B10_D1,568,0,21,0,0
B6_D1,48,0,14,0,0
G1_D1,741,0,228,0,0
B10_D1,449,0,392,0,0
B10_D1,1018,0,32,0,0
B2_D1,897,0,112,0,0
B6_D1,837,0,134,0,0
B6_D1,776,0,21,0,0
B10_D1,32,0,165,0,0
G1_D1,319,0,326,0,0
B10_D1,196,0,278,0,0
B6_D1,225,0,192,0,0
B2_D1,770,0,224,0,0
B4_D1,134,0,178,0,0
B4_D1,102,0,17,0,0
B6_D1,554,0,497,0,0
B10_D1,390,0,271,0,0
B6_D1,880,0,16,0,0
B6_D1,800,0,53,0,0
B10_D1,932,0,67,0,0
B10_D1,161,0,250,0,0
B10_D1,239,0,428,0,0
B6_D1,277,0,343,0,0
B10_D1,342,0,132,0,0
B2_D1,346,0,35,0,0
B2_D1,715,0,53,0,0
G1_D1,141,0,114,0,0
B6_D1,521,0,225,0,0
G1_D1,70,0,305,0,0
B6_D1,878,0,483,0,0
B10_D1,21,0,87,0,0
G1_D1,16,0,100,0,0
B10_D1,346,0,22,0,0
B8_D1,878,0,302,0,0
B4_D1,727,0,40,0,0
G1_D1,1020,0,227,0,0
B6_D1,869,0,381,0,0
B6_D1,942,0,497,0,0
G1_D1,33,0,327,0,0
B6_D1,145,0,120,0,0
G1_D1,123,0,39,0,0
B10_D1,711,0,328,0,0
B2_D1,283,0,490,0,0
B6_D1,338,0,155,0,0
B2_D1,899,0,401,0,0
B4_D1,4,0,185,0,0
B10_D1,26,0,73,0,0
B8_D1,914,0,302,0,0
G1_D1,331,0,241,0,0
B10_D1,311,0,305,0,0
B6_D1,267,0,62,0,0
B6_D1,160,0,184,0,0
B6_D1,544,0,245,0,0
B6_D1,300,0,74,0,0
B6_D1,192,0,18,0,0
B2_D1,584,0,98,0,0
B6_D1,406,0,289,0,0
B10_D1,683,0,392,0,0
B10_D1,852,0,440,0,0
G1_D1,924,0,29,0,0
B4_D1,208,0,189,0,0
B6_D1,910,0,493,0,0
G1_D1,851,0,104,0,0
B2_D1,939,0,61,0,0
B10_D1,246,0,13,0,0
B10_D1,530,0,202,0,0
B10_D1,156,0,325,0,0
B6_D1,508,0,152,0,0
B6_D1,90,0,492,0,0
B6_D1,637,0,218,0,0
G1_D1,823,0,162,0,0
B6_D1,824,0,139,0,0
B10_D1,551,0,63,0,0
B6_D1,797,0,453,0,0
B6_D1,771,0,248,0,0
B4_D1,318,0,157,0,0
B6_D1,2,0,79,0,0
B10_D1,594,0,53,0,0
G1_D1,670,0,191,0,0
B6_D1,1020,0,6,0,0
G1_D1,513,0,101,0,0
B4_D1,6,0,191,0,0
B6_D1,688,0,263,0,0
B10_D1,251,0,253,0,0
B10_D1,138,0,153,0,0
B10_D1,465,0,110,0,0
G1_D1,929,0,12,0,0
B4_D1,168,0,113,0,0
B6_D1,692,0,459,0,0
B10_D1,333,0,1,0,0
B6_D1,990,0,80,0,0
G1_D1,505,0,66,0,0
B2_D1,235,0,12,0,0
B10_D1,411,0,56,0,0
B6_D1,893,0,217,0,0
B10_D1,354,0,17,0,0
B6_D1,61,0,357,0,0
B10_D1,183,0,138,0,0
B10_D1,838,0,56,0,0
B4_D1,639,0,100,0,0
B10_D1,358,0,139,0,0
B10_D1,340,0,49,0,0
B10_D1,701,0,4,0,0
B10_D1,890,0,21,0,0
B10_D1,388,0,115,0,0
G1_D1,768,0,387,0,0
B4_D1,691,0,188,0,0
G1_D1,15,0,44,0,0
B6_D1,73,0,457,0,0
B6_D1,45,0,68,0,0
G1_D1,162,0,385,0,0
B10_D1,580,0,88,0,0
B4_D1,266,0,139,0,0
G1_D1,82,0,88,0,0
B8_D1,873,0,301,0,0
B6_D1,706,0,498,0,0
B10_D1,749,0,462,0,0
B8_D1,351,0,187,0,0
B4_D1,765,0,91,0,0
G1_D1,66,0,266,0,0
B10_D1,163,0,212,0,0
B10_D1,43,0,47,0,0
B4_D1,118,0,84,0,0
B6_D1,84,0,31,0,0
B10_D1,434,0,290,0,0
B6_D1,760,0,419,0,0
B10_D1,662,0,264,0,0
B6_D1,899,0,163,0,0
B6_D1,98,0,148,0,0
G1_D1,925,0,26,0,0
B10_D1,332,0,5,0,0
B6_D1,1018,0,494,0,0
G1_D1,997,0,222,0,0
G1_D1,357,0,304,0,0
G1_D1,1020,0,386,0,0
G1_D1,821,0,320,0,0
B4_D1,163,0,270,0,0
B6_D1,182,0,487,0,0
B10_D1,619,0,499,0,0
G1_D1,651,0,101,0,0
G1_D1,208,0,237,0,0
B4_D1,806,0,68,0,0
G1_D1,316,0,200,0,0
B6_D1,4,0,194,0,0
B6_D1,396,0,16,0,0
G1_D1,403,0,226,0,0
B6_D1,2,0,434,0,0
B6_D1,794,0,163,0,0
B6_D1,277,0,50,0,0
B10_D1,418,0,271,0,0
