VideoName,X,Y,Cluster
B6_D1,276,0,265,0,0
B4_D1,735,0,262,0,0
B10_D1,102,0,118,0,0
B4_D1,251,0,52,0,0
B6_D1,587,0,167,0,0
B10_D1,491,0,500,0,0
B10_D1,1012,0,41,0,0
B10_D1,905,0,1,0,0
G1_D1,944,0,20,0,0
G1_D1,546,0,21,0,0
G1_D1,778,0,511,0,0
B10_D1,424,0,311,0,0
B10_D1,367,0,164,0,0
G1_D1,671,0,69,0,0
B6_D1,309,0,214,0,0
B10_D1,556,0,148,0,0
B10_D1,325,0,413,0,0
B6_D1,468,0,241,0,0
B10_D1,523,0,210,0,0
B10_D1,876,0,265,0,0
B6_D1,436,0,408,0,0
B6_D1,10,0,431,0,0
B6_D1,945,0,284,0,0
B8_D1,773,0,310,0,0
B8_D1,842,0,305,0,0
B6_D1,901,0,140,0,0
B4_D1,303,0,150,0,0
B10_D1,39,0,56,0,0
B4_D1,429,0,420,0,0
B6_D1,319,0,292,0,0
B2_D1,693,0,506,0,0
B10_D1,449,0,188,0,0
G1_D1,1013,0,92,0,0
B10_D1,838,0,341,0,0
G1_D1,558,0,40,0,0
B2_D1,240,0,56,0,0
B10_D1,907,0,234,0,0
B6_D1,221,0,133,0,0
G1_D1,60,0,7,0,0
B4_D1,602,0,196,0,0
G1_D1,267,0,42,0,0
B6_D1,374,0,104,0,0
B10_D1,678,0,32,0,0
B6_D1,959,0,407,0,0
B10_D1,254,0,133,0,0
G1_D1,537,0,109,0,0
B6_D1,291,0,76,0,0
B4_D1,759,0,71,0,0
B10_D1,334,0,205,0,0
B10_D1,691,0,262,0,0
G1_D1,754,0,3,0,0
G1_D1,548,0,1,0,0
B10_D1,160,0,101,0,0
B6_D1,18,0,319,0,0
G1_D1,203,0,79,0,0
G1_D1,382,0,267,0,0
B10_D1,564,0,323,0,0
B4_D1,197,0,48,0,0
G1_D1,991,0,19,0,0
B8_D1,23,0,322,0,0
B10_D1,678,0,72,0,0
B10_D1,1,0,245,0,0
B6_D1,18,0,311,0,0
B10_D1,596,0,53,0,0
B10_D1,514,0,250,0,0
B6_D1,86,0,28,0,0
B10_D1,775,0,213,0,0
G1_D1,317,0,222,0,0
B2_D1,630,0,481,0,0
B6_D1,526,0,17,0,0
G1_D1,922,0,106,0,0
B4_D1,418,0,412,0,0
B10_D1,342,0,203,0,0
B6_D1,154,0,343,0,0
B10_D1,935,0,244,0,0
B10_D1,342,0,334,0,0
G1_D1,869,0,192,0,0
G1_D1,292,0,126,0,0
B4_D1,255,0,47,0,0
B6_D1,510,0,484,0,0
B6_D1,796,0,486,0,0
B6_D1,1001,0,305,0,0
B6_D1,106,0,252,0,0
G1_D1,162,0,276,0,0
B10_D1,666,0,415,0,0
B4_D1,270,0,252,0,0
B6_D1,22,0,382,0,0
G1_D1,1011,0,232,0,0
B6_D1,289,0,373,0,0
G1_D1,316,0,399,0,0
G1_D1,515,0,85,0,0
B6_D1,179,0,86,0,0
G1_D1,24,0,58,0,0
G1_D1,51,0,77,0,0
B10_D1,654,0,387,0,0
B2_D1,823,0,186,0,0
B8_D1,212,0,61,0,0
B6_D1,416,0,354,0,0
G1_D1,987,0,153,0,0
B6_D1,148,0,483,0,0
B6_D1,208,0,498,0,0
G1_D1,349,0,202,0,0
B10_D1,549,0,321,0,0
B6_D1,992,0,48,0,0
B10_D1,507,0,38,0,0
G1_D1,63,0,455,0,0
B2_D1,474,0,510,0,0
B10_D1,195,0,59,0,0
B6_D1,452,0,28,0,0
B10_D1,881,0,37,0,0
B6_D1,496,0,501,0,0
B4_D1,6,0,206,0,0
B6_D1,762,0,373,0,0
G1_D1,834,0,300,0,0
B4_D1,113,0,289,0,0
B10_D1,888,0,397,0,0
G1_D1,680,0,5,0,0
B6_D1,824,0,305,0,0
B4_D1,873,0,204,0,0
G1_D1,472,0,510,0,0
B10_D1,441,0,461,0,0
B6_D1,148,0,204,0,0
B4_D1,614,0,154,0,0
B10_D1,355,0,220,0,0
B10_D1,188,0,344,0,0
B6_D1,182,0,28,0,0
B10_D1,805,0,389,0,0
B6_D1,984,0,484,0,0
B6_D1,720,0,493,0,0
B10_D1,71,0,163,0,0
B10_D1,621,0,106,0,0
G1_D1,983,0,40,0,0
G1_D1,491,0,15,0,0
B10_D1,99,0,66,0,0
B6_D1,699,0,418,0,0
B10_D1,1017,0,31,0,0
B6_D1,396,0,505,0,0
B10_D1,419,0,511,0,0
B6_D1,104,0,4,0,0
B10_D1,715,0,73,0,0
B2_D1,984,0,86,0,0
B6_D1,966,0,122,0,0
G1_D1,33,0,10,0,0
B10_D1,320,0,234,0,0
B6_D1,988,0,8,0,0
B6_D1,226,0,2,0,0
B6_D1,2,0,413,0,0
B6_D1,456,0,493,0,0
B10_D1,192,0,110,0,0
B2_D1,898,0,84,0,0
G1_D1,861,0,76,0,0
B10_D1,277,0,49,0,0
B10_D1,857,0,231,0,0
B6_D1,892,0,20,0,0
B6_D1,721,0,201,0,0
B10_D1,681,0,265,0,0
B6_D1,245,0,181,0,0
B10_D1,751,0,93,0,0
B10_D1,37,0,79,0,0
B10_D1,253,0,347,0,0
B6_D1,924,0,487,0,0
G1_D1,32,0,34,0,0
B6_D1,580,0,35,0,0
B10_D1,641,0,282,0,0
B10_D1,830,0,89,0,0
B6_D1,778,0,510,0,0
B10_D1,243,0,354,0,0
G1_D1,560,0,19,0,0
G1_D1,765,0,240,0,0
B10_D1,654,0,421,0,0
B10_D1,367,0,3,0,0
B10_D1,291,0,98,0,0
B6_D1,814,0,17,0,0
B6_D1,756,0,205,0,0
B2_D1,633,0,508,0,0
B6_D1,951,0,238,0,0
B6_D1,58,0,122,0,0
B2_D1,2,0,141,0,0
B6_D1,627,0,180,0,0
B6_D1,544,0,256,0,0
B6_D1,710,0,112,0,0
B6_D1,636,0,45,0,0
B2_D1,33,0,45,0,0
B10_D1,218,0,48,0,0
B2_D1,772,0,359,0,0
B6_D1,836,0,506,0,0
B2_D1,219,0,130,0,0
B10_D1,552,0,115,0,0
B6_D1,580,0,336,0,0
B6_D1,3,0,142,0,0
B10_D1,613,0,314,0,0
B2_D1,539,0,510,0,0
B10_D1,28,0,217,0,0
B6_D1,740,0,423,0,0
B6_D1,240,0,155,0,0
B10_D1,713,0,74,0,0
B2_D1,41,0,32,0,0
G1_D1,715,0,338,0,0
B6_D1,58,0,150,0,0
G1_D1,256,0,289,0,0
B10_D1,119,0,267,0,0
G1_D1,970,0,217,0,0
B6_D1,40,0,2,0,0
B10_D1,394,0,81,0,0
B6_D1,511,0,352,0,0
B10_D1,243,0,61,0,0
B6_D1,833,0,123,0,0
B10_D1,200,0,397,0,0
G1_D1,35,0,36,0,0
B10_D1,155,0,510,0,0
B10_D1,477,0,507,0,0
G1_D1,579,0,289,0,0
B6_D1,152,0,271,0,0
B10_D1,225,0,311,0,0
B4_D1,291,0,267,0,0
G1_D1,46,0,158,0,0
B10_D1,231,0,319,0,0
G1_D1,717,0,81,0,0
B2_D1,128,0,12,0,0
B10_D1,358,0,257,0,0
B10_D1,740,0,324,0,0
G1_D1,613,0,67,0,0
B6_D1,460,0,495,0,0
G1_D1,516,0,67,0,0
B6_D1,911,0,98,0,0
G1_D1,431,0,143,0,0
B6_D1,980,0,91,0,0
B6_D1,1015,0,146,0,0
B10_D1,580,0,117,0,0
B10_D1,687,0,321,0,0
G1_D1,942,0,239,0,0
B10_D1,101,0,489,0,0
B6_D1,150,0,3,0,0
B10_D1,450,0,34,0,0
B6_D1,421,0,389,0,0
G1_D1,177,0,46,0,0
B6_D1,770,0,497,0,0
B4_D1,59,0,154,0,0
B10_D1,135,0,126,0,0
B6_D1,747,0,253,0,0
G1_D1,397,0,19,0,0
B10_D1,30,0,96,0,0
B2_D1,950,0,23,0,0
B2_D1,216,0,137,0,0
B6_D1,1019,0,408,0,0
B6_D1,981,0,81,0,0
B10_D1,201,0,229,0,0
B4_D1,690,0,253,0,0
B10_D1,540,0,255,0,0
G1_D1,49,0,12,0,0
B8_D1,180,0,196,0,0
G1_D1,546,0,149,0,0
B6_D1,964,0,345,0,0
B10_D1,167,0,63,0,0
B6_D1,970,0,486,0,0
B4_D1,456,0,64,0,0
B8_D1,883,0,236,0,0
B2_D1,376,0,500,0,0
G1_D1,335,0,386,0,0
B6_D1,221,0,320,0,0
B2_D1,959,0,510,0,0
G1_D1,1013,0,500,0,0
G1_D1,43,0,107,0,0
B6_D1,288,0,9,0,0
B10_D1,337,0,197,0,0
B4_D1,924,0,90,0,0
B6_D1,469,0,295,0,0
B10_D1,295,0,96,0,0
B10_D1,185,0,12,0,0
G1_D1,188,0,49,0,0
B6_D1,950,0,22,0,0
G1_D1,251,0,281,0,0
B4_D1,350,0,96,0,0
B6_D1,331,0,190,0,0
B6_D1,538,0,41,0,0
B10_D1,357,0,8,0,0
B6_D1,447,0,69,0,0
B6_D1,439,0,173,0,0
B10_D1,776,0,6,0,0
G1_D1,59,0,161,0,0
B10_D1,330,0,23,0,0
B10_D1,780,0,102,0,0
B6_D1,3,0,138,0,0
B10_D1,747,0,360,0,0
B6_D1,760,0,275,0,0
B6_D1,943,0,459,0,0
B10_D1,606,0,294,0,0
B6_D1,976,0,29,0,0
B10_D1,108,0,202,0,0
B6_D1,130,0,492,0,0
B6_D1,568,0,23,0,0
B4_D1,304,0,215,0,0
G1_D1,856,0,301,0,0
B6_D1,14,0,403,0,0
G1_D1,195,0,43,0,0
B10_D1,615,0,413,0,0
B6_D1,727,0,260,0,0
B10_D1,761,0,259,0,0
G1_D1,702,0,262,0,0
B10_D1,853,0,377,0,0
G1_D1,185,0,47,0,0
B10_D1,470,0,273,0,0
B4_D1,212,0,406,0,0
B10_D1,1014,0,262,0,0
G1_D1,281,0,271,0,0
B10_D1,443,0,112,0,0
B6_D1,502,0,504,0,0
B6_D1,452,0,34,0,0
B10_D1,409,0,127,0,0
B10_D1,137,0,10,0,0
B6_D1,84,0,0,0,0
G1_D1,50,0,48,0,0
B10_D1,861,0,222,0,0
B6_D1,430,0,67,0,0
B6_D1,541,0,272,0,0
B6_D1,152,0,506,0,0
G1_D1,593,0,74,0,0
B10_D1,571,0,69,0,0
B6_D1,74,0,158,0,0
G1_D1,736,0,83,0,0
G1_D1,823,0,6,0,0
B10_D1,402,0,312,0,0
B8_D1,38,0,193,0,0
B6_D1,267,0,268,0,0
B6_D1,771,0,355,0,0
G1_D1,33,0,151,0,0
B2_D1,575,0,510,0,0
B6_D1,215,0,237,0,0
B10_D1,9,0,321,0,0
B6_D1,683,0,66,0,0
G1_D1,98,0,63,0,0
B6_D1,834,0,490,0,0
B2_D1,611,0,510,0,0
B10_D1,911,0,230,0,0
B10_D1,530,0,243,0,0
B10_D1,609,0,121,0,0
B10_D1,635,0,146,0,0
B10_D1,728,0,340,0,0
B6_D1,89,0,357,0,0
G1_D1,94,0,379,0,0
B10_D1,629,0,135,0,0
B6_D1,914,0,7,0,0
B10_D1,466,0,409,0,0
B6_D1,402,0,332,0,0
B6_D1,226,0,65,0,0
B10_D1,326,0,22,0,0
G1_D1,421,0,295,0,0
B10_D1,249,0,343,0,0
G1_D1,944,0,283,0,0
B10_D1,558,0,157,0,0
B6_D1,21,0,369,0,0
G1_D1,456,0,151,0,0
B6_D1,474,0,490,0,0
B10_D1,97,0,469,0,0
B6_D1,149,0,270,0,0
B6_D1,314,0,419,0,0
G1_D1,466,0,3,0,0
B6_D1,702,0,36,0,0
B4_D1,988,0,75,0,0
B6_D1,936,0,434,0,0
B10_D1,441,0,80,0,0
B6_D1,380,0,482,0,0
B2_D1,614,0,160,0,0
B6_D1,258,0,84,0,0
G1_D1,1006,0,44,0,0
B6_D1,578,0,407,0,0
B6_D1,128,0,170,0,0
B10_D1,152,0,283,0,0
B4_D1,522,0,277,0,0
B6_D1,492,0,30,0,0
B10_D1,574,0,299,0,0
B4_D1,127,0,20,0,0
G1_D1,497,0,8,0,0
B10_D1,117,0,289,0,0
B6_D1,430,0,451,0,0
B4_D1,701,0,35,0,0
B10_D1,716,0,314,0,0
B10_D1,227,0,151,0,0
B10_D1,294,0,121,0,0
B10_D1,801,0,28,0,0
B6_D1,233,0,334,0,0
B6_D1,541,0,229,0,0
B6_D1,675,0,481,0,0
B2_D1,147,0,34,0,0
B2_D1,431,0,484,0,0
B4_D1,506,0,261,0,0
B10_D1,739,0,111,0,0
B2_D1,915,0,437,0,0
B6_D1,977,0,305,0,0
B6_D1,434,0,409,0,0
B6_D1,196,0,420,0,0
B10_D1,687,0,79,0,0
G1_D1,742,0,104,0,0
B2_D1,418,0,505,0,0
B10_D1,645,0,1,0,0
B10_D1,872,0,344,0,0
G1_D1,608,0,1,0,0
B10_D1,729,0,103,0,0
G1_D1,154,0,181,0,0
B10_D1,95,0,166,0,0
B6_D1,588,0,377,0,0
B6_D1,749,0,59,0,0
B4_D1,636,0,233,0,0
B10_D1,29,0,213,0,0
B6_D1,539,0,479,0,0
B6_D1,40,0,398,0,0
B6_D1,634,0,241,0,0
B10_D1,36,0,271,0,0
B10_D1,71,0,50,0,0
B10_D1,912,0,73,0,0
B4_D1,808,0,45,0,0
B10_D1,127,0,176,0,0
B6_D1,790,0,107,0,0
B6_D1,360,0,262,0,0
B6_D1,559,0,170,0,0
B6_D1,824,0,448,0,0
B6_D1,314,0,357,0,0
B10_D1,386,0,13,0,0
B6_D1,889,0,138,0,0
B6_D1,16,0,479,0,0
B2_D1,880,0,40,0,0
B4_D1,8,0,185,0,0
G1_D1,304,0,3,0,0
G1_D1,1017,0,496,0,0
B10_D1,784,0,450,0,0
B10_D1,394,0,4,0,0
B8_D1,895,0,1,0,0
B6_D1,589,0,392,0,0
G1_D1,582,0,286,0,0
G1_D1,20,0,102,0,0
B10_D1,212,0,335,0,0
B10_D1,232,0,40,0,0
B10_D1,83,0,93,0,0
B6_D1,605,0,181,0,0
B6_D1,355,0,221,0,0
B6_D1,2,0,151,0,0
G1_D1,800,0,94,0,0
B4_D1,684,0,197,0,0
G1_D1,452,0,101,0,0
B10_D1,352,0,223,0,0
B10_D1,841,0,337,0,0
B2_D1,936,0,25,0,0
B10_D1,212,0,163,0,0
B6_D1,858,0,21,0,0
B6_D1,405,0,219,0,0
B10_D1,991,0,300,0,0
G1_D1,773,0,487,0,0
B4_D1,595,0,109,0,0
G1_D1,317,0,61,0,0
B10_D1,295,0,81,0,0
B6_D1,383,0,157,0,0
B6_D1,742,0,156,0,0
B6_D1,680,0,491,0,0
B2_D1,584,0,25,0,0
B10_D1,279,0,184,0,0
B6_D1,802,0,486,0,0
G1_D1,988,0,129,0,0
B10_D1,858,0,64,0,0
B2_D1,794,0,12,0,0
G1_D1,316,0,228,0,0
B2_D1,758,0,38,0,0
G1_D1,198,0,13,0,0
B6_D1,7,0,287,0,0
B10_D1,436,0,141,0,0
B6_D1,566,0,295,0,0
B10_D1,471,0,462,0,0
B6_D1,366,0,490,0,0
B10_D1,343,0,42,0,0
B6_D1,72,0,292,0,0
B10_D1,500,0,483,0,0
B10_D1,413,0,214,0,0
B10_D1,352,0,505,0,0
B4_D1,58,0,20,0,0
B4_D1,759,0,225,0,0
B2_D1,24,0,35,0,0
G1_D1,939,0,386,0,0
G1_D1,810,0,310,0,0
B10_D1,366,0,26,0,0
B10_D1,956,0,247,0,0
B10_D1,436,0,6,0,0
G1_D1,365,0,2,0,0
G1_D1,979,0,65,0,0
G1_D1,516,0,103,0,0
B6_D1,745,0,406,0,0
B6_D1,860,0,19,0,0
B10_D1,454,0,481,0,0
B10_D1,962,0,259,0,0
B2_D1,649,0,106,0,0
B10_D1,154,0,358,0,0
B10_D1,172,0,154,0,0
G1_D1,39,0,497,0,0
B6_D1,760,0,254,0,0
B10_D1,378,0,68,0,0
B10_D1,461,0,279,0,0
B10_D1,698,0,437,0,0
B2_D1,705,0,286,0,0
G1_D1,227,0,2,0,0
G1_D1,948,0,33,0,0
B6_D1,54,0,197,0,0
B6_D1,736,0,240,0,0
G1_D1,757,0,204,0,0
B6_D1,803,0,128,0,0
B10_D1,343,0,108,0,0
B10_D1,443,0,243,0,0
G1_D1,215,0,344,0,0
B6_D1,986,0,43,0,0
B10_D1,264,0,99,0,0
B10_D1,123,0,225,0,0
B10_D1,279,0,261,0,0
B6_D1,4,0,127,0,0
B10_D1,573,0,74,0,0
B4_D1,441,0,239,0,0
B2_D1,824,0,258,0,0
B6_D1,711,0,413,0,0
B10_D1,674,0,172,0,0
B6_D1,922,0,345,0,0
B6_D1,56,0,305,0,0
B10_D1,168,0,240,0,0
B8_D1,528,0,209,0,0
B10_D1,1001,0,0,0,0
B10_D1,726,0,456,0,0
B6_D1,938,0,96,0,0
B6_D1,650,0,397,0,0
G1_D1,904,0,328,0,0
B10_D1,752,0,319,0,0
B4_D1,5,0,274,0,0
B6_D1,310,0,51,0,0
B6_D1,339,0,74,0,0
B6_D1,172,0,23,0,0
G1_D1,714,0,192,0,0
B6_D1,224,0,296,0,0
G1_D1,422,0,267,0,0
G1_D1,339,0,10,0,0
B6_D1,225,0,238,0,0
B6_D1,79,0,475,0,0
B6_D1,78,0,79,0,0
B10_D1,983,0,227,0,0
B6_D1,38,0,48,0,0
B2_D1,163,0,306,0,0
B10_D1,582,0,213,0,0
B6_D1,276,0,74,0,0
G1_D1,770,0,71,0,0
B6_D1,474,0,170,0,0
B2_D1,697,0,223,0,0
B6_D1,141,0,199,0,0
B6_D1,525,0,399,0,0
B6_D1,991,0,446,0,0
B6_D1,73,0,321,0,0
B6_D1,294,0,499,0,0
B10_D1,118,0,13,0,0
B4_D1,638,0,151,0,0
B10_D1,592,0,206,0,0
G1_D1,989,0,58,0,0
B6_D1,912,0,62,0,0
G1_D1,14,0,360,0,0
B10_D1,62,0,30,0,0
B6_D1,656,0,476,0,0
B10_D1,141,0,2,0,0
B2_D1,177,0,244,0,0
B2_D1,12,0,54,0,0
B2_D1,733,0,72,0,0
B10_D1,225,0,2,0,0
B10_D1,406,0,409,0,0
G1_D1,222,0,0,0,0
B6_D1,4,0,17,0,0
B6_D1,904,0,166,0,0
B6_D1,666,0,15,0,0
B4_D1,941,0,36,0,0
B4_D1,998,0,206,0,0
B6_D1,765,0,51,0,0
B6_D1,666,0,189,0,0
B10_D1,90,0,17,0,0
B4_D1,246,0,158,0,0
B6_D1,682,0,416,0,0
B10_D1,769,0,69,0,0
B6_D1,902,0,311,0,0
B6_D1,443,0,172,0,0
B6_D1,931,0,163,0,0
B2_D1,201,0,134,0,0
B6_D1,962,0,19,0,0
B6_D1,850,0,483,0,0
G1_D1,514,0,3,0,0
B6_D1,813,0,336,0,0
B6_D1,448,0,26,0,0
B10_D1,623,0,273,0,0
G1_D1,34,0,26,0,0
B6_D1,130,0,207,0,0
G1_D1,88,0,100,0,0
G1_D1,1021,0,56,0,0
B4_D1,770,0,237,0,0
B6_D1,42,0,496,0,0
B10_D1,154,0,441,0,0
B10_D1,282,0,53,0,0
B6_D1,701,0,400,0,0
B6_D1,780,0,99,0,0
B6_D1,815,0,103,0,0
B10_D1,398,0,315,0,0
B10_D1,664,0,29,0,0
G1_D1,173,0,64,0,0
G1_D1,999,0,51,0,0
B6_D1,724,0,337,0,0
B2_D1,956,0,468,0,0
B6_D1,472,0,167,0,0
B6_D1,6,0,508,0,0
B4_D1,733,0,210,0,0
B6_D1,752,0,280,0,0
B6_D1,434,0,99,0,0
G1_D1,983,0,299,0,0
B6_D1,400,0,14,0,0
G1_D1,498,0,0,0,0
B4_D1,370,0,222,0,0
B10_D1,639,0,480,0,0
B10_D1,600,0,354,0,0
B10_D1,290,0,331,0,0
B6_D1,261,0,361,0,0
B6_D1,124,0,111,0,0
B6_D1,790,0,26,0,0
B6_D1,213,0,192,0,0
B10_D1,634,0,20,0,0
B6_D1,400,0,495,0,0
B2_D1,344,0,161,0,0
B10_D1,783,0,39,0,0
B10_D1,862,0,214,0,0
B6_D1,388,0,140,0,0
B6_D1,340,0,49,0,0
B6_D1,242,0,34,0,0
G1_D1,1020,0,105,0,0
B4_D1,551,0,183,0,0
B6_D1,524,0,162,0,0
B4_D1,895,0,259,0,0
G1_D1,737,0,463,0,0
G1_D1,984,0,138,0,0
B6_D1,980,0,40,0,0
B6_D1,5,0,376,0,0
B2_D1,511,0,465,0,0
G1_D1,207,0,139,0,0
B4_D1,7,0,344,0,0
G1_D1,742,0,87,0,0
B8_D1,783,0,229,0,0
B6_D1,558,0,126,0,0
G1_D1,727,0,427,0,0
B10_D1,722,0,6,0,0
B6_D1,245,0,481,0,0
B10_D1,215,0,150,0,0
B2_D1,906,0,20,0,0
B4_D1,428,0,235,0,0
G1_D1,770,0,492,0,0
B6_D1,50,0,1,0,0
B10_D1,192,0,121,0,0
B6_D1,648,0,27,0,0
B4_D1,232,0,273,0,0
B6_D1,386,0,509,0,0
B6_D1,206,0,116,0,0
B2_D1,182,0,128,0,0
B10_D1,1015,0,3,0,0
B6_D1,961,0,159,0,0
B6_D1,505,0,434,0,0
G1_D1,654,0,298,0,0
B6_D1,736,0,47,0,0
B6_D1,118,0,388,0,0
B10_D1,266,0,51,0,0
B6_D1,723,0,268,0,0
B6_D1,694,0,11,0,0
B2_D1,990,0,91,0,0
B6_D1,108,0,30,0,0
B10_D1,19,0,234,0,0
B6_D1,0,0,215,0,0
B6_D1,417,0,316,0,0
B4_D1,801,0,38,0,0
B6_D1,628,0,356,0,0
B10_D1,649,0,380,0,0
B6_D1,226,0,23,0,0
B10_D1,691,0,104,0,0
B10_D1,684,0,76,0,0
B10_D1,308,0,415,0,0
G1_D1,1009,0,136,0,0
B10_D1,155,0,60,0,0
B6_D1,344,0,431,0,0
B6_D1,772,0,403,0,0
B6_D1,658,0,501,0,0
B4_D1,286,0,308,0,0
G1_D1,890,0,135,0,0
B6_D1,51,0,85,0,0
B6_D1,390,0,6,0,0
G1_D1,342,0,442,0,0
B4_D1,169,0,206,0,0
B10_D1,315,0,308,0,0
B10_D1,276,0,236,0,0
G1_D1,690,0,249,0,0
B6_D1,829,0,132,0,0
B6_D1,340,0,32,0,0
B10_D1,63,0,142,0,0
B2_D1,855,0,177,0,0
G1_D1,382,0,511,0,0
B2_D1,769,0,53,0,0
G1_D1,561,0,66,0,0
B4_D1,898,0,70,0,0
B2_D1,785,0,45,0,0
B6_D1,73,0,392,0,0
G1_D1,34,0,56,0,0
G1_D1,594,0,21,0,0
B2_D1,285,0,499,0,0
B4_D1,680,0,191,0,0
B6_D1,290,0,342,0,0
B2_D1,940,0,294,0,0
B6_D1,673,0,306,0,0
B6_D1,402,0,487,0,0
B6_D1,415,0,389,0,0
B10_D1,652,0,384,0,0
B6_D1,720,0,110,0,0
B4_D1,592,0,223,0,0
G1_D1,818,0,81,0,0
G1_D1,665,0,147,0,0
G1_D1,772,0,304,0,0
G1_D1,572,0,83,0,0
G1_D1,76,0,86,0,0
B4_D1,37,0,165,0,0
B10_D1,911,0,232,0,0
B4_D1,185,0,422,0,0
B10_D1,1000,0,114,0,0
B10_D1,322,0,185,0,0
B4_D1,261,0,230,0,0
B4_D1,210,0,238,0,0
B10_D1,143,0,12,0,0
B8_D1,1017,0,256,0,0
B10_D1,765,0,424,0,0
B10_D1,534,0,301,0,0
B6_D1,33,0,417,0,0
G1_D1,1015,0,312,0,0
B10_D1,456,0,34,0,0
B4_D1,852,0,232,0,0
B10_D1,106,0,336,0,0
B6_D1,636,0,166,0,0
B4_D1,344,0,220,0,0
B6_D1,55,0,402,0,0
B6_D1,419,0,251,0,0
G1_D1,743,0,212,0,0
B6_D1,752,0,7,0,0
G1_D1,196,0,511,0,0
B2_D1,838,0,509,0,0
B10_D1,168,0,504,0,0
B6_D1,300,0,266,0,0
B6_D1,133,0,389,0,0
B6_D1,16,0,344,0,0
B6_D1,1,0,65,0,0
B10_D1,604,0,232,0,0
B10_D1,546,0,301,0,0
B6_D1,926,0,265,0,0
B2_D1,267,0,61,0,0
B10_D1,217,0,20,0,0
B10_D1,621,0,200,0,0
B6_D1,178,0,32,0,0
B10_D1,136,0,172,0,0
B2_D1,340,0,177,0,0
B10_D1,187,0,134,0,0
B10_D1,847,0,349,0,0
B6_D1,124,0,26,0,0
B2_D1,400,0,493,0,0
B6_D1,370,0,140,0,0
B10_D1,193,0,111,0,0
B10_D1,336,0,218,0,0
G1_D1,506,0,483,0,0
B10_D1,771,0,253,0,0
B10_D1,172,0,284,0,0
G1_D1,560,0,5,0,0
G1_D1,601,0,12,0,0
B6_D1,316,0,115,0,0
B8_D1,105,0,221,0,0
B10_D1,190,0,32,0,0
G1_D1,21,0,127,0,0
B6_D1,137,0,310,0,0
B6_D1,254,0,400,0,0
B10_D1,402,0,494,0,0
B6_D1,164,0,173,0,0
B10_D1,342,0,242,0,0
B6_D1,215,0,275,0,0
G1_D1,1008,0,310,0,0
B6_D1,887,0,118,0,0
B6_D1,554,0,494,0,0
B6_D1,338,0,459,0,0
B10_D1,966,0,54,0,0
G1_D1,525,0,20,0,0
B6_D1,206,0,173,0,0
B4_D1,7,0,466,0,0
B10_D1,8,0,211,0,0
B6_D1,102,0,186,0,0
B6_D1,650,0,449,0,0
B6_D1,517,0,311,0,0
B10_D1,224,0,182,0,0
B6_D1,920,0,16,0,0
G1_D1,352,0,237,0,0
B10_D1,624,0,454,0,0
B6_D1,524,0,281,0,0
B6_D1,574,0,322,0,0
G1_D1,197,0,45,0,0
G1_D1,15,0,139,0,0
G1_D1,209,0,109,0,0
B10_D1,427,0,348,0,0
B6_D1,817,0,83,0,0
B6_D1,950,0,1,0,0
G1_D1,498,0,18,0,0
G1_D1,752,0,11,0,0
B6_D1,906,0,487,0,0
B10_D1,735,0,35,0,0
B10_D1,740,0,470,0,0
B6_D1,559,0,309,0,0
G1_D1,89,0,360,0,0
B4_D1,703,0,251,0,0
B6_D1,523,0,173,0,0
B6_D1,524,0,354,0,0
B10_D1,363,0,509,0,0
B6_D1,548,0,378,0,0
B10_D1,729,0,124,0,0
B10_D1,521,0,99,0,0
B4_D1,112,0,51,0,0
B6_D1,887,0,442,0,0
B10_D1,807,0,57,0,0
B10_D1,24,0,54,0,0
B6_D1,596,0,344,0,0
G1_D1,18,0,366,0,0
B6_D1,156,0,490,0,0
B6_D1,480,0,109,0,0
G1_D1,283,0,45,0,0
B6_D1,331,0,373,0,0
G1_D1,244,0,9,0,0
B6_D1,768,0,66,0,0
B6_D1,134,0,317,0,0
B10_D1,435,0,246,0,0
B10_D1,484,0,4,0,0
B2_D1,187,0,91,0,0
B6_D1,949,0,219,0,0
B10_D1,215,0,151,0,0
B10_D1,389,0,274,0,0
G1_D1,537,0,67,0,0
B6_D1,830,0,305,0,0
B10_D1,614,0,109,0,0
B6_D1,771,0,73,0,0
B10_D1,709,0,461,0,0
B6_D1,614,0,491,0,0
G1_D1,744,0,242,0,0
B6_D1,236,0,16,0,0
B6_D1,618,0,358,0,0
B10_D1,30,0,129,0,0
B10_D1,474,0,5,0,0
G1_D1,775,0,16,0,0
B10_D1,111,0,284,0,0
B10_D1,770,0,106,0,0
B4_D1,6,0,231,0,0
B6_D1,558,0,42,0,0
G1_D1,516,0,38,0,0
B10_D1,442,0,141,0,0
G1_D1,926,0,389,0,0
G1_D1,395,0,228,0,0
B2_D1,792,0,22,0,0
G1_D1,737,0,237,0,0
B6_D1,756,0,21,0,0
B6_D1,266,0,13,0,0
B10_D1,899,0,232,0,0
B6_D1,948,0,42,0,0
B6_D1,622,0,114,0,0
B10_D1,996,0,280,0,0
B6_D1,412,0,29,0,0
G1_D1,934,0,37,0,0
B10_D1,564,0,293,0,0
B10_D1,460,0,113,0,0
B6_D1,883,0,231,0,0
B6_D1,164,0,99,0,0
B10_D1,730,0,113,0,0
B6_D1,128,0,31,0,0
B4_D1,931,0,84,0,0
B10_D1,670,0,165,0,0
B10_D1,728,0,30,0,0
G1_D1,769,0,113,0,0
G1_D1,1003,0,261,0,0
G1_D1,1014,0,161,0,0
B6_D1,708,0,24,0,0
B10_D1,794,0,383,0,0
G1_D1,45,0,81,0,0
B8_D1,701,0,232,0,0
B10_D1,408,0,449,0,0
B6_D1,362,0,1,0,0
B2_D1,617,0,480,0,0
B10_D1,785,0,259,0,0
B10_D1,576,0,111,0,0
B10_D1,58,0,39,0,0
B10_D1,227,0,511,0,0
B6_D1,18,0,21,0,0
B4_D1,875,0,36,0,0
G1_D1,884,0,42,0,0
B6_D1,530,0,245,0,0
G1_D1,161,0,376,0,0
B6_D1,632,0,19,0,0
B4_D1,246,0,55,0,0
B6_D1,241,0,371,0,0
B4_D1,922,0,252,0,0
B10_D1,529,0,169,0,0
B10_D1,111,0,406,0,0
B6_D1,672,0,246,0,0
B6_D1,402,0,27,0,0
B2_D1,270,0,485,0,0
B10_D1,932,0,342,0,0
B2_D1,718,0,100,0,0
B10_D1,851,0,327,0,0
B6_D1,164,0,16,0,0
B6_D1,66,0,431,0,0
B4_D1,146,0,190,0,0
B6_D1,841,0,114,0,0
B10_D1,873,0,221,0,0
B6_D1,784,0,354,0,0
B6_D1,156,0,27,0,0
B8_D1,157,0,203,0,0
B4_D1,807,0,65,0,0
B8_D1,696,0,184,0,0
G1_D1,100,0,114,0,0
B4_D1,934,0,19,0,0
G1_D1,821,0,205,0,0
B10_D1,384,0,260,0,0
B6_D1,608,0,315,0,0
B4_D1,528,0,376,0,0
G1_D1,856,0,176,0,0
B6_D1,67,0,120,0,0
G1_D1,345,0,45,0,0
B10_D1,459,0,51,0,0
B2_D1,151,0,118,0,0
B2_D1,455,0,484,0,0
B6_D1,851,0,294,0,0
B2_D1,919,0,160,0,0
G1_D1,963,0,34,0,0
B2_D1,420,0,287,0,0
G1_D1,40,0,158,0,0
B6_D1,325,0,143,0,0
B10_D1,941,0,367,0,0
G1_D1,997,0,65,0,0
B6_D1,234,0,172,0,0
B6_D1,563,0,181,0,0
B10_D1,513,0,38,0,0
G1_D1,913,0,6,0,0
G1_D1,196,0,408,0,0
B2_D1,567,0,153,0,0
G1_D1,67,0,309,0,0
B10_D1,494,0,129,0,0
B6_D1,980,0,296,0,0
B10_D1,218,0,350,0,0
B6_D1,916,0,195,0,0
B4_D1,935,0,13,0,0
G1_D1,744,0,37,0,0
B6_D1,637,0,377,0,0
G1_D1,306,0,44,0,0
B6_D1,564,0,182,0,0
B4_D1,4,0,370,0,0
G1_D1,195,0,169,0,0
B10_D1,163,0,164,0,0
B6_D1,626,0,25,0,0
B10_D1,343,0,265,0,0
B2_D1,749,0,79,0,0
B6_D1,332,0,46,0,0
B10_D1,1009,0,335,0,0
B6_D1,26,0,500,0,0
B6_D1,942,0,458,0,0
B8_D1,14,0,208,0,0
B10_D1,751,0,316,0,0
B6_D1,836,0,270,0,0
B6_D1,524,0,177,0,0
G1_D1,29,0,177,0,0
G1_D1,951,0,242,0,0
B10_D1,406,0,62,0,0
B6_D1,7,0,88,0,0
B10_D1,705,0,55,0,0
B6_D1,440,0,494,0,0
B10_D1,258,0,350,0,0
B6_D1,272,0,34,0,0
B6_D1,244,0,26,0,0
B6_D1,500,0,503,0,0
B6_D1,36,0,33,0,0
B4_D1,63,0,21,0,0
B6_D1,289,0,333,0,0
G1_D1,704,0,1,0,0
B10_D1,653,0,455,0,0
B10_D1,27,0,238,0,0
B4_D1,387,0,391,0,0
B6_D1,387,0,147,0,0
B6_D1,910,0,29,0,0
B6_D1,572,0,497,0,0
B10_D1,691,0,186,0,0
B6_D1,486,0,292,0,0
B6_D1,531,0,317,0,0
G1_D1,704,0,255,0,0
B10_D1,183,0,1,0,0
G1_D1,896,0,11,0,0
B6_D1,314,0,401,0,0
B6_D1,850,0,350,0,0
B6_D1,426,0,170,0,0
B6_D1,511,0,269,0,0
B6_D1,700,0,17,0,0
B10_D1,69,0,46,0,0
B6_D1,585,0,410,0,0
B6_D1,876,0,150,0,0
G1_D1,184,0,508,0,0
B2_D1,956,0,244,0,0
B10_D1,421,0,337,0,0
B6_D1,48,0,508,0,0
B4_D1,543,0,88,0,0
B4_D1,917,0,251,0,0
G1_D1,750,0,428,0,0
B6_D1,274,0,11,0,0
B10_D1,15,0,178,0,0
G1_D1,756,0,103,0,0
B4_D1,809,0,122,0,0
B6_D1,267,0,62,0,0
G1_D1,547,0,68,0,0
B6_D1,554,0,233,0,0
B8_D1,712,0,189,0,0
B10_D1,490,0,475,0,0
B10_D1,4,0,275,0,0
B10_D1,562,0,137,0,0
G1_D1,951,0,235,0,0
B6_D1,759,0,401,0,0
B6_D1,440,0,10,0,0
B6_D1,188,0,13,0,0
B6_D1,727,0,78,0,0
B6_D1,763,0,220,0,0
B10_D1,608,0,218,0,0
B6_D1,101,0,481,0,0
B6_D1,150,0,61,0,0
G1_D1,997,0,71,0,0
B6_D1,230,0,301,0,0
B6_D1,641,0,275,0,0
B2_D1,265,0,141,0,0
B6_D1,922,0,120,0,0
B2_D1,593,0,97,0,0
B10_D1,862,0,31,0,0
B4_D1,169,0,286,0,0
B6_D1,454,0,489,0,0
B10_D1,484,0,405,0,0
G1_D1,879,0,36,0,0
B6_D1,122,0,497,0,0
B10_D1,929,0,42,0,0
G1_D1,664,0,37,0,0
B6_D1,921,0,142,0,0
B4_D1,290,0,231,0,0
G1_D1,929,0,304,0,0
G1_D1,49,0,51,0,0
G1_D1,888,0,0,0,0
B10_D1,122,0,106,0,0
B10_D1,235,0,20,0,0
B10_D1,138,0,107,0,0
G1_D1,347,0,2,0,0
B10_D1,10,0,275,0,0
B10_D1,295,0,123,0,0
B6_D1,6,0,412,0,0
G1_D1,742,0,264,0,0
B8_D1,1022,0,87,0,0
B10_D1,686,0,181,0,0
G1_D1,558,0,94,0,0
B10_D1,237,0,425,0,0
B6_D1,760,0,483,0,0
B10_D1,1009,0,5,0,0
G1_D1,109,0,96,0,0
G1_D1,829,0,297,0,0
B6_D1,822,0,30,0,0
B6_D1,663,0,157,0,0
B6_D1,490,0,5,0,0
B10_D1,5,0,216,0,0
G1_D1,218,0,87,0,0
B10_D1,440,0,202,0,0
B2_D1,504,0,481,0,0
B6_D1,508,0,258,0,0
B10_D1,684,0,396,0,0
B6_D1,734,0,112,0,0
B6_D1,777,0,307,0,0
B4_D1,445,0,286,0,0
B6_D1,819,0,254,0,0
B6_D1,381,0,410,0,0
B10_D1,998,0,61,0,0
B6_D1,346,0,8,0,0
B6_D1,891,0,100,0,0
B6_D1,842,0,482,0,0
B6_D1,824,0,37,0,0
B10_D1,985,0,3,0,0
B6_D1,424,0,147,0,0
G1_D1,297,0,55,0,0
B8_D1,396,0,281,0,0
B10_D1,960,0,70,0,0
B6_D1,769,0,351,0,0
G1_D1,1020,0,489,0,0
G1_D1,17,0,325,0,0
B10_D1,418,0,481,0,0
B6_D1,623,0,289,0,0
B10_D1,787,0,36,0,0
B2_D1,391,0,130,0,0
B6_D1,248,0,482,0,0
G1_D1,1008,0,27,0,0
B10_D1,310,0,6,0,0
B6_D1,545,0,263,0,0
B6_D1,193,0,407,0,0
B6_D1,1004,0,422,0,0
B6_D1,502,0,408,0,0
B6_D1,852,0,505,0,0
B10_D1,746,0,323,0,0
B10_D1,904,0,51,0,0
B6_D1,608,0,28,0,0
B2_D1,972,0,4,0,0
B6_D1,4,0,407,0,0
B6_D1,605,0,359,0,0
B6_D1,16,0,456,0,0
B10_D1,448,0,161,0,0
B10_D1,387,0,49,0,0
B6_D1,266,0,376,0,0
B10_D1,1,0,448,0,0
G1_D1,1012,0,111,0,0
B8_D1,671,0,181,0,0
B10_D1,54,0,260,0,0
B6_D1,846,0,299,0,0
B4_D1,355,0,196,0,0
G1_D1,104,0,53,0,0
B4_D1,493,0,85,0,0
G1_D1,1011,0,123,0,0
B10_D1,662,0,158,0,0
B10_D1,455,0,58,0,0
B6_D1,831,0,125,0,0
B10_D1,774,0,234,0,0
G1_D1,398,0,450,0,0
B10_D1,332,0,232,0,0
B6_D1,502,0,501,0,0
B2_D1,689,0,114,0,0
B8_D1,722,0,312,0,0
G1_D1,196,0,508,0,0
G1_D1,233,0,152,0,0
B6_D1,850,0,510,0,0
B10_D1,431,0,480,0,0
B10_D1,599,0,221,0,0
B2_D1,201,0,214,0,0
B6_D1,931,0,426,0,0
B6_D1,751,0,437,0,0
B10_D1,413,0,121,0,0
B10_D1,742,0,161,0,0
B10_D1,532,0,138,0,0
B10_D1,25,0,92,0,0
B6_D1,792,0,499,0,0
B10_D1,678,0,79,0,0
G1_D1,368,0,471,0,0
B4_D1,559,0,396,0,0
B6_D1,800,0,500,0,0
B10_D1,119,0,111,0,0
G1_D1,348,0,120,0,0
B6_D1,240,0,9,0,0
B6_D1,683,0,305,0,0
B6_D1,398,0,293,0,0
G1_D1,1019,0,504,0,0
B6_D1,153,0,361,0,0
B4_D1,876,0,263,0,0
B10_D1,326,0,337,0,0
B6_D1,704,0,22,0,0
B10_D1,999,0,485,0,0
B6_D1,304,0,51,0,0
B6_D1,837,0,147,0,0
B6_D1,988,0,253,0,0
B8_D1,539,0,212,0,0
G1_D1,97,0,6,0,0
B4_D1,788,0,66,0,0
B4_D1,0,0,302,0,0
B10_D1,576,0,118,0,0
B10_D1,485,0,243,0,0
G1_D1,220,0,140,0,0
B10_D1,148,0,358,0,0
B4_D1,727,0,63,0,0
G1_D1,257,0,410,0,0
B6_D1,635,0,112,0,0
B10_D1,960,0,54,0,0
G1_D1,15,0,248,0,0
B10_D1,236,0,66,0,0
B10_D1,129,0,97,0,0
B6_D1,913,0,419,0,0
B2_D1,283,0,292,0,0
B10_D1,646,0,98,0,0
G1_D1,1021,0,82,0,0
G1_D1,77,0,50,0,0
B4_D1,324,0,304,0,0
G1_D1,249,0,10,0,0
G1_D1,28,0,96,0,0
B2_D1,756,0,511,0,0
B10_D1,735,0,14,0,0
B10_D1,412,0,6,0,0
B6_D1,578,0,473,0,0
B4_D1,3,0,510,0,0
G1_D1,615,0,4,0,0
B6_D1,12,0,9,0,0
B6_D1,71,0,401,0,0
B6_D1,745,0,465,0,0
G1_D1,535,0,231,0,0
G1_D1,937,0,6,0,0
G1_D1,996,0,55,0,0
B4_D1,309,0,290,0,0
G1_D1,62,0,266,0,0
B10_D1,767,0,92,0,0
B10_D1,884,0,344,0,0
B10_D1,329,0,78,0,0
B4_D1,321,0,306,0,0
B10_D1,838,0,357,0,0
B4_D1,315,0,305,0,0
G1_D1,432,0,22,0,0
B2_D1,529,0,464,0,0
B2_D1,383,0,496,0,0
B10_D1,183,0,187,0,0
G1_D1,983,0,8,0,0
G1_D1,197,0,173,0,0
B6_D1,2,0,4,0,0
B6_D1,663,0,418,0,0
B10_D1,413,0,220,0,0
B10_D1,513,0,2,0,0
B10_D1,593,0,216,0,0
B4_D1,469,0,372,0,0
B10_D1,468,0,483,0,0
B10_D1,760,0,320,0,0
B10_D1,419,0,485,0,0
B4_D1,698,0,71,0,0
B10_D1,32,0,68,0,0
B10_D1,427,0,234,0,0
B6_D1,570,0,320,0,0
B6_D1,824,0,491,0,0
B6_D1,410,0,252,0,0
G1_D1,980,0,209,0,0
B10_D1,638,0,471,0,0
B10_D1,684,0,70,0,0
B6_D1,95,0,422,0,0
B6_D1,970,0,206,0,0
B10_D1,202,0,75,0,0
B6_D1,173,0,384,0,0
B4_D1,533,0,210,0,0
B6_D1,324,0,15,0,0
B6_D1,564,0,484,0,0
B10_D1,144,0,261,0,0
B6_D1,645,0,184,0,0
B6_D1,320,0,291,0,0
B10_D1,637,0,3,0,0
B6_D1,838,0,55,0,0
B2_D1,887,0,167,0,0
B10_D1,633,0,480,0,0
B6_D1,134,0,170,0,0
G1_D1,954,0,385,0,0
B6_D1,244,0,47,0,0
B6_D1,578,0,464,0,0
G1_D1,355,0,226,0,0
B4_D1,0,0,388,0,0
B4_D1,210,0,16,0,0
B10_D1,448,0,29,0,0
G1_D1,69,0,307,0,0
B2_D1,136,0,310,0,0
B10_D1,261,0,262,0,0
B10_D1,791,0,398,0,0
B10_D1,171,0,94,0,0
B10_D1,533,0,79,0,0
B6_D1,333,0,382,0,0
B6_D1,934,0,251,0,0
G1_D1,345,0,309,0,0
B10_D1,429,0,219,0,0
B6_D1,314,0,376,0,0
B6_D1,856,0,23,0,0
B10_D1,759,0,416,0,0
B6_D1,743,0,464,0,0
G1_D1,498,0,326,0,0
B10_D1,425,0,510,0,0
B2_D1,549,0,39,0,0
G1_D1,264,0,233,0,0
B6_D1,41,0,75,0,0
B6_D1,120,0,394,0,0
B4_D1,989,0,70,0,0
B4_D1,206,0,237,0,0
G1_D1,466,0,152,0,0
G1_D1,214,0,496,0,0
G1_D1,760,0,332,0,0
B6_D1,24,0,6,0,0
B2_D1,864,0,83,0,0
G1_D1,635,0,303,0,0
G1_D1,1020,0,247,0,0
G1_D1,126,0,500,0,0
G1_D1,455,0,155,0,0
B6_D1,340,0,11,0,0
B6_D1,914,0,342,0,0
B6_D1,580,0,415,0,0
B10_D1,392,0,13,0,0
G1_D1,249,0,163,0,0
B6_D1,140,0,172,0,0
B6_D1,3,0,442,0,0
B2_D1,148,0,280,0,0
G1_D1,13,0,87,0,0
B6_D1,638,0,10,0,0
B10_D1,60,0,95,0,0
B10_D1,450,0,282,0,0
G1_D1,769,0,57,0,0
B6_D1,828,0,18,0,0
B6_D1,318,0,0,0,0
G1_D1,990,0,36,0,0
B10_D1,925,0,47,0,0
B6_D1,998,0,419,0,0
B6_D1,28,0,8,0,0
B6_D1,732,0,98,0,0
B4_D1,5,0,457,0,0
B6_D1,838,0,145,0,0
B10_D1,377,0,314,0,0
B4_D1,26,0,369,0,0
B4_D1,870,0,265,0,0
G1_D1,307,0,196,0,0
G1_D1,807,0,63,0,0
B10_D1,348,0,121,0,0
B10_D1,875,0,62,0,0
G1_D1,55,0,51,0,0
B10_D1,451,0,241,0,0
B6_D1,460,0,187,0,0
B6_D1,279,0,290,0,0
B6_D1,1021,0,137,0,0
B6_D1,236,0,1,0,0
B6_D1,722,0,31,0,0
B6_D1,71,0,178,0,0
B4_D1,7,0,89,0,0
B6_D1,584,0,4,0,0
B4_D1,438,0,287,0,0
B6_D1,1008,0,92,0,0
B6_D1,110,0,503,0,0
B10_D1,33,0,60,0,0
G1_D1,451,0,19,0,0
B8_D1,69,0,188,0,0
B6_D1,412,0,408,0,0
B10_D1,581,0,284,0,0
B2_D1,904,0,37,0,0
B10_D1,314,0,275,0,0
B10_D1,254,0,353,0,0
G1_D1,652,0,9,0,0
B10_D1,45,0,45,0,0
B6_D1,945,0,50,0,0
B2_D1,727,0,16,0,0
G1_D1,202,0,33,0,0
B6_D1,140,0,25,0,0
B10_D1,741,0,10,0,0
B10_D1,513,0,294,0,0
B6_D1,104,0,169,0,0
B2_D1,646,0,166,0,0
G1_D1,689,0,244,0,0
B10_D1,618,0,297,0,0
B6_D1,83,0,205,0,0
B6_D1,854,0,160,0,0
B10_D1,571,0,112,0,0
B10_D1,524,0,313,0,0
B10_D1,71,0,93,0,0
B10_D1,852,0,188,0,0
G1_D1,940,0,37,0,0
B10_D1,505,0,154,0,0
B6_D1,670,0,376,0,0
B6_D1,383,0,321,0,0
B6_D1,358,0,144,0,0
B10_D1,5,0,75,0,0
B2_D1,630,0,95,0,0
B10_D1,935,0,376,0,0
B6_D1,293,0,360,0,0
B6_D1,226,0,498,0,0
G1_D1,951,0,126,0,0
B6_D1,756,0,296,0,0
B10_D1,371,0,65,0,0
G1_D1,45,0,167,0,0
B4_D1,114,0,39,0,0
B10_D1,14,0,126,0,0
B4_D1,295,0,60,0,0
B10_D1,653,0,271,0,0
B6_D1,876,0,499,0,0
B4_D1,976,0,89,0,0
B6_D1,80,0,31,0,0
B6_D1,884,0,223,0,0
B4_D1,218,0,17,0,0
B10_D1,454,0,338,0,0
B6_D1,764,0,465,0,0
B10_D1,9,0,56,0,0
B10_D1,916,0,260,0,0
B6_D1,160,0,264,0,0
B6_D1,272,0,31,0,0
B6_D1,508,0,8,0,0
B6_D1,197,0,235,0,0
B10_D1,939,0,82,0,0
B10_D1,609,0,190,0,0
B2_D1,771,0,77,0,0
B10_D1,432,0,499,0,0
B10_D1,855,0,238,0,0
B4_D1,237,0,92,0,0
B10_D1,507,0,2,0,0
B6_D1,471,0,73,0,0
G1_D1,818,0,220,0,0
B6_D1,812,0,97,0,0
B10_D1,192,0,278,0,0
B10_D1,39,0,103,0,0
B10_D1,19,0,55,0,0
B10_D1,969,0,479,0,0
B6_D1,24,0,484,0,0
B6_D1,618,0,15,0,0
B6_D1,980,0,37,0,0
B6_D1,67,0,105,0,0
G1_D1,240,0,293,0,0
B10_D1,918,0,248,0,0
B6_D1,974,0,4,0,0
G1_D1,715,0,280,0,0
G1_D1,523,0,51,0,0
B6_D1,158,0,19,0,0
B2_D1,880,0,118,0,0
G1_D1,1008,0,54,0,0
G1_D1,665,0,8,0,0
B10_D1,667,0,304,0,0
B10_D1,203,0,433,0,0
B10_D1,644,0,496,0,0
B6_D1,44,0,254,0,0
G1_D1,307,0,94,0,0
B10_D1,325,0,95,0,0
B6_D1,114,0,45,0,0
G1_D1,624,0,189,0,0
B10_D1,596,0,276,0,0
G1_D1,701,0,464,0,0
B6_D1,704,0,423,0,0
G1_D1,630,0,510,0,0
B6_D1,812,0,144,0,0
B6_D1,570,0,42,0,0
B10_D1,770,0,457,0,0
G1_D1,585,0,231,0,0
B6_D1,794,0,443,0,0
B6_D1,388,0,32,0,0
B2_D1,455,0,501,0,0
G1_D1,892,0,391,0,0
B4_D1,40,0,142,0,0
B4_D1,69,0,84,0,0
B10_D1,866,0,498,0,0
G1_D1,1013,0,83,0,0
B6_D1,339,0,91,0,0
B10_D1,136,0,265,0,0
B6_D1,387,0,280,0,0
B2_D1,812,0,224,0,0
B6_D1,0,0,487,0,0
B6_D1,494,0,285,0,0
B2_D1,392,0,205,0,0
B2_D1,3,0,195,0,0
B6_D1,406,0,32,0,0
B10_D1,1010,0,20,0,0
B2_D1,987,0,104,0,0
B8_D1,849,0,229,0,0
B4_D1,242,0,17,0,0
B10_D1,645,0,116,0,0
B10_D1,378,0,196,0,0
G1_D1,577,0,12,0,0
B2_D1,150,0,102,0,0
B4_D1,12,0,294,0,0
B10_D1,124,0,229,0,0
B10_D1,999,0,57,0,0
B6_D1,112,0,140,0,0
B10_D1,520,0,159,0,0
B8_D1,338,0,186,0,0
B6_D1,671,0,164,0,0
B6_D1,564,0,505,0,0
G1_D1,1020,0,284,0,0
B6_D1,680,0,386,0,0
G1_D1,69,0,164,0,0
B10_D1,418,0,115,0,0
B2_D1,285,0,492,0,0
B10_D1,52,0,113,0,0
G1_D1,563,0,8,0,0
B6_D1,714,0,439,0,0
G1_D1,380,0,284,0,0
B4_D1,956,0,239,0,0
B10_D1,940,0,345,0,0
G1_D1,13,0,182,0,0
B6_D1,584,0,509,0,0
G1_D1,963,0,10,0,0
B10_D1,510,0,35,0,0
B10_D1,537,0,126,0,0
B4_D1,20,0,17,0,0
B10_D1,836,0,14,0,0
B6_D1,940,0,329,0,0
B2_D1,778,0,359,0,0
B6_D1,686,0,485,0,0
B6_D1,521,0,172,0,0
B6_D1,209,0,77,0,0
B4_D1,696,0,265,0,0
G1_D1,15,0,93,0,0
G1_D1,277,0,62,0,0
B10_D1,520,0,151,0,0
B6_D1,946,0,486,0,0
B6_D1,55,0,91,0,0
B2_D1,845,0,463,0,-1
B6_D1,308,0,134,0,0
B4_D1,626,0,186,0,0
B10_D1,531,0,113,0,0
B10_D1,179,0,424,0,0
B6_D1,771,0,111,0,0
B6_D1,128,0,134,0,0
G1_D1,435,0,247,0,0
B2_D1,538,0,221,0,0
B4_D1,470,0,374,0,0
B10_D1,550,0,291,0,0
B6_D1,437,0,113,0,0
G1_D1,811,0,263,0,0
G1_D1,956,0,5,0,0
B4_D1,611,0,299,0,0
G1_D1,59,0,341,0,0
B6_D1,968,0,506,0,0
G1_D1,994,0,144,0,0
G1_D1,342,0,236,0,0
B10_D1,349,0,267,0,0
B6_D1,550,0,401,0,0
B6_D1,465,0,330,0,0
G1_D1,935,0,282,0,0
B6_D1,904,0,26,0,0
B10_D1,71,0,11,0,0
B6_D1,160,0,489,0,0
B10_D1,160,0,215,0,0
B10_D1,446,0,109,0,0
B6_D1,912,0,505,0,0
B6_D1,163,0,474,0,0
B10_D1,423,0,389,0,0
B10_D1,346,0,4,0,0
B10_D1,613,0,309,0,0
B10_D1,721,0,73,0,0
G1_D1,581,0,199,0,0
B6_D1,503,0,345,0,0
B6_D1,330,0,169,0,0
B6_D1,895,0,448,0,0
B10_D1,855,0,344,0,0
G1_D1,36,0,244,0,0
B6_D1,21,0,264,0,0
G1_D1,36,0,103,0,0
B6_D1,20,0,500,0,0
G1_D1,452,0,124,0,0
G1_D1,748,0,3,0,0
B6_D1,39,0,140,0,0
B6_D1,219,0,333,0,0
G1_D1,124,0,499,0,0
B6_D1,794,0,102,0,0
B6_D1,95,0,267,0,0
B8_D1,881,0,233,0,0
B6_D1,172,0,495,0,0
G1_D1,198,0,18,0,0
B6_D1,968,0,500,0,0
B10_D1,82,0,6,0,0
G1_D1,754,0,264,0,0
B6_D1,316,0,478,0,0
B10_D1,396,0,271,0,0
B10_D1,682,0,118,0,0
B10_D1,678,0,415,0,0
B4_D1,722,0,432,0,0
B6_D1,568,0,62,0,0
B10_D1,698,0,34,0,0
B6_D1,760,0,495,0,0
B8_D1,5,0,226,0,0
G1_D1,596,0,282,0,0
G1_D1,397,0,16,0,0
B2_D1,396,0,289,0,0
B10_D1,64,0,100,0,0
B10_D1,397,0,473,0,0
B6_D1,364,0,510,0,0
G1_D1,9,0,302,0,0
B2_D1,492,0,494,0,0
B2_D1,634,0,288,0,0
B10_D1,697,0,282,0,0
B2_D1,723,0,497,0,0
G1_D1,720,0,510,0,0
B6_D1,543,0,387,0,0
B10_D1,955,0,267,0,0
B8_D1,6,0,246,0,0
B6_D1,960,0,351,0,0
B6_D1,315,0,76,0,0
B2_D1,594,0,87,0,0
G1_D1,35,0,275,0,0
B10_D1,875,0,41,0,0
B6_D1,471,0,355,0,0
B6_D1,456,0,502,0,0
G1_D1,781,0,237,0,0
B10_D1,392,0,27,0,0
B10_D1,432,0,494,0,0
G1_D1,411,0,90,0,0
B6_D1,435,0,140,0,0
B6_D1,400,0,501,0,0
B10_D1,928,0,76,0,0
B10_D1,12,0,310,0,0
B6_D1,421,0,458,0,0
B10_D1,395,0,94,0,0
B10_D1,1021,0,468,0,0
G1_D1,504,0,84,0,0
B10_D1,755,0,271,0,0
B10_D1,901,0,115,0,0
B4_D1,309,0,150,0,0
G1_D1,225,0,231,0,0
B6_D1,406,0,492,0,0
G1_D1,889,0,12,0,0
B10_D1,201,0,429,0,0
B6_D1,79,0,375,0,0
B10_D1,89,0,125,0,0
B6_D1,228,0,193,0,0
B6_D1,994,0,291,0,0
B10_D1,10,0,114,0,0
B6_D1,704,0,40,0,0
B6_D1,43,0,435,0,0
B10_D1,175,0,3,0,0
B6_D1,839,0,104,0,0
B10_D1,12,0,142,0,0
G1_D1,546,0,69,0,0
B4_D1,782,0,208,0,0
B6_D1,765,0,226,0,0
G1_D1,9,0,372,0,0
B2_D1,470,0,30,0,0
B10_D1,243,0,319,0,0
B6_D1,306,0,377,0,0
B6_D1,996,0,484,0,0
B10_D1,962,0,245,0,0
G1_D1,277,0,510,0,0
B6_D1,176,0,64,0,0
G1_D1,943,0,38,0,0
B10_D1,564,0,97,0,0
B2_D1,581,0,289,0,0
B6_D1,700,0,47,0,0
G1_D1,1020,0,432,0,0
G1_D1,240,0,158,0,0
B10_D1,466,0,341,0,0
B10_D1,248,0,352,0,0
B2_D1,701,0,75,0,0
B6_D1,335,0,210,0,0
B10_D1,606,0,483,0,0
B6_D1,802,0,112,0,0
B10_D1,455,0,339,0,0
B10_D1,984,0,27,0,0
B10_D1,735,0,315,0,0
B8_D1,64,0,269,0,0
B10_D1,642,0,297,0,0
B10_D1,465,0,267,0,0
B8_D1,601,0,223,0,0
B10_D1,757,0,313,0,0
B6_D1,1006,0,35,0,0
B6_D1,548,0,107,0,0
G1_D1,207,0,21,0,0
G1_D1,288,0,7,0,0
B6_D1,12,0,58,0,0
B10_D1,313,0,3,0,0
B10_D1,356,0,275,0,0
B10_D1,7,0,388,0,0
B6_D1,228,0,45,0,0
G1_D1,53,0,306,0,0
B10_D1,637,0,30,0,0
B6_D1,372,0,281,0,0
B10_D1,939,0,362,0,0
B10_D1,237,0,21,0,0
B10_D1,10,0,159,0,0
B6_D1,852,0,356,0,0
G1_D1,609,0,244,0,0
G1_D1,940,0,240,0,0
G1_D1,29,0,479,0,0
B6_D1,911,0,93,0,0
B6_D1,279,0,375,0,0
B4_D1,112,0,412,0,0
B6_D1,145,0,92,0,0
B2_D1,412,0,493,0,0
G1_D1,453,0,480,0,0
B4_D1,762,0,124,0,0
B10_D1,284,0,51,0,0
G1_D1,533,0,8,0,0
B10_D1,372,0,111,0,0
B10_D1,909,0,335,0,0
B2_D1,770,0,235,0,0
B6_D1,855,0,51,0,0
G1_D1,683,0,8,0,0
G1_D1,182,0,375,0,0
B6_D1,552,0,490,0,0
B2_D1,812,0,466,0,0
G1_D1,984,0,49,0,0
B10_D1,3,0,47,0,0
B2_D1,744,0,511,0,0
B6_D1,736,0,256,0,0
B6_D1,805,0,129,0,0
B10_D1,689,0,8,0,0
G1_D1,443,0,72,0,0
B2_D1,701,0,74,0,0
B6_D1,626,0,363,0,0
G1_D1,641,0,301,0,0
B6_D1,136,0,498,0,0
B6_D1,590,0,494,0,0
B8_D1,221,0,77,0,0
B10_D1,907,0,336,0,0
B10_D1,568,0,265,0,0
B10_D1,134,0,287,0,0
B8_D1,598,0,295,0,0
G1_D1,46,0,461,0,0
G1_D1,702,0,40,0,0
G1_D1,337,0,400,0,0
B6_D1,683,0,421,0,0
G1_D1,858,0,120,0,0
B2_D1,784,0,252,0,0
B10_D1,556,0,510,0,0
B6_D1,408,0,362,0,0
B6_D1,47,0,86,0,0
B4_D1,728,0,103,0,0
G1_D1,38,0,1,0,0
B10_D1,177,0,196,0,0
B6_D1,350,0,13,0,0
B6_D1,412,0,495,0,0
B6_D1,418,0,150,0,0
B6_D1,823,0,141,0,0
B6_D1,870,0,298,0,0
B6_D1,942,0,24,0,0
B6_D1,275,0,135,0,0
B6_D1,37,0,253,0,0
B4_D1,776,0,219,0,0
B10_D1,268,0,311,0,0
B4_D1,576,0,386,0,0
G1_D1,892,0,18,0,0
G1_D1,909,0,257,0,0
B6_D1,68,0,419,0,0
B6_D1,336,0,380,0,0
B6_D1,335,0,142,0,0
B10_D1,753,0,407,0,0
B6_D1,629,0,420,0,0
B6_D1,113,0,291,0,0
G1_D1,56,0,71,0,0
B4_D1,974,0,207,0,0
B10_D1,289,0,123,0,0
B2_D1,540,0,154,0,0
B10_D1,568,0,13,0,0
B10_D1,936,0,255,0,0
B6_D1,868,0,44,0,0
G1_D1,328,0,25,0,0
B6_D1,61,0,421,0,0
B4_D1,156,0,196,0,0
B6_D1,841,0,379,0,0
B10_D1,369,0,2,0,0
G1_D1,878,0,242,0,0
G1_D1,429,0,120,0,0
G1_D1,993,0,151,0,0
B6_D1,481,0,173,0,0
G1_D1,681,0,10,0,0
G1_D1,758,0,19,0,0
B4_D1,754,0,23,0,0
B4_D1,1,0,57,0,0
B10_D1,277,0,34,0,0
G1_D1,537,0,112,0,0
B6_D1,969,0,221,0,0
B2_D1,737,0,46,0,0
B6_D1,550,0,26,0,0
B10_D1,208,0,242,0,0
B10_D1,412,0,311,0,0
B10_D1,585,0,279,0,0
B6_D1,682,0,157,0,0
B10_D1,352,0,4,0,0
B6_D1,8,0,151,0,0
G1_D1,850,0,17,0,0
B4_D1,7,0,30,0,0
G1_D1,644,0,272,0,0
B6_D1,133,0,215,0,0
B10_D1,133,0,236,0,0
B10_D1,528,0,103,0,0
B6_D1,740,0,382,0,0
B6_D1,742,0,498,0,0
B10_D1,183,0,72,0,0
B6_D1,392,0,283,0,0
G1_D1,344,0,401,0,0
B4_D1,155,0,2,0,0
B10_D1,18,0,15,0,0
B6_D1,114,0,194,0,0
B6_D1,153,0,452,0,0
B6_D1,444,0,171,0,0
B8_D1,184,0,46,0,0
B6_D1,64,0,501,0,0
G1_D1,1020,0,318,0,0
B2_D1,397,0,478,0,0
B10_D1,861,0,84,0,0
B10_D1,350,0,18,0,0
B4_D1,579,0,212,0,0
B6_D1,894,0,437,0,0
B2_D1,256,0,155,0,0
G1_D1,1012,0,112,0,0
B10_D1,534,0,212,0,0
B6_D1,388,0,507,0,0
B10_D1,766,0,55,0,0
B6_D1,321,0,327,0,0
B4_D1,666,0,185,0,0
B4_D1,930,0,65,0,0
G1_D1,1001,0,200,0,0
B6_D1,643,0,306,0,0
B4_D1,302,0,149,0,0
B6_D1,809,0,189,0,0
B10_D1,431,0,325,0,0
B10_D1,136,0,291,0,0
B6_D1,129,0,459,0,0
B10_D1,174,0,436,0,0
G1_D1,666,0,313,0,0
B10_D1,501,0,141,0,0
G1_D1,16,0,229,0,0
B6_D1,1,0,292,0,0
B6_D1,538,0,208,0,0
B10_D1,928,0,383,0,0
G1_D1,10,0,301,0,0
B4_D1,23,0,4,0,0
B6_D1,702,0,12,0,0
B6_D1,504,0,6,0,0
B6_D1,606,0,502,0,0
B6_D1,506,0,4,0,0
G1_D1,747,0,35,0,0
B6_D1,134,0,1,0,0
B10_D1,443,0,274,0,0
G1_D1,1011,0,87,0,0
B6_D1,1,0,160,0,0
B6_D1,318,0,169,0,0
B4_D1,318,0,295,0,0
B10_D1,407,0,101,0,0
B10_D1,864,0,272,0,0
B6_D1,960,0,496,0,0
G1_D1,606,0,510,0,0
B6_D1,561,0,328,0,0
B2_D1,858,0,511,0,0
B10_D1,487,0,72,0,0
B6_D1,175,0,96,0,0
G1_D1,714,0,457,0,0
B6_D1,555,0,379,0,0
B10_D1,488,0,192,0,0
B8_D1,5,0,249,0,0
B6_D1,73,0,93,0,0
B6_D1,961,0,142,0,0
B6_D1,124,0,498,0,0
B2_D1,689,0,510,0,0
B10_D1,762,0,168,0,0
B10_D1,799,0,247,0,0
B10_D1,645,0,8,0,0
B6_D1,158,0,506,0,0
B4_D1,923,0,47,0,0
G1_D1,280,0,235,0,0
G1_D1,525,0,76,0,0
B6_D1,210,0,45,0,0
B10_D1,783,0,293,0,0
B4_D1,915,0,203,0,0
B6_D1,977,0,143,0,0
B10_D1,426,0,391,0,0
B10_D1,233,0,505,0,0
B6_D1,169,0,151,0,0
B6_D1,800,0,297,0,0
B4_D1,691,0,251,0,0
G1_D1,664,0,199,0,0
B4_D1,686,0,48,0,0
B6_D1,332,0,28,0,0
B10_D1,182,0,22,0,0
B10_D1,304,0,50,0,0
B10_D1,675,0,117,0,0
B2_D1,750,0,511,0,0
B10_D1,763,0,372,0,0
B10_D1,749,0,13,0,0
G1_D1,737,0,8,0,0
B10_D1,683,0,320,0,0
B6_D1,498,0,508,0,0
G1_D1,60,0,18,0,0
B6_D1,770,0,305,0,0
B10_D1,412,0,105,0,0
B6_D1,600,0,6,0,0
B6_D1,238,0,171,0,0
B6_D1,1004,0,19,0,0
B6_D1,850,0,113,0,0
G1_D1,985,0,26,0,0
B6_D1,676,0,69,0,0
B4_D1,125,0,5,0,0
G1_D1,608,0,11,0,0
B6_D1,9,0,392,0,0
G1_D1,300,0,182,0,0
G1_D1,178,0,51,0,0
B6_D1,600,0,423,0,0
G1_D1,305,0,14,0,0
B10_D1,616,0,97,0,0
G1_D1,158,0,23,0,0
B2_D1,511,0,38,0,0
B10_D1,62,0,307,0,0
G1_D1,684,0,191,0,0
B10_D1,291,0,131,0,0
G1_D1,205,0,137,0,0
B6_D1,459,0,137,0,0
B6_D1,586,0,363,0,0
B6_D1,98,0,451,0,0
B6_D1,97,0,452,0,0
B6_D1,853,0,225,0,0
B10_D1,168,0,244,0,0
G1_D1,137,0,288,0,0
B6_D1,584,0,497,0,0
B6_D1,223,0,297,0,0
B6_D1,983,0,407,0,0
B6_D1,1014,0,113,0,0
G1_D1,884,0,60,0,0
G1_D1,1018,0,377,0,0
B6_D1,344,0,10,0,0
G1_D1,423,0,480,0,0
G1_D1,54,0,7,0,0
B10_D1,556,0,138,0,0
B4_D1,737,0,14,0,0
B10_D1,340,0,386,0,0
B6_D1,353,0,330,0,0
G1_D1,739,0,119,0,0
B6_D1,777,0,396,0,0
B8_D1,601,0,219,0,0
G1_D1,19,0,253,0,0
B4_D1,86,0,277,0,0
G1_D1,994,0,9,0,0
B10_D1,24,0,107,0,0
B4_D1,320,0,213,0,0
B6_D1,914,0,404,0,0
B6_D1,754,0,501,0,0
B10_D1,568,0,285,0,0
B6_D1,639,0,371,0,0
B4_D1,772,0,232,0,0
B10_D1,17,0,209,0,0
B6_D1,596,0,19,0,0
B6_D1,668,0,500,0,0
B10_D1,369,0,191,0,0
B6_D1,303,0,374,0,0
B6_D1,287,0,476,0,0
B10_D1,882,0,262,0,0
B6_D1,1008,0,15,0,0
G1_D1,327,0,134,0,0
B6_D1,1014,0,71,0,0
B10_D1,847,0,57,0,0
G1_D1,740,0,34,0,0
B6_D1,791,0,104,0,0
B8_D1,750,0,205,0,0
B6_D1,481,0,393,0,0
B10_D1,236,0,163,0,0
B2_D1,775,0,12,0,0
B10_D1,64,0,185,0,0
B2_D1,419,0,171,0,0
G1_D1,316,0,30,0,0
B10_D1,461,0,163,0,0
G1_D1,822,0,217,0,0
B10_D1,138,0,134,0,0
B10_D1,3,0,315,0,0
B10_D1,917,0,470,0,0
G1_D1,122,0,23,0,0
B10_D1,1021,0,156,0,0
B6_D1,18,0,0,0,0
B4_D1,65,0,285,0,0
G1_D1,10,0,393,0,0
B10_D1,93,0,99,0,0
B10_D1,877,0,271,0,0
B6_D1,834,0,358,0,0
B10_D1,604,0,287,0,0
B10_D1,223,0,167,0,0
B6_D1,636,0,24,0,0
G1_D1,936,0,290,0,0
B6_D1,299,0,479,0,0
B10_D1,763,0,99,0,0
G1_D1,494,0,481,0,0
B6_D1,164,0,509,0,0
B10_D1,292,0,172,0,0
B10_D1,752,0,445,0,0
B10_D1,377,0,15,0,0
B6_D1,223,0,75,0,0
B4_D1,535,0,206,0,0
G1_D1,878,0,11,0,0
B6_D1,520,0,130,0,0
B6_D1,646,0,173,0,0
G1_D1,111,0,501,0,0
B6_D1,123,0,314,0,0
B10_D1,855,0,347,0,0
B6_D1,545,0,447,0,0
B10_D1,319,0,37,0,0
B6_D1,753,0,267,0,0
B6_D1,394,0,26,0,0
B8_D1,83,0,145,0,0
B10_D1,639,0,371,0,0
B6_D1,116,0,16,0,0
B6_D1,179,0,386,0,0
B6_D1,203,0,477,0,0
B10_D1,557,0,477,0,0
B6_D1,724,0,38,0,0
B2_D1,256,0,128,0,0
B6_D1,726,0,355,0,0
B10_D1,191,0,11,0,0
B10_D1,734,0,48,0,0
B10_D1,171,0,65,0,0
B6_D1,930,0,45,0,0
B6_D1,56,0,488,0,0
B6_D1,818,0,265,0,0
B8_D1,373,0,189,0,0
B10_D1,340,0,282,0,0
G1_D1,350,0,224,0,0
B10_D1,287,0,414,0,0
B6_D1,271,0,158,0,0
G1_D1,676,0,185,0,0
B6_D1,236,0,173,0,0
G1_D1,542,0,278,0,0
B10_D1,652,0,6,0,0
G1_D1,1008,0,161,0,0
B10_D1,757,0,272,0,0
B10_D1,690,0,28,0,0
B10_D1,104,0,269,0,0
B6_D1,511,0,364,0,0
B2_D1,954,0,258,0,0
B10_D1,720,0,67,0,0
B6_D1,120,0,138,0,0
B10_D1,581,0,216,0,0
B10_D1,426,0,410,0,0
B6_D1,8,0,488,0,0
B6_D1,612,0,18,0,0
B6_D1,47,0,401,0,0
B4_D1,881,0,14,0,0
B10_D1,394,0,71,0,0
G1_D1,965,0,40,0,0
B10_D1,769,0,327,0,0
B10_D1,255,0,32,0,0
G1_D1,663,0,473,0,0
B10_D1,589,0,138,0,0
B4_D1,749,0,217,0,0
B10_D1,395,0,443,0,0
G1_D1,137,0,62,0,0
B2_D1,621,0,25,0,0
B8_D1,771,0,229,0,0
B6_D1,200,0,370,0,0
G1_D1,898,0,391,0,0
B2_D1,752,0,38,0,0
G1_D1,194,0,23,0,0
B6_D1,318,0,80,0,0
B4_D1,933,0,47,0,0
B6_D1,140,0,128,0,0
B6_D1,150,0,142,0,0
B6_D1,1002,0,420,0,0
B2_D1,830,0,48,0,0
G1_D1,955,0,262,0,0
B6_D1,54,0,280,0,0
B10_D1,23,0,112,0,0
G1_D1,320,0,388,0,0
B10_D1,624,0,196,0,0
B6_D1,68,0,43,0,0
B10_D1,4,0,159,0,0
B10_D1,614,0,234,0,0
B8_D1,919,0,236,0,0
B6_D1,934,0,495,0,0
B10_D1,159,0,281,0,0
B10_D1,530,0,128,0,0
B4_D1,279,0,211,0,0
B10_D1,192,0,432,0,0
B8_D1,1,0,314,0,0
G1_D1,45,0,85,0,0
B6_D1,586,0,351,0,0
G1_D1,713,0,471,0,0
G1_D1,765,0,83,0,0
B6_D1,842,0,50,0,0
B6_D1,617,0,59,0,0
B4_D1,68,0,456,0,0
B10_D1,520,0,161,0,0
B6_D1,156,0,9,0,0
B2_D1,718,0,83,0,0
G1_D1,270,0,289,0,0
B6_D1,464,0,37,0,0
B10_D1,143,0,138,0,0
B10_D1,822,0,70,0,0
B6_D1,761,0,214,0,0
B6_D1,14,0,34,0,0
B6_D1,132,0,487,0,0
B10_D1,505,0,68,0,0
B6_D1,948,0,290,0,0
B10_D1,262,0,311,0,0
G1_D1,1018,0,175,0,0
B6_D1,969,0,364,0,0
G1_D1,233,0,60,0,0
G1_D1,28,0,212,0,0
B10_D1,920,0,68,0,0
B10_D1,149,0,217,0,0
B10_D1,426,0,74,0,0
B6_D1,446,0,509,0,0
G1_D1,764,0,327,0,0
B6_D1,948,0,429,0,0
B6_D1,576,0,511,0,0
G1_D1,799,0,191,0,0
G1_D1,851,0,259,0,0
B8_D1,44,0,193,0,0
B6_D1,884,0,491,0,0
G1_D1,22,0,174,0,0
B6_D1,924,0,424,0,0
B10_D1,584,0,329,0,0
B4_D1,548,0,294,0,0
G1_D1,374,0,198,0,0
B6_D1,464,0,158,0,0
B6_D1,622,0,193,0,0
B10_D1,116,0,59,0,0
B6_D1,762,0,502,0,0
B10_D1,227,0,43,0,0
B6_D1,974,0,419,0,0
G1_D1,991,0,30,0,0
G1_D1,1009,0,201,0,0
G1_D1,759,0,70,0,0
B6_D1,708,0,441,0,0
B6_D1,312,0,461,0,0
B6_D1,478,0,244,0,0
B6_D1,101,0,462,0,0
G1_D1,157,0,386,0,0
B4_D1,527,0,247,0,0
B6_D1,704,0,488,0,0
B10_D1,673,0,304,0,0
G1_D1,593,0,14,0,0
B10_D1,192,0,431,0,0
B6_D1,661,0,301,0,0
G1_D1,614,0,316,0,0
G1_D1,302,0,87,0,0
B4_D1,682,0,103,0,0
B6_D1,280,0,49,0,0
B10_D1,311,0,63,0,0
B6_D1,331,0,172,0,0
G1_D1,754,0,9,0,0
G1_D1,613,0,12,0,0
B6_D1,806,0,509,0,0
B10_D1,152,0,183,0,0
G1_D1,331,0,268,0,0
B4_D1,6,0,502,0,0
B6_D1,725,0,198,0,0
B4_D1,837,0,32,0,0
G1_D1,174,0,54,0,0
B6_D1,410,0,509,0,0
B6_D1,759,0,226,0,0
G1_D1,442,0,510,0,0
B4_D1,122,0,420,0,0
B6_D1,971,0,306,0,0
G1_D1,55,0,447,0,0
B6_D1,665,0,359,0,0
B6_D1,186,0,84,0,0
G1_D1,869,0,392,0,0
B10_D1,818,0,26,0,0
G1_D1,191,0,118,0,0
B6_D1,548,0,31,0,0
G1_D1,297,0,269,0,0
B10_D1,636,0,180,0,0
B10_D1,375,0,114,0,0
G1_D1,868,0,339,0,0
B10_D1,154,0,98,0,0
B10_D1,46,0,265,0,0
B8_D1,1023,0,402,0,0
B4_D1,1023,0,297,0,0
B10_D1,345,0,246,0,0
B6_D1,600,0,39,0,0
B10_D1,47,0,30,0,0
G1_D1,813,0,320,0,0
B6_D1,566,0,177,0,0
B6_D1,824,0,28,0,0
B4_D1,941,0,32,0,0
B4_D1,190,0,137,0,0
G1_D1,545,0,279,0,0
G1_D1,209,0,2,0,0
B6_D1,848,0,22,0,0
B6_D1,138,0,449,0,0
B6_D1,159,0,350,0,0
G1_D1,905,0,319,0,0
B10_D1,270,0,179,0,0
B10_D1,208,0,285,0,0
G1_D1,309,0,269,0,0
G1_D1,18,0,291,0,0
B10_D1,840,0,188,0,0
G1_D1,37,0,175,0,0
B6_D1,291,0,89,0,0
G1_D1,714,0,306,0,0
B4_D1,741,0,89,0,0
B10_D1,831,0,353,0,0
B6_D1,973,0,410,0,0
B6_D1,40,0,198,0,0
B6_D1,6,0,36,0,0
B4_D1,722,0,139,0,0
B6_D1,752,0,63,0,0
B10_D1,267,0,47,0,0
B4_D1,240,0,131,0,0
B6_D1,151,0,219,0,0
B10_D1,14,0,322,0,0
B6_D1,846,0,327,0,0
B10_D1,539,0,477,0,0
B2_D1,451,0,243,0,0
B6_D1,799,0,245,0,0
G1_D1,950,0,254,0,0
B6_D1,247,0,398,0,0
G1_D1,660,0,298,0,0
B10_D1,19,0,192,0,0
B10_D1,405,0,66,0,0
G1_D1,93,0,368,0,0
B10_D1,990,0,58,0,0
G1_D1,41,0,28,0,0
B6_D1,562,0,391,0,0
B4_D1,196,0,62,0,0
B10_D1,482,0,84,0,0
B6_D1,541,0,364,0,0
B2_D1,239,0,298,0,0
G1_D1,209,0,438,0,0
B6_D1,118,0,325,0,0
B2_D1,329,0,202,0,0
G1_D1,1009,0,313,0,0
B10_D1,750,0,261,0,0
G1_D1,105,0,275,0,0
G1_D1,805,0,271,0,0
G1_D1,750,0,464,0,0
B10_D1,845,0,511,0,0
B6_D1,300,0,148,0,0
B8_D1,798,0,307,0,0
B10_D1,848,0,383,0,0
B10_D1,867,0,399,0,0
G1_D1,809,0,15,0,0
B8_D1,314,0,186,0,0
B6_D1,975,0,175,0,0
B10_D1,700,0,286,0,0
G1_D1,576,0,136,0,0
B6_D1,564,0,24,0,0
B6_D1,541,0,336,0,0
G1_D1,352,0,85,0,0
B10_D1,619,0,314,0,0
G1_D1,536,0,25,0,0
B10_D1,773,0,49,0,0
B4_D1,61,0,306,0,0
B10_D1,221,0,290,0,0
B4_D1,942,0,117,0,0
B6_D1,907,0,440,0,0
B8_D1,760,0,243,0,0
B10_D1,433,0,504,0,0
B10_D1,472,0,470,0,0
B6_D1,659,0,212,0,0
B10_D1,783,0,243,0,0
G1_D1,962,0,28,0,0
G1_D1,247,0,157,0,0
B6_D1,374,0,370,0,0
B6_D1,71,0,99,0,0
G1_D1,76,0,55,0,0
B10_D1,215,0,26,0,0
G1_D1,358,0,9,0,0
B6_D1,248,0,28,0,0
B10_D1,860,0,287,0,0
B6_D1,719,0,470,0,0
B6_D1,175,0,397,0,0
G1_D1,858,0,109,0,0
B6_D1,1,0,193,0,0
G1_D1,33,0,125,0,0
B2_D1,347,0,116,0,0
B6_D1,658,0,8,0,0
G1_D1,930,0,291,0,0
B2_D1,175,0,62,0,0
B4_D1,978,0,83,0,0
G1_D1,513,0,272,0,0
B6_D1,824,0,4,0,0
B10_D1,709,0,421,0,0
G1_D1,68,0,1,0,0
B6_D1,423,0,53,0,0
B10_D1,35,0,10,0,0
B10_D1,644,0,52,0,0
B10_D1,381,0,288,0,0
B10_D1,400,0,130,0,0
B6_D1,763,0,445,0,0
G1_D1,685,0,309,0,0
B6_D1,7,0,299,0,0
B10_D1,636,0,472,0,0
B6_D1,416,0,113,0,0
B6_D1,964,0,409,0,0
B10_D1,33,0,392,0,0
B6_D1,241,0,161,0,0
B6_D1,212,0,4,0,0
B6_D1,425,0,144,0,0
B10_D1,472,0,85,0,0
B6_D1,473,0,228,0,0
B6_D1,219,0,134,0,0
B2_D1,427,0,170,0,0
B6_D1,837,0,133,0,0
G1_D1,165,0,106,0,0
B6_D1,845,0,386,0,0
B6_D1,505,0,184,0,0
B6_D1,269,0,270,0,0
B10_D1,628,0,274,0,0
B10_D1,201,0,138,0,0
B6_D1,518,0,25,0,0
B6_D1,54,0,393,0,0
B6_D1,134,0,114,0,0
B8_D1,915,0,237,0,0
B8_D1,142,0,243,0,0
B6_D1,534,0,3,0,0
B6_D1,310,0,144,0,0
B6_D1,65,0,411,0,0
B6_D1,628,0,498,0,0
B6_D1,384,0,9,0,0
B6_D1,91,0,117,0,0
B6_D1,497,0,384,0,0
B6_D1,6,0,511,0,0
B8_D1,439,0,199,0,0
G1_D1,696,0,267,0,0
G1_D1,671,0,84,0,0
B10_D1,500,0,129,0,0
B2_D1,490,0,468,0,0
B10_D1,349,0,245,0,0
B10_D1,615,0,194,0,0
B6_D1,930,0,511,0,0
B6_D1,898,0,501,0,0
B10_D1,401,0,18,0,0
B2_D1,859,0,53,0,0
G1_D1,1007,0,137,0,0
B6_D1,170,0,22,0,0
B10_D1,180,0,51,0,0
B6_D1,900,0,36,0,0
B10_D1,575,0,0,0,0
B6_D1,314,0,466,0,0
B2_D1,577,0,117,0,0
B10_D1,409,0,247,0,0
B10_D1,147,0,280,0,0
B10_D1,184,0,102,0,0
G1_D1,575,0,15,0,0
B10_D1,177,0,506,0,0
B4_D1,539,0,414,0,0
G1_D1,474,0,85,0,0
B10_D1,597,0,487,0,0
G1_D1,389,0,391,0,0
G1_D1,45,0,324,0,0
B10_D1,874,0,214,0,0
B6_D1,918,0,39,0,0
B10_D1,582,0,201,0,0
B6_D1,362,0,459,0,0
B6_D1,792,0,3,0,0
B10_D1,333,0,8,0,0
G1_D1,634,0,162,0,0
B4_D1,838,0,68,0,0
G1_D1,647,0,463,0,0
B6_D1,802,0,389,0,0
B10_D1,137,0,456,0,0
B6_D1,944,0,13,0,0
B6_D1,293,0,265,0,0
B10_D1,815,0,511,0,0
B10_D1,1023,0,203,0,0
G1_D1,63,0,44,0,0
B10_D1,267,0,183,0,0
B6_D1,696,0,505,0,0
B4_D1,1019,0,133,0,0
B10_D1,143,0,322,0,0
B6_D1,688,0,387,0,0
B6_D1,954,0,484,0,0
B6_D1,750,0,508,0,0
B6_D1,876,0,21,0,0
B6_D1,534,0,511,0,0
B6_D1,550,0,501,0,0
B6_D1,700,0,510,0,0
B10_D1,382,0,257,0,0
B4_D1,681,0,60,0,0
B10_D1,816,0,177,0,0
B4_D1,277,0,209,0,0
B6_D1,311,0,75,0,0
B10_D1,686,0,311,0,0
G1_D1,965,0,25,0,0
B10_D1,845,0,105,0,0
G1_D1,638,0,5,0,0
B4_D1,763,0,91,0,0
B6_D1,364,0,20,0,0
G1_D1,47,0,2,0,0
B2_D1,315,0,492,0,0
B6_D1,739,0,461,0,0
G1_D1,1017,0,430,0,0
B6_D1,305,0,263,0,0
B6_D1,944,0,228,0,0
B10_D1,685,0,255,0,0
B10_D1,853,0,228,0,0
B10_D1,312,0,214,0,0
B6_D1,798,0,505,0,0
B2_D1,984,0,28,0,0
G1_D1,342,0,362,0,0
G1_D1,460,0,98,0,0
B10_D1,449,0,279,0,0
B10_D1,536,0,300,0,0
G1_D1,170,0,1,0,0
B6_D1,994,0,469,0,0
B4_D1,554,0,73,0,0
B10_D1,463,0,158,0,0
B10_D1,917,0,262,0,0
B10_D1,301,0,254,0,0
G1_D1,350,0,401,0,0
G1_D1,826,0,511,0,0
G1_D1,373,0,226,0,0
G1_D1,742,0,3,0,0
G1_D1,595,0,241,0,0
B4_D1,749,0,216,0,0
G1_D1,21,0,73,0,0
B6_D1,783,0,93,0,0
G1_D1,658,0,273,0,0
G1_D1,923,0,304,0,0
B10_D1,534,0,247,0,0
B6_D1,154,0,501,0,0
B10_D1,866,0,369,0,0
B4_D1,102,0,125,0,0
B6_D1,22,0,70,0,0
B2_D1,666,0,145,0,0
B10_D1,741,0,26,0,0
B6_D1,979,0,142,0,0
B6_D1,237,0,382,0,0
B6_D1,64,0,17,0,0
B6_D1,695,0,230,0,0
G1_D1,44,0,291,0,0
G1_D1,321,0,17,0,0
G1_D1,396,0,7,0,0
B10_D1,2,0,273,0,0
B4_D1,653,0,326,0,0
B10_D1,345,0,21,0,0
B4_D1,693,0,252,0,0
G1_D1,331,0,397,0,0
B6_D1,28,0,29,0,0
B10_D1,334,0,505,0,0
B10_D1,186,0,110,0,0
G1_D1,572,0,119,0,0
B4_D1,752,0,232,0,0
G1_D1,589,0,278,0,0
B6_D1,232,0,483,0,0
B10_D1,953,0,282,0,0
B10_D1,163,0,118,0,0
B10_D1,910,0,391,0,0
B6_D1,548,0,488,0,0
B10_D1,214,0,233,0,0
B6_D1,598,0,389,0,0
B6_D1,942,0,241,0,0
B10_D1,90,0,137,0,0
B10_D1,104,0,51,0,0
B4_D1,2,0,333,0,0
B2_D1,910,0,38,0,0
B6_D1,552,0,33,0,0
B6_D1,977,0,93,0,0
B10_D1,812,0,37,0,0
G1_D1,1013,0,195,0,0
B10_D1,12,0,41,0,0
G1_D1,1002,0,244,0,0
G1_D1,551,0,35,0,0
B6_D1,972,0,191,0,0
B6_D1,724,0,486,0,0
B6_D1,141,0,318,0,0
B6_D1,209,0,388,0,0
B6_D1,143,0,328,0,0
B10_D1,528,0,5,0,0
B10_D1,314,0,213,0,0
B6_D1,840,0,45,0,0
G1_D1,298,0,123,0,0
B10_D1,12,0,164,0,0
B6_D1,541,0,297,0,0
B6_D1,896,0,447,0,0
B6_D1,563,0,316,0,0
B10_D1,783,0,377,0,0
G1_D1,305,0,97,0,0
B10_D1,845,0,234,0,0
B4_D1,3,0,489,0,0
B10_D1,450,0,117,0,0
B10_D1,184,0,13,0,0
B6_D1,857,0,204,0,0
B10_D1,617,0,26,0,0
B10_D1,207,0,37,0,0
B6_D1,61,0,139,0,0
B6_D1,169,0,218,0,0
B10_D1,717,0,427,0,0
B10_D1,367,0,280,0,0
B10_D1,347,0,272,0,0
B6_D1,218,0,424,0,0
B10_D1,92,0,194,0,0
G1_D1,29,0,50,0,0
B10_D1,419,0,411,0,0
B10_D1,385,0,490,0,0
B6_D1,922,0,269,0,0
B6_D1,520,0,35,0,0
B6_D1,724,0,384,0,0
G1_D1,279,0,412,0,0
B10_D1,496,0,244,0,0
G1_D1,683,0,266,0,0
B10_D1,443,0,163,0,0
B10_D1,324,0,214,0,0
B10_D1,182,0,508,0,0
B4_D1,868,0,261,0,0
B6_D1,77,0,395,0,0
B6_D1,430,0,142,0,0
B10_D1,12,0,115,0,0
B2_D1,236,0,130,0,0
B6_D1,92,0,34,0,0
B6_D1,775,0,425,0,0
B4_D1,803,0,13,0,0
B6_D1,386,0,13,0,0
B6_D1,977,0,406,0,0
B2_D1,762,0,201,0,0
B6_D1,466,0,272,0,0
B6_D1,553,0,362,0,0
B2_D1,456,0,473,0,0
B4_D1,341,0,204,0,0
B10_D1,198,0,238,0,0
G1_D1,995,0,74,0,0
B4_D1,524,0,218,0,0
G1_D1,748,0,71,0,0
B10_D1,896,0,307,0,0
G1_D1,577,0,278,0,0
B10_D1,409,0,502,0,0
B10_D1,458,0,89,0,0
B6_D1,660,0,407,0,0
B6_D1,169,0,238,0,0
G1_D1,329,0,276,0,0
B6_D1,667,0,377,0,0
B10_D1,660,0,70,0,0
B6_D1,106,0,489,0,0
G1_D1,721,0,165,0,0
B6_D1,479,0,160,0,0
B6_D1,1009,0,139,0,0
B10_D1,142,0,310,0,0
B10_D1,613,0,280,0,0
B10_D1,24,0,215,0,0
B10_D1,142,0,265,0,0
G1_D1,212,0,11,0,0
B6_D1,438,0,275,0,0
B10_D1,229,0,430,0,0
G1_D1,1016,0,245,0,0
B6_D1,456,0,332,0,0
G1_D1,672,0,95,0,0
B4_D1,1019,0,29,0,0
B6_D1,662,0,25,0,0
G1_D1,31,0,133,0,0
B10_D1,191,0,206,0,0
G1_D1,342,0,438,0,0
B4_D1,763,0,310,0,0
B10_D1,552,0,169,0,0
G1_D1,30,0,304,0,0
B6_D1,762,0,236,0,0
B2_D1,506,0,220,0,0
B6_D1,198,0,152,0,0
B6_D1,558,0,319,0,0
B4_D1,386,0,393,0,0
G1_D1,73,0,281,0,0
B4_D1,110,0,327,0,0
B6_D1,755,0,337,0,0
B10_D1,757,0,403,0,0
B10_D1,706,0,447,0,0
B6_D1,30,0,490,0,0
B10_D1,189,0,195,0,0
G1_D1,545,0,111,0,0
B10_D1,577,0,486,0,0
B6_D1,228,0,24,0,0
B6_D1,123,0,137,0,0
B10_D1,898,0,249,0,0
B6_D1,621,0,361,0,0
B10_D1,672,0,70,0,0
G1_D1,888,0,465,0,0
G1_D1,531,0,10,0,0
B10_D1,676,0,99,0,0
B10_D1,908,0,388,0,0
B6_D1,650,0,54,0,0
G1_D1,726,0,93,0,0
B6_D1,936,0,499,0,0
B8_D1,657,0,229,0,0
G1_D1,786,0,200,0,0
B4_D1,846,0,128,0,0
G1_D1,671,0,111,0,0
G1_D1,662,0,49,0,0
B2_D1,235,0,12,0,0
B10_D1,109,0,128,0,0
G1_D1,27,0,113,0,0
B4_D1,931,0,85,0,0
B10_D1,623,0,210,0,0
B6_D1,848,0,190,0,0
B2_D1,660,0,91,0,0
B6_D1,164,0,491,0,0
B10_D1,287,0,243,0,0
B6_D1,907,0,306,0,0
B10_D1,565,0,113,0,0
B8_D1,83,0,227,0,0
B6_D1,997,0,90,0,0
B8_D1,893,0,303,0,0
B6_D1,814,0,106,0,0
B10_D1,605,0,0,0,0
G1_D1,784,0,41,0,0
B6_D1,594,0,375,0,0
G1_D1,674,0,1,0,0
B6_D1,10,0,492,0,0
G1_D1,76,0,272,0,0
B4_D1,395,0,400,0,0
B6_D1,486,0,15,0,0
B10_D1,273,0,248,0,0
B6_D1,843,0,308,0,0
B10_D1,857,0,4,0,0
B6_D1,94,0,282,0,0
G1_D1,764,0,66,0,0
B4_D1,432,0,421,0,0
B6_D1,796,0,510,0,0
B4_D1,4,0,393,0,0
B2_D1,503,0,366,0,0
B6_D1,974,0,126,0,0
G1_D1,737,0,266,0,0
B10_D1,230,0,177,0,0
B6_D1,270,0,36,0,0
B10_D1,375,0,242,0,0
B4_D1,216,0,68,0,0
B6_D1,57,0,430,0,0
B4_D1,6,0,67,0,0
B10_D1,378,0,64,0,0
B6_D1,723,0,284,0,0
B6_D1,733,0,435,0,0
B6_D1,437,0,479,0,0
G1_D1,968,0,57,0,0
B10_D1,697,0,104,0,0
B10_D1,136,0,189,0,0
B2_D1,803,0,63,0,0
B10_D1,68,0,325,0,0
B10_D1,927,0,66,0,0
B10_D1,89,0,280,0,0
B10_D1,596,0,143,0,0
B10_D1,843,0,284,0,0
B2_D1,1,0,64,0,0
B6_D1,718,0,510,0,0
B10_D1,612,0,40,0,0
B6_D1,512,0,497,0,0
B6_D1,465,0,73,0,0
B6_D1,501,0,134,0,0
B6_D1,704,0,421,0,0
G1_D1,642,0,33,0,0
B6_D1,178,0,65,0,0
B10_D1,598,0,32,0,0
B6_D1,715,0,113,0,0
B2_D1,99,0,314,0,0
G1_D1,13,0,362,0,0
B10_D1,655,0,272,0,0
B10_D1,666,0,23,0,0
B6_D1,308,0,503,0,0
B6_D1,119,0,250,0,0
B6_D1,141,0,117,0,0
B6_D1,942,0,45,0,0
B6_D1,696,0,499,0,0
B8_D1,168,0,341,0,0
B8_D1,24,0,199,0,0
B10_D1,244,0,62,0,0
B10_D1,637,0,475,0,0
B2_D1,424,0,505,0,0
B4_D1,149,0,16,0,0
B6_D1,976,0,180,0,0
G1_D1,883,0,264,0,0
B6_D1,831,0,126,0,0
B6_D1,738,0,33,0,0
B10_D1,318,0,419,0,0
G1_D1,985,0,108,0,0
B2_D1,424,0,44,0,0
B10_D1,256,0,36,0,0
B6_D1,707,0,155,0,0
B6_D1,244,0,111,0,0
B6_D1,584,0,22,0,0
G1_D1,999,0,53,0,0
G1_D1,9,0,203,0,0
B10_D1,490,0,409,0,0
B2_D1,777,0,0,0,0
B6_D1,758,0,1,0,0
B2_D1,163,0,254,0,0
B6_D1,814,0,5,0,0
B6_D1,530,0,46,0,0
B6_D1,845,0,304,0,0
B2_D1,775,0,133,0,0
B6_D1,823,0,306,0,0
B10_D1,1002,0,55,0,0
B4_D1,636,0,181,0,0
B6_D1,167,0,273,0,0
B10_D1,77,0,312,0,0
B6_D1,425,0,124,0,0
B2_D1,525,0,364,0,0
B6_D1,647,0,233,0,0
B10_D1,39,0,292,0,0
B10_D1,625,0,314,0,0
B4_D1,249,0,272,0,0
B10_D1,2,0,368,0,0
B10_D1,934,0,76,0,0
B6_D1,988,0,344,0,0
B10_D1,287,0,418,0,0
B10_D1,639,0,121,0,0
B2_D1,581,0,510,0,0
G1_D1,854,0,77,0,0
G1_D1,628,0,163,0,0
B6_D1,513,0,274,0,0
B6_D1,610,0,498,0,0
B6_D1,711,0,54,0,0
G1_D1,714,0,469,0,0
B10_D1,767,0,453,0,0
B10_D1,728,0,82,0,0
B2_D1,515,0,366,0,0
B10_D1,912,0,236,0,0
B6_D1,243,0,467,0,0
B10_D1,234,0,64,0,0
B2_D1,645,0,225,0,0
B6_D1,593,0,263,0,0
B10_D1,27,0,178,0,0
B10_D1,363,0,145,0,0
B6_D1,358,0,501,0,0
B10_D1,408,0,484,0,0
G1_D1,291,0,10,0,0
B6_D1,250,0,495,0,0
B6_D1,823,0,79,0,0
B4_D1,166,0,120,0,0
B6_D1,227,0,341,0,0
B6_D1,673,0,64,0,0
B6_D1,600,0,166,0,0
B10_D1,562,0,159,0,0
B10_D1,747,0,362,0,0
B6_D1,836,0,482,0,0
B10_D1,775,0,109,0,0
B10_D1,258,0,64,0,0
B6_D1,660,0,478,0,0
B10_D1,423,0,121,0,0
B6_D1,1010,0,509,0,0
B6_D1,546,0,158,0,0
B6_D1,466,0,5,0,0
B10_D1,383,0,176,0,0
G1_D1,459,0,480,0,0
B6_D1,190,0,47,0,0
B10_D1,379,0,142,0,0
B6_D1,403,0,173,0,0
B10_D1,41,0,175,0,0
G1_D1,217,0,128,0,0
B6_D1,718,0,41,0,0
B6_D1,712,0,47,0,0
B6_D1,542,0,500,0,0
B6_D1,993,0,427,0,0
B10_D1,667,0,380,0,0
B6_D1,760,0,299,0,0
G1_D1,910,0,84,0,0
B10_D1,434,0,145,0,0
B10_D1,562,0,72,0,0
B6_D1,166,0,447,0,0
B10_D1,95,0,186,0,0
B10_D1,331,0,210,0,0
B6_D1,942,0,39,0,0
G1_D1,84,0,0,0,0
B10_D1,632,0,173,0,0
B10_D1,645,0,308,0,0
B10_D1,179,0,190,0,0
B6_D1,923,0,469,0,0
B2_D1,704,0,35,0,0
B6_D1,86,0,46,0,0
B6_D1,35,0,481,0,0
B10_D1,665,0,490,0,0
B6_D1,281,0,360,0,0
B6_D1,807,0,125,0,0
B6_D1,608,0,360,0,0
B6_D1,56,0,509,0,0
G1_D1,615,0,192,0,0
B10_D1,632,0,474,0,0
B4_D1,60,0,386,0,0
B6_D1,631,0,175,0,0
B6_D1,849,0,83,0,0
B2_D1,2,0,18,0,0
B6_D1,176,0,500,0,0
B6_D1,980,0,131,0,0
B8_D1,30,0,324,0,0
B6_D1,112,0,367,0,0
B6_D1,983,0,312,0,0
B2_D1,152,0,274,0,0
B6_D1,668,0,161,0,0
B2_D1,829,0,95,0,0
B10_D1,515,0,163,0,0
B6_D1,264,0,433,0,0
B10_D1,796,0,170,0,0
B6_D1,279,0,102,0,0
G1_D1,719,0,15,0,0
G1_D1,513,0,32,0,0
B6_D1,991,0,271,0,0
B6_D1,656,0,506,0,0
B6_D1,311,0,202,0,0
B4_D1,5,0,446,0,0
B10_D1,928,0,310,0,0
B10_D1,156,0,327,0,0
B6_D1,69,0,403,0,0
B10_D1,683,0,301,0,0
B6_D1,134,0,469,0,0
B10_D1,621,0,312,0,0
B6_D1,942,0,260,0,0
G1_D1,485,0,234,0,0
B6_D1,94,0,83,0,0
B6_D1,518,0,46,0,0
B6_D1,852,0,24,0,0
B10_D1,376,0,6,0,0
B6_D1,389,0,446,0,0
B6_D1,979,0,410,0,0
B4_D1,653,0,323,0,0
B4_D1,6,0,434,0,0
B6_D1,941,0,258,0,0
G1_D1,482,0,67,0,0
B6_D1,1,0,469,0,0
B10_D1,489,0,169,0,0
B6_D1,520,0,38,0,0
B2_D1,626,0,482,0,0
B10_D1,37,0,55,0,0
B10_D1,681,0,111,0,0
B10_D1,869,0,213,0,0
G1_D1,765,0,302,0,0
B6_D1,872,0,162,0,0
B10_D1,563,0,223,0,0
G1_D1,855,0,119,0,0
G1_D1,997,0,236,0,0
B6_D1,943,0,231,0,0
G1_D1,10,0,110,0,0
G1_D1,100,0,282,0,0
G1_D1,45,0,203,0,0
G1_D1,438,0,368,0,0
B10_D1,441,0,302,0,0
B10_D1,86,0,97,0,0
B6_D1,138,0,185,0,0
G1_D1,233,0,457,0,0
B6_D1,308,0,154,0,0
B2_D1,833,0,62,0,0
B6_D1,594,0,281,0,0
B6_D1,14,0,236,0,0
B6_D1,364,0,489,0,0
B10_D1,117,0,223,0,0
B6_D1,258,0,68,0,0
B10_D1,230,0,163,0,0
B4_D1,965,0,14,0,0
B6_D1,971,0,93,0,0
B6_D1,921,0,390,0,0
B10_D1,4,0,253,0,0
G1_D1,34,0,47,0,0
B10_D1,580,0,206,0,0
B6_D1,404,0,364,0,0
B6_D1,845,0,307,0,0
B6_D1,731,0,287,0,0
G1_D1,909,0,401,0,0
B10_D1,303,0,123,0,0
B2_D1,419,0,9,0,0
B10_D1,150,0,504,0,0
G1_D1,588,0,7,0,0
B10_D1,761,0,464,0,0
G1_D1,545,0,123,0,0
B6_D1,694,0,35,0,0
B4_D1,5,0,230,0,0
B6_D1,107,0,476,0,0
B8_D1,589,0,200,0,0
B10_D1,677,0,511,0,0
B10_D1,474,0,412,0,0
B4_D1,547,0,71,0,0
B6_D1,211,0,369,0,0
B4_D1,146,0,192,0,0
B10_D1,558,0,141,0,0
B6_D1,795,0,87,0,0
B2_D1,914,0,162,0,0
B6_D1,374,0,19,0,0
B6_D1,494,0,367,0,0
B10_D1,96,0,150,0,0
B8_D1,209,0,55,0,0
B6_D1,54,0,487,0,0
B6_D1,954,0,458,0,0
B6_D1,947,0,168,0,0
B2_D1,843,0,181,0,0
B6_D1,520,0,44,0,0
G1_D1,284,0,238,0,0
B6_D1,315,0,214,0,0
B10_D1,321,0,289,0,0
B10_D1,1007,0,0,0,0
B10_D1,86,0,88,0,0
B10_D1,18,0,22,0,0
B6_D1,272,0,28,0,0
B10_D1,325,0,270,0,0
B6_D1,603,0,158,0,0
B6_D1,781,0,359,0,0
B2_D1,693,0,476,0,0
B10_D1,622,0,117,0,0
B6_D1,634,0,466,0,0
B2_D1,845,0,101,0,0
B10_D1,781,0,327,0,0
B6_D1,804,0,33,0,0
B4_D1,849,0,239,0,0
B10_D1,881,0,203,0,0
B10_D1,585,0,145,0,0
B2_D1,294,0,44,0,0
G1_D1,29,0,230,0,0
B6_D1,35,0,122,0,0
B10_D1,417,0,462,0,0
B10_D1,820,0,315,0,0
G1_D1,257,0,132,0,0
B10_D1,404,0,280,0,0
B6_D1,523,0,398,0,0
B6_D1,253,0,373,0,0
G1_D1,743,0,8,0,0
B2_D1,589,0,452,0,0
B6_D1,179,0,131,0,0
B6_D1,887,0,478,0,0
B6_D1,988,0,483,0,0
B6_D1,808,0,390,0,0
B6_D1,311,0,201,0,0
G1_D1,718,0,313,0,0
B6_D1,606,0,333,0,0
G1_D1,737,0,249,0,0
G1_D1,1014,0,154,0,0
B4_D1,58,0,127,0,0
G1_D1,522,0,474,0,0
B10_D1,526,0,40,0,0
B6_D1,439,0,97,0,0
B10_D1,941,0,80,0,0
B6_D1,960,0,420,0,0
G1_D1,457,0,116,0,0
B6_D1,59,0,221,0,0
B10_D1,151,0,317,0,0
B10_D1,790,0,34,0,0
B6_D1,546,0,36,0,0
B10_D1,747,0,10,0,0
B10_D1,158,0,276,0,0
B10_D1,51,0,55,0,0
B6_D1,298,0,427,0,0
B10_D1,45,0,72,0,0
B6_D1,446,0,354,0,0
B6_D1,778,0,504,0,0
B10_D1,92,0,277,0,0
B6_D1,488,0,503,0,0
G1_D1,732,0,65,0,0
G1_D1,39,0,253,0,0
B10_D1,794,0,446,0,0
B6_D1,942,0,287,0,0
G1_D1,435,0,23,0,0
B6_D1,805,0,81,0,0
B6_D1,116,0,40,0,0
B2_D1,1,0,82,0,0
B6_D1,334,0,207,0,0
G1_D1,205,0,77,0,0
B4_D1,1023,0,72,0,0
G1_D1,779,0,2,0,0
G1_D1,835,0,315,0,0
B6_D1,332,0,488,0,0
B6_D1,738,0,15,0,0
B4_D1,724,0,191,0,0
B10_D1,915,0,81,0,0
B6_D1,185,0,147,0,0
B10_D1,909,0,315,0,0
B4_D1,64,0,27,0,0
G1_D1,977,0,40,0,0
B10_D1,623,0,364,0,0
B10_D1,392,0,193,0,0
B10_D1,485,0,110,0,0
G1_D1,246,0,122,0,0
B10_D1,791,0,271,0,0
B10_D1,948,0,5,0,0
B4_D1,655,0,184,0,0
G1_D1,131,0,458,0,0
G1_D1,556,0,17,0,0
B2_D1,557,0,159,0,0
B10_D1,580,0,270,0,0
B10_D1,934,0,357,0,0
B4_D1,843,0,92,0,0
B6_D1,562,0,299,0,0
B2_D1,139,0,452,0,0
B10_D1,992,0,211,0,0
B6_D1,1008,0,301,0,0
B2_D1,235,0,138,0,0
B4_D1,866,0,48,0,0
G1_D1,26,0,199,0,0
G1_D1,437,0,80,0,0
B4_D1,296,0,224,0,0
B6_D1,619,0,265,0,0
B6_D1,422,0,459,0,0
B6_D1,255,0,445,0,0
B6_D1,444,0,138,0,0
B6_D1,252,0,150,0,0
B6_D1,478,0,437,0,0
G1_D1,668,0,66,0,0
B6_D1,188,0,34,0,0
B10_D1,65,0,191,0,0
G1_D1,797,0,215,0,0
B10_D1,547,0,113,0,0
B10_D1,557,0,281,0,0
G1_D1,923,0,237,0,0
B6_D1,611,0,181,0,0
B10_D1,2,0,211,0,0
B4_D1,718,0,197,0,0
B6_D1,18,0,250,0,0
B6_D1,951,0,253,0,0
B6_D1,378,0,266,0,0
B10_D1,735,0,78,0,0
G1_D1,86,0,165,0,0
B6_D1,71,0,359,0,0
B6_D1,734,0,13,0,0
B6_D1,117,0,162,0,0
B4_D1,632,0,77,0,0
G1_D1,1003,0,136,0,0
B10_D1,142,0,274,0,0
B10_D1,1019,0,59,0,0
B6_D1,161,0,97,0,0
B10_D1,299,0,510,0,0
G1_D1,864,0,120,0,0
B10_D1,52,0,205,0,0
B2_D1,739,0,67,0,0
B10_D1,739,0,316,0,0
B2_D1,180,0,71,0,0
B10_D1,403,0,7,0,0
G1_D1,459,0,23,0,0
B10_D1,782,0,490,0,0
B6_D1,356,0,13,0,0
B6_D1,440,0,441,0,0
B10_D1,439,0,300,0,0
G1_D1,722,0,323,0,0
B10_D1,334,0,147,0,0
B10_D1,460,0,136,0,0
B10_D1,635,0,476,0,0
B2_D1,523,0,465,0,0
B6_D1,818,0,40,0,0
G1_D1,646,0,3,0,0
B6_D1,130,0,504,0,0
B10_D1,640,0,83,0,0
B6_D1,883,0,185,0,0
B10_D1,797,0,16,0,0
G1_D1,918,0,59,0,0
B6_D1,620,0,315,0,0
B10_D1,626,0,165,0,0
B6_D1,199,0,50,0,0
B2_D1,240,0,139,0,0
B4_D1,170,0,271,0,0
B10_D1,875,0,270,0,0
B10_D1,364,0,223,0,0
B6_D1,470,0,298,0,0
B2_D1,259,0,488,0,0
B6_D1,966,0,52,0,0
B10_D1,597,0,191,0,0
B10_D1,47,0,11,0,0
B10_D1,9,0,357,0,0
B6_D1,811,0,295,0,0
G1_D1,877,0,241,0,0
B4_D1,127,0,94,0,0
B8_D1,111,0,196,0,0
B10_D1,694,0,114,0,0
B6_D1,60,0,27,0,0
B4_D1,257,0,52,0,0
B10_D1,444,0,142,0,0
B6_D1,909,0,390,0,0
G1_D1,265,0,36,0,0
B6_D1,984,0,496,0,0
B2_D1,976,0,72,0,0
B6_D1,148,0,159,0,0
B10_D1,532,0,272,0,0
B6_D1,646,0,486,0,0
B6_D1,499,0,65,0,0
B6_D1,185,0,363,0,0
B6_D1,91,0,423,0,0
B6_D1,25,0,475,0,0
B6_D1,122,0,48,0,0
B6_D1,92,0,1,0,0
B10_D1,356,0,172,0,0
G1_D1,233,0,452,0,0
G1_D1,141,0,131,0,0
B10_D1,539,0,295,0,0
B6_D1,312,0,487,0,0
B2_D1,282,0,58,0,0
G1_D1,42,0,273,0,0
B6_D1,574,0,8,0,0
B10_D1,276,0,235,0,0
G1_D1,321,0,21,0,0
G1_D1,749,0,383,0,0
G1_D1,894,0,264,0,0
G1_D1,218,0,136,0,0
B4_D1,848,0,129,0,0
G1_D1,788,0,268,0,0
B10_D1,506,0,9,0,0
G1_D1,767,0,163,0,0
B10_D1,527,0,41,0,0
B2_D1,472,0,288,0,0
G1_D1,213,0,32,0,0
B6_D1,441,0,480,0,0
B6_D1,993,0,109,0,0
B6_D1,154,0,388,0,0
B6_D1,568,0,422,0,0
G1_D1,120,0,22,0,0
B10_D1,937,0,25,0,0
B10_D1,113,0,511,0,0
B10_D1,874,0,212,0,0
G1_D1,40,0,461,0,0
G1_D1,379,0,122,0,0
B10_D1,747,0,254,0,0
B6_D1,137,0,201,0,0
B6_D1,701,0,230,0,0
B6_D1,842,0,223,0,0
G1_D1,324,0,95,0,0
B2_D1,722,0,184,0,0
G1_D1,976,0,66,0,0
G1_D1,539,0,106,0,0
B10_D1,99,0,116,0,0
B6_D1,886,0,483,0,0
G1_D1,54,0,129,0,0
B4_D1,814,0,45,0,0
B4_D1,773,0,218,0,0
B6_D1,110,0,244,0,0
B10_D1,38,0,248,0,0
G1_D1,751,0,78,0,0
G1_D1,1021,0,59,0,0
B6_D1,278,0,7,0,0
B6_D1,360,0,36,0,0
B6_D1,438,0,9,0,0
G1_D1,136,0,262,0,0
B10_D1,255,0,236,0,0
B10_D1,955,0,62,0,0
B10_D1,299,0,75,0,0
B6_D1,302,0,168,0,0
B10_D1,416,0,503,0,0
B10_D1,113,0,108,0,0
B6_D1,321,0,214,0,0
B10_D1,361,0,267,0,0
B10_D1,78,0,124,0,0
B6_D1,204,0,6,0,0
B2_D1,304,0,40,0,0
B6_D1,954,0,42,0,0
B2_D1,638,0,507,0,0
B10_D1,957,0,42,0,0
G1_D1,546,0,510,0,0
B4_D1,44,0,402,0,0
G1_D1,944,0,1,0,0
B10_D1,64,0,45,0,0
G1_D1,823,0,42,0,0
B6_D1,938,0,197,0,0
G1_D1,316,0,75,0,0
B2_D1,966,0,63,0,0
B4_D1,646,0,97,0,0
G1_D1,18,0,120,0,0
B6_D1,911,0,216,0,0
B6_D1,824,0,371,0,0
B10_D1,132,0,275,0,0
B4_D1,435,0,410,0,0
G1_D1,117,0,501,0,0
B6_D1,822,0,36,0,0
B10_D1,412,0,262,0,0
B6_D1,946,0,41,0,0
B10_D1,582,0,272,0,0
B8_D1,326,0,186,0,0
B10_D1,630,0,412,0,0
B10_D1,790,0,62,0,0
B10_D1,636,0,147,0,0
B10_D1,899,0,34,0,0
B10_D1,760,0,55,0,0
B10_D1,95,0,164,0,0
B2_D1,446,0,489,0,0
B6_D1,561,0,361,0,0
B4_D1,132,0,154,0,0
B10_D1,111,0,116,0,0
B6_D1,115,0,95,0,0
G1_D1,1001,0,103,0,0
B6_D1,767,0,328,0,0
G1_D1,477,0,68,0,0
G1_D1,140,0,189,0,0
B6_D1,872,0,503,0,0
B10_D1,98,0,51,0,0
B8_D1,664,0,180,0,0
B10_D1,220,0,67,0,0
B6_D1,329,0,240,0,0
B8_D1,1022,0,465,0,0
B4_D1,849,0,15,0,0
G1_D1,984,0,270,0,0
B6_D1,585,0,170,0,0
B6_D1,482,0,326,0,0
B6_D1,13,0,247,0,0
B6_D1,118,0,479,0,0
G1_D1,539,0,123,0,0
B10_D1,563,0,303,0,0
B4_D1,442,0,424,0,0
B10_D1,438,0,297,0,0
B10_D1,522,0,5,0,0
B4_D1,296,0,273,0,0
B6_D1,802,0,38,0,0
B2_D1,783,0,26,0,0
G1_D1,230,0,272,0,0
B4_D1,273,0,19,0,0
B6_D1,586,0,501,0,0
B4_D1,73,0,24,0,0
B6_D1,914,0,43,0,0
B6_D1,2,0,34,0,0
B6_D1,682,0,369,0,0
B10_D1,727,0,35,0,0
G1_D1,851,0,126,0,0
B6_D1,944,0,293,0,0
G1_D1,730,0,62,0,0
B8_D1,206,0,344,0,0
B8_D1,725,0,247,0,0
G1_D1,206,0,271,0,0
B10_D1,148,0,447,0,0
B6_D1,90,0,129,0,0
B6_D1,210,0,36,0,0
B4_D1,942,0,59,0,0
B6_D1,98,0,1,0,0
B10_D1,610,0,358,0,0
B10_D1,347,0,485,0,0
B6_D1,122,0,130,0,0
G1_D1,259,0,45,0,0
B4_D1,969,0,36,0,0
G1_D1,70,0,352,0,0
G1_D1,1013,0,72,0,0
B6_D1,878,0,321,0,0
B6_D1,338,0,503,0,0
B10_D1,1006,0,113,0,0
B6_D1,721,0,148,0,0
G1_D1,690,0,34,0,0
G1_D1,26,0,99,0,0
B10_D1,134,0,230,0,0
B6_D1,556,0,351,0,0
G1_D1,234,0,59,0,0
B6_D1,520,0,495,0,0
B6_D1,150,0,183,0,0
G1_D1,289,0,35,0,0
B6_D1,1007,0,430,0,0
B10_D1,150,0,194,0,0
B10_D1,1014,0,473,0,0
G1_D1,225,0,505,0,0
G1_D1,22,0,301,0,0
B10_D1,308,0,244,0,0
B10_D1,463,0,309,0,0
B10_D1,335,0,148,0,0
B6_D1,429,0,481,0,0
B6_D1,697,0,50,0,0
B6_D1,962,0,131,0,0
B6_D1,966,0,425,0,0
B2_D1,779,0,467,0,0
B6_D1,938,0,13,0,0
G1_D1,640,0,18,0,0
B6_D1,301,0,333,0,0
B2_D1,878,0,172,0,0
B10_D1,179,0,251,0,0
B6_D1,456,0,30,0,0
B10_D1,470,0,471,0,0
B6_D1,12,0,27,0,0
B10_D1,298,0,126,0,0
B10_D1,1,0,256,0,0
B6_D1,828,0,379,0,0
B10_D1,284,0,171,0,0
G1_D1,542,0,71,0,0
B6_D1,309,0,145,0,0
B6_D1,674,0,345,0,0
B6_D1,880,0,159,0,0
G1_D1,150,0,31,0,0
B4_D1,913,0,103,0,0
B10_D1,311,0,154,0,0
B10_D1,462,0,297,0,0
B10_D1,446,0,273,0,0
B10_D1,384,0,414,0,0
B4_D1,4,0,506,0,0
B6_D1,404,0,4,0,0
B10_D1,405,0,95,0,0
G1_D1,23,0,111,0,0
G1_D1,515,0,15,0,0
G1_D1,222,0,69,0,0
B10_D1,93,0,284,0,0
B10_D1,151,0,118,0,0
G1_D1,838,0,18,0,0
G1_D1,265,0,489,0,0
B10_D1,690,0,72,0,0
B10_D1,995,0,207,0,0
B6_D1,177,0,106,0,0
B6_D1,490,0,29,0,0
B6_D1,888,0,66,0,0
B2_D1,747,0,283,0,0
G1_D1,803,0,60,0,0
B4_D1,779,0,14,0,0
G1_D1,308,0,23,0,0
B10_D1,377,0,155,0,0
B6_D1,154,0,127,0,0
B6_D1,353,0,137,0,0
B6_D1,418,0,11,0,0
G1_D1,929,0,237,0,0
B6_D1,456,0,0,0,0
B6_D1,94,0,479,0,0
B6_D1,14,0,482,0,0
B6_D1,706,0,233,0,0
B6_D1,3,0,225,0,0
B6_D1,580,0,159,0,0
G1_D1,666,0,509,0,0
B10_D1,11,0,135,0,0
B6_D1,225,0,156,0,0
B2_D1,581,0,0,0,0
B6_D1,636,0,505,0,0
G1_D1,935,0,78,0,0
B10_D1,1016,0,32,0,0
B10_D1,734,0,347,0,0
G1_D1,551,0,74,0,0
B6_D1,836,0,265,0,0
B10_D1,996,0,495,0,0
B10_D1,789,0,408,0,0
B10_D1,123,0,448,0,0
B4_D1,523,0,265,0,0
B6_D1,941,0,397,0,0
B10_D1,748,0,88,0,0
B6_D1,840,0,505,0,0
B10_D1,356,0,176,0,0
B6_D1,770,0,307,0,0
B6_D1,1002,0,110,0,0
B6_D1,310,0,483,0,0
B6_D1,753,0,480,0,0
G1_D1,252,0,176,0,0
B2_D1,11,0,510,0,0
B6_D1,891,0,417,0,0
B10_D1,754,0,55,0,0
G1_D1,948,0,248,0,0
G1_D1,51,0,75,0,0
B10_D1,648,0,5,0,0
B10_D1,384,0,312,0,0
B6_D1,386,0,43,0,0
B6_D1,674,0,197,0,0
G1_D1,763,0,352,0,0
B6_D1,1,0,374,0,0
B6_D1,12,0,24,0,0
B6_D1,398,0,7,0,0
B4_D1,0,0,336,0,0
B6_D1,738,0,190,0,0
B6_D1,781,0,453,0,0
G1_D1,563,0,96,0,0
G1_D1,1019,0,103,0,0
B4_D1,3,0,431,0,0
G1_D1,115,0,370,0,0
G1_D1,33,0,85,0,0
B10_D1,143,0,282,0,0
B6_D1,28,0,136,0,0
B6_D1,995,0,97,0,0
B4_D1,2,0,186,0,0
G1_D1,467,0,125,0,0
B4_D1,611,0,224,0,0
B10_D1,262,0,420,0,0
G1_D1,1004,0,205,0,0
G1_D1,165,0,156,0,0
B6_D1,871,0,219,0,0
B6_D1,882,0,39,0,0
B10_D1,648,0,136,0,0
B6_D1,924,0,264,0,0
G1_D1,746,0,5,0,0
B6_D1,13,0,135,0,0
B4_D1,298,0,65,0,0
B6_D1,564,0,493,0,0
B10_D1,732,0,401,0,0
B10_D1,30,0,127,0,0
B10_D1,469,0,277,0,0
B6_D1,770,0,162,0,0
B4_D1,76,0,167,0,0
G1_D1,707,0,463,0,0
G1_D1,294,0,198,0,0
B10_D1,486,0,412,0,0
B2_D1,643,0,167,0,0
B6_D1,768,0,339,0,0
B10_D1,337,0,210,0,0
B10_D1,599,0,286,0,0
B6_D1,437,0,376,0,0
B6_D1,948,0,241,0,0
B4_D1,879,0,34,0,0
B6_D1,146,0,16,0,0
B6_D1,423,0,61,0,0
G1_D1,761,0,36,0,0
B6_D1,1,0,301,0,0
B6_D1,831,0,130,0,0
B10_D1,585,0,185,0,0
B10_D1,786,0,23,0,0
B10_D1,295,0,338,0,0
B10_D1,851,0,205,0,0
B10_D1,48,0,202,0,0
B6_D1,446,0,37,0,0
B4_D1,252,0,223,0,0
B2_D1,876,0,210,0,0
B6_D1,716,0,7,0,0
B2_D1,429,0,32,0,0
G1_D1,40,0,222,0,0
B10_D1,617,0,103,0,0
G1_D1,607,0,183,0,0
B10_D1,806,0,251,0,0
G1_D1,19,0,16,0,0
B10_D1,341,0,411,0,0
B2_D1,901,0,112,0,0
B6_D1,342,0,332,0,0
G1_D1,224,0,1,0,0
B6_D1,894,0,144,0,0
G1_D1,780,0,218,0,0
B10_D1,593,0,195,0,0
B2_D1,781,0,1,0,0
B6_D1,178,0,281,0,0
B10_D1,110,0,89,0,0
B10_D1,821,0,384,0,0
B8_D1,703,0,186,0,0
B6_D1,76,0,23,0,0
B4_D1,941,0,14,0,0
B8_D1,790,0,231,0,0
B10_D1,150,0,313,0,0
B6_D1,152,0,276,0,0
B2_D1,806,0,444,0,0
B2_D1,582,0,361,0,0
B2_D1,140,0,455,0,0
G1_D1,879,0,112,0,0
B6_D1,960,0,169,0,0
B4_D1,828,0,258,0,0
B2_D1,292,0,294,0,0
B2_D1,587,0,159,0,0
B10_D1,680,0,164,0,0
B6_D1,804,0,493,0,0
G1_D1,541,0,68,0,0
B6_D1,397,0,449,0,0
B6_D1,767,0,195,0,0
B6_D1,1012,0,504,0,0
B10_D1,16,0,160,0,0
B4_D1,643,0,228,0,0
B4_D1,515,0,215,0,0
G1_D1,21,0,43,0,0
B10_D1,996,0,62,0,0
B6_D1,649,0,426,0,0
B10_D1,243,0,1,0,0
B6_D1,304,0,143,0,0
B10_D1,365,0,314,0,0
B10_D1,788,0,249,0,0
B6_D1,218,0,305,0,0
G1_D1,10,0,317,0,0
B4_D1,7,0,41,0,0
B6_D1,982,0,395,0,0
B6_D1,904,0,115,0,0
B10_D1,931,0,328,0,0
B10_D1,620,0,127,0,0
B6_D1,436,0,489,0,0
B10_D1,1,0,325,0,0
B10_D1,684,0,278,0,0
B6_D1,358,0,489,0,0
B6_D1,487,0,456,0,0
B10_D1,518,0,205,0,0
B6_D1,960,0,49,0,0
B10_D1,448,0,215,0,0
B2_D1,267,0,45,0,0
B4_D1,710,0,300,0,0
B10_D1,532,0,95,0,0
B10_D1,585,0,480,0,0
B10_D1,933,0,349,0,0
B6_D1,1018,0,318,0,0
B10_D1,760,0,252,0,0
B6_D1,74,0,443,0,0
B6_D1,129,0,421,0,0
B6_D1,814,0,504,0,0
G1_D1,826,0,127,0,0
G1_D1,253,0,67,0,0
G1_D1,11,0,97,0,0
G1_D1,258,0,18,0,0
B6_D1,250,0,492,0,0
B6_D1,21,0,385,0,0
B6_D1,72,0,134,0,0
B10_D1,626,0,367,0,0
B10_D1,715,0,478,0,0
B6_D1,790,0,35,0,0
B10_D1,138,0,306,0,0
B10_D1,603,0,92,0,0
G1_D1,669,0,263,0,0
B6_D1,364,0,44,0,0
B6_D1,179,0,169,0,0
B10_D1,509,0,79,0,0
B6_D1,140,0,209,0,0
G1_D1,524,0,19,0,0
B10_D1,283,0,457,0,0
B4_D1,223,0,354,0,0
G1_D1,13,0,90,0,0
B2_D1,149,0,50,0,0
B4_D1,787,0,262,0,0
B6_D1,349,0,223,0,0
B6_D1,372,0,9,0,0
B6_D1,982,0,44,0,0
G1_D1,555,0,247,0,0
G1_D1,697,0,144,0,0
B2_D1,0,0,244,0,0
B10_D1,789,0,234,0,0
G1_D1,761,0,8,0,0
B6_D1,953,0,251,0,0
B10_D1,485,0,56,0,0
B6_D1,568,0,282,0,0
B6_D1,749,0,72,0,0
B10_D1,733,0,345,0,0
B10_D1,8,0,177,0,0
B6_D1,116,0,50,0,0
G1_D1,11,0,230,0,0
G1_D1,995,0,246,0,0
B6_D1,840,0,511,0,0
B6_D1,367,0,143,0,0
B4_D1,161,0,167,0,0
B6_D1,289,0,395,0,0
B4_D1,219,0,39,0,0
B6_D1,506,0,1,0,0
B6_D1,801,0,82,0,0
B10_D1,750,0,465,0,0
B2_D1,235,0,68,0,0
B8_D1,140,0,123,0,0
G1_D1,102,0,297,0,0
G1_D1,642,0,510,0,0
B6_D1,727,0,52,0,0
G1_D1,1015,0,19,0,0
G1_D1,33,0,140,0,0
G1_D1,193,0,12,0,0
G1_D1,732,0,25,0,0
B10_D1,961,0,11,0,0
B4_D1,1023,0,79,0,0
B10_D1,530,0,13,0,0
G1_D1,1013,0,295,0,0
B6_D1,481,0,290,0,0
B6_D1,748,0,347,0,0
G1_D1,559,0,239,0,0
B10_D1,527,0,411,0,0
B6_D1,989,0,444,0,0
B6_D1,400,0,227,0,0
B4_D1,5,0,73,0,0
B10_D1,656,0,382,0,0
B4_D1,727,0,40,0,0
B10_D1,438,0,117,0,0
B6_D1,221,0,77,0,0
B10_D1,459,0,2,0,0
B6_D1,675,0,361,0,0
B2_D1,806,0,452,0,0
B4_D1,1023,0,49,0,0
B6_D1,904,0,117,0,0
B6_D1,839,0,215,0,0
B2_D1,50,0,122,0,0
B6_D1,678,0,27,0,0
B2_D1,191,0,231,0,0
B10_D1,718,0,436,0,0
B8_D1,1006,0,247,0,0
B10_D1,358,0,311,0,0
G1_D1,621,0,4,0,0
B6_D1,505,0,244,0,0
G1_D1,297,0,409,0,0
B10_D1,150,0,111,0,0
B10_D1,596,0,481,0,0
B4_D1,106,0,198,0,0
B10_D1,589,0,479,0,0
B10_D1,45,0,272,0,0
B10_D1,148,0,249,0,0
B6_D1,272,0,421,0,0
B10_D1,833,0,385,0,0
B6_D1,721,0,340,0,0
B6_D1,447,0,110,0,0
G1_D1,19,0,70,0,0
G1_D1,652,0,243,0,0
B10_D1,349,0,277,0,0
B6_D1,767,0,207,0,0
B10_D1,577,0,314,0,0
B10_D1,621,0,279,0,0
G1_D1,22,0,328,0,0
B10_D1,805,0,381,0,0
G1_D1,721,0,281,0,0
B6_D1,118,0,136,0,0
G1_D1,859,0,185,0,0
B10_D1,466,0,44,0,0
B6_D1,928,0,256,0,0
B6_D1,76,0,479,0,0
B6_D1,844,0,162,0,0
B6_D1,112,0,479,0,0
B6_D1,957,0,293,0,0
B10_D1,857,0,35,0,0
B6_D1,556,0,495,0,0
B8_D1,120,0,85,0,0
G1_D1,568,0,17,0,0
B6_D1,508,0,510,0,0
G1_D1,22,0,249,0,0
B6_D1,41,0,208,0,0
B6_D1,264,0,24,0,0
B6_D1,822,0,490,0,0
B10_D1,278,0,30,0,0
B10_D1,428,0,168,0,0
B6_D1,942,0,511,0,0
G1_D1,34,0,156,0,0
B6_D1,948,0,224,0,0
B6_D1,226,0,174,0,0
G1_D1,1005,0,267,0,0
B6_D1,794,0,1,0,0
B6_D1,394,0,167,0,0
G1_D1,808,0,390,0,0
B6_D1,182,0,116,0,0
B6_D1,787,0,306,0,0
B6_D1,820,0,483,0,0
B6_D1,886,0,474,0,0
B10_D1,959,0,256,0,0
B6_D1,630,0,3,0,0
B6_D1,43,0,474,0,0
B10_D1,9,0,47,0,0
B2_D1,904,0,412,0,0
B4_D1,667,0,250,0,0
B4_D1,874,0,231,0,0
G1_D1,1007,0,80,0,0
B6_D1,608,0,205,0,0
B2_D1,420,0,510,0,0
B10_D1,201,0,226,0,0
B10_D1,439,0,77,0,0
B4_D1,431,0,147,0,0
B6_D1,252,0,293,0,0
B10_D1,15,0,271,0,0
G1_D1,730,0,314,0,0
B6_D1,4,0,395,0,0
B10_D1,204,0,247,0,0
B6_D1,835,0,134,0,0
B10_D1,707,0,110,0,0
B10_D1,704,0,60,0,0
B10_D1,684,0,509,0,0
B10_D1,632,0,241,0,0
B6_D1,652,0,507,0,0
B10_D1,892,0,300,0,0
G1_D1,556,0,244,0,0
B4_D1,444,0,237,0,0
B6_D1,983,0,119,0,0
G1_D1,290,0,32,0,0
B6_D1,732,0,484,0,0
B2_D1,494,0,126,0,0
B10_D1,479,0,42,0,0
B10_D1,678,0,166,0,0
B8_D1,192,0,345,0,0
B10_D1,292,0,420,0,0
B6_D1,818,0,448,0,0
G1_D1,155,0,169,0,0
G1_D1,623,0,14,0,0
G1_D1,1003,0,19,0,0
B6_D1,61,0,289,0,0
G1_D1,873,0,438,0,0
B10_D1,329,0,314,0,0
G1_D1,1021,0,383,0,0
B10_D1,272,0,88,0,0
B10_D1,261,0,242,0,0
B10_D1,874,0,257,0,0
B10_D1,553,0,208,0,0
B6_D1,1020,0,268,0,0
B6_D1,775,0,360,0,0
G1_D1,649,0,177,0,0
B4_D1,21,0,3,0,0
G1_D1,998,0,48,0,0
B2_D1,411,0,110,0,0
G1_D1,638,0,19,0,0
G1_D1,18,0,129,0,0
G1_D1,681,0,4,0,0
G1_D1,524,0,1,0,0
B6_D1,741,0,99,0,0
B6_D1,530,0,260,0,0
B10_D1,427,0,283,0,0
B6_D1,262,0,501,0,0
B6_D1,727,0,113,0,0
G1_D1,398,0,23,0,0
B6_D1,964,0,206,0,0
B10_D1,6,0,90,0,0
B6_D1,318,0,137,0,0
B6_D1,892,0,158,0,0
G1_D1,796,0,424,0,0
G1_D1,148,0,411,0,0
B6_D1,880,0,474,0,0
B6_D1,484,0,437,0,0
G1_D1,278,0,285,0,0
B6_D1,384,0,170,0,0
B10_D1,860,0,67,0,0
G1_D1,340,0,3,0,0
B6_D1,118,0,260,0,0
B6_D1,66,0,456,0,0
B6_D1,234,0,490,0,0
B6_D1,1009,0,428,0,0
B10_D1,568,0,6,0,0
B6_D1,949,0,416,0,0
B10_D1,403,0,205,0,0
B4_D1,0,0,150,0,0
G1_D1,1011,0,10,0,0
B6_D1,878,0,43,0,0
B4_D1,538,0,269,0,0
G1_D1,656,0,475,0,0
G1_D1,1012,0,509,0,0
B10_D1,195,0,135,0,0
B6_D1,951,0,222,0,0
B10_D1,365,0,411,0,0
B2_D1,494,0,492,0,0
B10_D1,349,0,413,0,0
B6_D1,309,0,237,0,0
G1_D1,941,0,276,0,0
B6_D1,774,0,30,0,0
B6_D1,502,0,170,0,0
B10_D1,820,0,324,0,0
B2_D1,285,0,126,0,0
B10_D1,267,0,261,0,0
B6_D1,414,0,487,0,0
B10_D1,713,0,270,0,0
B4_D1,944,0,74,0,0
B10_D1,53,0,288,0,0
B10_D1,331,0,333,0,0
G1_D1,44,0,78,0,0
G1_D1,41,0,36,0,0
B10_D1,539,0,271,0,0
B10_D1,202,0,83,0,0
B6_D1,304,0,47,0,0
B6_D1,680,0,19,0,0
G1_D1,95,0,61,0,0
B6_D1,17,0,133,0,0
B6_D1,350,0,78,0,0
B10_D1,751,0,122,0,0
B10_D1,690,0,180,0,0
B6_D1,605,0,297,0,0
G1_D1,1020,0,484,0,0
B6_D1,347,0,319,0,0
B4_D1,469,0,286,0,0
B6_D1,193,0,70,0,0
B6_D1,461,0,314,0,0
G1_D1,886,0,25,0,0
B10_D1,290,0,458,0,0
G1_D1,822,0,256,0,0
B6_D1,704,0,4,0,0
B10_D1,653,0,108,0,0
B10_D1,2,0,140,0,0
G1_D1,145,0,95,0,0
B4_D1,1019,0,153,0,0
B10_D1,781,0,36,0,0
G1_D1,242,0,24,0,0
B6_D1,806,0,491,0,0
B10_D1,946,0,67,0,0
B10_D1,35,0,250,0,0
G1_D1,318,0,418,0,0
B4_D1,929,0,86,0,0
B6_D1,122,0,134,0,0
B6_D1,651,0,480,0,0
G1_D1,404,0,119,0,0
G1_D1,20,0,146,0,0
B6_D1,316,0,489,0,0
B6_D1,227,0,181,0,0
G1_D1,89,0,196,0,0
B6_D1,47,0,481,0,0
B4_D1,667,0,316,0,0
G1_D1,583,0,196,0,0
B2_D1,878,0,383,0,0
B6_D1,418,0,236,0,0
B10_D1,793,0,217,0,0
B10_D1,306,0,197,0,0
B6_D1,272,0,186,0,0
G1_D1,545,0,35,0,0
B10_D1,774,0,25,0,0
B6_D1,129,0,101,0,0
B10_D1,459,0,298,0,0
B6_D1,423,0,270,0,0
B2_D1,720,0,64,0,0
B10_D1,394,0,166,0,0
B6_D1,357,0,153,0,0
B6_D1,441,0,436,0,0
B10_D1,331,0,208,0,0
G1_D1,95,0,273,0,0
G1_D1,198,0,184,0,0
B2_D1,982,0,120,0,0
B6_D1,59,0,412,0,0
B10_D1,943,0,62,0,0
B4_D1,47,0,127,0,0
B2_D1,716,0,6,0,0
G1_D1,523,0,95,0,0
B6_D1,222,0,493,0,0
G1_D1,833,0,75,0,0
B4_D1,699,0,54,0,0
B6_D1,337,0,292,0,0
G1_D1,996,0,188,0,0
B6_D1,980,0,34,0,0
G1_D1,786,0,213,0,0
B6_D1,679,0,464,0,0
B4_D1,0,0,335,0,0
B6_D1,749,0,316,0,0
B6_D1,778,0,117,0,0
B6_D1,310,0,11,0,0
G1_D1,954,0,234,0,0
B6_D1,128,0,114,0,0
B4_D1,1019,0,151,0,0
G1_D1,509,0,278,0,0
B2_D1,254,0,198,0,0
B10_D1,169,0,161,0,0
B6_D1,75,0,184,0,0
B10_D1,552,0,75,0,0
B10_D1,131,0,267,0,0
B6_D1,284,0,506,0,0
B10_D1,278,0,99,0,0
G1_D1,162,0,134,0,0
B4_D1,64,0,292,0,0
B6_D1,1004,0,206,0,0
G1_D1,938,0,254,0,0
B6_D1,848,0,105,0,0
B8_D1,291,0,321,0,0
B10_D1,561,0,264,0,0
G1_D1,976,0,43,0,0
G1_D1,1023,0,213,0,0
B10_D1,194,0,9,0,0
B4_D1,235,0,18,0,0
G1_D1,442,0,244,0,0
B2_D1,785,0,25,0,0
B10_D1,1016,0,212,0,0
B6_D1,368,0,213,0,0
B6_D1,278,0,48,0,0
B10_D1,1022,0,25,0,0
B4_D1,188,0,27,0,0
B4_D1,930,0,110,0,0
B10_D1,453,0,242,0,0
B6_D1,9,0,219,0,0
B4_D1,657,0,321,0,0
B10_D1,693,0,254,0,0
B4_D1,550,0,72,0,0
B6_D1,593,0,50,0,0
B10_D1,458,0,399,0,0
B10_D1,740,0,6,0,0
G1_D1,828,0,268,0,0
B6_D1,942,0,367,0,0
B6_D1,28,0,32,0,0
B4_D1,119,0,44,0,0
B10_D1,10,0,4,0,0
B6_D1,813,0,284,0,0
B10_D1,67,0,7,0,0
B6_D1,56,0,394,0,0
B2_D1,791,0,81,0,0
B2_D1,446,0,127,0,0
B10_D1,610,0,350,0,0
G1_D1,758,0,462,0,0
B6_D1,746,0,105,0,0
B6_D1,381,0,252,0,0
B10_D1,49,0,509,0,0
G1_D1,57,0,21,0,0
B10_D1,410,0,261,0,0
B6_D1,540,0,158,0,0
B10_D1,990,0,253,0,0
B10_D1,290,0,247,0,0
B10_D1,505,0,315,0,0
B10_D1,775,0,306,0,0
B8_D1,785,0,310,0,0
B6_D1,850,0,486,0,0
B6_D1,348,0,490,0,0
B6_D1,839,0,128,0,0
G1_D1,386,0,238,0,0
B10_D1,126,0,173,0,0
B6_D1,1010,0,25,0,0
B10_D1,763,0,36,0,0
G1_D1,873,0,119,0,0
B6_D1,440,0,271,0,0
B10_D1,408,0,100,0,0
G1_D1,765,0,67,0,0
B10_D1,627,0,238,0,0
B10_D1,814,0,413,0,0
B10_D1,491,0,116,0,0
G1_D1,956,0,466,0,0
B6_D1,866,0,7,0,0
B10_D1,463,0,228,0,0
B6_D1,854,0,482,0,0
B10_D1,259,0,316,0,0
B6_D1,299,0,211,0,0
B6_D1,828,0,39,0,0
G1_D1,634,0,94,0,0
B6_D1,526,0,5,0,0
B10_D1,876,0,68,0,0
B10_D1,875,0,231,0,0
B6_D1,622,0,49,0,0
B10_D1,703,0,65,0,0
B6_D1,848,0,19,0,0
G1_D1,740,0,232,0,0
B10_D1,425,0,330,0,0
B10_D1,210,0,130,0,0
B10_D1,760,0,162,0,0
B6_D1,562,0,20,0,0
B6_D1,141,0,171,0,0
B10_D1,380,0,315,0,0
B2_D1,707,0,30,0,0
G1_D1,1006,0,368,0,0
B4_D1,741,0,269,0,0
B10_D1,690,0,481,0,0
G1_D1,355,0,447,0,0
B6_D1,256,0,483,0,0
G1_D1,719,0,8,0,0
G1_D1,678,0,64,0,0
B10_D1,274,0,140,0,0
B10_D1,727,0,123,0,0
G1_D1,83,0,273,0,0
B6_D1,882,0,186,0,0
B10_D1,68,0,269,0,0
B6_D1,38,0,488,0,0
B10_D1,881,0,511,0,0
B6_D1,350,0,426,0,0
B6_D1,141,0,361,0,0
B4_D1,327,0,305,0,0
B10_D1,540,0,91,0,0
B10_D1,928,0,65,0,0
B6_D1,588,0,39,0,0
G1_D1,658,0,143,0,0
B10_D1,226,0,24,0,0
B6_D1,278,0,16,0,0
B6_D1,48,0,119,0,0
B6_D1,636,0,331,0,0
B10_D1,349,0,42,0,0
B10_D1,747,0,103,0,0
G1_D1,319,0,356,0,0
B4_D1,480,0,62,0,0
G1_D1,18,0,91,0,0
G1_D1,754,0,80,0,0
B2_D1,838,0,59,0,0
G1_D1,146,0,189,0,0
B6_D1,514,0,351,0,0
G1_D1,263,0,132,0,0
B6_D1,436,0,11,0,0
B6_D1,339,0,76,0,0
B10_D1,578,0,258,0,0
B10_D1,641,0,490,0,0
G1_D1,614,0,236,0,0
B4_D1,1020,0,188,0,0
B10_D1,254,0,348,0,0
B10_D1,241,0,299,0,0
G1_D1,321,0,211,0,0
G1_D1,618,0,86,0,0
G1_D1,191,0,105,0,0
B6_D1,604,0,179,0,0
B10_D1,15,0,69,0,0
B6_D1,614,0,314,0,0
G1_D1,989,0,295,0,0
G1_D1,88,0,398,0,0
B10_D1,147,0,177,0,0
B10_D1,650,0,257,0,0
B10_D1,115,0,7,0,0
B10_D1,639,0,42,0,0
B6_D1,246,0,68,0,0
B6_D1,427,0,127,0,0
B6_D1,920,0,22,0,0
B2_D1,774,0,303,0,0
B6_D1,626,0,162,0,0
B6_D1,68,0,180,0,0
B6_D1,480,0,292,0,0
B6_D1,450,0,499,0,0
B10_D1,917,0,511,0,0
G1_D1,10,0,56,0,0
B2_D1,759,0,78,0,0
B4_D1,2,0,120,0,0
B6_D1,890,0,384,0,0
B6_D1,194,0,383,0,0
B10_D1,50,0,120,0,0
G1_D1,274,0,3,0,0
B4_D1,24,0,19,0,0
G1_D1,707,0,199,0,0
B2_D1,614,0,28,0,0
G1_D1,955,0,296,0,0
B6_D1,566,0,46,0,0
B2_D1,940,0,109,0,0
G1_D1,367,0,19,0,0
G1_D1,162,0,251,0,0
B6_D1,619,0,306,0,0
B6_D1,990,0,400,0,0
B6_D1,912,0,511,0,0
G1_D1,369,0,222,0,0
B10_D1,169,0,79,0,0
G1_D1,15,0,510,0,0
B6_D1,7,0,159,0,0
G1_D1,706,0,47,0,0
B6_D1,507,0,225,0,0
G1_D1,507,0,86,0,0
B10_D1,268,0,269,0,0
G1_D1,967,0,26,0,0
G1_D1,671,0,132,0,0
B6_D1,294,0,493,0,0
B10_D1,716,0,286,0,0
B10_D1,624,0,412,0,0
B10_D1,1006,0,41,0,0
B6_D1,224,0,34,0,0
B10_D1,226,0,313,0,0
G1_D1,427,0,16,0,0
B4_D1,488,0,63,0,0
G1_D1,618,0,63,0,0
B6_D1,732,0,15,0,0
G1_D1,159,0,179,0,0
B10_D1,297,0,251,0,0
B10_D1,70,0,49,0,0
B10_D1,5,0,408,0,0
B2_D1,257,0,296,0,0
B10_D1,151,0,70,0,0
B10_D1,110,0,455,0,0
B4_D1,8,0,120,0,0
B6_D1,304,0,428,0,0
B10_D1,951,0,289,0,0
G1_D1,662,0,25,0,0
B10_D1,196,0,75,0,0
B10_D1,947,0,36,0,0
G1_D1,137,0,456,0,0
B6_D1,573,0,304,0,0
B10_D1,181,0,237,0,0
B10_D1,206,0,122,0,0
B4_D1,294,0,143,0,0
B6_D1,180,0,132,0,0
B10_D1,813,0,241,0,0
G1_D1,721,0,277,0,0
B2_D1,338,0,35,0,0
B6_D1,288,0,461,0,0
B10_D1,391,0,48,0,0
B2_D1,1,0,224,0,0
G1_D1,177,0,236,0,0
B6_D1,267,0,184,0,0
B2_D1,816,0,278,0,0
B6_D1,655,0,276,0,0
B10_D1,28,0,286,0,0
B6_D1,90,0,36,0,0
G1_D1,918,0,76,0,0
G1_D1,756,0,446,0,0
B10_D1,243,0,69,0,0
B8_D1,607,0,300,0,0
B2_D1,882,0,511,0,0
B10_D1,731,0,32,0,0
G1_D1,51,0,45,0,0
B6_D1,134,0,48,0,0
B2_D1,264,0,139,0,0
B10_D1,677,0,320,0,0
B10_D1,87,0,8,0,0
G1_D1,711,0,470,0,0
G1_D1,828,0,134,0,0
B4_D1,481,0,375,0,0
B6_D1,118,0,510,0,0
B6_D1,949,0,297,0,0
B10_D1,763,0,104,0,0
B6_D1,34,0,41,0,0
B10_D1,554,0,287,0,0
B8_D1,175,0,343,0,0
B6_D1,163,0,122,0,0
B6_D1,651,0,105,0,0
B10_D1,568,0,267,0,0
B10_D1,852,0,5,0,0
B4_D1,538,0,289,0,0
B6_D1,461,0,50,0,0
B2_D1,701,0,285,0,0
B6_D1,344,0,321,0,0
B10_D1,477,0,489,0,0
B8_D1,1022,0,477,0,0
B10_D1,562,0,138,0,0
B4_D1,567,0,108,0,0
B10_D1,591,0,149,0,0
B10_D1,30,0,119,0,0
G1_D1,935,0,21,0,0
B4_D1,939,0,46,0,0
B10_D1,1021,0,136,0,0
G1_D1,595,0,6,0,0
B2_D1,185,0,231,0,0
G1_D1,326,0,59,0,0
G1_D1,595,0,32,0,0
B4_D1,351,0,28,0,0
B6_D1,696,0,346,0,0
B10_D1,964,0,81,0,0
B10_D1,25,0,179,0,0
B6_D1,762,0,296,0,0
B6_D1,3,0,57,0,0
G1_D1,63,0,456,0,0
B4_D1,251,0,343,0,0
B10_D1,167,0,11,0,0
B6_D1,852,0,421,0,0
B10_D1,399,0,22,0,0
G1_D1,369,0,101,0,0
B6_D1,694,0,504,0,0
B10_D1,228,0,134,0,0
B6_D1,826,0,98,0,0
G1_D1,717,0,61,0,0
B2_D1,830,0,10,0,0
B10_D1,117,0,1,0,0
B10_D1,507,0,210,0,0
B6_D1,492,0,496,0,0
B6_D1,562,0,49,0,0
B10_D1,233,0,325,0,0
B4_D1,559,0,397,0,0
B10_D1,67,0,162,0,0
G1_D1,915,0,51,0,0
B6_D1,653,0,391,0,0
B6_D1,113,0,85,0,0
B6_D1,960,0,369,0,0
G1_D1,677,0,474,0,0
B10_D1,398,0,237,0,0
B6_D1,264,0,434,0,0
B10_D1,597,0,279,0,0
B6_D1,360,0,493,0,0
B6_D1,702,0,484,0,0
B6_D1,936,0,247,0,0
B6_D1,176,0,494,0,0
G1_D1,42,0,264,0,0
B6_D1,916,0,32,0,0
B10_D1,367,0,227,0,0
B6_D1,500,0,509,0,0
B6_D1,591,0,67,0,0
B10_D1,594,0,456,0,0
B4_D1,510,0,266,0,0
B6_D1,92,0,360,0,0
B10_D1,356,0,219,0,0
B4_D1,1020,0,115,0,0
B10_D1,92,0,480,0,0
B10_D1,111,0,58,0,0
B10_D1,928,0,35,0,0
B6_D1,494,0,4,0,0
B6_D1,8,0,497,0,0
B6_D1,664,0,504,0,0
B6_D1,444,0,511,0,0
G1_D1,994,0,198,0,0
B6_D1,772,0,2,0,0
B4_D1,792,0,241,0,0
B6_D1,902,0,309,0,0
B10_D1,662,0,251,0,0
B8_D1,577,0,219,0,0
B10_D1,746,0,27,0,0
B6_D1,945,0,83,0,0
B6_D1,936,0,33,0,0
G1_D1,293,0,267,0,0
B6_D1,238,0,243,0,0
B4_D1,827,0,88,0,0
B4_D1,342,0,19,0,0
B10_D1,445,0,395,0,0
B10_D1,534,0,91,0,0
B10_D1,690,0,76,0,0
B10_D1,70,0,165,0,0
B6_D1,892,0,26,0,0
B6_D1,311,0,235,0,0
B10_D1,555,0,302,0,0
B2_D1,904,0,18,0,0
B6_D1,278,0,275,0,0
G1_D1,28,0,161,0,0
B6_D1,634,0,35,0,0
G1_D1,967,0,310,0,0
B10_D1,231,0,335,0,0
B4_D1,72,0,56,0,0
B10_D1,372,0,483,0,0
G1_D1,425,0,82,0,0
B10_D1,818,0,422,0,0
G1_D1,622,0,34,0,0
G1_D1,223,0,76,0,0
B2_D1,370,0,385,0,0
G1_D1,742,0,9,0,0
B10_D1,630,0,237,0,0
B6_D1,654,0,502,0,0
B6_D1,809,0,76,0,0
B2_D1,176,0,470,0,0
G1_D1,1006,0,234,0,0
B10_D1,18,0,500,0,0
B10_D1,684,0,49,0,0
B6_D1,362,0,500,0,0
B2_D1,782,0,224,0,0
B10_D1,503,0,411,0,0
G1_D1,250,0,284,0,0
B6_D1,827,0,51,0,0
B10_D1,447,0,239,0,0
B10_D1,848,0,439,0,0
G1_D1,14,0,176,0,0
B6_D1,34,0,29,0,0
B10_D1,72,0,85,0,0
B6_D1,676,0,489,0,0
B10_D1,2,0,94,0,0
B6_D1,950,0,48,0,0
B6_D1,702,0,45,0,0
B8_D1,416,0,196,0,0
B10_D1,377,0,10,0,0
B10_D1,868,0,46,0,0
B6_D1,936,0,9,0,0
B10_D1,549,0,258,0,0
B6_D1,996,0,294,0,0
B6_D1,40,0,26,0,0
B6_D1,0,0,167,0,0
B6_D1,142,0,38,0,0
B10_D1,537,0,242,0,0
B10_D1,466,0,338,0,0
G1_D1,449,0,34,0,0
B6_D1,553,0,367,0,0
B6_D1,230,0,25,0,0
B10_D1,814,0,50,0,0
B6_D1,91,0,277,0,0
B10_D1,387,0,2,0,0
B6_D1,542,0,37,0,0
G1_D1,989,0,62,0,0
G1_D1,580,0,87,0,0
B10_D1,620,0,444,0,0
B6_D1,844,0,55,0,0
B10_D1,466,0,62,0,0
B6_D1,394,0,175,0,0
B10_D1,275,0,189,0,0
G1_D1,1018,0,42,0,0
B10_D1,673,0,52,0,0
B6_D1,699,0,104,0,0
B10_D1,469,0,466,0,0
B10_D1,170,0,163,0,0
B6_D1,995,0,407,0,0
B10_D1,334,0,307,0,0
B8_D1,83,0,276,0,0
B10_D1,625,0,41,0,0
B4_D1,4,0,174,0,0
B10_D1,229,0,89,0,0
B10_D1,80,0,94,0,0
B6_D1,656,0,500,0,0
B2_D1,937,0,53,0,0
G1_D1,1011,0,131,0,0
B10_D1,569,0,303,0,0
B10_D1,448,0,341,0,0
B10_D1,178,0,153,0,0
G1_D1,793,0,6,0,0
B6_D1,500,0,162,0,0
B6_D1,772,0,433,0,0
B2_D1,854,0,372,0,0
B6_D1,478,0,167,0,0
B6_D1,789,0,241,0,0
B6_D1,186,0,3,0,0
B6_D1,890,0,153,0,0
B4_D1,5,0,178,0,0
B6_D1,406,0,192,0,0
B10_D1,363,0,159,0,0
B10_D1,196,0,50,0,0
B6_D1,404,0,387,0,0
B8_D1,213,0,57,0,0
B2_D1,471,0,110,0,0
B6_D1,585,0,361,0,0
B6_D1,644,0,503,0,0
B10_D1,362,0,487,0,0
B10_D1,327,0,21,0,0
B10_D1,811,0,247,0,0
B10_D1,933,0,251,0,0
B6_D1,457,0,68,0,0
B10_D1,670,0,99,0,0
B10_D1,1015,0,471,0,0
G1_D1,752,0,262,0,0
B6_D1,728,0,419,0,0
B6_D1,622,0,17,0,0
B10_D1,521,0,314,0,0
G1_D1,585,0,211,0,0
B6_D1,182,0,115,0,0
B2_D1,901,0,402,0,0
B4_D1,650,0,112,0,0
B6_D1,506,0,162,0,0
B6_D1,308,0,4,0,0
B10_D1,686,0,80,0,0
B6_D1,529,0,393,0,0
B10_D1,908,0,265,0,0
B10_D1,6,0,127,0,0
B6_D1,492,0,6,0,0
G1_D1,614,0,5,0,0
B10_D1,918,0,327,0,0
B10_D1,42,0,107,0,0
B6_D1,297,0,153,0,0
B2_D1,212,0,483,0,0
B10_D1,936,0,69,0,0
B10_D1,402,0,119,0,0
B10_D1,7,0,318,0,0
B6_D1,580,0,2,0,0
B10_D1,990,0,35,0,0
G1_D1,1005,0,69,0,0
B6_D1,413,0,383,0,0
B10_D1,128,0,51,0,0
B6_D1,38,0,13,0,0
G1_D1,320,0,217,0,0
B10_D1,80,0,310,0,0
B10_D1,83,0,25,0,0
G1_D1,486,0,7,0,0
B4_D1,578,0,231,0,0
G1_D1,272,0,72,0,0
G1_D1,550,0,24,0,0
B6_D1,282,0,24,0,0
G1_D1,765,0,258,0,0
B6_D1,296,0,10,0,0
B6_D1,6,0,306,0,0
B4_D1,549,0,404,0,0
B8_D1,161,0,119,0,0
G1_D1,336,0,56,0,0
B6_D1,922,0,56,0,0
B10_D1,683,0,85,0,0
B4_D1,531,0,188,0,0
B2_D1,696,0,511,0,0
B10_D1,1020,0,467,0,0
B6_D1,894,0,42,0,0
B6_D1,105,0,162,0,0
B6_D1,508,0,501,0,0
B6_D1,18,0,402,0,0
B6_D1,472,0,504,0,0
B4_D1,721,0,249,0,0
G1_D1,991,0,88,0,0
B4_D1,915,0,221,0,0
B6_D1,105,0,270,0,0
B10_D1,814,0,310,0,0
G1_D1,52,0,168,0,0
B6_D1,193,0,189,0,0
G1_D1,262,0,147,0,0
G1_D1,390,0,22,0,0
B6_D1,392,0,229,0,0
G1_D1,911,0,445,0,0
B6_D1,60,0,12,0,0
G1_D1,61,0,452,0,0
B10_D1,105,0,463,0,0
B6_D1,890,0,92,0,0
B6_D1,866,0,506,0,0
B6_D1,124,0,388,0,0
G1_D1,31,0,29,0,0
B4_D1,557,0,70,0,0
B10_D1,624,0,49,0,0
B6_D1,938,0,48,0,0
G1_D1,532,0,9,0,0
B6_D1,227,0,49,0,0
B10_D1,6,0,158,0,0
B10_D1,274,0,249,0,0
B6_D1,906,0,6,0,0
B6_D1,603,0,296,0,0
G1_D1,737,0,324,0,0
B6_D1,427,0,217,0,0
B6_D1,458,0,1,0,0
B10_D1,107,0,186,0,0
G1_D1,7,0,365,0,0
B10_D1,571,0,278,0,0
G1_D1,847,0,297,0,0
B6_D1,860,0,423,0,0
B4_D1,463,0,241,0,0
B6_D1,869,0,70,0,0
B6_D1,424,0,489,0,0
B10_D1,707,0,159,0,0
B10_D1,18,0,165,0,0
B6_D1,730,0,489,0,0
B6_D1,8,0,438,0,0
B4_D1,703,0,303,0,0
G1_D1,840,0,448,0,0
B6_D1,560,0,16,0,0
B2_D1,846,0,465,0,-1
G1_D1,60,0,398,0,0
B6_D1,129,0,133,0,0
B10_D1,109,0,213,0,0
B10_D1,531,0,8,0,0
G1_D1,989,0,92,0,0
G1_D1,1,0,504,0,0
G1_D1,417,0,129,0,0
B4_D1,771,0,304,0,0
B6_D1,743,0,269,0,0
B6_D1,604,0,47,0,0
B6_D1,548,0,129,0,0
B6_D1,217,0,371,0,0
B2_D1,957,0,52,0,0
G1_D1,797,0,57,0,0
B6_D1,808,0,495,0,0
B10_D1,126,0,202,0,0
B10_D1,281,0,135,0,0
G1_D1,207,0,507,0,0
B4_D1,660,0,57,0,0
B10_D1,119,0,493,0,0
G1_D1,931,0,251,0,0
B8_D1,893,0,235,0,0
B6_D1,157,0,189,0,0
B10_D1,148,0,48,0,0
B10_D1,159,0,168,0,0
B6_D1,928,0,275,0,0
B6_D1,203,0,326,0,0
G1_D1,971,0,255,0,0
B6_D1,836,0,146,0,0
B2_D1,841,0,369,0,0
B6_D1,1020,0,33,0,0
G1_D1,581,0,49,0,0
B2_D1,726,0,73,0,0
B10_D1,459,0,300,0,0
B10_D1,293,0,325,0,0
B6_D1,378,0,21,0,0
G1_D1,750,0,112,0,0
B8_D1,830,0,305,0,0
B10_D1,518,0,207,0,0
B6_D1,390,0,438,0,0
B6_D1,538,0,501,0,0
B6_D1,172,0,174,0,0
B10_D1,38,0,14,0,0
B10_D1,28,0,242,0,0
B10_D1,770,0,324,0,0
G1_D1,388,0,3,0,0
B4_D1,1020,0,203,0,0
G1_D1,823,0,96,0,0
B6_D1,848,0,160,0,0
G1_D1,174,0,502,0,0
B6_D1,306,0,490,0,0
G1_D1,780,0,0,0,0
B8_D1,131,0,76,0,0
B10_D1,50,0,122,0,0
G1_D1,577,0,6,0,0
B6_D1,3,0,368,0,0
G1_D1,998,0,162,0,0
G1_D1,57,0,86,0,0
B6_D1,599,0,417,0,0
B6_D1,860,0,10,0,0
B4_D1,769,0,93,0,0
B4_D1,576,0,17,0,0
B6_D1,580,0,510,0,0
B6_D1,370,0,47,0,0
G1_D1,676,0,472,0,0
B10_D1,864,0,64,0,0
G1_D1,983,0,126,0,0
B6_D1,1002,0,168,0,0
B10_D1,285,0,198,0,0
G1_D1,522,0,70,0,0
B6_D1,950,0,7,0,0
B4_D1,12,0,292,0,0
G1_D1,15,0,302,0,0
G1_D1,12,0,274,0,0
B10_D1,316,0,86,0,0
B10_D1,967,0,258,0,0
B10_D1,158,0,273,0,0
B6_D1,887,0,436,0,0
G1_D1,755,0,14,0,0
G1_D1,847,0,142,0,0
B10_D1,46,0,391,0,0
B2_D1,241,0,52,0,0
G1_D1,282,0,71,0,0
B10_D1,250,0,79,0,0
B6_D1,944,0,482,0,0
B6_D1,465,0,331,0,0
G1_D1,578,0,271,0,0
G1_D1,976,0,100,0,0
B10_D1,328,0,26,0,0
B6_D1,815,0,137,0,0
B6_D1,448,0,486,0,0
B10_D1,1009,0,478,0,0
G1_D1,45,0,122,0,0
B6_D1,151,0,143,0,0
G1_D1,623,0,31,0,0
G1_D1,395,0,15,0,0
B10_D1,786,0,14,0,0
G1_D1,429,0,21,0,0
G1_D1,584,0,239,0,0
B4_D1,897,0,15,0,0
B6_D1,350,0,10,0,0
G1_D1,839,0,205,0,0
B4_D1,51,0,162,0,0
B10_D1,728,0,457,0,0
B6_D1,302,0,391,0,0
G1_D1,49,0,202,0,0
B6_D1,8,0,22,0,0
B10_D1,929,0,48,0,0
B6_D1,278,0,186,0,0
G1_D1,874,0,390,0,0
G1_D1,984,0,159,0,0
G1_D1,269,0,77,0,0
G1_D1,168,0,20,0,0
G1_D1,667,0,6,0,0
B4_D1,0,0,317,0,0
B10_D1,304,0,332,0,0
B6_D1,348,0,496,0,0
B6_D1,574,0,282,0,0
B6_D1,141,0,320,0,0
B6_D1,395,0,260,0,0
G1_D1,160,0,205,0,0
G1_D1,267,0,4,0,0
B6_D1,531,0,299,0,0
G1_D1,687,0,243,0,0
B6_D1,741,0,481,0,0
G1_D1,1021,0,238,0,0
G1_D1,161,0,192,0,0
G1_D1,740,0,74,0,0
B6_D1,768,0,511,0,0
B8_D1,91,0,134,0,0
G1_D1,415,0,138,0,0
B6_D1,558,0,499,0,0
B10_D1,611,0,131,0,0
B6_D1,474,0,381,0,0
B10_D1,662,0,484,0,0
B6_D1,349,0,107,0,0
B6_D1,1012,0,325,0,0
B6_D1,8,0,441,0,0
B10_D1,869,0,249,0,0
B6_D1,722,0,509,0,0
B6_D1,971,0,236,0,0
B10_D1,355,0,242,0,0
B10_D1,141,0,177,0,0
G1_D1,614,0,140,0,0
B10_D1,1005,0,159,0,0
B2_D1,81,0,0,0,0
B6_D1,491,0,133,0,0
B6_D1,37,0,406,0,0
B2_D1,916,0,39,0,0
B6_D1,142,0,35,0,0
B2_D1,403,0,208,0,0
B8_D1,403,0,283,0,0
B10_D1,406,0,240,0,0
G1_D1,384,0,7,0,0
B6_D1,464,0,406,0,0
B6_D1,344,0,109,0,0
B10_D1,745,0,272,0,0
B6_D1,137,0,312,0,0
B4_D1,589,0,373,0,0
B6_D1,42,0,484,0,0
G1_D1,439,0,12,0,0
B10_D1,117,0,40,0,0
B6_D1,592,0,29,0,0
B6_D1,632,0,488,0,0
B6_D1,946,0,14,0,0
B4_D1,309,0,306,0,0
G1_D1,10,0,299,0,0
G1_D1,973,0,21,0,0
B10_D1,462,0,45,0,0
B10_D1,807,0,277,0,0
B6_D1,656,0,503,0,0
B4_D1,1021,0,285,0,0
B6_D1,568,0,49,0,0
B8_D1,266,0,2,0,0
G1_D1,183,0,167,0,0
B6_D1,544,0,436,0,0
B6_D1,570,0,404,0,0
B2_D1,480,0,286,0,0
B6_D1,512,0,62,0,0
B6_D1,274,0,437,0,0
B6_D1,954,0,367,0,0
B6_D1,280,0,166,0,0
B6_D1,843,0,110,0,0
B4_D1,111,0,176,0,0
B6_D1,368,0,7,0,0
B10_D1,656,0,82,0,0
G1_D1,564,0,510,0,0
B6_D1,206,0,43,0,0
B6_D1,38,0,206,0,0
B6_D1,987,0,63,0,0
B2_D1,723,0,84,0,0
B6_D1,180,0,6,0,0
B8_D1,731,0,232,0,0
B6_D1,290,0,161,0,0
B4_D1,746,0,248,0,0
G1_D1,988,0,219,0,0
G1_D1,213,0,370,0,0
G1_D1,20,0,112,0,0
B10_D1,505,0,299,0,0
B10_D1,535,0,7,0,0
G1_D1,563,0,2,0,0
B10_D1,456,0,16,0,0
B6_D1,218,0,328,0,0
B6_D1,8,0,108,0,0
B6_D1,560,0,37,0,0
B10_D1,535,0,479,0,0
B6_D1,172,0,29,0,0
B2_D1,196,0,234,0,0
B6_D1,58,0,20,0,0
B6_D1,774,0,67,0,0
B6_D1,456,0,6,0,0
G1_D1,745,0,78,0,0
B6_D1,643,0,175,0,0
B2_D1,480,0,494,0,0
G1_D1,34,0,212,0,0
G1_D1,542,0,250,0,0
G1_D1,991,0,110,0,0
B10_D1,402,0,235,0,0
B10_D1,391,0,413,0,0
B10_D1,708,0,471,0,0
B10_D1,549,0,170,0,0
B4_D1,172,0,79,0,0
B6_D1,220,0,17,0,0
B10_D1,31,0,325,0,0
B10_D1,282,0,238,0,0
B6_D1,223,0,149,0,0
B2_D1,213,0,36,0,0
B10_D1,826,0,100,0,0
B6_D1,714,0,505,0,0
B6_D1,80,0,49,0,0
B6_D1,710,0,286,0,0
B4_D1,13,0,467,0,0
B10_D1,338,0,172,0,0
G1_D1,833,0,208,0,0
G1_D1,600,0,21,0,0
B6_D1,376,0,11,0,0
G1_D1,539,0,110,0,0
B6_D1,812,0,28,0,0
G1_D1,530,0,65,0,0
B6_D1,915,0,368,0,0
B4_D1,0,0,183,0,0
B10_D1,981,0,90,0,0
B10_D1,516,0,293,0,0
G1_D1,223,0,180,0,0
B6_D1,682,0,486,0,0
G1_D1,217,0,6,0,0
B6_D1,36,0,508,0,0
B10_D1,144,0,188,0,0
B6_D1,30,0,511,0,0
B6_D1,456,0,109,0,0
B10_D1,484,0,165,0,0
B6_D1,986,0,418,0,0
G1_D1,269,0,8,0,0
G1_D1,103,0,200,0,0
G1_D1,245,0,77,0,0
B6_D1,925,0,316,0,0
B6_D1,977,0,403,0,0
B10_D1,1023,0,178,0,0
G1_D1,178,0,229,0,0
B6_D1,460,0,60,0,0
B6_D1,644,0,28,0,0
B10_D1,27,0,88,0,0
B10_D1,478,0,130,0,0
B10_D1,600,0,85,0,0
B10_D1,865,0,209,0,0
G1_D1,46,0,56,0,0
B6_D1,352,0,504,0,0
B6_D1,118,0,489,0,0
B10_D1,732,0,465,0,0
B2_D1,918,0,67,0,0
G1_D1,655,0,16,0,0
B10_D1,173,0,386,0,0
B6_D1,864,0,499,0,0
B8_D1,719,0,247,0,0
B4_D1,914,0,12,0,0
G1_D1,38,0,134,0,0
B6_D1,436,0,244,0,0
B2_D1,14,0,511,0,0
B6_D1,628,0,38,0,0
B6_D1,572,0,183,0,0
B10_D1,767,0,483,0,0
B10_D1,104,0,117,0,0
B10_D1,646,0,274,0,0
G1_D1,850,0,251,0,0
B10_D1,37,0,134,0,0
B6_D1,122,0,506,0,0
B10_D1,532,0,141,0,0
B6_D1,618,0,502,0,0
B10_D1,347,0,178,0,0
B4_D1,199,0,194,0,0
B4_D1,986,0,45,0,0
B10_D1,752,0,324,0,0
B10_D1,621,0,1,0,0
G1_D1,342,0,22,0,0
G1_D1,20,0,201,0,0
G1_D1,2,0,446,0,0
G1_D1,529,0,48,0,0
B6_D1,564,0,39,0,0
G1_D1,203,0,182,0,0
G1_D1,238,0,38,0,0
G1_D1,658,0,508,0,0
B6_D1,684,0,511,0,0
G1_D1,729,0,322,0,0
B10_D1,604,0,186,0,0
G1_D1,16,0,237,0,0
B6_D1,954,0,502,0,0
B10_D1,245,0,63,0,0
G1_D1,843,0,20,0,0
G1_D1,463,0,123,0,0
B10_D1,332,0,51,0,0
B4_D1,267,0,150,0,0
B6_D1,129,0,313,0,0
B6_D1,745,0,333,0,0
B2_D1,123,0,99,0,0
B4_D1,428,0,290,0,0
B4_D1,585,0,227,0,0
B6_D1,654,0,9,0,0
B6_D1,708,0,408,0,0
B10_D1,811,0,205,0,0
B10_D1,690,0,263,0,0
B10_D1,260,0,22,0,0
B4_D1,26,0,55,0,0
B6_D1,228,0,453,0,0
B10_D1,720,0,467,0,0
B4_D1,753,0,98,0,0
B10_D1,335,0,217,0,0
B4_D1,669,0,257,0,0
B10_D1,517,0,278,0,0
B2_D1,763,0,223,0,0
G1_D1,79,0,87,0,0
B2_D1,27,0,52,0,0
B6_D1,720,0,339,0,0
B6_D1,867,0,196,0,0
B4_D1,319,0,40,0,0
B6_D1,273,0,138,0,0
B10_D1,656,0,242,0,0
B6_D1,58,0,489,0,0
B6_D1,663,0,343,0,0
B10_D1,69,0,123,0,0
G1_D1,248,0,236,0,0
B10_D1,187,0,48,0,0
B6_D1,856,0,32,0,0
B10_D1,502,0,336,0,0
B6_D1,210,0,24,0,0
B10_D1,838,0,331,0,0
B10_D1,602,0,484,0,0
B10_D1,299,0,88,0,0
B10_D1,679,0,178,0,0
B10_D1,191,0,165,0,0
G1_D1,237,0,167,0,0
B6_D1,832,0,303,0,0
B6_D1,55,0,102,0,0
B6_D1,452,0,7,0,0
B4_D1,36,0,3,0,0
B6_D1,134,0,275,0,0
B6_D1,202,0,197,0,0
G1_D1,36,0,285,0,0
B2_D1,271,0,503,0,0
G1_D1,195,0,36,0,0
B6_D1,432,0,332,0,0
B10_D1,349,0,208,0,0
B6_D1,812,0,491,0,0
B10_D1,907,0,309,0,0
B10_D1,893,0,99,0,0
G1_D1,1014,0,54,0,0
B10_D1,91,0,206,0,0
G1_D1,606,0,280,0,0
B10_D1,264,0,351,0,0
B6_D1,50,0,158,0,0
B8_D1,29,0,268,0,0
B6_D1,422,0,509,0,0
B10_D1,631,0,479,0,0
G1_D1,983,0,286,0,0
B10_D1,975,0,65,0,0
B8_D1,136,0,255,0,0
B10_D1,54,0,266,0,0
B10_D1,374,0,67,0,0
B10_D1,45,0,2,0,0
B6_D1,480,0,0,0,0
G1_D1,937,0,511,0,0
G1_D1,16,0,41,0,0
G1_D1,930,0,13,0,0
B10_D1,752,0,101,0,0
B6_D1,110,0,28,0,0
G1_D1,193,0,34,0,0
G1_D1,398,0,269,0,0
B10_D1,8,0,268,0,0
G1_D1,13,0,29,0,0
G1_D1,1006,0,133,0,0
B10_D1,822,0,365,0,0
B6_D1,364,0,283,0,0
B6_D1,277,0,373,0,0
G1_D1,368,0,158,0,0
B2_D1,389,0,229,0,0
B10_D1,8,0,284,0,0
B6_D1,914,0,305,0,0
G1_D1,381,0,242,0,0
G1_D1,982,0,93,0,0
B6_D1,596,0,360,0,0
B10_D1,718,0,425,0,0
B4_D1,139,0,164,0,0
B6_D1,304,0,167,0,0
B6_D1,507,0,250,0,0
B10_D1,690,0,412,0,0
B6_D1,491,0,379,0,0
B6_D1,190,0,20,0,0
B2_D1,900,0,107,0,0
B6_D1,46,0,198,0,0
G1_D1,352,0,44,0,0
B6_D1,727,0,148,0,0
B2_D1,695,0,285,0,0
B6_D1,662,0,22,0,0
B6_D1,703,0,262,0,0
G1_D1,1004,0,119,0,0
G1_D1,24,0,120,0,0
B6_D1,339,0,153,0,0
B4_D1,425,0,380,0,0
B4_D1,639,0,226,0,0
B4_D1,256,0,410,0,0
G1_D1,184,0,56,0,0
B4_D1,0,0,231,0,0
B10_D1,187,0,158,0,0
G1_D1,328,0,317,0,0
B10_D1,781,0,510,0,0
B4_D1,736,0,69,0,0
B6_D1,222,0,39,0,0
B6_D1,418,0,5,0,0
B6_D1,524,0,22,0,0
B10_D1,117,0,500,0,0
B10_D1,713,0,431,0,0
B10_D1,410,0,310,0,0
B10_D1,293,0,174,0,0
G1_D1,189,0,119,0,0
B6_D1,536,0,129,0,0
B6_D1,735,0,480,0,0
B6_D1,255,0,268,0,0
B10_D1,715,0,89,0,0
B10_D1,216,0,218,0,0
B10_D1,389,0,276,0,0
B6_D1,426,0,55,0,0
B6_D1,532,0,248,0,0
G1_D1,738,0,257,0,0
B4_D1,135,0,212,0,0
B6_D1,234,0,434,0,0
G1_D1,202,0,452,0,0
B10_D1,559,0,208,0,0
B10_D1,808,0,274,0,0
B6_D1,253,0,115,0,0
B6_D1,705,0,413,0,0
B6_D1,683,0,184,0,0
G1_D1,379,0,6,0,0
B6_D1,588,0,0,0,0
B10_D1,976,0,60,0,0
B10_D1,144,0,455,0,0
B6_D1,47,0,293,0,0
B10_D1,736,0,88,0,0
G1_D1,1000,0,16,0,0
B10_D1,414,0,109,0,0
G1_D1,230,0,5,0,0
B2_D1,402,0,492,0,0
B4_D1,297,0,62,0,0
B10_D1,421,0,375,0,0
B10_D1,807,0,60,0,0
B6_D1,672,0,269,0,0
B6_D1,12,0,18,0,0
B4_D1,640,0,236,0,0
B6_D1,685,0,340,0,0
B4_D1,555,0,241,0,0
B6_D1,832,0,23,0,0
G1_D1,312,0,40,0,0
B2_D1,624,0,511,0,0
B6_D1,924,0,64,0,0
G1_D1,324,0,0,0,0
B2_D1,419,0,5,0,0
B4_D1,258,0,297,0,0
B6_D1,903,0,100,0,0
G1_D1,564,0,13,0,0
B6_D1,220,0,498,0,0
B6_D1,193,0,66,0,0
B10_D1,719,0,452,0,0
G1_D1,38,0,147,0,0
G1_D1,745,0,456,0,0
B4_D1,446,0,187,0,0
B6_D1,200,0,409,0,0
B6_D1,824,0,500,0,0
B6_D1,900,0,30,0,0
B10_D1,17,0,187,0,0
B10_D1,338,0,129,0,0
G1_D1,345,0,403,0,0
B10_D1,642,0,491,0,0
B6_D1,603,0,180,0,0
B6_D1,244,0,2,0,0
B4_D1,54,0,422,0,0
B6_D1,217,0,331,0,0
B6_D1,502,0,17,0,0
B2_D1,529,0,483,0,0
B6_D1,443,0,50,0,0
B10_D1,1004,0,51,0,0
B10_D1,102,0,86,0,0
G1_D1,181,0,26,0,0
B10_D1,38,0,58,0,0
B8_D1,153,0,3,0,0
B10_D1,611,0,89,0,0
B2_D1,819,0,229,0,0
B10_D1,166,0,71,0,0
B6_D1,255,0,444,0,0
B6_D1,561,0,421,0,0
G1_D1,574,0,3,0,0
G1_D1,20,0,142,0,0
B6_D1,254,0,509,0,0
B6_D1,1000,0,8,0,0
B6_D1,293,0,55,0,0
B6_D1,263,0,160,0,0
B2_D1,248,0,60,0,0
B10_D1,477,0,477,0,0
B6_D1,592,0,322,0,0
B10_D1,618,0,231,0,0
B6_D1,955,0,343,0,0
B6_D1,510,0,353,0,0
B10_D1,888,0,95,0,0
B6_D1,410,0,122,0,0
G1_D1,222,0,132,0,0
B4_D1,310,0,289,0,0
B10_D1,193,0,48,0,0
B6_D1,398,0,34,0,0
B4_D1,438,0,414,0,0
B6_D1,86,0,360,0,0
B6_D1,809,0,103,0,0
B6_D1,892,0,159,0,0
B6_D1,810,0,0,0,0
B8_D1,55,0,3,0,0
B4_D1,746,0,35,0,0
B2_D1,650,0,479,0,0
B6_D1,961,0,86,0,0
B6_D1,607,0,417,0,0
B6_D1,586,0,14,0,0
B6_D1,56,0,190,0,0
B10_D1,13,0,245,0,0
B4_D1,964,0,153,0,0
G1_D1,949,0,278,0,0
B8_D1,609,0,225,0,0
G1_D1,876,0,79,0,0
B6_D1,304,0,77,0,0
G1_D1,683,0,2,0,0
B6_D1,918,0,479,0,0
B10_D1,954,0,66,0,0
B6_D1,1006,0,489,0,0
B6_D1,354,0,508,0,0
B6_D1,651,0,378,0,0
B10_D1,158,0,9,0,0
G1_D1,223,0,181,0,0
G1_D1,119,0,285,0,0
B4_D1,877,0,126,0,0
B10_D1,565,0,85,0,0
B6_D1,963,0,412,0,0
B10_D1,740,0,31,0,0
B4_D1,91,0,131,0,0
B10_D1,858,0,132,0,0
B6_D1,153,0,368,0,0
B6_D1,627,0,480,0,0
B8_D1,990,0,302,0,0
B10_D1,651,0,492,0,0
B6_D1,290,0,151,0,0
G1_D1,72,0,461,0,0
B6_D1,530,0,397,0,0
G1_D1,999,0,47,0,0
B6_D1,742,0,41,0,0
G1_D1,23,0,173,0,0
B4_D1,754,0,65,0,0
B4_D1,0,0,259,0,0
B4_D1,777,0,80,0,0
B6_D1,743,0,266,0,0
B10_D1,961,0,258,0,0
B6_D1,112,0,60,0,0
B10_D1,472,0,100,0,0
G1_D1,154,0,3,0,0
B10_D1,380,0,12,0,0
B2_D1,971,0,510,0,0
B10_D1,8,0,207,0,0
B6_D1,502,0,14,0,0
B4_D1,140,0,150,0,0
B6_D1,922,0,5,0,0
B6_D1,212,0,360,0,0
B2_D1,948,0,511,0,0
B4_D1,176,0,27,0,0
B10_D1,59,0,10,0,0
G1_D1,725,0,316,0,0
G1_D1,349,0,242,0,0
G1_D1,589,0,222,0,0
B2_D1,811,0,77,0,0
B4_D1,836,0,205,0,0
B6_D1,372,0,508,0,0
G1_D1,995,0,266,0,0
B6_D1,655,0,412,0,0
B10_D1,164,0,55,0,0
B6_D1,638,0,380,0,0
B4_D1,928,0,104,0,0
B10_D1,17,0,213,0,0
B10_D1,343,0,100,0,0
G1_D1,829,0,16,0,0
B6_D1,954,0,194,0,0
B6_D1,942,0,431,0,0
B10_D1,368,0,337,0,0
B2_D1,547,0,477,0,0
B10_D1,50,0,167,0,0
B6_D1,175,0,109,0,0
B6_D1,103,0,358,0,0
G1_D1,166,0,212,0,0
B6_D1,50,0,10,0,0
B8_D1,133,0,261,0,0
B10_D1,575,0,10,0,0
B10_D1,229,0,176,0,0
B10_D1,858,0,272,0,0
B6_D1,664,0,483,0,0
B10_D1,184,0,261,0,0
G1_D1,593,0,220,0,0
B10_D1,582,0,340,0,0
B4_D1,444,0,422,0,0
B6_D1,10,0,260,0,0
B6_D1,105,0,137,0,0
G1_D1,20,0,307,0,0
B10_D1,619,0,221,0,0
B6_D1,121,0,423,0,0
B10_D1,794,0,418,0,0
B6_D1,826,0,68,0,0
B6_D1,806,0,349,0,0
B10_D1,420,0,195,0,0
B10_D1,649,0,65,0,0
B6_D1,541,0,223,0,0
B6_D1,195,0,435,0,0
B6_D1,692,0,133,0,0
B6_D1,601,0,426,0,0
B6_D1,23,0,132,0,0
B4_D1,810,0,54,0,0
G1_D1,709,0,276,0,0
B10_D1,544,0,161,0,0
B6_D1,686,0,112,0,0
B6_D1,995,0,305,0,0
B6_D1,797,0,76,0,0
G1_D1,208,0,233,0,0
G1_D1,48,0,69,0,0
B6_D1,0,0,445,0,0
B10_D1,8,0,393,0,0
B6_D1,152,0,494,0,0
B10_D1,351,0,196,0,0
G1_D1,207,0,370,0,0
B6_D1,359,0,458,0,0
B10_D1,25,0,77,0,0
B10_D1,735,0,427,0,0
B8_D1,547,0,214,0,0
B6_D1,132,0,499,0,0
B2_D1,810,0,278,0,0
B6_D1,354,0,170,0,0
G1_D1,665,0,24,0,0
B10_D1,676,0,114,0,0
G1_D1,180,0,395,0,0
B10_D1,555,0,480,0,0
B6_D1,616,0,501,0,0
G1_D1,590,0,5,0,0
B10_D1,375,0,198,0,0
B6_D1,540,0,6,0,0
B6_D1,580,0,14,0,0
B2_D1,569,0,159,0,0
B4_D1,181,0,279,0,0
B6_D1,9,0,138,0,0
G1_D1,720,0,7,0,0
G1_D1,5,0,467,0,0
B10_D1,39,0,2,0,0
B10_D1,141,0,51,0,0
B6_D1,794,0,57,0,0
B4_D1,724,0,39,0,0
B10_D1,22,0,6,0,0
B10_D1,607,0,7,0,0
G1_D1,1000,0,101,0,0
B6_D1,768,0,196,0,0
B6_D1,138,0,0,0,0
B10_D1,16,0,305,0,0
B2_D1,364,0,175,0,0
B6_D1,250,0,242,0,0
B10_D1,244,0,398,0,0
B6_D1,496,0,35,0,0
B6_D1,618,0,374,0,0
B6_D1,96,0,36,0,0
G1_D1,26,0,78,0,0
B8_D1,5,0,253,0,0
B4_D1,655,0,66,0,0
B10_D1,744,0,9,0,0
B6_D1,178,0,347,0,0
B4_D1,474,0,56,0,0
B6_D1,872,0,382,0,0
B10_D1,315,0,179,0,0
B6_D1,863,0,116,0,0
B10_D1,1020,0,84,0,0
B6_D1,705,0,197,0,0
B6_D1,974,0,482,0,0
B2_D1,985,0,63,0,0
G1_D1,1018,0,146,0,0
B2_D1,230,0,131,0,0
B4_D1,600,0,51,0,0
B6_D1,826,0,257,0,0
G1_D1,580,0,152,0,0
B2_D1,577,0,150,0,0
B10_D1,192,0,240,0,0
B10_D1,223,0,316,0,0
B6_D1,390,0,66,0,0
B6_D1,580,0,492,0,0
B10_D1,155,0,56,0,0
B10_D1,358,0,117,0,0
B6_D1,659,0,62,0,0
B6_D1,350,0,1,0,0
B4_D1,502,0,220,0,0
B10_D1,317,0,489,0,0
B10_D1,518,0,286,0,0
B6_D1,429,0,380,0,0
B6_D1,636,0,39,0,0
B10_D1,590,0,257,0,0
B6_D1,688,0,367,0,0
B10_D1,397,0,227,0,0
G1_D1,1020,0,167,0,0
B10_D1,569,0,507,0,0
B6_D1,938,0,37,0,0
B6_D1,450,0,33,0,0
B6_D1,258,0,293,0,0
B10_D1,424,0,159,0,0
B6_D1,171,0,85,0,0
G1_D1,160,0,374,0,0
B6_D1,608,0,10,0,0
B6_D1,285,0,76,0,0
B6_D1,195,0,154,0,0
B10_D1,346,0,189,0,0
B6_D1,824,0,22,0,0
B4_D1,246,0,274,0,0
G1_D1,986,0,142,0,0
G1_D1,469,0,83,0,0
G1_D1,225,0,42,0,0
B2_D1,950,0,30,0,0
B10_D1,420,0,135,0,0
B4_D1,336,0,219,0,0
B10_D1,227,0,275,0,0
B10_D1,582,0,300,0,0
B4_D1,667,0,74,0,0
B4_D1,995,0,157,0,0
G1_D1,319,0,16,0,0
B10_D1,736,0,41,0,0
B6_D1,277,0,60,0,0
B2_D1,644,0,479,0,0
B6_D1,1002,0,15,0,0
B10_D1,540,0,5,0,0
B10_D1,612,0,483,0,0
B6_D1,974,0,431,0,0
B10_D1,342,0,183,0,0
B10_D1,790,0,80,0,0
B6_D1,574,0,489,0,0
B4_D1,722,0,38,0,0
B6_D1,29,0,210,0,0
B10_D1,26,0,269,0,0
G1_D1,832,0,391,0,0
B6_D1,1010,0,43,0,0
B6_D1,870,0,30,0,0
G1_D1,299,0,286,0,0
G1_D1,369,0,229,0,0
B6_D1,683,0,392,0,0
G1_D1,254,0,11,0,0
B6_D1,154,0,168,0,0
G1_D1,822,0,0,0,0
B10_D1,11,0,209,0,0
B6_D1,658,0,273,0,0
B2_D1,182,0,239,0,0
B6_D1,426,0,511,0,0
B10_D1,181,0,61,0,0
B8_D1,1022,0,452,0,0
G1_D1,90,0,42,0,0
B4_D1,697,0,251,0,0
B6_D1,696,0,12,0,0
B6_D1,724,0,433,0,0
B6_D1,899,0,104,0,0
G1_D1,617,0,443,0,0
B10_D1,866,0,57,0,0
B6_D1,78,0,18,0,0
B6_D1,48,0,232,0,0
G1_D1,1020,0,161,0,0
G1_D1,33,0,474,0,0
B6_D1,140,0,509,0,0
G1_D1,590,0,221,0,0
B10_D1,576,0,482,0,0
B4_D1,78,0,420,0,0
B10_D1,678,0,66,0,0
B6_D1,190,0,35,0,0
B10_D1,681,0,243,0,0
G1_D1,743,0,164,0,0
B4_D1,630,0,233,0,0
B10_D1,539,0,284,0,0
B6_D1,1022,0,491,0,0
B6_D1,38,0,424,0,0
B10_D1,181,0,263,0,0
B6_D1,741,0,204,0,0
B4_D1,44,0,288,0,0
B4_D1,506,0,209,0,0
G1_D1,979,0,41,0,0
B10_D1,285,0,19,0,0
B10_D1,167,0,282,0,0
B6_D1,59,0,148,0,0
G1_D1,718,0,327,0,0
B8_D1,273,0,183,0,0
B6_D1,806,0,503,0,0
B10_D1,694,0,83,0,0
B6_D1,898,0,44,0,0
B10_D1,766,0,419,0,0
B6_D1,713,0,184,0,0
B2_D1,635,0,146,0,0
B10_D1,157,0,86,0,0
B6_D1,342,0,24,0,0
B6_D1,754,0,384,0,0
B2_D1,758,0,74,0,0
B10_D1,330,0,187,0,0
B6_D1,810,0,502,0,0
B6_D1,262,0,504,0,0
G1_D1,15,0,73,0,0
B10_D1,448,0,154,0,0
B10_D1,64,0,70,0,0
B2_D1,680,0,52,0,0
B6_D1,40,0,252,0,0
G1_D1,42,0,58,0,0
G1_D1,47,0,263,0,0
B10_D1,484,0,336,0,0
B4_D1,323,0,171,0,0
B6_D1,791,0,103,0,0
B2_D1,624,0,481,0,0
B6_D1,646,0,492,0,0
G1_D1,882,0,225,0,0
B10_D1,713,0,435,0,0
B6_D1,751,0,193,0,0
G1_D1,440,0,253,0,0
B10_D1,34,0,61,0,0
G1_D1,993,0,69,0,0
B10_D1,556,0,118,0,0
B4_D1,581,0,378,0,0
G1_D1,361,0,416,0,0
B10_D1,442,0,37,0,0
B4_D1,7,0,122,0,0
B10_D1,805,0,455,0,0
B6_D1,463,0,390,0,0
B4_D1,551,0,198,0,0
B10_D1,374,0,183,0,0
B6_D1,125,0,402,0,0
B10_D1,305,0,418,0,0
B4_D1,648,0,237,0,0
B6_D1,258,0,24,0,0
B4_D1,948,0,218,0,0
B6_D1,556,0,478,0,0
B6_D1,800,0,13,0,0
B10_D1,136,0,290,0,0
B6_D1,539,0,262,0,0
B6_D1,411,0,218,0,0
B10_D1,854,0,229,0,0
B10_D1,869,0,94,0,0
G1_D1,503,0,244,0,0
B6_D1,191,0,363,0,0
B4_D1,404,0,17,0,0
B10_D1,658,0,160,0,0
B6_D1,19,0,291,0,0
G1_D1,710,0,19,0,0
B6_D1,23,0,378,0,0
B6_D1,717,0,109,0,0
G1_D1,180,0,53,0,0
B4_D1,7,0,95,0,0
B10_D1,94,0,204,0,0
B6_D1,594,0,350,0,0
B6_D1,10,0,11,0,0
G1_D1,545,0,232,0,0
B6_D1,919,0,318,0,0
B2_D1,167,0,125,0,0
B6_D1,251,0,388,0,0
B4_D1,646,0,229,0,0
B6_D1,708,0,490,0,0
B10_D1,872,0,53,0,0
B6_D1,516,0,353,0,0
G1_D1,940,0,247,0,0
G1_D1,727,0,280,0,0
B10_D1,824,0,415,0,0
B4_D1,880,0,60,0,0
B10_D1,443,0,294,0,0
B6_D1,576,0,499,0,0
B6_D1,130,0,478,0,0
B10_D1,909,0,20,0,0
B10_D1,1012,0,308,0,0
G1_D1,846,0,96,0,0
B10_D1,477,0,2,0,0
B6_D1,0,0,79,0,0
B10_D1,709,0,119,0,0
B4_D1,114,0,48,0,0
G1_D1,139,0,134,0,0
G1_D1,586,0,285,0,0
G1_D1,490,0,152,0,0
B6_D1,114,0,511,0,0
G1_D1,916,0,249,0,0
B10_D1,23,0,200,0,0
B6_D1,856,0,148,0,0
B6_D1,167,0,275,0,0
B6_D1,625,0,276,0,0
B10_D1,342,0,173,0,0
B4_D1,725,0,30,0,0
B6_D1,868,0,8,0,0
B4_D1,989,0,69,0,0
B10_D1,878,0,398,0,0
G1_D1,532,0,27,0,0
B10_D1,582,0,147,0,0
B10_D1,464,0,310,0,0
G1_D1,272,0,29,0,0
B10_D1,569,0,0,0,0
G1_D1,465,0,306,0,0
B10_D1,139,0,98,0,0
G1_D1,595,0,16,0,0
B6_D1,429,0,351,0,0
G1_D1,181,0,12,0,0
B6_D1,170,0,28,0,0
G1_D1,486,0,20,0,0
B6_D1,783,0,438,0,0
B6_D1,20,0,316,0,0
B6_D1,309,0,223,0,0
B10_D1,459,0,93,0,0
B10_D1,574,0,265,0,0
G1_D1,151,0,12,0,0
B6_D1,1012,0,38,0,0
B6_D1,609,0,301,0,0
G1_D1,65,0,265,0,0
B2_D1,768,0,317,0,0
B10_D1,584,0,78,0,0
B10_D1,769,0,18,0,0
G1_D1,120,0,13,0,0
B10_D1,687,0,292,0,0
B6_D1,136,0,32,0,0
G1_D1,854,0,1,0,0
B4_D1,39,0,135,0,0
B10_D1,878,0,368,0,0
B2_D1,950,0,247,0,0
B6_D1,668,0,441,0,0
B6_D1,830,0,332,0,0
G1_D1,34,0,215,0,0
B6_D1,830,0,393,0,0
B10_D1,122,0,138,0,0
B6_D1,686,0,344,0,0
B6_D1,212,0,497,0,0
B6_D1,508,0,35,0,0
B6_D1,179,0,165,0,0
B2_D1,265,0,199,0,0
B2_D1,269,0,490,0,0
B6_D1,729,0,469,0,0
B10_D1,52,0,455,0,0
B6_D1,892,0,148,0,0
B4_D1,480,0,24,0,0
G1_D1,273,0,65,0,0
B10_D1,708,0,99,0,0
B6_D1,858,0,36,0,0
G1_D1,874,0,236,0,0
B10_D1,677,0,56,0,0
B4_D1,722,0,248,0,0
B6_D1,425,0,126,0,0
B6_D1,148,0,504,0,0
B4_D1,625,0,220,0,0
G1_D1,631,0,118,0,0
B6_D1,920,0,435,0,0
B2_D1,587,0,97,0,0
B10_D1,48,0,169,0,0
B2_D1,659,0,480,0,0
B6_D1,892,0,413,0,0
G1_D1,602,0,19,0,0
G1_D1,835,0,297,0,0
B6_D1,484,0,8,0,0
G1_D1,548,0,140,0,0
B10_D1,336,0,156,0,0
B6_D1,81,0,130,0,0
B10_D1,454,0,508,0,0
B10_D1,571,0,280,0,0
B6_D1,386,0,256,0,0
B6_D1,770,0,482,0,0
B6_D1,555,0,400,0,0
B10_D1,545,0,299,0,0
B6_D1,674,0,209,0,0
B10_D1,211,0,137,0,0
B6_D1,954,0,254,0,0
B2_D1,33,0,49,0,0
B10_D1,869,0,231,0,0
G1_D1,241,0,255,0,0
B2_D1,207,0,152,0,0
G1_D1,13,0,108,0,0
B10_D1,14,0,48,0,0
B6_D1,554,0,378,0,0
B6_D1,120,0,53,0,0
B10_D1,874,0,334,0,0
B10_D1,203,0,219,0,0
G1_D1,75,0,383,0,0
B10_D1,401,0,411,0,0
B6_D1,606,0,182,0,0
G1_D1,745,0,6,0,0
B6_D1,862,0,394,0,0
B10_D1,873,0,507,0,0
B8_D1,119,0,215,0,0
B6_D1,638,0,162,0,0
B8_D1,491,0,204,0,0
B10_D1,426,0,70,0,0
B6_D1,761,0,266,0,0
B10_D1,672,0,89,0,0
B10_D1,842,0,345,0,0
B6_D1,863,0,52,0,0
B6_D1,952,0,292,0,0
G1_D1,650,0,77,0,0
B10_D1,878,0,27,0,0
B6_D1,4,0,296,0,0
B10_D1,182,0,40,0,0
B4_D1,736,0,18,0,0
B6_D1,1020,0,42,0,0
B10_D1,11,0,38,0,0
B6_D1,1009,0,137,0,0
G1_D1,1005,0,181,0,0
B4_D1,791,0,68,0,0
G1_D1,355,0,6,0,0
B8_D1,201,0,106,0,0
B2_D1,93,0,315,0,0
B10_D1,293,0,256,0,0
B6_D1,1015,0,77,0,0
B6_D1,646,0,241,0,0
B6_D1,713,0,438,0,0
B8_D1,909,0,237,0,0
B10_D1,481,0,75,0,0
B10_D1,117,0,32,0,0
B6_D1,650,0,509,0,0
B6_D1,209,0,237,0,0
B4_D1,1023,0,269,0,0
B2_D1,665,0,50,0,0
B10_D1,663,0,244,0,0
B4_D1,877,0,121,0,0
B6_D1,349,0,190,0,0
B10_D1,581,0,507,0,0
B6_D1,358,0,44,0,0
G1_D1,782,0,19,0,0
B6_D1,161,0,246,0,0
B10_D1,360,0,289,0,0
B6_D1,606,0,511,0,0
B6_D1,941,0,116,0,0
B6_D1,730,0,504,0,0
B10_D1,82,0,165,0,0
B6_D1,728,0,422,0,0
B6_D1,1004,0,494,0,0
B6_D1,128,0,25,0,0
B6_D1,992,0,311,0,0
B2_D1,486,0,108,0,0
B10_D1,678,0,168,0,0
B8_D1,476,0,295,0,0
B2_D1,183,0,277,0,0
B4_D1,57,0,178,0,0
G1_D1,200,0,127,0,0
B6_D1,246,0,9,0,0
B10_D1,702,0,499,0,0
B10_D1,601,0,38,0,0
B10_D1,1012,0,315,0,0
B10_D1,339,0,21,0,0
B4_D1,101,0,451,0,0
G1_D1,49,0,154,0,0
B10_D1,36,0,40,0,0
B8_D1,99,0,138,0,0
G1_D1,734,0,462,0,0
B8_D1,123,0,212,0,0
B10_D1,693,0,59,0,0
B6_D1,660,0,182,0,0
B6_D1,795,0,199,0,0
B10_D1,146,0,446,0,0
B6_D1,482,0,344,0,0
B8_D1,650,0,245,0,0
B4_D1,855,0,197,0,0
B10_D1,772,0,82,0,0
B6_D1,204,0,487,0,0
B2_D1,804,0,128,0,0
G1_D1,160,0,113,0,0
G1_D1,76,0,3,0,0
B10_D1,795,0,441,0,0
B6_D1,756,0,42,0,0
G1_D1,24,0,13,0,0
G1_D1,790,0,44,0,0
B6_D1,923,0,118,0,0
G1_D1,628,0,29,0,0
B6_D1,915,0,395,0,0
B6_D1,768,0,18,0,0
B4_D1,386,0,122,0,0
G1_D1,912,0,326,0,0
B4_D1,0,0,487,0,0
B6_D1,700,0,49,0,0
B6_D1,837,0,143,0,0
G1_D1,505,0,65,0,0
B10_D1,584,0,142,0,0
B10_D1,682,0,88,0,0
B6_D1,616,0,489,0,0
B6_D1,981,0,294,0,0
B6_D1,601,0,455,0,0
B10_D1,4,0,133,0,0
B10_D1,1019,0,215,0,0
B2_D1,212,0,510,0,0
B4_D1,797,0,13,0,0
G1_D1,990,0,139,0,0
B10_D1,175,0,161,0,0
G1_D1,814,0,53,0,0
B6_D1,426,0,36,0,0
B6_D1,783,0,209,0,0
G1_D1,302,0,236,0,0
B6_D1,620,0,48,0,0
B6_D1,556,0,401,0,0
G1_D1,11,0,184,0,0
G1_D1,400,0,369,0,0
B10_D1,652,0,443,0,0
B4_D1,1012,0,216,0,0
B10_D1,815,0,323,0,0
B6_D1,472,0,495,0,0
B2_D1,769,0,133,0,0
G1_D1,260,0,32,0,0
B6_D1,157,0,454,0,0
B6_D1,86,0,43,0,0
B6_D1,20,0,245,0,0
B6_D1,543,0,337,0,0
G1_D1,664,0,3,0,0
B6_D1,403,0,389,0,0
B6_D1,518,0,482,0,0
B6_D1,803,0,143,0,0
G1_D1,803,0,163,0,0
B6_D1,609,0,170,0,0
B6_D1,694,0,507,0,0
B8_D1,221,0,78,0,0
B10_D1,806,0,18,0,0
B8_D1,712,0,250,0,0
G1_D1,227,0,234,0,0
B6_D1,868,0,148,0,0
G1_D1,80,0,48,0,0
B6_D1,949,0,73,0,0
B10_D1,467,0,79,0,0
G1_D1,774,0,326,0,0
B10_D1,139,0,255,0,0
B6_D1,240,0,384,0,0
B6_D1,442,0,507,0,0
B10_D1,559,0,479,0,0
B6_D1,956,0,46,0,0
G1_D1,27,0,172,0,0
G1_D1,371,0,459,0,0
G1_D1,464,0,99,0,0
B10_D1,995,0,281,0,0
B10_D1,236,0,341,0,0
G1_D1,225,0,242,0,0
G1_D1,11,0,243,0,0
B10_D1,102,0,435,0,0
B10_D1,443,0,115,0,0
B6_D1,453,0,388,0,0
B10_D1,556,0,325,0,0
B6_D1,798,0,490,0,0
B6_D1,839,0,226,0,0
B6_D1,269,0,458,0,0
G1_D1,266,0,319,0,0
B10_D1,357,0,488,0,0
B4_D1,886,0,31,0,0
B6_D1,1017,0,65,0,0
B6_D1,179,0,235,0,0
B10_D1,751,0,461,0,0
B6_D1,124,0,14,0,0
B10_D1,160,0,4,0,0
B6_D1,988,0,489,0,0
G1_D1,211,0,494,0,0
B6_D1,654,0,370,0,0
B2_D1,912,0,32,0,0
B10_D1,602,0,78,0,0
G1_D1,742,0,198,0,0
B4_D1,425,0,403,0,0
G1_D1,219,0,36,0,0
B6_D1,771,0,336,0,0
G1_D1,556,0,83,0,0
B10_D1,457,0,14,0,0
B10_D1,47,0,199,0,0
G1_D1,852,0,422,0,0
B2_D1,906,0,5,0,0
G1_D1,177,0,63,0,0
G1_D1,876,0,96,0,0
B4_D1,201,0,151,0,0
B6_D1,746,0,22,0,0
B10_D1,249,0,248,0,0
G1_D1,985,0,169,0,0
B6_D1,263,0,97,0,0
B6_D1,486,0,18,0,0
B10_D1,260,0,257,0,0
B6_D1,880,0,489,0,0
B4_D1,861,0,40,0,0
B6_D1,751,0,147,0,0
B6_D1,834,0,144,0,0
G1_D1,162,0,13,0,0
B4_D1,13,0,18,0,0
B10_D1,218,0,274,0,0
B6_D1,28,0,479,0,0
B10_D1,456,0,10,0,0
B10_D1,329,0,417,0,0
G1_D1,64,0,55,0,0
G1_D1,997,0,120,0,0
G1_D1,837,0,20,0,0
B6_D1,543,0,383,0,0
B10_D1,396,0,96,0,0
G1_D1,764,0,270,0,0
B6_D1,15,0,480,0,0
B6_D1,636,0,18,0,0
B6_D1,966,0,351,0,0
B2_D1,961,0,138,0,0
B6_D1,718,0,23,0,0
G1_D1,690,0,509,0,0
B10_D1,306,0,199,0,0
B6_D1,578,0,4,0,0
B8_D1,140,0,335,0,0
B10_D1,743,0,353,0,0
B6_D1,624,0,287,0,0
B10_D1,167,0,510,0,0
B4_D1,429,0,418,0,0
B6_D1,1014,0,83,0,0
B6_D1,76,0,131,0,0
B4_D1,885,0,242,0,0
G1_D1,76,0,352,0,0
B6_D1,486,0,169,0,0
G1_D1,1007,0,195,0,0
G1_D1,486,0,231,0,0
G1_D1,237,0,64,0,0
B6_D1,853,0,295,0,0
B6_D1,996,0,18,0,0
B4_D1,135,0,182,0,0
B10_D1,602,0,455,0,0
B10_D1,565,0,158,0,0
B10_D1,590,0,85,0,0
B6_D1,538,0,309,0,0
B6_D1,329,0,415,0,0
B10_D1,697,0,37,0,0
G1_D1,64,0,39,0,0
G1_D1,254,0,276,0,0
B10_D1,837,0,380,0,0
B10_D1,316,0,114,0,0
B6_D1,932,0,509,0,0
G1_D1,1000,0,196,0,0
G1_D1,51,0,81,0,0
B2_D1,546,0,287,0,0
B6_D1,0,0,107,0,0
B10_D1,484,0,307,0,0
B10_D1,120,0,161,0,0
B10_D1,753,0,426,0,0
G1_D1,53,0,255,0,0
B6_D1,3,0,132,0,0
B6_D1,188,0,332,0,0
B10_D1,65,0,42,0,0
B6_D1,922,0,492,0,0
G1_D1,194,0,176,0,0
B10_D1,150,0,294,0,0
G1_D1,846,0,32,0,0
B4_D1,286,0,311,0,0
B6_D1,771,0,335,0,0
G1_D1,50,0,145,0,0
B10_D1,471,0,305,0,0
B2_D1,185,0,472,0,0
B10_D1,333,0,509,0,0
B4_D1,792,0,236,0,0
B6_D1,908,0,40,0,0
G1_D1,664,0,154,0,0
G1_D1,1013,0,39,0,0
B6_D1,688,0,20,0,0
B10_D1,983,0,44,0,0
B4_D1,829,0,80,0,0
B6_D1,165,0,110,0,0
B6_D1,624,0,459,0,0
B6_D1,449,0,172,0,0
B6_D1,782,0,197,0,0
B6_D1,958,0,47,0,0
G1_D1,30,0,129,0,0
B10_D1,106,0,330,0,0
G1_D1,856,0,261,0,0
B6_D1,126,0,42,0,0
B10_D1,351,0,336,0,0
B10_D1,198,0,29,0,0
B6_D1,871,0,266,0,0
B10_D1,846,0,406,0,0
G1_D1,773,0,8,0,0
B10_D1,939,0,351,0,0
G1_D1,753,0,77,0,0
B6_D1,662,0,500,0,0
G1_D1,344,0,185,0,0
B10_D1,998,0,237,0,0
B4_D1,8,0,248,0,0
B10_D1,816,0,25,0,0
B6_D1,672,0,415,0,0
B6_D1,916,0,56,0,0
B10_D1,229,0,116,0,0
B10_D1,740,0,80,0,0
G1_D1,297,0,17,0,0
B6_D1,372,0,30,0,0
B10_D1,349,0,210,0,0
B6_D1,196,0,8,0,0
B10_D1,669,0,47,0,0
B6_D1,579,0,481,0,0
B6_D1,284,0,186,0,0
B4_D1,587,0,300,0,0
G1_D1,178,0,41,0,0
B6_D1,684,0,430,0,0
B6_D1,1022,0,488,0,0
B8_D1,50,0,242,0,0
G1_D1,580,0,84,0,0
B10_D1,291,0,19,0,0
B2_D1,988,0,110,0,0
G1_D1,935,0,34,0,0
B10_D1,699,0,474,0,0
B10_D1,819,0,40,0,0
B10_D1,683,0,271,0,0
G1_D1,697,0,439,0,0
B10_D1,204,0,244,0,0
B4_D1,599,0,183,0,0
B2_D1,519,0,39,0,0
B6_D1,79,0,374,0,0
B10_D1,159,0,231,0,0
B6_D1,794,0,491,0,0
G1_D1,487,0,307,0,0
G1_D1,533,0,74,0,0
G1_D1,992,0,375,0,0
B10_D1,447,0,24,0,0
B2_D1,892,0,94,0,0
B8_D1,589,0,204,0,0
B10_D1,1022,0,229,0,0
G1_D1,14,0,1,0,0
B10_D1,506,0,63,0,0
B2_D1,452,0,489,0,0
B10_D1,703,0,10,0,0
B6_D1,172,0,222,0,0
B6_D1,406,0,392,0,0
B6_D1,244,0,85,0,0
B8_D1,143,0,237,0,0
B6_D1,626,0,491,0,0
B6_D1,98,0,4,0,0
G1_D1,806,0,73,0,0
G1_D1,229,0,6,0,0
B10_D1,250,0,345,0,0
B6_D1,6,0,352,0,0
B6_D1,281,0,199,0,0
B6_D1,227,0,294,0,0
G1_D1,885,0,119,0,0
G1_D1,271,0,75,0,0
G1_D1,941,0,302,0,0
G1_D1,427,0,296,0,0
B10_D1,406,0,158,0,0
B2_D1,500,0,29,0,0
B6_D1,970,0,44,0,0
B10_D1,348,0,183,0,0
G1_D1,941,0,261,0,0
B6_D1,836,0,393,0,0
B10_D1,602,0,234,0,0
G1_D1,873,0,101,0,0
B10_D1,138,0,132,0,0
B10_D1,98,0,142,0,0
B10_D1,275,0,265,0,0
G1_D1,160,0,330,0,0
B2_D1,492,0,367,0,0
G1_D1,16,0,312,0,0
B6_D1,152,0,341,0,0
B10_D1,653,0,85,0,0
B6_D1,537,0,324,0,0
B6_D1,196,0,38,0,0
B6_D1,128,0,422,0,0
G1_D1,1017,0,391,0,0
G1_D1,527,0,472,0,0
B10_D1,128,0,287,0,0
B6_D1,823,0,84,0,0
B10_D1,154,0,268,0,0
B6_D1,847,0,301,0,0
B10_D1,886,0,71,0,0
B10_D1,816,0,34,0,0
B6_D1,983,0,82,0,0
G1_D1,2,0,464,0,0
B10_D1,765,0,426,0,0
G1_D1,22,0,40,0,0
B10_D1,590,0,222,0,0
G1_D1,22,0,47,0,0
B6_D1,975,0,447,0,0
B6_D1,725,0,479,0,0
B6_D1,876,0,296,0,0
B6_D1,3,0,198,0,0
G1_D1,130,0,60,0,0
G1_D1,878,0,1,0,0
B10_D1,646,0,118,0,0
B6_D1,425,0,228,0,0
B2_D1,548,0,160,0,0
B6_D1,601,0,189,0,0
B6_D1,882,0,445,0,0
B6_D1,166,0,309,0,0
G1_D1,272,0,395,0,0
G1_D1,931,0,239,0,0
B10_D1,202,0,291,0,0
B4_D1,3,0,343,0,0
B10_D1,329,0,510,0,0
G1_D1,425,0,2,0,0
B4_D1,694,0,262,0,0
G1_D1,240,0,241,0,0
B6_D1,310,0,390,0,0
B10_D1,189,0,226,0,0
B4_D1,433,0,416,0,0
G1_D1,338,0,23,0,0
B8_D1,469,0,293,0,0
B6_D1,989,0,300,0,0
B10_D1,950,0,283,0,0
B6_D1,290,0,1,0,0
B10_D1,255,0,142,0,0
B6_D1,386,0,168,0,0
B4_D1,316,0,156,0,0
B10_D1,635,0,304,0,0
G1_D1,19,0,365,0,0
B2_D1,582,0,481,0,0
B6_D1,216,0,68,0,0
B6_D1,466,0,504,0,0
B6_D1,807,0,453,0,0
B6_D1,1001,0,93,0,0
B6_D1,978,0,18,0,0
B10_D1,838,0,315,0,0
B10_D1,681,0,446,0,0
B6_D1,732,0,511,0,0
B2_D1,908,0,8,0,0
B6_D1,564,0,30,0,0
B6_D1,4,0,479,0,0
B6_D1,964,0,222,0,0
B6_D1,786,0,21,0,0
B10_D1,619,0,84,0,0
B6_D1,526,0,182,0,0
B6_D1,942,0,18,0,0
B6_D1,869,0,218,0,0
B6_D1,76,0,47,0,0
B10_D1,398,0,9,0,0
G1_D1,268,0,3,0,0
B6_D1,254,0,86,0,0
B6_D1,752,0,4,0,0
B2_D1,594,0,481,0,0
B10_D1,461,0,411,0,0
B10_D1,404,0,487,0,0
B6_D1,587,0,121,0,0
B6_D1,682,0,483,0,0
B6_D1,452,0,416,0,0
G1_D1,1005,0,279,0,0
B10_D1,146,0,278,0,0
B6_D1,449,0,479,0,0
B10_D1,580,0,101,0,0
B10_D1,948,0,12,0,0
B10_D1,25,0,176,0,0
B2_D1,148,0,277,0,0
B10_D1,573,0,9,0,0
B2_D1,480,0,483,0,0
G1_D1,429,0,4,0,0
B6_D1,27,0,71,0,0
B2_D1,253,0,199,0,0
G1_D1,1017,0,151,0,0
B6_D1,270,0,511,0,0
B10_D1,398,0,273,0,0
B6_D1,933,0,296,0,0
G1_D1,712,0,511,0,0
G1_D1,846,0,7,0,0
B4_D1,471,0,232,0,0
B6_D1,96,0,15,0,0
B6_D1,52,0,11,0,0
G1_D1,26,0,105,0,0
B10_D1,18,0,76,0,0
B10_D1,721,0,317,0,0
G1_D1,823,0,101,0,0
B6_D1,744,0,322,0,0
B8_D1,669,0,229,0,0
B6_D1,920,0,443,0,0
G1_D1,926,0,67,0,0
B6_D1,1008,0,111,0,0
B10_D1,1000,0,60,0,0
B6_D1,295,0,373,0,0
B6_D1,279,0,382,0,0
B10_D1,210,0,42,0,0
B10_D1,788,0,240,0,0
B8_D1,848,0,2,0,0
G1_D1,40,0,211,0,0
G1_D1,52,0,39,0,0
B6_D1,962,0,25,0,0
B2_D1,860,0,79,0,0
G1_D1,111,0,83,0,0
B10_D1,739,0,318,0,0
G1_D1,1005,0,33,0,0
G1_D1,726,0,250,0,0
B6_D1,278,0,488,0,0
B10_D1,570,0,153,0,0
B6_D1,738,0,45,0,0
B10_D1,273,0,59,0,0
B6_D1,668,0,506,0,0
B6_D1,285,0,81,0,0
G1_D1,35,0,204,0,0
B4_D1,874,0,251,0,0
B6_D1,1023,0,270,0,0
B6_D1,590,0,482,0,0
B10_D1,590,0,484,0,0
B6_D1,414,0,15,0,0
B10_D1,664,0,252,0,0
G1_D1,567,0,231,0,0
G1_D1,599,0,63,0,0
B10_D1,611,0,500,0,0
B10_D1,281,0,106,0,0
B2_D1,783,0,225,0,0
B10_D1,277,0,48,0,0
B6_D1,571,0,265,0,0
B6_D1,117,0,232,0,0
B10_D1,231,0,190,0,0
B6_D1,426,0,125,0,0
B6_D1,536,0,306,0,0
B6_D1,819,0,143,0,0
B10_D1,862,0,271,0,0
B6_D1,268,0,49,0,0
B6_D1,120,0,204,0,0
B6_D1,909,0,466,0,0
B6_D1,966,0,484,0,0
B10_D1,285,0,124,0,0
G1_D1,410,0,206,0,0
G1_D1,1023,0,131,0,0
B4_D1,1023,0,340,0,0
B2_D1,289,0,141,0,0
G1_D1,819,0,40,0,0
B6_D1,690,0,511,0,0
B6_D1,145,0,280,0,0
B6_D1,459,0,355,0,0
B10_D1,519,0,140,0,0
B10_D1,514,0,83,0,0
B10_D1,654,0,491,0,0
B8_D1,719,0,313,0,0
B6_D1,834,0,395,0,0
B10_D1,245,0,213,0,0
B6_D1,388,0,290,0,0
B8_D1,315,0,314,0,0
B6_D1,102,0,141,0,0
B4_D1,1022,0,173,0,0
G1_D1,461,0,155,0,0
B10_D1,64,0,193,0,0
B10_D1,290,0,322,0,0
B6_D1,828,0,258,0,0
B10_D1,678,0,14,0,0
G1_D1,381,0,222,0,0
B6_D1,716,0,40,0,0
B6_D1,15,0,342,0,0
G1_D1,699,0,4,0,0
B6_D1,72,0,318,0,0
G1_D1,42,0,190,0,0
B6_D1,670,0,20,0,0
G1_D1,20,0,344,0,0
B4_D1,207,0,107,0,0
B4_D1,1017,0,49,0,0
B4_D1,781,0,42,0,0
B6_D1,192,0,36,0,0
G1_D1,50,0,166,0,0
B6_D1,290,0,186,0,0
G1_D1,282,0,56,0,0
B10_D1,354,0,203,0,0
B6_D1,774,0,91,0,0
B10_D1,232,0,131,0,0
B6_D1,274,0,238,0,0
G1_D1,95,0,8,0,0
G1_D1,540,0,21,0,0
B10_D1,159,0,69,0,0
B6_D1,298,0,489,0,0
B6_D1,99,0,312,0,0
B4_D1,693,0,192,0,0
G1_D1,20,0,35,0,0
B6_D1,286,0,2,0,0
G1_D1,820,0,511,0,0
B4_D1,857,0,34,0,0
B10_D1,1022,0,37,0,0
B10_D1,348,0,263,0,0
B6_D1,761,0,202,0,0
B10_D1,278,0,331,0,0
B10_D1,66,0,315,0,0
G1_D1,272,0,179,0,0
B6_D1,350,0,370,0,0
B10_D1,569,0,81,0,0
B6_D1,88,0,424,0,0
B6_D1,60,0,119,0,0
B8_D1,652,0,178,0,0
B10_D1,462,0,271,0,0
B2_D1,859,0,178,0,0
B6_D1,992,0,461,0,0
B10_D1,563,0,0,0,0
B8_D1,1014,0,253,0,0
G1_D1,431,0,298,0,0
B6_D1,306,0,3,0,0
B10_D1,12,0,279,0,0
B2_D1,69,0,189,0,0
B4_D1,340,0,205,0,0
B2_D1,902,0,403,0,0
B10_D1,722,0,324,0,0
B10_D1,1002,0,56,0,0
B6_D1,474,0,18,0,0
B4_D1,591,0,92,0,0
B10_D1,650,0,31,0,0
B10_D1,489,0,120,0,0
B6_D1,503,0,253,0,0
B6_D1,246,0,496,0,0
B10_D1,808,0,172,0,0
B6_D1,683,0,206,0,0
B10_D1,541,0,210,0,0
B6_D1,967,0,411,0,0
B2_D1,522,0,286,0,0
B6_D1,257,0,481,0,0
B6_D1,17,0,355,0,0
B6_D1,25,0,375,0,0
G1_D1,19,0,124,0,0
B6_D1,839,0,380,0,0
B10_D1,594,0,412,0,0
G1_D1,478,0,511,0,0
B2_D1,367,0,481,0,0
B6_D1,680,0,344,0,0
B6_D1,57,0,95,0,0
B6_D1,766,0,347,0,0
B10_D1,616,0,233,0,0
B10_D1,744,0,428,0,0
B10_D1,10,0,73,0,0
B2_D1,838,0,234,0,0
B6_D1,464,0,134,0,0
B10_D1,1017,0,36,0,0
B10_D1,476,0,51,0,0
B10_D1,420,0,459,0,0
B6_D1,8,0,68,0,0
B6_D1,548,0,37,0,0
G1_D1,372,0,103,0,0
B6_D1,838,0,495,0,0
B4_D1,237,0,66,0,0
G1_D1,1020,0,35,0,0
B10_D1,547,0,276,0,0
B6_D1,484,0,282,0,0
B10_D1,125,0,184,0,0
B10_D1,615,0,361,0,0
B2_D1,899,0,510,0,0
B2_D1,2,0,93,0,0
G1_D1,1021,0,221,0,0
B10_D1,429,0,123,0,0
B10_D1,176,0,269,0,0
B10_D1,879,0,211,0,0
B10_D1,55,0,41,0,0
G1_D1,579,0,10,0,0
B10_D1,572,0,25,0,0
B10_D1,941,0,344,0,0
B2_D1,818,0,7,0,0
G1_D1,958,0,294,0,0
G1_D1,237,0,125,0,0
B6_D1,785,0,60,0,0
B10_D1,577,0,306,0,0
B10_D1,56,0,134,0,0
B10_D1,1022,0,134,0,0
B10_D1,108,0,187,0,0
B6_D1,627,0,463,0,0
B10_D1,104,0,331,0,0
B6_D1,346,0,331,0,0
B6_D1,592,0,495,0,0
B6_D1,528,0,318,0,0
B10_D1,432,0,142,0,0
B6_D1,703,0,50,0,0
B10_D1,431,0,294,0,0
B6_D1,170,0,64,0,0
B6_D1,776,0,309,0,0
B6_D1,982,0,510,0,0
B6_D1,737,0,270,0,0
G1_D1,745,0,200,0,0
B6_D1,844,0,501,0,0
B6_D1,186,0,484,0,0
B10_D1,496,0,61,0,0
B6_D1,261,0,75,0,0
B10_D1,962,0,8,0,0
B10_D1,550,0,162,0,0
G1_D1,471,0,21,0,0
B10_D1,382,0,239,0,0
G1_D1,90,0,91,0,0
B4_D1,47,0,1,0,0
B10_D1,243,0,357,0,0
B4_D1,306,0,213,0,0
B6_D1,478,0,229,0,0
B10_D1,712,0,120,0,0
B6_D1,23,0,241,0,0
G1_D1,905,0,321,0,0
B10_D1,877,0,31,0,0
B6_D1,664,0,35,0,0
B6_D1,545,0,390,0,0
G1_D1,272,0,285,0,0
B10_D1,254,0,38,0,0
B10_D1,999,0,268,0,0
G1_D1,523,0,6,0,0
B6_D1,823,0,259,0,0
B10_D1,687,0,254,0,0
B6_D1,136,0,507,0,0
B6_D1,14,0,37,0,0
B10_D1,504,0,88,0,0
B6_D1,6,0,15,0,0
B4_D1,0,0,98,0,0
B10_D1,827,0,385,0,0
B6_D1,180,0,45,0,0
B6_D1,327,0,218,0,0
B6_D1,114,0,27,0,0
B6_D1,152,0,28,0,0
G1_D1,16,0,92,0,0
B8_D1,308,0,186,0,0
B10_D1,707,0,61,0,0
G1_D1,977,0,92,0,0
B10_D1,328,0,311,0,0
B4_D1,184,0,62,0,0
B6_D1,146,0,207,0,0
G1_D1,4,0,448,0,0
B6_D1,507,0,368,0,0
B6_D1,740,0,425,0,0
B6_D1,550,0,510,0,0
G1_D1,208,0,238,0,0
G1_D1,202,0,455,0,0
B6_D1,108,0,27,0,0
B10_D1,834,0,280,0,0
B6_D1,58,0,265,0,0
B4_D1,4,0,279,0,0
B6_D1,879,0,168,0,0
B10_D1,100,0,205,0,0
B10_D1,348,0,5,0,0
G1_D1,54,0,18,0,0
B2_D1,2,0,74,0,0
B6_D1,873,0,326,0,0
B6_D1,417,0,270,0,0
B10_D1,729,0,256,0,0
B2_D1,1,0,500,0,0
B6_D1,257,0,114,0,0
B10_D1,352,0,340,0,0
B6_D1,165,0,233,0,0
B6_D1,338,0,46,0,0
B6_D1,964,0,308,0,0
B10_D1,911,0,304,0,0
B10_D1,161,0,12,0,0
G1_D1,203,0,2,0,0
B10_D1,436,0,144,0,0
B10_D1,201,0,73,0,0
G1_D1,286,0,181,0,0
B4_D1,827,0,44,0,0
B10_D1,697,0,313,0,0
B6_D1,213,0,435,0,0
B10_D1,105,0,304,0,0
B10_D1,517,0,120,0,0
B10_D1,1023,0,348,0,0
B6_D1,590,0,488,0,0
B6_D1,889,0,192,0,0
B6_D1,890,0,360,0,0
B6_D1,905,0,116,0,0
B8_D1,942,0,302,0,0
G1_D1,283,0,239,0,0
B6_D1,576,0,15,0,0
B4_D1,754,0,199,0,0
B10_D1,253,0,356,0,0
G1_D1,868,0,463,0,0
G1_D1,437,0,391,0,0
B6_D1,504,0,0,0,0
G1_D1,10,0,156,0,0
B10_D1,901,0,43,0,0
B4_D1,6,0,407,0,0
B4_D1,5,0,409,0,0
B6_D1,859,0,448,0,0
B6_D1,956,0,19,0,0
B10_D1,20,0,284,0,0
B4_D1,299,0,307,0,0
B6_D1,839,0,189,0,0
G1_D1,881,0,266,0,0
B10_D1,186,0,218,0,0
B10_D1,223,0,148,0,0
B10_D1,602,0,322,0,0
G1_D1,42,0,128,0,0
B10_D1,605,0,195,0,0
B6_D1,687,0,413,0,0
B6_D1,803,0,252,0,0
B6_D1,684,0,15,0,0
G1_D1,898,0,91,0,0
G1_D1,741,0,244,0,0
B6_D1,272,0,7,0,0
B10_D1,1023,0,56,0,0
B6_D1,466,0,507,0,0
B4_D1,170,0,172,0,0
B6_D1,229,0,298,0,0
B10_D1,908,0,219,0,0
B6_D1,668,0,22,0,0
B6_D1,670,0,501,0,0
G1_D1,73,0,283,0,0
B6_D1,459,0,265,0,0
B10_D1,317,0,418,0,0
B10_D1,776,0,57,0,0
B10_D1,236,0,78,0,0
B6_D1,382,0,225,0,0
B10_D1,38,0,258,0,0
B10_D1,811,0,3,0,0
G1_D1,820,0,9,0,0
B10_D1,561,0,75,0,0
B6_D1,228,0,18,0,0
B6_D1,413,0,254,0,0
G1_D1,751,0,200,0,0
B4_D1,265,0,38,0,0
B6_D1,954,0,180,0,0
B10_D1,651,0,307,0,0
B10_D1,568,0,137,0,0
B10_D1,452,0,486,0,0
G1_D1,484,0,39,0,0
B6_D1,518,0,157,0,0
B6_D1,374,0,279,0,0
B6_D1,129,0,204,0,0
B6_D1,890,0,485,0,0
B6_D1,588,0,9,0,0
B10_D1,411,0,278,0,0
B6_D1,936,0,30,0,0
B10_D1,580,0,285,0,0
G1_D1,696,0,510,0,0
G1_D1,615,0,168,0,0
B6_D1,108,0,21,0,0
B6_D1,850,0,88,0,0
B8_D1,462,0,201,0,0
B6_D1,151,0,112,0,0
B6_D1,78,0,319,0,0
B10_D1,651,0,116,0,0
G1_D1,10,0,294,0,0
B10_D1,695,0,85,0,0
B10_D1,539,0,114,0,0
B6_D1,783,0,126,0,0
B6_D1,584,0,177,0,0
B10_D1,858,0,197,0,0
B6_D1,732,0,6,0,0
G1_D1,366,0,22,0,0
B2_D1,759,0,40,0,0
G1_D1,614,0,235,0,0
B6_D1,790,0,385,0,0
B6_D1,150,0,24,0,0
G1_D1,221,0,457,0,0
B6_D1,410,0,168,0,0
B10_D1,782,0,418,0,0
G1_D1,185,0,62,0,0
B6_D1,81,0,381,0,0
B2_D1,121,0,14,0,0
G1_D1,182,0,5,0,0
G1_D1,646,0,26,0,0
B6_D1,542,0,13,0,0
B6_D1,544,0,357,0,0
G1_D1,7,0,341,0,0
B6_D1,640,0,26,0,0
B2_D1,995,0,252,0,0
B6_D1,807,0,198,0,0
B10_D1,839,0,4,0,0
B6_D1,458,0,96,0,0
G1_D1,727,0,16,0,0
G1_D1,60,0,64,0,0
B2_D1,441,0,474,0,0
B10_D1,85,0,509,0,0
B6_D1,898,0,489,0,0
B6_D1,905,0,297,0,0
B6_D1,496,0,507,0,0
G1_D1,932,0,498,0,0
B2_D1,117,0,315,0,0
G1_D1,26,0,179,0,0
B6_D1,677,0,181,0,0
B6_D1,78,0,273,0,0
B10_D1,329,0,511,0,0
B10_D1,600,0,198,0,0
B6_D1,472,0,304,0,0
G1_D1,816,0,268,0,0
G1_D1,966,0,0,0,0
B6_D1,42,0,83,0,0
B10_D1,609,0,362,0,0
B4_D1,938,0,77,0,0
B10_D1,57,0,132,0,0
B10_D1,600,0,482,0,0
B8_D1,550,0,290,0,0
B4_D1,43,0,126,0,0
B6_D1,110,0,466,0,0
G1_D1,658,0,17,0,0
B10_D1,318,0,446,0,0
G1_D1,40,0,3,0,0
B6_D1,95,0,359,0,0
B10_D1,640,0,498,0,0
B6_D1,752,0,43,0,0
B2_D1,833,0,82,0,0
B6_D1,633,0,361,0,0
B10_D1,40,0,64,0,0
G1_D1,105,0,362,0,0
B10_D1,259,0,41,0,0
B10_D1,34,0,249,0,0
B10_D1,908,0,272,0,0
B6_D1,394,0,17,0,0
B6_D1,748,0,107,0,0
G1_D1,863,0,38,0,0
B2_D1,560,0,120,0,0
B6_D1,10,0,237,0,0
B6_D1,842,0,71,0,0
B6_D1,172,0,197,0,0
G1_D1,15,0,231,0,0
B6_D1,546,0,273,0,0
B6_D1,321,0,460,0,0
B6_D1,87,0,130,0,0
B2_D1,70,0,22,0,0
B10_D1,505,0,485,0,0
B6_D1,132,0,42,0,0
B2_D1,813,0,63,0,0
B6_D1,807,0,64,0,0
G1_D1,118,0,3,0,0
B6_D1,343,0,343,0,0
B6_D1,982,0,396,0,0
B6_D1,706,0,285,0,0
B10_D1,491,0,305,0,0
B10_D1,666,0,72,0,0
B8_D1,24,0,269,0,0
B6_D1,648,0,505,0,0
G1_D1,689,0,24,0,0
B10_D1,224,0,144,0,0
B6_D1,504,0,502,0,0
B6_D1,7,0,437,0,0
B6_D1,864,0,0,0,0
B10_D1,810,0,422,0,0
B10_D1,742,0,320,0,0
B6_D1,7,0,313,0,0
B10_D1,19,0,229,0,0
B10_D1,181,0,182,0,0
B10_D1,669,0,87,0,0
G1_D1,253,0,179,0,0
B6_D1,1014,0,490,0,0
B10_D1,103,0,113,0,0
B6_D1,962,0,445,0,0
G1_D1,935,0,15,0,0
B4_D1,924,0,62,0,0
B10_D1,33,0,125,0,0
B10_D1,582,0,331,0,0
G1_D1,1016,0,37,0,0
B10_D1,379,0,413,0,0
G1_D1,121,0,199,0,0
G1_D1,255,0,42,0,0
B6_D1,696,0,206,0,0
G1_D1,260,0,11,0,0
B4_D1,203,0,150,0,0
G1_D1,694,0,282,0,0
B6_D1,368,0,482,0,0
G1_D1,401,0,206,0,0
B6_D1,57,0,403,0,0
B10_D1,811,0,92,0,0
B10_D1,399,0,1,0,0
B2_D1,595,0,115,0,0
B10_D1,437,0,82,0,0
G1_D1,491,0,128,0,0
B6_D1,857,0,193,0,0
G1_D1,262,0,243,0,0
B6_D1,798,0,292,0,0
B10_D1,727,0,10,0,0
B10_D1,631,0,467,0,0
B6_D1,311,0,347,0,0
G1_D1,946,0,269,0,0
G1_D1,1013,0,150,0,0
G1_D1,13,0,257,0,0
B6_D1,571,0,335,0,0
B6_D1,50,0,92,0,0
B10_D1,121,0,3,0,0
B10_D1,660,0,80,0,0
G1_D1,1002,0,7,0,0
B10_D1,612,0,65,0,0
B2_D1,447,0,474,0,0
G1_D1,898,0,253,0,0
B6_D1,338,0,155,0,0
B6_D1,870,0,39,0,0
B10_D1,879,0,370,0,0
B10_D1,650,0,311,0,0
B10_D1,792,0,261,0,0
B6_D1,617,0,206,0,0
B10_D1,743,0,85,0,0
B10_D1,434,0,200,0,0
B6_D1,892,0,507,0,0
B6_D1,10,0,450,0,0
B10_D1,860,0,335,0,0
G1_D1,143,0,263,0,0
G1_D1,466,0,115,0,0
B6_D1,152,0,455,0,0
G1_D1,1018,0,145,0,0
B6_D1,126,0,45,0,0
G1_D1,455,0,24,0,0
G1_D1,770,0,387,0,0
B4_D1,1020,0,24,0,0
B10_D1,985,0,293,0,0
B6_D1,381,0,351,0,0
G1_D1,34,0,110,0,0
G1_D1,463,0,80,0,0
G1_D1,1009,0,29,0,0
B10_D1,636,0,414,0,0
B10_D1,606,0,63,0,0
B6_D1,344,0,83,0,0
B8_D1,315,0,315,0,0
B6_D1,69,0,291,0,0
B10_D1,783,0,426,0,0
B6_D1,977,0,363,0,0
B6_D1,416,0,488,0,0
B10_D1,286,0,304,0,0
G1_D1,64,0,454,0,0
B6_D1,514,0,282,0,0
B2_D1,550,0,478,0,0
B2_D1,702,0,65,0,0
G1_D1,381,0,229,0,0
B6_D1,542,0,408,0,0
B10_D1,132,0,179,0,0
G1_D1,148,0,300,0,0
B6_D1,774,0,36,0,0
G1_D1,116,0,24,0,0
B10_D1,779,0,248,0,0
B6_D1,1019,0,64,0,0
G1_D1,241,0,302,0,0
B10_D1,177,0,277,0,0
B4_D1,579,0,118,0,0
B6_D1,786,0,15,0,0
B10_D1,144,0,111,0,0
B6_D1,931,0,416,0,0
B6_D1,755,0,316,0,0
B10_D1,213,0,286,0,0
B6_D1,544,0,130,0,0
B6_D1,456,0,316,0,0
B4_D1,154,0,360,0,0
B10_D1,377,0,270,0,0
B10_D1,46,0,121,0,0
B6_D1,765,0,222,0,0
B10_D1,573,0,413,0,0
B6_D1,932,0,37,0,0
G1_D1,21,0,167,0,0
B2_D1,952,0,65,0,0
B10_D1,333,0,222,0,0
G1_D1,1011,0,209,0,0
B2_D1,0,0,137,0,0
B6_D1,912,0,36,0,0
B6_D1,63,0,192,0,0
B10_D1,194,0,223,0,0
B6_D1,468,0,170,0,0
B10_D1,707,0,73,0,0
B6_D1,374,0,354,0,0
B4_D1,77,0,165,0,0
B6_D1,676,0,200,0,0
B10_D1,743,0,423,0,0
B6_D1,830,0,369,0,0
B6_D1,538,0,219,0,0
G1_D1,335,0,131,0,0
B6_D1,4,0,260,0,0
B6_D1,624,0,446,0,0
G1_D1,137,0,97,0,0
G1_D1,468,0,121,0,0
B6_D1,294,0,24,0,0
B2_D1,120,0,32,0,0
G1_D1,562,0,87,0,0
B6_D1,226,0,501,0,0
B6_D1,854,0,182,0,0
B10_D1,837,0,408,0,0
B4_D1,1023,0,136,0,0
B10_D1,708,0,91,0,0
B6_D1,745,0,461,0,0
B6_D1,852,0,174,0,0
B6_D1,90,0,508,0,0
B10_D1,238,0,291,0,0
B6_D1,740,0,105,0,0
B10_D1,869,0,35,0,0
B2_D1,782,0,190,0,0
B6_D1,1008,0,36,0,0
B4_D1,7,0,23,0,0
B10_D1,215,0,0,0,0
G1_D1,735,0,120,0,0
B10_D1,296,0,201,0,0
B10_D1,519,0,188,0,0
B10_D1,873,0,217,0,0
G1_D1,1014,0,244,0,0
B2_D1,724,0,359,0,0
B2_D1,236,0,480,0,0
B6_D1,130,0,140,0,0
B10_D1,595,0,81,0,0
B6_D1,24,0,493,0,0
B6_D1,73,0,438,0,0
B6_D1,148,0,26,0,0
G1_D1,112,0,276,0,0
B6_D1,256,0,11,0,0
G1_D1,284,0,31,0,0
B2_D1,934,0,46,0,0
B6_D1,328,0,427,0,0
B6_D1,760,0,218,0,0
B6_D1,624,0,330,0,0
G1_D1,851,0,72,0,0
B10_D1,103,0,485,0,0
G1_D1,416,0,126,0,0
B6_D1,176,0,16,0,0
B2_D1,779,0,45,0,0
B6_D1,14,0,25,0,0
B6_D1,228,0,36,0,0
G1_D1,11,0,392,0,0
B10_D1,52,0,454,0,0
B10_D1,485,0,53,0,0
B6_D1,920,0,31,0,0
B6_D1,432,0,275,0,0
B6_D1,708,0,12,0,0
G1_D1,254,0,70,0,0
G1_D1,631,0,119,0,0
B10_D1,929,0,6,0,0
B10_D1,665,0,161,0,0
G1_D1,41,0,111,0,0
B10_D1,223,0,221,0,0
G1_D1,978,0,35,0,0
B8_D1,2,0,283,0,0
B8_D1,869,0,303,0,0
B10_D1,133,0,271,0,0
B6_D1,634,0,504,0,0
B6_D1,28,0,416,0,0
B10_D1,12,0,119,0,0
B6_D1,951,0,50,0,0
G1_D1,935,0,8,0,0
B2_D1,191,0,480,0,0
G1_D1,18,0,128,0,0
B10_D1,299,0,194,0,0
B6_D1,179,0,77,0,0
B4_D1,979,0,42,0,0
B6_D1,114,0,12,0,0
B6_D1,1005,0,397,0,0
G1_D1,36,0,223,0,0
B6_D1,725,0,269,0,0
B4_D1,585,0,377,0,0
G1_D1,555,0,245,0,0
B10_D1,748,0,102,0,0
B10_D1,641,0,17,0,0
B10_D1,675,0,243,0,0
B10_D1,509,0,251,0,0
B6_D1,718,0,489,0,0
B10_D1,91,0,98,0,0
B6_D1,484,0,38,0,0
G1_D1,22,0,312,0,0
B2_D1,814,0,270,0,0
B10_D1,693,0,253,0,0
B6_D1,821,0,215,0,0
G1_D1,880,0,231,0,0
B4_D1,995,0,51,0,0
B6_D1,540,0,251,0,0
B10_D1,879,0,84,0,0
B6_D1,787,0,425,0,0
B2_D1,762,0,62,0,0
B2_D1,788,0,86,0,0
B6_D1,406,0,11,0,0
B10_D1,913,0,387,0,0
B2_D1,218,0,131,0,0
B6_D1,53,0,476,0,0
B6_D1,464,0,403,0,0
G1_D1,762,0,464,0,0
B10_D1,164,0,40,0,0
B8_D1,431,0,284,0,0
G1_D1,319,0,155,0,0
G1_D1,30,0,128,0,0
B6_D1,817,0,58,0,0
G1_D1,870,0,0,0,0
B10_D1,973,0,469,0,0
G1_D1,290,0,197,0,0
B10_D1,99,0,300,0,0
B6_D1,94,0,2,0,0
G1_D1,622,0,32,0,0
G1_D1,166,0,9,0,0
G1_D1,342,0,55,0,0
B6_D1,650,0,348,0,0
B6_D1,38,0,19,0,0
B6_D1,435,0,224,0,0
B6_D1,153,0,215,0,0
B2_D1,853,0,26,0,0
B6_D1,798,0,511,0,0
B10_D1,213,0,307,0,0
B6_D1,318,0,484,0,0
G1_D1,554,0,86,0,0
B4_D1,549,0,107,0,0
G1_D1,719,0,249,0,0
B10_D1,613,0,104,0,0
B10_D1,957,0,286,0,0
G1_D1,921,0,246,0,0
B10_D1,552,0,232,0,0
G1_D1,35,0,170,0,0
B10_D1,820,0,331,0,0
G1_D1,316,0,60,0,0
B6_D1,219,0,450,0,0
B10_D1,765,0,293,0,0
B2_D1,74,0,57,0,0
B2_D1,399,0,173,0,0
B10_D1,706,0,88,0,0
G1_D1,54,0,31,0,0
B6_D1,121,0,231,0,0
B10_D1,465,0,31,0,0
B10_D1,788,0,328,0,0
B10_D1,32,0,144,0,0
G1_D1,270,0,233,0,0
G1_D1,419,0,15,0,0
G1_D1,928,0,18,0,0
B10_D1,507,0,493,0,0
B10_D1,526,0,11,0,0
B6_D1,413,0,363,0,0
G1_D1,929,0,455,0,0
B10_D1,197,0,165,0,0
G1_D1,23,0,37,0,0
B6_D1,993,0,111,0,0
B2_D1,142,0,310,0,0
G1_D1,221,0,68,0,0
B10_D1,23,0,252,0,0
B6_D1,764,0,13,0,0
B6_D1,456,0,21,0,0
B10_D1,198,0,213,0,0
B10_D1,198,0,109,0,0
B10_D1,4,0,91,0,0
B8_D1,628,0,178,0,0
B10_D1,241,0,424,0,0
G1_D1,74,0,24,0,0
B6_D1,151,0,362,0,0
B10_D1,49,0,151,0,0
B6_D1,571,0,184,0,0
G1_D1,33,0,172,0,0
G1_D1,699,0,264,0,0
B2_D1,615,0,25,0,0
B6_D1,523,0,246,0,0
B6_D1,69,0,209,0,0
B10_D1,197,0,259,0,0
B6_D1,308,0,19,0,0
B10_D1,654,0,457,0,0
B10_D1,431,0,510,0,0
B10_D1,588,0,325,0,0
B6_D1,382,0,41,0,0
B10_D1,702,0,264,0,0
B6_D1,785,0,207,0,0
G1_D1,670,0,135,0,0
B6_D1,203,0,81,0,0
B10_D1,391,0,171,0,0
B6_D1,621,0,52,0,0
B6_D1,443,0,458,0,0
B6_D1,762,0,36,0,0
B4_D1,718,0,204,0,0
B10_D1,455,0,408,0,0
B10_D1,261,0,240,0,0
G1_D1,294,0,268,0,0
G1_D1,294,0,18,0,0
G1_D1,606,0,21,0,0
G1_D1,962,0,158,0,0
B6_D1,1018,0,210,0,0
B10_D1,150,0,132,0,0
G1_D1,1007,0,2,0,0
G1_D1,325,0,19,0,0
B6_D1,1013,0,435,0,0
B6_D1,538,0,302,0,0
B4_D1,383,0,296,0,0
B10_D1,1007,0,337,0,0
B6_D1,611,0,385,0,0
B10_D1,453,0,50,0,0
B10_D1,412,0,120,0,0
B10_D1,10,0,137,0,0
B10_D1,273,0,57,0,0
B6_D1,994,0,44,0,0
B10_D1,141,0,237,0,0
B6_D1,324,0,461,0,0
G1_D1,980,0,68,0,0
B6_D1,679,0,65,0,0
B4_D1,614,0,351,0,0
G1_D1,396,0,13,0,0
B10_D1,344,0,106,0,0
G1_D1,871,0,12,0,0
B6_D1,207,0,472,0,0
B10_D1,644,0,258,0,0
B2_D1,403,0,130,0,0
B10_D1,631,0,239,0,0
G1_D1,42,0,499,0,0
B10_D1,262,0,140,0,0
G1_D1,714,0,268,0,0
B6_D1,154,0,510,0,0
B10_D1,467,0,238,0,0
B10_D1,195,0,434,0,0
G1_D1,997,0,192,0,0
B10_D1,610,0,342,0,0
B2_D1,412,0,44,0,0
G1_D1,533,0,14,0,0
G1_D1,268,0,78,0,0
B6_D1,348,0,371,0,0
B10_D1,588,0,331,0,0
G1_D1,1023,0,501,0,0
B6_D1,920,0,485,0,0
B10_D1,926,0,214,0,0
B10_D1,508,0,406,0,0
B6_D1,849,0,215,0,0
B6_D1,252,0,195,0,0
B6_D1,332,0,205,0,0
B6_D1,860,0,272,0,0
B10_D1,212,0,288,0,0
B6_D1,332,0,494,0,0
G1_D1,987,0,131,0,0
G1_D1,547,0,469,0,0
B10_D1,543,0,302,0,0
B6_D1,702,0,386,0,0
B6_D1,268,0,474,0,0
B10_D1,634,0,299,0,0
B6_D1,264,0,6,0,0
B10_D1,1023,0,459,0,0
B10_D1,784,0,58,0,0
B6_D1,40,0,285,0,0
G1_D1,533,0,150,0,0
B10_D1,639,0,174,0,0
B6_D1,781,0,259,0,0
B6_D1,27,0,271,0,0
B6_D1,916,0,29,0,0
B6_D1,754,0,44,0,0
B10_D1,137,0,272,0,0
B6_D1,150,0,158,0,0
B10_D1,80,0,101,0,0
B6_D1,726,0,487,0,0
B6_D1,607,0,426,0,0
B6_D1,128,0,165,0,0
B6_D1,836,0,99,0,0
B2_D1,147,0,32,0,0
B10_D1,4,0,102,0,0
B6_D1,816,0,496,0,0
B10_D1,207,0,231,0,0
B2_D1,332,0,201,0,0
B10_D1,86,0,94,0,0
B10_D1,947,0,489,0,0
B6_D1,734,0,494,0,0
G1_D1,304,0,416,0,0
B4_D1,5,0,398,0,0
B6_D1,326,0,1,0,0
B10_D1,781,0,447,0,0
B10_D1,344,0,337,0,0
B10_D1,949,0,290,0,0
B2_D1,443,0,160,0,0
B6_D1,672,0,436,0,0
B10_D1,606,0,85,0,0
B10_D1,454,0,505,0,0
G1_D1,648,0,21,0,0
B6_D1,355,0,209,0,0
B4_D1,402,0,405,0,0
B10_D1,392,0,98,0,0
B10_D1,4,0,340,0,0
G1_D1,158,0,321,0,0
G1_D1,420,0,29,0,0
B6_D1,973,0,142,0,0
B8_D1,126,0,82,0,0
B10_D1,191,0,237,0,0
B6_D1,820,0,510,0,0
B10_D1,501,0,248,0,0
B6_D1,929,0,118,0,0
B6_D1,306,0,493,0,0
B10_D1,1018,0,1,0,0
B10_D1,584,0,146,0,0
B4_D1,783,0,269,0,0
B2_D1,424,0,485,0,0
B10_D1,685,0,119,0,0
B6_D1,913,0,475,0,0
B6_D1,280,0,396,0,0
B6_D1,641,0,167,0,0
B6_D1,486,0,170,0,0
B6_D1,92,0,140,0,0
B10_D1,77,0,11,0,0
G1_D1,446,0,482,0,0
B6_D1,505,0,302,0,0
B10_D1,764,0,368,0,0
B6_D1,955,0,329,0,0
B6_D1,429,0,287,0,0
G1_D1,916,0,106,0,0
G1_D1,1018,0,93,0,0
B10_D1,93,0,1,0,0
B6_D1,858,0,296,0,0
B4_D1,914,0,204,0,0
B10_D1,483,0,169,0,0
B6_D1,1004,0,491,0,0
B6_D1,567,0,433,0,0
B6_D1,1019,0,300,0,0
B6_D1,859,0,306,0,0
B10_D1,253,0,164,0,0
B6_D1,141,0,304,0,0
B6_D1,949,0,229,0,0
B6_D1,1016,0,43,0,0
B10_D1,578,0,311,0,0
B6_D1,223,0,362,0,0
B4_D1,3,0,273,0,0
B10_D1,297,0,58,0,0
G1_D1,706,0,76,0,0
B10_D1,424,0,13,0,0
B6_D1,963,0,353,0,0
B4_D1,40,0,172,0,0
B10_D1,1023,0,331,0,0
B10_D1,224,0,274,0,0
G1_D1,780,0,13,0,0
B6_D1,824,0,48,0,0
B8_D1,196,0,46,0,0
B6_D1,869,0,233,0,0
B10_D1,331,0,3,0,0
B10_D1,82,0,26,0,0
B6_D1,511,0,173,0,0
B6_D1,717,0,252,0,0
B10_D1,510,0,293,0,0
G1_D1,1023,0,480,0,0
B10_D1,684,0,391,0,0
B6_D1,872,0,28,0,0
B6_D1,896,0,31,0,0
B6_D1,954,0,241,0,0
G1_D1,471,0,82,0,0
B4_D1,729,0,270,0,0
B6_D1,779,0,57,0,0
B2_D1,816,0,128,0,0
B10_D1,528,0,410,0,0
B2_D1,280,0,295,0,0
B8_D1,582,0,294,0,0
G1_D1,899,0,112,0,0
B10_D1,258,0,135,0,0
B6_D1,593,0,164,0,0
G1_D1,721,0,284,0,0
G1_D1,218,0,25,0,0
B2_D1,829,0,232,0,0
B6_D1,116,0,506,0,0
B10_D1,263,0,511,0,0
B10_D1,705,0,462,0,0
B6_D1,356,0,485,0,0
B10_D1,311,0,417,0,0
B10_D1,458,0,69,0,0
B8_D1,483,0,202,0,0
B6_D1,712,0,29,0,0
G1_D1,1006,0,146,0,0
B4_D1,46,0,0,0,0
B10_D1,163,0,509,0,0
G1_D1,806,0,76,0,0
G1_D1,544,0,466,0,0
B6_D1,231,0,78,0,0
B6_D1,348,0,511,0,0
B10_D1,495,0,149,0,0
G1_D1,550,0,468,0,0
B10_D1,235,0,89,0,0
B6_D1,980,0,311,0,0
G1_D1,745,0,21,0,0
B10_D1,149,0,253,0,0
B6_D1,212,0,34,0,0
B6_D1,721,0,468,0,0
B2_D1,773,0,284,0,0
B10_D1,213,0,1,0,0
B6_D1,521,0,238,0,0
B6_D1,324,0,377,0,0
B10_D1,761,0,98,0,0
B4_D1,731,0,294,0,0
B6_D1,605,0,50,0,0
B6_D1,444,0,107,0,0
B10_D1,388,0,83,0,0
B10_D1,276,0,208,0,0
B10_D1,1002,0,47,0,0
G1_D1,28,0,25,0,0
B6_D1,906,0,264,0,0
G1_D1,844,0,216,0,0
B6_D1,350,0,488,0,0
B10_D1,970,0,505,0,0
B10_D1,1001,0,296,0,0
B6_D1,488,0,488,0,0
B10_D1,305,0,176,0,0
B6_D1,4,0,344,0,0
B10_D1,876,0,83,0,0
B6_D1,214,0,483,0,0
B10_D1,406,0,135,0,0
B6_D1,1007,0,93,0,0
B10_D1,31,0,87,0,0
B10_D1,710,0,49,0,0
G1_D1,151,0,296,0,0
B10_D1,350,0,45,0,0
B10_D1,355,0,35,0,0
B10_D1,137,0,209,0,0
B6_D1,834,0,86,0,0
G1_D1,567,0,139,0,0
B6_D1,528,0,18,0,0
G1_D1,677,0,8,0,0
G1_D1,15,0,278,0,0
B8_D1,895,0,301,0,0
B4_D1,656,0,85,0,0
B6_D1,681,0,418,0,0
B6_D1,29,0,130,0,0
B10_D1,174,0,240,0,0
G1_D1,1003,0,192,0,0
B10_D1,432,0,15,0,0
B6_D1,828,0,12,0,0
B6_D1,23,0,204,0,0
B10_D1,174,0,265,0,0
B2_D1,795,0,58,0,0
B10_D1,110,0,287,0,0
B6_D1,5,0,418,0,0
G1_D1,1007,0,124,0,0
B6_D1,692,0,209,0,0
B4_D1,953,0,13,0,0
B6_D1,880,0,262,0,0
B6_D1,714,0,24,0,0
B6_D1,778,0,206,0,0
B10_D1,479,0,163,0,0
B10_D1,50,0,9,0,0
B8_D1,592,0,221,0,0
B6_D1,329,0,208,0,0
B10_D1,520,0,291,0,0
B10_D1,832,0,361,0,0
G1_D1,578,0,137,0,0
B4_D1,784,0,69,0,0
G1_D1,311,0,267,0,0
B10_D1,34,0,268,0,0
B6_D1,356,0,46,0,0
G1_D1,476,0,67,0,0
G1_D1,883,0,59,0,0
B10_D1,425,0,382,0,0
B6_D1,392,0,447,0,0
B10_D1,122,0,62,0,0
B10_D1,320,0,180,0,0
B6_D1,508,0,14,0,0
G1_D1,447,0,35,0,0
B6_D1,286,0,498,0,0
B6_D1,776,0,506,0,0
B4_D1,558,0,97,0,0
B6_D1,558,0,511,0,0
B10_D1,419,0,268,0,0
B10_D1,685,0,167,0,0
B6_D1,207,0,153,0,0
B6_D1,36,0,27,0,0
B6_D1,63,0,104,0,0
B6_D1,820,0,492,0,0
B10_D1,459,0,472,0,0
B10_D1,112,0,274,0,0
G1_D1,935,0,42,0,0
B6_D1,1020,0,490,0,0
B4_D1,966,0,152,0,0
B6_D1,786,0,196,0,0
B4_D1,448,0,221,0,0
B6_D1,843,0,423,0,0
B2_D1,756,0,72,0,0
G1_D1,56,0,105,0,0
B10_D1,35,0,407,0,0
G1_D1,729,0,456,0,0
B6_D1,56,0,43,0,0
B4_D1,106,0,63,0,0
G1_D1,12,0,64,0,0
B6_D1,172,0,478,0,0
G1_D1,198,0,451,0,0
B10_D1,586,0,510,0,0
B4_D1,1013,0,213,0,0
G1_D1,1006,0,3,0,0
B10_D1,187,0,254,0,0
B10_D1,483,0,334,0,0
B10_D1,416,0,227,0,0
G1_D1,862,0,9,0,0
B6_D1,2,0,424,0,0
B10_D1,796,0,260,0,0
B10_D1,842,0,334,0,0
B10_D1,938,0,19,0,0
G1_D1,207,0,449,0,0
B4_D1,146,0,43,0,0
B6_D1,438,0,490,0,0
B2_D1,390,0,111,0,0
B10_D1,596,0,208,0,0
B8_D1,943,0,1,0,0
B8_D1,851,0,303,0,0
B6_D1,574,0,389,0,0
G1_D1,150,0,38,0,0
B6_D1,36,0,39,0,0
G1_D1,755,0,247,0,0
B6_D1,599,0,181,0,0
B8_D1,619,0,304,0,0
B6_D1,166,0,489,0,0
B10_D1,703,0,262,0,0
B10_D1,290,0,65,0,0
B10_D1,1021,0,42,0,0
B6_D1,754,0,486,0,0
B10_D1,328,0,292,0,0
B6_D1,812,0,37,0,0
B6_D1,757,0,468,0,0
B6_D1,64,0,483,0,0
B4_D1,234,0,53,0,0
G1_D1,214,0,233,0,0
B6_D1,707,0,198,0,0
B6_D1,356,0,25,0,0
B6_D1,344,0,90,0,0
G1_D1,30,0,95,0,0
B6_D1,554,0,445,0,0
B10_D1,599,0,113,0,0
B10_D1,383,0,46,0,0
G1_D1,225,0,21,0,0
B10_D1,311,0,11,0,0
B6_D1,934,0,11,0,0
B6_D1,954,0,9,0,0
B4_D1,362,0,98,0,0
B6_D1,292,0,504,0,0
B10_D1,479,0,335,0,0
B10_D1,834,0,188,0,0
B6_D1,432,0,353,0,0
B6_D1,562,0,17,0,0
B6_D1,630,0,331,0,0
B10_D1,221,0,0,0,0
B6_D1,657,0,77,0,0
B6_D1,694,0,156,0,0
G1_D1,575,0,85,0,0
B10_D1,5,0,292,0,0
G1_D1,287,0,58,0,0
G1_D1,320,0,24,0,0
B6_D1,549,0,421,0,0
B10_D1,938,0,211,0,0
B10_D1,267,0,59,0,0
B10_D1,609,0,60,0,0
B6_D1,813,0,453,0,0
B10_D1,15,0,222,0,0
G1_D1,307,0,150,0,0
B6_D1,170,0,506,0,0
B6_D1,861,0,196,0,0
B10_D1,584,0,334,0,0
B10_D1,806,0,371,0,0
B10_D1,321,0,61,0,0
B6_D1,494,0,19,0,0
B10_D1,934,0,353,0,0
B10_D1,570,0,171,0,0
G1_D1,853,0,263,0,0
B6_D1,980,0,43,0,0
B10_D1,590,0,256,0,0
B6_D1,12,0,42,0,0
B2_D1,898,0,454,0,0
B4_D1,253,0,293,0,0
B10_D1,600,0,340,0,0
G1_D1,368,0,55,0,0
B10_D1,253,0,49,0,0
B6_D1,614,0,162,0,0
G1_D1,835,0,270,0,0
B6_D1,27,0,188,0,0
B2_D1,635,0,148,0,0
B6_D1,304,0,5,0,0
B6_D1,128,0,405,0,0
G1_D1,556,0,460,0,0
B6_D1,45,0,444,0,0
B6_D1,650,0,7,0,0
B6_D1,460,0,483,0,0
B8_D1,920,0,239,0,0
B6_D1,44,0,125,0,0
B10_D1,830,0,383,0,0
B2_D1,571,0,457,0,0
B10_D1,431,0,511,0,0
B6_D1,446,0,503,0,0
G1_D1,150,0,166,0,0
B6_D1,5,0,294,0,0
B6_D1,373,0,138,0,0
B6_D1,948,0,493,0,0
B6_D1,255,0,113,0,0
B6_D1,43,0,77,0,0
B10_D1,372,0,420,0,0
B6_D1,50,0,407,0,0
B10_D1,355,0,227,0,0
B10_D1,770,0,249,0,0
B6_D1,724,0,436,0,0
B10_D1,963,0,90,0,0
B10_D1,415,0,413,0,0
B10_D1,919,0,15,0,0
G1_D1,36,0,366,0,0
B10_D1,525,0,130,0,0
B6_D1,220,0,366,0,0
B6_D1,122,0,293,0,0
B2_D1,653,0,146,0,0
B6_D1,860,0,46,0,0
B10_D1,413,0,101,0,0
B6_D1,765,0,219,0,0
B4_D1,751,0,245,0,0
B10_D1,128,0,205,0,0
B6_D1,840,0,358,0,0
B2_D1,435,0,475,0,0
B10_D1,783,0,258,0,0
B4_D1,626,0,344,0,0
B10_D1,967,0,84,0,0
B6_D1,236,0,10,0,0
B10_D1,581,0,28,0,0
B6_D1,260,0,7,0,0
B10_D1,430,0,338,0,0
B10_D1,374,0,285,0,0
G1_D1,1017,0,452,0,0
B4_D1,443,0,232,0,0
B6_D1,194,0,500,0,0
B6_D1,7,0,440,0,0
G1_D1,8,0,394,0,0
B4_D1,617,0,30,0,0
B6_D1,781,0,108,0,0
B10_D1,702,0,473,0,0
B6_D1,540,0,27,0,0
B10_D1,71,0,455,0,0
B6_D1,470,0,28,0,0
B10_D1,174,0,439,0,0
B6_D1,635,0,420,0,0
B6_D1,450,0,487,0,0
B10_D1,227,0,143,0,0
B8_D1,140,0,239,0,0
G1_D1,706,0,437,0,0
B6_D1,556,0,443,0,0
B2_D1,91,0,143,0,0
B6_D1,564,0,27,0,0
B6_D1,270,0,161,0,0
B6_D1,386,0,46,0,0
B10_D1,866,0,210,0,0
B10_D1,807,0,408,0,0
B10_D1,675,0,269,0,0
B6_D1,117,0,191,0,0
B10_D1,127,0,174,0,0
B2_D1,548,0,155,0,0
B10_D1,865,0,38,0,0
B6_D1,370,0,510,0,0
B4_D1,266,0,305,0,0
B10_D1,46,0,114,0,0
B6_D1,219,0,76,0,0
B6_D1,206,0,449,0,0
B10_D1,404,0,200,0,0
B6_D1,798,0,219,0,0
B6_D1,132,0,18,0,0
G1_D1,695,0,43,0,0
B6_D1,663,0,198,0,0
B10_D1,598,0,36,0,0
B6_D1,741,0,480,0,0
B4_D1,271,0,16,0,0
B6_D1,476,0,494,0,0
G1_D1,760,0,447,0,0
B4_D1,158,0,17,0,0
B6_D1,990,0,490,0,0
B4_D1,40,0,128,0,0
B6_D1,328,0,216,0,0
G1_D1,243,0,65,0,0
B4_D1,261,0,296,0,0
B6_D1,477,0,481,0,0
B4_D1,1020,0,158,0,0
B6_D1,895,0,477,0,0
B6_D1,846,0,112,0,0
B4_D1,108,0,309,0,0
B6_D1,550,0,399,0,0
B10_D1,702,0,448,0,0
B10_D1,809,0,223,0,0
B6_D1,335,0,383,0,0
B4_D1,6,0,108,0,0
B4_D1,254,0,48,0,0
B10_D1,38,0,86,0,0
B10_D1,613,0,475,0,0
B4_D1,601,0,66,0,0
B6_D1,562,0,495,0,0
B6_D1,841,0,452,0,0
B10_D1,922,0,78,0,0
B6_D1,332,0,168,0,0
B6_D1,123,0,97,0,0
B6_D1,314,0,509,0,0
B6_D1,404,0,178,0,0
G1_D1,79,0,29,0,0
B6_D1,870,0,33,0,0
B2_D1,534,0,157,0,0
B10_D1,80,0,167,0,0
B2_D1,1,0,494,0,0
B10_D1,6,0,276,0,0
B10_D1,345,0,44,0,0
G1_D1,465,0,82,0,0
B6_D1,743,0,59,0,0
B2_D1,564,0,154,0,0
G1_D1,1023,0,33,0,0
B6_D1,479,0,50,0,0
G1_D1,21,0,250,0,0
G1_D1,75,0,59,0,0
B6_D1,280,0,492,0,0
B10_D1,97,0,478,0,0
B10_D1,204,0,5,0,0
B4_D1,517,0,237,0,0
G1_D1,652,0,258,0,0
B4_D1,605,0,30,0,0
B6_D1,649,0,285,0,0
G1_D1,81,0,462,0,0
B10_D1,467,0,64,0,0
B10_D1,647,0,454,0,0
B10_D1,472,0,37,0,0
B6_D1,873,0,263,0,0
G1_D1,862,0,17,0,0
B6_D1,228,0,30,0,0
B6_D1,358,0,23,0,0
B6_D1,978,0,45,0,0
B4_D1,321,0,176,0,0
B2_D1,339,0,53,0,0
B6_D1,421,0,190,0,0
B6_D1,314,0,497,0,0
B6_D1,314,0,224,0,0
B2_D1,563,0,159,0,0
B6_D1,784,0,26,0,0
G1_D1,788,0,5,0,0
B10_D1,735,0,21,0,0
B2_D1,247,0,48,0,0
B10_D1,701,0,259,0,0
B10_D1,836,0,439,0,0
B4_D1,1001,0,72,0,0
B6_D1,700,0,282,0,0
B6_D1,854,0,270,0,0
B6_D1,414,0,123,0,0
G1_D1,983,0,158,0,0
B6_D1,844,0,14,0,0
G1_D1,22,0,224,0,0
B6_D1,28,0,11,0,0
B10_D1,686,0,479,0,0
B6_D1,242,0,494,0,0
B10_D1,798,0,173,0,0
B10_D1,17,0,291,0,0
G1_D1,97,0,290,0,0
B2_D1,814,0,22,0,0
B6_D1,240,0,129,0,0
B2_D1,420,0,4,0,0
B6_D1,785,0,355,0,0
B2_D1,339,0,203,0,0
B10_D1,424,0,395,0,0
B6_D1,721,0,239,0,0
B10_D1,92,0,136,0,0
B6_D1,138,0,6,0,0
B2_D1,233,0,236,0,0
B10_D1,659,0,108,0,0
B6_D1,246,0,27,0,0
G1_D1,35,0,33,0,0
B6_D1,916,0,38,0,0
B6_D1,884,0,393,0,0
B6_D1,612,0,511,0,0
B10_D1,773,0,43,0,0
B2_D1,718,0,1,0,0
B4_D1,319,0,30,0,0
B6_D1,880,0,47,0,0
B2_D1,681,0,15,0,0
B6_D1,730,0,501,0,0
B2_D1,435,0,42,0,0
B6_D1,250,0,8,0,0
G1_D1,177,0,152,0,0
B6_D1,70,0,82,0,0
B6_D1,724,0,8,0,0
G1_D1,1018,0,140,0,0
B6_D1,989,0,306,0,0
B4_D1,937,0,83,0,0
B10_D1,4,0,36,0,0
B10_D1,505,0,142,0,0
B6_D1,379,0,216,0,0
B2_D1,959,0,140,0,0
G1_D1,855,0,240,0,0
G1_D1,915,0,4,0,0
B4_D1,710,0,194,0,0
B6_D1,148,0,41,0,0
B2_D1,914,0,26,0,0
B4_D1,921,0,73,0,0
B10_D1,567,0,320,0,0
B10_D1,950,0,273,0,0
B6_D1,688,0,370,0,0
B10_D1,23,0,11,0,0
B10_D1,625,0,309,0,0
G1_D1,137,0,190,0,0
B6_D1,276,0,12,0,0
B8_D1,1011,0,213,0,0
G1_D1,807,0,93,0,0
B6_D1,985,0,411,0,0
B6_D1,254,0,482,0,0
B8_D1,126,0,264,0,0
G1_D1,467,0,87,0,0
B6_D1,874,0,501,0,0
B10_D1,188,0,276,0,0
B10_D1,300,0,252,0,0
B10_D1,92,0,152,0,0
G1_D1,929,0,68,0,0
B2_D1,408,0,111,0,0
B10_D1,39,0,51,0,0
B8_D1,244,0,188,0,0
B6_D1,28,0,44,0,0
B6_D1,143,0,282,0,0
B4_D1,937,0,248,0,0
B6_D1,358,0,486,0,0
B6_D1,605,0,302,0,0
B10_D1,460,0,137,0,0
B6_D1,168,0,438,0,0
G1_D1,162,0,336,0,0
B6_D1,638,0,345,0,0
G1_D1,73,0,6,0,0
B6_D1,253,0,398,0,0
B6_D1,514,0,2,0,0
B6_D1,822,0,372,0,0
G1_D1,485,0,151,0,0
B10_D1,805,0,387,0,0
B6_D1,94,0,290,0,0
B4_D1,767,0,308,0,0
B4_D1,127,0,277,0,0
G1_D1,216,0,0,0,0
B10_D1,202,0,144,0,0
B6_D1,626,0,485,0,0
B6_D1,949,0,276,0,0
B4_D1,9,0,214,0,0
G1_D1,515,0,2,0,0
G1_D1,531,0,388,0,0
B10_D1,391,0,261,0,0
B2_D1,127,0,50,0,0
G1_D1,219,0,242,0,0
B10_D1,16,0,254,0,0
B10_D1,877,0,3,0,0
B4_D1,615,0,189,0,0
B2_D1,150,0,104,0,0
B6_D1,105,0,376,0,0
G1_D1,1006,0,308,0,0
B10_D1,209,0,126,0,0
B10_D1,234,0,286,0,0
B6_D1,774,0,99,0,0
G1_D1,875,0,203,0,0
B10_D1,829,0,212,0,0
B10_D1,873,0,336,0,0
G1_D1,779,0,276,0,0
G1_D1,173,0,161,0,0
B8_D1,182,0,4,0,0
G1_D1,790,0,69,0,0
B6_D1,755,0,155,0,0
B6_D1,974,0,296,0,0
G1_D1,319,0,58,0,0
B10_D1,508,0,160,0,0
G1_D1,385,0,122,0,0
G1_D1,483,0,84,0,0
B10_D1,279,0,58,0,0
B10_D1,88,0,165,0,0
B8_D1,4,0,250,0,0
B10_D1,22,0,43,0,0
B10_D1,642,0,457,0,0
B10_D1,265,0,315,0,0
B6_D1,353,0,50,0,0
B6_D1,549,0,89,0,0
G1_D1,368,0,220,0,0
G1_D1,78,0,13,0,0
B6_D1,991,0,273,0,0
B10_D1,1020,0,16,0,0
G1_D1,597,0,86,0,0
B10_D1,695,0,112,0,0
G1_D1,718,0,357,0,0
B6_D1,886,0,495,0,0
B6_D1,125,0,451,0,0
B2_D1,734,0,496,0,0
B6_D1,569,0,332,0,0
B2_D1,242,0,65,0,0
B10_D1,144,0,294,0,0
G1_D1,977,0,80,0,0
B10_D1,847,0,87,0,0
B2_D1,316,0,55,0,0
B6_D1,419,0,52,0,0
B6_D1,382,0,489,0,0
B6_D1,4,0,365,0,0
B10_D1,923,0,469,0,0
B6_D1,905,0,91,0,0
B10_D1,477,0,248,0,0
B10_D1,427,0,17,0,0
B6_D1,357,0,337,0,0
B6_D1,121,0,126,0,0
B10_D1,658,0,278,0,0
B6_D1,531,0,343,0,0
B6_D1,408,0,9,0,0
B6_D1,574,0,44,0,0
B6_D1,702,0,496,0,0
B10_D1,786,0,292,0,0
B6_D1,628,0,2,0,0
B10_D1,848,0,191,0,0
B2_D1,617,0,96,0,0
B6_D1,930,0,66,0,0
B10_D1,253,0,170,0,0
B10_D1,493,0,142,0,0
G1_D1,1022,0,245,0,0
B8_D1,887,0,303,0,0
B6_D1,577,0,168,0,0
B6_D1,220,0,11,0,0
G1_D1,686,0,124,0,0
G1_D1,777,0,76,0,0
G1_D1,17,0,351,0,0
B10_D1,351,0,25,0,0
B6_D1,692,0,422,0,0
B10_D1,527,0,473,0,0
B10_D1,801,0,97,0,0
G1_D1,903,0,83,0,0
B6_D1,938,0,43,0,0
B6_D1,1020,0,481,0,0
B6_D1,386,0,25,0,0
B10_D1,33,0,88,0,0
B2_D1,558,0,79,0,0
B6_D1,453,0,108,0,0
B2_D1,800,0,224,0,0
B6_D1,709,0,435,0,0
B2_D1,132,0,47,0,0
B10_D1,513,0,334,0,0
B6_D1,780,0,91,0,0
B4_D1,812,0,85,0,0
G1_D1,844,0,79,0,0
B4_D1,511,0,103,0,0
B6_D1,72,0,487,0,0
B6_D1,276,0,3,0,0
B10_D1,118,0,266,0,0
B10_D1,184,0,435,0,0
B6_D1,149,0,340,0,0
B2_D1,969,0,39,0,0
B10_D1,3,0,60,0,0
B6_D1,992,0,16,0,0
B4_D1,97,0,18,0,0
B6_D1,934,0,423,0,0
B6_D1,800,0,503,0,0
B6_D1,198,0,310,0,0
B2_D1,647,0,510,0,0
B6_D1,898,0,486,0,0
B10_D1,459,0,31,0,0
B6_D1,69,0,433,0,0
G1_D1,324,0,57,0,0
B6_D1,294,0,334,0,0
B6_D1,130,0,47,0,0
G1_D1,163,0,221,0,0
B10_D1,412,0,135,0,0
B10_D1,300,0,64,0,0
B4_D1,807,0,66,0,0
B6_D1,143,0,270,0,0
B10_D1,148,0,310,0,0
B10_D1,252,0,229,0,0
B6_D1,976,0,214,0,0
G1_D1,226,0,73,0,0
B6_D1,658,0,26,0,0
G1_D1,81,0,95,0,0
B6_D1,326,0,46,0,0
B6_D1,337,0,261,0,0
G1_D1,146,0,436,0,0
B10_D1,741,0,451,0,0
B10_D1,190,0,201,0,0
B6_D1,886,0,166,0,0
B6_D1,226,0,73,0,0
B2_D1,210,0,75,0,0
B6_D1,102,0,6,0,0
G1_D1,1002,0,49,0,0
B6_D1,154,0,41,0,0
B6_D1,666,0,511,0,0
B10_D1,651,0,8,0,0
B10_D1,509,0,228,0,0
B6_D1,88,0,128,0,0
B10_D1,62,0,29,0,0
B6_D1,18,0,12,0,0
B6_D1,157,0,188,0,0
B10_D1,902,0,11,0,0
B6_D1,17,0,210,0,0
B10_D1,746,0,53,0,0
B10_D1,271,0,254,0,0
G1_D1,767,0,36,0,0
B10_D1,594,0,51,0,0
B4_D1,483,0,231,0,0
B6_D1,516,0,505,0,0
B2_D1,457,0,488,0,0
G1_D1,597,0,10,0,0
G1_D1,100,0,283,0,0
B10_D1,838,0,190,0,0
G1_D1,1018,0,239,0,0
G1_D1,348,0,308,0,0
G1_D1,115,0,131,0,0
G1_D1,763,0,312,0,0
B6_D1,280,0,150,0,0
B6_D1,937,0,113,0,0
B6_D1,283,0,72,0,0
B8_D1,609,0,228,0,0
G1_D1,57,0,122,0,0
B10_D1,178,0,50,0,0
B6_D1,706,0,367,0,0
B6_D1,666,0,163,0,0
B10_D1,411,0,165,0,0
G1_D1,927,0,288,0,0
B6_D1,835,0,266,0,0
B6_D1,112,0,97,0,0
G1_D1,468,0,20,0,0
B10_D1,672,0,391,0,0
B10_D1,864,0,72,0,0
B6_D1,334,0,356,0,0
B6_D1,115,0,256,0,0
B4_D1,324,0,175,0,0
B10_D1,428,0,254,0,0
B10_D1,2,0,202,0,0
B6_D1,826,0,498,0,0
B10_D1,744,0,463,0,0
B4_D1,814,0,39,0,0
B2_D1,612,0,511,0,0
B6_D1,561,0,276,0,0
B2_D1,604,0,161,0,0
G1_D1,77,0,94,0,0
B6_D1,1000,0,510,0,0
B10_D1,691,0,478,0,0
B10_D1,39,0,178,0,0
B10_D1,194,0,66,0,0
B6_D1,84,0,15,0,0
G1_D1,1011,0,303,0,0
G1_D1,32,0,470,0,0
B6_D1,844,0,41,0,0
B4_D1,286,0,262,0,0
G1_D1,951,0,270,0,0
B6_D1,461,0,228,0,0
B8_D1,120,0,332,0,0
B10_D1,929,0,376,0,0
G1_D1,68,0,48,0,0
B6_D1,58,0,479,0,0
B10_D1,117,0,57,0,0
B10_D1,144,0,32,0,0
G1_D1,860,0,187,0,0
B2_D1,368,0,134,0,0
B10_D1,419,0,72,0,0
B8_D1,222,0,189,0,0
B10_D1,293,0,272,0,0
B10_D1,928,0,31,0,0
B6_D1,632,0,307,0,0
G1_D1,807,0,161,0,0
B10_D1,594,0,147,0,0
B6_D1,236,0,37,0,0
G1_D1,518,0,1,0,0
B10_D1,171,0,8,0,0
B4_D1,944,0,52,0,0
B4_D1,788,0,249,0,0
G1_D1,23,0,153,0,0
B10_D1,452,0,112,0,0
B10_D1,582,0,11,0,0
B10_D1,601,0,137,0,0
G1_D1,869,0,14,0,0
B6_D1,945,0,226,0,0
B10_D1,335,0,510,0,0
B10_D1,666,0,79,0,0
B6_D1,542,0,180,0,0
B6_D1,552,0,30,0,0
B10_D1,238,0,154,0,0
B4_D1,880,0,120,0,0
B6_D1,229,0,373,0,0
B6_D1,647,0,218,0,0
B6_D1,948,0,288,0,0
B6_D1,906,0,64,0,0
B8_D1,990,0,303,0,0
B10_D1,491,0,76,0,0
G1_D1,210,0,74,0,0
G1_D1,92,0,422,0,0
B6_D1,52,0,137,0,0
B6_D1,348,0,318,0,0
B2_D1,587,0,99,0,0
G1_D1,75,0,399,0,0
G1_D1,172,0,75,0,0
B6_D1,890,0,506,0,0
B6_D1,238,0,489,0,0
B6_D1,324,0,42,0,0
B10_D1,481,0,170,0,0
B4_D1,917,0,13,0,0
B10_D1,305,0,0,0,0
B6_D1,843,0,335,0,0
B6_D1,720,0,502,0,0
G1_D1,534,0,148,0,0
B6_D1,56,0,354,0,0
B6_D1,766,0,483,0,0
G1_D1,8,0,320,0,0
B4_D1,674,0,313,0,0
B10_D1,898,0,250,0,0
B6_D1,278,0,43,0,0
G1_D1,253,0,49,0,0
B10_D1,966,0,70,0,0
B2_D1,556,0,102,0,0
B4_D1,245,0,343,0,0
B2_D1,278,0,491,0,0
B6_D1,86,0,473,0,0
B6_D1,492,0,12,0,0
G1_D1,25,0,119,0,0
B2_D1,64,0,511,0,0
B6_D1,866,0,71,0,0
B10_D1,124,0,274,0,0
B6_D1,567,0,234,0,0
B10_D1,293,0,243,0,0
B4_D1,232,0,132,0,0
B10_D1,50,0,327,0,0
B10_D1,545,0,117,0,0
B2_D1,489,0,39,0,0
G1_D1,116,0,287,0,0
B6_D1,233,0,67,0,0
B6_D1,560,0,295,0,0
B4_D1,626,0,54,0,0
G1_D1,539,0,75,0,0
B6_D1,166,0,197,0,0
B6_D1,806,0,332,0,0
B10_D1,645,0,420,0,0
B4_D1,773,0,244,0,0
B6_D1,814,0,52,0,0
B10_D1,614,0,211,0,0
B10_D1,96,0,54,0,0
B6_D1,620,0,447,0,0
B4_D1,813,0,15,0,0
B10_D1,433,0,120,0,0
B10_D1,76,0,311,0,0
B6_D1,570,0,377,0,0
B10_D1,542,0,233,0,0
B6_D1,894,0,224,0,0
G1_D1,422,0,266,0,0
B10_D1,796,0,380,0,0
B6_D1,113,0,266,0,0
B6_D1,258,0,15,0,0
B6_D1,902,0,509,0,0
B10_D1,207,0,124,0,0
G1_D1,677,0,69,0,0
B6_D1,440,0,288,0,0
B6_D1,194,0,276,0,0
B4_D1,948,0,59,0,0
B4_D1,109,0,62,0,0
B6_D1,940,0,47,0,0
G1_D1,283,0,396,0,0
B10_D1,158,0,116,0,0
G1_D1,149,0,34,0,0
B6_D1,876,0,36,0,0
B6_D1,557,0,442,0,0
G1_D1,832,0,258,0,0
B6_D1,402,0,100,0,0
G1_D1,981,0,10,0,0
B10_D1,957,0,16,0,0
B10_D1,427,0,326,0,0
B6_D1,881,0,69,0,0
B6_D1,506,0,31,0,0
B10_D1,261,0,142,0,0
B10_D1,68,0,54,0,0
B6_D1,596,0,503,0,0
B10_D1,723,0,253,0,0
B6_D1,951,0,54,0,0
B4_D1,682,0,189,0,0
B6_D1,785,0,329,0,0
B6_D1,946,0,5,0,0
B6_D1,1023,0,401,0,0
B2_D1,523,0,38,0,0
B10_D1,529,0,249,0,0
B6_D1,11,0,401,0,0
B10_D1,358,0,139,0,0
B10_D1,847,0,45,0,0
G1_D1,702,0,509,0,0
B4_D1,452,0,224,0,0
G1_D1,185,0,173,0,0
G1_D1,92,0,23,0,0
G1_D1,14,0,138,0,0
B6_D1,7,0,149,0,0
B6_D1,185,0,481,0,0
B10_D1,1007,0,71,0,0
B4_D1,627,0,183,0,0
B6_D1,0,0,125,0,0
G1_D1,840,0,439,0,0
G1_D1,856,0,179,0,0
B10_D1,598,0,335,0,0
B4_D1,594,0,366,0,0
B6_D1,144,0,30,0,0
B6_D1,750,0,21,0,0
B6_D1,172,0,172,0,0
B10_D1,779,0,374,0,0
B6_D1,87,0,137,0,0
B6_D1,856,0,11,0,0
B6_D1,67,0,127,0,0
B4_D1,94,0,303,0,0
B6_D1,563,0,288,0,0
B4_D1,1023,0,106,0,0
B10_D1,950,0,251,0,0
B10_D1,19,0,245,0,0
B4_D1,513,0,221,0,0
G1_D1,1019,0,327,0,0
B2_D1,397,0,206,0,0
B4_D1,756,0,209,0,0
B6_D1,533,0,190,0,0
G1_D1,717,0,98,0,0
B10_D1,682,0,78,0,0
B6_D1,330,0,42,0,0
B6_D1,836,0,302,0,0
B6_D1,838,0,310,0,0
G1_D1,977,0,75,0,0
B4_D1,7,0,247,0,0
G1_D1,982,0,43,0,0
B6_D1,840,0,502,0,0
B10_D1,334,0,4,0,0
B10_D1,140,0,445,0,0
B10_D1,314,0,40,0,0
B2_D1,223,0,203,0,0
B10_D1,651,0,244,0,0
G1_D1,867,0,4,0,0
G1_D1,155,0,14,0,0
B10_D1,427,0,331,0,0
B10_D1,29,0,75,0,0
B6_D1,248,0,34,0,0
B10_D1,415,0,203,0,0
B10_D1,159,0,157,0,0
B6_D1,274,0,38,0,0
B10_D1,402,0,64,0,0
B6_D1,410,0,4,0,0
B6_D1,566,0,7,0,0
B10_D1,611,0,290,0,0
B2_D1,687,0,359,0,0
B6_D1,608,0,386,0,0
B6_D1,839,0,329,0,0
G1_D1,607,0,6,0,0
G1_D1,1015,0,26,0,0
B2_D1,859,0,10,0,0
B10_D1,591,0,278,0,0
G1_D1,326,0,229,0,0
B10_D1,33,0,51,0,0
B8_D1,87,0,144,0,0
B6_D1,219,0,69,0,0
B4_D1,43,0,3,0,0
B6_D1,921,0,368,0,0
B6_D1,522,0,6,0,0
B6_D1,844,0,135,0,0
B10_D1,316,0,19,0,0
B10_D1,108,0,130,0,0
B10_D1,875,0,213,0,0
B10_D1,460,0,135,0,0
B4_D1,287,0,210,0,0
B4_D1,5,0,412,0,0
B6_D1,738,0,98,0,0
B6_D1,232,0,79,0,0
B4_D1,116,0,283,0,0
B6_D1,836,0,10,0,0
B6_D1,296,0,509,0,0
G1_D1,523,0,124,0,0
B10_D1,617,0,89,0,0
G1_D1,111,0,135,0,0
G1_D1,338,0,96,0,0
B10_D1,396,0,95,0,0
G1_D1,739,0,88,0,0
B10_D1,207,0,51,0,0
B6_D1,580,0,327,0,0
B10_D1,41,0,118,0,0
B10_D1,509,0,296,0,0
B4_D1,451,0,420,0,0
B6_D1,296,0,34,0,0
B10_D1,298,0,309,0,0
B6_D1,934,0,5,0,0
B4_D1,454,0,60,0,0
B6_D1,904,0,97,0,0
B6_D1,980,0,488,0,0
B6_D1,292,0,510,0,0
B10_D1,449,0,288,0,0
G1_D1,265,0,316,0,0
B6_D1,1005,0,114,0,0
B4_D1,1021,0,77,0,0
B6_D1,442,0,44,0,0
G1_D1,854,0,177,0,0
B4_D1,618,0,32,0,0
B10_D1,365,0,156,0,0
B6_D1,949,0,135,0,0
B6_D1,992,0,472,0,0
B6_D1,928,0,120,0,0
B4_D1,175,0,236,0,0
G1_D1,1022,0,180,0,0
B2_D1,816,0,226,0,0
B10_D1,617,0,497,0,0
G1_D1,761,0,260,0,0
B10_D1,334,0,311,0,0
B6_D1,938,0,31,0,0
G1_D1,497,0,334,0,0
B4_D1,7,0,188,0,0
G1_D1,116,0,56,0,0
G1_D1,213,0,449,0,0
B6_D1,449,0,283,0,0
B10_D1,151,0,284,0,0
B10_D1,918,0,263,0,0
B8_D1,457,0,290,0,0
B10_D1,380,0,183,0,0
B6_D1,14,0,428,0,0
B6_D1,993,0,481,0,0
B10_D1,234,0,256,0,0
B10_D1,572,0,83,0,0
G1_D1,529,0,190,0,0
B4_D1,700,0,48,0,0
B10_D1,319,0,173,0,0
B6_D1,340,0,486,0,0
B6_D1,781,0,424,0,0
B6_D1,878,0,37,0,0
B10_D1,627,0,8,0,0
B6_D1,280,0,2,0,0
B6_D1,114,0,242,0,0
G1_D1,1021,0,486,0,0
G1_D1,166,0,120,0,0
B6_D1,4,0,176,0,0
B10_D1,437,0,407,0,0
G1_D1,874,0,463,0,0
B4_D1,445,0,289,0,0
B6_D1,1003,0,98,0,0
B10_D1,647,0,64,0,0
B10_D1,395,0,408,0,0
B6_D1,230,0,292,0,0
B4_D1,808,0,70,0,0
B6_D1,27,0,103,0,0
B6_D1,902,0,457,0,0
B4_D1,180,0,72,0,0
B6_D1,957,0,447,0,0
B6_D1,8,0,403,0,0
B10_D1,929,0,245,0,0
B6_D1,532,0,41,0,0
B10_D1,3,0,417,0,0
B10_D1,399,0,482,0,0
B6_D1,995,0,306,0,0
B6_D1,128,0,48,0,0
G1_D1,582,0,7,0,0
B10_D1,680,0,82,0,0
B6_D1,300,0,18,0,0
B10_D1,780,0,100,0,0
B8_D1,807,0,228,0,0
B4_D1,7,0,424,0,0
B6_D1,284,0,19,0,0
B6_D1,541,0,352,0,0
B6_D1,50,0,488,0,0
B6_D1,393,0,268,0,0
B6_D1,540,0,0,0,0
B10_D1,543,0,18,0,0
B10_D1,328,0,17,0,0
B6_D1,412,0,292,0,0
B6_D1,704,0,281,0,0
B6_D1,322,0,8,0,0
B6_D1,992,0,482,0,0
B6_D1,791,0,76,0,0
B4_D1,1021,0,181,0,0
B6_D1,380,0,37,0,0
B6_D1,64,0,270,0,0
B6_D1,261,0,133,0,0
B6_D1,412,0,26,0,0
B10_D1,101,0,511,0,0
B6_D1,638,0,183,0,0
B6_D1,576,0,289,0,0
B10_D1,800,0,394,0,0
B10_D1,703,0,104,0,0
G1_D1,124,0,373,0,0
G1_D1,877,0,437,0,0
G1_D1,399,0,242,0,0
B6_D1,418,0,175,0,0
B6_D1,370,0,501,0,0
B10_D1,211,0,3,0,0
B10_D1,441,0,90,0,0
B10_D1,364,0,338,0,0
B6_D1,618,0,364,0,0
B10_D1,269,0,11,0,0
B2_D1,916,0,18,0,0
B10_D1,539,0,117,0,0
B10_D1,851,0,0,0,0
B6_D1,348,0,80,0,0
G1_D1,208,0,73,0,0
B4_D1,591,0,370,0,0
B2_D1,520,0,162,0,0
B6_D1,865,0,477,0,0
B6_D1,419,0,248,0,0
B6_D1,90,0,502,0,0
G1_D1,923,0,14,0,0
B10_D1,360,0,173,0,0
B6_D1,195,0,76,0,0
B6_D1,931,0,304,0,0
B10_D1,371,0,314,0,0
B10_D1,854,0,67,0,0
B10_D1,16,0,64,0,0
B6_D1,530,0,174,0,0
G1_D1,876,0,201,0,0
B4_D1,138,0,50,0,0
B10_D1,640,0,89,0,0
B10_D1,924,0,28,0,0
B6_D1,1,0,219,0,0
G1_D1,804,0,245,0,0
B10_D1,677,0,174,0,0
G1_D1,350,0,50,0,0
B6_D1,227,0,471,0,0
B6_D1,786,0,65,0,0
B6_D1,766,0,492,0,0
B4_D1,777,0,36,0,0
B10_D1,426,0,356,0,0
B6_D1,683,0,228,0,0
B6_D1,590,0,34,0,0
B2_D1,489,0,219,0,0
B6_D1,836,0,50,0,0
G1_D1,46,0,511,0,0
G1_D1,612,0,280,0,0
B2_D1,303,0,492,0,0
B10_D1,476,0,252,0,0
B6_D1,322,0,328,0,0
B10_D1,403,0,504,0,0
B10_D1,1023,0,75,0,0
B6_D1,133,0,327,0,0
B4_D1,1010,0,219,0,0
B10_D1,149,0,440,0,0
B10_D1,655,0,388,0,0
B4_D1,700,0,46,0,0
B8_D1,179,0,344,0,0
B6_D1,237,0,58,0,0
B4_D1,975,0,90,0,0
B4_D1,258,0,202,0,0
B10_D1,506,0,219,0,0
B6_D1,533,0,159,0,0
B6_D1,45,0,264,0,0
B6_D1,124,0,140,0,0
B6_D1,217,0,297,0,0
B10_D1,585,0,324,0,0
B10_D1,882,0,473,0,0
B6_D1,528,0,490,0,0
B4_D1,189,0,359,0,0
G1_D1,441,0,4,0,0
B6_D1,542,0,31,0,0
B10_D1,632,0,456,0,0
B10_D1,95,0,281,0,0
B6_D1,199,0,189,0,0
G1_D1,889,0,16,0,0
B6_D1,225,0,241,0,0
B4_D1,380,0,385,0,0
B10_D1,579,0,2,0,0
B6_D1,712,0,32,0,0
B2_D1,950,0,248,0,0
B10_D1,206,0,183,0,0
B4_D1,879,0,15,0,0
B6_D1,702,0,153,0,0
B10_D1,647,0,112,0,0
G1_D1,1014,0,247,0,0
B6_D1,242,0,7,0,0
B6_D1,112,0,5,0,0
B6_D1,112,0,325,0,0
G1_D1,1003,0,96,0,0
B6_D1,701,0,470,0,0
G1_D1,942,0,260,0,0
B6_D1,568,0,483,0,0
B6_D1,798,0,493,0,0
B6_D1,628,0,32,0,0
B6_D1,928,0,212,0,0
B6_D1,582,0,346,0,0
G1_D1,478,0,44,0,0
B10_D1,205,0,113,0,0
B6_D1,545,0,312,0,0
B10_D1,314,0,137,0,0
B6_D1,224,0,159,0,0
B6_D1,23,0,210,0,0
B6_D1,984,0,499,0,0
G1_D1,232,0,38,0,0
G1_D1,658,0,26,0,0
B6_D1,976,0,32,0,0
B6_D1,766,0,261,0,0
B6_D1,262,0,478,0,0
B10_D1,325,0,70,0,0
B6_D1,310,0,17,0,0
B10_D1,111,0,333,0,0
B6_D1,946,0,214,0,0
B10_D1,394,0,154,0,0
B10_D1,1006,0,158,0,0
B6_D1,90,0,12,0,0
B10_D1,848,0,67,0,0
B6_D1,796,0,14,0,0
B6_D1,343,0,241,0,0
B6_D1,901,0,439,0,0
B6_D1,658,0,486,0,0
B6_D1,836,0,229,0,0
B10_D1,353,0,288,0,0
B10_D1,14,0,211,0,0
B6_D1,913,0,113,0,0
B6_D1,580,0,507,0,0
G1_D1,922,0,45,0,0
B10_D1,619,0,479,0,0
B6_D1,411,0,54,0,0
B6_D1,138,0,12,0,0
B10_D1,411,0,21,0,0
G1_D1,307,0,510,0,0
G1_D1,104,0,277,0,0
B10_D1,407,0,407,0,0
B10_D1,666,0,130,0,0
B6_D1,660,0,160,0,0
B2_D1,388,0,288,0,0
G1_D1,27,0,149,0,0
G1_D1,254,0,166,0,0
G1_D1,762,0,13,0,0
B4_D1,565,0,395,0,0
B10_D1,368,0,275,0,0
G1_D1,995,0,72,0,0
B10_D1,846,0,403,0,0
B10_D1,221,0,63,0,0
G1_D1,719,0,278,0,0
G1_D1,996,0,95,0,0
B6_D1,767,0,268,0,0
B6_D1,221,0,275,0,0
B6_D1,60,0,108,0,0
G1_D1,132,0,137,0,0
B6_D1,317,0,78,0,0
B2_D1,194,0,404,0,0
B4_D1,133,0,20,0,0
B10_D1,225,0,295,0,0
B10_D1,181,0,139,0,0
B6_D1,205,0,350,0,0
G1_D1,676,0,18,0,0
B6_D1,6,0,189,0,0
B10_D1,648,0,209,0,0
B6_D1,789,0,95,0,0
B10_D1,850,0,271,0,0
B6_D1,298,0,501,0,0
B6_D1,858,0,49,0,0
B6_D1,120,0,93,0,0
B10_D1,18,0,32,0,0
G1_D1,263,0,2,0,0
G1_D1,1023,0,132,0,0
G1_D1,916,0,308,0,0
G1_D1,951,0,263,0,0
B10_D1,600,0,213,0,0
B10_D1,150,0,285,0,0
B10_D1,502,0,85,0,0
B4_D1,512,0,374,0,0
B6_D1,536,0,482,0,0
B10_D1,588,0,294,0,0
B10_D1,649,0,202,0,0
B6_D1,255,0,457,0,0
B10_D1,408,0,506,0,0
B6_D1,283,0,277,0,0
B2_D1,312,0,122,0,0
B6_D1,316,0,5,0,0
G1_D1,21,0,118,0,0
B6_D1,806,0,197,0,0
G1_D1,30,0,469,0,0
B6_D1,869,0,267,0,0
B4_D1,67,0,401,0,0
B6_D1,790,0,492,0,0
B10_D1,905,0,79,0,0
G1_D1,973,0,269,0,0
B2_D1,152,0,267,0,0
B6_D1,862,0,14,0,0
B6_D1,816,0,484,0,0
B6_D1,686,0,482,0,0
G1_D1,976,0,93,0,0
G1_D1,9,0,10,0,0
B6_D1,806,0,28,0,0
B4_D1,6,0,253,0,0
B6_D1,115,0,423,0,0
B4_D1,845,0,78,0,0
B6_D1,244,0,495,0,0
B6_D1,737,0,164,0,0
B6_D1,327,0,73,0,0
B6_D1,63,0,449,0,0
B4_D1,171,0,123,0,0
B6_D1,316,0,38,0,0
G1_D1,204,0,13,0,0
B10_D1,215,0,337,0,0
G1_D1,616,0,511,0,0
G1_D1,862,0,215,0,0
G1_D1,373,0,16,0,0
B6_D1,612,0,499,0,0
B6_D1,826,0,14,0,0
B6_D1,546,0,251,0,0
B10_D1,743,0,355,0,0
B6_D1,658,0,20,0,0
B6_D1,104,0,360,0,0
B6_D1,395,0,296,0,0
B2_D1,620,0,224,0,0
B6_D1,34,0,35,0,0
B10_D1,988,0,262,0,0
B10_D1,24,0,246,0,0
B6_D1,112,0,483,0,0
B10_D1,891,0,474,0,0
B6_D1,630,0,212,0,0
G1_D1,226,0,9,0,0
G1_D1,421,0,144,0,0
B10_D1,202,0,233,0,0
B8_D1,388,0,192,0,0
B6_D1,190,0,489,0,0
B6_D1,829,0,439,0,0
B6_D1,770,0,197,0,0
B6_D1,142,0,279,0,0
G1_D1,33,0,231,0,0
G1_D1,497,0,123,0,0
B6_D1,382,0,267,0,0
B6_D1,1008,0,91,0,0
B2_D1,894,0,399,0,0
G1_D1,572,0,39,0,0
B10_D1,989,0,264,0,0
B6_D1,741,0,197,0,0
B4_D1,758,0,235,0,0
B10_D1,623,0,131,0,0
B10_D1,346,0,313,0,0
B6_D1,883,0,172,0,0
B2_D1,238,0,155,0,0
B6_D1,993,0,467,0,0
B4_D1,3,0,66,0,0
B6_D1,916,0,20,0,0
B10_D1,743,0,159,0,0
B10_D1,423,0,91,0,0
B10_D1,704,0,41,0,0
B6_D1,72,0,458,0,0
B10_D1,714,0,428,0,0
B6_D1,926,0,92,0,0
B10_D1,449,0,155,0,0
B10_D1,605,0,83,0,0
B6_D1,926,0,447,0,0
B10_D1,384,0,244,0,0
B10_D1,109,0,219,0,0
B2_D1,213,0,130,0,0
B10_D1,790,0,380,0,0
B10_D1,424,0,281,0,0
B2_D1,646,0,307,0,0
B8_D1,621,0,234,0,0
G1_D1,1005,0,263,0,0
B6_D1,726,0,502,0,0
B8_D1,19,0,265,0,0
B4_D1,504,0,51,0,0
B4_D1,6,0,196,0,0
B6_D1,530,0,48,0,0
B6_D1,766,0,240,0,0
B6_D1,737,0,297,0,0
B6_D1,786,0,24,0,0
B6_D1,664,0,17,0,0
B10_D1,668,0,169,0,0
B10_D1,334,0,62,0,0
G1_D1,664,0,301,0,0
B10_D1,802,0,88,0,0
B6_D1,570,0,375,0,0
B6_D1,230,0,1,0,0
B6_D1,552,0,409,0,0
B6_D1,113,0,403,0,0
B2_D1,278,0,393,0,0
B6_D1,164,0,425,0,0
B6_D1,294,0,505,0,0
B6_D1,722,0,265,0,0
G1_D1,436,0,510,0,0
B10_D1,805,0,333,0,0
B6_D1,624,0,55,0,0
G1_D1,116,0,11,0,0
B6_D1,665,0,125,0,0
B6_D1,793,0,121,0,0
B6_D1,821,0,189,0,0
B10_D1,35,0,124,0,0
B10_D1,47,0,33,0,0
G1_D1,136,0,290,0,0
B8_D1,108,0,271,0,0
B4_D1,1,0,326,0,0
B4_D1,167,0,239,0,0
B4_D1,581,0,139,0,0
B10_D1,255,0,132,0,0
B4_D1,745,0,106,0,0
G1_D1,653,0,14,0,0
G1_D1,934,0,269,0,0
G1_D1,100,0,364,0,0
B6_D1,490,0,38,0,0
B6_D1,6,0,445,0,0
B10_D1,51,0,53,0,0
B6_D1,972,0,30,0,0
B6_D1,5,0,254,0,0
B6_D1,484,0,229,0,0
B10_D1,616,0,52,0,0
B10_D1,203,0,156,0,0
B10_D1,557,0,9,0,0
B6_D1,324,0,27,0,0
B6_D1,107,0,462,0,0
B6_D1,842,0,46,0,0
B4_D1,581,0,382,0,0
G1_D1,988,0,275,0,0
B10_D1,361,0,42,0,0
B2_D1,468,0,286,0,0
B10_D1,400,0,4,0,0
B10_D1,568,0,297,0,0
B6_D1,762,0,255,0,0
B4_D1,579,0,204,0,0
B10_D1,1000,0,350,0,0
B10_D1,492,0,88,0,0
B6_D1,933,0,225,0,0
B10_D1,884,0,345,0,0
B10_D1,972,0,208,0,0
G1_D1,1016,0,495,0,0
G1_D1,53,0,265,0,0
B6_D1,932,0,254,0,0
B6_D1,48,0,83,0,0
B10_D1,702,0,166,0,0
G1_D1,988,0,267,0,0
B6_D1,320,0,227,0,0
G1_D1,749,0,199,0,0
B6_D1,75,0,309,0,0
G1_D1,456,0,239,0,0
B6_D1,350,0,34,0,0
B6_D1,781,0,121,0,0
B10_D1,390,0,167,0,0
B10_D1,382,0,225,0,0
B6_D1,8,0,85,0,0
B6_D1,84,0,36,0,0
B8_D1,580,0,291,0,0
G1_D1,44,0,98,0,0
B2_D1,340,0,118,0,0
B2_D1,903,0,36,0,0
B10_D1,478,0,308,0,0
G1_D1,509,0,123,0,0
B4_D1,672,0,25,0,0
B10_D1,503,0,64,0,0
B6_D1,162,0,499,0,0
G1_D1,90,0,0,0,0
B10_D1,861,0,199,0,0
G1_D1,879,0,466,0,0
B6_D1,815,0,70,0,0
B6_D1,778,0,112,0,0
G1_D1,16,0,262,0,0
B6_D1,853,0,186,0,0
B10_D1,589,0,348,0,0
B6_D1,600,0,420,0,0
B10_D1,773,0,270,0,0
B6_D1,614,0,435,0,0
B4_D1,872,0,35,0,0
B10_D1,37,0,131,0,0
B2_D1,617,0,478,0,0
B10_D1,649,0,154,0,0
B10_D1,624,0,139,0,0
B10_D1,121,0,137,0,0
G1_D1,47,0,33,0,0
G1_D1,241,0,12,0,0
B10_D1,369,0,254,0,0
B6_D1,714,0,453,0,0
B6_D1,180,0,42,0,0
G1_D1,58,0,39,0,0
B6_D1,782,0,229,0,0
G1_D1,772,0,18,0,0
B10_D1,534,0,167,0,0
B6_D1,129,0,193,0,0
B6_D1,242,0,40,0,0
B10_D1,936,0,287,0,0
B10_D1,83,0,212,0,0
B10_D1,750,0,469,0,0
B6_D1,599,0,263,0,0
G1_D1,806,0,306,0,0
B8_D1,126,0,333,0,0
B10_D1,145,0,44,0,0
G1_D1,598,0,217,0,0
G1_D1,364,0,303,0,0
B6_D1,314,0,217,0,0
B6_D1,456,0,111,0,0
B10_D1,666,0,442,0,0
G1_D1,809,0,450,0,0
B6_D1,146,0,306,0,0
B10_D1,600,0,295,0,0
B2_D1,130,0,511,0,0
B4_D1,8,0,143,0,0
B10_D1,195,0,168,0,0
B10_D1,341,0,511,0,0
B4_D1,354,0,299,0,0
B10_D1,766,0,72,0,0
B6_D1,590,0,345,0,0
B10_D1,194,0,248,0,0
G1_D1,871,0,213,0,0
B6_D1,787,0,121,0,0
B4_D1,739,0,243,0,0
B6_D1,409,0,450,0,0
B6_D1,958,0,421,0,0
B10_D1,405,0,268,0,0
B10_D1,223,0,22,0,0
B6_D1,671,0,62,0,0
B10_D1,126,0,5,0,0
B6_D1,99,0,137,0,0
B6_D1,438,0,139,0,0
B6_D1,145,0,200,0,0
B10_D1,265,0,424,0,0
B4_D1,770,0,233,0,0
B2_D1,799,0,72,0,0
B6_D1,142,0,29,0,0
B6_D1,903,0,61,0,0
G1_D1,213,0,43,0,0
B6_D1,18,0,6,0,0
B6_D1,737,0,463,0,0
G1_D1,412,0,511,0,0
G1_D1,547,0,124,0,0
B10_D1,567,0,2,0,0
G1_D1,763,0,96,0,0
B10_D1,565,0,306,0,0
G1_D1,891,0,52,0,0
B4_D1,495,0,224,0,0
B6_D1,77,0,481,0,0
B10_D1,542,0,122,0,0
B6_D1,250,0,330,0,0
B4_D1,526,0,422,0,0
B10_D1,311,0,194,0,0
B6_D1,446,0,22,0,0
B6_D1,42,0,166,0,0
B10_D1,512,0,71,0,0
B6_D1,198,0,394,0,0
G1_D1,895,0,254,0,0
B4_D1,742,0,99,0,0
B6_D1,1006,0,29,0,0
B10_D1,717,0,429,0,0
B6_D1,780,0,412,0,0
B4_D1,4,0,294,0,0
B10_D1,935,0,356,0,0
B4_D1,202,0,34,0,0
G1_D1,191,0,505,0,0
B4_D1,194,0,17,0,0
B6_D1,620,0,16,0,0
B10_D1,117,0,427,0,0
B6_D1,743,0,91,0,0
B10_D1,27,0,278,0,0
B10_D1,601,0,93,0,0
B6_D1,468,0,0,0,0
B6_D1,576,0,21,0,0
B6_D1,862,0,117,0,0
G1_D1,421,0,6,0,0
B6_D1,1020,0,49,0,0
B6_D1,99,0,321,0,0
B10_D1,387,0,286,0,0
B6_D1,352,0,41,0,0
B4_D1,613,0,168,0,0
G1_D1,884,0,19,0,0
B6_D1,771,0,194,0,0
B10_D1,190,0,77,0,0
G1_D1,829,0,102,0,0
B10_D1,383,0,170,0,0
G1_D1,989,0,155,0,0
B6_D1,688,0,483,0,0
B10_D1,295,0,73,0,0
G1_D1,52,0,368,0,-1
B10_D1,894,0,489,0,0
B6_D1,630,0,277,0,0
B2_D1,685,0,175,0,0
G1_D1,679,0,6,0,0
B6_D1,668,0,419,0,0
B2_D1,192,0,473,0,0
B10_D1,718,0,88,0,0
G1_D1,66,0,324,0,0
B6_D1,729,0,146,0,0
B2_D1,640,0,363,0,0
B2_D1,889,0,391,0,0
B10_D1,593,0,218,0,0
B10_D1,603,0,279,0,0
B6_D1,468,0,484,0,0
B10_D1,190,0,50,0,0
B10_D1,424,0,156,0,0
G1_D1,748,0,18,0,0
B10_D1,300,0,271,0,0
B10_D1,334,0,199,0,0
G1_D1,120,0,393,0,0
B10_D1,427,0,375,0,0
B6_D1,600,0,24,0,0
B4_D1,811,0,286,0,0
B2_D1,301,0,199,0,0
B6_D1,124,0,424,0,0
B10_D1,97,0,293,0,0
G1_D1,758,0,244,0,0
B6_D1,845,0,309,0,0
G1_D1,859,0,231,0,0
B10_D1,880,0,72,0,0
G1_D1,407,0,230,0,0
B6_D1,13,0,400,0,0
B10_D1,412,0,166,0,0
G1_D1,468,0,479,0,0
B6_D1,410,0,151,0,0
B10_D1,139,0,117,0,0
G1_D1,97,0,502,0,0
B6_D1,409,0,220,0,0
B2_D1,474,0,470,0,0
B6_D1,865,0,132,0,0
B2_D1,750,0,72,0,0
B2_D1,682,0,18,0,0
B6_D1,62,0,19,0,0
B6_D1,326,0,494,0,0
B6_D1,532,0,196,0,0
B4_D1,196,0,28,0,0
B2_D1,1,0,49,0,0
G1_D1,228,0,7,0,0
B6_D1,472,0,2,0,0
B4_D1,712,0,102,0,0
B2_D1,415,0,491,0,0
B6_D1,121,0,278,0,0
B10_D1,773,0,103,0,0
B6_D1,906,0,39,0,0
B10_D1,659,0,85,0,0
G1_D1,768,0,117,0,0
G1_D1,573,0,245,0,0
B6_D1,592,0,38,0,0
B2_D1,572,0,479,0,0
B10_D1,426,0,5,0,0
B10_D1,208,0,13,0,0
B6_D1,145,0,155,0,0
B10_D1,241,0,22,0,0
B4_D1,205,0,208,0,0
G1_D1,586,0,457,0,0
B10_D1,65,0,160,0,0
B6_D1,143,0,314,0,0
G1_D1,311,0,49,0,0
B6_D1,786,0,97,0,0
G1_D1,734,0,75,0,0
B6_D1,16,0,501,0,0
B10_D1,312,0,245,0,0
B10_D1,656,0,81,0,0
B10_D1,75,0,170,0,0
B10_D1,379,0,243,0,0
B4_D1,815,0,261,0,0
G1_D1,582,0,228,0,0
G1_D1,976,0,281,0,0
B4_D1,298,0,147,0,0
B10_D1,541,0,120,0,0
B6_D1,795,0,379,0,0
B6_D1,34,0,173,0,0
B6_D1,473,0,479,0,0
B6_D1,858,0,33,0,0
B10_D1,92,0,279,0,0
B10_D1,539,0,87,0,0
B6_D1,488,0,28,0,0
B10_D1,136,0,13,0,0
B6_D1,702,0,508,0,0
B6_D1,752,0,19,0,0
B6_D1,597,0,361,0,0
B10_D1,114,0,176,0,0
B8_D1,116,0,270,0,0
B6_D1,988,0,504,0,0
B6_D1,466,0,489,0,0
B10_D1,832,0,100,0,0
B8_D1,657,0,247,0,0
B4_D1,910,0,121,0,0
B6_D1,264,0,493,0,0
B6_D1,421,0,352,0,0
B6_D1,734,0,386,0,0
B10_D1,376,0,33,0,0
G1_D1,747,0,243,0,0
B10_D1,678,0,70,0,0
B6_D1,554,0,13,0,0
B4_D1,4,0,397,0,0
B4_D1,1,0,256,0,0
B2_D1,295,0,57,0,0
B6_D1,213,0,361,0,0
G1_D1,1017,0,107,0,0
B6_D1,974,0,80,0,0
B6_D1,443,0,432,0,0
B4_D1,338,0,347,0,0
B10_D1,178,0,62,0,0
B10_D1,832,0,318,0,0
B6_D1,208,0,278,0,0
G1_D1,429,0,94,0,0
G1_D1,650,0,306,0,0
B6_D1,756,0,243,0,0
G1_D1,12,0,91,0,0
B6_D1,236,0,46,0,0
B10_D1,62,0,451,0,0
B4_D1,818,0,84,0,0
B10_D1,497,0,407,0,0
B6_D1,128,0,102,0,0
B10_D1,667,0,261,0,0
B6_D1,1019,0,459,0,0
B4_D1,399,0,110,0,0
G1_D1,41,0,263,0,0
B6_D1,494,0,48,0,0
G1_D1,264,0,327,0,0
B8_D1,765,0,218,0,0
B6_D1,324,0,18,0,0
B10_D1,456,0,74,0,0
B2_D1,394,0,511,0,0
G1_D1,1022,0,162,0,0
B6_D1,139,0,206,0,0
B6_D1,132,0,511,0,0
B6_D1,1,0,366,0,0
B4_D1,178,0,3,0,0
B10_D1,678,0,81,0,0
B6_D1,1000,0,38,0,0
B4_D1,648,0,304,0,0
B6_D1,712,0,282,0,0
B6_D1,566,0,22,0,0
B10_D1,28,0,91,0,0
B10_D1,77,0,212,0,0
G1_D1,331,0,93,0,0
B10_D1,826,0,64,0,0
B6_D1,1002,0,94,0,0
B10_D1,60,0,290,0,0
B10_D1,707,0,244,0,0
G1_D1,332,0,24,0,0
B10_D1,162,0,334,0,0
B6_D1,876,0,511,0,0
B10_D1,231,0,38,0,0
B10_D1,19,0,134,0,0
B10_D1,668,0,241,0,0
B10_D1,927,0,29,0,0
B6_D1,920,0,482,0,0
B4_D1,216,0,19,0,0
B10_D1,154,0,88,0,0
B10_D1,955,0,275,0,0
B10_D1,299,0,124,0,0
B10_D1,803,0,444,0,0
B10_D1,198,0,207,0,0
B10_D1,958,0,67,0,0
G1_D1,709,0,168,0,0
B6_D1,809,0,240,0,0
B4_D1,389,0,227,0,0
G1_D1,688,0,17,0,0
B6_D1,381,0,146,0,0
B4_D1,748,0,66,0,0
B6_D1,972,0,508,0,0
B6_D1,514,0,498,0,0
B10_D1,209,0,360,0,0
B10_D1,740,0,110,0,0
G1_D1,777,0,219,0,0
B6_D1,931,0,460,0,0
B2_D1,600,0,151,0,0
B4_D1,5,0,225,0,0
G1_D1,810,0,262,0,0
B10_D1,669,0,253,0,0
B2_D1,833,0,85,0,0
B6_D1,548,0,368,0,0
B6_D1,892,0,95,0,0
B4_D1,1,0,383,0,0
B10_D1,259,0,164,0,0
B10_D1,315,0,2,0,0
B10_D1,364,0,150,0,0
B10_D1,528,0,273,0,0
B10_D1,472,0,62,0,0
G1_D1,906,0,7,0,0
B6_D1,689,0,228,0,0
B10_D1,900,0,303,0,0
B4_D1,1023,0,174,0,0
B6_D1,419,0,221,0,0
B10_D1,585,0,502,0,0
B10_D1,591,0,8,0,0
B10_D1,203,0,12,0,0
B6_D1,604,0,319,0,0
B10_D1,229,0,361,0,0
G1_D1,1002,0,35,0,0
B10_D1,968,0,293,0,0
G1_D1,988,0,140,0,0
B6_D1,436,0,276,0,0
B4_D1,2,0,389,0,0
B2_D1,426,0,506,0,0
G1_D1,420,0,509,0,0
B6_D1,390,0,142,0,0
G1_D1,777,0,40,0,0
G1_D1,599,0,14,0,0
G1_D1,200,0,11,0,0
B6_D1,11,0,337,0,0
B10_D1,144,0,336,0,0
B10_D1,438,0,142,0,0
B6_D1,677,0,342,0,0
B10_D1,522,0,331,0,0
B6_D1,440,0,491,0,0
B10_D1,443,0,511,0,0
B10_D1,305,0,11,0,0
G1_D1,925,0,488,0,0
G1_D1,473,0,2,0,0
B10_D1,1003,0,255,0,0
B4_D1,177,0,63,0,0
B6_D1,38,0,158,0,0
G1_D1,576,0,201,0,0
B6_D1,188,0,40,0,0
B10_D1,700,0,23,0,0
B6_D1,1020,0,410,0,0
B10_D1,6,0,251,0,0
G1_D1,37,0,90,0,0
B10_D1,492,0,164,0,0
B2_D1,721,0,141,0,0
B6_D1,289,0,344,0,0
B10_D1,506,0,252,0,0
G1_D1,842,0,1,0,0
B6_D1,715,0,148,0,0
B6_D1,916,0,510,0,0
B6_D1,82,0,23,0,0
G1_D1,14,0,130,0,0
B4_D1,656,0,82,0,0
B6_D1,230,0,488,0,0
B6_D1,706,0,2,0,0
B6_D1,417,0,380,0,0
B6_D1,816,0,0,0,0
B6_D1,383,0,458,0,0
B6_D1,636,0,487,0,0
B10_D1,360,0,312,0,0
B10_D1,98,0,483,0,0
B6_D1,967,0,118,0,0
B6_D1,371,0,330,0,0
G1_D1,738,0,13,0,0
B6_D1,275,0,476,0,0
B6_D1,188,0,178,0,0
B6_D1,134,0,425,0,0
B6_D1,243,0,456,0,0
B6_D1,468,0,292,0,0
B10_D1,1021,0,460,0,0
B10_D1,303,0,198,0,0
G1_D1,24,0,264,0,0
G1_D1,85,0,49,0,0
B10_D1,35,0,135,0,0
B10_D1,397,0,3,0,0
G1_D1,257,0,234,0,0
B6_D1,664,0,130,0,0
G1_D1,4,0,456,0,0
B6_D1,1018,0,5,0,0
B6_D1,94,0,14,0,0
B2_D1,137,0,0,0,0
B10_D1,849,0,347,0,0
G1_D1,191,0,8,0,0
B6_D1,508,0,492,0,0
B6_D1,346,0,2,0,0
B2_D1,366,0,132,0,0
B6_D1,566,0,506,0,0
B6_D1,335,0,182,0,0
B6_D1,648,0,293,0,0
B6_D1,377,0,368,0,0
B6_D1,684,0,346,0,0
B10_D1,285,0,344,0,0
B10_D1,435,0,462,0,0
B6_D1,642,0,346,0,0
B6_D1,959,0,116,0,0
B10_D1,351,0,24,0,0
B2_D1,611,0,480,0,0
B6_D1,538,0,256,0,0
B10_D1,26,0,14,0,0
B10_D1,60,0,154,0,0
G1_D1,5,0,502,0,0
B10_D1,575,0,43,0,0
G1_D1,639,0,180,0,0
B6_D1,798,0,161,0,0
G1_D1,170,0,506,0,0
G1_D1,755,0,83,0,0
B2_D1,875,0,18,0,0
B10_D1,703,0,14,0,0
B6_D1,54,0,100,0,0
G1_D1,256,0,248,0,0
G1_D1,186,0,13,0,0
B10_D1,768,0,54,0,0
B6_D1,785,0,130,0,0
B6_D1,1003,0,117,0,0
B4_D1,354,0,42,0,0
B6_D1,914,0,19,0,0
B8_D1,115,0,200,0,0
G1_D1,750,0,318,0,0
B6_D1,50,0,494,0,0
B10_D1,569,0,266,0,0
B6_D1,562,0,341,0,0
G1_D1,34,0,320,0,0
B6_D1,788,0,482,0,0
G1_D1,113,0,285,0,0
B6_D1,574,0,376,0,0
B2_D1,76,0,56,0,0
B2_D1,169,0,306,0,0
B4_D1,682,0,195,0,0
B2_D1,566,0,479,0,0
B10_D1,406,0,341,0,0
B2_D1,821,0,510,0,0
B6_D1,531,0,175,0,0
B10_D1,189,0,250,0,0
B4_D1,51,0,21,0,0
B10_D1,490,0,478,0,0
B6_D1,6,0,305,0,0
G1_D1,618,0,132,0,0
B10_D1,634,0,375,0,0
B10_D1,465,0,27,0,0
B4_D1,252,0,289,0,0
B6_D1,234,0,112,0,0
B2_D1,218,0,132,0,0
B6_D1,316,0,41,0,0
G1_D1,546,0,0,0,0
B10_D1,710,0,164,0,0
B6_D1,599,0,479,0,0
B6_D1,538,0,489,0,0
G1_D1,269,0,242,0,0
B10_D1,218,0,15,0,0
B6_D1,388,0,44,0,0
B6_D1,920,0,7,0,0
G1_D1,727,0,351,0,0
B10_D1,781,0,89,0,0
B6_D1,801,0,92,0,0
B6_D1,347,0,383,0,0
B10_D1,943,0,248,0,0
B6_D1,38,0,324,0,0
B6_D1,564,0,508,0,0
G1_D1,360,0,305,0,0
G1_D1,864,0,300,0,0
B6_D1,30,0,72,0,0
B2_D1,683,0,41,0,0
B10_D1,26,0,148,0,0
G1_D1,968,0,11,0,0
B6_D1,194,0,506,0,0
B6_D1,746,0,500,0,0
G1_D1,1023,0,114,0,0
B6_D1,82,0,391,0,0
B6_D1,1012,0,29,0,0
B6_D1,340,0,478,0,0
G1_D1,959,0,2,0,0
B6_D1,922,0,32,0,0
B8_D1,672,0,307,0,0
B10_D1,850,0,326,0,0
B6_D1,876,0,224,0,0
G1_D1,1008,0,14,0,0
B10_D1,448,0,409,0,0
B10_D1,198,0,245,0,0
B10_D1,997,0,46,0,0
G1_D1,590,0,72,0,0
B10_D1,326,0,257,0,0
B10_D1,869,0,206,0,0
G1_D1,10,0,3,0,0
B6_D1,563,0,236,0,0
B10_D1,166,0,46,0,0
B6_D1,596,0,48,0,0
B10_D1,790,0,329,0,0
B2_D1,717,0,283,0,0
B10_D1,9,0,300,0,0
B10_D1,728,0,158,0,0
B10_D1,285,0,47,0,0
B4_D1,40,0,131,0,0
B6_D1,170,0,276,0,0
B10_D1,568,0,261,0,0
B4_D1,46,0,294,0,0
B6_D1,979,0,146,0,0
B6_D1,162,0,53,0,0
B6_D1,678,0,273,0,0
B10_D1,313,0,24,0,0
B6_D1,615,0,117,0,0
B6_D1,921,0,222,0,0
B10_D1,716,0,325,0,0
B6_D1,854,0,488,0,0
B10_D1,246,0,28,0,0
G1_D1,199,0,263,0,0
B6_D1,351,0,460,0,0
B4_D1,386,0,225,0,0
B6_D1,67,0,289,0,0
B10_D1,4,0,242,0,0
B10_D1,715,0,13,0,0
G1_D1,797,0,262,0,0
B4_D1,614,0,84,0,0
G1_D1,1003,0,283,0,0
B4_D1,871,0,121,0,0
B10_D1,809,0,90,0,0
B6_D1,337,0,384,0,0
B6_D1,492,0,166,0,0
G1_D1,980,0,128,0,0
B2_D1,866,0,47,0,0
G1_D1,825,0,4,0,0
G1_D1,374,0,90,0,0
B6_D1,1022,0,7,0,0
G1_D1,364,0,478,0,0
B10_D1,871,0,400,0,0
B4_D1,106,0,58,0,0
B6_D1,998,0,418,0,0
G1_D1,216,0,181,0,0
G1_D1,1005,0,114,0,0
B6_D1,789,0,124,0,0
B4_D1,829,0,79,0,0
B4_D1,796,0,44,0,0
B6_D1,373,0,193,0,0
B6_D1,759,0,219,0,0
B6_D1,18,0,389,0,0
B10_D1,17,0,109,0,0
B10_D1,730,0,118,0,0
B10_D1,327,0,1,0,0
G1_D1,182,0,67,0,0
B6_D1,431,0,286,0,0
B10_D1,328,0,338,0,0
B10_D1,689,0,320,0,0
B10_D1,66,0,152,0,0
B6_D1,154,0,95,0,0
B6_D1,646,0,498,0,0
B6_D1,287,0,143,0,0
B6_D1,629,0,372,0,0
B10_D1,542,0,187,0,0
B6_D1,45,0,126,0,0
B6_D1,513,0,480,0,0
B10_D1,508,0,475,0,0
B2_D1,1017,0,80,0,0
B6_D1,813,0,66,0,0
B10_D1,502,0,308,0,0
G1_D1,765,0,307,0,0
B6_D1,867,0,110,0,0
G1_D1,703,0,261,0,0
G1_D1,843,0,167,0,0
B2_D1,34,0,20,0,0
B10_D1,336,0,195,0,0
B10_D1,500,0,9,0,0
B10_D1,126,0,107,0,0
B6_D1,40,0,5,0,0
B4_D1,66,0,7,0,0
B2_D1,904,0,455,0,0
B2_D1,627,0,147,0,0
B6_D1,426,0,33,0,0
B2_D1,773,0,510,0,0
B10_D1,8,0,149,0,0
B6_D1,160,0,78,0,0
B6_D1,268,0,26,0,0
B6_D1,833,0,294,0,0
B2_D1,486,0,367,0,0
B10_D1,171,0,157,0,0
B6_D1,816,0,235,0,0
B6_D1,895,0,369,0,0
B6_D1,583,0,423,0,0
B10_D1,520,0,311,0,0
B2_D1,939,0,152,0,0
G1_D1,853,0,21,0,0
B6_D1,144,0,277,0,0
B10_D1,186,0,121,0,0
B6_D1,895,0,140,0,0
B6_D1,728,0,312,0,0
B10_D1,8,0,303,0,0
B10_D1,30,0,155,0,0
B6_D1,667,0,303,0,0
B6_D1,185,0,137,0,0
B6_D1,322,0,325,0,0
B6_D1,760,0,76,0,0
B10_D1,460,0,218,0,0
G1_D1,746,0,11,0,0
G1_D1,266,0,279,0,0
B6_D1,582,0,484,0,0
B6_D1,40,0,489,0,0
B10_D1,7,0,229,0,0
B4_D1,265,0,18,0,0
B10_D1,303,0,58,0,0
G1_D1,824,0,210,0,0
B10_D1,72,0,161,0,0
B6_D1,801,0,84,0,0
B10_D1,363,0,114,0,0
B10_D1,473,0,500,0,0
B6_D1,435,0,141,0,0
B6_D1,223,0,130,0,0
B4_D1,640,0,292,0,0
B2_D1,429,0,475,0,0
B10_D1,655,0,313,0,0
B4_D1,502,0,249,0,0
G1_D1,104,0,164,0,0
G1_D1,194,0,341,0,0
B10_D1,938,0,337,0,0
G1_D1,353,0,2,0,0
B10_D1,651,0,467,0,0
B10_D1,574,0,72,0,0
B6_D1,776,0,461,0,0
B10_D1,625,0,365,0,0
B10_D1,27,0,110,0,0
B10_D1,112,0,211,0,0
B4_D1,154,0,120,0,0
B6_D1,201,0,472,0,0
B6_D1,765,0,342,0,0
B10_D1,683,0,239,0,0
B8_D1,947,0,238,0,0
B10_D1,264,0,98,0,0
G1_D1,908,0,389,0,0
B2_D1,665,0,19,0,0
B10_D1,648,0,32,0,0
B6_D1,612,0,487,0,0
B10_D1,633,0,244,0,0
B10_D1,697,0,92,0,0
B6_D1,76,0,138,0,0
B2_D1,192,0,482,0,0
B2_D1,957,0,88,0,0
G1_D1,634,0,9,0,0
B10_D1,265,0,247,0,0
B6_D1,844,0,137,0,0
B6_D1,269,0,292,0,0
G1_D1,374,0,273,0,0
B6_D1,146,0,339,0,0
B2_D1,848,0,17,0,0
B10_D1,190,0,261,0,0
B6_D1,215,0,481,0,0
B6_D1,212,0,16,0,0
G1_D1,912,0,0,0,0
B6_D1,616,0,17,0,0
B10_D1,460,0,493,0,0
B10_D1,924,0,324,0,0
B6_D1,718,0,498,0,0
B6_D1,226,0,20,0,0
B6_D1,826,0,61,0,0
B10_D1,535,0,56,0,0
B8_D1,660,0,307,0,0
B6_D1,236,0,25,0,0
B4_D1,687,0,114,0,0
G1_D1,803,0,54,0,0
B6_D1,418,0,266,0,0
B6_D1,686,0,183,0,0
B10_D1,885,0,70,0,0
B6_D1,35,0,291,0,0
B10_D1,777,0,410,0,0
B4_D1,223,0,178,0,0
G1_D1,116,0,23,0,0
B6_D1,866,0,503,0,0
B2_D1,875,0,173,0,0
B10_D1,653,0,411,0,0
B10_D1,235,0,100,0,0
B10_D1,64,0,138,0,0
B10_D1,232,0,47,0,0
B6_D1,472,0,302,0,0
B4_D1,983,0,39,0,0
B6_D1,636,0,242,0,0
B6_D1,546,0,178,0,0
B10_D1,817,0,327,0,0
B6_D1,644,0,282,0,0
B10_D1,82,0,461,0,0
B10_D1,103,0,196,0,0
B10_D1,591,0,122,0,0
G1_D1,212,0,409,0,0
G1_D1,52,0,92,0,0
B6_D1,225,0,89,0,0
B6_D1,724,0,35,0,0
B2_D1,910,0,12,0,0
B4_D1,697,0,72,0,0
B10_D1,851,0,217,0,0
B6_D1,19,0,303,0,0
B6_D1,175,0,396,0,0
B10_D1,241,0,254,0,0
B6_D1,190,0,118,0,0
B10_D1,622,0,183,0,0
G1_D1,36,0,27,0,0
B10_D1,718,0,432,0,0
B6_D1,594,0,227,0,0
G1_D1,80,0,39,0,0
B6_D1,920,0,494,0,0
G1_D1,597,0,188,0,0
B6_D1,659,0,181,0,0
G1_D1,857,0,253,0,0
B10_D1,861,0,346,0,0
G1_D1,22,0,169,0,0
B6_D1,163,0,323,0,0
B4_D1,472,0,203,0,0
B6_D1,12,0,59,0,0
B4_D1,3,0,396,0,0
B4_D1,500,0,248,0,0
B10_D1,419,0,339,0,0
B10_D1,15,0,72,0,0
B10_D1,499,0,283,0,0
B8_D1,114,0,328,0,0
B6_D1,982,0,409,0,0
B6_D1,574,0,504,0,0
B10_D1,680,0,171,0,0
B10_D1,790,0,170,0,0
B6_D1,4,0,478,0,0
B6_D1,269,0,378,0,0
B10_D1,525,0,20,0,0
B6_D1,422,0,387,0,0
B8_D1,170,0,50,0,0
B6_D1,265,0,100,0,0
G1_D1,25,0,54,0,0
B10_D1,167,0,440,0,0
B10_D1,337,0,179,0,0
B10_D1,14,0,145,0,0
B10_D1,322,0,47,0,0
B6_D1,172,0,483,0,0
B4_D1,603,0,44,0,0
B2_D1,411,0,172,0,0
G1_D1,38,0,78,0,0
G1_D1,463,0,139,0,0
B10_D1,972,0,508,0,0
B4_D1,99,0,122,0,0
B2_D1,531,0,62,0,0
B10_D1,50,0,63,0,0
G1_D1,381,0,221,0,0
B6_D1,312,0,15,0,0
B6_D1,469,0,62,0,0
B6_D1,24,0,45,0,0
G1_D1,192,0,239,0,0
B10_D1,42,0,260,0,0
B6_D1,338,0,506,0,0
B10_D1,127,0,48,0,0
G1_D1,492,0,20,0,0
B10_D1,965,0,251,0,0
B6_D1,378,0,490,0,0
B6_D1,1018,0,504,0,0
B2_D1,130,0,430,0,0
G1_D1,930,0,286,0,0
B6_D1,285,0,80,0,0
G1_D1,957,0,10,0,0
B6_D1,516,0,280,0,0
B10_D1,709,0,13,0,0
B6_D1,960,0,511,0,0
B6_D1,3,0,243,0,0
B6_D1,130,0,219,0,0
B6_D1,234,0,505,0,0
B2_D1,226,0,511,0,0
B10_D1,151,0,213,0,0
B6_D1,214,0,191,0,0
G1_D1,913,0,219,0,0
G1_D1,301,0,38,0,0
B6_D1,327,0,130,0,0
B10_D1,390,0,250,0,0
G1_D1,809,0,448,0,0
B4_D1,1019,0,40,0,0
B10_D1,122,0,392,0,0
B10_D1,638,0,82,0,0
B10_D1,659,0,112,0,0
B6_D1,298,0,32,0,0
G1_D1,128,0,203,0,0
B6_D1,800,0,485,0,0
B6_D1,612,0,3,0,0
B6_D1,693,0,333,0,0
B6_D1,14,0,49,0,0
B10_D1,874,0,496,0,0
B6_D1,758,0,280,0,0
B4_D1,999,0,84,0,0
B2_D1,916,0,15,0,0
B10_D1,86,0,167,0,0
B8_D1,120,0,206,0,0
B6_D1,368,0,509,0,0
B6_D1,58,0,495,0,0
B6_D1,457,0,51,0,0
B6_D1,514,0,268,0,0
G1_D1,765,0,471,0,0
B6_D1,339,0,433,0,0
B10_D1,198,0,130,0,0
B6_D1,266,0,28,0,0
B4_D1,5,0,130,0,0
B6_D1,700,0,32,0,0
B10_D1,298,0,307,0,0
B8_D1,731,0,230,0,0
B10_D1,311,0,329,0,0
B6_D1,253,0,124,0,0
B6_D1,949,0,459,0,0
B4_D1,255,0,199,0,0
G1_D1,604,0,34,0,0
G1_D1,871,0,194,0,0
G1_D1,206,0,11,0,0
G1_D1,146,0,383,0,0
B6_D1,196,0,395,0,0
G1_D1,339,0,28,0,0
G1_D1,12,0,218,0,0
G1_D1,798,0,263,0,0
B6_D1,336,0,183,0,0
G1_D1,211,0,12,0,0
B10_D1,5,0,244,0,0
B4_D1,914,0,219,0,0
B4_D1,194,0,64,0,0
B10_D1,699,0,38,0,0
B10_D1,585,0,97,0,0
B6_D1,746,0,71,0,0
B6_D1,279,0,133,0,0
B6_D1,79,0,402,0,0
B6_D1,700,0,11,0,0
B10_D1,863,0,202,0,0
B6_D1,537,0,480,0,0
G1_D1,29,0,206,0,0
B10_D1,95,0,479,0,0
B6_D1,610,0,11,0,0
G1_D1,707,0,8,0,0
B6_D1,872,0,392,0,0
G1_D1,722,0,19,0,0
G1_D1,302,0,141,0,0
B10_D1,619,0,495,0,0
B10_D1,635,0,271,0,0
G1_D1,213,0,151,0,0
B4_D1,594,0,181,0,0
G1_D1,343,0,404,0,0
B6_D1,3,0,238,0,0
B10_D1,4,0,151,0,0
B10_D1,397,0,128,0,0
G1_D1,150,0,261,0,0
G1_D1,139,0,12,0,0
G1_D1,915,0,437,0,0
G1_D1,349,0,225,0,0
B10_D1,165,0,41,0,0
B6_D1,538,0,35,0,0
B6_D1,991,0,410,0,0
B6_D1,537,0,328,0,0
B10_D1,4,0,218,0,0
G1_D1,802,0,53,0,0
B4_D1,230,0,126,0,0
B4_D1,655,0,69,0,0
B6_D1,392,0,293,0,0
G1_D1,335,0,101,0,0
G1_D1,32,0,480,0,0
B6_D1,845,0,70,0,0
B6_D1,461,0,74,0,0
B2_D1,179,0,64,0,0
B10_D1,459,0,111,0,0
B10_D1,431,0,192,0,0
B8_D1,1000,0,245,0,0
G1_D1,656,0,31,0,0
B6_D1,744,0,346,0,0
B10_D1,836,0,445,0,0
G1_D1,21,0,386,0,0
B10_D1,165,0,59,0,0
B6_D1,494,0,491,0,0
B6_D1,265,0,331,0,0
B6_D1,789,0,399,0,0
B6_D1,635,0,305,0,0
G1_D1,988,0,77,0,0
B6_D1,992,0,399,0,0
B6_D1,751,0,279,0,0
B2_D1,147,0,294,0,0
B10_D1,461,0,481,0,0
B6_D1,312,0,21,0,0
B6_D1,458,0,7,0,0
B6_D1,873,0,229,0,0
B10_D1,698,0,455,0,0
B6_D1,772,0,350,0,0
B10_D1,611,0,511,0,0
B10_D1,645,0,243,0,0
B6_D1,593,0,317,0,0
B6_D1,40,0,416,0,0
B10_D1,160,0,153,0,0
B4_D1,804,0,247,0,0
B6_D1,629,0,366,0,0
B4_D1,580,0,203,0,0
B6_D1,930,0,490,0,0
B6_D1,55,0,52,0,0
B6_D1,918,0,505,0,0
B10_D1,168,0,29,0,0
B10_D1,482,0,273,0,0
B6_D1,182,0,194,0,0
G1_D1,720,0,367,0,0
G1_D1,143,0,103,0,0
G1_D1,1010,0,231,0,0
G1_D1,1022,0,52,0,0
B6_D1,238,0,154,0,0
G1_D1,49,0,124,0,0
B10_D1,639,0,40,0,0
B6_D1,830,0,149,0,0
B6_D1,728,0,491,0,0
G1_D1,980,0,15,0,0
G1_D1,27,0,196,0,0
B6_D1,238,0,507,0,0
B6_D1,415,0,222,0,0
B10_D1,492,0,301,0,0
B10_D1,270,0,346,0,0
G1_D1,521,0,110,0,0
G1_D1,166,0,343,0,0
B6_D1,859,0,221,0,0
B6_D1,686,0,73,0,0
B10_D1,15,0,103,0,0
B6_D1,4,0,267,0,0
B10_D1,242,0,278,0,0
G1_D1,988,0,93,0,0
B6_D1,944,0,365,0,0
B10_D1,100,0,314,0,0
B10_D1,711,0,124,0,0
B6_D1,884,0,156,0,0
B2_D1,770,0,236,0,0
B10_D1,514,0,6,0,0
B6_D1,826,0,121,0,0
B10_D1,1010,0,18,0,0
B10_D1,543,0,203,0,0
G1_D1,1007,0,186,0,0
B10_D1,739,0,273,0,0
B6_D1,911,0,91,0,0
B10_D1,342,0,412,0,0
B6_D1,562,0,47,0,0
B2_D1,779,0,488,0,0
B6_D1,214,0,273,0,0
B10_D1,688,0,456,0,0
B6_D1,695,0,384,0,0
B10_D1,661,0,141,0,0
B6_D1,564,0,496,0,0
B10_D1,289,0,160,0,0
G1_D1,562,0,9,0,0
B6_D1,598,0,14,0,0
G1_D1,1000,0,224,0,0
B6_D1,965,0,113,0,0
B10_D1,724,0,443,0,0
B10_D1,551,0,156,0,0
B10_D1,588,0,141,0,0
B6_D1,492,0,292,0,0
B10_D1,724,0,12,0,0
B10_D1,86,0,59,0,0
B10_D1,478,0,463,0,0
G1_D1,686,0,60,0,0
B6_D1,140,0,79,0,0
B6_D1,838,0,501,0,0
B4_D1,541,0,73,0,0
B10_D1,712,0,113,0,0
B10_D1,267,0,459,0,0
G1_D1,989,0,289,0,0
B10_D1,997,0,270,0,0
B6_D1,388,0,492,0,0
B10_D1,616,0,360,0,0
G1_D1,662,0,202,0,0
G1_D1,1018,0,191,0,0
B2_D1,510,0,157,0,0
B10_D1,510,0,40,0,0
G1_D1,884,0,242,0,0
G1_D1,148,0,188,0,0
B6_D1,254,0,307,0,0
G1_D1,413,0,391,0,0
B10_D1,222,0,135,0,0
B6_D1,818,0,89,0,0
B10_D1,174,0,51,0,0
B6_D1,134,0,500,0,0
B6_D1,372,0,371,0,0
G1_D1,467,0,156,0,0
B2_D1,788,0,51,0,0
B6_D1,979,0,186,0,0
B2_D1,549,0,460,0,0
G1_D1,35,0,230,0,0
B8_D1,901,0,301,0,0
G1_D1,210,0,181,0,0
B10_D1,145,0,176,0,0
B8_D1,806,0,226,0,0
B10_D1,780,0,169,0,0
B6_D1,420,0,511,0,0
B10_D1,934,0,339,0,0
B4_D1,351,0,26,0,0
B6_D1,663,0,199,0,0
B10_D1,235,0,170,0,0
B6_D1,538,0,56,0,0
B10_D1,629,0,235,0,0
B6_D1,670,0,486,0,0
B6_D1,296,0,289,0,0
G1_D1,438,0,150,0,0
B8_D1,58,0,239,0,0
B2_D1,725,0,7,0,0
B10_D1,269,0,418,0,0
B10_D1,57,0,55,0,0
B6_D1,574,0,495,0,0
B6_D1,1010,0,465,0,0
B10_D1,829,0,181,0,0
B10_D1,363,0,222,0,0
B6_D1,84,0,21,0,0
B10_D1,684,0,86,0,0
G1_D1,871,0,294,0,0
B6_D1,198,0,45,0,0
B6_D1,60,0,172,0,0
B6_D1,861,0,240,0,0
B6_D1,808,0,504,0,0
B6_D1,666,0,423,0,0
B10_D1,508,0,223,0,0
G1_D1,152,0,79,0,0
G1_D1,898,0,64,0,0
G1_D1,911,0,304,0,0
B6_D1,178,0,118,0,0
B10_D1,773,0,64,0,0
B6_D1,778,0,44,0,0
B2_D1,377,0,204,0,0
B8_D1,153,0,338,0,0
G1_D1,857,0,8,0,0
B10_D1,599,0,52,0,0
B6_D1,529,0,364,0,0
B10_D1,909,0,333,0,0
G1_D1,632,0,466,0,0
G1_D1,1023,0,107,0,0
B6_D1,551,0,185,0,0
B6_D1,674,0,19,0,0
B6_D1,4,0,14,0,0
B6_D1,538,0,483,0,0
B10_D1,94,0,322,0,0
B10_D1,279,0,262,0,0
B6_D1,847,0,140,0,0
B2_D1,704,0,69,0,0
B10_D1,814,0,180,0,0
G1_D1,564,0,7,0,0
B2_D1,709,0,498,0,0
B10_D1,797,0,57,0,0
B6_D1,370,0,486,0,0
B6_D1,30,0,30,0,0
B6_D1,208,0,425,0,0
B10_D1,568,0,121,0,0
B10_D1,665,0,471,0,0
G1_D1,857,0,75,0,0
G1_D1,342,0,13,0,0
B10_D1,879,0,399,0,0
G1_D1,838,0,254,0,0
B4_D1,225,0,176,0,0
G1_D1,710,0,99,0,0
B4_D1,73,0,26,0,0
B10_D1,574,0,89,0,0
B10_D1,850,0,36,0,0
B10_D1,664,0,113,0,0
B6_D1,84,0,6,0,0
G1_D1,988,0,146,0,0
B6_D1,426,0,281,0,0
B6_D1,888,0,9,0,0
G1_D1,30,0,491,0,0
B6_D1,542,0,306,0,0
B10_D1,538,0,107,0,0
B4_D1,223,0,136,0,0
G1_D1,224,0,243,0,0
B6_D1,404,0,13,0,0
G1_D1,760,0,17,0,0
B6_D1,505,0,301,0,0
B6_D1,142,0,2,0,0
B6_D1,407,0,157,0,0
B10_D1,922,0,377,0,0
B6_D1,616,0,504,0,0
G1_D1,899,0,260,0,0
B4_D1,64,0,287,0,0
B10_D1,663,0,111,0,0
B10_D1,171,0,229,0,0
B6_D1,760,0,221,0,0
B6_D1,484,0,167,0,0
B4_D1,616,0,95,0,0
B2_D1,162,0,141,0,0
G1_D1,745,0,271,0,0
B6_D1,696,0,432,0,0
B10_D1,638,0,38,0,0
G1_D1,670,0,76,0,0
B4_D1,480,0,247,0,0
B6_D1,520,0,314,0,0
B6_D1,430,0,492,0,0
B4_D1,52,0,123,0,0
B10_D1,518,0,284,0,0
G1_D1,1019,0,46,0,0
B10_D1,201,0,80,0,0
B6_D1,262,0,489,0,0
B10_D1,656,0,241,0,0
G1_D1,274,0,34,0,0
G1_D1,260,0,23,0,0
B6_D1,414,0,246,0,0
G1_D1,267,0,64,0,0
G1_D1,1003,0,78,0,0
B6_D1,966,0,400,0,0
B2_D1,928,0,0,0,0
B6_D1,961,0,79,0,0
B10_D1,827,0,2,0,0
B6_D1,302,0,81,0,0
G1_D1,605,0,318,0,0
B4_D1,4,0,232,0,0
B6_D1,976,0,194,0,0
B10_D1,885,0,82,0,0
B10_D1,654,0,59,0,0
B10_D1,427,0,393,0,0
B6_D1,592,0,324,0,0
B4_D1,371,0,196,0,0
B10_D1,301,0,203,0,0
B10_D1,129,0,197,0,0
B4_D1,276,0,246,0,0
B6_D1,124,0,264,0,0
B10_D1,147,0,426,0,0
B6_D1,855,0,240,0,0
G1_D1,864,0,103,0,0
B6_D1,470,0,506,0,0
B6_D1,114,0,39,0,0
B4_D1,861,0,39,0,0
B4_D1,613,0,301,0,0
B6_D1,328,0,41,0,0
B6_D1,312,0,90,0,0
B10_D1,578,0,484,0,0
B10_D1,419,0,216,0,0
G1_D1,53,0,257,0,0
B8_D1,1023,0,6,0,0
B4_D1,148,0,35,0,0
B6_D1,640,0,507,0,0
B6_D1,992,0,22,0,0
G1_D1,25,0,240,0,0
B4_D1,980,0,107,0,0
B10_D1,213,0,124,0,0
B6_D1,137,0,481,0,0
G1_D1,512,0,99,0,0
G1_D1,1003,0,82,0,0
B10_D1,338,0,51,0,0
G1_D1,201,0,10,0,0
B2_D1,620,0,482,0,0
G1_D1,214,0,188,0,0
B6_D1,776,0,308,0,0
B10_D1,134,0,113,0,0
G1_D1,301,0,12,0,0
G1_D1,29,0,57,0,0
B10_D1,421,0,221,0,0
B10_D1,910,0,96,0,0
B10_D1,517,0,93,0,0
G1_D1,150,0,7,0,0
B6_D1,801,0,241,0,0
B6_D1,365,0,263,0,0
B10_D1,156,0,248,0,0
G1_D1,1017,0,131,0,0
B6_D1,613,0,168,0,0
B6_D1,13,0,356,0,0
B6_D1,126,0,433,0,0
B10_D1,608,0,291,0,0
B6_D1,518,0,506,0,0
B10_D1,665,0,489,0,0
B10_D1,71,0,91,0,0
B6_D1,972,0,235,0,0
B10_D1,100,0,482,0,0
B6_D1,18,0,398,0,0
B10_D1,531,0,236,0,0
B10_D1,171,0,59,0,0
B10_D1,16,0,61,0,0
B10_D1,854,0,191,0,0
B4_D1,701,0,286,0,0
B4_D1,637,0,100,0,0
G1_D1,784,0,274,0,0
B10_D1,155,0,378,0,0
B6_D1,752,0,491,0,0
G1_D1,840,0,255,0,0
G1_D1,153,0,106,0,0
B10_D1,618,0,180,0,0
B10_D1,729,0,285,0,0
B4_D1,461,0,183,0,0
B10_D1,42,0,206,0,0
B10_D1,148,0,443,0,0
B10_D1,428,0,275,0,0
B6_D1,175,0,475,0,0
B10_D1,586,0,199,0,0
B6_D1,198,0,502,0,0
B10_D1,784,0,167,0,0
B2_D1,344,0,387,0,0
B6_D1,891,0,473,0,0
B6_D1,18,0,296,0,0
B6_D1,375,0,286,0,0
B6_D1,600,0,182,0,0
B2_D1,670,0,502,0,0
G1_D1,1023,0,496,0,0
B10_D1,725,0,0,0,0
G1_D1,13,0,367,0,0
B6_D1,738,0,257,0,0
B10_D1,587,0,144,0,0
B6_D1,466,0,348,0,0
B4_D1,679,0,272,0,0
B10_D1,60,0,270,0,0
B4_D1,336,0,344,0,0
G1_D1,696,0,198,0,0
G1_D1,669,0,172,0,0
B6_D1,706,0,510,0,0
G1_D1,500,0,119,0,0
B6_D1,361,0,381,0,0
B10_D1,270,0,64,0,0
B6_D1,302,0,466,0,0
B10_D1,313,0,21,0,0
B2_D1,20,0,511,0,0
B10_D1,195,0,281,0,0
B10_D1,195,0,280,0,0
G1_D1,994,0,129,0,0
B6_D1,164,0,163,0,0
G1_D1,497,0,66,0,0
B6_D1,573,0,437,0,0
G1_D1,492,0,13,0,0
G1_D1,48,0,13,0,0
B6_D1,685,0,417,0,0
G1_D1,143,0,456,0,0
B10_D1,143,0,37,0,0
B6_D1,3,0,140,0,0
B2_D1,858,0,15,0,0
B4_D1,247,0,61,0,0
G1_D1,592,0,9,0,0
B6_D1,890,0,391,0,0
B6_D1,1020,0,30,0,0
B6_D1,222,0,179,0,0
B10_D1,613,0,37,0,0
B6_D1,129,0,305,0,0
B10_D1,917,0,322,0,0
G1_D1,397,0,12,0,0
B10_D1,73,0,168,0,0
B6_D1,220,0,73,0,0
B6_D1,70,0,135,0,0
B6_D1,352,0,144,0,0
B6_D1,718,0,8,0,0
G1_D1,140,0,130,0,0
B6_D1,563,0,325,0,0
G1_D1,892,0,257,0,0
B6_D1,202,0,101,0,0
B6_D1,328,0,26,0,0
G1_D1,113,0,15,0,0
B8_D1,422,0,196,0,0
B6_D1,412,0,5,0,0
B6_D1,211,0,52,0,0
B6_D1,465,0,480,0,0
B6_D1,940,0,285,0,0
B6_D1,678,0,432,0,0
B10_D1,168,0,449,0,0
G1_D1,845,0,35,0,0
B6_D1,950,0,304,0,0
B4_D1,326,0,310,0,0
G1_D1,376,0,509,0,0
B6_D1,66,0,42,0,0
B10_D1,45,0,132,0,0
B10_D1,834,0,93,0,0
B6_D1,749,0,324,0,0
B6_D1,394,0,385,0,0
B6_D1,928,0,41,0,0
B6_D1,412,0,167,0,0
B6_D1,542,0,245,0,0
B10_D1,856,0,82,0,0
B6_D1,685,0,283,0,0
G1_D1,341,0,33,0,0
B6_D1,115,0,239,0,0
B10_D1,266,0,44,0,0
B10_D1,201,0,124,0,0
B4_D1,161,0,16,0,0
B10_D1,396,0,5,0,0
B10_D1,942,0,55,0,0
B10_D1,417,0,1,0,0
B6_D1,869,0,91,0,0
G1_D1,78,0,145,0,0
G1_D1,976,0,97,0,0
B6_D1,952,0,44,0,0
B10_D1,165,0,286,0,0
B6_D1,910,0,20,0,0
B4_D1,1019,0,134,0,0
B2_D1,104,0,157,0,0
B6_D1,184,0,174,0,0
G1_D1,602,0,261,0,0
B10_D1,727,0,166,0,0
B10_D1,809,0,448,0,0
G1_D1,662,0,1,0,0
B10_D1,1,0,439,0,0
B6_D1,173,0,147,0,0
B10_D1,66,0,314,0,0
B8_D1,332,0,186,0,0
B10_D1,211,0,221,0,0
B6_D1,840,0,85,0,0
B6_D1,738,0,499,0,0
G1_D1,58,0,338,0,0
B10_D1,414,0,141,0,0
B6_D1,910,0,275,0,0
B6_D1,430,0,358,0,0
B6_D1,506,0,132,0,0
B6_D1,737,0,381,0,0
B6_D1,213,0,76,0,0
B6_D1,162,0,15,0,0
B6_D1,939,0,481,0,0
B6_D1,894,0,66,0,0
B10_D1,196,0,4,0,0
B6_D1,1,0,258,0,0
B6_D1,12,0,402,0,0
B6_D1,736,0,492,0,0
B10_D1,819,0,241,0,0
G1_D1,491,0,244,0,0
B6_D1,131,0,208,0,0
B6_D1,176,0,146,0,0
B10_D1,323,0,176,0,0
B6_D1,597,0,199,0,0
B6_D1,905,0,288,0,0
B10_D1,307,0,92,0,0
B6_D1,180,0,176,0,0
B2_D1,476,0,166,0,0
B10_D1,806,0,243,0,0
B4_D1,35,0,120,0,0
G1_D1,69,0,170,0,0
B10_D1,41,0,146,0,0
G1_D1,174,0,7,0,0
B6_D1,932,0,497,0,0
B2_D1,851,0,463,0,-1
G1_D1,13,0,225,0,0
B6_D1,228,0,33,0,0
B6_D1,748,0,300,0,0
B10_D1,62,0,167,0,0
B10_D1,545,0,408,0,0
B6_D1,426,0,230,0,0
B6_D1,740,0,509,0,0
B6_D1,62,0,34,0,0
B10_D1,265,0,72,0,0
G1_D1,425,0,15,0,0
B10_D1,153,0,218,0,0
G1_D1,458,0,481,0,0
B6_D1,252,0,472,0,0
B2_D1,844,0,241,0,0
G1_D1,70,0,39,0,0
B6_D1,886,0,310,0,0
B10_D1,147,0,212,0,0
B10_D1,968,0,75,0,0
B10_D1,818,0,446,0,0
B10_D1,552,0,304,0,0
B10_D1,335,0,0,0,0
B10_D1,233,0,196,0,0
G1_D1,341,0,143,0,0
B6_D1,196,0,14,0,0
B10_D1,345,0,83,0,0
B6_D1,685,0,303,0,0
B6_D1,15,0,399,0,0
B10_D1,545,0,163,0,0
B10_D1,214,0,62,0,0
G1_D1,33,0,167,0,0
G1_D1,144,0,7,0,0
B10_D1,103,0,303,0,0
B6_D1,158,0,491,0,0
B6_D1,973,0,146,0,0
B4_D1,173,0,136,0,0
G1_D1,663,0,254,0,0
B10_D1,219,0,429,0,0
B6_D1,462,0,12,0,0
B10_D1,428,0,361,0,0
B6_D1,833,0,218,0,0
B6_D1,14,0,358,0,0
B10_D1,549,0,63,0,0
B6_D1,49,0,91,0,0
B4_D1,229,0,351,0,0
B4_D1,669,0,41,0,0
B6_D1,405,0,365,0,0
B4_D1,323,0,159,0,0
B2_D1,823,0,51,0,0
B4_D1,144,0,436,0,0
B6_D1,339,0,212,0,0
B6_D1,943,0,218,0,0
B4_D1,652,0,79,0,0
B6_D1,259,0,100,0,0
B2_D1,268,0,200,0,0
B6_D1,593,0,417,0,0
G1_D1,698,0,436,0,0
B8_D1,967,0,242,0,0
B8_D1,483,0,200,0,0
B10_D1,857,0,350,0,0
G1_D1,742,0,57,0,0
B6_D1,521,0,53,0,0
B6_D1,466,0,2,0,0
B2_D1,996,0,255,0,0
G1_D1,1014,0,168,0,0
G1_D1,1012,0,224,0,0
B2_D1,408,0,210,0,0
B6_D1,296,0,506,0,0
G1_D1,997,0,110,0,0
B6_D1,102,0,148,0,0
B6_D1,794,0,422,0,0
B6_D1,143,0,269,0,0
B10_D1,827,0,104,0,0
B10_D1,754,0,364,0,0
B10_D1,524,0,214,0,0
B6_D1,377,0,69,0,0
B4_D1,739,0,245,0,0
B6_D1,273,0,436,0,0
B2_D1,225,0,300,0,0
B6_D1,308,0,22,0,0
B10_D1,711,0,329,0,0
G1_D1,349,0,485,0,0
G1_D1,723,0,263,0,0
B10_D1,985,0,504,0,0
G1_D1,780,0,7,0,0
B6_D1,734,0,422,0,0
G1_D1,677,0,109,0,0
B2_D1,689,0,31,0,0
B2_D1,761,0,491,0,0
B10_D1,184,0,184,0,0
B6_D1,282,0,30,0,0
B4_D1,474,0,246,0,0
B10_D1,521,0,121,0,0
B6_D1,843,0,222,0,0
G1_D1,969,0,206,0,0
G1_D1,87,0,105,0,0
G1_D1,670,0,301,0,0
B6_D1,890,0,71,0,0
G1_D1,350,0,5,0,0
B10_D1,803,0,4,0,0
G1_D1,395,0,206,0,0
B2_D1,100,0,162,0,0
G1_D1,578,0,19,0,0
B10_D1,828,0,317,0,0
B10_D1,280,0,342,0,0
B6_D1,556,0,462,0,0
B4_D1,6,0,226,0,0
B6_D1,142,0,295,0,0
B10_D1,366,0,263,0,0
B6_D1,204,0,132,0,0
B6_D1,69,0,130,0,0
B10_D1,485,0,477,0,0
B6_D1,1011,0,209,0,0
B10_D1,467,0,480,0,0
B10_D1,214,0,4,0,0
B6_D1,551,0,283,0,0
B10_D1,710,0,75,0,0
G1_D1,879,0,99,0,0
B6_D1,670,0,411,0,0
B6_D1,908,0,491,0,0
B6_D1,784,0,391,0,0
B4_D1,7,0,167,0,0
G1_D1,261,0,4,0,0
G1_D1,918,0,60,0,0
B4_D1,8,0,184,0,0
B4_D1,845,0,218,0,0
B10_D1,39,0,72,0,0
B10_D1,538,0,211,0,0
G1_D1,832,0,316,0,0
B6_D1,134,0,172,0,0
B10_D1,507,0,280,0,0
B10_D1,334,0,89,0,0
G1_D1,235,0,179,0,0
G1_D1,1003,0,248,0,0
B10_D1,553,0,87,0,0
G1_D1,326,0,396,0,0
G1_D1,184,0,78,0,0
B6_D1,779,0,310,0,0
G1_D1,127,0,6,0,0
G1_D1,190,0,37,0,0
B4_D1,994,0,52,0,0
G1_D1,1021,0,60,0,0
B10_D1,431,0,18,0,0
B6_D1,320,0,217,0,0
B6_D1,508,0,11,0,0
B6_D1,188,0,148,0,0
B6_D1,436,0,142,0,0
B10_D1,232,0,181,0,0
B10_D1,913,0,449,0,0
B10_D1,211,0,427,0,0
G1_D1,191,0,151,0,0
G1_D1,798,0,213,0,0
B6_D1,388,0,5,0,0
B10_D1,8,0,353,0,0
B6_D1,522,0,288,0,0
B6_D1,428,0,58,0,0
B6_D1,769,0,108,0,0
B10_D1,13,0,163,0,0
B6_D1,6,0,72,0,0
B6_D1,709,0,412,0,0
B10_D1,412,0,112,0,0
B10_D1,87,0,123,0,0
G1_D1,239,0,8,0,0
B6_D1,688,0,439,0,0
B10_D1,726,0,80,0,0
B6_D1,199,0,288,0,0
G1_D1,511,0,107,0,0
B10_D1,454,0,59,0,0
B10_D1,582,0,412,0,0
B10_D1,1015,0,511,0,0
B6_D1,919,0,304,0,0
G1_D1,999,0,114,0,0
B10_D1,681,0,318,0,0
B10_D1,364,0,262,0,0
B6_D1,74,0,269,0,0
B6_D1,741,0,249,0,0
B10_D1,793,0,272,0,0
B10_D1,623,0,500,0,0
B6_D1,261,0,184,0,0
B4_D1,587,0,193,0,0
B6_D1,331,0,191,0,0
B10_D1,611,0,411,0,0
B10_D1,44,0,52,0,0
B6_D1,1021,0,140,0,0
B6_D1,522,0,265,0,0
B6_D1,322,0,20,0,0
B6_D1,352,0,333,0,0
B10_D1,705,0,111,0,0
B10_D1,301,0,81,0,0
B10_D1,1021,0,77,0,0
B10_D1,110,0,175,0,0
B4_D1,978,0,209,0,0
G1_D1,748,0,445,0,0
B6_D1,841,0,58,0,0
B6_D1,388,0,57,0,0
B2_D1,800,0,466,0,0
B6_D1,259,0,66,0,0
B6_D1,669,0,343,0,0
B6_D1,244,0,401,0,0
B10_D1,687,0,163,0,0
B6_D1,462,0,18,0,0
G1_D1,312,0,154,0,0
B4_D1,697,0,190,0,0
G1_D1,323,0,354,0,0
G1_D1,343,0,19,0,0
B4_D1,463,0,286,0,0
B10_D1,115,0,213,0,0
B6_D1,700,0,233,0,0
B10_D1,23,0,100,0,0
G1_D1,730,0,328,0,0
B6_D1,163,0,98,0,0
B10_D1,784,0,250,0,0
B6_D1,933,0,165,0,0
B4_D1,591,0,62,0,0
B10_D1,323,0,32,0,0
B6_D1,518,0,354,0,0
B6_D1,732,0,296,0,0
B10_D1,209,0,329,0,0
B10_D1,679,0,420,0,0
B10_D1,260,0,309,0,0
G1_D1,739,0,16,0,0
B6_D1,366,0,0,0,0
B10_D1,90,0,119,0,0
B10_D1,564,0,115,0,0
B10_D1,700,0,394,0,0
B6_D1,747,0,310,0,0
B10_D1,842,0,356,0,0
B10_D1,678,0,389,0,0
B6_D1,18,0,142,0,0
B6_D1,281,0,477,0,0
B6_D1,374,0,141,0,0
B6_D1,877,0,322,0,0
B10_D1,738,0,422,0,0
B2_D1,417,0,32,0,0
G1_D1,17,0,109,0,0
G1_D1,291,0,279,0,0
B10_D1,629,0,229,0,0
B10_D1,1022,0,171,0,0
B6_D1,236,0,174,0,0
B4_D1,63,0,280,0,0
B6_D1,777,0,59,0,0
B6_D1,927,0,226,0,0
B6_D1,110,0,19,0,0
B6_D1,38,0,419,0,0
B6_D1,474,0,243,0,0
B10_D1,607,0,214,0,0
B6_D1,888,0,137,0,0
B6_D1,176,0,108,0,0
B2_D1,490,0,163,0,0
G1_D1,192,0,125,0,0
B10_D1,649,0,101,0,0
G1_D1,63,0,399,0,0
B4_D1,607,0,185,0,0
G1_D1,903,0,246,0,0
B10_D1,36,0,326,0,0
B4_D1,880,0,241,0,0
B6_D1,100,0,507,0,0
B6_D1,72,0,9,0,0
B10_D1,896,0,11,0,0
B6_D1,158,0,10,0,0
B6_D1,689,0,437,0,0
B6_D1,373,0,384,0,0
B10_D1,424,0,340,0,0
B6_D1,509,0,160,0,0
B6_D1,270,0,117,0,0
B2_D1,747,0,24,0,0
B6_D1,781,0,81,0,0
B2_D1,794,0,73,0,0
B6_D1,272,0,397,0,0
B6_D1,672,0,487,0,0
B10_D1,394,0,505,0,0
B10_D1,39,0,42,0,0
G1_D1,17,0,185,0,0
G1_D1,717,0,370,0,0
B6_D1,220,0,171,0,0
B6_D1,125,0,209,0,0
B6_D1,862,0,387,0,0
B6_D1,517,0,310,0,0
B6_D1,364,0,507,0,0
B10_D1,408,0,497,0,0
B10_D1,586,0,186,0,0
B4_D1,66,0,19,0,0
B10_D1,11,0,10,0,0
B6_D1,208,0,44,0,0
G1_D1,856,0,18,0,0
B6_D1,162,0,132,0,0
B10_D1,333,0,69,0,0
B10_D1,683,0,0,0,0
B10_D1,508,0,244,0,0
G1_D1,983,0,121,0,0
G1_D1,229,0,494,0,0
B10_D1,843,0,58,0,0
B8_D1,2,0,285,0,0
G1_D1,1018,0,281,0,0
B6_D1,765,0,358,0,0
B10_D1,687,0,289,0,0
B6_D1,322,0,427,0,0
B10_D1,291,0,46,0,0
B6_D1,586,0,289,0,0
B4_D1,625,0,26,0,0
B10_D1,135,0,506,0,0
B6_D1,522,0,42,0,0
B6_D1,738,0,283,0,0
G1_D1,674,0,268,0,0
G1_D1,1022,0,128,0,0
B6_D1,350,0,211,0,0
B6_D1,600,0,30,0,0
G1_D1,686,0,45,0,0
B4_D1,440,0,374,0,0
B10_D1,302,0,327,0,0
G1_D1,176,0,11,0,0
B6_D1,115,0,262,0,0
B10_D1,874,0,36,0,0
B6_D1,1015,0,299,0,0
B6_D1,947,0,255,0,0
B2_D1,550,0,161,0,0
B10_D1,300,0,33,0,0
B6_D1,670,0,157,0,0
B2_D1,378,0,492,0,0
B6_D1,1000,0,14,0,0
B10_D1,388,0,166,0,0
G1_D1,559,0,91,0,0
B6_D1,24,0,24,0,0
B10_D1,596,0,228,0,0
B10_D1,732,0,261,0,0
B10_D1,50,0,267,0,0
B10_D1,425,0,276,0,0
B2_D1,310,0,489,0,0
B2_D1,628,0,38,0,0
G1_D1,1023,0,34,0,0
B4_D1,626,0,27,0,0
B6_D1,788,0,89,0,0
B2_D1,951,0,36,0,0
B10_D1,149,0,221,0,0
B6_D1,652,0,35,0,0
B10_D1,395,0,176,0,0
B6_D1,514,0,445,0,1
B6_D1,11,0,366,0,0
B6_D1,761,0,451,0,0
B8_D1,743,0,312,0,0
B6_D1,738,0,272,0,0
B6_D1,536,0,509,0,0
G1_D1,980,0,57,0,0
B4_D1,674,0,53,0,0
B6_D1,932,0,488,0,0
B10_D1,381,0,254,0,0
G1_D1,56,0,32,0,0
G1_D1,104,0,274,0,0
G1_D1,971,0,83,0,0
G1_D1,53,0,36,0,0
B4_D1,715,0,254,0,0
B6_D1,640,0,53,0,0
B2_D1,787,0,10,0,0
B10_D1,107,0,465,0,0
B6_D1,202,0,425,0,0
B6_D1,708,0,484,0,0
B4_D1,2,0,173,0,0
B10_D1,699,0,1,0,0
B10_D1,267,0,307,0,0
B10_D1,21,0,206,0,0
B10_D1,882,0,68,0,0
B10_D1,2,0,303,0,0
B2_D1,275,0,490,0,0
B6_D1,758,0,491,0,0
B6_D1,143,0,129,0,0
B6_D1,462,0,499,0,0
B6_D1,797,0,155,0,0
G1_D1,274,0,235,0,0
B2_D1,693,0,32,0,0
B6_D1,869,0,89,0,0
G1_D1,145,0,224,0,0
B2_D1,676,0,18,0,0
G1_D1,527,0,470,0,0
G1_D1,292,0,95,0,0
G1_D1,218,0,133,0,0
B10_D1,939,0,53,0,0
B10_D1,521,0,24,0,0
G1_D1,235,0,61,0,0
B4_D1,166,0,122,0,0
G1_D1,614,0,167,0,0
G1_D1,372,0,7,0,0
B10_D1,383,0,138,0,0
B6_D1,936,0,164,0,0
B6_D1,268,0,132,0,0
B4_D1,177,0,359,0,0
B6_D1,607,0,265,0,0
B6_D1,81,0,86,0,0
B6_D1,1000,0,414,0,0
B6_D1,11,0,355,0,0
B10_D1,745,0,84,0,0
B10_D1,485,0,476,0,0
B10_D1,666,0,92,0,0
B6_D1,634,0,114,0,0
G1_D1,750,0,0,0,0
B6_D1,766,0,53,0,0
G1_D1,514,0,9,0,0
B6_D1,952,0,501,0,0
B6_D1,128,0,50,0,0
B10_D1,98,0,160,0,0
B6_D1,282,0,433,0,0
B4_D1,448,0,17,0,0
B6_D1,755,0,198,0,0
B6_D1,924,0,241,0,0
B4_D1,811,0,42,0,0
B10_D1,755,0,160,0,0
G1_D1,268,0,145,0,0
B6_D1,574,0,17,0,0
B10_D1,72,0,95,0,0
B10_D1,542,0,209,0,0
B6_D1,901,0,210,0,0
B6_D1,542,0,22,0,0
B6_D1,654,0,374,0,0
B6_D1,130,0,23,0,0
B4_D1,724,0,35,0,0
B6_D1,120,0,33,0,0
B6_D1,410,0,506,0,0
B6_D1,386,0,293,0,0
B4_D1,283,0,309,0,0
B4_D1,71,0,2,0,0
B10_D1,401,0,163,0,0
G1_D1,222,0,7,0,0
B6_D1,556,0,399,0,0
B10_D1,467,0,272,0,0
B6_D1,73,0,84,0,0
B10_D1,102,0,127,0,0
B10_D1,69,0,323,0,0
B2_D1,505,0,107,0,0
B10_D1,862,0,334,0,0
B4_D1,264,0,235,0,0
B10_D1,125,0,175,0,0
B10_D1,897,0,84,0,0
B10_D1,74,0,321,0,0
G1_D1,613,0,134,0,0
B10_D1,444,0,119,0,0
B10_D1,457,0,38,0,0
B10_D1,120,0,134,0,0
B10_D1,67,0,60,0,0
B6_D1,246,0,150,0,0
B4_D1,757,0,91,0,0
B2_D1,494,0,159,0,0
B10_D1,406,0,60,0,0
G1_D1,9,0,45,0,0
B6_D1,748,0,498,0,0
G1_D1,997,0,56,0,0
B6_D1,211,0,58,0,0
G1_D1,363,0,21,0,0
B6_D1,930,0,418,0,0
G1_D1,713,0,191,0,0
B6_D1,878,0,97,0,0
B10_D1,950,0,51,0,0
G1_D1,891,0,56,0,0
B10_D1,12,0,5,0,0
G1_D1,232,0,235,0,0
B6_D1,162,0,21,0,0
B6_D1,309,0,404,0,0
B6_D1,662,0,422,0,0
B10_D1,925,0,302,0,0
B2_D1,766,0,193,0,0
B10_D1,147,0,169,0,0
B10_D1,454,0,96,0,0
G1_D1,780,0,213,0,0
B6_D1,719,0,381,0,0
G1_D1,942,0,220,0,0
G1_D1,11,0,62,0,0
B6_D1,820,0,32,0,0
B6_D1,652,0,47,0,0
B6_D1,839,0,218,0,0
B6_D1,64,0,178,0,0
B10_D1,478,0,115,0,0
B10_D1,593,0,113,0,0
B6_D1,968,0,25,0,0
B10_D1,1023,0,374,0,0
B6_D1,1012,0,20,0,0
G1_D1,820,0,458,0,0
B6_D1,157,0,122,0,0
B10_D1,184,0,18,0,0
B4_D1,89,0,280,0,0
G1_D1,929,0,510,0,0
B6_D1,895,0,210,0,0
B10_D1,400,0,69,0,0
B6_D1,724,0,285,0,0
B4_D1,721,0,78,0,0
B6_D1,290,0,112,0,0
B6_D1,244,0,492,0,0
B2_D1,839,0,14,0,0
G1_D1,980,0,379,0,0
G1_D1,975,0,45,0,0
B6_D1,814,0,350,0,0
B10_D1,412,0,160,0,0
B10_D1,973,0,217,0,0
B4_D1,164,0,234,0,0
B10_D1,97,0,38,0,0
B2_D1,184,0,511,0,0
B6_D1,425,0,50,0,0
G1_D1,28,0,26,0,0
B6_D1,646,0,501,0,0
G1_D1,697,0,16,0,0
B4_D1,473,0,183,0,0
B6_D1,748,0,38,0,0
B2_D1,915,0,429,0,0
B4_D1,576,0,182,0,0
B6_D1,907,0,134,0,0
B2_D1,335,0,487,0,0
B6_D1,749,0,428,0,0
G1_D1,185,0,38,0,0
B6_D1,3,0,184,0,0
B10_D1,160,0,254,0,0
B2_D1,356,0,35,0,0
G1_D1,1006,0,364,0,0
B6_D1,446,0,416,0,0
B6_D1,179,0,133,0,0
B6_D1,208,0,171,0,0
B6_D1,48,0,12,0,0
B6_D1,771,0,399,0,0
B4_D1,288,0,143,0,0
B10_D1,215,0,161,0,0
B8_D1,164,0,198,0,0
B10_D1,572,0,53,0,0
B10_D1,721,0,468,0,0
B6_D1,319,0,384,0,0
B6_D1,861,0,69,0,0
B4_D1,123,0,343,0,0
B2_D1,148,0,134,0,0
G1_D1,0,0,503,0,0
B10_D1,405,0,245,0,0
B4_D1,127,0,172,0,0
B6_D1,990,0,0,0,0
B2_D1,480,0,369,0,0
B6_D1,811,0,341,0,0
G1_D1,797,0,448,0,0
B10_D1,583,0,113,0,0
B10_D1,561,0,69,0,0
B10_D1,367,0,504,0,0
B10_D1,349,0,280,0,0
B4_D1,2,0,210,0,0
B2_D1,3,0,120,0,0
G1_D1,567,0,104,0,0
B2_D1,821,0,38,0,0
G1_D1,985,0,82,0,0
B10_D1,658,0,386,0,0
G1_D1,947,0,302,0,0
B10_D1,263,0,12,0,0
G1_D1,180,0,22,0,0
B6_D1,177,0,76,0,0
B4_D1,879,0,113,0,0
B10_D1,739,0,3,0,0
B10_D1,301,0,457,0,0
G1_D1,580,0,144,0,0
B2_D1,904,0,72,0,0
B10_D1,102,0,494,0,0
G1_D1,219,0,58,0,0
B10_D1,910,0,109,0,0
G1_D1,934,0,9,0,0
B6_D1,752,0,105,0,0
G1_D1,812,0,213,0,0
B6_D1,208,0,330,0,0
B10_D1,111,0,57,0,0
G1_D1,826,0,254,0,0
B2_D1,551,0,101,0,0
B10_D1,783,0,253,0,0
B2_D1,466,0,511,0,0
B6_D1,29,0,122,0,0
G1_D1,1007,0,24,0,0
B4_D1,4,0,195,0,0
B6_D1,354,0,371,0,0
B6_D1,627,0,445,0,0
G1_D1,799,0,271,0,0
B6_D1,790,0,132,0,0
B10_D1,633,0,200,0,0
B6_D1,886,0,344,0,0
B6_D1,590,0,183,0,0
G1_D1,988,0,175,0,0
B6_D1,538,0,351,0,0
G1_D1,273,0,37,0,0
G1_D1,579,0,274,0,0
B6_D1,8,0,4,0,0
B6_D1,680,0,287,0,0
B6_D1,659,0,399,0,0
B10_D1,597,0,190,0,0
G1_D1,473,0,90,0,0
B4_D1,666,0,293,0,0
G1_D1,823,0,261,0,0
B2_D1,28,0,171,0,0
G1_D1,781,0,16,0,0
B10_D1,259,0,169,0,0
B6_D1,269,0,50,0,0
B10_D1,592,0,335,0,0
B6_D1,678,0,496,0,0
B6_D1,974,0,152,0,0
G1_D1,622,0,162,0,0
B10_D1,697,0,475,0,0
B8_D1,15,0,316,0,0
B6_D1,184,0,280,0,0
B10_D1,823,0,244,0,0
G1_D1,148,0,262,0,0
G1_D1,908,0,438,0,0
G1_D1,283,0,28,0,0
B6_D1,420,0,281,0,0
B10_D1,599,0,337,0,0
B6_D1,649,0,292,0,0
B6_D1,908,0,22,0,0
B10_D1,642,0,53,0,0
B6_D1,246,0,487,0,0
B6_D1,119,0,197,0,0
B10_D1,307,0,90,0,0
B4_D1,324,0,302,0,0
B2_D1,158,0,70,0,0
G1_D1,814,0,391,0,0
B2_D1,372,0,132,0,0
B10_D1,324,0,94,0,0
B6_D1,282,0,499,0,0
G1_D1,1013,0,103,0,0
B6_D1,398,0,10,0,0
G1_D1,211,0,34,0,0
B2_D1,936,0,511,0,0
B10_D1,522,0,287,0,0
B6_D1,944,0,7,0,0
B10_D1,686,0,12,0,0
B10_D1,177,0,59,0,0
B10_D1,463,0,77,0,0
B6_D1,180,0,282,0,0
B10_D1,612,0,5,0,0
B6_D1,399,0,120,0,0
B4_D1,284,0,263,0,0
B10_D1,45,0,200,0,0
B10_D1,801,0,410,0,0
G1_D1,501,0,82,0,0
B4_D1,307,0,284,0,0
B6_D1,109,0,256,0,0
B6_D1,836,0,22,0,0
G1_D1,634,0,358,0,0
G1_D1,353,0,86,0,0
B10_D1,22,0,133,0,0
B2_D1,825,0,67,0,0
B6_D1,634,0,510,0,0
G1_D1,549,0,67,0,0
B10_D1,173,0,165,0,0
B6_D1,480,0,439,0,0
B6_D1,556,0,422,0,0
G1_D1,755,0,15,0,0
B8_D1,196,0,108,0,0
B6_D1,334,0,486,0,0
G1_D1,464,0,5,0,0
B10_D1,852,0,68,0,0
B6_D1,187,0,233,0,0
G1_D1,983,0,92,0,0
G1_D1,354,0,18,0,0
B8_D1,133,0,210,0,0
B10_D1,65,0,43,0,0
G1_D1,298,0,90,0,0
B4_D1,785,0,112,0,0
B4_D1,735,0,321,0,0
B10_D1,203,0,365,0,0
G1_D1,40,0,511,0,0
G1_D1,265,0,510,0,0
B10_D1,538,0,104,0,0
B6_D1,766,0,370,0,0
G1_D1,566,0,38,0,0
B6_D1,844,0,507,0,0
B6_D1,790,0,96,0,0
B10_D1,251,0,252,0,0
G1_D1,105,0,17,0,0
B6_D1,928,0,38,0,0
G1_D1,1012,0,190,0,0
B6_D1,4,0,427,0,0
G1_D1,626,0,158,0,0
B6_D1,871,0,195,0,0
B10_D1,331,0,95,0,0
G1_D1,526,0,17,0,0
B10_D1,208,0,193,0,0
B6_D1,348,0,335,0,0
B6_D1,30,0,209,0,0
B6_D1,916,0,344,0,0
B4_D1,738,0,209,0,0
B10_D1,299,0,511,0,0
G1_D1,1014,0,95,0,0
G1_D1,134,0,11,0,0
B6_D1,554,0,488,0,0
B10_D1,277,0,134,0,0
B6_D1,946,0,286,0,0
G1_D1,694,0,18,0,0
B8_D1,678,0,183,0,0
B6_D1,551,0,420,0,0
B10_D1,134,0,133,0,0
G1_D1,931,0,12,0,0
G1_D1,996,0,54,0,0
B6_D1,494,0,494,0,0
B10_D1,1,0,330,0,0
B10_D1,587,0,343,0,0
B6_D1,715,0,468,0,0
B10_D1,159,0,425,0,0
B6_D1,563,0,157,0,0
B10_D1,3,0,121,0,0
B2_D1,678,0,361,0,0
B6_D1,750,0,493,0,0
G1_D1,20,0,290,0,0
B4_D1,983,0,70,0,0
B6_D1,888,0,496,0,0
B6_D1,723,0,199,0,0
B6_D1,410,0,178,0,0
B10_D1,743,0,328,0,0
B6_D1,576,0,18,0,0
B6_D1,672,0,110,0,0
B10_D1,162,0,504,0,0
B10_D1,381,0,198,0,0
B6_D1,880,0,108,0,0
B6_D1,512,0,1,0,0
B10_D1,881,0,213,0,0
B6_D1,882,0,187,0,0
G1_D1,679,0,247,0,0
B10_D1,207,0,53,0,0
B10_D1,812,0,249,0,0
B6_D1,1020,0,230,0,0
G1_D1,286,0,3,0,0
B6_D1,748,0,101,0,0
B6_D1,330,0,170,0,0
B6_D1,661,0,412,0,0
B10_D1,371,0,45,0,0
B6_D1,127,0,188,0,0
B2_D1,701,0,263,0,0
B6_D1,71,0,481,0,0
B10_D1,163,0,78,0,0
B6_D1,214,0,160,0,0
B4_D1,128,0,17,0,0
B2_D1,379,0,384,0,0
G1_D1,999,0,31,0,0
G1_D1,49,0,70,0,0
B2_D1,611,0,478,0,0
B6_D1,250,0,498,0,0
G1_D1,1016,0,68,0,0
B6_D1,512,0,509,0,0
B10_D1,250,0,62,0,0
B6_D1,843,0,422,0,0
B10_D1,420,0,15,0,0
B6_D1,467,0,160,0,0
B6_D1,274,0,504,0,0
B6_D1,725,0,164,0,0
G1_D1,509,0,478,0,0
B6_D1,600,0,63,0,0
G1_D1,766,0,21,0,0
G1_D1,435,0,4,0,0
B2_D1,346,0,493,0,0
G1_D1,698,0,308,0,0
B10_D1,144,0,71,0,0
B6_D1,124,0,8,0,0
B6_D1,588,0,66,0,0
B10_D1,527,0,215,0,0
B2_D1,700,0,3,0,0
B6_D1,534,0,377,0,0
B6_D1,838,0,365,0,0
B10_D1,0,0,359,0,0
G1_D1,12,0,234,0,0
B6_D1,648,0,508,0,0
B6_D1,472,0,507,0,0
B10_D1,11,0,510,0,0
B10_D1,673,0,272,0,0
B10_D1,67,0,3,0,0
B6_D1,582,0,15,0,0
B10_D1,560,0,233,0,0
B10_D1,40,0,113,0,0
B6_D1,620,0,386,0,0
B6_D1,747,0,267,0,0
G1_D1,112,0,98,0,0
G1_D1,159,0,21,0,0
G1_D1,716,0,22,0,0
B10_D1,791,0,40,0,0
B4_D1,611,0,298,0,0
B10_D1,950,0,75,0,0
B4_D1,8,0,190,0,0
B2_D1,519,0,219,0,0
B6_D1,354,0,27,0,0
G1_D1,1023,0,79,0,0
B10_D1,704,0,52,0,0
B6_D1,742,0,489,0,0
G1_D1,305,0,148,0,0
B2_D1,242,0,130,0,0
G1_D1,71,0,14,0,0
G1_D1,173,0,8,0,0
B2_D1,109,0,106,0,0
G1_D1,673,0,264,0,0
G1_D1,62,0,5,0,0
B6_D1,638,0,54,0,0
B10_D1,632,0,177,0,0
B4_D1,343,0,302,0,0
B10_D1,436,0,148,0,0
B6_D1,500,0,494,0,0
B10_D1,78,0,141,0,0
G1_D1,55,0,70,0,0
B10_D1,452,0,503,0,0
G1_D1,709,0,101,0,0
B8_D1,85,0,142,0,0
B2_D1,489,0,368,0,0
G1_D1,556,0,92,0,0
B6_D1,548,0,10,0,0
B4_D1,50,0,122,0,0
B10_D1,19,0,282,0,0
G1_D1,978,0,109,0,0
B10_D1,468,0,120,0,0
B6_D1,242,0,16,0,0
B4_D1,500,0,373,0,0
B6_D1,515,0,325,0,0
G1_D1,794,0,268,0,0
G1_D1,883,0,97,0,0
B10_D1,510,0,171,0,0
B10_D1,821,0,368,0,0
B6_D1,642,0,370,0,0
G1_D1,985,0,213,0,0
B2_D1,429,0,43,0,0
B10_D1,156,0,184,0,0
B10_D1,370,0,340,0,0
G1_D1,741,0,10,0,0
B6_D1,254,0,376,0,0
B6_D1,98,0,147,0,0
G1_D1,399,0,232,0,0
B4_D1,608,0,186,0,0
G1_D1,224,0,245,0,0
B6_D1,567,0,53,0,0
B10_D1,874,0,332,0,0
G1_D1,693,0,243,0,0
B10_D1,477,0,468,0,0
G1_D1,55,0,107,0,0
B6_D1,281,0,83,0,0
B6_D1,663,0,211,0,0
B6_D1,92,0,401,0,0
B6_D1,977,0,446,0,0
B2_D1,688,0,71,0,0
B6_D1,788,0,19,0,0
B2_D1,401,0,508,0,0
G1_D1,890,0,464,0,0
B6_D1,442,0,32,0,0
G1_D1,516,0,108,0,0
G1_D1,14,0,227,0,0
B10_D1,564,0,89,0,0
B10_D1,789,0,235,0,0
B10_D1,60,0,57,0,0
G1_D1,411,0,4,0,0
B6_D1,912,0,241,0,0
G1_D1,823,0,297,0,0
B10_D1,858,0,233,0,0
B2_D1,872,0,460,0,0
B4_D1,294,0,189,0,0
G1_D1,58,0,454,0,0
B6_D1,838,0,385,0,0
B6_D1,123,0,295,0,0
G1_D1,1013,0,163,0,0
B6_D1,632,0,391,0,0
B6_D1,521,0,345,0,0
B6_D1,1,0,144,0,0
B6_D1,283,0,318,0,0
B10_D1,121,0,168,0,0
B10_D1,143,0,292,0,0
B4_D1,227,0,404,0,0
B10_D1,638,0,173,0,0
B2_D1,197,0,481,0,0
G1_D1,271,0,74,0,0
B2_D1,719,0,9,0,0
B4_D1,904,0,255,0,0
B10_D1,128,0,270,0,0
B6_D1,858,0,224,0,0
B6_D1,103,0,389,0,0
G1_D1,1019,0,506,0,0
B10_D1,765,0,408,0,0
G1_D1,739,0,428,0,0
G1_D1,519,0,120,0,0
B10_D1,51,0,46,0,0
B6_D1,122,0,230,0,0
B6_D1,152,0,49,0,0
B10_D1,696,0,267,0,0
B6_D1,870,0,68,0,0
B10_D1,507,0,8,0,0
B2_D1,545,0,104,0,0
B6_D1,668,0,360,0,0
G1_D1,320,0,224,0,0
B10_D1,6,0,258,0,0
B6_D1,250,0,455,0,0
B10_D1,456,0,56,0,0
B10_D1,605,0,319,0,0
B6_D1,389,0,172,0,0
G1_D1,138,0,25,0,0
G1_D1,428,0,267,0,0
G1_D1,36,0,304,0,0
G1_D1,262,0,345,0,0
B6_D1,857,0,52,0,0
B10_D1,449,0,230,0,0
B6_D1,586,0,507,0,0
B10_D1,0,0,265,0,0
B10_D1,168,0,5,0,0
G1_D1,627,0,475,0,0
G1_D1,955,0,511,0,0
G1_D1,132,0,7,0,0
B4_D1,763,0,261,0,0
B2_D1,274,0,295,0,0
B10_D1,899,0,437,0,0
B10_D1,669,0,441,0,0
G1_D1,950,0,274,0,0
G1_D1,405,0,126,0,0
B10_D1,401,0,267,0,0
B10_D1,679,0,304,0,0
B6_D1,768,0,99,0,0
B6_D1,424,0,358,0,0
B10_D1,782,0,62,0,0
B10_D1,22,0,235,0,0
B10_D1,331,0,251,0,0
B4_D1,759,0,294,0,0
G1_D1,512,0,5,0,0
B6_D1,402,0,123,0,0
B10_D1,1008,0,219,0,0
G1_D1,973,0,59,0,0
B6_D1,325,0,416,0,0
B2_D1,599,0,96,0,0
B2_D1,376,0,175,0,0
B10_D1,398,0,120,0,0
B10_D1,401,0,488,0,0
G1_D1,693,0,10,0,0
B6_D1,940,0,86,0,0
B6_D1,20,0,307,0,0
B6_D1,866,0,4,0,0
B10_D1,15,0,88,0,0
G1_D1,882,0,215,0,0
B10_D1,727,0,421,0,0
B6_D1,494,0,509,0,0
B6_D1,462,0,21,0,0
B6_D1,782,0,37,0,0
B2_D1,229,0,49,0,0
B6_D1,377,0,411,0,0
B10_D1,357,0,44,0,0
B10_D1,811,0,54,0,0
B10_D1,19,0,7,0,0
B6_D1,264,0,487,0,0
B4_D1,909,0,254,0,0
B10_D1,862,0,78,0,0
B6_D1,590,0,4,0,0
B10_D1,254,0,263,0,0
G1_D1,8,0,330,0,0
B10_D1,269,0,189,0,0
B8_D1,120,0,86,0,0
B10_D1,239,0,173,0,0
B2_D1,316,0,511,0,0
B2_D1,446,0,374,0,0
B6_D1,1012,0,213,0,0
G1_D1,136,0,373,0,0
B4_D1,651,0,306,0,0
B10_D1,577,0,217,0,0
G1_D1,72,0,13,0,0
B6_D1,790,0,41,0,0
B10_D1,366,0,64,0,0
B6_D1,156,0,162,0,0
G1_D1,563,0,171,0,0
B6_D1,960,0,87,0,0
B6_D1,970,0,124,0,0
B6_D1,969,0,426,0,0
B6_D1,351,0,75,0,0
B6_D1,635,0,388,0,0
B6_D1,58,0,32,0,0
B6_D1,54,0,36,0,0
B10_D1,910,0,250,0,0
B2_D1,699,0,497,0,0
G1_D1,980,0,127,0,0
B10_D1,256,0,31,0,0
B4_D1,658,0,89,0,0
B6_D1,125,0,434,0,0
B10_D1,846,0,193,0,0
B4_D1,95,0,62,0,0
B8_D1,418,0,194,0,0
B10_D1,841,0,182,0,0
B10_D1,136,0,269,0,0
B10_D1,315,0,46,0,0
B4_D1,55,0,177,0,0
G1_D1,561,0,85,0,0
B10_D1,795,0,171,0,0
B6_D1,796,0,451,0,0
B6_D1,213,0,187,0,0
B8_D1,268,0,184,0,0
B10_D1,982,0,60,0,0
B6_D1,358,0,340,0,0
B10_D1,433,0,7,0,0
B6_D1,178,0,492,0,0
G1_D1,200,0,5,0,0
B6_D1,285,0,374,0,0
B10_D1,3,0,357,0,0
B6_D1,474,0,30,0,0
B6_D1,378,0,45,0,0
B10_D1,970,0,471,0,0
B6_D1,944,0,503,0,0
B10_D1,124,0,268,0,0
B10_D1,151,0,335,0,0
B6_D1,32,0,412,0,0
B6_D1,286,0,273,0,0
B10_D1,19,0,221,0,0
B6_D1,797,0,104,0,0
B6_D1,506,0,503,0,0
B10_D1,568,0,19,0,0
B10_D1,64,0,457,0,0
B6_D1,618,0,430,0,0
B2_D1,153,0,82,0,0
B10_D1,212,0,48,0,0
B2_D1,830,0,47,0,0
B10_D1,407,0,257,0,0
B2_D1,761,0,87,0,0
G1_D1,794,0,1,0,0
G1_D1,1019,0,24,0,0
B10_D1,36,0,108,0,0
B6_D1,908,0,7,0,0
B10_D1,608,0,95,0,0
G1_D1,738,0,313,0,0
B4_D1,138,0,275,0,0
B6_D1,272,0,19,0,0
B10_D1,118,0,109,0,0
B2_D1,630,0,290,0,0
B10_D1,196,0,258,0,0
B6_D1,366,0,45,0,0
G1_D1,300,0,44,0,0
B4_D1,706,0,42,0,0
B10_D1,625,0,479,0,0
B6_D1,640,0,219,0,0
B4_D1,717,0,15,0,0
B10_D1,784,0,88,0,0
B6_D1,912,0,508,0,0
G1_D1,215,0,145,0,0
G1_D1,862,0,391,0,0
B4_D1,893,0,14,0,0
G1_D1,259,0,237,0,0
B10_D1,815,0,66,0,0
B10_D1,771,0,322,0,0
B6_D1,776,0,208,0,0
B6_D1,957,0,253,0,0
G1_D1,1002,0,109,0,0
G1_D1,1001,0,83,0,0
B2_D1,896,0,86,0,0
B10_D1,750,0,311,0,0
G1_D1,647,0,268,0,0
B10_D1,821,0,106,0,0
B6_D1,13,0,102,0,0
G1_D1,788,0,100,0,0
B10_D1,340,0,50,0,0
B10_D1,633,0,41,0,0
B4_D1,1023,0,295,0,0
B6_D1,833,0,215,0,0
G1_D1,918,0,309,0,0
B10_D1,674,0,201,0,0
B10_D1,12,0,308,0,0
B6_D1,13,0,325,0,0
G1_D1,12,0,53,0,0
B10_D1,835,0,184,0,0
B2_D1,277,0,488,0,0
B2_D1,566,0,482,0,0
B6_D1,965,0,242,0,0
B8_D1,906,0,302,0,0
B10_D1,466,0,493,0,0
B10_D1,315,0,330,0,0
B6_D1,462,0,311,0,0
B2_D1,833,0,65,0,0
B6_D1,598,0,424,0,0
B10_D1,688,0,275,0,0
B6_D1,791,0,202,0,0
B10_D1,460,0,409,0,0
B10_D1,160,0,39,0,0
B6_D1,190,0,408,0,0
B10_D1,406,0,142,0,0
B6_D1,916,0,429,0,0
B4_D1,611,0,209,0,0
B2_D1,159,0,261,0,0
G1_D1,51,0,65,0,0
B10_D1,42,0,326,0,0
B10_D1,171,0,277,0,0
B6_D1,175,0,232,0,0
G1_D1,43,0,154,0,0
B10_D1,500,0,231,0,0
B10_D1,533,0,62,0,0
B6_D1,880,0,106,0,0
B4_D1,4,0,504,0,0
B10_D1,468,0,222,0,0
B6_D1,762,0,431,0,0
G1_D1,33,0,135,0,0
B2_D1,970,0,80,0,0
B4_D1,942,0,239,0,0
B6_D1,932,0,34,0,0
B10_D1,917,0,1,0,0
B6_D1,754,0,311,0,0
B10_D1,1023,0,242,0,0
B6_D1,929,0,116,0,0
B4_D1,462,0,421,0,0
B6_D1,512,0,378,0,0
B6_D1,254,0,370,0,0
B6_D1,518,0,34,0,0
B10_D1,59,0,300,0,0
G1_D1,490,0,230,0,0
B10_D1,114,0,416,0,0
G1_D1,266,0,275,0,0
B10_D1,525,0,170,0,0
B6_D1,87,0,87,0,0
B4_D1,114,0,336,0,0
B6_D1,671,0,329,0,0
B10_D1,803,0,511,0,0
B2_D1,388,0,15,0,0
G1_D1,856,0,236,0,0
B6_D1,680,0,500,0,0
B4_D1,897,0,90,0,0
B6_D1,222,0,193,0,0
B8_D1,62,0,330,0,0
B10_D1,416,0,146,0,0
G1_D1,608,0,111,0,0
B6_D1,464,0,16,0,0
B10_D1,722,0,457,0,0
B4_D1,31,0,254,0,0
G1_D1,10,0,211,0,0
G1_D1,791,0,87,0,0
B6_D1,574,0,179,0,0
B10_D1,4,0,64,0,0
B6_D1,934,0,60,0,0
B6_D1,334,0,501,0,0
B10_D1,166,0,135,0,0
B2_D1,516,0,485,0,0
B10_D1,233,0,215,0,0
B10_D1,478,0,135,0,0
B10_D1,188,0,157,0,0
B10_D1,796,0,274,0,0
B10_D1,86,0,273,0,0
G1_D1,99,0,17,0,0
B2_D1,764,0,128,0,0
B6_D1,554,0,19,0,0
B10_D1,241,0,116,0,0
G1_D1,738,0,348,0,0
B6_D1,646,0,53,0,0
B10_D1,911,0,271,0,0
G1_D1,997,0,220,0,0
B6_D1,590,0,162,0,0
B6_D1,308,0,43,0,0
G1_D1,589,0,219,0,0
B4_D1,563,0,198,0,0
B10_D1,349,0,3,0,0
G1_D1,0,0,488,0,0
B6_D1,713,0,455,0,0
B10_D1,501,0,211,0,0
B6_D1,94,0,29,0,0
B4_D1,757,0,263,0,0
B10_D1,452,0,69,0,0
B6_D1,712,0,387,0,0
B10_D1,799,0,37,0,0
B4_D1,1020,0,185,0,0
B6_D1,510,0,505,0,0
B10_D1,899,0,99,0,0
B6_D1,37,0,475,0,0
B10_D1,364,0,46,0,0
B10_D1,573,0,119,0,0
B6_D1,414,0,446,0,0
B10_D1,204,0,116,0,0
B10_D1,322,0,114,0,0
B2_D1,536,0,121,0,0
B6_D1,575,0,231,0,0
G1_D1,247,0,154,0,0
G1_D1,317,0,15,0,0
G1_D1,155,0,384,0,0
B8_D1,804,0,227,0,0
B10_D1,1000,0,217,0,0
B10_D1,1006,0,60,0,0
B6_D1,270,0,121,0,0
B10_D1,177,0,151,0,0
B6_D1,61,0,127,0,0
B10_D1,85,0,324,0,0
B6_D1,160,0,38,0,0
B10_D1,948,0,37,0,0
B10_D1,751,0,115,0,0
B10_D1,775,0,372,0,0
G1_D1,279,0,21,0,0
G1_D1,1020,0,451,0,0
G1_D1,307,0,91,0,0
G1_D1,874,0,114,0,0
B4_D1,970,0,123,0,0
B10_D1,704,0,56,0,0
B6_D1,114,0,400,0,0
B2_D1,988,0,57,0,0
B10_D1,910,0,231,0,0
B2_D1,77,0,60,0,0
B6_D1,851,0,111,0,0
G1_D1,689,0,54,0,0
B10_D1,301,0,305,0,0
G1_D1,75,0,510,0,0
G1_D1,64,0,63,0,0
B6_D1,728,0,7,0,0
G1_D1,362,0,175,0,0
B6_D1,628,0,47,0,0
G1_D1,382,0,286,0,0
G1_D1,263,0,100,0,0
G1_D1,434,0,5,0,0
B6_D1,728,0,349,0,0
B4_D1,159,0,142,0,0
B6_D1,823,0,256,0,0
G1_D1,753,0,210,0,0
B10_D1,73,0,84,0,0
B10_D1,571,0,505,0,0
B4_D1,453,0,227,0,0
G1_D1,777,0,96,0,0
B6_D1,377,0,50,0,0
B10_D1,24,0,40,0,0
B10_D1,72,0,52,0,0
B6_D1,735,0,343,0,0
G1_D1,368,0,54,0,0
B10_D1,1019,0,466,0,0
B10_D1,182,0,416,0,0
B10_D1,200,0,288,0,0
B10_D1,821,0,10,0,0
G1_D1,1019,0,500,0,0
B10_D1,667,0,300,0,0
B6_D1,1021,0,146,0,0
G1_D1,52,0,47,0,0
B6_D1,88,0,313,0,0
G1_D1,351,0,418,0,0
B6_D1,900,0,437,0,0
G1_D1,529,0,248,0,0
B10_D1,185,0,35,0,0
G1_D1,701,0,203,0,0
B6_D1,1009,0,108,0,0
B10_D1,116,0,452,0,0
B6_D1,896,0,494,0,0
B4_D1,837,0,15,0,0
G1_D1,1005,0,86,0,0
B6_D1,63,0,96,0,0
G1_D1,34,0,249,0,0
B6_D1,178,0,483,0,0
B10_D1,104,0,459,0,0
B6_D1,220,0,478,0,0
B10_D1,194,0,171,0,0
B4_D1,956,0,12,0,0
B6_D1,833,0,191,0,0
B10_D1,534,0,164,0,0
G1_D1,105,0,65,0,0
G1_D1,84,0,18,0,0
B6_D1,163,0,181,0,0
B2_D1,531,0,461,0,0
B6_D1,684,0,415,0,0
B6_D1,156,0,145,0,0
B6_D1,26,0,43,0,0
B6_D1,123,0,95,0,0
B2_D1,572,0,100,0,0
B2_D1,646,0,23,0,0
B4_D1,583,0,383,0,0
B4_D1,170,0,17,0,0
B10_D1,547,0,208,0,0
B10_D1,20,0,68,0,0
B10_D1,18,0,283,0,0
B6_D1,980,0,310,0,0
B10_D1,144,0,95,0,0
B4_D1,594,0,182,0,0
B10_D1,525,0,112,0,0
G1_D1,235,0,494,0,0
B10_D1,85,0,84,0,0
B2_D1,86,0,30,0,0
G1_D1,803,0,23,0,0
B10_D1,233,0,511,0,0
G1_D1,41,0,275,0,0
G1_D1,1016,0,189,0,0
B6_D1,992,0,276,0,0
G1_D1,1019,0,67,0,0
B10_D1,538,0,4,0,0
B6_D1,264,0,441,0,0
G1_D1,678,0,510,0,0
B2_D1,792,0,218,0,0
B6_D1,758,0,34,0,0
B6_D1,254,0,28,0,0
B10_D1,366,0,32,0,0
B6_D1,218,0,480,0,0
B10_D1,545,0,284,0,0
B10_D1,4,0,294,0,0
B6_D1,496,0,486,0,0
B10_D1,684,0,175,0,0
B6_D1,45,0,95,0,0
B2_D1,462,0,510,0,0
B6_D1,998,0,31,0,0
B10_D1,581,0,337,0,0
B6_D1,245,0,240,0,0
B6_D1,416,0,447,0,0
B6_D1,841,0,367,0,0
B10_D1,935,0,256,0,0
B10_D1,611,0,281,0,0
B6_D1,896,0,7,0,0
B6_D1,192,0,42,0,0
B6_D1,504,0,508,0,0
B6_D1,826,0,504,0,0
B10_D1,50,0,16,0,0
B6_D1,296,0,28,0,0
B6_D1,108,0,194,0,0
B10_D1,410,0,55,0,0
B6_D1,283,0,373,0,0
B6_D1,664,0,74,0,0
B10_D1,472,0,257,0,0
B10_D1,196,0,253,0,0
B10_D1,808,0,324,0,0
B10_D1,815,0,375,0,0
B10_D1,744,0,266,0,0
B10_D1,516,0,101,0,0
B6_D1,331,0,398,0,0
B6_D1,592,0,8,0,0
B6_D1,465,0,415,0,0
B6_D1,808,0,378,0,0
B10_D1,818,0,60,0,0
G1_D1,960,0,0,0,0
B10_D1,338,0,28,0,0
B10_D1,994,0,277,0,0
G1_D1,476,0,11,0,0
B8_D1,256,0,331,0,0
B6_D1,903,0,368,0,0
B10_D1,654,0,80,0,0
B6_D1,679,0,64,0,0
B10_D1,690,0,110,0,0
B6_D1,519,0,480,0,0
B6_D1,66,0,78,0,0
G1_D1,1009,0,228,0,0
B10_D1,620,0,293,0,0
B10_D1,125,0,104,0,0
B4_D1,477,0,201,0,0
B10_D1,581,0,98,0,0
B10_D1,665,0,95,0,0
B10_D1,6,0,155,0,0
B2_D1,284,0,501,0,0
B10_D1,433,0,171,0,0
B10_D1,156,0,325,0,0
B4_D1,751,0,16,0,0
B4_D1,811,0,265,0,0
B2_D1,274,0,200,0,0
B10_D1,343,0,267,0,0
G1_D1,542,0,76,0,0
B4_D1,895,0,234,0,0
B6_D1,907,0,319,0,0
B10_D1,145,0,50,0,0
B4_D1,83,0,82,0,0
B4_D1,653,0,33,0,0
B6_D1,876,0,24,0,0
B6_D1,116,0,237,0,0
B6_D1,262,0,8,0,0
B6_D1,561,0,400,0,0
B10_D1,847,0,22,0,0
B6_D1,273,0,361,0,0
B10_D1,514,0,4,0,0
B6_D1,171,0,69,0,0
G1_D1,368,0,273,0,0
B6_D1,973,0,402,0,0
B6_D1,144,0,366,0,0
B2_D1,717,0,185,0,0
B10_D1,842,0,445,0,0
B6_D1,476,0,46,0,0
G1_D1,651,0,237,0,0
B8_D1,329,0,185,0,0
B6_D1,196,0,2,0,0
G1_D1,194,0,1,0,0
B4_D1,333,0,327,0,0
B2_D1,758,0,64,0,0
B6_D1,517,0,269,0,0
B6_D1,422,0,10,0,0
B6_D1,166,0,486,0,0
G1_D1,249,0,171,0,0
B6_D1,702,0,110,0,0
B4_D1,180,0,194,0,0
B6_D1,305,0,80,0,0
B10_D1,57,0,271,0,0
B8_D1,773,0,312,0,0
B10_D1,180,0,131,0,0
B6_D1,890,0,500,0,0
B4_D1,645,0,179,0,0
B6_D1,406,0,26,0,0
B6_D1,953,0,82,0,0
B6_D1,325,0,190,0,0
B6_D1,100,0,53,0,0
B6_D1,665,0,129,0,0
G1_D1,1017,0,378,0,0
G1_D1,11,0,177,0,0
G1_D1,568,0,286,0,0
G1_D1,1006,0,140,0,0
G1_D1,720,0,266,0,0
B6_D1,602,0,348,0,0
B10_D1,581,0,45,0,0
B6_D1,728,0,76,0,0
G1_D1,1003,0,59,0,0
B10_D1,663,0,34,0,0
G1_D1,60,0,324,0,0
G1_D1,138,0,109,0,0
B4_D1,471,0,128,0,0
B6_D1,346,0,38,0,0
B10_D1,768,0,406,0,0
B10_D1,304,0,84,0,0
B10_D1,271,0,7,0,0
B10_D1,472,0,340,0,0
B2_D1,501,0,164,0,0
G1_D1,892,0,20,0,0
G1_D1,34,0,269,0,0
G1_D1,529,0,469,0,0
B6_D1,730,0,41,0,0
B4_D1,94,0,299,0,0
B6_D1,724,0,416,0,0
B10_D1,952,0,288,0,0
B6_D1,279,0,374,0,0
B10_D1,720,0,404,0,0
B10_D1,755,0,50,0,0
B8_D1,707,0,231,0,0
B2_D1,555,0,364,0,0
G1_D1,810,0,62,0,0
G1_D1,800,0,306,0,0
B10_D1,57,0,262,0,0
B10_D1,3,0,238,0,0
B6_D1,208,0,14,0,0
B10_D1,211,0,257,0,0
G1_D1,983,0,265,0,0
B10_D1,2,0,255,0,0
B6_D1,168,0,24,0,0
B6_D1,713,0,470,0,0
B10_D1,186,0,162,0,0
B4_D1,414,0,390,0,0
B6_D1,796,0,452,0,0
B6_D1,316,0,213,0,0
B6_D1,533,0,342,0,0
B2_D1,353,0,116,0,0
B10_D1,457,0,85,0,0
G1_D1,6,0,0,0,0
B10_D1,392,0,474,0,0
B6_D1,696,0,36,0,0
G1_D1,347,0,235,0,0
B6_D1,764,0,497,0,0
B10_D1,909,0,84,0,0
G1_D1,867,0,250,0,0
B10_D1,267,0,136,0,0
B2_D1,170,0,144,0,0
G1_D1,431,0,2,0,0
B4_D1,303,0,219,0,0
G1_D1,296,0,236,0,0
G1_D1,875,0,247,0,0
G1_D1,716,0,274,0,0
B10_D1,739,0,267,0,0
G1_D1,602,0,235,0,0
G1_D1,851,0,174,0,0
G1_D1,583,0,155,0,0
B6_D1,1000,0,409,0,0
B6_D1,257,0,476,0,0
G1_D1,22,0,317,0,0
B6_D1,574,0,235,0,0
G1_D1,562,0,108,0,0
G1_D1,936,0,441,0,0
B6_D1,812,0,88,0,0
B10_D1,144,0,263,0,0
B4_D1,0,0,303,0,0
B10_D1,149,0,209,0,0
B6_D1,832,0,29,0,0
B6_D1,432,0,45,0,0
B6_D1,67,0,421,0,0
G1_D1,192,0,183,0,0
G1_D1,507,0,148,0,0
G1_D1,575,0,145,0,0
G1_D1,248,0,394,0,0
B10_D1,205,0,224,0,0
B6_D1,267,0,134,0,0
G1_D1,916,0,9,0,0
G1_D1,28,0,216,0,0
B10_D1,542,0,313,0,0
B6_D1,215,0,471,0,0
B6_D1,813,0,69,0,0
B10_D1,383,0,496,0,0
B10_D1,629,0,286,0,0
B6_D1,507,0,131,0,0
B6_D1,454,0,95,0,0
B6_D1,466,0,60,0,0
B10_D1,630,0,415,0,0
B6_D1,587,0,227,0,0
G1_D1,161,0,107,0,0
B10_D1,7,0,228,0,0
B10_D1,975,0,69,0,0
B10_D1,478,0,161,0,0
B6_D1,343,0,373,0,0
B6_D1,721,0,300,0,0
B10_D1,669,0,392,0,0
G1_D1,75,0,434,0,0
B6_D1,496,0,293,0,0
B6_D1,212,0,37,0,0
B6_D1,154,0,121,0,0
B10_D1,108,0,457,0,0
B6_D1,454,0,8,0,0
B10_D1,405,0,88,0,0
G1_D1,870,0,432,0,0
B4_D1,744,0,68,0,0
B4_D1,7,0,322,0,0
B6_D1,978,0,202,0,0
B6_D1,115,0,89,0,0
B6_D1,1009,0,464,0,0
B4_D1,302,0,223,0,0
B6_D1,832,0,44,0,0
B10_D1,1021,0,224,0,0
G1_D1,1001,0,246,0,0
B6_D1,719,0,198,0,0
B10_D1,732,0,354,0,0
B6_D1,328,0,222,0,0
B6_D1,864,0,502,0,0
G1_D1,481,0,349,0,0
B6_D1,684,0,330,0,0
B10_D1,732,0,263,0,0
B10_D1,11,0,307,0,0
G1_D1,782,0,221,0,0
B6_D1,174,0,12,0,0
B6_D1,665,0,111,0,0
B10_D1,581,0,328,0,0
B6_D1,433,0,222,0,0
B10_D1,759,0,424,0,0
B10_D1,887,0,85,0,0
B10_D1,468,0,495,0,0
B2_D1,147,0,298,0,0
G1_D1,239,0,301,0,0
B2_D1,875,0,510,0,0
B6_D1,237,0,297,0,0
B6_D1,204,0,493,0,0
B6_D1,464,0,61,0,0
B6_D1,137,0,86,0,0
G1_D1,718,0,358,0,0
G1_D1,49,0,119,0,0
G1_D1,10,0,96,0,0
G1_D1,260,0,309,0,0
B6_D1,247,0,127,0,0
B6_D1,806,0,305,0,0
B4_D1,327,0,306,0,0
B6_D1,322,0,492,0,0
B10_D1,699,0,253,0,0
B2_D1,825,0,229,0,0
B10_D1,935,0,109,0,0
G1_D1,18,0,261,0,0
B10_D1,169,0,30,0,0
B6_D1,4,0,280,0,0
B10_D1,721,0,327,0,0
G1_D1,929,0,282,0,0
G1_D1,551,0,28,0,0
B10_D1,795,0,410,0,0
B10_D1,144,0,302,0,0
B10_D1,717,0,329,0,0
B10_D1,282,0,137,0,0
B6_D1,712,0,41,0,0
B6_D1,886,0,26,0,0
B10_D1,185,0,45,0,0
B4_D1,228,0,68,0,0
B6_D1,662,0,13,0,0
B6_D1,425,0,361,0,0
B4_D1,3,0,365,0,0
B10_D1,557,0,282,0,0
B10_D1,32,0,396,0,0
G1_D1,406,0,127,0,0
B6_D1,58,0,450,0,0
B4_D1,658,0,238,0,0
B6_D1,626,0,34,0,0
B6_D1,154,0,96,0,0
B10_D1,213,0,49,0,0
B10_D1,606,0,56,0,0
G1_D1,174,0,169,0,0
B10_D1,120,0,435,0,0
B6_D1,14,0,165,0,0
B10_D1,765,0,367,0,0
B6_D1,549,0,231,0,0
B6_D1,706,0,365,0,0
B6_D1,214,0,280,0,0
G1_D1,246,0,412,0,0
B6_D1,604,0,2,0,0
G1_D1,1012,0,141,0,0
B10_D1,23,0,395,0,0
G1_D1,720,0,25,0,0
G1_D1,411,0,86,0,0
G1_D1,139,0,16,0,0
B6_D1,842,0,302,0,0
B10_D1,659,0,486,0,0
G1_D1,832,0,17,0,0
B4_D1,501,0,431,0,0
B10_D1,66,0,154,0,0
B10_D1,347,0,16,0,0
B10_D1,536,0,97,0,0
B10_D1,435,0,209,0,0
B6_D1,688,0,379,0,0
G1_D1,562,0,41,0,0
B2_D1,515,0,486,0,0
B10_D1,155,0,290,0,0
B10_D1,11,0,236,0,0
B10_D1,602,0,109,0,0
B6_D1,976,0,492,0,0
B10_D1,3,0,17,0,0
B10_D1,589,0,137,0,0
B6_D1,15,0,451,0,0
B6_D1,344,0,354,0,0
B10_D1,739,0,44,0,0
B4_D1,783,0,231,0,0
B6_D1,368,0,264,0,0
B6_D1,211,0,78,0,0
B4_D1,736,0,211,0,0
B4_D1,941,0,45,0,0
B10_D1,353,0,476,0,0
G1_D1,968,0,50,0,0
B6_D1,831,0,143,0,0
B6_D1,168,0,132,0,0
B6_D1,628,0,49,0,0
B10_D1,22,0,113,0,0
B6_D1,203,0,363,0,0
B10_D1,125,0,164,0,0
B10_D1,60,0,92,0,0
B4_D1,5,0,139,0,0
B4_D1,474,0,247,0,0
B10_D1,156,0,334,0,0
G1_D1,237,0,410,0,0
B10_D1,959,0,276,0,0
B6_D1,1002,0,213,0,0
B6_D1,192,0,83,0,0
B6_D1,87,0,96,0,0
B10_D1,449,0,314,0,0
B10_D1,14,0,49,0,0
B2_D1,152,0,269,0,0
G1_D1,729,0,53,0,0
B6_D1,109,0,423,0,0
B4_D1,184,0,136,0,0
G1_D1,233,0,194,0,0
B6_D1,463,0,294,0,0
B6_D1,63,0,162,0,0
G1_D1,426,0,122,0,0
B10_D1,180,0,430,0,0
G1_D1,545,0,14,0,0
B4_D1,850,0,37,0,0
G1_D1,895,0,238,0,0
G1_D1,49,0,301,0,0
B10_D1,333,0,202,0,0
B6_D1,663,0,104,0,0
G1_D1,938,0,283,0,0
G1_D1,1003,0,65,0,0
B10_D1,583,0,89,0,0
B6_D1,711,0,437,0,0
B6_D1,184,0,325,0,0
B10_D1,798,0,169,0,0
G1_D1,18,0,0,0,0
B6_D1,381,0,58,0,0
B2_D1,328,0,200,0,0
B6_D1,867,0,142,0,0
B10_D1,183,0,73,0,0
B6_D1,530,0,494,0,0
B6_D1,268,0,14,0,0
B10_D1,349,0,507,0,0
B6_D1,316,0,417,0,0
B10_D1,54,0,67,0,0
B10_D1,461,0,68,0,0
G1_D1,984,0,139,0,0
G1_D1,26,0,253,0,0
B6_D1,1018,0,213,0,0
B10_D1,832,0,421,0,0
B6_D1,244,0,243,0,0
B2_D1,622,0,161,0,0
B6_D1,558,0,12,0,0
B4_D1,387,0,392,0,0
G1_D1,864,0,0,0,0
B2_D1,657,0,225,0,0
B10_D1,30,0,136,0,0
B6_D1,864,0,339,0,0
B6_D1,544,0,492,0,0
G1_D1,487,0,16,0,0
B4_D1,700,0,70,0,0
B6_D1,490,0,32,0,0
B4_D1,140,0,148,0,0
G1_D1,793,0,12,0,0
B10_D1,95,0,323,0,0
B10_D1,706,0,443,0,0
B10_D1,439,0,188,0,0
B10_D1,728,0,418,0,0
B10_D1,792,0,403,0,0
B10_D1,261,0,25,0,0
B2_D1,446,0,30,0,0
B6_D1,237,0,374,0,0
B6_D1,66,0,470,0,0
B10_D1,757,0,273,0,0
B6_D1,694,0,26,0,0
B2_D1,470,0,482,0,0
B10_D1,920,0,272,0,0
B10_D1,637,0,21,0,0
B10_D1,384,0,342,0,0
B10_D1,524,0,92,0,0
B6_D1,767,0,211,0,0
B10_D1,287,0,63,0,0
B2_D1,733,0,6,0,0
B6_D1,201,0,368,0,0
B4_D1,770,0,241,0,0
G1_D1,173,0,269,0,0
B6_D1,909,0,143,0,0
B10_D1,209,0,141,0,0
B6_D1,84,0,3,0,0
B6_D1,374,0,459,0,0
B4_D1,610,0,33,0,0
B10_D1,203,0,510,0,0
B10_D1,609,0,347,0,0
G1_D1,915,0,89,0,0
B6_D1,920,0,267,0,0
G1_D1,765,0,48,0,0
B10_D1,671,0,489,0,0
B10_D1,554,0,204,0,0
B6_D1,785,0,116,0,0
B10_D1,17,0,175,0,0
B4_D1,354,0,18,0,0
G1_D1,1000,0,175,0,0
B10_D1,695,0,398,0,0
B10_D1,834,0,94,0,0
B6_D1,742,0,11,0,0
B6_D1,522,0,444,0,1
B10_D1,514,0,81,0,0
B2_D1,132,0,122,0,0
B6_D1,235,0,149,0,0
B10_D1,179,0,76,0,0
G1_D1,160,0,112,0,0
B6_D1,996,0,60,0,0
B10_D1,166,0,192,0,0
B6_D1,785,0,328,0,0
B4_D1,682,0,276,0,0
B6_D1,963,0,310,0,0
B2_D1,395,0,160,0,0
B2_D1,851,0,261,0,0
B10_D1,367,0,35,0,0
B2_D1,643,0,476,0,0
B6_D1,730,0,26,0,0
B10_D1,11,0,172,0,0
B10_D1,134,0,94,0,0
G1_D1,21,0,45,0,0
B10_D1,360,0,5,0,0
B10_D1,220,0,362,0,0
G1_D1,745,0,115,0,0
B6_D1,666,0,39,0,0
G1_D1,250,0,398,0,0
B4_D1,760,0,90,0,0
B4_D1,572,0,392,0,0
B6_D1,609,0,387,0,0
B2_D1,845,0,510,0,0
B10_D1,513,0,222,0,0
B6_D1,265,0,333,0,0
G1_D1,364,0,42,0,0
B10_D1,3,0,71,0,0
B6_D1,338,0,93,0,0
B4_D1,430,0,241,0,0
B4_D1,504,0,245,0,0
G1_D1,759,0,67,0,0
G1_D1,535,0,283,0,0
B6_D1,852,0,493,0,0
B10_D1,715,0,123,0,0
B10_D1,577,0,297,0,0
B6_D1,868,0,38,0,0
G1_D1,573,0,200,0,0
B6_D1,874,0,447,0,0
B6_D1,23,0,457,0,0
B2_D1,313,0,120,0,0
G1_D1,74,0,271,0,0
B4_D1,431,0,409,0,0
B6_D1,645,0,418,0,0
B6_D1,330,0,211,0,0
B6_D1,566,0,281,0,0
B6_D1,220,0,372,0,0
G1_D1,650,0,112,0,0
B6_D1,23,0,455,0,0
B6_D1,543,0,481,0,0
B6_D1,420,0,170,0,0
B6_D1,856,0,107,0,0
B10_D1,280,0,140,0,0
B6_D1,972,0,400,0,0
B10_D1,186,0,507,0,0
G1_D1,916,0,252,0,0
B10_D1,572,0,100,0,0
B6_D1,1010,0,4,0,0
B2_D1,641,0,115,0,0
B4_D1,12,0,403,0,0
B10_D1,54,0,291,0,0
B8_D1,327,0,307,0,0
G1_D1,606,0,219,0,0
B6_D1,605,0,263,0,0
B6_D1,328,0,507,0,0
B6_D1,3,0,417,0,0
B10_D1,271,0,264,0,0
B10_D1,770,0,164,0,0
G1_D1,199,0,342,0,0
B6_D1,755,0,297,0,0
B10_D1,926,0,215,0,0
G1_D1,173,0,217,0,0
B10_D1,413,0,314,0,0
B10_D1,224,0,320,0,0
B6_D1,884,0,71,0,0
B8_D1,175,0,111,0,0
B10_D1,145,0,323,0,0
B10_D1,868,0,78,0,0
G1_D1,324,0,243,0,0
B10_D1,9,0,71,0,0
B10_D1,504,0,91,0,0
B10_D1,203,0,35,0,0
B6_D1,49,0,120,0,0
B6_D1,566,0,183,0,0
B10_D1,582,0,99,0,0
B6_D1,921,0,481,0,0
B6_D1,791,0,155,0,0
B6_D1,328,0,35,0,0
B6_D1,472,0,278,0,0
B6_D1,656,0,221,0,0
G1_D1,434,0,11,0,0
B2_D1,734,0,81,0,0
B2_D1,923,0,510,0,0
B10_D1,356,0,239,0,0
B6_D1,735,0,185,0,0
B10_D1,867,0,129,0,0
B2_D1,703,0,19,0,0
B6_D1,486,0,21,0,0
B6_D1,118,0,312,0,0
B10_D1,909,0,14,0,0
G1_D1,706,0,18,0,0
B4_D1,1022,0,78,0,0
B10_D1,364,0,172,0,0
B4_D1,626,0,222,0,0
G1_D1,926,0,103,0,0
B10_D1,410,0,509,0,0
B6_D1,582,0,45,0,0
B6_D1,881,0,98,0,0
B10_D1,588,0,272,0,0
B6_D1,727,0,70,0,0
B6_D1,25,0,235,0,0
B6_D1,930,0,3,0,0
G1_D1,569,0,85,0,0
B10_D1,495,0,493,0,0
B6_D1,51,0,409,0,0
B10_D1,982,0,254,0,0
B10_D1,819,0,410,0,0
B6_D1,386,0,22,0,0
B6_D1,790,0,29,0,0
G1_D1,958,0,219,0,0
G1_D1,507,0,497,0,0
B6_D1,592,0,478,0,0
G1_D1,389,0,208,0,0
B6_D1,760,0,501,0,0
G1_D1,628,0,18,0,0
G1_D1,708,0,50,0,0
B10_D1,699,0,265,0,0
G1_D1,776,0,79,0,0
B10_D1,935,0,436,0,0
G1_D1,1010,0,119,0,0
B10_D1,22,0,242,0,0
B10_D1,778,0,250,0,0
B6_D1,898,0,95,0,0
B6_D1,103,0,452,0,0
G1_D1,297,0,21,0,0
B10_D1,540,0,124,0,0
G1_D1,510,0,203,0,0
B10_D1,63,0,316,0,0
B6_D1,1016,0,215,0,0
B6_D1,968,0,7,0,0
B10_D1,211,0,358,0,0
B6_D1,30,0,259,0,0
B4_D1,60,0,19,0,0
G1_D1,993,0,132,0,0
B4_D1,718,0,140,0,0
G1_D1,990,0,95,0,0
G1_D1,672,0,0,0,0
B6_D1,694,0,38,0,0
B2_D1,855,0,110,0,0
G1_D1,73,0,282,0,0
B6_D1,134,0,105,0,0
B10_D1,645,0,46,0,0
B10_D1,860,0,131,0,0
B6_D1,306,0,74,0,0
B10_D1,600,0,79,0,0
G1_D1,802,0,205,0,0
B10_D1,930,0,324,0,0
B10_D1,721,0,399,0,0
B4_D1,600,0,181,0,0
B10_D1,769,0,312,0,0
B10_D1,875,0,505,0,0
B2_D1,203,0,474,0,0
B6_D1,871,0,439,0,0
G1_D1,45,0,59,0,0
B6_D1,680,0,46,0,0
B8_D1,115,0,90,0,0
B10_D1,992,0,287,0,0
B10_D1,1019,0,469,0,0
B6_D1,974,0,10,0,0
B6_D1,203,0,290,0,0
B4_D1,614,0,304,0,0
B6_D1,146,0,13,0,0
B10_D1,453,0,31,0,0
G1_D1,291,0,33,0,0
B10_D1,634,0,50,0,0
B6_D1,190,0,425,0,0
B4_D1,1021,0,272,0,0
B10_D1,602,0,457,0,0
B6_D1,864,0,42,0,0
B10_D1,859,0,230,0,0
G1_D1,107,0,197,0,0
B6_D1,526,0,38,0,0
B6_D1,202,0,278,0,0
B10_D1,670,0,385,0,0
B6_D1,126,0,109,0,0
B10_D1,960,0,260,0,0
B6_D1,763,0,52,0,0
G1_D1,186,0,184,0,0
B2_D1,854,0,260,0,0
B6_D1,446,0,272,0,0
G1_D1,262,0,251,0,0
G1_D1,287,0,257,0,0
B6_D1,17,0,333,0,0
B6_D1,556,0,38,0,0
B6_D1,785,0,103,0,0
B10_D1,639,0,244,0,0
B6_D1,834,0,502,0,0
B6_D1,910,0,423,0,0
B6_D1,605,0,357,0,0
B6_D1,261,0,382,0,0
B10_D1,490,0,6,0,0
B10_D1,643,0,3,0,0
B6_D1,284,0,48,0,0
B10_D1,74,0,294,0,0
B6_D1,723,0,185,0,0
B6_D1,417,0,271,0,0
B10_D1,932,0,343,0,0
G1_D1,561,0,98,0,0
B6_D1,641,0,366,0,0
B6_D1,269,0,479,0,0
B2_D1,258,0,237,0,0
B4_D1,415,0,231,0,0
B4_D1,833,0,14,0,0
B10_D1,433,0,247,0,0
B10_D1,644,0,171,0,0
B6_D1,932,0,40,0,0
B6_D1,450,0,107,0,0
B6_D1,96,0,99,0,0
B6_D1,1,0,242,0,0
B10_D1,698,0,325,0,0
G1_D1,59,0,37,0,0
B6_D1,855,0,360,0,0
B4_D1,720,0,196,0,0
B6_D1,121,0,419,0,0
B6_D1,652,0,41,0,0
B10_D1,437,0,163,0,0
B10_D1,391,0,473,0,0
B4_D1,0,0,401,0,0
B6_D1,710,0,31,0,0
B6_D1,647,0,342,0,0
B10_D1,385,0,500,0,0
B6_D1,749,0,99,0,0
B6_D1,878,0,491,0,0
B6_D1,320,0,491,0,0
B6_D1,569,0,181,0,0
B8_D1,901,0,236,0,0
B4_D1,182,0,207,0,0
G1_D1,814,0,3,0,0
G1_D1,189,0,126,0,0
B6_D1,282,0,172,0,0
G1_D1,194,0,49,0,0
B10_D1,193,0,509,0,0
B6_D1,211,0,331,0,0
B10_D1,974,0,296,0,0
B6_D1,98,0,182,0,0
B10_D1,407,0,104,0,0
B10_D1,957,0,65,0,0
B2_D1,614,0,15,0,0
G1_D1,884,0,213,0,0
B4_D1,665,0,296,0,0
G1_D1,915,0,46,0,0
B6_D1,643,0,259,0,0
B10_D1,860,0,224,0,0
G1_D1,161,0,115,0,0
B10_D1,953,0,271,0,0
B6_D1,592,0,504,0,0
B10_D1,518,0,252,0,0
B10_D1,875,0,363,0,0
B10_D1,449,0,68,0,0
B10_D1,802,0,50,0,0
B6_D1,356,0,500,0,0
B2_D1,143,0,117,0,0
B6_D1,515,0,345,0,0
G1_D1,41,0,109,0,0
B4_D1,1022,0,271,0,0
B10_D1,444,0,10,0,0
B4_D1,368,0,200,0,0
B6_D1,228,0,434,0,0
B6_D1,77,0,99,0,0
B10_D1,611,0,216,0,0
B4_D1,727,0,75,0,0
G1_D1,80,0,23,0,0
B10_D1,503,0,281,0,0
G1_D1,828,0,63,0,0
B4_D1,839,0,70,0,0
B10_D1,632,0,481,0,0
B10_D1,858,0,53,0,0
B6_D1,911,0,300,0,0
B10_D1,81,0,170,0,0
B10_D1,804,0,261,0,0
B10_D1,684,0,290,0,0
B10_D1,541,0,112,0,0
B6_D1,60,0,9,0,0
G1_D1,903,0,58,0,0
B10_D1,810,0,177,0,0
B6_D1,866,0,273,0,0
B10_D1,210,0,364,0,0
B2_D1,469,0,487,0,0
B6_D1,873,0,481,0,0
B6_D1,278,0,31,0,0
G1_D1,700,0,37,0,0
B6_D1,292,0,320,0,0
B6_D1,112,0,312,0,0
B10_D1,789,0,39,0,0
G1_D1,15,0,77,0,0
B6_D1,954,0,203,0,0
G1_D1,770,0,270,0,0
B6_D1,810,0,490,0,0
B10_D1,22,0,249,0,0
B6_D1,957,0,167,0,0
B6_D1,899,0,300,0,0
B6_D1,408,0,276,0,0
B10_D1,148,0,55,0,0
B10_D1,945,0,47,0,0
B10_D1,233,0,213,0,0
B4_D1,458,0,242,0,0
B10_D1,544,0,510,0,0
G1_D1,619,0,164,0,0
B6_D1,259,0,398,0,0
B10_D1,788,0,490,0,0
B10_D1,304,0,4,0,0
B6_D1,780,0,511,0,0
B10_D1,784,0,409,0,0
B6_D1,96,0,33,0,0
B10_D1,437,0,95,0,0
B10_D1,293,0,120,0,0
B6_D1,772,0,106,0,0
B6_D1,772,0,50,0,0
B6_D1,211,0,385,0,0
B6_D1,466,0,380,0,0
B6_D1,42,0,142,0,0
G1_D1,164,0,340,0,0
B10_D1,6,0,326,0,0
B10_D1,620,0,133,0,0
B10_D1,846,0,206,0,0
B4_D1,738,0,202,0,0
B4_D1,836,0,105,0,0
G1_D1,625,0,6,0,0
G1_D1,188,0,124,0,0
B10_D1,6,0,22,0,0
B6_D1,464,0,31,0,0
B10_D1,794,0,400,0,0
G1_D1,295,0,6,0,0
B6_D1,4,0,216,0,0
B6_D1,790,0,106,0,0
B6_D1,407,0,383,0,0
B6_D1,560,0,13,0,0
G1_D1,625,0,16,0,0
G1_D1,27,0,125,0,0
B6_D1,127,0,475,0,0
B10_D1,516,0,36,0,0
G1_D1,143,0,105,0,0
B6_D1,949,0,113,0,0
G1_D1,152,0,308,0,0
B6_D1,191,0,120,0,0
B6_D1,32,0,43,0,0
B10_D1,236,0,342,0,0
B6_D1,818,0,71,0,0
B6_D1,918,0,6,0,0
B10_D1,243,0,302,0,0
B10_D1,11,0,333,0,0
B10_D1,886,0,88,0,0
B2_D1,147,0,37,0,0
B4_D1,864,0,122,0,0
G1_D1,644,0,5,0,0
B6_D1,431,0,126,0,0
B4_D1,8,0,361,0,0
B6_D1,129,0,314,0,0
B4_D1,317,0,153,0,0
B10_D1,542,0,230,0,0
B6_D1,144,0,183,0,0
B10_D1,498,0,147,0,0
B6_D1,621,0,456,0,0
B4_D1,701,0,202,0,0
B10_D1,605,0,356,0,0
B6_D1,198,0,496,0,0
B6_D1,728,0,281,0,0
B10_D1,80,0,273,0,0
G1_D1,986,0,37,0,0
B6_D1,454,0,317,0,0
B6_D1,874,0,133,0,0
B6_D1,700,0,334,0,0
B10_D1,693,0,1,0,0
B4_D1,944,0,42,0,0
B4_D1,664,0,33,0,0
B6_D1,359,0,50,0,0
B10_D1,371,0,190,0,0
G1_D1,355,0,419,0,0
B10_D1,376,0,154,0,0
B2_D1,936,0,27,0,0
B6_D1,826,0,41,0,0
B6_D1,204,0,496,0,0
B6_D1,1016,0,13,0,0
B2_D1,686,0,499,0,0
G1_D1,267,0,269,0,0
B4_D1,135,0,213,0,0
B2_D1,377,0,280,0,0
B10_D1,251,0,50,0,0
G1_D1,904,0,18,0,0
B10_D1,292,0,336,0,0
B6_D1,991,0,454,0,0
B6_D1,841,0,219,0,0
B4_D1,356,0,301,0,0
G1_D1,1002,0,247,0,0
B10_D1,36,0,142,0,0
B10_D1,304,0,243,0,0
B2_D1,454,0,490,0,0
B4_D1,63,0,305,0,0
B2_D1,594,0,511,0,0
B10_D1,792,0,308,0,0
G1_D1,172,0,56,0,0
B10_D1,107,0,11,0,0
B2_D1,662,0,471,0,0
B10_D1,153,0,170,0,0
B10_D1,21,0,121,0,0
B10_D1,573,0,502,0,0
B6_D1,492,0,493,0,0
B6_D1,988,0,404,0,0
B10_D1,926,0,256,0,0
G1_D1,886,0,24,0,0
B6_D1,702,0,430,0,0
B10_D1,158,0,58,0,0
G1_D1,684,0,0,0,0
B10_D1,237,0,458,0,0
B6_D1,554,0,4,0,0
G1_D1,23,0,170,0,0
B10_D1,406,0,175,0,0
G1_D1,495,0,17,0,0
B10_D1,346,0,41,0,0
B6_D1,928,0,483,0,0
B8_D1,131,0,262,0,0
B10_D1,101,0,125,0,0
B6_D1,934,0,504,0,0
B2_D1,491,0,217,0,0
B10_D1,429,0,91,0,0
B10_D1,727,0,317,0,0
B6_D1,552,0,45,0,0
B6_D1,912,0,424,0,0
B6_D1,716,0,4,0,0
B10_D1,629,0,43,0,0
B2_D1,169,0,251,0,0
B6_D1,407,0,161,0,0
B10_D1,444,0,70,0,0
B6_D1,658,0,389,0,0
B10_D1,715,0,41,0,0
B2_D1,831,0,26,0,0
B6_D1,80,0,34,0,0
B6_D1,367,0,193,0,0
B6_D1,323,0,347,0,0
G1_D1,368,0,272,0,0
B6_D1,334,0,11,0,0
B6_D1,191,0,326,0,0
B4_D1,684,0,263,0,0
B6_D1,584,0,7,0,0
B4_D1,184,0,137,0,0
G1_D1,849,0,252,0,0
B10_D1,100,0,275,0,0
B6_D1,987,0,417,0,0
B6_D1,155,0,322,0,0
B10_D1,198,0,205,0,0
G1_D1,15,0,116,0,0
B10_D1,576,0,410,0,0
B6_D1,67,0,377,0,0
B10_D1,594,0,209,0,0
B10_D1,880,0,263,0,0
B6_D1,305,0,202,0,0
B4_D1,416,0,386,0,0
B4_D1,251,0,49,0,0
B6_D1,382,0,385,0,0
B10_D1,449,0,407,0,0
B6_D1,882,0,33,0,0
B6_D1,119,0,125,0,0
B6_D1,21,0,138,0,0
B4_D1,535,0,138,0,0
B6_D1,699,0,279,0,0
G1_D1,245,0,15,0,0
B2_D1,782,0,86,0,0
B6_D1,394,0,176,0,0
B10_D1,309,0,204,0,0
B10_D1,136,0,268,0,0
G1_D1,262,0,3,0,0
B10_D1,164,0,82,0,0
B6_D1,125,0,467,0,0
B10_D1,411,0,96,0,0
B10_D1,167,0,190,0,0
B6_D1,779,0,228,0,0
B10_D1,683,0,94,0,0
G1_D1,436,0,241,0,0
B10_D1,1009,0,45,0,0
B10_D1,697,0,255,0,0
G1_D1,760,0,481,0,0
B6_D1,720,0,42,0,0
B10_D1,433,0,245,0,0
B6_D1,639,0,432,0,0
B6_D1,408,0,505,0,0
B6_D1,911,0,469,0,0
B10_D1,197,0,304,0,0
B6_D1,574,0,284,0,0
G1_D1,942,0,256,0,0
B6_D1,63,0,469,0,0
B6_D1,206,0,455,0,0
G1_D1,266,0,23,0,0
B6_D1,841,0,134,0,0
B4_D1,97,0,311,0,0
B6_D1,815,0,128,0,0
B6_D1,182,0,175,0,0
G1_D1,42,0,95,0,0
B2_D1,605,0,97,0,0
B6_D1,183,0,85,0,0
B6_D1,398,0,60,0,0
G1_D1,989,0,150,0,0
B2_D1,137,0,448,0,0
B6_D1,202,0,11,0,0
B10_D1,787,0,393,0,0
B6_D1,938,0,166,0,0
B6_D1,522,0,405,0,0
G1_D1,384,0,141,0,0
B10_D1,285,0,1,0,0
B6_D1,332,0,43,0,0
B6_D1,200,0,16,0,0
G1_D1,897,0,272,0,0
B6_D1,36,0,21,0,0
B6_D1,328,0,198,0,0
B6_D1,1006,0,26,0,0
B6_D1,864,0,39,0,0
B10_D1,232,0,423,0,0
B10_D1,396,0,264,0,0
B4_D1,839,0,25,0,0
B10_D1,908,0,262,0,0
B10_D1,25,0,122,0,0
G1_D1,216,0,127,0,0
B10_D1,14,0,270,0,0
B10_D1,906,0,143,0,0
B6_D1,358,0,504,0,0
B6_D1,481,0,456,0,0
B10_D1,21,0,17,0,0
G1_D1,863,0,75,0,0
B6_D1,842,0,393,0,0
B6_D1,1018,0,321,0,0
B8_D1,365,0,290,0,0
B10_D1,50,0,269,0,0
B10_D1,96,0,85,0,0
B4_D1,4,0,254,0,0
G1_D1,9,0,82,0,0
B6_D1,752,0,292,0,0
G1_D1,79,0,96,0,0
B2_D1,586,0,453,0,0
B2_D1,702,0,54,0,0
B6_D1,207,0,450,0,0
G1_D1,505,0,42,0,0
B6_D1,420,0,0,0,0
G1_D1,563,0,122,0,0
G1_D1,8,0,99,0,0
B10_D1,183,0,252,0,0
B4_D1,3,0,288,0,0
B6_D1,248,0,60,0,0
B10_D1,902,0,42,0,0
B2_D1,888,0,35,0,0
B6_D1,42,0,39,0,0
B10_D1,822,0,175,0,0
B10_D1,170,0,155,0,0
B10_D1,784,0,13,0,0
B10_D1,773,0,371,0,0
B6_D1,708,0,194,0,0
G1_D1,1004,0,162,0,0
G1_D1,18,0,286,0,0
B6_D1,482,0,491,0,0
B6_D1,959,0,368,0,0
G1_D1,856,0,114,0,0
B10_D1,618,0,222,0,0
G1_D1,237,0,299,0,0
B2_D1,492,0,165,0,0
G1_D1,733,0,350,0,0
B10_D1,780,0,5,0,0
B6_D1,534,0,505,0,0
B2_D1,781,0,5,0,0
B6_D1,400,0,175,0,0
B6_D1,641,0,274,0,0
B6_D1,246,0,0,0,0
B4_D1,177,0,238,0,0
B10_D1,345,0,20,0,0
B6_D1,438,0,36,0,0
B6_D1,642,0,15,0,0
B6_D1,89,0,481,0,0
B6_D1,381,0,147,0,0
B10_D1,322,0,220,0,0
B2_D1,798,0,511,0,0
B10_D1,574,0,138,0,0
B10_D1,194,0,214,0,0
B6_D1,768,0,159,0,0
B10_D1,487,0,38,0,0
B6_D1,56,0,223,0,0
G1_D1,429,0,43,0,0
B6_D1,124,0,371,0,0
G1_D1,299,0,185,0,0
G1_D1,288,0,13,0,0
B10_D1,706,0,83,0,0
B10_D1,1020,0,147,0,0
B4_D1,485,0,123,0,0
B6_D1,318,0,502,0,0
B2_D1,838,0,16,0,0
B10_D1,759,0,253,0,0
B6_D1,314,0,48,0,0
B6_D1,260,0,309,0,0
B6_D1,885,0,164,0,0
B10_D1,535,0,48,0,0
B10_D1,103,0,206,0,0
B10_D1,705,0,307,0,0
B10_D1,149,0,272,0,0
B4_D1,363,0,99,0,0
B10_D1,52,0,273,0,0
B6_D1,902,0,456,0,0
B10_D1,836,0,89,0,0
B6_D1,256,0,20,0,0
B6_D1,774,0,161,0,0
B2_D1,951,0,39,0,0
G1_D1,952,0,18,0,0
B2_D1,92,0,89,0,0
B6_D1,956,0,482,0,0
B10_D1,628,0,153,0,0
B6_D1,660,0,423,0,0
B10_D1,635,0,260,0,0
B2_D1,618,0,162,0,0
B10_D1,44,0,68,0,0
G1_D1,176,0,153,0,0
G1_D1,987,0,47,0,0
B6_D1,921,0,478,0,0
B6_D1,106,0,5,0,0
B6_D1,375,0,252,0,0
B10_D1,1023,0,246,0,0
B4_D1,737,0,270,0,0
G1_D1,1,0,507,0,0
B6_D1,843,0,147,0,0
B6_D1,976,0,404,0,0
G1_D1,2,0,469,0,0
B10_D1,436,0,160,0,0
B8_D1,149,0,120,0,0
B4_D1,73,0,25,0,0
B10_D1,1015,0,25,0,0
B6_D1,394,0,53,0,0
B10_D1,146,0,214,0,0
B4_D1,428,0,234,0,0
B6_D1,50,0,216,0,0
B10_D1,722,0,11,0,0
B4_D1,980,0,50,0,0
B6_D1,132,0,505,0,0
G1_D1,806,0,268,0,0
B10_D1,511,0,70,0,0
G1_D1,185,0,409,0,0
B2_D1,361,0,384,0,0
B4_D1,807,0,71,0,0
B10_D1,142,0,259,0,0
B10_D1,60,0,119,0,0
B10_D1,857,0,96,0,0
B6_D1,353,0,263,0,0
G1_D1,809,0,14,0,0
G1_D1,294,0,20,0,0
G1_D1,332,0,23,0,0
G1_D1,83,0,311,0,0
B10_D1,443,0,79,0,0
B10_D1,658,0,6,0,0
B2_D1,665,0,287,0,0
G1_D1,322,0,511,0,0
B2_D1,1,0,136,0,0
B6_D1,324,0,499,0,0
B10_D1,249,0,357,0,0
G1_D1,379,0,395,0,0
B6_D1,105,0,250,0,0
B6_D1,360,0,3,0,0
B2_D1,222,0,299,0,0
B6_D1,521,0,407,0,0
B6_D1,897,0,142,0,0
B10_D1,17,0,499,0,0
B6_D1,790,0,483,0,0
B6_D1,387,0,255,0,0
B6_D1,458,0,37,0,0
B10_D1,830,0,420,0,0
B10_D1,164,0,187,0,0
B2_D1,593,0,478,0,0
B10_D1,269,0,63,0,0
B10_D1,719,0,42,0,0
B10_D1,15,0,311,0,0
G1_D1,693,0,473,0,0
G1_D1,40,0,178,0,0
B10_D1,889,0,90,0,0
B6_D1,100,0,2,0,0
G1_D1,244,0,117,0,0
G1_D1,16,0,162,0,0
B6_D1,377,0,458,0,0
B6_D1,539,0,254,0,0
B6_D1,623,0,407,0,0
B6_D1,930,0,249,0,0
B10_D1,341,0,161,0,0
B6_D1,170,0,87,0,0
B4_D1,507,0,430,0,0
B2_D1,676,0,173,0,0
B6_D1,563,0,388,0,0
B6_D1,808,0,389,0,0
G1_D1,750,0,257,0,0
B10_D1,143,0,456,0,0
G1_D1,306,0,57,0,0
G1_D1,575,0,153,0,0
B10_D1,585,0,339,0,0
B10_D1,663,0,253,0,0
G1_D1,664,0,360,0,0
B4_D1,268,0,194,0,0
G1_D1,289,0,256,0,0
B6_D1,471,0,189,0,0
G1_D1,347,0,443,0,0
B6_D1,231,0,241,0,0
B6_D1,993,0,339,0,0
G1_D1,250,0,511,0,0
B10_D1,409,0,14,0,0
B10_D1,154,0,84,0,0
G1_D1,18,0,280,0,0
B6_D1,6,0,467,0,0
B6_D1,68,0,494,0,0
G1_D1,987,0,69,0,0
B10_D1,366,0,484,0,0
B10_D1,643,0,462,0,0
B6_D1,231,0,90,0,0
B10_D1,164,0,155,0,0
G1_D1,354,0,47,0,0
B10_D1,122,0,183,0,0
B2_D1,672,0,53,0,0
B6_D1,728,0,16,0,0
G1_D1,954,0,0,0,0
B6_D1,184,0,26,0,0
G1_D1,552,0,0,0,0
B10_D1,61,0,151,0,0
G1_D1,54,0,388,0,0
G1_D1,738,0,0,0,0
G1_D1,236,0,271,0,0
G1_D1,880,0,260,0,0
B6_D1,671,0,158,0,0
G1_D1,991,0,201,0,0
B10_D1,674,0,242,0,0
B6_D1,78,0,129,0,0
B6_D1,58,0,504,0,0
B6_D1,366,0,499,0,0
B10_D1,193,0,174,0,0
B10_D1,193,0,113,0,0
G1_D1,309,0,195,0,0
B6_D1,428,0,13,0,0
B10_D1,225,0,345,0,0
B6_D1,633,0,419,0,0
G1_D1,60,0,23,0,0
G1_D1,581,0,142,0,0
B10_D1,631,0,140,0,0
B6_D1,208,0,390,0,0
B10_D1,292,0,266,0,0
B6_D1,23,0,133,0,0
G1_D1,252,0,273,0,0
G1_D1,927,0,111,0,0
B2_D1,874,0,125,0,0
B6_D1,1004,0,418,0,0
G1_D1,637,0,45,0,0
B10_D1,410,0,229,0,0
B10_D1,428,0,289,0,0
B4_D1,484,0,249,0,0
B2_D1,395,0,494,0,0
B6_D1,362,0,154,0,0
B10_D1,140,0,183,0,0
B10_D1,842,0,383,0,0
B10_D1,188,0,343,0,0
B6_D1,356,0,31,0,0
B6_D1,186,0,42,0,0
B6_D1,774,0,79,0,0
B2_D1,621,0,28,0,0
G1_D1,195,0,40,0,0
B10_D1,99,0,81,0,0
G1_D1,171,0,156,0,0
B6_D1,774,0,196,0,0
B10_D1,255,0,54,0,0
B6_D1,562,0,338,0,0
B10_D1,526,0,307,0,0
B6_D1,522,0,186,0,0
G1_D1,846,0,255,0,0
B10_D1,423,0,482,0,0
G1_D1,636,0,156,0,0
B6_D1,248,0,480,0,0
B6_D1,996,0,30,0,0
G1_D1,124,0,511,0,0
G1_D1,350,0,240,0,0
G1_D1,234,0,158,0,0
B10_D1,160,0,77,0,0
G1_D1,337,0,387,0,0
B6_D1,584,0,500,0,0
B10_D1,835,0,244,0,0
B6_D1,872,0,109,0,0
B10_D1,746,0,314,0,0
B2_D1,606,0,225,0,0
B6_D1,660,0,30,0,0
B10_D1,285,0,46,0,0
B6_D1,984,0,505,0,0
G1_D1,20,0,94,0,0
G1_D1,921,0,238,0,0
B2_D1,776,0,43,0,0
B6_D1,970,0,489,0,0
B10_D1,415,0,490,0,0
B10_D1,757,0,317,0,0
B6_D1,701,0,425,0,0
B6_D1,140,0,19,0,0
B10_D1,258,0,39,0,0
B2_D1,332,0,139,0,0
B10_D1,33,0,262,0,0
B10_D1,836,0,438,0,0
B8_D1,640,0,303,0,0
B4_D1,517,0,240,0,0
B6_D1,138,0,27,0,0
B8_D1,91,0,330,0,0
B6_D1,25,0,183,0,0
B10_D1,9,0,401,0,0
G1_D1,328,0,30,0,0
G1_D1,689,0,44,0,0
B2_D1,510,0,485,0,0
B10_D1,867,0,257,0,0
B10_D1,726,0,467,0,0
B2_D1,913,0,443,0,0
B6_D1,182,0,150,0,0
B6_D1,86,0,500,0,0
B10_D1,398,0,102,0,0
B10_D1,222,0,431,0,0
B4_D1,524,0,70,0,0
B6_D1,914,0,50,0,0
B10_D1,967,0,295,0,0
B10_D1,95,0,316,0,0
B10_D1,202,0,19,0,0
B8_D1,88,0,226,0,0
B6_D1,854,0,305,0,0
B10_D1,217,0,240,0,0
B2_D1,907,0,164,0,0
B10_D1,224,0,347,0,0
G1_D1,1002,0,156,0,0
B6_D1,268,0,157,0,0
G1_D1,581,0,220,0,0
B10_D1,62,0,122,0,0
B6_D1,175,0,112,0,0
B6_D1,564,0,21,0,0
B6_D1,823,0,151,0,0
B6_D1,24,0,282,0,0
G1_D1,548,0,145,0,0
B6_D1,448,0,60,0,0
B4_D1,512,0,241,0,0
B4_D1,708,0,70,0,0
G1_D1,337,0,54,0,0
B2_D1,678,0,96,0,0
B10_D1,381,0,259,0,0
B2_D1,618,0,112,0,0
B6_D1,1001,0,104,0,0
B6_D1,52,0,5,0,0
B10_D1,402,0,141,0,0
B6_D1,945,0,417,0,0
B6_D1,897,0,441,0,0
B8_D1,110,0,270,0,0
B4_D1,609,0,189,0,0
G1_D1,800,0,48,0,0
B2_D1,672,0,435,0,0
B6_D1,48,0,396,0,0
B6_D1,189,0,450,0,0
B10_D1,134,0,185,0,0
B2_D1,149,0,5,0,0
B10_D1,575,0,242,0,0
B6_D1,459,0,330,0,0
B6_D1,702,0,280,0,0
B10_D1,250,0,313,0,0
B2_D1,862,0,19,0,0
B6_D1,942,0,314,0,0
B8_D1,749,0,232,0,0
G1_D1,21,0,135,0,0
B6_D1,292,0,507,0,0
B6_D1,427,0,352,0,0
B8_D1,122,0,129,0,0
B2_D1,793,0,222,0,0
B6_D1,893,0,101,0,0
G1_D1,423,0,36,0,0
B2_D1,142,0,450,0,0
B6_D1,707,0,394,0,0
B6_D1,240,0,490,0,0
B6_D1,355,0,434,0,0
B6_D1,674,0,265,0,0
B6_D1,884,0,43,0,0
B10_D1,368,0,486,0,0
B6_D1,84,0,24,0,0
B6_D1,686,0,420,0,0
B4_D1,179,0,285,0,0
G1_D1,272,0,460,0,0
B8_D1,47,0,326,0,0
B10_D1,597,0,47,0,0
B4_D1,523,0,217,0,0
B10_D1,344,0,172,0,0
B8_D1,958,0,240,0,0
B6_D1,96,0,287,0,0
G1_D1,313,0,155,0,0
B6_D1,720,0,69,0,0
G1_D1,466,0,511,0,0
B6_D1,56,0,220,0,0
B10_D1,929,0,93,0,0
B10_D1,1014,0,467,0,0
B6_D1,114,0,490,0,0
B4_D1,981,0,82,0,0
G1_D1,788,0,58,0,0
B6_D1,100,0,391,0,0
B10_D1,907,0,3,0,0
B6_D1,370,0,225,0,0
B6_D1,880,0,148,0,0
B6_D1,46,0,483,0,0
B6_D1,248,0,86,0,0
B6_D1,588,0,508,0,0
G1_D1,85,0,51,0,0
B6_D1,514,0,495,0,0
B2_D1,625,0,48,0,0
G1_D1,587,0,85,0,0
B8_D1,617,0,230,0,0
B6_D1,346,0,385,0,0
B6_D1,540,0,186,0,0
G1_D1,23,0,184,0,0
G1_D1,982,0,97,0,0
G1_D1,51,0,93,0,0
B10_D1,564,0,304,0,0
G1_D1,475,0,215,0,0
B10_D1,459,0,269,0,0
B6_D1,45,0,140,0,0
B2_D1,135,0,441,0,0
B10_D1,539,0,163,0,0
G1_D1,494,0,226,0,0
B6_D1,176,0,28,0,0
B4_D1,998,0,256,0,0
B10_D1,125,0,203,0,0
B4_D1,125,0,105,0,0
B4_D1,211,0,38,0,0
B6_D1,592,0,507,0,0
B4_D1,768,0,211,0,0
G1_D1,949,0,262,0,0
B6_D1,663,0,210,0,0
G1_D1,834,0,245,0,0
B6_D1,354,0,45,0,0
B2_D1,935,0,406,0,0
B10_D1,352,0,180,0,0
B6_D1,15,0,322,0,0
G1_D1,718,0,35,0,0
B10_D1,862,0,46,0,0
B10_D1,466,0,161,0,0
B4_D1,291,0,212,0,0
B10_D1,70,0,156,0,0
B6_D1,686,0,286,0,0
G1_D1,554,0,105,0,0
B2_D1,504,0,490,0,0
B6_D1,580,0,478,0,0
B10_D1,16,0,102,0,0
B10_D1,843,0,346,0,0
B4_D1,620,0,304,0,0
B6_D1,134,0,167,0,0
B6_D1,940,0,5,0,0
G1_D1,146,0,1,0,0
B10_D1,540,0,164,0,0
B2_D1,847,0,26,0,0
B6_D1,623,0,313,0,0
B6_D1,376,0,55,0,0
B10_D1,776,0,275,0,0
B10_D1,733,0,99,0,0
G1_D1,100,0,3,0,0
B6_D1,900,0,15,0,0
G1_D1,109,0,16,0,0
B10_D1,439,0,490,0,0
B6_D1,800,0,1,0,0
B10_D1,167,0,238,0,0
B6_D1,648,0,374,0,0
B6_D1,875,0,341,0,0
B6_D1,1021,0,416,0,0
B10_D1,442,0,96,0,0
B6_D1,806,0,144,0,0
B6_D1,82,0,313,0,0
B6_D1,309,0,241,0,0
B10_D1,201,0,159,0,0
B10_D1,956,0,287,0,0
B6_D1,912,0,21,0,0
B2_D1,705,0,497,0,0
B10_D1,691,0,14,0,0
B10_D1,549,0,324,0,0
B10_D1,645,0,307,0,0
B10_D1,448,0,37,0,0
B6_D1,704,0,443,0,0
B10_D1,979,0,59,0,0
B4_D1,756,0,206,0,0
G1_D1,561,0,10,0,0
B2_D1,544,0,288,0,0
B2_D1,804,0,64,0,0
B6_D1,880,0,2,0,0
B10_D1,8,0,358,0,0
B6_D1,998,0,56,0,0
B6_D1,47,0,273,0,0
G1_D1,361,0,226,0,0
B6_D1,86,0,98,0,0
B10_D1,284,0,348,0,0
B10_D1,828,0,47,0,0
G1_D1,986,0,18,0,0
G1_D1,688,0,282,0,0
B10_D1,820,0,68,0,0
B6_D1,426,0,420,0,0
B6_D1,749,0,288,0,0
G1_D1,209,0,79,0,0
B10_D1,439,0,101,0,0
B8_D1,737,0,313,0,0
B4_D1,214,0,184,0,0
B10_D1,479,0,481,0,0
B6_D1,740,0,500,0,0
B6_D1,452,0,494,0,0
B6_D1,250,0,17,0,0
B10_D1,322,0,212,0,0
B6_D1,967,0,459,0,0
B10_D1,573,0,321,0,0
G1_D1,832,0,9,0,0
B10_D1,258,0,208,0,0
B2_D1,865,0,462,0,0
B10_D1,50,0,145,0,0
B10_D1,473,0,57,0,0
B10_D1,629,0,465,0,0
B6_D1,112,0,507,0,0
B6_D1,950,0,200,0,0
B10_D1,798,0,5,0,0
B6_D1,406,0,175,0,0
B10_D1,53,0,293,0,0
B10_D1,323,0,274,0,0
G1_D1,41,0,15,0,0
B2_D1,150,0,108,0,0
G1_D1,666,0,141,0,0
G1_D1,30,0,23,0,0
B10_D1,886,0,456,0,0
G1_D1,1007,0,84,0,0
B10_D1,618,0,355,0,0
B6_D1,684,0,499,0,0
G1_D1,371,0,15,0,0
B4_D1,364,0,369,0,0
G1_D1,545,0,91,0,0
B6_D1,288,0,334,0,0
B10_D1,524,0,220,0,0
B6_D1,955,0,213,0,0
B4_D1,4,0,272,0,0
B2_D1,850,0,243,0,0
B2_D1,931,0,22,0,0
B10_D1,602,0,211,0,0
B10_D1,217,0,118,0,0
G1_D1,163,0,225,0,0
B10_D1,758,0,450,0,0
B4_D1,179,0,71,0,0
B6_D1,557,0,388,0,0
B10_D1,173,0,47,0,0
B10_D1,732,0,471,0,0
G1_D1,75,0,95,0,0
B10_D1,922,0,383,0,0
B10_D1,63,0,22,0,0
B10_D1,812,0,446,0,0
B6_D1,166,0,239,0,0
B2_D1,244,0,511,0,0
B4_D1,751,0,317,0,0
B10_D1,309,0,94,0,0
B10_D1,567,0,294,0,0
B10_D1,277,0,347,0,0
B10_D1,349,0,163,0,0
B10_D1,511,0,52,0,0
G1_D1,68,0,23,0,0
B6_D1,862,0,200,0,0
B10_D1,690,0,191,0,0
B10_D1,579,0,445,0,0
B6_D1,817,0,188,0,0
G1_D1,470,0,102,0,0
B10_D1,151,0,50,0,0
B10_D1,644,0,382,0,0
G1_D1,245,0,121,0,0
G1_D1,920,0,438,0,0
B10_D1,894,0,473,0,0
B10_D1,410,0,227,0,0
G1_D1,880,0,463,0,0
B2_D1,459,0,40,0,0
G1_D1,278,0,122,0,0
G1_D1,305,0,458,0,0
B10_D1,319,0,238,0,0
B6_D1,992,0,500,0,0
B2_D1,171,0,473,0,0
B2_D1,690,0,361,0,0
B10_D1,31,0,79,0,0
G1_D1,717,0,470,0,0
B4_D1,111,0,3,0,0
B6_D1,773,0,353,0,0
B10_D1,809,0,382,0,0
B2_D1,755,0,2,0,0
B6_D1,926,0,303,0,0
B10_D1,721,0,123,0,0
B6_D1,246,0,124,0,0
B2_D1,123,0,116,0,0
B4_D1,660,0,278,0,0
B10_D1,217,0,257,0,0
B10_D1,420,0,10,0,0
B6_D1,26,0,506,0,0
B10_D1,791,0,111,0,0
B2_D1,147,0,303,0,0
G1_D1,207,0,179,0,0
B6_D1,573,0,480,0,0
B2_D1,354,0,510,0,0
B10_D1,777,0,469,0,0
G1_D1,1017,0,47,0,0
B10_D1,281,0,329,0,0
B10_D1,656,0,76,0,0
G1_D1,317,0,415,0,0
B6_D1,661,0,222,0,0
B2_D1,2,0,38,0,0
B2_D1,719,0,52,0,0
B10_D1,268,0,423,0,0
B4_D1,360,0,300,0,0
B6_D1,849,0,481,0,0
B10_D1,571,0,289,0,0
B10_D1,966,0,82,0,0
B10_D1,970,0,79,0,0
B6_D1,466,0,478,0,0
B10_D1,122,0,55,0,0
B6_D1,384,0,18,0,0
B10_D1,188,0,172,0,0
G1_D1,203,0,109,0,0
B10_D1,477,0,496,0,0
B6_D1,351,0,108,0,0
B10_D1,754,0,167,0,0
G1_D1,896,0,1,0,0
B6_D1,1022,0,28,0,0
B8_D1,462,0,289,0,0
B6_D1,258,0,82,0,0
B6_D1,925,0,406,0,0
B10_D1,572,0,204,0,0
B6_D1,644,0,66,0,0
B6_D1,520,0,501,0,0
G1_D1,739,0,235,0,0
B10_D1,286,0,203,0,0
B2_D1,536,0,160,0,0
B6_D1,938,0,95,0,0
B10_D1,29,0,124,0,0
G1_D1,678,0,275,0,0
B6_D1,207,0,76,0,0
B10_D1,97,0,131,0,0
B6_D1,847,0,158,0,0
B10_D1,394,0,118,0,0
G1_D1,783,0,302,0,0
B6_D1,288,0,6,0,0
B10_D1,172,0,27,0,0
B6_D1,702,0,505,0,0
B6_D1,863,0,307,0,0
G1_D1,86,0,92,0,0
G1_D1,217,0,131,0,0
B6_D1,518,0,344,0,0
B2_D1,798,0,361,0,0
B6_D1,985,0,425,0,0
B10_D1,193,0,61,0,0
B6_D1,765,0,185,0,0
B6_D1,30,0,27,0,0
B10_D1,390,0,260,0,0
B10_D1,275,0,318,0,0
B6_D1,109,0,109,0,0
G1_D1,496,0,510,0,0
B6_D1,390,0,24,0,0
B10_D1,1015,0,72,0,0
B10_D1,566,0,98,0,0
B6_D1,17,0,347,0,0
B2_D1,254,0,510,0,0
B6_D1,165,0,103,0,0
B10_D1,357,0,259,0,0
B2_D1,854,0,35,0,0
B10_D1,24,0,66,0,0
B6_D1,284,0,22,0,0
B6_D1,874,0,239,0,0
B10_D1,545,0,270,0,0
B10_D1,293,0,267,0,0
G1_D1,152,0,24,0,0
B10_D1,31,0,93,0,0
B6_D1,476,0,503,0,0
B10_D1,166,0,54,0,0
B6_D1,485,0,413,0,0
G1_D1,753,0,4,0,0
B6_D1,623,0,51,0,0
B10_D1,832,0,428,0,0
B6_D1,623,0,444,0,0
B6_D1,714,0,9,0,0
B4_D1,71,0,16,0,0
G1_D1,988,0,280,0,0
B10_D1,158,0,180,0,0
B10_D1,1013,0,466,0,0
G1_D1,872,0,5,0,0
G1_D1,284,0,11,0,0
B4_D1,525,0,281,0,0
B6_D1,905,0,300,0,0
B8_D1,318,0,313,0,0
B6_D1,122,0,509,0,0
B4_D1,495,0,282,0,0
B6_D1,823,0,119,0,0
B2_D1,197,0,235,0,0
B10_D1,421,0,234,0,0
G1_D1,50,0,67,0,0
B6_D1,290,0,48,0,0
B4_D1,73,0,324,0,0
B4_D1,619,0,144,0,0
B6_D1,366,0,39,0,0
B10_D1,866,0,376,0,0
B10_D1,1017,0,4,0,0
B10_D1,834,0,242,0,0
B6_D1,949,0,138,0,0
B6_D1,304,0,205,0,0
G1_D1,1022,0,68,0,0
B4_D1,539,0,184,0,0
G1_D1,774,0,110,0,0
B10_D1,244,0,67,0,0
B4_D1,861,0,211,0,0
B10_D1,251,0,92,0,0
B6_D1,882,0,49,0,0
B6_D1,423,0,284,0,0
B10_D1,796,0,252,0,0
B10_D1,412,0,250,0,0
G1_D1,705,0,45,0,0
B6_D1,352,0,35,0,0
B10_D1,291,0,101,0,0
B10_D1,197,0,232,0,0
B6_D1,738,0,280,0,0
B10_D1,335,0,247,0,0
B6_D1,848,0,482,0,0
B4_D1,585,0,113,0,0
B10_D1,742,0,252,0,0
B6_D1,940,0,483,0,0
B6_D1,138,0,149,0,0
G1_D1,187,0,232,0,0
B6_D1,942,0,9,0,0
G1_D1,552,0,21,0,0
B6_D1,127,0,278,0,0
G1_D1,61,0,74,0,0
G1_D1,1023,0,232,0,0
B2_D1,786,0,486,0,0
B6_D1,299,0,50,0,0
B6_D1,745,0,244,0,0
G1_D1,789,0,389,0,0
B10_D1,54,0,92,0,0
B10_D1,20,0,140,0,0
B10_D1,269,0,510,0,0
B10_D1,283,0,237,0,0
B2_D1,990,0,54,0,0
B6_D1,552,0,178,0,0
B2_D1,709,0,200,0,0
B6_D1,70,0,14,0,0
B6_D1,285,0,361,0,0
B2_D1,779,0,49,0,0
B6_D1,392,0,7,0,0
G1_D1,150,0,32,0,0
G1_D1,314,0,5,0,0
B6_D1,197,0,131,0,0
B6_D1,13,0,292,0,0
B10_D1,227,0,137,0,0
G1_D1,839,0,163,0,0
G1_D1,702,0,67,0,0
B10_D1,179,0,268,0,0
B6_D1,662,0,503,0,0
B10_D1,394,0,197,0,0
B10_D1,335,0,235,0,0
B2_D1,599,0,159,0,0
B6_D1,141,0,305,0,0
B10_D1,100,0,461,0,0
B6_D1,870,0,194,0,0
G1_D1,944,0,238,0,0
G1_D1,27,0,250,0,0
B10_D1,407,0,138,0,0
B6_D1,859,0,341,0,0
B4_D1,116,0,338,0,0
B4_D1,687,0,192,0,0
B10_D1,191,0,241,0,0
G1_D1,606,0,95,0,0
B10_D1,738,0,116,0,0
G1_D1,755,0,62,0,0
B2_D1,857,0,84,0,0
B10_D1,731,0,336,0,0
B6_D1,790,0,495,0,0
B10_D1,321,0,179,0,0
B8_D1,133,0,217,0,0
B6_D1,524,0,25,0,0
B6_D1,744,0,149,0,0
B10_D1,891,0,14,0,0
G1_D1,821,0,128,0,0
G1_D1,245,0,14,0,0
G1_D1,138,0,218,0,0
B10_D1,577,0,214,0,0
B2_D1,854,0,39,0,0
B4_D1,876,0,125,0,0
B2_D1,78,0,510,0,0
G1_D1,9,0,332,0,0
B6_D1,636,0,330,0,0
B6_D1,104,0,394,0,0
B2_D1,364,0,50,0,0
B6_D1,546,0,18,0,0
B6_D1,841,0,258,0,0
B6_D1,438,0,111,0,0
G1_D1,1015,0,278,0,0
B4_D1,126,0,157,0,0
B6_D1,373,0,439,0,0
B6_D1,470,0,4,0,0
B10_D1,1007,0,482,0,0
G1_D1,75,0,382,0,0
B6_D1,936,0,419,0,0
B6_D1,703,0,340,0,0
G1_D1,715,0,101,0,0
G1_D1,870,0,214,0,0
B2_D1,774,0,285,0,0
G1_D1,982,0,77,0,0
B10_D1,257,0,60,0,0
B4_D1,869,0,68,0,0
B4_D1,935,0,45,0,0
B10_D1,473,0,255,0,0
G1_D1,314,0,423,0,0
B6_D1,93,0,275,0,0
B4_D1,495,0,201,0,0
B6_D1,581,0,388,0,0
B2_D1,125,0,426,0,0
B4_D1,194,0,52,0,0
B6_D1,78,0,316,0,0
B6_D1,266,0,255,0,0
B4_D1,781,0,270,0,0
G1_D1,711,0,273,0,0
B6_D1,772,0,261,0,0
B10_D1,513,0,27,0,0
B6_D1,668,0,40,0,0
B10_D1,43,0,3,0,0
B10_D1,728,0,454,0,0
B4_D1,7,0,472,0,0
B6_D1,945,0,392,0,0
B2_D1,758,0,69,0,0
B2_D1,642,0,511,0,0
B10_D1,259,0,315,0,0
B10_D1,564,0,70,0,0
B10_D1,14,0,202,0,0
B2_D1,170,0,510,0,0
B4_D1,981,0,106,0,0
B10_D1,625,0,179,0,0
B10_D1,555,0,321,0,0
B6_D1,816,0,505,0,0
G1_D1,551,0,2,0,0
G1_D1,67,0,306,0,0
B6_D1,791,0,78,0,0
G1_D1,927,0,65,0,0
G1_D1,912,0,317,0,0
B10_D1,192,0,29,0,0
B6_D1,340,0,14,0,0
B4_D1,6,0,183,0,0
B10_D1,537,0,88,0,0
B6_D1,456,0,496,0,0
B2_D1,794,0,466,0,0
B10_D1,685,0,282,0,0
B10_D1,245,0,11,0,0
B10_D1,165,0,444,0,0
G1_D1,1003,0,110,0,0
B6_D1,653,0,342,0,0
G1_D1,195,0,126,0,0
B10_D1,1000,0,483,0,0
B6_D1,825,0,308,0,0
B10_D1,185,0,410,0,0
B10_D1,152,0,342,0,0
G1_D1,34,0,216,0,0
B10_D1,25,0,167,0,0
B10_D1,478,0,337,0,0
G1_D1,936,0,51,0,0
B6_D1,805,0,301,0,0
B10_D1,219,0,458,0,0
B10_D1,568,0,288,0,0
B6_D1,504,0,249,0,0
B10_D1,411,0,258,0,0
G1_D1,171,0,17,0,0
B6_D1,382,0,333,0,0
G1_D1,438,0,234,0,0
B6_D1,113,0,453,0,0
B10_D1,466,0,138,0,0
B6_D1,166,0,114,0,0
G1_D1,492,0,509,0,0
B10_D1,466,0,135,0,0
B10_D1,471,0,509,0,0
G1_D1,317,0,229,0,0
B10_D1,581,0,408,0,0
B10_D1,947,0,63,0,0
B6_D1,578,0,500,0,0
B10_D1,916,0,323,0,0
B10_D1,876,0,232,0,0
B10_D1,237,0,357,0,0
G1_D1,70,0,41,0,0
B6_D1,129,0,274,0,0
B10_D1,506,0,333,0,0
G1_D1,46,0,269,0,0
B10_D1,685,0,65,0,0
G1_D1,816,0,38,0,0
B6_D1,574,0,2,0,0
B10_D1,984,0,208,0,0
B2_D1,388,0,493,0,0
B6_D1,424,0,5,0,0
B10_D1,276,0,5,0,0
B6_D1,578,0,503,0,0
B10_D1,597,0,9,0,0
B6_D1,288,0,27,0,0
B4_D1,161,0,4,0,0
B6_D1,798,0,30,0,0
G1_D1,370,0,237,0,0
G1_D1,210,0,237,0,0
B6_D1,83,0,390,0,0
B6_D1,996,0,95,0,0
B2_D1,610,0,467,0,0
B6_D1,291,0,382,0,0
B6_D1,1001,0,306,0,0
B4_D1,96,0,281,0,0
G1_D1,531,0,236,0,0
B10_D1,652,0,113,0,0
G1_D1,17,0,72,0,0
G1_D1,908,0,244,0,0
G1_D1,264,0,337,0,0
B4_D1,613,0,352,0,0
B10_D1,880,0,208,0,0
B4_D1,157,0,94,0,0
B10_D1,517,0,309,0,0
B4_D1,277,0,309,0,0
B10_D1,605,0,497,0,0
B10_D1,535,0,120,0,0
G1_D1,141,0,178,0,0
B6_D1,268,0,486,0,0
G1_D1,526,0,511,0,0
G1_D1,785,0,75,0,0
B6_D1,553,0,380,0,0
B4_D1,626,0,148,0,0
G1_D1,814,0,64,0,0
B10_D1,775,0,99,0,0
B6_D1,238,0,194,0,0
B6_D1,927,0,403,0,0
G1_D1,39,0,209,0,0
B6_D1,720,0,39,0,0
B10_D1,575,0,282,0,0
G1_D1,787,0,86,0,0
B10_D1,706,0,480,0,0
B6_D1,721,0,147,0,0
B2_D1,412,0,288,0,0
B6_D1,651,0,458,0,0
B6_D1,58,0,125,0,0
B4_D1,1019,0,31,0,0
B4_D1,33,0,21,0,0
B10_D1,68,0,94,0,0
B6_D1,5,0,408,0,0
G1_D1,20,0,199,0,0
B10_D1,491,0,28,0,0
G1_D1,550,0,125,0,0
B10_D1,218,0,163,0,0
B10_D1,182,0,58,0,0
B4_D1,617,0,353,0,0
B10_D1,616,0,6,0,0
G1_D1,831,0,161,0,0
B8_D1,127,0,210,0,0
B6_D1,353,0,244,0,0
B10_D1,122,0,205,0,0
B10_D1,749,0,464,0,0
B6_D1,526,0,428,0,0
G1_D1,924,0,110,0,0
B10_D1,746,0,510,0,0
B10_D1,539,0,260,0,0
B6_D1,932,0,46,0,0
B10_D1,162,0,166,0,0
B6_D1,281,0,135,0,0
B6_D1,359,0,102,0,0
G1_D1,574,0,288,0,0
G1_D1,235,0,6,0,0
B6_D1,55,0,175,0,0
B10_D1,213,0,128,0,0
B6_D1,626,0,427,0,0
B10_D1,354,0,182,0,0
B6_D1,710,0,183,0,0
B4_D1,243,0,37,0,0
B6_D1,207,0,358,0,0
B4_D1,170,0,140,0,0
B10_D1,686,0,444,0,0
B10_D1,800,0,243,0,0
B10_D1,266,0,281,0,0
G1_D1,897,0,62,0,0
B6_D1,658,0,187,0,0
G1_D1,675,0,259,0,0
G1_D1,454,0,130,0,0
B6_D1,216,0,179,0,0
B4_D1,116,0,141,0,0
B10_D1,986,0,51,0,0
B10_D1,455,0,60,0,0
B10_D1,38,0,16,0,0
B2_D1,293,0,125,0,0
B6_D1,554,0,48,0,0
B4_D1,27,0,34,0,0
B10_D1,279,0,251,0,0
G1_D1,130,0,369,0,0
B10_D1,473,0,79,0,0
B6_D1,442,0,17,0,0
B6_D1,427,0,54,0,0
B10_D1,474,0,40,0,0
B10_D1,452,0,126,0,0
B4_D1,641,0,114,0,0
B10_D1,974,0,52,0,0
B6_D1,822,0,18,0,0
B2_D1,501,0,39,0,0
B6_D1,126,0,93,0,0
B10_D1,358,0,340,0,0
G1_D1,713,0,28,0,0
G1_D1,54,0,398,0,0
B10_D1,82,0,153,0,0
B2_D1,892,0,40,0,0
B8_D1,198,0,3,0,0
B6_D1,196,0,387,0,0
G1_D1,33,0,122,0,0
B10_D1,367,0,506,0,0
B10_D1,613,0,352,0,0
B10_D1,72,0,313,0,0
B10_D1,331,0,413,0,0
G1_D1,764,0,11,0,0
G1_D1,62,0,344,0,0
B10_D1,143,0,267,0,0
G1_D1,1018,0,507,0,0
B6_D1,22,0,215,0,0
B10_D1,61,0,168,0,0
B6_D1,353,0,95,0,0
B10_D1,258,0,149,0,0
B6_D1,900,0,39,0,0
G1_D1,939,0,241,0,0
B6_D1,676,0,267,0,0
B6_D1,493,0,184,0,0
B4_D1,203,0,67,0,0
B2_D1,241,0,508,0,0
G1_D1,265,0,62,0,0
G1_D1,968,0,23,0,0
B6_D1,1011,0,109,0,0
B6_D1,5,0,476,0,0
B10_D1,366,0,158,0,0
B6_D1,842,0,40,0,0
B10_D1,764,0,323,0,0
G1_D1,533,0,2,0,0
B10_D1,94,0,461,0,0
G1_D1,54,0,27,0,0
B10_D1,920,0,320,0,0
B6_D1,270,0,137,0,0
B10_D1,634,0,145,0,0
G1_D1,991,0,192,0,0
B6_D1,978,0,343,0,0
B6_D1,654,0,490,0,0
B6_D1,828,0,24,0,0
B4_D1,972,0,209,0,0
B6_D1,968,0,365,0,0
B10_D1,641,0,210,0,0
B10_D1,854,0,345,0,0
B10_D1,963,0,74,0,0
B4_D1,317,0,217,0,0
B10_D1,30,0,190,0,0
B10_D1,663,0,28,0,0
B6_D1,60,0,129,0,0
B6_D1,913,0,341,0,0
B10_D1,486,0,91,0,0
G1_D1,551,0,43,0,0
B2_D1,758,0,63,0,0
B6_D1,829,0,262,0,0
B6_D1,731,0,72,0,0
B6_D1,964,0,248,0,0
B6_D1,17,0,62,0,0
B10_D1,820,0,240,0,0
B6_D1,14,0,51,0,0
G1_D1,810,0,264,0,0
B10_D1,573,0,86,0,0
B8_D1,789,0,229,0,0
G1_D1,451,0,6,0,0
B10_D1,328,0,96,0,0
B4_D1,708,0,199,0,0
B10_D1,287,0,417,0,0
B10_D1,418,0,508,0,0
B2_D1,534,0,481,0,0
B10_D1,53,0,264,0,0
B10_D1,465,0,303,0,0
B2_D1,616,0,161,0,0
G1_D1,388,0,34,0,0
B10_D1,368,0,34,0,0
G1_D1,996,0,256,0,0
G1_D1,614,0,1,0,0
G1_D1,206,0,144,0,0
B6_D1,581,0,443,0,0
B10_D1,934,0,370,0,0
B6_D1,888,0,297,0,0
B6_D1,691,0,201,0,0
B6_D1,36,0,12,0,0
B4_D1,1,0,315,0,0
B6_D1,678,0,456,0,0
G1_D1,857,0,118,0,0
B6_D1,546,0,120,0,0
B6_D1,648,0,490,0,0
B10_D1,716,0,8,0,0
G1_D1,983,0,214,0,0
B6_D1,836,0,157,0,0
B6_D1,106,0,44,0,0
B10_D1,608,0,184,0,0
B10_D1,658,0,105,0,0
B6_D1,556,0,341,0,0
B2_D1,823,0,230,0,0
B10_D1,196,0,77,0,0
B10_D1,601,0,15,0,0
B6_D1,806,0,89,0,0
B6_D1,275,0,343,0,0
B6_D1,661,0,65,0,0
B6_D1,612,0,24,0,0
B10_D1,393,0,1,0,0
B6_D1,317,0,477,0,0
B10_D1,149,0,293,0,0
B2_D1,566,0,362,0,0
B10_D1,32,0,46,0,0
G1_D1,401,0,14,0,0
B10_D1,284,0,202,0,0
B2_D1,438,0,286,0,0
B6_D1,869,0,347,0,0
B6_D1,210,0,434,0,0
G1_D1,137,0,105,0,0
B6_D1,1007,0,99,0,0
B6_D1,845,0,155,0,0
B6_D1,745,0,435,0,0
G1_D1,844,0,17,0,0
G1_D1,170,0,341,0,0
B10_D1,303,0,193,0,0
B6_D1,642,0,493,0,0
B6_D1,238,0,305,0,0
B10_D1,343,0,249,0,0
B6_D1,222,0,91,0,0
B4_D1,237,0,133,0,0
B10_D1,96,0,267,0,0
B10_D1,725,0,2,0,0
G1_D1,54,0,100,0,0
G1_D1,824,0,11,0,0
B6_D1,0,0,42,0,0
B6_D1,537,0,387,0,0
G1_D1,32,0,405,0,0
B6_D1,146,0,4,0,0
G1_D1,230,0,135,0,0
B6_D1,103,0,246,0,0
G1_D1,45,0,125,0,0
B6_D1,608,0,1,0,0
B6_D1,216,0,12,0,0
B6_D1,962,0,234,0,0
G1_D1,341,0,97,0,0
B10_D1,336,0,155,0,0
B6_D1,50,0,43,0,0
B6_D1,709,0,398,0,0
B6_D1,232,0,507,0,0
G1_D1,606,0,0,0,0
B10_D1,996,0,267,0,0
B10_D1,170,0,9,0,0
B4_D1,2,0,301,0,0
B6_D1,782,0,162,0,0
B6_D1,541,0,310,0,0
B10_D1,145,0,318,0,0
G1_D1,920,0,294,0,0
B10_D1,597,0,205,0,0
B10_D1,6,0,262,0,0
B6_D1,2,0,77,0,0
B10_D1,34,0,137,0,0
B10_D1,164,0,228,0,0
B2_D1,391,0,481,0,0
B4_D1,589,0,301,0,0
B6_D1,424,0,408,0,0
B4_D1,9,0,43,0,0
B6_D1,984,0,6,0,0
G1_D1,15,0,43,0,0
B6_D1,778,0,26,0,0
B6_D1,902,0,497,0,0
B2_D1,866,0,2,0,0
B6_D1,158,0,40,0,0
B6_D1,284,0,272,0,0
B6_D1,716,0,37,0,0
B6_D1,227,0,240,0,0
B10_D1,450,0,115,0,0
B6_D1,48,0,449,0,0
B4_D1,669,0,248,0,0
B10_D1,541,0,63,0,0
B10_D1,249,0,47,0,0
B2_D1,533,0,510,0,0
B10_D1,484,0,180,0,0
B10_D1,460,0,4,0,0
B6_D1,884,0,37,0,0
B6_D1,556,0,460,0,0
B6_D1,912,0,6,0,0
B6_D1,219,0,374,0,0
B10_D1,102,0,84,0,0
G1_D1,423,0,94,0,0
B8_D1,406,0,195,0,0
B10_D1,609,0,279,0,0
B6_D1,933,0,132,0,0
B6_D1,484,0,507,0,0
B10_D1,240,0,157,0,0
B10_D1,959,0,239,0,0
B6_D1,662,0,162,0,0
B6_D1,408,0,33,0,0
B6_D1,68,0,16,0,0
G1_D1,293,0,2,0,0
B10_D1,253,0,41,0,0
B6_D1,756,0,159,0,0
B6_D1,688,0,495,0,0
B10_D1,347,0,0,0,0
G1_D1,554,0,29,0,0
B6_D1,344,0,34,0,0
B6_D1,328,0,495,0,0
B6_D1,564,0,375,0,0
B10_D1,408,0,254,0,0
B10_D1,472,0,313,0,0
B10_D1,412,0,457,0,0
B10_D1,356,0,9,0,0
B6_D1,570,0,300,0,0
B6_D1,125,0,254,0,0
B10_D1,1021,0,151,0,0
G1_D1,220,0,496,0,0
G1_D1,55,0,12,0,0
B4_D1,5,0,163,0,0
B6_D1,418,0,510,0,0
B6_D1,533,0,283,0,0
G1_D1,977,0,72,0,0
B6_D1,454,0,507,0,0
G1_D1,594,0,190,0,0
B6_D1,604,0,32,0,0
B10_D1,892,0,77,0,0
B6_D1,57,0,351,0,0
B6_D1,111,0,399,0,0
B6_D1,442,0,35,0,0
B6_D1,715,0,193,0,0
B10_D1,839,0,90,0,0
B10_D1,768,0,44,0,0
B6_D1,162,0,177,0,0
B10_D1,378,0,56,0,0
B10_D1,137,0,292,0,0
B6_D1,82,0,270,0,0
B6_D1,252,0,493,0,0
G1_D1,320,0,288,0,0
G1_D1,280,0,68,0,0
B10_D1,110,0,459,0,0
B6_D1,277,0,159,0,0
G1_D1,236,0,23,0,0
B6_D1,822,0,59,0,0
B6_D1,680,0,126,0,0
B10_D1,916,0,389,0,0
B10_D1,528,0,118,0,0
B10_D1,17,0,25,0,0
B10_D1,308,0,93,0,0
G1_D1,703,0,88,0,0
B6_D1,48,0,36,0,0
G1_D1,181,0,6,0,0
B4_D1,730,0,197,0,0
B6_D1,416,0,387,0,0
B10_D1,138,0,184,0,0
B6_D1,358,0,167,0,0
B10_D1,326,0,273,0,0
G1_D1,136,0,60,0,0
B10_D1,311,0,511,0,0
B6_D1,142,0,253,0,0
B6_D1,543,0,231,0,0
B10_D1,526,0,409,0,0
B10_D1,590,0,184,0,0
B10_D1,30,0,324,0,0
B6_D1,102,0,433,0,0
B2_D1,413,0,160,0,0
B6_D1,935,0,216,0,0
B6_D1,790,0,201,0,0
B6_D1,848,0,503,0,0
B10_D1,248,0,341,0,0
B2_D1,282,0,142,0,0
G1_D1,26,0,201,0,0
B6_D1,791,0,329,0,0
B6_D1,84,0,42,0,0
B8_D1,301,0,319,0,0
B10_D1,59,0,299,0,0
B2_D1,363,0,483,0,0
B6_D1,570,0,436,0,0
B10_D1,279,0,47,0,0
B10_D1,1019,0,92,0,0
G1_D1,280,0,458,0,0
B10_D1,130,0,229,0,0
B6_D1,312,0,387,0,0
B6_D1,564,0,12,0,0
B10_D1,138,0,352,0,0
B10_D1,229,0,257,0,0
B10_D1,765,0,269,0,0
B6_D1,164,0,426,0,0
B10_D1,144,0,242,0,0
B8_D1,1022,0,76,0,0
B6_D1,778,0,90,0,0
B10_D1,643,0,261,0,0
B6_D1,924,0,36,0,0
B10_D1,763,0,327,0,0
B6_D1,704,0,491,0,0
B2_D1,768,0,21,0,0
B10_D1,170,0,228,0,0
B10_D1,280,0,319,0,0
B4_D1,279,0,144,0,0
B10_D1,577,0,3,0,0
G1_D1,961,0,113,0,0
B6_D1,856,0,35,0,0
B6_D1,309,0,218,0,0
B6_D1,52,0,191,0,0
G1_D1,245,0,279,0,0
G1_D1,727,0,255,0,0
B2_D1,904,0,41,0,0
B6_D1,998,0,302,0,0
B10_D1,109,0,3,0,0
B6_D1,900,0,21,0,0
B10_D1,740,0,48,0,0
B6_D1,9,0,153,0,0
B6_D1,263,0,477,0,0
G1_D1,926,0,20,0,0
B10_D1,82,0,227,0,0
B10_D1,556,0,159,0,0
B6_D1,954,0,6,0,0
B6_D1,606,0,490,0,0
B10_D1,320,0,216,0,0
G1_D1,1009,0,197,0,0
B10_D1,229,0,3,0,0
B8_D1,69,0,272,0,0
G1_D1,241,0,492,0,0
B10_D1,29,0,12,0,0
G1_D1,215,0,15,0,0
B10_D1,52,0,121,0,0
B6_D1,182,0,482,0,0
B8_D1,755,0,228,0,0
B10_D1,340,0,311,0,0
B4_D1,547,0,293,0,0
G1_D1,922,0,218,0,0
G1_D1,931,0,22,0,0
B10_D1,13,0,179,0,0
B8_D1,367,0,288,0,0
B10_D1,1003,0,3,0,0
B6_D1,662,0,488,0,0
G1_D1,173,0,409,0,0
B10_D1,757,0,420,0,0
B6_D1,674,0,344,0,0
B2_D1,0,0,4,0,0
G1_D1,66,0,61,0,0
B10_D1,678,0,96,0,0
B6_D1,371,0,440,0,0
B4_D1,912,0,320,0,0
B4_D1,184,0,360,0,0
B10_D1,854,0,343,0,0
B10_D1,197,0,275,0,0
B6_D1,959,0,251,0,0
B4_D1,290,0,45,0,0
G1_D1,915,0,236,0,0
B6_D1,476,0,174,0,0
G1_D1,197,0,52,0,0
G1_D1,367,0,472,0,0
B2_D1,523,0,464,0,0
G1_D1,799,0,202,0,0
B4_D1,759,0,193,0,0
B6_D1,307,0,381,0,0
G1_D1,839,0,392,0,0
B6_D1,638,0,22,0,0
B10_D1,132,0,504,0,0
G1_D1,748,0,40,0,0
B10_D1,221,0,23,0,0
B10_D1,642,0,414,0,0
B4_D1,543,0,409,0,0
G1_D1,724,0,18,0,0
B6_D1,857,0,438,0,0
B10_D1,133,0,127,0,0
B6_D1,460,0,29,0,0
B6_D1,958,0,264,0,0
G1_D1,30,0,31,0,0
B10_D1,580,0,335,0,0
B10_D1,324,0,64,0,0
B10_D1,344,0,18,0,0
B6_D1,912,0,49,0,0
G1_D1,435,0,257,0,0
G1_D1,637,0,177,0,0
B10_D1,669,0,269,0,0
G1_D1,668,0,11,0,0
G1_D1,96,0,268,0,0
B10_D1,72,0,172,0,0
B10_D1,184,0,103,0,0
B8_D1,129,0,266,0,0
B6_D1,396,0,332,0,0
G1_D1,929,0,263,0,0
G1_D1,937,0,271,0,0
B6_D1,878,0,7,0,0
G1_D1,403,0,226,0,0
B6_D1,85,0,423,0,0
G1_D1,416,0,478,0,0
B4_D1,255,0,129,0,0
B10_D1,230,0,48,0,0
B10_D1,238,0,160,0,0
G1_D1,884,0,134,0,0
B10_D1,81,0,2,0,0
G1_D1,403,0,133,0,0
B10_D1,953,0,15,0,0
B4_D1,619,0,216,0,0
B6_D1,832,0,5,0,0
G1_D1,731,0,249,0,0
B2_D1,940,0,85,0,0
G1_D1,992,0,89,0,0
B6_D1,806,0,348,0,0
B10_D1,710,0,418,0,0
G1_D1,402,0,278,0,0
B10_D1,557,0,117,0,0
G1_D1,802,0,51,0,0
B10_D1,253,0,303,0,0
B10_D1,664,0,162,0,0
B6_D1,544,0,20,0,0
B6_D1,175,0,385,0,0
B4_D1,966,0,100,0,0
B10_D1,24,0,324,0,0
B6_D1,546,0,293,0,0
B2_D1,1023,0,232,0,0
B6_D1,326,0,37,0,0
B2_D1,121,0,114,0,0
G1_D1,201,0,32,0,0
G1_D1,909,0,110,0,0
B2_D1,326,0,36,0,0
B10_D1,118,0,257,0,0
G1_D1,422,0,370,0,0
B2_D1,178,0,245,0,0
B6_D1,63,0,143,0,0
B2_D1,693,0,53,0,0
B10_D1,747,0,124,0,0
B10_D1,431,0,272,0,0
B6_D1,216,0,172,0,0
G1_D1,810,0,304,0,0
B6_D1,298,0,23,0,0
B4_D1,80,0,33,0,0
B10_D1,323,0,10,0,0
B6_D1,112,0,465,0,0
B10_D1,998,0,52,0,0
B6_D1,535,0,55,0,0
B10_D1,59,0,298,0,0
B10_D1,428,0,238,0,0
B10_D1,647,0,39,0,0
B10_D1,961,0,272,0,0
B8_D1,90,0,149,0,0
B10_D1,219,0,17,0,0
G1_D1,1019,0,75,0,0
B6_D1,650,0,396,0,0
B10_D1,447,0,482,0,0
B10_D1,682,0,31,0,0
B10_D1,26,0,16,0,0
B6_D1,190,0,387,0,0
B10_D1,918,0,332,0,0
B6_D1,471,0,55,0,0
G1_D1,786,0,239,0,0
B6_D1,484,0,489,0,0
B10_D1,411,0,95,0,0
B10_D1,365,0,165,0,0
B6_D1,674,0,286,0,0
B6_D1,349,0,191,0,0
B6_D1,387,0,67,0,0
B10_D1,311,0,156,0,0
B10_D1,309,0,22,0,0
B6_D1,40,0,132,0,0
B6_D1,776,0,34,0,0
B6_D1,296,0,436,0,0
B10_D1,1017,0,2,0,0
B6_D1,114,0,366,0,0
B10_D1,345,0,224,0,0
B2_D1,273,0,59,0,0
B6_D1,589,0,362,0,0
B6_D1,266,0,503,0,0
B6_D1,608,0,46,0,0
G1_D1,183,0,260,0,0
B6_D1,430,0,47,0,0
B6_D1,981,0,83,0,0
B10_D1,774,0,308,0,0
B2_D1,383,0,18,0,0
B2_D1,788,0,4,0,0
B6_D1,6,0,82,0,0
G1_D1,998,0,5,0,0
B10_D1,674,0,97,0,0
B4_D1,71,0,124,0,0
B10_D1,767,0,103,0,0
B10_D1,441,0,462,0,0
B10_D1,268,0,140,0,0
G1_D1,775,0,6,0,0
B8_D1,110,0,135,0,0
B10_D1,250,0,40,0,0
B10_D1,251,0,56,0,0
B6_D1,44,0,109,0,0
G1_D1,338,0,237,0,0
B6_D1,755,0,256,0,0
G1_D1,567,0,10,0,0
G1_D1,1006,0,281,0,0
B6_D1,1018,0,69,0,0
B10_D1,180,0,122,0,0
B10_D1,1023,0,145,0,0
G1_D1,277,0,36,0,0
B6_D1,272,0,500,0,0
B2_D1,660,0,169,0,0
B4_D1,708,0,139,0,0
B10_D1,527,0,279,0,0
B10_D1,24,0,101,0,0
B10_D1,99,0,1,0,0
B2_D1,986,0,61,0,0
G1_D1,312,0,200,0,0
B10_D1,248,0,230,0,0
B10_D1,48,0,266,0,0
B10_D1,537,0,256,0,0
B10_D1,747,0,427,0,0
B6_D1,612,0,221,0,0
B10_D1,562,0,288,0,0
B6_D1,62,0,404,0,0
B6_D1,568,0,5,0,0
B10_D1,414,0,5,0,0
B6_D1,911,0,405,0,0
B10_D1,346,0,269,0,0
B6_D1,72,0,271,0,0
B6_D1,904,0,344,0,0
B10_D1,479,0,249,0,0
G1_D1,252,0,22,0,0
B6_D1,632,0,506,0,0
B6_D1,138,0,76,0,0
G1_D1,688,0,3,0,0
B10_D1,538,0,159,0,0
B6_D1,658,0,17,0,0
G1_D1,26,0,145,0,0
B10_D1,16,0,154,0,0
G1_D1,703,0,16,0,0
B4_D1,599,0,368,0,0
G1_D1,997,0,59,0,0
B4_D1,955,0,211,0,0
B10_D1,901,0,13,0,0
B10_D1,542,0,64,0,0
B6_D1,705,0,418,0,0
G1_D1,58,0,110,0,0
B6_D1,404,0,500,0,0
B10_D1,426,0,249,0,0
B10_D1,233,0,237,0,0
B6_D1,250,0,5,0,0
G1_D1,894,0,47,0,0
B10_D1,224,0,336,0,0
B6_D1,938,0,277,0,0
B10_D1,498,0,164,0,0
B6_D1,304,0,166,0,0
B10_D1,675,0,54,0,0
G1_D1,335,0,8,0,0
B6_D1,73,0,212,0,0
B10_D1,28,0,159,0,0
B6_D1,71,0,472,0,0
B6_D1,78,0,387,0,0
B6_D1,154,0,47,0,0
B10_D1,353,0,202,0,0
B6_D1,575,0,164,0,0
B4_D1,989,0,58,0,0
G1_D1,545,0,252,0,0
B2_D1,148,0,415,0,0
B10_D1,760,0,32,0,0
B6_D1,840,0,214,0,0
G1_D1,783,0,20,0,0
B10_D1,478,0,114,0,0
B4_D1,43,0,5,0,0
B10_D1,686,0,185,0,0
B10_D1,93,0,179,0,0
B10_D1,707,0,398,0,0
B6_D1,456,0,242,0,0
B10_D1,444,0,157,0,0
B6_D1,544,0,32,0,0
B10_D1,441,0,239,0,0
B2_D1,662,0,90,0,0
B6_D1,921,0,99,0,0
B6_D1,860,0,206,0,0
B6_D1,387,0,351,0,0
B2_D1,790,0,191,0,0
B6_D1,726,0,21,0,0
B10_D1,172,0,249,0,0
G1_D1,501,0,216,0,0
B10_D1,742,0,61,0,0
B4_D1,282,0,26,0,0
G1_D1,793,0,85,0,0
B6_D1,144,0,24,0,0
G1_D1,438,0,74,0,0
G1_D1,952,0,269,0,0
B10_D1,468,0,61,0,0
B6_D1,665,0,275,0,0
B6_D1,614,0,46,0,0
B10_D1,839,0,33,0,0
G1_D1,708,0,48,0,0
G1_D1,1010,0,5,0,0
B10_D1,27,0,161,0,0
B6_D1,539,0,228,0,0
G1_D1,175,0,19,0,0
G1_D1,598,0,94,0,0
B4_D1,133,0,358,0,0
G1_D1,464,0,100,0,0
B10_D1,620,0,227,0,0
G1_D1,883,0,49,0,0
B6_D1,674,0,40,0,0
G1_D1,24,0,0,0,0
B10_D1,782,0,378,0,0
G1_D1,28,0,40,0,0
B6_D1,68,0,302,0,0
B6_D1,652,0,2,0,0
B10_D1,159,0,170,0,0
B6_D1,755,0,451,0,0
B6_D1,815,0,96,0,0
B10_D1,624,0,23,0,0
B10_D1,230,0,66,0,0
B10_D1,704,0,445,0,0
B10_D1,504,0,214,0,0
B6_D1,914,0,213,0,0
B6_D1,646,0,49,0,0
G1_D1,1008,0,32,0,0
B6_D1,590,0,509,0,0
B6_D1,159,0,193,0,0
G1_D1,525,0,109,0,0
B6_D1,758,0,466,0,0
B6_D1,865,0,295,0,0
B10_D1,815,0,1,0,0
B8_D1,217,0,105,0,0
B6_D1,850,0,67,0,0
G1_D1,979,0,56,0,0
B6_D1,445,0,191,0,0
G1_D1,25,0,152,0,0
B10_D1,879,0,24,0,0
B10_D1,504,0,62,0,0
G1_D1,651,0,103,0,0
G1_D1,891,0,10,0,0
B2_D1,836,0,368,0,0
G1_D1,25,0,270,0,0
G1_D1,818,0,267,0,0
B6_D1,639,0,378,0,0
B2_D1,993,0,99,0,0
B6_D1,667,0,131,0,0
B10_D1,696,0,121,0,0
B6_D1,298,0,47,0,0
B10_D1,423,0,256,0,0
B2_D1,1,0,48,0,0
B10_D1,788,0,52,0,0
B4_D1,783,0,228,0,0
B6_D1,985,0,254,0,0
B6_D1,768,0,6,0,0
B6_D1,544,0,2,0,0
B10_D1,532,0,288,0,0
B4_D1,225,0,352,0,0
B2_D1,91,0,87,0,0
B10_D1,203,0,239,0,0
B10_D1,338,0,132,0,0
B10_D1,814,0,172,0,0
B6_D1,116,0,414,0,0
B6_D1,210,0,511,0,0
B10_D1,144,0,33,0,0
B2_D1,486,0,124,0,0
B2_D1,911,0,446,0,0
B6_D1,168,0,149,0,0
B6_D1,149,0,254,0,0
B10_D1,110,0,192,0,0
B10_D1,488,0,333,0,0
B6_D1,465,0,110,0,0
B10_D1,274,0,339,0,0
B4_D1,914,0,233,0,0
B10_D1,192,0,125,0,0
G1_D1,539,0,8,0,0
B2_D1,777,0,48,0,0
B10_D1,722,0,251,0,0
B6_D1,758,0,488,0,0
B10_D1,212,0,15,0,0
G1_D1,481,0,83,0,0
B6_D1,771,0,327,0,0
B6_D1,984,0,301,0,0
B10_D1,427,0,284,0,0
B2_D1,534,0,287,0,0
B6_D1,273,0,399,0,0
B10_D1,95,0,180,0,0
B10_D1,368,0,160,0,0
B6_D1,380,0,22,0,0
B6_D1,400,0,20,0,0
B6_D1,132,0,15,0,0
G1_D1,348,0,47,0,0
G1_D1,139,0,61,0,0
G1_D1,3,0,493,0,0
G1_D1,55,0,24,0,0
B10_D1,521,0,477,0,0
B6_D1,355,0,223,0,0
G1_D1,849,0,232,0,0
G1_D1,608,0,110,0,0
B10_D1,305,0,265,0,0
B2_D1,186,0,229,0,0
B6_D1,54,0,508,0,0
B6_D1,282,0,267,0,0
B6_D1,510,0,249,0,0
B2_D1,387,0,46,0,0
B6_D1,553,0,392,0,0
B10_D1,88,0,199,0,0
B2_D1,787,0,3,0,0
B10_D1,51,0,17,0,0
G1_D1,683,0,109,0,0
B6_D1,380,0,7,0,0
B10_D1,843,0,77,0,0
G1_D1,542,0,509,0,0
B6_D1,608,0,348,0,0
B6_D1,576,0,33,0,0
B6_D1,79,0,139,0,0
B6_D1,948,0,9,0,0
B6_D1,394,0,295,0,0
B10_D1,596,0,109,0,0
B6_D1,730,0,240,0,0
B10_D1,215,0,63,0,0
B2_D1,801,0,59,0,0
B6_D1,820,0,264,0,0
B6_D1,430,0,8,0,0
B10_D1,504,0,331,0,0
G1_D1,430,0,236,0,0
B10_D1,217,0,255,0,0
B6_D1,517,0,352,0,0
B10_D1,517,0,299,0,0
B10_D1,247,0,3,0,0
G1_D1,227,0,194,0,0
B6_D1,972,0,33,0,0
B2_D1,319,0,41,0,0
B6_D1,484,0,14,0,0
B6_D1,579,0,169,0,0
G1_D1,774,0,254,0,0
G1_D1,24,0,163,0,0
B10_D1,699,0,103,0,0
B10_D1,320,0,182,0,0
B6_D1,508,0,429,0,0
B10_D1,812,0,366,0,0
B6_D1,146,0,425,0,0
B6_D1,116,0,59,0,0
B6_D1,166,0,11,0,0
B6_D1,908,0,482,0,0
B10_D1,355,0,3,0,0
G1_D1,987,0,151,0,0
B6_D1,485,0,407,0,0
B6_D1,827,0,60,0,0
B10_D1,693,0,292,0,0
B6_D1,776,0,311,0,0
B4_D1,474,0,287,0,0
B6_D1,136,0,26,0,0
G1_D1,842,0,40,0,0
B6_D1,58,0,5,0,0
B6_D1,258,0,433,0,0
B6_D1,860,0,146,0,0
B2_D1,915,0,435,0,0
B6_D1,84,0,319,0,0
B10_D1,599,0,218,0,0
B2_D1,196,0,149,0,0
B10_D1,915,0,251,0,0
B10_D1,804,0,406,0,0
G1_D1,124,0,369,0,0
B4_D1,300,0,213,0,0
B2_D1,818,0,40,0,0
G1_D1,1013,0,226,0,0
G1_D1,38,0,67,0,0
B10_D1,283,0,7,0,0
B10_D1,3,0,132,0,0
B10_D1,382,0,290,0,0
B10_D1,658,0,29,0,0
B10_D1,824,0,446,0,0
B4_D1,908,0,12,0,0
B10_D1,193,0,243,0,0
B6_D1,931,0,389,0,0
B6_D1,668,0,37,0,0
B6_D1,364,0,192,0,0
B6_D1,488,0,497,0,0
B6_D1,544,0,14,0,0
B10_D1,161,0,76,0,0
B10_D1,558,0,308,0,0
B6_D1,39,0,138,0,0
B10_D1,1019,0,49,0,0
G1_D1,771,0,248,0,0
G1_D1,762,0,50,0,0
B10_D1,867,0,217,0,0
B10_D1,676,0,419,0,0
B2_D1,954,0,60,0,0
B4_D1,439,0,416,0,0
B6_D1,291,0,460,0,0
B6_D1,620,0,449,0,0
B10_D1,581,0,150,0,0
B6_D1,154,0,330,0,0
B6_D1,21,0,118,0,0
B6_D1,7,0,65,0,0
G1_D1,930,0,325,0,0
B10_D1,423,0,456,0,0
G1_D1,1003,0,229,0,0
B10_D1,679,0,74,0,0
B10_D1,58,0,296,0,0
B10_D1,476,0,124,0,0
B6_D1,350,0,106,0,0
B6_D1,538,0,196,0,0
B4_D1,145,0,58,0,0
B6_D1,939,0,133,0,0
G1_D1,50,0,46,0,0
B10_D1,23,0,29,0,0
B10_D1,463,0,7,0,0
B10_D1,761,0,94,0,0
B6_D1,269,0,360,0,0
B6_D1,844,0,8,0,0
B10_D1,787,0,306,0,0
G1_D1,199,0,19,0,0
B10_D1,984,0,70,0,0
B6_D1,886,0,239,0,0
B6_D1,372,0,493,0,0
B6_D1,804,0,511,0,0
B6_D1,645,0,379,0,0
B10_D1,115,0,160,0,0
B4_D1,131,0,355,0,0
B10_D1,251,0,355,0,0
G1_D1,340,0,150,0,0
B10_D1,1010,0,29,0,0
B6_D1,891,0,168,0,0
B6_D1,180,0,145,0,0
B6_D1,937,0,426,0,0
B10_D1,875,0,216,0,0
G1_D1,282,0,40,0,0
B6_D1,250,0,486,0,0
B8_D1,1022,0,169,0,0
B10_D1,415,0,129,0,0
B10_D1,380,0,27,0,0
B10_D1,456,0,410,0,0
G1_D1,867,0,466,0,0
G1_D1,1015,0,88,0,0
B6_D1,6,0,18,0,0
B2_D1,866,0,66,0,0
B6_D1,699,0,472,0,0
G1_D1,13,0,342,0,0
B6_D1,805,0,457,0,0
G1_D1,983,0,24,0,0
G1_D1,26,0,98,0,0
G1_D1,925,0,242,0,0
B2_D1,890,0,509,0,0
B10_D1,593,0,260,0,0
B10_D1,51,0,388,0,0
B6_D1,886,0,387,0,0
B10_D1,494,0,84,0,0
G1_D1,87,0,399,0,0
B2_D1,183,0,408,0,0
B6_D1,161,0,136,0,0
G1_D1,527,0,2,0,0
G1_D1,229,0,71,0,0
B10_D1,833,0,51,0,0
G1_D1,608,0,5,0,0
G1_D1,415,0,296,0,0
B2_D1,187,0,305,0,0
B10_D1,433,0,502,0,0
B4_D1,424,0,236,0,0
B10_D1,431,0,0,0,0
B10_D1,23,0,18,0,0
B10_D1,795,0,408,0,0
B6_D1,820,0,5,0,0
B6_D1,10,0,26,0,0
B6_D1,250,0,85,0,0
B6_D1,182,0,4,0,0
B6_D1,840,0,224,0,0
B2_D1,437,0,504,0,0
B4_D1,322,0,211,0,0
B4_D1,4,0,267,0,0
G1_D1,544,0,17,0,0
B6_D1,398,0,364,0,0
G1_D1,628,0,162,0,0
B10_D1,446,0,208,0,0
G1_D1,478,0,43,0,0
B6_D1,497,0,185,0,0
B6_D1,476,0,31,0,0
B10_D1,58,0,4,0,0
B6_D1,985,0,76,0,0
B4_D1,345,0,218,0,0
G1_D1,436,0,108,0,0
B6_D1,21,0,130,0,0
G1_D1,439,0,16,0,0
G1_D1,819,0,320,0,0
G1_D1,834,0,206,0,0
G1_D1,860,0,68,0,0
B6_D1,68,0,506,0,0
B6_D1,625,0,168,0,0
B4_D1,533,0,272,0,0
B2_D1,551,0,480,0,0
B6_D1,112,0,510,0,0
B10_D1,608,0,61,0,0
B10_D1,121,0,146,0,0
B2_D1,835,0,182,0,0
G1_D1,262,0,255,0,0
B6_D1,390,0,12,0,0
B4_D1,723,0,71,0,0
B6_D1,625,0,426,0,0
B6_D1,175,0,362,0,0
B4_D1,339,0,350,0,0
G1_D1,14,0,509,0,0
B10_D1,1023,0,322,0,0
B10_D1,835,0,3,0,0
B6_D1,756,0,245,0,0
B6_D1,423,0,355,0,0
B10_D1,454,0,285,0,0
B4_D1,155,0,4,0,0
B10_D1,100,0,473,0,0
G1_D1,977,0,2,0,0
B2_D1,368,0,491,0,0
B10_D1,441,0,21,0,0
B10_D1,97,0,63,0,0
B10_D1,793,0,305,0,0
G1_D1,148,0,210,0,0
G1_D1,447,0,21,0,0
B6_D1,182,0,449,0,0
B6_D1,654,0,277,0,0
B6_D1,783,0,401,0,0
B6_D1,110,0,16,0,0
B6_D1,194,0,503,0,0
G1_D1,855,0,313,0,0
B10_D1,372,0,113,0,0
G1_D1,818,0,210,0,0
B2_D1,298,0,497,0,0
B6_D1,296,0,459,0,0
G1_D1,400,0,196,0,0
G1_D1,1013,0,58,0,0
B6_D1,954,0,49,0,0
B6_D1,836,0,503,0,0
G1_D1,792,0,38,0,0
G1_D1,115,0,186,0,0
B10_D1,1019,0,52,0,0
B4_D1,153,0,51,0,0
B6_D1,470,0,308,0,0
B10_D1,26,0,196,0,0
B10_D1,57,0,304,0,0
G1_D1,217,0,180,0,0
B6_D1,636,0,55,0,0
B8_D1,97,0,194,0,0
B6_D1,488,0,506,0,0
B10_D1,800,0,206,0,0
B6_D1,711,0,409,0,0
G1_D1,748,0,201,0,0
B10_D1,543,0,92,0,0
G1_D1,799,0,446,0,0
B10_D1,881,0,4,0,0
B10_D1,324,0,80,0,0
G1_D1,555,0,20,0,0
B6_D1,36,0,6,0,0
B6_D1,662,0,307,0,0
B10_D1,774,0,309,0,0
B10_D1,705,0,117,0,0
B10_D1,175,0,126,0,0
B6_D1,72,0,387,0,0
B4_D1,746,0,212,0,0
B6_D1,736,0,106,0,0
B6_D1,452,0,488,0,0
B10_D1,899,0,94,0,0
G1_D1,961,0,233,0,0
G1_D1,509,0,85,0,0
B6_D1,859,0,236,0,0
B6_D1,663,0,109,0,0
B10_D1,475,0,63,0,0
B6_D1,83,0,145,0,0
B10_D1,706,0,161,0,0
B10_D1,847,0,83,0,0
B6_D1,1020,0,114,0,0
B6_D1,91,0,358,0,0
B10_D1,219,0,1,0,0
B6_D1,572,0,34,0,0
B10_D1,87,0,120,0,0
G1_D1,181,0,16,0,0
B10_D1,46,0,113,0,0
B2_D1,768,0,511,0,0
B6_D1,154,0,11,0,0
G1_D1,779,0,162,0,0
B6_D1,160,0,249,0,0
G1_D1,336,0,13,0,0
B10_D1,177,0,127,0,0
B10_D1,622,0,287,0,0
B8_D1,741,0,314,0,0
B2_D1,285,0,157,0,0
B2_D1,1,0,147,0,0
B4_D1,679,0,40,0,0
G1_D1,92,0,421,0,0
B10_D1,533,0,42,0,0
G1_D1,997,0,229,0,0
B10_D1,113,0,191,0,0
B6_D1,637,0,426,0,0
B4_D1,805,0,174,0,0
B6_D1,642,0,411,0,0
B4_D1,799,0,56,0,0
B6_D1,398,0,43,0,0
B6_D1,293,0,437,0,0
B8_D1,1008,0,301,0,0
G1_D1,412,0,134,0,0
B10_D1,475,0,467,0,0
B6_D1,180,0,508,0,0
B6_D1,306,0,239,0,0
B6_D1,242,0,506,0,0
B10_D1,611,0,123,0,0
B6_D1,54,0,108,0,0
B10_D1,690,0,166,0,0
B10_D1,338,0,239,0,0
G1_D1,362,0,11,0,0
B6_D1,962,0,259,0,0
B6_D1,338,0,326,0,0
B6_D1,72,0,502,0,0
G1_D1,267,0,188,0,0
G1_D1,0,0,475,0,0
B4_D1,549,0,382,0,0
B10_D1,677,0,94,0,0
G1_D1,38,0,130,0,0
B10_D1,563,0,286,0,0
B10_D1,624,0,39,0,0
B10_D1,636,0,415,0,0
B2_D1,841,0,8,0,0
B6_D1,172,0,41,0,0
G1_D1,157,0,71,0,0
B10_D1,197,0,106,0,0
G1_D1,945,0,10,0,0
B2_D1,241,0,62,0,0
B6_D1,720,0,362,0,0
B10_D1,866,0,89,0,0
B2_D1,491,0,125,0,0
B10_D1,630,0,414,0,0
B6_D1,110,0,31,0,0
B6_D1,870,0,487,0,0
B6_D1,497,0,345,0,0
B6_D1,396,0,39,0,0
B6_D1,496,0,478,0,0
B6_D1,156,0,161,0,0
B10_D1,139,0,72,0,0
B6_D1,358,0,283,0,0
B6_D1,809,0,380,0,0
B6_D1,435,0,480,0,0
G1_D1,10,0,216,0,0
B10_D1,40,0,35,0,0
B2_D1,468,0,287,0,0
G1_D1,801,0,259,0,0
G1_D1,665,0,111,0,0
B10_D1,837,0,284,0,0
B10_D1,659,0,248,0,0
B6_D1,106,0,8,0,0
B6_D1,685,0,202,0,0
B10_D1,831,0,380,0,0
B2_D1,754,0,44,0,0
B6_D1,154,0,159,0,0
B10_D1,486,0,5,0,0
B10_D1,266,0,83,0,0
B6_D1,298,0,14,0,0
B6_D1,438,0,42,0,0
G1_D1,291,0,412,0,0
B4_D1,656,0,232,0,0
B6_D1,4,0,186,0,0
B6_D1,828,0,505,0,0
G1_D1,83,0,2,0,0
B6_D1,80,0,158,0,0
G1_D1,249,0,33,0,0
B4_D1,135,0,165,0,0
B10_D1,463,0,266,0,0
B10_D1,1018,0,22,0,0
B10_D1,126,0,454,0,0
B10_D1,716,0,439,0,0
B10_D1,627,0,45,0,0
B6_D1,911,0,218,0,0
B10_D1,605,0,284,0,0
B2_D1,973,0,67,0,0
B6_D1,96,0,484,0,0
B10_D1,112,0,49,0,0
G1_D1,765,0,10,0,0
B6_D1,159,0,76,0,0
B10_D1,289,0,264,0,0
G1_D1,45,0,104,0,0
G1_D1,603,0,244,0,0
G1_D1,923,0,96,0,0
B6_D1,724,0,314,0,0
B6_D1,39,0,126,0,0
B10_D1,27,0,51,0,0
B10_D1,96,0,15,0,0
B4_D1,595,0,302,0,0
B6_D1,866,0,349,0,0
B10_D1,334,0,250,0,0
B6_D1,750,0,272,0,0
B10_D1,222,0,157,0,0
B6_D1,450,0,39,0,0
B10_D1,567,0,321,0,0
B2_D1,950,0,24,0,0
G1_D1,1016,0,341,0,0
B6_D1,34,0,478,0,0
G1_D1,221,0,506,0,0
B6_D1,995,0,476,0,0
B6_D1,485,0,230,0,0
B6_D1,124,0,268,0,0
B10_D1,328,0,225,0,0
B6_D1,71,0,435,0,0
B2_D1,598,0,288,0,0
B6_D1,961,0,411,0,0
B10_D1,350,0,22,0,0
B10_D1,339,0,193,0,0
B2_D1,694,0,268,0,0
B6_D1,252,0,446,0,0
B10_D1,376,0,69,0,0
B6_D1,813,0,480,0,0
B10_D1,166,0,62,0,0
B10_D1,559,0,108,0,0
B2_D1,238,0,511,0,0
B6_D1,996,0,83,0,0
B6_D1,142,0,498,0,0
G1_D1,604,0,457,0,0
B6_D1,858,0,238,0,0
B6_D1,961,0,120,0,0
B2_D1,791,0,510,0,0
B10_D1,384,0,167,0,0
B10_D1,239,0,211,0,0
B6_D1,477,0,110,0,0
B10_D1,25,0,3,0,0
B6_D1,346,0,432,0,0
B6_D1,900,0,298,0,0
B10_D1,195,0,72,0,0
B6_D1,295,0,292,0,0
B6_D1,330,0,326,0,0
G1_D1,764,0,71,0,0
B10_D1,470,0,81,0,0
B6_D1,587,0,342,0,0
B6_D1,499,0,184,0,0
B10_D1,641,0,35,0,0
B2_D1,465,0,110,0,0
B6_D1,988,0,32,0,0
B4_D1,10,0,404,0,0
G1_D1,796,0,41,0,0
G1_D1,846,0,441,0,0
B4_D1,305,0,285,0,0
G1_D1,907,0,219,0,0
B10_D1,750,0,86,0,0
G1_D1,71,0,60,0,0
B4_D1,741,0,265,0,0
B6_D1,1021,0,366,0,0
B6_D1,406,0,44,0,0
B2_D1,656,0,479,0,0
B10_D1,768,0,102,0,0
B6_D1,653,0,74,0,0
B8_D1,215,0,63,0,0
B6_D1,540,0,508,0,0
B2_D1,252,0,396,0,0
B2_D1,521,0,510,0,0
G1_D1,528,0,63,0,0
B6_D1,525,0,441,0,1
G1_D1,304,0,279,0,0
B6_D1,890,0,25,0,0
G1_D1,908,0,5,0,0
B10_D1,27,0,84,0,0
B6_D1,956,0,497,0,0
B6_D1,679,0,303,0,0
B6_D1,1,0,70,0,0
B6_D1,951,0,74,0,0
B10_D1,999,0,4,0,0
B6_D1,768,0,9,0,0
B6_D1,496,0,44,0,0
G1_D1,85,0,366,0,0
B6_D1,881,0,91,0,0
B6_D1,453,0,69,0,0
B6_D1,357,0,351,0,0
B2_D1,709,0,181,0,0
B10_D1,757,0,79,0,0
B8_D1,586,0,191,0,0
B6_D1,411,0,53,0,0
G1_D1,88,0,357,0,0
G1_D1,1007,0,81,0,0
B4_D1,855,0,15,0,0
B6_D1,551,0,263,0,0
B6_D1,783,0,185,0,0
G1_D1,986,0,1,0,0
B6_D1,16,0,394,0,0
G1_D1,70,0,439,0,0
G1_D1,71,0,200,0,0
B2_D1,818,0,466,0,0
G1_D1,800,0,1,0,0
B6_D1,160,0,168,0,0
G1_D1,1015,0,197,0,0
B10_D1,1002,0,62,0,0
B6_D1,232,0,191,0,0
B10_D1,587,0,202,0,0
B4_D1,852,0,96,0,0
B6_D1,938,0,506,0,0
B6_D1,274,0,41,0,0
B10_D1,230,0,189,0,0
B6_D1,803,0,155,0,0
B6_D1,667,0,65,0,0
G1_D1,169,0,73,0,0
B10_D1,612,0,353,0,0
B10_D1,17,0,12,0,0
B10_D1,745,0,123,0,0
B6_D1,197,0,133,0,0
G1_D1,597,0,143,0,0
B6_D1,298,0,478,0,0
B10_D1,459,0,200,0,0
B6_D1,67,0,123,0,0
G1_D1,623,0,8,0,0
B6_D1,910,0,212,0,0
B10_D1,645,0,40,0,0
B2_D1,817,0,204,0,0
G1_D1,327,0,28,0,0
B4_D1,753,0,218,0,0
B6_D1,40,0,44,0,0
B6_D1,3,0,453,0,0
B10_D1,21,0,103,0,0
G1_D1,1011,0,31,0,0
B6_D1,677,0,186,0,0
G1_D1,1016,0,94,0,0
B6_D1,70,0,489,0,0
B10_D1,13,0,325,0,0
G1_D1,545,0,43,0,0
B10_D1,223,0,427,0,0
G1_D1,624,0,13,0,0
B10_D1,163,0,104,0,0
G1_D1,120,0,372,0,0
B10_D1,263,0,134,0,0
B10_D1,128,0,426,0,0
B6_D1,79,0,84,0,0
B10_D1,879,0,349,0,0
B6_D1,760,0,507,0,0
B6_D1,384,0,36,0,0
B6_D1,10,0,244,0,0
B10_D1,693,0,446,0,0
G1_D1,264,0,286,0,0
B6_D1,260,0,70,0,0
B6_D1,747,0,255,0,0
B10_D1,203,0,0,0,0
B10_D1,189,0,2,0,0
G1_D1,754,0,447,0,0
B10_D1,938,0,85,0,0
B6_D1,654,0,223,0,0
G1_D1,484,0,241,0,0
G1_D1,1001,0,58,0,0
B10_D1,493,0,72,0,0
B2_D1,947,0,510,0,0
B10_D1,828,0,5,0,0
G1_D1,12,0,69,0,0
B10_D1,337,0,143,0,0
G1_D1,1021,0,176,0,0
B6_D1,145,0,414,0,0
B6_D1,295,0,200,0,0
G1_D1,1015,0,486,0,0
G1_D1,468,0,52,0,0
B6_D1,996,0,33,0,0
G1_D1,752,0,211,0,0
B10_D1,208,0,57,0,0
B6_D1,811,0,80,0,0
B10_D1,35,0,310,0,0
B10_D1,607,0,136,0,0
B6_D1,568,0,478,0,0
B10_D1,23,0,139,0,0
B10_D1,202,0,67,0,0
B2_D1,509,0,489,0,0
B6_D1,36,0,141,0,0
B6_D1,456,0,52,0,0
B10_D1,868,0,26,0,0
B10_D1,359,0,314,0,0
B10_D1,805,0,276,0,0
G1_D1,942,0,388,0,0
B4_D1,196,0,135,0,0
B10_D1,149,0,356,0,0
B2_D1,389,0,488,0,0
B6_D1,3,0,416,0,0
B6_D1,812,0,270,0,0
B8_D1,776,0,230,0,0
B10_D1,669,0,243,0,0
B6_D1,354,0,348,0,0
B6_D1,341,0,477,0,0
B6_D1,754,0,313,0,0
B6_D1,380,0,1,0,0
G1_D1,493,0,321,0,0
G1_D1,761,0,426,0,0
B4_D1,533,0,187,0,0
B6_D1,163,0,386,0,0
B6_D1,456,0,243,0,0
B2_D1,686,0,86,0,0
B2_D1,855,0,240,0,0
B2_D1,75,0,41,0,0
G1_D1,17,0,66,0,0
B10_D1,335,0,52,0,0
B2_D1,649,0,476,0,0
B10_D1,327,0,488,0,0
B4_D1,353,0,201,0,0
B6_D1,692,0,7,0,0
B6_D1,706,0,23,0,0
B10_D1,355,0,506,0,0
B6_D1,732,0,272,0,0
B6_D1,402,0,63,0,0
B10_D1,231,0,214,0,0
B6_D1,922,0,212,0,0
B6_D1,258,0,73,0,0
B6_D1,166,0,2,0,0
G1_D1,975,0,51,0,0
G1_D1,5,0,481,0,0
G1_D1,38,0,102,0,0
B6_D1,862,0,131,0,0
B6_D1,866,0,500,0,0
B2_D1,718,0,49,0,0
B10_D1,323,0,217,0,0
B10_D1,623,0,28,0,0
B6_D1,307,0,82,0,0
B10_D1,744,0,406,0,0
B6_D1,640,0,49,0,0
B10_D1,546,0,17,0,0
B6_D1,78,0,207,0,0
B10_D1,169,0,236,0,0
B6_D1,228,0,306,0,0
B6_D1,572,0,177,0,0
B10_D1,69,0,401,0,0
B10_D1,441,0,305,0,0
B6_D1,420,0,171,0,0
B6_D1,782,0,43,0,0
B6_D1,450,0,484,0,0
G1_D1,210,0,373,0,0
G1_D1,507,0,281,0,0
B6_D1,736,0,282,0,0
B6_D1,968,0,13,0,0
G1_D1,54,0,264,0,0
B6_D1,167,0,235,0,0
G1_D1,784,0,59,0,0
B2_D1,517,0,107,0,0
B6_D1,505,0,376,0,0
B6_D1,830,0,494,0,0
B6_D1,374,0,34,0,0
B4_D1,452,0,242,0,0
B6_D1,926,0,342,0,0
B6_D1,952,0,137,0,0
B6_D1,642,0,508,0,0
B2_D1,386,0,509,0,0
G1_D1,282,0,22,0,0
B6_D1,494,0,31,0,0
B10_D1,720,0,463,0,0
B6_D1,537,0,62,0,0
B6_D1,889,0,427,0,0
G1_D1,846,0,298,0,0
B10_D1,14,0,120,0,0
B10_D1,2,0,9,0,0
B6_D1,132,0,9,0,0
G1_D1,0,0,484,0,0
B6_D1,630,0,185,0,0
B10_D1,285,0,262,0,0
B6_D1,829,0,58,0,0
B6_D1,587,0,223,0,0
B10_D1,334,0,227,0,0
B10_D1,95,0,112,0,0
G1_D1,1021,0,439,0,0
B6_D1,720,0,505,0,0
B6_D1,128,0,221,0,0
B6_D1,192,0,27,0,0
G1_D1,694,0,257,0,0
B6_D1,641,0,369,0,0
B6_D1,402,0,353,0,0
B6_D1,762,0,487,0,0
B4_D1,190,0,36,0,0
B6_D1,16,0,410,0,0
G1_D1,105,0,399,0,0
B8_D1,227,0,103,0,0
B8_D1,91,0,142,0,0
G1_D1,125,0,192,0,0
B2_D1,411,0,477,0,0
B6_D1,925,0,459,0,0
B10_D1,601,0,77,0,0
G1_D1,161,0,498,0,0
B6_D1,545,0,271,0,0
B6_D1,676,0,2,0,0
B10_D1,283,0,240,0,0
B10_D1,750,0,97,0,0
G1_D1,383,0,228,0,0
B2_D1,890,0,116,0,0
G1_D1,981,0,107,0,0
B6_D1,638,0,449,0,0
B10_D1,699,0,201,0,0
B4_D1,47,0,24,0,0
B6_D1,112,0,17,0,0
B10_D1,202,0,285,0,0
B6_D1,494,0,132,0,0
G1_D1,15,0,136,0,0
B6_D1,534,0,6,0,0
B6_D1,67,0,423,0,0
B6_D1,340,0,139,0,0
B6_D1,225,0,338,0,0
B2_D1,85,0,29,0,0
B10_D1,36,0,74,0,0
B6_D1,308,0,63,0,0
B6_D1,238,0,299,0,0
B6_D1,770,0,293,0,0
G1_D1,9,0,81,0,0
B6_D1,430,0,60,0,0
B6_D1,816,0,383,0,0
B10_D1,347,0,489,0,0
B6_D1,784,0,386,0,0
B2_D1,165,0,257,0,0
G1_D1,473,0,87,0,0
G1_D1,243,0,75,0,0
B4_D1,543,0,382,0,0
B10_D1,1019,0,38,0,0
B6_D1,617,0,304,0,0
B6_D1,324,0,9,0,0
B6_D1,260,0,151,0,0
B4_D1,667,0,75,0,0
G1_D1,936,0,461,0,0
B4_D1,743,0,201,0,0
B10_D1,321,0,308,0,0
B6_D1,574,0,186,0,0
B10_D1,583,0,317,0,0
B2_D1,831,0,43,0,0
G1_D1,488,0,67,0,0
B10_D1,780,0,83,0,0
B10_D1,755,0,511,0,0
B10_D1,591,0,171,0,0
B6_D1,882,0,505,0,0
B6_D1,414,0,24,0,0
B10_D1,703,0,399,0,0
B6_D1,288,0,505,0,0
B6_D1,144,0,487,0,0
B6_D1,276,0,172,0,0
B6_D1,172,0,231,0,0
B6_D1,409,0,384,0,0
B10_D1,323,0,52,0,0
B6_D1,46,0,136,0,0
B4_D1,233,0,137,0,0
B4_D1,801,0,252,0,0
G1_D1,619,0,30,0,0
G1_D1,996,0,208,0,0
B10_D1,33,0,370,0,0
B10_D1,261,0,68,0,0
G1_D1,652,0,511,0,0
B10_D1,1021,0,12,0,0
B2_D1,676,0,144,0,0
B10_D1,387,0,392,0,0
B10_D1,464,0,42,0,0
G1_D1,727,0,279,0,0
B6_D1,778,0,154,0,0
B10_D1,159,0,177,0,0
G1_D1,181,0,287,0,0
G1_D1,919,0,295,0,0
B2_D1,838,0,73,0,0
B2_D1,0,0,241,0,0
B6_D1,730,0,17,0,0
B8_D1,672,0,309,0,0
G1_D1,491,0,8,0,0
B2_D1,505,0,487,0,0
B6_D1,704,0,286,0,0
B4_D1,869,0,14,0,0
B4_D1,145,0,20,0,0
B10_D1,465,0,236,0,0
B6_D1,798,0,274,0,0
B6_D1,245,0,64,0,0
B6_D1,43,0,141,0,0
G1_D1,1002,0,105,0,0
G1_D1,1012,0,507,0,0
B4_D1,536,0,379,0,0
G1_D1,1019,0,84,0,0
B6_D1,978,0,499,0,0
B6_D1,880,0,507,0,0
B6_D1,944,0,342,0,0
G1_D1,913,0,113,0,0
G1_D1,262,0,331,0,0
B10_D1,297,0,25,0,0
B10_D1,329,0,60,0,0
B6_D1,891,0,147,0,0
G1_D1,72,0,384,0,0
B6_D1,896,0,395,0,0
B6_D1,368,0,154,0,0
G1_D1,1016,0,385,0,0
B10_D1,780,0,41,0,0
B2_D1,575,0,41,0,0
B10_D1,330,0,206,0,0
B6_D1,56,0,10,0,0
B6_D1,128,0,485,0,0
G1_D1,503,0,132,0,0
G1_D1,428,0,11,0,0
B6_D1,708,0,191,0,0
B2_D1,202,0,81,0,0
B6_D1,338,0,28,0,0
G1_D1,790,0,424,0,0
B6_D1,216,0,511,0,0
B6_D1,750,0,302,0,0
B6_D1,492,0,511,0,0
B2_D1,203,0,241,0,0
B10_D1,24,0,326,0,0
B6_D1,588,0,330,0,0
B10_D1,294,0,393,0,0
B6_D1,370,0,14,0,0
B10_D1,582,0,508,0,0
B6_D1,362,0,46,0,0
B10_D1,74,0,140,0,0
B6_D1,768,0,33,0,0
B6_D1,504,0,350,0,0
B10_D1,629,0,318,0,0
B4_D1,994,0,75,0,0
G1_D1,197,0,191,0,0
B10_D1,544,0,226,0,0
B6_D1,541,0,214,0,0
B6_D1,220,0,365,0,0
G1_D1,772,0,424,0,0
B10_D1,227,0,161,0,0
G1_D1,988,0,3,0,0
B6_D1,240,0,402,0,0
B8_D1,242,0,333,0,0
B10_D1,631,0,295,0,0
B6_D1,3,0,298,0,0
G1_D1,137,0,107,0,0
B4_D1,126,0,101,0,0
B10_D1,630,0,316,0,0
B10_D1,878,0,498,0,0
G1_D1,221,0,268,0,0
G1_D1,127,0,370,0,0
B10_D1,403,0,28,0,0
B4_D1,908,0,67,0,0
B10_D1,268,0,249,0,0
B10_D1,554,0,481,0,0
B6_D1,306,0,24,0,0
B6_D1,598,0,228,0,0
B10_D1,10,0,20,0,0
B6_D1,1005,0,106,0,0
G1_D1,85,0,144,0,0
B2_D1,94,0,27,0,0
B10_D1,860,0,331,0,0
B10_D1,60,0,56,0,0
B4_D1,362,0,372,0,0
B6_D1,570,0,182,0,0
B6_D1,11,0,268,0,0
B10_D1,292,0,307,0,0
G1_D1,84,0,7,0,0
G1_D1,323,0,320,0,0
B10_D1,652,0,246,0,0
B6_D1,206,0,310,0,0
B10_D1,603,0,502,0,0
B6_D1,709,0,50,0,0
B10_D1,629,0,455,0,0
G1_D1,142,0,374,0,0
B6_D1,803,0,123,0,0
G1_D1,747,0,248,0,0
B2_D1,256,0,511,0,0
G1_D1,933,0,4,0,0
B4_D1,6,0,439,0,0
G1_D1,903,0,488,0,0
B10_D1,773,0,423,0,0
B10_D1,905,0,271,0,0
B10_D1,697,0,191,0,0
B10_D1,89,0,510,0,0
B6_D1,412,0,148,0,0
B6_D1,290,0,462,0,0
B10_D1,688,0,63,0,0
B10_D1,638,0,33,0,0
B6_D1,726,0,190,0,0
G1_D1,26,0,112,0,0
B10_D1,35,0,82,0,0
G1_D1,955,0,243,0,0
B6_D1,125,0,298,0,0
B6_D1,898,0,29,0,0
B6_D1,886,0,32,0,0
G1_D1,322,0,30,0,0
B6_D1,779,0,269,0,0
G1_D1,701,0,384,0,0
B6_D1,122,0,34,0,0
B6_D1,695,0,159,0,0
B2_D1,357,0,22,0,0
B6_D1,24,0,263,0,0
B6_D1,608,0,13,0,0
B10_D1,953,0,256,0,0
B6_D1,412,0,41,0,0
B6_D1,27,0,399,0,0
B6_D1,698,0,40,0,0
G1_D1,19,0,240,0,0
B2_D1,160,0,116,0,0
G1_D1,829,0,12,0,0
B6_D1,777,0,362,0,0
G1_D1,2,0,498,0,0
B6_D1,16,0,492,0,0
G1_D1,683,0,286,0,0
B6_D1,261,0,134,0,0
G1_D1,76,0,324,0,0
B10_D1,847,0,3,0,0
B6_D1,862,0,351,0,0
B6_D1,315,0,402,0,0
B10_D1,772,0,165,0,0
G1_D1,381,0,4,0,0
B2_D1,418,0,288,0,0
B10_D1,1020,0,7,0,0
B6_D1,976,0,222,0,0
B10_D1,445,0,118,0,0
B10_D1,817,0,373,0,0
B6_D1,92,0,273,0,0
B2_D1,964,0,45,0,0
B6_D1,446,0,506,0,0
B10_D1,501,0,489,0,0
B6_D1,536,0,7,0,0
B6_D1,899,0,70,0,0
B10_D1,21,0,125,0,0
B10_D1,545,0,85,0,0
B2_D1,858,0,176,0,0
G1_D1,57,0,104,0,0
B10_D1,144,0,173,0,0
B6_D1,37,0,446,0,0
B10_D1,870,0,61,0,0
G1_D1,33,0,43,0,0
B6_D1,249,0,374,0,0
B4_D1,793,0,256,0,0
G1_D1,159,0,10,0,0
G1_D1,99,0,10,0,0
G1_D1,222,0,22,0,0
B6_D1,50,0,49,0,0
B10_D1,638,0,211,0,0
G1_D1,998,0,336,0,0
G1_D1,1018,0,346,0,0
B6_D1,170,0,485,0,0
B10_D1,650,0,81,0,0
B10_D1,350,0,99,0,0
B4_D1,305,0,221,0,0
B10_D1,1022,0,29,0,0
B10_D1,1019,0,45,0,0
B6_D1,223,0,371,0,0
B6_D1,634,0,483,0,0
B10_D1,365,0,63,0,0
G1_D1,10,0,269,0,0
G1_D1,108,0,363,0,0
B10_D1,305,0,136,0,0
B6_D1,163,0,446,0,0
B6_D1,94,0,11,0,0
G1_D1,64,0,285,0,0
B10_D1,239,0,288,0,0
B8_D1,285,0,321,0,0
G1_D1,696,0,273,0,0
G1_D1,843,0,78,0,0
B10_D1,236,0,392,0,0
B10_D1,851,0,105,0,0
G1_D1,37,0,6,0,0
B4_D1,660,0,61,0,0
G1_D1,84,0,268,0,0
G1_D1,998,0,119,0,0
B6_D1,158,0,48,0,0
B10_D1,461,0,460,0,0
B10_D1,432,0,328,0,0
B6_D1,819,0,480,0,0
B6_D1,84,0,273,0,0
B6_D1,647,0,384,0,0
B4_D1,453,0,62,0,0
B10_D1,592,0,186,0,0
B6_D1,814,0,113,0,0
G1_D1,577,0,196,0,0
B6_D1,80,0,182,0,0
B10_D1,496,0,498,0,0
B6_D1,653,0,196,0,0
G1_D1,331,0,410,0,0
G1_D1,1015,0,216,0,0
B10_D1,547,0,7,0,0
B10_D1,710,0,444,0,0
G1_D1,270,0,136,0,0
B4_D1,835,0,72,0,0
B6_D1,548,0,288,0,0
B10_D1,170,0,57,0,0
G1_D1,80,0,274,0,0
B10_D1,593,0,511,0,0
B6_D1,906,0,3,0,0
B6_D1,766,0,298,0,0
B4_D1,144,0,125,0,0
G1_D1,531,0,112,0,0
B6_D1,9,0,55,0,0
B10_D1,8,0,50,0,0
B4_D1,810,0,51,0,0
B6_D1,231,0,361,0,0
G1_D1,329,0,61,0,0
B6_D1,27,0,480,0,0
B4_D1,544,0,202,0,0
G1_D1,868,0,390,0,0
B6_D1,861,0,258,0,0
B10_D1,175,0,174,0,0
B6_D1,516,0,511,0,0
B6_D1,24,0,9,0,0
B10_D1,617,0,476,0,0
B10_D1,703,0,17,0,0
B6_D1,876,0,73,0,0
G1_D1,257,0,303,0,0
B10_D1,101,0,140,0,0
B10_D1,230,0,65,0,0
G1_D1,14,0,345,0,0
B6_D1,132,0,0,0,0
B10_D1,744,0,401,0,0
B6_D1,318,0,335,0,0
B10_D1,828,0,311,0,0
B2_D1,732,0,32,0,0
B10_D1,734,0,82,0,0
B2_D1,77,0,58,0,0
B6_D1,380,0,19,0,0
B6_D1,913,0,53,0,0
B4_D1,367,0,197,0,0
G1_D1,538,0,18,0,0
B6_D1,74,0,1,0,0
G1_D1,17,0,155,0,0
B2_D1,870,0,259,0,0
B6_D1,151,0,196,0,0
B6_D1,827,0,425,0,0
B10_D1,299,0,79,0,0
B6_D1,874,0,8,0,0
B6_D1,775,0,434,0,0
B2_D1,862,0,45,0,0
B6_D1,431,0,283,0,0
B10_D1,682,0,161,0,0
G1_D1,740,0,322,0,0
B6_D1,132,0,271,0,0
B10_D1,255,0,317,0,0
B6_D1,62,0,497,0,0
G1_D1,916,0,390,0,0
B2_D1,868,0,27,0,0
B6_D1,122,0,113,0,0
G1_D1,198,0,7,0,0
B6_D1,137,0,315,0,0
G1_D1,841,0,169,0,0
B6_D1,332,0,177,0,0
G1_D1,235,0,176,0,0
B10_D1,823,0,184,0,0
B6_D1,822,0,27,0,0
B6_D1,696,0,453,0,0
B4_D1,731,0,14,0,0
G1_D1,618,0,46,0,0
B10_D1,257,0,143,0,0
B4_D1,919,0,136,0,0
B10_D1,60,0,37,0,0
G1_D1,177,0,156,0,0
G1_D1,696,0,509,0,0
B6_D1,6,0,499,0,0
B10_D1,628,0,477,0,0
B4_D1,325,0,169,0,0
B10_D1,130,0,13,0,0
G1_D1,25,0,80,0,0
B6_D1,430,0,501,0,0
B6_D1,48,0,215,0,0
G1_D1,566,0,117,0,0
B6_D1,328,0,492,0,0
B2_D1,153,0,25,0,0
B10_D1,825,0,410,0,0
B10_D1,429,0,230,0,0
B6_D1,652,0,241,0,0
B6_D1,893,0,300,0,0
G1_D1,45,0,73,0,0
B6_D1,753,0,248,0,0
B10_D1,799,0,64,0,0
G1_D1,348,0,18,0,0
B10_D1,453,0,232,0,0
B10_D1,944,0,10,0,0
B6_D1,578,0,13,0,0
B4_D1,152,0,272,0,0
B6_D1,662,0,482,0,0
B8_D1,901,0,1,0,0
G1_D1,824,0,423,0,0
B6_D1,764,0,4,0,0
B6_D1,130,0,41,0,0
B6_D1,811,0,85,0,0
B4_D1,489,0,201,0,0
G1_D1,404,0,478,0,0
B4_D1,146,0,272,0,0
B2_D1,543,0,461,0,0
G1_D1,91,0,16,0,0
G1_D1,660,0,151,0,0
G1_D1,897,0,114,0,0
G1_D1,203,0,66,0,0
B10_D1,108,0,212,0,0
B6_D1,946,0,11,0,0
G1_D1,938,0,108,0,0
B6_D1,534,0,188,0,0
B10_D1,878,0,340,0,0
B6_D1,708,0,511,0,0
B10_D1,635,0,85,0,0
B4_D1,1022,0,319,0,0
B6_D1,986,0,62,0,0
B10_D1,750,0,9,0,0
B6_D1,650,0,162,0,0
B6_D1,662,0,449,0,0
B6_D1,223,0,407,0,0
G1_D1,645,0,37,0,0
B6_D1,614,0,266,0,0
B10_D1,477,0,280,0,0
B6_D1,528,0,385,0,0
B10_D1,59,0,199,0,0
B6_D1,777,0,110,0,0
B2_D1,949,0,6,0,0
G1_D1,862,0,511,0,0
B10_D1,879,0,236,0,0
G1_D1,103,0,6,0,0
B6_D1,814,0,35,0,0
B6_D1,0,0,214,0,0
B4_D1,368,0,103,0,0
B6_D1,280,0,58,0,0
B8_D1,134,0,335,0,0
B10_D1,586,0,307,0,0
B10_D1,52,0,256,0,0
G1_D1,574,0,197,0,0
B10_D1,804,0,326,0,0
B6_D1,789,0,459,0,0
B6_D1,484,0,483,0,0
B2_D1,175,0,306,0,0
B10_D1,384,0,173,0,0
G1_D1,911,0,96,0,0
B6_D1,872,0,119,0,0
B6_D1,521,0,272,0,0
B4_D1,867,0,232,0,0
B6_D1,320,0,165,0,0
G1_D1,273,0,10,0,0
G1_D1,874,0,215,0,0
B6_D1,249,0,296,0,0
B6_D1,210,0,199,0,0
B6_D1,167,0,477,0,0
B6_D1,704,0,19,0,0
B10_D1,774,0,75,0,0
G1_D1,515,0,30,0,0
B10_D1,186,0,104,0,0
B6_D1,200,0,46,0,0
B6_D1,395,0,70,0,0
B10_D1,160,0,160,0,0
B6_D1,500,0,276,0,0
B10_D1,176,0,57,0,0
B2_D1,941,0,81,0,0
B6_D1,98,0,46,0,0
B6_D1,921,0,394,0,0
G1_D1,481,0,353,0,0
B10_D1,711,0,256,0,0
B10_D1,303,0,434,0,0
B10_D1,386,0,487,0,0
B6_D1,257,0,198,0,0
B6_D1,436,0,38,0,0
B6_D1,230,0,296,0,0
B10_D1,781,0,375,0,0
G1_D1,659,0,244,0,0
B10_D1,541,0,158,0,0
G1_D1,289,0,139,0,0
B6_D1,930,0,437,0,0
B6_D1,767,0,155,0,0
B6_D1,190,0,14,0,0
B6_D1,318,0,30,0,0
G1_D1,932,0,244,0,0
B6_D1,844,0,384,0,0
B6_D1,114,0,189,0,0
B4_D1,85,0,133,0,0
B6_D1,980,0,431,0,0
G1_D1,764,0,388,0,0
B6_D1,558,0,6,0,0
B6_D1,936,0,502,0,0
B6_D1,80,0,37,0,0
G1_D1,599,0,81,0,0
B6_D1,550,0,366,0,0
B10_D1,76,0,89,0,0
B6_D1,897,0,267,0,0
B10_D1,487,0,467,0,0
G1_D1,783,0,52,0,0
B10_D1,412,0,69,0,0
B10_D1,105,0,271,0,0
B6_D1,905,0,52,0,0
B6_D1,196,0,44,0,0
B10_D1,626,0,259,0,0
B6_D1,853,0,237,0,0
B10_D1,827,0,51,0,0
B6_D1,801,0,238,0,0
B10_D1,719,0,273,0,0
B10_D1,759,0,367,0,0
B2_D1,632,0,445,0,0
G1_D1,968,0,307,0,0
G1_D1,674,0,11,0,0
B6_D1,300,0,27,0,0
B6_D1,646,0,8,0,0
B10_D1,267,0,58,0,0
B10_D1,441,0,456,0,0
B10_D1,228,0,385,0,0
B6_D1,430,0,507,0,0
G1_D1,955,0,233,0,0
B6_D1,445,0,106,0,0
B4_D1,359,0,43,0,0
B6_D1,477,0,71,0,0
B10_D1,965,0,6,0,0
B6_D1,860,0,25,0,0
B6_D1,456,0,281,0,0
B6_D1,66,0,33,0,0
G1_D1,975,0,86,0,0
B6_D1,110,0,464,0,0
G1_D1,327,0,285,0,0
B6_D1,139,0,265,0,0
G1_D1,751,0,12,0,0
B10_D1,257,0,511,0,0
B10_D1,816,0,312,0,0
G1_D1,328,0,314,0,0
B10_D1,588,0,147,0,0
B10_D1,781,0,242,0,0
B2_D1,209,0,50,0,0
B10_D1,609,0,129,0,0
B6_D1,912,0,9,0,0
B10_D1,769,0,35,0,0
B10_D1,488,0,316,0,0
G1_D1,684,0,203,0,0
B6_D1,90,0,400,0,0
B2_D1,602,0,224,0,0
G1_D1,148,0,382,0,0
B6_D1,951,0,141,0,0
B6_D1,853,0,439,0,0
B2_D1,423,0,169,0,0
B2_D1,445,0,502,0,0
B4_D1,878,0,12,0,0
B10_D1,496,0,478,0,0
B10_D1,2,0,405,0,0
B6_D1,458,0,403,0,0
B10_D1,154,0,160,0,0
B10_D1,364,0,17,0,0
B8_D1,935,0,238,0,0
B6_D1,829,0,271,0,0
B2_D1,906,0,415,0,0
B10_D1,727,0,99,0,0
B10_D1,952,0,43,0,0
B2_D1,1023,0,205,0,0
B6_D1,964,0,404,0,0
B6_D1,966,0,202,0,0
B4_D1,115,0,287,0,0
B6_D1,14,0,54,0,0
B6_D1,218,0,7,0,0
B6_D1,822,0,235,0,0
B6_D1,555,0,231,0,0
B10_D1,923,0,443,0,0
B6_D1,705,0,343,0,0
B10_D1,98,0,149,0,0
B6_D1,650,0,485,0,0
B10_D1,405,0,136,0,0
B6_D1,823,0,192,0,0
B2_D1,314,0,121,0,0
B10_D1,860,0,289,0,0
G1_D1,128,0,23,0,0
G1_D1,972,0,380,0,0
B6_D1,476,0,370,0,0
B10_D1,119,0,11,0,0
B10_D1,77,0,93,0,0
B6_D1,846,0,36,0,0
B6_D1,1020,0,463,0,0
B6_D1,815,0,203,0,0
G1_D1,992,0,102,0,0
B10_D1,817,0,181,0,0
B10_D1,428,0,143,0,0
B10_D1,154,0,48,0,0
B6_D1,689,0,421,0,0
B4_D1,30,0,43,0,0
B10_D1,689,0,85,0,0
B10_D1,305,0,124,0,0
B10_D1,347,0,274,0,0
G1_D1,754,0,21,0,0
B6_D1,804,0,99,0,0
B10_D1,588,0,170,0,0
G1_D1,1009,0,96,0,0
B10_D1,658,0,98,0,0
B6_D1,402,0,275,0,0
B10_D1,197,0,216,0,0
G1_D1,92,0,271,0,0
B6_D1,951,0,225,0,0
G1_D1,17,0,275,0,0
B6_D1,486,0,3,0,0
B10_D1,222,0,59,0,0
B10_D1,360,0,232,0,0
B10_D1,292,0,342,0,0
B6_D1,110,0,98,0,0
G1_D1,357,0,10,0,0
B10_D1,540,0,323,0,0
B6_D1,849,0,133,0,0
B6_D1,414,0,381,0,0
B10_D1,206,0,508,0,0
B6_D1,539,0,185,0,0
B10_D1,587,0,210,0,0
G1_D1,875,0,259,0,0
G1_D1,449,0,70,0,0
B6_D1,31,0,474,0,0
G1_D1,915,0,387,0,0
G1_D1,426,0,264,0,0
B4_D1,290,0,310,0,0
B6_D1,957,0,140,0,0
B6_D1,427,0,389,0,0
B10_D1,370,0,172,0,0
B10_D1,785,0,374,0,0
B6_D1,997,0,290,0,0
B6_D1,763,0,109,0,0
B10_D1,680,0,484,0,0
B6_D1,549,0,175,0,0
B10_D1,658,0,74,0,0
B10_D1,34,0,154,0,0
G1_D1,323,0,225,0,0
B10_D1,503,0,229,0,0
B6_D1,106,0,501,0,0
G1_D1,124,0,26,0,0
G1_D1,1007,0,230,0,0
B2_D1,629,0,477,0,0
B6_D1,792,0,18,0,0
B6_D1,700,0,367,0,0
B10_D1,642,0,49,0,0
B6_D1,876,0,27,0,0
G1_D1,858,0,115,0,0
B10_D1,815,0,368,0,0
G1_D1,19,0,342,0,0
B4_D1,6,0,176,0,0
G1_D1,440,0,478,0,0
B6_D1,67,0,402,0,0
B6_D1,750,0,303,0,0
B6_D1,463,0,68,0,0
G1_D1,499,0,479,0,0
B2_D1,755,0,73,0,0
B6_D1,920,0,92,0,0
G1_D1,329,0,386,0,0
G1_D1,871,0,211,0,0
B6_D1,40,0,84,0,0
B6_D1,847,0,306,0,0
B4_D1,856,0,35,0,0
B6_D1,552,0,27,0,0
G1_D1,910,0,17,0,0
B2_D1,919,0,42,0,0
G1_D1,295,0,266,0,0
B6_D1,630,0,165,0,0
B2_D1,174,0,130,0,0
B10_D1,6,0,101,0,0
G1_D1,1010,0,292,0,0
B10_D1,91,0,86,0,0
B4_D1,126,0,175,0,0
G1_D1,877,0,229,0,0
G1_D1,947,0,460,0,0
B6_D1,380,0,174,0,0
B6_D1,343,0,223,0,0
B6_D1,896,0,391,0,0
G1_D1,200,0,407,0,0
G1_D1,285,0,393,0,0
B10_D1,800,0,442,0,0
B6_D1,314,0,116,0,0
G1_D1,1014,0,235,0,0
B6_D1,348,0,33,0,0
B6_D1,546,0,291,0,0
B6_D1,660,0,499,0,0
G1_D1,33,0,104,0,0
G1_D1,14,0,197,0,0
B4_D1,908,0,232,0,0
B6_D1,950,0,302,0,0
B10_D1,366,0,271,0,0
B6_D1,296,0,151,0,0
B6_D1,610,0,429,0,0
B10_D1,20,0,389,0,0
G1_D1,1001,0,40,0,0
B2_D1,683,0,285,0,0
B4_D1,930,0,250,0,0
B6_D1,964,0,20,0,0
B6_D1,360,0,0,0,0
B6_D1,103,0,475,0,0
B6_D1,518,0,497,0,0
B2_D1,752,0,494,0,0
G1_D1,8,0,1,0,0
B6_D1,848,0,449,0,0
B6_D1,323,0,141,0,0
B6_D1,491,0,388,0,0
B10_D1,134,0,136,0,0
B2_D1,232,0,200,0,0
B10_D1,502,0,475,0,0
B6_D1,276,0,266,0,0
B4_D1,1,0,484,0,0
B6_D1,389,0,56,0,0
B6_D1,538,0,347,0,0
B4_D1,719,0,70,0,0
G1_D1,304,0,140,0,0
B10_D1,643,0,377,0,0
B6_D1,478,0,504,0,0
B10_D1,382,0,258,0,0
B4_D1,1023,0,239,0,0
B6_D1,824,0,13,0,0
G1_D1,24,0,214,0,0
B10_D1,1019,0,0,0,0
B10_D1,650,0,258,0,0
B10_D1,123,0,60,0,0
B10_D1,438,0,498,0,0
B6_D1,172,0,398,0,0
B6_D1,418,0,249,0,0
G1_D1,744,0,240,0,0
G1_D1,40,0,106,0,0
B10_D1,674,0,297,0,0
B10_D1,833,0,384,0,0
B10_D1,351,0,207,0,0
G1_D1,892,0,3,0,0
B6_D1,44,0,269,0,0
B6_D1,108,0,148,0,0
B2_D1,688,0,144,0,0
B10_D1,30,0,169,0,0
B10_D1,0,0,231,0,0
B10_D1,742,0,12,0,0
G1_D1,529,0,16,0,0
G1_D1,311,0,466,0,0
B4_D1,619,0,165,0,0
B10_D1,36,0,31,0,0
B10_D1,295,0,127,0,0
B10_D1,664,0,419,0,0
B10_D1,574,0,285,0,0
B10_D1,566,0,25,0,0
B10_D1,65,0,312,0,0
B6_D1,456,0,160,0,0
B6_D1,76,0,5,0,0
G1_D1,777,0,51,0,0
B10_D1,239,0,35,0,0
B6_D1,20,0,302,0,0
G1_D1,838,0,17,0,0
B4_D1,437,0,423,0,0
B10_D1,558,0,301,0,0
B6_D1,53,0,481,0,0
B6_D1,115,0,434,0,0
B6_D1,725,0,159,0,0
B10_D1,465,0,462,0,0
B6_D1,852,0,502,0,0
G1_D1,8,0,247,0,0
G1_D1,660,0,7,0,0
G1_D1,250,0,411,0,0
B10_D1,0,0,210,0,0
B4_D1,407,0,406,0,0
G1_D1,1022,0,1,0,0
G1_D1,903,0,315,0,0
B10_D1,261,0,57,0,0
B4_D1,3,0,321,0,0
B6_D1,754,0,347,0,0
B10_D1,507,0,489,0,0
G1_D1,1006,0,240,0,0
B6_D1,515,0,247,0,0
B10_D1,333,0,91,0,0
G1_D1,219,0,42,0,0
B6_D1,784,0,492,0,0
G1_D1,218,0,236,0,0
B10_D1,880,0,51,0,0
B6_D1,284,0,291,0,0
B6_D1,75,0,86,0,0
B10_D1,432,0,125,0,0
B6_D1,725,0,95,0,0
B10_D1,160,0,359,0,0
B6_D1,992,0,4,0,0
B6_D1,527,0,53,0,0
B6_D1,289,0,381,0,0
B6_D1,88,0,495,0,0
B6_D1,756,0,250,0,0
B10_D1,893,0,437,0,0
G1_D1,413,0,2,0,0
G1_D1,842,0,132,0,0
B10_D1,101,0,470,0,0
B6_D1,775,0,306,0,0
G1_D1,555,0,85,0,0
B4_D1,335,0,333,0,0
B6_D1,616,0,376,0,0
B2_D1,525,0,219,0,0
B10_D1,837,0,17,0,0
B6_D1,74,0,16,0,0
B4_D1,676,0,27,0,0
B6_D1,873,0,142,0,0
B6_D1,14,0,235,0,0
B6_D1,175,0,448,0,0
B6_D1,871,0,230,0,0
B6_D1,426,0,454,0,0
B10_D1,140,0,349,0,0
B10_D1,473,0,231,0,0
B10_D1,389,0,155,0,0
B6_D1,198,0,9,0,0
B10_D1,35,0,244,0,0
B10_D1,477,0,8,0,0
B4_D1,704,0,195,0,0
B10_D1,423,0,66,0,0
G1_D1,336,0,20,0,0
B6_D1,966,0,354,0,0
G1_D1,194,0,241,0,0
B2_D1,89,0,82,0,0
G1_D1,798,0,24,0,0
B10_D1,657,0,492,0,0
B6_D1,251,0,114,0,0
B6_D1,808,0,138,0,0
G1_D1,736,0,91,0,0
B6_D1,656,0,48,0,0
G1_D1,351,0,145,0,0
B10_D1,234,0,71,0,0
B6_D1,622,0,501,0,0
B10_D1,1005,0,485,0,0
B6_D1,596,0,46,0,0
B2_D1,317,0,490,0,0
B6_D1,937,0,460,0,0
B6_D1,704,0,440,0,0
G1_D1,377,0,269,0,0
B6_D1,80,0,22,0,0
B6_D1,876,0,323,0,0
B10_D1,460,0,265,0,0
G1_D1,285,0,279,0,0
B10_D1,362,0,176,0,0
G1_D1,996,0,185,0,0
B4_D1,1,0,500,0,0
G1_D1,670,0,185,0,0
G1_D1,103,0,191,0,0
B6_D1,241,0,373,0,0
B2_D1,977,0,510,0,0
B2_D1,358,0,511,0,0
B6_D1,716,0,382,0,0
B6_D1,110,0,34,0,0
B6_D1,89,0,431,0,0
B4_D1,63,0,303,0,0
B10_D1,744,0,45,0,0
G1_D1,747,0,258,0,0
B6_D1,331,0,386,0,0
B10_D1,437,0,314,0,0
G1_D1,710,0,274,0,0
B6_D1,620,0,10,0,0
G1_D1,81,0,510,0,0
B10_D1,140,0,446,0,0
B4_D1,934,0,18,0,0
B10_D1,607,0,280,0,0
G1_D1,556,0,27,0,0
G1_D1,1023,0,151,0,0
B6_D1,676,0,483,0,0
B6_D1,676,0,318,0,0
B6_D1,88,0,290,0,0
G1_D1,400,0,134,0,0
B10_D1,476,0,109,0,0
B6_D1,18,0,502,0,0
G1_D1,79,0,19,0,0
G1_D1,1010,0,122,0,0
B4_D1,771,0,36,0,0
B10_D1,56,0,284,0,0
B10_D1,72,0,304,0,0
B6_D1,332,0,227,0,0
B10_D1,164,0,269,0,0
G1_D1,476,0,481,0,0
G1_D1,989,0,268,0,0
B6_D1,817,0,194,0,0
B10_D1,957,0,53,0,0
B6_D1,360,0,332,0,0
B6_D1,102,0,30,0,0
B10_D1,33,0,110,0,0
B10_D1,1022,0,159,0,0
B6_D1,190,0,341,0,0
B6_D1,603,0,343,0,0
B4_D1,58,0,0,0,0
B10_D1,191,0,0,0,0
B10_D1,430,0,98,0,0
B6_D1,412,0,269,0,0
B6_D1,151,0,456,0,0
G1_D1,260,0,70,0,0
G1_D1,1010,0,272,0,0
B6_D1,20,0,7,0,0
B6_D1,225,0,405,0,0
G1_D1,706,0,193,0,0
B6_D1,411,0,382,0,0
B6_D1,653,0,421,0,0
B6_D1,315,0,374,0,0
B6_D1,889,0,319,0,0
B8_D1,447,0,286,0,0
B10_D1,420,0,147,0,0
B6_D1,177,0,451,0,0
B10_D1,280,0,266,0,0
B6_D1,280,0,17,0,0
B2_D1,208,0,485,0,0
B6_D1,375,0,481,0,0
G1_D1,748,0,342,0,0
G1_D1,684,0,52,0,0
B6_D1,555,0,387,0,0
G1_D1,480,0,18,0,0
B2_D1,873,0,85,0,0
B6_D1,4,0,208,0,0
B4_D1,341,0,207,0,0
B2_D1,376,0,493,0,0
G1_D1,346,0,274,0,0
B10_D1,641,0,276,0,0
B6_D1,638,0,34,0,0
B6_D1,1007,0,97,0,0
B6_D1,312,0,39,0,0
B6_D1,597,0,117,0,0
B10_D1,549,0,31,0,0
B10_D1,380,0,487,0,0
B10_D1,487,0,77,0,0
B10_D1,276,0,141,0,0
B10_D1,218,0,288,0,0
B6_D1,551,0,388,0,0
B10_D1,627,0,178,0,0
G1_D1,546,0,108,0,0
B6_D1,624,0,346,0,0
B10_D1,117,0,120,0,0
B6_D1,198,0,277,0,0
B6_D1,958,0,501,0,0
B6_D1,1,0,317,0,0
B4_D1,479,0,114,0,0
B6_D1,305,0,62,0,0
B8_D1,599,0,184,0,0
G1_D1,656,0,5,0,0
B2_D1,130,0,456,0,0
G1_D1,459,0,484,0,0
B6_D1,916,0,283,0,0
B6_D1,818,0,494,0,0
B6_D1,858,0,30,0,0
B6_D1,545,0,238,0,0
B10_D1,104,0,34,0,0
B6_D1,1013,0,327,0,0
B6_D1,801,0,240,0,0
B6_D1,558,0,57,0,0
B6_D1,922,0,507,0,0
B6_D1,759,0,64,0,0
B6_D1,572,0,22,0,0
B6_D1,632,0,40,0,0
G1_D1,522,0,61,0,0
G1_D1,738,0,61,0,0
B10_D1,934,0,288,0,0
G1_D1,18,0,95,0,0
G1_D1,51,0,333,0,0
B2_D1,981,0,155,0,0
B6_D1,444,0,139,0,0
B10_D1,78,0,82,0,0
B4_D1,479,0,200,0,0
B10_D1,40,0,102,0,0
B10_D1,5,0,269,0,0
B6_D1,330,0,18,0,0
B6_D1,481,0,51,0,0
B6_D1,845,0,217,0,0
B10_D1,847,0,43,0,0
G1_D1,886,0,51,0,0
G1_D1,85,0,425,0,0
B4_D1,577,0,302,0,0
B6_D1,956,0,399,0,0
B6_D1,540,0,166,0,0
G1_D1,110,0,115,0,0
B6_D1,603,0,117,0,0
B4_D1,94,0,159,0,0
B6_D1,952,0,72,0,0
G1_D1,50,0,52,0,0
B6_D1,476,0,294,0,0
B6_D1,720,0,283,0,0
B6_D1,158,0,485,0,0
B10_D1,370,0,17,0,0
B10_D1,652,0,450,0,0
B4_D1,96,0,65,0,0
B6_D1,334,0,29,0,0
B6_D1,23,0,374,0,0
B10_D1,100,0,13,0,0
B6_D1,3,0,332,0,0
B6_D1,933,0,252,0,0
B10_D1,584,0,197,0,0
B6_D1,212,0,13,0,0
B10_D1,350,0,29,0,0
B10_D1,527,0,85,0,0
B10_D1,477,0,305,0,0
B6_D1,745,0,340,0,0
G1_D1,813,0,63,0,0
G1_D1,213,0,21,0,0
B10_D1,847,0,46,0,0
B10_D1,152,0,320,0,0
B10_D1,636,0,491,0,0
B6_D1,200,0,10,0,0
B6_D1,218,0,19,0,0
B10_D1,667,0,132,0,0
B10_D1,39,0,45,0,0
B10_D1,200,0,217,0,0
B6_D1,156,0,198,0,0
G1_D1,26,0,134,0,0
B6_D1,790,0,501,0,0
B10_D1,100,0,141,0,0
B6_D1,747,0,426,0,0
B6_D1,148,0,507,0,0
B6_D1,996,0,278,0,0
G1_D1,121,0,419,0,0
B4_D1,510,0,211,0,0
B4_D1,231,0,210,0,0
B10_D1,19,0,131,0,0
B6_D1,191,0,386,0,0
G1_D1,1018,0,190,0,0
B10_D1,379,0,277,0,0
G1_D1,1005,0,165,0,0
G1_D1,1018,0,397,0,0
B6_D1,110,0,100,0,0
B6_D1,820,0,330,0,0
B6_D1,46,0,478,0,0
B6_D1,154,0,32,0,0
B6_D1,388,0,17,0,0
B10_D1,460,0,505,0,0
G1_D1,664,0,256,0,0
B6_D1,942,0,234,0,0
B6_D1,338,0,90,0,0
B6_D1,691,0,340,0,0
B6_D1,250,0,116,0,0
B6_D1,990,0,452,0,0
B6_D1,816,0,3,0,0
B6_D1,354,0,171,0,0
G1_D1,202,0,343,0,0
B2_D1,901,0,456,0,0
G1_D1,456,0,18,0,0
B6_D1,586,0,478,0,0
G1_D1,318,0,207,0,0
B6_D1,551,0,435,0,0
B8_D1,676,0,250,0,0
B6_D1,694,0,387,0,0
G1_D1,152,0,292,0,0
B4_D1,669,0,263,0,0
B4_D1,1022,0,135,0,0
B6_D1,266,0,509,0,0
B10_D1,142,0,291,0,0
B6_D1,726,0,511,0,0
B4_D1,125,0,355,0,0
B6_D1,978,0,42,0,0
G1_D1,275,0,410,0,0
B6_D1,626,0,211,0,0
B6_D1,94,0,483,0,0
B6_D1,890,0,1,0,0
B6_D1,902,0,7,0,0
B6_D1,635,0,349,0,0
B10_D1,623,0,286,0,0
G1_D1,892,0,437,0,0
G1_D1,939,0,68,0,0
B4_D1,180,0,38,0,0
B6_D1,15,0,426,0,0
B10_D1,425,0,79,0,0
B6_D1,76,0,507,0,0
G1_D1,32,0,112,0,0
B2_D1,534,0,27,0,0
B6_D1,248,0,59,0,0
B10_D1,161,0,246,0,0
B6_D1,320,0,10,0,0
B6_D1,934,0,41,0,0
B6_D1,756,0,502,0,0
B2_D1,527,0,365,0,0
G1_D1,28,0,92,0,0
G1_D1,23,0,50,0,0
G1_D1,298,0,415,0,0
B6_D1,460,0,317,0,0
B6_D1,958,0,130,0,0
B10_D1,502,0,491,0,0
B10_D1,187,0,230,0,0
B10_D1,914,0,320,0,0
B10_D1,197,0,251,0,0
G1_D1,886,0,219,0,0
B6_D1,156,0,267,0,0
B10_D1,821,0,279,0,0
B10_D1,958,0,464,0,0
B6_D1,538,0,205,0,0
B10_D1,85,0,3,0,0
B6_D1,656,0,46,0,0
G1_D1,738,0,242,0,0
B10_D1,533,0,286,0,0
B10_D1,347,0,241,0,0
B6_D1,870,0,508,0,0
B6_D1,99,0,376,0,0
B6_D1,761,0,232,0,0
G1_D1,267,0,21,0,0
B4_D1,523,0,424,0,0
B10_D1,211,0,289,0,0
B6_D1,257,0,131,0,0
B6_D1,314,0,1,0,0
B10_D1,117,0,60,0,0
B6_D1,566,0,344,0,0
B6_D1,255,0,382,0,0
B6_D1,985,0,121,0,0
B10_D1,472,0,136,0,0
B10_D1,958,0,285,0,0
B6_D1,115,0,374,0,0
G1_D1,602,0,141,0,0
B6_D1,615,0,238,0,0
G1_D1,30,0,27,0,0
B6_D1,993,0,81,0,0
B6_D1,188,0,1,0,0
B10_D1,598,0,287,0,0
B6_D1,606,0,337,0,0
B6_D1,8,0,10,0,0
B10_D1,53,0,305,0,0
B10_D1,16,0,242,0,0
B6_D1,226,0,14,0,0
B4_D1,703,0,190,0,0
G1_D1,916,0,222,0,0
B10_D1,620,0,234,0,0
G1_D1,228,0,241,0,0
G1_D1,778,0,3,0,0
B10_D1,603,0,129,0,0
B6_D1,410,0,48,0,0
B10_D1,64,0,275,0,0
B8_D1,424,0,282,0,0
B6_D1,972,0,238,0,0
B2_D1,976,0,73,0,0
B6_D1,626,0,348,0,0
B6_D1,738,0,467,0,0
B10_D1,989,0,256,0,0
B2_D1,817,0,85,0,0
B6_D1,0,0,173,0,0
B6_D1,972,0,122,0,0
G1_D1,413,0,15,0,0
G1_D1,261,0,64,0,0
B6_D1,504,0,235,0,0
B6_D1,327,0,226,0,0
B10_D1,523,0,117,0,0
G1_D1,607,0,55,0,0
B4_D1,0,0,19,0,0
B6_D1,1021,0,454,0,0
B4_D1,274,0,192,0,0
B6_D1,599,0,64,0,0
B6_D1,1003,0,366,0,0
B6_D1,683,0,362,0,0
B10_D1,519,0,222,0,0
B10_D1,503,0,54,0,0
B6_D1,950,0,399,0,0
G1_D1,289,0,265,0,0
G1_D1,935,0,50,0,0
G1_D1,585,0,22,0,0
G1_D1,360,0,236,0,0
B10_D1,810,0,5,0,0
B2_D1,972,0,0,0,0
B6_D1,484,0,2,0,0
B4_D1,156,0,143,0,0
B6_D1,51,0,480,0,0
B6_D1,509,0,247,0,0
G1_D1,407,0,277,0,0
B10_D1,32,0,86,0,0
G1_D1,776,0,387,0,0
G1_D1,457,0,152,0,0
G1_D1,27,0,136,0,0
G1_D1,48,0,264,0,0
B6_D1,805,0,132,0,0
B6_D1,791,0,153,0,0
B10_D1,603,0,1,0,0
B10_D1,928,0,293,0,0
B6_D1,334,0,333,0,0
B4_D1,3,0,34,0,0
B4_D1,617,0,298,0,0
B10_D1,526,0,95,0,0
B4_D1,597,0,303,0,0
B10_D1,733,0,122,0,0
B6_D1,789,0,458,0,0
B10_D1,768,0,235,0,0
B2_D1,99,0,96,0,0
B6_D1,821,0,380,0,0
G1_D1,142,0,382,0,0
B2_D1,389,0,508,0,0
G1_D1,7,0,295,0,0
B6_D1,768,0,158,0,0
B10_D1,304,0,6,0,0
B10_D1,953,0,458,0,0
B10_D1,704,0,251,0,0
B6_D1,906,0,9,0,0
B10_D1,75,0,2,0,0
B10_D1,513,0,116,0,0
G1_D1,1016,0,336,0,0
B2_D1,676,0,20,0,0
B10_D1,338,0,18,0,0
G1_D1,991,0,82,0,0
B10_D1,835,0,235,0,0
B6_D1,766,0,156,0,0
B10_D1,182,0,223,0,0
B6_D1,758,0,482,0,0
B10_D1,602,0,259,0,0
B10_D1,598,0,350,0,0
B6_D1,35,0,112,0,0
B6_D1,400,0,49,0,0
B6_D1,494,0,488,0,0
G1_D1,925,0,105,0,0
B6_D1,734,0,382,0,0
B10_D1,185,0,123,0,0
B10_D1,723,0,329,0,0
B10_D1,467,0,263,0,0
B10_D1,132,0,5,0,0
B10_D1,996,0,303,0,0
B10_D1,493,0,306,0,0
G1_D1,1008,0,109,0,0
B10_D1,936,0,5,0,0
B6_D1,411,0,223,0,0
B6_D1,552,0,39,0,0
B6_D1,400,0,176,0,0
G1_D1,998,0,15,0,0
B6_D1,837,0,435,0,0
B6_D1,526,0,23,0,0
B6_D1,864,0,508,0,0
B2_D1,345,0,492,0,0
G1_D1,94,0,276,0,0
B6_D1,207,0,188,0,0
B6_D1,1018,0,8,0,0
B10_D1,770,0,61,0,0
B2_D1,860,0,39,0,0
B10_D1,486,0,301,0,0
B6_D1,643,0,476,0,0
B2_D1,583,0,117,0,0
B4_D1,929,0,263,0,0
G1_D1,725,0,331,0,0
B6_D1,864,0,323,0,0
G1_D1,63,0,68,0,0
B6_D1,437,0,58,0,0
B10_D1,466,0,508,0,0
B6_D1,983,0,440,0,0
B6_D1,851,0,259,0,0
B10_D1,233,0,288,0,0
B2_D1,844,0,49,0,0
B6_D1,428,0,354,0,0
B10_D1,13,0,134,0,0
B10_D1,626,0,115,0,0
B10_D1,219,0,49,0,0
B6_D1,558,0,39,0,0
B2_D1,741,0,10,0,0
B6_D1,224,0,22,0,0
B2_D1,571,0,471,0,0
B6_D1,88,0,478,0,0
B6_D1,420,0,246,0,0
G1_D1,136,0,413,0,0
B2_D1,286,0,42,0,0
G1_D1,206,0,371,0,0
G1_D1,784,0,21,0,0
B10_D1,856,0,286,0,0
B10_D1,652,0,57,0,0
B10_D1,91,0,296,0,0
B10_D1,572,0,80,0,0
G1_D1,799,0,269,0,0
B10_D1,72,0,87,0,0
B4_D1,94,0,126,0,0
B4_D1,221,0,67,0,0
B6_D1,984,0,9,0,0
B10_D1,164,0,214,0,0
B10_D1,742,0,58,0,0
G1_D1,222,0,273,0,0
B6_D1,371,0,329,0,0
G1_D1,733,0,279,0,0
B10_D1,144,0,352,0,0
G1_D1,195,0,42,0,0
B10_D1,854,0,192,0,0
B6_D1,372,0,45,0,0
B10_D1,675,0,111,0,0
B10_D1,342,0,182,0,0
B6_D1,306,0,461,0,0
B6_D1,690,0,450,0,0
B6_D1,46,0,504,0,0
B6_D1,480,0,15,0,0
G1_D1,44,0,138,0,0
G1_D1,789,0,72,0,0
B10_D1,718,0,430,0,0
B10_D1,16,0,286,0,0
B2_D1,842,0,17,0,0
B10_D1,964,0,9,0,0
G1_D1,8,0,290,0,0
B6_D1,26,0,197,0,0
B6_D1,128,0,28,0,0
B10_D1,603,0,480,0,0
G1_D1,236,0,451,0,0
G1_D1,611,0,2,0,0
B10_D1,544,0,478,0,0
B4_D1,786,0,82,0,0
B4_D1,663,0,34,0,0
B4_D1,735,0,109,0,0
B10_D1,743,0,454,0,0
G1_D1,1016,0,1,0,0
B6_D1,913,0,439,0,0
B10_D1,874,0,88,0,0
B10_D1,709,0,262,0,0
B10_D1,256,0,306,0,0
B4_D1,65,0,279,0,0
B10_D1,565,0,309,0,0
B10_D1,150,0,327,0,0
B6_D1,660,0,33,0,0
B6_D1,862,0,108,0,0
B10_D1,556,0,65,0,0
B6_D1,603,0,299,0,0
B10_D1,908,0,260,0,0
B10_D1,145,0,449,0,0
B10_D1,371,0,132,0,0
B10_D1,276,0,346,0,0
B6_D1,8,0,494,0,0
G1_D1,756,0,464,0,0
B10_D1,656,0,305,0,0
B6_D1,370,0,192,0,0
B6_D1,992,0,31,0,0
G1_D1,169,0,19,0,0
B10_D1,456,0,282,0,0
B6_D1,1020,0,461,0,0
B10_D1,16,0,113,0,0
B6_D1,590,0,28,0,0
B10_D1,670,0,447,0,0
B2_D1,394,0,288,0,0
G1_D1,1000,0,112,0,0
B6_D1,718,0,360,0,0
B6_D1,172,0,504,0,0
B4_D1,182,0,118,0,0
B4_D1,669,0,15,0,0
B10_D1,695,0,0,0,0
B10_D1,238,0,161,0,0
B6_D1,554,0,397,0,0
B6_D1,408,0,267,0,0
B6_D1,304,0,147,0,0
G1_D1,892,0,53,0,0
G1_D1,941,0,34,0,0
B6_D1,42,0,30,0,0
B10_D1,310,0,185,0,0
B6_D1,783,0,198,0,0
B2_D1,447,0,169,0,0
B6_D1,998,0,506,0,0
B10_D1,1017,0,30,0,0
B10_D1,647,0,273,0,0
B10_D1,48,0,206,0,0
B6_D1,140,0,114,0,0
B6_D1,665,0,62,0,0
B6_D1,22,0,136,0,0
B6_D1,614,0,16,0,0
B6_D1,880,0,90,0,0
B6_D1,695,0,164,0,0
G1_D1,277,0,266,0,0
B6_D1,354,0,291,0,0
B10_D1,50,0,278,0,0
B6_D1,905,0,430,0,0
B6_D1,960,0,400,0,0
B10_D1,134,0,70,0,0
B10_D1,502,0,4,0,0
B6_D1,710,0,13,0,0
B4_D1,545,0,142,0,0
G1_D1,580,0,171,0,0
B6_D1,4,0,106,0,0
B6_D1,844,0,23,0,0
B10_D1,408,0,230,0,0
B2_D1,504,0,286,0,0
B6_D1,1014,0,208,0,0
B4_D1,328,0,220,0,0
B6_D1,322,0,483,0,0
B10_D1,713,0,398,0,0
B2_D1,992,0,102,0,0
B6_D1,467,0,172,0,0
G1_D1,582,0,279,0,0
B10_D1,317,0,217,0,0
B4_D1,612,0,227,0,0
G1_D1,878,0,41,0,0
B6_D1,34,0,507,0,0
G1_D1,453,0,363,0,0
B6_D1,328,0,219,0,0
B10_D1,1019,0,139,0,0
B10_D1,769,0,115,0,0
B10_D1,951,0,27,0,0
B2_D1,341,0,160,0,0
B4_D1,520,0,422,0,0
G1_D1,158,0,93,0,0
B6_D1,197,0,386,0,0
B6_D1,326,0,202,0,0
B10_D1,923,0,322,0,0
B4_D1,739,0,28,0,0
B4_D1,580,0,213,0,0
B4_D1,72,0,83,0,0
B6_D1,490,0,510,0,0
B10_D1,11,0,332,0,0
G1_D1,911,0,333,0,0
B10_D1,466,0,94,0,0
B6_D1,734,0,43,0,0
B10_D1,16,0,116,0,0
B8_D1,142,0,238,0,0
G1_D1,992,0,5,0,0
B8_D1,222,0,104,0,0
B10_D1,8,0,297,0,0
B4_D1,964,0,220,0,0
B10_D1,968,0,31,0,0
B6_D1,189,0,85,0,0
B6_D1,497,0,477,0,0
B2_D1,955,0,29,0,0
G1_D1,163,0,377,0,0
B10_D1,430,0,162,0,0
G1_D1,1013,0,84,0,0
B2_D1,133,0,447,0,0
G1_D1,37,0,241,0,0
B4_D1,494,0,248,0,0
B10_D1,36,0,155,0,0
B6_D1,1016,0,31,0,0
G1_D1,27,0,65,0,0
B6_D1,890,0,497,0,0
B10_D1,937,0,350,0,0
B4_D1,129,0,357,0,0
B6_D1,453,0,417,0,0
G1_D1,670,0,120,0,0
B6_D1,28,0,97,0,0
B10_D1,169,0,164,0,0
B6_D1,270,0,499,0,0
B10_D1,677,0,68,0,0
B10_D1,353,0,411,0,0
G1_D1,764,0,155,0,0
B6_D1,44,0,158,0,0
B6_D1,572,0,266,0,0
B10_D1,633,0,238,0,0
B10_D1,146,0,315,0,0
B6_D1,430,0,23,0,0
B6_D1,45,0,51,0,0
B2_D1,378,0,287,0,0
B10_D1,684,0,448,0,0
B6_D1,584,0,482,0,0
B10_D1,779,0,259,0,0
B10_D1,293,0,408,0,0
B10_D1,122,0,194,0,0
B6_D1,92,0,488,0,0
B6_D1,834,0,30,0,0
B10_D1,356,0,231,0,0
B6_D1,482,0,174,0,0
B4_D1,394,0,295,0,0
B4_D1,871,0,237,0,0
B10_D1,809,0,122,0,0
B10_D1,330,0,335,0,0
B6_D1,0,0,207,0,0
B6_D1,730,0,53,0,0
B6_D1,256,0,507,0,0
B10_D1,447,0,462,0,0
G1_D1,989,0,24,0,0
G1_D1,191,0,344,0,0
B4_D1,737,0,295,0,0
B4_D1,676,0,75,0,0
B6_D1,428,0,40,0,0
B6_D1,564,0,123,0,0
B4_D1,24,0,139,0,0
B10_D1,580,0,332,0,0
B6_D1,28,0,395,0,0
B10_D1,613,0,150,0,0
G1_D1,836,0,440,0,0
B6_D1,896,0,454,0,0
B6_D1,401,0,301,0,0
G1_D1,36,0,123,0,0
B4_D1,703,0,304,0,0
B6_D1,892,0,47,0,0
G1_D1,159,0,507,0,0
B10_D1,307,0,466,0,0
B10_D1,226,0,67,0,0
B6_D1,560,0,321,0,0
B6_D1,406,0,295,0,0
B10_D1,252,0,39,0,0
G1_D1,491,0,98,0,0
G1_D1,368,0,90,0,0
B10_D1,715,0,119,0,0
B6_D1,594,0,3,0,0
B6_D1,678,0,61,0,0
G1_D1,810,0,61,0,0
B10_D1,954,0,70,0,0
B10_D1,10,0,133,0,0
B6_D1,6,0,39,0,0
B4_D1,744,0,292,0,0
B6_D1,399,0,297,0,0
B6_D1,189,0,361,0,0
B6_D1,126,0,27,0,0
G1_D1,630,0,86,0,0
G1_D1,157,0,16,0,0
B6_D1,835,0,262,0,0
G1_D1,202,0,235,0,0
G1_D1,686,0,19,0,0
B10_D1,405,0,266,0,0
B6_D1,32,0,485,0,0
B10_D1,390,0,506,0,0
G1_D1,35,0,121,0,0
B10_D1,467,0,57,0,0
B6_D1,749,0,184,0,0
G1_D1,26,0,131,0,0
B6_D1,620,0,28,0,0
B10_D1,433,0,283,0,0
G1_D1,1023,0,399,0,0
B2_D1,655,0,223,0,0
B10_D1,826,0,88,0,0
G1_D1,10,0,239,0,0
G1_D1,84,0,138,0,0
B10_D1,659,0,270,0,0
B4_D1,273,0,26,0,0
B6_D1,21,0,262,0,0
B6_D1,156,0,191,0,0
G1_D1,82,0,55,0,0
B6_D1,26,0,217,0,0
G1_D1,197,0,234,0,0
B4_D1,558,0,389,0,0
G1_D1,738,0,36,0,0
B2_D1,792,0,131,0,0
B10_D1,697,0,272,0,0
B4_D1,541,0,205,0,0
B10_D1,978,0,40,0,0
B10_D1,401,0,509,0,0
B10_D1,810,0,330,0,0
B2_D1,630,0,475,0,0
B4_D1,996,0,67,0,0
B6_D1,310,0,47,0,0
G1_D1,759,0,334,0,0
G1_D1,985,0,272,0,0
B10_D1,660,0,66,0,0
B6_D1,40,0,137,0,0
B2_D1,846,0,437,0,0
B10_D1,122,0,90,0,0
B10_D1,826,0,318,0,0
B10_D1,63,0,171,0,0
G1_D1,382,0,58,0,0
B6_D1,628,0,114,0,0
B2_D1,120,0,200,0,0
B10_D1,314,0,203,0,0
G1_D1,973,0,155,0,0
B6_D1,224,0,500,0,0
B10_D1,686,0,287,0,0
B6_D1,51,0,353,0,0
B6_D1,750,0,346,0,0
G1_D1,51,0,331,0,0
B10_D1,388,0,393,0,0
B6_D1,943,0,230,0,0
G1_D1,536,0,186,0,0
B10_D1,111,0,197,0,0
B10_D1,79,0,56,0,0
B6_D1,31,0,253,0,0
G1_D1,947,0,261,0,0
B6_D1,629,0,408,0,0
B10_D1,553,0,505,0,0
B10_D1,639,0,2,0,0
G1_D1,532,0,127,0,0
B6_D1,817,0,129,0,0
B6_D1,792,0,511,0,0
B10_D1,14,0,203,0,0
B10_D1,869,0,252,0,0
B10_D1,766,0,478,0,0
G1_D1,156,0,108,0,0
B6_D1,337,0,88,0,0
G1_D1,513,0,277,0,0
B6_D1,42,0,79,0,0
B6_D1,530,0,259,0,0
B6_D1,782,0,16,0,0
B10_D1,749,0,308,0,0
G1_D1,479,0,2,0,0
B10_D1,603,0,321,0,0
B10_D1,350,0,67,0,0
B6_D1,880,0,20,0,0
G1_D1,579,0,276,0,0
B2_D1,709,0,140,0,0
B8_D1,768,0,233,0,0
B6_D1,264,0,334,0,0
B10_D1,58,0,455,0,0
B6_D1,370,0,504,0,0
G1_D1,730,0,133,0,0
B6_D1,855,0,168,0,0
B10_D1,315,0,336,0,0
B10_D1,702,0,494,0,0
G1_D1,51,0,76,0,0
B6_D1,810,0,344,0,0
B10_D1,468,0,10,0,0
B6_D1,865,0,437,0,0
G1_D1,924,0,293,0,0
B10_D1,277,0,264,0,0
B6_D1,803,0,250,0,0
B2_D1,369,0,174,0,0
B10_D1,730,0,90,0,0
B10_D1,322,0,250,0,0
B2_D1,553,0,223,0,0
B6_D1,772,0,107,0,0
B10_D1,691,0,272,0,0
B10_D1,61,0,148,0,0
B4_D1,607,0,302,0,0
G1_D1,17,0,206,0,0
B6_D1,38,0,4,0,0
B10_D1,384,0,410,0,0
B2_D1,264,0,485,0,0
G1_D1,932,0,20,0,0
B2_D1,951,0,61,0,0
B6_D1,540,0,350,0,0
B6_D1,24,0,422,0,0
B10_D1,717,0,256,0,0
B6_D1,567,0,169,0,0
B10_D1,10,0,91,0,0
B10_D1,815,0,27,0,0
G1_D1,713,0,365,0,0
B10_D1,603,0,336,0,0
G1_D1,983,0,62,0,0
B6_D1,496,0,408,0,0
B2_D1,778,0,487,0,0
B10_D1,661,0,142,0,0
B2_D1,275,0,392,0,0
B6_D1,66,0,400,0,0
G1_D1,157,0,19,0,0
G1_D1,625,0,164,0,0
B10_D1,627,0,244,0,0
G1_D1,75,0,93,0,0
B6_D1,217,0,149,0,0
B4_D1,891,0,90,0,0
B6_D1,76,0,8,0,0
G1_D1,37,0,183,0,0
B6_D1,54,0,224,0,0
B6_D1,870,0,18,0,0
B10_D1,693,0,321,0,0
G1_D1,318,0,18,0,0
B6_D1,718,0,334,0,0
B10_D1,376,0,269,0,0
B10_D1,244,0,25,0,0
B6_D1,842,0,272,0,0
B10_D1,441,0,493,0,0
B10_D1,561,0,302,0,0
B10_D1,910,0,319,0,0
G1_D1,954,0,220,0,0
G1_D1,796,0,64,0,0
G1_D1,180,0,18,0,0
B6_D1,462,0,493,0,0
G1_D1,1002,0,91,0,0
B10_D1,219,0,120,0,0
B10_D1,463,0,277,0,0
G1_D1,560,0,81,0,0
B6_D1,778,0,29,0,0
G1_D1,97,0,19,0,0
B10_D1,577,0,113,0,0
B6_D1,64,0,296,0,0
B10_D1,122,0,133,0,0
B10_D1,69,0,155,0,0
B10_D1,319,0,20,0,0
B10_D1,493,0,69,0,0
G1_D1,366,0,223,0,0
G1_D1,154,0,411,0,0
B6_D1,150,0,496,0,0
B6_D1,814,0,138,0,0
B6_D1,727,0,457,0,0
B10_D1,763,0,414,0,0
B6_D1,93,0,432,0,0
B6_D1,121,0,92,0,0
B6_D1,84,0,508,0,0
B10_D1,480,0,5,0,0
B10_D1,18,0,262,0,0
B10_D1,926,0,54,0,0
B6_D1,878,0,16,0,0
G1_D1,11,0,383,0,0
B6_D1,851,0,70,0,0
B10_D1,839,0,114,0,0
G1_D1,878,0,464,0,0
G1_D1,332,0,59,0,0
B6_D1,40,0,90,0,0
B10_D1,650,0,38,0,0
G1_D1,749,0,164,0,0
B10_D1,73,0,14,0,0
B10_D1,727,0,268,0,0
B8_D1,576,0,292,0,0
B6_D1,544,0,339,0,0
G1_D1,643,0,304,0,0
B10_D1,619,0,486,0,0
B10_D1,788,0,390,0,0
B10_D1,855,0,288,0,0
G1_D1,35,0,305,0,0
B10_D1,139,0,323,0,0
G1_D1,27,0,85,0,0
G1_D1,917,0,445,0,0
B6_D1,845,0,226,0,0
B10_D1,764,0,446,0,0
B6_D1,3,0,394,0,0
B4_D1,6,0,491,0,0
B10_D1,86,0,325,0,0
G1_D1,1007,0,74,0,0
G1_D1,926,0,73,0,0
B6_D1,59,0,476,0,0
G1_D1,803,0,70,0,0
G1_D1,445,0,229,0,0
B10_D1,308,0,182,0,0
B10_D1,341,0,178,0,0
B8_D1,707,0,313,0,0
B4_D1,59,0,16,0,0
G1_D1,1019,0,253,0,0
B6_D1,626,0,48,0,0
G1_D1,920,0,19,0,0
B10_D1,690,0,448,0,0
B6_D1,255,0,399,0,0
B4_D1,463,0,184,0,0
B2_D1,792,0,129,0,0
G1_D1,958,0,18,0,0
B6_D1,230,0,332,0,0
B6_D1,860,0,109,0,0
B6_D1,167,0,128,0,0
G1_D1,58,0,142,0,0
B10_D1,725,0,44,0,0
B6_D1,425,0,349,0,0
B10_D1,506,0,49,0,0
B6_D1,768,0,502,0,0
B6_D1,456,0,487,0,0
B10_D1,343,0,3,0,0
B10_D1,41,0,38,0,0
B6_D1,408,0,169,0,0
G1_D1,636,0,469,0,0
B2_D1,447,0,32,0,0
B10_D1,168,0,166,0,0
B10_D1,629,0,372,0,0
G1_D1,191,0,38,0,0
B6_D1,962,0,509,0,0
G1_D1,762,0,261,0,0
B2_D1,994,0,281,0,0
B6_D1,524,0,509,0,0
B10_D1,90,0,270,0,0
G1_D1,224,0,136,0,0
B10_D1,953,0,73,0,0
B10_D1,598,0,4,0,0
B6_D1,534,0,182,0,0
B10_D1,237,0,311,0,0
G1_D1,974,0,311,0,0
B10_D1,465,0,262,0,0
B10_D1,240,0,229,0,0
B10_D1,739,0,327,0,0
B6_D1,974,0,445,0,0
G1_D1,934,0,25,0,0
B6_D1,179,0,147,0,0
B10_D1,808,0,62,0,0
G1_D1,443,0,2,0,0
B10_D1,540,0,414,0,0
B10_D1,280,0,27,0,0
G1_D1,190,0,51,0,0
B8_D1,138,0,333,0,0
B6_D1,869,0,226,0,0
B10_D1,558,0,5,0,0
B10_D1,5,0,252,0,0
B10_D1,859,0,32,0,0
B6_D1,300,0,12,0,0
B10_D1,739,0,321,0,0
B8_D1,205,0,107,0,0
B10_D1,951,0,30,0,0
G1_D1,611,0,42,0,0
B10_D1,235,0,255,0,0
G1_D1,41,0,57,0,0
B10_D1,1008,0,66,0,0
B6_D1,835,0,151,0,0
G1_D1,132,0,13,0,0
B6_D1,130,0,35,0,0
B4_D1,601,0,193,0,0
B6_D1,307,0,384,0,0
B2_D1,672,0,361,0,0
G1_D1,691,0,55,0,0
B10_D1,720,0,86,0,0
B10_D1,224,0,321,0,0
B10_D1,117,0,81,0,0
G1_D1,564,0,69,0,0
G1_D1,203,0,15,0,0
B10_D1,643,0,280,0,0
G1_D1,29,0,72,0,0
G1_D1,544,0,92,0,0
G1_D1,244,0,365,0,0
B10_D1,752,0,164,0,0
B10_D1,674,0,249,0,0
G1_D1,425,0,8,0,0
G1_D1,535,0,282,0,0
B2_D1,310,0,55,0,0
B6_D1,899,0,397,0,0
B6_D1,54,0,496,0,0
B6_D1,399,0,285,0,0
G1_D1,278,0,23,0,0
B6_D1,115,0,185,0,0
B6_D1,202,0,510,0,0
B2_D1,465,0,39,0,0
B6_D1,986,0,314,0,0
B2_D1,715,0,254,0,0
B6_D1,970,0,203,0,0
B6_D1,188,0,31,0,0
B6_D1,780,0,157,0,0
G1_D1,952,0,88,0,0
B4_D1,512,0,268,0,0
B6_D1,384,0,276,0,0
B6_D1,116,0,482,0,0
B6_D1,953,0,348,0,0
B6_D1,782,0,497,0,0
B6_D1,874,0,394,0,0
G1_D1,320,0,240,0,0
B6_D1,864,0,154,0,0
G1_D1,985,0,292,0,0
B10_D1,423,0,367,0,0
G1_D1,284,0,46,0,0
B6_D1,11,0,101,0,0
B10_D1,257,0,267,0,0
B6_D1,884,0,494,0,0
G1_D1,687,0,195,0,0
B2_D1,127,0,432,0,0
B10_D1,269,0,268,0,0
B6_D1,146,0,205,0,0
B10_D1,388,0,257,0,0
B10_D1,19,0,92,0,0
B6_D1,698,0,183,0,0
B6_D1,446,0,230,0,0
G1_D1,432,0,109,0,0
B6_D1,982,0,486,0,0
B6_D1,282,0,335,0,0
B6_D1,954,0,298,0,0
B6_D1,318,0,403,0,0
B6_D1,46,0,26,0,0
G1_D1,88,0,45,0,0
G1_D1,947,0,264,0,0
B6_D1,480,0,12,0,0
B6_D1,906,0,301,0,0
G1_D1,183,0,185,0,0
B10_D1,468,0,11,0,0
B6_D1,953,0,327,0,0
G1_D1,768,0,13,0,0
B10_D1,79,0,3,0,0
G1_D1,802,0,279,0,0
B10_D1,89,0,180,0,0
B10_D1,672,0,76,0,0
B6_D1,768,0,27,0,0
G1_D1,47,0,109,0,0
G1_D1,19,0,119,0,0
B2_D1,913,0,22,0,0
B6_D1,999,0,339,0,0
B10_D1,416,0,139,0,0
B10_D1,66,0,87,0,0
B6_D1,643,0,456,0,0
B4_D1,310,0,181,0,0
B4_D1,643,0,94,0,0
B10_D1,304,0,87,0,0
B10_D1,799,0,36,0,0
B6_D1,551,0,349,0,0
B6_D1,430,0,65,0,0
B6_D1,72,0,279,0,0
B6_D1,669,0,481,0,0
B10_D1,552,0,12,0,0
G1_D1,702,0,50,0,0
B6_D1,810,0,493,0,0
B6_D1,451,0,347,0,0
B6_D1,832,0,107,0,0
B8_D1,959,0,303,0,0
B10_D1,614,0,184,0,0
B6_D1,107,0,402,0,0
G1_D1,11,0,322,0,0
B10_D1,101,0,37,0,0
B10_D1,901,0,90,0,0
B6_D1,63,0,403,0,0
B6_D1,650,0,28,0,0
B2_D1,387,0,173,0,0
B10_D1,262,0,313,0,0
B6_D1,971,0,427,0,0
B2_D1,880,0,88,0,0
B4_D1,681,0,273,0,0
B4_D1,530,0,214,0,0
B6_D1,45,0,201,0,0
B10_D1,817,0,374,0,0
B10_D1,189,0,444,0,0
G1_D1,1005,0,285,0,0
B6_D1,652,0,382,0,0
B10_D1,335,0,314,0,0
G1_D1,352,0,42,0,0
B6_D1,84,0,505,0,0
B6_D1,224,0,494,0,0
B10_D1,317,0,218,0,0
G1_D1,52,0,56,0,0
G1_D1,63,0,76,0,0
B6_D1,1003,0,113,0,0
B6_D1,108,0,39,0,0
B10_D1,867,0,476,0,0
B6_D1,688,0,5,0,0
B10_D1,166,0,4,0,0
B6_D1,740,0,342,0,0
B4_D1,750,0,202,0,0
B6_D1,677,0,341,0,0
G1_D1,745,0,285,0,0
B6_D1,404,0,122,0,0
G1_D1,870,0,96,0,0
B10_D1,81,0,36,0,0
B6_D1,171,0,450,0,0
B6_D1,714,0,3,0,0
B4_D1,18,0,502,0,0
B10_D1,213,0,71,0,0
G1_D1,684,0,509,0,0
B4_D1,323,0,217,0,0
G1_D1,889,0,28,0,0
B6_D1,364,0,486,0,0
B6_D1,118,0,424,0,0
B10_D1,157,0,41,0,0
B6_D1,496,0,498,0,0
B6_D1,458,0,13,0,0
G1_D1,707,0,2,0,0
G1_D1,292,0,3,0,0
G1_D1,761,0,2,0,0
B4_D1,1001,0,13,0,0
G1_D1,1007,0,226,0,0
B10_D1,774,0,330,0,0
G1_D1,43,0,74,0,0
B10_D1,171,0,151,0,0
B6_D1,152,0,114,0,0
G1_D1,569,0,248,0,0
B6_D1,66,0,490,0,0
B10_D1,141,0,43,0,0
B6_D1,576,0,9,0,0
G1_D1,751,0,6,0,0
G1_D1,519,0,112,0,0
B6_D1,400,0,460,0,0
B10_D1,368,0,501,0,0
B6_D1,830,0,392,0,0
B6_D1,592,0,486,0,0
B10_D1,738,0,469,0,0
B10_D1,164,0,273,0,0
G1_D1,359,0,207,0,0
B2_D1,502,0,163,0,0
B2_D1,847,0,60,0,0
B10_D1,1021,0,160,0,0
B10_D1,402,0,414,0,0
B4_D1,720,0,268,0,0
B6_D1,909,0,389,0,0
G1_D1,481,0,351,0,0
B6_D1,244,0,478,0,0
B2_D1,209,0,151,0,0
G1_D1,638,0,1,0,0
G1_D1,1015,0,108,0,0
G1_D1,1006,0,227,0,0
B6_D1,79,0,327,0,0
B2_D1,903,0,453,0,0
G1_D1,638,0,46,0,0
B6_D1,789,0,335,0,0
B2_D1,732,0,495,0,0
B6_D1,21,0,71,0,0
B6_D1,438,0,3,0,0
B6_D1,920,0,277,0,0
G1_D1,1009,0,300,0,0
B6_D1,918,0,270,0,0
B6_D1,730,0,20,0,0
B6_D1,377,0,369,0,0
B6_D1,565,0,184,0,0
B10_D1,89,0,462,0,0
B10_D1,352,0,181,0,0
B6_D1,330,0,189,0,0
G1_D1,100,0,9,0,0
B10_D1,247,0,178,0,0
G1_D1,715,0,126,0,0
B2_D1,90,0,510,0,0
B2_D1,110,0,18,0,0
B4_D1,188,0,358,0,0
B6_D1,907,0,96,0,0
B6_D1,660,0,450,0,0
G1_D1,186,0,18,0,0
B4_D1,67,0,18,0,0
B6_D1,303,0,208,0,0
B6_D1,551,0,232,0,0
B6_D1,202,0,44,0,0
B6_D1,116,0,98,0,0
B6_D1,832,0,330,0,0
G1_D1,38,0,166,0,0
B10_D1,473,0,473,0,0
B10_D1,602,0,338,0,0
B2_D1,724,0,59,0,0
B10_D1,367,0,421,0,0
B6_D1,779,0,207,0,0
B6_D1,552,0,369,0,0
B10_D1,698,0,249,0,0
B2_D1,369,0,482,0,0
B6_D1,242,0,151,0,0
B10_D1,114,0,212,0,0
B6_D1,826,0,145,0,0
G1_D1,481,0,16,0,0
B6_D1,90,0,0,0,0
B6_D1,615,0,361,0,0
B6_D1,156,0,0,0,0
B10_D1,542,0,300,0,0
B10_D1,633,0,374,0,0
B4_D1,534,0,112,0,0
B6_D1,916,0,486,0,0
B10_D1,375,0,492,0,0
B10_D1,740,0,164,0,0
B10_D1,597,0,145,0,0
B6_D1,405,0,481,0,0
B6_D1,190,0,174,0,0
B6_D1,395,0,366,0,0
B10_D1,315,0,61,0,0
B4_D1,734,0,248,0,0
B6_D1,870,0,328,0,0
B10_D1,794,0,91,0,0
B4_D1,828,0,82,0,0
G1_D1,572,0,1,0,0
B8_D1,95,0,276,0,0
B10_D1,566,0,88,0,0
G1_D1,362,0,24,0,0
B10_D1,870,0,401,0,0
B6_D1,133,0,369,0,0
B10_D1,606,0,288,0,0
G1_D1,176,0,23,0,0
B6_D1,898,0,145,0,0
B6_D1,341,0,349,0,0
G1_D1,32,0,131,0,0
B4_D1,627,0,60,0,0
G1_D1,749,0,8,0,0
B6_D1,768,0,302,0,0
B10_D1,21,0,188,0,0
B10_D1,6,0,231,0,0
B6_D1,88,0,38,0,0
B6_D1,86,0,281,0,0
B6_D1,788,0,349,0,0
B2_D1,587,0,285,0,0
G1_D1,398,0,478,0,0
B10_D1,86,0,173,0,0
B6_D1,568,0,331,0,0
B6_D1,710,0,344,0,0
B2_D1,486,0,286,0,0
B10_D1,144,0,285,0,0
B4_D1,102,0,4,0,0
B4_D1,635,0,298,0,0
B8_D1,634,0,179,0,0
G1_D1,712,0,282,0,0
B10_D1,723,0,424,0,0
B6_D1,971,0,95,0,0
B6_D1,406,0,460,0,0
B10_D1,285,0,330,0,0
B10_D1,268,0,6,0,0
G1_D1,45,0,501,0,0
G1_D1,437,0,8,0,0
B6_D1,38,0,412,0,0
B6_D1,642,0,21,0,0
B6_D1,706,0,160,0,0
G1_D1,418,0,125,0,0
B10_D1,282,0,102,0,0
B10_D1,469,0,237,0,0
B6_D1,262,0,294,0,0
B10_D1,570,0,412,0,0
G1_D1,712,0,339,0,0
B6_D1,418,0,147,0,0
B6_D1,615,0,428,0,0
B10_D1,983,0,477,0,0
B10_D1,715,0,403,0,0
B6_D1,537,0,202,0,0
B6_D1,954,0,52,0,0
B6_D1,70,0,131,0,0
B6_D1,502,0,38,0,0
B6_D1,306,0,388,0,0
B6_D1,580,0,32,0,0
B6_D1,553,0,364,0,0
B10_D1,3,0,222,0,0
B10_D1,351,0,46,0,0
B6_D1,172,0,118,0,0
B6_D1,708,0,42,0,0
B6_D1,382,0,8,0,0
G1_D1,253,0,76,0,0
G1_D1,197,0,438,0,0
B10_D1,8,0,506,0,0
B10_D1,541,0,188,0,0
B2_D1,389,0,160,0,0
B6_D1,96,0,138,0,0
B6_D1,778,0,498,0,0
G1_D1,18,0,349,0,0
B6_D1,76,0,270,0,0
B10_D1,664,0,385,0,0
B10_D1,235,0,197,0,0
B10_D1,400,0,166,0,0
B2_D1,944,0,150,0,0
B2_D1,723,0,225,0,0
B10_D1,541,0,465,0,0
B6_D1,754,0,53,0,0
B6_D1,248,0,4,0,0
B4_D1,451,0,213,0,0
B10_D1,169,0,39,0,0
G1_D1,768,0,103,0,0
B10_D1,383,0,268,0,0
B6_D1,69,0,188,0,0
G1_D1,68,0,446,0,0
B10_D1,709,0,309,0,0
G1_D1,45,0,43,0,0
B10_D1,247,0,315,0,0
G1_D1,930,0,441,0,0
G1_D1,179,0,163,0,0
B10_D1,481,0,309,0,0
B10_D1,684,0,293,0,0
B10_D1,557,0,407,0,0
B6_D1,855,0,215,0,0
G1_D1,273,0,240,0,0
B10_D1,11,0,12,0,0
B6_D1,948,0,39,0,0
B8_D1,626,0,235,0,0
B4_D1,31,0,32,0,0
G1_D1,867,0,240,0,0
B6_D1,762,0,245,0,0
B10_D1,176,0,40,0,0
B6_D1,127,0,299,0,0
B4_D1,598,0,217,0,0
B10_D1,167,0,68,0,0
G1_D1,190,0,277,0,0
B4_D1,792,0,76,0,0
B2_D1,441,0,110,0,0
B6_D1,130,0,106,0,0
B2_D1,195,0,150,0,0
B6_D1,713,0,196,0,0
G1_D1,28,0,207,0,0
B8_D1,152,0,202,0,0
B6_D1,226,0,11,0,0
B10_D1,727,0,42,0,0
G1_D1,1019,0,265,0,0
B6_D1,782,0,7,0,0
B10_D1,478,0,338,0,0
B10_D1,696,0,442,0,0
B10_D1,277,0,305,0,0
G1_D1,199,0,77,0,0
B6_D1,67,0,309,0,0
G1_D1,556,0,87,0,0
B6_D1,419,0,349,0,0
B10_D1,29,0,135,0,0
B8_D1,744,0,201,0,0
B6_D1,894,0,27,0,0
B6_D1,234,0,406,0,0
B6_D1,528,0,409,0,0
B6_D1,834,0,15,0,0
B10_D1,745,0,115,0,0
B2_D1,386,0,205,0,0
G1_D1,1008,0,138,0,0
B10_D1,880,0,342,0,0
B2_D1,378,0,487,0,0
B6_D1,13,0,97,0,0
B10_D1,920,0,326,0,0
B2_D1,767,0,72,0,0
B2_D1,184,0,233,0,0
G1_D1,874,0,9,0,0
B6_D1,539,0,300,0,0
B6_D1,179,0,479,0,0
B6_D1,833,0,304,0,0
B10_D1,229,0,7,0,0
B6_D1,510,0,490,0,0
B4_D1,608,0,180,0,0
B6_D1,67,0,182,0,0
B10_D1,120,0,155,0,0
G1_D1,321,0,134,0,0
G1_D1,202,0,39,0,0
B6_D1,872,0,46,0,0
B6_D1,357,0,480,0,0
B6_D1,140,0,182,0,0
B6_D1,795,0,307,0,0
G1_D1,526,0,40,0,0
B6_D1,976,0,495,0,0
B10_D1,452,0,140,0,0
B6_D1,42,0,505,0,0
B4_D1,5,0,42,0,0
B10_D1,496,0,237,0,0
B2_D1,901,0,165,0,0
G1_D1,147,0,167,0,0
B2_D1,479,0,157,0,0
B6_D1,141,0,335,0,0
B6_D1,636,0,33,0,0
B6_D1,663,0,378,0,0
B6_D1,554,0,389,0,0
B6_D1,134,0,423,0,0
B10_D1,78,0,5,0,0
B6_D1,743,0,429,0,0
B10_D1,150,0,507,0,0
B10_D1,410,0,23,0,0
B6_D1,992,0,135,0,0
B6_D1,336,0,511,0,0
B10_D1,223,0,315,0,0
B6_D1,48,0,79,0,0
G1_D1,1015,0,236,0,0
B6_D1,514,0,5,0,0
B10_D1,703,0,257,0,0
B10_D1,538,0,90,0,0
B6_D1,884,0,40,0,0
G1_D1,20,0,147,0,0
B10_D1,374,0,186,0,0
B4_D1,1023,0,138,0,0
B4_D1,642,0,237,0,0
B2_D1,474,0,369,0,0
G1_D1,135,0,415,0,0
B2_D1,186,0,407,0,0
B10_D1,242,0,320,0,0
G1_D1,327,0,37,0,0
B6_D1,557,0,441,0,0
G1_D1,779,0,423,0,0
B6_D1,508,0,282,0,0
G1_D1,52,0,40,0,0
B10_D1,217,0,115,0,0
B6_D1,513,0,61,0,0
B4_D1,164,0,203,0,0
B10_D1,798,0,406,0,0
B6_D1,502,0,282,0,0
B4_D1,812,0,86,0,0
B2_D1,791,0,79,0,0
B4_D1,667,0,184,0,0
B6_D1,749,0,295,0,0
B10_D1,776,0,45,0,0
B10_D1,569,0,46,0,0
B6_D1,48,0,237,0,0
B6_D1,762,0,30,0,0
B10_D1,320,0,331,0,0
B6_D1,712,0,234,0,0
B2_D1,463,0,158,0,0
B2_D1,868,0,261,0,0
G1_D1,43,0,38,0,0
B6_D1,6,0,245,0,0
B6_D1,87,0,304,0,0
B6_D1,246,0,3,0,0
G1_D1,215,0,31,0,0
B10_D1,346,0,198,0,0
B6_D1,344,0,430,0,0
B6_D1,563,0,290,0,0
G1_D1,11,0,263,0,0
B4_D1,26,0,145,0,0
B10_D1,910,0,78,0,0
B2_D1,134,0,313,0,0
B10_D1,125,0,510,0,0
B6_D1,832,0,11,0,0
B6_D1,20,0,25,0,0
B10_D1,537,0,294,0,0
B10_D1,285,0,185,0,0
B10_D1,7,0,163,0,0
G1_D1,689,0,23,0,0
B6_D1,817,0,204,0,0
B6_D1,468,0,499,0,0
B6_D1,39,0,127,0,0
G1_D1,782,0,305,0,0
B6_D1,218,0,494,0,0
B10_D1,700,0,252,0,0
B10_D1,861,0,11,0,0
B2_D1,753,0,225,0,0
B6_D1,848,0,4,0,0
B2_D1,260,0,510,0,0
B6_D1,794,0,31,0,0
B10_D1,682,0,485,0,0
B6_D1,820,0,90,0,0
B2_D1,199,0,46,0,0
B4_D1,586,0,375,0,0
B6_D1,876,0,297,0,0
B6_D1,378,0,27,0,0
B10_D1,158,0,450,0,0
B2_D1,224,0,509,0,0
B10_D1,704,0,418,0,0
B6_D1,559,0,356,0,0
B6_D1,658,0,32,0,0
B4_D1,69,0,136,0,0
G1_D1,307,0,19,0,0
B10_D1,719,0,66,0,0
B4_D1,394,0,194,0,0
B4_D1,205,0,117,0,0
B6_D1,698,0,22,0,0
G1_D1,446,0,481,0,0
B4_D1,713,0,68,0,0
B10_D1,158,0,45,0,0
B4_D1,697,0,284,0,0
B10_D1,292,0,100,0,0
G1_D1,322,0,230,0,0
B10_D1,176,0,172,0,0
B10_D1,740,0,314,0,0
B10_D1,324,0,290,0,0
G1_D1,112,0,364,0,0
B10_D1,406,0,11,0,0
B6_D1,258,0,42,0,0
B6_D1,403,0,59,0,0
B10_D1,787,0,11,0,0
B10_D1,817,0,447,0,0
G1_D1,89,0,2,0,0
G1_D1,410,0,450,0,0
G1_D1,890,0,26,0,0
B10_D1,161,0,510,0,0
G1_D1,788,0,494,0,0
B6_D1,186,0,348,0,0
B6_D1,72,0,511,0,0
B6_D1,666,0,42,0,0
B4_D1,5,0,379,0,0
B6_D1,768,0,505,0,0
B6_D1,576,0,436,0,0
B10_D1,222,0,331,0,0
G1_D1,819,0,237,0,0
B6_D1,860,0,273,0,0
B8_D1,858,0,231,0,0
B10_D1,189,0,168,0,0
B6_D1,201,0,112,0,0
G1_D1,232,0,149,0,0
B10_D1,520,0,96,0,0
G1_D1,568,0,88,0,0
B10_D1,389,0,192,0,0
B6_D1,350,0,494,0,0
B10_D1,917,0,25,0,0
B4_D1,984,0,218,0,0
B10_D1,420,0,233,0,0
B10_D1,326,0,88,0,0
G1_D1,326,0,224,0,0
B6_D1,255,0,423,0,0
B10_D1,11,0,82,0,0
G1_D1,316,0,188,0,0
B10_D1,733,0,274,0,0
B6_D1,746,0,82,0,0
B4_D1,7,0,18,0,0
B6_D1,844,0,385,0,0
B2_D1,594,0,98,0,0
G1_D1,525,0,112,0,0
B10_D1,521,0,47,0,0
B10_D1,110,0,218,0,0
B10_D1,206,0,225,0,0
G1_D1,291,0,394,0,0
B4_D1,732,0,70,0,0
B6_D1,962,0,22,0,0
G1_D1,270,0,286,0,0
B6_D1,337,0,209,0,0
B6_D1,254,0,151,0,0
G1_D1,773,0,423,0,0
B10_D1,59,0,288,0,0
G1_D1,684,0,508,0,0
B6_D1,202,0,26,0,0
B6_D1,216,0,142,0,0
G1_D1,763,0,209,0,0
B6_D1,442,0,358,0,0
B10_D1,946,0,72,0,0
B4_D1,197,0,270,0,0
B10_D1,33,0,56,0,0
B6_D1,890,0,305,0,0
B10_D1,364,0,212,0,0
G1_D1,479,0,14,0,0
B4_D1,423,0,217,0,0
B6_D1,640,0,489,0,0
G1_D1,103,0,302,0,0
B4_D1,370,0,382,0,0
B6_D1,402,0,39,0,0
B2_D1,784,0,250,0,0
B4_D1,184,0,416,0,0
B6_D1,100,0,20,0,0
G1_D1,746,0,1,0,0
B8_D1,493,0,293,0,0
B6_D1,266,0,259,0,0
B10_D1,561,0,81,0,0
B6_D1,726,0,158,0,0
B10_D1,569,0,203,0,0
B8_D1,758,0,207,0,0
B10_D1,449,0,276,0,0
B6_D1,1014,0,323,0,0
B10_D1,739,0,51,0,0
B6_D1,768,0,313,0,0
B6_D1,511,0,251,0,0
G1_D1,48,0,128,0,0
B10_D1,522,0,164,0,0
B6_D1,940,0,14,0,0
B10_D1,400,0,498,0,0
B10_D1,597,0,255,0,0
G1_D1,17,0,322,0,0
B10_D1,21,0,88,0,0
G1_D1,711,0,26,0,0
B4_D1,327,0,37,0,0
B10_D1,299,0,120,0,0
B4_D1,692,0,164,0,0
B10_D1,968,0,110,0,0
B10_D1,947,0,45,0,0
G1_D1,304,0,485,0,0
B6_D1,451,0,51,0,0
G1_D1,285,0,30,0,0
B10_D1,648,0,491,0,0
B10_D1,110,0,198,0,0
B6_D1,677,0,164,0,0
B6_D1,278,0,34,0,0
B6_D1,20,0,365,0,0
B10_D1,179,0,10,0,0
B6_D1,1008,0,104,0,0
B10_D1,327,0,224,0,0
B4_D1,185,0,16,0,0
B10_D1,201,0,8,0,0
G1_D1,762,0,69,0,0
G1_D1,9,0,388,0,0
G1_D1,711,0,255,0,0
G1_D1,12,0,331,0,0
B6_D1,706,0,399,0,0
B6_D1,228,0,502,0,0
B10_D1,18,0,54,0,0
B10_D1,863,0,220,0,0
G1_D1,832,0,85,0,0
G1_D1,980,0,273,0,0
B6_D1,250,0,489,0,0
B6_D1,734,0,423,0,0
G1_D1,55,0,453,0,0
B6_D1,724,0,498,0,0
G1_D1,329,0,221,0,0
B10_D1,749,0,271,0,0
B6_D1,506,0,48,0,0
B10_D1,444,0,20,0,0
B10_D1,700,0,413,0,0
B6_D1,636,0,6,0,0
B10_D1,614,0,95,0,0
B10_D1,213,0,18,0,0
B10_D1,348,0,169,0,0
B10_D1,29,0,29,0,0
B6_D1,3,0,118,0,0
B10_D1,527,0,89,0,0
B2_D1,516,0,157,0,0
G1_D1,583,0,236,0,0
B4_D1,17,0,133,0,0
B6_D1,787,0,453,0,0
B6_D1,516,0,171,0,0
B4_D1,1022,0,118,0,0
B6_D1,158,0,49,0,0
B10_D1,676,0,4,0,0
B2_D1,840,0,269,0,0
B10_D1,617,0,260,0,0
B6_D1,740,0,112,0,0
B6_D1,773,0,152,0,0
B6_D1,32,0,506,0,0
B6_D1,768,0,462,0,0
B6_D1,574,0,492,0,0
B6_D1,0,0,303,0,0
B10_D1,559,0,7,0,0
B8_D1,1022,0,468,0,0
B10_D1,263,0,239,0,0
B6_D1,526,0,14,0,0
B10_D1,320,0,88,0,0
B6_D1,841,0,216,0,0
B6_D1,984,0,3,0,0
B6_D1,300,0,323,0,0
B6_D1,636,0,12,0,0
B10_D1,113,0,112,0,0
B10_D1,514,0,253,0,0
B6_D1,854,0,22,0,0
G1_D1,136,0,113,0,0
G1_D1,996,0,160,0,0
B6_D1,859,0,439,0,0
B10_D1,239,0,204,0,0
B10_D1,708,0,263,0,0
B10_D1,814,0,42,0,0
G1_D1,791,0,31,0,0
B4_D1,801,0,37,0,0
B10_D1,995,0,0,0,0
B8_D1,1011,0,3,0,0
B6_D1,164,0,397,0,0
B2_D1,172,0,286,0,0
G1_D1,347,0,363,0,0
B10_D1,249,0,159,0,0
B10_D1,653,0,471,0,0
B6_D1,644,0,46,0,0
B10_D1,281,0,0,0,0
B6_D1,130,0,292,0,0
B10_D1,214,0,147,0,0
B10_D1,404,0,99,0,0
B6_D1,777,0,327,0,0
B6_D1,538,0,270,0,0
B6_D1,842,0,25,0,0
B4_D1,753,0,73,0,0
B10_D1,165,0,134,0,0
B8_D1,839,0,303,0,0
B6_D1,789,0,251,0,0
B6_D1,369,0,457,0,0
G1_D1,1001,0,117,0,0
B10_D1,442,0,32,0,0
B6_D1,388,0,486,0,0
B8_D1,39,0,272,0,0
B10_D1,812,0,328,0,0
B6_D1,356,0,211,0,0
B6_D1,725,0,377,0,0
B6_D1,203,0,198,0,0
G1_D1,637,0,89,0,0
B10_D1,297,0,98,0,0
B2_D1,694,0,60,0,0
B10_D1,5,0,109,0,0
G1_D1,354,0,22,0,0
B10_D1,576,0,123,0,0
B6_D1,158,0,247,0,0
B6_D1,469,0,68,0,0
B6_D1,1021,0,453,0,0
B10_D1,607,0,239,0,0
B10_D1,639,0,298,0,0
G1_D1,182,0,23,0,0
B6_D1,378,0,39,0,0
B10_D1,2,0,338,0,0
B4_D1,802,0,253,0,0
B6_D1,408,0,21,0,0
B6_D1,222,0,33,0,0
B4_D1,910,0,66,0,0
B6_D1,400,0,333,0,0
B10_D1,643,0,314,0,0
B10_D1,91,0,49,0,0
B10_D1,328,0,269,0,0
B2_D1,848,0,35,0,0
G1_D1,178,0,285,0,0
G1_D1,666,0,151,0,0
B10_D1,191,0,44,0,0
B10_D1,381,0,1,0,0
B6_D1,260,0,372,0,0
B6_D1,500,0,485,0,0
B6_D1,112,0,11,0,0
B6_D1,63,0,177,0,0
B10_D1,241,0,344,0,0
B10_D1,180,0,21,0,0
B6_D1,530,0,7,0,0
G1_D1,573,0,227,0,0
G1_D1,516,0,105,0,0
B6_D1,569,0,60,0,0
B6_D1,848,0,1,0,0
B10_D1,18,0,136,0,0
B6_D1,50,0,4,0,0
B10_D1,87,0,272,0,0
G1_D1,874,0,260,0,0
G1_D1,529,0,68,0,0
B4_D1,909,0,97,0,0
B2_D1,969,0,46,0,0
B2_D1,503,0,28,0,0
B4_D1,196,0,238,0,0
G1_D1,261,0,162,0,0
G1_D1,161,0,252,0,0
B6_D1,45,0,272,0,0
B10_D1,551,0,318,0,0
G1_D1,350,0,273,0,0
B6_D1,160,0,184,0,0
B10_D1,123,0,500,0,0
B10_D1,1015,0,478,0,0
G1_D1,872,0,291,0,0
B6_D1,170,0,234,0,0
B10_D1,550,0,107,0,0
G1_D1,1000,0,317,0,0
B6_D1,576,0,505,0,0
G1_D1,812,0,307,0,0
B6_D1,962,0,470,0,0
B6_D1,348,0,332,0,0
B6_D1,92,0,160,0,0
B10_D1,162,0,121,0,0
B2_D1,316,0,493,0,0
B10_D1,315,0,1,0,0
B6_D1,859,0,271,0,0
G1_D1,736,0,87,0,0
G1_D1,380,0,23,0,0
G1_D1,640,0,511,0,0
B4_D1,781,0,83,0,0
B10_D1,514,0,409,0,0
G1_D1,287,0,15,0,0
G1_D1,312,0,62,0,0
B10_D1,581,0,26,0,0
G1_D1,1020,0,139,0,0
B6_D1,767,0,57,0,0
G1_D1,36,0,120,0,0
B10_D1,71,0,511,0,0
G1_D1,702,0,434,0,0
G1_D1,995,0,121,0,0
B2_D1,819,0,68,0,0
B10_D1,706,0,436,0,0
B6_D1,830,0,272,0,0
B6_D1,514,0,26,0,0
B10_D1,495,0,302,0,0
B6_D1,545,0,228,0,0
B6_D1,85,0,310,0,0
B4_D1,14,0,148,0,0
B6_D1,812,0,377,0,0
B10_D1,209,0,23,0,0
B6_D1,412,0,101,0,0
B10_D1,101,0,200,0,0
B10_D1,621,0,480,0,0
B8_D1,562,0,290,0,0
B2_D1,322,0,511,0,0
B10_D1,975,0,209,0,0
G1_D1,785,0,131,0,0
B10_D1,667,0,417,0,0
B10_D1,364,0,62,0,0
B6_D1,168,0,508,0,0
B4_D1,761,0,154,0,0
B6_D1,161,0,274,0,0
G1_D1,45,0,127,0,0
B4_D1,720,0,330,0,0
B10_D1,111,0,225,0,0
B6_D1,605,0,479,0,0
B10_D1,290,0,260,0,0
G1_D1,650,0,5,0,0
B10_D1,607,0,93,0,0
B10_D1,584,0,326,0,0
B6_D1,46,0,259,0,0
B6_D1,932,0,56,0,0
B6_D1,868,0,324,0,0
B6_D1,620,0,427,0,0
B6_D1,736,0,44,0,0
G1_D1,1020,0,244,0,0
B6_D1,699,0,287,0,0
B10_D1,257,0,124,0,0
B2_D1,262,0,155,0,0
G1_D1,121,0,387,0,0
B10_D1,525,0,18,0,0
B6_D1,113,0,467,0,0
B6_D1,641,0,164,0,0
B6_D1,621,0,286,0,0
B4_D1,998,0,235,0,0
B10_D1,625,0,295,0,0
B10_D1,255,0,253,0,0
B10_D1,889,0,32,0,0
B6_D1,899,0,101,0,0
B6_D1,356,0,154,0,0
B6_D1,230,0,43,0,0
B6_D1,442,0,5,0,0
G1_D1,39,0,406,0,0
G1_D1,11,0,28,0,0
B6_D1,62,0,215,0,0
G1_D1,785,0,79,0,0
B8_D1,705,0,248,0,0
B4_D1,5,0,257,0,0
B10_D1,95,0,319,0,0
B6_D1,985,0,416,0,0
B6_D1,12,0,360,0,0
B6_D1,789,0,110,0,0
B6_D1,1011,0,88,0,0
B6_D1,699,0,266,0,0
B4_D1,773,0,14,0,0
B10_D1,828,0,364,0,0
B6_D1,80,0,269,0,0
B10_D1,792,0,168,0,0
B10_D1,685,0,182,0,0
B6_D1,422,0,4,0,0
B6_D1,712,0,436,0,0
G1_D1,205,0,111,0,0
B6_D1,937,0,135,0,0
B10_D1,370,0,262,0,0
B6_D1,144,0,511,0,0
B10_D1,122,0,9,0,0
G1_D1,333,0,10,0,0
B6_D1,678,0,110,0,0
G1_D1,55,0,334,0,0
B6_D1,296,0,139,0,0
B6_D1,998,0,103,0,0
B6_D1,1016,0,494,0,0
B10_D1,446,0,143,0,0
B10_D1,710,0,311,0,0
G1_D1,1019,0,155,0,0
B10_D1,367,0,38,0,0
B6_D1,458,0,328,0,0
B10_D1,476,0,246,0,0
G1_D1,714,0,266,0,0
G1_D1,1022,0,11,0,0
B6_D1,244,0,17,0,0
B2_D1,716,0,496,0,0
G1_D1,652,0,360,0,0
B10_D1,105,0,294,0,0
B8_D1,92,0,124,0,0
G1_D1,901,0,254,0,0
B10_D1,648,0,168,0,0
B6_D1,34,0,38,0,0
G1_D1,23,0,206,0,0
B10_D1,110,0,458,0,0
G1_D1,1007,0,171,0,0
B6_D1,543,0,480,0,0
B10_D1,380,0,187,0,0
B4_D1,289,0,230,0,0
B10_D1,559,0,158,0,0
B6_D1,120,0,368,0,0
G1_D1,602,0,1,0,0
B2_D1,219,0,300,0,0
G1_D1,908,0,320,0,0
G1_D1,769,0,271,0,0
B6_D1,54,0,400,0,0
G1_D1,989,0,80,0,0
B10_D1,228,0,55,0,0
G1_D1,1012,0,276,0,0
B6_D1,858,0,9,0,0
B6_D1,851,0,386,0,0
B6_D1,48,0,496,0,0
B6_D1,168,0,496,0,0
B10_D1,21,0,69,0,0
B10_D1,467,0,43,0,0
B10_D1,11,0,118,0,0
B10_D1,336,0,23,0,0
B6_D1,925,0,262,0,0
B4_D1,466,0,225,0,0
B10_D1,450,0,412,0,0
B10_D1,165,0,231,0,0
B6_D1,982,0,5,0,0
B6_D1,773,0,269,0,0
B10_D1,581,0,52,0,0
B6_D1,283,0,280,0,0
B6_D1,709,0,301,0,0
B6_D1,801,0,63,0,0
B10_D1,596,0,222,0,0
B6_D1,659,0,63,0,0
G1_D1,225,0,43,0,0
B10_D1,370,0,257,0,0
G1_D1,94,0,41,0,0
B6_D1,592,0,186,0,0
G1_D1,15,0,171,0,0
G1_D1,931,0,54,0,0
B10_D1,251,0,211,0,0
G1_D1,303,0,483,0,0
G1_D1,336,0,275,0,0
B6_D1,0,0,508,0,0
B6_D1,922,0,275,0,0
B10_D1,3,0,51,0,0
G1_D1,336,0,148,0,0
B6_D1,898,0,344,0,0
B6_D1,208,0,32,0,0
B4_D1,36,0,123,0,0
B4_D1,745,0,162,0,0
B10_D1,71,0,135,0,0
B4_D1,93,0,125,0,0
B4_D1,264,0,138,0,0
B10_D1,6,0,129,0,0
B2_D1,586,0,288,0,0
G1_D1,885,0,248,0,0
B6_D1,841,0,140,0,0
B10_D1,256,0,243,0,0
B2_D1,164,0,469,0,0
B6_D1,13,0,406,0,0
B6_D1,0,0,94,0,0
B10_D1,151,0,53,0,0
B6_D1,433,0,322,0,0
B10_D1,260,0,43,0,0
B6_D1,475,0,347,0,0
B10_D1,853,0,273,0,0
G1_D1,718,0,328,0,0
B6_D1,553,0,280,0,0
B6_D1,227,0,300,0,0
B6_D1,27,0,179,0,0
G1_D1,498,0,13,0,0
G1_D1,112,0,294,0,0
B10_D1,327,0,66,0,0
B10_D1,627,0,296,0,0
B10_D1,647,0,489,0,0
B10_D1,760,0,56,0,0
B8_D1,684,0,182,0,0
B2_D1,677,0,287,0,0
B10_D1,280,0,32,0,0
B10_D1,581,0,116,0,0
B6_D1,886,0,107,0,0
B10_D1,318,0,197,0,0
B8_D1,692,0,251,0,0
B10_D1,362,0,213,0,0
B10_D1,528,0,17,0,0
B4_D1,783,0,96,0,0
B10_D1,436,0,228,0,0
B6_D1,642,0,82,0,0
B6_D1,640,0,20,0,0
B10_D1,595,0,107,0,0
B6_D1,941,0,327,0,0
G1_D1,859,0,471,0,0
B10_D1,479,0,276,0,0
B2_D1,350,0,485,0,0
B10_D1,529,0,328,0,0
B6_D1,968,0,299,0,0
G1_D1,944,0,11,0,0
B10_D1,392,0,470,0,0
B10_D1,232,0,362,0,0
B10_D1,1020,0,87,0,0
G1_D1,367,0,12,0,0
G1_D1,344,0,423,0,0
B6_D1,232,0,23,0,0
G1_D1,217,0,269,0,0
G1_D1,209,0,239,0,0
B10_D1,792,0,169,0,0
B4_D1,990,0,42,0,0
B4_D1,925,0,63,0,0
G1_D1,24,0,205,0,0
B6_D1,951,0,89,0,0
B6_D1,439,0,451,0,0
B6_D1,1006,0,409,0,0
B6_D1,734,0,40,0,0
B10_D1,897,0,251,0,0
B6_D1,525,0,392,0,0
B6_D1,672,0,496,0,0
B6_D1,934,0,409,0,0
G1_D1,375,0,187,0,0
B6_D1,379,0,229,0,0
B10_D1,511,0,123,0,0
B10_D1,426,0,366,0,0
B6_D1,78,0,318,0,0
G1_D1,688,0,511,0,0
B6_D1,1015,0,232,0,0
B6_D1,312,0,490,0,0
B8_D1,501,0,202,0,0
B6_D1,650,0,46,0,0
G1_D1,51,0,501,0,0
B10_D1,691,0,417,0,0
G1_D1,246,0,20,0,0
B6_D1,523,0,352,0,0
G1_D1,786,0,112,0,0
B2_D1,995,0,60,0,0
B10_D1,554,0,110,0,0
B4_D1,1021,0,308,0,0
B6_D1,70,0,397,0,0
B10_D1,37,0,274,0,0
B6_D1,188,0,234,0,0
G1_D1,572,0,107,0,0
B10_D1,605,0,511,0,0
B2_D1,579,0,42,0,0
B4_D1,814,0,87,0,0
G1_D1,14,0,199,0,0
B6_D1,384,0,33,0,0
G1_D1,423,0,30,0,0
B4_D1,136,0,86,0,0
G1_D1,778,0,68,0,0
B10_D1,395,0,496,0,0
B6_D1,752,0,46,0,0
G1_D1,946,0,510,0,0
B6_D1,790,0,441,0,0
B10_D1,633,0,492,0,0
B10_D1,62,0,144,0,0
B10_D1,123,0,45,0,0
G1_D1,1001,0,75,0,0
B10_D1,952,0,52,0,0
B6_D1,202,0,113,0,0
G1_D1,20,0,509,0,0
G1_D1,683,0,188,0,0
B10_D1,193,0,117,0,0
G1_D1,542,0,145,0,0
G1_D1,985,0,274,0,0
B6_D1,907,0,140,0,0
B6_D1,88,0,501,0,0
B10_D1,71,0,303,0,0
B10_D1,423,0,21,0,0
G1_D1,20,0,227,0,0
B10_D1,99,0,294,0,0
B6_D1,158,0,488,0,0
B10_D1,311,0,85,0,0
B6_D1,998,0,105,0,0
B6_D1,896,0,146,0,0
B10_D1,388,0,80,0,0
B6_D1,973,0,156,0,0
B2_D1,210,0,301,0,0
B4_D1,7,0,114,0,0
G1_D1,329,0,426,0,0
B6_D1,651,0,379,0,0
B6_D1,825,0,125,0,0
B10_D1,1000,0,41,0,0
G1_D1,773,0,100,0,0
B10_D1,415,0,14,0,0
B6_D1,56,0,104,0,0
B10_D1,484,0,96,0,0
G1_D1,169,0,12,0,0
B10_D1,479,0,22,0,0
B6_D1,940,0,243,0,0
B10_D1,271,0,54,0,0
B6_D1,660,0,185,0,0
B6_D1,523,0,365,0,0
B10_D1,91,0,38,0,0
B6_D1,99,0,322,0,0
B10_D1,804,0,45,0,0
B10_D1,154,0,452,0,0
B6_D1,560,0,22,0,0
B4_D1,505,0,65,0,0
B6_D1,212,0,98,0,0
B2_D1,206,0,476,0,0
B6_D1,246,0,18,0,0
B6_D1,154,0,408,0,0
B6_D1,993,0,319,0,0
B2_D1,822,0,127,0,0
B10_D1,818,0,258,0,0
B10_D1,685,0,74,0,0
B6_D1,597,0,421,0,0
B2_D1,223,0,202,0,0
B6_D1,760,0,498,0,0
B6_D1,685,0,301,0,0
B10_D1,463,0,235,0,0
B4_D1,612,0,156,0,0
B10_D1,109,0,449,0,0
B6_D1,751,0,108,0,0
B2_D1,551,0,17,0,0
B10_D1,869,0,477,0,0
B10_D1,700,0,456,0,0
B4_D1,9,0,220,0,0
B10_D1,692,0,34,0,0
G1_D1,975,0,34,0,0
B4_D1,923,0,111,0,0
G1_D1,904,0,391,0,0
G1_D1,253,0,283,0,0
B2_D1,527,0,28,0,0
B6_D1,694,0,187,0,0
B10_D1,211,0,115,0,0
G1_D1,744,0,457,0,0
B4_D1,414,0,136,0,0
B6_D1,626,0,360,0,0
B6_D1,716,0,34,0,0
B10_D1,131,0,511,0,0
B6_D1,196,0,498,0,0
B10_D1,346,0,185,0,0
B6_D1,242,0,86,0,0
B6_D1,61,0,405,0,0
B2_D1,359,0,488,0,0
B4_D1,917,0,220,0,0
B10_D1,137,0,262,0,0
G1_D1,30,0,0,0,0
B4_D1,174,0,19,0,0
B6_D1,98,0,491,0,0
G1_D1,412,0,118,0,0
G1_D1,619,0,230,0,0
B2_D1,271,0,141,0,0
B4_D1,106,0,156,0,0
B10_D1,838,0,138,0,0
B10_D1,390,0,244,0,0
B6_D1,869,0,139,0,0
B6_D1,48,0,420,0,0
B4_D1,315,0,155,0,0
B10_D1,281,0,265,0,0
B6_D1,792,0,65,0,0
B6_D1,342,0,18,0,0
B6_D1,246,0,453,0,0
B2_D1,469,0,488,0,0
B4_D1,171,0,108,0,0
G1_D1,483,0,127,0,0
B6_D1,381,0,481,0,0
B10_D1,17,0,112,0,0
B2_D1,248,0,510,0,0
G1_D1,810,0,300,0,0
B6_D1,4,0,20,0,0
B10_D1,675,0,244,0,0
B10_D1,668,0,445,0,0
B6_D1,350,0,37,0,0
B6_D1,542,0,43,0,0
B10_D1,857,0,65,0,0
B6_D1,140,0,458,0,0
G1_D1,289,0,12,0,0
B6_D1,229,0,108,0,0
B6_D1,248,0,52,0,0
G1_D1,46,0,148,0,0
B6_D1,105,0,454,0,0
B10_D1,391,0,243,0,0
G1_D1,474,0,92,0,0
B6_D1,775,0,108,0,0
G1_D1,955,0,250,0,0
B10_D1,674,0,171,0,0
B10_D1,935,0,250,0,0
B6_D1,667,0,306,0,0
G1_D1,83,0,99,0,0
B8_D1,1000,0,244,0,0
B6_D1,631,0,213,0,0
G1_D1,1021,0,216,0,0
G1_D1,250,0,235,0,0
B10_D1,403,0,108,0,0
B6_D1,58,0,287,0,0
G1_D1,728,0,318,0,0
B6_D1,572,0,28,0,0
B6_D1,911,0,121,0,0
B6_D1,926,0,367,0,0
B4_D1,621,0,183,0,0
B6_D1,960,0,12,0,0
B6_D1,442,0,8,0,0
B10_D1,228,0,175,0,0
G1_D1,288,0,456,0,0
B10_D1,854,0,375,0,0
B6_D1,216,0,177,0,0
B2_D1,3,0,73,0,0
B6_D1,547,0,173,0,0
G1_D1,595,0,278,0,0
B10_D1,934,0,368,0,0
B2_D1,538,0,462,0,0
B6_D1,438,0,116,0,0
B6_D1,142,0,152,0,0
B10_D1,130,0,212,0,0
B10_D1,197,0,79,0,0
B10_D1,367,0,109,0,0
B6_D1,407,0,225,0,0
B2_D1,843,0,12,0,0
B10_D1,276,0,493,0,0
B10_D1,153,0,2,0,0
B6_D1,845,0,141,0,0
G1_D1,475,0,126,0,0
B6_D1,491,0,345,0,0
G1_D1,1015,0,288,0,0
G1_D1,205,0,263,0,0
B10_D1,301,0,133,0,0
B10_D1,20,0,268,0,0
B2_D1,373,0,112,0,0
G1_D1,921,0,235,0,0
B6_D1,38,0,125,0,0
B6_D1,470,0,34,0,0
B6_D1,674,0,22,0,0
B10_D1,51,0,8,0,0
B10_D1,915,0,30,0,0
B4_D1,721,0,431,0,0
B10_D1,541,0,265,0,0
B2_D1,122,0,105,0,0
B6_D1,86,0,31,0,0
B10_D1,9,0,45,0,0
B10_D1,833,0,448,0,0
B6_D1,669,0,198,0,0
B6_D1,490,0,167,0,0
B10_D1,810,0,173,0,0
B10_D1,953,0,63,0,0
B6_D1,182,0,370,0,0
B6_D1,190,0,492,0,0
B10_D1,10,0,154,0,0
B6_D1,880,0,208,0,0
B6_D1,877,0,53,0,0
B4_D1,246,0,281,0,0
B6_D1,984,0,400,0,0
B6_D1,742,0,17,0,0
G1_D1,823,0,244,0,0
B6_D1,180,0,33,0,0
B6_D1,843,0,228,0,0
G1_D1,223,0,458,0,0
G1_D1,174,0,60,0,0
B10_D1,503,0,33,0,0
B6_D1,820,0,17,0,0
B6_D1,328,0,200,0,0
B10_D1,722,0,418,0,0
B6_D1,96,0,308,0,0
B10_D1,174,0,67,0,0
G1_D1,213,0,4,0,0
B4_D1,4,0,278,0,0
B10_D1,450,0,342,0,0
G1_D1,931,0,281,0,0
B10_D1,17,0,243,0,0
B6_D1,692,0,43,0,0
B8_D1,8,0,278,0,0
B6_D1,100,0,26,0,0
G1_D1,273,0,17,0,0
B10_D1,901,0,253,0,0
B6_D1,772,0,41,0,0
B2_D1,942,0,27,0,0
B6_D1,426,0,45,0,0
G1_D1,998,0,233,0,0
B10_D1,30,0,150,0,0
B10_D1,38,0,126,0,0
G1_D1,806,0,339,0,0
B10_D1,880,0,496,0,0
B10_D1,616,0,151,0,0
B6_D1,564,0,57,0,0
G1_D1,749,0,288,0,0
B6_D1,430,0,498,0,0
B6_D1,327,0,382,0,0
B10_D1,707,0,58,0,0
B6_D1,648,0,163,0,0
B10_D1,991,0,292,0,0
B6_D1,726,0,45,0,0
B6_D1,949,0,57,0,0
B10_D1,630,0,213,0,0
G1_D1,849,0,76,0,0
B6_D1,296,0,48,0,0
B2_D1,691,0,49,0,0
B6_D1,136,0,268,0,0
B6_D1,32,0,414,0,0
B6_D1,829,0,230,0,0
B4_D1,1020,0,217,0,0
B6_D1,211,0,71,0,0
B6_D1,749,0,270,0,0
B6_D1,665,0,164,0,0
G1_D1,392,0,92,0,0
B6_D1,1004,0,365,0,0
B10_D1,178,0,13,0,0
G1_D1,93,0,10,0,0
B10_D1,172,0,75,0,0
B4_D1,896,0,233,0,0
B10_D1,870,0,72,0,0
B10_D1,157,0,161,0,0
B6_D1,609,0,361,0,0
B6_D1,762,0,467,0,0
B6_D1,167,0,65,0,0
B10_D1,142,0,215,0,0
G1_D1,28,0,156,0,0
B10_D1,668,0,164,0,0
B10_D1,139,0,93,0,0
B2_D1,661,0,84,0,0
B8_D1,475,0,293,0,0
B6_D1,622,0,356,0,0
G1_D1,170,0,500,0,0
G1_D1,507,0,4,0,0
B6_D1,500,0,31,0,0
G1_D1,632,0,19,0,0
B8_D1,104,0,219,0,0
B10_D1,763,0,113,0,0
B10_D1,13,0,234,0,0
B6_D1,874,0,29,0,0
B6_D1,902,0,425,0,0
G1_D1,18,0,20,0,0
B6_D1,853,0,448,0,0
G1_D1,224,0,190,0,0
G1_D1,985,0,300,0,0
B6_D1,968,0,448,0,0
B4_D1,698,0,260,0,0
G1_D1,1019,0,499,0,0
B6_D1,690,0,508,0,0
B8_D1,816,0,227,0,0
B6_D1,547,0,275,0,0
B2_D1,453,0,214,0,0
B6_D1,200,0,190,0,0
B10_D1,586,0,287,0,0
B6_D1,560,0,506,0,0
B10_D1,649,0,71,0,0
B6_D1,414,0,125,0,0
B10_D1,358,0,217,0,0
B6_D1,956,0,1,0,0
G1_D1,278,0,117,0,0
B10_D1,342,0,101,0,0
G1_D1,26,0,300,0,0
B6_D1,822,0,76,0,0
B6_D1,416,0,494,0,0
B6_D1,43,0,91,0,0
B10_D1,253,0,7,0,0
B10_D1,122,0,497,0,0
B10_D1,138,0,313,0,0
G1_D1,575,0,232,0,0
B6_D1,477,0,65,0,0
G1_D1,840,0,45,0,0
B6_D1,74,0,101,0,0
G1_D1,203,0,143,0,0
B10_D1,418,0,144,0,0
G1_D1,868,0,302,0,0
B6_D1,803,0,202,0,0
B10_D1,703,0,37,0,0
B6_D1,683,0,275,0,0
B10_D1,652,0,485,0,0
B2_D1,887,0,458,0,0
B6_D1,948,0,6,0,0
G1_D1,897,0,94,0,0
B6_D1,460,0,23,0,0
G1_D1,296,0,23,0,0
B6_D1,432,0,123,0,0
B6_D1,823,0,131,0,0
B10_D1,608,0,484,0,0
B10_D1,662,0,172,0,0
B6_D1,144,0,496,0,0
G1_D1,1011,0,69,0,0
G1_D1,236,0,182,0,0
B6_D1,867,0,120,0,0
B6_D1,986,0,503,0,0
B10_D1,62,0,97,0,0
B4_D1,121,0,43,0,0
B6_D1,628,0,510,0,0
B4_D1,1004,0,219,0,0
G1_D1,775,0,56,0,0
B6_D1,717,0,154,0,0
B4_D1,403,0,292,0,0
G1_D1,612,0,186,0,0
B6_D1,1000,0,23,0,0
B6_D1,961,0,260,0,0
B10_D1,407,0,65,0,0
B6_D1,43,0,253,0,0
B2_D1,681,0,22,0,0
B2_D1,417,0,477,0,0
B6_D1,892,0,90,0,0
B2_D1,821,0,50,0,0
B6_D1,130,0,26,0,0
G1_D1,774,0,13,0,0
B10_D1,179,0,282,0,0
B10_D1,399,0,127,0,0
G1_D1,480,0,22,0,0
G1_D1,346,0,286,0,0
G1_D1,349,0,53,0,0
B10_D1,742,0,90,0,0
B10_D1,449,0,272,0,0
B6_D1,419,0,124,0,0
B6_D1,386,0,387,0,0
G1_D1,896,0,244,0,0
B6_D1,827,0,309,0,0
B4_D1,4,0,368,0,0
B6_D1,837,0,308,0,0
B2_D1,115,0,17,0,0
B6_D1,354,0,3,0,0
B6_D1,496,0,64,0,0
G1_D1,738,0,109,0,0
B6_D1,130,0,187,0,0
B6_D1,6,0,3,0,0
B10_D1,50,0,117,0,0
B6_D1,496,0,504,0,0
G1_D1,584,0,11,0,0
B10_D1,595,0,84,0,0
G1_D1,190,0,452,0,0
G1_D1,1008,0,208,0,0
G1_D1,723,0,98,0,0
G1_D1,180,0,20,0,0
B10_D1,442,0,127,0,0
B10_D1,400,0,262,0,0
B6_D1,782,0,25,0,0
B6_D1,498,0,39,0,0
B2_D1,1,0,292,0,0
B6_D1,172,0,44,0,0
B8_D1,317,0,185,0,0
B6_D1,58,0,467,0,0
B10_D1,477,0,302,0,0
G1_D1,967,0,56,0,0
B2_D1,559,0,223,0,0
B10_D1,8,0,264,0,0
B2_D1,266,0,395,0,0
G1_D1,578,0,80,0,0
B6_D1,146,0,503,0,0
G1_D1,1019,0,150,0,0
B10_D1,468,0,312,0,0
B6_D1,512,0,13,0,0
B6_D1,600,0,430,0,0
B2_D1,524,0,482,0,0
B6_D1,895,0,306,0,0
B2_D1,278,0,198,0,0
B6_D1,999,0,141,0,0
B2_D1,693,0,283,0,0
B4_D1,774,0,150,0,0
B10_D1,945,0,27,0,0
B10_D1,330,0,412,0,0
B4_D1,7,0,57,0,0
G1_D1,272,0,70,0,0
B6_D1,688,0,363,0,0
G1_D1,769,0,269,0,0
B10_D1,644,0,242,0,0
B4_D1,714,0,199,0,0
B6_D1,778,0,49,0,0
B6_D1,458,0,371,0,0
B10_D1,443,0,314,0,0
B6_D1,4,0,330,0,0
B6_D1,459,0,189,0,0
B6_D1,830,0,13,0,0
B10_D1,120,0,286,0,0
G1_D1,687,0,172,0,0
B6_D1,1004,0,1,0,0
B10_D1,989,0,281,0,0
B10_D1,23,0,82,0,0
B10_D1,229,0,174,0,0
G1_D1,561,0,138,0,0
B6_D1,538,0,242,0,0
B6_D1,323,0,383,0,0
B6_D1,232,0,501,0,0
B6_D1,460,0,507,0,0
B6_D1,2,0,464,0,0
B6_D1,342,0,110,0,0
B10_D1,772,0,241,0,0
B4_D1,1,0,32,0,0
B2_D1,195,0,220,0,0
B10_D1,3,0,188,0,0
B10_D1,7,0,77,0,0
B10_D1,301,0,127,0,0
B6_D1,190,0,29,0,0
G1_D1,1016,0,262,0,0
G1_D1,40,0,26,0,0
B10_D1,929,0,49,0,0
B6_D1,3,0,423,0,0
B10_D1,551,0,407,0,0
G1_D1,33,0,4,0,0
B10_D1,415,0,171,0,0
B6_D1,94,0,47,0,0
B6_D1,72,0,179,0,0
B6_D1,654,0,242,0,0
B10_D1,772,0,478,0,0
G1_D1,587,0,74,0,0
B6_D1,369,0,437,0,0
G1_D1,891,0,249,0,0
B6_D1,338,0,485,0,0
B6_D1,729,0,57,0,0
B10_D1,21,0,225,0,0
B4_D1,485,0,183,0,0
B10_D1,152,0,45,0,0
B6_D1,564,0,67,0,0
B6_D1,1012,0,495,0,0
G1_D1,793,0,59,0,0
B10_D1,889,0,13,0,0
G1_D1,647,0,147,0,0
B6_D1,56,0,419,0,0
B2_D1,762,0,493,0,0
B8_D1,31,0,271,0,0
G1_D1,11,0,173,0,0
G1_D1,173,0,69,0,0
B10_D1,546,0,483,0,0
G1_D1,829,0,301,0,0
B10_D1,729,0,7,0,0
B2_D1,965,0,78,0,0
B10_D1,423,0,507,0,0
B6_D1,358,0,166,0,0
B6_D1,320,0,379,0,0
G1_D1,636,0,302,0,0
G1_D1,494,0,1,0,0
B6_D1,198,0,508,0,0
B10_D1,731,0,511,0,0
B10_D1,266,0,206,0,0
B6_D1,444,0,499,0,0
B6_D1,1010,0,16,0,0
B6_D1,717,0,56,0,0
B6_D1,886,0,179,0,0
B10_D1,203,0,188,0,0
B10_D1,109,0,509,0,0
B10_D1,238,0,312,0,0
B10_D1,502,0,73,0,0
G1_D1,875,0,392,0,0
B6_D1,784,0,486,0,0
B6_D1,294,0,335,0,0
G1_D1,799,0,82,0,0
B6_D1,128,0,100,0,0
B6_D1,773,0,328,0,0
G1_D1,424,0,9,0,0
B10_D1,542,0,39,0,0
B10_D1,17,0,118,0,0
G1_D1,990,0,55,0,0
B10_D1,138,0,204,0,0
B6_D1,204,0,199,0,0
B10_D1,544,0,165,0,0
B6_D1,301,0,182,0,0
B10_D1,654,0,166,0,0
G1_D1,972,0,235,0,0
G1_D1,36,0,143,0,0
B10_D1,96,0,308,0,0
B4_D1,563,0,200,0,0
B6_D1,333,0,192,0,0
B6_D1,826,0,363,0,0
B4_D1,805,0,18,0,0
B8_D1,522,0,208,0,0
G1_D1,119,0,62,0,0
B10_D1,95,0,158,0,0
G1_D1,10,0,158,0,0
B10_D1,807,0,267,0,0
B6_D1,524,0,326,0,0
B10_D1,526,0,242,0,0
B4_D1,797,0,450,0,0
B4_D1,7,0,46,0,0
B2_D1,341,0,388,0,0
B10_D1,96,0,315,0,0
B10_D1,611,0,187,0,0
B10_D1,129,0,8,0,0
B10_D1,615,0,480,0,0
B10_D1,713,0,66,0,0
B6_D1,568,0,179,0,0
B10_D1,439,0,502,0,0
B6_D1,459,0,55,0,0
G1_D1,324,0,7,0,0
G1_D1,308,0,35,0,0
B6_D1,77,0,442,0,0
B6_D1,948,0,27,0,0
B6_D1,573,0,421,0,0
B10_D1,117,0,91,0,0
B8_D1,32,0,270,0,0
B10_D1,269,0,0,0,0
B10_D1,328,0,6,0,0
G1_D1,887,0,33,0,0
B4_D1,85,0,225,0,0
G1_D1,797,0,115,0,0
G1_D1,885,0,54,0,0
B6_D1,210,0,508,0,0
B6_D1,677,0,479,0,0
B10_D1,567,0,169,0,0
B10_D1,342,0,484,0,0
B6_D1,719,0,455,0,0
B4_D1,298,0,185,0,0
B4_D1,330,0,219,0,0
G1_D1,914,0,389,0,0
G1_D1,354,0,223,0,0
B10_D1,915,0,390,0,0
B10_D1,544,0,288,0,0
B6_D1,322,0,71,0,0
B6_D1,398,0,497,0,0
B10_D1,401,0,314,0,0
B6_D1,852,0,152,0,0
G1_D1,74,0,278,0,0
B10_D1,95,0,183,0,0
B6_D1,76,0,448,0,0
B6_D1,784,0,32,0,0
B10_D1,651,0,204,0,0
B6_D1,747,0,199,0,0
B6_D1,692,0,4,0,0
B6_D1,286,0,174,0,0
B10_D1,702,0,439,0,0
B6_D1,309,0,382,0,0
B6_D1,378,0,334,0,0
G1_D1,294,0,251,0,0
B6_D1,298,0,35,0,0
B10_D1,892,0,93,0,0
B6_D1,440,0,327,0,0
B6_D1,316,0,359,0,0
B6_D1,464,0,13,0,0
B6_D1,452,0,418,0,0
B8_D1,17,0,266,0,0
B8_D1,250,0,331,0,0
B6_D1,615,0,432,0,0
B10_D1,214,0,46,0,0
B10_D1,123,0,36,0,0
G1_D1,234,0,270,0,0
B6_D1,735,0,99,0,0
B6_D1,398,0,1,0,0
B10_D1,44,0,140,0,0
B6_D1,558,0,403,0,0
B2_D1,797,0,467,0,0
B6_D1,14,0,338,0,0
B6_D1,12,0,241,0,0
B6_D1,842,0,293,0,0
G1_D1,339,0,435,0,0
B10_D1,590,0,227,0,0
B10_D1,146,0,94,0,0
B10_D1,635,0,273,0,0
G1_D1,31,0,325,0,0
B6_D1,629,0,388,0,0
B6_D1,86,0,101,0,0
B4_D1,282,0,138,0,0
B2_D1,519,0,124,0,0
G1_D1,629,0,276,0,0
G1_D1,106,0,190,0,0
B10_D1,526,0,122,0,0
G1_D1,906,0,82,0,0
B10_D1,862,0,82,0,0
B6_D1,62,0,488,0,0
B6_D1,300,0,140,0,0
B6_D1,601,0,229,0,0
B6_D1,191,0,99,0,0
B6_D1,961,0,213,0,0
B10_D1,774,0,425,0,0
B8_D1,916,0,300,0,0
B10_D1,211,0,142,0,0
G1_D1,21,0,104,0,0
B10_D1,432,0,140,0,0
B6_D1,520,0,5,0,0
B6_D1,835,0,158,0,0
B6_D1,348,0,484,0,0
B10_D1,1007,0,238,0,0
B8_D1,111,0,216,0,0
B10_D1,602,0,276,0,0
B6_D1,64,0,187,0,0
B10_D1,353,0,291,0,0
B10_D1,686,0,445,0,0
B6_D1,812,0,447,0,0
G1_D1,718,0,307,0,0
B10_D1,649,0,313,0,0
B4_D1,76,0,419,0,0
B6_D1,404,0,7,0,0
G1_D1,988,0,97,0,0
G1_D1,126,0,132,0,0
B6_D1,911,0,436,0,0
B8_D1,1021,0,82,0,0
B10_D1,295,0,7,0,0
B6_D1,98,0,426,0,0
B6_D1,524,0,380,0,0
G1_D1,230,0,23,0,0
B6_D1,533,0,349,0,0
B6_D1,594,0,420,0,0
B10_D1,836,0,91,0,0
B10_D1,858,0,5,0,0
B2_D1,828,0,0,0,0
B8_D1,127,0,81,0,0
B2_D1,378,0,510,0,0
B4_D1,7,0,334,0,0
B10_D1,850,0,338,0,0
B6_D1,792,0,24,0,0
G1_D1,868,0,46,0,0
B6_D1,611,0,307,0,0
B10_D1,457,0,406,0,0
B2_D1,955,0,62,0,0
G1_D1,434,0,367,0,0
B4_D1,44,0,4,0,0
B10_D1,658,0,485,0,0
B10_D1,491,0,276,0,0
B10_D1,535,0,63,0,0
B10_D1,34,0,256,0,0
B10_D1,337,0,19,0,0
G1_D1,408,0,13,0,0
B6_D1,592,0,20,0,0
B6_D1,2,0,503,0,0
B10_D1,200,0,228,0,0
B6_D1,84,0,203,0,0
B10_D1,875,0,206,0,0
B6_D1,909,0,290,0,0
G1_D1,582,0,0,0,0
B6_D1,673,0,340,0,0
G1_D1,880,0,68,0,0
B6_D1,278,0,376,0,0
B10_D1,959,0,234,0,0
B10_D1,194,0,40,0,0
B8_D1,538,0,290,0,0
G1_D1,403,0,123,0,0
B6_D1,98,0,464,0,0
B6_D1,260,0,183,0,0
G1_D1,484,0,3,0,0
B6_D1,66,0,393,0,0
B6_D1,0,0,24,0,0
B8_D1,598,0,186,0,0
B6_D1,225,0,195,0,0
B2_D1,390,0,486,0,0
B6_D1,780,0,393,0,0
B6_D1,438,0,381,0,0
G1_D1,560,0,121,0,0
B6_D1,546,0,353,0,0
B4_D1,266,0,17,0,0
G1_D1,997,0,172,0,0
G1_D1,914,0,328,0,0
G1_D1,316,0,230,0,0
G1_D1,152,0,50,0,0
B4_D1,985,0,79,0,0
B10_D1,644,0,459,0,0
B6_D1,78,0,137,0,0
B10_D1,189,0,138,0,0
B6_D1,25,0,248,0,0
B4_D1,252,0,135,0,0
B10_D1,98,0,117,0,0
B10_D1,18,0,89,0,0
B6_D1,1021,0,319,0,0
G1_D1,202,0,141,0,0
B10_D1,740,0,16,0,0
B6_D1,243,0,374,0,0
B8_D1,170,0,197,0,0
B6_D1,872,0,7,0,0
B6_D1,763,0,352,0,0
B6_D1,440,0,7,0,0
B6_D1,124,0,106,0,0
B6_D1,364,0,277,0,0
B6_D1,924,0,270,0,0
B2_D1,456,0,286,0,0
B2_D1,986,0,90,0,0
B4_D1,126,0,96,0,0
G1_D1,6,0,484,0,0
B4_D1,590,0,328,0,0
B6_D1,481,0,279,0,0
B6_D1,956,0,506,0,0
B4_D1,959,0,233,0,0
B6_D1,240,0,433,0,0
B4_D1,682,0,29,0,0
B4_D1,0,0,54,0,0
B10_D1,1015,0,40,0,0
B2_D1,857,0,253,0,0
G1_D1,284,0,61,0,0
G1_D1,788,0,388,0,0
B6_D1,558,0,268,0,0
G1_D1,554,0,118,0,0
B10_D1,369,0,480,0,0
G1_D1,927,0,236,0,0
B6_D1,956,0,34,0,0
B10_D1,562,0,285,0,0
B10_D1,659,0,236,0,0
B10_D1,282,0,346,0,0
B6_D1,645,0,308,0,0
B2_D1,136,0,450,0,0
B6_D1,84,0,393,0,0
B6_D1,551,0,312,0,0
B6_D1,312,0,45,0,0
B10_D1,833,0,255,0,0
G1_D1,811,0,244,0,0
B4_D1,100,0,146,0,0
B6_D1,162,0,42,0,0
B6_D1,216,0,15,0,0
B2_D1,984,0,511,0,0
G1_D1,295,0,38,0,0
B6_D1,85,0,358,0,0
B6_D1,862,0,239,0,0
B10_D1,12,0,90,0,0
B10_D1,808,0,329,0,0
B10_D1,734,0,418,0,0
B10_D1,575,0,266,0,0
B10_D1,211,0,148,0,0
B6_D1,73,0,267,0,0
B2_D1,877,0,119,0,0
B4_D1,897,0,91,0,0
B4_D1,249,0,50,0,0
B10_D1,414,0,412,0,0
G1_D1,361,0,195,0,0
B6_D1,254,0,43,0,0
B10_D1,930,0,220,0,0
B10_D1,632,0,142,0,0
B10_D1,187,0,164,0,0
B6_D1,601,0,233,0,0
B6_D1,978,0,435,0,0
B10_D1,258,0,5,0,0
B2_D1,704,0,224,0,0
B6_D1,82,0,26,0,0
B4_D1,827,0,240,0,0
B10_D1,445,0,277,0,0
G1_D1,890,0,42,0,0
G1_D1,18,0,313,0,0
G1_D1,240,0,39,0,0
B6_D1,382,0,486,0,0
G1_D1,380,0,198,0,0
G1_D1,123,0,63,0,0
B10_D1,118,0,6,0,0
B4_D1,648,0,301,0,0
B10_D1,626,0,234,0,0
G1_D1,666,0,35,0,0
G1_D1,751,0,160,0,0
B8_D1,722,0,192,0,0
B10_D1,205,0,361,0,0
B6_D1,120,0,142,0,0
G1_D1,377,0,407,0,0
B10_D1,691,0,84,0,0
B6_D1,530,0,378,0,0
B6_D1,68,0,394,0,0
B6_D1,750,0,30,0,0
B10_D1,499,0,58,0,0
G1_D1,1002,0,185,0,0
B10_D1,403,0,413,0,0
B10_D1,396,0,497,0,0
B10_D1,848,0,334,0,0
B10_D1,154,0,269,0,0
B6_D1,6,0,461,0,0
B6_D1,326,0,155,0,0
B10_D1,999,0,492,0,0
B10_D1,811,0,8,0,0
B10_D1,763,0,33,0,0
G1_D1,429,0,10,0,0
B10_D1,14,0,52,0,0
B10_D1,26,0,248,0,0
B6_D1,866,0,31,0,0
B6_D1,592,0,510,0,0
B6_D1,48,0,78,0,0
G1_D1,517,0,149,0,0
G1_D1,902,0,90,0,0
B10_D1,11,0,200,0,0
G1_D1,757,0,480,0,0
B10_D1,911,0,91,0,0
G1_D1,346,0,90,0,0
B10_D1,802,0,329,0,0
B10_D1,712,0,447,0,0
B4_D1,693,0,245,0,0
B10_D1,1011,0,21,0,0
G1_D1,469,0,106,0,0
B4_D1,996,0,73,0,0
B10_D1,831,0,319,0,0
B10_D1,63,0,181,0,0
G1_D1,588,0,13,0,0
B6_D1,978,0,95,0,0
B10_D1,204,0,505,0,0
B6_D1,22,0,44,0,0
B2_D1,344,0,36,0,0
B2_D1,649,0,289,0,0
G1_D1,8,0,391,0,0
B6_D1,1020,0,254,0,0
B6_D1,311,0,225,0,0
B10_D1,400,0,6,0,0
B2_D1,643,0,505,0,0
G1_D1,13,0,49,0,0
B4_D1,606,0,182,0,0
B10_D1,230,0,199,0,0
B4_D1,1,0,371,0,0
B10_D1,565,0,3,0,0
B10_D1,17,0,82,0,0
B10_D1,432,0,489,0,0
B10_D1,325,0,97,0,0
B6_D1,628,0,492,0,0
G1_D1,255,0,277,0,0
B6_D1,761,0,328,0,0
B10_D1,525,0,304,0,0
B6_D1,430,0,244,0,0
B6_D1,982,0,199,0,0
B6_D1,853,0,136,0,0
G1_D1,969,0,159,0,0
B10_D1,434,0,191,0,0
B10_D1,691,0,189,0,0
B10_D1,575,0,202,0,0
B6_D1,1002,0,169,0,0
B4_D1,5,0,202,0,0
B6_D1,282,0,42,0,0
B10_D1,72,0,203,0,0
B6_D1,674,0,183,0,0
B6_D1,448,0,373,0,0
B2_D1,755,0,492,0,0
G1_D1,624,0,28,0,0
B10_D1,10,0,102,0,0
G1_D1,634,0,159,0,0
B10_D1,240,0,122,0,0
B10_D1,741,0,424,0,0
B6_D1,467,0,59,0,0
B6_D1,114,0,368,0,0
B10_D1,379,0,261,0,0
G1_D1,1014,0,360,0,0
G1_D1,951,0,387,0,0
B10_D1,331,0,97,0,0
G1_D1,574,0,87,0,0
B6_D1,996,0,75,0,0
B10_D1,664,0,384,0,0
B10_D1,164,0,241,0,0
B2_D1,777,0,2,0,0
G1_D1,43,0,80,0,0
G1_D1,125,0,138,0,0
G1_D1,324,0,236,0,0
B10_D1,250,0,67,0,0
B10_D1,617,0,235,0,0
G1_D1,373,0,466,0,0
B10_D1,63,0,277,0,0
B10_D1,13,0,122,0,0
B10_D1,8,0,9,0,0
B4_D1,253,0,16,0,0
B10_D1,1022,0,208,0,0
B6_D1,416,0,264,0,0
B10_D1,155,0,253,0,0
B6_D1,875,0,191,0,0
B6_D1,411,0,270,0,0
B6_D1,712,0,14,0,0
B6_D1,925,0,215,0,0
B2_D1,440,0,31,0,0
B6_D1,713,0,452,0,0
B10_D1,578,0,329,0,0
B10_D1,107,0,200,0,0
B6_D1,986,0,80,0,0
B6_D1,707,0,434,0,0
B10_D1,739,0,91,0,0
B6_D1,682,0,47,0,0
B10_D1,247,0,427,0,0
B6_D1,779,0,216,0,0
B6_D1,832,0,127,0,0
B6_D1,393,0,218,0,0
B6_D1,45,0,399,0,0
B10_D1,114,0,501,0,0
B10_D1,898,0,300,0,0
B10_D1,622,0,310,0,0
B6_D1,63,0,130,0,0
G1_D1,784,0,483,0,0
B10_D1,154,0,341,0,0
B6_D1,612,0,390,0,0
B6_D1,647,0,388,0,0
B6_D1,585,0,480,0,0
B10_D1,646,0,175,0,0
G1_D1,981,0,297,0,0
B10_D1,242,0,279,0,0
B6_D1,308,0,165,0,0
B6_D1,518,0,378,0,0
B6_D1,48,0,0,0,0
B10_D1,560,0,204,0,0
B2_D1,857,0,250,0,0
B10_D1,126,0,453,0,0
G1_D1,510,0,13,0,0
B4_D1,516,0,236,0,0
B6_D1,725,0,200,0,0
B6_D1,611,0,167,0,0
B6_D1,278,0,19,0,0
B10_D1,185,0,259,0,0
B6_D1,625,0,172,0,0
B10_D1,610,0,233,0,0
B8_D1,717,0,248,0,0
B6_D1,47,0,465,0,0
G1_D1,41,0,72,0,0
B2_D1,605,0,480,0,0
G1_D1,377,0,396,0,0
G1_D1,932,0,102,0,0
G1_D1,732,0,310,0,0
B6_D1,226,0,32,0,0
B6_D1,423,0,271,0,0
B6_D1,712,0,424,0,0
G1_D1,949,0,279,0,0
B6_D1,760,0,44,0,0
B6_D1,292,0,361,0,0
B4_D1,785,0,14,0,0
G1_D1,53,0,66,0,0
B6_D1,644,0,34,0,0
B6_D1,830,0,54,0,0
G1_D1,164,0,451,0,0
B2_D1,697,0,475,0,0
G1_D1,725,0,15,0,0
G1_D1,581,0,240,0,0
G1_D1,59,0,28,0,0
B6_D1,891,0,151,0,0
B6_D1,574,0,11,0,0
B2_D1,316,0,40,0,0
B10_D1,782,0,448,0,0
B6_D1,890,0,321,0,0
B10_D1,550,0,15,0,0
B10_D1,471,0,78,0,0
B10_D1,28,0,36,0,0
G1_D1,928,0,127,0,0
B6_D1,978,0,484,0,0
B10_D1,774,0,166,0,0
B6_D1,633,0,341,0,0
B10_D1,465,0,1,0,0
G1_D1,1001,0,85,0,0
B10_D1,152,0,143,0,0
G1_D1,971,0,40,0,0
B10_D1,172,0,62,0,0
B6_D1,996,0,88,0,0
B10_D1,259,0,254,0,0
B6_D1,928,0,510,0,0
B6_D1,632,0,344,0,0
B4_D1,733,0,264,0,0
B2_D1,99,0,25,0,0
G1_D1,616,0,249,0,0
B10_D1,606,0,412,0,0
B6_D1,960,0,36,0,0
B6_D1,305,0,78,0,0
B10_D1,832,0,85,0,0
B6_D1,130,0,273,0,0
B10_D1,47,0,10,0,0
G1_D1,242,0,70,0,0
B6_D1,833,0,202,0,0
G1_D1,45,0,45,0,0
B10_D1,222,0,238,0,0
B10_D1,342,0,335,0,0
B4_D1,284,0,28,0,0
B10_D1,151,0,220,0,0
B10_D1,113,0,125,0,0
B6_D1,970,0,355,0,0
G1_D1,353,0,235,0,0
B10_D1,498,0,40,0,0
G1_D1,1021,0,201,0,0
G1_D1,46,0,161,0,0
B6_D1,707,0,200,0,0
B6_D1,55,0,356,0,0
B4_D1,914,0,403,0,0
B10_D1,732,0,404,0,0
B10_D1,417,0,226,0,0
B4_D1,692,0,63,0,0
B2_D1,757,0,37,0,0
B10_D1,237,0,112,0,0
G1_D1,906,0,60,0,0
B6_D1,818,0,392,0,0
B2_D1,251,0,140,0,0
B10_D1,3,0,28,0,0
B10_D1,122,0,347,0,0
G1_D1,348,0,236,0,0
B2_D1,147,0,89,0,0
B6_D1,936,0,508,0,0
B10_D1,79,0,86,0,0
B2_D1,155,0,263,0,0
B6_D1,861,0,481,0,0
B10_D1,184,0,287,0,0
B8_D1,946,0,300,0,0
G1_D1,505,0,156,0,0
B4_D1,349,0,25,0,0
B10_D1,993,0,497,0,0
B10_D1,96,0,187,0,0
B10_D1,434,0,238,0,0
G1_D1,388,0,281,0,0
B6_D1,216,0,306,0,0
B6_D1,830,0,491,0,0
B6_D1,864,0,362,0,0
B2_D1,558,0,481,0,0
B2_D1,424,0,511,0,0
B6_D1,1000,0,32,0,0
B10_D1,663,0,487,0,0
B10_D1,336,0,412,0,0
G1_D1,310,0,416,0,0
B6_D1,740,0,19,0,0
B6_D1,162,0,183,0,0
B10_D1,703,0,105,0,0
B6_D1,260,0,31,0,0
B6_D1,167,0,384,0,0
G1_D1,211,0,80,0,0
B6_D1,774,0,66,0,0
G1_D1,295,0,237,0,0
B6_D1,648,0,303,0,0
G1_D1,874,0,18,0,0
B10_D1,108,0,54,0,0
B6_D1,641,0,388,0,0
B10_D1,509,0,297,0,0
B10_D1,145,0,296,0,0
B10_D1,386,0,470,0,0
B4_D1,908,0,68,0,0
B6_D1,720,0,45,0,0
B6_D1,792,0,33,0,0
B8_D1,130,0,213,0,0
B6_D1,336,0,493,0,0
B10_D1,245,0,169,0,0
B4_D1,141,0,61,0,0
B10_D1,981,0,69,0,0
B6_D1,496,0,29,0,0
B8_D1,418,0,282,0,0
B6_D1,218,0,485,0,0
B6_D1,138,0,294,0,0
B2_D1,152,0,130,0,0
G1_D1,684,0,7,0,0
G1_D1,359,0,15,0,0
B10_D1,169,0,7,0,0
B6_D1,97,0,475,0,0
G1_D1,211,0,19,0,0
B6_D1,637,0,222,0,0
B6_D1,968,0,22,0,0
B6_D1,483,0,70,0,0
B6_D1,762,0,24,0,0
B4_D1,648,0,276,0,0
G1_D1,426,0,109,0,0
B6_D1,700,0,495,0,0
B6_D1,83,0,481,0,0
B6_D1,452,0,327,0,0
B6_D1,814,0,67,0,0
G1_D1,791,0,163,0,0
B10_D1,784,0,65,0,0
G1_D1,408,0,110,0,0
B10_D1,309,0,37,0,0
B2_D1,568,0,152,0,0
B6_D1,439,0,68,0,0
B6_D1,588,0,3,0,0
G1_D1,63,0,348,0,0
G1_D1,10,0,180,0,0
B4_D1,721,0,329,0,0
B10_D1,941,0,45,0,0
B10_D1,550,0,285,0,0
B6_D1,305,0,435,0,0
B6_D1,796,0,354,0,0
B10_D1,635,0,301,0,0
B4_D1,4,0,505,0,0
G1_D1,997,0,17,0,0
B6_D1,430,0,478,0,0
B2_D1,235,0,47,0,0
B10_D1,258,0,301,0,0
B6_D1,927,0,133,0,0
B6_D1,932,0,392,0,0
B10_D1,290,0,132,0,0
B6_D1,718,0,384,0,0
B6_D1,53,0,452,0,0
G1_D1,535,0,45,0,0
B6_D1,268,0,29,0,0
B6_D1,120,0,24,0,0
B2_D1,896,0,1,0,0
B4_D1,849,0,39,0,0
B8_D1,140,0,233,0,0
B6_D1,564,0,6,0,0
B10_D1,774,0,83,0,0
B10_D1,182,0,65,0,0
B6_D1,810,0,383,0,0
B10_D1,94,0,451,0,0
B6_D1,542,0,397,0,0
G1_D1,178,0,259,0,0
B6_D1,184,0,35,0,0
B6_D1,1005,0,330,0,0
B6_D1,650,0,31,0,0
B6_D1,195,0,119,0,0
B10_D1,430,0,457,0,0
G1_D1,203,0,504,0,0
B10_D1,781,0,77,0,0
G1_D1,469,0,6,0,0
B6_D1,220,0,88,0,0
B10_D1,238,0,115,0,0
B10_D1,44,0,120,0,0
B10_D1,409,0,54,0,0
B10_D1,831,0,256,0,0
B4_D1,39,0,9,0,0
B10_D1,35,0,299,0,0
B6_D1,18,0,126,0,0
G1_D1,394,0,369,0,0
B6_D1,284,0,397,0,0
B6_D1,916,0,2,0,0
B6_D1,674,0,386,0,0
B4_D1,587,0,195,0,0
G1_D1,951,0,245,0,0
G1_D1,999,0,45,0,0
G1_D1,20,0,99,0,0
B6_D1,964,0,78,0,0
G1_D1,174,0,226,0,0
G1_D1,19,0,29,0,0
G1_D1,90,0,309,0,0
B4_D1,1,0,181,0,0
B4_D1,150,0,131,0,0
B10_D1,184,0,6,0,0
B6_D1,835,0,119,0,0
B2_D1,841,0,464,0,-1
B10_D1,611,0,364,0,0
B6_D1,312,0,508,0,0
B6_D1,1020,0,487,0,0
B4_D1,194,0,271,0,0
G1_D1,939,0,459,0,0
B6_D1,548,0,326,0,0
B10_D1,627,0,312,0,0
B10_D1,776,0,249,0,0
B6_D1,414,0,421,0,0
B10_D1,403,0,243,0,0
B10_D1,556,0,503,0,0
B6_D1,881,0,347,0,0
G1_D1,359,0,452,0,0
G1_D1,14,0,142,0,0
B10_D1,935,0,0,0,0
B6_D1,641,0,349,0,0
G1_D1,1017,0,466,0,0
B6_D1,531,0,328,0,0
B6_D1,321,0,374,0,0
G1_D1,1005,0,213,0,0
G1_D1,188,0,341,0,0
B6_D1,738,0,3,0,0
B2_D1,435,0,214,0,0
B6_D1,893,0,313,0,0
B6_D1,647,0,275,0,0
B6_D1,174,0,499,0,0
B6_D1,90,0,21,0,0
B4_D1,589,0,109,0,0
B6_D1,174,0,24,0,0
G1_D1,133,0,264,0,0
B10_D1,966,0,508,0,0
G1_D1,939,0,495,0,0
B4_D1,771,0,216,0,0
B6_D1,161,0,322,0,0
B10_D1,283,0,97,0,0
B10_D1,360,0,216,0,0
B10_D1,708,0,40,0,0
B6_D1,1016,0,48,0,0
B4_D1,621,0,28,0,0
B6_D1,258,0,39,0,0
B10_D1,523,0,131,0,0
G1_D1,1022,0,15,0,0
G1_D1,723,0,470,0,0
B10_D1,831,0,408,0,0
B4_D1,615,0,145,0,0
B6_D1,1016,0,19,0,0
G1_D1,1008,0,13,0,0
B8_D1,627,0,305,0,0
B10_D1,161,0,165,0,0
B10_D1,1011,0,317,0,0
B2_D1,730,0,359,0,0
B4_D1,145,0,178,0,0
G1_D1,264,0,263,0,0
G1_D1,63,0,501,0,0
B6_D1,249,0,457,0,0
G1_D1,654,0,81,0,0
B6_D1,197,0,274,0,0
B10_D1,316,0,220,0,0
B6_D1,338,0,324,0,0
B6_D1,172,0,498,0,0
B10_D1,636,0,53,0,0
B6_D1,541,0,244,0,0
B6_D1,3,0,251,0,0
G1_D1,67,0,281,0,0
B6_D1,774,0,511,0,0
G1_D1,10,0,284,0,0
B10_D1,603,0,299,0,0
B6_D1,372,0,484,0,0
B10_D1,1003,0,341,0,0
B10_D1,387,0,509,0,0
B4_D1,436,0,196,0,0
B6_D1,121,0,205,0,0
B6_D1,235,0,381,0,0
B4_D1,1023,0,95,0,0
B6_D1,122,0,16,0,0
G1_D1,450,0,219,0,0
G1_D1,373,0,281,0,0
B6_D1,162,0,66,0,0
B4_D1,971,0,13,0,0
B6_D1,238,0,71,0,0
B10_D1,0,0,428,0,0
B6_D1,722,0,34,0,0
G1_D1,931,0,105,0,0
B6_D1,432,0,381,0,0
G1_D1,362,0,1,0,0
B6_D1,850,0,310,0,0
B10_D1,123,0,35,0,0
B10_D1,631,0,162,0,0
G1_D1,38,0,266,0,0
B10_D1,138,0,505,0,0
B4_D1,109,0,69,0,0
B6_D1,862,0,90,0,0
B10_D1,721,0,166,0,0
G1_D1,30,0,123,0,0
B10_D1,981,0,81,0,0
B10_D1,475,0,75,0,0
B10_D1,643,0,461,0,0
B10_D1,173,0,12,0,0
B6_D1,584,0,162,0,0
B6_D1,181,0,112,0,0
B6_D1,346,0,338,0,0
B10_D1,539,0,319,0,0
G1_D1,428,0,370,0,0
B6_D1,488,0,1,0,0
B4_D1,452,0,374,0,0
B6_D1,792,0,490,0,0
G1_D1,707,0,142,0,0
B6_D1,52,0,217,0,0
G1_D1,432,0,149,0,0
B4_D1,64,0,31,0,0
B10_D1,83,0,183,0,0
B10_D1,808,0,339,0,0
B10_D1,751,0,365,0,0
G1_D1,1016,0,479,0,0
B10_D1,145,0,314,0,0
B10_D1,618,0,156,0,0
G1_D1,1019,0,289,0,0
B6_D1,544,0,225,0,0
B6_D1,207,0,238,0,0
B8_D1,127,0,207,0,0
B6_D1,864,0,490,0,0
B10_D1,880,0,430,0,0
B6_D1,88,0,11,0,0
B10_D1,527,0,292,0,0
B10_D1,787,0,241,0,0
G1_D1,969,0,51,0,0
B10_D1,647,0,207,0,0
B4_D1,16,0,290,0,0
B6_D1,947,0,258,0,0
B10_D1,374,0,337,0,0
G1_D1,164,0,333,0,0
B6_D1,376,0,478,0,0
B4_D1,254,0,292,0,0
B4_D1,518,0,83,0,0
B6_D1,67,0,475,0,0
G1_D1,757,0,113,0,0
G1_D1,190,0,172,0,0
B6_D1,980,0,482,0,0
B6_D1,560,0,503,0,0
B6_D1,1022,0,61,0,0
B10_D1,473,0,249,0,0
B4_D1,751,0,219,0,0
B10_D1,581,0,114,0,0
G1_D1,375,0,17,0,0
B6_D1,596,0,329,0,0
B4_D1,278,0,17,0,0
G1_D1,599,0,455,0,0
B6_D1,86,0,416,0,0
B10_D1,311,0,60,0,0
B6_D1,372,0,0,0,0
B10_D1,602,0,444,0,0
B10_D1,359,0,485,0,0
G1_D1,770,0,272,0,0
G1_D1,646,0,18,0,0
G1_D1,951,0,266,0,0
B10_D1,884,0,361,0,0
B10_D1,259,0,300,0,0
B6_D1,9,0,98,0,0
B6_D1,883,0,306,0,0
B10_D1,386,0,231,0,0
B10_D1,561,0,8,0,0
B4_D1,765,0,280,0,0
B10_D1,44,0,39,0,0
B2_D1,780,0,254,0,0
B6_D1,922,0,486,0,0
B10_D1,253,0,344,0,0
B6_D1,112,0,478,0,0
G1_D1,851,0,75,0,0
B10_D1,820,0,430,0,0
B10_D1,193,0,7,0,0
B6_D1,260,0,332,0,0
B4_D1,77,0,131,0,0
B6_D1,972,0,254,0,0
B6_D1,1022,0,259,0,0
B6_D1,351,0,336,0,0
G1_D1,266,0,24,0,0
B6_D1,384,0,332,0,0
B10_D1,963,0,244,0,0
B6_D1,929,0,216,0,0
B10_D1,659,0,489,0,0
G1_D1,361,0,290,0,0
G1_D1,68,0,143,0,0
G1_D1,956,0,248,0,0
B6_D1,553,0,285,0,0
B10_D1,478,0,37,0,0
B10_D1,22,0,259,0,0
B6_D1,774,0,18,0,0
B6_D1,782,0,479,0,0
B10_D1,8,0,16,0,0
B6_D1,842,0,311,0,0
G1_D1,714,0,472,0,0
B4_D1,771,0,212,0,0
B6_D1,518,0,153,0,0
G1_D1,401,0,391,0,0
B10_D1,562,0,4,0,0
B2_D1,1,0,59,0,0
G1_D1,727,0,12,0,0
B10_D1,596,0,311,0,0
B10_D1,802,0,172,0,0
B6_D1,54,0,189,0,0
B10_D1,586,0,285,0,0
B6_D1,550,0,489,0,0
B4_D1,912,0,238,0,0
B2_D1,336,0,289,0,0
B4_D1,200,0,357,0,0
B2_D1,775,0,134,0,0
B6_D1,602,0,360,0,0
B6_D1,383,0,190,0,0
B10_D1,884,0,366,0,0
B6_D1,930,0,94,0,0
G1_D1,133,0,19,0,0
G1_D1,596,0,72,0,0
B6_D1,188,0,337,0,0
B4_D1,702,0,201,0,0
B4_D1,1021,0,109,0,0
B10_D1,14,0,16,0,0
B10_D1,223,0,255,0,0
B10_D1,842,0,89,0,0
B6_D1,790,0,218,0,0
B6_D1,727,0,273,0,0
B2_D1,343,0,37,0,0
B10_D1,440,0,307,0,0
B10_D1,29,0,299,0,0
G1_D1,661,0,71,0,0
B4_D1,5,0,94,0,0
G1_D1,916,0,217,0,0
B10_D1,9,0,161,0,0
B2_D1,761,0,61,0,0
B6_D1,639,0,418,0,0
G1_D1,995,0,155,0,0
B10_D1,207,0,277,0,0
B4_D1,533,0,380,0,0
B10_D1,772,0,310,0,0
B6_D1,910,0,47,0,0
G1_D1,662,0,192,0,0
B6_D1,877,0,138,0,0
G1_D1,251,0,234,0,0
B10_D1,220,0,147,0,0
G1_D1,358,0,486,0,0
B10_D1,97,0,197,0,0
B6_D1,331,0,416,0,0
B6_D1,159,0,305,0,0
B6_D1,984,0,0,0,0
B6_D1,438,0,505,0,0
B6_D1,680,0,302,0,0
B6_D1,392,0,488,0,0
G1_D1,919,0,95,0,0
B10_D1,724,0,118,0,0
B10_D1,386,0,310,0,0
B6_D1,279,0,179,0,0
G1_D1,766,0,3,0,0
B6_D1,562,0,322,0,0
B6_D1,605,0,288,0,0
B6_D1,954,0,30,0,0
B10_D1,931,0,17,0,0
B10_D1,558,0,410,0,0
B6_D1,609,0,180,0,0
B10_D1,956,0,251,0,0
B6_D1,692,0,183,0,0
B8_D1,756,0,206,0,0
B6_D1,796,0,96,0,0
B6_D1,674,0,46,0,0
B2_D1,903,0,408,0,0
G1_D1,303,0,270,0,0
G1_D1,326,0,234,0,0
B6_D1,276,0,111,0,0
B10_D1,858,0,435,0,0
B10_D1,139,0,271,0,0
B6_D1,194,0,13,0,0
B4_D1,562,0,300,0,0
G1_D1,796,0,273,0,0
B6_D1,539,0,194,0,0
B2_D1,217,0,302,0,0
B10_D1,611,0,284,0,0
G1_D1,396,0,210,0,0
B4_D1,785,0,233,0,0
B6_D1,0,0,309,0,0
G1_D1,875,0,209,0,0
G1_D1,30,0,58,0,0
B6_D1,534,0,409,0,0
B10_D1,112,0,340,0,0
B4_D1,777,0,223,0,0
B6_D1,388,0,35,0,0
B2_D1,720,0,8,0,0
B6_D1,189,0,324,0,0
B6_D1,190,0,5,0,0
B10_D1,576,0,79,0,0
B6_D1,899,0,167,0,0
B10_D1,217,0,245,0,0
G1_D1,9,0,278,0,0
B4_D1,748,0,288,0,0
B10_D1,880,0,359,0,0
G1_D1,722,0,99,0,0
B4_D1,320,0,296,0,0
B6_D1,70,0,8,0,0
B10_D1,251,0,124,0,0
B2_D1,277,0,141,0,0
B10_D1,273,0,69,0,0
B6_D1,429,0,330,0,0
G1_D1,143,0,14,0,0
B4_D1,967,0,125,0,0
B10_D1,7,0,55,0,0
G1_D1,1017,0,303,0,0
B10_D1,950,0,503,0,0
B6_D1,994,0,447,0,0
B6_D1,156,0,179,0,0
B10_D1,144,0,327,0,0
G1_D1,983,0,137,0,0
B10_D1,149,0,355,0,0
B6_D1,601,0,118,0,0
G1_D1,802,0,276,0,0
B6_D1,788,0,298,0,0
B10_D1,733,0,10,0,0
B10_D1,366,0,68,0,0
B6_D1,958,0,17,0,0
B6_D1,284,0,79,0,0
B10_D1,327,0,59,0,0
B6_D1,668,0,13,0,0
G1_D1,985,0,288,0,0
B6_D1,347,0,208,0,0
G1_D1,572,0,120,0,0
B6_D1,555,0,468,0,0
B4_D1,368,0,105,0,0
B10_D1,419,0,314,0,0
B10_D1,145,0,357,0,0
B6_D1,508,0,411,0,0
B10_D1,237,0,354,0,0
B6_D1,746,0,348,0,0
B10_D1,503,0,151,0,0
B6_D1,375,0,284,0,0
B2_D1,420,0,111,0,0
B10_D1,872,0,224,0,0
B8_D1,607,0,223,0,0
B6_D1,406,0,510,0,0
B10_D1,875,0,40,0,0
B10_D1,431,0,314,0,0
B6_D1,531,0,189,0,0
B10_D1,922,0,310,0,0
B6_D1,448,0,8,0,0
B4_D1,786,0,113,0,0
B10_D1,816,0,72,0,0
B10_D1,802,0,215,0,0
B10_D1,821,0,36,0,0
G1_D1,35,0,28,0,0
B10_D1,209,0,326,0,0
B10_D1,163,0,271,0,0
B6_D1,197,0,479,0,0
B6_D1,646,0,504,0,0
G1_D1,66,0,22,0,0
B4_D1,765,0,213,0,0
G1_D1,55,0,251,0,0
B10_D1,559,0,235,0,0
B6_D1,310,0,489,0,0
G1_D1,826,0,239,0,0
B10_D1,142,0,393,0,0
B6_D1,588,0,346,0,0
B2_D1,203,0,151,0,0
G1_D1,164,0,77,0,0
B6_D1,848,0,43,0,0
G1_D1,903,0,4,0,0
B6_D1,374,0,154,0,0
G1_D1,625,0,474,0,0
B10_D1,414,0,140,0,0
B6_D1,410,0,174,0,0
B10_D1,439,0,193,0,0
B6_D1,512,0,174,0,0
B6_D1,864,0,27,0,0
B4_D1,762,0,206,0,0
B6_D1,780,0,505,0,0
B6_D1,520,0,282,0,0
B4_D1,7,0,387,0,0
G1_D1,561,0,206,0,0
B6_D1,425,0,157,0,0
B4_D1,100,0,41,0,0
B10_D1,33,0,166,0,0
B4_D1,126,0,0,0,0
B10_D1,772,0,452,0,0
B6_D1,206,0,16,0,0
B6_D1,178,0,498,0,0
G1_D1,453,0,4,0,0
B2_D1,409,0,130,0,0
G1_D1,9,0,84,0,0
B6_D1,198,0,348,0,0
G1_D1,796,0,3,0,0
B6_D1,485,0,345,0,0
G1_D1,457,0,19,0,0
B2_D1,105,0,315,0,0
B10_D1,151,0,110,0,0
B10_D1,720,0,422,0,0
B10_D1,886,0,300,0,0
B10_D1,501,0,280,0,0
B4_D1,103,0,189,0,0
B6_D1,58,0,8,0,0
B4_D1,920,0,71,0,0
B10_D1,433,0,331,0,0
G1_D1,54,0,335,0,0
B10_D1,536,0,214,0,0
B2_D1,693,0,93,0,0
B6_D1,585,0,187,0,0
B6_D1,483,0,415,0,0
B6_D1,297,0,212,0,0
B10_D1,227,0,506,0,0
B10_D1,36,0,257,0,0
G1_D1,38,0,99,0,0
G1_D1,333,0,134,0,0
B6_D1,269,0,163,0,0
B10_D1,333,0,2,0,0
B10_D1,445,0,504,0,0
G1_D1,679,0,16,0,0
B10_D1,371,0,411,0,0
B2_D1,889,0,45,0,0
B10_D1,745,0,262,0,0
B6_D1,4,0,289,0,0
G1_D1,58,0,288,0,0
B10_D1,497,0,99,0,0
B6_D1,338,0,25,0,0
B10_D1,164,0,508,0,0
B10_D1,168,0,125,0,0
B10_D1,606,0,415,0,0
B10_D1,988,0,273,0,0
B10_D1,373,0,210,0,0
B6_D1,684,0,189,0,0
B10_D1,341,0,235,0,0
G1_D1,853,0,258,0,0
B4_D1,148,0,171,0,0
G1_D1,378,0,18,0,0
G1_D1,219,0,401,0,0
B6_D1,690,0,393,0,0
B6_D1,776,0,105,0,0
G1_D1,192,0,0,0,0
B4_D1,587,0,376,0,0
B6_D1,630,0,9,0,0
B10_D1,41,0,75,0,0
B10_D1,806,0,275,0,0
B6_D1,882,0,490,0,0
G1_D1,327,0,233,0,0
G1_D1,206,0,82,0,0
B6_D1,506,0,37,0,0
B6_D1,272,0,332,0,0
B4_D1,89,0,283,0,0
B6_D1,241,0,127,0,0
B10_D1,881,0,214,0,0
B6_D1,818,0,190,0,0
G1_D1,814,0,261,0,0
G1_D1,13,0,336,0,0
G1_D1,39,0,231,0,0
B2_D1,653,0,510,0,0
B10_D1,427,0,502,0,0
B6_D1,11,0,477,0,0
B4_D1,112,0,50,0,0
B10_D1,747,0,407,0,0
B2_D1,405,0,110,0,0
B6_D1,345,0,336,0,0
B8_D1,346,0,297,0,0
B6_D1,62,0,500,0,0
G1_D1,922,0,44,0,0
G1_D1,205,0,35,0,0
G1_D1,716,0,311,0,0
B6_D1,755,0,288,0,0
B6_D1,687,0,214,0,0
B6_D1,556,0,338,0,0
B6_D1,443,0,241,0,0
B6_D1,890,0,156,0,0
B8_D1,779,0,313,0,0
B10_D1,402,0,484,0,0
B2_D1,819,0,67,0,0
B10_D1,690,0,326,0,0
B2_D1,686,0,277,0,0
B10_D1,614,0,218,0,0
B10_D1,348,0,64,0,0
G1_D1,237,0,150,0,0
B10_D1,774,0,231,0,0
B2_D1,187,0,87,0,0
B10_D1,599,0,318,0,0
B10_D1,4,0,83,0,0
B6_D1,908,0,291,0,0
B10_D1,42,0,5,0,0
B6_D1,889,0,53,0,0
B6_D1,857,0,259,0,0
B2_D1,693,0,225,0,0
B2_D1,637,0,464,0,0
B6_D1,809,0,116,0,0
G1_D1,1015,0,220,0,0
G1_D1,754,0,29,0,0
B6_D1,136,0,41,0,0
G1_D1,369,0,457,0,0
B2_D1,720,0,361,0,0
B10_D1,466,0,104,0,0
B6_D1,993,0,412,0,0
B10_D1,627,0,371,0,0
G1_D1,174,0,94,0,0
B2_D1,416,0,129,0,0
G1_D1,955,0,271,0,0
G1_D1,781,0,323,0,0
B6_D1,434,0,356,0,0
B6_D1,862,0,507,0,0
B10_D1,170,0,270,0,0
B6_D1,380,0,370,0,0
B6_D1,742,0,35,0,0
B6_D1,806,0,10,0,0
B6_D1,757,0,75,0,0
B8_D1,425,0,284,0,0
G1_D1,1023,0,279,0,0
B6_D1,855,0,300,0,0
G1_D1,294,0,182,0,0
B6_D1,0,0,102,0,0
B6_D1,816,0,12,0,0
B10_D1,51,0,142,0,0
G1_D1,387,0,280,0,0
G1_D1,119,0,92,0,0
B4_D1,834,0,41,0,0
B6_D1,919,0,242,0,0
B6_D1,161,0,86,0,0
B6_D1,881,0,233,0,0
G1_D1,924,0,325,0,0
G1_D1,918,0,93,0,0
B10_D1,686,0,484,0,0
B10_D1,241,0,48,0,0
B6_D1,68,0,10,0,0
B2_D1,954,0,37,0,0
B4_D1,2,0,219,0,0
B6_D1,147,0,368,0,0
B6_D1,458,0,346,0,0
G1_D1,509,0,147,0,0
B6_D1,719,0,184,0,0
B10_D1,76,0,6,0,0
B6_D1,818,0,270,0,0
G1_D1,735,0,379,0,0
B2_D1,555,0,476,0,0
B10_D1,693,0,269,0,0
B10_D1,390,0,497,0,0
B6_D1,446,0,497,0,0
G1_D1,512,0,11,0,0
B6_D1,8,0,16,0,0
B10_D1,563,0,155,0,0
B2_D1,268,0,487,0,0
B10_D1,136,0,259,0,0
B6_D1,966,0,42,0,0
B10_D1,713,0,271,0,0
G1_D1,445,0,6,0,0
B10_D1,502,0,160,0,0
B10_D1,130,0,373,0,0
B6_D1,956,0,494,0,0
B6_D1,953,0,401,0,0
B6_D1,1006,0,486,0,0
G1_D1,453,0,82,0,0
B2_D1,711,0,53,0,0
G1_D1,707,0,471,0,0
B6_D1,518,0,488,0,0
G1_D1,550,0,26,0,0
B6_D1,13,0,248,0,0
G1_D1,474,0,7,0,0
B2_D1,214,0,74,0,0
B10_D1,867,0,42,0,0
G1_D1,22,0,148,0,0
B6_D1,242,0,43,0,0
G1_D1,939,0,268,0,0
B6_D1,760,0,258,0,0
B6_D1,710,0,503,0,0
B10_D1,305,0,274,0,0
B2_D1,740,0,224,0,0
G1_D1,978,0,293,0,0
B4_D1,3,0,93,0,0
B10_D1,544,0,464,0,0
B2_D1,723,0,185,0,0
B6_D1,286,0,32,0,0
B6_D1,1017,0,417,0,0
B6_D1,408,0,55,0,0
B6_D1,726,0,24,0,0
G1_D1,10,0,215,0,0
B10_D1,74,0,298,0,0
B6_D1,990,0,499,0,0
B6_D1,166,0,495,0,0
B6_D1,713,0,111,0,0
B10_D1,118,0,15,0,0
B6_D1,888,0,415,0,0
B10_D1,518,0,71,0,0
B10_D1,666,0,36,0,0
B6_D1,456,0,15,0,0
B4_D1,424,0,291,0,0
B10_D1,464,0,259,0,0
B6_D1,521,0,325,0,0
B6_D1,578,0,34,0,0
B4_D1,172,0,122,0,0
B10_D1,589,0,214,0,0
B6_D1,874,0,495,0,0
G1_D1,975,0,4,0,0
B10_D1,657,0,1,0,0
G1_D1,44,0,266,0,0
B6_D1,855,0,83,0,0
B10_D1,117,0,35,0,0
B10_D1,26,0,140,0,0
G1_D1,566,0,287,0,0
G1_D1,600,0,227,0,0
B10_D1,663,0,243,0,0
B6_D1,17,0,63,0,0
B10_D1,739,0,119,0,0
B6_D1,320,0,290,0,0
B6_D1,51,0,95,0,0
B6_D1,562,0,186,0,0
B6_D1,110,0,7,0,0
B6_D1,437,0,459,0,0
B6_D1,4,0,52,0,0
G1_D1,127,0,61,0,0
B4_D1,135,0,284,0,0
B6_D1,796,0,44,0,0
B10_D1,357,0,145,0,0
B10_D1,287,0,205,0,0
B6_D1,645,0,480,0,0
B10_D1,30,0,298,0,0
B10_D1,419,0,272,0,0
B10_D1,418,0,498,0,0
G1_D1,28,0,110,0,0
B10_D1,293,0,259,0,0
B10_D1,400,0,62,0,0
B10_D1,614,0,254,0,0
B10_D1,585,0,215,0,0
B10_D1,414,0,68,0,0
B6_D1,183,0,107,0,0
B8_D1,117,0,269,0,0
G1_D1,1020,0,179,0,0
B6_D1,1,0,159,0,0
B6_D1,148,0,20,0,0
B6_D1,92,0,416,0,0
B6_D1,32,0,118,0,0
B6_D1,816,0,161,0,0
G1_D1,166,0,511,0,0
B6_D1,678,0,6,0,0
B6_D1,462,0,280,0,0
B10_D1,666,0,66,0,0
B4_D1,492,0,283,0,0
B6_D1,802,0,138,0,0
B10_D1,158,0,339,0,0
B10_D1,335,0,255,0,0
B6_D1,408,0,39,0,0
B8_D1,418,0,193,0,0
G1_D1,312,0,194,0,0
B6_D1,814,0,501,0,0
B6_D1,106,0,492,0,0
B10_D1,665,0,488,0,0
G1_D1,787,0,16,0,0
B10_D1,955,0,254,0,0
B4_D1,3,0,455,0,0
B10_D1,657,0,28,0,0
G1_D1,215,0,372,0,0
B2_D1,111,0,315,0,0
G1_D1,259,0,301,0,0
B10_D1,837,0,407,0,0
B10_D1,16,0,290,0,0
B10_D1,692,0,325,0,0
B10_D1,510,0,412,0,0
G1_D1,74,0,5,0,0
B6_D1,74,0,7,0,0
G1_D1,75,0,312,0,0
B10_D1,455,0,230,0,0
B10_D1,578,0,241,0,0
G1_D1,666,0,13,0,0
B4_D1,1018,0,18,0,0
B10_D1,876,0,302,0,0
B6_D1,256,0,492,0,0
B6_D1,812,0,89,0,0
B10_D1,67,0,274,0,0
B6_D1,272,0,22,0,0
B6_D1,80,0,300,0,0
G1_D1,150,0,297,0,0
B6_D1,130,0,190,0,0
B6_D1,945,0,133,0,0
B6_D1,272,0,440,0,0
B8_D1,88,0,161,0,0
G1_D1,1005,0,194,0,0
B10_D1,684,0,279,0,0
B10_D1,739,0,25,0,0
G1_D1,229,0,12,0,0
B10_D1,894,0,68,0,0
B10_D1,105,0,193,0,0
G1_D1,1005,0,10,0,0
B10_D1,923,0,42,0,0
B6_D1,562,0,422,0,0
B8_D1,69,0,144,0,0
B10_D1,729,0,105,0,0
B6_D1,72,0,21,0,0
B6_D1,570,0,3,0,0
G1_D1,555,0,10,0,0
B6_D1,231,0,238,0,0
G1_D1,584,0,141,0,0
B8_D1,663,0,248,0,0
B10_D1,52,0,138,0,0
B6_D1,131,0,328,0,0
B2_D1,26,0,511,0,0
B10_D1,280,0,172,0,0
B10_D1,861,0,194,0,0
G1_D1,495,0,228,0,0
G1_D1,796,0,63,0,0
B10_D1,546,0,157,0,0
B4_D1,9,0,180,0,0
B10_D1,217,0,273,0,0
B6_D1,122,0,147,0,0
B6_D1,1014,0,230,0,0
B4_D1,844,0,37,0,0
B6_D1,91,0,301,0,0
B6_D1,465,0,65,0,0
B10_D1,232,0,359,0,0
B8_D1,278,0,2,0,0
B6_D1,3,0,322,0,0
B6_D1,468,0,52,0,0
G1_D1,307,0,509,0,0
B10_D1,550,0,106,0,0
B6_D1,503,0,160,0,0
B6_D1,500,0,25,0,0
G1_D1,942,0,0,0,0
G1_D1,1015,0,219,0,0
B6_D1,818,0,503,0,0
B6_D1,784,0,117,0,0
B2_D1,322,0,291,0,0
G1_D1,339,0,49,0,0
B10_D1,409,0,93,0,0
B4_D1,163,0,27,0,0
B6_D1,778,0,50,0,0
B10_D1,934,0,461,0,0
B6_D1,586,0,322,0,0
B10_D1,795,0,60,0,0
B10_D1,380,0,226,0,0
B10_D1,396,0,412,0,0
B10_D1,430,0,128,0,0
B2_D1,480,0,165,0,0
B10_D1,84,0,213,0,0
B10_D1,170,0,269,0,0
B10_D1,423,0,123,0,0
B10_D1,530,0,16,0,0
B10_D1,191,0,30,0,0
B6_D1,214,0,478,0,0
B6_D1,808,0,134,0,0
B10_D1,390,0,96,0,0
B6_D1,988,0,434,0,0
B10_D1,581,0,333,0,0
B4_D1,916,0,252,0,0
B6_D1,856,0,106,0,0
B10_D1,430,0,344,0,0
G1_D1,31,0,119,0,0
B6_D1,838,0,5,0,0
B6_D1,608,0,391,0,0
B6_D1,486,0,36,0,0
B6_D1,46,0,479,0,0
G1_D1,189,0,4,0,0
B6_D1,756,0,73,0,0
B10_D1,237,0,203,0,0
B10_D1,319,0,254,0,0
G1_D1,981,0,45,0,0
B10_D1,817,0,270,0,0
B10_D1,733,0,335,0,0
B6_D1,312,0,334,0,0
G1_D1,69,0,141,0,0
B10_D1,534,0,98,0,0
B4_D1,666,0,265,0,0
B6_D1,308,0,28,0,0
G1_D1,1006,0,145,0,0
B6_D1,466,0,282,0,0
B4_D1,645,0,226,0,0
B6_D1,640,0,498,0,0
G1_D1,750,0,36,0,0
G1_D1,697,0,6,0,0
G1_D1,874,0,3,0,0
B10_D1,103,0,161,0,0
B6_D1,20,0,383,0,0
B10_D1,143,0,11,0,0
G1_D1,76,0,129,0,0
B4_D1,209,0,62,0,0
B4_D1,45,0,449,0,0
B10_D1,877,0,21,0,0
B6_D1,71,0,471,0,0
B10_D1,676,0,37,0,0
G1_D1,212,0,24,0,0
B6_D1,909,0,441,0,0
B10_D1,38,0,120,0,0
B2_D1,321,0,180,0,0
G1_D1,90,0,18,0,0
B2_D1,82,0,33,0,0
B10_D1,846,0,232,0,0
G1_D1,63,0,510,0,0
B10_D1,859,0,209,0,0
B10_D1,733,0,123,0,0
G1_D1,954,0,467,0,0
G1_D1,719,0,265,0,0
G1_D1,865,0,468,0,0
B2_D1,745,0,73,0,0
B6_D1,266,0,34,0,0
B10_D1,892,0,21,0,0
G1_D1,191,0,158,0,0
G1_D1,521,0,22,0,0
B2_D1,602,0,362,0,0
B6_D1,253,0,381,0,0
B6_D1,312,0,210,0,0
B2_D1,648,0,26,0,0
B10_D1,924,0,313,0,0
B6_D1,431,0,245,0,0
G1_D1,873,0,210,0,0
B6_D1,698,0,405,0,0
B6_D1,134,0,131,0,0
B6_D1,288,0,33,0,0
B6_D1,611,0,328,0,0
B6_D1,667,0,451,0,0
B10_D1,868,0,334,0,0
B10_D1,748,0,310,0,0
B6_D1,918,0,66,0,0
B8_D1,897,0,237,0,0
G1_D1,937,0,56,0,0
G1_D1,979,0,110,0,0
B8_D1,34,0,325,0,0
B10_D1,139,0,110,0,0
G1_D1,1012,0,502,0,0
B10_D1,44,0,267,0,0
B2_D1,452,0,31,0,0
B10_D1,9,0,132,0,0
B10_D1,753,0,254,0,0
B6_D1,886,0,345,0,0
G1_D1,274,0,68,0,0
B6_D1,372,0,21,0,0
B6_D1,50,0,500,0,0
B6_D1,686,0,22,0,0
B10_D1,483,0,248,0,0
B6_D1,662,0,345,0,0
B6_D1,998,0,13,0,0
B6_D1,849,0,62,0,0
G1_D1,1016,0,50,0,0
B6_D1,396,0,353,0,0
B6_D1,502,0,492,0,0
B6_D1,744,0,21,0,0
B6_D1,970,0,130,0,0
B10_D1,591,0,312,0,0
B2_D1,663,0,205,0,0
B6_D1,693,0,213,0,0
B4_D1,946,0,17,0,0
B6_D1,32,0,491,0,0
B6_D1,908,0,311,0,0
B10_D1,646,0,443,0,0
B10_D1,76,0,26,0,0
B10_D1,628,0,20,0,0
G1_D1,776,0,24,0,0
B10_D1,53,0,139,0,0
B8_D1,588,0,292,0,0
G1_D1,542,0,11,0,0
B10_D1,249,0,232,0,0
B6_D1,105,0,480,0,0
B6_D1,486,0,307,0,0
G1_D1,468,0,98,0,0
B6_D1,320,0,31,0,0
B10_D1,151,0,176,0,0
B8_D1,80,0,275,0,0
B4_D1,34,0,20,0,0
B2_D1,254,0,130,0,0
B6_D1,881,0,193,0,0
B2_D1,327,0,180,0,0
B6_D1,861,0,268,0,0
B6_D1,922,0,14,0,0
B6_D1,813,0,238,0,0
G1_D1,922,0,306,0,0
B2_D1,261,0,63,0,0
B10_D1,646,0,83,0,0
B6_D1,29,0,476,0,0
B6_D1,721,0,264,0,0
B10_D1,603,0,292,0,0
B6_D1,766,0,41,0,0
B6_D1,366,0,487,0,0
B6_D1,890,0,28,0,0
B6_D1,214,0,29,0,0
B6_D1,118,0,190,0,0
B6_D1,790,0,112,0,0
G1_D1,451,0,139,0,0
B4_D1,1020,0,98,0,0
G1_D1,1020,0,450,0,0
B6_D1,57,0,480,0,0
G1_D1,66,0,20,0,0
B4_D1,4,0,83,0,0
B6_D1,952,0,434,0,0
B10_D1,936,0,28,0,0
B10_D1,850,0,82,0,0
B6_D1,221,0,295,0,0
B6_D1,245,0,476,0,0
B2_D1,560,0,362,0,0
G1_D1,512,0,477,0,0
G1_D1,8,0,147,0,0
B8_D1,220,0,70,0,0
B6_D1,590,0,491,0,0
B10_D1,299,0,200,0,0
G1_D1,231,0,410,0,0
B6_D1,324,0,39,0,0
B6_D1,523,0,235,0,0
G1_D1,648,0,257,0,0
B2_D1,546,0,154,0,0
B4_D1,1013,0,159,0,0
B10_D1,521,0,152,0,0
B6_D1,588,0,320,0,0
B10_D1,677,0,53,0,0
B6_D1,1012,0,492,0,0
B6_D1,150,0,6,0,0
B10_D1,454,0,137,0,0
G1_D1,1004,0,99,0,0
G1_D1,1000,0,42,0,0
B10_D1,361,0,38,0,0
B6_D1,284,0,37,0,0
B10_D1,169,0,111,0,0
G1_D1,1022,0,225,0,0
B2_D1,548,0,482,0,0
B2_D1,775,0,53,0,0
B10_D1,648,0,156,0,0
B10_D1,290,0,202,0,0
B8_D1,615,0,228,0,0
B10_D1,1003,0,46,0,0
B4_D1,43,0,10,0,0
B6_D1,688,0,11,0,0
B10_D1,370,0,338,0,0
B6_D1,525,0,403,0,0
B10_D1,541,0,21,0,0
G1_D1,14,0,258,0,0
B10_D1,251,0,63,0,0
B10_D1,45,0,403,0,0
G1_D1,651,0,359,0,0
B10_D1,247,0,305,0,0
G1_D1,873,0,270,0,0
B10_D1,342,0,271,0,0
B6_D1,554,0,393,0,0
B6_D1,480,0,166,0,0
B8_D1,226,0,190,0,0
B4_D1,911,0,220,0,0
B4_D1,966,0,124,0,0
B6_D1,140,0,205,0,0
G1_D1,225,0,36,0,0
B6_D1,909,0,421,0,0
B10_D1,375,0,279,0,0
G1_D1,554,0,140,0,0
B6_D1,780,0,484,0,0
B4_D1,821,0,61,0,0
B10_D1,708,0,112,0,0
B6_D1,685,0,113,0,0
B4_D1,936,0,103,0,0
B10_D1,661,0,65,0,0
B10_D1,55,0,150,0,0
B6_D1,135,0,193,0,0
G1_D1,633,0,52,0,0
B6_D1,199,0,362,0,0
G1_D1,255,0,66,0,0
B6_D1,464,0,48,0,0
B10_D1,109,0,110,0,0
B6_D1,22,0,285,0,0
B6_D1,274,0,2,0,0
G1_D1,1000,0,198,0,0
B10_D1,435,0,234,0,0
B6_D1,380,0,13,0,0
B4_D1,305,0,217,0,0
B6_D1,710,0,281,0,0
B4_D1,685,0,187,0,0
B6_D1,808,0,212,0,0
G1_D1,776,0,385,0,0
G1_D1,296,0,131,0,0
B10_D1,1008,0,338,0,0
G1_D1,414,0,121,0,0
B6_D1,802,0,303,0,0
B6_D1,594,0,39,0,0
B10_D1,380,0,13,0,0
B6_D1,162,0,89,0,0
B10_D1,320,0,76,0,0
B6_D1,216,0,493,0,0
B6_D1,784,0,483,0,0
G1_D1,177,0,10,0,0
B6_D1,789,0,63,0,0
B6_D1,998,0,390,0,0
B6_D1,293,0,114,0,0
B2_D1,655,0,360,0,0
B6_D1,826,0,365,0,0
G1_D1,512,0,482,0,0
B6_D1,820,0,14,0,0
B10_D1,350,0,240,0,0
B10_D1,2,0,177,0,0
B6_D1,742,0,29,0,0
B6_D1,748,0,246,0,0
B10_D1,464,0,465,0,0
B2_D1,0,0,181,0,0
B6_D1,538,0,198,0,0
B4_D1,924,0,110,0,0
B6_D1,185,0,283,0,0
B6_D1,152,0,46,0,0
G1_D1,613,0,279,0,0
G1_D1,685,0,107,0,0
B6_D1,407,0,165,0,0
B10_D1,965,0,39,0,0
B10_D1,641,0,199,0,0
B10_D1,532,0,122,0,0
B2_D1,817,0,46,0,0
B4_D1,130,0,65,0,0
G1_D1,31,0,108,0,0
G1_D1,38,0,34,0,0
B10_D1,797,0,2,0,0
B6_D1,864,0,150,0,0
B10_D1,165,0,151,0,0
B6_D1,980,0,494,0,0
G1_D1,865,0,16,0,0
B6_D1,863,0,386,0,0
G1_D1,899,0,438,0,0
G1_D1,719,0,275,0,0
B10_D1,147,0,240,0,0
B10_D1,204,0,238,0,0
G1_D1,193,0,342,0,0
B6_D1,818,0,7,0,0
B10_D1,800,0,89,0,0
B6_D1,710,0,4,0,0
G1_D1,686,0,5,0,0
B10_D1,467,0,127,0,0
G1_D1,46,0,25,0,0
B6_D1,820,0,38,0,0
G1_D1,77,0,46,0,0
B10_D1,240,0,298,0,0
B6_D1,502,0,478,0,0
B10_D1,918,0,26,0,0
B6_D1,885,0,444,0,0
B6_D1,746,0,292,0,0
B10_D1,78,0,92,0,0
B6_D1,418,0,486,0,0
B10_D1,871,0,16,0,0
B6_D1,135,0,213,0,0
B6_D1,710,0,37,0,0
B6_D1,319,0,293,0,0
G1_D1,993,0,123,0,0
B6_D1,400,0,17,0,0
G1_D1,765,0,20,0,0
G1_D1,235,0,40,0,0
B10_D1,223,0,3,0,0
B6_D1,609,0,316,0,0
G1_D1,1017,0,51,0,0
B10_D1,796,0,215,0,0
G1_D1,842,0,220,0,0
B6_D1,146,0,99,0,0
B10_D1,19,0,167,0,0
B10_D1,306,0,177,0,0
B4_D1,652,0,238,0,0
B6_D1,402,0,421,0,0
B10_D1,1016,0,464,0,0
G1_D1,249,0,42,0,0
B2_D1,176,0,477,0,0
G1_D1,82,0,355,0,0
B6_D1,94,0,32,0,0
B2_D1,872,0,41,0,0
B4_D1,46,0,291,0,0
B6_D1,0,0,18,0,0
B6_D1,379,0,59,0,0
G1_D1,94,0,511,0,0
B6_D1,300,0,3,0,0
B6_D1,592,0,284,0,0
B6_D1,913,0,318,0,0
B6_D1,793,0,259,0,0
B10_D1,9,0,238,0,0
G1_D1,1005,0,243,0,0
B10_D1,402,0,233,0,0
G1_D1,990,0,32,0,0
B10_D1,121,0,176,0,0
G1_D1,788,0,308,0,0
B10_D1,420,0,497,0,0
B10_D1,293,0,10,0,0
B2_D1,327,0,492,0,0
B6_D1,535,0,303,0,0
B10_D1,190,0,284,0,0
G1_D1,922,0,247,0,0
B6_D1,46,0,191,0,0
B6_D1,3,0,473,0,0
B10_D1,923,0,329,0,0
G1_D1,275,0,180,0,0
B6_D1,637,0,368,0,0
B6_D1,88,0,17,0,0
B6_D1,764,0,305,0,0
B6_D1,400,0,35,0,0
B10_D1,40,0,81,0,0
G1_D1,269,0,491,0,0
B6_D1,19,0,128,0,0
B8_D1,10,0,271,0,0
B6_D1,1006,0,11,0,0
G1_D1,846,0,22,0,0
B10_D1,882,0,235,0,0
B6_D1,207,0,451,0,0
B10_D1,225,0,338,0,0
B6_D1,786,0,164,0,0
B10_D1,309,0,402,0,0
B6_D1,802,0,23,0,0
G1_D1,940,0,32,0,0
B6_D1,286,0,146,0,0
B6_D1,568,0,463,0,0
B10_D1,489,0,59,0,0
B8_D1,761,0,313,0,0
B6_D1,405,0,116,0,0
B10_D1,444,0,164,0,0
B8_D1,107,0,97,0,0
B6_D1,136,0,140,0,0
G1_D1,175,0,6,0,0
B10_D1,633,0,413,0,0
B10_D1,671,0,108,0,0
B6_D1,532,0,293,0,0
B4_D1,694,0,508,0,0
B4_D1,687,0,191,0,0
B10_D1,0,0,279,0,0
G1_D1,630,0,277,0,0
B10_D1,578,0,259,0,0
B6_D1,990,0,487,0,0
B10_D1,315,0,8,0,0
B4_D1,424,0,402,0,0
B6_D1,624,0,45,0,0
B10_D1,911,0,322,0,0
B6_D1,172,0,59,0,0
B2_D1,1,0,1,0,0
B6_D1,823,0,188,0,0
B6_D1,422,0,1,0,0
B10_D1,125,0,105,0,0
B10_D1,874,0,78,0,0
G1_D1,561,0,104,0,0
B6_D1,808,0,49,0,0
G1_D1,563,0,123,0,0
B10_D1,415,0,277,0,0
B6_D1,402,0,508,0,0
B10_D1,601,0,214,0,0
B10_D1,601,0,136,0,0
B10_D1,278,0,348,0,0
B6_D1,145,0,293,0,0
B10_D1,411,0,260,0,0
B6_D1,831,0,62,0,0
B6_D1,256,0,5,0,0
G1_D1,15,0,213,0,0
B6_D1,976,0,130,0,0
B4_D1,38,0,17,0,0
B6_D1,696,0,18,0,0
B6_D1,325,0,209,0,0
B10_D1,897,0,238,0,0
B10_D1,293,0,63,0,0
B4_D1,128,0,206,0,0
B10_D1,699,0,307,0,0
B10_D1,408,0,150,0,0
B6_D1,582,0,21,0,0
G1_D1,509,0,66,0,0
B2_D1,718,0,46,0,0
B10_D1,632,0,211,0,0
B10_D1,627,0,126,0,0
B10_D1,70,0,6,0,0
B6_D1,448,0,504,0,0
G1_D1,808,0,424,0,0
B6_D1,172,0,510,0,0
B6_D1,418,0,114,0,0
G1_D1,571,0,246,0,0
G1_D1,254,0,285,0,0
B10_D1,992,0,51,0,0
B4_D1,63,0,297,0,0
B10_D1,886,0,21,0,0
G1_D1,425,0,92,0,0
B2_D1,884,0,0,0,0
B10_D1,810,0,449,0,0
B10_D1,887,0,475,0,0
B6_D1,87,0,432,0,0
B6_D1,615,0,418,0,0
G1_D1,1011,0,285,0,0
B10_D1,4,0,259,0,0
B10_D1,36,0,54,0,0
B10_D1,383,0,289,0,0
B10_D1,594,0,201,0,0
B4_D1,4,0,111,0,0
B4_D1,47,0,160,0,0
B10_D1,114,0,220,0,0
B2_D1,672,0,172,0,0
B4_D1,768,0,40,0,0
B6_D1,458,0,500,0,0
B6_D1,787,0,351,0,0
B10_D1,595,0,231,0,0
B6_D1,160,0,69,0,0
B6_D1,498,0,387,0,0
B10_D1,40,0,85,0,0
B2_D1,403,0,478,0,0
B10_D1,152,0,276,0,0
G1_D1,350,0,181,0,0
B10_D1,331,0,236,0,0
B10_D1,407,0,131,0,0
B4_D1,720,0,59,0,0
B6_D1,672,0,502,0,0
G1_D1,748,0,241,0,0
B10_D1,136,0,279,0,0
G1_D1,1013,0,85,0,0
B6_D1,132,0,109,0,0
B10_D1,1004,0,254,0,0
B10_D1,992,0,326,0,0
B2_D1,911,0,510,0,0
B6_D1,134,0,192,0,0
B2_D1,700,0,31,0,0
B6_D1,481,0,352,0,0
B4_D1,144,0,93,0,0
G1_D1,380,0,40,0,0
B6_D1,418,0,460,0,0
B6_D1,368,0,1,0,0
B6_D1,482,0,28,0,0
B6_D1,287,0,141,0,0
G1_D1,479,0,15,0,0
B4_D1,29,0,262,0,0
B6_D1,984,0,223,0,0
G1_D1,22,0,158,0,0
B10_D1,503,0,279,0,0
B6_D1,640,0,470,0,0
B6_D1,761,0,184,0,0
B6_D1,128,0,458,0,0
B2_D1,711,0,62,0,0
B4_D1,37,0,18,0,0
B6_D1,630,0,166,0,0
B10_D1,190,0,67,0,0
G1_D1,1014,0,177,0,0
B6_D1,678,0,163,0,0
B10_D1,542,0,221,0,0
B6_D1,580,0,11,0,0
B6_D1,710,0,10,0,0
B10_D1,441,0,1,0,0
B10_D1,672,0,415,0,0
B10_D1,427,0,397,0,0
B10_D1,255,0,59,0,0
B4_D1,8,0,323,0,0
G1_D1,912,0,302,0,0
B6_D1,20,0,411,0,0
G1_D1,914,0,36,0,0
G1_D1,78,0,20,0,0
G1_D1,805,0,338,0,0
B4_D1,587,0,299,0,0
B10_D1,631,0,21,0,0
B10_D1,369,0,490,0,0
B4_D1,267,0,206,0,0
B2_D1,934,0,154,0,0
B6_D1,926,0,126,0,0
G1_D1,27,0,150,0,0
B6_D1,430,0,243,0,0
B10_D1,941,0,356,0,0
B10_D1,296,0,137,0,0
B6_D1,886,0,23,0,0
B6_D1,426,0,493,0,0
B10_D1,6,0,44,0,0
B6_D1,657,0,379,0,0
B6_D1,212,0,19,0,0
G1_D1,627,0,90,0,0
G1_D1,69,0,146,0,0
B10_D1,646,0,44,0,0
B6_D1,916,0,401,0,0
B6_D1,732,0,505,0,0
G1_D1,884,0,464,0,0
B10_D1,454,0,340,0,0
B10_D1,151,0,438,0,0
B10_D1,938,0,64,0,0
B10_D1,342,0,23,0,0
B4_D1,1020,0,52,0,0
G1_D1,1016,0,334,0,0
B6_D1,197,0,343,0,0
G1_D1,995,0,137,0,0
B6_D1,936,0,437,0,0
B10_D1,185,0,198,0,0
G1_D1,259,0,16,0,0
B8_D1,204,0,347,0,0
B6_D1,828,0,86,0,0
B10_D1,403,0,249,0,0
G1_D1,179,0,166,0,0
B6_D1,28,0,266,0,0
G1_D1,871,0,97,0,0
G1_D1,489,0,311,0,0
B10_D1,816,0,105,0,0
G1_D1,347,0,97,0,0
B2_D1,437,0,484,0,0
B10_D1,923,0,79,0,0
B10_D1,133,0,182,0,0
B6_D1,57,0,449,0,0
B10_D1,69,0,454,0,0
B10_D1,25,0,201,0,0
G1_D1,87,0,462,0,0
B6_D1,794,0,22,0,0
B6_D1,749,0,463,0,0
B6_D1,382,0,504,0,0
B6_D1,519,0,131,0,0
B10_D1,341,0,112,0,0
G1_D1,21,0,17,0,0
B2_D1,805,0,0,0,0
G1_D1,353,0,479,0,0
G1_D1,868,0,301,0,0
B8_D1,701,0,231,0,0
G1_D1,320,0,180,0,0
B6_D1,246,0,434,0,0
B6_D1,256,0,478,0,0
B6_D1,402,0,45,0,0
B10_D1,768,0,425,0,0
B2_D1,828,0,60,0,0
B10_D1,366,0,260,0,0
B6_D1,736,0,202,0,0
B6_D1,570,0,24,0,0
G1_D1,229,0,76,0,0
B6_D1,887,0,89,0,0
B6_D1,384,0,3,0,0
B6_D1,699,0,284,0,0
B10_D1,59,0,21,0,0
G1_D1,761,0,263,0,0
B6_D1,38,0,407,0,0
G1_D1,679,0,34,0,0
B10_D1,679,0,7,0,0
B6_D1,1008,0,21,0,0
B6_D1,912,0,502,0,0
G1_D1,941,0,237,0,0
B6_D1,880,0,166,0,0
B10_D1,465,0,461,0,0
G1_D1,44,0,233,0,0
B6_D1,49,0,402,0,0
G1_D1,652,0,17,0,0
B6_D1,136,0,184,0,0
B2_D1,790,0,359,0,0
B10_D1,751,0,245,0,0
B6_D1,660,0,83,0,0
B2_D1,444,0,483,0,0
B6_D1,354,0,490,0,0
B6_D1,913,0,242,0,0
B6_D1,494,0,414,0,0
B6_D1,966,0,18,0,0
B10_D1,204,0,54,0,0
G1_D1,725,0,260,0,0
B6_D1,32,0,28,0,0
B6_D1,798,0,499,0,0
G1_D1,57,0,113,0,0
B4_D1,612,0,167,0,0
B6_D1,349,0,384,0,0
B6_D1,239,0,64,0,0
B4_D1,449,0,185,0,0
B6_D1,971,0,407,0,0
B6_D1,478,0,293,0,0
B6_D1,554,0,408,0,0
B10_D1,31,0,253,0,0
B6_D1,870,0,42,0,0
B6_D1,19,0,67,0,0
B10_D1,109,0,293,0,0
B2_D1,909,0,451,0,0
B6_D1,710,0,161,0,0
B6_D1,444,0,353,0,0
B6_D1,104,0,503,0,0
G1_D1,586,0,3,0,0
B10_D1,587,0,298,0,0
B10_D1,699,0,71,0,0
B6_D1,675,0,343,0,0
G1_D1,207,0,4,0,0
B6_D1,392,0,509,0,0
B6_D1,220,0,470,0,0
B6_D1,955,0,328,0,0
B6_D1,128,0,43,0,0
B6_D1,1002,0,49,0,0
G1_D1,272,0,11,0,0
B2_D1,380,0,159,0,0
B6_D1,136,0,492,0,0
G1_D1,437,0,78,0,0
G1_D1,1007,0,299,0,0
G1_D1,230,0,72,0,0
B6_D1,126,0,9,0,0
B10_D1,988,0,8,0,0
B6_D1,637,0,58,0,0
B6_D1,156,0,39,0,0
B10_D1,487,0,133,0,0
B6_D1,463,0,288,0,0
B6_D1,290,0,488,0,0
B8_D1,170,0,114,0,0
B6_D1,596,0,22,0,0
B10_D1,331,0,71,0,0
B2_D1,807,0,363,0,0
B6_D1,752,0,1,0,0
G1_D1,995,0,39,0,0
B10_D1,451,0,280,0,0
B4_D1,1022,0,244,0,0
B4_D1,866,0,106,0,0
B6_D1,560,0,31,0,0
B10_D1,622,0,285,0,0
B2_D1,231,0,300,0,0
B10_D1,171,0,169,0,0
B6_D1,446,0,99,0,0
B6_D1,962,0,302,0,0
G1_D1,20,0,334,0,0
B6_D1,233,0,300,0,0
B10_D1,912,0,138,0,0
B6_D1,827,0,329,0,0
B6_D1,460,0,380,0,0
B2_D1,596,0,469,0,0
B10_D1,727,0,272,0,0
B6_D1,974,0,46,0,0
B6_D1,60,0,493,0,0
B10_D1,725,0,270,0,0
G1_D1,699,0,45,0,0
G1_D1,969,0,215,0,0
B10_D1,9,0,186,0,0
B10_D1,298,0,306,0,0
B6_D1,514,0,411,0,0
B6_D1,214,0,150,0,0
G1_D1,901,0,12,0,0
B10_D1,23,0,187,0,0
B2_D1,689,0,177,0,0
B6_D1,246,0,54,0,0
B6_D1,562,0,504,0,0
B10_D1,279,0,317,0,0
B4_D1,686,0,309,0,0
G1_D1,28,0,262,0,0
B6_D1,935,0,397,0,0
G1_D1,413,0,228,0,0
B6_D1,723,0,332,0,0
B6_D1,701,0,198,0,0
B6_D1,830,0,349,0,0
B10_D1,263,0,259,0,0
B4_D1,442,0,236,0,0
B6_D1,938,0,1,0,0
B6_D1,172,0,407,0,0
B6_D1,51,0,229,0,0
B10_D1,325,0,146,0,0
B6_D1,592,0,5,0,0
B6_D1,1016,0,40,0,0
B10_D1,571,0,262,0,0
B10_D1,11,0,124,0,0
G1_D1,939,0,4,0,0
B6_D1,962,0,304,0,0
B4_D1,700,0,39,0,0
B6_D1,722,0,4,0,0
B10_D1,542,0,185,0,0
B4_D1,156,0,122,0,0
B10_D1,449,0,61,0,0
B6_D1,587,0,388,0,0
B4_D1,30,0,8,0,0
B10_D1,749,0,109,0,0
B10_D1,844,0,240,0,0
B6_D1,402,0,244,0,0
B6_D1,146,0,412,0,0
B6_D1,1,0,53,0,0
G1_D1,1023,0,204,0,0
G1_D1,1012,0,280,0,0
B6_D1,468,0,33,0,0
B6_D1,828,0,454,0,0
B10_D1,600,0,115,0,0
B4_D1,507,0,281,0,0
G1_D1,161,0,15,0,0
B4_D1,264,0,326,0,0
B10_D1,185,0,107,0,0
B4_D1,2,0,408,0,0
B10_D1,274,0,306,0,0
B10_D1,705,0,256,0,0
B10_D1,630,0,5,0,0
B10_D1,990,0,495,0,0
B6_D1,964,0,205,0,0
G1_D1,953,0,208,0,0
B10_D1,445,0,284,0,0
B10_D1,549,0,480,0,0
B6_D1,747,0,58,0,0
B10_D1,493,0,277,0,0
B10_D1,906,0,144,0,0
G1_D1,508,0,55,0,0
B10_D1,449,0,476,0,0
B6_D1,972,0,490,0,0
B6_D1,731,0,111,0,0
B10_D1,233,0,165,0,0
B6_D1,502,0,67,0,0
B6_D1,443,0,407,0,0
B10_D1,67,0,509,0,0
B6_D1,1004,0,22,0,0
B10_D1,395,0,314,0,0
B10_D1,501,0,496,0,0
B10_D1,495,0,248,0,0
B10_D1,621,0,120,0,0
B10_D1,568,0,106,0,0
B10_D1,76,0,121,0,0
B4_D1,90,0,161,0,0
B6_D1,641,0,186,0,0
B10_D1,135,0,46,0,0
B6_D1,798,0,0,0,0
B10_D1,689,0,60,0,0
G1_D1,322,0,25,0,0
B6_D1,262,0,35,0,0
B6_D1,178,0,510,0,0
B10_D1,99,0,299,0,0
G1_D1,335,0,289,0,0
B8_D1,322,0,309,0,0
B6_D1,578,0,315,0,0
B10_D1,550,0,19,0,0
B10_D1,257,0,265,0,0
B6_D1,129,0,154,0,0
B6_D1,393,0,227,0,0
B2_D1,710,0,224,0,0
B10_D1,431,0,276,0,0
B10_D1,556,0,291,0,0
B6_D1,731,0,155,0,0
B6_D1,766,0,318,0,0
B6_D1,267,0,457,0,0
B6_D1,734,0,34,0,0
B6_D1,1002,0,83,0,0
B2_D1,527,0,105,0,0
B6_D1,230,0,22,0,0
G1_D1,951,0,268,0,0
B10_D1,261,0,58,0,0
B6_D1,386,0,40,0,0
B10_D1,25,0,229,0,0
B8_D1,444,0,285,0,0
B10_D1,697,0,478,0,0
G1_D1,244,0,41,0,0
B10_D1,792,0,404,0,0
G1_D1,739,0,160,0,0
B6_D1,262,0,341,0,0
B6_D1,956,0,13,0,0
B10_D1,159,0,250,0,0
B10_D1,96,0,317,0,0
B6_D1,1000,0,507,0,0
B10_D1,984,0,63,0,0
B10_D1,468,0,297,0,0
B4_D1,382,0,390,0,0
B6_D1,879,0,240,0,0
B10_D1,664,0,109,0,0
B6_D1,848,0,109,0,0
B4_D1,938,0,20,0,0
G1_D1,300,0,40,0,0
G1_D1,555,0,139,0,0
B10_D1,824,0,211,0,0
G1_D1,375,0,21,0,0
B6_D1,248,0,19,0,0
B10_D1,674,0,445,0,0
G1_D1,996,0,139,0,0
B6_D1,448,0,492,0,0
B10_D1,340,0,194,0,0
G1_D1,1023,0,467,0,0
B6_D1,932,0,248,0,0
G1_D1,823,0,490,0,0
B10_D1,859,0,3,0,0
B10_D1,43,0,93,0,0
B10_D1,945,0,14,0,0
B6_D1,435,0,355,0,0
B10_D1,238,0,313,0,0
B6_D1,98,0,360,0,0
B6_D1,166,0,38,0,0
G1_D1,481,0,235,0,0
B6_D1,490,0,67,0,0
B6_D1,129,0,95,0,0
B6_D1,884,0,465,0,0
B10_D1,808,0,213,0,0
B6_D1,180,0,179,0,0
G1_D1,1009,0,82,0,0
G1_D1,352,0,274,0,0
B6_D1,28,0,5,0,0
B10_D1,322,0,89,0,0
B6_D1,236,0,301,0,0
B6_D1,585,0,51,0,0
B6_D1,765,0,61,0,0
B6_D1,410,0,485,0,0
B10_D1,140,0,116,0,0
B10_D1,689,0,160,0,0
B8_D1,220,0,75,0,0
B6_D1,0,0,45,0,0
B6_D1,590,0,391,0,0
B4_D1,639,0,179,0,0
B6_D1,234,0,27,0,0
B6_D1,77,0,447,0,0
B6_D1,440,0,99,0,0
G1_D1,14,0,34,0,0
B6_D1,542,0,129,0,0
G1_D1,1012,0,140,0,0
B10_D1,139,0,298,0,0
B10_D1,654,0,66,0,0
B10_D1,179,0,165,0,0
G1_D1,251,0,15,0,0
G1_D1,203,0,177,0,0
B6_D1,641,0,420,0,0
B4_D1,702,0,60,0,0
B6_D1,285,0,113,0,0
B4_D1,920,0,259,0,0
G1_D1,783,0,194,0,0
B10_D1,489,0,93,0,0
B6_D1,187,0,189,0,0
B10_D1,955,0,3,0,0
B10_D1,696,0,9,0,0
G1_D1,766,0,114,0,0
B10_D1,108,0,495,0,0
G1_D1,228,0,0,0,0
B10_D1,33,0,295,0,0
B6_D1,688,0,41,0,0
B2_D1,660,0,89,0,0
G1_D1,991,0,71,0,0
B4_D1,993,0,240,0,0
B4_D1,380,0,225,0,0
B6_D1,238,0,465,0,0
B10_D1,16,0,390,0,0
B10_D1,588,0,414,0,0
B10_D1,223,0,7,0,0
G1_D1,12,0,244,0,0
B6_D1,64,0,504,0,0
B6_D1,1000,0,2,0,0
B2_D1,1002,0,27,0,0
B4_D1,716,0,39,0,0
B6_D1,103,0,122,0,0
B6_D1,550,0,2,0,0
B10_D1,363,0,264,0,0
B6_D1,192,0,382,0,0
B10_D1,198,0,110,0,0
B6_D1,1000,0,431,0,0
B10_D1,207,0,72,0,0
B6_D1,10,0,501,0,0
B6_D1,383,0,349,0,0
B6_D1,932,0,305,0,0
G1_D1,450,0,0,0,0
B10_D1,781,0,333,0,0
B6_D1,950,0,31,0,0
B10_D1,749,0,159,0,0
G1_D1,767,0,2,0,0
G1_D1,631,0,177,0,0
G1_D1,179,0,498,0,0
G1_D1,799,0,216,0,0
B6_D1,1000,0,107,0,0
B4_D1,620,0,219,0,0
B10_D1,903,0,82,0,0
B10_D1,507,0,1,0,0
B4_D1,294,0,187,0,0
B4_D1,133,0,63,0,0
B10_D1,856,0,227,0,0
B10_D1,234,0,250,0,0
B6_D1,533,0,206,0,0
B10_D1,268,0,67,0,0
B6_D1,953,0,305,0,0
B2_D1,780,0,511,0,0
B6_D1,868,0,35,0,0
B10_D1,685,0,261,0,0
B6_D1,917,0,317,0,0
B6_D1,176,0,4,0,0
B2_D1,993,0,213,0,0
G1_D1,383,0,70,0,0
B6_D1,665,0,66,0,0
B10_D1,373,0,189,0,0
B10_D1,736,0,95,0,0
B6_D1,685,0,451,0,0
B10_D1,629,0,284,0,0
B2_D1,233,0,509,0,0
B10_D1,655,0,380,0,0
B6_D1,783,0,66,0,0
B6_D1,823,0,101,0,0
B10_D1,153,0,59,0,0
B6_D1,707,0,470,0,0
B4_D1,482,0,284,0,0
G1_D1,533,0,111,0,0
B10_D1,11,0,252,0,0
G1_D1,258,0,99,0,0
B6_D1,44,0,81,0,0
B8_D1,283,0,322,0,0
B6_D1,4,0,41,0,0
B4_D1,1019,0,88,0,0
B10_D1,951,0,16,0,0
G1_D1,1018,0,77,0,0
B6_D1,632,0,427,0,0
B10_D1,594,0,76,0,0
B10_D1,73,0,291,0,0
B6_D1,221,0,74,0,0
G1_D1,45,0,140,0,0
B8_D1,773,0,313,0,0
B6_D1,4,0,29,0,0
B8_D1,1023,0,497,0,0
B6_D1,912,0,18,0,0
B10_D1,762,0,469,0,0
B6_D1,702,0,39,0,0
B10_D1,255,0,73,0,0
B6_D1,248,0,506,0,0
B6_D1,7,0,264,0,0
G1_D1,369,0,139,0,0
B8_D1,757,0,241,0,0
B10_D1,966,0,66,0,0
G1_D1,19,0,335,0,0
B10_D1,558,0,66,0,0
B6_D1,744,0,408,0,0
B10_D1,873,0,259,0,0
B6_D1,792,0,440,0,0
B8_D1,361,0,188,0,0
B4_D1,643,0,135,0,0
B6_D1,181,0,196,0,0
B6_D1,753,0,192,0,0
B10_D1,612,0,39,0,0
B10_D1,41,0,154,0,0
B10_D1,201,0,41,0,0
B10_D1,341,0,485,0,0
B4_D1,2,0,323,0,0
B10_D1,78,0,161,0,0
B2_D1,1023,0,305,0,0
B10_D1,386,0,98,0,0
B10_D1,44,0,53,0,0
G1_D1,609,0,234,0,0
G1_D1,909,0,10,0,0
B10_D1,332,0,35,0,0
B6_D1,207,0,134,0,0
B6_D1,228,0,499,0,0
B6_D1,167,0,216,0,0
G1_D1,40,0,168,0,0
B2_D1,557,0,28,0,0
G1_D1,990,0,154,0,0
G1_D1,185,0,15,0,0
G1_D1,801,0,10,0,0
B6_D1,1021,0,232,0,0
B2_D1,42,0,51,0,0
B2_D1,511,0,218,0,0
B2_D1,488,0,482,0,0
B6_D1,420,0,15,0,0
B2_D1,771,0,196,0,0
B6_D1,830,0,4,0,0
B6_D1,689,0,304,0,0
B10_D1,410,0,486,0,0
G1_D1,486,0,13,0,0
B6_D1,452,0,482,0,0
B10_D1,226,0,359,0,0
B10_D1,45,0,42,0,0
B10_D1,868,0,200,0,0
B10_D1,242,0,216,0,0
B10_D1,404,0,503,0,0
B10_D1,545,0,266,0,0
G1_D1,342,0,186,0,0
G1_D1,189,0,495,0,0
B6_D1,1019,0,298,0,0
B6_D1,504,0,451,0,1
B4_D1,321,0,158,0,0
B6_D1,563,0,50,0,0
B6_D1,106,0,420,0,0
B6_D1,660,0,0,0,0
B10_D1,352,0,313,0,0
G1_D1,471,0,88,0,0
G1_D1,233,0,193,0,0
G1_D1,8,0,138,0,0
B6_D1,458,0,34,0,0
G1_D1,321,0,77,0,0
B6_D1,69,0,449,0,0
B10_D1,872,0,506,0,0
B6_D1,442,0,47,0,0
B4_D1,298,0,46,0,0
B6_D1,38,0,56,0,0
B6_D1,556,0,327,0,0
B10_D1,698,0,188,0,0
G1_D1,268,0,166,0,0
B6_D1,806,0,297,0,0
B4_D1,944,0,249,0,0
B6_D1,218,0,370,0,0
B6_D1,908,0,197,0,0
B6_D1,334,0,20,0,0
B6_D1,943,0,297,0,0
B4_D1,803,0,57,0,0
B6_D1,488,0,354,0,0
G1_D1,394,0,294,0,0
B10_D1,940,0,370,0,0
B6_D1,518,0,10,0,0
G1_D1,69,0,456,0,0
B2_D1,239,0,509,0,0
B10_D1,578,0,326,0,0
B6_D1,575,0,311,0,0
B6_D1,250,0,387,0,0
B10_D1,912,0,32,0,0
B2_D1,271,0,129,0,0
G1_D1,349,0,52,0,0
G1_D1,362,0,273,0,0
B6_D1,809,0,252,0,0
B2_D1,319,0,292,0,0
B10_D1,472,0,474,0,0
B6_D1,1022,0,53,0,0
G1_D1,240,0,270,0,0
B4_D1,252,0,270,0,0
B6_D1,801,0,64,0,0
G1_D1,44,0,34,0,0
B10_D1,625,0,473,0,0
B6_D1,620,0,116,0,0
B10_D1,880,0,54,0,0
B10_D1,232,0,62,0,0
G1_D1,834,0,45,0,0
G1_D1,169,0,228,0,0
B10_D1,68,0,97,0,0
B6_D1,816,0,292,0,0
B4_D1,649,0,273,0,0
G1_D1,53,0,204,0,0
G1_D1,913,0,313,0,0
B10_D1,449,0,111,0,0
B4_D1,902,0,253,0,0
B6_D1,637,0,306,0,0
B2_D1,677,0,510,0,0
G1_D1,287,0,413,0,0
B6_D1,568,0,403,0,0
B6_D1,690,0,408,0,0
B2_D1,659,0,439,0,0
B2_D1,380,0,35,0,0
B6_D1,208,0,111,0,0
B10_D1,353,0,272,0,0
B10_D1,399,0,132,0,0
B6_D1,928,0,504,0,0
B10_D1,751,0,313,0,0
B6_D1,381,0,67,0,0
B10_D1,607,0,344,0,0
B6_D1,70,0,213,0,0
B10_D1,83,0,511,0,0
G1_D1,37,0,80,0,0
B10_D1,64,0,157,0,0
B2_D1,232,0,59,0,0
G1_D1,377,0,2,0,0
B6_D1,960,0,152,0,0
G1_D1,241,0,297,0,0
B4_D1,988,0,118,0,0
B10_D1,187,0,170,0,0
B6_D1,841,0,266,0,0
G1_D1,731,0,471,0,0
G1_D1,294,0,60,0,0
B10_D1,334,0,116,0,0
B10_D1,351,0,509,0,0
B6_D1,791,0,294,0,0
B10_D1,330,0,186,0,0
B6_D1,813,0,92,0,0
B6_D1,230,0,168,0,0
B10_D1,133,0,93,0,0
B10_D1,804,0,308,0,0
B4_D1,397,0,399,0,0
B6_D1,476,0,19,0,0
G1_D1,919,0,16,0,0
B10_D1,592,0,285,0,0
B10_D1,344,0,9,0,0
B6_D1,532,0,179,0,0
G1_D1,39,0,171,0,0
G1_D1,80,0,28,0,0
G1_D1,557,0,123,0,0
B6_D1,408,0,263,0,0
B10_D1,389,0,176,0,0
B10_D1,183,0,506,0,0
B10_D1,615,0,2,0,0
G1_D1,1006,0,275,0,0
G1_D1,828,0,0,0,0
G1_D1,1021,0,19,0,0
G1_D1,65,0,444,0,0
B6_D1,750,0,110,0,0
B6_D1,998,0,497,0,0
G1_D1,328,0,39,0,0
G1_D1,1005,0,73,0,0
B10_D1,231,0,232,0,0
B6_D1,488,0,22,0,0
B10_D1,469,0,504,0,0
B10_D1,59,0,312,0,0
B6_D1,742,0,23,0,0
B10_D1,141,0,115,0,0
B10_D1,573,0,8,0,0
B6_D1,282,0,496,0,0
B2_D1,1022,0,500,0,0
G1_D1,174,0,20,0,0
B10_D1,419,0,285,0,0
G1_D1,915,0,48,0,0
B6_D1,491,0,283,0,0
G1_D1,929,0,456,0,0
B10_D1,237,0,338,0,0
B6_D1,55,0,111,0,0
B6_D1,136,0,292,0,0
G1_D1,195,0,171,0,0
B6_D1,6,0,487,0,0
B4_D1,157,0,162,0,0
B4_D1,595,0,58,0,0
G1_D1,355,0,120,0,0
B10_D1,173,0,10,0,0
B10_D1,185,0,76,0,0
G1_D1,12,0,61,0,0
B10_D1,494,0,231,0,0
B10_D1,862,0,13,0,0
B6_D1,116,0,19,0,0
B6_D1,665,0,181,0,0
B10_D1,287,0,50,0,0
B10_D1,953,0,261,0,0
B8_D1,887,0,235,0,0
B10_D1,697,0,20,0,0
B10_D1,872,0,289,0,0
B8_D1,627,0,224,0,0
B10_D1,805,0,3,0,0
B2_D1,932,0,95,0,0
B6_D1,404,0,277,0,0
B2_D1,981,0,118,0,0
B10_D1,771,0,410,0,0
B10_D1,373,0,169,0,0
B6_D1,273,0,374,0,0
G1_D1,751,0,81,0,0
B6_D1,788,0,1,0,0
B6_D1,104,0,425,0,0
B4_D1,455,0,240,0,0
B6_D1,47,0,87,0,0
B6_D1,266,0,482,0,0
G1_D1,11,0,60,0,0
B4_D1,148,0,169,0,0
B10_D1,253,0,169,0,0
G1_D1,373,0,279,0,0
B6_D1,446,0,31,0,0
B6_D1,974,0,43,0,0
B6_D1,779,0,104,0,0
B6_D1,124,0,108,0,0
B6_D1,540,0,264,0,0
B4_D1,645,0,110,0,0
G1_D1,815,0,162,0,0
B10_D1,25,0,99,0,0
B6_D1,47,0,116,0,0
B2_D1,813,0,11,0,0
B4_D1,72,0,0,0,0
B10_D1,885,0,301,0,0
B10_D1,799,0,99,0,0
G1_D1,443,0,243,0,0
B2_D1,190,0,147,0,0
G1_D1,75,0,170,0,0
B4_D1,455,0,185,0,0
B10_D1,893,0,4,0,0
B6_D1,514,0,35,0,0
B10_D1,463,0,217,0,0
B10_D1,96,0,95,0,0
B10_D1,149,0,267,0,0
B10_D1,445,0,490,0,0
B2_D1,315,0,390,0,0
G1_D1,209,0,45,0,0
B2_D1,715,0,360,0,0
B2_D1,692,0,85,0,0
B4_D1,302,0,184,0,0
B6_D1,32,0,40,0,0
B6_D1,144,0,15,0,0
G1_D1,18,0,123,0,0
G1_D1,217,0,52,0,0
B6_D1,288,0,487,0,0
G1_D1,202,0,511,0,0
B6_D1,87,0,144,0,0
G1_D1,31,0,24,0,0
B10_D1,7,0,204,0,0
B10_D1,948,0,39,0,0
B8_D1,185,0,344,0,0
B4_D1,1020,0,234,0,0
B6_D1,244,0,5,0,0
G1_D1,403,0,140,0,0
B6_D1,425,0,221,0,0
B6_D1,876,0,154,0,0
B6_D1,550,0,460,0,0
B8_D1,275,0,185,0,0
G1_D1,537,0,10,0,0
B6_D1,214,0,498,0,0
B6_D1,837,0,336,0,0
G1_D1,653,0,2,0,0
B10_D1,449,0,274,0,0
B8_D1,633,0,225,0,0
B6_D1,606,0,36,0,0
B10_D1,712,0,36,0,0
B10_D1,961,0,64,0,0
B10_D1,27,0,152,0,0
B6_D1,758,0,105,0,0
B6_D1,618,0,3,0,0
B6_D1,850,0,14,0,0
B10_D1,666,0,90,0,0
B10_D1,458,0,9,0,0
B2_D1,583,0,26,0,0
G1_D1,49,0,19,0,0
B10_D1,310,0,220,0,0
B4_D1,128,0,95,0,0
G1_D1,837,0,10,0,0
B10_D1,702,0,196,0,0
B6_D1,302,0,497,0,0
B10_D1,496,0,73,0,0
B4_D1,863,0,101,0,0
B6_D1,630,0,446,0,0
B6_D1,974,0,488,0,0
B10_D1,523,0,281,0,0
G1_D1,85,0,87,0,0
G1_D1,1004,0,68,0,0
B4_D1,30,0,136,0,0
B4_D1,249,0,271,0,0
B6_D1,299,0,265,0,0
G1_D1,115,0,448,0,0
B6_D1,759,0,231,0,0
B6_D1,858,0,68,0,0
B6_D1,858,0,490,0,0
G1_D1,850,0,391,0,0
B10_D1,18,0,324,0,0
B10_D1,718,0,162,0,0
B2_D1,347,0,160,0,0
B6_D1,609,0,115,0,0
B6_D1,326,0,488,0,0
B10_D1,235,0,80,0,0
G1_D1,651,0,300,0,0
B6_D1,749,0,164,0,0
B10_D1,628,0,22,0,0
B6_D1,869,0,312,0,0
B10_D1,296,0,310,0,0
B10_D1,193,0,49,0,0
B10_D1,834,0,405,0,0
B6_D1,312,0,130,0,0
B6_D1,350,0,372,0,0
B2_D1,523,0,158,0,0
B10_D1,482,0,10,0,0
B10_D1,685,0,483,0,0
B10_D1,151,0,91,0,0
B10_D1,719,0,141,0,0
B6_D1,512,0,344,0,0
B6_D1,180,0,0,0,0
B10_D1,376,0,141,0,0
B4_D1,29,0,16,0,0
B10_D1,15,0,132,0,0
B6_D1,774,0,292,0,0
B10_D1,512,0,252,0,0
B6_D1,222,0,452,0,0
B10_D1,105,0,327,0,0
B6_D1,940,0,495,0,0
B6_D1,716,0,96,0,0
B6_D1,184,0,510,0,0
B10_D1,389,0,476,0,0
B6_D1,160,0,32,0,0
B6_D1,688,0,17,0,0
G1_D1,414,0,22,0,0
B10_D1,337,0,416,0,0
B8_D1,385,0,284,0,0
B4_D1,283,0,27,0,0
B6_D1,682,0,474,0,0
B6_D1,36,0,209,0,0
G1_D1,964,0,295,0,0
B10_D1,206,0,292,0,0
B10_D1,605,0,286,0,0
B6_D1,996,0,435,0,0
B10_D1,439,0,17,0,0
B6_D1,339,0,213,0,0
B10_D1,937,0,108,0,0
B4_D1,522,0,283,0,0
B2_D1,657,0,474,0,0
B4_D1,171,0,127,0,0
B10_D1,389,0,123,0,0
B6_D1,524,0,391,0,0
B10_D1,1009,0,17,0,0
B6_D1,294,0,15,0,0
B10_D1,207,0,56,0,0
B10_D1,830,0,91,0,0
G1_D1,100,0,101,0,0
B4_D1,574,0,244,0,0
G1_D1,136,0,286,0,0
B2_D1,767,0,492,0,0
B10_D1,986,0,493,0,0
G1_D1,228,0,74,0,0
B6_D1,335,0,50,0,0
B6_D1,168,0,366,0,0
G1_D1,969,0,309,0,0
B10_D1,147,0,329,0,0
G1_D1,138,0,50,0,0
G1_D1,321,0,96,0,0
B4_D1,138,0,281,0,0
B10_D1,683,0,276,0,0
G1_D1,939,0,10,0,0
B10_D1,126,0,54,0,0
B10_D1,410,0,61,0,0
B10_D1,33,0,278,0,0
B6_D1,500,0,500,0,0
B6_D1,792,0,484,0,0
B6_D1,844,0,47,0,0
B2_D1,147,0,454,0,0
B10_D1,428,0,503,0,0
G1_D1,476,0,74,0,0
B10_D1,48,0,130,0,0
B10_D1,116,0,185,0,0
B6_D1,450,0,52,0,0
G1_D1,1000,0,125,0,0
B6_D1,248,0,488,0,0
G1_D1,1010,0,1,0,0
B10_D1,690,0,278,0,0
B6_D1,978,0,0,0,0
B6_D1,932,0,10,0,0
B10_D1,885,0,399,0,0
G1_D1,932,0,55,0,0
G1_D1,703,0,462,0,0
B6_D1,549,0,400,0,0
B6_D1,528,0,234,0,0
B6_D1,670,0,370,0,0
B6_D1,557,0,435,0,0
B6_D1,320,0,168,0,0
G1_D1,575,0,14,0,0
G1_D1,1006,0,93,0,0
B10_D1,707,0,273,0,0
B10_D1,593,0,282,0,0
B10_D1,540,0,17,0,0
B6_D1,786,0,496,0,0
B2_D1,497,0,125,0,0
B10_D1,1021,0,113,0,0
B6_D1,614,0,19,0,0
G1_D1,745,0,161,0,0
B4_D1,477,0,130,0,0
B4_D1,923,0,118,0,0
B10_D1,397,0,247,0,0
B6_D1,911,0,288,0,0
B2_D1,236,0,481,0,0
B10_D1,218,0,70,0,0
B4_D1,254,0,266,0,0
G1_D1,227,0,60,0,0
B4_D1,23,0,16,0,0
B6_D1,548,0,389,0,0
B10_D1,606,0,213,0,0
G1_D1,124,0,200,0,0
B2_D1,333,0,52,0,0
B10_D1,373,0,255,0,0
B10_D1,964,0,241,0,0
B10_D1,874,0,93,0,0
B10_D1,510,0,331,0,0
B10_D1,983,0,102,0,0
B10_D1,744,0,402,0,0
B6_D1,259,0,115,0,0
B6_D1,260,0,185,0,0
G1_D1,31,0,267,0,0
B10_D1,909,0,303,0,0
B4_D1,4,0,373,0,0
G1_D1,602,0,236,0,0
B8_D1,3,0,230,0,0
B2_D1,770,0,43,0,0
B6_D1,262,0,49,0,0
B6_D1,905,0,307,0,0
B6_D1,218,0,488,0,0
B4_D1,26,0,38,0,0
B10_D1,438,0,125,0,0
B10_D1,365,0,45,0,0
B2_D1,714,0,511,0,0
G1_D1,302,0,158,0,0
B10_D1,208,0,192,0,0
B6_D1,820,0,331,0,0
B10_D1,857,0,234,0,0
B10_D1,489,0,300,0,0
B10_D1,631,0,205,0,0
B6_D1,604,0,26,0,0
B10_D1,646,0,51,0,0
B10_D1,4,0,61,0,0
B10_D1,608,0,78,0,0
B10_D1,854,0,289,0,0
B10_D1,348,0,412,0,0
G1_D1,354,0,198,0,0
B10_D1,815,0,123,0,0
G1_D1,10,0,511,0,0
B6_D1,492,0,385,0,0
B6_D1,172,0,309,0,0
G1_D1,44,0,390,0,0
G1_D1,306,0,20,0,0
B10_D1,502,0,409,0,0
B10_D1,243,0,317,0,0
G1_D1,616,0,188,0,0
B10_D1,232,0,117,0,0
B6_D1,962,0,482,0,0
B6_D1,332,0,230,0,0
G1_D1,660,0,13,0,0
B10_D1,1009,0,35,0,0
B6_D1,761,0,263,0,0
B4_D1,688,0,307,0,0
B10_D1,116,0,136,0,0
G1_D1,93,0,17,0,0
B6_D1,1020,0,443,0,0
B10_D1,461,0,127,0,0
B6_D1,992,0,497,0,0
B6_D1,108,0,433,0,0
B10_D1,710,0,115,0,0
B6_D1,546,0,3,0,0
B4_D1,1023,0,41,0,0
G1_D1,977,0,81,0,0
B10_D1,16,0,260,0,0
B10_D1,614,0,127,0,0
B10_D1,603,0,124,0,0
G1_D1,570,0,21,0,0
B6_D1,660,0,411,0,0
B10_D1,496,0,160,0,0
B4_D1,570,0,286,0,0
G1_D1,190,0,233,0,0
B6_D1,791,0,200,0,0
B10_D1,677,0,95,0,0
B10_D1,922,0,35,0,0
G1_D1,106,0,294,0,0
B6_D1,159,0,90,0,0
B2_D1,377,0,488,0,0
B10_D1,424,0,338,0,0
B2_D1,666,0,361,0,0
B10_D1,264,0,64,0,0
B10_D1,472,0,66,0,0
B6_D1,290,0,43,0,0
B10_D1,33,0,508,0,0
B6_D1,817,0,301,0,0
B10_D1,699,0,77,0,0
B6_D1,512,0,488,0,0
B4_D1,626,0,29,0,0
B6_D1,1023,0,381,0,0
B10_D1,359,0,339,0,0
G1_D1,794,0,494,0,0
B10_D1,61,0,174,0,0
B6_D1,908,0,265,0,0
B10_D1,696,0,396,0,0
B6_D1,1012,0,483,0,0
B6_D1,154,0,495,0,0
G1_D1,64,0,448,0,0
G1_D1,632,0,5,0,0
B10_D1,534,0,414,0,0
B6_D1,953,0,216,0,0
B10_D1,286,0,29,0,0
B6_D1,809,0,143,0,0
B6_D1,802,0,67,0,0
B6_D1,551,0,181,0,0
B6_D1,238,0,242,0,0
G1_D1,19,0,49,0,0
B10_D1,732,0,121,0,0
G1_D1,766,0,74,0,0
B6_D1,676,0,14,0,0
B6_D1,376,0,144,0,0
B6_D1,664,0,187,0,0
B8_D1,138,0,126,0,0
B6_D1,630,0,30,0,0
B10_D1,111,0,464,0,0
G1_D1,34,0,106,0,0
B10_D1,91,0,128,0,0
B10_D1,741,0,78,0,0
B4_D1,223,0,57,0,0
B10_D1,924,0,46,0,0
B2_D1,871,0,70,0,0
G1_D1,538,0,281,0,0
B10_D1,656,0,172,0,0
G1_D1,247,0,16,0,0
B4_D1,961,0,75,0,0
B6_D1,759,0,481,0,0
B10_D1,200,0,227,0,0
G1_D1,10,0,41,0,0
B6_D1,478,0,44,0,0
B10_D1,596,0,197,0,0
B6_D1,116,0,370,0,0
B6_D1,232,0,157,0,0
G1_D1,616,0,64,0,0
B10_D1,111,0,294,0,0
B6_D1,484,0,486,0,0
B10_D1,813,0,367,0,0
B6_D1,812,0,31,0,0
G1_D1,453,0,17,0,0
B10_D1,508,0,73,0,0
B10_D1,347,0,171,0,0
B6_D1,292,0,166,0,0
B2_D1,523,0,6,0,0
B10_D1,6,0,313,0,0
B6_D1,838,0,394,0,0
B10_D1,660,0,412,0,0
G1_D1,1018,0,196,0,0
G1_D1,799,0,116,0,0
B6_D1,354,0,42,0,0
G1_D1,620,0,111,0,0
G1_D1,101,0,2,0,0
B10_D1,832,0,211,0,0
B6_D1,170,0,19,0,0
G1_D1,227,0,15,0,0
B10_D1,674,0,510,0,0
G1_D1,123,0,10,0,0
G1_D1,609,0,20,0,0
B4_D1,3,0,60,0,0
B10_D1,575,0,88,0,0
B6_D1,392,0,10,0,0
B6_D1,50,0,199,0,0
G1_D1,890,0,1,0,0
B6_D1,570,0,45,0,0
G1_D1,921,0,46,0,0
B6_D1,431,0,50,0,0
B6_D1,163,0,129,0,0
B10_D1,4,0,362,0,0
B6_D1,730,0,8,0,0
B10_D1,383,0,408,0,0
G1_D1,471,0,4,0,0
B10_D1,976,0,79,0,0
B2_D1,504,0,466,0,0
G1_D1,456,0,150,0,0
B2_D1,137,0,509,0,0
G1_D1,55,0,207,0,0
B6_D1,263,0,479,0,0
B6_D1,791,0,250,0,0
B6_D1,224,0,488,0,0
B10_D1,935,0,340,0,0
B10_D1,159,0,277,0,0
B6_D1,7,0,283,0,0
G1_D1,43,0,498,0,0
B2_D1,247,0,482,0,0
G1_D1,681,0,172,0,0
B6_D1,293,0,141,0,0
B4_D1,304,0,214,0,0
G1_D1,864,0,233,0,0
B6_D1,206,0,506,0,0
B6_D1,205,0,71,0,0
B2_D1,273,0,41,0,0
B6_D1,425,0,379,0,0
B6_D1,356,0,43,0,0
B10_D1,196,0,36,0,0
B10_D1,663,0,254,0,0
B8_D1,138,0,69,0,0
G1_D1,46,0,137,0,0
G1_D1,64,0,41,0,0
G1_D1,63,0,307,0,0
B8_D1,673,0,249,0,0
B6_D1,377,0,250,0,0
B10_D1,326,0,134,0,0
B10_D1,788,0,275,0,0
G1_D1,709,0,468,0,0
B6_D1,746,0,289,0,0
B6_D1,956,0,37,0,0
B6_D1,225,0,423,0,0
B10_D1,670,0,443,0,0
B10_D1,659,0,490,0,0
B4_D1,202,0,28,0,0
B6_D1,284,0,342,0,0
G1_D1,931,0,6,0,0
B6_D1,90,0,27,0,0
B10_D1,442,0,457,0,0
B10_D1,180,0,137,0,0
B10_D1,871,0,28,0,0
G1_D1,714,0,34,0,0
B2_D1,728,0,80,0,0
B2_D1,200,0,483,0,0
B10_D1,569,0,10,0,0
B6_D1,36,0,462,0,0
B6_D1,398,0,37,0,0
G1_D1,54,0,114,0,0
B6_D1,246,0,446,0,0
B2_D1,570,0,455,0,0
G1_D1,945,0,386,0,0
B10_D1,267,0,184,0,0
B10_D1,869,0,65,0,0
G1_D1,229,0,179,0,0
B6_D1,203,0,103,0,0
G1_D1,85,0,63,0,0
B6_D1,284,0,151,0,0
B10_D1,185,0,165,0,0
B6_D1,1012,0,23,0,0
B6_D1,441,0,392,0,0
B6_D1,200,0,494,0,0
B10_D1,877,0,207,0,0
B10_D1,467,0,0,0,0
G1_D1,972,0,241,0,0
B10_D1,964,0,10,0,0
B10_D1,627,0,102,0,0
B10_D1,204,0,504,0,0
G1_D1,677,0,277,0,0
B6_D1,530,0,34,0,0
B6_D1,636,0,358,0,0
G1_D1,55,0,119,0,0
G1_D1,17,0,226,0,0
B10_D1,18,0,220,0,0
G1_D1,231,0,150,0,0
B10_D1,36,0,27,0,0
B10_D1,463,0,233,0,0
B6_D1,942,0,496,0,0
B6_D1,364,0,5,0,0
B6_D1,818,0,31,0,0
B10_D1,578,0,110,0,0
B4_D1,77,0,16,0,0
B6_D1,242,0,122,0,0
B2_D1,991,0,39,0,0
B10_D1,875,0,94,0,0
B10_D1,373,0,502,0,0
B10_D1,847,0,270,0,0
B10_D1,119,0,43,0,0
B6_D1,774,0,205,0,0
B6_D1,607,0,355,0,0
B10_D1,505,0,215,0,0
B6_D1,298,0,77,0,0
G1_D1,1001,0,67,0,0
G1_D1,203,0,161,0,0
B6_D1,653,0,349,0,0
G1_D1,154,0,112,0,0
B10_D1,818,0,328,0,0
B10_D1,469,0,469,0,0
B4_D1,302,0,281,0,0
B10_D1,538,0,307,0,0
B10_D1,727,0,17,0,0
G1_D1,29,0,37,0,0
B6_D1,264,0,73,0,0
B10_D1,937,0,285,0,0
B2_D1,580,0,152,0,0
B2_D1,910,0,39,0,0
B6_D1,979,0,79,0,0
G1_D1,557,0,88,0,0
G1_D1,591,0,10,0,0
B2_D1,247,0,47,0,0
B6_D1,484,0,408,0,0
B6_D1,52,0,23,0,0
B6_D1,278,0,142,0,0
B10_D1,723,0,269,0,0
B10_D1,16,0,218,0,0
G1_D1,1018,0,441,0,0
B6_D1,914,0,392,0,0
G1_D1,24,0,274,0,0
G1_D1,659,0,193,0,0
B6_D1,536,0,326,0,0
B4_D1,143,0,435,0,0
B10_D1,146,0,133,0,0
B6_D1,514,0,47,0,0
B6_D1,67,0,392,0,0
B6_D1,562,0,510,0,0
B6_D1,293,0,429,0,0
G1_D1,133,0,12,0,0
G1_D1,745,0,234,0,0
B6_D1,448,0,227,0,0
B6_D1,652,0,385,0,0
B4_D1,761,0,222,0,0
G1_D1,14,0,252,0,0
B10_D1,930,0,335,0,0
B10_D1,191,0,56,0,0
B6_D1,663,0,224,0,0
B6_D1,143,0,283,0,0
B4_D1,586,0,207,0,0
G1_D1,144,0,199,0,0
B2_D1,436,0,511,0,0
G1_D1,35,0,14,0,0
B4_D1,759,0,230,0,0
G1_D1,63,0,59,0,0
B6_D1,726,0,241,0,0
G1_D1,969,0,31,0,0
B10_D1,783,0,263,0,0
B10_D1,818,0,6,0,0
B6_D1,104,0,48,0,0
G1_D1,996,0,316,0,0
B6_D1,782,0,58,0,0
B10_D1,156,0,244,0,0
G1_D1,98,0,270,0,0
B10_D1,553,0,7,0,0
B10_D1,223,0,323,0,0
B10_D1,881,0,94,0,0
B6_D1,608,0,191,0,0
B6_D1,160,0,501,0,0
B6_D1,64,0,507,0,0
B6_D1,268,0,501,0,0
B6_D1,156,0,12,0,0
B6_D1,524,0,406,0,0
B6_D1,873,0,228,0,0
B4_D1,49,0,126,0,0
B6_D1,100,0,185,0,0
B6_D1,112,0,133,0,0
G1_D1,38,0,146,0,0
G1_D1,437,0,300,0,0
B2_D1,23,0,510,0,0
B6_D1,767,0,202,0,0
B6_D1,343,0,86,0,0
B10_D1,46,0,256,0,0
B10_D1,164,0,276,0,0
G1_D1,573,0,231,0,0
B4_D1,75,0,116,0,0
B10_D1,453,0,461,0,0
G1_D1,20,0,330,0,0
B6_D1,88,0,486,0,0
B10_D1,318,0,186,0,0
G1_D1,209,0,8,0,0
B6_D1,788,0,398,0,0
B10_D1,723,0,312,0,0
G1_D1,463,0,242,0,0
B10_D1,486,0,495,0,0
G1_D1,386,0,288,0,0
B6_D1,791,0,340,0,0
B10_D1,766,0,415,0,0
B4_D1,805,0,206,0,0
B6_D1,850,0,492,0,0
B10_D1,520,0,166,0,0
B10_D1,575,0,318,0,0
B6_D1,273,0,63,0,0
B6_D1,601,0,331,0,0
B6_D1,408,0,421,0,0
G1_D1,993,0,181,0,0
B6_D1,620,0,211,0,0
B6_D1,117,0,460,0,0
B10_D1,511,0,3,0,0
B10_D1,108,0,308,0,0
B4_D1,879,0,215,0,0
B10_D1,94,0,141,0,0
G1_D1,901,0,16,0,0
B2_D1,823,0,211,0,0
B6_D1,200,0,40,0,0
B6_D1,218,0,86,0,0
B6_D1,60,0,496,0,0
G1_D1,29,0,275,0,0
B6_D1,468,0,496,0,0
B6_D1,157,0,151,0,0
B10_D1,41,0,511,0,0
B10_D1,247,0,422,0,0
B6_D1,606,0,493,0,0
B6_D1,83,0,357,0,0
B6_D1,842,0,500,0,0
B6_D1,461,0,372,0,0
G1_D1,46,0,189,0,0
G1_D1,44,0,270,0,0
B4_D1,207,0,191,0,0
B10_D1,729,0,312,0,0
B4_D1,215,0,69,0,0
B10_D1,760,0,456,0,0
G1_D1,793,0,16,0,0
B6_D1,557,0,181,0,0
B6_D1,502,0,329,0,0
B6_D1,867,0,69,0,0
B6_D1,85,0,402,0,0
B6_D1,965,0,368,0,0
B6_D1,137,0,282,0,0
G1_D1,662,0,190,0,0
B6_D1,216,0,6,0,0
B8_D1,111,0,92,0,0
B2_D1,856,0,56,0,0
B10_D1,22,0,286,0,0
B4_D1,945,0,242,0,0
B10_D1,963,0,7,0,0
G1_D1,1016,0,102,0,0
B6_D1,552,0,320,0,0
B6_D1,294,0,39,0,0
B6_D1,758,0,16,0,0
B4_D1,630,0,182,0,0
B6_D1,346,0,224,0,0
B6_D1,475,0,173,0,0
B2_D1,414,0,210,0,0
B4_D1,418,0,392,0,0
G1_D1,466,0,75,0,0
G1_D1,737,0,14,0,0
B6_D1,413,0,361,0,0
B10_D1,645,0,119,0,0
B10_D1,208,0,291,0,0
B6_D1,30,0,484,0,0
B10_D1,692,0,297,0,0
B10_D1,662,0,169,0,0
B10_D1,696,0,284,0,0
B6_D1,882,0,15,0,0
B6_D1,907,0,53,0,0
G1_D1,353,0,197,0,0
B6_D1,19,0,354,0,0
B10_D1,26,0,267,0,0
B6_D1,603,0,341,0,0
B10_D1,100,0,151,0,0
B2_D1,117,0,314,0,0
B6_D1,742,0,47,0,0
G1_D1,1019,0,230,0,0
B10_D1,556,0,261,0,0
B10_D1,131,0,450,0,0
B6_D1,351,0,342,0,0
G1_D1,29,0,220,0,0
G1_D1,111,0,4,0,0
G1_D1,348,0,227,0,0
G1_D1,793,0,32,0,0
B6_D1,205,0,196,0,0
G1_D1,994,0,3,0,0
B6_D1,788,0,305,0,0
B10_D1,42,0,96,0,0
B4_D1,147,0,6,0,0
G1_D1,1023,0,258,0,0
B10_D1,801,0,171,0,0
B2_D1,364,0,493,0,0
G1_D1,1005,0,321,0,0
G1_D1,857,0,2,0,0
B6_D1,760,0,38,0,0
B10_D1,8,0,266,0,0
B10_D1,173,0,264,0,0
G1_D1,293,0,180,0,0
B6_D1,150,0,487,0,0
G1_D1,147,0,510,0,0
B6_D1,432,0,15,0,0
B8_D1,234,0,334,0,0
B6_D1,554,0,482,0,0
B6_D1,1002,0,0,0,0
B10_D1,558,0,140,0,0
B6_D1,135,0,428,0,0
B4_D1,7,0,147,0,0
B6_D1,982,0,421,0,0
B6_D1,800,0,506,0,0
G1_D1,539,0,255,0,0
G1_D1,36,0,234,0,0
B4_D1,348,0,18,0,0
B6_D1,772,0,8,0,0
B10_D1,523,0,278,0,0
G1_D1,724,0,282,0,0
G1_D1,493,0,229,0,0
B6_D1,816,0,18,0,0
B6_D1,69,0,195,0,0
G1_D1,1004,0,28,0,0
B6_D1,200,0,491,0,0
B10_D1,427,0,369,0,0
G1_D1,249,0,37,0,0
B10_D1,564,0,482,0,0
B10_D1,308,0,456,0,0
B6_D1,280,0,358,0,0
G1_D1,696,0,85,0,0
B2_D1,774,0,132,0,0
B2_D1,693,0,15,0,0
G1_D1,26,0,405,0,0
B4_D1,54,0,22,0,0
B10_D1,337,0,270,0,0
G1_D1,235,0,492,0,0
B8_D1,524,0,293,0,0
B10_D1,138,0,504,0,0
G1_D1,919,0,132,0,0
B10_D1,757,0,109,0,0
B4_D1,434,0,373,0,0
G1_D1,1023,0,181,0,0
G1_D1,26,0,102,0,0
B6_D1,213,0,423,0,0
B10_D1,861,0,77,0,0
B6_D1,909,0,368,0,-1
B6_D1,786,0,33,0,0
G1_D1,943,0,12,0,0
B4_D1,182,0,272,0,0
G1_D1,424,0,108,0,0
B10_D1,431,0,285,0,0
B2_D1,261,0,46,0,0
B10_D1,409,0,232,0,0
B10_D1,585,0,92,0,0
B6_D1,131,0,252,0,0
B10_D1,121,0,219,0,0
B6_D1,43,0,135,0,0
B6_D1,1,0,334,0,0
B10_D1,3,0,8,0,0
G1_D1,153,0,287,0,0
B10_D1,326,0,51,0,0
B4_D1,586,0,379,0,0
B10_D1,341,0,16,0,0
B10_D1,979,0,504,0,0
G1_D1,895,0,307,0,0
B6_D1,747,0,197,0,0
G1_D1,633,0,155,0,0
B10_D1,395,0,24,0,0
B10_D1,358,0,292,0,0
B6_D1,88,0,5,0,0
B6_D1,267,0,399,0,0
B6_D1,286,0,501,0,0
B10_D1,444,0,483,0,0
B10_D1,313,0,20,0,0
B10_D1,169,0,189,0,0
B10_D1,864,0,37,0,0
B6_D1,5,0,268,0,0
B10_D1,200,0,40,0,0
B2_D1,855,0,132,0,0
G1_D1,873,0,246,0,0
B4_D1,179,0,1,0,0
B6_D1,135,0,197,0,0
B2_D1,1023,0,304,0,0
B4_D1,515,0,232,0,0
B10_D1,875,0,0,0,0
B10_D1,311,0,174,0,0
B6_D1,236,0,370,0,0
B10_D1,130,0,135,0,0
B4_D1,70,0,168,0,0
B2_D1,231,0,153,0,0
B6_D1,261,0,77,0,0
B10_D1,229,0,442,0,0
G1_D1,867,0,234,0,0
B2_D1,745,0,360,0,0
B6_D1,83,0,274,0,0
B6_D1,140,0,203,0,0
G1_D1,315,0,344,0,0
B8_D1,120,0,133,0,0
B6_D1,288,0,24,0,0
B10_D1,867,0,373,0,0
B6_D1,665,0,212,0,0
B10_D1,464,0,503,0,0
B10_D1,868,0,36,0,0
B6_D1,874,0,145,0,0
G1_D1,999,0,131,0,0
B10_D1,813,0,377,0,0
B6_D1,6,0,235,0,0
B4_D1,218,0,56,0,0
B6_D1,310,0,345,0,0
B8_D1,866,0,305,0,0
B6_D1,272,0,313,0,0
B10_D1,550,0,6,0,0
B4_D1,141,0,47,0,0
B6_D1,908,0,126,0,0
B6_D1,346,0,167,0,0
G1_D1,594,0,195,0,0
G1_D1,654,0,509,0,0
B10_D1,527,0,121,0,0
B6_D1,748,0,8,0,0
G1_D1,831,0,215,0,0
B10_D1,996,0,253,0,0
B6_D1,572,0,16,0,0
B10_D1,178,0,279,0,0
B10_D1,853,0,237,0,0
B10_D1,183,0,286,0,0
B6_D1,927,0,112,0,0
B10_D1,1001,0,115,0,0
B8_D1,236,0,337,0,0
B10_D1,666,0,89,0,0
B10_D1,846,0,352,0,0
B10_D1,415,0,212,0,0
G1_D1,797,0,210,0,0
B4_D1,865,0,21,0,0
B6_D1,52,0,397,0,0
B10_D1,929,0,179,0,-1
B6_D1,135,0,326,0,0
B10_D1,770,0,353,0,0
B2_D1,128,0,506,0,0
B10_D1,472,0,36,0,0
B4_D1,933,0,218,0,0
B6_D1,140,0,426,0,0
B6_D1,730,0,373,0,0
B10_D1,610,0,122,0,0
B6_D1,979,0,443,0,0
B6_D1,818,0,13,0,0
B10_D1,832,0,236,0,0
B6_D1,988,0,130,0,0
B10_D1,294,0,80,0,0
B4_D1,655,0,183,0,0
B10_D1,600,0,5,0,0
B6_D1,704,0,10,0,0
B4_D1,825,0,213,0,0
B6_D1,730,0,375,0,0
B2_D1,441,0,32,0,0
B8_D1,647,0,246,0,0
B4_D1,48,0,420,0,0
B6_D1,636,0,185,0,0
B6_D1,850,0,201,0,0
B10_D1,217,0,22,0,0
B10_D1,577,0,7,0,0
B10_D1,736,0,161,0,0
B6_D1,665,0,421,0,0
B6_D1,585,0,328,0,0
B2_D1,83,0,32,0,0
B6_D1,861,0,274,0,0
B10_D1,68,0,460,0,0
B6_D1,842,0,392,0,0
B2_D1,184,0,238,0,0
B6_D1,516,0,427,0,0
B2_D1,266,0,62,0,0
G1_D1,7,0,377,0,0
G1_D1,866,0,469,0,0
B6_D1,940,0,17,0,0
B10_D1,766,0,329,0,0
B10_D1,695,0,449,0,0
B10_D1,643,0,465,0,0
B6_D1,752,0,278,0,0
G1_D1,269,0,409,0,0
G1_D1,302,0,31,0,0
B6_D1,15,0,130,0,0
B10_D1,636,0,19,0,0
B10_D1,12,0,283,0,0
B10_D1,422,0,315,0,0
B6_D1,904,0,498,0,0
B6_D1,3,0,300,0,0
B10_D1,113,0,493,0,0
B6_D1,190,0,349,0,0
B6_D1,873,0,102,0,0
B2_D1,0,0,150,0,0
B10_D1,973,0,3,0,0
B2_D1,807,0,445,0,0
B6_D1,877,0,480,0,0
B6_D1,358,0,32,0,0
B8_D1,1023,0,7,0,0
B10_D1,676,0,113,0,0
B4_D1,454,0,61,0,0
B6_D1,64,0,91,0,0
B6_D1,185,0,476,0,0
B6_D1,720,0,36,0,0
B6_D1,884,0,22,0,0
B8_D1,889,0,236,0,0
B10_D1,26,0,181,0,0
B6_D1,322,0,385,0,0
B6_D1,308,0,391,0,0
B10_D1,275,0,417,0,0
B6_D1,954,0,490,0,0
B10_D1,858,0,37,0,0
G1_D1,783,0,40,0,0
B6_D1,404,0,159,0,0
G1_D1,267,0,37,0,0
G1_D1,249,0,277,0,0
B4_D1,485,0,88,0,0
B6_D1,903,0,389,0,0
G1_D1,221,0,372,0,0
B6_D1,500,0,285,0,0
G1_D1,851,0,447,0,0
B6_D1,34,0,136,0,0
G1_D1,903,0,29,0,0
G1_D1,789,0,40,0,0
B10_D1,243,0,310,0,0
B10_D1,42,0,106,0,0
B6_D1,6,0,327,0,0
B10_D1,594,0,40,0,0
B10_D1,170,0,227,0,0
B10_D1,892,0,20,0,0
B10_D1,263,0,11,0,0
B6_D1,544,0,504,0,0
B2_D1,353,0,202,0,0
G1_D1,812,0,272,0,0
B10_D1,454,0,29,0,0
G1_D1,84,0,85,0,0
B6_D1,201,0,134,0,0
G1_D1,916,0,18,0,0
B10_D1,106,0,67,0,0
B6_D1,431,0,479,0,0
B6_D1,466,0,229,0,0
B6_D1,174,0,21,0,0
G1_D1,891,0,272,0,0
G1_D1,19,0,233,0,0
G1_D1,205,0,80,0,0
G1_D1,794,0,19,0,0
B2_D1,2,0,20,0,0
B6_D1,822,0,100,0,0
B10_D1,352,0,40,0,0
B6_D1,563,0,56,0,0
B4_D1,1020,0,108,0,0
B6_D1,476,0,40,0,0
G1_D1,301,0,413,0,0
B6_D1,390,0,476,0,0
B10_D1,391,0,3,0,0
B10_D1,746,0,52,0,0
B4_D1,354,0,219,0,0
G1_D1,28,0,180,0,0
B6_D1,186,0,496,0,0
B10_D1,964,0,79,0,0
B6_D1,492,0,135,0,0
B10_D1,837,0,241,0,0
B6_D1,911,0,52,0,0
B6_D1,272,0,4,0,0
B10_D1,222,0,247,0,0
B10_D1,362,0,310,0,0
G1_D1,165,0,260,0,0
B10_D1,728,0,324,0,0
B6_D1,389,0,349,0,0
B6_D1,158,0,250,0,0
B6_D1,330,0,12,0,0
G1_D1,74,0,460,0,0
B6_D1,768,0,205,0,0
G1_D1,600,0,35,0,0
B6_D1,342,0,262,0,0
B6_D1,783,0,73,0,0
B10_D1,1004,0,24,0,0
B6_D1,220,0,213,0,0
B10_D1,1023,0,510,0,0
B10_D1,936,0,459,0,0
B10_D1,434,0,224,0,0
B6_D1,751,0,435,0,0
G1_D1,186,0,239,0,0
G1_D1,941,0,45,0,0
G1_D1,590,0,239,0,0
B10_D1,571,0,3,0,0
B6_D1,408,0,496,0,0
B10_D1,630,0,198,0,0
B6_D1,515,0,413,0,0
B6_D1,222,0,119,0,0
B6_D1,650,0,4,0,0
B6_D1,766,0,419,0,0
B6_D1,826,0,489,0,0
G1_D1,771,0,238,0,0
B6_D1,169,0,102,0,0
G1_D1,445,0,239,0,0
B6_D1,465,0,409,0,0
B10_D1,633,0,307,0,0
B4_D1,961,0,99,0,0
B8_D1,685,0,249,0,0
B10_D1,547,0,210,0,0
B10_D1,219,0,193,0,0
G1_D1,964,0,383,0,0
B10_D1,344,0,67,0,0
B6_D1,216,0,132,0,0
B8_D1,155,0,120,0,0
B4_D1,620,0,234,0,0
G1_D1,271,0,35,0,0
B6_D1,394,0,483,0,0
B8_D1,593,0,220,0,0
B6_D1,884,0,146,0,0
G1_D1,33,0,475,0,0
B10_D1,565,0,86,0,0
B10_D1,407,0,170,0,0
B10_D1,420,0,391,0,0
B10_D1,933,0,289,0,0
B10_D1,640,0,44,0,0
B6_D1,960,0,508,0,0
G1_D1,194,0,61,0,0
B10_D1,519,0,115,0,0
B10_D1,942,0,371,0,0
B2_D1,138,0,8,0,0
B6_D1,530,0,348,0,0
B10_D1,177,0,2,0,0
B10_D1,173,0,272,0,0
B10_D1,575,0,281,0,0
B6_D1,972,0,420,0,0
B10_D1,718,0,252,0,0
B6_D1,660,0,505,0,0
G1_D1,18,0,293,0,0
B10_D1,241,0,148,0,0
B10_D1,529,0,330,0,0
B6_D1,538,0,327,0,0
B6_D1,805,0,151,0,0
G1_D1,244,0,511,0,0
B6_D1,125,0,328,0,0
B6_D1,388,0,192,0,0
B6_D1,200,0,43,0,0
G1_D1,519,0,20,0,0
B10_D1,687,0,54,0,0
B2_D1,152,0,308,0,0
B4_D1,535,0,288,0,0
B6_D1,884,0,273,0,0
B6_D1,533,0,325,0,0
G1_D1,1005,0,130,0,0
B6_D1,722,0,423,0,0
G1_D1,503,0,221,0,0
B6_D1,160,0,197,0,0
B6_D1,566,0,43,0,0
G1_D1,232,0,55,0,0
B6_D1,1012,0,510,0,0
G1_D1,62,0,71,0,0
B10_D1,705,0,77,0,0
B6_D1,115,0,170,0,0
B10_D1,464,0,9,0,0
B6_D1,167,0,322,0,0
B6_D1,187,0,61,0,0
B10_D1,888,0,68,0,0
B6_D1,798,0,21,0,0
B6_D1,110,0,494,0,0
B2_D1,196,0,222,0,0
B10_D1,473,0,59,0,0
B10_D1,65,0,135,0,0
B6_D1,388,0,269,0,0
B10_D1,12,0,96,0,0
B6_D1,771,0,185,0,0
G1_D1,747,0,265,0,0
G1_D1,261,0,339,0,0
G1_D1,30,0,303,0,0
B4_D1,93,0,298,0,0
B6_D1,815,0,271,0,0
G1_D1,257,0,2,0,0
B10_D1,295,0,284,0,0
B10_D1,44,0,16,0,0
B10_D1,42,0,298,0,0
G1_D1,18,0,232,0,0
B6_D1,666,0,182,0,0
B10_D1,792,0,41,0,0
G1_D1,15,0,125,0,0
B10_D1,774,0,263,0,0
G1_D1,230,0,271,0,0
B6_D1,224,0,303,0,0
B6_D1,436,0,507,0,0
B10_D1,551,0,263,0,0
B10_D1,804,0,330,0,0
B10_D1,545,0,509,0,0
B6_D1,479,0,66,0,0
B10_D1,83,0,12,0,0
B2_D1,214,0,511,0,0
B6_D1,155,0,235,0,0
B10_D1,2,0,50,0,0
G1_D1,666,0,0,0,0
B10_D1,51,0,200,0,0
B6_D1,776,0,48,0,0
B10_D1,645,0,77,0,0
G1_D1,612,0,7,0,0
B10_D1,114,0,132,0,0
B6_D1,345,0,382,0,0
G1_D1,246,0,173,0,0
G1_D1,374,0,38,0,0
B2_D1,358,0,50,0,0
G1_D1,628,0,444,0,0
B6_D1,398,0,482,0,0
B6_D1,184,0,492,0,0
B10_D1,557,0,511,0,0
B6_D1,791,0,186,0,0
B10_D1,143,0,61,0,0
B6_D1,626,0,386,0,0
B6_D1,384,0,30,0,0
B8_D1,303,0,187,0,0
B10_D1,847,0,107,0,0
B6_D1,0,0,263,0,0
G1_D1,49,0,6,0,0
B10_D1,818,0,313,0,0
B2_D1,832,0,73,0,0
G1_D1,557,0,15,0,0
G1_D1,300,0,18,0,0
B10_D1,416,0,458,0,0
B10_D1,644,0,444,0,0
B6_D1,47,0,445,0,0
B6_D1,838,0,137,0,0
B6_D1,374,0,40,0,0
B8_D1,645,0,305,0,0
B6_D1,665,0,443,0,0
B6_D1,947,0,251,0,0
G1_D1,827,0,313,0,0
B2_D1,652,0,51,0,0
B6_D1,322,0,41,0,0
B2_D1,226,0,486,0,0
B6_D1,135,0,303,0,0
B10_D1,0,0,289,0,0
B6_D1,29,0,131,0,0
B10_D1,357,0,1,0,0
B4_D1,202,0,135,0,0
B6_D1,909,0,431,0,0
B6_D1,692,0,302,0,0
B6_D1,154,0,8,0,0
B2_D1,112,0,510,0,0
B10_D1,944,0,243,0,0
B6_D1,913,0,343,0,0
B4_D1,949,0,209,0,0
B6_D1,32,0,167,0,0
B4_D1,973,0,47,0,0
B10_D1,650,0,158,0,0
B6_D1,1021,0,398,0,0
G1_D1,468,0,101,0,0
B6_D1,674,0,506,0,0
B6_D1,221,0,311,0,0
B6_D1,222,0,490,0,0
B6_D1,423,0,218,0,0
G1_D1,573,0,139,0,0
B10_D1,376,0,172,0,0
B10_D1,725,0,271,0,0
B6_D1,478,0,11,0,0
B6_D1,919,0,316,0,0
B6_D1,860,0,40,0,0
B10_D1,393,0,88,0,0
B6_D1,981,0,417,0,0
B4_D1,205,0,18,0,0
B6_D1,624,0,364,0,0
B10_D1,249,0,68,0,0
G1_D1,798,0,132,0,0
G1_D1,249,0,275,0,0
B10_D1,483,0,175,0,0
B10_D1,587,0,286,0,0
G1_D1,263,0,318,0,0
B6_D1,1012,0,447,0,0
B10_D1,778,0,108,0,0
B6_D1,639,0,387,0,0
B6_D1,202,0,347,0,0
B2_D1,468,0,369,0,0
B6_D1,76,0,504,0,0
G1_D1,27,0,324,0,0
B10_D1,870,0,374,0,0
G1_D1,705,0,153,0,0
B10_D1,797,0,385,0,0
G1_D1,764,0,272,0,0
B6_D1,264,0,129,0,0
B8_D1,28,0,198,0,0
B6_D1,577,0,184,0,0
B6_D1,178,0,70,0,0
B4_D1,79,0,37,0,0
B10_D1,660,0,421,0,0
B10_D1,6,0,319,0,0
B4_D1,564,0,82,0,0
B6_D1,452,0,409,0,0
B10_D1,966,0,246,0,0
B8_D1,105,0,272,0,0
B10_D1,111,0,41,0,0
G1_D1,517,0,268,0,0
G1_D1,181,0,57,0,0
B6_D1,921,0,395,0,0
B6_D1,1002,0,9,0,0
G1_D1,197,0,14,0,0
B10_D1,1,0,99,0,0
B6_D1,318,0,505,0,0
B10_D1,1019,0,119,0,0
B10_D1,596,0,444,0,-1
G1_D1,39,0,93,0,0
G1_D1,45,0,172,0,0
B6_D1,631,0,412,0,0
B6_D1,754,0,258,0,0
B6_D1,684,0,9,0,0
B10_D1,201,0,68,0,0
B6_D1,34,0,137,0,0
B10_D1,916,0,75,0,0
G1_D1,876,0,13,0,0
G1_D1,629,0,456,0,0
B6_D1,510,0,412,0,0
B2_D1,311,0,152,0,0
B4_D1,1,0,47,0,0
B6_D1,808,0,483,0,0
G1_D1,791,0,27,0,0
B4_D1,432,0,237,0,0
B4_D1,30,0,19,0,0
B6_D1,928,0,240,0,0
B4_D1,727,0,249,0,0
B6_D1,2,0,28,0,0
B10_D1,208,0,388,0,0
B10_D1,968,0,91,0,0
B4_D1,581,0,211,0,0
B10_D1,5,0,200,0,0
B2_D1,123,0,96,0,0
B6_D1,946,0,329,0,0
B10_D1,234,0,297,0,0
G1_D1,943,0,407,0,0
B6_D1,108,0,434,0,0
B10_D1,358,0,181,0,0
B8_D1,217,0,76,0,0
B10_D1,8,0,98,0,0
B10_D1,46,0,273,0,0
G1_D1,644,0,306,0,0
B6_D1,806,0,62,0,0
G1_D1,286,0,39,0,0
B2_D1,458,0,372,0,0
B6_D1,442,0,279,0,0
G1_D1,89,0,401,0,0
B10_D1,185,0,412,0,0
G1_D1,402,0,7,0,0
B6_D1,430,0,44,0,0
G1_D1,898,0,18,0,0
B10_D1,904,0,26,0,0
B6_D1,524,0,157,0,0
B10_D1,294,0,177,0,0
B6_D1,567,0,468,0,0
B2_D1,186,0,471,0,0
B10_D1,89,0,399,0,0
B4_D1,59,0,174,0,0
B10_D1,569,0,116,0,0
B8_D1,135,0,73,0,0
B6_D1,859,0,374,0,0
B10_D1,644,0,378,0,0
B6_D1,150,0,15,0,0
B10_D1,617,0,195,0,0
G1_D1,772,0,511,0,0
B4_D1,461,0,285,0,0
B6_D1,276,0,0,0,0
B2_D1,173,0,125,0,0
G1_D1,765,0,300,0,0
G1_D1,366,0,18,0,0
G1_D1,990,0,7,0,0
B10_D1,126,0,95,0,0
B6_D1,714,0,66,0,0
B10_D1,30,0,130,0,0
B6_D1,539,0,312,0,0
G1_D1,932,0,283,0,0
G1_D1,970,0,481,0,0
B4_D1,358,0,222,0,0
G1_D1,55,0,252,0,0
B6_D1,708,0,406,0,0
B10_D1,378,0,497,0,0
B2_D1,534,0,156,0,0
G1_D1,16,0,159,0,0
B6_D1,58,0,507,0,0
B10_D1,1006,0,38,0,0
B4_D1,27,0,2,0,0
G1_D1,631,0,57,0,0
B10_D1,82,0,4,0,0
B6_D1,846,0,3,0,0
G1_D1,982,0,145,0,0
G1_D1,400,0,127,0,0
G1_D1,337,0,405,0,0
B4_D1,837,0,98,0,0
B10_D1,238,0,130,0,0
G1_D1,1013,0,200,0,0
B6_D1,298,0,166,0,0
B4_D1,957,0,15,0,0
B6_D1,608,0,497,0,0
B4_D1,632,0,338,0,0
B6_D1,502,0,167,0,0
B6_D1,876,0,45,0,0
G1_D1,105,0,166,0,0
B6_D1,1016,0,4,0,0
B4_D1,177,0,195,0,0
B2_D1,549,0,222,0,0
B6_D1,710,0,40,0,0
B10_D1,926,0,255,0,0
B10_D1,70,0,48,0,0
B6_D1,184,0,17,0,0
B6_D1,266,0,151,0,0
B10_D1,821,0,1,0,0
G1_D1,471,0,17,0,0
G1_D1,749,0,209,0,0
B10_D1,66,0,169,0,0
B6_D1,1008,0,39,0,0
B2_D1,896,0,26,0,0
G1_D1,994,0,77,0,0
B10_D1,638,0,172,0,0
B4_D1,168,0,97,0,0
B6_D1,5,0,200,0,0
G1_D1,619,0,473,0,0
B10_D1,674,0,24,0,0
B10_D1,27,0,279,0,0
B6_D1,88,0,186,0,0
B10_D1,780,0,60,0,0
B10_D1,657,0,269,0,0
B6_D1,241,0,331,0,0
B6_D1,28,0,486,0,0
B6_D1,766,0,203,0,0
B10_D1,643,0,84,0,0
B10_D1,640,0,51,0,0
B10_D1,432,0,506,0,0
B10_D1,935,0,113,0,0
G1_D1,284,0,29,0,0
B4_D1,812,0,19,0,0
G1_D1,1018,0,408,0,0
B6_D1,49,0,474,0,0
G1_D1,45,0,149,0,0
B10_D1,467,0,163,0,0
B6_D1,602,0,345,0,0
G1_D1,530,0,202,0,0
B6_D1,268,0,47,0,0
B2_D1,71,0,25,0,0
B10_D1,335,0,174,0,0
B6_D1,682,0,285,0,0
B4_D1,650,0,240,0,0
G1_D1,31,0,194,0,0
B4_D1,530,0,213,0,0
B6_D1,558,0,271,0,0
B10_D1,426,0,368,0,0
B6_D1,405,0,279,0,0
B4_D1,820,0,47,0,0
B2_D1,63,0,27,0,0
B10_D1,38,0,300,0,0
G1_D1,991,0,213,0,0
G1_D1,876,0,94,0,0
B6_D1,924,0,49,0,0
B2_D1,841,0,183,0,0
B4_D1,715,0,79,0,0
G1_D1,721,0,325,0,0
B10_D1,327,0,396,0,0
B6_D1,90,0,284,0,0
G1_D1,427,0,144,0,0
B10_D1,538,0,478,0,0
B10_D1,397,0,178,0,0
G1_D1,60,0,268,0,0
G1_D1,739,0,427,0,0
B4_D1,442,0,46,0,0
B10_D1,297,0,8,0,0
B10_D1,6,0,23,0,0
B10_D1,560,0,259,0,0
B2_D1,257,0,505,0,0
B10_D1,597,0,347,0,0
B6_D1,477,0,480,0,0
G1_D1,783,0,219,0,0
B8_D1,941,0,24,0,0
B6_D1,49,0,115,0,0
B10_D1,84,0,198,0,0
B10_D1,657,0,312,0,0
B2_D1,137,0,213,0,0
G1_D1,37,0,132,0,0
G1_D1,708,0,306,0,0
B6_D1,927,0,225,0,0
B2_D1,860,0,2,0,0
G1_D1,239,0,145,0,0
G1_D1,355,0,53,0,0
B6_D1,452,0,1,0,0
B6_D1,748,0,156,0,0
G1_D1,320,0,173,0,0
G1_D1,1004,0,122,0,0
B10_D1,43,0,57,0,0
B8_D1,522,0,292,0,0
B2_D1,144,0,299,0,0
B10_D1,615,0,87,0,0
G1_D1,990,0,164,0,0
B4_D1,770,0,38,0,0
B6_D1,539,0,206,0,0
G1_D1,707,0,278,0,0
B8_D1,630,0,227,0,0
B10_D1,541,0,139,0,0
B6_D1,824,0,293,0,0
B6_D1,32,0,76,0,0
G1_D1,173,0,47,0,0
B10_D1,321,0,190,0,0
B10_D1,21,0,95,0,0
B6_D1,749,0,186,0,0
G1_D1,59,0,79,0,0
B4_D1,228,0,139,0,0
B6_D1,377,0,285,0,0
B10_D1,998,0,216,0,0
B6_D1,7,0,174,0,0
G1_D1,760,0,308,0,0
B4_D1,247,0,341,0,0
B6_D1,916,0,489,0,0
B6_D1,488,0,386,0,0
B4_D1,330,0,304,0,0
B6_D1,750,0,373,0,0
B6_D1,260,0,40,0,0
B6_D1,688,0,411,0,0
B2_D1,120,0,199,0,0
B10_D1,681,0,322,0,0
B6_D1,114,0,15,0,0
B10_D1,139,0,264,0,0
B10_D1,682,0,83,0,0
B2_D1,975,0,126,0,0
B10_D1,869,0,291,0,0
B10_D1,673,0,420,0,0
G1_D1,100,0,286,0,0
B10_D1,755,0,159,0,0
B6_D1,824,0,40,0,0
B4_D1,954,0,103,0,0
B10_D1,784,0,415,0,0
B10_D1,779,0,49,0,0
B6_D1,280,0,167,0,0
B10_D1,560,0,287,0,0
B4_D1,4,0,310,0,0
B6_D1,296,0,7,0,0
B6_D1,135,0,168,0,0
B6_D1,932,0,43,0,0
B10_D1,25,0,509,0,0
B6_D1,510,0,499,0,0
B6_D1,835,0,129,0,0
B6_D1,462,0,487,0,0
B2_D1,399,0,32,0,0
B6_D1,473,0,438,0,-1
G1_D1,595,0,242,0,0
B6_D1,77,0,446,0,0
G1_D1,357,0,222,0,0
B10_D1,165,0,426,0,0
B10_D1,617,0,356,0,0
B6_D1,27,0,170,0,0
B10_D1,197,0,239,0,0
G1_D1,1023,0,243,0,0
B6_D1,950,0,25,0,0
G1_D1,979,0,17,0,0
B10_D1,139,0,149,0,0
B6_D1,476,0,37,0,0
B6_D1,260,0,506,0,0
B10_D1,596,0,338,0,0
G1_D1,2,0,260,0,0
G1_D1,943,0,458,0,0
B10_D1,941,0,29,0,0
B2_D1,451,0,373,0,0
B6_D1,814,0,257,0,0
B6_D1,918,0,490,0,0
G1_D1,816,0,43,0,0
B10_D1,18,0,147,0,0
B10_D1,416,0,279,0,0
B6_D1,13,0,432,0,0
B10_D1,364,0,112,0,0
B10_D1,492,0,27,0,0
B10_D1,922,0,300,0,0
B10_D1,324,0,5,0,0
B6_D1,258,0,152,0,0
B10_D1,287,0,239,0,0
B10_D1,115,0,139,0,0
B10_D1,203,0,360,0,0
B2_D1,874,0,1,0,0
B6_D1,718,0,298,0,0
B6_D1,744,0,0,0,0
B6_D1,478,0,159,0,0
B10_D1,707,0,4,0,0
B6_D1,958,0,504,0,0
B6_D1,480,0,508,0,0
B10_D1,334,0,292,0,0
G1_D1,1013,0,148,0,0
B6_D1,448,0,41,0,0
G1_D1,899,0,2,0,0
B10_D1,16,0,183,0,0
B4_D1,664,0,240,0,0
G1_D1,180,0,258,0,0
B8_D1,482,0,295,0,0
B6_D1,466,0,44,0,0
B10_D1,880,0,212,0,0
B10_D1,119,0,338,0,0
B10_D1,588,0,478,0,0
B6_D1,376,0,507,0,0
B6_D1,33,0,405,0,0
B6_D1,170,0,425,0,0
B6_D1,46,0,260,0,0
B6_D1,86,0,19,0,0
B10_D1,999,0,6,0,0
B4_D1,198,0,157,0,0
B6_D1,128,0,105,0,0
B6_D1,1006,0,23,0,0
B8_D1,731,0,247,0,0
B6_D1,649,0,276,0,0
B6_D1,816,0,290,0,0
G1_D1,174,0,239,0,0
B2_D1,148,0,511,0,0
G1_D1,751,0,204,0,0
B10_D1,547,0,479,0,0
G1_D1,529,0,284,0,0
B6_D1,260,0,482,0,0
B4_D1,604,0,42,0,0
G1_D1,366,0,453,0,0
B10_D1,318,0,38,0,0
G1_D1,757,0,157,0,0
B8_D1,211,0,105,0,0
B6_D1,816,0,100,0,0
G1_D1,925,0,292,0,0
B6_D1,293,0,479,0,0
G1_D1,695,0,86,0,0
B6_D1,911,0,289,0,0
B6_D1,56,0,503,0,0
B10_D1,894,0,17,0,0
B6_D1,80,0,7,0,0
B6_D1,26,0,497,0,0
B6_D1,542,0,497,0,0
G1_D1,948,0,325,0,0
B10_D1,197,0,454,0,0
B10_D1,115,0,137,0,0
B4_D1,950,0,243,0,0
B10_D1,436,0,71,0,0
B4_D1,886,0,217,0,0
B6_D1,657,0,105,0,0
B4_D1,654,0,71,0,0
G1_D1,308,0,232,0,0
B6_D1,916,0,422,0,0
B10_D1,773,0,480,0,0
B4_D1,17,0,132,0,0
G1_D1,471,0,480,0,0
G1_D1,331,0,404,0,0
B6_D1,113,0,398,0,0
B10_D1,480,0,237,0,0
G1_D1,474,0,49,0,0
B10_D1,222,0,64,0,0
B2_D1,797,0,33,0,0
B2_D1,23,0,33,0,0
B6_D1,240,0,453,0,0
B10_D1,456,0,342,0,0
B6_D1,754,0,201,0,0
B8_D1,596,0,213,0,0
B2_D1,835,0,383,0,0
B6_D1,564,0,126,0,0
B10_D1,38,0,68,0,0
B4_D1,888,0,208,0,0
B10_D1,236,0,65,0,0
B4_D1,138,0,116,0,0
B6_D1,33,0,54,0,0
G1_D1,899,0,15,0,0
B10_D1,220,0,291,0,0
B10_D1,699,0,190,0,0
B10_D1,138,0,286,0,0
G1_D1,902,0,19,0,0
B10_D1,711,0,2,0,0
B4_D1,711,0,36,0,0
B10_D1,35,0,236,0,0
B10_D1,955,0,217,0,0
B10_D1,450,0,157,0,0
G1_D1,242,0,1,0,0
B8_D1,218,0,191,0,0
B6_D1,616,0,356,0,0
B6_D1,541,0,246,0,0
B10_D1,298,0,100,0,0
B6_D1,256,0,14,0,0
B10_D1,285,0,136,0,0
G1_D1,576,0,13,0,0
B2_D1,573,0,42,0,0
B10_D1,649,0,280,0,0
B4_D1,319,0,16,0,0
B6_D1,46,0,52,0,0
B10_D1,320,0,75,0,0
B10_D1,102,0,270,0,0
B10_D1,662,0,418,0,0
B6_D1,191,0,240,0,0
B10_D1,581,0,144,0,0
B10_D1,888,0,25,0,0
B10_D1,179,0,44,0,0
B2_D1,205,0,215,0,0
B10_D1,603,0,320,0,0
B10_D1,611,0,485,0,0
B6_D1,936,0,42,0,0
B10_D1,435,0,320,0,0
G1_D1,57,0,116,0,0
B6_D1,514,0,49,0,0
B10_D1,786,0,425,0,0
B6_D1,516,0,496,0,0
B10_D1,727,0,262,0,0
B2_D1,677,0,24,0,0
B6_D1,878,0,71,0,0
B6_D1,899,0,69,0,0
B6_D1,262,0,453,0,0
B10_D1,620,0,259,0,0
G1_D1,797,0,14,0,0
B6_D1,89,0,274,0,0
G1_D1,818,0,272,0,0
B6_D1,669,0,380,0,0
B6_D1,830,0,157,0,0
B8_D1,712,0,190,0,0
B10_D1,847,0,216,0,0
B4_D1,110,0,163,0,0
B4_D1,199,0,137,0,0
B10_D1,453,0,234,0,0
B4_D1,929,0,50,0,0
G1_D1,351,0,446,0,0
B6_D1,733,0,340,0,0
B2_D1,539,0,105,0,0
B6_D1,580,0,41,0,0
B6_D1,576,0,30,0,0
B10_D1,276,0,349,0,0
G1_D1,319,0,387,0,0
B4_D1,516,0,101,0,0
B10_D1,243,0,295,0,0
G1_D1,403,0,128,0,0
B6_D1,462,0,508,0,0
B10_D1,27,0,56,0,0
B10_D1,194,0,58,0,0
G1_D1,180,0,60,0,0
B6_D1,96,0,24,0,0
B6_D1,968,0,144,0,0
B4_D1,517,0,274,0,0
G1_D1,336,0,32,0,0
B4_D1,1,0,239,0,0
B4_D1,642,0,332,0,0
G1_D1,576,0,510,0,0
B10_D1,471,0,123,0,0
B6_D1,491,0,407,0,0
B2_D1,786,0,131,0,0
B4_D1,492,0,182,0,0
B6_D1,632,0,449,0,0
G1_D1,385,0,279,0,0
B2_D1,785,0,284,0,0
B10_D1,578,0,78,0,0
B10_D1,527,0,239,0,0
B2_D1,276,0,60,0,0
B6_D1,546,0,356,0,0
B10_D1,582,0,414,0,0
G1_D1,236,0,5,0,0
B6_D1,326,0,462,0,0
B10_D1,497,0,297,0,0
B6_D1,109,0,475,0,0
B6_D1,210,0,484,0,0
B10_D1,431,0,293,0,0
G1_D1,39,0,203,0,0
B6_D1,995,0,300,0,0
B4_D1,149,0,57,0,0
B6_D1,814,0,154,0,0
B6_D1,512,0,40,0,0
B10_D1,717,0,265,0,0
B10_D1,567,0,413,0,0
G1_D1,773,0,89,0,0
B10_D1,512,0,54,0,0
G1_D1,257,0,493,0,0
B10_D1,294,0,248,0,0
B10_D1,91,0,178,0,0
G1_D1,266,0,5,0,0
G1_D1,719,0,267,0,0
B6_D1,198,0,452,0,0
B10_D1,255,0,261,0,0
G1_D1,44,0,115,0,0
B10_D1,578,0,27,0,0
B2_D1,314,0,139,0,0
B6_D1,766,0,299,0,0
G1_D1,663,0,203,0,0
B8_D1,344,0,298,0,0
B6_D1,930,0,6,0,0
G1_D1,190,0,235,0,0
B6_D1,812,0,10,0,0
G1_D1,17,0,353,0,0
B6_D1,88,0,283,0,0
G1_D1,381,0,10,0,0
B10_D1,183,0,119,0,0
B6_D1,831,0,423,0,0
B6_D1,720,0,76,0,0
B6_D1,313,0,293,0,0
B10_D1,414,0,15,0,0
B2_D1,822,0,275,0,0
B6_D1,92,0,285,0,0
G1_D1,991,0,65,0,0
B4_D1,200,0,271,0,0
B10_D1,294,0,419,0,0
B6_D1,752,0,349,0,0
B6_D1,740,0,281,0,0
B6_D1,78,0,15,0,0
B10_D1,413,0,172,0,0
B6_D1,166,0,453,0,0
G1_D1,11,0,384,0,0
B2_D1,430,0,288,0,0
B6_D1,925,0,163,0,0
G1_D1,317,0,353,0,0
B4_D1,510,0,60,0,0
B4_D1,472,0,118,0,0
B10_D1,177,0,180,0,0
G1_D1,279,0,240,0,0
B10_D1,543,0,480,0,0
B6_D1,789,0,93,0,0
B6_D1,222,0,3,0,0
B6_D1,616,0,241,0,0
B4_D1,281,0,210,0,0
B6_D1,879,0,115,0,0
B10_D1,31,0,198,0,0
B2_D1,715,0,223,0,0
B2_D1,711,0,84,0,0
B10_D1,283,0,249,0,0
B6_D1,24,0,296,0,0
G1_D1,1002,0,55,0,0
B10_D1,558,0,293,0,0
B8_D1,932,0,303,0,0
B10_D1,945,0,100,0,0
B6_D1,719,0,196,0,0
B10_D1,508,0,78,0,0
B6_D1,738,0,42,0,0
G1_D1,322,0,215,0,0
B6_D1,390,0,484,0,0
B10_D1,1,0,134,0,0
B10_D1,59,0,139,0,0
B10_D1,154,0,54,0,0
B6_D1,767,0,304,0,0
G1_D1,194,0,407,0,0
G1_D1,5,0,471,0,0
B6_D1,449,0,241,0,0
B6_D1,187,0,108,0,0
B10_D1,1010,0,58,0,0
B10_D1,509,0,281,0,0
B6_D1,454,0,410,0,0
B6_D1,750,0,245,0,0
G1_D1,120,0,500,0,0
B4_D1,851,0,13,0,0
B2_D1,398,0,509,0,0
G1_D1,561,0,245,0,0
G1_D1,760,0,111,0,0
B10_D1,790,0,13,0,0
G1_D1,982,0,42,0,0
B2_D1,1005,0,52,0,0
B2_D1,399,0,46,0,0
G1_D1,861,0,39,0,0
G1_D1,31,0,240,0,0
B4_D1,1,0,418,0,0
B6_D1,437,0,124,0,0
B2_D1,622,0,363,0,0
B6_D1,556,0,492,0,0
G1_D1,13,0,298,0,0
G1_D1,782,0,206,0,0
G1_D1,334,0,128,0,0
B10_D1,556,0,137,0,0
G1_D1,1006,0,294,0,0
B6_D1,999,0,119,0,0
G1_D1,774,0,239,0,0
B4_D1,253,0,291,0,0
B10_D1,14,0,327,0,0
G1_D1,736,0,282,0,0
B4_D1,770,0,51,0,0
B6_D1,72,0,496,0,0
B2_D1,324,0,510,0,0
B6_D1,858,0,493,0,0
B6_D1,589,0,352,0,0
B4_D1,809,0,111,0,0
G1_D1,307,0,155,0,0
B10_D1,403,0,17,0,0
B2_D1,187,0,479,0,0
B6_D1,995,0,403,0,0
B6_D1,2,0,308,0,0
G1_D1,244,0,34,0,0
B10_D1,806,0,249,0,0
B6_D1,790,0,50,0,0
B2_D1,869,0,42,0,0
B10_D1,838,0,100,0,0
B10_D1,325,0,191,0,0
B6_D1,137,0,266,0,0
G1_D1,1006,0,307,0,0
B10_D1,357,0,238,0,0
B10_D1,108,0,156,0,0
B4_D1,6,0,430,0,0
B6_D1,559,0,184,0,0
B6_D1,220,0,504,0,0
B6_D1,484,0,11,0,0
G1_D1,336,0,421,0,0
B2_D1,616,0,23,0,0
B10_D1,774,0,428,0,0
B10_D1,397,0,450,0,0
B4_D1,31,0,31,0,0
B4_D1,788,0,263,0,0
B6_D1,451,0,389,0,0
B2_D1,971,0,68,0,0
B10_D1,111,0,190,0,0
B4_D1,436,0,235,0,0
G1_D1,282,0,270,0,0
B6_D1,763,0,150,0,0
B4_D1,875,0,13,0,0
B2_D1,275,0,296,0,0
B10_D1,336,0,203,0,0
B10_D1,312,0,184,0,0
B10_D1,619,0,214,0,0
B10_D1,810,0,376,0,0
B6_D1,78,0,484,0,0
B10_D1,452,0,275,0,0
G1_D1,720,0,457,0,0
B4_D1,253,0,341,0,0
B10_D1,204,0,256,0,0
B6_D1,611,0,164,0,0
B2_D1,121,0,33,0,0
B6_D1,519,0,481,0,0
B6_D1,454,0,227,0,0
G1_D1,707,0,373,0,0
G1_D1,12,0,354,0,0
B6_D1,416,0,491,0,0
G1_D1,989,0,46,0,0
B10_D1,392,0,315,0,0
B6_D1,226,0,5,0,0
B6_D1,360,0,45,0,0
B6_D1,549,0,128,0,0
B10_D1,80,0,209,0,0
G1_D1,219,0,370,0,0
B4_D1,647,0,75,0,0
B6_D1,864,0,378,0,0
B10_D1,231,0,2,0,0
B6_D1,18,0,505,0,0
B10_D1,22,0,73,0,0
B4_D1,165,0,359,0,0
B6_D1,698,0,31,0,0
B6_D1,897,0,168,0,0
G1_D1,315,0,4,0,0
B10_D1,534,0,237,0,0
B6_D1,648,0,21,0,0
B6_D1,998,0,330,0,0
B6_D1,472,0,67,0,0
B6_D1,516,0,412,0,0
G1_D1,759,0,265,0,0
B6_D1,766,0,402,0,0
B10_D1,797,0,110,0,0
B6_D1,130,0,255,0,0
B6_D1,239,0,160,0,0
B10_D1,503,0,10,0,0
B6_D1,582,0,493,0,0
B6_D1,62,0,48,0,0
B6_D1,230,0,46,0,0
B6_D1,140,0,31,0,0
B10_D1,385,0,413,0,0
G1_D1,150,0,165,0,0
B6_D1,302,0,488,0,0
G1_D1,319,0,226,0,0
G1_D1,57,0,93,0,0
G1_D1,886,0,44,0,0
G1_D1,774,0,7,0,0
B6_D1,0,0,511,0,0
B10_D1,76,0,317,0,0
G1_D1,911,0,467,0,0
G1_D1,531,0,67,0,0
B10_D1,228,0,157,0,0
B10_D1,246,0,238,0,0
B4_D1,248,0,134,0,0
B2_D1,351,0,489,0,0
B10_D1,450,0,5,0,0
B10_D1,693,0,2,0,0
B6_D1,275,0,340,0,0
B6_D1,136,0,501,0,0
G1_D1,892,0,218,0,0
B2_D1,879,0,29,0,0
G1_D1,922,0,47,0,0
B8_D1,287,0,185,0,0
G1_D1,52,0,258,0,0
B6_D1,478,0,26,0,0
B10_D1,60,0,115,0,0
B6_D1,116,0,13,0,0
B6_D1,138,0,45,0,0
B10_D1,719,0,441,0,0
B6_D1,1022,0,451,0,0
G1_D1,957,0,207,0,0
G1_D1,135,0,10,0,0
B10_D1,875,0,90,0,0
B10_D1,356,0,273,0,0
B10_D1,277,0,156,0,0
B10_D1,166,0,77,0,0
B10_D1,375,0,119,0,0
B10_D1,303,0,179,0,0
G1_D1,204,0,22,0,0
B10_D1,467,0,33,0,0
B6_D1,789,0,248,0,0
B6_D1,887,0,103,0,0
B6_D1,753,0,199,0,0
B6_D1,663,0,105,0,0
B4_D1,716,0,193,0,0
G1_D1,54,0,13,0,0
B10_D1,311,0,65,0,0
B6_D1,871,0,72,0,0
B10_D1,401,0,206,0,0
B6_D1,556,0,284,0,0
B4_D1,927,0,219,0,0
G1_D1,659,0,111,0,0
B10_D1,128,0,165,0,0
B2_D1,660,0,145,0,0
B6_D1,886,0,182,0,0
B6_D1,897,0,85,0,0
B10_D1,468,0,157,0,0
B10_D1,264,0,187,0,0
B6_D1,190,0,278,0,0
G1_D1,934,0,3,0,0
B6_D1,462,0,385,0,0
B10_D1,310,0,146,0,0
B6_D1,125,0,269,0,0
B6_D1,518,0,31,0,0
G1_D1,982,0,125,0,0
G1_D1,721,0,279,0,0
B10_D1,233,0,178,0,0
B6_D1,330,0,262,0,0
G1_D1,281,0,15,0,0
B6_D1,1006,0,214,0,0
B6_D1,120,0,42,0,0
B8_D1,315,0,187,0,0
B10_D1,653,0,489,0,0
G1_D1,561,0,84,0,0
G1_D1,237,0,118,0,0
B10_D1,335,0,60,0,0
B10_D1,459,0,302,0,0
B10_D1,622,0,22,0,0
B6_D1,265,0,256,0,0
B10_D1,766,0,31,0,0
B10_D1,20,0,239,0,0
G1_D1,241,0,164,0,0
B10_D1,92,0,154,0,0
B6_D1,457,0,62,0,0
B6_D1,316,0,77,0,0
B6_D1,759,0,101,0,0
B6_D1,560,0,488,0,0
B6_D1,290,0,31,0,0
B10_D1,243,0,8,0,0
G1_D1,912,0,300,0,0
B10_D1,398,0,27,0,0
B10_D1,37,0,294,0,0
B2_D1,678,0,43,0,0
B6_D1,674,0,422,0,0
B6_D1,369,0,156,0,0
G1_D1,785,0,8,0,0
B2_D1,225,0,45,0,0
B6_D1,905,0,303,0,0
B10_D1,368,0,187,0,0
G1_D1,68,0,5,0,0
B6_D1,468,0,42,0,0
B8_D1,349,0,189,0,0
G1_D1,925,0,63,0,0
B10_D1,144,0,334,0,0
G1_D1,122,0,24,0,0
G1_D1,912,0,309,0,0
B8_D1,94,0,222,0,0
B6_D1,167,0,400,0,0
B10_D1,308,0,246,0,0
G1_D1,104,0,186,0,0
B10_D1,151,0,323,0,0
B10_D1,246,0,202,0,0
B6_D1,102,0,400,0,0
B6_D1,702,0,27,0,0
G1_D1,82,0,427,0,0
B6_D1,930,0,42,0,0
B6_D1,911,0,63,0,0
B2_D1,566,0,160,0,0
B4_D1,879,0,73,0,0
G1_D1,291,0,104,0,0
B10_D1,625,0,140,0,0
B10_D1,312,0,252,0,0
B6_D1,974,0,200,0,0
B10_D1,36,0,15,0,0
G1_D1,531,0,4,0,0
B10_D1,7,0,24,0,0
G1_D1,345,0,100,0,0
B10_D1,159,0,427,0,0
B6_D1,133,0,278,0,0
G1_D1,816,0,206,0,0
G1_D1,736,0,35,0,0
B6_D1,140,0,485,0,0
B4_D1,380,0,389,0,0
B4_D1,173,0,74,0,0
B4_D1,574,0,299,0,0
B6_D1,336,0,429,0,0
B2_D1,486,0,481,0,0
B6_D1,524,0,34,0,0
B10_D1,121,0,178,0,0
B10_D1,141,0,195,0,0
B6_D1,677,0,312,0,0
B2_D1,426,0,210,0,0
G1_D1,719,0,24,0,0
B10_D1,975,0,506,0,0
B6_D1,23,0,124,0,0
B10_D1,620,0,474,0,0
B2_D1,946,0,20,0,0
B10_D1,472,0,258,0,0
B2_D1,889,0,25,0,0
B10_D1,171,0,2,0,0
G1_D1,262,0,235,0,0
B4_D1,467,0,426,0,0
B6_D1,605,0,234,0,0
G1_D1,78,0,384,0,0
G1_D1,865,0,189,0,0
B2_D1,872,0,47,0,0
G1_D1,793,0,95,0,0
B6_D1,521,0,413,0,0
B10_D1,1020,0,64,0,0
B10_D1,70,0,461,0,0
G1_D1,324,0,13,0,0
B10_D1,783,0,46,0,0
B2_D1,251,0,506,0,0
B6_D1,474,0,0,0,0
B6_D1,759,0,358,0,0
B6_D1,890,0,425,0,0
B6_D1,942,0,237,0,0
B6_D1,394,0,47,0,0
B6_D1,143,0,285,0,0
B10_D1,399,0,201,0,0
B6_D1,484,0,380,0,0
B6_D1,956,0,304,0,0
B6_D1,90,0,89,0,0
B4_D1,132,0,64,0,0
B6_D1,742,0,50,0,0
G1_D1,987,0,53,0,0
B6_D1,458,0,16,0,0
B10_D1,946,0,21,0,0
B10_D1,395,0,411,0,0
B10_D1,558,0,414,0,0
B4_D1,459,0,186,0,0
B6_D1,531,0,381,0,0
B6_D1,731,0,54,0,0
B10_D1,206,0,248,0,0
B10_D1,426,0,328,0,0
B6_D1,658,0,279,0,0
B10_D1,322,0,195,0,0
B6_D1,814,0,342,0,0
B6_D1,556,0,407,0,0
B10_D1,641,0,497,0,0
B2_D1,565,0,223,0,0
G1_D1,829,0,52,0,0
B10_D1,71,0,29,0,0
B6_D1,760,0,420,0,0
B6_D1,706,0,426,0,0
B4_D1,907,0,129,0,0
B6_D1,245,0,471,0,0
B6_D1,518,0,328,0,0
G1_D1,884,0,214,0,0
B6_D1,536,0,16,0,0
B6_D1,492,0,0,0,0
B6_D1,312,0,6,0,0
G1_D1,236,0,178,0,0
B4_D1,861,0,15,0,0
G1_D1,750,0,7,0,0
B10_D1,489,0,8,0,0
G1_D1,74,0,325,0,0
B2_D1,330,0,119,0,0
B10_D1,830,0,328,0,0
G1_D1,121,0,16,0,0
B6_D1,16,0,478,0,0
B6_D1,458,0,482,0,0
B6_D1,472,0,498,0,0
B4_D1,249,0,129,0,0
B6_D1,522,0,9,0,0
B10_D1,401,0,485,0,0
B2_D1,506,0,29,0,0
B4_D1,784,0,230,0,0
G1_D1,68,0,271,0,0
B6_D1,92,0,49,0,0
B8_D1,700,0,310,0,0
B10_D1,323,0,230,0,0
G1_D1,24,0,95,0,0
B10_D1,1007,0,479,0,0
B10_D1,309,0,175,0,0
B6_D1,758,0,503,0,0
G1_D1,759,0,10,0,0
B2_D1,954,0,237,0,0
B6_D1,160,0,47,0,0
B10_D1,99,0,304,0,0
B10_D1,17,0,18,0,0
B6_D1,874,0,492,0,0
B6_D1,909,0,142,0,0
G1_D1,770,0,328,0,0
B10_D1,475,0,250,0,0
B10_D1,832,0,331,0,0
B6_D1,812,0,40,0,0
G1_D1,946,0,272,0,0
G1_D1,176,0,49,0,0
B10_D1,675,0,393,0,0
B6_D1,330,0,140,0,0
B6_D1,901,0,102,0,0
B10_D1,868,0,208,0,0
B6_D1,749,0,111,0,0
B4_D1,80,0,17,0,0
B6_D1,768,0,54,0,0
B2_D1,604,0,149,0,0
G1_D1,98,0,271,0,0
B10_D1,930,0,58,0,0
B10_D1,569,0,16,0,0
B6_D1,556,0,26,0,0
B2_D1,664,0,51,0,0
B8_D1,132,0,260,0,0
B6_D1,813,0,381,0,0
B10_D1,414,0,343,0,0
B6_D1,413,0,124,0,0
B4_D1,708,0,41,0,0
B6_D1,302,0,48,0,0
B10_D1,402,0,410,0,0
B6_D1,781,0,351,0,0
B10_D1,318,0,214,0,0
G1_D1,137,0,458,0,0
B10_D1,762,0,326,0,0
G1_D1,1023,0,53,0,0
B10_D1,43,0,7,0,0
B6_D1,172,0,14,0,0
B6_D1,134,0,40,0,0
B6_D1,142,0,371,0,0
B6_D1,512,0,485,0,0
B10_D1,688,0,285,0,0
B10_D1,854,0,404,0,0
B6_D1,227,0,109,0,0
B10_D1,148,0,297,0,0
G1_D1,651,0,41,0,0
B4_D1,1018,0,216,0,0
B10_D1,153,0,329,0,0
B6_D1,108,0,6,0,0
B10_D1,652,0,447,0,0
B6_D1,628,0,44,0,0
B6_D1,88,0,44,0,0
B10_D1,610,0,287,0,0
B10_D1,10,0,372,0,0
G1_D1,46,0,162,0,0
B4_D1,610,0,358,0,0
B10_D1,625,0,137,0,0
B4_D1,7,0,69,0,0
B6_D1,784,0,38,0,0
B10_D1,218,0,333,0,0
G1_D1,72,0,20,0,0
B8_D1,427,0,197,0,0
G1_D1,549,0,31,0,0
B6_D1,811,0,301,0,0
B10_D1,237,0,319,0,0
B10_D1,328,0,62,0,0
B6_D1,579,0,226,0,0
B6_D1,860,0,497,0,0
G1_D1,755,0,246,0,0
B4_D1,620,0,180,0,0
B10_D1,1013,0,215,0,0
B2_D1,307,0,292,0,0
B6_D1,842,0,7,0,0
B4_D1,1001,0,215,0,0
G1_D1,918,0,33,0,0
B6_D1,652,0,389,0,0
G1_D1,797,0,275,0,0
G1_D1,35,0,226,0,0
B4_D1,1023,0,273,0,0
B10_D1,448,0,159,0,0
B10_D1,1004,0,26,0,0
B10_D1,121,0,142,0,0
B6_D1,766,0,17,0,0
B10_D1,120,0,54,0,0
B10_D1,407,0,314,0,0
B6_D1,35,0,162,0,0
B10_D1,610,0,54,0,0
G1_D1,11,0,79,0,0
B6_D1,97,0,183,0,0
B6_D1,659,0,342,0,0
B10_D1,649,0,150,0,0
G1_D1,920,0,11,0,0
B6_D1,440,0,485,0,0
G1_D1,946,0,244,0,0
G1_D1,244,0,170,0,0
B6_D1,552,0,345,0,0
G1_D1,730,0,282,0,0
B6_D1,464,0,46,0,0
G1_D1,259,0,306,0,0
B10_D1,182,0,343,0,0
G1_D1,973,0,88,0,0
B10_D1,20,0,39,0,0
B6_D1,876,0,18,0,0
B6_D1,23,0,255,0,0
B6_D1,294,0,27,0,0
B10_D1,410,0,273,0,0
B6_D1,1022,0,22,0,0
B6_D1,959,0,305,0,0
B6_D1,58,0,498,0,0
B10_D1,233,0,44,0,0
B10_D1,163,0,220,0,0
B10_D1,434,0,487,0,0
B10_D1,362,0,290,0,0
B6_D1,60,0,109,0,0
B4_D1,0,0,331,0,0
G1_D1,1008,0,135,0,0
B2_D1,473,0,498,0,0
B4_D1,993,0,284,0,0
B10_D1,497,0,411,0,0
G1_D1,16,0,216,0,0
G1_D1,27,0,73,0,0
B6_D1,733,0,273,0,0
B6_D1,872,0,10,0,0
B10_D1,8,0,241,0,0
B6_D1,801,0,423,0,0
G1_D1,866,0,272,0,0
B6_D1,900,0,505,0,0
G1_D1,910,0,91,0,0
B6_D1,768,0,223,0,0
G1_D1,1015,0,223,0,0
G1_D1,296,0,250,0,0
B10_D1,663,0,1,0,0
B10_D1,289,0,270,0,0
B10_D1,782,0,52,0,0
B6_D1,299,0,343,0,0
G1_D1,234,0,18,0,0
B10_D1,1013,0,0,0,0
B10_D1,303,0,161,0,0
G1_D1,1001,0,92,0,0
B6_D1,342,0,0,0,0
G1_D1,198,0,237,0,0
B6_D1,902,0,461,0,0
G1_D1,414,0,124,0,0
G1_D1,761,0,313,0,0
G1_D1,134,0,130,0,0
B6_D1,892,0,344,0,0
B2_D1,50,0,511,0,0
B10_D1,219,0,68,0,0
B6_D1,47,0,98,0,0
G1_D1,515,0,106,0,0
B6_D1,436,0,498,0,0
B6_D1,378,0,9,0,0
G1_D1,34,0,289,0,0
B8_D1,759,0,210,0,0
B10_D1,275,0,190,0,0
B10_D1,284,0,28,0,0
G1_D1,653,0,24,0,0
B6_D1,883,0,173,0,0
B8_D1,186,0,345,0,0
G1_D1,900,0,487,0,0
G1_D1,676,0,119,0,0
B10_D1,720,0,472,0,0
B6_D1,604,0,41,0,0
G1_D1,169,0,6,0,0
B10_D1,1018,0,67,0,0
G1_D1,971,0,218,0,0
B10_D1,586,0,4,0,0
G1_D1,581,0,232,0,0
B10_D1,777,0,424,0,0
G1_D1,39,0,4,0,0
B10_D1,457,0,7,0,0
B10_D1,40,0,6,0,0
G1_D1,707,0,14,0,0
G1_D1,368,0,11,0,0
B6_D1,346,0,340,0,0
B6_D1,998,0,226,0,0
B6_D1,668,0,468,0,0
G1_D1,990,0,156,0,0
B6_D1,24,0,502,0,0
B10_D1,578,0,243,0,0
B10_D1,281,0,50,0,0
B4_D1,711,0,252,0,0
B10_D1,240,0,238,0,0
B8_D1,590,0,188,0,0
G1_D1,615,0,475,0,0
G1_D1,704,0,253,0,0
B6_D1,590,0,329,0,0
B6_D1,801,0,251,0,0
B10_D1,344,0,503,0,0
G1_D1,703,0,195,0,0
B2_D1,700,0,474,0,0
B10_D1,465,0,8,0,0
G1_D1,1017,0,342,0,0
B6_D1,298,0,20,0,0
B6_D1,167,0,136,0,0
B6_D1,197,0,393,0,0
B2_D1,765,0,78,0,0
B10_D1,872,0,335,0,0
B10_D1,139,0,324,0,0
B6_D1,718,0,14,0,0
G1_D1,65,0,30,0,0
G1_D1,475,0,6,0,0
B10_D1,12,0,40,0,0
B6_D1,981,0,412,0,0
G1_D1,463,0,215,0,0
B6_D1,858,0,15,0,0
G1_D1,903,0,63,0,0
B6_D1,825,0,116,0,0
B6_D1,744,0,9,0,0
B6_D1,14,0,147,0,0
B10_D1,916,0,319,0,0
B6_D1,509,0,243,0,0
B10_D1,64,0,4,0,0
G1_D1,567,0,67,0,0
B6_D1,320,0,426,0,0
B6_D1,936,0,94,0,0
B6_D1,5,0,117,0,0
B6_D1,142,0,41,0,0
B2_D1,357,0,489,0,0
B10_D1,178,0,261,0,0
B10_D1,462,0,483,0,0
G1_D1,625,0,119,0,0
G1_D1,785,0,15,0,0
B10_D1,930,0,371,0,0
B4_D1,981,0,15,0,0
B2_D1,183,0,276,0,0
B6_D1,624,0,433,0,0
B10_D1,784,0,170,0,0
B6_D1,584,0,326,0,0
B6_D1,105,0,399,0,0
B10_D1,361,0,197,0,0
B6_D1,379,0,292,0,0
G1_D1,457,0,16,0,0
B4_D1,356,0,17,0,0
B6_D1,868,0,474,0,0
G1_D1,737,0,24,0,0
B6_D1,578,0,509,0,0
B10_D1,362,0,43,0,0
B4_D1,204,0,46,0,0
B4_D1,844,0,76,0,0
B6_D1,82,0,29,0,0
B6_D1,85,0,475,0,0
B10_D1,536,0,218,0,0
B8_D1,279,0,183,0,0
B10_D1,545,0,507,0,0
B10_D1,454,0,189,0,0
B10_D1,1017,0,14,0,0
B6_D1,539,0,257,0,0
B6_D1,251,0,481,0,0
B4_D1,326,0,17,0,0
G1_D1,32,0,78,0,0
B10_D1,309,0,46,0,0
B10_D1,161,0,167,0,0
B10_D1,813,0,437,0,0
B10_D1,777,0,59,0,0
B6_D1,691,0,229,0,0
B2_D1,507,0,164,0,0
B6_D1,127,0,456,0,0
B10_D1,394,0,386,0,0
B6_D1,75,0,439,0,0
B6_D1,716,0,1,0,0
B8_D1,820,0,304,0,0
B6_D1,56,0,303,0,0
B2_D1,0,0,132,0,0
B6_D1,327,0,460,0,0
G1_D1,293,0,175,0,0
G1_D1,199,0,262,0,0
G1_D1,560,0,86,0,0
B10_D1,654,0,89,0,0
B6_D1,98,0,48,0,0
B4_D1,855,0,39,0,0
B8_D1,829,0,306,0,0
B8_D1,845,0,303,0,0
B2_D1,341,0,487,0,0
B6_D1,843,0,62,0,0
B10_D1,918,0,5,0,0
B10_D1,509,0,332,0,0
G1_D1,420,0,269,0,0
G1_D1,25,0,141,0,0
B6_D1,768,0,21,0,0
B10_D1,557,0,0,0,0
B10_D1,459,0,278,0,0
B10_D1,2,0,52,0,0
B10_D1,822,0,406,0,0
B6_D1,368,0,43,0,0
B6_D1,903,0,68,0,0
G1_D1,176,0,286,0,0
B6_D1,592,0,26,0,0
B10_D1,752,0,458,0,0
B6_D1,772,0,38,0,0
G1_D1,199,0,76,0,0
B2_D1,713,0,255,0,0
B6_D1,4,0,420,0,0
B10_D1,412,0,240,0,0
B10_D1,15,0,225,0,0
B6_D1,318,0,348,0,0
G1_D1,930,0,326,0,0
B6_D1,262,0,188,0,0
B6_D1,422,0,145,0,0
B6_D1,954,0,429,0,0
B10_D1,377,0,222,0,0
G1_D1,42,0,205,0,0
B6_D1,225,0,90,0,0
B6_D1,11,0,99,0,0
G1_D1,283,0,36,0,0
B6_D1,149,0,201,0,0
G1_D1,758,0,384,0,0
G1_D1,657,0,79,0,0
B6_D1,239,0,181,0,0
B6_D1,877,0,295,0,0
G1_D1,745,0,287,0,0
B6_D1,678,0,442,0,0
B6_D1,932,0,263,0,0
B6_D1,289,0,481,0,0
G1_D1,213,0,10,0,0
B4_D1,217,0,208,0,0
G1_D1,12,0,31,0,0
B10_D1,151,0,26,0,0
G1_D1,218,0,371,0,0
B6_D1,860,0,157,0,0
B6_D1,94,0,93,0,0
G1_D1,140,0,23,0,0
B6_D1,809,0,94,0,0
B6_D1,158,0,46,0,0
B6_D1,302,0,37,0,0
B4_D1,930,0,261,0,0
B6_D1,376,0,498,0,0
B10_D1,360,0,100,0,0
B6_D1,639,0,475,0,0
B2_D1,440,0,159,0,0
B6_D1,365,0,477,0,0
B4_D1,270,0,239,0,0
B6_D1,5,0,481,0,0
B10_D1,5,0,510,0,0
B6_D1,606,0,39,0,0
G1_D1,980,0,11,0,0
B10_D1,419,0,408,0,0
B6_D1,461,0,287,0,0
G1_D1,266,0,165,0,0
B2_D1,67,0,23,0,0
B6_D1,542,0,509,0,0
B2_D1,367,0,384,0,0
B4_D1,16,0,289,0,0
B10_D1,257,0,44,0,0
B6_D1,112,0,83,0,0
G1_D1,410,0,5,0,0
B10_D1,26,0,58,0,0
B10_D1,16,0,288,0,0
B2_D1,781,0,75,0,0
B2_D1,549,0,459,0,0
B6_D1,671,0,112,0,0
G1_D1,662,0,149,0,0
B8_D1,662,0,245,0,0
B4_D1,183,0,5,0,0
B10_D1,171,0,506,0,0
B8_D1,613,0,300,0,0
B6_D1,624,0,331,0,0
G1_D1,571,0,6,0,0
B10_D1,6,0,220,0,0
B2_D1,147,0,6,0,0
G1_D1,8,0,345,0,0
G1_D1,640,0,59,0,0
B6_D1,150,0,21,0,0
B10_D1,367,0,134,0,0
B10_D1,678,0,412,0,0
B6_D1,383,0,369,0,0
B10_D1,178,0,135,0,0
G1_D1,632,0,49,0,0
B10_D1,909,0,390,0,0
B6_D1,159,0,232,0,0
B6_D1,923,0,317,0,0
B6_D1,307,0,188,0,0
B10_D1,765,0,163,0,0
B6_D1,186,0,152,0,0
B2_D1,771,0,234,0,0
B4_D1,1,0,151,0,0
B6_D1,638,0,348,0,0
B10_D1,804,0,30,0,0
B4_D1,880,0,104,0,0
G1_D1,902,0,326,0,0
B6_D1,740,0,466,0,0
B10_D1,931,0,32,0,0
B10_D1,738,0,456,0,0
B6_D1,775,0,75,0,0
G1_D1,33,0,286,0,0
B4_D1,4,0,386,0,0
B8_D1,804,0,307,0,0
B10_D1,861,0,221,0,0
B10_D1,23,0,38,0,0
B10_D1,751,0,84,0,0
B6_D1,642,0,435,0,0
B6_D1,511,0,261,0,0
B10_D1,651,0,30,0,0
B2_D1,356,0,387,0,0
B6_D1,539,0,232,0,0
B10_D1,549,0,2,0,0
B6_D1,584,0,503,0,0
G1_D1,725,0,8,0,0
B10_D1,594,0,79,0,0
G1_D1,950,0,259,0,0
B2_D1,863,0,24,0,0
G1_D1,399,0,91,0,0
B10_D1,307,0,86,0,0
B6_D1,60,0,171,0,0
B6_D1,432,0,324,0,0
B10_D1,647,0,486,0,0
G1_D1,633,0,41,0,0
B6_D1,850,0,145,0,0
B6_D1,832,0,510,0,0
B6_D1,678,0,189,0,0
B4_D1,321,0,216,0,0
G1_D1,821,0,269,0,0
B6_D1,903,0,67,0,0
B6_D1,427,0,219,0,0
B6_D1,527,0,384,0,0
B6_D1,598,0,2,0,0
B6_D1,789,0,129,0,0
B2_D1,898,0,100,0,0
B10_D1,636,0,37,0,0
G1_D1,1001,0,163,0,0
B6_D1,93,0,87,0,0
B2_D1,159,0,257,0,0
B10_D1,68,0,145,0,0
B2_D1,813,0,364,0,0
B6_D1,448,0,159,0,0
G1_D1,692,0,158,0,0
G1_D1,28,0,55,0,0
B4_D1,729,0,253,0,0
G1_D1,862,0,303,0,0
B2_D1,746,0,192,0,0
B2_D1,769,0,243,0,0
B10_D1,741,0,269,0,0
B6_D1,592,0,32,0,0
B4_D1,3,0,289,0,0
B10_D1,857,0,0,0,0
B6_D1,524,0,497,0,0
B6_D1,134,0,22,0,0
B10_D1,423,0,2,0,0
B6_D1,75,0,87,0,0
B6_D1,48,0,235,0,0
B2_D1,560,0,482,0,0
B10_D1,688,0,4,0,0
B2_D1,2,0,135,0,0
B10_D1,455,0,480,0,0
B10_D1,628,0,118,0,0
B6_D1,910,0,283,0,0
B10_D1,124,0,232,0,0
B6_D1,342,0,429,0,0
G1_D1,1020,0,257,0,0
G1_D1,224,0,25,0,0
B10_D1,383,0,15,0,0
G1_D1,583,0,223,0,0
B10_D1,98,0,153,0,0
B4_D1,632,0,180,0,0
B6_D1,110,0,404,0,0
G1_D1,601,0,230,0,0
B4_D1,820,0,16,0,0
B10_D1,890,0,24,0,0
B10_D1,256,0,4,0,0
B10_D1,575,0,411,0,0
B2_D1,244,0,155,0,0
B10_D1,172,0,235,0,0
G1_D1,589,0,196,0,0
B10_D1,284,0,323,0,0
B10_D1,634,0,4,0,0
B2_D1,490,0,288,0,0
B10_D1,38,0,276,0,0
B6_D1,1006,0,107,0,0
B10_D1,144,0,235,0,0
B10_D1,900,0,239,0,0
B6_D1,974,0,131,0,0
G1_D1,873,0,466,0,0
B10_D1,538,0,118,0,0
B6_D1,1004,0,503,0,0
B2_D1,340,0,511,0,0
B6_D1,328,0,483,0,0
B10_D1,222,0,426,0,0
B6_D1,981,0,141,0,0
B10_D1,643,0,55,0,0
B6_D1,403,0,217,0,0
B4_D1,86,0,33,0,0
B4_D1,54,0,19,0,0
G1_D1,11,0,50,0,0
G1_D1,156,0,25,0,0
B10_D1,639,0,307,0,0
B10_D1,901,0,309,0,0
B4_D1,884,0,32,0,0
G1_D1,141,0,46,0,0
B2_D1,622,0,163,0,0
B10_D1,287,0,511,0,0
B6_D1,656,0,469,0,0
B10_D1,17,0,139,0,0
B4_D1,276,0,244,0,0
B10_D1,540,0,66,0,0
B10_D1,426,0,259,0,0
G1_D1,145,0,264,0,0
B4_D1,40,0,118,0,0
B2_D1,249,0,66,0,0
B6_D1,896,0,394,0,0
B10_D1,779,0,205,0,0
B10_D1,424,0,508,0,0
B6_D1,150,0,36,0,0
B10_D1,442,0,71,0,0
G1_D1,326,0,277,0,0
B6_D1,664,0,20,0,0
B2_D1,315,0,43,0,0
B6_D1,116,0,48,0,0
B10_D1,26,0,241,0,0
B6_D1,342,0,171,0,0
B10_D1,685,0,420,0,0
G1_D1,824,0,126,0,0
B10_D1,589,0,314,0,0
B10_D1,488,0,181,0,0
G1_D1,687,0,361,0,0
G1_D1,487,0,19,0,0
B10_D1,445,0,158,0,0
B6_D1,724,0,237,0,0
G1_D1,373,0,462,0,0
B4_D1,452,0,373,0,0
G1_D1,621,0,181,0,0
B4_D1,778,0,91,0,0
B10_D1,265,0,422,0,0
B10_D1,790,0,38,0,0
G1_D1,29,0,153,0,0
B6_D1,482,0,354,0,0
B6_D1,659,0,388,0,0
G1_D1,1023,0,273,0,0
B4_D1,679,0,310,0,0
G1_D1,9,0,309,0,0
B4_D1,110,0,0,0,0
G1_D1,23,0,36,0,0
B10_D1,361,0,134,0,0
B6_D1,1014,0,434,0,0
G1_D1,54,0,64,0,0
B2_D1,566,0,100,0,0
B10_D1,795,0,229,0,0
B10_D1,592,0,4,0,0
G1_D1,12,0,314,0,0
G1_D1,754,0,17,0,0
B6_D1,202,0,17,0,0
G1_D1,157,0,269,0,0
G1_D1,875,0,2,0,0
G1_D1,644,0,112,0,0
B10_D1,346,0,17,0,0
B6_D1,638,0,491,0,0
B6_D1,458,0,491,0,0
B6_D1,257,0,479,0,0
B6_D1,372,0,511,0,0
B6_D1,464,0,494,0,0
B10_D1,251,0,134,0,0
G1_D1,649,0,304,0,0
B6_D1,744,0,496,0,0
B6_D1,830,0,43,0,0
B2_D1,901,0,106,0,0
B10_D1,929,0,180,0,-1
B6_D1,578,0,46,0,0
G1_D1,343,0,226,0,0
B10_D1,199,0,81,0,0
B6_D1,649,0,392,0,0
B6_D1,814,0,378,0,0
B10_D1,151,0,219,0,0
B6_D1,178,0,408,0,0
B6_D1,371,0,263,0,0
B6_D1,726,0,431,0,0
B10_D1,652,0,109,0,0
B6_D1,138,0,15,0,0
G1_D1,54,0,23,0,0
G1_D1,188,0,445,0,0
G1_D1,990,0,185,0,0
B6_D1,618,0,0,0,0
B10_D1,24,0,32,0,0
B6_D1,623,0,479,0,0
B6_D1,668,0,204,0,0
B6_D1,585,0,418,0,0
B6_D1,619,0,412,0,0
B10_D1,451,0,196,0,0
B6_D1,676,0,498,0,0
B6_D1,0,0,39,0,0
B6_D1,5,0,110,0,0
B10_D1,195,0,190,0,0
B6_D1,493,0,56,0,0
B6_D1,425,0,66,0,0
B2_D1,139,0,447,0,0
G1_D1,995,0,157,0,0
B4_D1,846,0,16,0,0
G1_D1,358,0,44,0,0
G1_D1,919,0,219,0,0
B4_D1,555,0,82,0,0
G1_D1,711,0,368,0,0
B10_D1,446,0,240,0,0
B6_D1,332,0,430,0,0
B10_D1,819,0,39,0,0
B4_D1,88,0,32,0,0
B10_D1,341,0,0,0,0
B10_D1,751,0,60,0,0
G1_D1,45,0,4,0,0
G1_D1,242,0,256,0,0
B10_D1,501,0,112,0,0
G1_D1,867,0,208,0,0
B10_D1,164,0,120,0,0
G1_D1,235,0,458,0,0
B6_D1,771,0,265,0,0
G1_D1,763,0,311,0,0
B10_D1,822,0,278,0,0
B10_D1,264,0,71,0,0
G1_D1,99,0,368,0,0
B4_D1,15,0,131,0,0
B6_D1,987,0,423,0,0
G1_D1,435,0,10,0,0
B10_D1,496,0,337,0,0
B10_D1,663,0,203,0,0
B10_D1,251,0,235,0,0
B6_D1,614,0,345,0,0
B6_D1,837,0,142,0,0
B10_D1,510,0,90,0,0
B10_D1,595,0,7,0,0
B2_D1,240,0,457,0,0
B6_D1,904,0,489,0,0
B4_D1,188,0,52,0,0
B10_D1,531,0,413,0,0
G1_D1,712,0,9,0,0
B4_D1,813,0,53,0,0
B6_D1,489,0,186,0,0
B4_D1,697,0,304,0,0
B6_D1,522,0,45,0,0
G1_D1,266,0,61,0,0
B6_D1,588,0,27,0,0
B6_D1,788,0,293,0,0
B6_D1,192,0,348,0,0
G1_D1,170,0,177,0,0
B10_D1,95,0,510,0,0
B6_D1,524,0,64,0,0
B10_D1,321,0,1,0,0
B10_D1,1021,0,5,0,0
B6_D1,672,0,511,0,0
B6_D1,71,0,457,0,0
G1_D1,18,0,400,0,0
B10_D1,714,0,91,0,0
B10_D1,939,0,286,0,0
B10_D1,491,0,481,0,0
B4_D1,796,0,79,0,0
B6_D1,182,0,494,0,0
B6_D1,226,0,492,0,0
G1_D1,1012,0,250,0,0
G1_D1,186,0,125,0,0
B6_D1,43,0,69,0,0
B6_D1,104,0,43,0,0
B4_D1,992,0,286,0,0
B6_D1,511,0,228,0,0
G1_D1,1019,0,158,0,0
B10_D1,883,0,348,0,0
B10_D1,249,0,168,0,0
B2_D1,272,0,37,0,0
G1_D1,60,0,53,0,0
G1_D1,959,0,8,0,0
B10_D1,560,0,209,0,0
B6_D1,302,0,206,0,0
B10_D1,526,0,475,0,0
B8_D1,808,0,234,0,0
G1_D1,578,0,275,0,0
B10_D1,799,0,63,0,0
B10_D1,668,0,91,0,0
B6_D1,981,0,293,0,0
B10_D1,437,0,115,0,0
B10_D1,508,0,336,0,0
B6_D1,897,0,67,0,0
B10_D1,609,0,9,0,0
B6_D1,155,0,86,0,0
G1_D1,706,0,202,0,0
G1_D1,764,0,387,0,0
B6_D1,26,0,245,0,0
G1_D1,925,0,26,0,0
B2_D1,474,0,26,0,0
B8_D1,38,0,249,0,0
B4_D1,588,0,65,0,0
G1_D1,998,0,52,0,0
G1_D1,27,0,285,0,0
B10_D1,873,0,48,0,0
B6_D1,406,0,255,0,0
B10_D1,575,0,45,0,0
B6_D1,699,0,188,0,0
B6_D1,786,0,484,0,0
G1_D1,709,0,281,0,0
B6_D1,656,0,482,0,0
B10_D1,793,0,273,0,0
B10_D1,34,0,13,0,0
B6_D1,756,0,373,0,0
B10_D1,215,0,11,0,0
B6_D1,453,0,375,0,0
B6_D1,781,0,458,0,0
B10_D1,322,0,311,0,0
B10_D1,240,0,202,0,0
B6_D1,971,0,356,0,0
B10_D1,644,0,211,0,0
B6_D1,970,0,421,0,0
B6_D1,548,0,313,0,0
B6_D1,341,0,458,0,0
B6_D1,1023,0,429,0,0
B6_D1,404,0,482,0,0
G1_D1,118,0,282,0,0
B4_D1,559,0,171,0,0
B6_D1,769,0,369,0,0
B6_D1,904,0,504,0,0
B6_D1,38,0,482,0,0
B6_D1,506,0,43,0,0
B6_D1,742,0,298,0,0
B10_D1,409,0,199,0,0
G1_D1,469,0,139,0,0
B2_D1,831,0,184,0,0
B10_D1,605,0,216,0,0
B4_D1,710,0,195,0,0
G1_D1,973,0,71,0,0
B8_D1,87,0,171,0,0
B6_D1,62,0,389,0,0
G1_D1,780,0,112,0,0
G1_D1,664,0,243,0,0
G1_D1,294,0,42,0,0
B10_D1,333,0,150,0,0
B6_D1,562,0,486,0,0
G1_D1,359,0,163,0,0
B10_D1,239,0,510,0,0
B2_D1,295,0,292,0,0
B10_D1,598,0,283,0,0
B10_D1,940,0,338,0,0
B10_D1,840,0,86,0,0
B6_D1,662,0,476,0,0
B6_D1,390,0,169,0,0
B6_D1,264,0,30,0,0
G1_D1,180,0,451,0,0
B10_D1,425,0,89,0,0
B6_D1,336,0,335,0,0
B10_D1,607,0,478,0,0
G1_D1,171,0,155,0,0
G1_D1,815,0,392,0,0
B4_D1,252,0,336,0,0
B2_D1,829,0,19,0,0
B6_D1,856,0,422,0,0
G1_D1,949,0,243,0,0
B10_D1,376,0,157,0,0
B4_D1,184,0,111,0,0
B10_D1,420,0,74,0,0
B6_D1,638,0,497,0,0
B6_D1,997,0,273,0,0
G1_D1,427,0,12,0,0
B6_D1,408,0,484,0,0
B6_D1,534,0,33,0,0
B6_D1,718,0,495,0,0
B10_D1,11,0,274,0,0
B10_D1,413,0,488,0,0
B2_D1,879,0,68,0,0
B4_D1,394,0,401,0,0
B10_D1,715,0,476,0,0
B6_D1,794,0,114,0,0
B10_D1,673,0,309,0,0
B6_D1,954,0,0,0,0
B6_D1,789,0,217,0,0
B6_D1,677,0,307,0,0
G1_D1,620,0,5,0,0
B10_D1,631,0,313,0,0
G1_D1,900,0,264,0,0
B6_D1,72,0,378,0,0
G1_D1,240,0,122,0,0
B10_D1,733,0,3,0,0
B6_D1,784,0,50,0,0
B10_D1,988,0,282,0,0
B6_D1,431,0,376,0,0
B10_D1,435,0,213,0,0
B2_D1,942,0,49,0,0
B10_D1,181,0,49,0,0
B8_D1,4,0,251,0,0
G1_D1,746,0,197,0,0
B6_D1,274,0,26,0,0
B6_D1,773,0,239,0,0
B6_D1,997,0,142,0,0
B6_D1,669,0,414,0,0
G1_D1,357,0,45,0,0
B6_D1,930,0,27,0,0
G1_D1,479,0,243,0,0
B4_D1,809,0,41,0,0
B10_D1,432,0,252,0,0
B6_D1,373,0,191,0,0
B4_D1,672,0,185,0,0
B6_D1,323,0,208,0,0
B10_D1,43,0,176,0,0
B10_D1,796,0,76,0,0
G1_D1,385,0,16,0,0
G1_D1,255,0,154,0,0
B10_D1,663,0,163,0,0
G1_D1,771,0,102,0,0
B6_D1,199,0,480,0,0
B6_D1,1014,0,414,0,0
B6_D1,735,0,146,0,0
B10_D1,706,0,71,0,0
B2_D1,681,0,19,0,0
B6_D1,856,0,507,0,0
G1_D1,113,0,198,0,0
B10_D1,716,0,6,0,0
B10_D1,989,0,279,0,0
B6_D1,33,0,399,0,0
B6_D1,24,0,244,0,0
B10_D1,953,0,1,0,0
B2_D1,532,0,221,0,0
B10_D1,861,0,442,0,0
B10_D1,562,0,297,0,0
B6_D1,909,0,240,0,0
B10_D1,514,0,110,0,0
B6_D1,9,0,141,0,0
B6_D1,172,0,406,0,0
B2_D1,2,0,208,0,0
B6_D1,620,0,1,0,0
B4_D1,914,0,232,0,0
B10_D1,785,0,48,0,0
B6_D1,968,0,92,0,0
G1_D1,974,0,23,0,0
B6_D1,130,0,2,0,0
B6_D1,425,0,248,0,0
B10_D1,12,0,59,0,0
G1_D1,239,0,14,0,0
B2_D1,92,0,85,0,0
G1_D1,981,0,296,0,0
G1_D1,7,0,254,0,0
G1_D1,978,0,61,0,0
B4_D1,870,0,262,0,0
G1_D1,201,0,453,0,0
B4_D1,309,0,291,0,0
B4_D1,666,0,61,0,0
G1_D1,805,0,42,0,0
B10_D1,471,0,205,0,0
B6_D1,252,0,27,0,0
B10_D1,763,0,403,0,0
B6_D1,784,0,330,0,0
B10_D1,646,0,275,0,0
B10_D1,520,0,475,0,0
B6_D1,691,0,435,0,0
G1_D1,423,0,23,0,0
B2_D1,1023,0,341,0,0
G1_D1,974,0,379,0,0
G1_D1,522,0,60,0,0
B2_D1,880,0,263,0,0
B10_D1,614,0,63,0,0
B6_D1,317,0,135,0,0
G1_D1,335,0,241,0,0
B6_D1,454,0,408,0,0
B10_D1,534,0,66,0,0
B6_D1,525,0,227,0,0
B6_D1,986,0,134,0,0
B6_D1,354,0,496,0,0
B10_D1,773,0,4,0,0
B6_D1,9,0,259,0,0
G1_D1,936,0,325,0,0
B10_D1,675,0,392,0,0
G1_D1,719,0,14,0,0
G1_D1,1005,0,367,0,0
B2_D1,128,0,423,0,0
G1_D1,471,0,96,0,0
G1_D1,445,0,242,0,0
B6_D1,18,0,490,0,0
B6_D1,66,0,266,0,0
G1_D1,333,0,4,0,0
B6_D1,701,0,149,0,0
B10_D1,598,0,206,0,0
B10_D1,359,0,11,0,0
G1_D1,227,0,8,0,0
B10_D1,878,0,367,0,0
G1_D1,1005,0,256,0,0
B10_D1,378,0,484,0,0
B6_D1,23,0,98,0,0
B6_D1,6,0,33,0,0
B6_D1,853,0,138,0,0
B6_D1,225,0,135,0,0
B6_D1,763,0,408,0,0
G1_D1,1012,0,266,0,0
B4_D1,454,0,419,0,0
B6_D1,139,0,369,0,0
B4_D1,926,0,251,0,0
G1_D1,1008,0,105,0,0
B6_D1,529,0,246,0,0
B10_D1,111,0,88,0,0
B6_D1,139,0,174,0,0
B10_D1,768,0,261,0,0
B6_D1,840,0,0,0,0
B10_D1,105,0,286,0,0
B6_D1,578,0,22,0,0
B6_D1,827,0,94,0,0
B6_D1,883,0,464,0,0
G1_D1,338,0,434,0,0
B10_D1,198,0,162,0,0
B6_D1,660,0,484,0,0
B6_D1,528,0,263,0,0
G1_D1,737,0,2,0,0
B10_D1,446,0,503,0,0
B10_D1,424,0,263,0,0
B10_D1,576,0,325,0,0
G1_D1,269,0,509,0,0
B6_D1,410,0,259,0,0
B10_D1,321,0,142,0,0
B10_D1,8,0,49,0,0
B2_D1,299,0,124,0,0
B6_D1,101,0,124,0,0
B10_D1,711,0,451,0,0
B10_D1,593,0,42,0,0
G1_D1,318,0,218,0,0
G1_D1,29,0,193,0,0
G1_D1,221,0,452,0,0
B10_D1,119,0,191,0,0
B2_D1,771,0,15,0,0
B6_D1,361,0,384,0,0
B10_D1,557,0,154,0,0
B6_D1,695,0,456,0,0
B10_D1,837,0,36,0,0
G1_D1,56,0,1,0,0
B10_D1,469,0,214,0,0
B6_D1,120,0,85,0,0
G1_D1,730,0,458,0,0
B6_D1,589,0,168,0,0
G1_D1,995,0,339,0,0
B6_D1,554,0,465,0,0
B4_D1,7,0,32,0,0
B2_D1,717,0,140,0,0
B2_D1,213,0,135,0,0
B10_D1,430,0,354,0,0
B6_D1,876,0,194,0,0
G1_D1,305,0,61,0,0
G1_D1,434,0,145,0,0
B10_D1,88,0,41,0,0
B6_D1,194,0,488,0,0
G1_D1,559,0,16,0,0
G1_D1,20,0,67,0,0
B10_D1,623,0,123,0,0
B10_D1,360,0,342,0,0
B2_D1,339,0,137,0,0
G1_D1,872,0,264,0,0
B10_D1,548,0,29,0,0
B6_D1,2,0,506,0,0
B6_D1,281,0,315,0,0
G1_D1,413,0,272,0,0
G1_D1,675,0,20,0,0
B10_D1,289,0,343,0,0
B6_D1,408,0,391,0,0
G1_D1,60,0,138,0,0
G1_D1,927,0,4,0,0
B6_D1,696,0,508,0,0
B2_D1,839,0,270,0,0
G1_D1,779,0,247,0,0
B4_D1,53,0,388,0,0
B6_D1,200,0,449,0,0
G1_D1,180,0,0,0,0
B6_D1,404,0,226,0,0
B6_D1,192,0,84,0,0
B10_D1,292,0,196,0,0
B4_D1,980,0,155,0,0
B10_D1,837,0,319,0,0
B4_D1,884,0,258,0,0
B6_D1,508,0,386,0,0
G1_D1,697,0,279,0,0
B6_D1,444,0,170,0,0
B10_D1,812,0,91,0,0
G1_D1,359,0,228,0,0
B10_D1,831,0,62,0,0
B6_D1,482,0,40,0,0
G1_D1,47,0,37,0,0
B10_D1,1,0,162,0,0
B10_D1,327,0,79,0,0
G1_D1,928,0,72,0,0
B10_D1,887,0,438,0,0
B6_D1,496,0,483,0,0
B10_D1,364,0,175,0,0
B10_D1,141,0,169,0,0
B10_D1,1013,0,80,0,0
B8_D1,835,0,306,0,0
G1_D1,311,0,148,0,0
B6_D1,174,0,117,0,0
B6_D1,128,0,98,0,0
B4_D1,490,0,60,0,0
G1_D1,852,0,175,0,0
B10_D1,862,0,24,0,0
B10_D1,867,0,339,0,0
B10_D1,537,0,78,0,0
G1_D1,822,0,255,0,0
B10_D1,775,0,111,0,0
B6_D1,314,0,231,0,0
B6_D1,848,0,270,0,0
G1_D1,724,0,3,0,0
G1_D1,121,0,448,0,0
B10_D1,235,0,358,0,0
B10_D1,388,0,311,0,0
B6_D1,397,0,102,0,0
B10_D1,316,0,227,0,0
B6_D1,163,0,448,0,0
B6_D1,974,0,304,0,0
G1_D1,559,0,12,0,0
B6_D1,837,0,56,0,0
G1_D1,22,0,289,0,0
B10_D1,793,0,276,0,0
G1_D1,22,0,255,0,0
G1_D1,27,0,140,0,0
B4_D1,111,0,90,0,0
B6_D1,763,0,421,0,0
B10_D1,144,0,260,0,0
B2_D1,791,0,69,0,0
B6_D1,566,0,292,0,0
B6_D1,863,0,233,0,0
G1_D1,1017,0,270,0,0
B10_D1,64,0,24,0,0
B10_D1,657,0,308,0,0
G1_D1,791,0,215,0,0
B2_D1,592,0,225,0,0
B6_D1,982,0,251,0,0
B4_D1,666,0,60,0,0
B4_D1,723,0,253,0,0
G1_D1,983,0,38,0,0
G1_D1,1012,0,9,0,0
B6_D1,160,0,495,0,0
B10_D1,687,0,307,0,0
B6_D1,204,0,165,0,0
G1_D1,783,0,72,0,0
B10_D1,609,0,255,0,0
B6_D1,22,0,483,0,0
B10_D1,412,0,341,0,0
B8_D1,697,0,186,0,0
B10_D1,506,0,92,0,0
G1_D1,278,0,70,0,0
B10_D1,349,0,100,0,0
B10_D1,775,0,375,0,0
G1_D1,143,0,498,0,0
B6_D1,1002,0,91,0,0
B6_D1,647,0,181,0,0
B6_D1,216,0,135,0,0
B10_D1,690,0,508,0,0
B6_D1,140,0,16,0,0
G1_D1,1019,0,498,0,0
B10_D1,981,0,470,0,0
B10_D1,775,0,420,0,0
B6_D1,243,0,80,0,0
B6_D1,672,0,244,0,0
B6_D1,866,0,119,0,0
B10_D1,599,0,43,0,0
B4_D1,710,0,256,0,0
G1_D1,174,0,231,0,0
B10_D1,660,0,96,0,0
B6_D1,650,0,25,0,0
B2_D1,279,0,43,0,0
B6_D1,266,0,500,0,0
B10_D1,246,0,126,0,0
G1_D1,550,0,9,0,0
B10_D1,623,0,195,0,0
B6_D1,728,0,421,0,0
B10_D1,365,0,270,0,0
B6_D1,719,0,359,0,0
B6_D1,636,0,493,0,0
G1_D1,351,0,10,0,0
B10_D1,5,0,363,0,0
G1_D1,628,0,457,0,0
B8_D1,357,0,292,0,0
B6_D1,655,0,417,0,0
B8_D1,400,0,282,0,0
B6_D1,450,0,42,0,0
B10_D1,237,0,142,0,0
B6_D1,591,0,321,0,0
B6_D1,284,0,275,0,0
B6_D1,813,0,82,0,0
G1_D1,1007,0,121,0,0
B4_D1,939,0,41,0,0
B8_D1,498,0,292,0,0
B10_D1,67,0,150,0,0
G1_D1,459,0,113,0,0
G1_D1,1012,0,287,0,0
B10_D1,745,0,33,0,0
B10_D1,265,0,303,0,0
B6_D1,772,0,206,0,0
B10_D1,41,0,143,0,0
B10_D1,877,0,337,0,0
B6_D1,68,0,389,0,0
B6_D1,120,0,21,0,0
B2_D1,696,0,361,0,0
B6_D1,222,0,180,0,0
B6_D1,825,0,427,0,0
B6_D1,4,0,231,0,0
B6_D1,206,0,500,0,0
B10_D1,954,0,24,0,0
B6_D1,765,0,355,0,0
B2_D1,402,0,507,0,0
B6_D1,494,0,276,0,0
G1_D1,197,0,140,0,0
G1_D1,73,0,502,0,0
B10_D1,157,0,213,0,0
B8_D1,228,0,189,0,0
B6_D1,692,0,286,0,0
B10_D1,893,0,69,0,0
B10_D1,803,0,2,0,0
G1_D1,111,0,298,0,0
G1_D1,22,0,212,0,0
B6_D1,956,0,231,0,0
B10_D1,560,0,481,0,0
G1_D1,28,0,158,0,0
B10_D1,343,0,93,0,0
B10_D1,588,0,410,0,0
G1_D1,360,0,18,0,0
B4_D1,6,0,403,0,0
G1_D1,313,0,74,0,0
B6_D1,555,0,480,0,0
B10_D1,763,0,486,0,0
G1_D1,23,0,193,0,0
B6_D1,49,0,228,0,0
B6_D1,985,0,428,0,0
B10_D1,503,0,477,0,0
B6_D1,895,0,427,0,0
G1_D1,402,0,139,0,0
B10_D1,680,0,196,0,0
B6_D1,68,0,98,0,0
G1_D1,728,0,256,0,0
B6_D1,518,0,394,0,0
B2_D1,848,0,216,0,0
B6_D1,173,0,481,0,0
B10_D1,266,0,271,0,0
B6_D1,539,0,390,0,0
G1_D1,361,0,415,0,0
B10_D1,752,0,314,0,0
B4_D1,4,0,316,0,0
B4_D1,748,0,65,0,0
B10_D1,612,0,56,0,0
B6_D1,233,0,109,0,0
B6_D1,675,0,211,0,0
B6_D1,16,0,364,0,0
B6_D1,546,0,319,0,0
B6_D1,14,0,95,0,0
B6_D1,550,0,29,0,0
G1_D1,64,0,385,0,0
B2_D1,343,0,24,0,0
B2_D1,921,0,43,0,0
B6_D1,866,0,423,0,0
B6_D1,668,0,344,0,0
B10_D1,388,0,344,0,0
G1_D1,309,0,231,0,0
B10_D1,982,0,78,0,0
B10_D1,583,0,214,0,0
G1_D1,644,0,87,0,0
B6_D1,800,0,43,0,0
B10_D1,596,0,111,0,0
B6_D1,228,0,490,0,0
G1_D1,369,0,410,0,0
G1_D1,15,0,203,0,0
B10_D1,728,0,311,0,0
B6_D1,519,0,324,0,0
G1_D1,739,0,346,0,0
G1_D1,36,0,89,0,0
B10_D1,683,0,283,0,0
G1_D1,841,0,131,0,0
B10_D1,789,0,97,0,0
B10_D1,796,0,391,0,0
B6_D1,459,0,457,0,0
B6_D1,820,0,351,0,0
B6_D1,787,0,101,0,0
G1_D1,873,0,136,0,0
B6_D1,579,0,225,0,0
B4_D1,626,0,163,0,0
B10_D1,131,0,231,0,0
G1_D1,756,0,208,0,0
G1_D1,786,0,23,0,0
B6_D1,618,0,287,0,0
B6_D1,668,0,422,0,0
G1_D1,613,0,247,0,0
B4_D1,911,0,14,0,0
B10_D1,607,0,340,0,0
B6_D1,496,0,47,0,0
B10_D1,954,0,284,0,0
B10_D1,198,0,453,0,0
B10_D1,26,0,68,0,0
B6_D1,6,0,321,0,0
B10_D1,613,0,84,0,0
G1_D1,188,0,375,0,0
B6_D1,849,0,63,0,0
B4_D1,186,0,415,0,0
B2_D1,430,0,511,0,0
G1_D1,981,0,34,0,0
B6_D1,401,0,284,0,0
B10_D1,79,0,34,0,0
B10_D1,509,0,411,0,0
G1_D1,359,0,395,0,0
B6_D1,308,0,79,0,0
B10_D1,687,0,477,0,0
B10_D1,278,0,51,0,0
B10_D1,406,0,124,0,0
B10_D1,563,0,477,0,0
B6_D1,58,0,268,0,0
B10_D1,941,0,109,0,0
B6_D1,832,0,8,0,0
B6_D1,466,0,486,0,0
B10_D1,301,0,333,0,0
B6_D1,724,0,240,0,0
B6_D1,802,0,139,0,0
B6_D1,176,0,409,0,0
B10_D1,281,0,318,0,0
B10_D1,752,0,52,0,0
B10_D1,30,0,90,0,0
B6_D1,1020,0,3,0,0
B10_D1,423,0,372,0,0
B4_D1,1,0,69,0,0
B6_D1,474,0,487,0,0
B6_D1,998,0,485,0,0
B10_D1,418,0,159,0,0
G1_D1,711,0,263,0,0
G1_D1,661,0,247,0,0
B4_D1,814,0,257,0,0
B10_D1,30,0,70,0,0
B10_D1,190,0,46,0,0
G1_D1,989,0,187,0,0
G1_D1,829,0,244,0,0
B4_D1,45,0,21,0,0
B4_D1,6,0,150,0,0
G1_D1,642,0,81,0,0
B6_D1,548,0,374,0,0
B6_D1,818,0,105,0,0
B6_D1,346,0,44,0,0
G1_D1,14,0,94,0,0
B10_D1,887,0,365,0,0
B10_D1,243,0,236,0,0
B6_D1,862,0,303,0,0
G1_D1,277,0,189,0,0
B10_D1,39,0,165,0,0
B6_D1,744,0,450,0,0
B10_D1,49,0,7,0,0
B6_D1,80,0,491,0,0
G1_D1,18,0,223,0,0
B6_D1,932,0,299,0,0
B6_D1,252,0,490,0,0
B6_D1,950,0,303,0,0
B10_D1,620,0,193,0,0
G1_D1,103,0,163,0,0
B2_D1,159,0,258,0,0
B6_D1,910,0,370,0,-1
B6_D1,1016,0,311,0,0
G1_D1,773,0,2,0,0
B10_D1,107,0,338,0,0
B6_D1,396,0,493,0,0
G1_D1,111,0,21,0,0
B6_D1,34,0,510,0,0
B10_D1,862,0,71,0,0
G1_D1,331,0,62,0,0
G1_D1,789,0,133,0,0
B6_D1,73,0,295,0,0
B6_D1,472,0,380,0,0
G1_D1,13,0,132,0,0
B10_D1,716,0,418,0,0
G1_D1,922,0,18,0,0
B4_D1,682,0,52,0,0
B10_D1,94,0,41,0,0
B10_D1,757,0,3,0,0
B8_D1,108,0,95,0,0
B10_D1,436,0,341,0,0
B10_D1,826,0,27,0,0
B8_D1,755,0,313,0,0
G1_D1,981,0,73,0,0
B2_D1,279,0,36,0,0
B10_D1,602,0,204,0,0
G1_D1,447,0,480,0,0
B6_D1,940,0,409,0,0
G1_D1,982,0,16,0,0
B10_D1,290,0,51,0,0
B10_D1,453,0,90,0,0
B10_D1,867,0,221,0,0
B10_D1,479,0,279,0,0
B6_D1,131,0,312,0,0
G1_D1,244,0,261,0,0
B6_D1,814,0,331,0,0
B6_D1,242,0,303,0,0
G1_D1,111,0,299,0,0
B4_D1,56,0,17,0,0
B6_D1,762,0,163,0,0
B6_D1,41,0,168,0,0
B6_D1,966,0,487,0,0
G1_D1,734,0,19,0,0
B6_D1,817,0,192,0,0
G1_D1,264,0,99,0,0
G1_D1,9,0,139,0,0
B10_D1,643,0,150,0,0
B6_D1,434,0,387,0,0
B10_D1,597,0,302,0,0
B10_D1,881,0,352,0,0
B6_D1,540,0,165,0,0
B6_D1,190,0,121,0,0
B10_D1,572,0,28,0,0
B10_D1,208,0,184,0,0
G1_D1,1001,0,195,0,0
B10_D1,316,0,243,0,0
B10_D1,758,0,418,0,0
B4_D1,527,0,421,0,0
B6_D1,601,0,422,0,0
B6_D1,887,0,300,0,0
B6_D1,704,0,13,0,0
G1_D1,176,0,1,0,0
B6_D1,601,0,355,0,0
B10_D1,60,0,58,0,0
B6_D1,548,0,186,0,0
B6_D1,307,0,344,0,0
B4_D1,464,0,68,0,0
B10_D1,269,0,188,0,0
B10_D1,601,0,35,0,0
G1_D1,553,0,461,0,0
G1_D1,325,0,6,0,0
B4_D1,88,0,422,0,0
B10_D1,823,0,433,0,0
B2_D1,197,0,472,0,0
B10_D1,5,0,350,0,0
B10_D1,316,0,307,0,0
B10_D1,382,0,409,0,0
B6_D1,47,0,410,0,0
G1_D1,110,0,11,0,0
B8_D1,203,0,49,0,0
B6_D1,654,0,346,0,0
G1_D1,316,0,9,0,0
B2_D1,228,0,456,0,0
B2_D1,932,0,45,0,0
G1_D1,10,0,315,0,0
B10_D1,28,0,114,0,0
G1_D1,11,0,37,0,0
B4_D1,878,0,32,0,0
G1_D1,290,0,236,0,0
B6_D1,658,0,5,0,0
B6_D1,688,0,47,0,0
B10_D1,532,0,510,0,0
B10_D1,428,0,36,0,0
B6_D1,838,0,8,0,0
B6_D1,271,0,162,0,0
B6_D1,124,0,200,0,0
B6_D1,123,0,373,0,0
B10_D1,872,0,261,0,0
B6_D1,963,0,54,0,0
B8_D1,686,0,251,0,0
B10_D1,523,0,328,0,0
G1_D1,30,0,214,0,0
B6_D1,948,0,15,0,0
G1_D1,335,0,402,0,0
B2_D1,445,0,491,0,0
G1_D1,638,0,27,0,0
G1_D1,598,0,509,0,0
B6_D1,455,0,372,0,0
G1_D1,705,0,10,0,0
B10_D1,106,0,211,0,0
B6_D1,164,0,500,0,0
B10_D1,18,0,21,0,0
G1_D1,744,0,73,0,0
B6_D1,560,0,344,0,0
B10_D1,675,0,321,0,0
B10_D1,613,0,125,0,0
B4_D1,260,0,302,0,0
B10_D1,624,0,297,0,0
B6_D1,650,0,344,0,0
B10_D1,769,0,451,0,0
B10_D1,579,0,457,0,0
B10_D1,402,0,167,0,0
B6_D1,322,0,23,0,0
B4_D1,725,0,107,0,0
B4_D1,847,0,212,0,0
B2_D1,221,0,205,0,0
B4_D1,211,0,206,0,0
B6_D1,202,0,329,0,0
B6_D1,278,0,22,0,0
B10_D1,597,0,65,0,0
B10_D1,326,0,154,0,0
B6_D1,732,0,427,0,0
B4_D1,125,0,16,0,0
B10_D1,929,0,460,0,0
B6_D1,1012,0,14,0,0
B6_D1,298,0,345,0,0
G1_D1,182,0,1,0,0
G1_D1,162,0,72,0,0
B6_D1,453,0,264,0,0
B10_D1,193,0,170,0,0
B2_D1,804,0,69,0,0
B6_D1,519,0,240,0,0
B6_D1,654,0,505,0,0
G1_D1,679,0,278,0,0
B10_D1,229,0,309,0,0
G1_D1,287,0,183,0,0
B10_D1,104,0,31,0,0
G1_D1,929,0,2,0,0
B10_D1,221,0,456,0,0
B10_D1,51,0,28,0,0
B6_D1,100,0,38,0,0
B6_D1,962,0,460,0,0
B10_D1,302,0,273,0,0
B6_D1,932,0,435,0,0
B6_D1,940,0,498,0,0
G1_D1,233,0,14,0,0
B6_D1,935,0,63,0,0
B10_D1,91,0,63,0,0
B6_D1,751,0,421,0,0
B6_D1,615,0,239,0,0
B6_D1,869,0,465,0,0
B10_D1,596,0,54,0,0
B4_D1,74,0,5,0,0
B10_D1,791,0,81,0,0
G1_D1,751,0,156,0,0
B4_D1,831,0,15,0,0
B6_D1,66,0,278,0,0
B10_D1,538,0,409,0,0
B6_D1,773,0,195,0,0
B2_D1,485,0,28,0,0
B10_D1,182,0,172,0,0
B6_D1,91,0,183,0,0
G1_D1,43,0,108,0,0
B6_D1,812,0,142,0,0
B6_D1,79,0,88,0,0
G1_D1,1005,0,143,0,0
B2_D1,510,0,367,0,0
B8_D1,128,0,331,0,0
B6_D1,798,0,3,0,0
B2_D1,188,0,88,0,0
B6_D1,156,0,248,0,0
B4_D1,317,0,297,0,0
G1_D1,482,0,5,0,0
B6_D1,536,0,48,0,0
B10_D1,662,0,170,0,0
B4_D1,809,0,13,0,0
B6_D1,20,0,1,0,0
B10_D1,107,0,456,0,0
B10_D1,11,0,323,0,0
B10_D1,114,0,61,0,0
B10_D1,65,0,12,0,0
B10_D1,422,0,288,0,0
B6_D1,712,0,8,0,0
B10_D1,63,0,262,0,0
B6_D1,919,0,163,0,0
B6_D1,474,0,280,0,0
B6_D1,650,0,37,0,0
B6_D1,784,0,17,0,0
B8_D1,302,0,186,0,0
B6_D1,116,0,292,0,0
B6_D1,524,0,1,0,0
B6_D1,684,0,490,0,0
G1_D1,978,0,54,0,0
G1_D1,612,0,133,0,0
B2_D1,449,0,25,0,0
B6_D1,605,0,300,0,0
B2_D1,695,0,65,0,0
B6_D1,844,0,240,0,0
B6_D1,420,0,33,0,0
B2_D1,302,0,510,0,0
B6_D1,482,0,285,0,0
G1_D1,353,0,40,0,0
G1_D1,416,0,225,0,0
B10_D1,402,0,110,0,0
B10_D1,627,0,116,0,0
B6_D1,993,0,480,0,0
B10_D1,109,0,309,0,0
B6_D1,836,0,13,0,0
G1_D1,29,0,243,0,0
B6_D1,1009,0,310,0,0
G1_D1,9,0,171,0,0
B10_D1,666,0,264,0,0
B2_D1,442,0,511,0,0
G1_D1,43,0,267,0,0
G1_D1,695,0,63,0,0
B10_D1,994,0,295,0,0
B10_D1,917,0,264,0,0
B8_D1,69,0,235,0,-1
B6_D1,642,0,277,0,0
B10_D1,956,0,273,0,0
B10_D1,265,0,276,0,0
B6_D1,315,0,233,0,0
B6_D1,962,0,28,0,0
B10_D1,718,0,438,0,0
G1_D1,330,0,32,0,0
G1_D1,15,0,236,0,0
B6_D1,458,0,28,0,0
B6_D1,597,0,226,0,0
B6_D1,10,0,142,0,0
B6_D1,2,0,431,0,0
B10_D1,516,0,35,0,0
B6_D1,900,0,45,0,0
B2_D1,892,0,18,0,0
B6_D1,494,0,346,0,0
B2_D1,574,0,472,0,0
B6_D1,663,0,414,0,0
B2_D1,522,0,157,0,0
B10_D1,739,0,38,0,0
B10_D1,537,0,480,0,0
B10_D1,782,0,45,0,0
B2_D1,741,0,68,0,0
B10_D1,717,0,451,0,0
B6_D1,665,0,274,0,0
B10_D1,413,0,157,0,0
B10_D1,764,0,57,0,0
B2_D1,350,0,161,0,0
B8_D1,885,0,234,0,0
B10_D1,829,0,48,0,0
G1_D1,986,0,23,0,0
B2_D1,189,0,232,0,0
B10_D1,777,0,332,0,0
B10_D1,761,0,160,0,0
B6_D1,155,0,273,0,0
B6_D1,1021,0,63,0,0
B6_D1,784,0,8,0,0
B2_D1,515,0,0,0,0
G1_D1,635,0,265,0,0
B10_D1,507,0,302,0,0
B6_D1,405,0,160,0,0
B10_D1,450,0,74,0,0
G1_D1,15,0,104,0,0
B6_D1,354,0,487,0,0
B6_D1,506,0,394,0,0
G1_D1,740,0,100,0,0
B10_D1,569,0,315,0,0
B10_D1,453,0,462,0,0
B6_D1,876,0,490,0,0
B10_D1,618,0,483,0,0
B6_D1,859,0,379,0,0
B4_D1,45,0,390,0,0
B6_D1,584,0,224,0,0
B6_D1,535,0,250,0,0
G1_D1,9,0,76,0,0
B6_D1,342,0,371,0,0
B6_D1,543,0,381,0,0
B6_D1,502,0,377,0,0
G1_D1,32,0,147,0,0
B6_D1,731,0,279,0,0
B10_D1,763,0,268,0,0
B10_D1,121,0,174,0,0
G1_D1,532,0,511,0,0
B10_D1,767,0,64,0,0
B8_D1,1021,0,32,0,0
B6_D1,412,0,504,0,0
B6_D1,149,0,321,0,0
B10_D1,4,0,116,0,0
G1_D1,347,0,95,0,0
B6_D1,527,0,442,0,1
B10_D1,4,0,137,0,0
B6_D1,556,0,14,0,0
G1_D1,253,0,19,0,0
B10_D1,826,0,329,0,0
B6_D1,778,0,330,0,0
B10_D1,25,0,93,0,0
B6_D1,106,0,367,0,0
G1_D1,966,0,256,0,0
B10_D1,2,0,248,0,0
B10_D1,481,0,38,0,0
B6_D1,943,0,215,0,0
B2_D1,132,0,87,0,0
B6_D1,423,0,287,0,0
B6_D1,456,0,353,0,0
B10_D1,81,0,123,0,0
B2_D1,341,0,290,0,0
B6_D1,865,0,266,0,0
B10_D1,482,0,246,0,0
G1_D1,257,0,300,0,0
G1_D1,758,0,270,0,0
B6_D1,223,0,108,0,0
B4_D1,955,0,208,0,0
B10_D1,135,0,258,0,0
B6_D1,1014,0,147,0,0
B8_D1,91,0,146,0,0
B6_D1,268,0,489,0,0
G1_D1,641,0,80,0,0
B6_D1,943,0,276,0,0
G1_D1,800,0,493,0,0
B2_D1,863,0,376,0,0
G1_D1,827,0,510,0,0
B10_D1,539,0,0,0,0
G1_D1,23,0,392,0,0
B6_D1,388,0,501,0,0
B10_D1,321,0,46,0,0
B10_D1,627,0,128,0,0
B6_D1,904,0,275,0,0
B2_D1,143,0,448,0,0
B10_D1,197,0,56,0,0
B4_D1,278,0,40,0,0
B6_D1,813,0,115,0,0
B6_D1,812,0,197,0,0
B10_D1,731,0,270,0,0
B6_D1,970,0,396,0,0
G1_D1,538,0,27,0,0
B4_D1,572,0,232,0,0
B10_D1,209,0,454,0,0
B10_D1,597,0,299,0,0
B6_D1,338,0,168,0,0
B10_D1,524,0,280,0,0
B10_D1,428,0,279,0,0
G1_D1,977,0,8,0,0
B6_D1,270,0,490,0,0
G1_D1,16,0,289,0,0
B6_D1,515,0,349,0,0
B4_D1,253,0,265,0,0
B10_D1,373,0,161,0,0
B6_D1,232,0,47,0,0
B10_D1,433,0,216,0,0
B2_D1,779,0,81,0,0
B10_D1,734,0,284,0,0
B6_D1,623,0,59,0,0
B4_D1,245,0,344,0,0
B2_D1,948,0,45,0,0
G1_D1,180,0,239,0,0
B10_D1,202,0,36,0,0
B4_D1,65,0,309,0,0
B6_D1,549,0,480,0,0
B6_D1,868,0,447,0,0
B6_D1,154,0,483,0,0
G1_D1,480,0,7,0,0
B6_D1,793,0,453,0,0
B6_D1,8,0,13,0,0
B10_D1,171,0,134,0,0
G1_D1,241,0,123,0,0
B6_D1,438,0,444,0,0
B6_D1,957,0,427,0,0
B2_D1,706,0,89,0,0
G1_D1,761,0,333,0,0
B6_D1,20,0,46,0,0
B10_D1,543,0,1,0,0
B6_D1,258,0,21,0,0
G1_D1,8,0,98,0,0
B10_D1,691,0,21,0,0
B6_D1,936,0,15,0,0
G1_D1,999,0,204,0,0
B6_D1,66,0,30,0,0
B6_D1,390,0,103,0,0
B6_D1,76,0,44,0,0
B10_D1,459,0,36,0,0
B4_D1,114,0,4,0,0
B6_D1,256,0,495,0,0
B10_D1,21,0,152,0,0
G1_D1,421,0,130,0,0
B2_D1,854,0,370,0,0
B10_D1,481,0,241,0,0
G1_D1,31,0,487,0,0
B4_D1,585,0,205,0,0
B6_D1,804,0,30,0,0
B2_D1,640,0,288,0,0
B10_D1,737,0,270,0,0
G1_D1,167,0,269,0,0
B6_D1,308,0,7,0,0
B4_D1,642,0,234,0,0
B10_D1,173,0,11,0,0
B2_D1,770,0,36,0,0
B4_D1,401,0,227,0,0
B6_D1,1014,0,6,0,0
B4_D1,418,0,233,0,0
B6_D1,848,0,159,0,0
G1_D1,272,0,129,0,0
B6_D1,62,0,98,0,0
B6_D1,198,0,490,0,0
B6_D1,584,0,348,0,0
G1_D1,846,0,13,0,0
G1_D1,238,0,367,0,0
B2_D1,172,0,511,0,0
B6_D1,253,0,371,0,0
B10_D1,205,0,38,0,0
G1_D1,172,0,259,0,0
B6_D1,822,0,334,0,0
B6_D1,806,0,46,0,0
B10_D1,311,0,0,0,0
B6_D1,672,0,42,0,0
G1_D1,17,0,121,0,0
B4_D1,1015,0,59,0,0
B6_D1,651,0,361,0,0
B6_D1,934,0,8,0,0
G1_D1,868,0,465,0,0
B6_D1,68,0,482,0,0
B2_D1,291,0,126,0,0
G1_D1,358,0,3,0,0
B6_D1,209,0,147,0,0
B10_D1,526,0,19,0,0
B6_D1,310,0,29,0,0
B4_D1,1,0,72,0,0
B4_D1,533,0,417,0,0
B4_D1,5,0,50,0,0
B10_D1,183,0,68,0,0
B6_D1,368,0,40,0,0
B6_D1,52,0,270,0,0
B6_D1,746,0,466,0,0
B10_D1,876,0,238,0,0
B10_D1,386,0,316,0,0
B6_D1,909,0,394,0,0
B6_D1,59,0,94,0,0
B10_D1,806,0,29,0,0
B4_D1,710,0,45,0,0
B6_D1,196,0,419,0,0
B10_D1,273,0,61,0,0
B10_D1,466,0,6,0,0
B6_D1,805,0,283,0,0
B6_D1,873,0,86,0,0
B10_D1,41,0,82,0,0
B10_D1,331,0,42,0,0
B6_D1,558,0,350,0,0
B6_D1,697,0,67,0,0
B6_D1,842,0,13,0,0
B10_D1,305,0,467,0,0
B4_D1,119,0,340,0,0
B2_D1,961,0,57,0,0
B10_D1,382,0,197,0,0
G1_D1,5,0,463,0,0
B6_D1,621,0,336,0,0
G1_D1,146,0,307,0,0
B10_D1,109,0,113,0,0
B6_D1,791,0,304,0,0
B6_D1,332,0,22,0,0
B4_D1,280,0,256,0,0
B6_D1,707,0,184,0,0
B10_D1,721,0,433,0,0
B10_D1,82,0,89,0,0
B10_D1,637,0,309,0,0
B6_D1,184,0,498,0,0
B10_D1,535,0,280,0,0
B6_D1,620,0,497,0,0
B10_D1,841,0,402,0,0
B6_D1,1012,0,47,0,0
B10_D1,72,0,169,0,0
B10_D1,390,0,133,0,0
B6_D1,22,0,125,0,0
B10_D1,537,0,137,0,0
B10_D1,37,0,62,0,0
B10_D1,71,0,42,0,0
B10_D1,774,0,102,0,0
B10_D1,920,0,77,0,0
B10_D1,882,0,243,0,0
B10_D1,26,0,86,0,0
B2_D1,868,0,1,0,0
B10_D1,611,0,351,0,0
G1_D1,1016,0,481,0,0
B10_D1,866,0,25,0,0
G1_D1,190,0,240,0,0
G1_D1,268,0,193,0,0
B6_D1,422,0,19,0,0
G1_D1,311,0,234,0,0
B10_D1,799,0,333,0,0
B8_D1,658,0,178,0,0
B10_D1,108,0,291,0,0
B10_D1,604,0,39,0,0
B10_D1,335,0,157,0,0
G1_D1,206,0,61,0,0
B10_D1,28,0,277,0,0
B10_D1,434,0,307,0,0
B4_D1,791,0,248,0,0
B6_D1,724,0,456,0,0
B6_D1,826,0,127,0,0
B4_D1,618,0,31,0,0
B6_D1,872,0,391,0,0
B10_D1,389,0,265,0,0
B4_D1,891,0,15,0,0
B6_D1,488,0,134,0,0
B6_D1,796,0,38,0,0
B4_D1,239,0,154,0,0
B6_D1,236,0,19,0,0
B6_D1,38,0,420,0,0
B6_D1,495,0,324,0,0
B2_D1,726,0,54,0,0
B10_D1,762,0,309,0,0
B10_D1,411,0,462,0,0
G1_D1,31,0,144,0,0
G1_D1,118,0,511,0,0
B6_D1,1000,0,364,0,0
B4_D1,2,0,493,0,0
B10_D1,843,0,257,0,0
B10_D1,847,0,235,0,0
G1_D1,125,0,8,0,0
B6_D1,82,0,128,0,0
G1_D1,701,0,378,0,0
B4_D1,807,0,53,0,0
B4_D1,450,0,287,0,0
B6_D1,754,0,38,0,0
B10_D1,499,0,168,0,0
B10_D1,677,0,276,0,0
B6_D1,7,0,67,0,0
B10_D1,741,0,322,0,0
B2_D1,959,0,143,0,0
B10_D1,759,0,451,0,0
B8_D1,588,0,192,0,0
G1_D1,405,0,17,0,0
B10_D1,239,0,213,0,0
B10_D1,582,0,111,0,0
B4_D1,694,0,307,0,0
B6_D1,46,0,14,0,0
B6_D1,990,0,508,0,0
B10_D1,614,0,212,0,0
B6_D1,78,0,3,0,0
G1_D1,668,0,192,0,0
B10_D1,7,0,330,0,0
B6_D1,580,0,20,0,0
G1_D1,112,0,499,0,0
B10_D1,721,0,36,0,0
B10_D1,809,0,368,0,0
B10_D1,532,0,166,0,0
G1_D1,3,0,451,0,0
B10_D1,775,0,451,0,0
B10_D1,565,0,479,0,0
B10_D1,633,0,2,0,0
G1_D1,191,0,15,0,0
G1_D1,694,0,283,0,0
B6_D1,594,0,330,0,0
B6_D1,982,0,492,0,0
B4_D1,950,0,51,0,0
B2_D1,205,0,36,0,0
B6_D1,775,0,351,0,0
B6_D1,316,0,345,0,0
B8_D1,372,0,190,0,0
B10_D1,187,0,438,0,0
B10_D1,18,0,31,0,0
B6_D1,2,0,390,0,0
B6_D1,564,0,268,0,0
G1_D1,114,0,22,0,0
G1_D1,756,0,207,0,0
B6_D1,416,0,168,0,0
B6_D1,441,0,331,0,0
B6_D1,653,0,181,0,0
G1_D1,707,0,125,0,0
B10_D1,501,0,210,0,0
B10_D1,312,0,199,0,0
B6_D1,440,0,73,0,0
G1_D1,178,0,9,0,0
G1_D1,707,0,53,0,0
B10_D1,659,0,471,0,0
B10_D1,101,0,158,0,0
G1_D1,993,0,47,0,0
B10_D1,102,0,317,0,0
G1_D1,724,0,133,0,0
B6_D1,5,0,197,0,0
B10_D1,893,0,42,0,0
B10_D1,335,0,204,0,0
G1_D1,847,0,244,0,0
B6_D1,430,0,175,0,0
B6_D1,686,0,162,0,0
B10_D1,267,0,13,0,0
G1_D1,262,0,411,0,0
B4_D1,658,0,280,0,0
B10_D1,543,0,320,0,0
B6_D1,822,0,118,0,0
B10_D1,158,0,120,0,0
B6_D1,842,0,273,0,0
B10_D1,872,0,368,0,0
B6_D1,976,0,413,0,0
B2_D1,612,0,290,0,0
B10_D1,335,0,65,0,0
B6_D1,202,0,390,0,0
B10_D1,687,0,277,0,0
B8_D1,220,0,342,0,0
B10_D1,408,0,164,0,0
B4_D1,4,0,327,0,0
B6_D1,796,0,448,0,0
B6_D1,131,0,88,0,0
G1_D1,501,0,83,0,0
G1_D1,879,0,232,0,0
B4_D1,443,0,185,0,0
B10_D1,484,0,159,0,0
B6_D1,78,0,9,0,0
B6_D1,21,0,368,0,0
B6_D1,61,0,203,0,0
B6_D1,392,0,228,0,0
B6_D1,827,0,152,0,0
B10_D1,5,0,250,0,0
B6_D1,914,0,48,0,0
B2_D1,193,0,479,0,0
B10_D1,100,0,39,0,0
B6_D1,923,0,93,0,0
B10_D1,95,0,276,0,0
B8_D1,303,0,315,0,0
B4_D1,41,0,164,0,0
B10_D1,444,0,19,0,0
B2_D1,669,0,501,0,0
B10_D1,190,0,6,0,0
B6_D1,262,0,422,0,0
B4_D1,1020,0,103,0,0
B6_D1,765,0,73,0,0
B6_D1,657,0,403,0,0
B6_D1,518,0,1,0,0
B6_D1,842,0,190,0,0
G1_D1,49,0,292,0,0
B6_D1,180,0,84,0,0
B10_D1,522,0,101,0,0
B6_D1,367,0,292,0,0
B4_D1,5,0,277,0,0
G1_D1,696,0,143,0,0
B10_D1,167,0,172,0,0
G1_D1,230,0,178,0,0
B10_D1,28,0,34,0,0
B8_D1,89,0,192,0,0
B10_D1,346,0,340,0,0
B6_D1,338,0,214,0,0
G1_D1,636,0,137,0,0
B8_D1,1022,0,398,0,0
B2_D1,709,0,87,0,0
B10_D1,715,0,14,0,0
G1_D1,429,0,23,0,0
B6_D1,870,0,24,0,0
B6_D1,140,0,163,0,0
B6_D1,542,0,449,0,0
B10_D1,423,0,355,0,0
B10_D1,233,0,296,0,0
B10_D1,488,0,231,0,0
B6_D1,489,0,70,0,0
B10_D1,344,0,486,0,0
B2_D1,616,0,188,0,0
B10_D1,658,0,252,0,0
B10_D1,709,0,272,0,0
B10_D1,630,0,206,0,0
B10_D1,790,0,95,0,0
B10_D1,0,0,386,0,0
B10_D1,600,0,62,0,0
B8_D1,603,0,224,0,0
G1_D1,479,0,8,0,0
B6_D1,556,0,347,0,0
B10_D1,970,0,112,0,0
G1_D1,23,0,310,0,0
B10_D1,279,0,321,0,0
B10_D1,775,0,79,0,0
B6_D1,933,0,390,0,0
B6_D1,874,0,108,0,0
B6_D1,349,0,398,0,0
B10_D1,346,0,205,0,0
B2_D1,777,0,283,0,0
G1_D1,568,0,18,0,0
B6_D1,454,0,41,0,0
B4_D1,355,0,302,0,0
G1_D1,451,0,123,0,0
B4_D1,944,0,12,0,0
G1_D1,751,0,339,0,0
B6_D1,715,0,420,0,0
B10_D1,984,0,495,0,0
B6_D1,110,0,506,0,0
G1_D1,795,0,10,0,0
G1_D1,930,0,290,0,0
B10_D1,772,0,38,0,0
B6_D1,774,0,24,0,0
G1_D1,783,0,67,0,0
B6_D1,230,0,19,0,0
B6_D1,513,0,248,0,0
B4_D1,552,0,384,0,0
B4_D1,511,0,222,0,0
B6_D1,8,0,211,0,0
B10_D1,699,0,254,0,0
B6_D1,26,0,16,0,0
B6_D1,333,0,327,0,0
B10_D1,885,0,349,0,0
B10_D1,697,0,17,0,0
B10_D1,348,0,410,0,0
G1_D1,305,0,2,0,0
B6_D1,991,0,142,0,0
B10_D1,424,0,237,0,0
B6_D1,146,0,198,0,0
G1_D1,96,0,22,0,0
G1_D1,671,0,8,0,0
G1_D1,992,0,511,0,0
B10_D1,27,0,67,0,0
G1_D1,410,0,372,0,0
B10_D1,151,0,3,0,0
B6_D1,484,0,17,0,0
B6_D1,772,0,300,0,0
B10_D1,930,0,28,0,0
B6_D1,243,0,296,0,0
B10_D1,538,0,291,0,0
B6_D1,710,0,485,0,0
G1_D1,219,0,17,0,0
B4_D1,867,0,107,0,0
B6_D1,484,0,244,0,0
B10_D1,594,0,414,0,0
B2_D1,149,0,285,0,0
B4_D1,208,0,156,0,0
B4_D1,730,0,297,0,0
B6_D1,2,0,87,0,0
B6_D1,304,0,49,0,0
B6_D1,941,0,216,0,0
G1_D1,1017,0,123,0,0
G1_D1,877,0,49,0,0
B6_D1,758,0,422,0,0
G1_D1,988,0,287,0,0
B6_D1,219,0,403,0,0
B2_D1,908,0,17,0,0
B10_D1,374,0,9,0,0
B6_D1,349,0,386,0,0
B8_D1,463,0,199,0,0
G1_D1,591,0,48,0,0
B10_D1,3,0,166,0,0
B10_D1,116,0,106,0,0
B10_D1,344,0,109,0,0
B4_D1,971,0,38,0,0
B6_D1,792,0,439,0,0
B6_D1,820,0,455,0,0
B8_D1,131,0,209,0,0
B4_D1,1019,0,143,0,0
B8_D1,224,0,94,0,0
B6_D1,788,0,356,0,0
B2_D1,854,0,104,0,0
B6_D1,714,0,493,0,0
B10_D1,692,0,184,0,0
B10_D1,808,0,250,0,0
B10_D1,173,0,96,0,0
B4_D1,667,0,66,0,0
B10_D1,824,0,366,0,0
G1_D1,616,0,9,0,0
B10_D1,645,0,376,0,0
B10_D1,625,0,495,0,0
B6_D1,791,0,60,0,0
B6_D1,680,0,455,0,0
B6_D1,642,0,165,0,0
B6_D1,828,0,144,0,0
G1_D1,33,0,84,0,0
B6_D1,657,0,413,0,0
B10_D1,251,0,213,0,0
B10_D1,47,0,263,0,0
B10_D1,245,0,56,0,0
G1_D1,79,0,459,0,0
B10_D1,197,0,62,0,0
G1_D1,439,0,73,0,0
G1_D1,971,0,76,0,0
B6_D1,823,0,301,0,0
G1_D1,687,0,270,0,0
B10_D1,843,0,11,0,0
G1_D1,527,0,15,0,0
B10_D1,559,0,113,0,0
B10_D1,498,0,230,0,0
G1_D1,275,0,283,0,0
G1_D1,1012,0,115,0,0
B6_D1,578,0,16,0,0
G1_D1,12,0,95,0,0
B10_D1,721,0,50,0,0
G1_D1,323,0,2,0,0
G1_D1,384,0,268,0,0
G1_D1,840,0,300,0,0
B4_D1,692,0,264,0,0
B4_D1,893,0,13,0,0
B6_D1,145,0,192,0,0
B6_D1,664,0,47,0,0
B4_D1,993,0,213,0,0
B6_D1,944,0,232,0,0
B6_D1,856,0,38,0,0
B6_D1,1,0,459,0,0
B6_D1,223,0,346,0,0
B10_D1,603,0,128,0,0
B6_D1,288,0,12,0,0
G1_D1,151,0,6,0,0
B10_D1,619,0,313,0,0
G1_D1,772,0,9,0,0
B6_D1,241,0,369,0,0
B6_D1,527,0,185,0,0
B10_D1,918,0,468,0,0
B6_D1,478,0,2,0,0
B10_D1,378,0,271,0,0
B10_D1,418,0,105,0,0
B6_D1,756,0,511,0,0
B6_D1,69,0,272,0,0
B10_D1,124,0,372,0,0
G1_D1,220,0,53,0,0
G1_D1,23,0,30,0,0
B4_D1,490,0,249,0,0
B4_D1,366,0,299,0,0
B10_D1,906,0,133,0,0
B10_D1,686,0,82,0,0
B6_D1,715,0,391,0,0
B10_D1,708,0,34,0,0
B6_D1,1018,0,325,0,0
B10_D1,496,0,126,0,0
B10_D1,189,0,95,0,0
G1_D1,75,0,21,0,0
G1_D1,40,0,137,0,0
G1_D1,473,0,217,0,0
G1_D1,766,0,73,0,0
G1_D1,993,0,193,0,0
G1_D1,246,0,18,0,0
B10_D1,544,0,229,0,0
B6_D1,457,0,347,0,0
G1_D1,808,0,56,0,0
B8_D1,253,0,330,0,0
G1_D1,686,0,11,0,0
B2_D1,625,0,289,0,0
B10_D1,235,0,428,0,0
G1_D1,390,0,20,0,0
G1_D1,938,0,70,0,0
B10_D1,733,0,96,0,0
B6_D1,622,0,56,0,0
B2_D1,154,0,222,0,0
B10_D1,4,0,420,0,0
B6_D1,576,0,158,0,0
B8_D1,996,0,1,0,0
B8_D1,674,0,230,0,0
B4_D1,99,0,147,0,0
B6_D1,169,0,112,0,0
G1_D1,128,0,64,0,0
B6_D1,196,0,17,0,0
B6_D1,878,0,475,0,0
B10_D1,33,0,17,0,0
G1_D1,738,0,27,0,0
B10_D1,244,0,313,0,0
G1_D1,356,0,24,0,0
B10_D1,344,0,315,0,0
B10_D1,643,0,60,0,0
G1_D1,243,0,37,0,0
B4_D1,545,0,408,0,0
B6_D1,873,0,364,0,0
B10_D1,303,0,192,0,0
B6_D1,929,0,91,0,0
B10_D1,317,0,174,0,0
B2_D1,802,0,29,0,0
B6_D1,600,0,3,0,0
G1_D1,817,0,258,0,0
B6_D1,728,0,162,0,0
G1_D1,1019,0,440,0,0
B6_D1,764,0,198,0,0
G1_D1,202,0,9,0,0
B6_D1,480,0,27,0,0
B6_D1,88,0,14,0,0
B2_D1,462,0,287,0,0
B8_D1,343,0,299,0,0
B10_D1,426,0,335,0,0
B6_D1,212,0,175,0,0
B10_D1,1023,0,114,0,0
B6_D1,212,0,488,0,0
B10_D1,579,0,215,0,0
B6_D1,605,0,287,0,0
B2_D1,464,0,127,0,0
B6_D1,866,0,478,0,0
B6_D1,271,0,60,0,0
B6_D1,67,0,212,0,0
B6_D1,714,0,153,0,0
B10_D1,912,0,233,0,0
B10_D1,153,0,69,0,0
B6_D1,540,0,234,0,0
B6_D1,41,0,116,0,0
B10_D1,396,0,26,0,0
B4_D1,724,0,67,0,0
B4_D1,945,0,128,0,0
B2_D1,844,0,77,0,0
G1_D1,80,0,52,0,0
B2_D1,771,0,225,0,0
G1_D1,800,0,270,0,0
B6_D1,666,0,27,0,0
G1_D1,30,0,274,0,0
B10_D1,5,0,82,0,0
G1_D1,740,0,1,0,0
B10_D1,510,0,91,0,0
B6_D1,656,0,494,0,0
G1_D1,870,0,261,0,0
B4_D1,817,0,42,0,0
B4_D1,929,0,14,0,0
G1_D1,1022,0,205,0,0
G1_D1,15,0,81,0,0
B10_D1,594,0,325,0,0
B4_D1,3,0,355,0,0
B2_D1,813,0,68,0,0
B2_D1,933,0,56,0,0
B10_D1,48,0,307,0,0
B6_D1,708,0,6,0,0
B10_D1,359,0,65,0,0
B10_D1,657,0,277,0,0
B6_D1,733,0,385,0,0
B2_D1,887,0,260,0,0
B6_D1,224,0,16,0,0
B10_D1,369,0,61,0,0
B10_D1,587,0,319,0,0
B6_D1,568,0,47,0,0
B6_D1,871,0,231,0,0
B10_D1,88,0,268,0,0
B10_D1,602,0,111,0,0
B10_D1,186,0,436,0,0
B2_D1,158,0,308,0,0
B10_D1,11,0,224,0,0
G1_D1,613,0,274,0,0
B4_D1,99,0,44,0,0
B4_D1,754,0,157,0,0
B6_D1,678,0,272,0,0
B4_D1,550,0,202,0,0
B2_D1,651,0,225,0,0
B10_D1,76,0,174,0,0
G1_D1,821,0,163,0,0
B10_D1,503,0,332,0,0
B6_D1,213,0,134,0,0
B10_D1,407,0,265,0,0
B10_D1,406,0,250,0,0
B6_D1,548,0,43,0,0
B6_D1,636,0,277,0,0
G1_D1,343,0,99,0,0
B6_D1,126,0,505,0,0
B10_D1,80,0,22,0,0
B10_D1,655,0,155,0,0
B6_D1,748,0,44,0,0
B6_D1,78,0,413,0,0
B6_D1,835,0,101,0,0
B6_D1,356,0,251,0,0
B10_D1,121,0,196,0,0
B10_D1,24,0,191,0,0
B10_D1,500,0,155,0,0
B6_D1,580,0,376,0,0
G1_D1,791,0,14,0,0
B6_D1,191,0,131,0,0
B6_D1,432,0,281,0,0
B10_D1,598,0,409,0,0
B2_D1,661,0,437,0,0
B4_D1,1,0,344,0,0
B6_D1,46,0,23,0,0
B6_D1,52,0,136,0,0
G1_D1,165,0,236,0,0
B10_D1,115,0,122,0,0
G1_D1,303,0,4,0,0
B10_D1,522,0,305,0,0
B2_D1,833,0,14,0,0
B10_D1,520,0,290,0,0
B6_D1,250,0,20,0,0
B10_D1,855,0,201,0,0
B6_D1,370,0,385,0,0
B6_D1,384,0,281,0,0
B4_D1,656,0,322,0,0
B10_D1,192,0,60,0,0
B10_D1,756,0,422,0,0
G1_D1,165,0,438,0,0
B4_D1,190,0,50,0,0
B6_D1,586,0,8,0,0
G1_D1,890,0,19,0,0
B2_D1,687,0,283,0,0
B6_D1,961,0,422,0,0
B2_D1,687,0,193,0,0
B6_D1,902,0,46,0,0
G1_D1,1019,0,314,0,0
G1_D1,617,0,87,0,0
G1_D1,800,0,267,0,0
B6_D1,406,0,176,0,0
G1_D1,846,0,109,0,0
B6_D1,473,0,133,0,0
B6_D1,87,0,148,0,0
G1_D1,47,0,60,0,0
B6_D1,572,0,326,0,0
B6_D1,910,0,26,0,0
G1_D1,8,0,326,0,0
G1_D1,69,0,304,0,0
B4_D1,780,0,82,0,0
B6_D1,203,0,481,0,0
B6_D1,905,0,463,0,0
B6_D1,508,0,17,0,0
B6_D1,191,0,481,0,0
B10_D1,636,0,297,0,0
B6_D1,500,0,488,0,0
B10_D1,671,0,271,0,0
B10_D1,457,0,494,0,0
B4_D1,940,0,19,0,0
B6_D1,326,0,503,0,0
B6_D1,646,0,495,0,0
B2_D1,413,0,9,0,0
B6_D1,785,0,422,0,0
G1_D1,278,0,72,0,0
B6_D1,121,0,299,0,0
G1_D1,583,0,16,0,0
B2_D1,868,0,212,0,0
B10_D1,870,0,37,0,0
G1_D1,45,0,327,0,0
B6_D1,996,0,496,0,0
B10_D1,857,0,90,0,0
B10_D1,47,0,139,0,0
B10_D1,424,0,354,0,0
G1_D1,971,0,38,0,0
B10_D1,895,0,27,0,0
B10_D1,443,0,485,0,0
B10_D1,791,0,33,0,0
B10_D1,57,0,179,0,0
B8_D1,879,0,234,0,0
B2_D1,826,0,2,0,0
B4_D1,940,0,24,0,0
B10_D1,476,0,501,0,0
G1_D1,538,0,254,0,0
B6_D1,978,0,94,0,0
G1_D1,18,0,89,0,0
G1_D1,326,0,1,0,0
B6_D1,828,0,511,0,0
B2_D1,96,0,316,0,0
B6_D1,702,0,18,0,0
B10_D1,98,0,328,0,0
B6_D1,43,0,128,0,0
B6_D1,682,0,38,0,0
B10_D1,734,0,344,0,0
B10_D1,564,0,5,0,0
B2_D1,1,0,66,0,0
B10_D1,453,0,125,0,0
B2_D1,419,0,160,0,0
B2_D1,869,0,121,0,0
B6_D1,990,0,493,0,0
B6_D1,171,0,107,0,0
G1_D1,369,0,10,0,0
B2_D1,324,0,119,0,0
B8_D1,731,0,248,0,0
B10_D1,422,0,458,0,0
B6_D1,964,0,35,0,0
B10_D1,464,0,231,0,0
B10_D1,264,0,37,0,0
G1_D1,664,0,511,0,0
B10_D1,658,0,119,0,0
B2_D1,953,0,75,0,0
B6_D1,6,0,173,0,0
B6_D1,16,0,431,0,0
B6_D1,609,0,415,0,0
B10_D1,885,0,240,0,0
G1_D1,18,0,53,0,0
B6_D1,646,0,26,0,0
B6_D1,192,0,54,0,0
B10_D1,255,0,232,0,0
B6_D1,775,0,297,0,0
B10_D1,95,0,474,0,0
G1_D1,117,0,10,0,0
B10_D1,840,0,7,0,0
B2_D1,959,0,242,0,0
B6_D1,2,0,449,0,0
B6_D1,160,0,406,0,0
B2_D1,689,0,50,0,0
G1_D1,203,0,68,0,0
B6_D1,944,0,302,0,0
B10_D1,551,0,408,0,0
B2_D1,487,0,487,0,0
G1_D1,769,0,274,0,0
B6_D1,697,0,451,0,0
B10_D1,485,0,121,0,0
B4_D1,232,0,49,0,0
G1_D1,311,0,61,0,0
B6_D1,95,0,369,0,0
B10_D1,251,0,156,0,0
B10_D1,99,0,477,0,0
G1_D1,771,0,4,0,0
G1_D1,938,0,258,0,0
B6_D1,733,0,267,0,0
B10_D1,1000,0,347,0,0
B10_D1,927,0,446,0,0
B2_D1,948,0,90,0,0
B2_D1,495,0,39,0,0
B6_D1,202,0,174,0,0
B6_D1,63,0,451,0,0
B6_D1,998,0,494,0,0
B2_D1,424,0,490,0,0
G1_D1,930,0,388,0,0
B6_D1,178,0,489,0,0
G1_D1,343,0,36,0,0
G1_D1,269,0,58,0,0
B10_D1,165,0,112,0,0
G1_D1,393,0,280,0,0
B2_D1,133,0,11,0,0
B10_D1,162,0,244,0,0
B6_D1,482,0,19,0,0
B8_D1,208,0,56,0,0
B6_D1,860,0,37,0,0
B6_D1,838,0,303,0,0
B10_D1,94,0,471,0,0
B10_D1,29,0,118,0,0
B8_D1,160,0,54,0,0
B2_D1,765,0,40,0,0
B6_D1,641,0,196,0,0
G1_D1,197,0,31,0,0
B10_D1,564,0,483,0,0
G1_D1,428,0,482,0,0
B4_D1,103,0,92,0,0
B6_D1,380,0,28,0,0
B10_D1,571,0,120,0,0
B10_D1,419,0,478,0,0
B6_D1,242,0,48,0,0
B10_D1,610,0,503,0,0
G1_D1,575,0,242,0,0
B10_D1,442,0,290,0,0
B10_D1,9,0,65,0,0
B4_D1,1,0,95,0,0
G1_D1,687,0,4,0,0
B8_D1,670,0,180,0,0
B6_D1,545,0,220,0,0
B2_D1,841,0,102,0,0
B10_D1,886,0,347,0,0
B2_D1,736,0,269,0,0
B10_D1,556,0,310,0,0
B6_D1,445,0,97,0,0
B6_D1,621,0,341,0,0
B6_D1,992,0,34,0,0
B8_D1,190,0,108,0,0
B2_D1,121,0,26,0,0
B6_D1,460,0,492,0,0
B6_D1,397,0,352,0,0
B6_D1,436,0,47,0,0
B6_D1,706,0,307,0,0
B6_D1,528,0,42,0,0
G1_D1,81,0,4,0,0
B6_D1,558,0,386,0,0
B4_D1,668,0,264,0,0
B10_D1,442,0,409,0,0
G1_D1,146,0,5,0,0
B6_D1,89,0,380,0,0
B6_D1,932,0,48,0,0
B10_D1,602,0,57,0,0
B6_D1,442,0,240,0,0
B6_D1,865,0,225,0,0
G1_D1,487,0,229,0,0
B10_D1,572,0,293,0,0
B6_D1,519,0,155,0,0
B6_D1,932,0,25,0,0
B10_D1,457,0,266,0,0
G1_D1,817,0,299,0,0
B10_D1,492,0,230,0,0
G1_D1,371,0,14,0,0
B2_D1,896,0,394,0,0
G1_D1,1023,0,270,0,0
B6_D1,234,0,511,0,0
B10_D1,637,0,272,0,0
B6_D1,771,0,96,0,0
B4_D1,670,0,262,0,0
B6_D1,439,0,326,0,0
B10_D1,323,0,511,0,0
B6_D1,612,0,330,0,0
G1_D1,920,0,131,0,0
G1_D1,26,0,52,0,0
B6_D1,967,0,120,0,0
B6_D1,23,0,131,0,0
B6_D1,1002,0,490,0,0
B4_D1,830,0,49,0,0
B6_D1,592,0,11,0,0
B6_D1,264,0,53,0,0
B10_D1,42,0,257,0,0
B6_D1,629,0,444,0,0
B10_D1,416,0,99,0,0
B10_D1,522,0,329,0,0
B6_D1,512,0,16,0,0
B10_D1,449,0,206,0,0
G1_D1,289,0,105,0,0
B6_D1,680,0,494,0,0
B6_D1,604,0,492,0,0
B10_D1,356,0,229,0,0
B6_D1,242,0,272,0,0
B10_D1,588,0,44,0,0
B10_D1,311,0,176,0,0
G1_D1,33,0,17,0,0
B10_D1,5,0,175,0,0
B10_D1,438,0,229,0,0
B6_D1,404,0,259,0,0
B6_D1,590,0,224,0,0
G1_D1,945,0,235,0,0
B2_D1,916,0,41,0,0
B6_D1,881,0,267,0,0
B4_D1,295,0,226,0,0
B10_D1,186,0,411,0,0
G1_D1,144,0,435,0,0
B10_D1,454,0,311,0,0
B6_D1,179,0,384,0,0
B4_D1,6,0,417,0,0
B6_D1,530,0,485,0,0
G1_D1,934,0,219,0,0
B8_D1,13,0,259,0,0
B6_D1,407,0,291,0,0
G1_D1,640,0,179,0,0
B6_D1,883,0,72,0,0
G1_D1,827,0,14,0,0
B10_D1,509,0,476,0,0
B6_D1,186,0,508,0,0
B6_D1,511,0,310,0,0
B10_D1,252,0,208,0,0
B4_D1,811,0,210,0,0
G1_D1,346,0,206,0,0
B10_D1,858,0,29,0,0
B6_D1,134,0,433,0,0
B6_D1,986,0,46,0,0
B10_D1,676,0,252,0,0
B6_D1,514,0,226,0,0
B6_D1,28,0,2,0,0
B6_D1,70,0,293,0,0
B10_D1,154,0,4,0,0
B4_D1,1019,0,117,0,0
B6_D1,431,0,477,0,0
B6_D1,186,0,487,0,0
B6_D1,640,0,455,0,0
B10_D1,466,0,337,0,0
G1_D1,82,0,9,0,0
B2_D1,963,0,46,0,0
B10_D1,528,0,264,0,0
B2_D1,452,0,371,0,0
B6_D1,974,0,491,0,0
B6_D1,782,0,426,0,0
B6_D1,199,0,352,0,0
B6_D1,672,0,3,0,0
B10_D1,944,0,506,0,0
B6_D1,867,0,151,0,0
B10_D1,692,0,82,0,0
B6_D1,602,0,10,0,0
G1_D1,150,0,306,0,0
B6_D1,233,0,131,0,0
B10_D1,166,0,215,0,0
G1_D1,269,0,410,0,0
G1_D1,314,0,232,0,0
B10_D1,16,0,85,0,0
B4_D1,774,0,273,0,0
G1_D1,546,0,88,0,0
G1_D1,282,0,286,0,0
B10_D1,287,0,267,0,0
G1_D1,489,0,66,0,0
B8_D1,310,0,3,0,0
G1_D1,902,0,294,0,0
B6_D1,592,0,351,0,0
B10_D1,855,0,12,0,0
G1_D1,54,0,89,0,0
B10_D1,176,0,200,0,0
B10_D1,625,0,289,0,0
G1_D1,702,0,52,0,0
B8_D1,634,0,303,0,0
B4_D1,6,0,259,0,0
B2_D1,700,0,265,0,0
B6_D1,508,0,26,0,0
B6_D1,863,0,111,0,0
B10_D1,52,0,48,0,0
G1_D1,423,0,93,0,0
B6_D1,502,0,409,0,0
B6_D1,434,0,418,0,0
B8_D1,116,0,214,0,0
B6_D1,720,0,499,0,0
B10_D1,912,0,329,0,0
G1_D1,932,0,103,0,0
B10_D1,279,0,302,0,0
B6_D1,194,0,75,0,0
B6_D1,466,0,56,0,0
B6_D1,174,0,3,0,0
B10_D1,428,0,126,0,0
G1_D1,234,0,0,0,0
B6_D1,544,0,294,0,0
G1_D1,481,0,75,0,0
B10_D1,426,0,147,0,0
B10_D1,407,0,339,0,0
B10_D1,520,0,244,0,0
B6_D1,226,0,29,0,0
G1_D1,470,0,483,0,0
B10_D1,53,0,11,0,0
B8_D1,228,0,339,0,0
B10_D1,318,0,414,0,0
B6_D1,600,0,163,0,0
B6_D1,654,0,278,0,0
B2_D1,648,0,69,0,0
G1_D1,12,0,58,0,0
B6_D1,434,0,10,0,0
B6_D1,985,0,410,0,0
B6_D1,597,0,418,0,0
B10_D1,633,0,494,0,0
G1_D1,873,0,10,0,0
B6_D1,148,0,169,0,0
B6_D1,652,0,510,0,0
B10_D1,235,0,303,0,0
B8_D1,88,0,143,0,0
G1_D1,504,0,44,0,0
B10_D1,878,0,506,0,0
B6_D1,777,0,364,0,0
G1_D1,707,0,44,0,0
G1_D1,967,0,41,0,0
B6_D1,486,0,353,0,0
B2_D1,199,0,0,0,0
G1_D1,1017,0,343,0,0
B6_D1,168,0,6,0,0
G1_D1,747,0,239,0,0
B10_D1,314,0,415,0,0
B8_D1,659,0,181,0,0
B10_D1,253,0,255,0,0
B6_D1,398,0,16,0,0
B6_D1,224,0,282,0,0
G1_D1,148,0,499,0,0
G1_D1,919,0,49,0,0
B6_D1,92,0,281,0,0
B10_D1,197,0,12,0,0
G1_D1,174,0,170,0,0
G1_D1,530,0,29,0,0
B10_D1,953,0,4,0,0
G1_D1,321,0,212,0,0
G1_D1,401,0,443,0,0
B6_D1,52,0,35,0,0
B10_D1,83,0,196,0,0
B2_D1,322,0,200,0,0
G1_D1,858,0,103,0,0
B6_D1,166,0,78,0,0
B4_D1,5,0,128,0,0
B6_D1,362,0,19,0,0
B6_D1,61,0,105,0,0
B6_D1,689,0,452,0,0
B2_D1,957,0,38,0,0
B6_D1,793,0,442,0,0
G1_D1,355,0,306,0,0
B10_D1,394,0,409,0,0
B4_D1,486,0,287,0,0
B6_D1,961,0,245,0,0
G1_D1,430,0,121,0,0
G1_D1,778,0,18,0,0
G1_D1,559,0,6,0,0
B10_D1,250,0,154,0,0
B10_D1,200,0,15,0,0
B10_D1,839,0,234,0,0
B10_D1,499,0,93,0,0
G1_D1,18,0,214,0,0
B2_D1,767,0,284,0,0
B10_D1,681,0,244,0,0
B4_D1,302,0,17,0,0
B10_D1,471,0,468,0,0
B6_D1,314,0,10,0,0
B10_D1,173,0,132,0,0
B6_D1,918,0,315,0,0
G1_D1,919,0,78,0,0
B6_D1,869,0,118,0,0
G1_D1,27,0,4,0,0
B6_D1,479,0,458,0,0
B10_D1,88,0,275,0,0
G1_D1,162,0,66,0,0
B6_D1,42,0,197,0,0
B10_D1,679,0,268,0,0
B4_D1,410,0,408,0,0
B4_D1,124,0,354,0,0
B4_D1,882,0,259,0,0
B10_D1,465,0,205,0,0
B10_D1,28,0,64,0,0
B6_D1,139,0,410,0,0
B10_D1,255,0,193,0,0
B10_D1,528,0,412,0,0
B6_D1,125,0,476,0,0
B10_D1,446,0,81,0,0
B6_D1,104,0,251,0,0
B6_D1,633,0,115,0,0
B10_D1,764,0,476,0,0
B6_D1,656,0,396,0,0
B10_D1,626,0,254,0,0
B10_D1,625,0,125,0,0
B6_D1,286,0,77,0,0
B10_D1,148,0,87,0,0
B6_D1,398,0,22,0,0
B6_D1,574,0,14,0,0
B2_D1,414,0,506,0,0
B2_D1,874,0,87,0,0
B6_D1,851,0,139,0,0
G1_D1,234,0,22,0,0
B2_D1,77,0,54,0,0
B10_D1,473,0,511,0,0
B10_D1,491,0,228,0,0
G1_D1,535,0,64,0,0
G1_D1,410,0,370,0,0
G1_D1,430,0,297,0,0
B6_D1,118,0,140,0,0
B6_D1,576,0,178,0,0
B4_D1,263,0,327,0,0
B6_D1,786,0,334,0,0
B10_D1,792,0,311,0,0
B6_D1,766,0,410,0,0
G1_D1,1022,0,5,0,0
B10_D1,93,0,185,0,0
B4_D1,457,0,372,0,0
B6_D1,146,0,10,0,0
G1_D1,15,0,21,0,0
B6_D1,922,0,461,0,0
B4_D1,820,0,91,0,0
G1_D1,843,0,4,0,0
B10_D1,254,0,51,0,0
B10_D1,630,0,245,0,0
B6_D1,340,0,44,0,0
B6_D1,12,0,21,0,0
B10_D1,293,0,74,0,0
B6_D1,390,0,171,0,0
B2_D1,170,0,117,0,0
G1_D1,570,0,147,0,0
B10_D1,284,0,183,0,0
G1_D1,222,0,141,0,0
B10_D1,228,0,64,0,0
B6_D1,380,0,34,0,0
G1_D1,54,0,58,0,0
B4_D1,703,0,47,0,0
B10_D1,973,0,77,0,0
G1_D1,353,0,445,0,0
G1_D1,994,0,510,0,0
B10_D1,36,0,32,0,0
B10_D1,421,0,283,0,0
B10_D1,19,0,325,0,0
G1_D1,913,0,442,0,0
B10_D1,617,0,411,0,0
B6_D1,425,0,286,0,0
G1_D1,1011,0,86,0,0
B10_D1,265,0,312,0,0
B6_D1,908,0,92,0,0
B6_D1,838,0,14,0,0
B10_D1,668,0,242,0,0
B6_D1,195,0,361,0,0
B6_D1,503,0,325,0,0
B10_D1,118,0,4,0,0
B2_D1,471,0,40,0,0
B6_D1,316,0,468,0,0
B6_D1,845,0,352,0,0
G1_D1,810,0,58,0,0
B6_D1,368,0,488,0,0
B6_D1,326,0,22,0,0
G1_D1,722,0,100,0,0
B4_D1,929,0,111,0,0
B10_D1,106,0,215,0,0
B10_D1,565,0,112,0,0
B10_D1,885,0,252,0,0
B6_D1,399,0,64,0,0
B6_D1,896,0,126,0,0
B6_D1,124,0,103,0,0
B6_D1,173,0,479,0,0
B2_D1,95,0,26,0,0
B6_D1,4,0,501,0,0
B6_D1,810,0,27,0,0
B6_D1,562,0,346,0,0
B10_D1,729,0,117,0,0
G1_D1,198,0,125,0,0
B6_D1,356,0,19,0,0
B10_D1,146,0,54,0,0
B10_D1,426,0,129,0,0
B6_D1,674,0,161,0,0
B10_D1,462,0,105,0,0
B10_D1,615,0,312,0,0
G1_D1,689,0,8,0,0
B10_D1,57,0,289,0,0
B10_D1,735,0,322,0,0
B4_D1,789,0,243,0,0
B6_D1,534,0,171,0,0
B6_D1,896,0,223,0,0
B10_D1,839,0,285,0,0
B2_D1,204,0,212,0,0
B10_D1,389,0,25,0,0
G1_D1,781,0,246,0,0
B8_D1,114,0,133,0,0
B10_D1,309,0,223,0,0
B10_D1,177,0,231,0,0
B6_D1,744,0,341,0,0
G1_D1,789,0,4,0,0
G1_D1,242,0,25,0,0
B10_D1,207,0,21,0,0
B2_D1,257,0,506,0,0
G1_D1,291,0,486,0,0
G1_D1,826,0,311,0,0
B6_D1,306,0,210,0,0
B6_D1,561,0,337,0,0
G1_D1,869,0,2,0,0
B6_D1,42,0,9,0,0
B6_D1,948,0,484,0,0
G1_D1,323,0,114,0,0
B6_D1,790,0,38,0,0
B6_D1,788,0,22,0,0
B6_D1,835,0,58,0,0
B2_D1,1,0,170,0,0
B6_D1,533,0,272,0,0
B6_D1,763,0,464,0,0
G1_D1,608,0,141,0,0
B10_D1,394,0,6,0,0
B4_D1,714,0,196,0,0
B10_D1,5,0,329,0,0
B4_D1,1020,0,168,0,0
B2_D1,425,0,504,0,0
B10_D1,869,0,81,0,0
B6_D1,135,0,365,0,0
B6_D1,582,0,290,0,0
B6_D1,401,0,172,0,0
B6_D1,824,0,146,0,0
B10_D1,72,0,314,0,0
B10_D1,252,0,157,0,0
B10_D1,808,0,411,0,0
B6_D1,167,0,97,0,0
B6_D1,368,0,500,0,0
B6_D1,754,0,261,0,0
B10_D1,340,0,313,0,0
B6_D1,488,0,306,0,0
B4_D1,580,0,379,0,0
B4_D1,348,0,219,0,0
B10_D1,603,0,312,0,0
G1_D1,873,0,265,0,0
B4_D1,237,0,59,0,0
G1_D1,880,0,20,0,0
B10_D1,887,0,2,0,0
B10_D1,304,0,269,0,0
G1_D1,40,0,224,0,0
B2_D1,250,0,155,0,0
B6_D1,802,0,257,0,0
B6_D1,441,0,110,0,0
B6_D1,186,0,434,0,0
G1_D1,1023,0,87,0,0
B6_D1,90,0,24,0,0
B6_D1,581,0,121,0,0
G1_D1,909,0,83,0,0
B6_D1,750,0,496,0,0
B2_D1,280,0,200,0,0
B10_D1,45,0,328,0,0
B6_D1,676,0,38,0,0
B10_D1,726,0,402,0,0
B6_D1,768,0,24,0,0
B6_D1,222,0,199,0,0
G1_D1,611,0,115,0,0
B10_D1,830,0,28,0,0
G1_D1,932,0,1,0,0
B4_D1,978,0,218,0,0
G1_D1,208,0,511,0,0
B6_D1,157,0,272,0,0
B6_D1,261,0,374,0,0
G1_D1,860,0,269,0,0
G1_D1,230,0,409,0,0
B6_D1,981,0,50,0,0
G1_D1,652,0,273,0,0
B6_D1,715,0,417,0,0
B10_D1,629,0,176,0,0
B10_D1,644,0,26,0,0
B6_D1,917,0,259,0,0
B4_D1,638,0,302,0,0
G1_D1,478,0,241,0,0
B10_D1,471,0,472,0,0
B6_D1,850,0,32,0,0
B6_D1,340,0,222,0,0
B6_D1,642,0,358,0,0
G1_D1,227,0,268,0,0
B4_D1,494,0,373,0,0
B10_D1,92,0,273,0,0
B10_D1,354,0,187,0,0
B10_D1,70,0,319,0,0
B2_D1,495,0,124,0,0
G1_D1,1007,0,237,0,0
B6_D1,402,0,511,0,0
B6_D1,472,0,20,0,0
B10_D1,971,0,230,0,0
B10_D1,285,0,181,0,0
B6_D1,400,0,422,0,0
B6_D1,202,0,29,0,0
B10_D1,860,0,255,0,0
B10_D1,120,0,61,0,0
B6_D1,500,0,482,0,0
B2_D1,662,0,503,0,0
B10_D1,133,0,121,0,0
B6_D1,298,0,320,0,0
B10_D1,332,0,9,0,0
G1_D1,665,0,32,0,0
B10_D1,699,0,163,0,0
G1_D1,1021,0,197,0,0
B6_D1,648,0,411,0,0
B6_D1,740,0,48,0,0
G1_D1,698,0,266,0,0
G1_D1,254,0,32,0,0
G1_D1,440,0,1,0,0
B10_D1,609,0,87,0,0
B2_D1,206,0,116,0,0
B10_D1,602,0,247,0,0
B10_D1,5,0,100,0,0
B2_D1,753,0,52,0,0
G1_D1,255,0,232,0,0
G1_D1,47,0,50,0,0
G1_D1,112,0,272,0,0
G1_D1,114,0,18,0,0
B10_D1,576,0,115,0,0
G1_D1,270,0,459,0,0
B10_D1,234,0,88,0,0
B10_D1,505,0,51,0,0
B4_D1,227,0,353,0,0
B4_D1,662,0,38,0,0
B10_D1,839,0,279,0,0
B10_D1,740,0,251,0,0
B4_D1,2,0,91,0,0
B10_D1,682,0,109,0,0
B10_D1,506,0,284,0,0
B2_D1,30,0,42,0,0
B10_D1,221,0,239,0,0
B6_D1,556,0,363,0,0
B6_D1,120,0,141,0,0
B4_D1,779,0,272,0,0
B10_D1,146,0,223,0,0
B10_D1,685,0,56,0,0
B8_D1,40,0,327,0,0
B10_D1,680,0,115,0,0
G1_D1,276,0,20,0,0
B10_D1,698,0,11,0,0
B10_D1,443,0,0,0,0
B8_D1,40,0,3,0,0
B10_D1,484,0,244,0,0
B10_D1,25,0,19,0,0
B10_D1,603,0,263,0,0
B2_D1,390,0,289,0,0
B6_D1,264,0,195,0,0
B10_D1,391,0,277,0,0
B6_D1,855,0,187,0,0
G1_D1,391,0,506,0,0
G1_D1,126,0,372,0,0
B2_D1,481,0,158,0,0
B10_D1,192,0,118,0,0
B10_D1,926,0,375,0,0
B10_D1,140,0,113,0,0
B10_D1,824,0,243,0,0
B2_D1,922,0,40,0,0
B6_D1,1,0,437,0,0
B6_D1,676,0,501,0,0
B10_D1,82,0,83,0,0
B10_D1,701,0,4,0,0
B2_D1,504,0,485,0,0
B10_D1,30,0,275,0,0
G1_D1,895,0,511,0,0
B10_D1,916,0,403,0,0
B10_D1,784,0,419,0,0
G1_D1,1017,0,402,0,0
G1_D1,673,0,131,0,0
B6_D1,827,0,215,0,0
B6_D1,965,0,168,0,0
B6_D1,73,0,163,0,0
B10_D1,143,0,221,0,0
B10_D1,345,0,107,0,0
G1_D1,505,0,12,0,0
B6_D1,828,0,6,0,0
B6_D1,795,0,77,0,0
B10_D1,552,0,508,0,0
B10_D1,687,0,59,0,0
B6_D1,890,0,503,0,0
G1_D1,353,0,241,0,0
B6_D1,98,0,7,0,0
B6_D1,766,0,70,0,0
B2_D1,229,0,203,0,0
B6_D1,541,0,252,0,0
B4_D1,754,0,49,0,0
B10_D1,969,0,49,0,0
B10_D1,236,0,216,0,0
B10_D1,1016,0,465,0,0
B6_D1,302,0,13,0,0
G1_D1,305,0,95,0,0
B4_D1,92,0,122,0,0
G1_D1,383,0,165,0,0
B10_D1,252,0,37,0,0
B6_D1,560,0,233,0,0
B6_D1,292,0,478,0,0
B10_D1,800,0,73,0,0
B2_D1,467,0,497,0,0
B10_D1,101,0,319,0,0
B6_D1,1000,0,41,0,0
B6_D1,456,0,107,0,0
B2_D1,626,0,479,0,0
G1_D1,337,0,12,0,0
B10_D1,933,0,326,0,0
B6_D1,148,0,2,0,0
B10_D1,150,0,166,0,0
G1_D1,35,0,177,0,0
B6_D1,8,0,78,0,0
B6_D1,656,0,344,0,0
B10_D1,169,0,202,0,0
G1_D1,937,0,296,0,0
B10_D1,1004,0,61,0,0
B10_D1,285,0,59,0,0
G1_D1,726,0,457,0,0
B6_D1,180,0,286,0,0
B6_D1,427,0,173,0,0
B6_D1,511,0,255,0,0
B10_D1,327,0,24,0,0
B6_D1,517,0,364,0,0
G1_D1,908,0,85,0,0
B8_D1,216,0,343,0,0
B10_D1,297,0,317,0,0
B10_D1,0,0,169,0,0
B6_D1,964,0,53,0,0
B2_D1,901,0,4,0,0
B6_D1,193,0,396,0,0
B6_D1,410,0,1,0,0
B6_D1,959,0,306,0,0
B10_D1,648,0,415,0,0
G1_D1,519,0,80,0,0
B6_D1,554,0,485,0,0
B2_D1,620,0,466,0,0
B10_D1,162,0,60,0,0
B6_D1,412,0,333,0,0
G1_D1,774,0,50,0,0
B6_D1,720,0,484,0,0
B6_D1,950,0,494,0,0
G1_D1,888,0,30,0,0
B10_D1,590,0,86,0,0
B4_D1,659,0,186,0,0
B2_D1,944,0,83,0,0
B6_D1,757,0,277,0,0
B10_D1,422,0,50,0,0
G1_D1,940,0,17,0,0
B10_D1,877,0,209,0,0
G1_D1,790,0,17,0,0
B6_D1,812,0,293,0,0
G1_D1,9,0,378,0,0
B4_D1,577,0,207,0,0
B6_D1,793,0,122,0,0
B10_D1,346,0,309,0,0
B10_D1,667,0,63,0,0
B6_D1,951,0,274,0,0
B6_D1,171,0,452,0,0
B6_D1,682,0,26,0,0
B10_D1,142,0,92,0,0
B6_D1,410,0,488,0,0
B10_D1,30,0,76,0,0
B2_D1,216,0,206,0,0
B6_D1,262,0,65,0,0
G1_D1,700,0,17,0,0
B6_D1,406,0,483,0,0
B6_D1,358,0,38,0,0
B6_D1,164,0,306,0,0
B2_D1,664,0,100,0,0
B6_D1,950,0,43,0,0
G1_D1,868,0,35,0,0
G1_D1,840,0,218,0,0
B10_D1,628,0,299,0,0
B6_D1,852,0,150,0,0
B6_D1,238,0,111,0,0
B6_D1,352,0,338,0,0
B10_D1,95,0,93,0,0
B10_D1,675,0,441,0,0
B4_D1,667,0,31,0,0
B10_D1,786,0,169,0,0
G1_D1,321,0,326,0,0
B6_D1,44,0,424,0,0
B6_D1,76,0,128,0,0
B6_D1,577,0,160,0,0
B10_D1,687,0,308,0,0
B10_D1,498,0,234,0,0
B4_D1,0,0,264,0,0
B10_D1,639,0,416,0,0
B6_D1,86,0,485,0,0
B6_D1,304,0,498,0,0
B6_D1,110,0,497,0,0
B4_D1,247,0,29,0,0
G1_D1,634,0,40,0,0
B6_D1,552,0,42,0,0
B6_D1,990,0,413,0,0
G1_D1,14,0,316,0,0
B10_D1,7,0,62,0,0
B6_D1,362,0,155,0,0
B10_D1,341,0,217,0,0
B6_D1,940,0,8,0,0
B2_D1,473,0,28,0,0
B6_D1,97,0,474,0,0
B6_D1,139,0,288,0,0
B10_D1,415,0,93,0,0
G1_D1,857,0,271,0,0
B10_D1,669,0,381,0,0
B6_D1,541,0,333,0,0
B6_D1,850,0,47,0,0
B10_D1,641,0,304,0,0
B10_D1,105,0,382,0,0
B6_D1,1006,0,44,0,0
B4_D1,288,0,189,0,0
B6_D1,820,0,201,0,0
G1_D1,539,0,187,0,0
B6_D1,482,0,7,0,0
B2_D1,372,0,287,0,0
B10_D1,779,0,423,0,0
B4_D1,540,0,74,0,0
B6_D1,326,0,205,0,0
B6_D1,78,0,487,0,0
B6_D1,576,0,375,0,0
B6_D1,557,0,269,0,0
B6_D1,362,0,264,0,0
B10_D1,397,0,101,0,0
B6_D1,913,0,474,0,0
G1_D1,38,0,201,0,0
B6_D1,108,0,511,0,0
B6_D1,656,0,22,0,0
G1_D1,762,0,329,0,0
B4_D1,770,0,303,0,0
G1_D1,880,0,236,0,0
B4_D1,192,0,3,0,0
B10_D1,205,0,114,0,0
B6_D1,697,0,59,0,0
G1_D1,508,0,9,0,0
G1_D1,495,0,21,0,0
B6_D1,154,0,329,0,0
B6_D1,122,0,207,0,0
B6_D1,831,0,69,0,0
B10_D1,1005,0,4,0,0
B10_D1,249,0,176,0,0
B6_D1,206,0,328,0,0
B6_D1,445,0,326,0,0
G1_D1,614,0,110,0,0
B6_D1,214,0,41,0,0
B10_D1,327,0,223,0,0
B10_D1,160,0,84,0,0
B6_D1,819,0,64,0,0
B6_D1,860,0,160,0,0
B6_D1,163,0,61,0,0
B10_D1,253,0,167,0,0
G1_D1,610,0,18,0,0
B10_D1,733,0,420,0,0
B6_D1,8,0,83,0,0
B10_D1,110,0,272,0,0
G1_D1,588,0,73,0,0
B10_D1,374,0,229,0,0
B6_D1,279,0,268,0,0
B4_D1,445,0,372,0,0
G1_D1,971,0,124,0,0
B10_D1,164,0,158,0,0
G1_D1,931,0,53,0,0
B6_D1,790,0,486,0,0
B10_D1,0,0,251,0,0
B10_D1,452,0,49,0,0
B2_D1,916,0,267,0,0
B6_D1,938,0,131,0,0
B6_D1,828,0,30,0,0
B6_D1,124,0,461,0,0
G1_D1,196,0,122,0,0
B4_D1,828,0,52,0,0
B6_D1,1013,0,312,0,0
B10_D1,744,0,422,0,0
B10_D1,781,0,104,0,0
B10_D1,475,0,309,0,0
B10_D1,65,0,187,0,0
B10_D1,471,0,92,0,0
G1_D1,891,0,245,0,0
B6_D1,302,0,485,0,0
B4_D1,260,0,34,0,0
B10_D1,520,0,83,0,0
B6_D1,162,0,12,0,0
B10_D1,42,0,32,0,0
G1_D1,731,0,80,0,0
B2_D1,268,0,295,0,0
B6_D1,8,0,37,0,0
B10_D1,431,0,478,0,0
B6_D1,812,0,16,0,0
B10_D1,53,0,10,0,0
B6_D1,631,0,276,0,0
G1_D1,125,0,29,0,0
G1_D1,247,0,67,0,0
B10_D1,259,0,49,0,0
G1_D1,925,0,239,0,0
B6_D1,124,0,82,0,0
G1_D1,532,0,17,0,0
B10_D1,23,0,323,0,0
B6_D1,104,0,464,0,0
B10_D1,674,0,305,0,0
B10_D1,492,0,232,0,0
B6_D1,164,0,31,0,0
B10_D1,188,0,200,0,0
B6_D1,651,0,184,0,0
G1_D1,197,0,15,0,0
B2_D1,655,0,459,0,0
B6_D1,905,0,217,0,0
G1_D1,27,0,17,0,0
G1_D1,880,0,390,0,0
B6_D1,973,0,297,0,0
B6_D1,388,0,29,0,0
B10_D1,295,0,97,0,0
G1_D1,310,0,47,0,0
G1_D1,382,0,39,0,0
B10_D1,750,0,54,0,0
B6_D1,168,0,277,0,0
B6_D1,815,0,376,0,0
B6_D1,822,0,9,0,0
B10_D1,24,0,153,0,0
G1_D1,308,0,183,0,0
B6_D1,621,0,480,0,0
B2_D1,789,0,50,0,0
G1_D1,68,0,400,0,0
B10_D1,55,0,276,0,0
G1_D1,663,0,4,0,0
B4_D1,626,0,180,0,0
G1_D1,32,0,284,0,0
B10_D1,584,0,258,0,0
B6_D1,804,0,36,0,0
B6_D1,433,0,274,0,0
B6_D1,488,0,285,0,0
B6_D1,1022,0,55,0,0
G1_D1,984,0,135,0,0
G1_D1,952,0,295,0,0
B8_D1,765,0,239,0,0
B6_D1,570,0,505,0,0
B2_D1,769,0,245,0,0
B2_D1,148,0,301,0,0
B2_D1,243,0,55,0,0
B10_D1,712,0,72,0,0
G1_D1,625,0,200,0,0
B10_D1,699,0,322,0,0
B4_D1,521,0,264,0,0
B10_D1,616,0,310,0,0
B6_D1,296,0,79,0,0
B6_D1,380,0,459,0,0
B6_D1,271,0,109,0,0
B10_D1,198,0,179,0,0
B6_D1,974,0,509,0,0
B2_D1,0,0,391,0,0
B10_D1,55,0,162,0,0
B10_D1,644,0,458,0,0
B4_D1,972,0,29,0,0
B6_D1,1001,0,405,0,0
G1_D1,797,0,247,0,0
B4_D1,604,0,358,0,0
B4_D1,277,0,191,0,0
B10_D1,472,0,68,0,0
G1_D1,841,0,214,0,0
G1_D1,252,0,13,0,0
B6_D1,618,0,39,0,0
B4_D1,397,0,101,0,0
B10_D1,525,0,282,0,0
G1_D1,134,0,185,0,0
B6_D1,562,0,483,0,0
G1_D1,59,0,83,0,0
B6_D1,25,0,222,0,0
B6_D1,898,0,345,0,0
B6_D1,948,0,3,0,0
G1_D1,799,0,118,0,0
B10_D1,945,0,46,0,0
B6_D1,857,0,89,0,0
B6_D1,2,0,370,0,0
B2_D1,596,0,160,0,0
B2_D1,831,0,126,0,0
B4_D1,117,0,414,0,0
B6_D1,848,0,509,0,0
B10_D1,93,0,16,0,0
G1_D1,789,0,322,0,0
B10_D1,235,0,305,0,0
B10_D1,153,0,226,0,0
B10_D1,363,0,482,0,0
B6_D1,859,0,450,0,0
B10_D1,989,0,102,0,0
B6_D1,355,0,373,0,0
B6_D1,255,0,241,0,0
B6_D1,64,0,146,0,0
B6_D1,571,0,306,0,0
B10_D1,324,0,82,0,0
B10_D1,116,0,62,0,0
B6_D1,722,0,281,0,0
B6_D1,948,0,502,0,0
B6_D1,532,0,489,0,0
B10_D1,201,0,59,0,0
B10_D1,469,0,234,0,0
B6_D1,932,0,491,0,0
B10_D1,550,0,283,0,0
B6_D1,54,0,490,0,0
G1_D1,236,0,79,0,0
B10_D1,42,0,27,0,0
B6_D1,2,0,462,0,0
B6_D1,275,0,292,0,0
B6_D1,702,0,21,0,0
B4_D1,619,0,352,0,0
G1_D1,307,0,33,0,0
B10_D1,157,0,509,0,0
B4_D1,626,0,346,0,0
B10_D1,705,0,474,0,0
B10_D1,593,0,485,0,0
B10_D1,482,0,81,0,0
B10_D1,434,0,124,0,0
B10_D1,222,0,256,0,0
B10_D1,151,0,314,0,0
B6_D1,749,0,271,0,0
B6_D1,474,0,484,0,0
G1_D1,756,0,115,0,0
G1_D1,437,0,298,0,0
B6_D1,896,0,497,0,0
B10_D1,487,0,482,0,0
B6_D1,50,0,269,0,0
B10_D1,965,0,0,0,0
B6_D1,821,0,294,0,0
B10_D1,179,0,120,0,0
G1_D1,861,0,4,0,0
B4_D1,53,0,35,0,0
B10_D1,1020,0,131,0,0
G1_D1,82,0,135,0,0
B10_D1,434,0,289,0,0
B6_D1,171,0,368,0,0
B10_D1,450,0,312,0,0
G1_D1,740,0,11,0,0
B10_D1,5,0,328,0,0
B4_D1,650,0,307,0,0
G1_D1,15,0,150,0,0
B10_D1,125,0,99,0,0
B2_D1,536,0,155,0,0
B6_D1,73,0,139,0,0
B10_D1,867,0,84,0,0
B2_D1,757,0,55,0,0
B10_D1,659,0,488,0,0
G1_D1,694,0,455,0,0
B6_D1,310,0,5,0,0
B6_D1,320,0,482,0,0
B10_D1,178,0,243,0,0
B10_D1,790,0,310,0,0
B6_D1,265,0,108,0,0
B4_D1,939,0,47,0,0
B6_D1,70,0,507,0,0
G1_D1,838,0,511,0,0
B6_D1,268,0,341,0,0
G1_D1,673,0,246,0,0
B6_D1,845,0,294,0,0
B6_D1,138,0,42,0,0
B10_D1,583,0,306,0,0
B10_D1,27,0,95,0,0
B6_D1,24,0,3,0,0
B10_D1,765,0,407,0,0
B2_D1,84,0,149,0,0
B6_D1,781,0,122,0,0
B10_D1,454,0,141,0,0
B10_D1,358,0,269,0,0
B6_D1,418,0,468,0,0
B10_D1,653,0,260,0,0
B10_D1,116,0,228,0,0
B6_D1,553,0,261,0,0
B10_D1,629,0,468,0,0
G1_D1,542,0,25,0,0
G1_D1,1008,0,215,0,0
B2_D1,517,0,464,0,0
G1_D1,529,0,473,0,0
G1_D1,21,0,116,0,0
B10_D1,933,0,29,0,0
B10_D1,182,0,55,0,0
G1_D1,644,0,1,0,0
B10_D1,342,0,186,0,0
B6_D1,829,0,328,0,0
B4_D1,924,0,88,0,0
B6_D1,926,0,491,0,0
B2_D1,607,0,48,0,0
G1_D1,88,0,41,0,0
B6_D1,482,0,48,0,0
B10_D1,790,0,172,0,0
B10_D1,745,0,420,0,0
G1_D1,386,0,11,0,0
G1_D1,178,0,58,0,0
B6_D1,331,0,213,0,0
B4_D1,523,0,278,0,0
B6_D1,782,0,435,0,0
B2_D1,247,0,488,0,0
B6_D1,321,0,226,0,0
B6_D1,795,0,254,0,0
B4_D1,558,0,170,0,0
B6_D1,8,0,130,0,0
B2_D1,819,0,363,0,0
B10_D1,396,0,64,0,0
G1_D1,1011,0,47,0,0
G1_D1,1004,0,419,0,0
B6_D1,314,0,155,0,0
G1_D1,385,0,297,0,0
B10_D1,364,0,257,0,0
B6_D1,324,0,502,0,0
B6_D1,732,0,242,0,0
B2_D1,155,0,89,0,0
B6_D1,604,0,5,0,0
G1_D1,326,0,34,0,0
B10_D1,108,0,490,0,0
B10_D1,726,0,463,0,0
G1_D1,765,0,303,0,0
B10_D1,601,0,313,0,0
B6_D1,192,0,15,0,0
B4_D1,451,0,184,0,0
G1_D1,73,0,458,0,0
B6_D1,171,0,76,0,0
B10_D1,341,0,174,0,0
B10_D1,319,0,333,0,0
B6_D1,254,0,460,0,0
B10_D1,304,0,420,0,0
G1_D1,815,0,86,0,0
B6_D1,689,0,431,0,0
B4_D1,546,0,145,0,0
B10_D1,544,0,65,0,0
B10_D1,246,0,192,0,0
B10_D1,338,0,201,0,0
B10_D1,137,0,14,0,0
B10_D1,287,0,0,0,0
B10_D1,232,0,147,0,0
B6_D1,544,0,366,0,0
B4_D1,617,0,300,0,0
B10_D1,951,0,244,0,0
B10_D1,221,0,510,0,0
B10_D1,758,0,95,0,0
B6_D1,70,0,11,0,0
B6_D1,176,0,383,0,0
B6_D1,89,0,462,0,0
B10_D1,12,0,246,0,0
B2_D1,317,0,389,0,0
G1_D1,90,0,22,0,0
B10_D1,29,0,146,0,0
B2_D1,699,0,33,0,0
B6_D1,374,0,213,0,0
G1_D1,59,0,2,0,0
B10_D1,961,0,262,0,0
B6_D1,894,0,36,0,0
G1_D1,760,0,9,0,0
B10_D1,702,0,501,0,0
B10_D1,187,0,49,0,0
B6_D1,128,0,91,0,0
B6_D1,452,0,99,0,0
B6_D1,448,0,243,0,0
B10_D1,130,0,4,0,0
B6_D1,554,0,37,0,0
B10_D1,809,0,48,0,0
B4_D1,138,0,130,0,0
B10_D1,751,0,417,0,0
B6_D1,404,0,229,0,0
G1_D1,184,0,240,0,0
B10_D1,390,0,414,0,0
B10_D1,33,0,84,0,0
G1_D1,385,0,12,0,0
B8_D1,278,0,325,0,0
B8_D1,819,0,228,0,0
B10_D1,460,0,95,0,0
B6_D1,714,0,33,0,0
B10_D1,689,0,201,0,0
B10_D1,261,0,69,0,0
B6_D1,445,0,263,0,0
G1_D1,28,0,237,0,0
B10_D1,0,0,324,0,0
B6_D1,222,0,508,0,0
B10_D1,780,0,166,0,0
B6_D1,510,0,266,0,0
B6_D1,365,0,383,0,0
B6_D1,297,0,374,0,0
B10_D1,665,0,315,0,0
B10_D1,953,0,64,0,0
B6_D1,396,0,499,0,0
B6_D1,876,0,55,0,0
G1_D1,726,0,315,0,0
B10_D1,653,0,107,0,0
B10_D1,899,0,216,0,0
G1_D1,961,0,80,0,0
B10_D1,55,0,509,0,0
B6_D1,616,0,284,0,0
B6_D1,466,0,501,0,0
B10_D1,1004,0,476,0,0
B4_D1,540,0,411,0,0
B10_D1,640,0,453,0,0
G1_D1,982,0,217,0,0
G1_D1,14,0,308,0,0
B6_D1,778,0,486,0,0
B10_D1,275,0,135,0,0
B6_D1,434,0,503,0,0
B6_D1,409,0,352,0,0
B6_D1,674,0,491,0,0
B10_D1,343,0,236,0,0
B10_D1,637,0,202,0,0
G1_D1,967,0,12,0,0
G1_D1,424,0,297,0,0
B4_D1,64,0,124,0,0
B6_D1,967,0,170,0,0
B10_D1,816,0,278,0,0
B10_D1,483,0,303,0,0
B6_D1,98,0,40,0,0
B6_D1,74,0,49,0,0
G1_D1,652,0,262,0,0
B10_D1,556,0,71,0,0
B10_D1,304,0,266,0,0
B10_D1,51,0,271,0,0
G1_D1,444,0,368,0,0
B6_D1,612,0,508,0,0
B10_D1,472,0,486,0,0
B10_D1,316,0,212,0,0
B10_D1,511,0,39,0,0
G1_D1,491,0,2,0,0
B10_D1,39,0,204,0,0
B6_D1,504,0,484,0,0
B10_D1,139,0,3,0,0
B2_D1,328,0,493,0,0
B10_D1,421,0,52,0,0
B4_D1,256,0,334,0,0
B6_D1,849,0,335,0,0
B4_D1,8,0,346,0,0
B6_D1,408,0,245,0,0
B6_D1,50,0,40,0,0
B6_D1,634,0,29,0,0
B6_D1,397,0,191,0,0
B6_D1,84,0,502,0,0
G1_D1,681,0,170,0,0
B6_D1,275,0,481,0,0
B10_D1,173,0,80,0,0
G1_D1,903,0,323,0,0
B6_D1,316,0,2,0,0
B6_D1,46,0,122,0,0
B6_D1,343,0,209,0,0
B4_D1,713,0,344,0,0
B10_D1,407,0,511,0,0
G1_D1,344,0,103,0,0
G1_D1,431,0,391,0,0
B10_D1,255,0,2,0,0
B10_D1,103,0,131,0,0
B10_D1,727,0,461,0,0
B2_D1,675,0,501,0,0
B6_D1,648,0,12,0,0
B10_D1,389,0,46,0,0
B2_D1,364,0,511,0,0
G1_D1,896,0,134,0,0
G1_D1,757,0,33,0,0
B10_D1,935,0,261,0,0
G1_D1,1,0,476,0,0
B6_D1,140,0,37,0,0
B6_D1,58,0,397,0,0
B6_D1,146,0,506,0,0
B10_D1,768,0,309,0,0
G1_D1,668,0,149,0,0
B6_D1,534,0,496,0,0
B6_D1,1,0,256,0,0
G1_D1,688,0,283,0,0
G1_D1,693,0,38,0,0
B10_D1,300,0,245,0,0
B6_D1,877,0,365,0,0
B10_D1,281,0,242,0,0
B10_D1,164,0,278,0,0
B6_D1,501,0,250,0,0
B6_D1,559,0,364,0,0
B10_D1,332,0,28,0,0
B10_D1,203,0,232,0,0
B4_D1,147,0,191,0,0
B6_D1,524,0,48,0,0
G1_D1,254,0,236,0,0
B10_D1,32,0,140,0,0
B6_D1,129,0,302,0,0
B6_D1,526,0,284,0,0
B4_D1,323,0,162,0,0
B10_D1,620,0,45,0,0
B10_D1,145,0,7,0,0
G1_D1,792,0,0,0,0
B10_D1,983,0,24,0,0
B10_D1,606,0,5,0,0
B10_D1,688,0,447,0,0
B10_D1,643,0,152,0,0
B2_D1,497,0,28,0,0
B10_D1,0,0,165,0,0
B6_D1,698,0,46,0,0
B10_D1,995,0,357,0,0
G1_D1,188,0,61,0,0
B6_D1,72,0,508,0,0
B6_D1,62,0,7,0,0
B10_D1,421,0,119,0,0
B10_D1,604,0,140,0,0
B10_D1,540,0,301,0,0
B10_D1,159,0,42,0,0
B10_D1,780,0,309,0,0
B10_D1,336,0,166,0,0
B10_D1,323,0,267,0,0
B10_D1,263,0,205,0,0
G1_D1,1004,0,231,0,0
B6_D1,95,0,145,0,0
G1_D1,42,0,163,0,0
B4_D1,910,0,71,0,0
B6_D1,259,0,442,0,0
B10_D1,166,0,243,0,0
B10_D1,242,0,152,0,0
B10_D1,839,0,99,0,0
G1_D1,115,0,134,0,0
B10_D1,198,0,208,0,0
B2_D1,736,0,83,0,0
B2_D1,632,0,479,0,0
B4_D1,110,0,6,0,0
B10_D1,15,0,17,0,0
B10_D1,317,0,98,0,0
B10_D1,881,0,62,0,0
B6_D1,614,0,22,0,0
B6_D1,888,0,49,0,0
B6_D1,1009,0,90,0,0
G1_D1,320,0,59,0,0
B10_D1,769,0,486,0,0
B10_D1,640,0,310,0,0
B6_D1,692,0,31,0,0
B6_D1,763,0,241,0,0
B10_D1,349,0,89,0,0
G1_D1,15,0,151,0,0
B6_D1,958,0,38,0,0
B6_D1,5,0,188,0,0
G1_D1,623,0,443,0,0
B2_D1,196,0,226,0,0
B4_D1,1018,0,57,0,0
B6_D1,713,0,200,0,0
B4_D1,490,0,89,0,0
G1_D1,57,0,81,0,0
B6_D1,342,0,6,0,0
B6_D1,744,0,6,0,0
G1_D1,581,0,157,0,0
G1_D1,9,0,75,0,0
G1_D1,693,0,287,0,0
B2_D1,227,0,484,0,0
B6_D1,264,0,197,0,0
B10_D1,535,0,309,0,0
B6_D1,415,0,461,0,0
B6_D1,300,0,39,0,0
B6_D1,632,0,48,0,0
B6_D1,522,0,484,0,0
B2_D1,950,0,25,0,0
B4_D1,453,0,237,0,0
B10_D1,501,0,302,0,0
G1_D1,80,0,320,0,0
B10_D1,686,0,15,0,0
B10_D1,447,0,1,0,0
B6_D1,183,0,450,0,0
G1_D1,1017,0,258,0,0
G1_D1,148,0,282,0,0
B10_D1,225,0,56,0,0
B6_D1,109,0,50,0,0
B10_D1,231,0,281,0,0
B10_D1,131,0,10,0,0
B10_D1,448,0,138,0,0
B2_D1,484,0,468,0,0
B4_D1,769,0,234,0,0
B6_D1,229,0,381,0,0
B10_D1,316,0,309,0,0
B2_D1,131,0,265,0,0
B2_D1,172,0,110,0,0
B6_D1,872,0,482,0,0
B6_D1,868,0,350,0,0
B4_D1,219,0,133,0,0
B10_D1,764,0,84,0,0
B10_D1,919,0,27,0,0
B10_D1,805,0,373,0,0
B10_D1,24,0,21,0,0
B10_D1,299,0,191,0,0
B6_D1,915,0,162,0,0
B6_D1,803,0,186,0,0
B6_D1,766,0,2,0,0
B10_D1,842,0,404,0,0
B6_D1,790,0,47,0,0
B6_D1,225,0,343,0,0
B10_D1,96,0,155,0,0
B6_D1,233,0,274,0,0
B2_D1,951,0,33,0,0
B10_D1,557,0,68,0,0
G1_D1,336,0,236,0,0
B6_D1,803,0,277,0,0
B2_D1,608,0,466,0,0
G1_D1,161,0,335,0,0
B10_D1,357,0,479,0,0
B2_D1,0,0,182,0,0
G1_D1,16,0,207,0,0
B10_D1,644,0,474,0,0
B6_D1,234,0,499,0,0
G1_D1,748,0,87,0,0
B4_D1,628,0,128,0,0
G1_D1,471,0,84,0,0
B10_D1,62,0,88,0,0
G1_D1,87,0,382,0,0
B6_D1,632,0,7,0,0
B4_D1,79,0,318,0,0
B10_D1,650,0,52,0,0
B10_D1,121,0,221,0,0
B6_D1,210,0,502,0,0
B10_D1,768,0,83,0,0
G1_D1,1018,0,418,0,0
B10_D1,778,0,452,0,0
B10_D1,526,0,190,0,0
B6_D1,642,0,300,0,0
B6_D1,600,0,330,0,0
B10_D1,460,0,160,0,0
B2_D1,25,0,40,0,0
B6_D1,958,0,23,0,0
B10_D1,487,0,95,0,0
B6_D1,417,0,314,0,0
B10_D1,381,0,247,0,0
G1_D1,914,0,297,0,0
B4_D1,940,0,27,0,0
B4_D1,1017,0,35,0,0
B6_D1,762,0,302,0,0
B6_D1,703,0,420,0,0
B4_D1,430,0,378,0,0
B6_D1,797,0,216,0,0
G1_D1,918,0,310,0,0
B4_D1,700,0,263,0,0
G1_D1,483,0,86,0,0
G1_D1,744,0,207,0,0
B10_D1,830,0,269,0,0
B4_D1,726,0,206,0,0
B10_D1,619,0,51,0,0
B6_D1,96,0,400,0,0
G1_D1,1010,0,225,0,0
B10_D1,889,0,241,0,0
B6_D1,225,0,307,0,0
B10_D1,27,0,69,0,0
G1_D1,129,0,371,0,0
B10_D1,1016,0,74,0,0
B6_D1,547,0,398,0,0
B6_D1,86,0,488,0,0
B6_D1,919,0,306,0,0
B6_D1,908,0,13,0,0
G1_D1,343,0,268,0,0
B6_D1,72,0,470,0,0
G1_D1,1004,0,245,0,0
B6_D1,164,0,46,0,0
B10_D1,599,0,296,0,0
G1_D1,775,0,243,0,0
B6_D1,858,0,18,0,0
G1_D1,232,0,511,0,0
B10_D1,612,0,316,0,0
G1_D1,618,0,189,0,0
B10_D1,383,0,174,0,0
B6_D1,842,0,424,0,0
B6_D1,203,0,77,0,0
B6_D1,904,0,211,0,0
B6_D1,817,0,101,0,0
B6_D1,986,0,431,0,0
B6_D1,322,0,14,0,0
B10_D1,526,0,244,0,0
B6_D1,300,0,36,0,0
B10_D1,405,0,21,0,0
B6_D1,44,0,325,0,0
B10_D1,48,0,41,0,0
B10_D1,845,0,35,0,0
G1_D1,394,0,134,0,0
B6_D1,338,0,1,0,0
B6_D1,618,0,277,0,0
G1_D1,14,0,48,0,0
B6_D1,952,0,23,0,0
B4_D1,130,0,176,0,0
B10_D1,18,0,246,0,0
B10_D1,431,0,334,0,0
B4_D1,939,0,87,0,0
B10_D1,288,0,333,0,0
B10_D1,210,0,54,0,0
B4_D1,907,0,20,0,0
B10_D1,847,0,381,0,0
B6_D1,240,0,90,0,0
B10_D1,46,0,311,0,0
G1_D1,717,0,253,0,0
B6_D1,406,0,266,0,0
B10_D1,511,0,93,0,0
B6_D1,808,0,17,0,0
B6_D1,282,0,169,0,0
B6_D1,648,0,18,0,0
B6_D1,492,0,353,0,0
G1_D1,1018,0,266,0,0
B6_D1,395,0,423,0,0
B6_D1,420,0,24,0,0
B10_D1,672,0,96,0,0
B6_D1,93,0,286,0,0
G1_D1,977,0,326,0,-1
B10_D1,555,0,324,0,0
B10_D1,973,0,84,0,0
B6_D1,406,0,20,0,0
B6_D1,548,0,500,0,0
B10_D1,918,0,29,0,0
G1_D1,251,0,397,0,0
B6_D1,462,0,170,0,0
B6_D1,287,0,199,0,0
B6_D1,883,0,134,0,0
B6_D1,492,0,505,0,0
B2_D1,799,0,74,0,0
B10_D1,364,0,311,0,0
B10_D1,651,0,277,0,0
B10_D1,967,0,3,0,0
B2_D1,951,0,146,0,0
B4_D1,769,0,52,0,0
B10_D1,15,0,238,0,0
B8_D1,126,0,83,0,0
B8_D1,171,0,342,0,0
G1_D1,40,0,174,0,0
B2_D1,632,0,164,0,0
B10_D1,201,0,277,0,0
B6_D1,655,0,56,0,0
B6_D1,980,0,184,0,0
G1_D1,501,0,220,0,0
B10_D1,729,0,427,0,0
B6_D1,899,0,141,0,0
B6_D1,311,0,220,0,0
G1_D1,1018,0,297,0,0
B4_D1,95,0,425,0,0
G1_D1,47,0,165,0,0
B2_D1,779,0,284,0,0
B2_D1,587,0,480,0,0
B6_D1,1016,0,136,0,0
B2_D1,485,0,486,0,0
B6_D1,378,0,68,0,0
B6_D1,628,0,214,0,0
B6_D1,61,0,423,0,0
B10_D1,550,0,4,0,0
B10_D1,382,0,188,0,0
B6_D1,456,0,505,0,0
B10_D1,291,0,2,0,0
G1_D1,1006,0,196,0,0
B8_D1,379,0,191,0,0
B2_D1,639,0,508,0,0
B10_D1,5,0,247,0,0
B10_D1,355,0,42,0,0
B6_D1,236,0,4,0,0
B6_D1,248,0,497,0,0
B10_D1,447,0,204,0,0
B10_D1,393,0,2,0,0
B10_D1,496,0,336,0,0
B10_D1,480,0,164,0,0
G1_D1,550,0,511,0,0
B10_D1,149,0,222,0,0
B6_D1,278,0,37,0,0
B6_D1,169,0,475,0,0
B8_D1,4,0,221,0,0
B6_D1,192,0,12,0,0
G1_D1,1022,0,469,0,0
B4_D1,31,0,10,0,0
B10_D1,401,0,204,0,0
B6_D1,63,0,95,0,0
B2_D1,33,0,50,0,0
B6_D1,498,0,12,0,0
B10_D1,587,0,485,0,0
B10_D1,35,0,395,0,0
B6_D1,962,0,31,0,0
G1_D1,977,0,103,0,0
B6_D1,437,0,377,0,0
B10_D1,117,0,342,0,0
B10_D1,463,0,467,0,0
B6_D1,788,0,235,0,0
B2_D1,330,0,138,0,0
G1_D1,226,0,235,0,0
B6_D1,784,0,489,0,0
B10_D1,713,0,247,0,0
B6_D1,437,0,62,0,0
B10_D1,720,0,5,0,0
G1_D1,274,0,103,0,0
G1_D1,771,0,20,0,0
B10_D1,634,0,493,0,0
B6_D1,221,0,185,0,0
B6_D1,260,0,254,0,0
B6_D1,542,0,423,0,0
B10_D1,131,0,346,0,0
B6_D1,162,0,511,0,0
B6_D1,478,0,507,0,0
G1_D1,548,0,117,0,0
G1_D1,741,0,4,0,0
B10_D1,633,0,8,0,0
B6_D1,964,0,395,0,0
G1_D1,448,0,3,0,0
B4_D1,102,0,127,0,0
B6_D1,899,0,388,0,0
B6_D1,666,0,477,0,0
B6_D1,94,0,270,0,0
B2_D1,777,0,225,0,0
B6_D1,370,0,20,0,0
B10_D1,735,0,416,0,0
B6_D1,978,0,49,0,0
B6_D1,242,0,69,0,0
B10_D1,317,0,230,0,0
B10_D1,192,0,208,0,0
G1_D1,469,0,122,0,0
B4_D1,587,0,86,0,0
B6_D1,453,0,285,0,0
G1_D1,576,0,147,0,0
B6_D1,801,0,199,0,0
B10_D1,425,0,485,0,0
B6_D1,420,0,123,0,0
B10_D1,908,0,327,0,0
B6_D1,812,0,149,0,0
B10_D1,722,0,126,0,0
B10_D1,540,0,213,0,0
B8_D1,115,0,202,0,0
G1_D1,14,0,201,0,0
B10_D1,25,0,79,0,0
B10_D1,680,0,418,0,0
G1_D1,952,0,305,0,0
B6_D1,44,0,509,0,0
B10_D1,14,0,193,0,0
G1_D1,703,0,197,0,0
B10_D1,939,0,355,0,0
G1_D1,32,0,238,0,0
B10_D1,997,0,238,0,0
B8_D1,263,0,329,0,0
B6_D1,515,0,160,0,0
G1_D1,264,0,264,0,0
B6_D1,888,0,18,0,0
G1_D1,613,0,119,0,0
B4_D1,892,0,217,0,0
G1_D1,279,0,104,0,0
B10_D1,417,0,493,0,0
G1_D1,483,0,496,0,0
B10_D1,894,0,26,0,0
G1_D1,383,0,283,0,0
G1_D1,51,0,254,0,0
B2_D1,350,0,201,0,0
B10_D1,765,0,462,0,0
B10_D1,359,0,234,0,0
B2_D1,458,0,159,0,0
B6_D1,23,0,377,0,0
B6_D1,902,0,48,0,0
B10_D1,847,0,41,0,0
B6_D1,142,0,20,0,0
B10_D1,569,0,260,0,0
G1_D1,758,0,262,0,0
B6_D1,1002,0,12,0,0
G1_D1,109,0,6,0,0
B6_D1,739,0,97,0,0
B4_D1,333,0,319,0,0
B2_D1,362,0,484,0,0
B6_D1,548,0,16,0,0
B6_D1,48,0,160,0,0
B6_D1,133,0,188,0,0
B10_D1,239,0,235,0,0
G1_D1,675,0,82,0,0
G1_D1,358,0,85,0,0
B6_D1,297,0,113,0,0
B6_D1,204,0,3,0,0
B10_D1,964,0,114,0,0
G1_D1,201,0,50,0,0
B2_D1,659,0,287,0,0
B6_D1,184,0,281,0,0
B6_D1,531,0,231,0,0
B10_D1,275,0,35,0,0
B6_D1,202,0,330,0,0
B6_D1,567,0,124,0,0
B6_D1,334,0,483,0,0
G1_D1,170,0,160,0,0
B10_D1,865,0,261,0,0
B10_D1,323,0,489,0,0
B10_D1,446,0,75,0,0
G1_D1,173,0,498,0,0
G1_D1,256,0,241,0,0
B10_D1,206,0,15,0,0
B6_D1,272,0,13,0,0
G1_D1,837,0,129,0,0
B6_D1,830,0,447,0,0
B10_D1,425,0,11,0,0
B6_D1,573,0,307,0,0
B10_D1,900,0,438,0,0
B10_D1,8,0,189,0,0
B6_D1,662,0,302,0,0
B10_D1,293,0,339,0,0
G1_D1,996,0,134,0,0
B10_D1,470,0,88,0,0
B10_D1,30,0,22,0,0
B6_D1,890,0,22,0,0
B10_D1,690,0,451,0,0
B6_D1,300,0,334,0,0
B6_D1,296,0,43,0,0
B6_D1,330,0,496,0,0
B6_D1,668,0,503,0,0
B6_D1,725,0,297,0,0
G1_D1,1020,0,0,0,0
B10_D1,814,0,246,0,0
B6_D1,254,0,491,0,0
B6_D1,288,0,74,0,0
B10_D1,257,0,510,0,0
B4_D1,42,0,275,0,0
B10_D1,380,0,310,0,0
B4_D1,213,0,48,0,0
B8_D1,274,0,184,0,0
B6_D1,187,0,66,0,0
B10_D1,462,0,226,0,0
B4_D1,63,0,291,0,0
G1_D1,27,0,43,0,0
B6_D1,1018,0,41,0,0
B10_D1,248,0,66,0,0
B10_D1,222,0,55,0,0
B10_D1,99,0,289,0,0
B6_D1,132,0,89,0,0
B4_D1,322,0,168,0,0
B6_D1,296,0,22,0,0
B6_D1,906,0,499,0,0
G1_D1,17,0,50,0,0
B2_D1,544,0,221,0,0
B10_D1,802,0,392,0,0
B4_D1,824,0,62,0,0
B4_D1,9,0,182,0,0
B10_D1,628,0,261,0,0
G1_D1,709,0,462,0,0
G1_D1,171,0,439,0,0
G1_D1,777,0,49,0,0
B6_D1,58,0,226,0,0
B6_D1,860,0,43,0,0
G1_D1,260,0,164,0,0
G1_D1,652,0,270,0,0
B6_D1,174,0,229,0,0
B10_D1,460,0,336,0,0
G1_D1,99,0,501,0,0
B2_D1,840,0,123,0,0
B6_D1,521,0,479,0,0
B6_D1,72,0,42,0,0
B10_D1,817,0,120,0,0
B10_D1,84,0,203,0,0
B10_D1,456,0,459,0,0
B10_D1,958,0,233,0,0
B8_D1,182,0,47,0,0
B4_D1,673,0,136,0,0
G1_D1,410,0,1,0,0
B6_D1,363,0,337,0,0
B10_D1,673,0,314,0,0
G1_D1,106,0,278,0,0
B10_D1,395,0,163,0,0
B2_D1,384,0,113,0,0
G1_D1,148,0,48,0,0
B2_D1,554,0,482,0,0
B6_D1,276,0,420,0,0
B10_D1,419,0,496,0,0
B6_D1,930,0,434,0,0
B4_D1,414,0,293,0,0
B4_D1,1018,0,60,0,0
B6_D1,790,0,239,0,0
G1_D1,145,0,16,0,0
B10_D1,611,0,108,0,0
B10_D1,228,0,331,0,0
B10_D1,533,0,12,0,0
G1_D1,697,0,280,0,0
B6_D1,930,0,505,0,0
B6_D1,913,0,102,0,0
B6_D1,340,0,432,0,0
B6_D1,862,0,2,0,0
B6_D1,338,0,34,0,0
B6_D1,253,0,149,0,0
B10_D1,745,0,122,0,0
B6_D1,647,0,302,0,0
B6_D1,724,0,375,0,0
B10_D1,99,0,96,0,0
B2_D1,775,0,22,0,0
B6_D1,595,0,431,0,0
B10_D1,372,0,131,0,0
B2_D1,186,0,140,0,0
B10_D1,235,0,394,0,0
B6_D1,809,0,269,0,0
B10_D1,650,0,241,0,0
B10_D1,749,0,511,0,0
B10_D1,7,0,325,0,0
G1_D1,811,0,246,0,0
B10_D1,249,0,32,0,0
B10_D1,8,0,270,0,0
B6_D1,877,0,266,0,0
B6_D1,598,0,335,0,0
B10_D1,94,0,151,0,0
B6_D1,486,0,484,0,0
B6_D1,223,0,312,0,0
B10_D1,23,0,124,0,0
B4_D1,1016,0,12,0,0
B10_D1,812,0,174,0,0
B6_D1,626,0,19,0,0
B6_D1,730,0,5,0,0
G1_D1,131,0,15,0,0
B6_D1,322,0,504,0,0
B4_D1,2,0,248,0,0
G1_D1,268,0,411,0,0
B10_D1,490,0,497,0,0
B4_D1,75,0,84,0,0
G1_D1,80,0,271,0,0
B6_D1,780,0,3,0,0
B10_D1,185,0,79,0,0
B6_D1,708,0,189,0,0
G1_D1,210,0,22,0,0
B6_D1,318,0,45,0,0
B4_D1,434,0,411,0,0
B10_D1,484,0,498,0,0
B4_D1,788,0,21,0,0
B6_D1,244,0,295,0,0
B2_D1,646,0,21,0,0
B6_D1,492,0,387,0,0
G1_D1,88,0,90,0,0
B10_D1,466,0,49,0,0
B6_D1,748,0,29,0,0
B10_D1,816,0,308,0,0
B2_D1,687,0,24,0,0
B10_D1,286,0,319,0,0
B10_D1,512,0,56,0,0
B6_D1,259,0,381,0,0
B10_D1,394,0,344,0,0
B6_D1,36,0,18,0,0
B10_D1,739,0,60,0,0
B6_D1,534,0,12,0,0
G1_D1,565,0,12,0,0
B6_D1,716,0,13,0,0
B6_D1,1010,0,365,0,0
B10_D1,710,0,107,0,0
B6_D1,536,0,497,0,0
B10_D1,81,0,33,0,0
B4_D1,250,0,287,0,0
G1_D1,738,0,347,0,0
B6_D1,857,0,294,0,0
B6_D1,973,0,411,0,0
B6_D1,311,0,80,0,0
B6_D1,510,0,264,0,0
B10_D1,974,0,231,0,0
B10_D1,3,0,88,0,0
G1_D1,760,0,476,0,0
B6_D1,303,0,223,0,0
G1_D1,490,0,347,0,0
G1_D1,517,0,101,0,0
B8_D1,320,0,186,0,0
B10_D1,797,0,397,0,0
B2_D1,213,0,47,0,0
B10_D1,245,0,397,0,0
G1_D1,8,0,316,0,0
B10_D1,627,0,480,0,0
B10_D1,205,0,240,0,0
B10_D1,47,0,12,0,0
B10_D1,918,0,83,0,0
B6_D1,116,0,468,0,0
B6_D1,10,0,14,0,0
B10_D1,962,0,231,0,0
B10_D1,366,0,412,0,0
B10_D1,725,0,85,0,0
B10_D1,49,0,253,0,0
B6_D1,586,0,492,0,0
B10_D1,757,0,99,0,0
B6_D1,495,0,368,0,0
G1_D1,651,0,20,0,0
B10_D1,999,0,48,0,0
B10_D1,867,0,290,0,0
B6_D1,933,0,246,0,0
B6_D1,533,0,402,0,0
B6_D1,624,0,350,0,0
B8_D1,301,0,317,0,0
G1_D1,958,0,305,0,0
B10_D1,334,0,185,0,0
B4_D1,6,0,19,0,0
B10_D1,671,0,471,0,0
B4_D1,646,0,230,0,0
B8_D1,157,0,201,0,0
B10_D1,601,0,246,0,0
B6_D1,891,0,444,0,0
B6_D1,692,0,46,0,0
B4_D1,1018,0,66,0,0
B10_D1,435,0,1,0,0
B10_D1,636,0,245,0,0
B6_D1,590,0,48,0,0
B4_D1,905,0,18,0,0
B10_D1,714,0,472,0,0
B10_D1,623,0,421,0,0
B6_D1,958,0,489,0,0
B10_D1,111,0,40,0,0
B6_D1,630,0,493,0,0
B4_D1,259,0,328,0,0
B6_D1,694,0,369,0,0
G1_D1,859,0,270,0,0
B10_D1,833,0,446,0,0
B10_D1,503,0,314,0,0
B8_D1,795,0,228,0,0
B6_D1,54,0,21,0,0
G1_D1,192,0,184,0,0
B6_D1,434,0,391,0,0
B6_D1,45,0,403,0,0
B2_D1,764,0,127,0,0
B6_D1,778,0,489,0,0
B6_D1,18,0,493,0,0
B6_D1,446,0,25,0,0
B10_D1,378,0,118,0,0
B2_D1,904,0,454,0,0
B10_D1,395,0,485,0,0
B6_D1,612,0,223,0,0
B10_D1,702,0,40,0,0
B10_D1,205,0,136,0,0
B10_D1,613,0,214,0,0
B6_D1,696,0,24,0,0
B6_D1,297,0,243,0,0
B10_D1,853,0,22,0,0
B10_D1,294,0,334,0,0
B4_D1,499,0,372,0,0
B6_D1,295,0,318,0,0
B2_D1,1002,0,33,0,0
B6_D1,161,0,58,0,0
B10_D1,428,0,220,0,0
B4_D1,736,0,66,0,0
B4_D1,1022,0,309,0,0
B6_D1,100,0,479,0,0
B6_D1,808,0,8,0,0
B6_D1,808,0,148,0,0
B6_D1,654,0,457,0,0
B6_D1,422,0,503,0,0
B2_D1,132,0,434,0,0
B6_D1,411,0,219,0,0
G1_D1,530,0,509,0,0
B6_D1,23,0,65,0,0
G1_D1,544,0,281,0,0
B6_D1,426,0,487,0,0
B6_D1,642,0,374,0,0
B6_D1,98,0,269,0,0
B10_D1,590,0,259,0,0
B6_D1,531,0,481,0,0
B4_D1,76,0,1,0,0
B10_D1,841,0,320,0,0
B6_D1,722,0,28,0,0
G1_D1,621,0,10,0,0
B6_D1,406,0,504,0,0
B6_D1,496,0,329,0,0
B6_D1,736,0,5,0,0
B6_D1,983,0,143,0,0
B10_D1,733,0,44,0,0
G1_D1,812,0,44,0,0
B10_D1,244,0,359,0,0
G1_D1,797,0,31,0,0
B10_D1,345,0,84,0,0
B10_D1,91,0,293,0,0
B6_D1,884,0,421,0,0
B6_D1,780,0,499,0,0
B4_D1,0,0,268,0,0
B6_D1,79,0,127,0,0
B4_D1,29,0,255,0,0
G1_D1,478,0,9,0,0
B6_D1,718,0,237,0,0
G1_D1,1022,0,481,0,0
B10_D1,345,0,114,0,0
B2_D1,711,0,497,0,0
B10_D1,332,0,132,0,0
B10_D1,303,0,255,0,0
B6_D1,494,0,485,0,0
B10_D1,115,0,339,0,0
G1_D1,705,0,256,0,0
B10_D1,866,0,6,0,0
B10_D1,561,0,320,0,0
B10_D1,675,0,254,0,0
B6_D1,738,0,191,0,0
G1_D1,1013,0,253,0,0
B6_D1,202,0,486,0,0
G1_D1,950,0,210,0,0
G1_D1,182,0,61,0,0
B6_D1,460,0,266,0,0
B10_D1,53,0,263,0,0
B6_D1,106,0,195,0,0
B6_D1,734,0,497,0,0
B6_D1,140,0,412,0,0
B6_D1,936,0,21,0,0
G1_D1,391,0,19,0,0
B10_D1,750,0,26,0,0
B10_D1,76,0,210,0,0
G1_D1,459,0,4,0,0
B6_D1,924,0,508,0,0
B4_D1,447,0,415,0,0
B10_D1,234,0,249,0,0
B6_D1,659,0,186,0,0
B10_D1,376,0,59,0,0
B10_D1,651,0,312,0,0
B10_D1,942,0,5,0,0
B4_D1,109,0,324,0,0
B6_D1,542,0,389,0,0
B10_D1,590,0,455,0,0
B6_D1,19,0,248,0,0
B2_D1,593,0,195,0,0
B6_D1,146,0,167,0,0
B10_D1,18,0,115,0,0
B10_D1,713,0,110,0,0
B6_D1,44,0,49,0,0
B10_D1,483,0,123,0,0
B10_D1,680,0,297,0,0
G1_D1,578,0,38,0,0
B10_D1,19,0,405,0,0
B10_D1,191,0,123,0,0
G1_D1,721,0,40,0,0
B10_D1,320,0,310,0,0
B10_D1,541,0,100,0,0
G1_D1,449,0,90,0,0
B6_D1,759,0,102,0,0
B6_D1,93,0,226,0,0
B6_D1,181,0,61,0,0
G1_D1,956,0,307,0,0
B4_D1,945,0,219,0,0
B10_D1,621,0,126,0,0
G1_D1,892,0,51,0,0
B10_D1,469,0,241,0,0
B10_D1,523,0,7,0,0
G1_D1,900,0,271,0,0
B10_D1,719,0,159,0,0
B6_D1,180,0,181,0,0
G1_D1,1017,0,306,0,0
B6_D1,880,0,492,0,0
B6_D1,26,0,40,0,0
B6_D1,48,0,27,0,0
B10_D1,642,0,148,0,0
B2_D1,659,0,146,0,0
B6_D1,883,0,53,0,0
B10_D1,930,0,8,0,0
B10_D1,884,0,255,0,0
B4_D1,331,0,331,0,0
B6_D1,421,0,216,0,0
B6_D1,666,0,160,0,0
B10_D1,171,0,170,0,0
G1_D1,164,0,1,0,0
B6_D1,50,0,25,0,0
B2_D1,622,0,49,0,0
B6_D1,341,0,378,0,0
B8_D1,699,0,248,0,0
B6_D1,466,0,159,0,0
B10_D1,303,0,204,0,0
G1_D1,403,0,296,0,0
B6_D1,802,0,154,0,0
G1_D1,103,0,49,0,0
B10_D1,121,0,160,0,0
B4_D1,255,0,337,0,0
G1_D1,588,0,208,0,0
B6_D1,244,0,455,0,0
B10_D1,997,0,5,0,0
B10_D1,567,0,279,0,0
B4_D1,1020,0,172,0,0
B10_D1,8,0,338,0,0
B10_D1,506,0,317,0,0
B10_D1,254,0,125,0,0
B10_D1,496,0,475,0,0
B2_D1,768,0,54,0,0
G1_D1,667,0,194,0,0
B10_D1,177,0,93,0,0
B10_D1,89,0,186,0,0
B10_D1,17,0,511,0,0
B6_D1,346,0,483,0,0
B2_D1,420,0,210,0,0
B10_D1,449,0,72,0,0
G1_D1,133,0,448,0,0
B10_D1,927,0,73,0,0
B6_D1,347,0,137,0,0
B6_D1,807,0,379,0,0
B6_D1,724,0,492,0,0
G1_D1,191,0,157,0,0
B6_D1,641,0,305,0,0
B6_D1,1011,0,167,0,0
B6_D1,301,0,164,0,0
B6_D1,351,0,105,0,0
B4_D1,71,0,427,0,0
B10_D1,677,0,315,0,0
G1_D1,933,0,23,0,0
B6_D1,447,0,417,0,0
B6_D1,488,0,378,0,0
B6_D1,536,0,281,0,0
B10_D1,13,0,7,0,0
B10_D1,877,0,26,0,0
B6_D1,938,0,261,0,0
B10_D1,687,0,446,0,0
B6_D1,770,0,13,0,0
B10_D1,16,0,83,0,0
B10_D1,825,0,63,0,0
B6_D1,18,0,18,0,0
B10_D1,169,0,271,0,0
B10_D1,249,0,425,0,0
B2_D1,883,0,213,0,0
B6_D1,20,0,211,0,0
B6_D1,798,0,36,0,0
B6_D1,996,0,420,0,0
G1_D1,46,0,156,0,0
B10_D1,821,0,256,0,0
B10_D1,844,0,190,0,0
B4_D1,694,0,77,0,0
B10_D1,326,0,288,0,0
G1_D1,964,0,20,0,0
B6_D1,437,0,458,0,0
G1_D1,928,0,247,0,0
B10_D1,35,0,118,0,0
B6_D1,856,0,20,0,0
B6_D1,369,0,53,0,0
B2_D1,734,0,80,0,0
G1_D1,917,0,96,0,0
B6_D1,306,0,53,0,0
B6_D1,978,0,493,0,0
B10_D1,376,0,338,0,0
B10_D1,43,0,92,0,0
B6_D1,557,0,157,0,0
B10_D1,171,0,73,0,0
B6_D1,973,0,428,0,0
B6_D1,626,0,488,0,0
B10_D1,99,0,464,0,0
B10_D1,274,0,67,0,0
G1_D1,505,0,498,0,0
B10_D1,177,0,1,0,0
B6_D1,28,0,14,0,0
B6_D1,694,0,424,0,0
G1_D1,953,0,326,0,0
B6_D1,0,0,82,0,0
B10_D1,188,0,163,0,0
B6_D1,964,0,198,0,0
G1_D1,755,0,386,0,0
B6_D1,741,0,255,0,0
B8_D1,682,0,310,0,0
B6_D1,226,0,273,0,0
B6_D1,640,0,44,0,0
B10_D1,780,0,63,0,0
B10_D1,315,0,42,0,0
B6_D1,138,0,148,0,0
B6_D1,603,0,316,0,0
G1_D1,196,0,39,0,0
G1_D1,26,0,67,0,0
B6_D1,102,0,401,0,0
B6_D1,206,0,25,0,0
B2_D1,117,0,205,0,0
B4_D1,1,0,56,0,0
B6_D1,796,0,106,0,0
G1_D1,940,0,272,0,0
B10_D1,430,0,286,0,0
G1_D1,32,0,465,0,0
B10_D1,129,0,348,0,0
B10_D1,938,0,110,0,0
B10_D1,318,0,5,0,0
B4_D1,153,0,359,0,0
B6_D1,445,0,262,0,0
B10_D1,147,0,51,0,0
B6_D1,606,0,24,0,0
G1_D1,32,0,46,0,0
G1_D1,401,0,272,0,0
B10_D1,448,0,4,0,0
G1_D1,240,0,0,0,0
B6_D1,1022,0,392,0,0
G1_D1,640,0,243,0,0
G1_D1,353,0,95,0,0
B4_D1,144,0,131,0,0
B4_D1,283,0,191,0,0
B4_D1,828,0,46,0,0
G1_D1,346,0,184,0,0
B6_D1,794,0,272,0,0
G1_D1,862,0,463,0,0
B6_D1,648,0,185,0,0
B10_D1,27,0,166,0,0
G1_D1,542,0,117,0,0
B10_D1,485,0,511,0,0
B4_D1,1008,0,211,0,0
B6_D1,1004,0,304,0,0
B10_D1,196,0,67,0,0
B6_D1,856,0,486,0,0
B8_D1,199,0,105,0,0
B6_D1,679,0,463,0,0
B6_D1,6,0,30,0,0
B6_D1,609,0,481,0,0
B10_D1,495,0,125,0,0
G1_D1,39,0,187,0,0
B6_D1,438,0,324,0,0
B6_D1,856,0,26,0,0
B4_D1,1020,0,178,0,0
B6_D1,165,0,451,0,0
B10_D1,818,0,58,0,0
B6_D1,122,0,25,0,0
B6_D1,990,0,77,0,0
B6_D1,836,0,392,0,0
G1_D1,1005,0,123,0,0
B4_D1,377,0,223,0,0
G1_D1,789,0,67,0,0
B6_D1,986,0,22,0,0
B8_D1,690,0,311,0,0
B10_D1,448,0,505,0,0
B2_D1,471,0,39,0,0
B6_D1,726,0,496,0,0
B10_D1,703,0,62,0,0
B4_D1,153,0,6,0,0
B6_D1,766,0,507,0,0
B4_D1,575,0,287,0,0
B6_D1,542,0,506,0,0
G1_D1,260,0,236,0,0
G1_D1,572,0,86,0,0
B2_D1,143,0,509,0,0
G1_D1,55,0,6,0,0
B10_D1,41,0,163,0,0
B10_D1,747,0,87,0,0
G1_D1,1014,0,55,0,0
B6_D1,680,0,321,0,0
B10_D1,687,0,190,0,0
B2_D1,306,0,498,0,0
B8_D1,614,0,301,0,0
B6_D1,541,0,362,0,0
B10_D1,951,0,53,0,0
B6_D1,408,0,386,0,0
G1_D1,320,0,277,0,0
G1_D1,503,0,61,0,0
B8_D1,684,0,183,0,0
B10_D1,648,0,66,0,0
G1_D1,383,0,14,0,0
B6_D1,122,0,31,0,0
B10_D1,829,0,56,0,0
B6_D1,978,0,505,0,0
B6_D1,320,0,48,0,0
B6_D1,687,0,154,0,0
B6_D1,546,0,375,0,0
B10_D1,104,0,189,0,0
B6_D1,134,0,503,0,0
B6_D1,272,0,43,0,0
B10_D1,56,0,167,0,0
B10_D1,163,0,152,0,0
B6_D1,551,0,271,0,0
B10_D1,726,0,404,0,0
B10_D1,684,0,245,0,0
B4_D1,94,0,277,0,0
B6_D1,492,0,9,0,0
B10_D1,317,0,194,0,0
G1_D1,663,0,62,0,0
B10_D1,717,0,266,0,0
B4_D1,134,0,150,0,0
G1_D1,473,0,355,0,0
B10_D1,584,0,90,0,0
B6_D1,298,0,504,0,0
B6_D1,714,0,182,0,0
B10_D1,164,0,232,0,0
B4_D1,141,0,274,0,0
B6_D1,577,0,323,0,0
G1_D1,350,0,96,0,0
B6_D1,764,0,88,0,0
B10_D1,161,0,81,0,0
G1_D1,451,0,364,0,0
B6_D1,200,0,503,0,0
B6_D1,300,0,217,0,0
B6_D1,534,0,176,0,0
B4_D1,833,0,50,0,0
B6_D1,385,0,143,0,0
B6_D1,837,0,222,0,0
B2_D1,642,0,290,0,0
B2_D1,428,0,374,0,0
B10_D1,649,0,60,0,0
B6_D1,142,0,83,0,0
B6_D1,978,0,187,0,0
B10_D1,635,0,176,0,0
B2_D1,608,0,449,0,0
B6_D1,967,0,422,0,0
G1_D1,522,0,105,0,0
G1_D1,368,0,288,0,0
B6_D1,1,0,307,0,0
B10_D1,314,0,221,0,0
B6_D1,211,0,149,0,0
B10_D1,171,0,93,0,0
B10_D1,144,0,166,0,0
B6_D1,301,0,393,0,0
B10_D1,745,0,273,0,0
B6_D1,557,0,78,0,0
B6_D1,332,0,431,0,0
B6_D1,754,0,11,0,0
G1_D1,489,0,10,0,0
B6_D1,24,0,30,0,0
B10_D1,179,0,11,0,0
B4_D1,638,0,294,0,0
G1_D1,880,0,210,0,0
B6_D1,541,0,331,0,0
B8_D1,640,0,228,0,0
B6_D1,439,0,64,0,0
B6_D1,164,0,22,0,0
B10_D1,847,0,486,0,0
B6_D1,772,0,14,0,0
B6_D1,537,0,403,0,0
G1_D1,642,0,21,0,0
G1_D1,349,0,16,0,0
G1_D1,868,0,190,0,0
B10_D1,94,0,61,0,0
B10_D1,523,0,86,0,0
G1_D1,762,0,0,0,0
G1_D1,473,0,76,0,0
B6_D1,840,0,499,0,0
G1_D1,447,0,10,0,0
B4_D1,593,0,371,0,0
B10_D1,590,0,338,0,0
B4_D1,17,0,134,0,0
B6_D1,638,0,37,0,0
B10_D1,94,0,13,0,0
B10_D1,28,0,294,0,0
B2_D1,334,0,493,0,0
G1_D1,484,0,104,0,0
G1_D1,782,0,11,0,0
B2_D1,675,0,69,0,0
B6_D1,355,0,384,0,0
B6_D1,414,0,256,0,0
B6_D1,992,0,292,0,0
B6_D1,393,0,480,0,0
B6_D1,254,0,269,0,0
B10_D1,24,0,130,0,0
G1_D1,905,0,8,0,0
B6_D1,98,0,129,0,0
B2_D1,286,0,294,0,0
B10_D1,175,0,38,0,0
B10_D1,577,0,505,0,0
B2_D1,832,0,274,0,0
B10_D1,690,0,415,0,0
G1_D1,366,0,302,0,0
B10_D1,520,0,6,0,0
B6_D1,72,0,27,0,0
B6_D1,613,0,207,0,0
B10_D1,872,0,462,0,0
B6_D1,844,0,145,0,0
G1_D1,985,0,269,0,0
B4_D1,796,0,449,0,0
B4_D1,147,0,146,0,0
G1_D1,979,0,26,0,0
B4_D1,1020,0,218,0,0
G1_D1,669,0,203,0,0
B6_D1,280,0,510,0,0
B6_D1,875,0,118,0,0
B4_D1,72,0,417,0,0
B10_D1,659,0,306,0,0
B6_D1,567,0,400,0,0
B10_D1,457,0,77,0,0
B6_D1,866,0,485,0,0
B6_D1,112,0,501,0,0
B6_D1,364,0,478,0,0
B4_D1,971,0,14,0,0
B6_D1,734,0,466,0,0
B6_D1,911,0,285,0,0
B2_D1,725,0,510,0,0
G1_D1,659,0,271,0,0
B10_D1,21,0,8,0,0
B10_D1,2,0,63,0,0
G1_D1,138,0,219,0,0
B10_D1,83,0,282,0,0
B4_D1,721,0,80,0,0
B2_D1,940,0,0,0,0
B6_D1,869,0,111,0,0
B10_D1,839,0,351,0,0
B6_D1,93,0,96,0,0
G1_D1,364,0,487,0,0
G1_D1,814,0,9,0,0
G1_D1,56,0,112,0,0
B10_D1,840,0,242,0,0
B10_D1,814,0,94,0,0
B6_D1,424,0,20,0,0
B2_D1,345,0,137,0,0
G1_D1,595,0,454,0,0
B6_D1,118,0,88,0,0
B6_D1,358,0,338,0,0
G1_D1,135,0,131,0,0
B6_D1,18,0,64,0,0
B4_D1,86,0,20,0,0
B6_D1,510,0,163,0,0
B10_D1,334,0,31,0,0
B6_D1,979,0,416,0,0
B4_D1,505,0,52,0,0
B6_D1,709,0,451,0,0
B10_D1,594,0,308,0,0
B10_D1,644,0,177,0,0
B10_D1,145,0,353,0,0
B10_D1,607,0,445,0,0
B6_D1,754,0,32,0,0
B10_D1,336,0,211,0,0
G1_D1,995,0,171,0,0
B10_D1,435,0,501,0,0
B10_D1,948,0,488,0,0
B10_D1,641,0,301,0,0
B2_D1,887,0,46,0,0
B6_D1,995,0,267,0,0
B10_D1,262,0,158,0,0
B10_D1,130,0,232,0,0
B6_D1,45,0,286,0,0
B10_D1,767,0,2,0,0
G1_D1,12,0,261,0,0
B10_D1,39,0,8,0,0
B4_D1,781,0,44,0,0
G1_D1,1001,0,334,0,0
B10_D1,411,0,1,0,0
G1_D1,94,0,272,0,0
B10_D1,706,0,90,0,0
B6_D1,120,0,39,0,0
B4_D1,683,0,123,0,0
B10_D1,129,0,434,0,0
B10_D1,781,0,247,0,0
B6_D1,916,0,492,0,0
B6_D1,886,0,507,0,0
G1_D1,852,0,73,0,0
B10_D1,378,0,342,0,0
B6_D1,265,0,455,0,0
B10_D1,183,0,129,0,0
B10_D1,679,0,84,0,0
B10_D1,234,0,172,0,0
B6_D1,44,0,22,0,0
B6_D1,65,0,418,0,0
B10_D1,147,0,101,0,0
B10_D1,157,0,7,0,0
B6_D1,661,0,377,0,0
B4_D1,918,0,68,0,0
G1_D1,998,0,218,0,0
B10_D1,407,0,270,0,0
B6_D1,231,0,376,0,0
B10_D1,416,0,315,0,0
G1_D1,17,0,14,0,0
G1_D1,718,0,3,0,0
B6_D1,910,0,501,0,0
B2_D1,378,0,113,0,0
B10_D1,478,0,239,0,0
B2_D1,171,0,250,0,0
B6_D1,1007,0,398,0,0
B10_D1,428,0,118,0,0
G1_D1,881,0,8,0,0
B10_D1,643,0,65,0,0
B6_D1,918,0,33,0,0
B6_D1,925,0,140,0,0
B2_D1,546,0,511,0,0
B10_D1,32,0,52,0,0
G1_D1,1016,0,425,0,0
G1_D1,733,0,21,0,0
B10_D1,745,0,96,0,0
B4_D1,833,0,309,0,0
B6_D1,156,0,508,0,0
B6_D1,62,0,46,0,0
G1_D1,206,0,236,0,0
B2_D1,474,0,286,0,0
B6_D1,561,0,324,0,0
B6_D1,962,0,48,0,0
G1_D1,371,0,464,0,0
B10_D1,669,0,244,0,0
B10_D1,650,0,418,0,0
B6_D1,158,0,234,0,0
B4_D1,591,0,94,0,0
B6_D1,642,0,434,0,0
B10_D1,463,0,482,0,0
B10_D1,843,0,38,0,0
G1_D1,137,0,457,0,0
B6_D1,566,0,482,0,0
B6_D1,590,0,31,0,0
B10_D1,822,0,416,0,0
B6_D1,40,0,136,0,0
G1_D1,24,0,366,0,0
B10_D1,259,0,247,0,0
B6_D1,109,0,243,0,0
B6_D1,969,0,447,0,0
B6_D1,674,0,488,0,0
B10_D1,246,0,172,0,0
G1_D1,534,0,510,0,0
G1_D1,208,0,188,0,0
B10_D1,389,0,194,0,0
B10_D1,603,0,2,0,0
B10_D1,196,0,6,0,0
B10_D1,368,0,310,0,0
B6_D1,132,0,24,0,0
B4_D1,616,0,354,0,0
B10_D1,636,0,198,0,0
B6_D1,979,0,411,0,0
B6_D1,994,0,253,0,0
B8_D1,956,0,239,0,0
B4_D1,854,0,257,0,0
B6_D1,578,0,329,0,0
B6_D1,458,0,354,0,0
G1_D1,1017,0,329,0,0
G1_D1,497,0,15,0,0
B6_D1,250,0,44,0,0
B10_D1,986,0,511,0,0
B10_D1,939,0,249,0,0
B10_D1,464,0,273,0,0
B10_D1,650,0,169,0,0
B4_D1,5,0,392,0,0
B6_D1,780,0,496,0,0
B6_D1,910,0,489,0,0
B10_D1,121,0,63,0,0
B10_D1,295,0,240,0,0
B10_D1,440,0,109,0,0
B4_D1,255,0,296,0,0
B4_D1,4,0,136,0,0
G1_D1,438,0,22,0,0
G1_D1,167,0,505,0,0
B6_D1,209,0,476,0,0
G1_D1,384,0,18,0,0
B6_D1,835,0,359,0,0
B10_D1,619,0,104,0,0
B10_D1,485,0,499,0,0
B10_D1,458,0,48,0,0
G1_D1,400,0,238,0,0
B2_D1,837,0,46,0,0
B6_D1,234,0,6,0,0
B6_D1,108,0,15,0,0
B10_D1,705,0,266,0,0
B6_D1,2,0,40,0,0
B6_D1,800,0,509,0,0
G1_D1,1013,0,252,0,0
B10_D1,765,0,20,0,0
B8_D1,293,0,320,0,0
B10_D1,359,0,31,0,0
B10_D1,747,0,361,0,0
B10_D1,332,0,288,0,0
G1_D1,657,0,10,0,0
B10_D1,242,0,230,0,0
B10_D1,183,0,41,0,0
B10_D1,404,0,279,0,0
B8_D1,477,0,202,0,0
B10_D1,547,0,22,0,0
B10_D1,1017,0,89,0,0
B10_D1,940,0,52,0,0
B6_D1,917,0,139,0,0
B6_D1,429,0,385,0,0
B10_D1,963,0,47,0,0
B6_D1,324,0,36,0,0
B6_D1,508,0,240,0,0
B10_D1,486,0,88,0,0
B10_D1,201,0,231,0,0
B2_D1,114,0,316,0,0
B6_D1,746,0,345,0,0
B6_D1,197,0,49,0,0
B8_D1,8,0,277,0,0
B10_D1,300,0,391,0,0
B10_D1,507,0,89,0,0
B10_D1,338,0,486,0,0
B10_D1,252,0,301,0,0
B6_D1,552,0,484,0,0
G1_D1,434,0,239,0,0
B6_D1,980,0,445,0,0
B2_D1,260,0,483,0,0
G1_D1,422,0,481,0,0
B6_D1,611,0,206,0,0
B6_D1,651,0,418,0,0
B2_D1,272,0,44,0,0
B10_D1,334,0,180,0,0
B6_D1,423,0,380,0,0
B4_D1,773,0,299,0,0
G1_D1,355,0,225,0,0
G1_D1,80,0,103,0,0
G1_D1,142,0,511,0,0
B10_D1,456,0,181,0,0
B10_D1,551,0,9,0,0
B10_D1,774,0,406,0,0
B10_D1,979,0,3,0,0
B2_D1,642,0,442,0,0
B6_D1,303,0,220,0,0
B10_D1,851,0,1,0,0
B4_D1,206,0,118,0,0
B10_D1,454,0,295,0,0
G1_D1,977,0,289,0,0
B6_D1,1010,0,506,0,0
B6_D1,98,0,506,0,0
B6_D1,206,0,48,0,0
B10_D1,852,0,86,0,0
B6_D1,106,0,2,0,0
B6_D1,686,0,133,0,0
B4_D1,887,0,262,0,0
B6_D1,405,0,314,0,0
G1_D1,174,0,113,0,0
B6_D1,720,0,18,0,0
B6_D1,658,0,376,0,0
G1_D1,32,0,32,0,0
B10_D1,74,0,202,0,0
B6_D1,667,0,159,0,0
B10_D1,289,0,97,0,0
B6_D1,831,0,199,0,0
B6_D1,164,0,10,0,0
B10_D1,576,0,414,0,0
B6_D1,925,0,442,0,0
G1_D1,726,0,266,0,0
B4_D1,583,0,381,0,0
B6_D1,359,0,263,0,0
B4_D1,556,0,242,0,0
G1_D1,426,0,18,0,0
B8_D1,151,0,203,0,0
B6_D1,524,0,259,0,0
B4_D1,915,0,97,0,0
B10_D1,301,0,159,0,0
B6_D1,747,0,102,0,0
B10_D1,6,0,169,0,0
B2_D1,678,0,435,0,0
B6_D1,198,0,83,0,0
B6_D1,922,0,211,0,0
B6_D1,92,0,19,0,0
B6_D1,384,0,45,0,0
G1_D1,733,0,317,0,0
B4_D1,544,0,17,0,0
G1_D1,150,0,0,0,0
B6_D1,273,0,102,0,0
G1_D1,449,0,2,0,0
B2_D1,943,0,84,0,0
B6_D1,979,0,252,0,0
B6_D1,198,0,493,0,0
B10_D1,706,0,57,0,0
B6_D1,128,0,469,0,0
B10_D1,209,0,44,0,0
B10_D1,209,0,365,0,0
G1_D1,849,0,234,0,0
B10_D1,502,0,166,0,0
G1_D1,501,0,480,0,0
B6_D1,934,0,44,0,0
G1_D1,723,0,251,0,0
G1_D1,611,0,245,0,0
B10_D1,407,0,460,0,0
G1_D1,258,0,250,0,0
B6_D1,538,0,203,0,0
B6_D1,956,0,16,0,0
B10_D1,702,0,469,0,0
B4_D1,926,0,21,0,0
B6_D1,736,0,350,0,0
B10_D1,201,0,37,0,0
B10_D1,569,0,411,0,0
B6_D1,174,0,75,0,0
G1_D1,509,0,287,0,0
B6_D1,538,0,192,0,0
B10_D1,435,0,278,0,0
G1_D1,10,0,202,0,0
B2_D1,761,0,199,0,0
B6_D1,814,0,285,0,0
B2_D1,247,0,0,0,0
G1_D1,122,0,5,0,0
B2_D1,458,0,30,0,0
B6_D1,741,0,186,0,0
B6_D1,943,0,135,0,0
B6_D1,247,0,362,0,0
B10_D1,64,0,317,0,0
G1_D1,917,0,2,0,0
G1_D1,792,0,263,0,0
G1_D1,36,0,20,0,0
B6_D1,157,0,402,0,0
B2_D1,397,0,130,0,0
B10_D1,717,0,44,0,0
B6_D1,1001,0,143,0,0
B10_D1,788,0,6,0,0
G1_D1,336,0,0,0,0
G1_D1,478,0,354,0,0
B10_D1,889,0,261,0,0
B6_D1,649,0,222,0,0
B10_D1,104,0,136,0,0
B4_D1,235,0,33,0,0
B6_D1,894,0,207,0,0
B2_D1,871,0,84,0,0
G1_D1,87,0,501,0,0
B6_D1,398,0,408,0,0
B10_D1,588,0,323,0,0
B8_D1,219,0,340,0,0
B10_D1,308,0,273,0,0
B6_D1,836,0,37,0,0
B4_D1,301,0,222,0,0
B6_D1,934,0,425,0,0
B10_D1,226,0,181,0,0
B10_D1,76,0,68,0,0
B8_D1,121,0,204,0,0
B6_D1,933,0,394,0,0
G1_D1,149,0,263,0,0
B10_D1,296,0,246,0,0
B6_D1,128,0,22,0,0
B6_D1,256,0,58,0,0
B6_D1,935,0,91,0,0
B4_D1,1,0,154,0,0
G1_D1,743,0,209,0,0
G1_D1,515,0,110,0,0
B6_D1,675,0,378,0,0
B4_D1,719,0,299,0,0
B10_D1,412,0,161,0,0
B10_D1,943,0,26,0,0
B10_D1,493,0,68,0,0
B6_D1,430,0,41,0,0
B10_D1,491,0,74,0,0
B8_D1,765,0,228,0,0
B6_D1,420,0,27,0,0
B6_D1,253,0,369,0,0
B10_D1,433,0,337,0,0
B10_D1,720,0,471,0,0
B6_D1,307,0,292,0,0
B10_D1,938,0,75,0,0
B10_D1,777,0,269,0,0
G1_D1,780,0,107,0,0
G1_D1,502,0,127,0,0
B10_D1,500,0,471,0,0
B4_D1,283,0,18,0,0
B10_D1,504,0,40,0,0
G1_D1,42,0,13,0,0
B6_D1,606,0,193,0,0
B2_D1,1,0,504,0,0
G1_D1,674,0,78,0,0
B6_D1,642,0,502,0,0
B10_D1,345,0,94,0,0
B6_D1,863,0,226,0,0
B10_D1,21,0,51,0,0
B4_D1,491,0,433,0,0
B10_D1,576,0,308,0,0
B10_D1,483,0,280,0,0
B4_D1,677,0,186,0,0
B6_D1,4,0,11,0,0
B6_D1,996,0,400,0,0
B6_D1,21,0,370,0,0
G1_D1,42,0,210,0,0
B10_D1,114,0,453,0,0
B4_D1,316,0,294,0,0
B10_D1,862,0,226,0,0
B10_D1,220,0,287,0,0
B6_D1,226,0,372,0,0
G1_D1,451,0,117,0,0
B4_D1,10,0,168,0,0
B6_D1,982,0,222,0,0
B4_D1,35,0,4,0,0
B6_D1,466,0,483,0,0
B6_D1,647,0,69,0,0
B10_D1,128,0,136,0,0
B6_D1,1012,0,318,0,0
B4_D1,4,0,498,0,0
B10_D1,31,0,92,0,0
B4_D1,420,0,389,0,0
B6_D1,690,0,21,0,0
G1_D1,44,0,405,0,0
G1_D1,725,0,463,0,0
B8_D1,381,0,282,0,0
B6_D1,976,0,253,0,0
B10_D1,313,0,229,0,0
B6_D1,30,0,123,0,0
B6_D1,820,0,62,0,0
B6_D1,656,0,491,0,0
B10_D1,467,0,411,0,0
G1_D1,610,0,3,0,0
B10_D1,429,0,32,0,0
B10_D1,444,0,459,0,0
G1_D1,944,0,462,0,0
B6_D1,2,0,472,0,0
B6_D1,66,0,197,0,0
G1_D1,983,0,85,0,0
B6_D1,366,0,24,0,0
B6_D1,434,0,31,0,0
B10_D1,506,0,71,0,0
B10_D1,69,0,159,0,0
G1_D1,663,0,300,0,0
G1_D1,661,0,258,0,0
B10_D1,690,0,5,0,0
G1_D1,620,0,158,0,0
B2_D1,674,0,68,0,0
B10_D1,471,0,90,0,0
B6_D1,412,0,422,0,0
B10_D1,517,0,73,0,0
B10_D1,199,0,34,0,0
B6_D1,512,0,380,0,0
G1_D1,982,0,327,0,-1
B4_D1,1007,0,213,0,0
B10_D1,32,0,94,0,0
B10_D1,755,0,363,0,0
B4_D1,657,0,65,0,0
G1_D1,991,0,21,0,0
G1_D1,1006,0,66,0,0
G1_D1,925,0,454,0,0
G1_D1,487,0,242,0,0
B10_D1,192,0,43,0,0
B6_D1,672,0,45,0,0
G1_D1,866,0,264,0,0
B6_D1,646,0,382,0,0
B6_D1,936,0,298,0,0
B10_D1,308,0,275,0,0
B10_D1,485,0,279,0,0
B10_D1,203,0,63,0,0
G1_D1,465,0,61,0,0
G1_D1,555,0,211,0,0
B2_D1,153,0,103,0,0
B10_D1,67,0,133,0,0
B10_D1,621,0,226,0,0
B10_D1,759,0,427,0,0
B6_D1,562,0,29,0,0
B6_D1,878,0,311,0,0
G1_D1,847,0,173,0,0
B2_D1,649,0,223,0,0
B6_D1,628,0,483,0,0
G1_D1,22,0,403,0,0
B10_D1,721,0,400,0,0
B8_D1,982,0,300,0,0
G1_D1,863,0,2,0,0
B4_D1,693,0,114,0,0
B6_D1,294,0,137,0,0
B6_D1,608,0,34,0,0
B6_D1,980,0,201,0,0
B6_D1,247,0,115,0,0
B6_D1,583,0,316,0,0
B6_D1,238,0,65,0,0
B6_D1,138,0,142,0,0
B6_D1,370,0,492,0,0
B6_D1,1022,0,221,0,0
B10_D1,205,0,455,0,0
G1_D1,10,0,178,0,0
G1_D1,698,0,259,0,0
B6_D1,102,0,502,0,0
B4_D1,75,0,162,0,0
G1_D1,916,0,3,0,0
B6_D1,108,0,9,0,0
B10_D1,910,0,92,0,0
B6_D1,217,0,83,0,0
B8_D1,222,0,80,0,0
G1_D1,171,0,279,0,0
B6_D1,714,0,396,0,0
B10_D1,830,0,185,0,0
B10_D1,951,0,42,0,0
B6_D1,871,0,99,0,0
B6_D1,462,0,42,0,0
B4_D1,8,0,360,0,0
B6_D1,373,0,350,0,0
B10_D1,1012,0,472,0,0
G1_D1,541,0,16,0,0
B10_D1,671,0,75,0,0
G1_D1,755,0,63,0,0
B6_D1,232,0,38,0,0
G1_D1,302,0,32,0,0
B10_D1,838,0,314,0,0
G1_D1,1016,0,15,0,0
B6_D1,298,0,44,0,0
B10_D1,34,0,141,0,0
B6_D1,590,0,348,0,0
B10_D1,177,0,112,0,0
B4_D1,256,0,142,0,0
B6_D1,511,0,246,0,0
B10_D1,1002,0,39,0,0
B8_D1,940,0,300,0,0
B10_D1,501,0,278,0,0
B10_D1,613,0,105,0,0
B4_D1,749,0,240,0,0
B6_D1,1002,0,36,0,0
G1_D1,180,0,407,0,0
B6_D1,902,0,31,0,0
B2_D1,759,0,52,0,0
B6_D1,848,0,28,0,0
G1_D1,843,0,10,0,0
B6_D1,485,0,450,0,0
B6_D1,318,0,18,0,0
B8_D1,1010,0,250,0,0
B10_D1,193,0,212,0,0
B6_D1,658,0,498,0,0
B10_D1,689,0,398,0,0
B10_D1,538,0,161,0,0
B4_D1,46,0,118,0,0
B6_D1,499,0,251,0,0
G1_D1,342,0,27,0,0
G1_D1,60,0,89,0,0
B10_D1,711,0,55,0,0
B10_D1,204,0,154,0,0
B4_D1,996,0,212,0,0
G1_D1,269,0,59,0,0
B10_D1,443,0,292,0,0
B2_D1,136,0,440,0,0
G1_D1,198,0,345,0,0
B6_D1,214,0,293,0,0
B6_D1,776,0,120,0,0
B4_D1,159,0,6,0,0
B10_D1,114,0,127,0,0
B4_D1,5,0,96,0,0
G1_D1,80,0,89,0,0
B6_D1,881,0,74,0,0
G1_D1,820,0,3,0,0
B6_D1,484,0,47,0,0
G1_D1,929,0,78,0,0
B6_D1,185,0,68,0,0
B6_D1,23,0,193,0,0
G1_D1,260,0,304,0,0
B6_D1,202,0,492,0,0
B6_D1,568,0,347,0,0
B6_D1,642,0,293,0,0
B10_D1,799,0,276,0,0
B6_D1,770,0,479,0,0
B10_D1,342,0,410,0,0
B6_D1,936,0,235,0,0
B4_D1,498,0,247,0,0
G1_D1,29,0,33,0,0
B6_D1,369,0,481,0,0
B2_D1,379,0,16,0,0
G1_D1,332,0,401,0,0
B6_D1,820,0,373,0,0
B10_D1,791,0,16,0,0
B10_D1,646,0,493,0,0
B10_D1,847,0,106,0,0
B6_D1,486,0,42,0,0
B4_D1,327,0,317,0,0
B4_D1,683,0,281,0,0
B10_D1,626,0,293,0,0
B4_D1,325,0,312,0,0
B6_D1,794,0,16,0,0
B6_D1,659,0,305,0,0
B10_D1,464,0,315,0,0
B6_D1,957,0,164,0,0
B10_D1,411,0,20,0,0
B10_D1,141,0,435,0,0
B6_D1,168,0,50,0,0
B10_D1,171,0,363,0,0
B6_D1,210,0,176,0,0
B6_D1,504,0,353,0,0
B6_D1,92,0,291,0,0
B10_D1,21,0,110,0,0
B2_D1,704,0,36,0,0
B6_D1,182,0,332,0,0
B2_D1,400,0,288,0,0
B4_D1,766,0,311,0,0
B10_D1,773,0,271,0,0
G1_D1,191,0,504,0,0
B10_D1,369,0,491,0,0
B4_D1,780,0,224,0,0
B6_D1,8,0,482,0,0
B6_D1,210,0,33,0,0
G1_D1,645,0,20,0,0
B6_D1,439,0,263,0,0
B10_D1,951,0,65,0,0
B6_D1,502,0,41,0,0
B6_D1,601,0,353,0,0
B10_D1,771,0,97,0,0
B10_D1,497,0,10,0,0
B6_D1,240,0,3,0,0
B6_D1,98,0,13,0,0
B6_D1,742,0,314,0,0
G1_D1,367,0,120,0,0
B6_D1,840,0,327,0,0
B10_D1,669,0,8,0,0
B10_D1,704,0,314,0,0
B4_D1,915,0,120,0,0
B10_D1,141,0,212,0,0
G1_D1,800,0,19,0,0
G1_D1,30,0,490,0,0
G1_D1,108,0,25,0,0
G1_D1,969,0,4,0,0
B6_D1,922,0,495,0,0
G1_D1,935,0,2,0,0
B6_D1,706,0,8,0,0
B10_D1,689,0,200,0,0
B10_D1,384,0,264,0,0
B6_D1,437,0,172,0,0
B6_D1,400,0,29,0,0
B10_D1,381,0,488,0,0
B10_D1,187,0,174,0,0
B2_D1,687,0,476,0,0
B6_D1,96,0,490,0,0
B10_D1,318,0,23,0,0
G1_D1,689,0,41,0,0
B10_D1,167,0,97,0,0
B10_D1,91,0,168,0,0
B6_D1,314,0,87,0,0
B2_D1,966,0,0,0,0
G1_D1,63,0,21,0,0
B6_D1,889,0,439,0,0
B6_D1,1016,0,500,0,0
B6_D1,916,0,468,0,0
B10_D1,999,0,2,0,0
B10_D1,820,0,272,0,0
B10_D1,264,0,208,0,0
B6_D1,134,0,422,0,0
B10_D1,466,0,258,0,0
B6_D1,212,0,409,0,0
B6_D1,463,0,290,0,0
B6_D1,899,0,91,0,0
B10_D1,527,0,99,0,0
B6_D1,938,0,232,0,0
B6_D1,710,0,335,0,0
B10_D1,471,0,298,0,0
B10_D1,300,0,197,0,0
B6_D1,59,0,453,0,0
B6_D1,1002,0,24,0,0
B10_D1,471,0,280,0,0
G1_D1,904,0,331,0,0
B6_D1,737,0,271,0,0
B2_D1,154,0,265,0,0
B10_D1,601,0,262,0,0
B6_D1,352,0,492,0,0
G1_D1,988,0,111,0,0
B6_D1,536,0,13,0,0
G1_D1,906,0,487,0,0
B6_D1,532,0,17,0,0
B6_D1,260,0,10,0,0
B6_D1,28,0,195,0,0
G1_D1,248,0,32,0,0
B6_D1,887,0,312,0,0
B10_D1,358,0,341,0,0
G1_D1,749,0,48,0,0
B6_D1,892,0,32,0,0
B10_D1,27,0,45,0,0
G1_D1,21,0,76,0,0
B2_D1,1003,0,216,0,0
B4_D1,574,0,289,0,0
B6_D1,752,0,10,0,0
B10_D1,748,0,81,0,0
G1_D1,702,0,13,0,0
B10_D1,634,0,175,0,0
G1_D1,600,0,0,0,0
B4_D1,297,0,225,0,0
B6_D1,936,0,484,0,0
B6_D1,579,0,343,0,0
B6_D1,701,0,458,0,0
B2_D1,226,0,479,0,0
B10_D1,545,0,102,0,0
B4_D1,787,0,85,0,0
B10_D1,28,0,160,0,0
B6_D1,881,0,54,0,0
B10_D1,338,0,127,0,0
B10_D1,968,0,291,0,0
B10_D1,619,0,473,0,0
B6_D1,170,0,43,0,0
B6_D1,690,0,490,0,0
B10_D1,28,0,268,0,0
G1_D1,655,0,12,0,0
B10_D1,562,0,107,0,0
B6_D1,335,0,479,0,0
G1_D1,16,0,39,0,0
B10_D1,749,0,83,0,0
B6_D1,343,0,138,0,0
B6_D1,912,0,3,0,0
G1_D1,736,0,283,0,0
G1_D1,16,0,212,0,0
B10_D1,615,0,292,0,0
G1_D1,568,0,87,0,0
B6_D1,815,0,135,0,0
B6_D1,936,0,312,0,0
G1_D1,615,0,120,0,0
B10_D1,185,0,120,0,0
B6_D1,688,0,38,0,0
B10_D1,10,0,36,0,0
B10_D1,320,0,27,0,0
B10_D1,413,0,104,0,0
B6_D1,739,0,52,0,0
B10_D1,616,0,183,0,0
B4_D1,906,0,130,0,0
B6_D1,399,0,351,0,0
B6_D1,58,0,157,0,0
B4_D1,993,0,41,0,0
B4_D1,24,0,136,0,0
B10_D1,717,0,424,0,0
B6_D1,78,0,183,0,0
B6_D1,940,0,489,0,0
B6_D1,474,0,52,0,0
B6_D1,198,0,12,0,0
B6_D1,976,0,395,0,0
B6_D1,810,0,395,0,0
B4_D1,638,0,235,0,0
B6_D1,618,0,264,0,0
G1_D1,241,0,19,0,0
G1_D1,103,0,167,0,0
B10_D1,616,0,50,0,0
B6_D1,424,0,266,0,0
B10_D1,736,0,250,0,0
B6_D1,686,0,7,0,0
B10_D1,796,0,409,0,0
B6_D1,127,0,135,0,0
G1_D1,1021,0,63,0,0
B10_D1,838,0,271,0,0
B6_D1,52,0,122,0,0
G1_D1,470,0,5,0,0
B6_D1,842,0,61,0,0
B10_D1,152,0,445,0,0
B6_D1,826,0,32,0,0
B6_D1,694,0,5,0,0
B6_D1,499,0,161,0,0
B6_D1,228,0,169,0,0
B10_D1,429,0,371,0,0
B6_D1,640,0,451,0,0
B10_D1,453,0,114,0,0
B6_D1,690,0,39,0,0
B6_D1,970,0,414,0,0
B2_D1,683,0,510,0,0
B10_D1,129,0,448,0,0
B2_D1,466,0,168,0,0
B6_D1,746,0,10,0,0
G1_D1,683,0,53,0,0
G1_D1,81,0,54,0,0
B10_D1,259,0,421,0,0
B2_D1,659,0,19,0,0
B10_D1,487,0,510,0,0
B8_D1,76,0,118,0,0
G1_D1,37,0,19,0,0
B10_D1,744,0,405,0,0
G1_D1,733,0,280,0,0
B6_D1,708,0,339,0,0
B10_D1,12,0,54,0,0
B6_D1,416,0,259,0,0
B10_D1,243,0,142,0,0
B6_D1,364,0,385,0,0
G1_D1,974,0,15,0,0
B10_D1,1008,0,70,0,0
G1_D1,554,0,5,0,0
B2_D1,193,0,227,0,0
B6_D1,104,0,28,0,0
B10_D1,729,0,163,0,0
B10_D1,774,0,311,0,0
B10_D1,786,0,66,0,0
B2_D1,249,0,46,0,0
G1_D1,920,0,73,0,0
B2_D1,518,0,482,0,0
B2_D1,291,0,492,0,0
B6_D1,191,0,274,0,0
B4_D1,901,0,20,0,0
G1_D1,20,0,252,0,0
B10_D1,984,0,218,0,0
G1_D1,100,0,190,0,0
G1_D1,908,0,220,0,0
B6_D1,933,0,58,0,0
B10_D1,433,0,188,0,0
B6_D1,306,0,132,0,0
B6_D1,646,0,424,0,0
B10_D1,478,0,137,0,0
B2_D1,200,0,510,0,0
B10_D1,1012,0,316,0,0
B10_D1,466,0,475,0,0
G1_D1,20,0,320,0,0
B10_D1,143,0,356,0,0
B10_D1,515,0,99,0,0
B10_D1,315,0,69,0,0
B6_D1,764,0,7,0,0
G1_D1,213,0,139,0,0
B10_D1,693,0,416,0,0
G1_D1,233,0,284,0,0
B6_D1,48,0,266,0,0
G1_D1,57,0,76,0,0
B6_D1,334,0,329,0,0
B2_D1,991,0,98,0,0
G1_D1,845,0,14,0,0
B6_D1,813,0,130,0,0
G1_D1,19,0,19,0,0
G1_D1,212,0,186,0,0
G1_D1,291,0,269,0,0
G1_D1,22,0,208,0,0
G1_D1,256,0,284,0,0
B10_D1,10,0,505,0,0
B6_D1,79,0,474,0,0
B10_D1,822,0,101,0,0
B8_D1,767,0,231,0,0
G1_D1,452,0,50,0,0
B10_D1,155,0,282,0,0
G1_D1,633,0,359,0,0
B6_D1,662,0,50,0,0
G1_D1,805,0,96,0,0
B10_D1,696,0,457,0,0
B6_D1,706,0,397,0,0
G1_D1,811,0,6,0,0
B6_D1,250,0,171,0,0
G1_D1,462,0,361,0,0
B10_D1,253,0,300,0,0
B10_D1,268,0,243,0,0
G1_D1,718,0,18,0,0
B10_D1,533,0,476,0,0
B6_D1,562,0,2,0,0
B10_D1,139,0,316,0,0
B6_D1,468,0,243,0,0
B6_D1,495,0,480,0,0
G1_D1,171,0,167,0,0
G1_D1,664,0,18,0,0
G1_D1,1000,0,227,0,0
B2_D1,160,0,466,0,0
G1_D1,980,0,18,0,0
B10_D1,22,0,183,0,0
B10_D1,412,0,237,0,0
B6_D1,536,0,494,0,0
B10_D1,390,0,342,0,0
G1_D1,294,0,121,0,0
B6_D1,648,0,450,0,0
B6_D1,708,0,280,0,0
B10_D1,158,0,345,0,0
B10_D1,857,0,52,0,0
B6_D1,586,0,11,0,0
B10_D1,97,0,309,0,0
B10_D1,813,0,410,0,0
B6_D1,729,0,376,0,0
B10_D1,360,0,414,0,0
G1_D1,229,0,181,0,0
B6_D1,764,0,34,0,0
B10_D1,886,0,231,0,0
B6_D1,709,0,420,0,0
B10_D1,496,0,307,0,0
B10_D1,188,0,191,0,0
B10_D1,137,0,108,0,0
G1_D1,668,0,272,0,0
G1_D1,578,0,151,0,0
B10_D1,796,0,35,0,0
B8_D1,134,0,258,0,0
B4_D1,276,0,245,0,0
B10_D1,147,0,506,0,0
B6_D1,822,0,511,0,0
B6_D1,787,0,151,0,0
B10_D1,1006,0,1,0,0
G1_D1,974,0,102,0,0
B6_D1,678,0,430,0,0
G1_D1,757,0,243,0,0
B6_D1,270,0,3,0,0
B10_D1,268,0,36,0,0
B10_D1,171,0,444,0,0
B2_D1,534,0,0,0,0
B8_D1,478,0,203,0,0
B6_D1,236,0,509,0,0
G1_D1,32,0,67,0,0
B2_D1,914,0,16,0,0
B10_D1,790,0,452,0,0
B10_D1,880,0,71,0,0
G1_D1,1004,0,218,0,0
B10_D1,756,0,309,0,0
B6_D1,807,0,130,0,0
B10_D1,264,0,399,0,0
G1_D1,58,0,169,0,0
B10_D1,894,0,302,0,0
B2_D1,725,0,186,0,0
G1_D1,682,0,18,0,0
B6_D1,544,0,11,0,0
B6_D1,974,0,470,0,0
B10_D1,406,0,71,0,0
B10_D1,177,0,250,0,0
G1_D1,1013,0,314,0,0
B10_D1,1023,0,342,0,0
G1_D1,888,0,96,0,0
B6_D1,627,0,419,0,0
B6_D1,32,0,500,0,0
B6_D1,470,0,354,0,0
B10_D1,392,0,229,0,0
B4_D1,593,0,183,0,0
B10_D1,606,0,139,0,0
B6_D1,864,0,296,0,0
B6_D1,484,0,23,0,0
B6_D1,640,0,29,0,0
B8_D1,782,0,230,0,0
G1_D1,781,0,39,0,0
B6_D1,284,0,7,0,0
B6_D1,1010,0,419,0,0
G1_D1,445,0,123,0,0
B10_D1,538,0,147,0,0
G1_D1,23,0,160,0,0
B10_D1,598,0,285,0,0
G1_D1,207,0,495,0,0
G1_D1,13,0,183,0,0
B2_D1,686,0,16,0,0
B6_D1,398,0,462,0,0
G1_D1,905,0,258,0,0
G1_D1,295,0,176,0,0
B10_D1,179,0,511,0,0
B6_D1,805,0,141,0,0
B6_D1,462,0,6,0,0
G1_D1,74,0,454,0,0
B10_D1,337,0,42,0,0
G1_D1,843,0,314,0,0
B2_D1,684,0,83,0,0
G1_D1,995,0,58,0,0
B10_D1,999,0,14,0,0
B6_D1,924,0,260,0,0
B10_D1,520,0,119,0,0
B4_D1,7,0,203,0,0
B10_D1,532,0,29,0,0
B10_D1,161,0,210,0,0
G1_D1,310,0,9,0,0
B4_D1,6,0,444,0,0
B6_D1,130,0,17,0,0
B4_D1,298,0,44,0,0
G1_D1,789,0,105,0,0
B10_D1,155,0,35,0,0
B6_D1,136,0,202,0,0
G1_D1,637,0,161,0,0
B10_D1,205,0,20,0,0
B4_D1,97,0,189,0,0
G1_D1,490,0,345,0,0
G1_D1,357,0,221,0,0
B10_D1,343,0,243,0,0
B10_D1,122,0,230,0,0
B6_D1,967,0,309,0,0
B2_D1,715,0,472,0,0
G1_D1,104,0,23,0,0
G1_D1,595,0,458,0,0
B10_D1,572,0,268,0,0
B6_D1,344,0,243,0,0
B6_D1,778,0,14,0,0
B10_D1,463,0,214,0,0
G1_D1,111,0,304,0,0
B4_D1,78,0,161,0,0
B6_D1,762,0,490,0,0
B6_D1,122,0,7,0,0
B10_D1,418,0,162,0,0
B4_D1,974,0,107,0,0
B4_D1,111,0,298,0,0
B10_D1,471,0,215,0,0
B10_D1,31,0,509,0,0
B10_D1,126,0,286,0,0
B6_D1,930,0,301,0,0
B6_D1,250,0,483,0,0
G1_D1,1014,0,139,0,0
B6_D1,636,0,182,0,0
B2_D1,401,0,160,0,0
B6_D1,690,0,153,0,0
B10_D1,327,0,502,0,0
B6_D1,166,0,427,0,0
G1_D1,877,0,304,0,0
B6_D1,72,0,143,0,0
B10_D1,616,0,283,0,0
B4_D1,254,0,269,0,0
B2_D1,558,0,286,0,0
B6_D1,16,0,212,0,0
B10_D1,423,0,359,0,0
G1_D1,1019,0,478,0,0
B8_D1,421,0,283,0,0
B2_D1,816,0,511,0,0
B10_D1,396,0,150,0,0
G1_D1,1008,0,268,0,0
B6_D1,1016,0,25,0,0
G1_D1,702,0,456,0,0
B6_D1,657,0,198,0,0
B10_D1,501,0,148,0,0
B10_D1,1,0,79,0,0
G1_D1,780,0,109,0,0
G1_D1,603,0,234,0,0
B10_D1,840,0,332,0,0
G1_D1,358,0,478,0,0
B6_D1,246,0,499,0,0
G1_D1,233,0,234,0,0
B6_D1,780,0,33,0,0
G1_D1,252,0,18,0,0
G1_D1,27,0,122,0,0
B6_D1,610,0,203,0,0
B6_D1,681,0,379,0,0
B10_D1,178,0,191,0,0
B4_D1,554,0,386,0,0
B6_D1,460,0,393,0,0
B6_D1,201,0,238,0,0
G1_D1,792,0,208,0,0
G1_D1,313,0,509,0,0
B10_D1,286,0,307,0,0
B6_D1,548,0,348,0,0
B6_D1,244,0,23,0,0
B10_D1,342,0,64,0,0
B2_D1,124,0,101,0,0
B6_D1,517,0,278,0,0
B6_D1,743,0,409,0,0
B6_D1,210,0,155,0,0
B6_D1,491,0,477,0,0
B4_D1,1019,0,46,0,0
B10_D1,91,0,182,0,0
G1_D1,996,0,116,0,0
B4_D1,679,0,73,0,0
B10_D1,636,0,99,0,0
B6_D1,333,0,212,0,0
G1_D1,65,0,15,0,0
B6_D1,629,0,164,0,0
B10_D1,440,0,73,0,0
B6_D1,714,0,36,0,0
B10_D1,413,0,239,0,0
B2_D1,865,0,6,0,0
G1_D1,180,0,187,0,0
B6_D1,926,0,393,0,0
B10_D1,813,0,453,0,0
B6_D1,898,0,195,0,0
B10_D1,318,0,80,0,0
B8_D1,76,0,330,0,0
B2_D1,738,0,495,0,0
B6_D1,875,0,267,0,0
B2_D1,368,0,36,0,0
B10_D1,472,0,29,0,0
B4_D1,85,0,134,0,0
B6_D1,822,0,42,0,0
B6_D1,176,0,31,0,0
B6_D1,953,0,93,0,0
B6_D1,843,0,130,0,0
G1_D1,285,0,261,0,0
B6_D1,638,0,40,0,0
B10_D1,481,0,146,0,0
B10_D1,945,0,42,0,0
B10_D1,493,0,494,0,0
G1_D1,994,0,267,0,0
B4_D1,356,0,220,0,0
B6_D1,100,0,377,0,0
B6_D1,267,0,241,0,0
G1_D1,914,0,1,0,0
B10_D1,645,0,111,0,0
B10_D1,42,0,59,0,0
B10_D1,35,0,172,0,0
G1_D1,977,0,24,0,0
B6_D1,782,0,503,0,0
B10_D1,333,0,168,0,0
B10_D1,161,0,97,0,0
B6_D1,592,0,498,0,0
B6_D1,840,0,9,0,0
B10_D1,852,0,29,0,0
B10_D1,933,0,379,0,0
B10_D1,182,0,232,0,0
B6_D1,193,0,196,0,0
B10_D1,116,0,459,0,0
B4_D1,585,0,111,0,0
B10_D1,871,0,402,0,0
B6_D1,535,0,252,0,0
B10_D1,805,0,212,0,0
B10_D1,730,0,88,0,0
B10_D1,39,0,125,0,0
B10_D1,481,0,3,0,0
G1_D1,520,0,511,0,0
G1_D1,98,0,274,0,0
B10_D1,310,0,50,0,0
G1_D1,928,0,250,0,0
B10_D1,192,0,507,0,0
B10_D1,629,0,271,0,0
G1_D1,93,0,93,0,0
B10_D1,656,0,169,0,0
B6_D1,588,0,33,0,0
G1_D1,890,0,11,0,0
B6_D1,514,0,329,0,0
B6_D1,457,0,390,0,0
B6_D1,654,0,484,0,0
B10_D1,888,0,263,0,0
B6_D1,45,0,274,0,0
B6_D1,645,0,361,0,0
B10_D1,169,0,92,0,0
G1_D1,142,0,205,0,0
B10_D1,436,0,127,0,0
B6_D1,560,0,46,0,0
B6_D1,526,0,411,0,0
B10_D1,235,0,164,0,0
B10_D1,805,0,270,0,0
B2_D1,852,0,248,0,0
B10_D1,762,0,263,0,0
B6_D1,680,0,345,0,0
B2_D1,556,0,288,0,0
G1_D1,762,0,112,0,0
B6_D1,594,0,18,0,0
B6_D1,292,0,8,0,0
G1_D1,661,0,201,0,0
B6_D1,250,0,305,0,0
B4_D1,753,0,207,0,0
B10_D1,661,0,272,0,0
B6_D1,159,0,404,0,0
G1_D1,672,0,65,0,0
B6_D1,188,0,51,0,0
B10_D1,264,0,135,0,0
G1_D1,148,0,181,0,0
B6_D1,52,0,501,0,0
B10_D1,54,0,274,0,0
B6_D1,92,0,451,0,0
B2_D1,440,0,127,0,0
B6_D1,648,0,182,0,0
G1_D1,316,0,328,0,0
B2_D1,118,0,38,0,0
B6_D1,440,0,239,0,0
B6_D1,674,0,16,0,0
B6_D1,817,0,79,0,0
B6_D1,620,0,37,0,0
B10_D1,417,0,482,0,0
B6_D1,468,0,490,0,0
B10_D1,371,0,274,0,0
B10_D1,592,0,310,0,0
B10_D1,383,0,478,0,0
B6_D1,40,0,17,0,0
B4_D1,234,0,44,0,0
B4_D1,687,0,74,0,0
B10_D1,696,0,415,0,0
B10_D1,40,0,36,0,0
B6_D1,204,0,18,0,0
B6_D1,0,0,471,0,0
B6_D1,352,0,5,0,0
G1_D1,389,0,508,0,0
B8_D1,762,0,240,0,0
B6_D1,198,0,511,0,0
B6_D1,786,0,100,0,0
B10_D1,650,0,159,0,0
B10_D1,229,0,164,0,0
B10_D1,1022,0,11,0,0
B6_D1,53,0,422,0,0
G1_D1,52,0,63,0,0
G1_D1,283,0,19,0,0
B6_D1,542,0,425,0,0
B6_D1,591,0,196,0,0
B2_D1,708,0,182,0,0
B10_D1,1,0,344,0,0
G1_D1,217,0,35,0,0
G1_D1,1007,0,200,0,0
B6_D1,724,0,20,0,0
B10_D1,618,0,410,0,0
B2_D1,513,0,123,0,0
B6_D1,622,0,288,0,0
G1_D1,357,0,17,0,0
B2_D1,571,0,223,0,0
B10_D1,73,0,98,0,0
B10_D1,241,0,44,0,0
B6_D1,932,0,302,0,0
B10_D1,29,0,82,0,0
B10_D1,252,0,228,0,0
B6_D1,808,0,35,0,0
B10_D1,277,0,312,0,0
B6_D1,512,0,153,0,0
G1_D1,218,0,24,0,0
B10_D1,618,0,49,0,0
B6_D1,452,0,43,0,0
B6_D1,450,0,21,0,0
B10_D1,4,0,249,0,0
B6_D1,780,0,487,0,0
B6_D1,0,0,318,0,0
B6_D1,848,0,393,0,0
G1_D1,65,0,57,0,0
B10_D1,608,0,259,0,0
B6_D1,88,0,483,0,0
B6_D1,990,0,95,0,0
G1_D1,824,0,302,0,0
B2_D1,590,0,362,0,0
G1_D1,5,0,256,0,0
G1_D1,933,0,10,0,0
B10_D1,18,0,27,0,0
B6_D1,247,0,373,0,0
B10_D1,620,0,64,0,0
B2_D1,225,0,153,0,0
B8_D1,1023,0,482,0,0
B6_D1,720,0,431,0,0
B6_D1,671,0,226,0,0
G1_D1,520,0,9,0,0
B6_D1,716,0,349,0,0
G1_D1,283,0,54,0,0
B6_D1,106,0,391,0,0
B6_D1,692,0,506,0,0
B6_D1,677,0,421,0,0
B6_D1,774,0,303,0,0
B6_D1,275,0,141,0,0
B6_D1,231,0,368,0,0
B4_D1,787,0,42,0,0
B6_D1,124,0,312,0,0
B6_D1,607,0,236,0,0
B6_D1,8,0,46,0,0
B6_D1,958,0,5,0,0
B4_D1,728,0,296,0,0
B6_D1,0,0,412,0,0
B6_D1,396,0,103,0,0
B10_D1,128,0,192,0,0
B4_D1,895,0,240,0,0
B2_D1,724,0,103,0,0
B6_D1,454,0,240,0,0
B10_D1,1010,0,336,0,0
B6_D1,858,0,299,0,0
B10_D1,896,0,28,0,0
G1_D1,320,0,221,0,0
B6_D1,759,0,61,0,0
B10_D1,242,0,125,0,0
B6_D1,0,0,190,0,0
B10_D1,653,0,315,0,0
G1_D1,551,0,243,0,0
B6_D1,1017,0,209,0,0
B6_D1,226,0,486,0,0
B10_D1,4,0,4,0,0
B10_D1,471,0,111,0,0
B8_D1,611,0,184,0,0
B8_D1,142,0,204,0,0
B4_D1,189,0,414,0,0
G1_D1,1004,0,57,0,0
G1_D1,25,0,277,0,0
B2_D1,475,0,487,0,0
B6_D1,995,0,466,0,0
G1_D1,848,0,262,0,0
B6_D1,980,0,16,0,0
B10_D1,1000,0,1,0,0
B6_D1,454,0,20,0,0
B10_D1,503,0,60,0,0
G1_D1,912,0,59,0,0
G1_D1,710,0,1,0,0
G1_D1,316,0,457,0,0
B10_D1,987,0,6,0,0
B6_D1,617,0,313,0,0
B10_D1,345,0,46,0,0
B10_D1,1003,0,243,0,0
G1_D1,366,0,13,0,0
B10_D1,929,0,442,0,0
B2_D1,816,0,69,0,0
B10_D1,147,0,103,0,0
B6_D1,344,0,46,0,0
B10_D1,512,0,92,0,0
G1_D1,304,0,52,0,0
B4_D1,719,0,430,0,0
G1_D1,930,0,453,0,0
B10_D1,284,0,327,0,0
B6_D1,140,0,319,0,0
G1_D1,428,0,239,0,0
G1_D1,598,0,85,0,0
B4_D1,873,0,230,0,0
B10_D1,779,0,1,0,0
B6_D1,520,0,17,0,0
B6_D1,415,0,352,0,0
B6_D1,966,0,296,0,0
B10_D1,72,0,51,0,0
B6_D1,914,0,263,0,0
B6_D1,997,0,288,0,0
G1_D1,912,0,82,0,0
B6_D1,742,0,32,0,0
B4_D1,7,0,376,0,0
B10_D1,1012,0,23,0,0
B6_D1,855,0,258,0,0
B6_D1,91,0,310,0,0
B6_D1,659,0,359,0,0
G1_D1,77,0,354,0,0
G1_D1,42,0,129,0,0
B10_D1,527,0,295,0,0
B10_D1,578,0,100,0,0
B6_D1,604,0,389,0,0
B6_D1,802,0,90,0,0
B4_D1,391,0,398,0,0
G1_D1,770,0,77,0,0
B6_D1,546,0,502,0,0
B6_D1,932,0,342,0,0
B10_D1,460,0,338,0,0
G1_D1,599,0,229,0,0
B6_D1,144,0,27,0,0
B10_D1,1019,0,210,0,0
B6_D1,279,0,81,0,0
B6_D1,62,0,1,0,0
B10_D1,766,0,274,0,0
G1_D1,844,0,390,0,0
B6_D1,11,0,210,0,0
B10_D1,148,0,265,0,0
B10_D1,13,0,320,0,0
B10_D1,828,0,7,0,0
B6_D1,688,0,492,0,0
B10_D1,614,0,311,0,0
G1_D1,207,0,42,0,0
B2_D1,577,0,118,0,0
B4_D1,3,0,284,0,0
B10_D1,440,0,126,0,0
G1_D1,949,0,293,0,0
B6_D1,777,0,72,0,0
B6_D1,306,0,148,0,0
B10_D1,98,0,159,0,0
B6_D1,160,0,127,0,0
G1_D1,473,0,15,0,0
G1_D1,346,0,31,0,0
B4_D1,661,0,295,0,0
B10_D1,1004,0,297,0,0
B4_D1,861,0,232,0,0
B6_D1,54,0,511,0,0
G1_D1,988,0,42,0,0
B6_D1,89,0,311,0,0
G1_D1,310,0,286,0,0
B10_D1,338,0,234,0,0
B6_D1,436,0,67,0,0
B10_D1,151,0,7,0,0
B6_D1,963,0,447,0,0
B10_D1,669,0,48,0,0
G1_D1,235,0,180,0,0
B4_D1,869,0,36,0,0
B10_D1,145,0,324,0,0
G1_D1,628,0,298,0,0
G1_D1,554,0,19,0,0
B10_D1,362,0,34,0,0
B6_D1,286,0,44,0,0
B6_D1,851,0,204,0,0
B6_D1,466,0,436,0,0
B6_D1,827,0,104,0,0
B6_D1,834,0,0,0,0
G1_D1,899,0,132,0,0
B6_D1,78,0,511,0,0
B10_D1,487,0,488,0,0
G1_D1,1021,0,278,0,0
B10_D1,604,0,91,0,0
B10_D1,1011,0,63,0,0
B10_D1,392,0,501,0,0
B10_D1,941,0,0,0,0
B10_D1,411,0,149,0,0
B6_D1,156,0,511,0,0
B2_D1,215,0,237,0,0
B10_D1,716,0,11,0,0
B2_D1,608,0,362,0,0
B10_D1,662,0,444,0,0
B6_D1,478,0,304,0,0
B6_D1,826,0,510,0,0
G1_D1,761,0,246,0,0
B6_D1,208,0,174,0,0
B10_D1,473,0,224,0,0
B6_D1,260,0,370,0,0
B6_D1,753,0,194,0,0
B10_D1,944,0,19,0,0
B10_D1,119,0,158,0,0
B2_D1,243,0,153,0,0
B6_D1,854,0,4,0,0
B10_D1,675,0,2,0,0
B4_D1,821,0,44,0,0
B4_D1,524,0,68,0,0
B10_D1,21,0,161,0,0
B10_D1,449,0,480,0,0
B4_D1,943,0,39,0,0
B10_D1,631,0,101,0,0
B2_D1,712,0,359,0,0
B6_D1,790,0,117,0,0
B6_D1,900,0,196,0,0
G1_D1,1007,0,72,0,0
B6_D1,432,0,461,0,0
B4_D1,553,0,99,0,0
B6_D1,487,0,305,0,0
B6_D1,28,0,35,0,0
B10_D1,888,0,86,0,0
B10_D1,844,0,230,0,0
B10_D1,430,0,319,0,0
B6_D1,683,0,245,0,0
B2_D1,556,0,474,0,0
B2_D1,670,0,36,0,0
G1_D1,384,0,278,0,0
B6_D1,806,0,506,0,0
B6_D1,230,0,86,0,0
B6_D1,321,0,480,0,0
B2_D1,188,0,510,0,0
B6_D1,925,0,276,0,0
B10_D1,294,0,335,0,0
B6_D1,808,0,300,0,0
G1_D1,11,0,327,0,0
B2_D1,563,0,458,0,0
B6_D1,61,0,123,0,0
B6_D1,14,0,509,0,0
B10_D1,529,0,63,0,0
B6_D1,971,0,237,0,0
B4_D1,410,0,191,0,0
B6_D1,752,0,274,0,0
B6_D1,694,0,416,0,0
G1_D1,81,0,314,0,0
B10_D1,98,0,460,0,0
G1_D1,694,0,457,0,0
B6_D1,700,0,14,0,0
B6_D1,136,0,253,0,0
B10_D1,639,0,296,0,0
G1_D1,290,0,41,0,0
B6_D1,778,0,32,0,0
B4_D1,298,0,61,0,0
B6_D1,347,0,210,0,0
G1_D1,560,0,106,0,0
B10_D1,688,0,165,0,0
B10_D1,195,0,8,0,0
B10_D1,724,0,436,0,0
B2_D1,814,0,73,0,0
B6_D1,316,0,507,0,0
B10_D1,288,0,248,0,0
G1_D1,846,0,439,0,0
B10_D1,79,0,197,0,0
B10_D1,383,0,270,0,0
B10_D1,741,0,42,0,0
G1_D1,987,0,4,0,0
G1_D1,1005,0,151,0,0
G1_D1,871,0,133,0,0
B10_D1,210,0,55,0,0
B6_D1,689,0,458,0,0
G1_D1,496,0,327,0,0
B10_D1,407,0,464,0,0
B6_D1,406,0,177,0,0
B10_D1,545,0,114,0,0
G1_D1,15,0,113,0,0
B10_D1,839,0,316,0,0
G1_D1,500,0,481,0,0
B10_D1,569,0,509,0,0
B4_D1,182,0,116,0,0
B6_D1,276,0,24,0,0
B10_D1,60,0,130,0,0
B10_D1,198,0,166,0,0
B10_D1,96,0,291,0,0
B6_D1,16,0,495,0,0
B10_D1,377,0,274,0,0
B2_D1,875,0,382,0,0
B10_D1,337,0,266,0,0
G1_D1,501,0,133,0,0
B4_D1,516,0,229,0,0
G1_D1,790,0,104,0,0
B4_D1,668,0,252,0,0
B6_D1,917,0,436,0,0
B6_D1,393,0,317,0,0
B2_D1,991,0,51,0,0
B4_D1,302,0,277,0,0
B6_D1,939,0,379,0,0
B2_D1,36,0,169,0,0
G1_D1,685,0,280,0,0
B10_D1,677,0,108,0,0
B6_D1,277,0,72,0,0
B10_D1,362,0,160,0,0
G1_D1,72,0,138,0,0
G1_D1,700,0,47,0,0
B10_D1,339,0,222,0,0
B6_D1,692,0,48,0,0
B6_D1,966,0,39,0,0
B10_D1,675,0,307,0,0
B10_D1,242,0,353,0,0
B10_D1,310,0,155,0,0
B6_D1,530,0,294,0,0
B4_D1,185,0,0,0,0
B10_D1,225,0,363,0,0
B10_D1,484,0,470,0,0
B10_D1,463,0,406,0,0
G1_D1,18,0,31,0,0
B10_D1,866,0,91,0,0
B6_D1,819,0,263,0,0
B6_D1,428,0,387,0,0
B6_D1,697,0,113,0,0
B6_D1,720,0,30,0,0
G1_D1,137,0,96,0,0
B10_D1,335,0,489,0,0
G1_D1,835,0,299,0,0
B6_D1,173,0,273,0,0
G1_D1,103,0,48,0,0
B2_D1,346,0,226,0,0
B6_D1,930,0,15,0,0
B8_D1,180,0,345,0,0
B10_D1,199,0,438,0,0
B6_D1,156,0,18,0,0
B10_D1,106,0,275,0,0
B6_D1,622,0,389,0,0
B10_D1,198,0,244,0,0
B2_D1,830,0,4,0,0
B10_D1,251,0,209,0,0
G1_D1,505,0,479,0,0
B10_D1,420,0,483,0,0
B10_D1,520,0,204,0,0
B6_D1,610,0,41,0,0
B6_D1,269,0,438,0,0
B6_D1,967,0,402,0,0
B6_D1,889,0,365,0,0
G1_D1,880,0,467,0,0
B8_D1,193,0,195,0,0
B10_D1,348,0,312,0,0
G1_D1,26,0,247,0,0
G1_D1,729,0,258,0,0
B10_D1,1,0,62,0,0
B6_D1,615,0,52,0,0
G1_D1,572,0,198,0,0
G1_D1,76,0,142,0,0
B6_D1,946,0,504,0,0
G1_D1,130,0,373,0,0
B10_D1,329,0,11,0,0
B6_D1,750,0,36,0,0
G1_D1,797,0,211,0,0
B6_D1,499,0,376,0,0
B6_D1,651,0,308,0,0
B10_D1,353,0,65,0,0
B4_D1,0,0,172,0,0
B4_D1,233,0,138,0,0
B6_D1,411,0,481,0,0
B10_D1,156,0,85,0,0
B10_D1,670,0,83,0,0
B2_D1,967,0,40,0,0
B10_D1,478,0,253,0,0
B10_D1,949,0,17,0,0
B6_D1,313,0,381,0,0
G1_D1,682,0,143,0,0
B6_D1,708,0,153,0,0
G1_D1,870,0,47,0,0
B8_D1,93,0,122,0,0
B6_D1,922,0,17,0,0
B6_D1,1016,0,80,0,0
B6_D1,257,0,99,0,0
B6_D1,425,0,232,0,0
B6_D1,915,0,142,0,0
B10_D1,613,0,136,0,0
B4_D1,537,0,415,0,0
G1_D1,1004,0,128,0,0
B10_D1,688,0,113,0,0
B4_D1,801,0,59,0,0
B6_D1,661,0,417,0,0
B6_D1,58,0,429,0,0
B10_D1,291,0,262,0,0
B6_D1,19,0,400,0,0
B10_D1,603,0,106,0,0
B6_D1,436,0,282,0,0
B6_D1,82,0,133,0,0
B10_D1,339,0,30,0,0
B6_D1,200,0,37,0,0
B4_D1,111,0,292,0,0
G1_D1,737,0,267,0,0
B2_D1,700,0,89,0,0
B6_D1,926,0,22,0,0
B10_D1,244,0,312,0,0
B10_D1,663,0,416,0,0
B10_D1,432,0,235,0,0
B10_D1,109,0,403,0,0
B6_D1,602,0,19,0,0
B6_D1,448,0,489,0,0
G1_D1,33,0,188,0,0
B6_D1,779,0,56,0,0
B6_D1,432,0,453,0,0
B4_D1,746,0,246,0,0
B10_D1,257,0,12,0,0
B6_D1,444,0,493,0,0
G1_D1,705,0,68,0,0
B6_D1,406,0,29,0,0
G1_D1,120,0,18,0,0
B10_D1,821,0,385,0,0
B10_D1,595,0,344,0,0
G1_D1,241,0,257,0,0
B10_D1,676,0,443,0,0
B10_D1,261,0,26,0,0
B6_D1,542,0,326,0,0
B10_D1,545,0,411,0,0
B10_D1,826,0,421,0,0
B6_D1,244,0,157,0,0
B6_D1,873,0,274,0,0
B4_D1,787,0,242,0,0
B10_D1,102,0,187,0,0
G1_D1,363,0,473,0,0
B6_D1,692,0,16,0,0
B6_D1,233,0,477,0,0
B10_D1,933,0,330,0,0
B10_D1,735,0,36,0,0
G1_D1,69,0,21,0,0
G1_D1,188,0,182,0,0
G1_D1,5,0,259,0,0
B6_D1,154,0,5,0,0
B6_D1,613,0,161,0,0
B10_D1,86,0,122,0,0
B6_D1,635,0,365,0,0
G1_D1,61,0,202,0,0
B6_D1,850,0,135,0,0
B2_D1,376,0,383,0,0
B10_D1,548,0,481,0,0
B6_D1,1021,0,250,0,0
B6_D1,864,0,376,0,0
G1_D1,400,0,511,0,0
B10_D1,275,0,267,0,0
G1_D1,106,0,282,0,0
G1_D1,543,0,98,0,0
B10_D1,737,0,328,0,0
B2_D1,104,0,21,0,0
G1_D1,1015,0,120,0,0
B10_D1,381,0,278,0,0
B6_D1,144,0,89,0,0
B6_D1,404,0,56,0,0
B2_D1,1,0,251,0,0
B6_D1,61,0,447,0,0
B6_D1,341,0,69,0,0
G1_D1,912,0,316,0,0
B6_D1,217,0,296,0,0
B6_D1,354,0,24,0,0
B6_D1,833,0,120,0,0
B8_D1,877,0,232,0,0
G1_D1,74,0,23,0,0
B6_D1,784,0,389,0,0
B6_D1,441,0,115,0,0
B6_D1,73,0,444,0,0
B10_D1,550,0,510,0,0
B6_D1,385,0,384,0,0
B10_D1,235,0,427,0,0
B4_D1,653,0,72,0,0
B10_D1,407,0,16,0,0
B6_D1,2,0,108,0,0
B6_D1,304,0,507,0,0
B6_D1,310,0,32,0,0
G1_D1,171,0,158,0,0
B10_D1,744,0,116,0,0
B10_D1,54,0,206,0,0
B4_D1,5,0,157,0,0
B4_D1,514,0,213,0,0
B6_D1,1012,0,321,0,0
B6_D1,858,0,178,0,0
B6_D1,172,0,228,0,0
B6_D1,659,0,304,0,0
B6_D1,1022,0,413,0,0
B10_D1,563,0,408,0,0
B6_D1,426,0,421,0,0
B6_D1,168,0,493,0,0
B10_D1,412,0,106,0,0
B6_D1,257,0,250,0,0
B10_D1,931,0,303,0,0
B6_D1,801,0,133,0,0
B10_D1,529,0,158,0,0
B6_D1,662,0,16,0,0
B10_D1,8,0,370,0,0
B2_D1,279,0,157,0,0
B6_D1,939,0,284,0,0
B10_D1,914,0,77,0,0
B6_D1,557,0,349,0,0
B4_D1,768,0,307,0,0
G1_D1,296,0,141,0,0
G1_D1,156,0,109,0,0
B10_D1,115,0,402,0,0
G1_D1,50,0,266,0,0
B10_D1,661,0,3,0,0
B6_D1,153,0,100,0,0
B10_D1,263,0,10,0,0
B6_D1,740,0,40,0,0
B6_D1,851,0,347,0,0
B4_D1,1021,0,264,0,0
G1_D1,648,0,0,0,0
B6_D1,622,0,367,0,0
B2_D1,329,0,160,0,0
B6_D1,636,0,30,0,0
B6_D1,818,0,34,0,0
B6_D1,110,0,134,0,0
B2_D1,169,0,122,0,0
G1_D1,101,0,360,0,0
B6_D1,102,0,484,0,0
B6_D1,48,0,213,0,0
B6_D1,360,0,487,0,0
G1_D1,1019,0,64,0,0
B10_D1,651,0,174,0,0
B10_D1,689,0,283,0,0
B6_D1,675,0,390,0,0
G1_D1,925,0,95,0,0
B6_D1,132,0,450,0,0
B10_D1,47,0,510,0,0
B8_D1,128,0,79,0,0
B6_D1,158,0,503,0,0
G1_D1,17,0,8,0,0
B6_D1,59,0,306,0,0
B6_D1,422,0,457,0,0
G1_D1,105,0,397,0,0
G1_D1,696,0,196,0,0
G1_D1,788,0,272,0,0
B6_D1,825,0,126,0,0
B6_D1,469,0,296,0,0
B6_D1,820,0,138,0,0
B6_D1,898,0,8,0,0
B6_D1,60,0,15,0,0
B10_D1,353,0,16,0,0
B6_D1,470,0,46,0,0
B6_D1,308,0,509,0,0
G1_D1,683,0,81,0,0
B6_D1,10,0,507,0,0
G1_D1,520,0,151,0,0
B10_D1,744,0,86,0,0
B6_D1,507,0,175,0,0
G1_D1,812,0,321,0,0
B10_D1,171,0,434,0,0
B10_D1,7,0,195,0,0
B6_D1,33,0,461,0,0
G1_D1,475,0,122,0,0
B10_D1,88,0,6,0,0
B6_D1,248,0,370,0,0
G1_D1,232,0,175,0,0
B10_D1,10,0,253,0,0
B10_D1,1022,0,464,0,0
B6_D1,498,0,18,0,0
G1_D1,14,0,358,0,0
B6_D1,108,0,18,0,0
B4_D1,715,0,101,0,0
G1_D1,514,0,87,0,0
B10_D1,22,0,128,0,0
B6_D1,448,0,59,0,0
G1_D1,504,0,7,0,0
B10_D1,140,0,94,0,0
B10_D1,526,0,474,0,0
B6_D1,46,0,265,0,0
G1_D1,707,0,314,0,0
B4_D1,503,0,432,0,0
B6_D1,679,0,301,0,0
B8_D1,14,0,270,0,0
B10_D1,769,0,110,0,0
G1_D1,89,0,99,0,0
G1_D1,65,0,369,0,0
B6_D1,996,0,36,0,0
B4_D1,693,0,188,0,0
B10_D1,127,0,422,0,0
B6_D1,782,0,105,0,0
B10_D1,12,0,66,0,0
G1_D1,873,0,70,0,0
B6_D1,428,0,1,0,0
B10_D1,150,0,244,0,0
G1_D1,807,0,10,0,0
G1_D1,785,0,247,0,0
G1_D1,177,0,384,0,0
B10_D1,607,0,348,0,0
B4_D1,232,0,170,0,0
B6_D1,244,0,305,0,0
B6_D1,816,0,99,0,0
B10_D1,667,0,42,0,0
B6_D1,310,0,14,0,0
B2_D1,941,0,510,0,0
B2_D1,610,0,288,0,0
B6_D1,129,0,110,0,0
B6_D1,352,0,14,0,0
G1_D1,446,0,11,0,0
B2_D1,699,0,508,0,0
B10_D1,334,0,86,0,0
B2_D1,938,0,456,0,0
B10_D1,318,0,178,0,0
B10_D1,89,0,196,0,0
B10_D1,817,0,205,0,0
B10_D1,103,0,53,0,0
B6_D1,930,0,164,0,0
G1_D1,225,0,44,0,0
B8_D1,56,0,242,0,0
B4_D1,864,0,19,0,0
B6_D1,574,0,412,0,0
G1_D1,44,0,134,0,0
B10_D1,110,0,329,0,0
B6_D1,176,0,276,0,0
B6_D1,186,0,400,0,0
G1_D1,329,0,33,0,0
B6_D1,844,0,200,0,0
B8_D1,1022,0,153,0,0
B6_D1,297,0,290,0,0
G1_D1,35,0,246,0,0
B6_D1,652,0,26,0,0
B10_D1,161,0,80,0,0
G1_D1,143,0,265,0,0
B6_D1,806,0,146,0,0
B10_D1,637,0,479,0,0
B10_D1,708,0,261,0,0
B6_D1,801,0,446,0,0
B10_D1,577,0,120,0,0
B10_D1,104,0,273,0,0
B6_D1,726,0,339,0,0
B6_D1,884,0,153,0,0
B10_D1,9,0,72,0,0
G1_D1,992,0,119,0,0
B2_D1,855,0,249,0,0
G1_D1,21,0,236,0,0
B10_D1,54,0,32,0,0
B6_D1,914,0,482,0,0
B10_D1,7,0,19,0,0
G1_D1,695,0,84,0,0
B6_D1,971,0,403,0,0
B6_D1,264,0,161,0,0
G1_D1,429,0,93,0,0
G1_D1,897,0,273,0,0
B10_D1,603,0,60,0,0
B6_D1,423,0,223,0,0
B6_D1,777,0,480,0,0
G1_D1,190,0,261,0,0
B6_D1,961,0,51,0,0
B10_D1,186,0,207,0,0
B10_D1,143,0,14,0,0
B4_D1,4,0,79,0,0
B6_D1,158,0,37,0,0
B10_D1,847,0,337,0,0
B6_D1,614,0,363,0,0
B10_D1,517,0,479,0,0
G1_D1,320,0,31,0,0
G1_D1,611,0,232,0,0
G1_D1,772,0,3,0,0
B6_D1,965,0,236,0,0
B6_D1,616,0,35,0,0
B2_D1,126,0,98,0,0
B6_D1,285,0,170,0,0
B6_D1,912,0,301,0,0
B10_D1,732,0,45,0,0
B4_D1,142,0,48,0,0
G1_D1,588,0,228,0,0
G1_D1,733,0,12,0,0
B8_D1,147,0,62,0,0
B10_D1,352,0,205,0,0
B6_D1,18,0,45,0,0
B10_D1,787,0,273,0,0
B8_D1,556,0,290,0,0
B10_D1,994,0,483,0,0
B6_D1,635,0,372,0,0
G1_D1,626,0,19,0,0
B6_D1,136,0,479,0,0
G1_D1,892,0,64,0,0
B6_D1,854,0,19,0,0
B6_D1,110,0,43,0,0
B10_D1,217,0,430,0,0
B6_D1,318,0,487,0,0
B10_D1,859,0,51,0,0
B10_D1,815,0,90,0,0
B6_D1,554,0,497,0,0
B6_D1,257,0,459,0,0
B4_D1,209,0,148,0,0
G1_D1,1003,0,207,0,0
B10_D1,584,0,259,0,0
B10_D1,37,0,99,0,0
G1_D1,940,0,25,0,0
B6_D1,741,0,199,0,0
G1_D1,106,0,418,0,0
B4_D1,544,0,144,0,0
B10_D1,206,0,283,0,0
B6_D1,857,0,155,0,0
B4_D1,871,0,233,0,0
G1_D1,10,0,25,0,0
B10_D1,449,0,339,0,0
B6_D1,127,0,195,0,0
B10_D1,363,0,20,0,0
B6_D1,424,0,483,0,0
B6_D1,826,0,492,0,0
B6_D1,750,0,6,0,0
G1_D1,898,0,265,0,0
B8_D1,799,0,231,0,0
G1_D1,12,0,129,0,0
B2_D1,920,0,25,0,0
B10_D1,899,0,254,0,0
B10_D1,113,0,43,0,0
G1_D1,34,0,63,0,0
G1_D1,19,0,228,0,0
B6_D1,944,0,90,0,0
B10_D1,667,0,58,0,0
B2_D1,152,0,109,0,0
B10_D1,23,0,236,0,0
B6_D1,804,0,21,0,0
G1_D1,676,0,110,0,0
B6_D1,68,0,210,0,0
B10_D1,442,0,29,0,0
B10_D1,706,0,413,0,0
B6_D1,418,0,422,0,0
B10_D1,598,0,230,0,0
G1_D1,364,0,43,0,0
B6_D1,480,0,69,0,0
G1_D1,312,0,268,0,0
B6_D1,301,0,384,0,0
B6_D1,121,0,261,0,0
B10_D1,205,0,142,0,0
G1_D1,1009,0,207,0,0
B6_D1,869,0,155,0,0
B4_D1,975,0,106,0,0
B6_D1,405,0,382,0,0
G1_D1,994,0,42,0,0
B2_D1,334,0,511,0,0
B2_D1,166,0,134,0,0
G1_D1,391,0,296,0,0
B6_D1,584,0,68,0,0
G1_D1,1004,0,274,0,0
B10_D1,805,0,66,0,0
G1_D1,1012,0,3,0,0
B4_D1,782,0,209,0,0
B6_D1,297,0,321,0,0
B6_D1,694,0,486,0,0
B6_D1,611,0,357,0,0
B6_D1,617,0,307,0,0
B2_D1,143,0,93,0,0
B10_D1,119,0,105,0,0
B6_D1,688,0,474,0,0
B2_D1,156,0,94,0,0
G1_D1,133,0,61,0,0
B6_D1,647,0,479,0,0
B10_D1,294,0,285,0,0
B6_D1,636,0,0,0,0
B6_D1,470,0,168,0,0
G1_D1,144,0,455,0,0
B10_D1,596,0,211,0,0
B2_D1,600,0,225,0,0
B6_D1,166,0,398,0,0
B6_D1,370,0,333,0,0
G1_D1,680,0,76,0,0
B10_D1,791,0,270,0,0
B6_D1,882,0,21,0,0
B10_D1,982,0,22,0,0
B6_D1,743,0,288,0,0
B10_D1,211,0,164,0,0
B4_D1,322,0,129,0,0
B10_D1,201,0,250,0,0
G1_D1,798,0,495,0,0
B10_D1,112,0,6,0,0
B6_D1,82,0,492,0,0
B6_D1,956,0,457,0,0
B6_D1,767,0,153,0,0
G1_D1,1001,0,149,0,0
G1_D1,29,0,226,0,0
B2_D1,170,0,3,0,0
G1_D1,88,0,511,0,0
G1_D1,896,0,5,0,0
G1_D1,100,0,170,0,0
B10_D1,323,0,65,0,0
B4_D1,697,0,47,0,0
B10_D1,296,0,406,0,0
B6_D1,647,0,59,0,0
B6_D1,513,0,151,0,0
B6_D1,80,0,40,0,0
B2_D1,836,0,28,0,0
G1_D1,139,0,6,0,0
B6_D1,966,0,211,0,0
B2_D1,396,0,492,0,0
B2_D1,697,0,34,0,0
G1_D1,1014,0,185,0,0
B6_D1,12,0,502,0,0
B10_D1,991,0,499,0,0
B8_D1,642,0,242,0,0
B10_D1,672,0,168,0,0
B10_D1,628,0,50,0,0
B6_D1,22,0,231,0,0
B10_D1,320,0,337,0,0
B6_D1,740,0,446,0,0
B6_D1,46,0,17,0,0
B6_D1,2,0,37,0,0
G1_D1,180,0,503,0,0
G1_D1,369,0,21,0,0
B10_D1,144,0,204,0,0
B10_D1,14,0,263,0,0
G1_D1,376,0,9,0,0
B6_D1,884,0,265,0,0
B10_D1,325,0,236,0,0
B6_D1,610,0,376,0,0
B6_D1,136,0,35,0,0
B4_D1,101,0,62,0,0
B6_D1,76,0,427,0,0
B6_D1,238,0,478,0,0
G1_D1,322,0,27,0,0
B6_D1,944,0,281,0,0
B6_D1,167,0,131,0,0
B6_D1,744,0,487,0,0
B10_D1,799,0,3,0,0
B4_D1,967,0,219,0,0
B6_D1,171,0,451,0,0
B10_D1,551,0,163,0,0
B4_D1,58,0,2,0,0
B10_D1,102,0,132,0,0
B2_D1,120,0,110,0,0
B6_D1,396,0,6,0,0
B4_D1,5,0,85,0,0
G1_D1,138,0,206,0,0
B6_D1,915,0,61,0,0
G1_D1,403,0,16,0,0
B4_D1,110,0,315,0,0
B6_D1,610,0,8,0,0
B6_D1,430,0,57,0,0
G1_D1,543,0,10,0,0
B2_D1,464,0,35,0,0
B10_D1,810,0,59,0,0
G1_D1,427,0,130,0,0
G1_D1,757,0,46,0,0
B6_D1,817,0,102,0,0
B10_D1,708,0,450,0,0
B10_D1,338,0,134,0,0
B6_D1,443,0,386,0,0
G1_D1,1005,0,107,0,0
G1_D1,952,0,294,0,0
B10_D1,955,0,266,0,0
B6_D1,816,0,395,0,0
G1_D1,875,0,271,0,0
B4_D1,692,0,68,0,0
B6_D1,141,0,326,0,0
B10_D1,765,0,485,0,0
B10_D1,454,0,138,0,0
G1_D1,5,0,474,0,0
B10_D1,496,0,86,0,0
B6_D1,614,0,205,0,0
B6_D1,238,0,79,0,0
B6_D1,490,0,47,0,0
G1_D1,47,0,153,0,0
B4_D1,572,0,243,0,0
B10_D1,635,0,112,0,0
B2_D1,430,0,128,0,0
B6_D1,771,0,480,0,0
B6_D1,229,0,82,0,0
B6_D1,20,0,290,0,0
B4_D1,1004,0,235,0,0
G1_D1,589,0,12,0,0
B10_D1,511,0,59,0,0
B6_D1,536,0,209,0,0
G1_D1,850,0,295,0,0
G1_D1,75,0,141,0,0
B6_D1,640,0,382,0,0
G1_D1,935,0,460,0,0
B6_D1,1013,0,412,0,0
B6_D1,893,0,429,0,0
B10_D1,537,0,92,0,0
B10_D1,222,0,330,0,0
B6_D1,960,0,437,0,0
B6_D1,189,0,474,0,0
G1_D1,1013,0,149,0,0
B8_D1,126,0,332,0,0
B6_D1,472,0,510,0,0
B6_D1,583,0,408,0,0
B10_D1,15,0,321,0,0
B6_D1,239,0,386,0,0
B10_D1,279,0,320,0,0
B2_D1,867,0,51,0,0
G1_D1,411,0,480,0,0
G1_D1,1011,0,182,0,0
B10_D1,326,0,125,0,0
B6_D1,786,0,274,0,0
G1_D1,734,0,99,0,0
B6_D1,622,0,278,0,0
B6_D1,266,0,491,0,0
G1_D1,143,0,221,0,0
B10_D1,692,0,115,0,0
B2_D1,952,0,252,0,0
B4_D1,925,0,89,0,0
B4_D1,941,0,60,0,0
G1_D1,627,0,471,0,0
B10_D1,771,0,53,0,0
B10_D1,472,0,6,0,0
B4_D1,892,0,239,0,0
B6_D1,947,0,216,0,0
B6_D1,600,0,227,0,0
G1_D1,921,0,4,0,0
G1_D1,61,0,87,0,0
B6_D1,540,0,21,0,0
B4_D1,266,0,28,0,0
B8_D1,78,0,277,0,0
B6_D1,790,0,67,0,0
B2_D1,757,0,68,0,0
B6_D1,725,0,353,0,0
B6_D1,700,0,23,0,0
B10_D1,666,0,389,0,0
G1_D1,50,0,138,0,0
B10_D1,55,0,25,0,0
G1_D1,721,0,472,0,0
B4_D1,631,0,25,0,0
B6_D1,50,0,104,0,0
B6_D1,664,0,486,0,0
B10_D1,426,0,140,0,0
B4_D1,109,0,323,0,0
B4_D1,608,0,48,0,0
G1_D1,846,0,218,0,0
B10_D1,820,0,176,0,0
B4_D1,708,0,39,0,0
B10_D1,420,0,23,0,0
B6_D1,694,0,459,0,0
G1_D1,549,0,464,0,0
B6_D1,86,0,25,0,0
B6_D1,818,0,4,0,0
G1_D1,786,0,222,0,0
B6_D1,325,0,384,0,0
B6_D1,1022,0,475,0,0
B8_D1,15,0,261,0,0
B10_D1,217,0,254,0,0
B10_D1,362,0,136,0,0
G1_D1,322,0,9,0,0
B6_D1,281,0,141,0,0
B4_D1,6,0,125,0,0
B10_D1,248,0,353,0,0
B10_D1,235,0,289,0,0
B6_D1,400,0,298,0,0
B10_D1,210,0,331,0,0
B10_D1,928,0,258,0,0
B10_D1,137,0,175,0,0
B6_D1,780,0,303,0,0
B10_D1,158,0,508,0,0
B10_D1,714,0,263,0,0
B6_D1,12,0,306,0,0
B6_D1,967,0,129,0,0
B10_D1,117,0,201,0,0
B10_D1,611,0,356,0,0
B10_D1,827,0,325,0,0
B10_D1,199,0,212,0,0
B10_D1,145,0,91,0,0
B2_D1,87,0,35,0,0
G1_D1,544,0,93,0,0
B6_D1,998,0,488,0,0
B6_D1,227,0,274,0,0
G1_D1,810,0,51,0,0
B6_D1,476,0,416,0,0
B10_D1,532,0,165,0,0
B10_D1,278,0,202,0,0
G1_D1,851,0,392,0,0
B10_D1,434,0,75,0,0
B6_D1,78,0,499,0,0
G1_D1,656,0,202,0,0
B10_D1,745,0,417,0,0
B6_D1,780,0,394,0,0
B6_D1,693,0,343,0,0
B10_D1,463,0,3,0,0
G1_D1,873,0,36,0,0
B6_D1,25,0,192,0,0
B2_D1,264,0,486,0,0
G1_D1,439,0,144,0,0
G1_D1,484,0,43,0,0
B6_D1,324,0,189,0,0
B6_D1,21,0,426,0,0
G1_D1,833,0,269,0,0
B10_D1,136,0,447,0,0
B6_D1,92,0,280,0,0
G1_D1,657,0,361,0,0
B6_D1,238,0,32,0,0
B6_D1,509,0,325,0,0
G1_D1,592,0,457,0,0
G1_D1,54,0,0,0,0
B10_D1,1018,0,209,0,0
B10_D1,714,0,81,0,0
G1_D1,389,0,230,0,0
B6_D1,475,0,188,0,0
B6_D1,166,0,408,0,0
B10_D1,21,0,394,0,0
B4_D1,257,0,331,0,0
G1_D1,7,0,352,0,0
B4_D1,5,0,366,0,0
B2_D1,272,0,198,0,0
G1_D1,310,0,30,0,0
B6_D1,829,0,131,0,0
B10_D1,950,0,77,0,0
B10_D1,961,0,266,0,0
B6_D1,685,0,300,0,0
B6_D1,160,0,134,0,0
B10_D1,645,0,494,0,0
G1_D1,55,0,88,0,0
B10_D1,216,0,238,0,0
B10_D1,775,0,3,0,0
B6_D1,537,0,317,0,0
B6_D1,179,0,387,0,0
G1_D1,18,0,42,0,0
B6_D1,172,0,78,0,0
B10_D1,485,0,408,0,0
B6_D1,625,0,213,0,0
B6_D1,110,0,370,0,0
B6_D1,905,0,388,0,0
B10_D1,59,0,12,0,0
B10_D1,455,0,62,0,0
B10_D1,465,0,108,0,0
B10_D1,285,0,321,0,0
G1_D1,52,0,26,0,0
B6_D1,116,0,259,0,0
B10_D1,60,0,152,0,0
G1_D1,358,0,511,0,0
B10_D1,928,0,72,0,0
G1_D1,985,0,59,0,0
B2_D1,2,0,172,0,0
B6_D1,703,0,398,0,0
G1_D1,342,0,0,0,0
B10_D1,433,0,101,0,0
G1_D1,558,0,13,0,0
B10_D1,477,0,334,0,0
B10_D1,1020,0,104,0,0
G1_D1,545,0,33,0,0
B10_D1,373,0,3,0,0
B6_D1,117,0,404,0,0
B6_D1,352,0,96,0,0
G1_D1,1017,0,399,0,0
B4_D1,242,0,134,0,0
B6_D1,334,0,504,0,0
B10_D1,595,0,214,0,0
B6_D1,574,0,331,0,0
G1_D1,66,0,64,0,0
B10_D1,371,0,10,0,0
B6_D1,964,0,14,0,0
B4_D1,190,0,205,0,0
G1_D1,20,0,52,0,0
B10_D1,18,0,396,0,0
B10_D1,152,0,241,0,0
B10_D1,686,0,297,0,0
B6_D1,338,0,230,0,0
G1_D1,370,0,301,0,0
B10_D1,597,0,278,0,0
G1_D1,101,0,50,0,0
G1_D1,250,0,47,0,0
B10_D1,332,0,84,0,0
B6_D1,678,0,18,0,0
B10_D1,158,0,183,0,0
G1_D1,84,0,20,0,0
B4_D1,762,0,227,0,0
B10_D1,437,0,511,0,0
B6_D1,116,0,28,0,0
B8_D1,691,0,249,0,0
G1_D1,820,0,127,0,0
B10_D1,449,0,195,0,0
B10_D1,495,0,65,0,0
B6_D1,898,0,166,0,0
B6_D1,116,0,313,0,0
B10_D1,64,0,153,0,0
B10_D1,941,0,106,0,0
B10_D1,334,0,189,0,0
B6_D1,227,0,320,0,0
B4_D1,10,0,289,0,0
B6_D1,692,0,494,0,0
B10_D1,732,0,456,0,0
B10_D1,13,0,295,0,0
B2_D1,36,0,170,0,0
B6_D1,128,0,494,0,0
B4_D1,959,0,291,0,0
G1_D1,947,0,8,0,0
G1_D1,935,0,46,0,0
B10_D1,883,0,241,0,0
B10_D1,607,0,346,0,0
B6_D1,679,0,80,0,0
B6_D1,572,0,344,0,0
B6_D1,559,0,313,0,0
B6_D1,896,0,320,0,0
G1_D1,602,0,11,0,0
B10_D1,185,0,56,0,0
B10_D1,170,0,508,0,0
B10_D1,725,0,431,0,0
G1_D1,789,0,161,0,0
B6_D1,437,0,235,0,0
B6_D1,960,0,505,0,0
B4_D1,771,0,58,0,0
B8_D1,440,0,198,0,0
G1_D1,16,0,403,0,0
B6_D1,347,0,415,0,0
B10_D1,44,0,49,0,0
B4_D1,1023,0,226,0,0
B6_D1,617,0,448,0,0
B10_D1,177,0,119,0,0
B6_D1,551,0,160,0,0
B2_D1,216,0,301,0,0
G1_D1,642,0,137,0,0
B10_D1,903,0,314,0,0
B10_D1,17,0,100,0,0
B6_D1,186,0,177,0,0
G1_D1,474,0,232,0,0
B8_D1,218,0,344,0,0
B10_D1,458,0,273,0,0
B10_D1,963,0,470,0,0
B6_D1,503,0,407,0,0
B4_D1,659,0,23,0,0
B2_D1,748,0,29,0,0
B10_D1,256,0,146,0,0
B6_D1,353,0,172,0,0
G1_D1,580,0,140,0,0
B10_D1,27,0,328,0,0
B6_D1,6,0,270,0,0
G1_D1,811,0,84,0,0
B10_D1,36,0,153,0,0
G1_D1,455,0,8,0,0
B2_D1,40,0,28,0,0
B6_D1,656,0,183,0,0
B2_D1,782,0,51,0,0
B10_D1,798,0,216,0,0
G1_D1,961,0,26,0,0
B6_D1,715,0,201,0,0
B10_D1,155,0,32,0,0
G1_D1,319,0,33,0,0
B10_D1,284,0,206,0,0
B10_D1,698,0,6,0,0
G1_D1,184,0,51,0,0
B6_D1,444,0,490,0,0
B2_D1,968,0,5,0,0
B10_D1,853,0,32,0,0
B10_D1,301,0,118,0,0
G1_D1,537,0,188,0,0
B6_D1,78,0,400,0,0
B10_D1,58,0,265,0,0
G1_D1,734,0,1,0,0
B6_D1,679,0,417,0,0
B10_D1,287,0,204,0,0
G1_D1,922,0,249,0,0
B6_D1,974,0,302,0,0
B10_D1,979,0,48,0,0
B4_D1,865,0,37,0,0
B6_D1,214,0,38,0,0
B4_D1,772,0,50,0,0
B6_D1,262,0,54,0,0
B2_D1,906,0,23,0,0
B10_D1,612,0,222,0,0
G1_D1,115,0,502,0,0
B10_D1,1,0,390,0,0
B2_D1,470,0,167,0,0
B6_D1,637,0,276,0,0
G1_D1,73,0,19,0,0
B10_D1,940,0,407,0,0
B6_D1,810,0,30,0,0
G1_D1,1018,0,9,0,0
B4_D1,234,0,50,0,0
B10_D1,806,0,81,0,0
B10_D1,547,0,317,0,0
B10_D1,653,0,50,0,0
B6_D1,798,0,42,0,0
B4_D1,68,0,5,0,0
B10_D1,464,0,471,0,0
B6_D1,556,0,510,0,0
B6_D1,881,0,243,0,0
B4_D1,1022,0,222,0,0
B6_D1,333,0,188,0,0
B8_D1,477,0,200,0,0
B6_D1,34,0,295,0,0
B4_D1,374,0,225,0,0
B6_D1,156,0,413,0,0
B10_D1,691,0,483,0,0
B6_D1,8,0,28,0,0
G1_D1,10,0,208,0,0
G1_D1,711,0,4,0,0
G1_D1,882,0,135,0,0
B4_D1,505,0,147,0,0
G1_D1,723,0,456,0,0
G1_D1,722,0,123,0,0
B6_D1,154,0,507,0,0
B10_D1,344,0,216,0,0
G1_D1,990,0,13,0,0
B6_D1,201,0,450,0,0
G1_D1,385,0,192,0,0
B10_D1,814,0,411,0,0
B6_D1,798,0,508,0,0
B6_D1,50,0,506,0,0
B6_D1,576,0,386,0,0
G1_D1,621,0,359,0,0
B10_D1,418,0,237,0,0
B10_D1,564,0,248,0,0
B4_D1,213,0,237,0,0
G1_D1,904,0,253,0,0
B6_D1,606,0,430,0,0
B2_D1,979,0,123,0,0
B10_D1,678,0,509,0,0
B6_D1,136,0,111,0,0
B10_D1,441,0,507,0,0
G1_D1,567,0,245,0,0
G1_D1,289,0,102,0,0
B10_D1,518,0,87,0,0
G1_D1,712,0,18,0,0
B6_D1,86,0,37,0,0
B6_D1,438,0,508,0,0
B10_D1,132,0,505,0,0
B10_D1,505,0,72,0,0
B6_D1,545,0,388,0,0
B4_D1,0,0,269,0,0
B10_D1,772,0,31,0,0
B6_D1,774,0,0,0,0
B6_D1,888,0,186,0,0
B10_D1,395,0,272,0,0
B6_D1,386,0,16,0,0
B6_D1,512,0,43,0,0
B10_D1,256,0,269,0,0
B2_D1,329,0,54,0,0
B10_D1,408,0,102,0,0
B6_D1,433,0,360,0,0
B6_D1,1014,0,42,0,0
B10_D1,236,0,230,0,0
B10_D1,73,0,300,0,0
B6_D1,512,0,19,0,0
B10_D1,208,0,144,0,0
B10_D1,679,0,26,0,0
B10_D1,137,0,105,0,0
B6_D1,228,0,6,0,0
B6_D1,504,0,165,0,0
G1_D1,958,0,3,0,0
B10_D1,273,0,459,0,0
G1_D1,815,0,269,0,0
B6_D1,356,0,155,0,0
B10_D1,976,0,78,0,0
B10_D1,404,0,261,0,0
B6_D1,29,0,204,0,0
G1_D1,879,0,54,0,0
B10_D1,155,0,108,0,0
B10_D1,849,0,288,0,0
G1_D1,98,0,421,0,0
B10_D1,621,0,413,0,0
B2_D1,212,0,129,0,0
B6_D1,498,0,292,0,0
G1_D1,997,0,201,0,0
B6_D1,932,0,54,0,0
G1_D1,728,0,247,0,0
G1_D1,269,0,256,0,0
G1_D1,106,0,98,0,0
B10_D1,772,0,76,0,0
B6_D1,132,0,85,0,0
B10_D1,243,0,245,0,0
B10_D1,359,0,268,0,0
B6_D1,968,0,399,0,0
B10_D1,461,0,243,0,0
B6_D1,711,0,480,0,0
B10_D1,269,0,15,0,0
B10_D1,825,0,419,0,0
G1_D1,28,0,368,0,0
B6_D1,936,0,249,0,0
B10_D1,58,0,116,0,0
B6_D1,110,0,161,0,0
B10_D1,463,0,466,0,0
G1_D1,529,0,12,0,0
B6_D1,390,0,18,0,0
B10_D1,961,0,275,0,0
G1_D1,393,0,368,0,0
B4_D1,594,0,220,0,0
B2_D1,876,0,48,0,0
G1_D1,717,0,310,0,0
B4_D1,727,0,274,0,0
B4_D1,249,0,133,0,0
B10_D1,126,0,134,0,0
B6_D1,451,0,190,0,0
B10_D1,917,0,219,0,0
B4_D1,121,0,37,0,0
B10_D1,824,0,269,0,0
B2_D1,777,0,63,0,0
B6_D1,444,0,3,0,0
B10_D1,475,0,256,0,0
B10_D1,287,0,437,0,0
B10_D1,361,0,161,0,0
B6_D1,590,0,360,0,0
B10_D1,140,0,508,0,0
B2_D1,0,0,491,0,0
B4_D1,732,0,29,0,0
G1_D1,24,0,314,0,0
B2_D1,114,0,44,0,0
B10_D1,834,0,13,0,0
G1_D1,787,0,64,0,0
B10_D1,23,0,175,0,0
B6_D1,109,0,452,0,0
B6_D1,406,0,249,0,0
B10_D1,0,0,278,0,0
B6_D1,988,0,216,0,0
B6_D1,862,0,23,0,0
G1_D1,91,0,87,0,0
B6_D1,933,0,395,0,0
B6_D1,826,0,5,0,0
B6_D1,618,0,36,0,0
G1_D1,401,0,2,0,0
B10_D1,317,0,52,0,0
B10_D1,369,0,66,0,0
B10_D1,96,0,92,0,0
G1_D1,939,0,236,0,0
G1_D1,716,0,1,0,0
B6_D1,118,0,478,0,0
G1_D1,704,0,117,0,0
G1_D1,84,0,145,0,0
G1_D1,492,0,316,0,0
B6_D1,69,0,310,0,0
B6_D1,552,0,496,0,0
B10_D1,766,0,252,0,0
B2_D1,851,0,197,0,0
B6_D1,167,0,77,0,0
B6_D1,692,0,68,0,0
B6_D1,114,0,401,0,0
B6_D1,3,0,217,0,0
B2_D1,651,0,461,0,0
B6_D1,699,0,150,0,0
B10_D1,290,0,183,0,0
B6_D1,909,0,60,0,0
B10_D1,161,0,83,0,0
B4_D1,136,0,283,0,0
B2_D1,658,0,502,0,0
B6_D1,154,0,342,0,0
B10_D1,653,0,454,0,0
B6_D1,628,0,430,0,0
B10_D1,259,0,422,0,0
B6_D1,982,0,224,0,0
B6_D1,336,0,45,0,0
G1_D1,161,0,110,0,0
B10_D1,864,0,86,0,0
G1_D1,472,0,116,0,0
B6_D1,493,0,246,0,0
B6_D1,612,0,430,0,0
G1_D1,822,0,7,0,0
B10_D1,769,0,107,0,0
G1_D1,461,0,14,0,0
G1_D1,937,0,12,0,0
B10_D1,735,0,462,0,0
B6_D1,697,0,417,0,0
B6_D1,706,0,17,0,0
B10_D1,774,0,105,0,0
B10_D1,700,0,443,0,0
B2_D1,415,0,170,0,0
B6_D1,733,0,333,0,0
B6_D1,902,0,1,0,0
G1_D1,1,0,499,0,0
B2_D1,461,0,217,0,0
B10_D1,58,0,113,0,0
G1_D1,53,0,14,0,0
B10_D1,730,0,162,0,0
B6_D1,1,0,341,0,0
B6_D1,704,0,37,0,0
G1_D1,345,0,17,0,0
B4_D1,11,0,50,0,0
B6_D1,318,0,239,0,0
B10_D1,174,0,242,0,0
G1_D1,628,0,17,0,0
B6_D1,863,0,139,0,0
B10_D1,97,0,168,0,0
B10_D1,508,0,95,0,0
B6_D1,670,0,44,0,0
B6_D1,196,0,483,0,0
B2_D1,421,0,7,0,0
B10_D1,783,0,59,0,0
B6_D1,730,0,107,0,0
B10_D1,44,0,9,0,0
B10_D1,23,0,26,0,0
G1_D1,800,0,264,0,0
B6_D1,728,0,509,0,0
B4_D1,873,0,15,0,0
B10_D1,1,0,509,0,0
B10_D1,384,0,68,0,0
B6_D1,779,0,152,0,0
B10_D1,1021,0,3,0,0
B6_D1,189,0,106,0,0
G1_D1,34,0,55,0,0
B6_D1,560,0,272,0,0
B10_D1,432,0,271,0,0
G1_D1,621,0,475,0,0
G1_D1,47,0,28,0,0
B10_D1,794,0,251,0,0
G1_D1,649,0,6,0,0
G1_D1,86,0,274,0,0
B10_D1,935,0,236,0,0
B6_D1,715,0,398,0,0
B10_D1,757,0,417,0,0
B6_D1,262,0,44,0,0
B2_D1,515,0,484,0,0
G1_D1,751,0,68,0,0
B2_D1,792,0,361,0,0
G1_D1,995,0,80,0,0
B10_D1,998,0,493,0,0
B10_D1,723,0,254,0,0
G1_D1,574,0,9,0,0
B6_D1,314,0,506,0,0
B4_D1,659,0,43,0,0
B2_D1,182,0,470,0,0
B6_D1,341,0,50,0,0
B8_D1,176,0,49,0,0
B2_D1,163,0,252,0,0
G1_D1,994,0,178,0,0
B2_D1,423,0,477,0,0
B10_D1,161,0,511,0,0
B10_D1,593,0,108,0,0
B10_D1,1003,0,35,0,0
B10_D1,440,0,232,0,0
G1_D1,567,0,4,0,0
B10_D1,345,0,1,0,0
G1_D1,40,0,208,0,0
B10_D1,323,0,98,0,0
B6_D1,632,0,482,0,0
B6_D1,204,0,354,0,0
B10_D1,463,0,32,0,0
B6_D1,104,0,31,0,0
B10_D1,757,0,60,0,0
B6_D1,10,0,345,0,0
G1_D1,346,0,42,0,0
B10_D1,429,0,201,0,0
B10_D1,526,0,211,0,0
B10_D1,866,0,371,0,0
B10_D1,189,0,286,0,0
B4_D1,0,0,76,0,0
B6_D1,498,0,165,0,0
B4_D1,1007,0,14,0,0
B4_D1,9,0,52,0,0
B6_D1,42,0,493,0,0
B10_D1,356,0,486,0,0
B10_D1,165,0,229,0,0
G1_D1,19,0,276,0,0
B6_D1,944,0,391,0,0
B10_D1,1013,0,157,0,0
G1_D1,741,0,196,0,0
B6_D1,693,0,279,0,0
B6_D1,116,0,139,0,0
B2_D1,696,0,26,0,0
B6_D1,264,0,36,0,0
B2_D1,928,0,404,0,0
G1_D1,453,0,23,0,0
B6_D1,996,0,394,0,0
B10_D1,284,0,22,0,0
B8_D1,74,0,511,0,0
B6_D1,677,0,309,0,0
B6_D1,112,0,455,0,0
B10_D1,229,0,315,0,0
B6_D1,7,0,314,0,0
B6_D1,368,0,16,0,0
B10_D1,365,0,31,0,0
B6_D1,952,0,53,0,0
B10_D1,678,0,175,0,0
B4_D1,560,0,392,0,0
B6_D1,55,0,405,0,0
B6_D1,47,0,476,0,0
B6_D1,965,0,401,0,0
B6_D1,718,0,107,0,0
B6_D1,79,0,444,0,0
B2_D1,910,0,40,0,0
B2_D1,838,0,124,0,0
G1_D1,19,0,225,0,0
B4_D1,641,0,291,0,0
B6_D1,238,0,66,0,0
B6_D1,344,0,1,0,0
B6_D1,309,0,480,0,0
B6_D1,108,0,132,0,0
B10_D1,7,0,309,0,0
B10_D1,788,0,57,0,0
B6_D1,814,0,107,0,0
G1_D1,682,0,201,0,0
G1_D1,768,0,91,0,0
B2_D1,819,0,41,0,0
B6_D1,766,0,26,0,0
G1_D1,430,0,240,0,0
B6_D1,108,0,141,0,0
G1_D1,175,0,112,0,0
B6_D1,609,0,235,0,0
B2_D1,766,0,76,0,0
B6_D1,742,0,8,0,0
B10_D1,174,0,431,0,0
G1_D1,31,0,16,0,0
B10_D1,311,0,217,0,0
B10_D1,744,0,264,0,0
B2_D1,192,0,141,0,0
B6_D1,108,0,143,0,0
B2_D1,121,0,31,0,0
B10_D1,589,0,346,0,0
B10_D1,396,0,483,0,0
B10_D1,385,0,243,0,0
B6_D1,106,0,140,0,0
B4_D1,0,0,282,0,0
B10_D1,94,0,121,0,0
B6_D1,281,0,163,0,0
G1_D1,190,0,259,0,0
G1_D1,295,0,122,0,0
G1_D1,711,0,256,0,0
B6_D1,850,0,396,0,0
G1_D1,805,0,16,0,0
B4_D1,108,0,81,0,0
B2_D1,649,0,167,0,0
B4_D1,94,0,278,0,0
G1_D1,679,0,273,0,0
B6_D1,880,0,483,0,0
B6_D1,590,0,46,0,0
B10_D1,103,0,468,0,0
B6_D1,78,0,315,0,0
B4_D1,699,0,305,0,0
B10_D1,705,0,477,0,0
B10_D1,840,0,330,0,0
G1_D1,371,0,408,0,0
B6_D1,123,0,326,0,0
B6_D1,247,0,66,0,0
B4_D1,881,0,19,0,0
B6_D1,224,0,491,0,0
B6_D1,72,0,89,0,0
B4_D1,818,0,58,0,0
B10_D1,72,0,453,0,0
B4_D1,78,0,159,0,0
B10_D1,711,0,1,0,0
B6_D1,458,0,387,0,0
B6_D1,920,0,488,0,0
B10_D1,145,0,74,0,0
B10_D1,463,0,494,0,0
G1_D1,108,0,168,0,0
G1_D1,460,0,362,0,0
B6_D1,924,0,437,0,0
G1_D1,4,0,458,0,0
G1_D1,330,0,412,0,0
B6_D1,316,0,230,0,0
B4_D1,968,0,231,0,0
B10_D1,654,0,16,0,0
B4_D1,943,0,248,0,0
G1_D1,15,0,357,0,0
B6_D1,886,0,35,0,0
B10_D1,434,0,323,0,0
B6_D1,221,0,477,0,0
B6_D1,749,0,268,0,0
B6_D1,851,0,189,0,0
B10_D1,561,0,119,0,0
B6_D1,0,0,493,0,0
B4_D1,33,0,11,0,0
B6_D1,882,0,194,0,0
B10_D1,737,0,4,0,0
B6_D1,266,0,485,0,0
B10_D1,329,0,133,0,0
B2_D1,628,0,363,0,0
G1_D1,988,0,43,0,0
B6_D1,742,0,486,0,0
G1_D1,56,0,400,0,0
B10_D1,452,0,487,0,0
G1_D1,180,0,159,0,0
G1_D1,980,0,89,0,0
B6_D1,399,0,218,0,0
G1_D1,44,0,197,0,0
G1_D1,312,0,386,0,0
G1_D1,974,0,1,0,0
B10_D1,769,0,247,0,0
B10_D1,99,0,170,0,0
G1_D1,531,0,191,0,0
G1_D1,353,0,228,0,0
B6_D1,973,0,309,0,0
B6_D1,614,0,427,0,0
B2_D1,940,0,151,0,0
B6_D1,336,0,12,0,0
B8_D1,587,0,201,0,0
B6_D1,230,0,34,0,0
B6_D1,345,0,153,0,0
B10_D1,165,0,427,0,0
G1_D1,312,0,7,0,0
B6_D1,508,0,450,0,1
B10_D1,566,0,287,0,0
B6_D1,182,0,1,0,0
B4_D1,443,0,16,0,0
B2_D1,960,0,238,0,0
B6_D1,208,0,291,0,0
B4_D1,159,0,163,0,0
B6_D1,962,0,458,0,0
B10_D1,605,0,42,0,0
G1_D1,951,0,157,0,0
G1_D1,256,0,398,0,0
B6_D1,600,0,66,0,0
G1_D1,856,0,295,0,0
G1_D1,104,0,291,0,0
B2_D1,482,0,126,0,0
G1_D1,757,0,72,0,0
B10_D1,446,0,289,0,0
G1_D1,365,0,14,0,0
G1_D1,994,0,97,0,0
B4_D1,473,0,200,0,0
G1_D1,8,0,102,0,0
G1_D1,211,0,342,0,0
B6_D1,658,0,440,0,0
G1_D1,941,0,8,0,0
B6_D1,119,0,451,0,0
B6_D1,488,0,43,0,0
B2_D1,385,0,206,0,0
G1_D1,722,0,76,0,0
B2_D1,464,0,126,0,0
B10_D1,756,0,86,0,0
B6_D1,825,0,254,0,0
B6_D1,310,0,358,0,0
B6_D1,635,0,333,0,0
B6_D1,752,0,488,0,0
B10_D1,514,0,78,0,0
B10_D1,596,0,275,0,0
B6_D1,250,0,32,0,0
B10_D1,14,0,207,0,0
B10_D1,771,0,232,0,0
B10_D1,569,0,216,0,0
G1_D1,423,0,24,0,0
B6_D1,160,0,169,0,0
B2_D1,354,0,289,0,0
B4_D1,1,0,456,0,0
B6_D1,101,0,357,0,0
G1_D1,138,0,98,0,0
B6_D1,96,0,487,0,0
G1_D1,782,0,268,0,0
B6_D1,753,0,315,0,0
B6_D1,176,0,332,0,0
B6_D1,638,0,28,0,0
B6_D1,129,0,90,0,0
B6_D1,155,0,192,0,0
B6_D1,47,0,418,0,0
B6_D1,377,0,383,0,0
B10_D1,396,0,164,0,0
B6_D1,106,0,465,0,0
B6_D1,1,0,240,0,0
G1_D1,46,0,169,0,0
B10_D1,71,0,90,0,0
G1_D1,484,0,309,0,0
B4_D1,317,0,300,0,0
B10_D1,553,0,306,0,0
B4_D1,16,0,20,0,0
B10_D1,397,0,236,0,0
B10_D1,869,0,511,0,0
B10_D1,588,0,201,0,0
B10_D1,763,0,273,0,0
B6_D1,841,0,259,0,0
B6_D1,260,0,192,0,0
B10_D1,689,0,273,0,0
B6_D1,322,0,11,0,0
G1_D1,487,0,6,0,0
B6_D1,972,0,0,0,0
B10_D1,601,0,501,0,0
B10_D1,518,0,245,0,0
B10_D1,496,0,25,0,0
B10_D1,145,0,110,0,0
B10_D1,897,0,52,0,0
G1_D1,529,0,94,0,0
B10_D1,68,0,207,0,0
B8_D1,311,0,185,0,0
B10_D1,305,0,200,0,0
B10_D1,216,0,130,0,0
B10_D1,79,0,266,0,0
B4_D1,0,0,243,0,0
B2_D1,795,0,37,0,0
B10_D1,963,0,44,0,0
G1_D1,58,0,9,0,0
B6_D1,76,0,510,0,0
G1_D1,1011,0,263,0,0
B6_D1,371,0,172,0,0
B4_D1,874,0,60,0,0
G1_D1,57,0,164,0,0
B10_D1,131,0,99,0,0
B6_D1,958,0,26,0,0
B10_D1,428,0,380,0,0
B6_D1,681,0,198,0,0
B10_D1,332,0,240,0,0
B10_D1,322,0,307,0,0
G1_D1,242,0,54,0,0
G1_D1,39,0,118,0,0
B10_D1,213,0,234,0,0
B10_D1,936,0,371,0,0
B6_D1,336,0,484,0,0
B6_D1,396,0,502,0,0
B10_D1,248,0,275,0,0
B2_D1,963,0,247,0,0
B4_D1,1,0,200,0,0
B6_D1,1006,0,504,0,0
B10_D1,986,0,216,0,0
G1_D1,382,0,369,0,0
B6_D1,1016,0,37,0,0
G1_D1,461,0,105,0,0
B4_D1,893,0,18,0,0
B10_D1,443,0,276,0,0
G1_D1,878,0,140,0,0
B6_D1,35,0,98,0,0
B10_D1,7,0,301,0,0
B2_D1,338,0,491,0,0
B6_D1,320,0,22,0,0
B2_D1,252,0,397,0,0
B6_D1,527,0,443,0,1
B8_D1,655,0,306,0,0
B6_D1,865,0,134,0,0
B10_D1,31,0,245,0,0
B6_D1,665,0,63,0,0
G1_D1,398,0,480,0,0
B6_D1,20,0,261,0,0
B6_D1,884,0,497,0,0
G1_D1,892,0,71,0,0
B10_D1,229,0,255,0,0
B4_D1,675,0,55,0,0
B10_D1,762,0,292,0,0
B8_D1,544,0,290,0,0
B6_D1,879,0,147,0,0
B2_D1,278,0,501,0,0
B6_D1,424,0,41,0,0
G1_D1,693,0,52,0,0
G1_D1,986,0,511,0,0
B4_D1,96,0,1,0,0
B2_D1,475,0,488,0,0
B2_D1,645,0,462,0,0
B6_D1,196,0,11,0,0
B6_D1,370,0,38,0,0
G1_D1,322,0,414,0,0
B10_D1,766,0,165,0,0
B10_D1,635,0,369,0,0
B6_D1,590,0,393,0,0
G1_D1,283,0,265,0,0
B4_D1,748,0,105,0,0
B10_D1,362,0,221,0,0
B6_D1,972,0,21,0,0
B6_D1,535,0,379,0,0
B10_D1,221,0,237,0,0
B6_D1,761,0,153,0,0
B10_D1,443,0,155,0,0
B10_D1,560,0,484,0,0
B6_D1,609,0,285,0,0
G1_D1,257,0,279,0,0
G1_D1,30,0,64,0,0
B10_D1,49,0,153,0,0
B6_D1,886,0,268,0,0
B10_D1,794,0,448,0,0
G1_D1,847,0,211,0,0
G1_D1,654,0,241,0,0
B10_D1,59,0,510,0,0
B2_D1,777,0,28,0,0
B2_D1,847,0,369,0,0
B10_D1,445,0,91,0,0
B6_D1,91,0,103,0,0
B6_D1,548,0,25,0,0
B6_D1,451,0,352,0,0
B4_D1,742,0,211,0,0
B6_D1,142,0,26,0,0
B10_D1,147,0,258,0,0
B2_D1,0,0,50,0,0
B6_D1,818,0,10,0,0
B2_D1,402,0,487,0,0
B6_D1,596,0,16,0,0
B2_D1,612,0,46,0,0
B10_D1,691,0,476,0,0
B10_D1,518,0,189,0,0
G1_D1,35,0,220,0,0
B4_D1,606,0,181,0,0
B6_D1,887,0,141,0,0
B10_D1,772,0,329,0,0
G1_D1,918,0,109,0,0
B6_D1,1008,0,71,0,0
B10_D1,317,0,31,0,0
B2_D1,872,0,379,0,0
B6_D1,405,0,287,0,0
B10_D1,100,0,330,0,0
B6_D1,202,0,35,0,0
B10_D1,960,0,151,0,0
B10_D1,815,0,12,0,0
B10_D1,236,0,9,0,0
B6_D1,102,0,422,0,0
B10_D1,375,0,181,0,0
B6_D1,747,0,51,0,0
B6_D1,838,0,200,0,0
B10_D1,178,0,77,0,0
B10_D1,93,0,289,0,0
B6_D1,877,0,126,0,0
G1_D1,277,0,16,0,0
B2_D1,3,0,2,0,0
B10_D1,239,0,355,0,0
B10_D1,10,0,404,0,0
B6_D1,766,0,44,0,0
B10_D1,406,0,197,0,0
B4_D1,678,0,270,0,0
G1_D1,1023,0,461,0,0
B6_D1,520,0,486,0,0
B10_D1,394,0,262,0,0
B10_D1,629,0,260,0,0
G1_D1,100,0,420,0,0
B6_D1,870,0,227,0,0
B6_D1,209,0,198,0,0
B2_D1,475,0,216,0,0
B6_D1,422,0,56,0,0
B6_D1,430,0,452,0,0
B6_D1,832,0,2,0,0
B6_D1,182,0,409,0,0
B10_D1,318,0,183,0,0
B10_D1,684,0,326,0,0
B2_D1,347,0,202,0,0
G1_D1,217,0,325,0,0
B6_D1,921,0,132,0,0
B6_D1,887,0,397,0,0
B6_D1,251,0,477,0,0
G1_D1,200,0,49,0,0
B2_D1,662,0,460,0,0
G1_D1,36,0,0,0,0
B10_D1,539,0,123,0,0
B10_D1,436,0,69,0,0
G1_D1,396,0,227,0,0
B10_D1,802,0,213,0,0
B10_D1,410,0,9,0,0
B10_D1,22,0,260,0,0
B6_D1,382,0,20,0,0
B4_D1,837,0,44,0,0
B10_D1,297,0,125,0,0
B6_D1,308,0,224,0,0
G1_D1,1023,0,415,0,0
B6_D1,752,0,16,0,0
B6_D1,808,0,350,0,0
B6_D1,802,0,57,0,0
B10_D1,135,0,502,0,0
B10_D1,258,0,351,0,0
B6_D1,47,0,448,0,0
G1_D1,951,0,82,0,0
B10_D1,16,0,91,0,0
G1_D1,412,0,3,0,0
B10_D1,864,0,372,0,0
B2_D1,407,0,380,0,0
B10_D1,492,0,412,0,0
B2_D1,313,0,37,0,0
B6_D1,653,0,390,0,0
G1_D1,269,0,14,0,0
G1_D1,943,0,511,0,0
B6_D1,368,0,485,0,0
B6_D1,1004,0,48,0,0
B6_D1,12,0,464,0,0
B6_D1,162,0,144,0,0
B6_D1,727,0,61,0,0
B4_D1,67,0,306,0,0
B4_D1,5,0,149,0,0
B8_D1,216,0,104,0,0
B6_D1,378,0,15,0,0
B10_D1,233,0,235,0,0
G1_D1,665,0,471,0,0
B6_D1,259,0,162,0,0
B10_D1,262,0,283,0,0
G1_D1,876,0,7,0,0
B2_D1,894,0,395,0,0
B6_D1,522,0,165,0,0
B10_D1,929,0,4,0,0
B6_D1,157,0,181,0,0
B6_D1,636,0,27,0,0
B8_D1,3,0,242,0,0
B10_D1,727,0,100,0,0
G1_D1,520,0,122,0,0
B10_D1,626,0,481,0,0
B8_D1,598,0,215,0,0
B6_D1,737,0,438,0,0
B6_D1,142,0,445,0,0
B2_D1,744,0,493,0,0
G1_D1,615,0,242,0,0
B6_D1,225,0,319,0,0
B6_D1,574,0,243,0,0
B2_D1,645,0,147,0,0
B6_D1,106,0,17,0,0
B4_D1,705,0,252,0,0
B10_D1,538,0,165,0,0
B6_D1,688,0,424,0,0
B10_D1,704,0,243,0,0
B10_D1,161,0,217,0,0
B6_D1,752,0,500,0,0
B6_D1,881,0,397,0,0
B6_D1,868,0,47,0,0
B10_D1,13,0,192,0,0
G1_D1,808,0,511,0,0
B8_D1,104,0,139,0,0
B6_D1,577,0,265,0,0
B10_D1,642,0,198,0,0
G1_D1,271,0,266,0,0
G1_D1,871,0,6,0,0
B6_D1,519,0,285,0,0
G1_D1,1020,0,188,0,0
B6_D1,72,0,413,0,0
G1_D1,507,0,125,0,0
B10_D1,527,0,314,0,0
G1_D1,261,0,17,0,0
B10_D1,590,0,142,0,0
B10_D1,389,0,198,0,0
G1_D1,1023,0,269,0,0
B6_D1,167,0,130,0,0
B10_D1,702,0,396,0,0
B6_D1,808,0,5,0,0
B6_D1,853,0,213,0,0
B6_D1,445,0,190,0,0
B8_D1,298,0,184,0,0
G1_D1,294,0,124,0,0
B6_D1,545,0,50,0,0
B6_D1,642,0,490,0,0
G1_D1,940,0,294,0,0
B4_D1,25,0,144,0,0
B10_D1,344,0,45,0,0
G1_D1,164,0,222,0,0
B6_D1,261,0,451,0,0
B10_D1,29,0,263,0,0
B2_D1,549,0,364,0,0
G1_D1,177,0,17,0,0
B10_D1,208,0,359,0,0
G1_D1,344,0,96,0,0
B10_D1,786,0,326,0,0
B6_D1,362,0,97,0,0
B2_D1,541,0,483,0,0
B6_D1,26,0,237,0,0
B10_D1,855,0,28,0,0
B6_D1,451,0,321,0,0
B6_D1,589,0,265,0,0
B4_D1,488,0,55,0,0
B4_D1,699,0,114,0,0
B6_D1,186,0,399,0,0
G1_D1,745,0,157,0,0
G1_D1,481,0,215,0,0
B10_D1,144,0,187,0,0
B6_D1,161,0,130,0,0
G1_D1,1014,0,27,0,0
B10_D1,851,0,285,0,0
B2_D1,528,0,287,0,0
B4_D1,254,0,134,0,0
B6_D1,416,0,7,0,0
B10_D1,508,0,162,0,0
G1_D1,237,0,366,0,0
B6_D1,700,0,44,0,0
B6_D1,624,0,431,0,0
B6_D1,884,0,384,0,0
G1_D1,316,0,330,0,0
B10_D1,327,0,20,0,0
B10_D1,665,0,248,0,0
B6_D1,551,0,50,0,0
B6_D1,692,0,19,0,0
B10_D1,580,0,307,0,0
G1_D1,94,0,84,0,0
B8_D1,450,0,287,0,0
B6_D1,590,0,25,0,0
G1_D1,362,0,288,0,0
B10_D1,956,0,511,0,0
B6_D1,792,0,163,0,0
B10_D1,534,0,329,0,0
G1_D1,631,0,85,0,0
G1_D1,879,0,224,0,0
B8_D1,132,0,264,0,0
B6_D1,526,0,167,0,0
B10_D1,142,0,239,0,0
B6_D1,42,0,55,0,0
B10_D1,416,0,231,0,0
B6_D1,218,0,183,0,0
B10_D1,717,0,111,0,0
B4_D1,518,0,276,0,0
B10_D1,431,0,485,0,0
B2_D1,647,0,506,0,0
B4_D1,6,0,335,0,0
B8_D1,284,0,323,0,0
B6_D1,65,0,202,0,0
B10_D1,692,0,80,0,0
B6_D1,497,0,325,0,0
B2_D1,399,0,34,0,0
G1_D1,33,0,139,0,0
B6_D1,755,0,104,0,0
B6_D1,549,0,381,0,0
B10_D1,172,0,159,0,0
B6_D1,464,0,392,0,0
B6_D1,493,0,173,0,0
B10_D1,654,0,61,0,0
B6_D1,738,0,346,0,0
B6_D1,944,0,28,0,0
B6_D1,348,0,21,0,0
G1_D1,813,0,55,0,0
G1_D1,665,0,152,0,0
B10_D1,389,0,104,0,0
B6_D1,164,0,449,0,0
B6_D1,180,0,21,0,0
B10_D1,1012,0,22,0,0
B6_D1,735,0,255,0,0
B6_D1,724,0,360,0,0
B6_D1,268,0,8,0,0
B6_D1,530,0,28,0,0
B10_D1,95,0,125,0,0
B10_D1,895,0,3,0,0
B6_D1,833,0,329,0,0
G1_D1,153,0,311,0,0
B10_D1,237,0,61,0,0
B6_D1,606,0,281,0,0
G1_D1,14,0,98,0,0
G1_D1,193,0,102,0,0
G1_D1,748,0,72,0,0
G1_D1,692,0,19,0,0
B10_D1,273,0,47,0,0
B6_D1,4,0,156,0,0
G1_D1,1003,0,238,0,0
B4_D1,63,0,284,0,0
G1_D1,505,0,128,0,0
B6_D1,582,0,6,0,0
B6_D1,400,0,41,0,0
B10_D1,469,0,32,0,0
B10_D1,264,0,163,0,0
B6_D1,642,0,18,0,0
B6_D1,158,0,352,0,0
B6_D1,688,0,285,0,0
G1_D1,557,0,99,0,0
B10_D1,116,0,198,0,0
B6_D1,482,0,485,0,0
B6_D1,410,0,40,0,0
B6_D1,822,0,260,0,0
B6_D1,859,0,219,0,0
B2_D1,557,0,475,0,0
B6_D1,22,0,26,0,0
B6_D1,769,0,193,0,0
B10_D1,195,0,252,0,0
B4_D1,611,0,228,0,0
G1_D1,872,0,19,0,0
B10_D1,698,0,60,0,0
B6_D1,617,0,342,0,0
B10_D1,205,0,139,0,0
G1_D1,257,0,349,0,0
G1_D1,676,0,3,0,0
G1_D1,743,0,237,0,0
G1_D1,119,0,198,0,0
B10_D1,686,0,249,0,0
B10_D1,734,0,455,0,0
B6_D1,912,0,27,0,0
B6_D1,852,0,373,0,0
B6_D1,181,0,385,0,0
B10_D1,172,0,50,0,0
B8_D1,766,0,236,0,0
B4_D1,908,0,233,0,0
B10_D1,909,0,273,0,0
G1_D1,731,0,2,0,0
B10_D1,657,0,413,0,0
G1_D1,659,0,30,0,0
B10_D1,638,0,201,0,0
B6_D1,696,0,493,0,0
B6_D1,310,0,359,0,0
B6_D1,220,0,47,0,0
B2_D1,797,0,64,0,0
B10_D1,21,0,28,0,0
B6_D1,314,0,488,0,0
B6_D1,950,0,37,0,0
B6_D1,168,0,75,0,0
B10_D1,751,0,113,0,0
B10_D1,150,0,334,0,0
B10_D1,437,0,303,0,0
B2_D1,0,0,67,0,0
G1_D1,417,0,115,0,0
B10_D1,273,0,13,0,0
B6_D1,352,0,495,0,0
B2_D1,242,0,481,0,0
B6_D1,984,0,307,0,0
B2_D1,991,0,105,0,0
G1_D1,308,0,141,0,0
B2_D1,170,0,248,0,0
G1_D1,288,0,20,0,0
B2_D1,531,0,39,0,0
B2_D1,833,0,72,0,0
B6_D1,699,0,151,0,0
B4_D1,475,0,184,0,0
B6_D1,464,0,503,0,0
B6_D1,222,0,281,0,0
B10_D1,143,0,272,0,0
B6_D1,728,0,13,0,0
B6_D1,686,0,68,0,0
G1_D1,866,0,212,0,0
B10_D1,424,0,390,0,0
G1_D1,999,0,222,0,0
B6_D1,744,0,3,0,0
G1_D1,354,0,13,0,0
B6_D1,964,0,17,0,0
B6_D1,856,0,435,0,0
B8_D1,87,0,180,0,0
G1_D1,22,0,222,0,0
B6_D1,629,0,181,0,0
B2_D1,265,0,503,0,0
B6_D1,560,0,329,0,0
B6_D1,478,0,67,0,0
B10_D1,647,0,490,0,0
B6_D1,762,0,253,0,0
G1_D1,615,0,181,0,0
G1_D1,690,0,13,0,0
G1_D1,153,0,256,0,0
B4_D1,156,0,507,0,0
B6_D1,636,0,165,0,0
B6_D1,802,0,495,0,0
B10_D1,185,0,238,0,0
B6_D1,429,0,141,0,0
B10_D1,306,0,5,0,0
B8_D1,805,0,308,0,0
B6_D1,496,0,8,0,0
B10_D1,672,0,23,0,0
B2_D1,653,0,439,0,0
B10_D1,308,0,219,0,0
B6_D1,124,0,20,0,0
G1_D1,186,0,22,0,0
G1_D1,527,0,106,0,0
B10_D1,226,0,62,0,0
B10_D1,28,0,85,0,0
G1_D1,863,0,72,0,0
B6_D1,1014,0,12,0,0
B10_D1,508,0,161,0,0
B6_D1,169,0,98,0,0
B10_D1,438,0,212,0,0
B8_D1,92,0,2,0,0
B6_D1,885,0,151,0,0
B6_D1,608,0,427,0,0
G1_D1,527,0,262,0,0
B10_D1,749,0,4,0,0
B10_D1,742,0,419,0,0
B10_D1,864,0,197,0,0
G1_D1,210,0,183,0,0
B10_D1,654,0,267,0,0
B10_D1,727,0,36,0,0
B10_D1,409,0,171,0,0
B6_D1,148,0,209,0,0
G1_D1,569,0,15,0,0
G1_D1,581,0,259,0,0
B10_D1,842,0,6,0,0
B6_D1,581,0,479,0,0
B6_D1,782,0,114,0,0
B6_D1,926,0,302,0,0
B6_D1,974,0,311,0,0
B6_D1,852,0,27,0,0
B6_D1,354,0,505,0,0
B6_D1,696,0,490,0,0
G1_D1,9,0,43,0,0
B10_D1,54,0,124,0,0
B6_D1,177,0,450,0,0
B6_D1,602,0,393,0,0
B4_D1,691,0,69,0,0
B8_D1,6,0,223,0,0
B8_D1,960,0,1,0,0
B6_D1,586,0,504,0,0
B4_D1,5,0,473,0,0
B6_D1,529,0,244,0,0
B6_D1,118,0,417,0,0
B6_D1,129,0,203,0,0
B6_D1,110,0,46,0,0
G1_D1,534,0,69,0,0
B6_D1,370,0,166,0,0
B6_D1,208,0,495,0,0
B10_D1,64,0,39,0,0
B6_D1,116,0,466,0,0
B6_D1,927,0,481,0,0
B6_D1,904,0,20,0,0
G1_D1,317,0,115,0,0
G1_D1,708,0,116,0,0
B10_D1,753,0,416,0,0
B10_D1,201,0,128,0,0
B10_D1,837,0,42,0,0
G1_D1,437,0,14,0,0
G1_D1,414,0,271,0,0
B10_D1,421,0,131,0,0
B6_D1,50,0,37,0,0
B6_D1,468,0,310,0,0
B10_D1,245,0,204,0,0
G1_D1,647,0,265,0,0
B6_D1,629,0,421,0,0
B10_D1,260,0,280,0,0
B2_D1,595,0,289,0,0
B6_D1,284,0,494,0,0
B6_D1,151,0,120,0,0
B4_D1,719,0,37,0,0
B10_D1,388,0,4,0,0
B4_D1,152,0,165,0,0
B6_D1,378,0,36,0,0
B6_D1,84,0,18,0,0
G1_D1,927,0,10,0,0
G1_D1,30,0,492,0,0
G1_D1,266,0,236,0,0
G1_D1,119,0,15,0,0
B10_D1,239,0,165,0,0
B6_D1,894,0,15,0,0
B6_D1,880,0,171,0,0
B6_D1,386,0,149,0,0
G1_D1,11,0,206,0,0
B6_D1,579,0,433,0,0
B6_D1,364,0,38,0,0
B10_D1,831,0,238,0,0
B10_D1,722,0,82,0,0
G1_D1,760,0,114,0,0
B10_D1,988,0,265,0,0
B2_D1,807,0,225,0,0
B10_D1,593,0,318,0,0
B6_D1,147,0,166,0,0
B6_D1,902,0,82,0,0
B6_D1,326,0,48,0,0
B6_D1,382,0,29,0,0
G1_D1,65,0,301,0,0
G1_D1,54,0,91,0,0
B6_D1,504,0,385,0,0
B10_D1,917,0,436,0,0
B10_D1,716,0,64,0,0
G1_D1,23,0,8,0,0
G1_D1,85,0,12,0,0
B6_D1,817,0,456,0,0
B6_D1,370,0,498,0,0
B10_D1,15,0,223,0,0
G1_D1,504,0,112,0,0
B10_D1,568,0,107,0,0
B10_D1,803,0,325,0,0
B4_D1,259,0,300,0,0
G1_D1,19,0,283,0,0
B6_D1,972,0,484,0,0
B10_D1,147,0,1,0,0
G1_D1,102,0,0,0,0
B6_D1,849,0,60,0,0
B10_D1,515,0,477,0,0
B6_D1,744,0,54,0,0
B10_D1,303,0,251,0,0
B10_D1,1011,0,36,0,0
G1_D1,58,0,458,0,0
B6_D1,248,0,196,0,0
G1_D1,799,0,214,0,0
B6_D1,488,0,40,0,0
B10_D1,371,0,284,0,0
B6_D1,950,0,491,0,0
B10_D1,35,0,100,0,0
B2_D1,939,0,54,0,0
G1_D1,20,0,200,0,0
B6_D1,256,0,65,0,0
B6_D1,765,0,267,0,0
B6_D1,70,0,2,0,0
B10_D1,897,0,50,0,0
B10_D1,629,0,315,0,0
G1_D1,975,0,106,0,0
B10_D1,1020,0,41,0,0
B2_D1,517,0,59,0,0
B10_D1,266,0,263,0,0
G1_D1,633,0,37,0,0
B6_D1,626,0,449,0,0
B6_D1,371,0,369,0,0
B6_D1,709,0,148,0,0
B6_D1,687,0,247,0,0
B6_D1,470,0,392,0,0
B10_D1,8,0,317,0,0
B10_D1,279,0,168,0,0
B10_D1,948,0,57,0,0
B6_D1,37,0,292,0,0
G1_D1,192,0,437,0,0
G1_D1,983,0,314,0,0
B6_D1,460,0,486,0,0
B2_D1,311,0,290,0,0
B2_D1,168,0,48,0,0
B6_D1,525,0,343,0,0
B10_D1,326,0,182,0,0
B10_D1,309,0,58,0,0
G1_D1,586,0,18,0,0
B4_D1,9,0,365,0,0
G1_D1,80,0,313,0,0
B2_D1,932,0,23,0,0
B6_D1,481,0,68,0,0
B10_D1,803,0,445,0,0
B4_D1,267,0,37,0,0
B10_D1,971,0,511,0,0
B6_D1,160,0,95,0,0
B6_D1,738,0,0,0,0
B6_D1,7,0,302,0,0
G1_D1,479,0,244,0,0
G1_D1,525,0,4,0,0
B8_D1,112,0,91,0,0
B10_D1,370,0,46,0,0
B6_D1,425,0,231,0,0
B4_D1,682,0,53,0,0
B10_D1,737,0,356,0,0
B2_D1,458,0,126,0,0
B10_D1,19,0,57,0,0
B6_D1,101,0,127,0,0
B10_D1,470,0,107,0,0
B2_D1,450,0,510,0,0
G1_D1,977,0,265,0,0
B2_D1,795,0,281,0,0
B6_D1,155,0,321,0,0
B10_D1,249,0,354,0,0
B6_D1,1014,0,33,0,0
B10_D1,38,0,117,0,0
B10_D1,493,0,95,0,0
B4_D1,770,0,48,0,0
B10_D1,151,0,112,0,0
B6_D1,894,0,129,0,0
B2_D1,645,0,93,0,0
B6_D1,876,0,395,0,0
G1_D1,938,0,79,0,0
B6_D1,773,0,478,0,0
G1_D1,511,0,16,0,0
B10_D1,455,0,231,0,0
B2_D1,220,0,74,0,0
B10_D1,186,0,188,0,0
G1_D1,417,0,21,0,0
B10_D1,528,0,218,0,0
G1_D1,507,0,279,0,0
B10_D1,484,0,130,0,0
B10_D1,448,0,309,0,0
B6_D1,1020,0,452,0,0
B10_D1,200,0,276,0,0
G1_D1,933,0,303,0,0
B10_D1,755,0,248,0,0
B10_D1,459,0,8,0,0
B10_D1,426,0,233,0,0
B2_D1,685,0,176,0,0
G1_D1,978,0,36,0,0
G1_D1,44,0,199,0,0
B6_D1,798,0,487,0,0
B4_D1,860,0,237,0,0
B10_D1,1019,0,218,0,0
B10_D1,346,0,47,0,0
G1_D1,743,0,163,0,0
B10_D1,623,0,497,0,0
B6_D1,722,0,7,0,0
G1_D1,319,0,182,0,0
B6_D1,866,0,162,0,0
B4_D1,366,0,375,0,0
B6_D1,126,0,15,0,0
B10_D1,76,0,318,0,0
B6_D1,388,0,498,0,0
B4_D1,115,0,18,0,0
B10_D1,471,0,56,0,0
B10_D1,323,0,128,0,0
B10_D1,48,0,389,0,0
B6_D1,324,0,493,0,0
B6_D1,750,0,450,0,0
G1_D1,29,0,62,0,0
G1_D1,562,0,148,0,0
B10_D1,548,0,110,0,0
G1_D1,938,0,267,0,0
B6_D1,716,0,488,0,0
B6_D1,770,0,74,0,0
B4_D1,27,0,3,0,0
B10_D1,232,0,285,0,0
B6_D1,712,0,380,0,0
B6_D1,332,0,459,0,0
G1_D1,746,0,203,0,0
B10_D1,107,0,489,0,0
B6_D1,224,0,25,0,0
B6_D1,830,0,503,0,0
B10_D1,292,0,258,0,0
B6_D1,830,0,19,0,0
B6_D1,555,0,127,0,0
B6_D1,56,0,485,0,0
B6_D1,764,0,506,0,0
B10_D1,785,0,43,0,0
B10_D1,307,0,191,0,0
G1_D1,1012,0,66,0,0
G1_D1,593,0,455,0,0
B6_D1,858,0,42,0,0
B10_D1,790,0,65,0,0
B6_D1,979,0,215,0,0
B10_D1,226,0,233,0,0
G1_D1,459,0,21,0,0
B10_D1,693,0,183,0,0
G1_D1,877,0,216,0,0
B4_D1,273,0,312,0,0
B10_D1,703,0,13,0,0
B10_D1,82,0,28,0,0
G1_D1,60,0,61,0,0
B4_D1,653,0,34,0,0
B10_D1,73,0,3,0,0
B6_D1,700,0,459,0,0
B10_D1,286,0,122,0,0
B4_D1,3,0,160,0,0
B6_D1,950,0,40,0,0
B6_D1,346,0,501,0,0
G1_D1,388,0,510,0,0
B8_D1,359,0,294,0,0
B6_D1,835,0,301,0,0
B4_D1,709,0,251,0,0
G1_D1,231,0,134,0,0
B2_D1,322,0,289,0,0
B6_D1,673,0,159,0,0
B6_D1,836,0,71,0,0
G1_D1,940,0,3,0,0
G1_D1,189,0,17,0,0
B2_D1,687,0,477,0,0
B10_D1,153,0,1,0,0
B2_D1,423,0,24,0,0
B6_D1,849,0,308,0,0
B10_D1,672,0,263,0,0
B6_D1,560,0,177,0,0
B10_D1,446,0,73,0,0
B6_D1,302,0,154,0,0
B10_D1,651,0,381,0,0
B10_D1,489,0,489,0,0
G1_D1,215,0,187,0,0
B4_D1,72,0,281,0,0
B2_D1,271,0,394,0,0
B6_D1,611,0,479,0,0
B6_D1,1008,0,18,0,0
B6_D1,563,0,435,0,0
G1_D1,608,0,80,0,0
B8_D1,753,0,244,0,0
B10_D1,800,0,81,0,0
B4_D1,125,0,187,0,0
B6_D1,946,0,35,0,0
B10_D1,210,0,166,0,0
B6_D1,166,0,35,0,0
G1_D1,49,0,16,0,0
B2_D1,949,0,7,0,0
B10_D1,647,0,303,0,0
B6_D1,934,0,2,0,0
B4_D1,449,0,239,0,0
B6_D1,819,0,198,0,0
B4_D1,753,0,64,0,0
G1_D1,41,0,170,0,0
B8_D1,33,0,252,0,0
B4_D1,158,0,272,0,0
B6_D1,162,0,33,0,0
B6_D1,462,0,505,0,0
B10_D1,218,0,272,0,0
G1_D1,86,0,313,0,0
G1_D1,1000,0,146,0,0
G1_D1,942,0,13,0,0
G1_D1,524,0,509,0,0
B10_D1,287,0,510,0,0
B2_D1,275,0,140,0,0
B10_D1,277,0,345,0,0
B6_D1,218,0,497,0,0
B10_D1,324,0,135,0,0
B6_D1,750,0,33,0,0
B2_D1,348,0,486,0,0
B6_D1,486,0,511,0,0
G1_D1,416,0,145,0,0
B6_D1,124,0,174,0,0
G1_D1,793,0,269,0,0
B4_D1,475,0,375,0,0
B4_D1,873,0,24,0,0
B2_D1,965,0,8,0,0
G1_D1,82,0,84,0,0
B2_D1,537,0,364,0,0
B6_D1,732,0,280,0,0
B10_D1,655,0,202,0,0
B6_D1,414,0,18,0,0
B6_D1,130,0,8,0,0
B8_D1,373,0,191,0,0
B6_D1,380,0,485,0,0
B6_D1,902,0,488,0,0
B4_D1,556,0,400,0,0
B10_D1,774,0,302,0,0
B6_D1,934,0,396,0,0
G1_D1,12,0,23,0,0
B10_D1,114,0,217,0,0
G1_D1,33,0,59,0,0
G1_D1,1010,0,274,0,0
G1_D1,991,0,152,0,0
B10_D1,495,0,278,0,0
B6_D1,893,0,257,0,0
B10_D1,628,0,44,0,0
B10_D1,448,0,18,0,0
B6_D1,714,0,189,0,0
G1_D1,345,0,46,0,0
B10_D1,603,0,413,0,0
B10_D1,128,0,106,0,0
B2_D1,162,0,287,0,0
B2_D1,998,0,215,0,0
B10_D1,12,0,130,0,0
B6_D1,592,0,17,0,0
G1_D1,963,0,309,0,0
B6_D1,240,0,12,0,0
B10_D1,623,0,228,0,0
B6_D1,192,0,287,0,0
B6_D1,280,0,29,0,0
B10_D1,235,0,340,0,0
B6_D1,714,0,42,0,0
B4_D1,899,0,84,0,0
B10_D1,0,0,276,0,0
B10_D1,315,0,59,0,0
B10_D1,1,0,296,0,0
B6_D1,808,0,486,0,0
G1_D1,11,0,386,0,0
B4_D1,3,0,423,0,0
B2_D1,1001,0,55,0,0
B10_D1,875,0,220,0,0
B10_D1,409,0,277,0,0
B10_D1,814,0,329,0,0
B4_D1,90,0,0,0,0
B10_D1,23,0,307,0,0
B10_D1,560,0,300,0,0
B6_D1,465,0,108,0,0
B6_D1,84,0,511,0,0
G1_D1,874,0,303,0,0
B10_D1,363,0,336,0,0
B4_D1,705,0,33,0,0
B6_D1,128,0,107,0,0
B10_D1,303,0,65,0,0
G1_D1,90,0,358,0,0
G1_D1,29,0,198,0,0
B6_D1,952,0,495,0,0
B10_D1,769,0,307,0,0
B10_D1,1022,0,127,0,0
B10_D1,441,0,139,0,0
B10_D1,143,0,200,0,0
G1_D1,359,0,162,0,0
B10_D1,211,0,129,0,0
B10_D1,221,0,150,0,0
G1_D1,670,0,63,0,0
B2_D1,824,0,21,0,0
G1_D1,64,0,162,0,0
G1_D1,63,0,304,0,0
B10_D1,694,0,285,0,0
B10_D1,447,0,507,0,0
B10_D1,676,0,109,0,0
G1_D1,347,0,41,0,0
B6_D1,375,0,323,0,0
B6_D1,330,0,30,0,0
B6_D1,231,0,85,0,0
B6_D1,583,0,352,0,0
B10_D1,624,0,237,0,0
B6_D1,400,0,11,0,0
B10_D1,486,0,245,0,0
B6_D1,191,0,77,0,0
B10_D1,189,0,127,0,0
B10_D1,764,0,164,0,0
B10_D1,68,0,101,0,0
B6_D1,342,0,3,0,0
B10_D1,582,0,148,0,0
B8_D1,113,0,217,0,0
B6_D1,893,0,63,0,0
B2_D1,253,0,488,0,0
B2_D1,430,0,485,0,0
B6_D1,35,0,476,0,0
B6_D1,730,0,334,0,0
B10_D1,88,0,39,0,0
B10_D1,52,0,165,0,0
B10_D1,669,0,319,0,0
B6_D1,912,0,15,0,0
B10_D1,828,0,405,0,0
B10_D1,145,0,182,0,0
B10_D1,158,0,119,0,0
B10_D1,319,0,167,0,0
G1_D1,219,0,43,0,0
B4_D1,1013,0,215,0,0
B10_D1,369,0,57,0,0
G1_D1,21,0,323,0,0
B6_D1,918,0,57,0,0
G1_D1,991,0,284,0,0
B6_D1,499,0,232,0,0
B6_D1,130,0,253,0,0
B10_D1,51,0,65,0,0
G1_D1,313,0,400,0,0
B10_D1,502,0,161,0,0
B10_D1,469,0,299,0,0
B6_D1,48,0,3,0,0
B10_D1,840,0,406,0,0
B10_D1,856,0,325,0,0
B6_D1,269,0,481,0,0
B6_D1,104,0,485,0,0
B2_D1,221,0,136,0,0
G1_D1,447,0,142,0,0
G1_D1,481,0,124,0,0
G1_D1,430,0,96,0,0
B6_D1,599,0,270,0,0
G1_D1,8,0,197,0,0
B10_D1,102,0,169,0,0
B10_D1,314,0,51,0,0
B6_D1,485,0,283,0,0
B6_D1,714,0,163,0,0
B2_D1,557,0,41,0,0
G1_D1,570,0,13,0,0
B6_D1,214,0,197,0,0
B10_D1,938,0,365,0,0
B6_D1,427,0,100,0,0
B6_D1,468,0,493,0,0
B2_D1,387,0,32,0,0
B10_D1,352,0,225,0,0
B6_D1,949,0,215,0,0
B6_D1,782,0,86,0,0
B10_D1,569,0,318,0,0
G1_D1,694,0,89,0,0
B10_D1,833,0,351,0,0
B4_D1,69,0,305,0,0
B4_D1,757,0,16,0,0
G1_D1,37,0,325,0,0
G1_D1,645,0,359,0,0
G1_D1,1016,0,128,0,0
B8_D1,540,0,292,0,0
G1_D1,43,0,141,0,0
B6_D1,593,0,167,0,0
G1_D1,436,0,248,0,0
B8_D1,59,0,328,0,0
G1_D1,298,0,52,0,0
G1_D1,65,0,165,0,0
G1_D1,484,0,511,0,0
B6_D1,935,0,436,0,0
B6_D1,445,0,173,0,0
B10_D1,298,0,420,0,0
B6_D1,153,0,278,0,0
B6_D1,728,0,414,0,0
B6_D1,545,0,479,0,0
G1_D1,854,0,74,0,0
B2_D1,193,0,120,0,0
G1_D1,619,0,116,0,0
B10_D1,703,0,327,0,0
B10_D1,78,0,32,0,0
B4_D1,46,0,401,0,0
G1_D1,716,0,107,0,0
B10_D1,167,0,167,0,0
B6_D1,39,0,423,0,0
G1_D1,1012,0,20,0,0
B4_D1,503,0,244,0,0
B6_D1,768,0,264,0,0
B6_D1,662,0,344,0,0
B10_D1,200,0,163,0,0
B10_D1,945,0,295,0,0
G1_D1,542,0,140,0,0
B10_D1,45,0,17,0,0
B6_D1,804,0,383,0,0
B6_D1,855,0,115,0,0
G1_D1,650,0,146,0,0
G1_D1,162,0,70,0,0
G1_D1,731,0,463,0,0
G1_D1,404,0,87,0,0
B4_D1,746,0,244,0,0
B6_D1,617,0,366,0,0
B10_D1,20,0,327,0,0
B10_D1,790,0,250,0,0
B10_D1,562,0,310,0,0
B10_D1,394,0,345,0,0
B6_D1,820,0,145,0,0
B10_D1,860,0,345,0,0
B6_D1,653,0,62,0,0
B4_D1,1,0,449,0,0
G1_D1,55,0,49,0,0
B10_D1,482,0,124,0,0
B6_D1,208,0,17,0,0
B6_D1,390,0,502,0,0
B6_D1,304,0,427,0,0
B4_D1,733,0,274,0,0
B8_D1,289,0,322,0,0
B10_D1,896,0,97,0,0
B10_D1,23,0,30,0,0
B4_D1,610,0,39,0,0
G1_D1,403,0,131,0,0
B6_D1,923,0,98,0,0
B6_D1,637,0,292,0,0
B10_D1,12,0,158,0,0
B6_D1,870,0,490,0,0
B4_D1,1013,0,13,0,0
B6_D1,838,0,227,0,0
B2_D1,953,0,143,0,0
B8_D1,971,0,301,0,0
B6_D1,878,0,1,0,0
G1_D1,405,0,34,0,0
B6_D1,774,0,159,0,0
B6_D1,444,0,39,0,0
G1_D1,557,0,28,0,0
G1_D1,334,0,314,0,0
B6_D1,164,0,283,0,0
B6_D1,494,0,344,0,0
B6_D1,754,0,249,0,0
B6_D1,730,0,29,0,0
B6_D1,78,0,24,0,0
B6_D1,848,0,451,0,0
B10_D1,783,0,244,0,0
B10_D1,150,0,134,0,0
G1_D1,494,0,483,0,0
G1_D1,910,0,252,0,0
G1_D1,382,0,9,0,0
B6_D1,419,0,359,0,0
B6_D1,908,0,223,0,0
B10_D1,435,0,482,0,0
B10_D1,472,0,475,0,0
B10_D1,338,0,68,0,0
B10_D1,3,0,429,0,0
G1_D1,243,0,4,0,0
B6_D1,276,0,45,0,0
B6_D1,764,0,190,0,0
B6_D1,524,0,4,0,0
B6_D1,507,0,274,0,0
B2_D1,796,0,34,0,0
B10_D1,773,0,0,0,0
B10_D1,143,0,217,0,0
B6_D1,726,0,33,0,0
B4_D1,263,0,231,0,0
B10_D1,3,0,199,0,0
B4_D1,867,0,30,0,0
B10_D1,414,0,459,0,0
G1_D1,709,0,91,0,0
B2_D1,35,0,510,0,0
B6_D1,262,0,17,0,0
B10_D1,346,0,33,0,0
B10_D1,109,0,491,0,0
B6_D1,24,0,226,0,0
B10_D1,607,0,313,0,0
B6_D1,854,0,7,0,0
B6_D1,955,0,91,0,0
B10_D1,547,0,465,0,0
B10_D1,140,0,304,0,0
B6_D1,108,0,288,0,0
G1_D1,855,0,83,0,0
B10_D1,771,0,427,0,0
B6_D1,887,0,104,0,0
G1_D1,818,0,242,0,0
B10_D1,328,0,47,0,0
B6_D1,575,0,286,0,0
B10_D1,48,0,136,0,0
B6_D1,677,0,275,0,0
G1_D1,916,0,17,0,0
B6_D1,747,0,194,0,0
G1_D1,22,0,9,0,0
B6_D1,74,0,13,0,0
G1_D1,614,0,231,0,0
B4_D1,849,0,231,0,0
B6_D1,634,0,49,0,0
G1_D1,307,0,12,0,0
B2_D1,352,0,25,0,0
B10_D1,264,0,52,0,0
G1_D1,641,0,8,0,0
G1_D1,766,0,511,0,0
B2_D1,726,0,361,0,0
B10_D1,326,0,219,0,0
G1_D1,1019,0,81,0,0
B6_D1,811,0,79,0,0
G1_D1,623,0,138,0,0
B6_D1,63,0,290,0,0
B6_D1,718,0,380,0,0
B2_D1,490,0,110,0,0
B6_D1,338,0,475,0,0
B6_D1,779,0,270,0,0
G1_D1,39,0,510,0,0
B10_D1,320,0,487,0,0
B6_D1,43,0,115,0,0
B6_D1,714,0,465,0,0
B10_D1,43,0,210,0,0
B6_D1,428,0,491,0,0
G1_D1,328,0,414,0,0
B6_D1,540,0,57,0,0
B6_D1,433,0,100,0,0
B10_D1,392,0,12,0,0
B6_D1,980,0,19,0,0
B10_D1,146,0,45,0,0
B10_D1,81,0,96,0,0
B6_D1,616,0,23,0,0
B8_D1,816,0,307,0,0
B6_D1,566,0,297,0,0
B4_D1,843,0,91,0,0
G1_D1,196,0,33,0,0
B6_D1,346,0,489,0,0
B6_D1,701,0,452,0,0
B6_D1,434,0,37,0,0
B6_D1,194,0,40,0,0
B2_D1,373,0,481,0,0
B4_D1,190,0,28,0,0
B10_D1,570,0,308,0,0
B6_D1,299,0,78,0,0
B10_D1,893,0,85,0,0
B10_D1,74,0,267,0,0
B6_D1,716,0,19,0,0
B10_D1,799,0,307,0,0
B10_D1,605,0,96,0,0
G1_D1,926,0,1,0,0
B10_D1,192,0,166,0,0
B4_D1,309,0,305,0,0
B10_D1,861,0,347,0,0
B10_D1,597,0,339,0,0
B6_D1,46,0,157,0,0
B6_D1,578,0,228,0,0
B10_D1,820,0,42,0,0
B6_D1,354,0,476,0,0
G1_D1,258,0,296,0,0
B6_D1,379,0,289,0,0
B2_D1,481,0,218,0,0
G1_D1,479,0,115,0,0
B6_D1,669,0,480,0,0
B6_D1,136,0,106,0,0
G1_D1,541,0,107,0,0
B4_D1,640,0,303,0,0
B2_D1,679,0,10,0,0
B6_D1,636,0,370,0,0
B4_D1,922,0,204,0,0
B10_D1,614,0,29,0,0
G1_D1,519,0,69,0,0
B10_D1,591,0,2,0,0
B10_D1,567,0,8,0,0
G1_D1,634,0,42,0,0
B6_D1,422,0,168,0,0
B6_D1,650,0,497,0,0
B6_D1,776,0,197,0,0
B6_D1,650,0,19,0,0
B10_D1,176,0,26,0,0
B6_D1,837,0,300,0,0
B10_D1,605,0,108,0,0
B10_D1,824,0,58,0,0
B2_D1,561,0,42,0,0
B10_D1,149,0,105,0,0
B10_D1,180,0,124,0,0
B4_D1,50,0,163,0,0
B4_D1,583,0,302,0,0
B10_D1,79,0,27,0,0
B6_D1,1006,0,112,0,0
B6_D1,146,0,491,0,0
G1_D1,1002,0,177,0,0
B10_D1,26,0,117,0,0
B10_D1,254,0,504,0,0
B6_D1,677,0,127,0,0
B10_D1,962,0,509,0,0
B6_D1,755,0,186,0,0
B10_D1,469,0,233,0,0
B10_D1,285,0,253,0,0
B10_D1,35,0,394,0,0
B10_D1,93,0,120,0,0
B2_D1,349,0,16,0,0
B4_D1,680,0,57,0,0
B6_D1,152,0,412,0,0
B10_D1,788,0,394,0,0
B10_D1,785,0,271,0,0
B10_D1,758,0,323,0,0
G1_D1,841,0,107,0,0
B6_D1,882,0,152,0,0
B10_D1,210,0,431,0,0
B4_D1,231,0,61,0,0
B6_D1,277,0,158,0,0
B4_D1,6,0,77,0,0
G1_D1,848,0,5,0,0
B10_D1,52,0,401,0,0
B4_D1,4,0,271,0,0
B6_D1,863,0,204,0,0
B6_D1,262,0,41,0,0
B6_D1,450,0,138,0,0
B4_D1,909,0,15,0,0
B6_D1,430,0,17,0,0
B6_D1,143,0,119,0,0
G1_D1,155,0,69,0,0
G1_D1,938,0,35,0,0
B6_D1,696,0,15,0,0
B10_D1,28,0,6,0,0
B6_D1,730,0,106,0,0
B6_D1,602,0,183,0,0
B10_D1,609,0,321,0,0
B4_D1,264,0,304,0,0
B6_D1,616,0,38,0,0
B6_D1,404,0,34,0,0
B10_D1,949,0,270,0,0
B10_D1,475,0,146,0,0
G1_D1,240,0,46,0,0
B6_D1,823,0,83,0,0
G1_D1,78,0,356,0,0
G1_D1,1017,0,279,0,0
B10_D1,761,0,92,0,0
B6_D1,382,0,144,0,0
B2_D1,574,0,221,0,0
G1_D1,248,0,23,0,0
G1_D1,30,0,20,0,0
B8_D1,391,0,283,0,0
B6_D1,878,0,31,0,0
B10_D1,317,0,10,0,0
B4_D1,529,0,248,0,0
B6_D1,90,0,287,0,0
G1_D1,996,0,138,0,0
B6_D1,990,0,308,0,0
B10_D1,757,0,336,0,0
B6_D1,779,0,395,0,0
B10_D1,603,0,205,0,0
B6_D1,354,0,461,0,0
B6_D1,124,0,495,0,0
B6_D1,940,0,108,0,0
B10_D1,332,0,22,0,0
G1_D1,66,0,445,0,0
B6_D1,876,0,144,0,0
B10_D1,390,0,68,0,0
B6_D1,893,0,423,0,0
B10_D1,197,0,35,0,0
G1_D1,435,0,299,0,0
B2_D1,153,0,264,0,0
B6_D1,459,0,108,0,0
B6_D1,248,0,13,0,0
G1_D1,1016,0,304,0,0
B6_D1,926,0,273,0,0
G1_D1,48,0,31,0,0
G1_D1,456,0,85,0,0
B6_D1,479,0,111,0,0
B4_D1,607,0,157,0,0
B10_D1,758,0,457,0,0
G1_D1,825,0,41,0,0
G1_D1,923,0,15,0,0
B6_D1,841,0,225,0,0
B2_D1,721,0,472,0,0
B2_D1,304,0,159,0,0
B6_D1,510,0,33,0,0
B2_D1,738,0,86,0,0
B10_D1,648,0,80,0,0
B2_D1,412,0,485,0,0
B10_D1,687,0,441,0,0
B10_D1,117,0,177,0,0
G1_D1,611,0,89,0,0
B8_D1,164,0,199,0,0
B6_D1,733,0,201,0,0
B4_D1,1,0,31,0,0
B4_D1,372,0,299,0,0
B6_D1,303,0,392,0,0
G1_D1,340,0,30,0,0
G1_D1,450,0,66,0,0
B4_D1,691,0,204,0,0
G1_D1,58,0,327,0,0
B10_D1,56,0,303,0,0
B6_D1,85,0,421,0,0
B6_D1,951,0,311,0,0
B6_D1,183,0,324,0,0
B6_D1,596,0,31,0,0
B6_D1,824,0,34,0,0
B10_D1,727,0,19,0,0
G1_D1,874,0,257,0,0
B10_D1,104,0,162,0,0
B10_D1,145,0,70,0,0
B10_D1,728,0,6,0,0
G1_D1,701,0,199,0,0
B6_D1,672,0,273,0,0
B2_D1,1,0,56,0,0
G1_D1,34,0,488,0,0
B6_D1,840,0,508,0,0
B6_D1,956,0,435,0,0
B6_D1,618,0,490,0,0
B10_D1,744,0,261,0,0
G1_D1,833,0,2,0,0
G1_D1,899,0,237,0,0
B10_D1,465,0,507,0,0
B6_D1,685,0,306,0,0
B4_D1,799,0,73,0,0
B10_D1,316,0,155,0,0
B6_D1,566,0,329,0,0
B10_D1,1020,0,96,0,0
B6_D1,23,0,224,0,0
B10_D1,183,0,59,0,0
G1_D1,849,0,10,0,0
B6_D1,536,0,46,0,0
B10_D1,722,0,445,0,0
B10_D1,273,0,245,0,0
B6_D1,249,0,423,0,0
B6_D1,604,0,11,0,0
B6_D1,548,0,482,0,0
B6_D1,864,0,45,0,0
B10_D1,736,0,24,0,0
B8_D1,598,0,221,0,0
G1_D1,43,0,132,0,0
B6_D1,998,0,10,0,0
B6_D1,111,0,373,0,0
G1_D1,996,0,173,0,0
B6_D1,454,0,430,0,0
B4_D1,769,0,242,0,0
B2_D1,797,0,61,0,0
B6_D1,177,0,452,0,0
B6_D1,78,0,196,0,0
B4_D1,471,0,201,0,0
B10_D1,377,0,411,0,0
G1_D1,12,0,123,0,0
B6_D1,698,0,7,0,0
G1_D1,770,0,11,0,0
B2_D1,938,0,26,0,0
G1_D1,805,0,307,0,0
B10_D1,22,0,230,0,0
B4_D1,945,0,115,0,0
B10_D1,970,0,38,0,0
B4_D1,259,0,330,0,0
B6_D1,927,0,417,0,0
B2_D1,849,0,263,0,0
B6_D1,772,0,432,0,0
G1_D1,15,0,75,0,0
B4_D1,200,0,356,0,0
B10_D1,867,0,336,0,0
G1_D1,362,0,224,0,0
G1_D1,211,0,128,0,0
B10_D1,194,0,57,0,0
B10_D1,462,0,115,0,0
B10_D1,344,0,239,0,0
B10_D1,161,0,10,0,0
G1_D1,537,0,20,0,0
B10_D1,520,0,53,0,0
B6_D1,597,0,187,0,0
B2_D1,881,0,32,0,0
B6_D1,956,0,128,0,0
B6_D1,703,0,301,0,0
B10_D1,692,0,164,0,0
G1_D1,968,0,480,0,0
B2_D1,918,0,511,0,0
B10_D1,220,0,93,0,0
B6_D1,623,0,359,0,0
B10_D1,449,0,28,0,0
B6_D1,642,0,0,0,0
B6_D1,61,0,402,0,0
B6_D1,520,0,41,0,0
G1_D1,250,0,78,0,0
B10_D1,317,0,215,0,0
B6_D1,966,0,502,0,0
G1_D1,419,0,143,0,0
B10_D1,740,0,349,0,0
B6_D1,574,0,351,0,0
B10_D1,216,0,116,0,0
B4_D1,385,0,16,0,0
B6_D1,920,0,476,0,0
B8_D1,136,0,257,0,0
B4_D1,682,0,25,0,0
B10_D1,75,0,74,0,0
B8_D1,749,0,203,0,0
B10_D1,682,0,303,0,0
B6_D1,878,0,349,0,0
B6_D1,423,0,463,0,0
G1_D1,398,0,5,0,0
B6_D1,856,0,130,0,0
B6_D1,847,0,131,0,0
B10_D1,600,0,44,0,0
B10_D1,184,0,201,0,0
B10_D1,769,0,295,0,0
B4_D1,739,0,267,0,0
B6_D1,804,0,91,0,0
G1_D1,810,0,34,0,0
B10_D1,293,0,265,0,0
B6_D1,610,0,351,0,0
B6_D1,70,0,17,0,0
B10_D1,636,0,410,0,0
B6_D1,864,0,64,0,0
B10_D1,237,0,2,0,0
B6_D1,922,0,501,0,0
B6_D1,1002,0,27,0,0
B6_D1,274,0,29,0,0
B6_D1,358,0,325,0,0
B4_D1,182,0,64,0,0
G1_D1,285,0,60,0,0
G1_D1,195,0,50,0,0
B6_D1,919,0,343,0,0
G1_D1,161,0,105,0,0
B4_D1,215,0,67,0,0
B6_D1,488,0,31,0,0
B8_D1,73,0,146,0,0
B8_D1,660,0,179,0,0
B6_D1,992,0,316,0,0
G1_D1,879,0,121,0,0
B10_D1,178,0,46,0,0
B10_D1,408,0,26,0,0
B10_D1,750,0,359,0,0
B6_D1,947,0,295,0,0
G1_D1,285,0,280,0,0
B2_D1,787,0,75,0,0
B6_D1,420,0,240,0,0
B6_D1,814,0,390,0,0
B6_D1,558,0,402,0,0
B10_D1,887,0,0,0,0
B10_D1,166,0,279,0,0
B4_D1,294,0,144,0,0
G1_D1,357,0,21,0,0
G1_D1,136,0,511,0,0
B6_D1,788,0,348,0,0
B10_D1,55,0,294,0,0
B6_D1,42,0,196,0,0
B10_D1,457,0,504,0,0
G1_D1,37,0,107,0,0
B6_D1,0,0,150,0,0
G1_D1,904,0,17,0,0
G1_D1,676,0,118,0,0
B4_D1,998,0,207,0,0
B10_D1,738,0,39,0,0
B2_D1,906,0,11,0,0
B6_D1,841,0,449,0,0
B6_D1,957,0,481,0,0
B6_D1,14,0,485,0,0
B10_D1,755,0,1,0,0
G1_D1,42,0,7,0,0
B10_D1,477,0,298,0,0
B6_D1,62,0,13,0,0
B10_D1,410,0,279,0,0
B10_D1,519,0,282,0,0
B6_D1,774,0,487,0,0
B10_D1,362,0,18,0,0
B4_D1,929,0,49,0,0
B4_D1,5,0,297,0,0
B10_D1,714,0,60,0,0
B10_D1,564,0,67,0,0
G1_D1,126,0,118,0,0
B6_D1,812,0,349,0,0
B6_D1,540,0,502,0,0
G1_D1,955,0,29,0,0
G1_D1,600,0,225,0,0
G1_D1,427,0,19,0,0
B6_D1,488,0,485,0,0
G1_D1,393,0,223,0,0
B6_D1,816,0,454,0,0
B2_D1,493,0,158,0,0
B10_D1,336,0,183,0,0
B10_D1,6,0,392,0,0
B6_D1,100,0,23,0,0
B10_D1,5,0,38,0,0
G1_D1,124,0,3,0,0
B10_D1,787,0,17,0,0
B6_D1,930,0,21,0,0
B10_D1,456,0,19,0,0
B10_D1,784,0,274,0,0
B8_D1,633,0,305,0,0
B6_D1,564,0,158,0,0
B6_D1,588,0,6,0,0
B10_D1,435,0,305,0,0
B6_D1,750,0,433,0,0
B6_D1,116,0,46,0,0
G1_D1,329,0,127,0,0
B10_D1,738,0,402,0,0
G1_D1,400,0,510,0,0
B6_D1,48,0,71,0,0
B10_D1,247,0,299,0,0
B10_D1,323,0,60,0,0
G1_D1,943,0,101,0,0
G1_D1,101,0,94,0,0
B6_D1,344,0,379,0,0
G1_D1,577,0,236,0,0
B6_D1,438,0,226,0,0
B6_D1,214,0,365,0,0
B2_D1,303,0,39,0,0
B10_D1,457,0,64,0,0
B6_D1,865,0,222,0,0
B6_D1,567,0,437,0,0
B10_D1,328,0,48,0,0
B10_D1,314,0,216,0,0
B10_D1,79,0,309,0,0
B10_D1,945,0,82,0,0
G1_D1,201,0,81,0,0
B6_D1,978,0,490,0,0
B2_D1,130,0,208,0,0
B6_D1,978,0,174,0,0
B10_D1,369,0,509,0,0
B6_D1,203,0,391,0,0
B8_D1,948,0,302,0,0
B10_D1,214,0,195,0,0
B6_D1,824,0,362,0,0
G1_D1,37,0,119,0,0
G1_D1,788,0,63,0,0
B6_D1,92,0,48,0,0
B4_D1,479,0,95,0,0
B6_D1,318,0,262,0,0
B6_D1,474,0,58,0,0
B10_D1,310,0,152,0,0
B8_D1,15,0,207,0,0
B8_D1,71,0,145,0,0
B10_D1,391,0,252,0,0
B6_D1,426,0,169,0,0
B6_D1,976,0,17,0,0
B4_D1,730,0,38,0,0
B2_D1,408,0,289,0,0
G1_D1,619,0,114,0,0
B6_D1,620,0,40,0,0
G1_D1,767,0,15,0,0
B6_D1,376,0,325,0,0
B10_D1,688,0,162,0,0
B10_D1,728,0,75,0,0
B2_D1,208,0,511,0,0
B10_D1,422,0,75,0,0
B6_D1,560,0,1,0,0
B6_D1,770,0,40,0,0
B6_D1,116,0,412,0,0
G1_D1,942,0,290,0,0
G1_D1,330,0,57,0,0
G1_D1,29,0,109,0,0
B4_D1,605,0,92,0,0
B10_D1,116,0,497,0,0
B6_D1,986,0,494,0,0
B10_D1,647,0,146,0,0
B10_D1,458,0,310,0,0
B6_D1,778,0,492,0,0
B10_D1,17,0,124,0,0
B6_D1,849,0,263,0,0
B4_D1,457,0,286,0,0
B8_D1,556,0,216,0,0
B10_D1,497,0,476,0,0
B10_D1,149,0,256,0,0
B6_D1,866,0,109,0,0
B6_D1,958,0,214,0,0
B6_D1,554,0,266,0,0
B8_D1,874,0,304,0,0
B6_D1,1000,0,434,0,0
B6_D1,167,0,124,0,0
B10_D1,206,0,66,0,0
B4_D1,400,0,194,0,0
B10_D1,379,0,3,0,0
B10_D1,845,0,316,0,0
B2_D1,401,0,45,0,0
B6_D1,568,0,391,0,0
B2_D1,755,0,79,0,0
B10_D1,146,0,106,0,0
B6_D1,864,0,241,0,0
B10_D1,317,0,90,0,0
G1_D1,892,0,45,0,0
B10_D1,612,0,410,0,0
B6_D1,504,0,30,0,0
B6_D1,42,0,499,0,0
B6_D1,608,0,488,0,0
B4_D1,973,0,33,0,0
B10_D1,368,0,27,0,0
B10_D1,429,0,278,0,0
G1_D1,373,0,12,0,0
B6_D1,833,0,152,0,0
G1_D1,215,0,265,0,0
B6_D1,643,0,466,0,0
B10_D1,598,0,158,0,0
B6_D1,509,0,253,0,0
B2_D1,741,0,190,0,0
B6_D1,350,0,154,0,0
B6_D1,26,0,200,0,0
B10_D1,46,0,78,0,0
B10_D1,572,0,218,0,0
B10_D1,59,0,263,0,0
B4_D1,840,0,217,0,0
B6_D1,502,0,29,0,0
B6_D1,14,0,1,0,0
G1_D1,509,0,41,0,0
B10_D1,446,0,214,0,0
G1_D1,254,0,274,0,0
B8_D1,225,0,340,0,0
B10_D1,12,0,127,0,0
B6_D1,627,0,170,0,0
G1_D1,29,0,221,0,0
G1_D1,94,0,9,0,0
B6_D1,514,0,504,0,0
B4_D1,128,0,183,0,0
G1_D1,16,0,106,0,0
B2_D1,904,0,39,0,0
G1_D1,25,0,298,0,0
B10_D1,183,0,37,0,0
B10_D1,90,0,130,0,0
B2_D1,546,0,481,0,0
B10_D1,650,0,305,0,0
G1_D1,676,0,310,0,0
B10_D1,472,0,409,0,0
B6_D1,924,0,90,0,0
B10_D1,562,0,291,0,0
B2_D1,765,0,475,0,0
B4_D1,526,0,254,0,0
G1_D1,7,0,277,0,0
G1_D1,523,0,107,0,0
B10_D1,119,0,64,0,0
G1_D1,87,0,95,0,0
B10_D1,637,0,239,0,0
G1_D1,88,0,272,0,0
G1_D1,30,0,268,0,0
B6_D1,615,0,481,0,0
B2_D1,913,0,427,0,0
B6_D1,375,0,156,0,0
B6_D1,910,0,44,0,0
B6_D1,346,0,413,0,0
B2_D1,307,0,158,0,0
B6_D1,154,0,94,0,0
B10_D1,296,0,158,0,0
B10_D1,189,0,129,0,0
B6_D1,230,0,293,0,0
G1_D1,876,0,439,0,0
G1_D1,638,0,36,0,0
G1_D1,734,0,100,0,0
G1_D1,81,0,93,0,0
G1_D1,913,0,292,0,0
B10_D1,413,0,499,0,0
B10_D1,42,0,169,0,0
G1_D1,305,0,48,0,0
B4_D1,37,0,10,0,0
B10_D1,273,0,187,0,0
G1_D1,212,0,129,0,0
B4_D1,213,0,41,0,0
G1_D1,545,0,28,0,0
B6_D1,568,0,17,0,0
G1_D1,473,0,14,0,0
B2_D1,169,0,129,0,0
B4_D1,384,0,297,0,0
B4_D1,533,0,209,0,0
B8_D1,295,0,319,0,0
G1_D1,51,0,125,0,0
B6_D1,127,0,84,0,0
B10_D1,152,0,273,0,0
B10_D1,318,0,82,0,0
G1_D1,45,0,187,0,0
G1_D1,444,0,22,0,0
B6_D1,665,0,341,0,0
B10_D1,780,0,168,0,0
B6_D1,155,0,88,0,0
B6_D1,919,0,406,0,0
B10_D1,337,0,100,0,0
B10_D1,300,0,145,0,0
B6_D1,524,0,491,0,0
B2_D1,256,0,200,0,0
B4_D1,111,0,299,0,0
G1_D1,80,0,104,0,0
G1_D1,1014,0,259,0,0
B10_D1,524,0,71,0,0
B4_D1,500,0,374,0,0
B10_D1,446,0,89,0,0
B10_D1,396,0,167,0,0
B2_D1,789,0,60,0,0
B6_D1,948,0,194,0,0
B10_D1,733,0,106,0,0
B6_D1,1006,0,41,0,0
B2_D1,755,0,87,0,0
B6_D1,768,0,272,0,0
B6_D1,822,0,144,0,0
B10_D1,928,0,262,0,0
B10_D1,152,0,120,0,0
G1_D1,26,0,32,0,0
G1_D1,938,0,244,0,0
B2_D1,445,0,373,0,0
B6_D1,384,0,39,0,0
G1_D1,151,0,254,0,0
G1_D1,653,0,73,0,0
G1_D1,1008,0,0,0,0
B10_D1,138,0,152,0,0
G1_D1,32,0,94,0,0
B10_D1,881,0,41,0,0
B6_D1,338,0,379,0,0
G1_D1,120,0,455,0,0
G1_D1,146,0,187,0,0
B6_D1,586,0,284,0,0
G1_D1,976,0,42,0,0
B4_D1,1,0,250,0,0
B6_D1,20,0,37,0,0
B10_D1,618,0,130,0,0
B6_D1,874,0,507,0,0
G1_D1,1011,0,333,0,0
B10_D1,162,0,70,0,0
B8_D1,296,0,186,0,0
B10_D1,157,0,182,0,0
B4_D1,5,0,44,0,0
B10_D1,395,0,152,0,0
G1_D1,507,0,480,0,0
B6_D1,629,0,304,0,0
G1_D1,729,0,20,0,0
B6_D1,791,0,125,0,0
B6_D1,654,0,185,0,0
G1_D1,860,0,19,0,0
G1_D1,939,0,23,0,0
B6_D1,233,0,479,0,0
B4_D1,165,0,111,0,0
G1_D1,537,0,234,0,0
B10_D1,159,0,218,0,0
B6_D1,39,0,96,0,0
B10_D1,234,0,426,0,0
G1_D1,1002,0,167,0,0
G1_D1,479,0,41,0,0
B10_D1,307,0,24,0,0
B2_D1,29,0,510,0,0
G1_D1,73,0,267,0,0
G1_D1,49,0,152,0,0
G1_D1,608,0,140,0,0
B6_D1,434,0,19,0,0
B6_D1,175,0,62,0,0
G1_D1,750,0,207,0,0
B10_D1,249,0,123,0,0
B10_D1,1020,0,62,0,0
B6_D1,802,0,2,0,0
B6_D1,432,0,6,0,0
B6_D1,174,0,0,0,0
G1_D1,32,0,477,0,0
G1_D1,423,0,17,0,0
G1_D1,41,0,322,0,0
B10_D1,361,0,59,0,0
B6_D1,441,0,287,0,0
B10_D1,825,0,414,0,0
B10_D1,687,0,269,0,0
B6_D1,46,0,268,0,0
B10_D1,436,0,147,0,0
B10_D1,419,0,89,0,0
B6_D1,140,0,258,0,0
B6_D1,703,0,148,0,0
B6_D1,237,0,91,0,0
B10_D1,798,0,56,0,0
G1_D1,244,0,175,0,0
B6_D1,806,0,285,0,0
G1_D1,269,0,15,0,0
B6_D1,976,0,421,0,0
G1_D1,491,0,99,0,0
B10_D1,852,0,440,0,0
B6_D1,556,0,44,0,0
B6_D1,253,0,461,0,0
G1_D1,391,0,133,0,0
B6_D1,820,0,8,0,0
B6_D1,870,0,206,0,0
B2_D1,211,0,403,0,0
G1_D1,491,0,243,0,0
B4_D1,290,0,17,0,0
B10_D1,225,0,232,0,0
G1_D1,79,0,49,0,0
G1_D1,975,0,285,0,0
B10_D1,90,0,172,0,0
G1_D1,539,0,74,0,0
B6_D1,702,0,33,0,0
B10_D1,783,0,416,0,0
G1_D1,906,0,109,0,0
B4_D1,204,0,157,0,0
B10_D1,168,0,60,0,0
B10_D1,119,0,258,0,0
B10_D1,399,0,116,0,0
G1_D1,447,0,366,0,0
B10_D1,761,0,81,0,0
B10_D1,87,0,259,0,0
G1_D1,341,0,479,0,0
B6_D1,817,0,298,0,0
G1_D1,633,0,239,0,0
B6_D1,260,0,500,0,0
B6_D1,775,0,299,0,0
B6_D1,18,0,15,0,0
B6_D1,690,0,129,0,0
G1_D1,163,0,342,0,0
B6_D1,672,0,0,0,0
B10_D1,453,0,165,0,0
B10_D1,416,0,491,0,0
B10_D1,802,0,176,0,0
B10_D1,232,0,129,0,0
B6_D1,278,0,10,0,0
B6_D1,385,0,215,0,0
B6_D1,186,0,493,0,0
B4_D1,454,0,418,0,0
B6_D1,93,0,418,0,0
B10_D1,645,0,2,0,0
B4_D1,350,0,360,0,0
B6_D1,1002,0,493,0,0
B6_D1,860,0,71,0,0
B6_D1,994,0,396,0,0
B6_D1,75,0,272,0,0
B6_D1,886,0,57,0,0
B2_D1,58,0,511,0,0
B4_D1,172,0,76,0,0
B10_D1,110,0,413,0,0
G1_D1,273,0,462,0,0
B10_D1,252,0,135,0,0
G1_D1,256,0,34,0,0
B6_D1,90,0,203,0,0
B10_D1,419,0,274,0,0
B10_D1,181,0,438,0,0
B10_D1,100,0,48,0,0
G1_D1,1016,0,162,0,0
G1_D1,975,0,206,0,0
G1_D1,542,0,1,0,0
B6_D1,952,0,344,0,0
B10_D1,563,0,319,0,0
B10_D1,641,0,31,0,0
B10_D1,268,0,210,0,0
B2_D1,11,0,41,0,0
B6_D1,749,0,329,0,0
B6_D1,644,0,172,0,0
G1_D1,470,0,1,0,0
B10_D1,384,0,484,0,0
B6_D1,736,0,501,0,0
B6_D1,197,0,81,0,0
G1_D1,370,0,56,0,0
B6_D1,252,0,128,0,0
B6_D1,436,0,478,0,0
B6_D1,30,0,141,0,0
G1_D1,21,0,68,0,0
G1_D1,27,0,118,0,0
B6_D1,154,0,504,0,0
B10_D1,603,0,9,0,0
B6_D1,970,0,11,0,0
B10_D1,729,0,269,0,0
B10_D1,108,0,407,0,0
B10_D1,98,0,279,0,0
G1_D1,1000,0,145,0,0
G1_D1,178,0,343,0,0
B6_D1,796,0,111,0,0
B6_D1,120,0,366,0,0
B6_D1,754,0,350,0,0
B10_D1,701,0,324,0,0
B4_D1,210,0,68,0,0
G1_D1,580,0,17,0,0
B10_D1,771,0,258,0,0
B10_D1,79,0,7,0,0
B4_D1,412,0,233,0,0
B10_D1,387,0,184,0,0
B6_D1,594,0,423,0,0
B10_D1,20,0,177,0,0
B4_D1,175,0,36,0,0
B4_D1,136,0,285,0,0
B6_D1,728,0,485,0,0
B4_D1,452,0,222,0,0
B10_D1,542,0,106,0,0
B10_D1,263,0,121,0,0
B10_D1,322,0,48,0,0
B10_D1,918,0,217,0,0
B6_D1,247,0,454,0,0
B10_D1,339,0,46,0,0
B2_D1,686,0,431,0,0
B6_D1,127,0,261,0,0
B10_D1,104,0,209,0,0
B6_D1,259,0,130,0,0
B4_D1,663,0,15,0,0
G1_D1,127,0,133,0,0
G1_D1,349,0,268,0,0
G1_D1,379,0,12,0,0
B6_D1,879,0,165,0,0
G1_D1,473,0,89,0,0
B6_D1,1,0,302,0,0
B6_D1,10,0,38,0,0
B6_D1,42,0,18,0,0
B6_D1,578,0,43,0,0
B4_D1,4,0,168,0,0
B4_D1,710,0,35,0,0
G1_D1,285,0,173,0,0
B10_D1,785,0,2,0,0
B10_D1,1020,0,144,0,0
G1_D1,347,0,15,0,0
B10_D1,538,0,65,0,0
B4_D1,952,0,111,0,0
B6_D1,773,0,57,0,0
B2_D1,698,0,52,0,0
B10_D1,456,0,120,0,0
B6_D1,890,0,447,0,0
B4_D1,735,0,199,0,0
B6_D1,194,0,37,0,0
B6_D1,52,0,117,0,0
B2_D1,733,0,53,0,0
B6_D1,150,0,490,0,0
B10_D1,926,0,67,0,0
G1_D1,1018,0,449,0,0
B10_D1,100,0,165,0,0
B6_D1,380,0,293,0,0
G1_D1,245,0,134,0,0
B10_D1,315,0,190,0,0
B8_D1,913,0,236,0,0
G1_D1,1,0,450,0,0
B6_D1,868,0,41,0,0
B6_D1,978,0,9,0,0
G1_D1,389,0,106,0,0
B2_D1,503,0,125,0,0
B10_D1,811,0,276,0,0
B10_D1,501,0,472,0,0
B4_D1,6,0,317,0,0
B6_D1,920,0,302,0,0
B2_D1,596,0,482,0,0
B6_D1,913,0,307,0,0
B6_D1,693,0,211,0,0
G1_D1,897,0,32,0,0
B10_D1,371,0,282,0,0
B4_D1,322,0,174,0,0
B10_D1,220,0,181,0,0
B10_D1,264,0,238,0,0
B6_D1,499,0,173,0,0
B6_D1,407,0,124,0,0
B6_D1,883,0,457,0,0
B10_D1,187,0,81,0,0
B4_D1,510,0,217,0,0
B6_D1,854,0,485,0,0
G1_D1,1020,0,185,0,0
B10_D1,365,0,135,0,0
B6_D1,916,0,26,0,0
G1_D1,283,0,12,0,0
B10_D1,225,0,231,0,0
B6_D1,256,0,85,0,0
B6_D1,336,0,24,0,0
B10_D1,786,0,100,0,0
B6_D1,546,0,372,0,0
B2_D1,871,0,266,0,0
B10_D1,249,0,61,0,0
B2_D1,412,0,476,0,0
G1_D1,164,0,11,0,0
B2_D1,264,0,297,0,0
B6_D1,436,0,20,0,0
B10_D1,796,0,95,0,0
B10_D1,763,0,255,0,0
B2_D1,3,0,31,0,0
B10_D1,305,0,242,0,0
B10_D1,235,0,148,0,0
G1_D1,467,0,89,0,0
B6_D1,851,0,344,0,0
G1_D1,764,0,473,0,0
B2_D1,848,0,368,0,0
B6_D1,934,0,14,0,0
G1_D1,923,0,455,0,0
B2_D1,952,0,272,0,0
B4_D1,115,0,61,0,0
B10_D1,495,0,2,0,0
G1_D1,1014,0,32,0,0
B6_D1,746,0,31,0,0
B6_D1,288,0,508,0,0
B10_D1,13,0,93,0,0
B6_D1,464,0,416,0,0
B2_D1,201,0,130,0,0
B10_D1,72,0,270,0,0
B4_D1,70,0,85,0,0
B10_D1,363,0,124,0,0
B4_D1,644,0,78,0,0
B6_D1,217,0,373,0,0
G1_D1,539,0,279,0,0
B10_D1,591,0,457,0,0
G1_D1,179,0,2,0,0
B6_D1,120,0,493,0,0
B10_D1,390,0,228,0,0
B6_D1,334,0,222,0,0
B2_D1,723,0,140,0,0
B2_D1,191,0,54,0,0
B10_D1,688,0,10,0,0
B10_D1,242,0,400,0,0
B10_D1,43,0,208,0,0
B10_D1,677,0,301,0,0
B4_D1,219,0,237,0,0
G1_D1,1022,0,48,0,0
B6_D1,1022,0,506,0,0
B2_D1,455,0,111,0,0
B4_D1,796,0,41,0,0
B6_D1,620,0,344,0,0
G1_D1,883,0,251,0,0
B6_D1,848,0,506,0,0
B6_D1,136,0,29,0,0
B10_D1,540,0,273,0,0
B4_D1,6,0,487,0,0
B4_D1,838,0,46,0,0
G1_D1,7,0,380,0,0
B10_D1,238,0,304,0,0
B4_D1,846,0,96,0,0
B6_D1,955,0,227,0,0
B6_D1,719,0,95,0,0
B6_D1,957,0,132,0,0
G1_D1,703,0,51,0,0
B6_D1,300,0,137,0,0
B10_D1,605,0,113,0,0
B10_D1,922,0,231,0,0
B6_D1,604,0,376,0,0
B6_D1,132,0,33,0,0
B4_D1,630,0,150,0,0
B6_D1,738,0,57,0,0
B10_D1,47,0,135,0,0
B6_D1,164,0,242,0,0
B10_D1,203,0,445,0,0
B6_D1,418,0,38,0,0
B10_D1,575,0,46,0,0
B6_D1,398,0,447,0,0
B10_D1,934,0,221,0,0
B6_D1,42,0,36,0,0
B10_D1,99,0,185,0,0
B6_D1,968,0,131,0,0
G1_D1,251,0,408,0,0
B6_D1,106,0,424,0,0
G1_D1,186,0,138,0,0
G1_D1,85,0,6,0,0
G1_D1,209,0,153,0,0
B6_D1,194,0,494,0,0
B10_D1,142,0,90,0,0
B6_D1,901,0,266,0,0
B6_D1,714,0,432,0,0
B10_D1,296,0,180,0,0
B8_D1,81,0,188,0,0
B6_D1,57,0,55,0,0
B4_D1,614,0,143,0,0
B10_D1,805,0,214,0,0
B10_D1,3,0,186,0,0
B4_D1,73,0,58,0,0
G1_D1,351,0,45,0,0
B2_D1,783,0,61,0,0
B6_D1,808,0,90,0,0
B6_D1,831,0,228,0,0
B6_D1,668,0,126,0,0
B6_D1,756,0,6,0,0
B10_D1,198,0,42,0,0
B10_D1,900,0,255,0,0
B4_D1,114,0,335,0,0
B10_D1,26,0,189,0,0
B4_D1,18,0,129,0,0
B10_D1,401,0,508,0,0
B10_D1,33,0,121,0,0
B6_D1,714,0,21,0,0
G1_D1,570,0,510,0,0
G1_D1,787,0,93,0,0
B6_D1,500,0,13,0,0
B6_D1,12,0,496,0,0
B6_D1,828,0,150,0,0
G1_D1,1003,0,26,0,0
B2_D1,442,0,485,0,0
G1_D1,978,0,49,0,0
B4_D1,968,0,44,0,0
B10_D1,826,0,61,0,0
G1_D1,947,0,276,0,0
B6_D1,840,0,42,0,0
G1_D1,744,0,510,0,0
B10_D1,823,0,426,0,0
B6_D1,737,0,336,0,0
G1_D1,60,0,31,0,0
B6_D1,188,0,67,0,0
B2_D1,580,0,472,0,0
B6_D1,820,0,20,0,0
B6_D1,312,0,335,0,0
G1_D1,34,0,96,0,0
G1_D1,698,0,127,0,0
B10_D1,818,0,91,0,0
B10_D1,946,0,78,0,0
B6_D1,86,0,275,0,0
B4_D1,315,0,216,0,0
G1_D1,256,0,299,0,0
B6_D1,101,0,375,0,0
B6_D1,377,0,349,0,0
G1_D1,207,0,44,0,0
G1_D1,414,0,227,0,0
B6_D1,387,0,409,0,0
B10_D1,10,0,6,0,0
B6_D1,220,0,425,0,0
B10_D1,1012,0,158,0,0
B8_D1,91,0,329,0,0
B10_D1,282,0,5,0,0
B10_D1,13,0,201,0,0
B4_D1,77,0,317,0,0
B10_D1,726,0,326,0,0
G1_D1,789,0,30,0,0
B6_D1,192,0,424,0,0
G1_D1,783,0,43,0,0
B6_D1,896,0,119,0,0
B10_D1,263,0,277,0,0
B10_D1,2,0,393,0,0
B6_D1,35,0,168,0,0
B4_D1,2,0,314,0,0
B2_D1,968,0,35,0,0
B4_D1,776,0,253,0,0
B6_D1,138,0,505,0,0
G1_D1,327,0,35,0,0
B10_D1,543,0,256,0,0
B10_D1,102,0,487,0,0
B6_D1,54,0,6,0,0
B10_D1,708,0,402,0,0
G1_D1,159,0,17,0,0
B10_D1,521,0,306,0,0
B6_D1,862,0,486,0,0
B2_D1,676,0,509,0,0
B2_D1,90,0,25,0,0
G1_D1,620,0,110,0,0
B6_D1,265,0,72,0,0
B2_D1,151,0,0,0,0
B6_D1,490,0,351,0,0
B8_D1,103,0,273,0,0
B6_D1,148,0,233,0,0
G1_D1,733,0,325,0,0
B4_D1,405,0,409,0,0
G1_D1,363,0,4,0,0
B6_D1,808,0,257,0,0
B10_D1,196,0,435,0,0
B10_D1,693,0,61,0,0
B6_D1,266,0,25,0,0
B10_D1,702,0,401,0,0
G1_D1,141,0,21,0,0
B10_D1,180,0,436,0,0
B10_D1,562,0,267,0,0
B2_D1,901,0,164,0,0
B4_D1,2,0,222,0,0
B4_D1,399,0,100,0,0
G1_D1,267,0,265,0,0
G1_D1,90,0,7,0,0
B6_D1,928,0,47,0,0
B4_D1,505,0,375,0,0
B10_D1,556,0,162,0,0
B10_D1,642,0,32,0,0
B10_D1,805,0,99,0,0
B10_D1,202,0,155,0,0
G1_D1,1014,0,363,0,0
B6_D1,768,0,490,0,0
G1_D1,670,0,121,0,0
B10_D1,818,0,174,0,0
B6_D1,350,0,104,0,0
B2_D1,340,0,291,0,0
B6_D1,711,0,67,0,0
G1_D1,996,0,7,0,0
B6_D1,651,0,287,0,0
G1_D1,146,0,170,0,0
B6_D1,332,0,152,0,0
B4_D1,1022,0,317,0,0
B6_D1,883,0,322,0,0
G1_D1,233,0,174,0,0
B10_D1,177,0,280,0,0
B10_D1,147,0,115,0,0
B4_D1,985,0,62,0,0
B4_D1,165,0,52,0,0
B2_D1,727,0,36,0,0
B6_D1,951,0,427,0,0
B6_D1,855,0,274,0,0
B10_D1,505,0,123,0,0
B10_D1,648,0,70,0,0
B10_D1,1019,0,116,0,0
G1_D1,67,0,96,0,0
B10_D1,479,0,274,0,0
B10_D1,223,0,240,0,0
G1_D1,1020,0,393,0,0
B4_D1,4,0,20,0,0
B10_D1,462,0,221,0,0
B10_D1,38,0,50,0,0
G1_D1,514,0,33,0,0
B6_D1,683,0,196,0,0
B10_D1,275,0,511,0,0
B6_D1,586,0,282,0,0
B2_D1,846,0,511,0,0
G1_D1,212,0,142,0,0
B6_D1,880,0,495,0,0
B6_D1,136,0,23,0,0
B10_D1,977,0,501,0,0
B10_D1,644,0,240,0,0
B6_D1,880,0,133,0,0
B10_D1,733,0,104,0,0
B10_D1,738,0,405,0,0
B10_D1,10,0,128,0,0
G1_D1,462,0,509,0,0
B4_D1,8,0,402,0,0
G1_D1,800,0,494,0,0
G1_D1,280,0,411,0,0
G1_D1,1003,0,63,0,0
B4_D1,180,0,26,0,0
B6_D1,199,0,381,0,0
B10_D1,831,0,245,0,0
B10_D1,994,0,7,0,0
B6_D1,703,0,442,0,0
B6_D1,20,0,506,0,0
B10_D1,467,0,59,0,0
B10_D1,339,0,167,0,0
B6_D1,196,0,492,0,0
B6_D1,226,0,387,0,0
B10_D1,599,0,220,0,0
B10_D1,684,0,72,0,0
B10_D1,836,0,191,0,0
B6_D1,922,0,402,0,0
B10_D1,544,0,285,0,0
B6_D1,900,0,499,0,0
B6_D1,160,0,351,0,0
B6_D1,152,0,40,0,0
B10_D1,92,0,43,0,0
B4_D1,689,0,186,0,0
B10_D1,580,0,310,0,0
B4_D1,83,0,4,0,0
G1_D1,1004,0,262,0,0
B6_D1,792,0,493,0,0
B10_D1,217,0,289,0,0
B6_D1,344,0,414,0,0
B6_D1,294,0,508,0,0
B6_D1,604,0,338,0,0
B10_D1,605,0,315,0,0
B2_D1,626,0,362,0,0
B6_D1,721,0,113,0,0
B6_D1,850,0,2,0,0
B2_D1,436,0,288,0,0
G1_D1,252,0,20,0,0
G1_D1,876,0,233,0,0
B2_D1,759,0,77,0,0
B4_D1,584,0,231,0,0
B10_D1,499,0,98,0,0
G1_D1,44,0,46,0,0
G1_D1,856,0,3,0,0
B6_D1,528,0,165,0,0
B6_D1,420,0,18,0,0
B10_D1,588,0,483,0,0
B10_D1,60,0,5,0,0
G1_D1,385,0,37,0,0
B6_D1,110,0,10,0,0
B6_D1,226,0,71,0,0
G1_D1,925,0,74,0,0
B6_D1,870,0,36,0,0
G1_D1,366,0,20,0,0
B10_D1,693,0,315,0,0
B10_D1,107,0,111,0,0
B6_D1,155,0,409,0,0
B10_D1,845,0,187,0,0
G1_D1,16,0,56,0,0
B10_D1,931,0,380,0,0
B6_D1,660,0,163,0,0
B6_D1,233,0,77,0,0
B10_D1,355,0,115,0,0
B6_D1,801,0,458,0,0
B4_D1,670,0,247,0,0
G1_D1,794,0,48,0,0
G1_D1,305,0,138,0,0
G1_D1,569,0,8,0,0
G1_D1,551,0,14,0,0
B10_D1,155,0,272,0,0
B6_D1,939,0,132,0,0
B6_D1,872,0,223,0,0
B10_D1,62,0,140,0,0
B6_D1,592,0,489,0,0
B8_D1,488,0,295,0,0
B10_D1,388,0,128,0,0
B10_D1,650,0,464,0,0
B2_D1,879,0,33,0,0
G1_D1,776,0,78,0,0
G1_D1,154,0,113,0,0
G1_D1,973,0,213,0,0
B6_D1,221,0,198,0,0
G1_D1,40,0,216,0,0
B6_D1,812,0,46,0,0
B10_D1,206,0,48,0,0
B6_D1,480,0,242,0,0
G1_D1,321,0,483,0,0
G1_D1,912,0,332,0,0
B6_D1,125,0,270,0,0
G1_D1,34,0,237,0,0
B4_D1,94,0,275,0,0
G1_D1,969,0,73,0,0
B2_D1,771,0,52,0,0
B8_D1,570,0,292,0,0
B2_D1,895,0,27,0,0
B6_D1,829,0,452,0,0
G1_D1,255,0,287,0,0
B6_D1,348,0,15,0,0
B6_D1,896,0,22,0,0
B8_D1,552,0,292,0,0
B6_D1,849,0,110,0,0
B10_D1,240,0,293,0,0
G1_D1,663,0,274,0,0
G1_D1,27,0,116,0,0
B10_D1,430,0,160,0,0
B6_D1,416,0,13,0,0
B2_D1,608,0,224,0,0
G1_D1,1006,0,191,0,0
B10_D1,295,0,36,0,0
B2_D1,893,0,167,0,0
B6_D1,227,0,479,0,0
B6_D1,222,0,63,0,0
B2_D1,486,0,165,0,0
G1_D1,982,0,282,0,0
B10_D1,544,0,90,0,0
B6_D1,239,0,335,0,0
B6_D1,28,0,492,0,0
B6_D1,276,0,33,0,0
B6_D1,520,0,478,0,0
B6_D1,29,0,401,0,0
B6_D1,540,0,30,0,0
B2_D1,410,0,209,0,0
B10_D1,59,0,42,0,0
B6_D1,522,0,402,0,0
G1_D1,479,0,89,0,0
B10_D1,187,0,3,0,0
G1_D1,49,0,38,0,0
G1_D1,44,0,52,0,0
B6_D1,765,0,210,0,0
B6_D1,47,0,75,0,0
B10_D1,292,0,84,0,0
B4_D1,572,0,247,0,0
G1_D1,624,0,86,0,0
B10_D1,535,0,312,0,0
B6_D1,940,0,286,0,0
B10_D1,259,0,305,0,0
B6_D1,746,0,506,0,0
B6_D1,388,0,177,0,0
B6_D1,870,0,137,0,0
B10_D1,869,0,202,0,0
B10_D1,715,0,313,0,0
B6_D1,926,0,34,0,0
G1_D1,63,0,164,0,0
G1_D1,392,0,1,0,0
B6_D1,459,0,136,0,0
B6_D1,667,0,417,0,0
B6_D1,251,0,380,0,0
B6_D1,682,0,156,0,0
B10_D1,162,0,505,0,0
B2_D1,600,0,481,0,0
B6_D1,457,0,173,0,0
B6_D1,650,0,381,0,0
B6_D1,850,0,38,0,0
B2_D1,496,0,468,0,0
G1_D1,734,0,318,0,0
G1_D1,468,0,22,0,0
B8_D1,22,0,3,0,0
B10_D1,444,0,410,0,0
B6_D1,353,0,323,0,0
B6_D1,429,0,331,0,0
B2_D1,708,0,50,0,0
B2_D1,366,0,289,0,0
B10_D1,841,0,189,0,0
B10_D1,180,0,60,0,0
G1_D1,1016,0,457,0,0
B10_D1,333,0,188,0,0
B4_D1,631,0,202,0,0
G1_D1,484,0,44,0,0
B10_D1,161,0,11,0,0
B6_D1,922,0,47,0,0
B8_D1,107,0,197,0,0
B6_D1,264,0,21,0,0
B10_D1,315,0,455,0,0
B6_D1,784,0,2,0,0
B6_D1,1000,0,334,0,0
G1_D1,294,0,96,0,0
B6_D1,752,0,290,0,0
B6_D1,866,0,509,0,0
B6_D1,181,0,402,0,0
B10_D1,699,0,7,0,0
B6_D1,131,0,408,0,0
B10_D1,954,0,23,0,0
B10_D1,663,0,470,0,0
B4_D1,750,0,233,0,0
B2_D1,426,0,492,0,0
B6_D1,532,0,295,0,0
B10_D1,202,0,278,0,0
B10_D1,33,0,279,0,0
B8_D1,755,0,312,0,0
B10_D1,716,0,158,0,0
B10_D1,165,0,288,0,0
B10_D1,385,0,182,0,0
B10_D1,669,0,117,0,0
B6_D1,4,0,353,0,0
G1_D1,194,0,120,0,0
G1_D1,432,0,7,0,0
B10_D1,366,0,211,0,0
B10_D1,607,0,231,0,0
B4_D1,1023,0,21,0,0
B6_D1,952,0,345,0,0
B4_D1,369,0,298,0,0
G1_D1,1020,0,147,0,0
B10_D1,383,0,25,0,0
B8_D1,196,0,192,0,0
B10_D1,515,0,89,0,0
G1_D1,803,0,211,0,0
B10_D1,496,0,97,0,0
B4_D1,647,0,227,0,0
B6_D1,412,0,117,0,0
B10_D1,459,0,216,0,0
B2_D1,895,0,261,0,0
B6_D1,186,0,279,0,0
B4_D1,0,0,92,0,0
B10_D1,622,0,420,0,0
B10_D1,167,0,246,0,0
G1_D1,559,0,107,0,0
B6_D1,681,0,154,0,0
G1_D1,51,0,104,0,0
B8_D1,700,0,250,0,0
B6_D1,356,0,100,0,0
B2_D1,151,0,273,0,0
B6_D1,708,0,415,0,0
B6_D1,930,0,247,0,0
B6_D1,670,0,498,0,0
B6_D1,161,0,273,0,0
B6_D1,460,0,489,0,0
B6_D1,682,0,332,0,0
B6_D1,647,0,274,0,0
B10_D1,204,0,364,0,0
B10_D1,139,0,354,0,0
G1_D1,179,0,47,0,0
B6_D1,674,0,13,0,0
B2_D1,631,0,289,0,0
B6_D1,146,0,271,0,0
B6_D1,286,0,173,0,0
B6_D1,458,0,46,0,0
B10_D1,515,0,511,0,0
B6_D1,1020,0,450,0,0
B10_D1,185,0,167,0,0
B4_D1,121,0,168,0,0
B6_D1,777,0,194,0,0
G1_D1,937,0,16,0,0
B10_D1,793,0,306,0,0
B6_D1,891,0,274,0,0
G1_D1,813,0,4,0,0
B4_D1,753,0,208,0,0
G1_D1,50,0,35,0,0
B6_D1,183,0,307,0,0
B10_D1,234,0,113,0,0
G1_D1,874,0,71,0,0
B2_D1,496,0,467,0,0
G1_D1,611,0,226,0,0
B10_D1,115,0,403,0,0
B6_D1,536,0,10,0,0
B6_D1,635,0,359,0,0
B10_D1,458,0,112,0,0
B4_D1,516,0,102,0,0
B10_D1,750,0,11,0,0
B10_D1,626,0,257,0,0
B6_D1,708,0,366,0,0
B6_D1,646,0,284,0,0
B6_D1,805,0,256,0,0
G1_D1,43,0,16,0,0
G1_D1,931,0,61,0,0
B6_D1,896,0,37,0,0
B4_D1,8,0,218,0,0
B6_D1,710,0,60,0,0
G1_D1,8,0,192,0,0
G1_D1,253,0,57,0,0
B4_D1,836,0,49,0,0
G1_D1,21,0,86,0,0
B2_D1,716,0,85,0,0
B6_D1,351,0,81,0,0
G1_D1,203,0,56,0,0
B10_D1,149,0,301,0,0
B10_D1,1020,0,70,0,0
B6_D1,283,0,244,0,0
B8_D1,600,0,220,0,0
B10_D1,688,0,62,0,0
B10_D1,77,0,90,0,0
B6_D1,544,0,240,0,0
B6_D1,676,0,492,0,0
B4_D1,116,0,84,0,0
B10_D1,200,0,282,0,0
B10_D1,709,0,475,0,0
B6_D1,46,0,397,0,0
B10_D1,136,0,274,0,0
G1_D1,63,0,73,0,0
B10_D1,634,0,44,0,0
B6_D1,375,0,226,0,0
B6_D1,16,0,486,0,0
B6_D1,385,0,292,0,0
B6_D1,428,0,10,0,0
B10_D1,30,0,184,0,0
B6_D1,588,0,178,0,0
G1_D1,323,0,137,0,0
G1_D1,378,0,443,0,0
B4_D1,21,0,127,0,0
B6_D1,860,0,4,0,0
B2_D1,403,0,491,0,0
B10_D1,721,0,255,0,0
B10_D1,108,0,496,0,0
B10_D1,536,0,264,0,0
B6_D1,838,0,35,0,0
B6_D1,254,0,48,0,0
B6_D1,646,0,35,0,0
B10_D1,194,0,211,0,0
B10_D1,331,0,238,0,0
B2_D1,280,0,42,0,0
B10_D1,674,0,115,0,0
B6_D1,904,0,507,0,0
B10_D1,790,0,35,0,0
B6_D1,361,0,246,0,0
G1_D1,624,0,510,0,0
G1_D1,875,0,310,0,0
B6_D1,969,0,293,0,0
G1_D1,203,0,47,0,0
B10_D1,555,0,320,0,0
B6_D1,122,0,4,0,0
B4_D1,70,0,135,0,0
B4_D1,699,0,15,0,0
B6_D1,810,0,21,0,0
B4_D1,157,0,18,0,0
B10_D1,7,0,162,0,0
B6_D1,514,0,492,0,0
B10_D1,281,0,418,0,0
B6_D1,498,0,166,0,0
B10_D1,871,0,228,0,0
B4_D1,727,0,34,0,0
B6_D1,878,0,40,0,0
B10_D1,89,0,226,0,0
B10_D1,74,0,173,0,0
G1_D1,543,0,171,0,0
B6_D1,763,0,89,0,0
B10_D1,86,0,24,0,0
B4_D1,739,0,251,0,0
B10_D1,784,0,67,0,0
B2_D1,349,0,37,0,0
B6_D1,725,0,287,0,0
B10_D1,411,0,88,0,0
B6_D1,538,0,5,0,0
B6_D1,504,0,499,0,0
B10_D1,671,0,315,0,0
B10_D1,385,0,3,0,0
B6_D1,975,0,481,0,0
B4_D1,310,0,308,0,0
B10_D1,199,0,428,0,0
B6_D1,164,0,503,0,0
B10_D1,28,0,13,0,0
B10_D1,550,0,104,0,0
B6_D1,124,0,190,0,0
B10_D1,469,0,207,0,0
B4_D1,780,0,150,0,0
B10_D1,303,0,59,0,0
B6_D1,900,0,264,0,0
B4_D1,167,0,98,0,0
B6_D1,392,0,491,0,0
B2_D1,640,0,21,0,0
B6_D1,114,0,33,0,0
B6_D1,531,0,297,0,0
B8_D1,446,0,198,0,0
B10_D1,101,0,186,0,0
B6_D1,508,0,257,0,0
G1_D1,729,0,248,0,0
B2_D1,150,0,458,0,0
G1_D1,1018,0,307,0,0
B6_D1,51,0,423,0,0
B10_D1,329,0,0,0,0
B6_D1,925,0,134,0,0
G1_D1,228,0,184,0,0
B6_D1,100,0,498,0,0
B4_D1,864,0,25,0,0
B6_D1,199,0,371,0,0
B6_D1,872,0,273,0,0
B10_D1,261,0,236,0,0
B6_D1,413,0,407,0,0
G1_D1,433,0,144,0,0
G1_D1,44,0,131,0,0
B2_D1,527,0,13,0,0
B10_D1,840,0,5,0,0
B6_D1,758,0,46,0,0
B6_D1,834,0,45,0,0
B10_D1,1019,0,13,0,0
B6_D1,468,0,404,0,0
B10_D1,947,0,64,0,0
G1_D1,1008,0,167,0,0
B10_D1,589,0,280,0,0
B10_D1,589,0,103,0,0
B6_D1,57,0,406,0,0
G1_D1,931,0,101,0,0
B10_D1,681,0,321,0,0
B2_D1,783,0,483,0,0
B2_D1,198,0,473,0,0
B10_D1,939,0,361,0,0
B6_D1,42,0,239,0,0
B10_D1,263,0,211,0,0
B6_D1,1001,0,313,0,0
G1_D1,387,0,102,0,0
G1_D1,393,0,229,0,0
B6_D1,907,0,400,0,0
B4_D1,1,0,364,0,0
G1_D1,978,0,0,0,0
B2_D1,969,0,111,0,0
G1_D1,1002,0,147,0,0
B4_D1,437,0,417,0,0
B6_D1,92,0,161,0,0
B10_D1,117,0,170,0,0
B6_D1,20,0,31,0,0
B10_D1,440,0,191,0,0
B10_D1,396,0,97,0,0
B6_D1,637,0,175,0,0
G1_D1,48,0,163,0,0
B6_D1,372,0,397,0,0
B10_D1,517,0,123,0,0
B2_D1,1002,0,511,0,0
B10_D1,267,0,248,0,0
B10_D1,216,0,5,0,0
G1_D1,173,0,385,0,0
G1_D1,214,0,455,0,0
B6_D1,528,0,188,0,0
G1_D1,366,0,236,0,0
B10_D1,520,0,310,0,0
B2_D1,476,0,159,0,0
B2_D1,711,0,37,0,0
B6_D1,106,0,41,0,0
B10_D1,229,0,284,0,0
G1_D1,292,0,181,0,0
B10_D1,699,0,315,0,0
B6_D1,53,0,207,0,0
B2_D1,202,0,511,0,0
B10_D1,198,0,180,0,0
B6_D1,370,0,489,0,0
B2_D1,52,0,132,0,0
B6_D1,660,0,487,0,0
B6_D1,642,0,330,0,0
B2_D1,702,0,2,0,0
G1_D1,653,0,138,0,0
B6_D1,70,0,26,0,0
B10_D1,302,0,53,0,0
B10_D1,768,0,34,0,0
B6_D1,581,0,340,0,0
G1_D1,245,0,265,0,0
G1_D1,733,0,101,0,0
B10_D1,148,0,208,0,0
B6_D1,216,0,499,0,0
B6_D1,167,0,101,0,0
G1_D1,590,0,261,0,0
B10_D1,458,0,315,0,0
G1_D1,660,0,148,0,0
B10_D1,762,0,166,0,0
B10_D1,772,0,250,0,0
B6_D1,175,0,480,0,0
B2_D1,384,0,486,0,0
G1_D1,96,0,461,0,0
B6_D1,767,0,56,0,0
B4_D1,853,0,26,0,0
B6_D1,34,0,44,0,0
B8_D1,220,0,188,0,0
B10_D1,212,0,66,0,0
B10_D1,251,0,60,0,0
B6_D1,680,0,31,0,0
B6_D1,138,0,297,0,0
B10_D1,487,0,494,0,0
B6_D1,3,0,135,0,0
B10_D1,730,0,332,0,0
B6_D1,568,0,32,0,0
B2_D1,299,0,56,0,0
B6_D1,990,0,124,0,0
B10_D1,993,0,48,0,0
B2_D1,0,0,264,0,0
B8_D1,69,0,189,0,0
G1_D1,533,0,470,0,0
B6_D1,167,0,171,0,0
B10_D1,745,0,317,0,0
B6_D1,441,0,141,0,0
G1_D1,265,0,75,0,0
G1_D1,746,0,462,0,0
B6_D1,404,0,10,0,0
G1_D1,449,0,243,0,0
B10_D1,336,0,242,0,0
G1_D1,263,0,320,0,0
B10_D1,328,0,309,0,0
B10_D1,821,0,123,0,0
B6_D1,990,0,307,0,0
B6_D1,856,0,47,0,0
B10_D1,466,0,100,0,0
B6_D1,108,0,188,0,0
B4_D1,298,0,276,0,0
B6_D1,118,0,14,0,0
B6_D1,743,0,294,0,0
B4_D1,339,0,348,0,0
B10_D1,505,0,168,0,0
B6_D1,774,0,502,0,0
B6_D1,954,0,204,0,0
B2_D1,594,0,27,0,0
B6_D1,184,0,406,0,0
B10_D1,675,0,318,0,0
B6_D1,828,0,76,0,0
G1_D1,1011,0,106,0,0
B10_D1,53,0,50,0,0
B10_D1,429,0,321,0,0
B4_D1,212,0,272,0,0
B6_D1,336,0,189,0,0
B8_D1,113,0,197,0,0
G1_D1,330,0,18,0,0
B6_D1,303,0,76,0,0
B6_D1,985,0,53,0,0
B2_D1,83,0,76,0,0
B6_D1,603,0,328,0,0
B6_D1,1016,0,314,0,0
B10_D1,523,0,93,0,0
G1_D1,953,0,232,0,0
B8_D1,91,0,110,0,0
B6_D1,216,0,484,0,0
B6_D1,544,0,507,0,0
B10_D1,504,0,147,0,0
G1_D1,610,0,17,0,0
B6_D1,348,0,380,0,0
G1_D1,1019,0,126,0,0
B10_D1,305,0,510,0,0
B6_D1,213,0,368,0,0
B6_D1,378,0,3,0,0
B10_D1,349,0,477,0,0
B10_D1,381,0,286,0,0
G1_D1,363,0,17,0,0
B4_D1,700,0,196,0,0
B6_D1,64,0,305,0,0
B6_D1,238,0,60,0,0
B6_D1,702,0,502,0,0
B10_D1,569,0,151,0,0
B4_D1,67,0,128,0,0
B10_D1,599,0,319,0,0
B4_D1,439,0,83,0,0
G1_D1,239,0,121,0,0
B6_D1,762,0,3,0,0
B4_D1,110,0,392,0,0
G1_D1,692,0,36,0,0
B10_D1,5,0,237,0,0
G1_D1,957,0,55,0,0
G1_D1,300,0,92,0,0
B10_D1,675,0,317,0,0
B10_D1,568,0,138,0,0
B10_D1,299,0,78,0,0
B6_D1,623,0,305,0,0
B6_D1,100,0,83,0,0
B10_D1,852,0,193,0,0
B2_D1,552,0,286,0,0
B6_D1,210,0,505,0,0
B6_D1,858,0,297,0,0
B2_D1,713,0,86,0,0
G1_D1,909,0,245,0,0
G1_D1,617,0,31,0,0
B10_D1,14,0,149,0,0
G1_D1,892,0,9,0,0
B10_D1,279,0,175,0,0
B6_D1,742,0,501,0,0
B10_D1,34,0,311,0,0
B6_D1,794,0,447,0,0
B8_D1,692,0,312,0,0
B6_D1,482,0,392,0,0
B10_D1,868,0,54,0,0
B6_D1,538,0,222,0,0
G1_D1,974,0,480,0,0
G1_D1,653,0,58,0,0
B10_D1,992,0,272,0,0
B10_D1,21,0,222,0,0
G1_D1,203,0,14,0,0
B10_D1,601,0,505,0,0
G1_D1,791,0,162,0,0
B10_D1,6,0,74,0,0
B6_D1,715,0,435,0,0
G1_D1,870,0,233,0,0
G1_D1,665,0,14,0,0
G1_D1,364,0,99,0,0
G1_D1,950,0,267,0,0
B4_D1,392,0,17,0,0
B6_D1,1000,0,35,0,0
B10_D1,385,0,492,0,0
B6_D1,687,0,211,0,0
B6_D1,528,0,353,0,0
B10_D1,116,0,290,0,0
B10_D1,808,0,38,0,0
B6_D1,976,0,344,0,0
B10_D1,648,0,102,0,0
B10_D1,446,0,201,0,0
B2_D1,213,0,152,0,0
B6_D1,569,0,263,0,0
B10_D1,435,0,170,0,0
B2_D1,391,0,382,0,0
B6_D1,542,0,491,0,0
B10_D1,644,0,173,0,0
B10_D1,107,0,123,0,0
B6_D1,299,0,435,0,0
B4_D1,4,0,437,0,0
B2_D1,408,0,510,0,0
B10_D1,61,0,196,0,0
B6_D1,684,0,331,0,0
B2_D1,317,0,181,0,0
B4_D1,712,0,301,0,0
B6_D1,394,0,298,0,0
B10_D1,382,0,18,0,0
B6_D1,612,0,15,0,0
G1_D1,27,0,252,0,0
B10_D1,145,0,93,0,0
B10_D1,455,0,22,0,0
B6_D1,512,0,506,0,0
B6_D1,912,0,12,0,0
G1_D1,796,0,9,0,0
B4_D1,263,0,329,0,0
G1_D1,55,0,108,0,0
B10_D1,587,0,218,0,0
G1_D1,908,0,1,0,0
B6_D1,219,0,406,0,0
B10_D1,8,0,193,0,0
B6_D1,142,0,78,0,0
B10_D1,4,0,260,0,0
B10_D1,925,0,32,0,0
G1_D1,634,0,160,0,0
B10_D1,661,0,167,0,0
B6_D1,742,0,106,0,0
B8_D1,132,0,333,0,0
B6_D1,353,0,383,0,0
B8_D1,558,0,292,0,0
G1_D1,1017,0,305,0,0
B6_D1,117,0,314,0,0
G1_D1,522,0,510,0,0
B4_D1,8,0,293,0,0
B4_D1,65,0,28,0,0
G1_D1,19,0,144,0,0
B10_D1,42,0,130,0,0
G1_D1,81,0,136,0,0
B6_D1,856,0,483,0,0
B10_D1,1010,0,488,0,0
B2_D1,220,0,402,0,0
B6_D1,195,0,450,0,0
G1_D1,638,0,272,0,0
B6_D1,128,0,407,0,0
B10_D1,372,0,185,0,0
G1_D1,575,0,154,0,0
B2_D1,622,0,149,0,0
B10_D1,578,0,51,0,0
B6_D1,386,0,155,0,0
B6_D1,20,0,40,0,0
B10_D1,476,0,102,0,0
B4_D1,499,0,184,0,0
B6_D1,143,0,364,0,0
B10_D1,680,0,249,0,0
B4_D1,534,0,208,0,0
B6_D1,771,0,338,0,0
B6_D1,608,0,19,0,0
B10_D1,676,0,385,0,0
B6_D1,454,0,373,0,0
B10_D1,779,0,0,0,0
B6_D1,1022,0,37,0,0
B10_D1,601,0,107,0,0
B6_D1,40,0,413,0,0
B6_D1,878,0,509,0,0
G1_D1,507,0,59,0,0
B10_D1,903,0,308,0,0
B6_D1,945,0,165,0,0
B6_D1,493,0,352,0,0
B10_D1,882,0,265,0,0
B10_D1,16,0,159,0,0
G1_D1,46,0,3,0,0
B6_D1,868,0,106,0,0
B8_D1,53,0,2,0,0
B6_D1,544,0,347,0,0
B6_D1,163,0,475,0,0
B2_D1,779,0,4,0,0
G1_D1,203,0,505,0,0
G1_D1,882,0,0,0,0
G1_D1,368,0,5,0,0
B6_D1,241,0,298,0,0
B10_D1,265,0,169,0,0
B2_D1,179,0,275,0,0
B6_D1,490,0,327,0,0
B4_D1,751,0,130,0,0
B6_D1,378,0,42,0,0
G1_D1,1008,0,36,0,0
B6_D1,142,0,215,0,0
G1_D1,31,0,183,0,0
B8_D1,139,0,208,0,0
G1_D1,620,0,1,0,0
G1_D1,42,0,53,0,0
B10_D1,11,0,182,0,0
B10_D1,229,0,316,0,0
B6_D1,676,0,486,0,0
B10_D1,952,0,67,0,0
B10_D1,290,0,99,0,0
G1_D1,191,0,56,0,0
G1_D1,1015,0,63,0,0
B6_D1,377,0,265,0,0
B10_D1,293,0,176,0,0
G1_D1,999,0,86,0,0
G1_D1,870,0,135,0,0
B2_D1,438,0,212,0,0
B8_D1,70,0,233,0,-1
B4_D1,896,0,235,0,0
G1_D1,62,0,143,0,0
B6_D1,80,0,312,0,0
B6_D1,500,0,378,0,0
B6_D1,646,0,219,0,0
B6_D1,1009,0,98,0,0
G1_D1,33,0,82,0,0
B6_D1,679,0,377,0,0
B6_D1,832,0,351,0,0
B2_D1,861,0,461,0,0
B2_D1,758,0,66,0,0
B6_D1,986,0,34,0,0
G1_D1,825,0,129,0,0
B10_D1,275,0,181,0,0
B6_D1,814,0,507,0,0
B10_D1,221,0,360,0,0
B6_D1,777,0,335,0,0
B6_D1,765,0,401,0,0
B6_D1,352,0,49,0,0
B4_D1,867,0,67,0,0
G1_D1,142,0,499,0,0
G1_D1,661,0,16,0,0
G1_D1,1011,0,255,0,0
B6_D1,486,0,493,0,0
G1_D1,41,0,50,0,0
B10_D1,148,0,206,0,0
G1_D1,922,0,9,0,0
B10_D1,687,0,281,0,0
B10_D1,499,0,41,0,0
B2_D1,552,0,40,0,0
B6_D1,323,0,378,0,0
G1_D1,214,0,264,0,0
B4_D1,798,0,54,0,0
G1_D1,1018,0,331,0,0
B8_D1,1022,0,365,0,0
B6_D1,626,0,500,0,0
B10_D1,712,0,414,0,0
B6_D1,283,0,158,0,0
G1_D1,384,0,0,0,0
B4_D1,682,0,194,0,0
B6_D1,846,0,441,0,0
B10_D1,24,0,190,0,0
B2_D1,259,0,238,0,0
B2_D1,850,0,58,0,0
G1_D1,91,0,423,0,0
B2_D1,494,0,27,0,0
B8_D1,640,0,179,0,0
B10_D1,12,0,324,0,0
B10_D1,840,0,340,0,0
B10_D1,44,0,144,0,0
B6_D1,525,0,324,0,0
B6_D1,543,0,226,0,0
B10_D1,999,0,289,0,0
G1_D1,258,0,412,0,0
B2_D1,276,0,486,0,0
G1_D1,194,0,11,0,0
B10_D1,78,0,320,0,0
B6_D1,69,0,184,0,0
B6_D1,20,0,51,0,0
B6_D1,619,0,192,0,0
G1_D1,588,0,195,0,0
B10_D1,25,0,55,0,0
G1_D1,981,0,279,0,0
B6_D1,437,0,66,0,0
B10_D1,427,0,345,0,0
B10_D1,765,0,253,0,0
B2_D1,343,0,488,0,0
G1_D1,94,0,278,0,0
B10_D1,962,0,91,0,0
B6_D1,25,0,396,0,0
B10_D1,939,0,83,0,0
B6_D1,406,0,495,0,0
G1_D1,1004,0,52,0,0
G1_D1,879,0,138,0,0
B10_D1,184,0,75,0,0
B6_D1,926,0,435,0,0
B2_D1,51,0,54,0,0
B6_D1,870,0,15,0,0
G1_D1,339,0,100,0,0
B10_D1,819,0,83,0,0
B6_D1,4,0,507,0,0
G1_D1,204,0,74,0,0
B6_D1,585,0,387,0,0
G1_D1,185,0,498,0,0
B4_D1,330,0,318,0,0
G1_D1,234,0,368,0,0
B6_D1,860,0,488,0,0
B6_D1,418,0,492,0,0
B10_D1,274,0,269,0,0
B10_D1,660,0,389,0,0
G1_D1,370,0,510,0,0
B8_D1,631,0,226,0,0
G1_D1,98,0,422,0,0
B10_D1,623,0,318,0,0
B10_D1,176,0,22,0,0
B10_D1,216,0,132,0,0
B10_D1,993,0,275,0,0
B6_D1,338,0,414,0,0
G1_D1,468,0,49,0,0
G1_D1,545,0,231,0,0
B10_D1,801,0,454,0,0
G1_D1,620,0,190,0,0
B10_D1,790,0,376,0,0
B6_D1,468,0,3,0,0
B10_D1,177,0,266,0,0
B10_D1,747,0,253,0,0
B10_D1,548,0,62,0,0
B6_D1,834,0,484,0,0
G1_D1,822,0,268,0,0
B6_D1,254,0,500,0,0
B6_D1,901,0,209,0,0
B6_D1,6,0,227,0,0
G1_D1,310,0,465,0,0
B10_D1,491,0,112,0,0
B10_D1,96,0,292,0,0
G1_D1,55,0,202,0,0
B10_D1,959,0,218,0,0
G1_D1,97,0,284,0,0
B10_D1,47,0,166,0,0
B6_D1,986,0,7,0,0
B10_D1,771,0,416,0,0
B6_D1,680,0,286,0,0
B6_D1,694,0,14,0,0
B10_D1,569,0,45,0,0
B2_D1,1023,0,287,0,0
B10_D1,283,0,422,0,0
B10_D1,681,0,266,0,0
B10_D1,257,0,355,0,0
B6_D1,684,0,496,0,0
B6_D1,446,0,488,0,0
B6_D1,482,0,37,0,0
B10_D1,265,0,347,0,0
B6_D1,16,0,395,0,0
B6_D1,739,0,273,0,0
B6_D1,53,0,98,0,0
B4_D1,571,0,245,0,0
B10_D1,222,0,294,0,0
B6_D1,273,0,339,0,0
G1_D1,612,0,135,0,0
B6_D1,388,0,422,0,0
B2_D1,221,0,484,0,0
B6_D1,16,0,14,0,0
B10_D1,275,0,11,0,0
B6_D1,706,0,5,0,0
G1_D1,709,0,280,0,0
B10_D1,90,0,169,0,0
G1_D1,10,0,328,0,0
B6_D1,492,0,409,0,0
G1_D1,828,0,300,0,0
B4_D1,1020,0,189,0,0
B10_D1,622,0,275,0,0
G1_D1,857,0,310,0,0
B2_D1,793,0,360,0,0
B6_D1,123,0,454,0,0
B6_D1,80,0,43,0,0
B6_D1,872,0,349,0,0
B10_D1,123,0,177,0,0
B6_D1,1022,0,4,0,0
B6_D1,1008,0,110,0,0
B6_D1,270,0,9,0,0
G1_D1,1008,0,185,0,0
B6_D1,254,0,69,0,0
B4_D1,419,0,190,0,0
B10_D1,521,0,42,0,0
G1_D1,408,0,98,0,0
B6_D1,755,0,270,0,0
G1_D1,463,0,189,0,0
B6_D1,747,0,185,0,0
B10_D1,536,0,216,0,0
B4_D1,898,0,73,0,0
B10_D1,500,0,32,0,0
B6_D1,576,0,493,0,0
B10_D1,413,0,407,0,0
B10_D1,173,0,76,0,0
B4_D1,899,0,216,0,0
B10_D1,823,0,181,0,0
B10_D1,744,0,263,0,0
B6_D1,854,0,175,0,0
B4_D1,178,0,113,0,0
B6_D1,826,0,23,0,0
B10_D1,298,0,266,0,0
B6_D1,532,0,292,0,0
B8_D1,706,0,250,0,0
B10_D1,3,0,384,0,0
B10_D1,644,0,169,0,0
B10_D1,287,0,446,0,0
G1_D1,205,0,76,0,0
B8_D1,690,0,184,0,0
B10_D1,219,0,41,0,0
B10_D1,451,0,38,0,0
B6_D1,516,0,18,0,0
B6_D1,998,0,28,0,0
B6_D1,469,0,279,0,0
B10_D1,869,0,478,0,0
B10_D1,316,0,196,0,0
B4_D1,968,0,43,0,0
B10_D1,430,0,110,0,0
B10_D1,635,0,282,0,0
G1_D1,779,0,277,0,0
B6_D1,896,0,309,0,0
B10_D1,198,0,177,0,0
B10_D1,533,0,295,0,0
B4_D1,880,0,217,0,0
B10_D1,579,0,320,0,0
B6_D1,935,0,438,0,0
B6_D1,931,0,138,0,0
B2_D1,381,0,34,0,0
B4_D1,745,0,91,0,0
B6_D1,651,0,168,0,0
B6_D1,895,0,343,0,0
B6_D1,356,0,48,0,0
B10_D1,923,0,4,0,0
B2_D1,460,0,370,0,0
B2_D1,189,0,237,0,0
B6_D1,270,0,68,0,0
B10_D1,88,0,141,0,0
B6_D1,950,0,131,0,0
B10_D1,1003,0,344,0,0
B6_D1,436,0,29,0,0
B6_D1,245,0,360,0,0
B6_D1,274,0,17,0,0
B2_D1,2,0,44,0,0
B10_D1,35,0,237,0,0
B4_D1,122,0,208,0,0
G1_D1,379,0,279,0,0
B2_D1,291,0,157,0,0
B6_D1,786,0,393,0,0
B10_D1,5,0,407,0,0
B10_D1,253,0,422,0,0
B10_D1,912,0,80,0,0
B10_D1,43,0,55,0,0
G1_D1,58,0,56,0,0
B10_D1,1023,0,65,0,0
G1_D1,25,0,29,0,0
G1_D1,706,0,371,0,0
B6_D1,314,0,25,0,0
B6_D1,649,0,306,0,0
B10_D1,170,0,283,0,0
G1_D1,53,0,203,0,0
B4_D1,733,0,27,0,0
B6_D1,346,0,166,0,0
B10_D1,825,0,277,0,0
B10_D1,884,0,368,0,0
B10_D1,610,0,285,0,0
G1_D1,405,0,21,0,0
B6_D1,51,0,192,0,0
B2_D1,219,0,72,0,0
B6_D1,757,0,340,0,0
B10_D1,1,0,367,0,0
B6_D1,634,0,498,0,0
G1_D1,1009,0,172,0,0
G1_D1,13,0,365,0,0
B6_D1,116,0,25,0,0
G1_D1,692,0,308,0,0
B2_D1,560,0,160,0,0
B6_D1,1,0,429,0,0
B10_D1,34,0,34,0,0
B6_D1,444,0,427,0,0
B10_D1,388,0,197,0,0
B6_D1,824,0,393,0,0
B6_D1,818,0,37,0,0
B6_D1,612,0,346,0,0
B6_D1,724,0,41,0,0
B10_D1,477,0,472,0,0
G1_D1,907,0,468,0,0
B10_D1,356,0,22,0,0
B10_D1,268,0,304,0,0
B10_D1,82,0,275,0,0
B6_D1,551,0,269,0,0
B10_D1,10,0,233,0,0
B10_D1,0,0,326,0,0
B6_D1,72,0,18,0,0
B10_D1,160,0,113,0,0
G1_D1,346,0,269,0,0
B6_D1,56,0,494,0,0
G1_D1,702,0,204,0,0
B6_D1,879,0,446,0,0
B6_D1,681,0,343,0,0
B10_D1,841,0,3,0,0
G1_D1,414,0,97,0,0
B10_D1,304,0,155,0,0
G1_D1,582,0,13,0,0
B6_D1,961,0,215,0,0
B6_D1,207,0,127,0,0
B10_D1,963,0,65,0,0
B10_D1,448,0,237,0,0
B6_D1,867,0,164,0,0
B10_D1,649,0,468,0,0
B10_D1,664,0,386,0,0
B10_D1,538,0,267,0,0
B10_D1,426,0,459,0,0
B10_D1,591,0,302,0,0
B6_D1,276,0,496,0,0
G1_D1,704,0,305,0,0
B6_D1,90,0,417,0,0
B6_D1,470,0,491,0,0
G1_D1,1014,0,179,0,0
G1_D1,953,0,2,0,0
B6_D1,304,0,23,0,0
G1_D1,70,0,178,0,0
B10_D1,18,0,142,0,0
B10_D1,675,0,266,0,0
B6_D1,670,0,5,0,0
B8_D1,8,0,315,0,0
B6_D1,908,0,43,0,0
B6_D1,54,0,431,0,0
B10_D1,733,0,19,0,0
B2_D1,732,0,511,0,0
B10_D1,526,0,291,0,0
B6_D1,1004,0,482,0,0
B10_D1,455,0,460,0,0
B10_D1,744,0,11,0,0
B6_D1,407,0,260,0,0
B2_D1,133,0,433,0,0
G1_D1,241,0,35,0,0
B4_D1,355,0,359,0,0
G1_D1,298,0,103,0,0
G1_D1,15,0,45,0,0
B10_D1,679,0,137,0,0
B6_D1,967,0,123,0,0
B4_D1,212,0,134,0,0
B4_D1,765,0,212,0,0
G1_D1,342,0,57,0,0
B6_D1,944,0,95,0,0
B10_D1,206,0,127,0,0
B6_D1,844,0,32,0,0
B6_D1,67,0,161,0,0
G1_D1,599,0,193,0,0
B10_D1,531,0,78,0,0
B6_D1,352,0,23,0,0
B10_D1,368,0,230,0,0
B6_D1,641,0,112,0,0
B6_D1,843,0,355,0,0
B2_D1,166,0,51,0,0
B10_D1,654,0,440,0,0
B10_D1,51,0,171,0,0
B6_D1,528,0,9,0,0
B6_D1,6,0,24,0,0
G1_D1,76,0,269,0,0
G1_D1,10,0,47,0,0
G1_D1,371,0,460,0,0
B10_D1,256,0,423,0,0
G1_D1,936,0,7,0,0
G1_D1,32,0,1,0,0
B10_D1,411,0,118,0,0
B6_D1,371,0,477,0,0
B10_D1,698,0,80,0,0
B6_D1,170,0,113,0,0
B6_D1,319,0,188,0,0
B10_D1,488,0,134,0,0
B6_D1,666,0,330,0,0
B10_D1,863,0,1,0,0
B6_D1,7,0,129,0,0
B10_D1,715,0,46,0,0
G1_D1,428,0,266,0,0
B10_D1,659,0,107,0,0
B6_D1,128,0,139,0,0
B10_D1,455,0,68,0,0
B6_D1,812,0,1,0,0
B10_D1,910,0,323,0,0
B10_D1,131,0,96,0,0
G1_D1,532,0,281,0,0
B6_D1,714,0,346,0,0
G1_D1,1010,0,94,0,0
B8_D1,140,0,226,0,0
B10_D1,831,0,95,0,0
B10_D1,1023,0,126,0,0
B6_D1,839,0,386,0,0
B10_D1,71,0,310,0,0
G1_D1,329,0,136,0,0
B6_D1,439,0,352,0,0
G1_D1,220,0,235,0,0
B4_D1,148,0,56,0,0
B10_D1,467,0,110,0,0
B10_D1,101,0,474,0,0
B10_D1,391,0,504,0,0
B6_D1,219,0,238,0,0
B6_D1,120,0,487,0,0
B4_D1,317,0,41,0,0
B6_D1,512,0,34,0,0
B4_D1,863,0,38,0,0
B10_D1,361,0,7,0,0
B10_D1,12,0,391,0,0
B6_D1,800,0,293,0,0
B2_D1,109,0,13,0,0
G1_D1,893,0,231,0,0
G1_D1,200,0,124,0,0
G1_D1,803,0,15,0,0
B10_D1,411,0,57,0,0
B6_D1,2,0,359,0,0
G1_D1,748,0,198,0,0
B2_D1,586,0,152,0,0
B6_D1,957,0,88,0,0
B4_D1,842,0,77,0,0
B6_D1,534,0,487,0,0
B10_D1,298,0,122,0,0
B6_D1,464,0,28,0,0
B6_D1,395,0,50,0,0
B6_D1,574,0,422,0,0
G1_D1,13,0,297,0,0
G1_D1,775,0,299,0,0
B10_D1,597,0,215,0,0
B10_D1,969,0,218,0,0
B4_D1,670,0,71,0,0
B6_D1,71,0,297,0,0
G1_D1,906,0,133,0,0
B10_D1,160,0,243,0,0
B10_D1,246,0,298,0,0
B4_D1,400,0,403,0,0
B10_D1,893,0,31,0,0
B10_D1,368,0,503,0,0
B10_D1,160,0,6,0,0
B10_D1,608,0,212,0,0
B10_D1,669,0,73,0,0
B6_D1,550,0,347,0,0
G1_D1,444,0,154,0,0
B10_D1,490,0,336,0,0
B6_D1,524,0,7,0,0
B2_D1,165,0,411,0,0
B6_D1,833,0,103,0,0
B2_D1,365,0,20,0,0
B10_D1,471,0,507,0,0
G1_D1,990,0,14,0,0
B10_D1,604,0,102,0,0
B6_D1,387,0,388,0,0
B10_D1,638,0,378,0,0
B6_D1,350,0,16,0,0
B6_D1,346,0,35,0,0
B4_D1,723,0,15,0,0
B10_D1,225,0,68,0,0
B2_D1,730,0,12,0,0
G1_D1,827,0,15,0,0
B6_D1,407,0,349,0,0
B6_D1,226,0,47,0,0
B6_D1,465,0,55,0,0
B2_D1,728,0,285,0,0
B10_D1,650,0,76,0,0
B6_D1,706,0,438,0,0
B10_D1,560,0,64,0,0
B6_D1,668,0,345,0,0
B6_D1,180,0,484,0,0
B2_D1,965,0,137,0,0
B6_D1,643,0,276,0,0
B6_D1,1017,0,480,0,0
B6_D1,30,0,462,0,0
B10_D1,950,0,280,0,0
B6_D1,727,0,435,0,0
B2_D1,821,0,36,0,0
B10_D1,262,0,120,0,0
G1_D1,311,0,197,0,0
B6_D1,354,0,15,0,0
B10_D1,159,0,444,0,0
B10_D1,719,0,0,0,0
B4_D1,559,0,297,0,0
B6_D1,319,0,373,0,0
B4_D1,479,0,84,0,0
B6_D1,422,0,34,0,0
B6_D1,559,0,392,0,0
G1_D1,398,0,92,0,0
G1_D1,830,0,19,0,0
B8_D1,135,0,223,0,0
G1_D1,1003,0,183,0,0
B6_D1,278,0,421,0,0
G1_D1,504,0,24,0,0
G1_D1,144,0,38,0,0
B6_D1,549,0,324,0,0
G1_D1,1010,0,264,0,0
G1_D1,390,0,13,0,0
B10_D1,494,0,94,0,0
B4_D1,933,0,130,0,0
B6_D1,694,0,367,0,0
B4_D1,2,0,124,0,0
B4_D1,910,0,319,0,0
B4_D1,222,0,68,0,0
G1_D1,381,0,282,0,0
B2_D1,371,0,18,0,0
G1_D1,701,0,379,0,0
B10_D1,681,0,319,0,0
B2_D1,776,0,27,0,0
G1_D1,365,0,228,0,0
B6_D1,734,0,37,0,0
B6_D1,398,0,387,0,0
G1_D1,758,0,309,0,0
G1_D1,544,0,36,0,0
B10_D1,587,0,507,0,0
B6_D1,343,0,242,0,0
G1_D1,92,0,270,0,0
B10_D1,917,0,67,0,0
B2_D1,759,0,283,0,0
B2_D1,470,0,166,0,0
G1_D1,737,0,163,0,0
B4_D1,71,0,28,0,0
G1_D1,1012,0,43,0,0
B6_D1,339,0,480,0,0
B6_D1,360,0,33,0,0
B4_D1,109,0,316,0,0
G1_D1,917,0,275,0,0
G1_D1,870,0,439,0,0
B4_D1,572,0,388,0,0
B4_D1,132,0,275,0,0
B4_D1,429,0,406,0,0
B10_D1,121,0,46,0,0
B6_D1,214,0,112,0,0
B6_D1,659,0,69,0,0
B10_D1,500,0,20,0,0
B10_D1,788,0,414,0,0
B6_D1,228,0,21,0,0
B4_D1,869,0,258,0,0
B10_D1,270,0,123,0,0
B4_D1,286,0,235,0,0
G1_D1,94,0,86,0,0
B6_D1,648,0,0,0,0
G1_D1,763,0,157,0,0
B10_D1,221,0,10,0,0
B6_D1,530,0,16,0,0
B6_D1,530,0,491,0,0
G1_D1,13,0,88,0,0
B6_D1,215,0,274,0,0
G1_D1,131,0,103,0,0
G1_D1,695,0,2,0,0
B4_D1,992,0,55,0,0
G1_D1,558,0,42,0,0
B6_D1,560,0,28,0,0
B6_D1,1000,0,408,0,0
B6_D1,886,0,158,0,0
B10_D1,965,0,76,0,0
B6_D1,192,0,433,0,0
B6_D1,626,0,28,0,0
B10_D1,497,0,335,0,0
B10_D1,736,0,57,0,0
G1_D1,542,0,251,0,0
B6_D1,56,0,48,0,0
G1_D1,781,0,482,0,0
B10_D1,4,0,81,0,0
G1_D1,1017,0,302,0,0
B10_D1,687,0,393,0,0
G1_D1,116,0,159,0,0
B10_D1,1022,0,74,0,0
G1_D1,215,0,45,0,0
G1_D1,168,0,278,0,0
B6_D1,328,0,418,0,0
B6_D1,714,0,110,0,0
B10_D1,557,0,144,0,0
B2_D1,758,0,224,0,0
B6_D1,232,0,372,0,0
B2_D1,602,0,113,0,0
B10_D1,645,0,255,0,0
G1_D1,244,0,235,0,0
G1_D1,741,0,238,0,0
G1_D1,718,0,458,0,0
B6_D1,156,0,144,0,0
B6_D1,747,0,376,0,0
B6_D1,704,0,46,0,0
B10_D1,376,0,253,0,0
B2_D1,153,0,97,0,0
B6_D1,353,0,102,0,0
B10_D1,976,0,1,0,0
B10_D1,350,0,315,0,0
B10_D1,3,0,374,0,0
B6_D1,761,0,200,0,0
G1_D1,58,0,106,0,0
B10_D1,539,0,318,0,0
G1_D1,314,0,288,0,0
B4_D1,1,0,466,0,0
B6_D1,789,0,126,0,0
B6_D1,1002,0,3,0,0
B10_D1,70,0,153,0,0
B10_D1,149,0,322,0,0
B6_D1,908,0,1,0,0
G1_D1,21,0,85,0,0
G1_D1,1004,0,127,0,0
G1_D1,559,0,82,0,0
B10_D1,919,0,3,0,0
B6_D1,672,0,39,0,0
B10_D1,42,0,115,0,0
B6_D1,839,0,304,0,0
G1_D1,900,0,325,0,0
B10_D1,833,0,382,0,0
B6_D1,323,0,220,0,0
G1_D1,579,0,22,0,0
B10_D1,455,0,488,0,0
B6_D1,904,0,501,0,0
G1_D1,985,0,113,0,0
B6_D1,276,0,39,0,0
G1_D1,77,0,326,0,0
B4_D1,3,0,205,0,0
B10_D1,254,0,161,0,0
B6_D1,238,0,5,0,0
G1_D1,2,0,492,0,0
G1_D1,861,0,234,0,0
B6_D1,896,0,311,0,0
B8_D1,994,0,300,0,0
B6_D1,914,0,367,0,0
B10_D1,393,0,278,0,0
B6_D1,826,0,44,0,0
B10_D1,89,0,37,0,0
B10_D1,217,0,358,0,0
B6_D1,34,0,8,0,0
B6_D1,561,0,339,0,0
B10_D1,0,0,319,0,0
B2_D1,463,0,471,0,0
B10_D1,397,0,246,0,0
B6_D1,402,0,3,0,0
B6_D1,50,0,503,0,0
B10_D1,995,0,296,0,0
B10_D1,280,0,62,0,0
B6_D1,718,0,424,0,0
B10_D1,139,0,234,0,0
B10_D1,85,0,168,0,0
G1_D1,182,0,288,0,0
B4_D1,891,0,81,0,0
G1_D1,45,0,118,0,0
B10_D1,350,0,34,0,0
B10_D1,911,0,100,0,0
G1_D1,609,0,113,0,0
B10_D1,865,0,32,0,0
B10_D1,715,0,420,0,0
B10_D1,572,0,311,0,0
B4_D1,688,0,246,0,0
B4_D1,241,0,18,0,0
G1_D1,700,0,457,0,0
B6_D1,950,0,428,0,0
B6_D1,732,0,110,0,0
B8_D1,595,0,211,0,0
B8_D1,91,0,151,0,0
B10_D1,578,0,288,0,0
B6_D1,273,0,457,0,0
B10_D1,116,0,66,0,0
B2_D1,765,0,77,0,0
B6_D1,49,0,102,0,0
B10_D1,816,0,280,0,0
G1_D1,670,0,48,0,0
B6_D1,492,0,484,0,0
G1_D1,227,0,232,0,0
B2_D1,620,0,445,0,0
B8_D1,421,0,197,0,0
B6_D1,38,0,1,0,0
G1_D1,892,0,270,0,0
G1_D1,37,0,182,0,0
B4_D1,279,0,257,0,0
B6_D1,274,0,507,0,0
B10_D1,602,0,345,0,0
B4_D1,255,0,46,0,0
B6_D1,102,0,505,0,0
G1_D1,799,0,49,0,0
B6_D1,778,0,35,0,0
B10_D1,533,0,9,0,0
B6_D1,602,0,509,0,0
G1_D1,679,0,38,0,0
B10_D1,502,0,244,0,0
B10_D1,645,0,413,0,0
B10_D1,591,0,215,0,0
B2_D1,669,0,508,0,0
B6_D1,320,0,225,0,0
G1_D1,838,0,212,0,0
B8_D1,163,0,339,0,0
G1_D1,1000,0,141,0,0
B10_D1,140,0,133,0,0
B10_D1,415,0,500,0,0
B10_D1,189,0,73,0,0
B4_D1,6,0,236,0,0
B8_D1,95,0,104,0,0
G1_D1,214,0,232,0,0
B6_D1,6,0,324,0,0
B10_D1,631,0,309,0,0
B4_D1,123,0,87,0,0
B10_D1,677,0,80,0,0
B10_D1,65,0,50,0,0
G1_D1,411,0,17,0,0
B6_D1,784,0,501,0,0
B6_D1,296,0,112,0,0
B10_D1,608,0,322,0,0
B10_D1,779,0,98,0,0
B10_D1,402,0,115,0,0
B10_D1,315,0,157,0,0
B10_D1,747,0,315,0,0
B6_D1,940,0,233,0,0
G1_D1,137,0,2,0,0
B10_D1,155,0,12,0,0
G1_D1,212,0,138,0,0
B6_D1,152,0,60,0,0
B10_D1,153,0,33,0,0
B10_D1,517,0,283,0,0
B6_D1,808,0,67,0,0
B10_D1,547,0,309,0,0
B10_D1,32,0,171,0,0
B6_D1,873,0,115,0,0
B6_D1,76,0,125,0,0
G1_D1,404,0,113,0,0
B10_D1,442,0,505,0,0
B10_D1,554,0,295,0,0
B10_D1,78,0,314,0,0
B6_D1,722,0,261,0,0
G1_D1,815,0,103,0,0
B10_D1,245,0,360,0,0
B2_D1,226,0,485,0,0
B6_D1,829,0,306,0,0
B6_D1,342,0,334,0,0
B6_D1,914,0,128,0,0
B6_D1,468,0,24,0,0
B10_D1,142,0,22,0,0
G1_D1,13,0,228,0,0
B10_D1,503,0,481,0,0
B6_D1,425,0,146,0,0
B10_D1,835,0,53,0,0
G1_D1,11,0,185,0,0
B10_D1,472,0,493,0,0
B6_D1,780,0,334,0,0
B10_D1,95,0,11,0,0
B6_D1,550,0,14,0,0
B10_D1,591,0,47,0,0
G1_D1,107,0,50,0,0
B8_D1,1021,0,22,0,0
B6_D1,522,0,502,0,0
B10_D1,183,0,2,0,0
G1_D1,399,0,10,0,0
B10_D1,493,0,70,0,0
B4_D1,901,0,64,0,0
B6_D1,562,0,466,0,0
B10_D1,362,0,230,0,0
B6_D1,743,0,268,0,0
B6_D1,63,0,414,0,0
B2_D1,576,0,98,0,0
B10_D1,635,0,35,0,0
B2_D1,421,0,158,0,0
B2_D1,166,0,471,0,0
B10_D1,254,0,163,0,0
B6_D1,712,0,510,0,0
B10_D1,12,0,108,0,0
B10_D1,26,0,180,0,0
B10_D1,818,0,412,0,0
B6_D1,334,0,194,0,0
B6_D1,129,0,171,0,0
G1_D1,749,0,233,0,0
B8_D1,159,0,338,0,0
B6_D1,962,0,13,0,0
G1_D1,796,0,249,0,0
B6_D1,28,0,26,0,0
G1_D1,730,0,92,0,0
B10_D1,20,0,49,0,0
B10_D1,551,0,0,0,0
B6_D1,854,0,28,0,0
B10_D1,124,0,226,0,0
G1_D1,66,0,160,0,0
B4_D1,343,0,16,0,0
B6_D1,615,0,170,0,0
B4_D1,867,0,39,0,0
G1_D1,648,0,78,0,0
B10_D1,233,0,12,0,0
B6_D1,212,0,190,0,0
B10_D1,675,0,60,0,0
B6_D1,208,0,56,0,0
B6_D1,310,0,20,0,0
B4_D1,863,0,22,0,0
B10_D1,440,0,39,0,0
B6_D1,192,0,183,0,0
B10_D1,150,0,454,0,0
G1_D1,922,0,252,0,0
B10_D1,867,0,201,0,0
B4_D1,434,0,290,0,0
B6_D1,444,0,169,0,0
B6_D1,189,0,181,0,0
B10_D1,693,0,190,0,0
B6_D1,866,0,22,0,0
B6_D1,744,0,272,0,0
B10_D1,108,0,85,0,0
B6_D1,1023,0,399,0,0
B10_D1,473,0,314,0,0
G1_D1,879,0,52,0,0
B10_D1,425,0,16,0,0
G1_D1,862,0,236,0,0
B10_D1,22,0,151,0,0
B4_D1,249,0,206,0,0
B10_D1,887,0,363,0,0
B2_D1,861,0,14,0,0
B10_D1,191,0,143,0,0
B10_D1,38,0,149,0,0
G1_D1,12,0,7,0,0
B6_D1,933,0,112,0,0
B6_D1,348,0,499,0,0
B10_D1,285,0,245,0,0
B6_D1,454,0,47,0,0
B2_D1,750,0,13,0,0
B10_D1,26,0,327,0,0
B10_D1,862,0,14,0,0
B10_D1,503,0,407,0,0
B10_D1,685,0,92,0,0
B10_D1,316,0,185,0,0
B6_D1,986,0,491,0,0
B6_D1,4,0,221,0,0
B10_D1,87,0,2,0,0
B6_D1,485,0,53,0,0
B10_D1,174,0,109,0,0
B10_D1,631,0,7,0,0
B10_D1,420,0,506,0,0
B10_D1,209,0,188,0,0
B6_D1,630,0,487,0,0
B6_D1,147,0,232,0,0
B10_D1,482,0,465,0,0
G1_D1,228,0,158,0,0
B10_D1,637,0,7,0,0
B2_D1,582,0,454,0,0
B4_D1,43,0,143,0,0
B4_D1,164,0,241,0,0
G1_D1,1001,0,150,0,0
B10_D1,802,0,82,0,0
B4_D1,758,0,195,0,0
B10_D1,17,0,292,0,0
B8_D1,1022,0,428,0,0
B6_D1,902,0,28,0,0
B6_D1,432,0,484,0,0
B6_D1,168,0,145,0,0
B4_D1,514,0,151,0,0
B10_D1,1008,0,339,0,0
B10_D1,140,0,315,0,0
B10_D1,229,0,322,0,0
G1_D1,206,0,5,0,0
B10_D1,341,0,133,0,0
B6_D1,381,0,409,0,0
G1_D1,124,0,382,0,0
B10_D1,922,0,18,0,0
B10_D1,642,0,147,0,0
B6_D1,172,0,8,0,0
B10_D1,616,0,62,0,0
G1_D1,653,0,271,0,0
B2_D1,825,0,364,0,0
B10_D1,663,0,265,0,0
G1_D1,978,0,378,0,0
G1_D1,58,0,96,0,0
B4_D1,451,0,214,0,0
B6_D1,424,0,333,0,0
B2_D1,85,0,77,0,0
G1_D1,436,0,97,0,0
B6_D1,498,0,490,0,0
B10_D1,328,0,72,0,0
B10_D1,234,0,128,0,0
B2_D1,243,0,507,0,0
B10_D1,524,0,286,0,0
B10_D1,183,0,52,0,0
B4_D1,944,0,53,0,0
G1_D1,206,0,409,0,0
B10_D1,586,0,121,0,0
B4_D1,797,0,190,0,0
B6_D1,453,0,480,0,0
B6_D1,419,0,479,0,0
B10_D1,544,0,137,0,0
B10_D1,393,0,479,0,0
B6_D1,620,0,22,0,0
B8_D1,508,0,203,0,0
G1_D1,658,0,154,0,0
G1_D1,67,0,177,0,0
B6_D1,314,0,40,0,0
G1_D1,941,0,218,0,0
B6_D1,2,0,19,0,0
G1_D1,158,0,375,0,0
B6_D1,18,0,484,0,0
B10_D1,439,0,241,0,0
B2_D1,200,0,144,0,0
B6_D1,80,0,48,0,0
B6_D1,368,0,48,0,0
B6_D1,155,0,187,0,0
B10_D1,787,0,47,0,0
B2_D1,731,0,69,0,0
B10_D1,972,0,85,0,0
B8_D1,502,0,291,0,0
B6_D1,234,0,30,0,0
B10_D1,760,0,108,0,0
B6_D1,684,0,18,0,0
B6_D1,202,0,41,0,0
B6_D1,731,0,278,0,0
G1_D1,246,0,174,0,0
G1_D1,444,0,150,0,0
G1_D1,9,0,376,0,0
B4_D1,985,0,78,0,0
B10_D1,681,0,393,0,0
G1_D1,1010,0,68,0,0
B2_D1,149,0,272,0,0
G1_D1,586,0,198,0,0
B6_D1,174,0,152,0,0
B6_D1,726,0,346,0,0
B6_D1,178,0,8,0,0
B10_D1,398,0,200,0,0
B4_D1,477,0,168,0,0
G1_D1,979,0,274,0,0
B6_D1,406,0,38,0,0
B10_D1,92,0,202,0,0
B6_D1,512,0,394,0,0
B6_D1,68,0,25,0,0
G1_D1,494,0,331,0,0
B10_D1,879,0,507,0,0
G1_D1,641,0,55,0,0
B6_D1,544,0,478,0,0
B10_D1,9,0,199,0,0
B6_D1,204,0,433,0,0
B6_D1,740,0,485,0,0
G1_D1,521,0,82,0,0
B6_D1,593,0,359,0,0
B10_D1,269,0,211,0,0
B10_D1,588,0,209,0,0
B10_D1,611,0,236,0,0
B6_D1,216,0,505,0,0
B4_D1,978,0,46,0,0
B6_D1,728,0,261,0,0
G1_D1,261,0,317,0,0
B10_D1,9,0,51,0,0
B6_D1,271,0,90,0,0
B10_D1,902,0,396,0,0
B6_D1,742,0,101,0,0
B6_D1,714,0,39,0,0
B6_D1,77,0,205,0,0
B10_D1,298,0,84,0,0
G1_D1,239,0,493,0,0
B10_D1,923,0,1,0,0
B10_D1,44,0,201,0,0
B6_D1,952,0,504,0,0
B10_D1,279,0,459,0,0
B10_D1,515,0,332,0,0
B10_D1,644,0,464,0,0
B6_D1,370,0,2,0,0
G1_D1,976,0,215,0,0
B6_D1,168,0,15,0,0
B6_D1,349,0,216,0,0
B6_D1,88,0,492,0,0
B10_D1,30,0,74,0,0
B6_D1,6,0,379,0,0
G1_D1,867,0,270,0,0
G1_D1,17,0,256,0,0
B4_D1,756,0,210,0,0
B10_D1,118,0,268,0,0
B6_D1,931,0,140,0,0
G1_D1,73,0,452,0,0
B10_D1,338,0,434,0,0
B6_D1,668,0,491,0,0
G1_D1,221,0,234,0,0
G1_D1,124,0,418,0,0
G1_D1,822,0,298,0,0
B10_D1,407,0,163,0,0
B10_D1,739,0,317,0,0
B10_D1,159,0,226,0,0
B6_D1,570,0,15,0,0
B6_D1,324,0,171,0,0
B6_D1,976,0,250,0,0
B10_D1,427,0,131,0,0
B6_D1,947,0,190,0,0
G1_D1,212,0,78,0,0
G1_D1,909,0,246,0,0
B6_D1,784,0,350,0,0
B6_D1,760,0,41,0,0
B10_D1,536,0,187,0,0
G1_D1,105,0,298,0,0
B6_D1,374,0,326,0,0
B10_D1,264,0,141,0,0
G1_D1,58,0,25,0,0
B10_D1,176,0,270,0,0
B2_D1,585,0,222,0,0
B2_D1,209,0,484,0,0
B6_D1,68,0,509,0,0
B10_D1,498,0,412,0,0
B6_D1,6,0,202,0,0
B2_D1,164,0,118,0,0
B10_D1,589,0,120,0,0
G1_D1,963,0,31,0,0
B4_D1,504,0,246,0,0
B10_D1,195,0,250,0,0
B6_D1,77,0,461,0,0
B10_D1,85,0,182,0,0
B6_D1,136,0,279,0,0
G1_D1,627,0,458,0,0
G1_D1,319,0,29,0,0
B10_D1,181,0,181,0,0
B10_D1,74,0,269,0,0
B6_D1,5,0,290,0,0
B6_D1,321,0,402,0,0
B10_D1,401,0,63,0,0
B10_D1,248,0,65,0,0
B6_D1,699,0,197,0,0
G1_D1,53,0,263,0,0
B6_D1,550,0,507,0,0
B6_D1,542,0,259,0,0
B10_D1,229,0,22,0,0
G1_D1,900,0,270,0,0
B2_D1,330,0,289,0,0
G1_D1,1003,0,216,0,0
B6_D1,697,0,340,0,0
B10_D1,196,0,284,0,0
B10_D1,928,0,235,0,0
B10_D1,493,0,131,0,0
B6_D1,846,0,12,0,0
B6_D1,181,0,403,0,0
B6_D1,994,0,11,0,0
B6_D1,150,0,191,0,0
B4_D1,130,0,129,0,0
B2_D1,544,0,478,0,0
B6_D1,565,0,438,0,0
B6_D1,80,0,204,0,0
G1_D1,880,0,391,0,0
B6_D1,208,0,408,0,0
G1_D1,733,0,68,0,0
B10_D1,6,0,5,0,0
B6_D1,868,0,113,0,0
B10_D1,25,0,221,0,0
G1_D1,727,0,281,0,0
B6_D1,737,0,111,0,0
B6_D1,628,0,29,0,0
B6_D1,438,0,125,0,0
B6_D1,911,0,217,0,0
B4_D1,1,0,89,0,0
B10_D1,686,0,325,0,0
B6_D1,302,0,79,0,0
B6_D1,517,0,133,0,0
B2_D1,460,0,168,0,0
G1_D1,891,0,262,0,0
B6_D1,236,0,303,0,0
B2_D1,951,0,73,0,0
B10_D1,138,0,235,0,0
G1_D1,236,0,72,0,0
B10_D1,252,0,45,0,0
G1_D1,898,0,40,0,0
G1_D1,281,0,47,0,0
B10_D1,684,0,23,0,0
B10_D1,615,0,321,0,0
B10_D1,856,0,236,0,0
B10_D1,287,0,339,0,0
B4_D1,86,0,226,0,0
B10_D1,724,0,161,0,0
B6_D1,114,0,257,0,0
B6_D1,749,0,200,0,0
G1_D1,680,0,51,0,0
B10_D1,428,0,500,0,0
G1_D1,852,0,85,0,0
G1_D1,613,0,131,0,0
B10_D1,99,0,146,0,0
G1_D1,1016,0,340,0,0
B2_D1,608,0,160,0,0
G1_D1,9,0,122,0,0
B8_D1,115,0,201,0,0
B10_D1,363,0,1,0,0
B6_D1,166,0,59,0,0
B2_D1,959,0,41,0,0
B6_D1,883,0,132,0,0
B10_D1,305,0,267,0,0
G1_D1,806,0,423,0,0
B10_D1,787,0,305,0,0
B10_D1,27,0,206,0,0
B4_D1,226,0,273,0,0
B6_D1,672,0,36,0,0
B10_D1,40,0,138,0,0
B10_D1,676,0,98,0,0
G1_D1,1009,0,236,0,0
B2_D1,890,0,51,0,0
G1_D1,844,0,46,0,0
B6_D1,572,0,506,0,0
B10_D1,429,0,165,0,0
B6_D1,473,0,369,0,0
B6_D1,584,0,48,0,0
G1_D1,976,0,20,0,0
B6_D1,330,0,447,0,-1
B6_D1,442,0,227,0,0
B6_D1,593,0,349,0,0
G1_D1,342,0,32,0,0
B2_D1,0,0,164,0,0
B2_D1,709,0,61,0,0
B6_D1,533,0,160,0,0
G1_D1,397,0,200,0,0
B6_D1,575,0,229,0,0
B10_D1,460,0,138,0,0
B6_D1,588,0,456,0,0
B2_D1,434,0,375,0,0
B10_D1,962,0,68,0,0
B2_D1,582,0,98,0,0
G1_D1,598,0,457,0,0
B10_D1,382,0,154,0,0
B6_D1,893,0,366,0,0
B6_D1,468,0,6,0,0
G1_D1,234,0,122,0,0
B6_D1,28,0,510,0,0
B6_D1,307,0,481,0,0
B10_D1,627,0,226,0,0
G1_D1,998,0,180,0,0
B8_D1,76,0,274,0,0
B10_D1,997,0,231,0,0
B6_D1,940,0,421,0,0
G1_D1,81,0,43,0,0
B6_D1,510,0,166,0,0
G1_D1,25,0,325,0,0
B6_D1,770,0,7,0,0
B10_D1,745,0,316,0,0
G1_D1,264,0,490,0,0
B10_D1,46,0,137,0,0
B6_D1,679,0,67,0,0
B6_D1,776,0,229,0,0
B6_D1,800,0,348,0,0
G1_D1,467,0,36,0,0
B10_D1,271,0,34,0,0
B4_D1,762,0,125,0,0
B10_D1,83,0,90,0,0
B6_D1,458,0,494,0,0
B10_D1,884,0,369,0,0
B4_D1,843,0,221,0,0
B10_D1,325,0,229,0,0
B10_D1,695,0,246,0,0
B6_D1,1012,0,8,0,0
B6_D1,198,0,499,0,0
B6_D1,795,0,211,0,0
B6_D1,634,0,214,0,0
B6_D1,790,0,510,0,0
B4_D1,160,0,120,0,0
B10_D1,113,0,64,0,0
B10_D1,891,0,70,0,0
B4_D1,700,0,41,0,0
B6_D1,830,0,488,0,0
B10_D1,871,0,55,0,0
B6_D1,31,0,128,0,0
B6_D1,348,0,171,0,0
B4_D1,4,0,384,0,0
B2_D1,235,0,49,0,0
B10_D1,311,0,403,0,0
B6_D1,747,0,249,0,0
B10_D1,507,0,149,0,0
G1_D1,55,0,267,0,0
B6_D1,173,0,67,0,0
B10_D1,532,0,311,0,0
G1_D1,863,0,15,0,0
G1_D1,1006,0,280,0,0
G1_D1,339,0,45,0,0
B10_D1,510,0,164,0,0
B6_D1,559,0,296,0,0
G1_D1,877,0,243,0,0
B6_D1,88,0,41,0,0
B10_D1,421,0,370,0,0
B6_D1,748,0,11,0,0
B6_D1,462,0,33,0,0
B6_D1,658,0,385,0,0
G1_D1,60,0,205,0,0
B6_D1,684,0,450,0,0
G1_D1,275,0,288,0,0
B10_D1,407,0,443,0,0
B6_D1,466,0,329,0,0
B6_D1,774,0,54,0,0
B2_D1,857,0,54,0,0
G1_D1,1005,0,79,0,0
B6_D1,956,0,491,0,0
B10_D1,516,0,164,0,0
B2_D1,913,0,25,0,0
B6_D1,835,0,136,0,0
B6_D1,6,0,241,0,0
B10_D1,929,0,443,0,0
B6_D1,135,0,199,0,0
G1_D1,1023,0,391,0,0
B10_D1,860,0,270,0,0
B8_D1,708,0,311,0,0
B10_D1,38,0,49,0,0
B6_D1,776,0,400,0,0
B6_D1,881,0,104,0,0
G1_D1,486,0,94,0,0
B6_D1,456,0,499,0,0
B2_D1,289,0,182,0,0
G1_D1,981,0,131,0,0
B4_D1,683,0,186,0,0
G1_D1,778,0,27,0,0
G1_D1,156,0,235,0,0
B4_D1,636,0,182,0,0
B6_D1,758,0,19,0,0
B8_D1,725,0,313,0,0
B6_D1,723,0,418,0,0
B4_D1,705,0,140,0,0
B6_D1,96,0,508,0,0
B4_D1,557,0,200,0,0
B4_D1,763,0,232,0,0
B10_D1,705,0,446,0,0
G1_D1,720,0,427,0,0
B4_D1,709,0,250,0,0
B6_D1,720,0,341,0,0
G1_D1,495,0,4,0,0
B2_D1,700,0,28,0,0
B6_D1,126,0,484,0,0
B10_D1,497,0,477,0,0
G1_D1,710,0,100,0,0
B10_D1,772,0,56,0,0
B10_D1,470,0,124,0,0
G1_D1,200,0,59,0,0
B4_D1,936,0,237,0,0
B10_D1,489,0,55,0,0
B6_D1,676,0,187,0,0
B6_D1,815,0,215,0,0
G1_D1,661,0,36,0,0
B6_D1,766,0,32,0,0
B6_D1,537,0,170,0,0
B6_D1,197,0,290,0,0
B6_D1,934,0,498,0,0
B6_D1,872,0,71,0,0
B10_D1,605,0,296,0,0
G1_D1,389,0,14,0,0
B6_D1,34,0,84,0,0
B4_D1,9,0,48,0,0
B6_D1,36,0,36,0,0
B6_D1,542,0,494,0,0
B6_D1,323,0,240,0,0
B10_D1,471,0,300,0,0
B6_D1,884,0,46,0,0
B6_D1,225,0,339,0,0
B6_D1,448,0,14,0,0
B6_D1,856,0,264,0,0
G1_D1,107,0,14,0,0
G1_D1,620,0,445,0,0
G1_D1,977,0,39,0,0
B10_D1,561,0,143,0,0
B6_D1,894,0,64,0,0
B8_D1,106,0,218,0,0
B6_D1,242,0,304,0,0
B6_D1,488,0,174,0,0
B4_D1,497,0,433,0,0
B4_D1,629,0,51,0,0
B6_D1,64,0,213,0,0
B10_D1,302,0,201,0,0
B2_D1,264,0,60,0,0
B2_D1,232,0,486,0,0
B10_D1,428,0,310,0,0
B2_D1,787,0,9,0,0
B10_D1,1016,0,24,0,0
B4_D1,844,0,235,0,0
B8_D1,112,0,3,0,0
G1_D1,555,0,4,0,0
B10_D1,978,0,63,0,0
G1_D1,46,0,159,0,0
B6_D1,784,0,115,0,0
B10_D1,589,0,217,0,0
G1_D1,146,0,79,0,0
B10_D1,561,0,321,0,0
B6_D1,202,0,191,0,0
B2_D1,898,0,166,0,0
B6_D1,250,0,58,0,0
B6_D1,906,0,194,0,0
B4_D1,739,0,100,0,0
B4_D1,452,0,219,0,0
B10_D1,990,0,494,0,0
B10_D1,203,0,454,0,0
B10_D1,976,0,50,0,0
B6_D1,318,0,189,0,0
B6_D1,167,0,170,0,0
B10_D1,388,0,112,0,0
G1_D1,714,0,264,0,0
B10_D1,529,0,278,0,0
G1_D1,957,0,235,0,0
B6_D1,650,0,506,0,0
B10_D1,147,0,170,0,0
B10_D1,152,0,114,0,0
B2_D1,751,0,53,0,0
B10_D1,45,0,60,0,0
B2_D1,338,0,201,0,0
B4_D1,1021,0,219,0,0
B6_D1,532,0,38,0,0
B10_D1,637,0,495,0,0
G1_D1,548,0,71,0,0
B6_D1,841,0,328,0,0
B6_D1,367,0,278,0,0
B6_D1,747,0,315,0,0
B10_D1,391,0,79,0,0
B2_D1,331,0,178,0,0
B10_D1,690,0,279,0,0
B6_D1,763,0,351,0,0
B6_D1,46,0,249,0,0
G1_D1,69,0,348,0,0
B6_D1,849,0,345,0,0
B10_D1,316,0,47,0,0
B2_D1,314,0,491,0,0
B10_D1,17,0,30,0,0
B6_D1,364,0,26,0,0
B6_D1,826,0,483,0,0
B6_D1,705,0,480,0,0
B6_D1,324,0,387,0,0
G1_D1,385,0,107,0,0
B6_D1,780,0,97,0,0
B6_D1,130,0,111,0,0
B6_D1,262,0,81,0,0
G1_D1,84,0,461,0,0
B6_D1,446,0,28,0,0
B10_D1,527,0,163,0,0
B10_D1,508,0,165,0,0
B6_D1,208,0,372,0,0
B6_D1,70,0,41,0,0
B6_D1,53,0,225,0,0
B6_D1,235,0,75,0,0
B6_D1,252,0,129,0,0
G1_D1,877,0,12,0,0
B2_D1,894,0,35,0,0
B10_D1,880,0,466,0,0
B10_D1,709,0,400,0,0
B10_D1,768,0,330,0,0
B10_D1,475,0,83,0,0
G1_D1,354,0,227,0,0
B10_D1,836,0,243,0,0
B6_D1,106,0,504,0,0
B6_D1,429,0,382,0,0
B10_D1,804,0,169,0,0
B6_D1,288,0,335,0,0
B6_D1,950,0,482,0,0
B2_D1,485,0,82,0,0
B6_D1,22,0,507,0,0
B6_D1,944,0,114,0,0
B10_D1,305,0,465,0,0
B6_D1,308,0,500,0,0
B10_D1,410,0,316,0,0
B10_D1,911,0,256,0,0
G1_D1,37,0,24,0,0
B6_D1,622,0,504,0,0
B10_D1,653,0,270,0,0
B4_D1,379,0,197,0,0
B6_D1,82,0,135,0,0
B10_D1,651,0,73,0,0
B10_D1,116,0,144,0,0
G1_D1,24,0,261,0,0
B10_D1,840,0,348,0,0
B6_D1,442,0,23,0,0
B6_D1,92,0,16,0,0
G1_D1,586,0,225,0,0
B10_D1,381,0,242,0,0
B6_D1,1004,0,470,0,0
B6_D1,347,0,50,0,0
B6_D1,572,0,31,0,0
B4_D1,1019,0,202,0,0
B10_D1,727,0,3,0,0
B6_D1,281,0,103,0,0
B6_D1,247,0,333,0,0
B4_D1,170,0,1,0,0
B6_D1,510,0,165,0,0
B10_D1,427,0,207,0,0
B6_D1,842,0,16,0,0
B10_D1,865,0,402,0,0
B10_D1,797,0,424,0,0
B10_D1,624,0,181,0,0
B6_D1,982,0,8,0,0
G1_D1,39,0,276,0,0
B2_D1,746,0,137,0,0
G1_D1,456,0,42,0,0
B10_D1,905,0,91,0,0
B10_D1,591,0,9,0,0
G1_D1,180,0,125,0,0
B10_D1,699,0,446,0,0
B6_D1,914,0,500,0,0
B6_D1,450,0,399,0,0
B10_D1,283,0,120,0,0
B6_D1,799,0,300,0,0
B6_D1,360,0,15,0,0
B10_D1,464,0,230,0,0
G1_D1,283,0,102,0,0
B4_D1,1018,0,64,0,0
B6_D1,938,0,303,0,0
G1_D1,721,0,252,0,0
B10_D1,436,0,98,0,0
B10_D1,524,0,316,0,0
B6_D1,838,0,47,0,0
B6_D1,522,0,496,0,0
B4_D1,528,0,215,0,0
B6_D1,188,0,370,0,0
G1_D1,1003,0,211,0,0
B10_D1,307,0,416,0,0
G1_D1,29,0,265,0,0
B6_D1,482,0,31,0,0
G1_D1,372,0,463,0,0
G1_D1,139,0,381,0,0
G1_D1,264,0,7,0,0
B6_D1,698,0,1,0,0
G1_D1,376,0,277,0,0
B10_D1,242,0,244,0,0
G1_D1,890,0,5,0,0
B6_D1,765,0,72,0,0
G1_D1,568,0,197,0,0
B6_D1,23,0,477,0,0
B6_D1,718,0,375,0,0
B6_D1,154,0,437,0,0
B10_D1,585,0,119,0,0
B10_D1,292,0,39,0,0
B10_D1,398,0,275,0,0
B6_D1,436,0,60,0,0
B10_D1,13,0,309,0,0
G1_D1,217,0,77,0,0
B6_D1,74,0,98,0,0
B10_D1,927,0,34,0,0
G1_D1,398,0,390,0,0
B6_D1,852,0,178,0,0
B10_D1,1009,0,28,0,0
B10_D1,566,0,311,0,0
B4_D1,952,0,127,0,0
B10_D1,443,0,22,0,0
B10_D1,307,0,7,0,0
B6_D1,694,0,379,0,0
B6_D1,283,0,344,0,0
G1_D1,176,0,160,0,0
B4_D1,1022,0,111,0,0
B6_D1,608,0,162,0,0
B4_D1,7,0,371,0,0
B6_D1,528,0,3,0,0
G1_D1,83,0,14,0,0
B6_D1,796,0,32,0,0
B10_D1,68,0,140,0,0
B6_D1,915,0,431,0,0
B6_D1,904,0,292,0,0
B6_D1,895,0,163,0,0
B10_D1,926,0,272,0,0
B6_D1,765,0,68,0,0
G1_D1,332,0,425,0,0
B4_D1,667,0,140,0,0
B6_D1,515,0,283,0,0
B2_D1,638,0,479,0,0
B10_D1,648,0,383,0,0
B6_D1,243,0,91,0,0
B10_D1,663,0,441,0,0
B6_D1,850,0,17,0,0
G1_D1,288,0,487,0,0
B10_D1,582,0,153,0,0
B6_D1,632,0,273,0,0
B6_D1,712,0,156,0,0
B4_D1,977,0,44,0,0
B6_D1,224,0,332,0,0
B10_D1,919,0,328,0,0
B6_D1,260,0,421,0,0
G1_D1,538,0,511,0,0
B6_D1,58,0,304,0,0
G1_D1,902,0,339,0,0
G1_D1,192,0,121,0,0
G1_D1,983,0,103,0,0
B10_D1,20,0,120,0,0
B10_D1,90,0,318,0,0
B2_D1,88,0,24,0,0
B6_D1,355,0,246,0,0
B10_D1,959,0,56,0,0
B6_D1,990,0,397,0,0
B6_D1,947,0,397,0,0
B6_D1,220,0,463,0,0
B10_D1,490,0,189,0,0
B6_D1,632,0,54,0,0
G1_D1,709,0,145,0,0
B4_D1,578,0,388,0,0
B10_D1,785,0,413,0,0
B4_D1,216,0,121,0,0
G1_D1,44,0,460,0,0
B6_D1,386,0,193,0,0
G1_D1,13,0,377,0,0
B6_D1,536,0,25,0,0
G1_D1,42,0,181,0,0
B6_D1,970,0,308,0,0
G1_D1,197,0,189,0,0
B10_D1,567,0,312,0,0
B6_D1,54,0,160,0,0
B6_D1,63,0,424,0,0
B10_D1,538,0,474,0,0
B6_D1,516,0,165,0,0
B6_D1,434,0,43,0,0
B4_D1,1,0,340,0,0
B2_D1,436,0,213,0,0
B6_D1,114,0,42,0,0
G1_D1,705,0,376,0,0
B8_D1,123,0,265,0,0
B6_D1,920,0,392,0,0
G1_D1,1020,0,168,0,0
B6_D1,96,0,142,0,0
B10_D1,334,0,17,0,0
B10_D1,110,0,460,0,0
B6_D1,270,0,33,0,0
B10_D1,116,0,414,0,0
B10_D1,557,0,509,0,0
B6_D1,632,0,386,0,0
G1_D1,568,0,140,0,0
B10_D1,928,0,195,0,0
B10_D1,375,0,281,0,0
G1_D1,152,0,375,0,0
B10_D1,322,0,228,0,0
B6_D1,468,0,58,0,0
B10_D1,568,0,310,0,0
B2_D1,414,0,486,0,0
B10_D1,304,0,126,0,0
B4_D1,0,0,305,0,0
B6_D1,544,0,41,0,0
G1_D1,796,0,18,0,0
B6_D1,534,0,386,0,0
B6_D1,720,0,9,0,0
B6_D1,49,0,450,0,0
G1_D1,493,0,341,0,0
B10_D1,647,0,157,0,0
B6_D1,149,0,269,0,0
B6_D1,120,0,6,0,0
B4_D1,556,0,17,0,0
B6_D1,66,0,174,0,0
B6_D1,324,0,487,0,0
B8_D1,11,0,213,0,0
B6_D1,829,0,84,0,0
B2_D1,733,0,188,0,0
B6_D1,521,0,241,0,0
B6_D1,961,0,265,0,0
G1_D1,71,0,2,0,0
G1_D1,46,0,9,0,0
B6_D1,564,0,511,0,0
B10_D1,637,0,67,0,0
B2_D1,619,0,289,0,0
B4_D1,550,0,78,0,0
B6_D1,930,0,224,0,0
B2_D1,978,0,122,0,0
G1_D1,819,0,10,0,0
B6_D1,780,0,196,0,0
B6_D1,322,0,489,0,0
G1_D1,255,0,62,0,0
G1_D1,304,0,457,0,0
B10_D1,481,0,131,0,0
B6_D1,684,0,27,0,0
G1_D1,948,0,385,0,0
B10_D1,332,0,201,0,0
G1_D1,499,0,16,0,0
B6_D1,853,0,205,0,0
B8_D1,990,0,243,0,0
B6_D1,856,0,310,0,0
B4_D1,1010,0,76,0,0
B4_D1,238,0,278,0,0
B6_D1,653,0,69,0,0
B10_D1,491,0,477,0,0
G1_D1,909,0,236,0,0
B4_D1,7,0,237,0,0
G1_D1,130,0,3,0,0
B10_D1,398,0,486,0,0
B6_D1,462,0,268,0,0
B10_D1,223,0,332,0,0
B10_D1,116,0,51,0,0
G1_D1,578,0,270,0,0
B10_D1,490,0,4,0,0
B6_D1,632,0,34,0,0
B6_D1,852,0,327,0,0
G1_D1,187,0,35,0,0
B6_D1,949,0,91,0,0
B2_D1,976,0,125,0,0
B4_D1,409,0,231,0,0
G1_D1,69,0,451,0,0
B10_D1,177,0,168,0,0
B6_D1,258,0,386,0,0
B10_D1,619,0,101,0,0
B10_D1,232,0,180,0,0
G1_D1,508,0,3,0,0
G1_D1,537,0,73,0,0
B10_D1,906,0,63,0,0
G1_D1,868,0,115,0,0
B6_D1,872,0,1,0,0
B10_D1,25,0,208,0,0
B10_D1,215,0,314,0,0
B6_D1,472,0,483,0,0
B10_D1,514,0,244,0,0
B6_D1,914,0,46,0,0
G1_D1,97,0,202,0,0
B10_D1,788,0,412,0,0
B6_D1,33,0,262,0,0
B4_D1,79,0,315,0,0
B10_D1,287,0,10,0,0
G1_D1,479,0,128,0,0
B2_D1,442,0,128,0,0
B6_D1,140,0,322,0,0
B10_D1,355,0,507,0,0
B10_D1,371,0,156,0,0
B10_D1,365,0,510,0,0
B6_D1,800,0,146,0,0
B6_D1,395,0,284,0,0
B10_D1,617,0,232,0,0
B6_D1,702,0,182,0,0
B10_D1,744,0,75,0,0
G1_D1,24,0,103,0,0
B10_D1,140,0,320,0,0
B10_D1,544,0,19,0,0
B10_D1,39,0,71,0,0
G1_D1,420,0,20,0,0
B6_D1,250,0,35,0,0
B6_D1,820,0,507,0,0
B8_D1,22,0,267,0,0
B10_D1,281,0,182,0,0
B10_D1,345,0,488,0,0
B6_D1,147,0,361,0,0
G1_D1,678,0,509,0,0
G1_D1,585,0,143,0,0
B10_D1,920,0,218,0,0
B10_D1,303,0,61,0,0
B4_D1,655,0,237,0,0
B10_D1,825,0,417,0,0
G1_D1,365,0,488,0,0
B10_D1,586,0,270,0,0
B6_D1,858,0,373,0,0
B6_D1,695,0,155,0,0
B4_D1,959,0,13,0,0
B6_D1,596,0,345,0,0
B6_D1,760,0,11,0,0
B6_D1,566,0,19,0,0
B6_D1,816,0,150,0,0
B6_D1,190,0,325,0,0
G1_D1,821,0,14,0,0
B10_D1,291,0,330,0,0
B10_D1,935,0,79,0,0
B4_D1,779,0,274,0,0
B6_D1,706,0,26,0,0
B6_D1,892,0,14,0,0
B10_D1,281,0,63,0,0
B6_D1,52,0,47,0,0
B6_D1,824,0,506,0,0
B10_D1,618,0,415,0,0
B10_D1,318,0,177,0,0
B10_D1,368,0,415,0,0
B6_D1,693,0,284,0,0
B10_D1,856,0,326,0,0
B10_D1,651,0,269,0,0
B6_D1,256,0,29,0,0
G1_D1,65,0,450,0,0
G1_D1,221,0,193,0,0
B10_D1,87,0,31,0,0
B10_D1,112,0,266,0,0
B6_D1,687,0,364,0,0
G1_D1,995,0,38,0,0
B6_D1,800,0,31,0,0
G1_D1,823,0,95,0,0
B8_D1,47,0,2,0,0
G1_D1,868,0,236,0,0
B6_D1,684,0,339,0,0
B6_D1,558,0,24,0,0
B6_D1,570,0,264,0,0
B6_D1,755,0,271,0,0
B6_D1,187,0,334,0,0
B10_D1,344,0,275,0,0
B6_D1,1012,0,2,0,0
B6_D1,645,0,458,0,0
B10_D1,624,0,31,0,0
B10_D1,474,0,506,0,0
B10_D1,160,0,102,0,0
B6_D1,845,0,203,0,0
G1_D1,701,0,15,0,0
B6_D1,234,0,452,0,0
B2_D1,689,0,194,0,0
G1_D1,26,0,71,0,0
B10_D1,315,0,66,0,0
B10_D1,848,0,438,0,0
B6_D1,775,0,424,0,0
G1_D1,823,0,12,0,0
G1_D1,268,0,63,0,0
B10_D1,866,0,203,0,0
B10_D1,811,0,327,0,0
B8_D1,959,0,238,0,0
B6_D1,13,0,60,0,0
B2_D1,940,0,153,0,0
B6_D1,852,0,334,0,0
B6_D1,90,0,393,0,0
G1_D1,532,0,280,0,0
B2_D1,174,0,178,0,0
B4_D1,165,0,116,0,0
G1_D1,195,0,17,0,0
G1_D1,36,0,268,0,0
B6_D1,816,0,334,0,0
B10_D1,461,0,407,0,0
G1_D1,873,0,80,0,0
B6_D1,844,0,227,0,0
G1_D1,62,0,345,0,0
B10_D1,753,0,315,0,0
B6_D1,82,0,8,0,0
B4_D1,676,0,17,0,0
B10_D1,871,0,87,0,0
B10_D1,1022,0,90,0,0
B10_D1,83,0,163,0,0
B10_D1,989,0,54,0,0
B10_D1,574,0,101,0,0
B2_D1,683,0,48,0,0
B10_D1,281,0,239,0,0
B6_D1,186,0,277,0,0
B6_D1,767,0,417,0,0
G1_D1,910,0,273,0,0
B6_D1,399,0,62,0,0
B10_D1,132,0,111,0,0
B2_D1,1015,0,210,0,0
B6_D1,65,0,87,0,0
B6_D1,144,0,21,0,0
G1_D1,26,0,147,0,0
G1_D1,21,0,245,0,0
B10_D1,189,0,363,0,0
G1_D1,149,0,2,0,0
B4_D1,28,0,7,0,0
B6_D1,102,0,132,0,0
B10_D1,843,0,344,0,0
B10_D1,216,0,134,0,0
B10_D1,214,0,144,0,0
B6_D1,295,0,136,0,0
B6_D1,18,0,33,0,0
B10_D1,305,0,63,0,0
B6_D1,824,0,160,0,0
B6_D1,6,0,281,0,0
G1_D1,682,0,50,0,0
B10_D1,485,0,480,0,0
B10_D1,67,0,148,0,0
B6_D1,576,0,404,0,0
G1_D1,717,0,262,0,0
G1_D1,1001,0,157,0,0
B10_D1,467,0,473,0,0
B10_D1,225,0,319,0,0
B2_D1,225,0,72,0,0
B10_D1,587,0,98,0,0
B2_D1,927,0,35,0,0
B6_D1,545,0,160,0,0
B6_D1,539,0,160,0,0
B6_D1,841,0,295,0,0
B6_D1,662,0,348,0,0
B10_D1,801,0,40,0,0
B6_D1,877,0,205,0,0
B10_D1,544,0,298,0,0
G1_D1,476,0,482,0,0
B6_D1,584,0,10,0,0
B2_D1,0,0,511,0,0
B6_D1,708,0,255,0,0
B10_D1,160,0,13,0,0
B6_D1,164,0,370,0,0
B6_D1,600,0,281,0,0
B6_D1,1008,0,317,0,0
B10_D1,12,0,147,0,0
B10_D1,81,0,62,0,0
B4_D1,762,0,237,0,0
B10_D1,334,0,50,0,0
G1_D1,1007,0,295,0,0
B4_D1,422,0,386,0,0
B10_D1,503,0,335,0,0
B10_D1,695,0,324,0,0
B6_D1,780,0,30,0,0
B6_D1,75,0,389,0,0
B6_D1,774,0,80,0,0
G1_D1,229,0,19,0,0
B6_D1,349,0,427,0,0
B10_D1,766,0,90,0,0
B10_D1,288,0,236,0,0
B10_D1,374,0,273,0,0
B10_D1,447,0,300,0,0
B6_D1,901,0,53,0,0
B6_D1,380,0,16,0,0
B6_D1,66,0,51,0,0
B6_D1,14,0,40,0,0
B10_D1,1018,0,61,0,0
B10_D1,320,0,232,0,0
B10_D1,326,0,234,0,0
G1_D1,863,0,113,0,0
B10_D1,544,0,267,0,0
B2_D1,444,0,510,0,0
B2_D1,359,0,204,0,0
B4_D1,667,0,295,0,0
B6_D1,477,0,331,0,0
B10_D1,822,0,312,0,0
G1_D1,981,0,313,0,0
B4_D1,774,0,300,0,0
B4_D1,42,0,19,0,0
B8_D1,357,0,187,0,0
B4_D1,1,0,138,0,0
G1_D1,1012,0,294,0,0
B6_D1,841,0,447,0,0
B6_D1,551,0,262,0,0
B2_D1,706,0,11,0,0
B6_D1,810,0,33,0,0
B6_D1,672,0,484,0,0
B6_D1,1008,0,308,0,0
G1_D1,737,0,319,0,0
B10_D1,259,0,282,0,0
B6_D1,332,0,19,0,0
G1_D1,764,0,262,0,0
B10_D1,123,0,197,0,0
B8_D1,620,0,233,0,0
B6_D1,528,0,39,0,0
B2_D1,601,0,289,0,0
G1_D1,416,0,370,0,0
B6_D1,673,0,451,0,0
B10_D1,134,0,114,0,0
B8_D1,133,0,208,0,0
B6_D1,421,0,384,0,0
G1_D1,40,0,403,0,0
B10_D1,690,0,245,0,0
B6_D1,57,0,264,0,0
G1_D1,422,0,390,0,0
G1_D1,178,0,511,0,0
G1_D1,329,0,427,0,0
B6_D1,48,0,197,0,0
B2_D1,264,0,156,0,0
B10_D1,8,0,171,0,0
B10_D1,468,0,105,0,0
B6_D1,300,0,335,0,0
B6_D1,147,0,82,0,0
B6_D1,656,0,386,0,0
G1_D1,150,0,313,0,0
B6_D1,176,0,63,0,0
B2_D1,196,0,84,0,0
B6_D1,254,0,13,0,0
B6_D1,408,0,334,0,0
B2_D1,445,0,170,0,0
B6_D1,209,0,479,0,0
G1_D1,669,0,473,0,0
G1_D1,458,0,482,0,0
B6_D1,131,0,196,0,0
G1_D1,988,0,44,0,0
B6_D1,321,0,73,0,0
B10_D1,977,0,256,0,0
B8_D1,267,0,183,0,0
B4_D1,739,0,200,0,0
B2_D1,761,0,284,0,0
B10_D1,813,0,57,0,0
B6_D1,645,0,180,0,0
G1_D1,106,0,269,0,0
B6_D1,848,0,488,0,0
B10_D1,977,0,42,0,0
B6_D1,152,0,218,0,0
G1_D1,995,0,67,0,0
B10_D1,99,0,36,0,0
B10_D1,9,0,377,0,0
G1_D1,892,0,337,0,0
B6_D1,908,0,385,0,0
B10_D1,361,0,163,0,0
B2_D1,638,0,107,0,0
B6_D1,620,0,491,0,0
G1_D1,454,0,115,0,0
B6_D1,79,0,81,0,0
B6_D1,408,0,45,0,0
G1_D1,993,0,131,0,0
G1_D1,640,0,29,0,0
G1_D1,1002,0,369,0,0
B6_D1,599,0,359,0,0
B6_D1,146,0,49,0,0
B10_D1,382,0,180,0,0
B6_D1,482,0,25,0,0
B2_D1,1,0,158,0,0
B6_D1,506,0,354,0,0
B8_D1,495,0,202,0,0
B10_D1,690,0,51,0,0
B10_D1,559,0,505,0,0
B6_D1,185,0,138,0,0
B6_D1,576,0,502,0,0
B4_D1,902,0,232,0,0
B10_D1,872,0,371,0,0
B6_D1,116,0,485,0,0
G1_D1,907,0,469,0,0
B6_D1,620,0,266,0,0
B2_D1,280,0,487,0,0
B10_D1,575,0,319,0,0
G1_D1,201,0,40,0,0
B6_D1,530,0,500,0,0
G1_D1,936,0,256,0,0
B10_D1,949,0,285,0,0
B6_D1,1018,0,144,0,0
G1_D1,120,0,137,0,0
B6_D1,715,0,55,0,0
B10_D1,709,0,255,0,0
B4_D1,26,0,0,0,0
G1_D1,226,0,408,0,0
B10_D1,351,0,97,0,0
B6_D1,162,0,145,0,0
B10_D1,458,0,465,0,0
B6_D1,612,0,358,0,0
G1_D1,878,0,199,0,0
B10_D1,29,0,25,0,0
B2_D1,950,0,42,0,0
B10_D1,143,0,167,0,0
B2_D1,550,0,102,0,0
B6_D1,65,0,163,0,0
G1_D1,69,0,43,0,0
B4_D1,912,0,261,0,0
B10_D1,190,0,4,0,0
B4_D1,351,0,357,0,0
B6_D1,340,0,113,0,0
G1_D1,982,0,104,0,0
G1_D1,299,0,134,0,0
B2_D1,132,0,167,0,0
B2_D1,997,0,510,0,0
B6_D1,267,0,435,0,0
B6_D1,771,0,471,0,0
B10_D1,851,0,21,0,0
B4_D1,492,0,111,0,0
G1_D1,997,0,223,0,0
G1_D1,334,0,30,0,0
B6_D1,612,0,30,0,0
B8_D1,73,0,329,0,0
G1_D1,772,0,17,0,0
B10_D1,245,0,151,0,0
B6_D1,250,0,422,0,0
B6_D1,26,0,267,0,0
B8_D1,869,0,233,0,0
B10_D1,666,0,412,0,0
B6_D1,455,0,74,0,0
B10_D1,962,0,291,0,0
G1_D1,271,0,57,0,0
B10_D1,971,0,0,0,0
B10_D1,218,0,216,0,0
B6_D1,893,0,167,0,0
B10_D1,4,0,391,0,0
B6_D1,205,0,385,0,0
B6_D1,755,0,200,0,0
B6_D1,736,0,510,0,0
B6_D1,220,0,321,0,0
B6_D1,875,0,74,0,0
B6_D1,706,0,498,0,0
B10_D1,228,0,339,0,0
B10_D1,915,0,385,0,0
B6_D1,104,0,147,0,0
G1_D1,883,0,16,0,0
B2_D1,760,0,47,0,0
B10_D1,686,0,16,0,0
B2_D1,689,0,284,0,0
B8_D1,388,0,285,0,0
B6_D1,365,0,327,0,0
B10_D1,197,0,511,0,0
B6_D1,859,0,158,0,0
B4_D1,785,0,13,0,0
B10_D1,89,0,93,0,0
B6_D1,984,0,137,0,0
G1_D1,1023,0,143,0,0
B6_D1,386,0,491,0,0
G1_D1,818,0,213,0,0
B6_D1,690,0,410,0,0
B10_D1,30,0,164,0,0
B10_D1,578,0,322,0,0
B6_D1,538,0,510,0,0
B6_D1,304,0,187,0,0
G1_D1,656,0,192,0,0
B10_D1,424,0,385,0,0
B8_D1,229,0,102,0,0
B6_D1,267,0,339,0,0
B2_D1,1,0,86,0,0
B4_D1,791,0,254,0,0
B6_D1,235,0,239,0,0
G1_D1,465,0,10,0,0
B8_D1,133,0,77,0,0
B10_D1,931,0,263,0,0
B10_D1,7,0,219,0,0
B10_D1,108,0,33,0,0
B6_D1,536,0,247,0,0
B6_D1,454,0,60,0,0
G1_D1,676,0,194,0,0
G1_D1,344,0,23,0,0
B6_D1,920,0,305,0,0
B2_D1,553,0,477,0,0
B2_D1,822,0,17,0,0
G1_D1,939,0,266,0,0
B6_D1,906,0,263,0,0
B10_D1,404,0,12,0,0
B10_D1,696,0,245,0,0
G1_D1,727,0,277,0,0
B8_D1,34,0,251,0,0
B4_D1,111,0,332,0,0
B10_D1,413,0,280,0,0
G1_D1,550,0,17,0,0
B6_D1,442,0,325,0,0
B6_D1,210,0,39,0,0
G1_D1,44,0,192,0,0
B10_D1,842,0,439,0,0
B6_D1,563,0,301,0,0
B6_D1,862,0,483,0,0
B6_D1,274,0,242,0,0
G1_D1,915,0,221,0,0
B10_D1,101,0,510,0,0
G1_D1,39,0,140,0,0
B6_D1,186,0,39,0,0
B4_D1,252,0,207,0,0
B6_D1,176,0,87,0,0
B4_D1,528,0,86,0,0
G1_D1,215,0,143,0,0
B6_D1,1011,0,397,0,0
B6_D1,115,0,195,0,0
B10_D1,454,0,159,0,0
B6_D1,650,0,10,0,0
B6_D1,248,0,125,0,0
B6_D1,570,0,472,0,0
B6_D1,250,0,26,0,0
B6_D1,348,0,18,0,0
B10_D1,707,0,160,0,0
B6_D1,980,0,299,0,0
G1_D1,712,0,43,0,0
B6_D1,842,0,503,0,0
B6_D1,624,0,352,0,0
B6_D1,612,0,21,0,0
B6_D1,402,0,386,0,0
G1_D1,418,0,118,0,0
B6_D1,962,0,128,0,0
B6_D1,764,0,485,0,0
G1_D1,292,0,277,0,0
B10_D1,357,0,196,0,0
B10_D1,89,0,18,0,0
G1_D1,344,0,89,0,0
B10_D1,726,0,469,0,0
G1_D1,283,0,237,0,0
G1_D1,1019,0,485,0,0
B2_D1,300,0,142,0,0
B6_D1,538,0,23,0,0
B10_D1,421,0,194,0,0
B6_D1,574,0,403,0,0
B6_D1,116,0,22,0,0
B6_D1,769,0,425,0,0
B6_D1,880,0,501,0,0
B6_D1,437,0,50,0,0
B6_D1,76,0,322,0,0
B10_D1,714,0,442,0,0
G1_D1,238,0,41,0,0
B6_D1,470,0,378,0,0
B6_D1,371,0,157,0,0
B10_D1,119,0,112,0,0
B6_D1,424,0,51,0,0
B10_D1,200,0,178,0,0
B4_D1,745,0,243,0,0
B10_D1,40,0,128,0,0
G1_D1,34,0,174,0,0
B10_D1,848,0,89,0,0
B10_D1,18,0,153,0,0
G1_D1,518,0,5,0,0
B6_D1,366,0,496,0,0
B10_D1,285,0,173,0,0
G1_D1,288,0,42,0,0
B10_D1,408,0,89,0,0
G1_D1,44,0,1,0,0
B4_D1,1022,0,194,0,0
G1_D1,229,0,510,0,0
B4_D1,1003,0,11,0,0
G1_D1,687,0,57,0,0
B10_D1,35,0,112,0,0
G1_D1,188,0,59,0,0
B10_D1,584,0,289,0,0
B2_D1,674,0,499,0,0
B6_D1,887,0,131,0,0
B10_D1,587,0,511,0,0
B6_D1,188,0,276,0,0
B6_D1,526,0,293,0,0
B6_D1,98,0,285,0,0
B6_D1,361,0,191,0,0
B6_D1,193,0,288,0,0
B2_D1,873,0,71,0,0
B10_D1,359,0,215,0,0
B6_D1,580,0,49,0,0
G1_D1,775,0,237,0,0
B6_D1,182,0,488,0,0
B2_D1,524,0,106,0,0
G1_D1,312,0,20,0,0
G1_D1,909,0,256,0,0
B10_D1,647,0,35,0,0
B6_D1,948,0,511,0,0
B6_D1,324,0,262,0,0
B10_D1,440,0,116,0,0
B10_D1,709,0,268,0,0
B10_D1,940,0,81,0,0
B10_D1,397,0,232,0,0
B10_D1,804,0,175,0,0
B6_D1,672,0,33,0,0
B10_D1,233,0,10,0,0
B2_D1,441,0,214,0,0
G1_D1,727,0,353,0,0
B10_D1,403,0,246,0,0
B6_D1,572,0,329,0,0
B10_D1,564,0,153,0,0
G1_D1,910,0,222,0,0
B10_D1,11,0,237,0,0
B6_D1,464,0,500,0,0
B6_D1,998,0,118,0,0
G1_D1,1020,0,215,0,0
G1_D1,714,0,250,0,0
B10_D1,402,0,150,0,0
B2_D1,161,0,71,0,0
B10_D1,767,0,0,0,0
G1_D1,35,0,8,0,0
G1_D1,749,0,202,0,0
B6_D1,500,0,48,0,0
B6_D1,101,0,94,0,0
B10_D1,727,0,433,0,0
B6_D1,516,0,39,0,0
B6_D1,306,0,335,0,0
G1_D1,184,0,233,0,0
G1_D1,17,0,177,0,0
B8_D1,122,0,331,0,0
B6_D1,504,0,24,0,0
B6_D1,510,0,9,0,0
B10_D1,6,0,32,0,0
G1_D1,258,0,13,0,0
G1_D1,162,0,159,0,0
B10_D1,781,0,91,0,0
B6_D1,41,0,418,0,0
B6_D1,765,0,248,0,0
B4_D1,657,0,73,0,0
G1_D1,969,0,151,0,0
B10_D1,391,0,169,0,0
B6_D1,647,0,372,0,0
B6_D1,813,0,267,0,0
G1_D1,469,0,120,0,0
B6_D1,611,0,283,0,0
B6_D1,768,0,487,0,0
B6_D1,768,0,499,0,0
B6_D1,637,0,417,0,0
B6_D1,714,0,511,0,0
G1_D1,563,0,14,0,0
G1_D1,19,0,141,0,0
B6_D1,488,0,346,0,0
G1_D1,775,0,323,0,0
G1_D1,929,0,94,0,0
B10_D1,956,0,291,0,0
G1_D1,843,0,76,0,0
B4_D1,139,0,18,0,0
B6_D1,988,0,14,0,0
B6_D1,421,0,191,0,0
B6_D1,154,0,195,0,0
B4_D1,581,0,282,0,0
B10_D1,30,0,191,0,0
B10_D1,411,0,266,0,0
B10_D1,967,0,77,0,0
B4_D1,337,0,16,0,0
B4_D1,305,0,183,0,0
B6_D1,230,0,28,0,0
B6_D1,161,0,199,0,0
B10_D1,146,0,339,0,0
B6_D1,758,0,40,0,0
B10_D1,755,0,270,0,0
B6_D1,504,0,12,0,0
G1_D1,1017,0,267,0,0
B2_D1,478,0,511,0,0
B10_D1,757,0,115,0,0
G1_D1,584,0,224,0,0
B10_D1,309,0,330,0,0
B10_D1,448,0,290,0,0
B6_D1,460,0,498,0,0
G1_D1,711,0,270,0,0
B10_D1,252,0,314,0,0
B10_D1,423,0,165,0,0
G1_D1,248,0,11,0,0
B6_D1,19,0,351,0,0
B10_D1,529,0,143,0,0
B6_D1,10,0,291,0,0
B10_D1,235,0,273,0,0
B10_D1,753,0,269,0,0
G1_D1,20,0,238,0,0
B6_D1,477,0,355,0,0
B6_D1,210,0,30,0,0
B10_D1,744,0,121,0,0
B10_D1,994,0,50,0,0
B6_D1,854,0,265,0,0
B6_D1,184,0,197,0,0
G1_D1,18,0,273,0,0
B10_D1,318,0,187,0,0
B10_D1,155,0,167,0,0
G1_D1,951,0,241,0,0
B10_D1,1021,0,80,0,0
B10_D1,893,0,216,0,0
B6_D1,900,0,3,0,0
B10_D1,752,0,325,0,0
G1_D1,848,0,440,0,0
B2_D1,887,0,265,0,0
B4_D1,27,0,117,0,0
B6_D1,919,0,129,0,0
G1_D1,601,0,187,0,0
G1_D1,265,0,40,0,0
B6_D1,160,0,498,0,0
B6_D1,158,0,251,0,0
B6_D1,17,0,326,0,0
B8_D1,222,0,343,0,0
G1_D1,261,0,69,0,0
G1_D1,370,0,367,0,0
B2_D1,659,0,50,0,0
B10_D1,267,0,69,0,0
G1_D1,685,0,131,0,0
B4_D1,80,0,3,0,0
G1_D1,236,0,240,0,0
B6_D1,120,0,124,0,0
B4_D1,951,0,115,0,0
B10_D1,615,0,296,0,0
B10_D1,504,0,232,0,0
B6_D1,704,0,1,0,0
B10_D1,409,0,169,0,0
B6_D1,860,0,149,0,0
G1_D1,953,0,8,0,0
B4_D1,174,0,26,0,0
B2_D1,1021,0,79,0,0
B4_D1,578,0,389,0,0
B10_D1,44,0,167,0,0
B6_D1,982,0,29,0,0
B10_D1,859,0,237,0,0
B10_D1,661,0,380,0,0
G1_D1,377,0,408,0,0
B6_D1,918,0,127,0,0
B6_D1,302,0,1,0,0
B6_D1,464,0,43,0,0
B6_D1,651,0,413,0,0
B10_D1,712,0,419,0,0
G1_D1,881,0,247,0,0
G1_D1,399,0,229,0,0
B6_D1,604,0,351,0,0
B10_D1,354,0,177,0,0
B6_D1,843,0,360,0,0
B10_D1,918,0,324,0,0
B2_D1,832,0,366,0,0
G1_D1,284,0,41,0,0
G1_D1,46,0,92,0,0
G1_D1,1012,0,282,0,0
B2_D1,89,0,84,0,0
B6_D1,876,0,207,0,0
B6_D1,859,0,205,0,0
G1_D1,754,0,110,0,0
B4_D1,156,0,130,0,0
B4_D1,767,0,153,0,0
B6_D1,738,0,291,0,0
G1_D1,58,0,269,0,0
B10_D1,478,0,470,0,0
B6_D1,190,0,41,0,0
G1_D1,146,0,24,0,0
G1_D1,988,0,281,0,0
B10_D1,466,0,265,0,0
B6_D1,594,0,499,0,0
B10_D1,635,0,28,0,0
B10_D1,461,0,76,0,0
B6_D1,220,0,501,0,0
G1_D1,700,0,435,0,0
G1_D1,484,0,348,0,0
B10_D1,100,0,311,0,0
B10_D1,861,0,70,0,0
B6_D1,732,0,283,0,0
G1_D1,861,0,232,0,0
B2_D1,916,0,21,0,0
B10_D1,689,0,276,0,0
B6_D1,292,0,486,0,0
B2_D1,0,0,58,0,0
B6_D1,177,0,361,0,0
B2_D1,843,0,0,0,0
B6_D1,918,0,9,0,0
B10_D1,657,0,416,0,0
B6_D1,623,0,164,0,0
B10_D1,124,0,6,0,0
B10_D1,170,0,450,0,0
B10_D1,685,0,298,0,0
G1_D1,251,0,245,0,0
B4_D1,2,0,25,0,0
B10_D1,718,0,443,0,0
B6_D1,828,0,334,0,0
B8_D1,771,0,228,0,0
B6_D1,602,0,291,0,0
B2_D1,672,0,511,0,0
B6_D1,894,0,508,0,0
G1_D1,265,0,322,0,0
B6_D1,490,0,437,0,0
B10_D1,725,0,55,0,0
B6_D1,846,0,224,0,0
B6_D1,213,0,156,0,0
B10_D1,660,0,263,0,0
B8_D1,837,0,228,0,0
B6_D1,29,0,74,0,0
B10_D1,536,0,93,0,0
G1_D1,337,0,19,0,0
B10_D1,147,0,102,0,0
B6_D1,4,0,103,0,0
B10_D1,727,0,78,0,0
B4_D1,2,0,116,0,0
B10_D1,649,0,309,0,0
B6_D1,800,0,244,0,0
G1_D1,4,0,437,0,0
G1_D1,691,0,280,0,0
B10_D1,873,0,84,0,0
B10_D1,420,0,489,0,0
B6_D1,106,0,495,0,0
B6_D1,779,0,200,0,0
B6_D1,821,0,123,0,0
B4_D1,275,0,248,0,0
B2_D1,2,0,201,0,0
B6_D1,704,0,345,0,0
G1_D1,98,0,11,0,0
G1_D1,166,0,450,0,0
B10_D1,89,0,163,0,0
B6_D1,62,0,43,0,0
G1_D1,870,0,88,0,0
B10_D1,261,0,2,0,0
B10_D1,870,0,29,0,0
G1_D1,367,0,290,0,0
B10_D1,660,0,387,0,0
B6_D1,1005,0,449,0,0
B10_D1,486,0,111,0,0
B2_D1,781,0,13,0,0
G1_D1,557,0,171,0,0
B6_D1,790,0,115,0,0
B10_D1,649,0,462,0,0
B10_D1,174,0,507,0,0
B10_D1,388,0,491,0,0
B10_D1,597,0,128,0,0
B6_D1,763,0,251,0,0
B10_D1,1022,0,234,0,0
B10_D1,535,0,21,0,0
B4_D1,490,0,430,0,0
B6_D1,998,0,314,0,0
B10_D1,152,0,99,0,0
G1_D1,806,0,243,0,0
B10_D1,400,0,168,0,0
B2_D1,686,0,52,0,0
B10_D1,36,0,173,0,0
B10_D1,694,0,238,0,0
B4_D1,974,0,32,0,0
G1_D1,611,0,112,0,0
B10_D1,540,0,195,0,0
G1_D1,365,0,15,0,0
B6_D1,178,0,197,0,0
G1_D1,11,0,30,0,0
G1_D1,990,0,270,0,0
B10_D1,292,0,6,0,0
B10_D1,701,0,66,0,0
B10_D1,424,0,144,0,0
B8_D1,994,0,244,0,0
B6_D1,306,0,502,0,0
B6_D1,692,0,348,0,0
B2_D1,580,0,453,0,0
G1_D1,650,0,236,0,0
B6_D1,239,0,476,0,0
B6_D1,616,0,44,0,0
B10_D1,797,0,0,0,0
B6_D1,508,0,32,0,0
B6_D1,286,0,14,0,0
B6_D1,278,0,272,0,0
B6_D1,708,0,27,0,0
G1_D1,280,0,103,0,0
B6_D1,722,0,421,0,0
B2_D1,762,0,511,0,0
B6_D1,430,0,348,0,0
G1_D1,1008,0,247,0,0
B10_D1,316,0,48,0,0
B4_D1,644,0,294,0,0
B2_D1,914,0,428,0,0
G1_D1,1009,0,60,0,0
B4_D1,789,0,234,0,0
B10_D1,357,0,222,0,0
B4_D1,73,0,327,0,0
B10_D1,586,0,140,0,0
B2_D1,996,0,61,0,0
B6_D1,985,0,58,0,0
B6_D1,435,0,382,0,0
B6_D1,755,0,294,0,0
B2_D1,781,0,223,0,0
G1_D1,720,0,44,0,0
B10_D1,807,0,40,0,0
B4_D1,685,0,107,0,0
B6_D1,618,0,346,0,0
B6_D1,753,0,204,0,0
B4_D1,140,0,17,0,0
B6_D1,723,0,82,0,0
B6_D1,422,0,22,0,0
B6_D1,281,0,70,0,0
G1_D1,53,0,15,0,0
B10_D1,478,0,490,0,0
B2_D1,252,0,129,0,0
B10_D1,394,0,80,0,0
B10_D1,566,0,506,0,0
B6_D1,764,0,491,0,0
B10_D1,538,0,288,0,0
B6_D1,890,0,13,0,0
B4_D1,279,0,255,0,0
B6_D1,231,0,338,0,0
G1_D1,223,0,137,0,0
B6_D1,995,0,401,0,0
B10_D1,537,0,281,0,0
B10_D1,670,0,51,0,0
B6_D1,321,0,375,0,0
B6_D1,1020,0,508,0,0
B10_D1,508,0,290,0,0
B10_D1,5,0,274,0,0
B10_D1,55,0,3,0,0
B10_D1,989,0,206,0,0
B2_D1,109,0,200,0,0
B10_D1,520,0,276,0,0
B10_D1,864,0,232,0,0
B6_D1,899,0,118,0,0
G1_D1,287,0,53,0,0
B2_D1,260,0,198,0,0
G1_D1,668,0,255,0,0
B6_D1,135,0,116,0,0
G1_D1,999,0,213,0,0
B6_D1,340,0,483,0,0
B6_D1,773,0,164,0,0
B6_D1,985,0,138,0,0
G1_D1,1007,0,149,0,0
B2_D1,783,0,60,0,0
G1_D1,999,0,123,0,0
B10_D1,344,0,176,0,0
B4_D1,225,0,209,0,0
B10_D1,782,0,106,0,0
G1_D1,285,0,37,0,0
B10_D1,969,0,47,0,0
B6_D1,704,0,302,0,0
B6_D1,142,0,411,0,0
B6_D1,362,0,425,0,0
B6_D1,344,0,494,0,0
B4_D1,311,0,95,0,0
G1_D1,17,0,165,0,0
B6_D1,72,0,199,0,0
B2_D1,68,0,20,0,0
G1_D1,717,0,309,0,0
B6_D1,4,0,279,0,0
B10_D1,22,0,233,0,0
G1_D1,298,0,3,0,0
B6_D1,724,0,411,0,0
B2_D1,199,0,133,0,0
B10_D1,818,0,89,0,0
B6_D1,726,0,508,0,0
B4_D1,759,0,15,0,0
B10_D1,186,0,137,0,0
B10_D1,542,0,225,0,0
G1_D1,774,0,293,0,0
B10_D1,794,0,394,0,0
B10_D1,866,0,229,0,0
B10_D1,321,0,188,0,0
B6_D1,636,0,374,0,0
B6_D1,316,0,14,0,0
B4_D1,983,0,69,0,0
B6_D1,966,0,238,0,0
G1_D1,779,0,15,0,0
B10_D1,411,0,41,0,0
G1_D1,627,0,20,0,0
G1_D1,721,0,21,0,0
B6_D1,600,0,337,0,0
B6_D1,463,0,62,0,0
B4_D1,1019,0,139,0,0
B2_D1,713,0,256,0,0
B10_D1,440,0,315,0,0
G1_D1,508,0,87,0,0
B10_D1,481,0,469,0,0
G1_D1,278,0,31,0,0
B6_D1,331,0,209,0,0
B10_D1,528,0,164,0,0
B8_D1,680,0,230,0,0
B10_D1,349,0,256,0,0
G1_D1,432,0,29,0,0
B4_D1,310,0,214,0,0
B6_D1,868,0,495,0,0
B6_D1,776,0,162,0,0
B10_D1,82,0,289,0,0
B10_D1,457,0,3,0,0
B6_D1,906,0,49,0,0
G1_D1,1021,0,183,0,0
B10_D1,618,0,359,0,0
B10_D1,410,0,217,0,0
G1_D1,715,0,21,0,0
B6_D1,722,0,22,0,0
G1_D1,927,0,387,0,0
B10_D1,877,0,499,0,0
B6_D1,892,0,17,0,0
G1_D1,746,0,30,0,0
G1_D1,940,0,285,0,0
G1_D1,996,0,319,0,0
B8_D1,921,0,237,0,0
G1_D1,717,0,263,0,0
B2_D1,736,0,20,0,0
B6_D1,505,0,297,0,0
B10_D1,534,0,254,0,0
B2_D1,500,0,220,0,0
G1_D1,439,0,229,0,0
G1_D1,153,0,10,0,0
B6_D1,231,0,374,0,0
B8_D1,497,0,205,0,0
G1_D1,606,0,13,0,0
B6_D1,772,0,301,0,0
B4_D1,7,0,287,0,0
B10_D1,28,0,151,0,0
B2_D1,480,0,124,0,0
G1_D1,962,0,257,0,0
B10_D1,271,0,156,0,0
B6_D1,796,0,441,0,0
G1_D1,338,0,422,0,0
B6_D1,558,0,505,0,0
B2_D1,689,0,285,0,0
G1_D1,989,0,148,0,0
B4_D1,663,0,20,0,0
B10_D1,846,0,435,0,0
B6_D1,818,0,506,0,0
B6_D1,467,0,458,0,0
B6_D1,1014,0,168,0,0
B6_D1,1020,0,511,0,0
B4_D1,1022,0,278,0,0
B10_D1,659,0,0,0,0
B6_D1,264,0,33,0,0
G1_D1,517,0,269,0,0
G1_D1,569,0,157,0,0
B6_D1,316,0,47,0,0
B4_D1,642,0,233,0,0
B10_D1,235,0,356,0,0
B10_D1,66,0,172,0,0
B10_D1,135,0,171,0,0
B10_D1,862,0,200,0,0
B6_D1,764,0,409,0,0
G1_D1,965,0,326,0,0
B6_D1,68,0,190,0,0
B4_D1,113,0,337,0,0
B6_D1,648,0,457,0,0
B10_D1,820,0,64,0,0
B10_D1,317,0,156,0,0
B4_D1,982,0,89,0,0
G1_D1,142,0,262,0,0
B6_D1,642,0,67,0,0
B2_D1,724,0,82,0,0
G1_D1,16,0,249,0,0
B6_D1,4,0,212,0,0
G1_D1,771,0,161,0,0
B6_D1,544,0,302,0,0
B6_D1,602,0,46,0,0
G1_D1,682,0,276,0,0
B6_D1,650,0,503,0,0
G1_D1,791,0,131,0,0
G1_D1,900,0,28,0,0
B4_D1,509,0,230,0,0
G1_D1,172,0,235,0,0
B6_D1,86,0,10,0,0
B10_D1,596,0,484,0,0
B6_D1,518,0,132,0,0
B6_D1,174,0,145,0,0
B6_D1,237,0,166,0,0
B10_D1,885,0,236,0,0
B6_D1,340,0,495,0,0
G1_D1,61,0,16,0,0
B4_D1,106,0,325,0,0
B6_D1,804,0,118,0,0
G1_D1,413,0,8,0,0
B10_D1,24,0,76,0,0
B10_D1,910,0,114,0,0
B2_D1,785,0,510,0,0
B10_D1,125,0,64,0,0
B10_D1,781,0,493,0,0
B4_D1,785,0,88,0,0
B10_D1,133,0,91,0,0
B6_D1,790,0,271,0,0
B10_D1,174,0,432,0,0
B10_D1,490,0,308,0,0
B10_D1,5,0,30,0,0
B6_D1,758,0,88,0,0
B6_D1,474,0,171,0,0
B6_D1,936,0,496,0,0
B10_D1,309,0,192,0,0
G1_D1,664,0,48,0,0
B6_D1,395,0,158,0,0
B10_D1,941,0,2,0,0
B2_D1,606,0,481,0,0
B2_D1,594,0,361,0,0
B10_D1,579,0,324,0,0
B6_D1,788,0,491,0,0
B10_D1,209,0,0,0,0
G1_D1,51,0,149,0,0
B6_D1,930,0,127,0,0
G1_D1,378,0,0,0,0
B10_D1,81,0,287,0,0
G1_D1,232,0,367,0,0
B10_D1,891,0,299,0,0
B6_D1,12,0,0,0,0
B10_D1,459,0,242,0,0
B6_D1,410,0,113,0,0
B6_D1,268,0,359,0,0
B4_D1,633,0,183,0,0
B10_D1,629,0,85,0,0
B6_D1,870,0,67,0,0
G1_D1,209,0,14,0,0
G1_D1,749,0,58,0,0
B6_D1,378,0,335,0,0
B2_D1,618,0,446,0,0
B10_D1,1016,0,11,0,0
B10_D1,180,0,193,0,0
B10_D1,744,0,326,0,0
B10_D1,573,0,47,0,0
B10_D1,2,0,145,0,0
B4_D1,228,0,146,0,0
B6_D1,14,0,28,0,0
B6_D1,922,0,504,0,0
B10_D1,400,0,118,0,0
B6_D1,876,0,136,0,0
B2_D1,626,0,224,0,0
B10_D1,221,0,346,0,0
B6_D1,1006,0,432,0,0
G1_D1,149,0,110,0,0
G1_D1,959,0,326,0,0
B10_D1,25,0,192,0,0
B6_D1,32,0,497,0,0
B6_D1,693,0,480,0,0
B10_D1,239,0,318,0,0
G1_D1,72,0,22,0,0
B6_D1,628,0,489,0,0
B10_D1,694,0,113,0,0
G1_D1,992,0,57,0,0
B10_D1,35,0,264,0,0
B6_D1,336,0,39,0,0
B6_D1,780,0,6,0,0
B10_D1,569,0,152,0,0
G1_D1,421,0,16,0,0
B10_D1,730,0,260,0,0
B10_D1,418,0,344,0,0
B10_D1,484,0,54,0,0
B6_D1,218,0,332,0,0
B10_D1,945,0,361,0,0
B6_D1,879,0,151,0,0
B6_D1,153,0,411,0,0
B6_D1,296,0,488,0,0
B10_D1,779,0,50,0,0
B6_D1,340,0,84,0,0
B6_D1,232,0,11,0,0
B6_D1,746,0,335,0,0
B2_D1,387,0,174,0,0
B6_D1,135,0,459,0,0
B6_D1,642,0,3,0,0
B8_D1,597,0,217,0,0
B4_D1,31,0,286,0,0
B10_D1,735,0,163,0,0
B6_D1,492,0,308,0,0
B10_D1,878,0,351,0,0
G1_D1,691,0,279,0,0
B10_D1,184,0,415,0,0
B6_D1,754,0,404,0,0
B6_D1,977,0,119,0,0
B6_D1,161,0,96,0,0
B10_D1,621,0,243,0,0
B10_D1,70,0,157,0,0
B6_D1,602,0,266,0,0
B2_D1,203,0,484,0,0
B6_D1,542,0,278,0,0
B10_D1,212,0,217,0,0
B6_D1,849,0,221,0,0
B6_D1,771,0,55,0,0
B8_D1,148,0,204,0,0
G1_D1,830,0,266,0,0
G1_D1,1018,0,240,0,0
B10_D1,247,0,300,0,0
B6_D1,86,0,509,0,0
B10_D1,938,0,63,0,0
B10_D1,599,0,189,0,0
B2_D1,764,0,224,0,0
G1_D1,656,0,150,0,0
B10_D1,547,0,109,0,0
G1_D1,19,0,401,0,0
B6_D1,274,0,264,0,0
B2_D1,840,0,465,0,-1
B10_D1,645,0,87,0,0
G1_D1,373,0,6,0,0
B4_D1,534,0,181,0,0
B2_D1,758,0,192,0,0
G1_D1,967,0,296,0,0
B10_D1,106,0,135,0,0
B10_D1,528,0,329,0,0
B10_D1,563,0,511,0,0
G1_D1,528,0,21,0,0
G1_D1,384,0,496,0,0
B4_D1,422,0,219,0,0
B6_D1,157,0,331,0,0
B6_D1,736,0,107,0,0
B2_D1,387,0,34,0,0
B6_D1,1000,0,227,0,0
B10_D1,263,0,310,0,0
B10_D1,670,0,274,0,0
G1_D1,174,0,13,0,0
B6_D1,317,0,263,0,0
B10_D1,834,0,312,0,0
B10_D1,799,0,510,0,0
B10_D1,71,0,12,0,0
B6_D1,792,0,487,0,0
B10_D1,741,0,163,0,0
B6_D1,485,0,479,0,0
B10_D1,523,0,100,0,0
B6_D1,170,0,10,0,0
B6_D1,15,0,88,0,0
B10_D1,757,0,318,0,0
B8_D1,35,0,326,0,0
B6_D1,906,0,294,0,0
B10_D1,525,0,294,0,0
B2_D1,249,0,64,0,0
B10_D1,838,0,329,0,0
B4_D1,54,0,120,0,0
B10_D1,953,0,281,0,0
B6_D1,210,0,152,0,0
G1_D1,47,0,306,0,0
G1_D1,306,0,65,0,0
B4_D1,451,0,424,0,0
G1_D1,773,0,386,0,0
B2_D1,390,0,287,0,0
B4_D1,3,0,51,0,0
B6_D1,702,0,396,0,0
G1_D1,686,0,159,0,0
B6_D1,504,0,27,0,0
B6_D1,807,0,211,0,0
B10_D1,340,0,508,0,0
G1_D1,214,0,33,0,0
B6_D1,760,0,17,0,0
B6_D1,996,0,287,0,0
B6_D1,322,0,478,0,0
B6_D1,648,0,478,0,0
B4_D1,894,0,254,0,0
B2_D1,439,0,491,0,0
B10_D1,935,0,347,0,0
B6_D1,514,0,51,0,0
B10_D1,787,0,307,0,0
B6_D1,536,0,485,0,0
B4_D1,552,0,182,0,0
G1_D1,869,0,72,0,0
B6_D1,820,0,41,0,0
G1_D1,774,0,112,0,0
B10_D1,692,0,445,0,0
G1_D1,2,0,491,0,0
B6_D1,253,0,127,0,0
B6_D1,272,0,151,0,0
B6_D1,35,0,130,0,0
G1_D1,439,0,228,0,0
B2_D1,854,0,116,0,0
B4_D1,981,0,80,0,0
B10_D1,226,0,291,0,0
B10_D1,288,0,340,0,0
B10_D1,128,0,180,0,0
B10_D1,281,0,188,0,0
B10_D1,12,0,190,0,0
B4_D1,727,0,72,0,0
G1_D1,109,0,419,0,0
B6_D1,739,0,108,0,0
G1_D1,141,0,209,0,0
B10_D1,12,0,44,0,0
G1_D1,838,0,46,0,0
B10_D1,465,0,111,0,0
B10_D1,168,0,70,0,0
G1_D1,753,0,258,0,0
B4_D1,787,0,83,0,0
B6_D1,854,0,105,0,0
B10_D1,961,0,270,0,0
B6_D1,68,0,126,0,0
B10_D1,281,0,189,0,0
B6_D1,395,0,446,0,0
G1_D1,420,0,479,0,0
B4_D1,631,0,159,0,0
B8_D1,195,0,193,0,0
B6_D1,290,0,22,0,0
B10_D1,434,0,195,0,0
B6_D1,813,0,273,0,0
G1_D1,497,0,335,0,0
B10_D1,687,0,253,0,0
B6_D1,433,0,191,0,0
B6_D1,572,0,228,0,0
B6_D1,823,0,80,0,0
B8_D1,1022,0,434,0,0
B10_D1,160,0,106,0,0
B6_D1,523,0,161,0,0
G1_D1,903,0,257,0,0
G1_D1,52,0,256,0,0
G1_D1,746,0,55,0,0
G1_D1,303,0,89,0,0
B10_D1,185,0,241,0,0
B6_D1,588,0,374,0,0
B6_D1,782,0,1,0,0
G1_D1,72,0,500,0,0
B6_D1,254,0,336,0,0
G1_D1,150,0,13,0,0
B10_D1,502,0,490,0,0
B10_D1,766,0,80,0,0
G1_D1,372,0,397,0,0
B6_D1,359,0,327,0,0
B6_D1,849,0,300,0,0
B8_D1,582,0,292,0,0
B10_D1,887,0,511,0,0
G1_D1,549,0,109,0,0
G1_D1,220,0,33,0,0
G1_D1,705,0,246,0,0
B10_D1,693,0,79,0,0
G1_D1,1022,0,218,0,0
B2_D1,907,0,414,0,0
B4_D1,206,0,134,0,0
B6_D1,892,0,492,0,0
B6_D1,32,0,48,0,0
B6_D1,322,0,507,0,0
G1_D1,813,0,161,0,0
G1_D1,593,0,193,0,0
B6_D1,742,0,375,0,0
B4_D1,12,0,166,0,0
B10_D1,217,0,29,0,0
B10_D1,27,0,232,0,0
G1_D1,55,0,19,0,0
B4_D1,646,0,300,0,0
B10_D1,225,0,128,0,0
B4_D1,169,0,96,0,0
B10_D1,325,0,251,0,0
B6_D1,604,0,498,0,0
G1_D1,812,0,309,0,0
B4_D1,855,0,95,0,0
G1_D1,586,0,9,0,0
G1_D1,289,0,6,0,0
G1_D1,335,0,33,0,0
B10_D1,924,0,404,0,0
B10_D1,523,0,94,0,0
B2_D1,293,0,158,0,0
B10_D1,721,0,122,0,0
G1_D1,68,0,264,0,0
B6_D1,688,0,49,0,0
G1_D1,734,0,97,0,0
B4_D1,37,0,406,0,0
G1_D1,1017,0,344,0,0
B6_D1,274,0,273,0,0
B6_D1,346,0,172,0,0
G1_D1,179,0,15,0,0
G1_D1,918,0,326,0,0
B6_D1,372,0,505,0,0
B10_D1,397,0,500,0,0
G1_D1,153,0,295,0,0
G1_D1,882,0,238,0,0
B6_D1,799,0,188,0,0
B6_D1,486,0,496,0,0
G1_D1,372,0,270,0,0
B10_D1,341,0,247,0,0
G1_D1,35,0,50,0,0
B10_D1,354,0,211,0,0
G1_D1,882,0,254,0,0
B6_D1,80,0,506,0,0
B2_D1,153,0,413,0,0
B10_D1,214,0,78,0,0
B10_D1,18,0,40,0,0
B6_D1,957,0,233,0,0
B6_D1,760,0,385,0,0
B6_D1,784,0,385,0,0
B6_D1,854,0,71,0,0
B10_D1,12,0,27,0,0
B6_D1,139,0,296,0,0
B10_D1,107,0,37,0,0
B4_D1,768,0,215,0,0
B10_D1,403,0,247,0,0
B10_D1,235,0,344,0,0
B10_D1,408,0,107,0,0
B10_D1,34,0,217,0,0
B6_D1,756,0,474,0,0
B10_D1,140,0,283,0,0
B6_D1,421,0,360,0,0
B6_D1,690,0,453,0,0
B6_D1,206,0,46,0,0
B6_D1,225,0,192,0,0
B6_D1,411,0,118,0,0
B4_D1,242,0,57,0,0
G1_D1,383,0,269,0,0
B6_D1,527,0,272,0,0
B10_D1,584,0,311,0,0
B6_D1,696,0,30,0,0
B4_D1,5,0,356,0,0
G1_D1,1015,0,459,0,0
G1_D1,346,0,360,0,0
B6_D1,630,0,375,0,0
B6_D1,984,0,24,0,0
B10_D1,657,0,234,0,0
B10_D1,732,0,33,0,0
B2_D1,375,0,47,0,0
B10_D1,858,0,403,0,0
B6_D1,160,0,2,0,0
B6_D1,618,0,182,0,0
B10_D1,210,0,5,0,0
B10_D1,3,0,415,0,0
B10_D1,726,0,9,0,0
G1_D1,937,0,281,0,0
B8_D1,688,0,310,0,0
B10_D1,497,0,500,0,0
B10_D1,813,0,268,0,0
B8_D1,680,0,251,0,0
B10_D1,786,0,173,0,0
B6_D1,146,0,173,0,0
B10_D1,713,0,45,0,0
B6_D1,285,0,290,0,0
B6_D1,314,0,43,0,0
G1_D1,465,0,92,0,0
B6_D1,821,0,195,0,0
G1_D1,310,0,233,0,0
B4_D1,231,0,275,0,0
B10_D1,314,0,273,0,0
B2_D1,32,0,511,0,0
B10_D1,136,0,158,0,0
B6_D1,116,0,494,0,0
B6_D1,600,0,375,0,0
B6_D1,724,0,507,0,0
B10_D1,39,0,95,0,0
B6_D1,770,0,415,0,0
G1_D1,772,0,21,0,0
B6_D1,61,0,120,0,0
B6_D1,522,0,24,0,0
G1_D1,579,0,200,0,0
B4_D1,271,0,250,0,0
B10_D1,36,0,101,0,0
B6_D1,58,0,117,0,0
B10_D1,202,0,13,0,0
B4_D1,424,0,250,0,0
B2_D1,863,0,65,0,0
B10_D1,162,0,216,0,0
B6_D1,1004,0,102,0,0
B6_D1,950,0,117,0,0
B6_D1,1005,0,81,0,0
B4_D1,696,0,20,0,0
G1_D1,321,0,227,0,0
B6_D1,844,0,510,0,0
B6_D1,685,0,377,0,0
B10_D1,321,0,2,0,0
B10_D1,547,0,273,0,0
B10_D1,756,0,405,0,0
G1_D1,847,0,438,0,0
B6_D1,967,0,142,0,0
B2_D1,136,0,439,0,0
B10_D1,12,0,168,0,0
B10_D1,496,0,110,0,0
B10_D1,784,0,95,0,0
B10_D1,20,0,189,0,0
B6_D1,302,0,224,0,0
B4_D1,835,0,42,0,0
G1_D1,967,0,325,0,0
B10_D1,15,0,125,0,0
B10_D1,322,0,6,0,0
B6_D1,336,0,33,0,0
B4_D1,554,0,403,0,0
B6_D1,152,0,150,0,0
B4_D1,725,0,68,0,0
B6_D1,27,0,185,0,0
B10_D1,490,0,160,0,0
B4_D1,608,0,151,0,0
G1_D1,697,0,75,0,0
G1_D1,530,0,115,0,0
B6_D1,757,0,273,0,0
B6_D1,568,0,389,0,0
G1_D1,13,0,195,0,0
B6_D1,1018,0,474,0,0
G1_D1,64,0,3,0,0
B2_D1,841,0,182,0,0
G1_D1,728,0,19,0,0
B6_D1,226,0,38,0,0
G1_D1,430,0,262,0,0
B10_D1,431,0,339,0,0
B10_D1,640,0,232,0,0
B6_D1,723,0,469,0,0
B8_D1,716,0,192,0,0
B10_D1,106,0,82,0,0
G1_D1,19,0,251,0,0
B6_D1,60,0,21,0,0
B10_D1,756,0,40,0,0
B4_D1,984,0,87,0,0
B10_D1,584,0,100,0,0
B6_D1,700,0,65,0,0
B10_D1,515,0,411,0,0
B10_D1,825,0,367,0,0
B6_D1,170,0,221,0,0
B6_D1,627,0,184,0,0
B10_D1,36,0,127,0,0
B6_D1,648,0,166,0,0
B4_D1,255,0,192,0,0
B6_D1,654,0,24,0,0
B6_D1,274,0,510,0,0
B6_D1,825,0,147,0,0
G1_D1,902,0,1,0,0
B10_D1,406,0,237,0,0
G1_D1,49,0,90,0,0
B6_D1,151,0,414,0,0
B6_D1,648,0,330,0,0
G1_D1,55,0,29,0,0
B6_D1,380,0,4,0,0
G1_D1,901,0,61,0,0
B10_D1,669,0,470,0,0
G1_D1,45,0,21,0,0
B6_D1,680,0,162,0,0
B6_D1,69,0,95,0,0
G1_D1,274,0,411,0,0
B10_D1,142,0,268,0,0
B10_D1,591,0,279,0,0
B4_D1,896,0,80,0,0
B2_D1,1,0,237,0,0
B10_D1,8,0,52,0,0
B10_D1,573,0,324,0,0
B10_D1,154,0,206,0,0
B10_D1,719,0,40,0,0
G1_D1,868,0,511,0,0
B6_D1,955,0,244,0,0
B6_D1,717,0,284,0,0
B6_D1,645,0,371,0,0
G1_D1,464,0,140,0,0
B10_D1,685,0,309,0,0
G1_D1,646,0,9,0,0
B6_D1,848,0,223,0,0
B2_D1,462,0,483,0,0
B6_D1,496,0,277,0,0
B6_D1,232,0,177,0,0
B6_D1,177,0,168,0,0
B10_D1,225,0,234,0,0
B10_D1,55,0,151,0,0
B6_D1,276,0,267,0,0
B6_D1,750,0,39,0,0
B6_D1,156,0,487,0,0
B6_D1,140,0,34,0,0
B6_D1,641,0,111,0,0
B6_D1,788,0,40,0,0
B6_D1,49,0,233,0,0
B6_D1,320,0,116,0,0
B6_D1,466,0,26,0,0
B10_D1,1003,0,25,0,0
B6_D1,989,0,55,0,0
B6_D1,978,0,511,0,0
B6_D1,870,0,101,0,0
B6_D1,1010,0,215,0,0
B10_D1,197,0,76,0,0
B2_D1,175,0,305,0,0
B2_D1,989,0,510,0,0
B2_D1,916,0,40,0,0
B10_D1,381,0,279,0,0
B10_D1,792,0,166,0,0
G1_D1,828,0,245,0,0
B6_D1,268,0,32,0,0
B6_D1,704,0,338,0,0
B10_D1,168,0,67,0,0
G1_D1,22,0,168,0,0
B2_D1,65,0,0,0,0
B6_D1,842,0,491,0,0
G1_D1,706,0,23,0,0
G1_D1,18,0,331,0,0
B8_D1,367,0,188,0,0
B4_D1,711,0,197,0,0
B10_D1,428,0,191,0,0
B6_D1,485,0,133,0,0
B6_D1,118,0,47,0,0
B4_D1,749,0,195,0,0
G1_D1,997,0,60,0,0
G1_D1,117,0,365,0,0
B6_D1,163,0,62,0,0
B6_D1,558,0,166,0,0
B10_D1,813,0,40,0,0
B6_D1,406,0,41,0,0
G1_D1,668,0,200,0,0
G1_D1,351,0,87,0,0
B4_D1,0,0,236,0,0
B6_D1,473,0,66,0,0
B6_D1,309,0,374,0,0
B6_D1,20,0,482,0,0
B6_D1,734,0,55,0,0
B6_D1,766,0,489,0,0
B4_D1,781,0,268,0,0
B4_D1,246,0,279,0,0
G1_D1,189,0,507,0,0
B10_D1,153,0,115,0,0
B2_D1,832,0,240,0,0
G1_D1,972,0,49,0,0
B6_D1,71,0,328,0,0
B6_D1,885,0,441,0,0
G1_D1,317,0,8,0,0
G1_D1,14,0,235,0,0
B10_D1,166,0,253,0,0
B10_D1,53,0,275,0,0
G1_D1,199,0,273,0,0
G1_D1,825,0,259,0,0
B4_D1,664,0,247,0,0
B6_D1,651,0,371,0,0
B2_D1,99,0,95,0,0
B4_D1,889,0,240,0,0
B10_D1,425,0,193,0,0
B6_D1,2,0,91,0,0
B2_D1,667,0,437,0,0
B4_D1,720,0,333,0,0
B10_D1,231,0,323,0,0
B10_D1,520,0,81,0,0
G1_D1,515,0,14,0,0
B10_D1,276,0,301,0,0
B10_D1,486,0,483,0,0
B10_D1,809,0,2,0,0
G1_D1,408,0,7,0,0
G1_D1,630,0,21,0,0
G1_D1,213,0,44,0,0
B6_D1,848,0,7,0,0
G1_D1,125,0,457,0,0
B6_D1,36,0,161,0,0
G1_D1,25,0,367,0,0
G1_D1,576,0,228,0,0
G1_D1,133,0,208,0,0
B4_D1,2,0,82,0,0
B6_D1,140,0,500,0,0
B6_D1,822,0,57,0,0
B2_D1,287,0,392,0,0
B6_D1,641,0,373,0,0
B4_D1,818,0,55,0,0
G1_D1,914,0,244,0,0
B6_D1,230,0,7,0,0
G1_D1,38,0,138,0,0
B6_D1,453,0,277,0,0
B6_D1,418,0,495,0,0
B6_D1,75,0,130,0,0
G1_D1,263,0,330,0,0
B6_D1,260,0,101,0,0
B10_D1,786,0,230,0,0
B10_D1,649,0,56,0,0
B8_D1,79,0,329,0,0
B6_D1,751,0,340,0,0
B10_D1,132,0,457,0,0
G1_D1,579,0,227,0,0
B6_D1,825,0,364,0,0
B6_D1,662,0,31,0,0
B6_D1,131,0,270,0,0
B10_D1,40,0,291,0,0
G1_D1,600,0,283,0,0
B10_D1,235,0,299,0,0
G1_D1,442,0,235,0,0
B6_D1,843,0,300,0,0
B10_D1,340,0,225,0,0
B6_D1,223,0,298,0,0
B6_D1,841,0,129,0,0
B10_D1,691,0,17,0,0
B6_D1,501,0,383,0,0
B10_D1,202,0,181,0,0
B10_D1,243,0,162,0,0
B10_D1,586,0,169,0,0
B8_D1,29,0,322,0,0
G1_D1,776,0,259,0,0
B4_D1,187,0,412,0,0
B10_D1,651,0,300,0,0
B6_D1,699,0,480,0,0
B2_D1,169,0,143,0,0
B4_D1,3,0,416,0,0
B6_D1,954,0,487,0,0
B10_D1,384,0,250,0,0
B10_D1,453,0,1,0,0
B10_D1,185,0,219,0,0
G1_D1,1018,0,502,0,0
B6_D1,951,0,293,0,0
B4_D1,557,0,198,0,0
B6_D1,166,0,134,0,0
B4_D1,35,0,7,0,0
G1_D1,512,0,74,0,0
G1_D1,1009,0,216,0,0
B10_D1,796,0,310,0,0
B4_D1,945,0,15,0,0
B6_D1,878,0,92,0,0
B6_D1,23,0,273,0,0
B10_D1,884,0,398,0,0
B2_D1,726,0,267,0,0
B6_D1,126,0,490,0,0
B4_D1,170,0,284,0,0
B10_D1,259,0,303,0,0
B10_D1,357,0,336,0,0
B6_D1,905,0,218,0,0
G1_D1,539,0,33,0,0
B6_D1,762,0,508,0,0
B10_D1,632,0,259,0,0
B6_D1,816,0,127,0,0
B6_D1,691,0,300,0,0
B10_D1,472,0,65,0,0
B10_D1,935,0,352,0,0
B6_D1,460,0,391,0,0
B6_D1,324,0,496,0,0
B10_D1,601,0,499,0,0
B10_D1,909,0,81,0,0
B4_D1,788,0,40,0,0
B6_D1,272,0,376,0,0
B10_D1,617,0,53,0,0
B10_D1,676,0,388,0,0
G1_D1,998,0,203,0,0
B10_D1,561,0,2,0,0
B4_D1,615,0,303,0,0
B6_D1,581,0,349,0,0
B10_D1,858,0,193,0,0
B8_D1,126,0,206,0,0
B10_D1,597,0,336,0,0
B10_D1,18,0,251,0,0
G1_D1,513,0,22,0,0
B2_D1,728,0,74,0,0
B10_D1,1003,0,5,0,0
B6_D1,412,0,255,0,0
B6_D1,292,0,14,0,0
G1_D1,631,0,161,0,0
B10_D1,166,0,50,0,0
B10_D1,678,0,442,0,0
B2_D1,629,0,478,0,0
B10_D1,786,0,86,0,0
B6_D1,352,0,355,0,0
B2_D1,232,0,487,0,0
B6_D1,0,0,306,0,0
G1_D1,596,0,68,0,0
B10_D1,430,0,69,0,0
B10_D1,898,0,51,0,0
G1_D1,64,0,40,0,0
B6_D1,390,0,15,0,0
B10_D1,525,0,113,0,0
B10_D1,472,0,135,0,0
B6_D1,870,0,73,0,0
G1_D1,180,0,394,0,0
B4_D1,0,0,430,0,0
B6_D1,964,0,501,0,0
B8_D1,2,0,313,0,0
B6_D1,106,0,388,0,0
B6_D1,690,0,36,0,0
G1_D1,566,0,86,0,0
B10_D1,399,0,268,0,0
B6_D1,450,0,353,0,0
B2_D1,647,0,287,0,0
B10_D1,424,0,162,0,0
G1_D1,88,0,267,0,0
B4_D1,615,0,44,0,0
G1_D1,929,0,259,0,0
B6_D1,570,0,12,0,0
G1_D1,409,0,131,0,0
G1_D1,388,0,103,0,0
B6_D1,957,0,178,0,0
B6_D1,54,0,119,0,0
B10_D1,810,0,406,0,0
B6_D1,145,0,231,0,0
B2_D1,702,0,511,0,0
B10_D1,389,0,152,0,0
B6_D1,95,0,94,0,0
B6_D1,72,0,3,0,0
B10_D1,465,0,215,0,0
B10_D1,163,0,161,0,0
G1_D1,20,0,247,0,0
B6_D1,736,0,277,0,0
B10_D1,192,0,453,0,0
G1_D1,36,0,128,0,0
B10_D1,218,0,65,0,0
B6_D1,418,0,238,0,0
B6_D1,681,0,480,0,0
B10_D1,529,0,100,0,0
B6_D1,470,0,48,0,0
B10_D1,7,0,382,0,0
B6_D1,572,0,43,0,0
B10_D1,19,0,123,0,0
B6_D1,690,0,24,0,0
B2_D1,753,0,26,0,0
B6_D1,994,0,5,0,0
B10_D1,558,0,508,0,0
B6_D1,388,0,26,0,0
B6_D1,466,0,67,0,0
B6_D1,148,0,17,0,0
B4_D1,682,0,267,0,0
B6_D1,698,0,494,0,0
G1_D1,847,0,12,0,0
B10_D1,193,0,407,0,0
B2_D1,758,0,193,0,0
B6_D1,947,0,346,0,0
B4_D1,1000,0,216,0,0
B6_D1,200,0,328,0,0
B6_D1,811,0,256,0,0
B4_D1,591,0,225,0,0
B10_D1,649,0,272,0,0
B10_D1,642,0,466,0,0
B6_D1,885,0,168,0,0
B10_D1,202,0,4,0,0
B6_D1,280,0,23,0,0
B6_D1,562,0,405,0,0
B6_D1,994,0,486,0,0
B10_D1,790,0,260,0,0
B10_D1,14,0,268,0,0
G1_D1,821,0,225,0,0
G1_D1,949,0,30,0,0
B6_D1,505,0,299,0,0
B10_D1,108,0,118,0,0
B6_D1,540,0,33,0,0
B6_D1,748,0,483,0,0
B10_D1,251,0,215,0,0
B6_D1,884,0,28,0,0
B6_D1,6,0,415,0,0
B4_D1,888,0,26,0,0
B10_D1,380,0,34,0,0
B6_D1,692,0,491,0,0
B6_D1,446,0,485,0,0
B6_D1,182,0,7,0,0
B8_D1,966,0,302,0,0
B10_D1,458,0,227,0,0
B10_D1,296,0,132,0,0
B6_D1,1008,0,230,0,0
B4_D1,111,0,2,0,0
B6_D1,155,0,477,0,0
B2_D1,951,0,253,0,0
B2_D1,826,0,366,0,0
G1_D1,319,0,510,0,0
B2_D1,807,0,59,0,0
B6_D1,1022,0,500,0,0
B4_D1,349,0,41,0,0
B6_D1,860,0,22,0,0
B6_D1,408,0,256,0,0
B6_D1,278,0,503,0,0
B10_D1,723,0,74,0,0
B6_D1,243,0,94,0,0
B10_D1,474,0,50,0,0
B10_D1,641,0,470,0,0
G1_D1,1020,0,421,0,0
B4_D1,0,0,37,0,0
B2_D1,900,0,511,0,0
B10_D1,514,0,406,0,0
G1_D1,456,0,22,0,0
G1_D1,377,0,109,0,0
B4_D1,843,0,98,0,0
G1_D1,878,0,212,0,0
B6_D1,551,0,164,0,0
B4_D1,43,0,165,0,0
B10_D1,151,0,86,0,0
G1_D1,989,0,121,0,0
G1_D1,1017,0,106,0,0
B4_D1,654,0,234,0,0
B10_D1,423,0,87,0,0
B6_D1,56,0,28,0,0
B10_D1,640,0,477,0,0
B6_D1,996,0,21,0,0
B6_D1,106,0,80,0,0
G1_D1,196,0,261,0,0
B6_D1,320,0,376,0,0
G1_D1,865,0,294,0,0
B2_D1,2,0,212,0,0
G1_D1,590,0,456,0,0
B10_D1,996,0,58,0,0
B6_D1,498,0,249,0,0
B10_D1,389,0,10,0,0
G1_D1,547,0,30,0,0
G1_D1,171,0,10,0,0
B4_D1,398,0,191,0,0
B10_D1,821,0,62,0,0
B6_D1,190,0,38,0,0
B2_D1,142,0,74,0,0
B10_D1,17,0,240,0,0
G1_D1,658,0,299,0,0
G1_D1,269,0,2,0,0
G1_D1,76,0,100,0,0
B10_D1,669,0,163,0,0
B10_D1,541,0,222,0,0
B10_D1,120,0,130,0,0
B10_D1,596,0,37,0,0
G1_D1,43,0,194,0,0
B6_D1,90,0,511,0,0
B6_D1,30,0,21,0,0
B6_D1,557,0,316,0,0
B10_D1,171,0,53,0,0
G1_D1,17,0,60,0,0
G1_D1,1018,0,437,0,0
B6_D1,841,0,138,0,0
G1_D1,29,0,184,0,0
B8_D1,653,0,246,0,0
G1_D1,237,0,10,0,0
B4_D1,727,0,251,0,0
B10_D1,247,0,48,0,0
B10_D1,239,0,171,0,0
B6_D1,60,0,508,0,0
B6_D1,437,0,477,0,0
B6_D1,319,0,136,0,0
G1_D1,391,0,447,0,0
G1_D1,978,0,7,0,0
B6_D1,210,0,27,0,0
G1_D1,977,0,295,0,0
B6_D1,811,0,291,0,0
B10_D1,798,0,175,0,0
B6_D1,62,0,199,0,0
B10_D1,633,0,277,0,0
B10_D1,155,0,10,0,0
B6_D1,580,0,23,0,0
B10_D1,287,0,318,0,0
B6_D1,292,0,54,0,0
G1_D1,7,0,336,0,0
G1_D1,921,0,65,0,0
B6_D1,576,0,350,0,0
B10_D1,155,0,355,0,0
B6_D1,1008,0,27,0,0
G1_D1,45,0,136,0,0
G1_D1,924,0,265,0,0
B4_D1,465,0,244,0,0
B10_D1,138,0,501,0,0
G1_D1,697,0,281,0,0
B4_D1,141,0,6,0,0
B10_D1,538,0,311,0,0
B6_D1,878,0,272,0,0
B10_D1,191,0,202,0,0
G1_D1,900,0,59,0,0
B10_D1,12,0,293,0,0
B6_D1,123,0,193,0,0
B4_D1,668,0,294,0,0
B6_D1,744,0,484,0,0
B10_D1,454,0,457,0,0
B6_D1,204,0,382,0,0
B10_D1,4,0,20,0,0
B10_D1,919,0,435,0,0
B10_D1,16,0,13,0,0
B10_D1,95,0,37,0,0
G1_D1,325,0,16,0,0
B6_D1,782,0,398,0,0
B6_D1,965,0,261,0,0
G1_D1,1000,0,97,0,0
B10_D1,22,0,116,0,0
B10_D1,917,0,232,0,0
G1_D1,329,0,8,0,0
B10_D1,820,0,100,0,0
B2_D1,725,0,72,0,0
G1_D1,914,0,20,0,0
B10_D1,249,0,302,0,0
B6_D1,374,0,264,0,0
B6_D1,436,0,280,0,0
B6_D1,897,0,453,0,0
G1_D1,685,0,59,0,0
B6_D1,257,0,72,0,0
B6_D1,686,0,338,0,0
B6_D1,130,0,224,0,0
B4_D1,522,0,71,0,0
B6_D1,66,0,21,0,0
B6_D1,315,0,91,0,0
B4_D1,632,0,205,0,0
B10_D1,739,0,84,0,0
B6_D1,750,0,24,0,0
G1_D1,28,0,169,0,0
B2_D1,146,0,455,0,0
G1_D1,669,0,74,0,0
B10_D1,859,0,400,0,0
B6_D1,10,0,61,0,0
B6_D1,411,0,351,0,0
G1_D1,895,0,12,0,0
B10_D1,518,0,43,0,0
B10_D1,6,0,267,0,0
G1_D1,622,0,17,0,0
B6_D1,151,0,200,0,0
B6_D1,331,0,199,0,0
B6_D1,408,0,170,0,0
B10_D1,378,0,223,0,0
B10_D1,584,0,80,0,0
B6_D1,478,0,483,0,0
B2_D1,111,0,202,0,0
G1_D1,977,0,46,0,0
B4_D1,79,0,115,0,0
B6_D1,474,0,135,0,0
B4_D1,669,0,59,0,0
B6_D1,509,0,185,0,0
B6_D1,194,0,426,0,0
B4_D1,692,0,194,0,0
B6_D1,807,0,92,0,0
G1_D1,19,0,288,0,0
B4_D1,178,0,111,0,0
B10_D1,876,0,63,0,0
B6_D1,698,0,348,0,0
B2_D1,342,0,136,0,0
G1_D1,30,0,232,0,0
B10_D1,748,0,55,0,0
B2_D1,574,0,161,0,0
B10_D1,666,0,383,0,0
B4_D1,4,0,320,0,0
B6_D1,51,0,106,0,0
B8_D1,162,0,117,0,0
B6_D1,523,0,244,0,0
B10_D1,778,0,331,0,0
B10_D1,39,0,69,0,0
B6_D1,924,0,111,0,0
B6_D1,662,0,43,0,0
B8_D1,214,0,3,0,0
G1_D1,617,0,226,0,0
B6_D1,174,0,282,0,0
B4_D1,253,0,61,0,0
B8_D1,355,0,189,0,0
B6_D1,204,0,279,0,0
B6_D1,2,0,105,0,0
B10_D1,899,0,1,0,0
B6_D1,924,0,42,0,0
B4_D1,962,0,112,0,0
B6_D1,798,0,39,0,0
B6_D1,242,0,480,0,0
B8_D1,936,0,302,0,0
B10_D1,33,0,67,0,0
B10_D1,150,0,204,0,0
B6_D1,850,0,107,0,0
B6_D1,836,0,362,0,0
B10_D1,587,0,328,0,0
B6_D1,680,0,16,0,0
B2_D1,834,0,88,0,0
B6_D1,634,0,492,0,0
B4_D1,2,0,483,0,0
B6_D1,570,0,33,0,0
G1_D1,996,0,215,0,0
G1_D1,950,0,24,0,0
B10_D1,900,0,5,0,0
B10_D1,86,0,202,0,0
B10_D1,635,0,315,0,0
B6_D1,463,0,97,0,0
B6_D1,804,0,127,0,0
G1_D1,9,0,44,0,0
G1_D1,54,0,128,0,0
B6_D1,19,0,332,0,0
B10_D1,974,0,68,0,0
B10_D1,86,0,189,0,0
B6_D1,756,0,505,0,0
B6_D1,815,0,304,0,0
B6_D1,720,0,15,0,0
B10_D1,653,0,262,0,0
B10_D1,322,0,92,0,0
B10_D1,970,0,62,0,0
G1_D1,221,0,60,0,0
B2_D1,796,0,191,0,0
B6_D1,937,0,253,0,0
B6_D1,768,0,303,0,0
B6_D1,211,0,362,0,0
G1_D1,885,0,249,0,0
B10_D1,1,0,19,0,0
G1_D1,777,0,324,0,0
B2_D1,272,0,501,0,0
B6_D1,258,0,150,0,0
G1_D1,560,0,118,0,0
B6_D1,10,0,8,0,0
B2_D1,357,0,492,0,0
B10_D1,456,0,281,0,0
B10_D1,348,0,335,0,0
B10_D1,228,0,330,0,0
B10_D1,473,0,476,0,0
B6_D1,571,0,168,0,0
B6_D1,197,0,289,0,0
B8_D1,973,0,242,0,0
B10_D1,436,0,295,0,0
B10_D1,250,0,243,0,0
B8_D1,170,0,199,0,0
B2_D1,963,0,115,0,0
B4_D1,1021,0,288,0,0
B10_D1,791,0,1,0,0
B10_D1,526,0,90,0,0
B6_D1,522,0,39,0,0
G1_D1,985,0,65,0,0
B6_D1,1007,0,300,0,0
G1_D1,886,0,270,0,0
B10_D1,137,0,267,0,0
B6_D1,787,0,75,0,0
B4_D1,736,0,72,0,0
G1_D1,985,0,21,0,0
B10_D1,436,0,286,0,0
B10_D1,19,0,296,0,0
B10_D1,155,0,356,0,0
B10_D1,476,0,127,0,0
B6_D1,931,0,135,0,0
B10_D1,495,0,300,0,0
B6_D1,300,0,420,0,0
G1_D1,10,0,212,0,0
B6_D1,997,0,204,0,0
B10_D1,414,0,271,0,0
B6_D1,44,0,199,0,0
G1_D1,960,0,13,0,0
B6_D1,751,0,352,0,0
B10_D1,712,0,310,0,0
B4_D1,587,0,107,0,0
G1_D1,106,0,364,0,0
B10_D1,602,0,192,0,0
B10_D1,896,0,66,0,0
B10_D1,614,0,257,0,0
B4_D1,142,0,360,0,0
B10_D1,846,0,332,0,0
B6_D1,382,0,38,0,0
G1_D1,740,0,116,0,0
B8_D1,1013,0,252,0,0
B6_D1,50,0,16,0,0
B10_D1,363,0,488,0,0
B10_D1,868,0,332,0,0
B10_D1,727,0,273,0,0
B6_D1,96,0,417,0,0
G1_D1,55,0,38,0,0
B10_D1,129,0,209,0,0
B2_D1,815,0,36,0,0
G1_D1,835,0,52,0,0
B6_D1,148,0,195,0,0
B10_D1,62,0,189,0,0
B10_D1,135,0,8,0,0
B10_D1,612,0,415,0,0
B6_D1,627,0,115,0,0
B4_D1,61,0,401,0,0
G1_D1,589,0,240,0,0
G1_D1,392,0,390,0,0
G1_D1,20,0,192,0,0
B6_D1,88,0,202,0,0
G1_D1,28,0,47,0,0
B10_D1,706,0,113,0,0
B10_D1,719,0,271,0,0
B2_D1,230,0,201,0,0
B6_D1,318,0,511,0,0
B10_D1,420,0,124,0,0
B6_D1,155,0,253,0,0
B6_D1,525,0,285,0,0
G1_D1,805,0,59,0,0
B10_D1,417,0,103,0,0
B10_D1,193,0,20,0,0
G1_D1,971,0,84,0,0
B4_D1,323,0,165,0,0
B6_D1,54,0,9,0,0
B6_D1,219,0,156,0,0
G1_D1,58,0,159,0,0
B4_D1,415,0,411,0,0
B2_D1,719,0,510,0,0
B10_D1,229,0,240,0,0
B4_D1,155,0,16,0,0
B10_D1,251,0,318,0,0
B6_D1,1010,0,40,0,0
B6_D1,404,0,509,0,0
B4_D1,792,0,217,0,0
B10_D1,273,0,261,0,0
G1_D1,138,0,102,0,0
G1_D1,108,0,18,0,0
B6_D1,922,0,498,0,0
B6_D1,404,0,485,0,0
B6_D1,472,0,486,0,0
B6_D1,83,0,99,0,0
B6_D1,893,0,218,0,0
G1_D1,456,0,7,0,0
B10_D1,639,0,111,0,0
B10_D1,42,0,70,0,0
B10_D1,79,0,168,0,0
B2_D1,906,0,511,0,0
B10_D1,812,0,75,0,0
B6_D1,736,0,486,0,0
B10_D1,514,0,53,0,0
B10_D1,924,0,247,0,0
B10_D1,543,0,321,0,0
B4_D1,972,0,37,0,0
B6_D1,891,0,169,0,0
B6_D1,831,0,308,0,0
B6_D1,985,0,225,0,0
B10_D1,660,0,45,0,0
B6_D1,539,0,392,0,0
B10_D1,982,0,505,0,0
B10_D1,38,0,167,0,0
B10_D1,188,0,225,0,0
G1_D1,954,0,158,0,0
G1_D1,925,0,16,0,0
G1_D1,377,0,238,0,0
G1_D1,925,0,243,0,0
B6_D1,176,0,34,0,0
B2_D1,333,0,492,0,0
B4_D1,665,0,244,0,0
B6_D1,564,0,490,0,0
G1_D1,656,0,19,0,0
B10_D1,554,0,209,0,0
B6_D1,794,0,13,0,0
B6_D1,712,0,370,0,0
B6_D1,210,0,12,0,0
B10_D1,607,0,289,0,0
B4_D1,859,0,233,0,0
B2_D1,894,0,34,0,0
B4_D1,210,0,19,0,0
B6_D1,877,0,230,0,0
B10_D1,613,0,221,0,0
B6_D1,742,0,53,0,0
G1_D1,314,0,277,0,0
B6_D1,674,0,509,0,0
B10_D1,605,0,89,0,0
B4_D1,783,0,67,0,0
B10_D1,34,0,159,0,0
B6_D1,744,0,283,0,0
B4_D1,283,0,260,0,0
B2_D1,761,0,510,0,0
B4_D1,811,0,206,0,0
G1_D1,292,0,140,0,0
B10_D1,330,0,34,0,0
G1_D1,1001,0,39,0,0
B10_D1,87,0,16,0,0
B10_D1,24,0,169,0,0
G1_D1,191,0,2,0,0
G1_D1,21,0,44,0,0
G1_D1,985,0,96,0,0
B6_D1,758,0,274,0,0
B6_D1,955,0,127,0,0
B6_D1,993,0,421,0,0
B4_D1,959,0,295,0,0
G1_D1,615,0,446,0,0
G1_D1,289,0,45,0,0
B10_D1,209,0,165,0,0
B6_D1,148,0,184,0,0
B10_D1,247,0,34,0,0
B10_D1,191,0,433,0,0
G1_D1,1015,0,6,0,0
B4_D1,303,0,216,0,0
B10_D1,130,0,268,0,0
B6_D1,543,0,424,0,0
B10_D1,10,0,351,0,0
B4_D1,713,0,343,0,0
B4_D1,716,0,300,0,0
G1_D1,468,0,7,0,0
B10_D1,252,0,52,0,0
B8_D1,246,0,332,0,0
G1_D1,288,0,18,0,0
B4_D1,173,0,171,0,0
B10_D1,866,0,333,0,0
G1_D1,726,0,135,0,0
B6_D1,764,0,1,0,0
G1_D1,551,0,248,0,0
B6_D1,14,0,497,0,0
B4_D1,97,0,118,0,0
G1_D1,1014,0,91,0,0
B6_D1,546,0,318,0,0
B6_D1,94,0,60,0,0
B6_D1,809,0,140,0,0
B6_D1,492,0,3,0,0
B10_D1,381,0,248,0,0
G1_D1,987,0,297,0,0
B10_D1,865,0,43,0,0
B10_D1,474,0,74,0,0
B6_D1,888,0,207,0,0
G1_D1,607,0,32,0,0
G1_D1,241,0,76,0,0
B8_D1,644,0,245,0,0
B10_D1,157,0,438,0,0
G1_D1,192,0,108,0,0
B6_D1,581,0,167,0,0
B10_D1,913,0,325,0,0
G1_D1,848,0,74,0,0
B10_D1,385,0,121,0,0
B6_D1,914,0,497,0,0
B2_D1,305,0,54,0,0
B10_D1,952,0,268,0,0
B10_D1,271,0,424,0,0
G1_D1,66,0,42,0,0
B10_D1,591,0,292,0,0
B10_D1,679,0,314,0,0
B6_D1,204,0,176,0,0
B10_D1,418,0,340,0,0
B10_D1,69,0,309,0,0
G1_D1,40,0,156,0,0
B10_D1,497,0,480,0,0
G1_D1,222,0,368,0,0
G1_D1,67,0,51,0,0
B10_D1,424,0,376,0,0
B6_D1,635,0,366,0,0
B2_D1,675,0,464,0,0
B10_D1,69,0,132,0,0
B6_D1,605,0,164,0,0
B6_D1,745,0,437,0,0
B10_D1,690,0,509,0,0
B6_D1,823,0,124,0,0
B10_D1,778,0,329,0,0
G1_D1,131,0,62,0,0
B10_D1,30,0,108,0,0
B6_D1,908,0,500,0,0
B10_D1,5,0,411,0,0
B6_D1,312,0,221,0,0
B4_D1,18,0,19,0,0
B2_D1,166,0,1,0,0
B6_D1,180,0,490,0,0
G1_D1,1016,0,254,0,0
B10_D1,988,0,37,0,0
B6_D1,36,0,45,0,0
B6_D1,976,0,489,0,0
G1_D1,993,0,106,0,0
B6_D1,846,0,358,0,0
B10_D1,619,0,179,0,0
B6_D1,548,0,281,0,0
B6_D1,9,0,114,0,0
G1_D1,762,0,154,0,0
B6_D1,796,0,67,0,0
B6_D1,64,0,38,0,0
B10_D1,942,0,461,0,0
G1_D1,646,0,360,0,0
B10_D1,73,0,214,0,0
B10_D1,195,0,2,0,0
B6_D1,684,0,36,0,0
B10_D1,784,0,82,0,0
B6_D1,361,0,424,0,0
B4_D1,850,0,36,0,0
G1_D1,901,0,247,0,0
G1_D1,760,0,259,0,0
G1_D1,397,0,135,0,0
B10_D1,355,0,199,0,0
G1_D1,345,0,4,0,0
B10_D1,392,0,275,0,0
B2_D1,717,0,225,0,0
B6_D1,310,0,385,0,0
B6_D1,677,0,155,0,0
B2_D1,162,0,119,0,0
G1_D1,308,0,32,0,0
G1_D1,278,0,11,0,0
B6_D1,459,0,54,0,0
B10_D1,789,0,245,0,0
B10_D1,545,0,277,0,0
B6_D1,115,0,358,0,0
G1_D1,946,0,9,0,0
B10_D1,695,0,273,0,0
G1_D1,660,0,155,0,0
B8_D1,208,0,192,0,0
G1_D1,412,0,89,0,0
G1_D1,575,0,272,0,0
B10_D1,204,0,293,0,0
B10_D1,365,0,65,0,0
B6_D1,554,0,500,0,0
B6_D1,765,0,209,0,0
B10_D1,8,0,140,0,0
B6_D1,216,0,348,0,0
B6_D1,102,0,493,0,0
B6_D1,388,0,483,0,0
B10_D1,213,0,444,0,0
B10_D1,632,0,18,0,0
B10_D1,629,0,411,0,0
B6_D1,420,0,362,0,0
B2_D1,854,0,55,0,0
G1_D1,387,0,223,0,0
B4_D1,986,0,206,0,0
B6_D1,475,0,290,0,0
B10_D1,471,0,302,0,0
B10_D1,197,0,290,0,0
B6_D1,734,0,420,0,0
B10_D1,295,0,254,0,0
G1_D1,148,0,203,0,0
B10_D1,812,0,6,0,0
B10_D1,703,0,313,0,0
B6_D1,731,0,276,0,0
B6_D1,133,0,143,0,0
B6_D1,135,0,325,0,0
B6_D1,300,0,493,0,0
B2_D1,718,0,359,0,0
B6_D1,825,0,82,0,0
G1_D1,943,0,16,0,0
B6_D1,433,0,352,0,0
B10_D1,128,0,198,0,0
B6_D1,543,0,315,0,0
G1_D1,875,0,195,0,0
B6_D1,686,0,34,0,0
B10_D1,555,0,173,0,0
B4_D1,229,0,208,0,0
B10_D1,180,0,42,0,0
G1_D1,978,0,95,0,0
B10_D1,967,0,290,0,0
B10_D1,775,0,414,0,0
B6_D1,548,0,277,0,0
B6_D1,124,0,372,0,0
B6_D1,449,0,261,0,0
B4_D1,298,0,214,0,0
B6_D1,734,0,4,0,0
B6_D1,656,0,197,0,0
B6_D1,817,0,151,0,0
G1_D1,218,0,271,0,0
B10_D1,406,0,338,0,0
B10_D1,599,0,229,0,0
B10_D1,570,0,111,0,0
B6_D1,194,0,146,0,0
B2_D1,559,0,26,0,0
B10_D1,269,0,60,0,0
G1_D1,613,0,183,0,0
G1_D1,309,0,270,0,0
B10_D1,735,0,329,0,0
B2_D1,995,0,63,0,0
B6_D1,675,0,480,0,0
G1_D1,897,0,214,0,0
B10_D1,556,0,136,0,0
B10_D1,688,0,83,0,0
G1_D1,184,0,41,0,0
B6_D1,26,0,211,0,0
B10_D1,30,0,283,0,0
G1_D1,82,0,511,0,0
B6_D1,594,0,27,0,0
G1_D1,104,0,303,0,0
G1_D1,979,0,120,0,0
B6_D1,154,0,445,0,0
B2_D1,377,0,494,0,0
B2_D1,874,0,31,0,0
B6_D1,888,0,33,0,0
B6_D1,958,0,119,0,0
B6_D1,188,0,10,0,0
B10_D1,138,0,202,0,0
B6_D1,876,0,6,0,0
B10_D1,414,0,255,0,0
B6_D1,633,0,432,0,0
B6_D1,588,0,165,0,0
G1_D1,409,0,88,0,0
B4_D1,321,0,173,0,0
B10_D1,913,0,72,0,0
B10_D1,774,0,404,0,0
B10_D1,539,0,102,0,0
B4_D1,127,0,125,0,0
B2_D1,986,0,112,0,0
B6_D1,635,0,186,0,0
B10_D1,469,0,494,0,0
G1_D1,825,0,56,0,0
B4_D1,622,0,152,0,0
G1_D1,68,0,32,0,0
B10_D1,986,0,77,0,0
B6_D1,657,0,104,0,0
B6_D1,672,0,409,0,0
G1_D1,576,0,226,0,0
B10_D1,358,0,236,0,0
B6_D1,712,0,160,0,0
B6_D1,846,0,49,0,0
B10_D1,48,0,141,0,0
G1_D1,21,0,84,0,0
B10_D1,488,0,92,0,0
B10_D1,593,0,333,0,0
G1_D1,976,0,104,0,0
G1_D1,442,0,129,0,0
B6_D1,417,0,223,0,0
B6_D1,148,0,125,0,0
B6_D1,438,0,484,0,0
B10_D1,882,0,397,0,0
B6_D1,651,0,343,0,0
G1_D1,312,0,468,0,0
B4_D1,5,0,35,0,0
B10_D1,754,0,102,0,0
B10_D1,664,0,443,0,0
B10_D1,140,0,114,0,0
B6_D1,7,0,273,0,0
B10_D1,655,0,84,0,0
B4_D1,109,0,80,0,0
B6_D1,780,0,79,0,0
B6_D1,760,0,238,0,0
B8_D1,457,0,199,0,0
B6_D1,997,0,254,0,0
B4_D1,110,0,192,0,0
B10_D1,7,0,261,0,0
B10_D1,316,0,266,0,0
B10_D1,618,0,213,0,0
B10_D1,183,0,231,0,0
G1_D1,1005,0,106,0,0
B10_D1,839,0,187,0,0
B4_D1,3,0,286,0,0
B6_D1,968,0,19,0,0
B10_D1,38,0,52,0,0
B10_D1,652,0,114,0,0
B2_D1,342,0,486,0,0
B8_D1,865,0,232,0,0
B6_D1,723,0,481,0,0
B6_D1,636,0,499,0,0
B6_D1,790,0,23,0,0
B10_D1,445,0,77,0,0
G1_D1,614,0,19,0,0
B4_D1,6,0,319,0,0
B6_D1,66,0,0,0,0
B6_D1,14,0,500,0,0
B10_D1,560,0,98,0,0
G1_D1,70,0,135,0,0
B4_D1,400,0,401,0,0
G1_D1,312,0,193,0,0
B10_D1,738,0,326,0,0
B10_D1,15,0,206,0,0
B10_D1,877,0,341,0,0
B10_D1,535,0,241,0,0
B4_D1,895,0,257,0,0
B10_D1,208,0,149,0,0
B10_D1,462,0,312,0,0
B6_D1,857,0,141,0,0
B4_D1,729,0,89,0,0
B10_D1,435,0,2,0,0
B10_D1,1001,0,343,0,0
B6_D1,474,0,107,0,0
B10_D1,421,0,232,0,0
B4_D1,273,0,37,0,0
B10_D1,831,0,86,0,0
B6_D1,50,0,205,0,0
B4_D1,315,0,42,0,0
B6_D1,96,0,284,0,0
B6_D1,1020,0,323,0,0
B10_D1,304,0,129,0,0
B10_D1,172,0,14,0,0
B10_D1,903,0,251,0,0
B6_D1,281,0,458,0,0
G1_D1,751,0,157,0,0
G1_D1,141,0,412,0,0
G1_D1,857,0,34,0,0
B6_D1,592,0,323,0,0
B10_D1,582,0,327,0,0
B10_D1,122,0,287,0,0
B6_D1,783,0,423,0,0
G1_D1,563,0,103,0,0
B10_D1,224,0,127,0,0
B6_D1,858,0,67,0,0
B6_D1,202,0,14,0,0
B10_D1,904,0,249,0,0
G1_D1,853,0,296,0,0
B10_D1,281,0,510,0,0
B10_D1,404,0,86,0,0
B10_D1,302,0,147,0,0
B10_D1,183,0,444,0,0
B10_D1,107,0,281,0,0
B2_D1,173,0,410,0,0
B4_D1,176,0,17,0,0
B4_D1,740,0,246,0,0
B6_D1,334,0,385,0,0
B10_D1,795,0,68,0,0
B6_D1,301,0,344,0,0
B4_D1,682,0,185,0,0
B10_D1,689,0,450,0,0
B10_D1,758,0,66,0,0
B6_D1,526,0,495,0,0
B6_D1,542,0,174,0,0
B10_D1,200,0,58,0,0
B6_D1,829,0,101,0,0
G1_D1,579,0,231,0,0
G1_D1,560,0,1,0,0
B10_D1,210,0,59,0,0
B10_D1,965,0,294,0,0
B6_D1,992,0,40,0,0
G1_D1,45,0,150,0,0
B4_D1,0,0,444,0,0
B2_D1,602,0,468,0,0
B2_D1,118,0,510,0,0
B6_D1,482,0,497,0,0
G1_D1,636,0,0,0,0
B6_D1,557,0,167,0,0
G1_D1,588,0,226,0,0
B2_D1,532,0,161,0,0
B6_D1,452,0,96,0,0
B6_D1,820,0,495,0,0
B4_D1,36,0,8,0,0
B2_D1,636,0,361,0,0
B6_D1,850,0,501,0,0
B6_D1,240,0,193,0,0
B6_D1,260,0,488,0,0
B6_D1,889,0,426,0,0
B10_D1,150,0,437,0,0
B2_D1,2,0,14,0,0
B10_D1,698,0,15,0,0
B6_D1,41,0,98,0,0
B10_D1,982,0,156,0,0
B6_D1,700,0,416,0,0
B6_D1,238,0,492,0,0
B10_D1,441,0,242,0,0
B6_D1,132,0,185,0,0
B8_D1,658,0,180,0,0
B6_D1,516,0,42,0,0
B6_D1,370,0,35,0,0
B10_D1,273,0,185,0,0
B4_D1,362,0,370,0,0
G1_D1,69,0,310,0,0
B6_D1,544,0,486,0,0
G1_D1,469,0,117,0,0
B6_D1,333,0,228,0,0
G1_D1,16,0,328,0,0
B10_D1,446,0,238,0,0
B6_D1,224,0,482,0,0
G1_D1,227,0,188,0,0
B6_D1,420,0,502,0,0
B4_D1,58,0,166,0,0
B6_D1,406,0,49,0,0
B10_D1,135,0,115,0,0
B6_D1,861,0,360,0,0
B10_D1,1005,0,489,0,0
B10_D1,921,0,325,0,0
B10_D1,7,0,192,0,0
B2_D1,273,0,157,0,0
G1_D1,253,0,16,0,0
G1_D1,973,0,12,0,0
B10_D1,1013,0,71,0,0
G1_D1,252,0,212,0,0
B2_D1,547,0,29,0,0
G1_D1,94,0,40,0,0
B10_D1,762,0,54,0,0
B10_D1,942,0,91,0,0
B10_D1,432,0,483,0,0
B10_D1,122,0,458,0,0
G1_D1,204,0,7,0,0
G1_D1,196,0,9,0,0
G1_D1,10,0,374,0,0
B6_D1,149,0,327,0,0
B6_D1,654,0,84,0,0
B4_D1,98,0,20,0,0
B10_D1,407,0,485,0,0
B2_D1,876,0,49,0,0
B10_D1,454,0,161,0,0
B4_D1,513,0,224,0,0
B2_D1,229,0,138,0,0
G1_D1,752,0,55,0,0
B6_D1,347,0,71,0,0
G1_D1,335,0,479,0,0
B6_D1,207,0,164,0,0
B10_D1,614,0,474,0,0
B2_D1,592,0,152,0,0
B2_D1,342,0,289,0,0
B10_D1,801,0,277,0,0
B10_D1,415,0,283,0,0
B10_D1,439,0,497,0,0
B4_D1,516,0,231,0,0
B8_D1,84,0,115,0,0
G1_D1,625,0,30,0,0
B4_D1,820,0,53,0,0
B6_D1,75,0,102,0,0
G1_D1,278,0,24,0,0
B6_D1,401,0,477,0,0
B6_D1,247,0,381,0,0
B2_D1,640,0,49,0,0
G1_D1,989,0,214,0,0
B10_D1,747,0,163,0,0
B10_D1,252,0,64,0,0
B6_D1,155,0,479,0,0
B6_D1,400,0,57,0,0
G1_D1,39,0,73,0,0
B10_D1,293,0,119,0,0
B6_D1,787,0,256,0,0
B6_D1,640,0,486,0,0
B6_D1,484,0,510,0,0
B10_D1,824,0,185,0,0
G1_D1,771,0,465,0,0
B6_D1,802,0,8,0,0
B4_D1,949,0,89,0,0
B4_D1,584,0,230,0,0
B6_D1,767,0,263,0,0
G1_D1,188,0,120,0,0
B2_D1,855,0,246,0,0
B6_D1,137,0,270,0,0
B6_D1,258,0,111,0,0
B6_D1,862,0,424,0,0
G1_D1,1006,0,166,0,0
B2_D1,530,0,463,0,0
B6_D1,314,0,291,0,0
B10_D1,233,0,150,0,0
B6_D1,813,0,266,0,0
B6_D1,678,0,487,0,0
B10_D1,584,0,110,0,0
B6_D1,859,0,156,0,0
B6_D1,683,0,342,0,0
B6_D1,123,0,459,0,0
G1_D1,325,0,226,0,0
G1_D1,21,0,149,0,0
B10_D1,111,0,52,0,0
B6_D1,813,0,125,0,0
B6_D1,232,0,498,0,0
B6_D1,72,0,30,0,0
B6_D1,62,0,28,0,0
B6_D1,272,0,271,0,0
B10_D1,834,0,47,0,0
B6_D1,108,0,499,0,0
B10_D1,103,0,213,0,0
B10_D1,736,0,419,0,0
B6_D1,4,0,23,0,0
B10_D1,404,0,310,0,0
G1_D1,944,0,284,0,0
B10_D1,778,0,76,0,0
B2_D1,238,0,485,0,0
B10_D1,532,0,65,0,0
G1_D1,766,0,37,0,0
B10_D1,516,0,225,0,0
G1_D1,29,0,30,0,0
B10_D1,280,0,420,0,0
B10_D1,864,0,204,0,0
B10_D1,454,0,35,0,0
B10_D1,16,0,226,0,0
B10_D1,99,0,288,0,0
B10_D1,536,0,202,0,0
B10_D1,15,0,188,0,0
B10_D1,302,0,9,0,0
B6_D1,966,0,169,0,0
G1_D1,144,0,261,0,0
G1_D1,36,0,58,0,0
B8_D1,382,0,192,0,0
B10_D1,263,0,63,0,0
B4_D1,744,0,242,0,0
G1_D1,214,0,408,0,0
G1_D1,587,0,36,0,0
B10_D1,58,0,301,0,0
B6_D1,804,0,65,0,0
B6_D1,882,0,323,0,0
B10_D1,818,0,178,0,0
B6_D1,408,0,487,0,0
G1_D1,257,0,180,0,0
G1_D1,641,0,463,0,0
B10_D1,159,0,111,0,0
B10_D1,725,0,283,0,0
B10_D1,858,0,104,0,0
B6_D1,536,0,4,0,0
B4_D1,1,0,41,0,0
B10_D1,971,0,73,0,0
B6_D1,406,0,422,0,0
B4_D1,274,0,311,0,0
B10_D1,92,0,287,0,0
B10_D1,1003,0,488,0,0
B10_D1,645,0,446,0,0
B6_D1,446,0,158,0,0
B10_D1,151,0,357,0,0
G1_D1,725,0,2,0,0
B6_D1,311,0,435,0,0
B6_D1,46,0,498,0,0
B10_D1,64,0,265,0,0
B6_D1,973,0,170,0,0
B6_D1,639,0,343,0,0
B6_D1,186,0,24,0,0
B6_D1,60,0,0,0,0
G1_D1,303,0,55,0,0
B2_D1,376,0,288,0,0
B10_D1,945,0,242,0,0
B6_D1,469,0,188,0,0
B10_D1,581,0,10,0,0
B6_D1,376,0,38,0,0
B6_D1,616,0,20,0,0
B10_D1,484,0,117,0,0
B10_D1,400,0,60,0,0
B6_D1,581,0,120,0,0
B6_D1,109,0,406,0,0
B6_D1,992,0,25,0,0
B4_D1,480,0,287,0,0
B6_D1,102,0,499,0,0
B6_D1,504,0,233,0,0
G1_D1,92,0,102,0,0
B10_D1,32,0,9,0,0
B8_D1,212,0,58,0,0
B10_D1,226,0,278,0,0
B6_D1,869,0,193,0,0
G1_D1,979,0,63,0,0
B6_D1,12,0,508,0,0
G1_D1,208,0,118,0,0
B6_D1,696,0,6,0,0
B10_D1,712,0,116,0,0
B10_D1,211,0,22,0,0
B6_D1,878,0,488,0,0
B4_D1,663,0,55,0,0
B6_D1,596,0,491,0,0
B4_D1,6,0,199,0,0
G1_D1,527,0,14,0,0
G1_D1,511,0,149,0,0
B6_D1,762,0,27,0,0
B6_D1,1008,0,168,0,0
B6_D1,531,0,62,0,0
B6_D1,724,0,489,0,0
B6_D1,626,0,43,0,0
B10_D1,764,0,249,0,0
B10_D1,22,0,254,0,0
B10_D1,193,0,438,0,0
G1_D1,172,0,285,0,0
B10_D1,1023,0,273,0,0
G1_D1,411,0,130,0,0
B10_D1,289,0,240,0,0
B4_D1,882,0,30,0,0
G1_D1,157,0,270,0,0
B10_D1,211,0,443,0,0
G1_D1,388,0,509,0,0
G1_D1,51,0,43,0,0
G1_D1,261,0,33,0,0
B6_D1,174,0,487,0,0
B6_D1,240,0,27,0,0
G1_D1,310,0,485,0,0
B6_D1,960,0,425,0,0
G1_D1,52,0,458,0,0
B6_D1,16,0,345,0,0
B6_D1,104,0,463,0,0
B10_D1,139,0,137,0,0
B10_D1,383,0,339,0,0
B10_D1,69,0,272,0,0
G1_D1,204,0,176,0,0
B6_D1,948,0,18,0,0
B10_D1,851,0,511,0,0
B6_D1,260,0,271,0,0
B6_D1,680,0,133,0,0
B10_D1,552,0,67,0,0
G1_D1,516,0,0,0,0
B10_D1,284,0,9,0,0
B6_D1,949,0,55,0,0
B10_D1,220,0,186,0,0
B10_D1,299,0,157,0,0
G1_D1,625,0,116,0,0
G1_D1,45,0,86,0,0
B6_D1,59,0,164,0,0
G1_D1,184,0,9,0,0
B10_D1,158,0,214,0,0
B10_D1,665,0,104,0,0
B10_D1,98,0,167,0,0
B6_D1,779,0,155,0,0
G1_D1,305,0,98,0,0
B6_D1,356,0,372,0,0
B6_D1,10,0,489,0,0
B10_D1,65,0,510,0,0
B6_D1,588,0,502,0,0
G1_D1,990,0,374,0,0
B6_D1,892,0,93,0,0
B10_D1,744,0,5,0,0
B4_D1,992,0,12,0,0
G1_D1,1020,0,54,0,0
B10_D1,545,0,87,0,0
B6_D1,152,0,193,0,0
B6_D1,329,0,50,0,0
B10_D1,537,0,289,0,0
B2_D1,914,0,430,0,0
B4_D1,668,0,40,0,0
G1_D1,260,0,24,0,0
G1_D1,906,0,325,0,0
B2_D1,943,0,6,0,0
B2_D1,700,0,12,0,0
B8_D1,320,0,311,0,0
B6_D1,928,0,408,0,0
B10_D1,122,0,227,0,0
B6_D1,906,0,36,0,0
B8_D1,406,0,282,0,0
G1_D1,395,0,14,0,0
G1_D1,991,0,183,0,0
B6_D1,948,0,505,0,0
G1_D1,731,0,278,0,0
B4_D1,721,0,34,0,0
B6_D1,88,0,504,0,0
B6_D1,344,0,16,0,0
B6_D1,994,0,483,0,0
B10_D1,484,0,239,0,0
G1_D1,552,0,510,0,0
B6_D1,579,0,480,0,0
B2_D1,716,0,473,0,0
B10_D1,182,0,417,0,0
B2_D1,194,0,131,0,0
B10_D1,591,0,330,0,0
B4_D1,765,0,315,0,0
B10_D1,849,0,380,0,0
B10_D1,102,0,318,0,0
G1_D1,339,0,21,0,0
B2_D1,525,0,509,0,0
B6_D1,389,0,316,0,0
B6_D1,534,0,42,0,0
B10_D1,846,0,188,0,0
B6_D1,794,0,197,0,0
B10_D1,23,0,216,0,0
B6_D1,260,0,13,0,0
B6_D1,584,0,315,0,0
B10_D1,877,0,402,0,0
B10_D1,426,0,489,0,0
B6_D1,2,0,25,0,0
B6_D1,716,0,22,0,0
B2_D1,686,0,224,0,0
B6_D1,997,0,428,0,0
G1_D1,302,0,59,0,0
G1_D1,301,0,6,0,0
B6_D1,134,0,7,0,0
B2_D1,863,0,463,0,0
B6_D1,899,0,297,0,0
G1_D1,747,0,10,0,0
G1_D1,156,0,276,0,0
B10_D1,174,0,29,0,0
B10_D1,168,0,432,0,0
G1_D1,724,0,75,0,0
B6_D1,742,0,313,0,0
G1_D1,558,0,209,0,0
B6_D1,865,0,140,0,0
B6_D1,927,0,395,0,0
B2_D1,488,0,30,0,0
B10_D1,101,0,316,0,0
B6_D1,813,0,77,0,0
G1_D1,12,0,214,0,0
G1_D1,727,0,82,0,0
B10_D1,28,0,78,0,0
G1_D1,284,0,197,0,0
B6_D1,315,0,375,0,0
B8_D1,714,0,311,0,0
B10_D1,210,0,134,0,0
B6_D1,288,0,420,0,0
G1_D1,44,0,389,0,0
B10_D1,356,0,109,0,0
G1_D1,132,0,372,0,0
B4_D1,1020,0,16,0,0
G1_D1,881,0,259,0,0
G1_D1,154,0,267,0,0
B6_D1,119,0,359,0,0
B10_D1,866,0,67,0,0
B4_D1,934,0,220,0,0
B2_D1,816,0,465,0,0
B6_D1,828,0,358,0,0
B6_D1,430,0,20,0,0
B6_D1,157,0,474,0,0
B6_D1,417,0,120,0,0
B6_D1,716,0,112,0,0
B10_D1,5,0,352,0,0
B6_D1,616,0,507,0,0
B10_D1,63,0,197,0,0
B10_D1,69,0,271,0,0
B6_D1,93,0,304,0,0
B10_D1,298,0,6,0,0
B4_D1,701,0,262,0,0
B10_D1,958,0,241,0,0
G1_D1,463,0,126,0,0
B10_D1,160,0,159,0,0
B10_D1,918,0,63,0,0
B10_D1,200,0,131,0,0
B6_D1,374,0,228,0,0
B6_D1,393,0,58,0,0
B6_D1,288,0,316,0,0
B2_D1,224,0,480,0,0
B8_D1,48,0,244,0,0
B10_D1,346,0,180,0,0
G1_D1,584,0,271,0,0
B4_D1,1021,0,92,0,0
B4_D1,20,0,405,0,0
B10_D1,289,0,303,0,0
G1_D1,1012,0,308,0,0
G1_D1,193,0,16,0,0
G1_D1,218,0,70,0,0
B10_D1,62,0,459,0,0
B4_D1,765,0,246,0,0
B6_D1,766,0,498,0,0
B10_D1,34,0,91,0,0
B6_D1,105,0,373,0,0
B4_D1,663,0,271,0,0
B2_D1,736,0,82,0,0
B6_D1,134,0,31,0,0
B10_D1,247,0,7,0,0
B10_D1,505,0,39,0,0
G1_D1,669,0,312,0,0
B6_D1,380,0,509,0,0
B6_D1,578,0,308,0,0
B10_D1,422,0,358,0,0
B10_D1,433,0,199,0,0
B2_D1,970,0,49,0,0
G1_D1,806,0,33,0,0
B6_D1,4,0,489,0,0
B6_D1,148,0,35,0,0
B4_D1,35,0,294,0,0
G1_D1,770,0,66,0,0
B6_D1,320,0,229,0,0
G1_D1,779,0,339,0,0
B10_D1,147,0,218,0,0
B6_D1,573,0,234,0,0
B6_D1,501,0,330,0,0
B10_D1,31,0,221,0,0
G1_D1,949,0,277,0,0
B4_D1,94,0,123,0,0
G1_D1,818,0,423,0,0
B6_D1,603,0,289,0,0
B6_D1,996,0,499,0,0
B6_D1,918,0,400,0,0
B6_D1,230,0,482,0,0
B6_D1,83,0,371,0,0
B6_D1,756,0,39,0,0
G1_D1,63,0,200,0,0
B10_D1,910,0,389,0,0
B8_D1,471,0,200,0,0
G1_D1,67,0,12,0,0
B6_D1,24,0,21,0,0
B2_D1,476,0,30,0,0
G1_D1,1013,0,64,0,0
G1_D1,468,0,85,0,0
B10_D1,551,0,282,0,0
B2_D1,151,0,136,0,0
B10_D1,878,0,362,0,0
G1_D1,860,0,74,0,0
G1_D1,48,0,123,0,0
B6_D1,792,0,100,0,0
G1_D1,25,0,19,0,0
G1_D1,928,0,285,0,0
B10_D1,562,0,200,0,0
B10_D1,152,0,113,0,0
B10_D1,1001,0,342,0,0
B10_D1,20,0,148,0,0
G1_D1,635,0,48,0,0
G1_D1,151,0,111,0,0
B6_D1,743,0,438,0,0
B10_D1,934,0,52,0,0
B4_D1,130,0,152,0,0
B6_D1,533,0,185,0,0
B6_D1,308,0,357,0,0
B2_D1,754,0,468,0,0
B6_D1,816,0,39,0,0
G1_D1,777,0,4,0,0
G1_D1,665,0,23,0,0
B10_D1,39,0,17,0,0
B6_D1,612,0,182,0,0
G1_D1,748,0,264,0,0
B6_D1,695,0,452,0,0
G1_D1,761,0,232,0,0
G1_D1,16,0,158,0,0
B6_D1,591,0,328,0,0
B6_D1,609,0,418,0,0
B10_D1,903,0,134,0,0
B10_D1,340,0,292,0,0
G1_D1,945,0,304,0,0
G1_D1,567,0,200,0,0
B10_D1,876,0,403,0,0
B10_D1,167,0,47,0,0
B6_D1,894,0,298,0,0
G1_D1,332,0,290,0,0
B6_D1,475,0,51,0,0
G1_D1,782,0,94,0,0
B10_D1,19,0,87,0,0
B2_D1,1020,0,212,0,0
B6_D1,405,0,294,0,0
B6_D1,964,0,421,0,0
G1_D1,716,0,80,0,0
B6_D1,396,0,45,0,0
B10_D1,517,0,330,0,0
G1_D1,126,0,22,0,0
B10_D1,985,0,255,0,0
B6_D1,847,0,368,0,0
G1_D1,320,0,41,0,0
B6_D1,109,0,358,0,0
B6_D1,668,0,494,0,0
B2_D1,421,0,487,0,0
B10_D1,141,0,444,0,0
G1_D1,25,0,283,0,0
B2_D1,739,0,223,0,0
B10_D1,401,0,72,0,0
B2_D1,863,0,121,0,0
B6_D1,682,0,376,0,0
B2_D1,738,0,54,0,0
B10_D1,827,0,363,0,0
G1_D1,831,0,232,0,0
B10_D1,599,0,511,0,0
B4_D1,329,0,217,0,0
G1_D1,201,0,46,0,0
G1_D1,893,0,46,0,0
B10_D1,313,0,191,0,0
B6_D1,568,0,58,0,0
B6_D1,991,0,411,0,0
B10_D1,383,0,155,0,0
B10_D1,609,0,110,0,0
B6_D1,360,0,39,0,0
B2_D1,1,0,113,0,0
B6_D1,560,0,494,0,0
B10_D1,447,0,187,0,0
B6_D1,804,0,6,0,0
B6_D1,12,0,484,0,0
B6_D1,84,0,318,0,0
B6_D1,1004,0,506,0,0
G1_D1,598,0,511,0,0
B10_D1,27,0,17,0,0
G1_D1,38,0,142,0,0
B6_D1,212,0,97,0,0
B6_D1,648,0,165,0,0
B6_D1,461,0,379,0,0
G1_D1,769,0,6,0,0
B6_D1,338,0,357,0,0
B4_D1,686,0,261,0,0
B10_D1,487,0,309,0,0
B10_D1,284,0,458,0,0
B6_D1,759,0,458,0,0
B10_D1,994,0,259,0,0
B10_D1,20,0,211,0,0
G1_D1,709,0,88,0,0
B10_D1,434,0,491,0,0
B6_D1,111,0,460,0,0
G1_D1,923,0,259,0,0
G1_D1,611,0,319,0,0
B6_D1,18,0,453,0,0
B10_D1,611,0,363,0,0
B6_D1,640,0,38,0,0
B6_D1,318,0,377,0,0
B2_D1,498,0,485,0,0
B6_D1,868,0,108,0,0
G1_D1,924,0,388,0,0
B6_D1,998,0,426,0,0
B2_D1,692,0,86,0,0
B10_D1,532,0,252,0,0
B2_D1,365,0,204,0,0
G1_D1,1023,0,165,0,0
B6_D1,865,0,195,0,0
B6_D1,52,0,110,0,0
G1_D1,884,0,309,0,0
B4_D1,172,0,25,0,0
G1_D1,972,0,277,0,0
B10_D1,96,0,285,0,0
B6_D1,625,0,460,0,0
B6_D1,334,0,328,0,0
G1_D1,805,0,246,0,0
B10_D1,187,0,255,0,0
G1_D1,717,0,10,0,0
B10_D1,110,0,39,0,0
B10_D1,68,0,459,0,0
B6_D1,782,0,208,0,0
G1_D1,188,0,5,0,0
B6_D1,991,0,416,0,0
G1_D1,985,0,41,0,0
B6_D1,382,0,498,0,0
B10_D1,1007,0,68,0,0
B6_D1,662,0,183,0,0
B6_D1,444,0,45,0,0
B6_D1,361,0,412,0,0
G1_D1,1018,0,16,0,0
G1_D1,309,0,55,0,0
B8_D1,83,0,328,0,0
G1_D1,85,0,29,0,0
B6_D1,545,0,300,0,0
B6_D1,1,0,355,0,0
B6_D1,985,0,441,0,0
G1_D1,368,0,122,0,0
B6_D1,20,0,454,0,0
B6_D1,690,0,280,0,0
B6_D1,364,0,17,0,0
B10_D1,188,0,235,0,0
B6_D1,712,0,483,0,0
G1_D1,713,0,364,0,0
B10_D1,184,0,67,0,0
B10_D1,598,0,188,0,0
B6_D1,656,0,302,0,0
G1_D1,915,0,63,0,0
B6_D1,364,0,498,0,0
B10_D1,778,0,373,0,0
B2_D1,269,0,296,0,0
B6_D1,698,0,414,0,0
B6_D1,407,0,286,0,0
B4_D1,661,0,320,0,0
B10_D1,217,0,3,0,0
B10_D1,11,0,291,0,0
G1_D1,606,0,35,0,0
B2_D1,246,0,61,0,0
B2_D1,866,0,39,0,0
B8_D1,767,0,312,0,0
B4_D1,109,0,458,0,0
B10_D1,9,0,69,0,0
B6_D1,858,0,508,0,0
B6_D1,866,0,37,0,0
B2_D1,501,0,124,0,0
G1_D1,729,0,84,0,0
B6_D1,612,0,374,0,0
B10_D1,186,0,5,0,0
B6_D1,716,0,503,0,0
B6_D1,892,0,166,0,0
B10_D1,956,0,283,0,0
G1_D1,880,0,301,0,0
G1_D1,165,0,21,0,0
B10_D1,980,0,205,0,0
G1_D1,235,0,157,0,0
B6_D1,836,0,190,0,0
B10_D1,258,0,45,0,0
B6_D1,859,0,134,0,0
B6_D1,388,0,385,0,0
G1_D1,931,0,26,0,0
B4_D1,551,0,408,0,0
B4_D1,264,0,233,0,0
B8_D1,765,0,214,0,0
B6_D1,116,0,100,0,0
B6_D1,240,0,499,0,0
B10_D1,659,0,316,0,0
B6_D1,857,0,307,0,0
G1_D1,310,0,3,0,0
B10_D1,241,0,34,0,0
B6_D1,48,0,18,0,0
G1_D1,78,0,7,0,0
G1_D1,935,0,52,0,0
B4_D1,24,0,118,0,0
B10_D1,601,0,3,0,0
B8_D1,748,0,245,0,0
B10_D1,674,0,482,0,0
B10_D1,556,0,149,0,0
B6_D1,814,0,134,0,0
G1_D1,460,0,510,0,0
B10_D1,36,0,369,0,0
G1_D1,275,0,123,0,0
B6_D1,291,0,375,0,0
B10_D1,166,0,36,0,0
B10_D1,619,0,295,0,0
B10_D1,7,0,234,0,0
B10_D1,763,0,109,0,0
B10_D1,6,0,190,0,0
B6_D1,546,0,33,0,0
B10_D1,521,0,51,0,0
G1_D1,186,0,7,0,0
B4_D1,911,0,13,0,0
B2_D1,617,0,509,0,0
B8_D1,1022,0,455,0,0
B2_D1,2,0,215,0,0
B6_D1,444,0,36,0,0
B10_D1,34,0,277,0,0
B10_D1,77,0,12,0,0
B10_D1,88,0,121,0,0
B10_D1,871,0,225,0,0
G1_D1,1015,0,351,0,0
G1_D1,606,0,7,0,0
B6_D1,422,0,288,0,0
B6_D1,382,0,49,0,0
B10_D1,354,0,414,0,0
B10_D1,501,0,303,0,0
B10_D1,246,0,46,0,0
B4_D1,719,0,32,0,0
B10_D1,929,0,333,0,0
B10_D1,32,0,117,0,0
B10_D1,588,0,99,0,0
B6_D1,630,0,6,0,0
B6_D1,364,0,51,0,0
B6_D1,160,0,504,0,0
B10_D1,921,0,385,0,0
B10_D1,214,0,291,0,0
B10_D1,600,0,141,0,0
B6_D1,826,0,264,0,0
B4_D1,339,0,341,0,0
B10_D1,372,0,14,0,0
B2_D1,800,0,190,0,0
G1_D1,30,0,223,0,0
B10_D1,521,0,511,0,0
B6_D1,939,0,167,0,0
B6_D1,936,0,127,0,0
G1_D1,348,0,0,0,0
B6_D1,692,0,419,0,0
B6_D1,864,0,505,0,0
B10_D1,664,0,105,0,0
B10_D1,119,0,345,0,0
G1_D1,945,0,242,0,0
G1_D1,840,0,441,0,0
B6_D1,882,0,493,0,0
B6_D1,928,0,2,0,0
B10_D1,817,0,92,0,0
G1_D1,563,0,248,0,0
B2_D1,841,0,75,0,0
B2_D1,219,0,152,0,0
B10_D1,177,0,363,0,0
B10_D1,799,0,381,0,0
B10_D1,32,0,258,0,0
B10_D1,197,0,219,0,0
B10_D1,3,0,377,0,0
B6_D1,732,0,455,0,0
B6_D1,876,0,445,0,0
B10_D1,395,0,499,0,0
B6_D1,804,0,502,0,0
G1_D1,616,0,17,0,0
G1_D1,833,0,162,0,0
B6_D1,80,0,314,0,0
B10_D1,41,0,199,0,0
B4_D1,288,0,232,0,0
G1_D1,61,0,70,0,0
G1_D1,30,0,69,0,0
B10_D1,904,0,92,0,0
B4_D1,240,0,279,0,0
G1_D1,588,0,283,0,0
B10_D1,235,0,26,0,0
B8_D1,89,0,328,0,0
B6_D1,590,0,10,0,0
B10_D1,626,0,184,0,0
B6_D1,431,0,407,0,0
B6_D1,823,0,360,0,0
B10_D1,935,0,217,0,0
B10_D1,98,0,9,0,0
G1_D1,815,0,111,0,0
G1_D1,231,0,242,0,0
B10_D1,113,0,456,0,0
B10_D1,514,0,114,0,0
G1_D1,654,0,38,0,0
B4_D1,891,0,82,0,0
B4_D1,728,0,298,0,0
B6_D1,868,0,387,0,0
B4_D1,5,0,59,0,0
B6_D1,810,0,511,0,0
B10_D1,343,0,200,0,0
B6_D1,32,0,25,0,0
B6_D1,328,0,17,0,0
G1_D1,809,0,392,0,0
G1_D1,830,0,240,0,0
B10_D1,12,0,500,0,0
B6_D1,534,0,319,0,0
G1_D1,910,0,3,0,0
B6_D1,121,0,84,0,0
B4_D1,323,0,307,0,0
B6_D1,539,0,213,0,0
G1_D1,1004,0,23,0,0
B4_D1,7,0,374,0,0
B4_D1,452,0,235,0,0
B6_D1,1012,0,501,0,0
B2_D1,972,0,511,0,0
B10_D1,457,0,280,0,0
G1_D1,410,0,33,0,0
B10_D1,332,0,18,0,0
B10_D1,697,0,10,0,0
B6_D1,862,0,422,0,0
B6_D1,892,0,38,0,0
B6_D1,992,0,201,0,0
B8_D1,852,0,231,0,0
B10_D1,448,0,338,0,0
B6_D1,718,0,387,0,0
B10_D1,105,0,170,0,0
B10_D1,385,0,394,0,0
B10_D1,544,0,283,0,0
B6_D1,800,0,398,0,0
B6_D1,548,0,13,0,0
B10_D1,668,0,382,0,0
B6_D1,266,0,269,0,0
B10_D1,750,0,404,0,0
B10_D1,929,0,458,0,0
G1_D1,1020,0,138,0,0
G1_D1,408,0,479,0,0
G1_D1,596,0,5,0,0
B6_D1,225,0,435,0,0
G1_D1,114,0,278,0,0
B6_D1,736,0,49,0,0
B6_D1,520,0,316,0,0
B6_D1,408,0,12,0,0
B10_D1,632,0,201,0,0
G1_D1,911,0,490,0,0
B6_D1,994,0,340,0,0
B10_D1,516,0,49,0,0
B10_D1,797,0,83,0,0
G1_D1,106,0,116,0,0
B2_D1,720,0,61,0,0
G1_D1,626,0,297,0,0
B10_D1,291,0,198,0,0
B4_D1,881,0,28,0,0
B6_D1,366,0,276,0,0
B6_D1,10,0,447,0,0
B6_D1,8,0,48,0,0
B10_D1,199,0,289,0,0
B10_D1,812,0,371,0,0
B6_D1,503,0,229,0,0
B4_D1,749,0,70,0,0
B10_D1,320,0,219,0,0
B10_D1,702,0,245,0,0
B6_D1,320,0,419,0,0
B10_D1,321,0,24,0,0
G1_D1,650,0,25,0,0
B10_D1,479,0,408,0,0
B6_D1,928,0,501,0,0
B10_D1,671,0,112,0,0
B10_D1,782,0,429,0,0
B2_D1,169,0,467,0,0
B6_D1,64,0,8,0,0
B2_D1,627,0,508,0,0
B10_D1,189,0,82,0,0
B6_D1,219,0,307,0,0
B10_D1,42,0,108,0,0
B6_D1,860,0,506,0,0
B10_D1,724,0,72,0,0
G1_D1,730,0,3,0,0
B10_D1,141,0,171,0,0
G1_D1,204,0,69,0,0
G1_D1,44,0,102,0,0
B10_D1,490,0,498,0,0
B6_D1,742,0,2,0,0
G1_D1,687,0,117,0,0
B6_D1,231,0,291,0,0
B10_D1,1019,0,122,0,0
B10_D1,953,0,249,0,0
G1_D1,662,0,191,0,0
G1_D1,43,0,24,0,0
B10_D1,617,0,290,0,0
B6_D1,752,0,62,0,0
B2_D1,150,0,288,0,0
B10_D1,897,0,70,0,0
B4_D1,442,0,418,0,0
B4_D1,999,0,234,0,0
B6_D1,945,0,84,0,0
B6_D1,603,0,480,0,0
G1_D1,300,0,20,0,0
B10_D1,323,0,11,0,0
B6_D1,852,0,172,0,0
B6_D1,682,0,49,0,0
B4_D1,1022,0,206,0,0
B6_D1,754,0,154,0,0
B10_D1,594,0,148,0,0
B6_D1,975,0,182,0,0
B2_D1,623,0,477,0,0
G1_D1,920,0,66,0,0
B6_D1,832,0,227,0,0
B10_D1,521,0,138,0,0
G1_D1,250,0,68,0,0
G1_D1,670,0,3,0,0
G1_D1,349,0,480,0,0
B4_D1,574,0,385,0,0
B10_D1,924,0,80,0,0
B10_D1,11,0,240,0,0
B6_D1,418,0,489,0,0
B6_D1,166,0,51,0,0
B10_D1,81,0,271,0,0
B6_D1,802,0,14,0,0
B6_D1,822,0,454,0,0
B6_D1,855,0,143,0,0
B10_D1,497,0,111,0,0
B10_D1,343,0,270,0,0
B6_D1,826,0,26,0,0
B2_D1,755,0,67,0,0
B6_D1,390,0,36,0,0
B6_D1,424,0,176,0,0
B2_D1,153,0,111,0,0
B10_D1,622,0,358,0,0
B4_D1,716,0,203,0,0
B10_D1,940,0,71,0,0
G1_D1,360,0,0,0,0
B6_D1,361,0,278,0,0
B6_D1,250,0,2,0,0
G1_D1,133,0,104,0,0
B4_D1,454,0,17,0,0
B10_D1,588,0,30,0,0
B6_D1,748,0,49,0,0
B10_D1,127,0,69,0,0
B10_D1,372,0,196,0,0
B6_D1,827,0,233,0,0
B10_D1,271,0,170,0,0
B10_D1,267,0,168,0,0
B6_D1,459,0,110,0,0
B6_D1,146,0,22,0,0
G1_D1,720,0,41,0,0
B6_D1,378,0,511,0,0
B8_D1,800,0,226,0,0
B8_D1,624,0,226,0,0
B10_D1,996,0,219,0,0
B8_D1,103,0,220,0,0
B6_D1,995,0,405,0,0
G1_D1,199,0,405,0,0
G1_D1,711,0,20,0,0
B10_D1,632,0,496,0,0
B6_D1,574,0,510,0,0
B6_D1,93,0,480,0,0
B6_D1,949,0,118,0,0
G1_D1,261,0,37,0,0
G1_D1,155,0,376,0,0
B10_D1,433,0,287,0,0
B10_D1,168,0,396,0,0
B10_D1,803,0,0,0,0
B10_D1,732,0,342,0,0
B6_D1,852,0,42,0,0
B10_D1,629,0,199,0,0
B6_D1,508,0,449,0,1
G1_D1,733,0,252,0,0
B4_D1,190,0,136,0,0
B10_D1,472,0,49,0,0
B10_D1,72,0,320,0,0
B10_D1,575,0,286,0,0
B6_D1,996,0,106,0,0
G1_D1,627,0,120,0,0
G1_D1,621,0,317,0,0
B6_D1,857,0,312,0,0
G1_D1,48,0,310,0,0
B6_D1,432,0,493,0,0
B10_D1,795,0,27,0,0
B4_D1,662,0,294,0,0
B6_D1,388,0,49,0,0
B10_D1,127,0,127,0,0
B6_D1,534,0,499,0,0
G1_D1,599,0,260,0,0
B10_D1,552,0,141,0,0
B10_D1,102,0,147,0,0
B10_D1,466,0,254,0,0
B6_D1,378,0,24,0,0
B6_D1,722,0,348,0,0
B6_D1,176,0,10,0,0
B10_D1,797,0,445,0,0
B6_D1,436,0,71,0,0
B10_D1,446,0,69,0,0
B6_D1,743,0,316,0,0
B6_D1,524,0,239,0,0
B6_D1,800,0,197,0,0
B4_D1,28,0,56,0,0
G1_D1,291,0,391,0,0
B6_D1,154,0,202,0,0
B6_D1,68,0,453,0,0
B6_D1,48,0,499,0,0
B6_D1,118,0,504,0,0
B10_D1,341,0,75,0,0
G1_D1,852,0,448,0,0
G1_D1,1013,0,75,0,0
G1_D1,192,0,282,0,0
B6_D1,179,0,73,0,0
B2_D1,639,0,461,0,0
B10_D1,483,0,58,0,0
G1_D1,949,0,12,0,0
B6_D1,662,0,386,0,0
B10_D1,615,0,416,0,0
B2_D1,560,0,100,0,0
B10_D1,47,0,38,0,0
G1_D1,778,0,65,0,0
B6_D1,873,0,110,0,0
B6_D1,546,0,350,0,0
G1_D1,760,0,104,0,0
G1_D1,485,0,244,0,0
B6_D1,780,0,413,0,0
B10_D1,922,0,14,0,0
B10_D1,308,0,202,0,0
B6_D1,132,0,214,0,0
B10_D1,742,0,118,0,0
G1_D1,311,0,56,0,0
B4_D1,270,0,208,0,0
G1_D1,70,0,3,0,0
G1_D1,54,0,499,0,0
G1_D1,1017,0,333,0,0
G1_D1,667,0,247,0,0
B10_D1,236,0,395,0,0
B10_D1,276,0,238,0,0
B10_D1,119,0,147,0,0
B2_D1,789,0,283,0,0
B2_D1,825,0,126,0,0
B10_D1,786,0,168,0,0
B2_D1,374,0,499,0,0
B10_D1,461,0,238,0,0
G1_D1,376,0,510,0,0
B6_D1,242,0,25,0,0
G1_D1,188,0,450,0,0
B10_D1,335,0,276,0,0
B8_D1,934,0,300,0,0
G1_D1,861,0,248,0,0
B4_D1,694,0,76,0,0
G1_D1,911,0,268,0,0
B4_D1,774,0,275,0,0
B10_D1,148,0,239,0,0
G1_D1,1008,0,49,0,0
G1_D1,698,0,5,0,0
G1_D1,397,0,224,0,0
B8_D1,270,0,326,0,0
B6_D1,340,0,504,0,0
B6_D1,651,0,169,0,0
B6_D1,2,0,63,0,0
B6_D1,411,0,287,0,0
G1_D1,655,0,6,0,0
B10_D1,132,0,507,0,0
G1_D1,486,0,91,0,0
B6_D1,392,0,4,0,0
G1_D1,66,0,398,0,0
B10_D1,643,0,495,0,0
B10_D1,521,0,124,0,0
B10_D1,5,0,213,0,0
B6_D1,626,0,345,0,0
B6_D1,922,0,401,0,0
G1_D1,1017,0,86,0,0
B10_D1,8,0,306,0,0
B10_D1,713,0,283,0,0
B10_D1,108,0,199,0,0
B10_D1,831,0,36,0,0
B6_D1,1004,0,314,0,0
B6_D1,617,0,349,0,0
B6_D1,364,0,167,0,0
B2_D1,321,0,38,0,0
B10_D1,586,0,332,0,0
B10_D1,790,0,94,0,0
G1_D1,162,0,109,0,0
B6_D1,506,0,294,0,0
B4_D1,2,0,204,0,0
B10_D1,869,0,1,0,0
B6_D1,787,0,270,0,0
B6_D1,995,0,462,0,0
B10_D1,597,0,129,0,0
B6_D1,180,0,236,0,0
G1_D1,204,0,125,0,0
B6_D1,796,0,489,0,0
G1_D1,861,0,20,0,0
B6_D1,315,0,460,0,0
B6_D1,679,0,212,0,0
B10_D1,83,0,463,0,0
B10_D1,558,0,412,0,0
B10_D1,68,0,209,0,0
B10_D1,591,0,502,0,0
B10_D1,578,0,268,0,0
G1_D1,1005,0,53,0,0
B4_D1,160,0,197,0,0
G1_D1,766,0,304,0,0
G1_D1,723,0,122,0,0
G1_D1,24,0,64,0,0
G1_D1,793,0,307,0,0
B8_D1,780,0,227,0,0
B6_D1,332,0,372,0,0
B4_D1,215,0,45,0,0
B6_D1,478,0,35,0,0
B10_D1,427,0,419,0,0
B4_D1,935,0,80,0,0
B6_D1,562,0,489,0,0
B2_D1,380,0,205,0,0
B4_D1,80,0,81,0,0
B6_D1,664,0,498,0,0
G1_D1,397,0,6,0,0
B10_D1,0,0,308,0,0
B6_D1,827,0,70,0,0
B2_D1,612,0,112,0,0
G1_D1,132,0,266,0,0
G1_D1,827,0,162,0,0
B10_D1,516,0,287,0,0
B6_D1,286,0,49,0,0
B10_D1,1023,0,40,0,0
B6_D1,145,0,475,0,0
B6_D1,508,0,377,0,0
B6_D1,976,0,11,0,0
B6_D1,545,0,373,0,0
B2_D1,781,0,133,0,0
G1_D1,422,0,482,0,0
B6_D1,520,0,8,0,0
B6_D1,978,0,502,0,0
B6_D1,448,0,35,0,0
B2_D1,668,0,37,0,0
B10_D1,289,0,20,0,0
B10_D1,110,0,297,0,0
B6_D1,119,0,203,0,0
B10_D1,539,0,476,0,0
G1_D1,42,0,103,0,0
G1_D1,940,0,289,0,0
B6_D1,946,0,23,0,0
B4_D1,79,0,80,0,0
G1_D1,272,0,32,0,0
B10_D1,633,0,296,0,0
B10_D1,211,0,240,0,0
B10_D1,311,0,10,0,0
B6_D1,674,0,266,0,0
B6_D1,150,0,138,0,0
B6_D1,992,0,1,0,0
B4_D1,516,0,132,0,0
B6_D1,6,0,59,0,0
B10_D1,929,0,71,0,0
G1_D1,858,0,116,0,0
B10_D1,303,0,278,0,0
G1_D1,61,0,343,0,0
B10_D1,657,0,163,0,0
B10_D1,249,0,73,0,0
B6_D1,561,0,433,0,0
B6_D1,722,0,488,0,0
B6_D1,532,0,49,0,0
B10_D1,394,0,313,0,0
B10_D1,292,0,122,0,0
B6_D1,802,0,32,0,0
B6_D1,272,0,48,0,0
B10_D1,80,0,195,0,0
B6_D1,472,0,11,0,0
B6_D1,245,0,464,0,0
B4_D1,618,0,181,0,0
G1_D1,887,0,392,0,0
B2_D1,599,0,97,0,0
B10_D1,298,0,26,0,0
G1_D1,902,0,244,0,0
G1_D1,630,0,472,0,0
B6_D1,109,0,323,0,0
B6_D1,101,0,128,0,0
B8_D1,373,0,284,0,0
B6_D1,204,0,152,0,0
B6_D1,340,0,215,0,0
B6_D1,500,0,354,0,0
B6_D1,755,0,263,0,0
B6_D1,627,0,60,0,0
G1_D1,690,0,74,0,0
B4_D1,687,0,188,0,0
B2_D1,152,0,284,0,0
B10_D1,677,0,64,0,0
B10_D1,920,0,62,0,0
B6_D1,513,0,131,0,0
B4_D1,292,0,308,0,0
B6_D1,545,0,254,0,0
B10_D1,191,0,222,0,0
B6_D1,540,0,36,0,0
B6_D1,47,0,295,0,0
B6_D1,680,0,22,0,0
B6_D1,483,0,457,0,0
G1_D1,385,0,447,0,0
B6_D1,954,0,15,0,0
B2_D1,125,0,97,0,0
B2_D1,224,0,73,0,0
B10_D1,795,0,489,0,0
B6_D1,582,0,320,0,0
B6_D1,601,0,271,0,0
G1_D1,536,0,71,0,0
B10_D1,713,0,33,0,0
B6_D1,232,0,35,0,0
B10_D1,673,0,84,0,0
B6_D1,618,0,242,0,0
B6_D1,532,0,20,0,0
B6_D1,544,0,307,0,0
G1_D1,852,0,210,0,0
B8_D1,337,0,303,0,0
G1_D1,805,0,65,0,0
G1_D1,42,0,31,0,0
B4_D1,65,0,416,0,0
B10_D1,435,0,461,0,0
B6_D1,937,0,416,0,0
B6_D1,335,0,173,0,0
B8_D1,212,0,191,0,0
B4_D1,138,0,307,0,0
B6_D1,239,0,477,0,0
B4_D1,601,0,190,0,0
B10_D1,5,0,12,0,0
B4_D1,399,0,294,0,0
B6_D1,228,0,129,0,0
B6_D1,650,0,60,0,0
G1_D1,379,0,16,0,0
G1_D1,872,0,440,0,0
B10_D1,885,0,346,0,0
B10_D1,343,0,507,0,0
B8_D1,75,0,189,0,0
B2_D1,351,0,386,0,0
B10_D1,732,0,326,0,0
B6_D1,88,0,91,0,0
B10_D1,845,0,2,0,0
B4_D1,847,0,18,0,0
B6_D1,960,0,6,0,0
B10_D1,422,0,273,0,0
B8_D1,230,0,336,0,0
B6_D1,52,0,44,0,0
B6_D1,187,0,402,0,0
B10_D1,789,0,46,0,0
B4_D1,297,0,145,0,0
G1_D1,25,0,233,0,0
B6_D1,804,0,219,0,0
B6_D1,378,0,276,0,0
B8_D1,954,0,302,0,0
B6_D1,176,0,370,0,0
B6_D1,574,0,49,0,0
B8_D1,764,0,213,0,0
B6_D1,336,0,325,0,0
G1_D1,982,0,112,0,0
B4_D1,690,0,34,0,0
B10_D1,557,0,305,0,0
G1_D1,740,0,75,0,0
B6_D1,208,0,504,0,0
G1_D1,59,0,30,0,0
B10_D1,101,0,323,0,0
B10_D1,416,0,487,0,0
B8_D1,966,0,1,0,0
G1_D1,892,0,17,0,0
B2_D1,498,0,483,0,0
B10_D1,138,0,95,0,0
B10_D1,578,0,458,0,0
B10_D1,50,0,157,0,0
B4_D1,609,0,41,0,0
B6_D1,5,0,181,0,0
G1_D1,463,0,116,0,0
B6_D1,50,0,206,0,0
B6_D1,779,0,329,0,0
B8_D1,568,0,290,0,0
B4_D1,740,0,318,0,0
G1_D1,708,0,469,0,0
B10_D1,553,0,108,0,0
G1_D1,924,0,326,0,0
G1_D1,989,0,64,0,0
B10_D1,216,0,59,0,0
G1_D1,272,0,24,0,0
B6_D1,730,0,253,0,0
B10_D1,349,0,120,0,0
G1_D1,599,0,53,0,0
B6_D1,932,0,261,0,0
B4_D1,248,0,203,0,0
B2_D1,125,0,422,0,0
B10_D1,148,0,326,0,0
B10_D1,844,0,339,0,0
B6_D1,221,0,184,0,0
B2_D1,941,0,22,0,0
G1_D1,726,0,33,0,0
B6_D1,981,0,171,0,0
B6_D1,160,0,407,0,0
B6_D1,871,0,456,0,0
G1_D1,967,0,29,0,0
B4_D1,883,0,211,0,0
G1_D1,979,0,283,0,0
B10_D1,340,0,505,0,0
B8_D1,48,0,273,0,0
B10_D1,948,0,284,0,0
G1_D1,277,0,75,0,0
G1_D1,686,0,362,0,0
G1_D1,735,0,20,0,0
B6_D1,650,0,221,0,0
B6_D1,34,0,11,0,0
B10_D1,403,0,500,0,0
B10_D1,499,0,55,0,0
B6_D1,294,0,3,0,0
B4_D1,735,0,30,0,0
B10_D1,286,0,6,0,0
B6_D1,762,0,371,0,0
G1_D1,726,0,25,0,0
B10_D1,370,0,25,0,0
B6_D1,528,0,412,0,0
B2_D1,190,0,233,0,0
B10_D1,1011,0,4,0,0
G1_D1,1011,0,151,0,0
B10_D1,822,0,280,0,0
B8_D1,974,0,2,0,0
B10_D1,694,0,47,0,0
G1_D1,819,0,259,0,0
B10_D1,603,0,170,0,0
B10_D1,539,0,299,0,0
B10_D1,30,0,15,0,0
B6_D1,1,0,257,0,0
G1_D1,1001,0,124,0,0
B10_D1,422,0,96,0,0
B6_D1,434,0,40,0,0
B4_D1,1018,0,169,0,0
B10_D1,418,0,166,0,0
G1_D1,617,0,89,0,0
B10_D1,631,0,280,0,0
B6_D1,164,0,280,0,0
B10_D1,272,0,89,0,0
B8_D1,663,0,247,0,0
B4_D1,55,0,421,0,0
B6_D1,405,0,280,0,0
B10_D1,486,0,128,0,0
B6_D1,192,0,145,0,0
B6_D1,958,0,137,0,0
B10_D1,62,0,38,0,0
B6_D1,861,0,336,0,0
B10_D1,991,0,38,0,0
G1_D1,566,0,233,0,0
B6_D1,818,0,88,0,0
B6_D1,512,0,10,0,0
B10_D1,849,0,319,0,0
G1_D1,474,0,91,0,0
B6_D1,623,0,421,0,0
B10_D1,8,0,239,0,0
B10_D1,291,0,175,0,0
G1_D1,281,0,59,0,0
B6_D1,690,0,189,0,0
B10_D1,693,0,48,0,0
G1_D1,845,0,447,0,0
B10_D1,374,0,415,0,0
B2_D1,348,0,136,0,0
B6_D1,211,0,407,0,0
G1_D1,938,0,238,0,0
B2_D1,183,0,235,0,0
B6_D1,438,0,121,0,0
B6_D1,896,0,50,0,0
B2_D1,828,0,7,0,0
B6_D1,4,0,168,0,0
B10_D1,84,0,169,0,0
G1_D1,671,0,249,0,0
B6_D1,539,0,210,0,0
B2_D1,347,0,487,0,0
B4_D1,746,0,100,0,0
B4_D1,732,0,209,0,0
G1_D1,968,0,158,0,0
B10_D1,716,0,125,0,0
B10_D1,265,0,194,0,0
B10_D1,475,0,170,0,0
B6_D1,308,0,497,0,0
B6_D1,319,0,209,0,0
G1_D1,137,0,180,0,0
B10_D1,628,0,283,0,0
B6_D1,170,0,1,0,0
B6_D1,207,0,368,0,0
B6_D1,957,0,115,0,0
B2_D1,528,0,286,0,0
B4_D1,549,0,84,0,0
B8_D1,868,0,304,0,0
B10_D1,681,0,307,0,0
G1_D1,168,0,284,0,0
B6_D1,22,0,292,0,0
B10_D1,623,0,315,0,0
B2_D1,448,0,213,0,0
B6_D1,552,0,386,0,0
G1_D1,142,0,181,0,0
B10_D1,393,0,488,0,0
B10_D1,609,0,292,0,0
B2_D1,858,0,48,0,0
B10_D1,447,0,298,0,0
B10_D1,97,0,161,0,0
B6_D1,1010,0,48,0,0
B2_D1,298,0,391,0,0
B6_D1,153,0,320,0,0
B2_D1,856,0,254,0,0
B6_D1,925,0,113,0,0
B6_D1,812,0,506,0,0
B6_D1,624,0,21,0,0
G1_D1,972,0,0,0,0
B6_D1,618,0,423,0,0
B10_D1,792,0,14,0,0
B6_D1,26,0,491,0,0
B6_D1,326,0,379,0,0
B6_D1,41,0,74,0,0
B10_D1,448,0,481,0,0
B6_D1,964,0,119,0,0
B10_D1,608,0,311,0,0
B6_D1,198,0,33,0,0
B6_D1,968,0,445,0,0
B6_D1,204,0,502,0,0
G1_D1,1017,0,471,0,0
B10_D1,18,0,289,0,0
B6_D1,141,0,287,0,0
B4_D1,639,0,306,0,0
B6_D1,624,0,33,0,0
B10_D1,850,0,325,0,0
B6_D1,644,0,307,0,0
B6_D1,526,0,351,0,0
B6_D1,170,0,31,0,0
B10_D1,193,0,31,0,0
B4_D1,89,0,402,0,0
B8_D1,158,0,202,0,0
B6_D1,704,0,405,0,0
B2_D1,363,0,176,0,0
B10_D1,1006,0,23,0,0
B6_D1,224,0,4,0,0
B10_D1,790,0,419,0,0
B10_D1,166,0,110,0,0
B10_D1,383,0,99,0,0
B10_D1,658,0,110,0,0
B2_D1,257,0,140,0,0
B10_D1,150,0,43,0,0
B6_D1,202,0,504,0,0
B10_D1,698,0,251,0,0
B6_D1,783,0,399,0,0
B10_D1,257,0,11,0,0
B10_D1,696,0,450,0,0
B2_D1,1,0,151,0,0
G1_D1,356,0,224,0,0
G1_D1,665,0,242,0,0
B10_D1,300,0,419,0,0
B10_D1,742,0,41,0,0
B2_D1,644,0,224,0,0
B6_D1,396,0,0,0,0
B6_D1,240,0,30,0,0
B10_D1,80,0,202,0,0
B10_D1,154,0,254,0,0
B6_D1,151,0,454,0,0
G1_D1,243,0,171,0,0
B6_D1,582,0,350,0,0
B10_D1,942,0,54,0,0
B4_D1,482,0,374,0,0
B10_D1,608,0,345,0,0
G1_D1,750,0,65,0,0
G1_D1,590,0,1,0,0
B6_D1,680,0,183,0,0
G1_D1,174,0,270,0,0
B6_D1,855,0,196,0,0
B10_D1,805,0,417,0,0
B4_D1,8,0,222,0,0
B10_D1,648,0,49,0,0
B4_D1,441,0,186,0,0
B10_D1,177,0,52,0,0
B6_D1,1004,0,302,0,0
B6_D1,600,0,493,0,0
B2_D1,649,0,360,0,0
G1_D1,70,0,142,0,0
B4_D1,572,0,389,0,0
B10_D1,556,0,285,0,0
B8_D1,205,0,54,0,0
B6_D1,200,0,245,0,0
B10_D1,88,0,204,0,0
B6_D1,387,0,410,0,0
G1_D1,723,0,20,0,0
B6_D1,799,0,109,0,0
G1_D1,793,0,207,0,0
B6_D1,785,0,57,0,0
G1_D1,998,0,89,0,0
B10_D1,153,0,168,0,0
B10_D1,666,0,491,0,0
G1_D1,731,0,260,0,0
B6_D1,478,0,408,0,0
G1_D1,846,0,73,0,0
B6_D1,24,0,225,0,0
B6_D1,698,0,497,0,0
B10_D1,784,0,252,0,0
B10_D1,442,0,233,0,0
B10_D1,757,0,29,0,0
B6_D1,419,0,245,0,0
B6_D1,71,0,186,0,0
B8_D1,70,0,330,0,0
B2_D1,730,0,83,0,0
G1_D1,771,0,51,0,0
B6_D1,874,0,106,0,0
B8_D1,636,0,227,0,0
B6_D1,888,0,194,0,0
B6_D1,5,0,393,0,0
B10_D1,39,0,290,0,0
B10_D1,55,0,153,0,0
B10_D1,423,0,1,0,0
B8_D1,590,0,202,0,0
B10_D1,465,0,78,0,0
B2_D1,343,0,178,0,0
B6_D1,312,0,505,0,0
B10_D1,584,0,481,0,0
B6_D1,988,0,340,0,0
B6_D1,635,0,275,0,0
B10_D1,662,0,82,0,0
B2_D1,802,0,11,0,0
G1_D1,586,0,169,0,0
B6_D1,738,0,490,0,0
B10_D1,435,0,78,0,0
G1_D1,998,0,335,0,0
B6_D1,41,0,477,0,0
B10_D1,480,0,506,0,0
B10_D1,223,0,20,0,0
G1_D1,388,0,389,0,0
B10_D1,767,0,423,0,0
B6_D1,962,0,491,0,0
B6_D1,968,0,482,0,0
B10_D1,750,0,166,0,0
B6_D1,603,0,274,0,0
B6_D1,335,0,141,0,0
B6_D1,632,0,43,0,0
B6_D1,461,0,435,0,0
G1_D1,34,0,239,0,0
B10_D1,12,0,76,0,0
B6_D1,346,0,14,0,0
B2_D1,760,0,466,0,0
G1_D1,337,0,226,0,0
B10_D1,36,0,66,0,0
G1_D1,574,0,88,0,0
B6_D1,750,0,467,0,0
B10_D1,940,0,353,0,0
B10_D1,299,0,12,0,0
B6_D1,279,0,361,0,0
B2_D1,149,0,192,0,0
B6_D1,994,0,87,0,0
B6_D1,604,0,29,0,0
B10_D1,130,0,266,0,0
G1_D1,403,0,200,0,0
B6_D1,835,0,64,0,0
G1_D1,798,0,92,0,0
G1_D1,356,0,11,0,0
B10_D1,617,0,187,0,0
B10_D1,331,0,87,0,0
B6_D1,359,0,383,0,0
B10_D1,545,0,286,0,0
B6_D1,961,0,149,0,0
B10_D1,471,0,260,0,0
B6_D1,534,0,298,0,0
B10_D1,481,0,467,0,0
B6_D1,936,0,51,0,0
G1_D1,1009,0,108,0,0
B10_D1,178,0,361,0,0
B10_D1,8,0,144,0,0
B10_D1,861,0,373,0,0
G1_D1,199,0,195,0,0
G1_D1,203,0,31,0,0
B8_D1,1002,0,1,0,0
B10_D1,50,0,134,0,0
B8_D1,257,0,329,0,0
G1_D1,714,0,25,0,0
B10_D1,657,0,134,0,0
B10_D1,31,0,24,0,0
B2_D1,364,0,383,0,0
B10_D1,452,0,197,0,0
B10_D1,877,0,100,0,0
B10_D1,650,0,456,0,0
B10_D1,112,0,109,0,0
B4_D1,118,0,189,0,0
G1_D1,424,0,234,0,0
B6_D1,852,0,33,0,0
B10_D1,640,0,114,0,0
B2_D1,623,0,148,0,0
B10_D1,67,0,41,0,0
B4_D1,512,0,212,0,0
B10_D1,829,0,427,0,0
B6_D1,553,0,323,0,0
B4_D1,126,0,122,0,0
B6_D1,626,0,13,0,0
B2_D1,286,0,391,0,0
G1_D1,258,0,351,0,0
B10_D1,461,0,339,0,0
B10_D1,853,0,38,0,0
B6_D1,418,0,51,0,0
B4_D1,461,0,423,0,0
B10_D1,45,0,47,0,0
G1_D1,266,0,460,0,0
B10_D1,374,0,501,0,0
B6_D1,258,0,18,0,0
B10_D1,172,0,279,0,0
B10_D1,298,0,196,0,0
G1_D1,338,0,24,0,0
G1_D1,597,0,54,0,0
B10_D1,223,0,192,0,0
B2_D1,211,0,208,0,0
B6_D1,480,0,241,0,0
B6_D1,263,0,481,0,0
B2_D1,450,0,286,0,0
G1_D1,1019,0,286,0,0
G1_D1,214,0,41,0,0
B6_D1,374,0,31,0,0
G1_D1,995,0,117,0,0
B6_D1,270,0,493,0,0
B10_D1,124,0,265,0,0
B10_D1,368,0,23,0,0
B4_D1,481,0,427,0,0
B10_D1,172,0,66,0,0
B10_D1,256,0,345,0,0
B6_D1,4,0,419,0,0
G1_D1,271,0,62,0,0
B6_D1,725,0,374,0,0
B6_D1,979,0,170,0,0
B10_D1,107,0,462,0,0
B6_D1,760,0,433,0,0
B4_D1,163,0,69,0,0
G1_D1,515,0,478,0,0
B6_D1,293,0,80,0,0
B6_D1,886,0,93,0,0
B6_D1,282,0,33,0,0
B4_D1,184,0,54,0,0
B6_D1,732,0,12,0,0
G1_D1,51,0,451,0,0
B6_D1,127,0,300,0,0
B2_D1,569,0,0,0,0
B10_D1,419,0,53,0,0
B6_D1,175,0,100,0,0
B6_D1,520,0,2,0,0
B10_D1,1007,0,53,0,0
B4_D1,478,0,235,0,0
B6_D1,534,0,9,0,0
B10_D1,624,0,141,0,0
G1_D1,196,0,172,0,0
B10_D1,298,0,304,0,0
B6_D1,384,0,282,0,0
B10_D1,325,0,333,0,0
B10_D1,28,0,128,0,0
G1_D1,907,0,470,0,0
B10_D1,868,0,264,0,0
G1_D1,417,0,224,0,0
B6_D1,962,0,457,0,0
B10_D1,404,0,67,0,0
B4_D1,763,0,282,0,0
G1_D1,1009,0,219,0,0
B10_D1,936,0,220,0,0
B10_D1,437,0,226,0,0
B10_D1,148,0,269,0,0
G1_D1,1016,0,180,0,0
B6_D1,732,0,36,0,0
B4_D1,1021,0,147,0,0
B10_D1,408,0,463,0,0
B6_D1,484,0,284,0,0
B10_D1,563,0,260,0,0
B10_D1,862,0,34,0,0
B6_D1,361,0,245,0,0
G1_D1,148,0,373,0,0
B10_D1,620,0,484,0,0
G1_D1,332,0,423,0,0
B6_D1,201,0,119,0,0
B6_D1,644,0,497,0,0
G1_D1,999,0,69,0,0
B6_D1,821,0,391,0,0
B6_D1,352,0,413,0,0
B10_D1,629,0,511,0,0
B6_D1,186,0,15,0,0
B6_D1,811,0,108,0,0
B6_D1,484,0,504,0,0
G1_D1,14,0,5,0,0
B6_D1,584,0,491,0,0
B6_D1,308,0,491,0,0
B2_D1,737,0,27,0,0
B6_D1,173,0,169,0,0
B4_D1,2,0,104,0,0
B10_D1,1001,0,482,0,0
G1_D1,879,0,37,0,0
B10_D1,906,0,131,0,0
B4_D1,7,0,340,0,0
G1_D1,1006,0,42,0,0
B10_D1,496,0,161,0,0
B6_D1,758,0,286,0,0
B6_D1,268,0,120,0,0
B6_D1,446,0,428,0,0
B10_D1,279,0,8,0,0
B10_D1,452,0,238,0,0
G1_D1,450,0,88,0,0
B6_D1,924,0,196,0,0
B6_D1,985,0,126,0,0
B6_D1,785,0,85,0,0
B6_D1,716,0,286,0,0
B6_D1,52,0,486,0,0
B10_D1,19,0,261,0,0
B10_D1,608,0,80,0,0
G1_D1,117,0,4,0,0
G1_D1,897,0,4,0,0
B10_D1,777,0,163,0,0
B6_D1,491,0,479,0,0
B6_D1,196,0,174,0,0
B6_D1,861,0,335,0,0
G1_D1,887,0,14,0,0
B10_D1,354,0,483,0,0
G1_D1,190,0,496,0,0
B4_D1,940,0,75,0,0
B10_D1,733,0,403,0,0
G1_D1,320,0,232,0,0
G1_D1,173,0,45,0,0
B6_D1,626,0,4,0,0
B6_D1,964,0,492,0,0
B2_D1,502,0,40,0,0
B6_D1,852,0,496,0,0
G1_D1,278,0,188,0,0
B10_D1,723,0,474,0,0
B10_D1,325,0,173,0,0
B6_D1,620,0,210,0,0
B6_D1,822,0,3,0,0
G1_D1,174,0,53,0,0
B6_D1,250,0,126,0,0
B10_D1,506,0,213,0,0
G1_D1,881,0,15,0,0
B2_D1,977,0,74,0,0
B10_D1,996,0,283,0,0
B10_D1,593,0,500,0,0
B6_D1,4,0,495,0,0
B10_D1,550,0,311,0,0
G1_D1,664,0,118,0,0
B10_D1,964,0,264,0,0
B6_D1,522,0,166,0,0
G1_D1,585,0,227,0,0
B6_D1,665,0,304,0,0
G1_D1,127,0,134,0,0
B10_D1,467,0,476,0,0
G1_D1,618,0,21,0,0
B6_D1,214,0,495,0,0
B10_D1,131,0,68,0,0
B8_D1,925,0,301,0,0
B6_D1,960,0,30,0,0
B6_D1,246,0,21,0,0
G1_D1,980,0,5,0,0
B6_D1,568,0,351,0,0
B8_D1,447,0,200,0,0
B10_D1,519,0,302,0,0
G1_D1,478,0,152,0,0
B6_D1,819,0,199,0,0
B10_D1,943,0,285,0,0
B10_D1,750,0,45,0,0
G1_D1,989,0,170,0,0
B6_D1,1023,0,375,0,0
B4_D1,298,0,18,0,0
B10_D1,1023,0,30,0,0
B6_D1,420,0,9,0,0
B6_D1,937,0,407,0,0
B6_D1,782,0,127,0,0
B10_D1,545,0,260,0,0
B6_D1,793,0,101,0,0
B10_D1,848,0,421,0,0
B6_D1,1016,0,28,0,0
B6_D1,58,0,23,0,0
G1_D1,845,0,241,0,0
B10_D1,37,0,3,0,0
G1_D1,686,0,75,0,0
B6_D1,1014,0,487,0,0
B6_D1,875,0,204,0,0
B10_D1,358,0,198,0,0
B6_D1,602,0,162,0,0
G1_D1,760,0,158,0,0
B10_D1,440,0,500,0,0
B2_D1,275,0,158,0,0
B10_D1,668,0,240,0,0
G1_D1,78,0,138,0,0
B10_D1,716,0,457,0,0
G1_D1,928,0,119,0,0
B10_D1,703,0,32,0,0
B10_D1,478,0,251,0,0
B6_D1,300,0,129,0,0
B10_D1,231,0,343,0,0
B10_D1,39,0,171,0,0
G1_D1,656,0,91,0,0
G1_D1,386,0,5,0,0
G1_D1,830,0,423,0,0
B6_D1,924,0,490,0,0
G1_D1,601,0,279,0,0
B8_D1,737,0,247,0,0
B10_D1,420,0,271,0,0
B10_D1,704,0,479,0,0
B10_D1,226,0,505,0,0
B6_D1,125,0,129,0,0
B6_D1,82,0,479,0,0
B6_D1,959,0,246,0,0
B6_D1,7,0,292,0,0
B6_D1,775,0,225,0,0
G1_D1,915,0,110,0,0
G1_D1,627,0,205,0,0
B10_D1,316,0,152,0,0
B6_D1,717,0,388,0,0
B6_D1,314,0,79,0,0
B10_D1,63,0,155,0,0
B2_D1,627,0,28,0,0
B10_D1,878,0,67,0,0
B8_D1,813,0,228,0,0
B10_D1,54,0,15,0,0
B6_D1,697,0,420,0,0
B6_D1,695,0,111,0,0
G1_D1,124,0,191,0,0
G1_D1,282,0,87,0,0
B6_D1,778,0,386,0,0
G1_D1,190,0,374,0,0
B10_D1,183,0,413,0,0
B10_D1,262,0,212,0,0
B6_D1,776,0,25,0,0
B10_D1,25,0,219,0,0
B10_D1,498,0,225,0,0
B6_D1,878,0,431,0,0
B6_D1,797,0,353,0,0
B10_D1,199,0,160,0,0
B10_D1,702,0,86,0,0
B10_D1,128,0,70,0,0
B10_D1,666,0,245,0,0
B6_D1,30,0,180,0,0
B6_D1,319,0,190,0,0
B6_D1,407,0,407,0,0
B2_D1,717,0,44,0,0
B10_D1,46,0,61,0,0
B4_D1,28,0,146,0,0
B6_D1,176,0,190,0,0
G1_D1,963,0,115,0,0
B6_D1,194,0,16,0,0
B6_D1,269,0,110,0,0
B10_D1,349,0,119,0,0
B6_D1,505,0,252,0,0
B6_D1,4,0,295,0,0
B6_D1,176,0,150,0,0
B6_D1,51,0,264,0,0
G1_D1,101,0,273,0,0
B10_D1,798,0,92,0,0
B6_D1,558,0,163,0,0
G1_D1,673,0,16,0,0
B6_D1,44,0,251,0,0
B6_D1,618,0,375,0,0
B4_D1,7,0,325,0,0
B4_D1,86,0,86,0,0
B10_D1,734,0,319,0,0
B6_D1,347,0,320,0,0
G1_D1,1022,0,443,0,0
B6_D1,923,0,141,0,0
G1_D1,265,0,325,0,0
B2_D1,545,0,66,0,0
B4_D1,1,0,144,0,0
B10_D1,604,0,188,0,0
B8_D1,71,0,276,0,0
G1_D1,1010,0,57,0,0
B2_D1,545,0,365,0,0
B6_D1,166,0,407,0,0
G1_D1,832,0,243,0,0
G1_D1,981,0,33,0,0
B6_D1,743,0,324,0,0
B6_D1,834,0,6,0,0
B10_D1,168,0,507,0,0
B10_D1,592,0,48,0,0
G1_D1,153,0,412,0,0
G1_D1,218,0,23,0,0
G1_D1,348,0,399,0,0
B6_D1,891,0,389,0,0
B4_D1,532,0,274,0,0
B6_D1,131,0,481,0,0
B10_D1,741,0,253,0,0
B10_D1,194,0,227,0,0
B6_D1,22,0,495,0,0
B2_D1,206,0,510,0,0
G1_D1,1020,0,324,0,0
B10_D1,228,0,256,0,0
B10_D1,954,0,459,0,0
B6_D1,248,0,503,0,0
B10_D1,776,0,22,0,0
G1_D1,887,0,15,0,0
B10_D1,1004,0,37,0,0
B10_D1,589,0,77,0,0
B6_D1,795,0,66,0,0
B6_D1,471,0,331,0,0
G1_D1,241,0,71,0,0
G1_D1,266,0,234,0,0
B6_D1,878,0,485,0,0
B10_D1,293,0,75,0,0
B10_D1,166,0,380,0,0
G1_D1,1011,0,279,0,0
B10_D1,689,0,239,0,0
B6_D1,26,0,201,0,0
B2_D1,795,0,62,0,0
B10_D1,644,0,208,0,0
B10_D1,12,0,215,0,0
B8_D1,665,0,181,0,0
B10_D1,240,0,250,0,0
G1_D1,267,0,17,0,0
B6_D1,800,0,497,0,0
B10_D1,456,0,86,0,0
G1_D1,301,0,91,0,0
B10_D1,829,0,424,0,0
G1_D1,455,0,243,0,0
B6_D1,822,0,273,0,0
B10_D1,607,0,125,0,0
B6_D1,821,0,120,0,0
B6_D1,378,0,496,0,0
B10_D1,760,0,80,0,0
B6_D1,833,0,51,0,0
B10_D1,184,0,14,0,0
B6_D1,814,0,14,0,0
G1_D1,364,0,237,0,0
B6_D1,497,0,366,0,0
G1_D1,725,0,471,0,0
B10_D1,958,0,269,0,0
B6_D1,333,0,460,0,0
B10_D1,120,0,453,0,0
G1_D1,158,0,170,0,0
B2_D1,182,0,477,0,0
G1_D1,77,0,2,0,0
G1_D1,15,0,332,0,0
B6_D1,182,0,16,0,0
B4_D1,152,0,92,0,0
B10_D1,402,0,113,0,0
B4_D1,198,0,195,0,0
B6_D1,152,0,339,0,0
G1_D1,14,0,147,0,0
G1_D1,326,0,242,0,0
B10_D1,846,0,197,0,0
G1_D1,938,0,1,0,0
B10_D1,525,0,277,0,0
B10_D1,768,0,263,0,0
B4_D1,1020,0,140,0,0
B6_D1,958,0,171,0,0
B4_D1,321,0,303,0,0
B6_D1,458,0,433,0,0
B6_D1,789,0,480,0,0
B6_D1,893,0,307,0,0
B6_D1,348,0,3,0,0
G1_D1,990,0,173,0,0
B6_D1,947,0,327,0,0
B6_D1,268,0,242,0,0
B10_D1,212,0,186,0,0
B6_D1,827,0,128,0,0
B10_D1,369,0,184,0,0
B6_D1,436,0,2,0,0
B8_D1,828,0,227,0,0
G1_D1,22,0,299,0,0
B10_D1,454,0,6,0,0
G1_D1,627,0,93,0,0
G1_D1,80,0,5,0,0
B10_D1,108,0,42,0,0
B2_D1,624,0,95,0,0
B10_D1,275,0,87,0,0
B10_D1,174,0,193,0,0
G1_D1,439,0,230,0,0
B10_D1,205,0,212,0,0
B2_D1,508,0,163,0,0
G1_D1,78,0,139,0,0
B2_D1,886,0,90,0,0
B6_D1,37,0,58,0,0
B10_D1,470,0,102,0,0
B6_D1,56,0,204,0,0
B6_D1,976,0,483,0,0
G1_D1,497,0,120,0,0
B10_D1,727,0,58,0,0
B6_D1,18,0,318,0,0
B10_D1,545,0,156,0,0
B10_D1,842,0,354,0,0
G1_D1,1010,0,48,0,0
B10_D1,12,0,302,0,0
B10_D1,265,0,167,0,0
B4_D1,255,0,140,0,0
G1_D1,219,0,449,0,0
G1_D1,706,0,282,0,0
B4_D1,338,0,17,0,0
G1_D1,226,0,41,0,0
B6_D1,1004,0,105,0,0
G1_D1,318,0,42,0,0
G1_D1,153,0,291,0,0
B10_D1,691,0,420,0,0
B10_D1,390,0,124,0,0
B4_D1,773,0,81,0,0
B6_D1,1012,0,32,0,0
G1_D1,94,0,126,0,0
B10_D1,574,0,283,0,0
B10_D1,877,0,343,0,0
B10_D1,669,0,265,0,0
B6_D1,574,0,336,0,0
G1_D1,792,0,37,0,0
B10_D1,723,0,108,0,0
B10_D1,473,0,276,0,0
B2_D1,97,0,125,0,0
B10_D1,803,0,46,0,0
B2_D1,588,0,481,0,0
B10_D1,880,0,88,0,0
B6_D1,740,0,4,0,0
B6_D1,75,0,96,0,0
B6_D1,863,0,267,0,0
G1_D1,86,0,102,0,0
G1_D1,612,0,130,0,0
B4_D1,534,0,182,0,0
B6_D1,542,0,355,0,0
B10_D1,641,0,511,0,0
B8_D1,42,0,273,0,0
G1_D1,1018,0,260,0,0
G1_D1,119,0,14,0,0
B10_D1,213,0,308,0,0
B6_D1,594,0,430,0,0
B6_D1,22,0,394,0,0
B10_D1,3,0,389,0,0
B10_D1,214,0,359,0,0
B6_D1,956,0,270,0,0
B6_D1,256,0,501,0,0
B4_D1,342,0,18,0,0
B4_D1,614,0,180,0,0
B10_D1,156,0,234,0,0
B10_D1,411,0,59,0,0
B4_D1,735,0,15,0,0
B6_D1,776,0,482,0,0
B6_D1,454,0,5,0,0
B6_D1,1000,0,253,0,0
B6_D1,609,0,304,0,0
B10_D1,528,0,74,0,0
B6_D1,913,0,464,0,0
B6_D1,390,0,508,0,0
B10_D1,652,0,160,0,0
B10_D1,724,0,83,0,0
G1_D1,793,0,271,0,0
B6_D1,907,0,464,0,0
B6_D1,791,0,113,0,0
B6_D1,520,0,483,0,0
G1_D1,625,0,118,0,0
B6_D1,380,0,149,0,0
B6_D1,275,0,198,0,0
B10_D1,575,0,485,0,0
B4_D1,947,0,73,0,0
B6_D1,522,0,499,0,0
B10_D1,649,0,377,0,0
B10_D1,161,0,282,0,0
B10_D1,436,0,96,0,0
B6_D1,486,0,33,0,0
B10_D1,28,0,284,0,0
G1_D1,48,0,311,0,0
B10_D1,260,0,171,0,0
B6_D1,494,0,354,0,0
B10_D1,834,0,326,0,0
B2_D1,893,0,458,0,0
B10_D1,300,0,146,0,0
B10_D1,709,0,476,0,0
B10_D1,639,0,46,0,0
B10_D1,830,0,9,0,0
B10_D1,102,0,320,0,0
B6_D1,859,0,197,0,0
B6_D1,130,0,483,0,0
G1_D1,445,0,301,0,0
B6_D1,675,0,418,0,0
B10_D1,555,0,268,0,0
G1_D1,373,0,241,0,0
B10_D1,1017,0,73,0,0
B10_D1,16,0,275,0,0
B2_D1,572,0,160,0,0
B6_D1,808,0,44,0,0
B2_D1,883,0,459,0,0
G1_D1,50,0,115,0,0
G1_D1,223,0,269,0,0
B10_D1,106,0,216,0,0
B6_D1,932,0,59,0,0
B2_D1,800,0,362,0,0
B6_D1,736,0,456,0,0
G1_D1,38,0,48,0,0
G1_D1,73,0,133,0,0
B6_D1,958,0,14,0,0
B10_D1,972,0,510,0,0
B6_D1,926,0,391,0,0
G1_D1,223,0,12,0,0
B6_D1,468,0,242,0,0
B6_D1,509,0,345,0,0
G1_D1,72,0,286,0,0
B6_D1,586,0,319,0,0
B10_D1,205,0,118,0,0
B2_D1,562,0,119,0,0
B4_D1,272,0,17,0,0
G1_D1,636,0,28,0,0
G1_D1,778,0,17,0,0
B2_D1,223,0,49,0,0
B6_D1,100,0,486,0,0
B4_D1,403,0,89,0,0
G1_D1,300,0,93,0,0
G1_D1,122,0,202,0,0
B10_D1,532,0,90,0,0
G1_D1,364,0,475,0,0
B6_D1,234,0,496,0,0
B2_D1,752,0,85,0,0
B6_D1,1019,0,309,0,0
B6_D1,727,0,420,0,0
G1_D1,730,0,163,0,0
B10_D1,497,0,229,0,0
B10_D1,554,0,29,0,0
G1_D1,876,0,204,0,0
B6_D1,976,0,20,0,0
B4_D1,764,0,48,0,0
G1_D1,298,0,47,0,0
B4_D1,568,0,155,0,0
B6_D1,785,0,56,0,0
B6_D1,8,0,449,0,0
B6_D1,817,0,108,0,0
B6_D1,848,0,273,0,0
B6_D1,421,0,319,0,0
B10_D1,778,0,233,0,0
B10_D1,596,0,259,0,0
B10_D1,422,0,19,0,0
B10_D1,792,0,100,0,0
B6_D1,296,0,482,0,0
B6_D1,576,0,377,0,0
B4_D1,600,0,182,0,0
B2_D1,149,0,23,0,0
B6_D1,512,0,7,0,0
G1_D1,12,0,346,0,0
B2_D1,592,0,150,0,0
B10_D1,943,0,107,0,0
B4_D1,263,0,303,0,0
B6_D1,762,0,159,0,0
B10_D1,578,0,334,0,0
G1_D1,195,0,507,0,0
G1_D1,999,0,337,0,0
G1_D1,303,0,30,0,0
B6_D1,896,0,40,0,0
B6_D1,248,0,485,0,0
B10_D1,186,0,265,0,0
B10_D1,425,0,400,0,0
B6_D1,191,0,68,0,0
B10_D1,15,0,95,0,0
B10_D1,445,0,3,0,0
B10_D1,116,0,458,0,0
B6_D1,172,0,5,0,0
B6_D1,339,0,374,0,0
B6_D1,970,0,47,0,0
G1_D1,1009,0,63,0,0
B6_D1,209,0,477,0,0
B10_D1,383,0,510,0,0
G1_D1,788,0,204,0,0
G1_D1,125,0,288,0,0
B6_D1,87,0,449,0,0
G1_D1,17,0,30,0,0
B6_D1,59,0,118,0,0
B10_D1,426,0,164,0,0
G1_D1,268,0,38,0,0
B2_D1,375,0,483,0,0
B10_D1,515,0,297,0,0
B6_D1,363,0,103,0,0
B6_D1,633,0,425,0,0
B6_D1,425,0,465,0,0
B6_D1,603,0,290,0,0
B6_D1,353,0,195,0,0
B6_D1,180,0,502,0,0
G1_D1,361,0,16,0,0
B4_D1,850,0,35,0,0
B6_D1,514,0,408,0,0
B4_D1,226,0,49,0,0
B6_D1,602,0,31,0,0
B6_D1,798,0,18,0,0
B6_D1,223,0,331,0,0
B10_D1,633,0,279,0,0
B4_D1,973,0,27,0,0
B2_D1,810,0,128,0,0
B4_D1,974,0,121,0,0
B6_D1,576,0,39,0,0
B10_D1,848,0,34,0,0
B6_D1,308,0,226,0,0
B6_D1,352,0,385,0,0
B6_D1,868,0,338,0,0
B10_D1,850,0,213,0,0
B10_D1,438,0,412,0,0
B10_D1,491,0,113,0,0
B10_D1,179,0,198,0,0
B6_D1,615,0,60,0,0
B4_D1,0,0,77,0,0
B6_D1,885,0,389,0,0
G1_D1,20,0,337,0,0
G1_D1,90,0,25,0,0
B2_D1,396,0,487,0,0
B2_D1,173,0,145,0,0
B10_D1,247,0,158,0,0
B6_D1,330,0,348,0,0
B6_D1,220,0,495,0,0
B6_D1,784,0,111,0,0
B6_D1,636,0,50,0,0
G1_D1,242,0,156,0,0
B4_D1,3,0,499,0,0
B6_D1,911,0,465,0,0
G1_D1,563,0,70,0,0
B10_D1,439,0,189,0,0
G1_D1,7,0,141,0,0
B6_D1,330,0,15,0,0
G1_D1,57,0,293,0,0
B10_D1,211,0,133,0,0
G1_D1,816,0,83,0,0
B10_D1,567,0,493,0,0
B10_D1,24,0,142,0,0
G1_D1,846,0,256,0,0
B4_D1,733,0,16,0,0
B6_D1,81,0,87,0,0
B4_D1,1020,0,183,0,0
G1_D1,62,0,32,0,0
B6_D1,780,0,27,0,0
B6_D1,536,0,34,0,0
B10_D1,989,0,103,0,0
B6_D1,356,0,97,0,0
B6_D1,345,0,70,0,0
B6_D1,1022,0,395,0,0
B2_D1,909,0,418,0,0
G1_D1,27,0,151,0,0
B2_D1,899,0,258,0,0
B2_D1,393,0,46,0,0
B6_D1,925,0,306,0,0
B2_D1,598,0,467,0,0
B6_D1,916,0,214,0,0
B6_D1,136,0,388,0,0
B6_D1,814,0,32,0,0
B6_D1,311,0,467,0,0
B10_D1,825,0,492,0,0
B2_D1,605,0,96,0,0
B10_D1,230,0,292,0,0
B6_D1,1022,0,10,0,0
G1_D1,894,0,13,0,0
B6_D1,415,0,458,0,0
B10_D1,522,0,208,0,0
B6_D1,900,0,42,0,0
B10_D1,421,0,14,0,0
G1_D1,402,0,132,0,0
B10_D1,754,0,56,0,0
B10_D1,387,0,278,0,0
B6_D1,2,0,85,0,0
B10_D1,863,0,223,0,0
G1_D1,553,0,463,0,0
B6_D1,594,0,66,0,0
B6_D1,792,0,21,0,0
B4_D1,230,0,272,0,0
B6_D1,480,0,490,0,0
B10_D1,579,0,9,0,0
B10_D1,574,0,307,0,0
G1_D1,985,0,152,0,0
G1_D1,491,0,501,0,0
G1_D1,218,0,135,0,0
B10_D1,375,0,482,0,0
B10_D1,515,0,124,0,0
B10_D1,633,0,174,0,0
B10_D1,684,0,29,0,0
B6_D1,381,0,480,0,0
G1_D1,127,0,448,0,0
B6_D1,304,0,52,0,0
B6_D1,814,0,49,0,0
B10_D1,188,0,199,0,0
B6_D1,72,0,490,0,0
B10_D1,223,0,36,0,0
B6_D1,827,0,189,0,0
B4_D1,922,0,99,0,0
G1_D1,675,0,44,0,0
B6_D1,328,0,358,0,0
B6_D1,654,0,0,0,0
G1_D1,317,0,14,0,0
B6_D1,734,0,183,0,0
G1_D1,252,0,50,0,0
B10_D1,544,0,162,0,0
B6_D1,797,0,153,0,0
B10_D1,770,0,476,0,0
G1_D1,994,0,175,0,0
B10_D1,71,0,166,0,0
B6_D1,711,0,192,0,0
B6_D1,84,0,27,0,0
B10_D1,671,0,53,0,0
B6_D1,451,0,432,0,0
B10_D1,471,0,108,0,0
B2_D1,280,0,294,0,0
B6_D1,129,0,404,0,0
B2_D1,689,0,113,0,0
B6_D1,558,0,182,0,0
B4_D1,716,0,62,0,0
B10_D1,504,0,53,0,0
G1_D1,267,0,135,0,0
B6_D1,198,0,382,0,0
B10_D1,7,0,227,0,0
G1_D1,32,0,102,0,0
B4_D1,580,0,385,0,0
B10_D1,823,0,276,0,0
B6_D1,37,0,131,0,0
B10_D1,348,0,184,0,0
G1_D1,112,0,3,0,0
B10_D1,407,0,496,0,0
B6_D1,864,0,136,0,0
B6_D1,385,0,59,0,0
G1_D1,338,0,423,0,0
B2_D1,694,0,58,0,0
G1_D1,943,0,26,0,0
B10_D1,571,0,7,0,0
B2_D1,886,0,390,0,0
B6_D1,812,0,488,0,0
G1_D1,53,0,83,0,0
B6_D1,678,0,9,0,0
B6_D1,190,0,338,0,0
G1_D1,989,0,163,0,0
B10_D1,405,0,236,0,0
B10_D1,413,0,265,0,0
B10_D1,422,0,492,0,0
B6_D1,604,0,332,0,0
B6_D1,760,0,49,0,0
B6_D1,685,0,412,0,0
B6_D1,968,0,485,0,0
B6_D1,267,0,61,0,0
B2_D1,574,0,119,0,0
G1_D1,582,0,283,0,0
B2_D1,3,0,46,0,0
B2_D1,314,0,201,0,0
B2_D1,292,0,489,0,0
B2_D1,465,0,40,0,0
B6_D1,618,0,166,0,0
B6_D1,73,0,327,0,0
B10_D1,634,0,114,0,0
B6_D1,44,0,205,0,0
B10_D1,392,0,102,0,0
B10_D1,666,0,440,0,0
B2_D1,760,0,285,0,0
B10_D1,173,0,511,0,0
B10_D1,394,0,258,0,0
B6_D1,567,0,361,0,0
B10_D1,76,0,211,0,0
G1_D1,469,0,51,0,0
G1_D1,878,0,440,0,0
B8_D1,208,0,53,0,0
B10_D1,485,0,281,0,0
G1_D1,43,0,49,0,0
B6_D1,316,0,166,0,0
B6_D1,90,0,42,0,0
B6_D1,1011,0,207,0,0
B6_D1,449,0,386,0,0
B2_D1,240,0,297,0,0
B6_D1,1018,0,489,0,0
B2_D1,155,0,462,0,0
G1_D1,1013,0,74,0,0
B6_D1,720,0,430,0,0
B6_D1,800,0,88,0,0
B10_D1,705,0,69,0,0
B2_D1,477,0,368,0,0
G1_D1,220,0,408,0,0
B6_D1,345,0,351,0,0
G1_D1,109,0,136,0,0
G1_D1,747,0,196,0,0
B6_D1,181,0,369,0,0
B6_D1,248,0,306,0,0
G1_D1,691,0,21,0,0
B6_D1,92,0,4,0,0
B10_D1,187,0,34,0,0
B6_D1,559,0,265,0,0
B6_D1,591,0,387,0,0
B10_D1,37,0,24,0,0
B6_D1,543,0,343,0,0
B10_D1,478,0,232,0,0
G1_D1,251,0,77,0,0
B10_D1,872,0,366,0,0
G1_D1,192,0,74,0,0
G1_D1,305,0,100,0,0
B10_D1,213,0,324,0,0
G1_D1,89,0,15,0,0
B4_D1,735,0,110,0,0
B6_D1,273,0,175,0,0
B6_D1,846,0,487,0,0
G1_D1,325,0,319,0,0
B10_D1,6,0,215,0,0
B6_D1,812,0,509,0,0
B4_D1,488,0,284,0,0
B2_D1,680,0,70,0,0
B6_D1,472,0,348,0,0
B6_D1,476,0,1,0,0
B6_D1,266,0,7,0,0
B2_D1,436,0,476,0,0
B6_D1,998,0,311,0,0
B4_D1,52,0,401,0,0
B10_D1,530,0,148,0,0
B10_D1,495,0,298,0,0
B2_D1,923,0,75,0,0
B10_D1,178,0,54,0,0
B2_D1,628,0,23,0,0
G1_D1,175,0,123,0,0
B10_D1,794,0,490,0,0
G1_D1,974,0,28,0,0
B10_D1,45,0,245,0,0
B6_D1,700,0,433,0,0
G1_D1,334,0,44,0,0
G1_D1,671,0,271,0,0
B10_D1,875,0,22,0,0
B6_D1,123,0,480,0,0
B10_D1,358,0,212,0,0
B6_D1,226,0,194,0,0
G1_D1,657,0,300,0,0
B10_D1,676,0,110,0,0
B2_D1,778,0,191,0,0
B10_D1,655,0,7,0,0
B6_D1,218,0,175,0,0
G1_D1,988,0,9,0,0
B2_D1,142,0,277,0,0
G1_D1,758,0,85,0,0
B10_D1,637,0,302,0,0
B6_D1,872,0,497,0,0
B10_D1,181,0,126,0,0
B10_D1,157,0,332,0,0
G1_D1,334,0,150,0,0
B6_D1,138,0,36,0,0
B10_D1,155,0,11,0,0
B6_D1,954,0,307,0,0
G1_D1,63,0,118,0,0
B6_D1,726,0,69,0,0
B6_D1,272,0,101,0,0
B10_D1,425,0,257,0,0
B6_D1,1020,0,505,0,0
B10_D1,338,0,221,0,0
G1_D1,338,0,401,0,0
B6_D1,79,0,421,0,0
G1_D1,212,0,72,0,0
B6_D1,200,0,175,0,0
B6_D1,252,0,96,0,0
B2_D1,133,0,438,0,0
G1_D1,291,0,509,0,0
B6_D1,506,0,346,0,0
B4_D1,3,0,462,0,0
B6_D1,308,0,16,0,0
B10_D1,99,0,286,0,0
B10_D1,341,0,10,0,0
B6_D1,262,0,47,0,0
B6_D1,276,0,197,0,0
B6_D1,21,0,392,0,0
G1_D1,575,0,287,0,0
G1_D1,187,0,19,0,0
B10_D1,207,0,185,0,0
G1_D1,20,0,287,0,0
B10_D1,152,0,58,0,0
B10_D1,373,0,288,0,0
B6_D1,989,0,406,0,0
B10_D1,38,0,94,0,0
G1_D1,111,0,93,0,0
B2_D1,550,0,119,0,0
B4_D1,207,0,190,0,0
B10_D1,137,0,322,0,0
B6_D1,306,0,33,0,0
G1_D1,991,0,172,0,0
B10_D1,376,0,505,0,0
B10_D1,858,0,232,0,0
B4_D1,37,0,97,0,0
B10_D1,155,0,267,0,0
B10_D1,715,0,400,0,0
B6_D1,660,0,508,0,0
B6_D1,313,0,433,0,0
G1_D1,362,0,122,0,0
B6_D1,872,0,103,0,0
B6_D1,1007,0,313,0,0
B6_D1,701,0,164,0,0
B6_D1,364,0,331,0,0
B6_D1,913,0,140,0,0
B6_D1,356,0,37,0,0
B6_D1,273,0,133,0,0
B6_D1,436,0,26,0,0
B6_D1,53,0,418,0,0
G1_D1,688,0,245,0,0
B4_D1,520,0,425,0,0
B6_D1,793,0,75,0,0
B6_D1,732,0,45,0,0
B2_D1,598,0,150,0,0
B10_D1,714,0,261,0,0
G1_D1,808,0,67,0,0
B6_D1,373,0,290,0,0
B6_D1,474,0,242,0,0
B6_D1,972,0,153,0,0
B6_D1,971,0,406,0,0
B10_D1,663,0,266,0,0
B10_D1,308,0,132,0,0
B6_D1,221,0,386,0,0
B6_D1,544,0,495,0,0
B6_D1,814,0,200,0,0
B10_D1,619,0,132,0,0
G1_D1,840,0,51,0,0
B4_D1,516,0,283,0,0
B8_D1,1022,0,449,0,0
B10_D1,647,0,176,0,0
B10_D1,630,0,410,0,0
B10_D1,501,0,209,0,0
B10_D1,538,0,475,0,0
B4_D1,3,0,345,0,0
G1_D1,142,0,188,0,0
B6_D1,846,0,21,0,0
B6_D1,698,0,491,0,0
G1_D1,1017,0,69,0,0
G1_D1,817,0,212,0,0
G1_D1,325,0,395,0,0
B2_D1,997,0,288,0,0
B4_D1,804,0,36,0,0
B10_D1,279,0,98,0,0
B2_D1,1003,0,510,0,0
B6_D1,348,0,42,0,0
B6_D1,994,0,86,0,0
B6_D1,179,0,477,0,0
G1_D1,975,0,229,0,0
B6_D1,962,0,92,0,0
G1_D1,539,0,95,0,0
B2_D1,571,0,147,0,0
B6_D1,720,0,191,0,0
B6_D1,34,0,2,0,0
B6_D1,294,0,33,0,0
B4_D1,687,0,18,0,0
B6_D1,772,0,495,0,0
B10_D1,673,0,173,0,0
B2_D1,424,0,25,0,0
B10_D1,727,0,274,0,0
B10_D1,38,0,9,0,0
B10_D1,647,0,306,0,0
B6_D1,534,0,15,0,0
B6_D1,522,0,395,0,0
B6_D1,296,0,31,0,0
B6_D1,868,0,5,0,0
B10_D1,510,0,486,0,0
B6_D1,436,0,112,0,0
B10_D1,900,0,86,0,0
B10_D1,109,0,168,0,0
B6_D1,847,0,440,0,0
B10_D1,799,0,452,0,0
B6_D1,185,0,171,0,0
B10_D1,108,0,334,0,0
B6_D1,711,0,429,0,0
B10_D1,734,0,323,0,0
B4_D1,241,0,208,0,0
B10_D1,295,0,249,0,0
G1_D1,149,0,201,0,0
B6_D1,814,0,98,0,0
B8_D1,663,0,229,0,0
G1_D1,314,0,425,0,0
B10_D1,344,0,85,0,0
B2_D1,577,0,223,0,0
B2_D1,731,0,510,0,0
B6_D1,862,0,106,0,0
B6_D1,719,0,363,0,0
B10_D1,119,0,108,0,0
B6_D1,18,0,209,0,0
B2_D1,200,0,216,0,0
B10_D1,1018,0,207,0,0
B6_D1,402,0,170,0,0
B10_D1,148,0,254,0,0
B4_D1,598,0,45,0,0
B6_D1,209,0,99,0,0
G1_D1,402,0,227,0,0
B6_D1,965,0,237,0,0
B10_D1,693,0,93,0,0
B10_D1,692,0,418,0,0
B4_D1,1018,0,149,0,0
B10_D1,102,0,202,0,0
G1_D1,586,0,210,0,0
B10_D1,514,0,126,0,0
B6_D1,494,0,248,0,0
B2_D1,332,0,38,0,0
B10_D1,713,0,160,0,0
B2_D1,171,0,113,0,0
B4_D1,977,0,68,0,0
B8_D1,924,0,303,0,0
B6_D1,452,0,433,0,0
G1_D1,1001,0,2,0,0
G1_D1,30,0,53,0,0
B10_D1,296,0,456,0,0
B6_D1,528,0,36,0,0
B4_D1,983,0,40,0,0
B10_D1,342,0,255,0,0
B8_D1,899,0,235,0,0
B6_D1,515,0,313,0,0
B6_D1,568,0,186,0,0
B10_D1,106,0,160,0,0
B10_D1,5,0,511,0,0
B6_D1,340,0,333,0,0
B6_D1,347,0,76,0,0
G1_D1,985,0,63,0,0
B10_D1,715,0,3,0,0
G1_D1,917,0,304,0,0
B10_D1,948,0,54,0,0
B10_D1,96,0,318,0,0
B8_D1,385,0,283,0,0
B4_D1,203,0,27,0,0
G1_D1,906,0,337,0,0
B6_D1,630,0,27,0,0
B2_D1,953,0,510,0,0
B10_D1,586,0,117,0,0
B10_D1,880,0,360,0,0
G1_D1,161,0,2,0,0
G1_D1,250,0,233,0,0
B6_D1,198,0,36,0,0
B10_D1,867,0,56,0,0
G1_D1,987,0,279,0,0
G1_D1,912,0,112,0,0
B10_D1,100,0,324,0,0
B6_D1,935,0,118,0,0
B4_D1,672,0,265,0,0
B10_D1,442,0,237,0,0
B6_D1,324,0,348,0,0
B10_D1,792,0,411,0,0
G1_D1,1001,0,64,0,0
G1_D1,306,0,193,0,0
B4_D1,881,0,71,0,0
G1_D1,286,0,457,0,0
G1_D1,41,0,198,0,0
B10_D1,721,0,106,0,0
B6_D1,254,0,22,0,0
B10_D1,942,0,24,0,0
B4_D1,1021,0,42,0,0
G1_D1,128,0,202,0,0
B8_D1,55,0,329,0,0
G1_D1,731,0,319,0,0
G1_D1,499,0,12,0,0
B6_D1,598,0,495,0,0
B10_D1,796,0,108,0,0
G1_D1,1018,0,453,0,0
G1_D1,262,0,341,0,0
B6_D1,858,0,376,0,0
G1_D1,864,0,421,0,0
B10_D1,955,0,32,0,0
B10_D1,683,0,260,0,0
B6_D1,788,0,485,0,0
G1_D1,535,0,141,0,0
G1_D1,701,0,286,0,0
B2_D1,335,0,494,0,0
B6_D1,110,0,259,0,0
B10_D1,891,0,237,0,0
B10_D1,589,0,107,0,0
B6_D1,864,0,24,0,0
B6_D1,364,0,96,0,0
B6_D1,690,0,15,0,0
B10_D1,260,0,352,0,0
B6_D1,778,0,350,0,0
B6_D1,869,0,141,0,0
B2_D1,917,0,27,0,0
B2_D1,608,0,113,0,0
B6_D1,228,0,42,0,0
G1_D1,512,0,121,0,0
B2_D1,654,0,103,0,0
G1_D1,540,0,148,0,0
B8_D1,103,0,330,0,0
B10_D1,657,0,487,0,0
G1_D1,498,0,333,0,0
B6_D1,982,0,413,0,0
B2_D1,710,0,36,0,0
B4_D1,690,0,17,0,0
B10_D1,150,0,29,0,0
B6_D1,398,0,40,0,0
B6_D1,74,0,440,0,0
B10_D1,575,0,284,0,0
B6_D1,124,0,486,0,0
G1_D1,1021,0,330,0,0
B10_D1,338,0,74,0,0
G1_D1,242,0,178,0,0
B6_D1,190,0,501,0,0
B10_D1,592,0,261,0,0
B6_D1,392,0,34,0,0
G1_D1,146,0,23,0,0
B10_D1,616,0,357,0,0
B6_D1,979,0,76,0,0
G1_D1,252,0,7,0,0
G1_D1,1019,0,316,0,0
G1_D1,471,0,10,0,0
G1_D1,849,0,129,0,0
B10_D1,183,0,280,0,0
B6_D1,888,0,39,0,0
B6_D1,694,0,44,0,0
B10_D1,944,0,41,0,0
G1_D1,376,0,237,0,0
B6_D1,56,0,506,0,0
B6_D1,852,0,0,0,0
B6_D1,500,0,394,0,0
G1_D1,757,0,385,0,0
G1_D1,321,0,323,0,0
G1_D1,91,0,96,0,0
B10_D1,551,0,319,0,0
B6_D1,1018,0,231,0,0
B6_D1,90,0,295,0,0
B10_D1,195,0,209,0,0
B6_D1,921,0,121,0,0
B6_D1,922,0,344,0,0
B10_D1,874,0,233,0,0
B6_D1,720,0,259,0,0
B6_D1,279,0,184,0,0
G1_D1,215,0,14,0,0
B6_D1,169,0,369,0,0
B6_D1,669,0,390,0,0
G1_D1,744,0,257,0,0
B4_D1,1018,0,75,0,0
B10_D1,118,0,226,0,0
B6_D1,4,0,504,0,0
B6_D1,360,0,18,0,0
B4_D1,820,0,211,0,0
B6_D1,70,0,201,0,0
B10_D1,477,0,303,0,0
B6_D1,554,0,7,0,0
B10_D1,629,0,236,0,0
B10_D1,14,0,171,0,0
B10_D1,387,0,488,0,0
B10_D1,181,0,136,0,0
G1_D1,978,0,32,0,0
B6_D1,847,0,450,0,0
B10_D1,15,0,152,0,0
B10_D1,651,0,2,0,0
B6_D1,986,0,16,0,0
B10_D1,720,0,81,0,0
G1_D1,629,0,15,0,0
B6_D1,295,0,72,0,0
B10_D1,353,0,10,0,0
B4_D1,113,0,387,0,0
B6_D1,428,0,320,0,0
B10_D1,279,0,14,0,0
B8_D1,97,0,106,0,0
G1_D1,29,0,60,0,0
B8_D1,625,0,302,0,0
B6_D1,173,0,346,0,0
B6_D1,376,0,166,0,0
G1_D1,1013,0,187,0,0
B10_D1,529,0,120,0,0
B4_D1,90,0,27,0,0
B10_D1,268,0,172,0,0
B10_D1,365,0,174,0,0
B6_D1,183,0,182,0,0
G1_D1,282,0,7,0,0
B2_D1,982,0,34,0,0
B2_D1,780,0,285,0,0
B6_D1,827,0,123,0,0
G1_D1,852,0,300,0,0
B10_D1,857,0,511,0,0
B6_D1,766,0,154,0,0
B10_D1,546,0,111,0,0
G1_D1,371,0,289,0,0
B2_D1,712,0,47,0,0
B10_D1,134,0,183,0,0
G1_D1,551,0,70,0,0
B4_D1,319,0,178,0,0
B10_D1,653,0,35,0,0
G1_D1,633,0,120,0,0
G1_D1,259,0,36,0,0
B6_D1,342,0,27,0,0
B4_D1,170,0,272,0,0
B10_D1,281,0,56,0,0
B10_D1,398,0,87,0,0
G1_D1,908,0,11,0,0
G1_D1,263,0,328,0,0
B10_D1,844,0,325,0,0
B10_D1,397,0,243,0,0
B10_D1,429,0,461,0,0
G1_D1,75,0,171,0,0
B6_D1,741,0,338,0,0
B4_D1,680,0,309,0,0
B10_D1,281,0,417,0,0
B6_D1,101,0,453,0,0
B10_D1,425,0,365,0,0
B6_D1,279,0,379,0,0
G1_D1,488,0,102,0,0
B6_D1,83,0,395,0,0
B6_D1,964,0,44,0,0
G1_D1,940,0,265,0,0
G1_D1,121,0,68,0,0
G1_D1,22,0,242,0,0
G1_D1,21,0,309,0,0
B8_D1,88,0,157,0,0
B10_D1,684,0,106,0,0
B6_D1,188,0,488,0,0
B4_D1,456,0,422,0,0
B10_D1,802,0,380,0,0
G1_D1,231,0,151,0,0
B2_D1,776,0,224,0,0
B10_D1,992,0,304,0,0
B6_D1,701,0,431,0,0
G1_D1,687,0,287,0,0
G1_D1,989,0,117,0,0
B10_D1,128,0,113,0,0
B10_D1,179,0,45,0,0
B6_D1,1021,0,422,0,0
B6_D1,302,0,219,0,0
G1_D1,1008,0,7,0,0
B6_D1,12,0,321,0,0
B6_D1,442,0,483,0,0
B10_D1,809,0,279,0,0
B6_D1,271,0,373,0,0
G1_D1,20,0,197,0,0
G1_D1,590,0,282,0,0
B6_D1,214,0,8,0,0
G1_D1,5,0,468,0,0
B10_D1,935,0,1,0,0
B4_D1,145,0,59,0,0
B6_D1,529,0,269,0,0
B10_D1,426,0,33,0,0
B6_D1,604,0,339,0,0
G1_D1,156,0,13,0,0
B10_D1,604,0,310,0,0
B10_D1,341,0,142,0,0
B6_D1,975,0,221,0,0
B6_D1,890,0,149,0,0
G1_D1,239,0,77,0,0
B6_D1,672,0,499,0,0
G1_D1,983,0,266,0,0
B10_D1,726,0,428,0,0
B6_D1,760,0,50,0,0
G1_D1,505,0,16,0,0
G1_D1,90,0,103,0,0
B6_D1,780,0,460,0,0
G1_D1,705,0,26,0,0
B6_D1,997,0,415,0,0
B2_D1,123,0,100,0,0
B2_D1,208,0,402,0,0
B4_D1,50,0,400,0,0
B4_D1,6,0,400,0,0
B6_D1,102,0,24,0,0
B10_D1,110,0,55,0,0
B6_D1,480,0,289,0,0
B10_D1,437,0,408,0,0
B4_D1,6,0,131,0,0
B6_D1,666,0,9,0,0
B6_D1,618,0,505,0,0
B6_D1,792,0,42,0,0
G1_D1,324,0,239,0,0
G1_D1,852,0,439,0,0
B10_D1,173,0,64,0,0
B6_D1,580,0,284,0,0
G1_D1,14,0,238,0,0
B6_D1,132,0,142,0,0
B6_D1,892,0,483,0,0
B10_D1,753,0,258,0,0
B10_D1,541,0,3,0,0
B6_D1,482,0,414,0,0
B6_D1,146,0,497,0,0
B2_D1,274,0,489,0,0
B6_D1,444,0,109,0,0
G1_D1,9,0,68,0,0
B10_D1,138,0,263,0,0
B2_D1,676,0,434,0,0
G1_D1,887,0,29,0,0
B6_D1,902,0,25,0,0
B10_D1,550,0,464,0,0
B6_D1,448,0,67,0,0
B10_D1,162,0,125,0,0
B6_D1,186,0,139,0,0
G1_D1,412,0,510,0,0
G1_D1,154,0,119,0,0
B6_D1,135,0,308,0,0
G1_D1,828,0,77,0,0
B6_D1,854,0,46,0,0
B6_D1,42,0,110,0,0
B6_D1,117,0,391,0,0
B4_D1,800,0,215,0,0
B6_D1,139,0,293,0,0
B10_D1,139,0,50,0,0
G1_D1,51,0,86,0,0
B2_D1,177,0,63,0,0
B6_D1,643,0,222,0,0
B10_D1,676,0,88,0,0
B6_D1,606,0,21,0,0
B10_D1,241,0,164,0,0
G1_D1,277,0,147,0,0
B6_D1,124,0,38,0,0
B4_D1,750,0,68,0,0
B10_D1,38,0,406,0,0
B10_D1,430,0,161,0,0
B6_D1,60,0,24,0,0
B6_D1,40,0,504,0,0
G1_D1,339,0,436,0,0
B4_D1,702,0,49,0,0
B4_D1,803,0,111,0,0
B10_D1,747,0,424,0,0
B6_D1,405,0,162,0,0
B6_D1,358,0,20,0,0
B6_D1,865,0,306,0,0
G1_D1,979,0,12,0,0
B6_D1,114,0,24,0,0
B10_D1,33,0,97,0,0
B10_D1,434,0,317,0,0
B10_D1,527,0,469,0,0
B2_D1,1005,0,115,0,0
B10_D1,791,0,397,0,0
B6_D1,432,0,21,0,0
G1_D1,885,0,70,0,0
G1_D1,433,0,12,0,0
B6_D1,62,0,22,0,0
B6_D1,965,0,405,0,0
B6_D1,435,0,61,0,0
G1_D1,241,0,364,0,0
G1_D1,718,0,429,0,0
B6_D1,761,0,257,0,0
B10_D1,369,0,489,0,0
B10_D1,117,0,126,0,0
B6_D1,938,0,22,0,0
B10_D1,42,0,40,0,0
B10_D1,613,0,495,0,0
B6_D1,504,0,171,0,0
B10_D1,474,0,117,0,0
B6_D1,222,0,6,0,0
B10_D1,549,0,264,0,0
B6_D1,88,0,47,0,0
B10_D1,209,0,35,0,0
B6_D1,681,0,414,0,0
G1_D1,369,0,4,0,0
G1_D1,187,0,342,0,0
B10_D1,1023,0,142,0,0
B6_D1,717,0,385,0,0
B10_D1,144,0,5,0,0
B6_D1,432,0,42,0,0
B10_D1,312,0,271,0,0
B6_D1,979,0,427,0,0
B6_D1,514,0,327,0,0
G1_D1,791,0,242,0,0
B6_D1,862,0,310,0,0
B6_D1,454,0,275,0,0
B2_D1,394,0,485,0,0
B10_D1,856,0,200,0,0
B10_D1,334,0,125,0,0
B6_D1,879,0,444,0,0
B6_D1,201,0,154,0,0
G1_D1,107,0,300,0,0
B6_D1,1,0,470,0,0
B6_D1,726,0,191,0,0
B4_D1,7,0,171,0,0
B6_D1,906,0,437,0,0
B10_D1,40,0,13,0,0
B8_D1,75,0,144,0,0
B6_D1,431,0,379,0,0
B6_D1,190,0,140,0,0
B6_D1,64,0,486,0,0
B10_D1,700,0,161,0,0
G1_D1,23,0,198,0,0
B6_D1,590,0,37,0,0
B4_D1,796,0,214,0,0
B6_D1,835,0,60,0,0
B6_D1,539,0,283,0,0
B10_D1,946,0,76,0,0
B6_D1,678,0,30,0,0
B2_D1,359,0,51,0,0
B6_D1,556,0,391,0,0
B6_D1,563,0,312,0,0
B6_D1,578,0,7,0,0
G1_D1,143,0,201,0,0
B6_D1,470,0,346,0,0
B10_D1,281,0,414,0,0
G1_D1,195,0,44,0,0
B4_D1,931,0,108,0,0
B6_D1,834,0,59,0,0
B4_D1,622,0,232,0,0
B10_D1,283,0,254,0,0
G1_D1,946,0,3,0,0
B6_D1,780,0,36,0,0
B10_D1,554,0,64,0,0
B10_D1,395,0,123,0,0
B10_D1,273,0,173,0,0
B2_D1,713,0,0,0,0
G1_D1,947,0,326,0,0
B2_D1,240,0,67,0,0
G1_D1,716,0,11,0,0
G1_D1,415,0,270,0,0
B6_D1,868,0,32,0,0
B10_D1,1021,0,256,0,0
G1_D1,76,0,511,0,0
B2_D1,951,0,241,0,0
B6_D1,59,0,422,0,0
B6_D1,946,0,20,0,0
G1_D1,14,0,11,0,0
B6_D1,758,0,509,0,0
B2_D1,186,0,90,0,0
B10_D1,114,0,436,0,0
B2_D1,293,0,392,0,0
B6_D1,343,0,384,0,0
B10_D1,410,0,97,0,0
G1_D1,47,0,57,0,0
B4_D1,947,0,245,0,0
B6_D1,1008,0,9,0,0
G1_D1,539,0,232,0,0
B10_D1,110,0,167,0,0
B8_D1,127,0,80,0,0
G1_D1,134,0,287,0,0
B6_D1,676,0,370,0,0
B6_D1,776,0,19,0,0
B2_D1,838,0,13,0,0
B10_D1,744,0,354,0,0
B6_D1,39,0,169,0,0
G1_D1,790,0,390,0,0
B6_D1,896,0,272,0,0
B10_D1,508,0,159,0,0
B2_D1,868,0,48,0,0
B10_D1,40,0,91,0,0
G1_D1,352,0,287,0,0
B6_D1,856,0,210,0,0
G1_D1,105,0,501,0,0
G1_D1,854,0,127,0,0
B8_D1,53,0,243,0,0
B6_D1,636,0,3,0,0
B6_D1,973,0,429,0,0
B6_D1,209,0,380,0,0
B6_D1,614,0,34,0,0
B6_D1,982,0,432,0,0
B10_D1,215,0,305,0,0
G1_D1,876,0,207,0,0
B4_D1,861,0,102,0,0
B10_D1,620,0,257,0,0
B10_D1,723,0,87,0,0
B10_D1,659,0,271,0,0
B8_D1,286,0,184,0,0
B4_D1,507,0,55,0,0
B6_D1,342,0,325,0,0
B6_D1,444,0,502,0,0
B6_D1,632,0,280,0,0
G1_D1,142,0,198,0,0
B4_D1,431,0,188,0,0
B6_D1,502,0,26,0,0
G1_D1,124,0,31,0,0
B10_D1,683,0,324,0,0
B6_D1,88,0,97,0,0
B10_D1,604,0,503,0,0
G1_D1,255,0,4,0,0
B6_D1,332,0,97,0,0
B10_D1,414,0,70,0,0
B6_D1,782,0,488,0,0
B10_D1,51,0,197,0,0
B6_D1,129,0,169,0,0
B6_D1,13,0,213,0,0
B6_D1,1008,0,499,0,0
B6_D1,72,0,39,0,0
B6_D1,566,0,465,0,0
B6_D1,880,0,145,0,0
G1_D1,25,0,194,0,0
B6_D1,978,0,21,0,0
G1_D1,52,0,296,0,0
G1_D1,213,0,42,0,0
B6_D1,1009,0,329,0,0
B10_D1,483,0,468,0,0
B6_D1,796,0,156,0,0
B10_D1,883,0,358,0,0
B4_D1,152,0,5,0,0
B6_D1,698,0,345,0,0
B6_D1,458,0,315,0,0
G1_D1,149,0,274,0,0
B10_D1,205,0,289,0,0
B10_D1,362,0,275,0,0
B10_D1,26,0,126,0,0
B6_D1,929,0,97,0,0
B6_D1,853,0,156,0,0
B8_D1,489,0,202,0,0
B10_D1,93,0,170,0,0
B6_D1,18,0,334,0,0
B10_D1,328,0,170,0,0
B6_D1,517,0,403,0,0
B6_D1,915,0,99,0,0
G1_D1,308,0,403,0,0
G1_D1,429,0,480,0,0
B6_D1,112,0,108,0,0
B6_D1,809,0,202,0,0
B6_D1,800,0,332,0,0
G1_D1,450,0,127,0,0
G1_D1,154,0,499,0,0
B6_D1,737,0,479,0,0
G1_D1,205,0,262,0,0
B6_D1,110,0,4,0,0
B4_D1,105,0,39,0,0
B4_D1,169,0,3,0,0
B6_D1,62,0,509,0,0
B6_D1,777,0,459,0,0
B6_D1,188,0,383,0,0
B10_D1,25,0,228,0,0
B4_D1,797,0,111,0,0
B10_D1,409,0,243,0,0
B10_D1,513,0,8,0,0
B6_D1,542,0,503,0,0
B6_D1,95,0,481,0,0
B2_D1,699,0,104,0,0
G1_D1,236,0,24,0,0
B8_D1,661,0,306,0,0
B6_D1,615,0,343,0,0
B6_D1,922,0,8,0,0
B10_D1,157,0,230,0,0
B6_D1,64,0,32,0,0
B6_D1,79,0,326,0,0
B6_D1,334,0,498,0,0
B6_D1,617,0,171,0,0
B6_D1,58,0,2,0,0
B10_D1,146,0,205,0,0
B6_D1,563,0,342,0,0
B6_D1,712,0,106,0,0
G1_D1,866,0,123,0,0
B6_D1,980,0,303,0,0
B10_D1,309,0,198,0,0
G1_D1,21,0,196,0,0
G1_D1,222,0,127,0,0
B8_D1,1022,0,40,0,0
B10_D1,224,0,216,0,0
B10_D1,452,0,54,0,0
B10_D1,560,0,242,0,0
B10_D1,25,0,195,0,0
B6_D1,954,0,39,0,0
B10_D1,468,0,60,0,0
B4_D1,131,0,16,0,0
B4_D1,178,0,360,0,0
G1_D1,798,0,61,0,0
B10_D1,722,0,158,0,0
B6_D1,694,0,492,0,0
B2_D1,797,0,510,0,0
G1_D1,401,0,95,0,0
B6_D1,998,0,500,0,0
B10_D1,757,0,461,0,0
B10_D1,963,0,257,0,0
G1_D1,613,0,6,0,0
B8_D1,18,0,204,0,0
B10_D1,987,0,2,0,0
B4_D1,92,0,130,0,0
B10_D1,159,0,229,0,0
G1_D1,807,0,35,0,0
B4_D1,691,0,187,0,0
B2_D1,392,0,129,0,0
B6_D1,28,0,171,0,0
B10_D1,370,0,197,0,0
G1_D1,107,0,267,0,0
B4_D1,27,0,127,0,0
B4_D1,166,0,240,0,0
B6_D1,28,0,17,0,0
G1_D1,275,0,58,0,0
G1_D1,847,0,421,0,0
B8_D1,971,0,303,0,0
B10_D1,8,0,369,0,0
B10_D1,337,0,39,0,0
B10_D1,840,0,352,0,0
B10_D1,474,0,48,0,0
B2_D1,5,0,61,0,0
B10_D1,182,0,228,0,0
B2_D1,289,0,488,0,0
B10_D1,232,0,149,0,0
B8_D1,232,0,188,0,0
B6_D1,818,0,349,0,0
G1_D1,390,0,18,0,0
B6_D1,96,0,92,0,0
B10_D1,512,0,206,0,0
B6_D1,999,0,337,0,0
G1_D1,179,0,45,0,0
B10_D1,340,0,205,0,0
B6_D1,315,0,465,0,0
B6_D1,32,0,31,0,0
G1_D1,220,0,455,0,0
B6_D1,536,0,43,0,0
B6_D1,428,0,229,0,0
B10_D1,279,0,61,0,0
B10_D1,98,0,269,0,0
B4_D1,750,0,203,0,0
B6_D1,817,0,124,0,0
B6_D1,48,0,484,0,0
B10_D1,926,0,326,0,0
B6_D1,278,0,434,0,0
G1_D1,752,0,384,0,0
B10_D1,700,0,57,0,0
B6_D1,388,0,128,0,0
B6_D1,344,0,214,0,0
G1_D1,594,0,69,0,0
G1_D1,478,0,81,0,0
B10_D1,372,0,286,0,0
B10_D1,815,0,2,0,0
B4_D1,424,0,233,0,0
B10_D1,56,0,29,0,0
B6_D1,683,0,164,0,0
B10_D1,654,0,86,0,0
B6_D1,397,0,313,0,0
B6_D1,668,0,31,0,0
B10_D1,1001,0,304,0,0
B6_D1,239,0,131,0,0
B10_D1,282,0,438,0,0
B10_D1,886,0,264,0,0
B2_D1,838,0,57,0,0
B6_D1,227,0,311,0,0
B10_D1,354,0,412,0,0
B6_D1,12,0,94,0,0
G1_D1,89,0,202,0,0
G1_D1,50,0,32,0,0
G1_D1,347,0,402,0,0
B2_D1,720,0,50,0,0
B2_D1,184,0,60,0,0
B6_D1,976,0,504,0,0
B4_D1,750,0,242,0,0
B2_D1,124,0,95,0,0
B6_D1,604,0,501,0,0
B6_D1,426,0,490,0,0
B6_D1,57,0,301,0,0
B6_D1,214,0,501,0,0
B4_D1,270,0,313,0,0
G1_D1,341,0,144,0,0
G1_D1,874,0,467,0,0
B10_D1,538,0,326,0,0
B10_D1,288,0,335,0,0
B6_D1,778,0,347,0,0
B2_D1,1,0,123,0,0
B6_D1,33,0,165,0,0
B10_D1,384,0,228,0,0
G1_D1,533,0,187,0,0
B10_D1,471,0,262,0,0
B6_D1,498,0,451,0,1
B6_D1,102,0,39,0,0
B6_D1,996,0,3,0,0
B6_D1,718,0,436,0,0
G1_D1,1011,0,305,0,0
B6_D1,978,0,122,0,0
B6_D1,826,0,8,0,0
B2_D1,779,0,510,0,0
G1_D1,94,0,104,0,0
B6_D1,808,0,61,0,0
B4_D1,619,0,185,0,0
B10_D1,133,0,264,0,0
B6_D1,173,0,363,0,0
G1_D1,620,0,231,0,0
B4_D1,237,0,209,0,0
B2_D1,853,0,259,0,0
B10_D1,165,0,250,0,0
G1_D1,605,0,229,0,0
G1_D1,677,0,113,0,0
B6_D1,734,0,48,0,0
B6_D1,806,0,105,0,0
B6_D1,734,0,342,0,0
G1_D1,867,0,36,0,0
B6_D1,820,0,154,0,0
B6_D1,365,0,248,0,0
G1_D1,172,0,51,0,0
G1_D1,1004,0,253,0,0
B4_D1,982,0,158,0,0
B10_D1,373,0,193,0,0
G1_D1,169,0,386,0,0
G1_D1,401,0,228,0,0
G1_D1,57,0,456,0,0
B10_D1,222,0,5,0,0
B6_D1,456,0,27,0,0
B4_D1,146,0,148,0,0
B4_D1,730,0,267,0,0
B6_D1,881,0,139,0,0
B6_D1,594,0,15,0,0
G1_D1,948,0,260,0,0
B10_D1,587,0,281,0,0
B4_D1,259,0,18,0,0
B10_D1,737,0,27,0,0
B6_D1,122,0,163,0,0
B2_D1,519,0,509,0,0
B8_D1,86,0,275,0,0
B10_D1,207,0,229,0,0
B6_D1,204,0,30,0,0
G1_D1,563,0,207,0,0
G1_D1,7,0,505,0,0
B6_D1,44,0,13,0,0
B10_D1,181,0,152,0,0
B10_D1,334,0,181,0,0
B6_D1,745,0,108,0,0
G1_D1,308,0,24,0,0
B4_D1,569,0,183,0,0
B10_D1,1022,0,408,0,0
B2_D1,755,0,71,0,0
B10_D1,313,0,401,0,0
B6_D1,76,0,97,0,0
B10_D1,151,0,161,0,0
G1_D1,1012,0,166,0,0
B10_D1,693,0,56,0,0
B10_D1,531,0,289,0,0
B6_D1,514,0,149,0,0
B10_D1,271,0,212,0,0
B6_D1,864,0,112,0,0
B4_D1,65,0,169,0,0
B10_D1,591,0,339,0,0
B6_D1,166,0,498,0,0
B6_D1,43,0,267,0,0
G1_D1,339,0,17,0,0
B6_D1,106,0,133,0,0
B2_D1,810,0,280,0,0
B6_D1,920,0,273,0,0
B4_D1,311,0,183,0,0
G1_D1,35,0,83,0,0
B10_D1,759,0,269,0,0
B10_D1,117,0,67,0,0
B6_D1,526,0,327,0,0
G1_D1,913,0,312,0,0
B6_D1,141,0,137,0,0
B6_D1,76,0,483,0,0
B6_D1,612,0,165,0,0
B4_D1,116,0,20,0,0
B10_D1,203,0,106,0,0
G1_D1,830,0,1,0,0
B10_D1,684,0,14,0,0
B10_D1,444,0,5,0,0
B6_D1,824,0,157,0,0
B6_D1,278,0,332,0,0
G1_D1,432,0,20,0,0
G1_D1,995,0,62,0,0
B10_D1,547,0,315,0,0
B10_D1,536,0,316,0,0
B6_D1,216,0,433,0,0
B6_D1,508,0,486,0,0
B10_D1,494,0,52,0,0
B6_D1,102,0,188,0,0
B10_D1,279,0,256,0,0
B4_D1,365,0,201,0,0
B6_D1,563,0,263,0,0
B10_D1,410,0,19,0,0
B2_D1,664,0,473,0,0
B6_D1,813,0,213,0,0
B6_D1,290,0,19,0,0
B6_D1,204,0,102,0,0
B10_D1,852,0,321,0,0
B10_D1,324,0,38,0,0
B6_D1,570,0,434,0,0
B10_D1,44,0,269,0,0
B2_D1,504,0,510,0,0
G1_D1,659,0,28,0,0
B6_D1,960,0,39,0,0
B6_D1,620,0,348,0,0
G1_D1,993,0,143,0,0
B6_D1,569,0,467,0,0
G1_D1,673,0,174,0,0
B10_D1,377,0,408,0,0
B6_D1,484,0,278,0,0
G1_D1,185,0,234,0,0
B4_D1,71,0,6,0,0
B10_D1,726,0,473,0,0
B6_D1,942,0,418,0,0
G1_D1,959,0,384,0,0
G1_D1,804,0,90,0,0
B6_D1,420,0,21,0,0
B6_D1,517,0,161,0,0
B4_D1,705,0,191,0,0
B6_D1,754,0,2,0,0
G1_D1,282,0,268,0,0
B6_D1,588,0,171,0,0
B10_D1,614,0,240,0,0
B2_D1,416,0,33,0,0
B10_D1,623,0,363,0,0
G1_D1,845,0,75,0,0
B8_D1,630,0,238,0,0
B6_D1,992,0,7,0,0
B10_D1,147,0,59,0,0
B10_D1,431,0,408,0,0
B6_D1,852,0,346,0,0
G1_D1,137,0,376,0,0
B6_D1,154,0,35,0,0
B10_D1,791,0,492,0,0
B10_D1,691,0,32,0,0
B6_D1,934,0,32,0,0
B6_D1,460,0,275,0,0
B2_D1,584,0,160,0,0
B6_D1,530,0,497,0,0
B10_D1,185,0,108,0,0
G1_D1,646,0,135,0,0
G1_D1,510,0,283,0,0
B6_D1,124,0,83,0,0
B4_D1,907,0,76,0,0
B8_D1,1008,0,299,0,0
G1_D1,220,0,511,0,0
B6_D1,982,0,32,0,0
B10_D1,114,0,494,0,0
B6_D1,24,0,0,0,0
B6_D1,16,0,427,0,0
B6_D1,708,0,508,0,0
B10_D1,288,0,410,0,0
B6_D1,169,0,62,0,0
B6_D1,352,0,2,0,0
B2_D1,753,0,78,0,0
G1_D1,991,0,59,0,0
B10_D1,1009,0,82,0,0
B6_D1,76,0,38,0,0
B6_D1,966,0,301,0,0
G1_D1,33,0,245,0,0
B6_D1,602,0,28,0,0
B10_D1,181,0,419,0,0
B10_D1,385,0,189,0,0
G1_D1,8,0,379,0,0
G1_D1,804,0,7,0,0
B10_D1,652,0,153,0,0
G1_D1,796,0,301,0,0
B10_D1,617,0,485,0,0
B6_D1,394,0,5,0,0
G1_D1,567,0,285,0,0
B10_D1,906,0,86,0,0
B2_D1,630,0,24,0,0
B6_D1,849,0,142,0,0
B6_D1,220,0,38,0,0
B10_D1,769,0,484,0,0
B10_D1,886,0,60,0,0
B10_D1,339,0,97,0,0
B10_D1,1023,0,349,0,0
B4_D1,624,0,348,0,0
B6_D1,497,0,407,0,0
G1_D1,39,0,196,0,0
B6_D1,668,0,48,0,0
B6_D1,316,0,495,0,0
G1_D1,167,0,504,0,0
B6_D1,29,0,477,0,0
B10_D1,823,0,270,0,0
B4_D1,621,0,164,0,0
B10_D1,746,0,457,0,0
B6_D1,292,0,163,0,0
B10_D1,241,0,315,0,0
B6_D1,28,0,256,0,0
B6_D1,898,0,308,0,0
B6_D1,382,0,11,0,0
G1_D1,814,0,78,0,0
B10_D1,277,0,422,0,0
B6_D1,546,0,437,0,0
B6_D1,602,0,391,0,0
B4_D1,591,0,374,0,0
B6_D1,386,0,48,0,0
B10_D1,533,0,102,0,0
G1_D1,920,0,244,0,0
G1_D1,128,0,375,0,0
B10_D1,427,0,504,0,0
B6_D1,836,0,500,0,0
B4_D1,899,0,110,0,0
B6_D1,674,0,43,0,0
B6_D1,964,0,41,0,0
B6_D1,744,0,103,0,0
G1_D1,917,0,14,0,0
B6_D1,356,0,220,0,0
B6_D1,76,0,180,0,0
B2_D1,682,0,434,0,0
G1_D1,101,0,99,0,0
B4_D1,156,0,144,0,0
G1_D1,739,0,6,0,0
B10_D1,791,0,0,0,0
B10_D1,928,0,334,0,0
B10_D1,257,0,134,0,0
B10_D1,155,0,221,0,0
B6_D1,314,0,215,0,0
G1_D1,144,0,22,0,0
B6_D1,682,0,489,0,0
B10_D1,286,0,4,0,0
G1_D1,937,0,65,0,0
B10_D1,691,0,49,0,0
B10_D1,109,0,227,0,0
B10_D1,692,0,249,0,0
B6_D1,106,0,247,0,0
B2_D1,709,0,141,0,0
B6_D1,656,0,40,0,0
B6_D1,966,0,369,0,0
B10_D1,8,0,255,0,0
G1_D1,776,0,255,0,0
B10_D1,342,0,195,0,0
B2_D1,856,0,7,0,0
B10_D1,77,0,201,0,0
B6_D1,467,0,407,0,0
B6_D1,1020,0,15,0,0
B8_D1,110,0,331,0,0
B10_D1,145,0,319,0,0
B6_D1,236,0,31,0,0
G1_D1,571,0,12,0,0
B6_D1,152,0,426,0,0
B10_D1,418,0,313,0,0
B10_D1,430,0,4,0,0
B2_D1,180,0,96,0,0
B8_D1,236,0,336,0,0
B10_D1,382,0,120,0,0
B8_D1,123,0,213,0,0
B6_D1,720,0,157,0,0
B6_D1,912,0,224,0,0
B10_D1,413,0,282,0,0
B10_D1,819,0,245,0,0
G1_D1,707,0,464,0,0
B10_D1,815,0,325,0,0
B10_D1,478,0,475,0,0
B10_D1,906,0,310,0,0
B6_D1,839,0,51,0,0
B6_D1,287,0,380,0,0
B6_D1,162,0,18,0,0
B10_D1,193,0,126,0,0
B6_D1,445,0,352,0,0
B6_D1,390,0,30,0,0
B10_D1,508,0,170,0,0
B10_D1,679,0,58,0,0
B10_D1,105,0,124,0,0
B6_D1,802,0,331,0,0
G1_D1,238,0,3,0,0
B6_D1,287,0,50,0,0
B6_D1,828,0,42,0,0
B10_D1,157,0,335,0,0
G1_D1,27,0,327,0,0
G1_D1,513,0,480,0,0
G1_D1,396,0,479,0,0
G1_D1,837,0,215,0,0
B6_D1,722,0,485,0,0
B10_D1,382,0,311,0,0
B6_D1,1023,0,432,0,0
B10_D1,546,0,86,0,0
G1_D1,117,0,95,0,0
B10_D1,209,0,274,0,0
B6_D1,980,0,144,0,0
B2_D1,933,0,114,0,0
B10_D1,284,0,247,0,0
G1_D1,449,0,45,0,0
G1_D1,979,0,278,0,0
B6_D1,347,0,481,0,0
G1_D1,59,0,50,0,0
G1_D1,714,0,13,0,0
B6_D1,672,0,185,0,0
B10_D1,89,0,140,0,0
B6_D1,527,0,164,0,0
B10_D1,34,0,4,0,0
G1_D1,340,0,31,0,0
B10_D1,280,0,290,0,0
B10_D1,935,0,360,0,0
B6_D1,392,0,22,0,0
B10_D1,344,0,99,0,0
B10_D1,700,0,118,0,0
B10_D1,775,0,93,0,0
G1_D1,40,0,162,0,0
B6_D1,600,0,333,0,0
G1_D1,371,0,411,0,0
G1_D1,352,0,364,0,0
B6_D1,832,0,365,0,0
G1_D1,747,0,289,0,0
B6_D1,148,0,32,0,0
B10_D1,498,0,128,0,0
B10_D1,143,0,210,0,0
G1_D1,726,0,13,0,0
B2_D1,305,0,56,0,0
B6_D1,746,0,13,0,0
B4_D1,832,0,77,0,0
B10_D1,724,0,250,0,0
B2_D1,351,0,15,0,0
G1_D1,941,0,264,0,0
B10_D1,268,0,62,0,0
B2_D1,169,0,305,0,0
B6_D1,218,0,110,0,0
B6_D1,982,0,498,0,0
B10_D1,749,0,259,0,0
B6_D1,878,0,156,0,0
B10_D1,797,0,26,0,0
B6_D1,420,0,189,0,0
B4_D1,510,0,88,0,0
B6_D1,568,0,41,0,0
B6_D1,910,0,344,0,0
G1_D1,25,0,74,0,0
B6_D1,962,0,117,0,0
B6_D1,1022,0,135,0,0
G1_D1,1012,0,93,0,0
B6_D1,156,0,226,0,0
B10_D1,34,0,291,0,0
G1_D1,385,0,241,0,0
B10_D1,593,0,45,0,0
B6_D1,228,0,132,0,0
B10_D1,601,0,348,0,0
B6_D1,835,0,439,0,0
B10_D1,865,0,228,0,0
B6_D1,744,0,36,0,0
G1_D1,272,0,1,0,0
B6_D1,64,0,97,0,0
B2_D1,402,0,210,0,0
G1_D1,1022,0,102,0,0
B6_D1,59,0,410,0,0
B10_D1,371,0,499,0,0
B10_D1,747,0,256,0,0
B4_D1,606,0,150,0,0
B6_D1,768,0,3,0,0
B2_D1,912,0,511,0,0
B6_D1,585,0,180,0,0
G1_D1,564,0,21,0,0
B10_D1,704,0,434,0,0
G1_D1,47,0,302,0,0
B6_D1,82,0,2,0,0
B6_D1,254,0,421,0,0
B6_D1,99,0,162,0,0
B6_D1,24,0,458,0,0
B6_D1,260,0,19,0,0
B10_D1,589,0,309,0,0
B2_D1,150,0,268,0,0
B6_D1,552,0,268,0,0
B10_D1,668,0,311,0,0
B2_D1,954,0,511,0,0
B6_D1,301,0,171,0,0
G1_D1,643,0,12,0,0
B10_D1,106,0,447,0,0
G1_D1,809,0,454,0,0
B10_D1,876,0,32,0,0
B4_D1,776,0,61,0,0
B6_D1,669,0,387,0,0
B6_D1,517,0,396,0,0
B10_D1,296,0,72,0,0
B10_D1,394,0,168,0,0
B6_D1,513,0,147,0,0
B10_D1,196,0,242,0,0
B10_D1,924,0,5,0,0
B10_D1,696,0,5,0,0
B10_D1,745,0,37,0,0
G1_D1,495,0,68,0,0
B6_D1,57,0,121,0,0
G1_D1,268,0,255,0,0
G1_D1,300,0,184,0,0
G1_D1,338,0,59,0,0
B10_D1,595,0,137,0,0
B6_D1,934,0,507,0,0
B6_D1,964,0,38,0,0
B10_D1,521,0,163,0,0
B4_D1,250,0,215,0,0
G1_D1,555,0,200,0,0
B4_D1,331,0,16,0,0
B4_D1,779,0,252,0,0
B6_D1,500,0,34,0,0
B10_D1,231,0,317,0,0
B2_D1,130,0,112,0,0
G1_D1,234,0,273,0,0
B4_D1,762,0,241,0,0
B8_D1,726,0,311,0,0
B10_D1,199,0,7,0,0
B6_D1,242,0,125,0,0
B2_D1,440,0,374,0,0
B6_D1,740,0,293,0,0
B6_D1,1010,0,1,0,0
G1_D1,161,0,169,0,0
B10_D1,836,0,383,0,0
B6_D1,556,0,119,0,0
B10_D1,278,0,322,0,0
B10_D1,128,0,276,0,0
B10_D1,806,0,91,0,0
G1_D1,581,0,14,0,0
B6_D1,19,0,90,0,0
G1_D1,756,0,53,0,0
B6_D1,828,0,36,0,0
B4_D1,422,0,381,0,0
B4_D1,634,0,297,0,0
B2_D1,119,0,30,0,0
G1_D1,726,0,0,0,0
B10_D1,595,0,217,0,0
G1_D1,1016,0,392,0,0
B6_D1,856,0,214,0,0
B10_D1,358,0,505,0,0
B10_D1,383,0,411,0,0
B6_D1,58,0,41,0,0
B6_D1,846,0,0,0,0
G1_D1,228,0,368,0,0
B10_D1,149,0,210,0,0
G1_D1,1004,0,189,0,0
B6_D1,370,0,17,0,0
B6_D1,660,0,27,0,0
G1_D1,226,0,233,0,0
B6_D1,872,0,19,0,0
B2_D1,513,0,39,0,0
B10_D1,793,0,99,0,0
B6_D1,124,0,5,0,0
B6_D1,316,0,219,0,0
B6_D1,708,0,248,0,0
B2_D1,564,0,511,0,0
G1_D1,522,0,108,0,0
B10_D1,263,0,138,0,0
B6_D1,603,0,421,0,0
G1_D1,281,0,267,0,0
B10_D1,573,0,312,0,0
B10_D1,272,0,30,0,0
B6_D1,359,0,349,0,0
B6_D1,6,0,165,0,0
G1_D1,901,0,6,0,0
B6_D1,802,0,201,0,0
B10_D1,487,0,306,0,0
B6_D1,142,0,125,0,0
B6_D1,863,0,199,0,0
B4_D1,575,0,183,0,0
B10_D1,678,0,5,0,0
B6_D1,7,0,448,0,0
B6_D1,801,0,95,0,0
G1_D1,385,0,6,0,0
B6_D1,191,0,479,0,0
G1_D1,666,0,153,0,0
B6_D1,919,0,239,0,0
B10_D1,684,0,5,0,0
B6_D1,929,0,436,0,0
B6_D1,616,0,26,0,0
B4_D1,787,0,62,0,0
G1_D1,753,0,10,0,0
B10_D1,425,0,133,0,0
B10_D1,761,0,248,0,0
B10_D1,896,0,92,0,0
B10_D1,514,0,122,0,0
G1_D1,998,0,371,0,0
B10_D1,150,0,52,0,0
B6_D1,128,0,482,0,0
G1_D1,220,0,149,0,0
B10_D1,8,0,105,0,0
B10_D1,396,0,233,0,0
B6_D1,704,0,494,0,0
B4_D1,756,0,155,0,0
B10_D1,999,0,305,0,0
B10_D1,111,0,170,0,0
B6_D1,796,0,271,0,0
B10_D1,579,0,330,0,0
B10_D1,366,0,507,0,0
B10_D1,438,0,223,0,0
B6_D1,494,0,482,0,0
B10_D1,256,0,266,0,0
B10_D1,267,0,45,0,0
B2_D1,547,0,0,0,0
B10_D1,652,0,386,0,0
B4_D1,940,0,285,0,0
G1_D1,19,0,132,0,0
B6_D1,532,0,44,0,0
B4_D1,879,0,236,0,0
G1_D1,595,0,237,0,0
G1_D1,815,0,39,0,0
B10_D1,466,0,159,0,0
B10_D1,967,0,469,0,0
G1_D1,710,0,22,0,0
B6_D1,598,0,38,0,0
B6_D1,607,0,306,0,0
G1_D1,642,0,175,0,0
B6_D1,521,0,443,0,1
B6_D1,1010,0,418,0,0
G1_D1,67,0,19,0,0
B10_D1,316,0,122,0,0
B2_D1,338,0,387,0,0
B6_D1,45,0,64,0,0
G1_D1,19,0,38,0,0
B2_D1,137,0,126,0,0
B6_D1,500,0,40,0,0
G1_D1,315,0,17,0,0
B6_D1,521,0,160,0,0
B6_D1,904,0,38,0,0
B6_D1,880,0,93,0,0
B6_D1,452,0,13,0,0
B6_D1,276,0,335,0,0
B10_D1,340,0,170,0,0
G1_D1,777,0,389,0,0
G1_D1,867,0,496,0,0
B10_D1,155,0,328,0,0
B10_D1,827,0,213,0,0
B6_D1,270,0,334,0,0
B6_D1,6,0,318,0,0
B10_D1,381,0,119,0,0
G1_D1,299,0,267,0,0
B10_D1,36,0,130,0,0
B10_D1,149,0,38,0,0
B6_D1,896,0,500,0,0
B6_D1,180,0,117,0,0
G1_D1,336,0,234,0,0
G1_D1,763,0,106,0,0
B10_D1,283,0,21,0,0
B10_D1,811,0,379,0,0
B10_D1,942,0,364,0,0
B10_D1,120,0,496,0,0
B4_D1,609,0,47,0,0
B10_D1,935,0,73,0,0
B10_D1,440,0,75,0,0
B6_D1,737,0,56,0,0
B6_D1,770,0,19,0,0
B10_D1,760,0,77,0,0
B10_D1,836,0,272,0,0
B6_D1,24,0,216,0,0
B10_D1,603,0,342,0,0
B6_D1,1000,0,144,0,0
B10_D1,12,0,392,0,0
B6_D1,776,0,89,0,0
B6_D1,600,0,82,0,0
B10_D1,305,0,85,0,0
B10_D1,121,0,344,0,0
B6_D1,852,0,144,0,0
B2_D1,612,0,465,0,0
B2_D1,493,0,38,0,0
B6_D1,556,0,282,0,0
B2_D1,752,0,224,0,0
B6_D1,545,0,269,0,0
B6_D1,224,0,497,0,0
G1_D1,851,0,35,0,0
G1_D1,497,0,2,0,0
B6_D1,204,0,42,0,0
B10_D1,4,0,395,0,0
B10_D1,330,0,82,0,0
B6_D1,897,0,143,0,0
G1_D1,970,0,66,0,0
G1_D1,878,0,226,0,0
B8_D1,364,0,289,0,0
B10_D1,285,0,256,0,0
B6_D1,208,0,478,0,0
B4_D1,944,0,34,0,0
G1_D1,219,0,134,0,0
G1_D1,1022,0,50,0,0
B6_D1,196,0,495,0,0
B4_D1,11,0,393,0,0
B6_D1,1016,0,491,0,0
B8_D1,252,0,332,0,0
B6_D1,85,0,201,0,0
B6_D1,304,0,11,0,0
B10_D1,390,0,129,0,0
B10_D1,54,0,259,0,0
B6_D1,910,0,23,0,0
B2_D1,743,0,11,0,0
B6_D1,400,0,483,0,0
B2_D1,583,0,286,0,0
B6_D1,115,0,135,0,0
B6_D1,238,0,35,0,0
G1_D1,733,0,284,0,0
G1_D1,204,0,345,0,0
B10_D1,823,0,87,0,0
B6_D1,192,0,487,0,0
B6_D1,802,0,390,0,0
B6_D1,147,0,320,0,0
B4_D1,305,0,152,0,0
B6_D1,852,0,511,0,0
B6_D1,120,0,508,0,0
G1_D1,195,0,453,0,0
B10_D1,712,0,252,0,0
B6_D1,268,0,171,0,0
B4_D1,62,0,278,0,0
B2_D1,761,0,467,0,0
B2_D1,801,0,83,0,0
B2_D1,364,0,385,0,0
B10_D1,626,0,208,0,0
B10_D1,62,0,400,0,0
B6_D1,12,0,12,0,0
B10_D1,669,0,487,0,0
G1_D1,724,0,458,0,0
B10_D1,214,0,285,0,0
B6_D1,188,0,25,0,0
B4_D1,582,0,215,0,0
B6_D1,520,0,49,0,0
B6_D1,558,0,502,0,0
B10_D1,473,0,272,0,0
B6_D1,901,0,304,0,0
B6_D1,168,0,39,0,0
B10_D1,441,0,278,0,0
G1_D1,70,0,98,0,0
B10_D1,427,0,388,0,0
B10_D1,442,0,205,0,0
G1_D1,749,0,2,0,0
B10_D1,490,0,180,0,0
B10_D1,363,0,66,0,0
B10_D1,459,0,239,0,0
B10_D1,745,0,35,0,0
B10_D1,53,0,18,0,0
B6_D1,301,0,381,0,0
B6_D1,906,0,160,0,0
B6_D1,401,0,363,0,0
B10_D1,456,0,164,0,0
B6_D1,456,0,135,0,0
G1_D1,573,0,108,0,0
B6_D1,336,0,169,0,0
B4_D1,403,0,407,0,0
B4_D1,1023,0,85,0,0
B10_D1,480,0,57,0,0
B6_D1,950,0,497,0,0
B6_D1,840,0,21,0,0
B6_D1,618,0,50,0,0
B4_D1,833,0,13,0,0
B4_D1,6,0,217,0,0
G1_D1,519,0,59,0,0
B2_D1,492,0,483,0,0
B10_D1,522,0,255,0,0
B4_D1,220,0,43,0,0
B4_D1,1019,0,150,0,0
G1_D1,164,0,24,0,0
G1_D1,920,0,491,0,0
G1_D1,518,0,11,0,0
B6_D1,757,0,150,0,0
B10_D1,31,0,179,0,0
B10_D1,938,0,218,0,0
B10_D1,600,0,355,0,0
B6_D1,412,0,11,0,0
B8_D1,128,0,129,0,0
B10_D1,179,0,510,0,0
B10_D1,711,0,7,0,0
B6_D1,682,0,2,0,0
G1_D1,984,0,154,0,0
B4_D1,27,0,39,0,0
G1_D1,575,0,36,0,0
B6_D1,309,0,73,0,0
B2_D1,985,0,84,0,0
B6_D1,304,0,41,0,0
G1_D1,24,0,23,0,0
B6_D1,374,0,497,0,0
B10_D1,839,0,446,0,0
B6_D1,210,0,135,0,0
B6_D1,1008,0,429,0,0
G1_D1,542,0,29,0,0
B6_D1,402,0,15,0,0
B2_D1,911,0,264,0,0
B4_D1,701,0,14,0,0
B10_D1,299,0,187,0,0
B6_D1,623,0,420,0,0
B6_D1,462,0,353,0,0
B10_D1,900,0,83,0,0
G1_D1,950,0,257,0,0
B6_D1,647,0,216,0,0
B6_D1,210,0,499,0,0
B6_D1,875,0,388,0,0
G1_D1,20,0,115,0,0
B10_D1,372,0,158,0,0
B6_D1,577,0,405,0,0
G1_D1,1020,0,212,0,0
G1_D1,533,0,28,0,0
B6_D1,292,0,428,0,0
B10_D1,593,0,210,0,0
G1_D1,338,0,481,0,0
B6_D1,184,0,507,0,0
B8_D1,972,0,1,0,0
B10_D1,64,0,295,0,0
B6_D1,62,0,494,0,0
G1_D1,699,0,270,0,0
B6_D1,430,0,189,0,0
B6_D1,148,0,168,0,0
B6_D1,38,0,43,0,0
G1_D1,215,0,2,0,0
G1_D1,699,0,361,0,0
G1_D1,732,0,42,0,0
B6_D1,348,0,428,0,0
B6_D1,1004,0,28,0,0
B6_D1,913,0,138,0,0
G1_D1,759,0,258,0,0
B6_D1,198,0,434,0,0
G1_D1,669,0,300,0,0
B6_D1,602,0,4,0,0
B6_D1,696,0,191,0,0
B10_D1,588,0,5,0,0
B10_D1,320,0,9,0,0
B2_D1,311,0,389,0,0
G1_D1,796,0,390,0,0
B6_D1,1002,0,499,0,0
B10_D1,606,0,67,0,0
B6_D1,851,0,199,0,0
B6_D1,669,0,378,0,0
B4_D1,762,0,87,0,0
B6_D1,956,0,465,0,0
B6_D1,160,0,23,0,0
B6_D1,500,0,497,0,0
G1_D1,668,0,49,0,0
B10_D1,675,0,50,0,0
B10_D1,36,0,41,0,0
B10_D1,504,0,171,0,0
B10_D1,821,0,429,0,0
B6_D1,225,0,177,0,0
B6_D1,730,0,285,0,0
G1_D1,405,0,112,0,0
B6_D1,276,0,502,0,0
G1_D1,14,0,99,0,0
B4_D1,665,0,317,0,0
B6_D1,498,0,21,0,0
B10_D1,598,0,186,0,0
B6_D1,761,0,446,0,0
G1_D1,609,0,246,0,0
B6_D1,921,0,274,0,0
B6_D1,895,0,431,0,0
B10_D1,767,0,94,0,0
G1_D1,570,0,40,0,0
B6_D1,369,0,351,0,0
G1_D1,10,0,189,0,0
B6_D1,160,0,486,0,0
G1_D1,994,0,93,0,0
B10_D1,945,0,53,0,0
G1_D1,190,0,39,0,0
G1_D1,1000,0,98,0,0
G1_D1,1014,0,173,0,0
B6_D1,320,0,7,0,0
B6_D1,101,0,306,0,0
G1_D1,307,0,54,0,0
B10_D1,789,0,293,0,0
G1_D1,1020,0,277,0,0
B8_D1,1022,0,446,0,0
B6_D1,125,0,86,0,0
B6_D1,953,0,183,0,0
G1_D1,894,0,293,0,0
B8_D1,147,0,121,0,0
B10_D1,312,0,115,0,0
B6_D1,247,0,149,0,0
B6_D1,344,0,25,0,0
B6_D1,362,0,488,0,0
G1_D1,7,0,288,0,0
B10_D1,839,0,102,0,0
B10_D1,164,0,287,0,0
B6_D1,772,0,5,0,0
B6_D1,657,0,188,0,0
B4_D1,97,0,132,0,0
B6_D1,1016,0,7,0,0
B10_D1,154,0,443,0,0
B6_D1,596,0,13,0,0
B10_D1,289,0,412,0,0
B10_D1,355,0,243,0,0
B4_D1,172,0,360,0,0
G1_D1,836,0,48,0,0
B6_D1,73,0,358,0,0
B10_D1,388,0,172,0,0
B6_D1,119,0,131,0,0
B4_D1,296,0,310,0,0
G1_D1,477,0,66,0,0
G1_D1,72,0,134,0,0
B10_D1,381,0,477,0,0
G1_D1,351,0,113,0,0
B6_D1,929,0,257,0,0
B10_D1,890,0,22,0,0
B10_D1,469,0,309,0,0
B6_D1,100,0,492,0,0
G1_D1,288,0,260,0,0
B6_D1,619,0,424,0,0
G1_D1,1014,0,135,0,0
B6_D1,555,0,481,0,0
G1_D1,29,0,79,0,0
B2_D1,476,0,167,0,0
B6_D1,722,0,81,0,0
B10_D1,464,0,124,0,0
B6_D1,939,0,432,0,0
B6_D1,29,0,162,0,0
B4_D1,6,0,388,0,0
B10_D1,122,0,59,0,0
B2_D1,563,0,101,0,0
B4_D1,8,0,235,0,0
B10_D1,285,0,302,0,0
G1_D1,154,0,320,0,0
B6_D1,696,0,415,0,0
B10_D1,402,0,140,0,0
B2_D1,881,0,218,0,0
B10_D1,942,0,84,0,0
B6_D1,386,0,482,0,0
B6_D1,894,0,502,0,0
B10_D1,385,0,287,0,0
B6_D1,76,0,441,0,0
G1_D1,854,0,11,0,0
B10_D1,582,0,32,0,0
B6_D1,659,0,196,0,0
G1_D1,285,0,179,0,0
B6_D1,756,0,272,0,0
B10_D1,534,0,410,0,0
B10_D1,355,0,111,0,0
G1_D1,655,0,101,0,0
B6_D1,641,0,384,0,0
B10_D1,321,0,21,0,0
B10_D1,103,0,306,0,0
B10_D1,860,0,375,0,0
B10_D1,565,0,120,0,0
G1_D1,468,0,18,0,0
B6_D1,424,0,44,0,0
G1_D1,57,0,200,0,0
G1_D1,34,0,189,0,0
B2_D1,198,0,218,0,0
B6_D1,1013,0,316,0,0
B10_D1,967,0,35,0,0
B6_D1,125,0,223,0,0
B6_D1,220,0,66,0,0
B6_D1,721,0,435,0,0
B4_D1,769,0,16,0,0
B10_D1,66,0,176,0,0
G1_D1,269,0,180,0,0
B2_D1,946,0,151,0,0
B6_D1,16,0,44,0,0
B4_D1,820,0,243,0,0
B6_D1,958,0,199,0,0
B10_D1,377,0,170,0,0
B10_D1,978,0,99,0,0
B6_D1,839,0,70,0,0
B10_D1,460,0,474,0,0
G1_D1,254,0,164,0,0
B10_D1,133,0,7,0,0
B10_D1,617,0,282,0,0
B6_D1,232,0,495,0,0
B6_D1,450,0,27,0,0
B2_D1,423,0,42,0,0
B10_D1,425,0,72,0,0
B6_D1,89,0,461,0,0
G1_D1,947,0,275,0,0
B6_D1,932,0,4,0,0
B6_D1,100,0,44,0,0
B6_D1,3,0,354,0,0
B6_D1,730,0,313,0,0
B10_D1,134,0,349,0,0
B6_D1,414,0,362,0,0
B6_D1,293,0,319,0,0
B6_D1,342,0,399,0,0
B10_D1,662,0,311,0,0
B10_D1,840,0,93,0,0
G1_D1,66,0,7,0,0
B6_D1,28,0,478,0,0
B8_D1,3,0,312,0,0
B6_D1,221,0,118,0,0
B10_D1,227,0,452,0,0
B10_D1,242,0,27,0,0
B6_D1,21,0,68,0,0
B4_D1,1022,0,262,0,0
B6_D1,475,0,456,0,0
B6_D1,21,0,330,0,0
B4_D1,867,0,26,0,0
G1_D1,64,0,100,0,0
B6_D1,106,0,32,0,0
B10_D1,938,0,342,0,0
B10_D1,291,0,255,0,0
B10_D1,734,0,79,0,0
B6_D1,16,0,483,0,0
B10_D1,381,0,30,0,0
G1_D1,4,0,482,0,0
G1_D1,720,0,434,0,0
B4_D1,922,0,69,0,0
B6_D1,288,0,169,0,0
B6_D1,385,0,74,0,0
B4_D1,661,0,237,0,0
B6_D1,326,0,491,0,0
B10_D1,333,0,289,0,0
B6_D1,6,0,94,0,0
B6_D1,333,0,95,0,0
B6_D1,166,0,507,0,0
G1_D1,1019,0,124,0,0
B6_D1,1019,0,218,0,0
B10_D1,340,0,41,0,0
B10_D1,976,0,61,0,0
B10_D1,381,0,509,0,0
B2_D1,710,0,35,0,0
B6_D1,962,0,4,0,0
B6_D1,144,0,3,0,0
B10_D1,48,0,44,0,0
B6_D1,535,0,229,0,0
B10_D1,66,0,320,0,0
G1_D1,791,0,15,0,0
B10_D1,45,0,69,0,0
G1_D1,334,0,269,0,0
B6_D1,830,0,333,0,0
B4_D1,723,0,33,0,0
B6_D1,810,0,484,0,0
B10_D1,404,0,273,0,0
B6_D1,450,0,12,0,0
B2_D1,8,0,511,0,0
B10_D1,384,0,64,0,0
B4_D1,121,0,91,0,0
G1_D1,403,0,19,0,0
B6_D1,192,0,511,0,0
B10_D1,503,0,473,0,0
B10_D1,53,0,12,0,0
B10_D1,489,0,302,0,0
B6_D1,968,0,48,0,0
B6_D1,870,0,323,0,0
B10_D1,151,0,93,0,0
B10_D1,696,0,198,0,0
B8_D1,276,0,326,0,0
B2_D1,632,0,60,0,0
B10_D1,680,0,444,0,0
B6_D1,153,0,365,0,0
B6_D1,836,0,31,0,0
B6_D1,822,0,258,0,0
B4_D1,234,0,54,0,0
G1_D1,102,0,13,0,0
B6_D1,1010,0,80,0,0
B10_D1,16,0,253,0,0
B6_D1,243,0,382,0,0
B10_D1,209,0,79,0,0
B6_D1,821,0,202,0,0
B2_D1,438,0,111,0,0
G1_D1,506,0,119,0,0
B4_D1,754,0,22,0,0
B6_D1,701,0,456,0,0
B6_D1,600,0,505,0,0
G1_D1,138,0,455,0,0
B6_D1,389,0,50,0,0
G1_D1,922,0,436,0,0
B6_D1,650,0,386,0,0
B4_D1,604,0,214,0,0
B6_D1,883,0,443,0,0
B10_D1,283,0,34,0,0
B10_D1,3,0,42,0,0
G1_D1,998,0,225,0,0
B6_D1,635,0,289,0,0
G1_D1,701,0,381,0,0
B6_D1,516,0,15,0,0
G1_D1,846,0,170,0,0
B2_D1,639,0,147,0,0
G1_D1,16,0,174,0,0
G1_D1,87,0,201,0,0
G1_D1,650,0,27,0,0
B4_D1,593,0,299,0,0
B10_D1,86,0,269,0,0
B6_D1,459,0,417,0,0
B10_D1,214,0,310,0,0
B10_D1,203,0,161,0,0
G1_D1,282,0,42,0,0
B6_D1,472,0,229,0,0
B10_D1,149,0,289,0,0
B6_D1,569,0,342,0,0
B10_D1,91,0,190,0,0
B10_D1,785,0,81,0,0
G1_D1,200,0,494,0,0
B10_D1,966,0,43,0,0
B6_D1,119,0,254,0,0
B4_D1,937,0,292,0,0
B10_D1,689,0,271,0,0
B10_D1,533,0,314,0,0
B6_D1,892,0,106,0,0
B6_D1,540,0,487,0,0
B2_D1,833,0,25,0,0
B6_D1,769,0,368,0,0
G1_D1,626,0,236,0,0
B10_D1,37,0,122,0,0
B2_D1,774,0,302,0,0
G1_D1,432,0,127,0,0
B10_D1,781,0,379,0,0
G1_D1,90,0,268,0,0
B6_D1,649,0,272,0,0
G1_D1,384,0,285,0,0
B6_D1,548,0,34,0,0
B10_D1,927,0,444,0,0
B6_D1,15,0,89,0,0
B4_D1,1,0,18,0,0
B6_D1,817,0,361,0,0
B6_D1,528,0,163,0,0
B6_D1,326,0,152,0,0
B6_D1,701,0,455,0,0
B6_D1,882,0,499,0,0
G1_D1,702,0,128,0,0
G1_D1,174,0,70,0,0
B4_D1,944,0,77,0,0
B6_D1,827,0,391,0,0
G1_D1,1007,0,126,0,0
B6_D1,529,0,184,0,0
B6_D1,464,0,19,0,0
B10_D1,359,0,276,0,0
G1_D1,277,0,88,0,0
B2_D1,893,0,392,0,0
G1_D1,482,0,484,0,0
B6_D1,560,0,59,0,0
B2_D1,847,0,180,0,0
B6_D1,736,0,411,0,0
B10_D1,658,0,385,0,0
B6_D1,299,0,394,0,0
B10_D1,113,0,267,0,0
G1_D1,61,0,267,0,0
B6_D1,953,0,306,0,0
G1_D1,694,0,3,0,0
B6_D1,985,0,446,0,0
G1_D1,30,0,218,0,0
G1_D1,205,0,71,0,0
B6_D1,290,0,79,0,0
B2_D1,396,0,486,0,0
G1_D1,935,0,261,0,0
B6_D1,925,0,328,0,0
B6_D1,795,0,423,0,0
B10_D1,124,0,172,0,0
B6_D1,387,0,129,0,0
G1_D1,21,0,231,0,0
B6_D1,617,0,164,0,0
B4_D1,252,0,218,0,0
B10_D1,6,0,272,0,0
B6_D1,706,0,107,0,0
B4_D1,458,0,243,0,0
B8_D1,988,0,300,0,0
B10_D1,728,0,470,0,0
B6_D1,642,0,331,0,0
B6_D1,900,0,18,0,0
B10_D1,858,0,204,0,0
B10_D1,7,0,104,0,0
B2_D1,641,0,146,0,0
B6_D1,152,0,4,0,0
B10_D1,163,0,3,0,0
B6_D1,451,0,106,0,0
B10_D1,39,0,170,0,0
B10_D1,826,0,331,0,0
B6_D1,474,0,9,0,0
B2_D1,576,0,454,0,0
B6_D1,2,0,491,0,0
B10_D1,378,0,28,0,0
B2_D1,193,0,224,0,0
B6_D1,453,0,110,0,0
B6_D1,600,0,188,0,0
B6_D1,33,0,129,0,0
B2_D1,669,0,286,0,0
B6_D1,410,0,28,0,0
B10_D1,850,0,66,0,0
G1_D1,89,0,8,0,0
G1_D1,920,0,20,0,0
B10_D1,310,0,227,0,0
B10_D1,367,0,500,0,0
B6_D1,341,0,240,0,0
B2_D1,710,0,46,0,0
G1_D1,741,0,228,0,0
B4_D1,3,0,146,0,0
B6_D1,709,0,468,0,0
B10_D1,621,0,135,0,0
B10_D1,532,0,147,0,0
B2_D1,236,0,510,0,0
B10_D1,996,0,494,0,0
B2_D1,639,0,108,0,0
B10_D1,180,0,505,0,0
B4_D1,670,0,24,0,0
B10_D1,183,0,266,0,0
B6_D1,638,0,290,0,0
B6_D1,29,0,404,0,0
B6_D1,640,0,430,0,0
B4_D1,826,0,41,0,0
B10_D1,36,0,297,0,0
B10_D1,981,0,292,0,0
B10_D1,10,0,361,0,0
B6_D1,44,0,72,0,0
B6_D1,350,0,97,0,0
G1_D1,8,0,337,0,0
B10_D1,662,0,76,0,0
B6_D1,928,0,251,0,0
B10_D1,209,0,511,0,0
B10_D1,237,0,25,0,0
B6_D1,939,0,393,0,0
B2_D1,207,0,44,0,0
B10_D1,108,0,283,0,0
B10_D1,807,0,332,0,0
B2_D1,564,0,481,0,0
B10_D1,888,0,5,0,0
B10_D1,459,0,477,0,0
B6_D1,788,0,503,0,0
B6_D1,559,0,315,0,0
B4_D1,127,0,193,0,0
B4_D1,4,0,425,0,0
G1_D1,883,0,22,0,0
B10_D1,13,0,99,0,0
G1_D1,23,0,155,0,0
B6_D1,254,0,59,0,0
B6_D1,190,0,50,0,0
B6_D1,702,0,429,0,0
B10_D1,594,0,44,0,0
B4_D1,457,0,213,0,0
B10_D1,344,0,273,0,0
B10_D1,790,0,392,0,0
B6_D1,264,0,490,0,0
B6_D1,523,0,159,0,0
B10_D1,145,0,425,0,0
B10_D1,208,0,4,0,0
B10_D1,729,0,329,0,0
G1_D1,50,0,142,0,0
B6_D1,948,0,49,0,0
G1_D1,312,0,0,0,0
G1_D1,53,0,170,0,0
G1_D1,930,0,0,0,0
G1_D1,61,0,19,0,0
G1_D1,633,0,20,0,0
G1_D1,591,0,288,0,0
B10_D1,709,0,316,0,0
B6_D1,214,0,44,0,0
G1_D1,780,0,70,0,0
B6_D1,236,0,503,0,0
B2_D1,425,0,211,0,0
G1_D1,484,0,37,0,0
B4_D1,3,0,507,0,0
B10_D1,991,0,270,0,0
B4_D1,827,0,13,0,0
B10_D1,437,0,292,0,0
G1_D1,492,0,144,0,0
B6_D1,132,0,132,0,0
B10_D1,151,0,97,0,0
B6_D1,10,0,103,0,0
B10_D1,148,0,441,0,0
B10_D1,1003,0,45,0,0
B10_D1,680,0,240,0,0
B4_D1,31,0,205,0,0
G1_D1,125,0,289,0,0
B6_D1,32,0,120,0,0
B6_D1,454,0,49,0,0
B10_D1,697,0,72,0,0
B2_D1,658,0,473,0,0
B2_D1,656,0,362,0,0
B2_D1,797,0,5,0,0
B6_D1,304,0,133,0,0
B10_D1,947,0,79,0,0
B6_D1,568,0,504,0,0
B6_D1,736,0,41,0,0
B10_D1,347,0,201,0,0
B6_D1,972,0,202,0,0
B10_D1,243,0,343,0,0
B10_D1,19,0,280,0,0
B6_D1,984,0,508,0,0
G1_D1,295,0,413,0,0
G1_D1,244,0,411,0,0
B4_D1,1018,0,62,0,0
G1_D1,759,0,4,0,0
B2_D1,209,0,474,0,0
B6_D1,135,0,286,0,0
B10_D1,564,0,296,0,0
B6_D1,41,0,476,0,0
B6_D1,347,0,95,0,0
B10_D1,785,0,255,0,0
B6_D1,689,0,198,0,0
B6_D1,595,0,392,0,0
G1_D1,983,0,268,0,0
B10_D1,840,0,342,0,0
B6_D1,84,0,9,0,0
B10_D1,944,0,28,0,0
B6_D1,95,0,184,0,0
B10_D1,611,0,134,0,0
B4_D1,11,0,132,0,0
B6_D1,440,0,482,0,0
B10_D1,403,0,3,0,0
B10_D1,784,0,35,0,0
B2_D1,722,0,496,0,0
B10_D1,635,0,31,0,0
B8_D1,8,0,256,0,0
B2_D1,452,0,109,0,0
B10_D1,167,0,81,0,0
G1_D1,626,0,1,0,0
B4_D1,443,0,234,0,0
B10_D1,247,0,344,0,0
B10_D1,513,0,33,0,0
B4_D1,5,0,450,0,0
B6_D1,567,0,328,0,0
B10_D1,703,0,476,0,0
B6_D1,106,0,311,0,0
B6_D1,804,0,505,0,0
B6_D1,278,0,271,0,0
B10_D1,538,0,57,0,0
B6_D1,329,0,142,0,0
G1_D1,15,0,82,0,0
B4_D1,929,0,99,0,0
B10_D1,152,0,315,0,0
B6_D1,928,0,492,0,0
B2_D1,706,0,359,0,0
B6_D1,354,0,499,0,0
B10_D1,435,0,451,0,0
B10_D1,359,0,478,0,0
G1_D1,636,0,241,0,0
B10_D1,256,0,258,0,0
B6_D1,388,0,38,0,0
B10_D1,872,0,27,0,0
B6_D1,20,0,22,0,0
B10_D1,37,0,92,0,0
B10_D1,965,0,1,0,0
B10_D1,123,0,102,0,0
B6_D1,533,0,384,0,0
G1_D1,409,0,111,0,0
B2_D1,784,0,130,0,0
B2_D1,700,0,143,0,0
B10_D1,1009,0,46,0,0
B6_D1,666,0,490,0,0
B6_D1,784,0,504,0,0
B6_D1,652,0,424,0,0
B6_D1,387,0,105,0,0
B6_D1,305,0,479,0,0
B10_D1,443,0,408,0,0
B6_D1,819,0,336,0,0
B10_D1,370,0,141,0,0
G1_D1,749,0,212,0,0
B6_D1,620,0,314,0,0
B6_D1,932,0,117,0,0
G1_D1,454,0,43,0,0
B8_D1,509,0,204,0,0
B2_D1,208,0,303,0,0
B6_D1,689,0,277,0,0
B10_D1,479,0,110,0,0
B10_D1,178,0,179,0,0
B10_D1,339,0,2,0,0
B2_D1,773,0,491,0,0
B2_D1,1,0,12,0,0
B6_D1,960,0,45,0,0
G1_D1,175,0,12,0,0
B10_D1,340,0,31,0,0
B10_D1,1009,0,484,0,0
B6_D1,788,0,252,0,0
G1_D1,984,0,13,0,0
B10_D1,700,0,113,0,0
G1_D1,643,0,56,0,0
B10_D1,966,0,32,0,0
B6_D1,681,0,109,0,0
B10_D1,981,0,36,0,0
G1_D1,549,0,139,0,0
B2_D1,589,0,117,0,0
B6_D1,129,0,326,0,0
B6_D1,446,0,13,0,0
B10_D1,404,0,315,0,0
G1_D1,476,0,47,0,0
G1_D1,726,0,7,0,0
B2_D1,682,0,433,0,0
B6_D1,1004,0,37,0,0
B10_D1,123,0,288,0,0
B10_D1,389,0,480,0,0
B10_D1,164,0,502,0,0
B6_D1,102,0,9,0,0
B6_D1,635,0,373,0,0
G1_D1,162,0,0,0,0
B10_D1,503,0,111,0,0
B10_D1,162,0,248,0,0
B10_D1,95,0,12,0,0
B10_D1,305,0,154,0,0
B6_D1,368,0,13,0,0
B10_D1,324,0,49,0,0
B10_D1,77,0,126,0,0
B4_D1,955,0,56,0,0
B10_D1,372,0,133,0,0
B10_D1,424,0,161,0,0
B6_D1,402,0,6,0,0
B6_D1,562,0,179,0,0
B10_D1,72,0,296,0,0
G1_D1,220,0,3,0,0
B4_D1,425,0,188,0,0
B10_D1,550,0,65,0,0
B10_D1,259,0,34,0,0
B6_D1,154,0,268,0,0
B6_D1,898,0,299,0,0
B6_D1,130,0,264,0,0
B6_D1,952,0,198,0,0
B6_D1,44,0,500,0,0
G1_D1,482,0,11,0,0
B2_D1,893,0,33,0,0
B10_D1,878,0,294,0,0
B6_D1,525,0,315,0,0
B6_D1,544,0,309,0,0
B6_D1,1011,0,50,0,0
B6_D1,592,0,179,0,0
B10_D1,525,0,134,0,0
B10_D1,801,0,453,0,0
G1_D1,1011,0,361,0,0
B6_D1,229,0,312,0,0
G1_D1,194,0,124,0,0
B6_D1,406,0,227,0,0
B2_D1,888,0,498,0,0
B6_D1,96,0,30,0,0
B6_D1,707,0,427,0,0
B4_D1,727,0,44,0,0
B6_D1,657,0,85,0,0
B6_D1,588,0,188,0,0
B4_D1,372,0,24,0,0
B6_D1,848,0,46,0,0
B10_D1,363,0,278,0,0
B6_D1,344,0,13,0,0
B6_D1,102,0,490,0,0
G1_D1,835,0,235,0,0
B6_D1,213,0,333,0,0
B10_D1,935,0,115,0,0
B6_D1,455,0,287,0,0
B10_D1,380,0,29,0,0
B10_D1,534,0,275,0,0
G1_D1,967,0,6,0,0
B6_D1,258,0,434,0,0
B6_D1,957,0,412,0,0
B10_D1,203,0,79,0,0
B6_D1,273,0,451,0,0
B6_D1,162,0,490,0,0
B8_D1,290,0,186,0,0
B2_D1,173,0,127,0,0
B10_D1,794,0,442,0,0
B4_D1,164,0,140,0,0
B10_D1,852,0,37,0,0
B6_D1,186,0,499,0,0
G1_D1,876,0,48,0,0
B6_D1,742,0,14,0,0
B6_D1,1008,0,484,0,0
B6_D1,342,0,33,0,0
B6_D1,666,0,508,0,0
B2_D1,296,0,510,0,0
B6_D1,323,0,206,0,0
B6_D1,883,0,426,0,0
G1_D1,152,0,11,0,0
B6_D1,613,0,424,0,0
B6_D1,644,0,162,0,0
G1_D1,544,0,18,0,0
B6_D1,177,0,164,0,0
B6_D1,601,0,268,0,0
G1_D1,484,0,347,0,0
B6_D1,828,0,484,0,0
B10_D1,629,0,210,0,0
G1_D1,969,0,53,0,0
B10_D1,567,0,20,0,0
G1_D1,189,0,40,0,0
B10_D1,955,0,25,0,0
G1_D1,756,0,292,0,0
B10_D1,591,0,320,0,0
B2_D1,523,0,107,0,0
B6_D1,888,0,499,0,0
G1_D1,552,0,69,0,0
B6_D1,448,0,240,0,0
B10_D1,104,0,274,0,0
B6_D1,317,0,240,0,0
B6_D1,76,0,91,0,0
B2_D1,715,0,48,0,0
B6_D1,814,0,55,0,0
B10_D1,711,0,312,0,0
B2_D1,345,0,386,0,0
B10_D1,370,0,225,0,0
G1_D1,187,0,174,0,0
B6_D1,86,0,269,0,0
B4_D1,921,0,130,0,0
B6_D1,898,0,310,0,0
B10_D1,985,0,154,0,0
B6_D1,546,0,405,0,0
B6_D1,360,0,27,0,0
B10_D1,163,0,79,0,0
G1_D1,485,0,8,0,0
B10_D1,686,0,188,0,0
B2_D1,86,0,36,0,0
B10_D1,0,0,310,0,0
B4_D1,178,0,25,0,0
B6_D1,2,0,286,0,0
B6_D1,544,0,483,0,0
G1_D1,990,0,35,0,0
G1_D1,1006,0,252,0,0
B6_D1,382,0,478,0,0
B10_D1,408,0,412,0,0
G1_D1,589,0,277,0,0
G1_D1,201,0,275,0,0
B10_D1,491,0,14,0,0
B6_D1,884,0,509,0,0
B6_D1,280,0,171,0,0
B6_D1,827,0,269,0,0
G1_D1,896,0,49,0,0
B6_D1,85,0,200,0,0
B10_D1,408,0,141,0,0
B6_D1,779,0,230,0,0
B6_D1,541,0,303,0,0
B8_D1,1021,0,35,0,0
G1_D1,204,0,18,0,0
B8_D1,192,0,3,0,0
B10_D1,517,0,139,0,0
B2_D1,854,0,78,0,0
B2_D1,995,0,249,0,0
G1_D1,719,0,125,0,0
B10_D1,448,0,236,0,0
B2_D1,178,0,511,0,0
B10_D1,143,0,209,0,0
G1_D1,130,0,382,0,0
G1_D1,950,0,284,0,0
B10_D1,632,0,368,0,0
B6_D1,419,0,477,0,0
B10_D1,546,0,149,0,0
B2_D1,279,0,59,0,0
B6_D1,243,0,361,0,0
G1_D1,798,0,79,0,0
B10_D1,153,0,333,0,0
B10_D1,482,0,422,0,0
G1_D1,250,0,170,0,0
B6_D1,67,0,300,0,0
B10_D1,731,0,464,0,0
B10_D1,747,0,7,0,0
B6_D1,467,0,74,0,0
B10_D1,864,0,205,0,0
G1_D1,35,0,79,0,0
B10_D1,185,0,10,0,0
B10_D1,155,0,209,0,0
B10_D1,203,0,141,0,0
B4_D1,0,0,253,0,0
B6_D1,76,0,20,0,0
G1_D1,36,0,91,0,0
B6_D1,602,0,485,0,0
G1_D1,86,0,270,0,0
B4_D1,870,0,266,0,0
B6_D1,47,0,294,0,0
B10_D1,4,0,379,0,0
G1_D1,486,0,0,0,0
B6_D1,904,0,17,0,0
B10_D1,644,0,452,0,0
B6_D1,183,0,76,0,0
B10_D1,29,0,18,0,0
B10_D1,306,0,241,0,0
B6_D1,86,0,491,0,0
B10_D1,429,0,34,0,0
B6_D1,340,0,35,0,0
G1_D1,816,0,256,0,0
B6_D1,567,0,360,0,0
B2_D1,514,0,60,0,0
B6_D1,203,0,386,0,0
B10_D1,294,0,271,0,0
B4_D1,183,0,138,0,0
B6_D1,376,0,483,0,0
B6_D1,789,0,388,0,0
B6_D1,978,0,487,0,0
B4_D1,316,0,214,0,0
B10_D1,6,0,278,0,0
B4_D1,397,0,16,0,0
B6_D1,886,0,299,0,0
B10_D1,9,0,206,0,0
B6_D1,116,0,488,0,0
B10_D1,32,0,248,0,0
B6_D1,454,0,348,0,0
B2_D1,398,0,129,0,0
G1_D1,163,0,12,0,0
B10_D1,1023,0,24,0,0
B6_D1,418,0,26,0,0
B10_D1,466,0,4,0,0
B4_D1,24,0,129,0,0
B6_D1,714,0,508,0,0
B6_D1,807,0,236,0,0
B10_D1,447,0,139,0,0
B4_D1,668,0,259,0,0
B6_D1,404,0,31,0,0
B10_D1,137,0,12,0,0
B6_D1,918,0,24,0,0
B6_D1,214,0,14,0,0
B10_D1,19,0,295,0,0
B10_D1,777,0,454,0,0
B2_D1,441,0,40,0,0
B2_D1,418,0,127,0,0
G1_D1,755,0,463,0,0
B4_D1,3,0,166,0,0
B4_D1,308,0,149,0,0
B6_D1,317,0,75,0,0
B10_D1,895,0,234,0,0
B10_D1,433,0,100,0,0
B6_D1,612,0,36,0,0
G1_D1,1000,0,368,0,0
B6_D1,382,0,47,0,0
B6_D1,771,0,396,0,0
B6_D1,25,0,236,0,0
G1_D1,409,0,226,0,0
B6_D1,250,0,510,0,0
B10_D1,505,0,98,0,0
B6_D1,3,0,288,0,0
B10_D1,219,0,128,0,0
B6_D1,627,0,272,0,0
G1_D1,1002,0,13,0,0
B2_D1,368,0,35,0,0
B10_D1,397,0,134,0,0
B6_D1,827,0,318,0,0
B10_D1,263,0,318,0,0
B10_D1,732,0,466,0,0
G1_D1,810,0,43,0,0
B10_D1,0,0,424,0,0
B6_D1,480,0,307,0,0
B10_D1,593,0,0,0,0
B6_D1,72,0,393,0,0
B4_D1,1,0,255,0,0
B10_D1,432,0,74,0,0
B6_D1,186,0,83,0,0
G1_D1,450,0,71,0,0
B6_D1,64,0,287,0,0
G1_D1,736,0,259,0,0
B10_D1,11,0,212,0,0
B10_D1,621,0,277,0,0
B6_D1,805,0,188,0,0
B10_D1,578,0,208,0,0
B2_D1,709,0,56,0,0
B6_D1,955,0,179,0,0
B6_D1,538,0,216,0,0
B8_D1,784,0,311,0,0
B6_D1,168,0,144,0,0
G1_D1,998,0,511,0,0
B6_D1,678,0,3,0,0
B10_D1,363,0,8,0,0
B8_D1,929,0,238,0,0
B10_D1,710,0,251,0,0
B6_D1,980,0,422,0,0
B10_D1,4,0,233,0,0
B6_D1,968,0,304,0,0
B6_D1,544,0,242,0,0
B10_D1,90,0,144,0,0
B6_D1,496,0,377,0,0
B10_D1,616,0,358,0,0
G1_D1,265,0,189,0,0
B6_D1,512,0,63,0,0
B8_D1,822,0,227,0,0
B6_D1,571,0,438,0,0
B6_D1,705,0,109,0,0
G1_D1,1019,0,85,0,0
G1_D1,705,0,473,0,0
B6_D1,850,0,20,0,0
B10_D1,648,0,96,0,0
B6_D1,923,0,91,0,0
B8_D1,737,0,232,0,0
B6_D1,311,0,240,0,0
G1_D1,1020,0,259,0,0
B6_D1,528,0,273,0,0
B2_D1,670,0,143,0,0
B6_D1,542,0,404,0,0
B10_D1,631,0,478,0,0
G1_D1,41,0,37,0,0
G1_D1,860,0,5,0,0
B8_D1,475,0,294,0,0
B2_D1,848,0,78,0,0
B6_D1,198,0,167,0,0
B10_D1,113,0,87,0,0
G1_D1,755,0,272,0,0
B10_D1,486,0,157,0,0
B6_D1,236,0,70,0,0
B10_D1,32,0,58,0,0
B6_D1,20,0,123,0,0
B10_D1,652,0,274,0,0
B10_D1,86,0,207,0,0
B6_D1,847,0,359,0,0
B4_D1,679,0,250,0,0
G1_D1,883,0,223,0,0
G1_D1,1011,0,130,0,0
B6_D1,562,0,399,0,0
G1_D1,392,0,450,0,0
B10_D1,207,0,27,0,0
B10_D1,74,0,75,0,0
B6_D1,814,0,201,0,0
B10_D1,188,0,15,0,0
G1_D1,683,0,277,0,0
B6_D1,833,0,128,0,0
B10_D1,247,0,316,0,0
B6_D1,937,0,422,0,0
B6_D1,104,0,500,0,0
B6_D1,196,0,489,0,0
G1_D1,1021,0,456,0,0
G1_D1,1016,0,5,0,0
B6_D1,160,0,453,0,0
B4_D1,733,0,17,0,0
B6_D1,342,0,36,0,0
B6_D1,378,0,18,0,0
B6_D1,858,0,241,0,0
G1_D1,428,0,145,0,0
B6_D1,535,0,280,0,0
B10_D1,410,0,501,0,0
B2_D1,2,0,146,0,0
B10_D1,960,0,459,0,0
B6_D1,414,0,484,0,0
B6_D1,4,0,414,0,0
B6_D1,877,0,294,0,0
G1_D1,469,0,60,0,0
B10_D1,94,0,199,0,0
B4_D1,3,0,43,0,0
G1_D1,995,0,200,0,0
B2_D1,604,0,288,0,0
B10_D1,244,0,115,0,0
B6_D1,156,0,89,0,0
B10_D1,277,0,170,0,0
B6_D1,400,0,241,0,0
B10_D1,646,0,447,0,0
G1_D1,786,0,37,0,0
B6_D1,400,0,8,0,0
G1_D1,368,0,470,0,0
B6_D1,635,0,51,0,0
G1_D1,256,0,298,0,0
B6_D1,34,0,256,0,0
B6_D1,832,0,350,0,0
B6_D1,543,0,328,0,0
B6_D1,188,0,62,0,0
B2_D1,712,0,3,0,0
B4_D1,36,0,395,0,0
B6_D1,945,0,225,0,0
B2_D1,889,0,393,0,0
B10_D1,563,0,114,0,0
B10_D1,706,0,419,0,0
G1_D1,569,0,243,0,0
B6_D1,937,0,138,0,0
B10_D1,420,0,141,0,0
B10_D1,278,0,257,0,0
B10_D1,135,0,277,0,0
B6_D1,926,0,261,0,0
G1_D1,462,0,93,0,0
B2_D1,855,0,37,0,0
B6_D1,84,0,303,0,0
G1_D1,21,0,510,0,0
B6_D1,785,0,155,0,0
B10_D1,824,0,383,0,0
B6_D1,569,0,237,0,0
B6_D1,530,0,25,0,0
B10_D1,683,0,248,0,0
B10_D1,89,0,205,0,0
B6_D1,169,0,386,0,0
B10_D1,769,0,37,0,0
B6_D1,740,0,10,0,0
B6_D1,887,0,218,0,0
B10_D1,599,0,210,0,0
B6_D1,6,0,319,0,0
G1_D1,45,0,17,0,0
G1_D1,666,0,148,0,0
G1_D1,445,0,16,0,0
G1_D1,771,0,49,0,0
B10_D1,610,0,283,0,0
B10_D1,183,0,194,0,0
B10_D1,701,0,328,0,0
B10_D1,840,0,405,0,0
B4_D1,67,0,313,0,0
B6_D1,538,0,8,0,0
B10_D1,128,0,273,0,0
B6_D1,988,0,44,0,0
B8_D1,761,0,231,0,0
G1_D1,1010,0,304,0,0
G1_D1,326,0,482,0,0
B6_D1,746,0,317,0,0
B6_D1,174,0,39,0,0
G1_D1,94,0,420,0,0
B6_D1,948,0,400,0,0
B10_D1,487,0,469,0,0
B10_D1,0,0,392,0,0
G1_D1,614,0,238,0,0
G1_D1,222,0,267,0,0
B4_D1,3,0,244,0,0
B10_D1,998,0,272,0,0
B6_D1,862,0,20,0,0
B6_D1,887,0,101,0,0
B6_D1,11,0,429,0,0
B10_D1,693,0,7,0,0
G1_D1,265,0,313,0,0
B6_D1,663,0,405,0,0
G1_D1,191,0,45,0,0
B2_D1,344,0,35,0,0
B10_D1,447,0,461,0,0
B6_D1,43,0,402,0,0
B6_D1,335,0,206,0,0
G1_D1,75,0,314,0,0
B6_D1,935,0,366,0,0
G1_D1,920,0,92,0,0
B4_D1,700,0,189,0,0
B10_D1,573,0,302,0,0
B6_D1,292,0,167,0,0
B4_D1,6,0,268,0,0
B6_D1,28,0,137,0,0
B10_D1,601,0,11,0,0
B6_D1,954,0,239,0,0
B6_D1,783,0,392,0,0
B4_D1,666,0,17,0,0
B6_D1,407,0,254,0,0
B6_D1,168,0,21,0,0
B6_D1,628,0,367,0,0
B6_D1,486,0,27,0,0
B6_D1,803,0,120,0,0
G1_D1,725,0,267,0,0
B4_D1,190,0,4,0,0
G1_D1,328,0,316,0,0
B10_D1,453,0,2,0,0
B6_D1,1012,0,17,0,0
B6_D1,902,0,393,0,0
B6_D1,791,0,152,0,0
B4_D1,721,0,74,0,0
B6_D1,762,0,0,0,0
G1_D1,872,0,235,0,0
B10_D1,18,0,173,0,0
B10_D1,186,0,60,0,0
B6_D1,171,0,344,0,0
B6_D1,614,0,280,0,0
B6_D1,293,0,78,0,0
B6_D1,462,0,0,0,0
B2_D1,738,0,28,0,0
B10_D1,36,0,147,0,0
B10_D1,516,0,146,0,0
B8_D1,588,0,189,0,0
B10_D1,568,0,14,0,0
B6_D1,96,0,298,0,0
B6_D1,764,0,509,0,0
B10_D1,103,0,296,0,0
B6_D1,178,0,309,0,0
B6_D1,922,0,131,0,0
B10_D1,177,0,426,0,0
B4_D1,909,0,24,0,0
B2_D1,944,0,42,0,0
B10_D1,425,0,378,0,0
B4_D1,548,0,140,0,0
B6_D1,782,0,34,0,0
B2_D1,311,0,54,0,0
B10_D1,336,0,186,0,0
B4_D1,0,0,428,0,0
B6_D1,965,0,403,0,0
B6_D1,812,0,86,0,0
G1_D1,338,0,5,0,0
B10_D1,820,0,56,0,0
B10_D1,432,0,23,0,0
B10_D1,186,0,505,0,0
B4_D1,807,0,15,0,0
B10_D1,213,0,306,0,0
B2_D1,0,0,95,0,0
B10_D1,293,0,510,0,0
B6_D1,514,0,489,0,0
G1_D1,401,0,118,0,0
B6_D1,302,0,357,0,0
B6_D1,197,0,308,0,0
B2_D1,817,0,35,0,0
B8_D1,379,0,284,0,0
B6_D1,314,0,500,0,0
B6_D1,978,0,223,0,0
B6_D1,540,0,204,0,0
B10_D1,291,0,37,0,0
B6_D1,939,0,443,0,0
B6_D1,420,0,508,0,0
B6_D1,14,0,335,0,0
B10_D1,1008,0,43,0,0
B6_D1,130,0,489,0,0
B4_D1,671,0,312,0,0
B2_D1,848,0,41,0,0
G1_D1,403,0,125,0,0
B2_D1,26,0,29,0,0
B10_D1,527,0,476,0,0
B6_D1,758,0,62,0,0
B10_D1,177,0,286,0,0
B4_D1,3,0,90,0,0
G1_D1,762,0,257,0,0
G1_D1,871,0,16,0,0
B10_D1,519,0,289,0,0
B10_D1,338,0,176,0,0
B10_D1,502,0,100,0,0
B2_D1,881,0,2,0,0
B6_D1,832,0,274,0,0
B6_D1,966,0,307,0,0
B10_D1,143,0,262,0,0
B10_D1,951,0,31,0,0
B10_D1,760,0,274,0,0
B6_D1,4,0,5,0,0
B6_D1,932,0,213,0,0
B6_D1,761,0,270,0,0
B2_D1,447,0,40,0,0
B10_D1,220,0,62,0,0
B6_D1,13,0,287,0,0
B6_D1,12,0,263,0,0
B6_D1,230,0,4,0,0
B10_D1,635,0,207,0,0
B6_D1,32,0,80,0,0
B10_D1,229,0,427,0,0
B6_D1,841,0,158,0,0
G1_D1,390,0,7,0,0
B10_D1,221,0,241,0,0
B6_D1,255,0,435,0,0
B2_D1,207,0,117,0,0
B6_D1,522,0,493,0,0
B10_D1,207,0,52,0,0
B10_D1,15,0,42,0,0
G1_D1,295,0,19,0,0
B10_D1,771,0,163,0,0
B6_D1,348,0,39,0,0
B10_D1,405,0,103,0,0
G1_D1,276,0,490,0,0
G1_D1,448,0,130,0,0
G1_D1,586,0,511,0,0
B4_D1,653,0,186,0,0
B10_D1,692,0,311,0,0
B10_D1,62,0,9,0,0
B4_D1,4,0,68,0,0
G1_D1,674,0,19,0,0
B10_D1,343,0,96,0,0
G1_D1,678,0,173,0,0
G1_D1,760,0,73,0,0
G1_D1,426,0,0,0,0
B6_D1,978,0,137,0,0
B6_D1,306,0,228,0,0
B6_D1,139,0,200,0,0
B10_D1,590,0,228,0,0
B2_D1,748,0,359,0,0
B6_D1,814,0,62,0,0
G1_D1,838,0,217,0,0
B10_D1,452,0,48,0,0
G1_D1,254,0,79,0,0
B10_D1,242,0,246,0,0
B10_D1,736,0,90,0,0
B10_D1,491,0,279,0,0
B6_D1,543,0,403,0,0
B2_D1,214,0,51,0,0
B4_D1,5,0,369,0,0
B10_D1,4,0,403,0,0
B4_D1,176,0,118,0,0
B6_D1,354,0,0,0,0
B10_D1,699,0,234,0,0
B6_D1,838,0,108,0,0
G1_D1,993,0,114,0,0
G1_D1,798,0,58,0,0
B10_D1,315,0,39,0,0
B6_D1,738,0,163,0,0
B10_D1,911,0,305,0,0
G1_D1,997,0,63,0,0
G1_D1,945,0,4,0,0
B6_D1,90,0,18,0,0
B6_D1,829,0,95,0,0
B6_D1,126,0,30,0,0
B10_D1,564,0,83,0,0
B10_D1,923,0,71,0,0
B6_D1,951,0,417,0,0
B6_D1,518,0,224,0,0
B6_D1,430,0,32,0,0
B10_D1,725,0,423,0,0
B6_D1,601,0,168,0,0
B6_D1,152,0,91,0,0
G1_D1,360,0,7,0,0
B10_D1,341,0,202,0,0
B10_D1,382,0,172,0,0
B10_D1,547,0,120,0,0
B10_D1,436,0,308,0,0
B10_D1,67,0,44,0,0
B8_D1,602,0,297,0,0
B10_D1,143,0,293,0,0
B4_D1,438,0,422,0,0
B10_D1,839,0,0,0,0
G1_D1,28,0,168,0,0
B6_D1,127,0,419,0,0
B6_D1,562,0,38,0,0
B10_D1,188,0,217,0,0
B10_D1,405,0,278,0,0
B10_D1,594,0,277,0,0
B4_D1,110,0,409,0,0
B2_D1,998,0,59,0,0
B6_D1,714,0,487,0,0
G1_D1,48,0,20,0,0
B6_D1,62,0,10,0,0
B6_D1,695,0,204,0,0
B10_D1,570,0,44,0,0
B4_D1,787,0,235,0,0
B10_D1,7,0,198,0,0
B6_D1,958,0,308,0,0
B4_D1,769,0,39,0,0
B6_D1,612,0,62,0,0
B10_D1,944,0,49,0,0
B2_D1,374,0,161,0,0
B2_D1,986,0,55,0,0
G1_D1,864,0,214,0,0
B10_D1,265,0,48,0,0
G1_D1,485,0,89,0,0
G1_D1,72,0,0,0,0
B6_D1,544,0,29,0,0
B6_D1,874,0,90,0,0
B6_D1,40,0,479,0,0
B10_D1,540,0,86,0,0
B2_D1,873,0,461,0,0
B8_D1,102,0,101,0,0
B2_D1,485,0,125,0,0
B6_D1,898,0,11,0,0
B10_D1,373,0,261,0,0
G1_D1,893,0,2,0,0
B6_D1,252,0,155,0,0
B10_D1,434,0,458,0,0
B10_D1,634,0,498,0,0
B10_D1,731,0,160,0,0
G1_D1,792,0,29,0,0
G1_D1,199,0,12,0,0
B10_D1,948,0,23,0,0
B6_D1,796,0,239,0,0
G1_D1,231,0,34,0,0
B6_D1,663,0,361,0,0
G1_D1,222,0,130,0,0
B10_D1,144,0,202,0,0
G1_D1,144,0,166,0,0
B6_D1,911,0,430,0,0
G1_D1,56,0,5,0,0
B6_D1,878,0,506,0,0
B6_D1,54,0,499,0,0
B6_D1,953,0,56,0,0
B10_D1,324,0,397,0,0
B4_D1,126,0,264,0,0
G1_D1,919,0,32,0,0
B8_D1,895,0,236,0,0
B10_D1,616,0,48,0,0
B6_D1,92,0,500,0,0
B4_D1,749,0,205,0,0
B10_D1,166,0,451,0,0
B6_D1,220,0,330,0,0
B2_D1,768,0,262,0,0
G1_D1,26,0,191,0,0
B6_D1,122,0,37,0,0
B10_D1,694,0,88,0,0
B10_D1,426,0,494,0,0
B10_D1,272,0,263,0,0
G1_D1,859,0,31,0,0
B4_D1,272,0,41,0,0
B6_D1,848,0,40,0,0
B6_D1,824,0,447,0,0
G1_D1,101,0,300,0,0
B10_D1,927,0,292,0,0
B10_D1,768,0,296,0,0
G1_D1,41,0,184,0,0
B6_D1,635,0,216,0,0
B6_D1,311,0,265,0,0
G1_D1,396,0,448,0,0
G1_D1,248,0,24,0,0
G1_D1,69,0,328,0,0
B6_D1,212,0,328,0,0
B6_D1,294,0,21,0,0
B10_D1,771,0,47,0,0
B10_D1,791,0,218,0,0
B6_D1,685,0,270,0,0
B10_D1,644,0,33,0,0
B6_D1,292,0,483,0,0
B10_D1,406,0,4,0,0
B8_D1,376,0,192,0,0
B10_D1,459,0,479,0,0
G1_D1,1023,0,69,0,0
B10_D1,366,0,214,0,0
B6_D1,856,0,2,0,0
B10_D1,573,0,480,0,0
B10_D1,204,0,166,0,0
B6_D1,30,0,39,0,0
B6_D1,13,0,452,0,0
B2_D1,165,0,124,0,0
B6_D1,784,0,507,0,0
B10_D1,593,0,187,0,0
B6_D1,200,0,80,0,0
B6_D1,738,0,30,0,0
G1_D1,301,0,16,0,0
G1_D1,344,0,24,0,0
B10_D1,142,0,249,0,0
B6_D1,706,0,41,0,0
G1_D1,159,0,167,0,0
B10_D1,4,0,372,0,0
B10_D1,887,0,270,0,0
B4_D1,167,0,238,0,0
B6_D1,483,0,481,0,0
B6_D1,1014,0,24,0,0
B6_D1,924,0,62,0,0
G1_D1,123,0,454,0,0
B6_D1,397,0,300,0,0
G1_D1,765,0,102,0,0
B10_D1,209,0,161,0,0
B4_D1,901,0,99,0,0
B6_D1,573,0,321,0,0
G1_D1,768,0,85,0,0
B10_D1,973,0,64,0,0
B10_D1,141,0,506,0,0
B6_D1,633,0,463,0,0
B4_D1,899,0,237,0,0
B6_D1,150,0,89,0,0
B6_D1,884,0,482,0,0
B10_D1,574,0,15,0,0
B6_D1,809,0,78,0,0
B10_D1,590,0,110,0,0
B2_D1,654,0,145,0,0
B10_D1,885,0,299,0,0
B4_D1,767,0,154,0,0
B6_D1,638,0,46,0,0
G1_D1,48,0,103,0,0
B4_D1,347,0,204,0,0
G1_D1,944,0,267,0,0
B4_D1,585,0,228,0,0
B6_D1,83,0,90,0,0
G1_D1,69,0,383,0,0
B6_D1,138,0,306,0,0
B4_D1,412,0,232,0,0
B10_D1,701,0,59,0,0
B2_D1,738,0,8,0,0
B10_D1,733,0,400,0,0
B10_D1,222,0,218,0,0
B4_D1,115,0,142,0,0
B4_D1,727,0,250,0,0
B10_D1,263,0,235,0,0
G1_D1,333,0,17,0,0
B10_D1,493,0,309,0,0
B10_D1,324,0,138,0,0
B10_D1,466,0,54,0,0
B6_D1,230,0,424,0,0
G1_D1,791,0,262,0,0
B10_D1,142,0,189,0,0
G1_D1,812,0,318,0,0
G1_D1,282,0,0,0,0
B6_D1,47,0,94,0,0
G1_D1,732,0,93,0,0
G1_D1,678,0,13,0,0
B10_D1,773,0,10,0,0
B8_D1,684,0,184,0,0
B8_D1,1014,0,4,0,0
B6_D1,819,0,422,0,0
G1_D1,373,0,266,0,0
B6_D1,500,0,43,0,0
B6_D1,950,0,34,0,0
B6_D1,799,0,85,0,0
G1_D1,195,0,21,0,0
B6_D1,6,0,377,0,0
B4_D1,907,0,234,0,0
B10_D1,834,0,330,0,0
B6_D1,120,0,505,0,0
B6_D1,710,0,494,0,0
B4_D1,421,0,292,0,0
B6_D1,379,0,319,0,0
G1_D1,330,0,222,0,0
B6_D1,600,0,346,0,0
B10_D1,362,0,231,0,0
B4_D1,617,0,350,0,0
B10_D1,898,0,20,0,0
G1_D1,36,0,210,0,0
B4_D1,2,0,117,0,0
B6_D1,531,0,387,0,0
G1_D1,733,0,246,0,0
B6_D1,266,0,186,0,0
B6_D1,920,0,13,0,0
B6_D1,756,0,291,0,0
B6_D1,373,0,322,0,0
B6_D1,394,0,495,0,0
B6_D1,744,0,511,0,0
B10_D1,288,0,45,0,0
B10_D1,1009,0,34,0,0
B10_D1,143,0,328,0,0
B10_D1,602,0,257,0,0
B10_D1,826,0,428,0,0
B6_D1,144,0,185,0,0
B10_D1,944,0,9,0,0
B10_D1,355,0,413,0,0
B8_D1,588,0,199,0,0
B10_D1,272,0,65,0,0
G1_D1,333,0,424,0,0
G1_D1,991,0,29,0,0
B2_D1,791,0,467,0,0
B10_D1,183,0,363,0,0
B10_D1,690,0,267,0,0
B6_D1,58,0,35,0,0
G1_D1,729,0,32,0,0
G1_D1,1011,0,165,0,0
G1_D1,601,0,32,0,0
B10_D1,260,0,161,0,0
G1_D1,840,0,13,0,0
B6_D1,91,0,199,0,0
G1_D1,309,0,10,0,0
B6_D1,48,0,139,0,0
B10_D1,260,0,275,0,0
G1_D1,11,0,33,0,0
G1_D1,425,0,143,0,0
B6_D1,212,0,46,0,0
B10_D1,63,0,23,0,0
B6_D1,670,0,49,0,0
B6_D1,467,0,252,0,0
B6_D1,159,0,307,0,0
B6_D1,77,0,457,0,0
G1_D1,623,0,2,0,0
B2_D1,774,0,41,0,0
B6_D1,664,0,44,0,0
B8_D1,907,0,301,0,0
B10_D1,768,0,5,0,0
B6_D1,863,0,237,0,0
G1_D1,551,0,96,0,0
B10_D1,24,0,289,0,0
G1_D1,47,0,257,0,0
B6_D1,150,0,12,0,0
B10_D1,682,0,252,0,0
B6_D1,472,0,8,0,0
B10_D1,764,0,325,0,0
G1_D1,604,0,17,0,0
B10_D1,6,0,293,0,0
B6_D1,359,0,142,0,0
B6_D1,572,0,10,0,0
B6_D1,242,0,46,0,0
B4_D1,783,0,95,0,0
B6_D1,740,0,46,0,0
B10_D1,165,0,69,0,0
B10_D1,670,0,246,0,0
B2_D1,747,0,470,0,0
G1_D1,950,0,11,0,0
G1_D1,776,0,26,0,0
B10_D1,715,0,268,0,0
B6_D1,803,0,246,0,0
B10_D1,681,0,487,0,0
B10_D1,243,0,311,0,0
B2_D1,215,0,205,0,0
B6_D1,442,0,2,0,0
B6_D1,197,0,103,0,0
B6_D1,534,0,166,0,0
B6_D1,66,0,505,0,0
B10_D1,544,0,409,0,0
B10_D1,840,0,101,0,0
B10_D1,254,0,42,0,0
B6_D1,244,0,38,0,0
B6_D1,68,0,216,0,0
B2_D1,159,0,225,0,0
B6_D1,954,0,257,0,0
B10_D1,278,0,260,0,0
B6_D1,144,0,413,0,0
B8_D1,202,0,108,0,0
G1_D1,624,0,267,0,0
G1_D1,287,0,55,0,0
B10_D1,208,0,19,0,0
G1_D1,595,0,223,0,0
B6_D1,751,0,468,0,0
B6_D1,890,0,393,0,0
G1_D1,1014,0,257,0,0
B10_D1,2,0,317,0,0
B10_D1,733,0,273,0,0
B6_D1,762,0,511,0,0
G1_D1,1018,0,227,0,0
B6_D1,448,0,498,0,0
B10_D1,823,0,24,0,0
B10_D1,167,0,114,0,0
B6_D1,129,0,304,0,0
B10_D1,677,0,57,0,0
B10_D1,4,0,366,0,0
B10_D1,937,0,290,0,0
B10_D1,919,0,23,0,0
B2_D1,987,0,64,0,0
B6_D1,847,0,237,0,0
B10_D1,764,0,78,0,0
B6_D1,255,0,374,0,0
B6_D1,191,0,477,0,0
B2_D1,760,0,359,0,0
B6_D1,620,0,183,0,0
B10_D1,993,0,286,0,0
B6_D1,664,0,495,0,0
G1_D1,1019,0,137,0,0
B6_D1,883,0,266,0,0
B2_D1,630,0,361,0,0
B10_D1,235,0,316,0,0
G1_D1,579,0,304,0,0
G1_D1,772,0,55,0,0
B10_D1,284,0,260,0,0
B4_D1,833,0,206,0,0
B6_D1,724,0,357,0,0
B10_D1,14,0,63,0,0
B10_D1,466,0,162,0,0
B10_D1,214,0,362,0,0
G1_D1,713,0,190,0,0
B6_D1,984,0,132,0,0
B4_D1,124,0,346,0,0
B6_D1,750,0,307,0,0
B6_D1,744,0,508,0,0
B10_D1,12,0,319,0,0
B6_D1,138,0,366,0,0
B6_D1,299,0,114,0,0
B10_D1,105,0,14,0,0
B10_D1,44,0,117,0,0
G1_D1,953,0,249,0,0
B10_D1,633,0,204,0,0
B6_D1,390,0,33,0,0
B6_D1,866,0,464,0,0
G1_D1,185,0,504,0,0
B6_D1,877,0,189,0,0
G1_D1,247,0,40,0,0
B10_D1,111,0,427,0,0
B4_D1,182,0,65,0,0
B10_D1,256,0,313,0,0
G1_D1,415,0,99,0,0
B6_D1,44,0,491,0,0
B4_D1,93,0,26,0,0
G1_D1,482,0,238,0,0
B4_D1,231,0,172,0,0
B6_D1,956,0,92,0,0
B10_D1,434,0,322,0,0
B10_D1,679,0,59,0,0
B6_D1,438,0,27,0,0
B6_D1,97,0,423,0,0
G1_D1,904,0,218,0,0
B6_D1,750,0,103,0,0
B6_D1,836,0,485,0,0
G1_D1,415,0,6,0,0
B4_D1,903,0,15,0,0
B6_D1,202,0,498,0,0
B6_D1,468,0,169,0,0
B10_D1,766,0,459,0,0
B10_D1,137,0,203,0,0
B10_D1,685,0,104,0,0
B4_D1,2,0,169,0,0
B10_D1,115,0,83,0,0
B10_D1,191,0,365,0,0
B10_D1,1019,0,55,0,0
B8_D1,614,0,182,0,0
G1_D1,922,0,234,0,0
G1_D1,740,0,118,0,0
B10_D1,490,0,39,0,0
B10_D1,555,0,62,0,0
B6_D1,594,0,493,0,0
B6_D1,536,0,221,0,0
B6_D1,18,0,349,0,0
B6_D1,885,0,170,0,0
G1_D1,15,0,68,0,0
B2_D1,797,0,63,0,0
B10_D1,823,0,431,0,0
B10_D1,328,0,189,0,0
B6_D1,760,0,212,0,0
G1_D1,830,0,11,0,0
B10_D1,138,0,111,0,0
B6_D1,744,0,320,0,0
B6_D1,306,0,27,0,0
B6_D1,878,0,393,0,0
B10_D1,252,0,426,0,0
G1_D1,78,0,90,0,0
B10_D1,196,0,74,0,0
B6_D1,354,0,9,0,0
G1_D1,724,0,167,0,0
B8_D1,706,0,190,0,0
G1_D1,858,0,32,0,0
G1_D1,95,0,94,0,0
B10_D1,608,0,98,0,0
B10_D1,607,0,499,0,0
G1_D1,196,0,141,0,0
B2_D1,846,0,266,0,0
G1_D1,1016,0,122,0,0
B10_D1,342,0,214,0,0
B10_D1,284,0,180,0,0
B6_D1,725,0,437,0,0
B10_D1,196,0,176,0,0
B6_D1,516,0,385,0,0
B6_D1,906,0,51,0,0
B10_D1,881,0,363,0,0
B6_D1,99,0,432,0,0
B4_D1,25,0,271,0,0
B6_D1,860,0,392,0,0
B10_D1,697,0,417,0,0
B6_D1,591,0,199,0,0
B10_D1,322,0,86,0,0
G1_D1,1005,0,118,0,0
B6_D1,247,0,331,0,0
B10_D1,697,0,3,0,0
B6_D1,314,0,494,0,0
B6_D1,424,0,47,0,0
B10_D1,33,0,103,0,0
B6_D1,681,0,481,0,0
B10_D1,927,0,384,0,0
B10_D1,275,0,33,0,0
B10_D1,52,0,261,0,0
B2_D1,377,0,229,0,0
B6_D1,726,0,410,0,0
B10_D1,620,0,240,0,0
G1_D1,22,0,3,0,0
B2_D1,452,0,30,0,0
G1_D1,468,0,127,0,0
G1_D1,197,0,505,0,0
B6_D1,844,0,495,0,0
B6_D1,967,0,79,0,0
G1_D1,1014,0,320,0,0
B6_D1,520,0,507,0,0
B4_D1,109,0,92,0,0
B4_D1,763,0,263,0,0
B10_D1,129,0,100,0,0
B10_D1,498,0,5,0,0
B6_D1,910,0,422,0,0
B6_D1,688,0,501,0,0
B6_D1,91,0,450,0,0
B10_D1,422,0,275,0,0
B6_D1,811,0,124,0,0
B6_D1,830,0,506,0,0
B6_D1,431,0,172,0,0
B10_D1,966,0,94,0,0
B6_D1,658,0,510,0,0
B2_D1,158,0,15,0,0
B2_D1,728,0,15,0,0
G1_D1,66,0,148,0,0
B6_D1,990,0,36,0,0
B10_D1,485,0,339,0,0
B10_D1,337,0,191,0,0
B2_D1,694,0,23,0,0
B10_D1,209,0,272,0,0
G1_D1,404,0,390,0,0
G1_D1,224,0,5,0,0
B2_D1,147,0,30,0,0
B10_D1,193,0,192,0,0
B8_D1,931,0,301,0,0
B10_D1,441,0,298,0,0
B10_D1,98,0,277,0,0
B6_D1,985,0,390,0,0
B6_D1,326,0,10,0,0
B10_D1,668,0,418,0,0
B6_D1,725,0,359,0,0
B2_D1,477,0,39,0,0
B10_D1,852,0,403,0,0
G1_D1,9,0,135,0,0
B6_D1,148,0,388,0,0
B2_D1,684,0,69,0,0
B2_D1,0,0,117,0,0
B4_D1,551,0,296,0,0
B6_D1,24,0,15,0,0
B6_D1,402,0,262,0,0
B10_D1,85,0,86,0,0
G1_D1,151,0,16,0,0
G1_D1,197,0,62,0,0
G1_D1,578,0,281,0,0
B4_D1,17,0,16,0,0
B10_D1,206,0,228,0,0
B4_D1,1022,0,307,0,0
G1_D1,754,0,79,0,0
B6_D1,522,0,52,0,0
B10_D1,243,0,283,0,0
B6_D1,442,0,348,0,0
B6_D1,14,0,139,0,0
B10_D1,158,0,445,0,0
B6_D1,936,0,24,0,0
B2_D1,905,0,413,0,0
B10_D1,138,0,73,0,0
G1_D1,538,0,143,0,0
B2_D1,177,0,174,0,0
B6_D1,83,0,359,0,0
B6_D1,372,0,169,0,0
B10_D1,657,0,8,0,0
B6_D1,493,0,311,0,0
G1_D1,735,0,470,0,0
B6_D1,273,0,379,0,0
B6_D1,790,0,32,0,0
B10_D1,331,0,83,0,0
G1_D1,118,0,197,0,0
B6_D1,90,0,298,0,0
B6_D1,152,0,491,0,0
G1_D1,992,0,99,0,0
B6_D1,753,0,331,0,0
B10_D1,763,0,91,0,0
B10_D1,200,0,283,0,0
G1_D1,646,0,17,0,0
B6_D1,1012,0,11,0,0
B10_D1,575,0,116,0,0
B2_D1,699,0,359,0,0
B2_D1,413,0,211,0,0
B10_D1,544,0,118,0,0
B10_D1,137,0,96,0,0
B10_D1,76,0,133,0,0
B8_D1,456,0,288,0,0
B6_D1,775,0,151,0,0
B10_D1,521,0,41,0,0
B6_D1,270,0,30,0,0
B4_D1,605,0,362,0,0
B6_D1,812,0,272,0,0
B4_D1,659,0,277,0,0
B6_D1,569,0,50,0,0
B2_D1,839,0,510,0,0
B6_D1,862,0,338,0,0
B4_D1,457,0,65,0,0
B10_D1,128,0,9,0,0
G1_D1,387,0,222,0,0
B10_D1,354,0,410,0,0
B6_D1,238,0,17,0,0
G1_D1,897,0,63,0,0
B4_D1,580,0,206,0,0
B6_D1,266,0,185,0,0
B6_D1,543,0,258,0,0
B6_D1,606,0,30,0,0
B6_D1,145,0,386,0,0
B2_D1,903,0,404,0,0
B6_D1,875,0,384,0,0
B6_D1,30,0,181,0,0
G1_D1,339,0,424,0,0
B6_D1,772,0,501,0,0
B4_D1,906,0,258,0,0
B6_D1,860,0,500,0,0
B2_D1,379,0,206,0,0
B10_D1,865,0,55,0,0
B6_D1,68,0,491,0,0
B6_D1,657,0,480,0,0
G1_D1,845,0,271,0,0
B6_D1,219,0,89,0,0
B6_D1,189,0,107,0,0
G1_D1,40,0,207,0,0
B2_D1,1002,0,239,0,0
G1_D1,340,0,311,0,0
B6_D1,604,0,49,0,0
G1_D1,54,0,387,0,0
B6_D1,58,0,191,0,0
B10_D1,555,0,205,0,0
B8_D1,0,0,296,0,0
G1_D1,790,0,41,0,0
B10_D1,616,0,38,0,0
B10_D1,115,0,335,0,0
B4_D1,121,0,399,0,0
G1_D1,533,0,472,0,0
B6_D1,511,0,379,0,0
B10_D1,679,0,63,0,0
B10_D1,443,0,16,0,0
B6_D1,918,0,196,0,0
G1_D1,641,0,14,0,0
G1_D1,971,0,74,0,0
B10_D1,195,0,73,0,0
B10_D1,595,0,136,0,0
B10_D1,565,0,108,0,0
B10_D1,749,0,0,0,0
B10_D1,10,0,64,0,0
B4_D1,682,0,20,0,0
B6_D1,243,0,435,0,0
G1_D1,241,0,6,0,0
B10_D1,376,0,180,0,0
G1_D1,329,0,14,0,0
B10_D1,803,0,48,0,0
B6_D1,224,0,325,0,0
B10_D1,805,0,379,0,0
B10_D1,497,0,243,0,0
B6_D1,890,0,40,0,0
B6_D1,778,0,436,0,0
B2_D1,990,0,56,0,0
B6_D1,882,0,24,0,0
B8_D1,619,0,302,0,0
G1_D1,788,0,11,0,0
B6_D1,821,0,203,0,0
B10_D1,821,0,323,0,0
G1_D1,887,0,258,0,0
B4_D1,188,0,272,0,0
B4_D1,567,0,287,0,0
B6_D1,169,0,385,0,0
B10_D1,713,0,449,0,0
G1_D1,536,0,29,0,0
B10_D1,400,0,269,0,0
B10_D1,246,0,113,0,0
B6_D1,711,0,351,0,0
G1_D1,157,0,12,0,0
B10_D1,308,0,310,0,0
B4_D1,716,0,141,0,0
B10_D1,768,0,169,0,0
B4_D1,374,0,385,0,0
B6_D1,206,0,98,0,0
B10_D1,923,0,460,0,0
B10_D1,745,0,268,0,0
B10_D1,21,0,72,0,0
B6_D1,810,0,45,0,0
B6_D1,807,0,480,0,0
B6_D1,538,0,486,0,0
G1_D1,992,0,15,0,0
B10_D1,924,0,468,0,0
G1_D1,242,0,79,0,0
G1_D1,29,0,246,0,0
G1_D1,789,0,76,0,0
G1_D1,331,0,480,0,0
B6_D1,890,0,50,0,0
B4_D1,1010,0,75,0,0
B6_D1,365,0,173,0,0
B6_D1,12,0,453,0,0
G1_D1,817,0,270,0,0
B6_D1,3,0,480,0,0
B6_D1,130,0,510,0,0
B6_D1,406,0,498,0,0
B4_D1,587,0,378,0,0
B6_D1,959,0,139,0,0
B4_D1,1022,0,128,0,0
B10_D1,655,0,63,0,0
B6_D1,943,0,227,0,0
B6_D1,375,0,251,0,0
B6_D1,162,0,175,0,0
B10_D1,667,0,167,0,0
G1_D1,879,0,58,0,0
B10_D1,407,0,63,0,0
G1_D1,296,0,5,0,0
B10_D1,907,0,253,0,0
G1_D1,786,0,241,0,0
B6_D1,0,0,379,0,0
B6_D1,238,0,372,0,0
G1_D1,388,0,9,0,0
B6_D1,1006,0,501,0,0
B6_D1,362,0,282,0,0
B10_D1,282,0,328,0,0
B6_D1,199,0,155,0,0
G1_D1,467,0,15,0,0
B10_D1,343,0,143,0,0
B10_D1,92,0,200,0,0
B6_D1,162,0,67,0,0
G1_D1,634,0,163,0,0
G1_D1,24,0,20,0,0
G1_D1,1018,0,20,0,0
B10_D1,413,0,339,0,0
B6_D1,853,0,140,0,0
B4_D1,448,0,236,0,0
G1_D1,1010,0,127,0,0
B4_D1,1022,0,350,0,0
B6_D1,802,0,44,0,0
G1_D1,450,0,13,0,0
B10_D1,76,0,204,0,0
B6_D1,856,0,385,0,0
B4_D1,242,0,346,0,0
G1_D1,753,0,159,0,0
B2_D1,496,0,163,0,0
B6_D1,364,0,279,0,0
B10_D1,773,0,67,0,0
B6_D1,406,0,272,0,0
G1_D1,887,0,259,0,0
B10_D1,159,0,59,0,0
B6_D1,232,0,176,0,0
B2_D1,183,0,240,0,0
B6_D1,72,0,324,0,0
B6_D1,151,0,118,0,0
B10_D1,427,0,14,0,0
B10_D1,885,0,474,0,0
B6_D1,788,0,46,0,0
B6_D1,166,0,367,0,0
B10_D1,413,0,133,0,0
B10_D1,30,0,174,0,0
B6_D1,130,0,164,0,0
B2_D1,392,0,199,0,0
B10_D1,180,0,439,0,0
G1_D1,275,0,190,0,0
B4_D1,677,0,59,0,0
B6_D1,798,0,150,0,0
B10_D1,666,0,139,0,0
B10_D1,145,0,284,0,0
G1_D1,639,0,4,0,0
G1_D1,859,0,182,0,0
G1_D1,1023,0,118,0,0
B10_D1,25,0,163,0,0
G1_D1,802,0,80,0,0
B10_D1,6,0,356,0,0
G1_D1,1008,0,116,0,0
B10_D1,419,0,133,0,0
B6_D1,1010,0,72,0,0
B10_D1,123,0,58,0,0
B10_D1,135,0,281,0,0
B6_D1,986,0,341,0,0
B10_D1,954,0,260,0,0
B10_D1,372,0,139,0,0
G1_D1,109,0,26,0,0
G1_D1,766,0,116,0,0
B4_D1,672,0,200,0,0
B6_D1,14,0,506,0,0
G1_D1,999,0,209,0,0
G1_D1,664,0,245,0,0
B10_D1,596,0,80,0,0
G1_D1,59,0,326,0,0
B4_D1,362,0,200,0,0
B10_D1,143,0,10,0,0
B6_D1,830,0,1,0,0
G1_D1,709,0,6,0,0
B6_D1,817,0,259,0,0
B10_D1,204,0,43,0,0
G1_D1,292,0,39,0,0
B10_D1,375,0,57,0,0
B10_D1,846,0,340,0,0
B6_D1,628,0,288,0,0
B10_D1,21,0,132,0,0
B10_D1,944,0,365,0,0
B6_D1,960,0,85,0,0
B10_D1,131,0,104,0,0
G1_D1,768,0,50,0,0
B6_D1,376,0,20,0,0
B6_D1,788,0,120,0,0
G1_D1,592,0,144,0,0
B10_D1,465,0,139,0,0
G1_D1,633,0,139,0,0
B6_D1,292,0,49,0,0
B6_D1,5,0,381,0,0
B4_D1,470,0,373,0,0
B6_D1,152,0,43,0,0
B6_D1,926,0,25,0,0
B6_D1,555,0,360,0,0
B4_D1,263,0,258,0,0
B4_D1,941,0,35,0,0
B10_D1,916,0,486,0,0
B6_D1,58,0,398,0,0
G1_D1,713,0,249,0,0
B4_D1,0,0,125,0,0
B6_D1,439,0,347,0,0
B10_D1,876,0,364,0,0
G1_D1,477,0,216,0,0
B10_D1,171,0,280,0,0
B6_D1,963,0,50,0,0
B2_D1,730,0,31,0,0
B6_D1,500,0,436,0,0
B10_D1,357,0,2,0,0
B10_D1,98,0,274,0,0
B10_D1,187,0,140,0,0
B10_D1,902,0,44,0,0
B6_D1,403,0,450,0,0
G1_D1,527,0,110,0,0
B4_D1,944,0,100,0,0
B10_D1,607,0,66,0,0
B10_D1,1018,0,76,0,0
B10_D1,793,0,36,0,0
B8_D1,611,0,299,0,0
G1_D1,257,0,14,0,0
B6_D1,879,0,261,0,0
B6_D1,303,0,460,0,0
B6_D1,782,0,309,0,0
B10_D1,117,0,8,0,0
G1_D1,827,0,238,0,0
B10_D1,91,0,303,0,0
G1_D1,754,0,57,0,0
B6_D1,874,0,190,0,0
B6_D1,459,0,53,0,0
G1_D1,665,0,188,0,0
B6_D1,644,0,25,0,0
B10_D1,392,0,231,0,0
B10_D1,531,0,480,0,0
B2_D1,678,0,11,0,0
B6_D1,150,0,505,0,0
G1_D1,38,0,200,0,0
B8_D1,186,0,45,0,0
B6_D1,111,0,454,0,0
G1_D1,11,0,256,0,0
B6_D1,281,0,270,0,0
B4_D1,0,0,176,0,0
B10_D1,513,0,300,0,0
B10_D1,362,0,337,0,0
B6_D1,546,0,0,0,0
B10_D1,184,0,62,0,0
B6_D1,370,0,44,0,0
B10_D1,868,0,212,0,0
B4_D1,670,0,202,0,0
B10_D1,436,0,309,0,0
B6_D1,897,0,389,0,0
G1_D1,93,0,95,0,0
G1_D1,40,0,55,0,0
B10_D1,915,0,84,0,0
B10_D1,734,0,13,0,0
G1_D1,335,0,388,0,0
B6_D1,603,0,184,0,0
B2_D1,570,0,481,0,0
G1_D1,623,0,198,0,0
G1_D1,604,0,249,0,0
B2_D1,861,0,177,0,0
B10_D1,768,0,311,0,0
B6_D1,968,0,302,0,0
B10_D1,516,0,412,0,0
G1_D1,300,0,22,0,0
B6_D1,176,0,509,0,0
B10_D1,318,0,237,0,0
G1_D1,855,0,76,0,0
B6_D1,865,0,448,0,0
G1_D1,66,0,384,0,0
G1_D1,761,0,463,0,0
B2_D1,564,0,286,0,0
B10_D1,238,0,131,0,0
B2_D1,473,0,157,0,0
B2_D1,639,0,46,0,0
G1_D1,369,0,135,0,0
B6_D1,513,0,324,0,0
G1_D1,1014,0,284,0,0
B10_D1,778,0,162,0,0
B10_D1,8,0,365,0,0
B2_D1,407,0,160,0,0
B10_D1,487,0,241,0,0
B6_D1,360,0,145,0,0
B10_D1,954,0,35,0,0
B10_D1,594,0,300,0,0
G1_D1,774,0,103,0,0
B4_D1,20,0,1,0,0
B8_D1,18,0,264,0,0
B10_D1,14,0,58,0,0
G1_D1,1014,0,134,0,0
B10_D1,579,0,145,0,0
B6_D1,185,0,274,0,0
B6_D1,924,0,30,0,0
B10_D1,159,0,426,0,0
G1_D1,909,0,301,0,0
B8_D1,597,0,214,0,0
B6_D1,78,0,132,0,0
B10_D1,290,0,180,0,0
B6_D1,74,0,31,0,0
B6_D1,744,0,158,0,0
B6_D1,994,0,20,0,0
B6_D1,784,0,257,0,0
B2_D1,633,0,147,0,0
G1_D1,744,0,47,0,0
B10_D1,88,0,401,0,0
B10_D1,1022,0,153,0,0
G1_D1,913,0,298,0,0
G1_D1,987,0,130,0,0
B10_D1,656,0,33,0,0
B6_D1,622,0,11,0,0
B6_D1,515,0,271,0,0
B10_D1,142,0,290,0,0
B10_D1,503,0,150,0,0
B6_D1,676,0,44,0,0
G1_D1,143,0,279,0,0
B6_D1,150,0,30,0,0
B10_D1,685,0,178,0,0
B6_D1,657,0,439,0,0
B10_D1,921,0,17,0,0
B2_D1,222,0,137,0,0
B10_D1,523,0,52,0,0
G1_D1,42,0,404,0,0
B6_D1,162,0,3,0,0
B10_D1,12,0,359,0,0
B6_D1,888,0,6,0,0
B10_D1,766,0,161,0,0
G1_D1,809,0,39,0,0
G1_D1,7,0,355,0,0
B6_D1,250,0,478,0,0
B2_D1,280,0,293,0,0
B4_D1,515,0,223,0,0
B6_D1,986,0,296,0,0
B10_D1,823,0,59,0,0
B4_D1,353,0,202,0,0
B6_D1,818,0,16,0,0
B6_D1,888,0,12,0,0
B8_D1,0,0,291,0,0
B10_D1,1022,0,502,0,0
B6_D1,743,0,336,0,0
G1_D1,931,0,56,0,0
G1_D1,34,0,168,0,0
G1_D1,903,0,89,0,0
G1_D1,542,0,233,0,0
B10_D1,910,0,401,0,0
B6_D1,1013,0,78,0,0
B10_D1,213,0,341,0,0
B10_D1,826,0,430,0,0
B6_D1,977,0,469,0,0
B6_D1,182,0,63,0,0
G1_D1,757,0,271,0,0
B6_D1,128,0,491,0,0
B6_D1,582,0,42,0,0
B10_D1,338,0,213,0,0
G1_D1,470,0,107,0,0
B10_D1,236,0,320,0,0
G1_D1,312,0,18,0,0
B6_D1,818,0,146,0,0
G1_D1,475,0,353,0,0
B4_D1,1022,0,291,0,0
B6_D1,13,0,294,0,0
B2_D1,692,0,499,0,0
B6_D1,789,0,119,0,0
B6_D1,3,0,347,0,0
B10_D1,404,0,97,0,0
B2_D1,146,0,132,0,0
B6_D1,62,0,170,0,0
B6_D1,679,0,225,0,0
B10_D1,180,0,5,0,0
B6_D1,158,0,403,0,0
B6_D1,357,0,435,0,0
G1_D1,709,0,252,0,0
B10_D1,177,0,8,0,0
B6_D1,536,0,37,0,0
G1_D1,989,0,158,0,0
B10_D1,795,0,97,0,0
G1_D1,238,0,117,0,0
B6_D1,543,0,330,0,0
B2_D1,165,0,67,0,0
B6_D1,469,0,294,0,0
G1_D1,596,0,456,0,0
B6_D1,996,0,508,0,0
G1_D1,28,0,189,0,0
B6_D1,249,0,361,0,0
B6_D1,427,0,274,0,0
B10_D1,638,0,54,0,0
B6_D1,1004,0,25,0,0
G1_D1,20,0,260,0,0
B10_D1,778,0,165,0,0
B6_D1,524,0,494,0,0
B10_D1,413,0,478,0,0
G1_D1,1011,0,256,0,0
B10_D1,375,0,238,0,0
B6_D1,606,0,0,0,0
B6_D1,589,0,189,0,0
G1_D1,706,0,9,0,0
B8_D1,66,0,236,0,-1
B2_D1,977,0,46,0,0
G1_D1,957,0,4,0,0
B8_D1,474,0,292,0,0
B4_D1,116,0,163,0,0
B10_D1,164,0,225,0,0
B6_D1,633,0,428,0,0
G1_D1,33,0,81,0,0
B10_D1,387,0,259,0,0
B6_D1,22,0,2,0,0
B6_D1,778,0,384,0,0
B10_D1,792,0,44,0,0
B4_D1,1021,0,287,0,0
B10_D1,247,0,421,0,0
B6_D1,446,0,7,0,0
G1_D1,618,0,39,0,0
G1_D1,572,0,229,0,0
B2_D1,172,0,135,0,0
G1_D1,733,0,6,0,0
G1_D1,817,0,446,0,0
B10_D1,182,0,9,0,0
G1_D1,544,0,27,0,0
B4_D1,561,0,394,0,0
B10_D1,37,0,309,0,0
B6_D1,573,0,439,0,0
B6_D1,345,0,264,0,0
G1_D1,17,0,263,0,0
B10_D1,240,0,5,0,0
B2_D1,850,0,77,0,0
B4_D1,551,0,200,0,0
B6_D1,537,0,226,0,0
B2_D1,243,0,66,0,0
B4_D1,446,0,374,0,0
B6_D1,754,0,26,0,0
B4_D1,1023,0,132,0,0
B6_D1,922,0,2,0,0
B6_D1,324,0,45,0,0
B10_D1,504,0,208,0,0
B6_D1,177,0,474,0,0
B10_D1,468,0,14,0,0
B6_D1,863,0,118,0,0
B10_D1,849,0,84,0,0
B6_D1,406,0,5,0,0
B6_D1,480,0,6,0,0
G1_D1,652,0,3,0,0
B6_D1,828,0,3,0,0
B6_D1,644,0,183,0,0
B4_D1,5,0,16,0,0
B6_D1,631,0,362,0,0
B6_D1,710,0,46,0,0
G1_D1,607,0,241,0,0
G1_D1,211,0,35,0,0
B10_D1,850,0,339,0,0
G1_D1,517,0,53,0,0
B6_D1,771,0,93,0,0
B10_D1,412,0,505,0,0
B2_D1,931,0,65,0,0
B6_D1,470,0,494,0,0
B2_D1,292,0,391,0,0
B10_D1,414,0,100,0,0
B4_D1,786,0,72,0,0
G1_D1,526,0,249,0,0
G1_D1,837,0,257,0,0
B6_D1,821,0,128,0,0
B10_D1,6,0,153,0,0
B6_D1,68,0,488,0,0
G1_D1,681,0,117,0,0
B6_D1,704,0,7,0,0
G1_D1,989,0,137,0,0
G1_D1,962,0,5,0,0
B10_D1,216,0,135,0,0
G1_D1,665,0,195,0,0
G1_D1,274,0,241,0,0
B2_D1,92,0,275,0,0
B2_D1,952,0,34,0,0
B10_D1,514,0,285,0,0
B10_D1,767,0,43,0,0
G1_D1,717,0,456,0,0
B2_D1,667,0,171,0,0
B6_D1,543,0,128,0,0
B10_D1,183,0,8,0,0
B10_D1,6,0,40,0,0
B6_D1,217,0,186,0,0
B10_D1,323,0,131,0,0
B6_D1,738,0,383,0,0
B6_D1,52,0,8,0,0
B10_D1,1023,0,172,0,0
B4_D1,533,0,286,0,0
B6_D1,679,0,298,0,0
B6_D1,90,0,39,0,0
B4_D1,265,0,323,0,0
B10_D1,784,0,94,0,0
G1_D1,263,0,409,0,0
B6_D1,841,0,368,0,0
B2_D1,407,0,508,0,0
G1_D1,670,0,110,0,0
B10_D1,389,0,478,0,0
B6_D1,494,0,43,0,0
B6_D1,988,0,61,0,0
B10_D1,724,0,310,0,0
B6_D1,523,0,396,0,0
G1_D1,456,0,127,0,0
B10_D1,231,0,21,0,0
G1_D1,986,0,5,0,0
B6_D1,215,0,334,0,0
B8_D1,92,0,191,0,0
B6_D1,659,0,384,0,0
B6_D1,118,0,498,0,0
B10_D1,345,0,25,0,0
B10_D1,983,0,103,0,0
B6_D1,29,0,124,0,0
G1_D1,248,0,271,0,0
B6_D1,949,0,213,0,0
B6_D1,986,0,51,0,0
B10_D1,296,0,327,0,0
B10_D1,522,0,218,0,0
B10_D1,666,0,387,0,0
B6_D1,280,0,341,0,0
B10_D1,542,0,279,0,0
B2_D1,35,0,128,0,0
B6_D1,362,0,22,0,0
G1_D1,1018,0,395,0,0
B10_D1,497,0,408,0,0
G1_D1,1007,0,76,0,0
B4_D1,852,0,206,0,0
B10_D1,907,0,66,0,0
B6_D1,882,0,395,0,0
B6_D1,889,0,140,0,0
B6_D1,356,0,168,0,0
B6_D1,590,0,506,0,0
G1_D1,533,0,15,0,0
B6_D1,966,0,418,0,0
B6_D1,782,0,118,0,0
B6_D1,106,0,108,0,0
B6_D1,582,0,166,0,0
B10_D1,247,0,356,0,0
B10_D1,145,0,271,0,0
B10_D1,911,0,326,0,0
B6_D1,482,0,506,0,0
B6_D1,56,0,19,0,0
B6_D1,654,0,12,0,0
B6_D1,898,0,507,0,0
B2_D1,370,0,175,0,0
G1_D1,67,0,54,0,0
G1_D1,555,0,464,0,0
B6_D1,177,0,107,0,0
B10_D1,608,0,193,0,0
B6_D1,390,0,490,0,0
B6_D1,3,0,233,0,0
B2_D1,825,0,53,0,0
G1_D1,863,0,104,0,0
B10_D1,36,0,275,0,0
B6_D1,690,0,430,0,0
B6_D1,284,0,185,0,0
B6_D1,632,0,348,0,0
B10_D1,814,0,339,0,0
B6_D1,982,0,345,0,0
B10_D1,443,0,303,0,0
G1_D1,762,0,109,0,0
B10_D1,331,0,169,0,0
B8_D1,88,0,184,0,0
B6_D1,6,0,364,0,0
B6_D1,410,0,364,0,0
B6_D1,185,0,77,0,0
B6_D1,752,0,423,0,0
B6_D1,403,0,119,0,0
B6_D1,594,0,367,0,0
B6_D1,771,0,59,0,0
B10_D1,181,0,23,0,0
B10_D1,455,0,276,0,0
B6_D1,690,0,457,0,0
G1_D1,534,0,7,0,0
B6_D1,828,0,15,0,0
G1_D1,748,0,41,0,0
B10_D1,721,0,403,0,0
B4_D1,746,0,213,0,0
B6_D1,284,0,491,0,0
B10_D1,819,0,437,0,0
B6_D1,85,0,450,0,0
B2_D1,617,0,111,0,0
B10_D1,527,0,265,0,0
B6_D1,406,0,292,0,0
B2_D1,714,0,361,0,0
B10_D1,436,0,159,0,0
B2_D1,545,0,41,0,0
B10_D1,9,0,223,0,0
G1_D1,769,0,56,0,0
B6_D1,372,0,36,0,0
B10_D1,532,0,119,0,0
B10_D1,981,0,49,0,0
B6_D1,840,0,161,0,0
B6_D1,986,0,304,0,0
B2_D1,993,0,278,0,0
G1_D1,794,0,445,0,0
B10_D1,296,0,415,0,0
B4_D1,76,0,460,0,0
B6_D1,120,0,18,0,0
B6_D1,200,0,1,0,0
B4_D1,775,0,83,0,0
G1_D1,607,0,197,0,0
B4_D1,97,0,131,0,0
B2_D1,542,0,220,0,0
B6_D1,474,0,169,0,0
B2_D1,757,0,46,0,0
G1_D1,948,0,239,0,0
B6_D1,422,0,37,0,0
G1_D1,866,0,1,0,0
G1_D1,1009,0,169,0,0
B4_D1,358,0,367,0,0
B10_D1,984,0,101,0,0
G1_D1,718,0,366,0,0
B6_D1,124,0,17,0,0
G1_D1,581,0,8,0,0
B6_D1,748,0,299,0,0
B10_D1,64,0,279,0,0
B10_D1,705,0,124,0,0
B6_D1,809,0,294,0,0
B4_D1,426,0,32,0,0
B10_D1,368,0,221,0,0
B10_D1,595,0,486,0,0
B10_D1,712,0,118,0,0
B2_D1,721,0,3,0,0
B10_D1,469,0,502,0,0
B10_D1,610,0,183,0,0
B10_D1,322,0,170,0,0
B6_D1,708,0,308,0,0
B10_D1,733,0,421,0,0
B8_D1,137,0,128,0,0
B10_D1,1004,0,481,0,0
B10_D1,728,0,59,0,0
B6_D1,158,0,87,0,0
G1_D1,277,0,57,0,0
B6_D1,527,0,172,0,0
G1_D1,495,0,10,0,0
G1_D1,718,0,435,0,0
B10_D1,539,0,9,0,0
B10_D1,396,0,133,0,0
B6_D1,548,0,494,0,0
B6_D1,390,0,511,0,0
B10_D1,534,0,101,0,0
G1_D1,749,0,249,0,0
B10_D1,126,0,204,0,0
B10_D1,601,0,231,0,0
B6_D1,570,0,268,0,0
B10_D1,3,0,257,0,0
B6_D1,582,0,182,0,0
G1_D1,266,0,287,0,0
B6_D1,316,0,35,0,0
B8_D1,412,0,282,0,0
G1_D1,11,0,353,0,0
B10_D1,518,0,56,0,0
B4_D1,613,0,348,0,0
B6_D1,372,0,33,0,0
G1_D1,28,0,229,0,0
B10_D1,490,0,96,0,0
B10_D1,1010,0,212,0,0
B6_D1,152,0,319,0,0
B10_D1,6,0,312,0,0
G1_D1,1010,0,162,0,0
G1_D1,114,0,0,0,0
B10_D1,7,0,364,0,0
B10_D1,970,0,50,0,0
G1_D1,506,0,482,0,0
B2_D1,170,0,307,0,0
B6_D1,412,0,498,0,0
B10_D1,6,0,106,0,0
G1_D1,530,0,1,0,0
B10_D1,728,0,251,0,0
G1_D1,426,0,22,0,0
B10_D1,592,0,199,0,0
B10_D1,698,0,444,0,0
B6_D1,644,0,10,0,0
G1_D1,752,0,465,0,0
B6_D1,47,0,118,0,0
G1_D1,393,0,198,0,0
B10_D1,284,0,257,0,0
B10_D1,888,0,83,0,0
B10_D1,473,0,411,0,0
G1_D1,942,0,461,0,0
B10_D1,912,0,235,0,0
B6_D1,916,0,507,0,0
B6_D1,269,0,135,0,0
B6_D1,416,0,40,0,0
B2_D1,528,0,40,0,0
B6_D1,983,0,405,0,0
B6_D1,113,0,477,0,0
B10_D1,617,0,317,0,0
G1_D1,836,0,130,0,0
B10_D1,116,0,39,0,0
G1_D1,483,0,77,0,0
B6_D1,348,0,9,0,0
B4_D1,708,0,69,0,0
B6_D1,141,0,168,0,0
B10_D1,216,0,42,0,0
G1_D1,734,0,132,0,0
G1_D1,344,0,94,0,0
B2_D1,876,0,211,0,0
B10_D1,431,0,336,0,0
B6_D1,53,0,412,0,0
B6_D1,732,0,30,0,0
B6_D1,82,0,501,0,0
B4_D1,742,0,31,0,0
B2_D1,844,0,509,0,0
B4_D1,415,0,189,0,0
B6_D1,358,0,29,0,0
B6_D1,1002,0,508,0,0
B6_D1,683,0,226,0,0
B10_D1,575,0,239,0,0
B6_D1,862,0,489,0,0
B10_D1,463,0,156,0,0
B10_D1,13,0,57,0,0
B4_D1,176,0,120,0,0
B10_D1,406,0,311,0,0
G1_D1,411,0,112,0,0
B10_D1,108,0,285,0,0
B10_D1,1005,0,63,0,0
G1_D1,787,0,6,0,0
B6_D1,257,0,360,0,0
G1_D1,727,0,285,0,0
B6_D1,86,0,16,0,0
G1_D1,151,0,253,0,0
G1_D1,203,0,438,0,0
B10_D1,411,0,236,0,0
B6_D1,428,0,37,0,0
B10_D1,876,0,5,0,0
B6_D1,137,0,254,0,0
B6_D1,820,0,29,0,0
B6_D1,58,0,47,0,0
B10_D1,196,0,451,0,0
B10_D1,195,0,231,0,0
B6_D1,869,0,235,0,0
B4_D1,17,0,501,0,0
B10_D1,294,0,5,0,0
G1_D1,612,0,510,0,0
B10_D1,712,0,162,0,0
B10_D1,302,0,188,0,0
B6_D1,94,0,197,0,0
B6_D1,404,0,293,0,0
B6_D1,806,0,333,0,0
G1_D1,769,0,39,0,0
B6_D1,22,0,230,0,0
B10_D1,65,0,127,0,0
B10_D1,490,0,161,0,0
G1_D1,209,0,119,0,0
B6_D1,602,0,503,0,0
B6_D1,3,0,55,0,0
B6_D1,423,0,224,0,0
B10_D1,321,0,253,0,0
B10_D1,575,0,156,0,0
G1_D1,875,0,72,0,0
B6_D1,518,0,494,0,0
G1_D1,609,0,192,0,0
B6_D1,920,0,497,0,0
B4_D1,13,0,167,0,0
B4_D1,1023,0,43,0,0
B6_D1,560,0,10,0,0
B6_D1,813,0,73,0,0
B10_D1,132,0,235,0,0
B10_D1,355,0,261,0,0
B4_D1,245,0,62,0,0
B10_D1,390,0,483,0,0
B4_D1,668,0,267,0,0
B4_D1,988,0,210,0,0
G1_D1,589,0,16,0,0
B6_D1,251,0,386,0,0
G1_D1,482,0,482,0,0
G1_D1,564,0,40,0,0
G1_D1,445,0,228,0,0
B10_D1,34,0,183,0,0
B6_D1,670,0,369,0,0
G1_D1,489,0,480,0,0
G1_D1,676,0,71,0,0
B6_D1,526,0,20,0,0
B6_D1,717,0,469,0,0
G1_D1,81,0,44,0,0
B10_D1,872,0,369,0,0
G1_D1,446,0,483,0,0
G1_D1,849,0,313,0,0
B6_D1,713,0,479,0,0
B6_D1,462,0,27,0,0
B2_D1,828,0,511,0,0
B6_D1,464,0,459,0,0
B6_D1,684,0,129,0,0
B6_D1,496,0,17,0,0
B6_D1,760,0,354,0,0
B10_D1,766,0,373,0,0
B6_D1,619,0,279,0,0
B6_D1,278,0,497,0,0
B10_D1,856,0,31,0,0
B10_D1,763,0,417,0,0
B6_D1,995,0,269,0,0
B6_D1,864,0,484,0,0
B10_D1,59,0,146,0,0
G1_D1,327,0,17,0,0
B10_D1,421,0,17,0,0
B6_D1,255,0,375,0,0
B2_D1,414,0,492,0,0
B6_D1,290,0,291,0,0
G1_D1,70,0,100,0,0
B6_D1,107,0,481,0,0
B6_D1,506,0,406,0,0
B6_D1,234,0,453,0,0
G1_D1,360,0,22,0,0
B6_D1,135,0,110,0,0
B10_D1,860,0,371,0,0
G1_D1,90,0,20,0,0
B6_D1,375,0,212,0,0
G1_D1,143,0,197,0,0
B10_D1,641,0,281,0,0
B6_D1,443,0,440,0,0
G1_D1,906,0,233,0,0
B4_D1,148,0,87,0,0
B10_D1,428,0,145,0,0
B6_D1,473,0,291,0,0
B10_D1,312,0,178,0,0
B2_D1,739,0,29,0,0
G1_D1,158,0,333,0,0
B6_D1,533,0,61,0,0
B6_D1,939,0,236,0,0
G1_D1,622,0,159,0,0
B10_D1,359,0,16,0,0
B10_D1,425,0,480,0,0
G1_D1,696,0,262,0,0
G1_D1,642,0,28,0,0
B10_D1,165,0,170,0,0
B6_D1,465,0,312,0,0
B10_D1,405,0,111,0,0
B4_D1,905,0,14,0,0
B6_D1,702,0,366,0,0
B6_D1,170,0,34,0,0
B6_D1,28,0,498,0,0
G1_D1,15,0,65,0,0
B4_D1,3,0,496,0,0
B10_D1,935,0,219,0,0
B10_D1,593,0,151,0,0
B10_D1,17,0,143,0,0
G1_D1,904,0,64,0,0
B6_D1,647,0,186,0,0
B10_D1,942,0,39,0,0
B6_D1,5,0,66,0,0
B6_D1,690,0,366,0,0
B6_D1,290,0,480,0,0
B6_D1,535,0,63,0,0
B6_D1,422,0,62,0,0
B8_D1,669,0,248,0,0
B10_D1,280,0,304,0,0
G1_D1,781,0,307,0,0
B6_D1,254,0,183,0,0
B6_D1,746,0,162,0,0
B10_D1,192,0,177,0,0
G1_D1,941,0,27,0,0
B10_D1,851,0,351,0,0
B6_D1,720,0,415,0,0
B10_D1,2,0,398,0,0
B2_D1,329,0,494,0,0
B10_D1,74,0,122,0,0
G1_D1,255,0,295,0,0
G1_D1,213,0,495,0,0
B6_D1,460,0,167,0,0
G1_D1,85,0,359,0,0
B10_D1,317,0,267,0,0
G1_D1,490,0,511,0,0
B10_D1,544,0,474,0,0
B6_D1,40,0,23,0,0
B4_D1,1023,0,162,0,0
B2_D1,563,0,510,0,0
G1_D1,157,0,191,0,0
G1_D1,65,0,25,0,0
B10_D1,324,0,172,0,0
B10_D1,744,0,404,0,0
B6_D1,637,0,168,0,0
B10_D1,142,0,447,0,0
B4_D1,580,0,380,0,0
B10_D1,618,0,294,0,0
B2_D1,549,0,103,0,0
B4_D1,685,0,51,0,0
G1_D1,915,0,488,0,0
G1_D1,751,0,34,0,0
G1_D1,587,0,193,0,0
G1_D1,244,0,160,0,0
B10_D1,436,0,508,0,0
B10_D1,431,0,488,0,0
G1_D1,15,0,17,0,0
B6_D1,876,0,39,0,0
B10_D1,562,0,160,0,0
B6_D1,221,0,476,0,0
G1_D1,993,0,87,0,0
B10_D1,48,0,260,0,0
B6_D1,589,0,431,0,0
B6_D1,22,0,14,0,0
B4_D1,75,0,38,0,0
B10_D1,395,0,194,0,0
B6_D1,429,0,321,0,0
B10_D1,348,0,206,0,0
B6_D1,800,0,162,0,0
B6_D1,340,0,331,0,0
G1_D1,251,0,180,0,0
B10_D1,209,0,290,0,0
B10_D1,305,0,60,0,0
G1_D1,893,0,15,0,0
B10_D1,660,0,509,0,0
B6_D1,593,0,262,0,0
B6_D1,222,0,502,0,0
B10_D1,472,0,227,0,0
B10_D1,446,0,202,0,0
B6_D1,384,0,15,0,0
B6_D1,488,0,414,0,0
B6_D1,78,0,12,0,0
B6_D1,132,0,189,0,0
B10_D1,14,0,281,0,0
B6_D1,462,0,511,0,0
B6_D1,80,0,275,0,0
B10_D1,545,0,269,0,0
B6_D1,968,0,1,0,0
B6_D1,606,0,264,0,0
B6_D1,106,0,82,0,0
B2_D1,3,0,71,0,0
B10_D1,9,0,339,0,0
B10_D1,484,0,338,0,0
B10_D1,206,0,449,0,0
B10_D1,478,0,136,0,0
B2_D1,889,0,459,0,0
B2_D1,643,0,106,0,0
G1_D1,771,0,101,0,0
G1_D1,853,0,231,0,0
G1_D1,672,0,13,0,0
B4_D1,277,0,243,0,0
B10_D1,796,0,94,0,0
B10_D1,469,0,464,0,0
B6_D1,184,0,405,0,0
G1_D1,394,0,158,0,0
B6_D1,442,0,504,0,0
B6_D1,944,0,497,0,0
B2_D1,893,0,396,0,0
B10_D1,817,0,59,0,0
B6_D1,95,0,196,0,0
B10_D1,14,0,273,0,0
B6_D1,524,0,500,0,0
G1_D1,1015,0,472,0,0
B6_D1,810,0,150,0,0
B6_D1,896,0,34,0,0
B6_D1,346,0,49,0,0
B10_D1,608,0,208,0,0
B6_D1,241,0,130,0,0
B6_D1,830,0,16,0,0
B4_D1,833,0,257,0,0
B6_D1,967,0,416,0,0
B6_D1,179,0,170,0,0
B6_D1,1014,0,211,0,0
B6_D1,242,0,332,0,0
G1_D1,680,0,196,0,0
B10_D1,539,0,215,0,0
B4_D1,625,0,185,0,0
B2_D1,527,0,510,0,0
G1_D1,297,0,129,0,0
G1_D1,32,0,266,0,0
B10_D1,516,0,301,0,0
B6_D1,886,0,396,0,0
B10_D1,12,0,184,0,0
B10_D1,426,0,15,0,0
B6_D1,797,0,255,0,0
B2_D1,565,0,457,0,0
B6_D1,798,0,196,0,0
B10_D1,626,0,291,0,0
B4_D1,712,0,44,0,0
B4_D1,932,0,251,0,0
B10_D1,882,0,101,0,0
B6_D1,146,0,485,0,0
B8_D1,843,0,228,0,0
B10_D1,433,0,497,0,0
B6_D1,880,0,239,0,0
B10_D1,537,0,258,0,0
B6_D1,15,0,91,0,0
B6_D1,596,0,34,0,0
B10_D1,834,0,360,0,0
B6_D1,275,0,380,0,0
B2_D1,789,0,63,0,0
B10_D1,992,0,212,0,0
B8_D1,135,0,72,0,0
B10_D1,399,0,245,0,0
B10_D1,541,0,312,0,0
B6_D1,816,0,375,0,0
G1_D1,295,0,105,0,0
B6_D1,808,0,47,0,0
B6_D1,49,0,278,0,0
B6_D1,118,0,38,0,0
B10_D1,918,0,66,0,0
B4_D1,8,0,193,0,0
B6_D1,656,0,348,0,0
B4_D1,419,0,188,0,0
B6_D1,108,0,287,0,0
B4_D1,189,0,410,0,0
B10_D1,432,0,223,0,0
B6_D1,999,0,81,0,0
G1_D1,676,0,68,0,0
B6_D1,407,0,363,0,0
B6_D1,592,0,44,0,0
B10_D1,730,0,95,0,0
G1_D1,987,0,174,0,0
B10_D1,192,0,505,0,0
B6_D1,308,0,66,0,0
G1_D1,12,0,375,0,0
B2_D1,400,0,485,0,0
B10_D1,523,0,479,0,0
B10_D1,619,0,25,0,0
B10_D1,895,0,87,0,0
B2_D1,769,0,360,0,0
B10_D1,607,0,352,0,0
B6_D1,256,0,23,0,0
B10_D1,314,0,310,0,0
B6_D1,966,0,12,0,0
B6_D1,439,0,357,0,0
B10_D1,22,0,34,0,0
G1_D1,783,0,126,0,0
B10_D1,503,0,487,0,0
G1_D1,868,0,3,0,0
B6_D1,476,0,10,0,0
G1_D1,776,0,306,0,0
B6_D1,795,0,217,0,0
G1_D1,302,0,277,0,0
B4_D1,977,0,67,0,0
B6_D1,402,0,18,0,0
B4_D1,519,0,281,0,0
B10_D1,691,0,255,0,0
G1_D1,349,0,397,0,0
B2_D1,273,0,61,0,0
B6_D1,260,0,1,0,0
B4_D1,127,0,419,0,0
B6_D1,886,0,29,0,0
B10_D1,79,0,324,0,0
B10_D1,159,0,53,0,0
B6_D1,767,0,164,0,0
B10_D1,730,0,352,0,0
B10_D1,866,0,287,0,0
B10_D1,144,0,107,0,0
B10_D1,520,0,165,0,0
B10_D1,209,0,58,0,0
B6_D1,824,0,332,0,0
G1_D1,929,0,8,0,0
B10_D1,232,0,155,0,0
B6_D1,898,0,14,0,0
B10_D1,667,0,62,0,0
B2_D1,156,0,2,0,0
B4_D1,921,0,219,0,0
B10_D1,568,0,73,0,0
B10_D1,682,0,67,0,0
B4_D1,560,0,199,0,0
B10_D1,28,0,43,0,0
B6_D1,743,0,60,0,0
G1_D1,620,0,236,0,0
B4_D1,94,0,301,0,0
B2_D1,417,0,172,0,0
B4_D1,759,0,156,0,0
B6_D1,768,0,100,0,0
B10_D1,579,0,149,0,0
B6_D1,4,0,222,0,0
B6_D1,334,0,44,0,0
G1_D1,212,0,70,0,0
G1_D1,999,0,34,0,0
B6_D1,552,0,385,0,0
B6_D1,1014,0,320,0,0
B10_D1,117,0,88,0,0
B2_D1,940,0,20,0,0
B6_D1,964,0,483,0,0
G1_D1,94,0,267,0,0
B2_D1,741,0,5,0,0
B10_D1,512,0,207,0,0
B10_D1,213,0,72,0,0
G1_D1,688,0,161,0,0
G1_D1,981,0,79,0,0
B6_D1,886,0,2,0,0
B2_D1,733,0,13,0,0
B4_D1,223,0,18,0,0
B4_D1,108,0,267,0,0
B6_D1,956,0,500,0,0
B10_D1,408,0,140,0,0
B6_D1,944,0,419,0,0
B10_D1,502,0,497,0,0
B10_D1,709,0,282,0,0
B2_D1,766,0,359,0,0
G1_D1,299,0,14,0,0
G1_D1,111,0,306,0,0
B4_D1,1022,0,315,0,0
B6_D1,352,0,44,0,0
B6_D1,972,0,94,0,0
B6_D1,972,0,511,0,0
B6_D1,457,0,262,0,0
B4_D1,65,0,426,0,0
G1_D1,101,0,15,0,0
G1_D1,334,0,3,0,0
B10_D1,117,0,448,0,0
B6_D1,872,0,31,0,0
B10_D1,189,0,242,0,0
B10_D1,186,0,51,0,0
G1_D1,654,0,510,0,0
B10_D1,740,0,325,0,0
B10_D1,173,0,238,0,0
G1_D1,191,0,173,0,0
B4_D1,149,0,90,0,0
B10_D1,641,0,448,0,0
B6_D1,532,0,23,0,0
B10_D1,215,0,60,0,0
B10_D1,636,0,144,0,0
G1_D1,267,0,240,0,0
G1_D1,783,0,51,0,0
B10_D1,680,0,311,0,0
B6_D1,718,0,202,0,0
G1_D1,215,0,182,0,0
B10_D1,118,0,274,0,0
B10_D1,84,0,5,0,0
B6_D1,856,0,200,0,0
B10_D1,538,0,285,0,0
B2_D1,832,0,86,0,0
B4_D1,39,0,132,0,0
B6_D1,639,0,480,0,0
G1_D1,762,0,479,0,0
B2_D1,707,0,48,0,0
B10_D1,135,0,100,0,0
B10_D1,205,0,7,0,0
B2_D1,966,0,73,0,0
G1_D1,171,0,236,0,0
B6_D1,525,0,381,0,0
B4_D1,510,0,260,0,0
B10_D1,716,0,80,0,0
G1_D1,93,0,44,0,0
B4_D1,96,0,47,0,0
G1_D1,144,0,13,0,0
B10_D1,563,0,507,0,0
B6_D1,346,0,32,0,0
B6_D1,966,0,490,0,0
G1_D1,37,0,133,0,0
B10_D1,593,0,207,0,0
B10_D1,428,0,138,0,0
B10_D1,384,0,185,0,0
G1_D1,773,0,488,0,0
B10_D1,1022,0,217,0,0
G1_D1,720,0,42,0,0
G1_D1,200,0,61,0,0
G1_D1,748,0,104,0,0
B4_D1,770,0,214,0,0
B10_D1,1021,0,511,0,0
B6_D1,793,0,424,0,0
B10_D1,831,0,257,0,0
B6_D1,384,0,487,0,0
B4_D1,338,0,349,0,0
G1_D1,888,0,115,0,0
B6_D1,282,0,73,0,0
B4_D1,554,0,199,0,0
B4_D1,420,0,415,0,0
B6_D1,65,0,159,0,0
B6_D1,195,0,340,0,0
B10_D1,416,0,501,0,0
G1_D1,430,0,241,0,0
B6_D1,626,0,7,0,0
G1_D1,25,0,271,0,0
B6_D1,18,0,327,0,0
G1_D1,31,0,195,0,0
B6_D1,271,0,178,0,0
B6_D1,54,0,505,0,0
B6_D1,468,0,280,0,0
G1_D1,13,0,356,0,0
B8_D1,246,0,189,0,0
G1_D1,784,0,244,0,0
B4_D1,930,0,88,0,0
B6_D1,25,0,196,0,0
B6_D1,396,0,33,0,0
B4_D1,206,0,271,0,0
B10_D1,143,0,307,0,0
G1_D1,256,0,78,0,0
G1_D1,932,0,280,0,0
B6_D1,70,0,483,0,0
B6_D1,357,0,103,0,0
G1_D1,904,0,340,0,0
B10_D1,131,0,456,0,0
B6_D1,310,0,325,0,0
B6_D1,560,0,266,0,0
B6_D1,152,0,425,0,0
G1_D1,172,0,71,0,0
B6_D1,56,0,22,0,0
G1_D1,500,0,218,0,0
G1_D1,925,0,6,0,0
B6_D1,644,0,386,0,0
B6_D1,34,0,82,0,0
B6_D1,308,0,31,0,0
B2_D1,294,0,58,0,0
B10_D1,346,0,181,0,0
B10_D1,638,0,311,0,0
G1_D1,614,0,141,0,0
G1_D1,410,0,87,0,0
B6_D1,180,0,83,0,0
G1_D1,818,0,44,0,0
B10_D1,473,0,408,0,0
B6_D1,534,0,0,0,0
B6_D1,562,0,267,0,0
B6_D1,454,0,329,0,0
B6_D1,598,0,332,0,0
B4_D1,6,0,441,0,0
B10_D1,483,0,472,0,0
B4_D1,896,0,251,0,0
B8_D1,47,0,274,0,0
B10_D1,587,0,411,0,0
G1_D1,1013,0,237,0,0
B10_D1,936,0,55,0,0
B4_D1,268,0,242,0,0
B2_D1,858,0,40,0,0
G1_D1,960,0,234,0,0
G1_D1,209,0,15,0,0
G1_D1,794,0,5,0,0
G1_D1,87,0,203,0,0
G1_D1,718,0,360,0,0
B10_D1,757,0,91,0,0
B6_D1,926,0,443,0,0
B10_D1,523,0,216,0,0
B6_D1,291,0,374,0,0
B2_D1,968,0,113,0,0
B10_D1,386,0,9,0,0
B6_D1,168,0,33,0,0
B2_D1,751,0,23,0,0
B6_D1,296,0,25,0,0
B4_D1,968,0,207,0,0
G1_D1,973,0,278,0,0
B10_D1,425,0,18,0,0
B10_D1,80,0,200,0,0
B2_D1,24,0,39,0,0
B6_D1,385,0,102,0,0
B10_D1,267,0,8,0,0
B10_D1,407,0,253,0,0
B6_D1,829,0,151,0,0
G1_D1,13,0,267,0,0
B10_D1,478,0,29,0,0
B6_D1,39,0,170,0,0
B10_D1,261,0,245,0,0
B10_D1,139,0,24,0,0
B10_D1,149,0,165,0,0
G1_D1,739,0,469,0,0
B6_D1,625,0,417,0,0
B10_D1,353,0,178,0,0
G1_D1,34,0,40,0,0
B6_D1,569,0,231,0,0
B10_D1,242,0,284,0,0
G1_D1,66,0,53,0,0
B4_D1,692,0,267,0,0
B6_D1,778,0,111,0,0
B10_D1,492,0,157,0,0
B10_D1,833,0,90,0,0
B10_D1,13,0,55,0,0
B10_D1,791,0,444,0,0
B8_D1,191,0,194,0,0
B6_D1,555,0,289,0,0
B4_D1,4,0,492,0,0
B4_D1,660,0,35,0,0
B6_D1,728,0,28,0,0
B10_D1,181,0,78,0,0
B4_D1,224,0,17,0,0
G1_D1,774,0,257,0,0
G1_D1,102,0,268,0,0
B6_D1,882,0,150,0,0
B6_D1,850,0,41,0,0
B10_D1,40,0,20,0,0
B10_D1,269,0,205,0,0
B2_D1,730,0,0,0,0
B6_D1,536,0,439,0,0
B6_D1,539,0,181,0,0
G1_D1,116,0,277,0,0
B10_D1,553,0,158,0,0
B6_D1,833,0,391,0,0
B10_D1,186,0,166,0,0
B10_D1,311,0,45,0,0
B6_D1,542,0,28,0,0
B10_D1,783,0,408,0,0
B6_D1,1011,0,229,0,0
B10_D1,654,0,233,0,0
B6_D1,687,0,372,0,0
B2_D1,132,0,446,0,0
B2_D1,806,0,226,0,0
B6_D1,978,0,169,0,0
B10_D1,257,0,235,0,0
B10_D1,2,0,39,0,0
B6_D1,1012,0,142,0,0
B10_D1,381,0,283,0,0
B10_D1,147,0,226,0,0
B4_D1,728,0,246,0,0
B10_D1,598,0,261,0,0
B6_D1,32,0,49,0,0
B10_D1,463,0,504,0,0
B4_D1,380,0,388,0,0
B2_D1,668,0,224,0,0
B10_D1,886,0,208,0,0
B10_D1,197,0,237,0,0
B10_D1,74,0,97,0,0
B6_D1,72,0,382,0,0
G1_D1,319,0,400,0,0
B4_D1,1022,0,157,0,0
B10_D1,675,0,73,0,0
B6_D1,46,0,84,0,0
G1_D1,17,0,33,0,0
B6_D1,60,0,266,0,0
B10_D1,232,0,67,0,0
B10_D1,528,0,217,0,0
B10_D1,291,0,261,0,0
G1_D1,215,0,68,0,0
G1_D1,1003,0,29,0,0
B6_D1,870,0,499,0,0
B6_D1,208,0,470,0,0
G1_D1,718,0,272,0,0
B10_D1,466,0,463,0,0
B6_D1,874,0,95,0,0
G1_D1,1001,0,72,0,0
B10_D1,105,0,171,0,0
B6_D1,178,0,325,0,0
B10_D1,17,0,323,0,0
B6_D1,842,0,43,0,0
G1_D1,60,0,69,0,0
B6_D1,194,0,22,0,0
B10_D1,661,0,300,0,0
B10_D1,946,0,90,0,0
G1_D1,877,0,16,0,0
B10_D1,155,0,104,0,0
B6_D1,118,0,26,0,0
G1_D1,146,0,375,0,0
B6_D1,972,0,9,0,0
B4_D1,827,0,89,0,0
B6_D1,55,0,105,0,0
B6_D1,710,0,482,0,0
B6_D1,470,0,22,0,0
B6_D1,922,0,35,0,0
B10_D1,481,0,63,0,0
B6_D1,537,0,383,0,0
B4_D1,120,0,19,0,0
B10_D1,65,0,93,0,0
B4_D1,752,0,48,0,0
B10_D1,272,0,9,0,0
G1_D1,159,0,168,0,0
B10_D1,566,0,90,0,0
B6_D1,832,0,200,0,0
B6_D1,48,0,9,0,0
G1_D1,682,0,310,0,0
B10_D1,339,0,8,0,0
B6_D1,828,0,395,0,0
B10_D1,591,0,321,0,0
B6_D1,282,0,12,0,0
B6_D1,106,0,38,0,0
B10_D1,645,0,204,0,0
B10_D1,852,0,406,0,0
G1_D1,228,0,22,0,0
G1_D1,948,0,209,0,0
B6_D1,264,0,68,0,0
B10_D1,590,0,212,0,0
B6_D1,828,0,49,0,0
B6_D1,201,0,65,0,0
G1_D1,578,0,37,0,0
G1_D1,17,0,62,0,0
B6_D1,342,0,511,0,0
B6_D1,558,0,176,0,0
B10_D1,223,0,430,0,0
B10_D1,575,0,269,0,0
B10_D1,668,0,41,0,0
B10_D1,406,0,166,0,0
B6_D1,1023,0,252,0,0
B10_D1,562,0,510,0,0
G1_D1,760,0,477,0,0
G1_D1,13,0,305,0,0
B2_D1,676,0,71,0,0
B10_D1,977,0,477,0,0
B10_D1,113,0,401,0,0
B6_D1,236,0,500,0,0
B6_D1,50,0,81,0,0
B6_D1,191,0,81,0,0
G1_D1,618,0,285,0,0
G1_D1,1004,0,225,0,0
G1_D1,884,0,233,0,0
B4_D1,646,0,236,0,0
G1_D1,678,0,272,0,0
B10_D1,799,0,8,0,0
G1_D1,926,0,19,0,0
B6_D1,984,0,21,0,0
B10_D1,36,0,266,0,0
B6_D1,976,0,78,0,0
B10_D1,520,0,478,0,0
B10_D1,555,0,170,0,0
B6_D1,124,0,35,0,0
B10_D1,228,0,250,0,0
G1_D1,1021,0,17,0,0
B10_D1,686,0,510,0,0
B6_D1,906,0,42,0,0
B6_D1,519,0,276,0,0
B4_D1,326,0,167,0,0
B6_D1,749,0,297,0,0
G1_D1,418,0,294,0,0
B6_D1,842,0,34,0,0
B6_D1,728,0,43,0,0
B10_D1,197,0,10,0,0
B6_D1,408,0,490,0,0
B10_D1,753,0,361,0,0
B6_D1,807,0,147,0,0
B6_D1,1020,0,433,0,0
B6_D1,524,0,503,0,0
B6_D1,538,0,304,0,0
B6_D1,601,0,431,0,0
B6_D1,855,0,326,0,0
B6_D1,316,0,11,0,0
B4_D1,4,0,75,0,0
B2_D1,409,0,208,0,0
B6_D1,148,0,115,0,0
B10_D1,329,0,63,0,0
G1_D1,540,0,467,0,0
B6_D1,838,0,483,0,0
B6_D1,355,0,292,0,0
B6_D1,563,0,164,0,0
B10_D1,690,0,391,0,0
B6_D1,992,0,19,0,0
B8_D1,140,0,124,0,0
G1_D1,824,0,318,0,0
B10_D1,478,0,138,0,0
B10_D1,29,0,216,0,0
G1_D1,97,0,62,0,0
B6_D1,13,0,350,0,0
G1_D1,170,0,59,0,0
B10_D1,855,0,329,0,0
B10_D1,426,0,387,0,0
B6_D1,984,0,115,0,0
G1_D1,45,0,135,0,0
B6_D1,182,0,10,0,0
B10_D1,258,0,308,0,0
B2_D1,456,0,483,0,0
B10_D1,329,0,485,0,0
G1_D1,23,0,265,0,0
G1_D1,768,0,7,0,0
B8_D1,593,0,185,0,0
B10_D1,309,0,277,0,0
B10_D1,583,0,112,0,0
B6_D1,411,0,315,0,0
B10_D1,514,0,204,0,0
B10_D1,68,0,40,0,0
B10_D1,8,0,347,0,0
B10_D1,687,0,299,0,0
B6_D1,944,0,43,0,0
B4_D1,12,0,236,0,0
B4_D1,344,0,17,0,0
B6_D1,377,0,253,0,0
B6_D1,322,0,510,0,0
G1_D1,993,0,45,0,0
G1_D1,425,0,123,0,0
B10_D1,704,0,455,0,0
B6_D1,44,0,407,0,0
G1_D1,984,0,95,0,0
B6_D1,819,0,381,0,0
G1_D1,203,0,234,0,0
B4_D1,585,0,303,0,0
G1_D1,644,0,38,0,0
G1_D1,316,0,511,0,0
B10_D1,211,0,328,0,0
B6_D1,18,0,508,0,0
B10_D1,415,0,199,0,0
G1_D1,24,0,42,0,0
G1_D1,206,0,25,0,0
B10_D1,513,0,289,0,0
B6_D1,747,0,204,0,0
B6_D1,489,0,245,0,0
B10_D1,159,0,37,0,0
B2_D1,335,0,160,0,0
B6_D1,1020,0,67,0,0
B10_D1,745,0,114,0,0
B6_D1,698,0,419,0,0
G1_D1,422,0,11,0,0
B6_D1,733,0,457,0,0
B6_D1,367,0,352,0,0
B10_D1,774,0,60,0,0
B6_D1,746,0,485,0,0
B6_D1,754,0,5,0,0
B10_D1,789,0,15,0,0
B4_D1,144,0,92,0,0
B2_D1,64,0,28,0,0
B6_D1,938,0,46,0,0
G1_D1,750,0,67,0,0
B6_D1,856,0,337,0,0
B10_D1,275,0,126,0,0
B6_D1,156,0,493,0,0
B2_D1,246,0,129,0,0
B6_D1,128,0,19,0,0
B6_D1,652,0,11,0,0
B10_D1,36,0,22,0,0
B10_D1,0,0,314,0,0
G1_D1,342,0,148,0,0
G1_D1,995,0,150,0,0
G1_D1,635,0,14,0,0
B6_D1,691,0,395,0,0
B10_D1,671,0,158,0,0
B10_D1,763,0,107,0,0
B6_D1,414,0,332,0,0
B10_D1,265,0,170,0,0
B10_D1,271,0,247,0,0
G1_D1,242,0,272,0,0
B6_D1,646,0,483,0,0
B10_D1,322,0,313,0,0
G1_D1,710,0,115,0,0
B2_D1,1004,0,56,0,0
B10_D1,1023,0,108,0,0
B6_D1,436,0,492,0,0
B4_D1,607,0,37,0,0
B10_D1,588,0,316,0,0
G1_D1,945,0,263,0,0
B6_D1,528,0,45,0,0
B4_D1,106,0,41,0,0
B6_D1,232,0,401,0,0
G1_D1,520,0,18,0,0
B6_D1,131,0,476,0,0
B10_D1,9,0,60,0,0
G1_D1,962,0,1,0,0
B10_D1,302,0,415,0,0
B4_D1,21,0,131,0,0
B2_D1,514,0,288,0,0
B6_D1,650,0,183,0,0
B10_D1,313,0,416,0,0
B6_D1,834,0,379,0,0
B10_D1,174,0,234,0,0
B10_D1,822,0,67,0,0
G1_D1,133,0,100,0,0
B6_D1,120,0,45,0,0
B6_D1,845,0,369,0,0
B10_D1,14,0,53,0,0
G1_D1,45,0,76,0,0
B6_D1,862,0,107,0,0
B6_D1,1020,0,12,0,0
B10_D1,495,0,489,0,0
B2_D1,444,0,287,0,0
B10_D1,458,0,46,0,0
G1_D1,296,0,32,0,0
B10_D1,759,0,74,0,0
B10_D1,355,0,477,0,0
B10_D1,330,0,414,0,0
B8_D1,19,0,202,0,0
B10_D1,484,0,69,0,0
G1_D1,20,0,306,0,0
B6_D1,601,0,352,0,0
B8_D1,193,0,107,0,0
G1_D1,348,0,22,0,0
B10_D1,416,0,492,0,0
B6_D1,760,0,403,0,0
B10_D1,228,0,459,0,0
G1_D1,148,0,37,0,0
B2_D1,38,0,131,0,0
G1_D1,70,0,308,0,0
B6_D1,352,0,29,0,0
B6_D1,290,0,168,0,0
B10_D1,447,0,31,0,0
G1_D1,295,0,54,0,0
B6_D1,875,0,438,0,0
B10_D1,509,0,473,0,0
B10_D1,406,0,505,0,0
B10_D1,518,0,9,0,0
B6_D1,35,0,255,0,0
B10_D1,682,0,44,0,0
B10_D1,317,0,65,0,0
B6_D1,78,0,45,0,0
B6_D1,424,0,35,0,0
B10_D1,225,0,107,0,0
B6_D1,294,0,169,0,0
B10_D1,786,0,449,0,0
B10_D1,528,0,331,0,0
B6_D1,542,0,34,0,0
B6_D1,700,0,305,0,0
B4_D1,764,0,66,0,0
B10_D1,101,0,281,0,0
B10_D1,662,0,382,0,0
B10_D1,552,0,157,0,0
B6_D1,276,0,177,0,0
G1_D1,998,0,409,0,0
B10_D1,690,0,396,0,0
G1_D1,721,0,326,0,0
G1_D1,952,0,219,0,0
B6_D1,504,0,236,0,0
B6_D1,439,0,70,0,0
B6_D1,204,0,39,0,0
B10_D1,841,0,270,0,0
B6_D1,931,0,61,0,0
B6_D1,902,0,494,0,0
B6_D1,104,0,139,0,0
B10_D1,186,0,175,0,0
B10_D1,435,0,239,0,0
B6_D1,357,0,436,0,0
B4_D1,379,0,16,0,0
B6_D1,861,0,115,0,0
B10_D1,805,0,63,0,0
B10_D1,465,0,114,0,0
G1_D1,444,0,75,0,0
B10_D1,455,0,79,0,0
B10_D1,718,0,49,0,0
B10_D1,596,0,334,0,0
B6_D1,94,0,377,0,0
B6_D1,546,0,377,0,0
B6_D1,80,0,19,0,0
B4_D1,1013,0,14,0,0
B10_D1,3,0,161,0,0
B10_D1,211,0,7,0,0
B8_D1,599,0,299,0,0
G1_D1,775,0,209,0,0
B6_D1,542,0,354,0,0
G1_D1,582,0,27,0,0
B6_D1,668,0,132,0,0
B10_D1,259,0,276,0,0
B6_D1,100,0,5,0,0
B6_D1,0,0,36,0,0
B6_D1,160,0,343,0,0
G1_D1,148,0,94,0,0
B6_D1,180,0,382,0,0
B2_D1,165,0,52,0,0
B6_D1,364,0,14,0,0
B6_D1,338,0,482,0,0
B10_D1,305,0,54,0,0
B6_D1,681,0,388,0,0
B10_D1,1,0,219,0,0
B10_D1,111,0,193,0,0
B10_D1,604,0,357,0,0
B2_D1,888,0,511,0,0
B6_D1,118,0,32,0,0
B4_D1,535,0,278,0,0
B6_D1,290,0,25,0,0
B2_D1,206,0,213,0,0
B6_D1,60,0,33,0,0
B6_D1,736,0,38,0,0
B6_D1,802,0,134,0,0
B8_D1,779,0,312,0,0
B6_D1,58,0,114,0,0
B6_D1,82,0,20,0,0
B10_D1,822,0,34,0,0
B10_D1,608,0,258,0,0
G1_D1,12,0,219,0,0
B10_D1,925,0,328,0,0
B6_D1,702,0,163,0,0
B2_D1,145,0,0,0,0
B10_D1,202,0,287,0,0
B10_D1,89,0,201,0,0
B10_D1,882,0,465,0,0
B6_D1,151,0,113,0,0
B10_D1,203,0,222,0,0
B2_D1,300,0,41,0,0
B2_D1,886,0,39,0,0
B10_D1,850,0,324,0,0
B10_D1,197,0,45,0,0
B2_D1,406,0,493,0,0
B10_D1,532,0,298,0,0
B10_D1,542,0,316,0,0
B8_D1,574,0,291,0,0
B6_D1,148,0,478,0,0
B6_D1,536,0,1,0,0
B6_D1,596,0,494,0,0
B10_D1,7,0,221,0,0
B6_D1,846,0,59,0,0
B6_D1,486,0,247,0,0
B6_D1,238,0,498,0,0
G1_D1,776,0,422,0,0
B2_D1,926,0,261,0,0
G1_D1,994,0,234,0,0
B6_D1,470,0,500,0,0
B6_D1,872,0,13,0,0
G1_D1,1021,0,88,0,0
G1_D1,112,0,9,0,0
B6_D1,893,0,54,0,0
B6_D1,45,0,417,0,0
B6_D1,2,0,485,0,0
B6_D1,7,0,93,0,0
G1_D1,57,0,44,0,0
B6_D1,84,0,129,0,0
B6_D1,630,0,502,0,0
B10_D1,682,0,395,0,0
G1_D1,557,0,122,0,0
B10_D1,638,0,52,0,0
B6_D1,954,0,431,0,0
G1_D1,1008,0,244,0,0
B10_D1,403,0,263,0,0
B6_D1,43,0,203,0,0
B6_D1,830,0,105,0,0
B10_D1,473,0,481,0,0
B2_D1,679,0,500,0,0
B10_D1,458,0,63,0,0
B10_D1,249,0,21,0,0
B6_D1,120,0,12,0,0
G1_D1,9,0,347,0,0
B10_D1,276,0,37,0,0
G1_D1,364,0,56,0,0
B2_D1,798,0,246,0,0
B6_D1,628,0,53,0,0
B10_D1,793,0,241,0,0
B6_D1,996,0,468,0,0
G1_D1,112,0,418,0,0
B6_D1,92,0,98,0,0
B10_D1,76,0,199,0,0
B2_D1,769,0,134,0,0
B10_D1,133,0,49,0,0
B6_D1,826,0,330,0,0
B10_D1,91,0,131,0,0
B6_D1,524,0,344,0,0
B6_D1,352,0,356,0,0
G1_D1,189,0,44,0,0
B2_D1,984,0,117,0,0
B6_D1,1001,0,100,0,0
B6_D1,131,0,186,0,0
B8_D1,646,0,179,0,0
G1_D1,857,0,435,0,0
G1_D1,342,0,308,0,0
G1_D1,727,0,35,0,0
G1_D1,744,0,31,0,0
B10_D1,774,0,463,0,0
B10_D1,203,0,30,0,0
G1_D1,137,0,263,0,0
B10_D1,146,0,337,0,0
B6_D1,402,0,391,0,0
B10_D1,46,0,451,0,0
G1_D1,76,0,327,0,0
B6_D1,542,0,25,0,0
B10_D1,539,0,99,0,0
G1_D1,861,0,466,0,0
B10_D1,538,0,160,0,0
B4_D1,606,0,156,0,0
B6_D1,685,0,229,0,0
G1_D1,256,0,235,0,0
B6_D1,483,0,71,0,0
B6_D1,174,0,135,0,0
B6_D1,652,0,49,0,0
B10_D1,636,0,294,0,0
B10_D1,769,0,417,0,0
B10_D1,191,0,251,0,0
B10_D1,19,0,162,0,0
B10_D1,199,0,142,0,0
B4_D1,194,0,134,0,0
G1_D1,852,0,32,0,0
G1_D1,331,0,58,0,0
G1_D1,31,0,154,0,0
B6_D1,73,0,375,0,0
B10_D1,181,0,509,0,0
B10_D1,149,0,511,0,0
B4_D1,124,0,161,0,0
B10_D1,514,0,119,0,0
B10_D1,324,0,218,0,0
G1_D1,686,0,1,0,0
B6_D1,176,0,7,0,0
B6_D1,863,0,89,0,0
B4_D1,108,0,318,0,0
B6_D1,234,0,508,0,0
B10_D1,443,0,304,0,0
G1_D1,913,0,469,0,0
G1_D1,320,0,1,0,0
B6_D1,260,0,376,0,0
B6_D1,173,0,58,0,0
B6_D1,894,0,418,0,0
B6_D1,743,0,337,0,0
B10_D1,458,0,182,0,0
B10_D1,73,0,322,0,0
B10_D1,365,0,339,0,0
G1_D1,23,0,79,0,0
B6_D1,744,0,383,0,0
B8_D1,260,0,184,0,0
G1_D1,367,0,159,0,0
B6_D1,974,0,48,0,0
B10_D1,972,0,34,0,0
B10_D1,112,0,461,0,0
B10_D1,331,0,191,0,0
B10_D1,121,0,154,0,0
B10_D1,467,0,18,0,0
B6_D1,535,0,246,0,0
G1_D1,1012,0,77,0,0
G1_D1,910,0,64,0,0
B6_D1,988,0,47,0,0
B2_D1,368,0,484,0,0
B10_D1,604,0,59,0,0
B10_D1,407,0,274,0,0
B2_D1,684,0,95,0,0
B10_D1,110,0,414,0,0
B6_D1,605,0,303,0,0
B2_D1,588,0,151,0,0
B6_D1,474,0,281,0,0
B6_D1,576,0,313,0,0
G1_D1,66,0,93,0,0
G1_D1,8,0,324,0,0
B10_D1,121,0,451,0,0
B10_D1,77,0,511,0,0
B6_D1,552,0,319,0,0
G1_D1,919,0,30,0,0
G1_D1,578,0,158,0,0
B10_D1,4,0,337,0,0
B6_D1,49,0,212,0,0
B6_D1,411,0,316,0,0
B10_D1,106,0,311,0,0
B6_D1,230,0,303,0,0
B6_D1,496,0,510,0,0
B6_D1,710,0,1,0,0
B6_D1,380,0,488,0,0
B10_D1,441,0,31,0,0
B10_D1,772,0,30,0,0
B10_D1,129,0,506,0,0
G1_D1,724,0,23,0,0
B6_D1,690,0,6,0,0
B6_D1,907,0,242,0,0
B6_D1,13,0,348,0,0
B4_D1,486,0,246,0,0
B10_D1,435,0,236,0,0
G1_D1,851,0,34,0,0
B10_D1,318,0,252,0,0
B10_D1,354,0,50,0,0
B2_D1,213,0,401,0,0
B6_D1,6,0,111,0,0
B10_D1,548,0,11,0,0
B8_D1,757,0,209,0,0
B10_D1,658,0,83,0,0
B2_D1,823,0,59,0,0
B4_D1,5,0,216,0,0
B10_D1,495,0,148,0,0
B10_D1,360,0,483,0,0
B10_D1,711,0,102,0,0
G1_D1,275,0,77,0,0
B6_D1,516,0,52,0,0
B10_D1,626,0,142,0,0
B2_D1,234,0,397,0,0
B10_D1,991,0,5,0,0
G1_D1,87,0,10,0,0
B6_D1,700,0,483,0,0
B10_D1,907,0,98,0,0
B6_D1,44,0,488,0,0
G1_D1,53,0,109,0,0
B10_D1,223,0,118,0,0
B6_D1,1022,0,314,0,0
B10_D1,571,0,124,0,0
G1_D1,363,0,368,0,0
B10_D1,378,0,246,0,0
B4_D1,522,0,140,0,0
B2_D1,842,0,39,0,0
G1_D1,818,0,241,0,0
B4_D1,598,0,364,0,0
B2_D1,735,0,78,0,0
B4_D1,80,0,5,0,0
B2_D1,641,0,510,0,0
B10_D1,246,0,346,0,0
B6_D1,176,0,491,0,0
B6_D1,186,0,502,0,0
B6_D1,642,0,457,0,0
G1_D1,186,0,258,0,0
G1_D1,842,0,5,0,0
B6_D1,79,0,85,0,0
B2_D1,522,0,511,0,0
G1_D1,561,0,247,0,0
B10_D1,341,0,65,0,0
G1_D1,333,0,435,0,0
B6_D1,92,0,37,0,0
G1_D1,525,0,120,0,0
B6_D1,400,0,26,0,0
B4_D1,226,0,45,0,0
B6_D1,182,0,62,0,0
B10_D1,375,0,30,0,0
B6_D1,0,0,305,0,0
B10_D1,716,0,249,0,0
B10_D1,87,0,185,0,0
B6_D1,395,0,316,0,0
G1_D1,955,0,16,0,0
B6_D1,698,0,342,0,0
G1_D1,9,0,248,0,0
G1_D1,391,0,194,0,0
G1_D1,245,0,8,0,0
B10_D1,389,0,190,0,0
G1_D1,14,0,287,0,0
G1_D1,79,0,47,0,0
B6_D1,1,0,80,0,0
G1_D1,160,0,259,0,0
B6_D1,848,0,71,0,0
G1_D1,2,0,1,0,0
G1_D1,38,0,101,0,0
B10_D1,732,0,405,0,0
B8_D1,1022,0,59,0,0
G1_D1,133,0,136,0,0
B10_D1,740,0,40,0,0
B10_D1,132,0,107,0,0
G1_D1,290,0,31,0,0
B6_D1,41,0,411,0,0
B6_D1,984,0,94,0,0
B6_D1,420,0,267,0,0
B10_D1,152,0,180,0,0
G1_D1,647,0,2,0,0
B6_D1,994,0,2,0,0
G1_D1,560,0,100,0,0
B6_D1,491,0,438,0,0
B6_D1,483,0,186,0,0
B6_D1,705,0,150,0,0
B10_D1,29,0,112,0,0
B10_D1,864,0,401,0,0
B4_D1,249,0,219,0,0
B6_D1,982,0,26,0,0
B6_D1,837,0,481,0,0
B10_D1,613,0,132,0,0
B6_D1,208,0,2,0,0
B10_D1,453,0,489,0,0
B10_D1,615,0,487,0,0
B6_D1,94,0,492,0,0
B10_D1,322,0,309,0,0
B10_D1,368,0,194,0,0
B6_D1,203,0,275,0,0
B6_D1,873,0,381,0,0
B10_D1,390,0,271,0,0
B6_D1,189,0,340,0,0
B6_D1,682,0,108,0,0
G1_D1,25,0,24,0,0
B10_D1,271,0,3,0,0
B6_D1,983,0,139,0,0
B6_D1,913,0,316,0,0
B6_D1,578,0,309,0,0
B6_D1,244,0,49,0,0
B4_D1,582,0,284,0,0
B2_D1,290,0,201,0,0
B10_D1,629,0,317,0,0
G1_D1,708,0,196,0,0
G1_D1,848,0,257,0,0
B6_D1,770,0,88,0,0
B6_D1,12,0,36,0,0
B10_D1,469,0,406,0,0
G1_D1,384,0,175,0,0
B10_D1,830,0,178,0,0
G1_D1,160,0,322,0,0
B10_D1,903,0,337,0,0
B6_D1,648,0,50,0,0
B4_D1,132,0,19,0,0
B10_D1,31,0,122,0,0
B10_D1,704,0,72,0,0
B6_D1,389,0,296,0,0
B10_D1,226,0,92,0,0
G1_D1,900,0,7,0,0
B10_D1,501,0,224,0,0
B6_D1,923,0,63,0,0
B6_D1,146,0,1,0,0
G1_D1,928,0,69,0,0
B6_D1,692,0,497,0,0
B2_D1,859,0,81,0,0
B6_D1,710,0,382,0,0
B2_D1,733,0,271,0,0
B6_D1,61,0,474,0,0
B10_D1,943,0,40,0,0
B6_D1,1,0,264,0,0
B10_D1,128,0,183,0,0
B6_D1,767,0,463,0,0
B2_D1,479,0,217,0,0
G1_D1,19,0,367,0,0
B10_D1,221,0,451,0,0
G1_D1,12,0,313,0,0
B10_D1,993,0,6,0,0
B4_D1,1018,0,36,0,0
B10_D1,623,0,236,0,0
B2_D1,703,0,223,0,0
B6_D1,7,0,346,0,0
B6_D1,992,0,426,0,0
B4_D1,638,0,180,0,0
B6_D1,38,0,31,0,0
B10_D1,70,0,30,0,0
G1_D1,79,0,133,0,0
B10_D1,201,0,72,0,0
B6_D1,96,0,499,0,0
G1_D1,230,0,24,0,0
B6_D1,358,0,478,0,0
B6_D1,459,0,481,0,0
B10_D1,123,0,159,0,0
B6_D1,50,0,200,0,0
B6_D1,992,0,226,0,0
B6_D1,602,0,491,0,0
B4_D1,46,0,404,0,0
B6_D1,730,0,347,0,0
B6_D1,578,0,488,0,0
B10_D1,153,0,156,0,0
G1_D1,332,0,430,0,0
B6_D1,665,0,479,0,0
B4_D1,919,0,50,0,0
B10_D1,740,0,450,0,0
B4_D1,457,0,98,0,0
G1_D1,470,0,481,0,0
B4_D1,166,0,141,0,0
B2_D1,238,0,479,0,0
G1_D1,25,0,195,0,0
G1_D1,848,0,423,0,0
B10_D1,336,0,49,0,0
B10_D1,669,0,266,0,0
B6_D1,851,0,241,0,0
B6_D1,208,0,349,0,0
B8_D1,645,0,244,0,0
B10_D1,452,0,315,0,0
G1_D1,155,0,192,0,0
G1_D1,448,0,129,0,0
B6_D1,192,0,493,0,0
G1_D1,343,0,428,0,0
B6_D1,425,0,172,0,0
B6_D1,834,0,85,0,0
B6_D1,201,0,435,0,0
B6_D1,624,0,6,0,0
G1_D1,135,0,63,0,0
B10_D1,606,0,482,0,0
B10_D1,293,0,268,0,0
B6_D1,280,0,38,0,0
B10_D1,435,0,507,0,0
B6_D1,168,0,502,0,0
B10_D1,388,0,262,0,0
B2_D1,624,0,290,0,0
B10_D1,369,0,278,0,0
B6_D1,974,0,7,0,0
B4_D1,122,0,41,0,0
B6_D1,236,0,272,0,0
B10_D1,1010,0,481,0,0
G1_D1,748,0,54,0,0
G1_D1,428,0,1,0,0
G1_D1,618,0,13,0,0
B6_D1,546,0,21,0,0
B10_D1,615,0,217,0,0
B10_D1,641,0,315,0,0
B10_D1,739,0,417,0,0
B4_D1,797,0,78,0,0
G1_D1,818,0,318,0,0
B10_D1,647,0,260,0,0
B6_D1,224,0,424,0,0
B6_D1,454,0,510,0,0
B6_D1,691,0,417,0,0
B6_D1,468,0,27,0,0
G1_D1,703,0,6,0,0
B10_D1,260,0,260,0,0
B10_D1,524,0,54,0,0
B6_D1,470,0,25,0,0
B10_D1,646,0,453,0,0
B10_D1,47,0,112,0,0
G1_D1,927,0,238,0,0
B10_D1,171,0,168,0,0
B6_D1,634,0,350,0,0
B4_D1,703,0,61,0,0
B6_D1,143,0,95,0,0
G1_D1,1015,0,110,0,0
B6_D1,808,0,492,0,0
B6_D1,688,0,26,0,0
B6_D1,844,0,5,0,0
B6_D1,632,0,37,0,0
B6_D1,648,0,477,0,0
G1_D1,136,0,99,0,0
B6_D1,915,0,274,0,0
B6_D1,570,0,499,0,0
B6_D1,548,0,445,0,0
B6_D1,300,0,490,0,0
B6_D1,677,0,296,0,0
B10_D1,425,0,334,0,0
B6_D1,597,0,425,0,0
B4_D1,108,0,411,0,0
B4_D1,808,0,214,0,0
B6_D1,242,0,19,0,0
B6_D1,731,0,479,0,0
B8_D1,601,0,300,0,0
G1_D1,9,0,187,0,0
B6_D1,970,0,78,0,0
G1_D1,942,0,492,0,0
B10_D1,541,0,227,0,0
G1_D1,820,0,254,0,0
G1_D1,279,0,279,0,0
B8_D1,961,0,241,0,0
B10_D1,634,0,122,0,0
B6_D1,488,0,37,0,0
B10_D1,472,0,251,0,0
B6_D1,856,0,44,0,0
B10_D1,823,0,239,0,0
B10_D1,509,0,111,0,0
B10_D1,666,0,166,0,0
B10_D1,846,0,68,0,0
B10_D1,73,0,86,0,0
B10_D1,800,0,446,0,0
B6_D1,174,0,6,0,0
G1_D1,181,0,35,0,0
B10_D1,6,0,107,0,0
B10_D1,757,0,365,0,0
B8_D1,23,0,268,0,0
G1_D1,32,0,166,0,0
B6_D1,760,0,53,0,0
B6_D1,121,0,452,0,0
G1_D1,1007,0,40,0,0
B6_D1,453,0,137,0,0
B8_D1,716,0,312,0,0
B4_D1,1019,0,22,0,0
B4_D1,664,0,67,0,0
B10_D1,424,0,457,0,0
G1_D1,469,0,128,0,0
B2_D1,675,0,14,0,0
B6_D1,805,0,445,0,0
G1_D1,535,0,68,0,0
B6_D1,700,0,498,0,0
G1_D1,675,0,92,0,0
B6_D1,344,0,37,0,0
B10_D1,15,0,84,0,0
B4_D1,510,0,231,0,0
B6_D1,231,0,61,0,0
B6_D1,320,0,506,0,0
B10_D1,820,0,314,0,0
B6_D1,995,0,475,0,0
B6_D1,260,0,25,0,0
G1_D1,54,0,268,0,0
B10_D1,842,0,48,0,0
G1_D1,163,0,6,0,0
B2_D1,320,0,201,0,0
B4_D1,158,0,200,0,0
G1_D1,300,0,456,0,0
B6_D1,38,0,250,0,0
B6_D1,272,0,494,0,0
B2_D1,0,0,454,0,0
B8_D1,642,0,227,0,0
B6_D1,394,0,11,0,0
B6_D1,186,0,452,0,0
B10_D1,95,0,290,0,0
B6_D1,352,0,8,0,0
B6_D1,614,0,4,0,0
B6_D1,2,0,406,0,0
G1_D1,121,0,12,0,0
G1_D1,588,0,510,0,0
B4_D1,4,0,318,0,0
B6_D1,509,0,265,0,0
B6_D1,781,0,352,0,0
B4_D1,853,0,233,0,0
B10_D1,10,0,185,0,0
B6_D1,156,0,45,0,0
B10_D1,291,0,1,0,0
B2_D1,924,0,511,0,0
G1_D1,212,0,25,0,0
B10_D1,697,0,268,0,0
B6_D1,704,0,232,0,0
G1_D1,669,0,10,0,0
B10_D1,37,0,254,0,0
G1_D1,1000,0,133,0,0
B6_D1,263,0,198,0,0
B10_D1,829,0,270,0,0
B8_D1,92,0,127,0,0
G1_D1,284,0,395,0,0
G1_D1,672,0,155,0,0
B10_D1,320,0,84,0,0
B6_D1,104,0,25,0,0
G1_D1,913,0,16,0,0
B6_D1,586,0,483,0,0
B6_D1,164,0,150,0,0
B6_D1,838,0,510,0,0
B10_D1,971,0,6,0,0
G1_D1,616,0,29,0,0
G1_D1,327,0,10,0,0
B6_D1,812,0,22,0,0
B6_D1,558,0,30,0,0
G1_D1,143,0,384,0,0
B6_D1,350,0,243,0,0
B4_D1,143,0,45,0,0
B6_D1,828,0,21,0,0
G1_D1,265,0,161,0,0
B10_D1,49,0,168,0,0
B4_D1,506,0,53,0,0
B6_D1,475,0,295,0,0
B4_D1,88,0,159,0,0
B6_D1,997,0,271,0,0
B10_D1,206,0,9,0,0
G1_D1,44,0,179,0,0
B2_D1,148,0,457,0,0
B6_D1,966,0,36,0,0
B6_D1,114,0,196,0,0
B10_D1,677,0,271,0,0
B2_D1,1,0,238,0,0
B6_D1,598,0,293,0,0
B10_D1,322,0,227,0,0
B6_D1,332,0,72,0,0
B4_D1,9,0,321,0,0
B2_D1,179,0,67,0,0
G1_D1,853,0,173,0,0
G1_D1,529,0,30,0,0
G1_D1,503,0,173,0,0
B10_D1,650,0,231,0,0
B10_D1,283,0,445,0,0
B10_D1,226,0,362,0,0
B8_D1,817,0,306,0,0
B2_D1,726,0,511,0,0
G1_D1,1023,0,285,0,0
B6_D1,748,0,275,0,0
G1_D1,772,0,90,0,0
G1_D1,982,0,140,0,0
B10_D1,177,0,156,0,0
B6_D1,203,0,308,0,0
B6_D1,286,0,82,0,0
B6_D1,680,0,37,0,0
B6_D1,707,0,159,0,0
G1_D1,790,0,9,0,0
B10_D1,141,0,240,0,0
G1_D1,482,0,126,0,0
B10_D1,588,0,115,0,0
G1_D1,853,0,270,0,0
B6_D1,919,0,460,0,0
B6_D1,857,0,139,0,0
B10_D1,607,0,105,0,0
G1_D1,858,0,214,0,0
G1_D1,786,0,218,0,0
B6_D1,544,0,346,0,0
B4_D1,844,0,36,0,0
G1_D1,505,0,129,0,0
B6_D1,630,0,499,0,0
G1_D1,1013,0,121,0,0
B6_D1,530,0,482,0,0
B6_D1,12,0,3,0,0
B6_D1,317,0,434,0,0
G1_D1,484,0,230,0,0
B8_D1,40,0,325,0,0
G1_D1,179,0,52,0,0
B6_D1,969,0,220,0,0
B10_D1,275,0,209,0,0
B10_D1,905,0,85,0,0
G1_D1,668,0,252,0,0
B4_D1,7,0,390,0,0
G1_D1,433,0,128,0,0
B4_D1,250,0,53,0,0
B6_D1,900,0,493,0,0
B10_D1,286,0,306,0,0
B6_D1,302,0,291,0,0
B2_D1,866,0,50,0,0
B2_D1,189,0,59,0,0
B6_D1,950,0,188,0,0
G1_D1,21,0,164,0,0
G1_D1,34,0,25,0,0
B6_D1,76,0,32,0,0
B6_D1,214,0,2,0,0
B10_D1,800,0,65,0,0
B10_D1,229,0,251,0,0
G1_D1,879,0,250,0,0
B6_D1,166,0,126,0,0
B2_D1,854,0,237,0,0
B6_D1,873,0,383,0,0
B2_D1,681,0,359,0,0
B10_D1,353,0,485,0,0
B4_D1,22,0,126,0,0
B10_D1,399,0,66,0,0
B6_D1,905,0,101,0,0
B2_D1,947,0,5,0,0
B2_D1,498,0,286,0,0
B10_D1,21,0,80,0,0
B10_D1,215,0,219,0,0
B10_D1,736,0,47,0,0
G1_D1,778,0,69,0,0
G1_D1,875,0,132,0,0
B4_D1,526,0,266,0,0
B6_D1,941,0,346,0,0
B10_D1,441,0,8,0,0
B4_D1,414,0,192,0,0
B6_D1,195,0,368,0,0
G1_D1,259,0,19,0,0
G1_D1,845,0,269,0,0
B10_D1,707,0,328,0,0
B6_D1,666,0,6,0,0
B6_D1,852,0,21,0,0
G1_D1,931,0,499,0,0
B4_D1,649,0,109,0,0
B2_D1,699,0,506,0,0
G1_D1,18,0,18,0,0
B10_D1,643,0,302,0,0
G1_D1,218,0,243,0,0
G1_D1,1022,0,122,0,0
B4_D1,1021,0,69,0,0
B6_D1,45,0,428,0,0
B6_D1,422,0,320,0,0
B10_D1,220,0,76,0,0
B10_D1,170,0,287,0,0
G1_D1,383,0,495,0,0
B6_D1,517,0,246,0,0
B6_D1,773,0,294,0,0
B10_D1,1023,0,406,0,0
G1_D1,100,0,294,0,0
B6_D1,495,0,250,0,0
B10_D1,224,0,66,0,0
G1_D1,740,0,236,0,0
B6_D1,128,0,497,0,0
B10_D1,282,0,252,0,0
B10_D1,458,0,124,0,0
B6_D1,346,0,139,0,0
B2_D1,705,0,53,0,0
B6_D1,985,0,402,0,0
B6_D1,233,0,386,0,0
B10_D1,316,0,189,0,0
B10_D1,18,0,231,0,0
G1_D1,51,0,151,0,0
B10_D1,454,0,475,0,0
G1_D1,13,0,51,0,0
B6_D1,23,0,323,0,0
B6_D1,728,0,466,0,0
B6_D1,480,0,487,0,0
G1_D1,516,0,56,0,0
B6_D1,44,0,250,0,0
G1_D1,467,0,243,0,0
B10_D1,329,0,204,0,0
B10_D1,613,0,3,0,0
B6_D1,104,0,7,0,0
B6_D1,222,0,172,0,0
B6_D1,778,0,387,0,0
B2_D1,502,0,162,0,0
B6_D1,699,0,428,0,0
B6_D1,366,0,371,0,0
B10_D1,324,0,211,0,0
B10_D1,612,0,412,0,0
B6_D1,532,0,26,0,0
B6_D1,454,0,17,0,0
G1_D1,326,0,288,0,0
B6_D1,598,0,32,0,0
B10_D1,2,0,353,0,0
B2_D1,782,0,8,0,0
B6_D1,875,0,104,0,0
B10_D1,370,0,101,0,0
B6_D1,676,0,5,0,0
B4_D1,969,0,296,0,0
B6_D1,616,0,282,0,0
B4_D1,360,0,21,0,0
B6_D1,890,0,342,0,0
B6_D1,376,0,495,0,0
B8_D1,210,0,346,0,0
B4_D1,417,0,120,0,0
B10_D1,303,0,125,0,0
B6_D1,284,0,372,0,0
B4_D1,762,0,209,0,0
B6_D1,822,0,358,0,0
B6_D1,288,0,18,0,0
G1_D1,336,0,7,0,0
B10_D1,725,0,336,0,0
B4_D1,0,0,252,0,0
B6_D1,779,0,250,0,0
B6_D1,902,0,37,0,0
B6_D1,178,0,501,0,0
B6_D1,814,0,394,0,0
B6_D1,146,0,37,0,0
G1_D1,521,0,15,0,0
B6_D1,1007,0,448,0,0
B6_D1,136,0,8,0,0
G1_D1,325,0,58,0,0
B6_D1,634,0,215,0,0
B4_D1,587,0,372,0,0
B10_D1,120,0,498,0,0
B10_D1,723,0,265,0,0
B6_D1,785,0,244,0,0
B6_D1,843,0,356,0,0
B6_D1,752,0,28,0,0
B2_D1,714,0,195,0,0
B4_D1,4,0,399,0,0
B6_D1,1010,0,491,0,0
B10_D1,416,0,224,0,0
B10_D1,148,0,266,0,0
B10_D1,830,0,97,0,0
B2_D1,382,0,48,0,0
G1_D1,691,0,281,0,0
G1_D1,615,0,223,0,0
B10_D1,103,0,115,0,0
B10_D1,989,0,53,0,0
B2_D1,687,0,225,0,0
B6_D1,48,0,493,0,0
B6_D1,972,0,499,0,0
B10_D1,246,0,64,0,0
B6_D1,691,0,412,0,0
G1_D1,41,0,326,0,0
B6_D1,514,0,483,0,0
G1_D1,144,0,500,0,0
B2_D1,648,0,481,0,0
B2_D1,857,0,12,0,0
B10_D1,654,0,70,0,0
B6_D1,958,0,495,0,0
B10_D1,249,0,1,0,0
B10_D1,804,0,49,0,0
B10_D1,221,0,235,0,0
B4_D1,1022,0,306,0,0
B6_D1,742,0,325,0,0
B10_D1,287,0,182,0,0
B4_D1,434,0,419,0,0
B10_D1,601,0,105,0,0
B6_D1,217,0,130,0,0
B6_D1,834,0,9,0,0
G1_D1,150,0,18,0,0
B10_D1,191,0,141,0,0
G1_D1,291,0,21,0,0
B10_D1,639,0,102,0,0
B10_D1,29,0,143,0,0
B10_D1,878,0,89,0,0
B10_D1,929,0,7,0,0
B4_D1,307,0,218,0,0
B6_D1,386,0,279,0,0
B6_D1,50,0,485,0,0
B4_D1,836,0,71,0,0
B10_D1,47,0,146,0,0
B2_D1,523,0,483,0,0
B6_D1,27,0,262,0,0
B10_D1,696,0,193,0,0
B6_D1,800,0,54,0,0
B6_D1,360,0,9,0,0
G1_D1,620,0,141,0,0
G1_D1,7,0,298,0,0
G1_D1,989,0,76,0,0
B6_D1,45,0,238,0,0
B6_D1,555,0,180,0,0
G1_D1,162,0,237,0,0
G1_D1,1019,0,416,0,0
B10_D1,451,0,91,0,0
B6_D1,689,0,111,0,0
G1_D1,27,0,231,0,0
B10_D1,670,0,114,0,0
B6_D1,580,0,47,0,0
B6_D1,482,0,370,0,0
B6_D1,931,0,343,0,0
B10_D1,37,0,93,0,0
B6_D1,695,0,184,0,0
B10_D1,396,0,506,0,0
B6_D1,210,0,389,0,0
G1_D1,831,0,10,0,0
B6_D1,348,0,348,0,0
B10_D1,668,0,22,0,0
B10_D1,18,0,191,0,0
B4_D1,447,0,186,0,0
B6_D1,630,0,194,0,0
B10_D1,266,0,119,0,0
G1_D1,954,0,260,0,0
G1_D1,368,0,40,0,0
G1_D1,463,0,122,0,0
B6_D1,157,0,111,0,0
B2_D1,402,0,111,0,0
G1_D1,378,0,20,0,0
B10_D1,608,0,211,0,0
B4_D1,0,0,453,0,0
B6_D1,190,0,11,0,0
B10_D1,743,0,0,0,0
B10_D1,359,0,241,0,0
B6_D1,776,0,43,0,0
B6_D1,919,0,138,0,0
B6_D1,432,0,36,0,0
B10_D1,407,0,121,0,0
B6_D1,594,0,24,0,0
B6_D1,305,0,212,0,0
B6_D1,990,0,15,0,0
B6_D1,907,0,113,0,0
B6_D1,892,0,35,0,0
B6_D1,254,0,332,0,0
B6_D1,139,0,60,0,0
B10_D1,1003,0,487,0,0
B4_D1,995,0,50,0,0
G1_D1,929,0,258,0,0
G1_D1,25,0,107,0,0
G1_D1,762,0,297,0,0
B2_D1,563,0,0,0,0
B6_D1,732,0,27,0,0
G1_D1,7,0,356,0,0
G1_D1,270,0,264,0,0
B6_D1,739,0,193,0,0
B6_D1,839,0,217,0,0
B6_D1,960,0,157,0,0
B6_D1,960,0,301,0,0
B10_D1,584,0,208,0,0
B6_D1,222,0,284,0,0
G1_D1,38,0,191,0,0
B4_D1,369,0,199,0,0
B6_D1,794,0,48,0,0
B6_D1,273,0,268,0,0
B6_D1,872,0,97,0,0
B10_D1,567,0,302,0,0
G1_D1,735,0,10,0,0
B6_D1,89,0,90,0,0
B6_D1,302,0,186,0,0
G1_D1,23,0,322,0,0
B6_D1,152,0,500,0,0
B4_D1,582,0,181,0,0
B10_D1,18,0,272,0,0
B6_D1,692,0,423,0,0
B6_D1,38,0,25,0,0
B10_D1,899,0,237,0,0
B10_D1,591,0,487,0,0
B4_D1,682,0,268,0,0
B6_D1,337,0,293,0,0
G1_D1,962,0,125,0,0
G1_D1,879,0,255,0,0
G1_D1,800,0,339,0,0
B10_D1,659,0,68,0,0
B6_D1,26,0,412,0,0
B6_D1,158,0,13,0,0
G1_D1,424,0,3,0,0
B10_D1,760,0,202,0,0
B6_D1,990,0,21,0,0
B10_D1,848,0,323,0,0
B10_D1,467,0,487,0,0
B10_D1,475,0,133,0,0
B10_D1,809,0,1,0,0
B6_D1,51,0,399,0,0
B10_D1,919,0,230,0,0
B6_D1,326,0,372,0,0
G1_D1,436,0,121,0,0
B6_D1,936,0,301,0,0
B6_D1,607,0,362,0,0
B10_D1,310,0,195,0,0
G1_D1,336,0,223,0,0
B6_D1,619,0,168,0,0
B6_D1,408,0,6,0,0
B6_D1,760,0,402,0,0
B6_D1,112,0,461,0,0
B8_D1,32,0,196,0,0
G1_D1,8,0,358,0,0
B10_D1,255,0,425,0,0
B8_D1,591,0,206,0,0
G1_D1,497,0,221,0,0
B6_D1,855,0,208,0,0
B2_D1,608,0,482,0,0
B6_D1,478,0,278,0,0
B6_D1,706,0,492,0,0
B6_D1,570,0,163,0,0
B6_D1,597,0,180,0,0
B10_D1,770,0,233,0,0
B6_D1,792,0,97,0,0
B6_D1,679,0,340,0,0
B6_D1,716,0,345,0,0
B10_D1,107,0,493,0,0
B10_D1,551,0,303,0,0
B10_D1,437,0,79,0,0
B4_D1,406,0,232,0,0
B10_D1,184,0,46,0,0
G1_D1,702,0,306,0,0
B6_D1,994,0,258,0,0
B10_D1,765,0,454,0,0
B10_D1,580,0,72,0,0
B10_D1,1,0,354,0,0
G1_D1,80,0,400,0,0
G1_D1,110,0,24,0,0
B10_D1,444,0,342,0,0
B6_D1,928,0,131,0,0
B4_D1,62,0,149,0,0
B10_D1,296,0,9,0,0
G1_D1,1009,0,21,0,0
B6_D1,278,0,291,0,0
G1_D1,380,0,1,0,0
B10_D1,37,0,179,0,0
B4_D1,406,0,291,0,0
B10_D1,479,0,79,0,0
B6_D1,648,0,217,0,0
B4_D1,559,0,79,0,0
G1_D1,104,0,115,0,0
B2_D1,446,0,159,0,0
B10_D1,840,0,317,0,0
B10_D1,856,0,341,0,0
G1_D1,303,0,101,0,0
G1_D1,1020,0,154,0,0
B6_D1,270,0,21,0,0
B10_D1,517,0,80,0,0
B6_D1,877,0,231,0,0
G1_D1,196,0,170,0,0
G1_D1,356,0,420,0,0
B6_D1,895,0,266,0,0
B6_D1,267,0,243,0,0
G1_D1,812,0,19,0,0
B6_D1,934,0,345,0,0
B10_D1,244,0,13,0,0
B6_D1,194,0,122,0,0
B6_D1,639,0,379,0,0
G1_D1,108,0,500,0,0
B6_D1,358,0,2,0,0
B10_D1,28,0,235,0,0
G1_D1,419,0,14,0,0
B10_D1,98,0,484,0,0
G1_D1,19,0,271,0,0
B10_D1,241,0,422,0,0
B10_D1,613,0,7,0,0
B10_D1,731,0,353,0,0
B6_D1,150,0,149,0,0
B10_D1,299,0,93,0,0
B10_D1,40,0,61,0,0
B10_D1,683,0,13,0,0
B10_D1,749,0,2,0,0
G1_D1,495,0,329,0,0
B6_D1,860,0,503,0,0
B6_D1,241,0,149,0,0
G1_D1,411,0,32,0,0
B10_D1,133,0,181,0,0
B6_D1,310,0,418,0,0
B6_D1,243,0,423,0,0
B10_D1,1011,0,2,0,0
G1_D1,940,0,273,0,0
B6_D1,968,0,201,0,0
G1_D1,297,0,486,0,0
B10_D1,502,0,167,0,0
B4_D1,709,0,100,0,0
G1_D1,845,0,2,0,0
B6_D1,428,0,145,0,0
B6_D1,448,0,284,0,0
B6_D1,719,0,94,0,0
G1_D1,485,0,128,0,0
B6_D1,30,0,496,0,0
B6_D1,304,0,501,0,0
G1_D1,557,0,93,0,0
G1_D1,412,0,369,0,0
B6_D1,317,0,50,0,0
G1_D1,62,0,78,0,0
B8_D1,562,0,216,0,0
B6_D1,740,0,22,0,0
B10_D1,444,0,34,0,0
B10_D1,771,0,424,0,0
B6_D1,610,0,61,0,0
B10_D1,324,0,23,0,0
B10_D1,486,0,40,0,0
B10_D1,128,0,114,0,0
G1_D1,598,0,18,0,0
B10_D1,191,0,120,0,0
G1_D1,261,0,55,0,0
B10_D1,783,0,269,0,0
B6_D1,950,0,223,0,0
B6_D1,862,0,385,0,0
B10_D1,662,0,241,0,0
B6_D1,642,0,431,0,0
B10_D1,1008,0,474,0,0
B10_D1,710,0,8,0,0
B6_D1,66,0,119,0,0
B6_D1,330,0,39,0,0
B6_D1,230,0,110,0,0
B4_D1,188,0,64,0,0
B6_D1,735,0,199,0,0
G1_D1,1020,0,505,0,0
G1_D1,54,0,95,0,0
B6_D1,725,0,381,0,0
G1_D1,944,0,280,0,0
B6_D1,464,0,1,0,0
B10_D1,41,0,207,0,0
B10_D1,613,0,137,0,0
B6_D1,924,0,484,0,0
B10_D1,384,0,84,0,0
B6_D1,835,0,231,0,0
B6_D1,222,0,505,0,0
B6_D1,153,0,92,0,0
B6_D1,437,0,157,0,0
G1_D1,242,0,126,0,0
B6_D1,721,0,395,0,0
B6_D1,604,0,495,0,0
B2_D1,304,0,291,0,0
B2_D1,623,0,510,0,0
B10_D1,195,0,215,0,0
G1_D1,211,0,113,0,0
B6_D1,887,0,69,0,0
B10_D1,457,0,223,0,0
B4_D1,255,0,332,0,0
B10_D1,88,0,261,0,0
B6_D1,323,0,204,0,0
B6_D1,958,0,11,0,0
B2_D1,246,0,297,0,0
B10_D1,162,0,432,0,0
B6_D1,214,0,460,0,0
B4_D1,93,0,302,0,0
B6_D1,24,0,297,0,0
B10_D1,99,0,312,0,0
B10_D1,259,0,7,0,0
B4_D1,8,0,314,0,0
G1_D1,257,0,63,0,0
B6_D1,241,0,182,0,0
B6_D1,804,0,161,0,0
B4_D1,151,0,18,0,0
B4_D1,164,0,175,0,0
B10_D1,678,0,387,0,0
B10_D1,89,0,281,0,0
B6_D1,681,0,213,0,0
B6_D1,614,0,500,0,0
G1_D1,153,0,4,0,0
G1_D1,882,0,439,0,0
G1_D1,35,0,157,0,0
B10_D1,758,0,53,0,0
B6_D1,317,0,479,0,0
B10_D1,353,0,204,0,0
B10_D1,399,0,266,0,0
B4_D1,129,0,184,0,0
B6_D1,264,0,18,0,0
B6_D1,420,0,490,0,0
B4_D1,1019,0,126,0,0
B6_D1,48,0,505,0,0
B10_D1,521,0,411,0,0
B10_D1,35,0,29,0,0
B2_D1,1001,0,217,0,0
B4_D1,111,0,319,0,0
B10_D1,416,0,148,0,0
B10_D1,823,0,3,0,0
B8_D1,130,0,263,0,0
B10_D1,669,0,254,0,0
B6_D1,704,0,309,0,0
B6_D1,162,0,135,0,0
B10_D1,575,0,155,0,0
B10_D1,422,0,143,0,0
B6_D1,112,0,32,0,0
B6_D1,766,0,486,0,0
B10_D1,417,0,34,0,0
B10_D1,510,0,287,0,0
B2_D1,670,0,288,0,0
B10_D1,20,0,297,0,0
G1_D1,497,0,64,0,0
B6_D1,892,0,117,0,0
B6_D1,911,0,95,0,0
B6_D1,950,0,193,0,0
B2_D1,514,0,163,0,0
B6_D1,270,0,484,0,0
B10_D1,680,0,24,0,0
G1_D1,107,0,8,0,0
B2_D1,888,0,457,0,0
B6_D1,161,0,275,0,0
B6_D1,631,0,377,0,0
B6_D1,596,0,183,0,0
B6_D1,680,0,25,0,0
B2_D1,860,0,373,0,0
G1_D1,386,0,105,0,0
B10_D1,327,0,336,0,0
B6_D1,896,0,128,0,0
B10_D1,705,0,253,0,0
B10_D1,189,0,68,0,0
B2_D1,683,0,42,0,0
B6_D1,994,0,504,0,0
G1_D1,223,0,131,0,0
B6_D1,345,0,156,0,0
B2_D1,101,0,97,0,0
B6_D1,70,0,501,0,0
B10_D1,456,0,30,0,0
B6_D1,690,0,45,0,0
G1_D1,26,0,146,0,0
B10_D1,865,0,45,0,0
B6_D1,237,0,241,0,0
B2_D1,530,0,220,0,0
G1_D1,247,0,76,0,0
B6_D1,36,0,496,0,0
G1_D1,295,0,235,0,0
B6_D1,436,0,243,0,0
G1_D1,155,0,115,0,0
B4_D1,435,0,375,0,0
G1_D1,488,0,308,0,0
B10_D1,556,0,288,0,0
B4_D1,130,0,180,0,0
B6_D1,748,0,334,0,0
B6_D1,340,0,356,0,0
B2_D1,697,0,141,0,0
G1_D1,13,0,270,0,0
B6_D1,116,0,293,0,0
B6_D1,806,0,22,0,0
B10_D1,19,0,228,0,0
B4_D1,305,0,307,0,0
B2_D1,166,0,253,0,0
B6_D1,648,0,309,0,0
B10_D1,217,0,50,0,0
B4_D1,865,0,20,0,0
B6_D1,61,0,267,0,0
G1_D1,233,0,77,0,0
B10_D1,718,0,72,0,0
B2_D1,133,0,129,0,0
B6_D1,759,0,281,0,0
B2_D1,478,0,469,0,0
B10_D1,515,0,407,0,0
B6_D1,268,0,492,0,0
B6_D1,184,0,330,0,0
B2_D1,298,0,55,0,0
G1_D1,19,0,305,0,0
B6_D1,603,0,267,0,0
G1_D1,548,0,172,0,0
B10_D1,548,0,72,0,0
G1_D1,750,0,446,0,0
B10_D1,191,0,219,0,0
B6_D1,25,0,221,0,0
B10_D1,132,0,71,0,0
G1_D1,1002,0,154,0,0
B10_D1,13,0,19,0,0
B6_D1,278,0,165,0,0
B6_D1,500,0,22,0,0
G1_D1,1017,0,73,0,0
B6_D1,686,0,43,0,0
B10_D1,247,0,358,0,0
B6_D1,832,0,41,0,0
B6_D1,833,0,307,0,0
B2_D1,908,0,10,0,0
G1_D1,738,0,315,0,0
B10_D1,247,0,303,0,0
B10_D1,32,0,180,0,0
B4_D1,656,0,283,0,0
B2_D1,847,0,43,0,0
B2_D1,1,0,325,0,0
B10_D1,665,0,306,0,0
B6_D1,691,0,131,0,0
B4_D1,766,0,260,0,0
B6_D1,262,0,38,0,0
G1_D1,386,0,370,0,0
G1_D1,465,0,4,0,0
G1_D1,405,0,210,0,0
B6_D1,750,0,3,0,0
B6_D1,342,0,170,0,0
B10_D1,766,0,108,0,0
G1_D1,625,0,187,0,0
B10_D1,248,0,244,0,0
B6_D1,102,0,45,0,0
B6_D1,995,0,266,0,0
B6_D1,90,0,279,0,0
G1_D1,731,0,34,0,0
B10_D1,155,0,38,0,0
B6_D1,898,0,5,0,0
G1_D1,198,0,54,0,0
B2_D1,433,0,491,0,0
B6_D1,683,0,158,0,0
G1_D1,995,0,40,0,0
G1_D1,443,0,15,0,0
G1_D1,105,0,299,0,0
G1_D1,332,0,26,0,0
B4_D1,434,0,187,0,0
B4_D1,280,0,311,0,0
G1_D1,1006,0,112,0,0
B10_D1,345,0,118,0,0
B10_D1,65,0,194,0,0
B10_D1,949,0,3,0,0
G1_D1,796,0,117,0,0
B6_D1,357,0,212,0,0
G1_D1,86,0,460,0,0
B4_D1,722,0,298,0,0
B6_D1,142,0,184,0,0
G1_D1,25,0,228,0,0
B6_D1,46,0,231,0,0
B6_D1,441,0,285,0,0
B10_D1,117,0,288,0,0
B6_D1,674,0,455,0,0
B10_D1,21,0,67,0,0
B4_D1,642,0,330,0,0
B10_D1,163,0,186,0,0
G1_D1,241,0,250,0,0
B6_D1,187,0,398,0,0
G1_D1,12,0,89,0,0
G1_D1,851,0,271,0,0
B6_D1,204,0,12,0,0
B6_D1,0,0,165,0,0
B4_D1,93,0,6,0,0
B6_D1,21,0,480,0,0
B6_D1,822,0,45,0,0
B2_D1,648,0,511,0,0
B8_D1,5,0,244,0,0
B6_D1,997,0,297,0,0
G1_D1,724,0,352,0,0
B10_D1,355,0,120,0,0
B4_D1,506,0,257,0,0
B4_D1,678,0,249,0,0
G1_D1,374,0,158,0,0
B6_D1,782,0,74,0,0
B10_D1,203,0,17,0,0
B10_D1,675,0,322,0,0
B8_D1,260,0,186,0,0
B6_D1,432,0,170,0,0
B6_D1,7,0,475,0,0
B6_D1,244,0,507,0,0
B6_D1,732,0,163,0,0
B6_D1,92,0,415,0,0
B10_D1,134,0,278,0,0
B6_D1,706,0,370,0,0
B10_D1,649,0,302,0,0
B10_D1,253,0,72,0,0
B2_D1,931,0,67,0,0
B10_D1,528,0,287,0,0
B10_D1,33,0,47,0,0
G1_D1,118,0,418,0,0
B10_D1,247,0,247,0,0
G1_D1,455,0,56,0,0
B6_D1,230,0,37,0,0
B6_D1,868,0,507,0,0
B6_D1,128,0,468,0,0
B6_D1,806,0,131,0,0
B4_D1,992,0,53,0,0
B6_D1,804,0,42,0,0
B6_D1,352,0,11,0,0
B6_D1,812,0,48,0,0
B10_D1,349,0,19,0,0
B6_D1,768,0,39,0,0
G1_D1,40,0,40,0,0
B6_D1,502,0,510,0,0
B6_D1,239,0,479,0,0
B6_D1,107,0,375,0,0
B6_D1,757,0,351,0,0
B10_D1,476,0,503,0,0
B6_D1,948,0,169,0,0
B6_D1,382,0,495,0,0
B10_D1,128,0,349,0,0
G1_D1,798,0,38,0,0
B2_D1,555,0,509,0,0
B10_D1,227,0,44,0,0
B10_D1,478,0,313,0,0
B4_D1,881,0,13,0,0
B6_D1,769,0,188,0,0
B6_D1,448,0,20,0,0
B4_D1,4,0,485,0,0
B6_D1,832,0,55,0,0
G1_D1,41,0,193,0,0
B4_D1,831,0,207,0,0
G1_D1,218,0,450,0,0
B6_D1,986,0,105,0,0
B4_D1,5,0,164,0,0
B6_D1,587,0,340,0,0
B10_D1,952,0,465,0,0
B6_D1,4,0,468,0,0
B6_D1,30,0,458,0,0
B6_D1,144,0,471,0,0
B4_D1,264,0,229,0,0
B8_D1,1023,0,420,0,0
G1_D1,115,0,381,0,0
B2_D1,406,0,128,0,0
B10_D1,529,0,131,0,0
G1_D1,733,0,88,0,0
B10_D1,642,0,9,0,0
B10_D1,40,0,265,0,0
B2_D1,2,0,221,0,0
B10_D1,290,0,273,0,0
G1_D1,482,0,153,0,0
B6_D1,963,0,424,0,0
B6_D1,468,0,36,0,0
B10_D1,252,0,99,0,0
B10_D1,269,0,56,0,0
B10_D1,1023,0,239,0,0
B6_D1,130,0,83,0,0
G1_D1,476,0,5,0,0
B6_D1,726,0,493,0,0
B10_D1,193,0,81,0,0
G1_D1,1013,0,81,0,0
B6_D1,772,0,385,0,0
B6_D1,469,0,347,0,0
B6_D1,892,0,345,0,0
B2_D1,145,0,300,0,0
B10_D1,115,0,168,0,0
B10_D1,70,0,210,0,0
G1_D1,11,0,220,0,0
B6_D1,469,0,390,0,0
B10_D1,379,0,169,0,0
B10_D1,1022,0,211,0,0
B6_D1,208,0,113,0,0
B10_D1,811,0,257,0,0
B6_D1,784,0,131,0,0
G1_D1,154,0,322,0,0
G1_D1,680,0,198,0,0
B2_D1,730,0,17,0,0
B10_D1,388,0,180,0,0
B10_D1,159,0,333,0,0
B6_D1,828,0,261,0,0
B4_D1,2,0,378,0,0
B6_D1,312,0,27,0,0
B6_D1,782,0,348,0,0
B6_D1,410,0,46,0,0
B6_D1,329,0,349,0,0
B4_D1,693,0,268,0,0
B6_D1,113,0,94,0,0
G1_D1,1014,0,138,0,0
B6_D1,568,0,299,0,0
G1_D1,610,0,220,0,0
B10_D1,57,0,197,0,0
B10_D1,68,0,33,0,0
B4_D1,501,0,205,0,0
G1_D1,860,0,272,0,0
G1_D1,207,0,75,0,0
B10_D1,1021,0,19,0,0
B4_D1,662,0,39,0,0
G1_D1,874,0,391,0,0
B10_D1,972,0,66,0,0
B6_D1,782,0,46,0,0
G1_D1,532,0,24,0,0
B10_D1,470,0,51,0,0
B10_D1,892,0,260,0,0
G1_D1,874,0,197,0,0
B10_D1,809,0,106,0,0
B10_D1,99,0,327,0,0
G1_D1,197,0,454,0,0
B4_D1,8,0,204,0,0
G1_D1,867,0,232,0,0
B10_D1,738,0,263,0,0
G1_D1,32,0,260,0,0
B2_D1,212,0,132,0,0
B6_D1,814,0,121,0,0
B10_D1,829,0,53,0,0
G1_D1,103,0,502,0,0
B10_D1,337,0,506,0,0
B6_D1,878,0,265,0,0
B10_D1,389,0,485,0,0
B6_D1,991,0,76,0,0
B10_D1,531,0,1,0,0
B10_D1,637,0,84,0,0
B6_D1,96,0,511,0,0
B10_D1,774,0,337,0,0
B10_D1,45,0,447,0,0
G1_D1,515,0,75,0,0
B10_D1,880,0,353,0,0
G1_D1,24,0,402,0,0
B4_D1,624,0,184,0,0
B10_D1,337,0,238,0,0
B6_D1,924,0,3,0,0
B10_D1,928,0,95,0,0
B10_D1,191,0,204,0,0
B10_D1,380,0,67,0,0
B6_D1,360,0,484,0,0
G1_D1,567,0,20,0,0
B6_D1,752,0,247,0,0
B6_D1,947,0,185,0,0
B6_D1,690,0,436,0,0
G1_D1,390,0,496,0,0
G1_D1,147,0,283,0,0
G1_D1,378,0,88,0,0
B10_D1,30,0,158,0,0
B10_D1,68,0,321,0,0
B4_D1,120,0,64,0,0
B6_D1,506,0,491,0,0
B6_D1,658,0,38,0,0
B8_D1,228,0,104,0,0
G1_D1,550,0,466,0,0
B2_D1,759,0,35,0,0
B10_D1,748,0,59,0,0
B10_D1,402,0,343,0,0
B10_D1,513,0,60,0,0
B6_D1,759,0,192,0,0
B10_D1,222,0,158,0,0
G1_D1,309,0,184,0,0
G1_D1,414,0,18,0,0
B10_D1,1017,0,65,0,0
G1_D1,995,0,226,0,0
B6_D1,182,0,19,0,0
B6_D1,95,0,425,0,0
B4_D1,877,0,124,0,0
B6_D1,363,0,212,0,0
B6_D1,297,0,170,0,0
B10_D1,5,0,139,0,0
B6_D1,518,0,446,0,1
G1_D1,478,0,352,0,0
B6_D1,61,0,217,0,0
B10_D1,1,0,123,0,0
B6_D1,900,0,12,0,0
B10_D1,847,0,485,0,0
B6_D1,677,0,304,0,0
B2_D1,1,0,119,0,0
G1_D1,785,0,198,0,0
B2_D1,654,0,91,0,0
B6_D1,718,0,156,0,0
B10_D1,339,0,94,0,0
B6_D1,484,0,44,0,0
G1_D1,263,0,242,0,0
G1_D1,942,0,286,0,0
B6_D1,294,0,45,0,0
B6_D1,668,0,16,0,0
G1_D1,746,0,232,0,0
B10_D1,500,0,169,0,0
G1_D1,690,0,456,0,0
B6_D1,375,0,274,0,0
B10_D1,158,0,376,0,0
B6_D1,266,0,332,0,0
G1_D1,46,0,110,0,0
B6_D1,60,0,286,0,0
B10_D1,359,0,178,0,0
B2_D1,799,0,0,0,0
B10_D1,782,0,328,0,0
B6_D1,970,0,408,0,0
B10_D1,649,0,145,0,0
B10_D1,195,0,82,0,0
B6_D1,116,0,34,0,0
B6_D1,996,0,49,0,0
B6_D1,910,0,504,0,0
B10_D1,429,0,462,0,0
G1_D1,347,0,88,0,0
B10_D1,316,0,447,0,0
B6_D1,174,0,36,0,0
B10_D1,744,0,469,0,0
B6_D1,513,0,383,0,0
B10_D1,142,0,150,0,0
B6_D1,342,0,42,0,0
B6_D1,360,0,508,0,0
B10_D1,508,0,490,0,0
B6_D1,706,0,387,0,0
B6_D1,617,0,51,0,0
B4_D1,657,0,68,0,0
B2_D1,176,0,510,0,0
B6_D1,610,0,504,0,0
B10_D1,797,0,1,0,0
B6_D1,118,0,483,0,0
B6_D1,794,0,341,0,0
B6_D1,169,0,104,0,0
B6_D1,38,0,497,0,0
B10_D1,677,0,306,0,0
B6_D1,418,0,14,0,0
G1_D1,390,0,90,0,0
G1_D1,11,0,121,0,0
B6_D1,431,0,377,0,0
B10_D1,291,0,57,0,0
B2_D1,103,0,100,0,0
B10_D1,511,0,69,0,0
B10_D1,732,0,112,0,0
B6_D1,333,0,336,0,0
G1_D1,986,0,119,0,0
B6_D1,796,0,330,0,0
B6_D1,381,0,105,0,0
B10_D1,708,0,401,0,0
B10_D1,423,0,401,0,0
G1_D1,359,0,448,0,0
G1_D1,496,0,3,0,0
G1_D1,370,0,43,0,0
B6_D1,920,0,34,0,0
G1_D1,72,0,61,0,0
B10_D1,626,0,227,0,0
B8_D1,9,0,272,0,0
B10_D1,580,0,503,0,0
B6_D1,850,0,337,0,0
G1_D1,496,0,222,0,0
B10_D1,778,0,409,0,0
B10_D1,420,0,261,0,0
G1_D1,962,0,479,0,0
B2_D1,762,0,1,0,0
B4_D1,263,0,298,0,0
B6_D1,768,0,508,0,0
B10_D1,475,0,464,0,0
B6_D1,432,0,490,0,0
B10_D1,948,0,66,0,0
B4_D1,786,0,236,0,0
B6_D1,805,0,382,0,0
B8_D1,928,0,300,0,0
B2_D1,808,0,279,0,0
B6_D1,707,0,381,0,0
B6_D1,230,0,305,0,0
B2_D1,596,0,362,0,0
G1_D1,695,0,8,0,0
G1_D1,590,0,102,0,0
B6_D1,320,0,72,0,0
G1_D1,914,0,108,0,0
B6_D1,494,0,10,0,0
G1_D1,166,0,189,0,0
B6_D1,209,0,235,0,0
B10_D1,282,0,241,0,0
G1_D1,6,0,503,0,0
B10_D1,127,0,112,0,0
B2_D1,196,0,303,0,0
B6_D1,713,0,164,0,0
B6_D1,770,0,509,0,0
B6_D1,546,0,24,0,0
B10_D1,142,0,252,0,0
B8_D1,81,0,144,0,0
B6_D1,650,0,345,0,0
G1_D1,840,0,210,0,0
B10_D1,200,0,248,0,0
B6_D1,473,0,386,0,0
B10_D1,666,0,414,0,0
B6_D1,564,0,250,0,0
B10_D1,365,0,15,0,0
B10_D1,225,0,37,0,0
B6_D1,180,0,277,0,0
G1_D1,784,0,9,0,0
G1_D1,516,0,242,0,0
B6_D1,404,0,37,0,0
G1_D1,869,0,15,0,0
B10_D1,254,0,66,0,0
G1_D1,514,0,17,0,0
B6_D1,948,0,30,0,0
B10_D1,594,0,198,0,0
B4_D1,7,0,358,0,0
B2_D1,852,0,114,0,0
B2_D1,815,0,187,0,0
B10_D1,30,0,66,0,0
G1_D1,1008,0,293,0,0
B6_D1,972,0,6,0,0
G1_D1,304,0,233,0,0
G1_D1,352,0,269,0,0
G1_D1,1016,0,458,0,0
G1_D1,630,0,28,0,0
B10_D1,368,0,136,0,0
B8_D1,703,0,249,0,0
B4_D1,632,0,204,0,0
B10_D1,777,0,293,0,0
B6_D1,232,0,299,0,0
G1_D1,1018,0,474,0,0
B6_D1,374,0,494,0,0
B10_D1,28,0,287,0,0
B10_D1,759,0,117,0,0
B6_D1,619,0,355,0,0
B10_D1,11,0,328,0,0
B10_D1,961,0,126,0,0
G1_D1,948,0,7,0,0
B10_D1,873,0,399,0,0
B10_D1,427,0,396,0,0
G1_D1,647,0,14,0,0
B10_D1,215,0,312,0,0
B10_D1,511,0,72,0,0
B10_D1,709,0,104,0,0
B10_D1,890,0,361,0,0
B10_D1,874,0,47,0,0
B6_D1,538,0,391,0,0
B6_D1,807,0,69,0,0
B4_D1,44,0,295,0,0
B6_D1,776,0,435,0,0
G1_D1,694,0,42,0,0
B10_D1,234,0,218,0,0
B2_D1,384,0,131,0,0
B6_D1,258,0,57,0,0
B10_D1,968,0,36,0,0
B2_D1,788,0,8,0,0
B4_D1,213,0,51,0,0
G1_D1,260,0,305,0,0
G1_D1,60,0,264,0,0
G1_D1,493,0,242,0,0
B6_D1,166,0,152,0,0
G1_D1,51,0,82,0,0
B6_D1,700,0,160,0,0
B2_D1,277,0,503,0,0
B10_D1,490,0,130,0,0
B6_D1,350,0,48,0,0
B6_D1,49,0,194,0,0
B6_D1,476,0,354,0,0
B4_D1,780,0,37,0,0
B6_D1,660,0,61,0,0
B10_D1,759,0,322,0,0
B10_D1,175,0,28,0,0
B6_D1,608,0,40,0,0
B4_D1,509,0,97,0,0
B2_D1,660,0,78,0,0
B10_D1,0,0,220,0,0
B2_D1,235,0,202,0,0
B6_D1,146,0,275,0,0
G1_D1,414,0,13,0,0
B6_D1,546,0,268,0,0
B6_D1,226,0,299,0,0
G1_D1,240,0,459,0,0
B6_D1,329,0,141,0,0
B10_D1,426,0,235,0,0
G1_D1,115,0,136,0,0
B6_D1,41,0,50,0,0
B10_D1,404,0,23,0,0
B2_D1,827,0,52,0,0
B6_D1,825,0,335,0,0
B10_D1,775,0,104,0,0
B2_D1,996,0,62,0,0
B2_D1,172,0,249,0,0
B6_D1,482,0,10,0,0
B4_D1,748,0,234,0,0
G1_D1,127,0,19,0,0
B6_D1,1004,0,316,0,0
B4_D1,754,0,90,0,0
B4_D1,673,0,187,0,0
B4_D1,148,0,360,0,0
B6_D1,758,0,497,0,0
B6_D1,604,0,14,0,0
B10_D1,580,0,261,0,0
B10_D1,23,0,291,0,0
B10_D1,841,0,379,0,0
B6_D1,283,0,395,0,0
B10_D1,538,0,6,0,0
B6_D1,325,0,396,0,0
B6_D1,430,0,282,0,0
B4_D1,6,0,509,0,0
B6_D1,220,0,112,0,0
B4_D1,951,0,128,0,0
G1_D1,1023,0,123,0,0
G1_D1,939,0,235,0,0
B4_D1,928,0,33,0,0
B10_D1,974,0,293,0,0
B10_D1,613,0,158,0,0
B6_D1,803,0,296,0,0
B2_D1,834,0,272,0,0
B6_D1,852,0,103,0,0
G1_D1,242,0,409,0,0
G1_D1,71,0,8,0,0
G1_D1,515,0,275,0,0
B6_D1,1012,0,432,0,0
B6_D1,482,0,132,0,0
B4_D1,617,0,299,0,0
B6_D1,484,0,26,0,0
B10_D1,730,0,39,0,0
B6_D1,509,0,447,0,1
B6_D1,194,0,409,0,0
B10_D1,684,0,442,0,0
G1_D1,31,0,54,0,0
B2_D1,155,0,93,0,0
B10_D1,309,0,255,0,0
B6_D1,344,0,40,0,0
B2_D1,881,0,458,0,0
B10_D1,771,0,269,0,0
B4_D1,249,0,205,0,0
B2_D1,538,0,288,0,0
B10_D1,616,0,122,0,0
G1_D1,858,0,184,0,0
B8_D1,838,0,304,0,0
G1_D1,63,0,451,0,0
B10_D1,36,0,37,0,0
B10_D1,513,0,303,0,0
G1_D1,1018,0,400,0,0
G1_D1,676,0,243,0,0
B6_D1,65,0,455,0,0
B10_D1,769,0,421,0,0
B10_D1,395,0,442,0,0
B6_D1,428,0,226,0,0
B4_D1,9,0,60,0,0
B6_D1,954,0,511,0,0
G1_D1,334,0,31,0,0
B10_D1,245,0,237,0,0
G1_D1,862,0,301,0,0
G1_D1,816,0,255,0,0
B6_D1,238,0,501,0,0
G1_D1,880,0,69,0,0
G1_D1,178,0,37,0,0
B2_D1,1,0,262,0,0
B10_D1,115,0,418,0,0
G1_D1,264,0,22,0,0
G1_D1,956,0,306,0,0
B6_D1,468,0,171,0,0
B6_D1,23,0,326,0,0
B6_D1,664,0,510,0,0
B10_D1,718,0,161,0,0
G1_D1,918,0,112,0,0
B6_D1,318,0,42,0,0
G1_D1,336,0,22,0,0
B6_D1,802,0,156,0,0
B4_D1,252,0,194,0,0
B6_D1,268,0,11,0,0
B6_D1,725,0,434,0,0
B6_D1,72,0,484,0,0
B4_D1,1023,0,93,0,0
B6_D1,688,0,347,0,0
G1_D1,241,0,85,0,0
B6_D1,886,0,316,0,0
B6_D1,483,0,82,0,0
B6_D1,424,0,57,0,0
G1_D1,88,0,101,0,0
G1_D1,15,0,140,0,0
B6_D1,767,0,295,0,0
G1_D1,552,0,222,0,0
B6_D1,415,0,115,0,0
B10_D1,479,0,238,0,0
B6_D1,920,0,342,0,0
B10_D1,485,0,335,0,0
B10_D1,411,0,245,0,0
B10_D1,429,0,451,0,0
B6_D1,728,0,386,0,0
B2_D1,1003,0,238,0,0
B10_D1,650,0,463,0,0
B6_D1,678,0,346,0,0
B10_D1,786,0,41,0,0
B6_D1,809,0,204,0,0
B10_D1,12,0,165,0,0
B2_D1,806,0,466,0,0
B10_D1,652,0,385,0,0
B2_D1,152,0,510,0,0
B4_D1,673,0,189,0,0
G1_D1,705,0,39,0,0
B10_D1,145,0,300,0,0
B6_D1,873,0,363,0,0
B10_D1,565,0,317,0,0
B10_D1,22,0,4,0,0
B6_D1,1021,0,441,0,0
B6_D1,486,0,490,0,0
B10_D1,456,0,67,0,0
B6_D1,760,0,486,0,0
B10_D1,1023,0,375,0,0
G1_D1,783,0,73,0,0
B10_D1,382,0,157,0,0
G1_D1,992,0,52,0,0
B6_D1,902,0,19,0,0
B6_D1,292,0,498,0,0
B10_D1,438,0,494,0,0
G1_D1,754,0,259,0,0
B6_D1,142,0,47,0,0
B10_D1,192,0,122,0,0
G1_D1,562,0,457,0,0
B10_D1,978,0,508,0,0
B6_D1,162,0,27,0,0
G1_D1,152,0,315,0,0
B6_D1,192,0,346,0,0
B6_D1,188,0,494,0,0
B10_D1,674,0,251,0,0
B6_D1,776,0,348,0,0
B2_D1,757,0,223,0,0
B6_D1,137,0,211,0,0
B10_D1,8,0,327,0,0
B8_D1,941,0,238,0,0
B10_D1,742,0,83,0,0
B6_D1,282,0,508,0,0
G1_D1,857,0,15,0,0
B6_D1,581,0,286,0,0
B10_D1,91,0,3,0,0
B2_D1,189,0,304,0,0
B6_D1,898,0,510,0,0
B10_D1,684,0,30,0,0
G1_D1,237,0,242,0,0
B6_D1,92,0,482,0,0
B6_D1,242,0,183,0,0
B10_D1,152,0,228,0,0
B10_D1,431,0,226,0,0
G1_D1,396,0,18,0,0
B10_D1,863,0,216,0,0
B4_D1,657,0,282,0,0
B10_D1,306,0,55,0,0
B6_D1,298,0,510,0,0
B10_D1,497,0,279,0,0
G1_D1,405,0,130,0,0
B2_D1,301,0,141,0,0
B6_D1,539,0,384,0,0
G1_D1,206,0,23,0,0
B6_D1,990,0,420,0,0
B10_D1,362,0,29,0,0
B10_D1,137,0,308,0,0
B8_D1,1021,0,45,0,0
B6_D1,678,0,331,0,0
B6_D1,474,0,36,0,0
B2_D1,262,0,484,0,0
G1_D1,618,0,180,0,0
B10_D1,569,0,263,0,0
B2_D1,422,0,31,0,0
B6_D1,184,0,308,0,0
B6_D1,416,0,509,0,0
B6_D1,539,0,263,0,0
B4_D1,130,0,422,0,0
B10_D1,214,0,19,0,0
G1_D1,54,0,163,0,0
B6_D1,822,0,261,0,0
B6_D1,290,0,28,0,0
B6_D1,44,0,28,0,0
B10_D1,48,0,23,0,0
B6_D1,486,0,12,0,0
B10_D1,131,0,108,0,0
B10_D1,576,0,11,0,0
B6_D1,818,0,488,0,0
B10_D1,46,0,401,0,0
G1_D1,190,0,343,0,0
B10_D1,998,0,297,0,0
B6_D1,104,0,488,0,0
B4_D1,478,0,115,0,0
B6_D1,615,0,106,0,0
B10_D1,800,0,174,0,0
G1_D1,1012,0,227,0,0
G1_D1,418,0,369,0,0
B6_D1,810,0,505,0,0
G1_D1,521,0,50,0,0
B6_D1,152,0,48,0,0
G1_D1,881,0,2,0,0
G1_D1,565,0,244,0,0
B10_D1,645,0,36,0,0
G1_D1,979,0,292,0,0
B10_D1,251,0,511,0,0
B10_D1,216,0,364,0,0
B10_D1,478,0,307,0,0
B10_D1,568,0,250,0,0
B10_D1,184,0,451,0,0
B10_D1,33,0,328,0,0
G1_D1,174,0,187,0,0
B10_D1,217,0,428,0,0
B2_D1,664,0,288,0,0
B6_D1,654,0,243,0,0
G1_D1,26,0,101,0,0
B6_D1,960,0,487,0,0
B2_D1,941,0,51,0,0
B10_D1,188,0,70,0,0
G1_D1,932,0,5,0,0
B10_D1,144,0,437,0,0
B2_D1,440,0,109,0,0
B6_D1,138,0,85,0,0
B6_D1,66,0,18,0,0
B6_D1,12,0,6,0,0
B6_D1,759,0,355,0,0
B10_D1,945,0,349,0,0
B2_D1,683,0,14,0,0
G1_D1,1003,0,60,0,0
B6_D1,213,0,194,0,0
B6_D1,368,0,211,0,0
B6_D1,799,0,80,0,0
B6_D1,517,0,244,0,0
B6_D1,952,0,408,0,0
B4_D1,839,0,13,0,0
B6_D1,488,0,276,0,0
B6_D1,461,0,64,0,0
G1_D1,268,0,261,0,0
G1_D1,451,0,16,0,0
G1_D1,991,0,269,0,0
B8_D1,481,0,294,0,0
G1_D1,2,0,485,0,0
B8_D1,102,0,3,0,0
B6_D1,990,0,110,0,0
B10_D1,662,0,31,0,0
B10_D1,726,0,342,0,0
G1_D1,70,0,351,0,0
B10_D1,126,0,169,0,0
G1_D1,701,0,14,0,0
B6_D1,764,0,43,0,0
B6_D1,575,0,185,0,0
B10_D1,774,0,422,0,0
B10_D1,576,0,44,0,0
B6_D1,652,0,347,0,0
B10_D1,369,0,264,0,0
B6_D1,94,0,41,0,0
B4_D1,552,0,387,0,0
B6_D1,644,0,344,0,0
G1_D1,817,0,52,0,0
B2_D1,938,0,28,0,0
B6_D1,149,0,481,0,0
B6_D1,90,0,92,0,0
B10_D1,25,0,245,0,0
B10_D1,172,0,135,0,0
B6_D1,1019,0,66,0,0
B10_D1,721,0,421,0,0
G1_D1,1017,0,510,0,0
G1_D1,922,0,69,0,0
B4_D1,203,0,270,0,0
B6_D1,134,0,25,0,0
G1_D1,27,0,135,0,0
B2_D1,161,0,24,0,0
B10_D1,638,0,240,0,0
B10_D1,56,0,125,0,0
B10_D1,286,0,55,0,0
B10_D1,673,0,58,0,0
G1_D1,441,0,366,0,0
G1_D1,199,0,35,0,0
G1_D1,25,0,267,0,0
B10_D1,1001,0,11,0,0
B10_D1,361,0,199,0,0
B6_D1,233,0,360,0,0
B2_D1,320,0,39,0,0
B10_D1,796,0,250,0,0
B6_D1,1018,0,501,0,0
B10_D1,591,0,124,0,0
B10_D1,246,0,228,0,0
B6_D1,476,0,48,0,0
B6_D1,40,0,510,0,0
B6_D1,693,0,434,0,0
B6_D1,622,0,53,0,0
B8_D1,139,0,227,0,0
G1_D1,73,0,309,0,0
G1_D1,17,0,153,0,0
B6_D1,86,0,4,0,0
B10_D1,879,0,295,0,0
B10_D1,827,0,4,0,0
B6_D1,362,0,16,0,0
G1_D1,683,0,80,0,0
B6_D1,558,0,404,0,0
G1_D1,613,0,476,0,0
B10_D1,629,0,281,0,0
B6_D1,671,0,371,0,0
B6_D1,132,0,502,0,0
B10_D1,516,0,5,0,0
B6_D1,470,0,253,0,0
B6_D1,989,0,114,0,0
B10_D1,281,0,281,0,0
G1_D1,393,0,205,0,0
B10_D1,809,0,325,0,0
G1_D1,654,0,0,0,0
B6_D1,111,0,96,0,0
B10_D1,4,0,138,0,0
B6_D1,878,0,48,0,0
B6_D1,576,0,490,0,0
B10_D1,258,0,238,0,0
B10_D1,108,0,307,0,0
B6_D1,998,0,22,0,0
B6_D1,306,0,487,0,0
B6_D1,450,0,36,0,0
B10_D1,421,0,287,0,0
B10_D1,277,0,424,0,0
B10_D1,418,0,160,0,0
B6_D1,716,0,10,0,0
B10_D1,537,0,8,0,0
G1_D1,723,0,39,0,0
B10_D1,1009,0,511,0,0
B10_D1,242,0,177,0,0
G1_D1,847,0,59,0,0
B10_D1,858,0,405,0,0
B6_D1,688,0,157,0,0
B10_D1,16,0,34,0,0
B6_D1,498,0,30,0,0
B6_D1,305,0,178,0,0
B10_D1,798,0,423,0,0
G1_D1,313,0,33,0,0
B4_D1,205,0,145,0,0
B6_D1,510,0,24,0,0
G1_D1,338,0,290,0,0
B4_D1,136,0,178,0,0
B10_D1,278,0,201,0,0
B6_D1,859,0,140,0,0
G1_D1,43,0,183,0,0
B6_D1,794,0,331,0,0
B10_D1,231,0,37,0,0
B6_D1,140,0,173,0,0
B10_D1,604,0,350,0,0
B2_D1,780,0,486,0,0
B6_D1,220,0,8,0,0
B10_D1,235,0,111,0,0
B10_D1,942,0,70,0,0
G1_D1,924,0,104,0,0
G1_D1,821,0,57,0,0
B6_D1,59,0,477,0,0
B4_D1,147,0,52,0,0
G1_D1,268,0,257,0,0
B6_D1,765,0,336,0,0
B2_D1,735,0,283,0,0
G1_D1,751,0,46,0,0
B4_D1,1021,0,33,0,0
G1_D1,327,0,78,0,0
B10_D1,466,0,136,0,0
B10_D1,914,0,237,0,0
B6_D1,447,0,398,0,0
B6_D1,283,0,164,0,0
B6_D1,998,0,85,0,0
B10_D1,841,0,45,0,0
B2_D1,197,0,504,0,0
B6_D1,211,0,357,0,0
G1_D1,392,0,100,0,0
B6_D1,50,0,491,0,0
G1_D1,402,0,13,0,0
B6_D1,379,0,191,0,0
B2_D1,2,0,232,0,0
G1_D1,13,0,124,0,0
B10_D1,174,0,248,0,0
B6_D1,620,0,54,0,0
B10_D1,404,0,316,0,0
B2_D1,248,0,481,0,0
B6_D1,42,0,3,0,0
G1_D1,167,0,409,0,0
B10_D1,503,0,480,0,0
B10_D1,231,0,357,0,0
B10_D1,581,0,81,0,0
B4_D1,820,0,50,0,0
B4_D1,746,0,247,0,0
B6_D1,507,0,481,0,0
B10_D1,360,0,158,0,0
B6_D1,854,0,146,0,0
B10_D1,49,0,62,0,0
B10_D1,996,0,56,0,0
B10_D1,938,0,373,0,0
B6_D1,144,0,294,0,0
G1_D1,555,0,203,0,0
G1_D1,103,0,171,0,0
B6_D1,288,0,21,0,0
G1_D1,379,0,442,0,0
B10_D1,61,0,509,0,0
B4_D1,512,0,225,0,0
G1_D1,24,0,91,0,0
B6_D1,270,0,502,0,0
B6_D1,49,0,210,0,0
B10_D1,430,0,318,0,0
B6_D1,900,0,165,0,0
B6_D1,261,0,339,0,0
G1_D1,926,0,102,0,0
B10_D1,974,0,232,0,0
B10_D1,714,0,67,0,0
G1_D1,1019,0,460,0,0
B6_D1,366,0,42,0,0
G1_D1,860,0,260,0,0
G1_D1,663,0,20,0,0
B10_D1,427,0,255,0,0
B2_D1,588,0,27,0,0
B4_D1,311,0,153,0,0
B6_D1,190,0,486,0,0
B10_D1,683,0,270,0,0
G1_D1,372,0,20,0,0
B10_D1,487,0,3,0,0
B4_D1,511,0,118,0,0
G1_D1,631,0,474,0,0
B10_D1,933,0,249,0,0
B10_D1,673,0,21,0,0
G1_D1,61,0,289,0,0
B6_D1,438,0,353,0,0
G1_D1,22,0,162,0,0
G1_D1,1009,0,88,0,0
G1_D1,539,0,113,0,0
G1_D1,342,0,47,0,0
B6_D1,358,0,17,0,0
G1_D1,873,0,232,0,0
B10_D1,870,0,204,0,0
B6_D1,422,0,494,0,0
B10_D1,742,0,165,0,0
B10_D1,443,0,296,0,0
B10_D1,559,0,309,0,0
B10_D1,254,0,260,0,0
G1_D1,74,0,92,0,0
G1_D1,170,0,451,0,0
B6_D1,776,0,500,0,0
B10_D1,642,0,412,0,0
G1_D1,984,0,32,0,0
B6_D1,198,0,346,0,0
G1_D1,720,0,250,0,0
B10_D1,496,0,85,0,0
G1_D1,309,0,483,0,0
B6_D1,782,0,62,0,0
B6_D1,807,0,199,0,0
B10_D1,418,0,409,0,0
B2_D1,995,0,78,0,0
B10_D1,748,0,36,0,0
G1_D1,284,0,488,0,0
B10_D1,813,0,39,0,0
B4_D1,772,0,235,0,0
B6_D1,966,0,420,0,0
B6_D1,672,0,81,0,0
B6_D1,662,0,441,0,0
G1_D1,339,0,406,0,0
B10_D1,115,0,449,0,0
B8_D1,1008,0,249,0,0
B10_D1,133,0,3,0,0
G1_D1,668,0,196,0,0
B6_D1,65,0,280,0,0
G1_D1,25,0,288,0,0
B6_D1,40,0,257,0,0
B8_D1,763,0,211,0,0
B6_D1,784,0,436,0,0
B10_D1,77,0,53,0,0
G1_D1,1013,0,251,0,0
B6_D1,257,0,160,0,0
B10_D1,534,0,308,0,0
B10_D1,763,0,317,0,0
B10_D1,207,0,234,0,0
B6_D1,145,0,456,0,0
B6_D1,855,0,348,0,0
B4_D1,123,0,163,0,0
B10_D1,462,0,157,0,0
B6_D1,266,0,1,0,0
B6_D1,740,0,71,0,0
B10_D1,670,0,388,0,0
B10_D1,643,0,230,0,0
G1_D1,780,0,97,0,0
B6_D1,2,0,170,0,0
B6_D1,10,0,510,0,0
B10_D1,830,0,422,0,0
B6_D1,458,0,174,0,0
B4_D1,453,0,186,0,0
B10_D1,477,0,233,0,0
B10_D1,802,0,246,0,0
G1_D1,453,0,84,0,0
B4_D1,558,0,387,0,0
G1_D1,125,0,14,0,0
G1_D1,285,0,278,0,0
B4_D1,696,0,253,0,0
B8_D1,162,0,116,0,0
B6_D1,31,0,178,0,0
B6_D1,454,0,282,0,0
B10_D1,820,0,9,0,0
B2_D1,810,0,66,0,0
B10_D1,496,0,122,0,0
G1_D1,997,0,241,0,0
B6_D1,27,0,417,0,0
G1_D1,812,0,306,0,0
B10_D1,728,0,125,0,0
B6_D1,977,0,168,0,0
B6_D1,249,0,463,0,0
B2_D1,907,0,125,0,0
G1_D1,104,0,11,0,0
B10_D1,129,0,171,0,0
B6_D1,689,0,164,0,0
B4_D1,996,0,25,0,0
B6_D1,451,0,276,0,0
B10_D1,702,0,5,0,0
B6_D1,528,0,505,0,0
B6_D1,575,0,471,0,0
B6_D1,738,0,502,0,0
B10_D1,745,0,313,0,0
B10_D1,598,0,91,0,0
B6_D1,99,0,123,0,0
B10_D1,305,0,403,0,0
B4_D1,0,0,502,0,0
G1_D1,60,0,347,0,0
B6_D1,641,0,310,0,0
B6_D1,530,0,506,0,0
B6_D1,143,0,80,0,0
B4_D1,156,0,453,0,0
G1_D1,326,0,240,0,0
B6_D1,722,0,238,0,0
B6_D1,24,0,223,0,0
B10_D1,332,0,88,0,0
B6_D1,395,0,349,0,0
G1_D1,533,0,106,0,0
B6_D1,882,0,94,0,0
B6_D1,150,0,0,0,0
B4_D1,670,0,73,0,0
B10_D1,780,0,44,0,0
B2_D1,522,0,287,0,0
B6_D1,640,0,14,0,0
G1_D1,21,0,77,0,0
B10_D1,10,0,260,0,0
B6_D1,436,0,41,0,0
B6_D1,152,0,306,0,0
B6_D1,708,0,453,0,0
B10_D1,708,0,396,0,0
B10_D1,488,0,52,0,0
B10_D1,827,0,0,0,0
B6_D1,294,0,267,0,0
B4_D1,829,0,95,0,0
B10_D1,436,0,313,0,0
B6_D1,886,0,188,0,0
G1_D1,132,0,18,0,0
B6_D1,453,0,481,0,0
B10_D1,207,0,112,0,0
B10_D1,29,0,240,0,0
G1_D1,622,0,238,0,0
B10_D1,461,0,408,0,0
B6_D1,516,0,0,0,0
B6_D1,771,0,215,0,0
B10_D1,713,0,248,0,0
B10_D1,675,0,163,0,0
B6_D1,942,0,487,0,0
B6_D1,290,0,7,0,0
B6_D1,757,0,251,0,0
B4_D1,134,0,17,0,0
B10_D1,382,0,168,0,0
B8_D1,919,0,301,0,0
B2_D1,359,0,494,0,0
B6_D1,914,0,72,0,0
G1_D1,270,0,461,0,0
B10_D1,509,0,121,0,0
G1_D1,928,0,118,0,0
G1_D1,13,0,399,0,0
B6_D1,179,0,275,0,0
B10_D1,353,0,11,0,0
B6_D1,794,0,356,0,0
B10_D1,687,0,93,0,0
B4_D1,422,0,383,0,0
B10_D1,13,0,204,0,0
B10_D1,66,0,266,0,0
B6_D1,264,0,42,0,0
B6_D1,400,0,44,0,0
G1_D1,34,0,202,0,0
B2_D1,163,0,69,0,0
B10_D1,669,0,30,0,0
B10_D1,980,0,35,0,0
B6_D1,761,0,463,0,0
G1_D1,671,0,2,0,0
B6_D1,666,0,277,0,0
B6_D1,27,0,190,0,0
B10_D1,714,0,86,0,0
B4_D1,673,0,314,0,0
G1_D1,971,0,85,0,0
B10_D1,278,0,244,0,0
B6_D1,14,0,234,0,0
B10_D1,447,0,278,0,0
B6_D1,222,0,18,0,0
B6_D1,1007,0,309,0,0
B6_D1,672,0,6,0,0
B4_D1,231,0,209,0,0
B10_D1,152,0,337,0,0
B6_D1,712,0,202,0,0
B10_D1,602,0,142,0,0
G1_D1,201,0,126,0,0
B10_D1,644,0,172,0,0
B10_D1,275,0,139,0,0
B6_D1,310,0,8,0,0
B10_D1,465,0,67,0,0
B10_D1,143,0,256,0,0
B4_D1,676,0,83,0,0
G1_D1,628,0,358,0,0
B2_D1,456,0,215,0,0
B10_D1,989,0,296,0,0
B10_D1,785,0,270,0,0
B2_D1,191,0,481,0,0
B6_D1,11,0,216,0,0
B6_D1,122,0,43,0,0
B10_D1,350,0,221,0,0
B6_D1,854,0,342,0,0
G1_D1,709,0,38,0,0
B10_D1,216,0,162,0,0
B10_D1,742,0,357,0,0
B10_D1,190,0,75,0,0
G1_D1,714,0,340,0,0
G1_D1,281,0,73,0,0
B6_D1,421,0,64,0,0
B10_D1,889,0,298,0,0
B10_D1,511,0,7,0,0
G1_D1,847,0,6,0,0
B6_D1,918,0,3,0,0
B4_D1,566,0,199,0,0
B8_D1,151,0,339,0,0
B6_D1,923,0,397,0,0
B6_D1,766,0,350,0,0
B4_D1,475,0,108,0,0
B10_D1,665,0,68,0,0
B6_D1,320,0,485,0,0
B6_D1,210,0,277,0,0
G1_D1,1020,0,32,0,0
B6_D1,995,0,406,0,0
B8_D1,144,0,337,0,0
B6_D1,620,0,7,0,0
B8_D1,687,0,248,0,0
B10_D1,917,0,469,0,0
G1_D1,906,0,93,0,0
B2_D1,397,0,491,0,0
B4_D1,716,0,63,0,0
G1_D1,384,0,124,0,0
B10_D1,922,0,258,0,0
G1_D1,1006,0,271,0,0
B4_D1,6,0,201,0,0
G1_D1,251,0,8,0,0
G1_D1,819,0,257,0,0
B4_D1,673,0,191,0,0
B4_D1,780,0,249,0,0
G1_D1,156,0,134,0,0
B6_D1,727,0,108,0,0
B6_D1,263,0,190,0,0
G1_D1,766,0,18,0,0
B10_D1,22,0,275,0,0
B6_D1,644,0,113,0,0
G1_D1,236,0,70,0,0
G1_D1,632,0,157,0,0
B10_D1,110,0,133,0,0
B8_D1,189,0,110,0,0
B6_D1,604,0,318,0,0
G1_D1,775,0,489,0,0
B10_D1,186,0,256,0,0
G1_D1,22,0,394,0,0
G1_D1,401,0,237,0,0
G1_D1,745,0,12,0,0
B6_D1,206,0,1,0,0
B10_D1,440,0,89,0,0
B4_D1,582,0,286,0,0
B10_D1,370,0,112,0,0
B6_D1,674,0,28,0,0
B10_D1,129,0,60,0,0
G1_D1,140,0,216,0,0
B10_D1,493,0,227,0,0
B10_D1,11,0,143,0,0
G1_D1,370,0,511,0,0
B2_D1,292,0,200,0,0
B10_D1,967,0,64,0,0
B6_D1,172,0,17,0,0
B6_D1,524,0,506,0,0
G1_D1,163,0,111,0,0
B6_D1,144,0,18,0,0
B10_D1,298,0,156,0,0
B6_D1,582,0,163,0,0
B10_D1,134,0,9,0,0
B6_D1,946,0,483,0,0
B10_D1,272,0,51,0,0
B6_D1,172,0,486,0,0
B6_D1,334,0,32,0,0
B6_D1,136,0,316,0,0
B6_D1,491,0,454,0,0
B6_D1,726,0,412,0,0
B6_D1,361,0,95,0,0
B6_D1,964,0,507,0,0
B2_D1,666,0,89,0,0
B6_D1,980,0,304,0,0
G1_D1,935,0,218,0,0
B10_D1,632,0,242,0,0
G1_D1,514,0,276,0,0
B6_D1,16,0,357,0,0
B6_D1,681,0,211,0,0
G1_D1,676,0,135,0,0
B10_D1,947,0,56,0,0
B6_D1,624,0,490,0,0
B10_D1,787,0,99,0,0
G1_D1,617,0,45,0,0
B6_D1,812,0,485,0,0
B8_D1,223,0,105,0,0
G1_D1,587,0,284,0,0
B2_D1,498,0,367,0,0
G1_D1,245,0,161,0,0
B6_D1,44,0,296,0,0
B4_D1,1017,0,26,0,0
B6_D1,122,0,488,0,0
B4_D1,869,0,38,0,0
B6_D1,840,0,220,0,0
B2_D1,384,0,287,0,0
B6_D1,642,0,511,0,0
B6_D1,74,0,497,0,0
B6_D1,683,0,127,0,0
B6_D1,501,0,275,0,0
B6_D1,673,0,276,0,0
B6_D1,671,0,186,0,0
B6_D1,688,0,510,0,0
B6_D1,530,0,22,0,0
B6_D1,809,0,296,0,0
B10_D1,630,0,482,0,0
B6_D1,112,0,495,0,0
G1_D1,1003,0,113,0,0
G1_D1,506,0,111,0,0
G1_D1,748,0,9,0,0
B10_D1,435,0,509,0,0
B6_D1,755,0,328,0,0
G1_D1,397,0,89,0,0
B6_D1,824,0,159,0,0
B10_D1,848,0,282,0,0
G1_D1,44,0,71,0,0
B6_D1,1001,0,336,0,0
B6_D1,888,0,508,0,0
G1_D1,660,0,35,0,0
G1_D1,20,0,308,0,0
B6_D1,469,0,51,0,0
G1_D1,755,0,383,0,0
B6_D1,196,0,501,0,0
B8_D1,117,0,216,0,0
B6_D1,468,0,487,0,0
B2_D1,596,0,479,0,0
B6_D1,64,0,157,0,0
G1_D1,1019,0,374,0,0
B10_D1,472,0,230,0,0
B2_D1,482,0,482,0,0
B6_D1,666,0,487,0,0
B10_D1,196,0,64,0,0
B10_D1,254,0,244,0,0
B10_D1,553,0,309,0,0
B10_D1,496,0,490,0,0
B4_D1,794,0,249,0,0
G1_D1,7,0,281,0,0
B6_D1,66,0,420,0,0
B4_D1,718,0,202,0,0
B10_D1,246,0,45,0,0
B6_D1,856,0,495,0,0
B6_D1,633,0,429,0,0
B6_D1,296,0,4,0,0
B6_D1,156,0,15,0,0
B10_D1,484,0,132,0,0
B6_D1,897,0,100,0,0
B6_D1,5,0,90,0,0
B2_D1,647,0,480,0,0
B6_D1,761,0,155,0,0
G1_D1,143,0,458,0,0
B10_D1,509,0,480,0,0
B10_D1,24,0,168,0,0
B6_D1,696,0,27,0,0
G1_D1,953,0,384,0,0
G1_D1,57,0,448,0,0
B6_D1,208,0,112,0,0
B10_D1,589,0,273,0,0
G1_D1,704,0,19,0,0
B6_D1,628,0,14,0,0
G1_D1,694,0,129,0,0
G1_D1,39,0,75,0,0
B2_D1,656,0,168,0,0
B4_D1,921,0,100,0,0
B10_D1,466,0,212,0,0
B10_D1,103,0,472,0,0
B4_D1,590,0,209,0,0
B6_D1,772,0,242,0,0
B10_D1,832,0,357,0,0
B2_D1,0,0,271,0,0
B8_D1,90,0,277,0,0
B4_D1,866,0,260,0,0
B6_D1,960,0,298,0,0
G1_D1,1006,0,260,0,0
B6_D1,781,0,188,0,0
B6_D1,102,0,143,0,0
G1_D1,136,0,191,0,0
B10_D1,273,0,176,0,0
B10_D1,212,0,243,0,0
B6_D1,17,0,387,0,0
B6_D1,40,0,97,0,0
B10_D1,392,0,110,0,0
G1_D1,243,0,44,0,0
B6_D1,182,0,190,0,0
B10_D1,623,0,185,0,0
B6_D1,289,0,59,0,0
B10_D1,596,0,322,0,0
B6_D1,592,0,2,0,0
B8_D1,138,0,125,0,0
B10_D1,148,0,64,0,0
B10_D1,265,0,299,0,0
B10_D1,59,0,50,0,0
B10_D1,917,0,99,0,0
B6_D1,1023,0,116,0,0
B10_D1,1010,0,24,0,0
B6_D1,50,0,482,0,0
B4_D1,760,0,284,0,0
B6_D1,312,0,12,0,0
B6_D1,746,0,19,0,0
B10_D1,3,0,95,0,0
B10_D1,595,0,303,0,0
G1_D1,237,0,165,0,0
B4_D1,334,0,207,0,0
B10_D1,628,0,154,0,0
B6_D1,255,0,361,0,0
B6_D1,460,0,159,0,0
B4_D1,844,0,68,0,0
B4_D1,165,0,2,0,0
B2_D1,865,0,84,0,0
B6_D1,481,0,347,0,0
B6_D1,800,0,491,0,0
B10_D1,883,0,400,0,0
B10_D1,8,0,348,0,0
B10_D1,977,0,53,0,0
G1_D1,1014,0,338,0,0
B6_D1,998,0,46,0,0
G1_D1,24,0,313,0,0
B6_D1,227,0,335,0,0
B2_D1,329,0,490,0,0
B6_D1,409,0,350,0,0
B4_D1,791,0,14,0,0
B10_D1,932,0,291,0,0
B6_D1,466,0,38,0,0
G1_D1,750,0,103,0,0
B6_D1,121,0,262,0,0
B6_D1,210,0,165,0,0
B6_D1,736,0,498,0,0
B6_D1,80,0,16,0,0
B4_D1,64,0,162,0,0
B4_D1,316,0,181,0,0
B10_D1,285,0,18,0,0
B10_D1,468,0,132,0,0
B4_D1,42,0,130,0,0
B6_D1,964,0,398,0,0
B10_D1,180,0,218,0,0
G1_D1,466,0,510,0,0
B6_D1,997,0,228,0,0
B10_D1,588,0,295,0,0
G1_D1,510,0,57,0,0
B10_D1,736,0,94,0,0
B6_D1,577,0,161,0,0
B4_D1,141,0,312,0,0
B10_D1,730,0,415,0,0
G1_D1,293,0,8,0,0
G1_D1,136,0,9,0,0
B6_D1,390,0,3,0,0
B10_D1,716,0,445,0,0
B6_D1,512,0,4,0,0
B6_D1,229,0,371,0,0
B10_D1,570,0,5,0,0
B6_D1,230,0,315,0,0
B10_D1,731,0,12,0,0
B10_D1,342,0,88,0,0
B4_D1,925,0,109,0,0
B6_D1,624,0,3,0,0
B6_D1,268,0,504,0,0
G1_D1,101,0,8,0,0
G1_D1,1001,0,226,0,0
B2_D1,399,0,207,0,0
B2_D1,428,0,31,0,0
B6_D1,662,0,509,0,0
G1_D1,415,0,123,0,0
G1_D1,147,0,275,0,0
B10_D1,925,0,237,0,0
B10_D1,797,0,444,0,0
B10_D1,255,0,214,0,0
B6_D1,206,0,509,0,0
G1_D1,679,0,246,0,0
G1_D1,763,0,113,0,0
B6_D1,714,0,383,0,0
B6_D1,490,0,23,0,0
B6_D1,600,0,413,0,0
B6_D1,531,0,399,0,0
B8_D1,367,0,189,0,0
B8_D1,870,0,231,0,0
G1_D1,807,0,55,0,0
B6_D1,283,0,60,0,0
G1_D1,201,0,36,0,0
B10_D1,717,0,105,0,0
B4_D1,832,0,76,0,0
B10_D1,575,0,150,0,0
B4_D1,506,0,49,0,0
B10_D1,406,0,130,0,0
B4_D1,513,0,427,0,0
G1_D1,780,0,50,0,0
B10_D1,494,0,501,0,0
G1_D1,289,0,235,0,0
G1_D1,792,0,200,0,0
B10_D1,614,0,133,0,0
B6_D1,411,0,331,0,0
B6_D1,878,0,482,0,0
B6_D1,262,0,486,0,0
B6_D1,197,0,68,0,0
B6_D1,998,0,304,0,0
B6_D1,236,0,424,0,0
B6_D1,371,0,275,0,0
B6_D1,208,0,226,0,0
B10_D1,15,0,28,0,0
G1_D1,485,0,156,0,0
B4_D1,692,0,113,0,0
G1_D1,402,0,276,0,0
B6_D1,949,0,201,0,0
B6_D1,142,0,115,0,0
B6_D1,959,0,172,0,0
B6_D1,207,0,435,0,0
B10_D1,426,0,412,0,0
B6_D1,592,0,319,0,0
B2_D1,258,0,297,0,0
G1_D1,397,0,79,0,0
B10_D1,676,0,274,0,0
B10_D1,881,0,0,0,0
B6_D1,698,0,43,0,0
B6_D1,118,0,372,0,0
G1_D1,730,0,259,0,0
B6_D1,474,0,15,0,0
B2_D1,73,0,127,0,0
B10_D1,233,0,252,0,0
B6_D1,824,0,333,0,0
G1_D1,1018,0,301,0,0
B6_D1,642,0,423,0,0
B10_D1,69,0,171,0,0
B6_D1,1003,0,335,0,0
B10_D1,393,0,91,0,0
B10_D1,745,0,93,0,0
B10_D1,485,0,116,0,0
B2_D1,170,0,49,0,0
G1_D1,972,0,381,0,0
G1_D1,886,0,117,0,0
B4_D1,887,0,14,0,0
B10_D1,589,0,262,0,0
B6_D1,490,0,282,0,0
B6_D1,372,0,496,0,0
B6_D1,116,0,49,0,0
G1_D1,192,0,60,0,0
G1_D1,43,0,144,0,0
B6_D1,380,0,320,0,0
B6_D1,950,0,92,0,0
B6_D1,488,0,491,0,0
G1_D1,771,0,83,0,0
B2_D1,399,0,480,0,0
B2_D1,728,0,60,0,0
G1_D1,880,0,18,0,0
B10_D1,848,0,10,0,0
G1_D1,987,0,296,0,0
B6_D1,909,0,420,0,0
G1_D1,661,0,47,0,0
B2_D1,310,0,495,0,0
B2_D1,754,0,359,0,0
B6_D1,465,0,277,0,0
B6_D1,790,0,5,0,0
B10_D1,142,0,208,0,0
B10_D1,379,0,58,0,0
B10_D1,845,0,281,0,0
B6_D1,794,0,506,0,0
B6_D1,425,0,383,0,0
B10_D1,515,0,74,0,0
B6_D1,54,0,39,0,0
B4_D1,548,0,405,0,0
B8_D1,1004,0,2,0,0
B10_D1,655,0,261,0,0
B10_D1,658,0,275,0,0
B10_D1,940,0,288,0,0
B2_D1,283,0,141,0,0
B10_D1,465,0,87,0,0
B6_D1,461,0,477,0,0
B4_D1,768,0,257,0,0
B10_D1,724,0,102,0,0
G1_D1,885,0,232,0,0
B6_D1,246,0,67,0,0
B2_D1,709,0,223,0,0
B4_D1,537,0,66,0,0
G1_D1,851,0,241,0,0
B4_D1,0,0,238,0,0
B6_D1,1008,0,490,0,0
B6_D1,590,0,266,0,0
G1_D1,321,0,10,0,0
G1_D1,615,0,240,0,0
B10_D1,636,0,237,0,0
B6_D1,211,0,346,0,0
B10_D1,173,0,63,0,0
G1_D1,489,0,216,0,0
B6_D1,373,0,328,0,0
B6_D1,598,0,29,0,0
B10_D1,738,0,465,0,0
B10_D1,732,0,422,0,0
B10_D1,552,0,301,0,0
B10_D1,785,0,511,0,0
B6_D1,422,0,491,0,0
B10_D1,6,0,335,0,0
G1_D1,310,0,149,0,0
B6_D1,996,0,122,0,0
B10_D1,678,0,391,0,0
G1_D1,47,0,30,0,0
B6_D1,753,0,55,0,0
B6_D1,60,0,393,0,0
G1_D1,988,0,166,0,0
G1_D1,298,0,9,0,0
G1_D1,37,0,16,0,0
G1_D1,1014,0,310,0,0
B10_D1,726,0,472,0,0
B6_D1,864,0,18,0,0
B6_D1,666,0,499,0,0
B6_D1,887,0,116,0,0
B6_D1,474,0,241,0,0
B2_D1,739,0,191,0,0
B6_D1,24,0,27,0,0
B10_D1,375,0,442,0,0
B6_D1,137,0,470,0,0
B6_D1,644,0,509,0,0
B10_D1,800,0,275,0,0
B10_D1,18,0,130,0,0
B10_D1,292,0,161,0,0
B6_D1,442,0,59,0,0
B6_D1,902,0,391,0,0
B10_D1,632,0,367,0,0
B6_D1,40,0,38,0,0
G1_D1,862,0,497,0,0
G1_D1,321,0,28,0,0
B10_D1,769,0,99,0,0
B2_D1,675,0,225,0,0
B4_D1,594,0,192,0,0
B6_D1,975,0,81,0,0
B6_D1,848,0,48,0,0
B2_D1,283,0,144,0,0
B2_D1,376,0,17,0,0
B2_D1,153,0,1,0,0
B6_D1,926,0,509,0,0
B8_D1,801,0,228,0,0
B10_D1,116,0,89,0,0
B4_D1,633,0,179,0,0
B10_D1,316,0,507,0,0
B8_D1,619,0,223,0,0
B8_D1,857,0,232,0,0
B10_D1,232,0,91,0,0
B4_D1,601,0,302,0,0
B6_D1,894,0,505,0,0
G1_D1,41,0,206,0,0
B6_D1,196,0,278,0,0
B10_D1,803,0,440,0,0
B2_D1,363,0,482,0,0
G1_D1,29,0,117,0,0
B6_D1,816,0,6,0,0
B2_D1,767,0,510,0,0
B10_D1,118,0,129,0,0
G1_D1,204,0,60,0,0
B6_D1,382,0,5,0,0
G1_D1,183,0,44,0,0
B6_D1,162,0,277,0,0
B2_D1,452,0,159,0,0
B6_D1,204,0,45,0,0
B10_D1,719,0,63,0,0
B4_D1,716,0,38,0,0
B10_D1,630,0,139,0,0
B10_D1,418,0,338,0,0
B6_D1,843,0,142,0,0
G1_D1,906,0,309,0,0
G1_D1,397,0,88,0,0
G1_D1,302,0,160,0,0
B6_D1,625,0,362,0,0
B6_D1,486,0,52,0,0
B2_D1,245,0,506,0,0
G1_D1,601,0,241,0,0
B6_D1,724,0,313,0,0
B10_D1,879,0,237,0,0
B6_D1,39,0,54,0,0
B6_D1,29,0,114,0,0
B6_D1,306,0,39,0,0
B10_D1,282,0,64,0,0
B2_D1,966,0,2,0,0
G1_D1,936,0,291,0,0
B6_D1,928,0,195,0,0
B2_D1,616,0,288,0,0
B6_D1,62,0,419,0,0
B10_D1,652,0,275,0,0
B10_D1,379,0,227,0,0
B2_D1,911,0,416,0,0
B10_D1,126,0,501,0,0
B6_D1,730,0,156,0,0
G1_D1,566,0,121,0,0
B6_D1,712,0,20,0,0
B10_D1,487,0,83,0,0
B10_D1,697,0,476,0,0
G1_D1,752,0,290,0,0
G1_D1,250,0,9,0,0
B6_D1,833,0,217,0,0
B10_D1,470,0,261,0,0
B4_D1,3,0,352,0,0
G1_D1,854,0,260,0,0
B6_D1,486,0,30,0,0
B6_D1,982,0,398,0,0
B10_D1,533,0,99,0,0
B6_D1,546,0,39,0,0
B10_D1,888,0,364,0,0
B10_D1,647,0,304,0,0
B10_D1,4,0,185,0,0
B6_D1,718,0,20,0,0
B10_D1,453,0,302,0,0
G1_D1,5,0,477,0,0
G1_D1,675,0,4,0,0
G1_D1,182,0,241,0,0
B10_D1,804,0,113,0,0
B10_D1,24,0,293,0,0
G1_D1,836,0,423,0,0
G1_D1,278,0,488,0,0
B6_D1,718,0,372,0,0
G1_D1,82,0,272,0,0
G1_D1,560,0,117,0,0
G1_D1,800,0,272,0,0
B6_D1,61,0,111,0,0
G1_D1,471,0,77,0,0
B6_D1,561,0,439,0,0
B6_D1,302,0,407,0,0
B10_D1,976,0,67,0,0
B10_D1,637,0,156,0,0
B4_D1,674,0,277,0,0
B10_D1,62,0,94,0,0
B6_D1,131,0,267,0,0
B10_D1,731,0,248,0,0
B4_D1,1007,0,215,0,0
G1_D1,982,0,271,0,0
G1_D1,1016,0,48,0,0
G1_D1,238,0,235,0,0
B6_D1,606,0,487,0,0
B2_D1,768,0,1,0,0
G1_D1,261,0,314,0,0
G1_D1,561,0,102,0,0
B10_D1,218,0,182,0,0
B6_D1,518,0,509,0,0
B6_D1,232,0,330,0,0
B6_D1,826,0,35,0,0
B4_D1,354,0,361,0,0
B6_D1,749,0,464,0,0
B10_D1,425,0,450,0,0
G1_D1,102,0,18,0,0
B10_D1,345,0,509,0,0
B6_D1,70,0,486,0,0
B4_D1,987,0,15,0,0
G1_D1,851,0,8,0,0
B10_D1,640,0,299,0,0
G1_D1,26,0,260,0,0
B10_D1,468,0,5,0,0
B10_D1,405,0,149,0,0
B10_D1,477,0,78,0,0
B4_D1,600,0,227,0,0
B6_D1,711,0,299,0,0
G1_D1,106,0,283,0,0
B10_D1,231,0,302,0,0
B4_D1,905,0,106,0,0
B6_D1,970,0,137,0,0
B10_D1,536,0,279,0,0
B10_D1,495,0,304,0,0
B10_D1,233,0,328,0,0
G1_D1,23,0,246,0,0
B6_D1,160,0,447,0,0
B2_D1,953,0,28,0,0
B6_D1,674,0,132,0,0
B6_D1,785,0,153,0,0
B4_D1,27,0,274,0,0
B2_D1,524,0,160,0,0
B10_D1,432,0,412,0,0
B2_D1,427,0,491,0,0
B10_D1,1013,0,210,0,0
B4_D1,64,0,168,0,0
G1_D1,681,0,130,0,0
G1_D1,978,0,105,0,0
G1_D1,358,0,303,0,0
G1_D1,111,0,409,0,0
B6_D1,66,0,134,0,0
B6_D1,958,0,345,0,0
G1_D1,174,0,258,0,0
B10_D1,428,0,486,0,0
B6_D1,182,0,404,0,0
B4_D1,733,0,245,0,0
B6_D1,476,0,22,0,0
B6_D1,118,0,268,0,0
B10_D1,738,0,406,0,0
B10_D1,563,0,154,0,0
B10_D1,816,0,175,0,0
B10_D1,172,0,361,0,0
B10_D1,389,0,411,0,0
B6_D1,402,0,493,0,0
B10_D1,470,0,89,0,0
B6_D1,1016,0,419,0,0
B10_D1,118,0,49,0,0
B10_D1,463,0,207,0,0
B10_D1,757,0,113,0,0
B8_D1,97,0,274,0,0
B2_D1,561,0,153,0,0
B6_D1,162,0,39,0,0
B4_D1,30,0,118,0,0
B6_D1,1004,0,80,0,0
B10_D1,764,0,328,0,0
B6_D1,412,0,257,0,0
B10_D1,533,0,296,0,0
B4_D1,167,0,16,0,0
B6_D1,211,0,72,0,0
B6_D1,0,0,435,0,0
B6_D1,994,0,495,0,0
G1_D1,973,0,274,0,0
B10_D1,401,0,339,0,0
B6_D1,714,0,502,0,0
B10_D1,438,0,343,0,0
G1_D1,217,0,19,0,0
B6_D1,34,0,20,0,0
B4_D1,742,0,322,0,0
B6_D1,963,0,140,0,0
B2_D1,337,0,179,0,0
G1_D1,14,0,307,0,0
B6_D1,240,0,112,0,0
B10_D1,563,0,234,0,0
B6_D1,107,0,167,0,0
B6_D1,994,0,78,0,0
B10_D1,771,0,256,0,0
G1_D1,853,0,204,0,0
B6_D1,332,0,37,0,0
B2_D1,1003,0,30,0,0
B4_D1,681,0,279,0,0
B6_D1,136,0,187,0,0
B10_D1,139,0,7,0,0
G1_D1,999,0,106,0,0
B2_D1,145,0,452,0,0
G1_D1,420,0,13,0,0
B8_D1,1021,0,20,0,0
G1_D1,278,0,5,0,0
B6_D1,916,0,398,0,0
B6_D1,262,0,171,0,0
G1_D1,154,0,373,0,0
G1_D1,51,0,127,0,0
B10_D1,354,0,169,0,0
B6_D1,918,0,15,0,0
B6_D1,238,0,139,0,0
B6_D1,545,0,342,0,0
G1_D1,764,0,478,0,0
B10_D1,784,0,12,0,0
B10_D1,26,0,9,0,0
B10_D1,502,0,97,0,0
B6_D1,993,0,284,0,0
B10_D1,597,0,10,0,0
B4_D1,164,0,200,0,0
B10_D1,195,0,226,0,0
G1_D1,148,0,293,0,0
B10_D1,11,0,33,0,0
B10_D1,145,0,354,0,0
B6_D1,158,0,1,0,0
B10_D1,546,0,148,0,0
G1_D1,1005,0,131,0,0
B2_D1,772,0,489,0,0
B2_D1,704,0,52,0,0
B10_D1,122,0,167,0,0
B10_D1,718,0,90,0,0
B6_D1,826,0,53,0,0
B4_D1,490,0,95,0,0
B6_D1,509,0,133,0,0
B10_D1,518,0,97,0,0
B6_D1,617,0,359,0,0
B6_D1,33,0,127,0,0
B6_D1,10,0,479,0,0
B6_D1,305,0,476,0,0
G1_D1,705,0,20,0,0
B6_D1,200,0,19,0,0
B10_D1,92,0,149,0,0
B6_D1,826,0,55,0,0
B6_D1,214,0,178,0,0
B6_D1,220,0,2,0,0
G1_D1,270,0,270,0,0
B10_D1,695,0,75,0,0
B6_D1,326,0,31,0,0
B6_D1,295,0,162,0,0
B6_D1,54,0,196,0,0
B6_D1,802,0,489,0,0
B4_D1,874,0,93,0,0
G1_D1,511,0,12,0,0
B6_D1,215,0,477,0,0
B10_D1,858,0,443,0,0
B6_D1,24,0,198,0,0
B10_D1,461,0,264,0,0
B6_D1,730,0,498,0,0
B10_D1,401,0,16,0,0
B10_D1,218,0,227,0,0
B10_D1,140,0,278,0,0
B2_D1,372,0,487,0,0
B10_D1,157,0,247,0,0
B10_D1,223,0,176,0,0
B4_D1,157,0,505,0,0
G1_D1,784,0,69,0,0
B10_D1,702,0,198,0,0
B6_D1,438,0,260,0,0
B6_D1,16,0,17,0,0
B10_D1,120,0,187,0,0
B10_D1,640,0,88,0,0
B10_D1,302,0,456,0,0
B2_D1,486,0,483,0,0
B6_D1,391,0,461,0,0
G1_D1,944,0,491,0,0
B6_D1,473,0,160,0,0
B4_D1,639,0,336,0,0
B10_D1,780,0,308,0,0
B10_D1,785,0,40,0,0
B6_D1,57,0,201,0,0
B6_D1,826,0,96,0,0
G1_D1,282,0,487,0,0
B6_D1,248,0,307,0,0
B10_D1,463,0,83,0,0
B6_D1,806,0,342,0,0
B6_D1,234,0,9,0,0
G1_D1,713,0,267,0,0
G1_D1,830,0,64,0,0
B4_D1,642,0,182,0,0
B10_D1,423,0,462,0,0
G1_D1,341,0,104,0,0
B4_D1,186,0,26,0,0
B4_D1,559,0,298,0,0
B4_D1,873,0,39,0,0
G1_D1,998,0,57,0,0
B10_D1,644,0,170,0,0
B10_D1,315,0,175,0,0
B4_D1,664,0,202,0,0
B10_D1,188,0,228,0,0
B4_D1,130,0,178,0,0
B10_D1,224,0,163,0,0
B6_D1,970,0,32,0,0
B10_D1,275,0,15,0,0
B10_D1,863,0,0,0,0
G1_D1,982,0,101,0,0
B6_D1,996,0,301,0,0
G1_D1,328,0,220,0,0
B10_D1,190,0,220,0,0
G1_D1,296,0,41,0,0
B6_D1,740,0,345,0,0
B6_D1,158,0,70,0,0
B10_D1,781,0,241,0,0
B10_D1,326,0,221,0,0
B10_D1,701,0,283,0,0
B8_D1,588,0,187,0,0
B2_D1,620,0,30,0,0
B6_D1,56,0,31,0,0
B2_D1,771,0,48,0,0
B10_D1,500,0,156,0,0
B6_D1,550,0,436,0,0
B10_D1,882,0,61,0,0
B10_D1,792,0,449,0,0
B10_D1,792,0,78,0,0
B10_D1,549,0,289,0,0
B10_D1,201,0,189,0,0
B6_D1,885,0,240,0,0
G1_D1,469,0,108,0,0
B6_D1,340,0,294,0,0
B6_D1,290,0,509,0,0
G1_D1,254,0,5,0,0
B6_D1,776,0,397,0,0
B6_D1,157,0,109,0,0
B4_D1,494,0,154,0,0
B10_D1,229,0,273,0,0
B10_D1,134,0,270,0,0
B4_D1,595,0,190,0,0
B10_D1,625,0,101,0,0
B6_D1,398,0,155,0,0
B4_D1,94,0,91,0,0
B6_D1,711,0,146,0,0
B4_D1,320,0,113,0,0
B6_D1,576,0,42,0,0
B6_D1,6,0,0,0,0
B6_D1,709,0,395,0,0
B10_D1,875,0,79,0,0
B6_D1,567,0,324,0,0
B6_D1,902,0,265,0,0
G1_D1,724,0,67,0,0
B10_D1,101,0,10,0,0
B10_D1,531,0,277,0,0
B6_D1,173,0,130,0,0
B6_D1,992,0,445,0,0
B2_D1,633,0,108,0,0
B10_D1,465,0,188,0,0
G1_D1,1011,0,181,0,0
G1_D1,521,0,470,0,0
B6_D1,653,0,216,0,0
B10_D1,36,0,129,0,0
B4_D1,403,0,16,0,0
G1_D1,28,0,39,0,0
B6_D1,186,0,154,0,0
B10_D1,35,0,109,0,0
B10_D1,269,0,35,0,0
B4_D1,526,0,256,0,0
B2_D1,895,0,25,0,0
B10_D1,674,0,311,0,0
B10_D1,668,0,510,0,0
B6_D1,305,0,201,0,0
B6_D1,940,0,35,0,0
B6_D1,750,0,308,0,0
B10_D1,989,0,104,0,0
B10_D1,737,0,160,0,0
G1_D1,33,0,118,0,0
B6_D1,540,0,499,0,0
B6_D1,504,0,412,0,0
B10_D1,590,0,326,0,0
B6_D1,548,0,46,0,0
B4_D1,373,0,197,0,0
B6_D1,897,0,390,0,0
G1_D1,49,0,87,0,0
B6_D1,820,0,303,0,0
B2_D1,793,0,72,0,0
B6_D1,853,0,53,0,0
G1_D1,925,0,511,0,0
B2_D1,961,0,240,0,0
B6_D1,988,0,23,0,0
B6_D1,260,0,337,0,0
B6_D1,407,0,50,0,0
B6_D1,962,0,80,0,0
B8_D1,65,0,328,0,0
B10_D1,282,0,145,0,0
B6_D1,952,0,41,0,0
G1_D1,862,0,102,0,0
B10_D1,836,0,422,0,0
B4_D1,269,0,237,0,0
B6_D1,960,0,249,0,0
B10_D1,6,0,130,0,0
G1_D1,789,0,219,0,0
B10_D1,763,0,37,0,0
G1_D1,611,0,87,0,0
G1_D1,743,0,58,0,0
G1_D1,61,0,6,0,0
G1_D1,414,0,20,0,0
B10_D1,329,0,231,0,0
B6_D1,178,0,478,0,0
B6_D1,650,0,22,0,0
G1_D1,1012,0,178,0,0
B6_D1,48,0,241,0,0
B6_D1,272,0,503,0,0
B6_D1,816,0,508,0,0
B6_D1,965,0,306,0,0
B10_D1,106,0,32,0,0
G1_D1,301,0,235,0,0
B6_D1,614,0,360,0,0
G1_D1,858,0,13,0,0
G1_D1,865,0,237,0,0
B10_D1,534,0,23,0,0
B6_D1,283,0,279,0,0
G1_D1,251,0,357,0,0
B6_D1,817,0,80,0,0
B4_D1,206,0,358,0,0
B6_D1,875,0,237,0,0
B4_D1,252,0,202,0,0
B6_D1,197,0,363,0,0
B6_D1,322,0,47,0,0
B10_D1,863,0,4,0,0
B6_D1,112,0,489,0,0
B10_D1,765,0,21,0,0
B10_D1,803,0,83,0,0
G1_D1,802,0,18,0,0
B6_D1,701,0,427,0,0
G1_D1,424,0,96,0,0
B10_D1,239,0,10,0,0
B4_D1,4,0,308,0,0
B10_D1,7,0,131,0,0
B6_D1,17,0,329,0,0
B6_D1,916,0,234,0,0
B10_D1,817,0,244,0,0
B10_D1,646,0,451,0,0
B6_D1,263,0,163,0,0
B10_D1,711,0,87,0,0
G1_D1,1003,0,12,0,0
B4_D1,557,0,19,0,0
B6_D1,699,0,154,0,0
B6_D1,762,0,33,0,0
B6_D1,650,0,113,0,0
B10_D1,1000,0,258,0,0
B6_D1,660,0,442,0,0
B10_D1,664,0,493,0,0
B10_D1,641,0,75,0,0
B6_D1,376,0,225,0,0
B6_D1,905,0,346,0,0
B8_D1,66,0,273,0,0
B6_D1,978,0,12,0,0
B6_D1,298,0,464,0,0
B2_D1,172,0,107,0,0
B2_D1,635,0,472,0,0
B6_D1,760,0,106,0,0
G1_D1,264,0,336,0,0
B6_D1,168,0,3,0,0
B10_D1,272,0,44,0,0
B6_D1,441,0,69,0,0
G1_D1,68,0,266,0,0
B4_D1,236,0,17,0,0
B6_D1,154,0,17,0,0
B2_D1,1,0,30,0,0
B6_D1,7,0,60,0,0
B10_D1,209,0,60,0,0
B10_D1,869,0,260,0,0
G1_D1,406,0,9,0,0
B6_D1,820,0,350,0,0
G1_D1,472,0,103,0,0
B6_D1,194,0,46,0,0
B10_D1,42,0,21,0,0
G1_D1,825,0,303,0,0
B2_D1,590,0,479,0,0
G1_D1,693,0,4,0,0
B6_D1,441,0,417,0,0
B6_D1,814,0,2,0,0
G1_D1,109,0,19,0,0
B10_D1,437,0,272,0,0
B4_D1,638,0,307,0,0
B6_D1,754,0,301,0,0
B6_D1,311,0,50,0,0
B2_D1,534,0,122,0,0
B10_D1,449,0,79,0,0
B6_D1,286,0,8,0,0
B10_D1,70,0,45,0,0
B10_D1,346,0,338,0,0
B10_D1,696,0,509,0,0
B6_D1,227,0,386,0,0
B4_D1,1022,0,82,0,0
B10_D1,904,0,101,0,0
B6_D1,914,0,22,0,0
G1_D1,562,0,249,0,0
B10_D1,171,0,52,0,0
B6_D1,103,0,374,0,0
B4_D1,368,0,15,0,0
G1_D1,678,0,7,0,0
B10_D1,444,0,74,0,0
G1_D1,971,0,254,0,0
B4_D1,657,0,84,0,0
B2_D1,460,0,41,0,0
B6_D1,98,0,395,0,0
G1_D1,224,0,409,0,0
G1_D1,318,0,287,0,0
B10_D1,383,0,480,0,0
G1_D1,717,0,273,0,0
B6_D1,140,0,87,0,0
B6_D1,434,0,158,0,0
B6_D1,305,0,135,0,0
B6_D1,924,0,24,0,0
B10_D1,819,0,414,0,0
B10_D1,427,0,7,0,0
B8_D1,146,0,124,0,0
B10_D1,147,0,168,0,0
B4_D1,424,0,378,0,0
B10_D1,872,0,340,0,0
B6_D1,725,0,184,0,0
G1_D1,785,0,220,0,0
G1_D1,63,0,328,0,0
B6_D1,2,0,378,0,0
B6_D1,356,0,497,0,0
B6_D1,344,0,43,0,0
B2_D1,353,0,494,0,0
B6_D1,876,0,484,0,0
B4_D1,181,0,281,0,0
B6_D1,142,0,330,0,0
B2_D1,155,0,463,0,0
G1_D1,248,0,79,0,0
B6_D1,146,0,46,0,0
B10_D1,743,0,270,0,0
B4_D1,711,0,37,0,0
G1_D1,995,0,338,0,0
B6_D1,688,0,269,0,0
B10_D1,695,0,248,0,0
B6_D1,585,0,225,0,0
G1_D1,81,0,21,0,0
B6_D1,766,0,501,0,0
B6_D1,394,0,478,0,0
G1_D1,279,0,30,0,0
B4_D1,219,0,210,0,0
B10_D1,653,0,488,0,0
G1_D1,769,0,12,0,0
B6_D1,670,0,492,0,0
B10_D1,859,0,43,0,0
B10_D1,315,0,188,0,0
G1_D1,1016,0,18,0,0
G1_D1,468,0,91,0,0
B10_D1,542,0,16,0,0
B10_D1,293,0,133,0,0
B6_D1,882,0,238,0,0
B10_D1,851,0,187,0,0
B4_D1,793,0,85,0,0
B10_D1,452,0,66,0,0
B10_D1,253,0,34,0,0
B10_D1,194,0,191,0,0
B6_D1,659,0,112,0,0
G1_D1,402,0,0,0,0
B6_D1,2,0,89,0,0
B6_D1,5,0,119,0,0
G1_D1,273,0,64,0,0
B6_D1,777,0,248,0,0
G1_D1,375,0,4,0,0
B10_D1,793,0,333,0,0
B10_D1,372,0,211,0,0
B6_D1,738,0,296,0,0
B4_D1,269,0,207,0,0
B10_D1,709,0,313,0,0
B4_D1,3,0,220,0,0
B6_D1,163,0,60,0,0
G1_D1,581,0,272,0,0
B10_D1,708,0,5,0,0
B6_D1,431,0,359,0,0
B2_D1,406,0,511,0,0
B6_D1,146,0,81,0,0
B10_D1,679,0,465,0,0
G1_D1,992,0,122,0,0
B10_D1,935,0,331,0,0
B10_D1,132,0,188,0,0
G1_D1,84,0,57,0,0
B6_D1,844,0,435,0,0
B10_D1,141,0,168,0,0
B10_D1,591,0,347,0,0
B6_D1,647,0,390,0,0
B6_D1,20,0,491,0,0
B2_D1,766,0,466,0,0
B6_D1,870,0,12,0,0
G1_D1,811,0,260,0,0
B10_D1,254,0,43,0,0
B6_D1,771,0,342,0,0
B4_D1,663,0,275,0,0
B10_D1,946,0,52,0,0
B6_D1,581,0,338,0,0
B10_D1,633,0,376,0,0
B4_D1,309,0,219,0,0
G1_D1,880,0,265,0,0
B10_D1,122,0,198,0,0
B10_D1,615,0,1,0,0
B10_D1,693,0,266,0,0
G1_D1,256,0,511,0,0
G1_D1,37,0,240,0,0
B6_D1,140,0,127,0,0
B10_D1,336,0,182,0,0
B10_D1,709,0,417,0,0
G1_D1,315,0,483,0,0
B2_D1,680,0,224,0,0
B6_D1,362,0,354,0,0
B6_D1,126,0,511,0,0
B6_D1,370,0,144,0,0
B10_D1,1022,0,81,0,0
B2_D1,417,0,43,0,0
B6_D1,994,0,510,0,0
B10_D1,638,0,379,0,0
B6_D1,505,0,228,0,0
G1_D1,903,0,71,0,0
G1_D1,383,0,396,0,0
B2_D1,311,0,56,0,0
B6_D1,644,0,1,0,0
B6_D1,671,0,270,0,0
B2_D1,234,0,398,0,0
B10_D1,726,0,406,0,0
B6_D1,330,0,3,0,0
B10_D1,598,0,224,0,0
B6_D1,865,0,156,0,0
B4_D1,469,0,245,0,0
B10_D1,725,0,101,0,0
B6_D1,974,0,172,0,0
B10_D1,8,0,126,0,0
B6_D1,825,0,232,0,0
B10_D1,981,0,57,0,0
B2_D1,772,0,468,0,0
G1_D1,992,0,90,0,0
B6_D1,563,0,99,0,0
B4_D1,649,0,140,0,0
G1_D1,310,0,52,0,0
B6_D1,926,0,267,0,0
B6_D1,1020,0,9,0,0
B10_D1,368,0,183,0,0
B10_D1,629,0,164,0,0
G1_D1,366,0,366,0,0
B6_D1,880,0,57,0,0
G1_D1,184,0,137,0,0
B10_D1,859,0,402,0,0
G1_D1,926,0,244,0,0
B6_D1,608,0,506,0,0
B4_D1,507,0,243,0,0
G1_D1,947,0,128,0,0
B10_D1,277,0,303,0,0
B2_D1,483,0,496,0,0
B2_D1,365,0,290,0,0
B10_D1,634,0,57,0,0
B6_D1,281,0,274,0,0
B6_D1,552,0,24,0,0
B10_D1,135,0,237,0,0
B6_D1,120,0,36,0,0
B10_D1,400,0,505,0,0
B6_D1,384,0,142,0,0
G1_D1,277,0,35,0,0
B6_D1,525,0,481,0,0
B10_D1,425,0,407,0,0
B2_D1,898,0,39,0,0
G1_D1,998,0,370,0,0
B10_D1,518,0,471,0,0
G1_D1,558,0,97,0,0
B6_D1,798,0,91,0,0
B6_D1,282,0,39,0,0
B10_D1,186,0,208,0,0
B4_D1,43,0,116,0,0
G1_D1,229,0,57,0,0
B10_D1,476,0,275,0,0
G1_D1,338,0,121,0,0
B6_D1,512,0,224,0,0
B6_D1,409,0,389,0,0
B10_D1,977,0,507,0,0
B10_D1,646,0,113,0,0
B6_D1,958,0,492,0,0
G1_D1,976,0,3,0,0
B6_D1,25,0,289,0,0
B10_D1,554,0,506,0,0
G1_D1,18,0,23,0,0
B4_D1,637,0,295,0,0
B10_D1,689,0,324,0,0
B10_D1,167,0,37,0,0
B10_D1,979,0,295,0,0
B6_D1,606,0,375,0,0
B4_D1,615,0,357,0,0
B6_D1,973,0,415,0,0
B6_D1,983,0,403,0,0
G1_D1,914,0,92,0,0
B10_D1,767,0,73,0,0
B6_D1,948,0,196,0,0
B10_D1,688,0,443,0,0
B6_D1,514,0,507,0,0
B2_D1,889,0,44,0,0
B6_D1,808,0,290,0,0
B6_D1,506,0,224,0,0
B10_D1,95,0,470,0,0
B6_D1,27,0,202,0,0
B10_D1,96,0,476,0,0
B6_D1,846,0,395,0,0
B4_D1,757,0,123,0,0
B8_D1,639,0,244,0,0
G1_D1,874,0,17,0,0
G1_D1,1002,0,139,0,0
G1_D1,413,0,14,0,0
B4_D1,462,0,187,0,0
B10_D1,91,0,478,0,0
B10_D1,270,0,494,0,0
B2_D1,387,0,0,0,0
G1_D1,903,0,113,0,0
B2_D1,106,0,511,0,0
B6_D1,342,0,496,0,0
G1_D1,299,0,53,0,0
B6_D1,698,0,16,0,0
G1_D1,18,0,205,0,0
G1_D1,478,0,50,0,0
G1_D1,784,0,68,0,0
B6_D1,319,0,241,0,0
B10_D1,401,0,480,0,0
B10_D1,826,0,176,0,0
B6_D1,996,0,39,0,0
B6_D1,1017,0,397,0,0
B8_D1,299,0,318,0,0
B10_D1,632,0,115,0,0
B10_D1,497,0,240,0,0
B4_D1,722,0,61,0,0
B6_D1,867,0,147,0,0
B6_D1,955,0,136,0,0
G1_D1,1017,0,325,0,0
B4_D1,184,0,156,0,0
B6_D1,94,0,26,0,0
B8_D1,156,0,337,0,0
B10_D1,508,0,250,0,0
B6_D1,85,0,276,0,0
B10_D1,802,0,47,0,0
G1_D1,547,0,6,0,0
B4_D1,560,0,107,0,0
B2_D1,889,0,242,0,0
B2_D1,254,0,483,0,0
B10_D1,296,0,289,0,0
G1_D1,952,0,3,0,0
B10_D1,243,0,232,0,0
B10_D1,778,0,376,0,0
B4_D1,60,0,150,0,0
B6_D1,388,0,394,0,0
B6_D1,296,0,214,0,0
B10_D1,8,0,316,0,0
B6_D1,388,0,295,0,0
B2_D1,451,0,488,0,0
B6_D1,142,0,140,0,0
B2_D1,576,0,455,0,0
B4_D1,607,0,27,0,0
B10_D1,1023,0,89,0,0
B6_D1,4,0,450,0,0
B6_D1,908,0,404,0,0
G1_D1,599,0,15,0,0
B6_D1,764,0,48,0,0
B4_D1,542,0,275,0,0
B2_D1,580,0,43,0,0
B10_D1,688,0,78,0,0
B10_D1,671,0,262,0,0
G1_D1,140,0,213,0,0
B6_D1,732,0,490,0,0
B6_D1,186,0,21,0,0
B6_D1,560,0,306,0,0
B10_D1,703,0,123,0,0
B6_D1,462,0,171,0,0
B6_D1,218,0,173,0,0
B6_D1,263,0,257,0,0
B10_D1,465,0,93,0,0
B10_D1,188,0,227,0,0
G1_D1,746,0,74,0,0
B6_D1,794,0,348,0,0
G1_D1,20,0,391,0,0
B10_D1,155,0,245,0,0
B4_D1,644,0,231,0,0
B10_D1,38,0,177,0,0
B6_D1,380,0,25,0,0
B6_D1,869,0,204,0,0
B6_D1,26,0,19,0,0
B10_D1,348,0,28,0,0
B6_D1,711,0,343,0,0
B6_D1,142,0,32,0,0
B10_D1,110,0,273,0,0
B6_D1,218,0,344,0,0
B10_D1,587,0,220,0,0
B10_D1,539,0,270,0,0
B6_D1,563,0,330,0,0
B10_D1,385,0,179,0,0
G1_D1,418,0,3,0,0
G1_D1,119,0,289,0,0
G1_D1,24,0,286,0,0
B10_D1,569,0,202,0,0
B10_D1,459,0,17,0,0
B6_D1,22,0,288,0,0
B6_D1,144,0,490,0,0
B6_D1,770,0,1,0,0
B4_D1,732,0,102,0,0
B10_D1,125,0,191,0,0
B6_D1,323,0,434,0,0
B6_D1,108,0,3,0,0
B6_D1,288,0,15,0,0
B10_D1,568,0,159,0,0
G1_D1,34,0,41,0,0
B10_D1,587,0,284,0,0
B10_D1,102,0,33,0,0
G1_D1,296,0,24,0,0
B6_D1,671,0,305,0,0
G1_D1,641,0,244,0,0
G1_D1,921,0,77,0,0
B6_D1,879,0,428,0,0
B10_D1,456,0,506,0,0
B10_D1,251,0,165,0,0
B6_D1,173,0,476,0,0
B10_D1,779,0,103,0,0
B2_D1,414,0,287,0,0
B10_D1,23,0,511,0,0
B6_D1,122,0,466,0,0
B10_D1,757,0,111,0,0
B10_D1,875,0,293,0,0
G1_D1,115,0,6,0,0
B6_D1,792,0,219,0,0
B10_D1,899,0,91,0,0
G1_D1,259,0,294,0,0
B10_D1,642,0,415,0,0
B4_D1,727,0,31,0,0
B6_D1,473,0,59,0,0
B10_D1,749,0,270,0,0
B10_D1,463,0,299,0,0
G1_D1,161,0,118,0,0
B6_D1,992,0,418,0,0
B10_D1,710,0,439,0,0
B4_D1,554,0,405,0,0
G1_D1,29,0,256,0,0
B10_D1,424,0,115,0,0
B10_D1,296,0,147,0,0
B6_D1,464,0,297,0,0
B6_D1,785,0,76,0,0
B6_D1,591,0,169,0,0
G1_D1,6,0,366,0,0
G1_D1,486,0,101,0,0
B6_D1,148,0,367,0,0
B10_D1,941,0,340,0,0
B10_D1,18,0,302,0,0
B2_D1,894,0,98,0,0
G1_D1,957,0,157,0,0
B6_D1,369,0,438,0,0
B6_D1,736,0,495,0,0
B6_D1,537,0,243,0,0
B4_D1,661,0,22,0,0
B6_D1,89,0,288,0,0
G1_D1,893,0,14,0,0
B10_D1,709,0,327,0,0
B10_D1,30,0,257,0,0
B10_D1,864,0,68,0,0
G1_D1,307,0,16,0,0
B6_D1,827,0,380,0,0
B10_D1,112,0,215,0,0
B6_D1,32,0,22,0,0
B10_D1,10,0,242,0,0
G1_D1,738,0,93,0,0
B6_D1,776,0,226,0,0
G1_D1,928,0,17,0,0
B10_D1,894,0,83,0,0
B4_D1,655,0,243,0,0
B6_D1,908,0,485,0,0
B10_D1,158,0,503,0,0
B10_D1,68,0,283,0,0
B10_D1,76,0,28,0,0
B2_D1,41,0,31,0,0
G1_D1,477,0,21,0,0
B4_D1,2,0,189,0,0
B10_D1,82,0,129,0,0
B6_D1,542,0,305,0,0
B6_D1,664,0,385,0,0
G1_D1,871,0,292,0,0
B10_D1,24,0,155,0,0
B10_D1,657,0,34,0,0
B6_D1,321,0,336,0,0
B10_D1,591,0,194,0,0
B10_D1,268,0,157,0,0
G1_D1,539,0,28,0,0
B10_D1,713,0,397,0,0
B6_D1,746,0,7,0,0
B10_D1,343,0,92,0,0
B6_D1,1,0,92,0,0
B6_D1,99,0,144,0,0
G1_D1,348,0,13,0,0
B10_D1,66,0,5,0,0
G1_D1,851,0,14,0,0
B6_D1,951,0,167,0,0
B2_D1,898,0,104,0,0
B4_D1,269,0,320,0,0
B10_D1,1021,0,82,0,0
B10_D1,455,0,127,0,0
B2_D1,674,0,461,0,0
G1_D1,269,0,267,0,0
B4_D1,77,0,4,0,0
B6_D1,42,0,71,0,0
B6_D1,399,0,294,0,0
G1_D1,611,0,43,0,0
B10_D1,778,0,274,0,0
B10_D1,1002,0,66,0,0
G1_D1,670,0,55,0,0
G1_D1,645,0,462,0,0
G1_D1,18,0,69,0,0
G1_D1,104,0,63,0,0
B6_D1,264,0,193,0,0
B10_D1,58,0,114,0,0
B6_D1,743,0,56,0,0
G1_D1,643,0,6,0,0
B4_D1,972,0,45,0,0
B6_D1,586,0,49,0,0
G1_D1,26,0,227,0,0
B10_D1,855,0,353,0,0
B2_D1,793,0,223,0,0
B6_D1,910,0,32,0,0
B6_D1,676,0,17,0,0
B10_D1,567,0,9,0,0
B6_D1,264,0,312,0,0
B6_D1,985,0,297,0,0
B10_D1,453,0,8,0,0
B6_D1,746,0,286,0,0
B10_D1,899,0,100,0,0
B2_D1,250,0,487,0,0
B10_D1,415,0,17,0,0
B10_D1,1023,0,223,0,0
B10_D1,434,0,275,0,0
B6_D1,804,0,358,0,0
B10_D1,431,0,82,0,0
B6_D1,1006,0,431,0,0
B6_D1,669,0,413,0,0
B6_D1,142,0,483,0,0
G1_D1,80,0,368,0,0
B6_D1,840,0,15,0,0
B4_D1,64,0,20,0,0
B4_D1,583,0,217,0,0
B6_D1,822,0,508,0,0
G1_D1,853,0,445,0,0
B10_D1,53,0,112,0,0
B4_D1,950,0,267,0,0
B10_D1,685,0,237,0,0
B2_D1,981,0,394,0,0
B4_D1,698,0,244,0,0
B8_D1,668,0,230,0,0
B6_D1,30,0,24,0,0
G1_D1,925,0,30,0,0
B6_D1,777,0,126,0,0
B10_D1,753,0,451,0,0
B10_D1,654,0,168,0,0
B6_D1,249,0,383,0,0
B10_D1,885,0,304,0,0
B6_D1,949,0,134,0,0
B6_D1,381,0,60,0,0
B10_D1,606,0,355,0,0
B6_D1,287,0,360,0,0
B6_D1,558,0,286,0,0
B10_D1,265,0,49,0,0
B10_D1,485,0,500,0,0
B10_D1,144,0,85,0,0
B10_D1,637,0,468,0,0
B10_D1,618,0,100,0,0
B10_D1,569,0,485,0,0
B10_D1,413,0,18,0,0
B10_D1,868,0,66,0,0
G1_D1,104,0,367,0,0
B2_D1,337,0,37,0,0
B6_D1,286,0,510,0,0
G1_D1,8,0,191,0,0
B10_D1,427,0,114,0,0
B10_D1,628,0,47,0,0
B4_D1,779,0,225,0,0
B2_D1,521,0,486,0,0
B6_D1,135,0,137,0,0
G1_D1,855,0,20,0,0
B10_D1,269,0,139,0,0
G1_D1,669,0,54,0,0
B10_D1,21,0,166,0,0
G1_D1,848,0,1,0,0
B6_D1,216,0,382,0,0
B6_D1,951,0,481,0,0
B10_D1,574,0,13,0,0
B6_D1,808,0,289,0,0
G1_D1,543,0,138,0,0
B6_D1,36,0,42,0,0
G1_D1,982,0,66,0,0
B2_D1,662,0,362,0,0
G1_D1,316,0,324,0,0
B6_D1,210,0,162,0,0
B4_D1,909,0,23,0,0
B10_D1,516,0,45,0,0
B10_D1,339,0,29,0,0
G1_D1,185,0,8,0,0
B10_D1,418,0,457,0,0
B6_D1,352,0,483,0,0
B6_D1,996,0,458,0,0
B10_D1,595,0,479,0,0
B8_D1,24,0,200,0,0
G1_D1,763,0,385,0,0
G1_D1,364,0,367,0,0
B10_D1,465,0,213,0,0
G1_D1,986,0,90,0,0
B8_D1,28,0,197,0,0
B10_D1,312,0,183,0,0
B6_D1,440,0,356,0,0
B6_D1,34,0,97,0,0
B6_D1,124,0,329,0,0
B10_D1,431,0,274,0,0
G1_D1,651,0,4,0,0
B8_D1,107,0,137,0,0
B10_D1,683,0,294,0,0
B10_D1,36,0,260,0,0
G1_D1,660,0,241,0,0
B6_D1,655,0,438,0,0
B2_D1,498,0,466,0,0
G1_D1,554,0,1,0,0
B10_D1,391,0,178,0,0
G1_D1,207,0,453,0,0
B10_D1,271,0,312,0,0
B6_D1,577,0,288,0,0
B6_D1,85,0,88,0,0
B10_D1,53,0,43,0,0
B6_D1,89,0,390,0,0
B10_D1,756,0,116,0,0
B6_D1,490,0,35,0,0
G1_D1,294,0,487,0,0
B10_D1,464,0,89,0,0
G1_D1,65,0,33,0,0
B6_D1,990,0,202,0,0
B6_D1,878,0,119,0,0
G1_D1,146,0,11,0,0
B6_D1,539,0,212,0,0
B6_D1,662,0,497,0,0
B6_D1,284,0,142,0,0
B6_D1,672,0,189,0,0
B10_D1,895,0,19,0,0
B6_D1,68,0,503,0,0
B4_D1,525,0,377,0,0
G1_D1,708,0,25,0,0
G1_D1,433,0,19,0,0
B2_D1,699,0,64,0,0
B10_D1,74,0,459,0,0
G1_D1,809,0,163,0,0
B6_D1,750,0,163,0,0
B6_D1,904,0,492,0,0
G1_D1,357,0,46,0,0
G1_D1,991,0,184,0,0
B6_D1,25,0,99,0,0
B10_D1,687,0,183,0,0
B6_D1,415,0,241,0,0
B10_D1,372,0,283,0,0
B10_D1,760,0,257,0,0
B6_D1,908,0,48,0,0
G1_D1,179,0,504,0,0
B6_D1,475,0,426,0,0
B10_D1,170,0,58,0,0
B10_D1,787,0,37,0,0
B10_D1,26,0,144,0,0
B10_D1,692,0,185,0,0
B6_D1,44,0,34,0,0
B6_D1,556,0,179,0,0
G1_D1,168,0,502,0,0
B6_D1,354,0,511,0,0
B10_D1,231,0,8,0,0
B6_D1,638,0,4,0,0
B10_D1,858,0,406,0,0
G1_D1,762,0,115,0,0
G1_D1,579,0,143,0,0
B4_D1,263,0,207,0,0
G1_D1,1017,0,243,0,0
B6_D1,300,0,322,0,0
G1_D1,143,0,110,0,0
B2_D1,436,0,168,0,0
G1_D1,1006,0,77,0,0
B6_D1,310,0,492,0,0
B6_D1,754,0,14,0,0
B10_D1,415,0,108,0,0
B6_D1,461,0,66,0,0
B10_D1,961,0,295,0,0
G1_D1,92,0,400,0,0
B6_D1,601,0,392,0,0
B10_D1,958,0,72,0,0
G1_D1,43,0,70,0,0
B10_D1,53,0,152,0,0
G1_D1,752,0,1,0,0
B10_D1,971,0,76,0,0
B6_D1,530,0,488,0,0
B6_D1,97,0,300,0,0
B6_D1,98,0,500,0,0
B2_D1,122,0,12,0,0
B10_D1,562,0,99,0,0
G1_D1,324,0,40,0,0
B6_D1,862,0,145,0,0
B6_D1,124,0,504,0,0
B6_D1,324,0,335,0,0
B6_D1,210,0,100,0,0
B6_D1,21,0,423,0,0
B10_D1,371,0,0,0,0
B4_D1,673,0,199,0,0
B10_D1,825,0,407,0,0
B10_D1,535,0,317,0,0
G1_D1,773,0,291,0,0
B6_D1,613,0,362,0,0
G1_D1,932,0,57,0,0
G1_D1,918,0,307,0,0
B4_D1,195,0,51,0,0
B10_D1,799,0,389,0,0
B10_D1,171,0,252,0,0
B6_D1,752,0,13,0,0
B10_D1,641,0,85,0,0
G1_D1,439,0,242,0,0
B10_D1,421,0,158,0,0
B6_D1,534,0,508,0,0
G1_D1,550,0,27,0,0
B6_D1,136,0,367,0,0
B4_D1,771,0,80,0,0
B2_D1,383,0,160,0,0
B6_D1,841,0,262,0,0
B10_D1,423,0,8,0,0
B10_D1,113,0,195,0,0
G1_D1,398,0,244,0,0
G1_D1,1017,0,204,0,0
B2_D1,118,0,511,0,0
B2_D1,533,0,484,0,0
B6_D1,911,0,116,0,0
B4_D1,422,0,290,0,0
B10_D1,399,0,507,0,0
B10_D1,27,0,223,0,0
B8_D1,770,0,230,0,0
B10_D1,178,0,173,0,0
G1_D1,407,0,228,0,0
B10_D1,806,0,19,0,0
B10_D1,602,0,197,0,0
B10_D1,800,0,9,0,0
G1_D1,16,0,224,0,0
G1_D1,781,0,275,0,0
B10_D1,364,0,24,0,0
B10_D1,821,0,12,0,0
B10_D1,351,0,94,0,0
B6_D1,788,0,74,0,0
B10_D1,1001,0,293,0,0
B4_D1,645,0,289,0,0
B6_D1,827,0,203,0,0
B6_D1,527,0,479,0,0
B6_D1,241,0,72,0,0
G1_D1,790,0,301,0,0
B6_D1,499,0,434,0,0
B10_D1,141,0,295,0,0
B10_D1,24,0,119,0,0
B6_D1,418,0,101,0,0
B6_D1,281,0,317,0,0
B10_D1,474,0,52,0,0
B6_D1,776,0,4,0,0
B6_D1,266,0,291,0,0
B10_D1,655,0,449,0,0
B10_D1,371,0,339,0,0
B10_D1,666,0,509,0,0
B6_D1,1010,0,22,0,0
G1_D1,674,0,202,0,0
B6_D1,340,0,167,0,0
B6_D1,786,0,258,0,0
G1_D1,1008,0,168,0,0
G1_D1,253,0,353,0,0
B4_D1,62,0,415,0,0
G1_D1,758,0,155,0,0
G1_D1,833,0,83,0,0
G1_D1,152,0,5,0,0
B6_D1,670,0,483,0,0
B10_D1,73,0,452,0,0
G1_D1,700,0,282,0,0
B6_D1,449,0,65,0,0
B10_D1,445,0,156,0,0
B10_D1,111,0,8,0,0
G1_D1,235,0,57,0,0
B6_D1,644,0,19,0,0
B4_D1,277,0,16,0,0
B6_D1,630,0,39,0,0
G1_D1,121,0,502,0,0
B6_D1,764,0,488,0,0
B8_D1,328,0,309,0,0
B10_D1,70,0,317,0,0
B6_D1,755,0,284,0,0
B6_D1,261,0,456,0,0
B6_D1,51,0,417,0,0
B10_D1,710,0,470,0,0
B6_D1,863,0,155,0,0
B6_D1,569,0,229,0,0
B10_D1,245,0,355,0,0
B6_D1,140,0,22,0,0
G1_D1,747,0,230,0,0
B10_D1,257,0,259,0,0
G1_D1,13,0,194,0,0
B6_D1,26,0,31,0,0
B10_D1,669,0,111,0,0
B6_D1,675,0,413,0,0
B6_D1,394,0,101,0,0
B4_D1,160,0,3,0,0
G1_D1,703,0,254,0,0
G1_D1,988,0,145,0,0
B6_D1,458,0,19,0,0
B10_D1,812,0,178,0,0
G1_D1,19,0,183,0,0
B10_D1,99,0,302,0,0
B6_D1,1018,0,38,0,0
B6_D1,564,0,163,0,0
B6_D1,356,0,491,0,0
B10_D1,110,0,185,0,0
B6_D1,31,0,78,0,0
G1_D1,971,0,46,0,0
B6_D1,404,0,158,0,0
B8_D1,163,0,201,0,0
B6_D1,864,0,114,0,0
B6_D1,614,0,25,0,0
B6_D1,61,0,115,0,0
B6_D1,47,0,395,0,0
G1_D1,546,0,94,0,0
B10_D1,439,0,118,0,0
B10_D1,233,0,143,0,0
B10_D1,207,0,8,0,0
B10_D1,341,0,76,0,0
B6_D1,763,0,244,0,0
G1_D1,160,0,262,0,0
B6_D1,624,0,163,0,0
B10_D1,404,0,73,0,0
B6_D1,973,0,443,0,0
B10_D1,135,0,2,0,0
B6_D1,566,0,509,0,0
G1_D1,743,0,383,0,0
G1_D1,8,0,71,0,0
B6_D1,784,0,387,0,0
B6_D1,979,0,361,0,0
B6_D1,171,0,110,0,0
B10_D1,992,0,493,0,0
B6_D1,1010,0,10,0,0
B6_D1,238,0,470,0,0
B10_D1,334,0,170,0,0
B2_D1,242,0,483,0,0
B2_D1,622,0,26,0,0
B10_D1,419,0,163,0,0
B10_D1,355,0,502,0,0
B6_D1,920,0,114,0,0
G1_D1,1014,0,318,0,0
B10_D1,312,0,64,0,0
B10_D1,502,0,218,0,0
B2_D1,460,0,472,0,0
B10_D1,70,0,211,0,0
B10_D1,36,0,298,0,0
B2_D1,287,0,158,0,0
B10_D1,431,0,353,0,0
G1_D1,36,0,274,0,0
B6_D1,951,0,471,0,0
B6_D1,653,0,401,0,0
B6_D1,946,0,29,0,0
B6_D1,358,0,413,0,0
B10_D1,820,0,310,0,0
B6_D1,556,0,322,0,0
B10_D1,851,0,44,0,0
G1_D1,356,0,238,0,0
B6_D1,501,0,223,0,0
B4_D1,73,0,18,0,0
B6_D1,112,0,238,0,0
B2_D1,523,0,2,0,0
B10_D1,898,0,391,0,0
B10_D1,531,0,2,0,0
B6_D1,766,0,372,0,0
G1_D1,329,0,235,0,0
B10_D1,102,0,291,0,0
B4_D1,371,0,198,0,0
B2_D1,720,0,42,0,0
B8_D1,875,0,233,0,0
B6_D1,389,0,368,0,0
B6_D1,8,0,439,0,0
B10_D1,216,0,256,0,0
G1_D1,38,0,405,0,0
B6_D1,477,0,415,0,0
G1_D1,751,0,16,0,0
B6_D1,379,0,143,0,0
G1_D1,277,0,19,0,0
B6_D1,864,0,224,0,0
B4_D1,558,0,401,0,0
B4_D1,872,0,28,0,0
B10_D1,712,0,165,0,0
B6_D1,338,0,48,0,0
G1_D1,1,0,501,0,0
B10_D1,459,0,303,0,0
B6_D1,5,0,99,0,0
B6_D1,272,0,509,0,0
B6_D1,777,0,423,0,0
B10_D1,437,0,72,0,0
B10_D1,544,0,20,0,0
B10_D1,666,0,469,0,0
G1_D1,223,0,34,0,0
B6_D1,901,0,343,0,0
G1_D1,283,0,262,0,0
B6_D1,320,0,139,0,0
B10_D1,101,0,280,0,0
G1_D1,909,0,89,0,0
B6_D1,109,0,258,0,0
G1_D1,990,0,277,0,0
G1_D1,924,0,7,0,0
B6_D1,384,0,511,0,0
G1_D1,988,0,294,0,0
B10_D1,650,0,33,0,0
B6_D1,269,0,340,0,0
B6_D1,719,0,463,0,0
B10_D1,500,0,71,0,0
B6_D1,176,0,115,0,0
B10_D1,215,0,433,0,0
B6_D1,170,0,37,0,0
B6_D1,678,0,502,0,0
B8_D1,681,0,248,0,0
B6_D1,938,0,25,0,0
B6_D1,202,0,349,0,0
B6_D1,610,0,47,0,0
B6_D1,386,0,34,0,0
G1_D1,1001,0,76,0,0
B10_D1,80,0,88,0,0
B4_D1,540,0,182,0,0
G1_D1,683,0,111,0,0
B4_D1,450,0,16,0,0
B10_D1,432,0,229,0,0
B6_D1,994,0,17,0,0
B10_D1,236,0,177,0,0
G1_D1,121,0,96,0,0
B6_D1,611,0,342,0,0
G1_D1,677,0,286,0,0
B10_D1,529,0,7,0,0
B2_D1,114,0,42,0,0
B2_D1,341,0,202,0,0
B10_D1,145,0,112,0,0
B4_D1,173,0,78,0,0
B6_D1,203,0,479,0,0
B10_D1,494,0,246,0,0
G1_D1,605,0,245,0,0
B8_D1,639,0,240,0,0
G1_D1,8,0,390,0,0
B6_D1,35,0,411,0,0
B10_D1,503,0,121,0,0
B6_D1,876,0,244,0,0
G1_D1,1023,0,10,0,0
B4_D1,1022,0,290,0,0
B4_D1,189,0,63,0,0
B6_D1,681,0,372,0,0
G1_D1,304,0,415,0,0
G1_D1,597,0,113,0,0
B10_D1,103,0,449,0,0
B2_D1,512,0,482,0,0
G1_D1,924,0,286,0,0
B6_D1,596,0,4,0,0
G1_D1,330,0,20,0,0
B6_D1,207,0,361,0,0
B10_D1,493,0,118,0,0
B6_D1,463,0,51,0,0
B10_D1,28,0,265,0,0
G1_D1,976,0,287,0,0
G1_D1,703,0,252,0,0
B6_D1,287,0,135,0,0
B6_D1,1020,0,24,0,0
G1_D1,950,0,28,0,0
B6_D1,932,0,89,0,0
B6_D1,486,0,385,0,0
G1_D1,806,0,25,0,0
G1_D1,66,0,140,0,0
G1_D1,876,0,82,0,0
B10_D1,33,0,71,0,0
G1_D1,340,0,105,0,0
B10_D1,497,0,233,0,0
B6_D1,389,0,157,0,0
B10_D1,681,0,441,0,0
B6_D1,128,0,7,0,0
B10_D1,245,0,173,0,0
B6_D1,654,0,358,0,0
B10_D1,690,0,81,0,0
G1_D1,230,0,70,0,0
G1_D1,926,0,5,0,0
G1_D1,919,0,43,0,0
B6_D1,296,0,161,0,0
B10_D1,664,0,69,0,0
B6_D1,661,0,382,0,0
B4_D1,324,0,18,0,0
B10_D1,256,0,249,0,0
B10_D1,692,0,11,0,0
B6_D1,669,0,361,0,0
B10_D1,756,0,166,0,0
B2_D1,684,0,49,0,0
B10_D1,368,0,18,0,0
G1_D1,656,0,43,0,0
G1_D1,307,0,93,0,0
B6_D1,807,0,217,0,0
G1_D1,99,0,95,0,0
B10_D1,633,0,292,0,0
B10_D1,378,0,167,0,0
B6_D1,464,0,491,0,0
B6_D1,819,0,56,0,0
B10_D1,255,0,262,0,0
B6_D1,336,0,170,0,0
B10_D1,191,0,76,0,0
B6_D1,315,0,336,0,0
G1_D1,964,0,9,0,0
B2_D1,970,0,33,0,0
B10_D1,210,0,293,0,0
G1_D1,807,0,20,0,0
B10_D1,649,0,465,0,0
B10_D1,856,0,271,0,0
B4_D1,592,0,151,0,0
B6_D1,602,0,191,0,0
G1_D1,708,0,200,0,0
B10_D1,609,0,502,0,0
G1_D1,150,0,185,0,0
G1_D1,701,0,41,0,0
B10_D1,861,0,42,0,0
B10_D1,127,0,186,0,0
G1_D1,673,0,77,0,0
B6_D1,795,0,71,0,0
B10_D1,448,0,340,0,0
B10_D1,317,0,268,0,0
B6_D1,79,0,358,0,0
B6_D1,549,0,343,0,0
B6_D1,298,0,463,0,0
G1_D1,34,0,394,0,0
B10_D1,440,0,140,0,0
B6_D1,648,0,45,0,0
G1_D1,64,0,291,0,0
B8_D1,91,0,150,0,0
B6_D1,20,0,295,0,0
G1_D1,929,0,21,0,0
B6_D1,770,0,500,0,0
B6_D1,882,0,12,0,0
B10_D1,240,0,141,0,0
B6_D1,249,0,170,0,0
B6_D1,759,0,338,0,0
B10_D1,166,0,235,0,0
B10_D1,369,0,279,0,0
B6_D1,955,0,410,0,0
B4_D1,247,0,18,0,0
B6_D1,645,0,432,0,0
G1_D1,540,0,13,0,0
B6_D1,581,0,406,0,0
B4_D1,85,0,273,0,0
B6_D1,706,0,47,0,0
B6_D1,763,0,239,0,0
B8_D1,234,0,189,0,0
B6_D1,325,0,188,0,0
B6_D1,176,0,93,0,0
G1_D1,10,0,229,0,0
B6_D1,418,0,8,0,0
B10_D1,745,0,318,0,0
B6_D1,161,0,131,0,0
B6_D1,764,0,62,0,0
B2_D1,683,0,23,0,0
B6_D1,921,0,65,0,0
B6_D1,518,0,43,0,0
B10_D1,303,0,37,0,0
B6_D1,723,0,197,0,0
B4_D1,530,0,212,0,0
G1_D1,178,0,171,0,0
B6_D1,239,0,334,0,0
B6_D1,148,0,8,0,0
B6_D1,346,0,41,0,0
G1_D1,194,0,59,0,0
B10_D1,524,0,209,0,0
B10_D1,967,0,46,0,0
B10_D1,841,0,237,0,0
G1_D1,626,0,275,0,0
B6_D1,426,0,121,0,0
B10_D1,349,0,227,0,0
B10_D1,932,0,185,0,-1
B6_D1,72,0,273,0,0
G1_D1,519,0,52,0,0
B6_D1,300,0,496,0,0
G1_D1,172,0,374,0,0
B10_D1,145,0,255,0,0
B10_D1,678,0,263,0,0
B6_D1,708,0,15,0,0
B8_D1,755,0,242,0,0
B10_D1,368,0,108,0,0
B8_D1,705,0,188,0,0
B6_D1,189,0,451,0,0
B10_D1,717,0,253,0,0
B6_D1,564,0,42,0,0
B6_D1,544,0,282,0,0
G1_D1,841,0,6,0,0
B10_D1,59,0,329,0,0
G1_D1,939,0,41,0,0
G1_D1,933,0,43,0,0
G1_D1,812,0,305,0,0
B6_D1,162,0,353,0,0
G1_D1,236,0,243,0,0
B10_D1,562,0,65,0,0
G1_D1,237,0,42,0,0
B6_D1,822,0,21,0,0
B6_D1,842,0,265,0,0
G1_D1,67,0,453,0,0
G1_D1,767,0,164,0,0
B6_D1,433,0,70,0,0
B10_D1,126,0,504,0,0
B4_D1,222,0,177,0,0
B4_D1,572,0,199,0,0
B4_D1,8,0,229,0,0
B6_D1,233,0,49,0,0
B10_D1,227,0,325,0,0
B10_D1,616,0,498,0,0
G1_D1,334,0,25,0,0
B10_D1,6,0,136,0,0
B10_D1,24,0,220,0,0
G1_D1,944,0,258,0,0
B6_D1,134,0,150,0,0
B6_D1,380,0,506,0,0
G1_D1,210,0,7,0,0
B10_D1,779,0,40,0,0
B6_D1,412,0,507,0,0
B10_D1,258,0,286,0,0
B2_D1,735,0,264,0,0
B10_D1,232,0,24,0,0
B10_D1,133,0,186,0,0
B6_D1,966,0,471,0,0
B6_D1,312,0,36,0,0
B10_D1,140,0,185,0,0
G1_D1,815,0,271,0,0
B4_D1,227,0,62,0,0
B6_D1,73,0,81,0,0
B6_D1,366,0,502,0,0
B10_D1,6,0,373,0,0
G1_D1,271,0,237,0,0
B10_D1,410,0,315,0,0
B10_D1,392,0,316,0,0
B2_D1,447,0,214,0,0
G1_D1,782,0,272,0,0
B10_D1,299,0,63,0,0
B6_D1,1008,0,208,0,0
G1_D1,964,0,3,0,0
G1_D1,946,0,295,0,0
B4_D1,869,0,16,0,0
B6_D1,18,0,9,0,0
B4_D1,430,0,377,0,0
B10_D1,156,0,275,0,0
B10_D1,299,0,119,0,0
B6_D1,800,0,396,0,0
B6_D1,233,0,466,0,0
B10_D1,628,0,233,0,0
B10_D1,203,0,251,0,0
B4_D1,682,0,38,0,0
G1_D1,641,0,265,0,0
B6_D1,256,0,17,0,0
B2_D1,360,0,510,0,0
B6_D1,745,0,254,0,0
G1_D1,352,0,478,0,0
B6_D1,990,0,75,0,0
B10_D1,382,0,82,0,0
G1_D1,421,0,296,0,0
B6_D1,910,0,510,0,0
B6_D1,874,0,483,0,0
G1_D1,20,0,98,0,0
G1_D1,156,0,46,0,0
B6_D1,582,0,36,0,0
B8_D1,71,0,328,0,0
G1_D1,107,0,132,0,0
B10_D1,113,0,200,0,0
B10_D1,798,0,396,0,0
B10_D1,11,0,213,0,0
B2_D1,749,0,84,0,0
G1_D1,975,0,382,0,0
B2_D1,743,0,45,0,0
B10_D1,133,0,353,0,0
B8_D1,697,0,187,0,0
B6_D1,72,0,183,0,0
B10_D1,136,0,150,0,0
B4_D1,194,0,278,0,0
B4_D1,83,0,16,0,0
G1_D1,826,0,390,0,0
B6_D1,941,0,295,0,0
B6_D1,174,0,15,0,0
B10_D1,162,0,336,0,0
G1_D1,869,0,38,0,0
B6_D1,536,0,348,0,0
B10_D1,625,0,7,0,0
B10_D1,556,0,6,0,0
B2_D1,696,0,54,0,0
B4_D1,765,0,69,0,0
B6_D1,802,0,504,0,0
B4_D1,133,0,89,0,0
B6_D1,782,0,461,0,0
B6_D1,628,0,61,0,0
B4_D1,890,0,19,0,0
B4_D1,27,0,503,0,0
B6_D1,779,0,125,0,0
B10_D1,504,0,230,0,0
G1_D1,1015,0,313,0,0
B10_D1,301,0,96,0,0
G1_D1,874,0,511,0,0
B4_D1,665,0,241,0,0
B10_D1,972,0,63,0,0
B10_D1,10,0,345,0,0
B10_D1,697,0,327,0,0
B10_D1,593,0,52,0,0
B10_D1,954,0,54,0,0
B6_D1,732,0,496,0,0
B2_D1,747,0,3,0,0
B10_D1,441,0,270,0,0
G1_D1,335,0,433,0,0
B4_D1,290,0,142,0,0
B6_D1,876,0,33,0,0
B10_D1,1020,0,181,0,0
B6_D1,1016,0,10,0,0
B10_D1,304,0,95,0,0
B2_D1,770,0,224,0,0
G1_D1,255,0,65,0,0
B6_D1,950,0,202,0,0
B6_D1,719,0,200,0,0
B10_D1,169,0,61,0,0
B6_D1,273,0,362,0,0
B10_D1,54,0,51,0,0
G1_D1,346,0,203,0,0
B6_D1,714,0,15,0,0
B4_D1,41,0,127,0,0
B4_D1,150,0,19,0,0
B2_D1,390,0,510,0,0
B6_D1,4,0,455,0,0
B10_D1,54,0,147,0,0
B6_D1,214,0,278,0,0
G1_D1,20,0,71,0,0
B6_D1,708,0,493,0,0
B6_D1,424,0,32,0,0
B6_D1,582,0,375,0,0
B10_D1,776,0,62,0,0
B10_D1,925,0,43,0,0
G1_D1,848,0,77,0,0
G1_D1,867,0,311,0,0
B4_D1,463,0,207,0,0
B6_D1,298,0,163,0,0
B10_D1,329,0,73,0,0
G1_D1,57,0,291,0,0
B2_D1,292,0,511,0,0
B10_D1,517,0,216,0,0
B6_D1,975,0,189,0,0
B2_D1,971,0,393,0,0
B6_D1,239,0,74,0,0
B6_D1,573,0,170,0,0
B10_D1,563,0,281,0,0
G1_D1,562,0,3,0,0
G1_D1,389,0,228,0,0
G1_D1,840,0,0,0,0
G1_D1,921,0,10,0,0
G1_D1,276,0,22,0,0
G1_D1,431,0,78,0,0
B6_D1,266,0,10,0,0
B10_D1,105,0,116,0,0
B6_D1,906,0,496,0,0
B6_D1,758,0,290,0,0
B10_D1,449,0,22,0,0
B2_D1,787,0,113,0,0
B6_D1,765,0,101,0,0
G1_D1,1014,0,317,0,0
G1_D1,447,0,17,0,0
B10_D1,670,0,43,0,0
G1_D1,242,0,72,0,0
B4_D1,713,0,78,0,0
B4_D1,7,0,418,0,0
B4_D1,2,0,495,0,0
B6_D1,172,0,278,0,0
B10_D1,356,0,237,0,0
B6_D1,343,0,293,0,0
B2_D1,393,0,479,0,0
G1_D1,136,0,181,0,0
B6_D1,780,0,45,0,0
B10_D1,5,0,118,0,0
B6_D1,440,0,506,0,0
B2_D1,603,0,25,0,0
B6_D1,690,0,182,0,0
B10_D1,35,0,216,0,0
G1_D1,672,0,85,0,0
B6_D1,884,0,19,0,0
B10_D1,501,0,488,0,0
B6_D1,396,0,30,0,0
G1_D1,183,0,507,0,0
B6_D1,598,0,492,0,0
B10_D1,644,0,241,0,0
B6_D1,176,0,40,0,0
B6_D1,77,0,472,0,0
G1_D1,41,0,160,0,0
G1_D1,803,0,392,0,0
B8_D1,622,0,303,0,0
B10_D1,638,0,456,0,0
B2_D1,294,0,142,0,0
B6_D1,326,0,16,0,0
B6_D1,370,0,325,0,0
B4_D1,198,0,26,0,0
B10_D1,353,0,15,0,0
B10_D1,776,0,33,0,0
G1_D1,125,0,15,0,0
B10_D1,1002,0,84,0,0
B6_D1,661,0,213,0,0
G1_D1,46,0,296,0,0
B6_D1,610,0,32,0,0
G1_D1,264,0,278,0,0
G1_D1,1021,0,298,0,0
B4_D1,1023,0,127,0,0
B6_D1,258,0,0,0,0
B10_D1,815,0,106,0,0
G1_D1,440,0,254,0,0
G1_D1,707,0,41,0,0
G1_D1,970,0,267,0,0
B4_D1,336,0,346,0,0
B10_D1,173,0,44,0,0
B2_D1,745,0,471,0,0
B10_D1,537,0,471,0,0
B6_D1,30,0,45,0,0
B10_D1,59,0,90,0,0
B10_D1,20,0,197,0,0
B10_D1,903,0,81,0,0
G1_D1,21,0,187,0,0
G1_D1,631,0,50,0,0
B6_D1,59,0,285,0,0
B6_D1,148,0,342,0,0
B2_D1,647,0,477,0,0
B6_D1,45,0,408,0,0
B10_D1,332,0,503,0,0
B8_D1,154,0,59,0,0
B4_D1,6,0,302,0,0
B8_D1,628,0,179,0,0
B6_D1,150,0,39,0,0
B6_D1,146,0,500,0,0
B2_D1,555,0,18,0,0
B2_D1,184,0,95,0,0
B10_D1,199,0,273,0,0
B6_D1,34,0,501,0,0
B6_D1,952,0,415,0,0
B6_D1,184,0,47,0,0
B2_D1,638,0,224,0,0
B4_D1,657,0,109,0,0
G1_D1,13,0,152,0,0
G1_D1,308,0,59,0,0
G1_D1,849,0,78,0,0
B4_D1,240,0,54,0,0
B4_D1,6,0,113,0,0
B10_D1,800,0,378,0,0
B6_D1,925,0,136,0,0
B10_D1,90,0,181,0,0
B6_D1,458,0,399,0,0
B6_D1,652,0,483,0,0
G1_D1,46,0,258,0,0
B10_D1,738,0,401,0,0
B6_D1,349,0,217,0,0
G1_D1,474,0,0,0,0
B2_D1,315,0,240,0,0
B10_D1,403,0,450,0,0
B10_D1,136,0,6,0,0
B10_D1,22,0,64,0,0
G1_D1,295,0,510,0,0
B4_D1,921,0,313,0,0
B4_D1,477,0,16,0,0
B6_D1,163,0,331,0,0
G1_D1,234,0,184,0,0
G1_D1,388,0,369,0,0
B10_D1,859,0,228,0,0
G1_D1,970,0,42,0,0
B6_D1,506,0,63,0,0
G1_D1,26,0,5,0,0
G1_D1,126,0,455,0,0
B10_D1,54,0,173,0,0
B6_D1,638,0,506,0,0
B2_D1,817,0,58,0,0
B2_D1,518,0,220,0,0
B2_D1,364,0,114,0,0
B4_D1,1014,0,212,0,0
B6_D1,175,0,101,0,0
B6_D1,634,0,389,0,0
B6_D1,700,0,8,0,0
B4_D1,870,0,259,0,0
B10_D1,146,0,114,0,0
B6_D1,721,0,266,0,0
B10_D1,909,0,314,0,0
G1_D1,38,0,5,0,0
B10_D1,336,0,214,0,0
B6_D1,292,0,187,0,0
G1_D1,545,0,96,0,0
B10_D1,637,0,261,0,0
B6_D1,783,0,110,0,0
B6_D1,0,0,15,0,0
B4_D1,1018,0,53,0,0
B10_D1,704,0,11,0,0
B2_D1,814,0,212,0,0
B4_D1,271,0,314,0,0
B10_D1,352,0,341,0,0
B8_D1,382,0,285,0,0
B6_D1,788,0,333,0,0
B6_D1,992,0,28,0,0
B6_D1,122,0,46,0,0
B6_D1,367,0,350,0,0
B4_D1,464,0,46,0,0
B2_D1,144,0,453,0,0
B6_D1,752,0,22,0,0
B4_D1,567,0,391,0,0
B10_D1,669,0,413,0,0
B6_D1,986,0,37,0,0
B6_D1,103,0,65,0,0
B2_D1,797,0,36,0,0
B4_D1,62,0,17,0,0
G1_D1,785,0,14,0,0
B10_D1,826,0,324,0,0
B10_D1,100,0,305,0,0
G1_D1,879,0,438,0,0
B6_D1,677,0,314,0,0
B6_D1,690,0,33,0,0
B10_D1,105,0,333,0,0
B10_D1,499,0,299,0,0
B2_D1,836,0,421,0,0
G1_D1,755,0,2,0,0
B4_D1,250,0,221,0,0
B10_D1,442,0,152,0,0
B6_D1,146,0,40,0,0
B10_D1,439,0,235,0,0
B10_D1,737,0,423,0,0
B10_D1,471,0,139,0,0
B4_D1,996,0,158,0,0
B2_D1,0,0,247,0,0
B6_D1,573,0,360,0,0
B6_D1,46,0,492,0,0
B10_D1,849,0,407,0,0
B10_D1,869,0,0,0,0
B10_D1,617,0,363,0,0
B10_D1,43,0,104,0,0
B8_D1,41,0,274,0,0
B4_D1,621,0,61,0,0
B8_D1,91,0,135,0,0
B6_D1,418,0,504,0,0
B10_D1,392,0,9,0,0
B4_D1,319,0,180,0,0
B6_D1,410,0,22,0,0
B2_D1,462,0,215,0,0
B10_D1,661,0,237,0,0
B6_D1,149,0,136,0,0
B6_D1,674,0,500,0,0
B6_D1,461,0,400,0,0
B10_D1,507,0,65,0,0
G1_D1,918,0,0,0,0
B6_D1,640,0,492,0,0
G1_D1,555,0,73,0,0
G1_D1,665,0,15,0,0
B10_D1,326,0,132,0,0
B10_D1,325,0,254,0,0
B6_D1,792,0,12,0,0
G1_D1,95,0,2,0,0
B6_D1,116,0,500,0,0
B6_D1,919,0,439,0,0
B6_D1,72,0,396,0,0
B6_D1,21,0,88,0,0
B4_D1,6,0,63,0,0
G1_D1,845,0,15,0,0
B6_D1,487,0,65,0,0
B6_D1,170,0,108,0,0
B6_D1,814,0,60,0,0
B10_D1,664,0,114,0,0
B2_D1,837,0,63,0,0
B6_D1,406,0,507,0,0
B6_D1,20,0,308,0,0
B10_D1,679,0,3,0,0
B10_D1,605,0,281,0,0
B4_D1,556,0,390,0,0
G1_D1,217,0,71,0,0
B2_D1,37,0,129,0,0
G1_D1,209,0,38,0,0
B10_D1,172,0,188,0,0
B6_D1,402,0,0,0,0
B6_D1,470,0,158,0,0
B10_D1,389,0,510,0,0
G1_D1,644,0,420,0,0
B10_D1,334,0,220,0,0
B10_D1,525,0,67,0,0
G1_D1,320,0,5,0,0
B6_D1,956,0,197,0,0
B6_D1,540,0,320,0,0
B10_D1,425,0,408,0,0
B6_D1,373,0,352,0,0
B2_D1,978,0,69,0,0
B10_D1,596,0,293,0,0
B6_D1,976,0,151,0,0
B6_D1,172,0,501,0,0
B10_D1,862,0,208,0,0
B6_D1,849,0,56,0,0
B2_D1,981,0,124,0,0
G1_D1,86,0,97,0,0
B10_D1,952,0,72,0,0
B2_D1,73,0,126,0,0
B6_D1,171,0,223,0,0
B10_D1,644,0,463,0,0
B6_D1,608,0,116,0,0
G1_D1,736,0,9,0,0
B2_D1,544,0,102,0,0
B10_D1,52,0,156,0,0
G1_D1,532,0,125,0,0
B10_D1,782,0,6,0,0
B10_D1,395,0,65,0,0
G1_D1,319,0,422,0,0
B10_D1,22,0,36,0,0
B6_D1,657,0,308,0,0
B2_D1,160,0,139,0,0
B6_D1,610,0,486,0,0
B6_D1,100,0,32,0,0
B10_D1,259,0,48,0,0
G1_D1,111,0,397,0,0
G1_D1,996,0,35,0,0
B6_D1,888,0,183,0,0
B10_D1,19,0,509,0,0
G1_D1,272,0,192,0,0
G1_D1,1011,0,315,0,0
B8_D1,325,0,310,0,0
B10_D1,712,0,161,0,0
G1_D1,1002,0,257,0,0
B10_D1,444,0,484,0,0
B6_D1,979,0,387,0,0
B10_D1,872,0,250,0,0
G1_D1,18,0,210,0,0
G1_D1,840,0,422,0,0
B6_D1,374,0,37,0,0
B2_D1,599,0,510,0,0
B10_D1,864,0,233,0,0
B6_D1,450,0,496,0,0
G1_D1,974,0,18,0,0
B6_D1,301,0,188,0,0
B2_D1,675,0,286,0,0
G1_D1,143,0,96,0,0
B4_D1,597,0,59,0,0
B2_D1,909,0,450,0,0
B10_D1,842,0,63,0,0
B4_D1,1021,0,80,0,0
G1_D1,77,0,430,0,0
B6_D1,885,0,147,0,0
B10_D1,74,0,54,0,0
B4_D1,959,0,248,0,0
B10_D1,414,0,74,0,0
B2_D1,790,0,235,0,0
G1_D1,5,0,453,0,0
B6_D1,262,0,159,0,0
G1_D1,369,0,45,0,0
B6_D1,430,0,489,0,0
B6_D1,621,0,387,0,0
G1_D1,906,0,316,0,0
B4_D1,83,0,2,0,0
B10_D1,254,0,171,0,0
B6_D1,184,0,489,0,0
B4_D1,640,0,25,0,0
B10_D1,958,0,268,0,0
B6_D1,532,0,411,0,0
B6_D1,476,0,509,0,0
G1_D1,83,0,401,0,0
B6_D1,556,0,359,0,0
B4_D1,318,0,304,0,0
B6_D1,480,0,493,0,0
B6_D1,938,0,435,0,0
B6_D1,197,0,384,0,0
G1_D1,936,0,33,0,0
B10_D1,390,0,343,0,0
B6_D1,506,0,500,0,0
B4_D1,210,0,241,0,0
B10_D1,169,0,28,0,0
B6_D1,354,0,39,0,0
B6_D1,862,0,41,0,0
B10_D1,34,0,114,0,0
B10_D1,426,0,142,0,0
B2_D1,540,0,27,0,0
B2_D1,90,0,28,0,0
G1_D1,996,0,0,0,0
B10_D1,952,0,500,0,0
G1_D1,10,0,40,0,0
B10_D1,1009,0,3,0,0
G1_D1,355,0,12,0,0
B6_D1,679,0,323,0,0
B10_D1,420,0,102,0,0
B6_D1,358,0,5,0,0
B10_D1,121,0,7,0,0
B6_D1,450,0,226,0,0
B6_D1,899,0,307,0,0
B6_D1,350,0,4,0,0
B6_D1,874,0,510,0,0
B2_D1,924,0,109,0,0
B6_D1,536,0,506,0,0
B8_D1,755,0,231,0,0
B10_D1,587,0,42,0,0
B10_D1,151,0,211,0,0
G1_D1,1016,0,355,0,0
G1_D1,19,0,254,0,0
G1_D1,1021,0,424,0,0
B10_D1,391,0,135,0,0
B10_D1,785,0,453,0,0
G1_D1,590,0,287,0,0
B6_D1,410,0,19,0,0
B10_D1,368,0,273,0,0
G1_D1,942,0,234,0,0
B6_D1,95,0,136,0,0
G1_D1,545,0,32,0,0
B10_D1,874,0,464,0,0
B10_D1,194,0,15,0,0
G1_D1,143,0,457,0,0
B10_D1,84,0,313,0,0
B2_D1,514,0,511,0,0
G1_D1,376,0,39,0,0
B10_D1,600,0,277,0,0
B10_D1,316,0,4,0,0
B6_D1,74,0,19,0,0
B6_D1,402,0,33,0,0
B10_D1,45,0,28,0,0
B10_D1,139,0,319,0,0
B10_D1,659,0,25,0,0
B10_D1,649,0,268,0,0
B6_D1,704,0,419,0,0
G1_D1,160,0,120,0,0
G1_D1,405,0,225,0,0
B10_D1,988,0,7,0,0
B6_D1,419,0,286,0,0
B6_D1,377,0,70,0,0
B6_D1,518,0,7,0,0
B6_D1,730,0,35,0,0
B10_D1,502,0,143,0,0
G1_D1,370,0,39,0,0
B10_D1,698,0,115,0,0
B6_D1,406,0,17,0,0
B2_D1,679,0,98,0,0
B6_D1,98,0,398,0,0
B10_D1,664,0,165,0,0
B10_D1,246,0,94,0,0
G1_D1,779,0,14,0,0
B10_D1,425,0,280,0,0
B2_D1,711,0,88,0,0
B10_D1,697,0,186,0,0
B10_D1,577,0,280,0,0
B6_D1,524,0,31,0,0
B6_D1,109,0,150,0,0
B6_D1,994,0,281,0,0
G1_D1,988,0,141,0,0
B6_D1,810,0,100,0,0
B6_D1,754,0,375,0,0
B6_D1,336,0,9,0,0
B6_D1,571,0,392,0,0
B10_D1,812,0,439,0,0
B10_D1,469,0,133,0,0
B2_D1,643,0,223,0,0
G1_D1,65,0,2,0,0
B4_D1,558,0,393,0,0
B6_D1,61,0,356,0,0
B2_D1,658,0,69,0,0
B4_D1,265,0,324,0,0
B10_D1,373,0,171,0,0
B6_D1,88,0,391,0,0
B6_D1,822,0,33,0,0
B6_D1,108,0,242,0,0
B6_D1,472,0,5,0,0
B10_D1,156,0,166,0,0
B10_D1,634,0,89,0,0
G1_D1,968,0,125,0,0
G1_D1,159,0,4,0,0
B10_D1,848,0,343,0,0
B10_D1,37,0,509,0,0
B10_D1,113,0,105,0,0
B10_D1,532,0,96,0,0
B10_D1,718,0,310,0,0
B10_D1,65,0,180,0,0
G1_D1,116,0,146,0,0
B10_D1,395,0,478,0,0
B10_D1,727,0,267,0,0
B6_D1,248,0,400,0,0
B6_D1,566,0,31,0,0
B10_D1,643,0,202,0,0
B10_D1,168,0,193,0,0
G1_D1,584,0,37,0,0
B6_D1,1022,0,220,0,0
B10_D1,532,0,244,0,0
B6_D1,378,0,30,0,0
B10_D1,164,0,345,0,0
G1_D1,459,0,88,0,0
B6_D1,228,0,9,0,0
B10_D1,27,0,157,0,0
B10_D1,413,0,170,0,0
G1_D1,71,0,94,0,0
B6_D1,522,0,490,0,0
B4_D1,59,0,423,0,0
B6_D1,698,0,286,0,0
B2_D1,1,0,287,0,0
B6_D1,782,0,48,0,0
B4_D1,649,0,295,0,0
B4_D1,109,0,410,0,0
B2_D1,618,0,227,0,0
B6_D1,813,0,87,0,0
B4_D1,3,0,180,0,0
B10_D1,548,0,122,0,0
B6_D1,188,0,122,0,0
B6_D1,267,0,379,0,0
G1_D1,452,0,99,0,0
B10_D1,640,0,25,0,0
B6_D1,515,0,447,0,1
B6_D1,208,0,144,0,0
B10_D1,856,0,46,0,0
B4_D1,978,0,60,0,0
B6_D1,688,0,160,0,0
B10_D1,388,0,409,0,0
B6_D1,964,0,367,0,0
B6_D1,924,0,15,0,0
B6_D1,1022,0,497,0,0
B10_D1,810,0,312,0,0
G1_D1,999,0,118,0,0
G1_D1,807,0,79,0,0
B10_D1,65,0,10,0,0
B10_D1,481,0,34,0,0
B10_D1,621,0,416,0,0
B10_D1,250,0,4,0,0
B4_D1,601,0,301,0,0
B6_D1,313,0,227,0,0
B4_D1,700,0,271,0,0
B2_D1,548,0,463,0,0
B6_D1,967,0,260,0,0
G1_D1,225,0,151,0,0
B4_D1,609,0,28,0,0
B6_D1,63,0,288,0,0
G1_D1,696,0,25,0,0
B2_D1,131,0,120,0,0
G1_D1,988,0,20,0,0
B10_D1,349,0,179,0,0
B6_D1,869,0,52,0,0
B6_D1,484,0,304,0,0
B6_D1,450,0,490,0,0
B4_D1,123,0,351,0,0
B4_D1,742,0,325,0,0
B6_D1,102,0,496,0,0
G1_D1,483,0,66,0,0
B4_D1,956,0,97,0,0
G1_D1,1016,0,225,0,0
B6_D1,955,0,118,0,0
B6_D1,184,0,118,0,0
B6_D1,800,0,160,0,0
B10_D1,37,0,176,0,0
B10_D1,738,0,463,0,0
B6_D1,92,0,485,0,0
B8_D1,90,0,141,0,0
G1_D1,271,0,36,0,0
B6_D1,930,0,196,0,0
B10_D1,508,0,491,0,0
B6_D1,944,0,48,0,0
B2_D1,562,0,102,0,0
B6_D1,772,0,154,0,0
B10_D1,628,0,122,0,0
B10_D1,558,0,232,0,0
B10_D1,220,0,149,0,0
B10_D1,797,0,384,0,0
B6_D1,464,0,354,0,0
B2_D1,304,0,496,0,0
G1_D1,196,0,41,0,0
B10_D1,815,0,262,0,0
B10_D1,452,0,63,0,0
B6_D1,514,0,41,0,0
B6_D1,92,0,491,0,0
B10_D1,156,0,331,0,0
B10_D1,817,0,3,0,0
B6_D1,224,0,7,0,0
B10_D1,7,0,79,0,0
B6_D1,601,0,336,0,0
B10_D1,103,0,38,0,0
G1_D1,942,0,291,0,0
B6_D1,216,0,3,0,0
B6_D1,307,0,333,0,0
B10_D1,881,0,475,0,0
B10_D1,757,0,110,0,0
B4_D1,811,0,37,0,0
B6_D1,474,0,42,0,0
B6_D1,718,0,492,0,0
B10_D1,1008,0,233,0,0
B6_D1,718,0,32,0,0
B10_D1,112,0,157,0,0
G1_D1,175,0,410,0,0
B6_D1,944,0,252,0,0
B2_D1,392,0,509,0,0
G1_D1,240,0,13,0,0
B6_D1,90,0,271,0,0
G1_D1,417,0,4,0,0
B2_D1,767,0,79,0,0
B6_D1,829,0,295,0,0
B6_D1,352,0,498,0,0
B10_D1,369,0,30,0,0
B6_D1,833,0,203,0,0
B6_D1,459,0,98,0,0
B10_D1,629,0,123,0,0
B6_D1,67,0,139,0,0
B10_D1,556,0,283,0,0
B10_D1,949,0,457,0,0
B6_D1,624,0,9,0,0
B6_D1,128,0,113,0,0
B6_D1,188,0,4,0,0
B10_D1,714,0,401,0,0
G1_D1,806,0,11,0,0
B10_D1,283,0,170,0,0
B6_D1,448,0,393,0,0
B10_D1,690,0,293,0,0
B10_D1,785,0,248,0,0
B6_D1,996,0,295,0,0
B10_D1,967,0,216,0,0
B4_D1,10,0,290,0,0
B6_D1,69,0,192,0,0
B6_D1,478,0,29,0,0
G1_D1,515,0,147,0,0
B4_D1,225,0,133,0,0
B8_D1,594,0,187,0,0
G1_D1,33,0,44,0,0
B6_D1,817,0,109,0,0
B10_D1,669,0,416,0,0
B6_D1,869,0,203,0,0
B10_D1,949,0,248,0,0
G1_D1,227,0,457,0,0
G1_D1,350,0,288,0,0
B6_D1,4,0,145,0,0
G1_D1,985,0,298,0,0
B10_D1,121,0,509,0,0
B10_D1,60,0,124,0,0
G1_D1,14,0,320,0,0
B6_D1,705,0,481,0,0
G1_D1,208,0,407,0,0
G1_D1,1002,0,208,0,0
B10_D1,749,0,92,0,0
B6_D1,236,0,86,0,0
B4_D1,847,0,64,0,0
G1_D1,1012,0,145,0,0
B10_D1,166,0,162,0,0
B6_D1,363,0,156,0,0
G1_D1,1004,0,264,0,0
B10_D1,109,0,145,0,0
G1_D1,34,0,178,0,0
B10_D1,821,0,325,0,0
G1_D1,195,0,271,0,0
B8_D1,599,0,185,0,0
B6_D1,997,0,410,0,0
G1_D1,953,0,261,0,0
B2_D1,18,0,43,0,0
G1_D1,481,0,23,0,0
B6_D1,950,0,506,0,0
B4_D1,507,0,263,0,0
B6_D1,27,0,186,0,0
B10_D1,20,0,94,0,0
G1_D1,549,0,10,0,0
B10_D1,96,0,490,0,0
G1_D1,124,0,290,0,0
B6_D1,62,0,25,0,0
B2_D1,989,0,103,0,0
B10_D1,9,0,178,0,0
B6_D1,731,0,271,0,0
G1_D1,709,0,126,0,0
G1_D1,1004,0,15,0,0
B10_D1,279,0,255,0,0
B10_D1,740,0,8,0,0
G1_D1,902,0,96,0,0
B2_D1,928,0,40,0,0
B10_D1,679,0,62,0,0
B10_D1,273,0,8,0,0
B2_D1,970,0,66,0,0
B10_D1,191,0,511,0,0
B6_D1,321,0,203,0,0
B4_D1,308,0,45,0,0
G1_D1,91,0,502,0,0
B4_D1,812,0,38,0,0
B6_D1,210,0,355,0,0
B6_D1,108,0,45,0,0
B6_D1,444,0,9,0,0
B6_D1,477,0,457,0,0
B6_D1,533,0,230,0,0
B10_D1,81,0,208,0,0
G1_D1,272,0,287,0,0
G1_D1,777,0,67,0,0
B10_D1,305,0,131,0,0
B6_D1,665,0,342,0,0
B10_D1,433,0,111,0,0
G1_D1,915,0,235,0,0
B10_D1,481,0,488,0,0
B6_D1,829,0,301,0,0
B10_D1,355,0,110,0,0
B6_D1,626,0,31,0,0
B10_D1,286,0,342,0,0
B4_D1,401,0,404,0,0
B6_D1,60,0,30,0,0
B10_D1,671,0,239,0,0
B2_D1,898,0,455,0,0
B10_D1,743,0,511,0,0
B10_D1,154,0,321,0,0
B2_D1,58,0,159,0,0
B6_D1,468,0,353,0,0
B6_D1,364,0,355,0,0
G1_D1,381,0,17,0,0
B6_D1,392,0,13,0,0
G1_D1,1013,0,504,0,0
B6_D1,1008,0,33,0,0
B4_D1,467,0,285,0,0
B10_D1,119,0,87,0,0
B2_D1,945,0,43,0,0
B6_D1,639,0,57,0,0
G1_D1,743,0,199,0,0
B6_D1,68,0,13,0,0
B6_D1,1013,0,75,0,0
G1_D1,141,0,114,0,0
B6_D1,772,0,483,0,0
B10_D1,676,0,275,0,0
B6_D1,460,0,373,0,0
B6_D1,123,0,96,0,0
B10_D1,371,0,135,0,0
G1_D1,331,0,226,0,0
G1_D1,22,0,311,0,0
B10_D1,223,0,340,0,0
B2_D1,630,0,465,0,0
B10_D1,126,0,129,0,0
B6_D1,653,0,451,0,0
B6_D1,739,0,427,0,0
B6_D1,989,0,448,0,0
B6_D1,374,0,155,0,0
B10_D1,942,0,11,0,0
B10_D1,875,0,69,0,0
B2_D1,904,0,38,0,0
B10_D1,376,0,341,0,0
G1_D1,782,0,270,0,0
B6_D1,314,0,37,0,0
B6_D1,610,0,44,0,0
B6_D1,884,0,305,0,0
B6_D1,402,0,42,0,0
G1_D1,291,0,393,0,0
B10_D1,762,0,425,0,0
G1_D1,168,0,373,0,0
B6_D1,793,0,188,0,0
B10_D1,267,0,1,0,0
G1_D1,7,0,398,0,0
B10_D1,102,0,278,0,0
G1_D1,87,0,43,0,0
B10_D1,445,0,85,0,0
B4_D1,127,0,348,0,0
B10_D1,144,0,325,0,0
B6_D1,122,0,10,0,0
B6_D1,102,0,12,0,0
B10_D1,82,0,327,0,0
G1_D1,809,0,456,0,0
B6_D1,293,0,61,0,0
B10_D1,459,0,509,0,0
G1_D1,781,0,484,0,0
B4_D1,428,0,376,0,0
G1_D1,944,0,19,0,0
B6_D1,739,0,51,0,0
B2_D1,167,0,127,0,0
B6_D1,947,0,368,0,0
G1_D1,594,0,33,0,0
B6_D1,238,0,26,0,0
B10_D1,814,0,88,0,0
B6_D1,269,0,119,0,0
B10_D1,139,0,181,0,0
B10_D1,903,0,315,0,0
B6_D1,314,0,426,0,0
B6_D1,1008,0,332,0,0
B4_D1,33,0,394,0,0
B6_D1,22,0,8,0,0
B10_D1,721,0,475,0,0
B10_D1,452,0,289,0,0
B6_D1,580,0,498,0,0
B10_D1,93,0,299,0,0
B10_D1,410,0,458,0,0
B4_D1,758,0,60,0,0
G1_D1,345,0,28,0,0
G1_D1,655,0,201,0,0
B10_D1,301,0,86,0,0
B6_D1,844,0,486,0,0
B8_D1,573,0,218,0,0
B6_D1,456,0,226,0,0
B10_D1,503,0,305,0,0
B10_D1,11,0,111,0,0
G1_D1,59,0,117,0,0
B10_D1,574,0,6,0,0
B10_D1,775,0,37,0,0
B10_D1,728,0,97,0,0
B6_D1,751,0,244,0,0
B6_D1,727,0,356,0,0
B6_D1,556,0,436,0,0
B10_D1,86,0,274,0,0
B6_D1,871,0,271,0,0
B2_D1,93,0,314,0,0
B4_D1,944,0,458,0,0
B6_D1,807,0,238,0,0
B4_D1,847,0,66,0,0
G1_D1,330,0,157,0,0
B10_D1,356,0,39,0,0
B8_D1,609,0,224,0,0
B4_D1,906,0,72,0,0
B10_D1,395,0,468,0,0
B10_D1,308,0,180,0,0
G1_D1,667,0,93,0,0
B10_D1,260,0,244,0,0
B10_D1,495,0,496,0,0
B10_D1,148,0,321,0,0
B10_D1,5,0,187,0,0
B6_D1,486,0,135,0,0
B8_D1,56,0,330,0,0
B2_D1,978,0,121,0,0
B6_D1,642,0,55,0,0
B10_D1,255,0,234,0,0
B10_D1,453,0,17,0,0
B10_D1,664,0,26,0,0
B6_D1,657,0,405,0,0
B6_D1,854,0,48,0,0
B10_D1,213,0,21,0,0
B6_D1,133,0,92,0,0
B6_D1,972,0,193,0,0
B10_D1,30,0,40,0,0
B4_D1,251,0,204,0,0
B2_D1,736,0,76,0,0
B6_D1,128,0,488,0,0
G1_D1,248,0,1,0,0
B10_D1,1003,0,17,0,0
B6_D1,182,0,491,0,0
B6_D1,323,0,263,0,0
B2_D1,734,0,494,0,0
B6_D1,288,0,490,0,0
B10_D1,192,0,218,0,0
B10_D1,502,0,162,0,0
B6_D1,680,0,4,0,0
B6_D1,178,0,44,0,0
B6_D1,696,0,39,0,0
B6_D1,0,0,58,0,0
G1_D1,149,0,376,0,0
B6_D1,524,0,183,0,0
B10_D1,108,0,146,0,0
B4_D1,272,0,193,0,0
B10_D1,391,0,256,0,0
G1_D1,843,0,215,0,0
B10_D1,601,0,58,0,0
B6_D1,20,0,49,0,0
B6_D1,200,0,13,0,0
B6_D1,672,0,331,0,0
B10_D1,271,0,305,0,0
B10_D1,371,0,270,0,0
G1_D1,301,0,237,0,0
B2_D1,383,0,494,0,0
G1_D1,252,0,412,0,0
B10_D1,1,0,122,0,0
B10_D1,152,0,47,0,0
B6_D1,391,0,384,0,0
B10_D1,31,0,57,0,0
B8_D1,979,0,242,0,0
B10_D1,159,0,212,0,0
G1_D1,264,0,18,0,0
B2_D1,249,0,153,0,0
B10_D1,386,0,501,0,0
B10_D1,676,0,394,0,0
G1_D1,692,0,53,0,0
B6_D1,282,0,511,0,0
B4_D1,463,0,424,0,0
B6_D1,257,0,50,0,0
B6_D1,611,0,64,0,0
B10_D1,878,0,462,0,0
B6_D1,141,0,90,0,0
B6_D1,431,0,242,0,0
B6_D1,411,0,116,0,0
B10_D1,162,0,436,0,0
B10_D1,794,0,390,0,0
B6_D1,657,0,378,0,0
B8_D1,33,0,272,0,0
B6_D1,40,0,14,0,0
B6_D1,942,0,400,0,0
G1_D1,973,0,82,0,0
B6_D1,217,0,461,0,0
B6_D1,293,0,201,0,0
B6_D1,68,0,40,0,0
G1_D1,688,0,129,0,0
G1_D1,873,0,240,0,0
B10_D1,375,0,491,0,0
B6_D1,133,0,272,0,0
G1_D1,647,0,15,0,0
B6_D1,245,0,63,0,0
B10_D1,986,0,42,0,0
B10_D1,64,0,268,0,0
B6_D1,894,0,496,0,0
B8_D1,67,0,146,0,0
B6_D1,332,0,31,0,0
B6_D1,510,0,12,0,0
B4_D1,661,0,184,0,0
B6_D1,9,0,76,0,0
B6_D1,878,0,19,0,0
G1_D1,724,0,9,0,0
B10_D1,421,0,223,0,0
B6_D1,7,0,92,0,0
B10_D1,405,0,116,0,0
G1_D1,906,0,13,0,0
B10_D1,640,0,153,0,0
G1_D1,135,0,4,0,0
B6_D1,826,0,106,0,0
B10_D1,696,0,76,0,0
G1_D1,1018,0,275,0,0
B6_D1,906,0,462,0,0
B10_D1,103,0,122,0,0
B10_D1,626,0,94,0,0
B10_D1,288,0,197,0,0
B6_D1,1010,0,503,0,0
B6_D1,926,0,43,0,0
G1_D1,569,0,103,0,0
B10_D1,942,0,38,0,0
B6_D1,371,0,327,0,0
B10_D1,4,0,114,0,0
B10_D1,826,0,240,0,0
B6_D1,792,0,45,0,0
B6_D1,66,0,140,0,0
B6_D1,392,0,387,0,0
B4_D1,249,0,54,0,0
G1_D1,151,0,270,0,0
B4_D1,226,0,174,0,0
B10_D1,312,0,49,0,0
B6_D1,150,0,502,0,0
B6_D1,912,0,30,0,0
B6_D1,224,0,110,0,0
B6_D1,574,0,345,0,0
B6_D1,753,0,102,0,0
B10_D1,463,0,38,0,0
B6_D1,294,0,18,0,0
G1_D1,741,0,98,0,0
G1_D1,1021,0,492,0,0
G1_D1,218,0,1,0,0
G1_D1,812,0,308,0,0
G1_D1,272,0,236,0,0
B4_D1,631,0,223,0,0
B10_D1,892,0,60,0,0
B6_D1,955,0,229,0,0
G1_D1,224,0,182,0,0
B10_D1,736,0,83,0,0
B6_D1,806,0,16,0,0
B6_D1,272,0,291,0,0
B10_D1,155,0,210,0,0
B10_D1,321,0,336,0,0
B6_D1,437,0,359,0,0
G1_D1,10,0,262,0,0
B4_D1,0,0,217,0,0
B6_D1,410,0,387,0,0
G1_D1,872,0,242,0,0
G1_D1,171,0,224,0,0
B10_D1,182,0,200,0,0
B10_D1,895,0,64,0,0
G1_D1,487,0,485,0,0
B6_D1,908,0,461,0,0
B10_D1,38,0,327,0,0
B6_D1,250,0,308,0,0
B6_D1,16,0,150,0,0
B6_D1,882,0,224,0,0
G1_D1,184,0,3,0,0
B6_D1,73,0,385,0,0
B10_D1,777,0,258,0,0
G1_D1,894,0,263,0,0
B10_D1,1010,0,203,0,0
B2_D1,967,0,3,0,0
B6_D1,67,0,214,0,0
G1_D1,901,0,238,0,0
B6_D1,974,0,196,0,0
B6_D1,757,0,421,0,0
B6_D1,282,0,502,0,0
G1_D1,69,0,171,0,0
B10_D1,354,0,162,0,0
B6_D1,938,0,248,0,0
B6_D1,417,0,284,0,0
G1_D1,656,0,149,0,0
G1_D1,23,0,57,0,0
B6_D1,138,0,271,0,0
B6_D1,68,0,114,0,0
B10_D1,233,0,137,0,0
B6_D1,409,0,470,0,0
B10_D1,779,0,96,0,0
B6_D1,200,0,383,0,0
B6_D1,163,0,362,0,0
B10_D1,135,0,444,0,0
B10_D1,44,0,258,0,0
B6_D1,1002,0,413,0,0
B4_D1,986,0,77,0,0
B6_D1,140,0,131,0,0
B6_D1,994,0,498,0,0
B6_D1,463,0,347,0,0
B4_D1,487,0,184,0,0
B6_D1,1023,0,462,0,0
G1_D1,19,0,54,0,0
B10_D1,225,0,193,0,0
G1_D1,114,0,13,0,0
G1_D1,25,0,297,0,0
B6_D1,570,0,36,0,0
G1_D1,979,0,71,0,0
B10_D1,93,0,8,0,0
B6_D1,858,0,340,0,0
B4_D1,182,0,117,0,0
B6_D1,1000,0,17,0,0
B6_D1,46,0,5,0,0
B6_D1,52,0,261,0,0
B2_D1,777,0,24,0,0
B10_D1,585,0,182,0,0
B10_D1,710,0,479,0,0
B6_D1,837,0,366,0,0
B6_D1,100,0,320,0,0
B6_D1,964,0,137,0,0
B6_D1,534,0,318,0,0
G1_D1,1007,0,39,0,0
B10_D1,243,0,234,0,0
G1_D1,543,0,112,0,0
B6_D1,734,0,96,0,0
B10_D1,0,0,267,0,0
G1_D1,735,0,196,0,0
G1_D1,997,0,96,0,0
G1_D1,970,0,77,0,0
B2_D1,978,0,48,0,0
B4_D1,428,0,187,0,0
G1_D1,7,0,251,0,0
G1_D1,729,0,375,0,0
G1_D1,717,0,261,0,0
B6_D1,434,0,497,0,0
G1_D1,1022,0,264,0,0
G1_D1,602,0,80,0,0
B10_D1,475,0,482,0,0
B6_D1,216,0,389,0,0
B6_D1,902,0,50,0,0
G1_D1,1015,0,56,0,0
B6_D1,967,0,245,0,0
G1_D1,607,0,242,0,0
B6_D1,744,0,493,0,0
B8_D1,618,0,229,0,0
B6_D1,269,0,477,0,0
B10_D1,154,0,279,0,0
G1_D1,500,0,22,0,0
B10_D1,396,0,228,0,0
B10_D1,663,0,312,0,0
B10_D1,238,0,6,0,0
B2_D1,805,0,360,0,0
G1_D1,82,0,398,0,0
B6_D1,261,0,102,0,0
G1_D1,643,0,34,0,0
B6_D1,77,0,90,0,0
G1_D1,734,0,256,0,0
B10_D1,745,0,3,0,0
B6_D1,859,0,343,0,0
B10_D1,553,0,74,0,0
B4_D1,810,0,262,0,0
G1_D1,328,0,429,0,0
G1_D1,310,0,140,0,0
B6_D1,329,0,477,0,0
G1_D1,658,0,245,0,0
B6_D1,560,0,162,0,0
B6_D1,382,0,44,0,0
G1_D1,47,0,204,0,0
B10_D1,714,0,450,0,0
B10_D1,620,0,30,0,0
B4_D1,953,0,14,0,0
B6_D1,336,0,27,0,0
B6_D1,700,0,486,0,0
B10_D1,699,0,70,0,0
G1_D1,456,0,121,0,0
B10_D1,1014,0,43,0,0
B10_D1,704,0,6,0,0
B10_D1,772,0,415,0,0
G1_D1,629,0,54,0,0
B2_D1,828,0,365,0,0
B6_D1,180,0,127,0,0
B6_D1,621,0,343,0,0
B10_D1,195,0,277,0,0
G1_D1,1007,0,170,0,0
B6_D1,298,0,38,0,0
B6_D1,817,0,216,0,0
G1_D1,733,0,67,0,0
B4_D1,64,0,295,0,0
B10_D1,369,0,238,0,0
B10_D1,749,0,24,0,0
B10_D1,439,0,23,0,0
B6_D1,869,0,386,0,0
B10_D1,150,0,184,0,0
G1_D1,177,0,21,0,0
B10_D1,760,0,88,0,0
B10_D1,687,0,244,0,0
B10_D1,493,0,315,0,0
G1_D1,966,0,54,0,0
B6_D1,563,0,349,0,0
B6_D1,262,0,5,0,0
B2_D1,200,0,404,0,0
G1_D1,1002,0,61,0,0
G1_D1,831,0,39,0,0
B6_D1,895,0,426,0,0
B2_D1,184,0,303,0,0
B10_D1,586,0,54,0,0
B10_D1,238,0,67,0,0
B10_D1,160,0,54,0,0
B10_D1,76,0,30,0,0
B10_D1,626,0,484,0,0
B10_D1,795,0,245,0,0
B6_D1,503,0,185,0,0
B6_D1,776,0,488,0,0
G1_D1,460,0,303,0,0
B4_D1,702,0,253,0,0
G1_D1,290,0,1,0,0
B10_D1,26,0,50,0,0
B2_D1,702,0,32,0,0
B6_D1,680,0,68,0,0
B6_D1,852,0,487,0,0
B4_D1,5,0,481,0,0
B4_D1,271,0,315,0,0
B10_D1,682,0,286,0,0
B10_D1,257,0,318,0,0
B6_D1,180,0,496,0,0
B6_D1,682,0,44,0,0
B2_D1,996,0,289,0,0
B4_D1,605,0,228,0,0
B10_D1,38,0,140,0,0
G1_D1,260,0,163,0,0
B6_D1,259,0,362,0,0
B6_D1,904,0,8,0,0
B4_D1,936,0,81,0,0
G1_D1,1002,0,259,0,0
B6_D1,632,0,22,0,0
B6_D1,290,0,397,0,0
G1_D1,369,0,138,0,0
B10_D1,834,0,359,0,0
B4_D1,713,0,299,0,0
B6_D1,132,0,30,0,0
G1_D1,229,0,240,0,0
B6_D1,710,0,162,0,0
B4_D1,966,0,232,0,0
B4_D1,748,0,62,0,0
B8_D1,903,0,237,0,0
B6_D1,128,0,46,0,0
B10_D1,568,0,17,0,0
B10_D1,519,0,46,0,0
B2_D1,732,0,85,0,0
B6_D1,41,0,149,0,0
G1_D1,477,0,17,0,0
G1_D1,340,0,149,0,0
B6_D1,244,0,330,0,0
G1_D1,992,0,203,0,0
B10_D1,852,0,405,0,0
B4_D1,1002,0,83,0,0
G1_D1,12,0,181,0,0
B10_D1,453,0,190,0,0
B10_D1,351,0,244,0,0
B2_D1,237,0,153,0,0
B4_D1,646,0,290,0,0
B6_D1,114,0,265,0,0
B10_D1,370,0,212,0,0
G1_D1,1012,0,281,0,0
G1_D1,360,0,227,0,0
B6_D1,884,0,317,0,0
G1_D1,918,0,7,0,0
B10_D1,527,0,297,0,0
B6_D1,112,0,26,0,0
B6_D1,50,0,13,0,0
G1_D1,89,0,82,0,0
B4_D1,649,0,208,0,0
G1_D1,190,0,511,0,0
B10_D1,595,0,346,0,0
G1_D1,983,0,81,0,0
G1_D1,813,0,257,0,0
B4_D1,1017,0,34,0,0
B6_D1,869,0,307,0,0
G1_D1,261,0,44,0,0
B6_D1,758,0,31,0,0
B10_D1,157,0,219,0,0
B2_D1,187,0,129,0,0
B6_D1,732,0,39,0,0
B10_D1,114,0,435,0,0
B6_D1,962,0,208,0,0
G1_D1,246,0,361,0,0
B10_D1,1022,0,248,0,0
B6_D1,473,0,458,0,0
B10_D1,883,0,497,0,0
B10_D1,539,0,286,0,0
G1_D1,921,0,443,0,0
B6_D1,636,0,163,0,0
B10_D1,573,0,294,0,0
B6_D1,65,0,477,0,0
B10_D1,168,0,248,0,0
B6_D1,174,0,283,0,0
G1_D1,819,0,161,0,0
B2_D1,325,0,292,0,0
B4_D1,621,0,230,0,0
B10_D1,358,0,262,0,0
B10_D1,98,0,136,0,0
B6_D1,547,0,285,0,0
G1_D1,278,0,236,0,0
B4_D1,367,0,16,0,0
G1_D1,677,0,2,0,0
B10_D1,335,0,123,0,0
B6_D1,903,0,85,0,0
B10_D1,727,0,104,0,0
B10_D1,482,0,109,0,0
B6_D1,161,0,77,0,0
B6_D1,488,0,34,0,0
B2_D1,244,0,486,0,0
B6_D1,1001,0,430,0,0
G1_D1,416,0,120,0,0
B10_D1,526,0,510,0,0
G1_D1,990,0,147,0,0
B4_D1,3,0,475,0,0
B10_D1,78,0,87,0,0
B6_D1,503,0,164,0,0
B10_D1,797,0,271,0,0
B6_D1,502,0,47,0,0
B10_D1,544,0,290,0,0
B4_D1,136,0,152,0,0
G1_D1,10,0,255,0,0
B6_D1,123,0,395,0,0
G1_D1,36,0,214,0,0
B10_D1,34,0,78,0,0
B6_D1,92,0,299,0,0
B2_D1,825,0,209,0,0
B10_D1,521,0,0,0,0
B4_D1,761,0,14,0,0
B6_D1,383,0,383,0,0
B4_D1,736,0,91,0,0
B6_D1,884,0,25,0,0
B6_D1,818,0,396,0,0
G1_D1,355,0,290,0,0
G1_D1,825,0,161,0,0
B10_D1,633,0,45,0,0
B2_D1,816,0,365,0,0
B6_D1,718,0,2,0,0
B6_D1,892,0,208,0,0
B2_D1,438,0,510,0,0
G1_D1,753,0,35,0,0
B10_D1,11,0,352,0,0
B6_D1,179,0,363,0,0
B6_D1,252,0,12,0,0
B6_D1,306,0,152,0,0
B6_D1,10,0,23,0,0
B6_D1,468,0,281,0,0
B6_D1,641,0,421,0,0
G1_D1,994,0,20,0,0
G1_D1,268,0,277,0,0
B4_D1,4,0,339,0,0
G1_D1,941,0,408,0,0
B10_D1,2,0,410,0,0
B10_D1,550,0,265,0,0
B10_D1,761,0,270,0,0
B6_D1,430,0,38,0,0
B6_D1,654,0,398,0,0
G1_D1,973,0,65,0,0
B6_D1,239,0,302,0,0
B10_D1,687,0,117,0,0
G1_D1,292,0,9,0,0
B2_D1,0,0,448,0,0
B6_D1,535,0,261,0,0
B10_D1,57,0,22,0,0
B10_D1,822,0,317,0,0
B6_D1,540,0,505,0,0
B6_D1,726,0,36,0,0
B10_D1,246,0,39,0,0
G1_D1,8,0,296,0,0
B2_D1,395,0,508,0,0
B6_D1,885,0,174,0,0
B2_D1,399,0,172,0,0
B10_D1,472,0,138,0,0
B6_D1,814,0,61,0,0
B6_D1,842,0,4,0,0
B6_D1,998,0,299,0,0
B10_D1,341,0,87,0,0
B10_D1,175,0,263,0,0
B10_D1,835,0,270,0,0
G1_D1,570,0,283,0,0
G1_D1,37,0,12,0,0
B2_D1,781,0,360,0,0
B6_D1,524,0,13,0,0
B10_D1,402,0,467,0,0
G1_D1,95,0,99,0,0
B8_D1,117,0,89,0,0
B6_D1,908,0,119,0,0
B2_D1,347,0,51,0,0
B10_D1,685,0,58,0,0
B10_D1,678,0,469,0,0
B4_D1,428,0,191,0,0
G1_D1,500,0,483,0,0
B6_D1,748,0,328,0,0
B6_D1,677,0,271,0,0
G1_D1,35,0,184,0,0
B6_D1,834,0,334,0,0
B6_D1,104,0,466,0,0
B8_D1,837,0,230,0,0
G1_D1,178,0,374,0,0
B6_D1,243,0,246,0,0
B6_D1,440,0,488,0,0
B10_D1,637,0,56,0,0
B4_D1,1023,0,265,0,0
B6_D1,100,0,35,0,0
B6_D1,462,0,404,0,0
B10_D1,738,0,112,0,0
B6_D1,638,0,494,0,0
B6_D1,7,0,242,0,0
B10_D1,245,0,70,0,0
B6_D1,520,0,489,0,0
B10_D1,799,0,393,0,0
B4_D1,780,0,20,0,0
B10_D1,311,0,268,0,0
B10_D1,269,0,239,0,0
B6_D1,344,0,67,0,0
B4_D1,67,0,30,0,0
G1_D1,556,0,26,0,0
B2_D1,610,0,47,0,0
B6_D1,854,0,96,0,0
B10_D1,314,0,508,0,0
B6_D1,375,0,409,0,0
B2_D1,727,0,223,0,0
B6_D1,544,0,219,0,0
B6_D1,759,0,480,0,0
G1_D1,448,0,303,0,0
B10_D1,148,0,49,0,0
B4_D1,257,0,333,0,0
B10_D1,7,0,280,0,0
B6_D1,482,0,509,0,0
G1_D1,457,0,54,0,0
G1_D1,1019,0,187,0,0
B6_D1,566,0,287,0,0
G1_D1,276,0,13,0,0
B6_D1,970,0,2,0,0
G1_D1,440,0,367,0,0
B4_D1,567,0,147,0,0
B10_D1,929,0,454,0,0
B10_D1,836,0,37,0,0
G1_D1,853,0,438,0,0
G1_D1,1004,0,94,0,0
B10_D1,285,0,31,0,0
B6_D1,982,0,495,0,0
G1_D1,20,0,145,0,0
B10_D1,189,0,187,0,0
G1_D1,840,0,256,0,0
G1_D1,551,0,15,0,0
B2_D1,717,0,51,0,0
G1_D1,800,0,268,0,0
B10_D1,536,0,259,0,0
G1_D1,799,0,96,0,0
G1_D1,39,0,135,0,0
B6_D1,899,0,55,0,0
G1_D1,624,0,180,0,0
B10_D1,31,0,254,0,0
B6_D1,61,0,475,0,0
B6_D1,541,0,277,0,0
B8_D1,4,0,241,0,0
B6_D1,356,0,506,0,0
B2_D1,78,0,35,0,0
B6_D1,29,0,457,0,0
B6_D1,235,0,72,0,0
B10_D1,239,0,156,0,0
B2_D1,89,0,23,0,0
B6_D1,892,0,23,0,0
B6_D1,215,0,133,0,0
B6_D1,1020,0,18,0,0
B10_D1,142,0,87,0,0
B10_D1,259,0,72,0,0
B10_D1,302,0,180,0,0
B10_D1,812,0,435,0,0
G1_D1,75,0,4,0,0
B6_D1,434,0,354,0,0
B10_D1,512,0,313,0,0
B6_D1,790,0,389,0,0
G1_D1,365,0,41,0,0
B4_D1,957,0,115,0,0
B4_D1,46,0,391,0,0
B10_D1,571,0,108,0,0
B10_D1,197,0,17,0,0
G1_D1,906,0,293,0,0
B2_D1,752,0,80,0,0
B6_D1,956,0,31,0,0
B2_D1,177,0,126,0,0
B6_D1,644,0,221,0,0
B6_D1,966,0,15,0,0
G1_D1,1020,0,55,0,0
B10_D1,1023,0,268,0,0
B6_D1,807,0,84,0,0
B10_D1,41,0,10,0,0
G1_D1,16,0,47,0,0
B10_D1,310,0,309,0,0
B4_D1,960,0,257,0,0
G1_D1,253,0,510,0,0
B4_D1,147,0,51,0,0
B6_D1,855,0,110,0,0
B10_D1,1007,0,72,0,0
G1_D1,375,0,222,0,0
B6_D1,109,0,263,0,0
B10_D1,219,0,324,0,0
B6_D1,103,0,85,0,0
B10_D1,95,0,280,0,0
B6_D1,191,0,384,0,0
B10_D1,77,0,163,0,0
G1_D1,477,0,65,0,0
B6_D1,358,0,26,0,0
B10_D1,379,0,121,0,0
B6_D1,924,0,127,0,0
B10_D1,618,0,32,0,0
B6_D1,860,0,265,0,0
B6_D1,190,0,26,0,0
B6_D1,741,0,70,0,0
B6_D1,660,0,39,0,0
B6_D1,814,0,20,0,0
B6_D1,186,0,490,0,0
B10_D1,207,0,286,0,0
G1_D1,47,0,72,0,0
B10_D1,922,0,259,0,0
B10_D1,378,0,414,0,0
B6_D1,114,0,421,0,0
B10_D1,370,0,253,0,0
B6_D1,529,0,426,0,0
B10_D1,497,0,473,0,0
B10_D1,320,0,399,0,0
G1_D1,201,0,43,0,0
B6_D1,646,0,47,0,0
G1_D1,625,0,178,0,0
B10_D1,584,0,34,0,0
G1_D1,1001,0,155,0,0
B6_D1,518,0,245,0,0
B8_D1,534,0,292,0,0
G1_D1,11,0,246,0,0
B6_D1,672,0,346,0,0
B6_D1,777,0,273,0,0
B6_D1,974,0,494,0,0
B6_D1,927,0,390,0,0
B10_D1,610,0,97,0,0
G1_D1,117,0,135,0,0
B6_D1,804,0,292,0,0
B4_D1,684,0,264,0,0
B2_D1,522,0,156,0,0
B6_D1,504,0,490,0,0
B6_D1,108,0,502,0,0
G1_D1,658,0,18,0,0
B6_D1,905,0,398,0,0
G1_D1,758,0,268,0,0
G1_D1,746,0,211,0,0
G1_D1,221,0,51,0,0
B6_D1,18,0,496,0,0
B4_D1,92,0,304,0,0
B6_D1,79,0,392,0,0
B10_D1,675,0,39,0,0
B6_D1,964,0,32,0,0
B4_D1,486,0,247,0,0
B10_D1,1023,0,135,0,0
B6_D1,449,0,431,0,0
B6_D1,231,0,333,0,0
G1_D1,33,0,73,0,0
G1_D1,836,0,1,0,0
B10_D1,605,0,187,0,0
B2_D1,550,0,288,0,0
B4_D1,417,0,387,0,0
B6_D1,96,0,143,0,0
B6_D1,738,0,511,0,0
B4_D1,784,0,227,0,0
B6_D1,904,0,29,0,0
B6_D1,162,0,57,0,0
B2_D1,189,0,406,0,0
B6_D1,706,0,507,0,0
B10_D1,172,0,443,0,0
B6_D1,406,0,486,0,0
B10_D1,440,0,301,0,0
B10_D1,52,0,311,0,0
B10_D1,550,0,206,0,0
B10_D1,785,0,1,0,0
B6_D1,154,0,125,0,0
B6_D1,222,0,433,0,0
B6_D1,930,0,419,0,0
B6_D1,718,0,38,0,0
B6_D1,427,0,215,0,0
B6_D1,900,0,172,0,0
B4_D1,780,0,222,0,0
B6_D1,156,0,42,0,0
G1_D1,761,0,386,0,0
B4_D1,532,0,418,0,0
B4_D1,783,0,68,0,0
B6_D1,602,0,298,0,0
B6_D1,261,0,241,0,0
G1_D1,36,0,181,0,0
B6_D1,809,0,215,0,0
B10_D1,814,0,213,0,0
B6_D1,917,0,98,0,0
B6_D1,802,0,49,0,0
B10_D1,417,0,507,0,0
B6_D1,590,0,197,0,0
B6_D1,41,0,86,0,0
B4_D1,943,0,72,0,0
B6_D1,648,0,435,0,0
B6_D1,74,0,28,0,0
B2_D1,803,0,510,0,0
B6_D1,551,0,342,0,0
G1_D1,359,0,2,0,0
B10_D1,114,0,5,0,0
B10_D1,165,0,17,0,0
B4_D1,1023,0,84,0,0
B10_D1,612,0,209,0,0
G1_D1,1009,0,110,0,0
B6_D1,864,0,36,0,0
G1_D1,1002,0,173,0,0
B6_D1,574,0,267,0,0
B6_D1,190,0,188,0,0
B10_D1,593,0,351,0,0
B10_D1,142,0,135,0,0
B6_D1,358,0,192,0,0
B4_D1,62,0,456,0,0
B10_D1,190,0,27,0,0
B8_D1,224,0,90,0,0
B10_D1,457,0,502,0,0
B10_D1,568,0,94,0,0
B4_D1,240,0,35,0,0
B10_D1,373,0,237,0,0
G1_D1,990,0,138,0,0
B10_D1,517,0,70,0,0
B6_D1,630,0,12,0,0
B10_D1,394,0,498,0,0
B10_D1,784,0,172,0,0
B4_D1,64,0,34,0,0
G1_D1,791,0,212,0,0
B10_D1,327,0,308,0,0
B4_D1,863,0,13,0,0
G1_D1,11,0,109,0,0
G1_D1,315,0,147,0,0
B6_D1,403,0,313,0,0
B6_D1,482,0,482,0,0
B6_D1,32,0,37,0,0
B10_D1,957,0,33,0,0
B4_D1,1,0,452,0,0
B6_D1,98,0,370,0,0
B10_D1,124,0,373,0,0
B6_D1,280,0,47,0,0
B2_D1,837,0,43,0,0
B6_D1,508,0,41,0,0
B6_D1,460,0,436,0,0
G1_D1,561,0,4,0,0
G1_D1,317,0,334,0,0
B6_D1,524,0,397,0,0
B6_D1,776,0,293,0,0
B6_D1,346,0,84,0,0
B10_D1,246,0,57,0,0
G1_D1,941,0,21,0,0
B6_D1,173,0,170,0,0
B10_D1,497,0,163,0,0
B10_D1,539,0,143,0,0
B10_D1,299,0,176,0,0
B6_D1,362,0,48,0,0
B6_D1,388,0,167,0,0
B6_D1,226,0,425,0,0
B6_D1,53,0,118,0,0
B4_D1,983,0,13,0,0
B6_D1,1015,0,366,0,0
B6_D1,663,0,480,0,0
B10_D1,1006,0,483,0,0
B4_D1,455,0,288,0,0
B10_D1,557,0,207,0,0
B6_D1,758,0,500,0,0
B6_D1,93,0,102,0,0
B6_D1,684,0,410,0,0
B6_D1,663,0,57,0,0
G1_D1,74,0,52,0,0
B6_D1,0,0,415,0,0
B4_D1,279,0,46,0,0
B10_D1,385,0,171,0,0
B6_D1,96,0,42,0,0
B6_D1,330,0,493,0,0
G1_D1,1021,0,219,0,0
G1_D1,771,0,76,0,0
G1_D1,1018,0,250,0,0
B10_D1,694,0,395,0,0
B10_D1,138,0,458,0,0
B10_D1,335,0,291,0,0
B6_D1,969,0,83,0,0
G1_D1,675,0,195,0,0
B6_D1,570,0,69,0,0
B10_D1,440,0,275,0,0
G1_D1,802,0,21,0,0
B4_D1,695,0,28,0,0
B10_D1,157,0,36,0,0
B4_D1,0,0,300,0,0
B8_D1,617,0,181,0,0
B6_D1,393,0,67,0,0
B10_D1,627,0,87,0,0
B4_D1,909,0,19,0,0
B10_D1,426,0,35,0,0
B10_D1,536,0,313,0,0
B10_D1,799,0,451,0,0
B4_D1,784,0,43,0,0
B6_D1,995,0,312,0,0
G1_D1,396,0,20,0,0
B6_D1,69,0,52,0,0
B10_D1,485,0,249,0,0
B10_D1,252,0,298,0,0
B10_D1,451,0,504,0,0
B6_D1,184,0,401,0,0
B10_D1,566,0,110,0,0
B6_D1,294,0,140,0,0
B6_D1,298,0,115,0,0
B10_D1,644,0,58,0,0
G1_D1,84,0,356,0,0
B10_D1,62,0,145,0,0
G1_D1,708,0,83,0,0
B10_D1,395,0,32,0,0
B6_D1,32,0,46,0,0
B4_D1,877,0,21,0,0
B4_D1,167,0,173,0,0
G1_D1,771,0,82,0,0
B6_D1,132,0,209,0,0
B10_D1,451,0,299,0,0
B6_D1,804,0,499,0,0
B4_D1,16,0,168,0,0
B6_D1,830,0,190,0,0
B10_D1,847,0,23,0,0
B6_D1,296,0,497,0,0
B6_D1,426,0,6,0,0
B6_D1,267,0,375,0,0
B10_D1,584,0,183,0,0
G1_D1,708,0,0,0,0
B6_D1,157,0,200,0,0
B10_D1,368,0,29,0,0
B6_D1,281,0,481,0,0
B6_D1,148,0,295,0,0
B6_D1,15,0,368,0,0
B6_D1,615,0,184,0,0
B10_D1,712,0,90,0,0
B6_D1,656,0,19,0,0
G1_D1,8,0,303,0,0
B6_D1,314,0,205,0,0
B10_D1,599,0,298,0,0
B6_D1,882,0,45,0,0
B4_D1,678,0,49,0,0
B10_D1,735,0,26,0,0
B10_D1,22,0,290,0,0
G1_D1,41,0,217,0,0
B6_D1,507,0,305,0,0
B10_D1,714,0,284,0,0
B6_D1,310,0,49,0,0
B6_D1,342,0,428,0,0
B4_D1,249,0,210,0,0
G1_D1,600,0,186,0,0
G1_D1,1020,0,109,0,0
B10_D1,924,0,248,0,0
B10_D1,94,0,135,0,0
B8_D1,205,0,105,0,0
B10_D1,320,0,486,0,0
B10_D1,736,0,252,0,0
G1_D1,506,0,1,0,0
B4_D1,750,0,72,0,0
B10_D1,254,0,206,0,0
G1_D1,940,0,18,0,0
B6_D1,773,0,200,0,0
G1_D1,166,0,499,0,0
B2_D1,620,0,479,0,0
B6_D1,1004,0,485,0,0
B10_D1,849,0,284,0,0
B10_D1,961,0,152,0,0
B10_D1,417,0,222,0,0
B10_D1,900,0,310,0,0
G1_D1,902,0,5,0,0
B6_D1,0,0,111,0,0
B6_D1,955,0,269,0,0
B10_D1,669,0,318,0,0
B10_D1,296,0,331,0,0
B2_D1,223,0,138,0,0
G1_D1,1015,0,211,0,0
G1_D1,1014,0,188,0,0
B6_D1,880,0,324,0,0
B8_D1,528,0,292,0,0
B6_D1,1018,0,492,0,0
G1_D1,172,0,343,0,0
B10_D1,40,0,249,0,0
G1_D1,949,0,29,0,0
G1_D1,632,0,297,0,0
B6_D1,1003,0,416,0,0
B6_D1,498,0,487,0,0
G1_D1,11,0,275,0,0
B6_D1,323,0,477,0,0
B6_D1,264,0,505,0,0
B6_D1,40,0,35,0,0
B10_D1,575,0,154,0,0
B6_D1,46,0,41,0,0
B10_D1,4,0,235,0,0
B10_D1,141,0,101,0,0
G1_D1,840,0,166,0,0
B10_D1,190,0,189,0,0
B10_D1,742,0,120,0,0
B10_D1,745,0,421,0,0
B10_D1,211,0,323,0,0
G1_D1,241,0,16,0,0
B4_D1,983,0,217,0,0
B6_D1,712,0,507,0,0
B4_D1,838,0,36,0,0
B10_D1,331,0,416,0,0
B6_D1,381,0,227,0,0
B4_D1,932,0,259,0,0
B10_D1,273,0,122,0,0
B6_D1,246,0,39,0,0
B6_D1,736,0,483,0,0
B4_D1,135,0,179,0,0
G1_D1,654,0,21,0,0
B6_D1,654,0,423,0,0
B6_D1,718,0,106,0,0
B6_D1,863,0,70,0,0
B6_D1,97,0,378,0,0
B6_D1,165,0,161,0,0
B10_D1,398,0,55,0,0
B10_D1,161,0,185,0,0
G1_D1,507,0,10,0,0
B6_D1,1012,0,431,0,0
B6_D1,320,0,46,0,0
G1_D1,122,0,11,0,0
B6_D1,153,0,404,0,0
B10_D1,53,0,207,0,0
G1_D1,904,0,84,0,0
B4_D1,267,0,19,0,0
B6_D1,508,0,234,0,0
B2_D1,304,0,200,0,0
B6_D1,6,0,27,0,0
B10_D1,973,0,504,0,0
G1_D1,12,0,400,0,0
B2_D1,912,0,423,0,0
B2_D1,633,0,114,0,0
G1_D1,674,0,70,0,0
G1_D1,995,0,46,0,0
B2_D1,777,0,80,0,0
B10_D1,501,0,38,0,0
B6_D1,34,0,294,0,0
G1_D1,1018,0,224,0,0
B6_D1,47,0,202,0,0
G1_D1,99,0,21,0,0
G1_D1,861,0,240,0,0
B6_D1,544,0,35,0,0
B6_D1,906,0,490,0,0
B6_D1,349,0,261,0,0
B6_D1,2,0,10,0,0
B10_D1,445,0,7,0,0
B6_D1,70,0,47,0,0
B4_D1,12,0,291,0,0
B6_D1,683,0,200,0,0
B6_D1,951,0,115,0,0
B10_D1,480,0,312,0,0
B10_D1,899,0,236,0,0
B10_D1,16,0,137,0,0
B10_D1,929,0,0,0,0
B6_D1,598,0,510,0,0
B10_D1,179,0,222,0,0
B4_D1,597,0,219,0,0
G1_D1,913,0,251,0,0
B10_D1,426,0,377,0,0
B6_D1,900,0,496,0,0
B10_D1,105,0,2,0,0
G1_D1,331,0,16,0,0
B2_D1,645,0,441,0,0
B6_D1,702,0,341,0,0
B6_D1,535,0,364,0,0
G1_D1,1005,0,153,0,0
G1_D1,666,0,7,0,0
B10_D1,941,0,359,0,0
B10_D1,685,0,300,0,0
B6_D1,960,0,27,0,0
B6_D1,91,0,201,0,0
B4_D1,283,0,16,0,0
B6_D1,349,0,209,0,0
G1_D1,260,0,31,0,0
B10_D1,673,0,313,0,0
G1_D1,275,0,55,0,0
B10_D1,472,0,228,0,0
B10_D1,91,0,143,0,0
G1_D1,1012,0,260,0,0
B6_D1,172,0,20,0,0
B10_D1,58,0,48,0,0
B6_D1,961,0,170,0,0
B6_D1,156,0,484,0,0
B10_D1,104,0,272,0,0
B10_D1,813,0,41,0,0
B6_D1,625,0,355,0,0
G1_D1,59,0,204,0,0
G1_D1,664,0,253,0,0
B2_D1,293,0,56,0,0
B10_D1,464,0,106,0,0
B4_D1,511,0,372,0,0
B6_D1,302,0,19,0,0
B6_D1,187,0,196,0,0
B6_D1,702,0,3,0,0
B6_D1,550,0,267,0,0
B6_D1,928,0,35,0,0
B6_D1,508,0,452,0,1
B6_D1,804,0,24,0,0
B10_D1,716,0,100,0,0
B6_D1,894,0,12,0,0
B6_D1,380,0,503,0,0
B6_D1,414,0,36,0,0
B2_D1,885,0,58,0,0
B6_D1,186,0,30,0,0
B10_D1,884,0,260,0,0
B10_D1,427,0,418,0,0
G1_D1,81,0,501,0,0
B6_D1,6,0,158,0,0
B6_D1,895,0,304,0,0
B2_D1,240,0,299,0,0
B6_D1,3,0,75,0,0
B4_D1,37,0,144,0,0
B6_D1,958,0,35,0,0
B4_D1,913,0,102,0,0
B10_D1,452,0,75,0,0
B6_D1,172,0,330,0,0
B2_D1,770,0,14,0,0
B6_D1,691,0,301,0,0
B10_D1,185,0,44,0,0
B6_D1,332,0,155,0,0
B10_D1,478,0,39,0,0
G1_D1,426,0,368,0,0
B4_D1,462,0,422,0,0
B10_D1,75,0,99,0,0
G1_D1,319,0,19,0,0
G1_D1,280,0,63,0,0
B10_D1,149,0,257,0,0
B6_D1,642,0,477,0,0
B4_D1,5,0,470,0,0
B10_D1,945,0,351,0,0
B6_D1,942,0,301,0,0
B4_D1,817,0,258,0,0
B10_D1,182,0,70,0,0
G1_D1,987,0,34,0,0
B10_D1,590,0,146,0,0
B6_D1,3,0,196,0,0
G1_D1,934,0,497,0,0
B10_D1,620,0,157,0,0
B10_D1,13,0,205,0,0
B6_D1,76,0,391,0,0
B10_D1,510,0,208,0,0
B10_D1,0,0,272,0,0
B6_D1,846,0,42,0,0
B6_D1,393,0,156,0,0
B6_D1,258,0,128,0,0
B10_D1,944,0,503,0,0
B4_D1,126,0,19,0,0
G1_D1,1,0,466,0,0
B10_D1,540,0,54,0,0
G1_D1,49,0,29,0,0
G1_D1,729,0,261,0,0
B10_D1,105,0,66,0,0
B10_D1,736,0,113,0,0
G1_D1,826,0,489,0,0
G1_D1,847,0,21,0,0
B2_D1,633,0,22,0,0
B6_D1,374,0,43,0,0
G1_D1,1003,0,214,0,0
B10_D1,769,0,36,0,0
B2_D1,846,0,240,0,0
B6_D1,1003,0,79,0,0
B6_D1,286,0,245,0,0
G1_D1,505,0,284,0,0
G1_D1,494,0,11,0,0
B10_D1,141,0,277,0,0
B6_D1,86,0,370,0,0
B10_D1,726,0,339,0,0
B6_D1,584,0,432,0,0
B10_D1,675,0,413,0,0
G1_D1,137,0,265,0,0
B6_D1,278,0,494,0,0
B6_D1,732,0,339,0,0
B6_D1,944,0,31,0,0
B6_D1,204,0,27,0,0
G1_D1,986,0,375,0,0
B6_D1,358,0,385,0,0
B6_D1,512,0,46,0,0
B10_D1,971,0,488,0,0
B2_D1,881,0,510,0,0
G1_D1,958,0,17,0,0
G1_D1,62,0,52,0,0
B10_D1,102,0,95,0,0
B6_D1,246,0,33,0,0
B10_D1,1016,0,9,0,0
B6_D1,881,0,312,0,0
B6_D1,936,0,196,0,0
B6_D1,1014,0,15,0,0
B2_D1,494,0,29,0,0
B10_D1,791,0,388,0,0
B4_D1,754,0,62,0,0
B6_D1,306,0,30,0,0
B10_D1,784,0,90,0,0
B6_D1,706,0,489,0,0
B10_D1,499,0,227,0,0
B6_D1,599,0,410,0,0
G1_D1,50,0,101,0,0
B10_D1,639,0,420,0,0
B2_D1,830,0,66,0,0
B10_D1,618,0,196,0,0
B10_D1,18,0,108,0,0
B6_D1,745,0,434,0,0
B6_D1,773,0,477,0,0
G1_D1,42,0,23,0,0
B4_D1,788,0,219,0,0
G1_D1,31,0,70,0,0
G1_D1,244,0,268,0,0
B6_D1,13,0,397,0,0
B10_D1,766,0,56,0,0
B6_D1,968,0,234,0,0
B6_D1,12,0,30,0,0
B6_D1,599,0,283,0,0
B10_D1,743,0,92,0,0
B2_D1,381,0,482,0,0
B4_D1,947,0,56,0,0
B10_D1,43,0,62,0,0
B10_D1,96,0,144,0,0
B2_D1,316,0,200,0,0
B6_D1,78,0,142,0,0
B6_D1,334,0,294,0,0
G1_D1,376,0,511,0,0
G1_D1,117,0,392,0,0
B6_D1,758,0,43,0,0
B6_D1,685,0,70,0,0
G1_D1,78,0,300,0,0
B10_D1,890,0,89,0,0
G1_D1,304,0,90,0,0
B10_D1,888,0,272,0,0
B6_D1,838,0,17,0,0
G1_D1,656,0,142,0,0
B2_D1,425,0,171,0,0
B6_D1,471,0,65,0,0
B6_D1,10,0,17,0,0
B6_D1,263,0,340,0,0
B10_D1,780,0,428,0,0
B10_D1,747,0,451,0,0
B10_D1,750,0,247,0,0
B6_D1,876,0,496,0,0
B6_D1,142,0,486,0,0
B2_D1,887,0,21,0,0
B10_D1,532,0,257,0,0
B10_D1,367,0,140,0,0
B10_D1,1010,0,32,0,0
G1_D1,794,0,264,0,0
B6_D1,729,0,268,0,0
G1_D1,1019,0,414,0,0
B2_D1,142,0,40,0,0
G1_D1,732,0,457,0,0
B6_D1,940,0,198,0,0
B6_D1,765,0,215,0,0
B4_D1,1022,0,211,0,0
B6_D1,480,0,243,0,0
B10_D1,410,0,241,0,0
B6_D1,840,0,395,0,0
G1_D1,996,0,109,0,0
B6_D1,592,0,376,0,0
B10_D1,113,0,12,0,0
G1_D1,785,0,71,0,0
B6_D1,596,0,488,0,0
B6_D1,21,0,313,0,0
B6_D1,293,0,380,0,0
B10_D1,309,0,224,0,0
B4_D1,835,0,95,0,0
B10_D1,769,0,93,0,0
B6_D1,893,0,312,0,0
B6_D1,120,0,257,0,0
B4_D1,41,0,125,0,0
B6_D1,558,0,375,0,0
B8_D1,232,0,190,0,0
B10_D1,828,0,26,0,0
B10_D1,190,0,64,0,0
B10_D1,647,0,85,0,0
B10_D1,263,0,355,0,0
B6_D1,192,0,21,0,0
B2_D1,641,0,50,0,0
B4_D1,865,0,263,0,0
B6_D1,600,0,45,0,0
B6_D1,562,0,401,0,0
B10_D1,240,0,339,0,0
B4_D1,88,0,59,0,0
B6_D1,641,0,372,0,0
B10_D1,158,0,143,0,0
B6_D1,91,0,378,0,0
B10_D1,704,0,311,0,0
B6_D1,1014,0,36,0,0
B10_D1,886,0,258,0,0
B10_D1,326,0,18,0,0
B6_D1,907,0,138,0,0
B6_D1,398,0,259,0,0
B6_D1,492,0,487,0,0
B6_D1,148,0,29,0,0
B10_D1,823,0,327,0,0
G1_D1,656,0,25,0,0
B6_D1,236,0,59,0,0
B6_D1,782,0,331,0,0
B10_D1,73,0,56,0,0
G1_D1,734,0,11,0,0
B6_D1,766,0,212,0,0
B10_D1,382,0,498,0,0
G1_D1,100,0,398,0,0
B6_D1,414,0,499,0,0
G1_D1,74,0,436,0,0
G1_D1,18,0,13,0,0
G1_D1,1017,0,114,0,0
B10_D1,94,0,314,0,0
B10_D1,581,0,319,0,0
B6_D1,752,0,34,0,0
B10_D1,46,0,268,0,0
B6_D1,302,0,4,0,0
B4_D1,967,0,75,0,0
B2_D1,128,0,510,0,0
B6_D1,30,0,12,0,0
B10_D1,166,0,6,0,0
G1_D1,35,0,111,0,0
B6_D1,264,0,45,0,0
B6_D1,44,0,46,0,0
B10_D1,863,0,292,0,0
B10_D1,431,0,22,0,0
B10_D1,703,0,122,0,0
B10_D1,13,0,195,0,0
B6_D1,365,0,172,0,0
B6_D1,531,0,249,0,0
B10_D1,430,0,109,0,0
G1_D1,1020,0,159,0,0
B10_D1,484,0,36,0,0
B6_D1,491,0,325,0,0
B2_D1,386,0,33,0,0
B2_D1,842,0,368,0,0
B6_D1,962,0,126,0,0
B2_D1,232,0,41,0,0
G1_D1,37,0,54,0,0
G1_D1,527,0,93,0,0
G1_D1,100,0,288,0,0
B10_D1,633,0,371,0,0
B4_D1,773,0,13,0,0
B10_D1,807,0,112,0,0
B6_D1,460,0,293,0,0
G1_D1,153,0,255,0,0
G1_D1,265,0,35,0,0
B6_D1,200,0,332,0,0
G1_D1,761,0,310,0,0
B6_D1,926,0,488,0,0
B10_D1,329,0,489,0,0
B4_D1,509,0,214,0,0
G1_D1,666,0,173,0,0
B2_D1,383,0,204,0,0
B10_D1,481,0,83,0,0
B10_D1,67,0,174,0,0
B6_D1,72,0,137,0,0
B6_D1,168,0,236,0,0
G1_D1,7,0,397,0,0
B6_D1,439,0,389,0,0
B6_D1,217,0,72,0,0
B10_D1,504,0,221,0,0
B2_D1,897,0,85,0,0
B10_D1,105,0,1,0,0
B10_D1,592,0,350,0,0
B10_D1,455,0,510,0,0
B10_D1,348,0,173,0,0
B10_D1,119,0,29,0,0
B6_D1,202,0,309,0,0
G1_D1,393,0,441,0,0
B6_D1,826,0,486,0,0
B6_D1,958,0,408,0,0
B2_D1,520,0,288,0,0
B6_D1,306,0,499,0,0
G1_D1,934,0,39,0,0
B6_D1,528,0,427,0,0
B10_D1,651,0,151,0,0
B10_D1,138,0,275,0,0
B6_D1,706,0,424,0,0
G1_D1,992,0,11,0,0
B10_D1,698,0,8,0,0
B6_D1,270,0,505,0,0
B6_D1,420,0,467,0,0
B10_D1,681,0,60,0,0
B10_D1,30,0,32,0,0
B6_D1,113,0,462,0,0
B6_D1,190,0,309,0,0
B6_D1,806,0,31,0,0
G1_D1,308,0,41,0,0
G1_D1,770,0,268,0,0
B2_D1,610,0,149,0,0
B6_D1,912,0,493,0,0
G1_D1,9,0,113,0,0
B6_D1,342,0,490,0,0
B4_D1,891,0,48,0,0
B10_D1,915,0,82,0,0
B8_D1,988,0,244,0,0
B6_D1,567,0,170,0,0
B10_D1,527,0,509,0,0
G1_D1,907,0,511,0,0
G1_D1,656,0,209,0,0
B10_D1,360,0,412,0,0
B6_D1,422,0,40,0,0
B10_D1,352,0,262,0,0
B10_D1,864,0,405,0,0
B2_D1,86,0,79,0,0
G1_D1,832,0,3,0,0
B10_D1,797,0,90,0,0
B6_D1,978,0,125,0,0
G1_D1,773,0,425,0,0
B10_D1,47,0,207,0,0
B6_D1,778,0,507,0,0
G1_D1,288,0,44,0,0
B6_D1,115,0,109,0,0
B8_D1,378,0,190,0,0
B6_D1,334,0,167,0,0
B6_D1,972,0,49,0,0
B10_D1,617,0,281,0,0
B10_D1,948,0,38,0,0
B6_D1,905,0,141,0,0
B6_D1,586,0,35,0,0
B6_D1,84,0,493,0,0
B10_D1,640,0,493,0,0
B10_D1,430,0,137,0,0
B10_D1,677,0,239,0,0
B10_D1,82,0,284,0,0
G1_D1,900,0,263,0,0
G1_D1,1023,0,193,0,0
G1_D1,715,0,276,0,0
B10_D1,203,0,407,0,0
B8_D1,777,0,228,0,0
B6_D1,988,0,495,0,0
B6_D1,44,0,37,0,0
B6_D1,719,0,374,0,0
B8_D1,139,0,205,0,0
B10_D1,872,0,367,0,0
B2_D1,587,0,116,0,0
B6_D1,97,0,279,0,0
B6_D1,56,0,200,0,0
B6_D1,744,0,373,0,0
B6_D1,750,0,405,0,0
G1_D1,812,0,423,0,0
B10_D1,293,0,124,0,0
G1_D1,247,0,45,0,0
B6_D1,830,0,482,0,0
B6_D1,616,0,429,0,0
B4_D1,705,0,15,0,0
B2_D1,129,0,10,0,0
B6_D1,376,0,2,0,0
B6_D1,458,0,459,0,0
B6_D1,702,0,9,0,0
G1_D1,978,0,13,0,0
B2_D1,87,0,31,0,0
B2_D1,533,0,105,0,0
B2_D1,416,0,376,0,0
G1_D1,149,0,211,0,0
B6_D1,592,0,389,0,0
B10_D1,411,0,461,0,0
B10_D1,1021,0,471,0,0
B10_D1,242,0,78,0,0
B4_D1,513,0,91,0,0
B6_D1,383,0,70,0,0
G1_D1,542,0,19,0,0
G1_D1,1016,0,57,0,0
B10_D1,446,0,110,0,0
B6_D1,715,0,70,0,0
B2_D1,181,0,129,0,0
B10_D1,871,0,209,0,0
B2_D1,182,0,510,0,0
B10_D1,715,0,316,0,0
G1_D1,662,0,64,0,0
G1_D1,729,0,121,0,0
G1_D1,883,0,126,0,0
B6_D1,208,0,197,0,0
B4_D1,668,0,255,0,0
B6_D1,796,0,385,0,0
B4_D1,718,0,35,0,0
B2_D1,680,0,478,0,0
B6_D1,763,0,319,0,0
G1_D1,154,0,230,0,0
B10_D1,924,0,459,0,0
B10_D1,676,0,107,0,0
B10_D1,410,0,27,0,0
B10_D1,532,0,326,0,0
G1_D1,540,0,0,0,0
B10_D1,245,0,143,0,0
B10_D1,596,0,123,0,0
G1_D1,100,0,98,0,0
B10_D1,703,0,421,0,0
B10_D1,29,0,111,0,0
B10_D1,666,0,32,0,0
B10_D1,245,0,285,0,0
B6_D1,438,0,109,0,0
B4_D1,261,0,37,0,0
B4_D1,755,0,222,0,0
B4_D1,531,0,189,0,0
B10_D1,11,0,30,0,0
B10_D1,320,0,28,0,0
B6_D1,678,0,269,0,0
B6_D1,318,0,508,0,0
B10_D1,672,0,61,0,0
B10_D1,699,0,266,0,0
B4_D1,24,0,138,0,0
B10_D1,389,0,15,0,0
B6_D1,492,0,307,0,0
B2_D1,968,0,6,0,0
B6_D1,759,0,228,0,0
G1_D1,704,0,152,0,0
G1_D1,23,0,72,0,0
B10_D1,862,0,227,0,0
G1_D1,747,0,210,0,0
G1_D1,722,0,1,0,0
G1_D1,604,0,18,0,0
B10_D1,873,0,42,0,0
G1_D1,448,0,241,0,0
B2_D1,472,0,370,0,0
B6_D1,358,0,14,0,0
B10_D1,329,0,215,0,0
B10_D1,275,0,259,0,0
B10_D1,361,0,208,0,0
B6_D1,370,0,398,0,0
B6_D1,650,0,488,0,0
B2_D1,422,0,376,0,0
B6_D1,772,0,510,0,0
B10_D1,223,0,361,0,0
B10_D1,977,0,207,0,0
B4_D1,287,0,265,0,0
B6_D1,560,0,340,0,0
B6_D1,906,0,27,0,0
B8_D1,198,0,346,0,0
B6_D1,1,0,299,0,0
B6_D1,726,0,289,0,0
B6_D1,17,0,331,0,0
B6_D1,415,0,119,0,0
B6_D1,516,0,36,0,0
B6_D1,979,0,181,0,0
B6_D1,931,0,134,0,0
B6_D1,217,0,385,0,0
B4_D1,0,0,131,0,0
B6_D1,192,0,496,0,0
G1_D1,159,0,510,0,0
B6_D1,677,0,294,0,0
B6_D1,100,0,501,0,0
B10_D1,176,0,227,0,0
B4_D1,1019,0,180,0,0
B6_D1,803,0,78,0,0
B2_D1,827,0,510,0,0
B10_D1,272,0,246,0,0
B10_D1,341,0,63,0,0
B6_D1,258,0,195,0,0
B6_D1,266,0,187,0,0
G1_D1,700,0,250,0,0
B6_D1,612,0,63,0,0
B6_D1,638,0,31,0,0
B10_D1,761,0,50,0,0
B10_D1,295,0,116,0,0
B6_D1,615,0,285,0,0
B4_D1,752,0,74,0,0
B6_D1,952,0,421,0,0
B6_D1,525,0,317,0,0
B6_D1,866,0,392,0,0
B6_D1,574,0,478,0,0
G1_D1,695,0,199,0,0
B10_D1,546,0,66,0,0
B8_D1,77,0,328,0,0
B6_D1,507,0,381,0,0
B6_D1,972,0,174,0,0
G1_D1,51,0,164,0,0
B6_D1,121,0,267,0,0
B6_D1,658,0,49,0,0
B10_D1,118,0,222,0,0
B4_D1,686,0,59,0,0
B2_D1,392,0,159,0,0
B10_D1,143,0,301,0,0
B6_D1,986,0,445,0,0
B4_D1,643,0,183,0,0
B10_D1,716,0,32,0,0
G1_D1,164,0,224,0,0
G1_D1,1007,0,150,0,0
B6_D1,300,0,461,0,0
B6_D1,512,0,150,0,0
B6_D1,475,0,390,0,0
B4_D1,45,0,299,0,0
B6_D1,186,0,310,0,0
B10_D1,654,0,383,0,0
B6_D1,867,0,481,0,0
B6_D1,205,0,346,0,0
B6_D1,565,0,362,0,0
B4_D1,174,0,38,0,0
B10_D1,801,0,408,0,0
B6_D1,424,0,26,0,0
B10_D1,575,0,203,0,0
B6_D1,550,0,492,0,0
B6_D1,940,0,137,0,0
G1_D1,598,0,34,0,0
B6_D1,880,0,498,0,0
B6_D1,326,0,165,0,0
G1_D1,322,0,87,0,0
B6_D1,122,0,139,0,0
B10_D1,190,0,258,0,0
G1_D1,1014,0,13,0,0
B10_D1,641,0,455,0,0
B10_D1,354,0,206,0,0
B10_D1,414,0,33,0,0
B10_D1,854,0,98,0,0
B4_D1,125,0,167,0,0
B10_D1,298,0,269,0,0
B6_D1,596,0,412,0,0
B4_D1,650,0,327,0,0
G1_D1,108,0,7,0,0
G1_D1,199,0,71,0,0
B2_D1,405,0,173,0,0
B10_D1,662,0,93,0,0
G1_D1,388,0,267,0,0
B10_D1,700,0,36,0,0
B6_D1,642,0,36,0,0
B6_D1,412,0,510,0,0
G1_D1,382,0,57,0,0
G1_D1,64,0,282,0,0
G1_D1,593,0,260,0,0
B6_D1,732,0,24,0,0
B6_D1,427,0,323,0,0
B6_D1,261,0,375,0,0
B6_D1,254,0,16,0,0
G1_D1,994,0,196,0,0
B10_D1,225,0,357,0,0
B6_D1,762,0,223,0,0
B6_D1,730,0,202,0,0
B10_D1,508,0,474,0,0
B10_D1,867,0,259,0,0
B6_D1,46,0,66,0,0
B6_D1,356,0,101,0,0
B10_D1,928,0,339,0,0
B2_D1,704,0,85,0,0
B6_D1,632,0,500,0,0
G1_D1,8,0,101,0,0
G1_D1,817,0,42,0,0
B6_D1,188,0,115,0,0
B6_D1,303,0,203,0,0
G1_D1,47,0,8,0,0
B6_D1,22,0,239,0,0
B10_D1,744,0,359,0,0
B10_D1,827,0,279,0,0
B6_D1,24,0,39,0,0
B10_D1,301,0,247,0,0
B6_D1,200,0,63,0,0
B6_D1,220,0,178,0,0
B6_D1,415,0,220,0,0
B2_D1,180,0,407,0,0
B10_D1,159,0,280,0,0
B6_D1,884,0,92,0,0
G1_D1,807,0,457,0,0
B10_D1,34,0,393,0,0
G1_D1,999,0,79,0,0
B10_D1,291,0,61,0,0
B6_D1,400,0,486,0,0
B10_D1,237,0,310,0,0
G1_D1,760,0,245,0,0
B6_D1,813,0,64,0,0
B10_D1,766,0,479,0,0
B6_D1,713,0,434,0,0
B6_D1,606,0,62,0,0
B6_D1,600,0,484,0,0
B6_D1,806,0,149,0,0
G1_D1,495,0,328,0,0
B6_D1,259,0,371,0,0
B10_D1,381,0,479,0,0
B10_D1,657,0,30,0,0
B10_D1,767,0,98,0,0
B4_D1,680,0,72,0,0
B6_D1,93,0,86,0,0
B10_D1,781,0,93,0,0
B6_D1,704,0,161,0,0
B10_D1,245,0,252,0,0
B8_D1,216,0,64,0,0
B10_D1,690,0,442,0,0
B6_D1,132,0,45,0,0
B6_D1,566,0,294,0,0
B4_D1,94,0,297,0,0
B6_D1,139,0,327,0,0
B10_D1,463,0,91,0,0
B10_D1,387,0,1,0,0
B8_D1,156,0,56,0,0
B10_D1,263,0,190,0,0
B4_D1,75,0,23,0,0
B10_D1,618,0,33,0,0
G1_D1,28,0,148,0,0
B10_D1,565,0,84,0,0
B6_D1,725,0,94,0,0
G1_D1,958,0,407,0,0
B6_D1,979,0,425,0,0
B6_D1,705,0,388,0,0
G1_D1,645,0,305,0,0
B6_D1,414,0,6,0,0
G1_D1,314,0,198,0,0
G1_D1,7,0,241,0,0
G1_D1,864,0,73,0,0
B6_D1,621,0,450,0,0
G1_D1,662,0,11,0,0
B6_D1,387,0,317,0,0
B8_D1,299,0,185,0,0
G1_D1,722,0,5,0,0
G1_D1,745,0,160,0,0
B6_D1,555,0,343,0,0
B6_D1,52,0,198,0,0
B10_D1,668,0,172,0,0
G1_D1,434,0,1,0,0
B10_D1,1022,0,465,0,0
B4_D1,396,0,114,0,0
B4_D1,261,0,206,0,0
B6_D1,663,0,379,0,0
G1_D1,799,0,22,0,0
G1_D1,123,0,4,0,0
B6_D1,894,0,33,0,0
G1_D1,988,0,66,0,0
B10_D1,731,0,38,0,0
B4_D1,435,0,197,0,0
G1_D1,999,0,143,0,0
B10_D1,637,0,313,0,0
B10_D1,801,0,377,0,0
B6_D1,695,0,262,0,0
B10_D1,726,0,261,0,0
B10_D1,721,0,62,0,0
B10_D1,854,0,210,0,0
B10_D1,248,0,78,0,0
B10_D1,353,0,31,0,0
B6_D1,292,0,501,0,0
G1_D1,653,0,80,0,0
B6_D1,41,0,159,0,0
B6_D1,293,0,143,0,0
B10_D1,231,0,311,0,0
B10_D1,954,0,37,0,0
B10_D1,682,0,114,0,0
B6_D1,520,0,237,0,0
B10_D1,834,0,278,0,0
B2_D1,38,0,511,0,0
G1_D1,754,0,338,0,0
B10_D1,393,0,266,0,0
B6_D1,412,0,249,0,0
G1_D1,358,0,487,0,0
B6_D1,288,0,496,0,0
B6_D1,762,0,237,0,0
B6_D1,198,0,117,0,0
G1_D1,811,0,446,0,0
B2_D1,151,0,279,0,0
B6_D1,694,0,41,0,0
B6_D1,808,0,98,0,0
B6_D1,548,0,48,0,0
B6_D1,86,0,161,0,0
B4_D1,5,0,27,0,0
B6_D1,440,0,1,0,0
G1_D1,789,0,20,0,0
G1_D1,55,0,124,0,0
B10_D1,541,0,328,0,0
B6_D1,3,0,100,0,0
B6_D1,710,0,345,0,0
B6_D1,198,0,24,0,0
B6_D1,418,0,317,0,0
G1_D1,182,0,59,0,0
B4_D1,657,0,272,0,0
B6_D1,912,0,51,0,0
B6_D1,840,0,150,0,0
B6_D1,862,0,468,0,0
B10_D1,305,0,276,0,0
B2_D1,366,0,510,0,0
B10_D1,825,0,95,0,0
B10_D1,279,0,57,0,0
B10_D1,453,0,222,0,0
B4_D1,183,0,112,0,0
G1_D1,9,0,245,0,0
B4_D1,243,0,210,0,0
B6_D1,722,0,97,0,0
B10_D1,309,0,308,0,0
B2_D1,374,0,36,0,0
B6_D1,706,0,314,0,0
B10_D1,833,0,0,0,0
B10_D1,769,0,510,0,0
G1_D1,617,0,232,0,0
B10_D1,107,0,410,0,0
B4_D1,103,0,188,0,0
B6_D1,300,0,189,0,0
B6_D1,537,0,131,0,0
B6_D1,316,0,17,0,0
B6_D1,776,0,58,0,0
B6_D1,240,0,36,0,0
G1_D1,614,0,166,0,0
B6_D1,792,0,502,0,0
B10_D1,52,0,203,0,0
B10_D1,455,0,314,0,0
B10_D1,279,0,187,0,0
G1_D1,773,0,491,0,0
B6_D1,280,0,478,0,0
G1_D1,546,0,34,0,0
G1_D1,926,0,294,0,0
B6_D1,802,0,501,0,0
B6_D1,251,0,50,0,0
B10_D1,582,0,410,0,0
G1_D1,357,0,4,0,0
G1_D1,314,0,338,0,0
G1_D1,569,0,14,0,0
G1_D1,1002,0,318,0,0
B6_D1,704,0,485,0,0
B6_D1,91,0,474,0,0
G1_D1,447,0,484,0,0
B10_D1,482,0,9,0,0
B6_D1,986,0,226,0,0
B4_D1,321,0,305,0,0
B6_D1,126,0,21,0,0
G1_D1,608,0,445,0,0
B6_D1,968,0,4,0,0
B6_D1,290,0,240,0,0
B10_D1,726,0,466,0,0
B6_D1,319,0,223,0,0
B6_D1,846,0,490,0,0
G1_D1,1017,0,209,0,0
B10_D1,727,0,468,0,0
B10_D1,761,0,64,0,0
B2_D1,246,0,396,0,0
B6_D1,153,0,211,0,0
G1_D1,33,0,327,0,0
B10_D1,288,0,324,0,0
B4_D1,223,0,192,0,0
B10_D1,906,0,312,0,0
B10_D1,610,0,154,0,0
B10_D1,643,0,29,0,0
B6_D1,1020,0,438,0,0
B6_D1,664,0,489,0,0
B10_D1,395,0,270,0,0
B6_D1,386,0,141,0,0
G1_D1,682,0,511,0,0
B6_D1,718,0,5,0,0
B6_D1,516,0,45,0,0
B6_D1,218,0,28,0,0
B2_D1,259,0,504,0,0
B6_D1,355,0,424,0,0
B6_D1,844,0,148,0,0
B6_D1,270,0,487,0,0
B4_D1,833,0,208,0,0
G1_D1,517,0,244,0,0
B10_D1,320,0,415,0,0
B6_D1,238,0,2,0,0
B2_D1,557,0,480,0,0
B6_D1,312,0,484,0,0
B10_D1,339,0,1,0,0
G1_D1,971,0,62,0,0
B4_D1,727,0,32,0,0
G1_D1,680,0,159,0,0
B6_D1,757,0,52,0,0
G1_D1,638,0,91,0,0
B6_D1,566,0,451,0,0
B10_D1,484,0,497,0,0
B6_D1,178,0,167,0,0
B10_D1,13,0,280,0,0
B6_D1,187,0,141,0,0
B10_D1,511,0,61,0,0
G1_D1,1011,0,325,0,0
B6_D1,671,0,271,0,0
G1_D1,711,0,254,0,0
B6_D1,30,0,81,0,0
B6_D1,788,0,62,0,0
B6_D1,337,0,223,0,0
B4_D1,779,0,245,0,0
G1_D1,749,0,263,0,0
G1_D1,832,0,254,0,0
B6_D1,348,0,6,0,0
G1_D1,937,0,277,0,0
B10_D1,625,0,272,0,0
B10_D1,52,0,64,0,0
G1_D1,55,0,80,0,0
B10_D1,725,0,511,0,0
G1_D1,775,0,482,0,0
B2_D1,145,0,456,0,0
B8_D1,7,0,314,0,0
B10_D1,563,0,68,0,0
B8_D1,535,0,211,0,0
B10_D1,463,0,492,0,0
B6_D1,383,0,69,0,0
B10_D1,1006,0,114,0,0
B10_D1,150,0,242,0,0
B10_D1,197,0,30,0,0
G1_D1,33,0,213,0,0
G1_D1,346,0,43,0,0
G1_D1,459,0,82,0,0
G1_D1,574,0,144,0,0
B10_D1,207,0,1,0,0
B6_D1,552,0,15,0,0
B10_D1,198,0,210,0,0
B6_D1,572,0,465,0,0
B4_D1,788,0,258,0,0
B4_D1,392,0,397,0,0
B10_D1,615,0,124,0,0
B6_D1,730,0,298,0,0
G1_D1,1007,0,62,0,0
B10_D1,348,0,186,0,0
B2_D1,424,0,128,0,0
B6_D1,694,0,489,0,0
B10_D1,391,0,263,0,0
G1_D1,154,0,72,0,0
B6_D1,599,0,164,0,0
B6_D1,767,0,216,0,0
B4_D1,1019,0,187,0,0
G1_D1,630,0,156,0,0
B10_D1,751,0,110,0,0
B10_D1,422,0,269,0,0
B10_D1,940,0,293,0,0
B10_D1,562,0,502,0,0
G1_D1,877,0,97,0,0
G1_D1,38,0,35,0,0
G1_D1,11,0,2,0,0
B6_D1,190,0,483,0,0
G1_D1,779,0,258,0,0
B4_D1,337,0,342,0,0
B10_D1,491,0,408,0,0
G1_D1,941,0,128,0,0
B6_D1,662,0,37,0,0
B10_D1,735,0,87,0,0
B10_D1,750,0,25,0,0
B10_D1,497,0,499,0,0
B4_D1,699,0,103,0,0
B10_D1,343,0,110,0,0
B6_D1,465,0,53,0,0
B10_D1,844,0,195,0,0
G1_D1,597,0,288,0,0
B10_D1,584,0,143,0,0
G1_D1,446,0,5,0,0
B10_D1,411,0,114,0,0
B10_D1,577,0,262,0,0
G1_D1,417,0,17,0,0
B4_D1,245,0,282,0,0
G1_D1,154,0,262,0,0
B6_D1,762,0,15,0,0
G1_D1,49,0,132,0,0
B6_D1,956,0,177,0,0
B4_D1,3,0,395,0,0
B6_D1,87,0,179,0,0
B10_D1,93,0,146,0,0
G1_D1,907,0,247,0,0
B10_D1,970,0,254,0,0
B6_D1,232,0,273,0,0
B4_D1,168,0,114,0,0
B6_D1,89,0,371,0,0
G1_D1,50,0,5,0,0
B10_D1,311,0,226,0,0
B4_D1,297,0,212,0,0
B6_D1,893,0,116,0,0
B10_D1,168,0,196,0,0
B2_D1,828,0,22,0,0
B6_D1,425,0,227,0,0
B10_D1,126,0,91,0,0
B10_D1,370,0,505,0,0
B4_D1,819,0,51,0,0
B10_D1,636,0,49,0,0
G1_D1,669,0,274,0,0
B10_D1,227,0,241,0,0
G1_D1,878,0,139,0,0
B6_D1,254,0,70,0,0
B10_D1,1004,0,52,0,0
G1_D1,1002,0,188,0,0
B4_D1,797,0,57,0,0
B6_D1,1015,0,76,0,0
B6_D1,702,0,432,0,0
B6_D1,2,0,121,0,0
G1_D1,45,0,75,0,0
B4_D1,213,0,189,0,0
B4_D1,4,0,307,0,0
B4_D1,413,0,87,0,0
B10_D1,557,0,156,0,0
B6_D1,914,0,272,0,0
B2_D1,658,0,288,0,0
G1_D1,763,0,16,0,0
B4_D1,260,0,33,0,0
B4_D1,1,0,197,0,0
B2_D1,1023,0,224,0,0
B6_D1,994,0,256,0,0
B10_D1,786,0,422,0,0
B6_D1,454,0,35,0,0
B4_D1,609,0,303,0,0
B6_D1,949,0,422,0,0
G1_D1,991,0,300,0,0
B6_D1,17,0,101,0,0
B6_D1,44,0,63,0,0
B4_D1,179,0,270,0,0
B6_D1,595,0,362,0,0
B6_D1,462,0,502,0,0
B10_D1,468,0,410,0,0
B6_D1,724,0,202,0,0
B10_D1,948,0,24,0,0
B10_D1,382,0,269,0,0
B6_D1,796,0,507,0,0
G1_D1,925,0,442,0,0
B6_D1,540,0,345,0,0
B6_D1,914,0,37,0,0
B10_D1,57,0,171,0,0
B6_D1,227,0,340,0,0
B6_D1,292,0,23,0,0
G1_D1,882,0,221,0,0
B8_D1,112,0,134,0,0
B10_D1,240,0,175,0,0
B6_D1,22,0,5,0,0
B6_D1,175,0,196,0,0
B6_D1,421,0,233,0,0
B6_D1,524,0,245,0,0
B10_D1,779,0,2,0,0
B6_D1,423,0,480,0,0
G1_D1,497,0,244,0,0
B10_D1,627,0,255,0,0
B6_D1,250,0,11,0,0
G1_D1,996,0,235,0,0
G1_D1,7,0,225,0,0
B10_D1,824,0,55,0,0
G1_D1,495,0,338,0,0
B6_D1,23,0,75,0,0
G1_D1,601,0,16,0,0
B10_D1,840,0,62,0,0
B10_D1,905,0,100,0,0
B10_D1,34,0,113,0,0
G1_D1,578,0,1,0,0
G1_D1,39,0,164,0,0
B6_D1,604,0,489,0,0
B6_D1,722,0,414,0,0
G1_D1,828,0,424,0,0
B6_D1,159,0,452,0,0
B10_D1,763,0,420,0,0
B2_D1,883,0,388,0,0
B10_D1,24,0,147,0,0
B10_D1,310,0,469,0,0
B6_D1,248,0,37,0,0
B10_D1,354,0,289,0,0
B4_D1,739,0,210,0,0
G1_D1,929,0,14,0,0
B6_D1,974,0,399,0,0
B6_D1,733,0,97,0,0
B8_D1,1011,0,296,0,0
B10_D1,941,0,366,0,0
B10_D1,438,0,20,0,0
B6_D1,276,0,493,0,0
B10_D1,824,0,66,0,0
G1_D1,426,0,13,0,0
B6_D1,39,0,100,0,0
G1_D1,1017,0,213,0,0
B6_D1,162,0,165,0,0
B8_D1,847,0,306,0,0
B4_D1,266,0,321,0,0
B6_D1,480,0,385,0,0
G1_D1,339,0,189,0,0
G1_D1,361,0,121,0,0
B2_D1,452,0,500,0,0
B10_D1,799,0,417,0,0
B10_D1,135,0,103,0,0
B6_D1,784,0,49,0,0
G1_D1,157,0,254,0,0
B10_D1,811,0,370,0,0
G1_D1,72,0,289,0,0
B4_D1,245,0,277,0,0
B10_D1,609,0,413,0,0
B10_D1,286,0,172,0,0
B6_D1,918,0,508,0,0
B6_D1,225,0,406,0,0
B6_D1,447,0,388,0,0
B10_D1,726,0,450,0,0
B6_D1,340,0,17,0,0
B6_D1,220,0,510,0,0
G1_D1,545,0,465,0,0
B2_D1,707,0,284,0,0
B4_D1,996,0,208,0,0
B6_D1,668,0,452,0,0
G1_D1,837,0,4,0,0
B10_D1,792,0,330,0,0
B6_D1,454,0,504,0,0
B10_D1,14,0,248,0,0
B6_D1,112,0,486,0,0
G1_D1,364,0,44,0,0
B10_D1,719,0,110,0,0
B10_D1,11,0,329,0,0
B4_D1,3,0,81,0,0
G1_D1,983,0,289,0,0
G1_D1,944,0,36,0,0
B6_D1,140,0,275,0,0
B4_D1,644,0,235,0,0
B6_D1,24,0,18,0,0
G1_D1,671,0,109,0,0
B10_D1,495,0,280,0,0
B2_D1,628,0,149,0,0
B4_D1,75,0,160,0,0
B10_D1,809,0,74,0,0
B6_D1,975,0,173,0,0
B6_D1,991,0,272,0,0
G1_D1,627,0,10,0,0
B10_D1,1003,0,34,0,0
B2_D1,301,0,292,0,0
B10_D1,573,0,149,0,0
B6_D1,876,0,241,0,0
B6_D1,354,0,169,0,0
B10_D1,625,0,3,0,0
B10_D1,221,0,161,0,0
G1_D1,34,0,207,0,0
B10_D1,562,0,243,0,0
B8_D1,882,0,302,0,0
G1_D1,547,0,12,0,0
G1_D1,883,0,292,0,0
B10_D1,271,0,49,0,0
B6_D1,829,0,102,0,0
B6_D1,780,0,258,0,0
B6_D1,679,0,311,0,0
B8_D1,759,0,229,0,0
B6_D1,34,0,413,0,0
G1_D1,59,0,97,0,0
B2_D1,711,0,225,0,0
B2_D1,650,0,224,0,0
B6_D1,766,0,29,0,0
G1_D1,971,0,8,0,0
B6_D1,178,0,495,0,0
B10_D1,174,0,43,0,0
B6_D1,660,0,490,0,0
B10_D1,889,0,466,0,0
B6_D1,889,0,266,0,0
B10_D1,983,0,502,0,0
G1_D1,73,0,119,0,0
B10_D1,390,0,312,0,0
B6_D1,841,0,151,0,0
B10_D1,857,0,327,0,0
B6_D1,212,0,509,0,0
B10_D1,425,0,336,0,0
B2_D1,1023,0,221,0,0
B8_D1,749,0,312,0,0
B6_D1,411,0,273,0,0
B8_D1,115,0,329,0,0
B2_D1,906,0,452,0,0
G1_D1,12,0,18,0,0
G1_D1,358,0,364,0,0
G1_D1,940,0,493,0,0
B4_D1,712,0,103,0,0
G1_D1,142,0,413,0,0
B6_D1,810,0,9,0,0
G1_D1,608,0,262,0,0
B4_D1,46,0,57,0,0
B4_D1,286,0,192,0,0
B10_D1,208,0,233,0,0
B10_D1,470,0,126,0,0
B10_D1,562,0,503,0,0
B10_D1,635,0,303,0,0
G1_D1,477,0,86,0,0
G1_D1,566,0,19,0,0
B6_D1,754,0,283,0,0
G1_D1,36,0,100,0,0
G1_D1,78,0,53,0,0
B6_D1,882,0,297,0,0
G1_D1,26,0,166,0,0
G1_D1,938,0,496,0,0
B10_D1,148,0,344,0,0
B6_D1,430,0,2,0,0
B6_D1,27,0,69,0,0
G1_D1,944,0,156,0,0
B6_D1,446,0,168,0,0
B10_D1,934,0,78,0,0
G1_D1,29,0,111,0,0
G1_D1,738,0,510,0,0
B4_D1,268,0,254,0,0
B6_D1,224,0,506,0,0
B6_D1,142,0,23,0,0
B6_D1,620,0,506,0,0
B6_D1,870,0,378,0,0
B2_D1,826,0,11,0,0
B10_D1,388,0,338,0,0
G1_D1,1005,0,320,0,0
B10_D1,887,0,354,0,0
B6_D1,974,0,201,0,0
B6_D1,507,0,303,0,0
B6_D1,629,0,167,0,0
B6_D1,361,0,143,0,0
B6_D1,64,0,2,0,0
B10_D1,760,0,465,0,0
B6_D1,602,0,16,0,0
G1_D1,514,0,271,0,0
G1_D1,246,0,22,0,0
B6_D1,558,0,15,0,0
B2_D1,172,0,109,0,0
B6_D1,346,0,294,0,0
B10_D1,758,0,510,0,0
B6_D1,1002,0,88,0,0
B6_D1,758,0,292,0,0
B4_D1,194,0,272,0,0
B6_D1,284,0,503,0,0
B6_D1,636,0,194,0,0
B10_D1,503,0,57,0,0
B6_D1,246,0,42,0,0
G1_D1,20,0,130,0,0
B6_D1,204,0,505,0,0
B10_D1,123,0,190,0,0
B6_D1,404,0,19,0,0
B6_D1,1001,0,300,0,0
B4_D1,507,0,96,0,0
B6_D1,550,0,5,0,0
B10_D1,472,0,39,0,0
B6_D1,866,0,13,0,0
B6_D1,225,0,76,0,0
B10_D1,929,0,436,0,0
B10_D1,66,0,313,0,0
B6_D1,918,0,0,0,0
G1_D1,873,0,99,0,0
G1_D1,80,0,270,0,0
B10_D1,104,0,119,0,0
B6_D1,515,0,185,0,0
B6_D1,475,0,352,0,0
G1_D1,332,0,11,0,0
B10_D1,547,0,40,0,0
B4_D1,659,0,72,0,0
B6_D1,753,0,185,0,0
B10_D1,382,0,85,0,0
B6_D1,158,0,276,0,0
G1_D1,133,0,111,0,0
B6_D1,610,0,20,0,0
B2_D1,246,0,397,0,0
B6_D1,488,0,494,0,0
B2_D1,668,0,503,0,0
B2_D1,80,0,64,0,0
B4_D1,742,0,88,0,0
B10_D1,545,0,143,0,0
B10_D1,33,0,8,0,0
G1_D1,143,0,376,0,0
B2_D1,711,0,55,0,0
B6_D1,696,0,457,0,0
B10_D1,943,0,350,0,0
B8_D1,1023,0,491,0,0
B8_D1,123,0,266,0,0
B10_D1,757,0,268,0,0
B6_D1,582,0,33,0,0
G1_D1,893,0,256,0,0
B6_D1,727,0,193,0,0
B6_D1,674,0,25,0,0
B10_D1,1019,0,68,0,0
G1_D1,160,0,9,0,0
G1_D1,209,0,31,0,0
B6_D1,717,0,58,0,0
B4_D1,39,0,140,0,0
B2_D1,375,0,482,0,0
B6_D1,880,0,299,0,0
B10_D1,527,0,511,0,0
B10_D1,662,0,91,0,0
G1_D1,1019,0,246,0,0
G1_D1,428,0,367,0,0
B10_D1,6,0,41,0,0
B6_D1,922,0,44,0,0
B4_D1,865,0,108,0,0
B2_D1,759,0,88,0,0
G1_D1,683,0,14,0,0
B6_D1,254,0,31,0,0
G1_D1,1020,0,36,0,0
B6_D1,723,0,413,0,0
B6_D1,95,0,453,0,0
B10_D1,159,0,171,0,0
G1_D1,151,0,410,0,0
B4_D1,164,0,26,0,0
B10_D1,695,0,244,0,0
B10_D1,786,0,401,0,0
B10_D1,709,0,10,0,0
B6_D1,298,0,11,0,0
B10_D1,188,0,116,0,0
B6_D1,123,0,104,0,0
B6_D1,146,0,172,0,0
G1_D1,513,0,83,0,0
B10_D1,35,0,255,0,0
G1_D1,566,0,106,0,0
B6_D1,53,0,202,0,0
B6_D1,194,0,148,0,0
B10_D1,119,0,186,0,0
B10_D1,960,0,153,0,0
B6_D1,68,0,31,0,0
B6_D1,230,0,16,0,0
B10_D1,662,0,379,0,0
B6_D1,991,0,451,0,0
B10_D1,471,0,67,0,0
B6_D1,50,0,7,0,0
B4_D1,924,0,68,0,0
B10_D1,409,0,446,0,0
B10_D1,596,0,142,0,0
B10_D1,145,0,137,0,0
B6_D1,186,0,433,0,0
B6_D1,16,0,38,0,0
G1_D1,450,0,151,0,0
B10_D1,374,0,29,0,0
B6_D1,188,0,46,0,0
B10_D1,312,0,43,0,0
B6_D1,130,0,424,0,0
B10_D1,459,0,92,0,0
B10_D1,368,0,285,0,0
B6_D1,378,0,493,0,0
G1_D1,492,0,157,0,0
B10_D1,194,0,283,0,0
B6_D1,774,0,490,0,0
G1_D1,969,0,293,0,0
B10_D1,605,0,64,0,0
B2_D1,557,0,510,0,0
B10_D1,464,0,82,0,0
B6_D1,362,0,506,0,0
B6_D1,348,0,30,0,0
B10_D1,74,0,209,0,0
B6_D1,142,0,14,0,0
G1_D1,888,0,293,0,0
B2_D1,323,0,290,0,0
G1_D1,879,0,497,0,0
G1_D1,938,0,257,0,0
B6_D1,300,0,487,0,0
B4_D1,0,0,121,0,0
B6_D1,702,0,6,0,0
B10_D1,93,0,294,0,0
B6_D1,478,0,14,0,0
