X,Y
20,0
21,0
22,0
23,0
24,0
25,0
26,0
27,0
28,0
43,0
44,0
45,0
46,0
47,0
48,0
55,0
56,0
57,0
58,0
59,0
60,0
61,0
62,0
63,0
64,0
65,0
66,0
67,0
68,0
71,0
72,0
73,0
74,0
75,0
76,0
77,0
78,0
79,0
80,0
81,0
82,0
83,0
84,0
85,0
86,0
87,0
88,0
89,0
90,0
91,0
92,0
94,0
95,0
96,0
97,0
98,0
99,0
100,0
101,0
102,0
103,0
104,0
105,0
106,0
108,0
109,0
110,0
111,0
112,0
113,0
115,0
116,0
117,0
118,0
119,0
120,0
121,0
122,0
126,0
135,0
136,0
137,0
138,0
141,0
142,0
143,0
144,0
145,0
146,0
147,0
151,0
152,0
153,0
155,0
156,0
157,0
158,0
165,0
166,0
167,0
168,0
169,0
170,0
174,0
175,0
176,0
177,0
178,0
185,0
186,0
187,0
188,0
189,0
190,0
20,1
21,1
22,1
23,1
30,1
31,1
32,1
33,1
34,1
35,1
36,1
37,1
40,1
41,1
43,1
44,1
45,1
46,1
47,1
48,1
55,1
56,1
57,1
58,1
65,1
66,1
67,1
68,1
74,1
75,1
76,1
77,1
84,1
90,1
91,1
92,1
96,1
97,1
98,1
99,1
101,1
102,1
105,1
111,1
119,1
120,1
123,1
124,1
134,1
135,1
136,1
137,1
138,1
141,1
142,1
143,1
151,1
152,1
157,1
166,1
170,1
171,1
172,1
175,1
176,1
178,1
179,1
182,1
186,1
193,1
194,1
20,2
21,2
22,2
23,2
24,2
25,2
26,2
27,2
28,2
33,2
34,2
35,2
39,2
40,2
41,2
43,2
44,2
45,2
46,2
47,2
48,2
49,2
55,2
56,2
57,2
58,2
59,2
60,2
61,2
69,2
70,2
71,2
72,2
73,2
74,2
75,2
76,2
77,2
78,2
79,2
80,2
81,2
82,2
83,2
84,2
85,2
86,2
87,2
88,2
89,2
93,2
94,2
95,2
99,2
100,2
101,2
102,2
107,2
108,2
109,2
110,2
111,2
113,2
114,2
115,2
116,2
117,2
118,2
119,2
120,2
121,2
122,2
123,2
124,2
125,2
126,2
127,2
128,2
133,2
134,2
135,2
136,2
137,2
138,2
139,2
140,2
143,2
146,2
147,2
150,2
154,2
155,2
156,2
159,2
160,2
161,2
162,2
165,2
166,2
167,2
168,2
171,2
172,2
173,2
175,2
177,2
184,2
185,2
186,2
187,2
192,2
193,2
194,2
195,2
20,3
21,3
22,3
23,3
24,3
25,3
26,3
27,3
29,3
30,3
31,3
34,3
35,3
36,3
37,3
38,3
39,3
40,3
41,3
43,3
44,3
45,3
46,3
47,3
48,3
49,3
57,3
58,3
59,3
60,3
67,3
68,3
69,3
70,3
71,3
72,3
73,3
74,3
75,3
76,3
77,3
78,3
79,3
80,3
81,3
82,3
83,3
84,3
85,3
86,3
87,3
88,3
89,3
90,3
92,3
93,3
94,3
95,3
96,3
97,3
98,3
99,3
100,3
101,3
102,3
103,3
104,3
105,3
106,3
107,3
108,3
109,3
110,3
111,3
112,3
113,3
114,3
115,3
116,3
117,3
118,3
119,3
120,3
121,3
122,3
123,3
124,3
125,3
126,3
127,3
128,3
136,3
139,3
140,3
141,3
147,3
148,3
149,3
150,3
151,3
157,3
158,3
159,3
160,3
161,3
162,3
166,3
167,3
168,3
169,3
172,3
173,3
174,3
176,3
177,3
178,3
179,3
180,3
186,3
190,3
191,3
192,3
193,3
194,3
20,4
21,4
22,4
23,4
24,4
25,4
26,4
27,4
34,4
35,4
36,4
37,4
41,4
42,4
43,4
44,4
45,4
46,4
47,4
48,4
64,4
65,4
66,4
67,4
68,4
69,4
70,4
71,4
72,4
73,4
74,4
75,4
76,4
77,4
78,4
79,4
80,4
81,4
82,4
83,4
84,4
85,4
86,4
87,4
88,4
89,4
90,4
92,4
93,4
94,4
95,4
96,4
97,4
98,4
99,4
100,4
101,4
102,4
103,4
104,4
105,4
106,4
107,4
108,4
109,4
110,4
111,4
112,4
113,4
114,4
115,4
116,4
118,4
119,4
120,4
121,4
122,4
123,4
124,4
125,4
126,4
127,4
128,4
139,4
140,4
141,4
142,4
143,4
144,4
145,4
146,4
147,4
148,4
149,4
150,4
151,4
152,4
153,4
154,4
155,4
156,4
157,4
158,4
159,4
160,4
161,4
162,4
168,4
169,4
170,4
171,4
172,4
173,4
176,4
177,4
178,4
179,4
180,4
181,4
182,4
187,4
188,4
189,4
190,4
191,4
192,4
193,4
194,4
21,5
22,5
23,5
24,5
25,5
26,5
27,5
37,5
38,5
39,5
40,5
41,5
42,5
43,5
44,5
45,5
46,5
47,5
48,5
62,5
63,5
64,5
65,5
66,5
67,5
68,5
69,5
70,5
71,5
72,5
73,5
74,5
75,5
76,5
77,5
78,5
79,5
80,5
81,5
82,5
83,5
84,5
85,5
86,5
87,5
88,5
89,5
90,5
91,5
92,5
93,5
94,5
95,5
96,5
97,5
98,5
99,5
100,5
101,5
102,5
103,5
104,5
105,5
106,5
107,5
108,5
109,5
110,5
111,5
113,5
114,5
115,5
116,5
117,5
118,5
121,5
122,5
123,5
124,5
125,5
126,5
127,5
128,5
138,5
139,5
140,5
141,5
142,5
143,5
144,5
145,5
146,5
147,5
148,5
149,5
150,5
151,5
152,5
153,5
154,5
155,5
156,5
157,5
158,5
159,5
160,5
161,5
162,5
167,5
168,5
169,5
170,5
171,5
172,5
176,5
177,5
178,5
179,5
180,5
181,5
182,5
183,5
186,5
187,5
188,5
189,5
190,5
191,5
192,5
193,5
194,5
29,6
35,6
36,6
37,6
38,6
39,6
40,6
41,6
42,6
46,6
47,6
48,6
49,6
61,6
62,6
63,6
64,6
65,6
66,6
70,6
71,6
72,6
73,6
74,6
79,6
80,6
81,6
82,6
83,6
84,6
85,6
89,6
93,6
94,6
95,6
103,6
108,6
109,6
110,6
111,6
137,6
138,6
139,6
140,6
141,6
142,6
143,6
144,6
145,6
146,6
147,6
148,6
149,6
150,6
151,6
152,6
153,6
154,6
155,6
156,6
157,6
158,6
159,6
160,6
161,6
167,6
168,6
169,6
170,6
171,6
172,6
173,6
174,6
175,6
176,6
177,6
178,6
179,6
180,6
181,6
182,6
183,6
184,6
185,6
186,6
187,6
188,6
189,6
190,6
191,6
192,6
193,6
28,7
29,7
30,7
32,7
33,7
34,7
35,7
36,7
37,7
38,7
39,7
40,7
41,7
42,7
43,7
44,7
46,7
47,7
48,7
49,7
62,7
63,7
64,7
65,7
66,7
67,7
68,7
69,7
70,7
71,7
72,7
73,7
109,7
110,7
139,7
140,7
141,7
147,7
148,7
149,7
150,7
154,7
155,7
156,7
157,7
170,7
28,8
29,8
30,8
31,8
32,8
33,8
34,8
35,8
36,8
37,8
38,8
39,8
40,8
41,8
42,8
43,8
44,8
45,8
46,8
47,8
48,8
28,9
29,9
30,9
31,9
32,9
33,9
34,9
35,9
36,9
37,9
38,9
39,9
40,9
41,9
42,9
43,9
44,9
45,9
46,9
47,9
28,10
29,10
30,10
31,10
32,10
33,10
34,10
35,10
36,10
37,10
38,10
39,10
40,10
41,10
42,10
43,10
44,10
45,10
30,11
31,11
32,11
33,11
34,11
35,11
36,11
40,11
41,11
42,11
43,11
993,11
994,11
995,11
996,11
997,11
998,11
999,11
1000,11
1001,11
1002,11
1003,11
1004,11
1005,11
1006,11
1007,11
1008,11
1009,11
1010,11
1011,11
1012,11
1013,11
1014,11
1015,11
1016,11
1017,11
863,12
864,12
865,12
866,12
867,12
868,12
869,12
870,12
871,12
872,12
873,12
874,12
875,12
876,12
877,12
878,12
879,12
880,12
881,12
882,12
883,12
884,12
885,12
886,12
887,12
888,12
889,12
890,12
891,12
892,12
893,12
894,12
895,12
896,12
897,12
898,12
899,12
900,12
901,12
902,12
903,12
904,12
905,12
906,12
907,12
908,12
909,12
910,12
911,12
912,12
913,12
914,12
915,12
916,12
917,12
918,12
919,12
920,12
921,12
922,12
923,12
924,12
925,12
926,12
927,12
928,12
929,12
930,12
931,12
932,12
933,12
934,12
935,12
936,12
937,12
938,12
939,12
940,12
941,12
942,12
943,12
944,12
945,12
946,12
947,12
948,12
949,12
950,12
951,12
952,12
953,12
954,12
955,12
956,12
957,12
958,12
959,12
960,12
961,12
962,12
963,12
964,12
965,12
966,12
967,12
968,12
969,12
970,12
971,12
972,12
973,12
974,12
975,12
976,12
977,12
978,12
979,12
980,12
981,12
982,12
983,12
984,12
985,12
986,12
987,12
988,12
989,12
990,12
991,12
992,12
993,12
994,12
995,12
996,12
997,12
998,12
999,12
1000,12
1001,12
1002,12
1003,12
1004,12
1005,12
1006,12
1007,12
1008,12
1009,12
1010,12
1011,12
1012,12
1013,12
1014,12
1015,12
1016,12
1017,12
1018,12
770,13
771,13
772,13
773,13
774,13
775,13
776,13
777,13
778,13
779,13
780,13
781,13
782,13
783,13
784,13
785,13
786,13
787,13
788,13
789,13
790,13
791,13
792,13
793,13
794,13
795,13
796,13
797,13
798,13
799,13
800,13
801,13
802,13
803,13
804,13
805,13
806,13
807,13
808,13
809,13
810,13
811,13
812,13
813,13
814,13
815,13
816,13
817,13
818,13
819,13
820,13
821,13
822,13
823,13
824,13
825,13
826,13
827,13
828,13
829,13
830,13
831,13
832,13
833,13
834,13
835,13
836,13
837,13
838,13
839,13
840,13
841,13
842,13
843,13
844,13
845,13
846,13
847,13
848,13
849,13
850,13
851,13
852,13
853,13
854,13
855,13
856,13
857,13
858,13
859,13
860,13
861,13
862,13
863,13
864,13
865,13
866,13
867,13
868,13
869,13
870,13
871,13
872,13
873,13
874,13
875,13
876,13
877,13
878,13
879,13
880,13
881,13
882,13
883,13
884,13
885,13
886,13
887,13
888,13
889,13
890,13
891,13
892,13
893,13
894,13
895,13
896,13
897,13
898,13
899,13
900,13
901,13
902,13
903,13
904,13
905,13
906,13
907,13
908,13
909,13
910,13
911,13
912,13
913,13
914,13
915,13
916,13
917,13
918,13
919,13
920,13
921,13
922,13
923,13
924,13
925,13
926,13
927,13
928,13
929,13
930,13
931,13
932,13
933,13
934,13
935,13
936,13
937,13
938,13
939,13
940,13
941,13
942,13
943,13
944,13
945,13
946,13
947,13
948,13
949,13
950,13
951,13
952,13
953,13
954,13
955,13
956,13
957,13
958,13
959,13
960,13
961,13
962,13
963,13
964,13
965,13
966,13
967,13
968,13
969,13
970,13
971,13
972,13
973,13
974,13
975,13
976,13
977,13
978,13
979,13
980,13
981,13
982,13
983,13
984,13
985,13
986,13
987,13
988,13
989,13
990,13
991,13
992,13
993,13
994,13
995,13
996,13
997,13
998,13
999,13
1000,13
1001,13
1002,13
1003,13
1004,13
1005,13
1006,13
1007,13
1008,13
1009,13
1010,13
1011,13
1012,13
1013,13
1014,13
1015,13
1016,13
1017,13
667,14
668,14
669,14
685,14
686,14
687,14
688,14
689,14
690,14
691,14
692,14
693,14
694,14
695,14
696,14
697,14
698,14
699,14
700,14
701,14
702,14
703,14
704,14
705,14
706,14
707,14
708,14
709,14
710,14
711,14
712,14
713,14
714,14
715,14
716,14
717,14
718,14
719,14
720,14
721,14
722,14
723,14
724,14
725,14
726,14
727,14
728,14
729,14
730,14
731,14
732,14
733,14
734,14
735,14
736,14
737,14
738,14
739,14
740,14
741,14
742,14
743,14
744,14
745,14
746,14
747,14
748,14
749,14
750,14
751,14
752,14
753,14
754,14
755,14
756,14
757,14
758,14
759,14
760,14
761,14
762,14
763,14
764,14
765,14
766,14
767,14
768,14
769,14
770,14
771,14
772,14
773,14
774,14
775,14
776,14
777,14
778,14
779,14
780,14
781,14
782,14
783,14
784,14
785,14
786,14
787,14
788,14
789,14
790,14
791,14
792,14
793,14
794,14
795,14
796,14
797,14
798,14
799,14
800,14
801,14
802,14
803,14
804,14
805,14
806,14
807,14
808,14
809,14
810,14
811,14
812,14
813,14
814,14
815,14
816,14
817,14
818,14
819,14
820,14
821,14
822,14
823,14
824,14
825,14
826,14
827,14
828,14
829,14
830,14
831,14
832,14
833,14
834,14
835,14
836,14
837,14
838,14
839,14
840,14
841,14
842,14
843,14
844,14
845,14
846,14
847,14
848,14
849,14
850,14
851,14
852,14
853,14
854,14
855,14
856,14
857,14
858,14
859,14
860,14
861,14
862,14
863,14
864,14
865,14
866,14
867,14
868,14
869,14
870,14
871,14
872,14
873,14
874,14
875,14
876,14
877,14
878,14
879,14
880,14
881,14
882,14
883,14
884,14
885,14
886,14
887,14
888,14
889,14
890,14
891,14
892,14
893,14
894,14
895,14
896,14
897,14
898,14
899,14
900,14
901,14
902,14
903,14
904,14
905,14
906,14
907,14
908,14
909,14
910,14
911,14
912,14
913,14
914,14
915,14
916,14
917,14
918,14
919,14
920,14
921,14
922,14
923,14
924,14
925,14
926,14
927,14
928,14
929,14
930,14
931,14
932,14
933,14
934,14
935,14
936,14
937,14
938,14
939,14
940,14
941,14
942,14
943,14
944,14
945,14
946,14
947,14
948,14
949,14
950,14
951,14
952,14
953,14
954,14
955,14
956,14
957,14
958,14
959,14
960,14
961,14
962,14
963,14
964,14
965,14
966,14
967,14
968,14
969,14
970,14
971,14
972,14
973,14
974,14
975,14
976,14
977,14
978,14
979,14
980,14
981,14
982,14
983,14
984,14
985,14
986,14
987,14
988,14
989,14
990,14
991,14
992,14
993,14
994,14
995,14
996,14
997,14
998,14
999,14
1000,14
1001,14
1002,14
1003,14
1004,14
1005,14
1006,14
1007,14
1008,14
1009,14
1010,14
1011,14
1012,14
1013,14
1014,14
1015,14
1016,14
1017,14
367,15
368,15
369,15
370,15
371,15
372,15
646,15
648,15
658,15
659,15
660,15
661,15
662,15
663,15
664,15
665,15
666,15
667,15
668,15
669,15
670,15
671,15
672,15
673,15
674,15
675,15
682,15
683,15
684,15
685,15
686,15
687,15
688,15
689,15
690,15
691,15
692,15
693,15
694,15
695,15
696,15
697,15
698,15
699,15
700,15
701,15
702,15
703,15
704,15
705,15
706,15
707,15
708,15
709,15
710,15
711,15
712,15
713,15
714,15
715,15
716,15
717,15
718,15
719,15
720,15
721,15
722,15
723,15
724,15
725,15
726,15
727,15
728,15
729,15
730,15
731,15
732,15
733,15
734,15
735,15
736,15
737,15
738,15
739,15
740,15
741,15
742,15
743,15
744,15
745,15
746,15
747,15
748,15
749,15
750,15
751,15
752,15
753,15
754,15
755,15
756,15
757,15
758,15
759,15
760,15
761,15
762,15
763,15
764,15
765,15
766,15
767,15
768,15
769,15
770,15
771,15
772,15
773,15
774,15
775,15
776,15
777,15
778,15
779,15
780,15
781,15
782,15
783,15
784,15
785,15
786,15
787,15
788,15
789,15
790,15
791,15
792,15
793,15
794,15
795,15
796,15
797,15
798,15
799,15
800,15
801,15
802,15
803,15
804,15
805,15
806,15
807,15
808,15
809,15
810,15
811,15
812,15
813,15
814,15
815,15
816,15
817,15
818,15
819,15
820,15
821,15
822,15
823,15
824,15
825,15
826,15
827,15
828,15
829,15
830,15
831,15
832,15
833,15
834,15
835,15
836,15
837,15
838,15
839,15
840,15
841,15
842,15
843,15
844,15
845,15
846,15
847,15
848,15
849,15
850,15
851,15
852,15
853,15
854,15
855,15
856,15
857,15
858,15
859,15
860,15
861,15
862,15
863,15
864,15
865,15
866,15
867,15
868,15
869,15
870,15
871,15
872,15
873,15
874,15
875,15
876,15
877,15
878,15
879,15
880,15
881,15
882,15
883,15
884,15
885,15
886,15
887,15
888,15
889,15
890,15
891,15
892,15
893,15
894,15
895,15
896,15
897,15
898,15
899,15
900,15
901,15
902,15
903,15
904,15
905,15
906,15
907,15
908,15
909,15
910,15
911,15
912,15
913,15
914,15
915,15
916,15
917,15
918,15
919,15
920,15
921,15
922,15
923,15
924,15
925,15
926,15
927,15
928,15
929,15
930,15
931,15
932,15
933,15
934,15
935,15
936,15
937,15
938,15
939,15
940,15
941,15
942,15
943,15
944,15
945,15
946,15
947,15
948,15
949,15
950,15
951,15
952,15
953,15
954,15
955,15
956,15
957,15
958,15
959,15
960,15
961,15
962,15
963,15
964,15
965,15
966,15
967,15
968,15
969,15
970,15
971,15
972,15
973,15
974,15
975,15
976,15
977,15
978,15
979,15
980,15
981,15
982,15
983,15
984,15
985,15
986,15
987,15
988,15
989,15
990,15
991,15
992,15
993,15
994,15
995,15
996,15
997,15
998,15
999,15
1000,15
1001,15
1002,15
1003,15
1004,15
1005,15
1006,15
1007,15
1008,15
1009,15
1010,15
1011,15
1012,15
1013,15
1014,15
1015,15
1016,15
1017,15
0,16
1,16
2,16
3,16
4,16
5,16
6,16
7,16
8,16
9,16
10,16
11,16
12,16
13,16
14,16
15,16
16,16
17,16
18,16
19,16
20,16
21,16
22,16
23,16
24,16
25,16
26,16
27,16
28,16
29,16
30,16
31,16
32,16
33,16
34,16
35,16
36,16
37,16
38,16
39,16
40,16
41,16
42,16
43,16
44,16
45,16
46,16
47,16
48,16
49,16
50,16
51,16
52,16
53,16
54,16
55,16
56,16
57,16
58,16
59,16
60,16
61,16
62,16
63,16
64,16
65,16
66,16
67,16
68,16
69,16
70,16
71,16
72,16
73,16
74,16
75,16
76,16
77,16
78,16
79,16
80,16
81,16
82,16
83,16
84,16
85,16
86,16
87,16
88,16
89,16
90,16
91,16
92,16
93,16
94,16
95,16
96,16
97,16
98,16
99,16
100,16
101,16
102,16
103,16
104,16
105,16
106,16
107,16
108,16
109,16
110,16
111,16
112,16
113,16
114,16
115,16
116,16
117,16
118,16
119,16
120,16
121,16
122,16
123,16
124,16
125,16
126,16
127,16
128,16
129,16
130,16
131,16
132,16
133,16
134,16
135,16
136,16
137,16
138,16
139,16
140,16
141,16
142,16
143,16
144,16
145,16
146,16
147,16
148,16
149,16
150,16
151,16
152,16
153,16
154,16
155,16
156,16
157,16
158,16
159,16
160,16
161,16
162,16
163,16
164,16
165,16
166,16
167,16
168,16
169,16
170,16
171,16
172,16
173,16
174,16
175,16
176,16
177,16
178,16
179,16
180,16
181,16
182,16
183,16
184,16
185,16
186,16
187,16
188,16
189,16
190,16
191,16
192,16
193,16
194,16
195,16
196,16
197,16
198,16
199,16
200,16
201,16
202,16
203,16
204,16
205,16
206,16
208,16
209,16
210,16
211,16
212,16
213,16
214,16
232,16
233,16
234,16
235,16
236,16
237,16
238,16
239,16
240,16
243,16
244,16
245,16
246,16
247,16
248,16
249,16
250,16
251,16
252,16
253,16
254,16
255,16
256,16
257,16
258,16
259,16
260,16
261,16
262,16
263,16
264,16
265,16
266,16
267,16
268,16
269,16
270,16
271,16
272,16
273,16
274,16
275,16
276,16
277,16
278,16
279,16
280,16
281,16
282,16
283,16
284,16
285,16
286,16
287,16
288,16
289,16
290,16
291,16
292,16
293,16
294,16
295,16
296,16
297,16
298,16
299,16
300,16
301,16
302,16
303,16
304,16
305,16
306,16
307,16
308,16
309,16
310,16
311,16
312,16
313,16
314,16
315,16
316,16
317,16
318,16
319,16
320,16
321,16
322,16
323,16
324,16
325,16
326,16
327,16
328,16
329,16
330,16
331,16
332,16
333,16
334,16
335,16
336,16
337,16
338,16
339,16
340,16
341,16
342,16
343,16
344,16
345,16
346,16
347,16
348,16
349,16
350,16
351,16
352,16
353,16
354,16
355,16
356,16
357,16
358,16
359,16
360,16
361,16
362,16
363,16
364,16
365,16
366,16
367,16
368,16
369,16
370,16
371,16
372,16
373,16
374,16
375,16
376,16
377,16
378,16
379,16
380,16
381,16
382,16
383,16
384,16
385,16
386,16
387,16
388,16
389,16
390,16
391,16
392,16
393,16
394,16
395,16
396,16
397,16
398,16
399,16
400,16
401,16
402,16
403,16
404,16
405,16
406,16
412,16
413,16
414,16
415,16
416,16
417,16
418,16
419,16
420,16
421,16
427,16
428,16
429,16
430,16
431,16
432,16
433,16
434,16
435,16
436,16
437,16
438,16
439,16
440,16
441,16
442,16
443,16
444,16
445,16
447,16
448,16
449,16
450,16
451,16
452,16
453,16
454,16
455,16
456,16
457,16
458,16
474,16
475,16
476,16
477,16
478,16
479,16
544,16
664,16
665,16
666,16
667,16
668,16
669,16
670,16
684,16
685,16
686,16
687,16
688,16
689,16
690,16
691,16
692,16
693,16
694,16
695,16
696,16
697,16
698,16
699,16
707,16
708,16
709,16
715,16
716,16
717,16
730,16
731,16
732,16
733,16
734,16
735,16
736,16
737,16
738,16
739,16
740,16
741,16
742,16
743,16
744,16
745,16
746,16
747,16
748,16
749,16
750,16
751,16
752,16
753,16
754,16
755,16
756,16
757,16
758,16
759,16
760,16
761,16
768,16
769,16
770,16
771,16
772,16
773,16
774,16
775,16
776,16
777,16
802,16
803,16
804,16
805,16
806,16
807,16
808,16
809,16
819,16
820,16
821,16
822,16
823,16
824,16
825,16
826,16
827,16
828,16
829,16
830,16
831,16
840,16
841,16
842,16
843,16
844,16
845,16
846,16
847,16
848,16
849,16
850,16
851,16
852,16
853,16
854,16
866,16
867,16
868,16
869,16
870,16
871,16
872,16
873,16
874,16
875,16
876,16
877,16
878,16
879,16
880,16
881,16
882,16
889,16
893,16
894,16
895,16
896,16
897,16
898,16
899,16
900,16
901,16
902,16
903,16
913,16
914,16
915,16
916,16
917,16
956,16
983,16
984,16
1002,16
1019,16
1020,16
1021,16
1022,16
1023,16
0,17
1,17
2,17
3,17
4,17
5,17
6,17
7,17
8,17
9,17
10,17
11,17
12,17
13,17
14,17
15,17
16,17
17,17
18,17
19,17
20,17
21,17
22,17
23,17
24,17
25,17
26,17
27,17
28,17
29,17
30,17
31,17
32,17
33,17
34,17
35,17
36,17
37,17
38,17
39,17
40,17
41,17
42,17
43,17
44,17
45,17
46,17
47,17
48,17
49,17
50,17
51,17
52,17
53,17
54,17
55,17
56,17
57,17
58,17
59,17
60,17
61,17
62,17
63,17
64,17
65,17
66,17
67,17
68,17
69,17
70,17
71,17
72,17
73,17
74,17
75,17
76,17
77,17
78,17
79,17
80,17
81,17
82,17
83,17
84,17
85,17
86,17
87,17
88,17
89,17
90,17
91,17
92,17
93,17
94,17
95,17
96,17
97,17
98,17
99,17
100,17
101,17
102,17
103,17
104,17
105,17
106,17
107,17
108,17
109,17
110,17
111,17
112,17
113,17
114,17
115,17
116,17
117,17
118,17
119,17
120,17
121,17
122,17
123,17
124,17
125,17
126,17
127,17
128,17
129,17
130,17
131,17
132,17
133,17
134,17
135,17
136,17
137,17
138,17
139,17
140,17
141,17
142,17
143,17
144,17
145,17
146,17
147,17
148,17
149,17
150,17
151,17
152,17
153,17
154,17
155,17
156,17
157,17
158,17
159,17
160,17
161,17
162,17
163,17
164,17
165,17
166,17
167,17
168,17
169,17
170,17
171,17
172,17
173,17
174,17
175,17
176,17
177,17
178,17
179,17
180,17
181,17
182,17
183,17
184,17
185,17
186,17
187,17
188,17
189,17
190,17
191,17
192,17
193,17
194,17
195,17
196,17
197,17
198,17
199,17
200,17
201,17
202,17
203,17
204,17
205,17
206,17
207,17
208,17
209,17
210,17
211,17
212,17
213,17
214,17
215,17
216,17
217,17
218,17
219,17
220,17
221,17
222,17
223,17
224,17
225,17
226,17
227,17
228,17
229,17
230,17
231,17
232,17
233,17
234,17
235,17
236,17
237,17
238,17
239,17
240,17
241,17
242,17
243,17
244,17
245,17
246,17
247,17
248,17
249,17
250,17
251,17
252,17
253,17
254,17
255,17
256,17
257,17
258,17
259,17
260,17
261,17
262,17
263,17
264,17
265,17
266,17
267,17
268,17
269,17
270,17
271,17
272,17
273,17
274,17
275,17
276,17
277,17
278,17
279,17
280,17
281,17
282,17
283,17
284,17
285,17
286,17
287,17
288,17
289,17
290,17
291,17
292,17
293,17
294,17
295,17
296,17
297,17
298,17
299,17
300,17
301,17
302,17
303,17
304,17
305,17
306,17
307,17
308,17
309,17
310,17
311,17
312,17
313,17
314,17
315,17
316,17
317,17
318,17
319,17
320,17
321,17
322,17
323,17
324,17
325,17
326,17
327,17
328,17
329,17
330,17
331,17
332,17
333,17
334,17
335,17
336,17
337,17
338,17
339,17
340,17
341,17
342,17
343,17
344,17
345,17
346,17
347,17
348,17
349,17
350,17
351,17
352,17
353,17
354,17
355,17
356,17
357,17
358,17
359,17
360,17
361,17
362,17
363,17
364,17
365,17
366,17
367,17
368,17
369,17
370,17
371,17
372,17
373,17
374,17
375,17
376,17
377,17
378,17
379,17
380,17
381,17
382,17
383,17
384,17
385,17
386,17
387,17
388,17
389,17
390,17
391,17
392,17
393,17
394,17
395,17
396,17
397,17
398,17
399,17
400,17
401,17
402,17
403,17
404,17
405,17
406,17
427,17
428,17
429,17
430,17
431,17
438,17
439,17
440,17
447,17
448,17
449,17
450,17
451,17
452,17
453,17
454,17
455,17
456,17
457,17
458,17
459,17
474,17
475,17
476,17
477,17
478,17
479,17
544,17
545,17
546,17
547,17
554,17
555,17
556,17
557,17
558,17
566,17
567,17
568,17
576,17
577,17
582,17
583,17
584,17
665,17
666,17
667,17
668,17
669,17
674,17
675,17
676,17
677,17
678,17
687,17
688,17
689,17
690,17
722,17
723,17
724,17
725,17
732,17
733,17
734,17
735,17
774,17
775,17
803,17
804,17
805,17
806,17
807,17
811,17
812,17
813,17
814,17
815,17
816,17
820,17
821,17
844,17
845,17
846,17
847,17
848,17
849,17
850,17
879,17
880,17
881,17
882,17
883,17
884,17
885,17
886,17
887,17
888,17
889,17
890,17
891,17
892,17
916,17
932,17
933,17
934,17
935,17
936,17
937,17
938,17
939,17
940,17
941,17
942,17
943,17
944,17
945,17
946,17
947,17
972,17
973,17
974,17
1018,17
1019,17
1020,17
1021,17
1022,17
1023,17
0,18
1,18
2,18
3,18
4,18
5,18
6,18
7,18
8,18
9,18
10,18
11,18
12,18
13,18
14,18
15,18
16,18
17,18
18,18
19,18
20,18
21,18
22,18
23,18
24,18
25,18
26,18
27,18
28,18
29,18
30,18
31,18
32,18
33,18
34,18
35,18
36,18
37,18
38,18
39,18
40,18
41,18
42,18
43,18
44,18
45,18
46,18
47,18
48,18
49,18
50,18
51,18
52,18
53,18
54,18
55,18
56,18
57,18
58,18
59,18
60,18
61,18
62,18
63,18
64,18
65,18
66,18
67,18
68,18
69,18
70,18
71,18
72,18
73,18
74,18
75,18
76,18
77,18
78,18
79,18
80,18
81,18
82,18
83,18
84,18
85,18
86,18
87,18
88,18
89,18
90,18
91,18
92,18
93,18
94,18
95,18
96,18
97,18
98,18
99,18
100,18
101,18
102,18
103,18
104,18
105,18
106,18
107,18
108,18
109,18
110,18
111,18
112,18
113,18
114,18
115,18
116,18
117,18
118,18
119,18
120,18
121,18
122,18
123,18
124,18
125,18
126,18
127,18
128,18
129,18
130,18
131,18
132,18
133,18
134,18
135,18
136,18
137,18
138,18
139,18
140,18
141,18
142,18
143,18
144,18
145,18
146,18
147,18
148,18
149,18
150,18
151,18
152,18
153,18
154,18
155,18
156,18
157,18
158,18
159,18
160,18
161,18
162,18
163,18
164,18
165,18
166,18
167,18
168,18
169,18
170,18
171,18
172,18
173,18
174,18
175,18
176,18
177,18
178,18
179,18
180,18
181,18
182,18
183,18
184,18
185,18
186,18
187,18
188,18
189,18
190,18
191,18
192,18
193,18
194,18
195,18
196,18
197,18
198,18
199,18
200,18
201,18
202,18
203,18
204,18
205,18
206,18
207,18
208,18
209,18
210,18
211,18
212,18
213,18
214,18
215,18
216,18
217,18
218,18
219,18
220,18
221,18
222,18
223,18
224,18
225,18
226,18
227,18
228,18
229,18
230,18
231,18
232,18
233,18
234,18
235,18
236,18
237,18
238,18
239,18
240,18
241,18
242,18
243,18
244,18
245,18
246,18
247,18
248,18
249,18
250,18
251,18
252,18
253,18
254,18
255,18
256,18
257,18
258,18
259,18
260,18
261,18
262,18
263,18
264,18
265,18
266,18
267,18
268,18
269,18
270,18
271,18
272,18
273,18
274,18
275,18
276,18
277,18
278,18
279,18
280,18
281,18
282,18
283,18
284,18
285,18
286,18
287,18
288,18
289,18
290,18
291,18
292,18
296,18
297,18
298,18
299,18
300,18
301,18
302,18
303,18
304,18
305,18
306,18
307,18
308,18
309,18
310,18
311,18
312,18
313,18
314,18
315,18
316,18
317,18
318,18
319,18
320,18
323,18
324,18
325,18
326,18
327,18
328,18
329,18
330,18
331,18
332,18
333,18
334,18
335,18
336,18
337,18
338,18
339,18
340,18
341,18
342,18
343,18
344,18
345,18
346,18
347,18
348,18
349,18
350,18
351,18
352,18
353,18
354,18
355,18
356,18
357,18
358,18
359,18
360,18
361,18
362,18
363,18
364,18
365,18
379,18
380,18
381,18
457,18
458,18
459,18
476,18
477,18
478,18
544,18
545,18
546,18
547,18
548,18
549,18
550,18
556,18
557,18
566,18
591,18
664,18
665,18
666,18
667,18
668,18
669,18
670,18
674,18
675,18
676,18
677,18
678,18
683,18
684,18
685,18
686,18
687,18
727,18
732,18
733,18
734,18
735,18
736,18
779,18
780,18
781,18
782,18
783,18
784,18
795,18
796,18
797,18
803,18
804,18
805,18
806,18
807,18
811,18
812,18
813,18
814,18
815,18
816,18
821,18
845,18
846,18
847,18
848,18
849,18
850,18
857,18
864,18
865,18
866,18
867,18
878,18
879,18
880,18
881,18
882,18
883,18
884,18
885,18
886,18
887,18
888,18
889,18
890,18
891,18
892,18
893,18
894,18
895,18
896,18
897,18
898,18
899,18
900,18
901,18
902,18
903,18
904,18
905,18
916,18
917,18
918,18
919,18
933,18
934,18
935,18
936,18
937,18
938,18
939,18
940,18
941,18
942,18
943,18
944,18
945,18
1018,18
1019,18
1020,18
1021,18
1022,18
1023,18
0,19
1,19
2,19
3,19
4,19
5,19
6,19
7,19
8,19
9,19
10,19
11,19
12,19
13,19
14,19
15,19
16,19
17,19
18,19
19,19
20,19
21,19
22,19
23,19
24,19
25,19
26,19
27,19
28,19
29,19
30,19
31,19
32,19
33,19
34,19
35,19
36,19
37,19
38,19
39,19
40,19
41,19
42,19
43,19
44,19
45,19
46,19
47,19
48,19
49,19
50,19
51,19
52,19
53,19
54,19
55,19
56,19
57,19
58,19
59,19
60,19
61,19
62,19
63,19
64,19
65,19
66,19
67,19
68,19
69,19
70,19
71,19
72,19
73,19
74,19
75,19
76,19
77,19
78,19
79,19
80,19
81,19
82,19
83,19
84,19
85,19
86,19
87,19
88,19
89,19
90,19
91,19
92,19
93,19
94,19
95,19
96,19
97,19
98,19
99,19
100,19
101,19
102,19
103,19
104,19
105,19
106,19
107,19
108,19
109,19
110,19
111,19
112,19
113,19
114,19
115,19
116,19
117,19
118,19
119,19
120,19
121,19
122,19
123,19
124,19
125,19
126,19
127,19
128,19
129,19
130,19
131,19
132,19
133,19
134,19
135,19
136,19
137,19
138,19
139,19
140,19
141,19
142,19
143,19
144,19
145,19
146,19
147,19
148,19
149,19
150,19
151,19
152,19
153,19
154,19
155,19
156,19
157,19
158,19
159,19
160,19
161,19
162,19
163,19
164,19
165,19
166,19
167,19
168,19
169,19
170,19
171,19
172,19
173,19
174,19
175,19
176,19
177,19
178,19
179,19
180,19
181,19
182,19
183,19
184,19
185,19
186,19
187,19
188,19
189,19
190,19
191,19
192,19
193,19
194,19
195,19
196,19
197,19
198,19
199,19
200,19
201,19
202,19
203,19
204,19
205,19
206,19
207,19
208,19
209,19
210,19
211,19
212,19
213,19
214,19
215,19
216,19
217,19
218,19
219,19
220,19
221,19
222,19
223,19
224,19
225,19
226,19
227,19
228,19
229,19
230,19
231,19
232,19
233,19
234,19
235,19
236,19
237,19
238,19
241,19
242,19
243,19
244,19
245,19
253,19
254,19
255,19
256,19
257,19
258,19
259,19
260,19
261,19
262,19
263,19
264,19
265,19
266,19
267,19
268,19
269,19
270,19
271,19
272,19
273,19
274,19
275,19
339,19
340,19
341,19
342,19
343,19
344,19
458,19
459,19
475,19
545,19
546,19
547,19
548,19
549,19
550,19
557,19
664,19
665,19
666,19
667,19
668,19
669,19
672,19
673,19
674,19
675,19
676,19
677,19
678,19
682,19
683,19
684,19
685,19
686,19
691,19
692,19
733,19
734,19
779,19
780,19
781,19
782,19
783,19
784,19
787,19
812,19
813,19
814,19
815,19
816,19
823,19
824,19
825,19
849,19
850,19
862,19
863,19
864,19
865,19
866,19
867,19
868,19
869,19
875,19
876,19
877,19
878,19
879,19
880,19
881,19
882,19
883,19
884,19
885,19
889,19
890,19
891,19
892,19
893,19
894,19
895,19
896,19
897,19
898,19
899,19
900,19
901,19
902,19
903,19
904,19
905,19
906,19
907,19
909,19
918,19
919,19
925,19
926,19
927,19
934,19
935,19
936,19
937,19
938,19
939,19
940,19
941,19
1018,19
1019,19
1020,19
1021,19
1022,19
1023,19
0,20
1,20
2,20
3,20
4,20
5,20
6,20
7,20
8,20
9,20
10,20
11,20
12,20
13,20
14,20
15,20
16,20
17,20
18,20
19,20
20,20
21,20
22,20
23,20
24,20
25,20
26,20
27,20
28,20
29,20
30,20
31,20
32,20
33,20
34,20
35,20
36,20
37,20
38,20
39,20
40,20
41,20
42,20
43,20
44,20
45,20
46,20
47,20
48,20
49,20
50,20
51,20
52,20
53,20
54,20
55,20
56,20
57,20
58,20
59,20
60,20
61,20
62,20
63,20
64,20
65,20
66,20
67,20
68,20
69,20
70,20
71,20
72,20
77,20
78,20
79,20
80,20
81,20
82,20
83,20
84,20
85,20
86,20
87,20
88,20
89,20
90,20
91,20
92,20
93,20
94,20
95,20
96,20
97,20
98,20
99,20
100,20
101,20
102,20
103,20
104,20
105,20
106,20
107,20
108,20
109,20
110,20
111,20
112,20
113,20
114,20
115,20
116,20
117,20
118,20
119,20
120,20
125,20
127,20
128,20
129,20
130,20
131,20
132,20
133,20
134,20
135,20
136,20
137,20
138,20
139,20
140,20
141,20
142,20
143,20
144,20
145,20
146,20
147,20
152,20
153,20
154,20
155,20
156,20
216,20
217,20
218,20
219,20
223,20
224,20
230,20
231,20
232,20
233,20
234,20
235,20
236,20
237,20
238,20
239,20
241,20
242,20
265,20
266,20
267,20
361,20
362,20
363,20
364,20
365,20
366,20
367,20
458,20
459,20
475,20
550,20
575,20
611,20
663,20
664,20
665,20
666,20
667,20
668,20
672,20
673,20
674,20
675,20
676,20
677,20
682,20
683,20
684,20
685,20
686,20
691,20
696,20
697,20
698,20
699,20
750,20
751,20
780,20
781,20
782,20
783,20
787,20
788,20
815,20
816,20
861,20
862,20
863,20
864,20
865,20
866,20
867,20
868,20
869,20
874,20
875,20
876,20
877,20
878,20
879,20
880,20
881,20
882,20
897,20
898,20
899,20
900,20
901,20
902,20
903,20
904,20
905,20
906,20
907,20
908,20
924,20
925,20
926,20
927,20
928,20
929,20
930,20
931,20
936,20
937,20
938,20
939,20
1018,20
1019,20
1020,20
1021,20
1022,20
1023,20
0,21
1,21
2,21
3,21
4,21
5,21
6,21
7,21
8,21
9,21
15,21
16,21
17,21
18,21
19,21
20,21
21,21
22,21
27,21
30,21
31,21
32,21
33,21
34,21
35,21
36,21
37,21
38,21
39,21
40,21
41,21
42,21
43,21
44,21
45,21
46,21
47,21
48,21
49,21
50,21
51,21
52,21
53,21
54,21
55,21
56,21
57,21
58,21
59,21
60,21
61,21
62,21
63,21
64,21
65,21
66,21
93,21
95,21
96,21
97,21
98,21
230,21
231,21
232,21
233,21
234,21
235,21
236,21
237,21
359,21
360,21
361,21
362,21
363,21
364,21
365,21
534,21
617,21
663,21
664,21
665,21
666,21
667,21
668,21
673,21
674,21
675,21
676,21
677,21
683,21
684,21
685,21
686,21
696,21
697,21
698,21
699,21
700,21
750,21
751,21
752,21
753,21
754,21
782,21
783,21
787,21
788,21
789,21
790,21
794,21
795,21
796,21
859,21
860,21
861,21
862,21
863,21
864,21
865,21
866,21
867,21
868,21
875,21
876,21
877,21
878,21
879,21
880,21
924,21
925,21
926,21
1018,21
1019,21
1020,21
1021,21
1022,21
1023,21
0,22
1,22
2,22
3,22
4,22
5,22
6,22
7,22
32,22
33,22
34,22
35,22
36,22
37,22
38,22
39,22
53,22
54,22
55,22
56,22
58,22
59,22
60,22
70,22
71,22
72,22
73,22
74,22
75,22
168,22
373,22
657,22
658,22
659,22
660,22
661,22
667,22
668,22
673,22
674,22
675,22
676,22
677,22
678,22
679,22
683,22
684,22
685,22
686,22
687,22
751,22
752,22
753,22
754,22
755,22
756,22
789,22
790,22
795,22
796,22
858,22
859,22
860,22
861,22
862,22
863,22
864,22
865,22
866,22
924,22
1018,22
1019,22
1020,22
1021,22
1022,22
1023,22
0,23
1,23
2,23
3,23
4,23
5,23
6,23
7,23
32,23
33,23
34,23
35,23
36,23
54,23
55,23
71,23
72,23
73,23
74,23
75,23
76,23
372,23
373,23
435,23
436,23
437,23
480,23
481,23
629,23
630,23
631,23
653,23
654,23
655,23
656,23
657,23
658,23
659,23
676,23
677,23
678,23
679,23
680,23
685,23
686,23
687,23
732,23
742,23
753,23
754,23
755,23
756,23
757,23
758,23
859,23
860,23
861,23
862,23
880,23
907,23
908,23
909,23
910,23
937,23
938,23
939,23
1017,23
1018,23
1019,23
1020,23
1021,23
1022,23
1023,23
0,24
1,24
2,24
3,24
4,24
5,24
6,24
7,24
31,24
32,24
33,24
34,24
47,24
68,24
69,24
70,24
71,24
72,24
73,24
74,24
75,24
92,24
93,24
94,24
372,24
373,24
412,24
435,24
436,24
437,24
480,24
481,24
570,24
571,24
572,24
628,24
629,24
630,24
631,24
632,24
633,24
634,24
652,24
653,24
654,24
655,24
656,24
657,24
670,24
671,24
672,24
679,24
680,24
681,24
686,24
687,24
688,24
689,24
733,24
734,24
744,24
755,24
756,24
806,24
866,24
867,24
873,24
874,24
875,24
876,24
877,24
878,24
879,24
880,24
881,24
882,24
883,24
908,24
909,24
910,24
911,24
937,24
938,24
939,24
940,24
946,24
995,24
1017,24
1018,24
1019,24
1020,24
1021,24
1022,24
1023,24
0,25
1,25
2,25
3,25
4,25
5,25
6,25
7,25
30,25
31,25
32,25
33,25
44,25
45,25
67,25
68,25
69,25
70,25
71,25
72,25
73,25
89,25
90,25
91,25
92,25
93,25
145,25
165,25
166,25
169,25
170,25
171,25
172,25
173,25
174,25
175,25
176,25
177,25
178,25
179,25
341,25
342,25
343,25
348,25
349,25
350,25
351,25
373,25
374,25
411,25
412,25
413,25
441,25
442,25
475,25
569,25
570,25
579,25
627,25
628,25
629,25
630,25
631,25
632,25
633,25
634,25
638,25
639,25
640,25
641,25
652,25
653,25
654,25
671,25
672,25
673,25
678,25
679,25
680,25
681,25
682,25
688,25
689,25
690,25
744,25
745,25
839,25
840,25
844,25
845,25
846,25
863,25
864,25
865,25
866,25
867,25
868,25
869,25
873,25
874,25
875,25
876,25
877,25
900,25
908,25
909,25
910,25
911,25
936,25
937,25
938,25
939,25
940,25
941,25
942,25
995,25
996,25
1017,25
1018,25
1019,25
1020,25
1021,25
1022,25
1023,25
0,26
1,26
2,26
3,26
4,26
5,26
6,26
7,26
8,26
30,26
31,26
32,26
33,26
64,26
65,26
66,26
67,26
68,26
69,26
70,26
71,26
72,26
73,26
88,26
89,26
90,26
91,26
92,26
93,26
159,26
160,26
161,26
162,26
163,26
164,26
165,26
166,26
167,26
168,26
173,26
174,26
175,26
176,26
177,26
178,26
179,26
180,26
181,26
182,26
183,26
184,26
185,26
186,26
187,26
188,26
189,26
190,26
191,26
192,26
193,26
194,26
195,26
196,26
197,26
198,26
268,26
269,26
270,26
271,26
272,26
273,26
274,26
275,26
276,26
280,26
281,26
282,26
283,26
341,26
342,26
343,26
344,26
345,26
346,26
347,26
348,26
349,26
350,26
351,26
413,26
414,26
415,26
577,26
578,26
625,26
626,26
627,26
628,26
629,26
630,26
631,26
639,26
640,26
641,26
680,26
681,26
682,26
683,26
684,26
732,26
771,26
772,26
773,26
774,26
775,26
776,26
777,26
778,26
853,26
854,26
855,26
856,26
857,26
866,26
867,26
872,26
873,26
874,26
875,26
876,26
882,26
883,26
884,26
885,26
886,26
887,26
888,26
908,26
909,26
910,26
911,26
912,26
936,26
937,26
938,26
939,26
940,26
941,26
942,26
943,26
944,26
993,26
994,26
995,26
1017,26
1018,26
1019,26
1020,26
1021,26
1022,26
1023,26
0,27
1,27
2,27
3,27
4,27
5,27
6,27
7,27
31,27
32,27
63,27
64,27
65,27
66,27
67,27
68,27
69,27
70,27
71,27
72,27
73,27
88,27
89,27
90,27
91,27
92,27
115,27
116,27
117,27
157,27
158,27
159,27
160,27
161,27
162,27
163,27
164,27
165,27
166,27
167,27
168,27
176,27
177,27
178,27
179,27
180,27
181,27
182,27
183,27
184,27
185,27
186,27
187,27
188,27
189,27
190,27
191,27
192,27
193,27
194,27
195,27
196,27
197,27
198,27
199,27
203,27
204,27
265,27
266,27
267,27
268,27
269,27
270,27
271,27
272,27
273,27
274,27
275,27
276,27
277,27
280,27
281,27
282,27
283,27
342,27
343,27
344,27
345,27
346,27
350,27
351,27
352,27
413,27
414,27
415,27
462,27
470,27
471,27
472,27
473,27
474,27
475,27
575,27
576,27
577,27
578,27
606,27
607,27
608,27
609,27
620,27
621,27
625,27
626,27
627,27
628,27
629,27
630,27
640,27
676,27
677,27
678,27
682,27
683,27
684,27
685,27
686,27
693,27
694,27
731,27
732,27
733,27
734,27
775,27
776,27
777,27
778,27
779,27
872,27
873,27
874,27
875,27
880,27
881,27
882,27
883,27
884,27
885,27
886,27
887,27
888,27
889,27
890,27
891,27
907,27
908,27
909,27
910,27
911,27
938,27
939,27
940,27
941,27
942,27
943,27
944,27
945,27
973,27
993,27
994,27
1017,27
1018,27
1019,27
1020,27
1021,27
1022,27
1023,27
0,28
1,28
2,28
3,28
4,28
5,28
6,28
7,28
43,28
44,28
45,28
46,28
63,28
64,28
65,28
66,28
67,28
68,28
69,28
70,28
71,28
72,28
73,28
88,28
89,28
90,28
91,28
118,28
141,28
157,28
158,28
159,28
184,28
185,28
186,28
187,28
188,28
189,28
190,28
191,28
192,28
193,28
194,28
195,28
196,28
197,28
198,28
199,28
200,28
201,28
202,28
203,28
204,28
205,28
206,28
252,28
266,28
267,28
268,28
269,28
270,28
271,28
272,28
273,28
274,28
275,28
282,28
283,28
284,28
337,28
338,28
339,28
340,28
350,28
351,28
352,28
463,28
573,28
574,28
575,28
576,28
577,28
578,28
583,28
584,28
585,28
603,28
604,28
605,28
606,28
607,28
608,28
609,28
610,28
617,28
618,28
619,28
620,28
621,28
622,28
624,28
625,28
626,28
627,28
676,28
677,28
678,28
679,28
680,28
684,28
685,28
686,28
687,28
688,28
689,28
694,28
695,28
730,28
731,28
732,28
733,28
734,28
739,28
740,28
741,28
776,28
777,28
778,28
779,28
781,28
810,28
811,28
870,28
871,28
872,28
873,28
874,28
875,28
876,28
880,28
881,28
882,28
883,28
884,28
885,28
886,28
887,28
888,28
889,28
890,28
891,28
909,28
910,28
941,28
942,28
943,28
944,28
945,28
972,28
973,28
974,28
975,28
993,28
1018,28
1019,28
1020,28
1021,28
1022,28
1023,28
0,29
1,29
2,29
3,29
4,29
5,29
6,29
7,29
30,29
43,29
44,29
45,29
46,29
47,29
48,29
49,29
50,29
52,29
53,29
64,29
65,29
66,29
67,29
68,29
69,29
70,29
71,29
87,29
88,29
89,29
90,29
91,29
121,29
122,29
141,29
245,29
246,29
247,29
248,29
249,29
250,29
251,29
252,29
253,29
262,29
263,29
338,29
339,29
340,29
341,29
428,29
573,29
574,29
575,29
584,29
585,29
586,29
603,29
604,29
605,29
606,29
607,29
608,29
609,29
610,29
616,29
617,29
618,29
619,29
620,29
621,29
624,29
625,29
626,29
627,29
678,29
679,29
680,29
681,29
682,29
685,29
686,29
687,29
688,29
689,29
690,29
691,29
698,29
699,29
730,29
731,29
732,29
733,29
734,29
739,29
740,29
741,29
742,29
782,29
810,29
811,29
837,29
838,29
839,29
840,29
841,29
842,29
843,29
844,29
845,29
868,29
869,29
870,29
871,29
872,29
873,29
874,29
875,29
876,29
880,29
881,29
882,29
883,29
884,29
885,29
886,29
887,29
888,29
941,29
942,29
943,29
944,29
945,29
972,29
973,29
974,29
975,29
976,29
1018,29
1019,29
1020,29
1021,29
1022,29
1023,29
0,30
1,30
2,30
3,30
4,30
5,30
6,30
7,30
27,30
28,30
29,30
30,30
31,30
42,30
43,30
44,30
45,30
46,30
47,30
48,30
54,30
63,30
64,30
65,30
66,30
67,30
68,30
69,30
86,30
87,30
88,30
89,30
90,30
121,30
122,30
123,30
124,30
141,30
233,30
234,30
235,30
236,30
244,30
245,30
246,30
247,30
248,30
252,30
318,30
319,30
320,30
321,30
428,30
429,30
430,30
431,30
432,30
584,30
602,30
603,30
604,30
605,30
606,30
607,30
608,30
609,30
616,30
617,30
618,30
619,30
620,30
624,30
625,30
626,30
679,30
680,30
681,30
685,30
686,30
687,30
688,30
689,30
690,30
691,30
692,30
725,30
730,30
731,30
732,30
733,30
734,30
735,30
739,30
740,30
741,30
742,30
836,30
837,30
838,30
839,30
840,30
841,30
842,30
843,30
844,30
845,30
864,30
865,30
866,30
867,30
868,30
869,30
870,30
871,30
872,30
873,30
874,30
875,30
876,30
880,30
881,30
882,30
883,30
884,30
885,30
886,30
887,30
941,30
942,30
943,30
944,30
945,30
946,30
973,30
974,30
975,30
976,30
1003,30
1018,30
1019,30
1020,30
1021,30
1022,30
1023,30
0,31
1,31
2,31
3,31
4,31
5,31
6,31
7,31
26,31
27,31
28,31
29,31
30,31
31,31
32,31
42,31
43,31
44,31
63,31
64,31
65,31
66,31
67,31
82,31
83,31
86,31
87,31
88,31
89,31
121,31
122,31
123,31
124,31
203,31
435,31
602,31
603,31
604,31
605,31
606,31
607,31
616,31
617,31
618,31
619,31
623,31
624,31
625,31
626,31
667,31
668,31
669,31
693,31
694,31
701,31
702,31
703,31
704,31
716,31
717,31
718,31
719,31
720,31
721,31
724,31
725,31
726,31
727,31
731,31
732,31
733,31
734,31
735,31
742,31
835,31
836,31
837,31
838,31
839,31
840,31
841,31
842,31
843,31
863,31
864,31
865,31
866,31
867,31
868,31
869,31
870,31
871,31
872,31
873,31
874,31
875,31
879,31
880,31
881,31
882,31
883,31
884,31
885,31
886,31
887,31
898,31
920,31
941,31
942,31
943,31
944,31
945,31
946,31
947,31
970,31
971,31
972,31
973,31
974,31
975,31
1018,31
1019,31
1020,31
1021,31
1022,31
1023,31
0,32
1,32
2,32
3,32
4,32
5,32
6,32
7,32
26,32
27,32
28,32
29,32
30,32
31,32
32,32
50,32
51,32
52,32
63,32
64,32
65,32
66,32
67,32
80,32
81,32
82,32
83,32
84,32
85,32
86,32
87,32
88,32
121,32
122,32
123,32
124,32
203,32
426,32
427,32
428,32
435,32
436,32
437,32
438,32
439,32
440,32
520,32
521,32
601,32
602,32
603,32
604,32
605,32
616,32
617,32
618,32
619,32
623,32
624,32
625,32
664,32
665,32
666,32
667,32
672,32
673,32
681,32
701,32
702,32
703,32
704,32
705,32
712,32
713,32
714,32
715,32
716,32
717,32
718,32
719,32
720,32
723,32
724,32
725,32
726,32
727,32
728,32
731,32
732,32
733,32
734,32
735,32
778,32
779,32
780,32
781,32
836,32
837,32
838,32
839,32
840,32
841,32
842,32
850,32
851,32
852,32
853,32
857,32
862,32
863,32
864,32
865,32
866,32
867,32
868,32
869,32
870,32
871,32
872,32
873,32
874,32
878,32
879,32
880,32
881,32
882,32
883,32
884,32
885,32
886,32
920,32
921,32
929,32
941,32
942,32
943,32
944,32
945,32
946,32
947,32
969,32
970,32
971,32
972,32
973,32
974,32
1018,32
1019,32
1020,32
1021,32
1022,32
1023,32
0,33
1,33
2,33
3,33
4,33
5,33
6,33
7,33
26,33
27,33
28,33
29,33
30,33
31,33
32,33
50,33
51,33
52,33
53,33
54,33
55,33
56,33
57,33
63,33
64,33
65,33
66,33
67,33
79,33
80,33
81,33
82,33
83,33
84,33
85,33
86,33
121,33
122,33
123,33
124,33
146,33
202,33
203,33
204,33
205,33
206,33
207,33
208,33
209,33
210,33
232,33
233,33
234,33
235,33
236,33
237,33
238,33
239,33
240,33
260,33
261,33
262,33
263,33
264,33
265,33
266,33
446,33
447,33
448,33
449,33
450,33
520,33
521,33
601,33
602,33
603,33
604,33
610,33
611,33
615,33
616,33
617,33
618,33
619,33
622,33
623,33
624,33
625,33
652,33
653,33
654,33
655,33
661,33
662,33
663,33
664,33
665,33
666,33
671,33
672,33
673,33
678,33
679,33
680,33
681,33
688,33
689,33
690,33
691,33
701,33
702,33
703,33
704,33
705,33
706,33
710,33
711,33
712,33
713,33
714,33
715,33
716,33
717,33
718,33
722,33
723,33
724,33
725,33
726,33
727,33
728,33
731,33
732,33
733,33
734,33
735,33
736,33
838,33
839,33
840,33
841,33
849,33
850,33
851,33
852,33
853,33
854,33
855,33
856,33
857,33
858,33
859,33
860,33
861,33
862,33
863,33
864,33
865,33
866,33
867,33
868,33
869,33
870,33
871,33
877,33
878,33
879,33
880,33
881,33
882,33
883,33
884,33
885,33
928,33
929,33
941,33
942,33
943,33
944,33
945,33
946,33
969,33
970,33
971,33
972,33
973,33
974,33
1017,33
1018,33
1019,33
1020,33
1021,33
1022,33
1023,33
0,34
1,34
2,34
3,34
4,34
5,34
6,34
7,34
26,34
27,34
28,34
29,34
30,34
31,34
50,34
51,34
52,34
53,34
54,34
55,34
56,34
64,34
65,34
66,34
79,34
80,34
81,34
82,34
83,34
84,34
122,34
123,34
145,34
146,34
147,34
148,34
183,34
184,34
185,34
202,34
203,34
204,34
205,34
206,34
208,34
209,34
210,34
229,34
230,34
231,34
232,34
233,34
234,34
235,34
236,34
237,34
238,34
239,34
240,34
241,34
257,34
258,34
259,34
260,34
283,34
284,34
449,34
450,34
451,34
452,34
453,34
454,34
520,34
599,34
600,34
601,34
602,34
610,34
611,34
615,34
616,34
617,34
618,34
622,34
623,34
624,34
652,34
653,34
654,34
655,34
660,34
661,34
662,34
663,34
664,34
665,34
679,34
680,34
689,34
690,34
691,34
710,34
711,34
712,34
713,34
714,34
715,34
716,34
717,34
719,34
720,34
721,34
722,34
723,34
724,34
725,34
726,34
727,34
730,34
731,34
732,34
733,34
734,34
735,34
743,34
744,34
745,34
746,34
747,34
799,34
800,34
801,34
802,34
803,34
844,34
845,34
846,34
847,34
848,34
849,34
850,34
851,34
852,34
853,34
854,34
855,34
856,34
857,34
858,34
859,34
860,34
861,34
862,34
863,34
864,34
865,34
866,34
867,34
868,34
869,34
874,34
875,34
876,34
877,34
878,34
879,34
880,34
881,34
882,34
883,34
884,34
885,34
900,34
929,34
941,34
942,34
943,34
944,34
945,34
946,34
961,34
962,34
963,34
968,34
969,34
970,34
971,34
972,34
973,34
1017,34
1018,34
1019,34
1020,34
1021,34
1022,34
1023,34
0,35
1,35
2,35
3,35
4,35
5,35
6,35
7,35
8,35
26,35
27,35
28,35
29,35
30,35
50,35
51,35
52,35
53,35
79,35
80,35
81,35
82,35
83,35
84,35
121,35
122,35
123,35
146,35
147,35
148,35
179,35
180,35
181,35
182,35
183,35
184,35
185,35
186,35
187,35
188,35
230,35
231,35
232,35
233,35
237,35
238,35
239,35
240,35
331,35
451,35
452,35
453,35
454,35
455,35
599,35
608,35
609,35
614,35
615,35
616,35
621,35
622,35
623,35
624,35
659,35
660,35
661,35
662,35
663,35
664,35
665,35
701,35
702,35
703,35
707,35
708,35
709,35
710,35
711,35
712,35
713,35
714,35
715,35
718,35
719,35
720,35
721,35
722,35
723,35
724,35
725,35
726,35
729,35
730,35
731,35
732,35
733,35
734,35
743,35
744,35
745,35
746,35
798,35
799,35
800,35
801,35
802,35
803,35
804,35
805,35
841,35
842,35
843,35
844,35
845,35
846,35
847,35
848,35
849,35
850,35
851,35
852,35
853,35
854,35
855,35
856,35
857,35
858,35
859,35
860,35
861,35
862,35
863,35
864,35
865,35
866,35
867,35
872,35
873,35
874,35
875,35
876,35
877,35
878,35
879,35
880,35
881,35
882,35
883,35
884,35
885,35
899,35
900,35
901,35
937,35
941,35
942,35
943,35
944,35
945,35
949,35
950,35
951,35
960,35
961,35
962,35
963,35
968,35
969,35
970,35
971,35
972,35
973,35
1017,35
1018,35
1019,35
1020,35
1021,35
1022,35
1023,35
0,36
1,36
2,36
3,36
4,36
5,36
6,36
7,36
26,36
27,36
28,36
29,36
30,36
43,36
44,36
78,36
79,36
80,36
81,36
82,36
83,36
121,36
122,36
123,36
124,36
146,36
147,36
148,36
174,36
175,36
176,36
177,36
178,36
179,36
180,36
181,36
182,36
183,36
184,36
185,36
189,36
190,36
191,36
206,36
207,36
208,36
244,36
245,36
246,36
247,36
248,36
249,36
250,36
251,36
282,36
327,36
328,36
329,36
330,36
331,36
332,36
453,36
454,36
455,36
606,36
607,36
608,36
613,36
614,36
615,36
620,36
621,36
622,36
623,36
660,36
661,36
662,36
663,36
664,36
665,36
700,36
701,36
702,36
703,36
704,36
707,36
708,36
709,36
710,36
711,36
712,36
713,36
714,36
717,36
718,36
719,36
720,36
721,36
722,36
723,36
724,36
725,36
728,36
729,36
730,36
731,36
732,36
733,36
766,36
767,36
768,36
769,36
770,36
771,36
772,36
773,36
774,36
775,36
776,36
777,36
778,36
779,36
780,36
781,36
782,36
783,36
799,36
800,36
801,36
802,36
803,36
804,36
805,36
834,36
835,36
836,36
837,36
838,36
839,36
840,36
841,36
842,36
843,36
844,36
845,36
846,36
847,36
848,36
849,36
850,36
851,36
852,36
853,36
854,36
855,36
856,36
857,36
858,36
859,36
860,36
862,36
869,36
870,36
871,36
872,36
873,36
874,36
875,36
876,36
877,36
878,36
879,36
880,36
881,36
882,36
883,36
884,36
936,36
937,36
941,36
942,36
943,36
944,36
945,36
949,36
950,36
951,36
952,36
960,36
961,36
962,36
969,36
970,36
971,36
972,36
973,36
983,36
1018,36
1019,36
1020,36
1021,36
1022,36
1023,36
0,37
1,37
2,37
3,37
4,37
5,37
6,37
7,37
27,37
28,37
29,37
30,37
60,37
68,37
69,37
70,37
71,37
72,37
73,37
74,37
75,37
76,37
77,37
78,37
79,37
80,37
81,37
82,37
83,37
120,37
121,37
122,37
123,37
124,37
146,37
147,37
148,37
173,37
174,37
175,37
176,37
177,37
178,37
179,37
180,37
181,37
182,37
183,37
204,37
205,37
206,37
207,37
208,37
209,37
210,37
211,37
212,37
240,37
241,37
242,37
243,37
244,37
245,37
246,37
247,37
248,37
261,37
262,37
263,37
264,37
265,37
266,37
267,37
268,37
269,37
270,37
271,37
272,37
273,37
274,37
275,37
276,37
277,37
278,37
279,37
283,37
284,37
285,37
325,37
326,37
327,37
328,37
329,37
330,37
605,37
606,37
607,37
612,37
613,37
614,37
615,37
619,37
620,37
621,37
622,37
623,37
660,37
661,37
662,37
663,37
664,37
665,37
700,37
701,37
702,37
703,37
704,37
708,37
709,37
710,37
711,37
712,37
713,37
716,37
717,37
718,37
719,37
720,37
721,37
722,37
723,37
724,37
727,37
728,37
729,37
730,37
731,37
732,37
733,37
767,37
768,37
769,37
770,37
771,37
772,37
773,37
776,37
777,37
778,37
779,37
780,37
788,37
789,37
798,37
799,37
800,37
801,37
802,37
803,37
804,37
809,37
810,37
811,37
812,37
818,37
819,37
829,37
830,37
844,37
845,37
846,37
847,37
848,37
849,37
850,37
851,37
852,37
862,37
863,37
864,37
865,37
866,37
867,37
868,37
869,37
870,37
871,37
872,37
873,37
874,37
875,37
876,37
877,37
878,37
879,37
880,37
940,37
941,37
942,37
943,37
944,37
945,37
949,37
950,37
951,37
961,37
968,37
969,37
970,37
971,37
972,37
973,37
983,37
984,37
1018,37
1019,37
1020,37
1021,37
1022,37
1023,37
0,38
1,38
2,38
3,38
4,38
5,38
6,38
7,38
26,38
27,38
28,38
29,38
30,38
31,38
69,38
70,38
71,38
72,38
73,38
74,38
75,38
76,38
77,38
78,38
79,38
80,38
81,38
82,38
83,38
101,38
102,38
103,38
104,38
114,38
115,38
116,38
120,38
121,38
122,38
123,38
124,38
145,38
146,38
147,38
148,38
169,38
170,38
171,38
172,38
173,38
174,38
175,38
176,38
177,38
178,38
179,38
180,38
181,38
182,38
202,38
203,38
204,38
205,38
206,38
207,38
208,38
209,38
210,38
211,38
238,38
239,38
240,38
241,38
242,38
243,38
260,38
261,38
262,38
263,38
264,38
265,38
266,38
267,38
268,38
269,38
270,38
271,38
272,38
273,38
274,38
275,38
276,38
277,38
278,38
279,38
280,38
285,38
286,38
287,38
288,38
289,38
290,38
291,38
292,38
293,38
294,38
295,38
296,38
297,38
298,38
299,38
300,38
301,38
302,38
303,38
304,38
305,38
306,38
317,38
324,38
325,38
604,38
605,38
606,38
610,38
611,38
612,38
613,38
614,38
620,38
621,38
622,38
623,38
661,38
662,38
663,38
664,38
665,38
672,38
681,38
682,38
683,38
684,38
685,38
686,38
687,38
699,38
700,38
701,38
702,38
703,38
704,38
708,38
709,38
710,38
711,38
714,38
715,38
716,38
717,38
718,38
719,38
720,38
721,38
722,38
725,38
726,38
727,38
728,38
729,38
730,38
731,38
732,38
733,38
768,38
769,38
770,38
771,38
784,38
785,38
786,38
787,38
788,38
789,38
797,38
798,38
799,38
800,38
801,38
802,38
803,38
809,38
810,38
811,38
812,38
813,38
819,38
826,38
827,38
828,38
829,38
830,38
831,38
832,38
855,38
856,38
857,38
858,38
859,38
860,38
861,38
862,38
863,38
864,38
865,38
866,38
867,38
868,38
869,38
870,38
871,38
872,38
873,38
874,38
875,38
876,38
918,38
939,38
940,38
941,38
942,38
943,38
944,38
945,38
950,38
951,38
957,38
958,38
959,38
968,38
969,38
970,38
971,38
972,38
973,38
1018,38
1019,38
1020,38
1021,38
1022,38
1023,38
0,39
1,39
2,39
3,39
4,39
5,39
6,39
7,39
26,39
27,39
28,39
29,39
30,39
31,39
70,39
71,39
72,39
73,39
74,39
75,39
76,39
77,39
78,39
79,39
80,39
81,39
82,39
83,39
100,39
101,39
102,39
103,39
104,39
105,39
106,39
107,39
108,39
112,39
113,39
114,39
115,39
116,39
121,39
122,39
123,39
145,39
146,39
147,39
148,39
161,39
172,39
173,39
174,39
175,39
176,39
177,39
178,39
179,39
202,39
203,39
216,39
217,39
218,39
219,39
220,39
237,39
238,39
266,39
267,39
268,39
269,39
270,39
271,39
272,39
287,39
288,39
289,39
290,39
291,39
292,39
293,39
294,39
295,39
296,39
297,39
299,39
300,39
301,39
302,39
303,39
304,39
305,39
339,39
340,39
602,39
603,39
604,39
605,39
609,39
610,39
611,39
612,39
622,39
623,39
661,39
662,39
663,39
664,39
680,39
681,39
682,39
683,39
684,39
685,39
686,39
698,39
699,39
700,39
701,39
702,39
703,39
706,39
707,39
708,39
709,39
710,39
713,39
714,39
715,39
716,39
717,39
718,39
719,39
720,39
723,39
724,39
725,39
726,39
727,39
728,39
729,39
730,39
731,39
732,39
740,39
767,39
768,39
769,39
770,39
771,39
783,39
784,39
785,39
786,39
787,39
788,39
789,39
795,39
796,39
797,39
798,39
799,39
800,39
801,39
802,39
803,39
809,39
810,39
811,39
812,39
813,39
814,39
825,39
826,39
827,39
828,39
829,39
830,39
831,39
839,39
840,39
841,39
842,39
843,39
844,39
845,39
846,39
847,39
848,39
849,39
850,39
851,39
852,39
853,39
854,39
855,39
856,39
857,39
858,39
859,39
860,39
861,39
862,39
863,39
864,39
865,39
866,39
867,39
868,39
869,39
870,39
871,39
872,39
873,39
918,39
939,39
940,39
941,39
942,39
943,39
944,39
945,39
950,39
951,39
957,39
958,39
959,39
960,39
967,39
968,39
969,39
970,39
971,39
972,39
980,39
981,39
982,39
983,39
1018,39
1019,39
1020,39
1021,39
1022,39
1023,39
0,40
1,40
2,40
3,40
4,40
5,40
6,40
7,40
27,40
28,40
29,40
30,40
31,40
72,40
73,40
74,40
75,40
76,40
77,40
78,40
79,40
80,40
81,40
100,40
101,40
102,40
103,40
104,40
105,40
106,40
107,40
108,40
111,40
112,40
113,40
114,40
120,40
121,40
122,40
144,40
145,40
146,40
147,40
172,40
173,40
212,40
213,40
214,40
215,40
216,40
217,40
218,40
219,40
234,40
235,40
236,40
237,40
276,40
277,40
278,40
279,40
280,40
303,40
304,40
308,40
319,40
320,40
321,40
601,40
602,40
603,40
604,40
607,40
608,40
609,40
610,40
622,40
623,40
653,40
654,40
661,40
662,40
663,40
668,40
669,40
670,40
676,40
677,40
678,40
679,40
680,40
681,40
697,40
698,40
699,40
700,40
701,40
702,40
705,40
706,40
707,40
708,40
709,40
712,40
713,40
714,40
715,40
716,40
722,40
723,40
724,40
725,40
726,40
727,40
740,40
741,40
765,40
766,40
767,40
768,40
769,40
770,40
771,40
772,40
773,40
782,40
783,40
784,40
785,40
786,40
787,40
788,40
794,40
795,40
796,40
797,40
798,40
799,40
800,40
801,40
802,40
809,40
810,40
811,40
812,40
813,40
814,40
815,40
816,40
817,40
825,40
826,40
827,40
828,40
829,40
849,40
850,40
851,40
852,40
853,40
854,40
855,40
856,40
857,40
858,40
859,40
860,40
861,40
862,40
863,40
864,40
865,40
866,40
867,40
868,40
869,40
870,40
871,40
872,40
938,40
939,40
940,40
941,40
942,40
943,40
944,40
959,40
966,40
967,40
968,40
969,40
970,40
971,40
972,40
980,40
981,40
982,40
983,40
990,40
991,40
992,40
993,40
1018,40
1019,40
1020,40
1021,40
1022,40
1023,40
0,41
1,41
2,41
3,41
4,41
5,41
6,41
7,41
8,41
28,41
29,41
30,41
31,41
32,41
77,41
78,41
79,41
98,41
99,41
100,41
101,41
102,41
103,41
104,41
105,41
106,41
112,41
113,41
119,41
120,41
121,41
122,41
143,41
144,41
145,41
146,41
147,41
207,41
208,41
209,41
210,41
211,41
212,41
213,41
214,41
215,41
216,41
217,41
218,41
232,41
233,41
234,41
260,41
261,41
262,41
272,41
273,41
274,41
277,41
278,41
279,41
317,41
318,41
319,41
320,41
321,41
348,41
349,41
601,41
602,41
606,41
607,41
608,41
609,41
621,41
622,41
623,41
651,41
652,41
653,41
654,41
660,41
661,41
667,41
668,41
669,41
670,41
671,41
675,41
676,41
677,41
678,41
679,41
696,41
697,41
698,41
699,41
700,41
701,41
704,41
705,41
706,41
707,41
708,41
709,41
712,41
713,41
714,41
715,41
721,41
722,41
723,41
724,41
725,41
726,41
741,41
742,41
764,41
765,41
766,41
767,41
768,41
769,41
770,41
781,41
782,41
783,41
784,41
785,41
786,41
787,41
794,41
795,41
796,41
797,41
798,41
799,41
800,41
808,41
809,41
810,41
811,41
812,41
813,41
814,41
815,41
816,41
817,41
823,41
824,41
825,41
826,41
827,41
828,41
829,41
830,41
833,41
834,41
835,41
836,41
837,41
937,41
938,41
939,41
940,41
941,41
942,41
943,41
944,41
958,41
959,41
964,41
965,41
966,41
967,41
968,41
969,41
970,41
971,41
979,41
980,41
981,41
982,41
989,41
990,41
991,41
992,41
993,41
1018,41
1019,41
1020,41
1021,41
1022,41
1023,41
0,42
1,42
2,42
3,42
4,42
5,42
6,42
7,42
8,42
9,42
10,42
11,42
12,42
13,42
14,42
15,42
31,42
96,42
97,42
98,42
99,42
100,42
101,42
102,42
103,42
104,42
116,42
117,42
118,42
119,42
120,42
121,42
122,42
142,42
143,42
144,42
145,42
146,42
147,42
160,42
161,42
209,42
210,42
211,42
212,42
213,42
214,42
215,42
216,42
217,42
218,42
219,42
220,42
315,42
348,42
349,42
350,42
352,42
353,42
354,42
355,42
356,42
357,42
442,42
598,42
604,42
605,42
606,42
607,42
608,42
620,42
621,42
622,42
623,42
624,42
651,42
652,42
653,42
654,42
658,42
659,42
660,42
667,42
668,42
669,42
670,42
671,42
674,42
675,42
676,42
677,42
678,42
679,42
696,42
697,42
698,42
699,42
700,42
703,42
704,42
705,42
706,42
707,42
708,42
711,42
712,42
713,42
714,42
715,42
724,42
725,42
726,42
780,42
781,42
782,42
783,42
784,42
785,42
786,42
787,42
793,42
794,42
795,42
796,42
797,42
798,42
799,42
807,42
808,42
809,42
810,42
811,42
812,42
813,42
814,42
815,42
816,42
817,42
822,42
823,42
824,42
825,42
826,42
827,42
828,42
829,42
830,42
833,42
834,42
835,42
836,42
837,42
892,42
893,42
937,42
938,42
939,42
940,42
941,42
942,42
943,42
944,42
957,42
958,42
959,42
960,42
964,42
965,42
966,42
967,42
968,42
969,42
970,42
979,42
980,42
981,42
987,42
988,42
989,42
990,42
991,42
992,42
1018,42
1019,42
1020,42
1021,42
1022,42
1023,42
0,43
1,43
2,43
3,43
4,43
5,43
6,43
7,43
8,43
9,43
10,43
13,43
14,43
15,43
16,43
30,43
31,43
32,43
95,43
96,43
97,43
98,43
99,43
100,43
101,43
102,43
103,43
115,43
116,43
117,43
118,43
119,43
120,43
121,43
141,43
142,43
143,43
144,43
145,43
146,43
159,43
201,43
202,43
203,43
204,43
205,43
206,43
216,43
217,43
218,43
219,43
220,43
221,43
222,43
273,43
274,43
311,43
312,43
313,43
314,43
315,43
357,43
358,43
359,43
442,43
443,43
444,43
602,43
603,43
604,43
605,43
606,43
620,43
621,43
622,43
623,43
624,43
651,43
652,43
653,43
658,43
659,43
660,43
669,43
670,43
675,43
676,43
677,43
678,43
679,43
680,43
696,43
697,43
698,43
699,43
703,43
704,43
705,43
706,43
707,43
708,43
710,43
711,43
712,43
713,43
714,43
715,43
724,43
725,43
726,43
727,43
778,43
779,43
780,43
781,43
782,43
783,43
784,43
785,43
794,43
795,43
796,43
797,43
798,43
806,43
807,43
808,43
809,43
810,43
811,43
812,43
813,43
814,43
815,43
816,43
821,43
822,43
823,43
824,43
825,43
826,43
827,43
828,43
829,43
833,43
834,43
835,43
836,43
837,43
937,43
938,43
939,43
940,43
941,43
942,43
943,43
944,43
956,43
957,43
958,43
959,43
960,43
965,43
966,43
967,43
968,43
969,43
974,43
975,43
976,43
979,43
980,43
981,43
987,43
988,43
989,43
990,43
1017,43
1018,43
1019,43
1020,43
1021,43
1022,43
1023,43
0,44
1,44
2,44
3,44
4,44
5,44
6,44
7,44
8,44
14,44
15,44
31,44
32,44
33,44
96,44
97,44
98,44
99,44
114,44
115,44
116,44
117,44
118,44
119,44
120,44
141,44
142,44
143,44
144,44
145,44
146,44
212,44
213,44
214,44
233,44
234,44
235,44
236,44
256,44
257,44
258,44
259,44
260,44
261,44
262,44
263,44
264,44
291,44
292,44
293,44
294,44
296,44
297,44
298,44
299,44
300,44
301,44
302,44
303,44
304,44
305,44
306,44
307,44
308,44
309,44
310,44
311,44
312,44
313,44
314,44
315,44
442,44
443,44
594,44
600,44
601,44
602,44
603,44
604,44
611,44
612,44
613,44
614,44
615,44
621,44
622,44
623,44
629,44
630,44
650,44
651,44
652,44
658,44
669,44
670,44
675,44
676,44
677,44
678,44
703,44
704,44
705,44
706,44
707,44
709,44
710,44
711,44
712,44
713,44
714,44
715,44
725,44
726,44
727,44
728,44
777,44
778,44
779,44
780,44
781,44
782,44
783,44
784,44
785,44
795,44
796,44
806,44
807,44
808,44
809,44
810,44
811,44
812,44
813,44
814,44
815,44
816,44
821,44
822,44
823,44
824,44
825,44
826,44
827,44
828,44
829,44
834,44
835,44
836,44
837,44
838,44
936,44
937,44
938,44
939,44
940,44
941,44
942,44
943,44
966,44
967,44
968,44
972,44
973,44
974,44
975,44
976,44
977,44
978,44
986,44
987,44
988,44
989,44
990,44
1017,44
1018,44
1019,44
1020,44
1021,44
1022,44
1023,44
0,45
1,45
2,45
3,45
4,45
5,45
6,45
7,45
8,45
9,45
14,45
15,45
112,45
113,45
114,45
115,45
116,45
117,45
118,45
119,45
141,45
142,45
143,45
144,45
145,45
200,45
201,45
202,45
203,45
204,45
205,45
206,45
207,45
208,45
209,45
210,45
211,45
212,45
213,45
214,45
215,45
216,45
217,45
223,45
224,45
225,45
226,45
233,45
234,45
235,45
254,45
255,45
256,45
257,45
258,45
259,45
260,45
261,45
262,45
263,45
272,45
281,45
282,45
283,45
284,45
285,45
286,45
287,45
288,45
289,45
290,45
291,45
292,45
293,45
294,45
295,45
296,45
297,45
298,45
299,45
300,45
301,45
302,45
303,45
304,45
305,45
306,45
307,45
308,45
442,45
443,45
463,45
464,45
465,45
598,45
599,45
600,45
601,45
602,45
609,45
610,45
611,45
612,45
613,45
614,45
615,45
630,45
631,45
632,45
650,45
651,45
670,45
676,45
698,45
699,45
700,45
706,45
709,45
710,45
711,45
712,45
713,45
714,45
727,45
728,45
729,45
730,45
805,45
806,45
807,45
808,45
809,45
810,45
811,45
812,45
813,45
814,45
815,45
816,45
817,45
821,45
822,45
823,45
824,45
825,45
826,45
827,45
828,45
829,45
834,45
835,45
836,45
837,45
838,45
935,45
936,45
937,45
938,45
939,45
940,45
941,45
942,45
943,45
967,45
968,45
971,45
972,45
973,45
974,45
975,45
976,45
977,45
986,45
987,45
988,45
989,45
990,45
1018,45
1019,45
1020,45
1021,45
1022,45
1023,45
0,46
1,46
2,46
3,46
4,46
5,46
6,46
7,46
8,46
9,46
93,46
94,46
112,46
113,46
115,46
116,46
117,46
118,46
139,46
140,46
141,46
142,46
143,46
144,46
197,46
198,46
199,46
200,46
201,46
202,46
203,46
204,46
205,46
206,46
207,46
208,46
209,46
210,46
211,46
212,46
213,46
214,46
215,46
216,46
217,46
218,46
219,46
220,46
221,46
222,46
223,46
224,46
225,46
253,46
254,46
255,46
256,46
257,46
258,46
259,46
260,46
261,46
274,46
275,46
276,46
277,46
278,46
279,46
280,46
281,46
282,46
283,46
284,46
285,46
286,46
287,46
289,46
290,46
291,46
292,46
293,46
294,46
295,46
296,46
297,46
298,46
299,46
300,46
301,46
302,46
303,46
442,46
443,46
444,46
461,46
462,46
463,46
464,46
597,46
598,46
599,46
600,46
607,46
608,46
609,46
610,46
611,46
612,46
613,46
631,46
632,46
633,46
634,46
635,46
648,46
649,46
656,46
657,46
678,46
679,46
680,46
683,46
684,46
685,46
697,46
698,46
699,46
700,46
701,46
709,46
710,46
711,46
712,46
713,46
714,46
730,46
731,46
806,46
807,46
808,46
809,46
810,46
811,46
812,46
813,46
814,46
815,46
816,46
817,46
820,46
821,46
822,46
823,46
824,46
825,46
826,46
827,46
828,46
829,46
834,46
835,46
836,46
837,46
838,46
860,46
861,46
862,46
863,46
864,46
865,46
877,46
878,46
930,46
931,46
932,46
933,46
934,46
935,46
936,46
937,46
938,46
939,46
940,46
941,46
942,46
943,46
971,46
972,46
973,46
974,46
975,46
976,46
977,46
978,46
986,46
987,46
988,46
989,46
1018,46
1019,46
1020,46
1021,46
1022,46
1023,46
0,47
1,47
2,47
3,47
4,47
5,47
6,47
7,47
8,47
9,47
93,47
94,47
95,47
96,47
114,47
115,47
116,47
139,47
140,47
141,47
142,47
168,47
196,47
197,47
198,47
199,47
200,47
204,47
205,47
221,47
222,47
223,47
224,47
241,47
252,47
253,47
254,47
255,47
256,47
257,47
276,47
277,47
442,47
443,47
444,47
460,47
461,47
462,47
594,47
595,47
596,47
597,47
606,47
607,47
608,47
609,47
610,47
611,47
622,47
623,47
624,47
625,47
626,47
627,47
631,47
632,47
633,47
634,47
635,47
636,47
653,47
654,47
655,47
656,47
657,47
678,47
679,47
682,47
683,47
684,47
685,47
686,47
687,47
688,47
689,47
697,47
698,47
699,47
700,47
701,47
702,47
703,47
706,47
710,47
711,47
712,47
713,47
714,47
732,47
755,47
756,47
757,47
758,47
759,47
760,47
761,47
762,47
763,47
764,47
765,47
766,47
767,47
810,47
811,47
812,47
813,47
814,47
815,47
816,47
817,47
819,47
820,47
821,47
822,47
823,47
824,47
825,47
826,47
827,47
834,47
835,47
836,47
837,47
838,47
861,47
862,47
863,47
864,47
865,47
866,47
867,47
868,47
869,47
870,47
871,47
872,47
873,47
874,47
875,47
876,47
877,47
923,47
924,47
929,47
930,47
931,47
932,47
933,47
934,47
935,47
936,47
937,47
938,47
939,47
940,47
941,47
942,47
971,47
972,47
973,47
974,47
975,47
976,47
985,47
986,47
987,47
988,47
1017,47
1018,47
1019,47
1020,47
1021,47
1022,47
1023,47
0,48
1,48
2,48
3,48
4,48
5,48
6,48
7,48
8,48
9,48
25,48
28,48
92,48
93,48
94,48
95,48
96,48
110,48
111,48
112,48
113,48
114,48
115,48
138,48
139,48
140,48
141,48
142,48
151,48
152,48
168,48
169,48
196,48
197,48
198,48
199,48
210,48
211,48
212,48
213,48
214,48
215,48
216,48
217,48
247,48
248,48
249,48
250,48
251,48
252,48
253,48
254,48
255,48
256,48
361,48
362,48
506,48
507,48
593,48
594,48
605,48
606,48
607,48
608,48
609,48
613,48
620,48
621,48
622,48
623,48
624,48
625,48
626,48
631,48
632,48
633,48
634,48
635,48
638,48
676,48
677,48
678,48
679,48
682,48
683,48
684,48
685,48
686,48
687,48
688,48
689,48
698,48
699,48
700,48
701,48
702,48
703,48
706,48
707,48
752,48
753,48
754,48
755,48
756,48
757,48
758,48
759,48
760,48
761,48
762,48
763,48
764,48
765,48
766,48
767,48
768,48
769,48
770,48
771,48
772,48
773,48
774,48
775,48
780,48
810,48
811,48
812,48
813,48
814,48
815,48
816,48
819,48
820,48
821,48
822,48
823,48
824,48
825,48
826,48
831,48
832,48
833,48
834,48
835,48
836,48
837,48
838,48
866,48
867,48
868,48
869,48
870,48
871,48
872,48
873,48
874,48
875,48
876,48
890,48
891,48
922,48
928,48
929,48
930,48
931,48
932,48
933,48
934,48
935,48
936,48
937,48
938,48
939,48
940,48
973,48
974,48
975,48
984,48
985,48
986,48
1017,48
1018,48
1019,48
1020,48
1021,48
1022,48
1023,48
0,49
1,49
2,49
3,49
4,49
5,49
6,49
7,49
8,49
9,49
10,49
11,49
12,49
13,49
14,49
15,49
16,49
25,49
26,49
27,49
28,49
92,49
93,49
94,49
95,49
107,49
108,49
109,49
110,49
111,49
112,49
113,49
114,49
115,49
138,49
139,49
140,49
141,49
142,49
151,49
152,49
153,49
168,49
208,49
209,49
210,49
211,49
212,49
213,49
214,49
215,49
216,49
217,49
218,49
219,49
220,49
226,49
227,49
228,49
229,49
230,49
231,49
232,49
233,49
234,49
235,49
236,49
237,49
245,49
246,49
247,49
248,49
249,49
250,49
251,49
252,49
253,49
458,49
487,49
505,49
506,49
507,49
508,49
589,49
590,49
591,49
603,49
604,49
605,49
606,49
607,49
621,49
622,49
623,49
624,49
630,49
631,49
632,49
633,49
634,49
635,49
675,49
676,49
677,49
678,49
679,49
682,49
683,49
684,49
685,49
686,49
687,49
688,49
689,49
700,49
701,49
702,49
703,49
742,49
751,49
752,49
753,49
754,49
755,49
756,49
757,49
758,49
759,49
808,49
809,49
810,49
811,49
812,49
813,49
814,49
815,49
818,49
819,49
820,49
821,49
822,49
823,49
824,49
825,49
828,49
829,49
830,49
831,49
832,49
833,49
834,49
835,49
836,49
837,49
838,49
839,49
918,49
919,49
920,49
921,49
922,49
923,49
927,49
928,49
929,49
930,49
931,49
932,49
933,49
934,49
935,49
936,49
958,49
959,49
984,49
985,49
1017,49
1018,49
1019,49
1020,49
1021,49
1022,49
1023,49
0,50
1,50
2,50
3,50
4,50
5,50
6,50
7,50
8,50
9,50
10,50
11,50
26,50
27,50
28,50
29,50
92,50
93,50
94,50
108,50
109,50
110,50
111,50
112,50
113,50
114,50
129,50
130,50
137,50
138,50
139,50
140,50
141,50
150,50
151,50
152,50
153,50
154,50
167,50
168,50
169,50
190,50
191,50
192,50
193,50
194,50
208,50
209,50
210,50
211,50
212,50
213,50
214,50
215,50
216,50
217,50
218,50
219,50
220,50
221,50
222,50
229,50
230,50
231,50
233,50
234,50
235,50
245,50
246,50
247,50
248,50
249,50
250,50
444,50
456,50
457,50
458,50
487,50
505,50
506,50
507,50
586,50
587,50
588,50
589,50
600,50
601,50
602,50
603,50
604,50
605,50
606,50
621,50
622,50
623,50
629,50
630,50
631,50
632,50
633,50
634,50
635,50
675,50
676,50
677,50
678,50
679,50
682,50
683,50
684,50
685,50
686,50
687,50
688,50
753,50
754,50
755,50
756,50
757,50
772,50
773,50
776,50
808,50
809,50
810,50
811,50
812,50
813,50
814,50
818,50
819,50
820,50
821,50
822,50
823,50
824,50
825,50
827,50
828,50
829,50
830,50
831,50
832,50
833,50
834,50
835,50
836,50
837,50
918,50
919,50
920,50
921,50
922,50
927,50
928,50
929,50
930,50
931,50
932,50
933,50
934,50
947,50
948,50
949,50
950,50
951,50
979,50
980,50
981,50
982,50
983,50
984,50
985,50
995,50
996,50
997,50
1018,50
1019,50
1020,50
1021,50
1022,50
1023,50
0,51
1,51
2,51
3,51
4,51
5,51
6,51
7,51
8,51
9,51
10,51
108,51
109,51
110,51
111,51
112,51
128,51
129,51
138,51
139,51
140,51
147,51
148,51
149,51
150,51
151,51
152,51
153,51
166,51
167,51
168,51
169,51
188,51
189,51
190,51
191,51
192,51
193,51
194,51
195,51
196,51
209,51
210,51
211,51
212,51
213,51
214,51
215,51
216,51
217,51
218,51
219,51
220,51
243,51
244,51
245,51
254,51
255,51
444,51
455,51
456,51
457,51
503,51
504,51
505,51
506,51
597,51
598,51
599,51
600,51
601,51
602,51
622,51
627,51
628,51
629,51
630,51
631,51
632,51
633,51
647,51
648,51
649,51
650,51
674,51
675,51
676,51
677,51
678,51
679,51
682,51
683,51
684,51
685,51
686,51
687,51
711,51
712,51
716,51
717,51
718,51
719,51
767,51
768,51
769,51
770,51
771,51
772,51
773,51
774,51
775,51
776,51
777,51
778,51
807,51
808,51
809,51
810,51
811,51
812,51
813,51
814,51
818,51
819,51
820,51
821,51
822,51
827,51
828,51
829,51
830,51
831,51
917,51
918,51
919,51
920,51
921,51
922,51
926,51
927,51
928,51
929,51
930,51
931,51
932,51
942,51
943,51
944,51
945,51
946,51
947,51
948,51
949,51
950,51
951,51
952,51
978,51
979,51
980,51
981,51
982,51
983,51
984,51
993,51
994,51
995,51
996,51
997,51
1018,51
1019,51
1020,51
1021,51
1022,51
1023,51
0,52
1,52
2,52
3,52
4,52
5,52
6,52
7,52
8,52
9,52
108,52
109,52
110,52
128,52
146,52
147,52
148,52
149,52
150,52
151,52
152,52
165,52
166,52
167,52
168,52
169,52
187,52
188,52
189,52
190,52
191,52
192,52
193,52
194,52
195,52
196,52
197,52
236,52
240,52
241,52
242,52
243,52
244,52
249,52
250,52
251,52
252,52
253,52
254,52
255,52
256,52
257,52
258,52
259,52
443,52
444,52
445,52
446,52
454,52
455,52
456,52
503,52
504,52
505,52
600,52
601,52
626,52
627,52
628,52
629,52
630,52
631,52
632,52
648,52
649,52
674,52
675,52
676,52
677,52
678,52
679,52
682,52
683,52
684,52
685,52
686,52
687,52
711,52
712,52
713,52
766,52
767,52
768,52
769,52
770,52
771,52
772,52
773,52
807,52
808,52
809,52
810,52
811,52
812,52
813,52
814,52
818,52
819,52
820,52
821,52
827,52
828,52
829,52
830,52
917,52
918,52
919,52
920,52
921,52
925,52
926,52
927,52
928,52
929,52
930,52
931,52
941,52
942,52
943,52
944,52
945,52
946,52
978,52
979,52
980,52
981,52
982,52
983,52
984,52
992,52
993,52
994,52
995,52
996,52
997,52
1018,52
1019,52
1020,52
1021,52
1022,52
1023,52
0,53
1,53
2,53
3,53
4,53
5,53
6,53
7,53
8,53
9,53
13,53
14,53
15,53
16,53
17,53
18,53
145,53
149,53
150,53
163,53
164,53
165,53
166,53
167,53
168,53
184,53
185,53
186,53
187,53
188,53
189,53
190,53
191,53
192,53
193,53
194,53
195,53
233,53
234,53
235,53
236,53
237,53
238,53
239,53
240,53
241,53
242,53
247,53
248,53
249,53
250,53
251,53
252,53
253,53
254,53
255,53
256,53
257,53
258,53
259,53
260,53
443,53
444,53
445,53
446,53
503,53
504,53
505,53
506,53
507,53
600,53
601,53
625,53
626,53
627,53
628,53
629,53
630,53
631,53
673,53
674,53
675,53
676,53
677,53
678,53
679,53
682,53
683,53
684,53
685,53
686,53
687,53
761,53
762,53
763,53
764,53
766,53
767,53
768,53
769,53
770,53
793,53
794,53
795,53
796,53
797,53
798,53
799,53
805,53
806,53
807,53
808,53
809,53
810,53
811,53
812,53
813,53
814,53
816,53
817,53
818,53
819,53
820,53
916,53
917,53
918,53
925,53
926,53
927,53
928,53
939,53
940,53
942,53
943,53
944,53
979,53
980,53
981,53
982,53
983,53
992,53
993,53
994,53
995,53
996,53
1017,53
1018,53
1019,53
1020,53
1021,53
1022,53
1023,53
0,54
1,54
2,54
3,54
4,54
5,54
6,54
7,54
8,54
9,54
14,54
15,54
16,54
29,54
117,54
118,54
119,54
120,54
145,54
163,54
164,54
165,54
166,54
167,54
184,54
185,54
186,54
187,54
188,54
189,54
212,54
228,54
229,54
230,54
231,54
232,54
234,54
235,54
236,54
237,54
238,54
239,54
240,54
241,54
245,54
246,54
247,54
248,54
249,54
250,54
255,54
256,54
257,54
258,54
392,54
443,54
444,54
445,54
446,54
453,54
489,54
503,54
504,54
505,54
506,54
507,54
593,54
594,54
595,54
598,54
601,54
625,54
626,54
627,54
628,54
629,54
630,54
666,54
672,54
673,54
674,54
675,54
676,54
677,54
678,54
682,54
683,54
684,54
685,54
686,54
699,54
700,54
701,54
767,54
768,54
791,54
792,54
793,54
794,54
795,54
796,54
797,54
798,54
805,54
806,54
807,54
808,54
809,54
810,54
811,54
812,54
816,54
817,54
818,54
819,54
820,54
821,54
837,54
915,54
916,54
917,54
926,54
927,54
928,54
939,54
940,54
941,54
978,54
979,54
980,54
981,54
982,54
983,54
991,54
992,54
993,54
994,54
995,54
996,54
1017,54
1018,54
1019,54
1020,54
1021,54
1022,54
1023,54
0,55
1,55
2,55
3,55
4,55
5,55
6,55
7,55
8,55
25,55
26,55
27,55
28,55
29,55
30,55
31,55
32,55
46,55
47,55
147,55
163,55
164,55
165,55
166,55
190,55
191,55
192,55
193,55
194,55
195,55
196,55
197,55
198,55
199,55
200,55
201,55
202,55
225,55
226,55
227,55
228,55
229,55
236,55
243,55
244,55
245,55
246,55
444,55
445,55
446,55
452,55
487,55
488,55
489,55
503,55
504,55
505,55
506,55
507,55
592,55
593,55
594,55
595,55
596,55
597,55
626,55
627,55
628,55
629,55
662,55
663,55
664,55
671,55
672,55
673,55
674,55
675,55
676,55
677,55
681,55
682,55
683,55
684,55
685,55
699,55
700,55
701,55
702,55
703,55
787,55
788,55
789,55
790,55
791,55
792,55
793,55
794,55
800,55
801,55
802,55
803,55
804,55
805,55
806,55
807,55
808,55
809,55
810,55
811,55
815,55
816,55
817,55
818,55
819,55
820,55
821,55
822,55
837,55
894,55
895,55
896,55
926,55
927,55
954,55
955,55
956,55
977,55
978,55
979,55
980,55
981,55
982,55
988,55
989,55
990,55
991,55
992,55
993,55
994,55
995,55
1017,55
1018,55
1019,55
1020,55
1021,55
1022,55
1023,55
0,56
1,56
2,56
3,56
4,56
5,56
6,56
7,56
8,56
24,56
25,56
26,56
27,56
28,56
29,56
30,56
31,56
32,56
33,56
41,56
45,56
46,56
47,56
48,56
49,56
72,56
73,56
74,56
111,56
112,56
113,56
148,56
149,56
162,56
163,56
164,56
165,56
188,56
189,56
190,56
191,56
192,56
193,56
194,56
195,56
196,56
197,56
198,56
199,56
200,56
201,56
202,56
203,56
216,56
217,56
218,56
219,56
220,56
221,56
222,56
223,56
224,56
225,56
226,56
227,56
228,56
229,56
242,56
243,56
244,56
245,56
444,56
473,56
474,56
487,56
488,56
489,56
490,56
506,56
507,56
592,56
593,56
594,56
595,56
596,56
660,56
661,56
662,56
663,56
669,56
670,56
671,56
672,56
673,56
674,56
675,56
679,56
680,56
681,56
682,56
702,56
703,56
787,56
788,56
789,56
795,56
796,56
797,56
798,56
799,56
800,56
801,56
802,56
803,56
804,56
805,56
806,56
807,56
808,56
809,56
810,56
815,56
816,56
817,56
818,56
819,56
820,56
821,56
822,56
824,56
831,56
832,56
833,56
837,56
862,56
892,56
893,56
894,56
895,56
896,56
921,56
922,56
923,56
924,56
946,56
947,56
948,56
949,56
950,56
951,56
954,56
955,56
956,56
977,56
978,56
979,56
980,56
981,56
987,56
988,56
989,56
990,56
991,56
992,56
993,56
994,56
995,56
1017,56
1018,56
1019,56
1020,56
1021,56
1022,56
1023,56
0,57
1,57
2,57
3,57
4,57
5,57
6,57
7,57
8,57
9,57
25,57
26,57
27,57
46,57
47,57
48,57
49,57
50,57
51,57
73,57
74,57
75,57
76,57
109,57
110,57
111,57
112,57
113,57
146,57
147,57
148,57
149,57
150,57
163,57
164,57
188,57
189,57
190,57
191,57
192,57
193,57
194,57
195,57
196,57
197,57
198,57
199,57
200,57
216,57
217,57
218,57
219,57
220,57
221,57
222,57
223,57
224,57
238,57
239,57
240,57
241,57
242,57
256,57
257,57
258,57
259,57
472,57
473,57
474,57
487,57
488,57
489,57
490,57
592,57
593,57
594,57
595,57
596,57
659,57
660,57
661,57
666,57
667,57
668,57
669,57
670,57
671,57
672,57
673,57
674,57
679,57
680,57
792,57
793,57
794,57
795,57
796,57
797,57
798,57
799,57
800,57
801,57
802,57
803,57
804,57
815,57
816,57
817,57
818,57
819,57
820,57
821,57
822,57
823,57
824,57
825,57
831,57
832,57
833,57
834,57
838,57
868,57
903,57
920,57
921,57
922,57
923,57
924,57
943,57
944,57
945,57
946,57
947,57
948,57
949,57
950,57
951,57
952,57
953,57
954,57
955,57
956,57
978,57
979,57
980,57
981,57
986,57
987,57
988,57
989,57
990,57
991,57
992,57
993,57
994,57
1016,57
1017,57
1018,57
1019,57
1020,57
1021,57
1022,57
1023,57
0,58
1,58
2,58
3,58
4,58
5,58
6,58
7,58
8,58
48,58
49,58
50,58
73,58
74,58
75,58
76,58
77,58
78,58
79,58
80,58
81,58
82,58
104,58
105,58
106,58
108,58
109,58
110,58
111,58
112,58
145,58
146,58
147,58
164,58
235,58
236,58
237,58
238,58
239,58
253,58
254,58
255,58
256,58
257,58
288,58
472,58
473,58
488,58
489,58
490,58
491,58
592,58
593,58
594,58
595,58
596,58
597,58
625,58
626,58
627,58
657,58
658,58
665,58
666,58
667,58
668,58
669,58
670,58
671,58
672,58
673,58
677,58
678,58
679,58
680,58
684,58
717,58
718,58
719,58
720,58
767,58
768,58
769,58
770,58
771,58
772,58
773,58
774,58
775,58
787,58
788,58
789,58
790,58
791,58
792,58
793,58
794,58
795,58
796,58
797,58
798,58
810,58
818,58
819,58
820,58
821,58
822,58
823,58
824,58
825,58
826,58
831,58
832,58
833,58
838,58
839,58
840,58
889,58
920,58
921,58
922,58
923,58
924,58
941,58
942,58
943,58
944,58
945,58
946,58
947,58
948,58
949,58
950,58
951,58
952,58
953,58
954,58
978,58
979,58
980,58
985,58
986,58
987,58
988,58
989,58
990,58
991,58
992,58
993,58
1016,58
1017,58
1018,58
1019,58
1020,58
1021,58
1022,58
1023,58
0,59
1,59
2,59
3,59
4,59
5,59
6,59
7,59
8,59
80,59
81,59
82,59
83,59
84,59
85,59
86,59
87,59
88,59
89,59
90,59
91,59
143,59
144,59
145,59
146,59
233,59
234,59
235,59
236,59
237,59
251,59
252,59
253,59
254,59
255,59
256,59
288,59
289,59
290,59
291,59
292,59
293,59
294,59
402,59
403,59
451,59
452,59
453,59
472,59
473,59
474,59
488,59
489,59
490,59
491,59
508,59
512,59
513,59
514,59
591,59
592,59
593,59
594,59
595,59
596,59
597,59
620,59
621,59
625,59
626,59
627,59
628,59
644,59
645,59
653,59
654,59
655,59
663,59
664,59
665,59
666,59
667,59
668,59
669,59
670,59
671,59
672,59
675,59
676,59
677,59
678,59
679,59
680,59
684,59
685,59
686,59
702,59
712,59
713,59
714,59
715,59
720,59
721,59
722,59
769,59
770,59
773,59
778,59
779,59
780,59
781,59
782,59
783,59
784,59
785,59
786,59
787,59
788,59
789,59
791,59
792,59
793,59
794,59
795,59
800,59
801,59
802,59
803,59
804,59
820,59
821,59
822,59
823,59
824,59
825,59
838,59
839,59
840,59
841,59
874,59
875,59
876,59
877,59
878,59
879,59
880,59
881,59
882,59
919,59
920,59
921,59
922,59
923,59
924,59
941,59
942,59
943,59
944,59
945,59
946,59
947,59
948,59
978,59
979,59
980,59
985,59
986,59
987,59
988,59
989,59
990,59
991,59
999,59
1015,59
1016,59
1017,59
1018,59
1019,59
1020,59
1021,59
1022,59
1023,59
0,60
1,60
2,60
3,60
4,60
5,60
6,60
7,60
8,60
9,60
43,60
44,60
45,60
82,60
83,60
84,60
85,60
86,60
87,60
88,60
89,60
90,60
91,60
92,60
128,60
129,60
130,60
131,60
140,60
141,60
142,60
143,60
144,60
230,60
231,60
232,60
233,60
234,60
235,60
248,60
249,60
250,60
251,60
252,60
253,60
254,60
290,60
291,60
292,60
293,60
294,60
295,60
397,60
402,60
451,60
452,60
453,60
454,60
472,60
473,60
474,60
475,60
489,60
490,60
491,60
492,60
507,60
508,60
509,60
510,60
512,60
513,60
514,60
515,60
516,60
517,60
518,60
591,60
592,60
593,60
594,60
595,60
620,60
621,60
622,60
625,60
626,60
627,60
628,60
644,60
645,60
650,60
651,60
652,60
653,60
654,60
663,60
664,60
665,60
666,60
667,60
668,60
669,60
670,60
674,60
675,60
676,60
677,60
678,60
679,60
680,60
681,60
685,60
686,60
687,60
688,60
689,60
702,60
703,60
704,60
705,60
706,60
712,60
713,60
714,60
715,60
716,60
717,60
721,60
722,60
723,60
724,60
732,60
733,60
751,60
752,60
753,60
754,60
755,60
756,60
757,60
758,60
759,60
760,60
761,60
762,60
763,60
764,60
775,60
776,60
777,60
778,60
779,60
780,60
781,60
782,60
783,60
798,60
799,60
800,60
801,60
802,60
803,60
804,60
820,60
821,60
822,60
823,60
824,60
825,60
873,60
874,60
875,60
876,60
877,60
878,60
879,60
880,60
881,60
882,60
922,60
923,60
940,60
941,60
942,60
943,60
944,60
945,60
946,60
978,60
979,60
985,60
986,60
987,60
988,60
989,60
990,60
1000,60
1015,60
1016,60
1017,60
1018,60
1019,60
1020,60
1021,60
1022,60
1023,60
0,61
1,61
2,61
3,61
4,61
5,61
6,61
7,61
8,61
84,61
85,61
86,61
87,61
88,61
89,61
90,61
91,61
92,61
93,61
94,61
95,61
96,61
113,61
114,61
115,61
117,61
137,61
138,61
139,61
140,61
141,61
142,61
200,61
210,61
211,61
212,61
213,61
214,61
215,61
216,61
217,61
218,61
219,61
220,61
221,61
222,61
223,61
224,61
225,61
226,61
227,61
228,61
229,61
230,61
231,61
232,61
233,61
234,61
245,61
246,61
247,61
248,61
249,61
250,61
251,61
252,61
253,61
293,61
294,61
295,61
296,61
297,61
298,61
299,61
397,61
451,61
452,61
453,61
454,61
473,61
474,61
475,61
476,61
477,61
478,61
479,61
492,61
508,61
509,61
510,61
511,61
514,61
515,61
516,61
517,61
518,61
519,61
591,61
592,61
593,61
594,61
595,61
621,61
622,61
626,61
627,61
628,61
629,61
630,61
649,61
650,61
651,61
652,61
659,61
660,61
661,61
662,61
663,61
664,61
665,61
666,61
667,61
668,61
669,61
673,61
674,61
675,61
676,61
677,61
678,61
679,61
680,61
687,61
688,61
689,61
690,61
691,61
702,61
703,61
704,61
705,61
706,61
711,61
712,61
713,61
714,61
715,61
716,61
717,61
718,61
722,61
723,61
724,61
725,61
732,61
733,61
734,61
749,61
750,61
751,61
752,61
753,61
754,61
755,61
756,61
757,61
758,61
759,61
760,61
761,61
762,61
773,61
774,61
775,61
776,61
777,61
778,61
779,61
780,61
781,61
782,61
787,61
788,61
789,61
790,61
791,61
801,61
802,61
803,61
804,61
805,61
820,61
821,61
822,61
823,61
824,61
825,61
908,61
923,61
940,61
941,61
942,61
943,61
944,61
945,61
946,61
985,61
986,61
987,61
988,61
989,61
1015,61
1016,61
1017,61
1018,61
1019,61
1020,61
1021,61
1022,61
1023,61
0,62
1,62
2,62
3,62
4,62
5,62
6,62
7,62
8,62
90,62
91,62
92,62
93,62
94,62
95,62
96,62
97,62
98,62
99,62
100,62
101,62
102,62
103,62
104,62
107,62
108,62
109,62
110,62
115,62
116,62
117,62
134,62
135,62
136,62
137,62
138,62
139,62
140,62
141,62
179,62
180,62
181,62
182,62
183,62
184,62
185,62
186,62
187,62
188,62
189,62
190,62
191,62
192,62
193,62
194,62
195,62
196,62
197,62
198,62
199,62
200,62
201,62
209,62
210,62
211,62
212,62
213,62
214,62
215,62
216,62
217,62
218,62
219,62
220,62
221,62
222,62
223,62
224,62
225,62
226,62
227,62
228,62
229,62
230,62
231,62
244,62
245,62
246,62
247,62
248,62
249,62
250,62
288,62
289,62
290,62
291,62
295,62
296,62
297,62
298,62
299,62
300,62
301,62
452,62
453,62
454,62
476,62
477,62
478,62
479,62
480,62
481,62
482,62
483,62
508,62
509,62
510,62
511,62
516,62
517,62
518,62
519,62
591,62
592,62
593,62
594,62
595,62
627,62
628,62
629,62
630,62
631,62
657,62
658,62
659,62
660,62
661,62
662,62
663,62
664,62
665,62
666,62
667,62
672,62
673,62
674,62
675,62
676,62
677,62
689,62
690,62
691,62
692,62
693,62
703,62
704,62
705,62
706,62
707,62
711,62
712,62
713,62
714,62
715,62
716,62
717,62
718,62
723,62
724,62
725,62
726,62
727,62
732,62
733,62
734,62
735,62
748,62
749,62
750,62
751,62
752,62
753,62
754,62
755,62
756,62
757,62
785,62
786,62
787,62
788,62
789,62
790,62
803,62
804,62
805,62
806,62
807,62
821,62
822,62
823,62
824,62
825,62
908,62
909,62
910,62
923,62
924,62
925,62
943,62
944,62
945,62
984,62
985,62
986,62
987,62
988,62
1016,62
1017,62
1018,62
1019,62
1020,62
1021,62
1022,62
1023,62
0,63
1,63
2,63
3,63
4,63
5,63
6,63
7,63
8,63
9,63
98,63
99,63
100,63
101,63
102,63
103,63
104,63
105,63
106,63
107,63
108,63
109,63
125,63
126,63
127,63
128,63
129,63
130,63
131,63
132,63
133,63
134,63
135,63
136,63
137,63
138,63
177,63
178,63
179,63
180,63
181,63
182,63
183,63
184,63
185,63
186,63
187,63
188,63
189,63
190,63
191,63
192,63
193,63
194,63
195,63
196,63
197,63
198,63
199,63
200,63
210,63
211,63
212,63
213,63
214,63
215,63
240,63
241,63
242,63
243,63
244,63
245,63
246,63
247,63
291,63
292,63
293,63
299,63
300,63
301,63
302,63
456,63
457,63
487,63
488,63
489,63
490,63
510,63
511,63
528,63
531,63
532,63
590,63
591,63
592,63
593,63
594,63
655,63
656,63
657,63
658,63
659,63
660,63
661,63
662,63
663,63
664,63
665,63
670,63
671,63
672,63
673,63
674,63
691,63
692,63
693,63
694,63
699,63
705,63
706,63
707,63
711,63
712,63
713,63
714,63
715,63
716,63
717,63
723,63
724,63
725,63
726,63
727,63
728,63
732,63
733,63
734,63
735,63
736,63
747,63
748,63
749,63
750,63
751,63
752,63
753,63
754,63
755,63
787,63
788,63
789,63
790,63
805,63
806,63
807,63
808,63
823,63
824,63
855,63
856,63
857,63
858,63
905,63
906,63
907,63
908,63
923,63
924,63
925,63
985,63
986,63
987,63
1018,63
1019,63
1020,63
1021,63
1022,63
1023,63
0,64
1,64
2,64
3,64
4,64
5,64
6,64
7,64
8,64
9,64
10,64
86,64
87,64
88,64
89,64
90,64
103,64
104,64
105,64
106,64
120,64
121,64
122,64
123,64
124,64
125,64
126,64
127,64
128,64
129,64
130,64
131,64
132,64
133,64
134,64
135,64
136,64
175,64
176,64
177,64
178,64
179,64
180,64
181,64
182,64
183,64
184,64
185,64
186,64
187,64
188,64
189,64
190,64
191,64
192,64
193,64
194,64
195,64
196,64
197,64
198,64
199,64
237,64
238,64
239,64
240,64
241,64
242,64
243,64
244,64
292,64
293,64
294,64
302,64
456,64
457,64
520,64
521,64
533,64
534,64
535,64
536,64
537,64
590,64
591,64
592,64
593,64
602,64
603,64
654,64
655,64
656,64
657,64
658,64
659,64
660,64
661,64
662,64
668,64
669,64
670,64
671,64
672,64
693,64
694,64
695,64
696,64
706,64
711,64
712,64
713,64
714,64
715,64
716,64
717,64
724,64
725,64
726,64
727,64
728,64
732,64
733,64
734,64
735,64
736,64
737,64
738,64
746,64
747,64
748,64
749,64
750,64
751,64
752,64
753,64
754,64
755,64
781,64
782,64
783,64
784,64
785,64
788,64
789,64
790,64
791,64
802,64
806,64
807,64
808,64
845,64
846,64
847,64
848,64
849,64
850,64
851,64
896,64
901,64
902,64
903,64
904,64
905,64
906,64
907,64
922,64
923,64
924,64
925,64
1017,64
1018,64
1019,64
1020,64
1021,64
1022,64
1023,64
0,65
1,65
2,65
3,65
4,65
5,65
6,65
7,65
8,65
9,65
10,65
89,65
90,65
91,65
92,65
93,65
94,65
95,65
96,65
119,65
120,65
121,65
122,65
123,65
124,65
125,65
126,65
127,65
128,65
129,65
130,65
131,65
132,65
179,65
180,65
181,65
182,65
183,65
235,65
236,65
237,65
238,65
239,65
240,65
241,65
295,65
296,65
297,65
298,65
299,65
304,65
305,65
395,65
456,65
457,65
458,65
459,65
500,65
501,65
504,65
505,65
534,65
535,65
536,65
537,65
538,65
588,65
589,65
590,65
591,65
592,65
602,65
603,65
604,65
605,65
654,65
655,65
656,65
657,65
658,65
659,65
660,65
667,65
668,65
669,65
670,65
671,65
689,65
693,65
694,65
695,65
696,65
697,65
710,65
711,65
712,65
713,65
714,65
715,65
716,65
724,65
725,65
726,65
727,65
728,65
732,65
733,65
734,65
735,65
736,65
737,65
738,65
746,65
747,65
748,65
749,65
750,65
751,65
752,65
753,65
754,65
781,65
782,65
783,65
784,65
785,65
788,65
789,65
790,65
791,65
802,65
806,65
807,65
808,65
809,65
844,65
845,65
846,65
847,65
848,65
849,65
850,65
851,65
852,65
862,65
863,65
866,65
902,65
903,65
904,65
905,65
921,65
922,65
923,65
924,65
925,65
930,65
1016,65
1017,65
1018,65
1019,65
1020,65
1021,65
1022,65
1023,65
0,66
1,66
2,66
3,66
4,66
5,66
6,66
7,66
8,66
9,66
139,66
180,66
181,66
235,66
236,66
237,66
238,66
239,66
299,66
300,66
301,66
302,66
457,66
458,66
459,66
460,66
461,66
462,66
503,66
504,66
505,66
506,66
536,66
537,66
538,66
539,66
590,66
591,66
592,66
601,66
602,66
603,66
604,66
605,66
634,66
655,66
656,66
657,66
658,66
659,66
666,66
667,66
668,66
669,66
670,66
689,66
690,66
691,66
692,66
695,66
696,66
697,66
698,66
711,66
712,66
723,66
724,66
725,66
726,66
727,66
728,66
732,66
733,66
734,66
735,66
736,66
737,66
738,66
745,66
746,66
747,66
748,66
749,66
750,66
751,66
752,66
753,66
758,66
759,66
760,66
761,66
762,66
763,66
764,66
781,66
782,66
783,66
784,66
785,66
788,66
789,66
790,66
791,66
802,66
806,66
807,66
808,66
809,66
841,66
845,66
846,66
847,66
848,66
849,66
850,66
851,66
862,66
863,66
864,66
865,66
866,66
908,66
909,66
910,66
911,66
912,66
913,66
920,66
921,66
922,66
923,66
924,66
925,66
1016,66
1017,66
1018,66
1019,66
1020,66
1021,66
1022,66
1023,66
0,67
1,67
2,67
3,67
4,67
5,67
6,67
7,67
8,67
9,67
173,67
202,67
203,67
204,67
205,67
206,67
207,67
208,67
209,67
210,67
211,67
212,67
213,67
214,67
215,67
216,67
217,67
218,67
219,67
220,67
221,67
222,67
223,67
224,67
225,67
226,67
227,67
228,67
229,67
230,67
231,67
232,67
233,67
234,67
235,67
236,67
237,67
238,67
301,67
302,67
303,67
304,67
459,67
460,67
461,67
462,67
463,67
464,67
499,67
515,67
523,67
538,67
539,67
563,67
564,67
565,67
566,67
590,67
591,67
592,67
602,67
603,67
604,67
605,67
634,67
635,67
636,67
650,67
651,67
652,67
653,67
654,67
662,67
663,67
664,67
666,67
667,67
668,67
669,67
679,67
689,67
690,67
691,67
692,67
693,67
696,67
697,67
698,67
699,67
700,67
706,67
723,67
724,67
725,67
726,67
727,67
728,67
732,67
733,67
734,67
735,67
736,67
737,67
738,67
745,67
746,67
747,67
748,67
749,67
750,67
751,67
752,67
753,67
757,67
758,67
759,67
760,67
761,67
762,67
763,67
764,67
782,67
783,67
784,67
785,67
789,67
790,67
791,67
792,67
806,67
807,67
808,67
809,67
810,67
840,67
841,67
842,67
864,67
865,67
866,67
867,67
868,67
869,67
870,67
871,67
872,67
873,67
874,67
878,67
879,67
880,67
881,67
908,67
909,67
910,67
911,67
912,67
913,67
920,67
921,67
922,67
923,67
924,67
925,67
977,67
978,67
979,67
980,67
981,67
982,67
983,67
984,67
985,67
990,67
992,67
993,67
996,67
1017,67
1018,67
1019,67
1020,67
1021,67
1022,67
1023,67
0,68
1,68
2,68
3,68
4,68
5,68
6,68
7,68
8,68
9,68
107,68
108,68
109,68
162,68
163,68
203,68
204,68
205,68
206,68
207,68
208,68
209,68
210,68
211,68
212,68
213,68
214,68
215,68
216,68
217,68
218,68
219,68
220,68
221,68
222,68
223,68
224,68
225,68
226,68
227,68
228,68
229,68
230,68
231,68
232,68
233,68
234,68
235,68
236,68
461,68
462,68
463,68
464,68
465,68
466,68
472,68
473,68
523,68
524,68
539,68
560,68
561,68
562,68
563,68
657,68
658,68
659,68
667,68
668,68
669,68
670,68
671,68
672,68
689,68
690,68
691,68
692,68
693,68
694,68
696,68
697,68
698,68
699,68
700,68
701,68
710,68
711,68
712,68
713,68
714,68
715,68
716,68
723,68
724,68
725,68
726,68
727,68
728,68
732,68
733,68
734,68
735,68
736,68
737,68
738,68
739,68
744,68
745,68
746,68
747,68
748,68
749,68
750,68
751,68
752,68
753,68
756,68
757,68
758,68
759,68
760,68
761,68
762,68
767,68
783,68
784,68
785,68
786,68
789,68
790,68
791,68
792,68
806,68
807,68
808,68
809,68
838,68
839,68
840,68
841,68
842,68
843,68
844,68
864,68
865,68
866,68
867,68
868,68
869,68
870,68
871,68
872,68
873,68
874,68
875,68
876,68
877,68
878,68
879,68
880,68
908,68
909,68
910,68
911,68
912,68
913,68
918,68
919,68
920,68
921,68
922,68
923,68
924,68
925,68
962,68
963,68
964,68
976,68
977,68
978,68
979,68
980,68
981,68
982,68
983,68
984,68
985,68
986,68
987,68
988,68
989,68
990,68
991,68
992,68
1017,68
1018,68
1019,68
1020,68
1021,68
1022,68
1023,68
0,69
1,69
2,69
3,69
4,69
5,69
6,69
7,69
8,69
9,69
106,69
107,69
108,69
109,69
110,69
159,69
160,69
161,69
162,69
163,69
171,69
205,69
206,69
207,69
208,69
209,69
210,69
211,69
212,69
213,69
214,69
215,69
216,69
217,69
218,69
219,69
220,69
221,69
222,69
223,69
224,69
225,69
464,69
465,69
466,69
467,69
468,69
523,69
524,69
557,69
558,69
559,69
560,69
561,69
654,69
655,69
656,69
657,69
663,69
668,69
669,69
670,69
671,69
672,69
673,69
689,69
690,69
691,69
692,69
693,69
696,69
697,69
698,69
699,69
700,69
701,69
705,69
706,69
707,69
708,69
709,69
710,69
711,69
712,69
713,69
714,69
715,69
723,69
724,69
725,69
726,69
727,69
728,69
732,69
733,69
734,69
735,69
736,69
737,69
738,69
744,69
745,69
746,69
747,69
748,69
749,69
750,69
751,69
752,69
753,69
756,69
757,69
758,69
759,69
760,69
765,69
766,69
767,69
768,69
769,69
783,69
784,69
785,69
786,69
790,69
791,69
792,69
806,69
807,69
808,69
812,69
813,69
814,69
838,69
839,69
840,69
841,69
842,69
843,69
844,69
864,69
865,69
866,69
867,69
868,69
869,69
870,69
871,69
872,69
873,69
874,69
875,69
900,69
908,69
909,69
910,69
911,69
912,69
917,69
918,69
919,69
920,69
921,69
922,69
923,69
924,69
925,69
975,69
976,69
977,69
978,69
979,69
980,69
981,69
982,69
983,69
984,69
985,69
986,69
987,69
988,69
989,69
990,69
991,69
1018,69
1019,69
1020,69
1021,69
1022,69
1023,69
0,70
1,70
2,70
3,70
4,70
5,70
6,70
7,70
8,70
158,70
159,70
160,70
161,70
162,70
169,70
170,70
171,70
179,70
180,70
522,70
523,70
524,70
534,70
540,70
541,70
555,70
556,70
557,70
558,70
659,70
660,70
661,70
662,70
663,70
668,70
669,70
670,70
671,70
672,70
673,70
674,70
696,70
697,70
698,70
699,70
700,70
701,70
704,70
705,70
706,70
707,70
708,70
709,70
710,70
711,70
712,70
718,70
719,70
724,70
725,70
726,70
727,70
731,70
732,70
733,70
734,70
735,70
736,70
737,70
738,70
744,70
745,70
746,70
747,70
748,70
749,70
750,70
751,70
752,70
753,70
756,70
757,70
758,70
759,70
760,70
761,70
784,70
785,70
790,70
791,70
792,70
802,70
807,70
808,70
812,70
813,70
814,70
837,70
838,70
839,70
840,70
864,70
865,70
866,70
867,70
868,70
870,70
871,70
872,70
873,70
874,70
898,70
899,70
908,70
909,70
910,70
911,70
912,70
917,70
918,70
919,70
920,70
921,70
922,70
923,70
973,70
974,70
975,70
976,70
977,70
978,70
979,70
980,70
981,70
982,70
983,70
984,70
985,70
986,70
987,70
988,70
989,70
990,70
991,70
1018,70
1019,70
1020,70
1021,70
1022,70
1023,70
0,71
1,71
2,71
3,71
4,71
5,71
6,71
7,71
8,71
157,71
158,71
168,71
169,71
170,71
178,71
179,71
180,71
181,71
517,71
520,71
521,71
522,71
523,71
534,71
535,71
541,71
542,71
547,71
551,71
552,71
553,71
554,71
555,71
654,71
655,71
656,71
657,71
658,71
659,71
660,71
661,71
662,71
667,71
668,71
669,71
670,71
671,71
672,71
673,71
674,71
675,71
687,71
688,71
689,71
695,71
696,71
697,71
698,71
699,71
704,71
705,71
706,71
718,71
723,71
724,71
725,71
726,71
727,71
731,71
732,71
733,71
734,71
735,71
736,71
737,71
745,71
746,71
747,71
748,71
749,71
750,71
751,71
752,71
753,71
756,71
757,71
758,71
759,71
760,71
761,71
784,71
785,71
786,71
807,71
808,71
809,71
813,71
814,71
835,71
836,71
837,71
838,71
839,71
840,71
841,71
881,71
882,71
889,71
907,71
908,71
909,71
910,71
911,71
916,71
917,71
918,71
919,71
920,71
921,71
922,71
999,71
1000,71
1001,71
1019,71
1020,71
1021,71
1022,71
1023,71
0,72
1,72
2,72
3,72
4,72
5,72
6,72
7,72
168,72
176,72
177,72
178,72
179,72
180,72
181,72
515,72
516,72
520,72
521,72
522,72
523,72
535,72
540,72
541,72
546,72
550,72
551,72
552,72
553,72
554,72
555,72
653,72
654,72
655,72
656,72
657,72
658,72
659,72
660,72
667,72
668,72
669,72
670,72
671,72
672,72
673,72
674,72
678,72
679,72
680,72
681,72
688,72
694,72
695,72
696,72
697,72
713,72
718,72
724,72
725,72
726,72
727,72
731,72
732,72
733,72
734,72
735,72
736,72
745,72
746,72
747,72
748,72
749,72
750,72
751,72
752,72
753,72
756,72
757,72
758,72
759,72
760,72
761,72
784,72
785,72
786,72
787,72
807,72
808,72
833,72
834,72
835,72
836,72
837,72
838,72
839,72
840,72
879,72
880,72
881,72
882,72
883,72
884,72
906,72
907,72
908,72
909,72
910,72
911,72
916,72
917,72
918,72
919,72
920,72
921,72
943,72
944,72
945,72
946,72
947,72
994,72
995,72
996,72
997,72
998,72
999,72
1000,72
1001,72
1018,72
1019,72
1020,72
1021,72
1022,72
1023,72
0,73
1,73
2,73
3,73
4,73
5,73
6,73
7,73
8,73
176,73
177,73
178,73
179,73
180,73
313,73
519,73
520,73
521,73
522,73
523,73
534,73
535,73
540,73
541,73
546,73
550,73
551,73
552,73
553,73
554,73
651,73
652,73
653,73
654,73
655,73
657,73
658,73
666,73
667,73
668,73
669,73
670,73
671,73
672,73
676,73
677,73
678,73
679,73
680,73
687,73
688,73
692,73
693,73
694,73
695,73
696,73
697,73
713,73
718,73
719,73
720,73
721,73
724,73
725,73
726,73
732,73
733,73
734,73
735,73
745,73
746,73
747,73
748,73
749,73
750,73
751,73
752,73
753,73
757,73
758,73
759,73
760,73
761,73
765,73
784,73
785,73
786,73
787,73
788,73
799,73
800,73
833,73
834,73
835,73
836,73
879,73
880,73
881,73
882,73
883,73
897,73
898,73
905,73
906,73
907,73
908,73
909,73
910,73
916,73
917,73
918,73
919,73
920,73
921,73
942,73
943,73
944,73
945,73
946,73
947,73
991,73
992,73
993,73
994,73
995,73
996,73
997,73
998,73
999,73
1000,73
1001,73
1018,73
1019,73
1020,73
1021,73
1022,73
1023,73
0,74
1,74
2,74
3,74
4,74
5,74
6,74
7,74
8,74
170,74
171,74
172,74
173,74
174,74
175,74
176,74
279,74
518,74
519,74
520,74
521,74
522,74
534,74
535,74
540,74
541,74
546,74
550,74
551,74
552,74
553,74
554,74
645,74
646,74
647,74
648,74
649,74
650,74
651,74
652,74
653,74
666,74
667,74
668,74
669,74
670,74
671,74
675,74
676,74
677,74
678,74
679,74
685,74
686,74
687,74
688,74
692,74
693,74
694,74
695,74
696,74
697,74
713,74
718,74
719,74
720,74
721,74
722,74
724,74
725,74
726,74
727,74
746,74
747,74
748,74
749,74
750,74
751,74
752,74
753,74
764,74
765,74
784,74
785,74
786,74
787,74
788,74
792,74
793,74
798,74
799,74
800,74
801,74
833,74
834,74
905,74
906,74
907,74
908,74
909,74
914,74
915,74
916,74
917,74
925,74
941,74
942,74
943,74
944,74
945,74
946,74
947,74
960,74
961,74
962,74
963,74
985,74
986,74
987,74
988,74
989,74
990,74
991,74
992,74
993,74
994,74
995,74
997,74
998,74
999,74
1000,74
1001,74
1002,74
1011,74
1012,74
1013,74
1014,74
1015,74
1016,74
1017,74
1018,74
1019,74
1020,74
1021,74
1022,74
1023,74
0,75
1,75
2,75
3,75
4,75
5,75
6,75
7,75
8,75
133,75
169,75
170,75
171,75
172,75
173,75
174,75
175,75
176,75
517,75
518,75
519,75
520,75
521,75
546,75
550,75
551,75
552,75
553,75
554,75
642,75
643,75
644,75
645,75
646,75
647,75
648,75
649,75
655,75
656,75
666,75
667,75
668,75
669,75
670,75
674,75
675,75
676,75
677,75
678,75
683,75
684,75
685,75
692,75
693,75
694,75
695,75
696,75
713,75
719,75
720,75
721,75
722,75
725,75
726,75
727,75
751,75
752,75
753,75
785,75
786,75
787,75
792,75
793,75
794,75
798,75
799,75
800,75
801,75
833,75
834,75
843,75
903,75
904,75
905,75
906,75
907,75
908,75
913,75
914,75
915,75
916,75
917,75
930,75
939,75
940,75
941,75
942,75
943,75
944,75
945,75
946,75
947,75
957,75
958,75
959,75
960,75
961,75
962,75
963,75
964,75
965,75
966,75
967,75
983,75
984,75
985,75
986,75
987,75
988,75
989,75
990,75
991,75
992,75
993,75
994,75
995,75
996,75
997,75
998,75
999,75
1010,75
1011,75
1012,75
1013,75
1016,75
1017,75
1018,75
1019,75
1020,75
1021,75
1022,75
1023,75
0,76
1,76
2,76
3,76
4,76
5,76
6,76
7,76
144,76
169,76
170,76
171,76
172,76
173,76
517,76
518,76
519,76
520,76
546,76
550,76
551,76
552,76
553,76
554,76
603,76
639,76
640,76
641,76
642,76
643,76
652,76
653,76
654,76
655,76
656,76
657,76
662,76
663,76
666,76
667,76
668,76
673,76
674,76
675,76
676,76
677,76
683,76
684,76
694,76
695,76
696,76
725,76
726,76
727,76
792,76
793,76
798,76
799,76
800,76
801,76
832,76
833,76
834,76
841,76
842,76
843,76
844,76
845,76
903,76
904,76
905,76
906,76
907,76
914,76
915,76
916,76
938,76
939,76
940,76
941,76
942,76
943,76
944,76
945,76
946,76
947,76
959,76
960,76
961,76
962,76
981,76
982,76
983,76
984,76
985,76
986,76
987,76
988,76
989,76
990,76
991,76
992,76
993,76
994,76
995,76
996,76
997,76
998,76
1010,76
1019,76
1020,76
1021,76
1022,76
1023,76
0,77
1,77
2,77
3,77
4,77
5,77
6,77
7,77
8,77
169,77
170,77
179,77
180,77
510,77
511,77
517,77
518,77
519,77
520,77
546,77
551,77
552,77
553,77
554,77
632,77
633,77
634,77
645,77
646,77
647,77
648,77
649,77
662,77
663,77
674,77
675,77
694,77
695,77
712,77
713,77
718,77
719,77
797,77
798,77
799,77
800,77
817,77
831,77
832,77
833,77
834,77
835,77
840,77
841,77
842,77
843,77
844,77
845,77
846,77
903,77
904,77
905,77
906,77
911,77
936,77
937,77
938,77
939,77
940,77
941,77
942,77
943,77
944,77
945,77
982,77
983,77
984,77
985,77
986,77
987,77
988,77
989,77
1019,77
1020,77
1021,77
1022,77
1023,77
0,78
1,78
2,78
3,78
4,78
5,78
6,78
7,78
8,78
173,78
174,78
175,78
176,78
177,78
178,78
179,78
180,78
181,78
392,78
510,78
511,78
550,78
551,78
552,78
553,78
554,78
643,78
644,78
645,78
646,78
647,78
662,78
712,78
713,78
714,78
715,78
716,78
719,78
720,78
721,78
722,78
723,78
734,78
735,78
796,78
797,78
798,78
799,78
800,78
806,78
830,78
831,78
840,78
841,78
842,78
843,78
844,78
845,78
846,78
847,78
848,78
898,78
899,78
900,78
901,78
902,78
903,78
904,78
905,78
911,78
935,78
936,78
937,78
938,78
939,78
940,78
941,78
942,78
943,78
983,78
984,78
985,78
986,78
987,78
988,78
1020,78
1021,78
1022,78
1023,78
0,79
1,79
2,79
3,79
4,79
5,79
6,79
7,79
8,79
107,79
108,79
111,79
112,79
113,79
114,79
115,79
172,79
173,79
177,79
392,79
393,79
444,79
551,79
552,79
553,79
554,79
555,79
558,79
559,79
636,79
637,79
638,79
639,79
651,79
652,79
653,79
654,79
655,79
713,79
714,79
715,79
716,79
719,79
720,79
721,79
722,79
723,79
724,79
725,79
735,79
736,79
737,79
771,79
772,79
773,79
774,79
775,79
776,79
777,79
778,79
779,79
780,79
781,79
782,79
796,79
797,79
798,79
804,79
805,79
806,79
829,79
830,79
831,79
839,79
840,79
841,79
842,79
843,79
846,79
896,79
897,79
898,79
899,79
900,79
901,79
902,79
936,79
937,79
938,79
939,79
940,79
941,79
983,79
984,79
985,79
986,79
1019,79
1020,79
1021,79
1022,79
1023,79
0,80
1,80
2,80
3,80
4,80
5,80
6,80
7,80
8,80
77,80
78,80
79,80
80,80
105,80
106,80
107,80
108,80
109,80
110,80
111,80
112,80
113,80
114,80
551,80
552,80
553,80
554,80
555,80
558,80
559,80
560,80
561,80
572,80
573,80
574,80
602,80
603,80
604,80
605,80
606,80
607,80
635,80
636,80
637,80
638,80
652,80
653,80
654,80
655,80
669,80
670,80
671,80
675,80
676,80
713,80
714,80
715,80
716,80
720,80
721,80
722,80
723,80
724,80
725,80
726,80
736,80
737,80
738,80
768,80
769,80
770,80
771,80
772,80
773,80
774,80
775,80
776,80
777,80
778,80
779,80
780,80
781,80
802,80
803,80
804,80
805,80
806,80
812,80
828,80
829,80
830,80
831,80
839,80
840,80
841,80
888,80
889,80
890,80
893,80
894,80
895,80
896,80
897,80
898,80
899,80
900,80
934,80
935,80
936,80
937,80
938,80
939,80
940,80
981,80
982,80
983,80
984,80
1019,80
1020,80
1021,80
1022,80
1023,80
0,81
1,81
2,81
3,81
4,81
5,81
6,81
7,81
8,81
74,81
75,81
76,81
77,81
78,81
79,81
80,81
81,81
82,81
83,81
106,81
107,81
108,81
478,81
479,81
480,81
518,81
519,81
535,81
552,81
553,81
554,81
555,81
556,81
559,81
560,81
561,81
562,81
563,81
571,81
572,81
573,81
574,81
601,81
602,81
603,81
604,81
605,81
606,81
638,81
652,81
653,81
654,81
655,81
656,81
657,81
670,81
671,81
675,81
676,81
677,81
715,81
716,81
720,81
721,81
722,81
723,81
724,81
725,81
726,81
737,81
738,81
739,81
740,81
771,81
772,81
773,81
802,81
803,81
812,81
827,81
828,81
829,81
830,81
887,81
888,81
889,81
890,81
891,81
892,81
893,81
894,81
934,81
935,81
936,81
937,81
938,81
981,81
982,81
1019,81
1020,81
1021,81
1022,81
1023,81
0,82
1,82
2,82
3,82
4,82
5,82
6,82
7,82
8,82
9,82
73,82
74,82
75,82
76,82
77,82
78,82
79,82
80,82
81,82
82,82
83,82
87,82
100,82
101,82
116,82
117,82
118,82
119,82
191,82
351,82
352,82
440,82
479,82
480,82
481,82
518,82
519,82
533,82
534,82
546,82
547,82
552,82
553,82
554,82
555,82
556,82
560,82
561,82
562,82
563,82
564,82
635,82
652,82
653,82
654,82
655,82
656,82
657,82
658,82
671,82
675,82
676,82
677,82
678,82
721,82
722,82
723,82
724,82
725,82
737,82
738,82
739,82
740,82
741,82
780,82
781,82
782,82
783,82
784,82
785,82
786,82
787,82
788,82
825,82
826,82
827,82
828,82
829,82
887,82
888,82
889,82
890,82
891,82
934,82
935,82
936,82
937,82
974,82
975,82
976,82
977,82
978,82
979,82
980,82
981,82
982,82
983,82
1000,82
1001,82
1004,82
1005,82
1006,82
1007,82
1019,82
1020,82
1021,82
1022,82
1023,82
0,83
1,83
2,83
3,83
4,83
5,83
6,83
7,83
8,83
9,83
72,83
73,83
74,83
75,83
76,83
77,83
78,83
79,83
80,83
91,83
92,83
100,83
101,83
112,83
113,83
114,83
115,83
116,83
117,83
118,83
119,83
120,83
121,83
438,83
439,83
479,83
480,83
481,83
482,83
483,83
518,83
519,83
532,83
533,83
534,83
546,83
547,83
548,83
549,83
552,83
553,83
554,83
555,83
556,83
560,83
561,83
562,83
563,83
564,83
617,83
618,83
619,83
653,83
654,83
655,83
656,83
657,83
658,83
663,83
664,83
676,83
677,83
678,83
679,83
738,83
739,83
740,83
741,83
742,83
772,83
773,83
774,83
775,83
776,83
777,83
778,83
779,83
780,83
781,83
782,83
783,83
784,83
785,83
786,83
787,83
788,83
824,83
825,83
826,83
827,83
828,83
898,83
899,83
901,83
902,83
903,83
904,83
932,83
933,83
934,83
935,83
936,83
937,83
938,83
963,83
975,83
976,83
977,83
978,83
979,83
998,83
999,83
1000,83
1001,83
1002,83
1003,83
1019,83
1020,83
1021,83
1022,83
1023,83
0,84
1,84
2,84
3,84
4,84
5,84
6,84
7,84
8,84
9,84
68,84
69,84
70,84
71,84
72,84
73,84
74,84
75,84
105,84
106,84
107,84
108,84
109,84
110,84
111,84
112,84
113,84
114,84
115,84
116,84
117,84
118,84
119,84
120,84
121,84
122,84
157,84
158,84
437,84
438,84
439,84
479,84
480,84
481,84
482,84
483,84
484,84
530,84
531,84
532,84
533,84
534,84
548,84
549,84
553,84
554,84
555,84
556,84
560,84
561,84
562,84
563,84
564,84
583,84
584,84
585,84
586,84
587,84
611,84
612,84
613,84
614,84
615,84
616,84
645,84
655,84
656,84
657,84
658,84
663,84
664,84
665,84
677,84
678,84
773,84
774,84
775,84
776,84
777,84
792,84
793,84
794,84
795,84
796,84
797,84
818,84
819,84
820,84
824,84
825,84
826,84
827,84
828,84
895,84
896,84
897,84
898,84
899,84
900,84
901,84
902,84
903,84
930,84
931,84
932,84
933,84
934,84
935,84
936,84
937,84
938,84
995,84
996,84
997,84
998,84
999,84
1000,84
1001,84
1020,84
1021,84
1022,84
1023,84
0,85
1,85
2,85
3,85
4,85
5,85
6,85
7,85
8,85
9,85
69,85
70,85
71,85
86,85
87,85
104,85
105,85
106,85
107,85
108,85
109,85
110,85
111,85
112,85
113,85
114,85
115,85
116,85
117,85
137,85
482,85
483,85
484,85
485,85
492,85
493,85
494,85
525,85
529,85
530,85
531,85
532,85
555,85
561,85
562,85
563,85
584,85
585,85
586,85
587,85
588,85
589,85
594,85
608,85
609,85
610,85
611,85
612,85
613,85
656,85
657,85
658,85
659,85
779,85
780,85
781,85
782,85
783,85
784,85
785,85
786,85
787,85
788,85
789,85
790,85
791,85
792,85
793,85
794,85
795,85
796,85
797,85
798,85
812,85
818,85
819,85
825,85
826,85
827,85
828,85
894,85
895,85
896,85
897,85
898,85
899,85
900,85
901,85
902,85
929,85
930,85
931,85
932,85
933,85
934,85
935,85
936,85
937,85
938,85
992,85
993,85
994,85
995,85
996,85
997,85
1019,85
1020,85
1021,85
1022,85
1023,85
0,86
1,86
2,86
3,86
4,86
5,86
6,86
7,86
8,86
84,86
85,86
86,86
87,86
88,86
103,86
104,86
105,86
106,86
107,86
108,86
109,86
110,86
111,86
112,86
113,86
114,86
115,86
116,86
135,86
136,86
137,86
138,86
139,86
140,86
141,86
409,86
410,86
482,86
483,86
484,86
485,86
486,86
492,86
493,86
494,86
495,86
511,86
528,86
529,86
530,86
531,86
542,86
586,86
587,86
588,86
589,86
590,86
601,86
739,86
740,86
741,86
742,86
743,86
744,86
780,86
781,86
785,86
786,86
787,86
788,86
811,86
812,86
813,86
826,86
827,86
828,86
852,86
853,86
854,86
855,86
856,86
857,86
928,86
929,86
930,86
931,86
932,86
933,86
934,86
940,86
941,86
942,86
943,86
987,86
988,86
989,86
990,86
991,86
992,86
993,86
994,86
995,86
996,86
1019,86
1020,86
1021,86
1022,86
1023,86
0,87
1,87
2,87
3,87
4,87
5,87
6,87
7,87
8,87
84,87
85,87
86,87
87,87
88,87
89,87
95,87
96,87
97,87
98,87
99,87
100,87
101,87
122,87
123,87
124,87
125,87
126,87
127,87
133,87
134,87
143,87
144,87
145,87
146,87
147,87
148,87
408,87
409,87
410,87
411,87
412,87
413,87
482,87
483,87
484,87
485,87
486,87
492,87
493,87
494,87
510,87
511,87
512,87
527,87
528,87
529,87
542,87
543,87
544,87
587,87
588,87
589,87
590,87
731,87
732,87
733,87
734,87
735,87
736,87
737,87
738,87
739,87
740,87
741,87
742,87
743,87
744,87
745,87
757,87
758,87
759,87
760,87
761,87
762,87
763,87
764,87
765,87
781,87
813,87
814,87
815,87
825,87
826,87
827,87
828,87
852,87
853,87
854,87
855,87
856,87
857,87
858,87
859,87
863,87
864,87
865,87
866,87
924,87
925,87
926,87
927,87
928,87
929,87
930,87
931,87
932,87
933,87
934,87
938,87
939,87
940,87
941,87
981,87
982,87
983,87
984,87
985,87
987,87
988,87
989,87
990,87
991,87
1019,87
1020,87
1021,87
1022,87
1023,87
0,88
1,88
2,88
3,88
4,88
5,88
6,88
7,88
8,88
9,88
87,88
124,88
125,88
126,88
131,88
132,88
133,88
147,88
410,88
411,88
412,88
482,88
483,88
484,88
485,88
486,88
487,88
491,88
492,88
493,88
510,88
511,88
525,88
526,88
527,88
528,88
543,88
544,88
545,88
573,88
589,88
590,88
598,88
655,88
656,88
657,88
658,88
659,88
730,88
731,88
732,88
733,88
734,88
735,88
736,88
737,88
738,88
739,88
740,88
741,88
742,88
743,88
744,88
758,88
762,88
763,88
764,88
765,88
766,88
776,88
777,88
778,88
779,88
780,88
781,88
782,88
783,88
784,88
785,88
786,88
787,88
824,88
825,88
826,88
827,88
828,88
852,88
853,88
854,88
855,88
856,88
857,88
858,88
864,88
865,88
866,88
867,88
868,88
871,88
872,88
873,88
923,88
924,88
925,88
926,88
927,88
928,88
929,88
930,88
931,88
932,88
933,88
934,88
948,88
949,88
950,88
975,88
976,88
977,88
978,88
979,88
980,88
981,88
982,88
983,88
984,88
985,88
986,88
987,88
988,88
989,88
990,88
1019,88
1020,88
1021,88
1022,88
1023,88
0,89
1,89
2,89
3,89
4,89
5,89
6,89
7,89
8,89
119,89
130,89
131,89
132,89
133,89
147,89
399,89
400,89
401,89
402,89
403,89
404,89
484,89
485,89
486,89
487,89
490,89
491,89
492,89
510,89
511,89
518,89
519,89
524,89
525,89
544,89
573,89
589,89
590,89
591,89
654,89
655,89
656,89
657,89
658,89
659,89
709,89
710,89
711,89
712,89
713,89
714,89
725,89
726,89
727,89
728,89
729,89
730,89
731,89
732,89
733,89
734,89
735,89
736,89
737,89
738,89
739,89
740,89
741,89
813,89
823,89
824,89
825,89
826,89
827,89
828,89
853,89
854,89
855,89
856,89
857,89
891,89
892,89
893,89
894,89
895,89
896,89
920,89
921,89
922,89
923,89
924,89
925,89
926,89
927,89
928,89
929,89
930,89
931,89
932,89
933,89
946,89
947,89
948,89
949,89
950,89
972,89
973,89
974,89
975,89
976,89
977,89
978,89
979,89
980,89
981,89
982,89
983,89
984,89
985,89
1019,89
1020,89
1021,89
1022,89
1023,89
0,90
1,90
2,90
3,90
4,90
5,90
6,90
7,90
55,90
56,90
64,90
101,90
102,90
103,90
104,90
105,90
106,90
107,90
108,90
109,90
110,90
111,90
112,90
113,90
114,90
115,90
119,90
120,90
121,90
127,90
128,90
129,90
130,90
131,90
132,90
145,90
146,90
147,90
148,90
149,90
153,90
154,90
424,90
485,90
489,90
490,90
491,90
558,90
573,90
589,90
590,90
591,90
600,90
601,90
652,90
653,90
654,90
655,90
656,90
698,90
699,90
709,90
710,90
711,90
712,90
713,90
725,90
726,90
727,90
754,90
755,90
756,90
757,90
758,90
759,90
760,90
761,90
762,90
763,90
764,90
765,90
766,90
771,90
812,90
822,90
823,90
824,90
825,90
846,90
847,90
849,90
850,90
851,90
891,90
892,90
893,90
894,90
895,90
896,90
897,90
898,90
899,90
900,90
901,90
902,90
903,90
904,90
920,90
921,90
922,90
923,90
924,90
925,90
926,90
927,90
928,90
943,90
944,90
945,90
946,90
947,90
948,90
949,90
963,90
964,90
965,90
966,90
967,90
968,90
969,90
970,90
971,90
972,90
973,90
974,90
975,90
976,90
977,90
978,90
979,90
1019,90
1020,90
1021,90
1022,90
1023,90
0,91
1,91
2,91
3,91
4,91
5,91
6,91
7,91
62,91
63,91
64,91
65,91
66,91
93,91
94,91
95,91
96,91
97,91
98,91
99,91
100,91
101,91
102,91
103,91
104,91
105,91
106,91
107,91
108,91
109,91
110,91
111,91
112,91
113,91
117,91
118,91
119,91
120,91
121,91
122,91
127,91
128,91
129,91
130,91
131,91
132,91
144,91
145,91
146,91
147,91
148,91
152,91
153,91
154,91
233,91
234,91
235,91
236,91
237,91
272,91
273,91
423,91
424,91
480,91
481,91
482,91
483,91
484,91
488,91
489,91
490,91
491,91
492,91
512,91
513,91
514,91
515,91
516,91
556,91
557,91
558,91
567,91
568,91
573,91
574,91
589,91
590,91
591,91
592,91
599,91
600,91
605,91
606,91
607,91
608,91
650,91
651,91
652,91
653,91
654,91
705,91
706,91
707,91
708,91
709,91
710,91
711,91
733,91
734,91
735,91
736,91
737,91
738,91
742,91
743,91
744,91
745,91
746,91
747,91
748,91
749,91
750,91
751,91
752,91
753,91
754,91
755,91
756,91
757,91
758,91
759,91
760,91
761,91
762,91
763,91
764,91
765,91
775,91
776,91
777,91
778,91
779,91
780,91
781,91
782,91
819,91
820,91
821,91
822,91
837,91
838,91
842,91
843,91
844,91
845,91
846,91
847,91
872,91
873,91
874,91
875,91
876,91
877,91
878,91
897,91
898,91
899,91
900,91
901,91
902,91
903,91
904,91
905,91
920,91
921,91
922,91
923,91
924,91
925,91
926,91
927,91
928,91
943,91
944,91
945,91
946,91
947,91
962,91
963,91
964,91
965,91
966,91
967,91
968,91
969,91
970,91
971,91
972,91
973,91
974,91
975,91
1019,91
1020,91
1021,91
1022,91
1023,91
0,92
1,92
2,92
3,92
4,92
5,92
6,92
7,92
8,92
64,92
65,92
66,92
97,92
98,92
99,92
100,92
101,92
102,92
103,92
104,92
105,92
106,92
107,92
108,92
109,92
110,92
118,92
119,92
120,92
121,92
144,92
145,92
146,92
147,92
148,92
151,92
152,92
153,92
233,92
234,92
235,92
236,92
237,92
395,92
396,92
397,92
479,92
480,92
481,92
482,92
483,92
488,92
489,92
490,92
491,92
556,92
557,92
558,92
573,92
590,92
591,92
592,92
593,92
602,92
603,92
604,92
605,92
606,92
607,92
649,92
651,92
652,92
764,92
765,92
774,92
775,92
776,92
777,92
778,92
779,92
780,92
781,92
782,92
783,92
820,92
821,92
835,92
837,92
838,92
839,92
843,92
844,92
845,92
864,92
865,92
866,92
867,92
868,92
869,92
870,92
871,92
872,92
873,92
874,92
875,92
876,92
877,92
878,92
879,92
880,92
881,92
882,92
924,92
925,92
926,92
964,92
965,92
966,92
1019,92
1020,92
1021,92
1022,92
1023,92
0,93
1,93
2,93
3,93
4,93
5,93
6,93
7,93
126,93
144,93
145,93
146,93
147,93
151,93
152,93
153,93
395,93
396,93
397,93
398,93
399,93
479,93
480,93
481,93
482,93
483,93
488,93
489,93
490,93
491,93
506,93
507,93
556,93
590,93
591,93
592,93
593,93
601,93
602,93
603,93
604,93
605,93
606,93
607,93
768,93
769,93
774,93
775,93
776,93
777,93
778,93
779,93
780,93
781,93
782,93
783,93
833,93
834,93
838,93
839,93
840,93
854,93
855,93
856,93
857,93
858,93
859,93
860,93
861,93
862,93
863,93
864,93
865,93
866,93
867,93
868,93
869,93
870,93
871,93
872,93
873,93
874,93
880,93
881,93
908,93
909,93
910,93
911,93
912,93
1019,93
1020,93
1021,93
1022,93
1023,93
0,94
1,94
2,94
3,94
4,94
5,94
6,94
7,94
124,94
125,94
126,94
127,94
128,94
143,94
144,94
151,94
152,94
157,94
311,94
396,94
397,94
398,94
399,94
478,94
479,94
480,94
481,94
482,94
487,94
488,94
489,94
490,94
491,94
504,94
505,94
506,94
507,94
508,94
556,94
557,94
587,94
591,94
592,94
593,94
602,94
603,94
604,94
605,94
606,94
616,94
617,94
624,94
642,94
643,94
644,94
832,94
833,94
834,94
835,94
836,94
837,94
838,94
839,94
851,94
852,94
853,94
854,94
855,94
856,94
857,94
908,94
909,94
910,94
911,94
912,94
913,94
914,94
921,94
922,94
923,94
924,94
925,94
926,94
1019,94
1020,94
1021,94
1022,94
1023,94
0,95
1,95
2,95
3,95
4,95
5,95
6,95
7,95
123,95
124,95
125,95
126,95
127,95
128,95
129,95
142,95
143,95
151,95
152,95
156,95
157,95
172,95
173,95
251,95
252,95
311,95
312,95
397,95
398,95
399,95
478,95
479,95
480,95
481,95
487,95
488,95
489,95
490,95
491,95
504,95
505,95
506,95
507,95
508,95
556,95
557,95
558,95
587,95
615,95
616,95
769,95
770,95
771,95
772,95
782,95
783,95
784,95
785,95
793,95
827,95
828,95
829,95
830,95
831,95
832,95
833,95
834,95
835,95
836,95
837,95
845,95
846,95
847,95
849,95
850,95
851,95
852,95
853,95
854,95
855,95
856,95
887,95
888,95
889,95
919,95
920,95
921,95
922,95
923,95
924,95
925,95
926,95
927,95
1019,95
1020,95
1021,95
1022,95
1023,95
0,96
1,96
2,96
3,96
4,96
5,96
6,96
7,96
123,96
124,96
125,96
126,96
127,96
128,96
129,96
142,96
143,96
144,96
151,96
152,96
156,96
157,96
168,96
169,96
170,96
171,96
172,96
173,96
174,96
249,96
250,96
251,96
252,96
253,96
349,96
350,96
398,96
399,96
477,96
478,96
479,96
487,96
488,96
489,96
490,96
505,96
506,96
507,96
508,96
554,96
555,96
556,96
557,96
558,96
559,96
560,96
561,96
586,96
587,96
588,96
648,96
656,96
763,96
764,96
765,96
766,96
767,96
768,96
769,96
770,96
771,96
772,96
773,96
774,96
780,96
781,96
782,96
783,96
829,96
830,96
831,96
832,96
833,96
834,96
841,96
842,96
843,96
844,96
845,96
846,96
847,96
848,96
849,96
850,96
851,96
852,96
853,96
854,96
855,96
887,96
888,96
889,96
910,96
911,96
912,96
913,96
918,96
919,96
920,96
921,96
922,96
923,96
924,96
925,96
926,96
961,96
962,96
963,96
1019,96
1020,96
1021,96
1022,96
1023,96
0,97
1,97
2,97
3,97
4,97
5,97
6,97
7,97
37,97
123,97
124,97
125,97
126,97
127,97
128,97
143,97
144,97
145,97
152,97
167,97
168,97
169,97
170,97
171,97
172,97
173,97
349,97
350,97
351,97
352,97
353,97
354,97
355,97
356,97
357,97
358,97
359,97
360,97
361,97
457,97
458,97
506,97
507,97
508,97
509,97
553,97
554,97
555,97
556,97
557,97
558,97
559,97
560,97
587,97
644,97
645,97
646,97
753,97
754,97
755,97
756,97
757,97
758,97
759,97
760,97
761,97
762,97
763,97
838,97
839,97
840,97
841,97
842,97
843,97
844,97
845,97
846,97
847,97
901,97
902,97
903,97
904,97
905,97
906,97
907,97
908,97
909,97
910,97
911,97
912,97
913,97
914,97
915,97
916,97
917,97
918,97
919,97
955,97
956,97
1019,97
1020,97
1021,97
1022,97
1023,97
0,98
1,98
2,98
3,98
4,98
5,98
6,98
7,98
123,98
124,98
125,98
126,98
127,98
128,98
144,98
145,98
146,98
166,98
167,98
168,98
314,98
315,98
316,98
317,98
318,98
319,98
320,98
359,98
360,98
361,98
362,98
363,98
364,98
399,98
400,98
456,98
457,98
458,98
506,98
507,98
508,98
509,98
510,98
553,98
554,98
555,98
556,98
557,98
558,98
563,98
564,98
565,98
566,98
575,98
576,98
613,98
632,98
633,98
634,98
641,98
642,98
643,98
644,98
744,98
745,98
746,98
747,98
748,98
749,98
750,98
751,98
752,98
753,98
754,98
755,98
756,98
757,98
758,98
759,98
821,98
822,98
823,98
824,98
825,98
837,98
838,98
839,98
840,98
841,98
842,98
843,98
844,98
898,98
899,98
900,98
901,98
902,98
903,98
904,98
905,98
906,98
907,98
908,98
909,98
910,98
911,98
912,98
913,98
914,98
915,98
931,98
932,98
933,98
934,98
935,98
964,98
965,98
966,98
1018,98
1019,98
1020,98
1021,98
1022,98
1023,98
0,99
1,99
2,99
3,99
4,99
5,99
6,99
7,99
123,99
124,99
125,99
126,99
127,99
128,99
320,99
321,99
323,99
324,99
325,99
362,99
363,99
364,99
365,99
399,99
400,99
456,99
457,99
508,99
509,99
510,99
511,99
512,99
553,99
554,99
555,99
556,99
563,99
564,99
565,99
575,99
611,99
639,99
640,99
641,99
642,99
643,99
695,99
696,99
697,99
698,99
699,99
700,99
701,99
739,99
740,99
741,99
742,99
743,99
744,99
745,99
746,99
747,99
748,99
749,99
750,99
751,99
752,99
753,99
754,99
755,99
819,99
820,99
821,99
822,99
823,99
824,99
825,99
838,99
839,99
840,99
841,99
842,99
894,99
895,99
896,99
900,99
901,99
902,99
903,99
904,99
905,99
906,99
922,99
923,99
924,99
925,99
926,99
927,99
929,99
930,99
931,99
932,99
933,99
948,99
961,99
963,99
964,99
965,99
966,99
967,99
1019,99
1020,99
1021,99
1022,99
1023,99
0,100
1,100
2,100
3,100
4,100
5,100
6,100
7,100
122,100
123,100
124,100
125,100
126,100
127,100
166,100
364,100
365,100
366,100
398,100
399,100
400,100
478,100
510,100
511,100
512,100
513,100
608,100
609,100
610,100
627,100
628,100
637,100
638,100
639,100
640,100
641,100
695,100
709,100
710,100
711,100
712,100
713,100
714,100
733,100
734,100
735,100
736,100
737,100
738,100
739,100
740,100
741,100
742,100
743,100
744,100
746,100
747,100
817,100
818,100
819,100
820,100
921,100
922,100
923,100
924,100
925,100
926,100
927,100
928,100
940,100
941,100
942,100
943,100
944,100
945,100
946,100
961,100
964,100
965,100
966,100
1019,100
1020,100
1021,100
1022,100
1023,100
0,101
1,101
2,101
3,101
4,101
5,101
6,101
7,101
122,101
123,101
124,101
125,101
126,101
165,101
166,101
365,101
366,101
367,101
397,101
398,101
399,101
400,101
473,101
478,101
510,101
511,101
512,101
513,101
514,101
515,101
516,101
608,101
609,101
636,101
637,101
708,101
709,101
710,101
711,101
712,101
713,101
714,101
715,101
728,101
729,101
730,101
731,101
732,101
733,101
734,101
735,101
736,101
737,101
738,101
739,101
740,101
741,101
742,101
861,101
862,101
863,101
864,101
865,101
916,101
917,101
918,101
919,101
920,101
925,101
936,101
937,101
938,101
939,101
940,101
941,101
942,101
943,101
944,101
961,101
1019,101
1020,101
1021,101
1022,101
1023,101
0,102
1,102
2,102
3,102
4,102
5,102
6,102
7,102
122,102
123,102
124,102
125,102
126,102
164,102
165,102
166,102
367,102
398,102
399,102
400,102
454,102
455,102
472,102
473,102
510,102
511,102
512,102
513,102
514,102
515,102
516,102
698,102
699,102
700,102
701,102
702,102
703,102
704,102
708,102
709,102
710,102
711,102
712,102
713,102
714,102
715,102
720,102
725,102
726,102
727,102
728,102
729,102
730,102
731,102
732,102
733,102
734,102
735,102
736,102
737,102
738,102
739,102
755,102
756,102
859,102
860,102
861,102
862,102
863,102
864,102
911,102
912,102
913,102
914,102
915,102
916,102
917,102
918,102
919,102
928,102
929,102
930,102
931,102
932,102
933,102
934,102
935,102
936,102
937,102
938,102
939,102
940,102
941,102
942,102
955,102
959,102
960,102
961,102
1019,102
1020,102
1021,102
1022,102
1023,102
0,103
1,103
2,103
3,103
4,103
5,103
6,103
7,103
122,103
123,103
124,103
125,103
126,103
152,103
164,103
165,103
367,103
368,103
400,103
401,103
454,103
455,103
510,103
511,103
512,103
513,103
514,103
515,103
516,103
682,103
683,103
684,103
685,103
686,103
698,103
699,103
700,103
701,103
702,103
703,103
711,103
712,103
713,103
714,103
725,103
726,103
727,103
728,103
729,103
730,103
731,103
878,103
879,103
880,103
881,103
882,103
910,103
911,103
912,103
913,103
914,103
915,103
927,103
928,103
929,103
930,103
931,103
932,103
933,103
934,103
935,103
936,103
937,103
938,103
939,103
952,103
953,103
954,103
955,103
972,103
973,103
974,103
1019,103
1020,103
1021,103
1022,103
1023,103
0,104
1,104
2,104
3,104
4,104
5,104
6,104
7,104
122,104
123,104
124,104
125,104
126,104
150,104
151,104
152,104
153,104
154,104
155,104
156,104
164,104
182,104
368,104
369,104
402,104
461,104
462,104
568,104
677,104
678,104
679,104
680,104
681,104
682,104
683,104
684,104
685,104
726,104
727,104
728,104
751,104
877,104
878,104
879,104
880,104
909,104
910,104
911,104
912,104
927,104
928,104
929,104
931,104
932,104
933,104
934,104
935,104
946,104
947,104
948,104
949,104
950,104
951,104
953,104
1019,104
1020,104
1021,104
1022,104
1023,104
0,105
1,105
2,105
3,105
4,105
5,105
6,105
7,105
122,105
123,105
124,105
125,105
126,105
150,105
151,105
152,105
153,105
154,105
155,105
156,105
181,105
182,105
183,105
368,105
369,105
401,105
667,105
668,105
669,105
670,105
671,105
672,105
673,105
678,105
679,105
680,105
681,105
688,105
689,105
690,105
691,105
692,105
693,105
694,105
695,105
718,105
747,105
748,105
749,105
750,105
817,105
818,105
819,105
836,105
837,105
838,105
839,105
848,105
849,105
850,105
875,105
908,105
909,105
910,105
911,105
941,105
942,105
943,105
944,105
945,105
946,105
947,105
948,105
978,105
979,105
980,105
981,105
1019,105
1020,105
1021,105
1022,105
1023,105
0,106
1,106
2,106
3,106
4,106
5,106
6,106
7,106
122,106
123,106
124,106
125,106
181,106
182,106
183,106
201,106
205,106
369,106
370,106
461,106
462,106
535,106
562,106
563,106
564,106
569,106
570,106
571,106
572,106
586,106
587,106
605,106
606,106
607,106
608,106
609,106
667,106
668,106
669,106
670,106
685,106
686,106
687,106
688,106
689,106
690,106
691,106
692,106
744,106
745,106
746,106
747,106
748,106
864,106
865,106
866,106
867,106
874,106
875,106
903,106
904,106
905,106
925,106
926,106
927,106
940,106
941,106
942,106
943,106
944,106
945,106
946,106
974,106
975,106
976,106
977,106
978,106
979,106
980,106
981,106
982,106
1019,106
1020,106
1021,106
1022,106
1023,106
0,107
1,107
2,107
3,107
4,107
5,107
6,107
7,107
123,107
124,107
125,107
171,107
180,107
181,107
182,107
205,107
206,107
207,107
208,107
254,107
255,107
369,107
370,107
431,107
537,107
541,107
542,107
547,107
548,107
549,107
550,107
551,107
552,107
558,107
559,107
560,107
561,107
562,107
563,107
567,107
568,107
569,107
570,107
571,107
584,107
585,107
586,107
587,107
591,107
592,107
603,107
604,107
605,107
606,107
607,107
608,107
609,107
615,107
616,107
617,107
665,107
667,107
668,107
669,107
670,107
685,107
686,107
687,107
688,107
723,107
724,107
725,107
741,107
742,107
743,107
744,107
745,107
841,107
842,107
843,107
844,107
845,107
846,107
847,107
848,107
863,107
864,107
865,107
866,107
867,107
919,107
920,107
921,107
922,107
923,107
924,107
925,107
941,107
942,107
943,107
973,107
974,107
975,107
976,107
977,107
978,107
979,107
980,107
1019,107
1020,107
1021,107
1022,107
1023,107
0,108
1,108
2,108
3,108
4,108
5,108
6,108
7,108
124,108
125,108
126,108
170,108
171,108
172,108
173,108
179,108
180,108
181,108
182,108
369,108
370,108
431,108
432,108
462,108
475,108
476,108
477,108
543,108
544,108
545,108
546,108
547,108
548,108
549,108
550,108
566,108
567,108
568,108
590,108
591,108
592,108
593,108
595,108
596,108
597,108
598,108
599,108
600,108
601,108
616,108
617,108
618,108
619,108
659,108
660,108
661,108
662,108
663,108
664,108
665,108
666,108
667,108
668,108
669,108
670,108
693,108
738,108
739,108
740,108
741,108
845,108
846,108
859,108
860,108
861,108
862,108
863,108
864,108
865,108
866,108
867,108
917,108
918,108
919,108
920,108
921,108
927,108
928,108
929,108
930,108
931,108
932,108
969,108
970,108
971,108
1019,108
1020,108
1021,108
1022,108
1023,108
0,109
1,109
2,109
3,109
4,109
5,109
6,109
7,109
8,109
46,109
47,109
48,109
49,109
50,109
126,109
127,109
156,109
157,109
167,109
168,109
169,109
170,109
189,109
190,109
432,109
476,109
488,109
489,109
490,109
542,109
543,109
544,109
545,109
546,109
547,109
548,109
549,109
588,109
589,109
590,109
591,109
592,109
593,109
594,109
595,109
596,109
597,109
598,109
617,109
618,109
619,109
620,109
621,109
646,109
647,109
648,109
649,109
652,109
653,109
654,109
655,109
656,109
657,109
658,109
661,109
662,109
704,109
734,109
735,109
736,109
737,109
738,109
848,109
849,109
850,109
851,109
852,109
853,109
854,109
855,109
856,109
857,109
858,109
859,109
860,109
861,109
915,109
916,109
917,109
918,109
923,109
924,109
925,109
926,109
927,109
928,109
929,109
930,109
931,109
932,109
933,109
934,109
1019,109
1020,109
1021,109
1022,109
1023,109
0,110
1,110
2,110
3,110
4,110
5,110
6,110
7,110
8,110
45,110
46,110
47,110
48,110
49,110
50,110
165,110
166,110
167,110
168,110
169,110
170,110
399,110
476,110
492,110
538,110
539,110
540,110
541,110
542,110
543,110
544,110
545,110
570,110
571,110
588,110
589,110
590,110
591,110
592,110
593,110
594,110
595,110
616,110
617,110
618,110
645,110
646,110
647,110
648,110
649,110
650,110
651,110
652,110
653,110
677,110
678,110
679,110
680,110
681,110
682,110
683,110
713,110
714,110
715,110
716,110
731,110
732,110
733,110
734,110
735,110
736,110
778,110
779,110
780,110
847,110
848,110
849,110
850,110
851,110
852,110
853,110
854,110
855,110
856,110
857,110
858,110
859,110
899,110
900,110
901,110
902,110
903,110
923,110
924,110
925,110
926,110
927,110
928,110
929,110
930,110
931,110
932,110
933,110
950,110
951,110
952,110
953,110
954,110
1019,110
1020,110
1021,110
1022,110
1023,110
0,111
1,111
2,111
3,111
4,111
5,111
6,111
7,111
8,111
164,111
165,111
166,111
167,111
168,111
169,111
177,111
178,111
179,111
180,111
181,111
182,111
183,111
184,111
269,111
270,111
398,111
399,111
400,111
492,111
493,111
494,111
495,111
508,111
509,111
535,111
536,111
537,111
538,111
539,111
540,111
585,111
586,111
587,111
588,111
589,111
590,111
591,111
615,111
616,111
617,111
618,111
646,111
647,111
648,111
649,111
650,111
651,111
677,111
678,111
679,111
680,111
681,111
682,111
683,111
684,111
707,111
708,111
709,111
710,111
725,111
726,111
727,111
728,111
729,111
730,111
731,111
732,111
778,111
779,111
780,111
781,111
790,111
791,111
792,111
793,111
794,111
795,111
796,111
797,111
798,111
799,111
800,111
801,111
802,111
803,111
804,111
805,111
806,111
807,111
808,111
809,111
810,111
811,111
812,111
813,111
814,111
815,111
846,111
853,111
889,111
890,111
891,111
892,111
893,111
894,111
901,111
921,111
922,111
923,111
924,111
925,111
926,111
927,111
928,111
929,111
930,111
948,111
949,111
950,111
951,111
952,111
953,111
954,111
1019,111
1020,111
1021,111
1022,111
1023,111
0,112
1,112
2,112
3,112
4,112
5,112
6,112
7,112
8,112
164,112
165,112
166,112
173,112
174,112
175,112
176,112
177,112
178,112
179,112
180,112
181,112
182,112
183,112
189,112
424,112
492,112
493,112
494,112
534,112
535,112
536,112
537,112
538,112
582,112
583,112
584,112
585,112
586,112
587,112
588,112
589,112
645,112
646,112
647,112
648,112
649,112
650,112
651,112
652,112
679,112
680,112
681,112
682,112
683,112
697,112
698,112
699,112
700,112
701,112
702,112
703,112
726,112
783,112
784,112
785,112
786,112
787,112
788,112
789,112
790,112
791,112
792,112
793,112
794,112
795,112
796,112
797,112
798,112
799,112
800,112
801,112
846,112
847,112
880,112
881,112
882,112
883,112
884,112
886,112
887,112
888,112
927,112
928,112
929,112
952,112
957,112
958,112
959,112
960,112
961,112
962,112
1019,112
1020,112
1021,112
1022,112
1023,112
0,113
1,113
2,113
3,113
4,113
5,113
6,113
7,113
168,113
169,113
170,113
171,113
172,113
173,113
174,113
175,113
176,113
177,113
178,113
189,113
190,113
191,113
311,113
315,113
320,113
478,113
479,113
480,113
534,113
535,113
536,113
580,113
581,113
582,113
583,113
584,113
585,113
586,113
616,113
639,113
640,113
641,113
642,113
643,113
644,113
645,113
646,113
647,113
648,113
649,113
650,113
651,113
652,113
653,113
680,113
681,113
688,113
689,113
690,113
691,113
692,113
693,113
694,113
695,113
696,113
697,113
698,113
699,113
700,113
783,113
784,113
785,113
786,113
787,113
788,113
846,113
847,113
878,113
879,113
880,113
881,113
882,113
883,113
907,113
956,113
957,113
958,113
959,113
960,113
961,113
1019,113
1020,113
1021,113
1022,113
1023,113
0,114
1,114
2,114
3,114
4,114
5,114
6,114
7,114
29,114
30,114
31,114
32,114
167,114
168,114
169,114
170,114
171,114
172,114
173,114
396,114
417,114
418,114
473,114
477,114
478,114
479,114
480,114
578,114
579,114
580,114
581,114
582,114
583,114
584,114
590,114
639,114
640,114
641,114
642,114
643,114
644,114
645,114
646,114
647,114
648,114
649,114
650,114
651,114
652,114
687,114
688,114
689,114
690,114
691,114
692,114
693,114
694,114
695,114
696,114
697,114
698,114
699,114
807,114
808,114
894,114
895,114
896,114
897,114
898,114
899,114
900,114
901,114
902,114
903,114
904,114
952,114
953,114
954,114
955,114
956,114
957,114
958,114
959,114
960,114
1019,114
1020,114
1021,114
1022,114
1023,114
0,115
1,115
2,115
3,115
4,115
5,115
6,115
7,115
31,115
32,115
33,115
44,115
77,115
78,115
79,115
80,115
166,115
167,115
168,115
169,115
339,115
340,115
341,115
342,115
346,115
347,115
478,115
576,115
577,115
582,115
583,115
585,115
586,115
587,115
639,115
640,115
641,115
642,115
643,115
688,115
689,115
884,115
885,115
886,115
887,115
888,115
889,115
890,115
891,115
892,115
893,115
894,115
895,115
896,115
943,115
944,115
945,115
946,115
947,115
948,115
949,115
950,115
951,115
952,115
953,115
954,115
955,115
956,115
957,115
958,115
959,115
996,115
997,115
1019,115
1020,115
1021,115
1022,115
1023,115
0,116
1,116
2,116
3,116
4,116
5,116
6,116
7,116
8,116
25,116
26,116
31,116
32,116
42,116
43,116
44,116
45,116
46,116
47,116
48,116
49,116
50,116
51,116
52,116
53,116
74,116
75,116
76,116
77,116
78,116
79,116
137,116
138,116
139,116
161,116
162,116
163,116
164,116
165,116
166,116
167,116
168,116
180,116
181,116
182,116
183,116
184,116
345,116
346,116
347,116
348,116
349,116
640,116
641,116
642,116
883,116
884,116
885,116
886,116
887,116
888,116
941,116
942,116
943,116
944,116
945,116
946,116
947,116
948,116
949,116
950,116
957,116
996,116
1019,116
1020,116
1021,116
1022,116
1023,116
0,117
1,117
2,117
3,117
4,117
5,117
6,117
7,117
8,117
9,117
23,117
24,117
25,117
26,117
27,117
30,117
31,117
32,117
33,117
40,117
41,117
42,117
43,117
44,117
45,117
46,117
47,117
48,117
49,117
50,117
51,117
76,117
77,117
101,117
102,117
140,117
145,117
166,117
176,117
177,117
178,117
179,117
180,117
181,117
182,117
183,117
184,117
185,117
186,117
204,117
205,117
348,117
349,117
350,117
351,117
352,117
353,117
473,117
474,117
475,117
510,117
511,117
512,117
580,117
581,117
582,117
583,117
905,117
906,117
907,117
908,117
909,117
923,117
924,117
925,117
926,117
927,117
928,117
929,117
930,117
931,117
932,117
933,117
934,117
935,117
941,117
942,117
943,117
944,117
945,117
975,117
988,117
989,117
990,117
991,117
992,117
993,117
994,117
1019,117
1020,117
1021,117
1022,117
1023,117
0,118
1,118
2,118
3,118
4,118
5,118
6,118
7,118
8,118
9,118
21,118
22,118
23,118
24,118
25,118
26,118
27,118
28,118
29,118
30,118
31,118
32,118
33,118
34,118
35,118
40,118
41,118
42,118
43,118
44,118
45,118
46,118
47,118
48,118
94,118
95,118
96,118
97,118
145,118
146,118
148,118
174,118
175,118
176,118
177,118
178,118
179,118
180,118
181,118
182,118
183,118
184,118
185,118
186,118
205,118
206,118
207,118
208,118
352,118
353,118
354,118
472,118
473,118
474,118
508,118
509,118
510,118
511,118
512,118
523,118
557,118
558,118
559,118
579,118
580,118
581,118
582,118
921,118
922,118
923,118
924,118
925,118
926,118
927,118
928,118
929,118
930,118
931,118
932,118
933,118
987,118
988,118
989,118
990,118
1019,118
1020,118
1021,118
1022,118
1023,118
0,119
1,119
2,119
3,119
4,119
5,119
6,119
7,119
8,119
9,119
10,119
19,119
20,119
21,119
22,119
23,119
24,119
25,119
31,119
32,119
33,119
34,119
35,119
36,119
53,119
54,119
55,119
56,119
57,119
58,119
59,119
60,119
61,119
62,119
84,119
85,119
95,119
96,119
173,119
174,119
175,119
176,119
177,119
178,119
207,119
221,119
222,119
223,119
579,119
580,119
581,119
799,119
800,119
801,119
802,119
803,119
880,119
881,119
882,119
883,119
884,119
885,119
886,119
887,119
911,119
912,119
913,119
914,119
915,119
916,119
917,119
918,119
919,119
920,119
921,119
922,119
923,119
924,119
925,119
926,119
927,119
928,119
929,119
983,119
984,119
985,119
986,119
1019,119
1020,119
1021,119
1022,119
1023,119
0,120
1,120
2,120
3,120
4,120
5,120
6,120
7,120
8,120
9,120
22,120
23,120
33,120
34,120
35,120
36,120
37,120
51,120
52,120
53,120
54,120
55,120
56,120
57,120
58,120
59,120
60,120
61,120
62,120
63,120
106,120
107,120
154,120
155,120
156,120
157,120
158,120
159,120
160,120
161,120
162,120
163,120
164,120
165,120
166,120
167,120
172,120
173,120
174,120
175,120
176,120
215,120
216,120
217,120
218,120
219,120
220,120
221,120
222,120
319,120
320,120
416,120
417,120
580,120
798,120
799,120
800,120
801,120
802,120
803,120
804,120
877,120
878,120
879,120
880,120
881,120
882,120
883,120
907,120
908,120
909,120
910,120
911,120
912,120
913,120
914,120
915,120
916,120
917,120
918,120
919,120
920,120
921,120
922,120
923,120
924,120
975,120
976,120
978,120
979,120
980,120
981,120
982,120
983,120
984,120
1019,120
1020,120
1021,120
1022,120
1023,120
0,121
1,121
2,121
3,121
4,121
5,121
6,121
7,121
34,121
35,121
36,121
37,121
50,121
51,121
52,121
53,121
54,121
55,121
56,121
57,121
58,121
59,121
60,121
89,121
97,121
98,121
99,121
100,121
101,121
154,121
155,121
156,121
157,121
158,121
159,121
160,121
161,121
162,121
163,121
164,121
165,121
166,121
167,121
173,121
174,121
175,121
214,121
215,121
216,121
217,121
218,121
219,121
220,121
315,121
415,121
416,121
417,121
810,121
811,121
812,121
813,121
814,121
815,121
868,121
869,121
870,121
871,121
872,121
873,121
874,121
875,121
876,121
877,121
878,121
879,121
907,121
908,121
909,121
910,121
911,121
912,121
913,121
914,121
915,121
974,121
975,121
976,121
977,121
978,121
979,121
1019,121
1020,121
1021,121
1022,121
1023,121
0,122
1,122
2,122
3,122
4,122
5,122
6,122
7,122
11,122
12,122
33,122
34,122
35,122
50,122
51,122
52,122
53,122
54,122
55,122
56,122
57,122
58,122
89,122
90,122
91,122
92,122
93,122
95,122
96,122
97,122
98,122
99,122
100,122
122,122
123,122
124,122
125,122
126,122
136,122
137,122
138,122
154,122
155,122
156,122
157,122
158,122
163,122
164,122
165,122
166,122
167,122
168,122
169,122
170,122
171,122
172,122
173,122
174,122
315,122
317,122
318,122
386,122
415,122
430,122
431,122
432,122
487,122
488,122
489,122
490,122
755,122
756,122
757,122
803,122
804,122
805,122
806,122
807,122
808,122
809,122
810,122
811,122
812,122
813,122
814,122
815,122
816,122
817,122
818,122
819,122
863,122
864,122
865,122
866,122
867,122
868,122
869,122
870,122
871,122
872,122
873,122
874,122
875,122
972,122
973,122
974,122
975,122
976,122
977,122
1019,122
1020,122
1021,122
1022,122
1023,122
0,123
1,123
2,123
3,123
4,123
5,123
6,123
7,123
31,123
32,123
33,123
34,123
35,123
36,123
37,123
48,123
49,123
50,123
51,123
52,123
53,123
54,123
55,123
56,123
57,123
61,123
62,123
63,123
68,123
69,123
70,123
77,123
78,123
79,123
91,123
92,123
93,123
94,123
95,123
96,123
97,123
98,123
99,123
110,123
137,123
138,123
154,123
166,123
167,123
171,123
172,123
173,123
431,123
432,123
433,123
485,123
486,123
487,123
488,123
489,123
490,123
683,123
684,123
685,123
754,123
755,123
756,123
757,123
804,123
805,123
806,123
807,123
808,123
809,123
810,123
811,123
812,123
813,123
814,123
815,123
816,123
817,123
869,123
870,123
871,123
970,123
971,123
972,123
973,123
974,123
1019,123
1020,123
1021,123
1022,123
1023,123
0,124
1,124
2,124
3,124
4,124
5,124
6,124
7,124
8,124
27,124
28,124
29,124
30,124
31,124
32,124
33,124
34,124
35,124
36,124
37,124
38,124
42,124
43,124
44,124
45,124
46,124
47,124
48,124
49,124
50,124
51,124
52,124
53,124
54,124
55,124
61,124
62,124
63,124
64,124
65,124
66,124
67,124
69,124
70,124
71,124
93,124
94,124
95,124
96,124
101,124
102,124
103,124
104,124
105,124
126,124
127,124
128,124
129,124
130,124
131,124
431,124
432,124
433,124
683,124
684,124
685,124
686,124
761,124
762,124
772,124
773,124
874,124
875,124
876,124
877,124
878,124
879,124
880,124
881,124
882,124
899,124
900,124
901,124
902,124
964,124
965,124
966,124
967,124
968,124
969,124
970,124
971,124
972,124
1019,124
1020,124
1021,124
1022,124
1023,124
0,125
1,125
2,125
3,125
4,125
5,125
6,125
7,125
8,125
18,125
19,125
20,125
21,125
22,125
23,125
24,125
25,125
26,125
27,125
28,125
29,125
30,125
31,125
32,125
33,125
34,125
35,125
36,125
37,125
40,125
41,125
42,125
43,125
44,125
45,125
46,125
47,125
48,125
49,125
50,125
51,125
52,125
53,125
61,125
62,125
63,125
64,125
65,125
66,125
67,125
68,125
69,125
70,125
92,125
93,125
94,125
95,125
99,125
100,125
101,125
102,125
103,125
104,125
105,125
119,125
120,125
127,125
128,125
129,125
130,125
131,125
132,125
144,125
145,125
146,125
147,125
148,125
238,125
480,125
684,125
685,125
686,125
760,125
761,125
762,125
871,125
872,125
873,125
874,125
875,125
876,125
877,125
878,125
879,125
880,125
898,125
899,125
900,125
901,125
902,125
959,125
960,125
961,125
962,125
963,125
964,125
965,125
966,125
967,125
968,125
969,125
970,125
971,125
1019,125
1020,125
1021,125
1022,125
1023,125
0,126
1,126
2,126
3,126
4,126
5,126
6,126
7,126
8,126
9,126
18,126
19,126
20,126
21,126
22,126
23,126
24,126
25,126
26,126
27,126
28,126
29,126
30,126
31,126
32,126
33,126
34,126
38,126
39,126
40,126
41,126
42,126
43,126
44,126
45,126
46,126
47,126
48,126
49,126
50,126
51,126
52,126
59,126
60,126
61,126
62,126
63,126
64,126
65,126
66,126
67,126
68,126
69,126
70,126
92,126
93,126
94,126
98,126
99,126
100,126
101,126
102,126
103,126
104,126
119,126
120,126
121,126
122,126
230,126
231,126
290,126
291,126
292,126
293,126
405,126
872,126
873,126
874,126
875,126
876,126
877,126
878,126
879,126
895,126
896,126
897,126
898,126
899,126
900,126
950,126
951,126
952,126
953,126
954,126
955,126
956,126
957,126
958,126
959,126
960,126
961,126
962,126
963,126
964,126
1019,126
1020,126
1021,126
1022,126
1023,126
0,127
1,127
2,127
3,127
4,127
5,127
6,127
7,127
8,127
17,127
18,127
19,127
20,127
21,127
22,127
23,127
24,127
25,127
26,127
27,127
28,127
37,127
38,127
39,127
40,127
41,127
42,127
43,127
44,127
45,127
46,127
47,127
48,127
49,127
55,127
56,127
57,127
58,127
59,127
60,127
61,127
62,127
63,127
64,127
65,127
66,127
67,127
68,127
69,127
80,127
81,127
82,127
83,127
84,127
85,127
86,127
97,127
98,127
99,127
100,127
101,127
102,127
103,127
121,127
122,127
148,127
149,127
165,127
166,127
167,127
168,127
169,127
170,127
171,127
172,127
173,127
230,127
231,127
232,127
748,127
749,127
750,127
877,127
925,127
945,127
946,127
947,127
948,127
949,127
950,127
951,127
952,127
953,127
954,127
955,127
956,127
957,127
958,127
959,127
1019,127
1020,127
1021,127
1022,127
1023,127
0,128
1,128
2,128
3,128
4,128
5,128
6,128
7,128
17,128
18,128
19,128
20,128
21,128
22,128
23,128
24,128
25,128
26,128
35,128
36,128
37,128
38,128
39,128
40,128
41,128
42,128
43,128
44,128
45,128
46,128
47,128
57,128
58,128
59,128
60,128
61,128
62,128
63,128
64,128
65,128
66,128
67,128
68,128
80,128
81,128
82,128
83,128
84,128
85,128
86,128
87,128
88,128
98,128
99,128
100,128
101,128
102,128
124,128
125,128
126,128
127,128
128,128
172,128
173,128
174,128
175,128
176,128
177,128
178,128
227,128
470,128
471,128
472,128
473,128
625,128
626,128
627,128
628,128
754,128
755,128
756,128
757,128
758,128
846,128
850,128
851,128
852,128
853,128
854,128
887,128
911,128
912,128
913,128
914,128
915,128
916,128
921,128
941,128
942,128
943,128
944,128
945,128
946,128
947,128
948,128
949,128
950,128
951,128
952,128
953,128
1019,128
1020,128
1021,128
1022,128
1023,128
0,129
1,129
2,129
3,129
4,129
5,129
6,129
7,129
11,129
17,129
18,129
19,129
20,129
21,129
22,129
23,129
24,129
25,129
34,129
35,129
36,129
37,129
38,129
39,129
40,129
41,129
42,129
43,129
44,129
45,129
56,129
57,129
58,129
59,129
64,129
81,129
82,129
83,129
84,129
85,129
86,129
87,129
88,129
89,129
97,129
98,129
99,129
100,129
101,129
102,129
122,129
123,129
124,129
125,129
126,129
127,129
128,129
129,129
130,129
131,129
132,129
133,129
134,129
137,129
138,129
152,129
153,129
154,129
155,129
169,129
170,129
171,129
172,129
173,129
174,129
175,129
204,129
223,129
224,129
225,129
247,129
248,129
249,129
250,129
251,129
252,129
253,129
254,129
255,129
256,129
257,129
319,129
320,129
321,129
322,129
472,129
473,129
474,129
475,129
624,129
625,129
626,129
658,129
659,129
752,129
753,129
754,129
755,129
756,129
757,129
846,129
847,129
848,129
849,129
850,129
851,129
852,129
853,129
854,129
871,129
903,129
904,129
905,129
906,129
907,129
908,129
909,129
910,129
911,129
912,129
913,129
914,129
932,129
933,129
934,129
935,129
936,129
937,129
938,129
939,129
940,129
941,129
942,129
943,129
944,129
945,129
946,129
947,129
948,129
949,129
950,129
1020,129
1021,129
1022,129
1023,129
0,130
1,130
2,130
3,130
4,130
5,130
6,130
7,130
8,130
16,130
17,130
18,130
20,130
21,130
22,130
23,130
35,130
36,130
37,130
38,130
39,130
40,130
41,130
42,130
43,130
56,130
57,130
58,130
91,130
92,130
93,130
94,130
95,130
96,130
97,130
98,130
99,130
100,130
101,130
102,130
122,130
124,130
125,130
126,130
127,130
128,130
137,130
138,130
139,130
140,130
141,130
142,130
143,130
144,130
145,130
146,130
147,130
148,130
155,130
156,130
157,130
158,130
159,130
160,130
161,130
173,130
174,130
175,130
474,130
475,130
476,130
477,130
518,130
519,130
656,130
657,130
750,130
751,130
858,130
859,130
860,130
861,130
862,130
863,130
864,130
865,130
866,130
867,130
868,130
869,130
901,130
902,130
903,130
904,130
905,130
906,130
907,130
908,130
909,130
910,130
920,130
921,130
922,130
923,130
924,130
925,130
926,130
927,130
928,130
929,130
930,130
931,130
932,130
933,130
934,130
935,130
936,130
937,130
938,130
939,130
940,130
941,130
942,130
943,130
944,130
945,130
1019,130
1020,130
1021,130
1022,130
1023,130
0,131
1,131
2,131
3,131
4,131
5,131
6,131
7,131
8,131
12,131
13,131
14,131
15,131
16,131
17,131
18,131
19,131
20,131
21,131
22,131
36,131
37,131
38,131
39,131
40,131
52,131
70,131
71,131
75,131
76,131
77,131
78,131
87,131
88,131
89,131
90,131
91,131
92,131
93,131
94,131
95,131
96,131
97,131
98,131
99,131
100,131
101,131
102,131
144,131
145,131
146,131
147,131
148,131
149,131
150,131
151,131
153,131
154,131
160,131
161,131
162,131
163,131
164,131
178,131
179,131
180,131
181,131
182,131
236,131
237,131
238,131
239,131
240,131
241,131
316,131
317,131
318,131
474,131
475,131
476,131
477,131
515,131
516,131
517,131
518,131
654,131
655,131
852,131
853,131
854,131
855,131
856,131
857,131
858,131
859,131
860,131
861,131
862,131
863,131
864,131
865,131
902,131
903,131
904,131
914,131
915,131
916,131
917,131
918,131
919,131
920,131
921,131
922,131
923,131
924,131
925,131
926,131
927,131
928,131
929,131
930,131
931,131
1019,131
1020,131
1021,131
1022,131
1023,131
0,132
1,132
2,132
3,132
4,132
5,132
6,132
7,132
8,132
9,132
10,132
11,132
12,132
13,132
14,132
15,132
16,132
17,132
18,132
19,132
20,132
37,132
38,132
39,132
40,132
74,132
75,132
76,132
77,132
79,132
80,132
81,132
82,132
83,132
84,132
85,132
86,132
87,132
88,132
89,132
90,132
91,132
92,132
93,132
94,132
95,132
96,132
97,132
98,132
99,132
100,132
101,132
166,132
214,132
215,132
216,132
217,132
218,132
219,132
220,132
221,132
222,132
223,132
224,132
225,132
226,132
227,132
228,132
229,132
230,132
231,132
232,132
233,132
234,132
235,132
236,132
237,132
238,132
239,132
240,132
241,132
242,132
243,132
313,132
314,132
315,132
318,132
473,132
515,132
516,132
517,132
649,132
650,132
651,132
853,132
854,132
855,132
856,132
857,132
858,132
859,132
860,132
909,132
910,132
911,132
912,132
913,132
914,132
915,132
916,132
917,132
918,132
919,132
920,132
921,132
1019,132
1020,132
1021,132
1022,132
1023,132
0,133
1,133
2,133
3,133
4,133
5,133
6,133
7,133
8,133
9,133
10,133
11,133
12,133
13,133
14,133
15,133
16,133
17,133
18,133
19,133
34,133
35,133
36,133
37,133
38,133
39,133
40,133
41,133
42,133
75,133
76,133
77,133
82,133
83,133
84,133
85,133
86,133
87,133
88,133
89,133
90,133
91,133
92,133
93,133
94,133
95,133
96,133
97,133
160,133
161,133
162,133
163,133
171,133
195,133
196,133
197,133
198,133
199,133
200,133
201,133
202,133
203,133
204,133
205,133
206,133
207,133
208,133
209,133
210,133
211,133
212,133
213,133
214,133
215,133
216,133
217,133
218,133
219,133
220,133
221,133
222,133
223,133
224,133
225,133
226,133
227,133
228,133
229,133
230,133
231,133
232,133
233,133
234,133
235,133
236,133
237,133
238,133
239,133
240,133
241,133
242,133
243,133
244,133
245,133
246,133
247,133
248,133
249,133
250,133
469,133
470,133
471,133
472,133
648,133
649,133
650,133
658,133
659,133
794,133
906,133
907,133
908,133
909,133
910,133
911,133
912,133
913,133
914,133
915,133
916,133
917,133
1019,133
1020,133
1021,133
1022,133
1023,133
0,134
1,134
2,134
3,134
4,134
5,134
6,134
7,134
8,134
9,134
14,134
15,134
16,134
17,134
18,134
30,134
31,134
32,134
33,134
34,134
35,134
36,134
37,134
38,134
39,134
40,134
41,134
42,134
43,134
73,134
84,134
85,134
86,134
90,134
91,134
92,134
93,134
94,134
95,134
161,134
162,134
163,134
164,134
165,134
166,134
167,134
175,134
176,134
177,134
178,134
179,134
180,134
181,134
192,134
193,134
194,134
195,134
196,134
197,134
198,134
199,134
200,134
201,134
202,134
203,134
204,134
205,134
206,134
207,134
208,134
209,134
210,134
211,134
212,134
213,134
214,134
215,134
216,134
217,134
218,134
219,134
220,134
221,134
222,134
223,134
224,134
225,134
226,134
227,134
228,134
229,134
230,134
231,134
232,134
233,134
234,134
235,134
236,134
237,134
238,134
239,134
240,134
241,134
242,134
243,134
244,134
245,134
246,134
247,134
248,134
249,134
250,134
251,134
252,134
253,134
254,134
255,134
256,134
257,134
467,134
468,134
469,134
470,134
471,134
514,134
515,134
516,134
517,134
645,134
646,134
647,134
659,134
906,134
907,134
908,134
909,134
910,134
911,134
912,134
1019,134
1020,134
1021,134
1022,134
1023,134
0,135
1,135
2,135
3,135
4,135
5,135
6,135
7,135
8,135
29,135
30,135
31,135
32,135
33,135
34,135
35,135
36,135
37,135
38,135
39,135
40,135
41,135
42,135
43,135
69,135
70,135
71,135
72,135
73,135
167,135
168,135
169,135
170,135
171,135
172,135
173,135
174,135
178,135
179,135
180,135
181,135
182,135
183,135
184,135
185,135
186,135
187,135
188,135
189,135
190,135
191,135
192,135
193,135
194,135
195,135
196,135
197,135
198,135
199,135
200,135
201,135
202,135
203,135
204,135
205,135
206,135
207,135
208,135
209,135
210,135
211,135
212,135
213,135
229,135
241,135
242,135
243,135
244,135
245,135
246,135
247,135
248,135
249,135
250,135
251,135
252,135
253,135
254,135
255,135
256,135
257,135
258,135
259,135
260,135
261,135
262,135
413,135
414,135
466,135
467,135
514,135
515,135
516,135
643,135
672,135
673,135
674,135
675,135
676,135
677,135
678,135
679,135
680,135
681,135
682,135
683,135
684,135
685,135
686,135
687,135
729,135
730,135
731,135
732,135
920,135
921,135
922,135
923,135
924,135
925,135
1019,135
1020,135
1021,135
1022,135
1023,135
0,136
1,136
2,136
3,136
4,136
5,136
6,136
7,136
8,136
9,136
24,136
25,136
26,136
27,136
28,136
29,136
30,136
31,136
32,136
33,136
34,136
35,136
36,136
37,136
38,136
39,136
40,136
41,136
69,136
70,136
71,136
170,136
171,136
172,136
173,136
179,136
180,136
181,136
182,136
183,136
184,136
185,136
186,136
187,136
188,136
189,136
190,136
191,136
192,136
193,136
194,136
195,136
196,136
197,136
198,136
199,136
200,136
201,136
202,136
203,136
219,136
220,136
221,136
222,136
223,136
224,136
252,136
253,136
254,136
255,136
256,136
257,136
258,136
259,136
260,136
261,136
262,136
263,136
264,136
265,136
266,136
382,136
414,136
415,136
627,136
628,136
671,136
672,136
673,136
674,136
675,136
676,136
677,136
678,136
679,136
680,136
724,136
725,136
726,136
727,136
730,136
731,136
915,136
916,136
917,136
918,136
919,136
920,136
1019,136
1020,136
1021,136
1022,136
1023,136
0,137
1,137
2,137
3,137
4,137
5,137
6,137
7,137
8,137
9,137
20,137
21,137
22,137
23,137
24,137
25,137
26,137
27,137
28,137
29,137
30,137
31,137
32,137
33,137
34,137
35,137
36,137
37,137
171,137
172,137
173,137
174,137
175,137
176,137
177,137
178,137
179,137
180,137
181,137
182,137
183,137
184,137
185,137
186,137
187,137
188,137
189,137
190,137
191,137
192,137
196,137
197,137
198,137
199,137
212,137
213,137
230,137
231,137
232,137
233,137
234,137
235,137
236,137
258,137
259,137
260,137
261,137
262,137
263,137
264,137
265,137
266,137
267,137
268,137
269,137
270,137
271,137
272,137
273,137
274,137
415,137
625,137
626,137
627,137
628,137
661,137
662,137
663,137
664,137
708,137
709,137
716,137
717,137
718,137
719,137
720,137
721,137
722,137
723,137
724,137
906,137
907,137
908,137
909,137
910,137
911,137
912,137
1019,137
1020,137
1021,137
1022,137
1023,137
0,138
1,138
2,138
3,138
4,138
5,138
6,138
7,138
8,138
20,138
21,138
22,138
23,138
24,138
25,138
26,138
27,138
28,138
29,138
30,138
31,138
32,138
33,138
40,138
41,138
171,138
172,138
173,138
174,138
175,138
176,138
177,138
178,138
179,138
180,138
181,138
182,138
183,138
184,138
185,138
186,138
187,138
188,138
189,138
227,138
228,138
229,138
230,138
231,138
233,138
234,138
235,138
261,138
262,138
263,138
264,138
265,138
266,138
267,138
268,138
269,138
270,138
271,138
272,138
273,138
274,138
275,138
276,138
277,138
278,138
279,138
280,138
281,138
282,138
283,138
284,138
285,138
533,138
534,138
535,138
577,138
578,138
579,138
580,138
626,138
632,138
633,138
659,138
660,138
661,138
662,138
663,138
704,138
705,138
706,138
707,138
708,138
709,138
710,138
711,138
712,138
713,138
714,138
903,138
904,138
905,138
906,138
907,138
908,138
909,138
910,138
1019,138
1020,138
1021,138
1022,138
1023,138
0,139
1,139
2,139
3,139
4,139
5,139
6,139
7,139
8,139
22,139
23,139
24,139
25,139
26,139
27,139
28,139
36,139
37,139
38,139
39,139
40,139
41,139
167,139
168,139
169,139
170,139
171,139
172,139
173,139
174,139
175,139
176,139
177,139
178,139
179,139
228,139
229,139
256,139
257,139
266,139
267,139
268,139
269,139
270,139
271,139
272,139
273,139
274,139
275,139
276,139
277,139
278,139
279,139
280,139
281,139
282,139
283,139
284,139
285,139
286,139
287,139
288,139
523,139
524,139
547,139
575,139
576,139
577,139
578,139
579,139
580,139
581,139
656,139
657,139
658,139
659,139
660,139
661,139
668,139
704,139
705,139
706,139
707,139
708,139
709,139
710,139
711,139
720,139
721,139
722,139
723,139
899,139
900,139
901,139
902,139
903,139
904,139
905,139
906,139
907,139
908,139
1019,139
1020,139
1021,139
1022,139
1023,139
0,140
1,140
2,140
3,140
4,140
5,140
6,140
7,140
8,140
32,140
33,140
37,140
38,140
39,140
40,140
45,140
51,140
52,140
53,140
54,140
119,140
120,140
121,140
162,140
163,140
164,140
165,140
166,140
167,140
168,140
169,140
170,140
171,140
172,140
173,140
253,140
254,140
255,140
256,140
257,140
258,140
259,140
270,140
271,140
272,140
273,140
274,140
275,140
276,140
277,140
278,140
279,140
280,140
281,140
282,140
283,140
284,140
285,140
286,140
287,140
288,140
289,140
435,140
436,140
437,140
496,140
497,140
522,140
523,140
524,140
525,140
546,140
547,140
548,140
578,140
579,140
580,140
581,140
582,140
649,140
656,140
657,140
658,140
665,140
666,140
667,140
668,140
669,140
700,140
701,140
702,140
705,140
706,140
707,140
708,140
709,140
717,140
718,140
719,140
720,140
721,140
722,140
873,140
882,140
883,140
884,140
885,140
886,140
887,140
888,140
889,140
905,140
906,140
907,140
1019,140
1020,140
1021,140
1022,140
1023,140
0,141
1,141
2,141
3,141
4,141
5,141
6,141
7,141
42,141
43,141
44,141
45,141
46,141
47,141
48,141
49,141
50,141
51,141
52,141
53,141
116,141
117,141
118,141
119,141
120,141
159,141
160,141
161,141
162,141
163,141
164,141
165,141
166,141
167,141
168,141
169,141
170,141
171,141
281,141
282,141
283,141
284,141
285,141
286,141
287,141
288,141
289,141
290,141
291,141
292,141
293,141
580,141
581,141
582,141
583,141
584,141
621,141
666,141
667,141
668,141
714,141
715,141
716,141
717,141
1019,141
1020,141
1021,141
1022,141
1023,141
0,142
1,142
2,142
3,142
4,142
5,142
6,142
7,142
37,142
38,142
39,142
40,142
41,142
42,142
43,142
44,142
45,142
46,142
47,142
48,142
112,142
113,142
114,142
115,142
116,142
117,142
156,142
157,142
158,142
159,142
160,142
161,142
162,142
163,142
164,142
165,142
166,142
167,142
189,142
190,142
191,142
256,142
257,142
258,142
287,142
288,142
289,142
290,142
291,142
292,142
293,142
543,142
544,142
545,142
546,142
547,142
548,142
549,142
580,142
581,142
582,142
583,142
584,142
585,142
1019,142
1020,142
1021,142
1022,142
1023,142
0,143
1,143
2,143
3,143
4,143
5,143
6,143
7,143
8,143
26,143
27,143
28,143
29,143
30,143
31,143
32,143
33,143
34,143
35,143
36,143
37,143
38,143
39,143
40,143
41,143
42,143
43,143
44,143
45,143
46,143
109,143
110,143
111,143
112,143
113,143
114,143
154,143
155,143
156,143
157,143
158,143
159,143
160,143
161,143
162,143
163,143
195,143
196,143
197,143
198,143
199,143
216,143
217,143
218,143
219,143
220,143
288,143
289,143
290,143
291,143
292,143
293,143
294,143
295,143
527,143
528,143
543,143
544,143
545,143
546,143
547,143
548,143
580,143
581,143
582,143
583,143
584,143
611,143
612,143
613,143
614,143
615,143
616,143
624,143
625,143
671,143
1019,143
1020,143
1021,143
1022,143
1023,143
0,144
1,144
2,144
3,144
4,144
5,144
6,144
7,144
8,144
21,144
22,144
23,144
24,144
25,144
26,144
27,144
28,144
29,144
30,144
31,144
32,144
33,144
34,144
35,144
36,144
37,144
38,144
39,144
40,144
41,144
66,144
96,144
97,144
98,144
108,144
109,144
110,144
111,144
151,144
152,144
153,144
154,144
155,144
156,144
157,144
158,144
159,144
195,144
196,144
197,144
199,144
200,144
201,144
202,144
203,144
204,144
205,144
206,144
207,144
208,144
209,144
210,144
211,144
212,144
213,144
216,144
217,144
279,144
280,144
290,144
291,144
292,144
293,144
294,144
295,144
296,144
297,144
310,144
516,144
544,144
545,144
546,144
547,144
548,144
549,144
579,144
580,144
581,144
582,144
583,144
618,144
619,144
620,144
621,144
622,144
1019,144
1020,144
1021,144
1022,144
1023,144
0,145
1,145
2,145
3,145
4,145
5,145
6,145
7,145
8,145
20,145
21,145
22,145
23,145
24,145
25,145
26,145
27,145
28,145
29,145
30,145
31,145
32,145
33,145
34,145
35,145
36,145
37,145
108,145
109,145
110,145
148,145
149,145
150,145
151,145
152,145
153,145
154,145
155,145
156,145
157,145
200,145
201,145
202,145
203,145
204,145
205,145
206,145
207,145
208,145
209,145
210,145
211,145
212,145
279,145
280,145
281,145
282,145
291,145
292,145
293,145
294,145
295,145
296,145
297,145
298,145
299,145
300,145
301,145
309,145
546,145
547,145
548,145
574,145
575,145
576,145
577,145
578,145
579,145
580,145
607,145
614,145
615,145
616,145
617,145
618,145
1019,145
1020,145
1021,145
1022,145
1023,145
0,146
1,146
2,146
3,146
4,146
5,146
6,146
7,146
8,146
20,146
21,146
24,146
25,146
26,146
27,146
28,146
29,146
30,146
31,146
98,146
99,146
100,146
101,146
102,146
103,146
145,146
146,146
147,146
148,146
149,146
150,146
151,146
152,146
153,146
203,146
204,146
225,146
226,146
227,146
228,146
229,146
230,146
231,146
232,146
280,146
281,146
282,146
283,146
284,146
285,146
295,146
296,146
297,146
298,146
299,146
300,146
301,146
302,146
431,146
432,146
530,146
535,146
536,146
537,146
538,146
573,146
574,146
575,146
576,146
577,146
578,146
579,146
611,146
612,146
613,146
1019,146
1020,146
1021,146
1022,146
1023,146
0,147
1,147
2,147
3,147
4,147
5,147
6,147
7,147
8,147
62,147
96,147
97,147
98,147
99,147
100,147
101,147
140,147
141,147
142,147
143,147
144,147
145,147
146,147
147,147
148,147
149,147
150,147
190,147
191,147
192,147
222,147
223,147
224,147
225,147
226,147
227,147
284,147
285,147
286,147
287,147
288,147
289,147
290,147
298,147
299,147
300,147
301,147
302,147
303,147
431,147
432,147
490,147
502,147
503,147
504,147
505,147
509,147
510,147
511,147
512,147
529,147
533,147
534,147
535,147
536,147
537,147
538,147
567,147
568,147
573,147
574,147
575,147
576,147
577,147
578,147
579,147
1018,147
1019,147
1020,147
1021,147
1022,147
1023,147
0,148
1,148
2,148
3,148
4,148
5,148
6,148
7,148
8,148
14,148
15,148
16,148
17,148
62,148
94,148
95,148
96,148
97,148
107,148
108,148
139,148
140,148
141,148
142,148
143,148
144,148
145,148
146,148
147,148
178,148
183,148
184,148
185,148
186,148
187,148
188,148
189,148
207,148
208,148
209,148
210,148
211,148
299,148
300,148
301,148
302,148
303,148
304,148
305,148
306,148
307,148
308,148
432,148
508,148
509,148
530,148
531,148
532,148
533,148
534,148
537,148
544,148
545,148
546,148
573,148
574,148
575,148
576,148
589,148
590,148
604,148
605,148
612,148
613,148
614,148
626,148
1018,148
1019,148
1020,148
1021,148
1022,148
1023,148
0,149
1,149
2,149
3,149
4,149
5,149
6,149
7,149
8,149
12,149
13,149
14,149
15,149
16,149
44,149
60,149
61,149
62,149
63,149
83,149
84,149
85,149
86,149
87,149
88,149
89,149
101,149
102,149
103,149
104,149
137,149
138,149
139,149
140,149
141,149
142,149
143,149
144,149
182,149
183,149
184,149
185,149
186,149
187,149
188,149
205,149
206,149
207,149
208,149
215,149
299,149
300,149
301,149
302,149
303,149
304,149
305,149
306,149
307,149
308,149
309,149
433,149
531,149
532,149
589,149
590,149
591,149
592,149
608,149
609,149
610,149
611,149
612,149
613,149
614,149
810,149
877,149
878,149
879,149
880,149
881,149
882,149
883,149
1018,149
1019,149
1020,149
1021,149
1022,149
1023,149
0,150
1,150
2,150
3,150
4,150
5,150
6,150
7,150
10,150
11,150
12,150
13,150
14,150
15,150
16,150
17,150
58,150
59,150
60,150
61,150
62,150
63,150
93,150
94,150
134,150
135,150
136,150
137,150
138,150
139,150
140,150
141,150
142,150
143,150
201,150
202,150
203,150
204,150
205,150
206,150
236,150
266,150
267,150
268,150
299,150
300,150
301,150
302,150
303,150
304,150
305,150
306,150
307,150
308,150
309,150
310,150
311,150
312,150
313,150
590,150
591,150
592,150
596,150
597,150
604,150
605,150
606,150
607,150
608,150
609,150
610,150
611,150
630,150
631,150
632,150
633,150
634,150
773,150
774,150
775,150
776,150
777,150
778,150
779,150
780,150
781,150
803,150
867,150
868,150
1018,150
1019,150
1020,150
1021,150
1022,150
1023,150
0,151
1,151
2,151
3,151
4,151
5,151
6,151
10,151
11,151
12,151
13,151
14,151
15,151
37,151
38,151
39,151
59,151
60,151
61,151
62,151
88,151
89,151
90,151
91,151
92,151
93,151
94,151
131,151
132,151
133,151
134,151
135,151
136,151
137,151
138,151
139,151
140,151
201,151
202,151
203,151
204,151
205,151
268,151
269,151
272,151
299,151
300,151
301,151
302,151
303,151
304,151
305,151
306,151
307,151
308,151
309,151
310,151
311,151
497,151
512,151
513,151
514,151
556,151
557,151
558,151
590,151
591,151
592,151
603,151
604,151
605,151
606,151
607,151
608,151
627,151
628,151
629,151
630,151
637,151
638,151
668,151
769,151
770,151
771,151
772,151
773,151
774,151
775,151
776,151
777,151
778,151
779,151
802,151
803,151
804,151
1017,151
1018,151
1019,151
1020,151
1021,151
1022,151
1023,151
0,152
1,152
2,152
3,152
4,152
5,152
6,152
11,152
12,152
59,152
60,152
61,152
62,152
130,152
131,152
132,152
133,152
134,152
135,152
136,152
137,152
138,152
144,152
145,152
304,152
305,152
306,152
307,152
308,152
309,152
310,152
311,152
312,152
313,152
314,152
497,152
498,152
622,152
623,152
624,152
625,152
626,152
636,152
765,152
766,152
767,152
768,152
769,152
770,152
771,152
772,152
773,152
774,152
964,152
965,152
966,152
967,152
977,152
1018,152
1019,152
1020,152
1021,152
1022,152
1023,152
0,153
1,153
2,153
3,153
4,153
5,153
6,153
47,153
59,153
128,153
129,153
130,153
131,153
132,153
133,153
134,153
135,153
136,153
152,153
244,153
245,153
246,153
247,153
307,153
308,153
309,153
310,153
311,153
312,153
313,153
314,153
315,153
316,153
317,153
318,153
319,153
439,153
440,153
441,153
619,153
620,153
621,153
622,153
623,153
624,153
625,153
762,153
763,153
764,153
765,153
766,153
767,153
768,153
769,153
770,153
962,153
963,153
964,153
965,153
966,153
967,153
968,153
969,153
1019,153
1020,153
1021,153
1022,153
1023,153
0,154
1,154
2,154
3,154
4,154
5,154
6,154
59,154
127,154
128,154
129,154
130,154
131,154
132,154
133,154
134,154
213,154
237,154
238,154
239,154
240,154
244,154
245,154
246,154
281,154
282,154
283,154
310,154
311,154
312,154
313,154
314,154
315,154
316,154
317,154
318,154
319,154
494,154
564,154
565,154
566,154
567,154
568,154
614,154
615,154
616,154
617,154
618,154
619,154
620,154
621,154
622,154
623,154
759,154
760,154
761,154
762,154
763,154
764,154
765,154
766,154
767,154
768,154
960,154
961,154
962,154
963,154
964,154
965,154
966,154
967,154
1007,154
1019,154
1020,154
1021,154
1022,154
1023,154
0,155
1,155
2,155
3,155
4,155
5,155
6,155
30,155
126,155
127,155
128,155
129,155
130,155
131,155
183,155
184,155
185,155
186,155
187,155
209,155
210,155
211,155
212,155
312,155
313,155
314,155
315,155
316,155
317,155
318,155
319,155
320,155
492,155
493,155
494,155
565,155
566,155
567,155
568,155
573,155
574,155
610,155
611,155
612,155
613,155
614,155
615,155
616,155
617,155
618,155
756,155
757,155
758,155
759,155
760,155
761,155
762,155
763,155
764,155
765,155
766,155
963,155
980,155
981,155
982,155
1019,155
1020,155
1021,155
1022,155
1023,155
0,156
1,156
2,156
3,156
4,156
5,156
6,156
7,156
30,156
105,156
106,156
107,156
125,156
126,156
127,156
128,156
129,156
130,156
180,156
181,156
182,156
183,156
184,156
185,156
186,156
205,156
206,156
207,156
208,156
209,156
210,156
313,156
314,156
315,156
316,156
317,156
318,156
319,156
320,156
321,156
393,156
566,156
602,156
603,156
604,156
605,156
606,156
607,156
608,156
609,156
610,156
611,156
612,156
613,156
614,156
615,156
616,156
623,156
630,156
631,156
755,156
756,156
757,156
758,156
759,156
760,156
761,156
762,156
980,156
981,156
982,156
983,156
1019,156
1020,156
1021,156
1022,156
1023,156
0,157
1,157
2,157
3,157
4,157
5,157
6,157
7,157
78,157
124,157
125,157
126,157
127,157
128,157
129,157
196,157
197,157
198,157
199,157
200,157
201,157
202,157
203,157
204,157
205,157
206,157
207,157
316,157
317,157
318,157
319,157
320,157
321,157
322,157
323,157
573,157
588,157
589,157
590,157
591,157
592,157
601,157
602,157
603,157
604,157
605,157
606,157
607,157
608,157
630,157
631,157
632,157
666,157
754,157
755,157
756,157
757,157
758,157
759,157
760,157
980,157
981,157
982,157
983,157
988,157
989,157
990,157
991,157
992,157
993,157
994,157
995,157
1000,157
1001,157
1002,157
1020,157
1021,157
1022,157
1023,157
0,158
1,158
2,158
3,158
4,158
5,158
6,158
7,158
122,158
123,158
124,158
125,158
126,158
127,158
152,158
245,158
246,158
261,158
317,158
318,158
319,158
320,158
321,158
322,158
323,158
580,158
589,158
590,158
629,158
630,158
631,158
632,158
633,158
634,158
662,158
663,158
664,158
665,158
666,158
753,158
754,158
755,158
756,158
757,158
758,158
981,158
982,158
991,158
992,158
993,158
994,158
995,158
996,158
997,158
998,158
999,158
1000,158
1016,158
1020,158
1021,158
1022,158
1023,158
0,159
1,159
2,159
3,159
4,159
5,159
6,159
7,159
49,159
50,159
51,159
52,159
53,159
54,159
55,159
56,159
57,159
58,159
76,159
77,159
78,159
79,159
80,159
81,159
82,159
87,159
88,159
89,159
90,159
91,159
92,159
93,159
94,159
120,159
121,159
122,159
123,159
124,159
125,159
126,159
127,159
152,159
153,159
154,159
244,159
245,159
319,159
320,159
321,159
322,159
323,159
324,159
325,159
628,159
629,159
630,159
631,159
632,159
633,159
687,159
688,159
689,159
690,159
755,159
756,159
1010,159
1011,159
1012,159
1013,159
1014,159
1015,159
1016,159
1017,159
1020,159
1021,159
1022,159
1023,159
0,160
1,160
2,160
3,160
4,160
5,160
6,160
7,160
46,160
47,160
48,160
49,160
50,160
51,160
52,160
53,160
54,160
55,160
56,160
57,160
58,160
75,160
76,160
77,160
78,160
79,160
86,160
87,160
88,160
89,160
90,160
91,160
92,160
93,160
94,160
95,160
96,160
97,160
120,160
121,160
122,160
123,160
124,160
125,160
126,160
149,160
150,160
151,160
152,160
243,160
244,160
245,160
319,160
320,160
321,160
322,160
323,160
324,160
325,160
628,160
629,160
630,160
631,160
632,160
686,160
687,160
688,160
689,160
690,160
745,160
746,160
747,160
755,160
756,160
1011,160
1012,160
1013,160
1015,160
1016,160
1017,160
1020,160
1021,160
1022,160
1023,160
0,161
1,161
2,161
3,161
4,161
5,161
6,161
7,161
43,161
44,161
45,161
46,161
47,161
48,161
49,161
50,161
51,161
52,161
53,161
54,161
55,161
56,161
64,161
74,161
75,161
76,161
77,161
78,161
85,161
86,161
87,161
88,161
89,161
90,161
91,161
92,161
93,161
94,161
95,161
96,161
97,161
120,161
121,161
122,161
123,161
124,161
149,161
150,161
151,161
157,161
158,161
159,161
160,161
243,161
244,161
245,161
246,161
260,161
261,161
320,161
321,161
322,161
323,161
324,161
325,161
626,161
627,161
628,161
629,161
630,161
631,161
632,161
685,161
686,161
687,161
688,161
689,161
742,161
743,161
744,161
745,161
746,161
747,161
748,161
1020,161
1021,161
1022,161
1023,161
0,162
1,162
2,162
3,162
4,162
5,162
6,162
7,162
42,162
43,162
44,162
45,162
46,162
47,162
48,162
49,162
50,162
51,162
52,162
53,162
54,162
62,162
63,162
64,162
65,162
66,162
67,162
73,162
74,162
75,162
76,162
77,162
78,162
84,162
85,162
86,162
87,162
88,162
89,162
90,162
91,162
92,162
108,162
109,162
110,162
111,162
112,162
113,162
114,162
115,162
116,162
117,162
119,162
120,162
121,162
122,162
123,162
155,162
156,162
157,162
158,162
159,162
160,162
321,162
322,162
323,162
324,162
325,162
623,162
624,162
625,162
626,162
627,162
628,162
629,162
630,162
631,162
685,162
686,162
741,162
742,162
743,162
744,162
745,162
746,162
1019,162
1020,162
1021,162
1022,162
1023,162
0,163
1,163
2,163
3,163
4,163
5,163
6,163
7,163
41,163
42,163
43,163
44,163
45,163
46,163
47,163
48,163
49,163
50,163
60,163
61,163
62,163
63,163
64,163
65,163
66,163
67,163
72,163
73,163
74,163
75,163
76,163
77,163
78,163
79,163
84,163
85,163
86,163
87,163
107,163
108,163
109,163
110,163
111,163
112,163
113,163
114,163
115,163
116,163
117,163
119,163
120,163
121,163
122,163
123,163
154,163
155,163
156,163
157,163
158,163
159,163
321,163
322,163
323,163
324,163
325,163
326,163
327,163
622,163
623,163
624,163
625,163
626,163
627,163
628,163
629,163
693,163
694,163
695,163
696,163
1019,163
1020,163
1021,163
1022,163
1023,163
0,164
1,164
2,164
3,164
4,164
5,164
6,164
7,164
38,164
39,164
40,164
41,164
42,164
43,164
44,164
45,164
46,164
47,164
48,164
59,164
60,164
61,164
62,164
63,164
64,164
65,164
66,164
67,164
71,164
72,164
73,164
74,164
75,164
76,164
77,164
78,164
79,164
108,164
119,164
120,164
121,164
122,164
123,164
135,164
136,164
137,164
138,164
139,164
140,164
141,164
154,164
155,164
156,164
161,164
162,164
163,164
322,164
323,164
324,164
325,164
326,164
327,164
618,164
619,164
620,164
621,164
622,164
623,164
624,164
625,164
668,164
692,164
693,164
694,164
1019,164
1020,164
1021,164
1022,164
1023,164
0,165
1,165
2,165
3,165
4,165
5,165
6,165
7,165
35,165
36,165
37,165
38,165
39,165
40,165
41,165
42,165
43,165
44,165
45,165
46,165
59,165
60,165
61,165
62,165
63,165
64,165
65,165
66,165
70,165
71,165
72,165
73,165
74,165
76,165
77,165
119,165
120,165
121,165
122,165
123,165
135,165
136,165
137,165
138,165
139,165
151,165
152,165
160,165
161,165
162,165
163,165
322,165
323,165
324,165
325,165
326,165
617,165
618,165
619,165
620,165
621,165
622,165
1019,165
1020,165
1021,165
1022,165
1023,165
0,166
1,166
2,166
3,166
4,166
5,166
6,166
7,166
8,166
12,166
13,166
36,166
37,166
38,166
39,166
40,166
41,166
42,166
43,166
44,166
45,166
58,166
59,166
60,166
61,166
62,166
66,166
67,166
68,166
69,166
70,166
71,166
72,166
73,166
74,166
75,166
76,166
119,166
120,166
121,166
122,166
123,166
124,166
134,166
135,166
136,166
137,166
158,166
159,166
160,166
161,166
162,166
176,166
177,166
322,166
323,166
324,166
325,166
326,166
327,166
614,166
617,166
618,166
619,166
620,166
621,166
653,166
654,166
726,166
1019,166
1020,166
1021,166
1022,166
1023,166
0,167
1,167
2,167
3,167
4,167
5,167
6,167
7,167
8,167
9,167
10,167
11,167
12,167
13,167
14,167
15,167
16,167
17,167
18,167
35,167
36,167
37,167
38,167
39,167
40,167
41,167
65,167
66,167
67,167
68,167
69,167
70,167
71,167
72,167
73,167
74,167
75,167
76,167
120,167
121,167
122,167
123,167
124,167
125,167
130,167
135,167
136,167
153,167
154,167
155,167
156,167
157,167
158,167
159,167
160,167
161,167
162,167
322,167
323,167
324,167
325,167
326,167
327,167
484,167
485,167
573,167
611,167
612,167
613,167
614,167
615,167
616,167
617,167
618,167
619,167
654,167
1019,167
1020,167
1021,167
1022,167
1023,167
0,168
1,168
2,168
3,168
4,168
5,168
6,168
7,168
8,168
9,168
10,168
11,168
12,168
13,168
14,168
15,168
16,168
17,168
18,168
34,168
35,168
36,168
37,168
38,168
39,168
40,168
41,168
63,168
64,168
65,168
66,168
67,168
68,168
69,168
70,168
71,168
72,168
73,168
74,168
120,168
121,168
122,168
123,168
124,168
125,168
151,168
152,168
153,168
154,168
155,168
156,168
157,168
158,168
159,168
160,168
234,168
246,168
247,168
322,168
323,168
324,168
325,168
326,168
327,168
477,168
478,168
544,168
545,168
546,168
612,168
613,168
614,168
615,168
616,168
617,168
1019,168
1020,168
1021,168
1022,168
1023,168
0,169
1,169
2,169
3,169
4,169
5,169
6,169
7,169
8,169
9,169
10,169
11,169
12,169
13,169
14,169
15,169
16,169
17,169
18,169
19,169
36,169
37,169
38,169
39,169
40,169
41,169
59,169
60,169
61,169
62,169
63,169
64,169
65,169
66,169
67,169
68,169
69,169
70,169
120,169
121,169
122,169
123,169
124,169
125,169
148,169
149,169
150,169
151,169
152,169
153,169
154,169
155,169
174,169
175,169
176,169
177,169
232,169
233,169
234,169
322,169
323,169
324,169
325,169
326,169
327,169
475,169
476,169
477,169
514,169
515,169
516,169
543,169
544,169
545,169
558,169
559,169
560,169
561,169
562,169
607,169
1018,169
1019,169
1020,169
1021,169
1022,169
1023,169
0,170
1,170
2,170
3,170
4,170
5,170
6,170
7,170
8,170
9,170
10,170
11,170
12,170
13,170
14,170
15,170
16,170
17,170
18,170
37,170
38,170
59,170
60,170
61,170
62,170
63,170
121,170
122,170
123,170
124,170
125,170
126,170
127,170
142,170
143,170
144,170
145,170
146,170
147,170
148,170
149,170
150,170
172,170
173,170
174,170
175,170
176,170
231,170
232,170
233,170
322,170
323,170
324,170
325,170
326,170
327,170
498,170
499,170
500,170
501,170
511,170
512,170
541,170
542,170
543,170
544,170
558,170
559,170
560,170
561,170
562,170
581,170
582,170
583,170
584,170
585,170
596,170
1018,170
1019,170
1020,170
1021,170
1022,170
1023,170
0,171
1,171
2,171
3,171
4,171
5,171
6,171
7,171
8,171
9,171
17,171
38,171
122,171
123,171
124,171
125,171
126,171
127,171
147,171
148,171
149,171
150,171
151,171
171,171
172,171
173,171
174,171
175,171
229,171
230,171
322,171
323,171
324,171
325,171
326,171
327,171
402,171
403,171
404,171
499,171
500,171
501,171
502,171
509,171
510,171
511,171
512,171
557,171
558,171
559,171
560,171
582,171
583,171
584,171
585,171
803,171
1019,171
1020,171
1021,171
1022,171
1023,171
0,172
1,172
2,172
3,172
4,172
5,172
6,172
7,172
8,172
9,172
38,172
39,172
40,172
41,172
123,172
124,172
125,172
126,172
127,172
128,172
147,172
148,172
149,172
169,172
170,172
171,172
172,172
228,172
229,172
230,172
231,172
322,172
323,172
324,172
325,172
326,172
377,172
405,172
406,172
422,172
583,172
1019,172
1020,172
1021,172
1022,172
1023,172
0,173
1,173
2,173
3,173
4,173
5,173
6,173
7,173
8,173
9,173
38,173
39,173
40,173
123,173
124,173
125,173
126,173
127,173
128,173
129,173
167,173
168,173
226,173
227,173
228,173
229,173
321,173
322,173
323,173
324,173
325,173
326,173
379,173
806,173
807,173
1019,173
1020,173
1021,173
1022,173
1023,173
0,174
1,174
2,174
3,174
4,174
5,174
6,174
7,174
8,174
9,174
59,174
124,174
125,174
126,174
127,174
128,174
129,174
165,174
166,174
167,174
224,174
225,174
226,174
227,174
228,174
229,174
320,174
321,174
322,174
323,174
324,174
325,174
379,174
804,174
805,174
806,174
1019,174
1020,174
1021,174
1022,174
1023,174
0,175
1,175
2,175
3,175
4,175
5,175
6,175
7,175
8,175
9,175
57,175
58,175
59,175
60,175
61,175
111,175
112,175
126,175
127,175
128,175
129,175
130,175
163,175
164,175
223,175
224,175
225,175
226,175
227,175
228,175
319,175
320,175
321,175
322,175
323,175
324,175
1019,175
1020,175
1021,175
1022,175
1023,175
0,176
1,176
2,176
3,176
4,176
5,176
6,176
7,176
8,176
9,176
55,176
56,176
57,176
58,176
59,176
60,176
61,176
62,176
111,176
112,176
126,176
127,176
128,176
129,176
130,176
131,176
157,176
222,176
223,176
224,176
225,176
231,176
232,176
318,176
319,176
320,176
321,176
322,176
323,176
1019,176
1020,176
1021,176
1022,176
1023,176
0,177
1,177
2,177
3,177
4,177
5,177
6,177
7,177
8,177
9,177
55,177
56,177
57,177
58,177
59,177
60,177
61,177
62,177
112,177
127,177
128,177
129,177
130,177
131,177
132,177
133,177
134,177
137,177
138,177
139,177
140,177
141,177
142,177
143,177
144,177
145,177
149,177
150,177
151,177
152,177
153,177
154,177
155,177
156,177
157,177
158,177
222,177
223,177
224,177
225,177
230,177
231,177
232,177
317,177
318,177
319,177
320,177
321,177
322,177
323,177
1019,177
1020,177
1021,177
1022,177
1023,177
0,178
1,178
2,178
3,178
4,178
5,178
6,178
7,178
8,178
9,178
56,178
57,178
58,178
59,178
60,178
70,178
129,178
130,178
131,178
132,178
133,178
134,178
135,178
136,178
137,178
138,178
139,178
143,178
144,178
145,178
146,178
147,178
148,178
149,178
150,178
151,178
152,178
153,178
154,178
221,178
222,178
223,178
224,178
229,178
316,178
317,178
318,178
319,178
320,178
321,178
322,178
323,178
1019,178
1020,178
1021,178
1022,178
1023,178
0,179
1,179
2,179
3,179
4,179
5,179
6,179
7,179
8,179
9,179
56,179
57,179
58,179
70,179
71,179
130,179
131,179
132,179
133,179
134,179
135,179
136,179
137,179
138,179
219,179
220,179
221,179
222,179
314,179
315,179
316,179
317,179
318,179
319,179
320,179
321,179
631,179
632,179
633,179
634,179
635,179
636,179
637,179
638,179
639,179
640,179
641,179
642,179
643,179
644,179
645,179
646,179
647,179
648,179
1019,179
1020,179
1021,179
1022,179
1023,179
0,180
1,180
2,180
3,180
4,180
5,180
6,180
7,180
8,180
9,180
68,180
69,180
70,180
71,180
72,180
130,180
131,180
132,180
133,180
134,180
135,180
136,180
137,180
138,180
220,180
221,180
312,180
313,180
314,180
315,180
316,180
317,180
318,180
319,180
603,180
604,180
605,180
606,180
607,180
608,180
609,180
610,180
611,180
612,180
613,180
614,180
615,180
616,180
617,180
618,180
619,180
620,180
621,180
622,180
623,180
624,180
625,180
626,180
627,180
628,180
629,180
630,180
631,180
632,180
633,180
634,180
635,180
636,180
637,180
638,180
639,180
640,180
641,180
642,180
643,180
644,180
645,180
646,180
647,180
648,180
649,180
1019,180
1020,180
1021,180
1022,180
1023,180
0,181
1,181
2,181
3,181
4,181
5,181
6,181
7,181
8,181
9,181
70,181
71,181
72,181
133,181
134,181
135,181
136,181
137,181
138,181
310,181
311,181
312,181
313,181
314,181
315,181
316,181
317,181
318,181
513,181
514,181
515,181
516,181
517,181
518,181
519,181
520,181
521,181
522,181
523,181
524,181
525,181
526,181
527,181
528,181
529,181
530,181
531,181
532,181
533,181
534,181
535,181
536,181
537,181
538,181
539,181
540,181
541,181
542,181
543,181
544,181
545,181
546,181
547,181
548,181
549,181
550,181
551,181
552,181
553,181
554,181
555,181
556,181
557,181
558,181
559,181
560,181
561,181
562,181
563,181
564,181
565,181
566,181
567,181
568,181
569,181
570,181
571,181
572,181
573,181
574,181
575,181
576,181
577,181
578,181
579,181
580,181
581,181
582,181
583,181
584,181
585,181
586,181
587,181
588,181
589,181
590,181
591,181
592,181
593,181
594,181
595,181
596,181
597,181
598,181
599,181
600,181
601,181
602,181
603,181
604,181
605,181
606,181
607,181
608,181
609,181
610,181
611,181
612,181
613,181
614,181
615,181
616,181
617,181
618,181
619,181
620,181
621,181
622,181
623,181
624,181
625,181
626,181
627,181
628,181
629,181
630,181
631,181
632,181
633,181
634,181
635,181
636,181
637,181
638,181
639,181
640,181
641,181
642,181
643,181
644,181
645,181
646,181
647,181
648,181
649,181
650,181
739,181
1019,181
1020,181
1021,181
1022,181
1023,181
0,182
1,182
2,182
3,182
4,182
5,182
6,182
7,182
8,182
9,182
71,182
72,182
128,182
129,182
134,182
135,182
136,182
137,182
138,182
139,182
219,182
220,182
308,182
309,182
310,182
311,182
312,182
313,182
314,182
315,182
316,182
478,182
479,182
480,182
481,182
482,182
483,182
484,182
485,182
486,182
487,182
488,182
489,182
490,182
491,182
492,182
493,182
494,182
495,182
496,182
497,182
498,182
499,182
500,182
501,182
502,182
503,182
504,182
505,182
506,182
507,182
508,182
509,182
510,182
511,182
512,182
513,182
514,182
515,182
516,182
517,182
518,182
519,182
520,182
521,182
522,182
523,182
524,182
525,182
526,182
527,182
528,182
529,182
530,182
531,182
532,182
533,182
534,182
535,182
536,182
537,182
538,182
539,182
540,182
541,182
542,182
543,182
544,182
545,182
546,182
547,182
548,182
549,182
550,182
551,182
552,182
553,182
554,182
555,182
556,182
557,182
558,182
559,182
560,182
561,182
562,182
563,182
564,182
565,182
566,182
567,182
568,182
569,182
570,182
571,182
572,182
573,182
574,182
575,182
576,182
577,182
578,182
579,182
580,182
581,182
582,182
583,182
584,182
585,182
586,182
587,182
588,182
589,182
590,182
591,182
592,182
593,182
594,182
595,182
596,182
597,182
598,182
599,182
600,182
601,182
602,182
603,182
604,182
605,182
606,182
607,182
608,182
609,182
610,182
611,182
612,182
613,182
614,182
615,182
616,182
617,182
618,182
619,182
620,182
621,182
622,182
623,182
624,182
625,182
626,182
627,182
628,182
629,182
630,182
631,182
632,182
633,182
634,182
635,182
636,182
637,182
638,182
639,182
640,182
641,182
642,182
643,182
644,182
645,182
646,182
647,182
648,182
649,182
650,182
651,182
652,182
653,182
654,182
655,182
656,182
657,182
738,182
739,182
740,182
1019,182
1020,182
1021,182
1022,182
1023,182
0,183
1,183
2,183
3,183
4,183
5,183
6,183
7,183
8,183
9,183
126,183
127,183
128,183
129,183
135,183
136,183
137,183
138,183
139,183
140,183
215,183
216,183
217,183
218,183
305,183
306,183
307,183
308,183
309,183
310,183
311,183
312,183
313,183
314,183
315,183
454,183
455,183
456,183
457,183
458,183
459,183
460,183
461,183
462,183
463,183
464,183
465,183
466,183
467,183
468,183
469,183
470,183
471,183
472,183
473,183
474,183
475,183
476,183
477,183
478,183
479,183
480,183
481,183
482,183
483,183
484,183
485,183
486,183
487,183
488,183
489,183
490,183
491,183
492,183
493,183
494,183
495,183
496,183
497,183
498,183
499,183
500,183
501,183
502,183
503,183
504,183
505,183
506,183
507,183
508,183
509,183
510,183
511,183
512,183
513,183
514,183
515,183
516,183
517,183
518,183
519,183
520,183
521,183
522,183
523,183
524,183
525,183
526,183
527,183
528,183
529,183
530,183
531,183
532,183
533,183
534,183
535,183
536,183
537,183
538,183
539,183
540,183
541,183
542,183
543,183
544,183
545,183
546,183
547,183
548,183
549,183
550,183
551,183
552,183
553,183
554,183
555,183
556,183
557,183
558,183
559,183
560,183
561,183
562,183
563,183
564,183
565,183
566,183
567,183
568,183
569,183
570,183
571,183
572,183
573,183
574,183
575,183
576,183
577,183
578,183
579,183
580,183
581,183
582,183
583,183
584,183
585,183
586,183
587,183
588,183
589,183
590,183
591,183
592,183
593,183
594,183
595,183
596,183
597,183
598,183
599,183
600,183
601,183
602,183
607,183
608,183
609,183
610,183
611,183
612,183
613,183
614,183
615,183
616,183
617,183
618,183
619,183
620,183
621,183
622,183
623,183
624,183
625,183
626,183
627,183
628,183
629,183
630,183
631,183
632,183
633,183
634,183
635,183
636,183
641,183
642,183
643,183
644,183
645,183
646,183
647,183
648,183
649,183
650,183
651,183
652,183
653,183
654,183
655,183
656,183
657,183
658,183
659,183
1019,183
1020,183
1021,183
1022,183
1023,183
0,184
1,184
2,184
3,184
4,184
5,184
6,184
7,184
8,184
9,184
70,184
71,184
72,184
103,184
104,184
105,184
125,184
126,184
127,184
128,184
129,184
136,184
137,184
138,184
139,184
140,184
214,184
215,184
216,184
217,184
300,184
301,184
302,184
303,184
304,184
305,184
306,184
307,184
308,184
309,184
310,184
311,184
449,184
450,184
451,184
452,184
453,184
454,184
455,184
456,184
457,184
458,184
459,184
460,184
461,184
462,184
463,184
464,184
465,184
466,184
467,184
468,184
469,184
470,184
471,184
472,184
473,184
474,184
475,184
476,184
477,184
478,184
479,184
480,184
481,184
482,184
483,184
484,184
485,184
486,184
487,184
488,184
489,184
490,184
491,184
492,184
493,184
494,184
495,184
496,184
497,184
498,184
499,184
500,184
501,184
502,184
503,184
504,184
505,184
506,184
507,184
508,184
509,184
510,184
511,184
512,184
535,184
536,184
537,184
538,184
539,184
607,184
608,184
609,184
610,184
611,184
612,184
613,184
614,184
615,184
616,184
617,184
618,184
619,184
620,184
621,184
622,184
623,184
624,184
625,184
626,184
627,184
628,184
629,184
649,184
650,184
651,184
652,184
653,184
654,184
655,184
656,184
657,184
658,184
659,184
660,184
661,184
662,184
663,184
664,184
665,184
666,184
667,184
668,184
675,184
676,184
677,184
1019,184
1020,184
1021,184
1022,184
1023,184
0,185
1,185
2,185
3,185
4,185
5,185
6,185
7,185
8,185
9,185
70,185
71,185
72,185
96,185
97,185
98,185
99,185
100,185
101,185
102,185
103,185
104,185
124,185
125,185
126,185
127,185
128,185
136,185
137,185
138,185
139,185
140,185
141,185
213,185
214,185
215,185
216,185
266,185
298,185
299,185
300,185
301,185
302,185
303,185
304,185
305,185
306,185
307,185
308,185
309,185
431,185
432,185
433,185
434,185
435,185
436,185
437,185
438,185
439,185
440,185
441,185
442,185
443,185
444,185
445,185
446,185
447,185
448,185
449,185
450,185
451,185
452,185
453,185
454,185
455,185
456,185
457,185
458,185
459,185
460,185
461,185
462,185
463,185
464,185
465,185
466,185
467,185
468,185
469,185
470,185
471,185
472,185
535,185
536,185
537,185
538,185
539,185
606,185
607,185
608,185
609,185
610,185
611,185
612,185
613,185
614,185
615,185
616,185
617,185
618,185
619,185
620,185
621,185
622,185
623,185
624,185
625,185
649,185
650,185
651,185
652,185
653,185
654,185
655,185
656,185
657,185
658,185
659,185
660,185
661,185
662,185
663,185
664,185
665,185
666,185
667,185
668,185
669,185
670,185
671,185
672,185
673,185
674,185
675,185
680,185
681,185
682,185
683,185
684,185
685,185
748,185
1019,185
1020,185
1021,185
1022,185
1023,185
0,186
1,186
2,186
3,186
4,186
5,186
6,186
7,186
8,186
9,186
70,186
71,186
94,186
95,186
96,186
97,186
98,186
99,186
100,186
123,186
124,186
125,186
126,186
127,186
138,186
139,186
140,186
141,186
142,186
211,186
212,186
213,186
214,186
266,186
267,186
296,186
297,186
298,186
299,186
300,186
301,186
302,186
303,186
304,186
305,186
306,186
431,186
432,186
433,186
434,186
435,186
436,186
437,186
438,186
439,186
440,186
441,186
442,186
443,186
444,186
445,186
446,186
447,186
448,186
449,186
450,186
451,186
452,186
453,186
454,186
455,186
456,186
457,186
458,186
459,186
460,186
461,186
462,186
463,186
464,186
465,186
466,186
467,186
534,186
535,186
536,186
537,186
538,186
604,186
605,186
606,186
607,186
608,186
609,186
610,186
611,186
612,186
613,186
614,186
615,186
616,186
617,186
618,186
619,186
620,186
621,186
622,186
623,186
624,186
625,186
626,186
648,186
649,186
650,186
651,186
652,186
653,186
654,186
655,186
656,186
657,186
658,186
659,186
660,186
661,186
662,186
663,186
664,186
665,186
666,186
667,186
668,186
669,186
670,186
671,186
672,186
673,186
674,186
675,186
676,186
677,186
678,186
679,186
680,186
681,186
682,186
683,186
684,186
685,186
686,186
687,186
688,186
689,186
690,186
691,186
1019,186
1020,186
1021,186
1022,186
1023,186
0,187
1,187
2,187
3,187
4,187
5,187
6,187
7,187
8,187
9,187
88,187
89,187
90,187
122,187
123,187
124,187
125,187
126,187
139,187
140,187
141,187
142,187
143,187
209,187
210,187
211,187
212,187
213,187
294,187
295,187
296,187
297,187
298,187
299,187
300,187
301,187
302,187
425,187
426,187
427,187
428,187
429,187
430,187
431,187
432,187
433,187
434,187
435,187
436,187
437,187
438,187
439,187
440,187
441,187
442,187
443,187
444,187
445,187
446,187
447,187
448,187
459,187
460,187
461,187
462,187
463,187
464,187
465,187
531,187
532,187
533,187
534,187
535,187
602,187
603,187
604,187
605,187
606,187
607,187
608,187
609,187
610,187
611,187
612,187
613,187
614,187
620,187
621,187
622,187
623,187
624,187
625,187
626,187
633,187
634,187
635,187
636,187
649,187
650,187
651,187
652,187
662,187
663,187
664,187
665,187
666,187
667,187
668,187
669,187
670,187
671,187
672,187
673,187
674,187
675,187
676,187
677,187
678,187
679,187
680,187
681,187
682,187
683,187
684,187
685,187
686,187
687,187
688,187
689,187
690,187
691,187
692,187
693,187
694,187
695,187
784,187
1019,187
1020,187
1021,187
1022,187
1023,187
0,188
1,188
2,188
3,188
4,188
5,188
6,188
7,188
8,188
9,188
70,188
71,188
102,188
103,188
104,188
105,188
106,188
107,188
119,188
120,188
122,188
123,188
124,188
140,188
141,188
142,188
143,188
144,188
207,188
208,188
209,188
210,188
211,188
262,188
263,188
289,188
290,188
291,188
292,188
293,188
294,188
295,188
296,188
297,188
298,188
300,188
416,188
417,188
418,188
419,188
420,188
421,188
422,188
423,188
424,188
425,188
426,188
427,188
428,188
429,188
430,188
431,188
432,188
435,188
436,188
529,188
530,188
531,188
532,188
533,188
601,188
602,188
603,188
604,188
605,188
606,188
607,188
608,188
609,188
610,188
611,188
612,188
613,188
614,188
621,188
669,188
670,188
671,188
672,188
673,188
674,188
675,188
676,188
677,188
678,188
679,188
680,188
681,188
682,188
683,188
684,188
685,188
686,188
687,188
688,188
689,188
690,188
691,188
692,188
693,188
694,188
695,188
696,188
697,188
1019,188
1020,188
1021,188
1022,188
1023,188
0,189
1,189
2,189
3,189
4,189
5,189
6,189
7,189
8,189
9,189
70,189
71,189
95,189
96,189
97,189
98,189
99,189
100,189
101,189
102,189
103,189
104,189
105,189
106,189
116,189
117,189
118,189
119,189
141,189
142,189
143,189
144,189
145,189
146,189
206,189
207,189
208,189
209,189
213,189
260,189
261,189
262,189
286,189
287,189
288,189
289,189
290,189
291,189
292,189
293,189
294,189
295,189
296,189
412,189
413,189
414,189
415,189
416,189
417,189
418,189
419,189
420,189
421,189
422,189
423,189
424,189
425,189
426,189
427,189
428,189
429,189
430,189
529,189
530,189
531,189
532,189
596,189
597,189
598,189
599,189
600,189
601,189
602,189
603,189
604,189
605,189
609,189
610,189
611,189
612,189
613,189
614,189
615,189
616,189
669,189
670,189
671,189
672,189
673,189
674,189
678,189
679,189
680,189
681,189
682,189
683,189
684,189
685,189
686,189
687,189
688,189
689,189
690,189
691,189
692,189
693,189
694,189
695,189
696,189
697,189
698,189
699,189
700,189
701,189
702,189
703,189
704,189
1019,189
1020,189
1021,189
1022,189
1023,189
0,190
1,190
2,190
3,190
4,190
5,190
6,190
7,190
8,190
9,190
142,190
143,190
144,190
145,190
146,190
147,190
198,190
204,190
205,190
206,190
207,190
208,190
209,190
212,190
282,190
283,190
284,190
285,190
286,190
287,190
288,190
289,190
290,190
291,190
292,190
404,190
405,190
406,190
407,190
408,190
409,190
410,190
411,190
412,190
413,190
414,190
415,190
416,190
417,190
418,190
419,190
420,190
421,190
422,190
423,190
424,190
425,190
426,190
427,190
428,190
429,190
594,190
595,190
596,190
597,190
598,190
599,190
600,190
601,190
602,190
603,190
604,190
608,190
609,190
610,190
611,190
615,190
616,190
617,190
624,190
625,190
669,190
670,190
671,190
672,190
673,190
674,190
675,190
679,190
680,190
681,190
682,190
683,190
684,190
687,190
688,190
689,190
690,190
691,190
692,190
693,190
694,190
695,190
696,190
697,190
698,190
699,190
700,190
701,190
702,190
703,190
704,190
705,190
722,190
723,190
724,190
797,190
1019,190
1020,190
1021,190
1022,190
1023,190
0,191
1,191
2,191
3,191
4,191
5,191
6,191
7,191
8,191
9,191
130,191
131,191
136,191
137,191
138,191
144,191
145,191
146,191
147,191
148,191
198,191
204,191
205,191
206,191
207,191
222,191
223,191
224,191
225,191
226,191
227,191
231,191
232,191
274,191
275,191
276,191
277,191
278,191
279,191
280,191
281,191
282,191
283,191
284,191
285,191
286,191
287,191
288,191
398,191
399,191
400,191
401,191
402,191
403,191
404,191
405,191
406,191
407,191
408,191
409,191
410,191
411,191
412,191
413,191
414,191
415,191
416,191
417,191
418,191
419,191
426,191
427,191
428,191
429,191
592,191
593,191
594,191
595,191
596,191
597,191
598,191
599,191
600,191
601,191
602,191
603,191
604,191
607,191
608,191
609,191
610,191
616,191
617,191
670,191
671,191
672,191
673,191
674,191
675,191
676,191
678,191
679,191
680,191
681,191
682,191
683,191
684,191
685,191
687,191
688,191
689,191
690,191
691,191
692,191
693,191
694,191
695,191
696,191
697,191
698,191
699,191
700,191
701,191
702,191
703,191
704,191
705,191
706,191
720,191
721,191
722,191
723,191
724,191
729,191
1019,191
1020,191
1021,191
1022,191
1023,191
0,192
1,192
2,192
3,192
4,192
5,192
6,192
7,192
8,192
9,192
109,192
110,192
123,192
124,192
125,192
126,192
127,192
128,192
134,192
135,192
136,192
137,192
138,192
146,192
147,192
148,192
149,192
155,192
156,192
157,192
166,192
167,192
168,192
169,192
170,192
171,192
195,192
196,192
197,192
198,192
216,192
217,192
218,192
219,192
220,192
221,192
222,192
223,192
224,192
225,192
230,192
231,192
232,192
255,192
256,192
257,192
271,192
272,192
273,192
274,192
275,192
276,192
277,192
278,192
279,192
280,192
281,192
282,192
283,192
284,192
285,192
286,192
379,192
380,192
393,192
394,192
395,192
396,192
397,192
398,192
399,192
400,192
401,192
402,192
403,192
404,192
405,192
406,192
407,192
408,192
409,192
410,192
411,192
412,192
413,192
414,192
415,192
416,192
591,192
592,192
593,192
594,192
595,192
596,192
597,192
600,192
601,192
602,192
603,192
604,192
606,192
607,192
608,192
609,192
610,192
666,192
670,192
671,192
672,192
673,192
674,192
675,192
676,192
678,192
679,192
680,192
681,192
682,192
683,192
684,192
685,192
687,192
688,192
689,192
690,192
691,192
692,192
693,192
694,192
695,192
696,192
701,192
702,192
703,192
704,192
705,192
706,192
707,192
708,192
709,192
710,192
716,192
717,192
718,192
719,192
720,192
721,192
722,192
723,192
724,192
729,192
758,192
759,192
760,192
794,192
795,192
1019,192
1020,192
1021,192
1022,192
1023,192
0,193
1,193
2,193
3,193
4,193
5,193
6,193
7,193
8,193
9,193
106,193
107,193
108,193
126,193
127,193
147,193
148,193
149,193
150,193
151,193
152,193
182,193
200,193
201,193
202,193
203,193
204,193
205,193
215,193
253,193
254,193
255,193
256,193
267,193
268,193
269,193
270,193
271,193
272,193
273,193
274,193
275,193
276,193
277,193
278,193
279,193
280,193
387,193
388,193
389,193
390,193
391,193
392,193
393,193
394,193
395,193
396,193
397,193
398,193
399,193
400,193
401,193
402,193
403,193
411,193
412,193
434,193
435,193
436,193
440,193
441,193
468,193
469,193
470,193
587,193
588,193
589,193
590,193
591,193
592,193
593,193
594,193
595,193
598,193
599,193
600,193
601,193
602,193
603,193
604,193
605,193
607,193
608,193
609,193
610,193
664,193
665,193
666,193
667,193
668,193
670,193
671,193
672,193
673,193
674,193
675,193
676,193
678,193
679,193
680,193
681,193
682,193
683,193
684,193
685,193
686,193
688,193
689,193
690,193
691,193
692,193
693,193
694,193
695,193
696,193
697,193
702,193
703,193
704,193
705,193
706,193
707,193
708,193
709,193
710,193
711,193
712,193
713,193
714,193
715,193
716,193
717,193
718,193
719,193
720,193
721,193
722,193
723,193
724,193
756,193
757,193
758,193
759,193
760,193
761,193
762,193
792,193
793,193
794,193
795,193
1018,193
1019,193
1020,193
1021,193
1022,193
1023,193
0,194
1,194
2,194
3,194
4,194
5,194
6,194
7,194
8,194
9,194
148,194
149,194
150,194
151,194
152,194
153,194
154,194
157,194
158,194
168,194
169,194
170,194
180,194
181,194
182,194
189,194
190,194
198,194
199,194
213,194
214,194
225,194
226,194
227,194
252,194
263,194
264,194
265,194
266,194
267,194
268,194
269,194
270,194
271,194
272,194
273,194
274,194
383,194
384,194
385,194
386,194
387,194
388,194
389,194
390,194
391,194
392,194
393,194
394,194
395,194
396,194
397,194
398,194
399,194
400,194
434,194
435,194
436,194
439,194
440,194
441,194
584,194
585,194
586,194
587,194
588,194
589,194
590,194
591,194
592,194
593,194
601,194
602,194
603,194
604,194
605,194
607,194
608,194
609,194
610,194
673,194
674,194
680,194
681,194
682,194
683,194
684,194
685,194
686,194
691,194
692,194
693,194
694,194
695,194
696,194
697,194
698,194
699,194
700,194
701,194
702,194
703,194
704,194
705,194
706,194
707,194
708,194
709,194
710,194
711,194
712,194
713,194
714,194
715,194
716,194
733,194
734,194
738,194
739,194
740,194
748,194
749,194
750,194
751,194
752,194
753,194
754,194
755,194
756,194
757,194
758,194
759,194
760,194
761,194
762,194
1019,194
1020,194
1021,194
1022,194
1023,194
0,195
1,195
2,195
3,195
4,195
5,195
6,195
7,195
8,195
9,195
147,195
148,195
149,195
150,195
151,195
152,195
153,195
154,195
155,195
156,195
157,195
158,195
177,195
178,195
179,195
180,195
181,195
182,195
183,195
184,195
189,195
190,195
196,195
197,195
198,195
199,195
217,195
218,195
219,195
220,195
221,195
223,195
224,195
225,195
260,195
261,195
262,195
263,195
264,195
265,195
266,195
267,195
268,195
269,195
270,195
271,195
354,195
355,195
356,195
357,195
358,195
382,195
383,195
384,195
385,195
386,195
387,195
388,195
389,195
390,195
391,195
392,195
435,195
436,195
439,195
440,195
441,195
582,195
583,195
584,195
585,195
586,195
587,195
588,195
589,195
590,195
605,195
672,195
673,195
674,195
675,195
676,195
680,195
681,195
682,195
683,195
684,195
685,195
686,195
687,195
692,195
693,195
694,195
695,195
696,195
697,195
698,195
699,195
700,195
701,195
702,195
703,195
704,195
705,195
706,195
707,195
708,195
709,195
710,195
711,195
712,195
713,195
714,195
715,195
716,195
717,195
718,195
719,195
720,195
721,195
738,195
739,195
740,195
746,195
747,195
748,195
749,195
750,195
751,195
752,195
753,195
757,195
758,195
759,195
760,195
767,195
768,195
774,195
775,195
776,195
777,195
778,195
779,195
780,195
781,195
1019,195
1020,195
1021,195
1022,195
1023,195
0,196
1,196
2,196
3,196
4,196
5,196
6,196
7,196
8,196
9,196
42,196
106,196
107,196
108,196
109,196
110,196
111,196
149,196
150,196
151,196
152,196
153,196
154,196
155,196
156,196
157,196
158,196
260,196
261,196
262,196
263,196
264,196
265,196
266,196
267,196
268,196
355,196
356,196
357,196
368,196
369,196
370,196
371,196
372,196
373,196
374,196
375,196
376,196
377,196
378,196
379,196
380,196
381,196
382,196
383,196
384,196
385,196
386,196
434,196
435,196
436,196
439,196
440,196
580,196
581,196
582,196
583,196
584,196
585,196
586,196
587,196
601,196
602,196
603,196
606,196
607,196
608,196
609,196
621,196
622,196
680,196
681,196
682,196
683,196
684,196
695,196
696,196
697,196
698,196
699,196
700,196
701,196
702,196
703,196
704,196
705,196
706,196
707,196
708,196
709,196
710,196
713,196
714,196
715,196
716,196
717,196
718,196
719,196
720,196
721,196
722,196
723,196
724,196
725,196
726,196
739,196
740,196
741,196
746,196
756,196
757,196
758,196
773,196
774,196
775,196
776,196
777,196
778,196
854,196
855,196
856,196
857,196
858,196
1020,196
1021,196
1022,196
1023,196
0,197
1,197
2,197
3,197
4,197
5,197
6,197
7,197
8,197
9,197
41,197
105,197
106,197
107,197
108,197
109,197
110,197
111,197
112,197
116,197
117,197
150,197
151,197
152,197
153,197
154,197
155,197
156,197
157,197
158,197
159,197
160,197
258,197
259,197
260,197
261,197
262,197
263,197
264,197
265,197
364,197
365,197
366,197
367,197
368,197
369,197
370,197
371,197
372,197
373,197
374,197
375,197
376,197
377,197
378,197
379,197
380,197
381,197
382,197
393,197
434,197
435,197
436,197
443,197
444,197
579,197
580,197
581,197
582,197
583,197
584,197
585,197
586,197
601,197
602,197
603,197
607,197
608,197
609,197
610,197
621,197
622,197
623,197
624,197
649,197
650,197
679,197
680,197
681,197
682,197
683,197
684,197
685,197
701,197
702,197
703,197
704,197
705,197
706,197
707,197
708,197
709,197
710,197
711,197
713,197
714,197
715,197
716,197
717,197
718,197
719,197
720,197
721,197
722,197
723,197
724,197
725,197
726,197
727,197
728,197
729,197
730,197
731,197
746,197
747,197
750,197
755,197
756,197
772,197
773,197
774,197
775,197
854,197
855,197
856,197
857,197
1020,197
1021,197
1022,197
1023,197
0,198
1,198
2,198
3,198
4,198
5,198
6,198
7,198
8,198
9,198
37,198
38,198
39,198
40,198
41,198
75,198
76,198
106,198
107,198
108,198
109,198
110,198
111,198
112,198
154,198
155,198
156,198
157,198
158,198
159,198
160,198
161,198
162,198
257,198
258,198
259,198
260,198
261,198
262,198
263,198
364,198
365,198
366,198
367,198
368,198
369,198
370,198
371,198
372,198
373,198
374,198
375,198
376,198
377,198
378,198
379,198
380,198
381,198
385,198
386,198
387,198
434,198
435,198
436,198
550,198
551,198
552,198
553,198
554,198
555,198
556,198
557,198
558,198
559,198
560,198
561,198
562,198
563,198
564,198
565,198
566,198
578,198
579,198
580,198
581,198
582,198
583,198
584,198
585,198
679,198
680,198
681,198
682,198
683,198
684,198
685,198
704,198
705,198
706,198
707,198
708,198
709,198
710,198
711,198
721,198
722,198
723,198
724,198
725,198
726,198
727,198
728,198
729,198
730,198
731,198
732,198
733,198
754,198
755,198
756,198
1019,198
1020,198
1021,198
1022,198
1023,198
0,199
1,199
2,199
3,199
4,199
5,199
6,199
7,199
8,199
9,199
36,199
37,199
38,199
39,199
40,199
75,199
108,199
109,199
110,199
111,199
112,199
155,199
156,199
157,199
158,199
159,199
160,199
161,199
162,199
163,199
255,199
256,199
257,199
258,199
259,199
260,199
261,199
262,199
359,199
360,199
361,199
362,199
363,199
364,199
365,199
366,199
367,199
368,199
369,199
370,199
371,199
434,199
435,199
455,199
548,199
549,199
550,199
551,199
552,199
553,199
554,199
555,199
556,199
557,199
558,199
559,199
560,199
561,199
562,199
563,199
564,199
565,199
566,199
567,199
568,199
569,199
570,199
571,199
572,199
573,199
574,199
575,199
576,199
577,199
578,199
579,199
580,199
581,199
582,199
672,199
673,199
674,199
675,199
676,199
680,199
681,199
708,199
709,199
710,199
711,199
712,199
713,199
714,199
715,199
725,199
726,199
727,199
728,199
729,199
730,199
731,199
732,199
733,199
734,199
735,199
736,199
737,199
738,199
739,199
740,199
754,199
755,199
756,199
757,199
758,199
1018,199
1019,199
1020,199
1021,199
1022,199
1023,199
0,200
1,200
2,200
3,200
4,200
5,200
6,200
7,200
8,200
9,200
71,200
72,200
108,200
109,200
110,200
111,200
112,200
113,200
157,200
158,200
159,200
160,200
161,200
162,200
163,200
164,200
252,200
253,200
254,200
255,200
256,200
257,200
258,200
259,200
260,200
354,200
355,200
356,200
357,200
358,200
359,200
360,200
361,200
362,200
363,200
364,200
365,200
366,200
367,200
368,200
369,200
397,200
435,200
455,200
456,200
473,200
474,200
475,200
476,200
477,200
478,200
479,200
480,200
481,200
482,200
483,200
484,200
485,200
486,200
487,200
488,200
489,200
490,200
491,200
492,200
493,200
494,200
495,200
496,200
497,200
546,200
547,200
548,200
549,200
550,200
551,200
552,200
553,200
554,200
555,200
556,200
557,200
558,200
559,200
560,200
561,200
562,200
563,200
564,200
565,200
566,200
567,200
568,200
569,200
570,200
571,200
572,200
573,200
574,200
575,200
576,200
577,200
578,200
579,200
580,200
581,200
582,200
668,200
669,200
670,200
671,200
672,200
673,200
674,200
675,200
676,200
677,200
700,200
701,200
702,200
703,200
704,200
705,200
709,200
710,200
711,200
712,200
713,200
714,200
715,200
716,200
717,200
718,200
731,200
732,200
733,200
734,200
735,200
736,200
737,200
738,200
739,200
740,200
741,200
742,200
743,200
744,200
754,200
755,200
756,200
757,200
758,200
759,200
1018,200
1019,200
1020,200
1021,200
1022,200
1023,200
0,201
1,201
2,201
3,201
4,201
5,201
6,201
7,201
8,201
9,201
69,201
70,201
71,201
72,201
73,201
110,201
111,201
112,201
122,201
123,201
159,201
160,201
161,201
162,201
163,201
164,201
165,201
252,201
253,201
254,201
255,201
256,201
257,201
258,201
259,201
352,201
353,201
354,201
355,201
356,201
357,201
358,201
359,201
360,201
361,201
362,201
363,201
364,201
365,201
409,201
419,201
427,201
438,201
456,201
471,201
472,201
473,201
474,201
475,201
476,201
477,201
478,201
479,201
480,201
481,201
482,201
483,201
484,201
485,201
486,201
487,201
488,201
489,201
490,201
491,201
492,201
493,201
494,201
495,201
496,201
497,201
498,201
499,201
500,201
542,201
543,201
544,201
545,201
546,201
547,201
548,201
549,201
550,201
551,201
552,201
553,201
569,201
570,201
571,201
572,201
573,201
574,201
575,201
576,201
577,201
578,201
579,201
580,201
581,201
582,201
583,201
666,201
667,201
668,201
669,201
670,201
671,201
672,201
673,201
674,201
675,201
676,201
698,201
699,201
700,201
701,201
702,201
703,201
704,201
710,201
711,201
712,201
713,201
714,201
715,201
716,201
717,201
718,201
719,201
720,201
733,201
734,201
735,201
736,201
737,201
738,201
739,201
740,201
741,201
742,201
743,201
744,201
745,201
746,201
747,201
753,201
754,201
755,201
756,201
757,201
758,201
759,201
760,201
761,201
1019,201
1020,201
1021,201
1022,201
1023,201
0,202
1,202
2,202
3,202
4,202
5,202
6,202
7,202
8,202
9,202
58,202
69,202
70,202
71,202
72,202
73,202
122,202
123,202
124,202
125,202
160,202
161,202
162,202
163,202
164,202
165,202
166,202
167,202
245,202
246,202
247,202
248,202
249,202
250,202
251,202
252,202
253,202
254,202
255,202
256,202
257,202
258,202
348,202
349,202
350,202
351,202
352,202
353,202
354,202
355,202
356,202
357,202
358,202
359,202
419,202
420,202
438,202
468,202
469,202
470,202
471,202
472,202
473,202
474,202
475,202
476,202
477,202
478,202
494,202
495,202
496,202
497,202
498,202
499,202
500,202
501,202
502,202
512,202
539,202
540,202
541,202
542,202
543,202
544,202
545,202
546,202
547,202
548,202
549,202
550,202
556,202
557,202
572,202
573,202
574,202
575,202
576,202
577,202
578,202
579,202
580,202
581,202
582,202
583,202
584,202
597,202
630,202
631,202
632,202
633,202
661,202
662,202
663,202
664,202
665,202
666,202
667,202
668,202
669,202
670,202
671,202
672,202
698,202
699,202
700,202
701,202
702,202
714,202
715,202
716,202
717,202
718,202
719,202
720,202
721,202
722,202
737,202
738,202
739,202
740,202
741,202
742,202
743,202
744,202
745,202
746,202
747,202
748,202
749,202
750,202
751,202
752,202
753,202
754,202
755,202
756,202
757,202
758,202
759,202
760,202
761,202
1019,202
1020,202
1021,202
1022,202
1023,202
0,203
1,203
2,203
3,203
4,203
5,203
6,203
7,203
8,203
9,203
70,203
71,203
72,203
124,203
125,203
126,203
161,203
162,203
163,203
164,203
165,203
166,203
167,203
168,203
169,203
170,203
171,203
244,203
245,203
246,203
247,203
248,203
249,203
250,203
251,203
252,203
253,203
254,203
255,203
256,203
257,203
258,203
340,203
341,203
342,203
343,203
344,203
345,203
346,203
347,203
348,203
349,203
350,203
351,203
352,203
353,203
354,203
355,203
419,203
427,203
465,203
466,203
467,203
468,203
469,203
470,203
471,203
472,203
473,203
474,203
475,203
496,203
497,203
498,203
499,203
500,203
501,203
502,203
503,203
504,203
510,203
511,203
512,203
539,203
540,203
541,203
542,203
543,203
544,203
545,203
573,203
574,203
575,203
576,203
577,203
578,203
579,203
580,203
581,203
582,203
583,203
584,203
585,203
630,203
631,203
632,203
633,203
654,203
655,203
660,203
661,203
662,203
663,203
664,203
665,203
666,203
667,203
668,203
690,203
691,203
692,203
693,203
698,203
699,203
700,203
701,203
702,203
716,203
717,203
718,203
719,203
720,203
721,203
722,203
723,203
724,203
725,203
742,203
743,203
744,203
745,203
746,203
747,203
748,203
749,203
750,203
751,203
752,203
753,203
754,203
755,203
756,203
757,203
758,203
817,203
871,203
872,203
873,203
874,203
875,203
912,203
913,203
914,203
915,203
916,203
917,203
923,203
924,203
925,203
1020,203
1021,203
1022,203
1023,203
0,204
1,204
2,204
3,204
4,204
5,204
6,204
7,204
8,204
29,204
30,204
31,204
116,204
117,204
118,204
126,204
127,204
156,204
164,204
165,204
166,204
167,204
168,204
169,204
170,204
171,204
172,204
173,204
174,204
175,204
176,204
177,204
178,204
179,204
180,204
181,204
182,204
183,204
184,204
185,204
186,204
187,204
188,204
189,204
245,204
246,204
247,204
248,204
249,204
250,204
251,204
252,204
253,204
254,204
255,204
256,204
257,204
258,204
259,204
260,204
339,204
340,204
341,204
342,204
343,204
344,204
345,204
346,204
347,204
348,204
349,204
350,204
351,204
352,204
463,204
464,204
465,204
466,204
467,204
468,204
469,204
470,204
471,204
472,204
473,204
499,204
500,204
501,204
502,204
503,204
504,204
505,204
536,204
537,204
538,204
539,204
540,204
541,204
542,204
543,204
574,204
576,204
577,204
578,204
579,204
580,204
581,204
582,204
583,204
584,204
585,204
586,204
587,204
612,204
630,204
631,204
632,204
633,204
652,204
653,204
658,204
659,204
660,204
661,204
662,204
663,204
664,204
690,204
691,204
692,204
698,204
699,204
700,204
717,204
718,204
719,204
720,204
721,204
722,204
723,204
724,204
725,204
726,204
747,204
748,204
749,204
750,204
751,204
752,204
753,204
754,204
755,204
756,204
757,204
758,204
809,204
810,204
811,204
812,204
817,204
818,204
870,204
871,204
872,204
873,204
874,204
894,204
895,204
896,204
907,204
908,204
909,204
910,204
911,204
912,204
913,204
914,204
915,204
916,204
917,204
918,204
919,204
922,204
923,204
924,204
925,204
926,204
1020,204
1021,204
1022,204
1023,204
0,205
1,205
2,205
3,205
4,205
5,205
6,205
7,205
8,205
31,205
127,205
128,205
129,205
130,205
165,205
166,205
167,205
168,205
169,205
170,205
171,205
172,205
173,205
174,205
175,205
176,205
177,205
178,205
179,205
180,205
181,205
182,205
183,205
184,205
185,205
186,205
187,205
188,205
189,205
190,205
191,205
192,205
193,205
194,205
195,205
196,205
197,205
198,205
199,205
200,205
201,205
202,205
203,205
204,205
246,205
247,205
248,205
249,205
250,205
251,205
252,205
253,205
254,205
255,205
256,205
257,205
258,205
259,205
260,205
261,205
262,205
263,205
264,205
337,205
339,205
340,205
341,205
342,205
343,205
344,205
345,205
346,205
347,205
348,205
349,205
350,205
438,205
462,205
463,205
464,205
465,205
466,205
467,205
468,205
469,205
470,205
471,205
472,205
500,205
501,205
502,205
503,205
504,205
505,205
506,205
535,205
536,205
537,205
538,205
539,205
540,205
541,205
542,205
543,205
576,205
577,205
578,205
579,205
580,205
581,205
582,205
583,205
584,205
585,205
586,205
587,205
588,205
589,205
631,205
632,205
656,205
657,205
658,205
659,205
660,205
719,205
720,205
721,205
722,205
723,205
724,205
725,205
726,205
727,205
728,205
729,205
730,205
749,205
750,205
751,205
752,205
753,205
754,205
755,205
756,205
757,205
758,205
806,205
807,205
808,205
809,205
810,205
811,205
812,205
813,205
836,205
837,205
838,205
839,205
840,205
841,205
842,205
843,205
844,205
845,205
846,205
847,205
851,205
852,205
853,205
918,205
919,205
920,205
921,205
922,205
1020,205
1021,205
1022,205
1023,205
0,206
1,206
2,206
3,206
4,206
5,206
6,206
7,206
8,206
121,206
122,206
127,206
128,206
129,206
130,206
131,206
166,206
167,206
169,206
170,206
171,206
172,206
173,206
174,206
175,206
176,206
177,206
178,206
179,206
180,206
181,206
182,206
183,206
184,206
185,206
186,206
187,206
188,206
189,206
190,206
191,206
192,206
193,206
194,206
195,206
196,206
197,206
198,206
199,206
200,206
201,206
202,206
203,206
204,206
205,206
206,206
207,206
208,206
209,206
210,206
211,206
212,206
245,206
246,206
247,206
248,206
249,206
250,206
251,206
252,206
253,206
254,206
255,206
256,206
257,206
258,206
259,206
260,206
261,206
262,206
263,206
264,206
265,206
266,206
267,206
268,206
269,206
332,206
333,206
334,206
335,206
336,206
337,206
338,206
339,206
340,206
341,206
342,206
343,206
344,206
345,206
346,206
460,206
461,206
462,206
463,206
464,206
465,206
466,206
502,206
503,206
504,206
505,206
506,206
535,206
536,206
537,206
538,206
539,206
540,206
541,206
542,206
576,206
577,206
578,206
579,206
580,206
581,206
582,206
583,206
584,206
585,206
586,206
587,206
588,206
589,206
590,206
591,206
592,206
593,206
594,206
595,206
650,206
657,206
663,206
664,206
722,206
723,206
724,206
725,206
726,206
727,206
728,206
729,206
730,206
731,206
750,206
751,206
752,206
753,206
754,206
755,206
756,206
757,206
758,206
759,206
760,206
761,206
762,206
763,206
777,206
778,206
779,206
780,206
781,206
782,206
783,206
789,206
790,206
791,206
792,206
793,206
794,206
795,206
796,206
797,206
805,206
806,206
807,206
808,206
809,206
810,206
811,206
812,206
813,206
830,206
831,206
832,206
833,206
834,206
835,206
836,206
837,206
838,206
839,206
840,206
841,206
842,206
843,206
844,206
845,206
846,206
847,206
848,206
850,206
851,206
852,206
853,206
854,206
862,206
863,206
864,206
974,206
975,206
976,206
977,206
978,206
979,206
980,206
981,206
982,206
983,206
984,206
985,206
986,206
987,206
988,206
989,206
990,206
991,206
992,206
993,206
994,206
995,206
996,206
997,206
998,206
999,206
1000,206
1001,206
1002,206
1007,206
1008,206
1009,206
1010,206
1017,206
1020,206
1021,206
1022,206
1023,206
0,207
1,207
2,207
3,207
4,207
5,207
6,207
7,207
8,207
9,207
122,207
123,207
128,207
129,207
130,207
131,207
182,207
183,207
184,207
185,207
186,207
187,207
188,207
190,207
191,207
192,207
193,207
194,207
195,207
196,207
197,207
198,207
199,207
200,207
201,207
202,207
203,207
204,207
205,207
206,207
207,207
208,207
209,207
210,207
211,207
212,207
213,207
214,207
215,207
216,207
217,207
218,207
219,207
220,207
221,207
243,207
244,207
245,207
246,207
247,207
248,207
249,207
250,207
251,207
252,207
253,207
259,207
260,207
261,207
262,207
263,207
264,207
265,207
266,207
267,207
268,207
269,207
270,207
330,207
331,207
332,207
333,207
334,207
335,207
336,207
337,207
338,207
340,207
341,207
458,207
459,207
460,207
461,207
462,207
463,207
464,207
502,207
503,207
504,207
505,207
506,207
507,207
508,207
509,207
534,207
535,207
536,207
537,207
538,207
539,207
540,207
576,207
577,207
578,207
579,207
580,207
581,207
585,207
586,207
587,207
588,207
589,207
590,207
591,207
592,207
593,207
594,207
595,207
649,207
650,207
651,207
724,207
725,207
726,207
727,207
728,207
729,207
730,207
731,207
732,207
733,207
752,207
753,207
754,207
755,207
756,207
757,207
758,207
759,207
760,207
761,207
762,207
763,207
764,207
765,207
766,207
767,207
768,207
769,207
770,207
807,207
808,207
809,207
810,207
818,207
819,207
831,207
832,207
833,207
834,207
835,207
836,207
837,207
840,207
862,207
863,207
966,207
967,207
968,207
969,207
970,207
971,207
972,207
973,207
974,207
975,207
976,207
977,207
978,207
979,207
980,207
981,207
982,207
983,207
984,207
985,207
986,207
987,207
988,207
989,207
990,207
991,207
992,207
993,207
994,207
995,207
996,207
997,207
998,207
999,207
1000,207
1001,207
1002,207
1003,207
1004,207
1005,207
1006,207
1007,207
1008,207
1009,207
1010,207
1011,207
1016,207
1017,207
1020,207
1021,207
1022,207
1023,207
0,208
1,208
2,208
3,208
4,208
5,208
6,208
7,208
8,208
9,208
122,208
123,208
124,208
129,208
130,208
131,208
132,208
200,208
201,208
202,208
203,208
204,208
205,208
206,208
207,208
208,208
209,208
210,208
211,208
212,208
213,208
214,208
215,208
216,208
217,208
218,208
219,208
220,208
221,208
222,208
223,208
224,208
225,208
226,208
227,208
228,208
229,208
230,208
231,208
232,208
233,208
234,208
235,208
236,208
237,208
238,208
239,208
240,208
241,208
242,208
243,208
244,208
245,208
246,208
247,208
248,208
249,208
250,208
251,208
263,208
264,208
265,208
266,208
267,208
268,208
269,208
270,208
271,208
272,208
273,208
274,208
275,208
276,208
326,208
327,208
328,208
329,208
330,208
331,208
332,208
333,208
334,208
335,208
336,208
337,208
338,208
456,208
457,208
458,208
459,208
460,208
461,208
462,208
463,208
503,208
504,208
505,208
506,208
507,208
508,208
509,208
510,208
534,208
535,208
536,208
537,208
538,208
539,208
577,208
578,208
579,208
580,208
581,208
587,208
588,208
589,208
590,208
591,208
592,208
593,208
594,208
595,208
596,208
612,208
613,208
614,208
649,208
650,208
727,208
728,208
729,208
730,208
731,208
732,208
733,208
734,208
735,208
736,208
753,208
754,208
755,208
756,208
757,208
758,208
759,208
760,208
761,208
762,208
763,208
764,208
765,208
766,208
767,208
768,208
769,208
770,208
782,208
783,208
784,208
789,208
790,208
791,208
817,208
818,208
819,208
820,208
831,208
832,208
833,208
834,208
835,208
862,208
869,208
870,208
871,208
872,208
873,208
874,208
878,208
879,208
880,208
881,208
882,208
883,208
884,208
887,208
888,208
889,208
890,208
907,208
908,208
909,208
910,208
934,208
935,208
936,208
937,208
938,208
939,208
946,208
947,208
948,208
949,208
950,208
955,208
956,208
957,208
958,208
959,208
964,208
965,208
966,208
967,208
968,208
969,208
970,208
971,208
972,208
973,208
974,208
976,208
977,208
978,208
979,208
980,208
981,208
982,208
983,208
984,208
985,208
986,208
987,208
988,208
989,208
990,208
991,208
992,208
993,208
994,208
995,208
996,208
997,208
998,208
999,208
1000,208
1001,208
1002,208
1003,208
1004,208
1005,208
1006,208
1007,208
1008,208
1009,208
1010,208
1011,208
1016,208
1017,208
1020,208
1021,208
1022,208
1023,208
0,209
1,209
2,209
3,209
4,209
5,209
6,209
7,209
8,209
9,209
38,209
123,209
124,209
130,209
131,209
132,209
133,209
210,209
211,209
212,209
213,209
214,209
215,209
216,209
217,209
218,209
219,209
220,209
221,209
222,209
223,209
224,209
225,209
226,209
227,209
228,209
229,209
230,209
231,209
232,209
233,209
234,209
235,209
236,209
237,209
238,209
239,209
240,209
241,209
242,209
243,209
244,209
245,209
246,209
247,209
248,209
249,209
250,209
267,209
268,209
269,209
270,209
271,209
272,209
273,209
274,209
275,209
276,209
277,209
278,209
279,209
280,209
281,209
282,209
325,209
326,209
327,209
328,209
329,209
330,209
331,209
332,209
333,209
334,209
455,209
456,209
457,209
458,209
459,209
460,209
461,209
505,209
506,209
507,209
508,209
509,209
510,209
511,209
533,209
534,209
535,209
536,209
537,209
538,209
577,209
578,209
579,209
580,209
581,209
582,209
590,209
591,209
592,209
593,209
594,209
595,209
596,209
597,209
598,209
599,209
600,209
601,209
611,209
612,209
613,209
718,209
730,209
731,209
732,209
733,209
734,209
735,209
736,209
737,209
738,209
739,209
740,209
753,209
754,209
755,209
756,209
757,209
758,209
759,209
760,209
761,209
762,209
763,209
764,209
765,209
766,209
767,209
782,209
817,209
818,209
819,209
820,209
832,209
833,209
834,209
860,209
861,209
862,209
863,209
864,209
865,209
866,209
871,209
872,209
873,209
879,209
880,209
881,209
882,209
883,209
884,209
890,209
891,209
945,209
946,209
947,209
948,209
949,209
950,209
951,209
966,209
970,209
971,209
972,209
973,209
974,209
975,209
976,209
977,209
978,209
979,209
980,209
981,209
982,209
1017,209
1020,209
1021,209
1022,209
1023,209
0,210
1,210
2,210
3,210
4,210
5,210
6,210
7,210
8,210
9,210
131,210
132,210
133,210
134,210
219,210
220,210
221,210
222,210
223,210
224,210
225,210
226,210
227,210
228,210
229,210
230,210
231,210
232,210
233,210
234,210
235,210
236,210
237,210
238,210
239,210
240,210
241,210
242,210
243,210
244,210
245,210
246,210
247,210
248,210
249,210
250,210
271,210
272,210
273,210
274,210
275,210
276,210
277,210
278,210
279,210
280,210
281,210
282,210
283,210
284,210
285,210
286,210
287,210
322,210
323,210
324,210
325,210
326,210
327,210
328,210
329,210
330,210
331,210
453,210
454,210
455,210
456,210
457,210
458,210
459,210
460,210
506,210
507,210
508,210
509,210
510,210
511,210
512,210
513,210
514,210
531,210
532,210
533,210
534,210
535,210
536,210
537,210
577,210
578,210
579,210
580,210
581,210
582,210
593,210
594,210
595,210
596,210
597,210
598,210
599,210
600,210
601,210
602,210
603,210
718,210
732,210
733,210
734,210
735,210
736,210
737,210
738,210
739,210
740,210
741,210
753,210
754,210
755,210
756,210
757,210
758,210
763,210
764,210
765,210
766,210
767,210
768,210
808,210
809,210
810,210
811,210
818,210
819,210
820,210
854,210
855,210
856,210
857,210
858,210
859,210
860,210
861,210
862,210
863,210
864,210
865,210
866,210
867,210
871,210
872,210
881,210
882,210
883,210
884,210
950,210
951,210
952,210
953,210
954,210
955,210
956,210
957,210
958,210
973,210
974,210
975,210
988,210
989,210
990,210
1016,210
1017,210
1020,210
1021,210
1022,210
1023,210
0,211
1,211
2,211
3,211
4,211
5,211
6,211
7,211
8,211
9,211
133,211
134,211
135,211
136,211
137,211
239,211
240,211
241,211
242,211
243,211
244,211
245,211
246,211
247,211
248,211
277,211
278,211
279,211
280,211
281,211
282,211
283,211
284,211
285,211
286,211
287,211
288,211
289,211
290,211
291,211
292,211
293,211
300,211
320,211
321,211
322,211
323,211
324,211
325,211
326,211
431,211
452,211
453,211
454,211
455,211
456,211
457,211
458,211
459,211
506,211
507,211
508,211
509,211
510,211
511,211
512,211
513,211
514,211
528,211
529,211
530,211
531,211
532,211
533,211
534,211
535,211
536,211
577,211
578,211
579,211
580,211
581,211
582,211
596,211
597,211
598,211
599,211
600,211
601,211
602,211
603,211
718,211
735,211
736,211
737,211
738,211
739,211
740,211
741,211
742,211
743,211
744,211
754,211
755,211
756,211
757,211
758,211
764,211
765,211
766,211
767,211
768,211
769,211
770,211
771,211
805,211
806,211
807,211
808,211
809,211
810,211
811,211
812,211
820,211
829,211
830,211
835,211
847,211
848,211
849,211
850,211
851,211
852,211
853,211
854,211
855,211
856,211
857,211
858,211
859,211
860,211
861,211
862,211
863,211
864,211
865,211
866,211
883,211
950,211
951,211
952,211
953,211
954,211
955,211
988,211
989,211
990,211
994,211
995,211
996,211
997,211
998,211
999,211
1000,211
1001,211
1002,211
1003,211
1004,211
1005,211
1006,211
1007,211
1008,211
1009,211
1010,211
1011,211
1012,211
1013,211
1014,211
1015,211
1016,211
1017,211
1020,211
1021,211
1022,211
1023,211
0,212
1,212
2,212
3,212
4,212
5,212
6,212
7,212
8,212
9,212
135,212
136,212
137,212
138,212
240,212
241,212
242,212
243,212
244,212
245,212
246,212
247,212
248,212
280,212
281,212
282,212
283,212
284,212
285,212
286,212
287,212
288,212
289,212
290,212
291,212
292,212
293,212
294,212
295,212
296,212
297,212
298,212
317,212
318,212
319,212
320,212
321,212
322,212
323,212
324,212
325,212
452,212
453,212
454,212
455,212
456,212
457,212
458,212
459,212
460,212
508,212
509,212
510,212
511,212
512,212
513,212
526,212
527,212
528,212
529,212
530,212
531,212
532,212
533,212
534,212
578,212
579,212
580,212
581,212
582,212
597,212
598,212
599,212
600,212
601,212
602,212
603,212
604,212
605,212
606,212
736,212
737,212
738,212
739,212
740,212
741,212
742,212
743,212
744,212
745,212
746,212
755,212
756,212
757,212
758,212
764,212
765,212
766,212
767,212
768,212
769,212
770,212
771,212
802,212
803,212
804,212
805,212
806,212
807,212
808,212
809,212
810,212
811,212
812,212
820,212
821,212
822,212
823,212
824,212
825,212
847,212
848,212
849,212
850,212
856,212
862,212
880,212
881,212
882,212
883,212
884,212
930,212
931,212
932,212
933,212
934,212
994,212
995,212
996,212
997,212
998,212
999,212
1000,212
1001,212
1002,212
1003,212
1004,212
1005,212
1006,212
1007,212
1008,212
1009,212
1010,212
1011,212
1012,212
1013,212
1014,212
1015,212
1016,212
1017,212
1020,212
1021,212
1022,212
1023,212
0,213
1,213
2,213
3,213
4,213
5,213
6,213
7,213
8,213
9,213
135,213
136,213
137,213
138,213
242,213
243,213
244,213
245,213
246,213
247,213
248,213
249,213
288,213
289,213
290,213
291,213
292,213
293,213
294,213
295,213
296,213
297,213
298,213
299,213
300,213
301,213
302,213
303,213
304,213
305,213
306,213
315,213
316,213
317,213
318,213
319,213
320,213
321,213
322,213
323,213
431,213
450,213
451,213
452,213
453,213
454,213
455,213
456,213
457,213
509,213
510,213
511,213
512,213
513,213
514,213
525,213
526,213
527,213
528,213
529,213
530,213
531,213
532,213
533,213
578,213
579,213
580,213
581,213
582,213
601,213
602,213
603,213
604,213
605,213
606,213
607,213
608,213
718,213
740,213
741,213
742,213
743,213
744,213
745,213
746,213
747,213
748,213
762,213
763,213
764,213
765,213
766,213
767,213
768,213
769,213
770,213
771,213
772,213
796,213
797,213
798,213
799,213
800,213
801,213
802,213
803,213
804,213
805,213
806,213
807,213
808,213
809,213
810,213
811,213
819,213
820,213
821,213
822,213
823,213
824,213
825,213
842,213
843,213
844,213
845,213
846,213
847,213
848,213
849,213
850,213
877,213
878,213
879,213
880,213
881,213
882,213
883,213
928,213
929,213
930,213
931,213
971,213
991,213
992,213
993,213
996,213
997,213
998,213
999,213
1000,213
1001,213
1002,213
1003,213
1004,213
1005,213
1006,213
1007,213
1008,213
1009,213
1010,213
1011,213
1012,213
1013,213
1014,213
1015,213
1016,213
1017,213
1020,213
1021,213
1022,213
1023,213
0,214
1,214
2,214
3,214
4,214
5,214
6,214
7,214
8,214
9,214
217,214
218,214
243,214
244,214
245,214
246,214
247,214
248,214
249,214
250,214
251,214
292,214
293,214
294,214
295,214
296,214
297,214
298,214
299,214
300,214
301,214
302,214
303,214
304,214
305,214
306,214
307,214
308,214
309,214
310,214
311,214
312,214
313,214
314,214
315,214
316,214
317,214
318,214
319,214
320,214
321,214
451,214
452,214
453,214
454,214
455,214
456,214
509,214
510,214
511,214
512,214
513,214
514,214
524,214
525,214
526,214
527,214
528,214
529,214
530,214
531,214
578,214
579,214
580,214
581,214
582,214
583,214
584,214
601,214
602,214
603,214
604,214
605,214
606,214
607,214
608,214
609,214
610,214
742,214
743,214
744,214
745,214
746,214
747,214
748,214
749,214
767,214
768,214
769,214
770,214
771,214
772,214
773,214
774,214
780,214
781,214
782,214
783,214
787,214
788,214
789,214
790,214
791,214
792,214
793,214
794,214
795,214
796,214
797,214
798,214
799,214
800,214
801,214
802,214
803,214
804,214
805,214
806,214
807,214
808,214
809,214
810,214
821,214
822,214
823,214
824,214
841,214
842,214
843,214
844,214
845,214
846,214
847,214
848,214
876,214
877,214
878,214
879,214
880,214
1015,214
1016,214
1017,214
1020,214
1021,214
1022,214
1023,214
0,215
1,215
2,215
3,215
4,215
5,215
6,215
7,215
8,215
9,215
245,215
246,215
247,215
248,215
249,215
250,215
251,215
300,215
301,215
302,215
303,215
304,215
305,215
306,215
307,215
308,215
309,215
310,215
311,215
312,215
313,215
314,215
315,215
316,215
317,215
318,215
319,215
320,215
450,215
451,215
452,215
453,215
454,215
455,215
456,215
509,215
510,215
511,215
512,215
513,215
514,215
515,215
523,215
524,215
525,215
526,215
527,215
528,215
529,215
530,215
579,215
580,215
581,215
582,215
583,215
584,215
585,215
602,215
603,215
604,215
605,215
606,215
607,215
608,215
609,215
610,215
611,215
612,215
613,215
614,215
744,215
745,215
746,215
747,215
748,215
749,215
750,215
768,215
769,215
770,215
771,215
772,215
773,215
788,215
789,215
790,215
791,215
792,215
793,215
794,215
795,215
796,215
797,215
798,215
799,215
800,215
801,215
841,215
842,215
843,215
844,215
845,215
846,215
847,215
876,215
877,215
878,215
879,215
880,215
887,215
890,215
891,215
892,215
893,215
937,215
995,215
996,215
999,215
1000,215
1001,215
1002,215
1003,215
1004,215
1005,215
1006,215
1007,215
1008,215
1009,215
1010,215
1011,215
1012,215
1013,215
1014,215
1019,215
1020,215
1021,215
1022,215
1023,215
0,216
1,216
2,216
3,216
4,216
5,216
6,216
7,216
8,216
9,216
246,216
247,216
248,216
249,216
250,216
251,216
252,216
303,216
304,216
305,216
306,216
307,216
308,216
309,216
310,216
311,216
312,216
313,216
314,216
315,216
316,216
317,216
318,216
319,216
320,216
321,216
325,216
450,216
451,216
452,216
453,216
454,216
455,216
498,216
499,216
500,216
510,216
511,216
512,216
513,216
514,216
515,216
516,216
521,216
522,216
523,216
524,216
525,216
526,216
527,216
528,216
581,216
582,216
583,216
584,216
585,216
586,216
603,216
604,216
605,216
606,216
607,216
608,216
609,216
610,216
611,216
612,216
613,216
614,216
615,216
616,216
617,216
618,216
619,216
620,216
745,216
746,216
747,216
748,216
749,216
750,216
751,216
752,216
769,216
770,216
771,216
772,216
773,216
774,216
789,216
791,216
829,216
841,216
842,216
843,216
844,216
845,216
846,216
876,216
877,216
884,216
885,216
886,216
887,216
888,216
889,216
890,216
891,216
892,216
893,216
894,216
895,216
896,216
897,216
898,216
899,216
900,216
901,216
981,216
982,216
999,216
1000,216
1001,216
1002,216
1003,216
1004,216
1005,216
1006,216
1007,216
1008,216
1009,216
1010,216
1011,216
1012,216
1013,216
1014,216
1015,216
1016,216
1017,216
1018,216
1019,216
1020,216
1021,216
1022,216
1023,216
0,217
1,217
2,217
3,217
4,217
5,217
6,217
7,217
8,217
9,217
247,217
248,217
249,217
250,217
251,217
252,217
253,217
304,217
305,217
306,217
307,217
308,217
309,217
310,217
311,217
312,217
313,217
314,217
315,217
316,217
317,217
318,217
319,217
320,217
321,217
322,217
323,217
324,217
325,217
326,217
327,217
328,217
329,217
330,217
331,217
332,217
333,217
334,217
335,217
336,217
337,217
338,217
339,217
422,217
423,217
424,217
449,217
450,217
451,217
452,217
453,217
454,217
460,217
498,217
499,217
500,217
510,217
511,217
512,217
513,217
514,217
515,217
516,217
518,217
519,217
520,217
521,217
522,217
523,217
524,217
525,217
526,217
527,217
582,217
583,217
584,217
585,217
586,217
587,217
588,217
592,217
593,217
594,217
595,217
596,217
597,217
598,217
611,217
612,217
613,217
614,217
615,217
616,217
617,217
618,217
619,217
620,217
621,217
622,217
623,217
624,217
746,217
747,217
748,217
749,217
750,217
751,217
752,217
753,217
754,217
771,217
772,217
773,217
774,217
775,217
776,217
786,217
787,217
788,217
789,217
790,217
791,217
792,217
829,217
830,217
831,217
838,217
839,217
840,217
841,217
842,217
843,217
844,217
845,217
880,217
881,217
882,217
883,217
884,217
885,217
886,217
887,217
888,217
889,217
890,217
891,217
892,217
897,217
898,217
899,217
900,217
901,217
902,217
903,217
935,217
936,217
937,217
948,217
949,217
950,217
951,217
952,217
953,217
954,217
963,217
964,217
965,217
966,217
975,217
976,217
977,217
978,217
979,217
980,217
981,217
982,217
983,217
984,217
985,217
1017,217
1018,217
1019,217
1020,217
1021,217
1022,217
1023,217
0,218
1,218
2,218
3,218
4,218
5,218
6,218
7,218
8,218
9,218
248,218
249,218
250,218
251,218
252,218
253,218
254,218
304,218
305,218
306,218
307,218
308,218
309,218
310,218
311,218
312,218
313,218
316,218
317,218
318,218
319,218
320,218
321,218
322,218
323,218
324,218
325,218
326,218
327,218
328,218
329,218
330,218
331,218
332,218
333,218
334,218
335,218
336,218
337,218
338,218
339,218
340,218
341,218
342,218
343,218
344,218
345,218
346,218
347,218
348,218
349,218
350,218
421,218
422,218
423,218
424,218
448,218
449,218
450,218
451,218
452,218
453,218
510,218
511,218
512,218
513,218
514,218
515,218
516,218
517,218
518,218
519,218
520,218
521,218
522,218
523,218
524,218
525,218
583,218
584,218
585,218
586,218
587,218
588,218
589,218
590,218
591,218
592,218
593,218
594,218
595,218
596,218
597,218
598,218
599,218
600,218
615,218
616,218
617,218
618,218
619,218
620,218
621,218
622,218
623,218
624,218
625,218
748,218
749,218
750,218
751,218
752,218
753,218
754,218
755,218
756,218
771,218
772,218
773,218
774,218
775,218
776,218
777,218
784,218
785,218
786,218
787,218
788,218
789,218
790,218
791,218
792,218
841,218
842,218
843,218
844,218
845,218
886,218
887,218
888,218
889,218
890,218
891,218
892,218
900,218
901,218
902,218
903,218
913,218
923,218
924,218
930,218
931,218
932,218
933,218
934,218
935,218
936,218
937,218
938,218
948,218
949,218
950,218
951,218
952,218
953,218
954,218
960,218
961,218
962,218
963,218
964,218
965,218
966,218
967,218
968,218
969,218
975,218
978,218
979,218
980,218
981,218
982,218
983,218
984,218
985,218
986,218
987,218
990,218
991,218
1020,218
1021,218
1022,218
1023,218
0,219
1,219
2,219
3,219
4,219
5,219
6,219
7,219
8,219
9,219
10,219
151,219
152,219
153,219
249,219
250,219
251,219
252,219
253,219
254,219
303,219
304,219
305,219
306,219
307,219
308,219
309,219
310,219
326,219
327,219
328,219
329,219
330,219
331,219
332,219
333,219
334,219
335,219
336,219
337,219
338,219
339,219
340,219
341,219
342,219
343,219
344,219
345,219
346,219
347,219
348,219
349,219
350,219
351,219
352,219
353,219
354,219
355,219
356,219
357,219
358,219
421,219
422,219
423,219
448,219
449,219
450,219
451,219
452,219
460,219
510,219
511,219
512,219
513,219
514,219
515,219
516,219
517,219
518,219
519,219
520,219
521,219
522,219
523,219
583,219
584,219
585,219
586,219
587,219
588,219
589,219
590,219
591,219
592,219
593,219
594,219
595,219
596,219
597,219
598,219
607,219
608,219
609,219
619,219
620,219
621,219
622,219
623,219
624,219
625,219
626,219
627,219
628,219
629,219
743,219
750,219
751,219
752,219
753,219
754,219
755,219
756,219
757,219
758,219
772,219
773,219
774,219
775,219
776,219
777,219
778,219
785,219
786,219
787,219
788,219
789,219
790,219
791,219
835,219
842,219
843,219
844,219
845,219
889,219
912,219
913,219
914,219
915,219
916,219
917,219
918,219
920,219
921,219
922,219
923,219
924,219
925,219
926,219
927,219
928,219
929,219
930,219
931,219
932,219
933,219
934,219
935,219
936,219
937,219
944,219
945,219
946,219
947,219
948,219
959,219
960,219
961,219
962,219
963,219
964,219
965,219
966,219
967,219
968,219
969,219
970,219
971,219
972,219
973,219
974,219
975,219
976,219
977,219
978,219
989,219
990,219
994,219
995,219
996,219
997,219
998,219
999,219
1000,219
1001,219
1002,219
1003,219
1004,219
1005,219
1006,219
1007,219
1008,219
1009,219
1010,219
1011,219
1012,219
1015,219
1016,219
1017,219
1021,219
1022,219
1023,219
0,220
1,220
2,220
3,220
4,220
5,220
6,220
7,220
8,220
9,220
151,220
152,220
153,220
249,220
250,220
251,220
252,220
253,220
254,220
301,220
302,220
303,220
304,220
305,220
306,220
307,220
308,220
328,220
329,220
330,220
331,220
336,220
337,220
338,220
339,220
340,220
341,220
342,220
343,220
344,220
345,220
346,220
347,220
348,220
349,220
350,220
351,220
352,220
353,220
354,220
355,220
356,220
357,220
358,220
359,220
360,220
361,220
362,220
363,220
364,220
365,220
366,220
448,220
449,220
450,220
451,220
452,220
500,220
501,220
502,220
510,220
511,220
512,220
513,220
514,220
515,220
516,220
517,220
518,220
519,220
520,220
521,220
522,220
584,220
585,220
586,220
587,220
588,220
589,220
590,220
591,220
592,220
593,220
594,220
595,220
596,220
597,220
598,220
606,220
607,220
608,220
609,220
622,220
623,220
624,220
625,220
626,220
627,220
628,220
629,220
630,220
631,220
752,220
753,220
754,220
755,220
756,220
757,220
758,220
759,220
773,220
774,220
775,220
776,220
777,220
778,220
779,220
786,220
787,220
788,220
841,220
842,220
843,220
844,220
845,220
911,220
912,220
913,220
914,220
915,220
916,220
917,220
918,220
921,220
922,220
923,220
924,220
928,220
929,220
930,220
931,220
932,220
933,220
934,220
935,220
960,220
961,220
962,220
963,220
964,220
989,220
1020,220
1021,220
1022,220
1023,220
0,221
1,221
2,221
3,221
4,221
5,221
6,221
7,221
8,221
9,221
152,221
153,221
250,221
251,221
252,221
253,221
254,221
255,221
299,221
300,221
301,221
302,221
303,221
304,221
305,221
306,221
307,221
344,221
345,221
346,221
347,221
348,221
349,221
350,221
351,221
352,221
353,221
354,221
355,221
356,221
357,221
358,221
359,221
360,221
361,221
362,221
363,221
364,221
365,221
366,221
367,221
368,221
369,221
447,221
448,221
449,221
450,221
451,221
452,221
461,221
499,221
500,221
501,221
510,221
511,221
512,221
513,221
514,221
515,221
516,221
517,221
518,221
519,221
520,221
521,221
586,221
587,221
588,221
589,221
590,221
591,221
592,221
593,221
594,221
595,221
596,221
597,221
607,221
608,221
609,221
610,221
623,221
624,221
625,221
626,221
627,221
628,221
629,221
630,221
631,221
632,221
633,221
753,221
754,221
755,221
756,221
757,221
758,221
759,221
760,221
774,221
775,221
776,221
777,221
778,221
779,221
780,221
785,221
786,221
842,221
843,221
844,221
911,221
912,221
913,221
914,221
915,221
916,221
929,221
930,221
931,221
932,221
1020,221
1021,221
1022,221
1023,221
0,222
1,222
2,222
3,222
4,222
5,222
6,222
7,222
8,222
9,222
251,222
252,222
253,222
254,222
255,222
256,222
257,222
298,222
299,222
300,222
301,222
302,222
303,222
304,222
305,222
306,222
358,222
359,222
360,222
361,222
362,222
363,222
364,222
365,222
366,222
367,222
368,222
369,222
370,222
447,222
448,222
449,222
450,222
451,222
452,222
461,222
497,222
498,222
499,222
500,222
511,222
512,222
513,222
514,222
515,222
516,222
517,222
518,222
519,222
588,222
589,222
590,222
591,222
592,222
593,222
594,222
595,222
596,222
597,222
608,222
609,222
610,222
611,222
625,222
626,222
627,222
628,222
629,222
630,222
631,222
632,222
633,222
634,222
635,222
636,222
637,222
755,222
756,222
757,222
758,222
759,222
760,222
761,222
775,222
776,222
777,222
778,222
779,222
780,222
781,222
912,222
913,222
1020,222
1021,222
1022,222
1023,222
0,223
1,223
2,223
3,223
4,223
5,223
6,223
7,223
8,223
9,223
252,223
253,223
254,223
255,223
256,223
257,223
258,223
297,223
298,223
299,223
300,223
301,223
302,223
303,223
361,223
362,223
363,223
364,223
365,223
366,223
367,223
368,223
369,223
370,223
371,223
372,223
373,223
374,223
375,223
376,223
377,223
415,223
447,223
448,223
449,223
450,223
451,223
452,223
461,223
462,223
496,223
497,223
498,223
499,223
511,223
512,223
513,223
514,223
515,223
516,223
517,223
518,223
590,223
591,223
592,223
593,223
594,223
595,223
596,223
611,223
612,223
613,223
614,223
628,223
629,223
630,223
631,223
632,223
633,223
634,223
635,223
636,223
637,223
638,223
639,223
755,223
756,223
757,223
758,223
759,223
760,223
761,223
762,223
763,223
777,223
778,223
779,223
780,223
781,223
782,223
805,223
806,223
912,223
1020,223
1021,223
1022,223
1023,223
0,224
1,224
2,224
3,224
4,224
5,224
6,224
7,224
8,224
9,224
253,224
254,224
255,224
256,224
257,224
258,224
259,224
296,224
297,224
298,224
299,224
300,224
301,224
302,224
303,224
373,224
374,224
375,224
376,224
377,224
378,224
379,224
380,224
381,224
382,224
414,224
447,224
448,224
449,224
450,224
451,224
452,224
453,224
463,224
464,224
465,224
494,224
495,224
496,224
497,224
498,224
511,224
512,224
513,224
514,224
515,224
516,224
517,224
518,224
588,224
589,224
590,224
591,224
592,224
593,224
594,224
595,224
596,224
597,224
598,224
599,224
611,224
612,224
613,224
614,224
631,224
632,224
633,224
634,224
635,224
636,224
637,224
638,224
639,224
640,224
641,224
757,224
758,224
759,224
760,224
761,224
762,224
763,224
778,224
779,224
780,224
781,224
782,224
783,224
804,224
805,224
806,224
836,224
837,224
1020,224
1021,224
1022,224
1023,224
0,225
1,225
2,225
3,225
4,225
5,225
6,225
7,225
8,225
9,225
84,225
85,225
86,225
254,225
255,225
256,225
257,225
258,225
259,225
260,225
261,225
295,225
296,225
297,225
298,225
299,225
300,225
301,225
302,225
374,225
375,225
376,225
377,225
378,225
379,225
380,225
381,225
382,225
383,225
384,225
385,225
386,225
387,225
388,225
389,225
390,225
391,225
392,225
393,225
394,225
448,225
449,225
450,225
451,225
452,225
453,225
454,225
464,225
465,225
466,225
492,225
493,225
494,225
495,225
511,225
512,225
513,225
514,225
515,225
516,225
517,225
518,225
586,225
587,225
588,225
589,225
590,225
591,225
592,225
593,225
594,225
595,225
596,225
597,225
598,225
599,225
600,225
601,225
602,225
611,225
612,225
613,225
614,225
615,225
635,225
636,225
637,225
638,225
639,225
640,225
641,225
642,225
643,225
644,225
645,225
757,225
758,225
759,225
760,225
761,225
762,225
763,225
778,225
779,225
780,225
781,225
782,225
783,225
804,225
805,225
806,225
1020,225
1021,225
1022,225
1023,225
0,226
1,226
2,226
3,226
4,226
5,226
6,226
7,226
8,226
9,226
84,226
85,226
86,226
88,226
94,226
255,226
256,226
257,226
258,226
259,226
260,226
261,226
262,226
294,226
295,226
296,226
297,226
298,226
299,226
300,226
376,226
377,226
378,226
379,226
380,226
381,226
382,226
383,226
384,226
385,226
386,226
387,226
388,226
389,226
390,226
391,226
392,226
393,226
394,226
395,226
396,226
397,226
410,226
448,226
449,226
450,226
451,226
452,226
453,226
454,226
455,226
465,226
466,226
467,226
491,226
492,226
493,226
511,226
512,226
513,226
514,226
515,226
516,226
517,226
518,226
583,226
584,226
585,226
586,226
587,226
588,226
589,226
590,226
596,226
597,226
598,226
599,226
600,226
601,226
602,226
603,226
604,226
605,226
606,226
610,226
611,226
612,226
613,226
614,226
615,226
637,226
638,226
639,226
640,226
641,226
642,226
643,226
644,226
645,226
646,226
758,226
759,226
760,226
761,226
762,226
763,226
778,226
779,226
780,226
781,226
782,226
783,226
784,226
1020,226
1021,226
1022,226
1023,226
0,227
1,227
2,227
3,227
4,227
5,227
6,227
7,227
8,227
9,227
92,227
93,227
94,227
95,227
257,227
258,227
259,227
260,227
261,227
262,227
263,227
294,227
295,227
296,227
297,227
298,227
299,227
387,227
388,227
389,227
390,227
391,227
392,227
393,227
394,227
395,227
396,227
397,227
398,227
399,227
400,227
401,227
448,227
449,227
450,227
451,227
452,227
453,227
454,227
455,227
456,227
465,227
466,227
467,227
489,227
490,227
491,227
492,227
510,227
511,227
512,227
513,227
514,227
515,227
516,227
517,227
518,227
581,227
582,227
583,227
584,227
585,227
586,227
587,227
588,227
598,227
599,227
600,227
601,227
602,227
603,227
604,227
605,227
606,227
607,227
608,227
609,227
610,227
611,227
612,227
613,227
614,227
615,227
616,227
640,227
641,227
642,227
643,227
644,227
645,227
646,227
647,227
757,227
758,227
759,227
760,227
761,227
762,227
779,227
780,227
781,227
782,227
783,227
784,227
842,227
843,227
1020,227
1021,227
1022,227
1023,227
0,228
1,228
2,228
3,228
4,228
5,228
6,228
7,228
8,228
9,228
93,228
94,228
258,228
259,228
260,228
261,228
262,228
263,228
264,228
292,228
293,228
294,228
295,228
296,228
297,228
392,228
393,228
394,228
395,228
396,228
397,228
398,228
399,228
400,228
401,228
402,228
403,228
404,228
449,228
450,228
451,228
452,228
453,228
454,228
455,228
456,228
465,228
466,228
467,228
488,228
489,228
490,228
491,228
510,228
511,228
512,228
513,228
514,228
515,228
516,228
517,228
518,228
533,228
534,228
535,228
536,228
580,228
581,228
582,228
583,228
584,228
585,228
586,228
601,228
602,228
603,228
604,228
605,228
606,228
607,228
608,228
609,228
610,228
611,228
612,228
613,228
614,228
615,228
616,228
617,228
618,228
619,228
620,228
641,228
642,228
643,228
644,228
645,228
646,228
647,228
648,228
649,228
756,228
757,228
758,228
759,228
760,228
761,228
762,228
763,228
780,228
781,228
782,228
783,228
784,228
785,228
786,228
842,228
843,228
1020,228
1021,228
1022,228
1023,228
0,229
1,229
2,229
3,229
4,229
5,229
6,229
7,229
8,229
9,229
260,229
261,229
262,229
263,229
264,229
265,229
291,229
292,229
293,229
294,229
295,229
296,229
374,229
375,229
376,229
377,229
395,229
396,229
397,229
398,229
399,229
400,229
401,229
402,229
403,229
404,229
405,229
450,229
451,229
452,229
453,229
454,229
455,229
456,229
466,229
467,229
486,229
487,229
488,229
509,229
510,229
511,229
512,229
513,229
514,229
515,229
516,229
517,229
518,229
519,229
580,229
581,229
582,229
583,229
584,229
608,229
609,229
610,229
611,229
612,229
613,229
614,229
615,229
616,229
617,229
618,229
619,229
620,229
621,229
622,229
623,229
624,229
642,229
643,229
644,229
645,229
646,229
647,229
648,229
649,229
650,229
651,229
755,229
756,229
757,229
758,229
759,229
760,229
761,229
762,229
763,229
764,229
783,229
784,229
785,229
786,229
787,229
1020,229
1021,229
1022,229
1023,229
0,230
1,230
2,230
3,230
4,230
5,230
6,230
7,230
8,230
9,230
166,230
261,230
262,230
263,230
264,230
265,230
266,230
289,230
290,230
291,230
292,230
293,230
294,230
295,230
402,230
403,230
404,230
405,230
406,230
407,230
408,230
409,230
435,230
436,230
437,230
438,230
441,230
442,230
443,230
444,230
445,230
451,230
452,230
453,230
454,230
455,230
456,230
466,230
467,230
484,230
485,230
486,230
508,230
509,230
510,230
511,230
512,230
513,230
514,230
515,230
516,230
517,230
518,230
519,230
520,230
578,230
579,230
580,230
581,230
582,230
583,230
584,230
616,230
617,230
618,230
619,230
620,230
621,230
622,230
623,230
624,230
625,230
626,230
627,230
628,230
629,230
643,230
644,230
645,230
646,230
647,230
648,230
649,230
650,230
651,230
652,230
754,230
755,230
756,230
757,230
758,230
759,230
760,230
761,230
762,230
763,230
783,230
784,230
785,230
786,230
787,230
788,230
872,230
873,230
874,230
1020,230
1021,230
1022,230
1023,230
0,231
1,231
2,231
3,231
4,231
5,231
6,231
7,231
8,231
9,231
261,231
262,231
263,231
264,231
265,231
266,231
288,231
289,231
290,231
291,231
292,231
293,231
294,231
295,231
403,231
404,231
405,231
406,231
407,231
408,231
409,231
410,231
411,231
412,231
413,231
414,231
415,231
434,231
435,231
436,231
437,231
442,231
443,231
444,231
445,231
446,231
451,231
452,231
453,231
454,231
455,231
456,231
468,231
469,231
483,231
484,231
485,231
507,231
508,231
509,231
510,231
511,231
512,231
513,231
514,231
515,231
516,231
517,231
518,231
519,231
520,231
577,231
578,231
579,231
580,231
581,231
582,231
583,231
584,231
618,231
619,231
620,231
621,231
622,231
623,231
624,231
625,231
626,231
627,231
628,231
629,231
630,231
631,231
632,231
633,231
634,231
644,231
645,231
646,231
647,231
648,231
649,231
650,231
651,231
652,231
653,231
654,231
747,231
752,231
753,231
754,231
755,231
758,231
759,231
760,231
761,231
762,231
763,231
771,231
772,231
773,231
774,231
775,231
776,231
777,231
778,231
783,231
784,231
785,231
786,231
787,231
788,231
849,231
850,231
870,231
871,231
872,231
873,231
874,231
875,231
914,231
915,231
916,231
917,231
918,231
919,231
920,231
965,231
966,231
967,231
968,231
969,231
970,231
973,231
1020,231
1021,231
1022,231
1023,231
0,232
1,232
2,232
3,232
4,232
5,232
6,232
7,232
8,232
9,232
262,232
263,232
264,232
265,232
266,232
287,232
288,232
289,232
290,232
291,232
292,232
293,232
406,232
407,232
408,232
409,232
410,232
411,232
412,232
413,232
414,232
415,232
416,232
417,232
418,232
419,232
420,232
421,232
422,232
423,232
443,232
444,232
445,232
446,232
451,232
452,232
453,232
454,232
455,232
456,232
469,232
470,232
471,232
481,232
482,232
483,232
506,232
507,232
508,232
509,232
510,232
511,232
513,232
514,232
515,232
516,232
517,232
518,232
519,232
569,232
572,232
573,232
574,232
575,232
620,232
621,232
622,232
625,232
626,232
627,232
628,232
629,232
630,232
631,232
632,232
633,232
634,232
635,232
636,232
637,232
638,232
647,232
648,232
649,232
650,232
651,232
652,232
653,232
654,232
655,232
656,232
747,232
748,232
749,232
750,232
751,232
752,232
758,232
759,232
760,232
761,232
762,232
763,232
764,232
765,232
766,232
770,232
771,232
772,232
773,232
774,232
775,232
776,232
777,232
783,232
784,232
785,232
786,232
787,232
788,232
846,232
847,232
848,232
849,232
850,232
851,232
852,232
853,232
857,232
858,232
859,232
860,232
861,232
862,232
863,232
864,232
865,232
866,232
867,232
868,232
869,232
870,232
871,232
872,232
873,232
874,232
875,232
876,232
900,232
901,232
902,232
903,232
904,232
905,232
906,232
907,232
908,232
909,232
910,232
911,232
912,232
913,232
914,232
915,232
916,232
917,232
918,232
959,232
960,232
961,232
962,232
963,232
964,232
965,232
966,232
967,232
1020,232
1021,232
1022,232
1023,232
0,233
1,233
2,233
3,233
4,233
5,233
6,233
7,233
8,233
9,233
262,233
263,233
264,233
265,233
266,233
285,233
286,233
287,233
288,233
289,233
290,233
291,233
292,233
411,233
412,233
413,233
414,233
415,233
416,233
417,233
418,233
419,233
420,233
421,233
422,233
423,233
424,233
425,233
426,233
427,233
428,233
443,233
444,233
445,233
446,233
447,233
451,233
452,233
453,233
454,233
455,233
456,233
470,233
471,233
472,233
506,233
507,233
508,233
509,233
510,233
511,233
515,233
516,233
517,233
518,233
519,233
569,233
573,233
574,233
620,233
621,233
622,233
630,233
631,233
632,233
633,233
634,233
635,233
636,233
637,233
638,233
639,233
640,233
641,233
642,233
650,233
651,233
652,233
653,233
654,233
655,233
656,233
657,233
747,233
748,233
749,233
750,233
751,233
758,233
759,233
760,233
761,233
762,233
763,233
764,233
765,233
766,233
767,233
770,233
771,233
772,233
773,233
774,233
784,233
785,233
786,233
787,233
788,233
836,233
846,233
847,233
848,233
849,233
850,233
851,233
852,233
853,233
854,233
855,233
856,233
857,233
858,233
859,233
860,233
861,233
862,233
863,233
864,233
865,233
866,233
867,233
868,233
869,233
870,233
871,233
872,233
873,233
874,233
875,233
876,233
896,233
897,233
898,233
899,233
900,233
901,233
902,233
903,233
904,233
905,233
906,233
907,233
908,233
909,233
910,233
911,233
912,233
913,233
914,233
915,233
916,233
956,233
957,233
958,233
959,233
960,233
961,233
962,233
963,233
1007,233
1011,233
1012,233
1019,233
1020,233
1021,233
1022,233
1023,233
0,234
1,234
2,234
3,234
4,234
5,234
6,234
7,234
8,234
9,234
163,234
164,234
168,234
169,234
188,234
189,234
190,234
203,234
204,234
205,234
206,234
262,234
263,234
264,234
265,234
266,234
284,234
285,234
286,234
287,234
288,234
289,234
290,234
291,234
415,234
416,234
417,234
418,234
419,234
420,234
421,234
422,234
423,234
424,234
425,234
426,234
427,234
428,234
429,234
430,234
434,234
435,234
436,234
443,234
444,234
445,234
446,234
447,234
448,234
451,234
452,234
453,234
454,234
455,234
456,234
506,234
507,234
508,234
509,234
510,234
515,234
516,234
517,234
518,234
519,234
531,234
532,234
620,234
621,234
622,234
633,234
634,234
635,234
636,234
637,234
638,234
639,234
640,234
641,234
642,234
643,234
644,234
651,234
652,234
653,234
654,234
655,234
656,234
657,234
658,234
747,234
748,234
749,234
758,234
759,234
760,234
761,234
762,234
763,234
764,234
765,234
766,234
767,234
769,234
770,234
771,234
772,234
773,234
774,234
783,234
784,234
785,234
786,234
787,234
788,234
789,234
790,234
791,234
792,234
847,234
848,234
851,234
887,234
888,234
889,234
893,234
894,234
895,234
896,234
897,234
898,234
899,234
900,234
901,234
902,234
903,234
904,234
905,234
906,234
907,234
908,234
909,234
944,234
945,234
946,234
957,234
958,234
959,234
960,234
987,234
988,234
989,234
990,234
995,234
996,234
997,234
998,234
999,234
1000,234
1001,234
1002,234
1003,234
1004,234
1005,234
1006,234
1007,234
1008,234
1018,234
1019,234
1020,234
1021,234
1022,234
1023,234
0,235
1,235
2,235
3,235
4,235
5,235
6,235
7,235
8,235
9,235
12,235
164,235
168,235
174,235
175,235
176,235
177,235
178,235
262,235
263,235
264,235
265,235
266,235
267,235
284,235
285,235
286,235
287,235
288,235
289,235
290,235
421,235
422,235
423,235
424,235
425,235
426,235
427,235
428,235
429,235
430,235
433,235
434,235
435,235
436,235
437,235
438,235
439,235
441,235
442,235
443,235
444,235
445,235
446,235
447,235
448,235
452,235
453,235
454,235
455,235
456,235
477,235
478,235
505,235
506,235
507,235
508,235
509,235
510,235
515,235
516,235
517,235
518,235
519,235
529,235
530,235
531,235
621,235
636,235
637,235
638,235
639,235
640,235
641,235
642,235
643,235
644,235
645,235
652,235
653,235
654,235
655,235
656,235
657,235
658,235
747,235
748,235
749,235
758,235
759,235
760,235
761,235
762,235
763,235
764,235
765,235
766,235
769,235
770,235
771,235
772,235
773,235
783,235
784,235
785,235
786,235
787,235
788,235
789,235
790,235
791,235
792,235
838,235
839,235
840,235
841,235
842,235
843,235
844,235
845,235
858,235
859,235
860,235
861,235
862,235
863,235
886,235
887,235
888,235
889,235
890,235
891,235
892,235
893,235
894,235
895,235
896,235
897,235
898,235
899,235
900,235
903,235
904,235
987,235
988,235
989,235
996,235
997,235
998,235
999,235
1000,235
1001,235
1002,235
1003,235
1004,235
1005,235
1006,235
1007,235
1008,235
1017,235
1018,235
1019,235
1020,235
1021,235
1022,235
1023,235
0,236
1,236
2,236
3,236
4,236
5,236
6,236
7,236
8,236
9,236
10,236
11,236
12,236
13,236
14,236
15,236
173,236
174,236
175,236
180,236
181,236
182,236
183,236
184,236
185,236
186,236
204,236
205,236
212,236
236,236
237,236
260,236
261,236
262,236
263,236
264,236
265,236
266,236
267,236
268,236
269,236
282,236
283,236
284,236
285,236
286,236
287,236
288,236
424,236
425,236
426,236
427,236
428,236
429,236
430,236
431,236
432,236
433,236
434,236
435,236
436,236
437,236
438,236
439,236
440,236
441,236
442,236
443,236
444,236
445,236
446,236
447,236
448,236
452,236
453,236
454,236
455,236
456,236
505,236
506,236
507,236
508,236
509,236
515,236
516,236
517,236
518,236
519,236
621,236
639,236
640,236
641,236
642,236
643,236
644,236
645,236
646,236
652,236
653,236
654,236
655,236
656,236
657,236
658,236
659,236
660,236
753,236
754,236
756,236
757,236
758,236
759,236
760,236
761,236
762,236
763,236
764,236
765,236
766,236
769,236
770,236
771,236
772,236
773,236
784,236
785,236
786,236
787,236
788,236
789,236
790,236
791,236
792,236
830,236
831,236
832,236
840,236
853,236
854,236
855,236
856,236
857,236
858,236
859,236
860,236
861,236
862,236
863,236
877,236
878,236
879,236
938,236
939,236
940,236
948,236
949,236
950,236
951,236
1021,236
1022,236
1023,236
0,237
1,237
2,237
3,237
4,237
5,237
6,237
7,237
8,237
15,237
176,237
177,237
178,237
179,237
180,237
181,237
182,237
183,237
184,237
185,237
196,237
197,237
198,237
199,237
200,237
206,237
207,237
209,237
210,237
211,237
212,237
213,237
214,237
215,237
216,237
217,237
218,237
219,237
227,237
228,237
229,237
230,237
233,237
234,237
235,237
236,237
237,237
261,237
262,237
263,237
264,237
265,237
266,237
267,237
268,237
269,237
270,237
282,237
283,237
284,237
285,237
286,237
287,237
428,237
429,237
430,237
431,237
432,237
433,237
434,237
435,237
436,237
437,237
438,237
439,237
440,237
441,237
442,237
443,237
444,237
445,237
446,237
447,237
448,237
452,237
453,237
454,237
455,237
456,237
457,237
504,237
505,237
506,237
507,237
508,237
515,237
516,237
517,237
518,237
519,237
520,237
640,237
641,237
642,237
643,237
644,237
645,237
646,237
647,237
648,237
649,237
651,237
652,237
653,237
654,237
655,237
656,237
657,237
658,237
659,237
660,237
661,237
751,237
752,237
753,237
754,237
755,237
756,237
757,237
758,237
759,237
760,237
761,237
762,237
763,237
764,237
765,237
766,237
769,237
770,237
771,237
772,237
788,237
789,237
790,237
791,237
792,237
830,237
831,237
832,237
833,237
848,237
849,237
850,237
851,237
854,237
855,237
860,237
861,237
862,237
863,237
869,237
870,237
871,237
872,237
873,237
874,237
875,237
876,237
877,237
878,237
879,237
880,237
881,237
882,237
883,237
884,237
885,237
886,237
887,237
888,237
889,237
890,237
891,237
896,237
897,237
898,237
899,237
900,237
907,237
908,237
909,237
910,237
911,237
912,237
920,237
921,237
922,237
923,237
924,237
925,237
928,237
929,237
931,237
935,237
936,237
937,237
938,237
939,237
940,237
948,237
949,237
950,237
954,237
955,237
956,237
957,237
992,237
993,237
994,237
1021,237
1022,237
1023,237
0,238
1,238
2,238
3,238
4,238
5,238
6,238
7,238
8,238
14,238
15,238
16,238
167,238
168,238
173,238
174,238
175,238
176,238
177,238
178,238
179,238
193,238
194,238
195,238
196,238
205,238
206,238
207,238
208,238
209,238
210,238
225,238
226,238
227,238
228,238
229,238
254,238
255,238
256,238
257,238
258,238
262,238
263,238
264,238
265,238
266,238
267,238
268,238
269,238
281,238
282,238
283,238
284,238
285,238
286,238
434,238
435,238
436,238
437,238
438,238
439,238
440,238
441,238
442,238
443,238
444,238
445,238
446,238
447,238
452,238
453,238
454,238
455,238
456,238
457,238
458,238
504,238
505,238
506,238
507,238
515,238
516,238
517,238
518,238
519,238
520,238
642,238
643,238
644,238
645,238
646,238
647,238
648,238
649,238
650,238
651,238
652,238
653,238
654,238
655,238
656,238
657,238
658,238
659,238
660,238
661,238
662,238
663,238
664,238
750,238
751,238
752,238
753,238
754,238
755,238
756,238
757,238
758,238
762,238
763,238
764,238
765,238
766,238
768,238
769,238
770,238
771,238
772,238
788,238
789,238
790,238
791,238
792,238
828,238
829,238
830,238
831,238
832,238
841,238
842,238
843,238
846,238
847,238
848,238
849,238
850,238
851,238
852,238
871,238
872,238
873,238
874,238
875,238
876,238
877,238
878,238
879,238
880,238
881,238
882,238
883,238
884,238
885,238
886,238
887,238
888,238
889,238
890,238
896,238
897,238
898,238
909,238
910,238
911,238
912,238
913,238
928,238
934,238
948,238
949,238
953,238
954,238
955,238
956,238
957,238
992,238
993,238
998,238
1021,238
1022,238
1023,238
0,239
1,239
2,239
3,239
4,239
5,239
6,239
7,239
8,239
14,239
15,239
16,239
166,239
167,239
182,239
183,239
194,239
200,239
263,239
264,239
265,239
266,239
267,239
268,239
269,239
270,239
273,239
274,239
280,239
281,239
282,239
283,239
435,239
436,239
437,239
439,239
440,239
441,239
442,239
443,239
446,239
447,239
448,239
449,239
450,239
451,239
452,239
453,239
454,239
455,239
456,239
457,239
504,239
505,239
506,239
507,239
514,239
515,239
516,239
517,239
518,239
519,239
520,239
524,239
525,239
526,239
646,239
647,239
648,239
649,239
650,239
651,239
652,239
653,239
654,239
655,239
656,239
657,239
658,239
659,239
660,239
661,239
662,239
663,239
664,239
665,239
747,239
748,239
749,239
750,239
751,239
752,239
753,239
754,239
755,239
756,239
762,239
763,239
764,239
765,239
766,239
768,239
769,239
770,239
771,239
772,239
788,239
789,239
790,239
791,239
792,239
828,239
829,239
830,239
848,239
849,239
850,239
851,239
858,239
873,239
874,239
875,239
876,239
877,239
878,239
879,239
891,239
892,239
893,239
898,239
922,239
923,239
928,239
942,239
946,239
947,239
953,239
954,239
955,239
956,239
992,239
993,239
1020,239
1021,239
1022,239
1023,239
0,240
1,240
2,240
3,240
4,240
5,240
6,240
7,240
8,240
164,240
165,240
166,240
181,240
182,240
183,240
191,240
199,240
200,240
201,240
265,240
266,240
267,240
268,240
269,240
270,240
279,240
280,240
281,240
282,240
283,240
436,240
445,240
446,240
447,240
448,240
449,240
450,240
451,240
452,240
453,240
454,240
455,240
456,240
457,240
504,240
505,240
506,240
507,240
508,240
513,240
514,240
515,240
516,240
517,240
518,240
519,240
521,240
522,240
649,240
650,240
651,240
652,240
653,240
654,240
655,240
656,240
659,240
660,240
661,240
662,240
663,240
664,240
665,240
666,240
746,240
747,240
748,240
749,240
750,240
751,240
752,240
753,240
754,240
761,240
762,240
763,240
764,240
765,240
766,240
768,240
769,240
770,240
771,240
786,240
787,240
788,240
789,240
790,240
791,240
792,240
793,240
827,240
828,240
881,240
882,240
883,240
884,240
889,240
890,240
891,240
892,240
893,240
894,240
895,240
937,240
938,240
946,240
947,240
951,240
952,240
953,240
954,240
955,240
956,240
992,240
993,240
997,240
998,240
999,240
1020,240
1021,240
1022,240
1023,240
0,241
1,241
2,241
3,241
4,241
5,241
6,241
7,241
8,241
9,241
164,241
165,241
166,241
205,241
206,241
207,241
210,241
266,241
267,241
268,241
269,241
270,241
277,241
278,241
279,241
280,241
281,241
282,241
430,241
431,241
432,241
448,241
449,241
450,241
451,241
452,241
453,241
454,241
455,241
456,241
457,241
458,241
459,241
460,241
461,241
462,241
463,241
464,241
465,241
466,241
467,241
504,241
505,241
506,241
507,241
508,241
510,241
511,241
512,241
513,241
514,241
515,241
521,241
554,241
555,241
572,241
573,241
574,241
651,241
652,241
653,241
654,241
655,241
656,241
657,241
658,241
659,241
660,241
661,241
662,241
663,241
664,241
665,241
666,241
744,241
745,241
746,241
747,241
748,241
749,241
750,241
751,241
752,241
753,241
762,241
763,241
764,241
765,241
768,241
769,241
770,241
781,241
782,241
783,241
784,241
785,241
786,241
787,241
788,241
789,241
790,241
791,241
792,241
793,241
794,241
823,241
824,241
825,241
880,241
881,241
882,241
883,241
884,241
885,241
886,241
937,241
945,241
946,241
947,241
951,241
952,241
953,241
954,241
955,241
992,241
993,241
998,241
1020,241
1021,241
1022,241
1023,241
0,242
1,242
2,242
3,242
4,242
5,242
6,242
7,242
8,242
9,242
164,242
266,242
267,242
268,242
269,242
270,242
276,242
277,242
278,242
279,242
280,242
431,242
449,242
450,242
451,242
452,242
453,242
454,242
455,242
456,242
457,242
458,242
459,242
460,242
461,242
462,242
463,242
464,242
465,242
466,242
467,242
504,242
505,242
506,242
507,242
508,242
509,242
510,242
511,242
512,242
513,242
514,242
515,242
554,242
555,242
556,242
557,242
572,242
573,242
574,242
575,242
652,242
653,242
654,242
655,242
656,242
657,242
658,242
659,242
660,242
661,242
662,242
663,242
664,242
665,242
666,242
741,242
742,242
743,242
744,242
745,242
746,242
747,242
748,242
749,242
750,242
751,242
752,242
753,242
755,242
756,242
762,242
763,242
764,242
765,242
767,242
768,242
769,242
773,242
774,242
775,242
782,242
786,242
787,242
788,242
789,242
790,242
791,242
792,242
821,242
822,242
823,242
824,242
877,242
878,242
879,242
880,242
881,242
882,242
883,242
884,242
885,242
886,242
941,242
942,242
943,242
944,242
945,242
946,242
951,242
952,242
953,242
992,242
993,242
998,242
1020,242
1021,242
1022,242
1023,242
0,243
1,243
2,243
3,243
4,243
5,243
6,243
7,243
8,243
9,243
164,243
266,243
267,243
268,243
269,243
270,243
271,243
276,243
277,243
278,243
279,243
280,243
456,243
457,243
458,243
459,243
463,243
464,243
465,243
466,243
467,243
468,243
469,243
504,243
505,243
506,243
507,243
508,243
509,243
510,243
511,243
512,243
513,243
514,243
532,243
554,243
555,243
556,243
572,243
573,243
574,243
575,243
653,243
654,243
655,243
656,243
657,243
658,243
659,243
660,243
661,243
662,243
663,243
664,243
665,243
666,243
739,243
740,243
741,243
742,243
743,243
744,243
745,243
746,243
747,243
748,243
749,243
750,243
751,243
752,243
753,243
754,243
755,243
756,243
762,243
763,243
764,243
765,243
768,243
769,243
772,243
773,243
774,243
775,243
787,243
788,243
789,243
790,243
791,243
792,243
793,243
819,243
820,243
821,243
822,243
823,243
875,243
876,243
879,243
880,243
940,243
941,243
942,243
943,243
950,243
951,243
992,243
993,243
998,243
1020,243
1021,243
1022,243
1023,243
0,244
1,244
2,244
3,244
4,244
5,244
6,244
7,244
8,244
9,244
161,244
162,244
163,244
267,244
268,244
269,244
270,244
271,244
272,244
273,244
275,244
276,244
277,244
278,244
279,244
463,244
464,244
465,244
466,244
467,244
468,244
469,244
470,244
471,244
472,244
473,244
474,244
475,244
476,244
503,244
504,244
505,244
506,244
507,244
508,244
509,244
510,244
511,244
512,244
531,244
532,244
533,244
554,244
555,244
556,244
572,244
573,244
574,244
654,244
655,244
656,244
657,244
658,244
659,244
660,244
661,244
662,244
663,244
664,244
665,244
666,244
667,244
695,244
696,244
697,244
698,244
699,244
736,244
737,244
738,244
739,244
740,244
741,244
742,244
743,244
744,244
745,244
746,244
747,244
748,244
749,244
750,244
751,244
752,244
763,244
764,244
765,244
768,244
772,244
773,244
774,244
778,244
779,244
780,244
781,244
782,244
787,244
788,244
789,244
790,244
791,244
792,244
793,244
794,244
816,244
817,244
818,244
819,244
820,244
947,244
948,244
949,244
950,244
951,244
997,244
998,244
999,244
1020,244
1021,244
1022,244
1023,244
0,245
1,245
2,245
3,245
4,245
5,245
6,245
7,245
8,245
269,245
270,245
271,245
272,245
273,245
274,245
275,245
276,245
277,245
278,245
466,245
467,245
468,245
469,245
470,245
471,245
472,245
473,245
474,245
475,245
476,245
477,245
501,245
502,245
503,245
504,245
505,245
506,245
507,245
508,245
509,245
510,245
511,245
530,245
554,245
555,245
556,245
571,245
572,245
573,245
574,245
657,245
658,245
659,245
660,245
661,245
662,245
663,245
664,245
665,245
666,245
667,245
690,245
691,245
692,245
693,245
694,245
695,245
696,245
697,245
732,245
733,245
734,245
735,245
736,245
737,245
738,245
739,245
740,245
741,245
742,245
743,245
744,245
745,245
746,245
747,245
748,245
749,245
750,245
751,245
752,245
763,245
764,245
765,245
778,245
779,245
780,245
781,245
782,245
786,245
787,245
788,245
789,245
790,245
791,245
792,245
793,245
794,245
817,245
818,245
944,245
945,245
946,245
947,245
948,245
949,245
959,245
998,245
999,245
1020,245
1021,245
1022,245
1023,245
0,246
1,246
2,246
3,246
4,246
5,246
6,246
7,246
8,246
271,246
272,246
273,246
274,246
275,246
276,246
277,246
470,246
471,246
472,246
473,246
474,246
475,246
476,246
477,246
478,246
479,246
480,246
481,246
482,246
483,246
484,246
485,246
486,246
487,246
488,246
489,246
490,246
491,246
492,246
493,246
494,246
495,246
496,246
497,246
498,246
499,246
500,246
501,246
502,246
503,246
504,246
505,246
506,246
507,246
508,246
509,246
527,246
528,246
529,246
530,246
571,246
572,246
573,246
659,246
660,246
661,246
662,246
663,246
664,246
665,246
666,246
667,246
668,246
669,246
688,246
689,246
690,246
691,246
692,246
693,246
728,246
729,246
730,246
731,246
732,246
733,246
734,246
735,246
736,246
737,246
738,246
739,246
740,246
741,246
742,246
743,246
744,246
745,246
746,246
747,246
748,246
749,246
763,246
764,246
765,246
784,246
785,246
786,246
787,246
788,246
789,246
790,246
791,246
792,246
793,246
794,246
795,246
944,246
945,246
946,246
947,246
957,246
958,246
959,246
1021,246
1022,246
1023,246
0,247
1,247
2,247
3,247
4,247
5,247
6,247
7,247
8,247
270,247
271,247
272,247
273,247
274,247
275,247
276,247
277,247
472,247
473,247
474,247
475,247
476,247
477,247
478,247
479,247
480,247
481,247
482,247
483,247
484,247
485,247
486,247
487,247
488,247
489,247
490,247
491,247
492,247
493,247
494,247
495,247
496,247
497,247
498,247
499,247
500,247
501,247
502,247
503,247
504,247
505,247
506,247
507,247
508,247
526,247
527,247
528,247
529,247
530,247
570,247
571,247
572,247
641,247
642,247
661,247
662,247
663,247
664,247
665,247
666,247
667,247
668,247
669,247
670,247
671,247
672,247
673,247
726,247
727,247
728,247
729,247
730,247
731,247
732,247
733,247
734,247
735,247
736,247
737,247
738,247
739,247
740,247
741,247
742,247
743,247
744,247
745,247
746,247
747,247
748,247
749,247
762,247
763,247
764,247
765,247
785,247
786,247
787,247
788,247
789,247
790,247
791,247
792,247
793,247
794,247
804,247
925,247
926,247
943,247
944,247
945,247
946,247
947,247
957,247
958,247
959,247
993,247
998,247
1021,247
1022,247
1023,247
0,248
1,248
2,248
3,248
4,248
5,248
6,248
7,248
8,248
270,248
271,248
272,248
273,248
274,248
275,248
276,248
478,248
479,248
480,248
481,248
482,248
483,248
484,248
485,248
486,248
487,248
488,248
489,248
490,248
491,248
492,248
493,248
494,248
495,248
496,248
497,248
498,248
499,248
500,248
501,248
502,248
503,248
504,248
505,248
506,248
507,248
508,248
526,248
527,248
528,248
529,248
530,248
531,248
569,248
570,248
571,248
663,248
664,248
665,248
666,248
667,248
668,248
669,248
670,248
671,248
672,248
673,248
674,248
675,248
676,248
677,248
678,248
720,248
721,248
722,248
723,248
724,248
725,248
726,248
727,248
728,248
729,248
730,248
731,248
732,248
733,248
734,248
735,248
736,248
737,248
738,248
739,248
740,248
741,248
742,248
743,248
744,248
745,248
746,248
747,248
748,248
761,248
762,248
780,248
781,248
782,248
787,248
788,248
789,248
790,248
791,248
925,248
926,248
927,248
935,248
936,248
937,248
938,248
939,248
940,248
941,248
942,248
943,248
944,248
945,248
946,248
947,248
958,248
959,248
993,248
998,248
1021,248
1022,248
1023,248
0,249
1,249
2,249
3,249
4,249
5,249
6,249
7,249
8,249
269,249
270,249
271,249
272,249
273,249
274,249
275,249
482,249
483,249
484,249
485,249
486,249
487,249
488,249
489,249
490,249
491,249
492,249
493,249
494,249
495,249
496,249
497,249
498,249
499,249
500,249
501,249
502,249
503,249
504,249
505,249
506,249
507,249
526,249
527,249
528,249
529,249
664,249
665,249
666,249
667,249
668,249
669,249
670,249
671,249
672,249
673,249
674,249
675,249
676,249
677,249
678,249
679,249
680,249
681,249
682,249
683,249
708,249
709,249
717,249
718,249
719,249
720,249
721,249
722,249
723,249
724,249
725,249
726,249
727,249
728,249
729,249
730,249
736,249
737,249
738,249
739,249
740,249
741,249
742,249
746,249
780,249
781,249
782,249
785,249
786,249
787,249
788,249
789,249
790,249
791,249
792,249
793,249
794,249
795,249
796,249
797,249
930,249
931,249
932,249
933,249
934,249
935,249
936,249
937,249
938,249
939,249
940,249
941,249
942,249
943,249
944,249
945,249
951,249
952,249
992,249
993,249
997,249
998,249
1021,249
1022,249
1023,249
0,250
1,250
2,250
3,250
4,250
5,250
6,250
7,250
8,250
144,250
268,250
269,250
270,250
271,250
272,250
273,250
274,250
275,250
276,250
424,250
504,250
505,250
506,250
507,250
526,250
527,250
528,250
529,250
664,250
665,250
666,250
667,250
668,250
669,250
670,250
671,250
672,250
673,250
674,250
675,250
676,250
677,250
678,250
679,250
680,250
681,250
682,250
683,250
684,250
685,250
686,250
687,250
706,250
707,250
708,250
709,250
710,250
711,250
712,250
713,250
714,250
715,250
716,250
717,250
718,250
719,250
720,250
721,250
722,250
723,250
724,250
725,250
726,250
727,250
728,250
736,250
737,250
738,250
739,250
740,250
741,250
784,250
785,250
786,250
787,250
788,250
789,250
790,250
791,250
792,250
793,250
794,250
795,250
796,250
927,250
928,250
929,250
930,250
931,250
932,250
933,250
934,250
935,250
948,250
949,250
950,250
951,250
952,250
953,250
958,250
959,250
997,250
998,250
1021,250
1022,250
1023,250
0,251
1,251
2,251
3,251
4,251
5,251
6,251
7,251
8,251
268,251
269,251
270,251
271,251
272,251
273,251
274,251
275,251
276,251
504,251
505,251
506,251
507,251
526,251
527,251
528,251
529,251
664,251
665,251
666,251
667,251
668,251
669,251
670,251
677,251
678,251
679,251
680,251
681,251
682,251
683,251
684,251
685,251
686,251
687,251
688,251
689,251
690,251
691,251
692,251
693,251
694,251
695,251
696,251
697,251
698,251
699,251
700,251
701,251
702,251
703,251
704,251
705,251
706,251
707,251
708,251
709,251
710,251
711,251
712,251
713,251
714,251
715,251
716,251
717,251
718,251
719,251
720,251
721,251
722,251
723,251
724,251
725,251
726,251
727,251
728,251
729,251
730,251
731,251
732,251
733,251
734,251
735,251
736,251
737,251
738,251
739,251
780,251
781,251
788,251
789,251
790,251
791,251
792,251
864,251
865,251
866,251
867,251
874,251
891,251
892,251
893,251
894,251
895,251
896,251
897,251
898,251
899,251
900,251
901,251
917,251
918,251
922,251
923,251
924,251
925,251
926,251
927,251
928,251
929,251
930,251
931,251
932,251
933,251
948,251
949,251
950,251
951,251
952,251
957,251
958,251
959,251
996,251
997,251
0,252
1,252
2,252
3,252
4,252
5,252
6,252
7,252
8,252
267,252
268,252
269,252
270,252
274,252
275,252
276,252
277,252
424,252
504,252
505,252
506,252
507,252
508,252
526,252
527,252
528,252
529,252
665,252
666,252
667,252
668,252
669,252
683,252
684,252
685,252
686,252
687,252
688,252
689,252
690,252
691,252
692,252
693,252
694,252
695,252
696,252
697,252
698,252
699,252
700,252
701,252
702,252
703,252
704,252
705,252
706,252
707,252
708,252
709,252
710,252
711,252
712,252
713,252
714,252
715,252
716,252
721,252
722,252
723,252
724,252
725,252
726,252
727,252
728,252
729,252
730,252
731,252
732,252
733,252
734,252
735,252
736,252
777,252
778,252
779,252
780,252
781,252
788,252
789,252
790,252
791,252
792,252
793,252
798,252
799,252
800,252
801,252
802,252
803,252
804,252
864,252
865,252
866,252
871,252
872,252
889,252
890,252
891,252
892,252
911,252
912,252
913,252
914,252
915,252
916,252
917,252
918,252
919,252
920,252
921,252
922,252
923,252
924,252
925,252
926,252
947,252
948,252
956,252
957,252
958,252
959,252
996,252
0,253
1,253
2,253
3,253
4,253
5,253
6,253
7,253
8,253
30,253
31,253
267,253
268,253
269,253
275,253
276,253
277,253
278,253
424,253
504,253
505,253
506,253
507,253
508,253
526,253
527,253
528,253
529,253
665,253
666,253
667,253
668,253
669,253
670,253
688,253
689,253
690,253
691,253
692,253
693,253
694,253
695,253
696,253
697,253
698,253
699,253
700,253
701,253
702,253
708,253
709,253
710,253
711,253
712,253
713,253
714,253
715,253
716,253
721,253
722,253
723,253
724,253
725,253
726,253
727,253
728,253
729,253
768,253
769,253
770,253
774,253
775,253
776,253
777,253
778,253
779,253
788,253
789,253
790,253
791,253
792,253
799,253
800,253
801,253
802,253
803,253
804,253
870,253
871,253
872,253
886,253
887,253
888,253
889,253
890,253
891,253
902,253
903,253
904,253
905,253
906,253
907,253
908,253
909,253
910,253
911,253
912,253
913,253
914,253
915,253
916,253
917,253
947,253
948,253
957,253
958,253
0,254
1,254
2,254
3,254
4,254
5,254
6,254
7,254
29,254
30,254
31,254
32,254
33,254
265,254
266,254
267,254
268,254
276,254
277,254
278,254
279,254
423,254
424,254
504,254
505,254
506,254
507,254
508,254
526,254
527,254
528,254
665,254
666,254
667,254
668,254
669,254
670,254
671,254
700,254
708,254
709,254
710,254
711,254
712,254
713,254
714,254
715,254
716,254
768,254
769,254
773,254
774,254
775,254
776,254
777,254
788,254
789,254
790,254
791,254
792,254
831,254
886,254
887,254
888,254
894,254
895,254
896,254
900,254
901,254
902,254
903,254
904,254
905,254
906,254
907,254
908,254
909,254
910,254
923,254
924,254
925,254
0,255
1,255
2,255
3,255
4,255
5,255
6,255
29,255
30,255
31,255
32,255
33,255
34,255
264,255
265,255
266,255
267,255
277,255
278,255
279,255
422,255
504,255
505,255
506,255
507,255
508,255
526,255
527,255
528,255
666,255
667,255
668,255
669,255
670,255
700,255
707,255
708,255
709,255
710,255
711,255
772,255
773,255
774,255
788,255
789,255
790,255
791,255
792,255
793,255
892,255
893,255
894,255
895,255
896,255
897,255
898,255
899,255
900,255
901,255
902,255
903,255
904,255
922,255
923,255
924,255
925,255
0,256
1,256
2,256
3,256
4,256
5,256
6,256
26,256
27,256
28,256
29,256
30,256
31,256
32,256
263,256
264,256
265,256
278,256
279,256
280,256
504,256
505,256
506,256
507,256
508,256
526,256
527,256
666,256
667,256
668,256
669,256
670,256
671,256
706,256
707,256
708,256
709,256
710,256
788,256
789,256
790,256
791,256
792,256
793,256
813,256
814,256
828,256
829,256
849,256
865,256
866,256
867,256
892,256
893,256
894,256
895,256
896,256
897,256
898,256
920,256
921,256
922,256
923,256
965,256
966,256
996,256
997,256
998,256
0,257
1,257
2,257
3,257
4,257
5,257
6,257
26,257
27,257
28,257
29,257
30,257
261,257
262,257
263,257
264,257
265,257
279,257
280,257
281,257
422,257
504,257
505,257
506,257
507,257
508,257
666,257
667,257
668,257
669,257
670,257
671,257
703,257
704,257
705,257
706,257
707,257
708,257
737,257
738,257
739,257
768,257
769,257
770,257
788,257
789,257
790,257
791,257
792,257
793,257
811,257
812,257
813,257
814,257
815,257
817,257
818,257
819,257
820,257
821,257
827,257
828,257
829,257
830,257
832,257
833,257
834,257
835,257
836,257
837,257
838,257
842,257
843,257
844,257
845,257
846,257
847,257
848,257
849,257
850,257
851,257
852,257
853,257
854,257
855,257
856,257
859,257
860,257
865,257
866,257
867,257
870,257
871,257
893,257
894,257
895,257
896,257
906,257
919,257
920,257
921,257
922,257
930,257
931,257
932,257
933,257
959,257
960,257
1021,257
1022,257
1023,257
0,258
1,258
2,258
3,258
4,258
5,258
6,258
26,258
27,258
28,258
29,258
30,258
261,258
262,258
263,258
264,258
281,258
422,258
423,258
424,258
504,258
505,258
506,258
507,258
508,258
641,258
666,258
667,258
668,258
669,258
670,258
671,258
703,258
704,258
705,258
706,258
707,258
787,258
788,258
789,258
790,258
791,258
792,258
816,258
817,258
818,258
819,258
820,258
821,258
827,258
828,258
829,258
830,258
831,258
833,258
834,258
845,258
863,258
864,258
865,258
866,258
867,258
869,258
870,258
871,258
881,258
882,258
883,258
884,258
885,258
893,258
894,258
895,258
896,258
906,258
907,258
908,258
920,258
921,258
922,258
930,258
931,258
932,258
1021,258
1022,258
1023,258
0,259
1,259
2,259
3,259
4,259
5,259
6,259
26,259
27,259
28,259
29,259
30,259
31,259
259,259
260,259
261,259
262,259
281,259
422,259
423,259
424,259
504,259
505,259
506,259
507,259
508,259
509,259
641,259
666,259
667,259
668,259
669,259
670,259
671,259
693,259
694,259
702,259
703,259
704,259
705,259
706,259
735,259
736,259
737,259
738,259
739,259
758,259
773,259
774,259
775,259
776,259
779,259
780,259
781,259
782,259
783,259
784,259
785,259
786,259
787,259
788,259
789,259
790,259
791,259
792,259
801,259
802,259
803,259
811,259
812,259
813,259
814,259
816,259
817,259
818,259
819,259
820,259
862,259
863,259
864,259
865,259
866,259
867,259
869,259
870,259
871,259
872,259
873,259
874,259
881,259
882,259
890,259
891,259
892,259
893,259
894,259
895,259
896,259
906,259
907,259
908,259
912,259
920,259
921,259
922,259
929,259
930,259
931,259
932,259
1021,259
1022,259
1023,259
0,260
1,260
2,260
3,260
4,260
5,260
6,260
7,260
26,260
27,260
28,260
29,260
30,260
31,260
135,260
136,260
258,260
259,260
260,260
282,260
283,260
505,260
506,260
507,260
508,260
509,260
510,260
666,260
667,260
668,260
669,260
670,260
671,260
678,260
679,260
680,260
684,260
685,260
686,260
687,260
688,260
693,260
694,260
695,260
698,260
699,260
700,260
701,260
702,260
703,260
734,260
735,260
736,260
737,260
738,260
765,260
766,260
767,260
788,260
789,260
790,260
791,260
792,260
806,260
810,260
811,260
812,260
813,260
814,260
815,260
862,260
863,260
864,260
865,260
866,260
868,260
869,260
870,260
871,260
872,260
882,260
883,260
889,260
890,260
891,260
892,260
893,260
894,260
895,260
906,260
907,260
908,260
920,260
921,260
922,260
929,260
930,260
931,260
932,260
1021,260
1022,260
1023,260
0,261
1,261
2,261
3,261
4,261
5,261
6,261
7,261
8,261
26,261
27,261
28,261
29,261
30,261
31,261
134,261
135,261
258,261
259,261
260,261
261,261
282,261
283,261
284,261
285,261
505,261
506,261
507,261
508,261
509,261
510,261
666,261
667,261
668,261
669,261
670,261
671,261
678,261
679,261
680,261
682,261
683,261
684,261
685,261
686,261
687,261
691,261
692,261
693,261
694,261
695,261
697,261
698,261
699,261
700,261
701,261
733,261
734,261
735,261
736,261
737,261
762,261
763,261
764,261
765,261
766,261
767,261
787,261
788,261
789,261
790,261
791,261
804,261
805,261
806,261
810,261
811,261
812,261
813,261
814,261
815,261
862,261
863,261
864,261
865,261
866,261
868,261
869,261
870,261
871,261
872,261
876,261
877,261
878,261
879,261
880,261
888,261
889,261
890,261
891,261
892,261
905,261
906,261
907,261
912,261
913,261
920,261
921,261
922,261
929,261
930,261
931,261
932,261
1021,261
1022,261
1023,261
0,262
1,262
2,262
3,262
4,262
5,262
6,262
7,262
8,262
26,262
27,262
28,262
29,262
30,262
31,262
255,262
256,262
257,262
258,262
259,262
260,262
283,262
284,262
285,262
286,262
505,262
506,262
507,262
508,262
509,262
510,262
524,262
666,262
667,262
668,262
669,262
670,262
671,262
682,262
683,262
684,262
685,262
686,262
687,262
690,262
691,262
692,262
693,262
694,262
695,262
697,262
698,262
699,262
700,262
701,262
730,262
731,262
732,262
733,262
734,262
735,262
736,262
737,262
760,262
761,262
762,262
763,262
764,262
765,262
766,262
785,262
786,262
787,262
788,262
789,262
790,262
791,262
806,262
810,262
811,262
812,262
813,262
814,262
862,262
863,262
864,262
865,262
866,262
867,262
869,262
870,262
871,262
872,262
875,262
876,262
877,262
878,262
879,262
880,262
884,262
885,262
886,262
887,262
888,262
889,262
890,262
906,262
907,262
921,262
922,262
929,262
930,262
931,262
1018,262
1022,262
1023,262
0,263
1,263
2,263
3,263
4,263
5,263
6,263
7,263
8,263
27,263
28,263
29,263
30,263
31,263
126,263
255,263
256,263
257,263
258,263
259,263
260,263
283,263
284,263
285,263
286,263
287,263
288,263
506,263
507,263
508,263
509,263
510,263
511,263
521,263
522,263
523,263
524,263
666,263
667,263
668,263
669,263
670,263
671,263
679,263
682,263
683,263
684,263
685,263
686,263
687,263
690,263
691,263
692,263
693,263
694,263
697,263
698,263
699,263
700,263
730,263
731,263
732,263
733,263
736,263
757,263
758,263
759,263
760,263
761,263
762,263
763,263
764,263
784,263
785,263
786,263
787,263
788,263
789,263
790,263
806,263
810,263
811,263
812,263
813,263
814,263
862,263
863,263
864,263
865,263
866,263
867,263
870,263
871,263
875,263
876,263
877,263
878,263
879,263
881,263
882,263
883,263
884,263
885,263
886,263
887,263
888,263
905,263
906,263
907,263
908,263
921,263
928,263
929,263
930,263
931,263
1021,263
1022,263
1023,263
0,264
1,264
2,264
3,264
4,264
5,264
6,264
7,264
8,264
30,264
31,264
125,264
126,264
127,264
128,264
254,264
255,264
256,264
257,264
258,264
285,264
286,264
287,264
288,264
506,264
507,264
508,264
509,264
510,264
511,264
521,264
522,264
523,264
524,264
666,264
667,264
668,264
669,264
670,264
671,264
679,264
683,264
684,264
685,264
686,264
689,264
690,264
691,264
692,264
693,264
694,264
696,264
697,264
698,264
699,264
700,264
729,264
730,264
731,264
732,264
733,264
734,264
741,264
742,264
743,264
744,264
749,264
750,264
751,264
756,264
757,264
758,264
759,264
760,264
761,264
762,264
783,264
784,264
785,264
786,264
787,264
788,264
789,264
806,264
810,264
811,264
812,264
813,264
814,264
862,264
863,264
864,264
865,264
866,264
870,264
871,264
872,264
876,264
877,264
878,264
881,264
882,264
883,264
884,264
885,264
886,264
905,264
906,264
907,264
908,264
928,264
929,264
930,264
931,264
1021,264
1022,264
1023,264
0,265
1,265
2,265
3,265
4,265
5,265
6,265
7,265
8,265
125,265
126,265
127,265
128,265
129,265
252,265
253,265
254,265
255,265
256,265
257,265
286,265
287,265
288,265
289,265
290,265
506,265
507,265
508,265
509,265
510,265
511,265
521,265
522,265
523,265
524,265
525,265
526,265
533,265
534,265
666,265
667,265
668,265
669,265
670,265
671,265
672,265
678,265
679,265
691,265
692,265
693,265
696,265
697,265
698,265
699,265
729,265
730,265
731,265
732,265
737,265
738,265
739,265
740,265
741,265
742,265
782,265
783,265
784,265
785,265
786,265
787,265
788,265
806,265
807,265
810,265
811,265
812,265
813,265
814,265
868,265
869,265
870,265
871,265
872,265
873,265
874,265
875,265
879,265
880,265
881,265
882,265
883,265
884,265
906,265
907,265
908,265
912,265
913,265
928,265
929,265
930,265
952,265
953,265
1021,265
1022,265
1023,265
0,266
1,266
2,266
3,266
4,266
5,266
6,266
7,266
8,266
108,266
109,266
110,266
127,266
128,266
251,266
252,266
253,266
254,266
255,266
256,266
257,266
288,266
289,266
290,266
291,266
506,266
507,266
508,266
509,266
510,266
511,266
522,266
523,266
524,266
525,266
526,266
534,266
535,266
666,266
667,266
668,266
669,266
670,266
671,266
678,266
679,266
689,266
695,266
696,266
697,266
698,266
699,266
721,266
722,266
723,266
729,266
730,266
731,266
732,266
736,266
737,266
738,266
739,266
740,266
741,266
781,266
782,266
783,266
784,266
785,266
786,266
787,266
788,266
810,266
811,266
812,266
813,266
870,266
871,266
872,266
873,266
874,266
880,266
881,266
882,266
883,266
912,266
913,266
929,266
930,266
951,266
952,266
953,266
1020,266
1021,266
1022,266
1023,266
0,267
1,267
2,267
3,267
4,267
5,267
6,267
7,267
106,267
107,267
108,267
109,267
110,267
250,267
251,267
252,267
253,267
254,267
255,267
256,267
289,267
290,267
291,267
292,267
506,267
507,267
508,267
509,267
510,267
511,267
512,267
524,267
525,267
526,267
527,267
535,267
536,267
537,267
666,267
667,267
668,267
669,267
670,267
671,267
678,267
679,267
682,267
683,267
684,267
689,267
690,267
691,267
692,267
693,267
695,267
696,267
697,267
698,267
719,267
720,267
721,267
722,267
723,267
724,267
730,267
731,267
732,267
733,267
737,267
738,267
739,267
740,267
741,267
779,267
780,267
781,267
782,267
783,267
784,267
785,267
786,267
810,267
811,267
812,267
813,267
911,267
912,267
913,267
950,267
951,267
1020,267
1021,267
1022,267
1023,267
0,268
1,268
2,268
3,268
4,268
5,268
6,268
7,268
106,268
107,268
108,268
109,268
110,268
111,268
249,268
250,268
251,268
252,268
253,268
254,268
290,268
291,268
292,268
293,268
294,268
507,268
508,268
509,268
510,268
511,268
512,268
513,268
525,268
526,268
527,268
528,268
535,268
536,268
537,268
538,268
665,268
666,268
667,268
668,268
669,268
677,268
678,268
679,268
682,268
683,268
684,268
685,268
691,268
692,268
693,268
694,268
695,268
696,268
697,268
719,268
720,268
721,268
722,268
723,268
724,268
727,268
730,268
731,268
732,268
733,268
738,268
739,268
740,268
741,268
742,268
778,268
779,268
780,268
781,268
782,268
783,268
784,268
811,268
812,268
912,268
949,268
950,268
1021,268
1022,268
1023,268
0,269
1,269
2,269
3,269
4,269
5,269
6,269
7,269
23,269
24,269
25,269
26,269
105,269
106,269
107,269
108,269
109,269
110,269
248,269
249,269
250,269
251,269
252,269
253,269
254,269
291,269
292,269
293,269
294,269
508,269
509,269
510,269
511,269
512,269
513,269
514,269
526,269
527,269
528,269
535,269
536,269
537,269
538,269
648,269
664,269
665,269
666,269
667,269
668,269
677,269
678,269
679,269
682,269
683,269
684,269
685,269
719,269
720,269
721,269
722,269
723,269
724,269
727,269
730,269
731,269
732,269
733,269
736,269
737,269
738,269
739,269
740,269
741,269
778,269
779,269
780,269
781,269
782,269
783,269
811,269
949,269
950,269
1021,269
1022,269
1023,269
0,270
1,270
2,270
3,270
4,270
5,270
6,270
7,270
22,270
23,270
24,270
25,270
26,270
41,270
42,270
61,270
62,270
103,270
104,270
105,270
106,270
107,270
108,270
143,270
144,270
145,270
146,270
147,270
148,270
149,270
150,270
151,270
152,270
153,270
154,270
155,270
156,270
157,270
158,270
159,270
160,270
161,270
162,270
163,270
164,270
165,270
166,270
167,270
168,270
169,270
170,270
171,270
172,270
173,270
174,270
175,270
176,270
177,270
178,270
179,270
180,270
181,270
182,270
183,270
184,270
185,270
186,270
187,270
188,270
189,270
190,270
191,270
192,270
193,270
194,270
195,270
196,270
197,270
198,270
199,270
200,270
201,270
202,270
203,270
204,270
205,270
206,270
207,270
208,270
209,270
210,270
211,270
212,270
213,270
214,270
215,270
216,270
217,270
218,270
219,270
220,270
221,270
247,270
248,270
249,270
250,270
251,270
252,270
253,270
291,270
292,270
293,270
294,270
295,270
509,270
510,270
511,270
512,270
513,270
514,270
515,270
527,270
528,270
529,270
538,270
539,270
646,270
647,270
648,270
649,270
663,270
664,270
665,270
666,270
667,270
668,270
677,270
678,270
679,270
682,270
683,270
684,270
685,270
719,270
720,270
721,270
722,270
723,270
724,270
729,270
730,270
731,270
732,270
733,270
736,270
737,270
738,270
777,270
778,270
779,270
780,270
781,270
782,270
783,270
949,270
950,270
1021,270
1022,270
1023,270
0,271
1,271
2,271
3,271
4,271
5,271
6,271
7,271
23,271
24,271
25,271
26,271
27,271
28,271
29,271
42,271
62,271
63,271
64,271
100,271
101,271
102,271
103,271
104,271
105,271
106,271
144,271
145,271
146,271
147,271
148,271
149,271
150,271
151,271
152,271
153,271
154,271
155,271
156,271
157,271
158,271
159,271
160,271
161,271
162,271
163,271
164,271
165,271
166,271
167,271
168,271
169,271
170,271
171,271
172,271
173,271
174,271
175,271
176,271
177,271
178,271
179,271
180,271
181,271
182,271
183,271
184,271
185,271
186,271
187,271
188,271
189,271
190,271
191,271
192,271
193,271
194,271
195,271
196,271
197,271
198,271
199,271
200,271
201,271
202,271
203,271
204,271
205,271
206,271
207,271
208,271
209,271
210,271
211,271
212,271
213,271
214,271
215,271
216,271
217,271
218,271
219,271
220,271
221,271
222,271
223,271
224,271
225,271
226,271
246,271
247,271
248,271
249,271
250,271
251,271
252,271
291,271
292,271
293,271
294,271
295,271
296,271
510,271
511,271
512,271
513,271
514,271
515,271
516,271
517,271
529,271
530,271
531,271
532,271
539,271
540,271
541,271
645,271
646,271
647,271
648,271
662,271
663,271
664,271
665,271
666,271
667,271
677,271
678,271
679,271
682,271
683,271
684,271
685,271
700,271
701,271
702,271
717,271
718,271
719,271
720,271
721,271
722,271
723,271
724,271
730,271
731,271
735,271
736,271
737,271
738,271
742,271
743,271
744,271
757,271
758,271
759,271
760,271
771,271
772,271
773,271
774,271
775,271
776,271
777,271
778,271
779,271
780,271
781,271
797,271
798,271
804,271
805,271
806,271
822,271
823,271
949,271
987,271
988,271
989,271
1020,271
1021,271
1022,271
1023,271
0,272
1,272
2,272
3,272
4,272
5,272
6,272
7,272
24,272
25,272
26,272
27,272
28,272
42,272
43,272
63,272
64,272
65,272
94,272
95,272
96,272
97,272
98,272
135,272
136,272
137,272
138,272
139,272
140,272
141,272
142,272
143,272
144,272
145,272
146,272
147,272
148,272
149,272
150,272
151,272
152,272
153,272
154,272
155,272
156,272
157,272
158,272
159,272
160,272
161,272
162,272
163,272
164,272
165,272
166,272
167,272
168,272
169,272
170,272
171,272
172,272
173,272
174,272
175,272
176,272
177,272
178,272
179,272
180,272
181,272
182,272
183,272
184,272
185,272
186,272
187,272
188,272
189,272
190,272
191,272
192,272
193,272
194,272
195,272
196,272
197,272
198,272
199,272
200,272
201,272
202,272
203,272
204,272
205,272
206,272
207,272
208,272
209,272
210,272
211,272
212,272
213,272
214,272
215,272
216,272
217,272
218,272
219,272
220,272
221,272
222,272
223,272
224,272
225,272
226,272
227,272
228,272
229,272
230,272
231,272
245,272
246,272
247,272
248,272
249,272
250,272
251,272
293,272
294,272
295,272
296,272
297,272
511,272
512,272
513,272
514,272
515,272
516,272
517,272
530,272
531,272
532,272
533,272
539,272
540,272
541,272
542,272
646,272
657,272
658,272
661,272
662,272
663,272
664,272
665,272
666,272
667,272
676,272
677,272
678,272
679,272
682,272
683,272
684,272
685,272
698,272
699,272
700,272
701,272
717,272
718,272
719,272
720,272
721,272
722,272
723,272
724,272
734,272
735,272
736,272
737,272
738,272
739,272
758,272
759,272
774,272
775,272
776,272
777,272
778,272
779,272
780,272
781,272
797,272
798,272
799,272
831,272
849,272
850,272
903,272
949,272
1020,272
1021,272
1022,272
1023,272
0,273
1,273
2,273
3,273
4,273
5,273
6,273
7,273
25,273
26,273
27,273
42,273
43,273
44,273
45,273
85,273
92,273
93,273
94,273
95,273
96,273
97,273
98,273
134,273
135,273
136,273
137,273
138,273
139,273
140,273
141,273
142,273
143,273
144,273
145,273
146,273
147,273
148,273
149,273
150,273
151,273
163,273
164,273
165,273
219,273
220,273
221,273
222,273
223,273
224,273
225,273
226,273
227,273
228,273
229,273
230,273
231,273
232,273
233,273
243,273
244,273
245,273
246,273
247,273
248,273
249,273
250,273
294,273
295,273
296,273
297,273
298,273
513,273
514,273
515,273
516,273
517,273
518,273
530,273
531,273
532,273
533,273
540,273
541,273
542,273
641,273
642,273
649,273
650,273
661,273
662,273
663,273
664,273
665,273
666,273
667,273
676,273
677,273
678,273
681,273
682,273
683,273
684,273
685,273
698,273
699,273
700,273
705,273
706,273
719,273
720,273
721,273
722,273
723,273
732,273
733,273
734,273
735,273
736,273
737,273
768,273
769,273
773,273
774,273
775,273
776,273
777,273
778,273
779,273
780,273
782,273
796,273
797,273
798,273
902,273
903,273
904,273
949,273
1020,273
1021,273
1022,273
1023,273
0,274
1,274
2,274
3,274
4,274
5,274
6,274
7,274
24,274
25,274
26,274
27,274
42,274
43,274
44,274
45,274
85,274
86,274
87,274
92,274
93,274
94,274
95,274
96,274
97,274
131,274
132,274
133,274
134,274
135,274
136,274
137,274
138,274
139,274
140,274
141,274
142,274
143,274
144,274
145,274
181,274
182,274
183,274
184,274
185,274
225,274
226,274
227,274
228,274
229,274
230,274
231,274
232,274
233,274
234,274
235,274
243,274
244,274
245,274
246,274
247,274
248,274
249,274
294,274
295,274
296,274
297,274
298,274
299,274
515,274
516,274
517,274
518,274
519,274
529,274
530,274
531,274
532,274
533,274
540,274
541,274
542,274
640,274
641,274
642,274
643,274
661,274
662,274
663,274
664,274
665,274
666,274
667,274
674,274
675,274
676,274
677,274
681,274
682,274
683,274
684,274
685,274
697,274
698,274
699,274
722,274
726,274
727,274
728,274
729,274
730,274
731,274
732,274
733,274
768,274
769,274
770,274
771,274
772,274
773,274
774,274
775,274
776,274
777,274
778,274
779,274
949,274
1020,274
1021,274
1022,274
1023,274
0,275
1,275
2,275
3,275
4,275
5,275
6,275
7,275
24,275
25,275
26,275
27,275
42,275
43,275
44,275
45,275
64,275
85,275
86,275
87,275
88,275
89,275
92,275
93,275
94,275
95,275
96,275
97,275
130,275
131,275
132,275
133,275
134,275
135,275
136,275
137,275
138,275
141,275
159,275
160,275
176,275
177,275
180,275
181,275
182,275
183,275
184,275
230,275
231,275
232,275
233,275
234,275
235,275
236,275
237,275
242,275
243,275
244,275
245,275
246,275
247,275
295,275
296,275
297,275
298,275
299,275
300,275
516,275
517,275
518,275
519,275
520,275
521,275
530,275
531,275
532,275
540,275
541,275
542,275
640,275
641,275
660,275
661,275
662,275
663,275
664,275
665,275
666,275
680,275
681,275
682,275
683,275
684,275
697,275
698,275
727,275
728,275
729,275
770,275
771,275
772,275
773,275
774,275
775,275
1020,275
1021,275
1022,275
1023,275
0,276
1,276
2,276
3,276
4,276
5,276
6,276
7,276
25,276
26,276
27,276
43,276
44,276
45,276
63,276
64,276
65,276
84,276
85,276
86,276
87,276
88,276
89,276
92,276
93,276
94,276
95,276
96,276
97,276
127,276
128,276
129,276
130,276
131,276
132,276
133,276
134,276
136,276
137,276
138,276
145,276
158,276
159,276
160,276
161,276
173,276
174,276
175,276
176,276
232,276
233,276
234,276
235,276
236,276
237,276
238,276
239,276
240,276
241,276
242,276
243,276
244,276
245,276
246,276
296,276
297,276
298,276
299,276
300,276
301,276
516,276
517,276
518,276
519,276
520,276
521,276
522,276
530,276
531,276
532,276
533,276
540,276
541,276
542,276
648,276
659,276
660,276
661,276
662,276
663,276
664,276
665,276
666,276
674,276
675,276
681,276
682,276
683,276
684,276
685,276
697,276
698,276
735,276
736,276
737,276
738,276
768,276
769,276
770,276
771,276
772,276
1020,276
1021,276
1022,276
1023,276
0,277
1,277
2,277
3,277
4,277
5,277
6,277
7,277
25,277
26,277
45,277
63,277
64,277
65,277
66,277
67,277
85,277
86,277
87,277
88,277
89,277
92,277
93,277
94,277
95,277
96,277
97,277
125,277
126,277
127,277
128,277
130,277
136,277
137,277
138,277
139,277
156,277
157,277
158,277
159,277
173,277
187,277
188,277
189,277
190,277
211,277
212,277
233,277
234,277
235,277
236,277
237,277
238,277
239,277
240,277
241,277
242,277
243,277
244,277
245,277
246,277
298,277
299,277
300,277
301,277
302,277
517,277
518,277
519,277
520,277
521,277
522,277
523,277
525,277
526,277
531,277
532,277
533,277
534,277
540,277
541,277
542,277
543,277
659,277
660,277
661,277
662,277
663,277
664,277
674,277
675,277
681,277
682,277
683,277
684,277
685,277
686,277
698,277
735,277
736,277
737,277
738,277
739,277
768,277
769,277
770,277
1021,277
1022,277
1023,277
0,278
1,278
2,278
3,278
4,278
5,278
6,278
7,278
39,278
40,278
62,278
63,278
64,278
65,278
66,278
67,278
86,278
87,278
88,278
89,278
90,278
93,278
94,278
95,278
96,278
123,278
124,278
125,278
126,278
136,278
137,278
138,278
139,278
182,278
194,278
210,278
211,278
212,278
236,278
237,278
238,278
239,278
240,278
241,278
242,278
243,278
244,278
245,278
298,278
299,278
300,278
301,278
302,278
518,278
519,278
520,278
521,278
522,278
523,278
524,278
525,278
532,278
533,278
534,278
535,278
536,278
542,278
543,278
544,278
659,278
660,278
661,278
662,278
663,278
681,278
682,278
683,278
684,278
685,278
698,278
735,278
736,278
737,278
738,278
766,278
767,278
768,278
1021,278
1022,278
1023,278
0,279
1,279
2,279
3,279
4,279
5,279
6,279
7,279
63,279
64,279
65,279
66,279
86,279
87,279
88,279
89,279
90,279
94,279
95,279
96,279
122,279
123,279
124,279
136,279
137,279
138,279
167,279
168,279
181,279
182,279
183,279
184,279
238,279
239,279
240,279
241,279
242,279
243,279
244,279
245,279
246,279
298,279
299,279
300,279
301,279
302,279
303,279
304,279
518,279
519,279
520,279
521,279
522,279
523,279
524,279
525,279
526,279
527,279
528,279
529,279
532,279
533,279
534,279
535,279
536,279
537,279
542,279
543,279
544,279
545,279
657,279
658,279
659,279
660,279
661,279
662,279
681,279
682,279
683,279
684,279
736,279
737,279
738,279
765,279
766,279
767,279
990,279
991,279
1020,279
1021,279
1022,279
1023,279
0,280
1,280
2,280
3,280
4,280
5,280
6,280
7,280
63,280
64,280
65,280
66,280
87,280
88,280
89,280
94,280
95,280
96,280
97,280
120,280
121,280
122,280
123,280
137,280
138,280
163,280
164,280
168,280
169,280
173,280
181,280
182,280
183,280
240,280
241,280
242,280
243,280
244,280
245,280
246,280
247,280
299,280
300,280
301,280
302,280
303,280
304,280
305,280
517,280
518,280
519,280
520,280
521,280
522,280
523,280
524,280
525,280
526,280
527,280
528,280
529,280
530,280
535,280
543,280
544,280
545,280
580,280
581,280
582,280
583,280
586,280
587,280
656,280
657,280
658,280
659,280
660,280
661,280
681,280
682,280
683,280
684,280
737,280
738,280
739,280
764,280
765,280
766,280
1020,280
1021,280
1022,280
1023,280
0,281
1,281
2,281
3,281
4,281
5,281
6,281
7,281
63,281
64,281
65,281
66,281
72,281
73,281
88,281
89,281
90,281
91,281
96,281
119,281
120,281
121,281
136,281
137,281
138,281
161,281
162,281
163,281
164,281
165,281
168,281
169,281
170,281
173,281
174,281
180,281
181,281
182,281
183,281
243,281
244,281
245,281
246,281
247,281
248,281
249,281
300,281
301,281
302,281
303,281
304,281
305,281
306,281
506,281
507,281
508,281
509,281
510,281
511,281
512,281
513,281
514,281
515,281
516,281
517,281
518,281
519,281
520,281
521,281
522,281
523,281
524,281
525,281
526,281
527,281
528,281
529,281
580,281
581,281
582,281
654,281
655,281
656,281
657,281
658,281
659,281
660,281
661,281
681,281
682,281
683,281
684,281
737,281
738,281
739,281
762,281
763,281
764,281
1020,281
1021,281
1022,281
1023,281
0,282
1,282
2,282
3,282
4,282
5,282
6,282
7,282
63,282
64,282
65,282
66,282
88,282
89,282
90,282
91,282
95,282
96,282
118,282
119,282
120,282
135,282
136,282
137,282
138,282
161,282
162,282
163,282
164,282
165,282
168,282
169,282
170,282
171,282
173,282
174,282
175,282
180,282
181,282
182,282
183,282
244,282
245,282
246,282
247,282
248,282
249,282
301,282
302,282
303,282
304,282
305,282
306,282
307,282
495,282
496,282
497,282
498,282
499,282
500,282
501,282
502,282
503,282
504,282
505,282
506,282
507,282
508,282
509,282
510,282
511,282
512,282
513,282
514,282
515,282
516,282
517,282
518,282
519,282
520,282
521,282
522,282
523,282
524,282
525,282
526,282
527,282
528,282
529,282
580,282
581,282
586,282
587,282
654,282
655,282
656,282
657,282
658,282
659,282
681,282
682,282
683,282
684,282
737,282
738,282
760,282
761,282
762,282
763,282
1020,282
1021,282
1022,282
1023,282
0,283
1,283
2,283
3,283
4,283
5,283
6,283
7,283
8,283
63,283
64,283
65,283
66,283
89,283
90,283
91,283
95,283
96,283
97,283
116,283
117,283
118,283
119,283
120,283
135,283
136,283
137,283
138,283
139,283
161,283
162,283
163,283
164,283
165,283
168,283
169,283
170,283
173,283
174,283
180,283
181,283
182,283
183,283
245,283
246,283
247,283
248,283
249,283
250,283
302,283
303,283
304,283
305,283
306,283
307,283
492,283
493,283
494,283
495,283
496,283
497,283
498,283
499,283
500,283
501,283
502,283
503,283
504,283
505,283
506,283
507,283
508,283
509,283
510,283
511,283
512,283
513,283
514,283
515,283
516,283
517,283
518,283
519,283
520,283
521,283
522,283
523,283
524,283
525,283
526,283
527,283
528,283
529,283
530,283
531,283
568,283
569,283
570,283
571,283
574,283
578,283
579,283
583,283
584,283
621,283
622,283
653,283
654,283
655,283
656,283
657,283
658,283
674,283
675,283
676,283
677,283
682,283
683,283
684,283
688,283
689,283
695,283
696,283
697,283
698,283
736,283
737,283
759,283
760,283
761,283
811,283
812,283
1020,283
1021,283
1022,283
1023,283
0,284
1,284
2,284
3,284
4,284
5,284
6,284
7,284
8,284
63,284
64,284
65,284
66,284
116,284
117,284
135,284
136,284
137,284
138,284
139,284
143,284
144,284
162,284
163,284
164,284
168,284
169,284
170,284
173,284
174,284
179,284
180,284
181,284
182,284
183,284
246,284
247,284
248,284
249,284
250,284
251,284
303,284
304,284
305,284
306,284
307,284
308,284
377,284
475,284
476,284
477,284
482,284
483,284
484,284
485,284
486,284
487,284
488,284
489,284
490,284
491,284
492,284
493,284
494,284
495,284
496,284
497,284
498,284
499,284
500,284
501,284
502,284
503,284
504,284
505,284
506,284
507,284
508,284
509,284
510,284
511,284
512,284
525,284
526,284
527,284
528,284
529,284
530,284
531,284
532,284
568,284
569,284
570,284
571,284
573,284
574,284
575,284
578,284
579,284
582,284
583,284
584,284
620,284
621,284
622,284
623,284
624,284
652,284
653,284
654,284
655,284
656,284
657,284
658,284
673,284
674,284
675,284
676,284
684,284
688,284
689,284
695,284
696,284
697,284
735,284
736,284
737,284
758,284
759,284
760,284
761,284
811,284
812,284
991,284
992,284
993,284
1020,284
1021,284
1022,284
1023,284
0,285
1,285
2,285
3,285
4,285
5,285
6,285
7,285
8,285
33,285
34,285
63,285
64,285
65,285
66,285
115,285
116,285
117,285
135,285
136,285
137,285
138,285
143,285
144,285
161,285
162,285
163,285
164,285
172,285
173,285
174,285
179,285
180,285
181,285
182,285
183,285
247,285
248,285
249,285
250,285
251,285
252,285
304,285
305,285
306,285
307,285
308,285
309,285
460,285
461,285
462,285
463,285
464,285
465,285
466,285
467,285
468,285
469,285
470,285
471,285
472,285
473,285
474,285
475,285
476,285
477,285
478,285
479,285
480,285
481,285
482,285
483,285
484,285
485,285
486,285
487,285
488,285
489,285
490,285
491,285
492,285
493,285
494,285
495,285
496,285
497,285
498,285
499,285
500,285
501,285
502,285
503,285
504,285
505,285
526,285
527,285
528,285
529,285
530,285
531,285
532,285
533,285
567,285
568,285
569,285
570,285
573,285
574,285
575,285
576,285
578,285
579,285
582,285
583,285
584,285
621,285
622,285
651,285
652,285
653,285
654,285
655,285
656,285
657,285
674,285
675,285
700,285
701,285
702,285
734,285
735,285
736,285
756,285
757,285
758,285
759,285
811,285
812,285
939,285
940,285
941,285
991,285
992,285
993,285
1020,285
1021,285
1022,285
1023,285
0,286
1,286
2,286
3,286
4,286
5,286
6,286
7,286
8,286
31,286
32,286
33,286
34,286
35,286
64,286
65,286
114,286
115,286
135,286
136,286
137,286
138,286
161,286
162,286
163,286
164,286
168,286
169,286
172,286
173,286
174,286
179,286
180,286
181,286
182,286
249,286
250,286
251,286
252,286
253,286
254,286
308,286
309,286
310,286
444,286
445,286
446,286
447,286
448,286
449,286
450,286
451,286
452,286
453,286
454,286
455,286
456,286
457,286
458,286
459,286
460,286
461,286
462,286
463,286
464,286
465,286
466,286
467,286
468,286
469,286
470,286
471,286
472,286
473,286
474,286
475,286
476,286
477,286
478,286
479,286
480,286
481,286
482,286
483,286
484,286
485,286
486,286
487,286
488,286
489,286
490,286
491,286
492,286
527,286
528,286
529,286
530,286
531,286
532,286
533,286
534,286
535,286
567,286
568,286
569,286
570,286
573,286
574,286
575,286
578,286
579,286
582,286
583,286
584,286
585,286
649,286
650,286
651,286
652,286
653,286
654,286
655,286
656,286
690,286
691,286
692,286
693,286
694,286
700,286
701,286
702,286
754,286
755,286
756,286
757,286
811,286
812,286
938,286
939,286
940,286
991,286
992,286
1020,286
1021,286
1022,286
1023,286
0,287
1,287
2,287
3,287
4,287
5,287
6,287
7,287
8,287
17,287
18,287
19,287
36,287
37,287
43,287
44,287
45,287
62,287
63,287
64,287
65,287
91,287
92,287
113,287
114,287
115,287
135,287
136,287
137,287
161,287
162,287
163,287
167,287
168,287
169,287
170,287
173,287
174,287
179,287
180,287
181,287
182,287
249,287
250,287
251,287
252,287
253,287
254,287
255,287
308,287
309,287
310,287
311,287
436,287
437,287
438,287
439,287
440,287
441,287
442,287
443,287
444,287
445,287
446,287
447,287
448,287
449,287
450,287
451,287
452,287
453,287
454,287
455,287
456,287
457,287
458,287
459,287
460,287
461,287
462,287
463,287
464,287
465,287
466,287
467,287
468,287
469,287
470,287
471,287
472,287
473,287
474,287
475,287
476,287
477,287
478,287
479,287
480,287
481,287
482,287
483,287
484,287
485,287
486,287
529,287
530,287
531,287
532,287
533,287
534,287
535,287
536,287
537,287
538,287
539,287
567,287
568,287
569,287
570,287
573,287
574,287
575,287
578,287
579,287
582,287
583,287
584,287
648,287
649,287
650,287
651,287
652,287
653,287
654,287
682,287
691,287
692,287
693,287
727,287
750,287
751,287
752,287
753,287
754,287
755,287
756,287
757,287
937,287
938,287
939,287
1020,287
1021,287
1022,287
1023,287
0,288
1,288
2,288
3,288
4,288
5,288
6,288
7,288
8,288
12,288
13,288
14,288
15,288
16,288
17,288
18,288
19,288
20,288
36,288
37,288
43,288
44,288
45,288
46,288
47,288
48,288
62,288
63,288
64,288
65,288
91,288
92,288
93,288
112,288
113,288
114,288
115,288
135,288
136,288
137,288
166,288
167,288
168,288
169,288
178,288
179,288
180,288
181,288
182,288
250,288
251,288
252,288
253,288
254,288
255,288
256,288
308,288
309,288
310,288
311,288
312,288
429,288
430,288
431,288
432,288
433,288
434,288
435,288
436,288
437,288
438,288
439,288
440,288
441,288
442,288
443,288
444,288
445,288
446,288
447,288
448,288
449,288
450,288
451,288
452,288
453,288
454,288
455,288
456,288
457,288
458,288
459,288
460,288
461,288
462,288
463,288
532,288
533,288
534,288
535,288
536,288
537,288
538,288
539,288
540,288
541,288
567,288
568,288
569,288
574,288
575,288
578,288
579,288
582,288
583,288
584,288
585,288
647,288
648,288
649,288
650,288
651,288
652,288
748,288
749,288
750,288
751,288
752,288
753,288
754,288
755,288
935,288
936,288
937,288
938,288
1021,288
1022,288
1023,288
0,289
1,289
2,289
3,289
4,289
5,289
6,289
7,289
8,289
10,289
11,289
12,289
13,289
14,289
15,289
16,289
17,289
18,289
44,289
45,289
46,289
47,289
48,289
62,289
63,289
64,289
65,289
91,289
92,289
93,289
94,289
111,289
112,289
113,289
114,289
115,289
135,289
136,289
251,289
252,289
253,289
254,289
255,289
256,289
309,289
310,289
311,289
312,289
313,289
314,289
420,289
421,289
422,289
423,289
424,289
425,289
426,289
427,289
428,289
429,289
430,289
431,289
432,289
433,289
434,289
435,289
436,289
437,289
438,289
439,289
440,289
441,289
442,289
443,289
444,289
445,289
446,289
447,289
535,289
536,289
537,289
538,289
539,289
540,289
541,289
542,289
569,289
574,289
581,289
582,289
583,289
584,289
585,289
645,289
646,289
647,289
648,289
649,289
650,289
651,289
652,289
746,289
747,289
748,289
749,289
750,289
751,289
752,289
753,289
934,289
935,289
1021,289
1022,289
1023,289
0,290
1,290
2,290
3,290
4,290
5,290
6,290
7,290
8,290
10,290
11,290
12,290
13,290
14,290
15,290
16,290
37,290
38,290
44,290
45,290
46,290
47,290
48,290
62,290
63,290
64,290
65,290
91,290
92,290
93,290
94,290
98,290
99,290
110,290
111,290
112,290
113,290
114,290
136,290
252,290
253,290
254,290
255,290
256,290
257,290
309,290
310,290
311,290
312,290
313,290
314,290
315,290
316,290
412,290
413,290
414,290
415,290
416,290
417,290
418,290
419,290
420,290
421,290
422,290
423,290
424,290
425,290
426,290
427,290
428,290
429,290
430,290
431,290
432,290
433,290
434,290
435,290
436,290
536,290
537,290
538,290
539,290
540,290
541,290
542,290
543,290
544,290
577,290
578,290
579,290
580,290
644,290
645,290
646,290
647,290
648,290
649,290
650,290
651,290
742,290
743,290
744,290
745,290
746,290
747,290
748,290
749,290
750,290
751,290
752,290
934,290
935,290
949,290
950,290
951,290
962,290
1021,290
1022,290
1023,290
0,291
1,291
2,291
3,291
4,291
5,291
6,291
7,291
8,291
11,291
12,291
13,291
14,291
15,291
16,291
35,291
36,291
37,291
38,291
39,291
40,291
45,291
46,291
47,291
48,291
49,291
61,291
62,291
63,291
64,291
65,291
92,291
93,291
94,291
95,291
110,291
111,291
112,291
113,291
114,291
253,291
254,291
255,291
256,291
257,291
258,291
309,291
310,291
311,291
312,291
313,291
314,291
315,291
316,291
317,291
403,291
404,291
405,291
406,291
407,291
408,291
409,291
410,291
411,291
412,291
413,291
414,291
415,291
416,291
417,291
418,291
419,291
420,291
421,291
422,291
423,291
424,291
425,291
426,291
427,291
428,291
429,291
430,291
431,291
537,291
538,291
539,291
540,291
541,291
542,291
543,291
544,291
545,291
546,291
641,291
642,291
643,291
644,291
645,291
646,291
647,291
648,291
649,291
738,291
739,291
740,291
741,291
742,291
743,291
744,291
745,291
746,291
747,291
748,291
749,291
933,291
934,291
935,291
936,291
944,291
945,291
946,291
947,291
948,291
949,291
950,291
951,291
956,291
957,291
958,291
959,291
960,291
961,291
962,291
963,291
964,291
971,291
972,291
973,291
974,291
1020,291
1021,291
1022,291
1023,291
0,292
1,292
2,292
3,292
4,292
5,292
6,292
7,292
8,292
11,292
12,292
13,292
14,292
15,292
16,292
34,292
35,292
36,292
37,292
38,292
45,292
46,292
47,292
48,292
49,292
61,292
62,292
63,292
64,292
93,292
94,292
95,292
96,292
110,292
111,292
112,292
113,292
114,292
115,292
253,292
254,292
255,292
256,292
257,292
258,292
312,292
313,292
314,292
315,292
316,292
317,292
396,292
397,292
398,292
399,292
400,292
401,292
402,292
403,292
404,292
405,292
406,292
407,292
408,292
409,292
410,292
411,292
412,292
413,292
414,292
415,292
416,292
417,292
418,292
419,292
420,292
421,292
539,292
540,292
541,292
542,292
543,292
544,292
545,292
546,292
547,292
548,292
549,292
640,292
641,292
642,292
643,292
644,292
645,292
646,292
647,292
648,292
649,292
736,292
737,292
738,292
739,292
740,292
741,292
742,292
743,292
744,292
745,292
759,292
934,292
935,292
936,292
937,292
938,292
939,292
940,292
941,292
943,292
944,292
945,292
946,292
947,292
957,292
962,292
1020,292
1021,292
1022,292
1023,292
0,293
1,293
2,293
3,293
4,293
5,293
6,293
7,293
8,293
11,293
12,293
13,293
14,293
15,293
16,293
33,293
34,293
35,293
36,293
37,293
38,293
45,293
46,293
47,293
48,293
62,293
63,293
64,293
94,293
95,293
96,293
97,293
110,293
111,293
112,293
113,293
114,293
115,293
253,293
254,293
255,293
256,293
257,293
258,293
312,293
313,293
314,293
315,293
316,293
317,293
318,293
391,293
392,293
393,293
394,293
395,293
396,293
397,293
398,293
399,293
400,293
401,293
402,293
403,293
404,293
405,293
406,293
407,293
408,293
409,293
410,293
411,293
412,293
413,293
414,293
542,293
543,293
544,293
545,293
546,293
547,293
548,293
549,293
550,293
638,293
639,293
640,293
641,293
642,293
643,293
644,293
645,293
646,293
647,293
648,293
649,293
656,293
657,293
658,293
659,293
660,293
661,293
664,293
665,293
666,293
667,293
733,293
734,293
735,293
736,293
737,293
738,293
739,293
740,293
741,293
742,293
743,293
744,293
758,293
759,293
760,293
931,293
936,293
937,293
938,293
939,293
1020,293
1021,293
1022,293
1023,293
0,294
1,294
2,294
3,294
4,294
5,294
6,294
7,294
8,294
11,294
12,294
13,294
14,294
15,294
16,294
34,294
35,294
36,294
37,294
38,294
44,294
45,294
46,294
47,294
48,294
62,294
63,294
64,294
65,294
95,294
96,294
109,294
110,294
111,294
112,294
113,294
114,294
254,294
255,294
256,294
257,294
258,294
259,294
313,294
314,294
315,294
316,294
317,294
318,294
319,294
385,294
386,294
387,294
388,294
389,294
390,294
391,294
392,294
393,294
394,294
395,294
396,294
397,294
398,294
399,294
400,294
401,294
402,294
403,294
404,294
405,294
406,294
544,294
545,294
546,294
547,294
548,294
549,294
550,294
551,294
552,294
637,294
638,294
639,294
640,294
641,294
642,294
643,294
644,294
645,294
646,294
647,294
648,294
649,294
650,294
651,294
652,294
653,294
654,294
655,294
656,294
657,294
658,294
659,294
660,294
661,294
662,294
663,294
664,294
665,294
666,294
667,294
668,294
681,294
682,294
683,294
684,294
730,294
731,294
732,294
733,294
734,294
735,294
736,294
737,294
738,294
739,294
740,294
757,294
758,294
759,294
760,294
930,294
931,294
942,294
943,294
944,294
945,294
946,294
949,294
950,294
951,294
952,294
969,294
978,294
979,294
980,294
1020,294
1021,294
1022,294
1023,294
0,295
1,295
2,295
3,295
4,295
5,295
6,295
7,295
8,295
12,295
13,295
14,295
15,295
16,295
17,295
33,295
34,295
35,295
36,295
37,295
38,295
44,295
45,295
46,295
47,295
48,295
63,295
64,295
65,295
66,295
92,295
93,295
94,295
95,295
109,295
110,295
111,295
112,295
113,295
114,295
254,295
255,295
256,295
257,295
258,295
259,295
260,295
314,295
315,295
316,295
317,295
318,295
319,295
320,295
379,295
380,295
381,295
382,295
383,295
384,295
385,295
386,295
387,295
388,295
389,295
390,295
391,295
392,295
393,295
394,295
395,295
396,295
397,295
398,295
546,295
547,295
548,295
549,295
550,295
551,295
552,295
553,295
554,295
555,295
556,295
635,295
636,295
637,295
638,295
639,295
640,295
641,295
642,295
643,295
644,295
645,295
646,295
647,295
648,295
649,295
650,295
651,295
652,295
653,295
654,295
655,295
656,295
657,295
658,295
659,295
660,295
661,295
662,295
663,295
664,295
665,295
666,295
667,295
668,295
727,295
728,295
729,295
730,295
731,295
732,295
733,295
734,295
735,295
736,295
737,295
757,295
758,295
759,295
931,295
940,295
941,295
942,295
943,295
944,295
945,295
946,295
959,295
960,295
961,295
968,295
969,295
970,295
978,295
979,295
980,295
1020,295
1021,295
1022,295
1023,295
0,296
1,296
2,296
3,296
4,296
5,296
6,296
7,296
13,296
14,296
15,296
16,296
32,296
33,296
34,296
35,296
36,296
37,296
38,296
44,296
45,296
46,296
47,296
48,296
49,296
63,296
64,296
65,296
66,296
92,296
93,296
94,296
95,296
109,296
110,296
111,296
112,296
113,296
114,296
141,296
254,296
255,296
256,296
257,296
258,296
259,296
260,296
261,296
315,296
316,296
317,296
318,296
319,296
320,296
321,296
373,296
374,296
375,296
376,296
377,296
378,296
379,296
380,296
381,296
382,296
383,296
384,296
385,296
386,296
387,296
388,296
389,296
390,296
391,296
392,296
549,296
550,296
551,296
552,296
553,296
554,296
555,296
556,296
557,296
558,296
559,296
574,296
623,296
624,296
625,296
626,296
627,296
628,296
629,296
630,296
631,296
632,296
633,296
634,296
635,296
636,296
637,296
638,296
639,296
640,296
641,296
642,296
643,296
644,296
645,296
646,296
647,296
648,296
649,296
650,296
651,296
652,296
660,296
664,296
665,296
666,296
724,296
725,296
726,296
727,296
728,296
729,296
730,296
731,296
732,296
733,296
734,296
768,296
769,296
770,296
816,296
817,296
969,296
970,296
971,296
1020,296
1021,296
1022,296
1023,296
0,297
1,297
2,297
3,297
4,297
5,297
6,297
32,297
33,297
34,297
35,297
44,297
45,297
46,297
47,297
48,297
49,297
63,297
64,297
65,297
66,297
92,297
93,297
94,297
95,297
109,297
110,297
111,297
112,297
113,297
114,297
140,297
255,297
256,297
257,297
258,297
259,297
260,297
261,297
262,297
316,297
317,297
318,297
319,297
320,297
321,297
365,297
366,297
367,297
368,297
369,297
370,297
371,297
372,297
373,297
374,297
375,297
376,297
377,297
378,297
379,297
380,297
381,297
382,297
383,297
384,297
385,297
386,297
387,297
551,297
552,297
553,297
554,297
555,297
556,297
557,297
558,297
559,297
560,297
561,297
562,297
563,297
564,297
565,297
617,297
618,297
619,297
620,297
621,297
622,297
623,297
624,297
625,297
626,297
627,297
628,297
629,297
630,297
631,297
632,297
633,297
634,297
635,297
636,297
637,297
638,297
639,297
640,297
641,297
642,297
643,297
644,297
645,297
718,297
719,297
720,297
721,297
722,297
723,297
724,297
725,297
726,297
727,297
728,297
729,297
730,297
731,297
732,297
1020,297
1021,297
1022,297
1023,297
0,298
1,298
2,298
3,298
4,298
5,298
6,298
43,298
44,298
45,298
46,298
47,298
63,298
64,298
65,298
66,298
67,298
93,298
94,298
95,298
96,298
109,298
110,298
111,298
112,298
113,298
114,298
140,298
256,298
257,298
258,298
259,298
260,298
261,298
262,298
263,298
316,298
317,298
318,298
319,298
320,298
321,298
322,298
359,298
360,298
361,298
362,298
363,298
364,298
365,298
366,298
367,298
368,298
369,298
370,298
371,298
372,298
373,298
374,298
375,298
376,298
377,298
378,298
379,298
380,298
381,298
554,298
555,298
556,298
557,298
558,298
559,298
560,298
561,298
562,298
563,298
564,298
565,298
566,298
567,298
568,298
569,298
570,298
574,298
575,298
576,298
602,298
603,298
604,298
605,298
606,298
607,298
608,298
609,298
610,298
611,298
612,298
613,298
614,298
615,298
616,298
617,298
618,298
619,298
620,298
621,298
622,298
623,298
624,298
625,298
626,298
627,298
628,298
629,298
630,298
631,298
632,298
633,298
634,298
635,298
636,298
637,298
638,298
714,298
715,298
716,298
717,298
718,298
719,298
720,298
721,298
722,298
723,298
724,298
725,298
726,298
727,298
728,298
772,298
773,298
774,298
775,298
1020,298
1021,298
1022,298
1023,298
0,299
1,299
2,299
3,299
4,299
5,299
6,299
7,299
44,299
45,299
63,299
64,299
65,299
66,299
93,299
94,299
95,299
96,299
108,299
109,299
110,299
111,299
112,299
113,299
114,299
258,299
259,299
260,299
261,299
262,299
263,299
264,299
317,299
318,299
319,299
320,299
321,299
322,299
323,299
354,299
355,299
356,299
357,299
358,299
359,299
360,299
361,299
362,299
363,299
364,299
365,299
366,299
367,299
368,299
369,299
370,299
371,299
372,299
373,299
558,299
559,299
560,299
561,299
562,299
563,299
564,299
565,299
566,299
567,299
568,299
569,299
570,299
571,299
572,299
573,299
574,299
575,299
576,299
584,299
585,299
586,299
587,299
588,299
589,299
590,299
591,299
592,299
593,299
594,299
595,299
596,299
597,299
598,299
599,299
600,299
601,299
602,299
603,299
604,299
605,299
606,299
607,299
608,299
609,299
610,299
611,299
612,299
613,299
614,299
615,299
616,299
617,299
618,299
619,299
620,299
621,299
622,299
623,299
624,299
625,299
626,299
629,299
633,299
634,299
640,299
641,299
642,299
711,299
712,299
713,299
714,299
715,299
716,299
717,299
718,299
719,299
720,299
721,299
722,299
723,299
772,299
773,299
774,299
1020,299
1021,299
1022,299
1023,299
0,300
1,300
2,300
3,300
4,300
5,300
6,300
7,300
65,300
66,300
67,300
92,300
93,300
94,300
95,300
96,300
108,300
109,300
110,300
111,300
112,300
113,300
114,300
258,300
259,300
260,300
261,300
262,300
263,300
264,300
317,300
318,300
319,300
320,300
321,300
322,300
323,300
343,300
344,300
345,300
346,300
347,300
348,300
349,300
350,300
351,300
352,300
353,300
354,300
355,300
356,300
357,300
358,300
359,300
360,300
361,300
362,300
363,300
364,300
365,300
366,300
367,300
368,300
369,300
370,300
561,300
562,300
563,300
564,300
565,300
566,300
567,300
568,300
569,300
570,300
571,300
572,300
573,300
574,300
575,300
576,300
577,300
578,300
579,300
580,300
582,300
583,300
584,300
585,300
586,300
587,300
588,300
589,300
590,300
591,300
592,300
593,300
594,300
595,300
596,300
597,300
598,300
599,300
600,300
601,300
602,300
603,300
604,300
605,300
606,300
607,300
608,300
609,300
610,300
611,300
612,300
613,300
614,300
615,300
616,300
617,300
618,300
619,300
620,300
621,300
622,300
623,300
639,300
640,300
641,300
642,300
645,300
646,300
651,300
706,300
707,300
708,300
709,300
710,300
711,300
712,300
713,300
714,300
715,300
716,300
717,300
718,300
719,300
772,300
773,300
774,300
1021,300
1022,300
1023,300
0,301
1,301
2,301
3,301
4,301
5,301
6,301
7,301
64,301
65,301
66,301
67,301
92,301
93,301
94,301
95,301
96,301
107,301
108,301
109,301
110,301
111,301
112,301
113,301
259,301
260,301
261,301
262,301
263,301
264,301
265,301
318,301
319,301
320,301
321,301
322,301
323,301
324,301
338,301
339,301
340,301
341,301
342,301
343,301
344,301
345,301
346,301
347,301
348,301
349,301
350,301
351,301
352,301
353,301
354,301
355,301
356,301
357,301
358,301
359,301
569,301
570,301
571,301
572,301
573,301
574,301
575,301
576,301
577,301
578,301
579,301
580,301
581,301
582,301
583,301
584,301
585,301
586,301
587,301
588,301
589,301
590,301
591,301
592,301
593,301
594,301
595,301
596,301
597,301
598,301
599,301
600,301
601,301
602,301
603,301
604,301
605,301
606,301
607,301
608,301
609,301
610,301
611,301
612,301
613,301
614,301
615,301
621,301
622,301
623,301
639,301
640,301
641,301
642,301
645,301
646,301
648,301
649,301
650,301
654,301
655,301
705,301
706,301
707,301
708,301
709,301
710,301
711,301
712,301
713,301
714,301
771,301
772,301
773,301
774,301
819,301
820,301
1021,301
1022,301
1023,301
0,302
1,302
2,302
3,302
4,302
5,302
6,302
7,302
65,302
66,302
67,302
92,302
93,302
94,302
95,302
96,302
106,302
107,302
108,302
109,302
110,302
111,302
112,302
113,302
260,302
261,302
262,302
263,302
264,302
265,302
266,302
319,302
320,302
321,302
322,302
323,302
324,302
325,302
333,302
334,302
335,302
336,302
337,302
338,302
339,302
340,302
341,302
342,302
343,302
344,302
345,302
346,302
347,302
348,302
349,302
350,302
351,302
352,302
353,302
354,302
355,302
356,302
573,302
574,302
575,302
576,302
577,302
578,302
579,302
580,302
581,302
582,302
583,302
584,302
585,302
586,302
587,302
588,302
589,302
590,302
591,302
592,302
593,302
594,302
595,302
596,302
597,302
598,302
599,302
600,302
601,302
602,302
603,302
604,302
605,302
606,302
607,302
608,302
609,302
610,302
611,302
612,302
613,302
614,302
615,302
616,302
617,302
618,302
619,302
620,302
621,302
622,302
623,302
637,302
638,302
639,302
640,302
641,302
645,302
646,302
648,302
649,302
650,302
653,302
654,302
655,302
656,302
703,302
704,302
705,302
706,302
707,302
708,302
709,302
710,302
711,302
770,302
771,302
772,302
773,302
819,302
1021,302
1022,302
1023,302
0,303
1,303
2,303
3,303
4,303
5,303
6,303
7,303
56,303
57,303
58,303
59,303
63,303
64,303
65,303
66,303
67,303
93,303
94,303
95,303
96,303
106,303
107,303
108,303
109,303
110,303
111,303
112,303
261,303
262,303
263,303
264,303
265,303
266,303
319,303
320,303
321,303
322,303
323,303
324,303
325,303
326,303
327,303
329,303
330,303
331,303
332,303
333,303
334,303
335,303
336,303
337,303
338,303
339,303
340,303
341,303
342,303
343,303
344,303
345,303
346,303
580,303
581,303
582,303
583,303
584,303
585,303
586,303
587,303
588,303
589,303
590,303
591,303
592,303
593,303
594,303
595,303
596,303
597,303
598,303
599,303
600,303
601,303
602,303
603,303
604,303
605,303
606,303
607,303
608,303
609,303
610,303
611,303
612,303
613,303
614,303
615,303
616,303
617,303
618,303
619,303
620,303
621,303
622,303
623,303
637,303
638,303
639,303
640,303
643,303
648,303
649,303
652,303
653,303
654,303
655,303
699,303
700,303
701,303
702,303
703,303
704,303
705,303
706,303
707,303
708,303
770,303
771,303
772,303
819,303
877,303
894,303
895,303
896,303
1021,303
1022,303
1023,303
0,304
1,304
2,304
3,304
4,304
5,304
6,304
7,304
56,304
57,304
58,304
59,304
62,304
63,304
64,304
65,304
66,304
67,304
68,304
92,304
93,304
94,304
95,304
106,304
107,304
108,304
109,304
110,304
111,304
262,304
263,304
264,304
265,304
266,304
267,304
316,304
317,304
318,304
319,304
320,304
321,304
322,304
323,304
324,304
325,304
326,304
327,304
328,304
329,304
330,304
331,304
332,304
333,304
334,304
335,304
336,304
337,304
338,304
339,304
340,304
589,304
590,304
591,304
592,304
593,304
594,304
595,304
596,304
597,304
598,304
599,304
600,304
601,304
602,304
603,304
604,304
605,304
606,304
607,304
608,304
609,304
610,304
611,304
612,304
613,304
614,304
615,304
616,304
617,304
618,304
619,304
620,304
621,304
637,304
638,304
639,304
640,304
648,304
651,304
652,304
653,304
654,304
655,304
697,304
698,304
699,304
700,304
701,304
702,304
703,304
704,304
705,304
706,304
769,304
770,304
771,304
818,304
819,304
1021,304
1022,304
1023,304
0,305
1,305
2,305
3,305
4,305
5,305
6,305
56,305
57,305
58,305
59,305
62,305
63,305
64,305
65,305
66,305
67,305
68,305
69,305
106,305
107,305
108,305
109,305
110,305
111,305
137,305
138,305
263,305
264,305
265,305
266,305
267,305
268,305
269,305
307,305
308,305
309,305
310,305
311,305
312,305
313,305
314,305
315,305
316,305
317,305
318,305
319,305
320,305
321,305
322,305
323,305
324,305
325,305
326,305
327,305
328,305
329,305
330,305
331,305
332,305
603,305
615,305
636,305
637,305
638,305
639,305
640,305
650,305
651,305
652,305
653,305
654,305
693,305
694,305
695,305
696,305
697,305
698,305
699,305
700,305
701,305
702,305
768,305
769,305
770,305
771,305
818,305
819,305
820,305
926,305
1021,305
1022,305
1023,305
0,306
1,306
2,306
3,306
4,306
5,306
6,306
7,306
51,306
61,306
62,306
63,306
64,306
65,306
66,306
67,306
106,306
107,306
108,306
109,306
110,306
111,306
136,306
137,306
138,306
263,306
264,306
265,306
266,306
267,306
268,306
269,306
270,306
303,306
304,306
305,306
306,306
307,306
308,306
309,306
310,306
311,306
312,306
313,306
314,306
315,306
316,306
317,306
318,306
319,306
320,306
321,306
322,306
323,306
324,306
325,306
326,306
327,306
328,306
329,306
636,306
637,306
638,306
639,306
643,306
644,306
648,306
649,306
650,306
651,306
652,306
653,306
687,306
688,306
689,306
690,306
691,306
692,306
693,306
694,306
695,306
696,306
697,306
698,306
699,306
700,306
768,306
769,306
770,306
925,306
926,306
1020,306
1021,306
1022,306
1023,306
0,307
1,307
2,307
3,307
4,307
5,307
6,307
7,307
8,307
9,307
21,307
22,307
23,307
24,307
106,307
107,307
108,307
109,307
110,307
111,307
136,307
137,307
138,307
264,307
265,307
266,307
267,307
268,307
269,307
270,307
295,307
296,307
297,307
298,307
299,307
300,307
301,307
302,307
303,307
304,307
305,307
306,307
307,307
308,307
309,307
310,307
311,307
312,307
313,307
314,307
315,307
316,307
317,307
318,307
319,307
320,307
321,307
322,307
323,307
324,307
325,307
326,307
327,307
637,307
638,307
639,307
642,307
643,307
644,307
649,307
650,307
651,307
684,307
685,307
686,307
687,307
688,307
689,307
690,307
691,307
692,307
693,307
694,307
695,307
696,307
697,307
698,307
767,307
768,307
769,307
770,307
926,307
1020,307
1021,307
1022,307
1023,307
0,308
1,308
2,308
3,308
4,308
5,308
6,308
7,308
8,308
98,308
99,308
100,308
106,308
107,308
108,308
109,308
110,308
111,308
138,308
265,308
266,308
267,308
268,308
269,308
270,308
271,308
284,308
285,308
286,308
287,308
288,308
289,308
290,308
291,308
292,308
293,308
294,308
295,308
296,308
297,308
298,308
299,308
300,308
301,308
302,308
303,308
304,308
305,308
306,308
307,308
308,308
309,308
310,308
322,308
323,308
324,308
325,308
326,308
327,308
642,308
643,308
681,308
682,308
683,308
684,308
685,308
686,308
687,308
688,308
689,308
690,308
691,308
692,308
693,308
694,308
766,308
767,308
768,308
769,308
924,308
1019,308
1020,308
1021,308
1022,308
1023,308
0,309
1,309
2,309
3,309
4,309
5,309
6,309
7,309
8,309
65,309
66,309
67,309
68,309
69,309
73,309
74,309
75,309
76,309
98,309
106,309
107,309
108,309
109,309
110,309
111,309
266,309
267,309
268,309
269,309
270,309
271,309
275,309
276,309
277,309
278,309
279,309
280,309
281,309
282,309
283,309
284,309
285,309
286,309
287,309
288,309
289,309
290,309
291,309
292,309
293,309
294,309
295,309
296,309
297,309
298,309
299,309
300,309
301,309
302,309
303,309
304,309
322,309
323,309
324,309
325,309
326,309
327,309
328,309
679,309
680,309
681,309
682,309
683,309
684,309
685,309
686,309
687,309
764,309
765,309
766,309
767,309
833,309
924,309
1011,309
1019,309
1020,309
1021,309
1022,309
1023,309
0,310
1,310
2,310
3,310
4,310
5,310
6,310
7,310
8,310
9,310
65,310
66,310
67,310
68,310
73,310
74,310
75,310
76,310
97,310
98,310
99,310
106,310
107,310
108,310
109,310
110,310
111,310
140,310
266,310
267,310
268,310
269,310
270,310
271,310
272,310
273,310
274,310
275,310
276,310
277,310
278,310
279,310
280,310
281,310
282,310
283,310
284,310
285,310
286,310
287,310
288,310
289,310
290,310
291,310
292,310
293,310
294,310
295,310
296,310
297,310
322,310
323,310
324,310
325,310
326,310
327,310
328,310
676,310
677,310
678,310
679,310
680,310
681,310
682,310
683,310
684,310
763,310
764,310
765,310
766,310
831,310
832,310
833,310
1022,310
1023,310
0,311
1,311
2,311
3,311
4,311
5,311
6,311
7,311
8,311
67,311
68,311
73,311
74,311
75,311
76,311
97,311
98,311
99,311
106,311
107,311
108,311
109,311
110,311
111,311
140,311
141,311
267,311
268,311
269,311
270,311
271,311
272,311
273,311
274,311
275,311
276,311
277,311
278,311
279,311
280,311
281,311
282,311
283,311
284,311
285,311
286,311
287,311
288,311
289,311
322,311
323,311
324,311
325,311
326,311
327,311
328,311
673,311
674,311
675,311
676,311
677,311
678,311
679,311
680,311
709,311
710,311
763,311
764,311
765,311
766,311
831,311
832,311
833,311
921,311
922,311
923,311
924,311
1022,311
1023,311
0,312
1,312
2,312
3,312
4,312
5,312
6,312
7,312
8,312
67,312
68,312
69,312
70,312
73,312
74,312
75,312
76,312
77,312
78,312
99,312
106,312
107,312
108,312
109,312
110,312
111,312
141,312
268,312
269,312
270,312
271,312
272,312
273,312
274,312
275,312
276,312
323,312
324,312
325,312
326,312
327,312
328,312
329,312
670,312
671,312
672,312
673,312
674,312
675,312
676,312
677,312
678,312
679,312
708,312
709,312
710,312
763,312
764,312
765,312
766,312
920,312
921,312
922,312
1022,312
1023,312
0,313
1,313
2,313
3,313
4,313
5,313
6,313
7,313
8,313
67,313
68,313
69,313
74,313
75,313
76,313
77,313
78,313
85,313
86,313
106,313
107,313
108,313
109,313
110,313
111,313
142,313
143,313
270,313
271,313
272,313
273,313
274,313
324,313
325,313
326,313
327,313
328,313
329,313
667,313
668,313
669,313
670,313
671,313
672,313
673,313
674,313
675,313
676,313
708,313
709,313
764,313
765,313
766,313
831,313
832,313
919,313
920,313
921,313
1021,313
1022,313
1023,313
0,314
1,314
2,314
3,314
4,314
5,314
6,314
7,314
8,314
75,314
76,314
77,314
78,314
85,314
86,314
87,314
106,314
107,314
108,314
109,314
110,314
111,314
142,314
143,314
269,314
270,314
271,314
272,314
273,314
274,314
324,314
325,314
326,314
327,314
328,314
329,314
665,314
666,314
667,314
668,314
669,314
670,314
671,314
672,314
673,314
674,314
708,314
744,314
745,314
764,314
765,314
766,314
831,314
832,314
917,314
918,314
919,314
920,314
1021,314
1022,314
1023,314
0,315
1,315
2,315
3,315
4,315
5,315
6,315
7,315
8,315
75,315
76,315
77,315
78,315
79,315
86,315
106,315
107,315
108,315
109,315
110,315
111,315
143,315
268,315
269,315
270,315
271,315
272,315
273,315
274,315
325,315
326,315
327,315
328,315
329,315
330,315
331,315
663,315
664,315
665,315
666,315
667,315
668,315
669,315
670,315
671,315
672,315
743,315
744,315
764,315
765,315
766,315
831,315
832,315
917,315
1021,315
1022,315
1023,315
0,316
1,316
2,316
3,316
4,316
5,316
6,316
7,316
8,316
70,316
71,316
75,316
76,316
77,316
78,316
79,316
84,316
86,316
87,316
106,316
107,316
108,316
109,316
110,316
111,316
267,316
268,316
269,316
270,316
271,316
272,316
273,316
325,316
326,316
327,316
328,316
329,316
330,316
331,316
332,316
661,316
662,316
663,316
664,316
665,316
666,316
667,316
668,316
669,316
742,316
743,316
764,316
765,316
766,316
831,316
1021,316
1022,316
1023,316
0,317
1,317
2,317
3,317
4,317
5,317
6,317
7,317
8,317
71,317
72,317
76,317
77,317
78,317
79,317
83,317
84,317
106,317
107,317
108,317
109,317
110,317
111,317
266,317
267,317
268,317
269,317
270,317
271,317
272,317
327,317
328,317
329,317
330,317
331,317
332,317
333,317
660,317
661,317
662,317
663,317
664,317
665,317
666,317
667,317
741,317
742,317
750,317
751,317
752,317
764,317
765,317
766,317
1021,317
1022,317
1023,317
0,318
1,318
2,318
3,318
4,318
5,318
6,318
7,318
8,318
70,318
71,318
72,318
73,318
76,318
77,318
78,318
79,318
82,318
83,318
84,318
106,318
107,318
108,318
109,318
110,318
111,318
266,318
267,318
268,318
269,318
270,318
271,318
328,318
329,318
330,318
331,318
332,318
333,318
659,318
660,318
661,318
662,318
663,318
664,318
665,318
739,318
740,318
748,318
749,318
750,318
751,318
764,318
765,318
913,318
914,318
915,318
1022,318
1023,318
0,319
1,319
2,319
3,319
4,319
5,319
6,319
7,319
8,319
71,319
72,319
73,319
76,319
77,319
78,319
79,319
82,319
83,319
84,319
106,319
107,319
108,319
109,319
110,319
111,319
265,319
266,319
267,319
268,319
269,319
270,319
271,319
329,319
330,319
331,319
332,319
333,319
657,319
658,319
659,319
660,319
661,319
662,319
663,319
664,319
735,319
736,319
738,319
739,319
746,319
747,319
748,319
749,319
750,319
910,319
911,319
912,319
913,319
914,319
915,319
1022,319
1023,319
0,320
1,320
2,320
3,320
4,320
5,320
6,320
7,320
8,320
72,320
73,320
83,320
106,320
107,320
108,320
109,320
110,320
111,320
265,320
266,320
267,320
268,320
269,320
270,320
271,320
329,320
330,320
331,320
332,320
333,320
334,320
581,320
582,320
583,320
655,320
656,320
657,320
658,320
659,320
660,320
661,320
662,320
733,320
734,320
735,320
736,320
745,320
746,320
747,320
748,320
910,320
911,320
912,320
1022,320
1023,320
0,321
1,321
2,321
3,321
4,321
5,321
6,321
7,321
8,321
9,321
71,321
72,321
73,321
106,321
107,321
108,321
109,321
110,321
111,321
264,321
265,321
266,321
267,321
268,321
269,321
270,321
329,321
330,321
331,321
332,321
333,321
334,321
581,321
582,321
583,321
653,321
654,321
655,321
656,321
657,321
658,321
659,321
732,321
733,321
734,321
735,321
744,321
745,321
746,321
747,321
909,321
910,321
911,321
1021,321
1022,321
1023,321
0,322
1,322
2,322
3,322
4,322
5,322
6,322
7,322
8,322
71,322
72,322
73,322
106,322
107,322
108,322
109,322
110,322
111,322
263,322
264,322
265,322
266,322
267,322
268,322
269,322
329,322
330,322
331,322
332,322
333,322
334,322
335,322
651,322
652,322
653,322
654,322
655,322
656,322
657,322
658,322
732,322
733,322
734,322
742,322
743,322
744,322
745,322
908,322
909,322
910,322
1021,322
1022,322
1023,322
0,323
1,323
2,323
3,323
4,323
5,323
6,323
7,323
8,323
72,323
73,323
106,323
107,323
108,323
109,323
110,323
111,323
262,323
263,323
264,323
265,323
266,323
267,323
268,323
330,323
331,323
332,323
333,323
334,323
335,323
651,323
652,323
653,323
654,323
655,323
656,323
657,323
730,323
731,323
732,323
733,323
740,323
741,323
742,323
743,323
744,323
908,323
909,323
910,323
1021,323
1022,323
1023,323
0,324
1,324
2,324
3,324
4,324
5,324
6,324
7,324
8,324
72,324
73,324
74,324
75,324
106,324
107,324
108,324
109,324
110,324
111,324
262,324
263,324
264,324
265,324
266,324
267,324
331,324
332,324
333,324
334,324
335,324
650,324
651,324
652,324
653,324
654,324
655,324
656,324
739,324
740,324
741,324
742,324
909,324
1021,324
1022,324
1023,324
0,325
1,325
2,325
3,325
4,325
5,325
6,325
7,325
8,325
72,325
73,325
74,325
75,325
106,325
107,325
108,325
109,325
110,325
111,325
261,325
262,325
263,325
264,325
265,325
266,325
267,325
331,325
332,325
333,325
334,325
335,325
336,325
586,325
587,325
588,325
648,325
649,325
650,325
651,325
652,325
653,325
654,325
725,325
726,325
727,325
738,325
739,325
740,325
741,325
742,325
909,325
1021,325
1022,325
1023,325
0,326
1,326
2,326
3,326
4,326
5,326
6,326
7,326
8,326
9,326
17,326
72,326
73,326
74,326
75,326
106,326
107,326
108,326
109,326
110,326
111,326
260,326
261,326
262,326
263,326
264,326
265,326
266,326
331,326
332,326
333,326
334,326
335,326
336,326
588,326
589,326
646,326
647,326
648,326
649,326
650,326
651,326
652,326
653,326
725,326
726,326
953,326
954,326
1021,326
1022,326
1023,326
0,327
1,327
2,327
3,327
4,327
5,327
6,327
7,327
8,327
72,327
73,327
74,327
106,327
107,327
108,327
109,327
110,327
111,327
259,327
260,327
261,327
262,327
263,327
264,327
265,327
266,327
331,327
332,327
333,327
334,327
335,327
336,327
589,327
590,327
591,327
645,327
646,327
647,327
648,327
649,327
650,327
651,327
734,327
735,327
736,327
1021,327
1022,327
1023,327
0,328
1,328
2,328
3,328
4,328
5,328
6,328
7,328
8,328
106,328
107,328
108,328
109,328
110,328
111,328
112,328
259,328
260,328
261,328
262,328
263,328
264,328
331,328
332,328
333,328
334,328
335,328
336,328
590,328
591,328
644,328
645,328
646,328
647,328
648,328
649,328
721,328
722,328
734,328
1021,328
1022,328
1023,328
0,329
1,329
2,329
3,329
4,329
5,329
6,329
7,329
8,329
107,329
108,329
109,329
110,329
111,329
112,329
113,329
114,329
258,329
259,329
260,329
261,329
262,329
263,329
331,329
332,329
333,329
334,329
335,329
336,329
590,329
591,329
592,329
642,329
643,329
644,329
645,329
646,329
647,329
648,329
720,329
721,329
722,329
1021,329
1022,329
1023,329
0,330
1,330
2,330
3,330
4,330
5,330
6,330
7,330
8,330
108,330
109,330
110,330
111,330
112,330
113,330
114,330
256,330
257,330
258,330
259,330
260,330
261,330
262,330
331,330
332,330
333,330
334,330
335,330
336,330
640,330
641,330
642,330
643,330
644,330
645,330
646,330
647,330
720,330
721,330
722,330
1021,330
1022,330
1023,330
0,331
1,331
2,331
3,331
4,331
5,331
6,331
7,331
8,331
109,331
110,331
111,331
112,331
113,331
114,331
254,331
255,331
256,331
257,331
258,331
259,331
260,331
261,331
262,331
331,331
332,331
333,331
334,331
335,331
336,331
337,331
639,331
640,331
641,331
642,331
643,331
644,331
645,331
720,331
721,331
1021,331
1022,331
1023,331
0,332
1,332
2,332
3,332
4,332
5,332
6,332
7,332
8,332
109,332
110,332
111,332
112,332
113,332
114,332
115,332
254,332
255,332
256,332
257,332
258,332
259,332
260,332
331,332
332,332
333,332
334,332
335,332
336,332
337,332
629,332
638,332
639,332
640,332
641,332
642,332
643,332
644,332
720,332
721,332
915,332
916,332
1021,332
1022,332
1023,332
0,333
1,333
2,333
3,333
4,333
5,333
6,333
7,333
8,333
110,333
111,333
112,333
113,333
114,333
115,333
153,333
253,333
254,333
255,333
256,333
257,333
258,333
259,333
332,333
333,333
334,333
335,333
336,333
337,333
629,333
632,333
633,333
637,333
638,333
639,333
640,333
641,333
642,333
720,333
721,333
914,333
1022,333
1023,333
0,334
1,334
2,334
3,334
4,334
5,334
6,334
7,334
8,334
110,334
111,334
112,334
113,334
114,334
115,334
116,334
253,334
254,334
255,334
256,334
257,334
258,334
332,334
333,334
334,334
335,334
336,334
337,334
636,334
637,334
638,334
639,334
640,334
641,334
720,334
1022,334
1023,334
0,335
1,335
2,335
3,335
4,335
5,335
6,335
7,335
8,335
111,335
112,335
113,335
114,335
115,335
116,335
117,335
252,335
253,335
254,335
255,335
256,335
257,335
332,335
333,335
334,335
335,335
336,335
337,335
635,335
636,335
637,335
638,335
639,335
640,335
1022,335
1023,335
0,336
1,336
2,336
3,336
4,336
5,336
6,336
7,336
8,336
111,336
112,336
113,336
114,336
115,336
116,336
117,336
118,336
251,336
252,336
253,336
254,336
255,336
256,336
332,336
333,336
334,336
335,336
336,336
337,336
632,336
633,336
634,336
635,336
636,336
637,336
638,336
639,336
1022,336
1023,336
0,337
1,337
2,337
3,337
4,337
5,337
6,337
7,337
8,337
113,337
114,337
115,337
116,337
117,337
118,337
119,337
250,337
251,337
252,337
253,337
254,337
255,337
332,337
333,337
334,337
335,337
336,337
337,337
631,337
632,337
633,337
634,337
635,337
636,337
637,337
638,337
687,337
688,337
1022,337
1023,337
0,338
1,338
2,338
3,338
4,338
5,338
6,338
7,338
8,338
114,338
115,338
116,338
117,338
118,338
119,338
249,338
250,338
251,338
252,338
253,338
254,338
332,338
333,338
334,338
335,338
336,338
337,338
630,338
631,338
632,338
633,338
634,338
635,338
636,338
637,338
1022,338
1023,338
0,339
1,339
2,339
3,339
4,339
5,339
6,339
7,339
8,339
114,339
115,339
116,339
117,339
118,339
119,339
248,339
249,339
250,339
251,339
252,339
253,339
254,339
333,339
334,339
335,339
336,339
337,339
338,339
629,339
630,339
631,339
632,339
633,339
634,339
635,339
899,339
900,339
1022,339
1023,339
0,340
1,340
2,340
3,340
4,340
5,340
6,340
7,340
8,340
115,340
116,340
117,340
118,340
119,340
120,340
247,340
248,340
249,340
250,340
251,340
252,340
253,340
254,340
334,340
335,340
336,340
337,340
338,340
339,340
628,340
629,340
630,340
631,340
632,340
633,340
634,340
1022,340
1023,340
0,341
1,341
2,341
3,341
4,341
5,341
6,341
7,341
8,341
115,341
116,341
117,341
118,341
119,341
120,341
121,341
153,341
247,341
248,341
249,341
250,341
251,341
252,341
253,341
334,341
335,341
336,341
337,341
338,341
339,341
627,341
628,341
629,341
630,341
631,341
632,341
1022,341
1023,341
0,342
1,342
2,342
3,342
4,342
5,342
6,342
7,342
8,342
117,342
118,342
119,342
120,342
121,342
122,342
223,342
245,342
246,342
247,342
248,342
249,342
250,342
251,342
252,342
334,342
335,342
336,342
337,342
338,342
339,342
608,342
626,342
627,342
628,342
629,342
630,342
631,342
632,342
714,342
715,342
1022,342
1023,342
0,343
1,343
2,343
3,343
4,343
5,343
6,343
7,343
8,343
117,343
118,343
119,343
120,343
121,343
122,343
123,343
223,343
224,343
225,343
243,343
244,343
245,343
246,343
247,343
248,343
249,343
250,343
251,343
335,343
336,343
337,343
338,343
339,343
340,343
607,343
608,343
609,343
624,343
625,343
626,343
627,343
628,343
629,343
630,343
631,343
713,343
714,343
715,343
1022,343
1023,343
0,344
1,344
2,344
3,344
4,344
5,344
6,344
7,344
8,344
9,344
118,344
119,344
120,344
121,344
122,344
123,344
242,344
243,344
244,344
245,344
246,344
247,344
248,344
249,344
335,344
336,344
337,344
338,344
339,344
340,344
607,344
608,344
609,344
610,344
623,344
624,344
625,344
626,344
627,344
628,344
629,344
630,344
712,344
713,344
1022,344
1023,344
0,345
1,345
2,345
3,345
4,345
5,345
6,345
7,345
8,345
9,345
119,345
120,345
121,345
122,345
123,345
124,345
241,345
242,345
243,345
244,345
245,345
246,345
247,345
248,345
335,345
336,345
337,345
338,345
339,345
340,345
341,345
608,345
609,345
610,345
623,345
624,345
625,345
626,345
627,345
628,345
712,345
1022,345
1023,345
0,346
1,346
2,346
3,346
4,346
5,346
6,346
7,346
8,346
9,346
120,346
121,346
122,346
123,346
124,346
125,346
126,346
239,346
240,346
241,346
242,346
243,346
244,346
245,346
246,346
247,346
336,346
337,346
338,346
339,346
340,346
341,346
609,346
610,346
622,346
623,346
624,346
625,346
626,346
1022,346
1023,346
0,347
1,347
2,347
3,347
4,347
5,347
6,347
7,347
8,347
120,347
121,347
122,347
123,347
124,347
125,347
126,347
237,347
238,347
239,347
240,347
241,347
242,347
243,347
244,347
245,347
246,347
337,347
338,347
339,347
340,347
341,347
342,347
610,347
611,347
621,347
622,347
623,347
624,347
625,347
716,347
1022,347
1023,347
0,348
1,348
2,348
3,348
4,348
5,348
6,348
7,348
8,348
121,348
122,348
123,348
124,348
125,348
126,348
127,348
235,348
236,348
237,348
238,348
239,348
240,348
241,348
242,348
243,348
337,348
338,348
339,348
340,348
341,348
342,348
343,348
612,348
613,348
619,348
620,348
621,348
622,348
623,348
624,348
1022,348
1023,348
0,349
1,349
2,349
3,349
4,349
5,349
6,349
7,349
8,349
122,349
123,349
124,349
125,349
126,349
127,349
231,349
232,349
233,349
234,349
235,349
236,349
237,349
238,349
239,349
240,349
241,349
242,349
338,349
339,349
340,349
341,349
342,349
343,349
344,349
345,349
612,349
613,349
614,349
616,349
617,349
618,349
619,349
620,349
621,349
622,349
623,349
1022,349
1023,349
0,350
1,350
2,350
3,350
4,350
5,350
6,350
7,350
8,350
122,350
123,350
124,350
125,350
126,350
127,350
228,350
229,350
230,350
231,350
232,350
233,350
234,350
235,350
236,350
237,350
238,350
239,350
339,350
340,350
341,350
342,350
343,350
344,350
345,350
612,350
613,350
614,350
615,350
616,350
617,350
618,350
619,350
620,350
621,350
622,350
1022,350
1023,350
0,351
1,351
2,351
3,351
4,351
5,351
6,351
7,351
8,351
122,351
123,351
124,351
125,351
126,351
127,351
128,351
223,351
224,351
225,351
226,351
227,351
228,351
229,351
230,351
231,351
232,351
233,351
234,351
235,351
236,351
237,351
339,351
340,351
341,351
342,351
343,351
344,351
345,351
612,351
613,351
614,351
615,351
616,351
617,351
618,351
619,351
620,351
1022,351
1023,351
0,352
1,352
2,352
3,352
4,352
5,352
6,352
7,352
8,352
123,352
124,352
125,352
126,352
127,352
128,352
219,352
220,352
221,352
222,352
223,352
224,352
225,352
226,352
227,352
228,352
229,352
230,352
231,352
232,352
233,352
340,352
341,352
342,352
343,352
344,352
345,352
346,352
347,352
612,352
613,352
614,352
615,352
616,352
617,352
618,352
619,352
1022,352
1023,352
0,353
1,353
2,353
3,353
4,353
5,353
6,353
7,353
8,353
124,353
125,353
126,353
127,353
128,353
129,353
215,353
216,353
217,353
218,353
219,353
220,353
221,353
222,353
223,353
224,353
225,353
226,353
227,353
228,353
229,353
341,353
342,353
343,353
344,353
345,353
346,353
347,353
348,353
349,353
611,353
612,353
613,353
614,353
615,353
616,353
617,353
1022,353
1023,353
0,354
1,354
2,354
3,354
4,354
5,354
6,354
7,354
8,354
124,354
125,354
126,354
127,354
128,354
129,354
130,354
212,354
213,354
214,354
215,354
216,354
217,354
218,354
219,354
220,354
221,354
222,354
223,354
224,354
225,354
343,354
344,354
345,354
346,354
347,354
348,354
349,354
350,354
609,354
610,354
611,354
612,354
613,354
614,354
615,354
616,354
1022,354
1023,354
0,355
1,355
2,355
3,355
4,355
5,355
6,355
7,355
8,355
125,355
126,355
127,355
128,355
129,355
130,355
131,355
206,355
207,355
208,355
209,355
210,355
211,355
212,355
213,355
214,355
215,355
216,355
217,355
218,355
219,355
220,355
221,355
344,355
345,355
346,355
347,355
348,355
349,355
350,355
351,355
608,355
609,355
610,355
611,355
612,355
613,355
614,355
615,355
616,355
617,355
1022,355
1023,355
0,356
1,356
2,356
3,356
4,356
5,356
6,356
7,356
8,356
126,356
127,356
128,356
129,356
130,356
131,356
132,356
199,356
200,356
201,356
202,356
203,356
204,356
205,356
206,356
207,356
208,356
209,356
210,356
211,356
212,356
213,356
214,356
215,356
216,356
346,356
347,356
348,356
349,356
350,356
351,356
352,356
607,356
608,356
609,356
610,356
611,356
612,356
613,356
614,356
615,356
616,356
617,356
618,356
1023,356
0,357
1,357
2,357
3,357
4,357
5,357
6,357
7,357
8,357
127,357
128,357
129,357
130,357
131,357
132,357
133,357
181,357
182,357
183,357
184,357
185,357
186,357
187,357
188,357
189,357
190,357
191,357
192,357
193,357
194,357
195,357
196,357
197,357
198,357
199,357
200,357
201,357
202,357
203,357
204,357
205,357
206,357
207,357
208,357
209,357
210,357
211,357
212,357
213,357
347,357
348,357
349,357
350,357
351,357
352,357
605,357
606,357
607,357
608,357
609,357
610,357
611,357
612,357
613,357
614,357
615,357
616,357
617,357
618,357
1023,357
0,358
1,358
2,358
3,358
4,358
5,358
6,358
7,358
8,358
129,358
130,358
131,358
132,358
133,358
134,358
135,358
167,358
168,358
169,358
170,358
171,358
172,358
173,358
174,358
175,358
176,358
177,358
178,358
179,358
180,358
181,358
182,358
183,358
184,358
185,358
186,358
187,358
188,358
189,358
190,358
191,358
192,358
193,358
194,358
195,358
196,358
197,358
198,358
199,358
200,358
201,358
202,358
203,358
204,358
205,358
206,358
207,358
208,358
209,358
210,358
348,358
349,358
350,358
351,358
352,358
353,358
603,358
604,358
605,358
606,358
607,358
608,358
609,358
610,358
611,358
617,358
618,358
1023,358
0,359
1,359
2,359
3,359
4,359
5,359
6,359
7,359
8,359
130,359
131,359
132,359
133,359
134,359
135,359
136,359
137,359
151,359
152,359
153,359
154,359
155,359
156,359
157,359
158,359
159,359
160,359
161,359
162,359
163,359
164,359
165,359
166,359
167,359
168,359
169,359
170,359
171,359
172,359
173,359
174,359
175,359
176,359
177,359
178,359
179,359
180,359
181,359
182,359
183,359
184,359
185,359
186,359
187,359
188,359
189,359
190,359
191,359
192,359
193,359
194,359
195,359
196,359
197,359
198,359
199,359
200,359
349,359
350,359
351,359
352,359
353,359
354,359
355,359
602,359
603,359
604,359
605,359
606,359
607,359
608,359
609,359
1023,359
0,360
1,360
2,360
3,360
4,360
5,360
6,360
7,360
8,360
131,360
132,360
133,360
134,360
135,360
136,360
137,360
138,360
139,360
140,360
141,360
142,360
143,360
144,360
145,360
146,360
147,360
148,360
149,360
150,360
151,360
152,360
153,360
154,360
155,360
156,360
157,360
158,360
159,360
160,360
161,360
162,360
163,360
164,360
165,360
166,360
167,360
168,360
169,360
170,360
171,360
172,360
173,360
174,360
175,360
176,360
177,360
178,360
179,360
180,360
181,360
182,360
183,360
184,360
185,360
186,360
187,360
188,360
189,360
190,360
191,360
192,360
193,360
194,360
195,360
350,360
351,360
352,360
353,360
354,360
355,360
356,360
600,360
601,360
602,360
603,360
604,360
605,360
606,360
607,360
1023,360
0,361
1,361
2,361
3,361
4,361
5,361
6,361
7,361
8,361
9,361
132,361
133,361
134,361
135,361
136,361
137,361
138,361
139,361
140,361
141,361
142,361
143,361
144,361
145,361
146,361
147,361
148,361
149,361
150,361
151,361
152,361
153,361
154,361
155,361
156,361
157,361
158,361
159,361
160,361
161,361
162,361
163,361
164,361
165,361
166,361
167,361
168,361
351,361
352,361
353,361
354,361
355,361
356,361
357,361
358,361
599,361
600,361
601,361
602,361
603,361
604,361
605,361
606,361
1023,361
0,362
1,362
2,362
3,362
4,362
5,362
6,362
7,362
8,362
9,362
134,362
135,362
136,362
137,362
138,362
139,362
140,362
141,362
142,362
143,362
144,362
145,362
146,362
147,362
148,362
149,362
150,362
151,362
152,362
153,362
154,362
353,362
354,362
355,362
356,362
357,362
358,362
359,362
360,362
598,362
599,362
600,362
601,362
602,362
603,362
604,362
605,362
1023,362
0,363
1,363
2,363
3,363
4,363
5,363
6,363
7,363
8,363
9,363
354,363
355,363
356,363
357,363
358,363
359,363
360,363
361,363
597,363
598,363
599,363
600,363
601,363
602,363
603,363
604,363
1023,363
0,364
1,364
2,364
3,364
4,364
5,364
6,364
7,364
8,364
9,364
355,364
356,364
357,364
358,364
359,364
360,364
361,364
596,364
597,364
598,364
599,364
600,364
601,364
602,364
603,364
1021,364
1022,364
1023,364
0,365
1,365
2,365
3,365
4,365
5,365
6,365
7,365
8,365
9,365
357,365
358,365
359,365
360,365
361,365
362,365
595,365
596,365
597,365
598,365
599,365
600,365
0,366
1,366
2,366
3,366
4,366
5,366
6,366
7,366
8,366
9,366
357,366
358,366
359,366
360,366
361,366
362,366
363,366
594,366
595,366
596,366
597,366
598,366
599,366
600,366
626,366
0,367
1,367
2,367
3,367
4,367
5,367
6,367
7,367
8,367
357,367
358,367
359,367
360,367
361,367
362,367
363,367
364,367
593,367
594,367
595,367
596,367
597,367
598,367
599,367
0,368
1,368
2,368
3,368
4,368
5,368
6,368
7,368
8,368
358,368
359,368
360,368
361,368
362,368
363,368
364,368
593,368
594,368
595,368
596,368
597,368
598,368
599,368
0,369
1,369
2,369
3,369
4,369
5,369
6,369
7,369
8,369
24,369
25,369
26,369
359,369
360,369
361,369
362,369
363,369
364,369
365,369
592,369
593,369
594,369
595,369
596,369
597,369
0,370
1,370
2,370
3,370
4,370
5,370
6,370
7,370
360,370
361,370
362,370
363,370
364,370
365,370
366,370
590,370
591,370
592,370
593,370
594,370
595,370
0,371
1,371
2,371
3,371
4,371
5,371
6,371
7,371
8,371
361,371
362,371
363,371
364,371
365,371
366,371
589,371
590,371
591,371
592,371
593,371
594,371
595,371
0,372
1,372
2,372
3,372
4,372
5,372
6,372
7,372
8,372
362,372
363,372
364,372
365,372
366,372
367,372
439,372
440,372
441,372
442,372
443,372
444,372
445,372
446,372
447,372
448,372
449,372
450,372
451,372
452,372
453,372
454,372
455,372
456,372
457,372
458,372
459,372
460,372
461,372
462,372
463,372
464,372
465,372
466,372
467,372
468,372
469,372
470,372
471,372
472,372
473,372
474,372
475,372
476,372
477,372
478,372
479,372
480,372
481,372
482,372
483,372
484,372
485,372
486,372
487,372
488,372
489,372
490,372
491,372
492,372
493,372
494,372
495,372
496,372
497,372
498,372
499,372
500,372
501,372
502,372
503,372
504,372
505,372
506,372
507,372
508,372
509,372
510,372
511,372
512,372
513,372
514,372
515,372
516,372
587,372
588,372
589,372
590,372
591,372
592,372
593,372
594,372
0,373
1,373
2,373
3,373
4,373
5,373
6,373
7,373
8,373
363,373
364,373
365,373
366,373
367,373
368,373
433,373
434,373
435,373
436,373
437,373
438,373
439,373
440,373
441,373
442,373
443,373
444,373
445,373
446,373
447,373
448,373
449,373
450,373
451,373
452,373
453,373
454,373
455,373
456,373
457,373
458,373
459,373
460,373
461,373
462,373
463,373
464,373
465,373
466,373
467,373
468,373
469,373
470,373
471,373
472,373
473,373
474,373
475,373
476,373
477,373
478,373
479,373
480,373
481,373
482,373
483,373
484,373
485,373
486,373
487,373
488,373
489,373
490,373
491,373
492,373
493,373
494,373
495,373
496,373
497,373
498,373
499,373
500,373
501,373
502,373
503,373
504,373
505,373
506,373
507,373
508,373
509,373
510,373
511,373
512,373
513,373
514,373
515,373
516,373
517,373
518,373
519,373
520,373
586,373
587,373
588,373
589,373
590,373
591,373
592,373
593,373
0,374
1,374
2,374
3,374
4,374
5,374
6,374
7,374
8,374
364,374
365,374
366,374
367,374
368,374
369,374
430,374
431,374
432,374
433,374
434,374
435,374
436,374
437,374
438,374
439,374
440,374
441,374
442,374
443,374
444,374
445,374
446,374
447,374
448,374
449,374
450,374
451,374
452,374
453,374
454,374
455,374
456,374
457,374
458,374
459,374
460,374
461,374
462,374
463,374
464,374
465,374
466,374
467,374
468,374
469,374
470,374
471,374
472,374
473,374
474,374
475,374
476,374
477,374
478,374
479,374
480,374
481,374
482,374
483,374
484,374
485,374
486,374
487,374
488,374
489,374
490,374
491,374
492,374
493,374
494,374
495,374
496,374
497,374
498,374
499,374
500,374
501,374
502,374
503,374
504,374
505,374
506,374
507,374
508,374
509,374
510,374
511,374
512,374
513,374
514,374
515,374
516,374
517,374
518,374
519,374
520,374
521,374
522,374
523,374
585,374
586,374
587,374
588,374
589,374
590,374
591,374
592,374
0,375
1,375
2,375
3,375
4,375
5,375
6,375
7,375
8,375
365,375
366,375
367,375
368,375
369,375
370,375
428,375
429,375
430,375
431,375
432,375
433,375
434,375
435,375
436,375
437,375
438,375
439,375
440,375
441,375
442,375
443,375
444,375
445,375
446,375
447,375
470,375
471,375
472,375
473,375
474,375
475,375
476,375
477,375
478,375
479,375
480,375
481,375
482,375
483,375
484,375
485,375
486,375
487,375
488,375
489,375
490,375
491,375
492,375
493,375
494,375
495,375
496,375
497,375
498,375
499,375
500,375
501,375
502,375
503,375
504,375
505,375
506,375
507,375
508,375
509,375
510,375
511,375
512,375
513,375
514,375
515,375
516,375
517,375
518,375
519,375
520,375
521,375
522,375
523,375
524,375
525,375
526,375
584,375
585,375
586,375
587,375
588,375
589,375
590,375
0,376
1,376
2,376
3,376
4,376
5,376
6,376
7,376
8,376
365,376
366,376
367,376
368,376
369,376
370,376
371,376
372,376
426,376
427,376
428,376
429,376
430,376
431,376
432,376
433,376
434,376
435,376
436,376
519,376
520,376
521,376
522,376
523,376
524,376
525,376
526,376
527,376
528,376
529,376
583,376
584,376
585,376
586,376
587,376
588,376
651,376
0,377
1,377
2,377
3,377
4,377
5,377
6,377
7,377
366,377
367,377
368,377
369,377
370,377
371,377
372,377
373,377
425,377
426,377
427,377
428,377
429,377
430,377
431,377
432,377
522,377
523,377
524,377
525,377
526,377
527,377
528,377
529,377
530,377
531,377
532,377
533,377
582,377
583,377
584,377
585,377
586,377
587,377
588,377
0,378
1,378
2,378
3,378
4,378
5,378
6,378
7,378
368,378
369,378
370,378
371,378
372,378
373,378
424,378
425,378
426,378
427,378
428,378
429,378
430,378
526,378
527,378
528,378
529,378
530,378
531,378
532,378
533,378
534,378
535,378
536,378
581,378
582,378
583,378
584,378
585,378
586,378
587,378
0,379
1,379
2,379
3,379
4,379
5,379
6,379
7,379
369,379
370,379
371,379
372,379
373,379
374,379
423,379
424,379
425,379
426,379
427,379
428,379
429,379
528,379
529,379
530,379
531,379
532,379
533,379
534,379
535,379
536,379
537,379
538,379
539,379
540,379
541,379
580,379
581,379
582,379
583,379
584,379
585,379
586,379
0,380
1,380
2,380
3,380
4,380
5,380
6,380
7,380
369,380
370,380
371,380
372,380
373,380
374,380
422,380
423,380
424,380
425,380
426,380
427,380
428,380
531,380
532,380
533,380
534,380
535,380
536,380
537,380
538,380
539,380
540,380
541,380
542,380
543,380
544,380
580,380
581,380
582,380
583,380
584,380
585,380
586,380
0,381
1,381
2,381
3,381
4,381
5,381
6,381
7,381
369,381
370,381
371,381
372,381
373,381
374,381
375,381
420,381
421,381
422,381
423,381
424,381
425,381
426,381
427,381
535,381
536,381
537,381
538,381
539,381
540,381
541,381
542,381
543,381
544,381
545,381
546,381
547,381
548,381
579,381
580,381
581,381
582,381
583,381
584,381
585,381
0,382
1,382
2,382
3,382
4,382
5,382
6,382
7,382
8,382
370,382
371,382
372,382
373,382
374,382
375,382
376,382
419,382
420,382
421,382
422,382
423,382
424,382
425,382
539,382
540,382
541,382
542,382
543,382
544,382
545,382
546,382
547,382
548,382
549,382
550,382
551,382
578,382
579,382
580,382
581,382
582,382
583,382
584,382
585,382
0,383
1,383
2,383
3,383
4,383
5,383
6,383
7,383
8,383
372,383
373,383
374,383
375,383
376,383
377,383
418,383
419,383
420,383
421,383
422,383
423,383
424,383
543,383
544,383
545,383
546,383
547,383
548,383
549,383
550,383
551,383
552,383
578,383
579,383
580,383
581,383
582,383
583,383
584,383
0,384
1,384
2,384
3,384
4,384
5,384
6,384
7,384
80,384
373,384
374,384
375,384
376,384
377,384
378,384
417,384
418,384
419,384
420,384
421,384
422,384
423,384
546,384
547,384
548,384
549,384
550,384
551,384
552,384
553,384
554,384
576,384
577,384
578,384
579,384
580,384
581,384
582,384
0,385
1,385
2,385
3,385
4,385
5,385
6,385
7,385
76,385
77,385
78,385
79,385
80,385
83,385
374,385
375,385
376,385
377,385
378,385
379,385
380,385
381,385
416,385
417,385
418,385
419,385
420,385
421,385
422,385
548,385
549,385
550,385
551,385
552,385
553,385
554,385
555,385
556,385
574,385
575,385
576,385
577,385
578,385
579,385
580,385
581,385
0,386
1,386
2,386
3,386
4,386
5,386
6,386
7,386
58,386
59,386
60,386
182,386
374,386
375,386
376,386
377,386
378,386
379,386
380,386
381,386
382,386
383,386
416,386
417,386
418,386
419,386
420,386
421,386
422,386
549,386
550,386
551,386
552,386
553,386
554,386
555,386
556,386
557,386
574,386
575,386
576,386
577,386
578,386
579,386
580,386
0,387
1,387
2,387
3,387
4,387
5,387
6,387
7,387
52,387
53,387
57,387
58,387
59,387
113,387
114,387
115,387
177,387
178,387
182,387
375,387
376,387
377,387
378,387
379,387
380,387
381,387
382,387
383,387
384,387
415,387
416,387
417,387
418,387
419,387
420,387
421,387
551,387
552,387
553,387
554,387
555,387
556,387
557,387
558,387
559,387
572,387
573,387
574,387
575,387
576,387
577,387
578,387
579,387
580,387
895,387
0,388
1,388
2,388
3,388
4,388
5,388
6,388
7,388
8,388
50,388
51,388
52,388
53,388
54,388
55,388
377,388
378,388
379,388
380,388
381,388
382,388
383,388
384,388
416,388
417,388
418,388
419,388
420,388
421,388
554,388
555,388
556,388
557,388
558,388
559,388
571,388
572,388
573,388
574,388
575,388
576,388
577,388
578,388
579,388
580,388
581,388
0,389
1,389
2,389
3,389
4,389
5,389
6,389
7,389
8,389
9,389
46,389
47,389
48,389
49,389
50,389
51,389
52,389
53,389
54,389
379,389
380,389
381,389
382,389
383,389
384,389
413,389
414,389
415,389
416,389
417,389
418,389
419,389
420,389
421,389
554,389
555,389
556,389
557,389
558,389
559,389
560,389
561,389
570,389
571,389
572,389
573,389
574,389
575,389
576,389
577,389
578,389
579,389
580,389
581,389
582,389
0,390
1,390
2,390
3,390
4,390
5,390
6,390
7,390
8,390
9,390
42,390
43,390
44,390
45,390
46,390
47,390
48,390
49,390
381,390
382,390
383,390
384,390
385,390
386,390
413,390
414,390
415,390
416,390
417,390
418,390
419,390
420,390
421,390
522,390
523,390
524,390
555,390
556,390
557,390
558,390
559,390
560,390
561,390
567,390
568,390
569,390
570,390
571,390
572,390
573,390
574,390
575,390
0,391
1,391
2,391
3,391
4,391
5,391
6,391
7,391
45,391
46,391
382,391
383,391
384,391
385,391
386,391
387,391
388,391
391,391
415,391
416,391
417,391
418,391
419,391
420,391
421,391
523,391
524,391
555,391
556,391
557,391
558,391
559,391
560,391
561,391
562,391
563,391
564,391
565,391
566,391
567,391
568,391
569,391
570,391
571,391
572,391
573,391
0,392
1,392
2,392
3,392
4,392
5,392
6,392
7,392
11,392
12,392
13,392
14,392
15,392
35,392
36,392
37,392
38,392
110,392
382,392
383,392
384,392
385,392
386,392
387,392
388,392
414,392
415,392
416,392
417,392
418,392
419,392
420,392
421,392
449,392
524,392
525,392
555,392
556,392
557,392
558,392
559,392
560,392
561,392
562,392
563,392
564,392
565,392
566,392
567,392
568,392
569,392
570,392
571,392
572,392
573,392
0,393
1,393
2,393
3,393
4,393
5,393
6,393
7,393
8,393
10,393
11,393
12,393
13,393
14,393
15,393
33,393
34,393
35,393
36,393
37,393
38,393
110,393
111,393
112,393
237,393
383,393
384,393
385,393
386,393
387,393
388,393
416,393
417,393
418,393
419,393
420,393
526,393
527,393
528,393
557,393
558,393
559,393
560,393
561,393
562,393
563,393
564,393
565,393
566,393
567,393
568,393
569,393
570,393
571,393
572,393
0,394
1,394
2,394
3,394
4,394
5,394
6,394
7,394
8,394
13,394
14,394
15,394
16,394
31,394
32,394
33,394
34,394
35,394
36,394
37,394
38,394
99,394
384,394
385,394
386,394
387,394
388,394
416,394
417,394
418,394
419,394
420,394
526,394
527,394
528,394
557,394
558,394
559,394
560,394
561,394
562,394
563,394
564,394
565,394
566,394
567,394
568,394
569,394
0,395
1,395
2,395
3,395
4,395
5,395
6,395
7,395
8,395
19,395
20,395
21,395
22,395
23,395
29,395
30,395
31,395
32,395
33,395
34,395
35,395
36,395
37,395
243,395
244,395
384,395
385,395
386,395
387,395
388,395
389,395
390,395
391,395
416,395
417,395
418,395
419,395
420,395
421,395
526,395
527,395
528,395
529,395
557,395
558,395
559,395
560,395
561,395
562,395
563,395
564,395
565,395
566,395
567,395
0,396
1,396
2,396
3,396
4,396
5,396
6,396
7,396
8,396
9,396
22,396
28,396
29,396
30,396
31,396
32,396
33,396
34,396
35,396
244,396
385,396
386,396
387,396
388,396
389,396
390,396
391,396
392,396
393,396
416,396
417,396
418,396
419,396
420,396
421,396
422,396
527,396
557,396
558,396
559,396
560,396
561,396
562,396
563,396
564,396
565,396
566,396
0,397
1,397
2,397
3,397
4,397
5,397
6,397
7,397
8,397
9,397
128,397
129,397
388,397
389,397
390,397
391,397
392,397
393,397
394,397
395,397
417,397
418,397
419,397
420,397
421,397
422,397
423,397
558,397
559,397
560,397
561,397
562,397
563,397
564,397
565,397
0,398
1,398
2,398
3,398
4,398
5,398
6,398
7,398
8,398
9,398
390,398
391,398
392,398
393,398
394,398
395,398
396,398
418,398
419,398
420,398
421,398
422,398
423,398
557,398
558,398
559,398
560,398
561,398
562,398
563,398
564,398
0,399
1,399
2,399
3,399
4,399
5,399
6,399
7,399
8,399
9,399
121,399
392,399
393,399
394,399
395,399
396,399
397,399
419,399
420,399
421,399
422,399
423,399
557,399
558,399
559,399
560,399
561,399
562,399
0,400
1,400
2,400
3,400
4,400
5,400
6,400
7,400
8,400
9,400
48,400
49,400
50,400
51,400
52,400
53,400
63,400
64,400
65,400
66,400
86,400
87,400
88,400
89,400
90,400
91,400
92,400
110,400
118,400
119,400
120,400
121,400
122,400
123,400
393,400
394,400
395,400
396,400
397,400
398,400
419,400
420,400
421,400
422,400
423,400
424,400
554,400
555,400
556,400
557,400
558,400
559,400
560,400
561,400
0,401
1,401
2,401
3,401
4,401
5,401
6,401
7,401
8,401
9,401
44,401
45,401
46,401
47,401
48,401
49,401
50,401
51,401
52,401
53,401
54,401
58,401
59,401
60,401
61,401
62,401
63,401
64,401
65,401
66,401
67,401
85,401
86,401
87,401
88,401
89,401
90,401
91,401
92,401
116,401
117,401
118,401
119,401
120,401
121,401
122,401
123,401
223,401
394,401
395,401
396,401
397,401
398,401
399,401
400,401
419,401
420,401
421,401
422,401
423,401
424,401
553,401
554,401
555,401
556,401
557,401
558,401
559,401
560,401
561,401
0,402
1,402
2,402
3,402
4,402
5,402
6,402
7,402
8,402
9,402
10,402
11,402
42,402
43,402
44,402
45,402
46,402
47,402
48,402
49,402
50,402
51,402
85,402
86,402
87,402
88,402
89,402
111,402
112,402
113,402
114,402
115,402
116,402
117,402
118,402
119,402
120,402
121,402
395,402
396,402
397,402
398,402
399,402
400,402
401,402
402,402
420,402
421,402
422,402
423,402
424,402
425,402
426,402
552,402
553,402
554,402
555,402
556,402
557,402
558,402
559,402
560,402
0,403
1,403
2,403
3,403
4,403
5,403
6,403
7,403
8,403
9,403
10,403
11,403
12,403
41,403
42,403
43,403
44,403
45,403
46,403
47,403
48,403
49,403
50,403
110,403
111,403
112,403
113,403
114,403
115,403
116,403
226,403
227,403
396,403
397,403
398,403
399,403
400,403
401,403
402,403
422,403
423,403
424,403
425,403
426,403
427,403
551,403
552,403
553,403
554,403
555,403
556,403
557,403
558,403
913,403
914,403
915,403
0,404
1,404
2,404
3,404
4,404
5,404
6,404
7,404
8,404
9,404
10,404
11,404
12,404
13,404
14,404
39,404
40,404
41,404
42,404
43,404
44,404
45,404
46,404
47,404
48,404
109,404
110,404
111,404
112,404
113,404
114,404
115,404
116,404
212,404
213,404
214,404
215,404
224,404
225,404
226,404
227,404
228,404
229,404
398,404
399,404
400,404
401,404
402,404
403,404
422,404
423,404
424,404
425,404
426,404
427,404
428,404
464,404
465,404
549,404
550,404
551,404
552,404
553,404
554,404
555,404
0,405
1,405
2,405
3,405
4,405
5,405
6,405
7,405
8,405
9,405
10,405
11,405
12,405
13,405
14,405
15,405
16,405
20,405
21,405
38,405
39,405
40,405
41,405
42,405
43,405
44,405
45,405
46,405
47,405
108,405
109,405
110,405
111,405
112,405
113,405
114,405
115,405
211,405
212,405
213,405
214,405
215,405
229,405
230,405
399,405
400,405
401,405
402,405
403,405
404,405
405,405
406,405
424,405
425,405
426,405
427,405
428,405
429,405
430,405
464,405
465,405
466,405
515,405
516,405
547,405
548,405
549,405
550,405
551,405
552,405
553,405
554,405
577,405
578,405
0,406
1,406
2,406
3,406
4,406
5,406
6,406
20,406
21,406
37,406
38,406
39,406
40,406
41,406
42,406
43,406
108,406
109,406
110,406
111,406
112,406
113,406
114,406
126,406
127,406
210,406
211,406
212,406
213,406
234,406
235,406
236,406
400,406
401,406
402,406
403,406
404,406
405,406
406,406
407,406
408,406
425,406
426,406
427,406
428,406
429,406
430,406
431,406
432,406
504,406
547,406
548,406
549,406
550,406
551,406
552,406
553,406
0,407
1,407
2,407
3,407
4,407
5,407
6,407
108,407
109,407
110,407
111,407
112,407
113,407
125,407
126,407
210,407
235,407
236,407
403,407
404,407
405,407
406,407
407,407
408,407
409,407
427,407
428,407
429,407
430,407
431,407
432,407
503,407
545,407
546,407
547,407
548,407
549,407
550,407
551,407
552,407
0,408
1,408
2,408
3,408
4,408
5,408
6,408
108,408
109,408
110,408
111,408
112,408
113,408
191,408
192,408
193,408
194,408
195,408
196,408
246,408
404,408
405,408
406,408
407,408
408,408
409,408
410,408
427,408
428,408
429,408
430,408
431,408
432,408
433,408
502,408
503,408
543,408
544,408
545,408
546,408
547,408
548,408
549,408
550,408
551,408
0,409
1,409
2,409
3,409
4,409
5,409
6,409
7,409
107,409
108,409
109,409
110,409
111,409
112,409
113,409
191,409
192,409
193,409
194,409
195,409
253,409
254,409
255,409
405,409
406,409
407,409
408,409
409,409
410,409
411,409
412,409
413,409
428,409
429,409
430,409
431,409
432,409
433,409
434,409
435,409
542,409
543,409
544,409
545,409
546,409
547,409
548,409
549,409
550,409
0,410
1,410
2,410
3,410
4,410
5,410
6,410
7,410
107,410
108,410
109,410
110,410
111,410
112,410
113,410
114,410
189,410
190,410
191,410
192,410
193,410
255,410
256,410
257,410
258,410
406,410
407,410
408,410
409,410
410,410
411,410
412,410
413,410
414,410
429,410
430,410
431,410
432,410
433,410
434,410
435,410
436,410
540,410
541,410
542,410
543,410
544,410
545,410
546,410
547,410
548,410
0,411
1,411
2,411
3,411
4,411
5,411
6,411
108,411
109,411
110,411
111,411
112,411
113,411
114,411
115,411
187,411
188,411
189,411
190,411
191,411
192,411
256,411
257,411
258,411
408,411
409,411
410,411
411,411
412,411
413,411
414,411
415,411
416,411
430,411
431,411
432,411
433,411
434,411
435,411
436,411
537,411
538,411
539,411
540,411
541,411
542,411
543,411
544,411
545,411
546,411
0,412
1,412
2,412
3,412
4,412
5,412
6,412
7,412
109,412
110,412
111,412
112,412
113,412
114,412
115,412
116,412
117,412
187,412
188,412
189,412
190,412
191,412
411,412
412,412
413,412
414,412
415,412
416,412
417,412
418,412
419,412
420,412
431,412
432,412
433,412
434,412
435,412
436,412
536,412
537,412
538,412
539,412
540,412
541,412
542,412
543,412
544,412
545,412
0,413
1,413
2,413
3,413
4,413
5,413
6,413
7,413
8,413
54,413
55,413
56,413
111,413
112,413
113,413
114,413
115,413
116,413
117,413
186,413
187,413
188,413
189,413
190,413
265,413
288,413
412,413
413,413
414,413
415,413
416,413
417,413
418,413
419,413
420,413
421,413
431,413
432,413
433,413
434,413
435,413
436,413
437,413
536,413
537,413
538,413
539,413
540,413
541,413
542,413
543,413
0,414
1,414
2,414
3,414
4,414
5,414
6,414
7,414
8,414
9,414
57,414
58,414
59,414
60,414
61,414
112,414
113,414
114,414
115,414
116,414
117,414
118,414
185,414
186,414
187,414
188,414
189,414
413,414
414,414
415,414
416,414
417,414
418,414
419,414
420,414
421,414
422,414
423,414
432,414
433,414
434,414
435,414
436,414
437,414
438,414
439,414
535,414
536,414
537,414
538,414
539,414
540,414
0,415
1,415
2,415
3,415
4,415
5,415
6,415
7,415
8,415
61,415
62,415
63,415
64,415
113,415
114,415
115,415
116,415
117,415
118,415
119,415
120,415
185,415
186,415
187,415
188,415
417,415
418,415
419,415
420,415
421,415
422,415
423,415
424,415
425,415
426,415
430,415
431,415
432,415
433,415
434,415
435,415
436,415
437,415
438,415
439,415
440,415
441,415
442,415
443,415
444,415
445,415
446,415
447,415
448,415
449,415
534,415
535,415
536,415
537,415
538,415
539,415
0,416
1,416
2,416
3,416
4,416
5,416
6,416
7,416
64,416
65,416
66,416
67,416
114,416
115,416
116,416
117,416
118,416
119,416
120,416
137,416
138,416
184,416
185,416
186,416
187,416
188,416
420,416
421,416
422,416
423,416
424,416
425,416
426,416
427,416
428,416
429,416
430,416
431,416
432,416
433,416
434,416
435,416
436,416
437,416
438,416
439,416
440,416
441,416
442,416
443,416
444,416
445,416
446,416
447,416
448,416
449,416
450,416
533,416
534,416
535,416
536,416
537,416
538,416
0,417
1,417
2,417
3,417
4,417
5,417
6,417
7,417
8,417
69,417
70,417
71,417
72,417
73,417
115,417
116,417
117,417
118,417
119,417
120,417
121,417
122,417
183,417
184,417
185,417
186,417
187,417
422,417
423,417
424,417
425,417
426,417
427,417
428,417
429,417
430,417
431,417
432,417
433,417
434,417
435,417
436,417
437,417
438,417
439,417
440,417
441,417
442,417
443,417
444,417
445,417
446,417
447,417
448,417
449,417
450,417
451,417
530,417
531,417
532,417
533,417
534,417
535,417
536,417
537,417
0,418
1,418
2,418
3,418
4,418
5,418
6,418
7,418
8,418
70,418
71,418
72,418
73,418
74,418
75,418
76,418
117,418
118,418
119,418
120,418
121,418
122,418
123,418
124,418
183,418
184,418
185,418
186,418
426,418
427,418
428,418
429,418
430,418
431,418
432,418
440,418
441,418
442,418
443,418
444,418
445,418
446,418
447,418
448,418
449,418
450,418
451,418
452,418
453,418
454,418
455,418
528,418
529,418
530,418
531,418
532,418
533,418
534,418
535,418
0,419
1,419
2,419
3,419
4,419
5,419
6,419
7,419
45,419
46,419
47,419
73,419
74,419
75,419
76,419
77,419
78,419
79,419
80,419
120,419
121,419
122,419
123,419
124,419
125,419
126,419
127,419
183,419
184,419
185,419
186,419
427,419
428,419
429,419
430,419
431,419
432,419
433,419
434,419
435,419
444,419
445,419
446,419
447,419
448,419
449,419
450,419
451,419
452,419
453,419
454,419
455,419
456,419
457,419
458,419
526,419
527,419
528,419
529,419
530,419
531,419
532,419
533,419
534,419
0,420
1,420
2,420
3,420
4,420
5,420
6,420
7,420
46,420
47,420
48,420
49,420
50,420
51,420
76,420
77,420
78,420
79,420
80,420
81,420
82,420
83,420
122,420
123,420
124,420
125,420
126,420
127,420
128,420
184,420
185,420
186,420
187,420
428,420
429,420
430,420
431,420
432,420
433,420
434,420
435,420
436,420
437,420
438,420
449,420
450,420
451,420
452,420
453,420
454,420
455,420
456,420
457,420
458,420
459,420
460,420
525,420
526,420
527,420
528,420
529,420
530,420
531,420
532,420
0,421
1,421
2,421
3,421
4,421
5,421
6,421
7,421
51,421
52,421
53,421
54,421
55,421
56,421
79,421
80,421
81,421
82,421
83,421
84,421
85,421
86,421
123,421
124,421
125,421
126,421
127,421
128,421
129,421
130,421
131,421
184,421
185,421
186,421
187,421
431,421
432,421
433,421
434,421
435,421
436,421
437,421
438,421
439,421
440,421
441,421
448,421
449,421
450,421
451,421
452,421
453,421
454,421
455,421
456,421
457,421
458,421
459,421
460,421
461,421
462,421
463,421
523,421
524,421
525,421
526,421
527,421
528,421
529,421
0,422
1,422
2,422
3,422
4,422
5,422
6,422
7,422
53,422
54,422
55,422
56,422
57,422
58,422
59,422
82,422
83,422
84,422
85,422
86,422
87,422
88,422
125,422
126,422
127,422
128,422
129,422
130,422
131,422
132,422
133,422
180,422
184,422
185,422
186,422
434,422
435,422
436,422
437,422
438,422
439,422
440,422
441,422
442,422
443,422
444,422
445,422
446,422
447,422
448,422
449,422
450,422
451,422
452,422
453,422
454,422
455,422
456,422
457,422
458,422
459,422
460,422
461,422
462,422
463,422
464,422
465,422
466,422
467,422
520,422
521,422
522,422
523,422
524,422
525,422
526,422
527,422
528,422
0,423
1,423
2,423
3,423
4,423
5,423
6,423
7,423
58,423
59,423
60,423
61,423
62,423
83,423
84,423
85,423
86,423
87,423
88,423
89,423
90,423
127,423
128,423
129,423
130,423
131,423
132,423
133,423
134,423
135,423
180,423
181,423
182,423
437,423
438,423
439,423
440,423
441,423
442,423
443,423
444,423
445,423
446,423
447,423
448,423
449,423
450,423
451,423
452,423
453,423
454,423
455,423
456,423
457,423
458,423
459,423
460,423
461,423
462,423
463,423
464,423
465,423
466,423
467,423
468,423
469,423
519,423
520,423
521,423
522,423
523,423
524,423
525,423
526,423
0,424
1,424
2,424
3,424
4,424
5,424
6,424
7,424
8,424
60,424
61,424
62,424
63,424
64,424
65,424
66,424
67,424
87,424
88,424
89,424
90,424
91,424
92,424
133,424
134,424
135,424
143,424
144,424
145,424
146,424
147,424
148,424
179,424
180,424
181,424
182,424
441,424
442,424
443,424
447,424
448,424
449,424
450,424
451,424
452,424
453,424
454,424
455,424
456,424
457,424
458,424
459,424
460,424
461,424
462,424
463,424
464,424
465,424
466,424
467,424
468,424
469,424
470,424
471,424
472,424
473,424
474,424
517,424
518,424
519,424
520,424
521,424
522,424
523,424
524,424
0,425
1,425
2,425
3,425
4,425
5,425
6,425
7,425
63,425
64,425
65,425
66,425
67,425
68,425
69,425
70,425
89,425
90,425
91,425
92,425
93,425
94,425
95,425
96,425
145,425
146,425
147,425
464,425
465,425
466,425
467,425
468,425
469,425
470,425
471,425
472,425
473,425
474,425
475,425
476,425
477,425
478,425
516,425
517,425
518,425
519,425
520,425
521,425
522,425
523,425
0,426
1,426
2,426
3,426
4,426
5,426
6,426
7,426
65,426
66,426
67,426
68,426
69,426
70,426
71,426
72,426
73,426
96,426
97,426
98,426
138,426
139,426
164,426
165,426
166,426
167,426
467,426
468,426
469,426
470,426
471,426
472,426
473,426
474,426
475,426
476,426
477,426
478,426
479,426
480,426
514,426
515,426
516,426
517,426
518,426
519,426
520,426
521,426
0,427
1,427
2,427
3,427
4,427
5,427
6,427
7,427
71,427
72,427
73,427
74,427
75,427
76,427
139,427
140,427
141,427
142,427
473,427
474,427
475,427
476,427
477,427
478,427
479,427
480,427
481,427
482,427
509,427
510,427
511,427
512,427
513,427
514,427
515,427
516,427
517,427
518,427
0,428
1,428
2,428
3,428
4,428
5,428
6,428
7,428
74,428
75,428
76,428
77,428
78,428
79,428
140,428
141,428
476,428
477,428
478,428
479,428
480,428
481,428
482,428
483,428
484,428
485,428
486,428
487,428
508,428
509,428
510,428
511,428
512,428
513,428
514,428
515,428
516,428
0,429
1,429
2,429
3,429
4,429
5,429
6,429
7,429
76,429
77,429
78,429
79,429
80,429
81,429
82,429
83,429
480,429
481,429
482,429
483,429
484,429
485,429
486,429
487,429
488,429
489,429
504,429
505,429
506,429
507,429
508,429
509,429
510,429
511,429
512,429
513,429
514,429
515,429
719,429
720,429
721,429
0,430
1,430
2,430
3,430
4,430
5,430
6,430
7,430
82,430
83,430
482,430
483,430
484,430
485,430
486,430
487,430
488,430
489,430
490,430
491,430
497,430
498,430
499,430
500,430
501,430
502,430
503,430
504,430
505,430
506,430
507,430
508,430
509,430
510,430
511,430
512,430
719,430
720,430
721,430
0,431
1,431
2,431
3,431
4,431
5,431
6,431
7,431
85,431
88,431
484,431
485,431
486,431
487,431
488,431
489,431
490,431
491,431
492,431
493,431
494,431
495,431
496,431
497,431
498,431
499,431
500,431
501,431
502,431
503,431
504,431
505,431
506,431
507,431
508,431
509,431
510,431
511,431
720,431
721,431
722,431
0,432
1,432
2,432
3,432
4,432
5,432
6,432
7,432
86,432
87,432
88,432
486,432
487,432
488,432
489,432
490,432
491,432
492,432
493,432
494,432
495,432
496,432
497,432
498,432
499,432
500,432
501,432
502,432
503,432
504,432
505,432
506,432
507,432
721,432
722,432
0,433
1,433
2,433
3,433
4,433
5,433
6,433
7,433
488,433
489,433
490,433
491,433
492,433
493,433
494,433
495,433
496,433
497,433
498,433
499,433
500,433
501,433
502,433
0,434
1,434
2,434
3,434
4,434
5,434
6,434
7,434
135,434
136,434
0,435
1,435
2,435
3,435
4,435
5,435
6,435
7,435
143,435
144,435
145,435
0,436
1,436
2,436
3,436
4,436
5,436
6,436
7,436
143,436
144,436
145,436
0,437
1,437
2,437
3,437
4,437
5,437
6,437
7,437
0,438
1,438
2,438
3,438
4,438
5,438
6,438
7,438
0,439
1,439
2,439
3,439
4,439
5,439
6,439
7,439
700,439
701,439
0,440
1,440
2,440
3,440
4,440
5,440
6,440
7,440
0,441
1,441
2,441
3,441
4,441
5,441
6,441
7,441
0,442
1,442
2,442
3,442
4,442
5,442
6,442
7,442
0,443
1,443
2,443
3,443
4,443
5,443
6,443
7,443
0,444
1,444
2,444
3,444
4,444
5,444
6,444
7,444
0,445
1,445
2,445
3,445
4,445
5,445
6,445
7,445
34,445
35,445
36,445
0,446
1,446
2,446
3,446
4,446
5,446
6,446
7,446
36,446
37,446
38,446
39,446
807,446
0,447
1,447
2,447
3,447
4,447
5,447
6,447
38,447
39,447
40,447
41,447
42,447
0,448
1,448
2,448
3,448
4,448
5,448
6,448
42,448
43,448
44,448
55,448
56,448
57,448
58,448
59,448
0,449
1,449
2,449
3,449
4,449
5,449
6,449
45,449
46,449
47,449
48,449
49,449
50,449
56,449
57,449
58,449
59,449
60,449
61,449
796,449
0,450
1,450
2,450
3,450
4,450
5,450
6,450
46,450
47,450
48,450
49,450
50,450
51,450
52,450
58,450
59,450
60,450
61,450
100,450
101,450
102,450
103,450
796,450
797,450
798,450
799,450
0,451
1,451
2,451
3,451
4,451
5,451
6,451
50,451
51,451
52,451
53,451
54,451
55,451
59,451
60,451
61,451
62,451
97,451
98,451
99,451
100,451
101,451
102,451
798,451
799,451
800,451
0,452
1,452
2,452
3,452
4,452
5,452
6,452
7,452
51,452
52,452
53,452
54,452
55,452
56,452
63,452
64,452
95,452
96,452
97,452
0,453
1,453
2,453
3,453
4,453
5,453
6,453
54,453
55,453
56,453
57,453
58,453
59,453
92,453
93,453
153,453
154,453
155,453
156,453
0,454
1,454
2,454
3,454
4,454
5,454
6,454
56,454
57,454
58,454
59,454
60,454
61,454
153,454
0,455
1,455
2,455
3,455
4,455
5,455
6,455
59,455
60,455
61,455
62,455
63,455
64,455
65,455
0,456
1,456
2,456
3,456
4,456
5,456
6,456
62,456
63,456
64,456
65,456
66,456
67,456
68,456
0,457
1,457
2,457
3,457
4,457
5,457
6,457
65,457
66,457
67,457
68,457
69,457
70,457
71,457
108,457
109,457
110,457
111,457
0,458
1,458
2,458
3,458
4,458
5,458
6,458
10,458
11,458
67,458
68,458
69,458
70,458
71,458
106,458
107,458
108,458
109,458
110,458
927,458
936,458
937,458
938,458
944,458
945,458
0,459
1,459
2,459
3,459
4,459
5,459
6,459
71,459
72,459
73,459
75,459
76,459
0,460
1,460
2,460
3,460
4,460
5,460
6,460
72,460
73,460
75,460
76,460
77,460
0,461
1,461
2,461
3,461
4,461
5,461
6,461
0,462
1,462
2,462
3,462
4,462
5,462
6,462
0,463
1,463
2,463
3,463
4,463
5,463
6,463
0,464
1,464
2,464
3,464
4,464
5,464
6,464
7,464
0,465
1,465
2,465
3,465
4,465
5,465
6,465
7,465
13,465
14,465
0,466
1,466
2,466
3,466
4,466
5,466
6,466
7,466
13,466
14,466
15,466
0,467
1,467
2,467
3,467
4,467
5,467
6,467
7,467
13,467
14,467
0,468
1,468
2,468
3,468
4,468
5,468
6,468
7,468
0,469
1,469
2,469
3,469
4,469
5,469
6,469
7,469
1023,469
0,470
1,470
2,470
3,470
4,470
5,470
6,470
7,470
0,471
1,471
2,471
3,471
4,471
5,471
6,471
7,471
0,472
1,472
2,472
3,472
4,472
5,472
6,472
7,472
0,473
1,473
2,473
3,473
4,473
5,473
6,473
0,474
1,474
2,474
3,474
4,474
5,474
6,474
0,475
1,475
2,475
3,475
4,475
5,475
6,475
0,476
1,476
2,476
3,476
4,476
5,476
6,476
0,477
1,477
2,477
3,477
4,477
5,477
6,477
769,477
770,477
771,477
772,477
0,478
1,478
2,478
3,478
4,478
5,478
6,478
0,479
1,479
2,479
3,479
4,479
5,479
6,479
0,480
1,480
2,480
3,480
4,480
5,480
6,480
0,481
1,481
2,481
3,481
4,481
5,481
6,481
7,481
0,482
1,482
2,482
3,482
4,482
5,482
6,482
0,483
1,483
2,483
3,483
4,483
5,483
6,483
0,484
1,484
2,484
3,484
4,484
5,484
6,484
763,484
764,484
0,485
1,485
2,485
3,485
4,485
5,485
6,485
7,485
0,486
1,486
2,486
3,486
4,486
5,486
6,486
7,486
0,487
1,487
2,487
3,487
4,487
5,487
6,487
7,487
0,488
1,488
2,488
3,488
4,488
5,488
6,488
0,489
1,489
2,489
3,489
4,489
5,489
6,489
0,490
1,490
2,490
3,490
4,490
5,490
6,490
7,490
0,491
1,491
2,491
3,491
4,491
5,491
6,491
7,491
0,492
1,492
2,492
3,492
4,492
5,492
6,492
7,492
0,493
1,493
2,493
3,493
4,493
5,493
6,493
7,493
0,494
1,494
2,494
3,494
4,494
5,494
6,494
7,494
707,494
708,494
0,495
1,495
2,495
3,495
4,495
5,495
6,495
7,495
707,495
708,495
709,495
0,496
1,496
2,496
3,496
4,496
5,496
6,496
0,497
1,497
2,497
3,497
4,497
5,497
6,497
704,497
705,497
706,497
0,498
1,498
2,498
3,498
4,498
5,498
6,498
0,499
1,499
2,499
3,499
4,499
5,499
6,499
7,499
0,500
1,500
2,500
3,500
4,500
5,500
6,500
7,500
0,501
1,501
2,501
3,501
4,501
5,501
6,501
7,501
14,501
15,501
16,501
17,501
18,501
24,501
25,501
26,501
27,501
0,502
1,502
2,502
3,502
4,502
5,502
6,502
7,502
14,502
15,502
16,502
17,502
18,502
23,502
24,502
25,502
26,502
27,502
0,503
1,503
2,503
3,503
4,503
5,503
6,503
7,503
17,503
24,503
25,503
26,503
27,503
173,503
0,504
1,504
2,504
3,504
4,504
5,504
6,504
7,504
172,504
173,504
174,504
1023,504
0,505
1,505
2,505
3,505
4,505
5,505
6,505
7,505
155,505
156,505
157,505
1023,505
0,506
1,506
2,506
3,506
4,506
5,506
6,506
7,506
155,506
156,506
157,506
696,506
699,506
0,507
1,507
2,507
3,507
4,507
5,507
6,507
7,507
155,507
156,507
157,507
0,508
1,508
2,508
3,508
4,508
5,508
6,508
7,508
155,508
156,508
694,508
695,508
696,508
697,508
698,508
699,508
0,509
1,509
2,509
3,509
4,509
5,509
6,509
698,509
699,509
0,510
1,510
2,510
3,510
4,510
5,510
6,510
711,510
712,510
720,511
877,511
