X,Y
0,0
1,0
2,0
0,1
1,1
2,1
0,2
1,2
2,2
0,3
1,3
2,3
0,4
1,4
2,4
0,5
1,5
2,5
0,6
1,6
2,6
0,7
1,7
2,7
0,8
1,8
2,8
0,9
1,9
2,9
0,10
1,10
2,10
0,11
1,11
0,12
1,12
0,13
1,13
0,14
1,14
0,15
1,15
947,15
948,15
949,15
950,15
983,15
984,15
985,15
986,15
987,15
988,15
989,15
990,15
991,15
992,15
993,15
994,15
995,15
996,15
997,15
998,15
999,15
1000,15
1001,15
0,16
1,16
947,16
948,16
949,16
950,16
983,16
984,16
985,16
986,16
987,16
988,16
989,16
990,16
991,16
992,16
993,16
994,16
995,16
996,16
997,16
998,16
999,16
1000,16
1001,16
0,17
1,17
937,17
938,17
939,17
940,17
941,17
942,17
947,17
956,17
957,17
958,17
960,17
961,17
962,17
963,17
964,17
965,17
966,17
967,17
968,17
969,17
970,17
971,17
972,17
973,17
974,17
983,17
984,17
985,17
986,17
987,17
988,17
989,17
999,17
1000,17
0,18
1,18
967,18
968,18
969,18
970,18
971,18
972,18
973,18
974,18
1003,18
1004,18
1005,18
0,19
1,19
21,19
26,19
27,19
28,19
29,19
30,19
31,19
32,19
33,19
34,19
35,19
36,19
37,19
38,19
39,19
50,19
55,19
56,19
57,19
58,19
59,19
60,19
61,19
62,19
63,19
64,19
65,19
66,19
67,19
68,19
69,19
78,19
79,19
80,19
81,19
82,19
83,19
84,19
85,19
86,19
87,19
88,19
89,19
90,19
91,19
92,19
93,19
108,19
109,19
110,19
111,19
112,19
113,19
138,19
139,19
140,19
141,19
142,19
155,19
156,19
157,19
158,19
159,19
160,19
161,19
162,19
163,19
191,19
192,19
193,19
194,19
195,19
1003,19
1004,19
1005,19
1006,19
0,20
1,20
20,20
21,20
22,20
23,20
26,20
27,20
28,20
29,20
30,20
31,20
32,20
33,20
34,20
35,20
36,20
37,20
38,20
39,20
40,20
41,20
42,20
43,20
44,20
45,20
46,20
47,20
48,20
49,20
50,20
51,20
52,20
54,20
55,20
56,20
57,20
58,20
59,20
60,20
61,20
62,20
63,20
64,20
65,20
66,20
67,20
68,20
69,20
70,20
71,20
72,20
73,20
74,20
75,20
76,20
77,20
78,20
79,20
80,20
81,20
82,20
83,20
84,20
85,20
86,20
87,20
88,20
89,20
90,20
91,20
92,20
93,20
94,20
95,20
96,20
97,20
98,20
99,20
100,20
101,20
102,20
103,20
104,20
105,20
106,20
107,20
108,20
109,20
110,20
111,20
112,20
113,20
114,20
115,20
116,20
117,20
118,20
119,20
120,20
121,20
122,20
123,20
124,20
125,20
126,20
127,20
128,20
129,20
130,20
131,20
132,20
133,20
134,20
135,20
136,20
137,20
138,20
139,20
140,20
141,20
142,20
143,20
144,20
145,20
146,20
147,20
148,20
149,20
150,20
151,20
152,20
153,20
154,20
155,20
156,20
157,20
158,20
159,20
160,20
161,20
162,20
163,20
164,20
165,20
166,20
167,20
168,20
169,20
170,20
171,20
172,20
173,20
174,20
175,20
176,20
177,20
178,20
179,20
180,20
181,20
182,20
183,20
184,20
185,20
186,20
187,20
188,20
189,20
190,20
191,20
192,20
193,20
194,20
195,20
196,20
197,20
198,20
199,20
200,20
201,20
202,20
203,20
204,20
205,20
206,20
207,20
208,20
209,20
210,20
211,20
212,20
213,20
214,20
215,20
216,20
318,20
1003,20
1004,20
1005,20
1006,20
0,21
1,21
19,21
20,21
21,21
22,21
23,21
26,21
27,21
28,21
29,21
30,21
31,21
32,21
33,21
34,21
35,21
36,21
37,21
38,21
39,21
40,21
41,21
42,21
43,21
54,21
55,21
56,21
57,21
58,21
59,21
60,21
61,21
62,21
63,21
64,21
65,21
66,21
67,21
68,21
69,21
70,21
71,21
72,21
73,21
74,21
75,21
76,21
77,21
78,21
79,21
80,21
81,21
82,21
83,21
84,21
85,21
86,21
87,21
88,21
89,21
90,21
91,21
92,21
93,21
94,21
95,21
96,21
97,21
98,21
99,21
100,21
101,21
102,21
107,21
108,21
109,21
110,21
111,21
112,21
113,21
114,21
115,21
116,21
117,21
118,21
119,21
120,21
121,21
122,21
123,21
124,21
125,21
126,21
127,21
128,21
129,21
130,21
131,21
132,21
133,21
134,21
135,21
136,21
137,21
138,21
139,21
140,21
141,21
142,21
143,21
144,21
145,21
146,21
147,21
148,21
149,21
150,21
151,21
152,21
153,21
154,21
155,21
156,21
157,21
158,21
159,21
160,21
161,21
162,21
163,21
164,21
165,21
166,21
167,21
168,21
169,21
170,21
171,21
172,21
173,21
174,21
175,21
176,21
177,21
178,21
179,21
180,21
181,21
182,21
183,21
184,21
185,21
186,21
187,21
188,21
189,21
190,21
191,21
192,21
193,21
194,21
195,21
196,21
197,21
198,21
199,21
200,21
201,21
202,21
203,21
204,21
205,21
206,21
207,21
208,21
209,21
210,21
211,21
212,21
213,21
214,21
1003,21
1004,21
1005,21
1006,21
0,22
1,22
19,22
20,22
21,22
22,22
23,22
24,22
55,22
56,22
57,22
58,22
59,22
60,22
61,22
62,22
63,22
64,22
65,22
66,22
67,22
68,22
69,22
70,22
71,22
72,22
76,22
77,22
78,22
79,22
80,22
81,22
82,22
83,22
84,22
85,22
86,22
87,22
88,22
89,22
90,22
91,22
92,22
93,22
94,22
95,22
96,22
97,22
98,22
99,22
100,22
101,22
108,22
109,22
110,22
111,22
112,22
113,22
114,22
115,22
116,22
117,22
118,22
119,22
120,22
121,22
122,22
123,22
124,22
125,22
126,22
127,22
128,22
129,22
130,22
131,22
132,22
133,22
134,22
135,22
136,22
137,22
138,22
139,22
140,22
141,22
142,22
143,22
144,22
145,22
146,22
147,22
148,22
149,22
150,22
151,22
152,22
153,22
154,22
155,22
156,22
157,22
158,22
159,22
160,22
161,22
162,22
163,22
164,22
165,22
166,22
167,22
168,22
169,22
170,22
183,22
185,22
186,22
187,22
196,22
197,22
198,22
199,22
200,22
201,22
202,22
1003,22
1004,22
1005,22
1006,22
0,23
1,23
19,23
20,23
21,23
22,23
23,23
24,23
1003,23
1004,23
1005,23
1006,23
0,24
1,24
19,24
20,24
21,24
22,24
23,24
24,24
1003,24
1004,24
1005,24
1006,24
0,25
1,25
19,25
20,25
21,25
22,25
23,25
24,25
26,25
27,25
167,25
168,25
169,25
183,25
184,25
185,25
328,25
329,25
345,25
618,25
1002,25
1003,25
1004,25
1005,25
1006,25
0,26
1,26
19,26
20,26
21,26
22,26
23,26
26,26
27,26
73,26
74,26
75,26
115,26
167,26
168,26
169,26
183,26
184,26
185,26
186,26
203,26
204,26
205,26
617,26
1002,26
1003,26
1004,26
1005,26
1006,26
0,27
1,27
2,27
19,27
20,27
21,27
22,27
23,27
25,27
26,27
27,27
28,27
170,27
171,27
172,27
184,27
185,27
186,27
203,27
204,27
205,27
1002,27
1003,27
1004,27
1005,27
1006,27
0,28
1,28
2,28
19,28
20,28
21,28
22,28
23,28
25,28
26,28
27,28
28,28
171,28
172,28
1003,28
1004,28
1005,28
1006,28
0,29
1,29
2,29
19,29
20,29
21,29
22,29
23,29
25,29
26,29
27,29
28,29
29,29
1003,29
1004,29
1005,29
1006,29
0,30
1,30
2,30
19,30
20,30
21,30
22,30
23,30
24,30
25,30
26,30
27,30
28,30
29,30
1003,30
1004,30
1005,30
1006,30
0,31
1,31
2,31
19,31
20,31
21,31
22,31
23,31
24,31
25,31
26,31
27,31
28,31
29,31
1003,31
1004,31
1005,31
1006,31
0,32
1,32
2,32
19,32
20,32
21,32
22,32
23,32
24,32
26,32
27,32
28,32
29,32
30,32
999,32
1003,32
1004,32
1005,32
1006,32
0,33
1,33
2,33
19,33
20,33
21,33
22,33
23,33
24,33
26,33
27,33
28,33
29,33
30,33
999,33
1003,33
1004,33
1005,33
1006,33
0,34
1,34
2,34
19,34
20,34
21,34
22,34
23,34
24,34
26,34
27,34
28,34
29,34
30,34
999,34
1003,34
1004,34
1005,34
1006,34
0,35
1,35
2,35
19,35
20,35
21,35
22,35
23,35
24,35
26,35
27,35
28,35
29,35
30,35
999,35
1003,35
1004,35
1005,35
1006,35
0,36
1,36
2,36
19,36
20,36
21,36
22,36
23,36
24,36
26,36
27,36
28,36
29,36
30,36
246,36
1003,36
1004,36
1005,36
1006,36
0,37
1,37
2,37
19,37
20,37
21,37
22,37
23,37
24,37
26,37
27,37
28,37
29,37
30,37
31,37
245,37
246,37
1003,37
1004,37
1005,37
1006,37
0,38
1,38
2,38
19,38
20,38
21,38
22,38
23,38
24,38
26,38
27,38
28,38
29,38
30,38
31,38
245,38
246,38
1003,38
1004,38
1005,38
1006,38
0,39
1,39
2,39
19,39
20,39
21,39
22,39
23,39
24,39
26,39
27,39
28,39
29,39
30,39
31,39
245,39
246,39
247,39
1003,39
1004,39
1005,39
1006,39
0,40
1,40
2,40
19,40
20,40
21,40
22,40
23,40
24,40
26,40
27,40
28,40
29,40
30,40
31,40
245,40
246,40
247,40
1003,40
1004,40
1005,40
1006,40
0,41
1,41
2,41
19,41
20,41
21,41
22,41
23,41
24,41
26,41
27,41
28,41
29,41
30,41
31,41
246,41
247,41
1003,41
1004,41
1005,41
1006,41
0,42
1,42
2,42
19,42
20,42
21,42
22,42
23,42
24,42
26,42
27,42
28,42
29,42
30,42
31,42
1003,42
1004,42
1005,42
1006,42
0,43
1,43
2,43
19,43
20,43
21,43
22,43
23,43
24,43
26,43
27,43
28,43
29,43
30,43
31,43
1003,43
1004,43
1005,43
0,44
1,44
2,44
19,44
20,44
21,44
22,44
23,44
24,44
26,44
27,44
28,44
29,44
30,44
31,44
1003,44
1004,44
1005,44
0,45
1,45
2,45
19,45
20,45
21,45
22,45
23,45
24,45
26,45
27,45
28,45
29,45
30,45
31,45
1003,45
1004,45
1005,45
0,46
1,46
2,46
19,46
20,46
21,46
22,46
23,46
24,46
26,46
27,46
28,46
29,46
30,46
31,46
1003,46
1004,46
1005,46
0,47
1,47
2,47
19,47
20,47
21,47
22,47
23,47
24,47
27,47
28,47
29,47
30,47
31,47
1003,47
1004,47
1005,47
0,48
1,48
2,48
19,48
20,48
21,48
22,48
23,48
24,48
27,48
28,48
29,48
30,48
31,48
178,48
1003,48
1004,48
1005,48
0,49
1,49
2,49
19,49
20,49
21,49
22,49
23,49
24,49
27,49
28,49
29,49
30,49
31,49
178,49
179,49
1003,49
1004,49
1005,49
0,50
1,50
2,50
19,50
20,50
21,50
22,50
23,50
24,50
27,50
28,50
29,50
30,50
31,50
178,50
179,50
1003,50
1004,50
1005,50
0,51
1,51
2,51
19,51
20,51
21,51
22,51
23,51
24,51
27,51
28,51
29,51
30,51
31,51
178,51
179,51
180,51
1003,51
1004,51
1005,51
0,52
1,52
19,52
20,52
21,52
22,52
23,52
24,52
27,52
28,52
29,52
30,52
31,52
179,52
180,52
181,52
1003,52
1004,52
1005,52
0,53
1,53
19,53
20,53
21,53
22,53
23,53
24,53
27,53
28,53
29,53
30,53
31,53
180,53
181,53
1003,53
1004,53
1005,53
0,54
1,54
19,54
20,54
21,54
22,54
23,54
24,54
27,54
28,54
29,54
30,54
31,54
1003,54
1004,54
1005,54
0,55
1,55
19,55
20,55
21,55
22,55
23,55
24,55
27,55
28,55
29,55
30,55
31,55
32,55
644,55
1003,55
1004,55
1005,55
0,56
1,56
19,56
20,56
21,56
22,56
23,56
24,56
27,56
28,56
29,56
30,56
31,56
32,56
643,56
644,56
645,56
1003,56
1004,56
1005,56
0,57
1,57
19,57
20,57
21,57
22,57
23,57
24,57
27,57
28,57
29,57
30,57
31,57
643,57
644,57
1003,57
1004,57
1005,57
0,58
1,58
19,58
20,58
21,58
22,58
23,58
24,58
27,58
28,58
29,58
30,58
31,58
643,58
1003,58
1004,58
1005,58
0,59
1,59
19,59
20,59
21,59
22,59
23,59
24,59
27,59
28,59
29,59
30,59
31,59
1003,59
1004,59
1005,59
0,60
1,60
19,60
20,60
21,60
22,60
23,60
24,60
27,60
28,60
29,60
30,60
31,60
1003,60
1004,60
1005,60
0,61
1,61
19,61
20,61
21,61
22,61
23,61
24,61
27,61
28,61
29,61
30,61
31,61
1003,61
1004,61
1005,61
0,62
1,62
19,62
20,62
21,62
22,62
23,62
24,62
27,62
28,62
29,62
30,62
31,62
1003,62
1004,62
1005,62
0,63
1,63
19,63
20,63
21,63
22,63
23,63
24,63
27,63
28,63
29,63
30,63
31,63
1003,63
1004,63
1005,63
0,64
1,64
19,64
20,64
21,64
22,64
23,64
24,64
27,64
28,64
29,64
30,64
31,64
1003,64
1004,64
1005,64
0,65
1,65
19,65
20,65
21,65
22,65
23,65
24,65
27,65
28,65
29,65
30,65
31,65
1003,65
1004,65
1005,65
0,66
1,66
19,66
20,66
21,66
22,66
23,66
24,66
27,66
28,66
29,66
30,66
31,66
1003,66
1004,66
1005,66
0,67
1,67
19,67
20,67
21,67
22,67
23,67
24,67
27,67
28,67
29,67
30,67
31,67
1003,67
1004,67
1005,67
0,68
1,68
19,68
20,68
21,68
22,68
23,68
24,68
27,68
28,68
29,68
30,68
31,68
1003,68
1004,68
1005,68
0,69
1,69
19,69
20,69
21,69
22,69
23,69
24,69
27,69
28,69
29,69
30,69
31,69
1003,69
1004,69
1005,69
0,70
1,70
19,70
20,70
21,70
22,70
23,70
24,70
27,70
28,70
29,70
30,70
31,70
1002,70
1003,70
1004,70
1005,70
0,71
1,71
19,71
20,71
21,71
22,71
23,71
24,71
27,71
28,71
29,71
30,71
31,71
1002,71
1003,71
1004,71
1005,71
1006,71
0,72
1,72
19,72
20,72
21,72
22,72
23,72
24,72
27,72
28,72
29,72
30,72
31,72
1002,72
1003,72
1004,72
1005,72
1006,72
0,73
1,73
19,73
20,73
21,73
22,73
23,73
24,73
27,73
28,73
29,73
30,73
31,73
1002,73
1003,73
1004,73
1005,73
1006,73
0,74
1,74
19,74
20,74
21,74
22,74
23,74
24,74
27,74
28,74
29,74
30,74
31,74
999,74
1002,74
1003,74
1004,74
1005,74
1006,74
0,75
1,75
19,75
20,75
21,75
22,75
23,75
24,75
27,75
28,75
29,75
30,75
31,75
999,75
1003,75
1004,75
1005,75
1006,75
0,76
1,76
19,76
20,76
21,76
22,76
23,76
24,76
27,76
28,76
29,76
30,76
31,76
32,76
999,76
1003,76
1004,76
1005,76
1006,76
0,77
1,77
19,77
20,77
21,77
22,77
23,77
24,77
27,77
28,77
29,77
30,77
31,77
32,77
999,77
1003,77
1004,77
1005,77
1006,77
0,78
1,78
19,78
20,78
21,78
22,78
23,78
24,78
27,78
28,78
29,78
30,78
31,78
32,78
999,78
1000,78
1003,78
1004,78
1005,78
1006,78
0,79
1,79
19,79
20,79
21,79
22,79
23,79
24,79
27,79
28,79
29,79
30,79
31,79
999,79
1000,79
1003,79
1004,79
1005,79
1006,79
0,80
1,80
19,80
20,80
21,80
22,80
23,80
24,80
27,80
28,80
29,80
30,80
31,80
32,80
714,80
715,80
726,80
727,80
728,80
729,80
746,80
1003,80
1004,80
1005,80
1006,80
0,81
1,81
19,81
20,81
21,81
22,81
23,81
24,81
28,81
29,81
30,81
31,81
32,81
667,81
668,81
669,81
670,81
671,81
672,81
673,81
674,81
675,81
679,81
681,81
682,81
683,81
684,81
685,81
690,81
691,81
692,81
693,81
700,81
701,81
702,81
703,81
704,81
713,81
714,81
715,81
716,81
717,81
718,81
719,81
720,81
721,81
724,81
725,81
726,81
727,81
728,81
729,81
730,81
731,81
734,81
735,81
736,81
737,81
738,81
739,81
740,81
741,81
742,81
743,81
744,81
745,81
746,81
747,81
759,81
760,81
761,81
1003,81
1004,81
1005,81
1006,81
0,82
1,82
19,82
20,82
21,82
22,82
23,82
24,82
28,82
29,82
30,82
31,82
32,82
657,82
658,82
663,82
664,82
665,82
666,82
667,82
668,82
669,82
670,82
671,82
672,82
673,82
674,82
675,82
676,82
677,82
678,82
679,82
680,82
681,82
682,82
683,82
684,82
685,82
690,82
691,82
692,82
693,82
694,82
700,82
701,82
702,82
703,82
704,82
705,82
710,82
711,82
712,82
713,82
714,82
715,82
716,82
717,82
718,82
719,82
720,82
721,82
722,82
723,82
724,82
725,82
726,82
727,82
728,82
729,82
730,82
731,82
732,82
733,82
734,82
735,82
736,82
737,82
738,82
739,82
740,82
741,82
742,82
743,82
744,82
745,82
746,82
747,82
748,82
752,82
753,82
754,82
755,82
756,82
758,82
759,82
760,82
761,82
762,82
763,82
1003,82
1004,82
1005,82
1006,82
0,83
1,83
19,83
20,83
21,83
22,83
23,83
24,83
28,83
29,83
30,83
31,83
32,83
657,83
658,83
659,83
662,83
663,83
664,83
665,83
666,83
667,83
668,83
669,83
670,83
671,83
679,83
680,83
681,83
682,83
683,83
684,83
685,83
690,83
691,83
692,83
693,83
694,83
701,83
702,83
704,83
705,83
710,83
711,83
713,83
714,83
715,83
716,83
717,83
718,83
719,83
720,83
724,83
725,83
726,83
727,83
728,83
729,83
730,83
731,83
739,83
742,83
743,83
744,83
745,83
746,83
747,83
748,83
749,83
750,83
751,83
752,83
753,83
754,83
755,83
756,83
757,83
758,83
759,83
760,83
761,83
762,83
763,83
1003,83
1004,83
1005,83
1006,83
0,84
1,84
19,84
20,84
21,84
22,84
23,84
24,84
28,84
29,84
30,84
31,84
32,84
657,84
658,84
659,84
663,84
665,84
666,84
667,84
761,84
762,84
765,84
766,84
1003,84
1004,84
1005,84
1006,84
0,85
1,85
19,85
20,85
21,85
22,85
23,85
24,85
28,85
29,85
30,85
31,85
46,85
47,85
654,85
655,85
656,85
765,85
766,85
767,85
768,85
769,85
770,85
771,85
772,85
1003,85
1004,85
1005,85
1006,85
0,86
1,86
18,86
19,86
20,86
21,86
22,86
23,86
24,86
28,86
29,86
39,86
40,86
46,86
47,86
48,86
647,86
648,86
649,86
650,86
653,86
654,86
655,86
656,86
766,86
767,86
768,86
769,86
770,86
771,86
772,86
999,86
1003,86
1004,86
1005,86
1006,86
0,87
1,87
18,87
19,87
20,87
21,87
22,87
23,87
24,87
28,87
39,87
40,87
47,87
48,87
49,87
50,87
646,87
647,87
648,87
649,87
650,87
651,87
652,87
654,87
655,87
656,87
767,87
768,87
769,87
999,87
1003,87
1004,87
1005,87
1006,87
0,88
1,88
19,88
20,88
21,88
22,88
23,88
24,88
28,88
29,88
39,88
48,88
49,88
50,88
51,88
645,88
646,88
647,88
648,88
649,88
650,88
651,88
652,88
655,88
999,88
1003,88
1004,88
1005,88
1006,88
0,89
1,89
19,89
20,89
21,89
22,89
23,89
24,89
28,89
29,89
48,89
50,89
51,89
53,89
54,89
640,89
641,89
642,89
643,89
644,89
645,89
646,89
647,89
648,89
649,89
650,89
651,89
999,89
1003,89
1004,89
1005,89
1006,89
0,90
1,90
19,90
20,90
21,90
22,90
23,90
24,90
28,90
29,90
30,90
50,90
51,90
53,90
54,90
55,90
56,90
637,90
638,90
639,90
640,90
641,90
642,90
643,90
644,90
645,90
646,90
647,90
648,90
649,90
782,90
783,90
784,90
999,90
1003,90
1004,90
1005,90
1006,90
0,91
1,91
19,91
20,91
21,91
22,91
23,91
24,91
28,91
29,91
30,91
53,91
54,91
55,91
56,91
57,91
634,91
635,91
636,91
637,91
638,91
639,91
640,91
641,91
642,91
643,91
644,91
645,91
646,91
776,91
777,91
781,91
782,91
783,91
784,91
785,91
999,91
1003,91
1004,91
1005,91
1006,91
0,92
1,92
19,92
20,92
21,92
22,92
23,92
24,92
28,92
29,92
30,92
53,92
54,92
55,92
56,92
57,92
58,92
633,92
634,92
635,92
636,92
637,92
638,92
639,92
640,92
641,92
779,92
780,92
781,92
782,92
783,92
784,92
785,92
787,92
788,92
789,92
790,92
791,92
999,92
1003,92
1004,92
1005,92
1006,92
0,93
1,93
19,93
20,93
21,93
22,93
23,93
24,93
28,93
29,93
30,93
54,93
55,93
56,93
57,93
58,93
59,93
60,93
61,93
62,93
63,93
629,93
630,93
631,93
632,93
633,93
634,93
635,93
636,93
637,93
638,93
639,93
640,93
641,93
642,93
643,93
779,93
780,93
784,93
785,93
786,93
787,93
788,93
789,93
790,93
791,93
792,93
1003,93
1004,93
1005,93
1006,93
0,94
1,94
2,94
19,94
20,94
21,94
22,94
23,94
24,94
28,94
29,94
30,94
55,94
56,94
57,94
58,94
59,94
60,94
61,94
62,94
63,94
64,94
626,94
627,94
628,94
629,94
630,94
631,94
632,94
633,94
634,94
635,94
639,94
640,94
641,94
642,94
643,94
785,94
786,94
787,94
789,94
792,94
797,94
798,94
1003,94
1004,94
1005,94
1006,94
0,95
1,95
2,95
19,95
20,95
21,95
22,95
23,95
24,95
29,95
30,95
58,95
59,95
60,95
61,95
62,95
63,95
64,95
65,95
68,95
69,95
621,95
622,95
623,95
626,95
627,95
628,95
629,95
630,95
631,95
632,95
633,95
634,95
797,95
798,95
1003,95
1004,95
1005,95
1006,95
0,96
1,96
2,96
19,96
20,96
21,96
22,96
23,96
24,96
29,96
59,96
60,96
61,96
62,96
63,96
64,96
65,96
68,96
69,96
70,96
617,96
618,96
619,96
620,96
621,96
622,96
623,96
626,96
627,96
628,96
629,96
630,96
631,96
632,96
633,96
634,96
797,96
798,96
799,96
800,96
801,96
802,96
803,96
804,96
805,96
806,96
807,96
808,96
1003,96
1004,96
1005,96
1006,96
0,97
1,97
2,97
19,97
20,97
21,97
22,97
23,97
24,97
60,97
61,97
62,97
63,97
65,97
68,97
69,97
70,97
71,97
72,97
616,97
617,97
618,97
619,97
620,97
621,97
622,97
623,97
627,97
628,97
629,97
630,97
631,97
797,97
798,97
799,97
800,97
801,97
802,97
803,97
804,97
805,97
806,97
807,97
808,97
809,97
810,97
811,97
812,97
813,97
814,97
815,97
816,97
817,97
818,97
819,97
1003,97
1004,97
1005,97
1006,97
0,98
1,98
2,98
19,98
20,98
21,98
22,98
23,98
24,98
61,98
69,98
70,98
71,98
72,98
73,98
74,98
614,98
615,98
616,98
617,98
618,98
619,98
620,98
621,98
622,98
623,98
799,98
800,98
801,98
802,98
803,98
804,98
805,98
806,98
807,98
808,98
809,98
810,98
811,98
812,98
813,98
814,98
815,98
816,98
817,98
818,98
819,98
820,98
1003,98
1004,98
1005,98
1006,98
0,99
1,99
2,99
19,99
20,99
21,99
22,99
23,99
24,99
29,99
70,99
71,99
72,99
73,99
74,99
75,99
610,99
611,99
612,99
613,99
614,99
615,99
616,99
617,99
618,99
619,99
623,99
800,99
811,99
812,99
813,99
816,99
817,99
818,99
819,99
820,99
821,99
1003,99
1004,99
1005,99
1006,99
0,100
1,100
2,100
19,100
20,100
21,100
22,100
23,100
24,100
29,100
30,100
55,100
73,100
74,100
75,100
605,100
606,100
607,100
608,100
609,100
610,100
611,100
612,100
613,100
614,100
615,100
616,100
617,100
618,100
812,100
817,100
818,100
819,100
820,100
821,100
1003,100
1004,100
1005,100
1006,100
0,101
1,101
2,101
19,101
20,101
21,101
22,101
23,101
24,101
29,101
30,101
55,101
56,101
74,101
75,101
80,101
603,101
604,101
605,101
606,101
607,101
608,101
609,101
610,101
611,101
612,101
613,101
614,101
615,101
818,101
819,101
820,101
821,101
823,101
824,101
825,101
826,101
829,101
830,101
831,101
832,101
833,101
834,101
835,101
836,101
838,101
1003,101
1004,101
1005,101
1006,101
0,102
1,102
2,102
19,102
20,102
21,102
22,102
23,102
24,102
29,102
30,102
77,102
78,102
79,102
80,102
81,102
600,102
601,102
602,102
603,102
604,102
605,102
606,102
607,102
608,102
609,102
610,102
611,102
612,102
613,102
614,102
615,102
822,102
823,102
824,102
825,102
826,102
827,102
828,102
829,102
830,102
831,102
832,102
833,102
834,102
835,102
836,102
837,102
838,102
839,102
840,102
1003,102
1004,102
1005,102
1006,102
0,103
1,103
2,103
19,103
20,103
21,103
22,103
23,103
24,103
29,103
30,103
31,103
77,103
78,103
79,103
80,103
81,103
82,103
83,103
84,103
85,103
599,103
600,103
601,103
602,103
603,103
604,103
605,103
606,103
607,103
608,103
609,103
610,103
611,103
612,103
613,103
614,103
822,103
823,103
824,103
831,103
832,103
835,103
836,103
837,103
838,103
839,103
840,103
1003,103
1004,103
1005,103
1006,103
0,104
1,104
2,104
18,104
19,104
20,104
21,104
22,104
23,104
24,104
29,104
30,104
31,104
78,104
79,104
80,104
81,104
82,104
83,104
84,104
85,104
86,104
598,104
599,104
600,104
601,104
602,104
603,104
604,104
605,104
606,104
607,104
822,104
999,104
1003,104
1004,104
1005,104
1006,104
0,105
1,105
2,105
18,105
19,105
20,105
21,105
22,105
23,105
24,105
29,105
30,105
31,105
79,105
80,105
81,105
82,105
83,105
84,105
85,105
86,105
87,105
597,105
598,105
599,105
600,105
601,105
602,105
603,105
604,105
847,105
848,105
999,105
1003,105
1004,105
1005,105
1006,105
0,106
1,106
2,106
18,106
19,106
20,106
21,106
22,106
23,106
24,106
29,106
30,106
31,106
83,106
84,106
85,106
86,106
87,106
596,106
597,106
598,106
599,106
600,106
601,106
602,106
842,106
843,106
846,106
847,106
848,106
849,106
999,106
1003,106
1004,106
1005,106
1006,106
0,107
1,107
2,107
18,107
19,107
20,107
21,107
22,107
23,107
24,107
29,107
30,107
31,107
83,107
87,107
94,107
95,107
96,107
594,107
595,107
596,107
597,107
598,107
599,107
600,107
842,107
843,107
844,107
845,107
846,107
847,107
848,107
849,107
1003,107
1004,107
1005,107
1006,107
0,108
1,108
2,108
18,108
19,108
20,108
21,108
22,108
23,108
24,108
29,108
30,108
31,108
94,108
95,108
96,108
97,108
593,108
594,108
595,108
596,108
597,108
598,108
599,108
842,108
843,108
844,108
845,108
846,108
847,108
848,108
849,108
850,108
1003,108
1004,108
1005,108
1006,108
0,109
1,109
18,109
19,109
20,109
21,109
22,109
23,109
24,109
29,109
30,109
95,109
96,109
97,109
98,109
99,109
592,109
593,109
594,109
595,109
596,109
597,109
598,109
847,109
848,109
849,109
850,109
1003,109
1004,109
1005,109
1006,109
0,110
1,110
18,110
19,110
20,110
21,110
22,110
23,110
24,110
29,110
30,110
95,110
96,110
97,110
98,110
99,110
591,110
592,110
593,110
594,110
595,110
596,110
597,110
850,110
851,110
852,110
853,110
854,110
855,110
1003,110
1004,110
1005,110
1006,110
0,111
1,111
18,111
19,111
20,111
21,111
22,111
23,111
24,111
29,111
30,111
96,111
97,111
98,111
99,111
590,111
591,111
592,111
593,111
594,111
595,111
850,111
851,111
852,111
853,111
854,111
855,111
856,111
857,111
1003,111
1004,111
1005,111
1006,111
0,112
1,112
18,112
19,112
20,112
21,112
22,112
23,112
24,112
28,112
29,112
33,112
96,112
97,112
98,112
99,112
100,112
589,112
590,112
591,112
592,112
593,112
594,112
851,112
852,112
853,112
854,112
855,112
856,112
857,112
858,112
1003,112
1004,112
1005,112
1006,112
0,113
1,113
18,113
19,113
20,113
21,113
22,113
23,113
24,113
28,113
29,113
33,113
34,113
96,113
97,113
98,113
99,113
588,113
589,113
590,113
591,113
592,113
852,113
854,113
855,113
856,113
857,113
858,113
1003,113
1004,113
1005,113
1006,113
0,114
1,114
18,114
19,114
20,114
21,114
22,114
23,114
24,114
28,114
29,114
33,114
34,114
97,114
98,114
99,114
104,114
107,114
588,114
589,114
590,114
591,114
855,114
856,114
857,114
858,114
1003,114
1004,114
1005,114
1006,114
0,115
1,115
18,115
19,115
20,115
21,115
22,115
23,115
24,115
27,115
28,115
29,115
32,115
33,115
34,115
97,115
98,115
104,115
106,115
107,115
586,115
587,115
588,115
589,115
590,115
856,115
857,115
858,115
859,115
860,115
861,115
1003,115
1004,115
1005,115
1006,115
0,116
1,116
18,116
19,116
20,116
21,116
22,116
23,116
24,116
27,116
28,116
29,116
32,116
33,116
97,116
98,116
104,116
106,116
107,116
584,116
585,116
586,116
587,116
588,116
589,116
590,116
857,116
858,116
859,116
860,116
861,116
1003,116
1004,116
1005,116
1006,116
0,117
1,117
18,117
19,117
20,117
21,117
22,117
23,117
24,117
27,117
28,117
29,117
32,117
33,117
97,117
98,117
107,117
113,117
583,117
584,117
585,117
586,117
587,117
588,117
589,117
858,117
859,117
860,117
861,117
862,117
1003,117
1004,117
1005,117
1006,117
0,118
1,118
18,118
19,118
20,118
21,118
22,118
23,118
24,118
27,118
28,118
113,118
115,118
116,118
582,118
583,118
584,118
585,118
586,118
859,118
860,118
861,118
862,118
863,118
1003,118
1004,118
1005,118
1006,118
0,119
1,119
18,119
19,119
20,119
21,119
22,119
23,119
24,119
27,119
28,119
114,119
115,119
116,119
117,119
118,119
581,119
582,119
583,119
584,119
585,119
586,119
670,119
861,119
862,119
863,119
999,119
1003,119
1004,119
1005,119
1006,119
0,120
1,120
18,120
19,120
20,120
21,120
22,120
23,120
24,120
114,120
115,120
116,120
117,120
118,120
119,120
121,120
580,120
581,120
582,120
583,120
584,120
669,120
670,120
862,120
863,120
864,120
865,120
1003,120
1004,120
1005,120
1006,120
0,121
1,121
18,121
19,121
20,121
21,121
22,121
23,121
24,121
117,121
118,121
119,121
120,121
121,121
122,121
579,121
580,121
581,121
582,121
583,121
669,121
670,121
863,121
864,121
865,121
866,121
1003,121
1004,121
1005,121
1006,121
0,122
1,122
18,122
19,122
20,122
21,122
22,122
23,122
24,122
119,122
120,122
121,122
122,122
579,122
580,122
581,122
582,122
669,122
670,122
864,122
865,122
866,122
867,122
1003,122
1004,122
1005,122
1006,122
0,123
1,123
18,123
19,123
20,123
21,123
22,123
23,123
24,123
120,123
121,123
122,123
125,123
126,123
578,123
579,123
580,123
581,123
667,123
668,123
669,123
670,123
864,123
865,123
866,123
867,123
868,123
1003,123
1004,123
1005,123
1006,123
0,124
1,124
18,124
19,124
20,124
21,124
22,124
23,124
24,124
120,124
121,124
122,124
123,124
124,124
125,124
126,124
127,124
162,124
163,124
164,124
576,124
577,124
578,124
579,124
580,124
666,124
667,124
668,124
669,124
865,124
866,124
867,124
868,124
869,124
1003,124
1004,124
1005,124
1006,124
0,125
1,125
18,125
19,125
20,125
21,125
22,125
23,125
24,125
120,125
121,125
122,125
123,125
124,125
125,125
126,125
127,125
128,125
162,125
163,125
164,125
165,125
575,125
576,125
577,125
578,125
579,125
580,125
666,125
667,125
668,125
669,125
866,125
867,125
868,125
869,125
1003,125
1004,125
1005,125
1006,125
0,126
1,126
18,126
19,126
20,126
21,126
22,126
23,126
24,126
123,126
124,126
125,126
126,126
127,126
128,126
129,126
164,126
165,126
166,126
167,126
574,126
575,126
576,126
577,126
578,126
867,126
868,126
869,126
1003,126
1004,126
1005,126
1006,126
0,127
1,127
18,127
19,127
20,127
21,127
22,127
23,127
24,127
43,127
64,127
124,127
125,127
126,127
127,127
128,127
129,127
132,127
165,127
166,127
167,127
168,127
169,127
573,127
574,127
575,127
576,127
577,127
664,127
665,127
868,127
869,127
870,127
1003,127
1004,127
1005,127
1006,127
0,128
1,128
18,128
19,128
20,128
21,128
22,128
23,128
24,128
43,128
64,128
126,128
127,128
128,128
129,128
130,128
131,128
132,128
133,128
134,128
167,128
168,128
169,128
573,128
574,128
575,128
576,128
577,128
664,128
665,128
666,128
667,128
868,128
869,128
870,128
1003,128
1004,128
1005,128
1006,128
0,129
1,129
18,129
19,129
20,129
21,129
22,129
23,129
24,129
43,129
64,129
128,129
129,129
130,129
132,129
133,129
134,129
135,129
167,129
168,129
169,129
572,129
573,129
574,129
575,129
576,129
663,129
664,129
665,129
666,129
667,129
870,129
871,129
1003,129
1004,129
1005,129
1006,129
0,130
1,130
18,130
19,130
20,130
21,130
22,130
23,130
24,130
133,130
134,130
135,130
138,130
168,130
169,130
571,130
572,130
573,130
574,130
575,130
663,130
664,130
665,130
666,130
871,130
1003,130
1004,130
1005,130
1006,130
0,131
1,131
18,131
19,131
20,131
21,131
22,131
23,131
24,131
138,131
139,131
140,131
141,131
225,131
571,131
572,131
573,131
574,131
575,131
663,131
664,131
665,131
666,131
872,131
1003,131
1004,131
1005,131
1006,131
0,132
1,132
18,132
19,132
20,132
21,132
22,132
23,132
24,132
139,132
140,132
141,132
142,132
225,132
570,132
571,132
572,132
573,132
574,132
662,132
663,132
664,132
665,132
872,132
873,132
1003,132
1004,132
1005,132
1006,132
0,133
1,133
18,133
19,133
20,133
21,133
22,133
23,133
24,133
140,133
141,133
225,133
226,133
570,133
571,133
572,133
573,133
662,133
663,133
664,133
873,133
874,133
1003,133
1004,133
1005,133
1006,133
0,134
1,134
18,134
19,134
20,134
21,134
22,134
23,134
24,134
141,134
221,134
569,134
570,134
571,134
572,134
661,134
662,134
663,134
872,134
873,134
874,134
875,134
1003,134
1004,134
1005,134
1006,134
0,135
1,135
18,135
19,135
20,135
21,135
22,135
23,135
24,135
145,135
146,135
221,135
568,135
569,135
570,135
571,135
661,135
662,135
663,135
872,135
873,135
874,135
875,135
876,135
1003,135
1004,135
1005,135
1006,135
0,136
1,136
18,136
19,136
20,136
21,136
22,136
23,136
24,136
145,136
146,136
147,136
567,136
568,136
569,136
570,136
571,136
661,136
662,136
663,136
873,136
874,136
875,136
876,136
877,136
1003,136
1004,136
1005,136
1006,136
0,137
1,137
18,137
19,137
20,137
21,137
22,137
23,137
24,137
567,137
568,137
569,137
570,137
660,137
661,137
662,137
663,137
874,137
875,137
876,137
877,137
1003,137
1004,137
1005,137
1006,137
0,138
1,138
18,138
19,138
20,138
21,138
22,138
23,138
24,138
45,138
566,138
567,138
568,138
569,138
660,138
661,138
662,138
875,138
876,138
877,138
878,138
1003,138
1004,138
1005,138
1006,138
0,139
1,139
18,139
19,139
20,139
21,139
22,139
23,139
24,139
45,139
565,139
566,139
567,139
568,139
569,139
660,139
661,139
876,139
877,139
878,139
879,139
1003,139
1004,139
1005,139
1006,139
0,140
1,140
18,140
19,140
20,140
21,140
22,140
23,140
24,140
39,140
44,140
45,140
564,140
565,140
566,140
567,140
568,140
660,140
661,140
877,140
878,140
879,140
1003,140
1004,140
1005,140
1006,140
0,141
1,141
18,141
19,141
20,141
21,141
22,141
23,141
24,141
38,141
39,141
44,141
563,141
564,141
565,141
566,141
567,141
660,141
661,141
878,141
879,141
880,141
1003,141
1004,141
1005,141
1006,141
0,142
1,142
18,142
19,142
20,142
21,142
22,142
23,142
24,142
38,142
39,142
160,142
163,142
562,142
563,142
564,142
565,142
566,142
660,142
878,142
879,142
880,142
881,142
1003,142
1004,142
1005,142
1006,142
0,143
1,143
18,143
19,143
20,143
21,143
22,143
23,143
24,143
38,143
162,143
163,143
164,143
561,143
562,143
563,143
564,143
565,143
660,143
879,143
880,143
881,143
882,143
1000,143
1001,143
1003,143
1004,143
1005,143
1006,143
0,144
1,144
18,144
19,144
20,144
21,144
22,144
23,144
24,144
38,144
163,144
164,144
165,144
560,144
561,144
562,144
563,144
564,144
565,144
660,144
879,144
880,144
881,144
882,144
1000,144
1001,144
1003,144
1004,144
1005,144
1006,144
0,145
1,145
18,145
19,145
20,145
21,145
22,145
23,145
24,145
38,145
165,145
169,145
559,145
560,145
561,145
562,145
563,145
564,145
659,145
660,145
882,145
884,145
1000,145
1001,145
1003,145
1004,145
1005,145
1006,145
0,146
1,146
18,146
19,146
20,146
21,146
22,146
23,146
24,146
38,146
169,146
170,146
559,146
560,146
561,146
562,146
563,146
564,146
659,146
660,146
883,146
884,146
885,146
1001,146
1003,146
1004,146
1005,146
1006,146
0,147
1,147
18,147
19,147
20,147
21,147
22,147
23,147
24,147
169,147
170,147
189,147
558,147
559,147
560,147
561,147
562,147
563,147
658,147
659,147
883,147
884,147
885,147
886,147
1003,147
1004,147
1005,147
1006,147
0,148
1,148
18,148
19,148
20,148
21,148
22,148
23,148
24,148
557,148
558,148
559,148
560,148
561,148
562,148
657,148
658,148
883,148
884,148
885,148
886,148
887,148
1003,148
1004,148
1005,148
1006,148
0,149
1,149
18,149
19,149
20,149
21,149
22,149
23,149
24,149
557,149
558,149
559,149
560,149
561,149
562,149
654,149
657,149
658,149
883,149
884,149
885,149
886,149
887,149
1003,149
1004,149
1005,149
1006,149
0,150
1,150
18,150
19,150
20,150
21,150
22,150
23,150
24,150
556,150
557,150
558,150
559,150
560,150
561,150
654,150
657,150
885,150
886,150
887,150
1003,150
1004,150
1005,150
1006,150
0,151
1,151
18,151
19,151
20,151
21,151
22,151
23,151
24,151
555,151
556,151
557,151
558,151
559,151
560,151
653,151
654,151
886,151
887,151
888,151
889,151
1003,151
1004,151
1005,151
1006,151
0,152
1,152
18,152
19,152
20,152
21,152
22,152
23,152
24,152
163,152
164,152
165,152
555,152
556,152
557,152
558,152
559,152
653,152
654,152
887,152
888,152
889,152
890,152
1003,152
1004,152
1005,152
1006,152
0,153
1,153
18,153
19,153
20,153
21,153
22,153
23,153
24,153
163,153
164,153
165,153
166,153
554,153
555,153
556,153
557,153
558,153
652,153
653,153
654,153
887,153
888,153
889,153
890,153
891,153
1003,153
1004,153
1005,153
1006,153
0,154
1,154
18,154
19,154
20,154
21,154
22,154
23,154
24,154
163,154
164,154
165,154
166,154
185,154
390,154
553,154
554,154
555,154
556,154
557,154
650,154
653,154
888,154
889,154
890,154
891,154
1003,154
1004,154
1005,154
1006,154
0,155
1,155
18,155
19,155
20,155
21,155
22,155
23,155
24,155
164,155
165,155
166,155
167,155
168,155
385,155
553,155
554,155
555,155
556,155
889,155
890,155
891,155
892,155
893,155
1003,155
1004,155
1005,155
1006,155
0,156
1,156
18,156
19,156
20,156
21,156
22,156
23,156
24,156
166,156
167,156
168,156
169,156
385,156
386,156
552,156
553,156
554,156
555,156
556,156
647,156
890,156
891,156
892,156
893,156
894,156
1003,156
1004,156
1005,156
1006,156
0,157
1,157
18,157
19,157
20,157
21,157
22,157
23,157
24,157
167,157
168,157
169,157
170,157
385,157
386,157
387,157
552,157
553,157
554,157
555,157
646,157
647,157
890,157
891,157
892,157
893,157
894,157
1003,157
1004,157
1005,157
1006,157
0,158
1,158
18,158
19,158
20,158
21,158
22,158
23,158
24,158
167,158
168,158
169,158
385,158
386,158
387,158
551,158
552,158
553,158
554,158
555,158
645,158
646,158
647,158
893,158
894,158
895,158
1001,158
1003,158
1004,158
1005,158
1006,158
0,159
1,159
18,159
19,159
20,159
21,159
22,159
23,159
24,159
168,159
169,159
551,159
552,159
553,159
554,159
642,159
643,159
644,159
645,159
646,159
647,159
894,159
895,159
1001,159
1004,159
1005,159
0,160
1,160
18,160
19,160
20,160
21,160
22,160
23,160
24,160
43,160
44,160
45,160
46,160
47,160
48,160
49,160
193,160
194,160
551,160
552,160
553,160
554,160
642,160
643,160
644,160
645,160
825,160
894,160
895,160
896,160
897,160
1001,160
1005,160
0,161
1,161
18,161
19,161
20,161
21,161
22,161
23,161
24,161
41,161
42,161
43,161
44,161
45,161
46,161
47,161
48,161
49,161
50,161
51,161
550,161
551,161
552,161
553,161
554,161
641,161
642,161
643,161
644,161
645,161
825,161
895,161
896,161
897,161
898,161
899,161
1005,161
0,162
1,162
18,162
19,162
20,162
21,162
22,162
23,162
24,162
40,162
41,162
42,162
43,162
44,162
45,162
46,162
47,162
48,162
49,162
50,162
51,162
52,162
550,162
551,162
552,162
553,162
641,162
642,162
643,162
644,162
824,162
895,162
896,162
897,162
898,162
899,162
1005,162
0,163
1,163
18,163
19,163
20,163
21,163
22,163
23,163
24,163
40,163
41,163
42,163
43,163
44,163
45,163
46,163
47,163
48,163
49,163
50,163
51,163
52,163
53,163
54,163
55,163
56,163
549,163
550,163
551,163
552,163
553,163
640,163
641,163
642,163
828,163
896,163
897,163
898,163
899,163
1005,163
0,164
1,164
18,164
19,164
20,164
21,164
22,164
23,164
24,164
39,164
40,164
41,164
42,164
43,164
44,164
45,164
46,164
47,164
48,164
49,164
50,164
51,164
52,164
53,164
54,164
55,164
56,164
57,164
65,164
66,164
67,164
68,164
549,164
550,164
551,164
552,164
640,164
641,164
642,164
828,164
897,164
898,164
899,164
900,164
1005,164
0,165
1,165
18,165
19,165
20,165
21,165
22,165
23,165
24,165
39,165
40,165
41,165
42,165
43,165
44,165
45,165
46,165
47,165
48,165
49,165
50,165
51,165
52,165
53,165
54,165
55,165
56,165
57,165
58,165
59,165
60,165
61,165
62,165
63,165
64,165
65,165
66,165
67,165
68,165
69,165
70,165
549,165
550,165
551,165
552,165
640,165
641,165
828,165
899,165
900,165
901,165
1005,165
0,166
1,166
18,166
19,166
20,166
21,166
22,166
23,166
24,166
39,166
40,166
41,166
42,166
43,166
44,166
47,166
48,166
49,166
50,166
51,166
52,166
53,166
54,166
55,166
56,166
57,166
58,166
59,166
60,166
61,166
62,166
63,166
64,166
65,166
66,166
67,166
68,166
69,166
70,166
71,166
72,166
73,166
549,166
550,166
551,166
552,166
636,166
637,166
641,166
900,166
901,166
902,166
903,166
1005,166
0,167
1,167
18,167
19,167
20,167
21,167
22,167
23,167
24,167
38,167
39,167
40,167
41,167
42,167
43,167
50,167
51,167
52,167
53,167
54,167
55,167
56,167
57,167
58,167
59,167
60,167
61,167
62,167
63,167
64,167
65,167
66,167
67,167
68,167
69,167
70,167
71,167
72,167
73,167
74,167
75,167
548,167
549,167
550,167
551,167
636,167
637,167
638,167
817,167
899,167
900,167
901,167
902,167
903,167
1005,167
0,168
1,168
18,168
19,168
20,168
21,168
22,168
23,168
24,168
38,168
39,168
40,168
41,168
42,168
58,168
59,168
60,168
61,168
62,168
63,168
64,168
65,168
66,168
67,168
68,168
69,168
70,168
71,168
72,168
73,168
74,168
75,168
76,168
77,168
78,168
79,168
80,168
81,168
82,168
548,168
549,168
550,168
551,168
636,168
637,168
638,168
899,168
900,168
901,168
902,168
903,168
904,168
0,169
1,169
18,169
19,169
20,169
21,169
22,169
23,169
24,169
37,169
38,169
39,169
40,169
41,169
59,169
60,169
61,169
62,169
63,169
64,169
65,169
66,169
67,169
68,169
69,169
70,169
71,169
72,169
73,169
74,169
75,169
76,169
77,169
78,169
79,169
80,169
81,169
82,169
83,169
548,169
549,169
550,169
551,169
635,169
636,169
899,169
900,169
901,169
902,169
903,169
904,169
0,170
1,170
18,170
19,170
20,170
21,170
22,170
23,170
24,170
37,170
38,170
39,170
40,170
41,170
60,170
61,170
73,170
74,170
75,170
76,170
77,170
78,170
79,170
80,170
81,170
82,170
83,170
84,170
85,170
86,170
87,170
88,170
547,170
548,170
549,170
550,170
634,170
635,170
899,170
900,170
901,170
902,170
903,170
904,170
0,171
1,171
18,171
19,171
20,171
21,171
22,171
23,171
24,171
36,171
37,171
38,171
39,171
40,171
74,171
75,171
76,171
77,171
78,171
79,171
80,171
81,171
82,171
83,171
84,171
85,171
86,171
87,171
88,171
89,171
90,171
547,171
548,171
549,171
633,171
634,171
635,171
899,171
900,171
901,171
902,171
903,171
904,171
0,172
1,172
18,172
19,172
20,172
21,172
22,172
23,172
24,172
36,172
37,172
38,172
39,172
40,172
54,172
74,172
75,172
76,172
77,172
78,172
79,172
80,172
81,172
82,172
83,172
84,172
85,172
86,172
87,172
88,172
89,172
90,172
91,172
92,172
94,172
95,172
220,172
221,172
222,172
546,172
547,172
548,172
549,172
632,172
633,172
634,172
635,172
900,172
901,172
902,172
903,172
904,172
0,173
1,173
18,173
19,173
20,173
21,173
22,173
23,173
24,173
36,173
37,173
38,173
39,173
40,173
54,173
55,173
74,173
75,173
76,173
77,173
78,173
79,173
80,173
81,173
82,173
83,173
84,173
85,173
86,173
87,173
88,173
89,173
90,173
91,173
92,173
93,173
94,173
95,173
96,173
97,173
98,173
220,173
221,173
222,173
546,173
547,173
548,173
631,173
632,173
633,173
634,173
900,173
901,173
902,173
903,173
904,173
0,174
1,174
18,174
19,174
20,174
21,174
22,174
23,174
24,174
36,174
37,174
38,174
39,174
40,174
53,174
54,174
74,174
75,174
76,174
77,174
82,174
86,174
90,174
91,174
92,174
93,174
94,174
95,174
96,174
97,174
98,174
99,174
100,174
101,174
221,174
222,174
545,174
546,174
547,174
548,174
630,174
631,174
632,174
633,174
810,174
902,174
903,174
904,174
0,175
1,175
18,175
19,175
20,175
21,175
22,175
23,175
24,175
36,175
37,175
38,175
39,175
40,175
75,175
76,175
92,175
93,175
94,175
95,175
96,175
97,175
98,175
99,175
100,175
101,175
102,175
103,175
104,175
105,175
545,175
546,175
547,175
548,175
630,175
631,175
632,175
804,175
809,175
810,175
902,175
903,175
904,175
0,176
1,176
18,176
19,176
20,176
21,176
22,176
23,176
24,176
36,176
37,176
38,176
39,176
40,176
93,176
94,176
95,176
96,176
97,176
98,176
99,176
100,176
101,176
102,176
103,176
104,176
105,176
106,176
107,176
108,176
544,176
545,176
546,176
547,176
629,176
630,176
631,176
632,176
901,176
902,176
903,176
904,176
0,177
1,177
18,177
19,177
20,177
21,177
22,177
23,177
24,177
36,177
37,177
38,177
39,177
93,177
94,177
95,177
96,177
97,177
98,177
99,177
100,177
101,177
102,177
103,177
104,177
105,177
106,177
107,177
108,177
109,177
110,177
544,177
545,177
546,177
547,177
628,177
629,177
630,177
631,177
901,177
902,177
903,177
904,177
0,178
1,178
18,178
19,178
20,178
21,178
22,178
23,178
24,178
36,178
37,178
38,178
39,178
93,178
94,178
95,178
96,178
97,178
99,178
100,178
101,178
102,178
103,178
104,178
105,178
106,178
107,178
108,178
109,178
110,178
111,178
112,178
544,178
545,178
546,178
628,178
629,178
630,178
901,178
902,178
903,178
904,178
0,179
1,179
18,179
19,179
20,179
21,179
22,179
23,179
24,179
27,179
36,179
37,179
38,179
39,179
102,179
103,179
104,179
105,179
106,179
107,179
108,179
109,179
110,179
111,179
112,179
113,179
114,179
115,179
116,179
117,179
543,179
544,179
545,179
546,179
627,179
628,179
901,179
902,179
903,179
904,179
0,180
1,180
18,180
19,180
20,180
21,180
22,180
23,180
24,180
27,180
28,180
36,180
37,180
38,180
39,180
103,180
104,180
105,180
106,180
107,180
108,180
109,180
110,180
111,180
112,180
113,180
114,180
115,180
116,180
117,180
118,180
119,180
120,180
121,180
543,180
544,180
545,180
546,180
627,180
901,180
902,180
903,180
904,180
0,181
1,181
18,181
19,181
20,181
21,181
22,181
23,181
24,181
27,181
28,181
36,181
37,181
38,181
39,181
110,181
111,181
112,181
113,181
114,181
115,181
116,181
117,181
118,181
119,181
120,181
121,181
122,181
240,181
542,181
543,181
544,181
545,181
626,181
627,181
901,181
902,181
903,181
904,181
0,182
1,182
18,182
19,182
20,182
21,182
22,182
23,182
24,182
27,182
28,182
36,182
37,182
38,182
39,182
111,182
112,182
113,182
114,182
115,182
116,182
117,182
118,182
119,182
120,182
121,182
122,182
123,182
124,182
542,182
543,182
544,182
545,182
625,182
626,182
901,182
902,182
903,182
904,182
0,183
1,183
18,183
19,183
20,183
21,183
22,183
23,183
24,183
27,183
28,183
36,183
37,183
38,183
39,183
116,183
117,183
118,183
119,183
120,183
121,183
122,183
123,183
124,183
125,183
126,183
127,183
128,183
541,183
542,183
543,183
544,183
545,183
625,183
626,183
901,183
902,183
903,183
904,183
0,184
1,184
18,184
19,184
20,184
21,184
22,184
23,184
27,184
28,184
35,184
36,184
37,184
38,184
72,184
119,184
120,184
121,184
122,184
123,184
124,184
125,184
126,184
127,184
128,184
129,184
130,184
131,184
135,184
136,184
541,184
542,184
543,184
544,184
625,184
626,184
901,184
902,184
903,184
904,184
0,185
1,185
18,185
19,185
20,185
21,185
22,185
23,185
27,185
35,185
36,185
37,185
38,185
72,185
123,185
124,185
125,185
126,185
127,185
128,185
129,185
130,185
131,185
132,185
133,185
134,185
135,185
136,185
137,185
541,185
542,185
543,185
544,185
901,185
902,185
903,185
904,185
0,186
1,186
18,186
19,186
20,186
21,186
22,186
23,186
34,186
35,186
36,186
37,186
52,186
53,186
72,186
73,186
123,186
124,186
125,186
126,186
127,186
128,186
129,186
130,186
131,186
132,186
133,186
134,186
135,186
136,186
137,186
138,186
541,186
542,186
543,186
544,186
626,186
901,186
902,186
903,186
904,186
0,187
1,187
18,187
19,187
20,187
21,187
22,187
23,187
34,187
35,187
36,187
37,187
52,187
57,187
58,187
72,187
73,187
125,187
126,187
127,187
128,187
129,187
130,187
131,187
132,187
133,187
134,187
135,187
136,187
137,187
138,187
139,187
540,187
541,187
542,187
543,187
626,187
901,187
902,187
903,187
904,187
0,188
1,188
18,188
19,188
20,188
21,188
22,188
23,188
34,188
35,188
36,188
37,188
52,188
57,188
58,188
126,188
127,188
128,188
129,188
130,188
131,188
132,188
133,188
134,188
135,188
136,188
137,188
138,188
139,188
140,188
141,188
142,188
241,188
540,188
541,188
542,188
543,188
626,188
900,188
901,188
902,188
903,188
904,188
0,189
1,189
18,189
19,189
20,189
21,189
22,189
23,189
33,189
34,189
35,189
36,189
37,189
50,189
51,189
52,189
128,189
129,189
130,189
131,189
132,189
133,189
134,189
135,189
136,189
137,189
138,189
139,189
140,189
141,189
142,189
143,189
146,189
147,189
148,189
149,189
539,189
540,189
541,189
542,189
543,189
626,189
900,189
901,189
902,189
903,189
904,189
0,190
1,190
18,190
19,190
20,190
21,190
22,190
23,190
33,190
34,190
35,190
36,190
37,190
50,190
51,190
52,190
56,190
129,190
130,190
131,190
132,190
133,190
134,190
135,190
136,190
137,190
138,190
139,190
140,190
141,190
142,190
143,190
144,190
145,190
146,190
147,190
148,190
149,190
150,190
539,190
540,190
541,190
542,190
543,190
626,190
900,190
901,190
902,190
903,190
0,191
1,191
18,191
19,191
20,191
21,191
22,191
23,191
33,191
34,191
35,191
36,191
50,191
51,191
52,191
56,191
131,191
132,191
133,191
137,191
138,191
139,191
140,191
141,191
142,191
143,191
144,191
145,191
146,191
147,191
148,191
149,191
150,191
151,191
539,191
540,191
541,191
542,191
625,191
626,191
900,191
901,191
902,191
0,192
1,192
18,192
19,192
20,192
21,192
22,192
23,192
33,192
34,192
35,192
36,192
50,192
51,192
55,192
56,192
140,192
141,192
142,192
143,192
144,192
145,192
146,192
147,192
148,192
149,192
150,192
151,192
152,192
538,192
539,192
540,192
541,192
624,192
900,192
901,192
902,192
0,193
1,193
18,193
19,193
20,193
21,193
22,193
23,193
33,193
34,193
35,193
36,193
50,193
51,193
55,193
141,193
142,193
143,193
144,193
145,193
146,193
147,193
148,193
149,193
150,193
151,193
152,193
153,193
538,193
539,193
540,193
541,193
623,193
624,193
899,193
900,193
901,193
902,193
0,194
1,194
18,194
19,194
20,194
21,194
22,194
23,194
34,194
35,194
36,194
55,194
142,194
143,194
144,194
145,194
146,194
147,194
148,194
149,194
150,194
151,194
152,194
153,194
537,194
538,194
539,194
540,194
541,194
623,194
624,194
899,194
900,194
901,194
902,194
0,195
1,195
18,195
19,195
20,195
21,195
22,195
23,195
34,195
35,195
36,195
144,195
145,195
147,195
148,195
149,195
150,195
151,195
152,195
153,195
154,195
537,195
538,195
539,195
540,195
619,195
623,195
624,195
899,195
900,195
901,195
902,195
0,196
1,196
18,196
19,196
20,196
21,196
22,196
23,196
34,196
35,196
36,196
150,196
151,196
152,196
153,196
154,196
155,196
156,196
157,196
158,196
537,196
538,196
539,196
540,196
619,196
620,196
623,196
899,196
900,196
901,196
902,196
0,197
1,197
18,197
19,197
20,197
21,197
22,197
23,197
34,197
35,197
36,197
152,197
153,197
154,197
155,197
156,197
157,197
158,197
159,197
537,197
538,197
539,197
617,197
618,197
619,197
620,197
623,197
899,197
900,197
901,197
902,197
0,198
1,198
18,198
19,198
20,198
21,198
22,198
23,198
33,198
34,198
35,198
36,198
153,198
154,198
155,198
156,198
157,198
158,198
159,198
160,198
536,198
537,198
538,198
539,198
617,198
618,198
619,198
620,198
899,198
900,198
901,198
902,198
0,199
1,199
18,199
19,199
20,199
21,199
22,199
23,199
32,199
33,199
34,199
35,199
36,199
153,199
154,199
155,199
156,199
157,199
158,199
159,199
160,199
161,199
162,199
535,199
536,199
537,199
538,199
539,199
617,199
618,199
619,199
620,199
899,199
900,199
901,199
902,199
0,200
1,200
18,200
19,200
20,200
21,200
22,200
23,200
32,200
33,200
34,200
35,200
36,200
51,200
154,200
155,200
156,200
157,200
158,200
159,200
160,200
161,200
162,200
163,200
535,200
536,200
537,200
538,200
618,200
899,200
900,200
901,200
902,200
0,201
1,201
18,201
19,201
20,201
21,201
22,201
23,201
32,201
33,201
34,201
35,201
36,201
46,201
50,201
51,201
156,201
157,201
158,201
159,201
160,201
161,201
162,201
163,201
164,201
165,201
284,201
285,201
534,201
535,201
536,201
537,201
538,201
612,201
899,201
900,201
901,201
902,201
0,202
1,202
18,202
19,202
20,202
21,202
22,202
23,202
32,202
33,202
34,202
35,202
36,202
46,202
50,202
51,202
156,202
157,202
158,202
159,202
160,202
161,202
162,202
163,202
164,202
165,202
166,202
167,202
284,202
285,202
534,202
535,202
536,202
537,202
612,202
613,202
899,202
900,202
901,202
902,202
998,202
0,203
1,203
18,203
19,203
20,203
21,203
22,203
23,203
32,203
33,203
34,203
35,203
36,203
46,203
50,203
51,203
157,203
161,203
162,203
163,203
164,203
165,203
166,203
167,203
168,203
294,203
533,203
534,203
535,203
536,203
537,203
612,203
613,203
899,203
900,203
901,203
996,203
997,203
998,203
0,204
1,204
18,204
19,204
20,204
21,204
22,204
23,204
32,204
33,204
34,204
35,204
36,204
46,204
49,204
50,204
162,204
163,204
164,204
165,204
166,204
167,204
168,204
532,204
533,204
534,204
535,204
536,204
537,204
612,204
613,204
809,204
810,204
898,204
899,204
900,204
901,204
996,204
997,204
998,204
0,205
1,205
18,205
19,205
20,205
21,205
22,205
23,205
27,205
28,205
32,205
33,205
34,205
35,205
36,205
49,205
164,205
165,205
166,205
167,205
168,205
169,205
170,205
171,205
172,205
173,205
174,205
532,205
533,205
534,205
535,205
536,205
608,205
612,205
898,205
899,205
900,205
901,205
996,205
997,205
998,205
0,206
1,206
18,206
19,206
20,206
21,206
22,206
23,206
27,206
28,206
32,206
33,206
34,206
35,206
36,206
49,206
164,206
165,206
166,206
167,206
168,206
169,206
170,206
171,206
172,206
173,206
174,206
175,206
176,206
177,206
531,206
532,206
533,206
534,206
535,206
536,206
608,206
609,206
612,206
898,206
899,206
900,206
901,206
0,207
1,207
18,207
19,207
20,207
21,207
22,207
23,207
27,207
33,207
34,207
35,207
36,207
48,207
49,207
165,207
166,207
167,207
168,207
169,207
170,207
171,207
172,207
173,207
174,207
175,207
176,207
177,207
531,207
532,207
533,207
534,207
535,207
608,207
609,207
899,207
900,207
901,207
0,208
1,208
18,208
19,208
20,208
21,208
22,208
23,208
33,208
34,208
35,208
36,208
43,208
48,208
49,208
169,208
170,208
171,208
172,208
173,208
174,208
175,208
176,208
177,208
178,208
179,208
180,208
531,208
532,208
533,208
534,208
535,208
606,208
607,208
608,208
609,208
898,208
899,208
900,208
901,208
0,209
1,209
18,209
19,209
20,209
21,209
22,209
23,209
33,209
34,209
35,209
43,209
48,209
170,209
171,209
172,209
173,209
174,209
175,209
176,209
178,209
179,209
180,209
181,209
182,209
531,209
532,209
533,209
534,209
535,209
605,209
606,209
607,209
608,209
898,209
899,209
900,209
901,209
0,210
1,210
18,210
19,210
20,210
21,210
22,210
23,210
33,210
34,210
35,210
43,210
47,210
179,210
180,210
181,210
182,210
183,210
184,210
185,210
531,210
532,210
533,210
534,210
605,210
606,210
607,210
898,210
899,210
900,210
901,210
0,211
1,211
18,211
19,211
20,211
21,211
22,211
23,211
33,211
34,211
35,211
36,211
46,211
47,211
179,211
180,211
181,211
182,211
183,211
184,211
185,211
186,211
530,211
531,211
532,211
533,211
606,211
898,211
899,211
900,211
901,211
998,211
0,212
1,212
18,212
19,212
20,212
21,212
22,212
23,212
33,212
34,212
35,212
36,212
46,212
47,212
180,212
181,212
182,212
183,212
184,212
185,212
186,212
530,212
531,212
532,212
533,212
602,212
898,212
899,212
900,212
901,212
998,212
0,213
1,213
18,213
19,213
20,213
21,213
22,213
23,213
33,213
34,213
35,213
36,213
46,213
47,213
58,213
180,213
181,213
182,213
183,213
184,213
185,213
186,213
187,213
188,213
190,213
191,213
192,213
193,213
194,213
530,213
531,213
532,213
603,213
898,213
899,213
900,213
901,213
998,213
0,214
1,214
18,214
19,214
20,214
21,214
22,214
23,214
33,214
34,214
35,214
45,214
46,214
58,214
59,214
181,214
182,214
183,214
184,214
185,214
186,214
187,214
188,214
189,214
190,214
191,214
192,214
193,214
194,214
195,214
198,214
529,214
530,214
531,214
532,214
603,214
898,214
899,214
900,214
901,214
0,215
1,215
18,215
19,215
20,215
21,215
22,215
23,215
33,215
34,215
35,215
38,215
43,215
44,215
45,215
46,215
57,215
58,215
59,215
184,215
185,215
186,215
187,215
188,215
189,215
190,215
191,215
192,215
193,215
194,215
195,215
196,215
197,215
198,215
199,215
200,215
201,215
529,215
530,215
531,215
532,215
898,215
899,215
900,215
901,215
0,216
1,216
18,216
19,216
20,216
21,216
22,216
23,216
33,216
34,216
35,216
38,216
43,216
44,216
45,216
57,216
58,216
59,216
186,216
187,216
188,216
189,216
190,216
191,216
192,216
193,216
194,216
195,216
196,216
197,216
198,216
199,216
200,216
201,216
202,216
528,216
529,216
530,216
531,216
532,216
599,216
898,216
899,216
900,216
901,216
0,217
1,217
18,217
19,217
20,217
21,217
22,217
23,217
33,217
34,217
35,217
42,217
43,217
44,217
45,217
56,217
57,217
58,217
59,217
187,217
188,217
189,217
190,217
191,217
192,217
193,217
194,217
195,217
196,217
197,217
198,217
199,217
200,217
201,217
202,217
528,217
529,217
530,217
531,217
599,217
600,217
897,217
898,217
899,217
900,217
0,218
1,218
18,218
19,218
20,218
21,218
22,218
23,218
33,218
34,218
35,218
42,218
43,218
44,218
58,218
188,218
189,218
190,218
191,218
192,218
193,218
194,218
195,218
196,218
197,218
198,218
199,218
200,218
201,218
202,218
203,218
204,218
205,218
210,218
528,218
529,218
530,218
596,218
599,218
897,218
898,218
899,218
900,218
0,219
1,219
18,219
19,219
20,219
21,219
22,219
23,219
33,219
34,219
41,219
42,219
43,219
190,219
191,219
192,219
195,219
196,219
197,219
198,219
199,219
200,219
201,219
202,219
203,219
204,219
205,219
206,219
210,219
528,219
529,219
530,219
595,219
596,219
897,219
898,219
899,219
900,219
0,220
1,220
18,220
19,220
20,220
21,220
22,220
23,220
33,220
34,220
41,220
42,220
196,220
197,220
199,220
200,220
201,220
202,220
203,220
204,220
205,220
206,220
207,220
210,220
528,220
529,220
530,220
595,220
596,220
897,220
898,220
899,220
900,220
0,221
1,221
18,221
19,221
20,221
21,221
22,221
23,221
33,221
34,221
41,221
42,221
196,221
202,221
203,221
204,221
205,221
206,221
207,221
210,221
527,221
528,221
529,221
530,221
594,221
595,221
596,221
897,221
898,221
899,221
0,222
1,222
18,222
19,222
20,222
21,222
22,222
23,222
33,222
34,222
40,222
41,222
42,222
107,222
124,222
125,222
210,222
527,222
528,222
529,222
530,222
594,222
595,222
596,222
896,222
897,222
898,222
899,222
0,223
1,223
18,223
19,223
20,223
21,223
22,223
23,223
33,223
34,223
40,223
41,223
42,223
102,223
107,223
108,223
124,223
125,223
210,223
221,223
222,223
527,223
528,223
529,223
594,223
595,223
596,223
896,223
897,223
898,223
0,224
1,224
18,224
19,224
20,224
21,224
22,224
23,224
33,224
34,224
39,224
40,224
41,224
102,224
107,224
108,224
124,224
220,224
221,224
222,224
223,224
224,224
225,224
226,224
526,224
527,224
528,224
529,224
594,224
595,224
596,224
896,224
897,224
898,224
0,225
1,225
18,225
19,225
20,225
21,225
22,225
23,225
33,225
34,225
38,225
39,225
40,225
107,225
219,225
220,225
221,225
222,225
223,225
224,225
225,225
226,225
227,225
229,225
230,225
233,225
526,225
527,225
528,225
529,225
594,225
595,225
896,225
897,225
0,226
1,226
18,226
19,226
20,226
21,226
22,226
23,226
37,226
38,226
39,226
40,226
218,226
219,226
220,226
221,226
222,226
223,226
224,226
225,226
226,226
227,226
228,226
229,226
230,226
231,226
232,226
233,226
234,226
235,226
245,226
246,226
525,226
526,226
527,226
528,226
591,226
592,226
594,226
895,226
896,226
897,226
0,227
1,227
18,227
19,227
20,227
21,227
22,227
23,227
32,227
33,227
36,227
37,227
38,227
39,227
218,227
219,227
220,227
221,227
222,227
223,227
224,227
225,227
226,227
227,227
228,227
229,227
230,227
231,227
232,227
233,227
234,227
235,227
236,227
245,227
246,227
525,227
526,227
527,227
528,227
591,227
592,227
593,227
895,227
896,227
897,227
0,228
1,228
18,228
19,228
20,228
21,228
22,228
23,228
32,228
33,228
36,228
37,228
38,228
39,228
123,228
124,228
220,228
221,228
222,228
223,228
224,228
225,228
226,228
227,228
228,228
229,228
230,228
231,228
232,228
233,228
234,228
235,228
236,228
244,228
245,228
246,228
525,228
526,228
527,228
591,228
592,228
593,228
894,228
895,228
896,228
897,228
0,229
1,229
18,229
19,229
20,229
21,229
22,229
23,229
32,229
33,229
36,229
37,229
38,229
39,229
123,229
124,229
125,229
224,229
225,229
226,229
227,229
228,229
231,229
232,229
233,229
234,229
235,229
236,229
244,229
245,229
246,229
247,229
248,229
525,229
526,229
527,229
590,229
591,229
592,229
894,229
895,229
896,229
897,229
0,230
1,230
18,230
19,230
20,230
21,230
22,230
23,230
32,230
33,230
36,230
37,230
38,230
123,230
124,230
125,230
128,230
226,230
227,230
228,230
232,230
233,230
234,230
235,230
236,230
244,230
245,230
246,230
247,230
248,230
249,230
250,230
251,230
252,230
253,230
254,230
255,230
256,230
257,230
524,230
525,230
526,230
527,230
589,230
590,230
591,230
592,230
894,230
895,230
896,230
0,231
1,231
18,231
19,231
20,231
21,231
22,231
23,231
30,231
31,231
32,231
33,231
35,231
36,231
37,231
38,231
123,231
128,231
129,231
227,231
234,231
235,231
236,231
244,231
245,231
246,231
247,231
248,231
249,231
250,231
251,231
252,231
253,231
254,231
255,231
256,231
257,231
258,231
259,231
524,231
525,231
526,231
589,231
590,231
591,231
894,231
895,231
896,231
0,232
1,232
18,232
19,232
20,232
21,232
22,232
23,232
29,232
30,232
31,232
32,232
33,232
35,232
36,232
37,232
129,232
235,232
236,232
243,232
244,232
245,232
246,232
247,232
248,232
249,232
250,232
251,232
252,232
253,232
254,232
255,232
256,232
257,232
258,232
259,232
260,232
345,232
524,232
525,232
526,232
589,232
590,232
894,232
895,232
896,232
0,233
1,233
18,233
19,233
20,233
21,233
22,233
23,233
29,233
30,233
31,233
32,233
33,233
34,233
35,233
36,233
37,233
121,233
129,233
243,233
244,233
245,233
246,233
250,233
251,233
252,233
253,233
254,233
255,233
256,233
257,233
258,233
259,233
260,233
261,233
262,233
345,233
523,233
524,233
525,233
526,233
589,233
590,233
894,233
895,233
896,233
0,234
1,234
18,234
19,234
20,234
21,234
22,234
23,234
29,234
30,234
31,234
34,234
35,234
36,234
37,234
121,234
244,234
254,234
255,234
256,234
257,234
258,234
259,234
260,234
261,234
262,234
263,234
264,234
265,234
522,234
523,234
524,234
525,234
894,234
895,234
896,234
0,235
1,235
18,235
19,235
20,235
21,235
22,235
23,235
29,235
30,235
31,235
33,235
34,235
35,235
36,235
37,235
260,235
261,235
262,235
263,235
264,235
265,235
266,235
522,235
523,235
524,235
525,235
893,235
894,235
895,235
896,235
0,236
1,236
17,236
18,236
19,236
20,236
21,236
22,236
23,236
28,236
29,236
30,236
33,236
34,236
35,236
36,236
37,236
261,236
262,236
263,236
264,236
265,236
266,236
267,236
268,236
269,236
270,236
271,236
272,236
273,236
274,236
275,236
522,236
523,236
524,236
893,236
894,236
895,236
896,236
0,237
1,237
17,237
18,237
19,237
20,237
21,237
22,237
23,237
27,237
28,237
29,237
30,237
33,237
34,237
35,237
36,237
37,237
262,237
263,237
264,237
265,237
266,237
267,237
268,237
269,237
270,237
271,237
272,237
273,237
274,237
275,237
522,237
523,237
524,237
585,237
586,237
893,237
894,237
895,237
896,237
0,238
1,238
17,238
18,238
19,238
20,238
21,238
22,238
23,238
27,238
28,238
29,238
30,238
33,238
34,238
35,238
36,238
37,238
264,238
267,238
273,238
274,238
275,238
521,238
522,238
523,238
524,238
580,238
584,238
690,238
893,238
894,238
895,238
896,238
0,239
1,239
17,239
18,239
19,239
20,239
21,239
22,239
23,239
27,239
28,239
29,239
30,239
33,239
34,239
35,239
36,239
37,239
275,239
521,239
522,239
523,239
524,239
580,239
583,239
893,239
894,239
895,239
0,240
1,240
17,240
18,240
19,240
20,240
21,240
22,240
23,240
27,240
28,240
29,240
30,240
33,240
34,240
35,240
36,240
37,240
278,240
279,240
280,240
281,240
282,240
283,240
284,240
285,240
286,240
287,240
288,240
520,240
521,240
522,240
523,240
577,240
580,240
694,240
893,240
894,240
895,240
0,241
1,241
17,241
18,241
19,241
20,241
21,241
22,241
23,241
26,241
27,241
28,241
29,241
32,241
33,241
34,241
35,241
36,241
278,241
279,241
280,241
281,241
282,241
283,241
284,241
285,241
286,241
287,241
288,241
520,241
521,241
522,241
523,241
577,241
892,241
893,241
894,241
895,241
0,242
1,242
17,242
18,242
19,242
20,242
21,242
22,242
23,242
26,242
27,242
28,242
29,242
32,242
33,242
34,242
35,242
36,242
282,242
283,242
284,242
285,242
286,242
287,242
288,242
291,242
292,242
293,242
519,242
520,242
521,242
522,242
523,242
577,242
892,242
893,242
894,242
0,243
1,243
17,243
18,243
19,243
20,243
21,243
22,243
23,243
26,243
27,243
28,243
32,243
33,243
34,243
35,243
36,243
37,243
291,243
292,243
293,243
519,243
520,243
521,243
522,243
891,243
892,243
893,243
894,243
0,244
1,244
17,244
18,244
19,244
20,244
21,244
22,244
23,244
25,244
26,244
27,244
28,244
32,244
33,244
34,244
35,244
36,244
37,244
291,244
292,244
293,244
294,244
295,244
518,244
519,244
520,244
521,244
522,244
891,244
892,244
893,244
894,244
0,245
1,245
17,245
18,245
19,245
20,245
21,245
22,245
23,245
25,245
26,245
27,245
28,245
29,245
32,245
33,245
34,245
35,245
36,245
37,245
38,245
292,245
293,245
294,245
295,245
296,245
297,245
298,245
304,245
518,245
519,245
520,245
521,245
891,245
892,245
893,245
894,245
0,246
1,246
17,246
18,246
19,246
20,246
21,246
22,246
23,246
25,246
26,246
27,246
28,246
29,246
32,246
33,246
34,246
35,246
36,246
37,246
38,246
293,246
294,246
295,246
296,246
297,246
298,246
299,246
300,246
301,246
302,246
303,246
304,246
305,246
518,246
519,246
520,246
521,246
891,246
892,246
893,246
894,246
0,247
1,247
17,247
18,247
19,247
20,247
21,247
22,247
23,247
25,247
26,247
27,247
28,247
31,247
32,247
33,247
34,247
35,247
36,247
37,247
38,247
293,247
294,247
295,247
296,247
297,247
298,247
299,247
300,247
301,247
302,247
303,247
304,247
305,247
517,247
518,247
519,247
520,247
891,247
892,247
893,247
894,247
0,248
1,248
17,248
18,248
19,248
20,248
21,248
22,248
23,248
25,248
26,248
27,248
28,248
31,248
32,248
33,248
34,248
35,248
36,248
37,248
38,248
296,248
300,248
301,248
302,248
303,248
304,248
305,248
309,248
310,248
314,248
316,248
517,248
518,248
519,248
569,248
891,248
892,248
893,248
894,248
0,249
1,249
17,249
18,249
19,249
20,249
21,249
22,249
23,249
25,249
26,249
27,249
28,249
32,249
33,249
34,249
35,249
36,249
37,249
38,249
308,249
309,249
310,249
311,249
312,249
313,249
314,249
315,249
316,249
317,249
517,249
518,249
519,249
569,249
891,249
892,249
893,249
894,249
0,250
1,250
17,250
18,250
19,250
20,250
21,250
22,250
23,250
25,250
26,250
27,250
28,250
29,250
32,250
33,250
34,250
35,250
36,250
37,250
38,250
309,250
310,250
311,250
312,250
313,250
314,250
315,250
316,250
317,250
516,250
517,250
518,250
519,250
568,250
569,250
891,250
892,250
893,250
894,250
0,251
1,251
17,251
18,251
19,251
20,251
21,251
22,251
23,251
25,251
26,251
27,251
28,251
32,251
33,251
34,251
35,251
36,251
37,251
38,251
309,251
310,251
311,251
312,251
313,251
314,251
315,251
316,251
317,251
318,251
319,251
320,251
321,251
322,251
516,251
517,251
518,251
519,251
566,251
569,251
890,251
891,251
892,251
893,251
0,252
1,252
17,252
18,252
19,252
20,252
21,252
22,252
23,252
25,252
26,252
27,252
28,252
32,252
33,252
34,252
35,252
36,252
37,252
38,252
309,252
310,252
311,252
312,252
313,252
314,252
315,252
316,252
317,252
318,252
319,252
320,252
321,252
322,252
323,252
516,252
517,252
518,252
566,252
890,252
891,252
892,252
893,252
0,253
1,253
17,253
18,253
19,253
20,253
21,253
22,253
23,253
25,253
26,253
27,253
28,253
31,253
32,253
33,253
34,253
35,253
36,253
37,253
38,253
312,253
313,253
314,253
315,253
316,253
317,253
318,253
319,253
320,253
321,253
322,253
323,253
326,253
327,253
328,253
516,253
517,253
518,253
566,253
890,253
891,253
892,253
893,253
0,254
1,254
17,254
18,254
19,254
20,254
21,254
22,254
23,254
25,254
26,254
27,254
28,254
32,254
33,254
34,254
35,254
36,254
37,254
38,254
39,254
312,254
313,254
314,254
315,254
316,254
317,254
322,254
325,254
326,254
327,254
328,254
329,254
330,254
331,254
515,254
516,254
517,254
518,254
890,254
891,254
892,254
893,254
0,255
1,255
17,255
18,255
19,255
20,255
21,255
22,255
23,255
25,255
26,255
27,255
28,255
29,255
32,255
33,255
34,255
35,255
36,255
37,255
38,255
39,255
325,255
326,255
327,255
328,255
329,255
330,255
331,255
332,255
333,255
334,255
336,255
337,255
338,255
515,255
516,255
517,255
518,255
890,255
891,255
892,255
893,255
0,256
1,256
17,256
18,256
19,256
20,256
21,256
22,256
23,256
25,256
26,256
27,256
28,256
29,256
34,256
35,256
36,256
37,256
38,256
39,256
325,256
326,256
327,256
328,256
329,256
330,256
331,256
332,256
333,256
334,256
335,256
336,256
337,256
338,256
339,256
340,256
514,256
515,256
516,256
517,256
890,256
891,256
892,256
893,256
0,257
1,257
17,257
18,257
19,257
20,257
21,257
22,257
23,257
25,257
26,257
27,257
28,257
29,257
35,257
36,257
37,257
38,257
39,257
326,257
327,257
328,257
329,257
330,257
331,257
332,257
333,257
334,257
335,257
336,257
337,257
338,257
339,257
340,257
341,257
514,257
515,257
516,257
889,257
890,257
891,257
892,257
893,257
0,258
1,258
17,258
18,258
19,258
20,258
21,258
22,258
23,258
25,258
26,258
27,258
28,258
29,258
36,258
37,258
38,258
39,258
40,258
47,258
327,258
328,258
329,258
330,258
331,258
332,258
333,258
334,258
335,258
336,258
337,258
338,258
339,258
340,258
341,258
342,258
514,258
515,258
516,258
889,258
890,258
891,258
892,258
893,258
0,259
1,259
17,259
18,259
19,259
20,259
21,259
22,259
23,259
25,259
26,259
27,259
28,259
29,259
37,259
38,259
39,259
40,259
46,259
47,259
336,259
337,259
338,259
339,259
340,259
341,259
342,259
343,259
344,259
345,259
346,259
347,259
514,259
515,259
516,259
560,259
561,259
889,259
890,259
891,259
892,259
0,260
1,260
17,260
18,260
19,260
20,260
21,260
22,260
23,260
25,260
26,260
27,260
28,260
29,260
37,260
38,260
39,260
40,260
46,260
47,260
337,260
338,260
339,260
340,260
341,260
342,260
343,260
344,260
345,260
346,260
347,260
348,260
349,260
350,260
351,260
352,260
353,260
513,260
514,260
515,260
560,260
561,260
671,260
889,260
890,260
891,260
892,260
0,261
1,261
17,261
18,261
19,261
20,261
21,261
22,261
23,261
25,261
26,261
27,261
28,261
29,261
38,261
338,261
339,261
340,261
341,261
342,261
343,261
344,261
345,261
346,261
347,261
348,261
349,261
350,261
351,261
352,261
353,261
354,261
355,261
356,261
357,261
513,261
514,261
515,261
560,261
671,261
889,261
890,261
891,261
892,261
0,262
1,262
17,262
18,262
19,262
20,262
21,262
22,262
23,262
25,262
26,262
27,262
28,262
29,262
339,262
340,262
341,262
342,262
343,262
344,262
345,262
346,262
347,262
348,262
349,262
350,262
351,262
352,262
353,262
354,262
355,262
356,262
357,262
358,262
513,262
514,262
515,262
560,262
889,262
890,262
891,262
892,262
0,263
1,263
17,263
18,263
19,263
20,263
21,263
22,263
23,263
25,263
26,263
27,263
28,263
29,263
55,263
341,263
342,263
343,263
344,263
345,263
346,263
347,263
348,263
349,263
350,263
351,263
352,263
353,263
354,263
355,263
356,263
357,263
358,263
359,263
512,263
513,263
514,263
676,263
888,263
889,263
890,263
891,263
892,263
0,264
1,264
17,264
18,264
19,264
20,264
21,264
22,264
23,264
25,264
26,264
27,264
28,264
29,264
54,264
55,264
56,264
342,264
343,264
344,264
345,264
346,264
347,264
348,264
349,264
350,264
351,264
352,264
353,264
354,264
355,264
356,264
357,264
358,264
359,264
360,264
511,264
512,264
513,264
888,264
889,264
890,264
891,264
0,265
17,265
18,265
19,265
20,265
21,265
22,265
23,265
25,265
26,265
27,265
28,265
29,265
56,265
355,265
356,265
357,265
358,265
359,265
360,265
361,265
362,265
363,265
364,265
511,265
512,265
513,265
887,265
888,265
889,265
890,265
0,266
17,266
18,266
19,266
20,266
21,266
22,266
23,266
25,266
26,266
27,266
28,266
29,266
43,266
358,266
359,266
360,266
361,266
362,266
363,266
364,266
365,266
369,266
370,266
371,266
372,266
373,266
374,266
375,266
376,266
511,266
512,266
887,266
888,266
889,266
0,267
17,267
18,267
19,267
20,267
21,267
22,267
23,267
25,267
26,267
27,267
28,267
29,267
42,267
43,267
358,267
359,267
360,267
361,267
362,267
363,267
364,267
365,267
369,267
370,267
371,267
372,267
373,267
374,267
375,267
376,267
377,267
378,267
379,267
510,267
511,267
512,267
887,267
888,267
889,267
0,268
17,268
18,268
19,268
20,268
21,268
22,268
23,268
25,268
26,268
27,268
28,268
29,268
42,268
43,268
44,268
360,268
361,268
362,268
363,268
364,268
370,268
371,268
372,268
373,268
374,268
375,268
376,268
377,268
378,268
379,268
380,268
510,268
511,268
512,268
886,268
887,268
888,268
889,268
0,269
17,269
18,269
19,269
20,269
21,269
22,269
23,269
25,269
26,269
27,269
28,269
29,269
42,269
43,269
44,269
371,269
372,269
373,269
374,269
375,269
376,269
377,269
378,269
379,269
380,269
381,269
509,269
510,269
511,269
512,269
548,269
886,269
887,269
888,269
889,269
0,270
17,270
18,270
19,270
20,270
21,270
22,270
23,270
25,270
26,270
27,270
28,270
29,270
42,270
43,270
44,270
377,270
378,270
379,270
380,270
381,270
382,270
383,270
384,270
385,270
386,270
387,270
388,270
389,270
390,270
391,270
392,270
393,270
394,270
509,270
510,270
511,270
512,270
548,270
549,270
886,270
887,270
888,270
889,270
0,271
17,271
18,271
19,271
20,271
21,271
22,271
23,271
25,271
26,271
27,271
28,271
29,271
42,271
43,271
44,271
45,271
377,271
378,271
379,271
380,271
381,271
382,271
383,271
384,271
385,271
386,271
387,271
388,271
389,271
390,271
391,271
392,271
393,271
394,271
508,271
509,271
510,271
511,271
548,271
886,271
887,271
888,271
0,272
17,272
18,272
19,272
20,272
21,272
22,272
23,272
25,272
26,272
27,272
28,272
29,272
43,272
44,272
45,272
377,272
378,272
379,272
380,272
381,272
382,272
383,272
384,272
385,272
386,272
387,272
388,272
389,272
390,272
391,272
392,272
393,272
394,272
395,272
396,272
397,272
508,272
509,272
510,272
511,272
885,272
886,272
887,272
888,272
0,273
17,273
18,273
19,273
20,273
21,273
22,273
23,273
25,273
26,273
27,273
28,273
29,273
43,273
44,273
45,273
46,273
386,273
387,273
388,273
389,273
390,273
391,273
392,273
393,273
394,273
395,273
396,273
397,273
508,273
509,273
510,273
511,273
660,273
885,273
886,273
887,273
888,273
0,274
17,274
18,274
19,274
20,274
21,274
22,274
23,274
25,274
26,274
27,274
28,274
29,274
44,274
45,274
46,274
47,274
392,274
393,274
394,274
395,274
396,274
397,274
398,274
399,274
400,274
401,274
402,274
403,274
404,274
405,274
508,274
509,274
510,274
542,274
660,274
885,274
886,274
887,274
888,274
0,275
17,275
18,275
19,275
20,275
21,275
22,275
25,275
26,275
27,275
28,275
29,275
44,275
45,275
46,275
47,275
395,275
396,275
397,275
398,275
399,275
400,275
401,275
402,275
403,275
404,275
405,275
406,275
407,275
408,275
409,275
410,275
411,275
412,275
508,275
509,275
510,275
542,275
543,275
885,275
886,275
887,275
888,275
0,276
17,276
18,276
19,276
20,276
21,276
22,276
25,276
26,276
27,276
28,276
44,276
45,276
46,276
47,276
76,276
79,276
396,276
397,276
398,276
399,276
400,276
401,276
402,276
403,276
404,276
405,276
406,276
407,276
408,276
409,276
410,276
411,276
412,276
413,276
508,276
509,276
510,276
542,276
543,276
884,276
885,276
886,276
887,276
888,276
0,277
17,277
18,277
19,277
20,277
21,277
22,277
25,277
26,277
27,277
28,277
44,277
45,277
46,277
47,277
79,277
396,277
397,277
398,277
399,277
400,277
401,277
402,277
403,277
404,277
405,277
406,277
407,277
408,277
409,277
410,277
411,277
412,277
413,277
414,277
507,277
508,277
509,277
510,277
654,277
655,277
884,277
885,277
886,277
887,277
0,278
17,278
18,278
19,278
20,278
21,278
22,278
25,278
26,278
27,278
28,278
45,278
46,278
47,278
75,278
78,278
79,278
399,278
400,278
401,278
402,278
403,278
404,278
405,278
406,278
407,278
408,278
409,278
410,278
411,278
412,278
413,278
414,278
417,278
506,278
507,278
508,278
509,278
510,278
541,278
542,278
654,278
884,278
885,278
886,278
887,278
0,279
17,279
18,279
19,279
20,279
21,279
22,279
25,279
26,279
27,279
28,279
45,279
46,279
47,279
75,279
78,279
79,279
405,279
406,279
407,279
408,279
409,279
410,279
411,279
412,279
413,279
414,279
417,279
506,279
507,279
508,279
509,279
541,279
542,279
654,279
884,279
885,279
886,279
887,279
0,280
17,280
18,280
19,280
20,280
21,280
22,280
25,280
26,280
27,280
28,280
45,280
46,280
47,280
75,280
78,280
79,280
405,280
406,280
407,280
408,280
409,280
410,280
411,280
412,280
413,280
419,280
420,280
421,280
424,280
425,280
426,280
427,280
428,280
439,280
440,280
441,280
442,280
444,280
505,280
506,280
507,280
508,280
509,280
883,280
884,280
885,280
886,280
0,281
17,281
18,281
19,281
20,281
21,281
22,281
25,281
26,281
27,281
28,281
46,281
47,281
75,281
78,281
406,281
411,281
419,281
420,281
421,281
422,281
423,281
424,281
425,281
426,281
427,281
428,281
429,281
430,281
431,281
432,281
433,281
434,281
435,281
436,281
437,281
438,281
439,281
440,281
441,281
442,281
443,281
444,281
445,281
505,281
506,281
507,281
508,281
883,281
884,281
885,281
886,281
0,282
17,282
18,282
19,282
20,282
21,282
22,282
25,282
26,282
27,282
28,282
46,282
47,282
75,282
76,282
77,282
78,282
419,282
420,282
421,282
422,282
423,282
424,282
425,282
426,282
427,282
428,282
429,282
430,282
431,282
432,282
433,282
434,282
435,282
436,282
437,282
438,282
439,282
440,282
441,282
442,282
443,282
444,282
445,282
446,282
506,282
507,282
508,282
883,282
884,282
885,282
886,282
0,283
17,283
18,283
19,283
20,283
21,283
22,283
25,283
26,283
27,283
28,283
47,283
48,283
74,283
75,283
76,283
77,283
78,283
419,283
420,283
421,283
422,283
423,283
424,283
425,283
426,283
427,283
428,283
429,283
430,283
440,283
441,283
442,283
443,283
444,283
445,283
446,283
506,283
507,283
508,283
882,283
883,283
884,283
885,283
0,284
17,284
18,284
19,284
20,284
21,284
22,284
25,284
26,284
27,284
28,284
48,284
49,284
50,284
74,284
75,284
76,284
77,284
405,284
414,284
423,284
443,284
444,284
445,284
446,284
447,284
448,284
449,284
450,284
451,284
452,284
453,284
454,284
505,284
506,284
507,284
508,284
882,284
883,284
884,284
885,284
0,285
17,285
18,285
19,285
20,285
21,285
22,285
25,285
26,285
27,285
28,285
48,285
49,285
50,285
73,285
74,285
75,285
76,285
77,285
413,285
414,285
443,285
444,285
445,285
446,285
447,285
448,285
449,285
450,285
451,285
452,285
453,285
454,285
455,285
456,285
457,285
468,285
469,285
505,285
506,285
507,285
882,285
883,285
884,285
885,285
0,286
17,286
18,286
19,286
20,286
21,286
22,286
25,286
26,286
27,286
28,286
48,286
49,286
50,286
51,286
73,286
74,286
75,286
412,286
413,286
443,286
446,286
447,286
448,286
449,286
450,286
451,286
452,286
453,286
454,286
455,286
456,286
457,286
458,286
459,286
460,286
461,286
462,286
463,286
464,286
465,286
466,286
467,286
468,286
469,286
470,286
471,286
505,286
506,286
882,286
883,286
884,286
885,286
0,287
17,287
18,287
19,287
20,287
21,287
22,287
25,287
26,287
27,287
28,287
29,287
49,287
50,287
51,287
73,287
74,287
75,287
445,287
447,287
448,287
449,287
450,287
451,287
452,287
453,287
454,287
455,287
456,287
457,287
458,287
459,287
460,287
461,287
462,287
463,287
464,287
465,287
466,287
467,287
468,287
469,287
470,287
471,287
504,287
505,287
506,287
881,287
882,287
883,287
884,287
0,288
17,288
18,288
19,288
20,288
21,288
22,288
25,288
26,288
27,288
28,288
29,288
49,288
50,288
51,288
73,288
74,288
75,288
76,288
349,288
351,288
352,288
358,288
430,288
445,288
448,288
449,288
450,288
451,288
452,288
453,288
454,288
455,288
456,288
457,288
458,288
459,288
460,288
461,288
462,288
463,288
464,288
465,288
466,288
467,288
468,288
469,288
470,288
471,288
472,288
504,288
505,288
506,288
537,288
881,288
882,288
883,288
884,288
0,289
17,289
18,289
19,289
20,289
21,289
22,289
25,289
26,289
27,289
28,289
29,289
50,289
51,289
52,289
73,289
74,289
75,289
76,289
348,289
349,289
350,289
351,289
352,289
353,289
357,289
358,289
359,289
360,289
361,289
362,289
363,289
364,289
365,289
366,289
367,289
368,289
369,289
370,289
387,289
388,289
392,289
393,289
394,289
395,289
396,289
397,289
398,289
406,289
407,289
408,289
409,289
410,289
411,289
412,289
413,289
425,289
426,289
427,289
428,289
429,289
430,289
431,289
432,289
433,289
434,289
436,289
437,289
438,289
439,289
442,289
443,289
444,289
448,289
449,289
450,289
451,289
452,289
453,289
454,289
465,289
466,289
467,289
468,289
469,289
470,289
471,289
472,289
473,289
474,289
475,289
476,289
503,289
504,289
505,289
506,289
537,289
642,289
880,289
881,289
882,289
883,289
884,289
0,290
17,290
18,290
19,290
20,290
21,290
22,290
25,290
26,290
27,290
28,290
50,290
51,290
52,290
53,290
72,290
73,290
74,290
75,290
346,290
347,290
348,290
349,290
350,290
351,290
352,290
353,290
354,290
355,290
356,290
357,290
358,290
359,290
360,290
361,290
362,290
363,290
364,290
365,290
366,290
367,290
368,290
369,290
370,290
371,290
372,290
373,290
374,290
375,290
376,290
377,290
378,290
379,290
380,290
381,290
382,290
383,290
384,290
385,290
386,290
387,290
388,290
389,290
390,290
391,290
392,290
393,290
394,290
395,290
396,290
397,290
398,290
399,290
400,290
401,290
402,290
403,290
404,290
405,290
406,290
407,290
408,290
409,290
410,290
411,290
412,290
413,290
414,290
415,290
416,290
417,290
418,290
419,290
420,290
421,290
422,290
423,290
424,290
425,290
426,290
427,290
428,290
429,290
430,290
431,290
432,290
433,290
434,290
435,290
436,290
437,290
438,290
439,290
440,290
441,290
442,290
443,290
444,290
445,290
446,290
447,290
450,290
468,290
469,290
470,290
471,290
472,290
473,290
474,290
475,290
476,290
477,290
478,290
479,290
480,290
481,290
482,290
483,290
484,290
503,290
504,290
505,290
642,290
880,290
881,290
882,290
883,290
0,291
17,291
18,291
19,291
20,291
21,291
22,291
25,291
26,291
27,291
28,291
51,291
52,291
53,291
71,291
72,291
73,291
74,291
341,291
342,291
343,291
344,291
345,291
346,291
347,291
348,291
349,291
350,291
351,291
352,291
353,291
354,291
355,291
356,291
357,291
358,291
359,291
360,291
361,291
362,291
363,291
364,291
365,291
366,291
367,291
368,291
369,291
370,291
371,291
372,291
373,291
374,291
375,291
376,291
377,291
378,291
379,291
380,291
381,291
382,291
383,291
384,291
385,291
386,291
387,291
388,291
389,291
390,291
391,291
392,291
393,291
394,291
395,291
396,291
397,291
398,291
399,291
400,291
401,291
402,291
403,291
404,291
405,291
406,291
407,291
408,291
409,291
410,291
411,291
412,291
413,291
414,291
415,291
416,291
417,291
418,291
419,291
420,291
421,291
422,291
423,291
424,291
425,291
426,291
427,291
428,291
429,291
430,291
431,291
432,291
433,291
434,291
435,291
436,291
437,291
438,291
439,291
440,291
441,291
442,291
443,291
444,291
445,291
446,291
447,291
448,291
471,291
472,291
473,291
474,291
475,291
476,291
477,291
478,291
479,291
480,291
481,291
482,291
483,291
484,291
485,291
486,291
503,291
504,291
880,291
881,291
882,291
0,292
17,292
18,292
19,292
20,292
21,292
22,292
25,292
26,292
27,292
28,292
52,292
53,292
54,292
71,292
72,292
73,292
74,292
338,292
339,292
341,292
342,292
343,292
344,292
345,292
346,292
347,292
348,292
349,292
350,292
351,292
352,292
353,292
354,292
355,292
356,292
357,292
358,292
359,292
360,292
361,292
362,292
363,292
364,292
365,292
366,292
367,292
368,292
369,292
370,292
371,292
372,292
373,292
374,292
375,292
376,292
377,292
378,292
379,292
380,292
381,292
382,292
383,292
384,292
385,292
386,292
387,292
388,292
389,292
390,292
391,292
392,292
393,292
394,292
395,292
396,292
397,292
398,292
399,292
400,292
401,292
402,292
403,292
404,292
405,292
406,292
407,292
408,292
409,292
410,292
411,292
412,292
413,292
414,292
415,292
416,292
417,292
418,292
419,292
420,292
421,292
422,292
423,292
424,292
425,292
426,292
427,292
428,292
429,292
430,292
431,292
432,292
433,292
434,292
435,292
436,292
437,292
438,292
439,292
440,292
441,292
442,292
443,292
444,292
445,292
446,292
447,292
448,292
449,292
450,292
451,292
452,292
453,292
472,292
473,292
474,292
475,292
476,292
477,292
478,292
479,292
480,292
481,292
482,292
483,292
484,292
485,292
486,292
487,292
488,292
879,292
880,292
881,292
882,292
0,293
17,293
18,293
19,293
20,293
21,293
22,293
25,293
26,293
27,293
28,293
52,293
53,293
54,293
55,293
71,293
72,293
73,293
325,293
334,293
335,293
336,293
337,293
338,293
339,293
340,293
341,293
342,293
343,293
344,293
345,293
346,293
347,293
348,293
349,293
350,293
351,293
352,293
353,293
354,293
355,293
356,293
357,293
359,293
360,293
361,293
363,293
364,293
365,293
366,293
367,293
368,293
369,293
370,293
371,293
372,293
373,293
374,293
375,293
376,293
377,293
378,293
379,293
380,293
381,293
382,293
383,293
384,293
385,293
386,293
387,293
388,293
389,293
390,293
391,293
392,293
393,293
394,293
395,293
396,293
397,293
398,293
399,293
400,293
401,293
402,293
403,293
404,293
405,293
406,293
407,293
408,293
409,293
410,293
411,293
412,293
413,293
414,293
415,293
416,293
417,293
418,293
419,293
420,293
421,293
422,293
423,293
424,293
425,293
426,293
427,293
428,293
429,293
430,293
431,293
432,293
433,293
434,293
435,293
436,293
437,293
438,293
439,293
440,293
441,293
442,293
443,293
444,293
445,293
446,293
447,293
448,293
449,293
450,293
451,293
452,293
453,293
454,293
476,293
477,293
484,293
485,293
486,293
487,293
488,293
489,293
879,293
880,293
881,293
882,293
0,294
17,294
18,294
19,294
20,294
21,294
22,294
25,294
26,294
27,294
28,294
53,294
54,294
55,294
70,294
71,294
73,294
87,294
91,294
92,294
325,294
333,294
334,294
335,294
336,294
337,294
338,294
339,294
340,294
341,294
342,294
343,294
344,294
345,294
346,294
347,294
348,294
349,294
350,294
351,294
354,294
355,294
359,294
364,294
365,294
366,294
367,294
368,294
369,294
370,294
408,294
409,294
410,294
411,294
412,294
414,294
415,294
416,294
417,294
418,294
421,294
422,294
423,294
424,294
428,294
429,294
430,294
431,294
432,294
433,294
434,294
435,294
436,294
437,294
438,294
439,294
440,294
441,294
442,294
443,294
444,294
445,294
446,294
447,294
448,294
449,294
450,294
451,294
452,294
453,294
454,294
455,294
484,294
485,294
486,294
878,294
879,294
880,294
881,294
882,294
0,295
17,295
18,295
19,295
20,295
21,295
22,295
25,295
26,295
27,295
28,295
53,295
54,295
55,295
69,295
70,295
87,295
91,295
92,295
302,295
303,295
304,295
305,295
306,295
307,295
308,295
309,295
310,295
311,295
312,295
313,295
316,295
317,295
318,295
319,295
320,295
321,295
322,295
323,295
328,295
331,295
332,295
333,295
334,295
335,295
336,295
337,295
338,295
339,295
340,295
341,295
342,295
343,295
344,295
345,295
346,295
347,295
348,295
349,295
350,295
355,295
429,295
436,295
437,295
438,295
439,295
440,295
441,295
442,295
443,295
444,295
445,295
446,295
447,295
448,295
449,295
450,295
451,295
452,295
453,295
454,295
455,295
456,295
457,295
458,295
466,295
878,295
879,295
880,295
881,295
0,296
17,296
18,296
19,296
20,296
21,296
22,296
25,296
26,296
27,296
28,296
53,296
54,296
55,296
68,296
69,296
70,296
87,296
299,296
300,296
301,296
302,296
303,296
304,296
305,296
306,296
307,296
308,296
309,296
310,296
311,296
312,296
313,296
314,296
315,296
316,296
317,296
318,296
319,296
320,296
321,296
322,296
323,296
324,296
327,296
328,296
329,296
330,296
331,296
332,296
333,296
334,296
335,296
336,296
337,296
338,296
339,296
340,296
341,296
342,296
343,296
344,296
345,296
346,296
436,296
437,296
438,296
439,296
440,296
441,296
442,296
443,296
444,296
445,296
446,296
447,296
448,296
449,296
450,296
451,296
452,296
453,296
454,296
455,296
456,296
457,296
458,296
459,296
878,296
879,296
880,296
881,296
0,297
17,297
18,297
19,297
20,297
21,297
22,297
25,297
26,297
27,297
28,297
53,297
54,297
55,297
56,297
68,297
69,297
86,297
95,297
296,297
297,297
298,297
299,297
300,297
301,297
302,297
303,297
304,297
305,297
306,297
307,297
308,297
309,297
310,297
311,297
312,297
313,297
314,297
315,297
316,297
317,297
318,297
319,297
320,297
321,297
322,297
323,297
324,297
325,297
326,297
327,297
328,297
329,297
330,297
331,297
332,297
333,297
334,297
335,297
336,297
337,297
338,297
339,297
341,297
342,297
343,297
344,297
345,297
437,297
438,297
441,297
446,297
447,297
448,297
449,297
450,297
451,297
452,297
453,297
454,297
455,297
456,297
457,297
458,297
459,297
460,297
469,297
470,297
878,297
879,297
880,297
0,298
17,298
18,298
19,298
20,298
21,298
22,298
25,298
26,298
27,298
28,298
54,298
55,298
56,298
67,298
68,298
85,298
86,298
290,298
291,298
292,298
295,298
296,298
297,298
298,298
299,298
300,298
301,298
302,298
303,298
304,298
305,298
306,298
307,298
308,298
309,298
310,298
311,298
312,298
313,298
314,298
315,298
316,298
317,298
318,298
319,298
320,298
321,298
322,298
323,298
324,298
325,298
326,298
327,298
328,298
329,298
330,298
331,298
332,298
333,298
334,298
335,298
336,298
337,298
338,298
448,298
449,298
450,298
451,298
452,298
453,298
454,298
455,298
456,298
457,298
458,298
459,298
460,298
461,298
462,298
463,298
464,298
752,298
878,298
879,298
880,298
0,299
17,299
18,299
19,299
20,299
21,299
22,299
25,299
26,299
27,299
28,299
54,299
55,299
56,299
57,299
68,299
83,299
84,299
85,299
86,299
286,299
287,299
288,299
289,299
290,299
291,299
292,299
293,299
294,299
295,299
296,299
297,299
298,299
299,299
300,299
301,299
302,299
303,299
304,299
305,299
306,299
307,299
308,299
309,299
310,299
311,299
312,299
313,299
314,299
315,299
316,299
317,299
318,299
319,299
320,299
321,299
322,299
323,299
324,299
325,299
326,299
327,299
328,299
329,299
330,299
331,299
332,299
333,299
334,299
335,299
451,299
452,299
453,299
454,299
455,299
456,299
457,299
458,299
459,299
460,299
461,299
462,299
463,299
464,299
465,299
466,299
467,299
468,299
501,299
878,299
879,299
880,299
0,300
17,300
18,300
19,300
20,300
21,300
22,300
25,300
26,300
27,300
28,300
55,300
56,300
57,300
58,300
67,300
68,300
83,300
84,300
85,300
86,300
284,300
285,300
286,300
287,300
288,300
289,300
290,300
291,300
292,300
293,300
294,300
295,300
296,300
297,300
298,300
299,300
304,300
305,300
312,300
313,300
314,300
320,300
321,300
322,300
327,300
328,300
329,300
330,300
453,300
454,300
455,300
456,300
457,300
458,300
459,300
460,300
461,300
462,300
463,300
464,300
465,300
466,300
467,300
468,300
469,300
470,300
471,300
500,300
501,300
502,300
877,300
878,300
879,300
880,300
0,301
17,301
18,301
19,301
20,301
21,301
22,301
25,301
26,301
27,301
28,301
55,301
56,301
57,301
58,301
59,301
66,301
67,301
68,301
84,301
85,301
140,301
143,301
283,301
284,301
285,301
286,301
287,301
288,301
289,301
290,301
291,301
292,301
293,301
294,301
295,301
296,301
297,301
298,301
299,301
455,301
456,301
457,301
458,301
459,301
460,301
461,301
462,301
463,301
464,301
465,301
466,301
467,301
468,301
469,301
470,301
471,301
500,301
501,301
502,301
877,301
878,301
879,301
880,301
0,302
17,302
18,302
19,302
20,302
21,302
22,302
25,302
26,302
27,302
28,302
55,302
56,302
57,302
58,302
59,302
65,302
66,302
67,302
68,302
81,302
82,302
83,302
84,302
85,302
140,302
143,302
282,302
283,302
284,302
285,302
286,302
287,302
288,302
289,302
290,302
291,302
292,302
293,302
294,302
295,302
296,302
297,302
298,302
334,302
456,302
457,302
458,302
459,302
460,302
461,302
462,302
463,302
464,302
465,302
466,302
467,302
468,302
469,302
470,302
471,302
472,302
473,302
474,302
500,302
501,302
502,302
876,302
877,302
878,302
879,302
0,303
17,303
18,303
19,303
20,303
21,303
22,303
25,303
26,303
27,303
28,303
55,303
56,303
57,303
58,303
59,303
64,303
65,303
66,303
67,303
81,303
82,303
83,303
84,303
85,303
143,303
280,303
281,303
282,303
283,303
284,303
285,303
286,303
287,303
288,303
289,303
290,303
291,303
292,303
293,303
294,303
295,303
296,303
334,303
335,303
336,303
460,303
461,303
462,303
463,303
464,303
465,303
466,303
467,303
468,303
469,303
470,303
471,303
472,303
473,303
474,303
475,303
500,303
501,303
502,303
876,303
877,303
878,303
879,303
0,304
17,304
18,304
19,304
20,304
21,304
22,304
25,304
26,304
27,304
28,304
56,304
57,304
58,304
59,304
64,304
65,304
66,304
67,304
81,304
82,304
83,304
84,304
85,304
114,304
115,304
143,304
153,304
279,304
280,304
281,304
282,304
283,304
284,304
285,304
286,304
287,304
291,304
292,304
293,304
315,304
316,304
318,304
466,304
467,304
468,304
469,304
470,304
471,304
472,304
473,304
474,304
475,304
500,304
875,304
876,304
877,304
878,304
0,305
17,305
18,305
19,305
20,305
21,305
22,305
25,305
26,305
27,305
28,305
58,305
59,305
63,305
64,305
65,305
66,305
81,305
82,305
83,305
84,305
113,305
114,305
115,305
143,305
153,305
154,305
278,305
279,305
280,305
281,305
282,305
283,305
284,305
315,305
316,305
469,305
470,305
471,305
472,305
473,305
474,305
475,305
476,305
477,305
874,305
875,305
876,305
877,305
878,305
0,306
17,306
18,306
19,306
20,306
21,306
22,306
25,306
26,306
27,306
28,306
59,306
63,306
64,306
65,306
66,306
81,306
82,306
83,306
84,306
113,306
114,306
153,306
154,306
278,306
279,306
280,306
281,306
282,306
315,306
316,306
471,306
472,306
473,306
474,306
475,306
476,306
477,306
499,306
874,306
875,306
876,306
877,306
878,306
0,307
17,307
18,307
19,307
20,307
21,307
22,307
25,307
26,307
27,307
28,307
65,307
66,307
83,307
84,307
113,307
114,307
153,307
154,307
155,307
277,307
278,307
279,307
280,307
281,307
316,307
472,307
473,307
474,307
475,307
476,307
477,307
480,307
481,307
499,307
873,307
874,307
875,307
876,307
877,307
0,308
17,308
18,308
19,308
20,308
21,308
22,308
25,308
26,308
27,308
28,308
61,308
66,308
153,308
154,308
276,308
277,308
278,308
279,308
280,308
312,308
313,308
326,308
472,308
473,308
474,308
475,308
476,308
477,308
478,308
479,308
480,308
481,308
498,308
499,308
500,308
872,308
873,308
874,308
875,308
876,308
877,308
0,309
17,309
18,309
19,309
20,309
21,309
22,309
25,309
26,309
27,309
28,309
62,309
63,309
153,309
154,309
276,309
277,309
278,309
279,309
325,309
474,309
475,309
476,309
477,309
478,309
479,309
480,309
481,309
482,309
483,309
497,309
498,309
499,309
500,309
872,309
873,309
874,309
875,309
876,309
0,310
17,310
18,310
19,310
20,310
21,310
22,310
25,310
26,310
27,310
28,310
61,310
62,310
63,310
64,310
153,310
154,310
275,310
276,310
277,310
278,310
279,310
478,310
479,310
480,310
481,310
482,310
483,310
484,310
485,310
486,310
487,310
488,310
496,310
497,310
498,310
499,310
500,310
872,310
873,310
874,310
875,310
876,310
0,311
17,311
18,311
19,311
20,311
21,311
22,311
25,311
26,311
27,311
28,311
61,311
62,311
63,311
64,311
274,311
275,311
276,311
277,311
278,311
478,311
479,311
480,311
481,311
482,311
483,311
484,311
485,311
486,311
487,311
488,311
489,311
490,311
491,311
492,311
496,311
497,311
498,311
499,311
500,311
872,311
873,311
874,311
875,311
876,311
0,312
17,312
18,312
19,312
20,312
21,312
22,312
25,312
26,312
27,312
28,312
60,312
61,312
62,312
63,312
64,312
168,312
274,312
275,312
276,312
277,312
307,312
480,312
481,312
482,312
483,312
484,312
485,312
486,312
487,312
488,312
489,312
490,312
491,312
492,312
493,312
495,312
496,312
497,312
498,312
499,312
500,312
872,312
873,312
874,312
875,312
0,313
17,313
18,313
19,313
20,313
21,313
22,313
25,313
26,313
27,313
28,313
59,313
60,313
61,313
62,313
63,313
64,313
65,313
77,313
167,313
168,313
169,313
273,313
274,313
275,313
276,313
277,313
307,313
481,313
482,313
483,313
484,313
485,313
486,313
487,313
488,313
489,313
490,313
491,313
492,313
493,313
494,313
495,313
496,313
497,313
498,313
499,313
500,313
515,313
872,313
873,313
874,313
875,313
0,314
17,314
18,314
19,314
20,314
21,314
22,314
25,314
26,314
27,314
28,314
58,314
59,314
60,314
61,314
62,314
63,314
64,314
65,314
76,314
77,314
152,314
167,314
168,314
169,314
273,314
274,314
275,314
276,314
307,314
308,314
484,314
485,314
486,314
488,314
489,314
490,314
491,314
492,314
493,314
494,314
495,314
496,314
497,314
498,314
499,314
500,314
515,314
516,314
871,314
872,314
873,314
874,314
0,315
17,315
18,315
19,315
20,315
21,315
22,315
25,315
26,315
27,315
28,315
58,315
59,315
60,315
61,315
62,315
63,315
64,315
65,315
66,315
75,315
76,315
167,315
168,315
169,315
273,315
274,315
275,315
276,315
306,315
307,315
308,315
489,315
490,315
491,315
492,315
493,315
494,315
495,315
496,315
497,315
498,315
499,315
500,315
871,315
872,315
873,315
874,315
0,316
17,316
18,316
19,316
20,316
21,316
22,316
25,316
26,316
27,316
28,316
59,316
60,316
61,316
62,316
63,316
64,316
65,316
66,316
75,316
76,316
167,316
168,316
169,316
272,316
273,316
274,316
275,316
276,316
306,316
307,316
489,316
490,316
491,316
492,316
493,316
494,316
495,316
496,316
497,316
498,316
499,316
500,316
870,316
871,316
872,316
873,316
874,316
0,317
17,317
18,317
19,317
20,317
21,317
22,317
25,317
26,317
27,317
28,317
58,317
59,317
61,317
62,317
63,317
64,317
65,317
66,317
167,317
168,317
272,317
273,317
274,317
275,317
307,317
490,317
491,317
492,317
493,317
494,317
495,317
496,317
497,317
498,317
499,317
500,317
870,317
871,317
872,317
873,317
874,317
0,318
17,318
18,318
19,318
20,318
21,318
22,318
25,318
26,318
27,318
28,318
58,318
59,318
63,318
64,318
65,318
66,318
67,318
73,318
176,318
271,318
272,318
273,318
274,318
275,318
492,318
493,318
494,318
495,318
496,318
497,318
498,318
499,318
500,318
870,318
871,318
872,318
873,318
0,319
17,319
18,319
19,319
20,319
21,319
22,319
25,319
26,319
27,319
28,319
57,319
58,319
59,319
60,319
64,319
65,319
66,319
67,319
73,319
180,319
271,319
272,319
273,319
274,319
492,319
493,319
494,319
495,319
496,319
497,319
498,319
499,319
500,319
501,319
870,319
871,319
872,319
873,319
1004,319
0,320
17,320
18,320
19,320
20,320
21,320
22,320
25,320
26,320
27,320
28,320
56,320
57,320
58,320
59,320
60,320
65,320
66,320
67,320
73,320
180,320
270,320
271,320
272,320
273,320
492,320
493,320
494,320
495,320
496,320
497,320
498,320
499,320
500,320
501,320
502,320
869,320
870,320
871,320
872,320
1004,320
0,321
17,321
18,321
19,321
20,321
21,321
22,321
25,321
26,321
27,321
28,321
56,321
57,321
58,321
59,321
65,321
66,321
67,321
68,321
180,321
269,321
270,321
271,321
272,321
273,321
313,321
492,321
493,321
494,321
495,321
496,321
497,321
498,321
499,321
500,321
501,321
502,321
503,321
869,321
870,321
871,321
872,321
1004,321
0,322
17,322
18,322
19,322
20,322
21,322
22,322
25,322
26,322
27,322
28,322
55,322
56,322
57,322
58,322
66,322
67,322
68,322
168,322
169,322
180,322
269,322
270,322
271,322
272,322
312,322
313,322
492,322
493,322
494,322
495,322
496,322
497,322
498,322
499,322
500,322
501,322
502,322
503,322
504,322
868,322
869,322
870,322
871,322
872,322
1004,322
0,323
17,323
18,323
19,323
20,323
21,323
22,323
25,323
26,323
27,323
28,323
55,323
56,323
57,323
66,323
67,323
68,323
168,323
169,323
180,323
269,323
270,323
271,323
312,323
313,323
492,323
493,323
494,323
495,323
496,323
497,323
498,323
499,323
500,323
501,323
502,323
503,323
504,323
505,323
506,323
868,323
869,323
870,323
871,323
872,323
0,324
17,324
18,324
19,324
20,324
21,324
22,324
25,324
26,324
27,324
28,324
54,324
55,324
56,324
57,324
67,324
68,324
168,324
179,324
269,324
270,324
271,324
492,324
493,324
494,324
495,324
496,324
497,324
498,324
499,324
500,324
501,324
502,324
503,324
504,324
505,324
506,324
507,324
868,324
869,324
870,324
871,324
0,325
17,325
18,325
19,325
20,325
21,325
22,325
25,325
26,325
27,325
28,325
55,325
56,325
162,325
167,325
168,325
177,325
178,325
179,325
269,325
270,325
493,325
494,325
495,325
496,325
497,325
501,325
502,325
503,325
504,325
505,325
506,325
507,325
508,325
509,325
510,325
868,325
869,325
870,325
0,326
17,326
18,326
19,326
20,326
21,326
22,326
25,326
26,326
27,326
28,326
70,326
71,326
161,326
162,326
177,326
178,326
179,326
268,326
269,326
270,326
307,326
308,326
493,326
494,326
495,326
503,326
504,326
505,326
506,326
507,326
508,326
509,326
510,326
511,326
512,326
513,326
611,326
867,326
868,326
869,326
870,326
1004,326
0,327
17,327
18,327
19,327
20,327
21,327
22,327
25,327
26,327
27,327
28,327
69,327
70,327
71,327
72,327
73,327
161,327
162,327
177,327
178,327
179,327
268,327
269,327
307,327
308,327
493,327
494,327
495,327
504,327
505,327
506,327
507,327
508,327
509,327
510,327
511,327
512,327
513,327
514,327
867,327
868,327
869,327
870,327
1004,327
0,328
17,328
18,328
19,328
20,328
21,328
22,328
25,328
26,328
27,328
28,328
55,328
60,328
61,328
70,328
71,328
72,328
73,328
161,328
162,328
176,328
177,328
178,328
268,328
269,328
306,328
307,328
308,328
493,328
494,328
495,328
505,328
506,328
507,328
508,328
509,328
510,328
511,328
512,328
513,328
514,328
515,328
516,328
867,328
868,328
869,328
1004,328
0,329
17,329
18,329
19,329
20,329
21,329
22,329
25,329
26,329
27,329
28,329
60,329
61,329
70,329
71,329
72,329
73,329
74,329
161,329
175,329
176,329
268,329
269,329
308,329
309,329
493,329
494,329
495,329
510,329
511,329
512,329
513,329
514,329
515,329
516,329
517,329
867,329
868,329
869,329
1004,329
0,330
17,330
18,330
19,330
20,330
21,330
22,330
25,330
26,330
27,330
28,330
51,330
52,330
53,330
59,330
60,330
71,330
72,330
73,330
74,330
165,330
166,330
175,330
176,330
267,330
268,330
269,330
309,330
493,330
494,330
495,330
512,330
513,330
514,330
515,330
516,330
517,330
518,330
519,330
520,330
866,330
867,330
868,330
869,330
1004,330
0,331
17,331
18,331
19,331
20,331
21,331
22,331
25,331
26,331
27,331
28,331
51,331
52,331
53,331
60,331
72,331
73,331
74,331
165,331
175,331
176,331
266,331
267,331
268,331
269,331
492,331
493,331
494,331
513,331
514,331
515,331
516,331
517,331
518,331
519,331
520,331
521,331
866,331
867,331
868,331
869,331
1004,331
0,332
17,332
18,332
19,332
20,332
21,332
22,332
25,332
26,332
27,332
28,332
51,332
52,332
73,332
74,332
75,332
165,332
175,332
176,332
266,332
267,332
268,332
492,332
493,332
494,332
513,332
514,332
515,332
516,332
517,332
518,332
519,332
520,332
521,332
865,332
866,332
867,332
868,332
869,332
1004,332
0,333
17,333
18,333
19,333
20,333
21,333
22,333
25,333
26,333
27,333
28,333
51,333
52,333
57,333
73,333
74,333
75,333
76,333
173,333
174,333
175,333
176,333
198,333
266,333
267,333
268,333
492,333
493,333
494,333
514,333
515,333
516,333
517,333
518,333
519,333
520,333
521,333
522,333
523,333
524,333
865,333
866,333
867,333
868,333
1004,333
0,334
17,334
18,334
19,334
20,334
21,334
22,334
25,334
26,334
27,334
28,334
73,334
74,334
75,334
76,334
173,334
174,334
175,334
197,334
198,334
200,334
266,334
267,334
268,334
304,334
491,334
492,334
493,334
494,334
516,334
517,334
518,334
519,334
520,334
521,334
522,334
523,334
524,334
525,334
526,334
527,334
865,334
866,334
867,334
868,334
1004,334
0,335
17,335
18,335
19,335
20,335
21,335
22,335
25,335
26,335
27,335
28,335
73,335
74,335
75,335
76,335
77,335
162,335
172,335
173,335
174,335
175,335
198,335
200,335
201,335
265,335
266,335
267,335
268,335
304,335
491,335
492,335
493,335
520,335
521,335
522,335
523,335
524,335
525,335
526,335
527,335
528,335
529,335
530,335
864,335
865,335
866,335
867,335
1004,335
0,336
17,336
18,336
19,336
20,336
21,336
22,336
24,336
25,336
26,336
27,336
28,336
56,336
73,336
74,336
75,336
76,336
77,336
78,336
171,336
172,336
173,336
174,336
201,336
203,336
264,336
265,336
266,336
267,336
295,336
303,336
304,336
490,336
491,336
492,336
493,336
521,336
522,336
523,336
524,336
525,336
526,336
527,336
528,336
529,336
530,336
531,336
863,336
864,336
865,336
866,336
867,336
1004,336
0,337
17,337
18,337
19,337
20,337
21,337
22,337
24,337
25,337
26,337
27,337
28,337
56,337
75,337
76,337
77,337
78,337
79,337
171,337
172,337
173,337
174,337
203,337
204,337
264,337
265,337
266,337
267,337
292,337
303,337
304,337
490,337
491,337
492,337
493,337
521,337
522,337
523,337
524,337
525,337
526,337
527,337
528,337
529,337
530,337
531,337
863,337
864,337
865,337
866,337
1004,337
0,338
17,338
18,338
19,338
20,338
21,338
22,338
24,338
25,338
26,338
27,338
28,338
47,338
48,338
49,338
55,338
56,338
57,338
58,338
76,338
77,338
78,338
79,338
80,338
203,338
204,338
264,338
265,338
266,338
292,338
293,338
489,338
490,338
491,338
492,338
524,338
525,338
526,338
527,338
528,338
529,338
530,338
531,338
532,338
863,338
864,338
865,338
866,338
1004,338
0,339
17,339
18,339
19,339
20,339
21,339
22,339
24,339
25,339
26,339
27,339
28,339
46,339
47,339
48,339
49,339
55,339
56,339
57,339
58,339
76,339
77,339
78,339
79,339
80,339
81,339
160,339
203,339
204,339
264,339
265,339
266,339
292,339
293,339
489,339
490,339
491,339
492,339
527,339
528,339
529,339
530,339
531,339
532,339
533,339
534,339
863,339
864,339
865,339
866,339
1004,339
0,340
17,340
18,340
19,340
20,340
21,340
22,340
24,340
25,340
26,340
27,340
28,340
46,340
47,340
48,340
49,340
55,340
56,340
57,340
77,340
78,340
79,340
80,340
81,340
160,340
190,340
203,340
204,340
264,340
265,340
266,340
292,340
293,340
489,340
490,340
491,340
492,340
527,340
528,340
529,340
531,340
532,340
533,340
534,340
535,340
536,340
537,340
538,340
539,340
540,340
541,340
542,340
545,340
863,340
864,340
865,340
866,340
1004,340
0,341
17,341
18,341
19,341
20,341
21,341
22,341
24,341
25,341
26,341
27,341
28,341
45,341
46,341
47,341
48,341
55,341
56,341
57,341
77,341
78,341
79,341
80,341
81,341
160,341
186,341
190,341
203,341
204,341
205,341
206,341
263,341
264,341
265,341
266,341
292,341
293,341
489,341
490,341
491,341
532,341
533,341
534,341
535,341
536,341
537,341
538,341
539,341
540,341
541,341
542,341
543,341
544,341
545,341
546,341
547,341
862,341
863,341
864,341
865,341
1004,341
0,342
17,342
18,342
19,342
20,342
21,342
22,342
24,342
25,342
26,342
27,342
28,342
46,342
47,342
48,342
78,342
79,342
80,342
81,342
82,342
186,342
204,342
205,342
206,342
263,342
264,342
265,342
289,342
290,342
299,342
300,342
301,342
488,342
489,342
490,342
491,342
532,342
533,342
534,342
535,342
536,342
537,342
538,342
539,342
540,342
541,342
542,342
543,342
544,342
545,342
546,342
547,342
548,342
862,342
863,342
864,342
865,342
1004,342
0,343
17,343
18,343
19,343
20,343
21,343
22,343
24,343
25,343
26,343
27,343
28,343
46,343
47,343
53,343
79,343
80,343
81,343
82,343
83,343
186,343
204,343
205,343
262,343
263,343
264,343
265,343
288,343
289,343
290,343
298,343
299,343
300,343
301,343
488,343
489,343
490,343
491,343
533,343
534,343
535,343
536,343
537,343
538,343
539,343
540,343
541,343
542,343
543,343
544,343
545,343
546,343
547,343
548,343
549,343
861,343
862,343
863,343
864,343
0,344
17,344
18,344
19,344
20,344
21,344
22,344
24,344
25,344
26,344
27,344
28,344
46,344
47,344
52,344
79,344
80,344
81,344
82,344
83,344
84,344
167,344
168,344
169,344
203,344
204,344
261,344
262,344
263,344
264,344
288,344
289,344
290,344
297,344
298,344
299,344
488,344
489,344
490,344
491,344
536,344
537,344
538,344
544,344
545,344
546,344
547,344
548,344
549,344
550,344
861,344
862,344
863,344
864,344
0,345
17,345
18,345
19,345
20,345
21,345
22,345
24,345
25,345
26,345
27,345
28,345
46,345
51,345
52,345
80,345
81,345
82,345
83,345
84,345
85,345
166,345
167,345
168,345
169,345
203,345
204,345
261,345
262,345
263,345
264,345
288,345
289,345
290,345
297,345
298,345
299,345
488,345
489,345
490,345
491,345
545,345
546,345
547,345
548,345
549,345
550,345
551,345
552,345
553,345
554,345
555,345
556,345
557,345
861,345
862,345
863,345
864,345
0,346
17,346
18,346
19,346
20,346
21,346
22,346
24,346
25,346
26,346
27,346
28,346
51,346
52,346
82,346
83,346
84,346
85,346
86,346
166,346
167,346
168,346
169,346
202,346
203,346
204,346
260,346
261,346
262,346
263,346
288,346
289,346
290,346
298,346
299,346
489,346
490,346
491,346
548,346
549,346
550,346
551,346
552,346
553,346
554,346
555,346
556,346
557,346
558,346
861,346
862,346
863,346
864,346
0,347
17,347
18,347
19,347
20,347
21,347
22,347
24,347
25,347
26,347
27,347
28,347
51,347
83,347
84,347
85,347
86,347
165,347
166,347
167,347
168,347
169,347
202,347
203,347
204,347
260,347
261,347
262,347
263,347
288,347
289,347
290,347
299,347
489,347
490,347
491,347
548,347
549,347
550,347
551,347
552,347
553,347
554,347
555,347
556,347
557,347
558,347
559,347
560,347
861,347
862,347
863,347
864,347
0,348
17,348
18,348
19,348
20,348
21,348
22,348
24,348
25,348
26,348
27,348
28,348
43,348
44,348
50,348
51,348
52,348
83,348
84,348
85,348
86,348
202,348
203,348
204,348
260,348
261,348
262,348
263,348
288,348
289,348
290,348
298,348
299,348
488,348
489,348
490,348
491,348
549,348
550,348
551,348
552,348
553,348
554,348
555,348
556,348
557,348
558,348
559,348
560,348
561,348
562,348
563,348
860,348
861,348
862,348
863,348
864,348
0,349
17,349
18,349
19,349
20,349
21,349
22,349
24,349
25,349
26,349
27,349
28,349
42,349
43,349
44,349
45,349
49,349
50,349
51,349
52,349
84,349
85,349
86,349
87,349
202,349
203,349
204,349
208,349
209,349
259,349
260,349
261,349
262,349
263,349
264,349
289,349
290,349
296,349
297,349
298,349
299,349
300,349
488,349
489,349
490,349
555,349
556,349
557,349
558,349
559,349
560,349
561,349
562,349
563,349
564,349
565,349
566,349
567,349
568,349
860,349
861,349
862,349
863,349
864,349
0,350
17,350
18,350
19,350
20,350
21,350
24,350
25,350
26,350
27,350
28,350
41,350
42,350
43,350
44,350
49,350
50,350
51,350
52,350
84,350
85,350
86,350
87,350
88,350
89,350
202,350
203,350
204,350
207,350
208,350
209,350
259,350
260,350
261,350
262,350
263,350
286,350
287,350
288,350
289,350
296,350
297,350
298,350
299,350
487,350
488,350
489,350
490,350
558,350
559,350
560,350
561,350
562,350
563,350
564,350
565,350
566,350
567,350
568,350
569,350
570,350
571,350
860,350
861,350
862,350
863,350
864,350
0,351
17,351
18,351
19,351
20,351
21,351
24,351
25,351
26,351
27,351
28,351
41,351
42,351
43,351
44,351
49,351
50,351
51,351
85,351
86,351
87,351
88,351
89,351
90,351
201,351
202,351
203,351
204,351
207,351
208,351
209,351
258,351
259,351
260,351
261,351
262,351
285,351
286,351
287,351
288,351
289,351
296,351
297,351
298,351
299,351
487,351
488,351
489,351
559,351
560,351
561,351
562,351
563,351
564,351
565,351
566,351
567,351
568,351
569,351
570,351
571,351
572,351
573,351
574,351
860,351
861,351
862,351
863,351
0,352
17,352
18,352
19,352
20,352
21,352
24,352
25,352
26,352
27,352
28,352
41,352
42,352
43,352
44,352
49,352
50,352
85,352
86,352
87,352
88,352
89,352
90,352
91,352
201,352
203,352
258,352
259,352
260,352
261,352
262,352
285,352
286,352
287,352
288,352
289,352
298,352
487,352
488,352
489,352
563,352
564,352
565,352
566,352
567,352
568,352
569,352
570,352
571,352
572,352
573,352
574,352
575,352
576,352
859,352
860,352
861,352
862,352
863,352
0,353
17,353
18,353
19,353
20,353
21,353
24,353
25,353
26,353
27,353
28,353
41,353
42,353
43,353
44,353
87,353
88,353
89,353
90,353
91,353
180,353
181,353
200,353
201,353
256,353
257,353
258,353
259,353
260,353
261,353
262,353
285,353
286,353
287,353
288,353
289,353
486,353
487,353
488,353
489,353
563,353
564,353
565,353
566,353
567,353
568,353
569,353
570,353
571,353
572,353
573,353
574,353
575,353
576,353
577,353
578,353
859,353
860,353
861,353
862,353
863,353
0,354
17,354
18,354
19,354
20,354
21,354
24,354
25,354
26,354
27,354
28,354
41,354
42,354
43,354
44,354
88,354
89,354
90,354
91,354
92,354
180,354
181,354
182,354
200,354
201,354
206,354
256,354
257,354
258,354
259,354
260,354
261,354
262,354
285,354
286,354
287,354
288,354
289,354
295,354
296,354
297,354
486,354
487,354
488,354
565,354
566,354
567,354
568,354
569,354
570,354
571,354
572,354
573,354
574,354
575,354
576,354
577,354
578,354
579,354
859,354
860,354
861,354
862,354
0,355
17,355
18,355
19,355
20,355
21,355
24,355
25,355
26,355
27,355
28,355
42,355
43,355
44,355
89,355
90,355
91,355
92,355
93,355
162,355
180,355
181,355
182,355
199,355
200,355
201,355
202,355
205,355
206,355
207,355
208,355
255,355
256,355
257,355
258,355
259,355
260,355
261,355
286,355
287,355
288,355
295,355
296,355
297,355
486,355
487,355
488,355
571,355
572,355
573,355
574,355
575,355
576,355
577,355
578,355
579,355
580,355
581,355
582,355
583,355
584,355
858,355
859,355
860,355
861,355
862,355
0,356
17,356
18,356
19,356
20,356
21,356
24,356
25,356
26,356
27,356
28,356
43,356
44,356
90,356
91,356
92,356
93,356
94,356
162,356
200,356
201,356
202,356
205,356
206,356
207,356
255,356
256,356
257,356
258,356
259,356
260,356
261,356
285,356
286,356
287,356
288,356
294,356
295,356
296,356
297,356
298,356
485,356
486,356
487,356
488,356
573,356
574,356
575,356
576,356
577,356
578,356
579,356
580,356
581,356
582,356
583,356
584,356
585,356
858,356
859,356
860,356
861,356
862,356
0,357
17,357
18,357
19,357
20,357
21,357
24,357
25,357
26,357
27,357
28,357
44,357
92,357
93,357
94,357
95,357
160,357
161,357
162,357
163,357
255,357
256,357
257,357
258,357
259,357
260,357
261,357
284,357
285,357
286,357
287,357
288,357
293,357
294,357
295,357
296,357
297,357
298,357
485,357
486,357
487,357
488,357
574,357
575,357
576,357
577,357
578,357
579,357
580,357
581,357
582,357
583,357
584,357
585,357
586,357
587,357
588,357
589,357
858,357
859,357
860,357
861,357
862,357
0,358
17,358
18,358
19,358
20,358
21,358
24,358
25,358
26,358
27,358
28,358
92,358
93,358
94,358
95,358
96,358
160,358
161,358
162,358
254,358
255,358
256,358
257,358
258,358
259,358
260,358
284,358
285,358
286,358
287,358
288,358
293,358
294,358
295,358
296,358
297,358
485,358
486,358
487,358
578,358
579,358
580,358
581,358
582,358
583,358
584,358
585,358
586,358
587,358
588,358
589,358
590,358
591,358
858,358
859,358
860,358
861,358
0,359
17,359
18,359
19,359
20,359
21,359
24,359
25,359
26,359
27,359
28,359
93,359
94,359
95,359
96,359
97,359
253,359
254,359
255,359
256,359
257,359
258,359
259,359
260,359
284,359
285,359
286,359
287,359
294,359
295,359
296,359
484,359
485,359
486,359
487,359
583,359
584,359
585,359
586,359
587,359
588,359
589,359
590,359
591,359
592,359
593,359
594,359
595,359
596,359
597,359
858,359
859,359
860,359
861,359
0,360
17,360
18,360
19,360
20,360
21,360
24,360
25,360
26,360
27,360
28,360
94,360
95,360
96,360
97,360
98,360
199,360
253,360
254,360
255,360
256,360
257,360
259,360
260,360
284,360
285,360
286,360
287,360
294,360
295,360
484,360
485,360
486,360
487,360
584,360
585,360
586,360
587,360
588,360
589,360
590,360
591,360
592,360
593,360
594,360
595,360
596,360
597,360
598,360
599,360
600,360
601,360
602,360
858,360
859,360
860,360
861,360
0,361
17,361
18,361
19,361
20,361
21,361
24,361
25,361
26,361
27,361
28,361
94,361
95,361
96,361
97,361
98,361
99,361
198,361
199,361
203,361
204,361
240,361
255,361
256,361
257,361
258,361
259,361
260,361
283,361
284,361
285,361
286,361
293,361
294,361
483,361
484,361
485,361
486,361
487,361
585,361
586,361
587,361
588,361
589,361
590,361
591,361
592,361
593,361
594,361
595,361
596,361
597,361
598,361
599,361
600,361
601,361
602,361
603,361
857,361
858,361
859,361
860,361
0,362
17,362
18,362
19,362
20,362
21,362
24,362
25,362
26,362
27,362
28,362
96,362
97,362
98,362
99,362
100,362
198,362
199,362
202,362
203,362
204,362
240,362
255,362
256,362
257,362
258,362
259,362
283,362
284,362
285,362
286,362
293,362
294,362
483,362
484,362
485,362
486,362
487,362
586,362
587,362
588,362
589,362
590,362
591,362
592,362
593,362
594,362
595,362
596,362
597,362
598,362
599,362
600,362
601,362
602,362
603,362
604,362
857,362
858,362
859,362
860,362
0,363
17,363
18,363
19,363
20,363
21,363
24,363
25,363
26,363
27,363
28,363
97,363
98,363
99,363
100,363
101,363
198,363
199,363
202,363
203,363
204,363
242,363
257,363
258,363
284,363
285,363
286,363
293,363
294,363
482,363
483,363
484,363
485,363
486,363
588,363
589,363
590,363
591,363
592,363
593,363
594,363
595,363
596,363
597,363
598,363
599,363
600,363
601,363
602,363
603,363
604,363
605,363
606,363
607,363
857,363
858,363
859,363
860,363
0,364
17,364
18,364
19,364
20,364
21,364
24,364
25,364
26,364
27,364
28,364
99,364
100,364
101,364
102,364
202,364
203,364
204,364
242,364
245,364
261,364
284,364
285,364
286,364
293,364
294,364
295,364
482,364
483,364
484,364
485,364
486,364
598,364
599,364
600,364
601,364
602,364
603,364
604,364
605,364
606,364
607,364
608,364
609,364
857,364
858,364
859,364
860,364
0,365
17,365
18,365
19,365
20,365
21,365
24,365
25,365
26,365
27,365
28,365
99,365
100,365
101,365
102,365
103,365
104,365
177,365
195,365
196,365
197,365
202,365
203,365
204,365
245,365
252,365
253,365
257,365
281,365
282,365
283,365
284,365
285,365
286,365
293,365
294,365
295,365
296,365
482,365
483,365
484,365
485,365
599,365
600,365
601,365
602,365
603,365
604,365
605,365
606,365
607,365
608,365
609,365
610,365
611,365
612,365
613,365
614,365
615,365
616,365
617,365
618,365
619,365
620,365
621,365
622,365
623,365
624,365
856,365
857,365
858,365
859,365
860,365
0,366
17,366
18,366
19,366
20,366
21,366
24,366
25,366
26,366
27,366
28,366
100,366
101,366
102,366
103,366
104,366
105,366
195,366
196,366
197,366
202,366
203,366
204,366
245,366
251,366
252,366
253,366
254,366
260,366
282,366
283,366
284,366
285,366
286,366
293,366
294,366
295,366
296,366
482,366
483,366
601,366
602,366
603,366
604,366
605,366
606,366
607,366
608,366
609,366
610,366
611,366
612,366
613,366
614,366
615,366
616,366
617,366
618,366
619,366
620,366
621,366
622,366
623,366
624,366
625,366
626,366
627,366
628,366
629,366
630,366
631,366
856,366
857,366
858,366
859,366
860,366
0,367
17,367
18,367
19,367
20,367
21,367
24,367
25,367
26,367
27,367
28,367
100,367
101,367
102,367
103,367
104,367
105,367
106,367
107,367
195,367
196,367
197,367
198,367
202,367
203,367
252,367
253,367
254,367
255,367
259,367
260,367
282,367
283,367
284,367
285,367
292,367
293,367
294,367
295,367
481,367
482,367
483,367
604,367
605,367
606,367
607,367
608,367
609,367
610,367
611,367
612,367
613,367
614,367
615,367
616,367
617,367
618,367
619,367
620,367
621,367
622,367
623,367
624,367
625,367
626,367
627,367
628,367
629,367
630,367
631,367
632,367
855,367
856,367
857,367
858,367
859,367
860,367
0,368
17,368
18,368
19,368
20,368
21,368
24,368
25,368
26,368
27,368
28,368
100,368
101,368
102,368
103,368
104,368
105,368
106,368
107,368
108,368
195,368
196,368
197,368
202,368
203,368
252,368
253,368
254,368
255,368
260,368
262,368
263,368
282,368
283,368
284,368
285,368
292,368
293,368
294,368
295,368
480,368
481,368
482,368
483,368
604,368
605,368
606,368
607,368
608,368
609,368
610,368
611,368
612,368
613,368
614,368
615,368
616,368
617,368
618,368
619,368
620,368
621,368
622,368
623,368
624,368
625,368
626,368
627,368
628,368
629,368
630,368
631,368
632,368
633,368
653,368
654,368
655,368
656,368
657,368
658,368
659,368
660,368
661,368
855,368
856,368
857,368
858,368
859,368
0,369
17,369
18,369
19,369
20,369
21,369
24,369
25,369
26,369
27,369
28,369
102,369
103,369
104,369
105,369
106,369
107,369
108,369
109,369
252,369
253,369
254,369
255,369
256,369
260,369
262,369
263,369
281,369
282,369
283,369
284,369
292,369
293,369
294,369
295,369
480,369
481,369
482,369
483,369
605,369
606,369
607,369
615,369
620,369
621,369
622,369
623,369
624,369
625,369
626,369
627,369
628,369
629,369
630,369
631,369
632,369
633,369
634,369
642,369
643,369
644,369
647,369
648,369
649,369
650,369
651,369
652,369
653,369
654,369
655,369
656,369
657,369
658,369
659,369
660,369
661,369
662,369
663,369
664,369
665,369
666,369
667,369
668,369
855,369
856,369
857,369
858,369
859,369
0,370
17,370
18,370
19,370
20,370
21,370
24,370
25,370
26,370
27,370
28,370
103,370
104,370
105,370
106,370
107,370
108,370
109,370
253,370
254,370
255,370
256,370
281,370
282,370
283,370
284,370
290,370
291,370
292,370
293,370
294,370
295,370
480,370
481,370
482,370
483,370
484,370
621,370
622,370
623,370
626,370
627,370
628,370
629,370
630,370
631,370
632,370
633,370
634,370
635,370
636,370
637,370
638,370
643,370
644,370
646,370
647,370
648,370
649,370
650,370
651,370
652,370
653,370
654,370
655,370
656,370
657,370
658,370
659,370
660,370
661,370
662,370
663,370
664,370
665,370
666,370
667,370
668,370
669,370
670,370
671,370
672,370
673,370
674,370
677,370
678,370
855,370
856,370
857,370
858,370
0,371
17,371
18,371
19,371
20,371
21,371
24,371
25,371
26,371
27,371
28,371
105,371
106,371
107,371
108,371
109,371
110,371
193,371
194,371
195,371
196,371
200,371
201,371
202,371
253,371
254,371
255,371
272,371
290,371
291,371
292,371
293,371
481,371
482,371
483,371
631,371
632,371
633,371
634,371
635,371
636,371
637,371
638,371
643,371
644,371
645,371
646,371
647,371
648,371
649,371
650,371
651,371
652,371
653,371
654,371
655,371
656,371
657,371
658,371
659,371
660,371
661,371
662,371
663,371
664,371
665,371
666,371
667,371
668,371
669,371
670,371
671,371
672,371
673,371
674,371
675,371
676,371
677,371
678,371
679,371
855,371
856,371
857,371
858,371
0,372
17,372
18,372
19,372
20,372
21,372
24,372
25,372
26,372
27,372
28,372
106,372
107,372
108,372
109,372
110,372
111,372
112,372
156,372
193,372
194,372
195,372
196,372
199,372
200,372
201,372
202,372
252,372
253,372
254,372
255,372
271,372
272,372
273,372
290,372
291,372
292,372
293,372
481,372
482,372
483,372
632,372
633,372
634,372
635,372
636,372
637,372
638,372
639,372
640,372
641,372
642,372
643,372
644,372
645,372
646,372
647,372
648,372
649,372
650,372
651,372
652,372
653,372
654,372
655,372
656,372
657,372
658,372
659,372
660,372
661,372
662,372
663,372
664,372
665,372
666,372
667,372
668,372
669,372
670,372
671,372
672,372
673,372
674,372
675,372
676,372
677,372
678,372
679,372
680,372
855,372
856,372
857,372
858,372
0,373
17,373
18,373
19,373
20,373
21,373
24,373
25,373
26,373
27,373
107,373
108,373
109,373
110,373
111,373
112,373
113,373
114,373
156,373
199,373
252,373
253,373
254,373
255,373
271,373
272,373
273,373
280,373
281,373
282,373
283,373
290,373
291,373
292,373
293,373
480,373
481,373
482,373
483,373
635,373
636,373
637,373
638,373
639,373
640,373
641,373
642,373
643,373
644,373
645,373
646,373
647,373
648,373
649,373
650,373
651,373
652,373
653,373
654,373
655,373
656,373
657,373
658,373
659,373
660,373
661,373
666,373
667,373
668,373
669,373
670,373
671,373
672,373
673,373
674,373
675,373
676,373
677,373
678,373
679,373
680,373
681,373
682,373
854,373
855,373
856,373
857,373
858,373
0,374
17,374
18,374
19,374
20,374
21,374
24,374
25,374
26,374
27,374
108,374
109,374
110,374
111,374
112,374
113,374
114,374
115,374
156,374
157,374
199,374
251,374
252,374
253,374
254,374
255,374
271,374
272,374
273,374
280,374
281,374
282,374
283,374
284,374
290,374
291,374
292,374
293,374
480,374
481,374
482,374
483,374
484,374
642,374
643,374
644,374
645,374
646,374
647,374
648,374
649,374
650,374
651,374
652,374
653,374
654,374
655,374
656,374
657,374
658,374
659,374
660,374
668,374
669,374
670,374
671,374
672,374
673,374
674,374
675,374
676,374
677,374
678,374
679,374
680,374
681,374
682,374
683,374
684,374
685,374
686,374
687,374
688,374
854,374
855,374
856,374
857,374
0,375
17,375
18,375
19,375
20,375
21,375
24,375
25,375
26,375
27,375
109,375
110,375
111,375
112,375
113,375
114,375
115,375
116,375
117,375
155,375
156,375
157,375
158,375
159,375
192,375
193,375
194,375
195,375
198,375
199,375
250,375
251,375
252,375
253,375
254,375
271,375
272,375
273,375
274,375
280,375
281,375
282,375
283,375
290,375
291,375
292,375
293,375
480,375
481,375
482,375
483,375
670,375
671,375
672,375
673,375
676,375
677,375
678,375
679,375
680,375
681,375
682,375
683,375
684,375
685,375
686,375
687,375
688,375
689,375
695,375
696,375
853,375
854,375
855,375
856,375
857,375
0,376
17,376
18,376
19,376
20,376
21,376
24,376
25,376
26,376
27,376
110,376
111,376
112,376
113,376
114,376
115,376
116,376
117,376
118,376
156,376
157,376
158,376
159,376
192,376
193,376
194,376
195,376
198,376
249,376
250,376
251,376
252,376
253,376
254,376
271,376
272,376
273,376
274,376
281,376
282,376
283,376
290,376
291,376
292,376
479,376
480,376
481,376
482,376
483,376
680,376
681,376
682,376
683,376
684,376
685,376
686,376
687,376
688,376
689,376
690,376
691,376
692,376
693,376
694,376
695,376
696,376
697,376
698,376
699,376
700,376
853,376
854,376
855,376
856,376
857,376
0,377
17,377
18,377
19,377
20,377
21,377
24,377
25,377
26,377
27,377
111,377
112,377
113,377
114,377
115,377
116,377
117,377
118,377
119,377
156,377
157,377
158,377
159,377
160,377
192,377
193,377
194,377
195,377
249,377
250,377
251,377
252,377
253,377
271,377
272,377
273,377
274,377
281,377
282,377
283,377
291,377
292,377
479,377
480,377
481,377
482,377
681,377
682,377
683,377
684,377
685,377
686,377
687,377
688,377
689,377
690,377
691,377
692,377
693,377
694,377
695,377
696,377
697,377
698,377
699,377
700,377
701,377
702,377
703,377
853,377
854,377
855,377
856,377
0,378
17,378
18,378
19,378
20,378
21,378
24,378
25,378
26,378
27,378
113,378
114,378
115,378
116,378
117,378
118,378
119,378
120,378
157,378
158,378
159,378
160,378
161,378
192,378
193,378
249,378
250,378
251,378
252,378
272,378
281,378
282,378
283,378
291,378
292,378
479,378
480,378
481,378
482,378
682,378
683,378
684,378
685,378
686,378
687,378
688,378
689,378
690,378
691,378
694,378
695,378
696,378
697,378
698,378
699,378
700,378
701,378
702,378
703,378
852,378
853,378
854,378
855,378
856,378
0,379
17,379
18,379
19,379
20,379
21,379
24,379
25,379
26,379
27,379
115,379
116,379
117,379
118,379
119,379
120,379
160,379
161,379
193,379
249,379
250,379
251,379
252,379
281,379
282,379
292,379
478,379
479,379
480,379
481,379
695,379
696,379
697,379
700,379
701,379
702,379
703,379
852,379
853,379
854,379
855,379
856,379
0,380
17,380
18,380
19,380
20,380
21,380
24,380
25,380
26,380
27,380
117,380
118,380
119,380
120,380
121,380
249,380
250,380
251,380
252,380
281,380
282,380
292,380
478,380
479,380
480,380
481,380
702,380
703,380
721,380
722,380
723,380
724,380
725,380
726,380
734,380
735,380
736,380
851,380
852,380
853,380
854,380
855,380
0,381
17,381
18,381
19,381
20,381
21,381
24,381
25,381
26,381
27,381
119,381
120,381
121,381
122,381
249,381
250,381
251,381
252,381
280,381
281,381
282,381
289,381
478,381
479,381
480,381
703,381
710,381
711,381
712,381
713,381
714,381
715,381
716,381
717,381
718,381
719,381
720,381
721,381
722,381
723,381
724,381
725,381
726,381
727,381
728,381
729,381
730,381
733,381
734,381
735,381
736,381
737,381
738,381
739,381
743,381
851,381
852,381
853,381
854,381
0,382
17,382
18,382
19,382
20,382
21,382
24,382
25,382
26,382
27,382
119,382
120,382
121,382
122,382
123,382
124,382
125,382
248,382
249,382
250,382
251,382
252,382
280,382
281,382
282,382
288,382
289,382
478,382
479,382
710,382
711,382
712,382
713,382
714,382
715,382
716,382
717,382
718,382
719,382
720,382
721,382
722,382
723,382
724,382
725,382
726,382
727,382
728,382
729,382
730,382
731,382
732,382
733,382
734,382
735,382
736,382
737,382
738,382
739,382
740,382
741,382
742,382
743,382
744,382
745,382
746,382
851,382
852,382
853,382
854,382
0,383
17,383
18,383
19,383
20,383
21,383
24,383
25,383
26,383
27,383
120,383
121,383
122,383
123,383
124,383
125,383
126,383
248,383
249,383
250,383
251,383
280,383
281,383
288,383
289,383
478,383
479,383
722,383
723,383
724,383
725,383
726,383
727,383
728,383
729,383
730,383
731,383
732,383
733,383
734,383
735,383
736,383
737,383
738,383
739,383
740,383
741,383
742,383
743,383
744,383
745,383
746,383
850,383
851,383
852,383
853,383
854,383
0,384
17,384
18,384
19,384
20,384
21,384
24,384
25,384
26,384
27,384
120,384
121,384
122,384
123,384
124,384
125,384
126,384
127,384
248,384
249,384
250,384
251,384
280,384
281,384
478,384
742,384
743,384
744,384
745,384
746,384
747,384
850,384
851,384
852,384
853,384
0,385
17,385
18,385
19,385
20,385
21,385
24,385
25,385
26,385
27,385
28,385
121,385
122,385
123,385
124,385
125,385
126,385
127,385
248,385
249,385
250,385
251,385
280,385
281,385
478,385
743,385
744,385
745,385
746,385
747,385
748,385
749,385
750,385
849,385
850,385
851,385
852,385
0,386
17,386
18,386
19,386
20,386
21,386
24,386
25,386
26,386
27,386
28,386
122,386
123,386
124,386
125,386
126,386
127,386
128,386
248,386
249,386
250,386
251,386
280,386
281,386
478,386
744,386
745,386
746,386
747,386
748,386
749,386
750,386
751,386
752,386
753,386
848,386
849,386
850,386
851,386
852,386
0,387
17,387
18,387
19,387
20,387
21,387
24,387
25,387
26,387
27,387
28,387
122,387
123,387
124,387
125,387
126,387
127,387
128,387
248,387
249,387
250,387
251,387
280,387
281,387
478,387
744,387
745,387
746,387
747,387
748,387
749,387
750,387
751,387
752,387
753,387
754,387
755,387
848,387
849,387
850,387
851,387
852,387
0,388
17,388
18,388
19,388
20,388
21,388
24,388
25,388
26,388
27,388
28,388
122,388
123,388
124,388
125,388
126,388
127,388
128,388
129,388
248,388
249,388
250,388
251,388
280,388
281,388
315,388
316,388
744,388
745,388
746,388
747,388
748,388
749,388
750,388
751,388
752,388
753,388
754,388
755,388
756,388
757,388
846,388
847,388
848,388
849,388
850,388
851,388
0,389
17,389
18,389
19,389
20,389
21,389
24,389
25,389
26,389
27,389
28,389
122,389
123,389
124,389
125,389
126,389
127,389
128,389
129,389
130,389
248,389
249,389
250,389
251,389
279,389
280,389
281,389
315,389
316,389
744,389
745,389
747,389
748,389
749,389
750,389
751,389
752,389
753,389
754,389
755,389
756,389
757,389
758,389
759,389
760,389
761,389
846,389
847,389
848,389
849,389
850,389
0,390
17,390
18,390
19,390
20,390
21,390
24,390
25,390
26,390
27,390
28,390
122,390
123,390
124,390
125,390
126,390
127,390
128,390
129,390
130,390
131,390
132,390
248,390
249,390
250,390
251,390
279,390
280,390
281,390
294,390
295,390
296,390
316,390
475,390
476,390
750,390
751,390
752,390
753,390
754,390
755,390
756,390
757,390
758,390
759,390
760,390
761,390
762,390
763,390
764,390
846,390
847,390
848,390
849,390
0,391
17,391
18,391
19,391
20,391
21,391
24,391
25,391
26,391
27,391
28,391
127,391
128,391
129,391
130,391
131,391
132,391
133,391
248,391
249,391
250,391
251,391
278,391
279,391
280,391
281,391
294,391
295,391
296,391
316,391
474,391
475,391
476,391
754,391
756,391
757,391
758,391
759,391
760,391
761,391
762,391
763,391
764,391
765,391
845,391
846,391
847,391
848,391
0,392
17,392
18,392
19,392
20,392
21,392
24,392
25,392
26,392
27,392
28,392
128,392
129,392
130,392
131,392
132,392
133,392
134,392
248,392
249,392
250,392
278,392
279,392
280,392
317,392
318,392
474,392
475,392
476,392
757,392
758,392
759,392
760,392
761,392
762,392
763,392
764,392
765,392
766,392
845,392
846,392
847,392
848,392
0,393
17,393
18,393
19,393
20,393
21,393
24,393
25,393
26,393
27,393
129,393
130,393
131,393
132,393
133,393
134,393
135,393
136,393
248,393
249,393
250,393
278,393
279,393
280,393
317,393
318,393
319,393
473,393
474,393
475,393
476,393
757,393
758,393
759,393
760,393
761,393
762,393
763,393
764,393
765,393
766,393
767,393
768,393
770,393
771,393
772,393
773,393
844,393
845,393
846,393
847,393
848,393
0,394
17,394
18,394
19,394
20,394
21,394
24,394
25,394
26,394
27,394
130,394
131,394
132,394
133,394
134,394
135,394
136,394
137,394
138,394
139,394
140,394
141,394
248,394
249,394
250,394
278,394
279,394
280,394
317,394
318,394
473,394
474,394
475,394
476,394
758,394
759,394
760,394
761,394
763,394
764,394
765,394
766,394
767,394
768,394
769,394
770,394
771,394
772,394
773,394
774,394
843,394
844,394
845,394
846,394
847,394
0,395
17,395
18,395
19,395
20,395
21,395
24,395
25,395
26,395
27,395
131,395
132,395
133,395
134,395
135,395
136,395
137,395
138,395
139,395
140,395
141,395
142,395
144,395
247,395
248,395
249,395
250,395
277,395
278,395
279,395
280,395
473,395
474,395
475,395
763,395
764,395
765,395
766,395
767,395
768,395
769,395
770,395
771,395
772,395
773,395
774,395
775,395
842,395
843,395
844,395
845,395
846,395
0,396
17,396
18,396
19,396
20,396
21,396
24,396
25,396
26,396
27,396
132,396
133,396
134,396
135,396
136,396
137,396
138,396
139,396
140,396
141,396
142,396
143,396
144,396
145,396
247,396
248,396
249,396
250,396
277,396
278,396
279,396
280,396
290,396
291,396
292,396
318,396
319,396
473,396
474,396
475,396
764,396
765,396
766,396
767,396
768,396
769,396
770,396
771,396
772,396
773,396
774,396
775,396
776,396
777,396
778,396
842,396
843,396
844,396
845,396
846,396
0,397
17,397
18,397
19,397
20,397
21,397
24,397
25,397
26,397
27,397
135,397
136,397
137,397
138,397
139,397
140,397
141,397
142,397
143,397
144,397
145,397
146,397
147,397
247,397
248,397
249,397
250,397
271,397
277,397
278,397
279,397
280,397
289,397
290,397
291,397
292,397
472,397
473,397
474,397
475,397
765,397
766,397
767,397
768,397
769,397
770,397
771,397
772,397
773,397
774,397
775,397
776,397
777,397
778,397
779,397
841,397
842,397
843,397
844,397
845,397
0,398
17,398
18,398
19,398
20,398
21,398
24,398
25,398
26,398
27,398
139,398
140,398
141,398
142,398
143,398
144,398
145,398
146,398
147,398
148,398
149,398
247,398
248,398
249,398
250,398
270,398
271,398
277,398
278,398
279,398
280,398
289,398
290,398
472,398
473,398
474,398
475,398
766,398
767,398
768,398
769,398
770,398
771,398
772,398
773,398
774,398
775,398
776,398
777,398
778,398
779,398
780,398
841,398
842,398
843,398
844,398
845,398
0,399
17,399
18,399
19,399
20,399
21,399
24,399
25,399
26,399
27,399
140,399
141,399
142,399
143,399
144,399
145,399
146,399
147,399
148,399
149,399
150,399
151,399
152,399
153,399
154,399
247,399
248,399
249,399
250,399
270,399
278,399
279,399
280,399
288,399
289,399
322,399
471,399
472,399
473,399
474,399
769,399
770,399
771,399
772,399
773,399
776,399
777,399
778,399
779,399
780,399
781,399
782,399
783,399
840,399
841,399
842,399
843,399
844,399
0,400
17,400
18,400
19,400
20,400
21,400
24,400
25,400
26,400
27,400
28,400
145,400
146,400
147,400
148,400
149,400
150,400
151,400
152,400
153,400
154,400
155,400
156,400
157,400
158,400
247,400
248,400
249,400
250,400
269,400
270,400
278,400
279,400
289,400
470,400
471,400
472,400
473,400
474,400
770,400
778,400
779,400
780,400
781,400
782,400
783,400
784,400
785,400
786,400
787,400
840,400
841,400
842,400
843,400
0,401
17,401
18,401
19,401
20,401
21,401
24,401
25,401
26,401
27,401
28,401
146,401
147,401
148,401
149,401
150,401
151,401
152,401
153,401
154,401
155,401
156,401
157,401
158,401
159,401
160,401
247,401
248,401
249,401
250,401
269,401
270,401
278,401
279,401
469,401
470,401
471,401
472,401
473,401
778,401
779,401
780,401
781,401
782,401
783,401
784,401
785,401
786,401
787,401
788,401
789,401
840,401
841,401
842,401
0,402
17,402
18,402
19,402
20,402
21,402
24,402
25,402
26,402
27,402
28,402
148,402
149,402
150,402
151,402
152,402
153,402
154,402
155,402
156,402
157,402
158,402
159,402
160,402
161,402
162,402
247,402
248,402
249,402
250,402
276,402
277,402
278,402
279,402
288,402
289,402
469,402
470,402
471,402
472,402
779,402
780,402
781,402
782,402
783,402
784,402
785,402
786,402
787,402
788,402
789,402
790,402
839,402
840,402
841,402
0,403
17,403
18,403
19,403
20,403
21,403
24,403
25,403
26,403
27,403
149,403
150,403
151,403
153,403
157,403
158,403
159,403
160,403
161,403
162,403
163,403
247,403
248,403
249,403
250,403
267,403
276,403
277,403
278,403
279,403
288,403
289,403
290,403
297,403
298,403
468,403
469,403
470,403
471,403
472,403
780,403
781,403
782,403
783,403
784,403
785,403
786,403
787,403
788,403
789,403
790,403
791,403
839,403
840,403
0,404
17,404
18,404
19,404
20,404
21,404
24,404
25,404
26,404
27,404
158,404
159,404
160,404
161,404
162,404
163,404
164,404
165,404
166,404
167,404
168,404
247,404
248,404
249,404
250,404
267,404
276,404
277,404
278,404
279,404
288,404
289,404
290,404
468,404
469,404
470,404
471,404
780,404
781,404
782,404
783,404
784,404
785,404
786,404
787,404
788,404
789,404
790,404
791,404
792,404
793,404
838,404
839,404
840,404
0,405
17,405
18,405
19,405
20,405
21,405
24,405
25,405
26,405
27,405
159,405
160,405
161,405
162,405
163,405
164,405
165,405
166,405
167,405
168,405
169,405
170,405
171,405
247,405
248,405
249,405
250,405
267,405
276,405
277,405
278,405
279,405
288,405
289,405
294,405
295,405
468,405
469,405
470,405
471,405
786,405
787,405
788,405
789,405
790,405
791,405
792,405
793,405
794,405
795,405
837,405
838,405
839,405
840,405
0,406
17,406
18,406
19,406
20,406
21,406
24,406
25,406
26,406
27,406
162,406
163,406
164,406
165,406
166,406
167,406
168,406
169,406
170,406
171,406
172,406
173,406
247,406
248,406
249,406
250,406
276,406
277,406
278,406
279,406
287,406
288,406
289,406
468,406
469,406
470,406
471,406
789,406
790,406
791,406
792,406
793,406
794,406
795,406
796,406
836,406
837,406
838,406
839,406
840,406
0,407
17,407
18,407
19,407
20,407
21,407
24,407
25,407
26,407
27,407
163,407
164,407
165,407
166,407
167,407
168,407
169,407
170,407
171,407
172,407
173,407
174,407
247,407
248,407
249,407
250,407
276,407
277,407
278,407
279,407
288,407
289,407
468,407
469,407
470,407
471,407
790,407
791,407
792,407
793,407
794,407
795,407
796,407
797,407
836,407
837,407
838,407
839,407
0,408
17,408
18,408
19,408
20,408
21,408
24,408
25,408
26,408
27,408
164,408
165,408
166,408
167,408
168,408
169,408
170,408
171,408
172,408
173,408
174,408
247,408
248,408
249,408
250,408
276,408
277,408
278,408
279,408
288,408
289,408
468,408
469,408
470,408
471,408
791,408
792,408
793,408
794,408
795,408
796,408
797,408
798,408
836,408
837,408
838,408
839,408
0,409
17,409
18,409
19,409
20,409
21,409
24,409
25,409
26,409
27,409
169,409
170,409
171,409
172,409
173,409
174,409
175,409
176,409
177,409
178,409
247,409
248,409
249,409
250,409
276,409
277,409
278,409
279,409
288,409
289,409
468,409
469,409
470,409
471,409
793,409
794,409
795,409
796,409
797,409
798,409
799,409
800,409
836,409
837,409
838,409
0,410
17,410
18,410
19,410
20,410
21,410
24,410
25,410
26,410
27,410
172,410
173,410
174,410
175,410
176,410
177,410
178,410
179,410
180,410
247,410
248,410
249,410
250,410
268,410
276,410
277,410
278,410
279,410
287,410
288,410
289,410
467,410
468,410
469,410
470,410
471,410
794,410
795,410
796,410
797,410
798,410
799,410
800,410
801,410
835,410
836,410
837,410
0,411
17,411
18,411
19,411
20,411
21,411
24,411
25,411
26,411
27,411
173,411
174,411
175,411
176,411
177,411
178,411
179,411
180,411
181,411
247,411
248,411
249,411
250,411
268,411
269,411
275,411
276,411
277,411
278,411
286,411
287,411
288,411
289,411
467,411
468,411
469,411
470,411
471,411
795,411
796,411
797,411
798,411
799,411
800,411
801,411
802,411
803,411
835,411
836,411
837,411
0,412
17,412
18,412
19,412
20,412
21,412
24,412
25,412
26,412
27,412
175,412
176,412
177,412
178,412
179,412
180,412
181,412
182,412
185,412
247,412
248,412
249,412
250,412
268,412
269,412
275,412
276,412
277,412
278,412
286,412
287,412
466,412
467,412
468,412
469,412
470,412
471,412
795,412
796,412
797,412
798,412
799,412
800,412
801,412
802,412
803,412
804,412
834,412
835,412
836,412
837,412
0,413
17,413
18,413
19,413
20,413
21,413
24,413
25,413
26,413
27,413
179,413
180,413
181,413
182,413
183,413
184,413
185,413
186,413
187,413
188,413
189,413
247,413
248,413
249,413
250,413
269,413
275,413
276,413
277,413
286,413
287,413
466,413
467,413
468,413
469,413
470,413
797,413
798,413
799,413
800,413
801,413
802,413
803,413
804,413
833,413
834,413
835,413
836,413
0,414
17,414
18,414
19,414
20,414
21,414
24,414
25,414
26,414
27,414
180,414
181,414
182,414
183,414
184,414
185,414
186,414
187,414
188,414
189,414
190,414
191,414
192,414
247,414
248,414
249,414
250,414
276,414
287,414
466,414
467,414
468,414
469,414
470,414
798,414
800,414
801,414
802,414
803,414
804,414
805,414
833,414
834,414
835,414
836,414
0,415
17,415
18,415
19,415
20,415
21,415
24,415
25,415
26,415
27,415
180,415
181,415
182,415
183,415
184,415
185,415
186,415
187,415
188,415
189,415
190,415
191,415
192,415
193,415
194,415
195,415
196,415
197,415
198,415
199,415
200,415
201,415
202,415
247,415
248,415
249,415
250,415
287,415
328,415
465,415
466,415
467,415
468,415
469,415
801,415
802,415
803,415
804,415
805,415
806,415
832,415
833,415
834,415
835,415
0,416
17,416
18,416
19,416
20,416
21,416
24,416
25,416
26,416
27,416
182,416
183,416
184,416
185,416
186,416
187,416
188,416
189,416
190,416
191,416
192,416
193,416
194,416
195,416
196,416
197,416
198,416
199,416
200,416
201,416
202,416
203,416
247,416
248,416
249,416
250,416
465,416
466,416
467,416
468,416
469,416
802,416
803,416
804,416
805,416
806,416
807,416
832,416
833,416
834,416
835,416
0,417
17,417
18,417
19,417
20,417
21,417
24,417
25,417
26,417
27,417
181,417
182,417
183,417
184,417
185,417
186,417
187,417
188,417
189,417
190,417
191,417
192,417
193,417
194,417
195,417
196,417
197,417
198,417
199,417
200,417
201,417
202,417
203,417
204,417
205,417
206,417
207,417
246,417
247,417
248,417
249,417
250,417
274,417
275,417
464,417
465,417
466,417
467,417
468,417
802,417
803,417
804,417
805,417
806,417
807,417
808,417
831,417
832,417
833,417
834,417
0,418
17,418
18,418
19,418
20,418
21,418
24,418
25,418
26,418
27,418
183,418
184,418
185,418
186,418
187,418
188,418
189,418
190,418
191,418
192,418
193,418
194,418
195,418
196,418
197,418
198,418
199,418
200,418
201,418
202,418
203,418
204,418
205,418
206,418
207,418
208,418
246,418
247,418
248,418
249,418
250,418
273,418
274,418
275,418
464,418
465,418
466,418
467,418
468,418
804,418
805,418
806,418
807,418
808,418
831,418
832,418
833,418
834,418
0,419
16,419
17,419
18,419
19,419
20,419
21,419
24,419
25,419
26,419
27,419
197,419
198,419
199,419
200,419
201,419
202,419
203,419
204,419
205,419
206,419
207,419
208,419
209,419
210,419
211,419
212,419
213,419
246,419
247,419
248,419
249,419
250,419
273,419
274,419
275,419
276,419
277,419
278,419
464,419
465,419
466,419
467,419
468,419
805,419
806,419
807,419
808,419
809,419
810,419
830,419
831,419
832,419
833,419
0,420
16,420
17,420
18,420
19,420
20,420
21,420
24,420
25,420
26,420
27,420
202,420
203,420
204,420
205,420
206,420
207,420
208,420
209,420
210,420
211,420
212,420
213,420
214,420
215,420
246,420
247,420
248,420
249,420
250,420
274,420
275,420
276,420
277,420
278,420
464,420
465,420
466,420
467,420
468,420
805,420
806,420
807,420
808,420
809,420
810,420
811,420
829,420
830,420
831,420
832,420
833,420
0,421
16,421
17,421
18,421
19,421
20,421
21,421
24,421
25,421
26,421
27,421
204,421
205,421
206,421
207,421
208,421
209,421
210,421
211,421
212,421
213,421
214,421
215,421
216,421
217,421
246,421
247,421
248,421
249,421
250,421
275,421
276,421
277,421
278,421
464,421
465,421
466,421
467,421
805,421
806,421
807,421
808,421
809,421
810,421
811,421
812,421
829,421
830,421
831,421
832,421
0,422
16,422
17,422
18,422
19,422
20,422
21,422
24,422
25,422
26,422
27,422
205,422
206,422
207,422
208,422
209,422
210,422
211,422
212,422
213,422
214,422
215,422
216,422
217,422
218,422
247,422
248,422
249,422
250,422
276,422
277,422
278,422
464,422
465,422
466,422
467,422
805,422
806,422
807,422
808,422
809,422
810,422
811,422
812,422
828,422
829,422
830,422
831,422
832,422
0,423
16,423
17,423
18,423
19,423
20,423
21,423
24,423
25,423
26,423
27,423
206,423
207,423
208,423
209,423
210,423
211,423
212,423
213,423
214,423
215,423
216,423
217,423
218,423
219,423
220,423
247,423
248,423
249,423
250,423
276,423
277,423
278,423
279,423
463,423
464,423
465,423
466,423
467,423
805,423
806,423
807,423
808,423
809,423
810,423
811,423
812,423
813,423
827,423
828,423
829,423
830,423
831,423
0,424
16,424
17,424
18,424
19,424
20,424
21,424
24,424
25,424
26,424
27,424
212,424
213,424
214,424
215,424
216,424
217,424
218,424
219,424
220,424
221,424
222,424
247,424
248,424
249,424
250,424
276,424
277,424
278,424
279,424
463,424
464,424
465,424
466,424
467,424
805,424
806,424
807,424
808,424
809,424
810,424
811,424
812,424
813,424
814,424
815,424
827,424
828,424
829,424
830,424
831,424
0,425
16,425
17,425
18,425
19,425
20,425
21,425
24,425
25,425
26,425
27,425
215,425
216,425
217,425
218,425
219,425
220,425
221,425
222,425
223,425
224,425
225,425
247,425
248,425
249,425
250,425
263,425
278,425
279,425
462,425
463,425
464,425
465,425
466,425
805,425
806,425
807,425
808,425
809,425
810,425
811,425
812,425
813,425
814,425
815,425
816,425
826,425
827,425
828,425
829,425
830,425
0,426
16,426
17,426
18,426
19,426
20,426
21,426
24,426
25,426
26,426
27,426
215,426
216,426
217,426
218,426
219,426
220,426
221,426
222,426
223,426
224,426
225,426
226,426
227,426
248,426
249,426
250,426
263,426
279,426
462,426
463,426
464,426
465,426
466,426
803,426
804,426
805,426
806,426
807,426
808,426
809,426
810,426
811,426
812,426
813,426
814,426
815,426
816,426
825,426
826,426
827,426
828,426
829,426
0,427
16,427
17,427
18,427
19,427
20,427
21,427
24,427
25,427
26,427
27,427
217,427
218,427
219,427
220,427
221,427
222,427
223,427
224,427
225,427
226,427
227,427
248,427
249,427
250,427
251,427
263,427
279,427
462,427
463,427
464,427
465,427
466,427
802,427
803,427
804,427
805,427
806,427
807,427
808,427
809,427
810,427
811,427
812,427
813,427
814,427
815,427
816,427
817,427
824,427
825,427
826,427
827,427
828,427
0,428
16,428
17,428
18,428
19,428
20,428
21,428
24,428
25,428
26,428
27,428
221,428
222,428
223,428
224,428
225,428
226,428
227,428
228,428
229,428
230,428
249,428
250,428
251,428
260,428
279,428
462,428
463,428
464,428
465,428
466,428
802,428
803,428
804,428
805,428
806,428
807,428
808,428
809,428
810,428
811,428
812,428
813,428
814,428
815,428
816,428
817,428
818,428
819,428
824,428
825,428
826,428
827,428
828,428
0,429
16,429
17,429
18,429
19,429
20,429
21,429
24,429
25,429
26,429
27,429
221,429
222,429
223,429
224,429
225,429
226,429
227,429
228,429
229,429
230,429
231,429
232,429
233,429
234,429
235,429
249,429
250,429
251,429
260,429
279,429
461,429
462,429
463,429
464,429
465,429
466,429
805,429
806,429
807,429
808,429
809,429
810,429
811,429
812,429
813,429
814,429
815,429
816,429
817,429
818,429
819,429
820,429
821,429
822,429
823,429
824,429
825,429
826,429
827,429
828,429
0,430
16,430
17,430
18,430
19,430
20,430
21,430
24,430
25,430
26,430
27,430
225,430
226,430
227,430
228,430
229,430
230,430
231,430
232,430
233,430
234,430
235,430
236,430
237,430
238,430
248,430
249,430
250,430
251,430
260,430
279,430
461,430
462,430
463,430
464,430
465,430
805,430
806,430
807,430
808,430
809,430
810,430
811,430
812,430
813,430
814,430
815,430
816,430
817,430
818,430
819,430
820,430
821,430
822,430
823,430
824,430
825,430
826,430
827,430
828,430
0,431
16,431
17,431
18,431
19,431
20,431
21,431
24,431
25,431
26,431
27,431
228,431
229,431
230,431
231,431
232,431
233,431
234,431
235,431
236,431
237,431
238,431
239,431
248,431
249,431
250,431
251,431
269,431
279,431
461,431
462,431
463,431
464,431
465,431
805,431
806,431
807,431
808,431
809,431
810,431
811,431
812,431
813,431
814,431
815,431
816,431
817,431
818,431
819,431
820,431
821,431
822,431
823,431
824,431
825,431
826,431
827,431
0,432
16,432
17,432
18,432
19,432
20,432
21,432
24,432
25,432
26,432
27,432
230,432
231,432
232,432
233,432
234,432
235,432
236,432
237,432
238,432
239,432
240,432
241,432
247,432
248,432
249,432
250,432
251,432
261,432
262,432
269,432
270,432
279,432
461,432
462,432
463,432
464,432
465,432
806,432
807,432
808,432
809,432
810,432
811,432
812,432
813,432
814,432
815,432
816,432
817,432
818,432
819,432
820,432
821,432
822,432
823,432
824,432
825,432
826,432
827,432
0,433
16,433
17,433
18,433
19,433
20,433
21,433
24,433
25,433
26,433
27,433
232,433
233,433
234,433
235,433
236,433
237,433
238,433
239,433
240,433
241,433
242,433
243,433
244,433
247,433
248,433
249,433
250,433
251,433
261,433
276,433
277,433
278,433
279,433
461,433
462,433
463,433
464,433
806,433
807,433
808,433
809,433
810,433
811,433
812,433
813,433
814,433
815,433
816,433
817,433
818,433
819,433
820,433
821,433
822,433
823,433
824,433
825,433
826,433
827,433
828,433
829,433
0,434
16,434
17,434
18,434
19,434
20,434
21,434
24,434
25,434
26,434
27,434
234,434
235,434
236,434
237,434
238,434
239,434
240,434
241,434
242,434
243,434
244,434
245,434
246,434
247,434
248,434
249,434
250,434
251,434
252,434
259,434
261,434
273,434
276,434
277,434
278,434
279,434
461,434
462,434
463,434
464,434
812,434
813,434
814,434
815,434
816,434
817,434
818,434
819,434
820,434
821,434
822,434
823,434
824,434
825,434
826,434
827,434
828,434
829,434
830,434
0,435
16,435
17,435
18,435
19,435
20,435
21,435
24,435
25,435
26,435
27,435
238,435
239,435
240,435
241,435
242,435
243,435
244,435
245,435
246,435
247,435
248,435
249,435
250,435
251,435
252,435
258,435
259,435
273,435
274,435
276,435
277,435
278,435
279,435
461,435
462,435
463,435
464,435
813,435
814,435
815,435
816,435
817,435
818,435
819,435
820,435
821,435
822,435
823,435
824,435
825,435
826,435
827,435
828,435
829,435
830,435
831,435
0,436
16,436
17,436
18,436
19,436
20,436
21,436
24,436
25,436
26,436
27,436
240,436
241,436
242,436
243,436
244,436
245,436
246,436
247,436
248,436
249,436
250,436
251,436
252,436
253,436
258,436
259,436
273,436
276,436
277,436
278,436
279,436
460,436
461,436
462,436
463,436
464,436
815,436
816,436
817,436
818,436
819,436
820,436
821,436
822,436
823,436
824,436
825,436
826,436
827,436
828,436
829,436
830,436
831,436
832,436
833,436
834,436
836,436
837,436
839,436
840,436
0,437
16,437
17,437
18,437
19,437
20,437
21,437
24,437
25,437
26,437
27,437
242,437
243,437
244,437
245,437
246,437
247,437
248,437
249,437
250,437
251,437
252,437
253,437
254,437
258,437
276,437
277,437
278,437
279,437
460,437
461,437
462,437
463,437
464,437
817,437
818,437
819,437
820,437
821,437
822,437
823,437
824,437
825,437
826,437
827,437
828,437
829,437
830,437
831,437
832,437
833,437
834,437
835,437
836,437
837,437
838,437
839,437
840,437
841,437
0,438
16,438
17,438
18,438
19,438
20,438
21,438
24,438
25,438
26,438
27,438
244,438
245,438
246,438
247,438
248,438
249,438
250,438
251,438
252,438
253,438
254,438
264,438
265,438
266,438
267,438
276,438
277,438
278,438
279,438
460,438
461,438
462,438
463,438
817,438
818,438
819,438
820,438
821,438
822,438
823,438
824,438
825,438
826,438
827,438
828,438
829,438
830,438
831,438
832,438
833,438
834,438
835,438
836,438
837,438
838,438
839,438
840,438
841,438
842,438
844,438
845,438
0,439
16,439
17,439
18,439
19,439
20,439
21,439
24,439
25,439
26,439
27,439
246,439
247,439
248,439
249,439
250,439
251,439
252,439
253,439
254,439
255,439
257,439
259,439
276,439
277,439
278,439
279,439
460,439
461,439
462,439
463,439
817,439
818,439
819,439
820,439
821,439
822,439
823,439
824,439
825,439
826,439
827,439
828,439
829,439
830,439
831,439
832,439
833,439
834,439
835,439
836,439
837,439
838,439
839,439
840,439
841,439
842,439
843,439
844,439
845,439
846,439
847,439
848,439
0,440
17,440
18,440
19,440
20,440
21,440
24,440
25,440
26,440
27,440
246,440
247,440
248,440
249,440
250,440
251,440
252,440
253,440
254,440
255,440
256,440
257,440
258,440
259,440
260,440
261,440
271,440
276,440
277,440
278,440
460,440
461,440
462,440
463,440
817,440
818,440
819,440
820,440
821,440
822,440
823,440
824,440
825,440
826,440
827,440
828,440
829,440
830,440
831,440
832,440
833,440
834,440
835,440
836,440
839,440
840,440
841,440
842,440
843,440
844,440
845,440
846,440
847,440
848,440
849,440
850,440
851,440
859,440
860,440
861,440
0,441
17,441
18,441
19,441
20,441
21,441
24,441
25,441
26,441
27,441
247,441
248,441
249,441
250,441
251,441
252,441
253,441
254,441
255,441
256,441
257,441
258,441
259,441
260,441
261,441
262,441
276,441
277,441
278,441
460,441
461,441
462,441
463,441
817,441
818,441
819,441
820,441
821,441
822,441
823,441
824,441
825,441
826,441
827,441
828,441
829,441
830,441
831,441
832,441
833,441
834,441
840,441
841,441
842,441
843,441
844,441
845,441
846,441
847,441
848,441
849,441
850,441
851,441
852,441
853,441
854,441
855,441
856,441
857,441
858,441
859,441
860,441
861,441
862,441
863,441
864,441
865,441
866,441
867,441
868,441
869,441
870,441
871,441
872,441
873,441
0,442
17,442
18,442
19,442
20,442
21,442
24,442
25,442
26,442
27,442
247,442
248,442
249,442
250,442
251,442
252,442
253,442
254,442
255,442
256,442
257,442
258,442
259,442
260,442
261,442
262,442
263,442
264,442
265,442
266,442
276,442
277,442
459,442
460,442
461,442
462,442
463,442
817,442
818,442
819,442
820,442
821,442
822,442
825,442
826,442
827,442
828,442
829,442
830,442
831,442
832,442
833,442
834,442
835,442
839,442
840,442
841,442
842,442
843,442
844,442
845,442
846,442
847,442
848,442
849,442
850,442
851,442
852,442
853,442
854,442
855,442
856,442
857,442
858,442
859,442
860,442
861,442
862,442
863,442
864,442
865,442
866,442
867,442
868,442
869,442
870,442
871,442
872,442
873,442
874,442
0,443
17,443
18,443
19,443
20,443
21,443
24,443
25,443
26,443
27,443
247,443
248,443
249,443
250,443
251,443
252,443
253,443
254,443
255,443
256,443
257,443
258,443
259,443
260,443
261,443
262,443
263,443
264,443
265,443
266,443
267,443
268,443
269,443
275,443
276,443
277,443
459,443
460,443
461,443
462,443
817,443
818,443
819,443
820,443
821,443
829,443
830,443
831,443
832,443
833,443
834,443
835,443
836,443
837,443
838,443
839,443
840,443
841,443
842,443
843,443
844,443
845,443
846,443
847,443
848,443
849,443
850,443
851,443
852,443
858,443
859,443
860,443
861,443
862,443
863,443
864,443
865,443
866,443
867,443
868,443
869,443
870,443
871,443
872,443
873,443
874,443
875,443
876,443
877,443
0,444
17,444
18,444
19,444
20,444
21,444
24,444
25,444
26,444
27,444
248,444
249,444
250,444
251,444
252,444
253,444
254,444
255,444
256,444
259,444
260,444
261,444
262,444
263,444
264,444
265,444
266,444
267,444
268,444
269,444
270,444
272,444
273,444
275,444
276,444
458,444
459,444
460,444
461,444
462,444
817,444
818,444
819,444
830,444
831,444
832,444
833,444
834,444
835,444
836,444
837,444
838,444
839,444
840,444
841,444
848,444
862,444
863,444
864,444
865,444
866,444
867,444
868,444
869,444
870,444
871,444
872,444
873,444
874,444
875,444
876,444
877,444
878,444
0,445
17,445
18,445
19,445
20,445
21,445
24,445
25,445
26,445
27,445
248,445
249,445
250,445
251,445
252,445
253,445
254,445
255,445
256,445
257,445
259,445
260,445
263,445
264,445
265,445
266,445
267,445
268,445
269,445
270,445
271,445
272,445
273,445
275,445
276,445
277,445
458,445
459,445
460,445
461,445
817,445
818,445
831,445
832,445
833,445
834,445
835,445
836,445
837,445
838,445
839,445
840,445
865,445
866,445
867,445
872,445
873,445
874,445
875,445
876,445
877,445
878,445
879,445
880,445
881,445
882,445
883,445
884,445
885,445
886,445
887,445
888,445
0,446
17,446
18,446
19,446
20,446
21,446
24,446
25,446
26,446
27,446
248,446
249,446
250,446
251,446
252,446
253,446
254,446
255,446
256,446
257,446
263,446
264,446
265,446
266,446
267,446
268,446
269,446
270,446
271,446
272,446
273,446
275,446
276,446
277,446
278,446
279,446
458,446
459,446
460,446
461,446
817,446
833,446
834,446
835,446
836,446
837,446
838,446
839,446
840,446
841,446
876,446
877,446
878,446
879,446
880,446
881,446
882,446
883,446
884,446
885,446
886,446
887,446
888,446
889,446
890,446
891,446
0,447
17,447
18,447
19,447
20,447
24,447
25,447
26,447
27,447
248,447
249,447
250,447
251,447
252,447
253,447
254,447
255,447
256,447
263,447
264,447
265,447
266,447
267,447
268,447
269,447
270,447
271,447
272,447
275,447
276,447
277,447
278,447
279,447
280,447
457,447
458,447
459,447
460,447
461,447
834,447
835,447
836,447
837,447
838,447
839,447
840,447
841,447
842,447
878,447
879,447
880,447
881,447
882,447
883,447
884,447
885,447
886,447
887,447
888,447
889,447
890,447
891,447
892,447
0,448
17,448
18,448
19,448
20,448
24,448
25,448
26,448
27,448
249,448
250,448
251,448
252,448
253,448
254,448
255,448
262,448
263,448
264,448
265,448
266,448
267,448
268,448
269,448
270,448
271,448
272,448
274,448
275,448
276,448
277,448
278,448
279,448
280,448
281,448
282,448
283,448
284,448
457,448
458,448
459,448
460,448
834,448
835,448
836,448
837,448
838,448
839,448
840,448
841,448
842,448
843,448
880,448
881,448
882,448
883,448
884,448
885,448
886,448
887,448
888,448
889,448
890,448
891,448
892,448
893,448
894,448
0,449
17,449
18,449
19,449
20,449
24,449
25,449
26,449
27,449
250,449
251,449
252,449
253,449
254,449
255,449
263,449
267,449
268,449
269,449
271,449
272,449
274,449
275,449
276,449
277,449
278,449
279,449
280,449
281,449
282,449
283,449
284,449
285,449
286,449
457,449
458,449
459,449
460,449
835,449
836,449
837,449
838,449
839,449
840,449
841,449
842,449
843,449
844,449
845,449
887,449
888,449
889,449
890,449
891,449
892,449
893,449
894,449
895,449
896,449
897,449
0,450
16,450
17,450
18,450
19,450
20,450
24,450
25,450
26,450
27,450
251,450
252,450
253,450
254,450
255,450
267,450
268,450
274,450
275,450
276,450
277,450
278,450
279,450
280,450
281,450
282,450
283,450
284,450
285,450
286,450
287,450
289,450
290,450
291,450
292,450
457,450
458,450
459,450
836,450
837,450
838,450
839,450
840,450
841,450
842,450
843,450
844,450
845,450
846,450
889,450
890,450
891,450
892,450
893,450
894,450
895,450
896,450
897,450
898,450
0,451
16,451
17,451
18,451
19,451
20,451
24,451
25,451
26,451
27,451
251,451
252,451
253,451
254,451
255,451
275,451
276,451
277,451
278,451
279,451
280,451
281,451
282,451
283,451
284,451
285,451
286,451
287,451
288,451
289,451
290,451
291,451
292,451
293,451
294,451
295,451
456,451
457,451
458,451
459,451
840,451
841,451
842,451
843,451
844,451
845,451
846,451
847,451
848,451
891,451
892,451
893,451
894,451
895,451
896,451
897,451
898,451
899,451
900,451
901,451
0,452
16,452
17,452
18,452
19,452
20,452
24,452
25,452
26,452
27,452
251,452
252,452
253,452
254,452
255,452
276,452
277,452
278,452
279,452
280,452
281,452
282,452
283,452
284,452
285,452
286,452
287,452
288,452
289,452
290,452
291,452
292,452
293,452
294,452
295,452
296,452
456,452
457,452
458,452
841,452
842,452
843,452
844,452
845,452
846,452
847,452
848,452
849,452
850,452
892,452
893,452
894,452
895,452
896,452
897,452
898,452
899,452
900,452
901,452
902,452
0,453
16,453
17,453
18,453
19,453
20,453
24,453
25,453
26,453
27,453
251,453
252,453
253,453
254,453
255,453
276,453
277,453
278,453
279,453
282,453
283,453
284,453
285,453
286,453
287,453
288,453
289,453
290,453
291,453
292,453
293,453
294,453
295,453
296,453
297,453
298,453
456,453
457,453
458,453
844,453
845,453
846,453
847,453
848,453
849,453
850,453
851,453
892,453
893,453
896,453
897,453
898,453
899,453
900,453
901,453
902,453
903,453
0,454
16,454
17,454
18,454
19,454
20,454
24,454
25,454
26,454
27,454
251,454
252,454
253,454
254,454
255,454
276,454
277,454
278,454
284,454
285,454
286,454
287,454
290,454
291,454
292,454
293,454
294,454
295,454
296,454
297,454
298,454
299,454
300,454
301,454
456,454
457,454
458,454
845,454
846,454
847,454
848,454
849,454
850,454
851,454
897,454
898,454
899,454
900,454
901,454
902,454
903,454
904,454
905,454
0,455
16,455
17,455
18,455
19,455
20,455
24,455
25,455
26,455
27,455
251,455
252,455
253,455
254,455
255,455
256,455
276,455
277,455
293,455
294,455
295,455
296,455
297,455
298,455
299,455
300,455
301,455
302,455
303,455
304,455
455,455
456,455
457,455
458,455
847,455
848,455
849,455
850,455
851,455
859,455
860,455
899,455
900,455
901,455
902,455
903,455
904,455
905,455
906,455
0,456
16,456
17,456
18,456
19,456
20,456
24,456
25,456
26,456
27,456
251,456
252,456
253,456
254,456
255,456
256,456
294,456
295,456
296,456
297,456
298,456
299,456
300,456
301,456
302,456
303,456
304,456
305,456
455,456
456,456
457,456
458,456
848,456
850,456
851,456
852,456
853,456
854,456
855,456
856,456
857,456
858,456
859,456
860,456
861,456
901,456
902,456
903,456
904,456
905,456
906,456
907,456
0,457
16,457
17,457
18,457
19,457
20,457
21,457
24,457
25,457
26,457
27,457
250,457
251,457
252,457
253,457
254,457
255,457
256,457
257,457
299,457
300,457
301,457
302,457
303,457
304,457
305,457
306,457
307,457
308,457
309,457
310,457
454,457
455,457
456,457
457,457
458,457
811,457
812,457
852,457
853,457
854,457
855,457
856,457
857,457
858,457
859,457
860,457
861,457
862,457
902,457
903,457
904,457
905,457
906,457
907,457
908,457
0,458
17,458
18,458
19,458
20,458
21,458
24,458
25,458
26,458
27,458
251,458
252,458
253,458
254,458
255,458
256,458
257,458
301,458
302,458
303,458
304,458
305,458
306,458
307,458
308,458
309,458
310,458
311,458
454,458
455,458
456,458
457,458
810,458
811,458
812,458
841,458
852,458
853,458
854,458
855,458
856,458
857,458
858,458
859,458
860,458
861,458
862,458
863,458
905,458
906,458
907,458
908,458
909,458
0,459
17,459
18,459
19,459
20,459
21,459
24,459
25,459
26,459
251,459
252,459
253,459
254,459
255,459
256,459
257,459
303,459
304,459
305,459
306,459
307,459
308,459
309,459
310,459
311,459
312,459
313,459
314,459
315,459
316,459
453,459
454,459
455,459
456,459
457,459
809,459
810,459
811,459
812,459
853,459
859,459
860,459
861,459
862,459
863,459
864,459
906,459
907,459
908,459
909,459
910,459
911,459
0,460
16,460
17,460
18,460
19,460
20,460
21,460
24,460
25,460
26,460
251,460
252,460
253,460
254,460
255,460
256,460
257,460
304,460
305,460
306,460
307,460
308,460
309,460
310,460
311,460
312,460
313,460
314,460
315,460
316,460
317,460
318,460
319,460
320,460
453,460
454,460
455,460
456,460
808,460
809,460
810,460
811,460
812,460
861,460
862,460
863,460
864,460
865,460
866,460
867,460
868,460
869,460
870,460
871,460
872,460
873,460
907,460
908,460
909,460
910,460
911,460
912,460
0,461
16,461
17,461
18,461
19,461
20,461
21,461
25,461
253,461
254,461
255,461
256,461
257,461
305,461
306,461
307,461
308,461
309,461
310,461
311,461
312,461
313,461
314,461
315,461
316,461
317,461
318,461
319,461
320,461
321,461
452,461
453,461
454,461
455,461
456,461
808,461
809,461
810,461
811,461
812,461
862,461
863,461
864,461
865,461
866,461
867,461
868,461
869,461
870,461
871,461
872,461
873,461
874,461
875,461
907,461
908,461
909,461
910,461
911,461
912,461
913,461
0,462
16,462
17,462
18,462
19,462
20,462
21,462
255,462
256,462
257,462
310,462
311,462
312,462
313,462
314,462
315,462
316,462
317,462
318,462
319,462
320,462
321,462
322,462
323,462
452,462
453,462
454,462
455,462
456,462
807,462
808,462
809,462
810,462
811,462
812,462
865,462
866,462
867,462
868,462
869,462
870,462
871,462
872,462
873,462
874,462
875,462
876,462
908,462
909,462
910,462
911,462
912,462
913,462
914,462
0,463
16,463
17,463
18,463
19,463
20,463
255,463
256,463
257,463
317,463
318,463
319,463
320,463
321,463
322,463
323,463
324,463
325,463
326,463
452,463
453,463
454,463
455,463
807,463
808,463
809,463
810,463
811,463
866,463
867,463
868,463
869,463
870,463
871,463
872,463
873,463
874,463
875,463
876,463
877,463
878,463
909,463
910,463
911,463
912,463
913,463
914,463
0,464
16,464
17,464
18,464
19,464
20,464
256,464
257,464
265,464
266,464
318,464
319,464
320,464
321,464
322,464
323,464
324,464
325,464
326,464
327,464
452,464
453,464
454,464
455,464
807,464
808,464
809,464
810,464
811,464
868,464
869,464
870,464
871,464
872,464
873,464
874,464
875,464
876,464
877,464
878,464
879,464
880,464
881,464
882,464
910,464
911,464
912,464
913,464
914,464
915,464
0,465
16,465
17,465
18,465
19,465
20,465
255,465
256,465
257,465
265,465
266,465
319,465
320,465
321,465
322,465
323,465
324,465
325,465
326,465
327,465
328,465
329,465
330,465
331,465
332,465
333,465
452,465
453,465
454,465
455,465
807,465
808,465
809,465
810,465
868,465
871,465
872,465
873,465
874,465
875,465
876,465
877,465
878,465
879,465
880,465
881,465
882,465
883,465
884,465
911,465
912,465
913,465
914,465
915,465
0,466
16,466
17,466
18,466
19,466
20,466
22,466
23,466
256,466
257,466
321,466
322,466
323,466
324,466
325,466
326,466
327,466
328,466
329,466
330,466
331,466
332,466
333,466
334,466
451,466
452,466
453,466
454,466
806,466
807,466
808,466
868,466
878,466
879,466
880,466
881,466
882,466
883,466
884,466
885,466
886,466
887,466
912,466
913,466
914,466
915,466
916,466
917,466
918,466
0,467
16,467
17,467
18,467
19,467
20,467
22,467
23,467
257,467
258,467
324,467
325,467
326,467
327,467
328,467
329,467
330,467
331,467
332,467
333,467
334,467
335,467
336,467
451,467
452,467
453,467
454,467
806,467
807,467
808,467
879,467
880,467
881,467
882,467
883,467
884,467
885,467
886,467
887,467
888,467
913,467
914,467
915,467
916,467
917,467
918,467
0,468
16,468
17,468
18,468
19,468
20,468
22,468
23,468
257,468
258,468
259,468
325,468
326,468
327,468
328,468
329,468
330,468
331,468
332,468
333,468
334,468
335,468
336,468
337,468
451,468
452,468
453,468
454,468
806,468
807,468
808,468
879,468
880,468
881,468
882,468
883,468
884,468
885,468
886,468
887,468
888,468
889,468
914,468
915,468
916,468
917,468
918,468
919,468
0,469
16,469
17,469
18,469
19,469
20,469
22,469
23,469
24,469
257,469
258,469
259,469
260,469
330,469
331,469
332,469
333,469
334,469
335,469
336,469
337,469
338,469
339,469
340,469
341,469
342,469
343,469
451,469
452,469
453,469
454,469
888,469
889,469
890,469
893,469
916,469
917,469
918,469
919,469
920,469
0,470
16,470
17,470
18,470
19,470
20,470
22,470
23,470
24,470
25,470
246,470
256,470
257,470
258,470
259,470
260,470
332,470
333,470
334,470
335,470
336,470
337,470
338,470
339,470
340,470
341,470
342,470
343,470
344,470
345,470
346,470
450,470
451,470
452,470
453,470
890,470
891,470
892,470
893,470
894,470
895,470
896,470
897,470
917,470
918,470
919,470
920,470
921,470
0,471
16,471
17,471
18,471
19,471
20,471
21,471
22,471
23,471
24,471
25,471
245,471
246,471
247,471
256,471
257,471
258,471
259,471
260,471
334,471
335,471
336,471
337,471
338,471
339,471
340,471
341,471
342,471
343,471
344,471
345,471
346,471
347,471
348,471
450,471
451,471
452,471
888,471
890,471
891,471
892,471
893,471
894,471
895,471
896,471
897,471
898,471
899,471
900,471
919,471
920,471
921,471
922,471
923,471
0,472
16,472
17,472
18,472
19,472
20,472
22,472
23,472
24,472
25,472
26,472
245,472
246,472
247,472
248,472
255,472
256,472
257,472
258,472
259,472
260,472
336,472
337,472
338,472
339,472
340,472
341,472
342,472
343,472
344,472
345,472
346,472
347,472
348,472
349,472
449,472
450,472
451,472
803,472
804,472
891,472
892,472
893,472
894,472
895,472
896,472
897,472
898,472
899,472
900,472
901,472
919,472
920,472
921,472
922,472
923,472
924,472
0,473
16,473
17,473
18,473
19,473
20,473
22,473
23,473
24,473
25,473
26,473
247,473
248,473
256,473
257,473
258,473
259,473
260,473
263,473
338,473
339,473
340,473
341,473
342,473
343,473
344,473
345,473
346,473
347,473
348,473
349,473
350,473
351,473
450,473
451,473
802,473
803,473
804,473
892,473
893,473
894,473
895,473
896,473
897,473
898,473
899,473
900,473
901,473
902,473
903,473
904,473
920,473
921,473
922,473
923,473
924,473
925,473
0,474
16,474
17,474
18,474
19,474
20,474
23,474
24,474
25,474
26,474
246,474
247,474
248,474
256,474
257,474
258,474
259,474
260,474
262,474
263,474
342,474
343,474
344,474
345,474
346,474
347,474
348,474
349,474
350,474
351,474
352,474
353,474
354,474
355,474
356,474
357,474
450,474
451,474
802,474
803,474
804,474
894,474
895,474
896,474
897,474
900,474
901,474
902,474
903,474
904,474
905,474
921,474
922,474
923,474
924,474
925,474
0,475
16,475
17,475
18,475
19,475
20,475
23,475
24,475
25,475
26,475
245,475
246,475
247,475
258,475
259,475
260,475
261,475
262,475
344,475
345,475
346,475
347,475
348,475
349,475
350,475
351,475
352,475
353,475
354,475
355,475
356,475
357,475
358,475
359,475
360,475
361,475
362,475
449,475
450,475
451,475
802,475
803,475
804,475
901,475
902,475
903,475
904,475
905,475
921,475
922,475
923,475
924,475
925,475
926,475
0,476
16,476
17,476
18,476
19,476
20,476
23,476
24,476
25,476
26,476
246,476
247,476
258,476
259,476
260,476
261,476
262,476
348,476
349,476
350,476
351,476
352,476
353,476
354,476
355,476
356,476
357,476
358,476
359,476
360,476
361,476
362,476
363,476
364,476
448,476
449,476
450,476
802,476
803,476
901,476
902,476
903,476
904,476
905,476
906,476
907,476
908,476
922,476
923,476
924,476
925,476
926,476
927,476
0,477
16,477
17,477
18,477
19,477
20,477
24,477
25,477
26,477
258,477
259,477
260,477
261,477
262,477
349,477
350,477
351,477
352,477
353,477
354,477
355,477
356,477
357,477
358,477
359,477
360,477
361,477
362,477
363,477
364,477
365,477
368,477
448,477
449,477
450,477
903,477
904,477
905,477
906,477
907,477
908,477
909,477
910,477
924,477
925,477
926,477
927,477
928,477
0,478
16,478
17,478
18,478
19,478
20,478
24,478
25,478
26,478
260,478
261,478
262,478
350,478
351,478
355,478
356,478
357,478
358,478
359,478
360,478
361,478
362,478
363,478
364,478
365,478
368,478
371,478
448,478
449,478
450,478
903,478
904,478
905,478
906,478
907,478
908,478
909,478
910,478
925,478
926,478
927,478
928,478
929,478
0,479
16,479
17,479
18,479
19,479
20,479
24,479
25,479
26,479
260,479
261,479
262,479
263,479
357,479
358,479
359,479
360,479
361,479
362,479
363,479
364,479
368,479
371,479
448,479
449,479
450,479
904,479
905,479
906,479
907,479
908,479
909,479
910,479
911,479
926,479
927,479
928,479
929,479
930,479
0,480
16,480
17,480
18,480
19,480
20,480
24,480
25,480
26,480
259,480
260,480
261,480
262,480
263,480
359,480
360,480
361,480
362,480
363,480
364,480
368,480
371,480
374,480
375,480
376,480
377,480
378,480
379,480
448,480
449,480
450,480
906,480
907,480
908,480
909,480
910,480
911,480
926,480
927,480
928,480
929,480
930,480
1003,480
0,481
16,481
17,481
18,481
19,481
20,481
24,481
25,481
26,481
259,481
260,481
261,481
262,481
263,481
363,481
364,481
367,481
370,481
371,481
372,481
373,481
374,481
375,481
376,481
377,481
378,481
379,481
380,481
448,481
449,481
450,481
907,481
908,481
909,481
910,481
911,481
912,481
913,481
914,481
915,481
927,481
928,481
929,481
930,481
931,481
1003,481
0,482
16,482
17,482
18,482
19,482
20,482
24,482
25,482
26,482
258,482
259,482
260,482
261,482
262,482
263,482
264,482
370,482
371,482
372,482
373,482
374,482
375,482
376,482
377,482
378,482
379,482
380,482
381,482
382,482
383,482
384,482
385,482
386,482
447,482
448,482
449,482
450,482
908,482
909,482
910,482
911,482
912,482
913,482
914,482
915,482
916,482
927,482
928,482
929,482
930,482
931,482
932,482
0,483
17,483
18,483
19,483
20,483
24,483
25,483
26,483
258,483
260,483
261,483
262,483
263,483
264,483
371,483
372,483
373,483
374,483
375,483
376,483
377,483
378,483
379,483
380,483
381,483
382,483
383,483
384,483
385,483
386,483
387,483
446,483
447,483
448,483
449,483
450,483
910,483
911,483
912,483
913,483
914,483
915,483
916,483
917,483
928,483
929,483
930,483
931,483
932,483
0,484
17,484
18,484
19,484
20,484
24,484
25,484
26,484
261,484
262,484
263,484
264,484
265,484
371,484
372,484
373,484
374,484
375,484
376,484
377,484
378,484
379,484
380,484
381,484
382,484
383,484
384,484
385,484
386,484
387,484
388,484
389,484
390,484
391,484
392,484
445,484
446,484
447,484
912,484
913,484
914,484
915,484
916,484
917,484
918,484
929,484
930,484
931,484
932,484
933,484
934,484
0,485
17,485
18,485
19,485
20,485
24,485
25,485
26,485
261,485
262,485
263,485
264,485
265,485
376,485
377,485
378,485
379,485
380,485
381,485
382,485
383,485
384,485
385,485
386,485
387,485
388,485
389,485
390,485
391,485
392,485
393,485
394,485
395,485
396,485
397,485
398,485
399,485
400,485
445,485
446,485
447,485
913,485
914,485
915,485
916,485
917,485
918,485
919,485
920,485
931,485
932,485
933,485
934,485
935,485
0,486
17,486
18,486
19,486
20,486
24,486
25,486
26,486
254,486
255,486
262,486
263,486
264,486
265,486
380,486
381,486
382,486
383,486
384,486
385,486
386,486
387,486
388,486
389,486
390,486
391,486
392,486
393,486
394,486
395,486
396,486
397,486
398,486
399,486
400,486
401,486
402,486
439,486
444,486
445,486
446,486
447,486
915,486
916,486
917,486
918,486
919,486
920,486
931,486
932,486
933,486
934,486
935,486
936,486
0,487
17,487
18,487
19,487
20,487
24,487
25,487
26,487
262,487
263,487
264,487
265,487
266,487
383,487
384,487
385,487
386,487
387,487
388,487
389,487
390,487
391,487
392,487
393,487
394,487
395,487
396,487
397,487
398,487
399,487
400,487
401,487
402,487
403,487
404,487
439,487
444,487
445,487
446,487
447,487
916,487
917,487
918,487
919,487
920,487
921,487
932,487
933,487
934,487
935,487
936,487
937,487
0,488
17,488
18,488
19,488
20,488
24,488
25,488
26,488
247,488
262,488
263,488
264,488
265,488
266,488
388,488
389,488
390,488
391,488
392,488
393,488
394,488
395,488
396,488
397,488
398,488
399,488
400,488
401,488
402,488
403,488
404,488
405,488
406,488
438,488
439,488
444,488
445,488
446,488
447,488
917,488
918,488
919,488
920,488
921,488
922,488
934,488
935,488
936,488
937,488
938,488
0,489
17,489
18,489
19,489
20,489
24,489
25,489
26,489
263,489
264,489
265,489
266,489
369,489
391,489
392,489
393,489
394,489
395,489
396,489
397,489
398,489
399,489
400,489
401,489
402,489
403,489
404,489
405,489
406,489
407,489
444,489
445,489
446,489
447,489
796,489
797,489
918,489
919,489
920,489
921,489
922,489
923,489
935,489
936,489
937,489
938,489
939,489
0,490
17,490
18,490
19,490
20,490
24,490
25,490
26,490
263,490
264,490
265,490
266,490
369,490
393,490
394,490
400,490
401,490
402,490
403,490
404,490
405,490
406,490
407,490
408,490
409,490
410,490
411,490
412,490
413,490
414,490
415,490
416,490
444,490
445,490
446,490
796,490
918,490
919,490
920,490
921,490
922,490
923,490
935,490
936,490
937,490
938,490
939,490
940,490
0,491
17,491
18,491
19,491
20,491
24,491
25,491
26,491
264,491
265,491
266,491
267,491
402,491
403,491
404,491
405,491
406,491
407,491
408,491
409,491
410,491
411,491
412,491
413,491
414,491
415,491
416,491
417,491
443,491
444,491
445,491
446,491
794,491
795,491
913,491
920,491
921,491
922,491
923,491
924,491
937,491
938,491
939,491
940,491
0,492
17,492
18,492
19,492
20,492
24,492
25,492
26,492
27,492
264,492
265,492
266,492
267,492
406,492
407,492
408,492
409,492
410,492
411,492
412,492
413,492
414,492
415,492
416,492
417,492
418,492
419,492
444,492
445,492
446,492
794,492
795,492
921,492
922,492
923,492
924,492
938,492
939,492
940,492
941,492
0,493
17,493
18,493
19,493
20,493
24,493
25,493
26,493
27,493
264,493
265,493
266,493
267,493
268,493
406,493
407,493
408,493
409,493
410,493
411,493
412,493
413,493
414,493
415,493
416,493
417,493
418,493
419,493
420,493
421,493
422,493
423,493
424,493
425,493
443,493
444,493
445,493
446,493
794,493
795,493
924,493
925,493
938,493
939,493
940,493
941,493
0,494
17,494
18,494
19,494
20,494
24,494
25,494
26,494
27,494
264,494
265,494
266,494
267,494
268,494
414,494
415,494
416,494
417,494
418,494
419,494
420,494
421,494
422,494
423,494
424,494
425,494
426,494
427,494
428,494
443,494
444,494
445,494
446,494
793,494
794,494
795,494
925,494
926,494
939,494
940,494
941,494
942,494
0,495
17,495
18,495
19,495
20,495
24,495
25,495
26,495
27,495
264,495
265,495
266,495
267,495
268,495
269,495
416,495
417,495
418,495
419,495
420,495
421,495
422,495
423,495
424,495
425,495
426,495
427,495
428,495
429,495
442,495
443,495
444,495
445,495
446,495
793,495
794,495
795,495
925,495
926,495
927,495
940,495
941,495
942,495
943,495
0,496
17,496
18,496
19,496
20,496
24,496
25,496
26,496
27,496
265,496
266,496
267,496
268,496
269,496
417,496
418,496
419,496
420,496
421,496
422,496
423,496
424,496
425,496
426,496
427,496
428,496
429,496
441,496
442,496
443,496
444,496
445,496
793,496
794,496
795,496
922,496
925,496
926,496
927,496
941,496
942,496
943,496
0,497
17,497
18,497
19,497
20,497
24,497
25,497
26,497
265,497
266,497
267,497
268,497
269,497
419,497
420,497
421,497
427,497
428,497
429,497
432,497
433,497
438,497
439,497
440,497
441,497
442,497
443,497
444,497
445,497
791,497
792,497
793,497
925,497
926,497
927,497
941,497
942,497
943,497
944,497
0,498
17,498
18,498
19,498
20,498
25,498
26,498
265,498
266,498
267,498
268,498
269,498
429,498
431,498
432,498
433,498
437,498
438,498
439,498
440,498
441,498
442,498
443,498
444,498
445,498
446,498
791,498
792,498
793,498
925,498
926,498
927,498
943,498
944,498
0,499
17,499
18,499
19,499
20,499
25,499
26,499
266,499
267,499
268,499
269,499
429,499
437,499
438,499
439,499
440,499
441,499
442,499
443,499
444,499
445,499
446,499
447,499
791,499
792,499
793,499
925,499
926,499
927,499
928,499
941,499
0,500
17,500
18,500
19,500
20,500
25,500
26,500
266,500
267,500
268,500
269,500
270,500
436,500
437,500
438,500
439,500
440,500
441,500
442,500
443,500
444,500
445,500
446,500
447,500
448,500
790,500
791,500
792,500
925,500
926,500
927,500
928,500
929,500
941,500
0,501
17,501
18,501
19,501
20,501
25,501
26,501
266,501
267,501
268,501
269,501
270,501
436,501
437,501
438,501
439,501
440,501
441,501
442,501
443,501
444,501
445,501
446,501
447,501
448,501
449,501
450,501
451,501
790,501
791,501
792,501
925,501
926,501
927,501
928,501
929,501
0,502
17,502
18,502
19,502
20,502
25,502
26,502
267,502
268,502
269,502
270,502
436,502
437,502
438,502
439,502
440,502
441,502
442,502
443,502
444,502
445,502
446,502
447,502
448,502
449,502
450,502
451,502
789,502
790,502
791,502
792,502
926,502
927,502
928,502
929,502
0,503
17,503
18,503
19,503
20,503
25,503
26,503
268,503
269,503
270,503
271,503
436,503
437,503
439,503
440,503
441,503
442,503
443,503
444,503
445,503
446,503
447,503
448,503
449,503
450,503
451,503
452,503
454,503
455,503
456,503
457,503
789,503
790,503
791,503
792,503
926,503
927,503
928,503
929,503
0,504
17,504
18,504
19,504
20,504
26,504
268,504
269,504
270,504
271,504
436,504
439,504
440,504
441,504
442,504
443,504
444,504
445,504
446,504
447,504
448,504
449,504
450,504
451,504
452,504
453,504
454,504
455,504
456,504
457,504
789,504
790,504
791,504
926,504
927,504
928,504
929,504
0,505
17,505
18,505
19,505
20,505
26,505
268,505
269,505
270,505
271,505
439,505
440,505
441,505
442,505
443,505
444,505
448,505
449,505
450,505
451,505
452,505
453,505
454,505
455,505
456,505
457,505
458,505
459,505
460,505
789,505
790,505
791,505
926,505
927,505
928,505
929,505
949,505
0,506
17,506
18,506
19,506
20,506
269,506
270,506
271,506
439,506
440,506
441,506
442,506
443,506
451,506
453,506
454,506
455,506
456,506
457,506
458,506
459,506
460,506
461,506
462,506
463,506
464,506
789,506
790,506
926,506
927,506
928,506
929,506
947,506
948,506
949,506
950,506
0,507
17,507
18,507
19,507
20,507
269,507
270,507
271,507
272,507
439,507
440,507
441,507
442,507
453,507
454,507
455,507
456,507
457,507
458,507
459,507
460,507
461,507
462,507
463,507
464,507
465,507
788,507
789,507
790,507
926,507
927,507
928,507
929,507
947,507
949,507
950,507
0,508
16,508
17,508
18,508
19,508
20,508
25,508
269,508
270,508
271,508
272,508
433,508
439,508
440,508
441,508
442,508
454,508
455,508
456,508
457,508
458,508
459,508
460,508
461,508
462,508
463,508
464,508
465,508
466,508
467,508
468,508
469,508
788,508
789,508
926,508
927,508
928,508
929,508
947,508
950,508
951,508
0,509
16,509
17,509
18,509
19,509
20,509
25,509
270,509
271,509
272,509
273,509
438,509
439,509
440,509
441,509
454,509
455,509
456,509
457,509
458,509
459,509
460,509
461,509
462,509
463,509
464,509
465,509
466,509
467,509
468,509
469,509
470,509
471,509
472,509
787,509
788,509
789,509
925,509
926,509
927,509
928,509
929,509
950,509
951,509
952,509
0,510
16,510
17,510
18,510
19,510
20,510
25,510
270,510
271,510
272,510
273,510
274,510
438,510
439,510
440,510
441,510
454,510
456,510
457,510
462,510
463,510
464,510
465,510
466,510
467,510
468,510
469,510
470,510
471,510
472,510
473,510
474,510
475,510
476,510
786,510
787,510
788,510
789,510
923,510
924,510
925,510
926,510
927,510
928,510
929,510
949,510
950,510
951,510
952,510
0,511
16,511
17,511
18,511
19,511
20,511
25,511
271,511
272,511
273,511
274,511
437,511
438,511
439,511
440,511
441,511
463,511
464,511
465,511
466,511
467,511
468,511
469,511
470,511
471,511
472,511
473,511
474,511
475,511
476,511
477,511
786,511
787,511
788,511
789,511
919,511
920,511
921,511
922,511
923,511
924,511
925,511
926,511
927,511
928,511
929,511
949,511
950,511
951,511
952,511
0,512
16,512
17,512
18,512
19,512
20,512
271,512
272,512
273,512
274,512
275,512
437,512
438,512
439,512
440,512
463,512
464,512
465,512
466,512
467,512
468,512
469,512
470,512
471,512
472,512
473,512
474,512
475,512
476,512
477,512
478,512
786,512
787,512
788,512
919,512
920,512
921,512
922,512
923,512
924,512
925,512
926,512
927,512
928,512
929,512
949,512
950,512
951,512
952,512
0,513
16,513
17,513
18,513
19,513
20,513
272,513
273,513
274,513
275,513
437,513
438,513
439,513
440,513
467,513
468,513
469,513
470,513
471,513
472,513
473,513
474,513
475,513
476,513
477,513
478,513
479,513
480,513
785,513
786,513
787,513
919,513
920,513
921,513
922,513
923,513
924,513
925,513
926,513
927,513
950,513
951,513
952,513
0,514
16,514
17,514
18,514
19,514
20,514
272,514
273,514
274,514
275,514
276,514
437,514
438,514
439,514
440,514
476,514
477,514
478,514
479,514
480,514
481,514
482,514
483,514
785,514
786,514
919,514
920,514
921,514
922,514
923,514
924,514
925,514
926,514
927,514
0,515
16,515
17,515
18,515
19,515
20,515
272,515
273,515
274,515
275,515
276,515
277,515
437,515
438,515
439,515
476,515
477,515
478,515
479,515
480,515
481,515
482,515
483,515
484,515
485,515
486,515
487,515
784,515
785,515
786,515
903,515
904,515
913,515
914,515
915,515
916,515
917,515
924,515
925,515
926,515
0,516
16,516
17,516
18,516
19,516
20,516
273,516
274,516
275,516
276,516
277,516
437,516
438,516
439,516
477,516
478,516
479,516
480,516
481,516
482,516
483,516
484,516
485,516
486,516
487,516
488,516
784,516
902,516
903,516
904,516
905,516
906,516
907,516
908,516
909,516
910,516
911,516
912,516
913,516
914,516
915,516
916,516
917,516
925,516
0,517
16,517
17,517
18,517
19,517
20,517
274,517
275,517
276,517
277,517
437,517
438,517
439,517
477,517
478,517
479,517
480,517
481,517
482,517
483,517
484,517
485,517
486,517
487,517
488,517
489,517
783,517
784,517
895,517
896,517
897,517
898,517
899,517
900,517
901,517
902,517
903,517
904,517
905,517
906,517
907,517
908,517
909,517
910,517
911,517
912,517
913,517
914,517
915,517
916,517
0,518
16,518
17,518
18,518
19,518
20,518
25,518
274,518
275,518
276,518
277,518
437,518
438,518
478,518
479,518
480,518
481,518
482,518
483,518
484,518
485,518
486,518
487,518
488,518
489,518
490,518
491,518
783,518
784,518
785,518
786,518
893,518
894,518
895,518
896,518
897,518
898,518
899,518
900,518
901,518
902,518
903,518
904,518
905,518
906,518
907,518
910,518
911,518
912,518
913,518
914,518
915,518
916,518
0,519
16,519
17,519
18,519
19,519
20,519
24,519
25,519
233,519
274,519
275,519
276,519
277,519
436,519
437,519
438,519
485,519
486,519
487,519
488,519
489,519
490,519
491,519
492,519
493,519
782,519
783,519
784,519
785,519
786,519
821,519
891,519
892,519
893,519
894,519
895,519
896,519
897,519
898,519
899,519
900,519
901,519
902,519
903,519
904,519
905,519
906,519
911,519
912,519
958,519
0,520
16,520
17,520
18,520
19,520
20,520
24,520
25,520
274,520
275,520
276,520
277,520
436,520
437,520
438,520
486,520
487,520
488,520
489,520
490,520
491,520
492,520
493,520
494,520
782,520
783,520
784,520
815,520
816,520
817,520
818,520
819,520
820,520
821,520
889,520
890,520
891,520
892,520
893,520
894,520
895,520
896,520
897,520
901,520
958,520
959,520
0,521
16,521
17,521
18,521
19,521
20,521
24,521
25,521
275,521
276,521
277,521
278,521
436,521
437,521
438,521
488,521
489,521
490,521
491,521
492,521
493,521
494,521
495,521
496,521
787,521
788,521
789,521
790,521
791,521
792,521
793,521
794,521
795,521
815,521
816,521
817,521
818,521
819,521
820,521
888,521
889,521
890,521
891,521
892,521
893,521
894,521
895,521
958,521
959,521
0,522
16,522
17,522
18,522
19,522
20,522
24,522
25,522
26,522
275,522
276,522
277,522
278,522
436,522
437,522
438,522
489,522
490,522
491,522
492,522
493,522
494,522
495,522
496,522
497,522
498,522
781,522
782,522
785,522
786,522
787,522
788,522
789,522
790,522
791,522
792,522
793,522
794,522
795,522
802,522
814,522
815,522
816,522
888,522
889,522
890,522
891,522
892,522
893,522
958,522
959,522
0,523
16,523
17,523
18,523
19,523
20,523
24,523
25,523
26,523
276,523
277,523
278,523
279,523
436,523
437,523
438,523
491,523
492,523
493,523
494,523
495,523
496,523
497,523
498,523
499,523
500,523
781,523
782,523
783,523
784,523
785,523
786,523
793,523
794,523
795,523
814,523
851,523
852,523
853,523
854,523
888,523
889,523
890,523
891,523
892,523
959,523
0,524
16,524
17,524
18,524
19,524
20,524
24,524
25,524
26,524
276,524
277,524
278,524
279,524
436,524
437,524
438,524
492,524
493,524
494,524
495,524
496,524
497,524
498,524
499,524
500,524
501,524
780,524
781,524
782,524
783,524
848,524
852,524
853,524
854,524
882,524
884,524
885,524
888,524
889,524
890,524
891,524
0,525
16,525
17,525
18,525
19,525
20,525
24,525
25,525
26,525
276,525
277,525
278,525
279,525
435,525
436,525
437,525
438,525
494,525
495,525
496,525
497,525
498,525
499,525
500,525
501,525
502,525
503,525
780,525
781,525
782,525
783,525
848,525
853,525
854,525
881,525
882,525
883,525
884,525
885,525
888,525
889,525
890,525
0,526
16,526
17,526
18,526
19,526
20,526
24,526
25,526
26,526
276,526
277,526
278,526
279,526
280,526
434,526
435,526
436,526
437,526
438,526
495,526
496,526
497,526
498,526
499,526
500,526
501,526
502,526
503,526
504,526
505,526
780,526
781,526
782,526
783,526
784,526
877,526
878,526
879,526
880,526
881,526
882,526
883,526
884,526
885,526
0,527
16,527
17,527
18,527
19,527
20,527
24,527
25,527
26,527
276,527
277,527
278,527
279,527
280,527
434,527
435,527
436,527
437,527
438,527
495,527
496,527
497,527
498,527
499,527
500,527
501,527
502,527
503,527
504,527
505,527
506,527
779,527
780,527
781,527
782,527
783,527
784,527
833,527
837,527
838,527
876,527
877,527
878,527
879,527
880,527
881,527
882,527
883,527
884,527
0,528
16,528
17,528
18,528
19,528
20,528
24,528
25,528
26,528
276,528
277,528
278,528
279,528
280,528
434,528
435,528
436,528
437,528
438,528
496,528
497,528
498,528
499,528
500,528
501,528
502,528
503,528
504,528
505,528
506,528
507,528
778,528
779,528
780,528
781,528
782,528
783,528
838,528
865,528
875,528
876,528
877,528
878,528
879,528
880,528
881,528
882,528
0,529
16,529
17,529
18,529
19,529
20,529
24,529
25,529
26,529
276,529
277,529
278,529
279,529
280,529
281,529
434,529
435,529
436,529
437,529
498,529
499,529
500,529
501,529
502,529
503,529
504,529
505,529
506,529
507,529
508,529
509,529
510,529
511,529
778,529
779,529
780,529
781,529
782,529
783,529
826,529
827,529
828,529
865,529
866,529
875,529
876,529
877,529
878,529
879,529
880,529
881,529
0,530
16,530
17,530
18,530
19,530
20,530
24,530
25,530
26,530
276,530
277,530
278,530
279,530
280,530
281,530
434,530
435,530
436,530
437,530
499,530
500,530
501,530
502,530
503,530
504,530
505,530
506,530
507,530
508,530
509,530
510,530
511,530
512,530
778,530
779,530
780,530
781,530
782,530
811,530
812,530
813,530
814,530
824,530
825,530
826,530
827,530
828,530
865,530
866,530
872,530
873,530
874,530
875,530
876,530
16,531
17,531
18,531
19,531
20,531
24,531
25,531
26,531
276,531
277,531
278,531
279,531
280,531
281,531
433,531
434,531
435,531
436,531
504,531
505,531
506,531
507,531
508,531
509,531
510,531
511,531
512,531
513,531
777,531
778,531
779,531
780,531
781,531
782,531
810,531
811,531
812,531
813,531
814,531
820,531
821,531
822,531
865,531
866,531
871,531
872,531
873,531
874,531
875,531
16,532
17,532
18,532
19,532
20,532
24,532
25,532
26,532
277,532
278,532
279,532
280,532
281,532
433,532
434,532
435,532
505,532
506,532
507,532
508,532
509,532
510,532
511,532
512,532
513,532
514,532
776,532
777,532
778,532
779,532
780,532
781,532
820,532
865,532
866,532
869,532
870,532
871,532
872,532
873,532
874,532
16,533
17,533
18,533
19,533
20,533
24,533
25,533
26,533
277,533
278,533
279,533
280,533
281,533
433,533
434,533
435,533
507,533
508,533
509,533
510,533
511,533
512,533
513,533
514,533
515,533
776,533
777,533
778,533
779,533
780,533
804,533
870,533
871,533
872,533
873,533
16,534
17,534
18,534
19,534
20,534
24,534
25,534
26,534
278,534
279,534
280,534
281,534
282,534
432,534
433,534
434,534
508,534
509,534
510,534
511,534
512,534
513,534
514,534
515,534
516,534
517,534
776,534
777,534
778,534
779,534
780,534
16,535
17,535
18,535
19,535
20,535
24,535
25,535
26,535
279,535
280,535
281,535
282,535
432,535
433,535
434,535
512,535
513,535
514,535
515,535
516,535
517,535
518,535
519,535
520,535
756,535
774,535
775,535
776,535
777,535
778,535
779,535
780,535
784,535
785,535
786,535
849,535
850,535
851,535
852,535
853,535
854,535
855,535
856,535
857,535
858,535
967,535
968,535
16,536
17,536
18,536
19,536
20,536
24,536
25,536
26,536
279,536
280,536
281,536
282,536
431,536
432,536
433,536
434,536
513,536
514,536
515,536
516,536
517,536
518,536
519,536
520,536
521,536
756,536
761,536
762,536
774,536
775,536
776,536
780,536
784,536
785,536
786,536
843,536
844,536
845,536
848,536
849,536
850,536
851,536
852,536
853,536
854,536
855,536
856,536
857,536
858,536
967,536
968,536
969,536
970,536
16,537
17,537
18,537
19,537
20,537
24,537
25,537
26,537
279,537
280,537
281,537
282,537
283,537
431,537
432,537
433,537
434,537
513,537
514,537
515,537
516,537
517,537
518,537
519,537
520,537
521,537
522,537
594,537
641,537
642,537
643,537
738,537
759,537
760,537
761,537
762,537
763,537
764,537
765,537
766,537
767,537
768,537
775,537
776,537
780,537
843,537
844,537
845,537
846,537
847,537
848,537
849,537
850,537
851,537
852,537
853,537
854,537
855,537
856,537
857,537
858,537
874,537
967,537
968,537
969,537
970,537
16,538
17,538
18,538
19,538
20,538
24,538
25,538
26,538
280,538
281,538
282,538
283,538
431,538
432,538
433,538
434,538
444,538
515,538
516,538
517,538
518,538
519,538
520,538
521,538
522,538
523,538
524,538
594,538
641,538
642,538
643,538
738,538
756,538
758,538
759,538
760,538
761,538
767,538
768,538
774,538
775,538
776,538
777,538
778,538
839,538
843,538
844,538
845,538
846,538
847,538
848,538
849,538
850,538
851,538
852,538
853,538
854,538
855,538
856,538
857,538
858,538
967,538
968,538
969,538
970,538
16,539
17,539
18,539
19,539
20,539
24,539
25,539
26,539
230,539
280,539
281,539
282,539
283,539
430,539
431,539
432,539
433,539
517,539
518,539
519,539
520,539
521,539
522,539
523,539
524,539
525,539
641,539
738,539
756,539
757,539
758,539
759,539
760,539
761,539
773,539
774,539
775,539
776,539
777,539
778,539
794,539
838,539
839,539
840,539
841,539
844,539
845,539
846,539
847,539
848,539
849,539
850,539
851,539
852,539
853,539
857,539
967,539
968,539
969,539
970,539
16,540
17,540
18,540
19,540
20,540
24,540
25,540
26,540
280,540
281,540
282,540
283,540
284,540
430,540
431,540
432,540
433,540
518,540
519,540
520,540
521,540
522,540
523,540
524,540
525,540
526,540
756,540
757,540
773,540
774,540
775,540
776,540
777,540
778,540
790,540
793,540
794,540
835,540
837,540
838,540
839,540
840,540
969,540
970,540
16,541
17,541
18,541
19,541
20,541
24,541
25,541
26,541
280,541
281,541
282,541
283,541
284,541
430,541
431,541
432,541
519,541
520,541
521,541
522,541
523,541
524,541
525,541
526,541
527,541
773,541
774,541
775,541
776,541
777,541
778,541
788,541
789,541
790,541
791,541
792,541
793,541
794,541
795,541
812,541
813,541
814,541
815,541
816,541
817,541
818,541
819,541
820,541
821,541
822,541
823,541
824,541
825,541
826,541
827,541
828,541
831,541
832,541
833,541
834,541
835,541
836,541
837,541
838,541
839,541
971,541
972,541
17,542
18,542
19,542
20,542
24,542
25,542
26,542
280,542
281,542
282,542
283,542
284,542
285,542
429,542
430,542
431,542
432,542
520,542
521,542
522,542
523,542
524,542
525,542
526,542
527,542
528,542
529,542
772,542
773,542
774,542
775,542
776,542
777,542
778,542
779,542
780,542
781,542
785,542
786,542
787,542
788,542
789,542
790,542
791,542
792,542
793,542
794,542
795,542
796,542
799,542
800,542
811,542
812,542
813,542
814,542
815,542
816,542
817,542
818,542
819,542
820,542
821,542
822,542
823,542
824,542
825,542
826,542
827,542
828,542
829,542
830,542
831,542
832,542
833,542
834,542
835,542
836,542
837,542
838,542
971,542
972,542
973,542
17,543
18,543
19,543
20,543
24,543
25,543
26,543
280,543
281,543
282,543
283,543
284,543
285,543
428,543
429,543
430,543
431,543
432,543
522,543
523,543
525,543
526,543
527,543
528,543
529,543
770,543
771,543
772,543
773,543
774,543
775,543
776,543
777,543
778,543
779,543
780,543
781,543
782,543
783,543
784,543
785,543
786,543
787,543
788,543
789,543
790,543
791,543
792,543
793,543
794,543
795,543
796,543
797,543
798,543
799,543
800,543
801,543
802,543
811,543
812,543
813,543
814,543
815,543
816,543
817,543
818,543
819,543
820,543
821,543
822,543
823,543
824,543
825,543
826,543
827,543
828,543
830,543
831,543
832,543
833,543
834,543
835,543
836,543
971,543
972,543
17,544
18,544
19,544
20,544
24,544
25,544
26,544
282,544
283,544
284,544
285,544
428,544
429,544
430,544
431,544
446,544
447,544
448,544
449,544
450,544
451,544
452,544
453,544
454,544
455,544
456,544
457,544
458,544
463,544
471,544
472,544
473,544
474,544
475,544
476,544
477,544
478,544
479,544
480,544
481,544
482,544
525,544
526,544
527,544
528,544
529,544
764,544
765,544
769,544
770,544
771,544
772,544
773,544
774,544
775,544
776,544
777,544
778,544
779,544
780,544
781,544
782,544
783,544
784,544
785,544
786,544
787,544
788,544
789,544
790,544
791,544
792,544
793,544
794,544
795,544
796,544
797,544
798,544
799,544
800,544
801,544
812,544
817,544
818,544
819,544
820,544
821,544
822,544
832,544
17,545
18,545
19,545
20,545
24,545
25,545
26,545
283,545
284,545
285,545
428,545
429,545
430,545
431,545
441,545
442,545
444,545
445,545
446,545
447,545
448,545
449,545
450,545
451,545
452,545
453,545
454,545
455,545
456,545
457,545
458,545
459,545
460,545
461,545
462,545
463,545
464,545
465,545
466,545
467,545
468,545
469,545
470,545
471,545
472,545
473,545
474,545
475,545
476,545
477,545
478,545
479,545
480,545
481,545
482,545
483,545
484,545
485,545
486,545
487,545
489,545
490,545
525,545
526,545
527,545
528,545
529,545
534,545
535,545
751,545
752,545
753,545
754,545
755,545
756,545
757,545
758,545
759,545
760,545
761,545
762,545
763,545
764,545
765,545
766,545
767,545
768,545
769,545
770,545
771,545
772,545
773,545
774,545
775,545
776,545
777,545
778,545
779,545
780,545
781,545
782,545
783,545
784,545
785,545
786,545
787,545
788,545
789,545
790,545
791,545
792,545
793,545
17,546
18,546
19,546
20,546
24,546
25,546
26,546
283,546
284,546
285,546
428,546
429,546
430,546
431,546
438,546
439,546
440,546
441,546
442,546
444,546
445,546
446,546
447,546
448,546
449,546
450,546
451,546
452,546
453,546
454,546
455,546
456,546
457,546
458,546
459,546
460,546
461,546
462,546
463,546
464,546
465,546
466,546
467,546
468,546
469,546
470,546
471,546
472,546
473,546
474,546
475,546
476,546
477,546
478,546
479,546
480,546
481,546
482,546
483,546
484,546
485,546
486,546
487,546
488,546
489,546
490,546
532,546
533,546
534,546
535,546
536,546
537,546
740,546
743,546
744,546
745,546
746,546
747,546
748,546
749,546
750,546
751,546
752,546
753,546
754,546
755,546
756,546
757,546
758,546
759,546
760,546
761,546
762,546
763,546
764,546
765,546
766,546
767,546
768,546
769,546
770,546
771,546
772,546
773,546
774,546
775,546
776,546
777,546
778,546
779,546
780,546
781,546
782,546
783,546
784,546
785,546
786,546
787,546
788,546
789,546
790,546
791,546
17,547
18,547
19,547
20,547
24,547
25,547
26,547
283,547
284,547
285,547
428,547
429,547
430,547
431,547
437,547
438,547
439,547
440,547
441,547
442,547
444,547
445,547
446,547
447,547
448,547
449,547
450,547
451,547
452,547
453,547
454,547
455,547
456,547
457,547
458,547
459,547
460,547
461,547
462,547
463,547
464,547
465,547
466,547
467,547
468,547
469,547
470,547
471,547
472,547
473,547
474,547
475,547
476,547
477,547
478,547
479,547
480,547
481,547
482,547
483,547
484,547
485,547
486,547
487,547
488,547
489,547
490,547
491,547
506,547
531,547
532,547
533,547
534,547
535,547
536,547
537,547
538,547
740,547
741,547
743,547
744,547
745,547
746,547
747,547
748,547
749,547
750,547
751,547
752,547
753,547
754,547
755,547
756,547
757,547
758,547
759,547
760,547
761,547
762,547
763,547
764,547
765,547
766,547
767,547
768,547
769,547
770,547
771,547
772,547
773,547
774,547
775,547
776,547
777,547
778,547
779,547
780,547
781,547
782,547
783,547
784,547
785,547
786,547
787,547
788,547
789,547
17,548
18,548
19,548
20,548
24,548
25,548
26,548
283,548
284,548
285,548
428,548
429,548
430,548
436,548
437,548
438,548
439,548
440,548
441,548
442,548
444,548
445,548
446,548
447,548
448,548
449,548
450,548
451,548
452,548
453,548
454,548
455,548
456,548
457,548
458,548
459,548
460,548
461,548
462,548
463,548
464,548
465,548
466,548
467,548
468,548
469,548
470,548
471,548
472,548
473,548
474,548
475,548
476,548
477,548
478,548
479,548
480,548
481,548
482,548
483,548
484,548
485,548
486,548
487,548
488,548
489,548
490,548
491,548
492,548
494,548
495,548
496,548
497,548
498,548
499,548
500,548
501,548
502,548
503,548
504,548
505,548
506,548
507,548
530,548
531,548
532,548
533,548
534,548
535,548
536,548
537,548
538,548
539,548
723,548
724,548
725,548
726,548
727,548
728,548
729,548
730,548
731,548
732,548
733,548
734,548
735,548
736,548
737,548
740,548
741,548
743,548
744,548
745,548
746,548
747,548
748,548
749,548
750,548
751,548
752,548
753,548
754,548
755,548
756,548
757,548
758,548
759,548
760,548
761,548
762,548
763,548
764,548
765,548
766,548
767,548
768,548
769,548
770,548
771,548
772,548
773,548
774,548
775,548
776,548
777,548
778,548
779,548
780,548
781,548
782,548
783,548
784,548
785,548
786,548
17,549
18,549
19,549
20,549
25,549
284,549
285,549
286,549
427,549
428,549
429,549
430,549
434,549
435,549
436,549
437,549
438,549
439,549
440,549
463,549
472,549
473,549
474,549
475,549
478,549
479,549
480,549
481,549
482,549
483,549
484,549
485,549
486,549
487,549
489,549
490,549
491,549
494,549
495,549
496,549
497,549
498,549
499,549
500,549
501,549
502,549
503,549
504,549
505,549
506,549
507,549
508,549
509,549
510,549
511,549
512,549
513,549
514,549
515,549
518,549
531,549
532,549
533,549
534,549
535,549
536,549
537,549
538,549
539,549
540,549
541,549
702,549
721,549
722,549
723,549
724,549
725,549
726,549
727,549
728,549
729,549
730,549
731,549
732,549
733,549
734,549
735,549
736,549
737,549
738,549
739,549
740,549
741,549
743,549
744,549
745,549
746,549
747,549
748,549
749,549
750,549
751,549
752,549
753,549
754,549
755,549
756,549
757,549
758,549
759,549
760,549
761,549
762,549
763,549
764,549
765,549
766,549
767,549
768,549
769,549
770,549
771,549
772,549
773,549
774,549
775,549
776,549
777,549
778,549
779,549
780,549
781,549
782,549
783,549
17,550
18,550
19,550
20,550
284,550
285,550
286,550
426,550
427,550
428,550
429,550
430,550
431,550
432,550
433,550
434,550
435,550
436,550
437,550
438,550
439,550
479,550
480,550
481,550
484,550
485,550
486,550
496,550
497,550
498,550
499,550
500,550
501,550
502,550
503,550
504,550
505,550
506,550
507,550
508,550
509,550
510,550
511,550
512,550
513,550
514,550
515,550
516,550
517,550
518,550
519,550
534,550
535,550
536,550
537,550
538,550
539,550
540,550
541,550
542,550
686,550
687,550
688,550
689,550
690,550
691,550
692,550
693,550
694,550
695,550
696,550
697,550
698,550
699,550
700,550
701,550
702,550
703,550
704,550
705,550
706,550
707,550
708,550
709,550
710,550
711,550
712,550
713,550
714,550
715,550
716,550
717,550
718,550
719,550
720,550
721,550
722,550
723,550
724,550
725,550
726,550
727,550
728,550
729,550
730,550
731,550
732,550
733,550
734,550
735,550
736,550
737,550
738,550
739,550
740,550
741,550
744,550
745,550
746,550
747,550
748,550
749,550
750,550
751,550
752,550
753,550
754,550
755,550
756,550
766,550
767,550
768,550
769,550
770,550
771,550
772,550
773,550
774,550
775,550
776,550
17,551
18,551
19,551
20,551
284,551
285,551
286,551
425,551
426,551
427,551
428,551
429,551
430,551
431,551
432,551
433,551
434,551
435,551
436,551
437,551
438,551
497,551
498,551
499,551
500,551
501,551
502,551
503,551
504,551
505,551
506,551
507,551
508,551
509,551
510,551
511,551
512,551
513,551
514,551
515,551
516,551
517,551
518,551
519,551
520,551
535,551
536,551
537,551
538,551
539,551
540,551
541,551
542,551
543,551
544,551
545,551
683,551
684,551
685,551
686,551
687,551
688,551
689,551
690,551
691,551
692,551
693,551
694,551
695,551
696,551
697,551
698,551
699,551
700,551
701,551
702,551
703,551
704,551
705,551
706,551
707,551
708,551
709,551
710,551
711,551
712,551
713,551
714,551
715,551
716,551
717,551
718,551
719,551
720,551
721,551
722,551
723,551
724,551
725,551
726,551
727,551
728,551
729,551
730,551
731,551
732,551
733,551
734,551
735,551
736,551
737,551
738,551
739,551
740,551
744,551
747,551
769,551
770,551
771,551
772,551
773,551
774,551
17,552
18,552
19,552
20,552
284,552
285,552
286,552
287,552
425,552
426,552
427,552
428,552
429,552
430,552
431,552
432,552
433,552
434,552
435,552
436,552
437,552
438,552
499,552
500,552
501,552
502,552
503,552
504,552
505,552
506,552
507,552
508,552
509,552
510,552
511,552
512,552
513,552
514,552
515,552
516,552
517,552
518,552
519,552
520,552
536,552
537,552
538,552
539,552
540,552
541,552
542,552
543,552
544,552
545,552
561,552
562,552
563,552
564,552
565,552
613,552
648,552
649,552
681,552
682,552
683,552
684,552
685,552
686,552
687,552
688,552
689,552
690,552
691,552
692,552
693,552
694,552
695,552
696,552
697,552
698,552
699,552
700,552
701,552
702,552
703,552
704,552
705,552
706,552
707,552
708,552
709,552
710,552
711,552
712,552
713,552
714,552
715,552
716,552
717,552
718,552
719,552
720,552
721,552
722,552
723,552
724,552
725,552
726,552
727,552
728,552
729,552
730,552
731,552
733,552
734,552
735,552
736,552
737,552
739,552
740,552
744,552
768,552
769,552
770,552
771,552
772,552
773,552
978,552
979,552
17,553
18,553
19,553
20,553
284,553
285,553
286,553
287,553
425,553
426,553
427,553
428,553
429,553
430,553
431,553
432,553
433,553
434,553
435,553
442,553
504,553
505,553
506,553
507,553
508,553
509,553
510,553
511,553
512,553
513,553
514,553
515,553
516,553
517,553
518,553
519,553
520,553
521,553
537,553
538,553
539,553
540,553
541,553
542,553
543,553
544,553
545,553
546,553
547,553
557,553
558,553
560,553
561,553
562,553
563,553
564,553
565,553
566,553
567,553
568,553
569,553
570,553
571,553
572,553
577,553
578,553
585,553
586,553
587,553
606,553
607,553
608,553
612,553
613,553
614,553
616,553
617,553
618,553
619,553
620,553
621,553
622,553
623,553
624,553
625,553
626,553
627,553
628,553
637,553
638,553
639,553
643,553
646,553
647,553
648,553
649,553
650,553
651,553
652,553
653,553
654,553
655,553
656,553
657,553
658,553
661,553
671,553
672,553
673,553
674,553
675,553
676,553
677,553
678,553
679,553
680,553
681,553
682,553
683,553
684,553
685,553
686,553
687,553
688,553
689,553
690,553
691,553
692,553
693,553
694,553
695,553
696,553
697,553
698,553
699,553
700,553
701,553
702,553
703,553
704,553
705,553
706,553
707,553
708,553
709,553
710,553
711,553
712,553
713,553
714,553
715,553
716,553
717,553
718,553
719,553
720,553
721,553
722,553
723,553
724,553
725,553
726,553
727,553
733,553
734,553
735,553
736,553
737,553
738,553
768,553
769,553
770,553
771,553
772,553
773,553
978,553
979,553
980,553
17,554
18,554
19,554
20,554
284,554
285,554
286,554
287,554
425,554
426,554
427,554
428,554
429,554
430,554
431,554
432,554
433,554
434,554
435,554
442,554
513,554
514,554
515,554
516,554
517,554
518,554
519,554
520,554
521,554
522,554
538,554
539,554
540,554
541,554
542,554
543,554
544,554
545,554
546,554
547,554
548,554
556,554
557,554
558,554
559,554
560,554
561,554
562,554
563,554
564,554
565,554
566,554
567,554
568,554
569,554
570,554
571,554
572,554
573,554
574,554
575,554
576,554
577,554
578,554
584,554
585,554
586,554
587,554
588,554
589,554
602,554
603,554
604,554
605,554
606,554
607,554
608,554
609,554
610,554
611,554
612,554
613,554
614,554
615,554
616,554
617,554
618,554
619,554
620,554
621,554
622,554
623,554
624,554
625,554
626,554
627,554
628,554
629,554
630,554
631,554
635,554
636,554
637,554
638,554
639,554
640,554
643,554
645,554
646,554
647,554
648,554
649,554
650,554
651,554
652,554
653,554
654,554
655,554
656,554
657,554
658,554
659,554
660,554
661,554
662,554
663,554
664,554
665,554
666,554
668,554
669,554
670,554
671,554
672,554
673,554
674,554
675,554
676,554
677,554
678,554
679,554
680,554
681,554
682,554
683,554
684,554
685,554
686,554
687,554
688,554
689,554
690,554
691,554
692,554
693,554
694,554
695,554
696,554
697,554
698,554
699,554
700,554
701,554
702,554
703,554
704,554
705,554
706,554
707,554
708,554
709,554
713,554
714,554
715,554
716,554
717,554
718,554
719,554
720,554
733,554
734,554
735,554
736,554
737,554
767,554
768,554
769,554
770,554
771,554
772,554
773,554
979,554
980,554
981,554
17,555
18,555
19,555
20,555
284,555
285,555
286,555
287,555
425,555
426,555
427,555
428,555
429,555
430,555
431,555
432,555
433,555
434,555
514,555
515,555
516,555
517,555
518,555
519,555
520,555
521,555
522,555
523,555
524,555
540,555
541,555
542,555
543,555
544,555
545,555
546,555
547,555
548,555
549,555
550,555
551,555
552,555
553,555
554,555
555,555
556,555
557,555
558,555
559,555
560,555
561,555
562,555
563,555
564,555
565,555
566,555
567,555
568,555
569,555
570,555
571,555
572,555
573,555
574,555
575,555
576,555
577,555
578,555
579,555
580,555
581,555
582,555
583,555
584,555
585,555
586,555
587,555
588,555
589,555
590,555
591,555
592,555
593,555
594,555
595,555
596,555
600,555
601,555
602,555
603,555
604,555
605,555
606,555
607,555
608,555
609,555
610,555
611,555
612,555
613,555
614,555
615,555
616,555
617,555
618,555
619,555
620,555
621,555
622,555
623,555
624,555
625,555
626,555
627,555
628,555
629,555
630,555
631,555
632,555
633,555
634,555
635,555
636,555
637,555
638,555
639,555
640,555
643,555
644,555
645,555
646,555
647,555
648,555
649,555
650,555
651,555
652,555
653,555
654,555
655,555
656,555
657,555
658,555
659,555
660,555
661,555
662,555
663,555
664,555
665,555
666,555
667,555
668,555
669,555
670,555
671,555
672,555
673,555
674,555
675,555
676,555
677,555
678,555
679,555
680,555
681,555
682,555
683,555
684,555
685,555
686,555
687,555
688,555
689,555
690,555
691,555
692,555
693,555
694,555
695,555
696,555
697,555
698,555
699,555
700,555
701,555
733,555
734,555
767,555
768,555
769,555
770,555
771,555
772,555
980,555
981,555
982,555
17,556
18,556
19,556
20,556
22,556
23,556
284,556
285,556
286,556
287,556
424,556
425,556
426,556
427,556
428,556
429,556
430,556
431,556
432,556
433,556
516,556
517,556
518,556
519,556
520,556
521,556
522,556
523,556
524,556
525,556
540,556
541,556
542,556
543,556
544,556
545,556
546,556
547,556
548,556
549,556
550,556
551,556
552,556
553,556
554,556
555,556
556,556
557,556
558,556
559,556
560,556
561,556
562,556
563,556
564,556
565,556
566,556
567,556
568,556
569,556
570,556
571,556
572,556
573,556
574,556
575,556
576,556
577,556
578,556
579,556
580,556
581,556
582,556
583,556
584,556
585,556
586,556
587,556
588,556
589,556
590,556
591,556
592,556
593,556
594,556
595,556
596,556
597,556
598,556
599,556
600,556
601,556
602,556
603,556
604,556
605,556
606,556
607,556
608,556
609,556
610,556
611,556
612,556
613,556
614,556
615,556
616,556
617,556
618,556
619,556
620,556
621,556
622,556
623,556
624,556
625,556
626,556
627,556
628,556
629,556
630,556
631,556
632,556
633,556
634,556
635,556
636,556
637,556
638,556
639,556
640,556
641,556
642,556
643,556
644,556
645,556
646,556
647,556
648,556
649,556
650,556
651,556
652,556
653,556
654,556
655,556
656,556
657,556
658,556
659,556
660,556
661,556
662,556
663,556
664,556
665,556
666,556
667,556
668,556
669,556
670,556
671,556
672,556
673,556
674,556
675,556
676,556
677,556
678,556
679,556
680,556
681,556
682,556
683,556
684,556
732,556
733,556
767,556
768,556
769,556
770,556
771,556
772,556
980,556
981,556
982,556
17,557
18,557
19,557
20,557
22,557
23,557
284,557
285,557
286,557
287,557
424,557
425,557
426,557
427,557
428,557
429,557
430,557
431,557
432,557
518,557
519,557
520,557
521,557
522,557
523,557
524,557
525,557
540,557
541,557
542,557
543,557
544,557
545,557
546,557
547,557
548,557
549,557
550,557
551,557
552,557
553,557
554,557
555,557
556,557
557,557
558,557
559,557
560,557
561,557
562,557
563,557
564,557
565,557
566,557
567,557
568,557
569,557
570,557
571,557
572,557
573,557
574,557
575,557
576,557
577,557
578,557
579,557
580,557
581,557
582,557
583,557
584,557
585,557
586,557
587,557
588,557
589,557
590,557
591,557
592,557
593,557
594,557
595,557
596,557
597,557
598,557
599,557
600,557
601,557
602,557
603,557
604,557
605,557
606,557
607,557
608,557
609,557
610,557
611,557
612,557
613,557
614,557
615,557
616,557
617,557
618,557
619,557
620,557
621,557
622,557
623,557
624,557
625,557
626,557
627,557
628,557
629,557
630,557
631,557
632,557
633,557
634,557
635,557
636,557
637,557
638,557
639,557
640,557
641,557
642,557
643,557
644,557
645,557
646,557
647,557
648,557
649,557
650,557
651,557
652,557
653,557
654,557
656,557
657,557
658,557
659,557
660,557
662,557
663,557
664,557
665,557
666,557
667,557
668,557
669,557
670,557
671,557
672,557
673,557
674,557
675,557
676,557
680,557
681,557
682,557
733,557
767,557
768,557
769,557
770,557
771,557
980,557
981,557
982,557
983,557
17,558
18,558
19,558
22,558
23,558
24,558
284,558
285,558
286,558
287,558
423,558
424,558
425,558
426,558
427,558
428,558
429,558
430,558
431,558
518,558
519,558
520,558
521,558
522,558
523,558
524,558
525,558
526,558
540,558
541,558
542,558
543,558
544,558
545,558
546,558
547,558
548,558
549,558
550,558
551,558
552,558
553,558
554,558
555,558
556,558
557,558
558,558
559,558
560,558
561,558
562,558
563,558
564,558
565,558
566,558
567,558
568,558
569,558
570,558
571,558
572,558
573,558
574,558
575,558
576,558
577,558
578,558
579,558
580,558
581,558
582,558
583,558
584,558
585,558
586,558
587,558
588,558
589,558
590,558
591,558
592,558
593,558
594,558
595,558
596,558
597,558
598,558
599,558
600,558
601,558
602,558
603,558
604,558
605,558
606,558
607,558
608,558
609,558
610,558
611,558
612,558
613,558
614,558
615,558
616,558
617,558
618,558
619,558
620,558
621,558
622,558
623,558
624,558
625,558
626,558
627,558
628,558
629,558
630,558
632,558
633,558
634,558
635,558
636,558
638,558
639,558
640,558
641,558
642,558
643,558
644,558
645,558
646,558
647,558
648,558
663,558
664,558
665,558
666,558
667,558
668,558
669,558
670,558
671,558
672,558
733,558
766,558
767,558
768,558
769,558
770,558
771,558
981,558
982,558
983,558
17,559
18,559
19,559
20,559
22,559
23,559
24,559
25,559
285,559
286,559
287,559
423,559
424,559
425,559
426,559
427,559
428,559
429,559
430,559
431,559
519,559
520,559
521,559
522,559
523,559
524,559
525,559
526,559
527,559
528,559
537,559
538,559
539,559
540,559
541,559
542,559
543,559
544,559
545,559
546,559
547,559
548,559
549,559
550,559
551,559
552,559
553,559
554,559
555,559
556,559
584,559
585,559
586,559
587,559
608,559
609,559
610,559
611,559
612,559
613,559
620,559
621,559
622,559
623,559
624,559
625,559
635,559
638,559
639,559
640,559
668,559
670,559
671,559
766,559
767,559
768,559
769,559
770,559
982,559
983,559
984,559
17,560
18,560
19,560
20,560
22,560
23,560
24,560
25,560
285,560
286,560
287,560
423,560
424,560
425,560
426,560
427,560
428,560
429,560
430,560
520,560
521,560
522,560
523,560
524,560
525,560
526,560
527,560
528,560
536,560
537,560
538,560
539,560
540,560
541,560
542,560
543,560
544,560
545,560
546,560
547,560
548,560
549,560
550,560
551,560
552,560
553,560
554,560
555,560
556,560
765,560
766,560
767,560
768,560
769,560
770,560
983,560
984,560
985,560
17,561
18,561
19,561
20,561
22,561
23,561
24,561
25,561
285,561
286,561
287,561
288,561
423,561
424,561
425,561
426,561
427,561
428,561
429,561
430,561
524,561
525,561
526,561
527,561
528,561
529,561
530,561
531,561
532,561
533,561
534,561
535,561
536,561
537,561
538,561
539,561
540,561
541,561
542,561
543,561
544,561
545,561
546,561
547,561
548,561
549,561
550,561
551,561
552,561
553,561
554,561
555,561
556,561
557,561
765,561
766,561
767,561
768,561
769,561
984,561
985,561
986,561
17,562
18,562
19,562
20,562
23,562
24,562
25,562
26,562
285,562
286,562
287,562
288,562
422,562
423,562
424,562
425,562
426,562
427,562
428,562
429,562
525,562
526,562
527,562
528,562
529,562
530,562
531,562
532,562
533,562
534,562
535,562
536,562
537,562
538,562
539,562
540,562
541,562
542,562
543,562
544,562
545,562
546,562
547,562
549,562
550,562
551,562
552,562
553,562
554,562
555,562
556,562
557,562
558,562
765,562
766,562
767,562
768,562
769,562
985,562
986,562
987,562
17,563
18,563
19,563
20,563
23,563
24,563
25,563
26,563
285,563
286,563
287,563
288,563
422,563
423,563
424,563
425,563
426,563
427,563
428,563
429,563
525,563
526,563
527,563
528,563
529,563
530,563
531,563
532,563
533,563
534,563
535,563
536,563
537,563
538,563
539,563
540,563
541,563
542,563
543,563
544,563
545,563
546,563
552,563
553,563
554,563
555,563
556,563
557,563
558,563
559,563
735,563
743,563
765,563
766,563
767,563
768,563
769,563
985,563
986,563
987,563
988,563
17,564
18,564
19,564
20,564
23,564
24,564
25,564
26,564
286,564
287,564
288,564
421,564
422,564
423,564
424,564
425,564
426,564
427,564
428,564
525,564
526,564
527,564
528,564
529,564
530,564
531,564
532,564
533,564
534,564
535,564
536,564
537,564
540,564
541,564
542,564
543,564
552,564
553,564
554,564
555,564
556,564
557,564
558,564
559,564
560,564
561,564
735,564
743,564
764,564
765,564
766,564
767,564
768,564
986,564
987,564
988,564
17,565
18,565
19,565
20,565
23,565
24,565
25,565
26,565
286,565
287,565
288,565
421,565
422,565
423,565
424,565
425,565
426,565
427,565
525,565
526,565
527,565
528,565
529,565
530,565
531,565
532,565
533,565
534,565
535,565
536,565
554,565
555,565
556,565
557,565
558,565
559,565
560,565
561,565
562,565
763,565
764,565
765,565
766,565
767,565
768,565
986,565
987,565
988,565
989,565
17,566
18,566
19,566
20,566
23,566
24,566
25,566
26,566
286,566
287,566
288,566
289,566
421,566
422,566
423,566
424,566
425,566
426,566
525,566
526,566
527,566
528,566
529,566
530,566
531,566
532,566
533,566
534,566
535,566
536,566
556,566
557,566
558,566
559,566
560,566
561,566
562,566
563,566
763,566
764,566
765,566
766,566
767,566
768,566
986,566
987,566
988,566
989,566
17,567
18,567
19,567
20,567
24,567
25,567
26,567
287,567
288,567
289,567
420,567
421,567
422,567
423,567
424,567
425,567
426,567
528,567
529,567
530,567
531,567
532,567
533,567
534,567
535,567
536,567
558,567
559,567
560,567
561,567
562,567
563,567
564,567
763,567
764,567
765,567
766,567
767,567
987,567
988,567
989,567
990,567
17,568
18,568
19,568
20,568
24,568
25,568
26,568
287,568
288,568
289,568
419,568
420,568
421,568
422,568
423,568
424,568
425,568
426,568
529,568
530,568
531,568
532,568
533,568
534,568
535,568
536,568
559,568
560,568
561,568
562,568
563,568
564,568
565,568
763,568
764,568
765,568
766,568
767,568
988,568
989,568
990,568
991,568
17,569
18,569
19,569
20,569
24,569
25,569
26,569
287,569
288,569
289,569
290,569
419,569
420,569
421,569
422,569
423,569
424,569
425,569
530,569
531,569
532,569
533,569
534,569
535,569
536,569
560,569
561,569
562,569
563,569
564,569
565,569
762,569
763,569
764,569
765,569
766,569
767,569
988,569
989,569
990,569
991,569
992,569
17,570
18,570
19,570
20,570
24,570
25,570
26,570
287,570
288,570
289,570
290,570
419,570
420,570
421,570
422,570
423,570
424,570
531,570
532,570
533,570
534,570
535,570
536,570
561,570
562,570
563,570
564,570
565,570
566,570
762,570
763,570
764,570
765,570
766,570
989,570
990,570
991,570
992,570
17,571
18,571
19,571
20,571
24,571
25,571
26,571
287,571
288,571
289,571
290,571
418,571
419,571
420,571
421,571
422,571
423,571
424,571
532,571
533,571
534,571
535,571
536,571
562,571
563,571
564,571
565,571
566,571
567,571
761,571
762,571
763,571
764,571
765,571
766,571
989,571
990,571
991,571
992,571
993,571
17,572
18,572
19,572
20,572
24,572
25,572
26,572
287,572
288,572
289,572
290,572
380,572
381,572
382,572
383,572
384,572
385,572
386,572
387,572
388,572
389,572
418,572
419,572
420,572
421,572
422,572
423,572
424,572
464,572
532,572
533,572
534,572
535,572
536,572
537,572
563,572
564,572
565,572
566,572
567,572
568,572
569,572
761,572
762,572
763,572
764,572
765,572
990,572
991,572
992,572
993,572
17,573
18,573
19,573
20,573
24,573
25,573
26,573
287,573
288,573
289,573
290,573
359,573
360,573
361,573
362,573
363,573
364,573
365,573
366,573
367,573
368,573
369,573
370,573
371,573
372,573
378,573
379,573
380,573
381,573
382,573
383,573
384,573
385,573
386,573
387,573
388,573
389,573
390,573
391,573
392,573
393,573
394,573
395,573
396,573
397,573
398,573
399,573
400,573
401,573
402,573
417,573
418,573
419,573
420,573
421,573
422,573
423,573
424,573
462,573
463,573
464,573
465,573
532,573
533,573
534,573
535,573
536,573
537,573
564,573
565,573
566,573
567,573
568,573
569,573
570,573
571,573
761,573
762,573
763,573
764,573
765,573
991,573
992,573
993,573
994,573
17,574
18,574
19,574
20,574
24,574
25,574
26,574
287,574
288,574
289,574
290,574
350,574
351,574
352,574
353,574
354,574
355,574
356,574
357,574
358,574
359,574
360,574
361,574
362,574
363,574
364,574
365,574
366,574
367,574
368,574
369,574
370,574
371,574
372,574
373,574
374,574
375,574
376,574
377,574
378,574
379,574
380,574
381,574
382,574
383,574
384,574
385,574
386,574
387,574
388,574
389,574
390,574
391,574
392,574
393,574
394,574
395,574
396,574
397,574
398,574
399,574
400,574
401,574
402,574
403,574
412,574
413,574
414,574
415,574
416,574
417,574
418,574
419,574
420,574
421,574
422,574
423,574
461,574
462,574
463,574
464,574
465,574
533,574
534,574
535,574
536,574
537,574
538,574
566,574
567,574
568,574
569,574
570,574
571,574
572,574
760,574
761,574
762,574
763,574
764,574
765,574
992,574
993,574
994,574
17,575
18,575
19,575
20,575
24,575
25,575
26,575
288,575
289,575
290,575
291,575
348,575
349,575
350,575
351,575
352,575
353,575
354,575
355,575
356,575
357,575
358,575
359,575
360,575
361,575
362,575
363,575
364,575
365,575
366,575
367,575
368,575
369,575
370,575
371,575
372,575
373,575
374,575
375,575
376,575
377,575
378,575
379,575
380,575
381,575
382,575
383,575
384,575
385,575
386,575
387,575
388,575
389,575
390,575
391,575
392,575
393,575
394,575
395,575
396,575
397,575
398,575
399,575
400,575
401,575
402,575
403,575
404,575
405,575
406,575
407,575
408,575
409,575
410,575
411,575
412,575
413,575
414,575
415,575
416,575
417,575
418,575
419,575
420,575
421,575
422,575
423,575
424,575
425,575
426,575
427,575
461,575
462,575
463,575
464,575
465,575
534,575
535,575
536,575
537,575
538,575
568,575
569,575
570,575
571,575
572,575
573,575
574,575
760,575
761,575
762,575
763,575
764,575
993,575
994,575
17,576
18,576
19,576
20,576
24,576
25,576
26,576
288,576
289,576
290,576
291,576
347,576
348,576
349,576
350,576
351,576
352,576
353,576
354,576
355,576
356,576
357,576
358,576
359,576
360,576
361,576
362,576
363,576
364,576
365,576
366,576
367,576
368,576
369,576
370,576
371,576
372,576
373,576
374,576
375,576
376,576
377,576
378,576
379,576
380,576
381,576
382,576
383,576
384,576
385,576
386,576
387,576
388,576
389,576
390,576
391,576
392,576
393,576
394,576
395,576
396,576
397,576
398,576
399,576
400,576
401,576
402,576
403,576
404,576
405,576
406,576
407,576
408,576
409,576
410,576
411,576
412,576
413,576
414,576
415,576
416,576
417,576
418,576
419,576
420,576
421,576
422,576
423,576
424,576
425,576
426,576
427,576
428,576
459,576
460,576
461,576
462,576
463,576
464,576
536,576
537,576
538,576
568,576
569,576
570,576
571,576
572,576
573,576
574,576
575,576
760,576
761,576
762,576
763,576
764,576
993,576
994,576
17,577
18,577
19,577
20,577
24,577
25,577
26,577
288,577
289,577
290,577
291,577
343,577
344,577
345,577
346,577
347,577
348,577
349,577
350,577
351,577
352,577
353,577
354,577
355,577
356,577
357,577
358,577
359,577
360,577
361,577
362,577
363,577
364,577
365,577
366,577
367,577
368,577
369,577
370,577
371,577
372,577
373,577
374,577
375,577
376,577
377,577
378,577
379,577
380,577
381,577
382,577
383,577
384,577
385,577
386,577
387,577
388,577
389,577
390,577
391,577
392,577
393,577
394,577
395,577
396,577
397,577
398,577
399,577
400,577
401,577
402,577
403,577
404,577
405,577
406,577
407,577
408,577
409,577
410,577
411,577
412,577
413,577
414,577
415,577
416,577
417,577
418,577
419,577
420,577
421,577
422,577
423,577
424,577
425,577
426,577
427,577
428,577
457,577
458,577
459,577
460,577
461,577
462,577
463,577
464,577
537,577
538,577
539,577
569,577
570,577
571,577
572,577
573,577
574,577
575,577
576,577
760,577
761,577
762,577
763,577
764,577
993,577
994,577
995,577
17,578
18,578
19,578
20,578
24,578
25,578
26,578
288,578
289,578
290,578
291,578
341,578
342,578
343,578
344,578
345,578
346,578
347,578
348,578
349,578
350,578
351,578
352,578
353,578
354,578
355,578
356,578
357,578
358,578
359,578
360,578
361,578
362,578
363,578
364,578
365,578
366,578
367,578
368,578
369,578
370,578
371,578
372,578
373,578
374,578
375,578
376,578
377,578
378,578
379,578
380,578
381,578
382,578
383,578
384,578
385,578
386,578
387,578
388,578
389,578
390,578
391,578
392,578
393,578
394,578
395,578
396,578
397,578
398,578
399,578
400,578
401,578
402,578
403,578
404,578
412,578
413,578
414,578
415,578
416,578
417,578
418,578
419,578
420,578
421,578
422,578
423,578
424,578
425,578
426,578
427,578
428,578
429,578
434,578
435,578
456,578
457,578
458,578
459,578
460,578
461,578
462,578
463,578
464,578
537,578
538,578
539,578
569,578
570,578
571,578
572,578
573,578
574,578
575,578
576,578
577,578
578,578
753,578
759,578
760,578
761,578
762,578
763,578
993,578
994,578
995,578
996,578
17,579
18,579
19,579
20,579
24,579
25,579
26,579
288,579
289,579
290,579
291,579
340,579
341,579
342,579
343,579
344,579
345,579
346,579
347,579
348,579
349,579
350,579
351,579
352,579
353,579
354,579
355,579
356,579
357,579
358,579
359,579
360,579
361,579
362,579
412,579
413,579
414,579
415,579
416,579
417,579
418,579
419,579
420,579
421,579
422,579
423,579
424,579
425,579
426,579
427,579
428,579
429,579
430,579
431,579
432,579
433,579
434,579
435,579
436,579
437,579
443,579
455,579
456,579
457,579
458,579
459,579
460,579
461,579
462,579
463,579
537,579
538,579
539,579
572,579
573,579
574,579
575,579
576,579
577,579
578,579
579,579
753,579
756,579
759,579
760,579
761,579
762,579
763,579
946,579
994,579
995,579
996,579
17,580
18,580
19,580
20,580
24,580
25,580
26,580
288,580
289,580
290,580
291,580
292,580
336,580
337,580
338,580
339,580
340,580
341,580
342,580
343,580
344,580
345,580
346,580
347,580
348,580
349,580
350,580
351,580
352,580
353,580
354,580
355,580
356,580
357,580
412,580
413,580
414,580
415,580
416,580
417,580
418,580
419,580
420,580
421,580
422,580
423,580
424,580
425,580
426,580
427,580
428,580
429,580
430,580
431,580
432,580
433,580
434,580
435,580
436,580
437,580
438,580
439,580
440,580
441,580
443,580
444,580
448,580
452,580
453,580
454,580
455,580
456,580
457,580
458,580
459,580
460,580
461,580
462,580
537,580
538,580
539,580
574,580
575,580
576,580
577,580
578,580
579,580
580,580
756,580
757,580
759,580
760,580
761,580
762,580
946,580
995,580
996,580
997,580
17,581
18,581
19,581
20,581
24,581
25,581
26,581
288,581
289,581
290,581
291,581
292,581
335,581
336,581
337,581
338,581
339,581
340,581
341,581
342,581
343,581
344,581
345,581
346,581
347,581
348,581
349,581
350,581
351,581
409,581
410,581
411,581
412,581
413,581
414,581
415,581
416,581
417,581
418,581
419,581
420,581
421,581
422,581
423,581
424,581
425,581
426,581
428,581
429,581
430,581
431,581
432,581
433,581
434,581
435,581
436,581
437,581
438,581
439,581
440,581
441,581
443,581
444,581
448,581
451,581
452,581
453,581
454,581
455,581
456,581
457,581
458,581
459,581
460,581
461,581
537,581
538,581
539,581
575,581
576,581
577,581
578,581
579,581
580,581
581,581
757,581
759,581
760,581
761,581
762,581
946,581
995,581
996,581
997,581
998,581
17,582
18,582
19,582
20,582
24,582
25,582
26,582
288,582
289,582
290,582
291,582
292,582
333,582
334,582
335,582
336,582
337,582
338,582
339,582
340,582
341,582
342,582
343,582
344,582
345,582
410,582
413,582
414,582
415,582
416,582
417,582
418,582
419,582
420,582
421,582
422,582
423,582
430,582
431,582
432,582
433,582
434,582
435,582
436,582
437,582
438,582
439,582
440,582
441,582
442,582
443,582
444,582
445,582
446,582
448,582
451,582
452,582
453,582
454,582
455,582
456,582
457,582
458,582
459,582
460,582
537,582
538,582
539,582
576,582
577,582
578,582
579,582
580,582
581,582
582,582
583,582
757,582
758,582
759,582
760,582
761,582
762,582
996,582
997,582
998,582
17,583
18,583
19,583
20,583
24,583
25,583
26,583
288,583
289,583
290,583
291,583
292,583
332,583
333,583
334,583
335,583
336,583
337,583
338,583
339,583
340,583
341,583
342,583
343,583
344,583
413,583
414,583
415,583
416,583
417,583
418,583
419,583
420,583
421,583
422,583
433,583
434,583
435,583
438,583
439,583
440,583
441,583
444,583
445,583
452,583
453,583
454,583
455,583
456,583
537,583
538,583
539,583
576,583
577,583
578,583
579,583
580,583
581,583
582,583
583,583
584,583
757,583
758,583
759,583
760,583
761,583
997,583
998,583
999,583
17,584
18,584
19,584
20,584
24,584
25,584
26,584
288,584
289,584
290,584
291,584
292,584
331,584
332,584
333,584
334,584
335,584
336,584
337,584
338,584
339,584
340,584
413,584
414,584
415,584
416,584
417,584
418,584
419,584
420,584
421,584
537,584
538,584
539,584
577,584
578,584
579,584
580,584
581,584
582,584
583,584
584,584
585,584
757,584
758,584
759,584
998,584
999,584
1000,584
17,585
18,585
19,585
20,585
24,585
25,585
26,585
288,585
289,585
290,585
291,585
292,585
329,585
330,585
331,585
332,585
333,585
334,585
335,585
336,585
337,585
338,585
339,585
413,585
414,585
415,585
416,585
417,585
418,585
419,585
420,585
537,585
538,585
539,585
579,585
580,585
581,585
582,585
583,585
584,585
585,585
586,585
587,585
588,585
757,585
758,585
759,585
998,585
999,585
1000,585
1001,585
17,586
18,586
19,586
20,586
24,586
25,586
288,586
289,586
290,586
291,586
292,586
329,586
330,586
331,586
332,586
333,586
334,586
335,586
413,586
414,586
415,586
416,586
417,586
418,586
419,586
537,586
538,586
539,586
581,586
582,586
583,586
584,586
585,586
586,586
587,586
588,586
589,586
757,586
758,586
759,586
760,586
998,586
999,586
1000,586
1001,586
17,587
18,587
19,587
20,587
24,587
25,587
288,587
289,587
290,587
291,587
292,587
328,587
329,587
330,587
331,587
332,587
333,587
334,587
413,587
414,587
415,587
416,587
417,587
418,587
419,587
537,587
538,587
539,587
540,587
582,587
583,587
584,587
585,587
586,587
587,587
588,587
589,587
590,587
757,587
758,587
759,587
1001,587
17,588
18,588
19,588
20,588
24,588
25,588
288,588
289,588
290,588
291,588
326,588
327,588
328,588
329,588
330,588
331,588
332,588
413,588
414,588
415,588
416,588
417,588
418,588
419,588
537,588
538,588
539,588
540,588
587,588
588,588
589,588
590,588
591,588
757,588
758,588
759,588
1001,588
17,589
18,589
19,589
20,589
24,589
25,589
288,589
289,589
290,589
291,589
323,589
326,589
327,589
328,589
329,589
330,589
331,589
413,589
414,589
415,589
416,589
417,589
418,589
419,589
538,589
539,589
540,589
541,589
588,589
589,589
590,589
591,589
757,589
758,589
1001,589
1002,589
1003,589
17,590
18,590
19,590
20,590
24,590
25,590
26,590
288,590
289,590
290,590
291,590
323,590
324,590
325,590
326,590
327,590
328,590
329,590
330,590
413,590
414,590
415,590
416,590
417,590
418,590
539,590
540,590
541,590
542,590
588,590
589,590
590,590
591,590
592,590
593,590
757,590
758,590
1001,590
1002,590
1003,590
1004,590
1005,590
17,591
18,591
19,591
20,591
24,591
25,591
26,591
288,591
289,591
290,591
291,591
323,591
324,591
325,591
326,591
327,591
413,591
414,591
415,591
416,591
417,591
418,591
539,591
540,591
541,591
542,591
543,591
589,591
590,591
591,591
592,591
593,591
594,591
756,591
757,591
1000,591
1001,591
1002,591
1003,591
1004,591
1005,591
17,592
18,592
19,592
20,592
24,592
25,592
26,592
288,592
289,592
290,592
291,592
322,592
323,592
324,592
325,592
326,592
409,592
411,592
412,592
413,592
414,592
415,592
416,592
417,592
418,592
539,592
540,592
541,592
542,592
543,592
590,592
591,592
592,592
593,592
594,592
756,592
999,592
1000,592
1001,592
1002,592
1003,592
1004,592
1005,592
17,593
18,593
19,593
20,593
25,593
26,593
288,593
289,593
290,593
291,593
321,593
322,593
323,593
324,593
325,593
411,593
412,593
413,593
414,593
415,593
416,593
417,593
418,593
539,593
540,593
541,593
542,593
543,593
594,593
749,593
1000,593
1001,593
1002,593
1003,593
1004,593
1005,593
17,594
18,594
19,594
20,594
25,594
26,594
288,594
289,594
290,594
291,594
320,594
321,594
322,594
323,594
324,594
411,594
412,594
413,594
414,594
415,594
416,594
417,594
418,594
540,594
541,594
542,594
543,594
749,594
750,594
753,594
1001,594
1002,594
1003,594
1004,594
1005,594
17,595
18,595
19,595
20,595
25,595
26,595
288,595
289,595
290,595
291,595
319,595
320,595
321,595
322,595
323,595
411,595
412,595
413,595
414,595
415,595
416,595
417,595
503,595
540,595
541,595
542,595
543,595
597,595
598,595
599,595
752,595
753,595
1002,595
1003,595
1004,595
1005,595
17,596
18,596
19,596
20,596
25,596
26,596
288,596
289,596
290,596
291,596
318,596
319,596
320,596
321,596
322,596
411,596
412,596
413,596
414,596
415,596
416,596
417,596
503,596
540,596
541,596
542,596
543,596
596,596
597,596
598,596
599,596
600,596
752,596
753,596
1002,596
1003,596
1004,596
1005,596
17,597
18,597
19,597
20,597
25,597
26,597
288,597
289,597
290,597
291,597
317,597
318,597
319,597
320,597
321,597
411,597
412,597
413,597
414,597
415,597
416,597
417,597
505,597
540,597
541,597
542,597
543,597
596,597
597,597
598,597
599,597
600,597
747,597
752,597
753,597
754,597
1003,597
1004,597
17,598
18,598
19,598
20,598
25,598
26,598
288,598
289,598
290,598
291,598
317,598
318,598
319,598
320,598
411,598
412,598
413,598
414,598
415,598
416,598
417,598
540,598
541,598
542,598
543,598
596,598
597,598
598,598
599,598
600,598
601,598
747,598
751,598
752,598
753,598
754,598
755,598
1003,598
1004,598
1005,598
17,599
18,599
19,599
20,599
25,599
288,599
289,599
290,599
291,599
292,599
316,599
317,599
318,599
319,599
320,599
411,599
412,599
413,599
414,599
415,599
416,599
417,599
540,599
541,599
542,599
543,599
597,599
598,599
599,599
600,599
751,599
752,599
753,599
754,599
1003,599
1004,599
1005,599
1006,599
17,600
18,600
19,600
20,600
24,600
25,600
288,600
289,600
290,600
291,600
292,600
315,600
316,600
317,600
318,600
319,600
411,600
412,600
413,600
414,600
415,600
416,600
417,600
540,600
541,600
542,600
543,600
607,600
751,600
752,600
753,600
1003,600
1004,600
1005,600
1006,600
1007,600
1008,600
17,601
18,601
19,601
20,601
25,601
288,601
289,601
290,601
291,601
292,601
314,601
315,601
316,601
317,601
318,601
410,601
411,601
412,601
413,601
414,601
415,601
416,601
417,601
540,601
541,601
542,601
543,601
607,601
608,601
609,601
751,601
752,601
1005,601
1006,601
1007,601
1008,601
1009,601
17,602
18,602
19,602
20,602
25,602
288,602
289,602
290,602
291,602
292,602
313,602
314,602
315,602
316,602
317,602
409,602
410,602
411,602
412,602
413,602
414,602
415,602
416,602
417,602
540,602
541,602
542,602
543,602
607,602
608,602
609,602
610,602
751,602
752,602
1006,602
1007,602
1008,602
1009,602
1010,602
17,603
18,603
19,603
20,603
25,603
288,603
289,603
290,603
291,603
292,603
313,603
314,603
315,603
316,603
409,603
410,603
411,603
412,603
413,603
414,603
415,603
416,603
417,603
540,603
541,603
542,603
543,603
608,603
609,603
610,603
751,603
1006,603
1007,603
1008,603
1009,603
1010,603
17,604
18,604
19,604
20,604
25,604
288,604
289,604
290,604
291,604
292,604
312,604
313,604
314,604
315,604
316,604
408,604
409,604
410,604
411,604
412,604
413,604
414,604
415,604
416,604
417,604
418,604
540,604
541,604
542,604
543,604
608,604
609,604
610,604
611,604
750,604
751,604
1006,604
1007,604
1008,604
1009,604
1010,604
17,605
18,605
19,605
20,605
25,605
288,605
289,605
290,605
291,605
292,605
309,605
310,605
311,605
312,605
313,605
314,605
408,605
409,605
410,605
411,605
412,605
413,605
414,605
415,605
416,605
417,605
418,605
419,605
540,605
541,605
542,605
609,605
610,605
611,605
612,605
613,605
614,605
615,605
616,605
749,605
750,605
751,605
1006,605
1007,605
1008,605
1009,605
1010,605
17,606
18,606
19,606
20,606
25,606
288,606
289,606
290,606
291,606
292,606
308,606
309,606
310,606
311,606
312,606
408,606
409,606
410,606
411,606
412,606
413,606
414,606
415,606
416,606
417,606
418,606
419,606
540,606
541,606
542,606
609,606
610,606
611,606
612,606
613,606
614,606
615,606
616,606
617,606
748,606
749,606
750,606
751,606
1006,606
1007,606
1008,606
1009,606
1010,606
17,607
18,607
19,607
20,607
25,607
288,607
289,607
290,607
291,607
292,607
308,607
309,607
310,607
311,607
407,607
408,607
409,607
410,607
412,607
413,607
414,607
415,607
416,607
417,607
418,607
419,607
420,607
540,607
541,607
542,607
610,607
611,607
612,607
613,607
614,607
615,607
616,607
617,607
618,607
748,607
749,607
750,607
751,607
1006,607
1007,607
1008,607
1009,607
1010,607
17,608
18,608
19,608
20,608
25,608
288,608
289,608
290,608
291,608
292,608
307,608
308,608
309,608
310,608
407,608
408,608
409,608
410,608
412,608
413,608
414,608
415,608
416,608
417,608
418,608
419,608
420,608
421,608
541,608
542,608
611,608
612,608
613,608
614,608
615,608
616,608
617,608
618,608
619,608
620,608
621,608
748,608
749,608
750,608
751,608
1006,608
1007,608
1008,608
1009,608
1010,608
1011,608
17,609
18,609
19,609
20,609
25,609
288,609
289,609
290,609
291,609
292,609
306,609
307,609
308,609
309,609
310,609
407,609
408,609
409,609
416,609
417,609
418,609
419,609
420,609
421,609
614,609
615,609
616,609
617,609
618,609
619,609
620,609
621,609
622,609
623,609
746,609
747,609
748,609
749,609
750,609
1007,609
1008,609
1009,609
1010,609
1011,609
1012,609
17,610
18,610
19,610
20,610
25,610
288,610
289,610
290,610
291,610
292,610
306,610
307,610
308,610
309,610
407,610
408,610
409,610
416,610
417,610
418,610
419,610
420,610
421,610
422,610
615,610
616,610
617,610
618,610
619,610
620,610
621,610
622,610
623,610
624,610
625,610
626,610
746,610
747,610
748,610
749,610
750,610
1008,610
1009,610
1010,610
1011,610
1012,610
1013,610
17,611
18,611
19,611
20,611
25,611
288,611
289,611
290,611
291,611
292,611
305,611
306,611
307,611
308,611
406,611
407,611
408,611
409,611
416,611
417,611
418,611
419,611
420,611
421,611
422,611
617,611
618,611
619,611
620,611
621,611
622,611
623,611
624,611
625,611
626,611
627,611
746,611
747,611
748,611
749,611
750,611
1008,611
1009,611
1010,611
1011,611
1012,611
1013,611
17,612
18,612
19,612
20,612
25,612
288,612
289,612
290,612
291,612
292,612
305,612
306,612
307,612
406,612
407,612
408,612
409,612
416,612
417,612
418,612
419,612
420,612
421,612
422,612
423,612
618,612
619,612
620,612
621,612
622,612
623,612
624,612
625,612
626,612
627,612
628,612
629,612
746,612
747,612
748,612
749,612
750,612
751,612
1008,612
1009,612
1010,612
1011,612
1012,612
1013,612
17,613
18,613
19,613
20,613
25,613
288,613
289,613
290,613
291,613
292,613
304,613
305,613
306,613
307,613
406,613
407,613
408,613
409,613
416,613
417,613
418,613
419,613
420,613
421,613
422,613
423,613
424,613
622,613
623,613
624,613
625,613
626,613
627,613
628,613
629,613
745,613
746,613
747,613
748,613
749,613
750,613
1008,613
1009,613
1010,613
1011,613
1012,613
1013,613
1014,613
17,614
18,614
19,614
20,614
25,614
287,614
288,614
289,614
290,614
291,614
292,614
302,614
303,614
304,614
305,614
306,614
405,614
406,614
407,614
408,614
409,614
417,614
418,614
419,614
420,614
421,614
422,614
423,614
424,614
425,614
623,614
624,614
625,614
626,614
627,614
628,614
629,614
630,614
745,614
746,614
747,614
748,614
749,614
1009,614
1010,614
1011,614
1012,614
1013,614
1014,614
17,615
18,615
19,615
20,615
25,615
287,615
288,615
289,615
290,615
291,615
292,615
301,615
302,615
303,615
304,615
305,615
405,615
406,615
407,615
408,615
409,615
417,615
418,615
419,615
420,615
421,615
422,615
423,615
424,615
425,615
426,615
427,615
625,615
626,615
627,615
628,615
629,615
630,615
631,615
632,615
745,615
746,615
747,615
748,615
749,615
1009,615
1010,615
1011,615
1012,615
1013,615
1014,615
17,616
18,616
19,616
20,616
25,616
287,616
288,616
289,616
290,616
291,616
292,616
300,616
301,616
302,616
303,616
304,616
404,616
405,616
406,616
407,616
408,616
417,616
418,616
419,616
420,616
421,616
422,616
423,616
424,616
425,616
426,616
427,616
428,616
541,616
627,616
628,616
629,616
630,616
631,616
632,616
633,616
745,616
746,616
747,616
748,616
749,616
1009,616
1010,616
1011,616
1012,616
1013,616
1014,616
1015,616
17,617
18,617
19,617
20,617
287,617
288,617
289,617
290,617
291,617
292,617
300,617
301,617
302,617
303,617
304,617
404,617
405,617
406,617
407,617
422,617
423,617
424,617
425,617
426,617
427,617
428,617
429,617
540,617
541,617
628,617
629,617
630,617
631,617
632,617
633,617
634,617
744,617
745,617
746,617
747,617
748,617
765,617
1010,617
1011,617
1012,617
1013,617
1014,617
1015,617
17,618
18,618
19,618
20,618
287,618
288,618
289,618
290,618
291,618
292,618
299,618
300,618
301,618
302,618
303,618
404,618
405,618
406,618
407,618
422,618
423,618
424,618
425,618
426,618
427,618
428,618
429,618
629,618
630,618
631,618
632,618
633,618
634,618
635,618
636,618
637,618
743,618
744,618
745,618
746,618
747,618
748,618
1010,618
1011,618
1012,618
1013,618
1014,618
1015,618
17,619
18,619
19,619
20,619
288,619
289,619
290,619
291,619
292,619
299,619
300,619
301,619
302,619
303,619
404,619
405,619
406,619
423,619
424,619
425,619
426,619
427,619
428,619
429,619
430,619
630,619
631,619
632,619
633,619
634,619
635,619
636,619
637,619
638,619
639,619
640,619
743,619
744,619
745,619
746,619
747,619
1011,619
1012,619
1013,619
1014,619
1015,619
1016,619
17,620
18,620
19,620
20,620
288,620
289,620
290,620
291,620
292,620
298,620
299,620
300,620
301,620
302,620
403,620
404,620
405,620
406,620
424,620
425,620
426,620
427,620
428,620
429,620
430,620
431,620
432,620
632,620
633,620
634,620
635,620
636,620
637,620
638,620
639,620
640,620
641,620
742,620
743,620
744,620
745,620
746,620
1011,620
1012,620
1013,620
1014,620
1015,620
1016,620
17,621
18,621
19,621
20,621
287,621
288,621
289,621
290,621
291,621
292,621
297,621
298,621
299,621
300,621
301,621
302,621
403,621
404,621
405,621
406,621
425,621
426,621
427,621
428,621
429,621
430,621
431,621
432,621
433,621
633,621
634,621
635,621
636,621
637,621
638,621
639,621
640,621
641,621
642,621
741,621
742,621
743,621
744,621
745,621
746,621
1011,621
1012,621
1013,621
1014,621
1015,621
1016,621
17,622
18,622
19,622
20,622
287,622
288,622
289,622
290,622
291,622
292,622
296,622
297,622
298,622
299,622
300,622
301,622
302,622
402,622
403,622
404,622
405,622
425,622
426,622
427,622
428,622
429,622
430,622
431,622
432,622
433,622
541,622
634,622
635,622
636,622
637,622
638,622
639,622
640,622
641,622
642,622
643,622
741,622
742,622
743,622
744,622
745,622
1011,622
1012,622
1013,622
1014,622
1015,622
1016,622
17,623
18,623
19,623
20,623
287,623
288,623
289,623
290,623
291,623
292,623
295,623
296,623
297,623
298,623
299,623
300,623
301,623
302,623
401,623
402,623
403,623
404,623
405,623
421,623
427,623
428,623
429,623
430,623
431,623
432,623
433,623
434,623
541,623
638,623
639,623
640,623
641,623
642,623
643,623
644,623
645,623
646,623
647,623
648,623
741,623
742,623
743,623
744,623
745,623
1011,623
1012,623
1013,623
1014,623
1015,623
1016,623
17,624
18,624
19,624
20,624
287,624
288,624
289,624
290,624
291,624
292,624
295,624
296,624
297,624
298,624
299,624
300,624
401,624
402,624
403,624
404,624
421,624
428,624
429,624
430,624
431,624
432,624
433,624
434,624
435,624
436,624
437,624
540,624
541,624
639,624
640,624
641,624
642,624
643,624
644,624
645,624
646,624
647,624
648,624
649,624
650,624
740,624
741,624
742,624
743,624
744,624
1012,624
1013,624
1014,624
1015,624
1016,624
1017,624
17,625
18,625
19,625
20,625
287,625
288,625
289,625
290,625
291,625
292,625
294,625
295,625
296,625
297,625
298,625
299,625
401,625
402,625
403,625
404,625
430,625
431,625
432,625
433,625
434,625
435,625
436,625
437,625
438,625
539,625
540,625
541,625
641,625
642,625
643,625
644,625
645,625
646,625
647,625
648,625
649,625
650,625
651,625
652,625
653,625
740,625
741,625
742,625
743,625
744,625
1012,625
1013,625
1014,625
1015,625
1016,625
1017,625
17,626
18,626
19,626
20,626
287,626
288,626
289,626
290,626
291,626
292,626
293,626
294,626
295,626
296,626
297,626
298,626
299,626
400,626
401,626
402,626
403,626
431,626
432,626
433,626
434,626
435,626
436,626
437,626
438,626
439,626
463,626
539,626
540,626
541,626
642,626
643,626
644,626
645,626
646,626
647,626
648,626
649,626
650,626
651,626
652,626
653,626
654,626
655,626
739,626
740,626
741,626
742,626
743,626
1012,626
1013,626
1014,626
1015,626
1016,626
1017,626
17,627
18,627
19,627
20,627
287,627
288,627
289,627
290,627
291,627
292,627
293,627
294,627
295,627
296,627
297,627
298,627
299,627
400,627
401,627
402,627
403,627
432,627
433,627
434,627
435,627
436,627
437,627
438,627
439,627
440,627
539,627
540,627
541,627
643,627
644,627
645,627
646,627
647,627
648,627
649,627
650,627
651,627
652,627
653,627
654,627
655,627
656,627
657,627
739,627
740,627
741,627
742,627
743,627
1013,627
1014,627
1015,627
1016,627
1017,627
1018,627
17,628
18,628
19,628
20,628
287,628
288,628
289,628
290,628
291,628
292,628
293,628
294,628
295,628
296,628
297,628
298,628
399,628
400,628
401,628
402,628
433,628
434,628
435,628
436,628
437,628
438,628
439,628
440,628
441,628
539,628
540,628
644,628
645,628
646,628
647,628
648,628
649,628
650,628
651,628
652,628
653,628
654,628
655,628
656,628
657,628
658,628
659,628
660,628
739,628
740,628
741,628
742,628
1013,628
1014,628
1015,628
1016,628
1017,628
1018,628
17,629
18,629
19,629
20,629
287,629
288,629
289,629
290,629
291,629
292,629
293,629
294,629
295,629
296,629
297,629
398,629
399,629
400,629
401,629
402,629
434,629
435,629
436,629
437,629
438,629
439,629
440,629
441,629
442,629
540,629
541,629
651,629
652,629
653,629
654,629
655,629
656,629
657,629
658,629
659,629
660,629
661,629
739,629
740,629
741,629
1013,629
1014,629
1015,629
1016,629
1017,629
1018,629
17,630
18,630
19,630
20,630
286,630
287,630
288,630
289,630
290,630
291,630
292,630
293,630
294,630
295,630
296,630
297,630
398,630
399,630
400,630
401,630
435,630
436,630
437,630
438,630
439,630
440,630
441,630
442,630
457,630
458,630
459,630
463,630
472,630
540,630
541,630
653,630
654,630
655,630
656,630
657,630
658,630
659,630
660,630
661,630
662,630
663,630
735,630
736,630
737,630
740,630
1013,630
1014,630
1015,630
1016,630
1017,630
1018,630
17,631
18,631
19,631
20,631
285,631
286,631
287,631
288,631
289,631
290,631
291,631
292,631
293,631
294,631
295,631
296,631
398,631
399,631
400,631
436,631
437,631
438,631
439,631
440,631
441,631
442,631
443,631
456,631
457,631
458,631
459,631
461,631
462,631
463,631
472,631
539,631
540,631
541,631
542,631
654,631
655,631
656,631
657,631
658,631
659,631
660,631
661,631
662,631
663,631
664,631
735,631
736,631
737,631
1013,631
1014,631
1015,631
1016,631
1017,631
1018,631
17,632
18,632
19,632
20,632
285,632
286,632
287,632
288,632
289,632
290,632
291,632
292,632
293,632
294,632
295,632
296,632
397,632
398,632
399,632
400,632
437,632
438,632
439,632
440,632
441,632
442,632
443,632
444,632
457,632
458,632
459,632
461,632
462,632
463,632
464,632
465,632
538,632
539,632
540,632
541,632
657,632
658,632
659,632
660,632
661,632
662,632
663,632
664,632
735,632
736,632
737,632
1014,632
1015,632
1016,632
1017,632
1018,632
17,633
18,633
19,633
20,633
285,633
286,633
287,633
288,633
289,633
290,633
291,633
292,633
293,633
294,633
295,633
397,633
398,633
399,633
400,633
437,633
438,633
439,633
440,633
441,633
442,633
443,633
444,633
445,633
446,633
458,633
459,633
461,633
462,633
464,633
465,633
466,633
467,633
538,633
539,633
540,633
541,633
658,633
659,633
660,633
661,633
662,633
663,633
664,633
665,633
666,633
735,633
736,633
737,633
1014,633
1015,633
1016,633
1017,633
1018,633
17,634
18,634
19,634
20,634
285,634
286,634
287,634
288,634
289,634
290,634
291,634
292,634
293,634
294,634
295,634
396,634
397,634
398,634
399,634
437,634
438,634
439,634
440,634
441,634
442,634
443,634
444,634
445,634
446,634
447,634
461,634
462,634
464,634
465,634
466,634
467,634
470,634
537,634
538,634
539,634
540,634
661,634
662,634
663,634
664,634
665,634
666,634
667,634
668,634
669,634
670,634
671,634
734,634
735,634
736,634
737,634
738,634
1014,634
1015,634
1016,634
1017,634
1018,634
17,635
18,635
19,635
285,635
286,635
287,635
288,635
289,635
290,635
291,635
292,635
293,635
294,635
295,635
396,635
397,635
398,635
399,635
439,635
440,635
441,635
442,635
443,635
444,635
445,635
446,635
447,635
448,635
455,635
456,635
457,635
465,635
466,635
467,635
470,635
537,635
538,635
539,635
540,635
663,635
664,635
665,635
666,635
667,635
668,635
669,635
670,635
671,635
672,635
734,635
735,635
736,635
737,635
738,635
1014,635
1015,635
1016,635
1017,635
1018,635
17,636
18,636
19,636
285,636
286,636
287,636
288,636
289,636
290,636
291,636
292,636
293,636
294,636
396,636
397,636
398,636
441,636
442,636
443,636
444,636
445,636
446,636
447,636
448,636
453,636
454,636
455,636
456,636
457,636
458,636
459,636
460,636
466,636
467,636
468,636
469,636
470,636
537,636
538,636
539,636
664,636
665,636
666,636
667,636
668,636
669,636
670,636
671,636
672,636
673,636
674,636
734,636
735,636
736,636
737,636
738,636
1014,636
1015,636
1016,636
1017,636
1018,636
17,637
18,637
19,637
285,637
286,637
287,637
288,637
289,637
290,637
291,637
292,637
293,637
294,637
395,637
396,637
397,637
398,637
442,637
443,637
444,637
445,637
446,637
447,637
448,637
449,637
452,637
453,637
454,637
455,637
456,637
457,637
458,637
459,637
460,637
461,637
467,637
468,637
469,637
470,637
471,637
473,637
537,637
538,637
666,637
667,637
668,637
669,637
670,637
671,637
672,637
673,637
674,637
733,637
734,637
735,637
736,637
737,637
1014,637
1015,637
1016,637
1017,637
1018,637
17,638
18,638
19,638
285,638
286,638
287,638
288,638
289,638
290,638
291,638
292,638
293,638
294,638
395,638
396,638
397,638
443,638
444,638
445,638
446,638
447,638
448,638
449,638
451,638
452,638
453,638
454,638
455,638
456,638
457,638
458,638
459,638
460,638
461,638
462,638
469,638
470,638
471,638
472,638
473,638
474,638
475,638
537,638
667,638
668,638
669,638
670,638
671,638
672,638
673,638
674,638
675,638
676,638
677,638
733,638
734,638
735,638
736,638
737,638
1014,638
1015,638
1016,638
1017,638
1018,638
17,639
18,639
19,639
285,639
286,639
287,639
288,639
289,639
290,639
291,639
292,639
293,639
395,639
396,639
397,639
444,639
445,639
446,639
447,639
448,639
449,639
450,639
451,639
452,639
453,639
454,639
455,639
456,639
457,639
458,639
459,639
460,639
461,639
462,639
463,639
470,639
471,639
472,639
473,639
474,639
475,639
481,639
482,639
483,639
536,639
537,639
668,639
669,639
670,639
671,639
672,639
673,639
674,639
675,639
676,639
677,639
678,639
679,639
680,639
732,639
733,639
734,639
735,639
736,639
1014,639
1015,639
1016,639
1017,639
1018,639
17,640
18,640
19,640
285,640
286,640
287,640
288,640
289,640
290,640
291,640
292,640
293,640
394,640
395,640
396,640
397,640
444,640
445,640
446,640
447,640
448,640
449,640
450,640
451,640
452,640
453,640
454,640
455,640
456,640
457,640
458,640
459,640
460,640
461,640
462,640
463,640
464,640
474,640
475,640
478,640
479,640
480,640
481,640
672,640
673,640
674,640
675,640
676,640
677,640
678,640
679,640
680,640
681,640
682,640
683,640
684,640
685,640
686,640
732,640
733,640
734,640
735,640
736,640
1014,640
1015,640
1016,640
1017,640
1018,640
1019,640
17,641
18,641
19,641
20,641
285,641
286,641
287,641
288,641
289,641
290,641
291,641
292,641
293,641
394,641
395,641
396,641
397,641
445,641
446,641
447,641
448,641
449,641
450,641
451,641
452,641
453,641
454,641
455,641
456,641
457,641
458,641
459,641
460,641
461,641
462,641
463,641
464,641
475,641
536,641
673,641
674,641
675,641
676,641
677,641
678,641
679,641
680,641
681,641
682,641
683,641
684,641
685,641
686,641
687,641
731,641
732,641
733,641
734,641
735,641
1014,641
1015,641
1016,641
1017,641
1018,641
1019,641
17,642
18,642
19,642
20,642
285,642
286,642
287,642
288,642
289,642
290,642
291,642
292,642
394,642
395,642
396,642
397,642
446,642
447,642
448,642
449,642
450,642
451,642
452,642
453,642
454,642
455,642
456,642
457,642
458,642
459,642
460,642
461,642
462,642
463,642
464,642
465,642
466,642
467,642
533,642
534,642
535,642
536,642
674,642
675,642
676,642
677,642
678,642
679,642
680,642
681,642
682,642
683,642
684,642
685,642
686,642
687,642
688,642
689,642
731,642
732,642
733,642
734,642
1015,642
1016,642
1017,642
1018,642
1019,642
17,643
18,643
19,643
20,643
285,643
286,643
287,643
288,643
289,643
290,643
291,643
292,643
394,643
395,643
396,643
447,643
448,643
449,643
450,643
451,643
452,643
453,643
454,643
455,643
456,643
457,643
458,643
459,643
460,643
461,643
462,643
463,643
464,643
465,643
466,643
467,643
468,643
469,643
531,643
532,643
533,643
534,643
535,643
536,643
679,643
680,643
681,643
682,643
683,643
684,643
685,643
686,643
687,643
688,643
689,643
690,643
730,643
731,643
732,643
733,643
734,643
1015,643
1016,643
1017,643
1018,643
1019,643
17,644
18,644
19,644
20,644
285,644
286,644
287,644
288,644
289,644
290,644
291,644
292,644
393,644
394,644
395,644
396,644
448,644
449,644
450,644
451,644
452,644
453,644
454,644
455,644
456,644
457,644
458,644
459,644
460,644
461,644
462,644
463,644
464,644
465,644
466,644
467,644
468,644
469,644
470,644
531,644
532,644
533,644
534,644
535,644
684,644
685,644
686,644
687,644
688,644
689,644
690,644
691,644
692,644
729,644
730,644
731,644
732,644
733,644
1015,644
1016,644
1017,644
1018,644
1019,644
17,645
18,645
19,645
20,645
285,645
286,645
287,645
288,645
289,645
290,645
291,645
393,645
394,645
395,645
396,645
449,645
450,645
451,645
452,645
453,645
454,645
455,645
456,645
457,645
458,645
459,645
460,645
461,645
462,645
463,645
464,645
465,645
466,645
467,645
468,645
469,645
470,645
471,645
530,645
531,645
532,645
533,645
534,645
535,645
685,645
686,645
687,645
688,645
689,645
690,645
691,645
692,645
693,645
694,645
695,645
696,645
697,645
728,645
729,645
730,645
731,645
732,645
1015,645
1016,645
1017,645
1018,645
1019,645
1020,645
17,646
18,646
19,646
20,646
285,646
286,646
287,646
288,646
289,646
290,646
291,646
392,646
393,646
394,646
395,646
450,646
451,646
452,646
453,646
454,646
455,646
456,646
457,646
458,646
459,646
460,646
463,646
464,646
465,646
466,646
467,646
468,646
469,646
470,646
471,646
529,646
530,646
531,646
532,646
533,646
534,646
535,646
687,646
688,646
689,646
690,646
691,646
692,646
693,646
694,646
695,646
696,646
697,646
698,646
699,646
728,646
729,646
730,646
731,646
732,646
1015,646
1016,646
1017,646
1018,646
1019,646
1020,646
17,647
18,647
19,647
20,647
284,647
285,647
286,647
287,647
288,647
289,647
290,647
291,647
392,647
393,647
394,647
395,647
451,647
452,647
453,647
454,647
455,647
456,647
457,647
458,647
459,647
460,647
464,647
465,647
466,647
467,647
468,647
469,647
470,647
471,647
472,647
528,647
529,647
530,647
531,647
532,647
533,647
534,647
535,647
580,647
689,647
690,647
691,647
692,647
693,647
694,647
695,647
696,647
697,647
698,647
699,647
700,647
701,647
727,647
728,647
729,647
730,647
731,647
732,647
1015,647
1016,647
1017,647
1018,647
1019,647
1020,647
17,648
18,648
19,648
284,648
285,648
286,648
287,648
288,648
289,648
290,648
291,648
392,648
393,648
394,648
395,648
452,648
453,648
454,648
455,648
456,648
457,648
458,648
459,648
460,648
466,648
467,648
468,648
469,648
470,648
471,648
472,648
473,648
474,648
527,648
528,648
529,648
530,648
531,648
532,648
533,648
534,648
535,648
580,648
691,648
692,648
693,648
694,648
695,648
696,648
697,648
698,648
699,648
700,648
701,648
702,648
703,648
727,648
728,648
729,648
730,648
731,648
1015,648
1016,648
1017,648
1018,648
1019,648
1020,648
17,649
18,649
19,649
284,649
285,649
286,649
287,649
288,649
289,649
290,649
291,649
391,649
392,649
393,649
394,649
452,649
453,649
454,649
455,649
456,649
457,649
458,649
459,649
460,649
467,649
468,649
469,649
470,649
471,649
472,649
473,649
474,649
475,649
476,649
526,649
527,649
528,649
529,649
530,649
531,649
532,649
533,649
534,649
693,649
694,649
695,649
696,649
697,649
698,649
699,649
700,649
701,649
702,649
703,649
704,649
705,649
725,649
726,649
727,649
728,649
729,649
730,649
731,649
1015,649
1016,649
1017,649
1018,649
1019,649
1020,649
17,650
18,650
19,650
20,650
284,650
285,650
286,650
287,650
288,650
289,650
290,650
291,650
391,650
392,650
393,650
394,650
453,650
454,650
455,650
456,650
457,650
458,650
459,650
460,650
469,650
470,650
471,650
472,650
473,650
474,650
475,650
476,650
477,650
478,650
479,650
480,650
525,650
526,650
527,650
528,650
529,650
530,650
531,650
532,650
533,650
697,650
698,650
699,650
700,650
701,650
702,650
703,650
704,650
705,650
706,650
707,650
708,650
724,650
725,650
726,650
727,650
728,650
729,650
730,650
1015,650
1016,650
1017,650
1018,650
1019,650
1020,650
17,651
18,651
19,651
20,651
284,651
285,651
286,651
287,651
288,651
289,651
290,651
291,651
391,651
392,651
393,651
454,651
455,651
456,651
457,651
458,651
459,651
460,651
461,651
471,651
472,651
473,651
474,651
475,651
476,651
477,651
478,651
479,651
480,651
481,651
524,651
525,651
526,651
527,651
528,651
529,651
530,651
531,651
532,651
699,651
700,651
701,651
702,651
703,651
704,651
705,651
706,651
707,651
708,651
709,651
710,651
711,651
723,651
724,651
725,651
726,651
727,651
728,651
729,651
1015,651
1016,651
1017,651
1018,651
1019,651
1020,651
17,652
18,652
19,652
20,652
284,652
285,652
286,652
287,652
288,652
289,652
290,652
390,652
391,652
392,652
393,652
456,652
457,652
458,652
459,652
460,652
461,652
472,652
473,652
474,652
475,652
476,652
477,652
478,652
479,652
480,652
481,652
482,652
523,652
524,652
525,652
526,652
527,652
528,652
529,652
530,652
531,652
700,652
701,652
702,652
703,652
704,652
705,652
706,652
707,652
708,652
709,652
710,652
711,652
712,652
713,652
723,652
724,652
725,652
726,652
727,652
728,652
1016,652
1017,652
1018,652
1019,652
1020,652
17,653
18,653
19,653
20,653
284,653
285,653
286,653
287,653
288,653
289,653
290,653
390,653
391,653
392,653
393,653
457,653
458,653
459,653
460,653
472,653
473,653
474,653
475,653
476,653
477,653
478,653
479,653
480,653
481,653
482,653
483,653
521,653
522,653
523,653
524,653
525,653
526,653
527,653
528,653
529,653
530,653
703,653
704,653
705,653
706,653
707,653
708,653
709,653
710,653
711,653
712,653
713,653
714,653
715,653
716,653
717,653
718,653
722,653
723,653
724,653
725,653
726,653
727,653
1016,653
1017,653
1018,653
1019,653
1020,653
17,654
18,654
19,654
20,654
162,654
284,654
285,654
286,654
287,654
288,654
289,654
290,654
390,654
391,654
392,654
457,654
458,654
459,654
473,654
474,654
475,654
476,654
477,654
478,654
479,654
480,654
481,654
482,654
483,654
484,654
485,654
486,654
487,654
488,654
510,654
519,654
520,654
521,654
522,654
523,654
524,654
525,654
526,654
527,654
528,654
529,654
706,654
707,654
708,654
709,654
710,654
711,654
712,654
713,654
714,654
715,654
716,654
717,654
718,654
719,654
720,654
721,654
722,654
723,654
724,654
725,654
726,654
727,654
1016,654
1017,654
1018,654
1019,654
1020,654
17,655
18,655
19,655
20,655
284,655
285,655
286,655
287,655
288,655
289,655
290,655
389,655
390,655
391,655
457,655
458,655
474,655
475,655
476,655
477,655
478,655
479,655
480,655
481,655
482,655
483,655
484,655
485,655
486,655
487,655
488,655
489,655
490,655
491,655
492,655
493,655
494,655
495,655
496,655
497,655
498,655
499,655
500,655
501,655
502,655
503,655
504,655
505,655
506,655
507,655
508,655
509,655
510,655
511,655
512,655
513,655
514,655
515,655
516,655
517,655
518,655
519,655
520,655
521,655
522,655
523,655
524,655
525,655
526,655
527,655
709,655
710,655
711,655
712,655
713,655
714,655
715,655
716,655
717,655
718,655
719,655
720,655
721,655
722,655
723,655
724,655
725,655
726,655
1016,655
1017,655
1018,655
1019,655
1020,655
1021,655
17,656
18,656
19,656
20,656
284,656
285,656
286,656
287,656
288,656
289,656
290,656
389,656
390,656
391,656
477,656
478,656
479,656
480,656
481,656
482,656
483,656
484,656
485,656
486,656
487,656
488,656
489,656
490,656
491,656
492,656
493,656
494,656
495,656
496,656
497,656
498,656
499,656
500,656
501,656
502,656
503,656
504,656
505,656
506,656
507,656
508,656
509,656
510,656
511,656
512,656
513,656
514,656
515,656
516,656
517,656
518,656
519,656
520,656
521,656
522,656
523,656
524,656
525,656
526,656
710,656
711,656
712,656
713,656
714,656
715,656
716,656
717,656
718,656
719,656
720,656
721,656
722,656
723,656
724,656
725,656
726,656
1016,656
1017,656
1018,656
1019,656
1020,656
1021,656
18,657
19,657
283,657
284,657
285,657
286,657
287,657
288,657
289,657
290,657
388,657
389,657
390,657
479,657
480,657
481,657
482,657
483,657
484,657
485,657
486,657
487,657
488,657
489,657
490,657
491,657
492,657
493,657
494,657
495,657
496,657
497,657
498,657
499,657
500,657
501,657
502,657
503,657
504,657
505,657
506,657
507,657
508,657
509,657
510,657
511,657
512,657
513,657
514,657
515,657
516,657
517,657
518,657
519,657
520,657
521,657
522,657
523,657
524,657
525,657
712,657
713,657
714,657
715,657
716,657
717,657
718,657
719,657
720,657
721,657
722,657
723,657
724,657
725,657
726,657
1016,657
1017,657
1018,657
1019,657
1020,657
1021,657
1022,657
18,658
19,658
283,658
284,658
285,658
286,658
287,658
288,658
289,658
388,658
389,658
390,658
479,658
480,658
481,658
482,658
483,658
484,658
485,658
486,658
487,658
488,658
489,658
490,658
491,658
492,658
493,658
494,658
495,658
496,658
497,658
498,658
499,658
500,658
501,658
502,658
503,658
504,658
505,658
506,658
507,658
508,658
509,658
510,658
511,658
512,658
513,658
514,658
515,658
516,658
517,658
518,658
519,658
520,658
521,658
522,658
523,658
524,658
716,658
717,658
718,658
719,658
720,658
721,658
722,658
723,658
724,658
725,658
726,658
727,658
728,658
729,658
730,658
731,658
732,658
790,658
791,658
792,658
1017,658
1018,658
1019,658
1020,658
1021,658
1022,658
18,659
19,659
282,659
283,659
284,659
285,659
286,659
287,659
288,659
289,659
387,659
388,659
389,659
390,659
481,659
482,659
483,659
484,659
485,659
486,659
487,659
488,659
489,659
490,659
491,659
492,659
493,659
494,659
495,659
496,659
497,659
498,659
499,659
500,659
501,659
502,659
503,659
504,659
505,659
506,659
507,659
508,659
509,659
510,659
511,659
512,659
513,659
514,659
515,659
516,659
517,659
518,659
519,659
520,659
521,659
522,659
523,659
718,659
719,659
720,659
721,659
722,659
723,659
724,659
725,659
726,659
727,659
728,659
729,659
730,659
731,659
732,659
733,659
791,659
792,659
1017,659
1018,659
1019,659
1020,659
1021,659
1022,659
18,660
19,660
282,660
283,660
284,660
285,660
286,660
287,660
288,660
386,660
387,660
388,660
389,660
390,660
485,660
486,660
487,660
488,660
489,660
490,660
491,660
492,660
493,660
494,660
495,660
496,660
497,660
498,660
499,660
500,660
501,660
502,660
503,660
504,660
505,660
506,660
507,660
508,660
509,660
510,660
511,660
512,660
513,660
514,660
515,660
516,660
517,660
518,660
519,660
520,660
718,660
719,660
720,660
721,660
722,660
723,660
724,660
725,660
726,660
727,660
728,660
729,660
730,660
731,660
732,660
733,660
734,660
735,660
736,660
887,660
1018,660
1019,660
1020,660
1021,660
1022,660
18,661
19,661
282,661
283,661
284,661
285,661
286,661
287,661
288,661
386,661
387,661
388,661
389,661
501,661
502,661
503,661
509,661
510,661
511,661
512,661
513,661
514,661
517,661
717,661
718,661
719,661
720,661
721,661
722,661
723,661
724,661
725,661
726,661
727,661
728,661
729,661
730,661
731,661
732,661
733,661
734,661
735,661
736,661
737,661
738,661
984,661
985,661
986,661
1018,661
1019,661
1020,661
1021,661
1022,661
18,662
19,662
282,662
283,662
284,662
285,662
286,662
287,662
288,662
386,662
387,662
388,662
389,662
716,662
717,662
718,662
719,662
720,662
721,662
722,662
723,662
724,662
725,662
726,662
727,662
728,662
729,662
730,662
731,662
732,662
733,662
734,662
735,662
736,662
737,662
738,662
739,662
984,662
985,662
986,662
1018,662
1019,662
1020,662
1021,662
1022,662
1023,662
18,663
19,663
282,663
283,663
284,663
285,663
286,663
287,663
385,663
386,663
387,663
388,663
389,663
716,663
717,663
718,663
719,663
720,663
721,663
722,663
723,663
724,663
725,663
726,663
731,663
732,663
733,663
734,663
735,663
736,663
737,663
738,663
739,663
740,663
741,663
985,663
986,663
987,663
988,663
991,663
1019,663
1020,663
1021,663
1022,663
1023,663
18,664
19,664
282,664
283,664
284,664
285,664
286,664
287,664
385,664
386,664
387,664
388,664
716,664
717,664
718,664
719,664
720,664
721,664
733,664
734,664
735,664
736,664
737,664
738,664
739,664
740,664
741,664
742,664
743,664
986,664
987,664
988,664
1019,664
1020,664
1021,664
1022,664
1023,664
18,665
19,665
282,665
283,665
284,665
285,665
286,665
287,665
384,665
385,665
386,665
387,665
388,665
716,665
717,665
718,665
719,665
720,665
736,665
737,665
738,665
739,665
740,665
741,665
742,665
743,665
744,665
745,665
987,665
988,665
1019,665
1020,665
1021,665
1022,665
1023,665
282,666
283,666
284,666
285,666
286,666
384,666
385,666
386,666
387,666
715,666
716,666
717,666
718,666
719,666
720,666
737,666
738,666
739,666
740,666
741,666
742,666
743,666
744,666
745,666
746,666
747,666
748,666
1019,666
1020,666
1021,666
1022,666
1023,666
282,667
283,667
284,667
285,667
286,667
383,667
384,667
385,667
386,667
715,667
716,667
717,667
718,667
719,667
739,667
740,667
741,667
742,667
743,667
744,667
745,667
746,667
747,667
748,667
749,667
1019,667
1020,667
1021,667
1022,667
1023,667
281,668
282,668
283,668
284,668
285,668
286,668
383,668
384,668
385,668
386,668
713,668
714,668
715,668
716,668
717,668
718,668
719,668
740,668
741,668
742,668
743,668
744,668
745,668
746,668
747,668
748,668
749,668
750,668
751,668
1019,668
1020,668
1021,668
1022,668
1023,668
281,669
282,669
283,669
284,669
285,669
286,669
383,669
384,669
385,669
713,669
714,669
715,669
716,669
717,669
718,669
743,669
744,669
745,669
746,669
747,669
748,669
749,669
750,669
751,669
752,669
753,669
754,669
1019,669
1020,669
1021,669
1022,669
1023,669
281,670
282,670
283,670
284,670
285,670
286,670
382,670
383,670
384,670
385,670
712,670
713,670
714,670
715,670
716,670
717,670
747,670
748,670
749,670
750,670
751,670
752,670
753,670
754,670
755,670
1019,670
1020,670
1021,670
1022,670
1023,670
281,671
282,671
283,671
284,671
285,671
286,671
382,671
383,671
384,671
711,671
712,671
713,671
714,671
715,671
716,671
748,671
749,671
750,671
751,671
752,671
753,671
754,671
755,671
756,671
757,671
758,671
1019,671
1020,671
1021,671
1022,671
1023,671
280,672
281,672
282,672
283,672
284,672
285,672
286,672
382,672
383,672
384,672
710,672
711,672
712,672
713,672
714,672
715,672
716,672
750,672
751,672
752,672
753,672
754,672
755,672
756,672
757,672
758,672
759,672
760,672
1019,672
1020,672
1021,672
1022,672
1023,672
280,673
281,673
282,673
283,673
284,673
285,673
286,673
381,673
382,673
383,673
710,673
711,673
712,673
713,673
714,673
715,673
751,673
752,673
753,673
754,673
755,673
756,673
757,673
758,673
759,673
760,673
761,673
977,673
978,673
1019,673
1020,673
1021,673
1022,673
1023,673
280,674
281,674
282,674
283,674
284,674
285,674
286,674
381,674
382,674
383,674
709,674
710,674
711,674
712,674
713,674
753,674
754,674
755,674
756,674
757,674
758,674
759,674
760,674
761,674
762,674
763,674
978,674
979,674
980,674
981,674
990,674
1019,674
1020,674
1021,674
1022,674
1023,674
280,675
281,675
282,675
283,675
284,675
285,675
286,675
380,675
381,675
382,675
420,675
708,675
709,675
710,675
711,675
712,675
713,675
753,675
754,675
755,675
756,675
757,675
758,675
759,675
760,675
761,675
762,675
763,675
764,675
765,675
766,675
767,675
768,675
990,675
991,675
992,675
1019,675
1020,675
1021,675
1022,675
1023,675
280,676
281,676
282,676
283,676
284,676
285,676
286,676
380,676
381,676
382,676
708,676
709,676
710,676
711,676
712,676
713,676
756,676
757,676
758,676
759,676
760,676
761,676
762,676
763,676
764,676
765,676
766,676
767,676
768,676
769,676
770,676
771,676
888,676
987,676
988,676
990,676
991,676
992,676
993,676
1019,676
1020,676
1021,676
1022,676
1023,676
280,677
281,677
282,677
283,677
284,677
285,677
286,677
380,677
381,677
707,677
708,677
709,677
710,677
711,677
712,677
759,677
760,677
761,677
762,677
763,677
764,677
765,677
766,677
767,677
768,677
769,677
770,677
771,677
772,677
888,677
918,677
930,677
986,677
987,677
991,677
992,677
1019,677
1020,677
1021,677
1022,677
1023,677
280,678
281,678
282,678
283,678
284,678
285,678
286,678
379,678
380,678
381,678
706,678
707,678
708,678
709,678
710,678
711,678
761,678
762,678
763,678
764,678
765,678
766,678
767,678
768,678
769,678
770,678
771,678
772,678
773,678
791,678
792,678
884,678
918,678
919,678
930,678
991,678
992,678
1020,678
1021,678
1022,678
1023,678
280,679
281,679
282,679
283,679
284,679
285,679
378,679
379,679
380,679
381,679
705,679
706,679
707,679
708,679
709,679
710,679
764,679
765,679
766,679
767,679
768,679
769,679
770,679
771,679
772,679
773,679
774,679
775,679
791,679
792,679
918,679
919,679
975,679
976,679
992,679
1020,679
1021,679
1022,679
1023,679
280,680
281,680
282,680
283,680
284,680
285,680
378,680
379,680
380,680
705,680
706,680
707,680
708,680
709,680
710,680
769,680
770,680
771,680
772,680
773,680
774,680
775,680
776,680
777,680
778,680
795,680
796,680
820,680
975,680
976,680
1020,680
1021,680
1022,680
1023,680
280,681
281,681
282,681
283,681
284,681
285,681
377,681
378,681
379,681
704,681
705,681
706,681
707,681
708,681
709,681
770,681
771,681
772,681
773,681
774,681
775,681
776,681
777,681
778,681
779,681
780,681
795,681
796,681
820,681
976,681
1020,681
1021,681
1022,681
1023,681
279,682
280,682
281,682
282,682
283,682
284,682
285,682
286,682
377,682
378,682
703,682
704,682
705,682
706,682
707,682
708,682
771,682
772,682
773,682
774,682
775,682
776,682
777,682
778,682
779,682
780,682
781,682
795,682
982,682
1020,682
1021,682
1022,682
1023,682
19,683
279,683
280,683
281,683
282,683
283,683
284,683
285,683
286,683
377,683
378,683
702,683
703,683
704,683
705,683
706,683
707,683
772,683
773,683
774,683
775,683
776,683
777,683
778,683
779,683
780,683
781,683
782,683
982,683
1020,683
1021,683
1022,683
1023,683
18,684
19,684
279,684
280,684
281,684
282,684
283,684
284,684
285,684
286,684
376,684
377,684
378,684
701,684
702,684
703,684
704,684
705,684
706,684
775,684
776,684
777,684
778,684
779,684
780,684
781,684
782,684
783,684
784,684
824,684
889,684
990,684
991,684
1019,684
1020,684
1021,684
1022,684
1023,684
19,685
278,685
279,685
280,685
281,685
282,685
283,685
284,685
285,685
376,685
377,685
700,685
701,685
702,685
703,685
704,685
705,685
706,685
778,685
779,685
780,685
781,685
782,685
783,685
784,685
785,685
1019,685
1020,685
1021,685
1022,685
1023,685
19,686
278,686
279,686
280,686
281,686
282,686
283,686
284,686
285,686
376,686
377,686
699,686
700,686
701,686
702,686
703,686
704,686
779,686
780,686
781,686
782,686
783,686
784,686
785,686
786,686
787,686
788,686
789,686
790,686
791,686
841,686
842,686
843,686
1019,686
1020,686
1021,686
1022,686
1023,686
19,687
278,687
279,687
280,687
281,687
282,687
283,687
284,687
285,687
375,687
376,687
377,687
585,687
586,687
587,687
588,687
589,687
698,687
699,687
700,687
701,687
702,687
703,687
780,687
781,687
782,687
783,687
784,687
785,687
786,687
787,687
788,687
789,687
790,687
791,687
795,687
841,687
842,687
843,687
1019,687
1020,687
1021,687
1022,687
1023,687
19,688
278,688
279,688
280,688
281,688
282,688
283,688
284,688
285,688
374,688
375,688
376,688
377,688
698,688
699,688
700,688
701,688
702,688
781,688
782,688
783,688
784,688
785,688
786,688
787,688
788,688
789,688
790,688
791,688
792,688
793,688
794,688
795,688
930,688
931,688
932,688
1019,688
1020,688
1021,688
1022,688
1023,688
19,689
278,689
279,689
280,689
281,689
282,689
283,689
284,689
285,689
373,689
374,689
375,689
376,689
377,689
698,689
699,689
700,689
701,689
783,689
784,689
785,689
786,689
787,689
788,689
789,689
790,689
791,689
792,689
793,689
794,689
795,689
796,689
942,689
1019,689
1020,689
1021,689
1022,689
1023,689
19,690
278,690
279,690
280,690
281,690
282,690
283,690
284,690
285,690
286,690
372,690
373,690
374,690
375,690
376,690
697,690
698,690
699,690
700,690
701,690
788,690
789,690
790,690
791,690
792,690
793,690
794,690
795,690
796,690
849,690
941,690
942,690
1002,690
1019,690
1020,690
1021,690
1022,690
1023,690
19,691
278,691
279,691
280,691
281,691
282,691
283,691
284,691
285,691
286,691
371,691
372,691
373,691
374,691
696,691
697,691
698,691
699,691
700,691
701,691
790,691
791,691
792,691
793,691
794,691
795,691
796,691
797,691
849,691
941,691
942,691
943,691
1002,691
1019,691
1020,691
1021,691
1022,691
1023,691
19,692
278,692
279,692
280,692
281,692
282,692
283,692
284,692
285,692
286,692
371,692
372,692
373,692
695,692
696,692
697,692
698,692
699,692
700,692
791,692
792,692
793,692
794,692
795,692
796,692
797,692
798,692
799,692
849,692
942,692
1002,692
1019,692
1020,692
1021,692
1022,692
1023,692
19,693
278,693
279,693
280,693
281,693
282,693
283,693
284,693
285,693
286,693
370,693
371,693
372,693
373,693
694,693
695,693
696,693
697,693
698,693
699,693
792,693
793,693
794,693
795,693
796,693
797,693
798,693
799,693
800,693
801,693
802,693
803,693
804,693
805,693
806,693
807,693
881,693
882,693
997,693
1019,693
1020,693
1021,693
1022,693
1023,693
19,694
278,694
279,694
280,694
281,694
282,694
283,694
284,694
285,694
286,694
370,694
371,694
372,694
693,694
694,694
695,694
696,694
697,694
698,694
699,694
796,694
797,694
798,694
799,694
800,694
801,694
802,694
803,694
804,694
805,694
806,694
807,694
808,694
880,694
881,694
1019,694
1020,694
1021,694
1022,694
19,695
278,695
279,695
280,695
281,695
282,695
283,695
284,695
285,695
369,695
370,695
371,695
599,695
692,695
693,695
694,695
695,695
696,695
697,695
698,695
796,695
797,695
798,695
799,695
800,695
801,695
802,695
803,695
804,695
805,695
806,695
807,695
808,695
809,695
810,695
811,695
879,695
880,695
881,695
964,695
965,695
966,695
968,695
1019,695
1020,695
1021,695
1022,695
19,696
277,696
278,696
279,696
280,696
281,696
282,696
283,696
284,696
285,696
368,696
369,696
370,696
371,696
692,696
693,696
694,696
695,696
696,696
697,696
800,696
801,696
802,696
803,696
804,696
805,696
806,696
807,696
808,696
809,696
810,696
811,696
879,696
964,696
965,696
966,696
968,696
1019,696
1020,696
1021,696
1022,696
19,697
277,697
278,697
279,697
280,697
281,697
282,697
283,697
284,697
285,697
368,697
369,697
370,697
691,697
692,697
693,697
694,697
695,697
696,697
802,697
803,697
804,697
805,697
806,697
807,697
808,697
809,697
810,697
811,697
812,697
878,697
944,697
945,697
954,697
969,697
970,697
995,697
997,697
1018,697
1019,697
1020,697
1021,697
1022,697
19,698
277,698
278,698
279,698
280,698
281,698
282,698
283,698
284,698
285,698
367,698
368,698
369,698
370,698
690,698
691,698
692,698
693,698
694,698
695,698
805,698
806,698
807,698
808,698
809,698
810,698
811,698
812,698
813,698
944,698
945,698
953,698
954,698
970,698
982,698
986,698
992,698
994,698
995,698
996,698
1018,698
1019,698
1020,698
1021,698
1022,698
19,699
277,699
278,699
279,699
280,699
281,699
282,699
283,699
284,699
285,699
367,699
368,699
369,699
370,699
689,699
690,699
691,699
692,699
693,699
694,699
805,699
806,699
807,699
808,699
809,699
810,699
811,699
812,699
813,699
814,699
815,699
944,699
945,699
947,699
951,699
953,699
954,699
982,699
986,699
994,699
995,699
1018,699
1019,699
1020,699
1021,699
1022,699
19,700
276,700
277,700
278,700
279,700
280,700
281,700
282,700
283,700
284,700
366,700
367,700
368,700
369,700
688,700
689,700
690,700
691,700
692,700
693,700
806,700
807,700
808,700
809,700
810,700
811,700
812,700
813,700
814,700
815,700
816,700
817,700
944,700
945,700
947,700
951,700
952,700
953,700
955,700
956,700
982,700
994,700
1017,700
1018,700
1019,700
1020,700
1021,700
1022,700
19,701
276,701
277,701
278,701
279,701
280,701
281,701
282,701
283,701
284,701
366,701
367,701
368,701
687,701
688,701
689,701
690,701
691,701
692,701
810,701
811,701
812,701
813,701
814,701
815,701
816,701
817,701
818,701
819,701
859,701
860,701
912,701
944,701
947,701
952,701
953,701
955,701
956,701
957,701
982,701
983,701
1017,701
1018,701
1019,701
1020,701
1021,701
19,702
276,702
277,702
278,702
279,702
280,702
281,702
282,702
283,702
365,702
366,702
367,702
687,702
688,702
689,702
690,702
691,702
812,702
813,702
814,702
815,702
816,702
817,702
818,702
819,702
820,702
859,702
860,702
912,702
913,702
914,702
915,702
952,702
955,702
956,702
957,702
959,702
960,702
980,702
981,702
982,702
983,702
1017,702
1018,702
1019,702
1020,702
1021,702
19,703
276,703
277,703
278,703
279,703
280,703
281,703
282,703
283,703
364,703
365,703
366,703
367,703
686,703
687,703
688,703
689,703
690,703
813,703
814,703
815,703
816,703
817,703
818,703
819,703
820,703
821,703
859,703
860,703
910,703
911,703
912,703
915,703
956,703
959,703
960,703
961,703
980,703
981,703
982,703
990,703
991,703
1017,703
1018,703
1019,703
1020,703
1021,703
19,704
276,704
277,704
278,704
279,704
280,704
281,704
282,704
283,704
363,704
364,704
365,704
366,704
685,704
686,704
687,704
688,704
689,704
815,704
816,704
817,704
818,704
819,704
820,704
821,704
822,704
854,704
855,704
960,704
961,704
978,704
980,704
981,704
1016,704
1017,704
1018,704
1019,704
1020,704
1021,704
19,705
276,705
277,705
278,705
279,705
280,705
281,705
282,705
283,705
362,705
363,705
364,705
365,705
684,705
685,705
686,705
687,705
688,705
816,705
817,705
818,705
819,705
820,705
821,705
822,705
823,705
979,705
980,705
988,705
1016,705
1017,705
1018,705
1019,705
1020,705
1021,705
19,706
276,706
277,706
278,706
279,706
280,706
281,706
282,706
362,706
363,706
364,706
683,706
684,706
685,706
686,706
687,706
817,706
818,706
819,706
820,706
821,706
822,706
823,706
824,706
825,706
826,706
827,706
868,706
869,706
1015,706
1016,706
1017,706
1018,706
1019,706
1020,706
19,707
276,707
277,707
278,707
279,707
280,707
281,707
282,707
361,707
362,707
363,707
364,707
682,707
683,707
684,707
685,707
686,707
818,707
819,707
820,707
821,707
822,707
823,707
824,707
825,707
826,707
827,707
828,707
867,707
868,707
869,707
1015,707
1016,707
1017,707
1018,707
1019,707
1020,707
19,708
275,708
276,708
277,708
278,708
279,708
280,708
281,708
282,708
360,708
361,708
362,708
363,708
681,708
682,708
683,708
684,708
685,708
820,708
821,708
822,708
823,708
824,708
825,708
826,708
827,708
828,708
829,708
867,708
868,708
870,708
1015,708
1016,708
1017,708
1018,708
1019,708
1020,708
19,709
275,709
276,709
277,709
278,709
279,709
280,709
281,709
282,709
359,709
360,709
361,709
362,709
680,709
681,709
682,709
683,709
684,709
685,709
822,709
823,709
824,709
825,709
826,709
827,709
828,709
829,709
830,709
831,709
870,709
871,709
872,709
876,709
877,709
900,709
1014,709
1015,709
1016,709
1017,709
1018,709
1019,709
275,710
276,710
277,710
278,710
279,710
280,710
281,710
282,710
358,710
359,710
360,710
361,710
679,710
680,710
681,710
682,710
683,710
684,710
824,710
825,710
826,710
827,710
828,710
829,710
830,710
831,710
872,710
876,710
877,710
976,710
1014,710
1015,710
1016,710
1017,710
1018,710
1019,710
275,711
276,711
277,711
278,711
279,711
280,711
281,711
282,711
357,711
358,711
359,711
360,711
679,711
680,711
681,711
682,711
683,711
826,711
827,711
828,711
829,711
830,711
831,711
832,711
833,711
876,711
877,711
1014,711
1015,711
1016,711
1017,711
1018,711
1019,711
275,712
276,712
277,712
278,712
279,712
280,712
281,712
355,712
356,712
357,712
358,712
359,712
678,712
679,712
680,712
681,712
682,712
828,712
829,712
830,712
831,712
832,712
833,712
834,712
876,712
877,712
1014,712
1015,712
1016,712
1017,712
1018,712
1019,712
275,713
276,713
277,713
278,713
279,713
280,713
281,713
355,713
356,713
357,713
358,713
359,713
677,713
678,713
679,713
680,713
681,713
829,713
830,713
831,713
832,713
833,713
834,713
835,713
876,713
877,713
984,713
985,713
986,713
987,713
1014,713
1015,713
1016,713
1017,713
1018,713
275,714
276,714
277,714
278,714
279,714
280,714
281,714
354,714
355,714
356,714
357,714
414,714
415,714
676,714
677,714
678,714
679,714
680,714
830,714
831,714
832,714
833,714
834,714
835,714
836,714
837,714
876,714
877,714
883,714
984,714
985,714
986,714
987,714
1014,714
1015,714
1016,714
1017,714
1018,714
275,715
276,715
277,715
278,715
279,715
280,715
281,715
351,715
352,715
353,715
354,715
355,715
356,715
674,715
675,715
676,715
677,715
678,715
679,715
680,715
831,715
832,715
833,715
834,715
835,715
836,715
837,715
838,715
839,715
877,715
881,715
882,715
883,715
984,715
985,715
986,715
1014,715
1015,715
1016,715
1017,715
1018,715
274,716
275,716
276,716
277,716
278,716
279,716
280,716
281,716
282,716
351,716
352,716
353,716
354,716
355,716
674,716
675,716
676,716
677,716
678,716
832,716
833,716
834,716
835,716
836,716
837,716
838,716
839,716
840,716
880,716
881,716
882,716
883,716
983,716
984,716
985,716
1014,716
1015,716
1016,716
1017,716
1018,716
274,717
275,717
276,717
277,717
278,717
279,717
280,717
281,717
282,717
350,717
351,717
352,717
353,717
354,717
673,717
674,717
675,717
676,717
677,717
833,717
834,717
835,717
836,717
837,717
838,717
839,717
840,717
841,717
842,717
880,717
881,717
882,717
883,717
983,717
984,717
985,717
1014,717
1015,717
1016,717
1017,717
1018,717
274,718
275,718
276,718
277,718
278,718
279,718
280,718
281,718
282,718
349,718
350,718
351,718
352,718
353,718
672,718
673,718
674,718
675,718
676,718
677,718
835,718
836,718
837,718
838,718
839,718
840,718
841,718
842,718
843,718
971,718
980,718
982,718
983,718
984,718
1014,718
1015,718
1016,718
1017,718
1018,718
274,719
275,719
276,719
277,719
278,719
279,719
280,719
281,719
282,719
348,719
349,719
350,719
351,719
352,719
671,719
672,719
673,719
674,719
675,719
676,719
837,719
838,719
839,719
840,719
841,719
842,719
843,719
844,719
970,719
971,719
980,719
981,719
982,719
983,719
1013,719
1014,719
1015,719
1016,719
1017,719
1018,719
273,720
274,720
275,720
276,720
277,720
278,720
279,720
280,720
281,720
282,720
348,720
349,720
350,720
351,720
671,720
672,720
673,720
674,720
675,720
839,720
840,720
841,720
842,720
843,720
844,720
845,720
970,720
971,720
980,720
981,720
1013,720
1014,720
1015,720
1016,720
1017,720
1018,720
273,721
274,721
275,721
276,721
277,721
278,721
279,721
280,721
281,721
282,721
347,721
348,721
349,721
350,721
670,721
671,721
672,721
673,721
674,721
840,721
841,721
842,721
843,721
844,721
845,721
846,721
970,721
979,721
980,721
981,721
1013,721
1014,721
1015,721
1016,721
1017,721
1018,721
272,722
273,722
274,722
275,722
276,722
277,722
278,722
279,722
280,722
281,722
282,722
347,722
348,722
349,722
669,722
670,722
671,722
672,722
673,722
674,722
841,722
842,722
843,722
844,722
845,722
846,722
847,722
978,722
979,722
980,722
1013,722
1014,722
1015,722
1016,722
1017,722
272,723
273,723
274,723
275,723
276,723
277,723
278,723
279,723
280,723
281,723
282,723
346,723
347,723
348,723
668,723
669,723
670,723
671,723
672,723
673,723
841,723
842,723
843,723
844,723
845,723
846,723
847,723
848,723
1012,723
1013,723
1014,723
1015,723
1016,723
1017,723
272,724
273,724
274,724
275,724
276,724
277,724
278,724
279,724
280,724
281,724
282,724
344,724
345,724
346,724
668,724
669,724
670,724
671,724
672,724
842,724
843,724
844,724
845,724
846,724
847,724
848,724
849,724
1012,724
1013,724
1014,724
1015,724
1016,724
1017,724
272,725
273,725
274,725
275,725
276,725
279,725
280,725
281,725
282,725
343,725
344,725
345,725
667,725
668,725
669,725
670,725
671,725
672,725
844,725
845,725
846,725
847,725
848,725
849,725
850,725
851,725
968,725
1012,725
1013,725
1014,725
1015,725
1016,725
1017,725
272,726
273,726
274,726
275,726
280,726
281,726
282,726
341,726
342,726
343,726
344,726
345,726
666,726
667,726
668,726
669,726
670,726
671,726
845,726
846,726
847,726
848,726
849,726
850,726
851,726
852,726
1012,726
1013,726
1014,726
1015,726
1016,726
271,727
272,727
273,727
274,727
275,727
279,727
280,727
281,727
282,727
340,727
341,727
342,727
343,727
344,727
665,727
666,727
667,727
668,727
669,727
670,727
847,727
848,727
849,727
850,727
851,727
852,727
853,727
854,727
1012,727
1013,727
1014,727
1015,727
1016,727
271,728
272,728
273,728
274,728
275,728
279,728
280,728
281,728
282,728
339,728
340,728
341,728
342,728
343,728
664,728
665,728
666,728
667,728
668,728
848,728
849,728
850,728
851,728
852,728
853,728
854,728
1011,728
1012,728
1013,728
1014,728
1015,728
1016,728
271,729
272,729
273,729
274,729
275,729
279,729
280,729
281,729
339,729
340,729
341,729
662,729
663,729
664,729
665,729
666,729
667,729
668,729
849,729
850,729
851,729
852,729
853,729
854,729
855,729
976,729
1011,729
1012,729
1013,729
1014,729
1015,729
1016,729
271,730
272,730
273,730
274,730
275,730
279,730
280,730
281,730
337,730
338,730
339,730
340,730
341,730
662,730
663,730
664,730
665,730
666,730
667,730
850,730
851,730
852,730
853,730
854,730
855,730
856,730
964,730
965,730
976,730
977,730
1011,730
1012,730
1013,730
1014,730
1015,730
271,731
272,731
273,731
274,731
275,731
278,731
279,731
280,731
281,731
336,731
337,731
338,731
662,731
663,731
664,731
665,731
666,731
667,731
851,731
852,731
853,731
854,731
855,731
856,731
857,731
858,731
964,731
965,731
976,731
1010,731
1011,731
1012,731
1013,731
1014,731
1015,731
271,732
272,732
273,732
274,732
275,732
279,732
280,732
335,732
336,732
337,732
338,732
661,732
662,732
663,732
664,732
665,732
666,732
852,732
853,732
854,732
855,732
856,732
857,732
858,732
859,732
964,732
965,732
966,732
973,732
976,732
1010,732
1011,732
1012,732
1013,732
1014,732
1015,732
270,733
271,733
272,733
273,733
274,733
280,733
281,733
335,733
336,733
337,733
660,733
661,733
662,733
663,733
664,733
665,733
853,733
854,733
855,733
856,733
857,733
858,733
859,733
860,733
964,733
965,733
973,733
1010,733
1011,733
1012,733
1013,733
1014,733
270,734
271,734
272,734
273,734
274,734
281,734
333,734
658,734
659,734
660,734
661,734
662,734
663,734
664,734
855,734
856,734
857,734
858,734
859,734
860,734
861,734
964,734
1010,734
1011,734
1012,734
1013,734
1014,734
270,735
271,735
272,735
273,735
274,735
329,735
330,735
331,735
332,735
333,735
657,735
658,735
659,735
660,735
661,735
662,735
663,735
856,735
857,735
858,735
859,735
860,735
861,735
862,735
1009,735
1010,735
1011,735
1012,735
1013,735
1014,735
270,736
271,736
272,736
273,736
329,736
330,736
331,736
332,736
339,736
340,736
656,736
657,736
658,736
659,736
660,736
661,736
662,736
857,736
858,736
859,736
860,736
861,736
862,736
863,736
1009,736
1010,736
1011,736
1012,736
1013,736
1014,736
270,737
271,737
272,737
273,737
329,737
330,737
331,737
332,737
339,737
340,737
656,737
657,737
658,737
659,737
660,737
661,737
662,737
858,737
859,737
860,737
861,737
862,737
863,737
864,737
865,737
970,737
1009,737
1010,737
1011,737
1012,737
1013,737
1014,737
270,738
271,738
272,738
273,738
655,738
656,738
657,738
658,738
659,738
660,738
860,738
861,738
862,738
863,738
864,738
865,738
866,738
1009,738
1010,738
1011,738
1012,738
1013,738
1014,738
270,739
271,739
272,739
273,739
655,739
656,739
657,739
658,739
860,739
861,739
862,739
863,739
864,739
865,739
866,739
867,739
1009,739
1010,739
1011,739
1012,739
1013,739
1014,739
270,740
271,740
272,740
273,740
319,740
320,740
321,740
322,740
324,740
325,740
326,740
327,740
653,740
654,740
655,740
656,740
657,740
658,740
862,740
863,740
864,740
865,740
866,740
867,740
868,740
869,740
1009,740
1010,740
1011,740
1012,740
1013,740
1014,740
270,741
271,741
272,741
273,741
315,741
316,741
317,741
318,741
319,741
320,741
321,741
322,741
323,741
324,741
325,741
326,741
652,741
653,741
654,741
655,741
656,741
657,741
863,741
864,741
865,741
866,741
867,741
868,741
869,741
870,741
960,741
961,741
1009,741
1010,741
1011,741
1012,741
1013,741
269,742
270,742
271,742
272,742
273,742
281,742
312,742
313,742
314,742
315,742
316,742
317,742
318,742
319,742
320,742
321,742
322,742
323,742
324,742
325,742
651,742
652,742
653,742
654,742
655,742
656,742
864,742
865,742
866,742
867,742
868,742
869,742
870,742
871,742
959,742
960,742
1009,742
1010,742
1011,742
1012,742
1013,742
269,743
270,743
271,743
272,743
273,743
280,743
281,743
309,743
311,743
312,743
313,743
314,743
315,743
316,743
317,743
318,743
319,743
320,743
321,743
322,743
323,743
324,743
650,743
651,743
652,743
653,743
654,743
655,743
865,743
866,743
867,743
868,743
869,743
870,743
871,743
872,743
958,743
959,743
960,743
1008,743
1009,743
1010,743
1011,743
1012,743
1013,743
268,744
269,744
270,744
271,744
272,744
273,744
280,744
281,744
303,744
304,744
305,744
306,744
307,744
308,744
309,744
310,744
311,744
312,744
313,744
314,744
315,744
316,744
317,744
318,744
319,744
320,744
321,744
649,744
650,744
651,744
652,744
653,744
654,744
867,744
868,744
869,744
870,744
871,744
872,744
873,744
874,744
957,744
958,744
959,744
1008,744
1009,744
1010,744
1011,744
1012,744
1013,744
268,745
269,745
270,745
271,745
272,745
273,745
280,745
281,745
303,745
304,745
305,745
306,745
307,745
308,745
309,745
310,745
311,745
312,745
313,745
314,745
315,745
316,745
318,745
319,745
649,745
650,745
651,745
652,745
653,745
654,745
869,745
870,745
871,745
872,745
873,745
874,745
875,745
956,745
957,745
1008,745
1009,745
1010,745
1011,745
1012,745
268,746
269,746
270,746
271,746
272,746
280,746
281,746
302,746
303,746
304,746
305,746
306,746
307,746
308,746
309,746
310,746
311,746
312,746
313,746
314,746
315,746
598,746
649,746
650,746
651,746
652,746
653,746
870,746
871,746
872,746
873,746
874,746
875,746
876,746
1008,746
1009,746
1010,746
1011,746
1012,746
267,747
268,747
269,747
270,747
271,747
278,747
279,747
280,747
281,747
282,747
300,747
301,747
302,747
303,747
304,747
305,747
306,747
307,747
308,747
309,747
310,747
311,747
312,747
313,747
314,747
403,747
648,747
649,747
650,747
651,747
652,747
871,747
872,747
873,747
874,747
875,747
876,747
877,747
964,747
965,747
1008,747
1009,747
1010,747
1011,747
1012,747
266,748
267,748
268,748
269,748
270,748
271,748
278,748
279,748
280,748
281,748
282,748
283,748
297,748
298,748
299,748
300,748
301,748
302,748
303,748
304,748
305,748
306,748
307,748
308,748
309,748
310,748
311,748
312,748
313,748
403,748
648,748
649,748
650,748
651,748
872,748
873,748
874,748
875,748
876,748
877,748
878,748
879,748
964,748
965,748
966,748
1008,748
1009,748
1010,748
1011,748
1012,748
266,749
267,749
268,749
269,749
270,749
278,749
279,749
280,749
281,749
282,749
283,749
284,749
285,749
288,749
289,749
290,749
291,749
296,749
297,749
298,749
299,749
300,749
301,749
302,749
303,749
304,749
305,749
306,749
307,749
308,749
309,749
310,749
646,749
647,749
648,749
649,749
650,749
651,749
873,749
874,749
875,749
876,749
877,749
878,749
879,749
880,749
964,749
965,749
966,749
1008,749
1009,749
1010,749
1011,749
266,750
267,750
268,750
269,750
270,750
277,750
278,750
279,750
280,750
281,750
282,750
283,750
284,750
285,750
286,750
287,750
288,750
289,750
290,750
291,750
292,750
293,750
294,750
295,750
296,750
297,750
298,750
299,750
300,750
301,750
302,750
303,750
304,750
305,750
645,750
646,750
647,750
648,750
649,750
650,750
875,750
876,750
877,750
878,750
879,750
880,750
881,750
882,750
964,750
965,750
1007,750
1008,750
1009,750
1010,750
1011,750
265,751
266,751
267,751
268,751
269,751
270,751
274,751
275,751
276,751
277,751
278,751
279,751
280,751
281,751
282,751
283,751
284,751
285,751
286,751
287,751
288,751
289,751
290,751
291,751
292,751
293,751
294,751
295,751
296,751
297,751
298,751
299,751
300,751
301,751
643,751
644,751
645,751
646,751
647,751
648,751
649,751
876,751
877,751
878,751
879,751
880,751
881,751
882,751
883,751
1006,751
1007,751
1008,751
1009,751
1010,751
265,752
266,752
267,752
268,752
269,752
270,752
271,752
272,752
273,752
274,752
275,752
276,752
277,752
278,752
279,752
280,752
281,752
282,752
283,752
284,752
285,752
286,752
287,752
288,752
289,752
290,752
293,752
294,752
295,752
296,752
297,752
298,752
299,752
300,752
642,752
643,752
644,752
645,752
646,752
647,752
648,752
649,752
877,752
878,752
879,752
880,752
881,752
882,752
883,752
884,752
885,752
953,752
1006,752
1007,752
1008,752
1009,752
1010,752
265,753
266,753
267,753
268,753
269,753
270,753
271,753
272,753
273,753
274,753
275,753
276,753
277,753
278,753
279,753
280,753
281,753
282,753
283,753
284,753
285,753
286,753
287,753
288,753
289,753
290,753
294,753
295,753
296,753
297,753
298,753
410,753
411,753
642,753
643,753
644,753
645,753
646,753
647,753
878,753
879,753
880,753
881,753
882,753
883,753
884,753
885,753
886,753
953,753
1004,753
1005,753
1006,753
1007,753
1008,753
1009,753
1010,753
264,754
265,754
266,754
267,754
268,754
269,754
270,754
271,754
272,754
273,754
274,754
275,754
276,754
277,754
278,754
279,754
280,754
281,754
282,754
283,754
290,754
296,754
297,754
346,754
347,754
366,754
367,754
368,754
374,754
375,754
376,754
377,754
378,754
379,754
380,754
381,754
382,754
383,754
384,754
385,754
386,754
387,754
388,754
389,754
390,754
391,754
392,754
393,754
394,754
395,754
402,754
410,754
411,754
412,754
413,754
414,754
415,754
418,754
419,754
420,754
421,754
425,754
426,754
642,754
643,754
644,754
645,754
880,754
881,754
882,754
883,754
884,754
885,754
886,754
887,754
953,754
1004,754
1005,754
1006,754
1007,754
1008,754
1009,754
1010,754
264,755
265,755
266,755
267,755
268,755
269,755
270,755
271,755
272,755
273,755
274,755
275,755
276,755
277,755
278,755
279,755
280,755
281,755
282,755
332,755
333,755
334,755
335,755
336,755
337,755
338,755
339,755
340,755
341,755
342,755
343,755
344,755
345,755
346,755
347,755
348,755
349,755
350,755
351,755
352,755
353,755
356,755
357,755
358,755
359,755
360,755
361,755
362,755
363,755
364,755
365,755
366,755
367,755
368,755
369,755
370,755
371,755
372,755
373,755
374,755
375,755
376,755
377,755
378,755
379,755
380,755
381,755
382,755
383,755
384,755
385,755
386,755
387,755
388,755
389,755
390,755
391,755
392,755
393,755
394,755
395,755
396,755
397,755
398,755
399,755
402,755
406,755
407,755
408,755
410,755
411,755
412,755
413,755
414,755
415,755
416,755
417,755
418,755
419,755
420,755
421,755
424,755
425,755
426,755
427,755
428,755
429,755
430,755
641,755
642,755
643,755
644,755
881,755
882,755
883,755
884,755
885,755
886,755
887,755
950,755
952,755
1004,755
1005,755
1006,755
1007,755
1008,755
1009,755
1010,755
260,756
263,756
264,756
265,756
266,756
267,756
268,756
269,756
270,756
271,756
272,756
273,756
274,756
275,756
276,756
277,756
278,756
279,756
280,756
281,756
331,756
332,756
333,756
334,756
335,756
336,756
337,756
338,756
339,756
340,756
341,756
342,756
343,756
344,756
345,756
346,756
347,756
348,756
349,756
350,756
351,756
352,756
353,756
354,756
355,756
356,756
357,756
358,756
359,756
360,756
361,756
362,756
363,756
364,756
365,756
366,756
367,756
368,756
369,756
370,756
371,756
372,756
373,756
374,756
375,756
376,756
377,756
378,756
379,756
380,756
381,756
382,756
383,756
384,756
385,756
386,756
387,756
388,756
389,756
390,756
391,756
392,756
393,756
394,756
395,756
396,756
397,756
398,756
399,756
404,756
405,756
406,756
407,756
408,756
409,756
410,756
411,756
412,756
413,756
414,756
415,756
416,756
417,756
418,756
419,756
420,756
421,756
423,756
424,756
425,756
426,756
427,756
428,756
429,756
430,756
431,756
432,756
640,756
641,756
642,756
643,756
644,756
883,756
884,756
885,756
886,756
887,756
888,756
889,756
1004,756
1005,756
1006,756
1007,756
1008,756
1009,756
1010,756
262,757
263,757
264,757
265,757
266,757
267,757
268,757
269,757
270,757
271,757
272,757
273,757
274,757
275,757
276,757
277,757
278,757
279,757
280,757
281,757
330,757
331,757
332,757
333,757
334,757
335,757
336,757
337,757
338,757
339,757
340,757
341,757
342,757
343,757
344,757
345,757
346,757
347,757
348,757
349,757
350,757
351,757
352,757
353,757
354,757
355,757
356,757
357,757
358,757
359,757
360,757
361,757
362,757
363,757
364,757
365,757
366,757
367,757
368,757
369,757
370,757
371,757
372,757
373,757
374,757
375,757
376,757
377,757
378,757
379,757
380,757
381,757
382,757
383,757
384,757
385,757
386,757
387,757
388,757
389,757
390,757
391,757
392,757
393,757
394,757
395,757
396,757
397,757
398,757
399,757
404,757
405,757
406,757
407,757
408,757
409,757
410,757
411,757
412,757
413,757
414,757
415,757
416,757
417,757
418,757
419,757
420,757
421,757
422,757
423,757
424,757
425,757
426,757
427,757
428,757
429,757
430,757
431,757
432,757
433,757
434,757
639,757
640,757
641,757
642,757
643,757
884,757
885,757
886,757
887,757
888,757
889,757
890,757
1004,757
1005,757
1006,757
1007,757
1008,757
1009,757
261,758
262,758
263,758
264,758
265,758
266,758
267,758
268,758
269,758
270,758
271,758
274,758
275,758
276,758
277,758
278,758
279,758
280,758
281,758
327,758
328,758
329,758
330,758
331,758
332,758
333,758
334,758
335,758
336,758
337,758
338,758
339,758
340,758
341,758
342,758
343,758
344,758
345,758
346,758
347,758
348,758
349,758
350,758
351,758
352,758
353,758
354,758
355,758
356,758
357,758
358,758
359,758
360,758
361,758
362,758
363,758
364,758
365,758
366,758
367,758
368,758
369,758
371,758
372,758
373,758
374,758
375,758
376,758
377,758
378,758
379,758
380,758
381,758
382,758
383,758
384,758
385,758
386,758
387,758
388,758
389,758
390,758
391,758
392,758
393,758
395,758
396,758
397,758
398,758
399,758
404,758
405,758
406,758
407,758
408,758
409,758
410,758
411,758
412,758
413,758
414,758
415,758
416,758
417,758
418,758
419,758
422,758
423,758
424,758
425,758
426,758
427,758
428,758
429,758
430,758
431,758
432,758
433,758
434,758
435,758
638,758
639,758
640,758
641,758
642,758
643,758
885,758
886,758
887,758
888,758
889,758
890,758
891,758
892,758
960,758
961,758
1004,758
1005,758
1006,758
1007,758
1008,758
1009,758
259,759
261,759
262,759
263,759
264,759
265,759
266,759
267,759
268,759
269,759
270,759
276,759
277,759
278,759
279,759
280,759
281,759
325,759
326,759
327,759
328,759
329,759
330,759
331,759
332,759
333,759
334,759
335,759
336,759
337,759
338,759
339,759
340,759
341,759
342,759
343,759
344,759
345,759
346,759
347,759
348,759
349,759
350,759
351,759
352,759
353,759
354,759
355,759
356,759
357,759
358,759
359,759
360,759
361,759
362,759
363,759
364,759
365,759
366,759
367,759
391,759
404,759
417,759
422,759
425,759
426,759
427,759
429,759
430,759
431,759
432,759
433,759
434,759
435,759
436,759
437,759
636,759
637,759
638,759
639,759
640,759
641,759
642,759
886,759
887,759
888,759
889,759
890,759
891,759
892,759
893,759
959,759
960,759
961,759
1004,759
1005,759
1006,759
1007,759
1008,759
258,760
259,760
260,760
261,760
262,760
263,760
264,760
265,760
266,760
267,760
268,760
276,760
277,760
278,760
279,760
280,760
281,760
324,760
325,760
326,760
327,760
328,760
329,760
330,760
331,760
332,760
333,760
334,760
335,760
336,760
337,760
338,760
339,760
340,760
341,760
342,760
343,760
344,760
345,760
346,760
347,760
348,760
349,760
350,760
351,760
352,760
358,760
359,760
360,760
361,760
362,760
363,760
364,760
365,760
366,760
417,760
426,760
429,760
430,760
431,760
432,760
433,760
434,760
435,760
436,760
437,760
438,760
635,760
636,760
637,760
638,760
639,760
640,760
641,760
642,760
886,760
887,760
888,760
889,760
890,760
891,760
892,760
893,760
894,760
895,760
959,760
960,760
1004,760
1005,760
1006,760
258,761
259,761
260,761
261,761
262,761
263,761
264,761
265,761
266,761
267,761
276,761
277,761
278,761
279,761
280,761
281,761
323,761
324,761
325,761
326,761
327,761
328,761
329,761
330,761
331,761
332,761
333,761
334,761
335,761
352,761
430,761
431,761
432,761
433,761
434,761
435,761
436,761
437,761
438,761
439,761
440,761
441,761
634,761
635,761
636,761
637,761
638,761
639,761
640,761
888,761
889,761
890,761
891,761
892,761
893,761
894,761
895,761
896,761
956,761
957,761
1003,761
1004,761
257,762
258,762
259,762
260,762
261,762
262,762
263,762
264,762
265,762
266,762
276,762
277,762
278,762
279,762
280,762
281,762
322,762
323,762
324,762
325,762
326,762
327,762
328,762
329,762
330,762
331,762
332,762
430,762
431,762
432,762
433,762
434,762
435,762
436,762
437,762
438,762
439,762
440,762
441,762
633,762
634,762
635,762
636,762
637,762
638,762
639,762
889,762
890,762
891,762
892,762
893,762
894,762
895,762
896,762
897,762
898,762
956,762
957,762
1003,762
256,763
257,763
258,763
259,763
260,763
261,763
262,763
263,763
264,763
265,763
266,763
276,763
277,763
278,763
279,763
280,763
320,763
321,763
322,763
323,763
324,763
325,763
326,763
327,763
328,763
329,763
330,763
331,763
433,763
434,763
435,763
436,763
437,763
438,763
439,763
440,763
441,763
442,763
443,763
633,763
634,763
635,763
636,763
637,763
638,763
891,763
892,763
893,763
894,763
895,763
896,763
897,763
898,763
899,763
1003,763
1004,763
255,764
256,764
257,764
258,764
259,764
260,764
261,764
262,764
263,764
264,764
265,764
276,764
277,764
278,764
279,764
280,764
319,764
320,764
321,764
322,764
323,764
324,764
325,764
326,764
327,764
328,764
329,764
330,764
433,764
434,764
435,764
436,764
437,764
438,764
439,764
440,764
441,764
442,764
443,764
632,764
633,764
634,764
635,764
636,764
637,764
894,764
895,764
896,764
897,764
898,764
899,764
900,764
1003,764
1004,764
253,765
254,765
255,765
256,765
257,765
258,765
259,765
260,765
261,765
262,765
263,765
264,765
265,765
276,765
277,765
278,765
279,765
280,765
319,765
320,765
321,765
322,765
323,765
324,765
325,765
326,765
327,765
435,765
436,765
437,765
438,765
439,765
440,765
441,765
442,765
443,765
444,765
445,765
446,765
629,765
630,765
631,765
632,765
633,765
634,765
635,765
636,765
895,765
896,765
897,765
898,765
899,765
900,765
901,765
944,765
1003,765
1004,765
253,766
254,766
255,766
256,766
258,766
259,766
260,766
261,766
262,766
263,766
264,766
265,766
276,766
277,766
278,766
279,766
318,766
319,766
320,766
321,766
322,766
323,766
324,766
325,766
436,766
437,766
438,766
439,766
440,766
441,766
442,766
443,766
444,766
445,766
446,766
447,766
629,766
630,766
631,766
632,766
633,766
634,766
635,766
896,766
897,766
898,766
899,766
900,766
901,766
902,766
903,766
1003,766
1004,766
253,767
254,767
255,767
257,767
258,767
259,767
260,767
261,767
262,767
263,767
264,767
265,767
275,767
276,767
277,767
278,767
279,767
317,767
318,767
319,767
320,767
321,767
322,767
323,767
439,767
440,767
441,767
442,767
443,767
444,767
445,767
446,767
447,767
448,767
628,767
629,767
630,767
631,767
632,767
633,767
634,767
897,767
898,767
899,767
900,767
901,767
902,767
903,767
904,767
1003,767
1004,767
251,768
257,768
258,768
259,768
260,768
261,768
262,768
263,768
264,768
275,768
276,768
277,768
278,768
279,768
316,768
317,768
318,768
319,768
320,768
321,768
322,768
441,768
442,768
443,768
444,768
445,768
446,768
447,768
448,768
449,768
576,768
627,768
628,768
629,768
630,768
631,768
632,768
633,768
898,768
899,768
900,768
901,768
902,768
903,768
904,768
905,768
906,768
1003,768
1004,768
250,769
251,769
260,769
261,769
262,769
263,769
264,769
275,769
276,769
277,769
278,769
279,769
316,769
317,769
318,769
319,769
320,769
321,769
322,769
442,769
443,769
444,769
445,769
446,769
447,769
448,769
449,769
450,769
451,769
453,769
576,769
626,769
627,769
628,769
629,769
630,769
631,769
632,769
633,769
901,769
902,769
903,769
904,769
905,769
906,769
907,769
908,769
945,769
999,769
1000,769
1001,769
1003,769
249,770
250,770
251,770
260,770
261,770
262,770
263,770
275,770
276,770
277,770
278,770
279,770
315,770
316,770
317,770
318,770
319,770
320,770
321,770
442,770
443,770
444,770
445,770
446,770
447,770
448,770
449,770
450,770
451,770
452,770
453,770
454,770
576,770
625,770
626,770
627,770
628,770
629,770
630,770
631,770
632,770
902,770
903,770
904,770
905,770
906,770
907,770
908,770
909,770
910,770
945,770
999,770
1000,770
1001,770
248,771
249,771
250,771
251,771
260,771
261,771
262,771
263,771
275,771
276,771
277,771
278,771
279,771
314,771
315,771
316,771
317,771
318,771
319,771
320,771
321,771
444,771
445,771
446,771
447,771
448,771
449,771
450,771
451,771
452,771
453,771
454,771
623,771
624,771
625,771
626,771
627,771
628,771
629,771
630,771
903,771
904,771
905,771
906,771
907,771
908,771
909,771
910,771
911,771
912,771
943,771
950,771
951,771
952,771
998,771
999,771
1000,771
1001,771
248,772
249,772
250,772
251,772
259,772
260,772
261,772
262,772
263,772
275,772
276,772
277,772
278,772
279,772
313,772
314,772
315,772
316,772
317,772
318,772
319,772
444,772
445,772
446,772
447,772
448,772
449,772
450,772
451,772
452,772
453,772
454,772
622,772
623,772
624,772
625,772
626,772
627,772
628,772
904,772
905,772
906,772
907,772
908,772
909,772
910,772
911,772
912,772
913,772
943,772
950,772
951,772
952,772
953,772
997,772
998,772
999,772
1000,772
1001,772
247,773
248,773
249,773
250,773
251,773
259,773
260,773
261,773
262,773
263,773
275,773
276,773
277,773
278,773
279,773
313,773
314,773
315,773
316,773
317,773
318,773
445,773
446,773
447,773
448,773
449,773
450,773
451,773
452,773
453,773
454,773
621,773
622,773
623,773
624,773
625,773
626,773
627,773
905,773
906,773
907,773
908,773
909,773
910,773
911,773
912,773
913,773
914,773
949,773
950,773
951,773
952,773
996,773
997,773
998,773
999,773
1000,773
1001,773
247,774
248,774
249,774
250,774
260,774
261,774
262,774
263,774
275,774
276,774
277,774
278,774
279,774
311,774
312,774
313,774
314,774
315,774
316,774
317,774
318,774
447,774
449,774
450,774
451,774
452,774
453,774
454,774
455,774
620,774
621,774
622,774
623,774
624,774
625,774
626,774
908,774
909,774
910,774
911,774
912,774
913,774
914,774
915,774
948,774
949,774
950,774
996,774
997,774
998,774
999,774
1000,774
1001,774
247,775
248,775
249,775
261,775
262,775
275,775
276,775
277,775
278,775
279,775
310,775
311,775
312,775
313,775
314,775
315,775
316,775
317,775
452,775
453,775
454,775
455,775
619,775
620,775
621,775
622,775
623,775
624,775
625,775
626,775
910,775
911,775
912,775
913,775
914,775
915,775
916,775
949,775
995,775
996,775
997,775
998,775
999,775
1000,775
1001,775
247,776
248,776
260,776
261,776
270,776
275,776
276,776
277,776
278,776
279,776
309,776
310,776
311,776
312,776
313,776
314,776
315,776
316,776
453,776
454,776
455,776
456,776
457,776
458,776
617,776
618,776
619,776
620,776
621,776
622,776
623,776
624,776
911,776
912,776
913,776
914,776
915,776
916,776
917,776
918,776
994,776
995,776
996,776
997,776
998,776
999,776
1000,776
1001,776
246,777
247,777
261,777
275,777
276,777
277,777
278,777
279,777
309,777
310,777
311,777
312,777
313,777
314,777
315,777
327,777
328,777
329,777
330,777
331,777
332,777
333,777
334,777
454,777
455,777
456,777
457,777
458,777
616,777
617,777
618,777
619,777
620,777
621,777
622,777
623,777
912,777
913,777
914,777
915,777
916,777
917,777
918,777
919,777
920,777
993,777
994,777
995,777
996,777
997,777
998,777
999,777
1000,777
245,778
246,778
247,778
261,778
275,778
276,778
277,778
278,778
279,778
308,778
309,778
310,778
311,778
312,778
313,778
314,778
315,778
325,778
326,778
327,778
328,778
329,778
330,778
331,778
332,778
333,778
334,778
335,778
456,778
457,778
458,778
459,778
475,778
476,778
477,778
615,778
616,778
617,778
618,778
619,778
620,778
621,778
622,778
623,778
913,778
914,778
915,778
916,778
917,778
918,778
919,778
920,778
921,778
993,778
994,778
995,778
996,778
997,778
998,778
999,778
245,779
246,779
261,779
268,779
269,779
275,779
276,779
277,779
278,779
279,779
308,779
309,779
310,779
311,779
312,779
313,779
314,779
324,779
325,779
326,779
327,779
328,779
329,779
330,779
331,779
332,779
333,779
334,779
335,779
336,779
337,779
338,779
339,779
456,779
457,779
458,779
459,779
460,779
475,779
476,779
477,779
478,779
614,779
615,779
616,779
617,779
618,779
619,779
620,779
915,779
916,779
917,779
918,779
919,779
920,779
921,779
922,779
923,779
991,779
992,779
993,779
994,779
995,779
996,779
997,779
244,780
245,780
260,780
261,780
268,780
269,780
275,780
276,780
277,780
278,780
279,780
307,780
308,780
309,780
310,780
311,780
312,780
313,780
323,780
324,780
325,780
326,780
327,780
328,780
329,780
330,780
331,780
332,780
333,780
334,780
335,780
336,780
337,780
338,780
339,780
423,780
444,780
454,780
457,780
458,780
459,780
460,780
461,780
462,780
478,780
613,780
614,780
615,780
616,780
617,780
618,780
619,780
620,780
917,780
918,780
919,780
920,780
921,780
922,780
923,780
924,780
991,780
992,780
993,780
994,780
995,780
996,780
997,780
244,781
245,781
259,781
260,781
261,781
269,781
275,781
276,781
277,781
278,781
279,781
307,781
308,781
309,781
310,781
311,781
312,781
322,781
323,781
324,781
325,781
326,781
327,781
328,781
329,781
330,781
331,781
332,781
333,781
334,781
335,781
336,781
337,781
338,781
339,781
444,781
457,781
458,781
460,781
461,781
462,781
463,781
464,781
478,781
611,781
612,781
613,781
614,781
615,781
616,781
617,781
618,781
918,781
919,781
920,781
921,781
922,781
923,781
924,781
925,781
926,781
927,781
990,781
991,781
992,781
993,781
994,781
995,781
996,781
243,782
244,782
245,782
259,782
260,782
261,782
275,782
276,782
277,782
278,782
279,782
307,782
308,782
309,782
310,782
311,782
322,782
323,782
324,782
325,782
326,782
327,782
328,782
329,782
330,782
331,782
332,782
333,782
334,782
335,782
336,782
337,782
338,782
339,782
340,782
457,782
458,782
460,782
461,782
462,782
463,782
464,782
610,782
611,782
612,782
613,782
614,782
615,782
616,782
920,782
921,782
922,782
923,782
924,782
925,782
926,782
927,782
928,782
929,782
938,782
989,782
990,782
991,782
992,782
993,782
994,782
995,782
242,783
243,783
244,783
245,783
259,783
260,783
261,783
275,783
276,783
277,783
278,783
279,783
307,783
308,783
309,783
310,783
311,783
320,783
321,783
322,783
323,783
324,783
325,783
326,783
327,783
328,783
329,783
330,783
331,783
332,783
333,783
334,783
335,783
336,783
337,783
338,783
339,783
340,783
341,783
342,783
343,783
457,783
458,783
460,783
461,783
462,783
463,783
573,783
608,783
609,783
610,783
611,783
612,783
613,783
614,783
615,783
920,783
921,783
922,783
923,783
924,783
925,783
926,783
927,783
928,783
929,783
930,783
935,783
989,783
990,783
991,783
992,783
993,783
994,783
242,784
243,784
244,784
245,784
257,784
258,784
259,784
260,784
275,784
276,784
277,784
278,784
279,784
307,784
308,784
309,784
310,784
319,784
320,784
321,784
322,784
323,784
324,784
325,784
326,784
327,784
330,784
331,784
332,784
333,784
334,784
335,784
336,784
337,784
338,784
339,784
340,784
341,784
342,784
343,784
344,784
459,784
461,784
462,784
463,784
464,784
466,784
467,784
573,784
607,784
608,784
609,784
610,784
611,784
612,784
613,784
923,784
924,784
925,784
926,784
927,784
928,784
929,784
930,784
931,784
935,784
936,784
937,784
988,784
989,784
990,784
991,784
992,784
993,784
241,785
242,785
243,785
244,785
256,785
257,785
258,785
259,785
275,785
276,785
277,785
278,785
279,785
307,785
308,785
309,785
310,785
318,785
319,785
320,785
321,785
322,785
323,785
324,785
325,785
338,785
339,785
340,785
341,785
342,785
343,785
344,785
345,785
346,785
403,785
459,785
461,785
462,785
463,785
464,785
465,785
466,785
467,785
468,785
469,785
573,785
605,785
606,785
607,785
608,785
609,785
610,785
611,785
612,785
924,785
925,785
926,785
927,785
928,785
929,785
930,785
931,785
932,785
935,785
936,785
937,785
987,785
988,785
989,785
990,785
991,785
992,785
241,786
242,786
243,786
256,786
257,786
258,786
259,786
275,786
276,786
277,786
278,786
279,786
307,786
308,786
309,786
310,786
318,786
319,786
320,786
321,786
322,786
323,786
324,786
339,786
340,786
341,786
342,786
343,786
344,786
345,786
346,786
347,786
348,786
403,786
452,786
459,786
460,786
461,786
462,786
463,786
464,786
465,786
466,786
467,786
468,786
469,786
604,786
605,786
606,786
607,786
608,786
609,786
610,786
611,786
926,786
927,786
928,786
929,786
930,786
931,786
932,786
934,786
935,786
936,786
937,786
938,786
939,786
944,786
945,786
946,786
985,786
986,786
987,786
988,786
989,786
990,786
991,786
240,787
241,787
242,787
256,787
257,787
258,787
275,787
276,787
277,787
278,787
279,787
306,787
307,787
308,787
309,787
310,787
318,787
319,787
320,787
321,787
322,787
323,787
340,787
341,787
342,787
343,787
344,787
345,787
346,787
347,787
348,787
349,787
403,787
452,787
460,787
461,787
462,787
463,787
464,787
465,787
466,787
467,787
468,787
469,787
470,787
603,787
604,787
605,787
606,787
607,787
608,787
609,787
928,787
929,787
930,787
931,787
932,787
934,787
935,787
936,787
937,787
938,787
939,787
940,787
942,787
943,787
944,787
945,787
946,787
947,787
984,787
985,787
986,787
987,787
988,787
989,787
990,787
991,787
240,788
241,788
256,788
257,788
275,788
276,788
277,788
278,788
279,788
305,788
306,788
307,788
308,788
309,788
310,788
318,788
319,788
320,788
321,788
322,788
341,788
342,788
343,788
344,788
345,788
346,788
347,788
348,788
349,788
350,788
403,788
461,788
463,788
464,788
465,788
466,788
467,788
468,788
469,788
470,788
471,788
570,788
602,788
603,788
604,788
605,788
606,788
607,788
608,788
930,788
931,788
933,788
934,788
936,788
937,788
938,788
939,788
942,788
943,788
944,788
945,788
946,788
947,788
948,788
983,788
984,788
985,788
986,788
987,788
988,788
989,788
990,788
240,789
241,789
257,789
275,789
276,789
277,789
278,789
279,789
304,789
305,789
306,789
307,789
308,789
309,789
310,789
318,789
319,789
320,789
321,789
322,789
342,789
343,789
344,789
345,789
346,789
347,789
348,789
349,789
350,789
351,789
463,789
464,789
465,789
466,789
467,789
468,789
469,789
470,789
471,789
472,789
570,789
600,789
601,789
602,789
603,789
604,789
605,789
606,789
931,789
932,789
933,789
936,789
937,789
938,789
941,789
942,789
943,789
944,789
945,789
946,789
947,789
948,789
949,789
950,789
951,789
952,789
982,789
983,789
984,789
985,789
986,789
987,789
988,789
989,789
239,790
240,790
241,790
257,790
275,790
276,790
277,790
278,790
279,790
304,790
305,790
306,790
307,790
308,790
309,790
317,790
318,790
319,790
320,790
321,790
322,790
344,790
345,790
346,790
347,790
348,790
349,790
350,790
351,790
352,790
464,790
465,790
466,790
467,790
468,790
469,790
470,790
471,790
472,790
599,790
600,790
601,790
602,790
603,790
604,790
930,790
931,790
932,790
936,790
937,790
938,790
940,790
941,790
942,790
943,790
944,790
945,790
946,790
947,790
948,790
949,790
950,790
951,790
952,790
953,790
981,790
982,790
983,790
984,790
985,790
986,790
987,790
988,790
239,791
240,791
241,791
256,791
257,791
275,791
276,791
277,791
278,791
279,791
304,791
305,791
306,791
307,791
308,791
309,791
317,791
318,791
319,791
320,791
321,791
322,791
345,791
346,791
347,791
348,791
349,791
350,791
351,791
352,791
465,791
466,791
467,791
468,791
469,791
470,791
471,791
472,791
473,791
597,791
598,791
599,791
600,791
601,791
602,791
603,791
929,791
930,791
931,791
936,791
938,791
939,791
940,791
941,791
942,791
943,791
944,791
945,791
946,791
947,791
948,791
949,791
950,791
951,791
952,791
953,791
954,791
955,791
956,791
957,791
958,791
959,791
960,791
980,791
981,791
982,791
983,791
984,791
985,791
986,791
987,791
239,792
240,792
241,792
254,792
255,792
256,792
257,792
258,792
275,792
276,792
277,792
278,792
279,792
303,792
304,792
305,792
306,792
307,792
308,792
317,792
318,792
319,792
320,792
321,792
346,792
347,792
348,792
349,792
350,792
351,792
352,792
466,792
467,792
468,792
469,792
470,792
471,792
472,792
473,792
474,792
475,792
596,792
597,792
598,792
599,792
600,792
601,792
602,792
929,792
930,792
931,792
940,792
942,792
945,792
946,792
947,792
948,792
949,792
950,792
951,792
952,792
953,792
954,792
955,792
956,792
957,792
958,792
959,792
960,792
961,792
962,792
963,792
964,792
965,792
966,792
967,792
968,792
969,792
975,792
976,792
977,792
978,792
979,792
980,792
981,792
982,792
983,792
984,792
985,792
239,793
240,793
241,793
254,793
255,793
256,793
257,793
258,793
275,793
276,793
277,793
278,793
279,793
303,793
304,793
305,793
306,793
307,793
317,793
318,793
319,793
320,793
321,793
347,793
348,793
349,793
350,793
351,793
352,793
353,793
467,793
468,793
469,793
470,793
471,793
472,793
473,793
474,793
475,793
476,793
593,793
594,793
595,793
596,793
597,793
598,793
599,793
600,793
930,793
946,793
947,793
948,793
949,793
950,793
951,793
952,793
953,793
954,793
955,793
956,793
957,793
958,793
959,793
960,793
961,793
962,793
963,793
964,793
965,793
966,793
967,793
968,793
969,793
970,793
971,793
972,793
973,793
974,793
975,793
976,793
977,793
978,793
979,793
980,793
981,793
982,793
983,793
984,793
239,794
240,794
241,794
254,794
255,794
256,794
257,794
258,794
267,794
268,794
275,794
276,794
277,794
278,794
279,794
302,794
303,794
304,794
305,794
306,794
317,794
318,794
319,794
320,794
321,794
347,794
348,794
349,794
350,794
351,794
352,794
353,794
469,794
470,794
471,794
472,794
473,794
474,794
475,794
476,794
591,794
592,794
593,794
594,794
595,794
596,794
597,794
598,794
599,794
939,794
949,794
950,794
951,794
952,794
953,794
954,794
955,794
956,794
957,794
958,794
959,794
960,794
961,794
962,794
963,794
964,794
965,794
966,794
967,794
968,794
969,794
970,794
971,794
972,794
973,794
974,794
975,794
976,794
977,794
978,794
979,794
980,794
981,794
982,794
983,794
239,795
240,795
241,795
254,795
255,795
256,795
257,795
258,795
267,795
268,795
275,795
276,795
277,795
278,795
279,795
302,795
303,795
304,795
305,795
306,795
317,795
318,795
319,795
320,795
321,795
347,795
350,795
351,795
352,795
353,795
354,795
355,795
470,795
471,795
472,795
473,795
474,795
475,795
476,795
524,795
540,795
589,795
590,795
591,795
592,795
593,795
594,795
595,795
596,795
597,795
938,795
939,795
953,795
954,795
955,795
956,795
957,795
958,795
959,795
960,795
961,795
962,795
963,795
964,795
965,795
966,795
967,795
968,795
969,795
970,795
971,795
972,795
973,795
974,795
975,795
976,795
977,795
978,795
979,795
980,795
981,795
982,795
239,796
240,796
241,796
254,796
255,796
256,796
257,796
268,796
275,796
276,796
277,796
278,796
279,796
301,796
302,796
303,796
304,796
305,796
306,796
317,796
318,796
319,796
320,796
321,796
347,796
350,796
351,796
352,796
353,796
354,796
355,796
356,796
357,796
470,796
471,796
472,796
473,796
474,796
475,796
476,796
477,796
500,796
524,796
540,796
541,796
588,796
589,796
590,796
591,796
592,796
593,796
594,796
595,796
596,796
937,796
938,796
959,796
960,796
961,796
962,796
963,796
964,796
965,796
966,796
967,796
968,796
969,796
970,796
971,796
972,796
973,796
974,796
975,796
976,796
977,796
978,796
979,796
980,796
239,797
240,797
241,797
254,797
255,797
256,797
257,797
275,797
276,797
277,797
278,797
279,797
301,797
302,797
303,797
304,797
305,797
317,797
318,797
319,797
320,797
321,797
350,797
351,797
352,797
353,797
354,797
355,797
356,797
357,797
449,797
450,797
471,797
472,797
473,797
474,797
475,797
476,797
477,797
500,797
501,797
540,797
541,797
587,797
588,797
589,797
590,797
591,797
592,797
593,797
594,797
595,797
935,797
936,797
937,797
967,797
968,797
969,797
970,797
971,797
972,797
973,797
974,797
975,797
976,797
239,798
240,798
241,798
254,798
255,798
256,798
257,798
275,798
276,798
277,798
278,798
279,798
301,798
302,798
303,798
304,798
305,798
317,798
318,798
319,798
320,798
352,798
353,798
354,798
355,798
356,798
357,798
448,798
449,798
450,798
471,798
472,798
473,798
474,798
475,798
476,798
477,798
478,798
479,798
481,798
541,798
585,798
586,798
587,798
588,798
589,798
590,798
591,798
592,798
935,798
936,798
969,798
970,798
971,798
972,798
973,798
240,799
241,799
253,799
254,799
255,799
256,799
257,799
275,799
276,799
277,799
278,799
301,799
302,799
303,799
304,799
305,799
317,799
318,799
319,799
320,799
352,799
353,799
354,799
355,799
356,799
357,799
449,799
450,799
472,799
473,799
474,799
475,799
476,799
477,799
478,799
479,799
480,799
481,799
528,799
585,799
586,799
587,799
588,799
589,799
590,799
591,799
926,799
927,799
934,799
935,799
936,799
970,799
971,799
972,799
240,800
252,800
253,800
254,800
255,800
256,800
257,800
275,800
276,800
277,800
278,800
301,800
302,800
303,800
304,800
354,800
355,800
356,800
357,800
358,800
449,800
450,800
475,800
476,800
477,800
478,800
479,800
480,800
481,800
528,800
577,800
578,800
579,800
580,800
584,800
585,800
586,800
587,800
588,800
589,800
590,800
925,800
926,800
935,800
936,800
251,801
252,801
253,801
254,801
255,801
256,801
275,801
276,801
277,801
278,801
301,801
302,801
303,801
304,801
358,801
359,801
360,801
361,801
362,801
449,801
450,801
476,801
477,801
478,801
479,801
480,801
481,801
482,801
487,801
577,801
578,801
579,801
580,801
581,801
582,801
583,801
584,801
585,801
586,801
587,801
588,801
925,801
1001,801
1004,801
251,802
252,802
253,802
254,802
255,802
256,802
257,802
267,802
268,802
275,802
276,802
277,802
278,802
301,802
302,802
303,802
304,802
358,802
359,802
360,802
361,802
362,802
363,802
449,802
450,802
477,802
478,802
479,802
480,802
481,802
482,802
487,802
575,802
576,802
577,802
578,802
579,802
580,802
581,802
582,802
583,802
584,802
585,802
586,802
1001,802
1004,802
251,803
252,803
253,803
254,803
255,803
256,803
257,803
267,803
268,803
275,803
276,803
277,803
278,803
301,803
302,803
303,803
304,803
359,803
360,803
361,803
362,803
363,803
449,803
450,803
478,803
479,803
480,803
481,803
482,803
572,803
574,803
575,803
576,803
577,803
578,803
579,803
580,803
581,803
582,803
583,803
584,803
585,803
586,803
1004,803
251,804
252,804
253,804
254,804
255,804
256,804
266,804
267,804
268,804
276,804
277,804
278,804
301,804
302,804
303,804
304,804
360,804
361,804
362,804
363,804
364,804
365,804
449,804
450,804
479,804
480,804
481,804
482,804
483,804
571,804
572,804
573,804
574,804
575,804
576,804
577,804
578,804
579,804
580,804
581,804
582,804
1004,804
251,805
252,805
253,805
254,805
255,805
266,805
267,805
276,805
277,805
278,805
301,805
302,805
303,805
304,805
310,805
317,805
318,805
362,805
363,805
364,805
365,805
366,805
449,805
450,805
480,805
481,805
482,805
483,805
484,805
569,805
570,805
571,805
572,805
573,805
574,805
575,805
576,805
577,805
578,805
579,805
580,805
581,805
1004,805
251,806
252,806
253,806
254,806
255,806
266,806
267,806
276,806
277,806
278,806
279,806
301,806
302,806
303,806
304,806
305,806
317,806
318,806
362,806
363,806
364,806
365,806
366,806
367,806
368,806
449,806
450,806
480,806
481,806
482,806
483,806
484,806
485,806
486,806
487,806
567,806
568,806
569,806
570,806
571,806
572,806
573,806
574,806
575,806
576,806
577,806
578,806
579,806
580,806
1004,806
251,807
252,807
253,807
254,807
255,807
256,807
267,807
275,807
276,807
277,807
278,807
279,807
301,807
302,807
303,807
304,807
305,807
306,807
317,807
318,807
363,807
364,807
365,807
366,807
367,807
368,807
369,807
449,807
450,807
451,807
481,807
482,807
483,807
484,807
485,807
486,807
487,807
566,807
567,807
568,807
569,807
570,807
571,807
572,807
573,807
574,807
575,807
576,807
577,807
578,807
1004,807
251,808
252,808
253,808
254,808
255,808
275,808
276,808
277,808
278,808
279,808
302,808
303,808
304,808
305,808
306,808
316,808
317,808
318,808
364,808
365,808
366,808
367,808
368,808
369,808
449,808
450,808
482,808
483,808
484,808
485,808
486,808
487,808
488,808
565,808
566,808
567,808
568,808
569,808
570,808
571,808
572,808
573,808
574,808
575,808
576,808
1004,808
250,809
251,809
252,809
253,809
254,809
255,809
265,809
275,809
276,809
277,809
278,809
279,809
302,809
303,809
304,809
305,809
306,809
316,809
317,809
318,809
364,809
365,809
366,809
367,809
368,809
369,809
370,809
371,809
372,809
483,809
484,809
485,809
486,809
487,809
488,809
522,809
561,809
562,809
563,809
565,809
566,809
567,809
568,809
569,809
570,809
571,809
572,809
573,809
928,809
1004,809
250,810
251,810
252,810
253,810
254,810
255,810
256,810
265,810
275,810
276,810
277,810
278,810
279,810
302,810
303,810
304,810
305,810
315,810
316,810
317,810
370,810
371,810
372,810
373,810
374,810
484,810
485,810
486,810
487,810
488,810
489,810
522,810
523,810
551,810
552,810
553,810
554,810
560,810
561,810
562,810
563,810
565,810
566,810
567,810
568,810
569,810
917,810
927,810
928,810
1004,810
249,811
250,811
251,811
252,811
253,811
254,811
255,811
256,811
275,811
276,811
277,811
278,811
279,811
302,811
303,811
304,811
305,811
315,811
316,811
317,811
370,811
371,811
372,811
373,811
374,811
375,811
484,811
485,811
486,811
487,811
488,811
489,811
490,811
522,811
523,811
551,811
552,811
553,811
554,811
555,811
556,811
559,811
560,811
561,811
562,811
563,811
565,811
566,811
567,811
568,811
916,811
917,811
926,811
927,811
928,811
1004,811
249,812
250,812
251,812
252,812
253,812
254,812
255,812
256,812
275,812
276,812
277,812
278,812
279,812
301,812
302,812
303,812
304,812
315,812
316,812
317,812
371,812
372,812
373,812
374,812
375,812
376,812
485,812
486,812
487,812
488,812
489,812
490,812
491,812
492,812
551,812
552,812
553,812
554,812
555,812
556,812
557,812
559,812
560,812
561,812
562,812
565,812
566,812
916,812
917,812
926,812
927,812
1004,812
249,813
250,813
251,813
252,813
253,813
254,813
255,813
275,813
276,813
277,813
278,813
279,813
301,813
302,813
303,813
304,813
315,813
316,813
317,813
371,813
372,813
373,813
374,813
375,813
376,813
377,813
378,813
486,813
487,813
488,813
489,813
490,813
491,813
492,813
493,813
548,813
549,813
550,813
551,813
552,813
553,813
554,813
555,813
556,813
557,813
559,813
560,813
561,813
562,813
565,813
917,813
925,813
926,813
927,813
1004,813
248,814
249,814
250,814
251,814
252,814
253,814
254,814
275,814
276,814
277,814
278,814
279,814
301,814
302,814
303,814
304,814
315,814
316,814
317,814
371,814
372,814
373,814
374,814
375,814
376,814
377,814
378,814
379,814
486,814
487,814
488,814
489,814
490,814
491,814
492,814
493,814
547,814
548,814
549,814
550,814
551,814
552,814
553,814
554,814
555,814
556,814
557,814
560,814
561,814
925,814
926,814
927,814
1004,814
248,815
249,815
250,815
251,815
252,815
253,815
254,815
267,815
275,815
276,815
277,815
278,815
279,815
301,815
302,815
303,815
315,815
316,815
317,815
371,815
372,815
373,815
374,815
375,815
376,815
377,815
378,815
379,815
380,815
487,815
488,815
489,815
490,815
491,815
492,815
493,815
494,815
544,815
545,815
546,815
547,815
548,815
549,815
550,815
551,815
552,815
553,815
554,815
555,815
556,815
557,815
560,815
924,815
925,815
926,815
1004,815
248,816
249,816
250,816
251,816
252,816
253,816
254,816
267,816
268,816
275,816
276,816
277,816
278,816
279,816
300,816
301,816
302,816
303,816
315,816
316,816
317,816
374,816
375,816
376,816
377,816
378,816
379,816
380,816
381,816
489,816
490,816
491,816
492,816
493,816
494,816
495,816
496,816
542,816
543,816
544,816
545,816
546,816
547,816
548,816
549,816
550,816
551,816
552,816
553,816
554,816
555,816
556,816
560,816
924,816
925,816
1004,816
247,817
248,817
249,817
250,817
267,817
268,817
275,817
276,817
277,817
278,817
279,817
300,817
301,817
302,817
315,817
316,817
317,817
376,817
377,817
378,817
379,817
380,817
381,817
382,817
383,817
489,817
490,817
491,817
492,817
493,817
494,817
495,817
496,817
497,817
540,817
541,817
542,817
543,817
544,817
545,817
546,817
547,817
548,817
549,817
550,817
551,817
552,817
553,817
554,817
555,817
556,817
923,817
1004,817
247,818
248,818
249,818
250,818
254,818
267,818
268,818
275,818
276,818
277,818
278,818
279,818
301,818
315,818
316,818
317,818
377,818
378,818
379,818
380,818
381,818
382,818
383,818
384,818
385,818
386,818
491,818
492,818
493,818
494,818
495,818
496,818
497,818
498,818
537,818
538,818
539,818
540,818
541,818
542,818
543,818
544,818
545,818
546,818
547,818
548,818
549,818
550,818
551,818
552,818
1004,818
246,819
247,819
248,819
249,819
250,819
253,819
254,819
255,819
275,819
276,819
277,819
278,819
279,819
315,819
316,819
317,819
378,819
379,819
380,819
381,819
382,819
383,819
384,819
385,819
386,819
387,819
491,819
492,819
493,819
494,819
495,819
496,819
497,819
498,819
499,819
536,819
537,819
538,819
539,819
540,819
541,819
542,819
543,819
544,819
545,819
546,819
547,819
1004,819
246,820
247,820
248,820
249,820
250,820
253,820
254,820
255,820
275,820
276,820
277,820
278,820
279,820
315,820
316,820
317,820
379,820
380,820
381,820
382,820
383,820
384,820
385,820
386,820
387,820
388,820
493,820
494,820
495,820
496,820
497,820
498,820
499,820
500,820
533,820
534,820
535,820
536,820
537,820
538,820
539,820
540,820
541,820
542,820
543,820
544,820
545,820
546,820
1004,820
246,821
247,821
248,821
249,821
252,821
253,821
254,821
275,821
276,821
277,821
278,821
279,821
300,821
301,821
302,821
315,821
316,821
317,821
380,821
381,821
382,821
383,821
384,821
385,821
386,821
387,821
388,821
389,821
493,821
494,821
495,821
496,821
497,821
498,821
499,821
500,821
501,821
533,821
534,821
535,821
536,821
537,821
538,821
539,821
540,821
541,821
542,821
543,821
1004,821
246,822
247,822
248,822
249,822
252,822
253,822
275,822
276,822
277,822
278,822
300,822
301,822
302,822
315,822
316,822
317,822
380,822
381,822
382,822
383,822
384,822
385,822
386,822
387,822
388,822
389,822
390,822
391,822
494,822
495,822
496,822
497,822
498,822
499,822
500,822
501,822
502,822
531,822
533,822
534,822
535,822
536,822
537,822
538,822
539,822
540,822
1004,822
246,823
247,823
248,823
249,823
252,823
253,823
275,823
276,823
277,823
278,823
300,823
301,823
315,823
316,823
317,823
381,823
382,823
383,823
384,823
385,823
386,823
387,823
388,823
389,823
390,823
391,823
392,823
393,823
394,823
395,823
396,823
495,823
496,823
497,823
498,823
499,823
500,823
501,823
502,823
503,823
531,823
532,823
534,823
535,823
536,823
537,823
538,823
539,823
1004,823
240,824
241,824
245,824
246,824
247,824
248,824
249,824
252,824
253,824
275,824
276,824
277,824
278,824
300,824
301,824
315,824
316,824
317,824
386,824
387,824
388,824
389,824
390,824
391,824
392,824
393,824
394,824
395,824
396,824
397,824
457,824
495,824
496,824
497,824
498,824
499,824
500,824
501,824
502,824
503,824
504,824
531,824
532,824
533,824
534,824
535,824
536,824
537,824
538,824
539,824
1004,824
239,825
240,825
241,825
242,825
245,825
246,825
247,825
248,825
249,825
252,825
253,825
266,825
275,825
276,825
277,825
278,825
304,825
316,825
388,825
389,825
390,825
391,825
392,825
393,825
394,825
395,825
396,825
397,825
398,825
457,825
496,825
497,825
498,825
499,825
500,825
501,825
502,825
503,825
504,825
530,825
531,825
532,825
533,825
534,825
535,825
536,825
537,825
1004,825
239,826
240,826
241,826
242,826
244,826
245,826
246,826
247,826
248,826
252,826
253,826
266,826
275,826
276,826
277,826
278,826
302,826
303,826
304,826
305,826
389,826
390,826
391,826
392,826
393,826
394,826
395,826
396,826
397,826
398,826
399,826
400,826
401,826
457,826
498,826
499,826
500,826
501,826
502,826
503,826
504,826
505,826
526,826
527,826
528,826
529,826
530,826
531,826
532,826
533,826
534,826
535,826
916,826
1004,826
239,827
240,827
241,827
242,827
243,827
244,827
245,827
246,827
247,827
248,827
253,827
266,827
275,827
276,827
277,827
278,827
279,827
302,827
303,827
304,827
305,827
316,827
389,827
390,827
391,827
392,827
393,827
394,827
395,827
396,827
397,827
398,827
399,827
400,827
401,827
402,827
457,827
499,827
500,827
501,827
502,827
503,827
504,827
505,827
506,827
525,827
526,827
527,827
528,827
529,827
530,827
531,827
532,827
533,827
913,827
914,827
915,827
916,827
1004,827
239,828
240,828
241,828
242,828
243,828
244,828
245,828
246,828
247,828
266,828
275,828
276,828
277,828
278,828
279,828
302,828
303,828
304,828
305,828
315,828
316,828
393,828
394,828
395,828
396,828
397,828
398,828
399,828
400,828
401,828
402,828
403,828
500,828
501,828
502,828
503,828
504,828
505,828
506,828
524,828
525,828
526,828
527,828
528,828
531,828
909,828
910,828
911,828
913,828
914,828
915,828
916,828
1004,828
239,829
240,829
241,829
242,829
243,829
244,829
245,829
246,829
247,829
265,829
266,829
275,829
276,829
277,829
278,829
279,829
302,829
303,829
304,829
305,829
315,829
316,829
394,829
395,829
396,829
397,829
398,829
399,829
400,829
401,829
402,829
403,829
404,829
500,829
501,829
502,829
503,829
504,829
505,829
506,829
507,829
522,829
523,829
524,829
525,829
526,829
527,829
528,829
910,829
911,829
912,829
913,829
914,829
915,829
916,829
1004,829
239,830
240,830
241,830
242,830
243,830
244,830
245,830
246,830
264,830
265,830
266,830
275,830
276,830
277,830
278,830
279,830
302,830
303,830
304,830
305,830
315,830
316,830
396,830
397,830
398,830
399,830
400,830
401,830
402,830
403,830
404,830
405,830
406,830
407,830
408,830
502,830
503,830
504,830
505,830
506,830
507,830
516,830
517,830
521,830
522,830
523,830
524,830
525,830
526,830
527,830
528,830
910,830
911,830
912,830
913,830
914,830
915,830
916,830
1004,830
239,831
240,831
241,831
242,831
243,831
244,831
245,831
252,831
253,831
254,831
264,831
265,831
266,831
275,831
276,831
277,831
278,831
279,831
302,831
303,831
304,831
305,831
315,831
316,831
397,831
399,831
400,831
401,831
402,831
403,831
404,831
405,831
406,831
407,831
408,831
409,831
502,831
503,831
504,831
505,831
506,831
507,831
508,831
515,831
516,831
517,831
518,831
519,831
520,831
521,831
522,831
523,831
524,831
525,831
526,831
528,831
913,831
914,831
915,831
916,831
1004,831
239,832
240,832
241,832
242,832
243,832
244,832
245,832
252,832
253,832
254,832
264,832
265,832
266,832
275,832
276,832
277,832
278,832
279,832
302,832
303,832
304,832
305,832
315,832
316,832
400,832
401,832
402,832
403,832
404,832
405,832
406,832
407,832
408,832
409,832
410,832
503,832
504,832
505,832
506,832
507,832
508,832
509,832
514,832
515,832
516,832
517,832
518,832
519,832
520,832
521,832
522,832
523,832
524,832
525,832
526,832
528,832
543,832
913,832
914,832
915,832
916,832
1004,832
239,833
240,833
241,833
242,833
243,833
244,833
252,833
253,833
254,833
265,833
266,833
275,833
276,833
277,833
278,833
279,833
304,833
305,833
315,833
316,833
389,833
401,833
402,833
403,833
404,833
405,833
406,833
407,833
408,833
409,833
410,833
411,833
412,833
504,833
505,833
506,833
507,833
508,833
509,833
510,833
511,833
512,833
513,833
514,833
515,833
516,833
517,833
518,833
519,833
520,833
521,833
522,833
523,833
524,833
543,833
1004,833
239,834
240,834
241,834
242,834
243,834
244,834
253,834
254,834
265,834
266,834
275,834
276,834
277,834
278,834
279,834
304,834
305,834
315,834
316,834
389,834
406,834
407,834
408,834
409,834
410,834
411,834
412,834
413,834
414,834
415,834
416,834
417,834
504,834
505,834
506,834
507,834
508,834
509,834
510,834
511,834
512,834
513,834
514,834
515,834
516,834
517,834
518,834
1004,834
239,835
240,835
241,835
242,835
243,835
244,835
254,835
266,835
275,835
276,835
277,835
278,835
279,835
304,835
305,835
315,835
316,835
389,835
407,835
408,835
409,835
410,835
411,835
412,835
413,835
414,835
415,835
416,835
417,835
418,835
505,835
506,835
507,835
508,835
509,835
510,835
511,835
512,835
513,835
514,835
515,835
516,835
517,835
1004,835
239,836
240,836
241,836
242,836
243,836
244,836
254,836
263,836
266,836
275,836
276,836
277,836
278,836
304,836
305,836
315,836
316,836
408,836
409,836
410,836
411,836
412,836
413,836
414,836
415,836
416,836
417,836
418,836
419,836
420,836
505,836
506,836
507,836
508,836
509,836
510,836
511,836
512,836
513,836
514,836
515,836
516,836
517,836
1004,836
238,837
239,837
240,837
241,837
242,837
243,837
244,837
254,837
263,837
275,837
276,837
277,837
278,837
304,837
305,837
315,837
409,837
410,837
411,837
412,837
413,837
414,837
415,837
416,837
417,837
418,837
419,837
420,837
421,837
506,837
507,837
508,837
509,837
510,837
511,837
512,837
513,837
514,837
515,837
516,837
517,837
1004,837
238,838
239,838
240,838
241,838
242,838
243,838
244,838
254,838
262,838
263,838
275,838
276,838
277,838
278,838
304,838
305,838
315,838
390,838
391,838
410,838
411,838
412,838
413,838
414,838
415,838
416,838
417,838
418,838
419,838
420,838
421,838
505,838
506,838
507,838
508,838
509,838
510,838
511,838
512,838
513,838
514,838
515,838
1004,838
238,839
239,839
240,839
241,839
242,839
243,839
252,839
253,839
254,839
262,839
263,839
275,839
276,839
277,839
278,839
304,839
305,839
306,839
315,839
390,839
391,839
411,839
412,839
413,839
414,839
415,839
416,839
417,839
418,839
419,839
420,839
421,839
422,839
423,839
504,839
505,839
506,839
507,839
508,839
509,839
510,839
511,839
512,839
513,839
514,839
515,839
1004,839
238,840
239,840
240,840
241,840
242,840
243,840
252,840
253,840
254,840
276,840
277,840
278,840
304,840
305,840
306,840
314,840
390,840
391,840
416,840
417,840
418,840
419,840
420,840
421,840
422,840
423,840
424,840
425,840
451,840
503,840
504,840
505,840
506,840
507,840
508,840
509,840
510,840
511,840
512,840
513,840
514,840
515,840
1004,840
238,841
239,841
240,841
241,841
242,841
252,841
253,841
254,841
275,841
276,841
277,841
278,841
304,841
305,841
306,841
307,841
313,841
391,841
419,841
420,841
421,841
422,841
423,841
424,841
425,841
426,841
427,841
449,841
450,841
451,841
503,841
504,841
505,841
506,841
507,841
508,841
509,841
510,841
511,841
512,841
513,841
514,841
515,841
516,841
1004,841
238,842
239,842
240,842
241,842
242,842
275,842
276,842
277,842
278,842
305,842
306,842
310,842
311,842
312,842
313,842
394,842
421,842
422,842
423,842
424,842
425,842
426,842
427,842
428,842
429,842
450,842
451,842
501,842
502,842
503,842
504,842
505,842
506,842
507,842
508,842
509,842
510,842
511,842
512,842
513,842
514,842
515,842
516,842
1004,842
238,843
239,843
240,843
241,843
242,843
275,843
276,843
277,843
278,843
279,843
307,843
308,843
309,843
310,843
311,843
312,843
313,843
393,843
394,843
423,843
424,843
425,843
426,843
427,843
428,843
429,843
430,843
431,843
450,843
451,843
454,843
500,843
501,843
502,843
503,843
504,843
505,843
506,843
507,843
508,843
509,843
510,843
511,843
512,843
513,843
514,843
515,843
516,843
517,843
1004,843
17,844
18,844
238,844
239,844
240,844
241,844
242,844
275,844
276,844
277,844
278,844
279,844
307,844
308,844
309,844
310,844
311,844
312,844
313,844
393,844
394,844
395,844
424,844
425,844
426,844
427,844
428,844
429,844
430,844
431,844
432,844
433,844
434,844
437,844
438,844
439,844
451,844
452,844
500,844
501,844
502,844
503,844
504,844
505,844
506,844
507,844
508,844
509,844
510,844
511,844
512,844
513,844
514,844
515,844
516,844
517,844
518,844
1004,844
17,845
18,845
238,845
239,845
240,845
241,845
276,845
277,845
278,845
279,845
307,845
308,845
309,845
310,845
311,845
312,845
313,845
394,845
395,845
425,845
426,845
427,845
428,845
429,845
430,845
431,845
432,845
433,845
434,845
435,845
436,845
437,845
438,845
439,845
440,845
441,845
442,845
443,845
452,845
453,845
496,845
497,845
498,845
499,845
500,845
501,845
502,845
503,845
504,845
505,845
506,845
507,845
508,845
509,845
510,845
511,845
512,845
513,845
514,845
515,845
516,845
517,845
518,845
1004,845
17,846
18,846
238,846
239,846
240,846
241,846
276,846
277,846
278,846
279,846
280,846
307,846
308,846
309,846
310,846
311,846
312,846
313,846
395,846
426,846
427,846
428,846
429,846
430,846
431,846
432,846
433,846
434,846
435,846
436,846
437,846
438,846
439,846
440,846
441,846
442,846
443,846
444,846
445,846
450,846
452,846
453,846
454,846
455,846
496,846
497,846
498,846
499,846
500,846
501,846
502,846
503,846
504,846
505,846
506,846
507,846
508,846
509,846
510,846
511,846
512,846
513,846
514,846
515,846
516,846
517,846
518,846
1004,846
17,847
18,847
238,847
239,847
240,847
241,847
276,847
277,847
278,847
279,847
280,847
307,847
308,847
309,847
310,847
311,847
312,847
313,847
395,847
428,847
429,847
430,847
431,847
432,847
433,847
434,847
435,847
436,847
437,847
438,847
439,847
440,847
441,847
442,847
443,847
444,847
445,847
446,847
447,847
448,847
449,847
450,847
451,847
452,847
453,847
454,847
455,847
496,847
497,847
498,847
499,847
500,847
501,847
502,847
503,847
504,847
505,847
506,847
513,847
514,847
515,847
516,847
517,847
518,847
1004,847
17,848
18,848
238,848
239,848
240,848
241,848
260,848
261,848
276,848
277,848
278,848
279,848
280,848
307,848
308,848
309,848
310,848
311,848
312,848
313,848
432,848
433,848
434,848
436,848
437,848
438,848
439,848
440,848
441,848
442,848
443,848
444,848
445,848
446,848
447,848
448,848
449,848
450,848
451,848
452,848
453,848
454,848
455,848
456,848
495,848
496,848
497,848
498,848
499,848
500,848
501,848
502,848
503,848
504,848
505,848
513,848
514,848
515,848
516,848
517,848
1004,848
17,849
18,849
238,849
239,849
240,849
241,849
260,849
261,849
277,849
278,849
279,849
280,849
307,849
308,849
309,849
310,849
311,849
312,849
313,849
438,849
439,849
440,849
441,849
442,849
443,849
444,849
445,849
446,849
447,849
448,849
449,849
450,849
451,849
452,849
453,849
454,849
455,849
456,849
495,849
496,849
497,849
498,849
499,849
500,849
501,849
513,849
514,849
515,849
516,849
517,849
519,849
520,849
1004,849
17,850
18,850
238,850
239,850
240,850
241,850
242,850
277,850
278,850
279,850
280,850
307,850
308,850
309,850
310,850
311,850
312,850
313,850
402,850
403,850
439,850
440,850
441,850
442,850
443,850
444,850
445,850
446,850
447,850
448,850
449,850
450,850
451,850
452,850
453,850
454,850
455,850
456,850
457,850
458,850
494,850
495,850
496,850
497,850
498,850
499,850
513,850
514,850
515,850
516,850
517,850
518,850
519,850
520,850
1004,850
17,851
18,851
238,851
239,851
240,851
241,851
242,851
277,851
278,851
279,851
280,851
307,851
308,851
309,851
310,851
311,851
312,851
313,851
402,851
403,851
442,851
443,851
444,851
445,851
446,851
447,851
448,851
449,851
450,851
451,851
452,851
453,851
454,851
455,851
456,851
457,851
458,851
459,851
460,851
462,851
463,851
464,851
465,851
491,851
492,851
493,851
494,851
495,851
496,851
516,851
517,851
518,851
519,851
520,851
521,851
1004,851
238,852
239,852
240,852
241,852
242,852
277,852
278,852
279,852
280,852
307,852
308,852
309,852
310,852
311,852
312,852
313,852
403,852
443,852
444,852
445,852
446,852
447,852
448,852
449,852
450,852
451,852
452,852
453,852
454,852
455,852
456,852
457,852
458,852
459,852
460,852
462,852
463,852
464,852
465,852
466,852
487,852
490,852
491,852
492,852
493,852
494,852
495,852
496,852
517,852
518,852
519,852
520,852
521,852
522,852
1004,852
237,853
238,853
239,853
240,853
241,853
242,853
277,853
278,853
279,853
280,853
281,853
307,853
308,853
309,853
310,853
311,853
312,853
313,853
404,853
445,853
447,853
450,853
451,853
452,853
453,853
454,853
455,853
456,853
457,853
458,853
459,853
460,853
462,853
463,853
464,853
465,853
466,853
467,853
468,853
469,853
485,853
486,853
487,853
488,853
489,853
490,853
491,853
492,853
493,853
494,853
495,853
518,853
519,853
520,853
521,853
522,853
523,853
1004,853
237,854
238,854
239,854
240,854
241,854
242,854
260,854
277,854
278,854
279,854
280,854
281,854
307,854
308,854
309,854
310,854
311,854
312,854
313,854
404,854
405,854
453,854
454,854
455,854
458,854
459,854
463,854
464,854
465,854
466,854
467,854
468,854
469,854
470,854
486,854
487,854
488,854
489,854
490,854
491,854
492,854
493,854
518,854
519,854
520,854
521,854
522,854
523,854
1004,854
236,855
237,855
238,855
239,855
240,855
241,855
242,855
260,855
261,855
277,855
278,855
279,855
280,855
281,855
307,855
308,855
309,855
310,855
311,855
312,855
313,855
404,855
405,855
406,855
458,855
463,855
464,855
465,855
466,855
467,855
468,855
469,855
470,855
471,855
472,855
473,855
474,855
489,855
490,855
491,855
519,855
520,855
521,855
522,855
523,855
524,855
525,855
1004,855
236,856
237,856
238,856
239,856
240,856
241,856
242,856
260,856
261,856
278,856
279,856
280,856
281,856
307,856
308,856
309,856
310,856
311,856
312,856
313,856
404,856
405,856
406,856
463,856
464,856
465,856
466,856
467,856
468,856
469,856
470,856
471,856
472,856
473,856
474,856
475,856
480,856
481,856
489,856
490,856
520,856
521,856
522,856
523,856
524,856
525,856
1004,856
236,857
237,857
238,857
239,857
240,857
241,857
242,857
260,857
261,857
278,857
279,857
280,857
281,857
307,857
308,857
309,857
310,857
311,857
312,857
313,857
404,857
405,857
458,857
464,857
465,857
466,857
467,857
468,857
469,857
470,857
471,857
472,857
473,857
474,857
475,857
476,857
477,857
479,857
480,857
481,857
521,857
522,857
523,857
524,857
525,857
1004,857
236,858
237,858
238,858
239,858
240,858
241,858
242,858
278,858
279,858
280,858
281,858
307,858
308,858
309,858
310,858
311,858
312,858
313,858
330,858
404,858
407,858
408,858
465,858
466,858
467,858
468,858
469,858
470,858
471,858
472,858
473,858
474,858
475,858
476,858
477,858
478,858
479,858
480,858
481,858
482,858
522,858
523,858
524,858
525,858
526,858
1004,858
235,859
236,859
237,859
238,859
239,859
240,859
241,859
242,859
278,859
279,859
280,859
281,859
306,859
307,859
308,859
309,859
310,859
311,859
312,859
313,859
314,859
328,859
329,859
330,859
406,859
407,859
408,859
409,859
466,859
467,859
468,859
469,859
470,859
471,859
472,859
473,859
474,859
475,859
476,859
477,859
478,859
479,859
480,859
481,859
482,859
483,859
484,859
523,859
524,859
525,859
526,859
829,859
830,859
1004,859
235,860
236,860
237,860
238,860
239,860
240,860
241,860
278,860
279,860
280,860
281,860
282,860
307,860
308,860
309,860
310,860
311,860
312,860
313,860
314,860
327,860
328,860
329,860
330,860
407,860
408,860
409,860
469,860
470,860
471,860
472,860
473,860
474,860
475,860
476,860
477,860
478,860
479,860
480,860
481,860
482,860
483,860
484,860
485,860
486,860
523,860
524,860
525,860
526,860
527,860
828,860
829,860
830,860
831,860
1004,860
235,861
236,861
237,861
238,861
239,861
240,861
241,861
278,861
279,861
280,861
281,861
282,861
288,861
307,861
308,861
309,861
310,861
311,861
312,861
313,861
314,861
326,861
327,861
328,861
329,861
330,861
407,861
408,861
413,861
471,861
472,861
473,861
474,861
475,861
476,861
477,861
478,861
479,861
480,861
481,861
482,861
483,861
484,861
485,861
486,861
487,861
523,861
524,861
525,861
526,861
527,861
828,861
829,861
830,861
831,861
1004,861
235,862
236,862
237,862
238,862
239,862
240,862
241,862
260,862
261,862
278,862
279,862
280,862
281,862
282,862
308,862
309,862
310,862
311,862
312,862
313,862
314,862
326,862
327,862
328,862
329,862
330,862
407,862
413,862
471,862
472,862
473,862
474,862
475,862
476,862
477,862
478,862
479,862
480,862
481,862
482,862
483,862
484,862
485,862
486,862
487,862
523,862
524,862
525,862
526,862
527,862
528,862
829,862
830,862
1004,862
235,863
236,863
237,863
238,863
239,863
240,863
241,863
259,863
260,863
261,863
278,863
279,863
280,863
281,863
282,863
286,863
287,863
291,863
309,863
310,863
311,863
312,863
313,863
314,863
326,863
327,863
328,863
329,863
416,863
456,863
457,863
458,863
471,863
472,863
473,863
474,863
475,863
476,863
477,863
478,863
479,863
480,863
481,863
482,863
483,863
484,863
485,863
486,863
487,863
523,863
524,863
525,863
526,863
527,863
528,863
529,863
1004,863
235,864
236,864
237,864
238,864
239,864
240,864
241,864
258,864
259,864
260,864
261,864
278,864
279,864
280,864
281,864
282,864
286,864
287,864
291,864
309,864
310,864
311,864
312,864
313,864
314,864
326,864
327,864
328,864
329,864
415,864
416,864
455,864
456,864
457,864
458,864
471,864
472,864
473,864
474,864
475,864
476,864
477,864
478,864
479,864
480,864
481,864
482,864
483,864
484,864
485,864
486,864
487,864
488,864
526,864
527,864
528,864
529,864
1004,864
235,865
236,865
237,865
238,865
239,865
240,865
241,865
258,865
259,865
260,865
261,865
279,865
280,865
281,865
282,865
283,865
286,865
287,865
291,865
308,865
309,865
310,865
311,865
312,865
313,865
314,865
315,865
326,865
327,865
328,865
415,865
416,865
455,865
456,865
457,865
458,865
459,865
461,865
462,865
470,865
471,865
472,865
473,865
474,865
475,865
476,865
477,865
478,865
479,865
480,865
481,865
482,865
483,865
484,865
485,865
486,865
487,865
488,865
526,865
527,865
528,865
529,865
530,865
1004,865
234,866
235,866
236,866
237,866
238,866
239,866
240,866
241,866
258,866
259,866
260,866
261,866
279,866
280,866
281,866
282,866
283,866
284,866
286,866
287,866
291,866
309,866
310,866
311,866
312,866
313,866
314,866
315,866
416,866
417,866
455,866
456,866
457,866
458,866
459,866
460,866
461,866
462,866
463,866
470,866
471,866
472,866
473,866
474,866
475,866
476,866
477,866
478,866
479,866
480,866
481,866
482,866
483,866
484,866
485,866
486,866
487,866
488,866
489,866
490,866
491,866
527,866
528,866
529,866
530,866
1004,866
234,867
235,867
236,867
237,867
238,867
239,867
240,867
241,867
249,867
250,867
258,867
259,867
260,867
261,867
279,867
280,867
281,867
282,867
283,867
284,867
285,867
286,867
287,867
310,867
311,867
312,867
313,867
314,867
315,867
316,867
320,867
321,867
416,867
417,867
418,867
455,867
456,867
457,867
458,867
459,867
460,867
461,867
462,867
463,867
464,867
465,867
470,867
471,867
472,867
473,867
474,867
475,867
476,867
484,867
485,867
486,867
487,867
488,867
489,867
490,867
491,867
492,867
527,867
528,867
529,867
530,867
531,867
1004,867
234,868
235,868
236,868
237,868
238,868
239,868
240,868
241,868
249,868
250,868
258,868
259,868
260,868
261,868
280,868
281,868
282,868
283,868
284,868
285,868
286,868
287,868
310,868
311,868
312,868
313,868
314,868
315,868
316,868
317,868
318,868
319,868
320,868
321,868
417,868
418,868
431,868
456,868
457,868
458,868
459,868
460,868
461,868
462,868
463,868
464,868
465,868
469,868
470,868
487,868
488,868
489,868
490,868
491,868
492,868
493,868
527,868
528,868
529,868
530,868
531,868
532,868
1004,868
234,869
235,869
236,869
237,869
238,869
239,869
240,869
241,869
250,869
258,869
259,869
260,869
261,869
280,869
281,869
282,869
283,869
284,869
285,869
286,869
287,869
310,869
311,869
312,869
313,869
314,869
315,869
316,869
317,869
318,869
319,869
320,869
321,869
417,869
418,869
429,869
461,869
462,869
463,869
469,869
491,869
492,869
493,869
494,869
495,869
528,869
529,869
530,869
531,869
532,869
1004,869
234,870
235,870
236,870
237,870
238,870
239,870
240,870
241,870
250,870
258,870
259,870
260,870
261,870
280,870
281,870
282,870
283,870
284,870
285,870
286,870
287,870
310,870
311,870
312,870
313,870
314,870
315,870
316,870
317,870
318,870
319,870
320,870
321,870
417,870
420,870
429,870
493,870
494,870
495,870
496,870
529,870
530,870
531,870
532,870
533,870
1004,870
234,871
235,871
236,871
237,871
238,871
239,871
240,871
241,871
242,871
250,871
251,871
258,871
259,871
260,871
261,871
281,871
282,871
283,871
284,871
285,871
286,871
288,871
310,871
311,871
312,871
313,871
314,871
315,871
316,871
317,871
318,871
319,871
320,871
321,871
420,871
421,871
457,871
493,871
494,871
495,871
496,871
497,871
498,871
529,871
530,871
531,871
532,871
533,871
534,871
1004,871
234,872
235,872
236,872
237,872
238,872
239,872
240,872
241,872
242,872
250,872
251,872
258,872
259,872
281,872
282,872
283,872
284,872
285,872
286,872
288,872
310,872
311,872
312,872
313,872
314,872
315,872
316,872
317,872
318,872
319,872
320,872
321,872
420,872
455,872
456,872
457,872
458,872
495,872
496,872
497,872
498,872
499,872
530,872
531,872
532,872
533,872
534,872
839,872
840,872
841,872
1004,872
234,873
235,873
236,873
237,873
238,873
239,873
240,873
241,873
242,873
250,873
258,873
259,873
281,873
282,873
283,873
284,873
285,873
286,873
309,873
310,873
311,873
312,873
313,873
314,873
315,873
316,873
317,873
457,873
496,873
497,873
498,873
499,873
500,873
531,873
532,873
533,873
534,873
535,873
839,873
840,873
841,873
1004,873
17,874
234,874
235,874
236,874
237,874
238,874
239,874
240,874
241,874
242,874
250,874
258,874
259,874
260,874
261,874
281,874
282,874
283,874
284,874
285,874
286,874
308,874
309,874
310,874
311,874
312,874
313,874
314,874
315,874
316,874
497,874
498,874
499,874
500,874
501,874
532,874
533,874
534,874
535,874
839,874
840,874
841,874
1004,874
16,875
17,875
18,875
234,875
235,875
236,875
237,875
238,875
239,875
240,875
241,875
242,875
243,875
249,875
250,875
258,875
259,875
260,875
261,875
281,875
282,875
283,875
284,875
285,875
286,875
287,875
306,875
307,875
308,875
309,875
310,875
311,875
312,875
313,875
314,875
315,875
316,875
499,875
500,875
501,875
502,875
533,875
534,875
535,875
839,875
840,875
841,875
1004,875
16,876
17,876
18,876
234,876
235,876
236,876
237,876
238,876
239,876
240,876
241,876
242,876
243,876
249,876
250,876
258,876
259,876
260,876
261,876
282,876
283,876
284,876
285,876
286,876
287,876
288,876
305,876
306,876
307,876
308,876
309,876
310,876
311,876
312,876
313,876
314,876
315,876
456,876
499,876
500,876
501,876
502,876
503,876
533,876
534,876
535,876
536,876
840,876
1004,876
16,877
17,877
18,877
234,877
235,877
236,877
237,877
238,877
242,877
243,877
249,877
250,877
258,877
259,877
260,877
261,877
282,877
283,877
284,877
285,877
286,877
287,877
288,877
304,877
305,877
306,877
307,877
308,877
309,877
310,877
311,877
312,877
313,877
314,877
315,877
453,877
455,877
456,877
500,877
501,877
502,877
503,877
504,877
533,877
534,877
535,877
536,877
1004,877
16,878
17,878
18,878
234,878
235,878
236,878
237,878
238,878
242,878
243,878
249,878
250,878
258,878
259,878
260,878
261,878
282,878
283,878
284,878
285,878
286,878
287,878
288,878
304,878
305,878
306,878
307,878
308,878
309,878
310,878
311,878
312,878
313,878
314,878
315,878
455,878
456,878
501,878
502,878
503,878
504,878
534,878
535,878
536,878
537,878
1004,878
16,879
17,879
18,879
234,879
235,879
236,879
237,879
242,879
243,879
249,879
250,879
261,879
282,879
283,879
284,879
285,879
286,879
287,879
288,879
303,879
304,879
305,879
306,879
307,879
308,879
309,879
310,879
311,879
312,879
313,879
314,879
315,879
440,879
503,879
504,879
505,879
535,879
536,879
537,879
538,879
539,879
1004,879
16,880
17,880
18,880
234,880
235,880
236,880
237,880
242,880
243,880
249,880
250,880
261,880
282,880
283,880
284,880
285,880
286,880
287,880
288,880
301,880
302,880
303,880
304,880
305,880
306,880
307,880
308,880
309,880
310,880
311,880
312,880
313,880
314,880
315,880
437,880
504,880
505,880
535,880
536,880
537,880
538,880
539,880
540,880
1004,880
16,881
17,881
18,881
234,881
235,881
236,881
237,881
242,881
243,881
250,881
261,881
282,881
283,881
284,881
285,881
286,881
287,881
288,881
299,881
300,881
301,881
302,881
303,881
304,881
305,881
306,881
307,881
308,881
310,881
311,881
312,881
313,881
314,881
315,881
504,881
505,881
506,881
507,881
536,881
537,881
538,881
539,881
540,881
541,881
1004,881
16,882
17,882
18,882
235,882
236,882
237,882
242,882
243,882
282,882
283,882
284,882
285,882
286,882
287,882
288,882
299,882
300,882
301,882
302,882
303,882
304,882
305,882
310,882
311,882
312,882
313,882
314,882
315,882
316,882
506,882
507,882
537,882
538,882
539,882
540,882
541,882
1004,882
16,883
17,883
18,883
234,883
235,883
236,883
237,883
242,883
243,883
250,883
282,883
283,883
284,883
285,883
286,883
287,883
288,883
298,883
299,883
300,883
301,883
302,883
303,883
310,883
311,883
312,883
313,883
314,883
315,883
316,883
442,883
506,883
507,883
508,883
539,883
540,883
541,883
542,883
1004,883
16,884
17,884
18,884
234,884
235,884
236,884
237,884
238,884
242,884
243,884
249,884
250,884
282,884
283,884
284,884
285,884
286,884
287,884
288,884
297,884
298,884
299,884
300,884
301,884
302,884
310,884
311,884
312,884
313,884
314,884
315,884
316,884
317,884
318,884
442,884
507,884
508,884
509,884
539,884
540,884
541,884
542,884
543,884
1004,884
16,885
17,885
18,885
234,885
235,885
236,885
237,885
238,885
241,885
242,885
243,885
260,885
284,885
285,885
286,885
287,885
288,885
295,885
296,885
297,885
298,885
299,885
300,885
301,885
310,885
311,885
312,885
313,885
314,885
315,885
316,885
317,885
318,885
507,885
508,885
509,885
510,885
539,885
540,885
541,885
542,885
543,885
234,886
235,886
236,886
237,886
238,886
242,886
243,886
259,886
260,886
281,886
285,886
286,886
287,886
288,886
294,886
295,886
296,886
297,886
298,886
299,886
300,886
310,886
311,886
312,886
313,886
314,886
315,886
316,886
317,886
318,886
508,886
509,886
510,886
511,886
539,886
540,886
541,886
542,886
543,886
1004,886
234,887
235,887
236,887
237,887
242,887
243,887
258,887
259,887
260,887
264,887
281,887
287,887
288,887
293,887
294,887
295,887
296,887
297,887
298,887
311,887
312,887
313,887
314,887
315,887
316,887
317,887
318,887
508,887
509,887
510,887
511,887
539,887
540,887
541,887
542,887
543,887
1004,887
234,888
235,888
236,888
237,888
242,888
243,888
248,888
249,888
257,888
258,888
259,888
260,888
263,888
264,888
265,888
284,888
285,888
288,888
293,888
294,888
295,888
296,888
297,888
298,888
311,888
312,888
313,888
314,888
315,888
316,888
317,888
318,888
509,888
510,888
511,888
540,888
541,888
542,888
543,888
544,888
1004,888
234,889
235,889
236,889
237,889
242,889
243,889
244,889
248,889
249,889
257,889
258,889
259,889
260,889
263,889
264,889
283,889
284,889
285,889
294,889
295,889
296,889
297,889
311,889
312,889
313,889
314,889
315,889
316,889
317,889
318,889
509,889
510,889
511,889
543,889
544,889
1004,889
234,890
235,890
236,890
237,890
242,890
243,890
244,890
248,890
249,890
257,890
258,890
259,890
260,890
263,890
283,890
284,890
294,890
295,890
311,890
312,890
313,890
314,890
315,890
316,890
317,890
318,890
509,890
510,890
511,890
544,890
545,890
1004,890
234,891
235,891
236,891
237,891
242,891
243,891
244,891
248,891
249,891
257,891
258,891
259,891
260,891
263,891
282,891
283,891
284,891
311,891
312,891
313,891
314,891
315,891
316,891
317,891
318,891
510,891
511,891
512,891
544,891
545,891
1004,891
234,892
235,892
236,892
242,892
243,892
244,892
247,892
248,892
249,892
257,892
258,892
259,892
260,892
282,892
283,892
284,892
311,892
312,892
313,892
314,892
315,892
316,892
317,892
318,892
319,892
510,892
511,892
512,892
545,892
1004,892
234,893
235,893
236,893
242,893
243,893
244,893
247,893
248,893
249,893
258,893
259,893
282,893
283,893
284,893
311,893
312,893
313,893
314,893
315,893
316,893
317,893
318,893
319,893
510,893
511,893
512,893
513,893
1000,893
1004,893
234,894
235,894
236,894
242,894
243,894
244,894
247,894
248,894
249,894
258,894
259,894
264,894
282,894
283,894
284,894
311,894
312,894
313,894
314,894
315,894
316,894
317,894
318,894
319,894
511,894
512,894
513,894
544,894
1000,894
1004,894
234,895
235,895
236,895
242,895
243,895
244,895
247,895
248,895
249,895
258,895
259,895
264,895
282,895
283,895
284,895
311,895
312,895
313,895
314,895
315,895
316,895
317,895
318,895
512,895
513,895
544,895
1000,895
1004,895
234,896
235,896
236,896
243,896
244,896
246,896
247,896
258,896
259,896
283,896
284,896
310,896
311,896
312,896
313,896
314,896
315,896
316,896
317,896
318,896
319,896
512,896
513,896
543,896
544,896
545,896
1000,896
1004,896
234,897
235,897
236,897
243,897
244,897
246,897
247,897
258,897
259,897
283,897
284,897
310,897
311,897
312,897
313,897
314,897
315,897
316,897
317,897
318,897
319,897
513,897
543,897
544,897
545,897
1000,897
1004,897
234,898
235,898
236,898
243,898
244,898
246,898
247,898
258,898
275,898
276,898
283,898
284,898
285,898
310,898
311,898
312,898
313,898
314,898
315,898
316,898
317,898
318,898
319,898
320,898
513,898
542,898
543,898
544,898
1000,898
1004,898
234,899
235,899
236,899
242,899
243,899
244,899
246,899
247,899
275,899
276,899
283,899
284,899
285,899
286,899
311,899
312,899
313,899
314,899
315,899
316,899
317,899
318,899
319,899
320,899
513,899
541,899
542,899
543,899
544,899
1000,899
1004,899
234,900
235,900
236,900
242,900
243,900
244,900
245,900
246,900
247,900
267,900
283,900
284,900
285,900
286,900
311,900
312,900
313,900
314,900
315,900
316,900
317,900
318,900
319,900
320,900
513,900
539,900
540,900
541,900
542,900
543,900
1000,900
1004,900
234,901
235,901
236,901
242,901
243,901
244,901
245,901
246,901
267,901
284,901
285,901
286,901
313,901
314,901
315,901
316,901
317,901
318,901
319,901
320,901
321,901
513,901
539,901
540,901
541,901
542,901
543,901
1000,901
1004,901
234,902
235,902
236,902
242,902
243,902
244,902
245,902
246,902
247,902
267,902
284,902
285,902
286,902
314,902
315,902
316,902
317,902
318,902
319,902
320,902
321,902
513,902
538,902
539,902
540,902
541,902
542,902
543,902
1000,902
1004,902
234,903
235,903
236,903
243,903
244,903
245,903
246,903
266,903
267,903
272,903
284,903
285,903
286,903
315,903
316,903
317,903
318,903
319,903
320,903
321,903
538,903
539,903
540,903
541,903
542,903
1000,903
1004,903
234,904
235,904
236,904
243,904
244,904
245,904
246,904
281,904
282,904
285,904
315,904
316,904
317,904
318,904
319,904
320,904
321,904
536,904
537,904
538,904
539,904
540,904
541,904
1000,904
1004,904
234,905
235,905
236,905
244,905
245,905
246,905
281,905
282,905
284,905
285,905
315,905
316,905
317,905
318,905
319,905
320,905
321,905
513,905
535,905
536,905
537,905
539,905
540,905
1000,905
1004,905
234,906
235,906
236,906
245,906
246,906
247,906
271,906
284,906
285,906
315,906
316,906
317,906
318,906
319,906
320,906
321,906
513,906
529,906
530,906
531,906
532,906
535,906
536,906
1000,906
1004,906
235,907
236,907
245,907
246,907
247,907
269,907
270,907
271,907
283,907
284,907
285,907
315,907
316,907
317,907
318,907
319,907
320,907
321,907
512,907
513,907
528,907
529,907
530,907
531,907
532,907
533,907
534,907
535,907
1000,907
1004,907
234,908
235,908
236,908
245,908
248,908
249,908
271,908
283,908
284,908
285,908
286,908
315,908
316,908
317,908
318,908
319,908
320,908
321,908
512,908
513,908
514,908
526,908
527,908
528,908
529,908
530,908
531,908
532,908
533,908
1000,908
1004,908
233,909
234,909
235,909
236,909
248,909
249,909
250,909
283,909
284,909
285,909
286,909
291,909
314,909
315,909
316,909
317,909
318,909
319,909
320,909
321,909
322,909
323,909
511,909
512,909
513,909
514,909
515,909
525,909
526,909
527,909
528,909
529,909
530,909
531,909
532,909
1000,909
1004,909
233,910
234,910
235,910
249,910
250,910
269,910
284,910
285,910
286,910
287,910
288,910
314,910
315,910
316,910
317,910
318,910
319,910
320,910
321,910
322,910
323,910
324,910
511,910
512,910
513,910
514,910
515,910
516,910
517,910
518,910
519,910
520,910
521,910
522,910
523,910
524,910
525,910
526,910
527,910
1000,910
1004,910
233,911
234,911
249,911
250,911
251,911
263,911
269,911
284,911
285,911
286,911
287,911
288,911
289,911
290,911
314,911
315,911
316,911
317,911
318,911
319,911
320,911
321,911
322,911
323,911
324,911
325,911
419,911
510,911
511,911
512,911
513,911
514,911
515,911
516,911
517,911
518,911
519,911
520,911
521,911
522,911
523,911
524,911
525,911
526,911
233,912
249,912
250,912
251,912
252,912
262,912
263,912
269,912
284,912
285,912
286,912
287,912
288,912
289,912
290,912
293,912
314,912
315,912
316,912
317,912
318,912
321,912
322,912
323,912
324,912
325,912
509,912
510,912
511,912
512,912
513,912
514,912
515,912
516,912
517,912
518,912
519,912
520,912
521,912
522,912
523,912
524,912
525,912
232,913
233,913
249,913
250,913
251,913
252,913
261,913
262,913
285,913
286,913
287,913
288,913
289,913
314,913
315,913
316,913
317,913
318,913
322,913
323,913
324,913
325,913
326,913
507,913
508,913
509,913
510,913
511,913
512,913
513,913
514,913
515,913
516,913
517,913
518,913
519,913
520,913
521,913
522,913
523,913
524,913
525,913
231,914
232,914
233,914
246,914
247,914
250,914
251,914
252,914
261,914
262,914
286,914
287,914
288,914
289,914
314,914
315,914
316,914
317,914
318,914
322,914
323,914
324,914
325,914
326,914
506,914
507,914
508,914
509,914
510,914
511,914
512,914
513,914
514,914
515,914
516,914
517,914
518,914
519,914
520,914
521,914
522,914
523,914
231,915
232,915
233,915
246,915
247,915
248,915
250,915
251,915
252,915
287,915
288,915
289,915
314,915
315,915
316,915
317,915
318,915
322,915
323,915
324,915
325,915
326,915
505,915
506,915
507,915
508,915
509,915
510,915
511,915
512,915
513,915
514,915
515,915
516,915
519,915
520,915
521,915
231,916
232,916
233,916
246,916
247,916
248,916
250,916
251,916
252,916
253,916
287,916
288,916
289,916
293,916
314,916
315,916
316,916
317,916
318,916
322,916
323,916
324,916
325,916
326,916
327,916
503,916
504,916
505,916
506,916
507,916
508,916
509,916
510,916
511,916
512,916
513,916
514,916
515,916
516,916
231,917
232,917
233,917
247,917
248,917
250,917
251,917
252,917
253,917
286,917
287,917
288,917
289,917
290,917
291,917
292,917
293,917
294,917
314,917
315,917
316,917
317,917
318,917
319,917
320,917
321,917
322,917
323,917
324,917
325,917
326,917
327,917
328,917
500,917
501,917
502,917
503,917
504,917
505,917
506,917
507,917
508,917
509,917
510,917
511,917
512,917
513,917
514,917
515,917
231,918
232,918
233,918
248,918
250,918
251,918
252,918
253,918
254,918
261,918
285,918
286,918
287,918
288,918
289,918
290,918
291,918
292,918
293,918
294,918
295,918
313,918
314,918
315,918
316,918
317,918
318,918
319,918
320,918
321,918
322,918
323,918
324,918
325,918
326,918
327,918
328,918
329,918
487,918
496,918
497,918
498,918
499,918
500,918
501,918
502,918
503,918
504,918
505,918
506,918
507,918
508,918
509,918
510,918
511,918
512,918
513,918
514,918
231,919
232,919
233,919
248,919
250,919
251,919
252,919
253,919
254,919
255,919
259,919
260,919
261,919
269,919
270,919
272,919
273,919
274,919
275,919
276,919
277,919
278,919
279,919
280,919
281,919
282,919
283,919
284,919
285,919
286,919
287,919
288,919
289,919
290,919
291,919
292,919
293,919
294,919
295,919
313,919
314,919
315,919
316,919
317,919
318,919
319,919
320,919
321,919
322,919
323,919
324,919
325,919
326,919
327,919
328,919
329,919
330,919
478,919
479,919
480,919
481,919
482,919
483,919
484,919
485,919
486,919
487,919
488,919
489,919
490,919
491,919
492,919
494,919
495,919
496,919
497,919
498,919
499,919
500,919
501,919
502,919
503,919
504,919
505,919
506,919
507,919
508,919
509,919
510,919
511,919
512,919
231,920
232,920
233,920
247,920
248,920
251,920
252,920
253,920
254,920
255,920
256,920
257,920
258,920
259,920
260,920
261,920
268,920
269,920
270,920
271,920
272,920
273,920
274,920
275,920
276,920
277,920
278,920
279,920
280,920
281,920
282,920
283,920
284,920
285,920
286,920
287,920
288,920
289,920
290,920
291,920
292,920
293,920
294,920
295,920
299,920
300,920
301,920
302,920
303,920
304,920
305,920
306,920
307,920
308,920
309,920
310,920
311,920
312,920
313,920
314,920
315,920
316,920
317,920
318,920
319,920
320,920
321,920
322,920
323,920
324,920
325,920
326,920
327,920
328,920
329,920
330,920
466,920
476,920
477,920
478,920
479,920
480,920
481,920
482,920
483,920
484,920
485,920
486,920
487,920
488,920
489,920
490,920
491,920
492,920
493,920
494,920
495,920
496,920
497,920
498,920
499,920
500,920
501,920
502,920
503,920
504,920
505,920
506,920
507,920
508,920
509,920
510,920
511,920
231,921
232,921
233,921
246,921
247,921
248,921
251,921
252,921
253,921
254,921
255,921
256,921
257,921
258,921
259,921
261,921
263,921
267,921
268,921
269,921
270,921
271,921
272,921
273,921
274,921
275,921
276,921
277,921
278,921
279,921
280,921
281,921
282,921
283,921
284,921
285,921
286,921
287,921
288,921
289,921
290,921
291,921
292,921
293,921
294,921
295,921
297,921
298,921
299,921
300,921
301,921
302,921
303,921
304,921
305,921
306,921
307,921
308,921
309,921
310,921
311,921
312,921
313,921
314,921
315,921
316,921
317,921
318,921
319,921
320,921
321,921
322,921
323,921
324,921
325,921
326,921
327,921
328,921
329,921
330,921
331,921
332,921
333,921
462,921
463,921
464,921
465,921
466,921
467,921
468,921
469,921
470,921
471,921
472,921
473,921
474,921
475,921
476,921
477,921
478,921
479,921
480,921
481,921
482,921
483,921
484,921
485,921
486,921
487,921
488,921
489,921
490,921
491,921
492,921
493,921
494,921
495,921
496,921
497,921
498,921
499,921
500,921
501,921
231,922
232,922
233,922
247,922
251,922
252,922
253,922
254,922
255,922
256,922
257,922
258,922
259,922
262,922
263,922
267,922
268,922
269,922
270,922
271,922
272,922
273,922
274,922
275,922
276,922
277,922
278,922
279,922
280,922
281,922
282,922
283,922
284,922
285,922
286,922
287,922
288,922
289,922
290,922
291,922
292,922
293,922
294,922
295,922
297,922
298,922
299,922
300,922
301,922
302,922
303,922
304,922
305,922
306,922
307,922
308,922
309,922
310,922
311,922
312,922
313,922
314,922
315,922
316,922
317,922
318,922
319,922
320,922
321,922
322,922
323,922
324,922
325,922
326,922
327,922
328,922
329,922
330,922
331,922
332,922
333,922
461,922
462,922
463,922
464,922
465,922
466,922
467,922
468,922
469,922
470,922
471,922
472,922
473,922
474,922
475,922
476,922
477,922
478,922
479,922
480,922
481,922
482,922
483,922
484,922
485,922
486,922
487,922
488,922
489,922
490,922
491,922
492,922
493,922
494,922
495,922
496,922
497,922
498,922
499,922
500,922
231,923
232,923
233,923
252,923
253,923
254,923
255,923
256,923
257,923
258,923
259,923
260,923
261,923
262,923
263,923
264,923
268,923
269,923
270,923
271,923
272,923
273,923
274,923
275,923
276,923
277,923
279,923
280,923
281,923
282,923
283,923
284,923
285,923
286,923
287,923
288,923
289,923
290,923
291,923
292,923
293,923
294,923
295,923
298,923
299,923
300,923
301,923
302,923
303,923
304,923
305,923
306,923
307,923
308,923
309,923
310,923
311,923
312,923
313,923
314,923
315,923
316,923
317,923
318,923
319,923
320,923
321,923
322,923
323,923
324,923
325,923
326,923
327,923
328,923
329,923
330,923
331,923
332,923
333,923
334,923
335,923
336,923
458,923
459,923
460,923
461,923
462,923
463,923
464,923
465,923
466,923
467,923
468,923
469,923
470,923
471,923
472,923
473,923
474,923
475,923
476,923
477,923
478,923
479,923
480,923
481,923
482,923
483,923
484,923
485,923
486,923
487,923
488,923
489,923
490,923
491,923
492,923
493,923
494,923
495,923
496,923
497,923
498,923
499,923
231,924
232,924
233,924
252,924
253,924
254,924
255,924
256,924
257,924
258,924
259,924
260,924
262,924
263,924
264,924
265,924
286,924
287,924
288,924
289,924
290,924
291,924
292,924
293,924
294,924
295,924
306,924
307,924
308,924
309,924
310,924
311,924
312,924
313,924
314,924
315,924
316,924
317,924
318,924
319,924
320,924
321,924
322,924
323,924
324,924
325,924
326,924
327,924
328,924
329,924
330,924
331,924
332,924
333,924
334,924
335,924
336,924
448,924
449,924
450,924
451,924
452,924
453,924
454,924
455,924
456,924
457,924
458,924
459,924
460,924
461,924
462,924
463,924
464,924
465,924
466,924
467,924
468,924
469,924
470,924
471,924
472,924
473,924
474,924
475,924
476,924
477,924
478,924
479,924
480,924
481,924
482,924
483,924
484,924
485,924
486,924
487,924
488,924
489,924
490,924
491,924
492,924
493,924
494,924
495,924
496,924
497,924
498,924
231,925
232,925
233,925
254,925
255,925
256,925
257,925
259,925
260,925
263,925
264,925
287,925
288,925
289,925
290,925
291,925
292,925
293,925
294,925
295,925
313,925
314,925
315,925
316,925
317,925
318,925
319,925
320,925
321,925
322,925
323,925
324,925
325,925
326,925
327,925
328,925
329,925
330,925
331,925
332,925
333,925
334,925
335,925
336,925
337,925
338,925
447,925
448,925
449,925
450,925
451,925
452,925
453,925
454,925
455,925
456,925
457,925
458,925
459,925
460,925
461,925
462,925
463,925
464,925
465,925
466,925
467,925
468,925
469,925
470,925
471,925
472,925
473,925
474,925
475,925
476,925
477,925
478,925
479,925
480,925
481,925
482,925
483,925
484,925
485,925
486,925
487,925
488,925
489,925
490,925
491,925
492,925
493,925
494,925
495,925
496,925
231,926
232,926
233,926
288,926
289,926
290,926
291,926
292,926
293,926
294,926
295,926
316,926
317,926
318,926
319,926
320,926
321,926
322,926
323,926
324,926
325,926
326,926
327,926
328,926
329,926
330,926
331,926
332,926
333,926
334,926
335,926
336,926
337,926
338,926
339,926
441,926
446,926
447,926
448,926
449,926
450,926
451,926
452,926
453,926
454,926
455,926
456,926
457,926
458,926
459,926
460,926
461,926
462,926
463,926
464,926
465,926
466,926
467,926
468,926
469,926
470,926
471,926
472,926
473,926
474,926
475,926
476,926
477,926
478,926
479,926
480,926
481,926
482,926
483,926
484,926
485,926
486,926
487,926
488,926
489,926
490,926
491,926
492,926
493,926
231,927
232,927
233,927
266,927
289,927
290,927
291,927
292,927
293,927
294,927
295,927
317,927
318,927
319,927
320,927
321,927
322,927
323,927
324,927
325,927
326,927
327,927
328,927
329,927
330,927
331,927
332,927
333,927
334,927
335,927
336,927
337,927
338,927
339,927
438,927
439,927
440,927
441,927
442,927
443,927
444,927
445,927
446,927
447,927
448,927
449,927
450,927
451,927
452,927
453,927
454,927
455,927
456,927
457,927
458,927
459,927
460,927
461,927
462,927
463,927
464,927
465,927
466,927
467,927
468,927
469,927
470,927
471,927
472,927
473,927
474,927
475,927
476,927
477,927
478,927
479,927
480,927
481,927
483,927
484,927
485,927
486,927
487,927
488,927
231,928
232,928
233,928
262,928
263,928
266,928
290,928
291,928
292,928
293,928
294,928
295,928
319,928
320,928
321,928
322,928
323,928
324,928
325,928
326,928
327,928
328,928
329,928
330,928
331,928
332,928
333,928
334,928
335,928
336,928
337,928
338,928
339,928
436,928
437,928
438,928
439,928
440,928
441,928
442,928
443,928
444,928
445,928
446,928
447,928
448,928
449,928
450,928
451,928
452,928
453,928
454,928
455,928
456,928
457,928
458,928
459,928
460,928
461,928
462,928
463,928
464,928
465,928
466,928
467,928
468,928
469,928
470,928
471,928
472,928
473,928
474,928
475,928
476,928
477,928
478,928
479,928
231,929
232,929
233,929
244,929
263,929
264,929
265,929
290,929
291,929
292,929
293,929
294,929
295,929
296,929
319,929
320,929
321,929
322,929
323,929
324,929
325,929
326,929
327,929
328,929
329,929
330,929
331,929
332,929
333,929
334,929
335,929
336,929
337,929
338,929
339,929
340,929
341,929
342,929
343,929
434,929
435,929
436,929
437,929
438,929
439,929
440,929
441,929
442,929
443,929
444,929
445,929
446,929
447,929
448,929
449,929
450,929
451,929
452,929
453,929
454,929
455,929
456,929
457,929
458,929
459,929
460,929
461,929
462,929
463,929
464,929
465,929
466,929
467,929
468,929
469,929
470,929
471,929
472,929
473,929
474,929
475,929
231,930
232,930
233,930
244,930
256,930
257,930
262,930
263,930
264,930
286,930
287,930
291,930
292,930
293,930
294,930
295,930
322,930
323,930
324,930
325,930
326,930
327,930
328,930
329,930
330,930
331,930
332,930
333,930
334,930
335,930
336,930
337,930
338,930
339,930
340,930
341,930
342,930
343,930
344,930
345,930
429,930
430,930
431,930
432,930
433,930
434,930
435,930
436,930
437,930
438,930
439,930
440,930
441,930
442,930
443,930
444,930
445,930
446,930
447,930
448,930
449,930
450,930
451,930
452,930
453,930
454,930
455,930
456,930
457,930
458,930
459,930
460,930
461,930
462,930
463,930
464,930
465,930
466,930
467,930
468,930
469,930
470,930
471,930
231,931
232,931
233,931
245,931
256,931
262,931
263,931
286,931
287,931
291,931
292,931
293,931
294,931
295,931
324,931
325,931
326,931
327,931
328,931
329,931
330,931
331,931
332,931
333,931
334,931
335,931
336,931
337,931
338,931
339,931
340,931
341,931
342,931
343,931
344,931
345,931
346,931
347,931
348,931
349,931
350,931
423,931
424,931
425,931
426,931
427,931
428,931
429,931
430,931
431,931
432,931
433,931
434,931
435,931
436,931
437,931
438,931
439,931
440,931
441,931
442,931
443,931
444,931
445,931
446,931
447,931
448,931
449,931
450,931
451,931
452,931
453,931
454,931
455,931
456,931
457,931
458,931
459,931
460,931
461,931
462,931
463,931
464,931
465,931
231,932
232,932
233,932
255,932
256,932
287,932
291,932
292,932
293,932
294,932
295,932
325,932
326,932
327,932
328,932
329,932
330,932
331,932
332,932
333,932
334,932
335,932
336,932
337,932
338,932
339,932
340,932
341,932
342,932
343,932
344,932
345,932
346,932
347,932
348,932
349,932
350,932
420,932
421,932
422,932
423,932
424,932
425,932
426,932
427,932
428,932
429,932
430,932
431,932
432,932
433,932
434,932
435,932
436,932
437,932
438,932
439,932
440,932
441,932
442,932
443,932
444,932
445,932
446,932
447,932
448,932
449,932
450,932
451,932
452,932
453,932
454,932
455,932
456,932
457,932
458,932
231,933
232,933
233,933
256,933
257,933
291,933
292,933
293,933
294,933
295,933
326,933
327,933
328,933
329,933
330,933
331,933
332,933
333,933
334,933
335,933
336,933
337,933
338,933
339,933
340,933
341,933
342,933
343,933
344,933
345,933
346,933
347,933
348,933
349,933
350,933
418,933
419,933
420,933
421,933
422,933
423,933
424,933
425,933
426,933
427,933
428,933
429,933
430,933
431,933
432,933
433,933
434,933
435,933
436,933
437,933
438,933
439,933
440,933
441,933
442,933
443,933
444,933
445,933
446,933
447,933
448,933
449,933
450,933
451,933
452,933
453,933
231,934
232,934
233,934
245,934
256,934
291,934
292,934
293,934
294,934
327,934
328,934
329,934
330,934
331,934
332,934
333,934
334,934
335,934
336,934
337,934
338,934
339,934
340,934
341,934
342,934
343,934
344,934
345,934
349,934
350,934
351,934
352,934
353,934
354,934
416,934
417,934
418,934
419,934
420,934
421,934
422,934
423,934
424,934
425,934
426,934
427,934
428,934
429,934
430,934
431,934
432,934
433,934
434,934
435,934
436,934
437,934
438,934
439,934
440,934
441,934
442,934
443,934
444,934
445,934
446,934
447,934
448,934
449,934
450,934
231,935
232,935
233,935
245,935
255,935
256,935
261,935
262,935
291,935
292,935
293,935
294,935
329,935
330,935
331,935
332,935
333,935
334,935
335,935
336,935
337,935
338,935
339,935
340,935
341,935
342,935
350,935
351,935
352,935
353,935
354,935
355,935
356,935
357,935
412,935
413,935
414,935
415,935
416,935
417,935
418,935
419,935
420,935
421,935
422,935
423,935
424,935
425,935
426,935
427,935
428,935
429,935
430,935
431,935
432,935
433,935
434,935
435,935
436,935
437,935
438,935
439,935
440,935
441,935
442,935
443,935
444,935
445,935
231,936
232,936
233,936
245,936
254,936
255,936
256,936
261,936
262,936
291,936
292,936
293,936
331,936
332,936
333,936
334,936
335,936
336,936
337,936
338,936
339,936
340,936
341,936
342,936
351,936
352,936
353,936
354,936
355,936
356,936
357,936
358,936
359,936
360,936
362,936
363,936
364,936
365,936
366,936
367,936
368,936
405,936
406,936
407,936
408,936
409,936
410,936
411,936
412,936
413,936
414,936
415,936
416,936
417,936
418,936
419,936
420,936
421,936
422,936
423,936
424,936
425,936
426,936
427,936
428,936
429,936
430,936
431,936
432,936
433,936
434,936
435,936
436,936
437,936
438,936
439,936
231,937
232,937
233,937
245,937
254,937
255,937
260,937
261,937
291,937
292,937
293,937
333,937
334,937
335,937
336,937
337,937
338,937
339,937
340,937
341,937
351,937
352,937
353,937
354,937
355,937
356,937
357,937
358,937
359,937
360,937
361,937
362,937
363,937
364,937
365,937
366,937
367,937
368,937
369,937
370,937
371,937
372,937
373,937
399,937
400,937
401,937
402,937
403,937
404,937
405,937
406,937
407,937
408,937
409,937
410,937
411,937
412,937
413,937
414,937
415,937
416,937
417,937
418,937
419,937
420,937
421,937
422,937
423,937
424,937
425,937
426,937
427,937
428,937
429,937
430,937
431,937
432,937
433,937
434,937
435,937
436,937
437,937
230,938
231,938
232,938
233,938
245,938
253,938
254,938
255,938
260,938
261,938
291,938
292,938
293,938
334,938
335,938
336,938
337,938
338,938
339,938
340,938
341,938
351,938
352,938
353,938
354,938
355,938
356,938
357,938
358,938
359,938
360,938
361,938
362,938
363,938
364,938
365,938
366,938
367,938
368,938
369,938
370,938
371,938
372,938
373,938
374,938
398,938
399,938
400,938
401,938
402,938
403,938
404,938
405,938
406,938
407,938
408,938
409,938
410,938
411,938
412,938
413,938
414,938
415,938
416,938
417,938
418,938
419,938
420,938
421,938
422,938
423,938
424,938
425,938
426,938
427,938
428,938
429,938
430,938
431,938
432,938
433,938
434,938
230,939
231,939
232,939
233,939
245,939
253,939
254,939
255,939
260,939
261,939
286,939
291,939
292,939
335,939
336,939
337,939
338,939
339,939
340,939
341,939
350,939
351,939
352,939
353,939
354,939
355,939
356,939
357,939
358,939
359,939
360,939
361,939
362,939
363,939
364,939
365,939
366,939
367,939
368,939
369,939
370,939
371,939
372,939
373,939
374,939
394,939
395,939
396,939
397,939
398,939
399,939
400,939
401,939
402,939
403,939
404,939
405,939
406,939
407,939
408,939
409,939
410,939
411,939
412,939
413,939
414,939
415,939
416,939
417,939
418,939
419,939
420,939
421,939
422,939
423,939
424,939
425,939
426,939
427,939
428,939
429,939
430,939
431,939
432,939
433,939
230,940
231,940
232,940
233,940
253,940
254,940
255,940
286,940
291,940
292,940
337,940
338,940
339,940
340,940
341,940
342,940
343,940
344,940
345,940
346,940
347,940
348,940
349,940
350,940
351,940
352,940
353,940
354,940
355,940
356,940
357,940
358,940
359,940
360,940
361,940
362,940
363,940
364,940
377,940
378,940
379,940
380,940
387,940
388,940
389,940
390,940
391,940
392,940
393,940
394,940
395,940
396,940
397,940
398,940
399,940
400,940
401,940
402,940
403,940
404,940
405,940
406,940
407,940
408,940
409,940
410,940
411,940
412,940
413,940
414,940
415,940
416,940
417,940
418,940
419,940
420,940
421,940
422,940
423,940
424,940
425,940
426,940
427,940
428,940
429,940
430,940
230,941
231,941
232,941
233,941
252,941
253,941
286,941
287,941
291,941
292,941
340,941
341,941
342,941
343,941
344,941
345,941
346,941
347,941
348,941
349,941
350,941
351,941
352,941
353,941
354,941
355,941
356,941
357,941
358,941
359,941
360,941
361,941
362,941
363,941
377,941
378,941
379,941
380,941
381,941
382,941
383,941
384,941
385,941
386,941
387,941
388,941
389,941
390,941
391,941
392,941
393,941
394,941
395,941
396,941
397,941
398,941
399,941
400,941
401,941
402,941
403,941
404,941
405,941
406,941
407,941
408,941
409,941
410,941
411,941
412,941
413,941
414,941
415,941
416,941
417,941
418,941
419,941
420,941
421,941
231,942
232,942
245,942
252,942
253,942
291,942
292,942
342,942
343,942
344,942
345,942
346,942
347,942
348,942
349,942
350,942
351,942
352,942
353,942
354,942
355,942
356,942
357,942
358,942
359,942
360,942
361,942
362,942
376,942
377,942
378,942
379,942
380,942
381,942
382,942
383,942
384,942
385,942
386,942
387,942
388,942
389,942
390,942
391,942
392,942
393,942
394,942
395,942
396,942
397,942
398,942
399,942
400,942
401,942
402,942
403,942
404,942
405,942
406,942
407,942
408,942
409,942
410,942
411,942
412,942
413,942
414,942
415,942
416,942
417,942
418,942
231,943
232,943
245,943
252,943
253,943
291,943
292,943
343,943
344,943
345,943
346,943
347,943
348,943
349,943
350,943
351,943
352,943
353,943
354,943
355,943
356,943
357,943
358,943
359,943
360,943
361,943
362,943
363,943
376,943
377,943
378,943
379,943
380,943
381,943
382,943
383,943
384,943
385,943
386,943
387,943
388,943
389,943
390,943
391,943
392,943
393,943
394,943
395,943
396,943
397,943
398,943
399,943
400,943
401,943
402,943
403,943
404,943
405,943
406,943
407,943
408,943
409,943
410,943
411,943
412,943
413,943
414,943
415,943
416,943
417,943
1006,943
231,944
232,944
245,944
252,944
253,944
258,944
259,944
260,944
290,944
291,944
292,944
293,944
349,944
350,944
357,944
358,944
359,944
360,944
361,944
362,944
363,944
364,944
365,944
377,944
378,944
379,944
380,944
381,944
382,944
383,944
384,944
385,944
386,944
387,944
388,944
389,944
390,944
391,944
392,944
393,944
394,944
395,944
396,944
397,944
398,944
399,944
400,944
401,944
402,944
403,944
404,944
405,944
406,944
407,944
408,944
409,944
410,944
411,944
412,944
413,944
1006,944
231,945
232,945
245,945
252,945
253,945
254,945
258,945
259,945
260,945
289,945
290,945
291,945
292,945
293,945
359,945
360,945
361,945
362,945
363,945
364,945
365,945
366,945
367,945
377,945
378,945
379,945
380,945
381,945
382,945
383,945
384,945
385,945
386,945
387,945
388,945
389,945
390,945
391,945
392,945
393,945
394,945
395,945
396,945
397,945
398,945
399,945
400,945
401,945
402,945
403,945
404,945
405,945
406,945
407,945
408,945
1006,945
231,946
232,946
245,946
252,946
253,946
254,946
258,946
259,946
260,946
289,946
290,946
291,946
292,946
293,946
360,946
361,946
362,946
363,946
364,946
365,946
366,946
367,946
368,946
377,946
378,946
379,946
380,946
381,946
382,946
383,946
384,946
385,946
386,946
387,946
388,946
389,946
390,946
391,946
392,946
393,946
394,946
395,946
396,946
397,946
398,946
399,946
1006,946
231,947
232,947
245,947
252,947
253,947
254,947
258,947
259,947
260,947
289,947
290,947
291,947
292,947
293,947
361,947
362,947
363,947
364,947
365,947
366,947
367,947
368,947
369,947
377,947
378,947
379,947
380,947
381,947
382,947
383,947
384,947
385,947
386,947
387,947
388,947
389,947
390,947
391,947
392,947
393,947
394,947
395,947
396,947
1006,947
1,948
231,948
232,948
245,948
252,948
253,948
254,948
258,948
259,948
260,948
291,948
292,948
293,948
362,948
363,948
364,948
365,948
366,948
367,948
368,948
369,948
377,948
378,948
379,948
380,948
381,948
382,948
383,948
384,948
385,948
386,948
387,948
388,948
389,948
1006,948
1,949
231,949
232,949
245,949
246,949
252,949
253,949
254,949
255,949
258,949
259,949
260,949
290,949
291,949
292,949
293,949
363,949
364,949
365,949
366,949
367,949
368,949
369,949
370,949
371,949
372,949
373,949
374,949
375,949
376,949
377,949
378,949
379,949
380,949
381,949
382,949
383,949
384,949
385,949
386,949
387,949
388,949
389,949
1006,949
1,950
231,950
232,950
252,950
253,950
254,950
255,950
258,950
259,950
260,950
291,950
292,950
293,950
366,950
367,950
368,950
369,950
370,950
371,950
372,950
373,950
374,950
375,950
376,950
377,950
378,950
379,950
1006,950
1,951
230,951
231,951
232,951
252,951
253,951
254,951
255,951
258,951
259,951
260,951
291,951
292,951
293,951
366,951
367,951
368,951
369,951
370,951
371,951
372,951
373,951
374,951
375,951
376,951
377,951
378,951
1,952
230,952
231,952
232,952
253,952
254,952
255,952
258,952
259,952
260,952
267,952
291,952
292,952
293,952
367,952
368,952
369,952
370,952
371,952
372,952
373,952
374,952
375,952
376,952
377,952
1,953
230,953
231,953
232,953
245,953
246,953
247,953
254,953
255,953
259,953
267,953
291,953
292,953
293,953
368,953
369,953
370,953
371,953
372,953
373,953
374,953
375,953
376,953
377,953
1,954
230,954
231,954
232,954
245,954
246,954
247,954
255,954
291,954
292,954
293,954
369,954
370,954
371,954
372,954
373,954
374,954
375,954
376,954
1,955
229,955
230,955
231,955
232,955
285,955
291,955
292,955
293,955
372,955
1,956
229,956
230,956
231,956
232,956
284,956
285,956
291,956
292,956
293,956
229,957
230,957
231,957
232,957
248,957
249,957
284,957
291,957
292,957
293,957
229,958
230,958
231,958
232,958
248,958
249,958
283,958
284,958
291,958
292,958
293,958
229,959
230,959
231,959
273,959
274,959
275,959
284,959
291,959
292,959
293,959
229,960
230,960
231,960
252,960
273,960
274,960
290,960
291,960
292,960
293,960
18,961
229,961
230,961
231,961
252,961
274,961
290,961
291,961
292,961
293,961
18,962
228,962
229,962
230,962
231,962
252,962
290,962
291,962
292,962
293,962
18,963
228,963
229,963
230,963
290,963
291,963
292,963
293,963
18,964
227,964
228,964
229,964
230,964
288,964
289,964
290,964
291,964
292,964
293,964
18,965
227,965
228,965
229,965
288,965
289,965
290,965
291,965
292,965
293,965
1,966
18,966
227,966
228,966
229,966
287,966
288,966
289,966
290,966
291,966
292,966
293,966
1,967
18,967
227,967
228,967
229,967
286,967
287,967
288,967
289,967
290,967
291,967
292,967
1,968
18,968
228,968
229,968
286,968
287,968
288,968
289,968
290,968
291,968
292,968
1,969
18,969
228,969
229,969
283,969
284,969
285,969
1,970
18,970
228,970
229,970
230,970
278,970
279,970
280,970
281,970
282,970
283,970
284,970
285,970
1,971
18,971
228,971
229,971
230,971
277,971
278,971
279,971
280,971
281,971
282,971
283,971
284,971
1,972
18,972
229,972
230,972
231,972
276,972
277,972
278,972
279,972
280,972
281,972
282,972
283,972
284,972
1,973
18,973
229,973
230,973
231,973
276,973
277,973
278,973
279,973
280,973
281,973
282,973
283,973
18,974
229,974
230,974
231,974
232,974
275,974
276,974
277,974
278,974
279,974
280,974
281,974
18,975
19,975
230,975
231,975
232,975
233,975
257,975
258,975
259,975
260,975
261,975
262,975
263,975
264,975
265,975
266,975
267,975
268,975
269,975
270,975
271,975
272,975
273,975
274,975
275,975
276,975
277,975
278,975
279,975
18,976
19,976
230,976
231,976
232,976
233,976
254,976
255,976
256,976
257,976
258,976
259,976
260,976
261,976
262,976
263,976
264,976
265,976
266,976
267,976
268,976
269,976
270,976
271,976
272,976
273,976
274,976
275,976
276,976
18,977
19,977
230,977
231,977
232,977
233,977
234,977
252,977
253,977
254,977
255,977
256,977
257,977
258,977
259,977
260,977
261,977
262,977
263,977
264,977
265,977
266,977
267,977
268,977
269,977
270,977
271,977
272,977
273,977
274,977
275,977
276,977
18,978
19,978
230,978
231,978
232,978
233,978
234,978
251,978
252,978
253,978
254,978
255,978
256,978
257,978
258,978
259,978
260,978
261,978
262,978
263,978
264,978
265,978
266,978
267,978
268,978
269,978
270,978
271,978
272,978
18,979
19,979
231,979
232,979
233,979
234,979
235,979
236,979
249,979
250,979
251,979
252,979
253,979
254,979
255,979
18,980
19,980
231,980
232,980
233,980
234,980
235,980
236,980
237,980
244,980
245,980
246,980
247,980
248,980
249,980
250,980
251,980
252,980
253,980
18,981
19,981
232,981
233,981
234,981
235,981
236,981
237,981
238,981
239,981
240,981
241,981
242,981
243,981
244,981
245,981
246,981
247,981
248,981
249,981
250,981
251,981
18,982
19,982
233,982
234,982
235,982
236,982
237,982
238,982
239,982
240,982
241,982
242,982
243,982
244,982
245,982
246,982
247,982
248,982
249,982
250,982
18,983
19,983
234,983
235,983
236,983
237,983
238,983
239,983
240,983
241,983
242,983
243,983
244,983
245,983
246,983
247,983
248,983
249,983
250,983
18,984
19,984
18,985
19,985
18,986
19,986
18,987
19,987
18,988
19,988
18,989
19,989
18,990
19,990
1,991
18,991
19,991
1,992
18,992
19,992
1,993
18,993
19,993
1,994
18,994
19,994
1,995
18,995
19,995
1004,995
1,996
18,996
19,996
1004,996
1,997
18,997
19,997
1,998
18,998
19,998
847,998
848,998
849,998
850,998
851,998
852,998
853,998
854,998
855,998
856,998
857,998
858,998
859,998
860,998
861,998
862,998
863,998
864,998
865,998
866,998
867,998
868,998
869,998
870,998
898,998
899,998
900,998
901,998
902,998
904,998
905,998
906,998
937,998
938,998
939,998
940,998
941,998
942,998
943,998
944,998
945,998
946,998
947,998
948,998
949,998
950,998
951,998
1,999
18,999
803,999
804,999
805,999
806,999
807,999
808,999
811,999
812,999
813,999
822,999
823,999
824,999
825,999
826,999
827,999
828,999
829,999
830,999
831,999
832,999
833,999
834,999
835,999
836,999
837,999
838,999
839,999
840,999
841,999
842,999
843,999
844,999
845,999
846,999
847,999
848,999
849,999
850,999
851,999
852,999
853,999
854,999
855,999
856,999
857,999
858,999
859,999
860,999
861,999
862,999
863,999
864,999
865,999
866,999
867,999
868,999
869,999
870,999
871,999
872,999
873,999
874,999
875,999
876,999
877,999
878,999
879,999
880,999
881,999
882,999
883,999
884,999
885,999
886,999
887,999
888,999
889,999
890,999
891,999
892,999
893,999
894,999
895,999
896,999
897,999
898,999
899,999
900,999
901,999
902,999
903,999
904,999
905,999
906,999
907,999
935,999
936,999
937,999
938,999
939,999
940,999
941,999
942,999
943,999
944,999
945,999
946,999
947,999
948,999
949,999
950,999
951,999
952,999
953,999
954,999
955,999
956,999
957,999
958,999
959,999
960,999
961,999
962,999
963,999
964,999
965,999
966,999
967,999
968,999
969,999
970,999
971,999
972,999
973,999
974,999
975,999
976,999
977,999
978,999
979,999
980,999
981,999
982,999
983,999
984,999
985,999
986,999
987,999
988,999
989,999
990,999
991,999
992,999
993,999
994,999
995,999
996,999
997,999
998,999
1,1000
756,1000
757,1000
758,1000
759,1000
760,1000
761,1000
762,1000
763,1000
764,1000
765,1000
766,1000
767,1000
768,1000
769,1000
770,1000
771,1000
772,1000
773,1000
774,1000
775,1000
776,1000
777,1000
778,1000
779,1000
780,1000
781,1000
782,1000
783,1000
784,1000
785,1000
786,1000
787,1000
788,1000
789,1000
790,1000
791,1000
792,1000
793,1000
794,1000
795,1000
796,1000
797,1000
798,1000
799,1000
800,1000
801,1000
802,1000
803,1000
804,1000
805,1000
806,1000
807,1000
808,1000
809,1000
810,1000
811,1000
812,1000
813,1000
814,1000
815,1000
816,1000
817,1000
818,1000
819,1000
820,1000
821,1000
822,1000
823,1000
824,1000
825,1000
826,1000
827,1000
828,1000
829,1000
830,1000
831,1000
832,1000
833,1000
834,1000
835,1000
836,1000
837,1000
838,1000
839,1000
840,1000
841,1000
842,1000
843,1000
844,1000
845,1000
846,1000
847,1000
848,1000
849,1000
850,1000
851,1000
852,1000
853,1000
854,1000
855,1000
856,1000
857,1000
858,1000
859,1000
860,1000
861,1000
862,1000
863,1000
864,1000
865,1000
866,1000
867,1000
868,1000
869,1000
870,1000
871,1000
872,1000
873,1000
874,1000
875,1000
876,1000
877,1000
878,1000
879,1000
880,1000
881,1000
882,1000
883,1000
884,1000
885,1000
886,1000
887,1000
888,1000
889,1000
890,1000
891,1000
892,1000
893,1000
894,1000
895,1000
896,1000
897,1000
898,1000
899,1000
900,1000
901,1000
902,1000
903,1000
904,1000
905,1000
906,1000
907,1000
909,1000
910,1000
911,1000
912,1000
913,1000
914,1000
915,1000
916,1000
917,1000
918,1000
919,1000
920,1000
921,1000
922,1000
923,1000
924,1000
925,1000
926,1000
927,1000
928,1000
929,1000
930,1000
931,1000
932,1000
933,1000
934,1000
935,1000
936,1000
937,1000
938,1000
939,1000
940,1000
941,1000
942,1000
943,1000
944,1000
945,1000
946,1000
947,1000
948,1000
949,1000
950,1000
951,1000
952,1000
953,1000
954,1000
955,1000
956,1000
957,1000
958,1000
959,1000
960,1000
961,1000
962,1000
963,1000
964,1000
965,1000
966,1000
967,1000
968,1000
969,1000
970,1000
971,1000
972,1000
973,1000
974,1000
975,1000
976,1000
977,1000
978,1000
979,1000
980,1000
981,1000
982,1000
983,1000
984,1000
985,1000
986,1000
987,1000
988,1000
989,1000
990,1000
991,1000
992,1000
993,1000
994,1000
995,1000
996,1000
997,1000
998,1000
999,1000
1000,1000
1001,1000
1,1001
18,1001
756,1001
757,1001
758,1001
759,1001
760,1001
761,1001
762,1001
763,1001
764,1001
765,1001
766,1001
767,1001
772,1001
773,1001
774,1001
775,1001
776,1001
777,1001
778,1001
779,1001
780,1001
781,1001
782,1001
783,1001
784,1001
785,1001
786,1001
787,1001
788,1001
789,1001
790,1001
791,1001
792,1001
793,1001
794,1001
795,1001
796,1001
797,1001
798,1001
799,1001
800,1001
801,1001
802,1001
803,1001
804,1001
805,1001
806,1001
807,1001
808,1001
809,1001
810,1001
811,1001
812,1001
813,1001
814,1001
815,1001
820,1001
821,1001
822,1001
823,1001
824,1001
825,1001
826,1001
827,1001
828,1001
829,1001
830,1001
831,1001
832,1001
833,1001
834,1001
835,1001
836,1001
837,1001
838,1001
839,1001
840,1001
841,1001
842,1001
843,1001
844,1001
845,1001
846,1001
847,1001
848,1001
849,1001
850,1001
851,1001
852,1001
853,1001
854,1001
855,1001
856,1001
857,1001
858,1001
859,1001
860,1001
861,1001
862,1001
863,1001
864,1001
865,1001
866,1001
867,1001
868,1001
869,1001
870,1001
871,1001
872,1001
873,1001
874,1001
875,1001
876,1001
877,1001
878,1001
879,1001
880,1001
881,1001
882,1001
883,1001
884,1001
885,1001
886,1001
887,1001
888,1001
889,1001
890,1001
891,1001
892,1001
893,1001
894,1001
895,1001
896,1001
897,1001
898,1001
899,1001
900,1001
901,1001
902,1001
903,1001
904,1001
905,1001
906,1001
907,1001
909,1001
910,1001
911,1001
912,1001
913,1001
914,1001
915,1001
916,1001
917,1001
918,1001
919,1001
920,1001
921,1001
922,1001
923,1001
924,1001
925,1001
926,1001
927,1001
928,1001
929,1001
930,1001
931,1001
932,1001
933,1001
934,1001
935,1001
937,1001
938,1001
939,1001
940,1001
941,1001
942,1001
943,1001
944,1001
945,1001
946,1001
947,1001
948,1001
949,1001
950,1001
951,1001
952,1001
953,1001
954,1001
955,1001
956,1001
957,1001
958,1001
959,1001
960,1001
961,1001
962,1001
963,1001
964,1001
965,1001
966,1001
967,1001
968,1001
969,1001
970,1001
971,1001
972,1001
973,1001
974,1001
975,1001
976,1001
977,1001
978,1001
979,1001
980,1001
981,1001
982,1001
983,1001
984,1001
985,1001
986,1001
987,1001
988,1001
989,1001
990,1001
991,1001
992,1001
993,1001
994,1001
995,1001
996,1001
997,1001
998,1001
999,1001
1000,1001
1001,1001
1,1002
21,1002
22,1002
23,1002
24,1002
25,1002
846,1002
847,1002
848,1002
849,1002
850,1002
851,1002
852,1002
853,1002
854,1002
855,1002
856,1002
857,1002
858,1002
859,1002
860,1002
861,1002
862,1002
863,1002
864,1002
865,1002
866,1002
867,1002
868,1002
869,1002
870,1002
871,1002
872,1002
873,1002
910,1002
911,1002
912,1002
913,1002
914,1002
915,1002
916,1002
917,1002
918,1002
919,1002
920,1002
921,1002
922,1002
923,1002
924,1002
925,1002
926,1002
927,1002
928,1002
929,1002
930,1002
931,1002
932,1002
933,1002
934,1002
935,1002
938,1002
939,1002
948,1002
949,1002
950,1002
951,1002
952,1002
953,1002
954,1002
955,1002
956,1002
957,1002
968,1002
969,1002
970,1002
971,1002
972,1002
973,1002
974,1002
975,1002
976,1002
977,1002
978,1002
979,1002
980,1002
981,1002
982,1002
983,1002
984,1002
985,1002
986,1002
987,1002
988,1002
989,1002
990,1002
991,1002
992,1002
993,1002
994,1002
995,1002
996,1002
997,1002
998,1002
999,1002
1001,1002
1,1003
21,1003
22,1003
23,1003
24,1003
25,1003
126,1003
127,1003
128,1003
129,1003
130,1003
131,1003
137,1003
138,1003
139,1003
140,1003
141,1003
142,1003
143,1003
144,1003
145,1003
146,1003
152,1003
153,1003
154,1003
168,1003
169,1003
170,1003
171,1003
984,1003
985,1003
986,1003
987,1003
990,1003
991,1003
992,1003
993,1003
998,1003
1,1004
21,1004
22,1004
23,1004
24,1004
25,1004
26,1004
27,1004
28,1004
29,1004
30,1004
31,1004
32,1004
33,1004
34,1004
35,1004
36,1004
37,1004
38,1004
39,1004
40,1004
41,1004
42,1004
43,1004
44,1004
45,1004
46,1004
47,1004
48,1004
49,1004
50,1004
51,1004
52,1004
53,1004
54,1004
55,1004
56,1004
57,1004
58,1004
59,1004
60,1004
61,1004
62,1004
63,1004
64,1004
65,1004
66,1004
67,1004
68,1004
69,1004
70,1004
71,1004
72,1004
73,1004
74,1004
75,1004
76,1004
77,1004
78,1004
79,1004
80,1004
81,1004
82,1004
83,1004
84,1004
85,1004
86,1004
87,1004
88,1004
89,1004
90,1004
126,1004
127,1004
128,1004
129,1004
130,1004
131,1004
132,1004
133,1004
134,1004
135,1004
136,1004
137,1004
138,1004
139,1004
140,1004
141,1004
142,1004
143,1004
144,1004
145,1004
146,1004
147,1004
148,1004
149,1004
150,1004
151,1004
152,1004
153,1004
154,1004
155,1004
167,1004
168,1004
169,1004
170,1004
171,1004
172,1004
820,1004
821,1004
822,1004
1,1005
21,1005
22,1005
23,1005
24,1005
25,1005
26,1005
27,1005
28,1005
29,1005
30,1005
31,1005
32,1005
33,1005
34,1005
35,1005
36,1005
37,1005
38,1005
39,1005
40,1005
41,1005
42,1005
43,1005
44,1005
45,1005
46,1005
47,1005
48,1005
49,1005
50,1005
51,1005
52,1005
53,1005
54,1005
55,1005
56,1005
57,1005
58,1005
59,1005
60,1005
61,1005
62,1005
63,1005
64,1005
65,1005
66,1005
67,1005
68,1005
69,1005
70,1005
71,1005
72,1005
73,1005
74,1005
75,1005
76,1005
77,1005
78,1005
79,1005
80,1005
81,1005
82,1005
83,1005
84,1005
85,1005
86,1005
87,1005
88,1005
89,1005
90,1005
689,1005
690,1005
695,1005
714,1005
715,1005
716,1005
717,1005
721,1005
722,1005
723,1005
724,1005
725,1005
726,1005
727,1005
728,1005
729,1005
730,1005
731,1005
732,1005
733,1005
734,1005
735,1005
736,1005
737,1005
738,1005
739,1005
740,1005
741,1005
742,1005
743,1005
744,1005
745,1005
746,1005
747,1005
748,1005
749,1005
750,1005
751,1005
752,1005
753,1005
754,1005
755,1005
756,1005
757,1005
758,1005
759,1005
760,1005
761,1005
762,1005
763,1005
764,1005
765,1005
766,1005
767,1005
768,1005
769,1005
770,1005
771,1005
772,1005
773,1005
774,1005
775,1005
776,1005
777,1005
778,1005
779,1005
780,1005
781,1005
782,1005
783,1005
784,1005
785,1005
786,1005
787,1005
788,1005
789,1005
790,1005
791,1005
792,1005
793,1005
794,1005
795,1005
796,1005
797,1005
798,1005
805,1005
806,1005
807,1005
808,1005
809,1005
810,1005
811,1005
812,1005
813,1005
814,1005
815,1005
816,1005
819,1005
820,1005
821,1005
822,1005
823,1005
824,1005
825,1005
826,1005
827,1005
828,1005
834,1005
835,1005
836,1005
837,1005
838,1005
839,1005
840,1005
841,1005
842,1005
843,1005
844,1005
845,1005
846,1005
847,1005
848,1005
849,1005
850,1005
851,1005
852,1005
853,1005
854,1005
855,1005
856,1005
857,1005
858,1005
859,1005
860,1005
861,1005
862,1005
863,1005
864,1005
865,1005
866,1005
867,1005
868,1005
869,1005
870,1005
871,1005
872,1005
873,1005
874,1005
875,1005
876,1005
877,1005
878,1005
879,1005
880,1005
881,1005
882,1005
883,1005
884,1005
885,1005
886,1005
887,1005
888,1005
889,1005
890,1005
891,1005
892,1005
893,1005
894,1005
895,1005
896,1005
897,1005
898,1005
899,1005
900,1005
906,1005
907,1005
908,1005
935,1005
941,1005
942,1005
943,1005
944,1005
945,1005
946,1005
947,1005
948,1005
949,1005
950,1005
951,1005
952,1005
953,1005
954,1005
955,1005
956,1005
957,1005
958,1005
959,1005
960,1005
961,1005
962,1005
963,1005
964,1005
965,1005
966,1005
967,1005
968,1005
969,1005
970,1005
971,1005
972,1005
973,1005
974,1005
975,1005
976,1005
977,1005
978,1005
988,1005
989,1005
1,1006
31,1006
32,1006
33,1006
34,1006
35,1006
65,1006
66,1006
67,1006
68,1006
69,1006
70,1006
71,1006
72,1006
73,1006
74,1006
75,1006
336,1006
337,1006
338,1006
346,1006
347,1006
348,1006
349,1006
350,1006
375,1006
376,1006
377,1006
378,1006
379,1006
380,1006
381,1006
382,1006
383,1006
384,1006
385,1006
386,1006
387,1006
388,1006
389,1006
390,1006
391,1006
392,1006
553,1006
554,1006
555,1006
556,1006
557,1006
572,1006
573,1006
574,1006
575,1006
576,1006
577,1006
578,1006
579,1006
580,1006
581,1006
582,1006
583,1006
584,1006
585,1006
586,1006
587,1006
588,1006
589,1006
590,1006
591,1006
592,1006
593,1006
594,1006
595,1006
596,1006
597,1006
598,1006
599,1006
600,1006
601,1006
602,1006
603,1006
604,1006
605,1006
606,1006
607,1006
608,1006
609,1006
610,1006
611,1006
612,1006
613,1006
614,1006
615,1006
616,1006
617,1006
618,1006
619,1006
620,1006
621,1006
622,1006
623,1006
624,1006
625,1006
626,1006
627,1006
628,1006
629,1006
630,1006
631,1006
632,1006
633,1006
634,1006
635,1006
636,1006
637,1006
638,1006
639,1006
640,1006
641,1006
642,1006
643,1006
644,1006
645,1006
646,1006
647,1006
648,1006
649,1006
650,1006
651,1006
652,1006
653,1006
654,1006
655,1006
656,1006
657,1006
658,1006
659,1006
660,1006
661,1006
662,1006
663,1006
664,1006
665,1006
666,1006
667,1006
668,1006
669,1006
670,1006
671,1006
672,1006
673,1006
674,1006
675,1006
676,1006
677,1006
678,1006
679,1006
680,1006
681,1006
682,1006
683,1006
684,1006
685,1006
686,1006
687,1006
688,1006
689,1006
690,1006
691,1006
692,1006
693,1006
694,1006
695,1006
696,1006
697,1006
698,1006
699,1006
700,1006
701,1006
702,1006
703,1006
704,1006
705,1006
706,1006
707,1006
708,1006
709,1006
715,1006
716,1006
717,1006
718,1006
721,1006
722,1006
723,1006
724,1006
725,1006
726,1006
727,1006
728,1006
729,1006
730,1006
731,1006
732,1006
733,1006
734,1006
735,1006
736,1006
737,1006
738,1006
739,1006
740,1006
741,1006
742,1006
743,1006
744,1006
745,1006
746,1006
747,1006
748,1006
749,1006
750,1006
751,1006
752,1006
753,1006
754,1006
755,1006
756,1006
757,1006
758,1006
759,1006
760,1006
761,1006
762,1006
763,1006
764,1006
765,1006
766,1006
767,1006
768,1006
769,1006
770,1006
771,1006
772,1006
773,1006
774,1006
775,1006
776,1006
777,1006
778,1006
779,1006
780,1006
781,1006
782,1006
783,1006
784,1006
785,1006
786,1006
787,1006
788,1006
789,1006
790,1006
791,1006
792,1006
793,1006
794,1006
795,1006
796,1006
797,1006
798,1006
804,1006
805,1006
806,1006
807,1006
808,1006
809,1006
810,1006
811,1006
812,1006
813,1006
814,1006
815,1006
816,1006
819,1006
820,1006
821,1006
822,1006
823,1006
824,1006
825,1006
826,1006
827,1006
828,1006
834,1006
835,1006
836,1006
837,1006
838,1006
839,1006
840,1006
841,1006
842,1006
843,1006
844,1006
845,1006
846,1006
847,1006
848,1006
849,1006
850,1006
851,1006
852,1006
853,1006
854,1006
855,1006
856,1006
857,1006
858,1006
859,1006
860,1006
861,1006
862,1006
863,1006
864,1006
865,1006
866,1006
867,1006
868,1006
869,1006
870,1006
871,1006
872,1006
873,1006
874,1006
875,1006
876,1006
877,1006
878,1006
879,1006
880,1006
881,1006
882,1006
883,1006
884,1006
885,1006
886,1006
887,1006
888,1006
889,1006
890,1006
891,1006
892,1006
893,1006
894,1006
895,1006
896,1006
897,1006
898,1006
899,1006
900,1006
901,1006
902,1006
903,1006
906,1006
907,1006
908,1006
909,1006
910,1006
911,1006
912,1006
913,1006
914,1006
915,1006
916,1006
917,1006
918,1006
919,1006
920,1006
921,1006
922,1006
923,1006
924,1006
925,1006
926,1006
927,1006
928,1006
929,1006
930,1006
931,1006
932,1006
933,1006
934,1006
935,1006
936,1006
940,1006
941,1006
942,1006
943,1006
944,1006
945,1006
946,1006
947,1006
948,1006
949,1006
950,1006
951,1006
952,1006
953,1006
954,1006
955,1006
956,1006
957,1006
958,1006
959,1006
960,1006
961,1006
962,1006
963,1006
964,1006
965,1006
966,1006
967,1006
968,1006
969,1006
970,1006
971,1006
972,1006
973,1006
974,1006
975,1006
976,1006
977,1006
978,1006
979,1006
980,1006
981,1006
982,1006
983,1006
984,1006
985,1006
986,1006
987,1006
988,1006
989,1006
990,1006
991,1006
992,1006
993,1006
994,1006
995,1006
996,1006
997,1006
998,1006
999,1006
1000,1006
1001,1006
1002,1006
1003,1006
1,1007
536,1007
537,1007
538,1007
539,1007
540,1007
550,1007
551,1007
552,1007
553,1007
554,1007
555,1007
556,1007
557,1007
558,1007
559,1007
560,1007
561,1007
562,1007
563,1007
564,1007
565,1007
566,1007
567,1007
568,1007
569,1007
570,1007
571,1007
572,1007
573,1007
574,1007
575,1007
576,1007
577,1007
578,1007
579,1007
580,1007
581,1007
582,1007
583,1007
584,1007
585,1007
586,1007
587,1007
588,1007
589,1007
590,1007
591,1007
592,1007
593,1007
594,1007
595,1007
596,1007
597,1007
598,1007
599,1007
600,1007
601,1007
602,1007
603,1007
604,1007
605,1007
606,1007
607,1007
608,1007
609,1007
610,1007
611,1007
612,1007
613,1007
614,1007
615,1007
616,1007
617,1007
618,1007
619,1007
620,1007
621,1007
622,1007
623,1007
624,1007
625,1007
626,1007
627,1007
628,1007
629,1007
630,1007
631,1007
632,1007
633,1007
634,1007
635,1007
636,1007
637,1007
638,1007
639,1007
640,1007
641,1007
642,1007
643,1007
644,1007
645,1007
646,1007
647,1007
648,1007
649,1007
650,1007
651,1007
652,1007
653,1007
654,1007
655,1007
656,1007
657,1007
658,1007
659,1007
660,1007
661,1007
662,1007
663,1007
664,1007
665,1007
666,1007
667,1007
668,1007
669,1007
670,1007
671,1007
672,1007
673,1007
674,1007
675,1007
676,1007
677,1007
678,1007
679,1007
680,1007
681,1007
682,1007
683,1007
684,1007
685,1007
686,1007
687,1007
688,1007
689,1007
690,1007
691,1007
692,1007
693,1007
694,1007
695,1007
696,1007
697,1007
698,1007
699,1007
700,1007
701,1007
702,1007
703,1007
704,1007
705,1007
706,1007
707,1007
708,1007
715,1007
716,1007
717,1007
768,1007
769,1007
770,1007
771,1007
772,1007
773,1007
774,1007
775,1007
776,1007
777,1007
778,1007
779,1007
780,1007
781,1007
782,1007
783,1007
784,1007
785,1007
786,1007
787,1007
788,1007
789,1007
790,1007
791,1007
792,1007
793,1007
794,1007
795,1007
796,1007
797,1007
798,1007
804,1007
805,1007
806,1007
807,1007
808,1007
809,1007
810,1007
811,1007
812,1007
813,1007
814,1007
815,1007
816,1007
819,1007
820,1007
821,1007
822,1007
823,1007
824,1007
825,1007
826,1007
827,1007
828,1007
829,1007
830,1007
831,1007
832,1007
833,1007
834,1007
835,1007
836,1007
837,1007
838,1007
839,1007
840,1007
841,1007
842,1007
843,1007
844,1007
845,1007
846,1007
847,1007
848,1007
849,1007
850,1007
851,1007
852,1007
853,1007
854,1007
855,1007
856,1007
857,1007
858,1007
859,1007
860,1007
861,1007
862,1007
863,1007
864,1007
865,1007
866,1007
867,1007
868,1007
869,1007
870,1007
871,1007
872,1007
873,1007
874,1007
875,1007
876,1007
877,1007
878,1007
879,1007
880,1007
881,1007
882,1007
883,1007
884,1007
885,1007
886,1007
887,1007
888,1007
889,1007
890,1007
891,1007
892,1007
893,1007
894,1007
895,1007
896,1007
897,1007
898,1007
899,1007
900,1007
901,1007
902,1007
903,1007
904,1007
905,1007
906,1007
907,1007
908,1007
909,1007
910,1007
911,1007
912,1007
913,1007
914,1007
915,1007
916,1007
917,1007
918,1007
919,1007
920,1007
921,1007
922,1007
923,1007
924,1007
925,1007
926,1007
927,1007
928,1007
929,1007
930,1007
931,1007
932,1007
933,1007
934,1007
935,1007
936,1007
937,1007
938,1007
939,1007
940,1007
941,1007
942,1007
943,1007
944,1007
945,1007
946,1007
947,1007
948,1007
949,1007
950,1007
951,1007
952,1007
953,1007
954,1007
955,1007
956,1007
957,1007
958,1007
959,1007
960,1007
961,1007
962,1007
963,1007
964,1007
965,1007
966,1007
967,1007
968,1007
969,1007
970,1007
971,1007
972,1007
973,1007
974,1007
975,1007
976,1007
977,1007
978,1007
979,1007
980,1007
981,1007
982,1007
983,1007
984,1007
985,1007
986,1007
987,1007
988,1007
989,1007
990,1007
991,1007
992,1007
993,1007
994,1007
995,1007
996,1007
997,1007
998,1007
999,1007
1000,1007
1001,1007
1002,1007
1003,1007
1004,1007
1005,1007
1006,1007
1,1008
573,1008
574,1008
575,1008
576,1008
577,1008
578,1008
579,1008
580,1008
581,1008
582,1008
583,1008
584,1008
585,1008
586,1008
587,1008
588,1008
589,1008
590,1008
591,1008
592,1008
593,1008
594,1008
595,1008
596,1008
597,1008
598,1008
599,1008
600,1008
601,1008
602,1008
603,1008
604,1008
605,1008
606,1008
607,1008
608,1008
609,1008
610,1008
611,1008
612,1008
613,1008
614,1008
615,1008
616,1008
617,1008
618,1008
619,1008
620,1008
621,1008
622,1008
623,1008
624,1008
625,1008
626,1008
627,1008
628,1008
629,1008
630,1008
631,1008
632,1008
633,1008
634,1008
635,1008
636,1008
637,1008
638,1008
639,1008
640,1008
641,1008
642,1008
643,1008
644,1008
645,1008
646,1008
647,1008
648,1008
649,1008
650,1008
651,1008
652,1008
653,1008
654,1008
655,1008
656,1008
657,1008
658,1008
661,1008
662,1008
663,1008
664,1008
665,1008
666,1008
667,1008
668,1008
669,1008
670,1008
671,1008
672,1008
673,1008
674,1008
675,1008
676,1008
677,1008
678,1008
679,1008
680,1008
681,1008
682,1008
683,1008
684,1008
685,1008
686,1008
687,1008
688,1008
689,1008
690,1008
691,1008
692,1008
693,1008
694,1008
695,1008
696,1008
697,1008
698,1008
699,1008
700,1008
701,1008
702,1008
703,1008
704,1008
705,1008
706,1008
707,1008
708,1008
715,1008
716,1008
717,1008
792,1008
793,1008
794,1008
795,1008
796,1008
797,1008
798,1008
799,1008
800,1008
801,1008
802,1008
803,1008
804,1008
805,1008
806,1008
807,1008
808,1008
809,1008
810,1008
811,1008
812,1008
813,1008
814,1008
815,1008
816,1008
817,1008
818,1008
819,1008
820,1008
821,1008
822,1008
823,1008
824,1008
825,1008
826,1008
827,1008
828,1008
829,1008
830,1008
831,1008
832,1008
833,1008
834,1008
835,1008
836,1008
837,1008
838,1008
839,1008
840,1008
841,1008
842,1008
843,1008
844,1008
845,1008
846,1008
847,1008
848,1008
849,1008
850,1008
851,1008
852,1008
853,1008
854,1008
855,1008
856,1008
857,1008
858,1008
859,1008
860,1008
861,1008
862,1008
863,1008
864,1008
865,1008
866,1008
867,1008
868,1008
869,1008
870,1008
871,1008
872,1008
873,1008
874,1008
875,1008
876,1008
877,1008
878,1008
879,1008
880,1008
881,1008
882,1008
883,1008
884,1008
885,1008
886,1008
887,1008
888,1008
889,1008
890,1008
891,1008
892,1008
893,1008
894,1008
895,1008
896,1008
897,1008
898,1008
899,1008
900,1008
901,1008
902,1008
903,1008
904,1008
905,1008
906,1008
907,1008
908,1008
909,1008
910,1008
911,1008
912,1008
913,1008
914,1008
915,1008
916,1008
917,1008
918,1008
919,1008
920,1008
921,1008
922,1008
923,1008
924,1008
925,1008
926,1008
927,1008
928,1008
929,1008
930,1008
931,1008
932,1008
933,1008
934,1008
935,1008
936,1008
937,1008
938,1008
939,1008
940,1008
941,1008
942,1008
943,1008
944,1008
945,1008
946,1008
947,1008
948,1008
949,1008
950,1008
951,1008
952,1008
953,1008
954,1008
955,1008
956,1008
957,1008
958,1008
959,1008
960,1008
961,1008
962,1008
963,1008
964,1008
965,1008
966,1008
967,1008
968,1008
969,1008
970,1008
971,1008
972,1008
973,1008
974,1008
975,1008
976,1008
977,1008
978,1008
979,1008
980,1008
981,1008
982,1008
983,1008
984,1008
985,1008
986,1008
987,1008
988,1008
989,1008
990,1008
991,1008
992,1008
993,1008
994,1008
995,1008
996,1008
997,1008
998,1008
999,1008
1000,1008
1001,1008
1002,1008
1003,1008
1004,1008
1005,1008
1006,1008
1,1009
578,1009
579,1009
580,1009
581,1009
582,1009
583,1009
590,1009
591,1009
592,1009
593,1009
594,1009
595,1009
596,1009
597,1009
598,1009
599,1009
600,1009
601,1009
603,1009
604,1009
608,1009
609,1009
610,1009
611,1009
612,1009
613,1009
614,1009
615,1009
616,1009
617,1009
618,1009
619,1009
620,1009
621,1009
622,1009
623,1009
624,1009
625,1009
715,1009
716,1009
737,1009
745,1009
746,1009
747,1009
748,1009
749,1009
800,1009
801,1009
802,1009
803,1009
804,1009
805,1009
806,1009
807,1009
808,1009
809,1009
810,1009
811,1009
812,1009
813,1009
814,1009
815,1009
816,1009
817,1009
818,1009
819,1009
820,1009
821,1009
822,1009
823,1009
824,1009
825,1009
826,1009
827,1009
828,1009
829,1009
830,1009
831,1009
832,1009
833,1009
834,1009
835,1009
836,1009
837,1009
838,1009
839,1009
840,1009
841,1009
842,1009
843,1009
844,1009
845,1009
848,1009
849,1009
850,1009
851,1009
852,1009
853,1009
854,1009
855,1009
856,1009
857,1009
858,1009
859,1009
860,1009
861,1009
862,1009
863,1009
864,1009
865,1009
866,1009
867,1009
868,1009
869,1009
870,1009
871,1009
872,1009
873,1009
874,1009
875,1009
876,1009
877,1009
878,1009
879,1009
880,1009
881,1009
882,1009
883,1009
884,1009
885,1009
886,1009
887,1009
888,1009
889,1009
890,1009
891,1009
892,1009
893,1009
894,1009
895,1009
896,1009
897,1009
898,1009
899,1009
900,1009
901,1009
902,1009
903,1009
904,1009
905,1009
906,1009
907,1009
908,1009
909,1009
910,1009
911,1009
912,1009
913,1009
914,1009
915,1009
916,1009
917,1009
918,1009
919,1009
920,1009
921,1009
922,1009
923,1009
924,1009
925,1009
926,1009
927,1009
928,1009
929,1009
930,1009
931,1009
932,1009
933,1009
934,1009
935,1009
936,1009
937,1009
938,1009
939,1009
940,1009
941,1009
942,1009
943,1009
944,1009
945,1009
946,1009
947,1009
948,1009
949,1009
950,1009
951,1009
952,1009
953,1009
954,1009
955,1009
956,1009
957,1009
958,1009
959,1009
960,1009
961,1009
962,1009
963,1009
964,1009
965,1009
966,1009
967,1009
968,1009
969,1009
970,1009
971,1009
972,1009
973,1009
974,1009
975,1009
976,1009
977,1009
978,1009
979,1009
980,1009
981,1009
982,1009
983,1009
984,1009
985,1009
986,1009
987,1009
988,1009
989,1009
990,1009
991,1009
992,1009
993,1009
994,1009
995,1009
996,1009
997,1009
998,1009
999,1009
1000,1009
1001,1009
1002,1009
1003,1009
1004,1009
1005,1009
1006,1009
1,1010
859,1010
860,1010
861,1010
862,1010
863,1010
864,1010
865,1010
866,1010
867,1010
868,1010
869,1010
870,1010
871,1010
872,1010
873,1010
874,1010
875,1010
876,1010
877,1010
878,1010
879,1010
880,1010
881,1010
882,1010
883,1010
884,1010
885,1010
886,1010
887,1010
888,1010
889,1010
890,1010
891,1010
892,1010
893,1010
894,1010
895,1010
896,1010
897,1010
898,1010
899,1010
913,1010
914,1010
915,1010
916,1010
917,1010
918,1010
919,1010
920,1010
921,1010
922,1010
923,1010
924,1010
925,1010
926,1010
927,1010
928,1010
929,1010
930,1010
931,1010
932,1010
933,1010
934,1010
935,1010
936,1010
937,1010
938,1010
939,1010
940,1010
941,1010
942,1010
943,1010
944,1010
945,1010
946,1010
947,1010
948,1010
949,1010
950,1010
951,1010
952,1010
953,1010
954,1010
955,1010
956,1010
957,1010
958,1010
959,1010
960,1010
961,1010
962,1010
963,1010
964,1010
965,1010
966,1010
967,1010
968,1010
969,1010
970,1010
971,1010
972,1010
973,1010
974,1010
975,1010
976,1010
977,1010
978,1010
979,1010
980,1010
981,1010
982,1010
983,1010
984,1010
985,1010
986,1010
987,1010
988,1010
989,1010
990,1010
991,1010
992,1010
993,1010
994,1010
995,1010
996,1010
997,1010
998,1010
999,1010
1000,1010
1001,1010
1002,1010
1003,1010
1,1011
1,1012
1,1013
1,1014
61,1021
62,1021
63,1021
64,1021
65,1021
66,1021
67,1021
68,1021
69,1021
70,1021
71,1021
72,1021
73,1021
74,1021
75,1021
76,1021
77,1021
78,1021
79,1021
80,1021
81,1021
82,1021
83,1021
84,1021
85,1021
86,1021
87,1021
88,1021
89,1021
90,1021
91,1021
92,1021
93,1021
94,1021
95,1021
96,1021
97,1021
98,1021
99,1021
100,1021
101,1021
102,1021
103,1021
104,1021
105,1021
106,1021
107,1021
108,1021
109,1021
110,1021
111,1021
112,1021
113,1021
114,1021
115,1021
116,1021
117,1021
118,1021
119,1021
120,1021
121,1021
122,1021
123,1021
124,1021
125,1021
126,1021
127,1021
128,1021
129,1021
130,1021
131,1021
132,1021
133,1021
134,1021
135,1021
136,1021
137,1021
138,1021
139,1021
140,1021
141,1021
142,1021
143,1021
144,1021
145,1021
146,1021
147,1021
148,1021
149,1021
150,1021
151,1021
152,1021
153,1021
154,1021
155,1021
156,1021
157,1021
158,1021
159,1021
160,1021
333,1021
334,1021
335,1021
336,1021
337,1021
338,1021
339,1021
340,1021
341,1021
342,1021
343,1021
344,1021
345,1021
346,1021
347,1021
348,1021
349,1021
350,1021
351,1021
589,1021
590,1021
591,1021
592,1021
593,1021
594,1021
595,1021
596,1021
597,1021
598,1021
599,1021
600,1021
601,1021
602,1021
603,1021
604,1021
605,1021
606,1021
607,1021
608,1021
609,1021
610,1021
611,1021
612,1021
613,1021
614,1021
615,1021
616,1021
617,1021
618,1021
619,1021
620,1021
621,1021
622,1021
623,1021
624,1021
625,1021
629,1021
630,1021
631,1021
632,1021
633,1021
634,1021
635,1021
636,1021
637,1021
638,1021
639,1021
640,1021
641,1021
642,1021
643,1021
644,1021
645,1021
646,1021
647,1021
648,1021
649,1021
650,1021
651,1021
652,1021
653,1021
654,1021
655,1021
656,1021
657,1021
658,1021
659,1021
660,1021
661,1021
662,1021
663,1021
664,1021
665,1021
666,1021
667,1021
668,1021
669,1021
670,1021
671,1021
672,1021
673,1021
674,1021
675,1021
676,1021
677,1021
678,1021
679,1021
680,1021
681,1021
682,1021
683,1021
684,1021
685,1021
686,1021
687,1021
688,1021
689,1021
690,1021
691,1021
692,1021
693,1021
694,1021
695,1021
696,1021
697,1021
698,1021
699,1021
700,1021
701,1021
702,1021
703,1021
704,1021
705,1021
706,1021
707,1021
708,1021
709,1021
710,1021
711,1021
712,1021
713,1021
714,1021
715,1021
716,1021
717,1021
718,1021
719,1021
720,1021
721,1021
722,1021
723,1021
724,1021
725,1021
726,1021
727,1021
728,1021
729,1021
730,1021
731,1021
732,1021
733,1021
734,1021
735,1021
736,1021
737,1021
738,1021
739,1021
740,1021
741,1021
742,1021
743,1021
744,1021
745,1021
746,1021
747,1021
748,1021
749,1021
750,1021
751,1021
752,1021
753,1021
754,1021
755,1021
756,1021
757,1021
758,1021
759,1021
760,1021
761,1021
762,1021
763,1021
764,1021
765,1021
766,1021
767,1021
768,1021
769,1021
770,1021
771,1021
772,1021
773,1021
781,1021
782,1021
783,1021
784,1021
785,1021
786,1021
787,1021
788,1021
789,1021
790,1021
791,1021
792,1021
793,1021
794,1021
795,1021
796,1021
797,1021
798,1021
799,1021
800,1021
801,1021
802,1021
803,1021
804,1021
805,1021
806,1021
807,1021
808,1021
809,1021
918,1021
919,1021
920,1021
921,1021
922,1021
923,1021
924,1021
925,1021
926,1021
927,1021
6,1022
7,1022
60,1022
61,1022
62,1022
63,1022
64,1022
65,1022
66,1022
67,1022
68,1022
69,1022
70,1022
71,1022
72,1022
73,1022
74,1022
75,1022
76,1022
77,1022
78,1022
79,1022
80,1022
81,1022
82,1022
83,1022
84,1022
85,1022
86,1022
87,1022
88,1022
89,1022
90,1022
91,1022
92,1022
93,1022
94,1022
95,1022
96,1022
97,1022
98,1022
99,1022
100,1022
101,1022
102,1022
103,1022
104,1022
105,1022
106,1022
107,1022
108,1022
109,1022
110,1022
111,1022
112,1022
113,1022
114,1022
115,1022
116,1022
117,1022
118,1022
119,1022
120,1022
121,1022
122,1022
123,1022
124,1022
125,1022
126,1022
127,1022
128,1022
129,1022
130,1022
131,1022
132,1022
133,1022
134,1022
135,1022
136,1022
137,1022
138,1022
139,1022
140,1022
141,1022
142,1022
143,1022
144,1022
145,1022
146,1022
147,1022
148,1022
149,1022
150,1022
151,1022
152,1022
153,1022
154,1022
155,1022
156,1022
157,1022
158,1022
159,1022
160,1022
161,1022
162,1022
163,1022
164,1022
165,1022
170,1022
171,1022
172,1022
173,1022
330,1022
331,1022
332,1022
333,1022
334,1022
335,1022
336,1022
337,1022
338,1022
339,1022
340,1022
341,1022
342,1022
343,1022
344,1022
345,1022
346,1022
347,1022
348,1022
349,1022
350,1022
351,1022
352,1022
463,1022
464,1022
478,1022
535,1022
590,1022
591,1022
592,1022
593,1022
594,1022
595,1022
600,1022
601,1022
602,1022
603,1022
604,1022
605,1022
606,1022
607,1022
608,1022
609,1022
610,1022
611,1022
612,1022
613,1022
614,1022
615,1022
616,1022
617,1022
618,1022
619,1022
620,1022
621,1022
622,1022
623,1022
624,1022
625,1022
626,1022
627,1022
628,1022
629,1022
630,1022
631,1022
632,1022
633,1022
634,1022
635,1022
636,1022
637,1022
638,1022
639,1022
640,1022
641,1022
642,1022
643,1022
644,1022
645,1022
646,1022
647,1022
648,1022
649,1022
650,1022
651,1022
652,1022
653,1022
654,1022
655,1022
656,1022
657,1022
658,1022
659,1022
660,1022
661,1022
662,1022
663,1022
664,1022
665,1022
666,1022
667,1022
668,1022
669,1022
670,1022
671,1022
672,1022
673,1022
674,1022
675,1022
676,1022
677,1022
678,1022
679,1022
680,1022
681,1022
682,1022
683,1022
684,1022
685,1022
686,1022
687,1022
688,1022
689,1022
690,1022
691,1022
692,1022
693,1022
694,1022
695,1022
696,1022
697,1022
698,1022
699,1022
700,1022
701,1022
702,1022
703,1022
704,1022
705,1022
706,1022
707,1022
708,1022
709,1022
710,1022
711,1022
712,1022
713,1022
714,1022
715,1022
716,1022
717,1022
718,1022
719,1022
720,1022
721,1022
722,1022
723,1022
724,1022
725,1022
726,1022
727,1022
728,1022
729,1022
730,1022
731,1022
732,1022
733,1022
734,1022
735,1022
736,1022
737,1022
738,1022
739,1022
740,1022
741,1022
742,1022
743,1022
744,1022
745,1022
746,1022
747,1022
748,1022
749,1022
750,1022
751,1022
752,1022
753,1022
754,1022
755,1022
756,1022
757,1022
758,1022
759,1022
760,1022
761,1022
762,1022
763,1022
764,1022
765,1022
766,1022
767,1022
768,1022
769,1022
770,1022
771,1022
772,1022
773,1022
774,1022
775,1022
776,1022
777,1022
778,1022
779,1022
780,1022
781,1022
782,1022
783,1022
784,1022
785,1022
786,1022
787,1022
788,1022
789,1022
790,1022
791,1022
792,1022
793,1022
794,1022
795,1022
796,1022
797,1022
798,1022
799,1022
800,1022
801,1022
802,1022
803,1022
804,1022
805,1022
806,1022
807,1022
808,1022
809,1022
810,1022
811,1022
812,1022
813,1022
814,1022
815,1022
816,1022
817,1022
818,1022
819,1022
820,1022
821,1022
822,1022
823,1022
824,1022
825,1022
826,1022
827,1022
828,1022
829,1022
830,1022
831,1022
832,1022
833,1022
834,1022
835,1022
836,1022
837,1022
838,1022
839,1022
840,1022
841,1022
842,1022
843,1022
844,1022
845,1022
846,1022
847,1022
848,1022
849,1022
850,1022
851,1022
852,1022
853,1022
854,1022
855,1022
856,1022
857,1022
858,1022
859,1022
860,1022
861,1022
862,1022
863,1022
864,1022
865,1022
866,1022
867,1022
868,1022
869,1022
870,1022
871,1022
872,1022
873,1022
874,1022
875,1022
876,1022
877,1022
878,1022
879,1022
880,1022
881,1022
882,1022
883,1022
884,1022
885,1022
886,1022
887,1022
888,1022
889,1022
890,1022
891,1022
892,1022
893,1022
894,1022
895,1022
896,1022
897,1022
898,1022
899,1022
900,1022
901,1022
902,1022
903,1022
904,1022
905,1022
906,1022
907,1022
908,1022
909,1022
910,1022
911,1022
912,1022
913,1022
914,1022
915,1022
916,1022
917,1022
918,1022
919,1022
920,1022
921,1022
922,1022
923,1022
924,1022
925,1022
926,1022
927,1022
928,1022
940,1022
941,1022
942,1022
943,1022
944,1022
945,1022
946,1022
947,1022
948,1022
949,1022
950,1022
951,1022
952,1022
953,1022
954,1022
955,1022
956,1022
957,1022
958,1022
959,1022
960,1022
961,1022
962,1022
963,1022
964,1022
965,1022
966,1022
967,1022
968,1022
969,1022
970,1022
971,1022
972,1022
973,1022
974,1022
975,1022
976,1022
977,1022
978,1022
979,1022
980,1022
981,1022
982,1022
983,1022
984,1022
985,1022
986,1022
987,1022
988,1022
989,1022
990,1022
991,1022
992,1022
993,1022
994,1022
995,1022
996,1022
997,1022
998,1022
999,1022
1000,1022
1001,1022
1002,1022
1003,1022
1004,1022
1005,1022
1006,1022
1007,1022
1008,1022
1009,1022
1010,1022
1011,1022
1012,1022
1013,1022
1014,1022
6,1023
7,1023
333,1023
334,1023
335,1023
336,1023
337,1023
338,1023
339,1023
340,1023
341,1023
342,1023
343,1023
344,1023
345,1023
346,1023
347,1023
348,1023
349,1023
350,1023
351,1023
463,1023
464,1023
478,1023
535,1023
628,1023
629,1023
630,1023
631,1023
632,1023
633,1023
634,1023
635,1023
636,1023
637,1023
638,1023
639,1023
640,1023
641,1023
642,1023
643,1023
644,1023
645,1023
646,1023
649,1023
650,1023
651,1023
652,1023
653,1023
654,1023
655,1023
656,1023
657,1023
658,1023
659,1023
660,1023
661,1023
662,1023
663,1023
664,1023
665,1023
666,1023
667,1023
668,1023
669,1023
670,1023
671,1023
672,1023
673,1023
674,1023
675,1023
676,1023
677,1023
678,1023
679,1023
680,1023
681,1023
682,1023
683,1023
684,1023
685,1023
686,1023
687,1023
688,1023
689,1023
690,1023
691,1023
692,1023
693,1023
694,1023
695,1023
696,1023
697,1023
698,1023
699,1023
700,1023
701,1023
702,1023
703,1023
704,1023
705,1023
706,1023
707,1023
708,1023
709,1023
710,1023
711,1023
712,1023
713,1023
714,1023
715,1023
716,1023
717,1023
718,1023
719,1023
720,1023
721,1023
722,1023
723,1023
724,1023
725,1023
726,1023
727,1023
728,1023
729,1023
730,1023
731,1023
732,1023
733,1023
734,1023
735,1023
736,1023
737,1023
738,1023
739,1023
740,1023
741,1023
742,1023
743,1023
744,1023
745,1023
746,1023
747,1023
748,1023
749,1023
750,1023
751,1023
752,1023
753,1023
754,1023
755,1023
756,1023
757,1023
758,1023
759,1023
760,1023
761,1023
762,1023
763,1023
764,1023
765,1023
766,1023
767,1023
768,1023
769,1023
770,1023
771,1023
772,1023
773,1023
774,1023
775,1023
776,1023
777,1023
778,1023
779,1023
780,1023
781,1023
782,1023
783,1023
784,1023
785,1023
786,1023
787,1023
788,1023
789,1023
790,1023
791,1023
792,1023
793,1023
794,1023
795,1023
796,1023
797,1023
798,1023
799,1023
800,1023
801,1023
802,1023
803,1023
804,1023
805,1023
806,1023
807,1023
808,1023
809,1023
810,1023
811,1023
812,1023
813,1023
814,1023
815,1023
816,1023
817,1023
818,1023
819,1023
820,1023
821,1023
822,1023
823,1023
824,1023
825,1023
826,1023
827,1023
828,1023
829,1023
830,1023
831,1023
832,1023
833,1023
834,1023
835,1023
836,1023
837,1023
838,1023
839,1023
840,1023
841,1023
842,1023
843,1023
844,1023
845,1023
846,1023
847,1023
848,1023
849,1023
850,1023
851,1023
852,1023
853,1023
854,1023
855,1023
856,1023
857,1023
858,1023
859,1023
860,1023
861,1023
862,1023
863,1023
864,1023
865,1023
866,1023
867,1023
868,1023
869,1023
870,1023
871,1023
872,1023
873,1023
874,1023
875,1023
876,1023
877,1023
878,1023
879,1023
880,1023
881,1023
882,1023
883,1023
884,1023
885,1023
886,1023
887,1023
888,1023
889,1023
890,1023
891,1023
892,1023
893,1023
894,1023
895,1023
896,1023
897,1023
898,1023
899,1023
900,1023
901,1023
902,1023
903,1023
904,1023
905,1023
906,1023
907,1023
908,1023
909,1023
910,1023
911,1023
912,1023
913,1023
914,1023
915,1023
916,1023
917,1023
918,1023
919,1023
920,1023
921,1023
922,1023
923,1023
924,1023
925,1023
926,1023
927,1023
928,1023
929,1023
930,1023
931,1023
932,1023
933,1023
934,1023
935,1023
939,1023
940,1023
941,1023
942,1023
943,1023
944,1023
945,1023
946,1023
947,1023
948,1023
949,1023
950,1023
951,1023
952,1023
953,1023
954,1023
955,1023
956,1023
957,1023
958,1023
959,1023
960,1023
961,1023
962,1023
963,1023
964,1023
965,1023
966,1023
967,1023
968,1023
969,1023
970,1023
971,1023
972,1023
973,1023
974,1023
975,1023
976,1023
977,1023
978,1023
979,1023
980,1023
981,1023
982,1023
983,1023
984,1023
985,1023
986,1023
987,1023
988,1023
989,1023
990,1023
991,1023
992,1023
993,1023
994,1023
995,1023
996,1023
997,1023
998,1023
999,1023
1000,1023
1001,1023
1002,1023
1003,1023
1004,1023
1005,1023
1006,1023
1007,1023
1008,1023
1009,1023
1010,1023
1011,1023
1012,1023
1013,1023
1014,1023
1015,1023
